target,receptor,tag,mode,seed,k,inchikey,score
GBA,wt,wt_s1,detail,1,0,URVMSYHISUZXNH-UYBDAZJANA-N,-8.52
GBA,wt,wt_s1,detail,1,1,KXRPCFINVWWFHQ-UHFFFAOYNA-N,-5.428
GBA,wt,wt_s1,detail,1,2,NICJTSHRYBTHAS-YHMJCDSINA-N,-7.905
GBA,wt,wt_s1,detail,1,3,SWRZVDTZHDWPDS-AWIDAIFANA-N,-9.311
GBA,wt,wt_s1,detail,1,4,RKNSLLSUFWWYCA-UHFFFAOYNA-N,-9.081
GBA,wt,wt_s1,detail,1,5,OZFSIKFTRRUDES-RIYZIHGNNA-N,-6.595
GBA,wt,wt_s1,detail,1,6,AAGGUCRASUJPPN-UHFFFAOYNA-N,-7.443
GBA,wt,wt_s1,detail,1,7,OYHXDPMAFYHDNG-YAQRNVERNA-N,-8.194
GBA,wt,wt_s1,detail,1,8,AWILWAIEQYZUEQ-UHFFFAOYNA-N,-7.505
GBA,wt,wt_s1,detail,1,9,WSFAXHLMQUUHQT-VMPITWQZNA-N,-8.339
GBA,wt,wt_s1,detail,1,10,WPHMTVNOXKBZKN-UHFFFAOYNA-N,-6.672
GBA,wt,wt_s1,detail,1,11,LPEIZNODGHDCCW-UHFFFAOYNA-N,-7.242
GBA,wt,wt_s1,detail,1,12,QQHWWDVSRWOHEP-LILDFLRNNA-N,-8.826
GBA,wt,wt_s1,detail,1,13,UMEVSSPGBFVQNC-UHFFFAOYNA-N,-6.474
GBA,wt,wt_s1,detail,1,14,VZDIOEKWWZRNQN-UHFFFAOYNA-N,-8.907
GBA,wt,wt_s1,detail,1,15,JEVLDOUORFAHRS-NDKGDYFDNA-N,-8.011
GBA,wt,wt_s1,detail,1,16,NFTGJNJRMWUBPG-GPQMBLKYNA-N,-7.455
GBA,wt,wt_s1,detail,1,17,UMUUTEZBWGDVDA-UHFFFAOYNA-N,-8.214
GBA,wt,wt_s1,detail,1,18,VLQKEPLNPGYNDJ-HCKMINDGNA-N,-7.754
GBA,wt,wt_s1,detail,1,19,PPMVTAATPZLMJM-CDDDEJBQNA-N,-8.671
GBA,wt,wt_s1,detail,1,20,AHLYFAKLKLMESK-YAQRNVERNA-N,-7.43
GBA,wt,wt_s1,detail,1,21,GYEJYLAGVWRSIM-KGJHZMDYNA-N,-8.177
GBA,wt,wt_s1,detail,1,22,RXVALSLAUOIYLW-UHFFFAOYNA-N,-7.747
GBA,wt,wt_s1,detail,1,23,NSELYIFATLFDOZ-JLGFQASFNA-N,-8.009
GBA,wt,wt_s1,detail,1,24,COQFBYACOHFCEC-UHFFFAOYNA-N,-7.604
GBA,wt,wt_s1,detail,1,25,CJGJXFCLDYQBFQ-YJGXKCCXNA-N,-8.726
GBA,wt,wt_s1,detail,1,26,BWNGRRJLFYHENY-INIZCTEONA-N,-7.697
GBA,wt,wt_s1,detail,1,27,BNRFXWSJKVJVOF-UYBDAZJANA-N,-8.932
GBA,wt,wt_s1,detail,1,28,DMULMZBZVBBWBY-PJZINPJWNA-N,-8.416
GBA,wt,wt_s1,detail,1,29,AXLAIGJGNKHDPO-UHFFFAOYNA-N,-6.789
GBA,wt,wt_s1,detail,1,30,RKDGAONZEPYEBT-WXRBYKJCNA-N,-7.401
GBA,wt,wt_s1,detail,1,31,MBOYDUZSCSNUQL-MBBDSNKKNA-N,-8.2
GBA,wt,wt_s1,detail,1,32,KPVDBHRTXOFQDK-YAQRNVERNA-N,-7.232
GBA,wt,wt_s1,detail,1,33,LVCNFMYUKISBSB-VJSNTGQMNA-N,-7.637
GBA,wt,wt_s1,detail,1,34,XLAHCIRKLMJUQC-DZQCGVKKNA-N,-8.729
GBA,wt,wt_s1,detail,1,35,QNYHDABGLCBJOE-SHHGZXMVNA-N,-9.317
GBA,wt,wt_s1,detail,1,36,HEKNRISBWSPMOG-OWTLIXCDNA-N,-7.497
GBA,wt,wt_s1,detail,1,37,VIRNXCRLEVZXNX-LILDFLRNNA-N,-10.111
GBA,wt,wt_s1,detail,1,38,SRTGERSEXJGDMR-UHFFFAOYNA-N,-6.64
GBA,wt,wt_s1,detail,1,39,ZGMGSSRLZJYOKH-WXRBYKJCNA-N,-7.642
GBA,wt,wt_s1,detail,1,40,VGYFDFRFGHHCDA-CUTUCBJDNA-N,-9.383
GBA,wt,wt_s1,detail,1,41,DILPMLYWQJPNLO-HCKMINDGNA-N,-8.935
GBA,wt,wt_s1,detail,1,42,RSOODJIGEVJLMK-LQFNOIFHNA-N,-9.133
GBA,wt,wt_s1,detail,1,43,OWHHWMUAYBIQPR-UHFFFAOYNA-N,-8.922
GBA,wt,wt_s1,detail,1,44,KPIKMVZJKZDOFC-UHFFFAOYNA-N,-9.675
GBA,wt,wt_s1,detail,1,45,DIKDKRUREJXLMR-DPMTXJEANA-N,-8.888
GBA,wt,wt_s1,detail,1,46,QRVJDPKQHAVBDK-UYBDAZJANA-N,-8.438
GBA,wt,wt_s1,detail,1,47,SGBSFKSDPWOALT-UYBDAZJANA-N,-8.313
GBA,wt,wt_s1,detail,1,48,CYHFRNFVZWVHCG-OTJKMEOQNA-N,-9.032
GBA,wt,wt_s1,detail,1,49,MJUDQDHXCQONOA-MPIMZMORNA-N,-9.079
GBA,wt,wt_s1,detail,1,50,RNVYRNLUUYNQAS-PKSOQXRJNA-N,-8.075
GBA,wt,wt_s1,detail,1,51,DLZXOZYETDVJEB-QWOVJGMINA-N,-7.791
GBA,wt,wt_s1,detail,1,52,HSICVZRDGBJSEL-GPQMBLKYNA-N,-8.369
GBA,wt,wt_s1,detail,1,53,HMRUHHFLIMYEAF-QNGOCPJXNA-N,-7.818
GBA,wt,wt_s1,detail,1,54,ZZOWQPSBJUXHCA-YSPRVCGUNA-N,-8.753
GBA,wt,wt_s1,detail,1,55,WDDJLHOUFWSQSV-UHFFFAOYNA-N,-9.472
GBA,wt,wt_s1,detail,1,56,UKLIIGXGTPSYBF-IBCWCQIKNA-N,-7.737
GBA,wt,wt_s1,detail,1,57,LNPOBRXJZYGQMS-MOHJPFBDNA-N,-10.06
GBA,wt,wt_s1,detail,1,58,FYILBFPPKIZBTO-UHFFFAOYNA-N,-8.155
GBA,wt,wt_s1,detail,1,59,MIKIJFODTJGFDI-LILDFLRNNA-N,-7.832
GBA,wt,wt_s1,detail,1,60,RUWCNSLWWCWTSU-LILDFLRNNA-N,-10.21
GBA,wt,wt_s1,detail,1,61,KLQWCHKIQJHYIB-UHFFFAOYNA-N,-10.366
GBA,wt,wt_s1,detail,1,62,QKAWGENQCGFAOE-NPVYFSBINA-N,-8.513
GBA,wt,wt_s1,detail,1,63,KGOKCBRZBBEYBE-MMRXBHCZNA-N,-10.707
GBA,wt,wt_s1,detail,1,64,ROFRXCLSWKEWTN-UHFFFAOYNA-N,-8.071
GBA,wt,wt_s1,detail,1,65,AKRMJNKLSCBEME-FPYGCLRLNA-N,-7.273
GBA,wt,wt_s1,detail,1,66,LCGJUJZLLYTYIF-XMFFZCEENA-N,-8.153
GBA,wt,wt_s1,detail,1,67,FREQNFSEYLEFOI-QRCVEOAVNA-N,-8.301
GBA,wt,wt_s1,detail,1,68,MHMINAYLMNBGSM-UHFFFAOYNA-N,-7.748
GBA,wt,wt_s1,detail,1,69,SYMNTBHEGHFZMV-UHFFFAOYNA-N,-8.488
GBA,wt,wt_s1,detail,1,70,NNCRWGMPCGSKOO-LILDFLRNNA-N,-7.531
GBA,wt,wt_s1,detail,1,71,ZCRRNCCNJMRGFI-UHFFFAOYNA-N,-9.517
GBA,wt,wt_s1,detail,1,72,PYVZEIBGEUQNQQ-UHFFFAOYNA-N,-9.336
GBA,wt,wt_s1,detail,1,73,OROJQWVRCGJACT-XBTAAFKLNA-N,-10.211
GBA,wt,wt_s1,detail,1,74,TXYUWXKCUDOUGU-JLGFQASFNA-N,-7.35
GBA,wt,wt_s1,detail,1,75,LAZANALODSEDSE-UHFFFAOYNA-N,-8.825
GBA,wt,wt_s1,detail,1,76,RJXCYVJLXGRCHK-UHFFFAOYNA-N,-10.454
GBA,wt,wt_s1,detail,1,77,FUSKIBWHJAWEFI-IEJAXPBYNA-N,-8.568
GBA,wt,wt_s1,detail,1,78,SGWVLOCBQLQWQV-UHFFFAOYNA-N,-9.359
GBA,wt,wt_s1,detail,1,79,PPXRQTYXLZCDAZ-QWOVJGMINA-N,-9.308
GBA,wt,wt_s1,detail,1,80,DIFBADFWLVYFHV-LELJVTLKNA-N,-9.683
GBA,wt,wt_s1,detail,1,81,XREOSEVJCQGCHE-MHPMNMKGNA-N,-10.083
GBA,wt,wt_s1,detail,1,82,ZHGPKHBXSKWZEQ-UHFFFAOYNA-N,-9.002
GBA,wt,wt_s1,detail,1,83,ZFAYPJJNPSNAFK-UHFFFAOYNA-N,-9.843
GBA,wt,wt_s1,detail,1,84,LTXMRAGWIDQTQT-MYUTVWBTNA-N,-10.485
GBA,wt,wt_s1,detail,1,85,VXQHYHSSGLOALC-SPEPDGBUNA-N,-10.962
GBA,wt,wt_s1,detail,1,86,KWDSFRAWCISROF-PJQSKVNONA-N,-10.065
GBA,wt,wt_s1,detail,1,87,ZJZXSQPHUQUHIV-ZGZFQTMPNA-N,-10.374
GBA,wt,wt_s1,detail,1,88,UYHIVPBYFWVWEJ-UHFFFAOYNA-N,-11.066
GBA,wt,wt_s1,detail,1,89,PLEFJSUCKRWHBY-LNNLXFCONA-N,-9.059
GBA,wt,wt_s1,detail,1,90,DNSRQCRQLKJUCC-PDJAEHLQNA-N,-9.177
GBA,wt,wt_s1,detail,1,91,PHYKZCBUNVYJNH-YDBXFXKPNA-N,-7.919
GBA,wt,wt_s1,detail,1,92,OOUHZBUAVKCDGA-UHFFFAOYNA-N,-10.121
GBA,wt,wt_s1,detail,1,93,UUQDFZFJDFMLHW-UHFFFAOYNA-N,-8.875
GBA,wt,wt_s1,detail,1,94,OOUDDHNLDLLUOL-SKKVRFOWNA-N,-9.82
GBA,wt,wt_s1,detail,1,95,ZDMQSUAMTLXUTE-MPIMZMORNA-N,-10.197
GBA,wt,wt_s1,detail,1,96,NMPLPABDEKPABN-UHFFFAOYNA-N,-9.256
GBA,wt,wt_s1,detail,1,97,INZRHGSVWGRHBM-NPVYFSBINA-N,-10.015
GBA,wt,wt_s1,detail,1,98,RVGCWMKVTAEQIH-LNNLXFCONA-N,-9.579
GBA,wt,wt_s1,detail,1,99,VRXWKRQOVMZBAF-LJQANCHMNA-N,-9.7
GBA,wt,wt_s1,detail,1,100,QACLWOIBBYOHQP-UYBDAZJANA-N,-8.75
GBA,wt,wt_s1,detail,1,101,ZNXSZVFPCBIELQ-LNNLXFCONA-N,-8.404
GBA,wt,wt_s1,detail,1,102,GKMWCCNMKRSQHR-VEKUMTKDNA-N,-9.55
GBA,wt,wt_s1,detail,1,103,FFGUSRSMWFYKGK-SKKVRFOWNA-N,-9.623
GBA,wt,wt_s1,detail,1,104,KXBDDGKXLZBLOM-SPEPDGBUNA-N,-9.698
GBA,wt,wt_s1,detail,1,105,MIUWULAZCXYTJW-MSHHZIMBNA-N,-9.69
GBA,wt,wt_s1,detail,1,106,JPZOYWVRFLZCIC-NJNXFGOHNA-N,-10.55
GBA,wt,wt_s1,detail,1,107,FAIQTLBYDVKBAB-DVIAZDKANA-N,-9.33
GBA,wt,wt_s1,detail,1,108,APFLRZZAOXCNAZ-UHFFFAOYNA-N,-7.748
GBA,wt,wt_s1,detail,1,109,BSQLDSQTGOZBFD-UHFFFAOYNA-N,-9.457
GBA,wt,wt_s1,detail,1,110,ZVVCFJXCDATSCC-UHFFFAOYNA-N,-8.662
GBA,wt,wt_s1,detail,1,111,SKEQTXZATFWVMB-UYBDAZJANA-N,-7.969
GBA,wt,wt_s1,detail,1,112,IATWYRHDJKMBQK-MPIMZMORNA-N,-7.995
GBA,wt,wt_s1,detail,1,113,JPWOEQDCUZCWKT-MPIMZMORNA-N,-7.757
GBA,wt,wt_s1,detail,1,114,RYHSAXRBHDHPPK-PKSOQXRJNA-N,-8.25
GBA,wt,wt_s1,detail,1,115,GKKJWUFVZJJFPG-MPIMZMORNA-N,-9.666
GBA,wt,wt_s1,detail,1,116,FDNZXFDUCINVLY-BDGWVKIONA-N,-8.323
GBA,wt,wt_s1,detail,1,117,KTBYKHKWIFIFAK-UHFFFAOYNA-N,-10.552
GBA,wt,wt_s1,detail,1,118,ZRXZEWGUECXTTQ-LQFNOIFHNA-N,-9.466
GBA,wt,wt_s1,detail,1,119,XNACBBGLIAJNJM-PECIQRARNA-N,-9.222
GBA,wt,wt_s1,detail,1,120,WQZYYJRVBIQUGH-YWZOXAELNA-N,-7.72
GBA,wt,wt_s1,detail,1,121,ABMSRNRLDZVJFV-SWUIVHNENA-N,-9.369
GBA,wt,wt_s1,detail,1,122,ZEACBIUBSOLEGW-QAITUMOCNA-N,-11.23
GBA,wt,wt_s1,detail,1,123,UBFCDXVLKFOOGL-OKPOJWAQNA-N,-9.487
GBA,wt,wt_s1,detail,1,124,RRIHVAFUFDANEX-NSJMMFDCNA-N,-10.106
GBA,wt,wt_s1,detail,1,125,HASIAUWPWKTSBW-SREBMQDQNA-N,-9.175
GBA,wt,wt_s1,detail,1,126,WHBCKYHTCHCHAY-LQFNOIFHNA-N,-10.393
GBA,wt,wt_s1,detail,1,127,XMAYWYJOQHXEEK-JYFHCDHNNA-N,-9.619
GBA,wt,wt_s1,detail,1,128,TVKCFCZANTZCSU-OYRHEFFENA-N,-10.394
GBA,wt,wt_s1,detail,1,129,OJFIIUWPOHBVMH-LNNLXFCONA-N,-9.022
GBA,wt,wt_s1,detail,1,130,DKLZMGFTGWKNCD-DIRLUKLVNA-N,-10.172
GBA,wt,wt_s1,detail,1,131,PYSLGWZFRQWTDD-PWIKPTQSNA-N,-9.209
GBA,wt,wt_s1,detail,1,132,MWMBIUUYBQWKJX-QTUCRYGENA-N,-9.605
GBA,wt,wt_s1,detail,1,133,FLYQFCXTEFTSQN-UHFFFAOYNA-N,-9.176
GBA,wt,wt_s1,detail,1,134,PBIBDSDWIMZYDT-WBWGZOKWNA-N,-9.6
GBA,wt,wt_s1,detail,1,135,GSRWMFGBDLHGBU-YEFLILRRNA-N,-9.469
GBA,wt,wt_s1,detail,1,136,AYIJJQHMZAEQKE-QDAGQJSJNA-N,-9.775
GBA,wt,wt_s1,detail,1,137,JVWTZUKPDMRNDC-FSAKADSPNA-N,-10.905
GBA,wt,wt_s1,detail,1,138,XAZPLOLSRXZDBO-LBZABMTDNA-N,-8.624
GBA,wt,wt_s1,detail,1,139,RGWVFJBNHCWCTL-CFEGKOCINA-N,-9.562
GBA,wt,wt_s1,detail,1,140,YYWNRQZCPIMCAK-UHFFFAOYNA-N,-9.142
GBA,wt,wt_s1,detail,1,141,PBTZDKNKXRSZPM-XBXBPLPCNA-N,-10.466
GBA,wt,wt_s1,detail,1,142,QQPOIMHFFPBDQM-LELJVTLKNA-N,-8.944
GBA,wt,wt_s1,detail,1,143,NYFQURFFDGCBCB-MAQJPOOANA-N,-8.683
GBA,wt,wt_s1,detail,1,144,HXZVHWHABLBWBS-MTTPVDACNA-N,-11.837
GBA,wt,wt_s1,detail,1,145,IWYYSOJWYLZKLK-LELJVTLKNA-N,-9.038
GBA,wt,wt_s1,detail,1,146,HOGUCNPGZXMBGW-UHFFFAOYNA-N,-10.546
GBA,wt,wt_s1,detail,1,147,VITUDJAVASFPKN-DUFUIDNCNA-N,-9.586
GBA,wt,wt_s1,detail,1,148,IXAHDCRYEUYPBG-SCXYCHFONA-N,-11.72
GBA,wt,wt_s1,detail,1,149,JWHMEKMLAZQDNS-OZMOGHDGNA-N,-8.617
GBA,wt,wt_s1,detail,1,150,BZWNBTIJLRHNDZ-LBOYIXSDNA-N,-9.929
GBA,wt,wt_s1,detail,1,151,RECYROBESYRUML-UHFFFAOYNA-N,-10.41
GBA,wt,wt_s1,detail,1,152,MLDSJJJLQRZNKW-UHBIVWOUNA-N,-10.208
GBA,wt,wt_s1,detail,1,153,XTWIHJARHCYNFX-PHXLCVRDNA-N,-9.467
GBA,wt,wt_s1,detail,1,154,UQGFETVWTRDGKJ-UHFFFAOYNA-N,-9.058
GBA,wt,wt_s1,detail,1,155,VJFSMDWEMFOWDK-CYSPOYASNA-N,-8.502
GBA,wt,wt_s1,detail,1,156,NZYLXYBIWNIAGH-CYSPOYASNA-N,-9.698
GBA,wt,wt_s1,detail,1,157,ODXCWFOKLBJQNP-MPIMZMORNA-N,-8.592
GBA,wt,wt_s1,detail,1,158,FVDNMAPPDSKXKQ-UHFFFAOYNA-N,-10.942
GBA,wt,wt_s1,detail,1,159,DOPWMPRIRWTOOD-CCHPKIMANA-N,-9.348
GBA,wt,wt_s2,detail,2,0,URVMSYHISUZXNH-UYBDAZJANA-N,-8.542
GBA,wt,wt_s2,detail,2,1,KXRPCFINVWWFHQ-UHFFFAOYNA-N,-5.218
GBA,wt,wt_s2,detail,2,2,NICJTSHRYBTHAS-YHMJCDSINA-N,-8.205
GBA,wt,wt_s2,detail,2,3,SWRZVDTZHDWPDS-AWIDAIFANA-N,-8.962
GBA,wt,wt_s2,detail,2,4,RKNSLLSUFWWYCA-UHFFFAOYNA-N,-9.097
GBA,wt,wt_s2,detail,2,5,OZFSIKFTRRUDES-RIYZIHGNNA-N,-6.62
GBA,wt,wt_s2,detail,2,6,AAGGUCRASUJPPN-UHFFFAOYNA-N,-7.701
GBA,wt,wt_s2,detail,2,7,OYHXDPMAFYHDNG-YAQRNVERNA-N,-8.283
GBA,wt,wt_s2,detail,2,8,AWILWAIEQYZUEQ-UHFFFAOYNA-N,-7.315
GBA,wt,wt_s2,detail,2,9,WSFAXHLMQUUHQT-VMPITWQZNA-N,-8.403
GBA,wt,wt_s2,detail,2,10,WPHMTVNOXKBZKN-UHFFFAOYNA-N,-6.838
GBA,wt,wt_s2,detail,2,11,LPEIZNODGHDCCW-UHFFFAOYNA-N,-6.654
GBA,wt,wt_s2,detail,2,12,QQHWWDVSRWOHEP-LILDFLRNNA-N,-8.803
GBA,wt,wt_s2,detail,2,13,UMEVSSPGBFVQNC-UHFFFAOYNA-N,-6.465
GBA,wt,wt_s2,detail,2,14,VZDIOEKWWZRNQN-UHFFFAOYNA-N,-8.566
GBA,wt,wt_s2,detail,2,15,JEVLDOUORFAHRS-NDKGDYFDNA-N,-7.999
GBA,wt,wt_s2,detail,2,16,NFTGJNJRMWUBPG-GPQMBLKYNA-N,-7.398
GBA,wt,wt_s2,detail,2,17,UMUUTEZBWGDVDA-UHFFFAOYNA-N,-8.193
GBA,wt,wt_s2,detail,2,18,VLQKEPLNPGYNDJ-HCKMINDGNA-N,-8.495
GBA,wt,wt_s2,detail,2,19,PPMVTAATPZLMJM-CDDDEJBQNA-N,-8.671
GBA,wt,wt_s2,detail,2,20,AHLYFAKLKLMESK-YAQRNVERNA-N,-7.236
GBA,wt,wt_s2,detail,2,21,GYEJYLAGVWRSIM-KGJHZMDYNA-N,-8.211
GBA,wt,wt_s2,detail,2,22,RXVALSLAUOIYLW-UHFFFAOYNA-N,-7.663
GBA,wt,wt_s2,detail,2,23,NSELYIFATLFDOZ-JLGFQASFNA-N,-8.131
GBA,wt,wt_s2,detail,2,24,COQFBYACOHFCEC-UHFFFAOYNA-N,-7.714
GBA,wt,wt_s2,detail,2,25,CJGJXFCLDYQBFQ-YJGXKCCXNA-N,-8.713
GBA,wt,wt_s2,detail,2,26,BWNGRRJLFYHENY-INIZCTEONA-N,-7.77
GBA,wt,wt_s2,detail,2,27,BNRFXWSJKVJVOF-UYBDAZJANA-N,-8.938
GBA,wt,wt_s2,detail,2,28,DMULMZBZVBBWBY-PJZINPJWNA-N,-8.512
GBA,wt,wt_s2,detail,2,29,AXLAIGJGNKHDPO-UHFFFAOYNA-N,-6.826
GBA,wt,wt_s2,detail,2,30,RKDGAONZEPYEBT-WXRBYKJCNA-N,-7.381
GBA,wt,wt_s2,detail,2,31,MBOYDUZSCSNUQL-MBBDSNKKNA-N,-8.185
GBA,wt,wt_s2,detail,2,32,KPVDBHRTXOFQDK-YAQRNVERNA-N,-7.127
GBA,wt,wt_s2,detail,2,33,LVCNFMYUKISBSB-VJSNTGQMNA-N,-7.802
GBA,wt,wt_s2,detail,2,34,XLAHCIRKLMJUQC-DZQCGVKKNA-N,-8.762
GBA,wt,wt_s2,detail,2,35,QNYHDABGLCBJOE-SHHGZXMVNA-N,-9.232
GBA,wt,wt_s2,detail,2,36,HEKNRISBWSPMOG-OWTLIXCDNA-N,-7.53
GBA,wt,wt_s2,detail,2,37,VIRNXCRLEVZXNX-LILDFLRNNA-N,-10.087
GBA,wt,wt_s2,detail,2,38,SRTGERSEXJGDMR-UHFFFAOYNA-N,-7.421
GBA,wt,wt_s2,detail,2,39,ZGMGSSRLZJYOKH-WXRBYKJCNA-N,-7.538
GBA,wt,wt_s2,detail,2,40,VGYFDFRFGHHCDA-CUTUCBJDNA-N,-9.376
GBA,wt,wt_s2,detail,2,41,DILPMLYWQJPNLO-HCKMINDGNA-N,-8.995
GBA,wt,wt_s2,detail,2,42,RSOODJIGEVJLMK-LQFNOIFHNA-N,-9.144
GBA,wt,wt_s2,detail,2,43,OWHHWMUAYBIQPR-UHFFFAOYNA-N,-9.166
GBA,wt,wt_s2,detail,2,44,KPIKMVZJKZDOFC-UHFFFAOYNA-N,-9.697
GBA,wt,wt_s2,detail,2,45,DIKDKRUREJXLMR-DPMTXJEANA-N,-9.298
GBA,wt,wt_s2,detail,2,46,QRVJDPKQHAVBDK-UYBDAZJANA-N,-8.593
GBA,wt,wt_s2,detail,2,47,SGBSFKSDPWOALT-UYBDAZJANA-N,-8.538
GBA,wt,wt_s2,detail,2,48,CYHFRNFVZWVHCG-OTJKMEOQNA-N,-8.851
GBA,wt,wt_s2,detail,2,49,MJUDQDHXCQONOA-MPIMZMORNA-N,-9.066
GBA,wt,wt_s2,detail,2,50,RNVYRNLUUYNQAS-PKSOQXRJNA-N,-7.835
GBA,wt,wt_s2,detail,2,51,DLZXOZYETDVJEB-QWOVJGMINA-N,-7.753
GBA,wt,wt_s2,detail,2,52,HSICVZRDGBJSEL-GPQMBLKYNA-N,-8.345
GBA,wt,wt_s2,detail,2,53,HMRUHHFLIMYEAF-QNGOCPJXNA-N,-7.854
GBA,wt,wt_s2,detail,2,54,ZZOWQPSBJUXHCA-YSPRVCGUNA-N,-8.875
GBA,wt,wt_s2,detail,2,55,WDDJLHOUFWSQSV-UHFFFAOYNA-N,-9.511
GBA,wt,wt_s2,detail,2,56,UKLIIGXGTPSYBF-IBCWCQIKNA-N,-7.818
GBA,wt,wt_s2,detail,2,57,LNPOBRXJZYGQMS-MOHJPFBDNA-N,-10.121
GBA,wt,wt_s2,detail,2,58,FYILBFPPKIZBTO-UHFFFAOYNA-N,-8.046
GBA,wt,wt_s2,detail,2,59,MIKIJFODTJGFDI-LILDFLRNNA-N,-8.079
GBA,wt,wt_s2,detail,2,60,RUWCNSLWWCWTSU-LILDFLRNNA-N,-10.308
GBA,wt,wt_s2,detail,2,61,KLQWCHKIQJHYIB-UHFFFAOYNA-N,-10.344
GBA,wt,wt_s2,detail,2,62,QKAWGENQCGFAOE-NPVYFSBINA-N,-8.429
GBA,wt,wt_s2,detail,2,63,KGOKCBRZBBEYBE-MMRXBHCZNA-N,-10.714
GBA,wt,wt_s2,detail,2,64,ROFRXCLSWKEWTN-UHFFFAOYNA-N,-8.114
GBA,wt,wt_s2,detail,2,65,AKRMJNKLSCBEME-FPYGCLRLNA-N,-7.571
GBA,wt,wt_s2,detail,2,66,LCGJUJZLLYTYIF-XMFFZCEENA-N,-8.031
GBA,wt,wt_s2,detail,2,67,FREQNFSEYLEFOI-QRCVEOAVNA-N,-8.19
GBA,wt,wt_s2,detail,2,68,MHMINAYLMNBGSM-UHFFFAOYNA-N,-7.76
GBA,wt,wt_s2,detail,2,69,SYMNTBHEGHFZMV-UHFFFAOYNA-N,-8.184
GBA,wt,wt_s2,detail,2,70,NNCRWGMPCGSKOO-LILDFLRNNA-N,-7.891
GBA,wt,wt_s2,detail,2,71,ZCRRNCCNJMRGFI-UHFFFAOYNA-N,-9.68
GBA,wt,wt_s2,detail,2,72,PYVZEIBGEUQNQQ-UHFFFAOYNA-N,-9.343
GBA,wt,wt_s2,detail,2,73,OROJQWVRCGJACT-XBTAAFKLNA-N,-10.19
GBA,wt,wt_s2,detail,2,74,TXYUWXKCUDOUGU-JLGFQASFNA-N,-7.561
GBA,wt,wt_s2,detail,2,75,LAZANALODSEDSE-UHFFFAOYNA-N,-8.764
GBA,wt,wt_s2,detail,2,76,RJXCYVJLXGRCHK-UHFFFAOYNA-N,-10.499
GBA,wt,wt_s2,detail,2,77,FUSKIBWHJAWEFI-IEJAXPBYNA-N,-8.553
GBA,wt,wt_s2,detail,2,78,SGWVLOCBQLQWQV-UHFFFAOYNA-N,-9.213
GBA,wt,wt_s2,detail,2,79,PPXRQTYXLZCDAZ-QWOVJGMINA-N,-9.284
GBA,wt,wt_s2,detail,2,80,DIFBADFWLVYFHV-LELJVTLKNA-N,-9.841
GBA,wt,wt_s2,detail,2,81,XREOSEVJCQGCHE-MHPMNMKGNA-N,-10.141
GBA,wt,wt_s2,detail,2,82,ZHGPKHBXSKWZEQ-UHFFFAOYNA-N,-9.115
GBA,wt,wt_s2,detail,2,83,ZFAYPJJNPSNAFK-UHFFFAOYNA-N,-9.743
GBA,wt,wt_s2,detail,2,84,LTXMRAGWIDQTQT-MYUTVWBTNA-N,-10.477
GBA,wt,wt_s2,detail,2,85,VXQHYHSSGLOALC-SPEPDGBUNA-N,-10.946
GBA,wt,wt_s2,detail,2,86,KWDSFRAWCISROF-PJQSKVNONA-N,-9.593
GBA,wt,wt_s2,detail,2,87,ZJZXSQPHUQUHIV-ZGZFQTMPNA-N,-10.225
GBA,wt,wt_s2,detail,2,88,UYHIVPBYFWVWEJ-UHFFFAOYNA-N,-11.105
GBA,wt,wt_s2,detail,2,89,PLEFJSUCKRWHBY-LNNLXFCONA-N,-9.015
GBA,wt,wt_s2,detail,2,90,DNSRQCRQLKJUCC-PDJAEHLQNA-N,-9.379
GBA,wt,wt_s2,detail,2,91,PHYKZCBUNVYJNH-YDBXFXKPNA-N,-8.034
GBA,wt,wt_s2,detail,2,92,OOUHZBUAVKCDGA-UHFFFAOYNA-N,-10.085
GBA,wt,wt_s2,detail,2,93,UUQDFZFJDFMLHW-UHFFFAOYNA-N,-8.76
GBA,wt,wt_s2,detail,2,94,OOUDDHNLDLLUOL-SKKVRFOWNA-N,-9.659
GBA,wt,wt_s2,detail,2,95,ZDMQSUAMTLXUTE-MPIMZMORNA-N,-10.106
GBA,wt,wt_s2,detail,2,96,NMPLPABDEKPABN-UHFFFAOYNA-N,-8.933
GBA,wt,wt_s2,detail,2,97,INZRHGSVWGRHBM-NPVYFSBINA-N,-10.264
GBA,wt,wt_s2,detail,2,98,RVGCWMKVTAEQIH-LNNLXFCONA-N,-10.145
GBA,wt,wt_s2,detail,2,99,VRXWKRQOVMZBAF-LJQANCHMNA-N,-9.697
GBA,wt,wt_s2,detail,2,100,QACLWOIBBYOHQP-UYBDAZJANA-N,-8.593
GBA,wt,wt_s2,detail,2,101,ZNXSZVFPCBIELQ-LNNLXFCONA-N,-9.134
GBA,wt,wt_s2,detail,2,102,GKMWCCNMKRSQHR-VEKUMTKDNA-N,-9.561
GBA,wt,wt_s2,detail,2,103,FFGUSRSMWFYKGK-SKKVRFOWNA-N,-9.605
GBA,wt,wt_s2,detail,2,104,KXBDDGKXLZBLOM-SPEPDGBUNA-N,-9.821
GBA,wt,wt_s2,detail,2,105,MIUWULAZCXYTJW-MSHHZIMBNA-N,-9.631
GBA,wt,wt_s2,detail,2,106,JPZOYWVRFLZCIC-NJNXFGOHNA-N,-10.57
GBA,wt,wt_s2,detail,2,107,FAIQTLBYDVKBAB-DVIAZDKANA-N,-9.63
GBA,wt,wt_s2,detail,2,108,APFLRZZAOXCNAZ-UHFFFAOYNA-N,-8.052
GBA,wt,wt_s2,detail,2,109,BSQLDSQTGOZBFD-UHFFFAOYNA-N,-9.435
GBA,wt,wt_s2,detail,2,110,ZVVCFJXCDATSCC-UHFFFAOYNA-N,-8.862
GBA,wt,wt_s2,detail,2,111,SKEQTXZATFWVMB-UYBDAZJANA-N,-7.859
GBA,wt,wt_s2,detail,2,112,IATWYRHDJKMBQK-MPIMZMORNA-N,-8.566
GBA,wt,wt_s2,detail,2,113,JPWOEQDCUZCWKT-MPIMZMORNA-N,-7.871
GBA,wt,wt_s2,detail,2,114,RYHSAXRBHDHPPK-PKSOQXRJNA-N,-8.727
GBA,wt,wt_s2,detail,2,115,GKKJWUFVZJJFPG-MPIMZMORNA-N,-9.405
GBA,wt,wt_s2,detail,2,116,FDNZXFDUCINVLY-BDGWVKIONA-N,-8.543
GBA,wt,wt_s2,detail,2,117,KTBYKHKWIFIFAK-UHFFFAOYNA-N,-10.606
GBA,wt,wt_s2,detail,2,118,ZRXZEWGUECXTTQ-LQFNOIFHNA-N,-10.469
GBA,wt,wt_s2,detail,2,119,XNACBBGLIAJNJM-PECIQRARNA-N,-9.057
GBA,wt,wt_s2,detail,2,120,WQZYYJRVBIQUGH-YWZOXAELNA-N,-7.169
GBA,wt,wt_s2,detail,2,121,ABMSRNRLDZVJFV-SWUIVHNENA-N,-9.433
GBA,wt,wt_s2,detail,2,122,ZEACBIUBSOLEGW-QAITUMOCNA-N,-11.344
GBA,wt,wt_s2,detail,2,123,UBFCDXVLKFOOGL-OKPOJWAQNA-N,-8.615
GBA,wt,wt_s2,detail,2,124,RRIHVAFUFDANEX-NSJMMFDCNA-N,-9.807
GBA,wt,wt_s2,detail,2,125,HASIAUWPWKTSBW-SREBMQDQNA-N,-8.844
GBA,wt,wt_s2,detail,2,126,WHBCKYHTCHCHAY-LQFNOIFHNA-N,-10.545
GBA,wt,wt_s2,detail,2,127,XMAYWYJOQHXEEK-JYFHCDHNNA-N,-9.297
GBA,wt,wt_s2,detail,2,128,TVKCFCZANTZCSU-OYRHEFFENA-N,-10.434
GBA,wt,wt_s2,detail,2,129,OJFIIUWPOHBVMH-LNNLXFCONA-N,-9.148
GBA,wt,wt_s2,detail,2,130,DKLZMGFTGWKNCD-DIRLUKLVNA-N,-10.59
GBA,wt,wt_s2,detail,2,131,PYSLGWZFRQWTDD-PWIKPTQSNA-N,-9.371
GBA,wt,wt_s2,detail,2,132,MWMBIUUYBQWKJX-QTUCRYGENA-N,-9.347
GBA,wt,wt_s2,detail,2,133,FLYQFCXTEFTSQN-UHFFFAOYNA-N,-9.67
GBA,wt,wt_s2,detail,2,134,PBIBDSDWIMZYDT-WBWGZOKWNA-N,-9.751
GBA,wt,wt_s2,detail,2,135,GSRWMFGBDLHGBU-YEFLILRRNA-N,-8.119
GBA,wt,wt_s2,detail,2,136,AYIJJQHMZAEQKE-QDAGQJSJNA-N,-10.185
GBA,wt,wt_s2,detail,2,137,JVWTZUKPDMRNDC-FSAKADSPNA-N,-10.542
GBA,wt,wt_s2,detail,2,138,XAZPLOLSRXZDBO-LBZABMTDNA-N,-9.295
GBA,wt,wt_s2,detail,2,139,RGWVFJBNHCWCTL-CFEGKOCINA-N,-9.609
GBA,wt,wt_s2,detail,2,140,YYWNRQZCPIMCAK-UHFFFAOYNA-N,-8.414
GBA,wt,wt_s2,detail,2,141,PBTZDKNKXRSZPM-XBXBPLPCNA-N,-10.828
GBA,wt,wt_s2,detail,2,142,QQPOIMHFFPBDQM-LELJVTLKNA-N,-8.899
GBA,wt,wt_s2,detail,2,143,NYFQURFFDGCBCB-MAQJPOOANA-N,-8.515
GBA,wt,wt_s2,detail,2,144,HXZVHWHABLBWBS-MTTPVDACNA-N,-11.822
GBA,wt,wt_s2,detail,2,145,IWYYSOJWYLZKLK-LELJVTLKNA-N,-8.844
GBA,wt,wt_s2,detail,2,146,HOGUCNPGZXMBGW-UHFFFAOYNA-N,-10.471
GBA,wt,wt_s2,detail,2,147,VITUDJAVASFPKN-DUFUIDNCNA-N,-9.615
GBA,wt,wt_s2,detail,2,148,IXAHDCRYEUYPBG-SCXYCHFONA-N,-11.515
GBA,wt,wt_s2,detail,2,149,JWHMEKMLAZQDNS-OZMOGHDGNA-N,-8.661
GBA,wt,wt_s2,detail,2,150,BZWNBTIJLRHNDZ-LBOYIXSDNA-N,-9.89
GBA,wt,wt_s2,detail,2,151,RECYROBESYRUML-UHFFFAOYNA-N,-10.5
GBA,wt,wt_s2,detail,2,152,MLDSJJJLQRZNKW-UHBIVWOUNA-N,-10.227
GBA,wt,wt_s2,detail,2,153,XTWIHJARHCYNFX-PHXLCVRDNA-N,-9.643
GBA,wt,wt_s2,detail,2,154,UQGFETVWTRDGKJ-UHFFFAOYNA-N,-8.983
GBA,wt,wt_s2,detail,2,155,VJFSMDWEMFOWDK-CYSPOYASNA-N,-8.55
GBA,wt,wt_s2,detail,2,156,NZYLXYBIWNIAGH-CYSPOYASNA-N,-9.872
GBA,wt,wt_s2,detail,2,157,ODXCWFOKLBJQNP-MPIMZMORNA-N,-8.25
GBA,wt,wt_s2,detail,2,158,FVDNMAPPDSKXKQ-UHFFFAOYNA-N,-10.939
GBA,wt,wt_s2,detail,2,159,DOPWMPRIRWTOOD-CCHPKIMANA-N,-9.484
GBA,wt,wt_s3,detail,3,0,URVMSYHISUZXNH-UYBDAZJANA-N,-8.533
GBA,wt,wt_s3,detail,3,1,KXRPCFINVWWFHQ-UHFFFAOYNA-N,-5.086
GBA,wt,wt_s3,detail,3,2,NICJTSHRYBTHAS-YHMJCDSINA-N,-8.172
GBA,wt,wt_s3,detail,3,3,SWRZVDTZHDWPDS-AWIDAIFANA-N,-8.936
GBA,wt,wt_s3,detail,3,4,RKNSLLSUFWWYCA-UHFFFAOYNA-N,-9.109
GBA,wt,wt_s3,detail,3,5,OZFSIKFTRRUDES-RIYZIHGNNA-N,-6.6
GBA,wt,wt_s3,detail,3,6,AAGGUCRASUJPPN-UHFFFAOYNA-N,-7.45
GBA,wt,wt_s3,detail,3,7,OYHXDPMAFYHDNG-YAQRNVERNA-N,-8.348
GBA,wt,wt_s3,detail,3,8,AWILWAIEQYZUEQ-UHFFFAOYNA-N,-7.164
GBA,wt,wt_s3,detail,3,9,WSFAXHLMQUUHQT-VMPITWQZNA-N,-8.353
GBA,wt,wt_s3,detail,3,10,WPHMTVNOXKBZKN-UHFFFAOYNA-N,-6.84
GBA,wt,wt_s3,detail,3,11,LPEIZNODGHDCCW-UHFFFAOYNA-N,-7.218
GBA,wt,wt_s3,detail,3,12,QQHWWDVSRWOHEP-LILDFLRNNA-N,-8.783
GBA,wt,wt_s3,detail,3,13,UMEVSSPGBFVQNC-UHFFFAOYNA-N,-6.475
GBA,wt,wt_s3,detail,3,14,VZDIOEKWWZRNQN-UHFFFAOYNA-N,-8.496
GBA,wt,wt_s3,detail,3,15,JEVLDOUORFAHRS-NDKGDYFDNA-N,-8.054
GBA,wt,wt_s3,detail,3,16,NFTGJNJRMWUBPG-GPQMBLKYNA-N,-7.687
GBA,wt,wt_s3,detail,3,17,UMUUTEZBWGDVDA-UHFFFAOYNA-N,-8.188
GBA,wt,wt_s3,detail,3,18,VLQKEPLNPGYNDJ-HCKMINDGNA-N,-7.78
GBA,wt,wt_s3,detail,3,19,PPMVTAATPZLMJM-CDDDEJBQNA-N,-8.532
GBA,wt,wt_s3,detail,3,20,AHLYFAKLKLMESK-YAQRNVERNA-N,-7.209
GBA,wt,wt_s3,detail,3,21,GYEJYLAGVWRSIM-KGJHZMDYNA-N,-8.202
GBA,wt,wt_s3,detail,3,22,RXVALSLAUOIYLW-UHFFFAOYNA-N,-7.142
GBA,wt,wt_s3,detail,3,23,NSELYIFATLFDOZ-JLGFQASFNA-N,-8.101
GBA,wt,wt_s3,detail,3,24,COQFBYACOHFCEC-UHFFFAOYNA-N,-7.936
GBA,wt,wt_s3,detail,3,25,CJGJXFCLDYQBFQ-YJGXKCCXNA-N,-8.479
GBA,wt,wt_s3,detail,3,26,BWNGRRJLFYHENY-INIZCTEONA-N,-7.701
GBA,wt,wt_s3,detail,3,27,BNRFXWSJKVJVOF-UYBDAZJANA-N,-8.777
GBA,wt,wt_s3,detail,3,28,DMULMZBZVBBWBY-PJZINPJWNA-N,-8.61
GBA,wt,wt_s3,detail,3,29,AXLAIGJGNKHDPO-UHFFFAOYNA-N,-6.927
GBA,wt,wt_s3,detail,3,30,RKDGAONZEPYEBT-WXRBYKJCNA-N,-7.374
GBA,wt,wt_s3,detail,3,31,MBOYDUZSCSNUQL-MBBDSNKKNA-N,-8.225
GBA,wt,wt_s3,detail,3,32,KPVDBHRTXOFQDK-YAQRNVERNA-N,-6.659
GBA,wt,wt_s3,detail,3,33,LVCNFMYUKISBSB-VJSNTGQMNA-N,-7.61
GBA,wt,wt_s3,detail,3,34,XLAHCIRKLMJUQC-DZQCGVKKNA-N,-8.822
GBA,wt,wt_s3,detail,3,35,QNYHDABGLCBJOE-SHHGZXMVNA-N,-9.006
GBA,wt,wt_s3,detail,3,36,HEKNRISBWSPMOG-OWTLIXCDNA-N,-7.511
GBA,wt,wt_s3,detail,3,37,VIRNXCRLEVZXNX-LILDFLRNNA-N,-10.087
GBA,wt,wt_s3,detail,3,38,SRTGERSEXJGDMR-UHFFFAOYNA-N,-7.334
GBA,wt,wt_s3,detail,3,39,ZGMGSSRLZJYOKH-WXRBYKJCNA-N,-7.535
GBA,wt,wt_s3,detail,3,40,VGYFDFRFGHHCDA-CUTUCBJDNA-N,-9.115
GBA,wt,wt_s3,detail,3,41,DILPMLYWQJPNLO-HCKMINDGNA-N,-8.916
GBA,wt,wt_s3,detail,3,42,RSOODJIGEVJLMK-LQFNOIFHNA-N,-9.14
GBA,wt,wt_s3,detail,3,43,OWHHWMUAYBIQPR-UHFFFAOYNA-N,-9.198
GBA,wt,wt_s3,detail,3,44,KPIKMVZJKZDOFC-UHFFFAOYNA-N,-9.672
GBA,wt,wt_s3,detail,3,45,DIKDKRUREJXLMR-DPMTXJEANA-N,-9.372
GBA,wt,wt_s3,detail,3,46,QRVJDPKQHAVBDK-UYBDAZJANA-N,-7.921
GBA,wt,wt_s3,detail,3,47,SGBSFKSDPWOALT-UYBDAZJANA-N,-8.248
GBA,wt,wt_s3,detail,3,48,CYHFRNFVZWVHCG-OTJKMEOQNA-N,-8.521
GBA,wt,wt_s3,detail,3,49,MJUDQDHXCQONOA-MPIMZMORNA-N,-9.079
GBA,wt,wt_s3,detail,3,50,RNVYRNLUUYNQAS-PKSOQXRJNA-N,-8.225
GBA,wt,wt_s3,detail,3,51,DLZXOZYETDVJEB-QWOVJGMINA-N,-7.28
GBA,wt,wt_s3,detail,3,52,HSICVZRDGBJSEL-GPQMBLKYNA-N,-8.382
GBA,wt,wt_s3,detail,3,53,HMRUHHFLIMYEAF-QNGOCPJXNA-N,-8.043
GBA,wt,wt_s3,detail,3,54,ZZOWQPSBJUXHCA-YSPRVCGUNA-N,-9.011
GBA,wt,wt_s3,detail,3,55,WDDJLHOUFWSQSV-UHFFFAOYNA-N,-9.517
GBA,wt,wt_s3,detail,3,56,UKLIIGXGTPSYBF-IBCWCQIKNA-N,-7.83
GBA,wt,wt_s3,detail,3,57,LNPOBRXJZYGQMS-MOHJPFBDNA-N,-9.311
GBA,wt,wt_s3,detail,3,58,FYILBFPPKIZBTO-UHFFFAOYNA-N,-8.098
GBA,wt,wt_s3,detail,3,59,MIKIJFODTJGFDI-LILDFLRNNA-N,-8.262
GBA,wt,wt_s3,detail,3,60,RUWCNSLWWCWTSU-LILDFLRNNA-N,-10.1
GBA,wt,wt_s3,detail,3,61,KLQWCHKIQJHYIB-UHFFFAOYNA-N,-10.304
GBA,wt,wt_s3,detail,3,62,QKAWGENQCGFAOE-NPVYFSBINA-N,-8.258
GBA,wt,wt_s3,detail,3,63,KGOKCBRZBBEYBE-MMRXBHCZNA-N,-10.728
GBA,wt,wt_s3,detail,3,64,ROFRXCLSWKEWTN-UHFFFAOYNA-N,-8.03
GBA,wt,wt_s3,detail,3,65,AKRMJNKLSCBEME-FPYGCLRLNA-N,-7.441
GBA,wt,wt_s3,detail,3,66,LCGJUJZLLYTYIF-XMFFZCEENA-N,-8.097
GBA,wt,wt_s3,detail,3,67,FREQNFSEYLEFOI-QRCVEOAVNA-N,-8.271
GBA,wt,wt_s3,detail,3,68,MHMINAYLMNBGSM-UHFFFAOYNA-N,-7.812
GBA,wt,wt_s3,detail,3,69,SYMNTBHEGHFZMV-UHFFFAOYNA-N,-8.033
GBA,wt,wt_s3,detail,3,70,NNCRWGMPCGSKOO-LILDFLRNNA-N,-7.617
GBA,wt,wt_s3,detail,3,71,ZCRRNCCNJMRGFI-UHFFFAOYNA-N,-9.268
GBA,wt,wt_s3,detail,3,72,PYVZEIBGEUQNQQ-UHFFFAOYNA-N,-9.398
GBA,wt,wt_s3,detail,3,73,OROJQWVRCGJACT-XBTAAFKLNA-N,-10.195
GBA,wt,wt_s3,detail,3,74,TXYUWXKCUDOUGU-JLGFQASFNA-N,-7.797
GBA,wt,wt_s3,detail,3,75,LAZANALODSEDSE-UHFFFAOYNA-N,-8.778
GBA,wt,wt_s3,detail,3,76,RJXCYVJLXGRCHK-UHFFFAOYNA-N,-10.485
GBA,wt,wt_s3,detail,3,77,FUSKIBWHJAWEFI-IEJAXPBYNA-N,-8.295
GBA,wt,wt_s3,detail,3,78,SGWVLOCBQLQWQV-UHFFFAOYNA-N,-9.348
GBA,wt,wt_s3,detail,3,79,PPXRQTYXLZCDAZ-QWOVJGMINA-N,-9.322
GBA,wt,wt_s3,detail,3,80,DIFBADFWLVYFHV-LELJVTLKNA-N,-9.686
GBA,wt,wt_s3,detail,3,81,XREOSEVJCQGCHE-MHPMNMKGNA-N,-10.031
GBA,wt,wt_s3,detail,3,82,ZHGPKHBXSKWZEQ-UHFFFAOYNA-N,-9.084
GBA,wt,wt_s3,detail,3,83,ZFAYPJJNPSNAFK-UHFFFAOYNA-N,-9.535
GBA,wt,wt_s3,detail,3,84,LTXMRAGWIDQTQT-MYUTVWBTNA-N,-10.429
GBA,wt,wt_s3,detail,3,85,VXQHYHSSGLOALC-SPEPDGBUNA-N,-10.949
GBA,wt,wt_s3,detail,3,86,KWDSFRAWCISROF-PJQSKVNONA-N,-10.191
GBA,wt,wt_s3,detail,3,87,ZJZXSQPHUQUHIV-ZGZFQTMPNA-N,-10.373
GBA,wt,wt_s3,detail,3,88,UYHIVPBYFWVWEJ-UHFFFAOYNA-N,-11.113
GBA,wt,wt_s3,detail,3,89,PLEFJSUCKRWHBY-LNNLXFCONA-N,-8.839
GBA,wt,wt_s3,detail,3,90,DNSRQCRQLKJUCC-PDJAEHLQNA-N,-9.096
GBA,wt,wt_s3,detail,3,91,PHYKZCBUNVYJNH-YDBXFXKPNA-N,-7.248
GBA,wt,wt_s3,detail,3,92,OOUHZBUAVKCDGA-UHFFFAOYNA-N,-9.741
GBA,wt,wt_s3,detail,3,93,UUQDFZFJDFMLHW-UHFFFAOYNA-N,-8.166
GBA,wt,wt_s3,detail,3,94,OOUDDHNLDLLUOL-SKKVRFOWNA-N,-9.826
GBA,wt,wt_s3,detail,3,95,ZDMQSUAMTLXUTE-MPIMZMORNA-N,-10.013
GBA,wt,wt_s3,detail,3,96,NMPLPABDEKPABN-UHFFFAOYNA-N,-8.784
GBA,wt,wt_s3,detail,3,97,INZRHGSVWGRHBM-NPVYFSBINA-N,-10.229
GBA,wt,wt_s3,detail,3,98,RVGCWMKVTAEQIH-LNNLXFCONA-N,-8.587
GBA,wt,wt_s3,detail,3,99,VRXWKRQOVMZBAF-LJQANCHMNA-N,-9.77
GBA,wt,wt_s3,detail,3,100,QACLWOIBBYOHQP-UYBDAZJANA-N,-8.616
GBA,wt,wt_s3,detail,3,101,ZNXSZVFPCBIELQ-LNNLXFCONA-N,-8.395
GBA,wt,wt_s3,detail,3,102,GKMWCCNMKRSQHR-VEKUMTKDNA-N,-9.157
GBA,wt,wt_s3,detail,3,103,FFGUSRSMWFYKGK-SKKVRFOWNA-N,-9.806
GBA,wt,wt_s3,detail,3,104,KXBDDGKXLZBLOM-SPEPDGBUNA-N,-9.917
GBA,wt,wt_s3,detail,3,105,MIUWULAZCXYTJW-MSHHZIMBNA-N,-9.627
GBA,wt,wt_s3,detail,3,106,JPZOYWVRFLZCIC-NJNXFGOHNA-N,-10.537
GBA,wt,wt_s3,detail,3,107,FAIQTLBYDVKBAB-DVIAZDKANA-N,-9.501
GBA,wt,wt_s3,detail,3,108,APFLRZZAOXCNAZ-UHFFFAOYNA-N,-8.01
GBA,wt,wt_s3,detail,3,109,BSQLDSQTGOZBFD-UHFFFAOYNA-N,-9.357
GBA,wt,wt_s3,detail,3,110,ZVVCFJXCDATSCC-UHFFFAOYNA-N,-9.169
GBA,wt,wt_s3,detail,3,111,SKEQTXZATFWVMB-UYBDAZJANA-N,-8.009
GBA,wt,wt_s3,detail,3,112,IATWYRHDJKMBQK-MPIMZMORNA-N,-8.18
GBA,wt,wt_s3,detail,3,113,JPWOEQDCUZCWKT-MPIMZMORNA-N,-8.002
GBA,wt,wt_s3,detail,3,114,RYHSAXRBHDHPPK-PKSOQXRJNA-N,-8.612
GBA,wt,wt_s3,detail,3,115,GKKJWUFVZJJFPG-MPIMZMORNA-N,-9.333
GBA,wt,wt_s3,detail,3,116,FDNZXFDUCINVLY-BDGWVKIONA-N,-8.632
GBA,wt,wt_s3,detail,3,117,KTBYKHKWIFIFAK-UHFFFAOYNA-N,-10.508
GBA,wt,wt_s3,detail,3,118,ZRXZEWGUECXTTQ-LQFNOIFHNA-N,-9.545
GBA,wt,wt_s3,detail,3,119,XNACBBGLIAJNJM-PECIQRARNA-N,-8.916
GBA,wt,wt_s3,detail,3,120,WQZYYJRVBIQUGH-YWZOXAELNA-N,-7.194
GBA,wt,wt_s3,detail,3,121,ABMSRNRLDZVJFV-SWUIVHNENA-N,-9.201
GBA,wt,wt_s3,detail,3,122,ZEACBIUBSOLEGW-QAITUMOCNA-N,-11.216
GBA,wt,wt_s3,detail,3,123,UBFCDXVLKFOOGL-OKPOJWAQNA-N,-8.935
GBA,wt,wt_s3,detail,3,124,RRIHVAFUFDANEX-NSJMMFDCNA-N,-10.175
GBA,wt,wt_s3,detail,3,125,HASIAUWPWKTSBW-SREBMQDQNA-N,-8.662
GBA,wt,wt_s3,detail,3,126,WHBCKYHTCHCHAY-LQFNOIFHNA-N,-10.566
GBA,wt,wt_s3,detail,3,127,XMAYWYJOQHXEEK-JYFHCDHNNA-N,-9.595
GBA,wt,wt_s3,detail,3,128,TVKCFCZANTZCSU-OYRHEFFENA-N,-10.502
GBA,wt,wt_s3,detail,3,129,OJFIIUWPOHBVMH-LNNLXFCONA-N,-9.1
GBA,wt,wt_s3,detail,3,130,DKLZMGFTGWKNCD-DIRLUKLVNA-N,-10.258
GBA,wt,wt_s3,detail,3,131,PYSLGWZFRQWTDD-PWIKPTQSNA-N,-9.061
GBA,wt,wt_s3,detail,3,132,MWMBIUUYBQWKJX-QTUCRYGENA-N,-9.352
GBA,wt,wt_s3,detail,3,133,FLYQFCXTEFTSQN-UHFFFAOYNA-N,-8.747
GBA,wt,wt_s3,detail,3,134,PBIBDSDWIMZYDT-WBWGZOKWNA-N,-9.417
GBA,wt,wt_s3,detail,3,135,GSRWMFGBDLHGBU-YEFLILRRNA-N,-8.334
GBA,wt,wt_s3,detail,3,136,AYIJJQHMZAEQKE-QDAGQJSJNA-N,-9.882
GBA,wt,wt_s3,detail,3,137,JVWTZUKPDMRNDC-FSAKADSPNA-N,-10.399
GBA,wt,wt_s3,detail,3,138,XAZPLOLSRXZDBO-LBZABMTDNA-N,-9.023
GBA,wt,wt_s3,detail,3,139,RGWVFJBNHCWCTL-CFEGKOCINA-N,-9.513
GBA,wt,wt_s3,detail,3,140,YYWNRQZCPIMCAK-UHFFFAOYNA-N,-8.925
GBA,wt,wt_s3,detail,3,141,PBTZDKNKXRSZPM-XBXBPLPCNA-N,-10.492
GBA,wt,wt_s3,detail,3,142,QQPOIMHFFPBDQM-LELJVTLKNA-N,-8.989
GBA,wt,wt_s3,detail,3,143,NYFQURFFDGCBCB-MAQJPOOANA-N,-8.361
GBA,wt,wt_s3,detail,3,144,HXZVHWHABLBWBS-MTTPVDACNA-N,-11.911
GBA,wt,wt_s3,detail,3,145,IWYYSOJWYLZKLK-LELJVTLKNA-N,-8.286
GBA,wt,wt_s3,detail,3,146,HOGUCNPGZXMBGW-UHFFFAOYNA-N,-10.661
GBA,wt,wt_s3,detail,3,147,VITUDJAVASFPKN-DUFUIDNCNA-N,-9.568
GBA,wt,wt_s3,detail,3,148,IXAHDCRYEUYPBG-SCXYCHFONA-N,-11.812
GBA,wt,wt_s3,detail,3,149,JWHMEKMLAZQDNS-OZMOGHDGNA-N,-8.483
GBA,wt,wt_s3,detail,3,150,BZWNBTIJLRHNDZ-LBOYIXSDNA-N,-9.606
GBA,wt,wt_s3,detail,3,151,RECYROBESYRUML-UHFFFAOYNA-N,-10.408
GBA,wt,wt_s3,detail,3,152,MLDSJJJLQRZNKW-UHBIVWOUNA-N,-9.529
GBA,wt,wt_s3,detail,3,153,XTWIHJARHCYNFX-PHXLCVRDNA-N,-9.441
GBA,wt,wt_s3,detail,3,154,UQGFETVWTRDGKJ-UHFFFAOYNA-N,-8.99
GBA,wt,wt_s3,detail,3,155,VJFSMDWEMFOWDK-CYSPOYASNA-N,-8.611
GBA,wt,wt_s3,detail,3,156,NZYLXYBIWNIAGH-CYSPOYASNA-N,-9.804
GBA,wt,wt_s3,detail,3,157,ODXCWFOKLBJQNP-MPIMZMORNA-N,-8.869
GBA,wt,wt_s3,detail,3,158,FVDNMAPPDSKXKQ-UHFFFAOYNA-N,-10.912
GBA,wt,wt_s3,detail,3,159,DOPWMPRIRWTOOD-CCHPKIMANA-N,-9.563
GBA,c_GLU339,mut_s1,detail,1,0,URVMSYHISUZXNH-UYBDAZJANA-N,-8.381
GBA,c_GLU339,mut_s1,detail,1,1,KXRPCFINVWWFHQ-UHFFFAOYNA-N,-5.427
GBA,c_GLU339,mut_s1,detail,1,2,NICJTSHRYBTHAS-YHMJCDSINA-N,-7.742
GBA,c_GLU339,mut_s1,detail,1,3,SWRZVDTZHDWPDS-AWIDAIFANA-N,-9.16
GBA,c_GLU339,mut_s1,detail,1,4,RKNSLLSUFWWYCA-UHFFFAOYNA-N,-9.273
GBA,c_GLU339,mut_s1,detail,1,5,OZFSIKFTRRUDES-RIYZIHGNNA-N,-6.844
GBA,c_GLU339,mut_s1,detail,1,6,AAGGUCRASUJPPN-UHFFFAOYNA-N,-7.956
GBA,c_GLU339,mut_s1,detail,1,7,OYHXDPMAFYHDNG-YAQRNVERNA-N,-8.134
GBA,c_GLU339,mut_s1,detail,1,8,AWILWAIEQYZUEQ-UHFFFAOYNA-N,-7.746
GBA,c_GLU339,mut_s1,detail,1,9,WSFAXHLMQUUHQT-VMPITWQZNA-N,-8.331
GBA,c_GLU339,mut_s1,detail,1,10,WPHMTVNOXKBZKN-UHFFFAOYNA-N,-6.889
GBA,c_GLU339,mut_s1,detail,1,11,LPEIZNODGHDCCW-UHFFFAOYNA-N,-6.641
GBA,c_GLU339,mut_s1,detail,1,12,QQHWWDVSRWOHEP-LILDFLRNNA-N,-8.808
GBA,c_GLU339,mut_s1,detail,1,13,UMEVSSPGBFVQNC-UHFFFAOYNA-N,-6.656
GBA,c_GLU339,mut_s1,detail,1,14,VZDIOEKWWZRNQN-UHFFFAOYNA-N,-8.397
GBA,c_GLU339,mut_s1,detail,1,15,JEVLDOUORFAHRS-NDKGDYFDNA-N,-8.574
GBA,c_GLU339,mut_s1,detail,1,16,NFTGJNJRMWUBPG-GPQMBLKYNA-N,-7.67
GBA,c_GLU339,mut_s1,detail,1,17,UMUUTEZBWGDVDA-UHFFFAOYNA-N,-8.521
GBA,c_GLU339,mut_s1,detail,1,18,VLQKEPLNPGYNDJ-HCKMINDGNA-N,-7.741
GBA,c_GLU339,mut_s1,detail,1,19,PPMVTAATPZLMJM-CDDDEJBQNA-N,-8.799
GBA,c_GLU339,mut_s1,detail,1,20,AHLYFAKLKLMESK-YAQRNVERNA-N,-7.252
GBA,c_GLU339,mut_s1,detail,1,21,GYEJYLAGVWRSIM-KGJHZMDYNA-N,-7.899
GBA,c_GLU339,mut_s1,detail,1,22,RXVALSLAUOIYLW-UHFFFAOYNA-N,-7.059
GBA,c_GLU339,mut_s1,detail,1,23,NSELYIFATLFDOZ-JLGFQASFNA-N,-8.348
GBA,c_GLU339,mut_s1,detail,1,24,COQFBYACOHFCEC-UHFFFAOYNA-N,-7.767
GBA,c_GLU339,mut_s1,detail,1,25,CJGJXFCLDYQBFQ-YJGXKCCXNA-N,-8.527
GBA,c_GLU339,mut_s1,detail,1,26,BWNGRRJLFYHENY-INIZCTEONA-N,-8.12
GBA,c_GLU339,mut_s1,detail,1,27,BNRFXWSJKVJVOF-UYBDAZJANA-N,-8.775
GBA,c_GLU339,mut_s1,detail,1,28,DMULMZBZVBBWBY-PJZINPJWNA-N,-8.927
GBA,c_GLU339,mut_s1,detail,1,29,AXLAIGJGNKHDPO-UHFFFAOYNA-N,-6.8
GBA,c_GLU339,mut_s1,detail,1,30,RKDGAONZEPYEBT-WXRBYKJCNA-N,-7.178
GBA,c_GLU339,mut_s1,detail,1,31,MBOYDUZSCSNUQL-MBBDSNKKNA-N,-7.911
GBA,c_GLU339,mut_s1,detail,1,32,KPVDBHRTXOFQDK-YAQRNVERNA-N,-7.177
GBA,c_GLU339,mut_s1,detail,1,33,LVCNFMYUKISBSB-VJSNTGQMNA-N,-7.777
GBA,c_GLU339,mut_s1,detail,1,34,XLAHCIRKLMJUQC-DZQCGVKKNA-N,-8.552
GBA,c_GLU339,mut_s1,detail,1,35,QNYHDABGLCBJOE-SHHGZXMVNA-N,-9.414
GBA,c_GLU339,mut_s1,detail,1,36,HEKNRISBWSPMOG-OWTLIXCDNA-N,-7.499
GBA,c_GLU339,mut_s1,detail,1,37,VIRNXCRLEVZXNX-LILDFLRNNA-N,-9.874
GBA,c_GLU339,mut_s1,detail,1,38,SRTGERSEXJGDMR-UHFFFAOYNA-N,-6.666
GBA,c_GLU339,mut_s1,detail,1,39,ZGMGSSRLZJYOKH-WXRBYKJCNA-N,-7.421
GBA,c_GLU339,mut_s1,detail,1,40,VGYFDFRFGHHCDA-CUTUCBJDNA-N,-9.204
GBA,c_GLU339,mut_s1,detail,1,41,DILPMLYWQJPNLO-HCKMINDGNA-N,-8.669
GBA,c_GLU339,mut_s1,detail,1,42,RSOODJIGEVJLMK-LQFNOIFHNA-N,-9.123
GBA,c_GLU339,mut_s1,detail,1,43,OWHHWMUAYBIQPR-UHFFFAOYNA-N,-9.045
GBA,c_GLU339,mut_s1,detail,1,44,KPIKMVZJKZDOFC-UHFFFAOYNA-N,-9.222
GBA,c_GLU339,mut_s1,detail,1,45,DIKDKRUREJXLMR-DPMTXJEANA-N,-8.982
GBA,c_GLU339,mut_s1,detail,1,46,QRVJDPKQHAVBDK-UYBDAZJANA-N,-8.281
GBA,c_GLU339,mut_s1,detail,1,47,SGBSFKSDPWOALT-UYBDAZJANA-N,-8.614
GBA,c_GLU339,mut_s1,detail,1,48,CYHFRNFVZWVHCG-OTJKMEOQNA-N,-8.671
GBA,c_GLU339,mut_s1,detail,1,49,MJUDQDHXCQONOA-MPIMZMORNA-N,-8.849
GBA,c_GLU339,mut_s1,detail,1,50,RNVYRNLUUYNQAS-PKSOQXRJNA-N,-8.563
GBA,c_GLU339,mut_s1,detail,1,51,DLZXOZYETDVJEB-QWOVJGMINA-N,-7.442
GBA,c_GLU339,mut_s1,detail,1,52,HSICVZRDGBJSEL-GPQMBLKYNA-N,-8.54
GBA,c_GLU339,mut_s1,detail,1,53,HMRUHHFLIMYEAF-QNGOCPJXNA-N,-8.198
GBA,c_GLU339,mut_s1,detail,1,54,ZZOWQPSBJUXHCA-YSPRVCGUNA-N,-8.812
GBA,c_GLU339,mut_s1,detail,1,55,WDDJLHOUFWSQSV-UHFFFAOYNA-N,-9.284
GBA,c_GLU339,mut_s1,detail,1,56,UKLIIGXGTPSYBF-IBCWCQIKNA-N,-8.503
GBA,c_GLU339,mut_s1,detail,1,57,LNPOBRXJZYGQMS-MOHJPFBDNA-N,-9.708
GBA,c_GLU339,mut_s1,detail,1,58,FYILBFPPKIZBTO-UHFFFAOYNA-N,-8.235
GBA,c_GLU339,mut_s1,detail,1,59,MIKIJFODTJGFDI-LILDFLRNNA-N,-8.267
GBA,c_GLU339,mut_s1,detail,1,60,RUWCNSLWWCWTSU-LILDFLRNNA-N,-9.778
GBA,c_GLU339,mut_s1,detail,1,61,KLQWCHKIQJHYIB-UHFFFAOYNA-N,-10.007
GBA,c_GLU339,mut_s1,detail,1,62,QKAWGENQCGFAOE-NPVYFSBINA-N,-8.591
GBA,c_GLU339,mut_s1,detail,1,63,KGOKCBRZBBEYBE-MMRXBHCZNA-N,-10.368
GBA,c_GLU339,mut_s1,detail,1,64,ROFRXCLSWKEWTN-UHFFFAOYNA-N,-8.139
GBA,c_GLU339,mut_s1,detail,1,65,AKRMJNKLSCBEME-FPYGCLRLNA-N,-8.083
GBA,c_GLU339,mut_s1,detail,1,66,LCGJUJZLLYTYIF-XMFFZCEENA-N,-8.775
GBA,c_GLU339,mut_s1,detail,1,67,FREQNFSEYLEFOI-QRCVEOAVNA-N,-8.45
GBA,c_GLU339,mut_s1,detail,1,68,MHMINAYLMNBGSM-UHFFFAOYNA-N,-7.808
GBA,c_GLU339,mut_s1,detail,1,69,SYMNTBHEGHFZMV-UHFFFAOYNA-N,-8.371
GBA,c_GLU339,mut_s1,detail,1,70,NNCRWGMPCGSKOO-LILDFLRNNA-N,-8.203
GBA,c_GLU339,mut_s1,detail,1,71,ZCRRNCCNJMRGFI-UHFFFAOYNA-N,-9.559
GBA,c_GLU339,mut_s1,detail,1,72,PYVZEIBGEUQNQQ-UHFFFAOYNA-N,-9.054
GBA,c_GLU339,mut_s1,detail,1,73,OROJQWVRCGJACT-XBTAAFKLNA-N,-10.129
GBA,c_GLU339,mut_s1,detail,1,74,TXYUWXKCUDOUGU-JLGFQASFNA-N,-8.022
GBA,c_GLU339,mut_s1,detail,1,75,LAZANALODSEDSE-UHFFFAOYNA-N,-8.545
GBA,c_GLU339,mut_s1,detail,1,76,RJXCYVJLXGRCHK-UHFFFAOYNA-N,-10.128
GBA,c_GLU339,mut_s1,detail,1,77,FUSKIBWHJAWEFI-IEJAXPBYNA-N,-8.468
GBA,c_GLU339,mut_s1,detail,1,78,SGWVLOCBQLQWQV-UHFFFAOYNA-N,-8.936
GBA,c_GLU339,mut_s1,detail,1,79,PPXRQTYXLZCDAZ-QWOVJGMINA-N,-9.222
GBA,c_GLU339,mut_s1,detail,1,80,DIFBADFWLVYFHV-LELJVTLKNA-N,-9.792
GBA,c_GLU339,mut_s1,detail,1,81,XREOSEVJCQGCHE-MHPMNMKGNA-N,-10.04
GBA,c_GLU339,mut_s1,detail,1,82,ZHGPKHBXSKWZEQ-UHFFFAOYNA-N,-8.94
GBA,c_GLU339,mut_s1,detail,1,83,ZFAYPJJNPSNAFK-UHFFFAOYNA-N,-9.145
GBA,c_GLU339,mut_s1,detail,1,84,LTXMRAGWIDQTQT-MYUTVWBTNA-N,-10.486
GBA,c_GLU339,mut_s1,detail,1,85,VXQHYHSSGLOALC-SPEPDGBUNA-N,-11.092
GBA,c_GLU339,mut_s1,detail,1,86,KWDSFRAWCISROF-PJQSKVNONA-N,-9.937
GBA,c_GLU339,mut_s1,detail,1,87,ZJZXSQPHUQUHIV-ZGZFQTMPNA-N,-9.99
GBA,c_GLU339,mut_s1,detail,1,88,UYHIVPBYFWVWEJ-UHFFFAOYNA-N,-10.928
GBA,c_GLU339,mut_s1,detail,1,89,PLEFJSUCKRWHBY-LNNLXFCONA-N,-9.336
GBA,c_GLU339,mut_s1,detail,1,90,DNSRQCRQLKJUCC-PDJAEHLQNA-N,-9.305
GBA,c_GLU339,mut_s1,detail,1,91,PHYKZCBUNVYJNH-YDBXFXKPNA-N,-7.801
GBA,c_GLU339,mut_s1,detail,1,92,OOUHZBUAVKCDGA-UHFFFAOYNA-N,-9.78
GBA,c_GLU339,mut_s1,detail,1,93,UUQDFZFJDFMLHW-UHFFFAOYNA-N,-8.452
GBA,c_GLU339,mut_s1,detail,1,94,OOUDDHNLDLLUOL-SKKVRFOWNA-N,-9.794
GBA,c_GLU339,mut_s1,detail,1,95,ZDMQSUAMTLXUTE-MPIMZMORNA-N,-9.838
GBA,c_GLU339,mut_s1,detail,1,96,NMPLPABDEKPABN-UHFFFAOYNA-N,-9.282
GBA,c_GLU339,mut_s1,detail,1,97,INZRHGSVWGRHBM-NPVYFSBINA-N,-10.345
GBA,c_GLU339,mut_s1,detail,1,98,RVGCWMKVTAEQIH-LNNLXFCONA-N,-9.423
GBA,c_GLU339,mut_s1,detail,1,99,VRXWKRQOVMZBAF-LJQANCHMNA-N,-9.581
GBA,c_GLU339,mut_s1,detail,1,100,QACLWOIBBYOHQP-UYBDAZJANA-N,-8.805
GBA,c_GLU339,mut_s1,detail,1,101,ZNXSZVFPCBIELQ-LNNLXFCONA-N,-8.564
GBA,c_GLU339,mut_s1,detail,1,102,GKMWCCNMKRSQHR-VEKUMTKDNA-N,-9.217
GBA,c_GLU339,mut_s1,detail,1,103,FFGUSRSMWFYKGK-SKKVRFOWNA-N,-9.425
GBA,c_GLU339,mut_s1,detail,1,104,KXBDDGKXLZBLOM-SPEPDGBUNA-N,-9.542
GBA,c_GLU339,mut_s1,detail,1,105,MIUWULAZCXYTJW-MSHHZIMBNA-N,-9.815
GBA,c_GLU339,mut_s1,detail,1,106,JPZOYWVRFLZCIC-NJNXFGOHNA-N,-10.721
GBA,c_GLU339,mut_s1,detail,1,107,FAIQTLBYDVKBAB-DVIAZDKANA-N,-9.537
GBA,c_GLU339,mut_s1,detail,1,108,APFLRZZAOXCNAZ-UHFFFAOYNA-N,-7.675
GBA,c_GLU339,mut_s1,detail,1,109,BSQLDSQTGOZBFD-UHFFFAOYNA-N,-9.52
GBA,c_GLU339,mut_s1,detail,1,110,ZVVCFJXCDATSCC-UHFFFAOYNA-N,-8.385
GBA,c_GLU339,mut_s1,detail,1,111,SKEQTXZATFWVMB-UYBDAZJANA-N,-8.437
GBA,c_GLU339,mut_s1,detail,1,112,IATWYRHDJKMBQK-MPIMZMORNA-N,-8.08
GBA,c_GLU339,mut_s1,detail,1,113,JPWOEQDCUZCWKT-MPIMZMORNA-N,-7.591
GBA,c_GLU339,mut_s1,detail,1,114,RYHSAXRBHDHPPK-PKSOQXRJNA-N,-8.68
GBA,c_GLU339,mut_s1,detail,1,115,GKKJWUFVZJJFPG-MPIMZMORNA-N,-9.541
GBA,c_GLU339,mut_s1,detail,1,116,FDNZXFDUCINVLY-BDGWVKIONA-N,-8.715
GBA,c_GLU339,mut_s1,detail,1,117,KTBYKHKWIFIFAK-UHFFFAOYNA-N,-10.926
GBA,c_GLU339,mut_s1,detail,1,118,ZRXZEWGUECXTTQ-LQFNOIFHNA-N,-9.293
GBA,c_GLU339,mut_s1,detail,1,119,XNACBBGLIAJNJM-PECIQRARNA-N,-8.859
GBA,c_GLU339,mut_s1,detail,1,120,WQZYYJRVBIQUGH-YWZOXAELNA-N,-7.281
GBA,c_GLU339,mut_s1,detail,1,121,ABMSRNRLDZVJFV-SWUIVHNENA-N,-9.197
GBA,c_GLU339,mut_s1,detail,1,122,ZEACBIUBSOLEGW-QAITUMOCNA-N,-11.412
GBA,c_GLU339,mut_s1,detail,1,123,UBFCDXVLKFOOGL-OKPOJWAQNA-N,-9.738
GBA,c_GLU339,mut_s1,detail,1,124,RRIHVAFUFDANEX-NSJMMFDCNA-N,-9.87
GBA,c_GLU339,mut_s1,detail,1,125,HASIAUWPWKTSBW-SREBMQDQNA-N,-8.588
GBA,c_GLU339,mut_s1,detail,1,126,WHBCKYHTCHCHAY-LQFNOIFHNA-N,-10.618
GBA,c_GLU339,mut_s1,detail,1,127,XMAYWYJOQHXEEK-JYFHCDHNNA-N,-9.628
GBA,c_GLU339,mut_s1,detail,1,128,TVKCFCZANTZCSU-OYRHEFFENA-N,-11.126
GBA,c_GLU339,mut_s1,detail,1,129,OJFIIUWPOHBVMH-LNNLXFCONA-N,-8.934
GBA,c_GLU339,mut_s1,detail,1,130,DKLZMGFTGWKNCD-DIRLUKLVNA-N,-10.132
GBA,c_GLU339,mut_s1,detail,1,131,PYSLGWZFRQWTDD-PWIKPTQSNA-N,-10.544
GBA,c_GLU339,mut_s1,detail,1,132,MWMBIUUYBQWKJX-QTUCRYGENA-N,-9.418
GBA,c_GLU339,mut_s1,detail,1,133,FLYQFCXTEFTSQN-UHFFFAOYNA-N,-9.458
GBA,c_GLU339,mut_s1,detail,1,134,PBIBDSDWIMZYDT-WBWGZOKWNA-N,-9.386
GBA,c_GLU339,mut_s1,detail,1,135,GSRWMFGBDLHGBU-YEFLILRRNA-N,-8.835
GBA,c_GLU339,mut_s1,detail,1,136,AYIJJQHMZAEQKE-QDAGQJSJNA-N,-10.218
GBA,c_GLU339,mut_s1,detail,1,137,JVWTZUKPDMRNDC-FSAKADSPNA-N,-10.529
GBA,c_GLU339,mut_s1,detail,1,138,XAZPLOLSRXZDBO-LBZABMTDNA-N,-9.101
GBA,c_GLU339,mut_s1,detail,1,139,RGWVFJBNHCWCTL-CFEGKOCINA-N,-9.366
GBA,c_GLU339,mut_s1,detail,1,140,YYWNRQZCPIMCAK-UHFFFAOYNA-N,-9.302
GBA,c_GLU339,mut_s1,detail,1,141,PBTZDKNKXRSZPM-XBXBPLPCNA-N,-10.382
GBA,c_GLU339,mut_s1,detail,1,142,QQPOIMHFFPBDQM-LELJVTLKNA-N,-8.842
GBA,c_GLU339,mut_s1,detail,1,143,NYFQURFFDGCBCB-MAQJPOOANA-N,-8.291
GBA,c_GLU339,mut_s1,detail,1,144,HXZVHWHABLBWBS-MTTPVDACNA-N,-11.79
GBA,c_GLU339,mut_s1,detail,1,145,IWYYSOJWYLZKLK-LELJVTLKNA-N,-8.624
GBA,c_GLU339,mut_s1,detail,1,146,HOGUCNPGZXMBGW-UHFFFAOYNA-N,-10.665
GBA,c_GLU339,mut_s1,detail,1,147,VITUDJAVASFPKN-DUFUIDNCNA-N,-9.435
GBA,c_GLU339,mut_s1,detail,1,148,IXAHDCRYEUYPBG-SCXYCHFONA-N,-11.115
GBA,c_GLU339,mut_s1,detail,1,149,JWHMEKMLAZQDNS-OZMOGHDGNA-N,-8.981
GBA,c_GLU339,mut_s1,detail,1,150,BZWNBTIJLRHNDZ-LBOYIXSDNA-N,-9.865
GBA,c_GLU339,mut_s1,detail,1,151,RECYROBESYRUML-UHFFFAOYNA-N,-10.296
GBA,c_GLU339,mut_s1,detail,1,152,MLDSJJJLQRZNKW-UHBIVWOUNA-N,-9.385
GBA,c_GLU339,mut_s1,detail,1,153,XTWIHJARHCYNFX-PHXLCVRDNA-N,-8.636
GBA,c_GLU339,mut_s1,detail,1,154,UQGFETVWTRDGKJ-UHFFFAOYNA-N,-8.355
GBA,c_GLU339,mut_s1,detail,1,155,VJFSMDWEMFOWDK-CYSPOYASNA-N,-9.803
GBA,c_GLU339,mut_s1,detail,1,156,NZYLXYBIWNIAGH-CYSPOYASNA-N,-10.39
GBA,c_GLU339,mut_s1,detail,1,157,ODXCWFOKLBJQNP-MPIMZMORNA-N,-9.235
GBA,c_GLU339,mut_s1,detail,1,158,FVDNMAPPDSKXKQ-UHFFFAOYNA-N,-10.97
GBA,c_GLU339,mut_s1,detail,1,159,DOPWMPRIRWTOOD-CCHPKIMANA-N,-9.308
GBA,c_GLU234,mut_s1,detail,1,0,URVMSYHISUZXNH-UYBDAZJANA-N,-8.494
GBA,c_GLU234,mut_s1,detail,1,1,KXRPCFINVWWFHQ-UHFFFAOYNA-N,-5.432
GBA,c_GLU234,mut_s1,detail,1,2,NICJTSHRYBTHAS-YHMJCDSINA-N,-7.67
GBA,c_GLU234,mut_s1,detail,1,3,SWRZVDTZHDWPDS-AWIDAIFANA-N,-8.916
GBA,c_GLU234,mut_s1,detail,1,4,RKNSLLSUFWWYCA-UHFFFAOYNA-N,-8.863
GBA,c_GLU234,mut_s1,detail,1,5,OZFSIKFTRRUDES-RIYZIHGNNA-N,-7.135
GBA,c_GLU234,mut_s1,detail,1,6,AAGGUCRASUJPPN-UHFFFAOYNA-N,-8.008
GBA,c_GLU234,mut_s1,detail,1,7,OYHXDPMAFYHDNG-YAQRNVERNA-N,-7.915
GBA,c_GLU234,mut_s1,detail,1,8,AWILWAIEQYZUEQ-UHFFFAOYNA-N,-7.259
GBA,c_GLU234,mut_s1,detail,1,9,WSFAXHLMQUUHQT-VMPITWQZNA-N,-8.167
GBA,c_GLU234,mut_s1,detail,1,10,WPHMTVNOXKBZKN-UHFFFAOYNA-N,-7.074
GBA,c_GLU234,mut_s1,detail,1,11,LPEIZNODGHDCCW-UHFFFAOYNA-N,-7.284
GBA,c_GLU234,mut_s1,detail,1,12,QQHWWDVSRWOHEP-LILDFLRNNA-N,-8.762
GBA,c_GLU234,mut_s1,detail,1,13,UMEVSSPGBFVQNC-UHFFFAOYNA-N,-6.331
GBA,c_GLU234,mut_s1,detail,1,14,VZDIOEKWWZRNQN-UHFFFAOYNA-N,-8.629
GBA,c_GLU234,mut_s1,detail,1,15,JEVLDOUORFAHRS-NDKGDYFDNA-N,-7.653
GBA,c_GLU234,mut_s1,detail,1,16,NFTGJNJRMWUBPG-GPQMBLKYNA-N,-7.534
GBA,c_GLU234,mut_s1,detail,1,17,UMUUTEZBWGDVDA-UHFFFAOYNA-N,-8.113
GBA,c_GLU234,mut_s1,detail,1,18,VLQKEPLNPGYNDJ-HCKMINDGNA-N,-8.136
GBA,c_GLU234,mut_s1,detail,1,19,PPMVTAATPZLMJM-CDDDEJBQNA-N,-8.444
GBA,c_GLU234,mut_s1,detail,1,20,AHLYFAKLKLMESK-YAQRNVERNA-N,-7.239
GBA,c_GLU234,mut_s1,detail,1,21,GYEJYLAGVWRSIM-KGJHZMDYNA-N,-7.735
GBA,c_GLU234,mut_s1,detail,1,22,RXVALSLAUOIYLW-UHFFFAOYNA-N,-8.476
GBA,c_GLU234,mut_s1,detail,1,23,NSELYIFATLFDOZ-JLGFQASFNA-N,-7.83
GBA,c_GLU234,mut_s1,detail,1,24,COQFBYACOHFCEC-UHFFFAOYNA-N,-7.674
GBA,c_GLU234,mut_s1,detail,1,25,CJGJXFCLDYQBFQ-YJGXKCCXNA-N,-8.433
GBA,c_GLU234,mut_s1,detail,1,26,BWNGRRJLFYHENY-INIZCTEONA-N,-7.261
GBA,c_GLU234,mut_s1,detail,1,27,BNRFXWSJKVJVOF-UYBDAZJANA-N,-8.977
GBA,c_GLU234,mut_s1,detail,1,28,DMULMZBZVBBWBY-PJZINPJWNA-N,-8.873
GBA,c_GLU234,mut_s1,detail,1,29,AXLAIGJGNKHDPO-UHFFFAOYNA-N,-6.865
GBA,c_GLU234,mut_s1,detail,1,30,RKDGAONZEPYEBT-WXRBYKJCNA-N,-8.111
GBA,c_GLU234,mut_s1,detail,1,31,MBOYDUZSCSNUQL-MBBDSNKKNA-N,-8.126
GBA,c_GLU234,mut_s1,detail,1,32,KPVDBHRTXOFQDK-YAQRNVERNA-N,-7.111
GBA,c_GLU234,mut_s1,detail,1,33,LVCNFMYUKISBSB-VJSNTGQMNA-N,-7.933
GBA,c_GLU234,mut_s1,detail,1,34,XLAHCIRKLMJUQC-DZQCGVKKNA-N,-8.976
GBA,c_GLU234,mut_s1,detail,1,35,QNYHDABGLCBJOE-SHHGZXMVNA-N,-8.994
GBA,c_GLU234,mut_s1,detail,1,36,HEKNRISBWSPMOG-OWTLIXCDNA-N,-7.953
GBA,c_GLU234,mut_s1,detail,1,37,VIRNXCRLEVZXNX-LILDFLRNNA-N,-10.721
GBA,c_GLU234,mut_s1,detail,1,38,SRTGERSEXJGDMR-UHFFFAOYNA-N,-6.938
GBA,c_GLU234,mut_s1,detail,1,39,ZGMGSSRLZJYOKH-WXRBYKJCNA-N,-7.552
GBA,c_GLU234,mut_s1,detail,1,40,VGYFDFRFGHHCDA-CUTUCBJDNA-N,-9.136
GBA,c_GLU234,mut_s1,detail,1,41,DILPMLYWQJPNLO-HCKMINDGNA-N,-8.927
GBA,c_GLU234,mut_s1,detail,1,42,RSOODJIGEVJLMK-LQFNOIFHNA-N,-9.272
GBA,c_GLU234,mut_s1,detail,1,43,OWHHWMUAYBIQPR-UHFFFAOYNA-N,-9.591
GBA,c_GLU234,mut_s1,detail,1,44,KPIKMVZJKZDOFC-UHFFFAOYNA-N,-10.71
GBA,c_GLU234,mut_s1,detail,1,45,DIKDKRUREJXLMR-DPMTXJEANA-N,-9.349
GBA,c_GLU234,mut_s1,detail,1,46,QRVJDPKQHAVBDK-UYBDAZJANA-N,-8.759
GBA,c_GLU234,mut_s1,detail,1,47,SGBSFKSDPWOALT-UYBDAZJANA-N,-8.668
GBA,c_GLU234,mut_s1,detail,1,48,CYHFRNFVZWVHCG-OTJKMEOQNA-N,-8.5
GBA,c_GLU234,mut_s1,detail,1,49,MJUDQDHXCQONOA-MPIMZMORNA-N,-8.799
GBA,c_GLU234,mut_s1,detail,1,50,RNVYRNLUUYNQAS-PKSOQXRJNA-N,-8.193
GBA,c_GLU234,mut_s1,detail,1,51,DLZXOZYETDVJEB-QWOVJGMINA-N,-7.876
GBA,c_GLU234,mut_s1,detail,1,52,HSICVZRDGBJSEL-GPQMBLKYNA-N,-7.989
GBA,c_GLU234,mut_s1,detail,1,53,HMRUHHFLIMYEAF-QNGOCPJXNA-N,-7.916
GBA,c_GLU234,mut_s1,detail,1,54,ZZOWQPSBJUXHCA-YSPRVCGUNA-N,-8.703
GBA,c_GLU234,mut_s1,detail,1,55,WDDJLHOUFWSQSV-UHFFFAOYNA-N,-9.637
GBA,c_GLU234,mut_s1,detail,1,56,UKLIIGXGTPSYBF-IBCWCQIKNA-N,-8.567
GBA,c_GLU234,mut_s1,detail,1,57,LNPOBRXJZYGQMS-MOHJPFBDNA-N,-9.446
GBA,c_GLU234,mut_s1,detail,1,58,FYILBFPPKIZBTO-UHFFFAOYNA-N,-8.746
GBA,c_GLU234,mut_s1,detail,1,59,MIKIJFODTJGFDI-LILDFLRNNA-N,-8.451
GBA,c_GLU234,mut_s1,detail,1,60,RUWCNSLWWCWTSU-LILDFLRNNA-N,-9.735
GBA,c_GLU234,mut_s1,detail,1,61,KLQWCHKIQJHYIB-UHFFFAOYNA-N,-9.483
GBA,c_GLU234,mut_s1,detail,1,62,QKAWGENQCGFAOE-NPVYFSBINA-N,-8.522
GBA,c_GLU234,mut_s1,detail,1,63,KGOKCBRZBBEYBE-MMRXBHCZNA-N,-10.222
GBA,c_GLU234,mut_s1,detail,1,64,ROFRXCLSWKEWTN-UHFFFAOYNA-N,-7.872
GBA,c_GLU234,mut_s1,detail,1,65,AKRMJNKLSCBEME-FPYGCLRLNA-N,-7.788
GBA,c_GLU234,mut_s1,detail,1,66,LCGJUJZLLYTYIF-XMFFZCEENA-N,-8.389
GBA,c_GLU234,mut_s1,detail,1,67,FREQNFSEYLEFOI-QRCVEOAVNA-N,-9.064
GBA,c_GLU234,mut_s1,detail,1,68,MHMINAYLMNBGSM-UHFFFAOYNA-N,-7.926
GBA,c_GLU234,mut_s1,detail,1,69,SYMNTBHEGHFZMV-UHFFFAOYNA-N,-8.356
GBA,c_GLU234,mut_s1,detail,1,70,NNCRWGMPCGSKOO-LILDFLRNNA-N,-8.043
GBA,c_GLU234,mut_s1,detail,1,71,ZCRRNCCNJMRGFI-UHFFFAOYNA-N,-9.602
GBA,c_GLU234,mut_s1,detail,1,72,PYVZEIBGEUQNQQ-UHFFFAOYNA-N,-9.636
GBA,c_GLU234,mut_s1,detail,1,73,OROJQWVRCGJACT-XBTAAFKLNA-N,-10.312
GBA,c_GLU234,mut_s1,detail,1,74,TXYUWXKCUDOUGU-JLGFQASFNA-N,-7.789
GBA,c_GLU234,mut_s1,detail,1,75,LAZANALODSEDSE-UHFFFAOYNA-N,-9.238
GBA,c_GLU234,mut_s1,detail,1,76,RJXCYVJLXGRCHK-UHFFFAOYNA-N,-9.449
GBA,c_GLU234,mut_s1,detail,1,77,FUSKIBWHJAWEFI-IEJAXPBYNA-N,-8.209
GBA,c_GLU234,mut_s1,detail,1,78,SGWVLOCBQLQWQV-UHFFFAOYNA-N,-9.236
GBA,c_GLU234,mut_s1,detail,1,79,PPXRQTYXLZCDAZ-QWOVJGMINA-N,-9.039
GBA,c_GLU234,mut_s1,detail,1,80,DIFBADFWLVYFHV-LELJVTLKNA-N,-9.878
GBA,c_GLU234,mut_s1,detail,1,81,XREOSEVJCQGCHE-MHPMNMKGNA-N,-10.235
GBA,c_GLU234,mut_s1,detail,1,82,ZHGPKHBXSKWZEQ-UHFFFAOYNA-N,-9.663
GBA,c_GLU234,mut_s1,detail,1,83,ZFAYPJJNPSNAFK-UHFFFAOYNA-N,-10.309
GBA,c_GLU234,mut_s1,detail,1,84,LTXMRAGWIDQTQT-MYUTVWBTNA-N,-10.327
GBA,c_GLU234,mut_s1,detail,1,85,VXQHYHSSGLOALC-SPEPDGBUNA-N,-10.357
GBA,c_GLU234,mut_s1,detail,1,86,KWDSFRAWCISROF-PJQSKVNONA-N,-9.723
GBA,c_GLU234,mut_s1,detail,1,87,ZJZXSQPHUQUHIV-ZGZFQTMPNA-N,-10.496
GBA,c_GLU234,mut_s1,detail,1,88,UYHIVPBYFWVWEJ-UHFFFAOYNA-N,-11.017
GBA,c_GLU234,mut_s1,detail,1,89,PLEFJSUCKRWHBY-LNNLXFCONA-N,-8.955
GBA,c_GLU234,mut_s1,detail,1,90,DNSRQCRQLKJUCC-PDJAEHLQNA-N,-9.414
GBA,c_GLU234,mut_s1,detail,1,91,PHYKZCBUNVYJNH-YDBXFXKPNA-N,-7.62
GBA,c_GLU234,mut_s1,detail,1,92,OOUHZBUAVKCDGA-UHFFFAOYNA-N,-9.948
GBA,c_GLU234,mut_s1,detail,1,93,UUQDFZFJDFMLHW-UHFFFAOYNA-N,-8.809
GBA,c_GLU234,mut_s1,detail,1,94,OOUDDHNLDLLUOL-SKKVRFOWNA-N,-9.514
GBA,c_GLU234,mut_s1,detail,1,95,ZDMQSUAMTLXUTE-MPIMZMORNA-N,-9.859
GBA,c_GLU234,mut_s1,detail,1,96,NMPLPABDEKPABN-UHFFFAOYNA-N,-9.106
GBA,c_GLU234,mut_s1,detail,1,97,INZRHGSVWGRHBM-NPVYFSBINA-N,-10.423
GBA,c_GLU234,mut_s1,detail,1,98,RVGCWMKVTAEQIH-LNNLXFCONA-N,-9.902
GBA,c_GLU234,mut_s1,detail,1,99,VRXWKRQOVMZBAF-LJQANCHMNA-N,-9.161
GBA,c_GLU234,mut_s1,detail,1,100,QACLWOIBBYOHQP-UYBDAZJANA-N,-8.339
GBA,c_GLU234,mut_s1,detail,1,101,ZNXSZVFPCBIELQ-LNNLXFCONA-N,-8.899
GBA,c_GLU234,mut_s1,detail,1,102,GKMWCCNMKRSQHR-VEKUMTKDNA-N,-9.151
GBA,c_GLU234,mut_s1,detail,1,103,FFGUSRSMWFYKGK-SKKVRFOWNA-N,-9.299
GBA,c_GLU234,mut_s1,detail,1,104,KXBDDGKXLZBLOM-SPEPDGBUNA-N,-9.422
GBA,c_GLU234,mut_s1,detail,1,105,MIUWULAZCXYTJW-MSHHZIMBNA-N,-10.822
GBA,c_GLU234,mut_s1,detail,1,106,JPZOYWVRFLZCIC-NJNXFGOHNA-N,-10.863
GBA,c_GLU234,mut_s1,detail,1,107,FAIQTLBYDVKBAB-DVIAZDKANA-N,-9.029
GBA,c_GLU234,mut_s1,detail,1,108,APFLRZZAOXCNAZ-UHFFFAOYNA-N,-9.135
GBA,c_GLU234,mut_s1,detail,1,109,BSQLDSQTGOZBFD-UHFFFAOYNA-N,-9.225
GBA,c_GLU234,mut_s1,detail,1,110,ZVVCFJXCDATSCC-UHFFFAOYNA-N,-9.123
GBA,c_GLU234,mut_s1,detail,1,111,SKEQTXZATFWVMB-UYBDAZJANA-N,-8.082
GBA,c_GLU234,mut_s1,detail,1,112,IATWYRHDJKMBQK-MPIMZMORNA-N,-8.595
GBA,c_GLU234,mut_s1,detail,1,113,JPWOEQDCUZCWKT-MPIMZMORNA-N,-7.908
GBA,c_GLU234,mut_s1,detail,1,114,RYHSAXRBHDHPPK-PKSOQXRJNA-N,-8.481
GBA,c_GLU234,mut_s1,detail,1,115,GKKJWUFVZJJFPG-MPIMZMORNA-N,-9.728
GBA,c_GLU234,mut_s1,detail,1,116,FDNZXFDUCINVLY-BDGWVKIONA-N,-8.124
GBA,c_GLU234,mut_s1,detail,1,117,KTBYKHKWIFIFAK-UHFFFAOYNA-N,-10.425
GBA,c_GLU234,mut_s1,detail,1,118,ZRXZEWGUECXTTQ-LQFNOIFHNA-N,-10.656
GBA,c_GLU234,mut_s1,detail,1,119,XNACBBGLIAJNJM-PECIQRARNA-N,-8.855
GBA,c_GLU234,mut_s1,detail,1,120,WQZYYJRVBIQUGH-YWZOXAELNA-N,-7.31
GBA,c_GLU234,mut_s1,detail,1,121,ABMSRNRLDZVJFV-SWUIVHNENA-N,15.653
GBA,c_GLU234,mut_s1,detail,1,122,ZEACBIUBSOLEGW-QAITUMOCNA-N,-11.578
GBA,c_GLU234,mut_s1,detail,1,123,UBFCDXVLKFOOGL-OKPOJWAQNA-N,-8.602
GBA,c_GLU234,mut_s1,detail,1,124,RRIHVAFUFDANEX-NSJMMFDCNA-N,-9.786
GBA,c_GLU234,mut_s1,detail,1,125,HASIAUWPWKTSBW-SREBMQDQNA-N,-9.082
GBA,c_GLU234,mut_s1,detail,1,126,WHBCKYHTCHCHAY-LQFNOIFHNA-N,-10.539
GBA,c_GLU234,mut_s1,detail,1,127,XMAYWYJOQHXEEK-JYFHCDHNNA-N,-9.676
GBA,c_GLU234,mut_s1,detail,1,128,TVKCFCZANTZCSU-OYRHEFFENA-N,-10.115
GBA,c_GLU234,mut_s1,detail,1,129,OJFIIUWPOHBVMH-LNNLXFCONA-N,-8.732
GBA,c_GLU234,mut_s1,detail,1,130,DKLZMGFTGWKNCD-DIRLUKLVNA-N,-10.961
GBA,c_GLU234,mut_s1,detail,1,131,PYSLGWZFRQWTDD-PWIKPTQSNA-N,-9.917
GBA,c_GLU234,mut_s1,detail,1,132,MWMBIUUYBQWKJX-QTUCRYGENA-N,-9.919
GBA,c_GLU234,mut_s1,detail,1,133,FLYQFCXTEFTSQN-UHFFFAOYNA-N,-8.907
GBA,c_GLU234,mut_s1,detail,1,134,PBIBDSDWIMZYDT-WBWGZOKWNA-N,-10.393
GBA,c_GLU234,mut_s1,detail,1,135,GSRWMFGBDLHGBU-YEFLILRRNA-N,-8.532
GBA,c_GLU234,mut_s1,detail,1,136,AYIJJQHMZAEQKE-QDAGQJSJNA-N,-10.772
GBA,c_GLU234,mut_s1,detail,1,137,JVWTZUKPDMRNDC-FSAKADSPNA-N,-10.638
GBA,c_GLU234,mut_s1,detail,1,138,XAZPLOLSRXZDBO-LBZABMTDNA-N,-8.886
GBA,c_GLU234,mut_s1,detail,1,139,RGWVFJBNHCWCTL-CFEGKOCINA-N,-9.364
GBA,c_GLU234,mut_s1,detail,1,140,YYWNRQZCPIMCAK-UHFFFAOYNA-N,-9.098
GBA,c_GLU234,mut_s1,detail,1,141,PBTZDKNKXRSZPM-XBXBPLPCNA-N,-10.106
GBA,c_GLU234,mut_s1,detail,1,142,QQPOIMHFFPBDQM-LELJVTLKNA-N,-9.501
GBA,c_GLU234,mut_s1,detail,1,143,NYFQURFFDGCBCB-MAQJPOOANA-N,-9.051
GBA,c_GLU234,mut_s1,detail,1,144,HXZVHWHABLBWBS-MTTPVDACNA-N,-11.727
GBA,c_GLU234,mut_s1,detail,1,145,IWYYSOJWYLZKLK-LELJVTLKNA-N,-9.397
GBA,c_GLU234,mut_s1,detail,1,146,HOGUCNPGZXMBGW-UHFFFAOYNA-N,-10.314
GBA,c_GLU234,mut_s1,detail,1,147,VITUDJAVASFPKN-DUFUIDNCNA-N,-9.54
GBA,c_GLU234,mut_s1,detail,1,148,IXAHDCRYEUYPBG-SCXYCHFONA-N,-11.721
GBA,c_GLU234,mut_s1,detail,1,149,JWHMEKMLAZQDNS-OZMOGHDGNA-N,-9.179
GBA,c_GLU234,mut_s1,detail,1,150,BZWNBTIJLRHNDZ-LBOYIXSDNA-N,-9.626
GBA,c_GLU234,mut_s1,detail,1,151,RECYROBESYRUML-UHFFFAOYNA-N,-10.917
GBA,c_GLU234,mut_s1,detail,1,152,MLDSJJJLQRZNKW-UHBIVWOUNA-N,-9.823
GBA,c_GLU234,mut_s1,detail,1,153,XTWIHJARHCYNFX-PHXLCVRDNA-N,-8.974
GBA,c_GLU234,mut_s1,detail,1,154,UQGFETVWTRDGKJ-UHFFFAOYNA-N,-9.489
GBA,c_GLU234,mut_s1,detail,1,155,VJFSMDWEMFOWDK-CYSPOYASNA-N,-10.328
GBA,c_GLU234,mut_s1,detail,1,156,NZYLXYBIWNIAGH-CYSPOYASNA-N,-10.523
GBA,c_GLU234,mut_s1,detail,1,157,ODXCWFOKLBJQNP-MPIMZMORNA-N,-9.516
GBA,c_GLU234,mut_s1,detail,1,158,FVDNMAPPDSKXKQ-UHFFFAOYNA-N,-11.141
GBA,c_GLU234,mut_s1,detail,1,159,DOPWMPRIRWTOOD-CCHPKIMANA-N,-10.108
GBA,c_TYR243,mut_s1,detail,1,0,URVMSYHISUZXNH-UYBDAZJANA-N,-8.539
GBA,c_TYR243,mut_s1,detail,1,1,KXRPCFINVWWFHQ-UHFFFAOYNA-N,-5.425
GBA,c_TYR243,mut_s1,detail,1,2,NICJTSHRYBTHAS-YHMJCDSINA-N,-7.382
GBA,c_TYR243,mut_s1,detail,1,3,SWRZVDTZHDWPDS-AWIDAIFANA-N,-8.831
GBA,c_TYR243,mut_s1,detail,1,4,RKNSLLSUFWWYCA-UHFFFAOYNA-N,-8.919
GBA,c_TYR243,mut_s1,detail,1,5,OZFSIKFTRRUDES-RIYZIHGNNA-N,-6.543
GBA,c_TYR243,mut_s1,detail,1,6,AAGGUCRASUJPPN-UHFFFAOYNA-N,-8.297
GBA,c_TYR243,mut_s1,detail,1,7,OYHXDPMAFYHDNG-YAQRNVERNA-N,-8.343
GBA,c_TYR243,mut_s1,detail,1,8,AWILWAIEQYZUEQ-UHFFFAOYNA-N,-6.777
GBA,c_TYR243,mut_s1,detail,1,9,WSFAXHLMQUUHQT-VMPITWQZNA-N,-7.795
GBA,c_TYR243,mut_s1,detail,1,10,WPHMTVNOXKBZKN-UHFFFAOYNA-N,-6.927
GBA,c_TYR243,mut_s1,detail,1,11,LPEIZNODGHDCCW-UHFFFAOYNA-N,-7.258
GBA,c_TYR243,mut_s1,detail,1,12,QQHWWDVSRWOHEP-LILDFLRNNA-N,-8.853
GBA,c_TYR243,mut_s1,detail,1,13,UMEVSSPGBFVQNC-UHFFFAOYNA-N,-6.128
GBA,c_TYR243,mut_s1,detail,1,14,VZDIOEKWWZRNQN-UHFFFAOYNA-N,-8.565
GBA,c_TYR243,mut_s1,detail,1,15,JEVLDOUORFAHRS-NDKGDYFDNA-N,-7.338
GBA,c_TYR243,mut_s1,detail,1,16,NFTGJNJRMWUBPG-GPQMBLKYNA-N,-7.436
GBA,c_TYR243,mut_s1,detail,1,17,UMUUTEZBWGDVDA-UHFFFAOYNA-N,-8.006
GBA,c_TYR243,mut_s1,detail,1,18,VLQKEPLNPGYNDJ-HCKMINDGNA-N,-7.812
GBA,c_TYR243,mut_s1,detail,1,19,PPMVTAATPZLMJM-CDDDEJBQNA-N,-8.262
GBA,c_TYR243,mut_s1,detail,1,20,AHLYFAKLKLMESK-YAQRNVERNA-N,-7.32
GBA,c_TYR243,mut_s1,detail,1,21,GYEJYLAGVWRSIM-KGJHZMDYNA-N,-7.807
GBA,c_TYR243,mut_s1,detail,1,22,RXVALSLAUOIYLW-UHFFFAOYNA-N,-7.471
GBA,c_TYR243,mut_s1,detail,1,23,NSELYIFATLFDOZ-JLGFQASFNA-N,-8.568
GBA,c_TYR243,mut_s1,detail,1,24,COQFBYACOHFCEC-UHFFFAOYNA-N,-7.683
GBA,c_TYR243,mut_s1,detail,1,25,CJGJXFCLDYQBFQ-YJGXKCCXNA-N,-8.519
GBA,c_TYR243,mut_s1,detail,1,26,BWNGRRJLFYHENY-INIZCTEONA-N,-7.786
GBA,c_TYR243,mut_s1,detail,1,27,BNRFXWSJKVJVOF-UYBDAZJANA-N,-9.181
GBA,c_TYR243,mut_s1,detail,1,28,DMULMZBZVBBWBY-PJZINPJWNA-N,-8.414
GBA,c_TYR243,mut_s1,detail,1,29,AXLAIGJGNKHDPO-UHFFFAOYNA-N,-6.545
GBA,c_TYR243,mut_s1,detail,1,30,RKDGAONZEPYEBT-WXRBYKJCNA-N,-6.987
GBA,c_TYR243,mut_s1,detail,1,31,MBOYDUZSCSNUQL-MBBDSNKKNA-N,-7.468
GBA,c_TYR243,mut_s1,detail,1,32,KPVDBHRTXOFQDK-YAQRNVERNA-N,-6.642
GBA,c_TYR243,mut_s1,detail,1,33,LVCNFMYUKISBSB-VJSNTGQMNA-N,-7.37
GBA,c_TYR243,mut_s1,detail,1,34,XLAHCIRKLMJUQC-DZQCGVKKNA-N,-8.641
GBA,c_TYR243,mut_s1,detail,1,35,QNYHDABGLCBJOE-SHHGZXMVNA-N,-9.026
GBA,c_TYR243,mut_s1,detail,1,36,HEKNRISBWSPMOG-OWTLIXCDNA-N,-7.532
GBA,c_TYR243,mut_s1,detail,1,37,VIRNXCRLEVZXNX-LILDFLRNNA-N,-8.952
GBA,c_TYR243,mut_s1,detail,1,38,SRTGERSEXJGDMR-UHFFFAOYNA-N,-6.945
GBA,c_TYR243,mut_s1,detail,1,39,ZGMGSSRLZJYOKH-WXRBYKJCNA-N,-7.126
GBA,c_TYR243,mut_s1,detail,1,40,VGYFDFRFGHHCDA-CUTUCBJDNA-N,-9.388
GBA,c_TYR243,mut_s1,detail,1,41,DILPMLYWQJPNLO-HCKMINDGNA-N,-8.482
GBA,c_TYR243,mut_s1,detail,1,42,RSOODJIGEVJLMK-LQFNOIFHNA-N,-8.846
GBA,c_TYR243,mut_s1,detail,1,43,OWHHWMUAYBIQPR-UHFFFAOYNA-N,-8.507
GBA,c_TYR243,mut_s1,detail,1,44,KPIKMVZJKZDOFC-UHFFFAOYNA-N,-9.209
GBA,c_TYR243,mut_s1,detail,1,45,DIKDKRUREJXLMR-DPMTXJEANA-N,-8.672
GBA,c_TYR243,mut_s1,detail,1,46,QRVJDPKQHAVBDK-UYBDAZJANA-N,-7.571
GBA,c_TYR243,mut_s1,detail,1,47,SGBSFKSDPWOALT-UYBDAZJANA-N,-8.376
GBA,c_TYR243,mut_s1,detail,1,48,CYHFRNFVZWVHCG-OTJKMEOQNA-N,-8.824
GBA,c_TYR243,mut_s1,detail,1,49,MJUDQDHXCQONOA-MPIMZMORNA-N,-8.79
GBA,c_TYR243,mut_s1,detail,1,50,RNVYRNLUUYNQAS-PKSOQXRJNA-N,-8.211
GBA,c_TYR243,mut_s1,detail,1,51,DLZXOZYETDVJEB-QWOVJGMINA-N,-7.887
GBA,c_TYR243,mut_s1,detail,1,52,HSICVZRDGBJSEL-GPQMBLKYNA-N,-8.138
GBA,c_TYR243,mut_s1,detail,1,53,HMRUHHFLIMYEAF-QNGOCPJXNA-N,-7.856
GBA,c_TYR243,mut_s1,detail,1,54,ZZOWQPSBJUXHCA-YSPRVCGUNA-N,-8.443
GBA,c_TYR243,mut_s1,detail,1,55,WDDJLHOUFWSQSV-UHFFFAOYNA-N,-9.058
GBA,c_TYR243,mut_s1,detail,1,56,UKLIIGXGTPSYBF-IBCWCQIKNA-N,-7.614
GBA,c_TYR243,mut_s1,detail,1,57,LNPOBRXJZYGQMS-MOHJPFBDNA-N,-8.965
GBA,c_TYR243,mut_s1,detail,1,58,FYILBFPPKIZBTO-UHFFFAOYNA-N,-7.854
GBA,c_TYR243,mut_s1,detail,1,59,MIKIJFODTJGFDI-LILDFLRNNA-N,-8.342
GBA,c_TYR243,mut_s1,detail,1,60,RUWCNSLWWCWTSU-LILDFLRNNA-N,-9.862
GBA,c_TYR243,mut_s1,detail,1,61,KLQWCHKIQJHYIB-UHFFFAOYNA-N,-9.42
GBA,c_TYR243,mut_s1,detail,1,62,QKAWGENQCGFAOE-NPVYFSBINA-N,-8.03
GBA,c_TYR243,mut_s1,detail,1,63,KGOKCBRZBBEYBE-MMRXBHCZNA-N,-10.383
GBA,c_TYR243,mut_s1,detail,1,64,ROFRXCLSWKEWTN-UHFFFAOYNA-N,-7.632
GBA,c_TYR243,mut_s1,detail,1,65,AKRMJNKLSCBEME-FPYGCLRLNA-N,-6.921
GBA,c_TYR243,mut_s1,detail,1,66,LCGJUJZLLYTYIF-XMFFZCEENA-N,-8.016
GBA,c_TYR243,mut_s1,detail,1,67,FREQNFSEYLEFOI-QRCVEOAVNA-N,-8.539
GBA,c_TYR243,mut_s1,detail,1,68,MHMINAYLMNBGSM-UHFFFAOYNA-N,-7.414
GBA,c_TYR243,mut_s1,detail,1,69,SYMNTBHEGHFZMV-UHFFFAOYNA-N,-7.896
GBA,c_TYR243,mut_s1,detail,1,70,NNCRWGMPCGSKOO-LILDFLRNNA-N,-7.823
GBA,c_TYR243,mut_s1,detail,1,71,ZCRRNCCNJMRGFI-UHFFFAOYNA-N,-9.575
GBA,c_TYR243,mut_s1,detail,1,72,PYVZEIBGEUQNQQ-UHFFFAOYNA-N,-9.035
GBA,c_TYR243,mut_s1,detail,1,73,OROJQWVRCGJACT-XBTAAFKLNA-N,-9.892
GBA,c_TYR243,mut_s1,detail,1,74,TXYUWXKCUDOUGU-JLGFQASFNA-N,-7.591
GBA,c_TYR243,mut_s1,detail,1,75,LAZANALODSEDSE-UHFFFAOYNA-N,-8.516
GBA,c_TYR243,mut_s1,detail,1,76,RJXCYVJLXGRCHK-UHFFFAOYNA-N,-9.225
GBA,c_TYR243,mut_s1,detail,1,77,FUSKIBWHJAWEFI-IEJAXPBYNA-N,-8.028
GBA,c_TYR243,mut_s1,detail,1,78,SGWVLOCBQLQWQV-UHFFFAOYNA-N,-8.959
GBA,c_TYR243,mut_s1,detail,1,79,PPXRQTYXLZCDAZ-QWOVJGMINA-N,-9.627
GBA,c_TYR243,mut_s1,detail,1,80,DIFBADFWLVYFHV-LELJVTLKNA-N,-9.475
GBA,c_TYR243,mut_s1,detail,1,81,XREOSEVJCQGCHE-MHPMNMKGNA-N,-10.33
GBA,c_TYR243,mut_s1,detail,1,82,ZHGPKHBXSKWZEQ-UHFFFAOYNA-N,-8.722
GBA,c_TYR243,mut_s1,detail,1,83,ZFAYPJJNPSNAFK-UHFFFAOYNA-N,-9.294
GBA,c_TYR243,mut_s1,detail,1,84,LTXMRAGWIDQTQT-MYUTVWBTNA-N,-10.334
GBA,c_TYR243,mut_s1,detail,1,85,VXQHYHSSGLOALC-SPEPDGBUNA-N,-10.719
GBA,c_TYR243,mut_s1,detail,1,86,KWDSFRAWCISROF-PJQSKVNONA-N,-9.149
GBA,c_TYR243,mut_s1,detail,1,87,ZJZXSQPHUQUHIV-ZGZFQTMPNA-N,-10.723
GBA,c_TYR243,mut_s1,detail,1,88,UYHIVPBYFWVWEJ-UHFFFAOYNA-N,-10.341
GBA,c_TYR243,mut_s1,detail,1,89,PLEFJSUCKRWHBY-LNNLXFCONA-N,-8.757
GBA,c_TYR243,mut_s1,detail,1,90,DNSRQCRQLKJUCC-PDJAEHLQNA-N,-8.866
GBA,c_TYR243,mut_s1,detail,1,91,PHYKZCBUNVYJNH-YDBXFXKPNA-N,-7.895
GBA,c_TYR243,mut_s1,detail,1,92,OOUHZBUAVKCDGA-UHFFFAOYNA-N,-9.471
GBA,c_TYR243,mut_s1,detail,1,93,UUQDFZFJDFMLHW-UHFFFAOYNA-N,-8.825
GBA,c_TYR243,mut_s1,detail,1,94,OOUDDHNLDLLUOL-SKKVRFOWNA-N,-9.443
GBA,c_TYR243,mut_s1,detail,1,95,ZDMQSUAMTLXUTE-MPIMZMORNA-N,-9.393
GBA,c_TYR243,mut_s1,detail,1,96,NMPLPABDEKPABN-UHFFFAOYNA-N,-9.101
GBA,c_TYR243,mut_s1,detail,1,97,INZRHGSVWGRHBM-NPVYFSBINA-N,-9.966
GBA,c_TYR243,mut_s1,detail,1,98,RVGCWMKVTAEQIH-LNNLXFCONA-N,-9.283
GBA,c_TYR243,mut_s1,detail,1,99,VRXWKRQOVMZBAF-LJQANCHMNA-N,-9.407
GBA,c_TYR243,mut_s1,detail,1,100,QACLWOIBBYOHQP-UYBDAZJANA-N,-8.576
GBA,c_TYR243,mut_s1,detail,1,101,ZNXSZVFPCBIELQ-LNNLXFCONA-N,-8.787
GBA,c_TYR243,mut_s1,detail,1,102,GKMWCCNMKRSQHR-VEKUMTKDNA-N,-9.965
GBA,c_TYR243,mut_s1,detail,1,103,FFGUSRSMWFYKGK-SKKVRFOWNA-N,-9.251
GBA,c_TYR243,mut_s1,detail,1,104,KXBDDGKXLZBLOM-SPEPDGBUNA-N,-9.206
GBA,c_TYR243,mut_s1,detail,1,105,MIUWULAZCXYTJW-MSHHZIMBNA-N,-10.005
GBA,c_TYR243,mut_s1,detail,1,106,JPZOYWVRFLZCIC-NJNXFGOHNA-N,-10.253
GBA,c_TYR243,mut_s1,detail,1,107,FAIQTLBYDVKBAB-DVIAZDKANA-N,-10.105
GBA,c_TYR243,mut_s1,detail,1,108,APFLRZZAOXCNAZ-UHFFFAOYNA-N,-8.211
GBA,c_TYR243,mut_s1,detail,1,109,BSQLDSQTGOZBFD-UHFFFAOYNA-N,-9.38
GBA,c_TYR243,mut_s1,detail,1,110,ZVVCFJXCDATSCC-UHFFFAOYNA-N,-8.493
GBA,c_TYR243,mut_s1,detail,1,111,SKEQTXZATFWVMB-UYBDAZJANA-N,-7.769
GBA,c_TYR243,mut_s1,detail,1,112,IATWYRHDJKMBQK-MPIMZMORNA-N,-8.145
GBA,c_TYR243,mut_s1,detail,1,113,JPWOEQDCUZCWKT-MPIMZMORNA-N,-7.505
GBA,c_TYR243,mut_s1,detail,1,114,RYHSAXRBHDHPPK-PKSOQXRJNA-N,-8.317
GBA,c_TYR243,mut_s1,detail,1,115,GKKJWUFVZJJFPG-MPIMZMORNA-N,-9.214
GBA,c_TYR243,mut_s1,detail,1,116,FDNZXFDUCINVLY-BDGWVKIONA-N,-7.981
GBA,c_TYR243,mut_s1,detail,1,117,KTBYKHKWIFIFAK-UHFFFAOYNA-N,-10.234
GBA,c_TYR243,mut_s1,detail,1,118,ZRXZEWGUECXTTQ-LQFNOIFHNA-N,-9.69
GBA,c_TYR243,mut_s1,detail,1,119,XNACBBGLIAJNJM-PECIQRARNA-N,-8.736
GBA,c_TYR243,mut_s1,detail,1,120,WQZYYJRVBIQUGH-YWZOXAELNA-N,-7.585
GBA,c_TYR243,mut_s1,detail,1,121,ABMSRNRLDZVJFV-SWUIVHNENA-N,-9.32
GBA,c_TYR243,mut_s1,detail,1,122,ZEACBIUBSOLEGW-QAITUMOCNA-N,-10.653
GBA,c_TYR243,mut_s1,detail,1,123,UBFCDXVLKFOOGL-OKPOJWAQNA-N,-10.032
GBA,c_TYR243,mut_s1,detail,1,124,RRIHVAFUFDANEX-NSJMMFDCNA-N,-9.756
GBA,c_TYR243,mut_s1,detail,1,125,HASIAUWPWKTSBW-SREBMQDQNA-N,-9.07
GBA,c_TYR243,mut_s1,detail,1,126,WHBCKYHTCHCHAY-LQFNOIFHNA-N,-10.046
GBA,c_TYR243,mut_s1,detail,1,127,XMAYWYJOQHXEEK-JYFHCDHNNA-N,-9.302
GBA,c_TYR243,mut_s1,detail,1,128,TVKCFCZANTZCSU-OYRHEFFENA-N,-10.942
GBA,c_TYR243,mut_s1,detail,1,129,OJFIIUWPOHBVMH-LNNLXFCONA-N,-8.38
GBA,c_TYR243,mut_s1,detail,1,130,DKLZMGFTGWKNCD-DIRLUKLVNA-N,-10.232
GBA,c_TYR243,mut_s1,detail,1,131,PYSLGWZFRQWTDD-PWIKPTQSNA-N,-10.192
GBA,c_TYR243,mut_s1,detail,1,132,MWMBIUUYBQWKJX-QTUCRYGENA-N,-8.927
GBA,c_TYR243,mut_s1,detail,1,133,FLYQFCXTEFTSQN-UHFFFAOYNA-N,-8.776
GBA,c_TYR243,mut_s1,detail,1,134,PBIBDSDWIMZYDT-WBWGZOKWNA-N,-9.434
GBA,c_TYR243,mut_s1,detail,1,135,GSRWMFGBDLHGBU-YEFLILRRNA-N,-8.346
GBA,c_TYR243,mut_s1,detail,1,136,AYIJJQHMZAEQKE-QDAGQJSJNA-N,-10.962
GBA,c_TYR243,mut_s1,detail,1,137,JVWTZUKPDMRNDC-FSAKADSPNA-N,-10.074
GBA,c_TYR243,mut_s1,detail,1,138,XAZPLOLSRXZDBO-LBZABMTDNA-N,-9.262
GBA,c_TYR243,mut_s1,detail,1,139,RGWVFJBNHCWCTL-CFEGKOCINA-N,-9.18
GBA,c_TYR243,mut_s1,detail,1,140,YYWNRQZCPIMCAK-UHFFFAOYNA-N,-9.19
GBA,c_TYR243,mut_s1,detail,1,141,PBTZDKNKXRSZPM-XBXBPLPCNA-N,-10.793
GBA,c_TYR243,mut_s1,detail,1,142,QQPOIMHFFPBDQM-LELJVTLKNA-N,-8.409
GBA,c_TYR243,mut_s1,detail,1,143,NYFQURFFDGCBCB-MAQJPOOANA-N,-9.316
GBA,c_TYR243,mut_s1,detail,1,144,HXZVHWHABLBWBS-MTTPVDACNA-N,-11.659
GBA,c_TYR243,mut_s1,detail,1,145,IWYYSOJWYLZKLK-LELJVTLKNA-N,-8.927
GBA,c_TYR243,mut_s1,detail,1,146,HOGUCNPGZXMBGW-UHFFFAOYNA-N,-10.703
GBA,c_TYR243,mut_s1,detail,1,147,VITUDJAVASFPKN-DUFUIDNCNA-N,-9.435
GBA,c_TYR243,mut_s1,detail,1,148,IXAHDCRYEUYPBG-SCXYCHFONA-N,-11.299
GBA,c_TYR243,mut_s1,detail,1,149,JWHMEKMLAZQDNS-OZMOGHDGNA-N,-9.361
GBA,c_TYR243,mut_s1,detail,1,150,BZWNBTIJLRHNDZ-LBOYIXSDNA-N,-9.715
GBA,c_TYR243,mut_s1,detail,1,151,RECYROBESYRUML-UHFFFAOYNA-N,-11.398
GBA,c_TYR243,mut_s1,detail,1,152,MLDSJJJLQRZNKW-UHBIVWOUNA-N,-9.822
GBA,c_TYR243,mut_s1,detail,1,153,XTWIHJARHCYNFX-PHXLCVRDNA-N,-8.87
GBA,c_TYR243,mut_s1,detail,1,154,UQGFETVWTRDGKJ-UHFFFAOYNA-N,-9.109
GBA,c_TYR243,mut_s1,detail,1,155,VJFSMDWEMFOWDK-CYSPOYASNA-N,-11.045
GBA,c_TYR243,mut_s1,detail,1,156,NZYLXYBIWNIAGH-CYSPOYASNA-N,-9.939
GBA,c_TYR243,mut_s1,detail,1,157,ODXCWFOKLBJQNP-MPIMZMORNA-N,-8.948
GBA,c_TYR243,mut_s1,detail,1,158,FVDNMAPPDSKXKQ-UHFFFAOYNA-N,-10.981
GBA,c_TYR243,mut_s1,detail,1,159,DOPWMPRIRWTOOD-CCHPKIMANA-N,-9.971
GBA,c_ASP126,mut_s1,detail,1,0,URVMSYHISUZXNH-UYBDAZJANA-N,-8.672
GBA,c_ASP126,mut_s1,detail,1,1,KXRPCFINVWWFHQ-UHFFFAOYNA-N,-5.404
GBA,c_ASP126,mut_s1,detail,1,2,NICJTSHRYBTHAS-YHMJCDSINA-N,-7.787
GBA,c_ASP126,mut_s1,detail,1,3,SWRZVDTZHDWPDS-AWIDAIFANA-N,-10.035
GBA,c_ASP126,mut_s1,detail,1,4,RKNSLLSUFWWYCA-UHFFFAOYNA-N,-9.13
GBA,c_ASP126,mut_s1,detail,1,5,OZFSIKFTRRUDES-RIYZIHGNNA-N,-6.556
GBA,c_ASP126,mut_s1,detail,1,6,AAGGUCRASUJPPN-UHFFFAOYNA-N,-7.837
GBA,c_ASP126,mut_s1,detail,1,7,OYHXDPMAFYHDNG-YAQRNVERNA-N,-8.737
GBA,c_ASP126,mut_s1,detail,1,8,AWILWAIEQYZUEQ-UHFFFAOYNA-N,-7.718
GBA,c_ASP126,mut_s1,detail,1,9,WSFAXHLMQUUHQT-VMPITWQZNA-N,-8.02
GBA,c_ASP126,mut_s1,detail,1,10,WPHMTVNOXKBZKN-UHFFFAOYNA-N,-6.957
GBA,c_ASP126,mut_s1,detail,1,11,LPEIZNODGHDCCW-UHFFFAOYNA-N,-6.636
GBA,c_ASP126,mut_s1,detail,1,12,QQHWWDVSRWOHEP-LILDFLRNNA-N,-8.711
GBA,c_ASP126,mut_s1,detail,1,13,UMEVSSPGBFVQNC-UHFFFAOYNA-N,-6.558
GBA,c_ASP126,mut_s1,detail,1,14,VZDIOEKWWZRNQN-UHFFFAOYNA-N,-8.571
GBA,c_ASP126,mut_s1,detail,1,15,JEVLDOUORFAHRS-NDKGDYFDNA-N,-7.744
GBA,c_ASP126,mut_s1,detail,1,16,NFTGJNJRMWUBPG-GPQMBLKYNA-N,-8.178
GBA,c_ASP126,mut_s1,detail,1,17,UMUUTEZBWGDVDA-UHFFFAOYNA-N,-8.124
GBA,c_ASP126,mut_s1,detail,1,18,VLQKEPLNPGYNDJ-HCKMINDGNA-N,-8.388
GBA,c_ASP126,mut_s1,detail,1,19,PPMVTAATPZLMJM-CDDDEJBQNA-N,-9.039
GBA,c_ASP126,mut_s1,detail,1,20,AHLYFAKLKLMESK-YAQRNVERNA-N,-7.056
GBA,c_ASP126,mut_s1,detail,1,21,GYEJYLAGVWRSIM-KGJHZMDYNA-N,-8.016
GBA,c_ASP126,mut_s1,detail,1,22,RXVALSLAUOIYLW-UHFFFAOYNA-N,-7.453
GBA,c_ASP126,mut_s1,detail,1,23,NSELYIFATLFDOZ-JLGFQASFNA-N,-8.036
GBA,c_ASP126,mut_s1,detail,1,24,COQFBYACOHFCEC-UHFFFAOYNA-N,-7.875
GBA,c_ASP126,mut_s1,detail,1,25,CJGJXFCLDYQBFQ-YJGXKCCXNA-N,-8.656
GBA,c_ASP126,mut_s1,detail,1,26,BWNGRRJLFYHENY-INIZCTEONA-N,-7.689
GBA,c_ASP126,mut_s1,detail,1,27,BNRFXWSJKVJVOF-UYBDAZJANA-N,-8.783
GBA,c_ASP126,mut_s1,detail,1,28,DMULMZBZVBBWBY-PJZINPJWNA-N,-8.681
GBA,c_ASP126,mut_s1,detail,1,29,AXLAIGJGNKHDPO-UHFFFAOYNA-N,-6.859
GBA,c_ASP126,mut_s1,detail,1,30,RKDGAONZEPYEBT-WXRBYKJCNA-N,-7.031
GBA,c_ASP126,mut_s1,detail,1,31,MBOYDUZSCSNUQL-MBBDSNKKNA-N,-8.064
GBA,c_ASP126,mut_s1,detail,1,32,KPVDBHRTXOFQDK-YAQRNVERNA-N,-7.172
GBA,c_ASP126,mut_s1,detail,1,33,LVCNFMYUKISBSB-VJSNTGQMNA-N,-7.783
GBA,c_ASP126,mut_s1,detail,1,34,XLAHCIRKLMJUQC-DZQCGVKKNA-N,-8.453
GBA,c_ASP126,mut_s1,detail,1,35,QNYHDABGLCBJOE-SHHGZXMVNA-N,-9.537
GBA,c_ASP126,mut_s1,detail,1,36,HEKNRISBWSPMOG-OWTLIXCDNA-N,-7.545
GBA,c_ASP126,mut_s1,detail,1,37,VIRNXCRLEVZXNX-LILDFLRNNA-N,-9.771
GBA,c_ASP126,mut_s1,detail,1,38,SRTGERSEXJGDMR-UHFFFAOYNA-N,-7.039
GBA,c_ASP126,mut_s1,detail,1,39,ZGMGSSRLZJYOKH-WXRBYKJCNA-N,-7.687
GBA,c_ASP126,mut_s1,detail,1,40,VGYFDFRFGHHCDA-CUTUCBJDNA-N,-9.322
GBA,c_ASP126,mut_s1,detail,1,41,DILPMLYWQJPNLO-HCKMINDGNA-N,-9.696
GBA,c_ASP126,mut_s1,detail,1,42,RSOODJIGEVJLMK-LQFNOIFHNA-N,-9.684
GBA,c_ASP126,mut_s1,detail,1,43,OWHHWMUAYBIQPR-UHFFFAOYNA-N,-8.912
GBA,c_ASP126,mut_s1,detail,1,44,KPIKMVZJKZDOFC-UHFFFAOYNA-N,-9.874
GBA,c_ASP126,mut_s1,detail,1,45,DIKDKRUREJXLMR-DPMTXJEANA-N,-9.417
GBA,c_ASP126,mut_s1,detail,1,46,QRVJDPKQHAVBDK-UYBDAZJANA-N,-8.589
GBA,c_ASP126,mut_s1,detail,1,47,SGBSFKSDPWOALT-UYBDAZJANA-N,-8.434
GBA,c_ASP126,mut_s1,detail,1,48,CYHFRNFVZWVHCG-OTJKMEOQNA-N,-8.504
GBA,c_ASP126,mut_s1,detail,1,49,MJUDQDHXCQONOA-MPIMZMORNA-N,-8.957
GBA,c_ASP126,mut_s1,detail,1,50,RNVYRNLUUYNQAS-PKSOQXRJNA-N,-7.839
GBA,c_ASP126,mut_s1,detail,1,51,DLZXOZYETDVJEB-QWOVJGMINA-N,-7.317
GBA,c_ASP126,mut_s1,detail,1,52,HSICVZRDGBJSEL-GPQMBLKYNA-N,-8.989
GBA,c_ASP126,mut_s1,detail,1,53,HMRUHHFLIMYEAF-QNGOCPJXNA-N,-8.086
GBA,c_ASP126,mut_s1,detail,1,54,ZZOWQPSBJUXHCA-YSPRVCGUNA-N,-9.92
GBA,c_ASP126,mut_s1,detail,1,55,WDDJLHOUFWSQSV-UHFFFAOYNA-N,-9.421
GBA,c_ASP126,mut_s1,detail,1,56,UKLIIGXGTPSYBF-IBCWCQIKNA-N,-8.485
GBA,c_ASP126,mut_s1,detail,1,57,LNPOBRXJZYGQMS-MOHJPFBDNA-N,-9.311
GBA,c_ASP126,mut_s1,detail,1,58,FYILBFPPKIZBTO-UHFFFAOYNA-N,-7.913
GBA,c_ASP126,mut_s1,detail,1,59,MIKIJFODTJGFDI-LILDFLRNNA-N,-8.846
GBA,c_ASP126,mut_s1,detail,1,60,RUWCNSLWWCWTSU-LILDFLRNNA-N,-10.128
GBA,c_ASP126,mut_s1,detail,1,61,KLQWCHKIQJHYIB-UHFFFAOYNA-N,-10.226
GBA,c_ASP126,mut_s1,detail,1,62,QKAWGENQCGFAOE-NPVYFSBINA-N,-8.236
GBA,c_ASP126,mut_s1,detail,1,63,KGOKCBRZBBEYBE-MMRXBHCZNA-N,-10.48
GBA,c_ASP126,mut_s1,detail,1,64,ROFRXCLSWKEWTN-UHFFFAOYNA-N,-9.094
GBA,c_ASP126,mut_s1,detail,1,65,AKRMJNKLSCBEME-FPYGCLRLNA-N,-6.466
GBA,c_ASP126,mut_s1,detail,1,66,LCGJUJZLLYTYIF-XMFFZCEENA-N,-8.557
GBA,c_ASP126,mut_s1,detail,1,67,FREQNFSEYLEFOI-QRCVEOAVNA-N,-8.253
GBA,c_ASP126,mut_s1,detail,1,68,MHMINAYLMNBGSM-UHFFFAOYNA-N,-7.755
GBA,c_ASP126,mut_s1,detail,1,69,SYMNTBHEGHFZMV-UHFFFAOYNA-N,-7.945
GBA,c_ASP126,mut_s1,detail,1,70,NNCRWGMPCGSKOO-LILDFLRNNA-N,-8.295
GBA,c_ASP126,mut_s1,detail,1,71,ZCRRNCCNJMRGFI-UHFFFAOYNA-N,-9.802
GBA,c_ASP126,mut_s1,detail,1,72,PYVZEIBGEUQNQQ-UHFFFAOYNA-N,-8.965
GBA,c_ASP126,mut_s1,detail,1,73,OROJQWVRCGJACT-XBTAAFKLNA-N,-10.535
GBA,c_ASP126,mut_s1,detail,1,74,TXYUWXKCUDOUGU-JLGFQASFNA-N,-8.019
GBA,c_ASP126,mut_s1,detail,1,75,LAZANALODSEDSE-UHFFFAOYNA-N,-8.588
GBA,c_ASP126,mut_s1,detail,1,76,RJXCYVJLXGRCHK-UHFFFAOYNA-N,-9.668
GBA,c_ASP126,mut_s1,detail,1,77,FUSKIBWHJAWEFI-IEJAXPBYNA-N,-9.366
GBA,c_ASP126,mut_s1,detail,1,78,SGWVLOCBQLQWQV-UHFFFAOYNA-N,-9.152
GBA,c_ASP126,mut_s1,detail,1,79,PPXRQTYXLZCDAZ-QWOVJGMINA-N,-9.299
GBA,c_ASP126,mut_s1,detail,1,80,DIFBADFWLVYFHV-LELJVTLKNA-N,-9.807
GBA,c_ASP126,mut_s1,detail,1,81,XREOSEVJCQGCHE-MHPMNMKGNA-N,-10.037
GBA,c_ASP126,mut_s1,detail,1,82,ZHGPKHBXSKWZEQ-UHFFFAOYNA-N,-8.905
GBA,c_ASP126,mut_s1,detail,1,83,ZFAYPJJNPSNAFK-UHFFFAOYNA-N,-10.118
GBA,c_ASP126,mut_s1,detail,1,84,LTXMRAGWIDQTQT-MYUTVWBTNA-N,-10.319
GBA,c_ASP126,mut_s1,detail,1,85,VXQHYHSSGLOALC-SPEPDGBUNA-N,-10.748
GBA,c_ASP126,mut_s1,detail,1,86,KWDSFRAWCISROF-PJQSKVNONA-N,-9.676
GBA,c_ASP126,mut_s1,detail,1,87,ZJZXSQPHUQUHIV-ZGZFQTMPNA-N,-10.224
GBA,c_ASP126,mut_s1,detail,1,88,UYHIVPBYFWVWEJ-UHFFFAOYNA-N,-10.963
GBA,c_ASP126,mut_s1,detail,1,89,PLEFJSUCKRWHBY-LNNLXFCONA-N,-8.82
GBA,c_ASP126,mut_s1,detail,1,90,DNSRQCRQLKJUCC-PDJAEHLQNA-N,-9.499
GBA,c_ASP126,mut_s1,detail,1,91,PHYKZCBUNVYJNH-YDBXFXKPNA-N,-7.933
GBA,c_ASP126,mut_s1,detail,1,92,OOUHZBUAVKCDGA-UHFFFAOYNA-N,-10.104
GBA,c_ASP126,mut_s1,detail,1,93,UUQDFZFJDFMLHW-UHFFFAOYNA-N,-8.917
GBA,c_ASP126,mut_s1,detail,1,94,OOUDDHNLDLLUOL-SKKVRFOWNA-N,-10.352
GBA,c_ASP126,mut_s1,detail,1,95,ZDMQSUAMTLXUTE-MPIMZMORNA-N,-10.225
GBA,c_ASP126,mut_s1,detail,1,96,NMPLPABDEKPABN-UHFFFAOYNA-N,-9.276
GBA,c_ASP126,mut_s1,detail,1,97,INZRHGSVWGRHBM-NPVYFSBINA-N,-10.749
GBA,c_ASP126,mut_s1,detail,1,98,RVGCWMKVTAEQIH-LNNLXFCONA-N,-9.775
GBA,c_ASP126,mut_s1,detail,1,99,VRXWKRQOVMZBAF-LJQANCHMNA-N,-9.615
GBA,c_ASP126,mut_s1,detail,1,100,QACLWOIBBYOHQP-UYBDAZJANA-N,-8.717
GBA,c_ASP126,mut_s1,detail,1,101,ZNXSZVFPCBIELQ-LNNLXFCONA-N,-8.44
GBA,c_ASP126,mut_s1,detail,1,102,GKMWCCNMKRSQHR-VEKUMTKDNA-N,-9.353
GBA,c_ASP126,mut_s1,detail,1,103,FFGUSRSMWFYKGK-SKKVRFOWNA-N,-9.543
GBA,c_ASP126,mut_s1,detail,1,104,KXBDDGKXLZBLOM-SPEPDGBUNA-N,-9.691
GBA,c_ASP126,mut_s1,detail,1,105,MIUWULAZCXYTJW-MSHHZIMBNA-N,-9.586
GBA,c_ASP126,mut_s1,detail,1,106,JPZOYWVRFLZCIC-NJNXFGOHNA-N,-10.44
GBA,c_ASP126,mut_s1,detail,1,107,FAIQTLBYDVKBAB-DVIAZDKANA-N,-9.047
GBA,c_ASP126,mut_s1,detail,1,108,APFLRZZAOXCNAZ-UHFFFAOYNA-N,-9.168
GBA,c_ASP126,mut_s1,detail,1,109,BSQLDSQTGOZBFD-UHFFFAOYNA-N,-9.269
GBA,c_ASP126,mut_s1,detail,1,110,ZVVCFJXCDATSCC-UHFFFAOYNA-N,-8.718
GBA,c_ASP126,mut_s1,detail,1,111,SKEQTXZATFWVMB-UYBDAZJANA-N,-8.533
GBA,c_ASP126,mut_s1,detail,1,112,IATWYRHDJKMBQK-MPIMZMORNA-N,-8.395
GBA,c_ASP126,mut_s1,detail,1,113,JPWOEQDCUZCWKT-MPIMZMORNA-N,-7.597
GBA,c_ASP126,mut_s1,detail,1,114,RYHSAXRBHDHPPK-PKSOQXRJNA-N,-8.521
GBA,c_ASP126,mut_s1,detail,1,115,GKKJWUFVZJJFPG-MPIMZMORNA-N,-9.395
GBA,c_ASP126,mut_s1,detail,1,116,FDNZXFDUCINVLY-BDGWVKIONA-N,-8.841
GBA,c_ASP126,mut_s1,detail,1,117,KTBYKHKWIFIFAK-UHFFFAOYNA-N,-11.208
GBA,c_ASP126,mut_s1,detail,1,118,ZRXZEWGUECXTTQ-LQFNOIFHNA-N,-9.765
GBA,c_ASP126,mut_s1,detail,1,119,XNACBBGLIAJNJM-PECIQRARNA-N,-8.91
GBA,c_ASP126,mut_s1,detail,1,120,WQZYYJRVBIQUGH-YWZOXAELNA-N,-6.814
GBA,c_ASP126,mut_s1,detail,1,121,ABMSRNRLDZVJFV-SWUIVHNENA-N,-9.208
GBA,c_ASP126,mut_s1,detail,1,122,ZEACBIUBSOLEGW-QAITUMOCNA-N,-11.314
GBA,c_ASP126,mut_s1,detail,1,123,UBFCDXVLKFOOGL-OKPOJWAQNA-N,-8.916
GBA,c_ASP126,mut_s1,detail,1,124,RRIHVAFUFDANEX-NSJMMFDCNA-N,-9.683
GBA,c_ASP126,mut_s1,detail,1,125,HASIAUWPWKTSBW-SREBMQDQNA-N,-9.738
GBA,c_ASP126,mut_s1,detail,1,126,WHBCKYHTCHCHAY-LQFNOIFHNA-N,-10.45
GBA,c_ASP126,mut_s1,detail,1,127,XMAYWYJOQHXEEK-JYFHCDHNNA-N,-9.24
GBA,c_ASP126,mut_s1,detail,1,128,TVKCFCZANTZCSU-OYRHEFFENA-N,-10.373
GBA,c_ASP126,mut_s1,detail,1,129,OJFIIUWPOHBVMH-LNNLXFCONA-N,-8.935
GBA,c_ASP126,mut_s1,detail,1,130,DKLZMGFTGWKNCD-DIRLUKLVNA-N,-10.285
GBA,c_ASP126,mut_s1,detail,1,131,PYSLGWZFRQWTDD-PWIKPTQSNA-N,-10.288
GBA,c_ASP126,mut_s1,detail,1,132,MWMBIUUYBQWKJX-QTUCRYGENA-N,-9.241
GBA,c_ASP126,mut_s1,detail,1,133,FLYQFCXTEFTSQN-UHFFFAOYNA-N,-9.614
GBA,c_ASP126,mut_s1,detail,1,134,PBIBDSDWIMZYDT-WBWGZOKWNA-N,-9.556
GBA,c_ASP126,mut_s1,detail,1,135,GSRWMFGBDLHGBU-YEFLILRRNA-N,-8.681
GBA,c_ASP126,mut_s1,detail,1,136,AYIJJQHMZAEQKE-QDAGQJSJNA-N,-9.888
GBA,c_ASP126,mut_s1,detail,1,137,JVWTZUKPDMRNDC-FSAKADSPNA-N,-10.782
GBA,c_ASP126,mut_s1,detail,1,138,XAZPLOLSRXZDBO-LBZABMTDNA-N,-9.073
GBA,c_ASP126,mut_s1,detail,1,139,RGWVFJBNHCWCTL-CFEGKOCINA-N,-9.838
GBA,c_ASP126,mut_s1,detail,1,140,YYWNRQZCPIMCAK-UHFFFAOYNA-N,-9.557
GBA,c_ASP126,mut_s1,detail,1,141,PBTZDKNKXRSZPM-XBXBPLPCNA-N,-10.497
GBA,c_ASP126,mut_s1,detail,1,142,QQPOIMHFFPBDQM-LELJVTLKNA-N,-9.404
GBA,c_ASP126,mut_s1,detail,1,143,NYFQURFFDGCBCB-MAQJPOOANA-N,-8.514
GBA,c_ASP126,mut_s1,detail,1,144,HXZVHWHABLBWBS-MTTPVDACNA-N,-11.713
GBA,c_ASP126,mut_s1,detail,1,145,IWYYSOJWYLZKLK-LELJVTLKNA-N,-8.954
GBA,c_ASP126,mut_s1,detail,1,146,HOGUCNPGZXMBGW-UHFFFAOYNA-N,-10.95
GBA,c_ASP126,mut_s1,detail,1,147,VITUDJAVASFPKN-DUFUIDNCNA-N,-9.703
GBA,c_ASP126,mut_s1,detail,1,148,IXAHDCRYEUYPBG-SCXYCHFONA-N,-11.818
GBA,c_ASP126,mut_s1,detail,1,149,JWHMEKMLAZQDNS-OZMOGHDGNA-N,-9.004
GBA,c_ASP126,mut_s1,detail,1,150,BZWNBTIJLRHNDZ-LBOYIXSDNA-N,-9.83
GBA,c_ASP126,mut_s1,detail,1,151,RECYROBESYRUML-UHFFFAOYNA-N,-10.291
GBA,c_ASP126,mut_s1,detail,1,152,MLDSJJJLQRZNKW-UHBIVWOUNA-N,-9.327
GBA,c_ASP126,mut_s1,detail,1,153,XTWIHJARHCYNFX-PHXLCVRDNA-N,-8.516
GBA,c_ASP126,mut_s1,detail,1,154,UQGFETVWTRDGKJ-UHFFFAOYNA-N,-9.444
GBA,c_ASP126,mut_s1,detail,1,155,VJFSMDWEMFOWDK-CYSPOYASNA-N,-10.221
GBA,c_ASP126,mut_s1,detail,1,156,NZYLXYBIWNIAGH-CYSPOYASNA-N,-10.438
GBA,c_ASP126,mut_s1,detail,1,157,ODXCWFOKLBJQNP-MPIMZMORNA-N,-9.274
GBA,c_ASP126,mut_s1,detail,1,158,FVDNMAPPDSKXKQ-UHFFFAOYNA-N,-11.013
GBA,c_ASP126,mut_s1,detail,1,159,DOPWMPRIRWTOOD-CCHPKIMANA-N,-10.365
GBA,c_PHE245,mut_s1,detail,1,0,URVMSYHISUZXNH-UYBDAZJANA-N,-8.196
GBA,c_PHE245,mut_s1,detail,1,1,KXRPCFINVWWFHQ-UHFFFAOYNA-N,-5.425
GBA,c_PHE245,mut_s1,detail,1,2,NICJTSHRYBTHAS-YHMJCDSINA-N,-7.658
GBA,c_PHE245,mut_s1,detail,1,3,SWRZVDTZHDWPDS-AWIDAIFANA-N,-8.542
GBA,c_PHE245,mut_s1,detail,1,4,RKNSLLSUFWWYCA-UHFFFAOYNA-N,-8.809
GBA,c_PHE245,mut_s1,detail,1,5,OZFSIKFTRRUDES-RIYZIHGNNA-N,-6.506
GBA,c_PHE245,mut_s1,detail,1,6,AAGGUCRASUJPPN-UHFFFAOYNA-N,-7.489
GBA,c_PHE245,mut_s1,detail,1,7,OYHXDPMAFYHDNG-YAQRNVERNA-N,-7.693
GBA,c_PHE245,mut_s1,detail,1,8,AWILWAIEQYZUEQ-UHFFFAOYNA-N,-7.065
GBA,c_PHE245,mut_s1,detail,1,9,WSFAXHLMQUUHQT-VMPITWQZNA-N,-7.961
GBA,c_PHE245,mut_s1,detail,1,10,WPHMTVNOXKBZKN-UHFFFAOYNA-N,-6.663
GBA,c_PHE245,mut_s1,detail,1,11,LPEIZNODGHDCCW-UHFFFAOYNA-N,-7.045
GBA,c_PHE245,mut_s1,detail,1,12,QQHWWDVSRWOHEP-LILDFLRNNA-N,-8.236
GBA,c_PHE245,mut_s1,detail,1,13,UMEVSSPGBFVQNC-UHFFFAOYNA-N,-6.612
GBA,c_PHE245,mut_s1,detail,1,14,VZDIOEKWWZRNQN-UHFFFAOYNA-N,-8.401
GBA,c_PHE245,mut_s1,detail,1,15,JEVLDOUORFAHRS-NDKGDYFDNA-N,-7.642
GBA,c_PHE245,mut_s1,detail,1,16,NFTGJNJRMWUBPG-GPQMBLKYNA-N,-7.336
GBA,c_PHE245,mut_s1,detail,1,17,UMUUTEZBWGDVDA-UHFFFAOYNA-N,-7.842
GBA,c_PHE245,mut_s1,detail,1,18,VLQKEPLNPGYNDJ-HCKMINDGNA-N,-7.479
GBA,c_PHE245,mut_s1,detail,1,19,PPMVTAATPZLMJM-CDDDEJBQNA-N,-8.562
GBA,c_PHE245,mut_s1,detail,1,20,AHLYFAKLKLMESK-YAQRNVERNA-N,-7.221
GBA,c_PHE245,mut_s1,detail,1,21,GYEJYLAGVWRSIM-KGJHZMDYNA-N,-7.652
GBA,c_PHE245,mut_s1,detail,1,22,RXVALSLAUOIYLW-UHFFFAOYNA-N,-7.316
GBA,c_PHE245,mut_s1,detail,1,23,NSELYIFATLFDOZ-JLGFQASFNA-N,-7.834
GBA,c_PHE245,mut_s1,detail,1,24,COQFBYACOHFCEC-UHFFFAOYNA-N,-8.108
GBA,c_PHE245,mut_s1,detail,1,25,CJGJXFCLDYQBFQ-YJGXKCCXNA-N,-8.147
GBA,c_PHE245,mut_s1,detail,1,26,BWNGRRJLFYHENY-INIZCTEONA-N,-7.137
GBA,c_PHE245,mut_s1,detail,1,27,BNRFXWSJKVJVOF-UYBDAZJANA-N,-8.562
GBA,c_PHE245,mut_s1,detail,1,28,DMULMZBZVBBWBY-PJZINPJWNA-N,-8.743
GBA,c_PHE245,mut_s1,detail,1,29,AXLAIGJGNKHDPO-UHFFFAOYNA-N,-6.621
GBA,c_PHE245,mut_s1,detail,1,30,RKDGAONZEPYEBT-WXRBYKJCNA-N,-7.13
GBA,c_PHE245,mut_s1,detail,1,31,MBOYDUZSCSNUQL-MBBDSNKKNA-N,-7.803
GBA,c_PHE245,mut_s1,detail,1,32,KPVDBHRTXOFQDK-YAQRNVERNA-N,-6.475
GBA,c_PHE245,mut_s1,detail,1,33,LVCNFMYUKISBSB-VJSNTGQMNA-N,-7.146
GBA,c_PHE245,mut_s1,detail,1,34,XLAHCIRKLMJUQC-DZQCGVKKNA-N,-8.99
GBA,c_PHE245,mut_s1,detail,1,35,QNYHDABGLCBJOE-SHHGZXMVNA-N,-8.263
GBA,c_PHE245,mut_s1,detail,1,36,HEKNRISBWSPMOG-OWTLIXCDNA-N,-7.506
GBA,c_PHE245,mut_s1,detail,1,37,VIRNXCRLEVZXNX-LILDFLRNNA-N,-9.588
GBA,c_PHE245,mut_s1,detail,1,38,SRTGERSEXJGDMR-UHFFFAOYNA-N,-6.987
GBA,c_PHE245,mut_s1,detail,1,39,ZGMGSSRLZJYOKH-WXRBYKJCNA-N,-7.294
GBA,c_PHE245,mut_s1,detail,1,40,VGYFDFRFGHHCDA-CUTUCBJDNA-N,-9.112
GBA,c_PHE245,mut_s1,detail,1,41,DILPMLYWQJPNLO-HCKMINDGNA-N,-8.771
GBA,c_PHE245,mut_s1,detail,1,42,RSOODJIGEVJLMK-LQFNOIFHNA-N,-9.244
GBA,c_PHE245,mut_s1,detail,1,43,OWHHWMUAYBIQPR-UHFFFAOYNA-N,-8.806
GBA,c_PHE245,mut_s1,detail,1,44,KPIKMVZJKZDOFC-UHFFFAOYNA-N,-9.303
GBA,c_PHE245,mut_s1,detail,1,45,DIKDKRUREJXLMR-DPMTXJEANA-N,-8.6
GBA,c_PHE245,mut_s1,detail,1,46,QRVJDPKQHAVBDK-UYBDAZJANA-N,-8.127
GBA,c_PHE245,mut_s1,detail,1,47,SGBSFKSDPWOALT-UYBDAZJANA-N,-8.319
GBA,c_PHE245,mut_s1,detail,1,48,CYHFRNFVZWVHCG-OTJKMEOQNA-N,-8.272
GBA,c_PHE245,mut_s1,detail,1,49,MJUDQDHXCQONOA-MPIMZMORNA-N,-8.581
GBA,c_PHE245,mut_s1,detail,1,50,RNVYRNLUUYNQAS-PKSOQXRJNA-N,-8.413
GBA,c_PHE245,mut_s1,detail,1,51,DLZXOZYETDVJEB-QWOVJGMINA-N,-7.142
GBA,c_PHE245,mut_s1,detail,1,52,HSICVZRDGBJSEL-GPQMBLKYNA-N,-8.478
GBA,c_PHE245,mut_s1,detail,1,53,HMRUHHFLIMYEAF-QNGOCPJXNA-N,-7.634
GBA,c_PHE245,mut_s1,detail,1,54,ZZOWQPSBJUXHCA-YSPRVCGUNA-N,-8.591
GBA,c_PHE245,mut_s1,detail,1,55,WDDJLHOUFWSQSV-UHFFFAOYNA-N,-9.182
GBA,c_PHE245,mut_s1,detail,1,56,UKLIIGXGTPSYBF-IBCWCQIKNA-N,-8.545
GBA,c_PHE245,mut_s1,detail,1,57,LNPOBRXJZYGQMS-MOHJPFBDNA-N,-9.343
GBA,c_PHE245,mut_s1,detail,1,58,FYILBFPPKIZBTO-UHFFFAOYNA-N,-8.107
GBA,c_PHE245,mut_s1,detail,1,59,MIKIJFODTJGFDI-LILDFLRNNA-N,-7.882
GBA,c_PHE245,mut_s1,detail,1,60,RUWCNSLWWCWTSU-LILDFLRNNA-N,-9.743
GBA,c_PHE245,mut_s1,detail,1,61,KLQWCHKIQJHYIB-UHFFFAOYNA-N,-9.992
GBA,c_PHE245,mut_s1,detail,1,62,QKAWGENQCGFAOE-NPVYFSBINA-N,-7.996
GBA,c_PHE245,mut_s1,detail,1,63,KGOKCBRZBBEYBE-MMRXBHCZNA-N,-10.322
GBA,c_PHE245,mut_s1,detail,1,64,ROFRXCLSWKEWTN-UHFFFAOYNA-N,-8.103
GBA,c_PHE245,mut_s1,detail,1,65,AKRMJNKLSCBEME-FPYGCLRLNA-N,-7.204
GBA,c_PHE245,mut_s1,detail,1,66,LCGJUJZLLYTYIF-XMFFZCEENA-N,-7.83
GBA,c_PHE245,mut_s1,detail,1,67,FREQNFSEYLEFOI-QRCVEOAVNA-N,-8.163
GBA,c_PHE245,mut_s1,detail,1,68,MHMINAYLMNBGSM-UHFFFAOYNA-N,-7.763
GBA,c_PHE245,mut_s1,detail,1,69,SYMNTBHEGHFZMV-UHFFFAOYNA-N,-7.954
GBA,c_PHE245,mut_s1,detail,1,70,NNCRWGMPCGSKOO-LILDFLRNNA-N,-8.254
GBA,c_PHE245,mut_s1,detail,1,71,ZCRRNCCNJMRGFI-UHFFFAOYNA-N,-9.12
GBA,c_PHE245,mut_s1,detail,1,72,PYVZEIBGEUQNQQ-UHFFFAOYNA-N,-9.097
GBA,c_PHE245,mut_s1,detail,1,73,OROJQWVRCGJACT-XBTAAFKLNA-N,-9.957
GBA,c_PHE245,mut_s1,detail,1,74,TXYUWXKCUDOUGU-JLGFQASFNA-N,-7.648
GBA,c_PHE245,mut_s1,detail,1,75,LAZANALODSEDSE-UHFFFAOYNA-N,-8.597
GBA,c_PHE245,mut_s1,detail,1,76,RJXCYVJLXGRCHK-UHFFFAOYNA-N,-9.175
GBA,c_PHE245,mut_s1,detail,1,77,FUSKIBWHJAWEFI-IEJAXPBYNA-N,-7.978
GBA,c_PHE245,mut_s1,detail,1,78,SGWVLOCBQLQWQV-UHFFFAOYNA-N,-8.391
GBA,c_PHE245,mut_s1,detail,1,79,PPXRQTYXLZCDAZ-QWOVJGMINA-N,-8.427
GBA,c_PHE245,mut_s1,detail,1,80,DIFBADFWLVYFHV-LELJVTLKNA-N,-9.24
GBA,c_PHE245,mut_s1,detail,1,81,XREOSEVJCQGCHE-MHPMNMKGNA-N,-10.006
GBA,c_PHE245,mut_s1,detail,1,82,ZHGPKHBXSKWZEQ-UHFFFAOYNA-N,-9.514
GBA,c_PHE245,mut_s1,detail,1,83,ZFAYPJJNPSNAFK-UHFFFAOYNA-N,-9.408
GBA,c_PHE245,mut_s1,detail,1,84,LTXMRAGWIDQTQT-MYUTVWBTNA-N,-10.222
GBA,c_PHE245,mut_s1,detail,1,85,VXQHYHSSGLOALC-SPEPDGBUNA-N,-10.486
GBA,c_PHE245,mut_s1,detail,1,86,KWDSFRAWCISROF-PJQSKVNONA-N,-9.613
GBA,c_PHE245,mut_s1,detail,1,87,ZJZXSQPHUQUHIV-ZGZFQTMPNA-N,-10.296
GBA,c_PHE245,mut_s1,detail,1,88,UYHIVPBYFWVWEJ-UHFFFAOYNA-N,-10.528
GBA,c_PHE245,mut_s1,detail,1,89,PLEFJSUCKRWHBY-LNNLXFCONA-N,-8.732
GBA,c_PHE245,mut_s1,detail,1,90,DNSRQCRQLKJUCC-PDJAEHLQNA-N,-8.74
GBA,c_PHE245,mut_s1,detail,1,91,PHYKZCBUNVYJNH-YDBXFXKPNA-N,-7.805
GBA,c_PHE245,mut_s1,detail,1,92,OOUHZBUAVKCDGA-UHFFFAOYNA-N,-9.554
GBA,c_PHE245,mut_s1,detail,1,93,UUQDFZFJDFMLHW-UHFFFAOYNA-N,-8.25
GBA,c_PHE245,mut_s1,detail,1,94,OOUDDHNLDLLUOL-SKKVRFOWNA-N,-9.042
GBA,c_PHE245,mut_s1,detail,1,95,ZDMQSUAMTLXUTE-MPIMZMORNA-N,-9.802
GBA,c_PHE245,mut_s1,detail,1,96,NMPLPABDEKPABN-UHFFFAOYNA-N,-8.532
GBA,c_PHE245,mut_s1,detail,1,97,INZRHGSVWGRHBM-NPVYFSBINA-N,-10.158
GBA,c_PHE245,mut_s1,detail,1,98,RVGCWMKVTAEQIH-LNNLXFCONA-N,-9.114
GBA,c_PHE245,mut_s1,detail,1,99,VRXWKRQOVMZBAF-LJQANCHMNA-N,-9.314
GBA,c_PHE245,mut_s1,detail,1,100,QACLWOIBBYOHQP-UYBDAZJANA-N,-8.542
GBA,c_PHE245,mut_s1,detail,1,101,ZNXSZVFPCBIELQ-LNNLXFCONA-N,-8.156
GBA,c_PHE245,mut_s1,detail,1,102,GKMWCCNMKRSQHR-VEKUMTKDNA-N,-9.098
GBA,c_PHE245,mut_s1,detail,1,103,FFGUSRSMWFYKGK-SKKVRFOWNA-N,-9.328
GBA,c_PHE245,mut_s1,detail,1,104,KXBDDGKXLZBLOM-SPEPDGBUNA-N,-9.442
GBA,c_PHE245,mut_s1,detail,1,105,MIUWULAZCXYTJW-MSHHZIMBNA-N,-9.709
GBA,c_PHE245,mut_s1,detail,1,106,JPZOYWVRFLZCIC-NJNXFGOHNA-N,-10.314
GBA,c_PHE245,mut_s1,detail,1,107,FAIQTLBYDVKBAB-DVIAZDKANA-N,-9.337
GBA,c_PHE245,mut_s1,detail,1,108,APFLRZZAOXCNAZ-UHFFFAOYNA-N,-8.669
GBA,c_PHE245,mut_s1,detail,1,109,BSQLDSQTGOZBFD-UHFFFAOYNA-N,-9.239
GBA,c_PHE245,mut_s1,detail,1,110,ZVVCFJXCDATSCC-UHFFFAOYNA-N,-8.85
GBA,c_PHE245,mut_s1,detail,1,111,SKEQTXZATFWVMB-UYBDAZJANA-N,-7.744
GBA,c_PHE245,mut_s1,detail,1,112,IATWYRHDJKMBQK-MPIMZMORNA-N,-7.551
GBA,c_PHE245,mut_s1,detail,1,113,JPWOEQDCUZCWKT-MPIMZMORNA-N,-7.573
GBA,c_PHE245,mut_s1,detail,1,114,RYHSAXRBHDHPPK-PKSOQXRJNA-N,-8.031
GBA,c_PHE245,mut_s1,detail,1,115,GKKJWUFVZJJFPG-MPIMZMORNA-N,-8.711
GBA,c_PHE245,mut_s1,detail,1,116,FDNZXFDUCINVLY-BDGWVKIONA-N,-8.041
GBA,c_PHE245,mut_s1,detail,1,117,KTBYKHKWIFIFAK-UHFFFAOYNA-N,-10.447
GBA,c_PHE245,mut_s1,detail,1,118,ZRXZEWGUECXTTQ-LQFNOIFHNA-N,-9.465
GBA,c_PHE245,mut_s1,detail,1,119,XNACBBGLIAJNJM-PECIQRARNA-N,-8.803
GBA,c_PHE245,mut_s1,detail,1,120,WQZYYJRVBIQUGH-YWZOXAELNA-N,-7.154
GBA,c_PHE245,mut_s1,detail,1,121,ABMSRNRLDZVJFV-SWUIVHNENA-N,-9.23
GBA,c_PHE245,mut_s1,detail,1,122,ZEACBIUBSOLEGW-QAITUMOCNA-N,-10.985
GBA,c_PHE245,mut_s1,detail,1,123,UBFCDXVLKFOOGL-OKPOJWAQNA-N,-8.063
GBA,c_PHE245,mut_s1,detail,1,124,RRIHVAFUFDANEX-NSJMMFDCNA-N,-10.179
GBA,c_PHE245,mut_s1,detail,1,125,HASIAUWPWKTSBW-SREBMQDQNA-N,-8.558
GBA,c_PHE245,mut_s1,detail,1,126,WHBCKYHTCHCHAY-LQFNOIFHNA-N,-10.165
GBA,c_PHE245,mut_s1,detail,1,127,XMAYWYJOQHXEEK-JYFHCDHNNA-N,-8.983
GBA,c_PHE245,mut_s1,detail,1,128,TVKCFCZANTZCSU-OYRHEFFENA-N,-9.96
GBA,c_PHE245,mut_s1,detail,1,129,OJFIIUWPOHBVMH-LNNLXFCONA-N,-8.599
GBA,c_PHE245,mut_s1,detail,1,130,DKLZMGFTGWKNCD-DIRLUKLVNA-N,-9.915
GBA,c_PHE245,mut_s1,detail,1,131,PYSLGWZFRQWTDD-PWIKPTQSNA-N,-10.808
GBA,c_PHE245,mut_s1,detail,1,132,MWMBIUUYBQWKJX-QTUCRYGENA-N,-9.832
GBA,c_PHE245,mut_s1,detail,1,133,FLYQFCXTEFTSQN-UHFFFAOYNA-N,-8.974
GBA,c_PHE245,mut_s1,detail,1,134,PBIBDSDWIMZYDT-WBWGZOKWNA-N,-9.885
GBA,c_PHE245,mut_s1,detail,1,135,GSRWMFGBDLHGBU-YEFLILRRNA-N,-9.097
GBA,c_PHE245,mut_s1,detail,1,136,AYIJJQHMZAEQKE-QDAGQJSJNA-N,-9.857
GBA,c_PHE245,mut_s1,detail,1,137,JVWTZUKPDMRNDC-FSAKADSPNA-N,-10.342
GBA,c_PHE245,mut_s1,detail,1,138,XAZPLOLSRXZDBO-LBZABMTDNA-N,-8.726
GBA,c_PHE245,mut_s1,detail,1,139,RGWVFJBNHCWCTL-CFEGKOCINA-N,-9.376
GBA,c_PHE245,mut_s1,detail,1,140,YYWNRQZCPIMCAK-UHFFFAOYNA-N,-8.415
GBA,c_PHE245,mut_s1,detail,1,141,PBTZDKNKXRSZPM-XBXBPLPCNA-N,-10.451
GBA,c_PHE245,mut_s1,detail,1,142,QQPOIMHFFPBDQM-LELJVTLKNA-N,-8.665
GBA,c_PHE245,mut_s1,detail,1,143,NYFQURFFDGCBCB-MAQJPOOANA-N,-9.443
GBA,c_PHE245,mut_s1,detail,1,144,HXZVHWHABLBWBS-MTTPVDACNA-N,-11.29
GBA,c_PHE245,mut_s1,detail,1,145,IWYYSOJWYLZKLK-LELJVTLKNA-N,-8.496
GBA,c_PHE245,mut_s1,detail,1,146,HOGUCNPGZXMBGW-UHFFFAOYNA-N,-9.998
GBA,c_PHE245,mut_s1,detail,1,147,VITUDJAVASFPKN-DUFUIDNCNA-N,-9.243
GBA,c_PHE245,mut_s1,detail,1,148,IXAHDCRYEUYPBG-SCXYCHFONA-N,-11.194
GBA,c_PHE245,mut_s1,detail,1,149,JWHMEKMLAZQDNS-OZMOGHDGNA-N,-8.983
GBA,c_PHE245,mut_s1,detail,1,150,BZWNBTIJLRHNDZ-LBOYIXSDNA-N,-9.303
GBA,c_PHE245,mut_s1,detail,1,151,RECYROBESYRUML-UHFFFAOYNA-N,-10.837
GBA,c_PHE245,mut_s1,detail,1,152,MLDSJJJLQRZNKW-UHBIVWOUNA-N,-10.675
GBA,c_PHE245,mut_s1,detail,1,153,XTWIHJARHCYNFX-PHXLCVRDNA-N,-9.344
GBA,c_PHE245,mut_s1,detail,1,154,UQGFETVWTRDGKJ-UHFFFAOYNA-N,-8.996
GBA,c_PHE245,mut_s1,detail,1,155,VJFSMDWEMFOWDK-CYSPOYASNA-N,-8.516
GBA,c_PHE245,mut_s1,detail,1,156,NZYLXYBIWNIAGH-CYSPOYASNA-N,-9.419
GBA,c_PHE245,mut_s1,detail,1,157,ODXCWFOKLBJQNP-MPIMZMORNA-N,-8.762
GBA,c_PHE245,mut_s1,detail,1,158,FVDNMAPPDSKXKQ-UHFFFAOYNA-N,-10.531
GBA,c_PHE245,mut_s1,detail,1,159,DOPWMPRIRWTOOD-CCHPKIMANA-N,-10.452
GBA,c_TRP380,mut_s1,detail,1,0,URVMSYHISUZXNH-UYBDAZJANA-N,-9.16
GBA,c_TRP380,mut_s1,detail,1,1,KXRPCFINVWWFHQ-UHFFFAOYNA-N,-5.154
GBA,c_TRP380,mut_s1,detail,1,2,NICJTSHRYBTHAS-YHMJCDSINA-N,-7.841
GBA,c_TRP380,mut_s1,detail,1,3,SWRZVDTZHDWPDS-AWIDAIFANA-N,-9.206
GBA,c_TRP380,mut_s1,detail,1,4,RKNSLLSUFWWYCA-UHFFFAOYNA-N,-9.499
GBA,c_TRP380,mut_s1,detail,1,5,OZFSIKFTRRUDES-RIYZIHGNNA-N,-7.343
GBA,c_TRP380,mut_s1,detail,1,6,AAGGUCRASUJPPN-UHFFFAOYNA-N,-8.586
GBA,c_TRP380,mut_s1,detail,1,7,OYHXDPMAFYHDNG-YAQRNVERNA-N,-8.278
GBA,c_TRP380,mut_s1,detail,1,8,AWILWAIEQYZUEQ-UHFFFAOYNA-N,-7.613
GBA,c_TRP380,mut_s1,detail,1,9,WSFAXHLMQUUHQT-VMPITWQZNA-N,-8.662
GBA,c_TRP380,mut_s1,detail,1,10,WPHMTVNOXKBZKN-UHFFFAOYNA-N,-7.36
GBA,c_TRP380,mut_s1,detail,1,11,LPEIZNODGHDCCW-UHFFFAOYNA-N,-6.909
GBA,c_TRP380,mut_s1,detail,1,12,QQHWWDVSRWOHEP-LILDFLRNNA-N,-8.675
GBA,c_TRP380,mut_s1,detail,1,13,UMEVSSPGBFVQNC-UHFFFAOYNA-N,-7.051
GBA,c_TRP380,mut_s1,detail,1,14,VZDIOEKWWZRNQN-UHFFFAOYNA-N,-9.454
GBA,c_TRP380,mut_s1,detail,1,15,JEVLDOUORFAHRS-NDKGDYFDNA-N,-7.636
GBA,c_TRP380,mut_s1,detail,1,16,NFTGJNJRMWUBPG-GPQMBLKYNA-N,-8.307
GBA,c_TRP380,mut_s1,detail,1,17,UMUUTEZBWGDVDA-UHFFFAOYNA-N,-8.614
GBA,c_TRP380,mut_s1,detail,1,18,VLQKEPLNPGYNDJ-HCKMINDGNA-N,-8.496
GBA,c_TRP380,mut_s1,detail,1,19,PPMVTAATPZLMJM-CDDDEJBQNA-N,-8.267
GBA,c_TRP380,mut_s1,detail,1,20,AHLYFAKLKLMESK-YAQRNVERNA-N,-7.488
GBA,c_TRP380,mut_s1,detail,1,21,GYEJYLAGVWRSIM-KGJHZMDYNA-N,-7.837
GBA,c_TRP380,mut_s1,detail,1,22,RXVALSLAUOIYLW-UHFFFAOYNA-N,-7.34
GBA,c_TRP380,mut_s1,detail,1,23,NSELYIFATLFDOZ-JLGFQASFNA-N,-8.947
GBA,c_TRP380,mut_s1,detail,1,24,COQFBYACOHFCEC-UHFFFAOYNA-N,-7.625
GBA,c_TRP380,mut_s1,detail,1,25,CJGJXFCLDYQBFQ-YJGXKCCXNA-N,-9.074
GBA,c_TRP380,mut_s1,detail,1,26,BWNGRRJLFYHENY-INIZCTEONA-N,-7.502
GBA,c_TRP380,mut_s1,detail,1,27,BNRFXWSJKVJVOF-UYBDAZJANA-N,-8.883
GBA,c_TRP380,mut_s1,detail,1,28,DMULMZBZVBBWBY-PJZINPJWNA-N,-9.042
GBA,c_TRP380,mut_s1,detail,1,29,AXLAIGJGNKHDPO-UHFFFAOYNA-N,-7.148
GBA,c_TRP380,mut_s1,detail,1,30,RKDGAONZEPYEBT-WXRBYKJCNA-N,-7.503
GBA,c_TRP380,mut_s1,detail,1,31,MBOYDUZSCSNUQL-MBBDSNKKNA-N,-8.082
GBA,c_TRP380,mut_s1,detail,1,32,KPVDBHRTXOFQDK-YAQRNVERNA-N,-7.311
GBA,c_TRP380,mut_s1,detail,1,33,LVCNFMYUKISBSB-VJSNTGQMNA-N,-8.008
GBA,c_TRP380,mut_s1,detail,1,34,XLAHCIRKLMJUQC-DZQCGVKKNA-N,-8.77
GBA,c_TRP380,mut_s1,detail,1,35,QNYHDABGLCBJOE-SHHGZXMVNA-N,-9.516
GBA,c_TRP380,mut_s1,detail,1,36,HEKNRISBWSPMOG-OWTLIXCDNA-N,-7.526
GBA,c_TRP380,mut_s1,detail,1,37,VIRNXCRLEVZXNX-LILDFLRNNA-N,-10.585
GBA,c_TRP380,mut_s1,detail,1,38,SRTGERSEXJGDMR-UHFFFAOYNA-N,-6.925
GBA,c_TRP380,mut_s1,detail,1,39,ZGMGSSRLZJYOKH-WXRBYKJCNA-N,-7.702
GBA,c_TRP380,mut_s1,detail,1,40,VGYFDFRFGHHCDA-CUTUCBJDNA-N,-9.004
GBA,c_TRP380,mut_s1,detail,1,41,DILPMLYWQJPNLO-HCKMINDGNA-N,-8.39
GBA,c_TRP380,mut_s1,detail,1,42,RSOODJIGEVJLMK-LQFNOIFHNA-N,-9.79
GBA,c_TRP380,mut_s1,detail,1,43,OWHHWMUAYBIQPR-UHFFFAOYNA-N,-9.988
GBA,c_TRP380,mut_s1,detail,1,44,KPIKMVZJKZDOFC-UHFFFAOYNA-N,-10.196
GBA,c_TRP380,mut_s1,detail,1,45,DIKDKRUREJXLMR-DPMTXJEANA-N,-9.867
GBA,c_TRP380,mut_s1,detail,1,46,QRVJDPKQHAVBDK-UYBDAZJANA-N,-8.581
GBA,c_TRP380,mut_s1,detail,1,47,SGBSFKSDPWOALT-UYBDAZJANA-N,-9.27
GBA,c_TRP380,mut_s1,detail,1,48,CYHFRNFVZWVHCG-OTJKMEOQNA-N,-8.868
GBA,c_TRP380,mut_s1,detail,1,49,MJUDQDHXCQONOA-MPIMZMORNA-N,-8.714
GBA,c_TRP380,mut_s1,detail,1,50,RNVYRNLUUYNQAS-PKSOQXRJNA-N,-9.863
GBA,c_TRP380,mut_s1,detail,1,51,DLZXOZYETDVJEB-QWOVJGMINA-N,-7.311
GBA,c_TRP380,mut_s1,detail,1,52,HSICVZRDGBJSEL-GPQMBLKYNA-N,-8.593
GBA,c_TRP380,mut_s1,detail,1,53,HMRUHHFLIMYEAF-QNGOCPJXNA-N,-7.716
GBA,c_TRP380,mut_s1,detail,1,54,ZZOWQPSBJUXHCA-YSPRVCGUNA-N,-9.789
GBA,c_TRP380,mut_s1,detail,1,55,WDDJLHOUFWSQSV-UHFFFAOYNA-N,-9.383
GBA,c_TRP380,mut_s1,detail,1,56,UKLIIGXGTPSYBF-IBCWCQIKNA-N,-9.141
GBA,c_TRP380,mut_s1,detail,1,57,LNPOBRXJZYGQMS-MOHJPFBDNA-N,-9.848
GBA,c_TRP380,mut_s1,detail,1,58,FYILBFPPKIZBTO-UHFFFAOYNA-N,-7.994
GBA,c_TRP380,mut_s1,detail,1,59,MIKIJFODTJGFDI-LILDFLRNNA-N,-8.948
GBA,c_TRP380,mut_s1,detail,1,60,RUWCNSLWWCWTSU-LILDFLRNNA-N,-9.826
GBA,c_TRP380,mut_s1,detail,1,61,KLQWCHKIQJHYIB-UHFFFAOYNA-N,-10.337
GBA,c_TRP380,mut_s1,detail,1,62,QKAWGENQCGFAOE-NPVYFSBINA-N,-9.098
GBA,c_TRP380,mut_s1,detail,1,63,KGOKCBRZBBEYBE-MMRXBHCZNA-N,-10.316
GBA,c_TRP380,mut_s1,detail,1,64,ROFRXCLSWKEWTN-UHFFFAOYNA-N,-8.094
GBA,c_TRP380,mut_s1,detail,1,65,AKRMJNKLSCBEME-FPYGCLRLNA-N,-8.336
GBA,c_TRP380,mut_s1,detail,1,66,LCGJUJZLLYTYIF-XMFFZCEENA-N,-7.892
GBA,c_TRP380,mut_s1,detail,1,67,FREQNFSEYLEFOI-QRCVEOAVNA-N,-8.765
GBA,c_TRP380,mut_s1,detail,1,68,MHMINAYLMNBGSM-UHFFFAOYNA-N,-7.662
GBA,c_TRP380,mut_s1,detail,1,69,SYMNTBHEGHFZMV-UHFFFAOYNA-N,-8.013
GBA,c_TRP380,mut_s1,detail,1,70,NNCRWGMPCGSKOO-LILDFLRNNA-N,-8.232
GBA,c_TRP380,mut_s1,detail,1,71,ZCRRNCCNJMRGFI-UHFFFAOYNA-N,-9.954
GBA,c_TRP380,mut_s1,detail,1,72,PYVZEIBGEUQNQQ-UHFFFAOYNA-N,-9.323
GBA,c_TRP380,mut_s1,detail,1,73,OROJQWVRCGJACT-XBTAAFKLNA-N,-10.04
GBA,c_TRP380,mut_s1,detail,1,74,TXYUWXKCUDOUGU-JLGFQASFNA-N,-8.106
GBA,c_TRP380,mut_s1,detail,1,75,LAZANALODSEDSE-UHFFFAOYNA-N,-8.699
GBA,c_TRP380,mut_s1,detail,1,76,RJXCYVJLXGRCHK-UHFFFAOYNA-N,-10.992
GBA,c_TRP380,mut_s1,detail,1,77,FUSKIBWHJAWEFI-IEJAXPBYNA-N,-8.614
GBA,c_TRP380,mut_s1,detail,1,78,SGWVLOCBQLQWQV-UHFFFAOYNA-N,-9.315
GBA,c_TRP380,mut_s1,detail,1,79,PPXRQTYXLZCDAZ-QWOVJGMINA-N,-9.874
GBA,c_TRP380,mut_s1,detail,1,80,DIFBADFWLVYFHV-LELJVTLKNA-N,-9.254
GBA,c_TRP380,mut_s1,detail,1,81,XREOSEVJCQGCHE-MHPMNMKGNA-N,-10.074
GBA,c_TRP380,mut_s1,detail,1,82,ZHGPKHBXSKWZEQ-UHFFFAOYNA-N,-8.893
GBA,c_TRP380,mut_s1,detail,1,83,ZFAYPJJNPSNAFK-UHFFFAOYNA-N,-9.931
GBA,c_TRP380,mut_s1,detail,1,84,LTXMRAGWIDQTQT-MYUTVWBTNA-N,-10.389
GBA,c_TRP380,mut_s1,detail,1,85,VXQHYHSSGLOALC-SPEPDGBUNA-N,-10.811
GBA,c_TRP380,mut_s1,detail,1,86,KWDSFRAWCISROF-PJQSKVNONA-N,-9.98
GBA,c_TRP380,mut_s1,detail,1,87,ZJZXSQPHUQUHIV-ZGZFQTMPNA-N,-10.214
GBA,c_TRP380,mut_s1,detail,1,88,UYHIVPBYFWVWEJ-UHFFFAOYNA-N,-10.852
GBA,c_TRP380,mut_s1,detail,1,89,PLEFJSUCKRWHBY-LNNLXFCONA-N,-9.325
GBA,c_TRP380,mut_s1,detail,1,90,DNSRQCRQLKJUCC-PDJAEHLQNA-N,-8.929
GBA,c_TRP380,mut_s1,detail,1,91,PHYKZCBUNVYJNH-YDBXFXKPNA-N,-7.825
GBA,c_TRP380,mut_s1,detail,1,92,OOUHZBUAVKCDGA-UHFFFAOYNA-N,-9.962
GBA,c_TRP380,mut_s1,detail,1,93,UUQDFZFJDFMLHW-UHFFFAOYNA-N,-9.383
GBA,c_TRP380,mut_s1,detail,1,94,OOUDDHNLDLLUOL-SKKVRFOWNA-N,-10.139
GBA,c_TRP380,mut_s1,detail,1,95,ZDMQSUAMTLXUTE-MPIMZMORNA-N,-9.228
GBA,c_TRP380,mut_s1,detail,1,96,NMPLPABDEKPABN-UHFFFAOYNA-N,-9.264
GBA,c_TRP380,mut_s1,detail,1,97,INZRHGSVWGRHBM-NPVYFSBINA-N,-10.155
GBA,c_TRP380,mut_s1,detail,1,98,RVGCWMKVTAEQIH-LNNLXFCONA-N,-10.02
GBA,c_TRP380,mut_s1,detail,1,99,VRXWKRQOVMZBAF-LJQANCHMNA-N,-9.529
GBA,c_TRP380,mut_s1,detail,1,100,QACLWOIBBYOHQP-UYBDAZJANA-N,-9.028
GBA,c_TRP380,mut_s1,detail,1,101,ZNXSZVFPCBIELQ-LNNLXFCONA-N,-8.697
GBA,c_TRP380,mut_s1,detail,1,102,GKMWCCNMKRSQHR-VEKUMTKDNA-N,-9.273
GBA,c_TRP380,mut_s1,detail,1,103,FFGUSRSMWFYKGK-SKKVRFOWNA-N,-9.968
GBA,c_TRP380,mut_s1,detail,1,104,KXBDDGKXLZBLOM-SPEPDGBUNA-N,-9.759
GBA,c_TRP380,mut_s1,detail,1,105,MIUWULAZCXYTJW-MSHHZIMBNA-N,-10.07
GBA,c_TRP380,mut_s1,detail,1,106,JPZOYWVRFLZCIC-NJNXFGOHNA-N,-10.414
GBA,c_TRP380,mut_s1,detail,1,107,FAIQTLBYDVKBAB-DVIAZDKANA-N,-8.871
GBA,c_TRP380,mut_s1,detail,1,108,APFLRZZAOXCNAZ-UHFFFAOYNA-N,-7.778
GBA,c_TRP380,mut_s1,detail,1,109,BSQLDSQTGOZBFD-UHFFFAOYNA-N,-8.897
GBA,c_TRP380,mut_s1,detail,1,110,ZVVCFJXCDATSCC-UHFFFAOYNA-N,-9.931
GBA,c_TRP380,mut_s1,detail,1,111,SKEQTXZATFWVMB-UYBDAZJANA-N,-8.008
GBA,c_TRP380,mut_s1,detail,1,112,IATWYRHDJKMBQK-MPIMZMORNA-N,-9.146
GBA,c_TRP380,mut_s1,detail,1,113,JPWOEQDCUZCWKT-MPIMZMORNA-N,-8.165
GBA,c_TRP380,mut_s1,detail,1,114,RYHSAXRBHDHPPK-PKSOQXRJNA-N,-9.358
GBA,c_TRP380,mut_s1,detail,1,115,GKKJWUFVZJJFPG-MPIMZMORNA-N,-9.467
GBA,c_TRP380,mut_s1,detail,1,116,FDNZXFDUCINVLY-BDGWVKIONA-N,-9.269
GBA,c_TRP380,mut_s1,detail,1,117,KTBYKHKWIFIFAK-UHFFFAOYNA-N,-11.646
GBA,c_TRP380,mut_s1,detail,1,118,ZRXZEWGUECXTTQ-LQFNOIFHNA-N,-10.158
GBA,c_TRP380,mut_s1,detail,1,119,XNACBBGLIAJNJM-PECIQRARNA-N,-9.083
GBA,c_TRP380,mut_s1,detail,1,120,WQZYYJRVBIQUGH-YWZOXAELNA-N,-9.695
GBA,c_TRP380,mut_s1,detail,1,121,ABMSRNRLDZVJFV-SWUIVHNENA-N,-9.353
GBA,c_TRP380,mut_s1,detail,1,122,ZEACBIUBSOLEGW-QAITUMOCNA-N,-11.409
GBA,c_TRP380,mut_s1,detail,1,123,UBFCDXVLKFOOGL-OKPOJWAQNA-N,-9.565
GBA,c_TRP380,mut_s1,detail,1,124,RRIHVAFUFDANEX-NSJMMFDCNA-N,-10.214
GBA,c_TRP380,mut_s1,detail,1,125,HASIAUWPWKTSBW-SREBMQDQNA-N,-9.68
GBA,c_TRP380,mut_s1,detail,1,126,WHBCKYHTCHCHAY-LQFNOIFHNA-N,-10.384
GBA,c_TRP380,mut_s1,detail,1,127,XMAYWYJOQHXEEK-JYFHCDHNNA-N,-10.361
GBA,c_TRP380,mut_s1,detail,1,128,TVKCFCZANTZCSU-OYRHEFFENA-N,-10.299
GBA,c_TRP380,mut_s1,detail,1,129,OJFIIUWPOHBVMH-LNNLXFCONA-N,-8.94
GBA,c_TRP380,mut_s1,detail,1,130,DKLZMGFTGWKNCD-DIRLUKLVNA-N,-10.757
GBA,c_TRP380,mut_s1,detail,1,131,PYSLGWZFRQWTDD-PWIKPTQSNA-N,-10.886
GBA,c_TRP380,mut_s1,detail,1,132,MWMBIUUYBQWKJX-QTUCRYGENA-N,-9.692
GBA,c_TRP380,mut_s1,detail,1,133,FLYQFCXTEFTSQN-UHFFFAOYNA-N,-9.228
GBA,c_TRP380,mut_s1,detail,1,134,PBIBDSDWIMZYDT-WBWGZOKWNA-N,-10.395
GBA,c_TRP380,mut_s1,detail,1,135,GSRWMFGBDLHGBU-YEFLILRRNA-N,-8.81
GBA,c_TRP380,mut_s1,detail,1,136,AYIJJQHMZAEQKE-QDAGQJSJNA-N,-9.719
GBA,c_TRP380,mut_s1,detail,1,137,JVWTZUKPDMRNDC-FSAKADSPNA-N,-10.431
GBA,c_TRP380,mut_s1,detail,1,138,XAZPLOLSRXZDBO-LBZABMTDNA-N,-9.113
GBA,c_TRP380,mut_s1,detail,1,139,RGWVFJBNHCWCTL-CFEGKOCINA-N,-10.351
GBA,c_TRP380,mut_s1,detail,1,140,YYWNRQZCPIMCAK-UHFFFAOYNA-N,-10.401
GBA,c_TRP380,mut_s1,detail,1,141,PBTZDKNKXRSZPM-XBXBPLPCNA-N,-10.635
GBA,c_TRP380,mut_s1,detail,1,142,QQPOIMHFFPBDQM-LELJVTLKNA-N,-9.369
GBA,c_TRP380,mut_s1,detail,1,143,NYFQURFFDGCBCB-MAQJPOOANA-N,-8.444
GBA,c_TRP380,mut_s1,detail,1,144,HXZVHWHABLBWBS-MTTPVDACNA-N,-11.712
GBA,c_TRP380,mut_s1,detail,1,145,IWYYSOJWYLZKLK-LELJVTLKNA-N,-8.728
GBA,c_TRP380,mut_s1,detail,1,146,HOGUCNPGZXMBGW-UHFFFAOYNA-N,-10.769
GBA,c_TRP380,mut_s1,detail,1,147,VITUDJAVASFPKN-DUFUIDNCNA-N,-10.362
GBA,c_TRP380,mut_s1,detail,1,148,IXAHDCRYEUYPBG-SCXYCHFONA-N,-11.781
GBA,c_TRP380,mut_s1,detail,1,149,JWHMEKMLAZQDNS-OZMOGHDGNA-N,-9.336
GBA,c_TRP380,mut_s1,detail,1,150,BZWNBTIJLRHNDZ-LBOYIXSDNA-N,-9.516
GBA,c_TRP380,mut_s1,detail,1,151,RECYROBESYRUML-UHFFFAOYNA-N,-10.305
GBA,c_TRP380,mut_s1,detail,1,152,MLDSJJJLQRZNKW-UHBIVWOUNA-N,-11.11
GBA,c_TRP380,mut_s1,detail,1,153,XTWIHJARHCYNFX-PHXLCVRDNA-N,-9.422
GBA,c_TRP380,mut_s1,detail,1,154,UQGFETVWTRDGKJ-UHFFFAOYNA-N,-9.333
GBA,c_TRP380,mut_s1,detail,1,155,VJFSMDWEMFOWDK-CYSPOYASNA-N,-10.568
GBA,c_TRP380,mut_s1,detail,1,156,NZYLXYBIWNIAGH-CYSPOYASNA-N,-10.267
GBA,c_TRP380,mut_s1,detail,1,157,ODXCWFOKLBJQNP-MPIMZMORNA-N,-8.759
GBA,c_TRP380,mut_s1,detail,1,158,FVDNMAPPDSKXKQ-UHFFFAOYNA-N,-10.649
GBA,c_TRP380,mut_s1,detail,1,159,DOPWMPRIRWTOOD-CCHPKIMANA-N,-10.133
GBA,c_TRP178,mut_s1,detail,1,0,URVMSYHISUZXNH-UYBDAZJANA-N,-9.321
GBA,c_TRP178,mut_s1,detail,1,1,KXRPCFINVWWFHQ-UHFFFAOYNA-N,-5.553
GBA,c_TRP178,mut_s1,detail,1,2,NICJTSHRYBTHAS-YHMJCDSINA-N,-8.032
GBA,c_TRP178,mut_s1,detail,1,3,SWRZVDTZHDWPDS-AWIDAIFANA-N,-8.809
GBA,c_TRP178,mut_s1,detail,1,4,RKNSLLSUFWWYCA-UHFFFAOYNA-N,-9.289
GBA,c_TRP178,mut_s1,detail,1,5,OZFSIKFTRRUDES-RIYZIHGNNA-N,-6.617
GBA,c_TRP178,mut_s1,detail,1,6,AAGGUCRASUJPPN-UHFFFAOYNA-N,-7.715
GBA,c_TRP178,mut_s1,detail,1,7,OYHXDPMAFYHDNG-YAQRNVERNA-N,-8.051
GBA,c_TRP178,mut_s1,detail,1,8,AWILWAIEQYZUEQ-UHFFFAOYNA-N,-7.379
GBA,c_TRP178,mut_s1,detail,1,9,WSFAXHLMQUUHQT-VMPITWQZNA-N,-8.306
GBA,c_TRP178,mut_s1,detail,1,10,WPHMTVNOXKBZKN-UHFFFAOYNA-N,-6.914
GBA,c_TRP178,mut_s1,detail,1,11,LPEIZNODGHDCCW-UHFFFAOYNA-N,-7.369
GBA,c_TRP178,mut_s1,detail,1,12,QQHWWDVSRWOHEP-LILDFLRNNA-N,-8.729
GBA,c_TRP178,mut_s1,detail,1,13,UMEVSSPGBFVQNC-UHFFFAOYNA-N,-6.215
GBA,c_TRP178,mut_s1,detail,1,14,VZDIOEKWWZRNQN-UHFFFAOYNA-N,-8.726
GBA,c_TRP178,mut_s1,detail,1,15,JEVLDOUORFAHRS-NDKGDYFDNA-N,-7.695
GBA,c_TRP178,mut_s1,detail,1,16,NFTGJNJRMWUBPG-GPQMBLKYNA-N,-7.881
GBA,c_TRP178,mut_s1,detail,1,17,UMUUTEZBWGDVDA-UHFFFAOYNA-N,-7.983
GBA,c_TRP178,mut_s1,detail,1,18,VLQKEPLNPGYNDJ-HCKMINDGNA-N,-7.489
GBA,c_TRP178,mut_s1,detail,1,19,PPMVTAATPZLMJM-CDDDEJBQNA-N,-8.427
GBA,c_TRP178,mut_s1,detail,1,20,AHLYFAKLKLMESK-YAQRNVERNA-N,-7.223
GBA,c_TRP178,mut_s1,detail,1,21,GYEJYLAGVWRSIM-KGJHZMDYNA-N,-8.097
GBA,c_TRP178,mut_s1,detail,1,22,RXVALSLAUOIYLW-UHFFFAOYNA-N,-7.309
GBA,c_TRP178,mut_s1,detail,1,23,NSELYIFATLFDOZ-JLGFQASFNA-N,-8.714
GBA,c_TRP178,mut_s1,detail,1,24,COQFBYACOHFCEC-UHFFFAOYNA-N,-7.789
GBA,c_TRP178,mut_s1,detail,1,25,CJGJXFCLDYQBFQ-YJGXKCCXNA-N,-8.596
GBA,c_TRP178,mut_s1,detail,1,26,BWNGRRJLFYHENY-INIZCTEONA-N,-7.82
GBA,c_TRP178,mut_s1,detail,1,27,BNRFXWSJKVJVOF-UYBDAZJANA-N,-8.294
GBA,c_TRP178,mut_s1,detail,1,28,DMULMZBZVBBWBY-PJZINPJWNA-N,-8.957
GBA,c_TRP178,mut_s1,detail,1,29,AXLAIGJGNKHDPO-UHFFFAOYNA-N,-6.702
GBA,c_TRP178,mut_s1,detail,1,30,RKDGAONZEPYEBT-WXRBYKJCNA-N,-7.125
GBA,c_TRP178,mut_s1,detail,1,31,MBOYDUZSCSNUQL-MBBDSNKKNA-N,-8.225
GBA,c_TRP178,mut_s1,detail,1,32,KPVDBHRTXOFQDK-YAQRNVERNA-N,-7.169
GBA,c_TRP178,mut_s1,detail,1,33,LVCNFMYUKISBSB-VJSNTGQMNA-N,-7.812
GBA,c_TRP178,mut_s1,detail,1,34,XLAHCIRKLMJUQC-DZQCGVKKNA-N,-8.734
GBA,c_TRP178,mut_s1,detail,1,35,QNYHDABGLCBJOE-SHHGZXMVNA-N,-9.405
GBA,c_TRP178,mut_s1,detail,1,36,HEKNRISBWSPMOG-OWTLIXCDNA-N,-7.529
GBA,c_TRP178,mut_s1,detail,1,37,VIRNXCRLEVZXNX-LILDFLRNNA-N,-9.941
GBA,c_TRP178,mut_s1,detail,1,38,SRTGERSEXJGDMR-UHFFFAOYNA-N,-6.783
GBA,c_TRP178,mut_s1,detail,1,39,ZGMGSSRLZJYOKH-WXRBYKJCNA-N,-7.373
GBA,c_TRP178,mut_s1,detail,1,40,VGYFDFRFGHHCDA-CUTUCBJDNA-N,-9.092
GBA,c_TRP178,mut_s1,detail,1,41,DILPMLYWQJPNLO-HCKMINDGNA-N,-8.517
GBA,c_TRP178,mut_s1,detail,1,42,RSOODJIGEVJLMK-LQFNOIFHNA-N,-9.132
GBA,c_TRP178,mut_s1,detail,1,43,OWHHWMUAYBIQPR-UHFFFAOYNA-N,-9.214
GBA,c_TRP178,mut_s1,detail,1,44,KPIKMVZJKZDOFC-UHFFFAOYNA-N,-10.021
GBA,c_TRP178,mut_s1,detail,1,45,DIKDKRUREJXLMR-DPMTXJEANA-N,-9.951
GBA,c_TRP178,mut_s1,detail,1,46,QRVJDPKQHAVBDK-UYBDAZJANA-N,-8.126
GBA,c_TRP178,mut_s1,detail,1,47,SGBSFKSDPWOALT-UYBDAZJANA-N,-8.721
GBA,c_TRP178,mut_s1,detail,1,48,CYHFRNFVZWVHCG-OTJKMEOQNA-N,-9.469
GBA,c_TRP178,mut_s1,detail,1,49,MJUDQDHXCQONOA-MPIMZMORNA-N,-8.956
GBA,c_TRP178,mut_s1,detail,1,50,RNVYRNLUUYNQAS-PKSOQXRJNA-N,-8.135
GBA,c_TRP178,mut_s1,detail,1,51,DLZXOZYETDVJEB-QWOVJGMINA-N,-7.212
GBA,c_TRP178,mut_s1,detail,1,52,HSICVZRDGBJSEL-GPQMBLKYNA-N,-9.447
GBA,c_TRP178,mut_s1,detail,1,53,HMRUHHFLIMYEAF-QNGOCPJXNA-N,-7.942
GBA,c_TRP178,mut_s1,detail,1,54,ZZOWQPSBJUXHCA-YSPRVCGUNA-N,-9.32
GBA,c_TRP178,mut_s1,detail,1,55,WDDJLHOUFWSQSV-UHFFFAOYNA-N,-9.421
GBA,c_TRP178,mut_s1,detail,1,56,UKLIIGXGTPSYBF-IBCWCQIKNA-N,-7.687
GBA,c_TRP178,mut_s1,detail,1,57,LNPOBRXJZYGQMS-MOHJPFBDNA-N,-9.75
GBA,c_TRP178,mut_s1,detail,1,58,FYILBFPPKIZBTO-UHFFFAOYNA-N,-8.005
GBA,c_TRP178,mut_s1,detail,1,59,MIKIJFODTJGFDI-LILDFLRNNA-N,-8.185
GBA,c_TRP178,mut_s1,detail,1,60,RUWCNSLWWCWTSU-LILDFLRNNA-N,-9.884
GBA,c_TRP178,mut_s1,detail,1,61,KLQWCHKIQJHYIB-UHFFFAOYNA-N,-10.245
GBA,c_TRP178,mut_s1,detail,1,62,QKAWGENQCGFAOE-NPVYFSBINA-N,-9.275
GBA,c_TRP178,mut_s1,detail,1,63,KGOKCBRZBBEYBE-MMRXBHCZNA-N,-10.378
GBA,c_TRP178,mut_s1,detail,1,64,ROFRXCLSWKEWTN-UHFFFAOYNA-N,-8.066
GBA,c_TRP178,mut_s1,detail,1,65,AKRMJNKLSCBEME-FPYGCLRLNA-N,-7.94
GBA,c_TRP178,mut_s1,detail,1,66,LCGJUJZLLYTYIF-XMFFZCEENA-N,-8.114
GBA,c_TRP178,mut_s1,detail,1,67,FREQNFSEYLEFOI-QRCVEOAVNA-N,-8.456
GBA,c_TRP178,mut_s1,detail,1,68,MHMINAYLMNBGSM-UHFFFAOYNA-N,-7.758
GBA,c_TRP178,mut_s1,detail,1,69,SYMNTBHEGHFZMV-UHFFFAOYNA-N,-8.716
GBA,c_TRP178,mut_s1,detail,1,70,NNCRWGMPCGSKOO-LILDFLRNNA-N,-7.998
GBA,c_TRP178,mut_s1,detail,1,71,ZCRRNCCNJMRGFI-UHFFFAOYNA-N,-9.323
GBA,c_TRP178,mut_s1,detail,1,72,PYVZEIBGEUQNQQ-UHFFFAOYNA-N,-9.315
GBA,c_TRP178,mut_s1,detail,1,73,OROJQWVRCGJACT-XBTAAFKLNA-N,-10.176
GBA,c_TRP178,mut_s1,detail,1,74,TXYUWXKCUDOUGU-JLGFQASFNA-N,-8.241
GBA,c_TRP178,mut_s1,detail,1,75,LAZANALODSEDSE-UHFFFAOYNA-N,-8.689
GBA,c_TRP178,mut_s1,detail,1,76,RJXCYVJLXGRCHK-UHFFFAOYNA-N,-10.323
GBA,c_TRP178,mut_s1,detail,1,77,FUSKIBWHJAWEFI-IEJAXPBYNA-N,-9.063
GBA,c_TRP178,mut_s1,detail,1,78,SGWVLOCBQLQWQV-UHFFFAOYNA-N,-9.153
GBA,c_TRP178,mut_s1,detail,1,79,PPXRQTYXLZCDAZ-QWOVJGMINA-N,-9.023
GBA,c_TRP178,mut_s1,detail,1,80,DIFBADFWLVYFHV-LELJVTLKNA-N,-9.541
GBA,c_TRP178,mut_s1,detail,1,81,XREOSEVJCQGCHE-MHPMNMKGNA-N,-10.035
GBA,c_TRP178,mut_s1,detail,1,82,ZHGPKHBXSKWZEQ-UHFFFAOYNA-N,-8.955
GBA,c_TRP178,mut_s1,detail,1,83,ZFAYPJJNPSNAFK-UHFFFAOYNA-N,-9.058
GBA,c_TRP178,mut_s1,detail,1,84,LTXMRAGWIDQTQT-MYUTVWBTNA-N,-10.459
GBA,c_TRP178,mut_s1,detail,1,85,VXQHYHSSGLOALC-SPEPDGBUNA-N,-10.799
GBA,c_TRP178,mut_s1,detail,1,86,KWDSFRAWCISROF-PJQSKVNONA-N,-9.968
GBA,c_TRP178,mut_s1,detail,1,87,ZJZXSQPHUQUHIV-ZGZFQTMPNA-N,-10.311
GBA,c_TRP178,mut_s1,detail,1,88,UYHIVPBYFWVWEJ-UHFFFAOYNA-N,-11.021
GBA,c_TRP178,mut_s1,detail,1,89,PLEFJSUCKRWHBY-LNNLXFCONA-N,-9.307
GBA,c_TRP178,mut_s1,detail,1,90,DNSRQCRQLKJUCC-PDJAEHLQNA-N,-9.245
GBA,c_TRP178,mut_s1,detail,1,91,PHYKZCBUNVYJNH-YDBXFXKPNA-N,-7.734
GBA,c_TRP178,mut_s1,detail,1,92,OOUHZBUAVKCDGA-UHFFFAOYNA-N,-9.518
GBA,c_TRP178,mut_s1,detail,1,93,UUQDFZFJDFMLHW-UHFFFAOYNA-N,-8.665
GBA,c_TRP178,mut_s1,detail,1,94,OOUDDHNLDLLUOL-SKKVRFOWNA-N,-10.234
GBA,c_TRP178,mut_s1,detail,1,95,ZDMQSUAMTLXUTE-MPIMZMORNA-N,-9.55
GBA,c_TRP178,mut_s1,detail,1,96,NMPLPABDEKPABN-UHFFFAOYNA-N,-9.656
GBA,c_TRP178,mut_s1,detail,1,97,INZRHGSVWGRHBM-NPVYFSBINA-N,-10.379
GBA,c_TRP178,mut_s1,detail,1,98,RVGCWMKVTAEQIH-LNNLXFCONA-N,-9.901
GBA,c_TRP178,mut_s1,detail,1,99,VRXWKRQOVMZBAF-LJQANCHMNA-N,-9.619
GBA,c_TRP178,mut_s1,detail,1,100,QACLWOIBBYOHQP-UYBDAZJANA-N,-9.223
GBA,c_TRP178,mut_s1,detail,1,101,ZNXSZVFPCBIELQ-LNNLXFCONA-N,-8.908
GBA,c_TRP178,mut_s1,detail,1,102,GKMWCCNMKRSQHR-VEKUMTKDNA-N,-9.333
GBA,c_TRP178,mut_s1,detail,1,103,FFGUSRSMWFYKGK-SKKVRFOWNA-N,-9.431
GBA,c_TRP178,mut_s1,detail,1,104,KXBDDGKXLZBLOM-SPEPDGBUNA-N,-9.446
GBA,c_TRP178,mut_s1,detail,1,105,MIUWULAZCXYTJW-MSHHZIMBNA-N,-10.243
GBA,c_TRP178,mut_s1,detail,1,106,JPZOYWVRFLZCIC-NJNXFGOHNA-N,-10.486
GBA,c_TRP178,mut_s1,detail,1,107,FAIQTLBYDVKBAB-DVIAZDKANA-N,-9.977
GBA,c_TRP178,mut_s1,detail,1,108,APFLRZZAOXCNAZ-UHFFFAOYNA-N,-7.733
GBA,c_TRP178,mut_s1,detail,1,109,BSQLDSQTGOZBFD-UHFFFAOYNA-N,-9.188
GBA,c_TRP178,mut_s1,detail,1,110,ZVVCFJXCDATSCC-UHFFFAOYNA-N,-8.773
GBA,c_TRP178,mut_s1,detail,1,111,SKEQTXZATFWVMB-UYBDAZJANA-N,-7.971
GBA,c_TRP178,mut_s1,detail,1,112,IATWYRHDJKMBQK-MPIMZMORNA-N,-8.697
GBA,c_TRP178,mut_s1,detail,1,113,JPWOEQDCUZCWKT-MPIMZMORNA-N,-7.821
GBA,c_TRP178,mut_s1,detail,1,114,RYHSAXRBHDHPPK-PKSOQXRJNA-N,-9.503
GBA,c_TRP178,mut_s1,detail,1,115,GKKJWUFVZJJFPG-MPIMZMORNA-N,-9.442
GBA,c_TRP178,mut_s1,detail,1,116,FDNZXFDUCINVLY-BDGWVKIONA-N,-8.895
GBA,c_TRP178,mut_s1,detail,1,117,KTBYKHKWIFIFAK-UHFFFAOYNA-N,-10.577
GBA,c_TRP178,mut_s1,detail,1,118,ZRXZEWGUECXTTQ-LQFNOIFHNA-N,-9.259
GBA,c_TRP178,mut_s1,detail,1,119,XNACBBGLIAJNJM-PECIQRARNA-N,-9.066
GBA,c_TRP178,mut_s1,detail,1,120,WQZYYJRVBIQUGH-YWZOXAELNA-N,-9.519
GBA,c_TRP178,mut_s1,detail,1,121,ABMSRNRLDZVJFV-SWUIVHNENA-N,-9.606
GBA,c_TRP178,mut_s1,detail,1,122,ZEACBIUBSOLEGW-QAITUMOCNA-N,-11.029
GBA,c_TRP178,mut_s1,detail,1,123,UBFCDXVLKFOOGL-OKPOJWAQNA-N,-8.458
GBA,c_TRP178,mut_s1,detail,1,124,RRIHVAFUFDANEX-NSJMMFDCNA-N,-10.15
GBA,c_TRP178,mut_s1,detail,1,125,HASIAUWPWKTSBW-SREBMQDQNA-N,-8.66
GBA,c_TRP178,mut_s1,detail,1,126,WHBCKYHTCHCHAY-LQFNOIFHNA-N,-10.426
GBA,c_TRP178,mut_s1,detail,1,127,XMAYWYJOQHXEEK-JYFHCDHNNA-N,-10.272
GBA,c_TRP178,mut_s1,detail,1,128,TVKCFCZANTZCSU-OYRHEFFENA-N,-10.309
GBA,c_TRP178,mut_s1,detail,1,129,OJFIIUWPOHBVMH-LNNLXFCONA-N,-8.573
GBA,c_TRP178,mut_s1,detail,1,130,DKLZMGFTGWKNCD-DIRLUKLVNA-N,-11.02
GBA,c_TRP178,mut_s1,detail,1,131,PYSLGWZFRQWTDD-PWIKPTQSNA-N,-11.215
GBA,c_TRP178,mut_s1,detail,1,132,MWMBIUUYBQWKJX-QTUCRYGENA-N,-9.302
GBA,c_TRP178,mut_s1,detail,1,133,FLYQFCXTEFTSQN-UHFFFAOYNA-N,-8.761
GBA,c_TRP178,mut_s1,detail,1,134,PBIBDSDWIMZYDT-WBWGZOKWNA-N,-9.482
GBA,c_TRP178,mut_s1,detail,1,135,GSRWMFGBDLHGBU-YEFLILRRNA-N,-8.813
GBA,c_TRP178,mut_s1,detail,1,136,AYIJJQHMZAEQKE-QDAGQJSJNA-N,-9.713
GBA,c_TRP178,mut_s1,detail,1,137,JVWTZUKPDMRNDC-FSAKADSPNA-N,-10.804
GBA,c_TRP178,mut_s1,detail,1,138,XAZPLOLSRXZDBO-LBZABMTDNA-N,-9.381
GBA,c_TRP178,mut_s1,detail,1,139,RGWVFJBNHCWCTL-CFEGKOCINA-N,-9.298
GBA,c_TRP178,mut_s1,detail,1,140,YYWNRQZCPIMCAK-UHFFFAOYNA-N,-9.454
GBA,c_TRP178,mut_s1,detail,1,141,PBTZDKNKXRSZPM-XBXBPLPCNA-N,-9.867
GBA,c_TRP178,mut_s1,detail,1,142,QQPOIMHFFPBDQM-LELJVTLKNA-N,-8.951
GBA,c_TRP178,mut_s1,detail,1,143,NYFQURFFDGCBCB-MAQJPOOANA-N,-8.28
GBA,c_TRP178,mut_s1,detail,1,144,HXZVHWHABLBWBS-MTTPVDACNA-N,-11.814
GBA,c_TRP178,mut_s1,detail,1,145,IWYYSOJWYLZKLK-LELJVTLKNA-N,-9.825
GBA,c_TRP178,mut_s1,detail,1,146,HOGUCNPGZXMBGW-UHFFFAOYNA-N,-10.781
GBA,c_TRP178,mut_s1,detail,1,147,VITUDJAVASFPKN-DUFUIDNCNA-N,-9.571
GBA,c_TRP178,mut_s1,detail,1,148,IXAHDCRYEUYPBG-SCXYCHFONA-N,-11.486
GBA,c_TRP178,mut_s1,detail,1,149,JWHMEKMLAZQDNS-OZMOGHDGNA-N,-9.622
GBA,c_TRP178,mut_s1,detail,1,150,BZWNBTIJLRHNDZ-LBOYIXSDNA-N,-9.907
GBA,c_TRP178,mut_s1,detail,1,151,RECYROBESYRUML-UHFFFAOYNA-N,-10.372
GBA,c_TRP178,mut_s1,detail,1,152,MLDSJJJLQRZNKW-UHBIVWOUNA-N,-10.647
GBA,c_TRP178,mut_s1,detail,1,153,XTWIHJARHCYNFX-PHXLCVRDNA-N,-8.377
GBA,c_TRP178,mut_s1,detail,1,154,UQGFETVWTRDGKJ-UHFFFAOYNA-N,-8.399
GBA,c_TRP178,mut_s1,detail,1,155,VJFSMDWEMFOWDK-CYSPOYASNA-N,-10.09
GBA,c_TRP178,mut_s1,detail,1,156,NZYLXYBIWNIAGH-CYSPOYASNA-N,-10.648
GBA,c_TRP178,mut_s1,detail,1,157,ODXCWFOKLBJQNP-MPIMZMORNA-N,-8.128
GBA,c_TRP178,mut_s1,detail,1,158,FVDNMAPPDSKXKQ-UHFFFAOYNA-N,-10.884
GBA,c_TRP178,mut_s1,detail,1,159,DOPWMPRIRWTOOD-CCHPKIMANA-N,-10.411
GBA,c_HIS310,mut_s1,detail,1,0,URVMSYHISUZXNH-UYBDAZJANA-N,-8.448
GBA,c_HIS310,mut_s1,detail,1,1,KXRPCFINVWWFHQ-UHFFFAOYNA-N,-5.434
GBA,c_HIS310,mut_s1,detail,1,2,NICJTSHRYBTHAS-YHMJCDSINA-N,-8.048
GBA,c_HIS310,mut_s1,detail,1,3,SWRZVDTZHDWPDS-AWIDAIFANA-N,-9.19
GBA,c_HIS310,mut_s1,detail,1,4,RKNSLLSUFWWYCA-UHFFFAOYNA-N,-8.941
GBA,c_HIS310,mut_s1,detail,1,5,OZFSIKFTRRUDES-RIYZIHGNNA-N,-6.543
GBA,c_HIS310,mut_s1,detail,1,6,AAGGUCRASUJPPN-UHFFFAOYNA-N,-7.557
GBA,c_HIS310,mut_s1,detail,1,7,OYHXDPMAFYHDNG-YAQRNVERNA-N,-8.156
GBA,c_HIS310,mut_s1,detail,1,8,AWILWAIEQYZUEQ-UHFFFAOYNA-N,-7.481
GBA,c_HIS310,mut_s1,detail,1,9,WSFAXHLMQUUHQT-VMPITWQZNA-N,-8.161
GBA,c_HIS310,mut_s1,detail,1,10,WPHMTVNOXKBZKN-UHFFFAOYNA-N,-6.662
GBA,c_HIS310,mut_s1,detail,1,11,LPEIZNODGHDCCW-UHFFFAOYNA-N,-6.852
GBA,c_HIS310,mut_s1,detail,1,12,QQHWWDVSRWOHEP-LILDFLRNNA-N,-8.62
GBA,c_HIS310,mut_s1,detail,1,13,UMEVSSPGBFVQNC-UHFFFAOYNA-N,-6.227
GBA,c_HIS310,mut_s1,detail,1,14,VZDIOEKWWZRNQN-UHFFFAOYNA-N,-8.516
GBA,c_HIS310,mut_s1,detail,1,15,JEVLDOUORFAHRS-NDKGDYFDNA-N,-7.807
GBA,c_HIS310,mut_s1,detail,1,16,NFTGJNJRMWUBPG-GPQMBLKYNA-N,-7.435
GBA,c_HIS310,mut_s1,detail,1,17,UMUUTEZBWGDVDA-UHFFFAOYNA-N,-8.027
GBA,c_HIS310,mut_s1,detail,1,18,VLQKEPLNPGYNDJ-HCKMINDGNA-N,-8.378
GBA,c_HIS310,mut_s1,detail,1,19,PPMVTAATPZLMJM-CDDDEJBQNA-N,-8.507
GBA,c_HIS310,mut_s1,detail,1,20,AHLYFAKLKLMESK-YAQRNVERNA-N,-7.08
GBA,c_HIS310,mut_s1,detail,1,21,GYEJYLAGVWRSIM-KGJHZMDYNA-N,-8.086
GBA,c_HIS310,mut_s1,detail,1,22,RXVALSLAUOIYLW-UHFFFAOYNA-N,-7.638
GBA,c_HIS310,mut_s1,detail,1,23,NSELYIFATLFDOZ-JLGFQASFNA-N,-7.89
GBA,c_HIS310,mut_s1,detail,1,24,COQFBYACOHFCEC-UHFFFAOYNA-N,-7.711
GBA,c_HIS310,mut_s1,detail,1,25,CJGJXFCLDYQBFQ-YJGXKCCXNA-N,-8.545
GBA,c_HIS310,mut_s1,detail,1,26,BWNGRRJLFYHENY-INIZCTEONA-N,-7.567
GBA,c_HIS310,mut_s1,detail,1,27,BNRFXWSJKVJVOF-UYBDAZJANA-N,-8.216
GBA,c_HIS310,mut_s1,detail,1,28,DMULMZBZVBBWBY-PJZINPJWNA-N,-8.484
GBA,c_HIS310,mut_s1,detail,1,29,AXLAIGJGNKHDPO-UHFFFAOYNA-N,-6.517
GBA,c_HIS310,mut_s1,detail,1,30,RKDGAONZEPYEBT-WXRBYKJCNA-N,-7.134
GBA,c_HIS310,mut_s1,detail,1,31,MBOYDUZSCSNUQL-MBBDSNKKNA-N,-8.071
GBA,c_HIS310,mut_s1,detail,1,32,KPVDBHRTXOFQDK-YAQRNVERNA-N,-7.082
GBA,c_HIS310,mut_s1,detail,1,33,LVCNFMYUKISBSB-VJSNTGQMNA-N,-7.505
GBA,c_HIS310,mut_s1,detail,1,34,XLAHCIRKLMJUQC-DZQCGVKKNA-N,-8.854
GBA,c_HIS310,mut_s1,detail,1,35,QNYHDABGLCBJOE-SHHGZXMVNA-N,-9.376
GBA,c_HIS310,mut_s1,detail,1,36,HEKNRISBWSPMOG-OWTLIXCDNA-N,-7.523
GBA,c_HIS310,mut_s1,detail,1,37,VIRNXCRLEVZXNX-LILDFLRNNA-N,-9.94
GBA,c_HIS310,mut_s1,detail,1,38,SRTGERSEXJGDMR-UHFFFAOYNA-N,-6.95
GBA,c_HIS310,mut_s1,detail,1,39,ZGMGSSRLZJYOKH-WXRBYKJCNA-N,-7.227
GBA,c_HIS310,mut_s1,detail,1,40,VGYFDFRFGHHCDA-CUTUCBJDNA-N,-9.196
GBA,c_HIS310,mut_s1,detail,1,41,DILPMLYWQJPNLO-HCKMINDGNA-N,-8.639
GBA,c_HIS310,mut_s1,detail,1,42,RSOODJIGEVJLMK-LQFNOIFHNA-N,-9.052
GBA,c_HIS310,mut_s1,detail,1,43,OWHHWMUAYBIQPR-UHFFFAOYNA-N,-9.124
GBA,c_HIS310,mut_s1,detail,1,44,KPIKMVZJKZDOFC-UHFFFAOYNA-N,-9.537
GBA,c_HIS310,mut_s1,detail,1,45,DIKDKRUREJXLMR-DPMTXJEANA-N,-9.168
GBA,c_HIS310,mut_s1,detail,1,46,QRVJDPKQHAVBDK-UYBDAZJANA-N,-8.128
GBA,c_HIS310,mut_s1,detail,1,47,SGBSFKSDPWOALT-UYBDAZJANA-N,-8.506
GBA,c_HIS310,mut_s1,detail,1,48,CYHFRNFVZWVHCG-OTJKMEOQNA-N,-8.791
GBA,c_HIS310,mut_s1,detail,1,49,MJUDQDHXCQONOA-MPIMZMORNA-N,-8.602
GBA,c_HIS310,mut_s1,detail,1,50,RNVYRNLUUYNQAS-PKSOQXRJNA-N,-8.163
GBA,c_HIS310,mut_s1,detail,1,51,DLZXOZYETDVJEB-QWOVJGMINA-N,-8.042
GBA,c_HIS310,mut_s1,detail,1,52,HSICVZRDGBJSEL-GPQMBLKYNA-N,-8.162
GBA,c_HIS310,mut_s1,detail,1,53,HMRUHHFLIMYEAF-QNGOCPJXNA-N,-7.526
GBA,c_HIS310,mut_s1,detail,1,54,ZZOWQPSBJUXHCA-YSPRVCGUNA-N,-8.868
GBA,c_HIS310,mut_s1,detail,1,55,WDDJLHOUFWSQSV-UHFFFAOYNA-N,-9.347
GBA,c_HIS310,mut_s1,detail,1,56,UKLIIGXGTPSYBF-IBCWCQIKNA-N,-7.743
GBA,c_HIS310,mut_s1,detail,1,57,LNPOBRXJZYGQMS-MOHJPFBDNA-N,-9.991
GBA,c_HIS310,mut_s1,detail,1,58,FYILBFPPKIZBTO-UHFFFAOYNA-N,-7.953
GBA,c_HIS310,mut_s1,detail,1,59,MIKIJFODTJGFDI-LILDFLRNNA-N,-8.118
GBA,c_HIS310,mut_s1,detail,1,60,RUWCNSLWWCWTSU-LILDFLRNNA-N,-10.068
GBA,c_HIS310,mut_s1,detail,1,61,KLQWCHKIQJHYIB-UHFFFAOYNA-N,-10.123
GBA,c_HIS310,mut_s1,detail,1,62,QKAWGENQCGFAOE-NPVYFSBINA-N,-8.178
GBA,c_HIS310,mut_s1,detail,1,63,KGOKCBRZBBEYBE-MMRXBHCZNA-N,-10.558
GBA,c_HIS310,mut_s1,detail,1,64,ROFRXCLSWKEWTN-UHFFFAOYNA-N,-8.145
GBA,c_HIS310,mut_s1,detail,1,65,AKRMJNKLSCBEME-FPYGCLRLNA-N,-6.902
GBA,c_HIS310,mut_s1,detail,1,66,LCGJUJZLLYTYIF-XMFFZCEENA-N,-8.093
GBA,c_HIS310,mut_s1,detail,1,67,FREQNFSEYLEFOI-QRCVEOAVNA-N,-8.354
GBA,c_HIS310,mut_s1,detail,1,68,MHMINAYLMNBGSM-UHFFFAOYNA-N,-7.756
GBA,c_HIS310,mut_s1,detail,1,69,SYMNTBHEGHFZMV-UHFFFAOYNA-N,-8.109
GBA,c_HIS310,mut_s1,detail,1,70,NNCRWGMPCGSKOO-LILDFLRNNA-N,-7.665
GBA,c_HIS310,mut_s1,detail,1,71,ZCRRNCCNJMRGFI-UHFFFAOYNA-N,-9.381
GBA,c_HIS310,mut_s1,detail,1,72,PYVZEIBGEUQNQQ-UHFFFAOYNA-N,-9.107
GBA,c_HIS310,mut_s1,detail,1,73,OROJQWVRCGJACT-XBTAAFKLNA-N,-10.105
GBA,c_HIS310,mut_s1,detail,1,74,TXYUWXKCUDOUGU-JLGFQASFNA-N,-7.225
GBA,c_HIS310,mut_s1,detail,1,75,LAZANALODSEDSE-UHFFFAOYNA-N,-8.715
GBA,c_HIS310,mut_s1,detail,1,76,RJXCYVJLXGRCHK-UHFFFAOYNA-N,-10.485
GBA,c_HIS310,mut_s1,detail,1,77,FUSKIBWHJAWEFI-IEJAXPBYNA-N,-8.546
GBA,c_HIS310,mut_s1,detail,1,78,SGWVLOCBQLQWQV-UHFFFAOYNA-N,-9.066
GBA,c_HIS310,mut_s1,detail,1,79,PPXRQTYXLZCDAZ-QWOVJGMINA-N,-9.262
GBA,c_HIS310,mut_s1,detail,1,80,DIFBADFWLVYFHV-LELJVTLKNA-N,-9.609
GBA,c_HIS310,mut_s1,detail,1,81,XREOSEVJCQGCHE-MHPMNMKGNA-N,-10.02
GBA,c_HIS310,mut_s1,detail,1,82,ZHGPKHBXSKWZEQ-UHFFFAOYNA-N,-9.01
GBA,c_HIS310,mut_s1,detail,1,83,ZFAYPJJNPSNAFK-UHFFFAOYNA-N,-9.104
GBA,c_HIS310,mut_s1,detail,1,84,LTXMRAGWIDQTQT-MYUTVWBTNA-N,-10.395
GBA,c_HIS310,mut_s1,detail,1,85,VXQHYHSSGLOALC-SPEPDGBUNA-N,-10.956
GBA,c_HIS310,mut_s1,detail,1,86,KWDSFRAWCISROF-PJQSKVNONA-N,-9.519
GBA,c_HIS310,mut_s1,detail,1,87,ZJZXSQPHUQUHIV-ZGZFQTMPNA-N,-10.379
GBA,c_HIS310,mut_s1,detail,1,88,UYHIVPBYFWVWEJ-UHFFFAOYNA-N,-11.014
GBA,c_HIS310,mut_s1,detail,1,89,PLEFJSUCKRWHBY-LNNLXFCONA-N,-8.792
GBA,c_HIS310,mut_s1,detail,1,90,DNSRQCRQLKJUCC-PDJAEHLQNA-N,-8.872
GBA,c_HIS310,mut_s1,detail,1,91,PHYKZCBUNVYJNH-YDBXFXKPNA-N,-7.798
GBA,c_HIS310,mut_s1,detail,1,92,OOUHZBUAVKCDGA-UHFFFAOYNA-N,-9.999
GBA,c_HIS310,mut_s1,detail,1,93,UUQDFZFJDFMLHW-UHFFFAOYNA-N,-8.354
GBA,c_HIS310,mut_s1,detail,1,94,OOUDDHNLDLLUOL-SKKVRFOWNA-N,-9.281
GBA,c_HIS310,mut_s1,detail,1,95,ZDMQSUAMTLXUTE-MPIMZMORNA-N,-9.268
GBA,c_HIS310,mut_s1,detail,1,96,NMPLPABDEKPABN-UHFFFAOYNA-N,-8.599
GBA,c_HIS310,mut_s1,detail,1,97,INZRHGSVWGRHBM-NPVYFSBINA-N,-10.216
GBA,c_HIS310,mut_s1,detail,1,98,RVGCWMKVTAEQIH-LNNLXFCONA-N,-9.819
GBA,c_HIS310,mut_s1,detail,1,99,VRXWKRQOVMZBAF-LJQANCHMNA-N,-9.652
GBA,c_HIS310,mut_s1,detail,1,100,QACLWOIBBYOHQP-UYBDAZJANA-N,-8.658
GBA,c_HIS310,mut_s1,detail,1,101,ZNXSZVFPCBIELQ-LNNLXFCONA-N,-8.954
GBA,c_HIS310,mut_s1,detail,1,102,GKMWCCNMKRSQHR-VEKUMTKDNA-N,-9.515
GBA,c_HIS310,mut_s1,detail,1,103,FFGUSRSMWFYKGK-SKKVRFOWNA-N,-9.571
GBA,c_HIS310,mut_s1,detail,1,104,KXBDDGKXLZBLOM-SPEPDGBUNA-N,-9.679
GBA,c_HIS310,mut_s1,detail,1,105,MIUWULAZCXYTJW-MSHHZIMBNA-N,-9.634
GBA,c_HIS310,mut_s1,detail,1,106,JPZOYWVRFLZCIC-NJNXFGOHNA-N,-10.474
GBA,c_HIS310,mut_s1,detail,1,107,FAIQTLBYDVKBAB-DVIAZDKANA-N,-9.004
GBA,c_HIS310,mut_s1,detail,1,108,APFLRZZAOXCNAZ-UHFFFAOYNA-N,-8.925
GBA,c_HIS310,mut_s1,detail,1,109,BSQLDSQTGOZBFD-UHFFFAOYNA-N,-9.276
GBA,c_HIS310,mut_s1,detail,1,110,ZVVCFJXCDATSCC-UHFFFAOYNA-N,-8.985
GBA,c_HIS310,mut_s1,detail,1,111,SKEQTXZATFWVMB-UYBDAZJANA-N,-8.009
GBA,c_HIS310,mut_s1,detail,1,112,IATWYRHDJKMBQK-MPIMZMORNA-N,-7.99
GBA,c_HIS310,mut_s1,detail,1,113,JPWOEQDCUZCWKT-MPIMZMORNA-N,-7.636
GBA,c_HIS310,mut_s1,detail,1,114,RYHSAXRBHDHPPK-PKSOQXRJNA-N,-8.464
GBA,c_HIS310,mut_s1,detail,1,115,GKKJWUFVZJJFPG-MPIMZMORNA-N,-9.271
GBA,c_HIS310,mut_s1,detail,1,116,FDNZXFDUCINVLY-BDGWVKIONA-N,-8.824
GBA,c_HIS310,mut_s1,detail,1,117,KTBYKHKWIFIFAK-UHFFFAOYNA-N,-10.472
GBA,c_HIS310,mut_s1,detail,1,118,ZRXZEWGUECXTTQ-LQFNOIFHNA-N,-9.792
GBA,c_HIS310,mut_s1,detail,1,119,XNACBBGLIAJNJM-PECIQRARNA-N,-8.915
GBA,c_HIS310,mut_s1,detail,1,120,WQZYYJRVBIQUGH-YWZOXAELNA-N,-7.274
GBA,c_HIS310,mut_s1,detail,1,121,ABMSRNRLDZVJFV-SWUIVHNENA-N,-9.307
GBA,c_HIS310,mut_s1,detail,1,122,ZEACBIUBSOLEGW-QAITUMOCNA-N,-11.079
GBA,c_HIS310,mut_s1,detail,1,123,UBFCDXVLKFOOGL-OKPOJWAQNA-N,-8.937
GBA,c_HIS310,mut_s1,detail,1,124,RRIHVAFUFDANEX-NSJMMFDCNA-N,-9.7
GBA,c_HIS310,mut_s1,detail,1,125,HASIAUWPWKTSBW-SREBMQDQNA-N,-9.64
GBA,c_HIS310,mut_s1,detail,1,126,WHBCKYHTCHCHAY-LQFNOIFHNA-N,-10.517
GBA,c_HIS310,mut_s1,detail,1,127,XMAYWYJOQHXEEK-JYFHCDHNNA-N,-9.399
GBA,c_HIS310,mut_s1,detail,1,128,TVKCFCZANTZCSU-OYRHEFFENA-N,-10.326
GBA,c_HIS310,mut_s1,detail,1,129,OJFIIUWPOHBVMH-LNNLXFCONA-N,-9.227
GBA,c_HIS310,mut_s1,detail,1,130,DKLZMGFTGWKNCD-DIRLUKLVNA-N,-10.541
GBA,c_HIS310,mut_s1,detail,1,131,PYSLGWZFRQWTDD-PWIKPTQSNA-N,-8.772
GBA,c_HIS310,mut_s1,detail,1,132,MWMBIUUYBQWKJX-QTUCRYGENA-N,-9.283
GBA,c_HIS310,mut_s1,detail,1,133,FLYQFCXTEFTSQN-UHFFFAOYNA-N,-8.743
GBA,c_HIS310,mut_s1,detail,1,134,PBIBDSDWIMZYDT-WBWGZOKWNA-N,-9.62
GBA,c_HIS310,mut_s1,detail,1,135,GSRWMFGBDLHGBU-YEFLILRRNA-N,-8.783
GBA,c_HIS310,mut_s1,detail,1,136,AYIJJQHMZAEQKE-QDAGQJSJNA-N,-9.912
GBA,c_HIS310,mut_s1,detail,1,137,JVWTZUKPDMRNDC-FSAKADSPNA-N,-10.339
GBA,c_HIS310,mut_s1,detail,1,138,XAZPLOLSRXZDBO-LBZABMTDNA-N,-9.178
GBA,c_HIS310,mut_s1,detail,1,139,RGWVFJBNHCWCTL-CFEGKOCINA-N,-9.406
GBA,c_HIS310,mut_s1,detail,1,140,YYWNRQZCPIMCAK-UHFFFAOYNA-N,-9.022
GBA,c_HIS310,mut_s1,detail,1,141,PBTZDKNKXRSZPM-XBXBPLPCNA-N,-10.694
GBA,c_HIS310,mut_s1,detail,1,142,QQPOIMHFFPBDQM-LELJVTLKNA-N,-8.779
GBA,c_HIS310,mut_s1,detail,1,143,NYFQURFFDGCBCB-MAQJPOOANA-N,-8.263
GBA,c_HIS310,mut_s1,detail,1,144,HXZVHWHABLBWBS-MTTPVDACNA-N,-11.766
GBA,c_HIS310,mut_s1,detail,1,145,IWYYSOJWYLZKLK-LELJVTLKNA-N,-4.599
GBA,c_HIS310,mut_s1,detail,1,146,HOGUCNPGZXMBGW-UHFFFAOYNA-N,-10.237
GBA,c_HIS310,mut_s1,detail,1,147,VITUDJAVASFPKN-DUFUIDNCNA-N,-9.655
GBA,c_HIS310,mut_s1,detail,1,148,IXAHDCRYEUYPBG-SCXYCHFONA-N,-11.416
GBA,c_HIS310,mut_s1,detail,1,149,JWHMEKMLAZQDNS-OZMOGHDGNA-N,-9.124
GBA,c_HIS310,mut_s1,detail,1,150,BZWNBTIJLRHNDZ-LBOYIXSDNA-N,-10.125
GBA,c_HIS310,mut_s1,detail,1,151,RECYROBESYRUML-UHFFFAOYNA-N,-10.342
GBA,c_HIS310,mut_s1,detail,1,152,MLDSJJJLQRZNKW-UHBIVWOUNA-N,-10.516
GBA,c_HIS310,mut_s1,detail,1,153,XTWIHJARHCYNFX-PHXLCVRDNA-N,-8.134
GBA,c_HIS310,mut_s1,detail,1,154,UQGFETVWTRDGKJ-UHFFFAOYNA-N,-8.784
GBA,c_HIS310,mut_s1,detail,1,155,VJFSMDWEMFOWDK-CYSPOYASNA-N,-8.573
GBA,c_HIS310,mut_s1,detail,1,156,NZYLXYBIWNIAGH-CYSPOYASNA-N,-9.934
GBA,c_HIS310,mut_s1,detail,1,157,ODXCWFOKLBJQNP-MPIMZMORNA-N,-8.4
GBA,c_HIS310,mut_s1,detail,1,158,FVDNMAPPDSKXKQ-UHFFFAOYNA-N,-10.866
GBA,c_HIS310,mut_s1,detail,1,159,DOPWMPRIRWTOOD-CCHPKIMANA-N,-9.756
GBA,c_PHE127,mut_s1,detail,1,0,URVMSYHISUZXNH-UYBDAZJANA-N,-8.352
GBA,c_PHE127,mut_s1,detail,1,1,KXRPCFINVWWFHQ-UHFFFAOYNA-N,-5.425
GBA,c_PHE127,mut_s1,detail,1,2,NICJTSHRYBTHAS-YHMJCDSINA-N,-7.756
GBA,c_PHE127,mut_s1,detail,1,3,SWRZVDTZHDWPDS-AWIDAIFANA-N,-8.706
GBA,c_PHE127,mut_s1,detail,1,4,RKNSLLSUFWWYCA-UHFFFAOYNA-N,-9.085
GBA,c_PHE127,mut_s1,detail,1,5,OZFSIKFTRRUDES-RIYZIHGNNA-N,-6.502
GBA,c_PHE127,mut_s1,detail,1,6,AAGGUCRASUJPPN-UHFFFAOYNA-N,-7.736
GBA,c_PHE127,mut_s1,detail,1,7,OYHXDPMAFYHDNG-YAQRNVERNA-N,-8.385
GBA,c_PHE127,mut_s1,detail,1,8,AWILWAIEQYZUEQ-UHFFFAOYNA-N,-6.623
GBA,c_PHE127,mut_s1,detail,1,9,WSFAXHLMQUUHQT-VMPITWQZNA-N,-7.971
GBA,c_PHE127,mut_s1,detail,1,10,WPHMTVNOXKBZKN-UHFFFAOYNA-N,-6.724
GBA,c_PHE127,mut_s1,detail,1,11,LPEIZNODGHDCCW-UHFFFAOYNA-N,-7.235
GBA,c_PHE127,mut_s1,detail,1,12,QQHWWDVSRWOHEP-LILDFLRNNA-N,-8.799
GBA,c_PHE127,mut_s1,detail,1,13,UMEVSSPGBFVQNC-UHFFFAOYNA-N,-6.326
GBA,c_PHE127,mut_s1,detail,1,14,VZDIOEKWWZRNQN-UHFFFAOYNA-N,-8.507
GBA,c_PHE127,mut_s1,detail,1,15,JEVLDOUORFAHRS-NDKGDYFDNA-N,-7.9
GBA,c_PHE127,mut_s1,detail,1,16,NFTGJNJRMWUBPG-GPQMBLKYNA-N,-7.533
GBA,c_PHE127,mut_s1,detail,1,17,UMUUTEZBWGDVDA-UHFFFAOYNA-N,-7.946
GBA,c_PHE127,mut_s1,detail,1,18,VLQKEPLNPGYNDJ-HCKMINDGNA-N,-7.569
GBA,c_PHE127,mut_s1,detail,1,19,PPMVTAATPZLMJM-CDDDEJBQNA-N,-8.499
GBA,c_PHE127,mut_s1,detail,1,20,AHLYFAKLKLMESK-YAQRNVERNA-N,-7.013
GBA,c_PHE127,mut_s1,detail,1,21,GYEJYLAGVWRSIM-KGJHZMDYNA-N,-7.988
GBA,c_PHE127,mut_s1,detail,1,22,RXVALSLAUOIYLW-UHFFFAOYNA-N,-7.368
GBA,c_PHE127,mut_s1,detail,1,23,NSELYIFATLFDOZ-JLGFQASFNA-N,-7.87
GBA,c_PHE127,mut_s1,detail,1,24,COQFBYACOHFCEC-UHFFFAOYNA-N,-7.872
GBA,c_PHE127,mut_s1,detail,1,25,CJGJXFCLDYQBFQ-YJGXKCCXNA-N,-8.52
GBA,c_PHE127,mut_s1,detail,1,26,BWNGRRJLFYHENY-INIZCTEONA-N,-7.679
GBA,c_PHE127,mut_s1,detail,1,27,BNRFXWSJKVJVOF-UYBDAZJANA-N,-8.298
GBA,c_PHE127,mut_s1,detail,1,28,DMULMZBZVBBWBY-PJZINPJWNA-N,-8.796
GBA,c_PHE127,mut_s1,detail,1,29,AXLAIGJGNKHDPO-UHFFFAOYNA-N,-6.815
GBA,c_PHE127,mut_s1,detail,1,30,RKDGAONZEPYEBT-WXRBYKJCNA-N,-7.11
GBA,c_PHE127,mut_s1,detail,1,31,MBOYDUZSCSNUQL-MBBDSNKKNA-N,-8.316
GBA,c_PHE127,mut_s1,detail,1,32,KPVDBHRTXOFQDK-YAQRNVERNA-N,-6.879
GBA,c_PHE127,mut_s1,detail,1,33,LVCNFMYUKISBSB-VJSNTGQMNA-N,-7.483
GBA,c_PHE127,mut_s1,detail,1,34,XLAHCIRKLMJUQC-DZQCGVKKNA-N,-8.668
GBA,c_PHE127,mut_s1,detail,1,35,QNYHDABGLCBJOE-SHHGZXMVNA-N,-9.16
GBA,c_PHE127,mut_s1,detail,1,36,HEKNRISBWSPMOG-OWTLIXCDNA-N,-7.533
GBA,c_PHE127,mut_s1,detail,1,37,VIRNXCRLEVZXNX-LILDFLRNNA-N,-9.942
GBA,c_PHE127,mut_s1,detail,1,38,SRTGERSEXJGDMR-UHFFFAOYNA-N,-6.97
GBA,c_PHE127,mut_s1,detail,1,39,ZGMGSSRLZJYOKH-WXRBYKJCNA-N,-7.465
GBA,c_PHE127,mut_s1,detail,1,40,VGYFDFRFGHHCDA-CUTUCBJDNA-N,-9.061
GBA,c_PHE127,mut_s1,detail,1,41,DILPMLYWQJPNLO-HCKMINDGNA-N,-8.744
GBA,c_PHE127,mut_s1,detail,1,42,RSOODJIGEVJLMK-LQFNOIFHNA-N,-9.129
GBA,c_PHE127,mut_s1,detail,1,43,OWHHWMUAYBIQPR-UHFFFAOYNA-N,-8.824
GBA,c_PHE127,mut_s1,detail,1,44,KPIKMVZJKZDOFC-UHFFFAOYNA-N,-9.433
GBA,c_PHE127,mut_s1,detail,1,45,DIKDKRUREJXLMR-DPMTXJEANA-N,-9.029
GBA,c_PHE127,mut_s1,detail,1,46,QRVJDPKQHAVBDK-UYBDAZJANA-N,-8.411
GBA,c_PHE127,mut_s1,detail,1,47,SGBSFKSDPWOALT-UYBDAZJANA-N,-8.379
GBA,c_PHE127,mut_s1,detail,1,48,CYHFRNFVZWVHCG-OTJKMEOQNA-N,-8.83
GBA,c_PHE127,mut_s1,detail,1,49,MJUDQDHXCQONOA-MPIMZMORNA-N,-8.981
GBA,c_PHE127,mut_s1,detail,1,50,RNVYRNLUUYNQAS-PKSOQXRJNA-N,-7.641
GBA,c_PHE127,mut_s1,detail,1,51,DLZXOZYETDVJEB-QWOVJGMINA-N,-7.528
GBA,c_PHE127,mut_s1,detail,1,52,HSICVZRDGBJSEL-GPQMBLKYNA-N,-8.323
GBA,c_PHE127,mut_s1,detail,1,53,HMRUHHFLIMYEAF-QNGOCPJXNA-N,-7.786
GBA,c_PHE127,mut_s1,detail,1,54,ZZOWQPSBJUXHCA-YSPRVCGUNA-N,-8.699
GBA,c_PHE127,mut_s1,detail,1,55,WDDJLHOUFWSQSV-UHFFFAOYNA-N,-9.367
GBA,c_PHE127,mut_s1,detail,1,56,UKLIIGXGTPSYBF-IBCWCQIKNA-N,-7.62
GBA,c_PHE127,mut_s1,detail,1,57,LNPOBRXJZYGQMS-MOHJPFBDNA-N,-9.743
GBA,c_PHE127,mut_s1,detail,1,58,FYILBFPPKIZBTO-UHFFFAOYNA-N,-8.12
GBA,c_PHE127,mut_s1,detail,1,59,MIKIJFODTJGFDI-LILDFLRNNA-N,-8.119
GBA,c_PHE127,mut_s1,detail,1,60,RUWCNSLWWCWTSU-LILDFLRNNA-N,-10.108
GBA,c_PHE127,mut_s1,detail,1,61,KLQWCHKIQJHYIB-UHFFFAOYNA-N,-10.203
GBA,c_PHE127,mut_s1,detail,1,62,QKAWGENQCGFAOE-NPVYFSBINA-N,-8.744
GBA,c_PHE127,mut_s1,detail,1,63,KGOKCBRZBBEYBE-MMRXBHCZNA-N,-10.44
GBA,c_PHE127,mut_s1,detail,1,64,ROFRXCLSWKEWTN-UHFFFAOYNA-N,-8.105
GBA,c_PHE127,mut_s1,detail,1,65,AKRMJNKLSCBEME-FPYGCLRLNA-N,-6.994
GBA,c_PHE127,mut_s1,detail,1,66,LCGJUJZLLYTYIF-XMFFZCEENA-N,-7.837
GBA,c_PHE127,mut_s1,detail,1,67,FREQNFSEYLEFOI-QRCVEOAVNA-N,-8.563
GBA,c_PHE127,mut_s1,detail,1,68,MHMINAYLMNBGSM-UHFFFAOYNA-N,-7.726
GBA,c_PHE127,mut_s1,detail,1,69,SYMNTBHEGHFZMV-UHFFFAOYNA-N,-7.827
GBA,c_PHE127,mut_s1,detail,1,70,NNCRWGMPCGSKOO-LILDFLRNNA-N,-8.059
GBA,c_PHE127,mut_s1,detail,1,71,ZCRRNCCNJMRGFI-UHFFFAOYNA-N,-9.442
GBA,c_PHE127,mut_s1,detail,1,72,PYVZEIBGEUQNQQ-UHFFFAOYNA-N,-9.256
GBA,c_PHE127,mut_s1,detail,1,73,OROJQWVRCGJACT-XBTAAFKLNA-N,-10.189
GBA,c_PHE127,mut_s1,detail,1,74,TXYUWXKCUDOUGU-JLGFQASFNA-N,-7.547
GBA,c_PHE127,mut_s1,detail,1,75,LAZANALODSEDSE-UHFFFAOYNA-N,-8.667
GBA,c_PHE127,mut_s1,detail,1,76,RJXCYVJLXGRCHK-UHFFFAOYNA-N,-10.254
GBA,c_PHE127,mut_s1,detail,1,77,FUSKIBWHJAWEFI-IEJAXPBYNA-N,-8.463
GBA,c_PHE127,mut_s1,detail,1,78,SGWVLOCBQLQWQV-UHFFFAOYNA-N,-9.111
GBA,c_PHE127,mut_s1,detail,1,79,PPXRQTYXLZCDAZ-QWOVJGMINA-N,-8.19
GBA,c_PHE127,mut_s1,detail,1,80,DIFBADFWLVYFHV-LELJVTLKNA-N,-9.607
GBA,c_PHE127,mut_s1,detail,1,81,XREOSEVJCQGCHE-MHPMNMKGNA-N,-10.035
GBA,c_PHE127,mut_s1,detail,1,82,ZHGPKHBXSKWZEQ-UHFFFAOYNA-N,-8.935
GBA,c_PHE127,mut_s1,detail,1,83,ZFAYPJJNPSNAFK-UHFFFAOYNA-N,-9.143
GBA,c_PHE127,mut_s1,detail,1,84,LTXMRAGWIDQTQT-MYUTVWBTNA-N,-10.251
GBA,c_PHE127,mut_s1,detail,1,85,VXQHYHSSGLOALC-SPEPDGBUNA-N,-10.816
GBA,c_PHE127,mut_s1,detail,1,86,KWDSFRAWCISROF-PJQSKVNONA-N,-9.427
GBA,c_PHE127,mut_s1,detail,1,87,ZJZXSQPHUQUHIV-ZGZFQTMPNA-N,-10.23
GBA,c_PHE127,mut_s1,detail,1,88,UYHIVPBYFWVWEJ-UHFFFAOYNA-N,-10.91
GBA,c_PHE127,mut_s1,detail,1,89,PLEFJSUCKRWHBY-LNNLXFCONA-N,-8.846
GBA,c_PHE127,mut_s1,detail,1,90,DNSRQCRQLKJUCC-PDJAEHLQNA-N,-9.301
GBA,c_PHE127,mut_s1,detail,1,91,PHYKZCBUNVYJNH-YDBXFXKPNA-N,-7.858
GBA,c_PHE127,mut_s1,detail,1,92,OOUHZBUAVKCDGA-UHFFFAOYNA-N,-9.515
GBA,c_PHE127,mut_s1,detail,1,93,UUQDFZFJDFMLHW-UHFFFAOYNA-N,-8.294
GBA,c_PHE127,mut_s1,detail,1,94,OOUDDHNLDLLUOL-SKKVRFOWNA-N,-9.25
GBA,c_PHE127,mut_s1,detail,1,95,ZDMQSUAMTLXUTE-MPIMZMORNA-N,-9.22
GBA,c_PHE127,mut_s1,detail,1,96,NMPLPABDEKPABN-UHFFFAOYNA-N,-9.045
GBA,c_PHE127,mut_s1,detail,1,97,INZRHGSVWGRHBM-NPVYFSBINA-N,-10.302
GBA,c_PHE127,mut_s1,detail,1,98,RVGCWMKVTAEQIH-LNNLXFCONA-N,-9.563
GBA,c_PHE127,mut_s1,detail,1,99,VRXWKRQOVMZBAF-LJQANCHMNA-N,-9.603
GBA,c_PHE127,mut_s1,detail,1,100,QACLWOIBBYOHQP-UYBDAZJANA-N,-8.655
GBA,c_PHE127,mut_s1,detail,1,101,ZNXSZVFPCBIELQ-LNNLXFCONA-N,-8.522
GBA,c_PHE127,mut_s1,detail,1,102,GKMWCCNMKRSQHR-VEKUMTKDNA-N,-9.291
GBA,c_PHE127,mut_s1,detail,1,103,FFGUSRSMWFYKGK-SKKVRFOWNA-N,-9.784
GBA,c_PHE127,mut_s1,detail,1,104,KXBDDGKXLZBLOM-SPEPDGBUNA-N,-9.51
GBA,c_PHE127,mut_s1,detail,1,105,MIUWULAZCXYTJW-MSHHZIMBNA-N,-9.515
GBA,c_PHE127,mut_s1,detail,1,106,JPZOYWVRFLZCIC-NJNXFGOHNA-N,-10.446
GBA,c_PHE127,mut_s1,detail,1,107,FAIQTLBYDVKBAB-DVIAZDKANA-N,-9.175
GBA,c_PHE127,mut_s1,detail,1,108,APFLRZZAOXCNAZ-UHFFFAOYNA-N,-9.223
GBA,c_PHE127,mut_s1,detail,1,109,BSQLDSQTGOZBFD-UHFFFAOYNA-N,-9.225
GBA,c_PHE127,mut_s1,detail,1,110,ZVVCFJXCDATSCC-UHFFFAOYNA-N,-8.773
GBA,c_PHE127,mut_s1,detail,1,111,SKEQTXZATFWVMB-UYBDAZJANA-N,-7.688
GBA,c_PHE127,mut_s1,detail,1,112,IATWYRHDJKMBQK-MPIMZMORNA-N,-7.707
GBA,c_PHE127,mut_s1,detail,1,113,JPWOEQDCUZCWKT-MPIMZMORNA-N,-7.943
GBA,c_PHE127,mut_s1,detail,1,114,RYHSAXRBHDHPPK-PKSOQXRJNA-N,-8.056
GBA,c_PHE127,mut_s1,detail,1,115,GKKJWUFVZJJFPG-MPIMZMORNA-N,-9.451
GBA,c_PHE127,mut_s1,detail,1,116,FDNZXFDUCINVLY-BDGWVKIONA-N,-7.401
GBA,c_PHE127,mut_s1,detail,1,117,KTBYKHKWIFIFAK-UHFFFAOYNA-N,-10.51
GBA,c_PHE127,mut_s1,detail,1,118,ZRXZEWGUECXTTQ-LQFNOIFHNA-N,-10.324
GBA,c_PHE127,mut_s1,detail,1,119,XNACBBGLIAJNJM-PECIQRARNA-N,-8.849
GBA,c_PHE127,mut_s1,detail,1,120,WQZYYJRVBIQUGH-YWZOXAELNA-N,-7.397
GBA,c_PHE127,mut_s1,detail,1,121,ABMSRNRLDZVJFV-SWUIVHNENA-N,-9.448
GBA,c_PHE127,mut_s1,detail,1,122,ZEACBIUBSOLEGW-QAITUMOCNA-N,-11.26
GBA,c_PHE127,mut_s1,detail,1,123,UBFCDXVLKFOOGL-OKPOJWAQNA-N,-8.35
GBA,c_PHE127,mut_s1,detail,1,124,RRIHVAFUFDANEX-NSJMMFDCNA-N,-10.08
GBA,c_PHE127,mut_s1,detail,1,125,HASIAUWPWKTSBW-SREBMQDQNA-N,-8.968
GBA,c_PHE127,mut_s1,detail,1,126,WHBCKYHTCHCHAY-LQFNOIFHNA-N,-10.515
GBA,c_PHE127,mut_s1,detail,1,127,XMAYWYJOQHXEEK-JYFHCDHNNA-N,-9.394
GBA,c_PHE127,mut_s1,detail,1,128,TVKCFCZANTZCSU-OYRHEFFENA-N,-10.344
GBA,c_PHE127,mut_s1,detail,1,129,OJFIIUWPOHBVMH-LNNLXFCONA-N,-9.215
GBA,c_PHE127,mut_s1,detail,1,130,DKLZMGFTGWKNCD-DIRLUKLVNA-N,-10.106
GBA,c_PHE127,mut_s1,detail,1,131,PYSLGWZFRQWTDD-PWIKPTQSNA-N,-6.772
GBA,c_PHE127,mut_s1,detail,1,132,MWMBIUUYBQWKJX-QTUCRYGENA-N,-9.593
GBA,c_PHE127,mut_s1,detail,1,133,FLYQFCXTEFTSQN-UHFFFAOYNA-N,-8.825
GBA,c_PHE127,mut_s1,detail,1,134,PBIBDSDWIMZYDT-WBWGZOKWNA-N,-9.473
GBA,c_PHE127,mut_s1,detail,1,135,GSRWMFGBDLHGBU-YEFLILRRNA-N,-8.793
GBA,c_PHE127,mut_s1,detail,1,136,AYIJJQHMZAEQKE-QDAGQJSJNA-N,-9.735
GBA,c_PHE127,mut_s1,detail,1,137,JVWTZUKPDMRNDC-FSAKADSPNA-N,-10.674
GBA,c_PHE127,mut_s1,detail,1,138,XAZPLOLSRXZDBO-LBZABMTDNA-N,-9.038
GBA,c_PHE127,mut_s1,detail,1,139,RGWVFJBNHCWCTL-CFEGKOCINA-N,-9.485
GBA,c_PHE127,mut_s1,detail,1,140,YYWNRQZCPIMCAK-UHFFFAOYNA-N,-9.136
GBA,c_PHE127,mut_s1,detail,1,141,PBTZDKNKXRSZPM-XBXBPLPCNA-N,-10.672
GBA,c_PHE127,mut_s1,detail,1,142,QQPOIMHFFPBDQM-LELJVTLKNA-N,-7.598
GBA,c_PHE127,mut_s1,detail,1,143,NYFQURFFDGCBCB-MAQJPOOANA-N,-8.133
GBA,c_PHE127,mut_s1,detail,1,144,HXZVHWHABLBWBS-MTTPVDACNA-N,-11.83
GBA,c_PHE127,mut_s1,detail,1,145,IWYYSOJWYLZKLK-LELJVTLKNA-N,-8.561
GBA,c_PHE127,mut_s1,detail,1,146,HOGUCNPGZXMBGW-UHFFFAOYNA-N,-10.017
GBA,c_PHE127,mut_s1,detail,1,147,VITUDJAVASFPKN-DUFUIDNCNA-N,-9.445
GBA,c_PHE127,mut_s1,detail,1,148,IXAHDCRYEUYPBG-SCXYCHFONA-N,-11.365
GBA,c_PHE127,mut_s1,detail,1,149,JWHMEKMLAZQDNS-OZMOGHDGNA-N,-8.227
GBA,c_PHE127,mut_s1,detail,1,150,BZWNBTIJLRHNDZ-LBOYIXSDNA-N,-9.239
GBA,c_PHE127,mut_s1,detail,1,151,RECYROBESYRUML-UHFFFAOYNA-N,-10.327
GBA,c_PHE127,mut_s1,detail,1,152,MLDSJJJLQRZNKW-UHBIVWOUNA-N,-10.483
GBA,c_PHE127,mut_s1,detail,1,153,XTWIHJARHCYNFX-PHXLCVRDNA-N,-9.163
GBA,c_PHE127,mut_s1,detail,1,154,UQGFETVWTRDGKJ-UHFFFAOYNA-N,-8.089
GBA,c_PHE127,mut_s1,detail,1,155,VJFSMDWEMFOWDK-CYSPOYASNA-N,-8.069
GBA,c_PHE127,mut_s1,detail,1,156,NZYLXYBIWNIAGH-CYSPOYASNA-N,-9.968
GBA,c_PHE127,mut_s1,detail,1,157,ODXCWFOKLBJQNP-MPIMZMORNA-N,-7.998
GBA,c_PHE127,mut_s1,detail,1,158,FVDNMAPPDSKXKQ-UHFFFAOYNA-N,-10.732
GBA,c_PHE127,mut_s1,detail,1,159,DOPWMPRIRWTOOD-CCHPKIMANA-N,-9.662
GBA,c_GLN283,mut_s1,detail,1,0,URVMSYHISUZXNH-UYBDAZJANA-N,-8.441
GBA,c_GLN283,mut_s1,detail,1,1,KXRPCFINVWWFHQ-UHFFFAOYNA-N,-5.401
GBA,c_GLN283,mut_s1,detail,1,2,NICJTSHRYBTHAS-YHMJCDSINA-N,-8.265
GBA,c_GLN283,mut_s1,detail,1,3,SWRZVDTZHDWPDS-AWIDAIFANA-N,-8.816
GBA,c_GLN283,mut_s1,detail,1,4,RKNSLLSUFWWYCA-UHFFFAOYNA-N,-8.913
GBA,c_GLN283,mut_s1,detail,1,5,OZFSIKFTRRUDES-RIYZIHGNNA-N,-6.537
GBA,c_GLN283,mut_s1,detail,1,6,AAGGUCRASUJPPN-UHFFFAOYNA-N,-7.754
GBA,c_GLN283,mut_s1,detail,1,7,OYHXDPMAFYHDNG-YAQRNVERNA-N,-8.271
GBA,c_GLN283,mut_s1,detail,1,8,AWILWAIEQYZUEQ-UHFFFAOYNA-N,-7.051
GBA,c_GLN283,mut_s1,detail,1,9,WSFAXHLMQUUHQT-VMPITWQZNA-N,-7.7
GBA,c_GLN283,mut_s1,detail,1,10,WPHMTVNOXKBZKN-UHFFFAOYNA-N,-6.739
GBA,c_GLN283,mut_s1,detail,1,11,LPEIZNODGHDCCW-UHFFFAOYNA-N,0.348
GBA,c_GLN283,mut_s1,detail,1,12,QQHWWDVSRWOHEP-LILDFLRNNA-N,-8.712
GBA,c_GLN283,mut_s1,detail,1,13,UMEVSSPGBFVQNC-UHFFFAOYNA-N,-6.328
GBA,c_GLN283,mut_s1,detail,1,14,VZDIOEKWWZRNQN-UHFFFAOYNA-N,-8.554
GBA,c_GLN283,mut_s1,detail,1,15,JEVLDOUORFAHRS-NDKGDYFDNA-N,-7.673
GBA,c_GLN283,mut_s1,detail,1,16,NFTGJNJRMWUBPG-GPQMBLKYNA-N,-7.306
GBA,c_GLN283,mut_s1,detail,1,17,UMUUTEZBWGDVDA-UHFFFAOYNA-N,-8.053
GBA,c_GLN283,mut_s1,detail,1,18,VLQKEPLNPGYNDJ-HCKMINDGNA-N,-8.121
GBA,c_GLN283,mut_s1,detail,1,19,PPMVTAATPZLMJM-CDDDEJBQNA-N,-8.304
GBA,c_GLN283,mut_s1,detail,1,20,AHLYFAKLKLMESK-YAQRNVERNA-N,-7.046
GBA,c_GLN283,mut_s1,detail,1,21,GYEJYLAGVWRSIM-KGJHZMDYNA-N,-8.106
GBA,c_GLN283,mut_s1,detail,1,22,RXVALSLAUOIYLW-UHFFFAOYNA-N,-7.09
GBA,c_GLN283,mut_s1,detail,1,23,NSELYIFATLFDOZ-JLGFQASFNA-N,-7.793
GBA,c_GLN283,mut_s1,detail,1,24,COQFBYACOHFCEC-UHFFFAOYNA-N,-7.699
GBA,c_GLN283,mut_s1,detail,1,25,CJGJXFCLDYQBFQ-YJGXKCCXNA-N,-8.385
GBA,c_GLN283,mut_s1,detail,1,26,BWNGRRJLFYHENY-INIZCTEONA-N,-7.42
GBA,c_GLN283,mut_s1,detail,1,27,BNRFXWSJKVJVOF-UYBDAZJANA-N,-8.664
GBA,c_GLN283,mut_s1,detail,1,28,DMULMZBZVBBWBY-PJZINPJWNA-N,-8.539
GBA,c_GLN283,mut_s1,detail,1,29,AXLAIGJGNKHDPO-UHFFFAOYNA-N,-6.71
GBA,c_GLN283,mut_s1,detail,1,30,RKDGAONZEPYEBT-WXRBYKJCNA-N,-7.265
GBA,c_GLN283,mut_s1,detail,1,31,MBOYDUZSCSNUQL-MBBDSNKKNA-N,-8.082
GBA,c_GLN283,mut_s1,detail,1,32,KPVDBHRTXOFQDK-YAQRNVERNA-N,-6.543
GBA,c_GLN283,mut_s1,detail,1,33,LVCNFMYUKISBSB-VJSNTGQMNA-N,-7.596
GBA,c_GLN283,mut_s1,detail,1,34,XLAHCIRKLMJUQC-DZQCGVKKNA-N,-8.812
GBA,c_GLN283,mut_s1,detail,1,35,QNYHDABGLCBJOE-SHHGZXMVNA-N,-8.682
GBA,c_GLN283,mut_s1,detail,1,36,HEKNRISBWSPMOG-OWTLIXCDNA-N,-7.543
GBA,c_GLN283,mut_s1,detail,1,37,VIRNXCRLEVZXNX-LILDFLRNNA-N,-9.802
GBA,c_GLN283,mut_s1,detail,1,38,SRTGERSEXJGDMR-UHFFFAOYNA-N,-6.682
GBA,c_GLN283,mut_s1,detail,1,39,ZGMGSSRLZJYOKH-WXRBYKJCNA-N,-7.169
GBA,c_GLN283,mut_s1,detail,1,40,VGYFDFRFGHHCDA-CUTUCBJDNA-N,-9.436
GBA,c_GLN283,mut_s1,detail,1,41,DILPMLYWQJPNLO-HCKMINDGNA-N,-8.773
GBA,c_GLN283,mut_s1,detail,1,42,RSOODJIGEVJLMK-LQFNOIFHNA-N,-8.941
GBA,c_GLN283,mut_s1,detail,1,43,OWHHWMUAYBIQPR-UHFFFAOYNA-N,-8.842
GBA,c_GLN283,mut_s1,detail,1,44,KPIKMVZJKZDOFC-UHFFFAOYNA-N,-9.36
GBA,c_GLN283,mut_s1,detail,1,45,DIKDKRUREJXLMR-DPMTXJEANA-N,-8.855
GBA,c_GLN283,mut_s1,detail,1,46,QRVJDPKQHAVBDK-UYBDAZJANA-N,-7.232
GBA,c_GLN283,mut_s1,detail,1,47,SGBSFKSDPWOALT-UYBDAZJANA-N,-8.381
GBA,c_GLN283,mut_s1,detail,1,48,CYHFRNFVZWVHCG-OTJKMEOQNA-N,-8.409
GBA,c_GLN283,mut_s1,detail,1,49,MJUDQDHXCQONOA-MPIMZMORNA-N,-8.692
GBA,c_GLN283,mut_s1,detail,1,50,RNVYRNLUUYNQAS-PKSOQXRJNA-N,-8.164
GBA,c_GLN283,mut_s1,detail,1,51,DLZXOZYETDVJEB-QWOVJGMINA-N,-7.732
GBA,c_GLN283,mut_s1,detail,1,52,HSICVZRDGBJSEL-GPQMBLKYNA-N,-8.017
GBA,c_GLN283,mut_s1,detail,1,53,HMRUHHFLIMYEAF-QNGOCPJXNA-N,-7.628
GBA,c_GLN283,mut_s1,detail,1,54,ZZOWQPSBJUXHCA-YSPRVCGUNA-N,-8.859
GBA,c_GLN283,mut_s1,detail,1,55,WDDJLHOUFWSQSV-UHFFFAOYNA-N,-8.939
GBA,c_GLN283,mut_s1,detail,1,56,UKLIIGXGTPSYBF-IBCWCQIKNA-N,-7.621
GBA,c_GLN283,mut_s1,detail,1,57,LNPOBRXJZYGQMS-MOHJPFBDNA-N,-9.544
GBA,c_GLN283,mut_s1,detail,1,58,FYILBFPPKIZBTO-UHFFFAOYNA-N,-7.805
GBA,c_GLN283,mut_s1,detail,1,59,MIKIJFODTJGFDI-LILDFLRNNA-N,-7.618
GBA,c_GLN283,mut_s1,detail,1,60,RUWCNSLWWCWTSU-LILDFLRNNA-N,-9.849
GBA,c_GLN283,mut_s1,detail,1,61,KLQWCHKIQJHYIB-UHFFFAOYNA-N,-9.602
GBA,c_GLN283,mut_s1,detail,1,62,QKAWGENQCGFAOE-NPVYFSBINA-N,-8.109
GBA,c_GLN283,mut_s1,detail,1,63,KGOKCBRZBBEYBE-MMRXBHCZNA-N,-10.603
GBA,c_GLN283,mut_s1,detail,1,64,ROFRXCLSWKEWTN-UHFFFAOYNA-N,-7.938
GBA,c_GLN283,mut_s1,detail,1,65,AKRMJNKLSCBEME-FPYGCLRLNA-N,-6.925
GBA,c_GLN283,mut_s1,detail,1,66,LCGJUJZLLYTYIF-XMFFZCEENA-N,-7.645
GBA,c_GLN283,mut_s1,detail,1,67,FREQNFSEYLEFOI-QRCVEOAVNA-N,-8.24
GBA,c_GLN283,mut_s1,detail,1,68,MHMINAYLMNBGSM-UHFFFAOYNA-N,-7.607
GBA,c_GLN283,mut_s1,detail,1,69,SYMNTBHEGHFZMV-UHFFFAOYNA-N,-7.755
GBA,c_GLN283,mut_s1,detail,1,70,NNCRWGMPCGSKOO-LILDFLRNNA-N,-7.302
GBA,c_GLN283,mut_s1,detail,1,71,ZCRRNCCNJMRGFI-UHFFFAOYNA-N,-9.456
GBA,c_GLN283,mut_s1,detail,1,72,PYVZEIBGEUQNQQ-UHFFFAOYNA-N,-8.853
GBA,c_GLN283,mut_s1,detail,1,73,OROJQWVRCGJACT-XBTAAFKLNA-N,-9.661
GBA,c_GLN283,mut_s1,detail,1,74,TXYUWXKCUDOUGU-JLGFQASFNA-N,-7.046
GBA,c_GLN283,mut_s1,detail,1,75,LAZANALODSEDSE-UHFFFAOYNA-N,-8.824
GBA,c_GLN283,mut_s1,detail,1,76,RJXCYVJLXGRCHK-UHFFFAOYNA-N,-10.39
GBA,c_GLN283,mut_s1,detail,1,77,FUSKIBWHJAWEFI-IEJAXPBYNA-N,-8.913
GBA,c_GLN283,mut_s1,detail,1,78,SGWVLOCBQLQWQV-UHFFFAOYNA-N,-8.389
GBA,c_GLN283,mut_s1,detail,1,79,PPXRQTYXLZCDAZ-QWOVJGMINA-N,-9.03
GBA,c_GLN283,mut_s1,detail,1,80,DIFBADFWLVYFHV-LELJVTLKNA-N,-9.834
GBA,c_GLN283,mut_s1,detail,1,81,XREOSEVJCQGCHE-MHPMNMKGNA-N,-10.043
GBA,c_GLN283,mut_s1,detail,1,82,ZHGPKHBXSKWZEQ-UHFFFAOYNA-N,-8.782
GBA,c_GLN283,mut_s1,detail,1,83,ZFAYPJJNPSNAFK-UHFFFAOYNA-N,-10.068
GBA,c_GLN283,mut_s1,detail,1,84,LTXMRAGWIDQTQT-MYUTVWBTNA-N,-10.123
GBA,c_GLN283,mut_s1,detail,1,85,VXQHYHSSGLOALC-SPEPDGBUNA-N,-10.881
GBA,c_GLN283,mut_s1,detail,1,86,KWDSFRAWCISROF-PJQSKVNONA-N,-9.406
GBA,c_GLN283,mut_s1,detail,1,87,ZJZXSQPHUQUHIV-ZGZFQTMPNA-N,-10.248
GBA,c_GLN283,mut_s1,detail,1,88,UYHIVPBYFWVWEJ-UHFFFAOYNA-N,-10.614
GBA,c_GLN283,mut_s1,detail,1,89,PLEFJSUCKRWHBY-LNNLXFCONA-N,-8.758
GBA,c_GLN283,mut_s1,detail,1,90,DNSRQCRQLKJUCC-PDJAEHLQNA-N,-8.724
GBA,c_GLN283,mut_s1,detail,1,91,PHYKZCBUNVYJNH-YDBXFXKPNA-N,-7.47
GBA,c_GLN283,mut_s1,detail,1,92,OOUHZBUAVKCDGA-UHFFFAOYNA-N,-9.496
GBA,c_GLN283,mut_s1,detail,1,93,UUQDFZFJDFMLHW-UHFFFAOYNA-N,-8.296
GBA,c_GLN283,mut_s1,detail,1,94,OOUDDHNLDLLUOL-SKKVRFOWNA-N,-9.41
GBA,c_GLN283,mut_s1,detail,1,95,ZDMQSUAMTLXUTE-MPIMZMORNA-N,-9.411
GBA,c_GLN283,mut_s1,detail,1,96,NMPLPABDEKPABN-UHFFFAOYNA-N,-8.763
GBA,c_GLN283,mut_s1,detail,1,97,INZRHGSVWGRHBM-NPVYFSBINA-N,-10.256
GBA,c_GLN283,mut_s1,detail,1,98,RVGCWMKVTAEQIH-LNNLXFCONA-N,-9.82
GBA,c_GLN283,mut_s1,detail,1,99,VRXWKRQOVMZBAF-LJQANCHMNA-N,-9.472
GBA,c_GLN283,mut_s1,detail,1,100,QACLWOIBBYOHQP-UYBDAZJANA-N,-8.626
GBA,c_GLN283,mut_s1,detail,1,101,ZNXSZVFPCBIELQ-LNNLXFCONA-N,-8.769
GBA,c_GLN283,mut_s1,detail,1,102,GKMWCCNMKRSQHR-VEKUMTKDNA-N,-9.513
GBA,c_GLN283,mut_s1,detail,1,103,FFGUSRSMWFYKGK-SKKVRFOWNA-N,-9.038
GBA,c_GLN283,mut_s1,detail,1,104,KXBDDGKXLZBLOM-SPEPDGBUNA-N,-9.691
GBA,c_GLN283,mut_s1,detail,1,105,MIUWULAZCXYTJW-MSHHZIMBNA-N,-9.851
GBA,c_GLN283,mut_s1,detail,1,106,JPZOYWVRFLZCIC-NJNXFGOHNA-N,-10.173
GBA,c_GLN283,mut_s1,detail,1,107,FAIQTLBYDVKBAB-DVIAZDKANA-N,-9.068
GBA,c_GLN283,mut_s1,detail,1,108,APFLRZZAOXCNAZ-UHFFFAOYNA-N,-7.868
GBA,c_GLN283,mut_s1,detail,1,109,BSQLDSQTGOZBFD-UHFFFAOYNA-N,-9.578
GBA,c_GLN283,mut_s1,detail,1,110,ZVVCFJXCDATSCC-UHFFFAOYNA-N,-8.956
GBA,c_GLN283,mut_s1,detail,1,111,SKEQTXZATFWVMB-UYBDAZJANA-N,-7.839
GBA,c_GLN283,mut_s1,detail,1,112,IATWYRHDJKMBQK-MPIMZMORNA-N,-8.151
GBA,c_GLN283,mut_s1,detail,1,113,JPWOEQDCUZCWKT-MPIMZMORNA-N,-7.412
GBA,c_GLN283,mut_s1,detail,1,114,RYHSAXRBHDHPPK-PKSOQXRJNA-N,-7.888
GBA,c_GLN283,mut_s1,detail,1,115,GKKJWUFVZJJFPG-MPIMZMORNA-N,-9.154
GBA,c_GLN283,mut_s1,detail,1,116,FDNZXFDUCINVLY-BDGWVKIONA-N,-8.23
GBA,c_GLN283,mut_s1,detail,1,117,KTBYKHKWIFIFAK-UHFFFAOYNA-N,-10.129
GBA,c_GLN283,mut_s1,detail,1,118,ZRXZEWGUECXTTQ-LQFNOIFHNA-N,-9.293
GBA,c_GLN283,mut_s1,detail,1,119,XNACBBGLIAJNJM-PECIQRARNA-N,-8.597
GBA,c_GLN283,mut_s1,detail,1,120,WQZYYJRVBIQUGH-YWZOXAELNA-N,-7.184
GBA,c_GLN283,mut_s1,detail,1,121,ABMSRNRLDZVJFV-SWUIVHNENA-N,-9.3
GBA,c_GLN283,mut_s1,detail,1,122,ZEACBIUBSOLEGW-QAITUMOCNA-N,-11.626
GBA,c_GLN283,mut_s1,detail,1,123,UBFCDXVLKFOOGL-OKPOJWAQNA-N,-7.826
GBA,c_GLN283,mut_s1,detail,1,124,RRIHVAFUFDANEX-NSJMMFDCNA-N,-10.014
GBA,c_GLN283,mut_s1,detail,1,125,HASIAUWPWKTSBW-SREBMQDQNA-N,-8.574
GBA,c_GLN283,mut_s1,detail,1,126,WHBCKYHTCHCHAY-LQFNOIFHNA-N,-10.356
GBA,c_GLN283,mut_s1,detail,1,127,XMAYWYJOQHXEEK-JYFHCDHNNA-N,-9.114
GBA,c_GLN283,mut_s1,detail,1,128,TVKCFCZANTZCSU-OYRHEFFENA-N,-9.822
GBA,c_GLN283,mut_s1,detail,1,129,OJFIIUWPOHBVMH-LNNLXFCONA-N,-8.701
GBA,c_GLN283,mut_s1,detail,1,130,DKLZMGFTGWKNCD-DIRLUKLVNA-N,-10.343
GBA,c_GLN283,mut_s1,detail,1,131,PYSLGWZFRQWTDD-PWIKPTQSNA-N,-10.192
GBA,c_GLN283,mut_s1,detail,1,132,MWMBIUUYBQWKJX-QTUCRYGENA-N,-9.327
GBA,c_GLN283,mut_s1,detail,1,133,FLYQFCXTEFTSQN-UHFFFAOYNA-N,-8.744
GBA,c_GLN283,mut_s1,detail,1,134,PBIBDSDWIMZYDT-WBWGZOKWNA-N,-10.006
GBA,c_GLN283,mut_s1,detail,1,135,GSRWMFGBDLHGBU-YEFLILRRNA-N,-8.393
GBA,c_GLN283,mut_s1,detail,1,136,AYIJJQHMZAEQKE-QDAGQJSJNA-N,-9.584
GBA,c_GLN283,mut_s1,detail,1,137,JVWTZUKPDMRNDC-FSAKADSPNA-N,-10.614
GBA,c_GLN283,mut_s1,detail,1,138,XAZPLOLSRXZDBO-LBZABMTDNA-N,-9.173
GBA,c_GLN283,mut_s1,detail,1,139,RGWVFJBNHCWCTL-CFEGKOCINA-N,-8.509
GBA,c_GLN283,mut_s1,detail,1,140,YYWNRQZCPIMCAK-UHFFFAOYNA-N,-9.594
GBA,c_GLN283,mut_s1,detail,1,141,PBTZDKNKXRSZPM-XBXBPLPCNA-N,-10.5
GBA,c_GLN283,mut_s1,detail,1,142,QQPOIMHFFPBDQM-LELJVTLKNA-N,-8.915
GBA,c_GLN283,mut_s1,detail,1,143,NYFQURFFDGCBCB-MAQJPOOANA-N,-8.651
GBA,c_GLN283,mut_s1,detail,1,144,HXZVHWHABLBWBS-MTTPVDACNA-N,-12.05
GBA,c_GLN283,mut_s1,detail,1,145,IWYYSOJWYLZKLK-LELJVTLKNA-N,-8.682
GBA,c_GLN283,mut_s1,detail,1,146,HOGUCNPGZXMBGW-UHFFFAOYNA-N,-10.595
GBA,c_GLN283,mut_s1,detail,1,147,VITUDJAVASFPKN-DUFUIDNCNA-N,-9.638
GBA,c_GLN283,mut_s1,detail,1,148,IXAHDCRYEUYPBG-SCXYCHFONA-N,-11.194
GBA,c_GLN283,mut_s1,detail,1,149,JWHMEKMLAZQDNS-OZMOGHDGNA-N,-9.238
GBA,c_GLN283,mut_s1,detail,1,150,BZWNBTIJLRHNDZ-LBOYIXSDNA-N,-9.392
GBA,c_GLN283,mut_s1,detail,1,151,RECYROBESYRUML-UHFFFAOYNA-N,-10.089
GBA,c_GLN283,mut_s1,detail,1,152,MLDSJJJLQRZNKW-UHBIVWOUNA-N,-10.607
GBA,c_GLN283,mut_s1,detail,1,153,XTWIHJARHCYNFX-PHXLCVRDNA-N,-9.733
GBA,c_GLN283,mut_s1,detail,1,154,UQGFETVWTRDGKJ-UHFFFAOYNA-N,-9.05
GBA,c_GLN283,mut_s1,detail,1,155,VJFSMDWEMFOWDK-CYSPOYASNA-N,-8.062
GBA,c_GLN283,mut_s1,detail,1,156,NZYLXYBIWNIAGH-CYSPOYASNA-N,-9.55
GBA,c_GLN283,mut_s1,detail,1,157,ODXCWFOKLBJQNP-MPIMZMORNA-N,-8.346
GBA,c_GLN283,mut_s1,detail,1,158,FVDNMAPPDSKXKQ-UHFFFAOYNA-N,-10.823
GBA,c_GLN283,mut_s1,detail,1,159,DOPWMPRIRWTOOD-CCHPKIMANA-N,-9.861
GBA,c_ASN391,mut_s1,detail,1,0,URVMSYHISUZXNH-UYBDAZJANA-N,-8.558
GBA,c_ASN391,mut_s1,detail,1,1,KXRPCFINVWWFHQ-UHFFFAOYNA-N,-5.404
GBA,c_ASN391,mut_s1,detail,1,2,NICJTSHRYBTHAS-YHMJCDSINA-N,-7.918
GBA,c_ASN391,mut_s1,detail,1,3,SWRZVDTZHDWPDS-AWIDAIFANA-N,-9.249
GBA,c_ASN391,mut_s1,detail,1,4,RKNSLLSUFWWYCA-UHFFFAOYNA-N,-9.062
GBA,c_ASN391,mut_s1,detail,1,5,OZFSIKFTRRUDES-RIYZIHGNNA-N,-6.609
GBA,c_ASN391,mut_s1,detail,1,6,AAGGUCRASUJPPN-UHFFFAOYNA-N,-7.823
GBA,c_ASN391,mut_s1,detail,1,7,OYHXDPMAFYHDNG-YAQRNVERNA-N,-8.277
GBA,c_ASN391,mut_s1,detail,1,8,AWILWAIEQYZUEQ-UHFFFAOYNA-N,-7.665
GBA,c_ASN391,mut_s1,detail,1,9,WSFAXHLMQUUHQT-VMPITWQZNA-N,-8.421
GBA,c_ASN391,mut_s1,detail,1,10,WPHMTVNOXKBZKN-UHFFFAOYNA-N,-6.818
GBA,c_ASN391,mut_s1,detail,1,11,LPEIZNODGHDCCW-UHFFFAOYNA-N,-7.354
GBA,c_ASN391,mut_s1,detail,1,12,QQHWWDVSRWOHEP-LILDFLRNNA-N,-8.915
GBA,c_ASN391,mut_s1,detail,1,13,UMEVSSPGBFVQNC-UHFFFAOYNA-N,-6.434
GBA,c_ASN391,mut_s1,detail,1,14,VZDIOEKWWZRNQN-UHFFFAOYNA-N,-8.837
GBA,c_ASN391,mut_s1,detail,1,15,JEVLDOUORFAHRS-NDKGDYFDNA-N,-7.959
GBA,c_ASN391,mut_s1,detail,1,16,NFTGJNJRMWUBPG-GPQMBLKYNA-N,-7.505
GBA,c_ASN391,mut_s1,detail,1,17,UMUUTEZBWGDVDA-UHFFFAOYNA-N,-8.153
GBA,c_ASN391,mut_s1,detail,1,18,VLQKEPLNPGYNDJ-HCKMINDGNA-N,-8.391
GBA,c_ASN391,mut_s1,detail,1,19,PPMVTAATPZLMJM-CDDDEJBQNA-N,-8.652
GBA,c_ASN391,mut_s1,detail,1,20,AHLYFAKLKLMESK-YAQRNVERNA-N,-7.37
GBA,c_ASN391,mut_s1,detail,1,21,GYEJYLAGVWRSIM-KGJHZMDYNA-N,-8.152
GBA,c_ASN391,mut_s1,detail,1,22,RXVALSLAUOIYLW-UHFFFAOYNA-N,-7.755
GBA,c_ASN391,mut_s1,detail,1,23,NSELYIFATLFDOZ-JLGFQASFNA-N,-8.048
GBA,c_ASN391,mut_s1,detail,1,24,COQFBYACOHFCEC-UHFFFAOYNA-N,-7.858
GBA,c_ASN391,mut_s1,detail,1,25,CJGJXFCLDYQBFQ-YJGXKCCXNA-N,-8.673
GBA,c_ASN391,mut_s1,detail,1,26,BWNGRRJLFYHENY-INIZCTEONA-N,-7.765
GBA,c_ASN391,mut_s1,detail,1,27,BNRFXWSJKVJVOF-UYBDAZJANA-N,-8.355
GBA,c_ASN391,mut_s1,detail,1,28,DMULMZBZVBBWBY-PJZINPJWNA-N,-8.492
GBA,c_ASN391,mut_s1,detail,1,29,AXLAIGJGNKHDPO-UHFFFAOYNA-N,-6.755
GBA,c_ASN391,mut_s1,detail,1,30,RKDGAONZEPYEBT-WXRBYKJCNA-N,-7.349
GBA,c_ASN391,mut_s1,detail,1,31,MBOYDUZSCSNUQL-MBBDSNKKNA-N,-8.18
GBA,c_ASN391,mut_s1,detail,1,32,KPVDBHRTXOFQDK-YAQRNVERNA-N,-6.676
GBA,c_ASN391,mut_s1,detail,1,33,LVCNFMYUKISBSB-VJSNTGQMNA-N,-7.628
GBA,c_ASN391,mut_s1,detail,1,34,XLAHCIRKLMJUQC-DZQCGVKKNA-N,-8.791
GBA,c_ASN391,mut_s1,detail,1,35,QNYHDABGLCBJOE-SHHGZXMVNA-N,-9.074
GBA,c_ASN391,mut_s1,detail,1,36,HEKNRISBWSPMOG-OWTLIXCDNA-N,-7.538
GBA,c_ASN391,mut_s1,detail,1,37,VIRNXCRLEVZXNX-LILDFLRNNA-N,-10.027
GBA,c_ASN391,mut_s1,detail,1,38,SRTGERSEXJGDMR-UHFFFAOYNA-N,-7.146
GBA,c_ASN391,mut_s1,detail,1,39,ZGMGSSRLZJYOKH-WXRBYKJCNA-N,-7.684
GBA,c_ASN391,mut_s1,detail,1,40,VGYFDFRFGHHCDA-CUTUCBJDNA-N,-9.253
GBA,c_ASN391,mut_s1,detail,1,41,DILPMLYWQJPNLO-HCKMINDGNA-N,-8.936
GBA,c_ASN391,mut_s1,detail,1,42,RSOODJIGEVJLMK-LQFNOIFHNA-N,-9.096
GBA,c_ASN391,mut_s1,detail,1,43,OWHHWMUAYBIQPR-UHFFFAOYNA-N,-9.09
GBA,c_ASN391,mut_s1,detail,1,44,KPIKMVZJKZDOFC-UHFFFAOYNA-N,-9.661
GBA,c_ASN391,mut_s1,detail,1,45,DIKDKRUREJXLMR-DPMTXJEANA-N,-9.196
GBA,c_ASN391,mut_s1,detail,1,46,QRVJDPKQHAVBDK-UYBDAZJANA-N,-8.529
GBA,c_ASN391,mut_s1,detail,1,47,SGBSFKSDPWOALT-UYBDAZJANA-N,-8.692
GBA,c_ASN391,mut_s1,detail,1,48,CYHFRNFVZWVHCG-OTJKMEOQNA-N,-8.508
GBA,c_ASN391,mut_s1,detail,1,49,MJUDQDHXCQONOA-MPIMZMORNA-N,-9.029
GBA,c_ASN391,mut_s1,detail,1,50,RNVYRNLUUYNQAS-PKSOQXRJNA-N,-8.036
GBA,c_ASN391,mut_s1,detail,1,51,DLZXOZYETDVJEB-QWOVJGMINA-N,-7.383
GBA,c_ASN391,mut_s1,detail,1,52,HSICVZRDGBJSEL-GPQMBLKYNA-N,-8.331
GBA,c_ASN391,mut_s1,detail,1,53,HMRUHHFLIMYEAF-QNGOCPJXNA-N,-7.791
GBA,c_ASN391,mut_s1,detail,1,54,ZZOWQPSBJUXHCA-YSPRVCGUNA-N,-9.008
GBA,c_ASN391,mut_s1,detail,1,55,WDDJLHOUFWSQSV-UHFFFAOYNA-N,-9.468
GBA,c_ASN391,mut_s1,detail,1,56,UKLIIGXGTPSYBF-IBCWCQIKNA-N,-7.837
GBA,c_ASN391,mut_s1,detail,1,57,LNPOBRXJZYGQMS-MOHJPFBDNA-N,-9.83
GBA,c_ASN391,mut_s1,detail,1,58,FYILBFPPKIZBTO-UHFFFAOYNA-N,-8.033
GBA,c_ASN391,mut_s1,detail,1,59,MIKIJFODTJGFDI-LILDFLRNNA-N,-7.997
GBA,c_ASN391,mut_s1,detail,1,60,RUWCNSLWWCWTSU-LILDFLRNNA-N,-10.291
GBA,c_ASN391,mut_s1,detail,1,61,KLQWCHKIQJHYIB-UHFFFAOYNA-N,-10.33
GBA,c_ASN391,mut_s1,detail,1,62,QKAWGENQCGFAOE-NPVYFSBINA-N,-8.205
GBA,c_ASN391,mut_s1,detail,1,63,KGOKCBRZBBEYBE-MMRXBHCZNA-N,-10.694
GBA,c_ASN391,mut_s1,detail,1,64,ROFRXCLSWKEWTN-UHFFFAOYNA-N,-7.936
GBA,c_ASN391,mut_s1,detail,1,65,AKRMJNKLSCBEME-FPYGCLRLNA-N,-6.682
GBA,c_ASN391,mut_s1,detail,1,66,LCGJUJZLLYTYIF-XMFFZCEENA-N,-7.934
GBA,c_ASN391,mut_s1,detail,1,67,FREQNFSEYLEFOI-QRCVEOAVNA-N,-8.432
GBA,c_ASN391,mut_s1,detail,1,68,MHMINAYLMNBGSM-UHFFFAOYNA-N,-7.718
GBA,c_ASN391,mut_s1,detail,1,69,SYMNTBHEGHFZMV-UHFFFAOYNA-N,-8.471
GBA,c_ASN391,mut_s1,detail,1,70,NNCRWGMPCGSKOO-LILDFLRNNA-N,-7.69
GBA,c_ASN391,mut_s1,detail,1,71,ZCRRNCCNJMRGFI-UHFFFAOYNA-N,-9.775
GBA,c_ASN391,mut_s1,detail,1,72,PYVZEIBGEUQNQQ-UHFFFAOYNA-N,-9.361
GBA,c_ASN391,mut_s1,detail,1,73,OROJQWVRCGJACT-XBTAAFKLNA-N,-10.183
GBA,c_ASN391,mut_s1,detail,1,74,TXYUWXKCUDOUGU-JLGFQASFNA-N,-7.439
GBA,c_ASN391,mut_s1,detail,1,75,LAZANALODSEDSE-UHFFFAOYNA-N,-8.756
GBA,c_ASN391,mut_s1,detail,1,76,RJXCYVJLXGRCHK-UHFFFAOYNA-N,-10.455
GBA,c_ASN391,mut_s1,detail,1,77,FUSKIBWHJAWEFI-IEJAXPBYNA-N,-8.541
GBA,c_ASN391,mut_s1,detail,1,78,SGWVLOCBQLQWQV-UHFFFAOYNA-N,-9.368
GBA,c_ASN391,mut_s1,detail,1,79,PPXRQTYXLZCDAZ-QWOVJGMINA-N,-9.15
GBA,c_ASN391,mut_s1,detail,1,80,DIFBADFWLVYFHV-LELJVTLKNA-N,-9.753
GBA,c_ASN391,mut_s1,detail,1,81,XREOSEVJCQGCHE-MHPMNMKGNA-N,-10.227
GBA,c_ASN391,mut_s1,detail,1,82,ZHGPKHBXSKWZEQ-UHFFFAOYNA-N,-9.037
GBA,c_ASN391,mut_s1,detail,1,83,ZFAYPJJNPSNAFK-UHFFFAOYNA-N,-9.085
GBA,c_ASN391,mut_s1,detail,1,84,LTXMRAGWIDQTQT-MYUTVWBTNA-N,-10.62
GBA,c_ASN391,mut_s1,detail,1,85,VXQHYHSSGLOALC-SPEPDGBUNA-N,-10.996
GBA,c_ASN391,mut_s1,detail,1,86,KWDSFRAWCISROF-PJQSKVNONA-N,-9.869
GBA,c_ASN391,mut_s1,detail,1,87,ZJZXSQPHUQUHIV-ZGZFQTMPNA-N,-10.21
GBA,c_ASN391,mut_s1,detail,1,88,UYHIVPBYFWVWEJ-UHFFFAOYNA-N,-11.054
GBA,c_ASN391,mut_s1,detail,1,89,PLEFJSUCKRWHBY-LNNLXFCONA-N,-8.913
GBA,c_ASN391,mut_s1,detail,1,90,DNSRQCRQLKJUCC-PDJAEHLQNA-N,-9.269
GBA,c_ASN391,mut_s1,detail,1,91,PHYKZCBUNVYJNH-YDBXFXKPNA-N,-7.951
GBA,c_ASN391,mut_s1,detail,1,92,OOUHZBUAVKCDGA-UHFFFAOYNA-N,-10.056
GBA,c_ASN391,mut_s1,detail,1,93,UUQDFZFJDFMLHW-UHFFFAOYNA-N,-8.376
GBA,c_ASN391,mut_s1,detail,1,94,OOUDDHNLDLLUOL-SKKVRFOWNA-N,-9.355
GBA,c_ASN391,mut_s1,detail,1,95,ZDMQSUAMTLXUTE-MPIMZMORNA-N,-9.974
GBA,c_ASN391,mut_s1,detail,1,96,NMPLPABDEKPABN-UHFFFAOYNA-N,-9.452
GBA,c_ASN391,mut_s1,detail,1,97,INZRHGSVWGRHBM-NPVYFSBINA-N,-10.033
GBA,c_ASN391,mut_s1,detail,1,98,RVGCWMKVTAEQIH-LNNLXFCONA-N,-9.999
GBA,c_ASN391,mut_s1,detail,1,99,VRXWKRQOVMZBAF-LJQANCHMNA-N,-9.77
GBA,c_ASN391,mut_s1,detail,1,100,QACLWOIBBYOHQP-UYBDAZJANA-N,-8.741
GBA,c_ASN391,mut_s1,detail,1,101,ZNXSZVFPCBIELQ-LNNLXFCONA-N,-8.72
GBA,c_ASN391,mut_s1,detail,1,102,GKMWCCNMKRSQHR-VEKUMTKDNA-N,-9.374
GBA,c_ASN391,mut_s1,detail,1,103,FFGUSRSMWFYKGK-SKKVRFOWNA-N,-9.769
GBA,c_ASN391,mut_s1,detail,1,104,KXBDDGKXLZBLOM-SPEPDGBUNA-N,-9.485
GBA,c_ASN391,mut_s1,detail,1,105,MIUWULAZCXYTJW-MSHHZIMBNA-N,-9.633
GBA,c_ASN391,mut_s1,detail,1,106,JPZOYWVRFLZCIC-NJNXFGOHNA-N,-10.546
GBA,c_ASN391,mut_s1,detail,1,107,FAIQTLBYDVKBAB-DVIAZDKANA-N,-9.522
GBA,c_ASN391,mut_s1,detail,1,108,APFLRZZAOXCNAZ-UHFFFAOYNA-N,-7.88
GBA,c_ASN391,mut_s1,detail,1,109,BSQLDSQTGOZBFD-UHFFFAOYNA-N,-9.323
GBA,c_ASN391,mut_s1,detail,1,110,ZVVCFJXCDATSCC-UHFFFAOYNA-N,-9.272
GBA,c_ASN391,mut_s1,detail,1,111,SKEQTXZATFWVMB-UYBDAZJANA-N,-8.199
GBA,c_ASN391,mut_s1,detail,1,112,IATWYRHDJKMBQK-MPIMZMORNA-N,-7.974
GBA,c_ASN391,mut_s1,detail,1,113,JPWOEQDCUZCWKT-MPIMZMORNA-N,-7.758
GBA,c_ASN391,mut_s1,detail,1,114,RYHSAXRBHDHPPK-PKSOQXRJNA-N,-8.713
GBA,c_ASN391,mut_s1,detail,1,115,GKKJWUFVZJJFPG-MPIMZMORNA-N,-9.603
GBA,c_ASN391,mut_s1,detail,1,116,FDNZXFDUCINVLY-BDGWVKIONA-N,-8.453
GBA,c_ASN391,mut_s1,detail,1,117,KTBYKHKWIFIFAK-UHFFFAOYNA-N,-10.07
GBA,c_ASN391,mut_s1,detail,1,118,ZRXZEWGUECXTTQ-LQFNOIFHNA-N,-10.053
GBA,c_ASN391,mut_s1,detail,1,119,XNACBBGLIAJNJM-PECIQRARNA-N,-9.021
GBA,c_ASN391,mut_s1,detail,1,120,WQZYYJRVBIQUGH-YWZOXAELNA-N,-7.377
GBA,c_ASN391,mut_s1,detail,1,121,ABMSRNRLDZVJFV-SWUIVHNENA-N,-9.496
GBA,c_ASN391,mut_s1,detail,1,122,ZEACBIUBSOLEGW-QAITUMOCNA-N,-11.353
GBA,c_ASN391,mut_s1,detail,1,123,UBFCDXVLKFOOGL-OKPOJWAQNA-N,-8.754
GBA,c_ASN391,mut_s1,detail,1,124,RRIHVAFUFDANEX-NSJMMFDCNA-N,-10.09
GBA,c_ASN391,mut_s1,detail,1,125,HASIAUWPWKTSBW-SREBMQDQNA-N,-9.036
GBA,c_ASN391,mut_s1,detail,1,126,WHBCKYHTCHCHAY-LQFNOIFHNA-N,-10.601
GBA,c_ASN391,mut_s1,detail,1,127,XMAYWYJOQHXEEK-JYFHCDHNNA-N,-9.618
GBA,c_ASN391,mut_s1,detail,1,128,TVKCFCZANTZCSU-OYRHEFFENA-N,-10.364
GBA,c_ASN391,mut_s1,detail,1,129,OJFIIUWPOHBVMH-LNNLXFCONA-N,-8.783
GBA,c_ASN391,mut_s1,detail,1,130,DKLZMGFTGWKNCD-DIRLUKLVNA-N,-10.079
GBA,c_ASN391,mut_s1,detail,1,131,PYSLGWZFRQWTDD-PWIKPTQSNA-N,-8.968
GBA,c_ASN391,mut_s1,detail,1,132,MWMBIUUYBQWKJX-QTUCRYGENA-N,-8.933
GBA,c_ASN391,mut_s1,detail,1,133,FLYQFCXTEFTSQN-UHFFFAOYNA-N,-9.155
GBA,c_ASN391,mut_s1,detail,1,134,PBIBDSDWIMZYDT-WBWGZOKWNA-N,-9.678
GBA,c_ASN391,mut_s1,detail,1,135,GSRWMFGBDLHGBU-YEFLILRRNA-N,-9.086
GBA,c_ASN391,mut_s1,detail,1,136,AYIJJQHMZAEQKE-QDAGQJSJNA-N,-9.766
GBA,c_ASN391,mut_s1,detail,1,137,JVWTZUKPDMRNDC-FSAKADSPNA-N,-10.782
GBA,c_ASN391,mut_s1,detail,1,138,XAZPLOLSRXZDBO-LBZABMTDNA-N,-8.891
GBA,c_ASN391,mut_s1,detail,1,139,RGWVFJBNHCWCTL-CFEGKOCINA-N,-9.549
GBA,c_ASN391,mut_s1,detail,1,140,YYWNRQZCPIMCAK-UHFFFAOYNA-N,-9.052
GBA,c_ASN391,mut_s1,detail,1,141,PBTZDKNKXRSZPM-XBXBPLPCNA-N,-10.762
GBA,c_ASN391,mut_s1,detail,1,142,QQPOIMHFFPBDQM-LELJVTLKNA-N,-9.001
GBA,c_ASN391,mut_s1,detail,1,143,NYFQURFFDGCBCB-MAQJPOOANA-N,-8.341
GBA,c_ASN391,mut_s1,detail,1,144,HXZVHWHABLBWBS-MTTPVDACNA-N,-11.747
GBA,c_ASN391,mut_s1,detail,1,145,IWYYSOJWYLZKLK-LELJVTLKNA-N,-8.808
GBA,c_ASN391,mut_s1,detail,1,146,HOGUCNPGZXMBGW-UHFFFAOYNA-N,-10.543
GBA,c_ASN391,mut_s1,detail,1,147,VITUDJAVASFPKN-DUFUIDNCNA-N,-9.906
GBA,c_ASN391,mut_s1,detail,1,148,IXAHDCRYEUYPBG-SCXYCHFONA-N,-11.689
GBA,c_ASN391,mut_s1,detail,1,149,JWHMEKMLAZQDNS-OZMOGHDGNA-N,-8.46
GBA,c_ASN391,mut_s1,detail,1,150,BZWNBTIJLRHNDZ-LBOYIXSDNA-N,-9.882
GBA,c_ASN391,mut_s1,detail,1,151,RECYROBESYRUML-UHFFFAOYNA-N,-10.409
GBA,c_ASN391,mut_s1,detail,1,152,MLDSJJJLQRZNKW-UHBIVWOUNA-N,-9.435
GBA,c_ASN391,mut_s1,detail,1,153,XTWIHJARHCYNFX-PHXLCVRDNA-N,-8.304
GBA,c_ASN391,mut_s1,detail,1,154,UQGFETVWTRDGKJ-UHFFFAOYNA-N,-8.721
GBA,c_ASN391,mut_s1,detail,1,155,VJFSMDWEMFOWDK-CYSPOYASNA-N,-9.036
GBA,c_ASN391,mut_s1,detail,1,156,NZYLXYBIWNIAGH-CYSPOYASNA-N,-9.974
GBA,c_ASN391,mut_s1,detail,1,157,ODXCWFOKLBJQNP-MPIMZMORNA-N,-8.593
GBA,c_ASN391,mut_s1,detail,1,158,FVDNMAPPDSKXKQ-UHFFFAOYNA-N,-10.887
GBA,c_ASN391,mut_s1,detail,1,159,DOPWMPRIRWTOOD-CCHPKIMANA-N,-10.084
GBA,c_ARG119,mut_s1,detail,1,0,URVMSYHISUZXNH-UYBDAZJANA-N,-8.338
GBA,c_ARG119,mut_s1,detail,1,1,KXRPCFINVWWFHQ-UHFFFAOYNA-N,-5.299
GBA,c_ARG119,mut_s1,detail,1,2,NICJTSHRYBTHAS-YHMJCDSINA-N,-7.962
GBA,c_ARG119,mut_s1,detail,1,3,SWRZVDTZHDWPDS-AWIDAIFANA-N,-8.931
GBA,c_ARG119,mut_s1,detail,1,4,RKNSLLSUFWWYCA-UHFFFAOYNA-N,-9.056
GBA,c_ARG119,mut_s1,detail,1,5,OZFSIKFTRRUDES-RIYZIHGNNA-N,-6.528
GBA,c_ARG119,mut_s1,detail,1,6,AAGGUCRASUJPPN-UHFFFAOYNA-N,-7.725
GBA,c_ARG119,mut_s1,detail,1,7,OYHXDPMAFYHDNG-YAQRNVERNA-N,-8.371
GBA,c_ARG119,mut_s1,detail,1,8,AWILWAIEQYZUEQ-UHFFFAOYNA-N,-7.584
GBA,c_ARG119,mut_s1,detail,1,9,WSFAXHLMQUUHQT-VMPITWQZNA-N,-8.125
GBA,c_ARG119,mut_s1,detail,1,10,WPHMTVNOXKBZKN-UHFFFAOYNA-N,-6.813
GBA,c_ARG119,mut_s1,detail,1,11,LPEIZNODGHDCCW-UHFFFAOYNA-N,-7.189
GBA,c_ARG119,mut_s1,detail,1,12,QQHWWDVSRWOHEP-LILDFLRNNA-N,-8.667
GBA,c_ARG119,mut_s1,detail,1,13,UMEVSSPGBFVQNC-UHFFFAOYNA-N,-6.409
GBA,c_ARG119,mut_s1,detail,1,14,VZDIOEKWWZRNQN-UHFFFAOYNA-N,-9.031
GBA,c_ARG119,mut_s1,detail,1,15,JEVLDOUORFAHRS-NDKGDYFDNA-N,-7.945
GBA,c_ARG119,mut_s1,detail,1,16,NFTGJNJRMWUBPG-GPQMBLKYNA-N,-7.604
GBA,c_ARG119,mut_s1,detail,1,17,UMUUTEZBWGDVDA-UHFFFAOYNA-N,-8.178
GBA,c_ARG119,mut_s1,detail,1,18,VLQKEPLNPGYNDJ-HCKMINDGNA-N,-8.486
GBA,c_ARG119,mut_s1,detail,1,19,PPMVTAATPZLMJM-CDDDEJBQNA-N,-8.659
GBA,c_ARG119,mut_s1,detail,1,20,AHLYFAKLKLMESK-YAQRNVERNA-N,-7.516
GBA,c_ARG119,mut_s1,detail,1,21,GYEJYLAGVWRSIM-KGJHZMDYNA-N,-8.16
GBA,c_ARG119,mut_s1,detail,1,22,RXVALSLAUOIYLW-UHFFFAOYNA-N,-7.422
GBA,c_ARG119,mut_s1,detail,1,23,NSELYIFATLFDOZ-JLGFQASFNA-N,-8.15
GBA,c_ARG119,mut_s1,detail,1,24,COQFBYACOHFCEC-UHFFFAOYNA-N,-7.862
GBA,c_ARG119,mut_s1,detail,1,25,CJGJXFCLDYQBFQ-YJGXKCCXNA-N,-8.661
GBA,c_ARG119,mut_s1,detail,1,26,BWNGRRJLFYHENY-INIZCTEONA-N,-7.674
GBA,c_ARG119,mut_s1,detail,1,27,BNRFXWSJKVJVOF-UYBDAZJANA-N,-8.894
GBA,c_ARG119,mut_s1,detail,1,28,DMULMZBZVBBWBY-PJZINPJWNA-N,-8.678
GBA,c_ARG119,mut_s1,detail,1,29,AXLAIGJGNKHDPO-UHFFFAOYNA-N,-6.966
GBA,c_ARG119,mut_s1,detail,1,30,RKDGAONZEPYEBT-WXRBYKJCNA-N,-7.389
GBA,c_ARG119,mut_s1,detail,1,31,MBOYDUZSCSNUQL-MBBDSNKKNA-N,-8.125
GBA,c_ARG119,mut_s1,detail,1,32,KPVDBHRTXOFQDK-YAQRNVERNA-N,-6.656
GBA,c_ARG119,mut_s1,detail,1,33,LVCNFMYUKISBSB-VJSNTGQMNA-N,-7.555
GBA,c_ARG119,mut_s1,detail,1,34,XLAHCIRKLMJUQC-DZQCGVKKNA-N,-8.866
GBA,c_ARG119,mut_s1,detail,1,35,QNYHDABGLCBJOE-SHHGZXMVNA-N,-9.265
GBA,c_ARG119,mut_s1,detail,1,36,HEKNRISBWSPMOG-OWTLIXCDNA-N,-7.51
GBA,c_ARG119,mut_s1,detail,1,37,VIRNXCRLEVZXNX-LILDFLRNNA-N,-10.021
GBA,c_ARG119,mut_s1,detail,1,38,SRTGERSEXJGDMR-UHFFFAOYNA-N,-7.371
GBA,c_ARG119,mut_s1,detail,1,39,ZGMGSSRLZJYOKH-WXRBYKJCNA-N,-7.522
GBA,c_ARG119,mut_s1,detail,1,40,VGYFDFRFGHHCDA-CUTUCBJDNA-N,-9.253
GBA,c_ARG119,mut_s1,detail,1,41,DILPMLYWQJPNLO-HCKMINDGNA-N,-8.757
GBA,c_ARG119,mut_s1,detail,1,42,RSOODJIGEVJLMK-LQFNOIFHNA-N,-9.131
GBA,c_ARG119,mut_s1,detail,1,43,OWHHWMUAYBIQPR-UHFFFAOYNA-N,-9.123
GBA,c_ARG119,mut_s1,detail,1,44,KPIKMVZJKZDOFC-UHFFFAOYNA-N,-9.368
GBA,c_ARG119,mut_s1,detail,1,45,DIKDKRUREJXLMR-DPMTXJEANA-N,-9.257
GBA,c_ARG119,mut_s1,detail,1,46,QRVJDPKQHAVBDK-UYBDAZJANA-N,-8.314
GBA,c_ARG119,mut_s1,detail,1,47,SGBSFKSDPWOALT-UYBDAZJANA-N,-8.551
GBA,c_ARG119,mut_s1,detail,1,48,CYHFRNFVZWVHCG-OTJKMEOQNA-N,-9.076
GBA,c_ARG119,mut_s1,detail,1,49,MJUDQDHXCQONOA-MPIMZMORNA-N,-9.084
GBA,c_ARG119,mut_s1,detail,1,50,RNVYRNLUUYNQAS-PKSOQXRJNA-N,-7.555
GBA,c_ARG119,mut_s1,detail,1,51,DLZXOZYETDVJEB-QWOVJGMINA-N,-7.702
GBA,c_ARG119,mut_s1,detail,1,52,HSICVZRDGBJSEL-GPQMBLKYNA-N,-8.359
GBA,c_ARG119,mut_s1,detail,1,53,HMRUHHFLIMYEAF-QNGOCPJXNA-N,-8.036
GBA,c_ARG119,mut_s1,detail,1,54,ZZOWQPSBJUXHCA-YSPRVCGUNA-N,-8.809
GBA,c_ARG119,mut_s1,detail,1,55,WDDJLHOUFWSQSV-UHFFFAOYNA-N,-9.45
GBA,c_ARG119,mut_s1,detail,1,56,UKLIIGXGTPSYBF-IBCWCQIKNA-N,-7.851
GBA,c_ARG119,mut_s1,detail,1,57,LNPOBRXJZYGQMS-MOHJPFBDNA-N,-9.318
GBA,c_ARG119,mut_s1,detail,1,58,FYILBFPPKIZBTO-UHFFFAOYNA-N,-8.064
GBA,c_ARG119,mut_s1,detail,1,59,MIKIJFODTJGFDI-LILDFLRNNA-N,-7.991
GBA,c_ARG119,mut_s1,detail,1,60,RUWCNSLWWCWTSU-LILDFLRNNA-N,-10.091
GBA,c_ARG119,mut_s1,detail,1,61,KLQWCHKIQJHYIB-UHFFFAOYNA-N,-10.268
GBA,c_ARG119,mut_s1,detail,1,62,QKAWGENQCGFAOE-NPVYFSBINA-N,-8.485
GBA,c_ARG119,mut_s1,detail,1,63,KGOKCBRZBBEYBE-MMRXBHCZNA-N,-10.609
GBA,c_ARG119,mut_s1,detail,1,64,ROFRXCLSWKEWTN-UHFFFAOYNA-N,-8.208
GBA,c_ARG119,mut_s1,detail,1,65,AKRMJNKLSCBEME-FPYGCLRLNA-N,-6.809
GBA,c_ARG119,mut_s1,detail,1,66,LCGJUJZLLYTYIF-XMFFZCEENA-N,-8.029
GBA,c_ARG119,mut_s1,detail,1,67,FREQNFSEYLEFOI-QRCVEOAVNA-N,-8.387
GBA,c_ARG119,mut_s1,detail,1,68,MHMINAYLMNBGSM-UHFFFAOYNA-N,-7.757
GBA,c_ARG119,mut_s1,detail,1,69,SYMNTBHEGHFZMV-UHFFFAOYNA-N,-7.983
GBA,c_ARG119,mut_s1,detail,1,70,NNCRWGMPCGSKOO-LILDFLRNNA-N,-8.006
GBA,c_ARG119,mut_s1,detail,1,71,ZCRRNCCNJMRGFI-UHFFFAOYNA-N,-9.394
GBA,c_ARG119,mut_s1,detail,1,72,PYVZEIBGEUQNQQ-UHFFFAOYNA-N,-9.154
GBA,c_ARG119,mut_s1,detail,1,73,OROJQWVRCGJACT-XBTAAFKLNA-N,-10.109
GBA,c_ARG119,mut_s1,detail,1,74,TXYUWXKCUDOUGU-JLGFQASFNA-N,-7.528
GBA,c_ARG119,mut_s1,detail,1,75,LAZANALODSEDSE-UHFFFAOYNA-N,-8.679
GBA,c_ARG119,mut_s1,detail,1,76,RJXCYVJLXGRCHK-UHFFFAOYNA-N,-10.441
GBA,c_ARG119,mut_s1,detail,1,77,FUSKIBWHJAWEFI-IEJAXPBYNA-N,-8.617
GBA,c_ARG119,mut_s1,detail,1,78,SGWVLOCBQLQWQV-UHFFFAOYNA-N,-9.287
GBA,c_ARG119,mut_s1,detail,1,79,PPXRQTYXLZCDAZ-QWOVJGMINA-N,-9.36
GBA,c_ARG119,mut_s1,detail,1,80,DIFBADFWLVYFHV-LELJVTLKNA-N,-9.732
GBA,c_ARG119,mut_s1,detail,1,81,XREOSEVJCQGCHE-MHPMNMKGNA-N,-10.218
GBA,c_ARG119,mut_s1,detail,1,82,ZHGPKHBXSKWZEQ-UHFFFAOYNA-N,-9.093
GBA,c_ARG119,mut_s1,detail,1,83,ZFAYPJJNPSNAFK-UHFFFAOYNA-N,-9.648
GBA,c_ARG119,mut_s1,detail,1,84,LTXMRAGWIDQTQT-MYUTVWBTNA-N,-10.545
GBA,c_ARG119,mut_s1,detail,1,85,VXQHYHSSGLOALC-SPEPDGBUNA-N,-10.94
GBA,c_ARG119,mut_s1,detail,1,86,KWDSFRAWCISROF-PJQSKVNONA-N,-9.569
GBA,c_ARG119,mut_s1,detail,1,87,ZJZXSQPHUQUHIV-ZGZFQTMPNA-N,-10.341
GBA,c_ARG119,mut_s1,detail,1,88,UYHIVPBYFWVWEJ-UHFFFAOYNA-N,-11.092
GBA,c_ARG119,mut_s1,detail,1,89,PLEFJSUCKRWHBY-LNNLXFCONA-N,-9.049
GBA,c_ARG119,mut_s1,detail,1,90,DNSRQCRQLKJUCC-PDJAEHLQNA-N,-8.985
GBA,c_ARG119,mut_s1,detail,1,91,PHYKZCBUNVYJNH-YDBXFXKPNA-N,-7.92
GBA,c_ARG119,mut_s1,detail,1,92,OOUHZBUAVKCDGA-UHFFFAOYNA-N,-10.141
GBA,c_ARG119,mut_s1,detail,1,93,UUQDFZFJDFMLHW-UHFFFAOYNA-N,-8.43
GBA,c_ARG119,mut_s1,detail,1,94,OOUDDHNLDLLUOL-SKKVRFOWNA-N,-9.94
GBA,c_ARG119,mut_s1,detail,1,95,ZDMQSUAMTLXUTE-MPIMZMORNA-N,-9.996
GBA,c_ARG119,mut_s1,detail,1,96,NMPLPABDEKPABN-UHFFFAOYNA-N,-8.731
GBA,c_ARG119,mut_s1,detail,1,97,INZRHGSVWGRHBM-NPVYFSBINA-N,-10.424
GBA,c_ARG119,mut_s1,detail,1,98,RVGCWMKVTAEQIH-LNNLXFCONA-N,-9.48
GBA,c_ARG119,mut_s1,detail,1,99,VRXWKRQOVMZBAF-LJQANCHMNA-N,-9.713
GBA,c_ARG119,mut_s1,detail,1,100,QACLWOIBBYOHQP-UYBDAZJANA-N,-8.661
GBA,c_ARG119,mut_s1,detail,1,101,ZNXSZVFPCBIELQ-LNNLXFCONA-N,-9.112
GBA,c_ARG119,mut_s1,detail,1,102,GKMWCCNMKRSQHR-VEKUMTKDNA-N,-9.425
GBA,c_ARG119,mut_s1,detail,1,103,FFGUSRSMWFYKGK-SKKVRFOWNA-N,-9.665
GBA,c_ARG119,mut_s1,detail,1,104,KXBDDGKXLZBLOM-SPEPDGBUNA-N,-9.671
GBA,c_ARG119,mut_s1,detail,1,105,MIUWULAZCXYTJW-MSHHZIMBNA-N,-9.605
GBA,c_ARG119,mut_s1,detail,1,106,JPZOYWVRFLZCIC-NJNXFGOHNA-N,-10.533
GBA,c_ARG119,mut_s1,detail,1,107,FAIQTLBYDVKBAB-DVIAZDKANA-N,-9.481
GBA,c_ARG119,mut_s1,detail,1,108,APFLRZZAOXCNAZ-UHFFFAOYNA-N,-8.061
GBA,c_ARG119,mut_s1,detail,1,109,BSQLDSQTGOZBFD-UHFFFAOYNA-N,-9.428
GBA,c_ARG119,mut_s1,detail,1,110,ZVVCFJXCDATSCC-UHFFFAOYNA-N,-9.768
GBA,c_ARG119,mut_s1,detail,1,111,SKEQTXZATFWVMB-UYBDAZJANA-N,-8.202
GBA,c_ARG119,mut_s1,detail,1,112,IATWYRHDJKMBQK-MPIMZMORNA-N,-8.299
GBA,c_ARG119,mut_s1,detail,1,113,JPWOEQDCUZCWKT-MPIMZMORNA-N,-7.969
GBA,c_ARG119,mut_s1,detail,1,114,RYHSAXRBHDHPPK-PKSOQXRJNA-N,-8.506
GBA,c_ARG119,mut_s1,detail,1,115,GKKJWUFVZJJFPG-MPIMZMORNA-N,-9.387
GBA,c_ARG119,mut_s1,detail,1,116,FDNZXFDUCINVLY-BDGWVKIONA-N,-8.533
GBA,c_ARG119,mut_s1,detail,1,117,KTBYKHKWIFIFAK-UHFFFAOYNA-N,-10.539
GBA,c_ARG119,mut_s1,detail,1,118,ZRXZEWGUECXTTQ-LQFNOIFHNA-N,-10.175
GBA,c_ARG119,mut_s1,detail,1,119,XNACBBGLIAJNJM-PECIQRARNA-N,-9.194
GBA,c_ARG119,mut_s1,detail,1,120,WQZYYJRVBIQUGH-YWZOXAELNA-N,-7.21
GBA,c_ARG119,mut_s1,detail,1,121,ABMSRNRLDZVJFV-SWUIVHNENA-N,-9.553
GBA,c_ARG119,mut_s1,detail,1,122,ZEACBIUBSOLEGW-QAITUMOCNA-N,-11.258
GBA,c_ARG119,mut_s1,detail,1,123,UBFCDXVLKFOOGL-OKPOJWAQNA-N,-8.966
GBA,c_ARG119,mut_s1,detail,1,124,RRIHVAFUFDANEX-NSJMMFDCNA-N,-9.522
GBA,c_ARG119,mut_s1,detail,1,125,HASIAUWPWKTSBW-SREBMQDQNA-N,-9.037
GBA,c_ARG119,mut_s1,detail,1,126,WHBCKYHTCHCHAY-LQFNOIFHNA-N,-10.575
GBA,c_ARG119,mut_s1,detail,1,127,XMAYWYJOQHXEEK-JYFHCDHNNA-N,-9.645
GBA,c_ARG119,mut_s1,detail,1,128,TVKCFCZANTZCSU-OYRHEFFENA-N,-10.443
GBA,c_ARG119,mut_s1,detail,1,129,OJFIIUWPOHBVMH-LNNLXFCONA-N,-8.806
GBA,c_ARG119,mut_s1,detail,1,130,DKLZMGFTGWKNCD-DIRLUKLVNA-N,-10.257
GBA,c_ARG119,mut_s1,detail,1,131,PYSLGWZFRQWTDD-PWIKPTQSNA-N,-9.138
GBA,c_ARG119,mut_s1,detail,1,132,MWMBIUUYBQWKJX-QTUCRYGENA-N,-9.729
GBA,c_ARG119,mut_s1,detail,1,133,FLYQFCXTEFTSQN-UHFFFAOYNA-N,-9.374
GBA,c_ARG119,mut_s1,detail,1,134,PBIBDSDWIMZYDT-WBWGZOKWNA-N,-10.037
GBA,c_ARG119,mut_s1,detail,1,135,GSRWMFGBDLHGBU-YEFLILRRNA-N,-8.717
GBA,c_ARG119,mut_s1,detail,1,136,AYIJJQHMZAEQKE-QDAGQJSJNA-N,-9.74
GBA,c_ARG119,mut_s1,detail,1,137,JVWTZUKPDMRNDC-FSAKADSPNA-N,-10.581
GBA,c_ARG119,mut_s1,detail,1,138,XAZPLOLSRXZDBO-LBZABMTDNA-N,-9.199
GBA,c_ARG119,mut_s1,detail,1,139,RGWVFJBNHCWCTL-CFEGKOCINA-N,-9.549
GBA,c_ARG119,mut_s1,detail,1,140,YYWNRQZCPIMCAK-UHFFFAOYNA-N,-8.729
GBA,c_ARG119,mut_s1,detail,1,141,PBTZDKNKXRSZPM-XBXBPLPCNA-N,-10.371
GBA,c_ARG119,mut_s1,detail,1,142,QQPOIMHFFPBDQM-LELJVTLKNA-N,-8.759
GBA,c_ARG119,mut_s1,detail,1,143,NYFQURFFDGCBCB-MAQJPOOANA-N,-8.386
GBA,c_ARG119,mut_s1,detail,1,144,HXZVHWHABLBWBS-MTTPVDACNA-N,-11.911
GBA,c_ARG119,mut_s1,detail,1,145,IWYYSOJWYLZKLK-LELJVTLKNA-N,-8.215
GBA,c_ARG119,mut_s1,detail,1,146,HOGUCNPGZXMBGW-UHFFFAOYNA-N,-10.327
GBA,c_ARG119,mut_s1,detail,1,147,VITUDJAVASFPKN-DUFUIDNCNA-N,-9.653
GBA,c_ARG119,mut_s1,detail,1,148,IXAHDCRYEUYPBG-SCXYCHFONA-N,-11.598
GBA,c_ARG119,mut_s1,detail,1,149,JWHMEKMLAZQDNS-OZMOGHDGNA-N,-9.395
GBA,c_ARG119,mut_s1,detail,1,150,BZWNBTIJLRHNDZ-LBOYIXSDNA-N,-9.949
GBA,c_ARG119,mut_s1,detail,1,151,RECYROBESYRUML-UHFFFAOYNA-N,-10.426
GBA,c_ARG119,mut_s1,detail,1,152,MLDSJJJLQRZNKW-UHBIVWOUNA-N,-9.451
GBA,c_ARG119,mut_s1,detail,1,153,XTWIHJARHCYNFX-PHXLCVRDNA-N,-9.407
GBA,c_ARG119,mut_s1,detail,1,154,UQGFETVWTRDGKJ-UHFFFAOYNA-N,-8.591
GBA,c_ARG119,mut_s1,detail,1,155,VJFSMDWEMFOWDK-CYSPOYASNA-N,-8.666
GBA,c_ARG119,mut_s1,detail,1,156,NZYLXYBIWNIAGH-CYSPOYASNA-N,-9.742
GBA,c_ARG119,mut_s1,detail,1,157,ODXCWFOKLBJQNP-MPIMZMORNA-N,-8.226
GBA,c_ARG119,mut_s1,detail,1,158,FVDNMAPPDSKXKQ-UHFFFAOYNA-N,-10.975
GBA,c_ARG119,mut_s1,detail,1,159,DOPWMPRIRWTOOD-CCHPKIMANA-N,-10.1
GBA,s_ASN191,mut_s1,detail,1,0,URVMSYHISUZXNH-UYBDAZJANA-N,-8.531
GBA,s_ASN191,mut_s1,detail,1,1,KXRPCFINVWWFHQ-UHFFFAOYNA-N,-5.404
GBA,s_ASN191,mut_s1,detail,1,2,NICJTSHRYBTHAS-YHMJCDSINA-N,-7.955
GBA,s_ASN191,mut_s1,detail,1,3,SWRZVDTZHDWPDS-AWIDAIFANA-N,-8.88
GBA,s_ASN191,mut_s1,detail,1,4,RKNSLLSUFWWYCA-UHFFFAOYNA-N,-9.193
GBA,s_ASN191,mut_s1,detail,1,5,OZFSIKFTRRUDES-RIYZIHGNNA-N,-6.624
GBA,s_ASN191,mut_s1,detail,1,6,AAGGUCRASUJPPN-UHFFFAOYNA-N,-7.88
GBA,s_ASN191,mut_s1,detail,1,7,OYHXDPMAFYHDNG-YAQRNVERNA-N,-8.391
GBA,s_ASN191,mut_s1,detail,1,8,AWILWAIEQYZUEQ-UHFFFAOYNA-N,-7.686
GBA,s_ASN191,mut_s1,detail,1,9,WSFAXHLMQUUHQT-VMPITWQZNA-N,-8.362
GBA,s_ASN191,mut_s1,detail,1,10,WPHMTVNOXKBZKN-UHFFFAOYNA-N,-6.84
GBA,s_ASN191,mut_s1,detail,1,11,LPEIZNODGHDCCW-UHFFFAOYNA-N,-7.273
GBA,s_ASN191,mut_s1,detail,1,12,QQHWWDVSRWOHEP-LILDFLRNNA-N,-8.715
GBA,s_ASN191,mut_s1,detail,1,13,UMEVSSPGBFVQNC-UHFFFAOYNA-N,-6.479
GBA,s_ASN191,mut_s1,detail,1,14,VZDIOEKWWZRNQN-UHFFFAOYNA-N,-8.949
GBA,s_ASN191,mut_s1,detail,1,15,JEVLDOUORFAHRS-NDKGDYFDNA-N,-8.029
GBA,s_ASN191,mut_s1,detail,1,16,NFTGJNJRMWUBPG-GPQMBLKYNA-N,-7.583
GBA,s_ASN191,mut_s1,detail,1,17,UMUUTEZBWGDVDA-UHFFFAOYNA-N,-8.198
GBA,s_ASN191,mut_s1,detail,1,18,VLQKEPLNPGYNDJ-HCKMINDGNA-N,-7.725
GBA,s_ASN191,mut_s1,detail,1,19,PPMVTAATPZLMJM-CDDDEJBQNA-N,-8.639
GBA,s_ASN191,mut_s1,detail,1,20,AHLYFAKLKLMESK-YAQRNVERNA-N,-7.562
GBA,s_ASN191,mut_s1,detail,1,21,GYEJYLAGVWRSIM-KGJHZMDYNA-N,-8.192
GBA,s_ASN191,mut_s1,detail,1,22,RXVALSLAUOIYLW-UHFFFAOYNA-N,-7.366
GBA,s_ASN191,mut_s1,detail,1,23,NSELYIFATLFDOZ-JLGFQASFNA-N,-8.016
GBA,s_ASN191,mut_s1,detail,1,24,COQFBYACOHFCEC-UHFFFAOYNA-N,-7.71
GBA,s_ASN191,mut_s1,detail,1,25,CJGJXFCLDYQBFQ-YJGXKCCXNA-N,-8.714
GBA,s_ASN191,mut_s1,detail,1,26,BWNGRRJLFYHENY-INIZCTEONA-N,-7.67
GBA,s_ASN191,mut_s1,detail,1,27,BNRFXWSJKVJVOF-UYBDAZJANA-N,-8.914
GBA,s_ASN191,mut_s1,detail,1,28,DMULMZBZVBBWBY-PJZINPJWNA-N,-8.788
GBA,s_ASN191,mut_s1,detail,1,29,AXLAIGJGNKHDPO-UHFFFAOYNA-N,-6.916
GBA,s_ASN191,mut_s1,detail,1,30,RKDGAONZEPYEBT-WXRBYKJCNA-N,-7.404
GBA,s_ASN191,mut_s1,detail,1,31,MBOYDUZSCSNUQL-MBBDSNKKNA-N,-8.189
GBA,s_ASN191,mut_s1,detail,1,32,KPVDBHRTXOFQDK-YAQRNVERNA-N,-6.891
GBA,s_ASN191,mut_s1,detail,1,33,LVCNFMYUKISBSB-VJSNTGQMNA-N,-7.628
GBA,s_ASN191,mut_s1,detail,1,34,XLAHCIRKLMJUQC-DZQCGVKKNA-N,-8.834
GBA,s_ASN191,mut_s1,detail,1,35,QNYHDABGLCBJOE-SHHGZXMVNA-N,-8.771
GBA,s_ASN191,mut_s1,detail,1,36,HEKNRISBWSPMOG-OWTLIXCDNA-N,-7.534
GBA,s_ASN191,mut_s1,detail,1,37,VIRNXCRLEVZXNX-LILDFLRNNA-N,-10.096
GBA,s_ASN191,mut_s1,detail,1,38,SRTGERSEXJGDMR-UHFFFAOYNA-N,-6.649
GBA,s_ASN191,mut_s1,detail,1,39,ZGMGSSRLZJYOKH-WXRBYKJCNA-N,-7.409
GBA,s_ASN191,mut_s1,detail,1,40,VGYFDFRFGHHCDA-CUTUCBJDNA-N,-9.387
GBA,s_ASN191,mut_s1,detail,1,41,DILPMLYWQJPNLO-HCKMINDGNA-N,-8.759
GBA,s_ASN191,mut_s1,detail,1,42,RSOODJIGEVJLMK-LQFNOIFHNA-N,-9.133
GBA,s_ASN191,mut_s1,detail,1,43,OWHHWMUAYBIQPR-UHFFFAOYNA-N,-9.175
GBA,s_ASN191,mut_s1,detail,1,44,KPIKMVZJKZDOFC-UHFFFAOYNA-N,-9.658
GBA,s_ASN191,mut_s1,detail,1,45,DIKDKRUREJXLMR-DPMTXJEANA-N,-9.303
GBA,s_ASN191,mut_s1,detail,1,46,QRVJDPKQHAVBDK-UYBDAZJANA-N,-8.443
GBA,s_ASN191,mut_s1,detail,1,47,SGBSFKSDPWOALT-UYBDAZJANA-N,-8.677
GBA,s_ASN191,mut_s1,detail,1,48,CYHFRNFVZWVHCG-OTJKMEOQNA-N,-8.564
GBA,s_ASN191,mut_s1,detail,1,49,MJUDQDHXCQONOA-MPIMZMORNA-N,-9.092
GBA,s_ASN191,mut_s1,detail,1,50,RNVYRNLUUYNQAS-PKSOQXRJNA-N,-8.33
GBA,s_ASN191,mut_s1,detail,1,51,DLZXOZYETDVJEB-QWOVJGMINA-N,-7.536
GBA,s_ASN191,mut_s1,detail,1,52,HSICVZRDGBJSEL-GPQMBLKYNA-N,-8.279
GBA,s_ASN191,mut_s1,detail,1,53,HMRUHHFLIMYEAF-QNGOCPJXNA-N,-7.808
GBA,s_ASN191,mut_s1,detail,1,54,ZZOWQPSBJUXHCA-YSPRVCGUNA-N,-8.955
GBA,s_ASN191,mut_s1,detail,1,55,WDDJLHOUFWSQSV-UHFFFAOYNA-N,-9.508
GBA,s_ASN191,mut_s1,detail,1,56,UKLIIGXGTPSYBF-IBCWCQIKNA-N,-8.026
GBA,s_ASN191,mut_s1,detail,1,57,LNPOBRXJZYGQMS-MOHJPFBDNA-N,-9.953
GBA,s_ASN191,mut_s1,detail,1,58,FYILBFPPKIZBTO-UHFFFAOYNA-N,-8.013
GBA,s_ASN191,mut_s1,detail,1,59,MIKIJFODTJGFDI-LILDFLRNNA-N,-7.507
GBA,s_ASN191,mut_s1,detail,1,60,RUWCNSLWWCWTSU-LILDFLRNNA-N,-10.218
GBA,s_ASN191,mut_s1,detail,1,61,KLQWCHKIQJHYIB-UHFFFAOYNA-N,-10.309
GBA,s_ASN191,mut_s1,detail,1,62,QKAWGENQCGFAOE-NPVYFSBINA-N,-8.626
GBA,s_ASN191,mut_s1,detail,1,63,KGOKCBRZBBEYBE-MMRXBHCZNA-N,-10.619
GBA,s_ASN191,mut_s1,detail,1,64,ROFRXCLSWKEWTN-UHFFFAOYNA-N,-8.037
GBA,s_ASN191,mut_s1,detail,1,65,AKRMJNKLSCBEME-FPYGCLRLNA-N,-6.803
GBA,s_ASN191,mut_s1,detail,1,66,LCGJUJZLLYTYIF-XMFFZCEENA-N,-7.792
GBA,s_ASN191,mut_s1,detail,1,67,FREQNFSEYLEFOI-QRCVEOAVNA-N,-8.343
GBA,s_ASN191,mut_s1,detail,1,68,MHMINAYLMNBGSM-UHFFFAOYNA-N,-7.673
GBA,s_ASN191,mut_s1,detail,1,69,SYMNTBHEGHFZMV-UHFFFAOYNA-N,-7.993
GBA,s_ASN191,mut_s1,detail,1,70,NNCRWGMPCGSKOO-LILDFLRNNA-N,-8.205
GBA,s_ASN191,mut_s1,detail,1,71,ZCRRNCCNJMRGFI-UHFFFAOYNA-N,-9.524
GBA,s_ASN191,mut_s1,detail,1,72,PYVZEIBGEUQNQQ-UHFFFAOYNA-N,-9.354
GBA,s_ASN191,mut_s1,detail,1,73,OROJQWVRCGJACT-XBTAAFKLNA-N,-10.118
GBA,s_ASN191,mut_s1,detail,1,74,TXYUWXKCUDOUGU-JLGFQASFNA-N,-7.357
GBA,s_ASN191,mut_s1,detail,1,75,LAZANALODSEDSE-UHFFFAOYNA-N,-8.86
GBA,s_ASN191,mut_s1,detail,1,76,RJXCYVJLXGRCHK-UHFFFAOYNA-N,-10.485
GBA,s_ASN191,mut_s1,detail,1,77,FUSKIBWHJAWEFI-IEJAXPBYNA-N,-8.41
GBA,s_ASN191,mut_s1,detail,1,78,SGWVLOCBQLQWQV-UHFFFAOYNA-N,-9.393
GBA,s_ASN191,mut_s1,detail,1,79,PPXRQTYXLZCDAZ-QWOVJGMINA-N,-9.323
GBA,s_ASN191,mut_s1,detail,1,80,DIFBADFWLVYFHV-LELJVTLKNA-N,-9.623
GBA,s_ASN191,mut_s1,detail,1,81,XREOSEVJCQGCHE-MHPMNMKGNA-N,-10.189
GBA,s_ASN191,mut_s1,detail,1,82,ZHGPKHBXSKWZEQ-UHFFFAOYNA-N,-9.025
GBA,s_ASN191,mut_s1,detail,1,83,ZFAYPJJNPSNAFK-UHFFFAOYNA-N,-9.157
GBA,s_ASN191,mut_s1,detail,1,84,LTXMRAGWIDQTQT-MYUTVWBTNA-N,-10.567
GBA,s_ASN191,mut_s1,detail,1,85,VXQHYHSSGLOALC-SPEPDGBUNA-N,-11.068
GBA,s_ASN191,mut_s1,detail,1,86,KWDSFRAWCISROF-PJQSKVNONA-N,-9.586
GBA,s_ASN191,mut_s1,detail,1,87,ZJZXSQPHUQUHIV-ZGZFQTMPNA-N,-10.362
GBA,s_ASN191,mut_s1,detail,1,88,UYHIVPBYFWVWEJ-UHFFFAOYNA-N,-11.189
GBA,s_ASN191,mut_s1,detail,1,89,PLEFJSUCKRWHBY-LNNLXFCONA-N,-8.9
GBA,s_ASN191,mut_s1,detail,1,90,DNSRQCRQLKJUCC-PDJAEHLQNA-N,-8.865
GBA,s_ASN191,mut_s1,detail,1,91,PHYKZCBUNVYJNH-YDBXFXKPNA-N,-7.869
GBA,s_ASN191,mut_s1,detail,1,92,OOUHZBUAVKCDGA-UHFFFAOYNA-N,-9.997
GBA,s_ASN191,mut_s1,detail,1,93,UUQDFZFJDFMLHW-UHFFFAOYNA-N,-8.774
GBA,s_ASN191,mut_s1,detail,1,94,OOUDDHNLDLLUOL-SKKVRFOWNA-N,-9.908
GBA,s_ASN191,mut_s1,detail,1,95,ZDMQSUAMTLXUTE-MPIMZMORNA-N,-10.122
GBA,s_ASN191,mut_s1,detail,1,96,NMPLPABDEKPABN-UHFFFAOYNA-N,-9.069
GBA,s_ASN191,mut_s1,detail,1,97,INZRHGSVWGRHBM-NPVYFSBINA-N,-10.352
GBA,s_ASN191,mut_s1,detail,1,98,RVGCWMKVTAEQIH-LNNLXFCONA-N,-9.829
GBA,s_ASN191,mut_s1,detail,1,99,VRXWKRQOVMZBAF-LJQANCHMNA-N,-9.742
GBA,s_ASN191,mut_s1,detail,1,100,QACLWOIBBYOHQP-UYBDAZJANA-N,-8.601
GBA,s_ASN191,mut_s1,detail,1,101,ZNXSZVFPCBIELQ-LNNLXFCONA-N,-8.771
GBA,s_ASN191,mut_s1,detail,1,102,GKMWCCNMKRSQHR-VEKUMTKDNA-N,-9.233
GBA,s_ASN191,mut_s1,detail,1,103,FFGUSRSMWFYKGK-SKKVRFOWNA-N,-9.523
GBA,s_ASN191,mut_s1,detail,1,104,KXBDDGKXLZBLOM-SPEPDGBUNA-N,-9.063
GBA,s_ASN191,mut_s1,detail,1,105,MIUWULAZCXYTJW-MSHHZIMBNA-N,-9.666
GBA,s_ASN191,mut_s1,detail,1,106,JPZOYWVRFLZCIC-NJNXFGOHNA-N,-10.522
GBA,s_ASN191,mut_s1,detail,1,107,FAIQTLBYDVKBAB-DVIAZDKANA-N,-9.356
GBA,s_ASN191,mut_s1,detail,1,108,APFLRZZAOXCNAZ-UHFFFAOYNA-N,-8.767
GBA,s_ASN191,mut_s1,detail,1,109,BSQLDSQTGOZBFD-UHFFFAOYNA-N,-9.466
GBA,s_ASN191,mut_s1,detail,1,110,ZVVCFJXCDATSCC-UHFFFAOYNA-N,-9.232
GBA,s_ASN191,mut_s1,detail,1,111,SKEQTXZATFWVMB-UYBDAZJANA-N,-8.131
GBA,s_ASN191,mut_s1,detail,1,112,IATWYRHDJKMBQK-MPIMZMORNA-N,-7.893
GBA,s_ASN191,mut_s1,detail,1,113,JPWOEQDCUZCWKT-MPIMZMORNA-N,-8.116
GBA,s_ASN191,mut_s1,detail,1,114,RYHSAXRBHDHPPK-PKSOQXRJNA-N,-8.61
GBA,s_ASN191,mut_s1,detail,1,115,GKKJWUFVZJJFPG-MPIMZMORNA-N,-9.515
GBA,s_ASN191,mut_s1,detail,1,116,FDNZXFDUCINVLY-BDGWVKIONA-N,-8.785
GBA,s_ASN191,mut_s1,detail,1,117,KTBYKHKWIFIFAK-UHFFFAOYNA-N,-10.582
GBA,s_ASN191,mut_s1,detail,1,118,ZRXZEWGUECXTTQ-LQFNOIFHNA-N,-10.476
GBA,s_ASN191,mut_s1,detail,1,119,XNACBBGLIAJNJM-PECIQRARNA-N,-8.992
GBA,s_ASN191,mut_s1,detail,1,120,WQZYYJRVBIQUGH-YWZOXAELNA-N,-7.289
GBA,s_ASN191,mut_s1,detail,1,121,ABMSRNRLDZVJFV-SWUIVHNENA-N,-9.277
GBA,s_ASN191,mut_s1,detail,1,122,ZEACBIUBSOLEGW-QAITUMOCNA-N,-11.169
GBA,s_ASN191,mut_s1,detail,1,123,UBFCDXVLKFOOGL-OKPOJWAQNA-N,-9.207
GBA,s_ASN191,mut_s1,detail,1,124,RRIHVAFUFDANEX-NSJMMFDCNA-N,-9.973
GBA,s_ASN191,mut_s1,detail,1,125,HASIAUWPWKTSBW-SREBMQDQNA-N,-8.945
GBA,s_ASN191,mut_s1,detail,1,126,WHBCKYHTCHCHAY-LQFNOIFHNA-N,-10.619
GBA,s_ASN191,mut_s1,detail,1,127,XMAYWYJOQHXEEK-JYFHCDHNNA-N,-9.193
GBA,s_ASN191,mut_s1,detail,1,128,TVKCFCZANTZCSU-OYRHEFFENA-N,-10.509
GBA,s_ASN191,mut_s1,detail,1,129,OJFIIUWPOHBVMH-LNNLXFCONA-N,-8.874
GBA,s_ASN191,mut_s1,detail,1,130,DKLZMGFTGWKNCD-DIRLUKLVNA-N,-10.738
GBA,s_ASN191,mut_s1,detail,1,131,PYSLGWZFRQWTDD-PWIKPTQSNA-N,-8.699
GBA,s_ASN191,mut_s1,detail,1,132,MWMBIUUYBQWKJX-QTUCRYGENA-N,-9.399
GBA,s_ASN191,mut_s1,detail,1,133,FLYQFCXTEFTSQN-UHFFFAOYNA-N,-7.939
GBA,s_ASN191,mut_s1,detail,1,134,PBIBDSDWIMZYDT-WBWGZOKWNA-N,-9.547
GBA,s_ASN191,mut_s1,detail,1,135,GSRWMFGBDLHGBU-YEFLILRRNA-N,-8.66
GBA,s_ASN191,mut_s1,detail,1,136,AYIJJQHMZAEQKE-QDAGQJSJNA-N,-9.855
GBA,s_ASN191,mut_s1,detail,1,137,JVWTZUKPDMRNDC-FSAKADSPNA-N,-10.704
GBA,s_ASN191,mut_s1,detail,1,138,XAZPLOLSRXZDBO-LBZABMTDNA-N,-9.475
GBA,s_ASN191,mut_s1,detail,1,139,RGWVFJBNHCWCTL-CFEGKOCINA-N,-9.626
GBA,s_ASN191,mut_s1,detail,1,140,YYWNRQZCPIMCAK-UHFFFAOYNA-N,-8.397
GBA,s_ASN191,mut_s1,detail,1,141,PBTZDKNKXRSZPM-XBXBPLPCNA-N,-10.183
GBA,s_ASN191,mut_s1,detail,1,142,QQPOIMHFFPBDQM-LELJVTLKNA-N,-8.802
GBA,s_ASN191,mut_s1,detail,1,143,NYFQURFFDGCBCB-MAQJPOOANA-N,-8.736
GBA,s_ASN191,mut_s1,detail,1,144,HXZVHWHABLBWBS-MTTPVDACNA-N,-11.841
GBA,s_ASN191,mut_s1,detail,1,145,IWYYSOJWYLZKLK-LELJVTLKNA-N,-9.365
GBA,s_ASN191,mut_s1,detail,1,146,HOGUCNPGZXMBGW-UHFFFAOYNA-N,-10.927
GBA,s_ASN191,mut_s1,detail,1,147,VITUDJAVASFPKN-DUFUIDNCNA-N,-9.643
GBA,s_ASN191,mut_s1,detail,1,148,IXAHDCRYEUYPBG-SCXYCHFONA-N,-11.414
GBA,s_ASN191,mut_s1,detail,1,149,JWHMEKMLAZQDNS-OZMOGHDGNA-N,-9.305
GBA,s_ASN191,mut_s1,detail,1,150,BZWNBTIJLRHNDZ-LBOYIXSDNA-N,-10.152
GBA,s_ASN191,mut_s1,detail,1,151,RECYROBESYRUML-UHFFFAOYNA-N,-10.426
GBA,s_ASN191,mut_s1,detail,1,152,MLDSJJJLQRZNKW-UHBIVWOUNA-N,-9.502
GBA,s_ASN191,mut_s1,detail,1,153,XTWIHJARHCYNFX-PHXLCVRDNA-N,-9.353
GBA,s_ASN191,mut_s1,detail,1,154,UQGFETVWTRDGKJ-UHFFFAOYNA-N,-9.002
GBA,s_ASN191,mut_s1,detail,1,155,VJFSMDWEMFOWDK-CYSPOYASNA-N,-9.051
GBA,s_ASN191,mut_s1,detail,1,156,NZYLXYBIWNIAGH-CYSPOYASNA-N,-9.823
GBA,s_ASN191,mut_s1,detail,1,157,ODXCWFOKLBJQNP-MPIMZMORNA-N,-8.499
GBA,s_ASN191,mut_s1,detail,1,158,FVDNMAPPDSKXKQ-UHFFFAOYNA-N,-10.962
GBA,s_ASN191,mut_s1,detail,1,159,DOPWMPRIRWTOOD-CCHPKIMANA-N,-9.937
GBA,s_THR230,mut_s1,detail,1,0,URVMSYHISUZXNH-UYBDAZJANA-N,-8.58
GBA,s_THR230,mut_s1,detail,1,1,KXRPCFINVWWFHQ-UHFFFAOYNA-N,-5.425
GBA,s_THR230,mut_s1,detail,1,2,NICJTSHRYBTHAS-YHMJCDSINA-N,-8.206
GBA,s_THR230,mut_s1,detail,1,3,SWRZVDTZHDWPDS-AWIDAIFANA-N,-8.986
GBA,s_THR230,mut_s1,detail,1,4,RKNSLLSUFWWYCA-UHFFFAOYNA-N,-9.14
GBA,s_THR230,mut_s1,detail,1,5,OZFSIKFTRRUDES-RIYZIHGNNA-N,-6.566
GBA,s_THR230,mut_s1,detail,1,6,AAGGUCRASUJPPN-UHFFFAOYNA-N,-7.941
GBA,s_THR230,mut_s1,detail,1,7,OYHXDPMAFYHDNG-YAQRNVERNA-N,-8.547
GBA,s_THR230,mut_s1,detail,1,8,AWILWAIEQYZUEQ-UHFFFAOYNA-N,-7.767
GBA,s_THR230,mut_s1,detail,1,9,WSFAXHLMQUUHQT-VMPITWQZNA-N,-8.342
GBA,s_THR230,mut_s1,detail,1,10,WPHMTVNOXKBZKN-UHFFFAOYNA-N,-6.802
GBA,s_THR230,mut_s1,detail,1,11,LPEIZNODGHDCCW-UHFFFAOYNA-N,-6.849
GBA,s_THR230,mut_s1,detail,1,12,QQHWWDVSRWOHEP-LILDFLRNNA-N,-8.949
GBA,s_THR230,mut_s1,detail,1,13,UMEVSSPGBFVQNC-UHFFFAOYNA-N,-6.475
GBA,s_THR230,mut_s1,detail,1,14,VZDIOEKWWZRNQN-UHFFFAOYNA-N,-8.562
GBA,s_THR230,mut_s1,detail,1,15,JEVLDOUORFAHRS-NDKGDYFDNA-N,-8.061
GBA,s_THR230,mut_s1,detail,1,16,NFTGJNJRMWUBPG-GPQMBLKYNA-N,-7.337
GBA,s_THR230,mut_s1,detail,1,17,UMUUTEZBWGDVDA-UHFFFAOYNA-N,-8.192
GBA,s_THR230,mut_s1,detail,1,18,VLQKEPLNPGYNDJ-HCKMINDGNA-N,-7.743
GBA,s_THR230,mut_s1,detail,1,19,PPMVTAATPZLMJM-CDDDEJBQNA-N,-8.667
GBA,s_THR230,mut_s1,detail,1,20,AHLYFAKLKLMESK-YAQRNVERNA-N,-7.052
GBA,s_THR230,mut_s1,detail,1,21,GYEJYLAGVWRSIM-KGJHZMDYNA-N,-8.187
GBA,s_THR230,mut_s1,detail,1,22,RXVALSLAUOIYLW-UHFFFAOYNA-N,-7.742
GBA,s_THR230,mut_s1,detail,1,23,NSELYIFATLFDOZ-JLGFQASFNA-N,-7.785
GBA,s_THR230,mut_s1,detail,1,24,COQFBYACOHFCEC-UHFFFAOYNA-N,-7.891
GBA,s_THR230,mut_s1,detail,1,25,CJGJXFCLDYQBFQ-YJGXKCCXNA-N,-8.491
GBA,s_THR230,mut_s1,detail,1,26,BWNGRRJLFYHENY-INIZCTEONA-N,-7.767
GBA,s_THR230,mut_s1,detail,1,27,BNRFXWSJKVJVOF-UYBDAZJANA-N,-8.292
GBA,s_THR230,mut_s1,detail,1,28,DMULMZBZVBBWBY-PJZINPJWNA-N,-8.569
GBA,s_THR230,mut_s1,detail,1,29,AXLAIGJGNKHDPO-UHFFFAOYNA-N,-6.799
GBA,s_THR230,mut_s1,detail,1,30,RKDGAONZEPYEBT-WXRBYKJCNA-N,-7.424
GBA,s_THR230,mut_s1,detail,1,31,MBOYDUZSCSNUQL-MBBDSNKKNA-N,-8.166
GBA,s_THR230,mut_s1,detail,1,32,KPVDBHRTXOFQDK-YAQRNVERNA-N,-7.28
GBA,s_THR230,mut_s1,detail,1,33,LVCNFMYUKISBSB-VJSNTGQMNA-N,-7.518
GBA,s_THR230,mut_s1,detail,1,34,XLAHCIRKLMJUQC-DZQCGVKKNA-N,-8.81
GBA,s_THR230,mut_s1,detail,1,35,QNYHDABGLCBJOE-SHHGZXMVNA-N,-8.885
GBA,s_THR230,mut_s1,detail,1,36,HEKNRISBWSPMOG-OWTLIXCDNA-N,-7.514
GBA,s_THR230,mut_s1,detail,1,37,VIRNXCRLEVZXNX-LILDFLRNNA-N,-10.095
GBA,s_THR230,mut_s1,detail,1,38,SRTGERSEXJGDMR-UHFFFAOYNA-N,-6.709
GBA,s_THR230,mut_s1,detail,1,39,ZGMGSSRLZJYOKH-WXRBYKJCNA-N,-7.679
GBA,s_THR230,mut_s1,detail,1,40,VGYFDFRFGHHCDA-CUTUCBJDNA-N,-9.271
GBA,s_THR230,mut_s1,detail,1,41,DILPMLYWQJPNLO-HCKMINDGNA-N,-9.024
GBA,s_THR230,mut_s1,detail,1,42,RSOODJIGEVJLMK-LQFNOIFHNA-N,-9.125
GBA,s_THR230,mut_s1,detail,1,43,OWHHWMUAYBIQPR-UHFFFAOYNA-N,-9.218
GBA,s_THR230,mut_s1,detail,1,44,KPIKMVZJKZDOFC-UHFFFAOYNA-N,-9.668
GBA,s_THR230,mut_s1,detail,1,45,DIKDKRUREJXLMR-DPMTXJEANA-N,-9.573
GBA,s_THR230,mut_s1,detail,1,46,QRVJDPKQHAVBDK-UYBDAZJANA-N,-8.3
GBA,s_THR230,mut_s1,detail,1,47,SGBSFKSDPWOALT-UYBDAZJANA-N,-8.595
GBA,s_THR230,mut_s1,detail,1,48,CYHFRNFVZWVHCG-OTJKMEOQNA-N,-9.027
GBA,s_THR230,mut_s1,detail,1,49,MJUDQDHXCQONOA-MPIMZMORNA-N,-9.087
GBA,s_THR230,mut_s1,detail,1,50,RNVYRNLUUYNQAS-PKSOQXRJNA-N,-7.745
GBA,s_THR230,mut_s1,detail,1,51,DLZXOZYETDVJEB-QWOVJGMINA-N,-7.392
GBA,s_THR230,mut_s1,detail,1,52,HSICVZRDGBJSEL-GPQMBLKYNA-N,-8.301
GBA,s_THR230,mut_s1,detail,1,53,HMRUHHFLIMYEAF-QNGOCPJXNA-N,-7.913
GBA,s_THR230,mut_s1,detail,1,54,ZZOWQPSBJUXHCA-YSPRVCGUNA-N,-8.969
GBA,s_THR230,mut_s1,detail,1,55,WDDJLHOUFWSQSV-UHFFFAOYNA-N,-9.463
GBA,s_THR230,mut_s1,detail,1,56,UKLIIGXGTPSYBF-IBCWCQIKNA-N,-8.028
GBA,s_THR230,mut_s1,detail,1,57,LNPOBRXJZYGQMS-MOHJPFBDNA-N,-10.14
GBA,s_THR230,mut_s1,detail,1,58,FYILBFPPKIZBTO-UHFFFAOYNA-N,-8.124
GBA,s_THR230,mut_s1,detail,1,59,MIKIJFODTJGFDI-LILDFLRNNA-N,-8.302
GBA,s_THR230,mut_s1,detail,1,60,RUWCNSLWWCWTSU-LILDFLRNNA-N,-10.263
GBA,s_THR230,mut_s1,detail,1,61,KLQWCHKIQJHYIB-UHFFFAOYNA-N,-10.203
GBA,s_THR230,mut_s1,detail,1,62,QKAWGENQCGFAOE-NPVYFSBINA-N,-8.165
GBA,s_THR230,mut_s1,detail,1,63,KGOKCBRZBBEYBE-MMRXBHCZNA-N,-10.61
GBA,s_THR230,mut_s1,detail,1,64,ROFRXCLSWKEWTN-UHFFFAOYNA-N,-7.938
GBA,s_THR230,mut_s1,detail,1,65,AKRMJNKLSCBEME-FPYGCLRLNA-N,-7.058
GBA,s_THR230,mut_s1,detail,1,66,LCGJUJZLLYTYIF-XMFFZCEENA-N,-7.926
GBA,s_THR230,mut_s1,detail,1,67,FREQNFSEYLEFOI-QRCVEOAVNA-N,-8.642
GBA,s_THR230,mut_s1,detail,1,68,MHMINAYLMNBGSM-UHFFFAOYNA-N,-7.645
GBA,s_THR230,mut_s1,detail,1,69,SYMNTBHEGHFZMV-UHFFFAOYNA-N,-8.359
GBA,s_THR230,mut_s1,detail,1,70,NNCRWGMPCGSKOO-LILDFLRNNA-N,-7.729
GBA,s_THR230,mut_s1,detail,1,71,ZCRRNCCNJMRGFI-UHFFFAOYNA-N,-9.419
GBA,s_THR230,mut_s1,detail,1,72,PYVZEIBGEUQNQQ-UHFFFAOYNA-N,-9.314
GBA,s_THR230,mut_s1,detail,1,73,OROJQWVRCGJACT-XBTAAFKLNA-N,-10.156
GBA,s_THR230,mut_s1,detail,1,74,TXYUWXKCUDOUGU-JLGFQASFNA-N,-7.51
GBA,s_THR230,mut_s1,detail,1,75,LAZANALODSEDSE-UHFFFAOYNA-N,-8.829
GBA,s_THR230,mut_s1,detail,1,76,RJXCYVJLXGRCHK-UHFFFAOYNA-N,-10.46
GBA,s_THR230,mut_s1,detail,1,77,FUSKIBWHJAWEFI-IEJAXPBYNA-N,-8.607
GBA,s_THR230,mut_s1,detail,1,78,SGWVLOCBQLQWQV-UHFFFAOYNA-N,-9.315
GBA,s_THR230,mut_s1,detail,1,79,PPXRQTYXLZCDAZ-QWOVJGMINA-N,-9.392
GBA,s_THR230,mut_s1,detail,1,80,DIFBADFWLVYFHV-LELJVTLKNA-N,-9.845
GBA,s_THR230,mut_s1,detail,1,81,XREOSEVJCQGCHE-MHPMNMKGNA-N,-10.232
GBA,s_THR230,mut_s1,detail,1,82,ZHGPKHBXSKWZEQ-UHFFFAOYNA-N,-8.971
GBA,s_THR230,mut_s1,detail,1,83,ZFAYPJJNPSNAFK-UHFFFAOYNA-N,-9.05
GBA,s_THR230,mut_s1,detail,1,84,LTXMRAGWIDQTQT-MYUTVWBTNA-N,-10.579
GBA,s_THR230,mut_s1,detail,1,85,VXQHYHSSGLOALC-SPEPDGBUNA-N,-11.002
GBA,s_THR230,mut_s1,detail,1,86,KWDSFRAWCISROF-PJQSKVNONA-N,-10.115
GBA,s_THR230,mut_s1,detail,1,87,ZJZXSQPHUQUHIV-ZGZFQTMPNA-N,-10.325
GBA,s_THR230,mut_s1,detail,1,88,UYHIVPBYFWVWEJ-UHFFFAOYNA-N,-11.104
GBA,s_THR230,mut_s1,detail,1,89,PLEFJSUCKRWHBY-LNNLXFCONA-N,-8.984
GBA,s_THR230,mut_s1,detail,1,90,DNSRQCRQLKJUCC-PDJAEHLQNA-N,-9.163
GBA,s_THR230,mut_s1,detail,1,91,PHYKZCBUNVYJNH-YDBXFXKPNA-N,-8.124
GBA,s_THR230,mut_s1,detail,1,92,OOUHZBUAVKCDGA-UHFFFAOYNA-N,-10.05
GBA,s_THR230,mut_s1,detail,1,93,UUQDFZFJDFMLHW-UHFFFAOYNA-N,-8.918
GBA,s_THR230,mut_s1,detail,1,94,OOUDDHNLDLLUOL-SKKVRFOWNA-N,-9.912
GBA,s_THR230,mut_s1,detail,1,95,ZDMQSUAMTLXUTE-MPIMZMORNA-N,-10.151
GBA,s_THR230,mut_s1,detail,1,96,NMPLPABDEKPABN-UHFFFAOYNA-N,-9.332
GBA,s_THR230,mut_s1,detail,1,97,INZRHGSVWGRHBM-NPVYFSBINA-N,-10.216
GBA,s_THR230,mut_s1,detail,1,98,RVGCWMKVTAEQIH-LNNLXFCONA-N,-9.619
GBA,s_THR230,mut_s1,detail,1,99,VRXWKRQOVMZBAF-LJQANCHMNA-N,-9.793
GBA,s_THR230,mut_s1,detail,1,100,QACLWOIBBYOHQP-UYBDAZJANA-N,-8.736
GBA,s_THR230,mut_s1,detail,1,101,ZNXSZVFPCBIELQ-LNNLXFCONA-N,-8.747
GBA,s_THR230,mut_s1,detail,1,102,GKMWCCNMKRSQHR-VEKUMTKDNA-N,-9.468
GBA,s_THR230,mut_s1,detail,1,103,FFGUSRSMWFYKGK-SKKVRFOWNA-N,-9.753
GBA,s_THR230,mut_s1,detail,1,104,KXBDDGKXLZBLOM-SPEPDGBUNA-N,-9.666
GBA,s_THR230,mut_s1,detail,1,105,MIUWULAZCXYTJW-MSHHZIMBNA-N,-9.692
GBA,s_THR230,mut_s1,detail,1,106,JPZOYWVRFLZCIC-NJNXFGOHNA-N,-10.527
GBA,s_THR230,mut_s1,detail,1,107,FAIQTLBYDVKBAB-DVIAZDKANA-N,-9.564
GBA,s_THR230,mut_s1,detail,1,108,APFLRZZAOXCNAZ-UHFFFAOYNA-N,-7.832
GBA,s_THR230,mut_s1,detail,1,109,BSQLDSQTGOZBFD-UHFFFAOYNA-N,-9.44
GBA,s_THR230,mut_s1,detail,1,110,ZVVCFJXCDATSCC-UHFFFAOYNA-N,-9.566
GBA,s_THR230,mut_s1,detail,1,111,SKEQTXZATFWVMB-UYBDAZJANA-N,-8.385
GBA,s_THR230,mut_s1,detail,1,112,IATWYRHDJKMBQK-MPIMZMORNA-N,-8.298
GBA,s_THR230,mut_s1,detail,1,113,JPWOEQDCUZCWKT-MPIMZMORNA-N,-7.486
GBA,s_THR230,mut_s1,detail,1,114,RYHSAXRBHDHPPK-PKSOQXRJNA-N,-8.546
GBA,s_THR230,mut_s1,detail,1,115,GKKJWUFVZJJFPG-MPIMZMORNA-N,-9.275
GBA,s_THR230,mut_s1,detail,1,116,FDNZXFDUCINVLY-BDGWVKIONA-N,-8.808
GBA,s_THR230,mut_s1,detail,1,117,KTBYKHKWIFIFAK-UHFFFAOYNA-N,-10.562
GBA,s_THR230,mut_s1,detail,1,118,ZRXZEWGUECXTTQ-LQFNOIFHNA-N,-10.461
GBA,s_THR230,mut_s1,detail,1,119,XNACBBGLIAJNJM-PECIQRARNA-N,-8.994
GBA,s_THR230,mut_s1,detail,1,120,WQZYYJRVBIQUGH-YWZOXAELNA-N,-7.397
GBA,s_THR230,mut_s1,detail,1,121,ABMSRNRLDZVJFV-SWUIVHNENA-N,-9.669
GBA,s_THR230,mut_s1,detail,1,122,ZEACBIUBSOLEGW-QAITUMOCNA-N,-11.561
GBA,s_THR230,mut_s1,detail,1,123,UBFCDXVLKFOOGL-OKPOJWAQNA-N,-8.123
GBA,s_THR230,mut_s1,detail,1,124,RRIHVAFUFDANEX-NSJMMFDCNA-N,-10.103
GBA,s_THR230,mut_s1,detail,1,125,HASIAUWPWKTSBW-SREBMQDQNA-N,-9.68
GBA,s_THR230,mut_s1,detail,1,126,WHBCKYHTCHCHAY-LQFNOIFHNA-N,-10.616
GBA,s_THR230,mut_s1,detail,1,127,XMAYWYJOQHXEEK-JYFHCDHNNA-N,-9.29
GBA,s_THR230,mut_s1,detail,1,128,TVKCFCZANTZCSU-OYRHEFFENA-N,-10.415
GBA,s_THR230,mut_s1,detail,1,129,OJFIIUWPOHBVMH-LNNLXFCONA-N,-9.304
GBA,s_THR230,mut_s1,detail,1,130,DKLZMGFTGWKNCD-DIRLUKLVNA-N,-10.709
GBA,s_THR230,mut_s1,detail,1,131,PYSLGWZFRQWTDD-PWIKPTQSNA-N,-9.707
GBA,s_THR230,mut_s1,detail,1,132,MWMBIUUYBQWKJX-QTUCRYGENA-N,-9.687
GBA,s_THR230,mut_s1,detail,1,133,FLYQFCXTEFTSQN-UHFFFAOYNA-N,-8.179
GBA,s_THR230,mut_s1,detail,1,134,PBIBDSDWIMZYDT-WBWGZOKWNA-N,-9.766
GBA,s_THR230,mut_s1,detail,1,135,GSRWMFGBDLHGBU-YEFLILRRNA-N,-9.195
GBA,s_THR230,mut_s1,detail,1,136,AYIJJQHMZAEQKE-QDAGQJSJNA-N,-9.756
GBA,s_THR230,mut_s1,detail,1,137,JVWTZUKPDMRNDC-FSAKADSPNA-N,-10.974
GBA,s_THR230,mut_s1,detail,1,138,XAZPLOLSRXZDBO-LBZABMTDNA-N,-9.245
GBA,s_THR230,mut_s1,detail,1,139,RGWVFJBNHCWCTL-CFEGKOCINA-N,-9.769
GBA,s_THR230,mut_s1,detail,1,140,YYWNRQZCPIMCAK-UHFFFAOYNA-N,-9.087
GBA,s_THR230,mut_s1,detail,1,141,PBTZDKNKXRSZPM-XBXBPLPCNA-N,-10.711
GBA,s_THR230,mut_s1,detail,1,142,QQPOIMHFFPBDQM-LELJVTLKNA-N,-8.966
GBA,s_THR230,mut_s1,detail,1,143,NYFQURFFDGCBCB-MAQJPOOANA-N,-8.719
GBA,s_THR230,mut_s1,detail,1,144,HXZVHWHABLBWBS-MTTPVDACNA-N,-11.771
GBA,s_THR230,mut_s1,detail,1,145,IWYYSOJWYLZKLK-LELJVTLKNA-N,-8.969
GBA,s_THR230,mut_s1,detail,1,146,HOGUCNPGZXMBGW-UHFFFAOYNA-N,-10.751
GBA,s_THR230,mut_s1,detail,1,147,VITUDJAVASFPKN-DUFUIDNCNA-N,-9.895
GBA,s_THR230,mut_s1,detail,1,148,IXAHDCRYEUYPBG-SCXYCHFONA-N,-11.788
GBA,s_THR230,mut_s1,detail,1,149,JWHMEKMLAZQDNS-OZMOGHDGNA-N,-9.783
GBA,s_THR230,mut_s1,detail,1,150,BZWNBTIJLRHNDZ-LBOYIXSDNA-N,-9.809
GBA,s_THR230,mut_s1,detail,1,151,RECYROBESYRUML-UHFFFAOYNA-N,-10.503
GBA,s_THR230,mut_s1,detail,1,152,MLDSJJJLQRZNKW-UHBIVWOUNA-N,-9.529
GBA,s_THR230,mut_s1,detail,1,153,XTWIHJARHCYNFX-PHXLCVRDNA-N,-9.489
GBA,s_THR230,mut_s1,detail,1,154,UQGFETVWTRDGKJ-UHFFFAOYNA-N,-8.964
GBA,s_THR230,mut_s1,detail,1,155,VJFSMDWEMFOWDK-CYSPOYASNA-N,-8.479
GBA,s_THR230,mut_s1,detail,1,156,NZYLXYBIWNIAGH-CYSPOYASNA-N,-10.098
GBA,s_THR230,mut_s1,detail,1,157,ODXCWFOKLBJQNP-MPIMZMORNA-N,-8.178
GBA,s_THR230,mut_s1,detail,1,158,FVDNMAPPDSKXKQ-UHFFFAOYNA-N,-10.932
GBA,s_THR230,mut_s1,detail,1,159,DOPWMPRIRWTOOD-CCHPKIMANA-N,-9.822
GBA,s_LYS837,mut_s1,detail,1,0,URVMSYHISUZXNH-UYBDAZJANA-N,-8.603
GBA,s_LYS837,mut_s1,detail,1,1,KXRPCFINVWWFHQ-UHFFFAOYNA-N,-5.425
GBA,s_LYS837,mut_s1,detail,1,2,NICJTSHRYBTHAS-YHMJCDSINA-N,-8.162
GBA,s_LYS837,mut_s1,detail,1,3,SWRZVDTZHDWPDS-AWIDAIFANA-N,-9.204
GBA,s_LYS837,mut_s1,detail,1,4,RKNSLLSUFWWYCA-UHFFFAOYNA-N,-9.035
GBA,s_LYS837,mut_s1,detail,1,5,OZFSIKFTRRUDES-RIYZIHGNNA-N,-6.586
GBA,s_LYS837,mut_s1,detail,1,6,AAGGUCRASUJPPN-UHFFFAOYNA-N,-7.883
GBA,s_LYS837,mut_s1,detail,1,7,OYHXDPMAFYHDNG-YAQRNVERNA-N,-8.378
GBA,s_LYS837,mut_s1,detail,1,8,AWILWAIEQYZUEQ-UHFFFAOYNA-N,-7.781
GBA,s_LYS837,mut_s1,detail,1,9,WSFAXHLMQUUHQT-VMPITWQZNA-N,-8.07
GBA,s_LYS837,mut_s1,detail,1,10,WPHMTVNOXKBZKN-UHFFFAOYNA-N,-6.848
GBA,s_LYS837,mut_s1,detail,1,11,LPEIZNODGHDCCW-UHFFFAOYNA-N,-7.261
GBA,s_LYS837,mut_s1,detail,1,12,QQHWWDVSRWOHEP-LILDFLRNNA-N,-8.809
GBA,s_LYS837,mut_s1,detail,1,13,UMEVSSPGBFVQNC-UHFFFAOYNA-N,-6.463
GBA,s_LYS837,mut_s1,detail,1,14,VZDIOEKWWZRNQN-UHFFFAOYNA-N,-8.451
GBA,s_LYS837,mut_s1,detail,1,15,JEVLDOUORFAHRS-NDKGDYFDNA-N,-7.954
GBA,s_LYS837,mut_s1,detail,1,16,NFTGJNJRMWUBPG-GPQMBLKYNA-N,-7.546
GBA,s_LYS837,mut_s1,detail,1,17,UMUUTEZBWGDVDA-UHFFFAOYNA-N,-8.189
GBA,s_LYS837,mut_s1,detail,1,18,VLQKEPLNPGYNDJ-HCKMINDGNA-N,-8.394
GBA,s_LYS837,mut_s1,detail,1,19,PPMVTAATPZLMJM-CDDDEJBQNA-N,-8.595
GBA,s_LYS837,mut_s1,detail,1,20,AHLYFAKLKLMESK-YAQRNVERNA-N,-7.392
GBA,s_LYS837,mut_s1,detail,1,21,GYEJYLAGVWRSIM-KGJHZMDYNA-N,-8.187
GBA,s_LYS837,mut_s1,detail,1,22,RXVALSLAUOIYLW-UHFFFAOYNA-N,-7.116
GBA,s_LYS837,mut_s1,detail,1,23,NSELYIFATLFDOZ-JLGFQASFNA-N,-8.073
GBA,s_LYS837,mut_s1,detail,1,24,COQFBYACOHFCEC-UHFFFAOYNA-N,-7.901
GBA,s_LYS837,mut_s1,detail,1,25,CJGJXFCLDYQBFQ-YJGXKCCXNA-N,-8.9
GBA,s_LYS837,mut_s1,detail,1,26,BWNGRRJLFYHENY-INIZCTEONA-N,-7.791
GBA,s_LYS837,mut_s1,detail,1,27,BNRFXWSJKVJVOF-UYBDAZJANA-N,-8.894
GBA,s_LYS837,mut_s1,detail,1,28,DMULMZBZVBBWBY-PJZINPJWNA-N,-8.468
GBA,s_LYS837,mut_s1,detail,1,29,AXLAIGJGNKHDPO-UHFFFAOYNA-N,-6.718
GBA,s_LYS837,mut_s1,detail,1,30,RKDGAONZEPYEBT-WXRBYKJCNA-N,-7.367
GBA,s_LYS837,mut_s1,detail,1,31,MBOYDUZSCSNUQL-MBBDSNKKNA-N,-8.049
GBA,s_LYS837,mut_s1,detail,1,32,KPVDBHRTXOFQDK-YAQRNVERNA-N,-7.053
GBA,s_LYS837,mut_s1,detail,1,33,LVCNFMYUKISBSB-VJSNTGQMNA-N,-7.42
GBA,s_LYS837,mut_s1,detail,1,34,XLAHCIRKLMJUQC-DZQCGVKKNA-N,-8.567
GBA,s_LYS837,mut_s1,detail,1,35,QNYHDABGLCBJOE-SHHGZXMVNA-N,-8.717
GBA,s_LYS837,mut_s1,detail,1,36,HEKNRISBWSPMOG-OWTLIXCDNA-N,-7.515
GBA,s_LYS837,mut_s1,detail,1,37,VIRNXCRLEVZXNX-LILDFLRNNA-N,-10.07
GBA,s_LYS837,mut_s1,detail,1,38,SRTGERSEXJGDMR-UHFFFAOYNA-N,-6.354
GBA,s_LYS837,mut_s1,detail,1,39,ZGMGSSRLZJYOKH-WXRBYKJCNA-N,-7.506
GBA,s_LYS837,mut_s1,detail,1,40,VGYFDFRFGHHCDA-CUTUCBJDNA-N,-8.931
GBA,s_LYS837,mut_s1,detail,1,41,DILPMLYWQJPNLO-HCKMINDGNA-N,-8.88
GBA,s_LYS837,mut_s1,detail,1,42,RSOODJIGEVJLMK-LQFNOIFHNA-N,-8.951
GBA,s_LYS837,mut_s1,detail,1,43,OWHHWMUAYBIQPR-UHFFFAOYNA-N,-9.015
GBA,s_LYS837,mut_s1,detail,1,44,KPIKMVZJKZDOFC-UHFFFAOYNA-N,-9.682
GBA,s_LYS837,mut_s1,detail,1,45,DIKDKRUREJXLMR-DPMTXJEANA-N,-9.203
GBA,s_LYS837,mut_s1,detail,1,46,QRVJDPKQHAVBDK-UYBDAZJANA-N,-8.317
GBA,s_LYS837,mut_s1,detail,1,47,SGBSFKSDPWOALT-UYBDAZJANA-N,-8.526
GBA,s_LYS837,mut_s1,detail,1,48,CYHFRNFVZWVHCG-OTJKMEOQNA-N,-8.875
GBA,s_LYS837,mut_s1,detail,1,49,MJUDQDHXCQONOA-MPIMZMORNA-N,-8.885
GBA,s_LYS837,mut_s1,detail,1,50,RNVYRNLUUYNQAS-PKSOQXRJNA-N,-8.123
GBA,s_LYS837,mut_s1,detail,1,51,DLZXOZYETDVJEB-QWOVJGMINA-N,-7.235
GBA,s_LYS837,mut_s1,detail,1,52,HSICVZRDGBJSEL-GPQMBLKYNA-N,-8.178
GBA,s_LYS837,mut_s1,detail,1,53,HMRUHHFLIMYEAF-QNGOCPJXNA-N,-7.843
GBA,s_LYS837,mut_s1,detail,1,54,ZZOWQPSBJUXHCA-YSPRVCGUNA-N,-8.775
GBA,s_LYS837,mut_s1,detail,1,55,WDDJLHOUFWSQSV-UHFFFAOYNA-N,-9.343
GBA,s_LYS837,mut_s1,detail,1,56,UKLIIGXGTPSYBF-IBCWCQIKNA-N,-8.956
GBA,s_LYS837,mut_s1,detail,1,57,LNPOBRXJZYGQMS-MOHJPFBDNA-N,-9.928
GBA,s_LYS837,mut_s1,detail,1,58,FYILBFPPKIZBTO-UHFFFAOYNA-N,-8.276
GBA,s_LYS837,mut_s1,detail,1,59,MIKIJFODTJGFDI-LILDFLRNNA-N,-7.861
GBA,s_LYS837,mut_s1,detail,1,60,RUWCNSLWWCWTSU-LILDFLRNNA-N,-10.175
GBA,s_LYS837,mut_s1,detail,1,61,KLQWCHKIQJHYIB-UHFFFAOYNA-N,-10.304
GBA,s_LYS837,mut_s1,detail,1,62,QKAWGENQCGFAOE-NPVYFSBINA-N,-8.529
GBA,s_LYS837,mut_s1,detail,1,63,KGOKCBRZBBEYBE-MMRXBHCZNA-N,-10.579
GBA,s_LYS837,mut_s1,detail,1,64,ROFRXCLSWKEWTN-UHFFFAOYNA-N,-8.026
GBA,s_LYS837,mut_s1,detail,1,65,AKRMJNKLSCBEME-FPYGCLRLNA-N,-6.741
GBA,s_LYS837,mut_s1,detail,1,66,LCGJUJZLLYTYIF-XMFFZCEENA-N,-8.018
GBA,s_LYS837,mut_s1,detail,1,67,FREQNFSEYLEFOI-QRCVEOAVNA-N,-8.454
GBA,s_LYS837,mut_s1,detail,1,68,MHMINAYLMNBGSM-UHFFFAOYNA-N,-7.5
GBA,s_LYS837,mut_s1,detail,1,69,SYMNTBHEGHFZMV-UHFFFAOYNA-N,-7.705
GBA,s_LYS837,mut_s1,detail,1,70,NNCRWGMPCGSKOO-LILDFLRNNA-N,-7.689
GBA,s_LYS837,mut_s1,detail,1,71,ZCRRNCCNJMRGFI-UHFFFAOYNA-N,-9.586
GBA,s_LYS837,mut_s1,detail,1,72,PYVZEIBGEUQNQQ-UHFFFAOYNA-N,-9.114
GBA,s_LYS837,mut_s1,detail,1,73,OROJQWVRCGJACT-XBTAAFKLNA-N,-9.89
GBA,s_LYS837,mut_s1,detail,1,74,TXYUWXKCUDOUGU-JLGFQASFNA-N,-7.452
GBA,s_LYS837,mut_s1,detail,1,75,LAZANALODSEDSE-UHFFFAOYNA-N,-8.679
GBA,s_LYS837,mut_s1,detail,1,76,RJXCYVJLXGRCHK-UHFFFAOYNA-N,-10.343
GBA,s_LYS837,mut_s1,detail,1,77,FUSKIBWHJAWEFI-IEJAXPBYNA-N,-8.527
GBA,s_LYS837,mut_s1,detail,1,78,SGWVLOCBQLQWQV-UHFFFAOYNA-N,-8.925
GBA,s_LYS837,mut_s1,detail,1,79,PPXRQTYXLZCDAZ-QWOVJGMINA-N,-9.068
GBA,s_LYS837,mut_s1,detail,1,80,DIFBADFWLVYFHV-LELJVTLKNA-N,-9.622
GBA,s_LYS837,mut_s1,detail,1,81,XREOSEVJCQGCHE-MHPMNMKGNA-N,-9.929
GBA,s_LYS837,mut_s1,detail,1,82,ZHGPKHBXSKWZEQ-UHFFFAOYNA-N,-9.004
GBA,s_LYS837,mut_s1,detail,1,83,ZFAYPJJNPSNAFK-UHFFFAOYNA-N,-9.819
GBA,s_LYS837,mut_s1,detail,1,84,LTXMRAGWIDQTQT-MYUTVWBTNA-N,-10.474
GBA,s_LYS837,mut_s1,detail,1,85,VXQHYHSSGLOALC-SPEPDGBUNA-N,-11.178
GBA,s_LYS837,mut_s1,detail,1,86,KWDSFRAWCISROF-PJQSKVNONA-N,-9.766
GBA,s_LYS837,mut_s1,detail,1,87,ZJZXSQPHUQUHIV-ZGZFQTMPNA-N,-10.257
GBA,s_LYS837,mut_s1,detail,1,88,UYHIVPBYFWVWEJ-UHFFFAOYNA-N,-10.833
GBA,s_LYS837,mut_s1,detail,1,89,PLEFJSUCKRWHBY-LNNLXFCONA-N,-9.06
GBA,s_LYS837,mut_s1,detail,1,90,DNSRQCRQLKJUCC-PDJAEHLQNA-N,-8.928
GBA,s_LYS837,mut_s1,detail,1,91,PHYKZCBUNVYJNH-YDBXFXKPNA-N,-7.942
GBA,s_LYS837,mut_s1,detail,1,92,OOUHZBUAVKCDGA-UHFFFAOYNA-N,-10.211
GBA,s_LYS837,mut_s1,detail,1,93,UUQDFZFJDFMLHW-UHFFFAOYNA-N,-8.512
GBA,s_LYS837,mut_s1,detail,1,94,OOUDDHNLDLLUOL-SKKVRFOWNA-N,-8.998
GBA,s_LYS837,mut_s1,detail,1,95,ZDMQSUAMTLXUTE-MPIMZMORNA-N,-10.083
GBA,s_LYS837,mut_s1,detail,1,96,NMPLPABDEKPABN-UHFFFAOYNA-N,-9.128
GBA,s_LYS837,mut_s1,detail,1,97,INZRHGSVWGRHBM-NPVYFSBINA-N,-10.604
GBA,s_LYS837,mut_s1,detail,1,98,RVGCWMKVTAEQIH-LNNLXFCONA-N,-9.926
GBA,s_LYS837,mut_s1,detail,1,99,VRXWKRQOVMZBAF-LJQANCHMNA-N,-9.68
GBA,s_LYS837,mut_s1,detail,1,100,QACLWOIBBYOHQP-UYBDAZJANA-N,-8.568
GBA,s_LYS837,mut_s1,detail,1,101,ZNXSZVFPCBIELQ-LNNLXFCONA-N,-9.073
GBA,s_LYS837,mut_s1,detail,1,102,GKMWCCNMKRSQHR-VEKUMTKDNA-N,-9.361
GBA,s_LYS837,mut_s1,detail,1,103,FFGUSRSMWFYKGK-SKKVRFOWNA-N,-9.517
GBA,s_LYS837,mut_s1,detail,1,104,KXBDDGKXLZBLOM-SPEPDGBUNA-N,-9.565
GBA,s_LYS837,mut_s1,detail,1,105,MIUWULAZCXYTJW-MSHHZIMBNA-N,-9.514
GBA,s_LYS837,mut_s1,detail,1,106,JPZOYWVRFLZCIC-NJNXFGOHNA-N,-10.31
GBA,s_LYS837,mut_s1,detail,1,107,FAIQTLBYDVKBAB-DVIAZDKANA-N,-9.484
GBA,s_LYS837,mut_s1,detail,1,108,APFLRZZAOXCNAZ-UHFFFAOYNA-N,-7.77
GBA,s_LYS837,mut_s1,detail,1,109,BSQLDSQTGOZBFD-UHFFFAOYNA-N,-9.522
GBA,s_LYS837,mut_s1,detail,1,110,ZVVCFJXCDATSCC-UHFFFAOYNA-N,-9.665
GBA,s_LYS837,mut_s1,detail,1,111,SKEQTXZATFWVMB-UYBDAZJANA-N,-8.081
GBA,s_LYS837,mut_s1,detail,1,112,IATWYRHDJKMBQK-MPIMZMORNA-N,-7.747
GBA,s_LYS837,mut_s1,detail,1,113,JPWOEQDCUZCWKT-MPIMZMORNA-N,-7.354
GBA,s_LYS837,mut_s1,detail,1,114,RYHSAXRBHDHPPK-PKSOQXRJNA-N,-8.486
GBA,s_LYS837,mut_s1,detail,1,115,GKKJWUFVZJJFPG-MPIMZMORNA-N,-9.518
GBA,s_LYS837,mut_s1,detail,1,116,FDNZXFDUCINVLY-BDGWVKIONA-N,-8.655
GBA,s_LYS837,mut_s1,detail,1,117,KTBYKHKWIFIFAK-UHFFFAOYNA-N,-10.879
GBA,s_LYS837,mut_s1,detail,1,118,ZRXZEWGUECXTTQ-LQFNOIFHNA-N,-9.231
GBA,s_LYS837,mut_s1,detail,1,119,XNACBBGLIAJNJM-PECIQRARNA-N,-9.023
GBA,s_LYS837,mut_s1,detail,1,120,WQZYYJRVBIQUGH-YWZOXAELNA-N,-7.356
GBA,s_LYS837,mut_s1,detail,1,121,ABMSRNRLDZVJFV-SWUIVHNENA-N,-9.387
GBA,s_LYS837,mut_s1,detail,1,122,ZEACBIUBSOLEGW-QAITUMOCNA-N,-10.609
GBA,s_LYS837,mut_s1,detail,1,123,UBFCDXVLKFOOGL-OKPOJWAQNA-N,-8.819
GBA,s_LYS837,mut_s1,detail,1,124,RRIHVAFUFDANEX-NSJMMFDCNA-N,-9.92
GBA,s_LYS837,mut_s1,detail,1,125,HASIAUWPWKTSBW-SREBMQDQNA-N,-9.105
GBA,s_LYS837,mut_s1,detail,1,126,WHBCKYHTCHCHAY-LQFNOIFHNA-N,-10.409
GBA,s_LYS837,mut_s1,detail,1,127,XMAYWYJOQHXEEK-JYFHCDHNNA-N,-9.548
GBA,s_LYS837,mut_s1,detail,1,128,TVKCFCZANTZCSU-OYRHEFFENA-N,-10.048
GBA,s_LYS837,mut_s1,detail,1,129,OJFIIUWPOHBVMH-LNNLXFCONA-N,-8.485
GBA,s_LYS837,mut_s1,detail,1,130,DKLZMGFTGWKNCD-DIRLUKLVNA-N,-10.625
GBA,s_LYS837,mut_s1,detail,1,131,PYSLGWZFRQWTDD-PWIKPTQSNA-N,-9.901
GBA,s_LYS837,mut_s1,detail,1,132,MWMBIUUYBQWKJX-QTUCRYGENA-N,-9.139
GBA,s_LYS837,mut_s1,detail,1,133,FLYQFCXTEFTSQN-UHFFFAOYNA-N,-8.979
GBA,s_LYS837,mut_s1,detail,1,134,PBIBDSDWIMZYDT-WBWGZOKWNA-N,-10.259
GBA,s_LYS837,mut_s1,detail,1,135,GSRWMFGBDLHGBU-YEFLILRRNA-N,-8.672
GBA,s_LYS837,mut_s1,detail,1,136,AYIJJQHMZAEQKE-QDAGQJSJNA-N,-10.038
GBA,s_LYS837,mut_s1,detail,1,137,JVWTZUKPDMRNDC-FSAKADSPNA-N,-10.455
GBA,s_LYS837,mut_s1,detail,1,138,XAZPLOLSRXZDBO-LBZABMTDNA-N,-8.948
GBA,s_LYS837,mut_s1,detail,1,139,RGWVFJBNHCWCTL-CFEGKOCINA-N,-8.281
GBA,s_LYS837,mut_s1,detail,1,140,YYWNRQZCPIMCAK-UHFFFAOYNA-N,-8.694
GBA,s_LYS837,mut_s1,detail,1,141,PBTZDKNKXRSZPM-XBXBPLPCNA-N,-10.063
GBA,s_LYS837,mut_s1,detail,1,142,QQPOIMHFFPBDQM-LELJVTLKNA-N,-8.747
GBA,s_LYS837,mut_s1,detail,1,143,NYFQURFFDGCBCB-MAQJPOOANA-N,-8.758
GBA,s_LYS837,mut_s1,detail,1,144,HXZVHWHABLBWBS-MTTPVDACNA-N,-11.722
GBA,s_LYS837,mut_s1,detail,1,145,IWYYSOJWYLZKLK-LELJVTLKNA-N,-8.854
GBA,s_LYS837,mut_s1,detail,1,146,HOGUCNPGZXMBGW-UHFFFAOYNA-N,-10.113
GBA,s_LYS837,mut_s1,detail,1,147,VITUDJAVASFPKN-DUFUIDNCNA-N,-8.919
GBA,s_LYS837,mut_s1,detail,1,148,IXAHDCRYEUYPBG-SCXYCHFONA-N,-11.191
GBA,s_LYS837,mut_s1,detail,1,149,JWHMEKMLAZQDNS-OZMOGHDGNA-N,-8.606
GBA,s_LYS837,mut_s1,detail,1,150,BZWNBTIJLRHNDZ-LBOYIXSDNA-N,-9.559
GBA,s_LYS837,mut_s1,detail,1,151,RECYROBESYRUML-UHFFFAOYNA-N,-10.174
GBA,s_LYS837,mut_s1,detail,1,152,MLDSJJJLQRZNKW-UHBIVWOUNA-N,-10.381
GBA,s_LYS837,mut_s1,detail,1,153,XTWIHJARHCYNFX-PHXLCVRDNA-N,-7.521
GBA,s_LYS837,mut_s1,detail,1,154,UQGFETVWTRDGKJ-UHFFFAOYNA-N,-8.839
GBA,s_LYS837,mut_s1,detail,1,155,VJFSMDWEMFOWDK-CYSPOYASNA-N,-8.865
GBA,s_LYS837,mut_s1,detail,1,156,NZYLXYBIWNIAGH-CYSPOYASNA-N,-9.54
GBA,s_LYS837,mut_s1,detail,1,157,ODXCWFOKLBJQNP-MPIMZMORNA-N,-8.447
GBA,s_LYS837,mut_s1,detail,1,158,FVDNMAPPDSKXKQ-UHFFFAOYNA-N,-11.192
GBA,s_LYS837,mut_s1,detail,1,159,DOPWMPRIRWTOOD-CCHPKIMANA-N,-9.323
GBA,f_ILE203,mut_s1,detail,1,0,URVMSYHISUZXNH-UYBDAZJANA-N,-8.612
GBA,f_ILE203,mut_s1,detail,1,1,KXRPCFINVWWFHQ-UHFFFAOYNA-N,-5.404
GBA,f_ILE203,mut_s1,detail,1,2,NICJTSHRYBTHAS-YHMJCDSINA-N,-8.183
GBA,f_ILE203,mut_s1,detail,1,3,SWRZVDTZHDWPDS-AWIDAIFANA-N,-9.289
GBA,f_ILE203,mut_s1,detail,1,4,RKNSLLSUFWWYCA-UHFFFAOYNA-N,-9.11
GBA,f_ILE203,mut_s1,detail,1,5,OZFSIKFTRRUDES-RIYZIHGNNA-N,-6.557
GBA,f_ILE203,mut_s1,detail,1,6,AAGGUCRASUJPPN-UHFFFAOYNA-N,-7.706
GBA,f_ILE203,mut_s1,detail,1,7,OYHXDPMAFYHDNG-YAQRNVERNA-N,-8.513
GBA,f_ILE203,mut_s1,detail,1,8,AWILWAIEQYZUEQ-UHFFFAOYNA-N,-7.425
GBA,f_ILE203,mut_s1,detail,1,9,WSFAXHLMQUUHQT-VMPITWQZNA-N,-8.362
GBA,f_ILE203,mut_s1,detail,1,10,WPHMTVNOXKBZKN-UHFFFAOYNA-N,-6.845
GBA,f_ILE203,mut_s1,detail,1,11,LPEIZNODGHDCCW-UHFFFAOYNA-N,-7.274
GBA,f_ILE203,mut_s1,detail,1,12,QQHWWDVSRWOHEP-LILDFLRNNA-N,-8.709
GBA,f_ILE203,mut_s1,detail,1,13,UMEVSSPGBFVQNC-UHFFFAOYNA-N,-6.475
GBA,f_ILE203,mut_s1,detail,1,14,VZDIOEKWWZRNQN-UHFFFAOYNA-N,-8.509
GBA,f_ILE203,mut_s1,detail,1,15,JEVLDOUORFAHRS-NDKGDYFDNA-N,-8.012
GBA,f_ILE203,mut_s1,detail,1,16,NFTGJNJRMWUBPG-GPQMBLKYNA-N,-7.471
GBA,f_ILE203,mut_s1,detail,1,17,UMUUTEZBWGDVDA-UHFFFAOYNA-N,-8.209
GBA,f_ILE203,mut_s1,detail,1,18,VLQKEPLNPGYNDJ-HCKMINDGNA-N,-8.465
GBA,f_ILE203,mut_s1,detail,1,19,PPMVTAATPZLMJM-CDDDEJBQNA-N,-8.709
GBA,f_ILE203,mut_s1,detail,1,20,AHLYFAKLKLMESK-YAQRNVERNA-N,-7.392
GBA,f_ILE203,mut_s1,detail,1,21,GYEJYLAGVWRSIM-KGJHZMDYNA-N,-8.195
GBA,f_ILE203,mut_s1,detail,1,22,RXVALSLAUOIYLW-UHFFFAOYNA-N,-7.649
GBA,f_ILE203,mut_s1,detail,1,23,NSELYIFATLFDOZ-JLGFQASFNA-N,-8.169
GBA,f_ILE203,mut_s1,detail,1,24,COQFBYACOHFCEC-UHFFFAOYNA-N,-7.833
GBA,f_ILE203,mut_s1,detail,1,25,CJGJXFCLDYQBFQ-YJGXKCCXNA-N,-8.669
GBA,f_ILE203,mut_s1,detail,1,26,BWNGRRJLFYHENY-INIZCTEONA-N,-7.69
GBA,f_ILE203,mut_s1,detail,1,27,BNRFXWSJKVJVOF-UYBDAZJANA-N,-8.282
GBA,f_ILE203,mut_s1,detail,1,28,DMULMZBZVBBWBY-PJZINPJWNA-N,-8.863
GBA,f_ILE203,mut_s1,detail,1,29,AXLAIGJGNKHDPO-UHFFFAOYNA-N,-6.958
GBA,f_ILE203,mut_s1,detail,1,30,RKDGAONZEPYEBT-WXRBYKJCNA-N,-7.409
GBA,f_ILE203,mut_s1,detail,1,31,MBOYDUZSCSNUQL-MBBDSNKKNA-N,-8.215
GBA,f_ILE203,mut_s1,detail,1,32,KPVDBHRTXOFQDK-YAQRNVERNA-N,-6.661
GBA,f_ILE203,mut_s1,detail,1,33,LVCNFMYUKISBSB-VJSNTGQMNA-N,-7.833
GBA,f_ILE203,mut_s1,detail,1,34,XLAHCIRKLMJUQC-DZQCGVKKNA-N,-8.76
GBA,f_ILE203,mut_s1,detail,1,35,QNYHDABGLCBJOE-SHHGZXMVNA-N,-8.876
GBA,f_ILE203,mut_s1,detail,1,36,HEKNRISBWSPMOG-OWTLIXCDNA-N,-7.509
GBA,f_ILE203,mut_s1,detail,1,37,VIRNXCRLEVZXNX-LILDFLRNNA-N,-10.074
GBA,f_ILE203,mut_s1,detail,1,38,SRTGERSEXJGDMR-UHFFFAOYNA-N,-7.257
GBA,f_ILE203,mut_s1,detail,1,39,ZGMGSSRLZJYOKH-WXRBYKJCNA-N,-7.658
GBA,f_ILE203,mut_s1,detail,1,40,VGYFDFRFGHHCDA-CUTUCBJDNA-N,-9.321
GBA,f_ILE203,mut_s1,detail,1,41,DILPMLYWQJPNLO-HCKMINDGNA-N,-8.666
GBA,f_ILE203,mut_s1,detail,1,42,RSOODJIGEVJLMK-LQFNOIFHNA-N,-9.117
GBA,f_ILE203,mut_s1,detail,1,43,OWHHWMUAYBIQPR-UHFFFAOYNA-N,-9.179
GBA,f_ILE203,mut_s1,detail,1,44,KPIKMVZJKZDOFC-UHFFFAOYNA-N,-9.793
GBA,f_ILE203,mut_s1,detail,1,45,DIKDKRUREJXLMR-DPMTXJEANA-N,-9.46
GBA,f_ILE203,mut_s1,detail,1,46,QRVJDPKQHAVBDK-UYBDAZJANA-N,-8.391
GBA,f_ILE203,mut_s1,detail,1,47,SGBSFKSDPWOALT-UYBDAZJANA-N,-8.512
GBA,f_ILE203,mut_s1,detail,1,48,CYHFRNFVZWVHCG-OTJKMEOQNA-N,-9.043
GBA,f_ILE203,mut_s1,detail,1,49,MJUDQDHXCQONOA-MPIMZMORNA-N,-9.101
GBA,f_ILE203,mut_s1,detail,1,50,RNVYRNLUUYNQAS-PKSOQXRJNA-N,-7.372
GBA,f_ILE203,mut_s1,detail,1,51,DLZXOZYETDVJEB-QWOVJGMINA-N,-7.606
GBA,f_ILE203,mut_s1,detail,1,52,HSICVZRDGBJSEL-GPQMBLKYNA-N,-8.319
GBA,f_ILE203,mut_s1,detail,1,53,HMRUHHFLIMYEAF-QNGOCPJXNA-N,-7.946
GBA,f_ILE203,mut_s1,detail,1,54,ZZOWQPSBJUXHCA-YSPRVCGUNA-N,-9.006
GBA,f_ILE203,mut_s1,detail,1,55,WDDJLHOUFWSQSV-UHFFFAOYNA-N,-9.498
GBA,f_ILE203,mut_s1,detail,1,56,UKLIIGXGTPSYBF-IBCWCQIKNA-N,-7.901
GBA,f_ILE203,mut_s1,detail,1,57,LNPOBRXJZYGQMS-MOHJPFBDNA-N,-10.075
GBA,f_ILE203,mut_s1,detail,1,58,FYILBFPPKIZBTO-UHFFFAOYNA-N,-8.172
GBA,f_ILE203,mut_s1,detail,1,59,MIKIJFODTJGFDI-LILDFLRNNA-N,-7.677
GBA,f_ILE203,mut_s1,detail,1,60,RUWCNSLWWCWTSU-LILDFLRNNA-N,-10.216
GBA,f_ILE203,mut_s1,detail,1,61,KLQWCHKIQJHYIB-UHFFFAOYNA-N,-10.346
GBA,f_ILE203,mut_s1,detail,1,62,QKAWGENQCGFAOE-NPVYFSBINA-N,-8.482
GBA,f_ILE203,mut_s1,detail,1,63,KGOKCBRZBBEYBE-MMRXBHCZNA-N,-10.652
GBA,f_ILE203,mut_s1,detail,1,64,ROFRXCLSWKEWTN-UHFFFAOYNA-N,-8.163
GBA,f_ILE203,mut_s1,detail,1,65,AKRMJNKLSCBEME-FPYGCLRLNA-N,-7.371
GBA,f_ILE203,mut_s1,detail,1,66,LCGJUJZLLYTYIF-XMFFZCEENA-N,-8.608
GBA,f_ILE203,mut_s1,detail,1,67,FREQNFSEYLEFOI-QRCVEOAVNA-N,-8.509
GBA,f_ILE203,mut_s1,detail,1,68,MHMINAYLMNBGSM-UHFFFAOYNA-N,-7.626
GBA,f_ILE203,mut_s1,detail,1,69,SYMNTBHEGHFZMV-UHFFFAOYNA-N,-8.111
GBA,f_ILE203,mut_s1,detail,1,70,NNCRWGMPCGSKOO-LILDFLRNNA-N,-8.067
GBA,f_ILE203,mut_s1,detail,1,71,ZCRRNCCNJMRGFI-UHFFFAOYNA-N,-9.516
GBA,f_ILE203,mut_s1,detail,1,72,PYVZEIBGEUQNQQ-UHFFFAOYNA-N,-9.372
GBA,f_ILE203,mut_s1,detail,1,73,OROJQWVRCGJACT-XBTAAFKLNA-N,-10.14
GBA,f_ILE203,mut_s1,detail,1,74,TXYUWXKCUDOUGU-JLGFQASFNA-N,-7.763
GBA,f_ILE203,mut_s1,detail,1,75,LAZANALODSEDSE-UHFFFAOYNA-N,-8.782
GBA,f_ILE203,mut_s1,detail,1,76,RJXCYVJLXGRCHK-UHFFFAOYNA-N,-10.52
GBA,f_ILE203,mut_s1,detail,1,77,FUSKIBWHJAWEFI-IEJAXPBYNA-N,-8.693
GBA,f_ILE203,mut_s1,detail,1,78,SGWVLOCBQLQWQV-UHFFFAOYNA-N,-9.135
GBA,f_ILE203,mut_s1,detail,1,79,PPXRQTYXLZCDAZ-QWOVJGMINA-N,-9.286
GBA,f_ILE203,mut_s1,detail,1,80,DIFBADFWLVYFHV-LELJVTLKNA-N,-9.798
GBA,f_ILE203,mut_s1,detail,1,81,XREOSEVJCQGCHE-MHPMNMKGNA-N,-10.127
GBA,f_ILE203,mut_s1,detail,1,82,ZHGPKHBXSKWZEQ-UHFFFAOYNA-N,-9.111
GBA,f_ILE203,mut_s1,detail,1,83,ZFAYPJJNPSNAFK-UHFFFAOYNA-N,-9.083
GBA,f_ILE203,mut_s1,detail,1,84,LTXMRAGWIDQTQT-MYUTVWBTNA-N,-10.589
GBA,f_ILE203,mut_s1,detail,1,85,VXQHYHSSGLOALC-SPEPDGBUNA-N,-10.994
GBA,f_ILE203,mut_s1,detail,1,86,KWDSFRAWCISROF-PJQSKVNONA-N,-9.538
GBA,f_ILE203,mut_s1,detail,1,87,ZJZXSQPHUQUHIV-ZGZFQTMPNA-N,-10.36
GBA,f_ILE203,mut_s1,detail,1,88,UYHIVPBYFWVWEJ-UHFFFAOYNA-N,-11.08
GBA,f_ILE203,mut_s1,detail,1,89,PLEFJSUCKRWHBY-LNNLXFCONA-N,-9.065
GBA,f_ILE203,mut_s1,detail,1,90,DNSRQCRQLKJUCC-PDJAEHLQNA-N,-9.29
GBA,f_ILE203,mut_s1,detail,1,91,PHYKZCBUNVYJNH-YDBXFXKPNA-N,-8.035
GBA,f_ILE203,mut_s1,detail,1,92,OOUHZBUAVKCDGA-UHFFFAOYNA-N,-9.432
GBA,f_ILE203,mut_s1,detail,1,93,UUQDFZFJDFMLHW-UHFFFAOYNA-N,-8.836
GBA,f_ILE203,mut_s1,detail,1,94,OOUDDHNLDLLUOL-SKKVRFOWNA-N,-9.192
GBA,f_ILE203,mut_s1,detail,1,95,ZDMQSUAMTLXUTE-MPIMZMORNA-N,-9.648
GBA,f_ILE203,mut_s1,detail,1,96,NMPLPABDEKPABN-UHFFFAOYNA-N,-9.093
GBA,f_ILE203,mut_s1,detail,1,97,INZRHGSVWGRHBM-NPVYFSBINA-N,-10.115
GBA,f_ILE203,mut_s1,detail,1,98,RVGCWMKVTAEQIH-LNNLXFCONA-N,-9.614
GBA,f_ILE203,mut_s1,detail,1,99,VRXWKRQOVMZBAF-LJQANCHMNA-N,-9.698
GBA,f_ILE203,mut_s1,detail,1,100,QACLWOIBBYOHQP-UYBDAZJANA-N,-8.771
GBA,f_ILE203,mut_s1,detail,1,101,ZNXSZVFPCBIELQ-LNNLXFCONA-N,-8.364
GBA,f_ILE203,mut_s1,detail,1,102,GKMWCCNMKRSQHR-VEKUMTKDNA-N,-9.527
GBA,f_ILE203,mut_s1,detail,1,103,FFGUSRSMWFYKGK-SKKVRFOWNA-N,-9.397
GBA,f_ILE203,mut_s1,detail,1,104,KXBDDGKXLZBLOM-SPEPDGBUNA-N,-9.688
GBA,f_ILE203,mut_s1,detail,1,105,MIUWULAZCXYTJW-MSHHZIMBNA-N,-9.372
GBA,f_ILE203,mut_s1,detail,1,106,JPZOYWVRFLZCIC-NJNXFGOHNA-N,-10.547
GBA,f_ILE203,mut_s1,detail,1,107,FAIQTLBYDVKBAB-DVIAZDKANA-N,-9.831
GBA,f_ILE203,mut_s1,detail,1,108,APFLRZZAOXCNAZ-UHFFFAOYNA-N,-8.019
GBA,f_ILE203,mut_s1,detail,1,109,BSQLDSQTGOZBFD-UHFFFAOYNA-N,-9.398
GBA,f_ILE203,mut_s1,detail,1,110,ZVVCFJXCDATSCC-UHFFFAOYNA-N,-8.916
GBA,f_ILE203,mut_s1,detail,1,111,SKEQTXZATFWVMB-UYBDAZJANA-N,-8.192
GBA,f_ILE203,mut_s1,detail,1,112,IATWYRHDJKMBQK-MPIMZMORNA-N,-8.169
GBA,f_ILE203,mut_s1,detail,1,113,JPWOEQDCUZCWKT-MPIMZMORNA-N,-8.174
GBA,f_ILE203,mut_s1,detail,1,114,RYHSAXRBHDHPPK-PKSOQXRJNA-N,-8.761
GBA,f_ILE203,mut_s1,detail,1,115,GKKJWUFVZJJFPG-MPIMZMORNA-N,-9.447
GBA,f_ILE203,mut_s1,detail,1,116,FDNZXFDUCINVLY-BDGWVKIONA-N,-8.345
GBA,f_ILE203,mut_s1,detail,1,117,KTBYKHKWIFIFAK-UHFFFAOYNA-N,-10.578
GBA,f_ILE203,mut_s1,detail,1,118,ZRXZEWGUECXTTQ-LQFNOIFHNA-N,-9.583
GBA,f_ILE203,mut_s1,detail,1,119,XNACBBGLIAJNJM-PECIQRARNA-N,-9.0
GBA,f_ILE203,mut_s1,detail,1,120,WQZYYJRVBIQUGH-YWZOXAELNA-N,-7.686
GBA,f_ILE203,mut_s1,detail,1,121,ABMSRNRLDZVJFV-SWUIVHNENA-N,-9.561
GBA,f_ILE203,mut_s1,detail,1,122,ZEACBIUBSOLEGW-QAITUMOCNA-N,-11.335
GBA,f_ILE203,mut_s1,detail,1,123,UBFCDXVLKFOOGL-OKPOJWAQNA-N,-8.692
GBA,f_ILE203,mut_s1,detail,1,124,RRIHVAFUFDANEX-NSJMMFDCNA-N,-10.125
GBA,f_ILE203,mut_s1,detail,1,125,HASIAUWPWKTSBW-SREBMQDQNA-N,-8.215
GBA,f_ILE203,mut_s1,detail,1,126,WHBCKYHTCHCHAY-LQFNOIFHNA-N,-10.629
GBA,f_ILE203,mut_s1,detail,1,127,XMAYWYJOQHXEEK-JYFHCDHNNA-N,-9.863
GBA,f_ILE203,mut_s1,detail,1,128,TVKCFCZANTZCSU-OYRHEFFENA-N,-10.434
GBA,f_ILE203,mut_s1,detail,1,129,OJFIIUWPOHBVMH-LNNLXFCONA-N,-9.209
GBA,f_ILE203,mut_s1,detail,1,130,DKLZMGFTGWKNCD-DIRLUKLVNA-N,-10.29
GBA,f_ILE203,mut_s1,detail,1,131,PYSLGWZFRQWTDD-PWIKPTQSNA-N,-9.743
GBA,f_ILE203,mut_s1,detail,1,132,MWMBIUUYBQWKJX-QTUCRYGENA-N,-9.598
GBA,f_ILE203,mut_s1,detail,1,133,FLYQFCXTEFTSQN-UHFFFAOYNA-N,-9.163
GBA,f_ILE203,mut_s1,detail,1,134,PBIBDSDWIMZYDT-WBWGZOKWNA-N,-9.638
GBA,f_ILE203,mut_s1,detail,1,135,GSRWMFGBDLHGBU-YEFLILRRNA-N,-9.163
GBA,f_ILE203,mut_s1,detail,1,136,AYIJJQHMZAEQKE-QDAGQJSJNA-N,-10.229
GBA,f_ILE203,mut_s1,detail,1,137,JVWTZUKPDMRNDC-FSAKADSPNA-N,-10.837
GBA,f_ILE203,mut_s1,detail,1,138,XAZPLOLSRXZDBO-LBZABMTDNA-N,-9.196
GBA,f_ILE203,mut_s1,detail,1,139,RGWVFJBNHCWCTL-CFEGKOCINA-N,-8.811
GBA,f_ILE203,mut_s1,detail,1,140,YYWNRQZCPIMCAK-UHFFFAOYNA-N,-9.18
GBA,f_ILE203,mut_s1,detail,1,141,PBTZDKNKXRSZPM-XBXBPLPCNA-N,-9.963
GBA,f_ILE203,mut_s1,detail,1,142,QQPOIMHFFPBDQM-LELJVTLKNA-N,-8.933
GBA,f_ILE203,mut_s1,detail,1,143,NYFQURFFDGCBCB-MAQJPOOANA-N,-8.307
GBA,f_ILE203,mut_s1,detail,1,144,HXZVHWHABLBWBS-MTTPVDACNA-N,-11.861
GBA,f_ILE203,mut_s1,detail,1,145,IWYYSOJWYLZKLK-LELJVTLKNA-N,-9.182
GBA,f_ILE203,mut_s1,detail,1,146,HOGUCNPGZXMBGW-UHFFFAOYNA-N,-10.934
GBA,f_ILE203,mut_s1,detail,1,147,VITUDJAVASFPKN-DUFUIDNCNA-N,-9.918
GBA,f_ILE203,mut_s1,detail,1,148,IXAHDCRYEUYPBG-SCXYCHFONA-N,-11.554
GBA,f_ILE203,mut_s1,detail,1,149,JWHMEKMLAZQDNS-OZMOGHDGNA-N,-9.36
GBA,f_ILE203,mut_s1,detail,1,150,BZWNBTIJLRHNDZ-LBOYIXSDNA-N,-9.455
GBA,f_ILE203,mut_s1,detail,1,151,RECYROBESYRUML-UHFFFAOYNA-N,-10.454
GBA,f_ILE203,mut_s1,detail,1,152,MLDSJJJLQRZNKW-UHBIVWOUNA-N,-10.611
GBA,f_ILE203,mut_s1,detail,1,153,XTWIHJARHCYNFX-PHXLCVRDNA-N,-9.587
GBA,f_ILE203,mut_s1,detail,1,154,UQGFETVWTRDGKJ-UHFFFAOYNA-N,-8.899
GBA,f_ILE203,mut_s1,detail,1,155,VJFSMDWEMFOWDK-CYSPOYASNA-N,-8.921
GBA,f_ILE203,mut_s1,detail,1,156,NZYLXYBIWNIAGH-CYSPOYASNA-N,-9.899
GBA,f_ILE203,mut_s1,detail,1,157,ODXCWFOKLBJQNP-MPIMZMORNA-N,-8.653
GBA,f_ILE203,mut_s1,detail,1,158,FVDNMAPPDSKXKQ-UHFFFAOYNA-N,-10.92
GBA,f_ILE203,mut_s1,detail,1,159,DOPWMPRIRWTOOD-CCHPKIMANA-N,-10.191
GBA,m00,mut_s1,detail,1,0,URVMSYHISUZXNH-UYBDAZJANA-N,-8.193
GBA,m00,mut_s1,detail,1,1,KXRPCFINVWWFHQ-UHFFFAOYNA-N,-5.432
GBA,m00,mut_s1,detail,1,2,NICJTSHRYBTHAS-YHMJCDSINA-N,-7.217
GBA,m00,mut_s1,detail,1,3,SWRZVDTZHDWPDS-AWIDAIFANA-N,-8.753
GBA,m00,mut_s1,detail,1,4,RKNSLLSUFWWYCA-UHFFFAOYNA-N,-8.839
GBA,m00,mut_s1,detail,1,5,OZFSIKFTRRUDES-RIYZIHGNNA-N,-6.575
GBA,m00,mut_s1,detail,1,6,AAGGUCRASUJPPN-UHFFFAOYNA-N,-7.683
GBA,m00,mut_s1,detail,1,7,OYHXDPMAFYHDNG-YAQRNVERNA-N,-8.042
GBA,m00,mut_s1,detail,1,8,AWILWAIEQYZUEQ-UHFFFAOYNA-N,-7.431
GBA,m00,mut_s1,detail,1,9,WSFAXHLMQUUHQT-VMPITWQZNA-N,-7.374
GBA,m00,mut_s1,detail,1,10,WPHMTVNOXKBZKN-UHFFFAOYNA-N,-6.739
GBA,m00,mut_s1,detail,1,11,LPEIZNODGHDCCW-UHFFFAOYNA-N,-7.154
GBA,m00,mut_s1,detail,1,12,QQHWWDVSRWOHEP-LILDFLRNNA-N,-8.374
GBA,m00,mut_s1,detail,1,13,UMEVSSPGBFVQNC-UHFFFAOYNA-N,-6.226
GBA,m00,mut_s1,detail,1,14,VZDIOEKWWZRNQN-UHFFFAOYNA-N,-8.561
GBA,m00,mut_s1,detail,1,15,JEVLDOUORFAHRS-NDKGDYFDNA-N,-7.194
GBA,m00,mut_s1,detail,1,16,NFTGJNJRMWUBPG-GPQMBLKYNA-N,-7.323
GBA,m00,mut_s1,detail,1,17,UMUUTEZBWGDVDA-UHFFFAOYNA-N,-7.7
GBA,m00,mut_s1,detail,1,18,VLQKEPLNPGYNDJ-HCKMINDGNA-N,-7.743
GBA,m00,mut_s1,detail,1,19,PPMVTAATPZLMJM-CDDDEJBQNA-N,-8.12
GBA,m00,mut_s1,detail,1,20,AHLYFAKLKLMESK-YAQRNVERNA-N,-6.687
GBA,m00,mut_s1,detail,1,21,GYEJYLAGVWRSIM-KGJHZMDYNA-N,-7.854
GBA,m00,mut_s1,detail,1,22,RXVALSLAUOIYLW-UHFFFAOYNA-N,-8.002
GBA,m00,mut_s1,detail,1,23,NSELYIFATLFDOZ-JLGFQASFNA-N,-7.98
GBA,m00,mut_s1,detail,1,24,COQFBYACOHFCEC-UHFFFAOYNA-N,-7.227
GBA,m00,mut_s1,detail,1,25,CJGJXFCLDYQBFQ-YJGXKCCXNA-N,-8.219
GBA,m00,mut_s1,detail,1,26,BWNGRRJLFYHENY-INIZCTEONA-N,-7.257
GBA,m00,mut_s1,detail,1,27,BNRFXWSJKVJVOF-UYBDAZJANA-N,-8.644
GBA,m00,mut_s1,detail,1,28,DMULMZBZVBBWBY-PJZINPJWNA-N,-8.088
GBA,m00,mut_s1,detail,1,29,AXLAIGJGNKHDPO-UHFFFAOYNA-N,-7.049
GBA,m00,mut_s1,detail,1,30,RKDGAONZEPYEBT-WXRBYKJCNA-N,-7.875
GBA,m00,mut_s1,detail,1,31,MBOYDUZSCSNUQL-MBBDSNKKNA-N,-8.261
GBA,m00,mut_s1,detail,1,32,KPVDBHRTXOFQDK-YAQRNVERNA-N,-6.734
GBA,m00,mut_s1,detail,1,33,LVCNFMYUKISBSB-VJSNTGQMNA-N,-7.153
GBA,m00,mut_s1,detail,1,34,XLAHCIRKLMJUQC-DZQCGVKKNA-N,-8.785
GBA,m00,mut_s1,detail,1,35,QNYHDABGLCBJOE-SHHGZXMVNA-N,-9.084
GBA,m00,mut_s1,detail,1,36,HEKNRISBWSPMOG-OWTLIXCDNA-N,-7.736
GBA,m00,mut_s1,detail,1,37,VIRNXCRLEVZXNX-LILDFLRNNA-N,-9.676
GBA,m00,mut_s1,detail,1,38,SRTGERSEXJGDMR-UHFFFAOYNA-N,-6.36
GBA,m00,mut_s1,detail,1,39,ZGMGSSRLZJYOKH-WXRBYKJCNA-N,-7.05
GBA,m00,mut_s1,detail,1,40,VGYFDFRFGHHCDA-CUTUCBJDNA-N,-8.884
GBA,m00,mut_s1,detail,1,41,DILPMLYWQJPNLO-HCKMINDGNA-N,-8.494
GBA,m00,mut_s1,detail,1,42,RSOODJIGEVJLMK-LQFNOIFHNA-N,-8.709
GBA,m00,mut_s1,detail,1,43,OWHHWMUAYBIQPR-UHFFFAOYNA-N,-9.277
GBA,m00,mut_s1,detail,1,44,KPIKMVZJKZDOFC-UHFFFAOYNA-N,-9.576
GBA,m00,mut_s1,detail,1,45,DIKDKRUREJXLMR-DPMTXJEANA-N,-8.935
GBA,m00,mut_s1,detail,1,46,QRVJDPKQHAVBDK-UYBDAZJANA-N,-7.604
GBA,m00,mut_s1,detail,1,47,SGBSFKSDPWOALT-UYBDAZJANA-N,-7.973
GBA,m00,mut_s1,detail,1,48,CYHFRNFVZWVHCG-OTJKMEOQNA-N,-8.538
GBA,m00,mut_s1,detail,1,49,MJUDQDHXCQONOA-MPIMZMORNA-N,-8.379
GBA,m00,mut_s1,detail,1,50,RNVYRNLUUYNQAS-PKSOQXRJNA-N,-8.381
GBA,m00,mut_s1,detail,1,51,DLZXOZYETDVJEB-QWOVJGMINA-N,-7.409
GBA,m00,mut_s1,detail,1,52,HSICVZRDGBJSEL-GPQMBLKYNA-N,-8.002
GBA,m00,mut_s1,detail,1,53,HMRUHHFLIMYEAF-QNGOCPJXNA-N,-7.806
GBA,m00,mut_s1,detail,1,54,ZZOWQPSBJUXHCA-YSPRVCGUNA-N,-8.199
GBA,m00,mut_s1,detail,1,55,WDDJLHOUFWSQSV-UHFFFAOYNA-N,-8.975
GBA,m00,mut_s1,detail,1,56,UKLIIGXGTPSYBF-IBCWCQIKNA-N,-7.976
GBA,m00,mut_s1,detail,1,57,LNPOBRXJZYGQMS-MOHJPFBDNA-N,-8.746
GBA,m00,mut_s1,detail,1,58,FYILBFPPKIZBTO-UHFFFAOYNA-N,-8.251
GBA,m00,mut_s1,detail,1,59,MIKIJFODTJGFDI-LILDFLRNNA-N,-7.806
GBA,m00,mut_s1,detail,1,60,RUWCNSLWWCWTSU-LILDFLRNNA-N,-9.466
GBA,m00,mut_s1,detail,1,61,KLQWCHKIQJHYIB-UHFFFAOYNA-N,-9.4
GBA,m00,mut_s1,detail,1,62,QKAWGENQCGFAOE-NPVYFSBINA-N,-7.857
GBA,m00,mut_s1,detail,1,63,KGOKCBRZBBEYBE-MMRXBHCZNA-N,-9.688
GBA,m00,mut_s1,detail,1,64,ROFRXCLSWKEWTN-UHFFFAOYNA-N,-8.149
GBA,m00,mut_s1,detail,1,65,AKRMJNKLSCBEME-FPYGCLRLNA-N,-7.55
GBA,m00,mut_s1,detail,1,66,LCGJUJZLLYTYIF-XMFFZCEENA-N,-8.049
GBA,m00,mut_s1,detail,1,67,FREQNFSEYLEFOI-QRCVEOAVNA-N,-8.284
GBA,m00,mut_s1,detail,1,68,MHMINAYLMNBGSM-UHFFFAOYNA-N,-7.728
GBA,m00,mut_s1,detail,1,69,SYMNTBHEGHFZMV-UHFFFAOYNA-N,-8.199
GBA,m00,mut_s1,detail,1,70,NNCRWGMPCGSKOO-LILDFLRNNA-N,-7.471
GBA,m00,mut_s1,detail,1,71,ZCRRNCCNJMRGFI-UHFFFAOYNA-N,-9.039
GBA,m00,mut_s1,detail,1,72,PYVZEIBGEUQNQQ-UHFFFAOYNA-N,-9.181
GBA,m00,mut_s1,detail,1,73,OROJQWVRCGJACT-XBTAAFKLNA-N,-9.525
GBA,m00,mut_s1,detail,1,74,TXYUWXKCUDOUGU-JLGFQASFNA-N,-7.986
GBA,m00,mut_s1,detail,1,75,LAZANALODSEDSE-UHFFFAOYNA-N,-8.722
GBA,m00,mut_s1,detail,1,76,RJXCYVJLXGRCHK-UHFFFAOYNA-N,-9.293
GBA,m00,mut_s1,detail,1,77,FUSKIBWHJAWEFI-IEJAXPBYNA-N,-7.754
GBA,m00,mut_s1,detail,1,78,SGWVLOCBQLQWQV-UHFFFAOYNA-N,-8.49
GBA,m00,mut_s1,detail,1,79,PPXRQTYXLZCDAZ-QWOVJGMINA-N,-9.094
GBA,m00,mut_s1,detail,1,80,DIFBADFWLVYFHV-LELJVTLKNA-N,-9.433
GBA,m00,mut_s1,detail,1,81,XREOSEVJCQGCHE-MHPMNMKGNA-N,-10.098
GBA,m00,mut_s1,detail,1,82,ZHGPKHBXSKWZEQ-UHFFFAOYNA-N,-9.46
GBA,m00,mut_s1,detail,1,83,ZFAYPJJNPSNAFK-UHFFFAOYNA-N,-10.112
GBA,m00,mut_s1,detail,1,84,LTXMRAGWIDQTQT-MYUTVWBTNA-N,-9.681
GBA,m00,mut_s1,detail,1,85,VXQHYHSSGLOALC-SPEPDGBUNA-N,-9.929
GBA,m00,mut_s1,detail,1,86,KWDSFRAWCISROF-PJQSKVNONA-N,-8.901
GBA,m00,mut_s1,detail,1,87,ZJZXSQPHUQUHIV-ZGZFQTMPNA-N,-10.232
GBA,m00,mut_s1,detail,1,88,UYHIVPBYFWVWEJ-UHFFFAOYNA-N,-10.334
GBA,m00,mut_s1,detail,1,89,PLEFJSUCKRWHBY-LNNLXFCONA-N,-8.474
GBA,m00,mut_s1,detail,1,90,DNSRQCRQLKJUCC-PDJAEHLQNA-N,-9.13
GBA,m00,mut_s1,detail,1,91,PHYKZCBUNVYJNH-YDBXFXKPNA-N,-7.74
GBA,m00,mut_s1,detail,1,92,OOUHZBUAVKCDGA-UHFFFAOYNA-N,-9.039
GBA,m00,mut_s1,detail,1,93,UUQDFZFJDFMLHW-UHFFFAOYNA-N,-8.308
GBA,m00,mut_s1,detail,1,94,OOUDDHNLDLLUOL-SKKVRFOWNA-N,-9.191
GBA,m00,mut_s1,detail,1,95,ZDMQSUAMTLXUTE-MPIMZMORNA-N,-9.254
GBA,m00,mut_s1,detail,1,96,NMPLPABDEKPABN-UHFFFAOYNA-N,-8.673
GBA,m00,mut_s1,detail,1,97,INZRHGSVWGRHBM-NPVYFSBINA-N,-9.994
GBA,m00,mut_s1,detail,1,98,RVGCWMKVTAEQIH-LNNLXFCONA-N,-9.88
GBA,m00,mut_s1,detail,1,99,VRXWKRQOVMZBAF-LJQANCHMNA-N,-9.467
GBA,m00,mut_s1,detail,1,100,QACLWOIBBYOHQP-UYBDAZJANA-N,-8.162
GBA,m00,mut_s1,detail,1,101,ZNXSZVFPCBIELQ-LNNLXFCONA-N,-8.564
GBA,m00,mut_s1,detail,1,102,GKMWCCNMKRSQHR-VEKUMTKDNA-N,-9.36
GBA,m00,mut_s1,detail,1,103,FFGUSRSMWFYKGK-SKKVRFOWNA-N,-9.274
GBA,m00,mut_s1,detail,1,104,KXBDDGKXLZBLOM-SPEPDGBUNA-N,-8.64
GBA,m00,mut_s1,detail,1,105,MIUWULAZCXYTJW-MSHHZIMBNA-N,-10.347
GBA,m00,mut_s1,detail,1,106,JPZOYWVRFLZCIC-NJNXFGOHNA-N,-11.04
GBA,m00,mut_s1,detail,1,107,FAIQTLBYDVKBAB-DVIAZDKANA-N,-9.236
GBA,m00,mut_s1,detail,1,108,APFLRZZAOXCNAZ-UHFFFAOYNA-N,-8.275
GBA,m00,mut_s1,detail,1,109,BSQLDSQTGOZBFD-UHFFFAOYNA-N,-9.182
GBA,m00,mut_s1,detail,1,110,ZVVCFJXCDATSCC-UHFFFAOYNA-N,-8.903
GBA,m00,mut_s1,detail,1,111,SKEQTXZATFWVMB-UYBDAZJANA-N,-7.992
GBA,m00,mut_s1,detail,1,112,IATWYRHDJKMBQK-MPIMZMORNA-N,-8.168
GBA,m00,mut_s1,detail,1,113,JPWOEQDCUZCWKT-MPIMZMORNA-N,-7.244
GBA,m00,mut_s1,detail,1,114,RYHSAXRBHDHPPK-PKSOQXRJNA-N,-8.943
GBA,m00,mut_s1,detail,1,115,GKKJWUFVZJJFPG-MPIMZMORNA-N,-8.42
GBA,m00,mut_s1,detail,1,116,FDNZXFDUCINVLY-BDGWVKIONA-N,-8.902
GBA,m00,mut_s1,detail,1,117,KTBYKHKWIFIFAK-UHFFFAOYNA-N,-10.155
GBA,m00,mut_s1,detail,1,118,ZRXZEWGUECXTTQ-LQFNOIFHNA-N,-10.142
GBA,m00,mut_s1,detail,1,119,XNACBBGLIAJNJM-PECIQRARNA-N,-8.322
GBA,m00,mut_s1,detail,1,120,WQZYYJRVBIQUGH-YWZOXAELNA-N,-7.526
GBA,m00,mut_s1,detail,1,121,ABMSRNRLDZVJFV-SWUIVHNENA-N,-9.246
GBA,m00,mut_s1,detail,1,122,ZEACBIUBSOLEGW-QAITUMOCNA-N,-10.609
GBA,m00,mut_s1,detail,1,123,UBFCDXVLKFOOGL-OKPOJWAQNA-N,-9.098
GBA,m00,mut_s1,detail,1,124,RRIHVAFUFDANEX-NSJMMFDCNA-N,-9.36
GBA,m00,mut_s1,detail,1,125,HASIAUWPWKTSBW-SREBMQDQNA-N,-8.897
GBA,m00,mut_s1,detail,1,126,WHBCKYHTCHCHAY-LQFNOIFHNA-N,-10.062
GBA,m00,mut_s1,detail,1,127,XMAYWYJOQHXEEK-JYFHCDHNNA-N,-9.559
GBA,m00,mut_s1,detail,1,128,TVKCFCZANTZCSU-OYRHEFFENA-N,-10.422
GBA,m00,mut_s1,detail,1,129,OJFIIUWPOHBVMH-LNNLXFCONA-N,-8.11
GBA,m00,mut_s1,detail,1,130,DKLZMGFTGWKNCD-DIRLUKLVNA-N,-10.183
GBA,m00,mut_s1,detail,1,131,PYSLGWZFRQWTDD-PWIKPTQSNA-N,-9.916
GBA,m00,mut_s1,detail,1,132,MWMBIUUYBQWKJX-QTUCRYGENA-N,-9.235
GBA,m00,mut_s1,detail,1,133,FLYQFCXTEFTSQN-UHFFFAOYNA-N,-8.647
GBA,m00,mut_s1,detail,1,134,PBIBDSDWIMZYDT-WBWGZOKWNA-N,-10.545
GBA,m00,mut_s1,detail,1,135,GSRWMFGBDLHGBU-YEFLILRRNA-N,-8.014
GBA,m00,mut_s1,detail,1,136,AYIJJQHMZAEQKE-QDAGQJSJNA-N,-11.769
GBA,m00,mut_s1,detail,1,137,JVWTZUKPDMRNDC-FSAKADSPNA-N,-9.78
GBA,m00,mut_s1,detail,1,138,XAZPLOLSRXZDBO-LBZABMTDNA-N,-9.124
GBA,m00,mut_s1,detail,1,139,RGWVFJBNHCWCTL-CFEGKOCINA-N,-8.468
GBA,m00,mut_s1,detail,1,140,YYWNRQZCPIMCAK-UHFFFAOYNA-N,-8.911
GBA,m00,mut_s1,detail,1,141,PBTZDKNKXRSZPM-XBXBPLPCNA-N,-9.523
GBA,m00,mut_s1,detail,1,142,QQPOIMHFFPBDQM-LELJVTLKNA-N,-9.909
GBA,m00,mut_s1,detail,1,143,NYFQURFFDGCBCB-MAQJPOOANA-N,-8.757
GBA,m00,mut_s1,detail,1,144,HXZVHWHABLBWBS-MTTPVDACNA-N,-10.973
GBA,m00,mut_s1,detail,1,145,IWYYSOJWYLZKLK-LELJVTLKNA-N,-8.807
GBA,m00,mut_s1,detail,1,146,HOGUCNPGZXMBGW-UHFFFAOYNA-N,-10.492
GBA,m00,mut_s1,detail,1,147,VITUDJAVASFPKN-DUFUIDNCNA-N,-8.954
GBA,m00,mut_s1,detail,1,148,IXAHDCRYEUYPBG-SCXYCHFONA-N,-11.264
GBA,m00,mut_s1,detail,1,149,JWHMEKMLAZQDNS-OZMOGHDGNA-N,-8.721
GBA,m00,mut_s1,detail,1,150,BZWNBTIJLRHNDZ-LBOYIXSDNA-N,-9.339
GBA,m00,mut_s1,detail,1,151,RECYROBESYRUML-UHFFFAOYNA-N,-11.172
GBA,m00,mut_s1,detail,1,152,MLDSJJJLQRZNKW-UHBIVWOUNA-N,-9.244
GBA,m00,mut_s1,detail,1,153,XTWIHJARHCYNFX-PHXLCVRDNA-N,-8.838
GBA,m00,mut_s1,detail,1,154,UQGFETVWTRDGKJ-UHFFFAOYNA-N,-8.627
GBA,m00,mut_s1,detail,1,155,VJFSMDWEMFOWDK-CYSPOYASNA-N,-10.915
GBA,m00,mut_s1,detail,1,156,NZYLXYBIWNIAGH-CYSPOYASNA-N,-9.749
GBA,m00,mut_s1,detail,1,157,ODXCWFOKLBJQNP-MPIMZMORNA-N,-8.28
GBA,m00,mut_s1,detail,1,158,FVDNMAPPDSKXKQ-UHFFFAOYNA-N,-11.017
GBA,m00,mut_s1,detail,1,159,DOPWMPRIRWTOOD-CCHPKIMANA-N,-9.632
GBA,m01,mut_s1,detail,1,0,URVMSYHISUZXNH-UYBDAZJANA-N,-8.18
GBA,m01,mut_s1,detail,1,1,KXRPCFINVWWFHQ-UHFFFAOYNA-N,-5.432
GBA,m01,mut_s1,detail,1,2,NICJTSHRYBTHAS-YHMJCDSINA-N,-7.108
GBA,m01,mut_s1,detail,1,3,SWRZVDTZHDWPDS-AWIDAIFANA-N,-8.685
GBA,m01,mut_s1,detail,1,4,RKNSLLSUFWWYCA-UHFFFAOYNA-N,-8.789
GBA,m01,mut_s1,detail,1,5,OZFSIKFTRRUDES-RIYZIHGNNA-N,-6.707
GBA,m01,mut_s1,detail,1,6,AAGGUCRASUJPPN-UHFFFAOYNA-N,-7.813
GBA,m01,mut_s1,detail,1,7,OYHXDPMAFYHDNG-YAQRNVERNA-N,-7.518
GBA,m01,mut_s1,detail,1,8,AWILWAIEQYZUEQ-UHFFFAOYNA-N,-7.008
GBA,m01,mut_s1,detail,1,9,WSFAXHLMQUUHQT-VMPITWQZNA-N,-7.707
GBA,m01,mut_s1,detail,1,10,WPHMTVNOXKBZKN-UHFFFAOYNA-N,-6.69
GBA,m01,mut_s1,detail,1,11,LPEIZNODGHDCCW-UHFFFAOYNA-N,-7.219
GBA,m01,mut_s1,detail,1,12,QQHWWDVSRWOHEP-LILDFLRNNA-N,-8.398
GBA,m01,mut_s1,detail,1,13,UMEVSSPGBFVQNC-UHFFFAOYNA-N,-6.286
GBA,m01,mut_s1,detail,1,14,VZDIOEKWWZRNQN-UHFFFAOYNA-N,-8.598
GBA,m01,mut_s1,detail,1,15,JEVLDOUORFAHRS-NDKGDYFDNA-N,-7.109
GBA,m01,mut_s1,detail,1,16,NFTGJNJRMWUBPG-GPQMBLKYNA-N,-7.34
GBA,m01,mut_s1,detail,1,17,UMUUTEZBWGDVDA-UHFFFAOYNA-N,-7.682
GBA,m01,mut_s1,detail,1,18,VLQKEPLNPGYNDJ-HCKMINDGNA-N,-7.913
GBA,m01,mut_s1,detail,1,19,PPMVTAATPZLMJM-CDDDEJBQNA-N,-8.101
GBA,m01,mut_s1,detail,1,20,AHLYFAKLKLMESK-YAQRNVERNA-N,-7.182
GBA,m01,mut_s1,detail,1,21,GYEJYLAGVWRSIM-KGJHZMDYNA-N,-7.644
GBA,m01,mut_s1,detail,1,22,RXVALSLAUOIYLW-UHFFFAOYNA-N,-7.981
GBA,m01,mut_s1,detail,1,23,NSELYIFATLFDOZ-JLGFQASFNA-N,-7.981
GBA,m01,mut_s1,detail,1,24,COQFBYACOHFCEC-UHFFFAOYNA-N,-7.21
GBA,m01,mut_s1,detail,1,25,CJGJXFCLDYQBFQ-YJGXKCCXNA-N,-8.426
GBA,m01,mut_s1,detail,1,26,BWNGRRJLFYHENY-INIZCTEONA-N,-7.341
GBA,m01,mut_s1,detail,1,27,BNRFXWSJKVJVOF-UYBDAZJANA-N,-8.474
GBA,m01,mut_s1,detail,1,28,DMULMZBZVBBWBY-PJZINPJWNA-N,-8.966
GBA,m01,mut_s1,detail,1,29,AXLAIGJGNKHDPO-UHFFFAOYNA-N,-6.852
GBA,m01,mut_s1,detail,1,30,RKDGAONZEPYEBT-WXRBYKJCNA-N,-7.839
GBA,m01,mut_s1,detail,1,31,MBOYDUZSCSNUQL-MBBDSNKKNA-N,-7.857
GBA,m01,mut_s1,detail,1,32,KPVDBHRTXOFQDK-YAQRNVERNA-N,-6.491
GBA,m01,mut_s1,detail,1,33,LVCNFMYUKISBSB-VJSNTGQMNA-N,-7.303
GBA,m01,mut_s1,detail,1,34,XLAHCIRKLMJUQC-DZQCGVKKNA-N,-8.56
GBA,m01,mut_s1,detail,1,35,QNYHDABGLCBJOE-SHHGZXMVNA-N,-8.812
GBA,m01,mut_s1,detail,1,36,HEKNRISBWSPMOG-OWTLIXCDNA-N,-7.728
GBA,m01,mut_s1,detail,1,37,VIRNXCRLEVZXNX-LILDFLRNNA-N,-9.638
GBA,m01,mut_s1,detail,1,38,SRTGERSEXJGDMR-UHFFFAOYNA-N,-6.817
GBA,m01,mut_s1,detail,1,39,ZGMGSSRLZJYOKH-WXRBYKJCNA-N,-6.799
GBA,m01,mut_s1,detail,1,40,VGYFDFRFGHHCDA-CUTUCBJDNA-N,-8.74
GBA,m01,mut_s1,detail,1,41,DILPMLYWQJPNLO-HCKMINDGNA-N,-8.172
GBA,m01,mut_s1,detail,1,42,RSOODJIGEVJLMK-LQFNOIFHNA-N,-8.782
GBA,m01,mut_s1,detail,1,43,OWHHWMUAYBIQPR-UHFFFAOYNA-N,-8.95
GBA,m01,mut_s1,detail,1,44,KPIKMVZJKZDOFC-UHFFFAOYNA-N,-9.656
GBA,m01,mut_s1,detail,1,45,DIKDKRUREJXLMR-DPMTXJEANA-N,-8.667
GBA,m01,mut_s1,detail,1,46,QRVJDPKQHAVBDK-UYBDAZJANA-N,-7.661
GBA,m01,mut_s1,detail,1,47,SGBSFKSDPWOALT-UYBDAZJANA-N,-7.964
GBA,m01,mut_s1,detail,1,48,CYHFRNFVZWVHCG-OTJKMEOQNA-N,-8.483
GBA,m01,mut_s1,detail,1,49,MJUDQDHXCQONOA-MPIMZMORNA-N,-8.318
GBA,m01,mut_s1,detail,1,50,RNVYRNLUUYNQAS-PKSOQXRJNA-N,-8.569
GBA,m01,mut_s1,detail,1,51,DLZXOZYETDVJEB-QWOVJGMINA-N,-6.98
GBA,m01,mut_s1,detail,1,52,HSICVZRDGBJSEL-GPQMBLKYNA-N,-8.006
GBA,m01,mut_s1,detail,1,53,HMRUHHFLIMYEAF-QNGOCPJXNA-N,-7.738
GBA,m01,mut_s1,detail,1,54,ZZOWQPSBJUXHCA-YSPRVCGUNA-N,-8.015
GBA,m01,mut_s1,detail,1,55,WDDJLHOUFWSQSV-UHFFFAOYNA-N,-8.977
GBA,m01,mut_s1,detail,1,56,UKLIIGXGTPSYBF-IBCWCQIKNA-N,-8.011
GBA,m01,mut_s1,detail,1,57,LNPOBRXJZYGQMS-MOHJPFBDNA-N,-8.549
GBA,m01,mut_s1,detail,1,58,FYILBFPPKIZBTO-UHFFFAOYNA-N,-8.171
GBA,m01,mut_s1,detail,1,59,MIKIJFODTJGFDI-LILDFLRNNA-N,-8.142
GBA,m01,mut_s1,detail,1,60,RUWCNSLWWCWTSU-LILDFLRNNA-N,-9.444
GBA,m01,mut_s1,detail,1,61,KLQWCHKIQJHYIB-UHFFFAOYNA-N,-9.383
GBA,m01,mut_s1,detail,1,62,QKAWGENQCGFAOE-NPVYFSBINA-N,-7.876
GBA,m01,mut_s1,detail,1,63,KGOKCBRZBBEYBE-MMRXBHCZNA-N,-9.788
GBA,m01,mut_s1,detail,1,64,ROFRXCLSWKEWTN-UHFFFAOYNA-N,-8.11
GBA,m01,mut_s1,detail,1,65,AKRMJNKLSCBEME-FPYGCLRLNA-N,-7.191
GBA,m01,mut_s1,detail,1,66,LCGJUJZLLYTYIF-XMFFZCEENA-N,-8.889
GBA,m01,mut_s1,detail,1,67,FREQNFSEYLEFOI-QRCVEOAVNA-N,-7.935
GBA,m01,mut_s1,detail,1,68,MHMINAYLMNBGSM-UHFFFAOYNA-N,-7.7
GBA,m01,mut_s1,detail,1,69,SYMNTBHEGHFZMV-UHFFFAOYNA-N,-7.932
GBA,m01,mut_s1,detail,1,70,NNCRWGMPCGSKOO-LILDFLRNNA-N,-7.429
GBA,m01,mut_s1,detail,1,71,ZCRRNCCNJMRGFI-UHFFFAOYNA-N,-8.999
GBA,m01,mut_s1,detail,1,72,PYVZEIBGEUQNQQ-UHFFFAOYNA-N,-9.136
GBA,m01,mut_s1,detail,1,73,OROJQWVRCGJACT-XBTAAFKLNA-N,-9.576
GBA,m01,mut_s1,detail,1,74,TXYUWXKCUDOUGU-JLGFQASFNA-N,-8.029
GBA,m01,mut_s1,detail,1,75,LAZANALODSEDSE-UHFFFAOYNA-N,-8.639
GBA,m01,mut_s1,detail,1,76,RJXCYVJLXGRCHK-UHFFFAOYNA-N,-9.142
GBA,m01,mut_s1,detail,1,77,FUSKIBWHJAWEFI-IEJAXPBYNA-N,-7.74
GBA,m01,mut_s1,detail,1,78,SGWVLOCBQLQWQV-UHFFFAOYNA-N,-8.553
GBA,m01,mut_s1,detail,1,79,PPXRQTYXLZCDAZ-QWOVJGMINA-N,-9.295
GBA,m01,mut_s1,detail,1,80,DIFBADFWLVYFHV-LELJVTLKNA-N,-10.027
GBA,m01,mut_s1,detail,1,81,XREOSEVJCQGCHE-MHPMNMKGNA-N,-10.016
GBA,m01,mut_s1,detail,1,82,ZHGPKHBXSKWZEQ-UHFFFAOYNA-N,-10.17
GBA,m01,mut_s1,detail,1,83,ZFAYPJJNPSNAFK-UHFFFAOYNA-N,-10.047
GBA,m01,mut_s1,detail,1,84,LTXMRAGWIDQTQT-MYUTVWBTNA-N,-9.746
GBA,m01,mut_s1,detail,1,85,VXQHYHSSGLOALC-SPEPDGBUNA-N,-9.905
GBA,m01,mut_s1,detail,1,86,KWDSFRAWCISROF-PJQSKVNONA-N,-8.811
GBA,m01,mut_s1,detail,1,87,ZJZXSQPHUQUHIV-ZGZFQTMPNA-N,-10.377
GBA,m01,mut_s1,detail,1,88,UYHIVPBYFWVWEJ-UHFFFAOYNA-N,-10.589
GBA,m01,mut_s1,detail,1,89,PLEFJSUCKRWHBY-LNNLXFCONA-N,-8.491
GBA,m01,mut_s1,detail,1,90,DNSRQCRQLKJUCC-PDJAEHLQNA-N,-9.198
GBA,m01,mut_s1,detail,1,91,PHYKZCBUNVYJNH-YDBXFXKPNA-N,-8.082
GBA,m01,mut_s1,detail,1,92,OOUHZBUAVKCDGA-UHFFFAOYNA-N,-9.095
GBA,m01,mut_s1,detail,1,93,UUQDFZFJDFMLHW-UHFFFAOYNA-N,-8.373
GBA,m01,mut_s1,detail,1,94,OOUDDHNLDLLUOL-SKKVRFOWNA-N,-8.918
GBA,m01,mut_s1,detail,1,95,ZDMQSUAMTLXUTE-MPIMZMORNA-N,-9.169
GBA,m01,mut_s1,detail,1,96,NMPLPABDEKPABN-UHFFFAOYNA-N,-8.607
GBA,m01,mut_s1,detail,1,97,INZRHGSVWGRHBM-NPVYFSBINA-N,-10.228
GBA,m01,mut_s1,detail,1,98,RVGCWMKVTAEQIH-LNNLXFCONA-N,-10.025
GBA,m01,mut_s1,detail,1,99,VRXWKRQOVMZBAF-LJQANCHMNA-N,-9.44
GBA,m01,mut_s1,detail,1,100,QACLWOIBBYOHQP-UYBDAZJANA-N,-8.221
GBA,m01,mut_s1,detail,1,101,ZNXSZVFPCBIELQ-LNNLXFCONA-N,-8.042
GBA,m01,mut_s1,detail,1,102,GKMWCCNMKRSQHR-VEKUMTKDNA-N,-9.322
GBA,m01,mut_s1,detail,1,103,FFGUSRSMWFYKGK-SKKVRFOWNA-N,-9.139
GBA,m01,mut_s1,detail,1,104,KXBDDGKXLZBLOM-SPEPDGBUNA-N,-9.016
GBA,m01,mut_s1,detail,1,105,MIUWULAZCXYTJW-MSHHZIMBNA-N,-10.463
GBA,m01,mut_s1,detail,1,106,JPZOYWVRFLZCIC-NJNXFGOHNA-N,-10.722
GBA,m01,mut_s1,detail,1,107,FAIQTLBYDVKBAB-DVIAZDKANA-N,-9.246
GBA,m01,mut_s1,detail,1,108,APFLRZZAOXCNAZ-UHFFFAOYNA-N,-8.449
GBA,m01,mut_s1,detail,1,109,BSQLDSQTGOZBFD-UHFFFAOYNA-N,-9.068
GBA,m01,mut_s1,detail,1,110,ZVVCFJXCDATSCC-UHFFFAOYNA-N,-9.366
GBA,m01,mut_s1,detail,1,111,SKEQTXZATFWVMB-UYBDAZJANA-N,-7.791
GBA,m01,mut_s1,detail,1,112,IATWYRHDJKMBQK-MPIMZMORNA-N,-8.055
GBA,m01,mut_s1,detail,1,113,JPWOEQDCUZCWKT-MPIMZMORNA-N,-7.733
GBA,m01,mut_s1,detail,1,114,RYHSAXRBHDHPPK-PKSOQXRJNA-N,-8.945
GBA,m01,mut_s1,detail,1,115,GKKJWUFVZJJFPG-MPIMZMORNA-N,-8.227
GBA,m01,mut_s1,detail,1,116,FDNZXFDUCINVLY-BDGWVKIONA-N,-8.59
GBA,m01,mut_s1,detail,1,117,KTBYKHKWIFIFAK-UHFFFAOYNA-N,-10.189
GBA,m01,mut_s1,detail,1,118,ZRXZEWGUECXTTQ-LQFNOIFHNA-N,-10.166
GBA,m01,mut_s1,detail,1,119,XNACBBGLIAJNJM-PECIQRARNA-N,-8.463
GBA,m01,mut_s1,detail,1,120,WQZYYJRVBIQUGH-YWZOXAELNA-N,-7.248
GBA,m01,mut_s1,detail,1,121,ABMSRNRLDZVJFV-SWUIVHNENA-N,-9.376
GBA,m01,mut_s1,detail,1,122,ZEACBIUBSOLEGW-QAITUMOCNA-N,-10.932
GBA,m01,mut_s1,detail,1,123,UBFCDXVLKFOOGL-OKPOJWAQNA-N,-9.362
GBA,m01,mut_s1,detail,1,124,RRIHVAFUFDANEX-NSJMMFDCNA-N,-9.533
GBA,m01,mut_s1,detail,1,125,HASIAUWPWKTSBW-SREBMQDQNA-N,-8.731
GBA,m01,mut_s1,detail,1,126,WHBCKYHTCHCHAY-LQFNOIFHNA-N,-9.88
GBA,m01,mut_s1,detail,1,127,XMAYWYJOQHXEEK-JYFHCDHNNA-N,-9.002
GBA,m01,mut_s1,detail,1,128,TVKCFCZANTZCSU-OYRHEFFENA-N,-10.529
GBA,m01,mut_s1,detail,1,129,OJFIIUWPOHBVMH-LNNLXFCONA-N,-9.05
GBA,m01,mut_s1,detail,1,130,DKLZMGFTGWKNCD-DIRLUKLVNA-N,-10.309
GBA,m01,mut_s1,detail,1,131,PYSLGWZFRQWTDD-PWIKPTQSNA-N,-10.882
GBA,m01,mut_s1,detail,1,132,MWMBIUUYBQWKJX-QTUCRYGENA-N,-9.186
GBA,m01,mut_s1,detail,1,133,FLYQFCXTEFTSQN-UHFFFAOYNA-N,-9.631
GBA,m01,mut_s1,detail,1,134,PBIBDSDWIMZYDT-WBWGZOKWNA-N,-10.536
GBA,m01,mut_s1,detail,1,135,GSRWMFGBDLHGBU-YEFLILRRNA-N,-8.59
GBA,m01,mut_s1,detail,1,136,AYIJJQHMZAEQKE-QDAGQJSJNA-N,-11.802
GBA,m01,mut_s1,detail,1,137,JVWTZUKPDMRNDC-FSAKADSPNA-N,-9.911
GBA,m01,mut_s1,detail,1,138,XAZPLOLSRXZDBO-LBZABMTDNA-N,-9.025
GBA,m01,mut_s1,detail,1,139,RGWVFJBNHCWCTL-CFEGKOCINA-N,-9.022
GBA,m01,mut_s1,detail,1,140,YYWNRQZCPIMCAK-UHFFFAOYNA-N,-9.057
GBA,m01,mut_s1,detail,1,141,PBTZDKNKXRSZPM-XBXBPLPCNA-N,-9.497
GBA,m01,mut_s1,detail,1,142,QQPOIMHFFPBDQM-LELJVTLKNA-N,-9.929
GBA,m01,mut_s1,detail,1,143,NYFQURFFDGCBCB-MAQJPOOANA-N,-8.928
GBA,m01,mut_s1,detail,1,144,HXZVHWHABLBWBS-MTTPVDACNA-N,-11.088
GBA,m01,mut_s1,detail,1,145,IWYYSOJWYLZKLK-LELJVTLKNA-N,-8.568
GBA,m01,mut_s1,detail,1,146,HOGUCNPGZXMBGW-UHFFFAOYNA-N,-10.38
GBA,m01,mut_s1,detail,1,147,VITUDJAVASFPKN-DUFUIDNCNA-N,-9.238
GBA,m01,mut_s1,detail,1,148,IXAHDCRYEUYPBG-SCXYCHFONA-N,-11.417
GBA,m01,mut_s1,detail,1,149,JWHMEKMLAZQDNS-OZMOGHDGNA-N,-8.271
GBA,m01,mut_s1,detail,1,150,BZWNBTIJLRHNDZ-LBOYIXSDNA-N,-9.447
GBA,m01,mut_s1,detail,1,151,RECYROBESYRUML-UHFFFAOYNA-N,-11.3
GBA,m01,mut_s1,detail,1,152,MLDSJJJLQRZNKW-UHBIVWOUNA-N,-9.23
GBA,m01,mut_s1,detail,1,153,XTWIHJARHCYNFX-PHXLCVRDNA-N,-8.418
GBA,m01,mut_s1,detail,1,154,UQGFETVWTRDGKJ-UHFFFAOYNA-N,-8.61
GBA,m01,mut_s1,detail,1,155,VJFSMDWEMFOWDK-CYSPOYASNA-N,-10.911
GBA,m01,mut_s1,detail,1,156,NZYLXYBIWNIAGH-CYSPOYASNA-N,-9.881
GBA,m01,mut_s1,detail,1,157,ODXCWFOKLBJQNP-MPIMZMORNA-N,-8.573
GBA,m01,mut_s1,detail,1,158,FVDNMAPPDSKXKQ-UHFFFAOYNA-N,-11.073
GBA,m01,mut_s1,detail,1,159,DOPWMPRIRWTOOD-CCHPKIMANA-N,-9.969
GBA,m02,mut_s1,detail,1,0,URVMSYHISUZXNH-UYBDAZJANA-N,-9.422
GBA,m02,mut_s1,detail,1,1,KXRPCFINVWWFHQ-UHFFFAOYNA-N,-5.428
GBA,m02,mut_s1,detail,1,2,NICJTSHRYBTHAS-YHMJCDSINA-N,-7.676
GBA,m02,mut_s1,detail,1,3,SWRZVDTZHDWPDS-AWIDAIFANA-N,-9.299
GBA,m02,mut_s1,detail,1,4,RKNSLLSUFWWYCA-UHFFFAOYNA-N,-9.405
GBA,m02,mut_s1,detail,1,5,OZFSIKFTRRUDES-RIYZIHGNNA-N,-6.973
GBA,m02,mut_s1,detail,1,6,AAGGUCRASUJPPN-UHFFFAOYNA-N,-8.008
GBA,m02,mut_s1,detail,1,7,OYHXDPMAFYHDNG-YAQRNVERNA-N,-8.277
GBA,m02,mut_s1,detail,1,8,AWILWAIEQYZUEQ-UHFFFAOYNA-N,-7.627
GBA,m02,mut_s1,detail,1,9,WSFAXHLMQUUHQT-VMPITWQZNA-N,-8.508
GBA,m02,mut_s1,detail,1,10,WPHMTVNOXKBZKN-UHFFFAOYNA-N,-7.224
GBA,m02,mut_s1,detail,1,11,LPEIZNODGHDCCW-UHFFFAOYNA-N,-7.108
GBA,m02,mut_s1,detail,1,12,QQHWWDVSRWOHEP-LILDFLRNNA-N,-8.497
GBA,m02,mut_s1,detail,1,13,UMEVSSPGBFVQNC-UHFFFAOYNA-N,-6.283
GBA,m02,mut_s1,detail,1,14,VZDIOEKWWZRNQN-UHFFFAOYNA-N,-8.63
GBA,m02,mut_s1,detail,1,15,JEVLDOUORFAHRS-NDKGDYFDNA-N,-8.102
GBA,m02,mut_s1,detail,1,16,NFTGJNJRMWUBPG-GPQMBLKYNA-N,-7.914
GBA,m02,mut_s1,detail,1,17,UMUUTEZBWGDVDA-UHFFFAOYNA-N,-7.816
GBA,m02,mut_s1,detail,1,18,VLQKEPLNPGYNDJ-HCKMINDGNA-N,-8.151
GBA,m02,mut_s1,detail,1,19,PPMVTAATPZLMJM-CDDDEJBQNA-N,-8.846
GBA,m02,mut_s1,detail,1,20,AHLYFAKLKLMESK-YAQRNVERNA-N,-7.27
GBA,m02,mut_s1,detail,1,21,GYEJYLAGVWRSIM-KGJHZMDYNA-N,-7.82
GBA,m02,mut_s1,detail,1,22,RXVALSLAUOIYLW-UHFFFAOYNA-N,-7.259
GBA,m02,mut_s1,detail,1,23,NSELYIFATLFDOZ-JLGFQASFNA-N,-7.953
GBA,m02,mut_s1,detail,1,24,COQFBYACOHFCEC-UHFFFAOYNA-N,-7.644
GBA,m02,mut_s1,detail,1,25,CJGJXFCLDYQBFQ-YJGXKCCXNA-N,-8.548
GBA,m02,mut_s1,detail,1,26,BWNGRRJLFYHENY-INIZCTEONA-N,-7.675
GBA,m02,mut_s1,detail,1,27,BNRFXWSJKVJVOF-UYBDAZJANA-N,-8.262
GBA,m02,mut_s1,detail,1,28,DMULMZBZVBBWBY-PJZINPJWNA-N,-9.52
GBA,m02,mut_s1,detail,1,29,AXLAIGJGNKHDPO-UHFFFAOYNA-N,-7.303
GBA,m02,mut_s1,detail,1,30,RKDGAONZEPYEBT-WXRBYKJCNA-N,-8.14
GBA,m02,mut_s1,detail,1,31,MBOYDUZSCSNUQL-MBBDSNKKNA-N,-8.274
GBA,m02,mut_s1,detail,1,32,KPVDBHRTXOFQDK-YAQRNVERNA-N,-6.98
GBA,m02,mut_s1,detail,1,33,LVCNFMYUKISBSB-VJSNTGQMNA-N,-7.698
GBA,m02,mut_s1,detail,1,34,XLAHCIRKLMJUQC-DZQCGVKKNA-N,-8.732
GBA,m02,mut_s1,detail,1,35,QNYHDABGLCBJOE-SHHGZXMVNA-N,-9.053
GBA,m02,mut_s1,detail,1,36,HEKNRISBWSPMOG-OWTLIXCDNA-N,-7.49
GBA,m02,mut_s1,detail,1,37,VIRNXCRLEVZXNX-LILDFLRNNA-N,-9.839
GBA,m02,mut_s1,detail,1,38,SRTGERSEXJGDMR-UHFFFAOYNA-N,-7.046
GBA,m02,mut_s1,detail,1,39,ZGMGSSRLZJYOKH-WXRBYKJCNA-N,-7.319
GBA,m02,mut_s1,detail,1,40,VGYFDFRFGHHCDA-CUTUCBJDNA-N,-9.133
GBA,m02,mut_s1,detail,1,41,DILPMLYWQJPNLO-HCKMINDGNA-N,-9.052
GBA,m02,mut_s1,detail,1,42,RSOODJIGEVJLMK-LQFNOIFHNA-N,-9.861
GBA,m02,mut_s1,detail,1,43,OWHHWMUAYBIQPR-UHFFFAOYNA-N,-9.722
GBA,m02,mut_s1,detail,1,44,KPIKMVZJKZDOFC-UHFFFAOYNA-N,-9.925
GBA,m02,mut_s1,detail,1,45,DIKDKRUREJXLMR-DPMTXJEANA-N,-9.899
GBA,m02,mut_s1,detail,1,46,QRVJDPKQHAVBDK-UYBDAZJANA-N,-8.956
GBA,m02,mut_s1,detail,1,47,SGBSFKSDPWOALT-UYBDAZJANA-N,-8.716
GBA,m02,mut_s1,detail,1,48,CYHFRNFVZWVHCG-OTJKMEOQNA-N,-9.139
GBA,m02,mut_s1,detail,1,49,MJUDQDHXCQONOA-MPIMZMORNA-N,-8.729
GBA,m02,mut_s1,detail,1,50,RNVYRNLUUYNQAS-PKSOQXRJNA-N,-8.279
GBA,m02,mut_s1,detail,1,51,DLZXOZYETDVJEB-QWOVJGMINA-N,-7.403
GBA,m02,mut_s1,detail,1,52,HSICVZRDGBJSEL-GPQMBLKYNA-N,-9.26
GBA,m02,mut_s1,detail,1,53,HMRUHHFLIMYEAF-QNGOCPJXNA-N,-8.383
GBA,m02,mut_s1,detail,1,54,ZZOWQPSBJUXHCA-YSPRVCGUNA-N,-9.819
GBA,m02,mut_s1,detail,1,55,WDDJLHOUFWSQSV-UHFFFAOYNA-N,-9.393
GBA,m02,mut_s1,detail,1,56,UKLIIGXGTPSYBF-IBCWCQIKNA-N,-9.255
GBA,m02,mut_s1,detail,1,57,LNPOBRXJZYGQMS-MOHJPFBDNA-N,-9.328
GBA,m02,mut_s1,detail,1,58,FYILBFPPKIZBTO-UHFFFAOYNA-N,-7.991
GBA,m02,mut_s1,detail,1,59,MIKIJFODTJGFDI-LILDFLRNNA-N,-8.421
GBA,m02,mut_s1,detail,1,60,RUWCNSLWWCWTSU-LILDFLRNNA-N,-9.756
GBA,m02,mut_s1,detail,1,61,KLQWCHKIQJHYIB-UHFFFAOYNA-N,-10.101
GBA,m02,mut_s1,detail,1,62,QKAWGENQCGFAOE-NPVYFSBINA-N,-8.578
GBA,m02,mut_s1,detail,1,63,KGOKCBRZBBEYBE-MMRXBHCZNA-N,-10.207
GBA,m02,mut_s1,detail,1,64,ROFRXCLSWKEWTN-UHFFFAOYNA-N,-8.125
GBA,m02,mut_s1,detail,1,65,AKRMJNKLSCBEME-FPYGCLRLNA-N,-8.157
GBA,m02,mut_s1,detail,1,66,LCGJUJZLLYTYIF-XMFFZCEENA-N,-8.025
GBA,m02,mut_s1,detail,1,67,FREQNFSEYLEFOI-QRCVEOAVNA-N,-8.309
GBA,m02,mut_s1,detail,1,68,MHMINAYLMNBGSM-UHFFFAOYNA-N,-7.733
GBA,m02,mut_s1,detail,1,69,SYMNTBHEGHFZMV-UHFFFAOYNA-N,-8.139
GBA,m02,mut_s1,detail,1,70,NNCRWGMPCGSKOO-LILDFLRNNA-N,-8.447
GBA,m02,mut_s1,detail,1,71,ZCRRNCCNJMRGFI-UHFFFAOYNA-N,-9.401
GBA,m02,mut_s1,detail,1,72,PYVZEIBGEUQNQQ-UHFFFAOYNA-N,-8.982
GBA,m02,mut_s1,detail,1,73,OROJQWVRCGJACT-XBTAAFKLNA-N,-10.198
GBA,m02,mut_s1,detail,1,74,TXYUWXKCUDOUGU-JLGFQASFNA-N,-8.512
GBA,m02,mut_s1,detail,1,75,LAZANALODSEDSE-UHFFFAOYNA-N,-8.561
GBA,m02,mut_s1,detail,1,76,RJXCYVJLXGRCHK-UHFFFAOYNA-N,-10.202
GBA,m02,mut_s1,detail,1,77,FUSKIBWHJAWEFI-IEJAXPBYNA-N,-8.882
GBA,m02,mut_s1,detail,1,78,SGWVLOCBQLQWQV-UHFFFAOYNA-N,-9.175
GBA,m02,mut_s1,detail,1,79,PPXRQTYXLZCDAZ-QWOVJGMINA-N,-9.625
GBA,m02,mut_s1,detail,1,80,DIFBADFWLVYFHV-LELJVTLKNA-N,-9.766
GBA,m02,mut_s1,detail,1,81,XREOSEVJCQGCHE-MHPMNMKGNA-N,-9.797
GBA,m02,mut_s1,detail,1,82,ZHGPKHBXSKWZEQ-UHFFFAOYNA-N,-8.901
GBA,m02,mut_s1,detail,1,83,ZFAYPJJNPSNAFK-UHFFFAOYNA-N,-10.296
GBA,m02,mut_s1,detail,1,84,LTXMRAGWIDQTQT-MYUTVWBTNA-N,-10.275
GBA,m02,mut_s1,detail,1,85,VXQHYHSSGLOALC-SPEPDGBUNA-N,-10.421
GBA,m02,mut_s1,detail,1,86,KWDSFRAWCISROF-PJQSKVNONA-N,-9.882
GBA,m02,mut_s1,detail,1,87,ZJZXSQPHUQUHIV-ZGZFQTMPNA-N,-10.157
GBA,m02,mut_s1,detail,1,88,UYHIVPBYFWVWEJ-UHFFFAOYNA-N,-10.91
GBA,m02,mut_s1,detail,1,89,PLEFJSUCKRWHBY-LNNLXFCONA-N,-9.078
GBA,m02,mut_s1,detail,1,90,DNSRQCRQLKJUCC-PDJAEHLQNA-N,-9.318
GBA,m02,mut_s1,detail,1,91,PHYKZCBUNVYJNH-YDBXFXKPNA-N,-7.989
GBA,m02,mut_s1,detail,1,92,OOUHZBUAVKCDGA-UHFFFAOYNA-N,-10.007
GBA,m02,mut_s1,detail,1,93,UUQDFZFJDFMLHW-UHFFFAOYNA-N,-8.946
GBA,m02,mut_s1,detail,1,94,OOUDDHNLDLLUOL-SKKVRFOWNA-N,-10.326
GBA,m02,mut_s1,detail,1,95,ZDMQSUAMTLXUTE-MPIMZMORNA-N,-9.904
GBA,m02,mut_s1,detail,1,96,NMPLPABDEKPABN-UHFFFAOYNA-N,-10.03
GBA,m02,mut_s1,detail,1,97,INZRHGSVWGRHBM-NPVYFSBINA-N,-9.942
GBA,m02,mut_s1,detail,1,98,RVGCWMKVTAEQIH-LNNLXFCONA-N,-10.017
GBA,m02,mut_s1,detail,1,99,VRXWKRQOVMZBAF-LJQANCHMNA-N,-9.379
GBA,m02,mut_s1,detail,1,100,QACLWOIBBYOHQP-UYBDAZJANA-N,-9.549
GBA,m02,mut_s1,detail,1,101,ZNXSZVFPCBIELQ-LNNLXFCONA-N,-9.032
GBA,m02,mut_s1,detail,1,102,GKMWCCNMKRSQHR-VEKUMTKDNA-N,-9.565
GBA,m02,mut_s1,detail,1,103,FFGUSRSMWFYKGK-SKKVRFOWNA-N,-9.236
GBA,m02,mut_s1,detail,1,104,KXBDDGKXLZBLOM-SPEPDGBUNA-N,-8.796
GBA,m02,mut_s1,detail,1,105,MIUWULAZCXYTJW-MSHHZIMBNA-N,-10.07
GBA,m02,mut_s1,detail,1,106,JPZOYWVRFLZCIC-NJNXFGOHNA-N,-10.362
GBA,m02,mut_s1,detail,1,107,FAIQTLBYDVKBAB-DVIAZDKANA-N,-9.744
GBA,m02,mut_s1,detail,1,108,APFLRZZAOXCNAZ-UHFFFAOYNA-N,-7.525
GBA,m02,mut_s1,detail,1,109,BSQLDSQTGOZBFD-UHFFFAOYNA-N,-9.09
GBA,m02,mut_s1,detail,1,110,ZVVCFJXCDATSCC-UHFFFAOYNA-N,-9.622
GBA,m02,mut_s1,detail,1,111,SKEQTXZATFWVMB-UYBDAZJANA-N,-8.383
GBA,m02,mut_s1,detail,1,112,IATWYRHDJKMBQK-MPIMZMORNA-N,-8.414
GBA,m02,mut_s1,detail,1,113,JPWOEQDCUZCWKT-MPIMZMORNA-N,-8.542
GBA,m02,mut_s1,detail,1,114,RYHSAXRBHDHPPK-PKSOQXRJNA-N,-9.511
GBA,m02,mut_s1,detail,1,115,GKKJWUFVZJJFPG-MPIMZMORNA-N,-9.867
GBA,m02,mut_s1,detail,1,116,FDNZXFDUCINVLY-BDGWVKIONA-N,-9.136
GBA,m02,mut_s1,detail,1,117,KTBYKHKWIFIFAK-UHFFFAOYNA-N,-10.681
GBA,m02,mut_s1,detail,1,118,ZRXZEWGUECXTTQ-LQFNOIFHNA-N,-9.712
GBA,m02,mut_s1,detail,1,119,XNACBBGLIAJNJM-PECIQRARNA-N,-8.786
GBA,m02,mut_s1,detail,1,120,WQZYYJRVBIQUGH-YWZOXAELNA-N,-9.195
GBA,m02,mut_s1,detail,1,121,ABMSRNRLDZVJFV-SWUIVHNENA-N,-9.574
GBA,m02,mut_s1,detail,1,122,ZEACBIUBSOLEGW-QAITUMOCNA-N,-11.755
GBA,m02,mut_s1,detail,1,123,UBFCDXVLKFOOGL-OKPOJWAQNA-N,-9.342
GBA,m02,mut_s1,detail,1,124,RRIHVAFUFDANEX-NSJMMFDCNA-N,-9.863
GBA,m02,mut_s1,detail,1,125,HASIAUWPWKTSBW-SREBMQDQNA-N,-9.494
GBA,m02,mut_s1,detail,1,126,WHBCKYHTCHCHAY-LQFNOIFHNA-N,-10.314
GBA,m02,mut_s1,detail,1,127,XMAYWYJOQHXEEK-JYFHCDHNNA-N,-10.409
GBA,m02,mut_s1,detail,1,128,TVKCFCZANTZCSU-OYRHEFFENA-N,-10.284
GBA,m02,mut_s1,detail,1,129,OJFIIUWPOHBVMH-LNNLXFCONA-N,-9.465
GBA,m02,mut_s1,detail,1,130,DKLZMGFTGWKNCD-DIRLUKLVNA-N,-10.545
GBA,m02,mut_s1,detail,1,131,PYSLGWZFRQWTDD-PWIKPTQSNA-N,-11.107
GBA,m02,mut_s1,detail,1,132,MWMBIUUYBQWKJX-QTUCRYGENA-N,-9.767
GBA,m02,mut_s1,detail,1,133,FLYQFCXTEFTSQN-UHFFFAOYNA-N,-9.423
GBA,m02,mut_s1,detail,1,134,PBIBDSDWIMZYDT-WBWGZOKWNA-N,-9.19
GBA,m02,mut_s1,detail,1,135,GSRWMFGBDLHGBU-YEFLILRRNA-N,-9.187
GBA,m02,mut_s1,detail,1,136,AYIJJQHMZAEQKE-QDAGQJSJNA-N,-9.752
GBA,m02,mut_s1,detail,1,137,JVWTZUKPDMRNDC-FSAKADSPNA-N,-10.096
GBA,m02,mut_s1,detail,1,138,XAZPLOLSRXZDBO-LBZABMTDNA-N,-8.929
GBA,m02,mut_s1,detail,1,139,RGWVFJBNHCWCTL-CFEGKOCINA-N,-9.969
GBA,m02,mut_s1,detail,1,140,YYWNRQZCPIMCAK-UHFFFAOYNA-N,-8.553
GBA,m02,mut_s1,detail,1,141,PBTZDKNKXRSZPM-XBXBPLPCNA-N,-10.7
GBA,m02,mut_s1,detail,1,142,QQPOIMHFFPBDQM-LELJVTLKNA-N,-10.023
GBA,m02,mut_s1,detail,1,143,NYFQURFFDGCBCB-MAQJPOOANA-N,-8.206
GBA,m02,mut_s1,detail,1,144,HXZVHWHABLBWBS-MTTPVDACNA-N,-11.755
GBA,m02,mut_s1,detail,1,145,IWYYSOJWYLZKLK-LELJVTLKNA-N,-9.947
GBA,m02,mut_s1,detail,1,146,HOGUCNPGZXMBGW-UHFFFAOYNA-N,-10.73
GBA,m02,mut_s1,detail,1,147,VITUDJAVASFPKN-DUFUIDNCNA-N,-9.825
GBA,m02,mut_s1,detail,1,148,IXAHDCRYEUYPBG-SCXYCHFONA-N,-12.005
GBA,m02,mut_s1,detail,1,149,JWHMEKMLAZQDNS-OZMOGHDGNA-N,-9.855
GBA,m02,mut_s1,detail,1,150,BZWNBTIJLRHNDZ-LBOYIXSDNA-N,-10.159
GBA,m02,mut_s1,detail,1,151,RECYROBESYRUML-UHFFFAOYNA-N,-11.905
GBA,m02,mut_s1,detail,1,152,MLDSJJJLQRZNKW-UHBIVWOUNA-N,-10.786
GBA,m02,mut_s1,detail,1,153,XTWIHJARHCYNFX-PHXLCVRDNA-N,-9.201
GBA,m02,mut_s1,detail,1,154,UQGFETVWTRDGKJ-UHFFFAOYNA-N,-9.223
GBA,m02,mut_s1,detail,1,155,VJFSMDWEMFOWDK-CYSPOYASNA-N,-9.951
GBA,m02,mut_s1,detail,1,156,NZYLXYBIWNIAGH-CYSPOYASNA-N,-10.936
GBA,m02,mut_s1,detail,1,157,ODXCWFOKLBJQNP-MPIMZMORNA-N,-8.58
GBA,m02,mut_s1,detail,1,158,FVDNMAPPDSKXKQ-UHFFFAOYNA-N,-11.207
GBA,m02,mut_s1,detail,1,159,DOPWMPRIRWTOOD-CCHPKIMANA-N,-10.765
GBA,m03,mut_s1,detail,1,0,URVMSYHISUZXNH-UYBDAZJANA-N,-8.316
GBA,m03,mut_s1,detail,1,1,KXRPCFINVWWFHQ-UHFFFAOYNA-N,-5.435
GBA,m03,mut_s1,detail,1,2,NICJTSHRYBTHAS-YHMJCDSINA-N,-7.361
GBA,m03,mut_s1,detail,1,3,SWRZVDTZHDWPDS-AWIDAIFANA-N,-8.512
GBA,m03,mut_s1,detail,1,4,RKNSLLSUFWWYCA-UHFFFAOYNA-N,-8.738
GBA,m03,mut_s1,detail,1,5,OZFSIKFTRRUDES-RIYZIHGNNA-N,-6.602
GBA,m03,mut_s1,detail,1,6,AAGGUCRASUJPPN-UHFFFAOYNA-N,-7.941
GBA,m03,mut_s1,detail,1,7,OYHXDPMAFYHDNG-YAQRNVERNA-N,-7.45
GBA,m03,mut_s1,detail,1,8,AWILWAIEQYZUEQ-UHFFFAOYNA-N,-6.732
GBA,m03,mut_s1,detail,1,9,WSFAXHLMQUUHQT-VMPITWQZNA-N,-7.706
GBA,m03,mut_s1,detail,1,10,WPHMTVNOXKBZKN-UHFFFAOYNA-N,-6.65
GBA,m03,mut_s1,detail,1,11,LPEIZNODGHDCCW-UHFFFAOYNA-N,-7.298
GBA,m03,mut_s1,detail,1,12,QQHWWDVSRWOHEP-LILDFLRNNA-N,-8.462
GBA,m03,mut_s1,detail,1,13,UMEVSSPGBFVQNC-UHFFFAOYNA-N,-6.179
GBA,m03,mut_s1,detail,1,14,VZDIOEKWWZRNQN-UHFFFAOYNA-N,-8.136
GBA,m03,mut_s1,detail,1,15,JEVLDOUORFAHRS-NDKGDYFDNA-N,-6.655
GBA,m03,mut_s1,detail,1,16,NFTGJNJRMWUBPG-GPQMBLKYNA-N,-7.297
GBA,m03,mut_s1,detail,1,17,UMUUTEZBWGDVDA-UHFFFAOYNA-N,-7.423
GBA,m03,mut_s1,detail,1,18,VLQKEPLNPGYNDJ-HCKMINDGNA-N,-7.34
GBA,m03,mut_s1,detail,1,19,PPMVTAATPZLMJM-CDDDEJBQNA-N,-7.689
GBA,m03,mut_s1,detail,1,20,AHLYFAKLKLMESK-YAQRNVERNA-N,-6.845
GBA,m03,mut_s1,detail,1,21,GYEJYLAGVWRSIM-KGJHZMDYNA-N,-7.616
GBA,m03,mut_s1,detail,1,22,RXVALSLAUOIYLW-UHFFFAOYNA-N,-7.581
GBA,m03,mut_s1,detail,1,23,NSELYIFATLFDOZ-JLGFQASFNA-N,-7.695
GBA,m03,mut_s1,detail,1,24,COQFBYACOHFCEC-UHFFFAOYNA-N,-7.53
GBA,m03,mut_s1,detail,1,25,CJGJXFCLDYQBFQ-YJGXKCCXNA-N,-8.051
GBA,m03,mut_s1,detail,1,26,BWNGRRJLFYHENY-INIZCTEONA-N,-6.958
GBA,m03,mut_s1,detail,1,27,BNRFXWSJKVJVOF-UYBDAZJANA-N,-8.705
GBA,m03,mut_s1,detail,1,28,DMULMZBZVBBWBY-PJZINPJWNA-N,-8.194
GBA,m03,mut_s1,detail,1,29,AXLAIGJGNKHDPO-UHFFFAOYNA-N,-6.678
GBA,m03,mut_s1,detail,1,30,RKDGAONZEPYEBT-WXRBYKJCNA-N,-7.608
GBA,m03,mut_s1,detail,1,31,MBOYDUZSCSNUQL-MBBDSNKKNA-N,-7.971
GBA,m03,mut_s1,detail,1,32,KPVDBHRTXOFQDK-YAQRNVERNA-N,-6.979
GBA,m03,mut_s1,detail,1,33,LVCNFMYUKISBSB-VJSNTGQMNA-N,-6.953
GBA,m03,mut_s1,detail,1,34,XLAHCIRKLMJUQC-DZQCGVKKNA-N,-8.829
GBA,m03,mut_s1,detail,1,35,QNYHDABGLCBJOE-SHHGZXMVNA-N,-8.064
GBA,m03,mut_s1,detail,1,36,HEKNRISBWSPMOG-OWTLIXCDNA-N,-7.548
GBA,m03,mut_s1,detail,1,37,VIRNXCRLEVZXNX-LILDFLRNNA-N,-9.042
GBA,m03,mut_s1,detail,1,38,SRTGERSEXJGDMR-UHFFFAOYNA-N,-6.613
GBA,m03,mut_s1,detail,1,39,ZGMGSSRLZJYOKH-WXRBYKJCNA-N,-7.117
GBA,m03,mut_s1,detail,1,40,VGYFDFRFGHHCDA-CUTUCBJDNA-N,-8.612
GBA,m03,mut_s1,detail,1,41,DILPMLYWQJPNLO-HCKMINDGNA-N,-7.823
GBA,m03,mut_s1,detail,1,42,RSOODJIGEVJLMK-LQFNOIFHNA-N,-8.487
GBA,m03,mut_s1,detail,1,43,OWHHWMUAYBIQPR-UHFFFAOYNA-N,-8.49
GBA,m03,mut_s1,detail,1,44,KPIKMVZJKZDOFC-UHFFFAOYNA-N,-9.378
GBA,m03,mut_s1,detail,1,45,DIKDKRUREJXLMR-DPMTXJEANA-N,-8.85
GBA,m03,mut_s1,detail,1,46,QRVJDPKQHAVBDK-UYBDAZJANA-N,-7.414
GBA,m03,mut_s1,detail,1,47,SGBSFKSDPWOALT-UYBDAZJANA-N,-7.791
GBA,m03,mut_s1,detail,1,48,CYHFRNFVZWVHCG-OTJKMEOQNA-N,-8.55
GBA,m03,mut_s1,detail,1,49,MJUDQDHXCQONOA-MPIMZMORNA-N,-8.808
GBA,m03,mut_s1,detail,1,50,RNVYRNLUUYNQAS-PKSOQXRJNA-N,-8.278
GBA,m03,mut_s1,detail,1,51,DLZXOZYETDVJEB-QWOVJGMINA-N,-7.443
GBA,m03,mut_s1,detail,1,52,HSICVZRDGBJSEL-GPQMBLKYNA-N,-8.069
GBA,m03,mut_s1,detail,1,53,HMRUHHFLIMYEAF-QNGOCPJXNA-N,-7.626
GBA,m03,mut_s1,detail,1,54,ZZOWQPSBJUXHCA-YSPRVCGUNA-N,-8.21
GBA,m03,mut_s1,detail,1,55,WDDJLHOUFWSQSV-UHFFFAOYNA-N,-9.39
GBA,m03,mut_s1,detail,1,56,UKLIIGXGTPSYBF-IBCWCQIKNA-N,-8.451
GBA,m03,mut_s1,detail,1,57,LNPOBRXJZYGQMS-MOHJPFBDNA-N,-8.646
GBA,m03,mut_s1,detail,1,58,FYILBFPPKIZBTO-UHFFFAOYNA-N,-7.916
GBA,m03,mut_s1,detail,1,59,MIKIJFODTJGFDI-LILDFLRNNA-N,-7.756
GBA,m03,mut_s1,detail,1,60,RUWCNSLWWCWTSU-LILDFLRNNA-N,-9.034
GBA,m03,mut_s1,detail,1,61,KLQWCHKIQJHYIB-UHFFFAOYNA-N,-9.372
GBA,m03,mut_s1,detail,1,62,QKAWGENQCGFAOE-NPVYFSBINA-N,-7.428
GBA,m03,mut_s1,detail,1,63,KGOKCBRZBBEYBE-MMRXBHCZNA-N,-9.57
GBA,m03,mut_s1,detail,1,64,ROFRXCLSWKEWTN-UHFFFAOYNA-N,-8.162
GBA,m03,mut_s1,detail,1,65,AKRMJNKLSCBEME-FPYGCLRLNA-N,-6.562
GBA,m03,mut_s1,detail,1,66,LCGJUJZLLYTYIF-XMFFZCEENA-N,-7.52
GBA,m03,mut_s1,detail,1,67,FREQNFSEYLEFOI-QRCVEOAVNA-N,-7.803
GBA,m03,mut_s1,detail,1,68,MHMINAYLMNBGSM-UHFFFAOYNA-N,-8.406
GBA,m03,mut_s1,detail,1,69,SYMNTBHEGHFZMV-UHFFFAOYNA-N,-7.688
GBA,m03,mut_s1,detail,1,70,NNCRWGMPCGSKOO-LILDFLRNNA-N,-7.601
GBA,m03,mut_s1,detail,1,71,ZCRRNCCNJMRGFI-UHFFFAOYNA-N,-8.849
GBA,m03,mut_s1,detail,1,72,PYVZEIBGEUQNQQ-UHFFFAOYNA-N,-9.118
GBA,m03,mut_s1,detail,1,73,OROJQWVRCGJACT-XBTAAFKLNA-N,-9.288
GBA,m03,mut_s1,detail,1,74,TXYUWXKCUDOUGU-JLGFQASFNA-N,-7.412
GBA,m03,mut_s1,detail,1,75,LAZANALODSEDSE-UHFFFAOYNA-N,-8.624
GBA,m03,mut_s1,detail,1,76,RJXCYVJLXGRCHK-UHFFFAOYNA-N,-9.715
GBA,m03,mut_s1,detail,1,77,FUSKIBWHJAWEFI-IEJAXPBYNA-N,-7.694
GBA,m03,mut_s1,detail,1,78,SGWVLOCBQLQWQV-UHFFFAOYNA-N,-8.361
GBA,m03,mut_s1,detail,1,79,PPXRQTYXLZCDAZ-QWOVJGMINA-N,-8.868
GBA,m03,mut_s1,detail,1,80,DIFBADFWLVYFHV-LELJVTLKNA-N,-9.022
GBA,m03,mut_s1,detail,1,81,XREOSEVJCQGCHE-MHPMNMKGNA-N,-9.413
GBA,m03,mut_s1,detail,1,82,ZHGPKHBXSKWZEQ-UHFFFAOYNA-N,-9.464
GBA,m03,mut_s1,detail,1,83,ZFAYPJJNPSNAFK-UHFFFAOYNA-N,-9.073
GBA,m03,mut_s1,detail,1,84,LTXMRAGWIDQTQT-MYUTVWBTNA-N,-9.865
GBA,m03,mut_s1,detail,1,85,VXQHYHSSGLOALC-SPEPDGBUNA-N,-9.801
GBA,m03,mut_s1,detail,1,86,KWDSFRAWCISROF-PJQSKVNONA-N,-8.698
GBA,m03,mut_s1,detail,1,87,ZJZXSQPHUQUHIV-ZGZFQTMPNA-N,-9.939
GBA,m03,mut_s1,detail,1,88,UYHIVPBYFWVWEJ-UHFFFAOYNA-N,-10.425
GBA,m03,mut_s1,detail,1,89,PLEFJSUCKRWHBY-LNNLXFCONA-N,-8.845
GBA,m03,mut_s1,detail,1,90,DNSRQCRQLKJUCC-PDJAEHLQNA-N,-8.838
GBA,m03,mut_s1,detail,1,91,PHYKZCBUNVYJNH-YDBXFXKPNA-N,-7.42
GBA,m03,mut_s1,detail,1,92,OOUHZBUAVKCDGA-UHFFFAOYNA-N,-8.883
GBA,m03,mut_s1,detail,1,93,UUQDFZFJDFMLHW-UHFFFAOYNA-N,-8.112
GBA,m03,mut_s1,detail,1,94,OOUDDHNLDLLUOL-SKKVRFOWNA-N,-9.667
GBA,m03,mut_s1,detail,1,95,ZDMQSUAMTLXUTE-MPIMZMORNA-N,-9.249
GBA,m03,mut_s1,detail,1,96,NMPLPABDEKPABN-UHFFFAOYNA-N,-8.854
GBA,m03,mut_s1,detail,1,97,INZRHGSVWGRHBM-NPVYFSBINA-N,-9.615
GBA,m03,mut_s1,detail,1,98,RVGCWMKVTAEQIH-LNNLXFCONA-N,-8.877
GBA,m03,mut_s1,detail,1,99,VRXWKRQOVMZBAF-LJQANCHMNA-N,-8.502
GBA,m03,mut_s1,detail,1,100,QACLWOIBBYOHQP-UYBDAZJANA-N,-8.182
GBA,m03,mut_s1,detail,1,101,ZNXSZVFPCBIELQ-LNNLXFCONA-N,-9.04
GBA,m03,mut_s1,detail,1,102,GKMWCCNMKRSQHR-VEKUMTKDNA-N,-10.294
GBA,m03,mut_s1,detail,1,103,FFGUSRSMWFYKGK-SKKVRFOWNA-N,-9.272
GBA,m03,mut_s1,detail,1,104,KXBDDGKXLZBLOM-SPEPDGBUNA-N,-8.364
GBA,m03,mut_s1,detail,1,105,MIUWULAZCXYTJW-MSHHZIMBNA-N,-10.353
GBA,m03,mut_s1,detail,1,106,JPZOYWVRFLZCIC-NJNXFGOHNA-N,-10.579
GBA,m03,mut_s1,detail,1,107,FAIQTLBYDVKBAB-DVIAZDKANA-N,-9.186
GBA,m03,mut_s1,detail,1,108,APFLRZZAOXCNAZ-UHFFFAOYNA-N,-8.45
GBA,m03,mut_s1,detail,1,109,BSQLDSQTGOZBFD-UHFFFAOYNA-N,-9.0
GBA,m03,mut_s1,detail,1,110,ZVVCFJXCDATSCC-UHFFFAOYNA-N,-8.783
GBA,m03,mut_s1,detail,1,111,SKEQTXZATFWVMB-UYBDAZJANA-N,-7.459
GBA,m03,mut_s1,detail,1,112,IATWYRHDJKMBQK-MPIMZMORNA-N,-7.351
GBA,m03,mut_s1,detail,1,113,JPWOEQDCUZCWKT-MPIMZMORNA-N,-7.188
GBA,m03,mut_s1,detail,1,114,RYHSAXRBHDHPPK-PKSOQXRJNA-N,-7.804
GBA,m03,mut_s1,detail,1,115,GKKJWUFVZJJFPG-MPIMZMORNA-N,-8.717
GBA,m03,mut_s1,detail,1,116,FDNZXFDUCINVLY-BDGWVKIONA-N,-7.913
GBA,m03,mut_s1,detail,1,117,KTBYKHKWIFIFAK-UHFFFAOYNA-N,-9.843
GBA,m03,mut_s1,detail,1,118,ZRXZEWGUECXTTQ-LQFNOIFHNA-N,-9.709
GBA,m03,mut_s1,detail,1,119,XNACBBGLIAJNJM-PECIQRARNA-N,-8.196
GBA,m03,mut_s1,detail,1,120,WQZYYJRVBIQUGH-YWZOXAELNA-N,-7.3
GBA,m03,mut_s1,detail,1,121,ABMSRNRLDZVJFV-SWUIVHNENA-N,-8.923
GBA,m03,mut_s1,detail,1,122,ZEACBIUBSOLEGW-QAITUMOCNA-N,-10.261
GBA,m03,mut_s1,detail,1,123,UBFCDXVLKFOOGL-OKPOJWAQNA-N,-9.28
GBA,m03,mut_s1,detail,1,124,RRIHVAFUFDANEX-NSJMMFDCNA-N,-9.154
GBA,m03,mut_s1,detail,1,125,HASIAUWPWKTSBW-SREBMQDQNA-N,-9.197
GBA,m03,mut_s1,detail,1,126,WHBCKYHTCHCHAY-LQFNOIFHNA-N,-9.95
GBA,m03,mut_s1,detail,1,127,XMAYWYJOQHXEEK-JYFHCDHNNA-N,-9.754
GBA,m03,mut_s1,detail,1,128,TVKCFCZANTZCSU-OYRHEFFENA-N,-10.554
GBA,m03,mut_s1,detail,1,129,OJFIIUWPOHBVMH-LNNLXFCONA-N,-8.447
GBA,m03,mut_s1,detail,1,130,DKLZMGFTGWKNCD-DIRLUKLVNA-N,-9.6
GBA,m03,mut_s1,detail,1,131,PYSLGWZFRQWTDD-PWIKPTQSNA-N,-10.06
GBA,m03,mut_s1,detail,1,132,MWMBIUUYBQWKJX-QTUCRYGENA-N,-8.74
GBA,m03,mut_s1,detail,1,133,FLYQFCXTEFTSQN-UHFFFAOYNA-N,-9.057
GBA,m03,mut_s1,detail,1,134,PBIBDSDWIMZYDT-WBWGZOKWNA-N,-10.392
GBA,m03,mut_s1,detail,1,135,GSRWMFGBDLHGBU-YEFLILRRNA-N,-7.819
GBA,m03,mut_s1,detail,1,136,AYIJJQHMZAEQKE-QDAGQJSJNA-N,-10.786
GBA,m03,mut_s1,detail,1,137,JVWTZUKPDMRNDC-FSAKADSPNA-N,-10.343
GBA,m03,mut_s1,detail,1,138,XAZPLOLSRXZDBO-LBZABMTDNA-N,-9.248
GBA,m03,mut_s1,detail,1,139,RGWVFJBNHCWCTL-CFEGKOCINA-N,-8.79
GBA,m03,mut_s1,detail,1,140,YYWNRQZCPIMCAK-UHFFFAOYNA-N,-9.614
GBA,m03,mut_s1,detail,1,141,PBTZDKNKXRSZPM-XBXBPLPCNA-N,-9.484
GBA,m03,mut_s1,detail,1,142,QQPOIMHFFPBDQM-LELJVTLKNA-N,-9.904
GBA,m03,mut_s1,detail,1,143,NYFQURFFDGCBCB-MAQJPOOANA-N,-8.689
GBA,m03,mut_s1,detail,1,144,HXZVHWHABLBWBS-MTTPVDACNA-N,-11.152
GBA,m03,mut_s1,detail,1,145,IWYYSOJWYLZKLK-LELJVTLKNA-N,-8.452
GBA,m03,mut_s1,detail,1,146,HOGUCNPGZXMBGW-UHFFFAOYNA-N,-6.892
GBA,m03,mut_s1,detail,1,147,VITUDJAVASFPKN-DUFUIDNCNA-N,-9.449
GBA,m03,mut_s1,detail,1,148,IXAHDCRYEUYPBG-SCXYCHFONA-N,-11.541
GBA,m03,mut_s1,detail,1,149,JWHMEKMLAZQDNS-OZMOGHDGNA-N,-8.104
GBA,m03,mut_s1,detail,1,150,BZWNBTIJLRHNDZ-LBOYIXSDNA-N,-9.229
GBA,m03,mut_s1,detail,1,151,RECYROBESYRUML-UHFFFAOYNA-N,-10.806
GBA,m03,mut_s1,detail,1,152,MLDSJJJLQRZNKW-UHBIVWOUNA-N,-10.22
GBA,m03,mut_s1,detail,1,153,XTWIHJARHCYNFX-PHXLCVRDNA-N,-8.293
GBA,m03,mut_s1,detail,1,154,UQGFETVWTRDGKJ-UHFFFAOYNA-N,-8.767
GBA,m03,mut_s1,detail,1,155,VJFSMDWEMFOWDK-CYSPOYASNA-N,-10.909
GBA,m03,mut_s1,detail,1,156,NZYLXYBIWNIAGH-CYSPOYASNA-N,-9.579
GBA,m03,mut_s1,detail,1,157,ODXCWFOKLBJQNP-MPIMZMORNA-N,-8.457
GBA,m03,mut_s1,detail,1,158,FVDNMAPPDSKXKQ-UHFFFAOYNA-N,-10.953
GBA,m03,mut_s1,detail,1,159,DOPWMPRIRWTOOD-CCHPKIMANA-N,-10.185
GBA,m04,mut_s1,detail,1,0,URVMSYHISUZXNH-UYBDAZJANA-N,-8.193
GBA,m04,mut_s1,detail,1,1,KXRPCFINVWWFHQ-UHFFFAOYNA-N,-5.425
GBA,m04,mut_s1,detail,1,2,NICJTSHRYBTHAS-YHMJCDSINA-N,-7.053
GBA,m04,mut_s1,detail,1,3,SWRZVDTZHDWPDS-AWIDAIFANA-N,-9.327
GBA,m04,mut_s1,detail,1,4,RKNSLLSUFWWYCA-UHFFFAOYNA-N,-8.598
GBA,m04,mut_s1,detail,1,5,OZFSIKFTRRUDES-RIYZIHGNNA-N,-6.506
GBA,m04,mut_s1,detail,1,6,AAGGUCRASUJPPN-UHFFFAOYNA-N,-7.521
GBA,m04,mut_s1,detail,1,7,OYHXDPMAFYHDNG-YAQRNVERNA-N,-7.687
GBA,m04,mut_s1,detail,1,8,AWILWAIEQYZUEQ-UHFFFAOYNA-N,-5.936
GBA,m04,mut_s1,detail,1,9,WSFAXHLMQUUHQT-VMPITWQZNA-N,-7.235
GBA,m04,mut_s1,detail,1,10,WPHMTVNOXKBZKN-UHFFFAOYNA-N,-6.746
GBA,m04,mut_s1,detail,1,11,LPEIZNODGHDCCW-UHFFFAOYNA-N,-7.324
GBA,m04,mut_s1,detail,1,12,QQHWWDVSRWOHEP-LILDFLRNNA-N,-7.822
GBA,m04,mut_s1,detail,1,13,UMEVSSPGBFVQNC-UHFFFAOYNA-N,-6.195
GBA,m04,mut_s1,detail,1,14,VZDIOEKWWZRNQN-UHFFFAOYNA-N,-8.202
GBA,m04,mut_s1,detail,1,15,JEVLDOUORFAHRS-NDKGDYFDNA-N,-7.073
GBA,m04,mut_s1,detail,1,16,NFTGJNJRMWUBPG-GPQMBLKYNA-N,-7.329
GBA,m04,mut_s1,detail,1,17,UMUUTEZBWGDVDA-UHFFFAOYNA-N,-7.432
GBA,m04,mut_s1,detail,1,18,VLQKEPLNPGYNDJ-HCKMINDGNA-N,-7.331
GBA,m04,mut_s1,detail,1,19,PPMVTAATPZLMJM-CDDDEJBQNA-N,-7.852
GBA,m04,mut_s1,detail,1,20,AHLYFAKLKLMESK-YAQRNVERNA-N,-6.812
GBA,m04,mut_s1,detail,1,21,GYEJYLAGVWRSIM-KGJHZMDYNA-N,-7.64
GBA,m04,mut_s1,detail,1,22,RXVALSLAUOIYLW-UHFFFAOYNA-N,-7.691
GBA,m04,mut_s1,detail,1,23,NSELYIFATLFDOZ-JLGFQASFNA-N,-7.128
GBA,m04,mut_s1,detail,1,24,COQFBYACOHFCEC-UHFFFAOYNA-N,-6.928
GBA,m04,mut_s1,detail,1,25,CJGJXFCLDYQBFQ-YJGXKCCXNA-N,-7.865
GBA,m04,mut_s1,detail,1,26,BWNGRRJLFYHENY-INIZCTEONA-N,-6.793
GBA,m04,mut_s1,detail,1,27,BNRFXWSJKVJVOF-UYBDAZJANA-N,-8.489
GBA,m04,mut_s1,detail,1,28,DMULMZBZVBBWBY-PJZINPJWNA-N,-8.274
GBA,m04,mut_s1,detail,1,29,AXLAIGJGNKHDPO-UHFFFAOYNA-N,-6.277
GBA,m04,mut_s1,detail,1,30,RKDGAONZEPYEBT-WXRBYKJCNA-N,-6.991
GBA,m04,mut_s1,detail,1,31,MBOYDUZSCSNUQL-MBBDSNKKNA-N,-7.353
GBA,m04,mut_s1,detail,1,32,KPVDBHRTXOFQDK-YAQRNVERNA-N,-6.547
GBA,m04,mut_s1,detail,1,33,LVCNFMYUKISBSB-VJSNTGQMNA-N,-6.807
GBA,m04,mut_s1,detail,1,34,XLAHCIRKLMJUQC-DZQCGVKKNA-N,-8.744
GBA,m04,mut_s1,detail,1,35,QNYHDABGLCBJOE-SHHGZXMVNA-N,-8.384
GBA,m04,mut_s1,detail,1,36,HEKNRISBWSPMOG-OWTLIXCDNA-N,-7.525
GBA,m04,mut_s1,detail,1,37,VIRNXCRLEVZXNX-LILDFLRNNA-N,-8.851
GBA,m04,mut_s1,detail,1,38,SRTGERSEXJGDMR-UHFFFAOYNA-N,-6.236
GBA,m04,mut_s1,detail,1,39,ZGMGSSRLZJYOKH-WXRBYKJCNA-N,-7.139
GBA,m04,mut_s1,detail,1,40,VGYFDFRFGHHCDA-CUTUCBJDNA-N,-8.812
GBA,m04,mut_s1,detail,1,41,DILPMLYWQJPNLO-HCKMINDGNA-N,-8.128
GBA,m04,mut_s1,detail,1,42,RSOODJIGEVJLMK-LQFNOIFHNA-N,-8.545
GBA,m04,mut_s1,detail,1,43,OWHHWMUAYBIQPR-UHFFFAOYNA-N,-8.701
GBA,m04,mut_s1,detail,1,44,KPIKMVZJKZDOFC-UHFFFAOYNA-N,-8.816
GBA,m04,mut_s1,detail,1,45,DIKDKRUREJXLMR-DPMTXJEANA-N,-8.364
GBA,m04,mut_s1,detail,1,46,QRVJDPKQHAVBDK-UYBDAZJANA-N,-7.507
GBA,m04,mut_s1,detail,1,47,SGBSFKSDPWOALT-UYBDAZJANA-N,-7.61
GBA,m04,mut_s1,detail,1,48,CYHFRNFVZWVHCG-OTJKMEOQNA-N,-8.247
GBA,m04,mut_s1,detail,1,49,MJUDQDHXCQONOA-MPIMZMORNA-N,-8.349
GBA,m04,mut_s1,detail,1,50,RNVYRNLUUYNQAS-PKSOQXRJNA-N,-7.756
GBA,m04,mut_s1,detail,1,51,DLZXOZYETDVJEB-QWOVJGMINA-N,-6.753
GBA,m04,mut_s1,detail,1,52,HSICVZRDGBJSEL-GPQMBLKYNA-N,-7.925
GBA,m04,mut_s1,detail,1,53,HMRUHHFLIMYEAF-QNGOCPJXNA-N,-7.569
GBA,m04,mut_s1,detail,1,54,ZZOWQPSBJUXHCA-YSPRVCGUNA-N,-8.089
GBA,m04,mut_s1,detail,1,55,WDDJLHOUFWSQSV-UHFFFAOYNA-N,-9.586
GBA,m04,mut_s1,detail,1,56,UKLIIGXGTPSYBF-IBCWCQIKNA-N,-7.888
GBA,m04,mut_s1,detail,1,57,LNPOBRXJZYGQMS-MOHJPFBDNA-N,-8.48
GBA,m04,mut_s1,detail,1,58,FYILBFPPKIZBTO-UHFFFAOYNA-N,-7.837
GBA,m04,mut_s1,detail,1,59,MIKIJFODTJGFDI-LILDFLRNNA-N,-7.767
GBA,m04,mut_s1,detail,1,60,RUWCNSLWWCWTSU-LILDFLRNNA-N,-8.655
GBA,m04,mut_s1,detail,1,61,KLQWCHKIQJHYIB-UHFFFAOYNA-N,-8.842
GBA,m04,mut_s1,detail,1,62,QKAWGENQCGFAOE-NPVYFSBINA-N,-7.721
GBA,m04,mut_s1,detail,1,63,KGOKCBRZBBEYBE-MMRXBHCZNA-N,-9.772
GBA,m04,mut_s1,detail,1,64,ROFRXCLSWKEWTN-UHFFFAOYNA-N,-7.597
GBA,m04,mut_s1,detail,1,65,AKRMJNKLSCBEME-FPYGCLRLNA-N,-7.49
GBA,m04,mut_s1,detail,1,66,LCGJUJZLLYTYIF-XMFFZCEENA-N,-7.435
GBA,m04,mut_s1,detail,1,67,FREQNFSEYLEFOI-QRCVEOAVNA-N,-8.253
GBA,m04,mut_s1,detail,1,68,MHMINAYLMNBGSM-UHFFFAOYNA-N,-7.18
GBA,m04,mut_s1,detail,1,69,SYMNTBHEGHFZMV-UHFFFAOYNA-N,-7.78
GBA,m04,mut_s1,detail,1,70,NNCRWGMPCGSKOO-LILDFLRNNA-N,-7.224
GBA,m04,mut_s1,detail,1,71,ZCRRNCCNJMRGFI-UHFFFAOYNA-N,-9.095
GBA,m04,mut_s1,detail,1,72,PYVZEIBGEUQNQQ-UHFFFAOYNA-N,-8.459
GBA,m04,mut_s1,detail,1,73,OROJQWVRCGJACT-XBTAAFKLNA-N,-9.574
GBA,m04,mut_s1,detail,1,74,TXYUWXKCUDOUGU-JLGFQASFNA-N,-7.309
GBA,m04,mut_s1,detail,1,75,LAZANALODSEDSE-UHFFFAOYNA-N,-7.572
GBA,m04,mut_s1,detail,1,76,RJXCYVJLXGRCHK-UHFFFAOYNA-N,-8.803
GBA,m04,mut_s1,detail,1,77,FUSKIBWHJAWEFI-IEJAXPBYNA-N,-8.161
GBA,m04,mut_s1,detail,1,78,SGWVLOCBQLQWQV-UHFFFAOYNA-N,-8.041
GBA,m04,mut_s1,detail,1,79,PPXRQTYXLZCDAZ-QWOVJGMINA-N,-8.649
GBA,m04,mut_s1,detail,1,80,DIFBADFWLVYFHV-LELJVTLKNA-N,-8.627
GBA,m04,mut_s1,detail,1,81,XREOSEVJCQGCHE-MHPMNMKGNA-N,-9.527
GBA,m04,mut_s1,detail,1,82,ZHGPKHBXSKWZEQ-UHFFFAOYNA-N,-8.724
GBA,m04,mut_s1,detail,1,83,ZFAYPJJNPSNAFK-UHFFFAOYNA-N,-8.716
GBA,m04,mut_s1,detail,1,84,LTXMRAGWIDQTQT-MYUTVWBTNA-N,-10.045
GBA,m04,mut_s1,detail,1,85,VXQHYHSSGLOALC-SPEPDGBUNA-N,-9.847
GBA,m04,mut_s1,detail,1,86,KWDSFRAWCISROF-PJQSKVNONA-N,-8.634
GBA,m04,mut_s1,detail,1,87,ZJZXSQPHUQUHIV-ZGZFQTMPNA-N,-10.02
GBA,m04,mut_s1,detail,1,88,UYHIVPBYFWVWEJ-UHFFFAOYNA-N,-9.693
GBA,m04,mut_s1,detail,1,89,PLEFJSUCKRWHBY-LNNLXFCONA-N,-8.561
GBA,m04,mut_s1,detail,1,90,DNSRQCRQLKJUCC-PDJAEHLQNA-N,-8.689
GBA,m04,mut_s1,detail,1,91,PHYKZCBUNVYJNH-YDBXFXKPNA-N,-7.304
GBA,m04,mut_s1,detail,1,92,OOUHZBUAVKCDGA-UHFFFAOYNA-N,-9.357
GBA,m04,mut_s1,detail,1,93,UUQDFZFJDFMLHW-UHFFFAOYNA-N,-8.114
GBA,m04,mut_s1,detail,1,94,OOUDDHNLDLLUOL-SKKVRFOWNA-N,-8.572
GBA,m04,mut_s1,detail,1,95,ZDMQSUAMTLXUTE-MPIMZMORNA-N,-9.201
GBA,m04,mut_s1,detail,1,96,NMPLPABDEKPABN-UHFFFAOYNA-N,-8.691
GBA,m04,mut_s1,detail,1,97,INZRHGSVWGRHBM-NPVYFSBINA-N,-9.45
GBA,m04,mut_s1,detail,1,98,RVGCWMKVTAEQIH-LNNLXFCONA-N,-9.231
GBA,m04,mut_s1,detail,1,99,VRXWKRQOVMZBAF-LJQANCHMNA-N,-8.676
GBA,m04,mut_s1,detail,1,100,QACLWOIBBYOHQP-UYBDAZJANA-N,-8.53
GBA,m04,mut_s1,detail,1,101,ZNXSZVFPCBIELQ-LNNLXFCONA-N,-8.385
GBA,m04,mut_s1,detail,1,102,GKMWCCNMKRSQHR-VEKUMTKDNA-N,-9.122
GBA,m04,mut_s1,detail,1,103,FFGUSRSMWFYKGK-SKKVRFOWNA-N,-8.808
GBA,m04,mut_s1,detail,1,104,KXBDDGKXLZBLOM-SPEPDGBUNA-N,-8.899
GBA,m04,mut_s1,detail,1,105,MIUWULAZCXYTJW-MSHHZIMBNA-N,-9.418
GBA,m04,mut_s1,detail,1,106,JPZOYWVRFLZCIC-NJNXFGOHNA-N,-9.846
GBA,m04,mut_s1,detail,1,107,FAIQTLBYDVKBAB-DVIAZDKANA-N,-9.128
GBA,m04,mut_s1,detail,1,108,APFLRZZAOXCNAZ-UHFFFAOYNA-N,-7.604
GBA,m04,mut_s1,detail,1,109,BSQLDSQTGOZBFD-UHFFFAOYNA-N,-8.982
GBA,m04,mut_s1,detail,1,110,ZVVCFJXCDATSCC-UHFFFAOYNA-N,-9.492
GBA,m04,mut_s1,detail,1,111,SKEQTXZATFWVMB-UYBDAZJANA-N,-7.295
GBA,m04,mut_s1,detail,1,112,IATWYRHDJKMBQK-MPIMZMORNA-N,-8.037
GBA,m04,mut_s1,detail,1,113,JPWOEQDCUZCWKT-MPIMZMORNA-N,-7.475
GBA,m04,mut_s1,detail,1,114,RYHSAXRBHDHPPK-PKSOQXRJNA-N,-7.915
GBA,m04,mut_s1,detail,1,115,GKKJWUFVZJJFPG-MPIMZMORNA-N,-8.46
GBA,m04,mut_s1,detail,1,116,FDNZXFDUCINVLY-BDGWVKIONA-N,-7.919
GBA,m04,mut_s1,detail,1,117,KTBYKHKWIFIFAK-UHFFFAOYNA-N,-9.584
GBA,m04,mut_s1,detail,1,118,ZRXZEWGUECXTTQ-LQFNOIFHNA-N,-9.295
GBA,m04,mut_s1,detail,1,119,XNACBBGLIAJNJM-PECIQRARNA-N,-8.278
GBA,m04,mut_s1,detail,1,120,WQZYYJRVBIQUGH-YWZOXAELNA-N,-7.071
GBA,m04,mut_s1,detail,1,121,ABMSRNRLDZVJFV-SWUIVHNENA-N,-8.96
GBA,m04,mut_s1,detail,1,122,ZEACBIUBSOLEGW-QAITUMOCNA-N,-10.2
GBA,m04,mut_s1,detail,1,123,UBFCDXVLKFOOGL-OKPOJWAQNA-N,-9.035
GBA,m04,mut_s1,detail,1,124,RRIHVAFUFDANEX-NSJMMFDCNA-N,-9.466
GBA,m04,mut_s1,detail,1,125,HASIAUWPWKTSBW-SREBMQDQNA-N,-8.876
GBA,m04,mut_s1,detail,1,126,WHBCKYHTCHCHAY-LQFNOIFHNA-N,-9.307
GBA,m04,mut_s1,detail,1,127,XMAYWYJOQHXEEK-JYFHCDHNNA-N,-9.223
GBA,m04,mut_s1,detail,1,128,TVKCFCZANTZCSU-OYRHEFFENA-N,-9.932
GBA,m04,mut_s1,detail,1,129,OJFIIUWPOHBVMH-LNNLXFCONA-N,-8.164
GBA,m04,mut_s1,detail,1,130,DKLZMGFTGWKNCD-DIRLUKLVNA-N,-9.567
GBA,m04,mut_s1,detail,1,131,PYSLGWZFRQWTDD-PWIKPTQSNA-N,-9.954
GBA,m04,mut_s1,detail,1,132,MWMBIUUYBQWKJX-QTUCRYGENA-N,-8.967
GBA,m04,mut_s1,detail,1,133,FLYQFCXTEFTSQN-UHFFFAOYNA-N,-9.626
GBA,m04,mut_s1,detail,1,134,PBIBDSDWIMZYDT-WBWGZOKWNA-N,-9.215
GBA,m04,mut_s1,detail,1,135,GSRWMFGBDLHGBU-YEFLILRRNA-N,-8.129
GBA,m04,mut_s1,detail,1,136,AYIJJQHMZAEQKE-QDAGQJSJNA-N,-10.479
GBA,m04,mut_s1,detail,1,137,JVWTZUKPDMRNDC-FSAKADSPNA-N,-9.63
GBA,m04,mut_s1,detail,1,138,XAZPLOLSRXZDBO-LBZABMTDNA-N,-8.805
GBA,m04,mut_s1,detail,1,139,RGWVFJBNHCWCTL-CFEGKOCINA-N,-8.407
GBA,m04,mut_s1,detail,1,140,YYWNRQZCPIMCAK-UHFFFAOYNA-N,-8.183
GBA,m04,mut_s1,detail,1,141,PBTZDKNKXRSZPM-XBXBPLPCNA-N,-9.819
GBA,m04,mut_s1,detail,1,142,QQPOIMHFFPBDQM-LELJVTLKNA-N,-8.459
GBA,m04,mut_s1,detail,1,143,NYFQURFFDGCBCB-MAQJPOOANA-N,-8.599
GBA,m04,mut_s1,detail,1,144,HXZVHWHABLBWBS-MTTPVDACNA-N,-10.758
GBA,m04,mut_s1,detail,1,145,IWYYSOJWYLZKLK-LELJVTLKNA-N,-8.515
GBA,m04,mut_s1,detail,1,146,HOGUCNPGZXMBGW-UHFFFAOYNA-N,-9.823
GBA,m04,mut_s1,detail,1,147,VITUDJAVASFPKN-DUFUIDNCNA-N,-8.694
GBA,m04,mut_s1,detail,1,148,IXAHDCRYEUYPBG-SCXYCHFONA-N,-11.014
GBA,m04,mut_s1,detail,1,149,JWHMEKMLAZQDNS-OZMOGHDGNA-N,-8.726
GBA,m04,mut_s1,detail,1,150,BZWNBTIJLRHNDZ-LBOYIXSDNA-N,-9.133
GBA,m04,mut_s1,detail,1,151,RECYROBESYRUML-UHFFFAOYNA-N,-10.203
GBA,m04,mut_s1,detail,1,152,MLDSJJJLQRZNKW-UHBIVWOUNA-N,-8.958
GBA,m04,mut_s1,detail,1,153,XTWIHJARHCYNFX-PHXLCVRDNA-N,-8.398
GBA,m04,mut_s1,detail,1,154,UQGFETVWTRDGKJ-UHFFFAOYNA-N,-8.387
GBA,m04,mut_s1,detail,1,155,VJFSMDWEMFOWDK-CYSPOYASNA-N,-9.882
GBA,m04,mut_s1,detail,1,156,NZYLXYBIWNIAGH-CYSPOYASNA-N,-9.407
GBA,m04,mut_s1,detail,1,157,ODXCWFOKLBJQNP-MPIMZMORNA-N,-7.945
GBA,m04,mut_s1,detail,1,158,FVDNMAPPDSKXKQ-UHFFFAOYNA-N,-10.109
GBA,m04,mut_s1,detail,1,159,DOPWMPRIRWTOOD-CCHPKIMANA-N,-9.979
GBA,m05,mut_s1,detail,1,0,URVMSYHISUZXNH-UYBDAZJANA-N,-8.646
GBA,m05,mut_s1,detail,1,1,KXRPCFINVWWFHQ-UHFFFAOYNA-N,-5.423
GBA,m05,mut_s1,detail,1,2,NICJTSHRYBTHAS-YHMJCDSINA-N,-7.73
GBA,m05,mut_s1,detail,1,3,SWRZVDTZHDWPDS-AWIDAIFANA-N,-9.528
GBA,m05,mut_s1,detail,1,4,RKNSLLSUFWWYCA-UHFFFAOYNA-N,-9.078
GBA,m05,mut_s1,detail,1,5,OZFSIKFTRRUDES-RIYZIHGNNA-N,-6.531
GBA,m05,mut_s1,detail,1,6,AAGGUCRASUJPPN-UHFFFAOYNA-N,-7.833
GBA,m05,mut_s1,detail,1,7,OYHXDPMAFYHDNG-YAQRNVERNA-N,-8.623
GBA,m05,mut_s1,detail,1,8,AWILWAIEQYZUEQ-UHFFFAOYNA-N,-7.553
GBA,m05,mut_s1,detail,1,9,WSFAXHLMQUUHQT-VMPITWQZNA-N,-7.995
GBA,m05,mut_s1,detail,1,10,WPHMTVNOXKBZKN-UHFFFAOYNA-N,-6.912
GBA,m05,mut_s1,detail,1,11,LPEIZNODGHDCCW-UHFFFAOYNA-N,-7.187
GBA,m05,mut_s1,detail,1,12,QQHWWDVSRWOHEP-LILDFLRNNA-N,-8.747
GBA,m05,mut_s1,detail,1,13,UMEVSSPGBFVQNC-UHFFFAOYNA-N,-6.505
GBA,m05,mut_s1,detail,1,14,VZDIOEKWWZRNQN-UHFFFAOYNA-N,-8.447
GBA,m05,mut_s1,detail,1,15,JEVLDOUORFAHRS-NDKGDYFDNA-N,-7.684
GBA,m05,mut_s1,detail,1,16,NFTGJNJRMWUBPG-GPQMBLKYNA-N,-7.358
GBA,m05,mut_s1,detail,1,17,UMUUTEZBWGDVDA-UHFFFAOYNA-N,-8.056
GBA,m05,mut_s1,detail,1,18,VLQKEPLNPGYNDJ-HCKMINDGNA-N,-8.353
GBA,m05,mut_s1,detail,1,19,PPMVTAATPZLMJM-CDDDEJBQNA-N,-8.985
GBA,m05,mut_s1,detail,1,20,AHLYFAKLKLMESK-YAQRNVERNA-N,-7.596
GBA,m05,mut_s1,detail,1,21,GYEJYLAGVWRSIM-KGJHZMDYNA-N,-7.932
GBA,m05,mut_s1,detail,1,22,RXVALSLAUOIYLW-UHFFFAOYNA-N,-7.701
GBA,m05,mut_s1,detail,1,23,NSELYIFATLFDOZ-JLGFQASFNA-N,-8.41
GBA,m05,mut_s1,detail,1,24,COQFBYACOHFCEC-UHFFFAOYNA-N,-7.7
GBA,m05,mut_s1,detail,1,25,CJGJXFCLDYQBFQ-YJGXKCCXNA-N,-8.634
GBA,m05,mut_s1,detail,1,26,BWNGRRJLFYHENY-INIZCTEONA-N,-7.284
GBA,m05,mut_s1,detail,1,27,BNRFXWSJKVJVOF-UYBDAZJANA-N,-8.699
GBA,m05,mut_s1,detail,1,28,DMULMZBZVBBWBY-PJZINPJWNA-N,-8.51
GBA,m05,mut_s1,detail,1,29,AXLAIGJGNKHDPO-UHFFFAOYNA-N,-7.012
GBA,m05,mut_s1,detail,1,30,RKDGAONZEPYEBT-WXRBYKJCNA-N,-7.02
GBA,m05,mut_s1,detail,1,31,MBOYDUZSCSNUQL-MBBDSNKKNA-N,-7.964
GBA,m05,mut_s1,detail,1,32,KPVDBHRTXOFQDK-YAQRNVERNA-N,-7.085
GBA,m05,mut_s1,detail,1,33,LVCNFMYUKISBSB-VJSNTGQMNA-N,-7.597
GBA,m05,mut_s1,detail,1,34,XLAHCIRKLMJUQC-DZQCGVKKNA-N,-8.789
GBA,m05,mut_s1,detail,1,35,QNYHDABGLCBJOE-SHHGZXMVNA-N,-9.533
GBA,m05,mut_s1,detail,1,36,HEKNRISBWSPMOG-OWTLIXCDNA-N,-7.508
GBA,m05,mut_s1,detail,1,37,VIRNXCRLEVZXNX-LILDFLRNNA-N,-9.762
GBA,m05,mut_s1,detail,1,38,SRTGERSEXJGDMR-UHFFFAOYNA-N,-7.342
GBA,m05,mut_s1,detail,1,39,ZGMGSSRLZJYOKH-WXRBYKJCNA-N,-7.534
GBA,m05,mut_s1,detail,1,40,VGYFDFRFGHHCDA-CUTUCBJDNA-N,-9.306
GBA,m05,mut_s1,detail,1,41,DILPMLYWQJPNLO-HCKMINDGNA-N,-9.587
GBA,m05,mut_s1,detail,1,42,RSOODJIGEVJLMK-LQFNOIFHNA-N,-9.594
GBA,m05,mut_s1,detail,1,43,OWHHWMUAYBIQPR-UHFFFAOYNA-N,-9.007
GBA,m05,mut_s1,detail,1,44,KPIKMVZJKZDOFC-UHFFFAOYNA-N,-9.564
GBA,m05,mut_s1,detail,1,45,DIKDKRUREJXLMR-DPMTXJEANA-N,-9.242
GBA,m05,mut_s1,detail,1,46,QRVJDPKQHAVBDK-UYBDAZJANA-N,-8.478
GBA,m05,mut_s1,detail,1,47,SGBSFKSDPWOALT-UYBDAZJANA-N,-8.63
GBA,m05,mut_s1,detail,1,48,CYHFRNFVZWVHCG-OTJKMEOQNA-N,-8.856
GBA,m05,mut_s1,detail,1,49,MJUDQDHXCQONOA-MPIMZMORNA-N,-8.901
GBA,m05,mut_s1,detail,1,50,RNVYRNLUUYNQAS-PKSOQXRJNA-N,-8.471
GBA,m05,mut_s1,detail,1,51,DLZXOZYETDVJEB-QWOVJGMINA-N,-7.438
GBA,m05,mut_s1,detail,1,52,HSICVZRDGBJSEL-GPQMBLKYNA-N,-8.821
GBA,m05,mut_s1,detail,1,53,HMRUHHFLIMYEAF-QNGOCPJXNA-N,-7.869
GBA,m05,mut_s1,detail,1,54,ZZOWQPSBJUXHCA-YSPRVCGUNA-N,-9.865
GBA,m05,mut_s1,detail,1,55,WDDJLHOUFWSQSV-UHFFFAOYNA-N,-9.372
GBA,m05,mut_s1,detail,1,56,UKLIIGXGTPSYBF-IBCWCQIKNA-N,-8.353
GBA,m05,mut_s1,detail,1,57,LNPOBRXJZYGQMS-MOHJPFBDNA-N,-9.869
GBA,m05,mut_s1,detail,1,58,FYILBFPPKIZBTO-UHFFFAOYNA-N,-7.982
GBA,m05,mut_s1,detail,1,59,MIKIJFODTJGFDI-LILDFLRNNA-N,-7.987
GBA,m05,mut_s1,detail,1,60,RUWCNSLWWCWTSU-LILDFLRNNA-N,-10.108
GBA,m05,mut_s1,detail,1,61,KLQWCHKIQJHYIB-UHFFFAOYNA-N,-10.244
GBA,m05,mut_s1,detail,1,62,QKAWGENQCGFAOE-NPVYFSBINA-N,-8.376
GBA,m05,mut_s1,detail,1,63,KGOKCBRZBBEYBE-MMRXBHCZNA-N,-10.489
GBA,m05,mut_s1,detail,1,64,ROFRXCLSWKEWTN-UHFFFAOYNA-N,-9.002
GBA,m05,mut_s1,detail,1,65,AKRMJNKLSCBEME-FPYGCLRLNA-N,-6.734
GBA,m05,mut_s1,detail,1,66,LCGJUJZLLYTYIF-XMFFZCEENA-N,-8.444
GBA,m05,mut_s1,detail,1,67,FREQNFSEYLEFOI-QRCVEOAVNA-N,-8.414
GBA,m05,mut_s1,detail,1,68,MHMINAYLMNBGSM-UHFFFAOYNA-N,-7.777
GBA,m05,mut_s1,detail,1,69,SYMNTBHEGHFZMV-UHFFFAOYNA-N,-8.588
GBA,m05,mut_s1,detail,1,70,NNCRWGMPCGSKOO-LILDFLRNNA-N,-8.219
GBA,m05,mut_s1,detail,1,71,ZCRRNCCNJMRGFI-UHFFFAOYNA-N,-9.812
GBA,m05,mut_s1,detail,1,72,PYVZEIBGEUQNQQ-UHFFFAOYNA-N,-9.229
GBA,m05,mut_s1,detail,1,73,OROJQWVRCGJACT-XBTAAFKLNA-N,-10.486
GBA,m05,mut_s1,detail,1,74,TXYUWXKCUDOUGU-JLGFQASFNA-N,-7.993
GBA,m05,mut_s1,detail,1,75,LAZANALODSEDSE-UHFFFAOYNA-N,-8.578
GBA,m05,mut_s1,detail,1,76,RJXCYVJLXGRCHK-UHFFFAOYNA-N,-9.647
GBA,m05,mut_s1,detail,1,77,FUSKIBWHJAWEFI-IEJAXPBYNA-N,-8.534
GBA,m05,mut_s1,detail,1,78,SGWVLOCBQLQWQV-UHFFFAOYNA-N,-9.07
GBA,m05,mut_s1,detail,1,79,PPXRQTYXLZCDAZ-QWOVJGMINA-N,-9.386
GBA,m05,mut_s1,detail,1,80,DIFBADFWLVYFHV-LELJVTLKNA-N,-9.611
GBA,m05,mut_s1,detail,1,81,XREOSEVJCQGCHE-MHPMNMKGNA-N,-10.105
GBA,m05,mut_s1,detail,1,82,ZHGPKHBXSKWZEQ-UHFFFAOYNA-N,-8.914
GBA,m05,mut_s1,detail,1,83,ZFAYPJJNPSNAFK-UHFFFAOYNA-N,-10.017
GBA,m05,mut_s1,detail,1,84,LTXMRAGWIDQTQT-MYUTVWBTNA-N,-10.457
GBA,m05,mut_s1,detail,1,85,VXQHYHSSGLOALC-SPEPDGBUNA-N,-10.805
GBA,m05,mut_s1,detail,1,86,KWDSFRAWCISROF-PJQSKVNONA-N,-10.005
GBA,m05,mut_s1,detail,1,87,ZJZXSQPHUQUHIV-ZGZFQTMPNA-N,-10.199
GBA,m05,mut_s1,detail,1,88,UYHIVPBYFWVWEJ-UHFFFAOYNA-N,-10.952
GBA,m05,mut_s1,detail,1,89,PLEFJSUCKRWHBY-LNNLXFCONA-N,-8.939
GBA,m05,mut_s1,detail,1,90,DNSRQCRQLKJUCC-PDJAEHLQNA-N,-9.463
GBA,m05,mut_s1,detail,1,91,PHYKZCBUNVYJNH-YDBXFXKPNA-N,-7.36
GBA,m05,mut_s1,detail,1,92,OOUHZBUAVKCDGA-UHFFFAOYNA-N,-10.001
GBA,m05,mut_s1,detail,1,93,UUQDFZFJDFMLHW-UHFFFAOYNA-N,-8.94
GBA,m05,mut_s1,detail,1,94,OOUDDHNLDLLUOL-SKKVRFOWNA-N,-10.167
GBA,m05,mut_s1,detail,1,95,ZDMQSUAMTLXUTE-MPIMZMORNA-N,-10.142
GBA,m05,mut_s1,detail,1,96,NMPLPABDEKPABN-UHFFFAOYNA-N,-9.131
GBA,m05,mut_s1,detail,1,97,INZRHGSVWGRHBM-NPVYFSBINA-N,-10.635
GBA,m05,mut_s1,detail,1,98,RVGCWMKVTAEQIH-LNNLXFCONA-N,-9.594
GBA,m05,mut_s1,detail,1,99,VRXWKRQOVMZBAF-LJQANCHMNA-N,-9.577
GBA,m05,mut_s1,detail,1,100,QACLWOIBBYOHQP-UYBDAZJANA-N,-8.998
GBA,m05,mut_s1,detail,1,101,ZNXSZVFPCBIELQ-LNNLXFCONA-N,-8.78
GBA,m05,mut_s1,detail,1,102,GKMWCCNMKRSQHR-VEKUMTKDNA-N,-9.149
GBA,m05,mut_s1,detail,1,103,FFGUSRSMWFYKGK-SKKVRFOWNA-N,-9.6
GBA,m05,mut_s1,detail,1,104,KXBDDGKXLZBLOM-SPEPDGBUNA-N,-9.571
GBA,m05,mut_s1,detail,1,105,MIUWULAZCXYTJW-MSHHZIMBNA-N,-9.613
GBA,m05,mut_s1,detail,1,106,JPZOYWVRFLZCIC-NJNXFGOHNA-N,-10.45
GBA,m05,mut_s1,detail,1,107,FAIQTLBYDVKBAB-DVIAZDKANA-N,-9.313
GBA,m05,mut_s1,detail,1,108,APFLRZZAOXCNAZ-UHFFFAOYNA-N,-9.183
GBA,m05,mut_s1,detail,1,109,BSQLDSQTGOZBFD-UHFFFAOYNA-N,-9.372
GBA,m05,mut_s1,detail,1,110,ZVVCFJXCDATSCC-UHFFFAOYNA-N,-10.076
GBA,m05,mut_s1,detail,1,111,SKEQTXZATFWVMB-UYBDAZJANA-N,-8.721
GBA,m05,mut_s1,detail,1,112,IATWYRHDJKMBQK-MPIMZMORNA-N,-8.586
GBA,m05,mut_s1,detail,1,113,JPWOEQDCUZCWKT-MPIMZMORNA-N,-8.126
GBA,m05,mut_s1,detail,1,114,RYHSAXRBHDHPPK-PKSOQXRJNA-N,-8.496
GBA,m05,mut_s1,detail,1,115,GKKJWUFVZJJFPG-MPIMZMORNA-N,-9.484
GBA,m05,mut_s1,detail,1,116,FDNZXFDUCINVLY-BDGWVKIONA-N,-7.565
GBA,m05,mut_s1,detail,1,117,KTBYKHKWIFIFAK-UHFFFAOYNA-N,-11.17
GBA,m05,mut_s1,detail,1,118,ZRXZEWGUECXTTQ-LQFNOIFHNA-N,-10.055
GBA,m05,mut_s1,detail,1,119,XNACBBGLIAJNJM-PECIQRARNA-N,-8.968
GBA,m05,mut_s1,detail,1,120,WQZYYJRVBIQUGH-YWZOXAELNA-N,-7.707
GBA,m05,mut_s1,detail,1,121,ABMSRNRLDZVJFV-SWUIVHNENA-N,-9.45
GBA,m05,mut_s1,detail,1,122,ZEACBIUBSOLEGW-QAITUMOCNA-N,-11.214
GBA,m05,mut_s1,detail,1,123,UBFCDXVLKFOOGL-OKPOJWAQNA-N,-9.753
GBA,m05,mut_s1,detail,1,124,RRIHVAFUFDANEX-NSJMMFDCNA-N,-10.139
GBA,m05,mut_s1,detail,1,125,HASIAUWPWKTSBW-SREBMQDQNA-N,-8.996
GBA,m05,mut_s1,detail,1,126,WHBCKYHTCHCHAY-LQFNOIFHNA-N,-10.438
GBA,m05,mut_s1,detail,1,127,XMAYWYJOQHXEEK-JYFHCDHNNA-N,-9.176
GBA,m05,mut_s1,detail,1,128,TVKCFCZANTZCSU-OYRHEFFENA-N,-10.384
GBA,m05,mut_s1,detail,1,129,OJFIIUWPOHBVMH-LNNLXFCONA-N,-9.09
GBA,m05,mut_s1,detail,1,130,DKLZMGFTGWKNCD-DIRLUKLVNA-N,-10.489
GBA,m05,mut_s1,detail,1,131,PYSLGWZFRQWTDD-PWIKPTQSNA-N,-10.406
GBA,m05,mut_s1,detail,1,132,MWMBIUUYBQWKJX-QTUCRYGENA-N,-9.743
GBA,m05,mut_s1,detail,1,133,FLYQFCXTEFTSQN-UHFFFAOYNA-N,-9.155
GBA,m05,mut_s1,detail,1,134,PBIBDSDWIMZYDT-WBWGZOKWNA-N,-9.299
GBA,m05,mut_s1,detail,1,135,GSRWMFGBDLHGBU-YEFLILRRNA-N,-8.988
GBA,m05,mut_s1,detail,1,136,AYIJJQHMZAEQKE-QDAGQJSJNA-N,-9.814
GBA,m05,mut_s1,detail,1,137,JVWTZUKPDMRNDC-FSAKADSPNA-N,-10.609
GBA,m05,mut_s1,detail,1,138,XAZPLOLSRXZDBO-LBZABMTDNA-N,-9.062
GBA,m05,mut_s1,detail,1,139,RGWVFJBNHCWCTL-CFEGKOCINA-N,-9.934
GBA,m05,mut_s1,detail,1,140,YYWNRQZCPIMCAK-UHFFFAOYNA-N,-9.108
GBA,m05,mut_s1,detail,1,141,PBTZDKNKXRSZPM-XBXBPLPCNA-N,-9.801
GBA,m05,mut_s1,detail,1,142,QQPOIMHFFPBDQM-LELJVTLKNA-N,-8.765
GBA,m05,mut_s1,detail,1,143,NYFQURFFDGCBCB-MAQJPOOANA-N,-8.536
GBA,m05,mut_s1,detail,1,144,HXZVHWHABLBWBS-MTTPVDACNA-N,-11.752
GBA,m05,mut_s1,detail,1,145,IWYYSOJWYLZKLK-LELJVTLKNA-N,-8.785
GBA,m05,mut_s1,detail,1,146,HOGUCNPGZXMBGW-UHFFFAOYNA-N,-11.003
GBA,m05,mut_s1,detail,1,147,VITUDJAVASFPKN-DUFUIDNCNA-N,-9.399
GBA,m05,mut_s1,detail,1,148,IXAHDCRYEUYPBG-SCXYCHFONA-N,-11.76
GBA,m05,mut_s1,detail,1,149,JWHMEKMLAZQDNS-OZMOGHDGNA-N,-8.48
GBA,m05,mut_s1,detail,1,150,BZWNBTIJLRHNDZ-LBOYIXSDNA-N,-9.684
GBA,m05,mut_s1,detail,1,151,RECYROBESYRUML-UHFFFAOYNA-N,-10.39
GBA,m05,mut_s1,detail,1,152,MLDSJJJLQRZNKW-UHBIVWOUNA-N,-10.498
GBA,m05,mut_s1,detail,1,153,XTWIHJARHCYNFX-PHXLCVRDNA-N,-8.533
GBA,m05,mut_s1,detail,1,154,UQGFETVWTRDGKJ-UHFFFAOYNA-N,-8.878
GBA,m05,mut_s1,detail,1,155,VJFSMDWEMFOWDK-CYSPOYASNA-N,-9.542
GBA,m05,mut_s1,detail,1,156,NZYLXYBIWNIAGH-CYSPOYASNA-N,-10.909
GBA,m05,mut_s1,detail,1,157,ODXCWFOKLBJQNP-MPIMZMORNA-N,-8.18
GBA,m05,mut_s1,detail,1,158,FVDNMAPPDSKXKQ-UHFFFAOYNA-N,-10.835
GBA,m05,mut_s1,detail,1,159,DOPWMPRIRWTOOD-CCHPKIMANA-N,-10.796
GBA,m06,mut_s1,detail,1,0,URVMSYHISUZXNH-UYBDAZJANA-N,-8.315
GBA,m06,mut_s1,detail,1,1,KXRPCFINVWWFHQ-UHFFFAOYNA-N,-5.411
GBA,m06,mut_s1,detail,1,2,NICJTSHRYBTHAS-YHMJCDSINA-N,-7.537
GBA,m06,mut_s1,detail,1,3,SWRZVDTZHDWPDS-AWIDAIFANA-N,-9.266
GBA,m06,mut_s1,detail,1,4,RKNSLLSUFWWYCA-UHFFFAOYNA-N,-8.798
GBA,m06,mut_s1,detail,1,5,OZFSIKFTRRUDES-RIYZIHGNNA-N,-6.59
GBA,m06,mut_s1,detail,1,6,AAGGUCRASUJPPN-UHFFFAOYNA-N,-7.448
GBA,m06,mut_s1,detail,1,7,OYHXDPMAFYHDNG-YAQRNVERNA-N,-7.916
GBA,m06,mut_s1,detail,1,8,AWILWAIEQYZUEQ-UHFFFAOYNA-N,-6.636
GBA,m06,mut_s1,detail,1,9,WSFAXHLMQUUHQT-VMPITWQZNA-N,-7.798
GBA,m06,mut_s1,detail,1,10,WPHMTVNOXKBZKN-UHFFFAOYNA-N,-6.651
GBA,m06,mut_s1,detail,1,11,LPEIZNODGHDCCW-UHFFFAOYNA-N,-6.509
GBA,m06,mut_s1,detail,1,12,QQHWWDVSRWOHEP-LILDFLRNNA-N,-7.749
GBA,m06,mut_s1,detail,1,13,UMEVSSPGBFVQNC-UHFFFAOYNA-N,-6.195
GBA,m06,mut_s1,detail,1,14,VZDIOEKWWZRNQN-UHFFFAOYNA-N,-8.214
GBA,m06,mut_s1,detail,1,15,JEVLDOUORFAHRS-NDKGDYFDNA-N,-7.33
GBA,m06,mut_s1,detail,1,16,NFTGJNJRMWUBPG-GPQMBLKYNA-N,-7.332
GBA,m06,mut_s1,detail,1,17,UMUUTEZBWGDVDA-UHFFFAOYNA-N,-7.456
GBA,m06,mut_s1,detail,1,18,VLQKEPLNPGYNDJ-HCKMINDGNA-N,-7.652
GBA,m06,mut_s1,detail,1,19,PPMVTAATPZLMJM-CDDDEJBQNA-N,-8.264
GBA,m06,mut_s1,detail,1,20,AHLYFAKLKLMESK-YAQRNVERNA-N,-7.253
GBA,m06,mut_s1,detail,1,21,GYEJYLAGVWRSIM-KGJHZMDYNA-N,-7.754
GBA,m06,mut_s1,detail,1,22,RXVALSLAUOIYLW-UHFFFAOYNA-N,-7.384
GBA,m06,mut_s1,detail,1,23,NSELYIFATLFDOZ-JLGFQASFNA-N,-8.397
GBA,m06,mut_s1,detail,1,24,COQFBYACOHFCEC-UHFFFAOYNA-N,-7.294
GBA,m06,mut_s1,detail,1,25,CJGJXFCLDYQBFQ-YJGXKCCXNA-N,-8.189
GBA,m06,mut_s1,detail,1,26,BWNGRRJLFYHENY-INIZCTEONA-N,-6.96
GBA,m06,mut_s1,detail,1,27,BNRFXWSJKVJVOF-UYBDAZJANA-N,-8.353
GBA,m06,mut_s1,detail,1,28,DMULMZBZVBBWBY-PJZINPJWNA-N,-8.445
GBA,m06,mut_s1,detail,1,29,AXLAIGJGNKHDPO-UHFFFAOYNA-N,-6.466
GBA,m06,mut_s1,detail,1,30,RKDGAONZEPYEBT-WXRBYKJCNA-N,-7.057
GBA,m06,mut_s1,detail,1,31,MBOYDUZSCSNUQL-MBBDSNKKNA-N,-7.796
GBA,m06,mut_s1,detail,1,32,KPVDBHRTXOFQDK-YAQRNVERNA-N,-6.619
GBA,m06,mut_s1,detail,1,33,LVCNFMYUKISBSB-VJSNTGQMNA-N,-7.651
GBA,m06,mut_s1,detail,1,34,XLAHCIRKLMJUQC-DZQCGVKKNA-N,-8.766
GBA,m06,mut_s1,detail,1,35,QNYHDABGLCBJOE-SHHGZXMVNA-N,-9.242
GBA,m06,mut_s1,detail,1,36,HEKNRISBWSPMOG-OWTLIXCDNA-N,-7.545
GBA,m06,mut_s1,detail,1,37,VIRNXCRLEVZXNX-LILDFLRNNA-N,-9.026
GBA,m06,mut_s1,detail,1,38,SRTGERSEXJGDMR-UHFFFAOYNA-N,-6.469
GBA,m06,mut_s1,detail,1,39,ZGMGSSRLZJYOKH-WXRBYKJCNA-N,-7.056
GBA,m06,mut_s1,detail,1,40,VGYFDFRFGHHCDA-CUTUCBJDNA-N,-9.195
GBA,m06,mut_s1,detail,1,41,DILPMLYWQJPNLO-HCKMINDGNA-N,-9.477
GBA,m06,mut_s1,detail,1,42,RSOODJIGEVJLMK-LQFNOIFHNA-N,-9.441
GBA,m06,mut_s1,detail,1,43,OWHHWMUAYBIQPR-UHFFFAOYNA-N,-8.626
GBA,m06,mut_s1,detail,1,44,KPIKMVZJKZDOFC-UHFFFAOYNA-N,-9.522
GBA,m06,mut_s1,detail,1,45,DIKDKRUREJXLMR-DPMTXJEANA-N,-8.847
GBA,m06,mut_s1,detail,1,46,QRVJDPKQHAVBDK-UYBDAZJANA-N,-8.026
GBA,m06,mut_s1,detail,1,47,SGBSFKSDPWOALT-UYBDAZJANA-N,-8.132
GBA,m06,mut_s1,detail,1,48,CYHFRNFVZWVHCG-OTJKMEOQNA-N,-8.762
GBA,m06,mut_s1,detail,1,49,MJUDQDHXCQONOA-MPIMZMORNA-N,-8.368
GBA,m06,mut_s1,detail,1,50,RNVYRNLUUYNQAS-PKSOQXRJNA-N,-7.753
GBA,m06,mut_s1,detail,1,51,DLZXOZYETDVJEB-QWOVJGMINA-N,-7.253
GBA,m06,mut_s1,detail,1,52,HSICVZRDGBJSEL-GPQMBLKYNA-N,-8.013
GBA,m06,mut_s1,detail,1,53,HMRUHHFLIMYEAF-QNGOCPJXNA-N,-7.85
GBA,m06,mut_s1,detail,1,54,ZZOWQPSBJUXHCA-YSPRVCGUNA-N,-9.18
GBA,m06,mut_s1,detail,1,55,WDDJLHOUFWSQSV-UHFFFAOYNA-N,-9.288
GBA,m06,mut_s1,detail,1,56,UKLIIGXGTPSYBF-IBCWCQIKNA-N,-8.325
GBA,m06,mut_s1,detail,1,57,LNPOBRXJZYGQMS-MOHJPFBDNA-N,-8.855
GBA,m06,mut_s1,detail,1,58,FYILBFPPKIZBTO-UHFFFAOYNA-N,-8.347
GBA,m06,mut_s1,detail,1,59,MIKIJFODTJGFDI-LILDFLRNNA-N,-8.056
GBA,m06,mut_s1,detail,1,60,RUWCNSLWWCWTSU-LILDFLRNNA-N,-9.201
GBA,m06,mut_s1,detail,1,61,KLQWCHKIQJHYIB-UHFFFAOYNA-N,-9.343
GBA,m06,mut_s1,detail,1,62,QKAWGENQCGFAOE-NPVYFSBINA-N,-8.216
GBA,m06,mut_s1,detail,1,63,KGOKCBRZBBEYBE-MMRXBHCZNA-N,-9.959
GBA,m06,mut_s1,detail,1,64,ROFRXCLSWKEWTN-UHFFFAOYNA-N,-7.82
GBA,m06,mut_s1,detail,1,65,AKRMJNKLSCBEME-FPYGCLRLNA-N,-8.025
GBA,m06,mut_s1,detail,1,66,LCGJUJZLLYTYIF-XMFFZCEENA-N,-7.755
GBA,m06,mut_s1,detail,1,67,FREQNFSEYLEFOI-QRCVEOAVNA-N,-7.933
GBA,m06,mut_s1,detail,1,68,MHMINAYLMNBGSM-UHFFFAOYNA-N,-7.56
GBA,m06,mut_s1,detail,1,69,SYMNTBHEGHFZMV-UHFFFAOYNA-N,-8.191
GBA,m06,mut_s1,detail,1,70,NNCRWGMPCGSKOO-LILDFLRNNA-N,-8.184
GBA,m06,mut_s1,detail,1,71,ZCRRNCCNJMRGFI-UHFFFAOYNA-N,-9.212
GBA,m06,mut_s1,detail,1,72,PYVZEIBGEUQNQQ-UHFFFAOYNA-N,-9.05
GBA,m06,mut_s1,detail,1,73,OROJQWVRCGJACT-XBTAAFKLNA-N,-9.73
GBA,m06,mut_s1,detail,1,74,TXYUWXKCUDOUGU-JLGFQASFNA-N,-7.13
GBA,m06,mut_s1,detail,1,75,LAZANALODSEDSE-UHFFFAOYNA-N,-8.115
GBA,m06,mut_s1,detail,1,76,RJXCYVJLXGRCHK-UHFFFAOYNA-N,-9.391
GBA,m06,mut_s1,detail,1,77,FUSKIBWHJAWEFI-IEJAXPBYNA-N,-8.568
GBA,m06,mut_s1,detail,1,78,SGWVLOCBQLQWQV-UHFFFAOYNA-N,-8.238
GBA,m06,mut_s1,detail,1,79,PPXRQTYXLZCDAZ-QWOVJGMINA-N,-8.564
GBA,m06,mut_s1,detail,1,80,DIFBADFWLVYFHV-LELJVTLKNA-N,-9.485
GBA,m06,mut_s1,detail,1,81,XREOSEVJCQGCHE-MHPMNMKGNA-N,-9.378
GBA,m06,mut_s1,detail,1,82,ZHGPKHBXSKWZEQ-UHFFFAOYNA-N,-9.022
GBA,m06,mut_s1,detail,1,83,ZFAYPJJNPSNAFK-UHFFFAOYNA-N,-9.402
GBA,m06,mut_s1,detail,1,84,LTXMRAGWIDQTQT-MYUTVWBTNA-N,-10.08
GBA,m06,mut_s1,detail,1,85,VXQHYHSSGLOALC-SPEPDGBUNA-N,-10.221
GBA,m06,mut_s1,detail,1,86,KWDSFRAWCISROF-PJQSKVNONA-N,-9.466
GBA,m06,mut_s1,detail,1,87,ZJZXSQPHUQUHIV-ZGZFQTMPNA-N,-9.833
GBA,m06,mut_s1,detail,1,88,UYHIVPBYFWVWEJ-UHFFFAOYNA-N,-9.968
GBA,m06,mut_s1,detail,1,89,PLEFJSUCKRWHBY-LNNLXFCONA-N,-8.517
GBA,m06,mut_s1,detail,1,90,DNSRQCRQLKJUCC-PDJAEHLQNA-N,-9.247
GBA,m06,mut_s1,detail,1,91,PHYKZCBUNVYJNH-YDBXFXKPNA-N,-7.094
GBA,m06,mut_s1,detail,1,92,OOUHZBUAVKCDGA-UHFFFAOYNA-N,-9.249
GBA,m06,mut_s1,detail,1,93,UUQDFZFJDFMLHW-UHFFFAOYNA-N,-8.364
GBA,m06,mut_s1,detail,1,94,OOUDDHNLDLLUOL-SKKVRFOWNA-N,-9.619
GBA,m06,mut_s1,detail,1,95,ZDMQSUAMTLXUTE-MPIMZMORNA-N,-9.828
GBA,m06,mut_s1,detail,1,96,NMPLPABDEKPABN-UHFFFAOYNA-N,-8.86
GBA,m06,mut_s1,detail,1,97,INZRHGSVWGRHBM-NPVYFSBINA-N,-9.972
GBA,m06,mut_s1,detail,1,98,RVGCWMKVTAEQIH-LNNLXFCONA-N,-9.382
GBA,m06,mut_s1,detail,1,99,VRXWKRQOVMZBAF-LJQANCHMNA-N,-9.043
GBA,m06,mut_s1,detail,1,100,QACLWOIBBYOHQP-UYBDAZJANA-N,-8.326
GBA,m06,mut_s1,detail,1,101,ZNXSZVFPCBIELQ-LNNLXFCONA-N,-8.073
GBA,m06,mut_s1,detail,1,102,GKMWCCNMKRSQHR-VEKUMTKDNA-N,-9.1
GBA,m06,mut_s1,detail,1,103,FFGUSRSMWFYKGK-SKKVRFOWNA-N,-9.009
GBA,m06,mut_s1,detail,1,104,KXBDDGKXLZBLOM-SPEPDGBUNA-N,-9.06
GBA,m06,mut_s1,detail,1,105,MIUWULAZCXYTJW-MSHHZIMBNA-N,-10.258
GBA,m06,mut_s1,detail,1,106,JPZOYWVRFLZCIC-NJNXFGOHNA-N,-10.079
GBA,m06,mut_s1,detail,1,107,FAIQTLBYDVKBAB-DVIAZDKANA-N,-9.23
GBA,m06,mut_s1,detail,1,108,APFLRZZAOXCNAZ-UHFFFAOYNA-N,-7.455
GBA,m06,mut_s1,detail,1,109,BSQLDSQTGOZBFD-UHFFFAOYNA-N,-8.891
GBA,m06,mut_s1,detail,1,110,ZVVCFJXCDATSCC-UHFFFAOYNA-N,-9.021
GBA,m06,mut_s1,detail,1,111,SKEQTXZATFWVMB-UYBDAZJANA-N,-8.137
GBA,m06,mut_s1,detail,1,112,IATWYRHDJKMBQK-MPIMZMORNA-N,-7.353
GBA,m06,mut_s1,detail,1,113,JPWOEQDCUZCWKT-MPIMZMORNA-N,-8.021
GBA,m06,mut_s1,detail,1,114,RYHSAXRBHDHPPK-PKSOQXRJNA-N,-8.09
GBA,m06,mut_s1,detail,1,115,GKKJWUFVZJJFPG-MPIMZMORNA-N,-9.014
GBA,m06,mut_s1,detail,1,116,FDNZXFDUCINVLY-BDGWVKIONA-N,-8.609
GBA,m06,mut_s1,detail,1,117,KTBYKHKWIFIFAK-UHFFFAOYNA-N,-10.593
GBA,m06,mut_s1,detail,1,118,ZRXZEWGUECXTTQ-LQFNOIFHNA-N,-9.13
GBA,m06,mut_s1,detail,1,119,XNACBBGLIAJNJM-PECIQRARNA-N,-8.337
GBA,m06,mut_s1,detail,1,120,WQZYYJRVBIQUGH-YWZOXAELNA-N,-7.271
GBA,m06,mut_s1,detail,1,121,ABMSRNRLDZVJFV-SWUIVHNENA-N,-9.068
GBA,m06,mut_s1,detail,1,122,ZEACBIUBSOLEGW-QAITUMOCNA-N,-11.115
GBA,m06,mut_s1,detail,1,123,UBFCDXVLKFOOGL-OKPOJWAQNA-N,-9.401
GBA,m06,mut_s1,detail,1,124,RRIHVAFUFDANEX-NSJMMFDCNA-N,-10.02
GBA,m06,mut_s1,detail,1,125,HASIAUWPWKTSBW-SREBMQDQNA-N,-8.499
GBA,m06,mut_s1,detail,1,126,WHBCKYHTCHCHAY-LQFNOIFHNA-N,-9.768
GBA,m06,mut_s1,detail,1,127,XMAYWYJOQHXEEK-JYFHCDHNNA-N,-9.413
GBA,m06,mut_s1,detail,1,128,TVKCFCZANTZCSU-OYRHEFFENA-N,-10.192
GBA,m06,mut_s1,detail,1,129,OJFIIUWPOHBVMH-LNNLXFCONA-N,-8.178
GBA,m06,mut_s1,detail,1,130,DKLZMGFTGWKNCD-DIRLUKLVNA-N,-10.012
GBA,m06,mut_s1,detail,1,131,PYSLGWZFRQWTDD-PWIKPTQSNA-N,-10.532
GBA,m06,mut_s1,detail,1,132,MWMBIUUYBQWKJX-QTUCRYGENA-N,-9.094
GBA,m06,mut_s1,detail,1,133,FLYQFCXTEFTSQN-UHFFFAOYNA-N,-8.763
GBA,m06,mut_s1,detail,1,134,PBIBDSDWIMZYDT-WBWGZOKWNA-N,-9.793
GBA,m06,mut_s1,detail,1,135,GSRWMFGBDLHGBU-YEFLILRRNA-N,-8.615
GBA,m06,mut_s1,detail,1,136,AYIJJQHMZAEQKE-QDAGQJSJNA-N,-10.377
GBA,m06,mut_s1,detail,1,137,JVWTZUKPDMRNDC-FSAKADSPNA-N,-10.242
GBA,m06,mut_s1,detail,1,138,XAZPLOLSRXZDBO-LBZABMTDNA-N,-8.745
GBA,m06,mut_s1,detail,1,139,RGWVFJBNHCWCTL-CFEGKOCINA-N,-8.875
GBA,m06,mut_s1,detail,1,140,YYWNRQZCPIMCAK-UHFFFAOYNA-N,-9.36
GBA,m06,mut_s1,detail,1,141,PBTZDKNKXRSZPM-XBXBPLPCNA-N,-9.189
GBA,m06,mut_s1,detail,1,142,QQPOIMHFFPBDQM-LELJVTLKNA-N,-9.367
GBA,m06,mut_s1,detail,1,143,NYFQURFFDGCBCB-MAQJPOOANA-N,-9.142
GBA,m06,mut_s1,detail,1,144,HXZVHWHABLBWBS-MTTPVDACNA-N,-11.281
GBA,m06,mut_s1,detail,1,145,IWYYSOJWYLZKLK-LELJVTLKNA-N,-8.314
GBA,m06,mut_s1,detail,1,146,HOGUCNPGZXMBGW-UHFFFAOYNA-N,-10.181
GBA,m06,mut_s1,detail,1,147,VITUDJAVASFPKN-DUFUIDNCNA-N,-9.625
GBA,m06,mut_s1,detail,1,148,IXAHDCRYEUYPBG-SCXYCHFONA-N,-11.114
GBA,m06,mut_s1,detail,1,149,JWHMEKMLAZQDNS-OZMOGHDGNA-N,-8.822
GBA,m06,mut_s1,detail,1,150,BZWNBTIJLRHNDZ-LBOYIXSDNA-N,-9.112
GBA,m06,mut_s1,detail,1,151,RECYROBESYRUML-UHFFFAOYNA-N,-10.888
GBA,m06,mut_s1,detail,1,152,MLDSJJJLQRZNKW-UHBIVWOUNA-N,-10.173
GBA,m06,mut_s1,detail,1,153,XTWIHJARHCYNFX-PHXLCVRDNA-N,-8.196
GBA,m06,mut_s1,detail,1,154,UQGFETVWTRDGKJ-UHFFFAOYNA-N,-8.858
GBA,m06,mut_s1,detail,1,155,VJFSMDWEMFOWDK-CYSPOYASNA-N,-9.87
GBA,m06,mut_s1,detail,1,156,NZYLXYBIWNIAGH-CYSPOYASNA-N,-9.762
GBA,m06,mut_s1,detail,1,157,ODXCWFOKLBJQNP-MPIMZMORNA-N,-8.404
GBA,m06,mut_s1,detail,1,158,FVDNMAPPDSKXKQ-UHFFFAOYNA-N,-10.261
GBA,m06,mut_s1,detail,1,159,DOPWMPRIRWTOOD-CCHPKIMANA-N,-9.565
GBA,m07,mut_s1,detail,1,0,URVMSYHISUZXNH-UYBDAZJANA-N,-8.521
GBA,m07,mut_s1,detail,1,1,KXRPCFINVWWFHQ-UHFFFAOYNA-N,-5.425
GBA,m07,mut_s1,detail,1,2,NICJTSHRYBTHAS-YHMJCDSINA-N,-7.453
GBA,m07,mut_s1,detail,1,3,SWRZVDTZHDWPDS-AWIDAIFANA-N,-9.44
GBA,m07,mut_s1,detail,1,4,RKNSLLSUFWWYCA-UHFFFAOYNA-N,-8.778
GBA,m07,mut_s1,detail,1,5,OZFSIKFTRRUDES-RIYZIHGNNA-N,-6.563
GBA,m07,mut_s1,detail,1,6,AAGGUCRASUJPPN-UHFFFAOYNA-N,-8.149
GBA,m07,mut_s1,detail,1,7,OYHXDPMAFYHDNG-YAQRNVERNA-N,-7.925
GBA,m07,mut_s1,detail,1,8,AWILWAIEQYZUEQ-UHFFFAOYNA-N,-6.81
GBA,m07,mut_s1,detail,1,9,WSFAXHLMQUUHQT-VMPITWQZNA-N,-7.676
GBA,m07,mut_s1,detail,1,10,WPHMTVNOXKBZKN-UHFFFAOYNA-N,-6.85
GBA,m07,mut_s1,detail,1,11,LPEIZNODGHDCCW-UHFFFAOYNA-N,-7.27
GBA,m07,mut_s1,detail,1,12,QQHWWDVSRWOHEP-LILDFLRNNA-N,-8.773
GBA,m07,mut_s1,detail,1,13,UMEVSSPGBFVQNC-UHFFFAOYNA-N,-6.168
GBA,m07,mut_s1,detail,1,14,VZDIOEKWWZRNQN-UHFFFAOYNA-N,-8.767
GBA,m07,mut_s1,detail,1,15,JEVLDOUORFAHRS-NDKGDYFDNA-N,-7.2
GBA,m07,mut_s1,detail,1,16,NFTGJNJRMWUBPG-GPQMBLKYNA-N,-7.077
GBA,m07,mut_s1,detail,1,17,UMUUTEZBWGDVDA-UHFFFAOYNA-N,-7.961
GBA,m07,mut_s1,detail,1,18,VLQKEPLNPGYNDJ-HCKMINDGNA-N,-7.74
GBA,m07,mut_s1,detail,1,19,PPMVTAATPZLMJM-CDDDEJBQNA-N,-8.204
GBA,m07,mut_s1,detail,1,20,AHLYFAKLKLMESK-YAQRNVERNA-N,-6.948
GBA,m07,mut_s1,detail,1,21,GYEJYLAGVWRSIM-KGJHZMDYNA-N,-7.778
GBA,m07,mut_s1,detail,1,22,RXVALSLAUOIYLW-UHFFFAOYNA-N,-7.422
GBA,m07,mut_s1,detail,1,23,NSELYIFATLFDOZ-JLGFQASFNA-N,-8.488
GBA,m07,mut_s1,detail,1,24,COQFBYACOHFCEC-UHFFFAOYNA-N,-7.521
GBA,m07,mut_s1,detail,1,25,CJGJXFCLDYQBFQ-YJGXKCCXNA-N,-8.46
GBA,m07,mut_s1,detail,1,26,BWNGRRJLFYHENY-INIZCTEONA-N,-7.526
GBA,m07,mut_s1,detail,1,27,BNRFXWSJKVJVOF-UYBDAZJANA-N,-9.159
GBA,m07,mut_s1,detail,1,28,DMULMZBZVBBWBY-PJZINPJWNA-N,-8.503
GBA,m07,mut_s1,detail,1,29,AXLAIGJGNKHDPO-UHFFFAOYNA-N,-6.541
GBA,m07,mut_s1,detail,1,30,RKDGAONZEPYEBT-WXRBYKJCNA-N,-7.036
GBA,m07,mut_s1,detail,1,31,MBOYDUZSCSNUQL-MBBDSNKKNA-N,-7.84
GBA,m07,mut_s1,detail,1,32,KPVDBHRTXOFQDK-YAQRNVERNA-N,-7.21
GBA,m07,mut_s1,detail,1,33,LVCNFMYUKISBSB-VJSNTGQMNA-N,-7.334
GBA,m07,mut_s1,detail,1,34,XLAHCIRKLMJUQC-DZQCGVKKNA-N,-8.739
GBA,m07,mut_s1,detail,1,35,QNYHDABGLCBJOE-SHHGZXMVNA-N,-9.508
GBA,m07,mut_s1,detail,1,36,HEKNRISBWSPMOG-OWTLIXCDNA-N,-7.522
GBA,m07,mut_s1,detail,1,37,VIRNXCRLEVZXNX-LILDFLRNNA-N,-8.917
GBA,m07,mut_s1,detail,1,38,SRTGERSEXJGDMR-UHFFFAOYNA-N,-7.055
GBA,m07,mut_s1,detail,1,39,ZGMGSSRLZJYOKH-WXRBYKJCNA-N,-7.106
GBA,m07,mut_s1,detail,1,40,VGYFDFRFGHHCDA-CUTUCBJDNA-N,-9.401
GBA,m07,mut_s1,detail,1,41,DILPMLYWQJPNLO-HCKMINDGNA-N,-8.44
GBA,m07,mut_s1,detail,1,42,RSOODJIGEVJLMK-LQFNOIFHNA-N,-8.903
GBA,m07,mut_s1,detail,1,43,OWHHWMUAYBIQPR-UHFFFAOYNA-N,-8.799
GBA,m07,mut_s1,detail,1,44,KPIKMVZJKZDOFC-UHFFFAOYNA-N,-9.483
GBA,m07,mut_s1,detail,1,45,DIKDKRUREJXLMR-DPMTXJEANA-N,-8.769
GBA,m07,mut_s1,detail,1,46,QRVJDPKQHAVBDK-UYBDAZJANA-N,-7.819
GBA,m07,mut_s1,detail,1,47,SGBSFKSDPWOALT-UYBDAZJANA-N,-8.24
GBA,m07,mut_s1,detail,1,48,CYHFRNFVZWVHCG-OTJKMEOQNA-N,-8.817
GBA,m07,mut_s1,detail,1,49,MJUDQDHXCQONOA-MPIMZMORNA-N,-8.765
GBA,m07,mut_s1,detail,1,50,RNVYRNLUUYNQAS-PKSOQXRJNA-N,-7.771
GBA,m07,mut_s1,detail,1,51,DLZXOZYETDVJEB-QWOVJGMINA-N,-7.299
GBA,m07,mut_s1,detail,1,52,HSICVZRDGBJSEL-GPQMBLKYNA-N,-8.003
GBA,m07,mut_s1,detail,1,53,HMRUHHFLIMYEAF-QNGOCPJXNA-N,-8.022
GBA,m07,mut_s1,detail,1,54,ZZOWQPSBJUXHCA-YSPRVCGUNA-N,-8.341
GBA,m07,mut_s1,detail,1,55,WDDJLHOUFWSQSV-UHFFFAOYNA-N,-9.063
GBA,m07,mut_s1,detail,1,56,UKLIIGXGTPSYBF-IBCWCQIKNA-N,-7.933
GBA,m07,mut_s1,detail,1,57,LNPOBRXJZYGQMS-MOHJPFBDNA-N,-8.745
GBA,m07,mut_s1,detail,1,58,FYILBFPPKIZBTO-UHFFFAOYNA-N,-7.851
GBA,m07,mut_s1,detail,1,59,MIKIJFODTJGFDI-LILDFLRNNA-N,-7.705
GBA,m07,mut_s1,detail,1,60,RUWCNSLWWCWTSU-LILDFLRNNA-N,-9.748
GBA,m07,mut_s1,detail,1,61,KLQWCHKIQJHYIB-UHFFFAOYNA-N,-9.414
GBA,m07,mut_s1,detail,1,62,QKAWGENQCGFAOE-NPVYFSBINA-N,-7.878
GBA,m07,mut_s1,detail,1,63,KGOKCBRZBBEYBE-MMRXBHCZNA-N,-10.397
GBA,m07,mut_s1,detail,1,64,ROFRXCLSWKEWTN-UHFFFAOYNA-N,-7.759
GBA,m07,mut_s1,detail,1,65,AKRMJNKLSCBEME-FPYGCLRLNA-N,-6.688
GBA,m07,mut_s1,detail,1,66,LCGJUJZLLYTYIF-XMFFZCEENA-N,-8.134
GBA,m07,mut_s1,detail,1,67,FREQNFSEYLEFOI-QRCVEOAVNA-N,-8.558
GBA,m07,mut_s1,detail,1,68,MHMINAYLMNBGSM-UHFFFAOYNA-N,-7.413
GBA,m07,mut_s1,detail,1,69,SYMNTBHEGHFZMV-UHFFFAOYNA-N,-7.859
GBA,m07,mut_s1,detail,1,70,NNCRWGMPCGSKOO-LILDFLRNNA-N,-7.822
GBA,m07,mut_s1,detail,1,71,ZCRRNCCNJMRGFI-UHFFFAOYNA-N,-9.611
GBA,m07,mut_s1,detail,1,72,PYVZEIBGEUQNQQ-UHFFFAOYNA-N,-9.176
GBA,m07,mut_s1,detail,1,73,OROJQWVRCGJACT-XBTAAFKLNA-N,-9.848
GBA,m07,mut_s1,detail,1,74,TXYUWXKCUDOUGU-JLGFQASFNA-N,-7.701
GBA,m07,mut_s1,detail,1,75,LAZANALODSEDSE-UHFFFAOYNA-N,-8.8
GBA,m07,mut_s1,detail,1,76,RJXCYVJLXGRCHK-UHFFFAOYNA-N,-9.228
GBA,m07,mut_s1,detail,1,77,FUSKIBWHJAWEFI-IEJAXPBYNA-N,-8.294
GBA,m07,mut_s1,detail,1,78,SGWVLOCBQLQWQV-UHFFFAOYNA-N,-8.598
GBA,m07,mut_s1,detail,1,79,PPXRQTYXLZCDAZ-QWOVJGMINA-N,-9.612
GBA,m07,mut_s1,detail,1,80,DIFBADFWLVYFHV-LELJVTLKNA-N,-9.498
GBA,m07,mut_s1,detail,1,81,XREOSEVJCQGCHE-MHPMNMKGNA-N,-10.288
GBA,m07,mut_s1,detail,1,82,ZHGPKHBXSKWZEQ-UHFFFAOYNA-N,-9.261
GBA,m07,mut_s1,detail,1,83,ZFAYPJJNPSNAFK-UHFFFAOYNA-N,-9.332
GBA,m07,mut_s1,detail,1,84,LTXMRAGWIDQTQT-MYUTVWBTNA-N,-10.35
GBA,m07,mut_s1,detail,1,85,VXQHYHSSGLOALC-SPEPDGBUNA-N,-10.637
GBA,m07,mut_s1,detail,1,86,KWDSFRAWCISROF-PJQSKVNONA-N,-9.458
GBA,m07,mut_s1,detail,1,87,ZJZXSQPHUQUHIV-ZGZFQTMPNA-N,-10.481
GBA,m07,mut_s1,detail,1,88,UYHIVPBYFWVWEJ-UHFFFAOYNA-N,-10.326
GBA,m07,mut_s1,detail,1,89,PLEFJSUCKRWHBY-LNNLXFCONA-N,-8.827
GBA,m07,mut_s1,detail,1,90,DNSRQCRQLKJUCC-PDJAEHLQNA-N,-8.709
GBA,m07,mut_s1,detail,1,91,PHYKZCBUNVYJNH-YDBXFXKPNA-N,-8.273
GBA,m07,mut_s1,detail,1,92,OOUHZBUAVKCDGA-UHFFFAOYNA-N,-8.998
GBA,m07,mut_s1,detail,1,93,UUQDFZFJDFMLHW-UHFFFAOYNA-N,-8.355
GBA,m07,mut_s1,detail,1,94,OOUDDHNLDLLUOL-SKKVRFOWNA-N,-9.151
GBA,m07,mut_s1,detail,1,95,ZDMQSUAMTLXUTE-MPIMZMORNA-N,-9.417
GBA,m07,mut_s1,detail,1,96,NMPLPABDEKPABN-UHFFFAOYNA-N,-9.783
GBA,m07,mut_s1,detail,1,97,INZRHGSVWGRHBM-NPVYFSBINA-N,-9.701
GBA,m07,mut_s1,detail,1,98,RVGCWMKVTAEQIH-LNNLXFCONA-N,-9.374
GBA,m07,mut_s1,detail,1,99,VRXWKRQOVMZBAF-LJQANCHMNA-N,-9.342
GBA,m07,mut_s1,detail,1,100,QACLWOIBBYOHQP-UYBDAZJANA-N,-8.337
GBA,m07,mut_s1,detail,1,101,ZNXSZVFPCBIELQ-LNNLXFCONA-N,-8.374
GBA,m07,mut_s1,detail,1,102,GKMWCCNMKRSQHR-VEKUMTKDNA-N,-10.135
GBA,m07,mut_s1,detail,1,103,FFGUSRSMWFYKGK-SKKVRFOWNA-N,-9.179
GBA,m07,mut_s1,detail,1,104,KXBDDGKXLZBLOM-SPEPDGBUNA-N,-9.144
GBA,m07,mut_s1,detail,1,105,MIUWULAZCXYTJW-MSHHZIMBNA-N,-9.548
GBA,m07,mut_s1,detail,1,106,JPZOYWVRFLZCIC-NJNXFGOHNA-N,-10.179
GBA,m07,mut_s1,detail,1,107,FAIQTLBYDVKBAB-DVIAZDKANA-N,-9.771
GBA,m07,mut_s1,detail,1,108,APFLRZZAOXCNAZ-UHFFFAOYNA-N,-8.089
GBA,m07,mut_s1,detail,1,109,BSQLDSQTGOZBFD-UHFFFAOYNA-N,-9.401
GBA,m07,mut_s1,detail,1,110,ZVVCFJXCDATSCC-UHFFFAOYNA-N,-9.172
GBA,m07,mut_s1,detail,1,111,SKEQTXZATFWVMB-UYBDAZJANA-N,-7.75
GBA,m07,mut_s1,detail,1,112,IATWYRHDJKMBQK-MPIMZMORNA-N,-8.202
GBA,m07,mut_s1,detail,1,113,JPWOEQDCUZCWKT-MPIMZMORNA-N,-7.377
GBA,m07,mut_s1,detail,1,114,RYHSAXRBHDHPPK-PKSOQXRJNA-N,-8.326
GBA,m07,mut_s1,detail,1,115,GKKJWUFVZJJFPG-MPIMZMORNA-N,-9.289
GBA,m07,mut_s1,detail,1,116,FDNZXFDUCINVLY-BDGWVKIONA-N,-9.278
GBA,m07,mut_s1,detail,1,117,KTBYKHKWIFIFAK-UHFFFAOYNA-N,-10.273
GBA,m07,mut_s1,detail,1,118,ZRXZEWGUECXTTQ-LQFNOIFHNA-N,-9.794
GBA,m07,mut_s1,detail,1,119,XNACBBGLIAJNJM-PECIQRARNA-N,-8.637
GBA,m07,mut_s1,detail,1,120,WQZYYJRVBIQUGH-YWZOXAELNA-N,-7.034
GBA,m07,mut_s1,detail,1,121,ABMSRNRLDZVJFV-SWUIVHNENA-N,-9.192
GBA,m07,mut_s1,detail,1,122,ZEACBIUBSOLEGW-QAITUMOCNA-N,-10.938
GBA,m07,mut_s1,detail,1,123,UBFCDXVLKFOOGL-OKPOJWAQNA-N,-9.188
GBA,m07,mut_s1,detail,1,124,RRIHVAFUFDANEX-NSJMMFDCNA-N,-7.796
GBA,m07,mut_s1,detail,1,125,HASIAUWPWKTSBW-SREBMQDQNA-N,-8.741
GBA,m07,mut_s1,detail,1,126,WHBCKYHTCHCHAY-LQFNOIFHNA-N,-10.277
GBA,m07,mut_s1,detail,1,127,XMAYWYJOQHXEEK-JYFHCDHNNA-N,-9.288
GBA,m07,mut_s1,detail,1,128,TVKCFCZANTZCSU-OYRHEFFENA-N,-10.972
GBA,m07,mut_s1,detail,1,129,OJFIIUWPOHBVMH-LNNLXFCONA-N,-8.642
GBA,m07,mut_s1,detail,1,130,DKLZMGFTGWKNCD-DIRLUKLVNA-N,-10.248
GBA,m07,mut_s1,detail,1,131,PYSLGWZFRQWTDD-PWIKPTQSNA-N,-10.707
GBA,m07,mut_s1,detail,1,132,MWMBIUUYBQWKJX-QTUCRYGENA-N,-9.329
GBA,m07,mut_s1,detail,1,133,FLYQFCXTEFTSQN-UHFFFAOYNA-N,-8.679
GBA,m07,mut_s1,detail,1,134,PBIBDSDWIMZYDT-WBWGZOKWNA-N,-9.408
GBA,m07,mut_s1,detail,1,135,GSRWMFGBDLHGBU-YEFLILRRNA-N,-8.479
GBA,m07,mut_s1,detail,1,136,AYIJJQHMZAEQKE-QDAGQJSJNA-N,-10.901
GBA,m07,mut_s1,detail,1,137,JVWTZUKPDMRNDC-FSAKADSPNA-N,-10.289
GBA,m07,mut_s1,detail,1,138,XAZPLOLSRXZDBO-LBZABMTDNA-N,-9.345
GBA,m07,mut_s1,detail,1,139,RGWVFJBNHCWCTL-CFEGKOCINA-N,-8.904
GBA,m07,mut_s1,detail,1,140,YYWNRQZCPIMCAK-UHFFFAOYNA-N,-9.058
GBA,m07,mut_s1,detail,1,141,PBTZDKNKXRSZPM-XBXBPLPCNA-N,-10.545
GBA,m07,mut_s1,detail,1,142,QQPOIMHFFPBDQM-LELJVTLKNA-N,-8.444
GBA,m07,mut_s1,detail,1,143,NYFQURFFDGCBCB-MAQJPOOANA-N,-9.28
GBA,m07,mut_s1,detail,1,144,HXZVHWHABLBWBS-MTTPVDACNA-N,-11.648
GBA,m07,mut_s1,detail,1,145,IWYYSOJWYLZKLK-LELJVTLKNA-N,-8.887
GBA,m07,mut_s1,detail,1,146,HOGUCNPGZXMBGW-UHFFFAOYNA-N,-10.408
GBA,m07,mut_s1,detail,1,147,VITUDJAVASFPKN-DUFUIDNCNA-N,-9.027
GBA,m07,mut_s1,detail,1,148,IXAHDCRYEUYPBG-SCXYCHFONA-N,-11.657
GBA,m07,mut_s1,detail,1,149,JWHMEKMLAZQDNS-OZMOGHDGNA-N,-9.181
GBA,m07,mut_s1,detail,1,150,BZWNBTIJLRHNDZ-LBOYIXSDNA-N,-9.839
GBA,m07,mut_s1,detail,1,151,RECYROBESYRUML-UHFFFAOYNA-N,-11.483
GBA,m07,mut_s1,detail,1,152,MLDSJJJLQRZNKW-UHBIVWOUNA-N,-9.688
GBA,m07,mut_s1,detail,1,153,XTWIHJARHCYNFX-PHXLCVRDNA-N,-8.612
GBA,m07,mut_s1,detail,1,154,UQGFETVWTRDGKJ-UHFFFAOYNA-N,-9.09
GBA,m07,mut_s1,detail,1,155,VJFSMDWEMFOWDK-CYSPOYASNA-N,-11.028
GBA,m07,mut_s1,detail,1,156,NZYLXYBIWNIAGH-CYSPOYASNA-N,-9.365
GBA,m07,mut_s1,detail,1,157,ODXCWFOKLBJQNP-MPIMZMORNA-N,-9.287
GBA,m07,mut_s1,detail,1,158,FVDNMAPPDSKXKQ-UHFFFAOYNA-N,-11.032
GBA,m07,mut_s1,detail,1,159,DOPWMPRIRWTOOD-CCHPKIMANA-N,-10.266
