target,receptor,tag,mode,seed,k,inchikey,score
HSD11B1,wt,wt_s1,detail,1,0,URVMSYHISUZXNH-UYBDAZJANA-N,-8.688
HSD11B1,wt,wt_s1,detail,1,1,KXRPCFINVWWFHQ-UHFFFAOYNA-N,-5.612
HSD11B1,wt,wt_s1,detail,1,2,NICJTSHRYBTHAS-YHMJCDSINA-N,-7.575
HSD11B1,wt,wt_s1,detail,1,3,SWRZVDTZHDWPDS-AWIDAIFANA-N,-9.233
HSD11B1,wt,wt_s1,detail,1,4,RKNSLLSUFWWYCA-UHFFFAOYNA-N,-9.245
HSD11B1,wt,wt_s1,detail,1,5,OZFSIKFTRRUDES-RIYZIHGNNA-N,-6.766
HSD11B1,wt,wt_s1,detail,1,6,AAGGUCRASUJPPN-UHFFFAOYNA-N,-8.276
HSD11B1,wt,wt_s1,detail,1,7,OYHXDPMAFYHDNG-YAQRNVERNA-N,-7.794
HSD11B1,wt,wt_s1,detail,1,8,AWILWAIEQYZUEQ-UHFFFAOYNA-N,-7.118
HSD11B1,wt,wt_s1,detail,1,9,WSFAXHLMQUUHQT-VMPITWQZNA-N,-8.026
HSD11B1,wt,wt_s1,detail,1,10,WPHMTVNOXKBZKN-UHFFFAOYNA-N,-6.93
HSD11B1,wt,wt_s1,detail,1,11,LPEIZNODGHDCCW-UHFFFAOYNA-N,-7.938
HSD11B1,wt,wt_s1,detail,1,12,QQHWWDVSRWOHEP-LILDFLRNNA-N,-8.958
HSD11B1,wt,wt_s1,detail,1,13,UMEVSSPGBFVQNC-UHFFFAOYNA-N,-6.505
HSD11B1,wt,wt_s1,detail,1,14,VZDIOEKWWZRNQN-UHFFFAOYNA-N,-8.988
HSD11B1,wt,wt_s1,detail,1,15,JEVLDOUORFAHRS-NDKGDYFDNA-N,-7.763
HSD11B1,wt,wt_s1,detail,1,16,NFTGJNJRMWUBPG-GPQMBLKYNA-N,-7.672
HSD11B1,wt,wt_s1,detail,1,17,UMUUTEZBWGDVDA-UHFFFAOYNA-N,-7.684
HSD11B1,wt,wt_s1,detail,1,18,VLQKEPLNPGYNDJ-HCKMINDGNA-N,-8.525
HSD11B1,wt,wt_s1,detail,1,19,PPMVTAATPZLMJM-CDDDEJBQNA-N,-9.48
HSD11B1,wt,wt_s1,detail,1,20,AHLYFAKLKLMESK-YAQRNVERNA-N,-7.568
HSD11B1,wt,wt_s1,detail,1,21,GYEJYLAGVWRSIM-KGJHZMDYNA-N,-8.066
HSD11B1,wt,wt_s1,detail,1,22,RXVALSLAUOIYLW-UHFFFAOYNA-N,-8.347
HSD11B1,wt,wt_s1,detail,1,23,NSELYIFATLFDOZ-JLGFQASFNA-N,-7.971
HSD11B1,wt,wt_s1,detail,1,24,COQFBYACOHFCEC-UHFFFAOYNA-N,-8.185
HSD11B1,wt,wt_s1,detail,1,25,CJGJXFCLDYQBFQ-YJGXKCCXNA-N,-8.596
HSD11B1,wt,wt_s1,detail,1,26,BWNGRRJLFYHENY-INIZCTEONA-N,-7.51
HSD11B1,wt,wt_s1,detail,1,27,BNRFXWSJKVJVOF-UYBDAZJANA-N,-8.718
HSD11B1,wt,wt_s1,detail,1,28,DMULMZBZVBBWBY-PJZINPJWNA-N,-8.965
HSD11B1,wt,wt_s1,detail,1,29,AXLAIGJGNKHDPO-UHFFFAOYNA-N,-7.242
HSD11B1,wt,wt_s1,detail,1,30,RKDGAONZEPYEBT-WXRBYKJCNA-N,-7.234
HSD11B1,wt,wt_s1,detail,1,31,MBOYDUZSCSNUQL-MBBDSNKKNA-N,-7.843
HSD11B1,wt,wt_s1,detail,1,32,KPVDBHRTXOFQDK-YAQRNVERNA-N,-6.69
HSD11B1,wt,wt_s1,detail,1,33,LVCNFMYUKISBSB-VJSNTGQMNA-N,-7.596
HSD11B1,wt,wt_s1,detail,1,34,XLAHCIRKLMJUQC-DZQCGVKKNA-N,-8.804
HSD11B1,wt,wt_s1,detail,1,35,QNYHDABGLCBJOE-SHHGZXMVNA-N,-8.633
HSD11B1,wt,wt_s1,detail,1,36,HEKNRISBWSPMOG-OWTLIXCDNA-N,-7.574
HSD11B1,wt,wt_s1,detail,1,37,VIRNXCRLEVZXNX-LILDFLRNNA-N,-9.672
HSD11B1,wt,wt_s1,detail,1,38,SRTGERSEXJGDMR-UHFFFAOYNA-N,-7.179
HSD11B1,wt,wt_s1,detail,1,39,ZGMGSSRLZJYOKH-WXRBYKJCNA-N,-7.331
HSD11B1,wt,wt_s1,detail,1,40,VGYFDFRFGHHCDA-CUTUCBJDNA-N,-9.483
HSD11B1,wt,wt_s1,detail,1,41,DILPMLYWQJPNLO-HCKMINDGNA-N,-9.021
HSD11B1,wt,wt_s1,detail,1,42,RSOODJIGEVJLMK-LQFNOIFHNA-N,-10.1
HSD11B1,wt,wt_s1,detail,1,43,OWHHWMUAYBIQPR-UHFFFAOYNA-N,-9.378
HSD11B1,wt,wt_s1,detail,1,44,KPIKMVZJKZDOFC-UHFFFAOYNA-N,-10.169
HSD11B1,wt,wt_s1,detail,1,45,DIKDKRUREJXLMR-DPMTXJEANA-N,-8.826
HSD11B1,wt,wt_s1,detail,1,46,QRVJDPKQHAVBDK-UYBDAZJANA-N,-7.26
HSD11B1,wt,wt_s1,detail,1,47,SGBSFKSDPWOALT-UYBDAZJANA-N,-9.221
HSD11B1,wt,wt_s1,detail,1,48,CYHFRNFVZWVHCG-OTJKMEOQNA-N,-8.668
HSD11B1,wt,wt_s1,detail,1,49,MJUDQDHXCQONOA-MPIMZMORNA-N,-8.465
HSD11B1,wt,wt_s1,detail,1,50,RNVYRNLUUYNQAS-PKSOQXRJNA-N,-8.228
HSD11B1,wt,wt_s1,detail,1,51,DLZXOZYETDVJEB-QWOVJGMINA-N,-7.737
HSD11B1,wt,wt_s1,detail,1,52,HSICVZRDGBJSEL-GPQMBLKYNA-N,-8.441
HSD11B1,wt,wt_s1,detail,1,53,HMRUHHFLIMYEAF-QNGOCPJXNA-N,-7.752
HSD11B1,wt,wt_s1,detail,1,54,ZZOWQPSBJUXHCA-YSPRVCGUNA-N,-8.665
HSD11B1,wt,wt_s1,detail,1,55,WDDJLHOUFWSQSV-UHFFFAOYNA-N,-9.014
HSD11B1,wt,wt_s1,detail,1,56,UKLIIGXGTPSYBF-IBCWCQIKNA-N,-8.855
HSD11B1,wt,wt_s1,detail,1,57,LNPOBRXJZYGQMS-MOHJPFBDNA-N,-8.72
HSD11B1,wt,wt_s1,detail,1,58,FYILBFPPKIZBTO-UHFFFAOYNA-N,-7.345
HSD11B1,wt,wt_s1,detail,1,59,MIKIJFODTJGFDI-LILDFLRNNA-N,-8.326
HSD11B1,wt,wt_s1,detail,1,60,RUWCNSLWWCWTSU-LILDFLRNNA-N,-10.084
HSD11B1,wt,wt_s1,detail,1,61,KLQWCHKIQJHYIB-UHFFFAOYNA-N,-9.984
HSD11B1,wt,wt_s1,detail,1,62,QKAWGENQCGFAOE-NPVYFSBINA-N,-8.679
HSD11B1,wt,wt_s1,detail,1,63,KGOKCBRZBBEYBE-MMRXBHCZNA-N,-10.124
HSD11B1,wt,wt_s1,detail,1,64,ROFRXCLSWKEWTN-UHFFFAOYNA-N,-8.293
HSD11B1,wt,wt_s1,detail,1,65,AKRMJNKLSCBEME-FPYGCLRLNA-N,-8.062
HSD11B1,wt,wt_s1,detail,1,66,LCGJUJZLLYTYIF-XMFFZCEENA-N,-8.673
HSD11B1,wt,wt_s1,detail,1,67,FREQNFSEYLEFOI-QRCVEOAVNA-N,-8.694
HSD11B1,wt,wt_s1,detail,1,68,MHMINAYLMNBGSM-UHFFFAOYNA-N,-7.966
HSD11B1,wt,wt_s1,detail,1,69,SYMNTBHEGHFZMV-UHFFFAOYNA-N,-8.239
HSD11B1,wt,wt_s1,detail,1,70,NNCRWGMPCGSKOO-LILDFLRNNA-N,-8.003
HSD11B1,wt,wt_s1,detail,1,71,ZCRRNCCNJMRGFI-UHFFFAOYNA-N,-10.061
HSD11B1,wt,wt_s1,detail,1,72,PYVZEIBGEUQNQQ-UHFFFAOYNA-N,-10.207
HSD11B1,wt,wt_s1,detail,1,73,OROJQWVRCGJACT-XBTAAFKLNA-N,-9.715
HSD11B1,wt,wt_s1,detail,1,74,TXYUWXKCUDOUGU-JLGFQASFNA-N,-7.996
HSD11B1,wt,wt_s1,detail,1,75,LAZANALODSEDSE-UHFFFAOYNA-N,-8.698
HSD11B1,wt,wt_s1,detail,1,76,RJXCYVJLXGRCHK-UHFFFAOYNA-N,-10.432
HSD11B1,wt,wt_s1,detail,1,77,FUSKIBWHJAWEFI-IEJAXPBYNA-N,-8.66
HSD11B1,wt,wt_s1,detail,1,78,SGWVLOCBQLQWQV-UHFFFAOYNA-N,-9.064
HSD11B1,wt,wt_s1,detail,1,79,PPXRQTYXLZCDAZ-QWOVJGMINA-N,-9.542
HSD11B1,wt,wt_s1,detail,1,80,DIFBADFWLVYFHV-LELJVTLKNA-N,-9.15
HSD11B1,wt,wt_s1,detail,1,81,XREOSEVJCQGCHE-MHPMNMKGNA-N,-9.935
HSD11B1,wt,wt_s1,detail,1,82,ZHGPKHBXSKWZEQ-UHFFFAOYNA-N,-9.465
HSD11B1,wt,wt_s1,detail,1,83,ZFAYPJJNPSNAFK-UHFFFAOYNA-N,-9.418
HSD11B1,wt,wt_s1,detail,1,84,LTXMRAGWIDQTQT-MYUTVWBTNA-N,-10.18
HSD11B1,wt,wt_s1,detail,1,85,VXQHYHSSGLOALC-SPEPDGBUNA-N,-9.817
HSD11B1,wt,wt_s1,detail,1,86,KWDSFRAWCISROF-PJQSKVNONA-N,-9.355
HSD11B1,wt,wt_s1,detail,1,87,ZJZXSQPHUQUHIV-ZGZFQTMPNA-N,-10.76
HSD11B1,wt,wt_s1,detail,1,88,UYHIVPBYFWVWEJ-UHFFFAOYNA-N,-10.059
HSD11B1,wt,wt_s1,detail,1,89,PLEFJSUCKRWHBY-LNNLXFCONA-N,-7.692
HSD11B1,wt,wt_s1,detail,1,90,DNSRQCRQLKJUCC-PDJAEHLQNA-N,-9.463
HSD11B1,wt,wt_s1,detail,1,91,PHYKZCBUNVYJNH-YDBXFXKPNA-N,-7.598
HSD11B1,wt,wt_s1,detail,1,92,OOUHZBUAVKCDGA-UHFFFAOYNA-N,-9.984
HSD11B1,wt,wt_s1,detail,1,93,UUQDFZFJDFMLHW-UHFFFAOYNA-N,-8.203
HSD11B1,wt,wt_s1,detail,1,94,OOUDDHNLDLLUOL-SKKVRFOWNA-N,-10.075
HSD11B1,wt,wt_s1,detail,1,95,ZDMQSUAMTLXUTE-MPIMZMORNA-N,-9.747
HSD11B1,wt,wt_s1,detail,1,96,NMPLPABDEKPABN-UHFFFAOYNA-N,-9.621
HSD11B1,wt,wt_s1,detail,1,97,INZRHGSVWGRHBM-NPVYFSBINA-N,-10.401
HSD11B1,wt,wt_s1,detail,1,98,RVGCWMKVTAEQIH-LNNLXFCONA-N,-9.872
HSD11B1,wt,wt_s1,detail,1,99,VRXWKRQOVMZBAF-LJQANCHMNA-N,-8.257
HSD11B1,wt,wt_s1,detail,1,100,QACLWOIBBYOHQP-UYBDAZJANA-N,-8.659
HSD11B1,wt,wt_s1,detail,1,101,ZNXSZVFPCBIELQ-LNNLXFCONA-N,-8.58
HSD11B1,wt,wt_s1,detail,1,102,GKMWCCNMKRSQHR-VEKUMTKDNA-N,-9.456
HSD11B1,wt,wt_s1,detail,1,103,FFGUSRSMWFYKGK-SKKVRFOWNA-N,-9.224
HSD11B1,wt,wt_s1,detail,1,104,KXBDDGKXLZBLOM-SPEPDGBUNA-N,-9.428
HSD11B1,wt,wt_s1,detail,1,105,MIUWULAZCXYTJW-MSHHZIMBNA-N,-10.142
HSD11B1,wt,wt_s1,detail,1,106,JPZOYWVRFLZCIC-NJNXFGOHNA-N,-10.766
HSD11B1,wt,wt_s1,detail,1,107,FAIQTLBYDVKBAB-DVIAZDKANA-N,-8.744
HSD11B1,wt,wt_s1,detail,1,108,APFLRZZAOXCNAZ-UHFFFAOYNA-N,-9.222
HSD11B1,wt,wt_s1,detail,1,109,BSQLDSQTGOZBFD-UHFFFAOYNA-N,-9.334
HSD11B1,wt,wt_s1,detail,1,110,ZVVCFJXCDATSCC-UHFFFAOYNA-N,-9.757
HSD11B1,wt,wt_s1,detail,1,111,SKEQTXZATFWVMB-UYBDAZJANA-N,-7.195
HSD11B1,wt,wt_s1,detail,1,112,IATWYRHDJKMBQK-MPIMZMORNA-N,-8.753
HSD11B1,wt,wt_s1,detail,1,113,JPWOEQDCUZCWKT-MPIMZMORNA-N,-8.038
HSD11B1,wt,wt_s1,detail,1,114,RYHSAXRBHDHPPK-PKSOQXRJNA-N,-8.17
HSD11B1,wt,wt_s1,detail,1,115,GKKJWUFVZJJFPG-MPIMZMORNA-N,-9.782
HSD11B1,wt,wt_s1,detail,1,116,FDNZXFDUCINVLY-BDGWVKIONA-N,-8.332
HSD11B1,wt,wt_s1,detail,1,117,KTBYKHKWIFIFAK-UHFFFAOYNA-N,-10.748
HSD11B1,wt,wt_s1,detail,1,118,ZRXZEWGUECXTTQ-LQFNOIFHNA-N,-8.655
HSD11B1,wt,wt_s1,detail,1,119,XNACBBGLIAJNJM-PECIQRARNA-N,-8.646
HSD11B1,wt,wt_s1,detail,1,120,WQZYYJRVBIQUGH-YWZOXAELNA-N,-8.143
HSD11B1,wt,wt_s1,detail,1,121,ABMSRNRLDZVJFV-SWUIVHNENA-N,-9.883
HSD11B1,wt,wt_s1,detail,1,122,ZEACBIUBSOLEGW-QAITUMOCNA-N,-10.087
HSD11B1,wt,wt_s1,detail,1,123,UBFCDXVLKFOOGL-OKPOJWAQNA-N,-9.643
HSD11B1,wt,wt_s1,detail,1,124,RRIHVAFUFDANEX-NSJMMFDCNA-N,-8.305
HSD11B1,wt,wt_s1,detail,1,125,HASIAUWPWKTSBW-SREBMQDQNA-N,-8.867
HSD11B1,wt,wt_s1,detail,1,126,WHBCKYHTCHCHAY-LQFNOIFHNA-N,-9.462
HSD11B1,wt,wt_s1,detail,1,127,XMAYWYJOQHXEEK-JYFHCDHNNA-N,-10.082
HSD11B1,wt,wt_s1,detail,1,128,TVKCFCZANTZCSU-OYRHEFFENA-N,-9.363
HSD11B1,wt,wt_s1,detail,1,129,OJFIIUWPOHBVMH-LNNLXFCONA-N,-8.273
HSD11B1,wt,wt_s1,detail,1,130,DKLZMGFTGWKNCD-DIRLUKLVNA-N,-9.597
HSD11B1,wt,wt_s1,detail,1,131,PYSLGWZFRQWTDD-PWIKPTQSNA-N,-10.251
HSD11B1,wt,wt_s1,detail,1,132,MWMBIUUYBQWKJX-QTUCRYGENA-N,-10.24
HSD11B1,wt,wt_s1,detail,1,133,FLYQFCXTEFTSQN-UHFFFAOYNA-N,-8.613
HSD11B1,wt,wt_s1,detail,1,134,PBIBDSDWIMZYDT-WBWGZOKWNA-N,-8.035
HSD11B1,wt,wt_s1,detail,1,135,GSRWMFGBDLHGBU-YEFLILRRNA-N,-8.034
HSD11B1,wt,wt_s1,detail,1,136,AYIJJQHMZAEQKE-QDAGQJSJNA-N,-8.148
HSD11B1,wt,wt_s1,detail,1,137,JVWTZUKPDMRNDC-FSAKADSPNA-N,-9.429
HSD11B1,wt,wt_s1,detail,1,138,XAZPLOLSRXZDBO-LBZABMTDNA-N,-9.423
HSD11B1,wt,wt_s1,detail,1,139,RGWVFJBNHCWCTL-CFEGKOCINA-N,-9.086
HSD11B1,wt,wt_s1,detail,1,140,YYWNRQZCPIMCAK-UHFFFAOYNA-N,-9.829
HSD11B1,wt,wt_s1,detail,1,141,PBTZDKNKXRSZPM-XBXBPLPCNA-N,-9.054
HSD11B1,wt,wt_s1,detail,1,142,QQPOIMHFFPBDQM-LELJVTLKNA-N,-7.897
HSD11B1,wt,wt_s1,detail,1,143,NYFQURFFDGCBCB-MAQJPOOANA-N,-8.592
HSD11B1,wt,wt_s1,detail,1,144,HXZVHWHABLBWBS-MTTPVDACNA-N,-8.995
HSD11B1,wt,wt_s1,detail,1,145,IWYYSOJWYLZKLK-LELJVTLKNA-N,-8.676
HSD11B1,wt,wt_s1,detail,1,146,HOGUCNPGZXMBGW-UHFFFAOYNA-N,-8.485
HSD11B1,wt,wt_s1,detail,1,147,VITUDJAVASFPKN-DUFUIDNCNA-N,-7.918
HSD11B1,wt,wt_s1,detail,1,148,IXAHDCRYEUYPBG-SCXYCHFONA-N,-8.384
HSD11B1,wt,wt_s1,detail,1,149,JWHMEKMLAZQDNS-OZMOGHDGNA-N,-8.687
HSD11B1,wt,wt_s1,detail,1,150,BZWNBTIJLRHNDZ-LBOYIXSDNA-N,-8.869
HSD11B1,wt,wt_s1,detail,1,151,RECYROBESYRUML-UHFFFAOYNA-N,-7.741
HSD11B1,wt,wt_s1,detail,1,152,MLDSJJJLQRZNKW-UHBIVWOUNA-N,-10.462
HSD11B1,wt,wt_s1,detail,1,153,XTWIHJARHCYNFX-PHXLCVRDNA-N,-8.453
HSD11B1,wt,wt_s1,detail,1,154,UQGFETVWTRDGKJ-UHFFFAOYNA-N,-6.549
HSD11B1,wt,wt_s1,detail,1,155,VJFSMDWEMFOWDK-CYSPOYASNA-N,-8.255
HSD11B1,wt,wt_s1,detail,1,156,NZYLXYBIWNIAGH-CYSPOYASNA-N,-9.652
HSD11B1,wt,wt_s1,detail,1,157,ODXCWFOKLBJQNP-MPIMZMORNA-N,-9.022
HSD11B1,wt,wt_s1,detail,1,158,FVDNMAPPDSKXKQ-UHFFFAOYNA-N,-9.508
HSD11B1,wt,wt_s1,detail,1,159,DOPWMPRIRWTOOD-CCHPKIMANA-N,-8.49
HSD11B1,wt,wt_s2,detail,2,0,URVMSYHISUZXNH-UYBDAZJANA-N,-8.681
HSD11B1,wt,wt_s2,detail,2,1,KXRPCFINVWWFHQ-UHFFFAOYNA-N,-5.642
HSD11B1,wt,wt_s2,detail,2,2,NICJTSHRYBTHAS-YHMJCDSINA-N,-7.393
HSD11B1,wt,wt_s2,detail,2,3,SWRZVDTZHDWPDS-AWIDAIFANA-N,-9.411
HSD11B1,wt,wt_s2,detail,2,4,RKNSLLSUFWWYCA-UHFFFAOYNA-N,-9.264
HSD11B1,wt,wt_s2,detail,2,5,OZFSIKFTRRUDES-RIYZIHGNNA-N,-6.824
HSD11B1,wt,wt_s2,detail,2,6,AAGGUCRASUJPPN-UHFFFAOYNA-N,-8.448
HSD11B1,wt,wt_s2,detail,2,7,OYHXDPMAFYHDNG-YAQRNVERNA-N,-7.923
HSD11B1,wt,wt_s2,detail,2,8,AWILWAIEQYZUEQ-UHFFFAOYNA-N,-7.618
HSD11B1,wt,wt_s2,detail,2,9,WSFAXHLMQUUHQT-VMPITWQZNA-N,-7.986
HSD11B1,wt,wt_s2,detail,2,10,WPHMTVNOXKBZKN-UHFFFAOYNA-N,-6.947
HSD11B1,wt,wt_s2,detail,2,11,LPEIZNODGHDCCW-UHFFFAOYNA-N,-7.974
HSD11B1,wt,wt_s2,detail,2,12,QQHWWDVSRWOHEP-LILDFLRNNA-N,-8.845
HSD11B1,wt,wt_s2,detail,2,13,UMEVSSPGBFVQNC-UHFFFAOYNA-N,-6.504
HSD11B1,wt,wt_s2,detail,2,14,VZDIOEKWWZRNQN-UHFFFAOYNA-N,-9.077
HSD11B1,wt,wt_s2,detail,2,15,JEVLDOUORFAHRS-NDKGDYFDNA-N,-7.753
HSD11B1,wt,wt_s2,detail,2,16,NFTGJNJRMWUBPG-GPQMBLKYNA-N,-7.699
HSD11B1,wt,wt_s2,detail,2,17,UMUUTEZBWGDVDA-UHFFFAOYNA-N,-7.662
HSD11B1,wt,wt_s2,detail,2,18,VLQKEPLNPGYNDJ-HCKMINDGNA-N,-8.539
HSD11B1,wt,wt_s2,detail,2,19,PPMVTAATPZLMJM-CDDDEJBQNA-N,-9.332
HSD11B1,wt,wt_s2,detail,2,20,AHLYFAKLKLMESK-YAQRNVERNA-N,-7.213
HSD11B1,wt,wt_s2,detail,2,21,GYEJYLAGVWRSIM-KGJHZMDYNA-N,-8.054
HSD11B1,wt,wt_s2,detail,2,22,RXVALSLAUOIYLW-UHFFFAOYNA-N,-8.216
HSD11B1,wt,wt_s2,detail,2,23,NSELYIFATLFDOZ-JLGFQASFNA-N,-8.283
HSD11B1,wt,wt_s2,detail,2,24,COQFBYACOHFCEC-UHFFFAOYNA-N,-8.282
HSD11B1,wt,wt_s2,detail,2,25,CJGJXFCLDYQBFQ-YJGXKCCXNA-N,-8.537
HSD11B1,wt,wt_s2,detail,2,26,BWNGRRJLFYHENY-INIZCTEONA-N,-7.655
HSD11B1,wt,wt_s2,detail,2,27,BNRFXWSJKVJVOF-UYBDAZJANA-N,-8.483
HSD11B1,wt,wt_s2,detail,2,28,DMULMZBZVBBWBY-PJZINPJWNA-N,-9.163
HSD11B1,wt,wt_s2,detail,2,29,AXLAIGJGNKHDPO-UHFFFAOYNA-N,-7.699
HSD11B1,wt,wt_s2,detail,2,30,RKDGAONZEPYEBT-WXRBYKJCNA-N,-7.234
HSD11B1,wt,wt_s2,detail,2,31,MBOYDUZSCSNUQL-MBBDSNKKNA-N,-7.885
HSD11B1,wt,wt_s2,detail,2,32,KPVDBHRTXOFQDK-YAQRNVERNA-N,-6.843
HSD11B1,wt,wt_s2,detail,2,33,LVCNFMYUKISBSB-VJSNTGQMNA-N,-7.593
HSD11B1,wt,wt_s2,detail,2,34,XLAHCIRKLMJUQC-DZQCGVKKNA-N,-8.743
HSD11B1,wt,wt_s2,detail,2,35,QNYHDABGLCBJOE-SHHGZXMVNA-N,-9.426
HSD11B1,wt,wt_s2,detail,2,36,HEKNRISBWSPMOG-OWTLIXCDNA-N,-7.678
HSD11B1,wt,wt_s2,detail,2,37,VIRNXCRLEVZXNX-LILDFLRNNA-N,-9.627
HSD11B1,wt,wt_s2,detail,2,38,SRTGERSEXJGDMR-UHFFFAOYNA-N,-7.131
HSD11B1,wt,wt_s2,detail,2,39,ZGMGSSRLZJYOKH-WXRBYKJCNA-N,-7.072
HSD11B1,wt,wt_s2,detail,2,40,VGYFDFRFGHHCDA-CUTUCBJDNA-N,-9.48
HSD11B1,wt,wt_s2,detail,2,41,DILPMLYWQJPNLO-HCKMINDGNA-N,-8.926
HSD11B1,wt,wt_s2,detail,2,42,RSOODJIGEVJLMK-LQFNOIFHNA-N,-10.116
HSD11B1,wt,wt_s2,detail,2,43,OWHHWMUAYBIQPR-UHFFFAOYNA-N,-9.269
HSD11B1,wt,wt_s2,detail,2,44,KPIKMVZJKZDOFC-UHFFFAOYNA-N,-10.024
HSD11B1,wt,wt_s2,detail,2,45,DIKDKRUREJXLMR-DPMTXJEANA-N,-8.687
HSD11B1,wt,wt_s2,detail,2,46,QRVJDPKQHAVBDK-UYBDAZJANA-N,-8.116
HSD11B1,wt,wt_s2,detail,2,47,SGBSFKSDPWOALT-UYBDAZJANA-N,-9.129
HSD11B1,wt,wt_s2,detail,2,48,CYHFRNFVZWVHCG-OTJKMEOQNA-N,-8.506
HSD11B1,wt,wt_s2,detail,2,49,MJUDQDHXCQONOA-MPIMZMORNA-N,-8.553
HSD11B1,wt,wt_s2,detail,2,50,RNVYRNLUUYNQAS-PKSOQXRJNA-N,-8.24
HSD11B1,wt,wt_s2,detail,2,51,DLZXOZYETDVJEB-QWOVJGMINA-N,-7.66
HSD11B1,wt,wt_s2,detail,2,52,HSICVZRDGBJSEL-GPQMBLKYNA-N,-8.428
HSD11B1,wt,wt_s2,detail,2,53,HMRUHHFLIMYEAF-QNGOCPJXNA-N,-7.734
HSD11B1,wt,wt_s2,detail,2,54,ZZOWQPSBJUXHCA-YSPRVCGUNA-N,-8.716
HSD11B1,wt,wt_s2,detail,2,55,WDDJLHOUFWSQSV-UHFFFAOYNA-N,-9.058
HSD11B1,wt,wt_s2,detail,2,56,UKLIIGXGTPSYBF-IBCWCQIKNA-N,-8.727
HSD11B1,wt,wt_s2,detail,2,57,LNPOBRXJZYGQMS-MOHJPFBDNA-N,-8.512
HSD11B1,wt,wt_s2,detail,2,58,FYILBFPPKIZBTO-UHFFFAOYNA-N,-7.457
HSD11B1,wt,wt_s2,detail,2,59,MIKIJFODTJGFDI-LILDFLRNNA-N,-8.191
HSD11B1,wt,wt_s2,detail,2,60,RUWCNSLWWCWTSU-LILDFLRNNA-N,-10.021
HSD11B1,wt,wt_s2,detail,2,61,KLQWCHKIQJHYIB-UHFFFAOYNA-N,-9.981
HSD11B1,wt,wt_s2,detail,2,62,QKAWGENQCGFAOE-NPVYFSBINA-N,-8.153
HSD11B1,wt,wt_s2,detail,2,63,KGOKCBRZBBEYBE-MMRXBHCZNA-N,-10.199
HSD11B1,wt,wt_s2,detail,2,64,ROFRXCLSWKEWTN-UHFFFAOYNA-N,-8.338
HSD11B1,wt,wt_s2,detail,2,65,AKRMJNKLSCBEME-FPYGCLRLNA-N,-8.013
HSD11B1,wt,wt_s2,detail,2,66,LCGJUJZLLYTYIF-XMFFZCEENA-N,-8.667
HSD11B1,wt,wt_s2,detail,2,67,FREQNFSEYLEFOI-QRCVEOAVNA-N,-8.879
HSD11B1,wt,wt_s2,detail,2,68,MHMINAYLMNBGSM-UHFFFAOYNA-N,-8.038
HSD11B1,wt,wt_s2,detail,2,69,SYMNTBHEGHFZMV-UHFFFAOYNA-N,-8.807
HSD11B1,wt,wt_s2,detail,2,70,NNCRWGMPCGSKOO-LILDFLRNNA-N,-7.997
HSD11B1,wt,wt_s2,detail,2,71,ZCRRNCCNJMRGFI-UHFFFAOYNA-N,-9.511
HSD11B1,wt,wt_s2,detail,2,72,PYVZEIBGEUQNQQ-UHFFFAOYNA-N,-10.217
HSD11B1,wt,wt_s2,detail,2,73,OROJQWVRCGJACT-XBTAAFKLNA-N,-9.714
HSD11B1,wt,wt_s2,detail,2,74,TXYUWXKCUDOUGU-JLGFQASFNA-N,-7.458
HSD11B1,wt,wt_s2,detail,2,75,LAZANALODSEDSE-UHFFFAOYNA-N,-8.488
HSD11B1,wt,wt_s2,detail,2,76,RJXCYVJLXGRCHK-UHFFFAOYNA-N,-10.478
HSD11B1,wt,wt_s2,detail,2,77,FUSKIBWHJAWEFI-IEJAXPBYNA-N,-8.689
HSD11B1,wt,wt_s2,detail,2,78,SGWVLOCBQLQWQV-UHFFFAOYNA-N,-9.079
HSD11B1,wt,wt_s2,detail,2,79,PPXRQTYXLZCDAZ-QWOVJGMINA-N,-9.237
HSD11B1,wt,wt_s2,detail,2,80,DIFBADFWLVYFHV-LELJVTLKNA-N,-9.399
HSD11B1,wt,wt_s2,detail,2,81,XREOSEVJCQGCHE-MHPMNMKGNA-N,-9.924
HSD11B1,wt,wt_s2,detail,2,82,ZHGPKHBXSKWZEQ-UHFFFAOYNA-N,-9.48
HSD11B1,wt,wt_s2,detail,2,83,ZFAYPJJNPSNAFK-UHFFFAOYNA-N,-9.432
HSD11B1,wt,wt_s2,detail,2,84,LTXMRAGWIDQTQT-MYUTVWBTNA-N,-10.175
HSD11B1,wt,wt_s2,detail,2,85,VXQHYHSSGLOALC-SPEPDGBUNA-N,-9.806
HSD11B1,wt,wt_s2,detail,2,86,KWDSFRAWCISROF-PJQSKVNONA-N,-9.54
HSD11B1,wt,wt_s2,detail,2,87,ZJZXSQPHUQUHIV-ZGZFQTMPNA-N,-10.898
HSD11B1,wt,wt_s2,detail,2,88,UYHIVPBYFWVWEJ-UHFFFAOYNA-N,-10.153
HSD11B1,wt,wt_s2,detail,2,89,PLEFJSUCKRWHBY-LNNLXFCONA-N,-8.037
HSD11B1,wt,wt_s2,detail,2,90,DNSRQCRQLKJUCC-PDJAEHLQNA-N,-9.825
HSD11B1,wt,wt_s2,detail,2,91,PHYKZCBUNVYJNH-YDBXFXKPNA-N,-7.647
HSD11B1,wt,wt_s2,detail,2,92,OOUHZBUAVKCDGA-UHFFFAOYNA-N,-9.884
HSD11B1,wt,wt_s2,detail,2,93,UUQDFZFJDFMLHW-UHFFFAOYNA-N,-7.819
HSD11B1,wt,wt_s2,detail,2,94,OOUDDHNLDLLUOL-SKKVRFOWNA-N,-9.967
HSD11B1,wt,wt_s2,detail,2,95,ZDMQSUAMTLXUTE-MPIMZMORNA-N,-9.947
HSD11B1,wt,wt_s2,detail,2,96,NMPLPABDEKPABN-UHFFFAOYNA-N,-9.562
HSD11B1,wt,wt_s2,detail,2,97,INZRHGSVWGRHBM-NPVYFSBINA-N,-10.227
HSD11B1,wt,wt_s2,detail,2,98,RVGCWMKVTAEQIH-LNNLXFCONA-N,-9.96
HSD11B1,wt,wt_s2,detail,2,99,VRXWKRQOVMZBAF-LJQANCHMNA-N,-8.03
HSD11B1,wt,wt_s2,detail,2,100,QACLWOIBBYOHQP-UYBDAZJANA-N,-8.608
HSD11B1,wt,wt_s2,detail,2,101,ZNXSZVFPCBIELQ-LNNLXFCONA-N,-9.104
HSD11B1,wt,wt_s2,detail,2,102,GKMWCCNMKRSQHR-VEKUMTKDNA-N,-9.222
HSD11B1,wt,wt_s2,detail,2,103,FFGUSRSMWFYKGK-SKKVRFOWNA-N,-9.311
HSD11B1,wt,wt_s2,detail,2,104,KXBDDGKXLZBLOM-SPEPDGBUNA-N,-9.413
HSD11B1,wt,wt_s2,detail,2,105,MIUWULAZCXYTJW-MSHHZIMBNA-N,-9.987
HSD11B1,wt,wt_s2,detail,2,106,JPZOYWVRFLZCIC-NJNXFGOHNA-N,-10.766
HSD11B1,wt,wt_s2,detail,2,107,FAIQTLBYDVKBAB-DVIAZDKANA-N,-9.249
HSD11B1,wt,wt_s2,detail,2,108,APFLRZZAOXCNAZ-UHFFFAOYNA-N,-8.682
HSD11B1,wt,wt_s2,detail,2,109,BSQLDSQTGOZBFD-UHFFFAOYNA-N,-9.278
HSD11B1,wt,wt_s2,detail,2,110,ZVVCFJXCDATSCC-UHFFFAOYNA-N,-9.87
HSD11B1,wt,wt_s2,detail,2,111,SKEQTXZATFWVMB-UYBDAZJANA-N,-7.332
HSD11B1,wt,wt_s2,detail,2,112,IATWYRHDJKMBQK-MPIMZMORNA-N,-8.888
HSD11B1,wt,wt_s2,detail,2,113,JPWOEQDCUZCWKT-MPIMZMORNA-N,-7.904
HSD11B1,wt,wt_s2,detail,2,114,RYHSAXRBHDHPPK-PKSOQXRJNA-N,-7.863
HSD11B1,wt,wt_s2,detail,2,115,GKKJWUFVZJJFPG-MPIMZMORNA-N,-9.361
HSD11B1,wt,wt_s2,detail,2,116,FDNZXFDUCINVLY-BDGWVKIONA-N,-8.166
HSD11B1,wt,wt_s2,detail,2,117,KTBYKHKWIFIFAK-UHFFFAOYNA-N,-10.78
HSD11B1,wt,wt_s2,detail,2,118,ZRXZEWGUECXTTQ-LQFNOIFHNA-N,-8.781
HSD11B1,wt,wt_s2,detail,2,119,XNACBBGLIAJNJM-PECIQRARNA-N,-8.933
HSD11B1,wt,wt_s2,detail,2,120,WQZYYJRVBIQUGH-YWZOXAELNA-N,-8.835
HSD11B1,wt,wt_s2,detail,2,121,ABMSRNRLDZVJFV-SWUIVHNENA-N,-9.843
HSD11B1,wt,wt_s2,detail,2,122,ZEACBIUBSOLEGW-QAITUMOCNA-N,-10.406
HSD11B1,wt,wt_s2,detail,2,123,UBFCDXVLKFOOGL-OKPOJWAQNA-N,-9.689
HSD11B1,wt,wt_s2,detail,2,124,RRIHVAFUFDANEX-NSJMMFDCNA-N,-8.365
HSD11B1,wt,wt_s2,detail,2,125,HASIAUWPWKTSBW-SREBMQDQNA-N,-8.576
HSD11B1,wt,wt_s2,detail,2,126,WHBCKYHTCHCHAY-LQFNOIFHNA-N,-9.196
HSD11B1,wt,wt_s2,detail,2,127,XMAYWYJOQHXEEK-JYFHCDHNNA-N,-9.895
HSD11B1,wt,wt_s2,detail,2,128,TVKCFCZANTZCSU-OYRHEFFENA-N,-9.113
HSD11B1,wt,wt_s2,detail,2,129,OJFIIUWPOHBVMH-LNNLXFCONA-N,-7.506
HSD11B1,wt,wt_s2,detail,2,130,DKLZMGFTGWKNCD-DIRLUKLVNA-N,-9.79
HSD11B1,wt,wt_s2,detail,2,131,PYSLGWZFRQWTDD-PWIKPTQSNA-N,-10.228
HSD11B1,wt,wt_s2,detail,2,132,MWMBIUUYBQWKJX-QTUCRYGENA-N,-9.889
HSD11B1,wt,wt_s2,detail,2,133,FLYQFCXTEFTSQN-UHFFFAOYNA-N,-8.665
HSD11B1,wt,wt_s2,detail,2,134,PBIBDSDWIMZYDT-WBWGZOKWNA-N,-7.99
HSD11B1,wt,wt_s2,detail,2,135,GSRWMFGBDLHGBU-YEFLILRRNA-N,-7.13
HSD11B1,wt,wt_s2,detail,2,136,AYIJJQHMZAEQKE-QDAGQJSJNA-N,-8.223
HSD11B1,wt,wt_s2,detail,2,137,JVWTZUKPDMRNDC-FSAKADSPNA-N,-9.371
HSD11B1,wt,wt_s2,detail,2,138,XAZPLOLSRXZDBO-LBZABMTDNA-N,-7.967
HSD11B1,wt,wt_s2,detail,2,139,RGWVFJBNHCWCTL-CFEGKOCINA-N,-9.638
HSD11B1,wt,wt_s2,detail,2,140,YYWNRQZCPIMCAK-UHFFFAOYNA-N,-9.696
HSD11B1,wt,wt_s2,detail,2,141,PBTZDKNKXRSZPM-XBXBPLPCNA-N,-8.884
HSD11B1,wt,wt_s2,detail,2,142,QQPOIMHFFPBDQM-LELJVTLKNA-N,-7.565
HSD11B1,wt,wt_s2,detail,2,143,NYFQURFFDGCBCB-MAQJPOOANA-N,-8.621
HSD11B1,wt,wt_s2,detail,2,144,HXZVHWHABLBWBS-MTTPVDACNA-N,-8.977
HSD11B1,wt,wt_s2,detail,2,145,IWYYSOJWYLZKLK-LELJVTLKNA-N,-8.795
HSD11B1,wt,wt_s2,detail,2,146,HOGUCNPGZXMBGW-UHFFFAOYNA-N,-8.467
HSD11B1,wt,wt_s2,detail,2,147,VITUDJAVASFPKN-DUFUIDNCNA-N,-7.858
HSD11B1,wt,wt_s2,detail,2,148,IXAHDCRYEUYPBG-SCXYCHFONA-N,-7.791
HSD11B1,wt,wt_s2,detail,2,149,JWHMEKMLAZQDNS-OZMOGHDGNA-N,-8.378
HSD11B1,wt,wt_s2,detail,2,150,BZWNBTIJLRHNDZ-LBOYIXSDNA-N,-9.28
HSD11B1,wt,wt_s2,detail,2,151,RECYROBESYRUML-UHFFFAOYNA-N,-8.111
HSD11B1,wt,wt_s2,detail,2,152,MLDSJJJLQRZNKW-UHBIVWOUNA-N,-10.019
HSD11B1,wt,wt_s2,detail,2,153,XTWIHJARHCYNFX-PHXLCVRDNA-N,-9.291
HSD11B1,wt,wt_s2,detail,2,154,UQGFETVWTRDGKJ-UHFFFAOYNA-N,-6.137
HSD11B1,wt,wt_s2,detail,2,155,VJFSMDWEMFOWDK-CYSPOYASNA-N,-7.258
HSD11B1,wt,wt_s2,detail,2,156,NZYLXYBIWNIAGH-CYSPOYASNA-N,-10.385
HSD11B1,wt,wt_s2,detail,2,157,ODXCWFOKLBJQNP-MPIMZMORNA-N,-9.266
HSD11B1,wt,wt_s2,detail,2,158,FVDNMAPPDSKXKQ-UHFFFAOYNA-N,-10.011
HSD11B1,wt,wt_s2,detail,2,159,DOPWMPRIRWTOOD-CCHPKIMANA-N,-7.798
HSD11B1,wt,wt_s3,detail,3,0,URVMSYHISUZXNH-UYBDAZJANA-N,-8.691
HSD11B1,wt,wt_s3,detail,3,1,KXRPCFINVWWFHQ-UHFFFAOYNA-N,-5.557
HSD11B1,wt,wt_s3,detail,3,2,NICJTSHRYBTHAS-YHMJCDSINA-N,-7.544
HSD11B1,wt,wt_s3,detail,3,3,SWRZVDTZHDWPDS-AWIDAIFANA-N,-9.457
HSD11B1,wt,wt_s3,detail,3,4,RKNSLLSUFWWYCA-UHFFFAOYNA-N,-9.271
HSD11B1,wt,wt_s3,detail,3,5,OZFSIKFTRRUDES-RIYZIHGNNA-N,-6.814
HSD11B1,wt,wt_s3,detail,3,6,AAGGUCRASUJPPN-UHFFFAOYNA-N,-8.318
HSD11B1,wt,wt_s3,detail,3,7,OYHXDPMAFYHDNG-YAQRNVERNA-N,-7.781
HSD11B1,wt,wt_s3,detail,3,8,AWILWAIEQYZUEQ-UHFFFAOYNA-N,-7.322
HSD11B1,wt,wt_s3,detail,3,9,WSFAXHLMQUUHQT-VMPITWQZNA-N,-7.895
HSD11B1,wt,wt_s3,detail,3,10,WPHMTVNOXKBZKN-UHFFFAOYNA-N,-6.944
HSD11B1,wt,wt_s3,detail,3,11,LPEIZNODGHDCCW-UHFFFAOYNA-N,-7.786
HSD11B1,wt,wt_s3,detail,3,12,QQHWWDVSRWOHEP-LILDFLRNNA-N,-8.852
HSD11B1,wt,wt_s3,detail,3,13,UMEVSSPGBFVQNC-UHFFFAOYNA-N,-6.529
HSD11B1,wt,wt_s3,detail,3,14,VZDIOEKWWZRNQN-UHFFFAOYNA-N,-9.02
HSD11B1,wt,wt_s3,detail,3,15,JEVLDOUORFAHRS-NDKGDYFDNA-N,-7.68
HSD11B1,wt,wt_s3,detail,3,16,NFTGJNJRMWUBPG-GPQMBLKYNA-N,-7.75
HSD11B1,wt,wt_s3,detail,3,17,UMUUTEZBWGDVDA-UHFFFAOYNA-N,-7.647
HSD11B1,wt,wt_s3,detail,3,18,VLQKEPLNPGYNDJ-HCKMINDGNA-N,-8.542
HSD11B1,wt,wt_s3,detail,3,19,PPMVTAATPZLMJM-CDDDEJBQNA-N,-9.321
HSD11B1,wt,wt_s3,detail,3,20,AHLYFAKLKLMESK-YAQRNVERNA-N,-7.639
HSD11B1,wt,wt_s3,detail,3,21,GYEJYLAGVWRSIM-KGJHZMDYNA-N,-8.057
HSD11B1,wt,wt_s3,detail,3,22,RXVALSLAUOIYLW-UHFFFAOYNA-N,-8.388
HSD11B1,wt,wt_s3,detail,3,23,NSELYIFATLFDOZ-JLGFQASFNA-N,-8.315
HSD11B1,wt,wt_s3,detail,3,24,COQFBYACOHFCEC-UHFFFAOYNA-N,-8.252
HSD11B1,wt,wt_s3,detail,3,25,CJGJXFCLDYQBFQ-YJGXKCCXNA-N,-8.567
HSD11B1,wt,wt_s3,detail,3,26,BWNGRRJLFYHENY-INIZCTEONA-N,-7.501
HSD11B1,wt,wt_s3,detail,3,27,BNRFXWSJKVJVOF-UYBDAZJANA-N,-8.689
HSD11B1,wt,wt_s3,detail,3,28,DMULMZBZVBBWBY-PJZINPJWNA-N,-9.094
HSD11B1,wt,wt_s3,detail,3,29,AXLAIGJGNKHDPO-UHFFFAOYNA-N,-7.305
HSD11B1,wt,wt_s3,detail,3,30,RKDGAONZEPYEBT-WXRBYKJCNA-N,-7.098
HSD11B1,wt,wt_s3,detail,3,31,MBOYDUZSCSNUQL-MBBDSNKKNA-N,-7.83
HSD11B1,wt,wt_s3,detail,3,32,KPVDBHRTXOFQDK-YAQRNVERNA-N,-7.161
HSD11B1,wt,wt_s3,detail,3,33,LVCNFMYUKISBSB-VJSNTGQMNA-N,-7.556
HSD11B1,wt,wt_s3,detail,3,34,XLAHCIRKLMJUQC-DZQCGVKKNA-N,-8.871
HSD11B1,wt,wt_s3,detail,3,35,QNYHDABGLCBJOE-SHHGZXMVNA-N,-9.478
HSD11B1,wt,wt_s3,detail,3,36,HEKNRISBWSPMOG-OWTLIXCDNA-N,-7.651
HSD11B1,wt,wt_s3,detail,3,37,VIRNXCRLEVZXNX-LILDFLRNNA-N,-9.69
HSD11B1,wt,wt_s3,detail,3,38,SRTGERSEXJGDMR-UHFFFAOYNA-N,-7.144
HSD11B1,wt,wt_s3,detail,3,39,ZGMGSSRLZJYOKH-WXRBYKJCNA-N,-7.348
HSD11B1,wt,wt_s3,detail,3,40,VGYFDFRFGHHCDA-CUTUCBJDNA-N,-9.512
HSD11B1,wt,wt_s3,detail,3,41,DILPMLYWQJPNLO-HCKMINDGNA-N,-8.813
HSD11B1,wt,wt_s3,detail,3,42,RSOODJIGEVJLMK-LQFNOIFHNA-N,-10.101
HSD11B1,wt,wt_s3,detail,3,43,OWHHWMUAYBIQPR-UHFFFAOYNA-N,-9.463
HSD11B1,wt,wt_s3,detail,3,44,KPIKMVZJKZDOFC-UHFFFAOYNA-N,-10.062
HSD11B1,wt,wt_s3,detail,3,45,DIKDKRUREJXLMR-DPMTXJEANA-N,-9.023
HSD11B1,wt,wt_s3,detail,3,46,QRVJDPKQHAVBDK-UYBDAZJANA-N,-7.916
HSD11B1,wt,wt_s3,detail,3,47,SGBSFKSDPWOALT-UYBDAZJANA-N,-9.148
HSD11B1,wt,wt_s3,detail,3,48,CYHFRNFVZWVHCG-OTJKMEOQNA-N,-8.411
HSD11B1,wt,wt_s3,detail,3,49,MJUDQDHXCQONOA-MPIMZMORNA-N,-8.809
HSD11B1,wt,wt_s3,detail,3,50,RNVYRNLUUYNQAS-PKSOQXRJNA-N,-8.228
HSD11B1,wt,wt_s3,detail,3,51,DLZXOZYETDVJEB-QWOVJGMINA-N,-7.816
HSD11B1,wt,wt_s3,detail,3,52,HSICVZRDGBJSEL-GPQMBLKYNA-N,-8.341
HSD11B1,wt,wt_s3,detail,3,53,HMRUHHFLIMYEAF-QNGOCPJXNA-N,-7.37
HSD11B1,wt,wt_s3,detail,3,54,ZZOWQPSBJUXHCA-YSPRVCGUNA-N,-8.633
HSD11B1,wt,wt_s3,detail,3,55,WDDJLHOUFWSQSV-UHFFFAOYNA-N,-9.216
HSD11B1,wt,wt_s3,detail,3,56,UKLIIGXGTPSYBF-IBCWCQIKNA-N,-8.412
HSD11B1,wt,wt_s3,detail,3,57,LNPOBRXJZYGQMS-MOHJPFBDNA-N,-8.659
HSD11B1,wt,wt_s3,detail,3,58,FYILBFPPKIZBTO-UHFFFAOYNA-N,-7.562
HSD11B1,wt,wt_s3,detail,3,59,MIKIJFODTJGFDI-LILDFLRNNA-N,-8.118
HSD11B1,wt,wt_s3,detail,3,60,RUWCNSLWWCWTSU-LILDFLRNNA-N,-10.048
HSD11B1,wt,wt_s3,detail,3,61,KLQWCHKIQJHYIB-UHFFFAOYNA-N,-9.991
HSD11B1,wt,wt_s3,detail,3,62,QKAWGENQCGFAOE-NPVYFSBINA-N,-8.228
HSD11B1,wt,wt_s3,detail,3,63,KGOKCBRZBBEYBE-MMRXBHCZNA-N,-10.205
HSD11B1,wt,wt_s3,detail,3,64,ROFRXCLSWKEWTN-UHFFFAOYNA-N,-8.29
HSD11B1,wt,wt_s3,detail,3,65,AKRMJNKLSCBEME-FPYGCLRLNA-N,-7.833
HSD11B1,wt,wt_s3,detail,3,66,LCGJUJZLLYTYIF-XMFFZCEENA-N,-8.77
HSD11B1,wt,wt_s3,detail,3,67,FREQNFSEYLEFOI-QRCVEOAVNA-N,-8.625
HSD11B1,wt,wt_s3,detail,3,68,MHMINAYLMNBGSM-UHFFFAOYNA-N,-8.052
HSD11B1,wt,wt_s3,detail,3,69,SYMNTBHEGHFZMV-UHFFFAOYNA-N,-8.793
HSD11B1,wt,wt_s3,detail,3,70,NNCRWGMPCGSKOO-LILDFLRNNA-N,-8.151
HSD11B1,wt,wt_s3,detail,3,71,ZCRRNCCNJMRGFI-UHFFFAOYNA-N,-10.078
HSD11B1,wt,wt_s3,detail,3,72,PYVZEIBGEUQNQQ-UHFFFAOYNA-N,-10.227
HSD11B1,wt,wt_s3,detail,3,73,OROJQWVRCGJACT-XBTAAFKLNA-N,-9.725
HSD11B1,wt,wt_s3,detail,3,74,TXYUWXKCUDOUGU-JLGFQASFNA-N,-7.615
HSD11B1,wt,wt_s3,detail,3,75,LAZANALODSEDSE-UHFFFAOYNA-N,-8.53
HSD11B1,wt,wt_s3,detail,3,76,RJXCYVJLXGRCHK-UHFFFAOYNA-N,-10.502
HSD11B1,wt,wt_s3,detail,3,77,FUSKIBWHJAWEFI-IEJAXPBYNA-N,-8.702
HSD11B1,wt,wt_s3,detail,3,78,SGWVLOCBQLQWQV-UHFFFAOYNA-N,-9.052
HSD11B1,wt,wt_s3,detail,3,79,PPXRQTYXLZCDAZ-QWOVJGMINA-N,-9.179
HSD11B1,wt,wt_s3,detail,3,80,DIFBADFWLVYFHV-LELJVTLKNA-N,-9.432
HSD11B1,wt,wt_s3,detail,3,81,XREOSEVJCQGCHE-MHPMNMKGNA-N,-8.775
HSD11B1,wt,wt_s3,detail,3,82,ZHGPKHBXSKWZEQ-UHFFFAOYNA-N,-9.418
HSD11B1,wt,wt_s3,detail,3,83,ZFAYPJJNPSNAFK-UHFFFAOYNA-N,-9.289
HSD11B1,wt,wt_s3,detail,3,84,LTXMRAGWIDQTQT-MYUTVWBTNA-N,-10.112
HSD11B1,wt,wt_s3,detail,3,85,VXQHYHSSGLOALC-SPEPDGBUNA-N,-9.852
HSD11B1,wt,wt_s3,detail,3,86,KWDSFRAWCISROF-PJQSKVNONA-N,-9.414
HSD11B1,wt,wt_s3,detail,3,87,ZJZXSQPHUQUHIV-ZGZFQTMPNA-N,-10.667
HSD11B1,wt,wt_s3,detail,3,88,UYHIVPBYFWVWEJ-UHFFFAOYNA-N,-10.359
HSD11B1,wt,wt_s3,detail,3,89,PLEFJSUCKRWHBY-LNNLXFCONA-N,-8.065
HSD11B1,wt,wt_s3,detail,3,90,DNSRQCRQLKJUCC-PDJAEHLQNA-N,-9.97
HSD11B1,wt,wt_s3,detail,3,91,PHYKZCBUNVYJNH-YDBXFXKPNA-N,-8.031
HSD11B1,wt,wt_s3,detail,3,92,OOUHZBUAVKCDGA-UHFFFAOYNA-N,-9.947
HSD11B1,wt,wt_s3,detail,3,93,UUQDFZFJDFMLHW-UHFFFAOYNA-N,-8.652
HSD11B1,wt,wt_s3,detail,3,94,OOUDDHNLDLLUOL-SKKVRFOWNA-N,-9.996
HSD11B1,wt,wt_s3,detail,3,95,ZDMQSUAMTLXUTE-MPIMZMORNA-N,-9.837
HSD11B1,wt,wt_s3,detail,3,96,NMPLPABDEKPABN-UHFFFAOYNA-N,-9.608
HSD11B1,wt,wt_s3,detail,3,97,INZRHGSVWGRHBM-NPVYFSBINA-N,-10.575
HSD11B1,wt,wt_s3,detail,3,98,RVGCWMKVTAEQIH-LNNLXFCONA-N,-9.698
HSD11B1,wt,wt_s3,detail,3,99,VRXWKRQOVMZBAF-LJQANCHMNA-N,-8.205
HSD11B1,wt,wt_s3,detail,3,100,QACLWOIBBYOHQP-UYBDAZJANA-N,-8.75
HSD11B1,wt,wt_s3,detail,3,101,ZNXSZVFPCBIELQ-LNNLXFCONA-N,-8.826
HSD11B1,wt,wt_s3,detail,3,102,GKMWCCNMKRSQHR-VEKUMTKDNA-N,-9.7
HSD11B1,wt,wt_s3,detail,3,103,FFGUSRSMWFYKGK-SKKVRFOWNA-N,-9.362
HSD11B1,wt,wt_s3,detail,3,104,KXBDDGKXLZBLOM-SPEPDGBUNA-N,-9.292
HSD11B1,wt,wt_s3,detail,3,105,MIUWULAZCXYTJW-MSHHZIMBNA-N,-10.125
HSD11B1,wt,wt_s3,detail,3,106,JPZOYWVRFLZCIC-NJNXFGOHNA-N,-10.777
HSD11B1,wt,wt_s3,detail,3,107,FAIQTLBYDVKBAB-DVIAZDKANA-N,-9.221
HSD11B1,wt,wt_s3,detail,3,108,APFLRZZAOXCNAZ-UHFFFAOYNA-N,-8.53
HSD11B1,wt,wt_s3,detail,3,109,BSQLDSQTGOZBFD-UHFFFAOYNA-N,-9.038
HSD11B1,wt,wt_s3,detail,3,110,ZVVCFJXCDATSCC-UHFFFAOYNA-N,-9.369
HSD11B1,wt,wt_s3,detail,3,111,SKEQTXZATFWVMB-UYBDAZJANA-N,-7.381
HSD11B1,wt,wt_s3,detail,3,112,IATWYRHDJKMBQK-MPIMZMORNA-N,-9.009
HSD11B1,wt,wt_s3,detail,3,113,JPWOEQDCUZCWKT-MPIMZMORNA-N,-7.795
HSD11B1,wt,wt_s3,detail,3,114,RYHSAXRBHDHPPK-PKSOQXRJNA-N,-8.073
HSD11B1,wt,wt_s3,detail,3,115,GKKJWUFVZJJFPG-MPIMZMORNA-N,-9.64
HSD11B1,wt,wt_s3,detail,3,116,FDNZXFDUCINVLY-BDGWVKIONA-N,-8.667
HSD11B1,wt,wt_s3,detail,3,117,KTBYKHKWIFIFAK-UHFFFAOYNA-N,-10.804
HSD11B1,wt,wt_s3,detail,3,118,ZRXZEWGUECXTTQ-LQFNOIFHNA-N,-8.802
HSD11B1,wt,wt_s3,detail,3,119,XNACBBGLIAJNJM-PECIQRARNA-N,-8.586
HSD11B1,wt,wt_s3,detail,3,120,WQZYYJRVBIQUGH-YWZOXAELNA-N,-7.778
HSD11B1,wt,wt_s3,detail,3,121,ABMSRNRLDZVJFV-SWUIVHNENA-N,-9.98
HSD11B1,wt,wt_s3,detail,3,122,ZEACBIUBSOLEGW-QAITUMOCNA-N,-10.516
HSD11B1,wt,wt_s3,detail,3,123,UBFCDXVLKFOOGL-OKPOJWAQNA-N,-9.771
HSD11B1,wt,wt_s3,detail,3,124,RRIHVAFUFDANEX-NSJMMFDCNA-N,-8.394
HSD11B1,wt,wt_s3,detail,3,125,HASIAUWPWKTSBW-SREBMQDQNA-N,-7.992
HSD11B1,wt,wt_s3,detail,3,126,WHBCKYHTCHCHAY-LQFNOIFHNA-N,-9.743
HSD11B1,wt,wt_s3,detail,3,127,XMAYWYJOQHXEEK-JYFHCDHNNA-N,-10.099
HSD11B1,wt,wt_s3,detail,3,128,TVKCFCZANTZCSU-OYRHEFFENA-N,-9.333
HSD11B1,wt,wt_s3,detail,3,129,OJFIIUWPOHBVMH-LNNLXFCONA-N,-7.721
HSD11B1,wt,wt_s3,detail,3,130,DKLZMGFTGWKNCD-DIRLUKLVNA-N,-9.734
HSD11B1,wt,wt_s3,detail,3,131,PYSLGWZFRQWTDD-PWIKPTQSNA-N,-10.193
HSD11B1,wt,wt_s3,detail,3,132,MWMBIUUYBQWKJX-QTUCRYGENA-N,-9.788
HSD11B1,wt,wt_s3,detail,3,133,FLYQFCXTEFTSQN-UHFFFAOYNA-N,-8.481
HSD11B1,wt,wt_s3,detail,3,134,PBIBDSDWIMZYDT-WBWGZOKWNA-N,-7.751
HSD11B1,wt,wt_s3,detail,3,135,GSRWMFGBDLHGBU-YEFLILRRNA-N,-8.788
HSD11B1,wt,wt_s3,detail,3,136,AYIJJQHMZAEQKE-QDAGQJSJNA-N,-7.091
HSD11B1,wt,wt_s3,detail,3,137,JVWTZUKPDMRNDC-FSAKADSPNA-N,-9.493
HSD11B1,wt,wt_s3,detail,3,138,XAZPLOLSRXZDBO-LBZABMTDNA-N,-9.466
HSD11B1,wt,wt_s3,detail,3,139,RGWVFJBNHCWCTL-CFEGKOCINA-N,-9.634
HSD11B1,wt,wt_s3,detail,3,140,YYWNRQZCPIMCAK-UHFFFAOYNA-N,-10.006
HSD11B1,wt,wt_s3,detail,3,141,PBTZDKNKXRSZPM-XBXBPLPCNA-N,-9.251
HSD11B1,wt,wt_s3,detail,3,142,QQPOIMHFFPBDQM-LELJVTLKNA-N,-7.466
HSD11B1,wt,wt_s3,detail,3,143,NYFQURFFDGCBCB-MAQJPOOANA-N,-8.717
HSD11B1,wt,wt_s3,detail,3,144,HXZVHWHABLBWBS-MTTPVDACNA-N,-9.006
HSD11B1,wt,wt_s3,detail,3,145,IWYYSOJWYLZKLK-LELJVTLKNA-N,-8.861
HSD11B1,wt,wt_s3,detail,3,146,HOGUCNPGZXMBGW-UHFFFAOYNA-N,-8.584
HSD11B1,wt,wt_s3,detail,3,147,VITUDJAVASFPKN-DUFUIDNCNA-N,-7.392
HSD11B1,wt,wt_s3,detail,3,148,IXAHDCRYEUYPBG-SCXYCHFONA-N,-8.149
HSD11B1,wt,wt_s3,detail,3,149,JWHMEKMLAZQDNS-OZMOGHDGNA-N,-7.89
HSD11B1,wt,wt_s3,detail,3,150,BZWNBTIJLRHNDZ-LBOYIXSDNA-N,-9.584
HSD11B1,wt,wt_s3,detail,3,151,RECYROBESYRUML-UHFFFAOYNA-N,-7.627
HSD11B1,wt,wt_s3,detail,3,152,MLDSJJJLQRZNKW-UHBIVWOUNA-N,-10.271
HSD11B1,wt,wt_s3,detail,3,153,XTWIHJARHCYNFX-PHXLCVRDNA-N,-9.135
HSD11B1,wt,wt_s3,detail,3,154,UQGFETVWTRDGKJ-UHFFFAOYNA-N,-5.94
HSD11B1,wt,wt_s3,detail,3,155,VJFSMDWEMFOWDK-CYSPOYASNA-N,-8.326
HSD11B1,wt,wt_s3,detail,3,156,NZYLXYBIWNIAGH-CYSPOYASNA-N,-9.029
HSD11B1,wt,wt_s3,detail,3,157,ODXCWFOKLBJQNP-MPIMZMORNA-N,-8.603
HSD11B1,wt,wt_s3,detail,3,158,FVDNMAPPDSKXKQ-UHFFFAOYNA-N,-9.66
HSD11B1,wt,wt_s3,detail,3,159,DOPWMPRIRWTOOD-CCHPKIMANA-N,-9.052
HSD11B1,c_LEU369,mut_s1,detail,1,0,URVMSYHISUZXNH-UYBDAZJANA-N,-8.225
HSD11B1,c_LEU369,mut_s1,detail,1,1,KXRPCFINVWWFHQ-UHFFFAOYNA-N,-5.514
HSD11B1,c_LEU369,mut_s1,detail,1,2,NICJTSHRYBTHAS-YHMJCDSINA-N,-7.22
HSD11B1,c_LEU369,mut_s1,detail,1,3,SWRZVDTZHDWPDS-AWIDAIFANA-N,-9.145
HSD11B1,c_LEU369,mut_s1,detail,1,4,RKNSLLSUFWWYCA-UHFFFAOYNA-N,-8.992
HSD11B1,c_LEU369,mut_s1,detail,1,5,OZFSIKFTRRUDES-RIYZIHGNNA-N,-6.79
HSD11B1,c_LEU369,mut_s1,detail,1,6,AAGGUCRASUJPPN-UHFFFAOYNA-N,-8.446
HSD11B1,c_LEU369,mut_s1,detail,1,7,OYHXDPMAFYHDNG-YAQRNVERNA-N,-7.844
HSD11B1,c_LEU369,mut_s1,detail,1,8,AWILWAIEQYZUEQ-UHFFFAOYNA-N,-7.098
HSD11B1,c_LEU369,mut_s1,detail,1,9,WSFAXHLMQUUHQT-VMPITWQZNA-N,-7.616
HSD11B1,c_LEU369,mut_s1,detail,1,10,WPHMTVNOXKBZKN-UHFFFAOYNA-N,-6.927
HSD11B1,c_LEU369,mut_s1,detail,1,11,LPEIZNODGHDCCW-UHFFFAOYNA-N,-7.682
HSD11B1,c_LEU369,mut_s1,detail,1,12,QQHWWDVSRWOHEP-LILDFLRNNA-N,-8.243
HSD11B1,c_LEU369,mut_s1,detail,1,13,UMEVSSPGBFVQNC-UHFFFAOYNA-N,-6.359
HSD11B1,c_LEU369,mut_s1,detail,1,14,VZDIOEKWWZRNQN-UHFFFAOYNA-N,-8.379
HSD11B1,c_LEU369,mut_s1,detail,1,15,JEVLDOUORFAHRS-NDKGDYFDNA-N,-7.182
HSD11B1,c_LEU369,mut_s1,detail,1,16,NFTGJNJRMWUBPG-GPQMBLKYNA-N,-7.305
HSD11B1,c_LEU369,mut_s1,detail,1,17,UMUUTEZBWGDVDA-UHFFFAOYNA-N,-7.49
HSD11B1,c_LEU369,mut_s1,detail,1,18,VLQKEPLNPGYNDJ-HCKMINDGNA-N,-8.333
HSD11B1,c_LEU369,mut_s1,detail,1,19,PPMVTAATPZLMJM-CDDDEJBQNA-N,-9.109
HSD11B1,c_LEU369,mut_s1,detail,1,20,AHLYFAKLKLMESK-YAQRNVERNA-N,-7.093
HSD11B1,c_LEU369,mut_s1,detail,1,21,GYEJYLAGVWRSIM-KGJHZMDYNA-N,-7.818
HSD11B1,c_LEU369,mut_s1,detail,1,22,RXVALSLAUOIYLW-UHFFFAOYNA-N,-7.636
HSD11B1,c_LEU369,mut_s1,detail,1,23,NSELYIFATLFDOZ-JLGFQASFNA-N,-7.672
HSD11B1,c_LEU369,mut_s1,detail,1,24,COQFBYACOHFCEC-UHFFFAOYNA-N,-7.661
HSD11B1,c_LEU369,mut_s1,detail,1,25,CJGJXFCLDYQBFQ-YJGXKCCXNA-N,-8.557
HSD11B1,c_LEU369,mut_s1,detail,1,26,BWNGRRJLFYHENY-INIZCTEONA-N,-7.373
HSD11B1,c_LEU369,mut_s1,detail,1,27,BNRFXWSJKVJVOF-UYBDAZJANA-N,-8.331
HSD11B1,c_LEU369,mut_s1,detail,1,28,DMULMZBZVBBWBY-PJZINPJWNA-N,-8.508
HSD11B1,c_LEU369,mut_s1,detail,1,29,AXLAIGJGNKHDPO-UHFFFAOYNA-N,-6.914
HSD11B1,c_LEU369,mut_s1,detail,1,30,RKDGAONZEPYEBT-WXRBYKJCNA-N,-7.063
HSD11B1,c_LEU369,mut_s1,detail,1,31,MBOYDUZSCSNUQL-MBBDSNKKNA-N,-7.536
HSD11B1,c_LEU369,mut_s1,detail,1,32,KPVDBHRTXOFQDK-YAQRNVERNA-N,-6.532
HSD11B1,c_LEU369,mut_s1,detail,1,33,LVCNFMYUKISBSB-VJSNTGQMNA-N,-7.675
HSD11B1,c_LEU369,mut_s1,detail,1,34,XLAHCIRKLMJUQC-DZQCGVKKNA-N,-8.548
HSD11B1,c_LEU369,mut_s1,detail,1,35,QNYHDABGLCBJOE-SHHGZXMVNA-N,-8.896
HSD11B1,c_LEU369,mut_s1,detail,1,36,HEKNRISBWSPMOG-OWTLIXCDNA-N,-7.928
HSD11B1,c_LEU369,mut_s1,detail,1,37,VIRNXCRLEVZXNX-LILDFLRNNA-N,-9.445
HSD11B1,c_LEU369,mut_s1,detail,1,38,SRTGERSEXJGDMR-UHFFFAOYNA-N,-6.928
HSD11B1,c_LEU369,mut_s1,detail,1,39,ZGMGSSRLZJYOKH-WXRBYKJCNA-N,-6.998
HSD11B1,c_LEU369,mut_s1,detail,1,40,VGYFDFRFGHHCDA-CUTUCBJDNA-N,-9.398
HSD11B1,c_LEU369,mut_s1,detail,1,41,DILPMLYWQJPNLO-HCKMINDGNA-N,-8.413
HSD11B1,c_LEU369,mut_s1,detail,1,42,RSOODJIGEVJLMK-LQFNOIFHNA-N,-9.532
HSD11B1,c_LEU369,mut_s1,detail,1,43,OWHHWMUAYBIQPR-UHFFFAOYNA-N,-9.41
HSD11B1,c_LEU369,mut_s1,detail,1,44,KPIKMVZJKZDOFC-UHFFFAOYNA-N,-9.3
HSD11B1,c_LEU369,mut_s1,detail,1,45,DIKDKRUREJXLMR-DPMTXJEANA-N,-8.635
HSD11B1,c_LEU369,mut_s1,detail,1,46,QRVJDPKQHAVBDK-UYBDAZJANA-N,-7.738
HSD11B1,c_LEU369,mut_s1,detail,1,47,SGBSFKSDPWOALT-UYBDAZJANA-N,-8.666
HSD11B1,c_LEU369,mut_s1,detail,1,48,CYHFRNFVZWVHCG-OTJKMEOQNA-N,-8.463
HSD11B1,c_LEU369,mut_s1,detail,1,49,MJUDQDHXCQONOA-MPIMZMORNA-N,-8.935
HSD11B1,c_LEU369,mut_s1,detail,1,50,RNVYRNLUUYNQAS-PKSOQXRJNA-N,-8.138
HSD11B1,c_LEU369,mut_s1,detail,1,51,DLZXOZYETDVJEB-QWOVJGMINA-N,-7.539
HSD11B1,c_LEU369,mut_s1,detail,1,52,HSICVZRDGBJSEL-GPQMBLKYNA-N,-8.579
HSD11B1,c_LEU369,mut_s1,detail,1,53,HMRUHHFLIMYEAF-QNGOCPJXNA-N,-7.168
HSD11B1,c_LEU369,mut_s1,detail,1,54,ZZOWQPSBJUXHCA-YSPRVCGUNA-N,-8.285
HSD11B1,c_LEU369,mut_s1,detail,1,55,WDDJLHOUFWSQSV-UHFFFAOYNA-N,-9.722
HSD11B1,c_LEU369,mut_s1,detail,1,56,UKLIIGXGTPSYBF-IBCWCQIKNA-N,-8.228
HSD11B1,c_LEU369,mut_s1,detail,1,57,LNPOBRXJZYGQMS-MOHJPFBDNA-N,-8.837
HSD11B1,c_LEU369,mut_s1,detail,1,58,FYILBFPPKIZBTO-UHFFFAOYNA-N,-8.416
HSD11B1,c_LEU369,mut_s1,detail,1,59,MIKIJFODTJGFDI-LILDFLRNNA-N,-7.633
HSD11B1,c_LEU369,mut_s1,detail,1,60,RUWCNSLWWCWTSU-LILDFLRNNA-N,-9.895
HSD11B1,c_LEU369,mut_s1,detail,1,61,KLQWCHKIQJHYIB-UHFFFAOYNA-N,-9.542
HSD11B1,c_LEU369,mut_s1,detail,1,62,QKAWGENQCGFAOE-NPVYFSBINA-N,-8.648
HSD11B1,c_LEU369,mut_s1,detail,1,63,KGOKCBRZBBEYBE-MMRXBHCZNA-N,-9.53
HSD11B1,c_LEU369,mut_s1,detail,1,64,ROFRXCLSWKEWTN-UHFFFAOYNA-N,-8.164
HSD11B1,c_LEU369,mut_s1,detail,1,65,AKRMJNKLSCBEME-FPYGCLRLNA-N,-7.487
HSD11B1,c_LEU369,mut_s1,detail,1,66,LCGJUJZLLYTYIF-XMFFZCEENA-N,-8.066
HSD11B1,c_LEU369,mut_s1,detail,1,67,FREQNFSEYLEFOI-QRCVEOAVNA-N,-8.419
HSD11B1,c_LEU369,mut_s1,detail,1,68,MHMINAYLMNBGSM-UHFFFAOYNA-N,-7.607
HSD11B1,c_LEU369,mut_s1,detail,1,69,SYMNTBHEGHFZMV-UHFFFAOYNA-N,-8.653
HSD11B1,c_LEU369,mut_s1,detail,1,70,NNCRWGMPCGSKOO-LILDFLRNNA-N,-7.773
HSD11B1,c_LEU369,mut_s1,detail,1,71,ZCRRNCCNJMRGFI-UHFFFAOYNA-N,-9.537
HSD11B1,c_LEU369,mut_s1,detail,1,72,PYVZEIBGEUQNQQ-UHFFFAOYNA-N,-9.632
HSD11B1,c_LEU369,mut_s1,detail,1,73,OROJQWVRCGJACT-XBTAAFKLNA-N,-9.352
HSD11B1,c_LEU369,mut_s1,detail,1,74,TXYUWXKCUDOUGU-JLGFQASFNA-N,-7.635
HSD11B1,c_LEU369,mut_s1,detail,1,75,LAZANALODSEDSE-UHFFFAOYNA-N,-8.439
HSD11B1,c_LEU369,mut_s1,detail,1,76,RJXCYVJLXGRCHK-UHFFFAOYNA-N,-10.375
HSD11B1,c_LEU369,mut_s1,detail,1,77,FUSKIBWHJAWEFI-IEJAXPBYNA-N,-8.344
HSD11B1,c_LEU369,mut_s1,detail,1,78,SGWVLOCBQLQWQV-UHFFFAOYNA-N,-9.067
HSD11B1,c_LEU369,mut_s1,detail,1,79,PPXRQTYXLZCDAZ-QWOVJGMINA-N,-8.392
HSD11B1,c_LEU369,mut_s1,detail,1,80,DIFBADFWLVYFHV-LELJVTLKNA-N,-9.643
HSD11B1,c_LEU369,mut_s1,detail,1,81,XREOSEVJCQGCHE-MHPMNMKGNA-N,-10.437
HSD11B1,c_LEU369,mut_s1,detail,1,82,ZHGPKHBXSKWZEQ-UHFFFAOYNA-N,-9.99
HSD11B1,c_LEU369,mut_s1,detail,1,83,ZFAYPJJNPSNAFK-UHFFFAOYNA-N,-9.557
HSD11B1,c_LEU369,mut_s1,detail,1,84,LTXMRAGWIDQTQT-MYUTVWBTNA-N,-9.783
HSD11B1,c_LEU369,mut_s1,detail,1,85,VXQHYHSSGLOALC-SPEPDGBUNA-N,-9.648
HSD11B1,c_LEU369,mut_s1,detail,1,86,KWDSFRAWCISROF-PJQSKVNONA-N,-9.223
HSD11B1,c_LEU369,mut_s1,detail,1,87,ZJZXSQPHUQUHIV-ZGZFQTMPNA-N,-10.222
HSD11B1,c_LEU369,mut_s1,detail,1,88,UYHIVPBYFWVWEJ-UHFFFAOYNA-N,-9.841
HSD11B1,c_LEU369,mut_s1,detail,1,89,PLEFJSUCKRWHBY-LNNLXFCONA-N,-9.117
HSD11B1,c_LEU369,mut_s1,detail,1,90,DNSRQCRQLKJUCC-PDJAEHLQNA-N,-9.197
HSD11B1,c_LEU369,mut_s1,detail,1,91,PHYKZCBUNVYJNH-YDBXFXKPNA-N,-7.534
HSD11B1,c_LEU369,mut_s1,detail,1,92,OOUHZBUAVKCDGA-UHFFFAOYNA-N,-9.67
HSD11B1,c_LEU369,mut_s1,detail,1,93,UUQDFZFJDFMLHW-UHFFFAOYNA-N,-8.033
HSD11B1,c_LEU369,mut_s1,detail,1,94,OOUDDHNLDLLUOL-SKKVRFOWNA-N,-9.669
HSD11B1,c_LEU369,mut_s1,detail,1,95,ZDMQSUAMTLXUTE-MPIMZMORNA-N,-9.748
HSD11B1,c_LEU369,mut_s1,detail,1,96,NMPLPABDEKPABN-UHFFFAOYNA-N,-9.588
HSD11B1,c_LEU369,mut_s1,detail,1,97,INZRHGSVWGRHBM-NPVYFSBINA-N,-9.983
HSD11B1,c_LEU369,mut_s1,detail,1,98,RVGCWMKVTAEQIH-LNNLXFCONA-N,-9.804
HSD11B1,c_LEU369,mut_s1,detail,1,99,VRXWKRQOVMZBAF-LJQANCHMNA-N,-8.584
HSD11B1,c_LEU369,mut_s1,detail,1,100,QACLWOIBBYOHQP-UYBDAZJANA-N,-8.818
HSD11B1,c_LEU369,mut_s1,detail,1,101,ZNXSZVFPCBIELQ-LNNLXFCONA-N,-8.507
HSD11B1,c_LEU369,mut_s1,detail,1,102,GKMWCCNMKRSQHR-VEKUMTKDNA-N,-9.571
HSD11B1,c_LEU369,mut_s1,detail,1,103,FFGUSRSMWFYKGK-SKKVRFOWNA-N,-8.937
HSD11B1,c_LEU369,mut_s1,detail,1,104,KXBDDGKXLZBLOM-SPEPDGBUNA-N,-8.77
HSD11B1,c_LEU369,mut_s1,detail,1,105,MIUWULAZCXYTJW-MSHHZIMBNA-N,-10.318
HSD11B1,c_LEU369,mut_s1,detail,1,106,JPZOYWVRFLZCIC-NJNXFGOHNA-N,-10.404
HSD11B1,c_LEU369,mut_s1,detail,1,107,FAIQTLBYDVKBAB-DVIAZDKANA-N,-9.411
HSD11B1,c_LEU369,mut_s1,detail,1,108,APFLRZZAOXCNAZ-UHFFFAOYNA-N,-8.377
HSD11B1,c_LEU369,mut_s1,detail,1,109,BSQLDSQTGOZBFD-UHFFFAOYNA-N,-10.051
HSD11B1,c_LEU369,mut_s1,detail,1,110,ZVVCFJXCDATSCC-UHFFFAOYNA-N,-9.047
HSD11B1,c_LEU369,mut_s1,detail,1,111,SKEQTXZATFWVMB-UYBDAZJANA-N,-7.527
HSD11B1,c_LEU369,mut_s1,detail,1,112,IATWYRHDJKMBQK-MPIMZMORNA-N,-8.563
HSD11B1,c_LEU369,mut_s1,detail,1,113,JPWOEQDCUZCWKT-MPIMZMORNA-N,-8.252
HSD11B1,c_LEU369,mut_s1,detail,1,114,RYHSAXRBHDHPPK-PKSOQXRJNA-N,-8.316
HSD11B1,c_LEU369,mut_s1,detail,1,115,GKKJWUFVZJJFPG-MPIMZMORNA-N,-9.727
HSD11B1,c_LEU369,mut_s1,detail,1,116,FDNZXFDUCINVLY-BDGWVKIONA-N,-8.187
HSD11B1,c_LEU369,mut_s1,detail,1,117,KTBYKHKWIFIFAK-UHFFFAOYNA-N,-10.307
HSD11B1,c_LEU369,mut_s1,detail,1,118,ZRXZEWGUECXTTQ-LQFNOIFHNA-N,-8.868
HSD11B1,c_LEU369,mut_s1,detail,1,119,XNACBBGLIAJNJM-PECIQRARNA-N,-8.845
HSD11B1,c_LEU369,mut_s1,detail,1,120,WQZYYJRVBIQUGH-YWZOXAELNA-N,-8.811
HSD11B1,c_LEU369,mut_s1,detail,1,121,ABMSRNRLDZVJFV-SWUIVHNENA-N,-9.595
HSD11B1,c_LEU369,mut_s1,detail,1,122,ZEACBIUBSOLEGW-QAITUMOCNA-N,-10.973
HSD11B1,c_LEU369,mut_s1,detail,1,123,UBFCDXVLKFOOGL-OKPOJWAQNA-N,-9.55
HSD11B1,c_LEU369,mut_s1,detail,1,124,RRIHVAFUFDANEX-NSJMMFDCNA-N,-9.154
HSD11B1,c_LEU369,mut_s1,detail,1,125,HASIAUWPWKTSBW-SREBMQDQNA-N,-8.061
HSD11B1,c_LEU369,mut_s1,detail,1,126,WHBCKYHTCHCHAY-LQFNOIFHNA-N,-10.237
HSD11B1,c_LEU369,mut_s1,detail,1,127,XMAYWYJOQHXEEK-JYFHCDHNNA-N,-9.1
HSD11B1,c_LEU369,mut_s1,detail,1,128,TVKCFCZANTZCSU-OYRHEFFENA-N,-10.018
HSD11B1,c_LEU369,mut_s1,detail,1,129,OJFIIUWPOHBVMH-LNNLXFCONA-N,-7.741
HSD11B1,c_LEU369,mut_s1,detail,1,130,DKLZMGFTGWKNCD-DIRLUKLVNA-N,-9.981
HSD11B1,c_LEU369,mut_s1,detail,1,131,PYSLGWZFRQWTDD-PWIKPTQSNA-N,-9.852
HSD11B1,c_LEU369,mut_s1,detail,1,132,MWMBIUUYBQWKJX-QTUCRYGENA-N,-9.857
HSD11B1,c_LEU369,mut_s1,detail,1,133,FLYQFCXTEFTSQN-UHFFFAOYNA-N,-9.236
HSD11B1,c_LEU369,mut_s1,detail,1,134,PBIBDSDWIMZYDT-WBWGZOKWNA-N,-10.412
HSD11B1,c_LEU369,mut_s1,detail,1,135,GSRWMFGBDLHGBU-YEFLILRRNA-N,-8.142
HSD11B1,c_LEU369,mut_s1,detail,1,136,AYIJJQHMZAEQKE-QDAGQJSJNA-N,-8.103
HSD11B1,c_LEU369,mut_s1,detail,1,137,JVWTZUKPDMRNDC-FSAKADSPNA-N,-10.679
HSD11B1,c_LEU369,mut_s1,detail,1,138,XAZPLOLSRXZDBO-LBZABMTDNA-N,-9.94
HSD11B1,c_LEU369,mut_s1,detail,1,139,RGWVFJBNHCWCTL-CFEGKOCINA-N,-9.002
HSD11B1,c_LEU369,mut_s1,detail,1,140,YYWNRQZCPIMCAK-UHFFFAOYNA-N,-9.866
HSD11B1,c_LEU369,mut_s1,detail,1,141,PBTZDKNKXRSZPM-XBXBPLPCNA-N,-9.223
HSD11B1,c_LEU369,mut_s1,detail,1,142,QQPOIMHFFPBDQM-LELJVTLKNA-N,-7.816
HSD11B1,c_LEU369,mut_s1,detail,1,143,NYFQURFFDGCBCB-MAQJPOOANA-N,-8.226
HSD11B1,c_LEU369,mut_s1,detail,1,144,HXZVHWHABLBWBS-MTTPVDACNA-N,-9.707
HSD11B1,c_LEU369,mut_s1,detail,1,145,IWYYSOJWYLZKLK-LELJVTLKNA-N,-8.864
HSD11B1,c_LEU369,mut_s1,detail,1,146,HOGUCNPGZXMBGW-UHFFFAOYNA-N,-10.567
HSD11B1,c_LEU369,mut_s1,detail,1,147,VITUDJAVASFPKN-DUFUIDNCNA-N,-8.533
HSD11B1,c_LEU369,mut_s1,detail,1,148,IXAHDCRYEUYPBG-SCXYCHFONA-N,-9.425
HSD11B1,c_LEU369,mut_s1,detail,1,149,JWHMEKMLAZQDNS-OZMOGHDGNA-N,-8.583
HSD11B1,c_LEU369,mut_s1,detail,1,150,BZWNBTIJLRHNDZ-LBOYIXSDNA-N,-9.457
HSD11B1,c_LEU369,mut_s1,detail,1,151,RECYROBESYRUML-UHFFFAOYNA-N,-9.223
HSD11B1,c_LEU369,mut_s1,detail,1,152,MLDSJJJLQRZNKW-UHBIVWOUNA-N,-10.18
HSD11B1,c_LEU369,mut_s1,detail,1,153,XTWIHJARHCYNFX-PHXLCVRDNA-N,-8.86
HSD11B1,c_LEU369,mut_s1,detail,1,154,UQGFETVWTRDGKJ-UHFFFAOYNA-N,-8.033
HSD11B1,c_LEU369,mut_s1,detail,1,155,VJFSMDWEMFOWDK-CYSPOYASNA-N,-8.925
HSD11B1,c_LEU369,mut_s1,detail,1,156,NZYLXYBIWNIAGH-CYSPOYASNA-N,-8.741
HSD11B1,c_LEU369,mut_s1,detail,1,157,ODXCWFOKLBJQNP-MPIMZMORNA-N,-8.514
HSD11B1,c_LEU369,mut_s1,detail,1,158,FVDNMAPPDSKXKQ-UHFFFAOYNA-N,-9.583
HSD11B1,c_LEU369,mut_s1,detail,1,159,DOPWMPRIRWTOOD-CCHPKIMANA-N,-9.042
HSD11B1,c_VAL423,mut_s1,detail,1,0,URVMSYHISUZXNH-UYBDAZJANA-N,-8.604
HSD11B1,c_VAL423,mut_s1,detail,1,1,KXRPCFINVWWFHQ-UHFFFAOYNA-N,-5.441
HSD11B1,c_VAL423,mut_s1,detail,1,2,NICJTSHRYBTHAS-YHMJCDSINA-N,-7.534
HSD11B1,c_VAL423,mut_s1,detail,1,3,SWRZVDTZHDWPDS-AWIDAIFANA-N,-9.044
HSD11B1,c_VAL423,mut_s1,detail,1,4,RKNSLLSUFWWYCA-UHFFFAOYNA-N,-9.121
HSD11B1,c_VAL423,mut_s1,detail,1,5,OZFSIKFTRRUDES-RIYZIHGNNA-N,-6.868
HSD11B1,c_VAL423,mut_s1,detail,1,6,AAGGUCRASUJPPN-UHFFFAOYNA-N,-8.096
HSD11B1,c_VAL423,mut_s1,detail,1,7,OYHXDPMAFYHDNG-YAQRNVERNA-N,-7.729
HSD11B1,c_VAL423,mut_s1,detail,1,8,AWILWAIEQYZUEQ-UHFFFAOYNA-N,-6.546
HSD11B1,c_VAL423,mut_s1,detail,1,9,WSFAXHLMQUUHQT-VMPITWQZNA-N,-7.747
HSD11B1,c_VAL423,mut_s1,detail,1,10,WPHMTVNOXKBZKN-UHFFFAOYNA-N,-6.881
HSD11B1,c_VAL423,mut_s1,detail,1,11,LPEIZNODGHDCCW-UHFFFAOYNA-N,-7.975
HSD11B1,c_VAL423,mut_s1,detail,1,12,QQHWWDVSRWOHEP-LILDFLRNNA-N,-8.666
HSD11B1,c_VAL423,mut_s1,detail,1,13,UMEVSSPGBFVQNC-UHFFFAOYNA-N,-6.479
HSD11B1,c_VAL423,mut_s1,detail,1,14,VZDIOEKWWZRNQN-UHFFFAOYNA-N,-8.612
HSD11B1,c_VAL423,mut_s1,detail,1,15,JEVLDOUORFAHRS-NDKGDYFDNA-N,-7.412
HSD11B1,c_VAL423,mut_s1,detail,1,16,NFTGJNJRMWUBPG-GPQMBLKYNA-N,-7.29
HSD11B1,c_VAL423,mut_s1,detail,1,17,UMUUTEZBWGDVDA-UHFFFAOYNA-N,-7.986
HSD11B1,c_VAL423,mut_s1,detail,1,18,VLQKEPLNPGYNDJ-HCKMINDGNA-N,-8.212
HSD11B1,c_VAL423,mut_s1,detail,1,19,PPMVTAATPZLMJM-CDDDEJBQNA-N,-8.873
HSD11B1,c_VAL423,mut_s1,detail,1,20,AHLYFAKLKLMESK-YAQRNVERNA-N,-7.641
HSD11B1,c_VAL423,mut_s1,detail,1,21,GYEJYLAGVWRSIM-KGJHZMDYNA-N,-7.946
HSD11B1,c_VAL423,mut_s1,detail,1,22,RXVALSLAUOIYLW-UHFFFAOYNA-N,-8.287
HSD11B1,c_VAL423,mut_s1,detail,1,23,NSELYIFATLFDOZ-JLGFQASFNA-N,-8.429
HSD11B1,c_VAL423,mut_s1,detail,1,24,COQFBYACOHFCEC-UHFFFAOYNA-N,-8.2
HSD11B1,c_VAL423,mut_s1,detail,1,25,CJGJXFCLDYQBFQ-YJGXKCCXNA-N,-9.226
HSD11B1,c_VAL423,mut_s1,detail,1,26,BWNGRRJLFYHENY-INIZCTEONA-N,-7.566
HSD11B1,c_VAL423,mut_s1,detail,1,27,BNRFXWSJKVJVOF-UYBDAZJANA-N,-8.827
HSD11B1,c_VAL423,mut_s1,detail,1,28,DMULMZBZVBBWBY-PJZINPJWNA-N,-8.844
HSD11B1,c_VAL423,mut_s1,detail,1,29,AXLAIGJGNKHDPO-UHFFFAOYNA-N,-7.216
HSD11B1,c_VAL423,mut_s1,detail,1,30,RKDGAONZEPYEBT-WXRBYKJCNA-N,-7.489
HSD11B1,c_VAL423,mut_s1,detail,1,31,MBOYDUZSCSNUQL-MBBDSNKKNA-N,-8.148
HSD11B1,c_VAL423,mut_s1,detail,1,32,KPVDBHRTXOFQDK-YAQRNVERNA-N,-6.797
HSD11B1,c_VAL423,mut_s1,detail,1,33,LVCNFMYUKISBSB-VJSNTGQMNA-N,-7.731
HSD11B1,c_VAL423,mut_s1,detail,1,34,XLAHCIRKLMJUQC-DZQCGVKKNA-N,-8.551
HSD11B1,c_VAL423,mut_s1,detail,1,35,QNYHDABGLCBJOE-SHHGZXMVNA-N,-9.044
HSD11B1,c_VAL423,mut_s1,detail,1,36,HEKNRISBWSPMOG-OWTLIXCDNA-N,-7.838
HSD11B1,c_VAL423,mut_s1,detail,1,37,VIRNXCRLEVZXNX-LILDFLRNNA-N,-9.747
HSD11B1,c_VAL423,mut_s1,detail,1,38,SRTGERSEXJGDMR-UHFFFAOYNA-N,-7.346
HSD11B1,c_VAL423,mut_s1,detail,1,39,ZGMGSSRLZJYOKH-WXRBYKJCNA-N,-7.097
HSD11B1,c_VAL423,mut_s1,detail,1,40,VGYFDFRFGHHCDA-CUTUCBJDNA-N,-9.143
HSD11B1,c_VAL423,mut_s1,detail,1,41,DILPMLYWQJPNLO-HCKMINDGNA-N,-8.758
HSD11B1,c_VAL423,mut_s1,detail,1,42,RSOODJIGEVJLMK-LQFNOIFHNA-N,-9.739
HSD11B1,c_VAL423,mut_s1,detail,1,43,OWHHWMUAYBIQPR-UHFFFAOYNA-N,-9.05
HSD11B1,c_VAL423,mut_s1,detail,1,44,KPIKMVZJKZDOFC-UHFFFAOYNA-N,-9.876
HSD11B1,c_VAL423,mut_s1,detail,1,45,DIKDKRUREJXLMR-DPMTXJEANA-N,-8.525
HSD11B1,c_VAL423,mut_s1,detail,1,46,QRVJDPKQHAVBDK-UYBDAZJANA-N,-7.791
HSD11B1,c_VAL423,mut_s1,detail,1,47,SGBSFKSDPWOALT-UYBDAZJANA-N,-8.902
HSD11B1,c_VAL423,mut_s1,detail,1,48,CYHFRNFVZWVHCG-OTJKMEOQNA-N,-8.456
HSD11B1,c_VAL423,mut_s1,detail,1,49,MJUDQDHXCQONOA-MPIMZMORNA-N,-9.04
HSD11B1,c_VAL423,mut_s1,detail,1,50,RNVYRNLUUYNQAS-PKSOQXRJNA-N,-8.633
HSD11B1,c_VAL423,mut_s1,detail,1,51,DLZXOZYETDVJEB-QWOVJGMINA-N,-7.944
HSD11B1,c_VAL423,mut_s1,detail,1,52,HSICVZRDGBJSEL-GPQMBLKYNA-N,-8.115
HSD11B1,c_VAL423,mut_s1,detail,1,53,HMRUHHFLIMYEAF-QNGOCPJXNA-N,-7.469
HSD11B1,c_VAL423,mut_s1,detail,1,54,ZZOWQPSBJUXHCA-YSPRVCGUNA-N,-8.355
HSD11B1,c_VAL423,mut_s1,detail,1,55,WDDJLHOUFWSQSV-UHFFFAOYNA-N,-8.818
HSD11B1,c_VAL423,mut_s1,detail,1,56,UKLIIGXGTPSYBF-IBCWCQIKNA-N,-8.663
HSD11B1,c_VAL423,mut_s1,detail,1,57,LNPOBRXJZYGQMS-MOHJPFBDNA-N,-8.613
HSD11B1,c_VAL423,mut_s1,detail,1,58,FYILBFPPKIZBTO-UHFFFAOYNA-N,-7.306
HSD11B1,c_VAL423,mut_s1,detail,1,59,MIKIJFODTJGFDI-LILDFLRNNA-N,-8.178
HSD11B1,c_VAL423,mut_s1,detail,1,60,RUWCNSLWWCWTSU-LILDFLRNNA-N,-9.636
HSD11B1,c_VAL423,mut_s1,detail,1,61,KLQWCHKIQJHYIB-UHFFFAOYNA-N,-10.002
HSD11B1,c_VAL423,mut_s1,detail,1,62,QKAWGENQCGFAOE-NPVYFSBINA-N,-8.486
HSD11B1,c_VAL423,mut_s1,detail,1,63,KGOKCBRZBBEYBE-MMRXBHCZNA-N,-9.859
HSD11B1,c_VAL423,mut_s1,detail,1,64,ROFRXCLSWKEWTN-UHFFFAOYNA-N,-8.309
HSD11B1,c_VAL423,mut_s1,detail,1,65,AKRMJNKLSCBEME-FPYGCLRLNA-N,-8.335
HSD11B1,c_VAL423,mut_s1,detail,1,66,LCGJUJZLLYTYIF-XMFFZCEENA-N,-8.578
HSD11B1,c_VAL423,mut_s1,detail,1,67,FREQNFSEYLEFOI-QRCVEOAVNA-N,-8.313
HSD11B1,c_VAL423,mut_s1,detail,1,68,MHMINAYLMNBGSM-UHFFFAOYNA-N,-7.993
HSD11B1,c_VAL423,mut_s1,detail,1,69,SYMNTBHEGHFZMV-UHFFFAOYNA-N,-8.484
HSD11B1,c_VAL423,mut_s1,detail,1,70,NNCRWGMPCGSKOO-LILDFLRNNA-N,-8.092
HSD11B1,c_VAL423,mut_s1,detail,1,71,ZCRRNCCNJMRGFI-UHFFFAOYNA-N,-10.421
HSD11B1,c_VAL423,mut_s1,detail,1,72,PYVZEIBGEUQNQQ-UHFFFAOYNA-N,-10.191
HSD11B1,c_VAL423,mut_s1,detail,1,73,OROJQWVRCGJACT-XBTAAFKLNA-N,-9.393
HSD11B1,c_VAL423,mut_s1,detail,1,74,TXYUWXKCUDOUGU-JLGFQASFNA-N,-8.056
HSD11B1,c_VAL423,mut_s1,detail,1,75,LAZANALODSEDSE-UHFFFAOYNA-N,-8.519
HSD11B1,c_VAL423,mut_s1,detail,1,76,RJXCYVJLXGRCHK-UHFFFAOYNA-N,-10.085
HSD11B1,c_VAL423,mut_s1,detail,1,77,FUSKIBWHJAWEFI-IEJAXPBYNA-N,-8.622
HSD11B1,c_VAL423,mut_s1,detail,1,78,SGWVLOCBQLQWQV-UHFFFAOYNA-N,-8.817
HSD11B1,c_VAL423,mut_s1,detail,1,79,PPXRQTYXLZCDAZ-QWOVJGMINA-N,-9.632
HSD11B1,c_VAL423,mut_s1,detail,1,80,DIFBADFWLVYFHV-LELJVTLKNA-N,-9.158
HSD11B1,c_VAL423,mut_s1,detail,1,81,XREOSEVJCQGCHE-MHPMNMKGNA-N,-9.002
HSD11B1,c_VAL423,mut_s1,detail,1,82,ZHGPKHBXSKWZEQ-UHFFFAOYNA-N,-9.824
HSD11B1,c_VAL423,mut_s1,detail,1,83,ZFAYPJJNPSNAFK-UHFFFAOYNA-N,-8.937
HSD11B1,c_VAL423,mut_s1,detail,1,84,LTXMRAGWIDQTQT-MYUTVWBTNA-N,-11.231
HSD11B1,c_VAL423,mut_s1,detail,1,85,VXQHYHSSGLOALC-SPEPDGBUNA-N,-9.564
HSD11B1,c_VAL423,mut_s1,detail,1,86,KWDSFRAWCISROF-PJQSKVNONA-N,-9.365
HSD11B1,c_VAL423,mut_s1,detail,1,87,ZJZXSQPHUQUHIV-ZGZFQTMPNA-N,-10.385
HSD11B1,c_VAL423,mut_s1,detail,1,88,UYHIVPBYFWVWEJ-UHFFFAOYNA-N,-10.001
HSD11B1,c_VAL423,mut_s1,detail,1,89,PLEFJSUCKRWHBY-LNNLXFCONA-N,-9.117
HSD11B1,c_VAL423,mut_s1,detail,1,90,DNSRQCRQLKJUCC-PDJAEHLQNA-N,-9.557
HSD11B1,c_VAL423,mut_s1,detail,1,91,PHYKZCBUNVYJNH-YDBXFXKPNA-N,-7.759
HSD11B1,c_VAL423,mut_s1,detail,1,92,OOUHZBUAVKCDGA-UHFFFAOYNA-N,-9.392
HSD11B1,c_VAL423,mut_s1,detail,1,93,UUQDFZFJDFMLHW-UHFFFAOYNA-N,-8.187
HSD11B1,c_VAL423,mut_s1,detail,1,94,OOUDDHNLDLLUOL-SKKVRFOWNA-N,-9.933
HSD11B1,c_VAL423,mut_s1,detail,1,95,ZDMQSUAMTLXUTE-MPIMZMORNA-N,-9.975
HSD11B1,c_VAL423,mut_s1,detail,1,96,NMPLPABDEKPABN-UHFFFAOYNA-N,-9.367
HSD11B1,c_VAL423,mut_s1,detail,1,97,INZRHGSVWGRHBM-NPVYFSBINA-N,-10.265
HSD11B1,c_VAL423,mut_s1,detail,1,98,RVGCWMKVTAEQIH-LNNLXFCONA-N,-10.409
HSD11B1,c_VAL423,mut_s1,detail,1,99,VRXWKRQOVMZBAF-LJQANCHMNA-N,-9.051
HSD11B1,c_VAL423,mut_s1,detail,1,100,QACLWOIBBYOHQP-UYBDAZJANA-N,-9.096
HSD11B1,c_VAL423,mut_s1,detail,1,101,ZNXSZVFPCBIELQ-LNNLXFCONA-N,-8.502
HSD11B1,c_VAL423,mut_s1,detail,1,102,GKMWCCNMKRSQHR-VEKUMTKDNA-N,-9.191
HSD11B1,c_VAL423,mut_s1,detail,1,103,FFGUSRSMWFYKGK-SKKVRFOWNA-N,-9.034
HSD11B1,c_VAL423,mut_s1,detail,1,104,KXBDDGKXLZBLOM-SPEPDGBUNA-N,-9.571
HSD11B1,c_VAL423,mut_s1,detail,1,105,MIUWULAZCXYTJW-MSHHZIMBNA-N,-9.749
HSD11B1,c_VAL423,mut_s1,detail,1,106,JPZOYWVRFLZCIC-NJNXFGOHNA-N,-10.507
HSD11B1,c_VAL423,mut_s1,detail,1,107,FAIQTLBYDVKBAB-DVIAZDKANA-N,-9.475
HSD11B1,c_VAL423,mut_s1,detail,1,108,APFLRZZAOXCNAZ-UHFFFAOYNA-N,-9.171
HSD11B1,c_VAL423,mut_s1,detail,1,109,BSQLDSQTGOZBFD-UHFFFAOYNA-N,-9.168
HSD11B1,c_VAL423,mut_s1,detail,1,110,ZVVCFJXCDATSCC-UHFFFAOYNA-N,-9.536
HSD11B1,c_VAL423,mut_s1,detail,1,111,SKEQTXZATFWVMB-UYBDAZJANA-N,-7.189
HSD11B1,c_VAL423,mut_s1,detail,1,112,IATWYRHDJKMBQK-MPIMZMORNA-N,-8.668
HSD11B1,c_VAL423,mut_s1,detail,1,113,JPWOEQDCUZCWKT-MPIMZMORNA-N,-7.846
HSD11B1,c_VAL423,mut_s1,detail,1,114,RYHSAXRBHDHPPK-PKSOQXRJNA-N,-8.079
HSD11B1,c_VAL423,mut_s1,detail,1,115,GKKJWUFVZJJFPG-MPIMZMORNA-N,-10.34
HSD11B1,c_VAL423,mut_s1,detail,1,116,FDNZXFDUCINVLY-BDGWVKIONA-N,-8.713
HSD11B1,c_VAL423,mut_s1,detail,1,117,KTBYKHKWIFIFAK-UHFFFAOYNA-N,-10.508
HSD11B1,c_VAL423,mut_s1,detail,1,118,ZRXZEWGUECXTTQ-LQFNOIFHNA-N,-8.6
HSD11B1,c_VAL423,mut_s1,detail,1,119,XNACBBGLIAJNJM-PECIQRARNA-N,-8.723
HSD11B1,c_VAL423,mut_s1,detail,1,120,WQZYYJRVBIQUGH-YWZOXAELNA-N,-8.524
HSD11B1,c_VAL423,mut_s1,detail,1,121,ABMSRNRLDZVJFV-SWUIVHNENA-N,-9.594
HSD11B1,c_VAL423,mut_s1,detail,1,122,ZEACBIUBSOLEGW-QAITUMOCNA-N,-9.937
HSD11B1,c_VAL423,mut_s1,detail,1,123,UBFCDXVLKFOOGL-OKPOJWAQNA-N,-9.555
HSD11B1,c_VAL423,mut_s1,detail,1,124,RRIHVAFUFDANEX-NSJMMFDCNA-N,-8.092
HSD11B1,c_VAL423,mut_s1,detail,1,125,HASIAUWPWKTSBW-SREBMQDQNA-N,-8.459
HSD11B1,c_VAL423,mut_s1,detail,1,126,WHBCKYHTCHCHAY-LQFNOIFHNA-N,-9.196
HSD11B1,c_VAL423,mut_s1,detail,1,127,XMAYWYJOQHXEEK-JYFHCDHNNA-N,-9.48
HSD11B1,c_VAL423,mut_s1,detail,1,128,TVKCFCZANTZCSU-OYRHEFFENA-N,-9.129
HSD11B1,c_VAL423,mut_s1,detail,1,129,OJFIIUWPOHBVMH-LNNLXFCONA-N,-8.082
HSD11B1,c_VAL423,mut_s1,detail,1,130,DKLZMGFTGWKNCD-DIRLUKLVNA-N,-9.841
HSD11B1,c_VAL423,mut_s1,detail,1,131,PYSLGWZFRQWTDD-PWIKPTQSNA-N,-9.962
HSD11B1,c_VAL423,mut_s1,detail,1,132,MWMBIUUYBQWKJX-QTUCRYGENA-N,-9.697
HSD11B1,c_VAL423,mut_s1,detail,1,133,FLYQFCXTEFTSQN-UHFFFAOYNA-N,-8.438
HSD11B1,c_VAL423,mut_s1,detail,1,134,PBIBDSDWIMZYDT-WBWGZOKWNA-N,-8.168
HSD11B1,c_VAL423,mut_s1,detail,1,135,GSRWMFGBDLHGBU-YEFLILRRNA-N,-7.887
HSD11B1,c_VAL423,mut_s1,detail,1,136,AYIJJQHMZAEQKE-QDAGQJSJNA-N,-8.888
HSD11B1,c_VAL423,mut_s1,detail,1,137,JVWTZUKPDMRNDC-FSAKADSPNA-N,-10.092
HSD11B1,c_VAL423,mut_s1,detail,1,138,XAZPLOLSRXZDBO-LBZABMTDNA-N,-7.99
HSD11B1,c_VAL423,mut_s1,detail,1,139,RGWVFJBNHCWCTL-CFEGKOCINA-N,-10.068
HSD11B1,c_VAL423,mut_s1,detail,1,140,YYWNRQZCPIMCAK-UHFFFAOYNA-N,-9.803
HSD11B1,c_VAL423,mut_s1,detail,1,141,PBTZDKNKXRSZPM-XBXBPLPCNA-N,-9.022
HSD11B1,c_VAL423,mut_s1,detail,1,142,QQPOIMHFFPBDQM-LELJVTLKNA-N,-7.285
HSD11B1,c_VAL423,mut_s1,detail,1,143,NYFQURFFDGCBCB-MAQJPOOANA-N,-8.584
HSD11B1,c_VAL423,mut_s1,detail,1,144,HXZVHWHABLBWBS-MTTPVDACNA-N,-9.489
HSD11B1,c_VAL423,mut_s1,detail,1,145,IWYYSOJWYLZKLK-LELJVTLKNA-N,-8.591
HSD11B1,c_VAL423,mut_s1,detail,1,146,HOGUCNPGZXMBGW-UHFFFAOYNA-N,-9.434
HSD11B1,c_VAL423,mut_s1,detail,1,147,VITUDJAVASFPKN-DUFUIDNCNA-N,-7.698
HSD11B1,c_VAL423,mut_s1,detail,1,148,IXAHDCRYEUYPBG-SCXYCHFONA-N,-8.197
HSD11B1,c_VAL423,mut_s1,detail,1,149,JWHMEKMLAZQDNS-OZMOGHDGNA-N,-8.186
HSD11B1,c_VAL423,mut_s1,detail,1,150,BZWNBTIJLRHNDZ-LBOYIXSDNA-N,-9.041
HSD11B1,c_VAL423,mut_s1,detail,1,151,RECYROBESYRUML-UHFFFAOYNA-N,-8.03
HSD11B1,c_VAL423,mut_s1,detail,1,152,MLDSJJJLQRZNKW-UHBIVWOUNA-N,-10.368
HSD11B1,c_VAL423,mut_s1,detail,1,153,XTWIHJARHCYNFX-PHXLCVRDNA-N,-8.744
HSD11B1,c_VAL423,mut_s1,detail,1,154,UQGFETVWTRDGKJ-UHFFFAOYNA-N,-7.304
HSD11B1,c_VAL423,mut_s1,detail,1,155,VJFSMDWEMFOWDK-CYSPOYASNA-N,-7.357
HSD11B1,c_VAL423,mut_s1,detail,1,156,NZYLXYBIWNIAGH-CYSPOYASNA-N,-9.577
HSD11B1,c_VAL423,mut_s1,detail,1,157,ODXCWFOKLBJQNP-MPIMZMORNA-N,-8.056
HSD11B1,c_VAL423,mut_s1,detail,1,158,FVDNMAPPDSKXKQ-UHFFFAOYNA-N,-9.174
HSD11B1,c_VAL423,mut_s1,detail,1,159,DOPWMPRIRWTOOD-CCHPKIMANA-N,-7.659
HSD11B1,c_VAL470,mut_s1,detail,1,0,URVMSYHISUZXNH-UYBDAZJANA-N,-8.53
HSD11B1,c_VAL470,mut_s1,detail,1,1,KXRPCFINVWWFHQ-UHFFFAOYNA-N,-5.613
HSD11B1,c_VAL470,mut_s1,detail,1,2,NICJTSHRYBTHAS-YHMJCDSINA-N,-7.409
HSD11B1,c_VAL470,mut_s1,detail,1,3,SWRZVDTZHDWPDS-AWIDAIFANA-N,-9.179
HSD11B1,c_VAL470,mut_s1,detail,1,4,RKNSLLSUFWWYCA-UHFFFAOYNA-N,-9.133
HSD11B1,c_VAL470,mut_s1,detail,1,5,OZFSIKFTRRUDES-RIYZIHGNNA-N,-6.712
HSD11B1,c_VAL470,mut_s1,detail,1,6,AAGGUCRASUJPPN-UHFFFAOYNA-N,-8.288
HSD11B1,c_VAL470,mut_s1,detail,1,7,OYHXDPMAFYHDNG-YAQRNVERNA-N,-8.07
HSD11B1,c_VAL470,mut_s1,detail,1,8,AWILWAIEQYZUEQ-UHFFFAOYNA-N,-6.955
HSD11B1,c_VAL470,mut_s1,detail,1,9,WSFAXHLMQUUHQT-VMPITWQZNA-N,-7.789
HSD11B1,c_VAL470,mut_s1,detail,1,10,WPHMTVNOXKBZKN-UHFFFAOYNA-N,-6.921
HSD11B1,c_VAL470,mut_s1,detail,1,11,LPEIZNODGHDCCW-UHFFFAOYNA-N,-7.867
HSD11B1,c_VAL470,mut_s1,detail,1,12,QQHWWDVSRWOHEP-LILDFLRNNA-N,-8.781
HSD11B1,c_VAL470,mut_s1,detail,1,13,UMEVSSPGBFVQNC-UHFFFAOYNA-N,-6.376
HSD11B1,c_VAL470,mut_s1,detail,1,14,VZDIOEKWWZRNQN-UHFFFAOYNA-N,-8.843
HSD11B1,c_VAL470,mut_s1,detail,1,15,JEVLDOUORFAHRS-NDKGDYFDNA-N,-7.673
HSD11B1,c_VAL470,mut_s1,detail,1,16,NFTGJNJRMWUBPG-GPQMBLKYNA-N,-7.53
HSD11B1,c_VAL470,mut_s1,detail,1,17,UMUUTEZBWGDVDA-UHFFFAOYNA-N,-7.592
HSD11B1,c_VAL470,mut_s1,detail,1,18,VLQKEPLNPGYNDJ-HCKMINDGNA-N,-8.458
HSD11B1,c_VAL470,mut_s1,detail,1,19,PPMVTAATPZLMJM-CDDDEJBQNA-N,-9.382
HSD11B1,c_VAL470,mut_s1,detail,1,20,AHLYFAKLKLMESK-YAQRNVERNA-N,-7.991
HSD11B1,c_VAL470,mut_s1,detail,1,21,GYEJYLAGVWRSIM-KGJHZMDYNA-N,-8.028
HSD11B1,c_VAL470,mut_s1,detail,1,22,RXVALSLAUOIYLW-UHFFFAOYNA-N,-7.999
HSD11B1,c_VAL470,mut_s1,detail,1,23,NSELYIFATLFDOZ-JLGFQASFNA-N,-8.156
HSD11B1,c_VAL470,mut_s1,detail,1,24,COQFBYACOHFCEC-UHFFFAOYNA-N,-7.919
HSD11B1,c_VAL470,mut_s1,detail,1,25,CJGJXFCLDYQBFQ-YJGXKCCXNA-N,-8.43
HSD11B1,c_VAL470,mut_s1,detail,1,26,BWNGRRJLFYHENY-INIZCTEONA-N,-7.425
HSD11B1,c_VAL470,mut_s1,detail,1,27,BNRFXWSJKVJVOF-UYBDAZJANA-N,-8.831
HSD11B1,c_VAL470,mut_s1,detail,1,28,DMULMZBZVBBWBY-PJZINPJWNA-N,-8.965
HSD11B1,c_VAL470,mut_s1,detail,1,29,AXLAIGJGNKHDPO-UHFFFAOYNA-N,-7.267
HSD11B1,c_VAL470,mut_s1,detail,1,30,RKDGAONZEPYEBT-WXRBYKJCNA-N,-7.252
HSD11B1,c_VAL470,mut_s1,detail,1,31,MBOYDUZSCSNUQL-MBBDSNKKNA-N,-7.601
HSD11B1,c_VAL470,mut_s1,detail,1,32,KPVDBHRTXOFQDK-YAQRNVERNA-N,-6.72
HSD11B1,c_VAL470,mut_s1,detail,1,33,LVCNFMYUKISBSB-VJSNTGQMNA-N,-7.802
HSD11B1,c_VAL470,mut_s1,detail,1,34,XLAHCIRKLMJUQC-DZQCGVKKNA-N,-8.695
HSD11B1,c_VAL470,mut_s1,detail,1,35,QNYHDABGLCBJOE-SHHGZXMVNA-N,-9.324
HSD11B1,c_VAL470,mut_s1,detail,1,36,HEKNRISBWSPMOG-OWTLIXCDNA-N,-7.796
HSD11B1,c_VAL470,mut_s1,detail,1,37,VIRNXCRLEVZXNX-LILDFLRNNA-N,-9.625
HSD11B1,c_VAL470,mut_s1,detail,1,38,SRTGERSEXJGDMR-UHFFFAOYNA-N,-7.222
HSD11B1,c_VAL470,mut_s1,detail,1,39,ZGMGSSRLZJYOKH-WXRBYKJCNA-N,-7.189
HSD11B1,c_VAL470,mut_s1,detail,1,40,VGYFDFRFGHHCDA-CUTUCBJDNA-N,-9.41
HSD11B1,c_VAL470,mut_s1,detail,1,41,DILPMLYWQJPNLO-HCKMINDGNA-N,-8.863
HSD11B1,c_VAL470,mut_s1,detail,1,42,RSOODJIGEVJLMK-LQFNOIFHNA-N,-10.081
HSD11B1,c_VAL470,mut_s1,detail,1,43,OWHHWMUAYBIQPR-UHFFFAOYNA-N,-9.3
HSD11B1,c_VAL470,mut_s1,detail,1,44,KPIKMVZJKZDOFC-UHFFFAOYNA-N,-9.612
HSD11B1,c_VAL470,mut_s1,detail,1,45,DIKDKRUREJXLMR-DPMTXJEANA-N,-8.865
HSD11B1,c_VAL470,mut_s1,detail,1,46,QRVJDPKQHAVBDK-UYBDAZJANA-N,-7.845
HSD11B1,c_VAL470,mut_s1,detail,1,47,SGBSFKSDPWOALT-UYBDAZJANA-N,-9.048
HSD11B1,c_VAL470,mut_s1,detail,1,48,CYHFRNFVZWVHCG-OTJKMEOQNA-N,-8.538
HSD11B1,c_VAL470,mut_s1,detail,1,49,MJUDQDHXCQONOA-MPIMZMORNA-N,-9.064
HSD11B1,c_VAL470,mut_s1,detail,1,50,RNVYRNLUUYNQAS-PKSOQXRJNA-N,-8.416
HSD11B1,c_VAL470,mut_s1,detail,1,51,DLZXOZYETDVJEB-QWOVJGMINA-N,-7.735
HSD11B1,c_VAL470,mut_s1,detail,1,52,HSICVZRDGBJSEL-GPQMBLKYNA-N,-8.403
HSD11B1,c_VAL470,mut_s1,detail,1,53,HMRUHHFLIMYEAF-QNGOCPJXNA-N,-7.561
HSD11B1,c_VAL470,mut_s1,detail,1,54,ZZOWQPSBJUXHCA-YSPRVCGUNA-N,-8.599
HSD11B1,c_VAL470,mut_s1,detail,1,55,WDDJLHOUFWSQSV-UHFFFAOYNA-N,-9.566
HSD11B1,c_VAL470,mut_s1,detail,1,56,UKLIIGXGTPSYBF-IBCWCQIKNA-N,-8.557
HSD11B1,c_VAL470,mut_s1,detail,1,57,LNPOBRXJZYGQMS-MOHJPFBDNA-N,-8.55
HSD11B1,c_VAL470,mut_s1,detail,1,58,FYILBFPPKIZBTO-UHFFFAOYNA-N,-8.196
HSD11B1,c_VAL470,mut_s1,detail,1,59,MIKIJFODTJGFDI-LILDFLRNNA-N,-8.173
HSD11B1,c_VAL470,mut_s1,detail,1,60,RUWCNSLWWCWTSU-LILDFLRNNA-N,-9.995
HSD11B1,c_VAL470,mut_s1,detail,1,61,KLQWCHKIQJHYIB-UHFFFAOYNA-N,-9.927
HSD11B1,c_VAL470,mut_s1,detail,1,62,QKAWGENQCGFAOE-NPVYFSBINA-N,-8.442
HSD11B1,c_VAL470,mut_s1,detail,1,63,KGOKCBRZBBEYBE-MMRXBHCZNA-N,-10.053
HSD11B1,c_VAL470,mut_s1,detail,1,64,ROFRXCLSWKEWTN-UHFFFAOYNA-N,-8.793
HSD11B1,c_VAL470,mut_s1,detail,1,65,AKRMJNKLSCBEME-FPYGCLRLNA-N,-7.54
HSD11B1,c_VAL470,mut_s1,detail,1,66,LCGJUJZLLYTYIF-XMFFZCEENA-N,-8.804
HSD11B1,c_VAL470,mut_s1,detail,1,67,FREQNFSEYLEFOI-QRCVEOAVNA-N,-8.607
HSD11B1,c_VAL470,mut_s1,detail,1,68,MHMINAYLMNBGSM-UHFFFAOYNA-N,-8.694
HSD11B1,c_VAL470,mut_s1,detail,1,69,SYMNTBHEGHFZMV-UHFFFAOYNA-N,-8.078
HSD11B1,c_VAL470,mut_s1,detail,1,70,NNCRWGMPCGSKOO-LILDFLRNNA-N,-8.019
HSD11B1,c_VAL470,mut_s1,detail,1,71,ZCRRNCCNJMRGFI-UHFFFAOYNA-N,-9.965
HSD11B1,c_VAL470,mut_s1,detail,1,72,PYVZEIBGEUQNQQ-UHFFFAOYNA-N,-10.079
HSD11B1,c_VAL470,mut_s1,detail,1,73,OROJQWVRCGJACT-XBTAAFKLNA-N,-9.767
HSD11B1,c_VAL470,mut_s1,detail,1,74,TXYUWXKCUDOUGU-JLGFQASFNA-N,-8.134
HSD11B1,c_VAL470,mut_s1,detail,1,75,LAZANALODSEDSE-UHFFFAOYNA-N,-8.309
HSD11B1,c_VAL470,mut_s1,detail,1,76,RJXCYVJLXGRCHK-UHFFFAOYNA-N,-10.395
HSD11B1,c_VAL470,mut_s1,detail,1,77,FUSKIBWHJAWEFI-IEJAXPBYNA-N,-8.688
HSD11B1,c_VAL470,mut_s1,detail,1,78,SGWVLOCBQLQWQV-UHFFFAOYNA-N,-8.892
HSD11B1,c_VAL470,mut_s1,detail,1,79,PPXRQTYXLZCDAZ-QWOVJGMINA-N,-9.584
HSD11B1,c_VAL470,mut_s1,detail,1,80,DIFBADFWLVYFHV-LELJVTLKNA-N,-8.617
HSD11B1,c_VAL470,mut_s1,detail,1,81,XREOSEVJCQGCHE-MHPMNMKGNA-N,-9.682
HSD11B1,c_VAL470,mut_s1,detail,1,82,ZHGPKHBXSKWZEQ-UHFFFAOYNA-N,-9.863
HSD11B1,c_VAL470,mut_s1,detail,1,83,ZFAYPJJNPSNAFK-UHFFFAOYNA-N,-9.274
HSD11B1,c_VAL470,mut_s1,detail,1,84,LTXMRAGWIDQTQT-MYUTVWBTNA-N,-10.161
HSD11B1,c_VAL470,mut_s1,detail,1,85,VXQHYHSSGLOALC-SPEPDGBUNA-N,-9.726
HSD11B1,c_VAL470,mut_s1,detail,1,86,KWDSFRAWCISROF-PJQSKVNONA-N,-9.303
HSD11B1,c_VAL470,mut_s1,detail,1,87,ZJZXSQPHUQUHIV-ZGZFQTMPNA-N,-10.421
HSD11B1,c_VAL470,mut_s1,detail,1,88,UYHIVPBYFWVWEJ-UHFFFAOYNA-N,-10.196
HSD11B1,c_VAL470,mut_s1,detail,1,89,PLEFJSUCKRWHBY-LNNLXFCONA-N,-9.11
HSD11B1,c_VAL470,mut_s1,detail,1,90,DNSRQCRQLKJUCC-PDJAEHLQNA-N,-9.139
HSD11B1,c_VAL470,mut_s1,detail,1,91,PHYKZCBUNVYJNH-YDBXFXKPNA-N,-7.996
HSD11B1,c_VAL470,mut_s1,detail,1,92,OOUHZBUAVKCDGA-UHFFFAOYNA-N,-9.079
HSD11B1,c_VAL470,mut_s1,detail,1,93,UUQDFZFJDFMLHW-UHFFFAOYNA-N,-8.52
HSD11B1,c_VAL470,mut_s1,detail,1,94,OOUDDHNLDLLUOL-SKKVRFOWNA-N,-9.858
HSD11B1,c_VAL470,mut_s1,detail,1,95,ZDMQSUAMTLXUTE-MPIMZMORNA-N,-10.004
HSD11B1,c_VAL470,mut_s1,detail,1,96,NMPLPABDEKPABN-UHFFFAOYNA-N,-10.048
HSD11B1,c_VAL470,mut_s1,detail,1,97,INZRHGSVWGRHBM-NPVYFSBINA-N,-9.788
HSD11B1,c_VAL470,mut_s1,detail,1,98,RVGCWMKVTAEQIH-LNNLXFCONA-N,-9.427
HSD11B1,c_VAL470,mut_s1,detail,1,99,VRXWKRQOVMZBAF-LJQANCHMNA-N,-9.251
HSD11B1,c_VAL470,mut_s1,detail,1,100,QACLWOIBBYOHQP-UYBDAZJANA-N,-8.589
HSD11B1,c_VAL470,mut_s1,detail,1,101,ZNXSZVFPCBIELQ-LNNLXFCONA-N,-9.337
HSD11B1,c_VAL470,mut_s1,detail,1,102,GKMWCCNMKRSQHR-VEKUMTKDNA-N,-9.194
HSD11B1,c_VAL470,mut_s1,detail,1,103,FFGUSRSMWFYKGK-SKKVRFOWNA-N,-9.167
HSD11B1,c_VAL470,mut_s1,detail,1,104,KXBDDGKXLZBLOM-SPEPDGBUNA-N,-9.323
HSD11B1,c_VAL470,mut_s1,detail,1,105,MIUWULAZCXYTJW-MSHHZIMBNA-N,-9.708
HSD11B1,c_VAL470,mut_s1,detail,1,106,JPZOYWVRFLZCIC-NJNXFGOHNA-N,-10.519
HSD11B1,c_VAL470,mut_s1,detail,1,107,FAIQTLBYDVKBAB-DVIAZDKANA-N,-9.651
HSD11B1,c_VAL470,mut_s1,detail,1,108,APFLRZZAOXCNAZ-UHFFFAOYNA-N,-8.99
HSD11B1,c_VAL470,mut_s1,detail,1,109,BSQLDSQTGOZBFD-UHFFFAOYNA-N,-9.122
HSD11B1,c_VAL470,mut_s1,detail,1,110,ZVVCFJXCDATSCC-UHFFFAOYNA-N,-9.518
HSD11B1,c_VAL470,mut_s1,detail,1,111,SKEQTXZATFWVMB-UYBDAZJANA-N,-7.603
HSD11B1,c_VAL470,mut_s1,detail,1,112,IATWYRHDJKMBQK-MPIMZMORNA-N,-9.136
HSD11B1,c_VAL470,mut_s1,detail,1,113,JPWOEQDCUZCWKT-MPIMZMORNA-N,-8.109
HSD11B1,c_VAL470,mut_s1,detail,1,114,RYHSAXRBHDHPPK-PKSOQXRJNA-N,-8.155
HSD11B1,c_VAL470,mut_s1,detail,1,115,GKKJWUFVZJJFPG-MPIMZMORNA-N,-9.568
HSD11B1,c_VAL470,mut_s1,detail,1,116,FDNZXFDUCINVLY-BDGWVKIONA-N,-8.088
HSD11B1,c_VAL470,mut_s1,detail,1,117,KTBYKHKWIFIFAK-UHFFFAOYNA-N,-10.682
HSD11B1,c_VAL470,mut_s1,detail,1,118,ZRXZEWGUECXTTQ-LQFNOIFHNA-N,-8.681
HSD11B1,c_VAL470,mut_s1,detail,1,119,XNACBBGLIAJNJM-PECIQRARNA-N,-8.684
HSD11B1,c_VAL470,mut_s1,detail,1,120,WQZYYJRVBIQUGH-YWZOXAELNA-N,-8.371
HSD11B1,c_VAL470,mut_s1,detail,1,121,ABMSRNRLDZVJFV-SWUIVHNENA-N,-9.691
HSD11B1,c_VAL470,mut_s1,detail,1,122,ZEACBIUBSOLEGW-QAITUMOCNA-N,-10.149
HSD11B1,c_VAL470,mut_s1,detail,1,123,UBFCDXVLKFOOGL-OKPOJWAQNA-N,-9.11
HSD11B1,c_VAL470,mut_s1,detail,1,124,RRIHVAFUFDANEX-NSJMMFDCNA-N,-8.254
HSD11B1,c_VAL470,mut_s1,detail,1,125,HASIAUWPWKTSBW-SREBMQDQNA-N,-7.519
HSD11B1,c_VAL470,mut_s1,detail,1,126,WHBCKYHTCHCHAY-LQFNOIFHNA-N,-9.192
HSD11B1,c_VAL470,mut_s1,detail,1,127,XMAYWYJOQHXEEK-JYFHCDHNNA-N,-9.823
HSD11B1,c_VAL470,mut_s1,detail,1,128,TVKCFCZANTZCSU-OYRHEFFENA-N,-10.496
HSD11B1,c_VAL470,mut_s1,detail,1,129,OJFIIUWPOHBVMH-LNNLXFCONA-N,-8.557
HSD11B1,c_VAL470,mut_s1,detail,1,130,DKLZMGFTGWKNCD-DIRLUKLVNA-N,-9.819
HSD11B1,c_VAL470,mut_s1,detail,1,131,PYSLGWZFRQWTDD-PWIKPTQSNA-N,-10.134
HSD11B1,c_VAL470,mut_s1,detail,1,132,MWMBIUUYBQWKJX-QTUCRYGENA-N,-9.715
HSD11B1,c_VAL470,mut_s1,detail,1,133,FLYQFCXTEFTSQN-UHFFFAOYNA-N,-8.249
HSD11B1,c_VAL470,mut_s1,detail,1,134,PBIBDSDWIMZYDT-WBWGZOKWNA-N,-9.159
HSD11B1,c_VAL470,mut_s1,detail,1,135,GSRWMFGBDLHGBU-YEFLILRRNA-N,-8.438
HSD11B1,c_VAL470,mut_s1,detail,1,136,AYIJJQHMZAEQKE-QDAGQJSJNA-N,-8.262
HSD11B1,c_VAL470,mut_s1,detail,1,137,JVWTZUKPDMRNDC-FSAKADSPNA-N,-9.312
HSD11B1,c_VAL470,mut_s1,detail,1,138,XAZPLOLSRXZDBO-LBZABMTDNA-N,-9.01
HSD11B1,c_VAL470,mut_s1,detail,1,139,RGWVFJBNHCWCTL-CFEGKOCINA-N,-8.9
HSD11B1,c_VAL470,mut_s1,detail,1,140,YYWNRQZCPIMCAK-UHFFFAOYNA-N,-9.505
HSD11B1,c_VAL470,mut_s1,detail,1,141,PBTZDKNKXRSZPM-XBXBPLPCNA-N,-9.163
HSD11B1,c_VAL470,mut_s1,detail,1,142,QQPOIMHFFPBDQM-LELJVTLKNA-N,-7.39
HSD11B1,c_VAL470,mut_s1,detail,1,143,NYFQURFFDGCBCB-MAQJPOOANA-N,-9.135
HSD11B1,c_VAL470,mut_s1,detail,1,144,HXZVHWHABLBWBS-MTTPVDACNA-N,-10.102
HSD11B1,c_VAL470,mut_s1,detail,1,145,IWYYSOJWYLZKLK-LELJVTLKNA-N,-8.826
HSD11B1,c_VAL470,mut_s1,detail,1,146,HOGUCNPGZXMBGW-UHFFFAOYNA-N,-8.206
HSD11B1,c_VAL470,mut_s1,detail,1,147,VITUDJAVASFPKN-DUFUIDNCNA-N,-7.371
HSD11B1,c_VAL470,mut_s1,detail,1,148,IXAHDCRYEUYPBG-SCXYCHFONA-N,-8.761
HSD11B1,c_VAL470,mut_s1,detail,1,149,JWHMEKMLAZQDNS-OZMOGHDGNA-N,-8.48
HSD11B1,c_VAL470,mut_s1,detail,1,150,BZWNBTIJLRHNDZ-LBOYIXSDNA-N,-9.582
HSD11B1,c_VAL470,mut_s1,detail,1,151,RECYROBESYRUML-UHFFFAOYNA-N,-7.924
HSD11B1,c_VAL470,mut_s1,detail,1,152,MLDSJJJLQRZNKW-UHBIVWOUNA-N,-10.398
HSD11B1,c_VAL470,mut_s1,detail,1,153,XTWIHJARHCYNFX-PHXLCVRDNA-N,-8.571
HSD11B1,c_VAL470,mut_s1,detail,1,154,UQGFETVWTRDGKJ-UHFFFAOYNA-N,-7.359
HSD11B1,c_VAL470,mut_s1,detail,1,155,VJFSMDWEMFOWDK-CYSPOYASNA-N,-7.964
HSD11B1,c_VAL470,mut_s1,detail,1,156,NZYLXYBIWNIAGH-CYSPOYASNA-N,-9.717
HSD11B1,c_VAL470,mut_s1,detail,1,157,ODXCWFOKLBJQNP-MPIMZMORNA-N,-8.932
HSD11B1,c_VAL470,mut_s1,detail,1,158,FVDNMAPPDSKXKQ-UHFFFAOYNA-N,-9.617
HSD11B1,c_VAL470,mut_s1,detail,1,159,DOPWMPRIRWTOOD-CCHPKIMANA-N,-7.185
HSD11B1,c_MET476,mut_s1,detail,1,0,URVMSYHISUZXNH-UYBDAZJANA-N,-8.626
HSD11B1,c_MET476,mut_s1,detail,1,1,KXRPCFINVWWFHQ-UHFFFAOYNA-N,-5.474
HSD11B1,c_MET476,mut_s1,detail,1,2,NICJTSHRYBTHAS-YHMJCDSINA-N,-7.882
HSD11B1,c_MET476,mut_s1,detail,1,3,SWRZVDTZHDWPDS-AWIDAIFANA-N,-9.445
HSD11B1,c_MET476,mut_s1,detail,1,4,RKNSLLSUFWWYCA-UHFFFAOYNA-N,-9.088
HSD11B1,c_MET476,mut_s1,detail,1,5,OZFSIKFTRRUDES-RIYZIHGNNA-N,-6.801
HSD11B1,c_MET476,mut_s1,detail,1,6,AAGGUCRASUJPPN-UHFFFAOYNA-N,-8.733
HSD11B1,c_MET476,mut_s1,detail,1,7,OYHXDPMAFYHDNG-YAQRNVERNA-N,-7.99
HSD11B1,c_MET476,mut_s1,detail,1,8,AWILWAIEQYZUEQ-UHFFFAOYNA-N,-7.118
HSD11B1,c_MET476,mut_s1,detail,1,9,WSFAXHLMQUUHQT-VMPITWQZNA-N,-8.678
HSD11B1,c_MET476,mut_s1,detail,1,10,WPHMTVNOXKBZKN-UHFFFAOYNA-N,-7.163
HSD11B1,c_MET476,mut_s1,detail,1,11,LPEIZNODGHDCCW-UHFFFAOYNA-N,-7.694
HSD11B1,c_MET476,mut_s1,detail,1,12,QQHWWDVSRWOHEP-LILDFLRNNA-N,-8.714
HSD11B1,c_MET476,mut_s1,detail,1,13,UMEVSSPGBFVQNC-UHFFFAOYNA-N,-6.37
HSD11B1,c_MET476,mut_s1,detail,1,14,VZDIOEKWWZRNQN-UHFFFAOYNA-N,-8.985
HSD11B1,c_MET476,mut_s1,detail,1,15,JEVLDOUORFAHRS-NDKGDYFDNA-N,-7.671
HSD11B1,c_MET476,mut_s1,detail,1,16,NFTGJNJRMWUBPG-GPQMBLKYNA-N,-7.844
HSD11B1,c_MET476,mut_s1,detail,1,17,UMUUTEZBWGDVDA-UHFFFAOYNA-N,-7.749
HSD11B1,c_MET476,mut_s1,detail,1,18,VLQKEPLNPGYNDJ-HCKMINDGNA-N,-8.211
HSD11B1,c_MET476,mut_s1,detail,1,19,PPMVTAATPZLMJM-CDDDEJBQNA-N,-9.545
HSD11B1,c_MET476,mut_s1,detail,1,20,AHLYFAKLKLMESK-YAQRNVERNA-N,-7.366
HSD11B1,c_MET476,mut_s1,detail,1,21,GYEJYLAGVWRSIM-KGJHZMDYNA-N,-8.017
HSD11B1,c_MET476,mut_s1,detail,1,22,RXVALSLAUOIYLW-UHFFFAOYNA-N,-8.159
HSD11B1,c_MET476,mut_s1,detail,1,23,NSELYIFATLFDOZ-JLGFQASFNA-N,-8.196
HSD11B1,c_MET476,mut_s1,detail,1,24,COQFBYACOHFCEC-UHFFFAOYNA-N,-8.119
HSD11B1,c_MET476,mut_s1,detail,1,25,CJGJXFCLDYQBFQ-YJGXKCCXNA-N,-9.143
HSD11B1,c_MET476,mut_s1,detail,1,26,BWNGRRJLFYHENY-INIZCTEONA-N,-7.321
HSD11B1,c_MET476,mut_s1,detail,1,27,BNRFXWSJKVJVOF-UYBDAZJANA-N,-8.993
HSD11B1,c_MET476,mut_s1,detail,1,28,DMULMZBZVBBWBY-PJZINPJWNA-N,-8.737
HSD11B1,c_MET476,mut_s1,detail,1,29,AXLAIGJGNKHDPO-UHFFFAOYNA-N,-7.193
HSD11B1,c_MET476,mut_s1,detail,1,30,RKDGAONZEPYEBT-WXRBYKJCNA-N,-7.124
HSD11B1,c_MET476,mut_s1,detail,1,31,MBOYDUZSCSNUQL-MBBDSNKKNA-N,-7.929
HSD11B1,c_MET476,mut_s1,detail,1,32,KPVDBHRTXOFQDK-YAQRNVERNA-N,-7.14
HSD11B1,c_MET476,mut_s1,detail,1,33,LVCNFMYUKISBSB-VJSNTGQMNA-N,-7.855
HSD11B1,c_MET476,mut_s1,detail,1,34,XLAHCIRKLMJUQC-DZQCGVKKNA-N,-9.047
HSD11B1,c_MET476,mut_s1,detail,1,35,QNYHDABGLCBJOE-SHHGZXMVNA-N,-9.272
HSD11B1,c_MET476,mut_s1,detail,1,36,HEKNRISBWSPMOG-OWTLIXCDNA-N,-8.47
HSD11B1,c_MET476,mut_s1,detail,1,37,VIRNXCRLEVZXNX-LILDFLRNNA-N,-9.638
HSD11B1,c_MET476,mut_s1,detail,1,38,SRTGERSEXJGDMR-UHFFFAOYNA-N,-6.978
HSD11B1,c_MET476,mut_s1,detail,1,39,ZGMGSSRLZJYOKH-WXRBYKJCNA-N,-7.074
HSD11B1,c_MET476,mut_s1,detail,1,40,VGYFDFRFGHHCDA-CUTUCBJDNA-N,-10.043
HSD11B1,c_MET476,mut_s1,detail,1,41,DILPMLYWQJPNLO-HCKMINDGNA-N,-8.762
HSD11B1,c_MET476,mut_s1,detail,1,42,RSOODJIGEVJLMK-LQFNOIFHNA-N,-10.431
HSD11B1,c_MET476,mut_s1,detail,1,43,OWHHWMUAYBIQPR-UHFFFAOYNA-N,-9.524
HSD11B1,c_MET476,mut_s1,detail,1,44,KPIKMVZJKZDOFC-UHFFFAOYNA-N,-9.943
HSD11B1,c_MET476,mut_s1,detail,1,45,DIKDKRUREJXLMR-DPMTXJEANA-N,-9.609
HSD11B1,c_MET476,mut_s1,detail,1,46,QRVJDPKQHAVBDK-UYBDAZJANA-N,-8.532
HSD11B1,c_MET476,mut_s1,detail,1,47,SGBSFKSDPWOALT-UYBDAZJANA-N,-9.078
HSD11B1,c_MET476,mut_s1,detail,1,48,CYHFRNFVZWVHCG-OTJKMEOQNA-N,-8.963
HSD11B1,c_MET476,mut_s1,detail,1,49,MJUDQDHXCQONOA-MPIMZMORNA-N,-9.219
HSD11B1,c_MET476,mut_s1,detail,1,50,RNVYRNLUUYNQAS-PKSOQXRJNA-N,-8.941
HSD11B1,c_MET476,mut_s1,detail,1,51,DLZXOZYETDVJEB-QWOVJGMINA-N,-7.908
HSD11B1,c_MET476,mut_s1,detail,1,52,HSICVZRDGBJSEL-GPQMBLKYNA-N,-9.125
HSD11B1,c_MET476,mut_s1,detail,1,53,HMRUHHFLIMYEAF-QNGOCPJXNA-N,-7.7
HSD11B1,c_MET476,mut_s1,detail,1,54,ZZOWQPSBJUXHCA-YSPRVCGUNA-N,-9.017
HSD11B1,c_MET476,mut_s1,detail,1,55,WDDJLHOUFWSQSV-UHFFFAOYNA-N,-10.823
HSD11B1,c_MET476,mut_s1,detail,1,56,UKLIIGXGTPSYBF-IBCWCQIKNA-N,-8.906
HSD11B1,c_MET476,mut_s1,detail,1,57,LNPOBRXJZYGQMS-MOHJPFBDNA-N,-9.811
HSD11B1,c_MET476,mut_s1,detail,1,58,FYILBFPPKIZBTO-UHFFFAOYNA-N,-9.009
HSD11B1,c_MET476,mut_s1,detail,1,59,MIKIJFODTJGFDI-LILDFLRNNA-N,-8.269
HSD11B1,c_MET476,mut_s1,detail,1,60,RUWCNSLWWCWTSU-LILDFLRNNA-N,-10.248
HSD11B1,c_MET476,mut_s1,detail,1,61,KLQWCHKIQJHYIB-UHFFFAOYNA-N,-10.538
HSD11B1,c_MET476,mut_s1,detail,1,62,QKAWGENQCGFAOE-NPVYFSBINA-N,-9.253
HSD11B1,c_MET476,mut_s1,detail,1,63,KGOKCBRZBBEYBE-MMRXBHCZNA-N,-10.328
HSD11B1,c_MET476,mut_s1,detail,1,64,ROFRXCLSWKEWTN-UHFFFAOYNA-N,-8.218
HSD11B1,c_MET476,mut_s1,detail,1,65,AKRMJNKLSCBEME-FPYGCLRLNA-N,-7.177
HSD11B1,c_MET476,mut_s1,detail,1,66,LCGJUJZLLYTYIF-XMFFZCEENA-N,-8.47
HSD11B1,c_MET476,mut_s1,detail,1,67,FREQNFSEYLEFOI-QRCVEOAVNA-N,-8.92
HSD11B1,c_MET476,mut_s1,detail,1,68,MHMINAYLMNBGSM-UHFFFAOYNA-N,-8.187
HSD11B1,c_MET476,mut_s1,detail,1,69,SYMNTBHEGHFZMV-UHFFFAOYNA-N,-9.344
HSD11B1,c_MET476,mut_s1,detail,1,70,NNCRWGMPCGSKOO-LILDFLRNNA-N,-8.117
HSD11B1,c_MET476,mut_s1,detail,1,71,ZCRRNCCNJMRGFI-UHFFFAOYNA-N,-10.078
HSD11B1,c_MET476,mut_s1,detail,1,72,PYVZEIBGEUQNQQ-UHFFFAOYNA-N,-10.227
HSD11B1,c_MET476,mut_s1,detail,1,73,OROJQWVRCGJACT-XBTAAFKLNA-N,-10.799
HSD11B1,c_MET476,mut_s1,detail,1,74,TXYUWXKCUDOUGU-JLGFQASFNA-N,-7.811
HSD11B1,c_MET476,mut_s1,detail,1,75,LAZANALODSEDSE-UHFFFAOYNA-N,-9.205
HSD11B1,c_MET476,mut_s1,detail,1,76,RJXCYVJLXGRCHK-UHFFFAOYNA-N,-10.497
HSD11B1,c_MET476,mut_s1,detail,1,77,FUSKIBWHJAWEFI-IEJAXPBYNA-N,-8.822
HSD11B1,c_MET476,mut_s1,detail,1,78,SGWVLOCBQLQWQV-UHFFFAOYNA-N,-9.419
HSD11B1,c_MET476,mut_s1,detail,1,79,PPXRQTYXLZCDAZ-QWOVJGMINA-N,-9.69
HSD11B1,c_MET476,mut_s1,detail,1,80,DIFBADFWLVYFHV-LELJVTLKNA-N,-9.706
HSD11B1,c_MET476,mut_s1,detail,1,81,XREOSEVJCQGCHE-MHPMNMKGNA-N,-10.364
HSD11B1,c_MET476,mut_s1,detail,1,82,ZHGPKHBXSKWZEQ-UHFFFAOYNA-N,-10.306
HSD11B1,c_MET476,mut_s1,detail,1,83,ZFAYPJJNPSNAFK-UHFFFAOYNA-N,-10.672
HSD11B1,c_MET476,mut_s1,detail,1,84,LTXMRAGWIDQTQT-MYUTVWBTNA-N,-11.215
HSD11B1,c_MET476,mut_s1,detail,1,85,VXQHYHSSGLOALC-SPEPDGBUNA-N,-10.778
HSD11B1,c_MET476,mut_s1,detail,1,86,KWDSFRAWCISROF-PJQSKVNONA-N,-10.829
HSD11B1,c_MET476,mut_s1,detail,1,87,ZJZXSQPHUQUHIV-ZGZFQTMPNA-N,-10.964
HSD11B1,c_MET476,mut_s1,detail,1,88,UYHIVPBYFWVWEJ-UHFFFAOYNA-N,-11.476
HSD11B1,c_MET476,mut_s1,detail,1,89,PLEFJSUCKRWHBY-LNNLXFCONA-N,-10.513
HSD11B1,c_MET476,mut_s1,detail,1,90,DNSRQCRQLKJUCC-PDJAEHLQNA-N,-10.102
HSD11B1,c_MET476,mut_s1,detail,1,91,PHYKZCBUNVYJNH-YDBXFXKPNA-N,-8.332
HSD11B1,c_MET476,mut_s1,detail,1,92,OOUHZBUAVKCDGA-UHFFFAOYNA-N,-10.385
HSD11B1,c_MET476,mut_s1,detail,1,93,UUQDFZFJDFMLHW-UHFFFAOYNA-N,-8.661
HSD11B1,c_MET476,mut_s1,detail,1,94,OOUDDHNLDLLUOL-SKKVRFOWNA-N,-10.532
HSD11B1,c_MET476,mut_s1,detail,1,95,ZDMQSUAMTLXUTE-MPIMZMORNA-N,-10.008
HSD11B1,c_MET476,mut_s1,detail,1,96,NMPLPABDEKPABN-UHFFFAOYNA-N,-9.635
HSD11B1,c_MET476,mut_s1,detail,1,97,INZRHGSVWGRHBM-NPVYFSBINA-N,-10.175
HSD11B1,c_MET476,mut_s1,detail,1,98,RVGCWMKVTAEQIH-LNNLXFCONA-N,-10.673
HSD11B1,c_MET476,mut_s1,detail,1,99,VRXWKRQOVMZBAF-LJQANCHMNA-N,-9.824
HSD11B1,c_MET476,mut_s1,detail,1,100,QACLWOIBBYOHQP-UYBDAZJANA-N,-9.036
HSD11B1,c_MET476,mut_s1,detail,1,101,ZNXSZVFPCBIELQ-LNNLXFCONA-N,-8.133
HSD11B1,c_MET476,mut_s1,detail,1,102,GKMWCCNMKRSQHR-VEKUMTKDNA-N,-9.982
HSD11B1,c_MET476,mut_s1,detail,1,103,FFGUSRSMWFYKGK-SKKVRFOWNA-N,-9.902
HSD11B1,c_MET476,mut_s1,detail,1,104,KXBDDGKXLZBLOM-SPEPDGBUNA-N,-9.106
HSD11B1,c_MET476,mut_s1,detail,1,105,MIUWULAZCXYTJW-MSHHZIMBNA-N,-10.996
HSD11B1,c_MET476,mut_s1,detail,1,106,JPZOYWVRFLZCIC-NJNXFGOHNA-N,-11.77
HSD11B1,c_MET476,mut_s1,detail,1,107,FAIQTLBYDVKBAB-DVIAZDKANA-N,-9.856
HSD11B1,c_MET476,mut_s1,detail,1,108,APFLRZZAOXCNAZ-UHFFFAOYNA-N,-9.342
HSD11B1,c_MET476,mut_s1,detail,1,109,BSQLDSQTGOZBFD-UHFFFAOYNA-N,-10.167
HSD11B1,c_MET476,mut_s1,detail,1,110,ZVVCFJXCDATSCC-UHFFFAOYNA-N,-9.512
HSD11B1,c_MET476,mut_s1,detail,1,111,SKEQTXZATFWVMB-UYBDAZJANA-N,-8.721
HSD11B1,c_MET476,mut_s1,detail,1,112,IATWYRHDJKMBQK-MPIMZMORNA-N,-8.995
HSD11B1,c_MET476,mut_s1,detail,1,113,JPWOEQDCUZCWKT-MPIMZMORNA-N,-8.194
HSD11B1,c_MET476,mut_s1,detail,1,114,RYHSAXRBHDHPPK-PKSOQXRJNA-N,-8.895
HSD11B1,c_MET476,mut_s1,detail,1,115,GKKJWUFVZJJFPG-MPIMZMORNA-N,-9.844
HSD11B1,c_MET476,mut_s1,detail,1,116,FDNZXFDUCINVLY-BDGWVKIONA-N,-9.028
HSD11B1,c_MET476,mut_s1,detail,1,117,KTBYKHKWIFIFAK-UHFFFAOYNA-N,-10.522
HSD11B1,c_MET476,mut_s1,detail,1,118,ZRXZEWGUECXTTQ-LQFNOIFHNA-N,-10.32
HSD11B1,c_MET476,mut_s1,detail,1,119,XNACBBGLIAJNJM-PECIQRARNA-N,-9.152
HSD11B1,c_MET476,mut_s1,detail,1,120,WQZYYJRVBIQUGH-YWZOXAELNA-N,-11.378
HSD11B1,c_MET476,mut_s1,detail,1,121,ABMSRNRLDZVJFV-SWUIVHNENA-N,-10.392
HSD11B1,c_MET476,mut_s1,detail,1,122,ZEACBIUBSOLEGW-QAITUMOCNA-N,-11.561
HSD11B1,c_MET476,mut_s1,detail,1,123,UBFCDXVLKFOOGL-OKPOJWAQNA-N,-9.965
HSD11B1,c_MET476,mut_s1,detail,1,124,RRIHVAFUFDANEX-NSJMMFDCNA-N,-9.492
HSD11B1,c_MET476,mut_s1,detail,1,125,HASIAUWPWKTSBW-SREBMQDQNA-N,-9.435
HSD11B1,c_MET476,mut_s1,detail,1,126,WHBCKYHTCHCHAY-LQFNOIFHNA-N,-10.59
HSD11B1,c_MET476,mut_s1,detail,1,127,XMAYWYJOQHXEEK-JYFHCDHNNA-N,-10.252
HSD11B1,c_MET476,mut_s1,detail,1,128,TVKCFCZANTZCSU-OYRHEFFENA-N,-11.492
HSD11B1,c_MET476,mut_s1,detail,1,129,OJFIIUWPOHBVMH-LNNLXFCONA-N,-9.615
HSD11B1,c_MET476,mut_s1,detail,1,130,DKLZMGFTGWKNCD-DIRLUKLVNA-N,-11.33
HSD11B1,c_MET476,mut_s1,detail,1,131,PYSLGWZFRQWTDD-PWIKPTQSNA-N,-10.964
HSD11B1,c_MET476,mut_s1,detail,1,132,MWMBIUUYBQWKJX-QTUCRYGENA-N,-9.336
HSD11B1,c_MET476,mut_s1,detail,1,133,FLYQFCXTEFTSQN-UHFFFAOYNA-N,-9.274
HSD11B1,c_MET476,mut_s1,detail,1,134,PBIBDSDWIMZYDT-WBWGZOKWNA-N,-10.949
HSD11B1,c_MET476,mut_s1,detail,1,135,GSRWMFGBDLHGBU-YEFLILRRNA-N,-8.94
HSD11B1,c_MET476,mut_s1,detail,1,136,AYIJJQHMZAEQKE-QDAGQJSJNA-N,-10.751
HSD11B1,c_MET476,mut_s1,detail,1,137,JVWTZUKPDMRNDC-FSAKADSPNA-N,-11.08
HSD11B1,c_MET476,mut_s1,detail,1,138,XAZPLOLSRXZDBO-LBZABMTDNA-N,-9.922
HSD11B1,c_MET476,mut_s1,detail,1,139,RGWVFJBNHCWCTL-CFEGKOCINA-N,-10.086
HSD11B1,c_MET476,mut_s1,detail,1,140,YYWNRQZCPIMCAK-UHFFFAOYNA-N,-10.668
HSD11B1,c_MET476,mut_s1,detail,1,141,PBTZDKNKXRSZPM-XBXBPLPCNA-N,-10.221
HSD11B1,c_MET476,mut_s1,detail,1,142,QQPOIMHFFPBDQM-LELJVTLKNA-N,-9.579
HSD11B1,c_MET476,mut_s1,detail,1,143,NYFQURFFDGCBCB-MAQJPOOANA-N,-8.187
HSD11B1,c_MET476,mut_s1,detail,1,144,HXZVHWHABLBWBS-MTTPVDACNA-N,-12.471
HSD11B1,c_MET476,mut_s1,detail,1,145,IWYYSOJWYLZKLK-LELJVTLKNA-N,-9.924
HSD11B1,c_MET476,mut_s1,detail,1,146,HOGUCNPGZXMBGW-UHFFFAOYNA-N,-11.477
HSD11B1,c_MET476,mut_s1,detail,1,147,VITUDJAVASFPKN-DUFUIDNCNA-N,-9.986
HSD11B1,c_MET476,mut_s1,detail,1,148,IXAHDCRYEUYPBG-SCXYCHFONA-N,-11.284
HSD11B1,c_MET476,mut_s1,detail,1,149,JWHMEKMLAZQDNS-OZMOGHDGNA-N,-8.987
HSD11B1,c_MET476,mut_s1,detail,1,150,BZWNBTIJLRHNDZ-LBOYIXSDNA-N,-10.596
HSD11B1,c_MET476,mut_s1,detail,1,151,RECYROBESYRUML-UHFFFAOYNA-N,-11.122
HSD11B1,c_MET476,mut_s1,detail,1,152,MLDSJJJLQRZNKW-UHBIVWOUNA-N,-10.535
HSD11B1,c_MET476,mut_s1,detail,1,153,XTWIHJARHCYNFX-PHXLCVRDNA-N,-9.386
HSD11B1,c_MET476,mut_s1,detail,1,154,UQGFETVWTRDGKJ-UHFFFAOYNA-N,-9.436
HSD11B1,c_MET476,mut_s1,detail,1,155,VJFSMDWEMFOWDK-CYSPOYASNA-N,-10.934
HSD11B1,c_MET476,mut_s1,detail,1,156,NZYLXYBIWNIAGH-CYSPOYASNA-N,-10.614
HSD11B1,c_MET476,mut_s1,detail,1,157,ODXCWFOKLBJQNP-MPIMZMORNA-N,-8.77
HSD11B1,c_MET476,mut_s1,detail,1,158,FVDNMAPPDSKXKQ-UHFFFAOYNA-N,-11.594
HSD11B1,c_MET476,mut_s1,detail,1,159,DOPWMPRIRWTOOD-CCHPKIMANA-N,-9.885
HSD11B1,c_TYR420,mut_s1,detail,1,0,URVMSYHISUZXNH-UYBDAZJANA-N,-8.463
HSD11B1,c_TYR420,mut_s1,detail,1,1,KXRPCFINVWWFHQ-UHFFFAOYNA-N,-5.479
HSD11B1,c_TYR420,mut_s1,detail,1,2,NICJTSHRYBTHAS-YHMJCDSINA-N,-6.898
HSD11B1,c_TYR420,mut_s1,detail,1,3,SWRZVDTZHDWPDS-AWIDAIFANA-N,-9.087
HSD11B1,c_TYR420,mut_s1,detail,1,4,RKNSLLSUFWWYCA-UHFFFAOYNA-N,-8.913
HSD11B1,c_TYR420,mut_s1,detail,1,5,OZFSIKFTRRUDES-RIYZIHGNNA-N,-6.845
HSD11B1,c_TYR420,mut_s1,detail,1,6,AAGGUCRASUJPPN-UHFFFAOYNA-N,-7.937
HSD11B1,c_TYR420,mut_s1,detail,1,7,OYHXDPMAFYHDNG-YAQRNVERNA-N,-7.783
HSD11B1,c_TYR420,mut_s1,detail,1,8,AWILWAIEQYZUEQ-UHFFFAOYNA-N,-6.382
HSD11B1,c_TYR420,mut_s1,detail,1,9,WSFAXHLMQUUHQT-VMPITWQZNA-N,-8.146
HSD11B1,c_TYR420,mut_s1,detail,1,10,WPHMTVNOXKBZKN-UHFFFAOYNA-N,-6.929
HSD11B1,c_TYR420,mut_s1,detail,1,11,LPEIZNODGHDCCW-UHFFFAOYNA-N,-6.892
HSD11B1,c_TYR420,mut_s1,detail,1,12,QQHWWDVSRWOHEP-LILDFLRNNA-N,-8.624
HSD11B1,c_TYR420,mut_s1,detail,1,13,UMEVSSPGBFVQNC-UHFFFAOYNA-N,-6.168
HSD11B1,c_TYR420,mut_s1,detail,1,14,VZDIOEKWWZRNQN-UHFFFAOYNA-N,-9.185
HSD11B1,c_TYR420,mut_s1,detail,1,15,JEVLDOUORFAHRS-NDKGDYFDNA-N,-7.457
HSD11B1,c_TYR420,mut_s1,detail,1,16,NFTGJNJRMWUBPG-GPQMBLKYNA-N,-7.439
HSD11B1,c_TYR420,mut_s1,detail,1,17,UMUUTEZBWGDVDA-UHFFFAOYNA-N,-7.444
HSD11B1,c_TYR420,mut_s1,detail,1,18,VLQKEPLNPGYNDJ-HCKMINDGNA-N,-8.196
HSD11B1,c_TYR420,mut_s1,detail,1,19,PPMVTAATPZLMJM-CDDDEJBQNA-N,-8.568
HSD11B1,c_TYR420,mut_s1,detail,1,20,AHLYFAKLKLMESK-YAQRNVERNA-N,-7.403
HSD11B1,c_TYR420,mut_s1,detail,1,21,GYEJYLAGVWRSIM-KGJHZMDYNA-N,-7.671
HSD11B1,c_TYR420,mut_s1,detail,1,22,RXVALSLAUOIYLW-UHFFFAOYNA-N,-7.39
HSD11B1,c_TYR420,mut_s1,detail,1,23,NSELYIFATLFDOZ-JLGFQASFNA-N,-8.223
HSD11B1,c_TYR420,mut_s1,detail,1,24,COQFBYACOHFCEC-UHFFFAOYNA-N,-7.526
HSD11B1,c_TYR420,mut_s1,detail,1,25,CJGJXFCLDYQBFQ-YJGXKCCXNA-N,-8.422
HSD11B1,c_TYR420,mut_s1,detail,1,26,BWNGRRJLFYHENY-INIZCTEONA-N,-7.401
HSD11B1,c_TYR420,mut_s1,detail,1,27,BNRFXWSJKVJVOF-UYBDAZJANA-N,-8.609
HSD11B1,c_TYR420,mut_s1,detail,1,28,DMULMZBZVBBWBY-PJZINPJWNA-N,-8.861
HSD11B1,c_TYR420,mut_s1,detail,1,29,AXLAIGJGNKHDPO-UHFFFAOYNA-N,-7.079
HSD11B1,c_TYR420,mut_s1,detail,1,30,RKDGAONZEPYEBT-WXRBYKJCNA-N,-7.327
HSD11B1,c_TYR420,mut_s1,detail,1,31,MBOYDUZSCSNUQL-MBBDSNKKNA-N,-7.922
HSD11B1,c_TYR420,mut_s1,detail,1,32,KPVDBHRTXOFQDK-YAQRNVERNA-N,-6.774
HSD11B1,c_TYR420,mut_s1,detail,1,33,LVCNFMYUKISBSB-VJSNTGQMNA-N,-7.593
HSD11B1,c_TYR420,mut_s1,detail,1,34,XLAHCIRKLMJUQC-DZQCGVKKNA-N,-8.508
HSD11B1,c_TYR420,mut_s1,detail,1,35,QNYHDABGLCBJOE-SHHGZXMVNA-N,-9.174
HSD11B1,c_TYR420,mut_s1,detail,1,36,HEKNRISBWSPMOG-OWTLIXCDNA-N,-7.429
HSD11B1,c_TYR420,mut_s1,detail,1,37,VIRNXCRLEVZXNX-LILDFLRNNA-N,-9.488
HSD11B1,c_TYR420,mut_s1,detail,1,38,SRTGERSEXJGDMR-UHFFFAOYNA-N,-6.286
HSD11B1,c_TYR420,mut_s1,detail,1,39,ZGMGSSRLZJYOKH-WXRBYKJCNA-N,-6.805
HSD11B1,c_TYR420,mut_s1,detail,1,40,VGYFDFRFGHHCDA-CUTUCBJDNA-N,-10.061
HSD11B1,c_TYR420,mut_s1,detail,1,41,DILPMLYWQJPNLO-HCKMINDGNA-N,-8.605
HSD11B1,c_TYR420,mut_s1,detail,1,42,RSOODJIGEVJLMK-LQFNOIFHNA-N,-9.829
HSD11B1,c_TYR420,mut_s1,detail,1,43,OWHHWMUAYBIQPR-UHFFFAOYNA-N,-9.592
HSD11B1,c_TYR420,mut_s1,detail,1,44,KPIKMVZJKZDOFC-UHFFFAOYNA-N,-9.77
HSD11B1,c_TYR420,mut_s1,detail,1,45,DIKDKRUREJXLMR-DPMTXJEANA-N,-9.353
HSD11B1,c_TYR420,mut_s1,detail,1,46,QRVJDPKQHAVBDK-UYBDAZJANA-N,-8.146
HSD11B1,c_TYR420,mut_s1,detail,1,47,SGBSFKSDPWOALT-UYBDAZJANA-N,-8.541
HSD11B1,c_TYR420,mut_s1,detail,1,48,CYHFRNFVZWVHCG-OTJKMEOQNA-N,-8.435
HSD11B1,c_TYR420,mut_s1,detail,1,49,MJUDQDHXCQONOA-MPIMZMORNA-N,-8.466
HSD11B1,c_TYR420,mut_s1,detail,1,50,RNVYRNLUUYNQAS-PKSOQXRJNA-N,-7.854
HSD11B1,c_TYR420,mut_s1,detail,1,51,DLZXOZYETDVJEB-QWOVJGMINA-N,-7.286
HSD11B1,c_TYR420,mut_s1,detail,1,52,HSICVZRDGBJSEL-GPQMBLKYNA-N,-8.804
HSD11B1,c_TYR420,mut_s1,detail,1,53,HMRUHHFLIMYEAF-QNGOCPJXNA-N,-7.477
HSD11B1,c_TYR420,mut_s1,detail,1,54,ZZOWQPSBJUXHCA-YSPRVCGUNA-N,-9.225
HSD11B1,c_TYR420,mut_s1,detail,1,55,WDDJLHOUFWSQSV-UHFFFAOYNA-N,-9.692
HSD11B1,c_TYR420,mut_s1,detail,1,56,UKLIIGXGTPSYBF-IBCWCQIKNA-N,-8.732
HSD11B1,c_TYR420,mut_s1,detail,1,57,LNPOBRXJZYGQMS-MOHJPFBDNA-N,-9.362
HSD11B1,c_TYR420,mut_s1,detail,1,58,FYILBFPPKIZBTO-UHFFFAOYNA-N,-8.619
HSD11B1,c_TYR420,mut_s1,detail,1,59,MIKIJFODTJGFDI-LILDFLRNNA-N,-8.425
HSD11B1,c_TYR420,mut_s1,detail,1,60,RUWCNSLWWCWTSU-LILDFLRNNA-N,-9.419
HSD11B1,c_TYR420,mut_s1,detail,1,61,KLQWCHKIQJHYIB-UHFFFAOYNA-N,-9.679
HSD11B1,c_TYR420,mut_s1,detail,1,62,QKAWGENQCGFAOE-NPVYFSBINA-N,-9.133
HSD11B1,c_TYR420,mut_s1,detail,1,63,KGOKCBRZBBEYBE-MMRXBHCZNA-N,-9.609
HSD11B1,c_TYR420,mut_s1,detail,1,64,ROFRXCLSWKEWTN-UHFFFAOYNA-N,-8.006
HSD11B1,c_TYR420,mut_s1,detail,1,65,AKRMJNKLSCBEME-FPYGCLRLNA-N,-8.194
HSD11B1,c_TYR420,mut_s1,detail,1,66,LCGJUJZLLYTYIF-XMFFZCEENA-N,-8.43
HSD11B1,c_TYR420,mut_s1,detail,1,67,FREQNFSEYLEFOI-QRCVEOAVNA-N,-8.433
HSD11B1,c_TYR420,mut_s1,detail,1,68,MHMINAYLMNBGSM-UHFFFAOYNA-N,-7.325
HSD11B1,c_TYR420,mut_s1,detail,1,69,SYMNTBHEGHFZMV-UHFFFAOYNA-N,-8.271
HSD11B1,c_TYR420,mut_s1,detail,1,70,NNCRWGMPCGSKOO-LILDFLRNNA-N,-7.855
HSD11B1,c_TYR420,mut_s1,detail,1,71,ZCRRNCCNJMRGFI-UHFFFAOYNA-N,-9.511
HSD11B1,c_TYR420,mut_s1,detail,1,72,PYVZEIBGEUQNQQ-UHFFFAOYNA-N,-9.498
HSD11B1,c_TYR420,mut_s1,detail,1,73,OROJQWVRCGJACT-XBTAAFKLNA-N,-9.841
HSD11B1,c_TYR420,mut_s1,detail,1,74,TXYUWXKCUDOUGU-JLGFQASFNA-N,-7.363
HSD11B1,c_TYR420,mut_s1,detail,1,75,LAZANALODSEDSE-UHFFFAOYNA-N,-8.34
HSD11B1,c_TYR420,mut_s1,detail,1,76,RJXCYVJLXGRCHK-UHFFFAOYNA-N,-10.36
HSD11B1,c_TYR420,mut_s1,detail,1,77,FUSKIBWHJAWEFI-IEJAXPBYNA-N,-8.483
HSD11B1,c_TYR420,mut_s1,detail,1,78,SGWVLOCBQLQWQV-UHFFFAOYNA-N,-9.35
HSD11B1,c_TYR420,mut_s1,detail,1,79,PPXRQTYXLZCDAZ-QWOVJGMINA-N,-9.362
HSD11B1,c_TYR420,mut_s1,detail,1,80,DIFBADFWLVYFHV-LELJVTLKNA-N,-10.037
HSD11B1,c_TYR420,mut_s1,detail,1,81,XREOSEVJCQGCHE-MHPMNMKGNA-N,-10.119
HSD11B1,c_TYR420,mut_s1,detail,1,82,ZHGPKHBXSKWZEQ-UHFFFAOYNA-N,-9.322
HSD11B1,c_TYR420,mut_s1,detail,1,83,ZFAYPJJNPSNAFK-UHFFFAOYNA-N,-10.741
HSD11B1,c_TYR420,mut_s1,detail,1,84,LTXMRAGWIDQTQT-MYUTVWBTNA-N,-10.516
HSD11B1,c_TYR420,mut_s1,detail,1,85,VXQHYHSSGLOALC-SPEPDGBUNA-N,-10.254
HSD11B1,c_TYR420,mut_s1,detail,1,86,KWDSFRAWCISROF-PJQSKVNONA-N,-9.63
HSD11B1,c_TYR420,mut_s1,detail,1,87,ZJZXSQPHUQUHIV-ZGZFQTMPNA-N,-10.059
HSD11B1,c_TYR420,mut_s1,detail,1,88,UYHIVPBYFWVWEJ-UHFFFAOYNA-N,-11.344
HSD11B1,c_TYR420,mut_s1,detail,1,89,PLEFJSUCKRWHBY-LNNLXFCONA-N,-9.604
HSD11B1,c_TYR420,mut_s1,detail,1,90,DNSRQCRQLKJUCC-PDJAEHLQNA-N,-10.12
HSD11B1,c_TYR420,mut_s1,detail,1,91,PHYKZCBUNVYJNH-YDBXFXKPNA-N,-8.127
HSD11B1,c_TYR420,mut_s1,detail,1,92,OOUHZBUAVKCDGA-UHFFFAOYNA-N,-9.914
HSD11B1,c_TYR420,mut_s1,detail,1,93,UUQDFZFJDFMLHW-UHFFFAOYNA-N,-8.099
HSD11B1,c_TYR420,mut_s1,detail,1,94,OOUDDHNLDLLUOL-SKKVRFOWNA-N,-9.846
HSD11B1,c_TYR420,mut_s1,detail,1,95,ZDMQSUAMTLXUTE-MPIMZMORNA-N,-10.049
HSD11B1,c_TYR420,mut_s1,detail,1,96,NMPLPABDEKPABN-UHFFFAOYNA-N,-9.894
HSD11B1,c_TYR420,mut_s1,detail,1,97,INZRHGSVWGRHBM-NPVYFSBINA-N,-10.072
HSD11B1,c_TYR420,mut_s1,detail,1,98,RVGCWMKVTAEQIH-LNNLXFCONA-N,-9.764
HSD11B1,c_TYR420,mut_s1,detail,1,99,VRXWKRQOVMZBAF-LJQANCHMNA-N,-9.278
HSD11B1,c_TYR420,mut_s1,detail,1,100,QACLWOIBBYOHQP-UYBDAZJANA-N,-8.543
HSD11B1,c_TYR420,mut_s1,detail,1,101,ZNXSZVFPCBIELQ-LNNLXFCONA-N,-8.202
HSD11B1,c_TYR420,mut_s1,detail,1,102,GKMWCCNMKRSQHR-VEKUMTKDNA-N,-9.42
HSD11B1,c_TYR420,mut_s1,detail,1,103,FFGUSRSMWFYKGK-SKKVRFOWNA-N,-9.749
HSD11B1,c_TYR420,mut_s1,detail,1,104,KXBDDGKXLZBLOM-SPEPDGBUNA-N,-9.186
HSD11B1,c_TYR420,mut_s1,detail,1,105,MIUWULAZCXYTJW-MSHHZIMBNA-N,-10.32
HSD11B1,c_TYR420,mut_s1,detail,1,106,JPZOYWVRFLZCIC-NJNXFGOHNA-N,-10.386
HSD11B1,c_TYR420,mut_s1,detail,1,107,FAIQTLBYDVKBAB-DVIAZDKANA-N,-9.484
HSD11B1,c_TYR420,mut_s1,detail,1,108,APFLRZZAOXCNAZ-UHFFFAOYNA-N,-8.908
HSD11B1,c_TYR420,mut_s1,detail,1,109,BSQLDSQTGOZBFD-UHFFFAOYNA-N,-9.131
HSD11B1,c_TYR420,mut_s1,detail,1,110,ZVVCFJXCDATSCC-UHFFFAOYNA-N,-10.223
HSD11B1,c_TYR420,mut_s1,detail,1,111,SKEQTXZATFWVMB-UYBDAZJANA-N,-8.379
HSD11B1,c_TYR420,mut_s1,detail,1,112,IATWYRHDJKMBQK-MPIMZMORNA-N,-8.44
HSD11B1,c_TYR420,mut_s1,detail,1,113,JPWOEQDCUZCWKT-MPIMZMORNA-N,-7.772
HSD11B1,c_TYR420,mut_s1,detail,1,114,RYHSAXRBHDHPPK-PKSOQXRJNA-N,-8.191
HSD11B1,c_TYR420,mut_s1,detail,1,115,GKKJWUFVZJJFPG-MPIMZMORNA-N,-9.578
HSD11B1,c_TYR420,mut_s1,detail,1,116,FDNZXFDUCINVLY-BDGWVKIONA-N,-7.398
HSD11B1,c_TYR420,mut_s1,detail,1,117,KTBYKHKWIFIFAK-UHFFFAOYNA-N,-11.211
HSD11B1,c_TYR420,mut_s1,detail,1,118,ZRXZEWGUECXTTQ-LQFNOIFHNA-N,-9.831
HSD11B1,c_TYR420,mut_s1,detail,1,119,XNACBBGLIAJNJM-PECIQRARNA-N,-8.69
HSD11B1,c_TYR420,mut_s1,detail,1,120,WQZYYJRVBIQUGH-YWZOXAELNA-N,-10.334
HSD11B1,c_TYR420,mut_s1,detail,1,121,ABMSRNRLDZVJFV-SWUIVHNENA-N,-9.197
HSD11B1,c_TYR420,mut_s1,detail,1,122,ZEACBIUBSOLEGW-QAITUMOCNA-N,-10.481
HSD11B1,c_TYR420,mut_s1,detail,1,123,UBFCDXVLKFOOGL-OKPOJWAQNA-N,-9.439
HSD11B1,c_TYR420,mut_s1,detail,1,124,RRIHVAFUFDANEX-NSJMMFDCNA-N,-9.838
HSD11B1,c_TYR420,mut_s1,detail,1,125,HASIAUWPWKTSBW-SREBMQDQNA-N,-9.147
HSD11B1,c_TYR420,mut_s1,detail,1,126,WHBCKYHTCHCHAY-LQFNOIFHNA-N,-10.354
HSD11B1,c_TYR420,mut_s1,detail,1,127,XMAYWYJOQHXEEK-JYFHCDHNNA-N,-9.775
HSD11B1,c_TYR420,mut_s1,detail,1,128,TVKCFCZANTZCSU-OYRHEFFENA-N,-10.59
HSD11B1,c_TYR420,mut_s1,detail,1,129,OJFIIUWPOHBVMH-LNNLXFCONA-N,-8.175
HSD11B1,c_TYR420,mut_s1,detail,1,130,DKLZMGFTGWKNCD-DIRLUKLVNA-N,-10.457
HSD11B1,c_TYR420,mut_s1,detail,1,131,PYSLGWZFRQWTDD-PWIKPTQSNA-N,-10.598
HSD11B1,c_TYR420,mut_s1,detail,1,132,MWMBIUUYBQWKJX-QTUCRYGENA-N,-9.333
HSD11B1,c_TYR420,mut_s1,detail,1,133,FLYQFCXTEFTSQN-UHFFFAOYNA-N,-9.555
HSD11B1,c_TYR420,mut_s1,detail,1,134,PBIBDSDWIMZYDT-WBWGZOKWNA-N,-10.553
HSD11B1,c_TYR420,mut_s1,detail,1,135,GSRWMFGBDLHGBU-YEFLILRRNA-N,-9.136
HSD11B1,c_TYR420,mut_s1,detail,1,136,AYIJJQHMZAEQKE-QDAGQJSJNA-N,-9.73
HSD11B1,c_TYR420,mut_s1,detail,1,137,JVWTZUKPDMRNDC-FSAKADSPNA-N,-10.565
HSD11B1,c_TYR420,mut_s1,detail,1,138,XAZPLOLSRXZDBO-LBZABMTDNA-N,-9.548
HSD11B1,c_TYR420,mut_s1,detail,1,139,RGWVFJBNHCWCTL-CFEGKOCINA-N,-9.483
HSD11B1,c_TYR420,mut_s1,detail,1,140,YYWNRQZCPIMCAK-UHFFFAOYNA-N,-9.593
HSD11B1,c_TYR420,mut_s1,detail,1,141,PBTZDKNKXRSZPM-XBXBPLPCNA-N,-10.013
HSD11B1,c_TYR420,mut_s1,detail,1,142,QQPOIMHFFPBDQM-LELJVTLKNA-N,-8.716
HSD11B1,c_TYR420,mut_s1,detail,1,143,NYFQURFFDGCBCB-MAQJPOOANA-N,-8.087
HSD11B1,c_TYR420,mut_s1,detail,1,144,HXZVHWHABLBWBS-MTTPVDACNA-N,-11.1
HSD11B1,c_TYR420,mut_s1,detail,1,145,IWYYSOJWYLZKLK-LELJVTLKNA-N,-8.89
HSD11B1,c_TYR420,mut_s1,detail,1,146,HOGUCNPGZXMBGW-UHFFFAOYNA-N,-11.038
HSD11B1,c_TYR420,mut_s1,detail,1,147,VITUDJAVASFPKN-DUFUIDNCNA-N,-9.509
HSD11B1,c_TYR420,mut_s1,detail,1,148,IXAHDCRYEUYPBG-SCXYCHFONA-N,-11.915
HSD11B1,c_TYR420,mut_s1,detail,1,149,JWHMEKMLAZQDNS-OZMOGHDGNA-N,-9.097
HSD11B1,c_TYR420,mut_s1,detail,1,150,BZWNBTIJLRHNDZ-LBOYIXSDNA-N,-9.768
HSD11B1,c_TYR420,mut_s1,detail,1,151,RECYROBESYRUML-UHFFFAOYNA-N,-10.439
HSD11B1,c_TYR420,mut_s1,detail,1,152,MLDSJJJLQRZNKW-UHBIVWOUNA-N,-10.072
HSD11B1,c_TYR420,mut_s1,detail,1,153,XTWIHJARHCYNFX-PHXLCVRDNA-N,-9.021
HSD11B1,c_TYR420,mut_s1,detail,1,154,UQGFETVWTRDGKJ-UHFFFAOYNA-N,-8.281
HSD11B1,c_TYR420,mut_s1,detail,1,155,VJFSMDWEMFOWDK-CYSPOYASNA-N,-10.778
HSD11B1,c_TYR420,mut_s1,detail,1,156,NZYLXYBIWNIAGH-CYSPOYASNA-N,-10.495
HSD11B1,c_TYR420,mut_s1,detail,1,157,ODXCWFOKLBJQNP-MPIMZMORNA-N,-8.664
HSD11B1,c_TYR420,mut_s1,detail,1,158,FVDNMAPPDSKXKQ-UHFFFAOYNA-N,-10.679
HSD11B1,c_TYR420,mut_s1,detail,1,159,DOPWMPRIRWTOOD-CCHPKIMANA-N,-10.448
HSD11B1,c_LEU460,mut_s1,detail,1,0,URVMSYHISUZXNH-UYBDAZJANA-N,-8.459
HSD11B1,c_LEU460,mut_s1,detail,1,1,KXRPCFINVWWFHQ-UHFFFAOYNA-N,-5.563
HSD11B1,c_LEU460,mut_s1,detail,1,2,NICJTSHRYBTHAS-YHMJCDSINA-N,-7.299
HSD11B1,c_LEU460,mut_s1,detail,1,3,SWRZVDTZHDWPDS-AWIDAIFANA-N,-9.5
HSD11B1,c_LEU460,mut_s1,detail,1,4,RKNSLLSUFWWYCA-UHFFFAOYNA-N,-9.011
HSD11B1,c_LEU460,mut_s1,detail,1,5,OZFSIKFTRRUDES-RIYZIHGNNA-N,-6.565
HSD11B1,c_LEU460,mut_s1,detail,1,6,AAGGUCRASUJPPN-UHFFFAOYNA-N,-8.473
HSD11B1,c_LEU460,mut_s1,detail,1,7,OYHXDPMAFYHDNG-YAQRNVERNA-N,-7.6
HSD11B1,c_LEU460,mut_s1,detail,1,8,AWILWAIEQYZUEQ-UHFFFAOYNA-N,-7.339
HSD11B1,c_LEU460,mut_s1,detail,1,9,WSFAXHLMQUUHQT-VMPITWQZNA-N,-7.8
HSD11B1,c_LEU460,mut_s1,detail,1,10,WPHMTVNOXKBZKN-UHFFFAOYNA-N,-6.912
HSD11B1,c_LEU460,mut_s1,detail,1,11,LPEIZNODGHDCCW-UHFFFAOYNA-N,-7.619
HSD11B1,c_LEU460,mut_s1,detail,1,12,QQHWWDVSRWOHEP-LILDFLRNNA-N,-8.467
HSD11B1,c_LEU460,mut_s1,detail,1,13,UMEVSSPGBFVQNC-UHFFFAOYNA-N,-6.381
HSD11B1,c_LEU460,mut_s1,detail,1,14,VZDIOEKWWZRNQN-UHFFFAOYNA-N,-8.898
HSD11B1,c_LEU460,mut_s1,detail,1,15,JEVLDOUORFAHRS-NDKGDYFDNA-N,-7.622
HSD11B1,c_LEU460,mut_s1,detail,1,16,NFTGJNJRMWUBPG-GPQMBLKYNA-N,-7.401
HSD11B1,c_LEU460,mut_s1,detail,1,17,UMUUTEZBWGDVDA-UHFFFAOYNA-N,-7.475
HSD11B1,c_LEU460,mut_s1,detail,1,18,VLQKEPLNPGYNDJ-HCKMINDGNA-N,-8.262
HSD11B1,c_LEU460,mut_s1,detail,1,19,PPMVTAATPZLMJM-CDDDEJBQNA-N,-9.039
HSD11B1,c_LEU460,mut_s1,detail,1,20,AHLYFAKLKLMESK-YAQRNVERNA-N,-7.732
HSD11B1,c_LEU460,mut_s1,detail,1,21,GYEJYLAGVWRSIM-KGJHZMDYNA-N,-7.704
HSD11B1,c_LEU460,mut_s1,detail,1,22,RXVALSLAUOIYLW-UHFFFAOYNA-N,-8.146
HSD11B1,c_LEU460,mut_s1,detail,1,23,NSELYIFATLFDOZ-JLGFQASFNA-N,-7.947
HSD11B1,c_LEU460,mut_s1,detail,1,24,COQFBYACOHFCEC-UHFFFAOYNA-N,-7.987
HSD11B1,c_LEU460,mut_s1,detail,1,25,CJGJXFCLDYQBFQ-YJGXKCCXNA-N,-8.41
HSD11B1,c_LEU460,mut_s1,detail,1,26,BWNGRRJLFYHENY-INIZCTEONA-N,-7.411
HSD11B1,c_LEU460,mut_s1,detail,1,27,BNRFXWSJKVJVOF-UYBDAZJANA-N,-8.677
HSD11B1,c_LEU460,mut_s1,detail,1,28,DMULMZBZVBBWBY-PJZINPJWNA-N,-8.952
HSD11B1,c_LEU460,mut_s1,detail,1,29,AXLAIGJGNKHDPO-UHFFFAOYNA-N,-7.371
HSD11B1,c_LEU460,mut_s1,detail,1,30,RKDGAONZEPYEBT-WXRBYKJCNA-N,-6.839
HSD11B1,c_LEU460,mut_s1,detail,1,31,MBOYDUZSCSNUQL-MBBDSNKKNA-N,-7.516
HSD11B1,c_LEU460,mut_s1,detail,1,32,KPVDBHRTXOFQDK-YAQRNVERNA-N,-6.855
HSD11B1,c_LEU460,mut_s1,detail,1,33,LVCNFMYUKISBSB-VJSNTGQMNA-N,-7.451
HSD11B1,c_LEU460,mut_s1,detail,1,34,XLAHCIRKLMJUQC-DZQCGVKKNA-N,-8.918
HSD11B1,c_LEU460,mut_s1,detail,1,35,QNYHDABGLCBJOE-SHHGZXMVNA-N,-9.298
HSD11B1,c_LEU460,mut_s1,detail,1,36,HEKNRISBWSPMOG-OWTLIXCDNA-N,-7.752
HSD11B1,c_LEU460,mut_s1,detail,1,37,VIRNXCRLEVZXNX-LILDFLRNNA-N,-9.557
HSD11B1,c_LEU460,mut_s1,detail,1,38,SRTGERSEXJGDMR-UHFFFAOYNA-N,-7.232
HSD11B1,c_LEU460,mut_s1,detail,1,39,ZGMGSSRLZJYOKH-WXRBYKJCNA-N,-7.226
HSD11B1,c_LEU460,mut_s1,detail,1,40,VGYFDFRFGHHCDA-CUTUCBJDNA-N,-9.098
HSD11B1,c_LEU460,mut_s1,detail,1,41,DILPMLYWQJPNLO-HCKMINDGNA-N,-8.918
HSD11B1,c_LEU460,mut_s1,detail,1,42,RSOODJIGEVJLMK-LQFNOIFHNA-N,-9.934
HSD11B1,c_LEU460,mut_s1,detail,1,43,OWHHWMUAYBIQPR-UHFFFAOYNA-N,-9.233
HSD11B1,c_LEU460,mut_s1,detail,1,44,KPIKMVZJKZDOFC-UHFFFAOYNA-N,-9.698
HSD11B1,c_LEU460,mut_s1,detail,1,45,DIKDKRUREJXLMR-DPMTXJEANA-N,-8.788
HSD11B1,c_LEU460,mut_s1,detail,1,46,QRVJDPKQHAVBDK-UYBDAZJANA-N,-7.898
HSD11B1,c_LEU460,mut_s1,detail,1,47,SGBSFKSDPWOALT-UYBDAZJANA-N,-8.959
HSD11B1,c_LEU460,mut_s1,detail,1,48,CYHFRNFVZWVHCG-OTJKMEOQNA-N,-8.245
HSD11B1,c_LEU460,mut_s1,detail,1,49,MJUDQDHXCQONOA-MPIMZMORNA-N,-8.736
HSD11B1,c_LEU460,mut_s1,detail,1,50,RNVYRNLUUYNQAS-PKSOQXRJNA-N,-8.77
HSD11B1,c_LEU460,mut_s1,detail,1,51,DLZXOZYETDVJEB-QWOVJGMINA-N,-7.394
HSD11B1,c_LEU460,mut_s1,detail,1,52,HSICVZRDGBJSEL-GPQMBLKYNA-N,-8.262
HSD11B1,c_LEU460,mut_s1,detail,1,53,HMRUHHFLIMYEAF-QNGOCPJXNA-N,-7.345
HSD11B1,c_LEU460,mut_s1,detail,1,54,ZZOWQPSBJUXHCA-YSPRVCGUNA-N,-8.49
HSD11B1,c_LEU460,mut_s1,detail,1,55,WDDJLHOUFWSQSV-UHFFFAOYNA-N,-8.731
HSD11B1,c_LEU460,mut_s1,detail,1,56,UKLIIGXGTPSYBF-IBCWCQIKNA-N,-8.827
HSD11B1,c_LEU460,mut_s1,detail,1,57,LNPOBRXJZYGQMS-MOHJPFBDNA-N,-8.146
HSD11B1,c_LEU460,mut_s1,detail,1,58,FYILBFPPKIZBTO-UHFFFAOYNA-N,-8.037
HSD11B1,c_LEU460,mut_s1,detail,1,59,MIKIJFODTJGFDI-LILDFLRNNA-N,-8.744
HSD11B1,c_LEU460,mut_s1,detail,1,60,RUWCNSLWWCWTSU-LILDFLRNNA-N,-9.808
HSD11B1,c_LEU460,mut_s1,detail,1,61,KLQWCHKIQJHYIB-UHFFFAOYNA-N,-9.918
HSD11B1,c_LEU460,mut_s1,detail,1,62,QKAWGENQCGFAOE-NPVYFSBINA-N,-8.053
HSD11B1,c_LEU460,mut_s1,detail,1,63,KGOKCBRZBBEYBE-MMRXBHCZNA-N,-9.923
HSD11B1,c_LEU460,mut_s1,detail,1,64,ROFRXCLSWKEWTN-UHFFFAOYNA-N,-8.136
HSD11B1,c_LEU460,mut_s1,detail,1,65,AKRMJNKLSCBEME-FPYGCLRLNA-N,-7.795
HSD11B1,c_LEU460,mut_s1,detail,1,66,LCGJUJZLLYTYIF-XMFFZCEENA-N,-8.478
HSD11B1,c_LEU460,mut_s1,detail,1,67,FREQNFSEYLEFOI-QRCVEOAVNA-N,-8.648
HSD11B1,c_LEU460,mut_s1,detail,1,68,MHMINAYLMNBGSM-UHFFFAOYNA-N,-7.794
HSD11B1,c_LEU460,mut_s1,detail,1,69,SYMNTBHEGHFZMV-UHFFFAOYNA-N,-8.796
HSD11B1,c_LEU460,mut_s1,detail,1,70,NNCRWGMPCGSKOO-LILDFLRNNA-N,-8.067
HSD11B1,c_LEU460,mut_s1,detail,1,71,ZCRRNCCNJMRGFI-UHFFFAOYNA-N,-10.065
HSD11B1,c_LEU460,mut_s1,detail,1,72,PYVZEIBGEUQNQQ-UHFFFAOYNA-N,-9.99
HSD11B1,c_LEU460,mut_s1,detail,1,73,OROJQWVRCGJACT-XBTAAFKLNA-N,-9.508
HSD11B1,c_LEU460,mut_s1,detail,1,74,TXYUWXKCUDOUGU-JLGFQASFNA-N,-7.473
HSD11B1,c_LEU460,mut_s1,detail,1,75,LAZANALODSEDSE-UHFFFAOYNA-N,-8.344
HSD11B1,c_LEU460,mut_s1,detail,1,76,RJXCYVJLXGRCHK-UHFFFAOYNA-N,-10.112
HSD11B1,c_LEU460,mut_s1,detail,1,77,FUSKIBWHJAWEFI-IEJAXPBYNA-N,-8.415
HSD11B1,c_LEU460,mut_s1,detail,1,78,SGWVLOCBQLQWQV-UHFFFAOYNA-N,-8.861
HSD11B1,c_LEU460,mut_s1,detail,1,79,PPXRQTYXLZCDAZ-QWOVJGMINA-N,-9.46
HSD11B1,c_LEU460,mut_s1,detail,1,80,DIFBADFWLVYFHV-LELJVTLKNA-N,-9.155
HSD11B1,c_LEU460,mut_s1,detail,1,81,XREOSEVJCQGCHE-MHPMNMKGNA-N,-9.739
HSD11B1,c_LEU460,mut_s1,detail,1,82,ZHGPKHBXSKWZEQ-UHFFFAOYNA-N,-9.19
HSD11B1,c_LEU460,mut_s1,detail,1,83,ZFAYPJJNPSNAFK-UHFFFAOYNA-N,-9.166
HSD11B1,c_LEU460,mut_s1,detail,1,84,LTXMRAGWIDQTQT-MYUTVWBTNA-N,-10.071
HSD11B1,c_LEU460,mut_s1,detail,1,85,VXQHYHSSGLOALC-SPEPDGBUNA-N,-9.231
HSD11B1,c_LEU460,mut_s1,detail,1,86,KWDSFRAWCISROF-PJQSKVNONA-N,-8.984
HSD11B1,c_LEU460,mut_s1,detail,1,87,ZJZXSQPHUQUHIV-ZGZFQTMPNA-N,-10.674
HSD11B1,c_LEU460,mut_s1,detail,1,88,UYHIVPBYFWVWEJ-UHFFFAOYNA-N,-10.133
HSD11B1,c_LEU460,mut_s1,detail,1,89,PLEFJSUCKRWHBY-LNNLXFCONA-N,-7.899
HSD11B1,c_LEU460,mut_s1,detail,1,90,DNSRQCRQLKJUCC-PDJAEHLQNA-N,-9.245
HSD11B1,c_LEU460,mut_s1,detail,1,91,PHYKZCBUNVYJNH-YDBXFXKPNA-N,-7.373
HSD11B1,c_LEU460,mut_s1,detail,1,92,OOUHZBUAVKCDGA-UHFFFAOYNA-N,-9.812
HSD11B1,c_LEU460,mut_s1,detail,1,93,UUQDFZFJDFMLHW-UHFFFAOYNA-N,-7.971
HSD11B1,c_LEU460,mut_s1,detail,1,94,OOUDDHNLDLLUOL-SKKVRFOWNA-N,-9.845
HSD11B1,c_LEU460,mut_s1,detail,1,95,ZDMQSUAMTLXUTE-MPIMZMORNA-N,-9.482
HSD11B1,c_LEU460,mut_s1,detail,1,96,NMPLPABDEKPABN-UHFFFAOYNA-N,-9.721
HSD11B1,c_LEU460,mut_s1,detail,1,97,INZRHGSVWGRHBM-NPVYFSBINA-N,-10.353
HSD11B1,c_LEU460,mut_s1,detail,1,98,RVGCWMKVTAEQIH-LNNLXFCONA-N,-9.761
HSD11B1,c_LEU460,mut_s1,detail,1,99,VRXWKRQOVMZBAF-LJQANCHMNA-N,-8.162
HSD11B1,c_LEU460,mut_s1,detail,1,100,QACLWOIBBYOHQP-UYBDAZJANA-N,-8.823
HSD11B1,c_LEU460,mut_s1,detail,1,101,ZNXSZVFPCBIELQ-LNNLXFCONA-N,-8.611
HSD11B1,c_LEU460,mut_s1,detail,1,102,GKMWCCNMKRSQHR-VEKUMTKDNA-N,-8.879
HSD11B1,c_LEU460,mut_s1,detail,1,103,FFGUSRSMWFYKGK-SKKVRFOWNA-N,-9.159
HSD11B1,c_LEU460,mut_s1,detail,1,104,KXBDDGKXLZBLOM-SPEPDGBUNA-N,-9.342
HSD11B1,c_LEU460,mut_s1,detail,1,105,MIUWULAZCXYTJW-MSHHZIMBNA-N,-9.719
HSD11B1,c_LEU460,mut_s1,detail,1,106,JPZOYWVRFLZCIC-NJNXFGOHNA-N,-10.376
HSD11B1,c_LEU460,mut_s1,detail,1,107,FAIQTLBYDVKBAB-DVIAZDKANA-N,-9.268
HSD11B1,c_LEU460,mut_s1,detail,1,108,APFLRZZAOXCNAZ-UHFFFAOYNA-N,-8.521
HSD11B1,c_LEU460,mut_s1,detail,1,109,BSQLDSQTGOZBFD-UHFFFAOYNA-N,-8.93
HSD11B1,c_LEU460,mut_s1,detail,1,110,ZVVCFJXCDATSCC-UHFFFAOYNA-N,-9.235
HSD11B1,c_LEU460,mut_s1,detail,1,111,SKEQTXZATFWVMB-UYBDAZJANA-N,-7.156
HSD11B1,c_LEU460,mut_s1,detail,1,112,IATWYRHDJKMBQK-MPIMZMORNA-N,-8.242
HSD11B1,c_LEU460,mut_s1,detail,1,113,JPWOEQDCUZCWKT-MPIMZMORNA-N,-7.892
HSD11B1,c_LEU460,mut_s1,detail,1,114,RYHSAXRBHDHPPK-PKSOQXRJNA-N,-7.713
HSD11B1,c_LEU460,mut_s1,detail,1,115,GKKJWUFVZJJFPG-MPIMZMORNA-N,-10.377
HSD11B1,c_LEU460,mut_s1,detail,1,116,FDNZXFDUCINVLY-BDGWVKIONA-N,-8.42
HSD11B1,c_LEU460,mut_s1,detail,1,117,KTBYKHKWIFIFAK-UHFFFAOYNA-N,-10.522
HSD11B1,c_LEU460,mut_s1,detail,1,118,ZRXZEWGUECXTTQ-LQFNOIFHNA-N,-8.637
HSD11B1,c_LEU460,mut_s1,detail,1,119,XNACBBGLIAJNJM-PECIQRARNA-N,-8.141
HSD11B1,c_LEU460,mut_s1,detail,1,120,WQZYYJRVBIQUGH-YWZOXAELNA-N,-8.29
HSD11B1,c_LEU460,mut_s1,detail,1,121,ABMSRNRLDZVJFV-SWUIVHNENA-N,-9.672
HSD11B1,c_LEU460,mut_s1,detail,1,122,ZEACBIUBSOLEGW-QAITUMOCNA-N,-9.484
HSD11B1,c_LEU460,mut_s1,detail,1,123,UBFCDXVLKFOOGL-OKPOJWAQNA-N,-8.837
HSD11B1,c_LEU460,mut_s1,detail,1,124,RRIHVAFUFDANEX-NSJMMFDCNA-N,-8.174
HSD11B1,c_LEU460,mut_s1,detail,1,125,HASIAUWPWKTSBW-SREBMQDQNA-N,-7.459
HSD11B1,c_LEU460,mut_s1,detail,1,126,WHBCKYHTCHCHAY-LQFNOIFHNA-N,-8.803
HSD11B1,c_LEU460,mut_s1,detail,1,127,XMAYWYJOQHXEEK-JYFHCDHNNA-N,-9.311
HSD11B1,c_LEU460,mut_s1,detail,1,128,TVKCFCZANTZCSU-OYRHEFFENA-N,-8.948
HSD11B1,c_LEU460,mut_s1,detail,1,129,OJFIIUWPOHBVMH-LNNLXFCONA-N,-8.11
HSD11B1,c_LEU460,mut_s1,detail,1,130,DKLZMGFTGWKNCD-DIRLUKLVNA-N,-9.347
HSD11B1,c_LEU460,mut_s1,detail,1,131,PYSLGWZFRQWTDD-PWIKPTQSNA-N,-9.891
HSD11B1,c_LEU460,mut_s1,detail,1,132,MWMBIUUYBQWKJX-QTUCRYGENA-N,-9.288
HSD11B1,c_LEU460,mut_s1,detail,1,133,FLYQFCXTEFTSQN-UHFFFAOYNA-N,-8.704
HSD11B1,c_LEU460,mut_s1,detail,1,134,PBIBDSDWIMZYDT-WBWGZOKWNA-N,-8.11
HSD11B1,c_LEU460,mut_s1,detail,1,135,GSRWMFGBDLHGBU-YEFLILRRNA-N,-7.642
HSD11B1,c_LEU460,mut_s1,detail,1,136,AYIJJQHMZAEQKE-QDAGQJSJNA-N,-8.165
HSD11B1,c_LEU460,mut_s1,detail,1,137,JVWTZUKPDMRNDC-FSAKADSPNA-N,-9.233
HSD11B1,c_LEU460,mut_s1,detail,1,138,XAZPLOLSRXZDBO-LBZABMTDNA-N,-7.775
HSD11B1,c_LEU460,mut_s1,detail,1,139,RGWVFJBNHCWCTL-CFEGKOCINA-N,-9.392
HSD11B1,c_LEU460,mut_s1,detail,1,140,YYWNRQZCPIMCAK-UHFFFAOYNA-N,-8.67
HSD11B1,c_LEU460,mut_s1,detail,1,141,PBTZDKNKXRSZPM-XBXBPLPCNA-N,-9.045
HSD11B1,c_LEU460,mut_s1,detail,1,142,QQPOIMHFFPBDQM-LELJVTLKNA-N,-6.626
HSD11B1,c_LEU460,mut_s1,detail,1,143,NYFQURFFDGCBCB-MAQJPOOANA-N,-8.621
HSD11B1,c_LEU460,mut_s1,detail,1,144,HXZVHWHABLBWBS-MTTPVDACNA-N,-9.065
HSD11B1,c_LEU460,mut_s1,detail,1,145,IWYYSOJWYLZKLK-LELJVTLKNA-N,-8.522
HSD11B1,c_LEU460,mut_s1,detail,1,146,HOGUCNPGZXMBGW-UHFFFAOYNA-N,-8.111
HSD11B1,c_LEU460,mut_s1,detail,1,147,VITUDJAVASFPKN-DUFUIDNCNA-N,-6.892
HSD11B1,c_LEU460,mut_s1,detail,1,148,IXAHDCRYEUYPBG-SCXYCHFONA-N,-8.087
HSD11B1,c_LEU460,mut_s1,detail,1,149,JWHMEKMLAZQDNS-OZMOGHDGNA-N,-8.423
HSD11B1,c_LEU460,mut_s1,detail,1,150,BZWNBTIJLRHNDZ-LBOYIXSDNA-N,-9.041
HSD11B1,c_LEU460,mut_s1,detail,1,151,RECYROBESYRUML-UHFFFAOYNA-N,-9.239
HSD11B1,c_LEU460,mut_s1,detail,1,152,MLDSJJJLQRZNKW-UHBIVWOUNA-N,-10.262
HSD11B1,c_LEU460,mut_s1,detail,1,153,XTWIHJARHCYNFX-PHXLCVRDNA-N,-8.529
HSD11B1,c_LEU460,mut_s1,detail,1,154,UQGFETVWTRDGKJ-UHFFFAOYNA-N,-6.053
HSD11B1,c_LEU460,mut_s1,detail,1,155,VJFSMDWEMFOWDK-CYSPOYASNA-N,-7.418
HSD11B1,c_LEU460,mut_s1,detail,1,156,NZYLXYBIWNIAGH-CYSPOYASNA-N,-9.731
HSD11B1,c_LEU460,mut_s1,detail,1,157,ODXCWFOKLBJQNP-MPIMZMORNA-N,-9.025
HSD11B1,c_LEU460,mut_s1,detail,1,158,FVDNMAPPDSKXKQ-UHFFFAOYNA-N,-8.606
HSD11B1,c_LEU460,mut_s1,detail,1,159,DOPWMPRIRWTOOD-CCHPKIMANA-N,-7.296
HSD11B1,c_TYR426,mut_s1,detail,1,0,URVMSYHISUZXNH-UYBDAZJANA-N,-8.89
HSD11B1,c_TYR426,mut_s1,detail,1,1,KXRPCFINVWWFHQ-UHFFFAOYNA-N,-5.235
HSD11B1,c_TYR426,mut_s1,detail,1,2,NICJTSHRYBTHAS-YHMJCDSINA-N,-7.289
HSD11B1,c_TYR426,mut_s1,detail,1,3,SWRZVDTZHDWPDS-AWIDAIFANA-N,-8.549
HSD11B1,c_TYR426,mut_s1,detail,1,4,RKNSLLSUFWWYCA-UHFFFAOYNA-N,-9.151
HSD11B1,c_TYR426,mut_s1,detail,1,5,OZFSIKFTRRUDES-RIYZIHGNNA-N,-6.838
HSD11B1,c_TYR426,mut_s1,detail,1,6,AAGGUCRASUJPPN-UHFFFAOYNA-N,-7.757
HSD11B1,c_TYR426,mut_s1,detail,1,7,OYHXDPMAFYHDNG-YAQRNVERNA-N,-7.836
HSD11B1,c_TYR426,mut_s1,detail,1,8,AWILWAIEQYZUEQ-UHFFFAOYNA-N,-6.707
HSD11B1,c_TYR426,mut_s1,detail,1,9,WSFAXHLMQUUHQT-VMPITWQZNA-N,-7.968
HSD11B1,c_TYR426,mut_s1,detail,1,10,WPHMTVNOXKBZKN-UHFFFAOYNA-N,-6.901
HSD11B1,c_TYR426,mut_s1,detail,1,11,LPEIZNODGHDCCW-UHFFFAOYNA-N,-7.504
HSD11B1,c_TYR426,mut_s1,detail,1,12,QQHWWDVSRWOHEP-LILDFLRNNA-N,-8.376
HSD11B1,c_TYR426,mut_s1,detail,1,13,UMEVSSPGBFVQNC-UHFFFAOYNA-N,-6.481
HSD11B1,c_TYR426,mut_s1,detail,1,14,VZDIOEKWWZRNQN-UHFFFAOYNA-N,-8.335
HSD11B1,c_TYR426,mut_s1,detail,1,15,JEVLDOUORFAHRS-NDKGDYFDNA-N,-7.257
HSD11B1,c_TYR426,mut_s1,detail,1,16,NFTGJNJRMWUBPG-GPQMBLKYNA-N,-7.694
HSD11B1,c_TYR426,mut_s1,detail,1,17,UMUUTEZBWGDVDA-UHFFFAOYNA-N,-7.386
HSD11B1,c_TYR426,mut_s1,detail,1,18,VLQKEPLNPGYNDJ-HCKMINDGNA-N,-7.91
HSD11B1,c_TYR426,mut_s1,detail,1,19,PPMVTAATPZLMJM-CDDDEJBQNA-N,-8.679
HSD11B1,c_TYR426,mut_s1,detail,1,20,AHLYFAKLKLMESK-YAQRNVERNA-N,-6.951
HSD11B1,c_TYR426,mut_s1,detail,1,21,GYEJYLAGVWRSIM-KGJHZMDYNA-N,-7.255
HSD11B1,c_TYR426,mut_s1,detail,1,22,RXVALSLAUOIYLW-UHFFFAOYNA-N,-7.81
HSD11B1,c_TYR426,mut_s1,detail,1,23,NSELYIFATLFDOZ-JLGFQASFNA-N,-8.044
HSD11B1,c_TYR426,mut_s1,detail,1,24,COQFBYACOHFCEC-UHFFFAOYNA-N,-7.657
HSD11B1,c_TYR426,mut_s1,detail,1,25,CJGJXFCLDYQBFQ-YJGXKCCXNA-N,-8.713
HSD11B1,c_TYR426,mut_s1,detail,1,26,BWNGRRJLFYHENY-INIZCTEONA-N,-7.233
HSD11B1,c_TYR426,mut_s1,detail,1,27,BNRFXWSJKVJVOF-UYBDAZJANA-N,-8.027
HSD11B1,c_TYR426,mut_s1,detail,1,28,DMULMZBZVBBWBY-PJZINPJWNA-N,-7.994
HSD11B1,c_TYR426,mut_s1,detail,1,29,AXLAIGJGNKHDPO-UHFFFAOYNA-N,-7.043
HSD11B1,c_TYR426,mut_s1,detail,1,30,RKDGAONZEPYEBT-WXRBYKJCNA-N,-7.439
HSD11B1,c_TYR426,mut_s1,detail,1,31,MBOYDUZSCSNUQL-MBBDSNKKNA-N,-8.111
HSD11B1,c_TYR426,mut_s1,detail,1,32,KPVDBHRTXOFQDK-YAQRNVERNA-N,-6.853
HSD11B1,c_TYR426,mut_s1,detail,1,33,LVCNFMYUKISBSB-VJSNTGQMNA-N,-7.403
HSD11B1,c_TYR426,mut_s1,detail,1,34,XLAHCIRKLMJUQC-DZQCGVKKNA-N,-8.533
HSD11B1,c_TYR426,mut_s1,detail,1,35,QNYHDABGLCBJOE-SHHGZXMVNA-N,-8.834
HSD11B1,c_TYR426,mut_s1,detail,1,36,HEKNRISBWSPMOG-OWTLIXCDNA-N,-7.851
HSD11B1,c_TYR426,mut_s1,detail,1,37,VIRNXCRLEVZXNX-LILDFLRNNA-N,-8.778
HSD11B1,c_TYR426,mut_s1,detail,1,38,SRTGERSEXJGDMR-UHFFFAOYNA-N,-6.865
HSD11B1,c_TYR426,mut_s1,detail,1,39,ZGMGSSRLZJYOKH-WXRBYKJCNA-N,-7.009
HSD11B1,c_TYR426,mut_s1,detail,1,40,VGYFDFRFGHHCDA-CUTUCBJDNA-N,-9.023
HSD11B1,c_TYR426,mut_s1,detail,1,41,DILPMLYWQJPNLO-HCKMINDGNA-N,-8.355
HSD11B1,c_TYR426,mut_s1,detail,1,42,RSOODJIGEVJLMK-LQFNOIFHNA-N,-9.368
HSD11B1,c_TYR426,mut_s1,detail,1,43,OWHHWMUAYBIQPR-UHFFFAOYNA-N,-9.287
HSD11B1,c_TYR426,mut_s1,detail,1,44,KPIKMVZJKZDOFC-UHFFFAOYNA-N,-9.399
HSD11B1,c_TYR426,mut_s1,detail,1,45,DIKDKRUREJXLMR-DPMTXJEANA-N,-9.39
HSD11B1,c_TYR426,mut_s1,detail,1,46,QRVJDPKQHAVBDK-UYBDAZJANA-N,-8.02
HSD11B1,c_TYR426,mut_s1,detail,1,47,SGBSFKSDPWOALT-UYBDAZJANA-N,-8.719
HSD11B1,c_TYR426,mut_s1,detail,1,48,CYHFRNFVZWVHCG-OTJKMEOQNA-N,-8.616
HSD11B1,c_TYR426,mut_s1,detail,1,49,MJUDQDHXCQONOA-MPIMZMORNA-N,-8.81
HSD11B1,c_TYR426,mut_s1,detail,1,50,RNVYRNLUUYNQAS-PKSOQXRJNA-N,-8.357
HSD11B1,c_TYR426,mut_s1,detail,1,51,DLZXOZYETDVJEB-QWOVJGMINA-N,-7.453
HSD11B1,c_TYR426,mut_s1,detail,1,52,HSICVZRDGBJSEL-GPQMBLKYNA-N,-8.454
HSD11B1,c_TYR426,mut_s1,detail,1,53,HMRUHHFLIMYEAF-QNGOCPJXNA-N,-7.357
HSD11B1,c_TYR426,mut_s1,detail,1,54,ZZOWQPSBJUXHCA-YSPRVCGUNA-N,-8.8
HSD11B1,c_TYR426,mut_s1,detail,1,55,WDDJLHOUFWSQSV-UHFFFAOYNA-N,-8.82
HSD11B1,c_TYR426,mut_s1,detail,1,56,UKLIIGXGTPSYBF-IBCWCQIKNA-N,-8.208
HSD11B1,c_TYR426,mut_s1,detail,1,57,LNPOBRXJZYGQMS-MOHJPFBDNA-N,-9.537
HSD11B1,c_TYR426,mut_s1,detail,1,58,FYILBFPPKIZBTO-UHFFFAOYNA-N,-8.569
HSD11B1,c_TYR426,mut_s1,detail,1,59,MIKIJFODTJGFDI-LILDFLRNNA-N,-8.12
HSD11B1,c_TYR426,mut_s1,detail,1,60,RUWCNSLWWCWTSU-LILDFLRNNA-N,-10.077
HSD11B1,c_TYR426,mut_s1,detail,1,61,KLQWCHKIQJHYIB-UHFFFAOYNA-N,-9.613
HSD11B1,c_TYR426,mut_s1,detail,1,62,QKAWGENQCGFAOE-NPVYFSBINA-N,-8.018
HSD11B1,c_TYR426,mut_s1,detail,1,63,KGOKCBRZBBEYBE-MMRXBHCZNA-N,-9.451
HSD11B1,c_TYR426,mut_s1,detail,1,64,ROFRXCLSWKEWTN-UHFFFAOYNA-N,-8.234
HSD11B1,c_TYR426,mut_s1,detail,1,65,AKRMJNKLSCBEME-FPYGCLRLNA-N,-8.366
HSD11B1,c_TYR426,mut_s1,detail,1,66,LCGJUJZLLYTYIF-XMFFZCEENA-N,-8.75
HSD11B1,c_TYR426,mut_s1,detail,1,67,FREQNFSEYLEFOI-QRCVEOAVNA-N,-8.162
HSD11B1,c_TYR426,mut_s1,detail,1,68,MHMINAYLMNBGSM-UHFFFAOYNA-N,-8.118
HSD11B1,c_TYR426,mut_s1,detail,1,69,SYMNTBHEGHFZMV-UHFFFAOYNA-N,-8.278
HSD11B1,c_TYR426,mut_s1,detail,1,70,NNCRWGMPCGSKOO-LILDFLRNNA-N,-7.744
HSD11B1,c_TYR426,mut_s1,detail,1,71,ZCRRNCCNJMRGFI-UHFFFAOYNA-N,-9.641
HSD11B1,c_TYR426,mut_s1,detail,1,72,PYVZEIBGEUQNQQ-UHFFFAOYNA-N,-9.209
HSD11B1,c_TYR426,mut_s1,detail,1,73,OROJQWVRCGJACT-XBTAAFKLNA-N,-9.346
HSD11B1,c_TYR426,mut_s1,detail,1,74,TXYUWXKCUDOUGU-JLGFQASFNA-N,-7.773
HSD11B1,c_TYR426,mut_s1,detail,1,75,LAZANALODSEDSE-UHFFFAOYNA-N,-8.084
HSD11B1,c_TYR426,mut_s1,detail,1,76,RJXCYVJLXGRCHK-UHFFFAOYNA-N,-10.442
HSD11B1,c_TYR426,mut_s1,detail,1,77,FUSKIBWHJAWEFI-IEJAXPBYNA-N,-8.337
HSD11B1,c_TYR426,mut_s1,detail,1,78,SGWVLOCBQLQWQV-UHFFFAOYNA-N,-9.537
HSD11B1,c_TYR426,mut_s1,detail,1,79,PPXRQTYXLZCDAZ-QWOVJGMINA-N,-9.283
HSD11B1,c_TYR426,mut_s1,detail,1,80,DIFBADFWLVYFHV-LELJVTLKNA-N,-9.463
HSD11B1,c_TYR426,mut_s1,detail,1,81,XREOSEVJCQGCHE-MHPMNMKGNA-N,-10.432
HSD11B1,c_TYR426,mut_s1,detail,1,82,ZHGPKHBXSKWZEQ-UHFFFAOYNA-N,-8.706
HSD11B1,c_TYR426,mut_s1,detail,1,83,ZFAYPJJNPSNAFK-UHFFFAOYNA-N,-9.991
HSD11B1,c_TYR426,mut_s1,detail,1,84,LTXMRAGWIDQTQT-MYUTVWBTNA-N,-9.519
HSD11B1,c_TYR426,mut_s1,detail,1,85,VXQHYHSSGLOALC-SPEPDGBUNA-N,-8.995
HSD11B1,c_TYR426,mut_s1,detail,1,86,KWDSFRAWCISROF-PJQSKVNONA-N,-9.225
HSD11B1,c_TYR426,mut_s1,detail,1,87,ZJZXSQPHUQUHIV-ZGZFQTMPNA-N,-10.13
HSD11B1,c_TYR426,mut_s1,detail,1,88,UYHIVPBYFWVWEJ-UHFFFAOYNA-N,-10.863
HSD11B1,c_TYR426,mut_s1,detail,1,89,PLEFJSUCKRWHBY-LNNLXFCONA-N,-8.55
HSD11B1,c_TYR426,mut_s1,detail,1,90,DNSRQCRQLKJUCC-PDJAEHLQNA-N,-9.493
HSD11B1,c_TYR426,mut_s1,detail,1,91,PHYKZCBUNVYJNH-YDBXFXKPNA-N,-8.018
HSD11B1,c_TYR426,mut_s1,detail,1,92,OOUHZBUAVKCDGA-UHFFFAOYNA-N,-10.319
HSD11B1,c_TYR426,mut_s1,detail,1,93,UUQDFZFJDFMLHW-UHFFFAOYNA-N,-7.908
HSD11B1,c_TYR426,mut_s1,detail,1,94,OOUDDHNLDLLUOL-SKKVRFOWNA-N,-9.31
HSD11B1,c_TYR426,mut_s1,detail,1,95,ZDMQSUAMTLXUTE-MPIMZMORNA-N,-9.145
HSD11B1,c_TYR426,mut_s1,detail,1,96,NMPLPABDEKPABN-UHFFFAOYNA-N,-9.504
HSD11B1,c_TYR426,mut_s1,detail,1,97,INZRHGSVWGRHBM-NPVYFSBINA-N,-9.286
HSD11B1,c_TYR426,mut_s1,detail,1,98,RVGCWMKVTAEQIH-LNNLXFCONA-N,-10.365
HSD11B1,c_TYR426,mut_s1,detail,1,99,VRXWKRQOVMZBAF-LJQANCHMNA-N,-9.225
HSD11B1,c_TYR426,mut_s1,detail,1,100,QACLWOIBBYOHQP-UYBDAZJANA-N,-8.161
HSD11B1,c_TYR426,mut_s1,detail,1,101,ZNXSZVFPCBIELQ-LNNLXFCONA-N,-8.491
HSD11B1,c_TYR426,mut_s1,detail,1,102,GKMWCCNMKRSQHR-VEKUMTKDNA-N,-9.724
HSD11B1,c_TYR426,mut_s1,detail,1,103,FFGUSRSMWFYKGK-SKKVRFOWNA-N,-9.422
HSD11B1,c_TYR426,mut_s1,detail,1,104,KXBDDGKXLZBLOM-SPEPDGBUNA-N,-9.245
HSD11B1,c_TYR426,mut_s1,detail,1,105,MIUWULAZCXYTJW-MSHHZIMBNA-N,-10.727
HSD11B1,c_TYR426,mut_s1,detail,1,106,JPZOYWVRFLZCIC-NJNXFGOHNA-N,-10.276
HSD11B1,c_TYR426,mut_s1,detail,1,107,FAIQTLBYDVKBAB-DVIAZDKANA-N,-9.319
HSD11B1,c_TYR426,mut_s1,detail,1,108,APFLRZZAOXCNAZ-UHFFFAOYNA-N,-9.045
HSD11B1,c_TYR426,mut_s1,detail,1,109,BSQLDSQTGOZBFD-UHFFFAOYNA-N,-9.142
HSD11B1,c_TYR426,mut_s1,detail,1,110,ZVVCFJXCDATSCC-UHFFFAOYNA-N,-9.045
HSD11B1,c_TYR426,mut_s1,detail,1,111,SKEQTXZATFWVMB-UYBDAZJANA-N,-7.7
HSD11B1,c_TYR426,mut_s1,detail,1,112,IATWYRHDJKMBQK-MPIMZMORNA-N,-7.916
HSD11B1,c_TYR426,mut_s1,detail,1,113,JPWOEQDCUZCWKT-MPIMZMORNA-N,-7.968
HSD11B1,c_TYR426,mut_s1,detail,1,114,RYHSAXRBHDHPPK-PKSOQXRJNA-N,-8.073
HSD11B1,c_TYR426,mut_s1,detail,1,115,GKKJWUFVZJJFPG-MPIMZMORNA-N,-10.068
HSD11B1,c_TYR426,mut_s1,detail,1,116,FDNZXFDUCINVLY-BDGWVKIONA-N,-7.385
HSD11B1,c_TYR426,mut_s1,detail,1,117,KTBYKHKWIFIFAK-UHFFFAOYNA-N,-10.452
HSD11B1,c_TYR426,mut_s1,detail,1,118,ZRXZEWGUECXTTQ-LQFNOIFHNA-N,-10.081
HSD11B1,c_TYR426,mut_s1,detail,1,119,XNACBBGLIAJNJM-PECIQRARNA-N,-7.908
HSD11B1,c_TYR426,mut_s1,detail,1,120,WQZYYJRVBIQUGH-YWZOXAELNA-N,-7.861
HSD11B1,c_TYR426,mut_s1,detail,1,121,ABMSRNRLDZVJFV-SWUIVHNENA-N,-9.506
HSD11B1,c_TYR426,mut_s1,detail,1,122,ZEACBIUBSOLEGW-QAITUMOCNA-N,-10.125
HSD11B1,c_TYR426,mut_s1,detail,1,123,UBFCDXVLKFOOGL-OKPOJWAQNA-N,-9.228
HSD11B1,c_TYR426,mut_s1,detail,1,124,RRIHVAFUFDANEX-NSJMMFDCNA-N,-8.591
HSD11B1,c_TYR426,mut_s1,detail,1,125,HASIAUWPWKTSBW-SREBMQDQNA-N,-7.224
HSD11B1,c_TYR426,mut_s1,detail,1,126,WHBCKYHTCHCHAY-LQFNOIFHNA-N,-9.596
HSD11B1,c_TYR426,mut_s1,detail,1,127,XMAYWYJOQHXEEK-JYFHCDHNNA-N,-9.314
HSD11B1,c_TYR426,mut_s1,detail,1,128,TVKCFCZANTZCSU-OYRHEFFENA-N,-10.357
HSD11B1,c_TYR426,mut_s1,detail,1,129,OJFIIUWPOHBVMH-LNNLXFCONA-N,-8.14
HSD11B1,c_TYR426,mut_s1,detail,1,130,DKLZMGFTGWKNCD-DIRLUKLVNA-N,-10.069
HSD11B1,c_TYR426,mut_s1,detail,1,131,PYSLGWZFRQWTDD-PWIKPTQSNA-N,-10.673
HSD11B1,c_TYR426,mut_s1,detail,1,132,MWMBIUUYBQWKJX-QTUCRYGENA-N,-8.871
HSD11B1,c_TYR426,mut_s1,detail,1,133,FLYQFCXTEFTSQN-UHFFFAOYNA-N,-9.104
HSD11B1,c_TYR426,mut_s1,detail,1,134,PBIBDSDWIMZYDT-WBWGZOKWNA-N,-8.159
HSD11B1,c_TYR426,mut_s1,detail,1,135,GSRWMFGBDLHGBU-YEFLILRRNA-N,-8.594
HSD11B1,c_TYR426,mut_s1,detail,1,136,AYIJJQHMZAEQKE-QDAGQJSJNA-N,-10.232
HSD11B1,c_TYR426,mut_s1,detail,1,137,JVWTZUKPDMRNDC-FSAKADSPNA-N,-10.047
HSD11B1,c_TYR426,mut_s1,detail,1,138,XAZPLOLSRXZDBO-LBZABMTDNA-N,-9.256
HSD11B1,c_TYR426,mut_s1,detail,1,139,RGWVFJBNHCWCTL-CFEGKOCINA-N,-8.935
HSD11B1,c_TYR426,mut_s1,detail,1,140,YYWNRQZCPIMCAK-UHFFFAOYNA-N,-9.149
HSD11B1,c_TYR426,mut_s1,detail,1,141,PBTZDKNKXRSZPM-XBXBPLPCNA-N,-9.107
HSD11B1,c_TYR426,mut_s1,detail,1,142,QQPOIMHFFPBDQM-LELJVTLKNA-N,-7.647
HSD11B1,c_TYR426,mut_s1,detail,1,143,NYFQURFFDGCBCB-MAQJPOOANA-N,-9.175
HSD11B1,c_TYR426,mut_s1,detail,1,144,HXZVHWHABLBWBS-MTTPVDACNA-N,-9.351
HSD11B1,c_TYR426,mut_s1,detail,1,145,IWYYSOJWYLZKLK-LELJVTLKNA-N,-8.711
HSD11B1,c_TYR426,mut_s1,detail,1,146,HOGUCNPGZXMBGW-UHFFFAOYNA-N,-9.992
HSD11B1,c_TYR426,mut_s1,detail,1,147,VITUDJAVASFPKN-DUFUIDNCNA-N,-7.491
HSD11B1,c_TYR426,mut_s1,detail,1,148,IXAHDCRYEUYPBG-SCXYCHFONA-N,-9.152
HSD11B1,c_TYR426,mut_s1,detail,1,149,JWHMEKMLAZQDNS-OZMOGHDGNA-N,-8.337
HSD11B1,c_TYR426,mut_s1,detail,1,150,BZWNBTIJLRHNDZ-LBOYIXSDNA-N,-8.968
HSD11B1,c_TYR426,mut_s1,detail,1,151,RECYROBESYRUML-UHFFFAOYNA-N,-8.986
HSD11B1,c_TYR426,mut_s1,detail,1,152,MLDSJJJLQRZNKW-UHBIVWOUNA-N,-10.839
HSD11B1,c_TYR426,mut_s1,detail,1,153,XTWIHJARHCYNFX-PHXLCVRDNA-N,-8.478
HSD11B1,c_TYR426,mut_s1,detail,1,154,UQGFETVWTRDGKJ-UHFFFAOYNA-N,-8.757
HSD11B1,c_TYR426,mut_s1,detail,1,155,VJFSMDWEMFOWDK-CYSPOYASNA-N,-7.004
HSD11B1,c_TYR426,mut_s1,detail,1,156,NZYLXYBIWNIAGH-CYSPOYASNA-N,-9.945
HSD11B1,c_TYR426,mut_s1,detail,1,157,ODXCWFOKLBJQNP-MPIMZMORNA-N,-8.099
HSD11B1,c_TYR426,mut_s1,detail,1,158,FVDNMAPPDSKXKQ-UHFFFAOYNA-N,-11.293
HSD11B1,c_TYR426,mut_s1,detail,1,159,DOPWMPRIRWTOOD-CCHPKIMANA-N,-9.089
HSD11B1,c_MET422,mut_s1,detail,1,0,URVMSYHISUZXNH-UYBDAZJANA-N,-8.76
HSD11B1,c_MET422,mut_s1,detail,1,1,KXRPCFINVWWFHQ-UHFFFAOYNA-N,-5.598
HSD11B1,c_MET422,mut_s1,detail,1,2,NICJTSHRYBTHAS-YHMJCDSINA-N,-7.576
HSD11B1,c_MET422,mut_s1,detail,1,3,SWRZVDTZHDWPDS-AWIDAIFANA-N,-9.612
HSD11B1,c_MET422,mut_s1,detail,1,4,RKNSLLSUFWWYCA-UHFFFAOYNA-N,-9.17
HSD11B1,c_MET422,mut_s1,detail,1,5,OZFSIKFTRRUDES-RIYZIHGNNA-N,-6.756
HSD11B1,c_MET422,mut_s1,detail,1,6,AAGGUCRASUJPPN-UHFFFAOYNA-N,-8.399
HSD11B1,c_MET422,mut_s1,detail,1,7,OYHXDPMAFYHDNG-YAQRNVERNA-N,-7.972
HSD11B1,c_MET422,mut_s1,detail,1,8,AWILWAIEQYZUEQ-UHFFFAOYNA-N,-7.313
HSD11B1,c_MET422,mut_s1,detail,1,9,WSFAXHLMQUUHQT-VMPITWQZNA-N,-8.844
HSD11B1,c_MET422,mut_s1,detail,1,10,WPHMTVNOXKBZKN-UHFFFAOYNA-N,-6.888
HSD11B1,c_MET422,mut_s1,detail,1,11,LPEIZNODGHDCCW-UHFFFAOYNA-N,-7.84
HSD11B1,c_MET422,mut_s1,detail,1,12,QQHWWDVSRWOHEP-LILDFLRNNA-N,-8.857
HSD11B1,c_MET422,mut_s1,detail,1,13,UMEVSSPGBFVQNC-UHFFFAOYNA-N,-6.428
HSD11B1,c_MET422,mut_s1,detail,1,14,VZDIOEKWWZRNQN-UHFFFAOYNA-N,-8.97
HSD11B1,c_MET422,mut_s1,detail,1,15,JEVLDOUORFAHRS-NDKGDYFDNA-N,-7.77
HSD11B1,c_MET422,mut_s1,detail,1,16,NFTGJNJRMWUBPG-GPQMBLKYNA-N,-7.905
HSD11B1,c_MET422,mut_s1,detail,1,17,UMUUTEZBWGDVDA-UHFFFAOYNA-N,-7.607
HSD11B1,c_MET422,mut_s1,detail,1,18,VLQKEPLNPGYNDJ-HCKMINDGNA-N,-8.405
HSD11B1,c_MET422,mut_s1,detail,1,19,PPMVTAATPZLMJM-CDDDEJBQNA-N,-9.367
HSD11B1,c_MET422,mut_s1,detail,1,20,AHLYFAKLKLMESK-YAQRNVERNA-N,-7.558
HSD11B1,c_MET422,mut_s1,detail,1,21,GYEJYLAGVWRSIM-KGJHZMDYNA-N,-8.022
HSD11B1,c_MET422,mut_s1,detail,1,22,RXVALSLAUOIYLW-UHFFFAOYNA-N,-7.998
HSD11B1,c_MET422,mut_s1,detail,1,23,NSELYIFATLFDOZ-JLGFQASFNA-N,-8.053
HSD11B1,c_MET422,mut_s1,detail,1,24,COQFBYACOHFCEC-UHFFFAOYNA-N,-8.24
HSD11B1,c_MET422,mut_s1,detail,1,25,CJGJXFCLDYQBFQ-YJGXKCCXNA-N,-8.506
HSD11B1,c_MET422,mut_s1,detail,1,26,BWNGRRJLFYHENY-INIZCTEONA-N,-7.525
HSD11B1,c_MET422,mut_s1,detail,1,27,BNRFXWSJKVJVOF-UYBDAZJANA-N,-8.953
HSD11B1,c_MET422,mut_s1,detail,1,28,DMULMZBZVBBWBY-PJZINPJWNA-N,-9.069
HSD11B1,c_MET422,mut_s1,detail,1,29,AXLAIGJGNKHDPO-UHFFFAOYNA-N,-7.186
HSD11B1,c_MET422,mut_s1,detail,1,30,RKDGAONZEPYEBT-WXRBYKJCNA-N,-7.239
HSD11B1,c_MET422,mut_s1,detail,1,31,MBOYDUZSCSNUQL-MBBDSNKKNA-N,-7.764
HSD11B1,c_MET422,mut_s1,detail,1,32,KPVDBHRTXOFQDK-YAQRNVERNA-N,-6.872
HSD11B1,c_MET422,mut_s1,detail,1,33,LVCNFMYUKISBSB-VJSNTGQMNA-N,-7.548
HSD11B1,c_MET422,mut_s1,detail,1,34,XLAHCIRKLMJUQC-DZQCGVKKNA-N,-8.702
HSD11B1,c_MET422,mut_s1,detail,1,35,QNYHDABGLCBJOE-SHHGZXMVNA-N,-9.362
HSD11B1,c_MET422,mut_s1,detail,1,36,HEKNRISBWSPMOG-OWTLIXCDNA-N,-7.577
HSD11B1,c_MET422,mut_s1,detail,1,37,VIRNXCRLEVZXNX-LILDFLRNNA-N,-9.664
HSD11B1,c_MET422,mut_s1,detail,1,38,SRTGERSEXJGDMR-UHFFFAOYNA-N,-7.163
HSD11B1,c_MET422,mut_s1,detail,1,39,ZGMGSSRLZJYOKH-WXRBYKJCNA-N,-7.245
HSD11B1,c_MET422,mut_s1,detail,1,40,VGYFDFRFGHHCDA-CUTUCBJDNA-N,-9.347
HSD11B1,c_MET422,mut_s1,detail,1,41,DILPMLYWQJPNLO-HCKMINDGNA-N,-8.515
HSD11B1,c_MET422,mut_s1,detail,1,42,RSOODJIGEVJLMK-LQFNOIFHNA-N,-10.396
HSD11B1,c_MET422,mut_s1,detail,1,43,OWHHWMUAYBIQPR-UHFFFAOYNA-N,-9.526
HSD11B1,c_MET422,mut_s1,detail,1,44,KPIKMVZJKZDOFC-UHFFFAOYNA-N,-9.998
HSD11B1,c_MET422,mut_s1,detail,1,45,DIKDKRUREJXLMR-DPMTXJEANA-N,-9.472
HSD11B1,c_MET422,mut_s1,detail,1,46,QRVJDPKQHAVBDK-UYBDAZJANA-N,-8.741
HSD11B1,c_MET422,mut_s1,detail,1,47,SGBSFKSDPWOALT-UYBDAZJANA-N,-9.025
HSD11B1,c_MET422,mut_s1,detail,1,48,CYHFRNFVZWVHCG-OTJKMEOQNA-N,-8.677
HSD11B1,c_MET422,mut_s1,detail,1,49,MJUDQDHXCQONOA-MPIMZMORNA-N,-8.626
HSD11B1,c_MET422,mut_s1,detail,1,50,RNVYRNLUUYNQAS-PKSOQXRJNA-N,-8.297
HSD11B1,c_MET422,mut_s1,detail,1,51,DLZXOZYETDVJEB-QWOVJGMINA-N,-7.7
HSD11B1,c_MET422,mut_s1,detail,1,52,HSICVZRDGBJSEL-GPQMBLKYNA-N,-8.589
HSD11B1,c_MET422,mut_s1,detail,1,53,HMRUHHFLIMYEAF-QNGOCPJXNA-N,-7.816
HSD11B1,c_MET422,mut_s1,detail,1,54,ZZOWQPSBJUXHCA-YSPRVCGUNA-N,-9.646
HSD11B1,c_MET422,mut_s1,detail,1,55,WDDJLHOUFWSQSV-UHFFFAOYNA-N,-8.956
HSD11B1,c_MET422,mut_s1,detail,1,56,UKLIIGXGTPSYBF-IBCWCQIKNA-N,-8.636
HSD11B1,c_MET422,mut_s1,detail,1,57,LNPOBRXJZYGQMS-MOHJPFBDNA-N,-8.942
HSD11B1,c_MET422,mut_s1,detail,1,58,FYILBFPPKIZBTO-UHFFFAOYNA-N,-7.435
HSD11B1,c_MET422,mut_s1,detail,1,59,MIKIJFODTJGFDI-LILDFLRNNA-N,-7.951
HSD11B1,c_MET422,mut_s1,detail,1,60,RUWCNSLWWCWTSU-LILDFLRNNA-N,-9.904
HSD11B1,c_MET422,mut_s1,detail,1,61,KLQWCHKIQJHYIB-UHFFFAOYNA-N,-10.061
HSD11B1,c_MET422,mut_s1,detail,1,62,QKAWGENQCGFAOE-NPVYFSBINA-N,-8.156
HSD11B1,c_MET422,mut_s1,detail,1,63,KGOKCBRZBBEYBE-MMRXBHCZNA-N,-10.096
HSD11B1,c_MET422,mut_s1,detail,1,64,ROFRXCLSWKEWTN-UHFFFAOYNA-N,-8.412
HSD11B1,c_MET422,mut_s1,detail,1,65,AKRMJNKLSCBEME-FPYGCLRLNA-N,-8.055
HSD11B1,c_MET422,mut_s1,detail,1,66,LCGJUJZLLYTYIF-XMFFZCEENA-N,-8.913
HSD11B1,c_MET422,mut_s1,detail,1,67,FREQNFSEYLEFOI-QRCVEOAVNA-N,-8.427
HSD11B1,c_MET422,mut_s1,detail,1,68,MHMINAYLMNBGSM-UHFFFAOYNA-N,-7.923
HSD11B1,c_MET422,mut_s1,detail,1,69,SYMNTBHEGHFZMV-UHFFFAOYNA-N,-8.193
HSD11B1,c_MET422,mut_s1,detail,1,70,NNCRWGMPCGSKOO-LILDFLRNNA-N,-8.137
HSD11B1,c_MET422,mut_s1,detail,1,71,ZCRRNCCNJMRGFI-UHFFFAOYNA-N,-10.473
HSD11B1,c_MET422,mut_s1,detail,1,72,PYVZEIBGEUQNQQ-UHFFFAOYNA-N,-10.085
HSD11B1,c_MET422,mut_s1,detail,1,73,OROJQWVRCGJACT-XBTAAFKLNA-N,-9.654
HSD11B1,c_MET422,mut_s1,detail,1,74,TXYUWXKCUDOUGU-JLGFQASFNA-N,-7.794
HSD11B1,c_MET422,mut_s1,detail,1,75,LAZANALODSEDSE-UHFFFAOYNA-N,-8.435
HSD11B1,c_MET422,mut_s1,detail,1,76,RJXCYVJLXGRCHK-UHFFFAOYNA-N,-10.267
HSD11B1,c_MET422,mut_s1,detail,1,77,FUSKIBWHJAWEFI-IEJAXPBYNA-N,-8.633
HSD11B1,c_MET422,mut_s1,detail,1,78,SGWVLOCBQLQWQV-UHFFFAOYNA-N,-8.955
HSD11B1,c_MET422,mut_s1,detail,1,79,PPXRQTYXLZCDAZ-QWOVJGMINA-N,-9.542
HSD11B1,c_MET422,mut_s1,detail,1,80,DIFBADFWLVYFHV-LELJVTLKNA-N,-9.17
HSD11B1,c_MET422,mut_s1,detail,1,81,XREOSEVJCQGCHE-MHPMNMKGNA-N,-8.822
HSD11B1,c_MET422,mut_s1,detail,1,82,ZHGPKHBXSKWZEQ-UHFFFAOYNA-N,-9.401
HSD11B1,c_MET422,mut_s1,detail,1,83,ZFAYPJJNPSNAFK-UHFFFAOYNA-N,-9.677
HSD11B1,c_MET422,mut_s1,detail,1,84,LTXMRAGWIDQTQT-MYUTVWBTNA-N,-9.98
HSD11B1,c_MET422,mut_s1,detail,1,85,VXQHYHSSGLOALC-SPEPDGBUNA-N,-9.745
HSD11B1,c_MET422,mut_s1,detail,1,86,KWDSFRAWCISROF-PJQSKVNONA-N,-10.229
HSD11B1,c_MET422,mut_s1,detail,1,87,ZJZXSQPHUQUHIV-ZGZFQTMPNA-N,-10.649
HSD11B1,c_MET422,mut_s1,detail,1,88,UYHIVPBYFWVWEJ-UHFFFAOYNA-N,-10.279
HSD11B1,c_MET422,mut_s1,detail,1,89,PLEFJSUCKRWHBY-LNNLXFCONA-N,-8.355
HSD11B1,c_MET422,mut_s1,detail,1,90,DNSRQCRQLKJUCC-PDJAEHLQNA-N,-9.066
HSD11B1,c_MET422,mut_s1,detail,1,91,PHYKZCBUNVYJNH-YDBXFXKPNA-N,-8.065
HSD11B1,c_MET422,mut_s1,detail,1,92,OOUHZBUAVKCDGA-UHFFFAOYNA-N,-9.939
HSD11B1,c_MET422,mut_s1,detail,1,93,UUQDFZFJDFMLHW-UHFFFAOYNA-N,-8.822
HSD11B1,c_MET422,mut_s1,detail,1,94,OOUDDHNLDLLUOL-SKKVRFOWNA-N,-10.027
HSD11B1,c_MET422,mut_s1,detail,1,95,ZDMQSUAMTLXUTE-MPIMZMORNA-N,-9.754
HSD11B1,c_MET422,mut_s1,detail,1,96,NMPLPABDEKPABN-UHFFFAOYNA-N,-10.629
HSD11B1,c_MET422,mut_s1,detail,1,97,INZRHGSVWGRHBM-NPVYFSBINA-N,-10.649
HSD11B1,c_MET422,mut_s1,detail,1,98,RVGCWMKVTAEQIH-LNNLXFCONA-N,-9.973
HSD11B1,c_MET422,mut_s1,detail,1,99,VRXWKRQOVMZBAF-LJQANCHMNA-N,-8.209
HSD11B1,c_MET422,mut_s1,detail,1,100,QACLWOIBBYOHQP-UYBDAZJANA-N,-8.872
HSD11B1,c_MET422,mut_s1,detail,1,101,ZNXSZVFPCBIELQ-LNNLXFCONA-N,-9.105
HSD11B1,c_MET422,mut_s1,detail,1,102,GKMWCCNMKRSQHR-VEKUMTKDNA-N,-9.366
HSD11B1,c_MET422,mut_s1,detail,1,103,FFGUSRSMWFYKGK-SKKVRFOWNA-N,-9.257
HSD11B1,c_MET422,mut_s1,detail,1,104,KXBDDGKXLZBLOM-SPEPDGBUNA-N,-9.735
HSD11B1,c_MET422,mut_s1,detail,1,105,MIUWULAZCXYTJW-MSHHZIMBNA-N,-11.23
HSD11B1,c_MET422,mut_s1,detail,1,106,JPZOYWVRFLZCIC-NJNXFGOHNA-N,-10.648
HSD11B1,c_MET422,mut_s1,detail,1,107,FAIQTLBYDVKBAB-DVIAZDKANA-N,-9.569
HSD11B1,c_MET422,mut_s1,detail,1,108,APFLRZZAOXCNAZ-UHFFFAOYNA-N,-9.216
HSD11B1,c_MET422,mut_s1,detail,1,109,BSQLDSQTGOZBFD-UHFFFAOYNA-N,-9.037
HSD11B1,c_MET422,mut_s1,detail,1,110,ZVVCFJXCDATSCC-UHFFFAOYNA-N,-9.478
HSD11B1,c_MET422,mut_s1,detail,1,111,SKEQTXZATFWVMB-UYBDAZJANA-N,-7.809
HSD11B1,c_MET422,mut_s1,detail,1,112,IATWYRHDJKMBQK-MPIMZMORNA-N,-8.573
HSD11B1,c_MET422,mut_s1,detail,1,113,JPWOEQDCUZCWKT-MPIMZMORNA-N,-8.442
HSD11B1,c_MET422,mut_s1,detail,1,114,RYHSAXRBHDHPPK-PKSOQXRJNA-N,-8.055
HSD11B1,c_MET422,mut_s1,detail,1,115,GKKJWUFVZJJFPG-MPIMZMORNA-N,-9.942
HSD11B1,c_MET422,mut_s1,detail,1,116,FDNZXFDUCINVLY-BDGWVKIONA-N,-9.122
HSD11B1,c_MET422,mut_s1,detail,1,117,KTBYKHKWIFIFAK-UHFFFAOYNA-N,-12.03
HSD11B1,c_MET422,mut_s1,detail,1,118,ZRXZEWGUECXTTQ-LQFNOIFHNA-N,-10.356
HSD11B1,c_MET422,mut_s1,detail,1,119,XNACBBGLIAJNJM-PECIQRARNA-N,-8.939
HSD11B1,c_MET422,mut_s1,detail,1,120,WQZYYJRVBIQUGH-YWZOXAELNA-N,-9.079
HSD11B1,c_MET422,mut_s1,detail,1,121,ABMSRNRLDZVJFV-SWUIVHNENA-N,-9.886
HSD11B1,c_MET422,mut_s1,detail,1,122,ZEACBIUBSOLEGW-QAITUMOCNA-N,-11.029
HSD11B1,c_MET422,mut_s1,detail,1,123,UBFCDXVLKFOOGL-OKPOJWAQNA-N,-10.02
HSD11B1,c_MET422,mut_s1,detail,1,124,RRIHVAFUFDANEX-NSJMMFDCNA-N,-8.164
HSD11B1,c_MET422,mut_s1,detail,1,125,HASIAUWPWKTSBW-SREBMQDQNA-N,-9.596
HSD11B1,c_MET422,mut_s1,detail,1,126,WHBCKYHTCHCHAY-LQFNOIFHNA-N,-9.077
HSD11B1,c_MET422,mut_s1,detail,1,127,XMAYWYJOQHXEEK-JYFHCDHNNA-N,-10.079
HSD11B1,c_MET422,mut_s1,detail,1,128,TVKCFCZANTZCSU-OYRHEFFENA-N,-10.255
HSD11B1,c_MET422,mut_s1,detail,1,129,OJFIIUWPOHBVMH-LNNLXFCONA-N,-8.176
HSD11B1,c_MET422,mut_s1,detail,1,130,DKLZMGFTGWKNCD-DIRLUKLVNA-N,-11.097
HSD11B1,c_MET422,mut_s1,detail,1,131,PYSLGWZFRQWTDD-PWIKPTQSNA-N,-10.916
HSD11B1,c_MET422,mut_s1,detail,1,132,MWMBIUUYBQWKJX-QTUCRYGENA-N,-9.852
HSD11B1,c_MET422,mut_s1,detail,1,133,FLYQFCXTEFTSQN-UHFFFAOYNA-N,-9.745
HSD11B1,c_MET422,mut_s1,detail,1,134,PBIBDSDWIMZYDT-WBWGZOKWNA-N,-8.684
HSD11B1,c_MET422,mut_s1,detail,1,135,GSRWMFGBDLHGBU-YEFLILRRNA-N,-8.749
HSD11B1,c_MET422,mut_s1,detail,1,136,AYIJJQHMZAEQKE-QDAGQJSJNA-N,-8.213
HSD11B1,c_MET422,mut_s1,detail,1,137,JVWTZUKPDMRNDC-FSAKADSPNA-N,-9.428
HSD11B1,c_MET422,mut_s1,detail,1,138,XAZPLOLSRXZDBO-LBZABMTDNA-N,-9.282
HSD11B1,c_MET422,mut_s1,detail,1,139,RGWVFJBNHCWCTL-CFEGKOCINA-N,-9.735
HSD11B1,c_MET422,mut_s1,detail,1,140,YYWNRQZCPIMCAK-UHFFFAOYNA-N,-9.486
HSD11B1,c_MET422,mut_s1,detail,1,141,PBTZDKNKXRSZPM-XBXBPLPCNA-N,-10.15
HSD11B1,c_MET422,mut_s1,detail,1,142,QQPOIMHFFPBDQM-LELJVTLKNA-N,-7.306
HSD11B1,c_MET422,mut_s1,detail,1,143,NYFQURFFDGCBCB-MAQJPOOANA-N,-8.771
HSD11B1,c_MET422,mut_s1,detail,1,144,HXZVHWHABLBWBS-MTTPVDACNA-N,-10.883
HSD11B1,c_MET422,mut_s1,detail,1,145,IWYYSOJWYLZKLK-LELJVTLKNA-N,-9.538
HSD11B1,c_MET422,mut_s1,detail,1,146,HOGUCNPGZXMBGW-UHFFFAOYNA-N,-9.634
HSD11B1,c_MET422,mut_s1,detail,1,147,VITUDJAVASFPKN-DUFUIDNCNA-N,-8.771
HSD11B1,c_MET422,mut_s1,detail,1,148,IXAHDCRYEUYPBG-SCXYCHFONA-N,-9.814
HSD11B1,c_MET422,mut_s1,detail,1,149,JWHMEKMLAZQDNS-OZMOGHDGNA-N,-9.121
HSD11B1,c_MET422,mut_s1,detail,1,150,BZWNBTIJLRHNDZ-LBOYIXSDNA-N,-9.739
HSD11B1,c_MET422,mut_s1,detail,1,151,RECYROBESYRUML-UHFFFAOYNA-N,-9.269
HSD11B1,c_MET422,mut_s1,detail,1,152,MLDSJJJLQRZNKW-UHBIVWOUNA-N,-10.466
HSD11B1,c_MET422,mut_s1,detail,1,153,XTWIHJARHCYNFX-PHXLCVRDNA-N,-9.04
HSD11B1,c_MET422,mut_s1,detail,1,154,UQGFETVWTRDGKJ-UHFFFAOYNA-N,-5.456
HSD11B1,c_MET422,mut_s1,detail,1,155,VJFSMDWEMFOWDK-CYSPOYASNA-N,-7.624
HSD11B1,c_MET422,mut_s1,detail,1,156,NZYLXYBIWNIAGH-CYSPOYASNA-N,-10.304
HSD11B1,c_MET422,mut_s1,detail,1,157,ODXCWFOKLBJQNP-MPIMZMORNA-N,-9.167
HSD11B1,c_MET422,mut_s1,detail,1,158,FVDNMAPPDSKXKQ-UHFFFAOYNA-N,-11.75
HSD11B1,c_MET422,mut_s1,detail,1,159,DOPWMPRIRWTOOD-CCHPKIMANA-N,-9.213
HSD11B1,c_VAL474,mut_s1,detail,1,0,URVMSYHISUZXNH-UYBDAZJANA-N,-8.944
HSD11B1,c_VAL474,mut_s1,detail,1,1,KXRPCFINVWWFHQ-UHFFFAOYNA-N,-5.605
HSD11B1,c_VAL474,mut_s1,detail,1,2,NICJTSHRYBTHAS-YHMJCDSINA-N,-7.489
HSD11B1,c_VAL474,mut_s1,detail,1,3,SWRZVDTZHDWPDS-AWIDAIFANA-N,-9.204
HSD11B1,c_VAL474,mut_s1,detail,1,4,RKNSLLSUFWWYCA-UHFFFAOYNA-N,-9.18
HSD11B1,c_VAL474,mut_s1,detail,1,5,OZFSIKFTRRUDES-RIYZIHGNNA-N,-6.68
HSD11B1,c_VAL474,mut_s1,detail,1,6,AAGGUCRASUJPPN-UHFFFAOYNA-N,-8.471
HSD11B1,c_VAL474,mut_s1,detail,1,7,OYHXDPMAFYHDNG-YAQRNVERNA-N,-8.103
HSD11B1,c_VAL474,mut_s1,detail,1,8,AWILWAIEQYZUEQ-UHFFFAOYNA-N,-7.278
HSD11B1,c_VAL474,mut_s1,detail,1,9,WSFAXHLMQUUHQT-VMPITWQZNA-N,-7.982
HSD11B1,c_VAL474,mut_s1,detail,1,10,WPHMTVNOXKBZKN-UHFFFAOYNA-N,-6.93
HSD11B1,c_VAL474,mut_s1,detail,1,11,LPEIZNODGHDCCW-UHFFFAOYNA-N,-7.913
HSD11B1,c_VAL474,mut_s1,detail,1,12,QQHWWDVSRWOHEP-LILDFLRNNA-N,-8.279
HSD11B1,c_VAL474,mut_s1,detail,1,13,UMEVSSPGBFVQNC-UHFFFAOYNA-N,-6.407
HSD11B1,c_VAL474,mut_s1,detail,1,14,VZDIOEKWWZRNQN-UHFFFAOYNA-N,-8.976
HSD11B1,c_VAL474,mut_s1,detail,1,15,JEVLDOUORFAHRS-NDKGDYFDNA-N,-7.74
HSD11B1,c_VAL474,mut_s1,detail,1,16,NFTGJNJRMWUBPG-GPQMBLKYNA-N,-7.59
HSD11B1,c_VAL474,mut_s1,detail,1,17,UMUUTEZBWGDVDA-UHFFFAOYNA-N,-7.653
HSD11B1,c_VAL474,mut_s1,detail,1,18,VLQKEPLNPGYNDJ-HCKMINDGNA-N,-8.557
HSD11B1,c_VAL474,mut_s1,detail,1,19,PPMVTAATPZLMJM-CDDDEJBQNA-N,-9.293
HSD11B1,c_VAL474,mut_s1,detail,1,20,AHLYFAKLKLMESK-YAQRNVERNA-N,-8.012
HSD11B1,c_VAL474,mut_s1,detail,1,21,GYEJYLAGVWRSIM-KGJHZMDYNA-N,-7.952
HSD11B1,c_VAL474,mut_s1,detail,1,22,RXVALSLAUOIYLW-UHFFFAOYNA-N,-8.345
HSD11B1,c_VAL474,mut_s1,detail,1,23,NSELYIFATLFDOZ-JLGFQASFNA-N,-8.143
HSD11B1,c_VAL474,mut_s1,detail,1,24,COQFBYACOHFCEC-UHFFFAOYNA-N,-7.89
HSD11B1,c_VAL474,mut_s1,detail,1,25,CJGJXFCLDYQBFQ-YJGXKCCXNA-N,-8.28
HSD11B1,c_VAL474,mut_s1,detail,1,26,BWNGRRJLFYHENY-INIZCTEONA-N,-7.517
HSD11B1,c_VAL474,mut_s1,detail,1,27,BNRFXWSJKVJVOF-UYBDAZJANA-N,-9.069
HSD11B1,c_VAL474,mut_s1,detail,1,28,DMULMZBZVBBWBY-PJZINPJWNA-N,-9.024
HSD11B1,c_VAL474,mut_s1,detail,1,29,AXLAIGJGNKHDPO-UHFFFAOYNA-N,-7.37
HSD11B1,c_VAL474,mut_s1,detail,1,30,RKDGAONZEPYEBT-WXRBYKJCNA-N,-7.118
HSD11B1,c_VAL474,mut_s1,detail,1,31,MBOYDUZSCSNUQL-MBBDSNKKNA-N,-7.538
HSD11B1,c_VAL474,mut_s1,detail,1,32,KPVDBHRTXOFQDK-YAQRNVERNA-N,-6.804
HSD11B1,c_VAL474,mut_s1,detail,1,33,LVCNFMYUKISBSB-VJSNTGQMNA-N,-7.533
HSD11B1,c_VAL474,mut_s1,detail,1,34,XLAHCIRKLMJUQC-DZQCGVKKNA-N,-8.803
HSD11B1,c_VAL474,mut_s1,detail,1,35,QNYHDABGLCBJOE-SHHGZXMVNA-N,-9.256
HSD11B1,c_VAL474,mut_s1,detail,1,36,HEKNRISBWSPMOG-OWTLIXCDNA-N,-7.561
HSD11B1,c_VAL474,mut_s1,detail,1,37,VIRNXCRLEVZXNX-LILDFLRNNA-N,-9.624
HSD11B1,c_VAL474,mut_s1,detail,1,38,SRTGERSEXJGDMR-UHFFFAOYNA-N,-7.276
HSD11B1,c_VAL474,mut_s1,detail,1,39,ZGMGSSRLZJYOKH-WXRBYKJCNA-N,-7.27
HSD11B1,c_VAL474,mut_s1,detail,1,40,VGYFDFRFGHHCDA-CUTUCBJDNA-N,-9.208
HSD11B1,c_VAL474,mut_s1,detail,1,41,DILPMLYWQJPNLO-HCKMINDGNA-N,-8.726
HSD11B1,c_VAL474,mut_s1,detail,1,42,RSOODJIGEVJLMK-LQFNOIFHNA-N,-9.681
HSD11B1,c_VAL474,mut_s1,detail,1,43,OWHHWMUAYBIQPR-UHFFFAOYNA-N,-8.884
HSD11B1,c_VAL474,mut_s1,detail,1,44,KPIKMVZJKZDOFC-UHFFFAOYNA-N,-9.668
HSD11B1,c_VAL474,mut_s1,detail,1,45,DIKDKRUREJXLMR-DPMTXJEANA-N,-8.843
HSD11B1,c_VAL474,mut_s1,detail,1,46,QRVJDPKQHAVBDK-UYBDAZJANA-N,-8.066
HSD11B1,c_VAL474,mut_s1,detail,1,47,SGBSFKSDPWOALT-UYBDAZJANA-N,-9.045
HSD11B1,c_VAL474,mut_s1,detail,1,48,CYHFRNFVZWVHCG-OTJKMEOQNA-N,-8.567
HSD11B1,c_VAL474,mut_s1,detail,1,49,MJUDQDHXCQONOA-MPIMZMORNA-N,-8.585
HSD11B1,c_VAL474,mut_s1,detail,1,50,RNVYRNLUUYNQAS-PKSOQXRJNA-N,-8.415
HSD11B1,c_VAL474,mut_s1,detail,1,51,DLZXOZYETDVJEB-QWOVJGMINA-N,-7.641
HSD11B1,c_VAL474,mut_s1,detail,1,52,HSICVZRDGBJSEL-GPQMBLKYNA-N,-8.23
HSD11B1,c_VAL474,mut_s1,detail,1,53,HMRUHHFLIMYEAF-QNGOCPJXNA-N,-7.314
HSD11B1,c_VAL474,mut_s1,detail,1,54,ZZOWQPSBJUXHCA-YSPRVCGUNA-N,-8.561
HSD11B1,c_VAL474,mut_s1,detail,1,55,WDDJLHOUFWSQSV-UHFFFAOYNA-N,-8.944
HSD11B1,c_VAL474,mut_s1,detail,1,56,UKLIIGXGTPSYBF-IBCWCQIKNA-N,-8.319
HSD11B1,c_VAL474,mut_s1,detail,1,57,LNPOBRXJZYGQMS-MOHJPFBDNA-N,-8.678
HSD11B1,c_VAL474,mut_s1,detail,1,58,FYILBFPPKIZBTO-UHFFFAOYNA-N,-7.417
HSD11B1,c_VAL474,mut_s1,detail,1,59,MIKIJFODTJGFDI-LILDFLRNNA-N,-8.646
HSD11B1,c_VAL474,mut_s1,detail,1,60,RUWCNSLWWCWTSU-LILDFLRNNA-N,-10.0
HSD11B1,c_VAL474,mut_s1,detail,1,61,KLQWCHKIQJHYIB-UHFFFAOYNA-N,-10.037
HSD11B1,c_VAL474,mut_s1,detail,1,62,QKAWGENQCGFAOE-NPVYFSBINA-N,-8.064
HSD11B1,c_VAL474,mut_s1,detail,1,63,KGOKCBRZBBEYBE-MMRXBHCZNA-N,-9.843
HSD11B1,c_VAL474,mut_s1,detail,1,64,ROFRXCLSWKEWTN-UHFFFAOYNA-N,-8.32
HSD11B1,c_VAL474,mut_s1,detail,1,65,AKRMJNKLSCBEME-FPYGCLRLNA-N,-8.053
HSD11B1,c_VAL474,mut_s1,detail,1,66,LCGJUJZLLYTYIF-XMFFZCEENA-N,-9.011
HSD11B1,c_VAL474,mut_s1,detail,1,67,FREQNFSEYLEFOI-QRCVEOAVNA-N,-8.895
HSD11B1,c_VAL474,mut_s1,detail,1,68,MHMINAYLMNBGSM-UHFFFAOYNA-N,-7.909
HSD11B1,c_VAL474,mut_s1,detail,1,69,SYMNTBHEGHFZMV-UHFFFAOYNA-N,-8.67
HSD11B1,c_VAL474,mut_s1,detail,1,70,NNCRWGMPCGSKOO-LILDFLRNNA-N,-8.045
HSD11B1,c_VAL474,mut_s1,detail,1,71,ZCRRNCCNJMRGFI-UHFFFAOYNA-N,-9.83
HSD11B1,c_VAL474,mut_s1,detail,1,72,PYVZEIBGEUQNQQ-UHFFFAOYNA-N,-10.166
HSD11B1,c_VAL474,mut_s1,detail,1,73,OROJQWVRCGJACT-XBTAAFKLNA-N,-9.761
HSD11B1,c_VAL474,mut_s1,detail,1,74,TXYUWXKCUDOUGU-JLGFQASFNA-N,-7.279
HSD11B1,c_VAL474,mut_s1,detail,1,75,LAZANALODSEDSE-UHFFFAOYNA-N,-8.406
HSD11B1,c_VAL474,mut_s1,detail,1,76,RJXCYVJLXGRCHK-UHFFFAOYNA-N,-10.31
HSD11B1,c_VAL474,mut_s1,detail,1,77,FUSKIBWHJAWEFI-IEJAXPBYNA-N,-8.771
HSD11B1,c_VAL474,mut_s1,detail,1,78,SGWVLOCBQLQWQV-UHFFFAOYNA-N,-8.949
HSD11B1,c_VAL474,mut_s1,detail,1,79,PPXRQTYXLZCDAZ-QWOVJGMINA-N,-9.098
HSD11B1,c_VAL474,mut_s1,detail,1,80,DIFBADFWLVYFHV-LELJVTLKNA-N,-8.332
HSD11B1,c_VAL474,mut_s1,detail,1,81,XREOSEVJCQGCHE-MHPMNMKGNA-N,-9.719
HSD11B1,c_VAL474,mut_s1,detail,1,82,ZHGPKHBXSKWZEQ-UHFFFAOYNA-N,-9.042
HSD11B1,c_VAL474,mut_s1,detail,1,83,ZFAYPJJNPSNAFK-UHFFFAOYNA-N,-9.311
HSD11B1,c_VAL474,mut_s1,detail,1,84,LTXMRAGWIDQTQT-MYUTVWBTNA-N,-10.096
HSD11B1,c_VAL474,mut_s1,detail,1,85,VXQHYHSSGLOALC-SPEPDGBUNA-N,-9.729
HSD11B1,c_VAL474,mut_s1,detail,1,86,KWDSFRAWCISROF-PJQSKVNONA-N,-8.996
HSD11B1,c_VAL474,mut_s1,detail,1,87,ZJZXSQPHUQUHIV-ZGZFQTMPNA-N,-10.61
HSD11B1,c_VAL474,mut_s1,detail,1,88,UYHIVPBYFWVWEJ-UHFFFAOYNA-N,-10.488
HSD11B1,c_VAL474,mut_s1,detail,1,89,PLEFJSUCKRWHBY-LNNLXFCONA-N,-7.792
HSD11B1,c_VAL474,mut_s1,detail,1,90,DNSRQCRQLKJUCC-PDJAEHLQNA-N,-10.095
HSD11B1,c_VAL474,mut_s1,detail,1,91,PHYKZCBUNVYJNH-YDBXFXKPNA-N,-7.83
HSD11B1,c_VAL474,mut_s1,detail,1,92,OOUHZBUAVKCDGA-UHFFFAOYNA-N,-9.905
HSD11B1,c_VAL474,mut_s1,detail,1,93,UUQDFZFJDFMLHW-UHFFFAOYNA-N,-8.23
HSD11B1,c_VAL474,mut_s1,detail,1,94,OOUDDHNLDLLUOL-SKKVRFOWNA-N,-9.944
HSD11B1,c_VAL474,mut_s1,detail,1,95,ZDMQSUAMTLXUTE-MPIMZMORNA-N,-9.668
HSD11B1,c_VAL474,mut_s1,detail,1,96,NMPLPABDEKPABN-UHFFFAOYNA-N,-9.632
HSD11B1,c_VAL474,mut_s1,detail,1,97,INZRHGSVWGRHBM-NPVYFSBINA-N,-10.382
HSD11B1,c_VAL474,mut_s1,detail,1,98,RVGCWMKVTAEQIH-LNNLXFCONA-N,-9.571
HSD11B1,c_VAL474,mut_s1,detail,1,99,VRXWKRQOVMZBAF-LJQANCHMNA-N,-7.96
HSD11B1,c_VAL474,mut_s1,detail,1,100,QACLWOIBBYOHQP-UYBDAZJANA-N,-8.875
HSD11B1,c_VAL474,mut_s1,detail,1,101,ZNXSZVFPCBIELQ-LNNLXFCONA-N,-8.263
HSD11B1,c_VAL474,mut_s1,detail,1,102,GKMWCCNMKRSQHR-VEKUMTKDNA-N,-8.918
HSD11B1,c_VAL474,mut_s1,detail,1,103,FFGUSRSMWFYKGK-SKKVRFOWNA-N,-8.992
HSD11B1,c_VAL474,mut_s1,detail,1,104,KXBDDGKXLZBLOM-SPEPDGBUNA-N,-9.546
HSD11B1,c_VAL474,mut_s1,detail,1,105,MIUWULAZCXYTJW-MSHHZIMBNA-N,-9.823
HSD11B1,c_VAL474,mut_s1,detail,1,106,JPZOYWVRFLZCIC-NJNXFGOHNA-N,-10.557
HSD11B1,c_VAL474,mut_s1,detail,1,107,FAIQTLBYDVKBAB-DVIAZDKANA-N,-9.289
HSD11B1,c_VAL474,mut_s1,detail,1,108,APFLRZZAOXCNAZ-UHFFFAOYNA-N,-8.87
HSD11B1,c_VAL474,mut_s1,detail,1,109,BSQLDSQTGOZBFD-UHFFFAOYNA-N,-9.228
HSD11B1,c_VAL474,mut_s1,detail,1,110,ZVVCFJXCDATSCC-UHFFFAOYNA-N,-9.15
HSD11B1,c_VAL474,mut_s1,detail,1,111,SKEQTXZATFWVMB-UYBDAZJANA-N,-7.897
HSD11B1,c_VAL474,mut_s1,detail,1,112,IATWYRHDJKMBQK-MPIMZMORNA-N,-8.881
HSD11B1,c_VAL474,mut_s1,detail,1,113,JPWOEQDCUZCWKT-MPIMZMORNA-N,-7.298
HSD11B1,c_VAL474,mut_s1,detail,1,114,RYHSAXRBHDHPPK-PKSOQXRJNA-N,-8.03
HSD11B1,c_VAL474,mut_s1,detail,1,115,GKKJWUFVZJJFPG-MPIMZMORNA-N,-9.414
HSD11B1,c_VAL474,mut_s1,detail,1,116,FDNZXFDUCINVLY-BDGWVKIONA-N,-8.665
HSD11B1,c_VAL474,mut_s1,detail,1,117,KTBYKHKWIFIFAK-UHFFFAOYNA-N,-10.558
HSD11B1,c_VAL474,mut_s1,detail,1,118,ZRXZEWGUECXTTQ-LQFNOIFHNA-N,-9.544
HSD11B1,c_VAL474,mut_s1,detail,1,119,XNACBBGLIAJNJM-PECIQRARNA-N,-8.78
HSD11B1,c_VAL474,mut_s1,detail,1,120,WQZYYJRVBIQUGH-YWZOXAELNA-N,-8.088
HSD11B1,c_VAL474,mut_s1,detail,1,121,ABMSRNRLDZVJFV-SWUIVHNENA-N,-9.676
HSD11B1,c_VAL474,mut_s1,detail,1,122,ZEACBIUBSOLEGW-QAITUMOCNA-N,-10.617
HSD11B1,c_VAL474,mut_s1,detail,1,123,UBFCDXVLKFOOGL-OKPOJWAQNA-N,-9.611
HSD11B1,c_VAL474,mut_s1,detail,1,124,RRIHVAFUFDANEX-NSJMMFDCNA-N,-8.073
HSD11B1,c_VAL474,mut_s1,detail,1,125,HASIAUWPWKTSBW-SREBMQDQNA-N,-8.186
HSD11B1,c_VAL474,mut_s1,detail,1,126,WHBCKYHTCHCHAY-LQFNOIFHNA-N,-9.317
HSD11B1,c_VAL474,mut_s1,detail,1,127,XMAYWYJOQHXEEK-JYFHCDHNNA-N,-9.585
HSD11B1,c_VAL474,mut_s1,detail,1,128,TVKCFCZANTZCSU-OYRHEFFENA-N,-9.074
HSD11B1,c_VAL474,mut_s1,detail,1,129,OJFIIUWPOHBVMH-LNNLXFCONA-N,-8.19
HSD11B1,c_VAL474,mut_s1,detail,1,130,DKLZMGFTGWKNCD-DIRLUKLVNA-N,-9.672
HSD11B1,c_VAL474,mut_s1,detail,1,131,PYSLGWZFRQWTDD-PWIKPTQSNA-N,-10.185
HSD11B1,c_VAL474,mut_s1,detail,1,132,MWMBIUUYBQWKJX-QTUCRYGENA-N,-9.326
HSD11B1,c_VAL474,mut_s1,detail,1,133,FLYQFCXTEFTSQN-UHFFFAOYNA-N,-8.494
HSD11B1,c_VAL474,mut_s1,detail,1,134,PBIBDSDWIMZYDT-WBWGZOKWNA-N,-8.24
HSD11B1,c_VAL474,mut_s1,detail,1,135,GSRWMFGBDLHGBU-YEFLILRRNA-N,-8.844
HSD11B1,c_VAL474,mut_s1,detail,1,136,AYIJJQHMZAEQKE-QDAGQJSJNA-N,-7.769
HSD11B1,c_VAL474,mut_s1,detail,1,137,JVWTZUKPDMRNDC-FSAKADSPNA-N,-9.362
HSD11B1,c_VAL474,mut_s1,detail,1,138,XAZPLOLSRXZDBO-LBZABMTDNA-N,-7.952
HSD11B1,c_VAL474,mut_s1,detail,1,139,RGWVFJBNHCWCTL-CFEGKOCINA-N,-9.091
HSD11B1,c_VAL474,mut_s1,detail,1,140,YYWNRQZCPIMCAK-UHFFFAOYNA-N,-9.59
HSD11B1,c_VAL474,mut_s1,detail,1,141,PBTZDKNKXRSZPM-XBXBPLPCNA-N,-8.845
HSD11B1,c_VAL474,mut_s1,detail,1,142,QQPOIMHFFPBDQM-LELJVTLKNA-N,-7.526
HSD11B1,c_VAL474,mut_s1,detail,1,143,NYFQURFFDGCBCB-MAQJPOOANA-N,-8.605
HSD11B1,c_VAL474,mut_s1,detail,1,144,HXZVHWHABLBWBS-MTTPVDACNA-N,-8.659
HSD11B1,c_VAL474,mut_s1,detail,1,145,IWYYSOJWYLZKLK-LELJVTLKNA-N,-8.72
HSD11B1,c_VAL474,mut_s1,detail,1,146,HOGUCNPGZXMBGW-UHFFFAOYNA-N,-8.225
HSD11B1,c_VAL474,mut_s1,detail,1,147,VITUDJAVASFPKN-DUFUIDNCNA-N,-7.64
HSD11B1,c_VAL474,mut_s1,detail,1,148,IXAHDCRYEUYPBG-SCXYCHFONA-N,-8.743
HSD11B1,c_VAL474,mut_s1,detail,1,149,JWHMEKMLAZQDNS-OZMOGHDGNA-N,-8.329
HSD11B1,c_VAL474,mut_s1,detail,1,150,BZWNBTIJLRHNDZ-LBOYIXSDNA-N,-9.089
HSD11B1,c_VAL474,mut_s1,detail,1,151,RECYROBESYRUML-UHFFFAOYNA-N,-8.467
HSD11B1,c_VAL474,mut_s1,detail,1,152,MLDSJJJLQRZNKW-UHBIVWOUNA-N,-10.132
HSD11B1,c_VAL474,mut_s1,detail,1,153,XTWIHJARHCYNFX-PHXLCVRDNA-N,-8.787
HSD11B1,c_VAL474,mut_s1,detail,1,154,UQGFETVWTRDGKJ-UHFFFAOYNA-N,-5.768
HSD11B1,c_VAL474,mut_s1,detail,1,155,VJFSMDWEMFOWDK-CYSPOYASNA-N,-7.449
HSD11B1,c_VAL474,mut_s1,detail,1,156,NZYLXYBIWNIAGH-CYSPOYASNA-N,-9.842
HSD11B1,c_VAL474,mut_s1,detail,1,157,ODXCWFOKLBJQNP-MPIMZMORNA-N,-8.77
HSD11B1,c_VAL474,mut_s1,detail,1,158,FVDNMAPPDSKXKQ-UHFFFAOYNA-N,-9.589
HSD11B1,c_VAL474,mut_s1,detail,1,159,DOPWMPRIRWTOOD-CCHPKIMANA-N,-8.457
HSD11B1,c_THR367,mut_s1,detail,1,0,URVMSYHISUZXNH-UYBDAZJANA-N,-8.852
HSD11B1,c_THR367,mut_s1,detail,1,1,KXRPCFINVWWFHQ-UHFFFAOYNA-N,-5.404
HSD11B1,c_THR367,mut_s1,detail,1,2,NICJTSHRYBTHAS-YHMJCDSINA-N,-7.532
HSD11B1,c_THR367,mut_s1,detail,1,3,SWRZVDTZHDWPDS-AWIDAIFANA-N,-9.034
HSD11B1,c_THR367,mut_s1,detail,1,4,RKNSLLSUFWWYCA-UHFFFAOYNA-N,-9.202
HSD11B1,c_THR367,mut_s1,detail,1,5,OZFSIKFTRRUDES-RIYZIHGNNA-N,-6.698
HSD11B1,c_THR367,mut_s1,detail,1,6,AAGGUCRASUJPPN-UHFFFAOYNA-N,-8.305
HSD11B1,c_THR367,mut_s1,detail,1,7,OYHXDPMAFYHDNG-YAQRNVERNA-N,-7.887
HSD11B1,c_THR367,mut_s1,detail,1,8,AWILWAIEQYZUEQ-UHFFFAOYNA-N,-7.087
HSD11B1,c_THR367,mut_s1,detail,1,9,WSFAXHLMQUUHQT-VMPITWQZNA-N,-7.76
HSD11B1,c_THR367,mut_s1,detail,1,10,WPHMTVNOXKBZKN-UHFFFAOYNA-N,-6.905
HSD11B1,c_THR367,mut_s1,detail,1,11,LPEIZNODGHDCCW-UHFFFAOYNA-N,-7.96
HSD11B1,c_THR367,mut_s1,detail,1,12,QQHWWDVSRWOHEP-LILDFLRNNA-N,-8.902
HSD11B1,c_THR367,mut_s1,detail,1,13,UMEVSSPGBFVQNC-UHFFFAOYNA-N,-6.675
HSD11B1,c_THR367,mut_s1,detail,1,14,VZDIOEKWWZRNQN-UHFFFAOYNA-N,-8.911
HSD11B1,c_THR367,mut_s1,detail,1,15,JEVLDOUORFAHRS-NDKGDYFDNA-N,-7.647
HSD11B1,c_THR367,mut_s1,detail,1,16,NFTGJNJRMWUBPG-GPQMBLKYNA-N,-7.451
HSD11B1,c_THR367,mut_s1,detail,1,17,UMUUTEZBWGDVDA-UHFFFAOYNA-N,-7.523
HSD11B1,c_THR367,mut_s1,detail,1,18,VLQKEPLNPGYNDJ-HCKMINDGNA-N,-8.369
HSD11B1,c_THR367,mut_s1,detail,1,19,PPMVTAATPZLMJM-CDDDEJBQNA-N,-8.919
HSD11B1,c_THR367,mut_s1,detail,1,20,AHLYFAKLKLMESK-YAQRNVERNA-N,-7.321
HSD11B1,c_THR367,mut_s1,detail,1,21,GYEJYLAGVWRSIM-KGJHZMDYNA-N,-8.004
HSD11B1,c_THR367,mut_s1,detail,1,22,RXVALSLAUOIYLW-UHFFFAOYNA-N,-8.961
HSD11B1,c_THR367,mut_s1,detail,1,23,NSELYIFATLFDOZ-JLGFQASFNA-N,-8.059
HSD11B1,c_THR367,mut_s1,detail,1,24,COQFBYACOHFCEC-UHFFFAOYNA-N,-8.338
HSD11B1,c_THR367,mut_s1,detail,1,25,CJGJXFCLDYQBFQ-YJGXKCCXNA-N,-8.577
HSD11B1,c_THR367,mut_s1,detail,1,26,BWNGRRJLFYHENY-INIZCTEONA-N,-7.662
HSD11B1,c_THR367,mut_s1,detail,1,27,BNRFXWSJKVJVOF-UYBDAZJANA-N,-8.549
HSD11B1,c_THR367,mut_s1,detail,1,28,DMULMZBZVBBWBY-PJZINPJWNA-N,-9.04
HSD11B1,c_THR367,mut_s1,detail,1,29,AXLAIGJGNKHDPO-UHFFFAOYNA-N,-7.44
HSD11B1,c_THR367,mut_s1,detail,1,30,RKDGAONZEPYEBT-WXRBYKJCNA-N,-7.089
HSD11B1,c_THR367,mut_s1,detail,1,31,MBOYDUZSCSNUQL-MBBDSNKKNA-N,-8.01
HSD11B1,c_THR367,mut_s1,detail,1,32,KPVDBHRTXOFQDK-YAQRNVERNA-N,-6.807
HSD11B1,c_THR367,mut_s1,detail,1,33,LVCNFMYUKISBSB-VJSNTGQMNA-N,-7.583
HSD11B1,c_THR367,mut_s1,detail,1,34,XLAHCIRKLMJUQC-DZQCGVKKNA-N,-8.788
HSD11B1,c_THR367,mut_s1,detail,1,35,QNYHDABGLCBJOE-SHHGZXMVNA-N,-9.127
HSD11B1,c_THR367,mut_s1,detail,1,36,HEKNRISBWSPMOG-OWTLIXCDNA-N,-7.847
HSD11B1,c_THR367,mut_s1,detail,1,37,VIRNXCRLEVZXNX-LILDFLRNNA-N,-9.135
HSD11B1,c_THR367,mut_s1,detail,1,38,SRTGERSEXJGDMR-UHFFFAOYNA-N,-7.303
HSD11B1,c_THR367,mut_s1,detail,1,39,ZGMGSSRLZJYOKH-WXRBYKJCNA-N,-7.258
HSD11B1,c_THR367,mut_s1,detail,1,40,VGYFDFRFGHHCDA-CUTUCBJDNA-N,-9.287
HSD11B1,c_THR367,mut_s1,detail,1,41,DILPMLYWQJPNLO-HCKMINDGNA-N,-8.888
HSD11B1,c_THR367,mut_s1,detail,1,42,RSOODJIGEVJLMK-LQFNOIFHNA-N,-10.051
HSD11B1,c_THR367,mut_s1,detail,1,43,OWHHWMUAYBIQPR-UHFFFAOYNA-N,-9.074
HSD11B1,c_THR367,mut_s1,detail,1,44,KPIKMVZJKZDOFC-UHFFFAOYNA-N,-9.719
HSD11B1,c_THR367,mut_s1,detail,1,45,DIKDKRUREJXLMR-DPMTXJEANA-N,-8.673
HSD11B1,c_THR367,mut_s1,detail,1,46,QRVJDPKQHAVBDK-UYBDAZJANA-N,-7.666
HSD11B1,c_THR367,mut_s1,detail,1,47,SGBSFKSDPWOALT-UYBDAZJANA-N,-8.99
HSD11B1,c_THR367,mut_s1,detail,1,48,CYHFRNFVZWVHCG-OTJKMEOQNA-N,-8.51
HSD11B1,c_THR367,mut_s1,detail,1,49,MJUDQDHXCQONOA-MPIMZMORNA-N,-8.772
HSD11B1,c_THR367,mut_s1,detail,1,50,RNVYRNLUUYNQAS-PKSOQXRJNA-N,-8.245
HSD11B1,c_THR367,mut_s1,detail,1,51,DLZXOZYETDVJEB-QWOVJGMINA-N,-7.953
HSD11B1,c_THR367,mut_s1,detail,1,52,HSICVZRDGBJSEL-GPQMBLKYNA-N,-8.391
HSD11B1,c_THR367,mut_s1,detail,1,53,HMRUHHFLIMYEAF-QNGOCPJXNA-N,-7.451
HSD11B1,c_THR367,mut_s1,detail,1,54,ZZOWQPSBJUXHCA-YSPRVCGUNA-N,-8.588
HSD11B1,c_THR367,mut_s1,detail,1,55,WDDJLHOUFWSQSV-UHFFFAOYNA-N,-9.084
HSD11B1,c_THR367,mut_s1,detail,1,56,UKLIIGXGTPSYBF-IBCWCQIKNA-N,-8.485
HSD11B1,c_THR367,mut_s1,detail,1,57,LNPOBRXJZYGQMS-MOHJPFBDNA-N,-9.029
HSD11B1,c_THR367,mut_s1,detail,1,58,FYILBFPPKIZBTO-UHFFFAOYNA-N,-8.657
HSD11B1,c_THR367,mut_s1,detail,1,59,MIKIJFODTJGFDI-LILDFLRNNA-N,-8.035
HSD11B1,c_THR367,mut_s1,detail,1,60,RUWCNSLWWCWTSU-LILDFLRNNA-N,-9.942
HSD11B1,c_THR367,mut_s1,detail,1,61,KLQWCHKIQJHYIB-UHFFFAOYNA-N,-9.971
HSD11B1,c_THR367,mut_s1,detail,1,62,QKAWGENQCGFAOE-NPVYFSBINA-N,-7.988
HSD11B1,c_THR367,mut_s1,detail,1,63,KGOKCBRZBBEYBE-MMRXBHCZNA-N,-10.035
HSD11B1,c_THR367,mut_s1,detail,1,64,ROFRXCLSWKEWTN-UHFFFAOYNA-N,-8.025
HSD11B1,c_THR367,mut_s1,detail,1,65,AKRMJNKLSCBEME-FPYGCLRLNA-N,-7.916
HSD11B1,c_THR367,mut_s1,detail,1,66,LCGJUJZLLYTYIF-XMFFZCEENA-N,-8.633
HSD11B1,c_THR367,mut_s1,detail,1,67,FREQNFSEYLEFOI-QRCVEOAVNA-N,-8.905
HSD11B1,c_THR367,mut_s1,detail,1,68,MHMINAYLMNBGSM-UHFFFAOYNA-N,-8.262
HSD11B1,c_THR367,mut_s1,detail,1,69,SYMNTBHEGHFZMV-UHFFFAOYNA-N,-8.79
HSD11B1,c_THR367,mut_s1,detail,1,70,NNCRWGMPCGSKOO-LILDFLRNNA-N,-7.838
HSD11B1,c_THR367,mut_s1,detail,1,71,ZCRRNCCNJMRGFI-UHFFFAOYNA-N,-10.083
HSD11B1,c_THR367,mut_s1,detail,1,72,PYVZEIBGEUQNQQ-UHFFFAOYNA-N,-9.747
HSD11B1,c_THR367,mut_s1,detail,1,73,OROJQWVRCGJACT-XBTAAFKLNA-N,-9.772
HSD11B1,c_THR367,mut_s1,detail,1,74,TXYUWXKCUDOUGU-JLGFQASFNA-N,-8.005
HSD11B1,c_THR367,mut_s1,detail,1,75,LAZANALODSEDSE-UHFFFAOYNA-N,-8.455
HSD11B1,c_THR367,mut_s1,detail,1,76,RJXCYVJLXGRCHK-UHFFFAOYNA-N,-10.383
HSD11B1,c_THR367,mut_s1,detail,1,77,FUSKIBWHJAWEFI-IEJAXPBYNA-N,-8.676
HSD11B1,c_THR367,mut_s1,detail,1,78,SGWVLOCBQLQWQV-UHFFFAOYNA-N,-9.385
HSD11B1,c_THR367,mut_s1,detail,1,79,PPXRQTYXLZCDAZ-QWOVJGMINA-N,-9.313
HSD11B1,c_THR367,mut_s1,detail,1,80,DIFBADFWLVYFHV-LELJVTLKNA-N,-9.75
HSD11B1,c_THR367,mut_s1,detail,1,81,XREOSEVJCQGCHE-MHPMNMKGNA-N,-9.545
HSD11B1,c_THR367,mut_s1,detail,1,82,ZHGPKHBXSKWZEQ-UHFFFAOYNA-N,-8.732
HSD11B1,c_THR367,mut_s1,detail,1,83,ZFAYPJJNPSNAFK-UHFFFAOYNA-N,-9.415
HSD11B1,c_THR367,mut_s1,detail,1,84,LTXMRAGWIDQTQT-MYUTVWBTNA-N,-10.628
HSD11B1,c_THR367,mut_s1,detail,1,85,VXQHYHSSGLOALC-SPEPDGBUNA-N,-10.656
HSD11B1,c_THR367,mut_s1,detail,1,86,KWDSFRAWCISROF-PJQSKVNONA-N,-9.349
HSD11B1,c_THR367,mut_s1,detail,1,87,ZJZXSQPHUQUHIV-ZGZFQTMPNA-N,-10.635
HSD11B1,c_THR367,mut_s1,detail,1,88,UYHIVPBYFWVWEJ-UHFFFAOYNA-N,-10.304
HSD11B1,c_THR367,mut_s1,detail,1,89,PLEFJSUCKRWHBY-LNNLXFCONA-N,-8.562
HSD11B1,c_THR367,mut_s1,detail,1,90,DNSRQCRQLKJUCC-PDJAEHLQNA-N,-9.751
HSD11B1,c_THR367,mut_s1,detail,1,91,PHYKZCBUNVYJNH-YDBXFXKPNA-N,-8.012
HSD11B1,c_THR367,mut_s1,detail,1,92,OOUHZBUAVKCDGA-UHFFFAOYNA-N,-9.739
HSD11B1,c_THR367,mut_s1,detail,1,93,UUQDFZFJDFMLHW-UHFFFAOYNA-N,-8.207
HSD11B1,c_THR367,mut_s1,detail,1,94,OOUDDHNLDLLUOL-SKKVRFOWNA-N,-9.972
HSD11B1,c_THR367,mut_s1,detail,1,95,ZDMQSUAMTLXUTE-MPIMZMORNA-N,-9.806
HSD11B1,c_THR367,mut_s1,detail,1,96,NMPLPABDEKPABN-UHFFFAOYNA-N,-9.236
HSD11B1,c_THR367,mut_s1,detail,1,97,INZRHGSVWGRHBM-NPVYFSBINA-N,-9.82
HSD11B1,c_THR367,mut_s1,detail,1,98,RVGCWMKVTAEQIH-LNNLXFCONA-N,-9.912
HSD11B1,c_THR367,mut_s1,detail,1,99,VRXWKRQOVMZBAF-LJQANCHMNA-N,-8.085
HSD11B1,c_THR367,mut_s1,detail,1,100,QACLWOIBBYOHQP-UYBDAZJANA-N,-8.625
HSD11B1,c_THR367,mut_s1,detail,1,101,ZNXSZVFPCBIELQ-LNNLXFCONA-N,-8.503
HSD11B1,c_THR367,mut_s1,detail,1,102,GKMWCCNMKRSQHR-VEKUMTKDNA-N,-9.217
HSD11B1,c_THR367,mut_s1,detail,1,103,FFGUSRSMWFYKGK-SKKVRFOWNA-N,-9.011
HSD11B1,c_THR367,mut_s1,detail,1,104,KXBDDGKXLZBLOM-SPEPDGBUNA-N,-9.373
HSD11B1,c_THR367,mut_s1,detail,1,105,MIUWULAZCXYTJW-MSHHZIMBNA-N,-9.835
HSD11B1,c_THR367,mut_s1,detail,1,106,JPZOYWVRFLZCIC-NJNXFGOHNA-N,-10.415
HSD11B1,c_THR367,mut_s1,detail,1,107,FAIQTLBYDVKBAB-DVIAZDKANA-N,-8.785
HSD11B1,c_THR367,mut_s1,detail,1,108,APFLRZZAOXCNAZ-UHFFFAOYNA-N,-8.562
HSD11B1,c_THR367,mut_s1,detail,1,109,BSQLDSQTGOZBFD-UHFFFAOYNA-N,-9.201
HSD11B1,c_THR367,mut_s1,detail,1,110,ZVVCFJXCDATSCC-UHFFFAOYNA-N,-8.547
HSD11B1,c_THR367,mut_s1,detail,1,111,SKEQTXZATFWVMB-UYBDAZJANA-N,-7.236
HSD11B1,c_THR367,mut_s1,detail,1,112,IATWYRHDJKMBQK-MPIMZMORNA-N,-8.826
HSD11B1,c_THR367,mut_s1,detail,1,113,JPWOEQDCUZCWKT-MPIMZMORNA-N,-7.462
HSD11B1,c_THR367,mut_s1,detail,1,114,RYHSAXRBHDHPPK-PKSOQXRJNA-N,-8.346
HSD11B1,c_THR367,mut_s1,detail,1,115,GKKJWUFVZJJFPG-MPIMZMORNA-N,-9.367
HSD11B1,c_THR367,mut_s1,detail,1,116,FDNZXFDUCINVLY-BDGWVKIONA-N,-8.57
HSD11B1,c_THR367,mut_s1,detail,1,117,KTBYKHKWIFIFAK-UHFFFAOYNA-N,-10.624
HSD11B1,c_THR367,mut_s1,detail,1,118,ZRXZEWGUECXTTQ-LQFNOIFHNA-N,-9.854
HSD11B1,c_THR367,mut_s1,detail,1,119,XNACBBGLIAJNJM-PECIQRARNA-N,-8.625
HSD11B1,c_THR367,mut_s1,detail,1,120,WQZYYJRVBIQUGH-YWZOXAELNA-N,-8.956
HSD11B1,c_THR367,mut_s1,detail,1,121,ABMSRNRLDZVJFV-SWUIVHNENA-N,-9.726
HSD11B1,c_THR367,mut_s1,detail,1,122,ZEACBIUBSOLEGW-QAITUMOCNA-N,-10.772
HSD11B1,c_THR367,mut_s1,detail,1,123,UBFCDXVLKFOOGL-OKPOJWAQNA-N,-9.141
HSD11B1,c_THR367,mut_s1,detail,1,124,RRIHVAFUFDANEX-NSJMMFDCNA-N,-8.947
HSD11B1,c_THR367,mut_s1,detail,1,125,HASIAUWPWKTSBW-SREBMQDQNA-N,-7.361
HSD11B1,c_THR367,mut_s1,detail,1,126,WHBCKYHTCHCHAY-LQFNOIFHNA-N,-9.422
HSD11B1,c_THR367,mut_s1,detail,1,127,XMAYWYJOQHXEEK-JYFHCDHNNA-N,-9.743
HSD11B1,c_THR367,mut_s1,detail,1,128,TVKCFCZANTZCSU-OYRHEFFENA-N,-9.353
HSD11B1,c_THR367,mut_s1,detail,1,129,OJFIIUWPOHBVMH-LNNLXFCONA-N,-7.88
HSD11B1,c_THR367,mut_s1,detail,1,130,DKLZMGFTGWKNCD-DIRLUKLVNA-N,-9.882
HSD11B1,c_THR367,mut_s1,detail,1,131,PYSLGWZFRQWTDD-PWIKPTQSNA-N,-10.14
HSD11B1,c_THR367,mut_s1,detail,1,132,MWMBIUUYBQWKJX-QTUCRYGENA-N,-9.388
HSD11B1,c_THR367,mut_s1,detail,1,133,FLYQFCXTEFTSQN-UHFFFAOYNA-N,-9.0
HSD11B1,c_THR367,mut_s1,detail,1,134,PBIBDSDWIMZYDT-WBWGZOKWNA-N,-8.748
HSD11B1,c_THR367,mut_s1,detail,1,135,GSRWMFGBDLHGBU-YEFLILRRNA-N,-8.031
HSD11B1,c_THR367,mut_s1,detail,1,136,AYIJJQHMZAEQKE-QDAGQJSJNA-N,-7.729
HSD11B1,c_THR367,mut_s1,detail,1,137,JVWTZUKPDMRNDC-FSAKADSPNA-N,-9.11
HSD11B1,c_THR367,mut_s1,detail,1,138,XAZPLOLSRXZDBO-LBZABMTDNA-N,-8.405
HSD11B1,c_THR367,mut_s1,detail,1,139,RGWVFJBNHCWCTL-CFEGKOCINA-N,-9.132
HSD11B1,c_THR367,mut_s1,detail,1,140,YYWNRQZCPIMCAK-UHFFFAOYNA-N,-9.896
HSD11B1,c_THR367,mut_s1,detail,1,141,PBTZDKNKXRSZPM-XBXBPLPCNA-N,-8.761
HSD11B1,c_THR367,mut_s1,detail,1,142,QQPOIMHFFPBDQM-LELJVTLKNA-N,-7.45
HSD11B1,c_THR367,mut_s1,detail,1,143,NYFQURFFDGCBCB-MAQJPOOANA-N,-8.584
HSD11B1,c_THR367,mut_s1,detail,1,144,HXZVHWHABLBWBS-MTTPVDACNA-N,-8.874
HSD11B1,c_THR367,mut_s1,detail,1,145,IWYYSOJWYLZKLK-LELJVTLKNA-N,-8.554
HSD11B1,c_THR367,mut_s1,detail,1,146,HOGUCNPGZXMBGW-UHFFFAOYNA-N,-9.088
HSD11B1,c_THR367,mut_s1,detail,1,147,VITUDJAVASFPKN-DUFUIDNCNA-N,-7.96
HSD11B1,c_THR367,mut_s1,detail,1,148,IXAHDCRYEUYPBG-SCXYCHFONA-N,-7.617
HSD11B1,c_THR367,mut_s1,detail,1,149,JWHMEKMLAZQDNS-OZMOGHDGNA-N,-8.277
HSD11B1,c_THR367,mut_s1,detail,1,150,BZWNBTIJLRHNDZ-LBOYIXSDNA-N,-8.902
HSD11B1,c_THR367,mut_s1,detail,1,151,RECYROBESYRUML-UHFFFAOYNA-N,-9.263
HSD11B1,c_THR367,mut_s1,detail,1,152,MLDSJJJLQRZNKW-UHBIVWOUNA-N,-9.626
HSD11B1,c_THR367,mut_s1,detail,1,153,XTWIHJARHCYNFX-PHXLCVRDNA-N,-8.789
HSD11B1,c_THR367,mut_s1,detail,1,154,UQGFETVWTRDGKJ-UHFFFAOYNA-N,-6.786
HSD11B1,c_THR367,mut_s1,detail,1,155,VJFSMDWEMFOWDK-CYSPOYASNA-N,-8.06
HSD11B1,c_THR367,mut_s1,detail,1,156,NZYLXYBIWNIAGH-CYSPOYASNA-N,-8.082
HSD11B1,c_THR367,mut_s1,detail,1,157,ODXCWFOKLBJQNP-MPIMZMORNA-N,-8.7
HSD11B1,c_THR367,mut_s1,detail,1,158,FVDNMAPPDSKXKQ-UHFFFAOYNA-N,-9.58
HSD11B1,c_THR367,mut_s1,detail,1,159,DOPWMPRIRWTOOD-CCHPKIMANA-N,-9.21
HSD11B1,s_ILE289,mut_s1,detail,1,0,URVMSYHISUZXNH-UYBDAZJANA-N,-8.685
HSD11B1,s_ILE289,mut_s1,detail,1,1,KXRPCFINVWWFHQ-UHFFFAOYNA-N,-5.663
HSD11B1,s_ILE289,mut_s1,detail,1,2,NICJTSHRYBTHAS-YHMJCDSINA-N,-7.519
HSD11B1,s_ILE289,mut_s1,detail,1,3,SWRZVDTZHDWPDS-AWIDAIFANA-N,-9.41
HSD11B1,s_ILE289,mut_s1,detail,1,4,RKNSLLSUFWWYCA-UHFFFAOYNA-N,-9.229
HSD11B1,s_ILE289,mut_s1,detail,1,5,OZFSIKFTRRUDES-RIYZIHGNNA-N,-6.783
HSD11B1,s_ILE289,mut_s1,detail,1,6,AAGGUCRASUJPPN-UHFFFAOYNA-N,-8.357
HSD11B1,s_ILE289,mut_s1,detail,1,7,OYHXDPMAFYHDNG-YAQRNVERNA-N,-7.67
HSD11B1,s_ILE289,mut_s1,detail,1,8,AWILWAIEQYZUEQ-UHFFFAOYNA-N,-7.379
HSD11B1,s_ILE289,mut_s1,detail,1,9,WSFAXHLMQUUHQT-VMPITWQZNA-N,-8.066
HSD11B1,s_ILE289,mut_s1,detail,1,10,WPHMTVNOXKBZKN-UHFFFAOYNA-N,-6.908
HSD11B1,s_ILE289,mut_s1,detail,1,11,LPEIZNODGHDCCW-UHFFFAOYNA-N,-7.986
HSD11B1,s_ILE289,mut_s1,detail,1,12,QQHWWDVSRWOHEP-LILDFLRNNA-N,-8.874
HSD11B1,s_ILE289,mut_s1,detail,1,13,UMEVSSPGBFVQNC-UHFFFAOYNA-N,-6.434
HSD11B1,s_ILE289,mut_s1,detail,1,14,VZDIOEKWWZRNQN-UHFFFAOYNA-N,-9.085
HSD11B1,s_ILE289,mut_s1,detail,1,15,JEVLDOUORFAHRS-NDKGDYFDNA-N,-7.741
HSD11B1,s_ILE289,mut_s1,detail,1,16,NFTGJNJRMWUBPG-GPQMBLKYNA-N,-7.627
HSD11B1,s_ILE289,mut_s1,detail,1,17,UMUUTEZBWGDVDA-UHFFFAOYNA-N,-7.639
HSD11B1,s_ILE289,mut_s1,detail,1,18,VLQKEPLNPGYNDJ-HCKMINDGNA-N,-8.494
HSD11B1,s_ILE289,mut_s1,detail,1,19,PPMVTAATPZLMJM-CDDDEJBQNA-N,-9.435
HSD11B1,s_ILE289,mut_s1,detail,1,20,AHLYFAKLKLMESK-YAQRNVERNA-N,-7.49
HSD11B1,s_ILE289,mut_s1,detail,1,21,GYEJYLAGVWRSIM-KGJHZMDYNA-N,-7.915
HSD11B1,s_ILE289,mut_s1,detail,1,22,RXVALSLAUOIYLW-UHFFFAOYNA-N,-8.324
HSD11B1,s_ILE289,mut_s1,detail,1,23,NSELYIFATLFDOZ-JLGFQASFNA-N,-7.952
HSD11B1,s_ILE289,mut_s1,detail,1,24,COQFBYACOHFCEC-UHFFFAOYNA-N,-8.273
HSD11B1,s_ILE289,mut_s1,detail,1,25,CJGJXFCLDYQBFQ-YJGXKCCXNA-N,-8.543
HSD11B1,s_ILE289,mut_s1,detail,1,26,BWNGRRJLFYHENY-INIZCTEONA-N,-7.609
HSD11B1,s_ILE289,mut_s1,detail,1,27,BNRFXWSJKVJVOF-UYBDAZJANA-N,-8.542
HSD11B1,s_ILE289,mut_s1,detail,1,28,DMULMZBZVBBWBY-PJZINPJWNA-N,-9.13
HSD11B1,s_ILE289,mut_s1,detail,1,29,AXLAIGJGNKHDPO-UHFFFAOYNA-N,-7.174
HSD11B1,s_ILE289,mut_s1,detail,1,30,RKDGAONZEPYEBT-WXRBYKJCNA-N,-7.221
HSD11B1,s_ILE289,mut_s1,detail,1,31,MBOYDUZSCSNUQL-MBBDSNKKNA-N,-7.757
HSD11B1,s_ILE289,mut_s1,detail,1,32,KPVDBHRTXOFQDK-YAQRNVERNA-N,-6.799
HSD11B1,s_ILE289,mut_s1,detail,1,33,LVCNFMYUKISBSB-VJSNTGQMNA-N,-7.759
HSD11B1,s_ILE289,mut_s1,detail,1,34,XLAHCIRKLMJUQC-DZQCGVKKNA-N,-8.837
HSD11B1,s_ILE289,mut_s1,detail,1,35,QNYHDABGLCBJOE-SHHGZXMVNA-N,-8.883
HSD11B1,s_ILE289,mut_s1,detail,1,36,HEKNRISBWSPMOG-OWTLIXCDNA-N,-7.583
HSD11B1,s_ILE289,mut_s1,detail,1,37,VIRNXCRLEVZXNX-LILDFLRNNA-N,-9.673
HSD11B1,s_ILE289,mut_s1,detail,1,38,SRTGERSEXJGDMR-UHFFFAOYNA-N,-7.238
HSD11B1,s_ILE289,mut_s1,detail,1,39,ZGMGSSRLZJYOKH-WXRBYKJCNA-N,-7.164
HSD11B1,s_ILE289,mut_s1,detail,1,40,VGYFDFRFGHHCDA-CUTUCBJDNA-N,-9.51
HSD11B1,s_ILE289,mut_s1,detail,1,41,DILPMLYWQJPNLO-HCKMINDGNA-N,-9.001
HSD11B1,s_ILE289,mut_s1,detail,1,42,RSOODJIGEVJLMK-LQFNOIFHNA-N,-10.165
HSD11B1,s_ILE289,mut_s1,detail,1,43,OWHHWMUAYBIQPR-UHFFFAOYNA-N,-9.588
HSD11B1,s_ILE289,mut_s1,detail,1,44,KPIKMVZJKZDOFC-UHFFFAOYNA-N,-9.775
HSD11B1,s_ILE289,mut_s1,detail,1,45,DIKDKRUREJXLMR-DPMTXJEANA-N,-8.773
HSD11B1,s_ILE289,mut_s1,detail,1,46,QRVJDPKQHAVBDK-UYBDAZJANA-N,-7.981
HSD11B1,s_ILE289,mut_s1,detail,1,47,SGBSFKSDPWOALT-UYBDAZJANA-N,-9.227
HSD11B1,s_ILE289,mut_s1,detail,1,48,CYHFRNFVZWVHCG-OTJKMEOQNA-N,-8.558
HSD11B1,s_ILE289,mut_s1,detail,1,49,MJUDQDHXCQONOA-MPIMZMORNA-N,-8.812
HSD11B1,s_ILE289,mut_s1,detail,1,50,RNVYRNLUUYNQAS-PKSOQXRJNA-N,-8.38
HSD11B1,s_ILE289,mut_s1,detail,1,51,DLZXOZYETDVJEB-QWOVJGMINA-N,-7.724
HSD11B1,s_ILE289,mut_s1,detail,1,52,HSICVZRDGBJSEL-GPQMBLKYNA-N,-8.468
HSD11B1,s_ILE289,mut_s1,detail,1,53,HMRUHHFLIMYEAF-QNGOCPJXNA-N,-7.498
HSD11B1,s_ILE289,mut_s1,detail,1,54,ZZOWQPSBJUXHCA-YSPRVCGUNA-N,-8.744
HSD11B1,s_ILE289,mut_s1,detail,1,55,WDDJLHOUFWSQSV-UHFFFAOYNA-N,-9.053
HSD11B1,s_ILE289,mut_s1,detail,1,56,UKLIIGXGTPSYBF-IBCWCQIKNA-N,-8.502
HSD11B1,s_ILE289,mut_s1,detail,1,57,LNPOBRXJZYGQMS-MOHJPFBDNA-N,-8.498
HSD11B1,s_ILE289,mut_s1,detail,1,58,FYILBFPPKIZBTO-UHFFFAOYNA-N,-7.342
HSD11B1,s_ILE289,mut_s1,detail,1,59,MIKIJFODTJGFDI-LILDFLRNNA-N,-8.478
HSD11B1,s_ILE289,mut_s1,detail,1,60,RUWCNSLWWCWTSU-LILDFLRNNA-N,-10.081
HSD11B1,s_ILE289,mut_s1,detail,1,61,KLQWCHKIQJHYIB-UHFFFAOYNA-N,-10.008
HSD11B1,s_ILE289,mut_s1,detail,1,62,QKAWGENQCGFAOE-NPVYFSBINA-N,-8.743
HSD11B1,s_ILE289,mut_s1,detail,1,63,KGOKCBRZBBEYBE-MMRXBHCZNA-N,-10.109
HSD11B1,s_ILE289,mut_s1,detail,1,64,ROFRXCLSWKEWTN-UHFFFAOYNA-N,-8.324
HSD11B1,s_ILE289,mut_s1,detail,1,65,AKRMJNKLSCBEME-FPYGCLRLNA-N,-7.759
HSD11B1,s_ILE289,mut_s1,detail,1,66,LCGJUJZLLYTYIF-XMFFZCEENA-N,-8.767
HSD11B1,s_ILE289,mut_s1,detail,1,67,FREQNFSEYLEFOI-QRCVEOAVNA-N,-8.803
HSD11B1,s_ILE289,mut_s1,detail,1,68,MHMINAYLMNBGSM-UHFFFAOYNA-N,-8.039
HSD11B1,s_ILE289,mut_s1,detail,1,69,SYMNTBHEGHFZMV-UHFFFAOYNA-N,-8.164
HSD11B1,s_ILE289,mut_s1,detail,1,70,NNCRWGMPCGSKOO-LILDFLRNNA-N,-8.133
HSD11B1,s_ILE289,mut_s1,detail,1,71,ZCRRNCCNJMRGFI-UHFFFAOYNA-N,-10.06
HSD11B1,s_ILE289,mut_s1,detail,1,72,PYVZEIBGEUQNQQ-UHFFFAOYNA-N,-10.203
HSD11B1,s_ILE289,mut_s1,detail,1,73,OROJQWVRCGJACT-XBTAAFKLNA-N,-9.73
HSD11B1,s_ILE289,mut_s1,detail,1,74,TXYUWXKCUDOUGU-JLGFQASFNA-N,-7.638
HSD11B1,s_ILE289,mut_s1,detail,1,75,LAZANALODSEDSE-UHFFFAOYNA-N,-8.71
HSD11B1,s_ILE289,mut_s1,detail,1,76,RJXCYVJLXGRCHK-UHFFFAOYNA-N,-10.418
HSD11B1,s_ILE289,mut_s1,detail,1,77,FUSKIBWHJAWEFI-IEJAXPBYNA-N,-8.758
HSD11B1,s_ILE289,mut_s1,detail,1,78,SGWVLOCBQLQWQV-UHFFFAOYNA-N,-9.03
HSD11B1,s_ILE289,mut_s1,detail,1,79,PPXRQTYXLZCDAZ-QWOVJGMINA-N,-9.729
HSD11B1,s_ILE289,mut_s1,detail,1,80,DIFBADFWLVYFHV-LELJVTLKNA-N,-9.052
HSD11B1,s_ILE289,mut_s1,detail,1,81,XREOSEVJCQGCHE-MHPMNMKGNA-N,-9.776
HSD11B1,s_ILE289,mut_s1,detail,1,82,ZHGPKHBXSKWZEQ-UHFFFAOYNA-N,-9.463
HSD11B1,s_ILE289,mut_s1,detail,1,83,ZFAYPJJNPSNAFK-UHFFFAOYNA-N,-9.44
HSD11B1,s_ILE289,mut_s1,detail,1,84,LTXMRAGWIDQTQT-MYUTVWBTNA-N,-10.194
HSD11B1,s_ILE289,mut_s1,detail,1,85,VXQHYHSSGLOALC-SPEPDGBUNA-N,-9.828
HSD11B1,s_ILE289,mut_s1,detail,1,86,KWDSFRAWCISROF-PJQSKVNONA-N,-9.502
HSD11B1,s_ILE289,mut_s1,detail,1,87,ZJZXSQPHUQUHIV-ZGZFQTMPNA-N,-10.573
HSD11B1,s_ILE289,mut_s1,detail,1,88,UYHIVPBYFWVWEJ-UHFFFAOYNA-N,-10.398
HSD11B1,s_ILE289,mut_s1,detail,1,89,PLEFJSUCKRWHBY-LNNLXFCONA-N,-7.897
HSD11B1,s_ILE289,mut_s1,detail,1,90,DNSRQCRQLKJUCC-PDJAEHLQNA-N,-9.522
HSD11B1,s_ILE289,mut_s1,detail,1,91,PHYKZCBUNVYJNH-YDBXFXKPNA-N,-8.173
HSD11B1,s_ILE289,mut_s1,detail,1,92,OOUHZBUAVKCDGA-UHFFFAOYNA-N,-9.976
HSD11B1,s_ILE289,mut_s1,detail,1,93,UUQDFZFJDFMLHW-UHFFFAOYNA-N,-8.267
HSD11B1,s_ILE289,mut_s1,detail,1,94,OOUDDHNLDLLUOL-SKKVRFOWNA-N,-10.078
HSD11B1,s_ILE289,mut_s1,detail,1,95,ZDMQSUAMTLXUTE-MPIMZMORNA-N,-9.712
HSD11B1,s_ILE289,mut_s1,detail,1,96,NMPLPABDEKPABN-UHFFFAOYNA-N,-10.165
HSD11B1,s_ILE289,mut_s1,detail,1,97,INZRHGSVWGRHBM-NPVYFSBINA-N,-10.506
HSD11B1,s_ILE289,mut_s1,detail,1,98,RVGCWMKVTAEQIH-LNNLXFCONA-N,-9.774
HSD11B1,s_ILE289,mut_s1,detail,1,99,VRXWKRQOVMZBAF-LJQANCHMNA-N,-8.212
HSD11B1,s_ILE289,mut_s1,detail,1,100,QACLWOIBBYOHQP-UYBDAZJANA-N,-8.621
HSD11B1,s_ILE289,mut_s1,detail,1,101,ZNXSZVFPCBIELQ-LNNLXFCONA-N,-9.046
HSD11B1,s_ILE289,mut_s1,detail,1,102,GKMWCCNMKRSQHR-VEKUMTKDNA-N,-9.441
HSD11B1,s_ILE289,mut_s1,detail,1,103,FFGUSRSMWFYKGK-SKKVRFOWNA-N,-9.158
HSD11B1,s_ILE289,mut_s1,detail,1,104,KXBDDGKXLZBLOM-SPEPDGBUNA-N,-9.143
HSD11B1,s_ILE289,mut_s1,detail,1,105,MIUWULAZCXYTJW-MSHHZIMBNA-N,-10.055
HSD11B1,s_ILE289,mut_s1,detail,1,106,JPZOYWVRFLZCIC-NJNXFGOHNA-N,-10.776
HSD11B1,s_ILE289,mut_s1,detail,1,107,FAIQTLBYDVKBAB-DVIAZDKANA-N,-9.134
HSD11B1,s_ILE289,mut_s1,detail,1,108,APFLRZZAOXCNAZ-UHFFFAOYNA-N,-8.99
HSD11B1,s_ILE289,mut_s1,detail,1,109,BSQLDSQTGOZBFD-UHFFFAOYNA-N,-9.309
HSD11B1,s_ILE289,mut_s1,detail,1,110,ZVVCFJXCDATSCC-UHFFFAOYNA-N,-9.514
HSD11B1,s_ILE289,mut_s1,detail,1,111,SKEQTXZATFWVMB-UYBDAZJANA-N,-7.189
HSD11B1,s_ILE289,mut_s1,detail,1,112,IATWYRHDJKMBQK-MPIMZMORNA-N,-9.01
HSD11B1,s_ILE289,mut_s1,detail,1,113,JPWOEQDCUZCWKT-MPIMZMORNA-N,-7.795
HSD11B1,s_ILE289,mut_s1,detail,1,114,RYHSAXRBHDHPPK-PKSOQXRJNA-N,-8.222
HSD11B1,s_ILE289,mut_s1,detail,1,115,GKKJWUFVZJJFPG-MPIMZMORNA-N,-9.773
HSD11B1,s_ILE289,mut_s1,detail,1,116,FDNZXFDUCINVLY-BDGWVKIONA-N,-8.353
HSD11B1,s_ILE289,mut_s1,detail,1,117,KTBYKHKWIFIFAK-UHFFFAOYNA-N,-10.748
HSD11B1,s_ILE289,mut_s1,detail,1,118,ZRXZEWGUECXTTQ-LQFNOIFHNA-N,-8.817
HSD11B1,s_ILE289,mut_s1,detail,1,119,XNACBBGLIAJNJM-PECIQRARNA-N,-8.899
HSD11B1,s_ILE289,mut_s1,detail,1,120,WQZYYJRVBIQUGH-YWZOXAELNA-N,-8.085
HSD11B1,s_ILE289,mut_s1,detail,1,121,ABMSRNRLDZVJFV-SWUIVHNENA-N,-9.946
HSD11B1,s_ILE289,mut_s1,detail,1,122,ZEACBIUBSOLEGW-QAITUMOCNA-N,-10.537
HSD11B1,s_ILE289,mut_s1,detail,1,123,UBFCDXVLKFOOGL-OKPOJWAQNA-N,-9.982
HSD11B1,s_ILE289,mut_s1,detail,1,124,RRIHVAFUFDANEX-NSJMMFDCNA-N,-8.355
HSD11B1,s_ILE289,mut_s1,detail,1,125,HASIAUWPWKTSBW-SREBMQDQNA-N,-7.746
HSD11B1,s_ILE289,mut_s1,detail,1,126,WHBCKYHTCHCHAY-LQFNOIFHNA-N,-9.925
HSD11B1,s_ILE289,mut_s1,detail,1,127,XMAYWYJOQHXEEK-JYFHCDHNNA-N,-10.047
HSD11B1,s_ILE289,mut_s1,detail,1,128,TVKCFCZANTZCSU-OYRHEFFENA-N,-9.247
HSD11B1,s_ILE289,mut_s1,detail,1,129,OJFIIUWPOHBVMH-LNNLXFCONA-N,-8.587
HSD11B1,s_ILE289,mut_s1,detail,1,130,DKLZMGFTGWKNCD-DIRLUKLVNA-N,-9.697
HSD11B1,s_ILE289,mut_s1,detail,1,131,PYSLGWZFRQWTDD-PWIKPTQSNA-N,-10.314
HSD11B1,s_ILE289,mut_s1,detail,1,132,MWMBIUUYBQWKJX-QTUCRYGENA-N,-9.311
HSD11B1,s_ILE289,mut_s1,detail,1,133,FLYQFCXTEFTSQN-UHFFFAOYNA-N,-8.089
HSD11B1,s_ILE289,mut_s1,detail,1,134,PBIBDSDWIMZYDT-WBWGZOKWNA-N,-8.05
HSD11B1,s_ILE289,mut_s1,detail,1,135,GSRWMFGBDLHGBU-YEFLILRRNA-N,-8.59
HSD11B1,s_ILE289,mut_s1,detail,1,136,AYIJJQHMZAEQKE-QDAGQJSJNA-N,-8.308
HSD11B1,s_ILE289,mut_s1,detail,1,137,JVWTZUKPDMRNDC-FSAKADSPNA-N,-9.607
HSD11B1,s_ILE289,mut_s1,detail,1,138,XAZPLOLSRXZDBO-LBZABMTDNA-N,-8.703
HSD11B1,s_ILE289,mut_s1,detail,1,139,RGWVFJBNHCWCTL-CFEGKOCINA-N,-9.416
HSD11B1,s_ILE289,mut_s1,detail,1,140,YYWNRQZCPIMCAK-UHFFFAOYNA-N,-9.803
HSD11B1,s_ILE289,mut_s1,detail,1,141,PBTZDKNKXRSZPM-XBXBPLPCNA-N,-8.925
HSD11B1,s_ILE289,mut_s1,detail,1,142,QQPOIMHFFPBDQM-LELJVTLKNA-N,-7.386
HSD11B1,s_ILE289,mut_s1,detail,1,143,NYFQURFFDGCBCB-MAQJPOOANA-N,-8.777
HSD11B1,s_ILE289,mut_s1,detail,1,144,HXZVHWHABLBWBS-MTTPVDACNA-N,-8.859
HSD11B1,s_ILE289,mut_s1,detail,1,145,IWYYSOJWYLZKLK-LELJVTLKNA-N,-8.756
HSD11B1,s_ILE289,mut_s1,detail,1,146,HOGUCNPGZXMBGW-UHFFFAOYNA-N,-8.565
HSD11B1,s_ILE289,mut_s1,detail,1,147,VITUDJAVASFPKN-DUFUIDNCNA-N,-8.085
HSD11B1,s_ILE289,mut_s1,detail,1,148,IXAHDCRYEUYPBG-SCXYCHFONA-N,-8.415
HSD11B1,s_ILE289,mut_s1,detail,1,149,JWHMEKMLAZQDNS-OZMOGHDGNA-N,-8.574
HSD11B1,s_ILE289,mut_s1,detail,1,150,BZWNBTIJLRHNDZ-LBOYIXSDNA-N,-8.649
HSD11B1,s_ILE289,mut_s1,detail,1,151,RECYROBESYRUML-UHFFFAOYNA-N,-6.839
HSD11B1,s_ILE289,mut_s1,detail,1,152,MLDSJJJLQRZNKW-UHBIVWOUNA-N,-9.649
HSD11B1,s_ILE289,mut_s1,detail,1,153,XTWIHJARHCYNFX-PHXLCVRDNA-N,-8.475
HSD11B1,s_ILE289,mut_s1,detail,1,154,UQGFETVWTRDGKJ-UHFFFAOYNA-N,-6.739
HSD11B1,s_ILE289,mut_s1,detail,1,155,VJFSMDWEMFOWDK-CYSPOYASNA-N,-7.576
HSD11B1,s_ILE289,mut_s1,detail,1,156,NZYLXYBIWNIAGH-CYSPOYASNA-N,-10.218
HSD11B1,s_ILE289,mut_s1,detail,1,157,ODXCWFOKLBJQNP-MPIMZMORNA-N,-8.715
HSD11B1,s_ILE289,mut_s1,detail,1,158,FVDNMAPPDSKXKQ-UHFFFAOYNA-N,-9.715
HSD11B1,s_ILE289,mut_s1,detail,1,159,DOPWMPRIRWTOOD-CCHPKIMANA-N,-7.458
HSD11B1,s_ILE177,mut_s1,detail,1,0,URVMSYHISUZXNH-UYBDAZJANA-N,-8.706
HSD11B1,s_ILE177,mut_s1,detail,1,1,KXRPCFINVWWFHQ-UHFFFAOYNA-N,-5.653
HSD11B1,s_ILE177,mut_s1,detail,1,2,NICJTSHRYBTHAS-YHMJCDSINA-N,-7.569
HSD11B1,s_ILE177,mut_s1,detail,1,3,SWRZVDTZHDWPDS-AWIDAIFANA-N,-9.597
HSD11B1,s_ILE177,mut_s1,detail,1,4,RKNSLLSUFWWYCA-UHFFFAOYNA-N,-9.278
HSD11B1,s_ILE177,mut_s1,detail,1,5,OZFSIKFTRRUDES-RIYZIHGNNA-N,-6.733
HSD11B1,s_ILE177,mut_s1,detail,1,6,AAGGUCRASUJPPN-UHFFFAOYNA-N,-8.652
HSD11B1,s_ILE177,mut_s1,detail,1,7,OYHXDPMAFYHDNG-YAQRNVERNA-N,-7.793
HSD11B1,s_ILE177,mut_s1,detail,1,8,AWILWAIEQYZUEQ-UHFFFAOYNA-N,-7.35
HSD11B1,s_ILE177,mut_s1,detail,1,9,WSFAXHLMQUUHQT-VMPITWQZNA-N,-7.894
HSD11B1,s_ILE177,mut_s1,detail,1,10,WPHMTVNOXKBZKN-UHFFFAOYNA-N,-6.83
HSD11B1,s_ILE177,mut_s1,detail,1,11,LPEIZNODGHDCCW-UHFFFAOYNA-N,-7.967
HSD11B1,s_ILE177,mut_s1,detail,1,12,QQHWWDVSRWOHEP-LILDFLRNNA-N,-8.885
HSD11B1,s_ILE177,mut_s1,detail,1,13,UMEVSSPGBFVQNC-UHFFFAOYNA-N,-6.509
HSD11B1,s_ILE177,mut_s1,detail,1,14,VZDIOEKWWZRNQN-UHFFFAOYNA-N,-9.09
HSD11B1,s_ILE177,mut_s1,detail,1,15,JEVLDOUORFAHRS-NDKGDYFDNA-N,-7.756
HSD11B1,s_ILE177,mut_s1,detail,1,16,NFTGJNJRMWUBPG-GPQMBLKYNA-N,-7.588
HSD11B1,s_ILE177,mut_s1,detail,1,17,UMUUTEZBWGDVDA-UHFFFAOYNA-N,-7.67
HSD11B1,s_ILE177,mut_s1,detail,1,18,VLQKEPLNPGYNDJ-HCKMINDGNA-N,-8.475
HSD11B1,s_ILE177,mut_s1,detail,1,19,PPMVTAATPZLMJM-CDDDEJBQNA-N,-9.36
HSD11B1,s_ILE177,mut_s1,detail,1,20,AHLYFAKLKLMESK-YAQRNVERNA-N,-7.595
HSD11B1,s_ILE177,mut_s1,detail,1,21,GYEJYLAGVWRSIM-KGJHZMDYNA-N,-8.085
HSD11B1,s_ILE177,mut_s1,detail,1,22,RXVALSLAUOIYLW-UHFFFAOYNA-N,-8.094
HSD11B1,s_ILE177,mut_s1,detail,1,23,NSELYIFATLFDOZ-JLGFQASFNA-N,-8.13
HSD11B1,s_ILE177,mut_s1,detail,1,24,COQFBYACOHFCEC-UHFFFAOYNA-N,-8.268
HSD11B1,s_ILE177,mut_s1,detail,1,25,CJGJXFCLDYQBFQ-YJGXKCCXNA-N,-8.536
HSD11B1,s_ILE177,mut_s1,detail,1,26,BWNGRRJLFYHENY-INIZCTEONA-N,-7.55
HSD11B1,s_ILE177,mut_s1,detail,1,27,BNRFXWSJKVJVOF-UYBDAZJANA-N,-8.532
HSD11B1,s_ILE177,mut_s1,detail,1,28,DMULMZBZVBBWBY-PJZINPJWNA-N,-9.075
HSD11B1,s_ILE177,mut_s1,detail,1,29,AXLAIGJGNKHDPO-UHFFFAOYNA-N,-7.583
HSD11B1,s_ILE177,mut_s1,detail,1,30,RKDGAONZEPYEBT-WXRBYKJCNA-N,-7.228
HSD11B1,s_ILE177,mut_s1,detail,1,31,MBOYDUZSCSNUQL-MBBDSNKKNA-N,-7.653
HSD11B1,s_ILE177,mut_s1,detail,1,32,KPVDBHRTXOFQDK-YAQRNVERNA-N,-7.05
HSD11B1,s_ILE177,mut_s1,detail,1,33,LVCNFMYUKISBSB-VJSNTGQMNA-N,-7.593
HSD11B1,s_ILE177,mut_s1,detail,1,34,XLAHCIRKLMJUQC-DZQCGVKKNA-N,-8.849
HSD11B1,s_ILE177,mut_s1,detail,1,35,QNYHDABGLCBJOE-SHHGZXMVNA-N,-9.443
HSD11B1,s_ILE177,mut_s1,detail,1,36,HEKNRISBWSPMOG-OWTLIXCDNA-N,-7.602
HSD11B1,s_ILE177,mut_s1,detail,1,37,VIRNXCRLEVZXNX-LILDFLRNNA-N,-9.652
HSD11B1,s_ILE177,mut_s1,detail,1,38,SRTGERSEXJGDMR-UHFFFAOYNA-N,-7.31
HSD11B1,s_ILE177,mut_s1,detail,1,39,ZGMGSSRLZJYOKH-WXRBYKJCNA-N,-7.36
HSD11B1,s_ILE177,mut_s1,detail,1,40,VGYFDFRFGHHCDA-CUTUCBJDNA-N,-9.442
HSD11B1,s_ILE177,mut_s1,detail,1,41,DILPMLYWQJPNLO-HCKMINDGNA-N,-8.937
HSD11B1,s_ILE177,mut_s1,detail,1,42,RSOODJIGEVJLMK-LQFNOIFHNA-N,-10.106
HSD11B1,s_ILE177,mut_s1,detail,1,43,OWHHWMUAYBIQPR-UHFFFAOYNA-N,-9.511
HSD11B1,s_ILE177,mut_s1,detail,1,44,KPIKMVZJKZDOFC-UHFFFAOYNA-N,-9.964
HSD11B1,s_ILE177,mut_s1,detail,1,45,DIKDKRUREJXLMR-DPMTXJEANA-N,-8.916
HSD11B1,s_ILE177,mut_s1,detail,1,46,QRVJDPKQHAVBDK-UYBDAZJANA-N,-7.837
HSD11B1,s_ILE177,mut_s1,detail,1,47,SGBSFKSDPWOALT-UYBDAZJANA-N,-9.273
HSD11B1,s_ILE177,mut_s1,detail,1,48,CYHFRNFVZWVHCG-OTJKMEOQNA-N,-8.43
HSD11B1,s_ILE177,mut_s1,detail,1,49,MJUDQDHXCQONOA-MPIMZMORNA-N,-8.84
HSD11B1,s_ILE177,mut_s1,detail,1,50,RNVYRNLUUYNQAS-PKSOQXRJNA-N,-7.879
HSD11B1,s_ILE177,mut_s1,detail,1,51,DLZXOZYETDVJEB-QWOVJGMINA-N,-7.898
HSD11B1,s_ILE177,mut_s1,detail,1,52,HSICVZRDGBJSEL-GPQMBLKYNA-N,-8.48
HSD11B1,s_ILE177,mut_s1,detail,1,53,HMRUHHFLIMYEAF-QNGOCPJXNA-N,-7.577
HSD11B1,s_ILE177,mut_s1,detail,1,54,ZZOWQPSBJUXHCA-YSPRVCGUNA-N,-8.603
HSD11B1,s_ILE177,mut_s1,detail,1,55,WDDJLHOUFWSQSV-UHFFFAOYNA-N,-9.018
HSD11B1,s_ILE177,mut_s1,detail,1,56,UKLIIGXGTPSYBF-IBCWCQIKNA-N,-8.83
HSD11B1,s_ILE177,mut_s1,detail,1,57,LNPOBRXJZYGQMS-MOHJPFBDNA-N,-8.683
HSD11B1,s_ILE177,mut_s1,detail,1,58,FYILBFPPKIZBTO-UHFFFAOYNA-N,-7.525
HSD11B1,s_ILE177,mut_s1,detail,1,59,MIKIJFODTJGFDI-LILDFLRNNA-N,-8.248
HSD11B1,s_ILE177,mut_s1,detail,1,60,RUWCNSLWWCWTSU-LILDFLRNNA-N,-10.065
HSD11B1,s_ILE177,mut_s1,detail,1,61,KLQWCHKIQJHYIB-UHFFFAOYNA-N,-10.057
HSD11B1,s_ILE177,mut_s1,detail,1,62,QKAWGENQCGFAOE-NPVYFSBINA-N,-8.641
HSD11B1,s_ILE177,mut_s1,detail,1,63,KGOKCBRZBBEYBE-MMRXBHCZNA-N,-10.086
HSD11B1,s_ILE177,mut_s1,detail,1,64,ROFRXCLSWKEWTN-UHFFFAOYNA-N,-8.361
HSD11B1,s_ILE177,mut_s1,detail,1,65,AKRMJNKLSCBEME-FPYGCLRLNA-N,-7.96
HSD11B1,s_ILE177,mut_s1,detail,1,66,LCGJUJZLLYTYIF-XMFFZCEENA-N,-8.701
HSD11B1,s_ILE177,mut_s1,detail,1,67,FREQNFSEYLEFOI-QRCVEOAVNA-N,-9.008
HSD11B1,s_ILE177,mut_s1,detail,1,68,MHMINAYLMNBGSM-UHFFFAOYNA-N,-8.062
HSD11B1,s_ILE177,mut_s1,detail,1,69,SYMNTBHEGHFZMV-UHFFFAOYNA-N,-8.673
HSD11B1,s_ILE177,mut_s1,detail,1,70,NNCRWGMPCGSKOO-LILDFLRNNA-N,-8.329
HSD11B1,s_ILE177,mut_s1,detail,1,71,ZCRRNCCNJMRGFI-UHFFFAOYNA-N,-9.981
HSD11B1,s_ILE177,mut_s1,detail,1,72,PYVZEIBGEUQNQQ-UHFFFAOYNA-N,-10.217
HSD11B1,s_ILE177,mut_s1,detail,1,73,OROJQWVRCGJACT-XBTAAFKLNA-N,-9.725
HSD11B1,s_ILE177,mut_s1,detail,1,74,TXYUWXKCUDOUGU-JLGFQASFNA-N,-7.803
HSD11B1,s_ILE177,mut_s1,detail,1,75,LAZANALODSEDSE-UHFFFAOYNA-N,-8.586
HSD11B1,s_ILE177,mut_s1,detail,1,76,RJXCYVJLXGRCHK-UHFFFAOYNA-N,-10.539
HSD11B1,s_ILE177,mut_s1,detail,1,77,FUSKIBWHJAWEFI-IEJAXPBYNA-N,-8.84
HSD11B1,s_ILE177,mut_s1,detail,1,78,SGWVLOCBQLQWQV-UHFFFAOYNA-N,-9.036
HSD11B1,s_ILE177,mut_s1,detail,1,79,PPXRQTYXLZCDAZ-QWOVJGMINA-N,-9.561
HSD11B1,s_ILE177,mut_s1,detail,1,80,DIFBADFWLVYFHV-LELJVTLKNA-N,-9.392
HSD11B1,s_ILE177,mut_s1,detail,1,81,XREOSEVJCQGCHE-MHPMNMKGNA-N,-9.822
HSD11B1,s_ILE177,mut_s1,detail,1,82,ZHGPKHBXSKWZEQ-UHFFFAOYNA-N,-9.401
HSD11B1,s_ILE177,mut_s1,detail,1,83,ZFAYPJJNPSNAFK-UHFFFAOYNA-N,-9.414
HSD11B1,s_ILE177,mut_s1,detail,1,84,LTXMRAGWIDQTQT-MYUTVWBTNA-N,-10.246
HSD11B1,s_ILE177,mut_s1,detail,1,85,VXQHYHSSGLOALC-SPEPDGBUNA-N,-9.849
HSD11B1,s_ILE177,mut_s1,detail,1,86,KWDSFRAWCISROF-PJQSKVNONA-N,-9.649
HSD11B1,s_ILE177,mut_s1,detail,1,87,ZJZXSQPHUQUHIV-ZGZFQTMPNA-N,-10.669
HSD11B1,s_ILE177,mut_s1,detail,1,88,UYHIVPBYFWVWEJ-UHFFFAOYNA-N,-10.392
HSD11B1,s_ILE177,mut_s1,detail,1,89,PLEFJSUCKRWHBY-LNNLXFCONA-N,-8.056
HSD11B1,s_ILE177,mut_s1,detail,1,90,DNSRQCRQLKJUCC-PDJAEHLQNA-N,-9.47
HSD11B1,s_ILE177,mut_s1,detail,1,91,PHYKZCBUNVYJNH-YDBXFXKPNA-N,-7.673
HSD11B1,s_ILE177,mut_s1,detail,1,92,OOUHZBUAVKCDGA-UHFFFAOYNA-N,-9.871
HSD11B1,s_ILE177,mut_s1,detail,1,93,UUQDFZFJDFMLHW-UHFFFAOYNA-N,-8.21
HSD11B1,s_ILE177,mut_s1,detail,1,94,OOUDDHNLDLLUOL-SKKVRFOWNA-N,-9.957
HSD11B1,s_ILE177,mut_s1,detail,1,95,ZDMQSUAMTLXUTE-MPIMZMORNA-N,-9.948
HSD11B1,s_ILE177,mut_s1,detail,1,96,NMPLPABDEKPABN-UHFFFAOYNA-N,-9.755
HSD11B1,s_ILE177,mut_s1,detail,1,97,INZRHGSVWGRHBM-NPVYFSBINA-N,-10.155
HSD11B1,s_ILE177,mut_s1,detail,1,98,RVGCWMKVTAEQIH-LNNLXFCONA-N,-9.953
HSD11B1,s_ILE177,mut_s1,detail,1,99,VRXWKRQOVMZBAF-LJQANCHMNA-N,-8.233
HSD11B1,s_ILE177,mut_s1,detail,1,100,QACLWOIBBYOHQP-UYBDAZJANA-N,-8.591
HSD11B1,s_ILE177,mut_s1,detail,1,101,ZNXSZVFPCBIELQ-LNNLXFCONA-N,-8.491
HSD11B1,s_ILE177,mut_s1,detail,1,102,GKMWCCNMKRSQHR-VEKUMTKDNA-N,-9.417
HSD11B1,s_ILE177,mut_s1,detail,1,103,FFGUSRSMWFYKGK-SKKVRFOWNA-N,-9.231
HSD11B1,s_ILE177,mut_s1,detail,1,104,KXBDDGKXLZBLOM-SPEPDGBUNA-N,-9.187
HSD11B1,s_ILE177,mut_s1,detail,1,105,MIUWULAZCXYTJW-MSHHZIMBNA-N,-10.125
HSD11B1,s_ILE177,mut_s1,detail,1,106,JPZOYWVRFLZCIC-NJNXFGOHNA-N,-10.784
HSD11B1,s_ILE177,mut_s1,detail,1,107,FAIQTLBYDVKBAB-DVIAZDKANA-N,-8.882
HSD11B1,s_ILE177,mut_s1,detail,1,108,APFLRZZAOXCNAZ-UHFFFAOYNA-N,-8.811
HSD11B1,s_ILE177,mut_s1,detail,1,109,BSQLDSQTGOZBFD-UHFFFAOYNA-N,-9.031
HSD11B1,s_ILE177,mut_s1,detail,1,110,ZVVCFJXCDATSCC-UHFFFAOYNA-N,-9.072
HSD11B1,s_ILE177,mut_s1,detail,1,111,SKEQTXZATFWVMB-UYBDAZJANA-N,-7.419
HSD11B1,s_ILE177,mut_s1,detail,1,112,IATWYRHDJKMBQK-MPIMZMORNA-N,-8.638
HSD11B1,s_ILE177,mut_s1,detail,1,113,JPWOEQDCUZCWKT-MPIMZMORNA-N,-7.983
HSD11B1,s_ILE177,mut_s1,detail,1,114,RYHSAXRBHDHPPK-PKSOQXRJNA-N,-8.253
HSD11B1,s_ILE177,mut_s1,detail,1,115,GKKJWUFVZJJFPG-MPIMZMORNA-N,-9.744
HSD11B1,s_ILE177,mut_s1,detail,1,116,FDNZXFDUCINVLY-BDGWVKIONA-N,-8.284
HSD11B1,s_ILE177,mut_s1,detail,1,117,KTBYKHKWIFIFAK-UHFFFAOYNA-N,-10.778
HSD11B1,s_ILE177,mut_s1,detail,1,118,ZRXZEWGUECXTTQ-LQFNOIFHNA-N,-8.777
HSD11B1,s_ILE177,mut_s1,detail,1,119,XNACBBGLIAJNJM-PECIQRARNA-N,-8.646
HSD11B1,s_ILE177,mut_s1,detail,1,120,WQZYYJRVBIQUGH-YWZOXAELNA-N,-7.879
HSD11B1,s_ILE177,mut_s1,detail,1,121,ABMSRNRLDZVJFV-SWUIVHNENA-N,-10.008
HSD11B1,s_ILE177,mut_s1,detail,1,122,ZEACBIUBSOLEGW-QAITUMOCNA-N,-10.226
HSD11B1,s_ILE177,mut_s1,detail,1,123,UBFCDXVLKFOOGL-OKPOJWAQNA-N,-9.79
HSD11B1,s_ILE177,mut_s1,detail,1,124,RRIHVAFUFDANEX-NSJMMFDCNA-N,-8.498
HSD11B1,s_ILE177,mut_s1,detail,1,125,HASIAUWPWKTSBW-SREBMQDQNA-N,-7.395
HSD11B1,s_ILE177,mut_s1,detail,1,126,WHBCKYHTCHCHAY-LQFNOIFHNA-N,-9.337
HSD11B1,s_ILE177,mut_s1,detail,1,127,XMAYWYJOQHXEEK-JYFHCDHNNA-N,-9.701
HSD11B1,s_ILE177,mut_s1,detail,1,128,TVKCFCZANTZCSU-OYRHEFFENA-N,-9.141
HSD11B1,s_ILE177,mut_s1,detail,1,129,OJFIIUWPOHBVMH-LNNLXFCONA-N,-8.669
HSD11B1,s_ILE177,mut_s1,detail,1,130,DKLZMGFTGWKNCD-DIRLUKLVNA-N,-10.275
HSD11B1,s_ILE177,mut_s1,detail,1,131,PYSLGWZFRQWTDD-PWIKPTQSNA-N,-10.293
HSD11B1,s_ILE177,mut_s1,detail,1,132,MWMBIUUYBQWKJX-QTUCRYGENA-N,-9.803
HSD11B1,s_ILE177,mut_s1,detail,1,133,FLYQFCXTEFTSQN-UHFFFAOYNA-N,-8.706
HSD11B1,s_ILE177,mut_s1,detail,1,134,PBIBDSDWIMZYDT-WBWGZOKWNA-N,-8.447
HSD11B1,s_ILE177,mut_s1,detail,1,135,GSRWMFGBDLHGBU-YEFLILRRNA-N,-7.886
HSD11B1,s_ILE177,mut_s1,detail,1,136,AYIJJQHMZAEQKE-QDAGQJSJNA-N,-7.962
HSD11B1,s_ILE177,mut_s1,detail,1,137,JVWTZUKPDMRNDC-FSAKADSPNA-N,-9.701
HSD11B1,s_ILE177,mut_s1,detail,1,138,XAZPLOLSRXZDBO-LBZABMTDNA-N,-8.007
HSD11B1,s_ILE177,mut_s1,detail,1,139,RGWVFJBNHCWCTL-CFEGKOCINA-N,-8.642
HSD11B1,s_ILE177,mut_s1,detail,1,140,YYWNRQZCPIMCAK-UHFFFAOYNA-N,-9.297
HSD11B1,s_ILE177,mut_s1,detail,1,141,PBTZDKNKXRSZPM-XBXBPLPCNA-N,-9.033
HSD11B1,s_ILE177,mut_s1,detail,1,142,QQPOIMHFFPBDQM-LELJVTLKNA-N,-7.369
HSD11B1,s_ILE177,mut_s1,detail,1,143,NYFQURFFDGCBCB-MAQJPOOANA-N,-8.7
HSD11B1,s_ILE177,mut_s1,detail,1,144,HXZVHWHABLBWBS-MTTPVDACNA-N,-8.119
HSD11B1,s_ILE177,mut_s1,detail,1,145,IWYYSOJWYLZKLK-LELJVTLKNA-N,-8.833
HSD11B1,s_ILE177,mut_s1,detail,1,146,HOGUCNPGZXMBGW-UHFFFAOYNA-N,-8.593
HSD11B1,s_ILE177,mut_s1,detail,1,147,VITUDJAVASFPKN-DUFUIDNCNA-N,-7.394
HSD11B1,s_ILE177,mut_s1,detail,1,148,IXAHDCRYEUYPBG-SCXYCHFONA-N,-8.469
HSD11B1,s_ILE177,mut_s1,detail,1,149,JWHMEKMLAZQDNS-OZMOGHDGNA-N,-8.073
HSD11B1,s_ILE177,mut_s1,detail,1,150,BZWNBTIJLRHNDZ-LBOYIXSDNA-N,-9.235
HSD11B1,s_ILE177,mut_s1,detail,1,151,RECYROBESYRUML-UHFFFAOYNA-N,-8.133
HSD11B1,s_ILE177,mut_s1,detail,1,152,MLDSJJJLQRZNKW-UHBIVWOUNA-N,-10.548
HSD11B1,s_ILE177,mut_s1,detail,1,153,XTWIHJARHCYNFX-PHXLCVRDNA-N,-8.826
HSD11B1,s_ILE177,mut_s1,detail,1,154,UQGFETVWTRDGKJ-UHFFFAOYNA-N,-6.243
HSD11B1,s_ILE177,mut_s1,detail,1,155,VJFSMDWEMFOWDK-CYSPOYASNA-N,-8.176
HSD11B1,s_ILE177,mut_s1,detail,1,156,NZYLXYBIWNIAGH-CYSPOYASNA-N,-8.707
HSD11B1,s_ILE177,mut_s1,detail,1,157,ODXCWFOKLBJQNP-MPIMZMORNA-N,-9.266
HSD11B1,s_ILE177,mut_s1,detail,1,158,FVDNMAPPDSKXKQ-UHFFFAOYNA-N,-9.392
HSD11B1,s_ILE177,mut_s1,detail,1,159,DOPWMPRIRWTOOD-CCHPKIMANA-N,-7.58
HSD11B1,s_VAL418,mut_s1,detail,1,0,URVMSYHISUZXNH-UYBDAZJANA-N,-8.694
HSD11B1,s_VAL418,mut_s1,detail,1,1,KXRPCFINVWWFHQ-UHFFFAOYNA-N,-5.794
HSD11B1,s_VAL418,mut_s1,detail,1,2,NICJTSHRYBTHAS-YHMJCDSINA-N,-7.554
HSD11B1,s_VAL418,mut_s1,detail,1,3,SWRZVDTZHDWPDS-AWIDAIFANA-N,-9.62
HSD11B1,s_VAL418,mut_s1,detail,1,4,RKNSLLSUFWWYCA-UHFFFAOYNA-N,-9.256
HSD11B1,s_VAL418,mut_s1,detail,1,5,OZFSIKFTRRUDES-RIYZIHGNNA-N,-6.794
HSD11B1,s_VAL418,mut_s1,detail,1,6,AAGGUCRASUJPPN-UHFFFAOYNA-N,-8.586
HSD11B1,s_VAL418,mut_s1,detail,1,7,OYHXDPMAFYHDNG-YAQRNVERNA-N,-8.132
HSD11B1,s_VAL418,mut_s1,detail,1,8,AWILWAIEQYZUEQ-UHFFFAOYNA-N,-7.031
HSD11B1,s_VAL418,mut_s1,detail,1,9,WSFAXHLMQUUHQT-VMPITWQZNA-N,-7.964
HSD11B1,s_VAL418,mut_s1,detail,1,10,WPHMTVNOXKBZKN-UHFFFAOYNA-N,-6.93
HSD11B1,s_VAL418,mut_s1,detail,1,11,LPEIZNODGHDCCW-UHFFFAOYNA-N,-7.95
HSD11B1,s_VAL418,mut_s1,detail,1,12,QQHWWDVSRWOHEP-LILDFLRNNA-N,-8.753
HSD11B1,s_VAL418,mut_s1,detail,1,13,UMEVSSPGBFVQNC-UHFFFAOYNA-N,-6.412
HSD11B1,s_VAL418,mut_s1,detail,1,14,VZDIOEKWWZRNQN-UHFFFAOYNA-N,-9.066
HSD11B1,s_VAL418,mut_s1,detail,1,15,JEVLDOUORFAHRS-NDKGDYFDNA-N,-7.745
HSD11B1,s_VAL418,mut_s1,detail,1,16,NFTGJNJRMWUBPG-GPQMBLKYNA-N,-7.589
HSD11B1,s_VAL418,mut_s1,detail,1,17,UMUUTEZBWGDVDA-UHFFFAOYNA-N,-7.657
HSD11B1,s_VAL418,mut_s1,detail,1,18,VLQKEPLNPGYNDJ-HCKMINDGNA-N,-8.486
HSD11B1,s_VAL418,mut_s1,detail,1,19,PPMVTAATPZLMJM-CDDDEJBQNA-N,-9.341
HSD11B1,s_VAL418,mut_s1,detail,1,20,AHLYFAKLKLMESK-YAQRNVERNA-N,-8.011
HSD11B1,s_VAL418,mut_s1,detail,1,21,GYEJYLAGVWRSIM-KGJHZMDYNA-N,-7.985
HSD11B1,s_VAL418,mut_s1,detail,1,22,RXVALSLAUOIYLW-UHFFFAOYNA-N,-8.08
HSD11B1,s_VAL418,mut_s1,detail,1,23,NSELYIFATLFDOZ-JLGFQASFNA-N,-8.073
HSD11B1,s_VAL418,mut_s1,detail,1,24,COQFBYACOHFCEC-UHFFFAOYNA-N,-8.278
HSD11B1,s_VAL418,mut_s1,detail,1,25,CJGJXFCLDYQBFQ-YJGXKCCXNA-N,-8.569
HSD11B1,s_VAL418,mut_s1,detail,1,26,BWNGRRJLFYHENY-INIZCTEONA-N,-7.526
HSD11B1,s_VAL418,mut_s1,detail,1,27,BNRFXWSJKVJVOF-UYBDAZJANA-N,-8.866
HSD11B1,s_VAL418,mut_s1,detail,1,28,DMULMZBZVBBWBY-PJZINPJWNA-N,-9.045
HSD11B1,s_VAL418,mut_s1,detail,1,29,AXLAIGJGNKHDPO-UHFFFAOYNA-N,-7.341
HSD11B1,s_VAL418,mut_s1,detail,1,30,RKDGAONZEPYEBT-WXRBYKJCNA-N,-7.111
HSD11B1,s_VAL418,mut_s1,detail,1,31,MBOYDUZSCSNUQL-MBBDSNKKNA-N,-7.775
HSD11B1,s_VAL418,mut_s1,detail,1,32,KPVDBHRTXOFQDK-YAQRNVERNA-N,-6.607
HSD11B1,s_VAL418,mut_s1,detail,1,33,LVCNFMYUKISBSB-VJSNTGQMNA-N,-7.584
HSD11B1,s_VAL418,mut_s1,detail,1,34,XLAHCIRKLMJUQC-DZQCGVKKNA-N,-8.809
HSD11B1,s_VAL418,mut_s1,detail,1,35,QNYHDABGLCBJOE-SHHGZXMVNA-N,-9.473
HSD11B1,s_VAL418,mut_s1,detail,1,36,HEKNRISBWSPMOG-OWTLIXCDNA-N,-7.601
HSD11B1,s_VAL418,mut_s1,detail,1,37,VIRNXCRLEVZXNX-LILDFLRNNA-N,-9.621
HSD11B1,s_VAL418,mut_s1,detail,1,38,SRTGERSEXJGDMR-UHFFFAOYNA-N,-6.983
HSD11B1,s_VAL418,mut_s1,detail,1,39,ZGMGSSRLZJYOKH-WXRBYKJCNA-N,-7.051
HSD11B1,s_VAL418,mut_s1,detail,1,40,VGYFDFRFGHHCDA-CUTUCBJDNA-N,-9.507
HSD11B1,s_VAL418,mut_s1,detail,1,41,DILPMLYWQJPNLO-HCKMINDGNA-N,-8.995
HSD11B1,s_VAL418,mut_s1,detail,1,42,RSOODJIGEVJLMK-LQFNOIFHNA-N,-10.119
HSD11B1,s_VAL418,mut_s1,detail,1,43,OWHHWMUAYBIQPR-UHFFFAOYNA-N,-9.334
HSD11B1,s_VAL418,mut_s1,detail,1,44,KPIKMVZJKZDOFC-UHFFFAOYNA-N,-9.757
HSD11B1,s_VAL418,mut_s1,detail,1,45,DIKDKRUREJXLMR-DPMTXJEANA-N,-8.955
HSD11B1,s_VAL418,mut_s1,detail,1,46,QRVJDPKQHAVBDK-UYBDAZJANA-N,-7.914
HSD11B1,s_VAL418,mut_s1,detail,1,47,SGBSFKSDPWOALT-UYBDAZJANA-N,-9.074
HSD11B1,s_VAL418,mut_s1,detail,1,48,CYHFRNFVZWVHCG-OTJKMEOQNA-N,-8.546
HSD11B1,s_VAL418,mut_s1,detail,1,49,MJUDQDHXCQONOA-MPIMZMORNA-N,-8.671
HSD11B1,s_VAL418,mut_s1,detail,1,50,RNVYRNLUUYNQAS-PKSOQXRJNA-N,-7.877
HSD11B1,s_VAL418,mut_s1,detail,1,51,DLZXOZYETDVJEB-QWOVJGMINA-N,-7.463
HSD11B1,s_VAL418,mut_s1,detail,1,52,HSICVZRDGBJSEL-GPQMBLKYNA-N,-8.392
HSD11B1,s_VAL418,mut_s1,detail,1,53,HMRUHHFLIMYEAF-QNGOCPJXNA-N,-7.681
HSD11B1,s_VAL418,mut_s1,detail,1,54,ZZOWQPSBJUXHCA-YSPRVCGUNA-N,-8.632
HSD11B1,s_VAL418,mut_s1,detail,1,55,WDDJLHOUFWSQSV-UHFFFAOYNA-N,-9.025
HSD11B1,s_VAL418,mut_s1,detail,1,56,UKLIIGXGTPSYBF-IBCWCQIKNA-N,-8.509
HSD11B1,s_VAL418,mut_s1,detail,1,57,LNPOBRXJZYGQMS-MOHJPFBDNA-N,-8.687
HSD11B1,s_VAL418,mut_s1,detail,1,58,FYILBFPPKIZBTO-UHFFFAOYNA-N,-7.54
HSD11B1,s_VAL418,mut_s1,detail,1,59,MIKIJFODTJGFDI-LILDFLRNNA-N,-8.638
HSD11B1,s_VAL418,mut_s1,detail,1,60,RUWCNSLWWCWTSU-LILDFLRNNA-N,-10.058
HSD11B1,s_VAL418,mut_s1,detail,1,61,KLQWCHKIQJHYIB-UHFFFAOYNA-N,-10.185
HSD11B1,s_VAL418,mut_s1,detail,1,62,QKAWGENQCGFAOE-NPVYFSBINA-N,-8.231
HSD11B1,s_VAL418,mut_s1,detail,1,63,KGOKCBRZBBEYBE-MMRXBHCZNA-N,-10.095
HSD11B1,s_VAL418,mut_s1,detail,1,64,ROFRXCLSWKEWTN-UHFFFAOYNA-N,-8.279
HSD11B1,s_VAL418,mut_s1,detail,1,65,AKRMJNKLSCBEME-FPYGCLRLNA-N,-8.141
HSD11B1,s_VAL418,mut_s1,detail,1,66,LCGJUJZLLYTYIF-XMFFZCEENA-N,-8.79
HSD11B1,s_VAL418,mut_s1,detail,1,67,FREQNFSEYLEFOI-QRCVEOAVNA-N,-8.612
HSD11B1,s_VAL418,mut_s1,detail,1,68,MHMINAYLMNBGSM-UHFFFAOYNA-N,-7.891
HSD11B1,s_VAL418,mut_s1,detail,1,69,SYMNTBHEGHFZMV-UHFFFAOYNA-N,-8.143
HSD11B1,s_VAL418,mut_s1,detail,1,70,NNCRWGMPCGSKOO-LILDFLRNNA-N,-8.018
HSD11B1,s_VAL418,mut_s1,detail,1,71,ZCRRNCCNJMRGFI-UHFFFAOYNA-N,-10.203
HSD11B1,s_VAL418,mut_s1,detail,1,72,PYVZEIBGEUQNQQ-UHFFFAOYNA-N,-10.14
HSD11B1,s_VAL418,mut_s1,detail,1,73,OROJQWVRCGJACT-XBTAAFKLNA-N,-9.719
HSD11B1,s_VAL418,mut_s1,detail,1,74,TXYUWXKCUDOUGU-JLGFQASFNA-N,-7.622
HSD11B1,s_VAL418,mut_s1,detail,1,75,LAZANALODSEDSE-UHFFFAOYNA-N,-8.716
HSD11B1,s_VAL418,mut_s1,detail,1,76,RJXCYVJLXGRCHK-UHFFFAOYNA-N,-10.497
HSD11B1,s_VAL418,mut_s1,detail,1,77,FUSKIBWHJAWEFI-IEJAXPBYNA-N,-8.653
HSD11B1,s_VAL418,mut_s1,detail,1,78,SGWVLOCBQLQWQV-UHFFFAOYNA-N,-9.066
HSD11B1,s_VAL418,mut_s1,detail,1,79,PPXRQTYXLZCDAZ-QWOVJGMINA-N,-9.746
HSD11B1,s_VAL418,mut_s1,detail,1,80,DIFBADFWLVYFHV-LELJVTLKNA-N,-9.117
HSD11B1,s_VAL418,mut_s1,detail,1,81,XREOSEVJCQGCHE-MHPMNMKGNA-N,-9.904
HSD11B1,s_VAL418,mut_s1,detail,1,82,ZHGPKHBXSKWZEQ-UHFFFAOYNA-N,-9.395
HSD11B1,s_VAL418,mut_s1,detail,1,83,ZFAYPJJNPSNAFK-UHFFFAOYNA-N,-9.428
HSD11B1,s_VAL418,mut_s1,detail,1,84,LTXMRAGWIDQTQT-MYUTVWBTNA-N,-10.184
HSD11B1,s_VAL418,mut_s1,detail,1,85,VXQHYHSSGLOALC-SPEPDGBUNA-N,-9.812
HSD11B1,s_VAL418,mut_s1,detail,1,86,KWDSFRAWCISROF-PJQSKVNONA-N,-9.439
HSD11B1,s_VAL418,mut_s1,detail,1,87,ZJZXSQPHUQUHIV-ZGZFQTMPNA-N,-10.709
HSD11B1,s_VAL418,mut_s1,detail,1,88,UYHIVPBYFWVWEJ-UHFFFAOYNA-N,-10.403
HSD11B1,s_VAL418,mut_s1,detail,1,89,PLEFJSUCKRWHBY-LNNLXFCONA-N,-7.68
HSD11B1,s_VAL418,mut_s1,detail,1,90,DNSRQCRQLKJUCC-PDJAEHLQNA-N,-9.649
HSD11B1,s_VAL418,mut_s1,detail,1,91,PHYKZCBUNVYJNH-YDBXFXKPNA-N,-8.229
HSD11B1,s_VAL418,mut_s1,detail,1,92,OOUHZBUAVKCDGA-UHFFFAOYNA-N,-10.008
HSD11B1,s_VAL418,mut_s1,detail,1,93,UUQDFZFJDFMLHW-UHFFFAOYNA-N,-8.195
HSD11B1,s_VAL418,mut_s1,detail,1,94,OOUDDHNLDLLUOL-SKKVRFOWNA-N,-9.721
HSD11B1,s_VAL418,mut_s1,detail,1,95,ZDMQSUAMTLXUTE-MPIMZMORNA-N,-9.95
HSD11B1,s_VAL418,mut_s1,detail,1,96,NMPLPABDEKPABN-UHFFFAOYNA-N,-9.735
HSD11B1,s_VAL418,mut_s1,detail,1,97,INZRHGSVWGRHBM-NPVYFSBINA-N,-10.597
HSD11B1,s_VAL418,mut_s1,detail,1,98,RVGCWMKVTAEQIH-LNNLXFCONA-N,-9.909
HSD11B1,s_VAL418,mut_s1,detail,1,99,VRXWKRQOVMZBAF-LJQANCHMNA-N,-8.275
HSD11B1,s_VAL418,mut_s1,detail,1,100,QACLWOIBBYOHQP-UYBDAZJANA-N,-8.952
HSD11B1,s_VAL418,mut_s1,detail,1,101,ZNXSZVFPCBIELQ-LNNLXFCONA-N,-8.999
HSD11B1,s_VAL418,mut_s1,detail,1,102,GKMWCCNMKRSQHR-VEKUMTKDNA-N,-9.444
HSD11B1,s_VAL418,mut_s1,detail,1,103,FFGUSRSMWFYKGK-SKKVRFOWNA-N,-9.401
HSD11B1,s_VAL418,mut_s1,detail,1,104,KXBDDGKXLZBLOM-SPEPDGBUNA-N,-9.466
HSD11B1,s_VAL418,mut_s1,detail,1,105,MIUWULAZCXYTJW-MSHHZIMBNA-N,-9.925
HSD11B1,s_VAL418,mut_s1,detail,1,106,JPZOYWVRFLZCIC-NJNXFGOHNA-N,-10.767
HSD11B1,s_VAL418,mut_s1,detail,1,107,FAIQTLBYDVKBAB-DVIAZDKANA-N,-9.125
HSD11B1,s_VAL418,mut_s1,detail,1,108,APFLRZZAOXCNAZ-UHFFFAOYNA-N,-9.005
HSD11B1,s_VAL418,mut_s1,detail,1,109,BSQLDSQTGOZBFD-UHFFFAOYNA-N,-9.35
HSD11B1,s_VAL418,mut_s1,detail,1,110,ZVVCFJXCDATSCC-UHFFFAOYNA-N,-9.189
HSD11B1,s_VAL418,mut_s1,detail,1,111,SKEQTXZATFWVMB-UYBDAZJANA-N,-7.232
HSD11B1,s_VAL418,mut_s1,detail,1,112,IATWYRHDJKMBQK-MPIMZMORNA-N,-8.904
HSD11B1,s_VAL418,mut_s1,detail,1,113,JPWOEQDCUZCWKT-MPIMZMORNA-N,-7.904
HSD11B1,s_VAL418,mut_s1,detail,1,114,RYHSAXRBHDHPPK-PKSOQXRJNA-N,-7.875
HSD11B1,s_VAL418,mut_s1,detail,1,115,GKKJWUFVZJJFPG-MPIMZMORNA-N,-9.64
HSD11B1,s_VAL418,mut_s1,detail,1,116,FDNZXFDUCINVLY-BDGWVKIONA-N,-8.429
HSD11B1,s_VAL418,mut_s1,detail,1,117,KTBYKHKWIFIFAK-UHFFFAOYNA-N,-10.708
HSD11B1,s_VAL418,mut_s1,detail,1,118,ZRXZEWGUECXTTQ-LQFNOIFHNA-N,-8.653
HSD11B1,s_VAL418,mut_s1,detail,1,119,XNACBBGLIAJNJM-PECIQRARNA-N,-8.402
HSD11B1,s_VAL418,mut_s1,detail,1,120,WQZYYJRVBIQUGH-YWZOXAELNA-N,-8.252
HSD11B1,s_VAL418,mut_s1,detail,1,121,ABMSRNRLDZVJFV-SWUIVHNENA-N,-9.931
HSD11B1,s_VAL418,mut_s1,detail,1,122,ZEACBIUBSOLEGW-QAITUMOCNA-N,-10.504
HSD11B1,s_VAL418,mut_s1,detail,1,123,UBFCDXVLKFOOGL-OKPOJWAQNA-N,-9.771
HSD11B1,s_VAL418,mut_s1,detail,1,124,RRIHVAFUFDANEX-NSJMMFDCNA-N,-8.341
HSD11B1,s_VAL418,mut_s1,detail,1,125,HASIAUWPWKTSBW-SREBMQDQNA-N,-7.764
HSD11B1,s_VAL418,mut_s1,detail,1,126,WHBCKYHTCHCHAY-LQFNOIFHNA-N,-9.444
HSD11B1,s_VAL418,mut_s1,detail,1,127,XMAYWYJOQHXEEK-JYFHCDHNNA-N,-9.908
HSD11B1,s_VAL418,mut_s1,detail,1,128,TVKCFCZANTZCSU-OYRHEFFENA-N,-9.159
HSD11B1,s_VAL418,mut_s1,detail,1,129,OJFIIUWPOHBVMH-LNNLXFCONA-N,-8.676
HSD11B1,s_VAL418,mut_s1,detail,1,130,DKLZMGFTGWKNCD-DIRLUKLVNA-N,-9.973
HSD11B1,s_VAL418,mut_s1,detail,1,131,PYSLGWZFRQWTDD-PWIKPTQSNA-N,-10.349
HSD11B1,s_VAL418,mut_s1,detail,1,132,MWMBIUUYBQWKJX-QTUCRYGENA-N,-8.767
HSD11B1,s_VAL418,mut_s1,detail,1,133,FLYQFCXTEFTSQN-UHFFFAOYNA-N,-8.775
HSD11B1,s_VAL418,mut_s1,detail,1,134,PBIBDSDWIMZYDT-WBWGZOKWNA-N,-8.317
HSD11B1,s_VAL418,mut_s1,detail,1,135,GSRWMFGBDLHGBU-YEFLILRRNA-N,-8.341
HSD11B1,s_VAL418,mut_s1,detail,1,136,AYIJJQHMZAEQKE-QDAGQJSJNA-N,-7.729
HSD11B1,s_VAL418,mut_s1,detail,1,137,JVWTZUKPDMRNDC-FSAKADSPNA-N,-9.703
HSD11B1,s_VAL418,mut_s1,detail,1,138,XAZPLOLSRXZDBO-LBZABMTDNA-N,-9.423
HSD11B1,s_VAL418,mut_s1,detail,1,139,RGWVFJBNHCWCTL-CFEGKOCINA-N,-9.209
HSD11B1,s_VAL418,mut_s1,detail,1,140,YYWNRQZCPIMCAK-UHFFFAOYNA-N,-9.738
HSD11B1,s_VAL418,mut_s1,detail,1,141,PBTZDKNKXRSZPM-XBXBPLPCNA-N,-9.272
HSD11B1,s_VAL418,mut_s1,detail,1,142,QQPOIMHFFPBDQM-LELJVTLKNA-N,-7.692
HSD11B1,s_VAL418,mut_s1,detail,1,143,NYFQURFFDGCBCB-MAQJPOOANA-N,-8.842
HSD11B1,s_VAL418,mut_s1,detail,1,144,HXZVHWHABLBWBS-MTTPVDACNA-N,-9.012
HSD11B1,s_VAL418,mut_s1,detail,1,145,IWYYSOJWYLZKLK-LELJVTLKNA-N,-8.801
HSD11B1,s_VAL418,mut_s1,detail,1,146,HOGUCNPGZXMBGW-UHFFFAOYNA-N,-8.607
HSD11B1,s_VAL418,mut_s1,detail,1,147,VITUDJAVASFPKN-DUFUIDNCNA-N,-7.936
HSD11B1,s_VAL418,mut_s1,detail,1,148,IXAHDCRYEUYPBG-SCXYCHFONA-N,-8.658
HSD11B1,s_VAL418,mut_s1,detail,1,149,JWHMEKMLAZQDNS-OZMOGHDGNA-N,-8.214
HSD11B1,s_VAL418,mut_s1,detail,1,150,BZWNBTIJLRHNDZ-LBOYIXSDNA-N,-9.77
HSD11B1,s_VAL418,mut_s1,detail,1,151,RECYROBESYRUML-UHFFFAOYNA-N,-7.719
HSD11B1,s_VAL418,mut_s1,detail,1,152,MLDSJJJLQRZNKW-UHBIVWOUNA-N,-10.463
HSD11B1,s_VAL418,mut_s1,detail,1,153,XTWIHJARHCYNFX-PHXLCVRDNA-N,-9.145
HSD11B1,s_VAL418,mut_s1,detail,1,154,UQGFETVWTRDGKJ-UHFFFAOYNA-N,-5.871
HSD11B1,s_VAL418,mut_s1,detail,1,155,VJFSMDWEMFOWDK-CYSPOYASNA-N,-7.575
HSD11B1,s_VAL418,mut_s1,detail,1,156,NZYLXYBIWNIAGH-CYSPOYASNA-N,-9.138
HSD11B1,s_VAL418,mut_s1,detail,1,157,ODXCWFOKLBJQNP-MPIMZMORNA-N,-8.924
HSD11B1,s_VAL418,mut_s1,detail,1,158,FVDNMAPPDSKXKQ-UHFFFAOYNA-N,-9.722
HSD11B1,s_VAL418,mut_s1,detail,1,159,DOPWMPRIRWTOOD-CCHPKIMANA-N,-7.82
HSD11B1,f_LEU297,mut_s1,detail,1,0,URVMSYHISUZXNH-UYBDAZJANA-N,-8.7
HSD11B1,f_LEU297,mut_s1,detail,1,1,KXRPCFINVWWFHQ-UHFFFAOYNA-N,-5.656
HSD11B1,f_LEU297,mut_s1,detail,1,2,NICJTSHRYBTHAS-YHMJCDSINA-N,-7.521
HSD11B1,f_LEU297,mut_s1,detail,1,3,SWRZVDTZHDWPDS-AWIDAIFANA-N,-9.264
HSD11B1,f_LEU297,mut_s1,detail,1,4,RKNSLLSUFWWYCA-UHFFFAOYNA-N,-9.25
HSD11B1,f_LEU297,mut_s1,detail,1,5,OZFSIKFTRRUDES-RIYZIHGNNA-N,-6.76
HSD11B1,f_LEU297,mut_s1,detail,1,6,AAGGUCRASUJPPN-UHFFFAOYNA-N,-8.693
HSD11B1,f_LEU297,mut_s1,detail,1,7,OYHXDPMAFYHDNG-YAQRNVERNA-N,-7.987
HSD11B1,f_LEU297,mut_s1,detail,1,8,AWILWAIEQYZUEQ-UHFFFAOYNA-N,-7.475
HSD11B1,f_LEU297,mut_s1,detail,1,9,WSFAXHLMQUUHQT-VMPITWQZNA-N,-7.988
HSD11B1,f_LEU297,mut_s1,detail,1,10,WPHMTVNOXKBZKN-UHFFFAOYNA-N,-6.929
HSD11B1,f_LEU297,mut_s1,detail,1,11,LPEIZNODGHDCCW-UHFFFAOYNA-N,-7.928
HSD11B1,f_LEU297,mut_s1,detail,1,12,QQHWWDVSRWOHEP-LILDFLRNNA-N,-8.811
HSD11B1,f_LEU297,mut_s1,detail,1,13,UMEVSSPGBFVQNC-UHFFFAOYNA-N,-6.426
HSD11B1,f_LEU297,mut_s1,detail,1,14,VZDIOEKWWZRNQN-UHFFFAOYNA-N,-9.004
HSD11B1,f_LEU297,mut_s1,detail,1,15,JEVLDOUORFAHRS-NDKGDYFDNA-N,-7.752
HSD11B1,f_LEU297,mut_s1,detail,1,16,NFTGJNJRMWUBPG-GPQMBLKYNA-N,-7.725
HSD11B1,f_LEU297,mut_s1,detail,1,17,UMUUTEZBWGDVDA-UHFFFAOYNA-N,-7.67
HSD11B1,f_LEU297,mut_s1,detail,1,18,VLQKEPLNPGYNDJ-HCKMINDGNA-N,-8.553
HSD11B1,f_LEU297,mut_s1,detail,1,19,PPMVTAATPZLMJM-CDDDEJBQNA-N,-9.084
HSD11B1,f_LEU297,mut_s1,detail,1,20,AHLYFAKLKLMESK-YAQRNVERNA-N,-8.092
HSD11B1,f_LEU297,mut_s1,detail,1,21,GYEJYLAGVWRSIM-KGJHZMDYNA-N,-8.019
HSD11B1,f_LEU297,mut_s1,detail,1,22,RXVALSLAUOIYLW-UHFFFAOYNA-N,-8.425
HSD11B1,f_LEU297,mut_s1,detail,1,23,NSELYIFATLFDOZ-JLGFQASFNA-N,-8.425
HSD11B1,f_LEU297,mut_s1,detail,1,24,COQFBYACOHFCEC-UHFFFAOYNA-N,-8.195
HSD11B1,f_LEU297,mut_s1,detail,1,25,CJGJXFCLDYQBFQ-YJGXKCCXNA-N,-8.605
HSD11B1,f_LEU297,mut_s1,detail,1,26,BWNGRRJLFYHENY-INIZCTEONA-N,-7.536
HSD11B1,f_LEU297,mut_s1,detail,1,27,BNRFXWSJKVJVOF-UYBDAZJANA-N,-9.101
HSD11B1,f_LEU297,mut_s1,detail,1,28,DMULMZBZVBBWBY-PJZINPJWNA-N,-9.037
HSD11B1,f_LEU297,mut_s1,detail,1,29,AXLAIGJGNKHDPO-UHFFFAOYNA-N,-7.719
HSD11B1,f_LEU297,mut_s1,detail,1,30,RKDGAONZEPYEBT-WXRBYKJCNA-N,-7.241
HSD11B1,f_LEU297,mut_s1,detail,1,31,MBOYDUZSCSNUQL-MBBDSNKKNA-N,-7.797
HSD11B1,f_LEU297,mut_s1,detail,1,32,KPVDBHRTXOFQDK-YAQRNVERNA-N,-6.803
HSD11B1,f_LEU297,mut_s1,detail,1,33,LVCNFMYUKISBSB-VJSNTGQMNA-N,-7.534
HSD11B1,f_LEU297,mut_s1,detail,1,34,XLAHCIRKLMJUQC-DZQCGVKKNA-N,-8.871
HSD11B1,f_LEU297,mut_s1,detail,1,35,QNYHDABGLCBJOE-SHHGZXMVNA-N,-9.397
HSD11B1,f_LEU297,mut_s1,detail,1,36,HEKNRISBWSPMOG-OWTLIXCDNA-N,-7.623
HSD11B1,f_LEU297,mut_s1,detail,1,37,VIRNXCRLEVZXNX-LILDFLRNNA-N,-9.628
HSD11B1,f_LEU297,mut_s1,detail,1,38,SRTGERSEXJGDMR-UHFFFAOYNA-N,-7.103
HSD11B1,f_LEU297,mut_s1,detail,1,39,ZGMGSSRLZJYOKH-WXRBYKJCNA-N,-7.211
HSD11B1,f_LEU297,mut_s1,detail,1,40,VGYFDFRFGHHCDA-CUTUCBJDNA-N,-9.241
HSD11B1,f_LEU297,mut_s1,detail,1,41,DILPMLYWQJPNLO-HCKMINDGNA-N,-9.042
HSD11B1,f_LEU297,mut_s1,detail,1,42,RSOODJIGEVJLMK-LQFNOIFHNA-N,-10.148
HSD11B1,f_LEU297,mut_s1,detail,1,43,OWHHWMUAYBIQPR-UHFFFAOYNA-N,-9.282
HSD11B1,f_LEU297,mut_s1,detail,1,44,KPIKMVZJKZDOFC-UHFFFAOYNA-N,-9.997
HSD11B1,f_LEU297,mut_s1,detail,1,45,DIKDKRUREJXLMR-DPMTXJEANA-N,-8.853
HSD11B1,f_LEU297,mut_s1,detail,1,46,QRVJDPKQHAVBDK-UYBDAZJANA-N,-7.843
HSD11B1,f_LEU297,mut_s1,detail,1,47,SGBSFKSDPWOALT-UYBDAZJANA-N,-9.181
HSD11B1,f_LEU297,mut_s1,detail,1,48,CYHFRNFVZWVHCG-OTJKMEOQNA-N,-8.457
HSD11B1,f_LEU297,mut_s1,detail,1,49,MJUDQDHXCQONOA-MPIMZMORNA-N,-8.726
HSD11B1,f_LEU297,mut_s1,detail,1,50,RNVYRNLUUYNQAS-PKSOQXRJNA-N,-8.434
HSD11B1,f_LEU297,mut_s1,detail,1,51,DLZXOZYETDVJEB-QWOVJGMINA-N,-7.687
HSD11B1,f_LEU297,mut_s1,detail,1,52,HSICVZRDGBJSEL-GPQMBLKYNA-N,-8.416
HSD11B1,f_LEU297,mut_s1,detail,1,53,HMRUHHFLIMYEAF-QNGOCPJXNA-N,-7.567
HSD11B1,f_LEU297,mut_s1,detail,1,54,ZZOWQPSBJUXHCA-YSPRVCGUNA-N,-8.607
HSD11B1,f_LEU297,mut_s1,detail,1,55,WDDJLHOUFWSQSV-UHFFFAOYNA-N,-8.939
HSD11B1,f_LEU297,mut_s1,detail,1,56,UKLIIGXGTPSYBF-IBCWCQIKNA-N,-8.748
HSD11B1,f_LEU297,mut_s1,detail,1,57,LNPOBRXJZYGQMS-MOHJPFBDNA-N,-8.766
HSD11B1,f_LEU297,mut_s1,detail,1,58,FYILBFPPKIZBTO-UHFFFAOYNA-N,-7.434
HSD11B1,f_LEU297,mut_s1,detail,1,59,MIKIJFODTJGFDI-LILDFLRNNA-N,-8.224
HSD11B1,f_LEU297,mut_s1,detail,1,60,RUWCNSLWWCWTSU-LILDFLRNNA-N,-10.059
HSD11B1,f_LEU297,mut_s1,detail,1,61,KLQWCHKIQJHYIB-UHFFFAOYNA-N,-10.055
HSD11B1,f_LEU297,mut_s1,detail,1,62,QKAWGENQCGFAOE-NPVYFSBINA-N,-8.22
HSD11B1,f_LEU297,mut_s1,detail,1,63,KGOKCBRZBBEYBE-MMRXBHCZNA-N,-10.14
HSD11B1,f_LEU297,mut_s1,detail,1,64,ROFRXCLSWKEWTN-UHFFFAOYNA-N,-8.323
HSD11B1,f_LEU297,mut_s1,detail,1,65,AKRMJNKLSCBEME-FPYGCLRLNA-N,-7.471
HSD11B1,f_LEU297,mut_s1,detail,1,66,LCGJUJZLLYTYIF-XMFFZCEENA-N,-8.766
HSD11B1,f_LEU297,mut_s1,detail,1,67,FREQNFSEYLEFOI-QRCVEOAVNA-N,-8.637
HSD11B1,f_LEU297,mut_s1,detail,1,68,MHMINAYLMNBGSM-UHFFFAOYNA-N,-8.085
HSD11B1,f_LEU297,mut_s1,detail,1,69,SYMNTBHEGHFZMV-UHFFFAOYNA-N,-8.129
HSD11B1,f_LEU297,mut_s1,detail,1,70,NNCRWGMPCGSKOO-LILDFLRNNA-N,-8.263
HSD11B1,f_LEU297,mut_s1,detail,1,71,ZCRRNCCNJMRGFI-UHFFFAOYNA-N,-10.208
HSD11B1,f_LEU297,mut_s1,detail,1,72,PYVZEIBGEUQNQQ-UHFFFAOYNA-N,-9.79
HSD11B1,f_LEU297,mut_s1,detail,1,73,OROJQWVRCGJACT-XBTAAFKLNA-N,-9.719
HSD11B1,f_LEU297,mut_s1,detail,1,74,TXYUWXKCUDOUGU-JLGFQASFNA-N,-7.673
HSD11B1,f_LEU297,mut_s1,detail,1,75,LAZANALODSEDSE-UHFFFAOYNA-N,-8.562
HSD11B1,f_LEU297,mut_s1,detail,1,76,RJXCYVJLXGRCHK-UHFFFAOYNA-N,-10.439
HSD11B1,f_LEU297,mut_s1,detail,1,77,FUSKIBWHJAWEFI-IEJAXPBYNA-N,-8.765
HSD11B1,f_LEU297,mut_s1,detail,1,78,SGWVLOCBQLQWQV-UHFFFAOYNA-N,-9.017
HSD11B1,f_LEU297,mut_s1,detail,1,79,PPXRQTYXLZCDAZ-QWOVJGMINA-N,-9.459
HSD11B1,f_LEU297,mut_s1,detail,1,80,DIFBADFWLVYFHV-LELJVTLKNA-N,-9.349
HSD11B1,f_LEU297,mut_s1,detail,1,81,XREOSEVJCQGCHE-MHPMNMKGNA-N,-9.952
HSD11B1,f_LEU297,mut_s1,detail,1,82,ZHGPKHBXSKWZEQ-UHFFFAOYNA-N,-9.415
HSD11B1,f_LEU297,mut_s1,detail,1,83,ZFAYPJJNPSNAFK-UHFFFAOYNA-N,-9.451
HSD11B1,f_LEU297,mut_s1,detail,1,84,LTXMRAGWIDQTQT-MYUTVWBTNA-N,-10.213
HSD11B1,f_LEU297,mut_s1,detail,1,85,VXQHYHSSGLOALC-SPEPDGBUNA-N,-9.846
HSD11B1,f_LEU297,mut_s1,detail,1,86,KWDSFRAWCISROF-PJQSKVNONA-N,-9.442
HSD11B1,f_LEU297,mut_s1,detail,1,87,ZJZXSQPHUQUHIV-ZGZFQTMPNA-N,-10.876
HSD11B1,f_LEU297,mut_s1,detail,1,88,UYHIVPBYFWVWEJ-UHFFFAOYNA-N,-10.341
HSD11B1,f_LEU297,mut_s1,detail,1,89,PLEFJSUCKRWHBY-LNNLXFCONA-N,-8.066
HSD11B1,f_LEU297,mut_s1,detail,1,90,DNSRQCRQLKJUCC-PDJAEHLQNA-N,-9.516
HSD11B1,f_LEU297,mut_s1,detail,1,91,PHYKZCBUNVYJNH-YDBXFXKPNA-N,-8.572
HSD11B1,f_LEU297,mut_s1,detail,1,92,OOUHZBUAVKCDGA-UHFFFAOYNA-N,-9.956
HSD11B1,f_LEU297,mut_s1,detail,1,93,UUQDFZFJDFMLHW-UHFFFAOYNA-N,-8.211
HSD11B1,f_LEU297,mut_s1,detail,1,94,OOUDDHNLDLLUOL-SKKVRFOWNA-N,-9.985
HSD11B1,f_LEU297,mut_s1,detail,1,95,ZDMQSUAMTLXUTE-MPIMZMORNA-N,-9.944
HSD11B1,f_LEU297,mut_s1,detail,1,96,NMPLPABDEKPABN-UHFFFAOYNA-N,-9.439
HSD11B1,f_LEU297,mut_s1,detail,1,97,INZRHGSVWGRHBM-NPVYFSBINA-N,-10.106
HSD11B1,f_LEU297,mut_s1,detail,1,98,RVGCWMKVTAEQIH-LNNLXFCONA-N,-9.063
HSD11B1,f_LEU297,mut_s1,detail,1,99,VRXWKRQOVMZBAF-LJQANCHMNA-N,-8.245
HSD11B1,f_LEU297,mut_s1,detail,1,100,QACLWOIBBYOHQP-UYBDAZJANA-N,-8.644
HSD11B1,f_LEU297,mut_s1,detail,1,101,ZNXSZVFPCBIELQ-LNNLXFCONA-N,-8.617
HSD11B1,f_LEU297,mut_s1,detail,1,102,GKMWCCNMKRSQHR-VEKUMTKDNA-N,-9.38
HSD11B1,f_LEU297,mut_s1,detail,1,103,FFGUSRSMWFYKGK-SKKVRFOWNA-N,-9.233
HSD11B1,f_LEU297,mut_s1,detail,1,104,KXBDDGKXLZBLOM-SPEPDGBUNA-N,-9.46
HSD11B1,f_LEU297,mut_s1,detail,1,105,MIUWULAZCXYTJW-MSHHZIMBNA-N,-10.07
HSD11B1,f_LEU297,mut_s1,detail,1,106,JPZOYWVRFLZCIC-NJNXFGOHNA-N,-10.774
HSD11B1,f_LEU297,mut_s1,detail,1,107,FAIQTLBYDVKBAB-DVIAZDKANA-N,-9.239
HSD11B1,f_LEU297,mut_s1,detail,1,108,APFLRZZAOXCNAZ-UHFFFAOYNA-N,-8.384
HSD11B1,f_LEU297,mut_s1,detail,1,109,BSQLDSQTGOZBFD-UHFFFAOYNA-N,-9.358
HSD11B1,f_LEU297,mut_s1,detail,1,110,ZVVCFJXCDATSCC-UHFFFAOYNA-N,-9.164
HSD11B1,f_LEU297,mut_s1,detail,1,111,SKEQTXZATFWVMB-UYBDAZJANA-N,-7.328
HSD11B1,f_LEU297,mut_s1,detail,1,112,IATWYRHDJKMBQK-MPIMZMORNA-N,-8.841
HSD11B1,f_LEU297,mut_s1,detail,1,113,JPWOEQDCUZCWKT-MPIMZMORNA-N,-7.879
HSD11B1,f_LEU297,mut_s1,detail,1,114,RYHSAXRBHDHPPK-PKSOQXRJNA-N,-8.055
HSD11B1,f_LEU297,mut_s1,detail,1,115,GKKJWUFVZJJFPG-MPIMZMORNA-N,-9.315
HSD11B1,f_LEU297,mut_s1,detail,1,116,FDNZXFDUCINVLY-BDGWVKIONA-N,-8.785
HSD11B1,f_LEU297,mut_s1,detail,1,117,KTBYKHKWIFIFAK-UHFFFAOYNA-N,-10.797
HSD11B1,f_LEU297,mut_s1,detail,1,118,ZRXZEWGUECXTTQ-LQFNOIFHNA-N,-8.545
HSD11B1,f_LEU297,mut_s1,detail,1,119,XNACBBGLIAJNJM-PECIQRARNA-N,-8.844
HSD11B1,f_LEU297,mut_s1,detail,1,120,WQZYYJRVBIQUGH-YWZOXAELNA-N,-8.728
HSD11B1,f_LEU297,mut_s1,detail,1,121,ABMSRNRLDZVJFV-SWUIVHNENA-N,-9.806
HSD11B1,f_LEU297,mut_s1,detail,1,122,ZEACBIUBSOLEGW-QAITUMOCNA-N,-10.04
HSD11B1,f_LEU297,mut_s1,detail,1,123,UBFCDXVLKFOOGL-OKPOJWAQNA-N,-9.317
HSD11B1,f_LEU297,mut_s1,detail,1,124,RRIHVAFUFDANEX-NSJMMFDCNA-N,-8.261
HSD11B1,f_LEU297,mut_s1,detail,1,125,HASIAUWPWKTSBW-SREBMQDQNA-N,-8.519
HSD11B1,f_LEU297,mut_s1,detail,1,126,WHBCKYHTCHCHAY-LQFNOIFHNA-N,-9.884
HSD11B1,f_LEU297,mut_s1,detail,1,127,XMAYWYJOQHXEEK-JYFHCDHNNA-N,-10.0
HSD11B1,f_LEU297,mut_s1,detail,1,128,TVKCFCZANTZCSU-OYRHEFFENA-N,-9.144
HSD11B1,f_LEU297,mut_s1,detail,1,129,OJFIIUWPOHBVMH-LNNLXFCONA-N,-7.905
HSD11B1,f_LEU297,mut_s1,detail,1,130,DKLZMGFTGWKNCD-DIRLUKLVNA-N,-9.502
HSD11B1,f_LEU297,mut_s1,detail,1,131,PYSLGWZFRQWTDD-PWIKPTQSNA-N,-10.307
HSD11B1,f_LEU297,mut_s1,detail,1,132,MWMBIUUYBQWKJX-QTUCRYGENA-N,-9.103
HSD11B1,f_LEU297,mut_s1,detail,1,133,FLYQFCXTEFTSQN-UHFFFAOYNA-N,-8.668
HSD11B1,f_LEU297,mut_s1,detail,1,134,PBIBDSDWIMZYDT-WBWGZOKWNA-N,-8.342
HSD11B1,f_LEU297,mut_s1,detail,1,135,GSRWMFGBDLHGBU-YEFLILRRNA-N,-7.371
HSD11B1,f_LEU297,mut_s1,detail,1,136,AYIJJQHMZAEQKE-QDAGQJSJNA-N,-7.566
HSD11B1,f_LEU297,mut_s1,detail,1,137,JVWTZUKPDMRNDC-FSAKADSPNA-N,-9.702
HSD11B1,f_LEU297,mut_s1,detail,1,138,XAZPLOLSRXZDBO-LBZABMTDNA-N,-7.865
HSD11B1,f_LEU297,mut_s1,detail,1,139,RGWVFJBNHCWCTL-CFEGKOCINA-N,-8.903
HSD11B1,f_LEU297,mut_s1,detail,1,140,YYWNRQZCPIMCAK-UHFFFAOYNA-N,-9.403
HSD11B1,f_LEU297,mut_s1,detail,1,141,PBTZDKNKXRSZPM-XBXBPLPCNA-N,-9.306
HSD11B1,f_LEU297,mut_s1,detail,1,142,QQPOIMHFFPBDQM-LELJVTLKNA-N,-7.57
HSD11B1,f_LEU297,mut_s1,detail,1,143,NYFQURFFDGCBCB-MAQJPOOANA-N,-8.632
HSD11B1,f_LEU297,mut_s1,detail,1,144,HXZVHWHABLBWBS-MTTPVDACNA-N,-8.995
HSD11B1,f_LEU297,mut_s1,detail,1,145,IWYYSOJWYLZKLK-LELJVTLKNA-N,-8.937
HSD11B1,f_LEU297,mut_s1,detail,1,146,HOGUCNPGZXMBGW-UHFFFAOYNA-N,-8.318
HSD11B1,f_LEU297,mut_s1,detail,1,147,VITUDJAVASFPKN-DUFUIDNCNA-N,-7.901
HSD11B1,f_LEU297,mut_s1,detail,1,148,IXAHDCRYEUYPBG-SCXYCHFONA-N,-8.543
HSD11B1,f_LEU297,mut_s1,detail,1,149,JWHMEKMLAZQDNS-OZMOGHDGNA-N,-8.773
HSD11B1,f_LEU297,mut_s1,detail,1,150,BZWNBTIJLRHNDZ-LBOYIXSDNA-N,-9.647
HSD11B1,f_LEU297,mut_s1,detail,1,151,RECYROBESYRUML-UHFFFAOYNA-N,-8.107
HSD11B1,f_LEU297,mut_s1,detail,1,152,MLDSJJJLQRZNKW-UHBIVWOUNA-N,-10.083
HSD11B1,f_LEU297,mut_s1,detail,1,153,XTWIHJARHCYNFX-PHXLCVRDNA-N,-9.09
HSD11B1,f_LEU297,mut_s1,detail,1,154,UQGFETVWTRDGKJ-UHFFFAOYNA-N,-5.895
HSD11B1,f_LEU297,mut_s1,detail,1,155,VJFSMDWEMFOWDK-CYSPOYASNA-N,-7.581
HSD11B1,f_LEU297,mut_s1,detail,1,156,NZYLXYBIWNIAGH-CYSPOYASNA-N,-9.31
HSD11B1,f_LEU297,mut_s1,detail,1,157,ODXCWFOKLBJQNP-MPIMZMORNA-N,-9.087
HSD11B1,f_LEU297,mut_s1,detail,1,158,FVDNMAPPDSKXKQ-UHFFFAOYNA-N,-9.975
HSD11B1,f_LEU297,mut_s1,detail,1,159,DOPWMPRIRWTOOD-CCHPKIMANA-N,-8.689
HSD11B1,m00,mut_s1,detail,1,0,URVMSYHISUZXNH-UYBDAZJANA-N,-8.71
HSD11B1,m00,mut_s1,detail,1,1,KXRPCFINVWWFHQ-UHFFFAOYNA-N,-4.976
HSD11B1,m00,mut_s1,detail,1,2,NICJTSHRYBTHAS-YHMJCDSINA-N,-6.969
HSD11B1,m00,mut_s1,detail,1,3,SWRZVDTZHDWPDS-AWIDAIFANA-N,-8.934
HSD11B1,m00,mut_s1,detail,1,4,RKNSLLSUFWWYCA-UHFFFAOYNA-N,-9.102
HSD11B1,m00,mut_s1,detail,1,5,OZFSIKFTRRUDES-RIYZIHGNNA-N,-6.436
HSD11B1,m00,mut_s1,detail,1,6,AAGGUCRASUJPPN-UHFFFAOYNA-N,-7.845
HSD11B1,m00,mut_s1,detail,1,7,OYHXDPMAFYHDNG-YAQRNVERNA-N,-7.621
HSD11B1,m00,mut_s1,detail,1,8,AWILWAIEQYZUEQ-UHFFFAOYNA-N,-6.736
HSD11B1,m00,mut_s1,detail,1,9,WSFAXHLMQUUHQT-VMPITWQZNA-N,-8.015
HSD11B1,m00,mut_s1,detail,1,10,WPHMTVNOXKBZKN-UHFFFAOYNA-N,-6.915
HSD11B1,m00,mut_s1,detail,1,11,LPEIZNODGHDCCW-UHFFFAOYNA-N,-6.856
HSD11B1,m00,mut_s1,detail,1,12,QQHWWDVSRWOHEP-LILDFLRNNA-N,-8.357
HSD11B1,m00,mut_s1,detail,1,13,UMEVSSPGBFVQNC-UHFFFAOYNA-N,-5.943
HSD11B1,m00,mut_s1,detail,1,14,VZDIOEKWWZRNQN-UHFFFAOYNA-N,-8.716
HSD11B1,m00,mut_s1,detail,1,15,JEVLDOUORFAHRS-NDKGDYFDNA-N,-7.361
HSD11B1,m00,mut_s1,detail,1,16,NFTGJNJRMWUBPG-GPQMBLKYNA-N,-7.595
HSD11B1,m00,mut_s1,detail,1,17,UMUUTEZBWGDVDA-UHFFFAOYNA-N,-7.377
HSD11B1,m00,mut_s1,detail,1,18,VLQKEPLNPGYNDJ-HCKMINDGNA-N,-8.133
HSD11B1,m00,mut_s1,detail,1,19,PPMVTAATPZLMJM-CDDDEJBQNA-N,-8.668
HSD11B1,m00,mut_s1,detail,1,20,AHLYFAKLKLMESK-YAQRNVERNA-N,-7.151
HSD11B1,m00,mut_s1,detail,1,21,GYEJYLAGVWRSIM-KGJHZMDYNA-N,-7.568
HSD11B1,m00,mut_s1,detail,1,22,RXVALSLAUOIYLW-UHFFFAOYNA-N,-7.777
HSD11B1,m00,mut_s1,detail,1,23,NSELYIFATLFDOZ-JLGFQASFNA-N,-7.618
HSD11B1,m00,mut_s1,detail,1,24,COQFBYACOHFCEC-UHFFFAOYNA-N,-7.283
HSD11B1,m00,mut_s1,detail,1,25,CJGJXFCLDYQBFQ-YJGXKCCXNA-N,-8.327
HSD11B1,m00,mut_s1,detail,1,26,BWNGRRJLFYHENY-INIZCTEONA-N,-7.112
HSD11B1,m00,mut_s1,detail,1,27,BNRFXWSJKVJVOF-UYBDAZJANA-N,-7.797
HSD11B1,m00,mut_s1,detail,1,28,DMULMZBZVBBWBY-PJZINPJWNA-N,-8.8
HSD11B1,m00,mut_s1,detail,1,29,AXLAIGJGNKHDPO-UHFFFAOYNA-N,-6.735
HSD11B1,m00,mut_s1,detail,1,30,RKDGAONZEPYEBT-WXRBYKJCNA-N,-7.08
HSD11B1,m00,mut_s1,detail,1,31,MBOYDUZSCSNUQL-MBBDSNKKNA-N,-7.705
HSD11B1,m00,mut_s1,detail,1,32,KPVDBHRTXOFQDK-YAQRNVERNA-N,-6.483
HSD11B1,m00,mut_s1,detail,1,33,LVCNFMYUKISBSB-VJSNTGQMNA-N,-7.826
HSD11B1,m00,mut_s1,detail,1,34,XLAHCIRKLMJUQC-DZQCGVKKNA-N,-8.779
HSD11B1,m00,mut_s1,detail,1,35,QNYHDABGLCBJOE-SHHGZXMVNA-N,-9.058
HSD11B1,m00,mut_s1,detail,1,36,HEKNRISBWSPMOG-OWTLIXCDNA-N,-7.34
HSD11B1,m00,mut_s1,detail,1,37,VIRNXCRLEVZXNX-LILDFLRNNA-N,-9.274
HSD11B1,m00,mut_s1,detail,1,38,SRTGERSEXJGDMR-UHFFFAOYNA-N,-6.139
HSD11B1,m00,mut_s1,detail,1,39,ZGMGSSRLZJYOKH-WXRBYKJCNA-N,-6.882
HSD11B1,m00,mut_s1,detail,1,40,VGYFDFRFGHHCDA-CUTUCBJDNA-N,-9.879
HSD11B1,m00,mut_s1,detail,1,41,DILPMLYWQJPNLO-HCKMINDGNA-N,-8.824
HSD11B1,m00,mut_s1,detail,1,42,RSOODJIGEVJLMK-LQFNOIFHNA-N,-9.739
HSD11B1,m00,mut_s1,detail,1,43,OWHHWMUAYBIQPR-UHFFFAOYNA-N,-9.257
HSD11B1,m00,mut_s1,detail,1,44,KPIKMVZJKZDOFC-UHFFFAOYNA-N,-9.285
HSD11B1,m00,mut_s1,detail,1,45,DIKDKRUREJXLMR-DPMTXJEANA-N,-9.819
HSD11B1,m00,mut_s1,detail,1,46,QRVJDPKQHAVBDK-UYBDAZJANA-N,-8.227
HSD11B1,m00,mut_s1,detail,1,47,SGBSFKSDPWOALT-UYBDAZJANA-N,-8.753
HSD11B1,m00,mut_s1,detail,1,48,CYHFRNFVZWVHCG-OTJKMEOQNA-N,-8.329
HSD11B1,m00,mut_s1,detail,1,49,MJUDQDHXCQONOA-MPIMZMORNA-N,-8.089
HSD11B1,m00,mut_s1,detail,1,50,RNVYRNLUUYNQAS-PKSOQXRJNA-N,-8.385
HSD11B1,m00,mut_s1,detail,1,51,DLZXOZYETDVJEB-QWOVJGMINA-N,-7.005
HSD11B1,m00,mut_s1,detail,1,52,HSICVZRDGBJSEL-GPQMBLKYNA-N,-8.492
HSD11B1,m00,mut_s1,detail,1,53,HMRUHHFLIMYEAF-QNGOCPJXNA-N,-7.356
HSD11B1,m00,mut_s1,detail,1,54,ZZOWQPSBJUXHCA-YSPRVCGUNA-N,-9.293
HSD11B1,m00,mut_s1,detail,1,55,WDDJLHOUFWSQSV-UHFFFAOYNA-N,-9.52
HSD11B1,m00,mut_s1,detail,1,56,UKLIIGXGTPSYBF-IBCWCQIKNA-N,-8.942
HSD11B1,m00,mut_s1,detail,1,57,LNPOBRXJZYGQMS-MOHJPFBDNA-N,-9.702
HSD11B1,m00,mut_s1,detail,1,58,FYILBFPPKIZBTO-UHFFFAOYNA-N,-8.632
HSD11B1,m00,mut_s1,detail,1,59,MIKIJFODTJGFDI-LILDFLRNNA-N,-8.824
HSD11B1,m00,mut_s1,detail,1,60,RUWCNSLWWCWTSU-LILDFLRNNA-N,-9.578
HSD11B1,m00,mut_s1,detail,1,61,KLQWCHKIQJHYIB-UHFFFAOYNA-N,-9.363
HSD11B1,m00,mut_s1,detail,1,62,QKAWGENQCGFAOE-NPVYFSBINA-N,-8.866
HSD11B1,m00,mut_s1,detail,1,63,KGOKCBRZBBEYBE-MMRXBHCZNA-N,-9.537
HSD11B1,m00,mut_s1,detail,1,64,ROFRXCLSWKEWTN-UHFFFAOYNA-N,-8.024
HSD11B1,m00,mut_s1,detail,1,65,AKRMJNKLSCBEME-FPYGCLRLNA-N,-6.916
HSD11B1,m00,mut_s1,detail,1,66,LCGJUJZLLYTYIF-XMFFZCEENA-N,-8.177
HSD11B1,m00,mut_s1,detail,1,67,FREQNFSEYLEFOI-QRCVEOAVNA-N,-8.531
HSD11B1,m00,mut_s1,detail,1,68,MHMINAYLMNBGSM-UHFFFAOYNA-N,-7.875
HSD11B1,m00,mut_s1,detail,1,69,SYMNTBHEGHFZMV-UHFFFAOYNA-N,-7.681
HSD11B1,m00,mut_s1,detail,1,70,NNCRWGMPCGSKOO-LILDFLRNNA-N,-7.221
HSD11B1,m00,mut_s1,detail,1,71,ZCRRNCCNJMRGFI-UHFFFAOYNA-N,-9.432
HSD11B1,m00,mut_s1,detail,1,72,PYVZEIBGEUQNQQ-UHFFFAOYNA-N,-9.137
HSD11B1,m00,mut_s1,detail,1,73,OROJQWVRCGJACT-XBTAAFKLNA-N,-9.991
HSD11B1,m00,mut_s1,detail,1,74,TXYUWXKCUDOUGU-JLGFQASFNA-N,-7.597
HSD11B1,m00,mut_s1,detail,1,75,LAZANALODSEDSE-UHFFFAOYNA-N,-8.271
HSD11B1,m00,mut_s1,detail,1,76,RJXCYVJLXGRCHK-UHFFFAOYNA-N,-10.579
HSD11B1,m00,mut_s1,detail,1,77,FUSKIBWHJAWEFI-IEJAXPBYNA-N,-8.461
HSD11B1,m00,mut_s1,detail,1,78,SGWVLOCBQLQWQV-UHFFFAOYNA-N,-9.589
HSD11B1,m00,mut_s1,detail,1,79,PPXRQTYXLZCDAZ-QWOVJGMINA-N,-9.065
HSD11B1,m00,mut_s1,detail,1,80,DIFBADFWLVYFHV-LELJVTLKNA-N,-9.97
HSD11B1,m00,mut_s1,detail,1,81,XREOSEVJCQGCHE-MHPMNMKGNA-N,-10.073
HSD11B1,m00,mut_s1,detail,1,82,ZHGPKHBXSKWZEQ-UHFFFAOYNA-N,-9.986
HSD11B1,m00,mut_s1,detail,1,83,ZFAYPJJNPSNAFK-UHFFFAOYNA-N,-10.237
HSD11B1,m00,mut_s1,detail,1,84,LTXMRAGWIDQTQT-MYUTVWBTNA-N,-10.131
HSD11B1,m00,mut_s1,detail,1,85,VXQHYHSSGLOALC-SPEPDGBUNA-N,-10.552
HSD11B1,m00,mut_s1,detail,1,86,KWDSFRAWCISROF-PJQSKVNONA-N,-10.224
HSD11B1,m00,mut_s1,detail,1,87,ZJZXSQPHUQUHIV-ZGZFQTMPNA-N,-10.632
HSD11B1,m00,mut_s1,detail,1,88,UYHIVPBYFWVWEJ-UHFFFAOYNA-N,-10.938
HSD11B1,m00,mut_s1,detail,1,89,PLEFJSUCKRWHBY-LNNLXFCONA-N,-9.439
HSD11B1,m00,mut_s1,detail,1,90,DNSRQCRQLKJUCC-PDJAEHLQNA-N,-9.941
HSD11B1,m00,mut_s1,detail,1,91,PHYKZCBUNVYJNH-YDBXFXKPNA-N,-8.105
HSD11B1,m00,mut_s1,detail,1,92,OOUHZBUAVKCDGA-UHFFFAOYNA-N,-10.656
HSD11B1,m00,mut_s1,detail,1,93,UUQDFZFJDFMLHW-UHFFFAOYNA-N,-8.533
HSD11B1,m00,mut_s1,detail,1,94,OOUDDHNLDLLUOL-SKKVRFOWNA-N,-9.753
HSD11B1,m00,mut_s1,detail,1,95,ZDMQSUAMTLXUTE-MPIMZMORNA-N,-9.848
HSD11B1,m00,mut_s1,detail,1,96,NMPLPABDEKPABN-UHFFFAOYNA-N,-9.291
HSD11B1,m00,mut_s1,detail,1,97,INZRHGSVWGRHBM-NPVYFSBINA-N,-9.512
HSD11B1,m00,mut_s1,detail,1,98,RVGCWMKVTAEQIH-LNNLXFCONA-N,-9.279
HSD11B1,m00,mut_s1,detail,1,99,VRXWKRQOVMZBAF-LJQANCHMNA-N,-9.637
HSD11B1,m00,mut_s1,detail,1,100,QACLWOIBBYOHQP-UYBDAZJANA-N,-8.387
HSD11B1,m00,mut_s1,detail,1,101,ZNXSZVFPCBIELQ-LNNLXFCONA-N,-8.477
HSD11B1,m00,mut_s1,detail,1,102,GKMWCCNMKRSQHR-VEKUMTKDNA-N,-9.447
HSD11B1,m00,mut_s1,detail,1,103,FFGUSRSMWFYKGK-SKKVRFOWNA-N,-9.337
HSD11B1,m00,mut_s1,detail,1,104,KXBDDGKXLZBLOM-SPEPDGBUNA-N,-8.947
HSD11B1,m00,mut_s1,detail,1,105,MIUWULAZCXYTJW-MSHHZIMBNA-N,-10.679
HSD11B1,m00,mut_s1,detail,1,106,JPZOYWVRFLZCIC-NJNXFGOHNA-N,-10.482
HSD11B1,m00,mut_s1,detail,1,107,FAIQTLBYDVKBAB-DVIAZDKANA-N,-9.188
HSD11B1,m00,mut_s1,detail,1,108,APFLRZZAOXCNAZ-UHFFFAOYNA-N,-7.824
HSD11B1,m00,mut_s1,detail,1,109,BSQLDSQTGOZBFD-UHFFFAOYNA-N,-9.714
HSD11B1,m00,mut_s1,detail,1,110,ZVVCFJXCDATSCC-UHFFFAOYNA-N,-9.08
HSD11B1,m00,mut_s1,detail,1,111,SKEQTXZATFWVMB-UYBDAZJANA-N,-7.765
HSD11B1,m00,mut_s1,detail,1,112,IATWYRHDJKMBQK-MPIMZMORNA-N,-8.354
HSD11B1,m00,mut_s1,detail,1,113,JPWOEQDCUZCWKT-MPIMZMORNA-N,-7.478
HSD11B1,m00,mut_s1,detail,1,114,RYHSAXRBHDHPPK-PKSOQXRJNA-N,-8.427
HSD11B1,m00,mut_s1,detail,1,115,GKKJWUFVZJJFPG-MPIMZMORNA-N,-9.918
HSD11B1,m00,mut_s1,detail,1,116,FDNZXFDUCINVLY-BDGWVKIONA-N,-8.649
HSD11B1,m00,mut_s1,detail,1,117,KTBYKHKWIFIFAK-UHFFFAOYNA-N,-11.645
HSD11B1,m00,mut_s1,detail,1,118,ZRXZEWGUECXTTQ-LQFNOIFHNA-N,-10.005
HSD11B1,m00,mut_s1,detail,1,119,XNACBBGLIAJNJM-PECIQRARNA-N,-8.761
HSD11B1,m00,mut_s1,detail,1,120,WQZYYJRVBIQUGH-YWZOXAELNA-N,-10.813
HSD11B1,m00,mut_s1,detail,1,121,ABMSRNRLDZVJFV-SWUIVHNENA-N,-9.566
HSD11B1,m00,mut_s1,detail,1,122,ZEACBIUBSOLEGW-QAITUMOCNA-N,-11.248
HSD11B1,m00,mut_s1,detail,1,123,UBFCDXVLKFOOGL-OKPOJWAQNA-N,-9.354
HSD11B1,m00,mut_s1,detail,1,124,RRIHVAFUFDANEX-NSJMMFDCNA-N,-9.995
HSD11B1,m00,mut_s1,detail,1,125,HASIAUWPWKTSBW-SREBMQDQNA-N,-9.317
HSD11B1,m00,mut_s1,detail,1,126,WHBCKYHTCHCHAY-LQFNOIFHNA-N,-10.312
HSD11B1,m00,mut_s1,detail,1,127,XMAYWYJOQHXEEK-JYFHCDHNNA-N,-9.381
HSD11B1,m00,mut_s1,detail,1,128,TVKCFCZANTZCSU-OYRHEFFENA-N,-10.344
HSD11B1,m00,mut_s1,detail,1,129,OJFIIUWPOHBVMH-LNNLXFCONA-N,-8.981
HSD11B1,m00,mut_s1,detail,1,130,DKLZMGFTGWKNCD-DIRLUKLVNA-N,-10.487
HSD11B1,m00,mut_s1,detail,1,131,PYSLGWZFRQWTDD-PWIKPTQSNA-N,-10.46
HSD11B1,m00,mut_s1,detail,1,132,MWMBIUUYBQWKJX-QTUCRYGENA-N,-9.524
HSD11B1,m00,mut_s1,detail,1,133,FLYQFCXTEFTSQN-UHFFFAOYNA-N,-9.533
HSD11B1,m00,mut_s1,detail,1,134,PBIBDSDWIMZYDT-WBWGZOKWNA-N,-10.758
HSD11B1,m00,mut_s1,detail,1,135,GSRWMFGBDLHGBU-YEFLILRRNA-N,-8.695
HSD11B1,m00,mut_s1,detail,1,136,AYIJJQHMZAEQKE-QDAGQJSJNA-N,-11.556
HSD11B1,m00,mut_s1,detail,1,137,JVWTZUKPDMRNDC-FSAKADSPNA-N,-10.358
HSD11B1,m00,mut_s1,detail,1,138,XAZPLOLSRXZDBO-LBZABMTDNA-N,-9.522
HSD11B1,m00,mut_s1,detail,1,139,RGWVFJBNHCWCTL-CFEGKOCINA-N,-9.006
HSD11B1,m00,mut_s1,detail,1,140,YYWNRQZCPIMCAK-UHFFFAOYNA-N,-9.871
HSD11B1,m00,mut_s1,detail,1,141,PBTZDKNKXRSZPM-XBXBPLPCNA-N,-10.091
HSD11B1,m00,mut_s1,detail,1,142,QQPOIMHFFPBDQM-LELJVTLKNA-N,-9.216
HSD11B1,m00,mut_s1,detail,1,143,NYFQURFFDGCBCB-MAQJPOOANA-N,-9.299
HSD11B1,m00,mut_s1,detail,1,144,HXZVHWHABLBWBS-MTTPVDACNA-N,-11.67
HSD11B1,m00,mut_s1,detail,1,145,IWYYSOJWYLZKLK-LELJVTLKNA-N,-9.345
HSD11B1,m00,mut_s1,detail,1,146,HOGUCNPGZXMBGW-UHFFFAOYNA-N,-12.1
HSD11B1,m00,mut_s1,detail,1,147,VITUDJAVASFPKN-DUFUIDNCNA-N,-9.442
HSD11B1,m00,mut_s1,detail,1,148,IXAHDCRYEUYPBG-SCXYCHFONA-N,-12.113
HSD11B1,m00,mut_s1,detail,1,149,JWHMEKMLAZQDNS-OZMOGHDGNA-N,-9.339
HSD11B1,m00,mut_s1,detail,1,150,BZWNBTIJLRHNDZ-LBOYIXSDNA-N,-9.882
HSD11B1,m00,mut_s1,detail,1,151,RECYROBESYRUML-UHFFFAOYNA-N,-10.711
HSD11B1,m00,mut_s1,detail,1,152,MLDSJJJLQRZNKW-UHBIVWOUNA-N,-9.71
HSD11B1,m00,mut_s1,detail,1,153,XTWIHJARHCYNFX-PHXLCVRDNA-N,-7.834
HSD11B1,m00,mut_s1,detail,1,154,UQGFETVWTRDGKJ-UHFFFAOYNA-N,-9.142
HSD11B1,m00,mut_s1,detail,1,155,VJFSMDWEMFOWDK-CYSPOYASNA-N,-10.617
HSD11B1,m00,mut_s1,detail,1,156,NZYLXYBIWNIAGH-CYSPOYASNA-N,-11.022
HSD11B1,m00,mut_s1,detail,1,157,ODXCWFOKLBJQNP-MPIMZMORNA-N,-8.397
HSD11B1,m00,mut_s1,detail,1,158,FVDNMAPPDSKXKQ-UHFFFAOYNA-N,-10.989
HSD11B1,m00,mut_s1,detail,1,159,DOPWMPRIRWTOOD-CCHPKIMANA-N,-10.381
HSD11B1,m01,mut_s1,detail,1,0,URVMSYHISUZXNH-UYBDAZJANA-N,-8.433
HSD11B1,m01,mut_s1,detail,1,1,KXRPCFINVWWFHQ-UHFFFAOYNA-N,-4.952
HSD11B1,m01,mut_s1,detail,1,2,NICJTSHRYBTHAS-YHMJCDSINA-N,-7.644
HSD11B1,m01,mut_s1,detail,1,3,SWRZVDTZHDWPDS-AWIDAIFANA-N,-8.272
HSD11B1,m01,mut_s1,detail,1,4,RKNSLLSUFWWYCA-UHFFFAOYNA-N,-8.478
HSD11B1,m01,mut_s1,detail,1,5,OZFSIKFTRRUDES-RIYZIHGNNA-N,-6.434
HSD11B1,m01,mut_s1,detail,1,6,AAGGUCRASUJPPN-UHFFFAOYNA-N,-7.349
HSD11B1,m01,mut_s1,detail,1,7,OYHXDPMAFYHDNG-YAQRNVERNA-N,-7.39
HSD11B1,m01,mut_s1,detail,1,8,AWILWAIEQYZUEQ-UHFFFAOYNA-N,-6.626
HSD11B1,m01,mut_s1,detail,1,9,WSFAXHLMQUUHQT-VMPITWQZNA-N,-7.929
HSD11B1,m01,mut_s1,detail,1,10,WPHMTVNOXKBZKN-UHFFFAOYNA-N,-6.892
HSD11B1,m01,mut_s1,detail,1,11,LPEIZNODGHDCCW-UHFFFAOYNA-N,-7.085
HSD11B1,m01,mut_s1,detail,1,12,QQHWWDVSRWOHEP-LILDFLRNNA-N,-8.247
HSD11B1,m01,mut_s1,detail,1,13,UMEVSSPGBFVQNC-UHFFFAOYNA-N,-5.882
HSD11B1,m01,mut_s1,detail,1,14,VZDIOEKWWZRNQN-UHFFFAOYNA-N,-8.315
HSD11B1,m01,mut_s1,detail,1,15,JEVLDOUORFAHRS-NDKGDYFDNA-N,-6.848
HSD11B1,m01,mut_s1,detail,1,16,NFTGJNJRMWUBPG-GPQMBLKYNA-N,-7.255
HSD11B1,m01,mut_s1,detail,1,17,UMUUTEZBWGDVDA-UHFFFAOYNA-N,-7.26
HSD11B1,m01,mut_s1,detail,1,18,VLQKEPLNPGYNDJ-HCKMINDGNA-N,-7.606
HSD11B1,m01,mut_s1,detail,1,19,PPMVTAATPZLMJM-CDDDEJBQNA-N,-8.209
HSD11B1,m01,mut_s1,detail,1,20,AHLYFAKLKLMESK-YAQRNVERNA-N,-6.654
HSD11B1,m01,mut_s1,detail,1,21,GYEJYLAGVWRSIM-KGJHZMDYNA-N,-7.341
HSD11B1,m01,mut_s1,detail,1,22,RXVALSLAUOIYLW-UHFFFAOYNA-N,-7.912
HSD11B1,m01,mut_s1,detail,1,23,NSELYIFATLFDOZ-JLGFQASFNA-N,-7.597
HSD11B1,m01,mut_s1,detail,1,24,COQFBYACOHFCEC-UHFFFAOYNA-N,-7.592
HSD11B1,m01,mut_s1,detail,1,25,CJGJXFCLDYQBFQ-YJGXKCCXNA-N,-8.098
HSD11B1,m01,mut_s1,detail,1,26,BWNGRRJLFYHENY-INIZCTEONA-N,-6.841
HSD11B1,m01,mut_s1,detail,1,27,BNRFXWSJKVJVOF-UYBDAZJANA-N,-7.867
HSD11B1,m01,mut_s1,detail,1,28,DMULMZBZVBBWBY-PJZINPJWNA-N,-8.066
HSD11B1,m01,mut_s1,detail,1,29,AXLAIGJGNKHDPO-UHFFFAOYNA-N,-6.853
HSD11B1,m01,mut_s1,detail,1,30,RKDGAONZEPYEBT-WXRBYKJCNA-N,-6.999
HSD11B1,m01,mut_s1,detail,1,31,MBOYDUZSCSNUQL-MBBDSNKKNA-N,-7.327
HSD11B1,m01,mut_s1,detail,1,32,KPVDBHRTXOFQDK-YAQRNVERNA-N,-6.652
HSD11B1,m01,mut_s1,detail,1,33,LVCNFMYUKISBSB-VJSNTGQMNA-N,-7.549
HSD11B1,m01,mut_s1,detail,1,34,XLAHCIRKLMJUQC-DZQCGVKKNA-N,-8.606
HSD11B1,m01,mut_s1,detail,1,35,QNYHDABGLCBJOE-SHHGZXMVNA-N,-9.109
HSD11B1,m01,mut_s1,detail,1,36,HEKNRISBWSPMOG-OWTLIXCDNA-N,-7.48
HSD11B1,m01,mut_s1,detail,1,37,VIRNXCRLEVZXNX-LILDFLRNNA-N,-8.731
HSD11B1,m01,mut_s1,detail,1,38,SRTGERSEXJGDMR-UHFFFAOYNA-N,-6.312
HSD11B1,m01,mut_s1,detail,1,39,ZGMGSSRLZJYOKH-WXRBYKJCNA-N,-6.742
HSD11B1,m01,mut_s1,detail,1,40,VGYFDFRFGHHCDA-CUTUCBJDNA-N,-9.647
HSD11B1,m01,mut_s1,detail,1,41,DILPMLYWQJPNLO-HCKMINDGNA-N,-8.548
HSD11B1,m01,mut_s1,detail,1,42,RSOODJIGEVJLMK-LQFNOIFHNA-N,-8.949
HSD11B1,m01,mut_s1,detail,1,43,OWHHWMUAYBIQPR-UHFFFAOYNA-N,-8.935
HSD11B1,m01,mut_s1,detail,1,44,KPIKMVZJKZDOFC-UHFFFAOYNA-N,-9.252
HSD11B1,m01,mut_s1,detail,1,45,DIKDKRUREJXLMR-DPMTXJEANA-N,-8.857
HSD11B1,m01,mut_s1,detail,1,46,QRVJDPKQHAVBDK-UYBDAZJANA-N,-8.211
HSD11B1,m01,mut_s1,detail,1,47,SGBSFKSDPWOALT-UYBDAZJANA-N,-8.105
HSD11B1,m01,mut_s1,detail,1,48,CYHFRNFVZWVHCG-OTJKMEOQNA-N,-7.992
HSD11B1,m01,mut_s1,detail,1,49,MJUDQDHXCQONOA-MPIMZMORNA-N,-8.831
HSD11B1,m01,mut_s1,detail,1,50,RNVYRNLUUYNQAS-PKSOQXRJNA-N,-8.053
HSD11B1,m01,mut_s1,detail,1,51,DLZXOZYETDVJEB-QWOVJGMINA-N,-7.476
HSD11B1,m01,mut_s1,detail,1,52,HSICVZRDGBJSEL-GPQMBLKYNA-N,-8.438
HSD11B1,m01,mut_s1,detail,1,53,HMRUHHFLIMYEAF-QNGOCPJXNA-N,-6.952
HSD11B1,m01,mut_s1,detail,1,54,ZZOWQPSBJUXHCA-YSPRVCGUNA-N,-8.578
HSD11B1,m01,mut_s1,detail,1,55,WDDJLHOUFWSQSV-UHFFFAOYNA-N,-9.49
HSD11B1,m01,mut_s1,detail,1,56,UKLIIGXGTPSYBF-IBCWCQIKNA-N,-7.903
HSD11B1,m01,mut_s1,detail,1,57,LNPOBRXJZYGQMS-MOHJPFBDNA-N,-9.085
HSD11B1,m01,mut_s1,detail,1,58,FYILBFPPKIZBTO-UHFFFAOYNA-N,-8.086
HSD11B1,m01,mut_s1,detail,1,59,MIKIJFODTJGFDI-LILDFLRNNA-N,-8.34
HSD11B1,m01,mut_s1,detail,1,60,RUWCNSLWWCWTSU-LILDFLRNNA-N,-9.584
HSD11B1,m01,mut_s1,detail,1,61,KLQWCHKIQJHYIB-UHFFFAOYNA-N,-9.435
HSD11B1,m01,mut_s1,detail,1,62,QKAWGENQCGFAOE-NPVYFSBINA-N,-8.416
HSD11B1,m01,mut_s1,detail,1,63,KGOKCBRZBBEYBE-MMRXBHCZNA-N,-9.333
HSD11B1,m01,mut_s1,detail,1,64,ROFRXCLSWKEWTN-UHFFFAOYNA-N,-7.884
HSD11B1,m01,mut_s1,detail,1,65,AKRMJNKLSCBEME-FPYGCLRLNA-N,-6.957
HSD11B1,m01,mut_s1,detail,1,66,LCGJUJZLLYTYIF-XMFFZCEENA-N,-7.782
HSD11B1,m01,mut_s1,detail,1,67,FREQNFSEYLEFOI-QRCVEOAVNA-N,-7.498
HSD11B1,m01,mut_s1,detail,1,68,MHMINAYLMNBGSM-UHFFFAOYNA-N,-7.531
HSD11B1,m01,mut_s1,detail,1,69,SYMNTBHEGHFZMV-UHFFFAOYNA-N,-8.342
HSD11B1,m01,mut_s1,detail,1,70,NNCRWGMPCGSKOO-LILDFLRNNA-N,-7.469
HSD11B1,m01,mut_s1,detail,1,71,ZCRRNCCNJMRGFI-UHFFFAOYNA-N,-9.001
HSD11B1,m01,mut_s1,detail,1,72,PYVZEIBGEUQNQQ-UHFFFAOYNA-N,-9.127
HSD11B1,m01,mut_s1,detail,1,73,OROJQWVRCGJACT-XBTAAFKLNA-N,-9.689
HSD11B1,m01,mut_s1,detail,1,74,TXYUWXKCUDOUGU-JLGFQASFNA-N,-7.468
HSD11B1,m01,mut_s1,detail,1,75,LAZANALODSEDSE-UHFFFAOYNA-N,-8.054
HSD11B1,m01,mut_s1,detail,1,76,RJXCYVJLXGRCHK-UHFFFAOYNA-N,-9.656
HSD11B1,m01,mut_s1,detail,1,77,FUSKIBWHJAWEFI-IEJAXPBYNA-N,-8.561
HSD11B1,m01,mut_s1,detail,1,78,SGWVLOCBQLQWQV-UHFFFAOYNA-N,-8.955
HSD11B1,m01,mut_s1,detail,1,79,PPXRQTYXLZCDAZ-QWOVJGMINA-N,-8.81
HSD11B1,m01,mut_s1,detail,1,80,DIFBADFWLVYFHV-LELJVTLKNA-N,-9.349
HSD11B1,m01,mut_s1,detail,1,81,XREOSEVJCQGCHE-MHPMNMKGNA-N,-9.702
HSD11B1,m01,mut_s1,detail,1,82,ZHGPKHBXSKWZEQ-UHFFFAOYNA-N,-9.506
HSD11B1,m01,mut_s1,detail,1,83,ZFAYPJJNPSNAFK-UHFFFAOYNA-N,-10.054
HSD11B1,m01,mut_s1,detail,1,84,LTXMRAGWIDQTQT-MYUTVWBTNA-N,-9.598
HSD11B1,m01,mut_s1,detail,1,85,VXQHYHSSGLOALC-SPEPDGBUNA-N,-9.412
HSD11B1,m01,mut_s1,detail,1,86,KWDSFRAWCISROF-PJQSKVNONA-N,-9.26
HSD11B1,m01,mut_s1,detail,1,87,ZJZXSQPHUQUHIV-ZGZFQTMPNA-N,-9.22
HSD11B1,m01,mut_s1,detail,1,88,UYHIVPBYFWVWEJ-UHFFFAOYNA-N,-10.525
HSD11B1,m01,mut_s1,detail,1,89,PLEFJSUCKRWHBY-LNNLXFCONA-N,-8.618
HSD11B1,m01,mut_s1,detail,1,90,DNSRQCRQLKJUCC-PDJAEHLQNA-N,-9.224
HSD11B1,m01,mut_s1,detail,1,91,PHYKZCBUNVYJNH-YDBXFXKPNA-N,-7.227
HSD11B1,m01,mut_s1,detail,1,92,OOUHZBUAVKCDGA-UHFFFAOYNA-N,-9.513
HSD11B1,m01,mut_s1,detail,1,93,UUQDFZFJDFMLHW-UHFFFAOYNA-N,-8.367
HSD11B1,m01,mut_s1,detail,1,94,OOUDDHNLDLLUOL-SKKVRFOWNA-N,-9.559
HSD11B1,m01,mut_s1,detail,1,95,ZDMQSUAMTLXUTE-MPIMZMORNA-N,-9.168
HSD11B1,m01,mut_s1,detail,1,96,NMPLPABDEKPABN-UHFFFAOYNA-N,-9.064
HSD11B1,m01,mut_s1,detail,1,97,INZRHGSVWGRHBM-NPVYFSBINA-N,-9.971
HSD11B1,m01,mut_s1,detail,1,98,RVGCWMKVTAEQIH-LNNLXFCONA-N,-8.98
HSD11B1,m01,mut_s1,detail,1,99,VRXWKRQOVMZBAF-LJQANCHMNA-N,-8.857
HSD11B1,m01,mut_s1,detail,1,100,QACLWOIBBYOHQP-UYBDAZJANA-N,-8.017
HSD11B1,m01,mut_s1,detail,1,101,ZNXSZVFPCBIELQ-LNNLXFCONA-N,-7.748
HSD11B1,m01,mut_s1,detail,1,102,GKMWCCNMKRSQHR-VEKUMTKDNA-N,-9.443
HSD11B1,m01,mut_s1,detail,1,103,FFGUSRSMWFYKGK-SKKVRFOWNA-N,-9.146
HSD11B1,m01,mut_s1,detail,1,104,KXBDDGKXLZBLOM-SPEPDGBUNA-N,-8.915
HSD11B1,m01,mut_s1,detail,1,105,MIUWULAZCXYTJW-MSHHZIMBNA-N,-9.981
HSD11B1,m01,mut_s1,detail,1,106,JPZOYWVRFLZCIC-NJNXFGOHNA-N,-10.036
HSD11B1,m01,mut_s1,detail,1,107,FAIQTLBYDVKBAB-DVIAZDKANA-N,-8.731
HSD11B1,m01,mut_s1,detail,1,108,APFLRZZAOXCNAZ-UHFFFAOYNA-N,-7.833
HSD11B1,m01,mut_s1,detail,1,109,BSQLDSQTGOZBFD-UHFFFAOYNA-N,-9.173
HSD11B1,m01,mut_s1,detail,1,110,ZVVCFJXCDATSCC-UHFFFAOYNA-N,-9.192
HSD11B1,m01,mut_s1,detail,1,111,SKEQTXZATFWVMB-UYBDAZJANA-N,-7.712
HSD11B1,m01,mut_s1,detail,1,112,IATWYRHDJKMBQK-MPIMZMORNA-N,-8.031
HSD11B1,m01,mut_s1,detail,1,113,JPWOEQDCUZCWKT-MPIMZMORNA-N,-7.538
HSD11B1,m01,mut_s1,detail,1,114,RYHSAXRBHDHPPK-PKSOQXRJNA-N,-8.208
HSD11B1,m01,mut_s1,detail,1,115,GKKJWUFVZJJFPG-MPIMZMORNA-N,-8.813
HSD11B1,m01,mut_s1,detail,1,116,FDNZXFDUCINVLY-BDGWVKIONA-N,-7.212
HSD11B1,m01,mut_s1,detail,1,117,KTBYKHKWIFIFAK-UHFFFAOYNA-N,-10.675
HSD11B1,m01,mut_s1,detail,1,118,ZRXZEWGUECXTTQ-LQFNOIFHNA-N,-8.921
HSD11B1,m01,mut_s1,detail,1,119,XNACBBGLIAJNJM-PECIQRARNA-N,-8.122
HSD11B1,m01,mut_s1,detail,1,120,WQZYYJRVBIQUGH-YWZOXAELNA-N,-9.884
HSD11B1,m01,mut_s1,detail,1,121,ABMSRNRLDZVJFV-SWUIVHNENA-N,-9.549
HSD11B1,m01,mut_s1,detail,1,122,ZEACBIUBSOLEGW-QAITUMOCNA-N,-10.607
HSD11B1,m01,mut_s1,detail,1,123,UBFCDXVLKFOOGL-OKPOJWAQNA-N,-9.064
HSD11B1,m01,mut_s1,detail,1,124,RRIHVAFUFDANEX-NSJMMFDCNA-N,-9.703
HSD11B1,m01,mut_s1,detail,1,125,HASIAUWPWKTSBW-SREBMQDQNA-N,-8.781
HSD11B1,m01,mut_s1,detail,1,126,WHBCKYHTCHCHAY-LQFNOIFHNA-N,-9.537
HSD11B1,m01,mut_s1,detail,1,127,XMAYWYJOQHXEEK-JYFHCDHNNA-N,-9.148
HSD11B1,m01,mut_s1,detail,1,128,TVKCFCZANTZCSU-OYRHEFFENA-N,-10.054
HSD11B1,m01,mut_s1,detail,1,129,OJFIIUWPOHBVMH-LNNLXFCONA-N,-8.479
HSD11B1,m01,mut_s1,detail,1,130,DKLZMGFTGWKNCD-DIRLUKLVNA-N,-10.379
HSD11B1,m01,mut_s1,detail,1,131,PYSLGWZFRQWTDD-PWIKPTQSNA-N,-10.233
HSD11B1,m01,mut_s1,detail,1,132,MWMBIUUYBQWKJX-QTUCRYGENA-N,-9.014
HSD11B1,m01,mut_s1,detail,1,133,FLYQFCXTEFTSQN-UHFFFAOYNA-N,-9.352
HSD11B1,m01,mut_s1,detail,1,134,PBIBDSDWIMZYDT-WBWGZOKWNA-N,-10.024
HSD11B1,m01,mut_s1,detail,1,135,GSRWMFGBDLHGBU-YEFLILRRNA-N,-8.681
HSD11B1,m01,mut_s1,detail,1,136,AYIJJQHMZAEQKE-QDAGQJSJNA-N,-9.856
HSD11B1,m01,mut_s1,detail,1,137,JVWTZUKPDMRNDC-FSAKADSPNA-N,-10.157
HSD11B1,m01,mut_s1,detail,1,138,XAZPLOLSRXZDBO-LBZABMTDNA-N,-9.283
HSD11B1,m01,mut_s1,detail,1,139,RGWVFJBNHCWCTL-CFEGKOCINA-N,-8.293
HSD11B1,m01,mut_s1,detail,1,140,YYWNRQZCPIMCAK-UHFFFAOYNA-N,-9.913
HSD11B1,m01,mut_s1,detail,1,141,PBTZDKNKXRSZPM-XBXBPLPCNA-N,-9.675
HSD11B1,m01,mut_s1,detail,1,142,QQPOIMHFFPBDQM-LELJVTLKNA-N,-8.535
HSD11B1,m01,mut_s1,detail,1,143,NYFQURFFDGCBCB-MAQJPOOANA-N,-8.849
HSD11B1,m01,mut_s1,detail,1,144,HXZVHWHABLBWBS-MTTPVDACNA-N,-10.839
HSD11B1,m01,mut_s1,detail,1,145,IWYYSOJWYLZKLK-LELJVTLKNA-N,-8.823
HSD11B1,m01,mut_s1,detail,1,146,HOGUCNPGZXMBGW-UHFFFAOYNA-N,-8.909
HSD11B1,m01,mut_s1,detail,1,147,VITUDJAVASFPKN-DUFUIDNCNA-N,-8.642
HSD11B1,m01,mut_s1,detail,1,148,IXAHDCRYEUYPBG-SCXYCHFONA-N,-11.13
HSD11B1,m01,mut_s1,detail,1,149,JWHMEKMLAZQDNS-OZMOGHDGNA-N,-8.456
HSD11B1,m01,mut_s1,detail,1,150,BZWNBTIJLRHNDZ-LBOYIXSDNA-N,-9.752
HSD11B1,m01,mut_s1,detail,1,151,RECYROBESYRUML-UHFFFAOYNA-N,-10.327
HSD11B1,m01,mut_s1,detail,1,152,MLDSJJJLQRZNKW-UHBIVWOUNA-N,-10.246
HSD11B1,m01,mut_s1,detail,1,153,XTWIHJARHCYNFX-PHXLCVRDNA-N,-8.52
HSD11B1,m01,mut_s1,detail,1,154,UQGFETVWTRDGKJ-UHFFFAOYNA-N,-8.591
HSD11B1,m01,mut_s1,detail,1,155,VJFSMDWEMFOWDK-CYSPOYASNA-N,-10.19
HSD11B1,m01,mut_s1,detail,1,156,NZYLXYBIWNIAGH-CYSPOYASNA-N,-9.635
HSD11B1,m01,mut_s1,detail,1,157,ODXCWFOKLBJQNP-MPIMZMORNA-N,-8.488
HSD11B1,m01,mut_s1,detail,1,158,FVDNMAPPDSKXKQ-UHFFFAOYNA-N,-10.348
HSD11B1,m01,mut_s1,detail,1,159,DOPWMPRIRWTOOD-CCHPKIMANA-N,-9.917
HSD11B1,m02,mut_s1,detail,1,0,URVMSYHISUZXNH-UYBDAZJANA-N,-8.274
HSD11B1,m02,mut_s1,detail,1,1,KXRPCFINVWWFHQ-UHFFFAOYNA-N,-5.539
HSD11B1,m02,mut_s1,detail,1,2,NICJTSHRYBTHAS-YHMJCDSINA-N,-7.213
HSD11B1,m02,mut_s1,detail,1,3,SWRZVDTZHDWPDS-AWIDAIFANA-N,-9.03
HSD11B1,m02,mut_s1,detail,1,4,RKNSLLSUFWWYCA-UHFFFAOYNA-N,-8.775
HSD11B1,m02,mut_s1,detail,1,5,OZFSIKFTRRUDES-RIYZIHGNNA-N,-6.579
HSD11B1,m02,mut_s1,detail,1,6,AAGGUCRASUJPPN-UHFFFAOYNA-N,-8.186
HSD11B1,m02,mut_s1,detail,1,7,OYHXDPMAFYHDNG-YAQRNVERNA-N,-7.736
HSD11B1,m02,mut_s1,detail,1,8,AWILWAIEQYZUEQ-UHFFFAOYNA-N,-7.207
HSD11B1,m02,mut_s1,detail,1,9,WSFAXHLMQUUHQT-VMPITWQZNA-N,-7.717
HSD11B1,m02,mut_s1,detail,1,10,WPHMTVNOXKBZKN-UHFFFAOYNA-N,-6.929
HSD11B1,m02,mut_s1,detail,1,11,LPEIZNODGHDCCW-UHFFFAOYNA-N,-7.661
HSD11B1,m02,mut_s1,detail,1,12,QQHWWDVSRWOHEP-LILDFLRNNA-N,-8.343
HSD11B1,m02,mut_s1,detail,1,13,UMEVSSPGBFVQNC-UHFFFAOYNA-N,-6.232
HSD11B1,m02,mut_s1,detail,1,14,VZDIOEKWWZRNQN-UHFFFAOYNA-N,-8.71
HSD11B1,m02,mut_s1,detail,1,15,JEVLDOUORFAHRS-NDKGDYFDNA-N,-7.329
HSD11B1,m02,mut_s1,detail,1,16,NFTGJNJRMWUBPG-GPQMBLKYNA-N,-7.484
HSD11B1,m02,mut_s1,detail,1,17,UMUUTEZBWGDVDA-UHFFFAOYNA-N,-7.484
HSD11B1,m02,mut_s1,detail,1,18,VLQKEPLNPGYNDJ-HCKMINDGNA-N,-8.203
HSD11B1,m02,mut_s1,detail,1,19,PPMVTAATPZLMJM-CDDDEJBQNA-N,-8.919
HSD11B1,m02,mut_s1,detail,1,20,AHLYFAKLKLMESK-YAQRNVERNA-N,-7.707
HSD11B1,m02,mut_s1,detail,1,21,GYEJYLAGVWRSIM-KGJHZMDYNA-N,-7.741
HSD11B1,m02,mut_s1,detail,1,22,RXVALSLAUOIYLW-UHFFFAOYNA-N,-7.623
HSD11B1,m02,mut_s1,detail,1,23,NSELYIFATLFDOZ-JLGFQASFNA-N,-7.647
HSD11B1,m02,mut_s1,detail,1,24,COQFBYACOHFCEC-UHFFFAOYNA-N,-7.673
HSD11B1,m02,mut_s1,detail,1,25,CJGJXFCLDYQBFQ-YJGXKCCXNA-N,-8.255
HSD11B1,m02,mut_s1,detail,1,26,BWNGRRJLFYHENY-INIZCTEONA-N,-7.375
HSD11B1,m02,mut_s1,detail,1,27,BNRFXWSJKVJVOF-UYBDAZJANA-N,-8.585
HSD11B1,m02,mut_s1,detail,1,28,DMULMZBZVBBWBY-PJZINPJWNA-N,-8.96
HSD11B1,m02,mut_s1,detail,1,29,AXLAIGJGNKHDPO-UHFFFAOYNA-N,-7.264
HSD11B1,m02,mut_s1,detail,1,30,RKDGAONZEPYEBT-WXRBYKJCNA-N,-6.995
HSD11B1,m02,mut_s1,detail,1,31,MBOYDUZSCSNUQL-MBBDSNKKNA-N,-7.412
HSD11B1,m02,mut_s1,detail,1,32,KPVDBHRTXOFQDK-YAQRNVERNA-N,-6.747
HSD11B1,m02,mut_s1,detail,1,33,LVCNFMYUKISBSB-VJSNTGQMNA-N,-7.297
HSD11B1,m02,mut_s1,detail,1,34,XLAHCIRKLMJUQC-DZQCGVKKNA-N,-8.541
HSD11B1,m02,mut_s1,detail,1,35,QNYHDABGLCBJOE-SHHGZXMVNA-N,-9.217
HSD11B1,m02,mut_s1,detail,1,36,HEKNRISBWSPMOG-OWTLIXCDNA-N,-7.769
HSD11B1,m02,mut_s1,detail,1,37,VIRNXCRLEVZXNX-LILDFLRNNA-N,-9.5
HSD11B1,m02,mut_s1,detail,1,38,SRTGERSEXJGDMR-UHFFFAOYNA-N,-7.246
HSD11B1,m02,mut_s1,detail,1,39,ZGMGSSRLZJYOKH-WXRBYKJCNA-N,-7.013
HSD11B1,m02,mut_s1,detail,1,40,VGYFDFRFGHHCDA-CUTUCBJDNA-N,-8.996
HSD11B1,m02,mut_s1,detail,1,41,DILPMLYWQJPNLO-HCKMINDGNA-N,-8.608
HSD11B1,m02,mut_s1,detail,1,42,RSOODJIGEVJLMK-LQFNOIFHNA-N,-9.928
HSD11B1,m02,mut_s1,detail,1,43,OWHHWMUAYBIQPR-UHFFFAOYNA-N,-9.298
HSD11B1,m02,mut_s1,detail,1,44,KPIKMVZJKZDOFC-UHFFFAOYNA-N,-9.439
HSD11B1,m02,mut_s1,detail,1,45,DIKDKRUREJXLMR-DPMTXJEANA-N,-8.516
HSD11B1,m02,mut_s1,detail,1,46,QRVJDPKQHAVBDK-UYBDAZJANA-N,-7.701
HSD11B1,m02,mut_s1,detail,1,47,SGBSFKSDPWOALT-UYBDAZJANA-N,-8.862
HSD11B1,m02,mut_s1,detail,1,48,CYHFRNFVZWVHCG-OTJKMEOQNA-N,-8.277
HSD11B1,m02,mut_s1,detail,1,49,MJUDQDHXCQONOA-MPIMZMORNA-N,-8.807
HSD11B1,m02,mut_s1,detail,1,50,RNVYRNLUUYNQAS-PKSOQXRJNA-N,-8.526
HSD11B1,m02,mut_s1,detail,1,51,DLZXOZYETDVJEB-QWOVJGMINA-N,-7.51
HSD11B1,m02,mut_s1,detail,1,52,HSICVZRDGBJSEL-GPQMBLKYNA-N,-8.149
HSD11B1,m02,mut_s1,detail,1,53,HMRUHHFLIMYEAF-QNGOCPJXNA-N,-7.778
HSD11B1,m02,mut_s1,detail,1,54,ZZOWQPSBJUXHCA-YSPRVCGUNA-N,-8.3
HSD11B1,m02,mut_s1,detail,1,55,WDDJLHOUFWSQSV-UHFFFAOYNA-N,-9.169
HSD11B1,m02,mut_s1,detail,1,56,UKLIIGXGTPSYBF-IBCWCQIKNA-N,-8.657
HSD11B1,m02,mut_s1,detail,1,57,LNPOBRXJZYGQMS-MOHJPFBDNA-N,-8.349
HSD11B1,m02,mut_s1,detail,1,58,FYILBFPPKIZBTO-UHFFFAOYNA-N,-8.276
HSD11B1,m02,mut_s1,detail,1,59,MIKIJFODTJGFDI-LILDFLRNNA-N,-7.894
HSD11B1,m02,mut_s1,detail,1,60,RUWCNSLWWCWTSU-LILDFLRNNA-N,-9.714
HSD11B1,m02,mut_s1,detail,1,61,KLQWCHKIQJHYIB-UHFFFAOYNA-N,-9.837
HSD11B1,m02,mut_s1,detail,1,62,QKAWGENQCGFAOE-NPVYFSBINA-N,-8.115
HSD11B1,m02,mut_s1,detail,1,63,KGOKCBRZBBEYBE-MMRXBHCZNA-N,-9.394
HSD11B1,m02,mut_s1,detail,1,64,ROFRXCLSWKEWTN-UHFFFAOYNA-N,-8.57
HSD11B1,m02,mut_s1,detail,1,65,AKRMJNKLSCBEME-FPYGCLRLNA-N,-7.186
HSD11B1,m02,mut_s1,detail,1,66,LCGJUJZLLYTYIF-XMFFZCEENA-N,-7.876
HSD11B1,m02,mut_s1,detail,1,67,FREQNFSEYLEFOI-QRCVEOAVNA-N,-8.022
HSD11B1,m02,mut_s1,detail,1,68,MHMINAYLMNBGSM-UHFFFAOYNA-N,-8.355
HSD11B1,m02,mut_s1,detail,1,69,SYMNTBHEGHFZMV-UHFFFAOYNA-N,-8.084
HSD11B1,m02,mut_s1,detail,1,70,NNCRWGMPCGSKOO-LILDFLRNNA-N,-7.573
HSD11B1,m02,mut_s1,detail,1,71,ZCRRNCCNJMRGFI-UHFFFAOYNA-N,-9.931
HSD11B1,m02,mut_s1,detail,1,72,PYVZEIBGEUQNQQ-UHFFFAOYNA-N,-9.715
HSD11B1,m02,mut_s1,detail,1,73,OROJQWVRCGJACT-XBTAAFKLNA-N,-9.378
HSD11B1,m02,mut_s1,detail,1,74,TXYUWXKCUDOUGU-JLGFQASFNA-N,-7.795
HSD11B1,m02,mut_s1,detail,1,75,LAZANALODSEDSE-UHFFFAOYNA-N,-8.146
HSD11B1,m02,mut_s1,detail,1,76,RJXCYVJLXGRCHK-UHFFFAOYNA-N,-10.183
HSD11B1,m02,mut_s1,detail,1,77,FUSKIBWHJAWEFI-IEJAXPBYNA-N,-8.291
HSD11B1,m02,mut_s1,detail,1,78,SGWVLOCBQLQWQV-UHFFFAOYNA-N,-8.656
HSD11B1,m02,mut_s1,detail,1,79,PPXRQTYXLZCDAZ-QWOVJGMINA-N,-9.178
HSD11B1,m02,mut_s1,detail,1,80,DIFBADFWLVYFHV-LELJVTLKNA-N,-8.19
HSD11B1,m02,mut_s1,detail,1,81,XREOSEVJCQGCHE-MHPMNMKGNA-N,-10.305
HSD11B1,m02,mut_s1,detail,1,82,ZHGPKHBXSKWZEQ-UHFFFAOYNA-N,-9.792
HSD11B1,m02,mut_s1,detail,1,83,ZFAYPJJNPSNAFK-UHFFFAOYNA-N,-8.585
HSD11B1,m02,mut_s1,detail,1,84,LTXMRAGWIDQTQT-MYUTVWBTNA-N,-10.007
HSD11B1,m02,mut_s1,detail,1,85,VXQHYHSSGLOALC-SPEPDGBUNA-N,-9.385
HSD11B1,m02,mut_s1,detail,1,86,KWDSFRAWCISROF-PJQSKVNONA-N,-9.184
HSD11B1,m02,mut_s1,detail,1,87,ZJZXSQPHUQUHIV-ZGZFQTMPNA-N,-10.193
HSD11B1,m02,mut_s1,detail,1,88,UYHIVPBYFWVWEJ-UHFFFAOYNA-N,-9.681
HSD11B1,m02,mut_s1,detail,1,89,PLEFJSUCKRWHBY-LNNLXFCONA-N,-9.104
HSD11B1,m02,mut_s1,detail,1,90,DNSRQCRQLKJUCC-PDJAEHLQNA-N,-9.473
HSD11B1,m02,mut_s1,detail,1,91,PHYKZCBUNVYJNH-YDBXFXKPNA-N,-8.096
HSD11B1,m02,mut_s1,detail,1,92,OOUHZBUAVKCDGA-UHFFFAOYNA-N,-9.565
HSD11B1,m02,mut_s1,detail,1,93,UUQDFZFJDFMLHW-UHFFFAOYNA-N,-7.937
HSD11B1,m02,mut_s1,detail,1,94,OOUDDHNLDLLUOL-SKKVRFOWNA-N,-9.711
HSD11B1,m02,mut_s1,detail,1,95,ZDMQSUAMTLXUTE-MPIMZMORNA-N,-9.555
HSD11B1,m02,mut_s1,detail,1,96,NMPLPABDEKPABN-UHFFFAOYNA-N,-9.415
HSD11B1,m02,mut_s1,detail,1,97,INZRHGSVWGRHBM-NPVYFSBINA-N,-9.486
HSD11B1,m02,mut_s1,detail,1,98,RVGCWMKVTAEQIH-LNNLXFCONA-N,-9.584
HSD11B1,m02,mut_s1,detail,1,99,VRXWKRQOVMZBAF-LJQANCHMNA-N,-9.217
HSD11B1,m02,mut_s1,detail,1,100,QACLWOIBBYOHQP-UYBDAZJANA-N,-8.68
HSD11B1,m02,mut_s1,detail,1,101,ZNXSZVFPCBIELQ-LNNLXFCONA-N,-7.835
HSD11B1,m02,mut_s1,detail,1,102,GKMWCCNMKRSQHR-VEKUMTKDNA-N,-9.157
HSD11B1,m02,mut_s1,detail,1,103,FFGUSRSMWFYKGK-SKKVRFOWNA-N,-8.971
HSD11B1,m02,mut_s1,detail,1,104,KXBDDGKXLZBLOM-SPEPDGBUNA-N,-9.074
HSD11B1,m02,mut_s1,detail,1,105,MIUWULAZCXYTJW-MSHHZIMBNA-N,-10.217
HSD11B1,m02,mut_s1,detail,1,106,JPZOYWVRFLZCIC-NJNXFGOHNA-N,-10.146
HSD11B1,m02,mut_s1,detail,1,107,FAIQTLBYDVKBAB-DVIAZDKANA-N,-9.363
HSD11B1,m02,mut_s1,detail,1,108,APFLRZZAOXCNAZ-UHFFFAOYNA-N,-8.952
HSD11B1,m02,mut_s1,detail,1,109,BSQLDSQTGOZBFD-UHFFFAOYNA-N,-8.837
HSD11B1,m02,mut_s1,detail,1,110,ZVVCFJXCDATSCC-UHFFFAOYNA-N,-9.226
HSD11B1,m02,mut_s1,detail,1,111,SKEQTXZATFWVMB-UYBDAZJANA-N,-7.083
HSD11B1,m02,mut_s1,detail,1,112,IATWYRHDJKMBQK-MPIMZMORNA-N,-8.628
HSD11B1,m02,mut_s1,detail,1,113,JPWOEQDCUZCWKT-MPIMZMORNA-N,-7.852
HSD11B1,m02,mut_s1,detail,1,114,RYHSAXRBHDHPPK-PKSOQXRJNA-N,-7.941
HSD11B1,m02,mut_s1,detail,1,115,GKKJWUFVZJJFPG-MPIMZMORNA-N,-9.5
HSD11B1,m02,mut_s1,detail,1,116,FDNZXFDUCINVLY-BDGWVKIONA-N,-8.319
HSD11B1,m02,mut_s1,detail,1,117,KTBYKHKWIFIFAK-UHFFFAOYNA-N,-10.396
HSD11B1,m02,mut_s1,detail,1,118,ZRXZEWGUECXTTQ-LQFNOIFHNA-N,-8.577
HSD11B1,m02,mut_s1,detail,1,119,XNACBBGLIAJNJM-PECIQRARNA-N,-8.669
HSD11B1,m02,mut_s1,detail,1,120,WQZYYJRVBIQUGH-YWZOXAELNA-N,-7.784
HSD11B1,m02,mut_s1,detail,1,121,ABMSRNRLDZVJFV-SWUIVHNENA-N,-9.542
HSD11B1,m02,mut_s1,detail,1,122,ZEACBIUBSOLEGW-QAITUMOCNA-N,-9.31
HSD11B1,m02,mut_s1,detail,1,123,UBFCDXVLKFOOGL-OKPOJWAQNA-N,-8.041
HSD11B1,m02,mut_s1,detail,1,124,RRIHVAFUFDANEX-NSJMMFDCNA-N,-7.673
HSD11B1,m02,mut_s1,detail,1,125,HASIAUWPWKTSBW-SREBMQDQNA-N,-7.837
HSD11B1,m02,mut_s1,detail,1,126,WHBCKYHTCHCHAY-LQFNOIFHNA-N,-9.764
HSD11B1,m02,mut_s1,detail,1,127,XMAYWYJOQHXEEK-JYFHCDHNNA-N,-9.683
HSD11B1,m02,mut_s1,detail,1,128,TVKCFCZANTZCSU-OYRHEFFENA-N,-10.131
HSD11B1,m02,mut_s1,detail,1,129,OJFIIUWPOHBVMH-LNNLXFCONA-N,-8.721
HSD11B1,m02,mut_s1,detail,1,130,DKLZMGFTGWKNCD-DIRLUKLVNA-N,-9.965
HSD11B1,m02,mut_s1,detail,1,131,PYSLGWZFRQWTDD-PWIKPTQSNA-N,-9.738
HSD11B1,m02,mut_s1,detail,1,132,MWMBIUUYBQWKJX-QTUCRYGENA-N,-9.305
HSD11B1,m02,mut_s1,detail,1,133,FLYQFCXTEFTSQN-UHFFFAOYNA-N,-8.495
HSD11B1,m02,mut_s1,detail,1,134,PBIBDSDWIMZYDT-WBWGZOKWNA-N,-8.216
HSD11B1,m02,mut_s1,detail,1,135,GSRWMFGBDLHGBU-YEFLILRRNA-N,-8.582
HSD11B1,m02,mut_s1,detail,1,136,AYIJJQHMZAEQKE-QDAGQJSJNA-N,-8.481
HSD11B1,m02,mut_s1,detail,1,137,JVWTZUKPDMRNDC-FSAKADSPNA-N,-8.818
HSD11B1,m02,mut_s1,detail,1,138,XAZPLOLSRXZDBO-LBZABMTDNA-N,-8.351
HSD11B1,m02,mut_s1,detail,1,139,RGWVFJBNHCWCTL-CFEGKOCINA-N,-8.844
HSD11B1,m02,mut_s1,detail,1,140,YYWNRQZCPIMCAK-UHFFFAOYNA-N,-9.245
HSD11B1,m02,mut_s1,detail,1,141,PBTZDKNKXRSZPM-XBXBPLPCNA-N,-8.991
HSD11B1,m02,mut_s1,detail,1,142,QQPOIMHFFPBDQM-LELJVTLKNA-N,-7.45
HSD11B1,m02,mut_s1,detail,1,143,NYFQURFFDGCBCB-MAQJPOOANA-N,-8.873
HSD11B1,m02,mut_s1,detail,1,144,HXZVHWHABLBWBS-MTTPVDACNA-N,-10.032
HSD11B1,m02,mut_s1,detail,1,145,IWYYSOJWYLZKLK-LELJVTLKNA-N,-8.309
HSD11B1,m02,mut_s1,detail,1,146,HOGUCNPGZXMBGW-UHFFFAOYNA-N,-8.833
HSD11B1,m02,mut_s1,detail,1,147,VITUDJAVASFPKN-DUFUIDNCNA-N,-7.757
HSD11B1,m02,mut_s1,detail,1,148,IXAHDCRYEUYPBG-SCXYCHFONA-N,-8.165
HSD11B1,m02,mut_s1,detail,1,149,JWHMEKMLAZQDNS-OZMOGHDGNA-N,-7.812
HSD11B1,m02,mut_s1,detail,1,150,BZWNBTIJLRHNDZ-LBOYIXSDNA-N,-8.851
HSD11B1,m02,mut_s1,detail,1,151,RECYROBESYRUML-UHFFFAOYNA-N,-9.276
HSD11B1,m02,mut_s1,detail,1,152,MLDSJJJLQRZNKW-UHBIVWOUNA-N,-9.917
HSD11B1,m02,mut_s1,detail,1,153,XTWIHJARHCYNFX-PHXLCVRDNA-N,-8.749
HSD11B1,m02,mut_s1,detail,1,154,UQGFETVWTRDGKJ-UHFFFAOYNA-N,-7.628
HSD11B1,m02,mut_s1,detail,1,155,VJFSMDWEMFOWDK-CYSPOYASNA-N,-7.762
HSD11B1,m02,mut_s1,detail,1,156,NZYLXYBIWNIAGH-CYSPOYASNA-N,-8.895
HSD11B1,m02,mut_s1,detail,1,157,ODXCWFOKLBJQNP-MPIMZMORNA-N,-8.274
HSD11B1,m02,mut_s1,detail,1,158,FVDNMAPPDSKXKQ-UHFFFAOYNA-N,-9.508
HSD11B1,m02,mut_s1,detail,1,159,DOPWMPRIRWTOOD-CCHPKIMANA-N,-7.464
HSD11B1,m03,mut_s1,detail,1,0,URVMSYHISUZXNH-UYBDAZJANA-N,-8.588
HSD11B1,m03,mut_s1,detail,1,1,KXRPCFINVWWFHQ-UHFFFAOYNA-N,-5.265
HSD11B1,m03,mut_s1,detail,1,2,NICJTSHRYBTHAS-YHMJCDSINA-N,-6.931
HSD11B1,m03,mut_s1,detail,1,3,SWRZVDTZHDWPDS-AWIDAIFANA-N,-8.075
HSD11B1,m03,mut_s1,detail,1,4,RKNSLLSUFWWYCA-UHFFFAOYNA-N,-9.046
HSD11B1,m03,mut_s1,detail,1,5,OZFSIKFTRRUDES-RIYZIHGNNA-N,-6.618
HSD11B1,m03,mut_s1,detail,1,6,AAGGUCRASUJPPN-UHFFFAOYNA-N,-7.517
HSD11B1,m03,mut_s1,detail,1,7,OYHXDPMAFYHDNG-YAQRNVERNA-N,-7.66
HSD11B1,m03,mut_s1,detail,1,8,AWILWAIEQYZUEQ-UHFFFAOYNA-N,-6.071
HSD11B1,m03,mut_s1,detail,1,9,WSFAXHLMQUUHQT-VMPITWQZNA-N,-7.323
HSD11B1,m03,mut_s1,detail,1,10,WPHMTVNOXKBZKN-UHFFFAOYNA-N,-6.903
HSD11B1,m03,mut_s1,detail,1,11,LPEIZNODGHDCCW-UHFFFAOYNA-N,-7.115
HSD11B1,m03,mut_s1,detail,1,12,QQHWWDVSRWOHEP-LILDFLRNNA-N,-7.824
HSD11B1,m03,mut_s1,detail,1,13,UMEVSSPGBFVQNC-UHFFFAOYNA-N,-6.363
HSD11B1,m03,mut_s1,detail,1,14,VZDIOEKWWZRNQN-UHFFFAOYNA-N,-8.627
HSD11B1,m03,mut_s1,detail,1,15,JEVLDOUORFAHRS-NDKGDYFDNA-N,-7.225
HSD11B1,m03,mut_s1,detail,1,16,NFTGJNJRMWUBPG-GPQMBLKYNA-N,-7.066
HSD11B1,m03,mut_s1,detail,1,17,UMUUTEZBWGDVDA-UHFFFAOYNA-N,-7.314
HSD11B1,m03,mut_s1,detail,1,18,VLQKEPLNPGYNDJ-HCKMINDGNA-N,-7.738
HSD11B1,m03,mut_s1,detail,1,19,PPMVTAATPZLMJM-CDDDEJBQNA-N,-8.452
HSD11B1,m03,mut_s1,detail,1,20,AHLYFAKLKLMESK-YAQRNVERNA-N,-6.507
HSD11B1,m03,mut_s1,detail,1,21,GYEJYLAGVWRSIM-KGJHZMDYNA-N,-7.06
HSD11B1,m03,mut_s1,detail,1,22,RXVALSLAUOIYLW-UHFFFAOYNA-N,-7.153
HSD11B1,m03,mut_s1,detail,1,23,NSELYIFATLFDOZ-JLGFQASFNA-N,-7.451
HSD11B1,m03,mut_s1,detail,1,24,COQFBYACOHFCEC-UHFFFAOYNA-N,-7.489
HSD11B1,m03,mut_s1,detail,1,25,CJGJXFCLDYQBFQ-YJGXKCCXNA-N,-8.193
HSD11B1,m03,mut_s1,detail,1,26,BWNGRRJLFYHENY-INIZCTEONA-N,-6.438
HSD11B1,m03,mut_s1,detail,1,27,BNRFXWSJKVJVOF-UYBDAZJANA-N,-7.86
HSD11B1,m03,mut_s1,detail,1,28,DMULMZBZVBBWBY-PJZINPJWNA-N,-8.184
HSD11B1,m03,mut_s1,detail,1,29,AXLAIGJGNKHDPO-UHFFFAOYNA-N,-6.282
HSD11B1,m03,mut_s1,detail,1,30,RKDGAONZEPYEBT-WXRBYKJCNA-N,-7.291
HSD11B1,m03,mut_s1,detail,1,31,MBOYDUZSCSNUQL-MBBDSNKKNA-N,-7.989
HSD11B1,m03,mut_s1,detail,1,32,KPVDBHRTXOFQDK-YAQRNVERNA-N,-6.465
HSD11B1,m03,mut_s1,detail,1,33,LVCNFMYUKISBSB-VJSNTGQMNA-N,-7.223
HSD11B1,m03,mut_s1,detail,1,34,XLAHCIRKLMJUQC-DZQCGVKKNA-N,-8.558
HSD11B1,m03,mut_s1,detail,1,35,QNYHDABGLCBJOE-SHHGZXMVNA-N,-8.65
HSD11B1,m03,mut_s1,detail,1,36,HEKNRISBWSPMOG-OWTLIXCDNA-N,-7.55
HSD11B1,m03,mut_s1,detail,1,37,VIRNXCRLEVZXNX-LILDFLRNNA-N,-8.566
HSD11B1,m03,mut_s1,detail,1,38,SRTGERSEXJGDMR-UHFFFAOYNA-N,-6.434
HSD11B1,m03,mut_s1,detail,1,39,ZGMGSSRLZJYOKH-WXRBYKJCNA-N,-7.005
HSD11B1,m03,mut_s1,detail,1,40,VGYFDFRFGHHCDA-CUTUCBJDNA-N,-9.087
HSD11B1,m03,mut_s1,detail,1,41,DILPMLYWQJPNLO-HCKMINDGNA-N,-8.16
HSD11B1,m03,mut_s1,detail,1,42,RSOODJIGEVJLMK-LQFNOIFHNA-N,-8.64
HSD11B1,m03,mut_s1,detail,1,43,OWHHWMUAYBIQPR-UHFFFAOYNA-N,-8.94
HSD11B1,m03,mut_s1,detail,1,44,KPIKMVZJKZDOFC-UHFFFAOYNA-N,-9.177
HSD11B1,m03,mut_s1,detail,1,45,DIKDKRUREJXLMR-DPMTXJEANA-N,-8.561
HSD11B1,m03,mut_s1,detail,1,46,QRVJDPKQHAVBDK-UYBDAZJANA-N,-7.723
HSD11B1,m03,mut_s1,detail,1,47,SGBSFKSDPWOALT-UYBDAZJANA-N,-8.252
HSD11B1,m03,mut_s1,detail,1,48,CYHFRNFVZWVHCG-OTJKMEOQNA-N,-8.285
HSD11B1,m03,mut_s1,detail,1,49,MJUDQDHXCQONOA-MPIMZMORNA-N,-8.52
HSD11B1,m03,mut_s1,detail,1,50,RNVYRNLUUYNQAS-PKSOQXRJNA-N,-7.591
HSD11B1,m03,mut_s1,detail,1,51,DLZXOZYETDVJEB-QWOVJGMINA-N,-6.758
HSD11B1,m03,mut_s1,detail,1,52,HSICVZRDGBJSEL-GPQMBLKYNA-N,-8.363
HSD11B1,m03,mut_s1,detail,1,53,HMRUHHFLIMYEAF-QNGOCPJXNA-N,-7.357
HSD11B1,m03,mut_s1,detail,1,54,ZZOWQPSBJUXHCA-YSPRVCGUNA-N,-8.364
HSD11B1,m03,mut_s1,detail,1,55,WDDJLHOUFWSQSV-UHFFFAOYNA-N,-9.337
HSD11B1,m03,mut_s1,detail,1,56,UKLIIGXGTPSYBF-IBCWCQIKNA-N,-7.553
HSD11B1,m03,mut_s1,detail,1,57,LNPOBRXJZYGQMS-MOHJPFBDNA-N,-8.992
HSD11B1,m03,mut_s1,detail,1,58,FYILBFPPKIZBTO-UHFFFAOYNA-N,-8.315
HSD11B1,m03,mut_s1,detail,1,59,MIKIJFODTJGFDI-LILDFLRNNA-N,-7.419
HSD11B1,m03,mut_s1,detail,1,60,RUWCNSLWWCWTSU-LILDFLRNNA-N,-9.289
HSD11B1,m03,mut_s1,detail,1,61,KLQWCHKIQJHYIB-UHFFFAOYNA-N,-8.901
HSD11B1,m03,mut_s1,detail,1,62,QKAWGENQCGFAOE-NPVYFSBINA-N,-8.042
HSD11B1,m03,mut_s1,detail,1,63,KGOKCBRZBBEYBE-MMRXBHCZNA-N,-9.18
HSD11B1,m03,mut_s1,detail,1,64,ROFRXCLSWKEWTN-UHFFFAOYNA-N,-7.735
HSD11B1,m03,mut_s1,detail,1,65,AKRMJNKLSCBEME-FPYGCLRLNA-N,-7.892
HSD11B1,m03,mut_s1,detail,1,66,LCGJUJZLLYTYIF-XMFFZCEENA-N,-7.742
HSD11B1,m03,mut_s1,detail,1,67,FREQNFSEYLEFOI-QRCVEOAVNA-N,-8.092
HSD11B1,m03,mut_s1,detail,1,68,MHMINAYLMNBGSM-UHFFFAOYNA-N,-7.444
HSD11B1,m03,mut_s1,detail,1,69,SYMNTBHEGHFZMV-UHFFFAOYNA-N,-7.739
HSD11B1,m03,mut_s1,detail,1,70,NNCRWGMPCGSKOO-LILDFLRNNA-N,-7.408
HSD11B1,m03,mut_s1,detail,1,71,ZCRRNCCNJMRGFI-UHFFFAOYNA-N,-9.231
HSD11B1,m03,mut_s1,detail,1,72,PYVZEIBGEUQNQQ-UHFFFAOYNA-N,-8.852
HSD11B1,m03,mut_s1,detail,1,73,OROJQWVRCGJACT-XBTAAFKLNA-N,-9.226
HSD11B1,m03,mut_s1,detail,1,74,TXYUWXKCUDOUGU-JLGFQASFNA-N,-7.422
HSD11B1,m03,mut_s1,detail,1,75,LAZANALODSEDSE-UHFFFAOYNA-N,-8.075
HSD11B1,m03,mut_s1,detail,1,76,RJXCYVJLXGRCHK-UHFFFAOYNA-N,-9.808
HSD11B1,m03,mut_s1,detail,1,77,FUSKIBWHJAWEFI-IEJAXPBYNA-N,-7.836
HSD11B1,m03,mut_s1,detail,1,78,SGWVLOCBQLQWQV-UHFFFAOYNA-N,-9.501
HSD11B1,m03,mut_s1,detail,1,79,PPXRQTYXLZCDAZ-QWOVJGMINA-N,-8.147
HSD11B1,m03,mut_s1,detail,1,80,DIFBADFWLVYFHV-LELJVTLKNA-N,-9.04
HSD11B1,m03,mut_s1,detail,1,81,XREOSEVJCQGCHE-MHPMNMKGNA-N,-9.627
HSD11B1,m03,mut_s1,detail,1,82,ZHGPKHBXSKWZEQ-UHFFFAOYNA-N,-8.96
HSD11B1,m03,mut_s1,detail,1,83,ZFAYPJJNPSNAFK-UHFFFAOYNA-N,-9.545
HSD11B1,m03,mut_s1,detail,1,84,LTXMRAGWIDQTQT-MYUTVWBTNA-N,-9.315
HSD11B1,m03,mut_s1,detail,1,85,VXQHYHSSGLOALC-SPEPDGBUNA-N,-9.058
HSD11B1,m03,mut_s1,detail,1,86,KWDSFRAWCISROF-PJQSKVNONA-N,-9.049
HSD11B1,m03,mut_s1,detail,1,87,ZJZXSQPHUQUHIV-ZGZFQTMPNA-N,-9.824
HSD11B1,m03,mut_s1,detail,1,88,UYHIVPBYFWVWEJ-UHFFFAOYNA-N,-9.907
HSD11B1,m03,mut_s1,detail,1,89,PLEFJSUCKRWHBY-LNNLXFCONA-N,-8.641
HSD11B1,m03,mut_s1,detail,1,90,DNSRQCRQLKJUCC-PDJAEHLQNA-N,-9.169
HSD11B1,m03,mut_s1,detail,1,91,PHYKZCBUNVYJNH-YDBXFXKPNA-N,-7.392
HSD11B1,m03,mut_s1,detail,1,92,OOUHZBUAVKCDGA-UHFFFAOYNA-N,-9.636
HSD11B1,m03,mut_s1,detail,1,93,UUQDFZFJDFMLHW-UHFFFAOYNA-N,-8.421
HSD11B1,m03,mut_s1,detail,1,94,OOUDDHNLDLLUOL-SKKVRFOWNA-N,-8.923
HSD11B1,m03,mut_s1,detail,1,95,ZDMQSUAMTLXUTE-MPIMZMORNA-N,-8.833
HSD11B1,m03,mut_s1,detail,1,96,NMPLPABDEKPABN-UHFFFAOYNA-N,-9.224
HSD11B1,m03,mut_s1,detail,1,97,INZRHGSVWGRHBM-NPVYFSBINA-N,-9.174
HSD11B1,m03,mut_s1,detail,1,98,RVGCWMKVTAEQIH-LNNLXFCONA-N,-9.074
HSD11B1,m03,mut_s1,detail,1,99,VRXWKRQOVMZBAF-LJQANCHMNA-N,-9.084
HSD11B1,m03,mut_s1,detail,1,100,QACLWOIBBYOHQP-UYBDAZJANA-N,-8.329
HSD11B1,m03,mut_s1,detail,1,101,ZNXSZVFPCBIELQ-LNNLXFCONA-N,-7.787
HSD11B1,m03,mut_s1,detail,1,102,GKMWCCNMKRSQHR-VEKUMTKDNA-N,-8.977
HSD11B1,m03,mut_s1,detail,1,103,FFGUSRSMWFYKGK-SKKVRFOWNA-N,-8.777
HSD11B1,m03,mut_s1,detail,1,104,KXBDDGKXLZBLOM-SPEPDGBUNA-N,-9.033
HSD11B1,m03,mut_s1,detail,1,105,MIUWULAZCXYTJW-MSHHZIMBNA-N,-9.964
HSD11B1,m03,mut_s1,detail,1,106,JPZOYWVRFLZCIC-NJNXFGOHNA-N,-10.124
HSD11B1,m03,mut_s1,detail,1,107,FAIQTLBYDVKBAB-DVIAZDKANA-N,-9.164
HSD11B1,m03,mut_s1,detail,1,108,APFLRZZAOXCNAZ-UHFFFAOYNA-N,-8.028
HSD11B1,m03,mut_s1,detail,1,109,BSQLDSQTGOZBFD-UHFFFAOYNA-N,-9.644
HSD11B1,m03,mut_s1,detail,1,110,ZVVCFJXCDATSCC-UHFFFAOYNA-N,-9.275
HSD11B1,m03,mut_s1,detail,1,111,SKEQTXZATFWVMB-UYBDAZJANA-N,-7.862
HSD11B1,m03,mut_s1,detail,1,112,IATWYRHDJKMBQK-MPIMZMORNA-N,-7.878
HSD11B1,m03,mut_s1,detail,1,113,JPWOEQDCUZCWKT-MPIMZMORNA-N,-7.66
HSD11B1,m03,mut_s1,detail,1,114,RYHSAXRBHDHPPK-PKSOQXRJNA-N,-8.097
HSD11B1,m03,mut_s1,detail,1,115,GKKJWUFVZJJFPG-MPIMZMORNA-N,-9.036
HSD11B1,m03,mut_s1,detail,1,116,FDNZXFDUCINVLY-BDGWVKIONA-N,-7.542
HSD11B1,m03,mut_s1,detail,1,117,KTBYKHKWIFIFAK-UHFFFAOYNA-N,-10.403
HSD11B1,m03,mut_s1,detail,1,118,ZRXZEWGUECXTTQ-LQFNOIFHNA-N,-9.28
HSD11B1,m03,mut_s1,detail,1,119,XNACBBGLIAJNJM-PECIQRARNA-N,-8.11
HSD11B1,m03,mut_s1,detail,1,120,WQZYYJRVBIQUGH-YWZOXAELNA-N,-8.098
HSD11B1,m03,mut_s1,detail,1,121,ABMSRNRLDZVJFV-SWUIVHNENA-N,-8.957
HSD11B1,m03,mut_s1,detail,1,122,ZEACBIUBSOLEGW-QAITUMOCNA-N,-10.258
HSD11B1,m03,mut_s1,detail,1,123,UBFCDXVLKFOOGL-OKPOJWAQNA-N,-8.164
HSD11B1,m03,mut_s1,detail,1,124,RRIHVAFUFDANEX-NSJMMFDCNA-N,-9.814
HSD11B1,m03,mut_s1,detail,1,125,HASIAUWPWKTSBW-SREBMQDQNA-N,-8.614
HSD11B1,m03,mut_s1,detail,1,126,WHBCKYHTCHCHAY-LQFNOIFHNA-N,-9.734
HSD11B1,m03,mut_s1,detail,1,127,XMAYWYJOQHXEEK-JYFHCDHNNA-N,-8.988
HSD11B1,m03,mut_s1,detail,1,128,TVKCFCZANTZCSU-OYRHEFFENA-N,-10.014
HSD11B1,m03,mut_s1,detail,1,129,OJFIIUWPOHBVMH-LNNLXFCONA-N,-7.922
HSD11B1,m03,mut_s1,detail,1,130,DKLZMGFTGWKNCD-DIRLUKLVNA-N,-9.469
HSD11B1,m03,mut_s1,detail,1,131,PYSLGWZFRQWTDD-PWIKPTQSNA-N,-9.975
HSD11B1,m03,mut_s1,detail,1,132,MWMBIUUYBQWKJX-QTUCRYGENA-N,-9.016
HSD11B1,m03,mut_s1,detail,1,133,FLYQFCXTEFTSQN-UHFFFAOYNA-N,-9.064
HSD11B1,m03,mut_s1,detail,1,134,PBIBDSDWIMZYDT-WBWGZOKWNA-N,-10.364
HSD11B1,m03,mut_s1,detail,1,135,GSRWMFGBDLHGBU-YEFLILRRNA-N,-8.724
HSD11B1,m03,mut_s1,detail,1,136,AYIJJQHMZAEQKE-QDAGQJSJNA-N,-9.544
HSD11B1,m03,mut_s1,detail,1,137,JVWTZUKPDMRNDC-FSAKADSPNA-N,-9.966
HSD11B1,m03,mut_s1,detail,1,138,XAZPLOLSRXZDBO-LBZABMTDNA-N,-8.783
HSD11B1,m03,mut_s1,detail,1,139,RGWVFJBNHCWCTL-CFEGKOCINA-N,-8.861
HSD11B1,m03,mut_s1,detail,1,140,YYWNRQZCPIMCAK-UHFFFAOYNA-N,-9.429
HSD11B1,m03,mut_s1,detail,1,141,PBTZDKNKXRSZPM-XBXBPLPCNA-N,-9.578
HSD11B1,m03,mut_s1,detail,1,142,QQPOIMHFFPBDQM-LELJVTLKNA-N,-7.829
HSD11B1,m03,mut_s1,detail,1,143,NYFQURFFDGCBCB-MAQJPOOANA-N,-8.643
HSD11B1,m03,mut_s1,detail,1,144,HXZVHWHABLBWBS-MTTPVDACNA-N,-10.157
HSD11B1,m03,mut_s1,detail,1,145,IWYYSOJWYLZKLK-LELJVTLKNA-N,-8.665
HSD11B1,m03,mut_s1,detail,1,146,HOGUCNPGZXMBGW-UHFFFAOYNA-N,-9.893
HSD11B1,m03,mut_s1,detail,1,147,VITUDJAVASFPKN-DUFUIDNCNA-N,-9.368
HSD11B1,m03,mut_s1,detail,1,148,IXAHDCRYEUYPBG-SCXYCHFONA-N,-10.744
HSD11B1,m03,mut_s1,detail,1,149,JWHMEKMLAZQDNS-OZMOGHDGNA-N,-7.888
HSD11B1,m03,mut_s1,detail,1,150,BZWNBTIJLRHNDZ-LBOYIXSDNA-N,-9.102
HSD11B1,m03,mut_s1,detail,1,151,RECYROBESYRUML-UHFFFAOYNA-N,-9.488
HSD11B1,m03,mut_s1,detail,1,152,MLDSJJJLQRZNKW-UHBIVWOUNA-N,-9.585
HSD11B1,m03,mut_s1,detail,1,153,XTWIHJARHCYNFX-PHXLCVRDNA-N,-8.419
HSD11B1,m03,mut_s1,detail,1,154,UQGFETVWTRDGKJ-UHFFFAOYNA-N,-8.727
HSD11B1,m03,mut_s1,detail,1,155,VJFSMDWEMFOWDK-CYSPOYASNA-N,-9.311
HSD11B1,m03,mut_s1,detail,1,156,NZYLXYBIWNIAGH-CYSPOYASNA-N,-9.88
HSD11B1,m03,mut_s1,detail,1,157,ODXCWFOKLBJQNP-MPIMZMORNA-N,-8.162
HSD11B1,m03,mut_s1,detail,1,158,FVDNMAPPDSKXKQ-UHFFFAOYNA-N,-10.151
HSD11B1,m03,mut_s1,detail,1,159,DOPWMPRIRWTOOD-CCHPKIMANA-N,-9.273
HSD11B1,m04,mut_s1,detail,1,0,URVMSYHISUZXNH-UYBDAZJANA-N,-8.832
HSD11B1,m04,mut_s1,detail,1,1,KXRPCFINVWWFHQ-UHFFFAOYNA-N,-5.217
HSD11B1,m04,mut_s1,detail,1,2,NICJTSHRYBTHAS-YHMJCDSINA-N,-7.166
HSD11B1,m04,mut_s1,detail,1,3,SWRZVDTZHDWPDS-AWIDAIFANA-N,-8.472
HSD11B1,m04,mut_s1,detail,1,4,RKNSLLSUFWWYCA-UHFFFAOYNA-N,-9.284
HSD11B1,m04,mut_s1,detail,1,5,OZFSIKFTRRUDES-RIYZIHGNNA-N,-6.856
HSD11B1,m04,mut_s1,detail,1,6,AAGGUCRASUJPPN-UHFFFAOYNA-N,-7.802
HSD11B1,m04,mut_s1,detail,1,7,OYHXDPMAFYHDNG-YAQRNVERNA-N,-7.654
HSD11B1,m04,mut_s1,detail,1,8,AWILWAIEQYZUEQ-UHFFFAOYNA-N,-6.863
HSD11B1,m04,mut_s1,detail,1,9,WSFAXHLMQUUHQT-VMPITWQZNA-N,-7.714
HSD11B1,m04,mut_s1,detail,1,10,WPHMTVNOXKBZKN-UHFFFAOYNA-N,-6.864
HSD11B1,m04,mut_s1,detail,1,11,LPEIZNODGHDCCW-UHFFFAOYNA-N,-7.229
HSD11B1,m04,mut_s1,detail,1,12,QQHWWDVSRWOHEP-LILDFLRNNA-N,-8.278
HSD11B1,m04,mut_s1,detail,1,13,UMEVSSPGBFVQNC-UHFFFAOYNA-N,-6.479
HSD11B1,m04,mut_s1,detail,1,14,VZDIOEKWWZRNQN-UHFFFAOYNA-N,-7.899
HSD11B1,m04,mut_s1,detail,1,15,JEVLDOUORFAHRS-NDKGDYFDNA-N,-7.12
HSD11B1,m04,mut_s1,detail,1,16,NFTGJNJRMWUBPG-GPQMBLKYNA-N,-7.659
HSD11B1,m04,mut_s1,detail,1,17,UMUUTEZBWGDVDA-UHFFFAOYNA-N,-7.391
HSD11B1,m04,mut_s1,detail,1,18,VLQKEPLNPGYNDJ-HCKMINDGNA-N,-7.905
HSD11B1,m04,mut_s1,detail,1,19,PPMVTAATPZLMJM-CDDDEJBQNA-N,-8.623
HSD11B1,m04,mut_s1,detail,1,20,AHLYFAKLKLMESK-YAQRNVERNA-N,-6.492
HSD11B1,m04,mut_s1,detail,1,21,GYEJYLAGVWRSIM-KGJHZMDYNA-N,-7.263
HSD11B1,m04,mut_s1,detail,1,22,RXVALSLAUOIYLW-UHFFFAOYNA-N,-7.452
HSD11B1,m04,mut_s1,detail,1,23,NSELYIFATLFDOZ-JLGFQASFNA-N,-7.795
HSD11B1,m04,mut_s1,detail,1,24,COQFBYACOHFCEC-UHFFFAOYNA-N,-7.717
HSD11B1,m04,mut_s1,detail,1,25,CJGJXFCLDYQBFQ-YJGXKCCXNA-N,-8.598
HSD11B1,m04,mut_s1,detail,1,26,BWNGRRJLFYHENY-INIZCTEONA-N,-7.155
HSD11B1,m04,mut_s1,detail,1,27,BNRFXWSJKVJVOF-UYBDAZJANA-N,-8.014
HSD11B1,m04,mut_s1,detail,1,28,DMULMZBZVBBWBY-PJZINPJWNA-N,-7.907
HSD11B1,m04,mut_s1,detail,1,29,AXLAIGJGNKHDPO-UHFFFAOYNA-N,-6.785
HSD11B1,m04,mut_s1,detail,1,30,RKDGAONZEPYEBT-WXRBYKJCNA-N,-7.428
HSD11B1,m04,mut_s1,detail,1,31,MBOYDUZSCSNUQL-MBBDSNKKNA-N,-8.043
HSD11B1,m04,mut_s1,detail,1,32,KPVDBHRTXOFQDK-YAQRNVERNA-N,-6.644
HSD11B1,m04,mut_s1,detail,1,33,LVCNFMYUKISBSB-VJSNTGQMNA-N,-7.308
HSD11B1,m04,mut_s1,detail,1,34,XLAHCIRKLMJUQC-DZQCGVKKNA-N,-8.713
HSD11B1,m04,mut_s1,detail,1,35,QNYHDABGLCBJOE-SHHGZXMVNA-N,-8.863
HSD11B1,m04,mut_s1,detail,1,36,HEKNRISBWSPMOG-OWTLIXCDNA-N,-7.869
HSD11B1,m04,mut_s1,detail,1,37,VIRNXCRLEVZXNX-LILDFLRNNA-N,-8.691
HSD11B1,m04,mut_s1,detail,1,38,SRTGERSEXJGDMR-UHFFFAOYNA-N,-6.721
HSD11B1,m04,mut_s1,detail,1,39,ZGMGSSRLZJYOKH-WXRBYKJCNA-N,-7.097
HSD11B1,m04,mut_s1,detail,1,40,VGYFDFRFGHHCDA-CUTUCBJDNA-N,-8.809
HSD11B1,m04,mut_s1,detail,1,41,DILPMLYWQJPNLO-HCKMINDGNA-N,-8.169
HSD11B1,m04,mut_s1,detail,1,42,RSOODJIGEVJLMK-LQFNOIFHNA-N,-9.126
HSD11B1,m04,mut_s1,detail,1,43,OWHHWMUAYBIQPR-UHFFFAOYNA-N,-9.357
HSD11B1,m04,mut_s1,detail,1,44,KPIKMVZJKZDOFC-UHFFFAOYNA-N,-9.412
HSD11B1,m04,mut_s1,detail,1,45,DIKDKRUREJXLMR-DPMTXJEANA-N,-9.154
HSD11B1,m04,mut_s1,detail,1,46,QRVJDPKQHAVBDK-UYBDAZJANA-N,-7.804
HSD11B1,m04,mut_s1,detail,1,47,SGBSFKSDPWOALT-UYBDAZJANA-N,-8.606
HSD11B1,m04,mut_s1,detail,1,48,CYHFRNFVZWVHCG-OTJKMEOQNA-N,-8.587
HSD11B1,m04,mut_s1,detail,1,49,MJUDQDHXCQONOA-MPIMZMORNA-N,-8.718
HSD11B1,m04,mut_s1,detail,1,50,RNVYRNLUUYNQAS-PKSOQXRJNA-N,-8.005
HSD11B1,m04,mut_s1,detail,1,51,DLZXOZYETDVJEB-QWOVJGMINA-N,-7.676
HSD11B1,m04,mut_s1,detail,1,52,HSICVZRDGBJSEL-GPQMBLKYNA-N,-8.332
HSD11B1,m04,mut_s1,detail,1,53,HMRUHHFLIMYEAF-QNGOCPJXNA-N,-7.786
HSD11B1,m04,mut_s1,detail,1,54,ZZOWQPSBJUXHCA-YSPRVCGUNA-N,-8.711
HSD11B1,m04,mut_s1,detail,1,55,WDDJLHOUFWSQSV-UHFFFAOYNA-N,-8.842
HSD11B1,m04,mut_s1,detail,1,56,UKLIIGXGTPSYBF-IBCWCQIKNA-N,-8.086
HSD11B1,m04,mut_s1,detail,1,57,LNPOBRXJZYGQMS-MOHJPFBDNA-N,-9.397
HSD11B1,m04,mut_s1,detail,1,58,FYILBFPPKIZBTO-UHFFFAOYNA-N,-8.476
HSD11B1,m04,mut_s1,detail,1,59,MIKIJFODTJGFDI-LILDFLRNNA-N,-7.647
HSD11B1,m04,mut_s1,detail,1,60,RUWCNSLWWCWTSU-LILDFLRNNA-N,-9.698
HSD11B1,m04,mut_s1,detail,1,61,KLQWCHKIQJHYIB-UHFFFAOYNA-N,-9.334
HSD11B1,m04,mut_s1,detail,1,62,QKAWGENQCGFAOE-NPVYFSBINA-N,-7.624
HSD11B1,m04,mut_s1,detail,1,63,KGOKCBRZBBEYBE-MMRXBHCZNA-N,-9.415
HSD11B1,m04,mut_s1,detail,1,64,ROFRXCLSWKEWTN-UHFFFAOYNA-N,-8.127
HSD11B1,m04,mut_s1,detail,1,65,AKRMJNKLSCBEME-FPYGCLRLNA-N,-7.87
HSD11B1,m04,mut_s1,detail,1,66,LCGJUJZLLYTYIF-XMFFZCEENA-N,-8.101
HSD11B1,m04,mut_s1,detail,1,67,FREQNFSEYLEFOI-QRCVEOAVNA-N,-7.638
HSD11B1,m04,mut_s1,detail,1,68,MHMINAYLMNBGSM-UHFFFAOYNA-N,-7.944
HSD11B1,m04,mut_s1,detail,1,69,SYMNTBHEGHFZMV-UHFFFAOYNA-N,-8.035
HSD11B1,m04,mut_s1,detail,1,70,NNCRWGMPCGSKOO-LILDFLRNNA-N,-7.664
HSD11B1,m04,mut_s1,detail,1,71,ZCRRNCCNJMRGFI-UHFFFAOYNA-N,-9.794
HSD11B1,m04,mut_s1,detail,1,72,PYVZEIBGEUQNQQ-UHFFFAOYNA-N,-9.149
HSD11B1,m04,mut_s1,detail,1,73,OROJQWVRCGJACT-XBTAAFKLNA-N,-9.234
HSD11B1,m04,mut_s1,detail,1,74,TXYUWXKCUDOUGU-JLGFQASFNA-N,-7.935
HSD11B1,m04,mut_s1,detail,1,75,LAZANALODSEDSE-UHFFFAOYNA-N,-8.187
HSD11B1,m04,mut_s1,detail,1,76,RJXCYVJLXGRCHK-UHFFFAOYNA-N,-10.17
HSD11B1,m04,mut_s1,detail,1,77,FUSKIBWHJAWEFI-IEJAXPBYNA-N,-8.022
HSD11B1,m04,mut_s1,detail,1,78,SGWVLOCBQLQWQV-UHFFFAOYNA-N,-9.812
HSD11B1,m04,mut_s1,detail,1,79,PPXRQTYXLZCDAZ-QWOVJGMINA-N,-8.694
HSD11B1,m04,mut_s1,detail,1,80,DIFBADFWLVYFHV-LELJVTLKNA-N,-9.41
HSD11B1,m04,mut_s1,detail,1,81,XREOSEVJCQGCHE-MHPMNMKGNA-N,-10.301
HSD11B1,m04,mut_s1,detail,1,82,ZHGPKHBXSKWZEQ-UHFFFAOYNA-N,-8.533
HSD11B1,m04,mut_s1,detail,1,83,ZFAYPJJNPSNAFK-UHFFFAOYNA-N,-9.782
HSD11B1,m04,mut_s1,detail,1,84,LTXMRAGWIDQTQT-MYUTVWBTNA-N,-9.563
HSD11B1,m04,mut_s1,detail,1,85,VXQHYHSSGLOALC-SPEPDGBUNA-N,-8.86
HSD11B1,m04,mut_s1,detail,1,86,KWDSFRAWCISROF-PJQSKVNONA-N,-9.029
HSD11B1,m04,mut_s1,detail,1,87,ZJZXSQPHUQUHIV-ZGZFQTMPNA-N,-9.941
HSD11B1,m04,mut_s1,detail,1,88,UYHIVPBYFWVWEJ-UHFFFAOYNA-N,-10.609
HSD11B1,m04,mut_s1,detail,1,89,PLEFJSUCKRWHBY-LNNLXFCONA-N,-8.646
HSD11B1,m04,mut_s1,detail,1,90,DNSRQCRQLKJUCC-PDJAEHLQNA-N,-9.467
HSD11B1,m04,mut_s1,detail,1,91,PHYKZCBUNVYJNH-YDBXFXKPNA-N,-7.557
HSD11B1,m04,mut_s1,detail,1,92,OOUHZBUAVKCDGA-UHFFFAOYNA-N,-10.159
HSD11B1,m04,mut_s1,detail,1,93,UUQDFZFJDFMLHW-UHFFFAOYNA-N,-7.777
HSD11B1,m04,mut_s1,detail,1,94,OOUDDHNLDLLUOL-SKKVRFOWNA-N,-9.104
HSD11B1,m04,mut_s1,detail,1,95,ZDMQSUAMTLXUTE-MPIMZMORNA-N,-9.147
HSD11B1,m04,mut_s1,detail,1,96,NMPLPABDEKPABN-UHFFFAOYNA-N,-9.271
HSD11B1,m04,mut_s1,detail,1,97,INZRHGSVWGRHBM-NPVYFSBINA-N,-9.731
HSD11B1,m04,mut_s1,detail,1,98,RVGCWMKVTAEQIH-LNNLXFCONA-N,-10.162
HSD11B1,m04,mut_s1,detail,1,99,VRXWKRQOVMZBAF-LJQANCHMNA-N,-9.225
HSD11B1,m04,mut_s1,detail,1,100,QACLWOIBBYOHQP-UYBDAZJANA-N,-8.414
HSD11B1,m04,mut_s1,detail,1,101,ZNXSZVFPCBIELQ-LNNLXFCONA-N,-7.934
HSD11B1,m04,mut_s1,detail,1,102,GKMWCCNMKRSQHR-VEKUMTKDNA-N,-9.434
HSD11B1,m04,mut_s1,detail,1,103,FFGUSRSMWFYKGK-SKKVRFOWNA-N,-9.428
HSD11B1,m04,mut_s1,detail,1,104,KXBDDGKXLZBLOM-SPEPDGBUNA-N,-8.868
HSD11B1,m04,mut_s1,detail,1,105,MIUWULAZCXYTJW-MSHHZIMBNA-N,-10.451
HSD11B1,m04,mut_s1,detail,1,106,JPZOYWVRFLZCIC-NJNXFGOHNA-N,-10.557
HSD11B1,m04,mut_s1,detail,1,107,FAIQTLBYDVKBAB-DVIAZDKANA-N,-9.078
HSD11B1,m04,mut_s1,detail,1,108,APFLRZZAOXCNAZ-UHFFFAOYNA-N,-7.82
HSD11B1,m04,mut_s1,detail,1,109,BSQLDSQTGOZBFD-UHFFFAOYNA-N,-8.944
HSD11B1,m04,mut_s1,detail,1,110,ZVVCFJXCDATSCC-UHFFFAOYNA-N,-9.69
HSD11B1,m04,mut_s1,detail,1,111,SKEQTXZATFWVMB-UYBDAZJANA-N,-7.926
HSD11B1,m04,mut_s1,detail,1,112,IATWYRHDJKMBQK-MPIMZMORNA-N,-7.909
HSD11B1,m04,mut_s1,detail,1,113,JPWOEQDCUZCWKT-MPIMZMORNA-N,-7.539
HSD11B1,m04,mut_s1,detail,1,114,RYHSAXRBHDHPPK-PKSOQXRJNA-N,-8.243
HSD11B1,m04,mut_s1,detail,1,115,GKKJWUFVZJJFPG-MPIMZMORNA-N,-9.324
HSD11B1,m04,mut_s1,detail,1,116,FDNZXFDUCINVLY-BDGWVKIONA-N,-8.156
HSD11B1,m04,mut_s1,detail,1,117,KTBYKHKWIFIFAK-UHFFFAOYNA-N,-10.001
HSD11B1,m04,mut_s1,detail,1,118,ZRXZEWGUECXTTQ-LQFNOIFHNA-N,-9.682
HSD11B1,m04,mut_s1,detail,1,119,XNACBBGLIAJNJM-PECIQRARNA-N,-8.181
HSD11B1,m04,mut_s1,detail,1,120,WQZYYJRVBIQUGH-YWZOXAELNA-N,-8.114
HSD11B1,m04,mut_s1,detail,1,121,ABMSRNRLDZVJFV-SWUIVHNENA-N,-9.299
HSD11B1,m04,mut_s1,detail,1,122,ZEACBIUBSOLEGW-QAITUMOCNA-N,-10.332
HSD11B1,m04,mut_s1,detail,1,123,UBFCDXVLKFOOGL-OKPOJWAQNA-N,-9.323
HSD11B1,m04,mut_s1,detail,1,124,RRIHVAFUFDANEX-NSJMMFDCNA-N,-8.338
HSD11B1,m04,mut_s1,detail,1,125,HASIAUWPWKTSBW-SREBMQDQNA-N,-8.136
HSD11B1,m04,mut_s1,detail,1,126,WHBCKYHTCHCHAY-LQFNOIFHNA-N,-9.191
HSD11B1,m04,mut_s1,detail,1,127,XMAYWYJOQHXEEK-JYFHCDHNNA-N,-9.185
HSD11B1,m04,mut_s1,detail,1,128,TVKCFCZANTZCSU-OYRHEFFENA-N,-10.019
HSD11B1,m04,mut_s1,detail,1,129,OJFIIUWPOHBVMH-LNNLXFCONA-N,-8.33
HSD11B1,m04,mut_s1,detail,1,130,DKLZMGFTGWKNCD-DIRLUKLVNA-N,-9.654
HSD11B1,m04,mut_s1,detail,1,131,PYSLGWZFRQWTDD-PWIKPTQSNA-N,-10.311
HSD11B1,m04,mut_s1,detail,1,132,MWMBIUUYBQWKJX-QTUCRYGENA-N,-8.833
HSD11B1,m04,mut_s1,detail,1,133,FLYQFCXTEFTSQN-UHFFFAOYNA-N,-8.692
HSD11B1,m04,mut_s1,detail,1,134,PBIBDSDWIMZYDT-WBWGZOKWNA-N,-8.481
HSD11B1,m04,mut_s1,detail,1,135,GSRWMFGBDLHGBU-YEFLILRRNA-N,-8.06
HSD11B1,m04,mut_s1,detail,1,136,AYIJJQHMZAEQKE-QDAGQJSJNA-N,-10.131
HSD11B1,m04,mut_s1,detail,1,137,JVWTZUKPDMRNDC-FSAKADSPNA-N,-9.725
HSD11B1,m04,mut_s1,detail,1,138,XAZPLOLSRXZDBO-LBZABMTDNA-N,-8.815
HSD11B1,m04,mut_s1,detail,1,139,RGWVFJBNHCWCTL-CFEGKOCINA-N,-9.3
HSD11B1,m04,mut_s1,detail,1,140,YYWNRQZCPIMCAK-UHFFFAOYNA-N,-9.383
HSD11B1,m04,mut_s1,detail,1,141,PBTZDKNKXRSZPM-XBXBPLPCNA-N,-9.615
HSD11B1,m04,mut_s1,detail,1,142,QQPOIMHFFPBDQM-LELJVTLKNA-N,-7.527
HSD11B1,m04,mut_s1,detail,1,143,NYFQURFFDGCBCB-MAQJPOOANA-N,-9.175
HSD11B1,m04,mut_s1,detail,1,144,HXZVHWHABLBWBS-MTTPVDACNA-N,-9.324
HSD11B1,m04,mut_s1,detail,1,145,IWYYSOJWYLZKLK-LELJVTLKNA-N,-9.133
HSD11B1,m04,mut_s1,detail,1,146,HOGUCNPGZXMBGW-UHFFFAOYNA-N,-9.876
HSD11B1,m04,mut_s1,detail,1,147,VITUDJAVASFPKN-DUFUIDNCNA-N,-8.273
HSD11B1,m04,mut_s1,detail,1,148,IXAHDCRYEUYPBG-SCXYCHFONA-N,-10.018
HSD11B1,m04,mut_s1,detail,1,149,JWHMEKMLAZQDNS-OZMOGHDGNA-N,-8.741
HSD11B1,m04,mut_s1,detail,1,150,BZWNBTIJLRHNDZ-LBOYIXSDNA-N,-8.764
HSD11B1,m04,mut_s1,detail,1,151,RECYROBESYRUML-UHFFFAOYNA-N,-8.847
HSD11B1,m04,mut_s1,detail,1,152,MLDSJJJLQRZNKW-UHBIVWOUNA-N,-9.705
HSD11B1,m04,mut_s1,detail,1,153,XTWIHJARHCYNFX-PHXLCVRDNA-N,-7.998
HSD11B1,m04,mut_s1,detail,1,154,UQGFETVWTRDGKJ-UHFFFAOYNA-N,-8.711
HSD11B1,m04,mut_s1,detail,1,155,VJFSMDWEMFOWDK-CYSPOYASNA-N,-8.016
HSD11B1,m04,mut_s1,detail,1,156,NZYLXYBIWNIAGH-CYSPOYASNA-N,-10.283
HSD11B1,m04,mut_s1,detail,1,157,ODXCWFOKLBJQNP-MPIMZMORNA-N,-8.815
HSD11B1,m04,mut_s1,detail,1,158,FVDNMAPPDSKXKQ-UHFFFAOYNA-N,-11.063
HSD11B1,m04,mut_s1,detail,1,159,DOPWMPRIRWTOOD-CCHPKIMANA-N,-8.834
HSD11B1,m05,mut_s1,detail,1,0,URVMSYHISUZXNH-UYBDAZJANA-N,-8.303
HSD11B1,m05,mut_s1,detail,1,1,KXRPCFINVWWFHQ-UHFFFAOYNA-N,-4.692
HSD11B1,m05,mut_s1,detail,1,2,NICJTSHRYBTHAS-YHMJCDSINA-N,-7.511
HSD11B1,m05,mut_s1,detail,1,3,SWRZVDTZHDWPDS-AWIDAIFANA-N,-8.003
HSD11B1,m05,mut_s1,detail,1,4,RKNSLLSUFWWYCA-UHFFFAOYNA-N,-8.133
HSD11B1,m05,mut_s1,detail,1,5,OZFSIKFTRRUDES-RIYZIHGNNA-N,-6.205
HSD11B1,m05,mut_s1,detail,1,6,AAGGUCRASUJPPN-UHFFFAOYNA-N,-7.347
HSD11B1,m05,mut_s1,detail,1,7,OYHXDPMAFYHDNG-YAQRNVERNA-N,-6.82
HSD11B1,m05,mut_s1,detail,1,8,AWILWAIEQYZUEQ-UHFFFAOYNA-N,-6.31
HSD11B1,m05,mut_s1,detail,1,9,WSFAXHLMQUUHQT-VMPITWQZNA-N,-7.653
HSD11B1,m05,mut_s1,detail,1,10,WPHMTVNOXKBZKN-UHFFFAOYNA-N,-6.849
HSD11B1,m05,mut_s1,detail,1,11,LPEIZNODGHDCCW-UHFFFAOYNA-N,-6.907
HSD11B1,m05,mut_s1,detail,1,12,QQHWWDVSRWOHEP-LILDFLRNNA-N,-8.116
HSD11B1,m05,mut_s1,detail,1,13,UMEVSSPGBFVQNC-UHFFFAOYNA-N,-5.925
HSD11B1,m05,mut_s1,detail,1,14,VZDIOEKWWZRNQN-UHFFFAOYNA-N,-8.283
HSD11B1,m05,mut_s1,detail,1,15,JEVLDOUORFAHRS-NDKGDYFDNA-N,-6.673
HSD11B1,m05,mut_s1,detail,1,16,NFTGJNJRMWUBPG-GPQMBLKYNA-N,-6.944
HSD11B1,m05,mut_s1,detail,1,17,UMUUTEZBWGDVDA-UHFFFAOYNA-N,-7.15
HSD11B1,m05,mut_s1,detail,1,18,VLQKEPLNPGYNDJ-HCKMINDGNA-N,-7.366
HSD11B1,m05,mut_s1,detail,1,19,PPMVTAATPZLMJM-CDDDEJBQNA-N,-7.934
HSD11B1,m05,mut_s1,detail,1,20,AHLYFAKLKLMESK-YAQRNVERNA-N,-6.515
HSD11B1,m05,mut_s1,detail,1,21,GYEJYLAGVWRSIM-KGJHZMDYNA-N,-7.076
HSD11B1,m05,mut_s1,detail,1,22,RXVALSLAUOIYLW-UHFFFAOYNA-N,-7.632
HSD11B1,m05,mut_s1,detail,1,23,NSELYIFATLFDOZ-JLGFQASFNA-N,-7.403
HSD11B1,m05,mut_s1,detail,1,24,COQFBYACOHFCEC-UHFFFAOYNA-N,-7.042
HSD11B1,m05,mut_s1,detail,1,25,CJGJXFCLDYQBFQ-YJGXKCCXNA-N,-8.316
HSD11B1,m05,mut_s1,detail,1,26,BWNGRRJLFYHENY-INIZCTEONA-N,-6.772
HSD11B1,m05,mut_s1,detail,1,27,BNRFXWSJKVJVOF-UYBDAZJANA-N,-7.85
HSD11B1,m05,mut_s1,detail,1,28,DMULMZBZVBBWBY-PJZINPJWNA-N,-8.076
HSD11B1,m05,mut_s1,detail,1,29,AXLAIGJGNKHDPO-UHFFFAOYNA-N,-6.359
HSD11B1,m05,mut_s1,detail,1,30,RKDGAONZEPYEBT-WXRBYKJCNA-N,-6.849
HSD11B1,m05,mut_s1,detail,1,31,MBOYDUZSCSNUQL-MBBDSNKKNA-N,-7.35
HSD11B1,m05,mut_s1,detail,1,32,KPVDBHRTXOFQDK-YAQRNVERNA-N,-6.498
HSD11B1,m05,mut_s1,detail,1,33,LVCNFMYUKISBSB-VJSNTGQMNA-N,-7.292
HSD11B1,m05,mut_s1,detail,1,34,XLAHCIRKLMJUQC-DZQCGVKKNA-N,-8.208
HSD11B1,m05,mut_s1,detail,1,35,QNYHDABGLCBJOE-SHHGZXMVNA-N,-8.845
HSD11B1,m05,mut_s1,detail,1,36,HEKNRISBWSPMOG-OWTLIXCDNA-N,-7.162
HSD11B1,m05,mut_s1,detail,1,37,VIRNXCRLEVZXNX-LILDFLRNNA-N,-8.583
HSD11B1,m05,mut_s1,detail,1,38,SRTGERSEXJGDMR-UHFFFAOYNA-N,-5.949
HSD11B1,m05,mut_s1,detail,1,39,ZGMGSSRLZJYOKH-WXRBYKJCNA-N,-6.769
HSD11B1,m05,mut_s1,detail,1,40,VGYFDFRFGHHCDA-CUTUCBJDNA-N,-9.244
HSD11B1,m05,mut_s1,detail,1,41,DILPMLYWQJPNLO-HCKMINDGNA-N,-7.936
HSD11B1,m05,mut_s1,detail,1,42,RSOODJIGEVJLMK-LQFNOIFHNA-N,-8.762
HSD11B1,m05,mut_s1,detail,1,43,OWHHWMUAYBIQPR-UHFFFAOYNA-N,-8.469
HSD11B1,m05,mut_s1,detail,1,44,KPIKMVZJKZDOFC-UHFFFAOYNA-N,-9.004
HSD11B1,m05,mut_s1,detail,1,45,DIKDKRUREJXLMR-DPMTXJEANA-N,-8.864
HSD11B1,m05,mut_s1,detail,1,46,QRVJDPKQHAVBDK-UYBDAZJANA-N,-7.724
HSD11B1,m05,mut_s1,detail,1,47,SGBSFKSDPWOALT-UYBDAZJANA-N,-7.861
HSD11B1,m05,mut_s1,detail,1,48,CYHFRNFVZWVHCG-OTJKMEOQNA-N,-8.144
HSD11B1,m05,mut_s1,detail,1,49,MJUDQDHXCQONOA-MPIMZMORNA-N,-8.353
HSD11B1,m05,mut_s1,detail,1,50,RNVYRNLUUYNQAS-PKSOQXRJNA-N,-7.893
HSD11B1,m05,mut_s1,detail,1,51,DLZXOZYETDVJEB-QWOVJGMINA-N,-6.966
HSD11B1,m05,mut_s1,detail,1,52,HSICVZRDGBJSEL-GPQMBLKYNA-N,-8.138
HSD11B1,m05,mut_s1,detail,1,53,HMRUHHFLIMYEAF-QNGOCPJXNA-N,-7.22
HSD11B1,m05,mut_s1,detail,1,54,ZZOWQPSBJUXHCA-YSPRVCGUNA-N,-8.013
HSD11B1,m05,mut_s1,detail,1,55,WDDJLHOUFWSQSV-UHFFFAOYNA-N,-9.552
HSD11B1,m05,mut_s1,detail,1,56,UKLIIGXGTPSYBF-IBCWCQIKNA-N,-7.792
HSD11B1,m05,mut_s1,detail,1,57,LNPOBRXJZYGQMS-MOHJPFBDNA-N,-8.574
HSD11B1,m05,mut_s1,detail,1,58,FYILBFPPKIZBTO-UHFFFAOYNA-N,-7.775
HSD11B1,m05,mut_s1,detail,1,59,MIKIJFODTJGFDI-LILDFLRNNA-N,-7.351
HSD11B1,m05,mut_s1,detail,1,60,RUWCNSLWWCWTSU-LILDFLRNNA-N,-9.374
HSD11B1,m05,mut_s1,detail,1,61,KLQWCHKIQJHYIB-UHFFFAOYNA-N,-8.792
HSD11B1,m05,mut_s1,detail,1,62,QKAWGENQCGFAOE-NPVYFSBINA-N,-8.146
HSD11B1,m05,mut_s1,detail,1,63,KGOKCBRZBBEYBE-MMRXBHCZNA-N,-9.151
HSD11B1,m05,mut_s1,detail,1,64,ROFRXCLSWKEWTN-UHFFFAOYNA-N,-7.499
HSD11B1,m05,mut_s1,detail,1,65,AKRMJNKLSCBEME-FPYGCLRLNA-N,-6.556
HSD11B1,m05,mut_s1,detail,1,66,LCGJUJZLLYTYIF-XMFFZCEENA-N,-7.406
HSD11B1,m05,mut_s1,detail,1,67,FREQNFSEYLEFOI-QRCVEOAVNA-N,-7.605
HSD11B1,m05,mut_s1,detail,1,68,MHMINAYLMNBGSM-UHFFFAOYNA-N,-7.185
HSD11B1,m05,mut_s1,detail,1,69,SYMNTBHEGHFZMV-UHFFFAOYNA-N,-7.959
HSD11B1,m05,mut_s1,detail,1,70,NNCRWGMPCGSKOO-LILDFLRNNA-N,-7.237
HSD11B1,m05,mut_s1,detail,1,71,ZCRRNCCNJMRGFI-UHFFFAOYNA-N,-9.065
HSD11B1,m05,mut_s1,detail,1,72,PYVZEIBGEUQNQQ-UHFFFAOYNA-N,-8.652
HSD11B1,m05,mut_s1,detail,1,73,OROJQWVRCGJACT-XBTAAFKLNA-N,-9.729
HSD11B1,m05,mut_s1,detail,1,74,TXYUWXKCUDOUGU-JLGFQASFNA-N,-7.631
HSD11B1,m05,mut_s1,detail,1,75,LAZANALODSEDSE-UHFFFAOYNA-N,-8.207
HSD11B1,m05,mut_s1,detail,1,76,RJXCYVJLXGRCHK-UHFFFAOYNA-N,-9.529
HSD11B1,m05,mut_s1,detail,1,77,FUSKIBWHJAWEFI-IEJAXPBYNA-N,-8.339
HSD11B1,m05,mut_s1,detail,1,78,SGWVLOCBQLQWQV-UHFFFAOYNA-N,-8.552
HSD11B1,m05,mut_s1,detail,1,79,PPXRQTYXLZCDAZ-QWOVJGMINA-N,-8.317
HSD11B1,m05,mut_s1,detail,1,80,DIFBADFWLVYFHV-LELJVTLKNA-N,-9.288
HSD11B1,m05,mut_s1,detail,1,81,XREOSEVJCQGCHE-MHPMNMKGNA-N,-9.386
HSD11B1,m05,mut_s1,detail,1,82,ZHGPKHBXSKWZEQ-UHFFFAOYNA-N,-9.417
HSD11B1,m05,mut_s1,detail,1,83,ZFAYPJJNPSNAFK-UHFFFAOYNA-N,-9.977
HSD11B1,m05,mut_s1,detail,1,84,LTXMRAGWIDQTQT-MYUTVWBTNA-N,-9.545
HSD11B1,m05,mut_s1,detail,1,85,VXQHYHSSGLOALC-SPEPDGBUNA-N,-9.097
HSD11B1,m05,mut_s1,detail,1,86,KWDSFRAWCISROF-PJQSKVNONA-N,-9.082
HSD11B1,m05,mut_s1,detail,1,87,ZJZXSQPHUQUHIV-ZGZFQTMPNA-N,-8.931
HSD11B1,m05,mut_s1,detail,1,88,UYHIVPBYFWVWEJ-UHFFFAOYNA-N,-10.166
HSD11B1,m05,mut_s1,detail,1,89,PLEFJSUCKRWHBY-LNNLXFCONA-N,-8.753
HSD11B1,m05,mut_s1,detail,1,90,DNSRQCRQLKJUCC-PDJAEHLQNA-N,-8.826
HSD11B1,m05,mut_s1,detail,1,91,PHYKZCBUNVYJNH-YDBXFXKPNA-N,-7.192
HSD11B1,m05,mut_s1,detail,1,92,OOUHZBUAVKCDGA-UHFFFAOYNA-N,-9.147
HSD11B1,m05,mut_s1,detail,1,93,UUQDFZFJDFMLHW-UHFFFAOYNA-N,-7.698
HSD11B1,m05,mut_s1,detail,1,94,OOUDDHNLDLLUOL-SKKVRFOWNA-N,-9.494
HSD11B1,m05,mut_s1,detail,1,95,ZDMQSUAMTLXUTE-MPIMZMORNA-N,-8.933
HSD11B1,m05,mut_s1,detail,1,96,NMPLPABDEKPABN-UHFFFAOYNA-N,-8.304
HSD11B1,m05,mut_s1,detail,1,97,INZRHGSVWGRHBM-NPVYFSBINA-N,-9.388
HSD11B1,m05,mut_s1,detail,1,98,RVGCWMKVTAEQIH-LNNLXFCONA-N,-8.697
HSD11B1,m05,mut_s1,detail,1,99,VRXWKRQOVMZBAF-LJQANCHMNA-N,-8.759
HSD11B1,m05,mut_s1,detail,1,100,QACLWOIBBYOHQP-UYBDAZJANA-N,-7.939
HSD11B1,m05,mut_s1,detail,1,101,ZNXSZVFPCBIELQ-LNNLXFCONA-N,-7.808
HSD11B1,m05,mut_s1,detail,1,102,GKMWCCNMKRSQHR-VEKUMTKDNA-N,-9.335
HSD11B1,m05,mut_s1,detail,1,103,FFGUSRSMWFYKGK-SKKVRFOWNA-N,-8.598
HSD11B1,m05,mut_s1,detail,1,104,KXBDDGKXLZBLOM-SPEPDGBUNA-N,-9.081
HSD11B1,m05,mut_s1,detail,1,105,MIUWULAZCXYTJW-MSHHZIMBNA-N,-9.86
HSD11B1,m05,mut_s1,detail,1,106,JPZOYWVRFLZCIC-NJNXFGOHNA-N,-10.135
HSD11B1,m05,mut_s1,detail,1,107,FAIQTLBYDVKBAB-DVIAZDKANA-N,-8.728
HSD11B1,m05,mut_s1,detail,1,108,APFLRZZAOXCNAZ-UHFFFAOYNA-N,-8.262
HSD11B1,m05,mut_s1,detail,1,109,BSQLDSQTGOZBFD-UHFFFAOYNA-N,-9.111
HSD11B1,m05,mut_s1,detail,1,110,ZVVCFJXCDATSCC-UHFFFAOYNA-N,-8.977
HSD11B1,m05,mut_s1,detail,1,111,SKEQTXZATFWVMB-UYBDAZJANA-N,-7.575
HSD11B1,m05,mut_s1,detail,1,112,IATWYRHDJKMBQK-MPIMZMORNA-N,-8.424
HSD11B1,m05,mut_s1,detail,1,113,JPWOEQDCUZCWKT-MPIMZMORNA-N,-7.234
HSD11B1,m05,mut_s1,detail,1,114,RYHSAXRBHDHPPK-PKSOQXRJNA-N,-8.029
HSD11B1,m05,mut_s1,detail,1,115,GKKJWUFVZJJFPG-MPIMZMORNA-N,-8.564
HSD11B1,m05,mut_s1,detail,1,116,FDNZXFDUCINVLY-BDGWVKIONA-N,-6.554
HSD11B1,m05,mut_s1,detail,1,117,KTBYKHKWIFIFAK-UHFFFAOYNA-N,-10.422
HSD11B1,m05,mut_s1,detail,1,118,ZRXZEWGUECXTTQ-LQFNOIFHNA-N,-9.199
HSD11B1,m05,mut_s1,detail,1,119,XNACBBGLIAJNJM-PECIQRARNA-N,-7.944
HSD11B1,m05,mut_s1,detail,1,120,WQZYYJRVBIQUGH-YWZOXAELNA-N,-9.508
HSD11B1,m05,mut_s1,detail,1,121,ABMSRNRLDZVJFV-SWUIVHNENA-N,-9.005
HSD11B1,m05,mut_s1,detail,1,122,ZEACBIUBSOLEGW-QAITUMOCNA-N,-10.074
HSD11B1,m05,mut_s1,detail,1,123,UBFCDXVLKFOOGL-OKPOJWAQNA-N,-8.669
HSD11B1,m05,mut_s1,detail,1,124,RRIHVAFUFDANEX-NSJMMFDCNA-N,-9.6
HSD11B1,m05,mut_s1,detail,1,125,HASIAUWPWKTSBW-SREBMQDQNA-N,-8.854
HSD11B1,m05,mut_s1,detail,1,126,WHBCKYHTCHCHAY-LQFNOIFHNA-N,-9.149
HSD11B1,m05,mut_s1,detail,1,127,XMAYWYJOQHXEEK-JYFHCDHNNA-N,-9.345
HSD11B1,m05,mut_s1,detail,1,128,TVKCFCZANTZCSU-OYRHEFFENA-N,-9.698
HSD11B1,m05,mut_s1,detail,1,129,OJFIIUWPOHBVMH-LNNLXFCONA-N,-8.383
HSD11B1,m05,mut_s1,detail,1,130,DKLZMGFTGWKNCD-DIRLUKLVNA-N,-10.021
HSD11B1,m05,mut_s1,detail,1,131,PYSLGWZFRQWTDD-PWIKPTQSNA-N,-9.883
HSD11B1,m05,mut_s1,detail,1,132,MWMBIUUYBQWKJX-QTUCRYGENA-N,-8.907
HSD11B1,m05,mut_s1,detail,1,133,FLYQFCXTEFTSQN-UHFFFAOYNA-N,-9.365
HSD11B1,m05,mut_s1,detail,1,134,PBIBDSDWIMZYDT-WBWGZOKWNA-N,-9.387
HSD11B1,m05,mut_s1,detail,1,135,GSRWMFGBDLHGBU-YEFLILRRNA-N,-8.265
HSD11B1,m05,mut_s1,detail,1,136,AYIJJQHMZAEQKE-QDAGQJSJNA-N,-9.94
HSD11B1,m05,mut_s1,detail,1,137,JVWTZUKPDMRNDC-FSAKADSPNA-N,-10.015
HSD11B1,m05,mut_s1,detail,1,138,XAZPLOLSRXZDBO-LBZABMTDNA-N,-9.147
HSD11B1,m05,mut_s1,detail,1,139,RGWVFJBNHCWCTL-CFEGKOCINA-N,-8.236
HSD11B1,m05,mut_s1,detail,1,140,YYWNRQZCPIMCAK-UHFFFAOYNA-N,-8.591
HSD11B1,m05,mut_s1,detail,1,141,PBTZDKNKXRSZPM-XBXBPLPCNA-N,-9.106
HSD11B1,m05,mut_s1,detail,1,142,QQPOIMHFFPBDQM-LELJVTLKNA-N,-8.429
HSD11B1,m05,mut_s1,detail,1,143,NYFQURFFDGCBCB-MAQJPOOANA-N,-8.108
HSD11B1,m05,mut_s1,detail,1,144,HXZVHWHABLBWBS-MTTPVDACNA-N,-10.203
HSD11B1,m05,mut_s1,detail,1,145,IWYYSOJWYLZKLK-LELJVTLKNA-N,-8.526
HSD11B1,m05,mut_s1,detail,1,146,HOGUCNPGZXMBGW-UHFFFAOYNA-N,-9.828
HSD11B1,m05,mut_s1,detail,1,147,VITUDJAVASFPKN-DUFUIDNCNA-N,-8.473
HSD11B1,m05,mut_s1,detail,1,148,IXAHDCRYEUYPBG-SCXYCHFONA-N,-11.778
HSD11B1,m05,mut_s1,detail,1,149,JWHMEKMLAZQDNS-OZMOGHDGNA-N,-7.804
HSD11B1,m05,mut_s1,detail,1,150,BZWNBTIJLRHNDZ-LBOYIXSDNA-N,-9.357
HSD11B1,m05,mut_s1,detail,1,151,RECYROBESYRUML-UHFFFAOYNA-N,-10.007
HSD11B1,m05,mut_s1,detail,1,152,MLDSJJJLQRZNKW-UHBIVWOUNA-N,-9.697
HSD11B1,m05,mut_s1,detail,1,153,XTWIHJARHCYNFX-PHXLCVRDNA-N,-8.878
HSD11B1,m05,mut_s1,detail,1,154,UQGFETVWTRDGKJ-UHFFFAOYNA-N,-8.411
HSD11B1,m05,mut_s1,detail,1,155,VJFSMDWEMFOWDK-CYSPOYASNA-N,-9.816
HSD11B1,m05,mut_s1,detail,1,156,NZYLXYBIWNIAGH-CYSPOYASNA-N,-10.504
HSD11B1,m05,mut_s1,detail,1,157,ODXCWFOKLBJQNP-MPIMZMORNA-N,-8.151
HSD11B1,m05,mut_s1,detail,1,158,FVDNMAPPDSKXKQ-UHFFFAOYNA-N,-10.813
HSD11B1,m05,mut_s1,detail,1,159,DOPWMPRIRWTOOD-CCHPKIMANA-N,-9.469
HSD11B1,m06,mut_s1,detail,1,0,URVMSYHISUZXNH-UYBDAZJANA-N,-8.409
HSD11B1,m06,mut_s1,detail,1,1,KXRPCFINVWWFHQ-UHFFFAOYNA-N,-4.973
HSD11B1,m06,mut_s1,detail,1,2,NICJTSHRYBTHAS-YHMJCDSINA-N,-7.369
HSD11B1,m06,mut_s1,detail,1,3,SWRZVDTZHDWPDS-AWIDAIFANA-N,-8.528
HSD11B1,m06,mut_s1,detail,1,4,RKNSLLSUFWWYCA-UHFFFAOYNA-N,-8.936
HSD11B1,m06,mut_s1,detail,1,5,OZFSIKFTRRUDES-RIYZIHGNNA-N,-6.637
HSD11B1,m06,mut_s1,detail,1,6,AAGGUCRASUJPPN-UHFFFAOYNA-N,-7.816
HSD11B1,m06,mut_s1,detail,1,7,OYHXDPMAFYHDNG-YAQRNVERNA-N,-7.619
HSD11B1,m06,mut_s1,detail,1,8,AWILWAIEQYZUEQ-UHFFFAOYNA-N,-7.071
HSD11B1,m06,mut_s1,detail,1,9,WSFAXHLMQUUHQT-VMPITWQZNA-N,-7.64
HSD11B1,m06,mut_s1,detail,1,10,WPHMTVNOXKBZKN-UHFFFAOYNA-N,-6.87
HSD11B1,m06,mut_s1,detail,1,11,LPEIZNODGHDCCW-UHFFFAOYNA-N,-7.215
HSD11B1,m06,mut_s1,detail,1,12,QQHWWDVSRWOHEP-LILDFLRNNA-N,-8.334
HSD11B1,m06,mut_s1,detail,1,13,UMEVSSPGBFVQNC-UHFFFAOYNA-N,-6.312
HSD11B1,m06,mut_s1,detail,1,14,VZDIOEKWWZRNQN-UHFFFAOYNA-N,-8.407
HSD11B1,m06,mut_s1,detail,1,15,JEVLDOUORFAHRS-NDKGDYFDNA-N,-7.075
HSD11B1,m06,mut_s1,detail,1,16,NFTGJNJRMWUBPG-GPQMBLKYNA-N,-7.73
HSD11B1,m06,mut_s1,detail,1,17,UMUUTEZBWGDVDA-UHFFFAOYNA-N,-7.205
HSD11B1,m06,mut_s1,detail,1,18,VLQKEPLNPGYNDJ-HCKMINDGNA-N,-7.715
HSD11B1,m06,mut_s1,detail,1,19,PPMVTAATPZLMJM-CDDDEJBQNA-N,-8.391
HSD11B1,m06,mut_s1,detail,1,20,AHLYFAKLKLMESK-YAQRNVERNA-N,-6.671
HSD11B1,m06,mut_s1,detail,1,21,GYEJYLAGVWRSIM-KGJHZMDYNA-N,-7.154
HSD11B1,m06,mut_s1,detail,1,22,RXVALSLAUOIYLW-UHFFFAOYNA-N,-7.972
HSD11B1,m06,mut_s1,detail,1,23,NSELYIFATLFDOZ-JLGFQASFNA-N,-7.801
HSD11B1,m06,mut_s1,detail,1,24,COQFBYACOHFCEC-UHFFFAOYNA-N,-7.805
HSD11B1,m06,mut_s1,detail,1,25,CJGJXFCLDYQBFQ-YJGXKCCXNA-N,-9.274
HSD11B1,m06,mut_s1,detail,1,26,BWNGRRJLFYHENY-INIZCTEONA-N,-6.82
HSD11B1,m06,mut_s1,detail,1,27,BNRFXWSJKVJVOF-UYBDAZJANA-N,-8.551
HSD11B1,m06,mut_s1,detail,1,28,DMULMZBZVBBWBY-PJZINPJWNA-N,-8.802
HSD11B1,m06,mut_s1,detail,1,29,AXLAIGJGNKHDPO-UHFFFAOYNA-N,-6.745
HSD11B1,m06,mut_s1,detail,1,30,RKDGAONZEPYEBT-WXRBYKJCNA-N,-7.167
HSD11B1,m06,mut_s1,detail,1,31,MBOYDUZSCSNUQL-MBBDSNKKNA-N,-8.035
HSD11B1,m06,mut_s1,detail,1,32,KPVDBHRTXOFQDK-YAQRNVERNA-N,-7.195
HSD11B1,m06,mut_s1,detail,1,33,LVCNFMYUKISBSB-VJSNTGQMNA-N,-7.472
HSD11B1,m06,mut_s1,detail,1,34,XLAHCIRKLMJUQC-DZQCGVKKNA-N,-8.637
HSD11B1,m06,mut_s1,detail,1,35,QNYHDABGLCBJOE-SHHGZXMVNA-N,-8.986
HSD11B1,m06,mut_s1,detail,1,36,HEKNRISBWSPMOG-OWTLIXCDNA-N,-7.908
HSD11B1,m06,mut_s1,detail,1,37,VIRNXCRLEVZXNX-LILDFLRNNA-N,-9.156
HSD11B1,m06,mut_s1,detail,1,38,SRTGERSEXJGDMR-UHFFFAOYNA-N,-6.938
HSD11B1,m06,mut_s1,detail,1,39,ZGMGSSRLZJYOKH-WXRBYKJCNA-N,-6.843
HSD11B1,m06,mut_s1,detail,1,40,VGYFDFRFGHHCDA-CUTUCBJDNA-N,-9.616
HSD11B1,m06,mut_s1,detail,1,41,DILPMLYWQJPNLO-HCKMINDGNA-N,-8.567
HSD11B1,m06,mut_s1,detail,1,42,RSOODJIGEVJLMK-LQFNOIFHNA-N,-9.868
HSD11B1,m06,mut_s1,detail,1,43,OWHHWMUAYBIQPR-UHFFFAOYNA-N,-9.158
HSD11B1,m06,mut_s1,detail,1,44,KPIKMVZJKZDOFC-UHFFFAOYNA-N,-9.413
HSD11B1,m06,mut_s1,detail,1,45,DIKDKRUREJXLMR-DPMTXJEANA-N,-9.125
HSD11B1,m06,mut_s1,detail,1,46,QRVJDPKQHAVBDK-UYBDAZJANA-N,-7.586
HSD11B1,m06,mut_s1,detail,1,47,SGBSFKSDPWOALT-UYBDAZJANA-N,-8.157
HSD11B1,m06,mut_s1,detail,1,48,CYHFRNFVZWVHCG-OTJKMEOQNA-N,-8.275
HSD11B1,m06,mut_s1,detail,1,49,MJUDQDHXCQONOA-MPIMZMORNA-N,-8.479
HSD11B1,m06,mut_s1,detail,1,50,RNVYRNLUUYNQAS-PKSOQXRJNA-N,-7.725
HSD11B1,m06,mut_s1,detail,1,51,DLZXOZYETDVJEB-QWOVJGMINA-N,-7.404
HSD11B1,m06,mut_s1,detail,1,52,HSICVZRDGBJSEL-GPQMBLKYNA-N,-8.393
HSD11B1,m06,mut_s1,detail,1,53,HMRUHHFLIMYEAF-QNGOCPJXNA-N,-7.725
HSD11B1,m06,mut_s1,detail,1,54,ZZOWQPSBJUXHCA-YSPRVCGUNA-N,-8.96
HSD11B1,m06,mut_s1,detail,1,55,WDDJLHOUFWSQSV-UHFFFAOYNA-N,-10.356
HSD11B1,m06,mut_s1,detail,1,56,UKLIIGXGTPSYBF-IBCWCQIKNA-N,-8.634
HSD11B1,m06,mut_s1,detail,1,57,LNPOBRXJZYGQMS-MOHJPFBDNA-N,-9.643
HSD11B1,m06,mut_s1,detail,1,58,FYILBFPPKIZBTO-UHFFFAOYNA-N,-8.303
HSD11B1,m06,mut_s1,detail,1,59,MIKIJFODTJGFDI-LILDFLRNNA-N,-7.832
HSD11B1,m06,mut_s1,detail,1,60,RUWCNSLWWCWTSU-LILDFLRNNA-N,-9.832
HSD11B1,m06,mut_s1,detail,1,61,KLQWCHKIQJHYIB-UHFFFAOYNA-N,-9.692
HSD11B1,m06,mut_s1,detail,1,62,QKAWGENQCGFAOE-NPVYFSBINA-N,-8.526
HSD11B1,m06,mut_s1,detail,1,63,KGOKCBRZBBEYBE-MMRXBHCZNA-N,-9.89
HSD11B1,m06,mut_s1,detail,1,64,ROFRXCLSWKEWTN-UHFFFAOYNA-N,-7.884
HSD11B1,m06,mut_s1,detail,1,65,AKRMJNKLSCBEME-FPYGCLRLNA-N,-6.869
HSD11B1,m06,mut_s1,detail,1,66,LCGJUJZLLYTYIF-XMFFZCEENA-N,-7.994
HSD11B1,m06,mut_s1,detail,1,67,FREQNFSEYLEFOI-QRCVEOAVNA-N,-7.778
HSD11B1,m06,mut_s1,detail,1,68,MHMINAYLMNBGSM-UHFFFAOYNA-N,-7.798
HSD11B1,m06,mut_s1,detail,1,69,SYMNTBHEGHFZMV-UHFFFAOYNA-N,-8.207
HSD11B1,m06,mut_s1,detail,1,70,NNCRWGMPCGSKOO-LILDFLRNNA-N,-7.19
HSD11B1,m06,mut_s1,detail,1,71,ZCRRNCCNJMRGFI-UHFFFAOYNA-N,-9.459
HSD11B1,m06,mut_s1,detail,1,72,PYVZEIBGEUQNQQ-UHFFFAOYNA-N,-9.798
HSD11B1,m06,mut_s1,detail,1,73,OROJQWVRCGJACT-XBTAAFKLNA-N,-9.937
HSD11B1,m06,mut_s1,detail,1,74,TXYUWXKCUDOUGU-JLGFQASFNA-N,-7.947
HSD11B1,m06,mut_s1,detail,1,75,LAZANALODSEDSE-UHFFFAOYNA-N,-8.893
HSD11B1,m06,mut_s1,detail,1,76,RJXCYVJLXGRCHK-UHFFFAOYNA-N,-10.42
HSD11B1,m06,mut_s1,detail,1,77,FUSKIBWHJAWEFI-IEJAXPBYNA-N,-8.989
HSD11B1,m06,mut_s1,detail,1,78,SGWVLOCBQLQWQV-UHFFFAOYNA-N,-9.264
HSD11B1,m06,mut_s1,detail,1,79,PPXRQTYXLZCDAZ-QWOVJGMINA-N,-8.738
HSD11B1,m06,mut_s1,detail,1,80,DIFBADFWLVYFHV-LELJVTLKNA-N,-9.611
HSD11B1,m06,mut_s1,detail,1,81,XREOSEVJCQGCHE-MHPMNMKGNA-N,-9.46
HSD11B1,m06,mut_s1,detail,1,82,ZHGPKHBXSKWZEQ-UHFFFAOYNA-N,-9.251
HSD11B1,m06,mut_s1,detail,1,83,ZFAYPJJNPSNAFK-UHFFFAOYNA-N,-9.465
HSD11B1,m06,mut_s1,detail,1,84,LTXMRAGWIDQTQT-MYUTVWBTNA-N,-10.27
HSD11B1,m06,mut_s1,detail,1,85,VXQHYHSSGLOALC-SPEPDGBUNA-N,-10.72
HSD11B1,m06,mut_s1,detail,1,86,KWDSFRAWCISROF-PJQSKVNONA-N,-9.87
HSD11B1,m06,mut_s1,detail,1,87,ZJZXSQPHUQUHIV-ZGZFQTMPNA-N,-11.275
HSD11B1,m06,mut_s1,detail,1,88,UYHIVPBYFWVWEJ-UHFFFAOYNA-N,-10.823
HSD11B1,m06,mut_s1,detail,1,89,PLEFJSUCKRWHBY-LNNLXFCONA-N,-9.841
HSD11B1,m06,mut_s1,detail,1,90,DNSRQCRQLKJUCC-PDJAEHLQNA-N,-9.021
HSD11B1,m06,mut_s1,detail,1,91,PHYKZCBUNVYJNH-YDBXFXKPNA-N,-7.496
HSD11B1,m06,mut_s1,detail,1,92,OOUHZBUAVKCDGA-UHFFFAOYNA-N,-9.882
HSD11B1,m06,mut_s1,detail,1,93,UUQDFZFJDFMLHW-UHFFFAOYNA-N,-8.755
HSD11B1,m06,mut_s1,detail,1,94,OOUDDHNLDLLUOL-SKKVRFOWNA-N,-9.388
HSD11B1,m06,mut_s1,detail,1,95,ZDMQSUAMTLXUTE-MPIMZMORNA-N,-9.77
HSD11B1,m06,mut_s1,detail,1,96,NMPLPABDEKPABN-UHFFFAOYNA-N,-9.306
HSD11B1,m06,mut_s1,detail,1,97,INZRHGSVWGRHBM-NPVYFSBINA-N,-9.774
HSD11B1,m06,mut_s1,detail,1,98,RVGCWMKVTAEQIH-LNNLXFCONA-N,-10.161
HSD11B1,m06,mut_s1,detail,1,99,VRXWKRQOVMZBAF-LJQANCHMNA-N,-9.223
HSD11B1,m06,mut_s1,detail,1,100,QACLWOIBBYOHQP-UYBDAZJANA-N,-8.486
HSD11B1,m06,mut_s1,detail,1,101,ZNXSZVFPCBIELQ-LNNLXFCONA-N,-8.191
HSD11B1,m06,mut_s1,detail,1,102,GKMWCCNMKRSQHR-VEKUMTKDNA-N,-9.928
HSD11B1,m06,mut_s1,detail,1,103,FFGUSRSMWFYKGK-SKKVRFOWNA-N,-9.41
HSD11B1,m06,mut_s1,detail,1,104,KXBDDGKXLZBLOM-SPEPDGBUNA-N,-9.112
HSD11B1,m06,mut_s1,detail,1,105,MIUWULAZCXYTJW-MSHHZIMBNA-N,-10.4
HSD11B1,m06,mut_s1,detail,1,106,JPZOYWVRFLZCIC-NJNXFGOHNA-N,-11.035
HSD11B1,m06,mut_s1,detail,1,107,FAIQTLBYDVKBAB-DVIAZDKANA-N,-8.388
HSD11B1,m06,mut_s1,detail,1,108,APFLRZZAOXCNAZ-UHFFFAOYNA-N,-7.792
HSD11B1,m06,mut_s1,detail,1,109,BSQLDSQTGOZBFD-UHFFFAOYNA-N,-9.303
HSD11B1,m06,mut_s1,detail,1,110,ZVVCFJXCDATSCC-UHFFFAOYNA-N,-9.155
HSD11B1,m06,mut_s1,detail,1,111,SKEQTXZATFWVMB-UYBDAZJANA-N,-7.975
HSD11B1,m06,mut_s1,detail,1,112,IATWYRHDJKMBQK-MPIMZMORNA-N,-8.544
HSD11B1,m06,mut_s1,detail,1,113,JPWOEQDCUZCWKT-MPIMZMORNA-N,-7.973
HSD11B1,m06,mut_s1,detail,1,114,RYHSAXRBHDHPPK-PKSOQXRJNA-N,-8.618
HSD11B1,m06,mut_s1,detail,1,115,GKKJWUFVZJJFPG-MPIMZMORNA-N,-9.3
HSD11B1,m06,mut_s1,detail,1,116,FDNZXFDUCINVLY-BDGWVKIONA-N,-6.962
HSD11B1,m06,mut_s1,detail,1,117,KTBYKHKWIFIFAK-UHFFFAOYNA-N,-11.331
HSD11B1,m06,mut_s1,detail,1,118,ZRXZEWGUECXTTQ-LQFNOIFHNA-N,-9.811
HSD11B1,m06,mut_s1,detail,1,119,XNACBBGLIAJNJM-PECIQRARNA-N,-8.984
HSD11B1,m06,mut_s1,detail,1,120,WQZYYJRVBIQUGH-YWZOXAELNA-N,-10.59
HSD11B1,m06,mut_s1,detail,1,121,ABMSRNRLDZVJFV-SWUIVHNENA-N,-9.284
HSD11B1,m06,mut_s1,detail,1,122,ZEACBIUBSOLEGW-QAITUMOCNA-N,-10.957
HSD11B1,m06,mut_s1,detail,1,123,UBFCDXVLKFOOGL-OKPOJWAQNA-N,-8.764
HSD11B1,m06,mut_s1,detail,1,124,RRIHVAFUFDANEX-NSJMMFDCNA-N,-10.279
HSD11B1,m06,mut_s1,detail,1,125,HASIAUWPWKTSBW-SREBMQDQNA-N,-8.666
HSD11B1,m06,mut_s1,detail,1,126,WHBCKYHTCHCHAY-LQFNOIFHNA-N,-9.968
HSD11B1,m06,mut_s1,detail,1,127,XMAYWYJOQHXEEK-JYFHCDHNNA-N,-9.598
HSD11B1,m06,mut_s1,detail,1,128,TVKCFCZANTZCSU-OYRHEFFENA-N,-10.676
HSD11B1,m06,mut_s1,detail,1,129,OJFIIUWPOHBVMH-LNNLXFCONA-N,-8.665
HSD11B1,m06,mut_s1,detail,1,130,DKLZMGFTGWKNCD-DIRLUKLVNA-N,-11.095
HSD11B1,m06,mut_s1,detail,1,131,PYSLGWZFRQWTDD-PWIKPTQSNA-N,-10.018
HSD11B1,m06,mut_s1,detail,1,132,MWMBIUUYBQWKJX-QTUCRYGENA-N,-9.644
HSD11B1,m06,mut_s1,detail,1,133,FLYQFCXTEFTSQN-UHFFFAOYNA-N,-9.853
HSD11B1,m06,mut_s1,detail,1,134,PBIBDSDWIMZYDT-WBWGZOKWNA-N,-11.034
HSD11B1,m06,mut_s1,detail,1,135,GSRWMFGBDLHGBU-YEFLILRRNA-N,-8.57
HSD11B1,m06,mut_s1,detail,1,136,AYIJJQHMZAEQKE-QDAGQJSJNA-N,-10.914
HSD11B1,m06,mut_s1,detail,1,137,JVWTZUKPDMRNDC-FSAKADSPNA-N,-10.558
HSD11B1,m06,mut_s1,detail,1,138,XAZPLOLSRXZDBO-LBZABMTDNA-N,-9.369
HSD11B1,m06,mut_s1,detail,1,139,RGWVFJBNHCWCTL-CFEGKOCINA-N,-8.719
HSD11B1,m06,mut_s1,detail,1,140,YYWNRQZCPIMCAK-UHFFFAOYNA-N,-9.744
HSD11B1,m06,mut_s1,detail,1,141,PBTZDKNKXRSZPM-XBXBPLPCNA-N,-9.645
HSD11B1,m06,mut_s1,detail,1,142,QQPOIMHFFPBDQM-LELJVTLKNA-N,-9.538
HSD11B1,m06,mut_s1,detail,1,143,NYFQURFFDGCBCB-MAQJPOOANA-N,-9.166
HSD11B1,m06,mut_s1,detail,1,144,HXZVHWHABLBWBS-MTTPVDACNA-N,-11.697
HSD11B1,m06,mut_s1,detail,1,145,IWYYSOJWYLZKLK-LELJVTLKNA-N,-9.358
HSD11B1,m06,mut_s1,detail,1,146,HOGUCNPGZXMBGW-UHFFFAOYNA-N,-12.017
HSD11B1,m06,mut_s1,detail,1,147,VITUDJAVASFPKN-DUFUIDNCNA-N,-10.404
HSD11B1,m06,mut_s1,detail,1,148,IXAHDCRYEUYPBG-SCXYCHFONA-N,-11.108
HSD11B1,m06,mut_s1,detail,1,149,JWHMEKMLAZQDNS-OZMOGHDGNA-N,-8.516
HSD11B1,m06,mut_s1,detail,1,150,BZWNBTIJLRHNDZ-LBOYIXSDNA-N,-10.384
HSD11B1,m06,mut_s1,detail,1,151,RECYROBESYRUML-UHFFFAOYNA-N,-11.406
HSD11B1,m06,mut_s1,detail,1,152,MLDSJJJLQRZNKW-UHBIVWOUNA-N,-9.48
HSD11B1,m06,mut_s1,detail,1,153,XTWIHJARHCYNFX-PHXLCVRDNA-N,-8.764
HSD11B1,m06,mut_s1,detail,1,154,UQGFETVWTRDGKJ-UHFFFAOYNA-N,-9.237
HSD11B1,m06,mut_s1,detail,1,155,VJFSMDWEMFOWDK-CYSPOYASNA-N,-10.943
HSD11B1,m06,mut_s1,detail,1,156,NZYLXYBIWNIAGH-CYSPOYASNA-N,-10.634
HSD11B1,m06,mut_s1,detail,1,157,ODXCWFOKLBJQNP-MPIMZMORNA-N,-8.289
HSD11B1,m06,mut_s1,detail,1,158,FVDNMAPPDSKXKQ-UHFFFAOYNA-N,-11.21
HSD11B1,m06,mut_s1,detail,1,159,DOPWMPRIRWTOOD-CCHPKIMANA-N,-9.863
HSD11B1,m07,mut_s1,detail,1,0,URVMSYHISUZXNH-UYBDAZJANA-N,-8.279
HSD11B1,m07,mut_s1,detail,1,1,KXRPCFINVWWFHQ-UHFFFAOYNA-N,-5.484
HSD11B1,m07,mut_s1,detail,1,2,NICJTSHRYBTHAS-YHMJCDSINA-N,-7.412
HSD11B1,m07,mut_s1,detail,1,3,SWRZVDTZHDWPDS-AWIDAIFANA-N,-8.981
HSD11B1,m07,mut_s1,detail,1,4,RKNSLLSUFWWYCA-UHFFFAOYNA-N,-8.853
HSD11B1,m07,mut_s1,detail,1,5,OZFSIKFTRRUDES-RIYZIHGNNA-N,-6.513
HSD11B1,m07,mut_s1,detail,1,6,AAGGUCRASUJPPN-UHFFFAOYNA-N,-8.387
HSD11B1,m07,mut_s1,detail,1,7,OYHXDPMAFYHDNG-YAQRNVERNA-N,-7.866
HSD11B1,m07,mut_s1,detail,1,8,AWILWAIEQYZUEQ-UHFFFAOYNA-N,-7.36
HSD11B1,m07,mut_s1,detail,1,9,WSFAXHLMQUUHQT-VMPITWQZNA-N,-7.958
HSD11B1,m07,mut_s1,detail,1,10,WPHMTVNOXKBZKN-UHFFFAOYNA-N,-6.871
HSD11B1,m07,mut_s1,detail,1,11,LPEIZNODGHDCCW-UHFFFAOYNA-N,-7.392
HSD11B1,m07,mut_s1,detail,1,12,QQHWWDVSRWOHEP-LILDFLRNNA-N,-8.265
HSD11B1,m07,mut_s1,detail,1,13,UMEVSSPGBFVQNC-UHFFFAOYNA-N,-6.565
HSD11B1,m07,mut_s1,detail,1,14,VZDIOEKWWZRNQN-UHFFFAOYNA-N,-8.736
HSD11B1,m07,mut_s1,detail,1,15,JEVLDOUORFAHRS-NDKGDYFDNA-N,-7.558
HSD11B1,m07,mut_s1,detail,1,16,NFTGJNJRMWUBPG-GPQMBLKYNA-N,-7.444
HSD11B1,m07,mut_s1,detail,1,17,UMUUTEZBWGDVDA-UHFFFAOYNA-N,-7.384
HSD11B1,m07,mut_s1,detail,1,18,VLQKEPLNPGYNDJ-HCKMINDGNA-N,-8.086
HSD11B1,m07,mut_s1,detail,1,19,PPMVTAATPZLMJM-CDDDEJBQNA-N,-8.998
HSD11B1,m07,mut_s1,detail,1,20,AHLYFAKLKLMESK-YAQRNVERNA-N,-7.469
HSD11B1,m07,mut_s1,detail,1,21,GYEJYLAGVWRSIM-KGJHZMDYNA-N,-7.642
HSD11B1,m07,mut_s1,detail,1,22,RXVALSLAUOIYLW-UHFFFAOYNA-N,-8.584
HSD11B1,m07,mut_s1,detail,1,23,NSELYIFATLFDOZ-JLGFQASFNA-N,-7.468
HSD11B1,m07,mut_s1,detail,1,24,COQFBYACOHFCEC-UHFFFAOYNA-N,-8.062
HSD11B1,m07,mut_s1,detail,1,25,CJGJXFCLDYQBFQ-YJGXKCCXNA-N,-8.851
HSD11B1,m07,mut_s1,detail,1,26,BWNGRRJLFYHENY-INIZCTEONA-N,-7.307
HSD11B1,m07,mut_s1,detail,1,27,BNRFXWSJKVJVOF-UYBDAZJANA-N,-8.523
HSD11B1,m07,mut_s1,detail,1,28,DMULMZBZVBBWBY-PJZINPJWNA-N,-8.98
HSD11B1,m07,mut_s1,detail,1,29,AXLAIGJGNKHDPO-UHFFFAOYNA-N,-7.186
HSD11B1,m07,mut_s1,detail,1,30,RKDGAONZEPYEBT-WXRBYKJCNA-N,-6.936
HSD11B1,m07,mut_s1,detail,1,31,MBOYDUZSCSNUQL-MBBDSNKKNA-N,-8.012
HSD11B1,m07,mut_s1,detail,1,32,KPVDBHRTXOFQDK-YAQRNVERNA-N,-6.714
HSD11B1,m07,mut_s1,detail,1,33,LVCNFMYUKISBSB-VJSNTGQMNA-N,-7.511
HSD11B1,m07,mut_s1,detail,1,34,XLAHCIRKLMJUQC-DZQCGVKKNA-N,-8.519
HSD11B1,m07,mut_s1,detail,1,35,QNYHDABGLCBJOE-SHHGZXMVNA-N,-8.742
HSD11B1,m07,mut_s1,detail,1,36,HEKNRISBWSPMOG-OWTLIXCDNA-N,-7.715
HSD11B1,m07,mut_s1,detail,1,37,VIRNXCRLEVZXNX-LILDFLRNNA-N,-9.037
HSD11B1,m07,mut_s1,detail,1,38,SRTGERSEXJGDMR-UHFFFAOYNA-N,-7.189
HSD11B1,m07,mut_s1,detail,1,39,ZGMGSSRLZJYOKH-WXRBYKJCNA-N,-7.025
HSD11B1,m07,mut_s1,detail,1,40,VGYFDFRFGHHCDA-CUTUCBJDNA-N,-8.69
HSD11B1,m07,mut_s1,detail,1,41,DILPMLYWQJPNLO-HCKMINDGNA-N,-8.437
HSD11B1,m07,mut_s1,detail,1,42,RSOODJIGEVJLMK-LQFNOIFHNA-N,-9.479
HSD11B1,m07,mut_s1,detail,1,43,OWHHWMUAYBIQPR-UHFFFAOYNA-N,-9.057
HSD11B1,m07,mut_s1,detail,1,44,KPIKMVZJKZDOFC-UHFFFAOYNA-N,-9.651
HSD11B1,m07,mut_s1,detail,1,45,DIKDKRUREJXLMR-DPMTXJEANA-N,-8.474
HSD11B1,m07,mut_s1,detail,1,46,QRVJDPKQHAVBDK-UYBDAZJANA-N,-7.943
HSD11B1,m07,mut_s1,detail,1,47,SGBSFKSDPWOALT-UYBDAZJANA-N,-8.64
HSD11B1,m07,mut_s1,detail,1,48,CYHFRNFVZWVHCG-OTJKMEOQNA-N,-8.548
HSD11B1,m07,mut_s1,detail,1,49,MJUDQDHXCQONOA-MPIMZMORNA-N,-8.645
HSD11B1,m07,mut_s1,detail,1,50,RNVYRNLUUYNQAS-PKSOQXRJNA-N,-8.388
HSD11B1,m07,mut_s1,detail,1,51,DLZXOZYETDVJEB-QWOVJGMINA-N,-7.637
HSD11B1,m07,mut_s1,detail,1,52,HSICVZRDGBJSEL-GPQMBLKYNA-N,-8.047
HSD11B1,m07,mut_s1,detail,1,53,HMRUHHFLIMYEAF-QNGOCPJXNA-N,-7.15
HSD11B1,m07,mut_s1,detail,1,54,ZZOWQPSBJUXHCA-YSPRVCGUNA-N,-8.122
HSD11B1,m07,mut_s1,detail,1,55,WDDJLHOUFWSQSV-UHFFFAOYNA-N,-8.628
HSD11B1,m07,mut_s1,detail,1,56,UKLIIGXGTPSYBF-IBCWCQIKNA-N,-8.232
HSD11B1,m07,mut_s1,detail,1,57,LNPOBRXJZYGQMS-MOHJPFBDNA-N,-9.603
HSD11B1,m07,mut_s1,detail,1,58,FYILBFPPKIZBTO-UHFFFAOYNA-N,-8.16
HSD11B1,m07,mut_s1,detail,1,59,MIKIJFODTJGFDI-LILDFLRNNA-N,-8.291
HSD11B1,m07,mut_s1,detail,1,60,RUWCNSLWWCWTSU-LILDFLRNNA-N,-9.756
HSD11B1,m07,mut_s1,detail,1,61,KLQWCHKIQJHYIB-UHFFFAOYNA-N,-9.616
HSD11B1,m07,mut_s1,detail,1,62,QKAWGENQCGFAOE-NPVYFSBINA-N,-7.8
HSD11B1,m07,mut_s1,detail,1,63,KGOKCBRZBBEYBE-MMRXBHCZNA-N,-9.571
HSD11B1,m07,mut_s1,detail,1,64,ROFRXCLSWKEWTN-UHFFFAOYNA-N,-7.719
HSD11B1,m07,mut_s1,detail,1,65,AKRMJNKLSCBEME-FPYGCLRLNA-N,-7.758
HSD11B1,m07,mut_s1,detail,1,66,LCGJUJZLLYTYIF-XMFFZCEENA-N,-7.609
HSD11B1,m07,mut_s1,detail,1,67,FREQNFSEYLEFOI-QRCVEOAVNA-N,-8.244
HSD11B1,m07,mut_s1,detail,1,68,MHMINAYLMNBGSM-UHFFFAOYNA-N,-7.609
HSD11B1,m07,mut_s1,detail,1,69,SYMNTBHEGHFZMV-UHFFFAOYNA-N,-8.736
HSD11B1,m07,mut_s1,detail,1,70,NNCRWGMPCGSKOO-LILDFLRNNA-N,-7.785
HSD11B1,m07,mut_s1,detail,1,71,ZCRRNCCNJMRGFI-UHFFFAOYNA-N,-9.748
HSD11B1,m07,mut_s1,detail,1,72,PYVZEIBGEUQNQQ-UHFFFAOYNA-N,-9.797
HSD11B1,m07,mut_s1,detail,1,73,OROJQWVRCGJACT-XBTAAFKLNA-N,-9.601
HSD11B1,m07,mut_s1,detail,1,74,TXYUWXKCUDOUGU-JLGFQASFNA-N,-7.584
HSD11B1,m07,mut_s1,detail,1,75,LAZANALODSEDSE-UHFFFAOYNA-N,-7.982
HSD11B1,m07,mut_s1,detail,1,76,RJXCYVJLXGRCHK-UHFFFAOYNA-N,-9.92
HSD11B1,m07,mut_s1,detail,1,77,FUSKIBWHJAWEFI-IEJAXPBYNA-N,-8.281
HSD11B1,m07,mut_s1,detail,1,78,SGWVLOCBQLQWQV-UHFFFAOYNA-N,-9.451
HSD11B1,m07,mut_s1,detail,1,79,PPXRQTYXLZCDAZ-QWOVJGMINA-N,-8.725
HSD11B1,m07,mut_s1,detail,1,80,DIFBADFWLVYFHV-LELJVTLKNA-N,-9.053
HSD11B1,m07,mut_s1,detail,1,81,XREOSEVJCQGCHE-MHPMNMKGNA-N,-9.738
HSD11B1,m07,mut_s1,detail,1,82,ZHGPKHBXSKWZEQ-UHFFFAOYNA-N,-8.771
HSD11B1,m07,mut_s1,detail,1,83,ZFAYPJJNPSNAFK-UHFFFAOYNA-N,-9.35
HSD11B1,m07,mut_s1,detail,1,84,LTXMRAGWIDQTQT-MYUTVWBTNA-N,-10.478
HSD11B1,m07,mut_s1,detail,1,85,VXQHYHSSGLOALC-SPEPDGBUNA-N,-10.062
HSD11B1,m07,mut_s1,detail,1,86,KWDSFRAWCISROF-PJQSKVNONA-N,-9.171
HSD11B1,m07,mut_s1,detail,1,87,ZJZXSQPHUQUHIV-ZGZFQTMPNA-N,-10.24
HSD11B1,m07,mut_s1,detail,1,88,UYHIVPBYFWVWEJ-UHFFFAOYNA-N,-10.076
HSD11B1,m07,mut_s1,detail,1,89,PLEFJSUCKRWHBY-LNNLXFCONA-N,-8.378
HSD11B1,m07,mut_s1,detail,1,90,DNSRQCRQLKJUCC-PDJAEHLQNA-N,-9.656
HSD11B1,m07,mut_s1,detail,1,91,PHYKZCBUNVYJNH-YDBXFXKPNA-N,-7.748
HSD11B1,m07,mut_s1,detail,1,92,OOUHZBUAVKCDGA-UHFFFAOYNA-N,-9.538
HSD11B1,m07,mut_s1,detail,1,93,UUQDFZFJDFMLHW-UHFFFAOYNA-N,-7.962
HSD11B1,m07,mut_s1,detail,1,94,OOUDDHNLDLLUOL-SKKVRFOWNA-N,-9.638
HSD11B1,m07,mut_s1,detail,1,95,ZDMQSUAMTLXUTE-MPIMZMORNA-N,-9.499
HSD11B1,m07,mut_s1,detail,1,96,NMPLPABDEKPABN-UHFFFAOYNA-N,-9.382
HSD11B1,m07,mut_s1,detail,1,97,INZRHGSVWGRHBM-NPVYFSBINA-N,-9.931
HSD11B1,m07,mut_s1,detail,1,98,RVGCWMKVTAEQIH-LNNLXFCONA-N,-9.606
HSD11B1,m07,mut_s1,detail,1,99,VRXWKRQOVMZBAF-LJQANCHMNA-N,-7.789
HSD11B1,m07,mut_s1,detail,1,100,QACLWOIBBYOHQP-UYBDAZJANA-N,-8.76
HSD11B1,m07,mut_s1,detail,1,101,ZNXSZVFPCBIELQ-LNNLXFCONA-N,-8.369
HSD11B1,m07,mut_s1,detail,1,102,GKMWCCNMKRSQHR-VEKUMTKDNA-N,-8.942
HSD11B1,m07,mut_s1,detail,1,103,FFGUSRSMWFYKGK-SKKVRFOWNA-N,-9.206
HSD11B1,m07,mut_s1,detail,1,104,KXBDDGKXLZBLOM-SPEPDGBUNA-N,-8.562
HSD11B1,m07,mut_s1,detail,1,105,MIUWULAZCXYTJW-MSHHZIMBNA-N,-9.481
HSD11B1,m07,mut_s1,detail,1,106,JPZOYWVRFLZCIC-NJNXFGOHNA-N,-9.934
HSD11B1,m07,mut_s1,detail,1,107,FAIQTLBYDVKBAB-DVIAZDKANA-N,-8.762
HSD11B1,m07,mut_s1,detail,1,108,APFLRZZAOXCNAZ-UHFFFAOYNA-N,-7.5
HSD11B1,m07,mut_s1,detail,1,109,BSQLDSQTGOZBFD-UHFFFAOYNA-N,-8.595
HSD11B1,m07,mut_s1,detail,1,110,ZVVCFJXCDATSCC-UHFFFAOYNA-N,-9.025
HSD11B1,m07,mut_s1,detail,1,111,SKEQTXZATFWVMB-UYBDAZJANA-N,-7.097
HSD11B1,m07,mut_s1,detail,1,112,IATWYRHDJKMBQK-MPIMZMORNA-N,-8.498
HSD11B1,m07,mut_s1,detail,1,113,JPWOEQDCUZCWKT-MPIMZMORNA-N,-7.588
HSD11B1,m07,mut_s1,detail,1,114,RYHSAXRBHDHPPK-PKSOQXRJNA-N,-7.972
HSD11B1,m07,mut_s1,detail,1,115,GKKJWUFVZJJFPG-MPIMZMORNA-N,-8.919
HSD11B1,m07,mut_s1,detail,1,116,FDNZXFDUCINVLY-BDGWVKIONA-N,-8.334
HSD11B1,m07,mut_s1,detail,1,117,KTBYKHKWIFIFAK-UHFFFAOYNA-N,-10.338
HSD11B1,m07,mut_s1,detail,1,118,ZRXZEWGUECXTTQ-LQFNOIFHNA-N,-9.201
HSD11B1,m07,mut_s1,detail,1,119,XNACBBGLIAJNJM-PECIQRARNA-N,-6.735
HSD11B1,m07,mut_s1,detail,1,120,WQZYYJRVBIQUGH-YWZOXAELNA-N,-7.874
HSD11B1,m07,mut_s1,detail,1,121,ABMSRNRLDZVJFV-SWUIVHNENA-N,-9.214
HSD11B1,m07,mut_s1,detail,1,122,ZEACBIUBSOLEGW-QAITUMOCNA-N,-10.198
HSD11B1,m07,mut_s1,detail,1,123,UBFCDXVLKFOOGL-OKPOJWAQNA-N,-9.375
HSD11B1,m07,mut_s1,detail,1,124,RRIHVAFUFDANEX-NSJMMFDCNA-N,-8.508
HSD11B1,m07,mut_s1,detail,1,125,HASIAUWPWKTSBW-SREBMQDQNA-N,-8.43
HSD11B1,m07,mut_s1,detail,1,126,WHBCKYHTCHCHAY-LQFNOIFHNA-N,-8.962
HSD11B1,m07,mut_s1,detail,1,127,XMAYWYJOQHXEEK-JYFHCDHNNA-N,-9.707
HSD11B1,m07,mut_s1,detail,1,128,TVKCFCZANTZCSU-OYRHEFFENA-N,-8.981
HSD11B1,m07,mut_s1,detail,1,129,OJFIIUWPOHBVMH-LNNLXFCONA-N,-8.568
HSD11B1,m07,mut_s1,detail,1,130,DKLZMGFTGWKNCD-DIRLUKLVNA-N,-9.19
HSD11B1,m07,mut_s1,detail,1,131,PYSLGWZFRQWTDD-PWIKPTQSNA-N,-9.864
HSD11B1,m07,mut_s1,detail,1,132,MWMBIUUYBQWKJX-QTUCRYGENA-N,-9.2
HSD11B1,m07,mut_s1,detail,1,133,FLYQFCXTEFTSQN-UHFFFAOYNA-N,-9.017
HSD11B1,m07,mut_s1,detail,1,134,PBIBDSDWIMZYDT-WBWGZOKWNA-N,-7.926
HSD11B1,m07,mut_s1,detail,1,135,GSRWMFGBDLHGBU-YEFLILRRNA-N,-7.863
HSD11B1,m07,mut_s1,detail,1,136,AYIJJQHMZAEQKE-QDAGQJSJNA-N,-7.852
HSD11B1,m07,mut_s1,detail,1,137,JVWTZUKPDMRNDC-FSAKADSPNA-N,-9.239
HSD11B1,m07,mut_s1,detail,1,138,XAZPLOLSRXZDBO-LBZABMTDNA-N,-7.905
HSD11B1,m07,mut_s1,detail,1,139,RGWVFJBNHCWCTL-CFEGKOCINA-N,-9.088
HSD11B1,m07,mut_s1,detail,1,140,YYWNRQZCPIMCAK-UHFFFAOYNA-N,-9.687
HSD11B1,m07,mut_s1,detail,1,141,PBTZDKNKXRSZPM-XBXBPLPCNA-N,-8.392
HSD11B1,m07,mut_s1,detail,1,142,QQPOIMHFFPBDQM-LELJVTLKNA-N,-7.687
HSD11B1,m07,mut_s1,detail,1,143,NYFQURFFDGCBCB-MAQJPOOANA-N,-8.126
HSD11B1,m07,mut_s1,detail,1,144,HXZVHWHABLBWBS-MTTPVDACNA-N,-8.681
HSD11B1,m07,mut_s1,detail,1,145,IWYYSOJWYLZKLK-LELJVTLKNA-N,-8.935
HSD11B1,m07,mut_s1,detail,1,146,HOGUCNPGZXMBGW-UHFFFAOYNA-N,-8.531
HSD11B1,m07,mut_s1,detail,1,147,VITUDJAVASFPKN-DUFUIDNCNA-N,-7.668
HSD11B1,m07,mut_s1,detail,1,148,IXAHDCRYEUYPBG-SCXYCHFONA-N,-9.142
HSD11B1,m07,mut_s1,detail,1,149,JWHMEKMLAZQDNS-OZMOGHDGNA-N,-7.744
HSD11B1,m07,mut_s1,detail,1,150,BZWNBTIJLRHNDZ-LBOYIXSDNA-N,-9.271
HSD11B1,m07,mut_s1,detail,1,151,RECYROBESYRUML-UHFFFAOYNA-N,-8.495
HSD11B1,m07,mut_s1,detail,1,152,MLDSJJJLQRZNKW-UHBIVWOUNA-N,-9.801
HSD11B1,m07,mut_s1,detail,1,153,XTWIHJARHCYNFX-PHXLCVRDNA-N,-8.675
HSD11B1,m07,mut_s1,detail,1,154,UQGFETVWTRDGKJ-UHFFFAOYNA-N,-7.101
HSD11B1,m07,mut_s1,detail,1,155,VJFSMDWEMFOWDK-CYSPOYASNA-N,-7.643
HSD11B1,m07,mut_s1,detail,1,156,NZYLXYBIWNIAGH-CYSPOYASNA-N,-8.879
HSD11B1,m07,mut_s1,detail,1,157,ODXCWFOKLBJQNP-MPIMZMORNA-N,-8.422
HSD11B1,m07,mut_s1,detail,1,158,FVDNMAPPDSKXKQ-UHFFFAOYNA-N,-9.432
HSD11B1,m07,mut_s1,detail,1,159,DOPWMPRIRWTOOD-CCHPKIMANA-N,-8.938
