target,receptor,tag,mode,seed,k,inchikey,score
HSP90AA1,wt,wt_s1,detail,1,0,URVMSYHISUZXNH-UYBDAZJANA-N,-8.97
HSP90AA1,wt,wt_s1,detail,1,1,KXRPCFINVWWFHQ-UHFFFAOYNA-N,-5.583
HSP90AA1,wt,wt_s1,detail,1,2,NICJTSHRYBTHAS-YHMJCDSINA-N,-7.914
HSP90AA1,wt,wt_s1,detail,1,3,SWRZVDTZHDWPDS-AWIDAIFANA-N,-8.795
HSP90AA1,wt,wt_s1,detail,1,4,RKNSLLSUFWWYCA-UHFFFAOYNA-N,-9.035
HSP90AA1,wt,wt_s1,detail,1,5,OZFSIKFTRRUDES-RIYZIHGNNA-N,-7.053
HSP90AA1,wt,wt_s1,detail,1,6,AAGGUCRASUJPPN-UHFFFAOYNA-N,-8.865
HSP90AA1,wt,wt_s1,detail,1,7,OYHXDPMAFYHDNG-YAQRNVERNA-N,-7.31
HSP90AA1,wt,wt_s1,detail,1,8,AWILWAIEQYZUEQ-UHFFFAOYNA-N,-7.516
HSP90AA1,wt,wt_s1,detail,1,9,WSFAXHLMQUUHQT-VMPITWQZNA-N,-8.443
HSP90AA1,wt,wt_s1,detail,1,10,WPHMTVNOXKBZKN-UHFFFAOYNA-N,-7.304
HSP90AA1,wt,wt_s1,detail,1,11,LPEIZNODGHDCCW-UHFFFAOYNA-N,-5.568
HSP90AA1,wt,wt_s1,detail,1,12,QQHWWDVSRWOHEP-LILDFLRNNA-N,-9.5
HSP90AA1,wt,wt_s1,detail,1,13,UMEVSSPGBFVQNC-UHFFFAOYNA-N,-6.431
HSP90AA1,wt,wt_s1,detail,1,14,VZDIOEKWWZRNQN-UHFFFAOYNA-N,-10.2
HSP90AA1,wt,wt_s1,detail,1,15,JEVLDOUORFAHRS-NDKGDYFDNA-N,-6.818
HSP90AA1,wt,wt_s1,detail,1,16,NFTGJNJRMWUBPG-GPQMBLKYNA-N,-8.86
HSP90AA1,wt,wt_s1,detail,1,17,UMUUTEZBWGDVDA-UHFFFAOYNA-N,-8.324
HSP90AA1,wt,wt_s1,detail,1,18,VLQKEPLNPGYNDJ-HCKMINDGNA-N,-7.086
HSP90AA1,wt,wt_s1,detail,1,19,PPMVTAATPZLMJM-CDDDEJBQNA-N,-8.06
HSP90AA1,wt,wt_s1,detail,1,20,AHLYFAKLKLMESK-YAQRNVERNA-N,-8.007
HSP90AA1,wt,wt_s1,detail,1,21,GYEJYLAGVWRSIM-KGJHZMDYNA-N,-7.464
HSP90AA1,wt,wt_s1,detail,1,22,RXVALSLAUOIYLW-UHFFFAOYNA-N,-8.179
HSP90AA1,wt,wt_s1,detail,1,23,NSELYIFATLFDOZ-JLGFQASFNA-N,-8.67
HSP90AA1,wt,wt_s1,detail,1,24,COQFBYACOHFCEC-UHFFFAOYNA-N,-7.231
HSP90AA1,wt,wt_s1,detail,1,25,CJGJXFCLDYQBFQ-YJGXKCCXNA-N,-9.065
HSP90AA1,wt,wt_s1,detail,1,26,BWNGRRJLFYHENY-INIZCTEONA-N,-7.694
HSP90AA1,wt,wt_s1,detail,1,27,BNRFXWSJKVJVOF-UYBDAZJANA-N,-10.02
HSP90AA1,wt,wt_s1,detail,1,28,DMULMZBZVBBWBY-PJZINPJWNA-N,-9.142
HSP90AA1,wt,wt_s1,detail,1,29,AXLAIGJGNKHDPO-UHFFFAOYNA-N,-5.928
HSP90AA1,wt,wt_s1,detail,1,30,RKDGAONZEPYEBT-WXRBYKJCNA-N,-7.224
HSP90AA1,wt,wt_s1,detail,1,31,MBOYDUZSCSNUQL-MBBDSNKKNA-N,-8.338
HSP90AA1,wt,wt_s1,detail,1,32,KPVDBHRTXOFQDK-YAQRNVERNA-N,-7.752
HSP90AA1,wt,wt_s1,detail,1,33,LVCNFMYUKISBSB-VJSNTGQMNA-N,-9.133
HSP90AA1,wt,wt_s1,detail,1,34,XLAHCIRKLMJUQC-DZQCGVKKNA-N,-9.158
HSP90AA1,wt,wt_s1,detail,1,35,QNYHDABGLCBJOE-SHHGZXMVNA-N,-9.027
HSP90AA1,wt,wt_s1,detail,1,36,HEKNRISBWSPMOG-OWTLIXCDNA-N,-7.13
HSP90AA1,wt,wt_s1,detail,1,37,VIRNXCRLEVZXNX-LILDFLRNNA-N,-8.922
HSP90AA1,wt,wt_s1,detail,1,38,SRTGERSEXJGDMR-UHFFFAOYNA-N,-8.917
HSP90AA1,wt,wt_s1,detail,1,39,ZGMGSSRLZJYOKH-WXRBYKJCNA-N,-7.47
HSP90AA1,wt,wt_s1,detail,1,40,VGYFDFRFGHHCDA-CUTUCBJDNA-N,-9.03
HSP90AA1,wt,wt_s1,detail,1,41,DILPMLYWQJPNLO-HCKMINDGNA-N,-9.9
HSP90AA1,wt,wt_s1,detail,1,42,RSOODJIGEVJLMK-LQFNOIFHNA-N,-9.528
HSP90AA1,wt,wt_s1,detail,1,43,OWHHWMUAYBIQPR-UHFFFAOYNA-N,-9.151
HSP90AA1,wt,wt_s1,detail,1,44,KPIKMVZJKZDOFC-UHFFFAOYNA-N,-9.561
HSP90AA1,wt,wt_s1,detail,1,45,DIKDKRUREJXLMR-DPMTXJEANA-N,-10.021
HSP90AA1,wt,wt_s1,detail,1,46,QRVJDPKQHAVBDK-UYBDAZJANA-N,-7.646
HSP90AA1,wt,wt_s1,detail,1,47,SGBSFKSDPWOALT-UYBDAZJANA-N,-9.074
HSP90AA1,wt,wt_s1,detail,1,48,CYHFRNFVZWVHCG-OTJKMEOQNA-N,-9.429
HSP90AA1,wt,wt_s1,detail,1,49,MJUDQDHXCQONOA-MPIMZMORNA-N,-9.416
HSP90AA1,wt,wt_s1,detail,1,50,RNVYRNLUUYNQAS-PKSOQXRJNA-N,-8.576
HSP90AA1,wt,wt_s1,detail,1,51,DLZXOZYETDVJEB-QWOVJGMINA-N,-7.844
HSP90AA1,wt,wt_s1,detail,1,52,HSICVZRDGBJSEL-GPQMBLKYNA-N,-8.278
HSP90AA1,wt,wt_s1,detail,1,53,HMRUHHFLIMYEAF-QNGOCPJXNA-N,-7.908
HSP90AA1,wt,wt_s1,detail,1,54,ZZOWQPSBJUXHCA-YSPRVCGUNA-N,-10.409
HSP90AA1,wt,wt_s1,detail,1,55,WDDJLHOUFWSQSV-UHFFFAOYNA-N,-9.862
HSP90AA1,wt,wt_s1,detail,1,56,UKLIIGXGTPSYBF-IBCWCQIKNA-N,-8.373
HSP90AA1,wt,wt_s1,detail,1,57,LNPOBRXJZYGQMS-MOHJPFBDNA-N,-10.237
HSP90AA1,wt,wt_s1,detail,1,58,FYILBFPPKIZBTO-UHFFFAOYNA-N,-8.321
HSP90AA1,wt,wt_s1,detail,1,59,MIKIJFODTJGFDI-LILDFLRNNA-N,-9.172
HSP90AA1,wt,wt_s1,detail,1,60,RUWCNSLWWCWTSU-LILDFLRNNA-N,-9.505
HSP90AA1,wt,wt_s1,detail,1,61,KLQWCHKIQJHYIB-UHFFFAOYNA-N,-9.949
HSP90AA1,wt,wt_s1,detail,1,62,QKAWGENQCGFAOE-NPVYFSBINA-N,-8.861
HSP90AA1,wt,wt_s1,detail,1,63,KGOKCBRZBBEYBE-MMRXBHCZNA-N,-10.476
HSP90AA1,wt,wt_s1,detail,1,64,ROFRXCLSWKEWTN-UHFFFAOYNA-N,-8.351
HSP90AA1,wt,wt_s1,detail,1,65,AKRMJNKLSCBEME-FPYGCLRLNA-N,-8.217
HSP90AA1,wt,wt_s1,detail,1,66,LCGJUJZLLYTYIF-XMFFZCEENA-N,-9.512
HSP90AA1,wt,wt_s1,detail,1,67,FREQNFSEYLEFOI-QRCVEOAVNA-N,-8.894
HSP90AA1,wt,wt_s1,detail,1,68,MHMINAYLMNBGSM-UHFFFAOYNA-N,-7.174
HSP90AA1,wt,wt_s1,detail,1,69,SYMNTBHEGHFZMV-UHFFFAOYNA-N,-7.969
HSP90AA1,wt,wt_s1,detail,1,70,NNCRWGMPCGSKOO-LILDFLRNNA-N,-7.235
HSP90AA1,wt,wt_s1,detail,1,71,ZCRRNCCNJMRGFI-UHFFFAOYNA-N,-8.557
HSP90AA1,wt,wt_s1,detail,1,72,PYVZEIBGEUQNQQ-UHFFFAOYNA-N,-9.363
HSP90AA1,wt,wt_s1,detail,1,73,OROJQWVRCGJACT-XBTAAFKLNA-N,-9.297
HSP90AA1,wt,wt_s1,detail,1,74,TXYUWXKCUDOUGU-JLGFQASFNA-N,-7.616
HSP90AA1,wt,wt_s1,detail,1,75,LAZANALODSEDSE-UHFFFAOYNA-N,-8.6
HSP90AA1,wt,wt_s1,detail,1,76,RJXCYVJLXGRCHK-UHFFFAOYNA-N,-9.565
HSP90AA1,wt,wt_s1,detail,1,77,FUSKIBWHJAWEFI-IEJAXPBYNA-N,-8.163
HSP90AA1,wt,wt_s1,detail,1,78,SGWVLOCBQLQWQV-UHFFFAOYNA-N,-9.049
HSP90AA1,wt,wt_s1,detail,1,79,PPXRQTYXLZCDAZ-QWOVJGMINA-N,-9.294
HSP90AA1,wt,wt_s1,detail,1,80,DIFBADFWLVYFHV-LELJVTLKNA-N,-9.934
HSP90AA1,wt,wt_s1,detail,1,81,XREOSEVJCQGCHE-MHPMNMKGNA-N,-9.858
HSP90AA1,wt,wt_s1,detail,1,82,ZHGPKHBXSKWZEQ-UHFFFAOYNA-N,-8.789
HSP90AA1,wt,wt_s1,detail,1,83,ZFAYPJJNPSNAFK-UHFFFAOYNA-N,-8.784
HSP90AA1,wt,wt_s1,detail,1,84,LTXMRAGWIDQTQT-MYUTVWBTNA-N,-10.905
HSP90AA1,wt,wt_s1,detail,1,85,VXQHYHSSGLOALC-SPEPDGBUNA-N,-9.167
HSP90AA1,wt,wt_s1,detail,1,86,KWDSFRAWCISROF-PJQSKVNONA-N,-8.992
HSP90AA1,wt,wt_s1,detail,1,87,ZJZXSQPHUQUHIV-ZGZFQTMPNA-N,-10.013
HSP90AA1,wt,wt_s1,detail,1,88,UYHIVPBYFWVWEJ-UHFFFAOYNA-N,-9.992
HSP90AA1,wt,wt_s1,detail,1,89,PLEFJSUCKRWHBY-LNNLXFCONA-N,-9.845
HSP90AA1,wt,wt_s1,detail,1,90,DNSRQCRQLKJUCC-PDJAEHLQNA-N,-9.009
HSP90AA1,wt,wt_s1,detail,1,91,PHYKZCBUNVYJNH-YDBXFXKPNA-N,-7.052
HSP90AA1,wt,wt_s1,detail,1,92,OOUHZBUAVKCDGA-UHFFFAOYNA-N,-9.422
HSP90AA1,wt,wt_s1,detail,1,93,UUQDFZFJDFMLHW-UHFFFAOYNA-N,-8.277
HSP90AA1,wt,wt_s1,detail,1,94,OOUDDHNLDLLUOL-SKKVRFOWNA-N,-10.22
HSP90AA1,wt,wt_s1,detail,1,95,ZDMQSUAMTLXUTE-MPIMZMORNA-N,-8.897
HSP90AA1,wt,wt_s1,detail,1,96,NMPLPABDEKPABN-UHFFFAOYNA-N,-9.1
HSP90AA1,wt,wt_s1,detail,1,97,INZRHGSVWGRHBM-NPVYFSBINA-N,-9.578
HSP90AA1,wt,wt_s1,detail,1,98,RVGCWMKVTAEQIH-LNNLXFCONA-N,-10.018
HSP90AA1,wt,wt_s1,detail,1,99,VRXWKRQOVMZBAF-LJQANCHMNA-N,-8.182
HSP90AA1,wt,wt_s1,detail,1,100,QACLWOIBBYOHQP-UYBDAZJANA-N,-8.927
HSP90AA1,wt,wt_s1,detail,1,101,ZNXSZVFPCBIELQ-LNNLXFCONA-N,-8.681
HSP90AA1,wt,wt_s1,detail,1,102,GKMWCCNMKRSQHR-VEKUMTKDNA-N,-9.362
HSP90AA1,wt,wt_s1,detail,1,103,FFGUSRSMWFYKGK-SKKVRFOWNA-N,-9.981
HSP90AA1,wt,wt_s1,detail,1,104,KXBDDGKXLZBLOM-SPEPDGBUNA-N,-9.199
HSP90AA1,wt,wt_s1,detail,1,105,MIUWULAZCXYTJW-MSHHZIMBNA-N,-10.942
HSP90AA1,wt,wt_s1,detail,1,106,JPZOYWVRFLZCIC-NJNXFGOHNA-N,-11.081
HSP90AA1,wt,wt_s1,detail,1,107,FAIQTLBYDVKBAB-DVIAZDKANA-N,-9.019
HSP90AA1,wt,wt_s1,detail,1,108,APFLRZZAOXCNAZ-UHFFFAOYNA-N,-9.011
HSP90AA1,wt,wt_s1,detail,1,109,BSQLDSQTGOZBFD-UHFFFAOYNA-N,-8.683
HSP90AA1,wt,wt_s1,detail,1,110,ZVVCFJXCDATSCC-UHFFFAOYNA-N,-9.398
HSP90AA1,wt,wt_s1,detail,1,111,SKEQTXZATFWVMB-UYBDAZJANA-N,-7.953
HSP90AA1,wt,wt_s1,detail,1,112,IATWYRHDJKMBQK-MPIMZMORNA-N,-8.948
HSP90AA1,wt,wt_s1,detail,1,113,JPWOEQDCUZCWKT-MPIMZMORNA-N,-8.217
HSP90AA1,wt,wt_s1,detail,1,114,RYHSAXRBHDHPPK-PKSOQXRJNA-N,-9.312
HSP90AA1,wt,wt_s1,detail,1,115,GKKJWUFVZJJFPG-MPIMZMORNA-N,-9.192
HSP90AA1,wt,wt_s1,detail,1,116,FDNZXFDUCINVLY-BDGWVKIONA-N,-9.151
HSP90AA1,wt,wt_s1,detail,1,117,KTBYKHKWIFIFAK-UHFFFAOYNA-N,-10.391
HSP90AA1,wt,wt_s1,detail,1,118,ZRXZEWGUECXTTQ-LQFNOIFHNA-N,-10.486
HSP90AA1,wt,wt_s1,detail,1,119,XNACBBGLIAJNJM-PECIQRARNA-N,-8.966
HSP90AA1,wt,wt_s1,detail,1,120,WQZYYJRVBIQUGH-YWZOXAELNA-N,-8.528
HSP90AA1,wt,wt_s1,detail,1,121,ABMSRNRLDZVJFV-SWUIVHNENA-N,-9.457
HSP90AA1,wt,wt_s1,detail,1,122,ZEACBIUBSOLEGW-QAITUMOCNA-N,-11.034
HSP90AA1,wt,wt_s1,detail,1,123,UBFCDXVLKFOOGL-OKPOJWAQNA-N,-9.814
HSP90AA1,wt,wt_s1,detail,1,124,RRIHVAFUFDANEX-NSJMMFDCNA-N,-8.71
HSP90AA1,wt,wt_s1,detail,1,125,HASIAUWPWKTSBW-SREBMQDQNA-N,-8.058
HSP90AA1,wt,wt_s1,detail,1,126,WHBCKYHTCHCHAY-LQFNOIFHNA-N,-8.642
HSP90AA1,wt,wt_s1,detail,1,127,XMAYWYJOQHXEEK-JYFHCDHNNA-N,-8.852
HSP90AA1,wt,wt_s1,detail,1,128,TVKCFCZANTZCSU-OYRHEFFENA-N,-10.032
HSP90AA1,wt,wt_s1,detail,1,129,OJFIIUWPOHBVMH-LNNLXFCONA-N,-7.883
HSP90AA1,wt,wt_s1,detail,1,130,DKLZMGFTGWKNCD-DIRLUKLVNA-N,-10.346
HSP90AA1,wt,wt_s1,detail,1,131,PYSLGWZFRQWTDD-PWIKPTQSNA-N,-10.602
HSP90AA1,wt,wt_s1,detail,1,132,MWMBIUUYBQWKJX-QTUCRYGENA-N,-8.724
HSP90AA1,wt,wt_s1,detail,1,133,FLYQFCXTEFTSQN-UHFFFAOYNA-N,-8.546
HSP90AA1,wt,wt_s1,detail,1,134,PBIBDSDWIMZYDT-WBWGZOKWNA-N,-9.141
HSP90AA1,wt,wt_s1,detail,1,135,GSRWMFGBDLHGBU-YEFLILRRNA-N,-8.138
HSP90AA1,wt,wt_s1,detail,1,136,AYIJJQHMZAEQKE-QDAGQJSJNA-N,-9.571
HSP90AA1,wt,wt_s1,detail,1,137,JVWTZUKPDMRNDC-FSAKADSPNA-N,-11.117
HSP90AA1,wt,wt_s1,detail,1,138,XAZPLOLSRXZDBO-LBZABMTDNA-N,-7.754
HSP90AA1,wt,wt_s1,detail,1,139,RGWVFJBNHCWCTL-CFEGKOCINA-N,-9.943
HSP90AA1,wt,wt_s1,detail,1,140,YYWNRQZCPIMCAK-UHFFFAOYNA-N,-10.358
HSP90AA1,wt,wt_s1,detail,1,141,PBTZDKNKXRSZPM-XBXBPLPCNA-N,-9.931
HSP90AA1,wt,wt_s1,detail,1,142,QQPOIMHFFPBDQM-LELJVTLKNA-N,-8.348
HSP90AA1,wt,wt_s1,detail,1,143,NYFQURFFDGCBCB-MAQJPOOANA-N,-8.128
HSP90AA1,wt,wt_s1,detail,1,144,HXZVHWHABLBWBS-MTTPVDACNA-N,-11.397
HSP90AA1,wt,wt_s1,detail,1,145,IWYYSOJWYLZKLK-LELJVTLKNA-N,-7.936
HSP90AA1,wt,wt_s1,detail,1,146,HOGUCNPGZXMBGW-UHFFFAOYNA-N,-7.832
HSP90AA1,wt,wt_s1,detail,1,147,VITUDJAVASFPKN-DUFUIDNCNA-N,-9.552
HSP90AA1,wt,wt_s1,detail,1,148,IXAHDCRYEUYPBG-SCXYCHFONA-N,-11.893
HSP90AA1,wt,wt_s1,detail,1,149,JWHMEKMLAZQDNS-OZMOGHDGNA-N,-8.756
HSP90AA1,wt,wt_s1,detail,1,150,BZWNBTIJLRHNDZ-LBOYIXSDNA-N,-8.797
HSP90AA1,wt,wt_s1,detail,1,151,RECYROBESYRUML-UHFFFAOYNA-N,-9.65
HSP90AA1,wt,wt_s1,detail,1,152,MLDSJJJLQRZNKW-UHBIVWOUNA-N,-11.094
HSP90AA1,wt,wt_s1,detail,1,153,XTWIHJARHCYNFX-PHXLCVRDNA-N,-9.117
HSP90AA1,wt,wt_s1,detail,1,154,UQGFETVWTRDGKJ-UHFFFAOYNA-N,-9.674
HSP90AA1,wt,wt_s1,detail,1,155,VJFSMDWEMFOWDK-CYSPOYASNA-N,-9.364
HSP90AA1,wt,wt_s1,detail,1,156,NZYLXYBIWNIAGH-CYSPOYASNA-N,-10.624
HSP90AA1,wt,wt_s1,detail,1,157,ODXCWFOKLBJQNP-MPIMZMORNA-N,-8.169
HSP90AA1,wt,wt_s1,detail,1,158,FVDNMAPPDSKXKQ-UHFFFAOYNA-N,-10.12
HSP90AA1,wt,wt_s1,detail,1,159,DOPWMPRIRWTOOD-CCHPKIMANA-N,-9.643
HSP90AA1,wt,wt_s2,detail,2,0,URVMSYHISUZXNH-UYBDAZJANA-N,-8.929
HSP90AA1,wt,wt_s2,detail,2,1,KXRPCFINVWWFHQ-UHFFFAOYNA-N,-5.575
HSP90AA1,wt,wt_s2,detail,2,2,NICJTSHRYBTHAS-YHMJCDSINA-N,-7.744
HSP90AA1,wt,wt_s2,detail,2,3,SWRZVDTZHDWPDS-AWIDAIFANA-N,-8.449
HSP90AA1,wt,wt_s2,detail,2,4,RKNSLLSUFWWYCA-UHFFFAOYNA-N,-8.858
HSP90AA1,wt,wt_s2,detail,2,5,OZFSIKFTRRUDES-RIYZIHGNNA-N,-7.045
HSP90AA1,wt,wt_s2,detail,2,6,AAGGUCRASUJPPN-UHFFFAOYNA-N,-8.892
HSP90AA1,wt,wt_s2,detail,2,7,OYHXDPMAFYHDNG-YAQRNVERNA-N,-7.157
HSP90AA1,wt,wt_s2,detail,2,8,AWILWAIEQYZUEQ-UHFFFAOYNA-N,-7.237
HSP90AA1,wt,wt_s2,detail,2,9,WSFAXHLMQUUHQT-VMPITWQZNA-N,-7.996
HSP90AA1,wt,wt_s2,detail,2,10,WPHMTVNOXKBZKN-UHFFFAOYNA-N,-7.45
HSP90AA1,wt,wt_s2,detail,2,11,LPEIZNODGHDCCW-UHFFFAOYNA-N,-5.89
HSP90AA1,wt,wt_s2,detail,2,12,QQHWWDVSRWOHEP-LILDFLRNNA-N,-9.487
HSP90AA1,wt,wt_s2,detail,2,13,UMEVSSPGBFVQNC-UHFFFAOYNA-N,-6.426
HSP90AA1,wt,wt_s2,detail,2,14,VZDIOEKWWZRNQN-UHFFFAOYNA-N,-10.176
HSP90AA1,wt,wt_s2,detail,2,15,JEVLDOUORFAHRS-NDKGDYFDNA-N,-6.883
HSP90AA1,wt,wt_s2,detail,2,16,NFTGJNJRMWUBPG-GPQMBLKYNA-N,-8.882
HSP90AA1,wt,wt_s2,detail,2,17,UMUUTEZBWGDVDA-UHFFFAOYNA-N,-8.298
HSP90AA1,wt,wt_s2,detail,2,18,VLQKEPLNPGYNDJ-HCKMINDGNA-N,-7.146
HSP90AA1,wt,wt_s2,detail,2,19,PPMVTAATPZLMJM-CDDDEJBQNA-N,-7.537
HSP90AA1,wt,wt_s2,detail,2,20,AHLYFAKLKLMESK-YAQRNVERNA-N,-7.925
HSP90AA1,wt,wt_s2,detail,2,21,GYEJYLAGVWRSIM-KGJHZMDYNA-N,-7.413
HSP90AA1,wt,wt_s2,detail,2,22,RXVALSLAUOIYLW-UHFFFAOYNA-N,-7.886
HSP90AA1,wt,wt_s2,detail,2,23,NSELYIFATLFDOZ-JLGFQASFNA-N,-8.659
HSP90AA1,wt,wt_s2,detail,2,24,COQFBYACOHFCEC-UHFFFAOYNA-N,-7.327
HSP90AA1,wt,wt_s2,detail,2,25,CJGJXFCLDYQBFQ-YJGXKCCXNA-N,-9.1
HSP90AA1,wt,wt_s2,detail,2,26,BWNGRRJLFYHENY-INIZCTEONA-N,-7.771
HSP90AA1,wt,wt_s2,detail,2,27,BNRFXWSJKVJVOF-UYBDAZJANA-N,-10.005
HSP90AA1,wt,wt_s2,detail,2,28,DMULMZBZVBBWBY-PJZINPJWNA-N,-9.302
HSP90AA1,wt,wt_s2,detail,2,29,AXLAIGJGNKHDPO-UHFFFAOYNA-N,-5.743
HSP90AA1,wt,wt_s2,detail,2,30,RKDGAONZEPYEBT-WXRBYKJCNA-N,-7.189
HSP90AA1,wt,wt_s2,detail,2,31,MBOYDUZSCSNUQL-MBBDSNKKNA-N,-8.355
HSP90AA1,wt,wt_s2,detail,2,32,KPVDBHRTXOFQDK-YAQRNVERNA-N,-7.884
HSP90AA1,wt,wt_s2,detail,2,33,LVCNFMYUKISBSB-VJSNTGQMNA-N,-9.205
HSP90AA1,wt,wt_s2,detail,2,34,XLAHCIRKLMJUQC-DZQCGVKKNA-N,-9.1
HSP90AA1,wt,wt_s2,detail,2,35,QNYHDABGLCBJOE-SHHGZXMVNA-N,-8.77
HSP90AA1,wt,wt_s2,detail,2,36,HEKNRISBWSPMOG-OWTLIXCDNA-N,-7.12
HSP90AA1,wt,wt_s2,detail,2,37,VIRNXCRLEVZXNX-LILDFLRNNA-N,-8.915
HSP90AA1,wt,wt_s2,detail,2,38,SRTGERSEXJGDMR-UHFFFAOYNA-N,-8.82
HSP90AA1,wt,wt_s2,detail,2,39,ZGMGSSRLZJYOKH-WXRBYKJCNA-N,-7.784
HSP90AA1,wt,wt_s2,detail,2,40,VGYFDFRFGHHCDA-CUTUCBJDNA-N,-9.2
HSP90AA1,wt,wt_s2,detail,2,41,DILPMLYWQJPNLO-HCKMINDGNA-N,-8.912
HSP90AA1,wt,wt_s2,detail,2,42,RSOODJIGEVJLMK-LQFNOIFHNA-N,-9.508
HSP90AA1,wt,wt_s2,detail,2,43,OWHHWMUAYBIQPR-UHFFFAOYNA-N,-9.22
HSP90AA1,wt,wt_s2,detail,2,44,KPIKMVZJKZDOFC-UHFFFAOYNA-N,-9.889
HSP90AA1,wt,wt_s2,detail,2,45,DIKDKRUREJXLMR-DPMTXJEANA-N,-10.115
HSP90AA1,wt,wt_s2,detail,2,46,QRVJDPKQHAVBDK-UYBDAZJANA-N,-7.213
HSP90AA1,wt,wt_s2,detail,2,47,SGBSFKSDPWOALT-UYBDAZJANA-N,-9.182
HSP90AA1,wt,wt_s2,detail,2,48,CYHFRNFVZWVHCG-OTJKMEOQNA-N,-9.488
HSP90AA1,wt,wt_s2,detail,2,49,MJUDQDHXCQONOA-MPIMZMORNA-N,-9.407
HSP90AA1,wt,wt_s2,detail,2,50,RNVYRNLUUYNQAS-PKSOQXRJNA-N,-8.582
HSP90AA1,wt,wt_s2,detail,2,51,DLZXOZYETDVJEB-QWOVJGMINA-N,-7.779
HSP90AA1,wt,wt_s2,detail,2,52,HSICVZRDGBJSEL-GPQMBLKYNA-N,-8.343
HSP90AA1,wt,wt_s2,detail,2,53,HMRUHHFLIMYEAF-QNGOCPJXNA-N,-7.942
HSP90AA1,wt,wt_s2,detail,2,54,ZZOWQPSBJUXHCA-YSPRVCGUNA-N,-10.473
HSP90AA1,wt,wt_s2,detail,2,55,WDDJLHOUFWSQSV-UHFFFAOYNA-N,-9.797
HSP90AA1,wt,wt_s2,detail,2,56,UKLIIGXGTPSYBF-IBCWCQIKNA-N,-8.248
HSP90AA1,wt,wt_s2,detail,2,57,LNPOBRXJZYGQMS-MOHJPFBDNA-N,-9.265
HSP90AA1,wt,wt_s2,detail,2,58,FYILBFPPKIZBTO-UHFFFAOYNA-N,-8.014
HSP90AA1,wt,wt_s2,detail,2,59,MIKIJFODTJGFDI-LILDFLRNNA-N,-8.822
HSP90AA1,wt,wt_s2,detail,2,60,RUWCNSLWWCWTSU-LILDFLRNNA-N,-9.665
HSP90AA1,wt,wt_s2,detail,2,61,KLQWCHKIQJHYIB-UHFFFAOYNA-N,-9.936
HSP90AA1,wt,wt_s2,detail,2,62,QKAWGENQCGFAOE-NPVYFSBINA-N,-8.804
HSP90AA1,wt,wt_s2,detail,2,63,KGOKCBRZBBEYBE-MMRXBHCZNA-N,-10.39
HSP90AA1,wt,wt_s2,detail,2,64,ROFRXCLSWKEWTN-UHFFFAOYNA-N,-8.355
HSP90AA1,wt,wt_s2,detail,2,65,AKRMJNKLSCBEME-FPYGCLRLNA-N,-7.915
HSP90AA1,wt,wt_s2,detail,2,66,LCGJUJZLLYTYIF-XMFFZCEENA-N,-9.546
HSP90AA1,wt,wt_s2,detail,2,67,FREQNFSEYLEFOI-QRCVEOAVNA-N,-8.28
HSP90AA1,wt,wt_s2,detail,2,68,MHMINAYLMNBGSM-UHFFFAOYNA-N,-7.217
HSP90AA1,wt,wt_s2,detail,2,69,SYMNTBHEGHFZMV-UHFFFAOYNA-N,-7.894
HSP90AA1,wt,wt_s2,detail,2,70,NNCRWGMPCGSKOO-LILDFLRNNA-N,-7.815
HSP90AA1,wt,wt_s2,detail,2,71,ZCRRNCCNJMRGFI-UHFFFAOYNA-N,-9.252
HSP90AA1,wt,wt_s2,detail,2,72,PYVZEIBGEUQNQQ-UHFFFAOYNA-N,-9.375
HSP90AA1,wt,wt_s2,detail,2,73,OROJQWVRCGJACT-XBTAAFKLNA-N,-9.344
HSP90AA1,wt,wt_s2,detail,2,74,TXYUWXKCUDOUGU-JLGFQASFNA-N,-7.648
HSP90AA1,wt,wt_s2,detail,2,75,LAZANALODSEDSE-UHFFFAOYNA-N,-8.346
HSP90AA1,wt,wt_s2,detail,2,76,RJXCYVJLXGRCHK-UHFFFAOYNA-N,-9.6
HSP90AA1,wt,wt_s2,detail,2,77,FUSKIBWHJAWEFI-IEJAXPBYNA-N,-8.214
HSP90AA1,wt,wt_s2,detail,2,78,SGWVLOCBQLQWQV-UHFFFAOYNA-N,-8.924
HSP90AA1,wt,wt_s2,detail,2,79,PPXRQTYXLZCDAZ-QWOVJGMINA-N,-9.381
HSP90AA1,wt,wt_s2,detail,2,80,DIFBADFWLVYFHV-LELJVTLKNA-N,-10.34
HSP90AA1,wt,wt_s2,detail,2,81,XREOSEVJCQGCHE-MHPMNMKGNA-N,-9.945
HSP90AA1,wt,wt_s2,detail,2,82,ZHGPKHBXSKWZEQ-UHFFFAOYNA-N,-8.867
HSP90AA1,wt,wt_s2,detail,2,83,ZFAYPJJNPSNAFK-UHFFFAOYNA-N,-9.196
HSP90AA1,wt,wt_s2,detail,2,84,LTXMRAGWIDQTQT-MYUTVWBTNA-N,-10.703
HSP90AA1,wt,wt_s2,detail,2,85,VXQHYHSSGLOALC-SPEPDGBUNA-N,-8.834
HSP90AA1,wt,wt_s2,detail,2,86,KWDSFRAWCISROF-PJQSKVNONA-N,-8.828
HSP90AA1,wt,wt_s2,detail,2,87,ZJZXSQPHUQUHIV-ZGZFQTMPNA-N,-10.043
HSP90AA1,wt,wt_s2,detail,2,88,UYHIVPBYFWVWEJ-UHFFFAOYNA-N,-9.989
HSP90AA1,wt,wt_s2,detail,2,89,PLEFJSUCKRWHBY-LNNLXFCONA-N,-9.78
HSP90AA1,wt,wt_s2,detail,2,90,DNSRQCRQLKJUCC-PDJAEHLQNA-N,-9.122
HSP90AA1,wt,wt_s2,detail,2,91,PHYKZCBUNVYJNH-YDBXFXKPNA-N,-7.485
HSP90AA1,wt,wt_s2,detail,2,92,OOUHZBUAVKCDGA-UHFFFAOYNA-N,-9.37
HSP90AA1,wt,wt_s2,detail,2,93,UUQDFZFJDFMLHW-UHFFFAOYNA-N,-8.465
HSP90AA1,wt,wt_s2,detail,2,94,OOUDDHNLDLLUOL-SKKVRFOWNA-N,-10.108
HSP90AA1,wt,wt_s2,detail,2,95,ZDMQSUAMTLXUTE-MPIMZMORNA-N,-8.958
HSP90AA1,wt,wt_s2,detail,2,96,NMPLPABDEKPABN-UHFFFAOYNA-N,-9.188
HSP90AA1,wt,wt_s2,detail,2,97,INZRHGSVWGRHBM-NPVYFSBINA-N,-9.371
HSP90AA1,wt,wt_s2,detail,2,98,RVGCWMKVTAEQIH-LNNLXFCONA-N,-9.879
HSP90AA1,wt,wt_s2,detail,2,99,VRXWKRQOVMZBAF-LJQANCHMNA-N,-8.726
HSP90AA1,wt,wt_s2,detail,2,100,QACLWOIBBYOHQP-UYBDAZJANA-N,-8.247
HSP90AA1,wt,wt_s2,detail,2,101,ZNXSZVFPCBIELQ-LNNLXFCONA-N,-8.171
HSP90AA1,wt,wt_s2,detail,2,102,GKMWCCNMKRSQHR-VEKUMTKDNA-N,-9.211
HSP90AA1,wt,wt_s2,detail,2,103,FFGUSRSMWFYKGK-SKKVRFOWNA-N,-10.172
HSP90AA1,wt,wt_s2,detail,2,104,KXBDDGKXLZBLOM-SPEPDGBUNA-N,-9.156
HSP90AA1,wt,wt_s2,detail,2,105,MIUWULAZCXYTJW-MSHHZIMBNA-N,-10.806
HSP90AA1,wt,wt_s2,detail,2,106,JPZOYWVRFLZCIC-NJNXFGOHNA-N,-11.104
HSP90AA1,wt,wt_s2,detail,2,107,FAIQTLBYDVKBAB-DVIAZDKANA-N,-8.548
HSP90AA1,wt,wt_s2,detail,2,108,APFLRZZAOXCNAZ-UHFFFAOYNA-N,-8.698
HSP90AA1,wt,wt_s2,detail,2,109,BSQLDSQTGOZBFD-UHFFFAOYNA-N,-8.693
HSP90AA1,wt,wt_s2,detail,2,110,ZVVCFJXCDATSCC-UHFFFAOYNA-N,-9.266
HSP90AA1,wt,wt_s2,detail,2,111,SKEQTXZATFWVMB-UYBDAZJANA-N,-7.666
HSP90AA1,wt,wt_s2,detail,2,112,IATWYRHDJKMBQK-MPIMZMORNA-N,-8.82
HSP90AA1,wt,wt_s2,detail,2,113,JPWOEQDCUZCWKT-MPIMZMORNA-N,-8.64
HSP90AA1,wt,wt_s2,detail,2,114,RYHSAXRBHDHPPK-PKSOQXRJNA-N,-9.4
HSP90AA1,wt,wt_s2,detail,2,115,GKKJWUFVZJJFPG-MPIMZMORNA-N,-9.021
HSP90AA1,wt,wt_s2,detail,2,116,FDNZXFDUCINVLY-BDGWVKIONA-N,-8.852
HSP90AA1,wt,wt_s2,detail,2,117,KTBYKHKWIFIFAK-UHFFFAOYNA-N,-10.396
HSP90AA1,wt,wt_s2,detail,2,118,ZRXZEWGUECXTTQ-LQFNOIFHNA-N,-10.116
HSP90AA1,wt,wt_s2,detail,2,119,XNACBBGLIAJNJM-PECIQRARNA-N,-9.368
HSP90AA1,wt,wt_s2,detail,2,120,WQZYYJRVBIQUGH-YWZOXAELNA-N,-8.312
HSP90AA1,wt,wt_s2,detail,2,121,ABMSRNRLDZVJFV-SWUIVHNENA-N,-9.553
HSP90AA1,wt,wt_s2,detail,2,122,ZEACBIUBSOLEGW-QAITUMOCNA-N,-11.018
HSP90AA1,wt,wt_s2,detail,2,123,UBFCDXVLKFOOGL-OKPOJWAQNA-N,-9.432
HSP90AA1,wt,wt_s2,detail,2,124,RRIHVAFUFDANEX-NSJMMFDCNA-N,-8.776
HSP90AA1,wt,wt_s2,detail,2,125,HASIAUWPWKTSBW-SREBMQDQNA-N,-8.192
HSP90AA1,wt,wt_s2,detail,2,126,WHBCKYHTCHCHAY-LQFNOIFHNA-N,-7.857
HSP90AA1,wt,wt_s2,detail,2,127,XMAYWYJOQHXEEK-JYFHCDHNNA-N,-8.841
HSP90AA1,wt,wt_s2,detail,2,128,TVKCFCZANTZCSU-OYRHEFFENA-N,-10.119
HSP90AA1,wt,wt_s2,detail,2,129,OJFIIUWPOHBVMH-LNNLXFCONA-N,-6.815
HSP90AA1,wt,wt_s2,detail,2,130,DKLZMGFTGWKNCD-DIRLUKLVNA-N,-10.576
HSP90AA1,wt,wt_s2,detail,2,131,PYSLGWZFRQWTDD-PWIKPTQSNA-N,-10.854
HSP90AA1,wt,wt_s2,detail,2,132,MWMBIUUYBQWKJX-QTUCRYGENA-N,-8.732
HSP90AA1,wt,wt_s2,detail,2,133,FLYQFCXTEFTSQN-UHFFFAOYNA-N,-9.831
HSP90AA1,wt,wt_s2,detail,2,134,PBIBDSDWIMZYDT-WBWGZOKWNA-N,-9.135
HSP90AA1,wt,wt_s2,detail,2,135,GSRWMFGBDLHGBU-YEFLILRRNA-N,-8.115
HSP90AA1,wt,wt_s2,detail,2,136,AYIJJQHMZAEQKE-QDAGQJSJNA-N,-9.917
HSP90AA1,wt,wt_s2,detail,2,137,JVWTZUKPDMRNDC-FSAKADSPNA-N,-10.664
HSP90AA1,wt,wt_s2,detail,2,138,XAZPLOLSRXZDBO-LBZABMTDNA-N,-8.36
HSP90AA1,wt,wt_s2,detail,2,139,RGWVFJBNHCWCTL-CFEGKOCINA-N,-8.889
HSP90AA1,wt,wt_s2,detail,2,140,YYWNRQZCPIMCAK-UHFFFAOYNA-N,-10.0
HSP90AA1,wt,wt_s2,detail,2,141,PBTZDKNKXRSZPM-XBXBPLPCNA-N,-10.406
HSP90AA1,wt,wt_s2,detail,2,142,QQPOIMHFFPBDQM-LELJVTLKNA-N,-8.333
HSP90AA1,wt,wt_s2,detail,2,143,NYFQURFFDGCBCB-MAQJPOOANA-N,-8.024
HSP90AA1,wt,wt_s2,detail,2,144,HXZVHWHABLBWBS-MTTPVDACNA-N,-11.479
HSP90AA1,wt,wt_s2,detail,2,145,IWYYSOJWYLZKLK-LELJVTLKNA-N,-7.861
HSP90AA1,wt,wt_s2,detail,2,146,HOGUCNPGZXMBGW-UHFFFAOYNA-N,-8.226
HSP90AA1,wt,wt_s2,detail,2,147,VITUDJAVASFPKN-DUFUIDNCNA-N,-9.375
HSP90AA1,wt,wt_s2,detail,2,148,IXAHDCRYEUYPBG-SCXYCHFONA-N,-11.718
HSP90AA1,wt,wt_s2,detail,2,149,JWHMEKMLAZQDNS-OZMOGHDGNA-N,-8.671
HSP90AA1,wt,wt_s2,detail,2,150,BZWNBTIJLRHNDZ-LBOYIXSDNA-N,-8.921
HSP90AA1,wt,wt_s2,detail,2,151,RECYROBESYRUML-UHFFFAOYNA-N,-9.636
HSP90AA1,wt,wt_s2,detail,2,152,MLDSJJJLQRZNKW-UHBIVWOUNA-N,-10.268
HSP90AA1,wt,wt_s2,detail,2,153,XTWIHJARHCYNFX-PHXLCVRDNA-N,-9.161
HSP90AA1,wt,wt_s2,detail,2,154,UQGFETVWTRDGKJ-UHFFFAOYNA-N,-9.745
HSP90AA1,wt,wt_s2,detail,2,155,VJFSMDWEMFOWDK-CYSPOYASNA-N,-9.385
HSP90AA1,wt,wt_s2,detail,2,156,NZYLXYBIWNIAGH-CYSPOYASNA-N,-10.769
HSP90AA1,wt,wt_s2,detail,2,157,ODXCWFOKLBJQNP-MPIMZMORNA-N,-9.472
HSP90AA1,wt,wt_s2,detail,2,158,FVDNMAPPDSKXKQ-UHFFFAOYNA-N,-10.058
HSP90AA1,wt,wt_s2,detail,2,159,DOPWMPRIRWTOOD-CCHPKIMANA-N,-9.081
HSP90AA1,wt,wt_s3,detail,3,0,URVMSYHISUZXNH-UYBDAZJANA-N,-8.963
HSP90AA1,wt,wt_s3,detail,3,1,KXRPCFINVWWFHQ-UHFFFAOYNA-N,-5.516
HSP90AA1,wt,wt_s3,detail,3,2,NICJTSHRYBTHAS-YHMJCDSINA-N,-7.812
HSP90AA1,wt,wt_s3,detail,3,3,SWRZVDTZHDWPDS-AWIDAIFANA-N,-8.831
HSP90AA1,wt,wt_s3,detail,3,4,RKNSLLSUFWWYCA-UHFFFAOYNA-N,-8.899
HSP90AA1,wt,wt_s3,detail,3,5,OZFSIKFTRRUDES-RIYZIHGNNA-N,-7.069
HSP90AA1,wt,wt_s3,detail,3,6,AAGGUCRASUJPPN-UHFFFAOYNA-N,-8.834
HSP90AA1,wt,wt_s3,detail,3,7,OYHXDPMAFYHDNG-YAQRNVERNA-N,-7.336
HSP90AA1,wt,wt_s3,detail,3,8,AWILWAIEQYZUEQ-UHFFFAOYNA-N,-7.134
HSP90AA1,wt,wt_s3,detail,3,9,WSFAXHLMQUUHQT-VMPITWQZNA-N,-7.901
HSP90AA1,wt,wt_s3,detail,3,10,WPHMTVNOXKBZKN-UHFFFAOYNA-N,-7.424
HSP90AA1,wt,wt_s3,detail,3,11,LPEIZNODGHDCCW-UHFFFAOYNA-N,-5.886
HSP90AA1,wt,wt_s3,detail,3,12,QQHWWDVSRWOHEP-LILDFLRNNA-N,-9.437
HSP90AA1,wt,wt_s3,detail,3,13,UMEVSSPGBFVQNC-UHFFFAOYNA-N,-6.407
HSP90AA1,wt,wt_s3,detail,3,14,VZDIOEKWWZRNQN-UHFFFAOYNA-N,-10.227
HSP90AA1,wt,wt_s3,detail,3,15,JEVLDOUORFAHRS-NDKGDYFDNA-N,-6.937
HSP90AA1,wt,wt_s3,detail,3,16,NFTGJNJRMWUBPG-GPQMBLKYNA-N,-8.961
HSP90AA1,wt,wt_s3,detail,3,17,UMUUTEZBWGDVDA-UHFFFAOYNA-N,-8.322
HSP90AA1,wt,wt_s3,detail,3,18,VLQKEPLNPGYNDJ-HCKMINDGNA-N,-7.224
HSP90AA1,wt,wt_s3,detail,3,19,PPMVTAATPZLMJM-CDDDEJBQNA-N,-8.137
HSP90AA1,wt,wt_s3,detail,3,20,AHLYFAKLKLMESK-YAQRNVERNA-N,-7.973
HSP90AA1,wt,wt_s3,detail,3,21,GYEJYLAGVWRSIM-KGJHZMDYNA-N,-7.429
HSP90AA1,wt,wt_s3,detail,3,22,RXVALSLAUOIYLW-UHFFFAOYNA-N,-8.383
HSP90AA1,wt,wt_s3,detail,3,23,NSELYIFATLFDOZ-JLGFQASFNA-N,-8.434
HSP90AA1,wt,wt_s3,detail,3,24,COQFBYACOHFCEC-UHFFFAOYNA-N,-8.23
HSP90AA1,wt,wt_s3,detail,3,25,CJGJXFCLDYQBFQ-YJGXKCCXNA-N,-9.128
HSP90AA1,wt,wt_s3,detail,3,26,BWNGRRJLFYHENY-INIZCTEONA-N,-7.59
HSP90AA1,wt,wt_s3,detail,3,27,BNRFXWSJKVJVOF-UYBDAZJANA-N,-9.952
HSP90AA1,wt,wt_s3,detail,3,28,DMULMZBZVBBWBY-PJZINPJWNA-N,-9.226
HSP90AA1,wt,wt_s3,detail,3,29,AXLAIGJGNKHDPO-UHFFFAOYNA-N,-6.234
HSP90AA1,wt,wt_s3,detail,3,30,RKDGAONZEPYEBT-WXRBYKJCNA-N,-7.531
HSP90AA1,wt,wt_s3,detail,3,31,MBOYDUZSCSNUQL-MBBDSNKKNA-N,-8.362
HSP90AA1,wt,wt_s3,detail,3,32,KPVDBHRTXOFQDK-YAQRNVERNA-N,-7.725
HSP90AA1,wt,wt_s3,detail,3,33,LVCNFMYUKISBSB-VJSNTGQMNA-N,-9.024
HSP90AA1,wt,wt_s3,detail,3,34,XLAHCIRKLMJUQC-DZQCGVKKNA-N,-9.124
HSP90AA1,wt,wt_s3,detail,3,35,QNYHDABGLCBJOE-SHHGZXMVNA-N,-9.033
HSP90AA1,wt,wt_s3,detail,3,36,HEKNRISBWSPMOG-OWTLIXCDNA-N,-7.121
HSP90AA1,wt,wt_s3,detail,3,37,VIRNXCRLEVZXNX-LILDFLRNNA-N,-8.943
HSP90AA1,wt,wt_s3,detail,3,38,SRTGERSEXJGDMR-UHFFFAOYNA-N,-8.803
HSP90AA1,wt,wt_s3,detail,3,39,ZGMGSSRLZJYOKH-WXRBYKJCNA-N,-7.729
HSP90AA1,wt,wt_s3,detail,3,40,VGYFDFRFGHHCDA-CUTUCBJDNA-N,-8.983
HSP90AA1,wt,wt_s3,detail,3,41,DILPMLYWQJPNLO-HCKMINDGNA-N,-9.873
HSP90AA1,wt,wt_s3,detail,3,42,RSOODJIGEVJLMK-LQFNOIFHNA-N,-9.61
HSP90AA1,wt,wt_s3,detail,3,43,OWHHWMUAYBIQPR-UHFFFAOYNA-N,-9.405
HSP90AA1,wt,wt_s3,detail,3,44,KPIKMVZJKZDOFC-UHFFFAOYNA-N,-9.501
HSP90AA1,wt,wt_s3,detail,3,45,DIKDKRUREJXLMR-DPMTXJEANA-N,-9.816
HSP90AA1,wt,wt_s3,detail,3,46,QRVJDPKQHAVBDK-UYBDAZJANA-N,-7.679
HSP90AA1,wt,wt_s3,detail,3,47,SGBSFKSDPWOALT-UYBDAZJANA-N,-9.271
HSP90AA1,wt,wt_s3,detail,3,48,CYHFRNFVZWVHCG-OTJKMEOQNA-N,-9.524
HSP90AA1,wt,wt_s3,detail,3,49,MJUDQDHXCQONOA-MPIMZMORNA-N,-9.231
HSP90AA1,wt,wt_s3,detail,3,50,RNVYRNLUUYNQAS-PKSOQXRJNA-N,-8.558
HSP90AA1,wt,wt_s3,detail,3,51,DLZXOZYETDVJEB-QWOVJGMINA-N,-8.183
HSP90AA1,wt,wt_s3,detail,3,52,HSICVZRDGBJSEL-GPQMBLKYNA-N,-8.43
HSP90AA1,wt,wt_s3,detail,3,53,HMRUHHFLIMYEAF-QNGOCPJXNA-N,-7.963
HSP90AA1,wt,wt_s3,detail,3,54,ZZOWQPSBJUXHCA-YSPRVCGUNA-N,-10.468
HSP90AA1,wt,wt_s3,detail,3,55,WDDJLHOUFWSQSV-UHFFFAOYNA-N,-9.841
HSP90AA1,wt,wt_s3,detail,3,56,UKLIIGXGTPSYBF-IBCWCQIKNA-N,-8.299
HSP90AA1,wt,wt_s3,detail,3,57,LNPOBRXJZYGQMS-MOHJPFBDNA-N,-10.21
HSP90AA1,wt,wt_s3,detail,3,58,FYILBFPPKIZBTO-UHFFFAOYNA-N,-8.248
HSP90AA1,wt,wt_s3,detail,3,59,MIKIJFODTJGFDI-LILDFLRNNA-N,-9.101
HSP90AA1,wt,wt_s3,detail,3,60,RUWCNSLWWCWTSU-LILDFLRNNA-N,-9.618
HSP90AA1,wt,wt_s3,detail,3,61,KLQWCHKIQJHYIB-UHFFFAOYNA-N,-10.063
HSP90AA1,wt,wt_s3,detail,3,62,QKAWGENQCGFAOE-NPVYFSBINA-N,-8.655
HSP90AA1,wt,wt_s3,detail,3,63,KGOKCBRZBBEYBE-MMRXBHCZNA-N,-10.257
HSP90AA1,wt,wt_s3,detail,3,64,ROFRXCLSWKEWTN-UHFFFAOYNA-N,-8.454
HSP90AA1,wt,wt_s3,detail,3,65,AKRMJNKLSCBEME-FPYGCLRLNA-N,-8.147
HSP90AA1,wt,wt_s3,detail,3,66,LCGJUJZLLYTYIF-XMFFZCEENA-N,-8.978
HSP90AA1,wt,wt_s3,detail,3,67,FREQNFSEYLEFOI-QRCVEOAVNA-N,-8.956
HSP90AA1,wt,wt_s3,detail,3,68,MHMINAYLMNBGSM-UHFFFAOYNA-N,-7.073
HSP90AA1,wt,wt_s3,detail,3,69,SYMNTBHEGHFZMV-UHFFFAOYNA-N,-7.717
HSP90AA1,wt,wt_s3,detail,3,70,NNCRWGMPCGSKOO-LILDFLRNNA-N,-6.99
HSP90AA1,wt,wt_s3,detail,3,71,ZCRRNCCNJMRGFI-UHFFFAOYNA-N,-8.815
HSP90AA1,wt,wt_s3,detail,3,72,PYVZEIBGEUQNQQ-UHFFFAOYNA-N,-9.403
HSP90AA1,wt,wt_s3,detail,3,73,OROJQWVRCGJACT-XBTAAFKLNA-N,-9.414
HSP90AA1,wt,wt_s3,detail,3,74,TXYUWXKCUDOUGU-JLGFQASFNA-N,-7.794
HSP90AA1,wt,wt_s3,detail,3,75,LAZANALODSEDSE-UHFFFAOYNA-N,-8.107
HSP90AA1,wt,wt_s3,detail,3,76,RJXCYVJLXGRCHK-UHFFFAOYNA-N,-9.532
HSP90AA1,wt,wt_s3,detail,3,77,FUSKIBWHJAWEFI-IEJAXPBYNA-N,-8.146
HSP90AA1,wt,wt_s3,detail,3,78,SGWVLOCBQLQWQV-UHFFFAOYNA-N,-9.096
HSP90AA1,wt,wt_s3,detail,3,79,PPXRQTYXLZCDAZ-QWOVJGMINA-N,-9.384
HSP90AA1,wt,wt_s3,detail,3,80,DIFBADFWLVYFHV-LELJVTLKNA-N,-10.319
HSP90AA1,wt,wt_s3,detail,3,81,XREOSEVJCQGCHE-MHPMNMKGNA-N,-9.758
HSP90AA1,wt,wt_s3,detail,3,82,ZHGPKHBXSKWZEQ-UHFFFAOYNA-N,-8.867
HSP90AA1,wt,wt_s3,detail,3,83,ZFAYPJJNPSNAFK-UHFFFAOYNA-N,-9.075
HSP90AA1,wt,wt_s3,detail,3,84,LTXMRAGWIDQTQT-MYUTVWBTNA-N,-10.942
HSP90AA1,wt,wt_s3,detail,3,85,VXQHYHSSGLOALC-SPEPDGBUNA-N,-8.808
HSP90AA1,wt,wt_s3,detail,3,86,KWDSFRAWCISROF-PJQSKVNONA-N,-8.98
HSP90AA1,wt,wt_s3,detail,3,87,ZJZXSQPHUQUHIV-ZGZFQTMPNA-N,-10.127
HSP90AA1,wt,wt_s3,detail,3,88,UYHIVPBYFWVWEJ-UHFFFAOYNA-N,-10.065
HSP90AA1,wt,wt_s3,detail,3,89,PLEFJSUCKRWHBY-LNNLXFCONA-N,-9.852
HSP90AA1,wt,wt_s3,detail,3,90,DNSRQCRQLKJUCC-PDJAEHLQNA-N,-8.968
HSP90AA1,wt,wt_s3,detail,3,91,PHYKZCBUNVYJNH-YDBXFXKPNA-N,-6.764
HSP90AA1,wt,wt_s3,detail,3,92,OOUHZBUAVKCDGA-UHFFFAOYNA-N,-9.353
HSP90AA1,wt,wt_s3,detail,3,93,UUQDFZFJDFMLHW-UHFFFAOYNA-N,-8.633
HSP90AA1,wt,wt_s3,detail,3,94,OOUDDHNLDLLUOL-SKKVRFOWNA-N,-9.855
HSP90AA1,wt,wt_s3,detail,3,95,ZDMQSUAMTLXUTE-MPIMZMORNA-N,-8.768
HSP90AA1,wt,wt_s3,detail,3,96,NMPLPABDEKPABN-UHFFFAOYNA-N,-9.339
HSP90AA1,wt,wt_s3,detail,3,97,INZRHGSVWGRHBM-NPVYFSBINA-N,-9.376
HSP90AA1,wt,wt_s3,detail,3,98,RVGCWMKVTAEQIH-LNNLXFCONA-N,-10.075
HSP90AA1,wt,wt_s3,detail,3,99,VRXWKRQOVMZBAF-LJQANCHMNA-N,-8.349
HSP90AA1,wt,wt_s3,detail,3,100,QACLWOIBBYOHQP-UYBDAZJANA-N,-8.217
HSP90AA1,wt,wt_s3,detail,3,101,ZNXSZVFPCBIELQ-LNNLXFCONA-N,-8.593
HSP90AA1,wt,wt_s3,detail,3,102,GKMWCCNMKRSQHR-VEKUMTKDNA-N,-9.293
HSP90AA1,wt,wt_s3,detail,3,103,FFGUSRSMWFYKGK-SKKVRFOWNA-N,-10.159
HSP90AA1,wt,wt_s3,detail,3,104,KXBDDGKXLZBLOM-SPEPDGBUNA-N,-9.156
HSP90AA1,wt,wt_s3,detail,3,105,MIUWULAZCXYTJW-MSHHZIMBNA-N,-10.813
HSP90AA1,wt,wt_s3,detail,3,106,JPZOYWVRFLZCIC-NJNXFGOHNA-N,-11.063
HSP90AA1,wt,wt_s3,detail,3,107,FAIQTLBYDVKBAB-DVIAZDKANA-N,-9.088
HSP90AA1,wt,wt_s3,detail,3,108,APFLRZZAOXCNAZ-UHFFFAOYNA-N,-8.949
HSP90AA1,wt,wt_s3,detail,3,109,BSQLDSQTGOZBFD-UHFFFAOYNA-N,-8.682
HSP90AA1,wt,wt_s3,detail,3,110,ZVVCFJXCDATSCC-UHFFFAOYNA-N,-10.245
HSP90AA1,wt,wt_s3,detail,3,111,SKEQTXZATFWVMB-UYBDAZJANA-N,-7.498
HSP90AA1,wt,wt_s3,detail,3,112,IATWYRHDJKMBQK-MPIMZMORNA-N,-9.226
HSP90AA1,wt,wt_s3,detail,3,113,JPWOEQDCUZCWKT-MPIMZMORNA-N,-7.812
HSP90AA1,wt,wt_s3,detail,3,114,RYHSAXRBHDHPPK-PKSOQXRJNA-N,-9.284
HSP90AA1,wt,wt_s3,detail,3,115,GKKJWUFVZJJFPG-MPIMZMORNA-N,-9.19
HSP90AA1,wt,wt_s3,detail,3,116,FDNZXFDUCINVLY-BDGWVKIONA-N,-7.769
HSP90AA1,wt,wt_s3,detail,3,117,KTBYKHKWIFIFAK-UHFFFAOYNA-N,-10.457
HSP90AA1,wt,wt_s3,detail,3,118,ZRXZEWGUECXTTQ-LQFNOIFHNA-N,-10.076
HSP90AA1,wt,wt_s3,detail,3,119,XNACBBGLIAJNJM-PECIQRARNA-N,-9.209
HSP90AA1,wt,wt_s3,detail,3,120,WQZYYJRVBIQUGH-YWZOXAELNA-N,-8.416
HSP90AA1,wt,wt_s3,detail,3,121,ABMSRNRLDZVJFV-SWUIVHNENA-N,-9.505
HSP90AA1,wt,wt_s3,detail,3,122,ZEACBIUBSOLEGW-QAITUMOCNA-N,-11.136
HSP90AA1,wt,wt_s3,detail,3,123,UBFCDXVLKFOOGL-OKPOJWAQNA-N,-9.656
HSP90AA1,wt,wt_s3,detail,3,124,RRIHVAFUFDANEX-NSJMMFDCNA-N,-8.642
HSP90AA1,wt,wt_s3,detail,3,125,HASIAUWPWKTSBW-SREBMQDQNA-N,-5.55
HSP90AA1,wt,wt_s3,detail,3,126,WHBCKYHTCHCHAY-LQFNOIFHNA-N,-8.696
HSP90AA1,wt,wt_s3,detail,3,127,XMAYWYJOQHXEEK-JYFHCDHNNA-N,-8.874
HSP90AA1,wt,wt_s3,detail,3,128,TVKCFCZANTZCSU-OYRHEFFENA-N,-9.927
HSP90AA1,wt,wt_s3,detail,3,129,OJFIIUWPOHBVMH-LNNLXFCONA-N,-7.583
HSP90AA1,wt,wt_s3,detail,3,130,DKLZMGFTGWKNCD-DIRLUKLVNA-N,-10.472
HSP90AA1,wt,wt_s3,detail,3,131,PYSLGWZFRQWTDD-PWIKPTQSNA-N,-10.354
HSP90AA1,wt,wt_s3,detail,3,132,MWMBIUUYBQWKJX-QTUCRYGENA-N,-8.367
HSP90AA1,wt,wt_s3,detail,3,133,FLYQFCXTEFTSQN-UHFFFAOYNA-N,-8.716
HSP90AA1,wt,wt_s3,detail,3,134,PBIBDSDWIMZYDT-WBWGZOKWNA-N,-9.115
HSP90AA1,wt,wt_s3,detail,3,135,GSRWMFGBDLHGBU-YEFLILRRNA-N,-7.857
HSP90AA1,wt,wt_s3,detail,3,136,AYIJJQHMZAEQKE-QDAGQJSJNA-N,-9.594
HSP90AA1,wt,wt_s3,detail,3,137,JVWTZUKPDMRNDC-FSAKADSPNA-N,-10.876
HSP90AA1,wt,wt_s3,detail,3,138,XAZPLOLSRXZDBO-LBZABMTDNA-N,-7.974
HSP90AA1,wt,wt_s3,detail,3,139,RGWVFJBNHCWCTL-CFEGKOCINA-N,-9.101
HSP90AA1,wt,wt_s3,detail,3,140,YYWNRQZCPIMCAK-UHFFFAOYNA-N,-10.214
HSP90AA1,wt,wt_s3,detail,3,141,PBTZDKNKXRSZPM-XBXBPLPCNA-N,-10.427
HSP90AA1,wt,wt_s3,detail,3,142,QQPOIMHFFPBDQM-LELJVTLKNA-N,-8.374
HSP90AA1,wt,wt_s3,detail,3,143,NYFQURFFDGCBCB-MAQJPOOANA-N,-7.677
HSP90AA1,wt,wt_s3,detail,3,144,HXZVHWHABLBWBS-MTTPVDACNA-N,-11.982
HSP90AA1,wt,wt_s3,detail,3,145,IWYYSOJWYLZKLK-LELJVTLKNA-N,-7.641
HSP90AA1,wt,wt_s3,detail,3,146,HOGUCNPGZXMBGW-UHFFFAOYNA-N,-8.484
HSP90AA1,wt,wt_s3,detail,3,147,VITUDJAVASFPKN-DUFUIDNCNA-N,-9.586
HSP90AA1,wt,wt_s3,detail,3,148,IXAHDCRYEUYPBG-SCXYCHFONA-N,-10.324
HSP90AA1,wt,wt_s3,detail,3,149,JWHMEKMLAZQDNS-OZMOGHDGNA-N,-8.821
HSP90AA1,wt,wt_s3,detail,3,150,BZWNBTIJLRHNDZ-LBOYIXSDNA-N,-9.0
HSP90AA1,wt,wt_s3,detail,3,151,RECYROBESYRUML-UHFFFAOYNA-N,-9.432
HSP90AA1,wt,wt_s3,detail,3,152,MLDSJJJLQRZNKW-UHBIVWOUNA-N,-9.835
HSP90AA1,wt,wt_s3,detail,3,153,XTWIHJARHCYNFX-PHXLCVRDNA-N,-9.6
HSP90AA1,wt,wt_s3,detail,3,154,UQGFETVWTRDGKJ-UHFFFAOYNA-N,-9.591
HSP90AA1,wt,wt_s3,detail,3,155,VJFSMDWEMFOWDK-CYSPOYASNA-N,-9.172
HSP90AA1,wt,wt_s3,detail,3,156,NZYLXYBIWNIAGH-CYSPOYASNA-N,-10.65
HSP90AA1,wt,wt_s3,detail,3,157,ODXCWFOKLBJQNP-MPIMZMORNA-N,-8.193
HSP90AA1,wt,wt_s3,detail,3,158,FVDNMAPPDSKXKQ-UHFFFAOYNA-N,-10.169
HSP90AA1,wt,wt_s3,detail,3,159,DOPWMPRIRWTOOD-CCHPKIMANA-N,-9.438
HSP90AA1,c_MET98,mut_s1,detail,1,0,URVMSYHISUZXNH-UYBDAZJANA-N,-9.011
HSP90AA1,c_MET98,mut_s1,detail,1,1,KXRPCFINVWWFHQ-UHFFFAOYNA-N,-5.863
HSP90AA1,c_MET98,mut_s1,detail,1,2,NICJTSHRYBTHAS-YHMJCDSINA-N,-7.973
HSP90AA1,c_MET98,mut_s1,detail,1,3,SWRZVDTZHDWPDS-AWIDAIFANA-N,-8.946
HSP90AA1,c_MET98,mut_s1,detail,1,4,RKNSLLSUFWWYCA-UHFFFAOYNA-N,-8.643
HSP90AA1,c_MET98,mut_s1,detail,1,5,OZFSIKFTRRUDES-RIYZIHGNNA-N,-6.866
HSP90AA1,c_MET98,mut_s1,detail,1,6,AAGGUCRASUJPPN-UHFFFAOYNA-N,-8.808
HSP90AA1,c_MET98,mut_s1,detail,1,7,OYHXDPMAFYHDNG-YAQRNVERNA-N,-7.545
HSP90AA1,c_MET98,mut_s1,detail,1,8,AWILWAIEQYZUEQ-UHFFFAOYNA-N,-7.694
HSP90AA1,c_MET98,mut_s1,detail,1,9,WSFAXHLMQUUHQT-VMPITWQZNA-N,-8.104
HSP90AA1,c_MET98,mut_s1,detail,1,10,WPHMTVNOXKBZKN-UHFFFAOYNA-N,-7.33
HSP90AA1,c_MET98,mut_s1,detail,1,11,LPEIZNODGHDCCW-UHFFFAOYNA-N,-6.996
HSP90AA1,c_MET98,mut_s1,detail,1,12,QQHWWDVSRWOHEP-LILDFLRNNA-N,-9.731
HSP90AA1,c_MET98,mut_s1,detail,1,13,UMEVSSPGBFVQNC-UHFFFAOYNA-N,-6.451
HSP90AA1,c_MET98,mut_s1,detail,1,14,VZDIOEKWWZRNQN-UHFFFAOYNA-N,-10.005
HSP90AA1,c_MET98,mut_s1,detail,1,15,JEVLDOUORFAHRS-NDKGDYFDNA-N,-7.048
HSP90AA1,c_MET98,mut_s1,detail,1,16,NFTGJNJRMWUBPG-GPQMBLKYNA-N,-8.843
HSP90AA1,c_MET98,mut_s1,detail,1,17,UMUUTEZBWGDVDA-UHFFFAOYNA-N,-7.959
HSP90AA1,c_MET98,mut_s1,detail,1,18,VLQKEPLNPGYNDJ-HCKMINDGNA-N,-8.907
HSP90AA1,c_MET98,mut_s1,detail,1,19,PPMVTAATPZLMJM-CDDDEJBQNA-N,-8.201
HSP90AA1,c_MET98,mut_s1,detail,1,20,AHLYFAKLKLMESK-YAQRNVERNA-N,-7.917
HSP90AA1,c_MET98,mut_s1,detail,1,21,GYEJYLAGVWRSIM-KGJHZMDYNA-N,-7.943
HSP90AA1,c_MET98,mut_s1,detail,1,22,RXVALSLAUOIYLW-UHFFFAOYNA-N,-7.446
HSP90AA1,c_MET98,mut_s1,detail,1,23,NSELYIFATLFDOZ-JLGFQASFNA-N,-8.013
HSP90AA1,c_MET98,mut_s1,detail,1,24,COQFBYACOHFCEC-UHFFFAOYNA-N,-7.6
HSP90AA1,c_MET98,mut_s1,detail,1,25,CJGJXFCLDYQBFQ-YJGXKCCXNA-N,-8.636
HSP90AA1,c_MET98,mut_s1,detail,1,26,BWNGRRJLFYHENY-INIZCTEONA-N,-7.648
HSP90AA1,c_MET98,mut_s1,detail,1,27,BNRFXWSJKVJVOF-UYBDAZJANA-N,-9.52
HSP90AA1,c_MET98,mut_s1,detail,1,28,DMULMZBZVBBWBY-PJZINPJWNA-N,-9.125
HSP90AA1,c_MET98,mut_s1,detail,1,29,AXLAIGJGNKHDPO-UHFFFAOYNA-N,-7.205
HSP90AA1,c_MET98,mut_s1,detail,1,30,RKDGAONZEPYEBT-WXRBYKJCNA-N,-7.771
HSP90AA1,c_MET98,mut_s1,detail,1,31,MBOYDUZSCSNUQL-MBBDSNKKNA-N,-8.109
HSP90AA1,c_MET98,mut_s1,detail,1,32,KPVDBHRTXOFQDK-YAQRNVERNA-N,-7.696
HSP90AA1,c_MET98,mut_s1,detail,1,33,LVCNFMYUKISBSB-VJSNTGQMNA-N,-8.732
HSP90AA1,c_MET98,mut_s1,detail,1,34,XLAHCIRKLMJUQC-DZQCGVKKNA-N,-9.517
HSP90AA1,c_MET98,mut_s1,detail,1,35,QNYHDABGLCBJOE-SHHGZXMVNA-N,-9.104
HSP90AA1,c_MET98,mut_s1,detail,1,36,HEKNRISBWSPMOG-OWTLIXCDNA-N,-7.294
HSP90AA1,c_MET98,mut_s1,detail,1,37,VIRNXCRLEVZXNX-LILDFLRNNA-N,-8.606
HSP90AA1,c_MET98,mut_s1,detail,1,38,SRTGERSEXJGDMR-UHFFFAOYNA-N,-8.534
HSP90AA1,c_MET98,mut_s1,detail,1,39,ZGMGSSRLZJYOKH-WXRBYKJCNA-N,-7.65
HSP90AA1,c_MET98,mut_s1,detail,1,40,VGYFDFRFGHHCDA-CUTUCBJDNA-N,-10.125
HSP90AA1,c_MET98,mut_s1,detail,1,41,DILPMLYWQJPNLO-HCKMINDGNA-N,-9.508
HSP90AA1,c_MET98,mut_s1,detail,1,42,RSOODJIGEVJLMK-LQFNOIFHNA-N,-9.607
HSP90AA1,c_MET98,mut_s1,detail,1,43,OWHHWMUAYBIQPR-UHFFFAOYNA-N,-8.677
HSP90AA1,c_MET98,mut_s1,detail,1,44,KPIKMVZJKZDOFC-UHFFFAOYNA-N,-9.677
HSP90AA1,c_MET98,mut_s1,detail,1,45,DIKDKRUREJXLMR-DPMTXJEANA-N,-9.962
HSP90AA1,c_MET98,mut_s1,detail,1,46,QRVJDPKQHAVBDK-UYBDAZJANA-N,-7.282
HSP90AA1,c_MET98,mut_s1,detail,1,47,SGBSFKSDPWOALT-UYBDAZJANA-N,-9.162
HSP90AA1,c_MET98,mut_s1,detail,1,48,CYHFRNFVZWVHCG-OTJKMEOQNA-N,-9.574
HSP90AA1,c_MET98,mut_s1,detail,1,49,MJUDQDHXCQONOA-MPIMZMORNA-N,-9.25
HSP90AA1,c_MET98,mut_s1,detail,1,50,RNVYRNLUUYNQAS-PKSOQXRJNA-N,-8.394
HSP90AA1,c_MET98,mut_s1,detail,1,51,DLZXOZYETDVJEB-QWOVJGMINA-N,-8.01
HSP90AA1,c_MET98,mut_s1,detail,1,52,HSICVZRDGBJSEL-GPQMBLKYNA-N,-7.83
HSP90AA1,c_MET98,mut_s1,detail,1,53,HMRUHHFLIMYEAF-QNGOCPJXNA-N,-7.549
HSP90AA1,c_MET98,mut_s1,detail,1,54,ZZOWQPSBJUXHCA-YSPRVCGUNA-N,-10.357
HSP90AA1,c_MET98,mut_s1,detail,1,55,WDDJLHOUFWSQSV-UHFFFAOYNA-N,-9.535
HSP90AA1,c_MET98,mut_s1,detail,1,56,UKLIIGXGTPSYBF-IBCWCQIKNA-N,-8.789
HSP90AA1,c_MET98,mut_s1,detail,1,57,LNPOBRXJZYGQMS-MOHJPFBDNA-N,-9.088
HSP90AA1,c_MET98,mut_s1,detail,1,58,FYILBFPPKIZBTO-UHFFFAOYNA-N,-8.218
HSP90AA1,c_MET98,mut_s1,detail,1,59,MIKIJFODTJGFDI-LILDFLRNNA-N,-9.002
HSP90AA1,c_MET98,mut_s1,detail,1,60,RUWCNSLWWCWTSU-LILDFLRNNA-N,-10.11
HSP90AA1,c_MET98,mut_s1,detail,1,61,KLQWCHKIQJHYIB-UHFFFAOYNA-N,-10.47
HSP90AA1,c_MET98,mut_s1,detail,1,62,QKAWGENQCGFAOE-NPVYFSBINA-N,-9.292
HSP90AA1,c_MET98,mut_s1,detail,1,63,KGOKCBRZBBEYBE-MMRXBHCZNA-N,-9.739
HSP90AA1,c_MET98,mut_s1,detail,1,64,ROFRXCLSWKEWTN-UHFFFAOYNA-N,-8.429
HSP90AA1,c_MET98,mut_s1,detail,1,65,AKRMJNKLSCBEME-FPYGCLRLNA-N,-7.813
HSP90AA1,c_MET98,mut_s1,detail,1,66,LCGJUJZLLYTYIF-XMFFZCEENA-N,-9.355
HSP90AA1,c_MET98,mut_s1,detail,1,67,FREQNFSEYLEFOI-QRCVEOAVNA-N,-8.457
HSP90AA1,c_MET98,mut_s1,detail,1,68,MHMINAYLMNBGSM-UHFFFAOYNA-N,-7.294
HSP90AA1,c_MET98,mut_s1,detail,1,69,SYMNTBHEGHFZMV-UHFFFAOYNA-N,-8.206
HSP90AA1,c_MET98,mut_s1,detail,1,70,NNCRWGMPCGSKOO-LILDFLRNNA-N,-7.858
HSP90AA1,c_MET98,mut_s1,detail,1,71,ZCRRNCCNJMRGFI-UHFFFAOYNA-N,-9.725
HSP90AA1,c_MET98,mut_s1,detail,1,72,PYVZEIBGEUQNQQ-UHFFFAOYNA-N,-9.214
HSP90AA1,c_MET98,mut_s1,detail,1,73,OROJQWVRCGJACT-XBTAAFKLNA-N,-9.359
HSP90AA1,c_MET98,mut_s1,detail,1,74,TXYUWXKCUDOUGU-JLGFQASFNA-N,-7.612
HSP90AA1,c_MET98,mut_s1,detail,1,75,LAZANALODSEDSE-UHFFFAOYNA-N,-8.033
HSP90AA1,c_MET98,mut_s1,detail,1,76,RJXCYVJLXGRCHK-UHFFFAOYNA-N,-8.783
HSP90AA1,c_MET98,mut_s1,detail,1,77,FUSKIBWHJAWEFI-IEJAXPBYNA-N,-8.386
HSP90AA1,c_MET98,mut_s1,detail,1,78,SGWVLOCBQLQWQV-UHFFFAOYNA-N,-8.828
HSP90AA1,c_MET98,mut_s1,detail,1,79,PPXRQTYXLZCDAZ-QWOVJGMINA-N,-9.38
HSP90AA1,c_MET98,mut_s1,detail,1,80,DIFBADFWLVYFHV-LELJVTLKNA-N,-10.124
HSP90AA1,c_MET98,mut_s1,detail,1,81,XREOSEVJCQGCHE-MHPMNMKGNA-N,-9.899
HSP90AA1,c_MET98,mut_s1,detail,1,82,ZHGPKHBXSKWZEQ-UHFFFAOYNA-N,-9.038
HSP90AA1,c_MET98,mut_s1,detail,1,83,ZFAYPJJNPSNAFK-UHFFFAOYNA-N,-9.736
HSP90AA1,c_MET98,mut_s1,detail,1,84,LTXMRAGWIDQTQT-MYUTVWBTNA-N,-11.048
HSP90AA1,c_MET98,mut_s1,detail,1,85,VXQHYHSSGLOALC-SPEPDGBUNA-N,-8.748
HSP90AA1,c_MET98,mut_s1,detail,1,86,KWDSFRAWCISROF-PJQSKVNONA-N,-9.166
HSP90AA1,c_MET98,mut_s1,detail,1,87,ZJZXSQPHUQUHIV-ZGZFQTMPNA-N,-10.079
HSP90AA1,c_MET98,mut_s1,detail,1,88,UYHIVPBYFWVWEJ-UHFFFAOYNA-N,-10.129
HSP90AA1,c_MET98,mut_s1,detail,1,89,PLEFJSUCKRWHBY-LNNLXFCONA-N,-9.743
HSP90AA1,c_MET98,mut_s1,detail,1,90,DNSRQCRQLKJUCC-PDJAEHLQNA-N,-8.986
HSP90AA1,c_MET98,mut_s1,detail,1,91,PHYKZCBUNVYJNH-YDBXFXKPNA-N,-7.698
HSP90AA1,c_MET98,mut_s1,detail,1,92,OOUHZBUAVKCDGA-UHFFFAOYNA-N,-9.149
HSP90AA1,c_MET98,mut_s1,detail,1,93,UUQDFZFJDFMLHW-UHFFFAOYNA-N,-8.243
HSP90AA1,c_MET98,mut_s1,detail,1,94,OOUDDHNLDLLUOL-SKKVRFOWNA-N,-10.564
HSP90AA1,c_MET98,mut_s1,detail,1,95,ZDMQSUAMTLXUTE-MPIMZMORNA-N,-8.864
HSP90AA1,c_MET98,mut_s1,detail,1,96,NMPLPABDEKPABN-UHFFFAOYNA-N,-8.827
HSP90AA1,c_MET98,mut_s1,detail,1,97,INZRHGSVWGRHBM-NPVYFSBINA-N,-9.497
HSP90AA1,c_MET98,mut_s1,detail,1,98,RVGCWMKVTAEQIH-LNNLXFCONA-N,-9.461
HSP90AA1,c_MET98,mut_s1,detail,1,99,VRXWKRQOVMZBAF-LJQANCHMNA-N,-8.482
HSP90AA1,c_MET98,mut_s1,detail,1,100,QACLWOIBBYOHQP-UYBDAZJANA-N,-8.309
HSP90AA1,c_MET98,mut_s1,detail,1,101,ZNXSZVFPCBIELQ-LNNLXFCONA-N,-8.546
HSP90AA1,c_MET98,mut_s1,detail,1,102,GKMWCCNMKRSQHR-VEKUMTKDNA-N,-8.943
HSP90AA1,c_MET98,mut_s1,detail,1,103,FFGUSRSMWFYKGK-SKKVRFOWNA-N,-10.023
HSP90AA1,c_MET98,mut_s1,detail,1,104,KXBDDGKXLZBLOM-SPEPDGBUNA-N,-9.116
HSP90AA1,c_MET98,mut_s1,detail,1,105,MIUWULAZCXYTJW-MSHHZIMBNA-N,-10.693
HSP90AA1,c_MET98,mut_s1,detail,1,106,JPZOYWVRFLZCIC-NJNXFGOHNA-N,-10.45
HSP90AA1,c_MET98,mut_s1,detail,1,107,FAIQTLBYDVKBAB-DVIAZDKANA-N,-10.006
HSP90AA1,c_MET98,mut_s1,detail,1,108,APFLRZZAOXCNAZ-UHFFFAOYNA-N,-8.687
HSP90AA1,c_MET98,mut_s1,detail,1,109,BSQLDSQTGOZBFD-UHFFFAOYNA-N,-8.849
HSP90AA1,c_MET98,mut_s1,detail,1,110,ZVVCFJXCDATSCC-UHFFFAOYNA-N,-9.236
HSP90AA1,c_MET98,mut_s1,detail,1,111,SKEQTXZATFWVMB-UYBDAZJANA-N,-7.918
HSP90AA1,c_MET98,mut_s1,detail,1,112,IATWYRHDJKMBQK-MPIMZMORNA-N,-8.941
HSP90AA1,c_MET98,mut_s1,detail,1,113,JPWOEQDCUZCWKT-MPIMZMORNA-N,-8.564
HSP90AA1,c_MET98,mut_s1,detail,1,114,RYHSAXRBHDHPPK-PKSOQXRJNA-N,-9.338
HSP90AA1,c_MET98,mut_s1,detail,1,115,GKKJWUFVZJJFPG-MPIMZMORNA-N,-9.271
HSP90AA1,c_MET98,mut_s1,detail,1,116,FDNZXFDUCINVLY-BDGWVKIONA-N,-8.412
HSP90AA1,c_MET98,mut_s1,detail,1,117,KTBYKHKWIFIFAK-UHFFFAOYNA-N,-11.55
HSP90AA1,c_MET98,mut_s1,detail,1,118,ZRXZEWGUECXTTQ-LQFNOIFHNA-N,-9.994
HSP90AA1,c_MET98,mut_s1,detail,1,119,XNACBBGLIAJNJM-PECIQRARNA-N,-9.088
HSP90AA1,c_MET98,mut_s1,detail,1,120,WQZYYJRVBIQUGH-YWZOXAELNA-N,-8.15
HSP90AA1,c_MET98,mut_s1,detail,1,121,ABMSRNRLDZVJFV-SWUIVHNENA-N,-9.606
HSP90AA1,c_MET98,mut_s1,detail,1,122,ZEACBIUBSOLEGW-QAITUMOCNA-N,-10.674
HSP90AA1,c_MET98,mut_s1,detail,1,123,UBFCDXVLKFOOGL-OKPOJWAQNA-N,-9.567
HSP90AA1,c_MET98,mut_s1,detail,1,124,RRIHVAFUFDANEX-NSJMMFDCNA-N,-9.285
HSP90AA1,c_MET98,mut_s1,detail,1,125,HASIAUWPWKTSBW-SREBMQDQNA-N,-8.574
HSP90AA1,c_MET98,mut_s1,detail,1,126,WHBCKYHTCHCHAY-LQFNOIFHNA-N,-8.898
HSP90AA1,c_MET98,mut_s1,detail,1,127,XMAYWYJOQHXEEK-JYFHCDHNNA-N,-9.765
HSP90AA1,c_MET98,mut_s1,detail,1,128,TVKCFCZANTZCSU-OYRHEFFENA-N,-9.839
HSP90AA1,c_MET98,mut_s1,detail,1,129,OJFIIUWPOHBVMH-LNNLXFCONA-N,-7.868
HSP90AA1,c_MET98,mut_s1,detail,1,130,DKLZMGFTGWKNCD-DIRLUKLVNA-N,-10.607
HSP90AA1,c_MET98,mut_s1,detail,1,131,PYSLGWZFRQWTDD-PWIKPTQSNA-N,-10.387
HSP90AA1,c_MET98,mut_s1,detail,1,132,MWMBIUUYBQWKJX-QTUCRYGENA-N,-10.024
HSP90AA1,c_MET98,mut_s1,detail,1,133,FLYQFCXTEFTSQN-UHFFFAOYNA-N,-9.046
HSP90AA1,c_MET98,mut_s1,detail,1,134,PBIBDSDWIMZYDT-WBWGZOKWNA-N,-9.176
HSP90AA1,c_MET98,mut_s1,detail,1,135,GSRWMFGBDLHGBU-YEFLILRRNA-N,-8.156
HSP90AA1,c_MET98,mut_s1,detail,1,136,AYIJJQHMZAEQKE-QDAGQJSJNA-N,-9.773
HSP90AA1,c_MET98,mut_s1,detail,1,137,JVWTZUKPDMRNDC-FSAKADSPNA-N,-11.108
HSP90AA1,c_MET98,mut_s1,detail,1,138,XAZPLOLSRXZDBO-LBZABMTDNA-N,-9.174
HSP90AA1,c_MET98,mut_s1,detail,1,139,RGWVFJBNHCWCTL-CFEGKOCINA-N,-8.676
HSP90AA1,c_MET98,mut_s1,detail,1,140,YYWNRQZCPIMCAK-UHFFFAOYNA-N,-10.733
HSP90AA1,c_MET98,mut_s1,detail,1,141,PBTZDKNKXRSZPM-XBXBPLPCNA-N,-10.281
HSP90AA1,c_MET98,mut_s1,detail,1,142,QQPOIMHFFPBDQM-LELJVTLKNA-N,-8.688
HSP90AA1,c_MET98,mut_s1,detail,1,143,NYFQURFFDGCBCB-MAQJPOOANA-N,-8.092
HSP90AA1,c_MET98,mut_s1,detail,1,144,HXZVHWHABLBWBS-MTTPVDACNA-N,-11.828
HSP90AA1,c_MET98,mut_s1,detail,1,145,IWYYSOJWYLZKLK-LELJVTLKNA-N,-8.311
HSP90AA1,c_MET98,mut_s1,detail,1,146,HOGUCNPGZXMBGW-UHFFFAOYNA-N,-10.833
HSP90AA1,c_MET98,mut_s1,detail,1,147,VITUDJAVASFPKN-DUFUIDNCNA-N,-9.382
HSP90AA1,c_MET98,mut_s1,detail,1,148,IXAHDCRYEUYPBG-SCXYCHFONA-N,-12.021
HSP90AA1,c_MET98,mut_s1,detail,1,149,JWHMEKMLAZQDNS-OZMOGHDGNA-N,-9.382
HSP90AA1,c_MET98,mut_s1,detail,1,150,BZWNBTIJLRHNDZ-LBOYIXSDNA-N,-8.501
HSP90AA1,c_MET98,mut_s1,detail,1,151,RECYROBESYRUML-UHFFFAOYNA-N,-9.287
HSP90AA1,c_MET98,mut_s1,detail,1,152,MLDSJJJLQRZNKW-UHBIVWOUNA-N,-10.543
HSP90AA1,c_MET98,mut_s1,detail,1,153,XTWIHJARHCYNFX-PHXLCVRDNA-N,-9.038
HSP90AA1,c_MET98,mut_s1,detail,1,154,UQGFETVWTRDGKJ-UHFFFAOYNA-N,-9.621
HSP90AA1,c_MET98,mut_s1,detail,1,155,VJFSMDWEMFOWDK-CYSPOYASNA-N,-9.007
HSP90AA1,c_MET98,mut_s1,detail,1,156,NZYLXYBIWNIAGH-CYSPOYASNA-N,-10.626
HSP90AA1,c_MET98,mut_s1,detail,1,157,ODXCWFOKLBJQNP-MPIMZMORNA-N,-8.929
HSP90AA1,c_MET98,mut_s1,detail,1,158,FVDNMAPPDSKXKQ-UHFFFAOYNA-N,-10.812
HSP90AA1,c_MET98,mut_s1,detail,1,159,DOPWMPRIRWTOOD-CCHPKIMANA-N,-9.037
HSP90AA1,c_LEU107,mut_s1,detail,1,0,URVMSYHISUZXNH-UYBDAZJANA-N,-8.936
HSP90AA1,c_LEU107,mut_s1,detail,1,1,KXRPCFINVWWFHQ-UHFFFAOYNA-N,-5.237
HSP90AA1,c_LEU107,mut_s1,detail,1,2,NICJTSHRYBTHAS-YHMJCDSINA-N,-7.514
HSP90AA1,c_LEU107,mut_s1,detail,1,3,SWRZVDTZHDWPDS-AWIDAIFANA-N,-8.687
HSP90AA1,c_LEU107,mut_s1,detail,1,4,RKNSLLSUFWWYCA-UHFFFAOYNA-N,-8.661
HSP90AA1,c_LEU107,mut_s1,detail,1,5,OZFSIKFTRRUDES-RIYZIHGNNA-N,-7.102
HSP90AA1,c_LEU107,mut_s1,detail,1,6,AAGGUCRASUJPPN-UHFFFAOYNA-N,-8.591
HSP90AA1,c_LEU107,mut_s1,detail,1,7,OYHXDPMAFYHDNG-YAQRNVERNA-N,-7.536
HSP90AA1,c_LEU107,mut_s1,detail,1,8,AWILWAIEQYZUEQ-UHFFFAOYNA-N,-7.511
HSP90AA1,c_LEU107,mut_s1,detail,1,9,WSFAXHLMQUUHQT-VMPITWQZNA-N,-8.156
HSP90AA1,c_LEU107,mut_s1,detail,1,10,WPHMTVNOXKBZKN-UHFFFAOYNA-N,-6.958
HSP90AA1,c_LEU107,mut_s1,detail,1,11,LPEIZNODGHDCCW-UHFFFAOYNA-N,-7.175
HSP90AA1,c_LEU107,mut_s1,detail,1,12,QQHWWDVSRWOHEP-LILDFLRNNA-N,-9.063
HSP90AA1,c_LEU107,mut_s1,detail,1,13,UMEVSSPGBFVQNC-UHFFFAOYNA-N,-6.428
HSP90AA1,c_LEU107,mut_s1,detail,1,14,VZDIOEKWWZRNQN-UHFFFAOYNA-N,-9.904
HSP90AA1,c_LEU107,mut_s1,detail,1,15,JEVLDOUORFAHRS-NDKGDYFDNA-N,-7.69
HSP90AA1,c_LEU107,mut_s1,detail,1,16,NFTGJNJRMWUBPG-GPQMBLKYNA-N,-8.667
HSP90AA1,c_LEU107,mut_s1,detail,1,17,UMUUTEZBWGDVDA-UHFFFAOYNA-N,-8.113
HSP90AA1,c_LEU107,mut_s1,detail,1,18,VLQKEPLNPGYNDJ-HCKMINDGNA-N,-8.319
HSP90AA1,c_LEU107,mut_s1,detail,1,19,PPMVTAATPZLMJM-CDDDEJBQNA-N,-7.911
HSP90AA1,c_LEU107,mut_s1,detail,1,20,AHLYFAKLKLMESK-YAQRNVERNA-N,-7.84
HSP90AA1,c_LEU107,mut_s1,detail,1,21,GYEJYLAGVWRSIM-KGJHZMDYNA-N,-7.419
HSP90AA1,c_LEU107,mut_s1,detail,1,22,RXVALSLAUOIYLW-UHFFFAOYNA-N,-8.033
HSP90AA1,c_LEU107,mut_s1,detail,1,23,NSELYIFATLFDOZ-JLGFQASFNA-N,-8.567
HSP90AA1,c_LEU107,mut_s1,detail,1,24,COQFBYACOHFCEC-UHFFFAOYNA-N,-6.954
HSP90AA1,c_LEU107,mut_s1,detail,1,25,CJGJXFCLDYQBFQ-YJGXKCCXNA-N,-9.054
HSP90AA1,c_LEU107,mut_s1,detail,1,26,BWNGRRJLFYHENY-INIZCTEONA-N,-7.89
HSP90AA1,c_LEU107,mut_s1,detail,1,27,BNRFXWSJKVJVOF-UYBDAZJANA-N,-10.1
HSP90AA1,c_LEU107,mut_s1,detail,1,28,DMULMZBZVBBWBY-PJZINPJWNA-N,-9.025
HSP90AA1,c_LEU107,mut_s1,detail,1,29,AXLAIGJGNKHDPO-UHFFFAOYNA-N,-6.412
HSP90AA1,c_LEU107,mut_s1,detail,1,30,RKDGAONZEPYEBT-WXRBYKJCNA-N,-7.008
HSP90AA1,c_LEU107,mut_s1,detail,1,31,MBOYDUZSCSNUQL-MBBDSNKKNA-N,-7.991
HSP90AA1,c_LEU107,mut_s1,detail,1,32,KPVDBHRTXOFQDK-YAQRNVERNA-N,-7.698
HSP90AA1,c_LEU107,mut_s1,detail,1,33,LVCNFMYUKISBSB-VJSNTGQMNA-N,-8.762
HSP90AA1,c_LEU107,mut_s1,detail,1,34,XLAHCIRKLMJUQC-DZQCGVKKNA-N,-8.904
HSP90AA1,c_LEU107,mut_s1,detail,1,35,QNYHDABGLCBJOE-SHHGZXMVNA-N,-8.609
HSP90AA1,c_LEU107,mut_s1,detail,1,36,HEKNRISBWSPMOG-OWTLIXCDNA-N,-6.602
HSP90AA1,c_LEU107,mut_s1,detail,1,37,VIRNXCRLEVZXNX-LILDFLRNNA-N,-8.891
HSP90AA1,c_LEU107,mut_s1,detail,1,38,SRTGERSEXJGDMR-UHFFFAOYNA-N,-8.39
HSP90AA1,c_LEU107,mut_s1,detail,1,39,ZGMGSSRLZJYOKH-WXRBYKJCNA-N,-7.585
HSP90AA1,c_LEU107,mut_s1,detail,1,40,VGYFDFRFGHHCDA-CUTUCBJDNA-N,-8.881
HSP90AA1,c_LEU107,mut_s1,detail,1,41,DILPMLYWQJPNLO-HCKMINDGNA-N,-9.688
HSP90AA1,c_LEU107,mut_s1,detail,1,42,RSOODJIGEVJLMK-LQFNOIFHNA-N,-9.189
HSP90AA1,c_LEU107,mut_s1,detail,1,43,OWHHWMUAYBIQPR-UHFFFAOYNA-N,-9.193
HSP90AA1,c_LEU107,mut_s1,detail,1,44,KPIKMVZJKZDOFC-UHFFFAOYNA-N,-9.686
HSP90AA1,c_LEU107,mut_s1,detail,1,45,DIKDKRUREJXLMR-DPMTXJEANA-N,-9.898
HSP90AA1,c_LEU107,mut_s1,detail,1,46,QRVJDPKQHAVBDK-UYBDAZJANA-N,-7.453
HSP90AA1,c_LEU107,mut_s1,detail,1,47,SGBSFKSDPWOALT-UYBDAZJANA-N,-9.08
HSP90AA1,c_LEU107,mut_s1,detail,1,48,CYHFRNFVZWVHCG-OTJKMEOQNA-N,-8.939
HSP90AA1,c_LEU107,mut_s1,detail,1,49,MJUDQDHXCQONOA-MPIMZMORNA-N,-9.3
HSP90AA1,c_LEU107,mut_s1,detail,1,50,RNVYRNLUUYNQAS-PKSOQXRJNA-N,-8.347
HSP90AA1,c_LEU107,mut_s1,detail,1,51,DLZXOZYETDVJEB-QWOVJGMINA-N,-7.401
HSP90AA1,c_LEU107,mut_s1,detail,1,52,HSICVZRDGBJSEL-GPQMBLKYNA-N,-8.291
HSP90AA1,c_LEU107,mut_s1,detail,1,53,HMRUHHFLIMYEAF-QNGOCPJXNA-N,-8.175
HSP90AA1,c_LEU107,mut_s1,detail,1,54,ZZOWQPSBJUXHCA-YSPRVCGUNA-N,-10.266
HSP90AA1,c_LEU107,mut_s1,detail,1,55,WDDJLHOUFWSQSV-UHFFFAOYNA-N,-10.046
HSP90AA1,c_LEU107,mut_s1,detail,1,56,UKLIIGXGTPSYBF-IBCWCQIKNA-N,-8.52
HSP90AA1,c_LEU107,mut_s1,detail,1,57,LNPOBRXJZYGQMS-MOHJPFBDNA-N,-8.993
HSP90AA1,c_LEU107,mut_s1,detail,1,58,FYILBFPPKIZBTO-UHFFFAOYNA-N,-8.212
HSP90AA1,c_LEU107,mut_s1,detail,1,59,MIKIJFODTJGFDI-LILDFLRNNA-N,-8.822
HSP90AA1,c_LEU107,mut_s1,detail,1,60,RUWCNSLWWCWTSU-LILDFLRNNA-N,-10.031
HSP90AA1,c_LEU107,mut_s1,detail,1,61,KLQWCHKIQJHYIB-UHFFFAOYNA-N,-9.901
HSP90AA1,c_LEU107,mut_s1,detail,1,62,QKAWGENQCGFAOE-NPVYFSBINA-N,-9.044
HSP90AA1,c_LEU107,mut_s1,detail,1,63,KGOKCBRZBBEYBE-MMRXBHCZNA-N,-10.205
HSP90AA1,c_LEU107,mut_s1,detail,1,64,ROFRXCLSWKEWTN-UHFFFAOYNA-N,-7.945
HSP90AA1,c_LEU107,mut_s1,detail,1,65,AKRMJNKLSCBEME-FPYGCLRLNA-N,-8.347
HSP90AA1,c_LEU107,mut_s1,detail,1,66,LCGJUJZLLYTYIF-XMFFZCEENA-N,-8.745
HSP90AA1,c_LEU107,mut_s1,detail,1,67,FREQNFSEYLEFOI-QRCVEOAVNA-N,-8.605
HSP90AA1,c_LEU107,mut_s1,detail,1,68,MHMINAYLMNBGSM-UHFFFAOYNA-N,-7.369
HSP90AA1,c_LEU107,mut_s1,detail,1,69,SYMNTBHEGHFZMV-UHFFFAOYNA-N,-7.773
HSP90AA1,c_LEU107,mut_s1,detail,1,70,NNCRWGMPCGSKOO-LILDFLRNNA-N,-7.577
HSP90AA1,c_LEU107,mut_s1,detail,1,71,ZCRRNCCNJMRGFI-UHFFFAOYNA-N,-9.316
HSP90AA1,c_LEU107,mut_s1,detail,1,72,PYVZEIBGEUQNQQ-UHFFFAOYNA-N,-9.056
HSP90AA1,c_LEU107,mut_s1,detail,1,73,OROJQWVRCGJACT-XBTAAFKLNA-N,-10.053
HSP90AA1,c_LEU107,mut_s1,detail,1,74,TXYUWXKCUDOUGU-JLGFQASFNA-N,-7.388
HSP90AA1,c_LEU107,mut_s1,detail,1,75,LAZANALODSEDSE-UHFFFAOYNA-N,-8.261
HSP90AA1,c_LEU107,mut_s1,detail,1,76,RJXCYVJLXGRCHK-UHFFFAOYNA-N,-9.378
HSP90AA1,c_LEU107,mut_s1,detail,1,77,FUSKIBWHJAWEFI-IEJAXPBYNA-N,-7.924
HSP90AA1,c_LEU107,mut_s1,detail,1,78,SGWVLOCBQLQWQV-UHFFFAOYNA-N,-8.738
HSP90AA1,c_LEU107,mut_s1,detail,1,79,PPXRQTYXLZCDAZ-QWOVJGMINA-N,-9.185
HSP90AA1,c_LEU107,mut_s1,detail,1,80,DIFBADFWLVYFHV-LELJVTLKNA-N,-10.005
HSP90AA1,c_LEU107,mut_s1,detail,1,81,XREOSEVJCQGCHE-MHPMNMKGNA-N,-10.618
HSP90AA1,c_LEU107,mut_s1,detail,1,82,ZHGPKHBXSKWZEQ-UHFFFAOYNA-N,-8.915
HSP90AA1,c_LEU107,mut_s1,detail,1,83,ZFAYPJJNPSNAFK-UHFFFAOYNA-N,-8.619
HSP90AA1,c_LEU107,mut_s1,detail,1,84,LTXMRAGWIDQTQT-MYUTVWBTNA-N,-11.141
HSP90AA1,c_LEU107,mut_s1,detail,1,85,VXQHYHSSGLOALC-SPEPDGBUNA-N,-9.8
HSP90AA1,c_LEU107,mut_s1,detail,1,86,KWDSFRAWCISROF-PJQSKVNONA-N,-9.105
HSP90AA1,c_LEU107,mut_s1,detail,1,87,ZJZXSQPHUQUHIV-ZGZFQTMPNA-N,-10.31
HSP90AA1,c_LEU107,mut_s1,detail,1,88,UYHIVPBYFWVWEJ-UHFFFAOYNA-N,-9.861
HSP90AA1,c_LEU107,mut_s1,detail,1,89,PLEFJSUCKRWHBY-LNNLXFCONA-N,-9.56
HSP90AA1,c_LEU107,mut_s1,detail,1,90,DNSRQCRQLKJUCC-PDJAEHLQNA-N,-8.496
HSP90AA1,c_LEU107,mut_s1,detail,1,91,PHYKZCBUNVYJNH-YDBXFXKPNA-N,-7.636
HSP90AA1,c_LEU107,mut_s1,detail,1,92,OOUHZBUAVKCDGA-UHFFFAOYNA-N,-8.896
HSP90AA1,c_LEU107,mut_s1,detail,1,93,UUQDFZFJDFMLHW-UHFFFAOYNA-N,-8.676
HSP90AA1,c_LEU107,mut_s1,detail,1,94,OOUDDHNLDLLUOL-SKKVRFOWNA-N,-9.568
HSP90AA1,c_LEU107,mut_s1,detail,1,95,ZDMQSUAMTLXUTE-MPIMZMORNA-N,-9.004
HSP90AA1,c_LEU107,mut_s1,detail,1,96,NMPLPABDEKPABN-UHFFFAOYNA-N,-8.877
HSP90AA1,c_LEU107,mut_s1,detail,1,97,INZRHGSVWGRHBM-NPVYFSBINA-N,-9.618
HSP90AA1,c_LEU107,mut_s1,detail,1,98,RVGCWMKVTAEQIH-LNNLXFCONA-N,-9.441
HSP90AA1,c_LEU107,mut_s1,detail,1,99,VRXWKRQOVMZBAF-LJQANCHMNA-N,-8.162
HSP90AA1,c_LEU107,mut_s1,detail,1,100,QACLWOIBBYOHQP-UYBDAZJANA-N,-8.155
HSP90AA1,c_LEU107,mut_s1,detail,1,101,ZNXSZVFPCBIELQ-LNNLXFCONA-N,-8.505
HSP90AA1,c_LEU107,mut_s1,detail,1,102,GKMWCCNMKRSQHR-VEKUMTKDNA-N,-9.015
HSP90AA1,c_LEU107,mut_s1,detail,1,103,FFGUSRSMWFYKGK-SKKVRFOWNA-N,-10.076
HSP90AA1,c_LEU107,mut_s1,detail,1,104,KXBDDGKXLZBLOM-SPEPDGBUNA-N,-9.165
HSP90AA1,c_LEU107,mut_s1,detail,1,105,MIUWULAZCXYTJW-MSHHZIMBNA-N,-10.798
HSP90AA1,c_LEU107,mut_s1,detail,1,106,JPZOYWVRFLZCIC-NJNXFGOHNA-N,-11.339
HSP90AA1,c_LEU107,mut_s1,detail,1,107,FAIQTLBYDVKBAB-DVIAZDKANA-N,-8.938
HSP90AA1,c_LEU107,mut_s1,detail,1,108,APFLRZZAOXCNAZ-UHFFFAOYNA-N,-8.878
HSP90AA1,c_LEU107,mut_s1,detail,1,109,BSQLDSQTGOZBFD-UHFFFAOYNA-N,-9.268
HSP90AA1,c_LEU107,mut_s1,detail,1,110,ZVVCFJXCDATSCC-UHFFFAOYNA-N,-8.918
HSP90AA1,c_LEU107,mut_s1,detail,1,111,SKEQTXZATFWVMB-UYBDAZJANA-N,-7.437
HSP90AA1,c_LEU107,mut_s1,detail,1,112,IATWYRHDJKMBQK-MPIMZMORNA-N,-8.144
HSP90AA1,c_LEU107,mut_s1,detail,1,113,JPWOEQDCUZCWKT-MPIMZMORNA-N,-7.621
HSP90AA1,c_LEU107,mut_s1,detail,1,114,RYHSAXRBHDHPPK-PKSOQXRJNA-N,-9.083
HSP90AA1,c_LEU107,mut_s1,detail,1,115,GKKJWUFVZJJFPG-MPIMZMORNA-N,-9.52
HSP90AA1,c_LEU107,mut_s1,detail,1,116,FDNZXFDUCINVLY-BDGWVKIONA-N,-8.643
HSP90AA1,c_LEU107,mut_s1,detail,1,117,KTBYKHKWIFIFAK-UHFFFAOYNA-N,-9.697
HSP90AA1,c_LEU107,mut_s1,detail,1,118,ZRXZEWGUECXTTQ-LQFNOIFHNA-N,-9.84
HSP90AA1,c_LEU107,mut_s1,detail,1,119,XNACBBGLIAJNJM-PECIQRARNA-N,-9.156
HSP90AA1,c_LEU107,mut_s1,detail,1,120,WQZYYJRVBIQUGH-YWZOXAELNA-N,-8.211
HSP90AA1,c_LEU107,mut_s1,detail,1,121,ABMSRNRLDZVJFV-SWUIVHNENA-N,-9.845
HSP90AA1,c_LEU107,mut_s1,detail,1,122,ZEACBIUBSOLEGW-QAITUMOCNA-N,-10.798
HSP90AA1,c_LEU107,mut_s1,detail,1,123,UBFCDXVLKFOOGL-OKPOJWAQNA-N,-9.54
HSP90AA1,c_LEU107,mut_s1,detail,1,124,RRIHVAFUFDANEX-NSJMMFDCNA-N,-8.848
HSP90AA1,c_LEU107,mut_s1,detail,1,125,HASIAUWPWKTSBW-SREBMQDQNA-N,-8.75
HSP90AA1,c_LEU107,mut_s1,detail,1,126,WHBCKYHTCHCHAY-LQFNOIFHNA-N,-9.136
HSP90AA1,c_LEU107,mut_s1,detail,1,127,XMAYWYJOQHXEEK-JYFHCDHNNA-N,-9.495
HSP90AA1,c_LEU107,mut_s1,detail,1,128,TVKCFCZANTZCSU-OYRHEFFENA-N,-9.493
HSP90AA1,c_LEU107,mut_s1,detail,1,129,OJFIIUWPOHBVMH-LNNLXFCONA-N,-7.314
HSP90AA1,c_LEU107,mut_s1,detail,1,130,DKLZMGFTGWKNCD-DIRLUKLVNA-N,-10.612
HSP90AA1,c_LEU107,mut_s1,detail,1,131,PYSLGWZFRQWTDD-PWIKPTQSNA-N,-10.443
HSP90AA1,c_LEU107,mut_s1,detail,1,132,MWMBIUUYBQWKJX-QTUCRYGENA-N,-8.944
HSP90AA1,c_LEU107,mut_s1,detail,1,133,FLYQFCXTEFTSQN-UHFFFAOYNA-N,-9.079
HSP90AA1,c_LEU107,mut_s1,detail,1,134,PBIBDSDWIMZYDT-WBWGZOKWNA-N,-9.453
HSP90AA1,c_LEU107,mut_s1,detail,1,135,GSRWMFGBDLHGBU-YEFLILRRNA-N,-8.158
HSP90AA1,c_LEU107,mut_s1,detail,1,136,AYIJJQHMZAEQKE-QDAGQJSJNA-N,-8.916
HSP90AA1,c_LEU107,mut_s1,detail,1,137,JVWTZUKPDMRNDC-FSAKADSPNA-N,-10.719
HSP90AA1,c_LEU107,mut_s1,detail,1,138,XAZPLOLSRXZDBO-LBZABMTDNA-N,-8.465
HSP90AA1,c_LEU107,mut_s1,detail,1,139,RGWVFJBNHCWCTL-CFEGKOCINA-N,-9.558
HSP90AA1,c_LEU107,mut_s1,detail,1,140,YYWNRQZCPIMCAK-UHFFFAOYNA-N,-10.188
HSP90AA1,c_LEU107,mut_s1,detail,1,141,PBTZDKNKXRSZPM-XBXBPLPCNA-N,-10.054
HSP90AA1,c_LEU107,mut_s1,detail,1,142,QQPOIMHFFPBDQM-LELJVTLKNA-N,-9.005
HSP90AA1,c_LEU107,mut_s1,detail,1,143,NYFQURFFDGCBCB-MAQJPOOANA-N,-8.515
HSP90AA1,c_LEU107,mut_s1,detail,1,144,HXZVHWHABLBWBS-MTTPVDACNA-N,-11.588
HSP90AA1,c_LEU107,mut_s1,detail,1,145,IWYYSOJWYLZKLK-LELJVTLKNA-N,-7.909
HSP90AA1,c_LEU107,mut_s1,detail,1,146,HOGUCNPGZXMBGW-UHFFFAOYNA-N,-8.506
HSP90AA1,c_LEU107,mut_s1,detail,1,147,VITUDJAVASFPKN-DUFUIDNCNA-N,-9.641
HSP90AA1,c_LEU107,mut_s1,detail,1,148,IXAHDCRYEUYPBG-SCXYCHFONA-N,-11.836
HSP90AA1,c_LEU107,mut_s1,detail,1,149,JWHMEKMLAZQDNS-OZMOGHDGNA-N,-8.794
HSP90AA1,c_LEU107,mut_s1,detail,1,150,BZWNBTIJLRHNDZ-LBOYIXSDNA-N,-8.745
HSP90AA1,c_LEU107,mut_s1,detail,1,151,RECYROBESYRUML-UHFFFAOYNA-N,-9.927
HSP90AA1,c_LEU107,mut_s1,detail,1,152,MLDSJJJLQRZNKW-UHBIVWOUNA-N,-10.467
HSP90AA1,c_LEU107,mut_s1,detail,1,153,XTWIHJARHCYNFX-PHXLCVRDNA-N,-9.231
HSP90AA1,c_LEU107,mut_s1,detail,1,154,UQGFETVWTRDGKJ-UHFFFAOYNA-N,-9.807
HSP90AA1,c_LEU107,mut_s1,detail,1,155,VJFSMDWEMFOWDK-CYSPOYASNA-N,-9.323
HSP90AA1,c_LEU107,mut_s1,detail,1,156,NZYLXYBIWNIAGH-CYSPOYASNA-N,-10.084
HSP90AA1,c_LEU107,mut_s1,detail,1,157,ODXCWFOKLBJQNP-MPIMZMORNA-N,-8.719
HSP90AA1,c_LEU107,mut_s1,detail,1,158,FVDNMAPPDSKXKQ-UHFFFAOYNA-N,-9.895
HSP90AA1,c_LEU107,mut_s1,detail,1,159,DOPWMPRIRWTOOD-CCHPKIMANA-N,-9.257
HSP90AA1,c_PHE138,mut_s1,detail,1,0,URVMSYHISUZXNH-UYBDAZJANA-N,-8.035
HSP90AA1,c_PHE138,mut_s1,detail,1,1,KXRPCFINVWWFHQ-UHFFFAOYNA-N,-5.246
HSP90AA1,c_PHE138,mut_s1,detail,1,2,NICJTSHRYBTHAS-YHMJCDSINA-N,-7.73
HSP90AA1,c_PHE138,mut_s1,detail,1,3,SWRZVDTZHDWPDS-AWIDAIFANA-N,-8.139
HSP90AA1,c_PHE138,mut_s1,detail,1,4,RKNSLLSUFWWYCA-UHFFFAOYNA-N,-9.314
HSP90AA1,c_PHE138,mut_s1,detail,1,5,OZFSIKFTRRUDES-RIYZIHGNNA-N,-6.747
HSP90AA1,c_PHE138,mut_s1,detail,1,6,AAGGUCRASUJPPN-UHFFFAOYNA-N,-9.026
HSP90AA1,c_PHE138,mut_s1,detail,1,7,OYHXDPMAFYHDNG-YAQRNVERNA-N,-7.544
HSP90AA1,c_PHE138,mut_s1,detail,1,8,AWILWAIEQYZUEQ-UHFFFAOYNA-N,-7.534
HSP90AA1,c_PHE138,mut_s1,detail,1,9,WSFAXHLMQUUHQT-VMPITWQZNA-N,-8.85
HSP90AA1,c_PHE138,mut_s1,detail,1,10,WPHMTVNOXKBZKN-UHFFFAOYNA-N,-7.318
HSP90AA1,c_PHE138,mut_s1,detail,1,11,LPEIZNODGHDCCW-UHFFFAOYNA-N,-6.608
HSP90AA1,c_PHE138,mut_s1,detail,1,12,QQHWWDVSRWOHEP-LILDFLRNNA-N,-8.543
HSP90AA1,c_PHE138,mut_s1,detail,1,13,UMEVSSPGBFVQNC-UHFFFAOYNA-N,-6.769
HSP90AA1,c_PHE138,mut_s1,detail,1,14,VZDIOEKWWZRNQN-UHFFFAOYNA-N,-9.972
HSP90AA1,c_PHE138,mut_s1,detail,1,15,JEVLDOUORFAHRS-NDKGDYFDNA-N,-7.681
HSP90AA1,c_PHE138,mut_s1,detail,1,16,NFTGJNJRMWUBPG-GPQMBLKYNA-N,-8.57
HSP90AA1,c_PHE138,mut_s1,detail,1,17,UMUUTEZBWGDVDA-UHFFFAOYNA-N,-7.833
HSP90AA1,c_PHE138,mut_s1,detail,1,18,VLQKEPLNPGYNDJ-HCKMINDGNA-N,-8.865
HSP90AA1,c_PHE138,mut_s1,detail,1,19,PPMVTAATPZLMJM-CDDDEJBQNA-N,-8.104
HSP90AA1,c_PHE138,mut_s1,detail,1,20,AHLYFAKLKLMESK-YAQRNVERNA-N,-7.819
HSP90AA1,c_PHE138,mut_s1,detail,1,21,GYEJYLAGVWRSIM-KGJHZMDYNA-N,-7.141
HSP90AA1,c_PHE138,mut_s1,detail,1,22,RXVALSLAUOIYLW-UHFFFAOYNA-N,-8.801
HSP90AA1,c_PHE138,mut_s1,detail,1,23,NSELYIFATLFDOZ-JLGFQASFNA-N,-8.54
HSP90AA1,c_PHE138,mut_s1,detail,1,24,COQFBYACOHFCEC-UHFFFAOYNA-N,-7.673
HSP90AA1,c_PHE138,mut_s1,detail,1,25,CJGJXFCLDYQBFQ-YJGXKCCXNA-N,-9.698
HSP90AA1,c_PHE138,mut_s1,detail,1,26,BWNGRRJLFYHENY-INIZCTEONA-N,-7.884
HSP90AA1,c_PHE138,mut_s1,detail,1,27,BNRFXWSJKVJVOF-UYBDAZJANA-N,-9.894
HSP90AA1,c_PHE138,mut_s1,detail,1,28,DMULMZBZVBBWBY-PJZINPJWNA-N,-9.247
HSP90AA1,c_PHE138,mut_s1,detail,1,29,AXLAIGJGNKHDPO-UHFFFAOYNA-N,-6.884
HSP90AA1,c_PHE138,mut_s1,detail,1,30,RKDGAONZEPYEBT-WXRBYKJCNA-N,-7.278
HSP90AA1,c_PHE138,mut_s1,detail,1,31,MBOYDUZSCSNUQL-MBBDSNKKNA-N,-8.128
HSP90AA1,c_PHE138,mut_s1,detail,1,32,KPVDBHRTXOFQDK-YAQRNVERNA-N,-7.946
HSP90AA1,c_PHE138,mut_s1,detail,1,33,LVCNFMYUKISBSB-VJSNTGQMNA-N,-8.568
HSP90AA1,c_PHE138,mut_s1,detail,1,34,XLAHCIRKLMJUQC-DZQCGVKKNA-N,-9.916
HSP90AA1,c_PHE138,mut_s1,detail,1,35,QNYHDABGLCBJOE-SHHGZXMVNA-N,-8.136
HSP90AA1,c_PHE138,mut_s1,detail,1,36,HEKNRISBWSPMOG-OWTLIXCDNA-N,-8.062
HSP90AA1,c_PHE138,mut_s1,detail,1,37,VIRNXCRLEVZXNX-LILDFLRNNA-N,-9.634
HSP90AA1,c_PHE138,mut_s1,detail,1,38,SRTGERSEXJGDMR-UHFFFAOYNA-N,-7.994
HSP90AA1,c_PHE138,mut_s1,detail,1,39,ZGMGSSRLZJYOKH-WXRBYKJCNA-N,-7.327
HSP90AA1,c_PHE138,mut_s1,detail,1,40,VGYFDFRFGHHCDA-CUTUCBJDNA-N,-10.208
HSP90AA1,c_PHE138,mut_s1,detail,1,41,DILPMLYWQJPNLO-HCKMINDGNA-N,-8.637
HSP90AA1,c_PHE138,mut_s1,detail,1,42,RSOODJIGEVJLMK-LQFNOIFHNA-N,-8.737
HSP90AA1,c_PHE138,mut_s1,detail,1,43,OWHHWMUAYBIQPR-UHFFFAOYNA-N,-9.583
HSP90AA1,c_PHE138,mut_s1,detail,1,44,KPIKMVZJKZDOFC-UHFFFAOYNA-N,-9.508
HSP90AA1,c_PHE138,mut_s1,detail,1,45,DIKDKRUREJXLMR-DPMTXJEANA-N,-9.218
HSP90AA1,c_PHE138,mut_s1,detail,1,46,QRVJDPKQHAVBDK-UYBDAZJANA-N,-7.545
HSP90AA1,c_PHE138,mut_s1,detail,1,47,SGBSFKSDPWOALT-UYBDAZJANA-N,-9.846
HSP90AA1,c_PHE138,mut_s1,detail,1,48,CYHFRNFVZWVHCG-OTJKMEOQNA-N,-9.722
HSP90AA1,c_PHE138,mut_s1,detail,1,49,MJUDQDHXCQONOA-MPIMZMORNA-N,-8.777
HSP90AA1,c_PHE138,mut_s1,detail,1,50,RNVYRNLUUYNQAS-PKSOQXRJNA-N,-9.22
HSP90AA1,c_PHE138,mut_s1,detail,1,51,DLZXOZYETDVJEB-QWOVJGMINA-N,-7.368
HSP90AA1,c_PHE138,mut_s1,detail,1,52,HSICVZRDGBJSEL-GPQMBLKYNA-N,-9.628
HSP90AA1,c_PHE138,mut_s1,detail,1,53,HMRUHHFLIMYEAF-QNGOCPJXNA-N,-7.277
HSP90AA1,c_PHE138,mut_s1,detail,1,54,ZZOWQPSBJUXHCA-YSPRVCGUNA-N,-8.809
HSP90AA1,c_PHE138,mut_s1,detail,1,55,WDDJLHOUFWSQSV-UHFFFAOYNA-N,-9.927
HSP90AA1,c_PHE138,mut_s1,detail,1,56,UKLIIGXGTPSYBF-IBCWCQIKNA-N,-8.108
HSP90AA1,c_PHE138,mut_s1,detail,1,57,LNPOBRXJZYGQMS-MOHJPFBDNA-N,-9.727
HSP90AA1,c_PHE138,mut_s1,detail,1,58,FYILBFPPKIZBTO-UHFFFAOYNA-N,-8.541
HSP90AA1,c_PHE138,mut_s1,detail,1,59,MIKIJFODTJGFDI-LILDFLRNNA-N,-9.49
HSP90AA1,c_PHE138,mut_s1,detail,1,60,RUWCNSLWWCWTSU-LILDFLRNNA-N,-8.719
HSP90AA1,c_PHE138,mut_s1,detail,1,61,KLQWCHKIQJHYIB-UHFFFAOYNA-N,-9.807
HSP90AA1,c_PHE138,mut_s1,detail,1,62,QKAWGENQCGFAOE-NPVYFSBINA-N,-8.536
HSP90AA1,c_PHE138,mut_s1,detail,1,63,KGOKCBRZBBEYBE-MMRXBHCZNA-N,-9.143
HSP90AA1,c_PHE138,mut_s1,detail,1,64,ROFRXCLSWKEWTN-UHFFFAOYNA-N,-8.181
HSP90AA1,c_PHE138,mut_s1,detail,1,65,AKRMJNKLSCBEME-FPYGCLRLNA-N,-7.824
HSP90AA1,c_PHE138,mut_s1,detail,1,66,LCGJUJZLLYTYIF-XMFFZCEENA-N,-9.382
HSP90AA1,c_PHE138,mut_s1,detail,1,67,FREQNFSEYLEFOI-QRCVEOAVNA-N,-8.822
HSP90AA1,c_PHE138,mut_s1,detail,1,68,MHMINAYLMNBGSM-UHFFFAOYNA-N,-6.801
HSP90AA1,c_PHE138,mut_s1,detail,1,69,SYMNTBHEGHFZMV-UHFFFAOYNA-N,-8.481
HSP90AA1,c_PHE138,mut_s1,detail,1,70,NNCRWGMPCGSKOO-LILDFLRNNA-N,-7.684
HSP90AA1,c_PHE138,mut_s1,detail,1,71,ZCRRNCCNJMRGFI-UHFFFAOYNA-N,-9.132
HSP90AA1,c_PHE138,mut_s1,detail,1,72,PYVZEIBGEUQNQQ-UHFFFAOYNA-N,-9.882
HSP90AA1,c_PHE138,mut_s1,detail,1,73,OROJQWVRCGJACT-XBTAAFKLNA-N,-10.141
HSP90AA1,c_PHE138,mut_s1,detail,1,74,TXYUWXKCUDOUGU-JLGFQASFNA-N,-7.721
HSP90AA1,c_PHE138,mut_s1,detail,1,75,LAZANALODSEDSE-UHFFFAOYNA-N,-7.506
HSP90AA1,c_PHE138,mut_s1,detail,1,76,RJXCYVJLXGRCHK-UHFFFAOYNA-N,-8.963
HSP90AA1,c_PHE138,mut_s1,detail,1,77,FUSKIBWHJAWEFI-IEJAXPBYNA-N,-7.917
HSP90AA1,c_PHE138,mut_s1,detail,1,78,SGWVLOCBQLQWQV-UHFFFAOYNA-N,-9.631
HSP90AA1,c_PHE138,mut_s1,detail,1,79,PPXRQTYXLZCDAZ-QWOVJGMINA-N,-8.866
HSP90AA1,c_PHE138,mut_s1,detail,1,80,DIFBADFWLVYFHV-LELJVTLKNA-N,-9.237
HSP90AA1,c_PHE138,mut_s1,detail,1,81,XREOSEVJCQGCHE-MHPMNMKGNA-N,-10.183
HSP90AA1,c_PHE138,mut_s1,detail,1,82,ZHGPKHBXSKWZEQ-UHFFFAOYNA-N,-9.876
HSP90AA1,c_PHE138,mut_s1,detail,1,83,ZFAYPJJNPSNAFK-UHFFFAOYNA-N,-9.219
HSP90AA1,c_PHE138,mut_s1,detail,1,84,LTXMRAGWIDQTQT-MYUTVWBTNA-N,-11.018
HSP90AA1,c_PHE138,mut_s1,detail,1,85,VXQHYHSSGLOALC-SPEPDGBUNA-N,-8.861
HSP90AA1,c_PHE138,mut_s1,detail,1,86,KWDSFRAWCISROF-PJQSKVNONA-N,-9.911
HSP90AA1,c_PHE138,mut_s1,detail,1,87,ZJZXSQPHUQUHIV-ZGZFQTMPNA-N,-12.031
HSP90AA1,c_PHE138,mut_s1,detail,1,88,UYHIVPBYFWVWEJ-UHFFFAOYNA-N,-8.933
HSP90AA1,c_PHE138,mut_s1,detail,1,89,PLEFJSUCKRWHBY-LNNLXFCONA-N,-9.217
HSP90AA1,c_PHE138,mut_s1,detail,1,90,DNSRQCRQLKJUCC-PDJAEHLQNA-N,-8.666
HSP90AA1,c_PHE138,mut_s1,detail,1,91,PHYKZCBUNVYJNH-YDBXFXKPNA-N,-8.354
HSP90AA1,c_PHE138,mut_s1,detail,1,92,OOUHZBUAVKCDGA-UHFFFAOYNA-N,-9.444
HSP90AA1,c_PHE138,mut_s1,detail,1,93,UUQDFZFJDFMLHW-UHFFFAOYNA-N,-8.57
HSP90AA1,c_PHE138,mut_s1,detail,1,94,OOUDDHNLDLLUOL-SKKVRFOWNA-N,-10.125
HSP90AA1,c_PHE138,mut_s1,detail,1,95,ZDMQSUAMTLXUTE-MPIMZMORNA-N,-9.735
HSP90AA1,c_PHE138,mut_s1,detail,1,96,NMPLPABDEKPABN-UHFFFAOYNA-N,-9.305
HSP90AA1,c_PHE138,mut_s1,detail,1,97,INZRHGSVWGRHBM-NPVYFSBINA-N,-9.448
HSP90AA1,c_PHE138,mut_s1,detail,1,98,RVGCWMKVTAEQIH-LNNLXFCONA-N,-9.506
HSP90AA1,c_PHE138,mut_s1,detail,1,99,VRXWKRQOVMZBAF-LJQANCHMNA-N,-7.261
HSP90AA1,c_PHE138,mut_s1,detail,1,100,QACLWOIBBYOHQP-UYBDAZJANA-N,-8.906
HSP90AA1,c_PHE138,mut_s1,detail,1,101,ZNXSZVFPCBIELQ-LNNLXFCONA-N,-9.124
HSP90AA1,c_PHE138,mut_s1,detail,1,102,GKMWCCNMKRSQHR-VEKUMTKDNA-N,-8.818
HSP90AA1,c_PHE138,mut_s1,detail,1,103,FFGUSRSMWFYKGK-SKKVRFOWNA-N,-9.118
HSP90AA1,c_PHE138,mut_s1,detail,1,104,KXBDDGKXLZBLOM-SPEPDGBUNA-N,-8.773
HSP90AA1,c_PHE138,mut_s1,detail,1,105,MIUWULAZCXYTJW-MSHHZIMBNA-N,-10.445
HSP90AA1,c_PHE138,mut_s1,detail,1,106,JPZOYWVRFLZCIC-NJNXFGOHNA-N,-10.614
HSP90AA1,c_PHE138,mut_s1,detail,1,107,FAIQTLBYDVKBAB-DVIAZDKANA-N,-9.127
HSP90AA1,c_PHE138,mut_s1,detail,1,108,APFLRZZAOXCNAZ-UHFFFAOYNA-N,-10.241
HSP90AA1,c_PHE138,mut_s1,detail,1,109,BSQLDSQTGOZBFD-UHFFFAOYNA-N,-9.357
HSP90AA1,c_PHE138,mut_s1,detail,1,110,ZVVCFJXCDATSCC-UHFFFAOYNA-N,-9.414
HSP90AA1,c_PHE138,mut_s1,detail,1,111,SKEQTXZATFWVMB-UYBDAZJANA-N,-7.764
HSP90AA1,c_PHE138,mut_s1,detail,1,112,IATWYRHDJKMBQK-MPIMZMORNA-N,-8.134
HSP90AA1,c_PHE138,mut_s1,detail,1,113,JPWOEQDCUZCWKT-MPIMZMORNA-N,-7.087
HSP90AA1,c_PHE138,mut_s1,detail,1,114,RYHSAXRBHDHPPK-PKSOQXRJNA-N,-8.834
HSP90AA1,c_PHE138,mut_s1,detail,1,115,GKKJWUFVZJJFPG-MPIMZMORNA-N,-9.425
HSP90AA1,c_PHE138,mut_s1,detail,1,116,FDNZXFDUCINVLY-BDGWVKIONA-N,-8.399
HSP90AA1,c_PHE138,mut_s1,detail,1,117,KTBYKHKWIFIFAK-UHFFFAOYNA-N,-10.582
HSP90AA1,c_PHE138,mut_s1,detail,1,118,ZRXZEWGUECXTTQ-LQFNOIFHNA-N,-9.686
HSP90AA1,c_PHE138,mut_s1,detail,1,119,XNACBBGLIAJNJM-PECIQRARNA-N,-8.134
HSP90AA1,c_PHE138,mut_s1,detail,1,120,WQZYYJRVBIQUGH-YWZOXAELNA-N,-7.993
HSP90AA1,c_PHE138,mut_s1,detail,1,121,ABMSRNRLDZVJFV-SWUIVHNENA-N,-9.223
HSP90AA1,c_PHE138,mut_s1,detail,1,122,ZEACBIUBSOLEGW-QAITUMOCNA-N,-12.16
HSP90AA1,c_PHE138,mut_s1,detail,1,123,UBFCDXVLKFOOGL-OKPOJWAQNA-N,-11.093
HSP90AA1,c_PHE138,mut_s1,detail,1,124,RRIHVAFUFDANEX-NSJMMFDCNA-N,-9.208
HSP90AA1,c_PHE138,mut_s1,detail,1,125,HASIAUWPWKTSBW-SREBMQDQNA-N,-8.005
HSP90AA1,c_PHE138,mut_s1,detail,1,126,WHBCKYHTCHCHAY-LQFNOIFHNA-N,-8.438
HSP90AA1,c_PHE138,mut_s1,detail,1,127,XMAYWYJOQHXEEK-JYFHCDHNNA-N,-9.325
HSP90AA1,c_PHE138,mut_s1,detail,1,128,TVKCFCZANTZCSU-OYRHEFFENA-N,-10.748
HSP90AA1,c_PHE138,mut_s1,detail,1,129,OJFIIUWPOHBVMH-LNNLXFCONA-N,-7.479
HSP90AA1,c_PHE138,mut_s1,detail,1,130,DKLZMGFTGWKNCD-DIRLUKLVNA-N,-9.778
HSP90AA1,c_PHE138,mut_s1,detail,1,131,PYSLGWZFRQWTDD-PWIKPTQSNA-N,-11.342
HSP90AA1,c_PHE138,mut_s1,detail,1,132,MWMBIUUYBQWKJX-QTUCRYGENA-N,-8.816
HSP90AA1,c_PHE138,mut_s1,detail,1,133,FLYQFCXTEFTSQN-UHFFFAOYNA-N,-8.772
HSP90AA1,c_PHE138,mut_s1,detail,1,134,PBIBDSDWIMZYDT-WBWGZOKWNA-N,-8.758
HSP90AA1,c_PHE138,mut_s1,detail,1,135,GSRWMFGBDLHGBU-YEFLILRRNA-N,-8.244
HSP90AA1,c_PHE138,mut_s1,detail,1,136,AYIJJQHMZAEQKE-QDAGQJSJNA-N,-8.685
HSP90AA1,c_PHE138,mut_s1,detail,1,137,JVWTZUKPDMRNDC-FSAKADSPNA-N,-10.138
HSP90AA1,c_PHE138,mut_s1,detail,1,138,XAZPLOLSRXZDBO-LBZABMTDNA-N,-9.054
HSP90AA1,c_PHE138,mut_s1,detail,1,139,RGWVFJBNHCWCTL-CFEGKOCINA-N,-9.643
HSP90AA1,c_PHE138,mut_s1,detail,1,140,YYWNRQZCPIMCAK-UHFFFAOYNA-N,-10.291
HSP90AA1,c_PHE138,mut_s1,detail,1,141,PBTZDKNKXRSZPM-XBXBPLPCNA-N,-9.896
HSP90AA1,c_PHE138,mut_s1,detail,1,142,QQPOIMHFFPBDQM-LELJVTLKNA-N,-8.413
HSP90AA1,c_PHE138,mut_s1,detail,1,143,NYFQURFFDGCBCB-MAQJPOOANA-N,-8.374
HSP90AA1,c_PHE138,mut_s1,detail,1,144,HXZVHWHABLBWBS-MTTPVDACNA-N,-10.838
HSP90AA1,c_PHE138,mut_s1,detail,1,145,IWYYSOJWYLZKLK-LELJVTLKNA-N,-8.845
HSP90AA1,c_PHE138,mut_s1,detail,1,146,HOGUCNPGZXMBGW-UHFFFAOYNA-N,-9.505
HSP90AA1,c_PHE138,mut_s1,detail,1,147,VITUDJAVASFPKN-DUFUIDNCNA-N,-9.521
HSP90AA1,c_PHE138,mut_s1,detail,1,148,IXAHDCRYEUYPBG-SCXYCHFONA-N,-10.95
HSP90AA1,c_PHE138,mut_s1,detail,1,149,JWHMEKMLAZQDNS-OZMOGHDGNA-N,-9.162
HSP90AA1,c_PHE138,mut_s1,detail,1,150,BZWNBTIJLRHNDZ-LBOYIXSDNA-N,-9.818
HSP90AA1,c_PHE138,mut_s1,detail,1,151,RECYROBESYRUML-UHFFFAOYNA-N,-9.929
HSP90AA1,c_PHE138,mut_s1,detail,1,152,MLDSJJJLQRZNKW-UHBIVWOUNA-N,-9.956
HSP90AA1,c_PHE138,mut_s1,detail,1,153,XTWIHJARHCYNFX-PHXLCVRDNA-N,-9.551
HSP90AA1,c_PHE138,mut_s1,detail,1,154,UQGFETVWTRDGKJ-UHFFFAOYNA-N,-9.103
HSP90AA1,c_PHE138,mut_s1,detail,1,155,VJFSMDWEMFOWDK-CYSPOYASNA-N,-9.966
HSP90AA1,c_PHE138,mut_s1,detail,1,156,NZYLXYBIWNIAGH-CYSPOYASNA-N,-10.247
HSP90AA1,c_PHE138,mut_s1,detail,1,157,ODXCWFOKLBJQNP-MPIMZMORNA-N,-8.705
HSP90AA1,c_PHE138,mut_s1,detail,1,158,FVDNMAPPDSKXKQ-UHFFFAOYNA-N,-11.3
HSP90AA1,c_PHE138,mut_s1,detail,1,159,DOPWMPRIRWTOOD-CCHPKIMANA-N,-9.102
HSP90AA1,c_VAL150,mut_s1,detail,1,0,URVMSYHISUZXNH-UYBDAZJANA-N,-8.848
HSP90AA1,c_VAL150,mut_s1,detail,1,1,KXRPCFINVWWFHQ-UHFFFAOYNA-N,-5.58
HSP90AA1,c_VAL150,mut_s1,detail,1,2,NICJTSHRYBTHAS-YHMJCDSINA-N,-7.677
HSP90AA1,c_VAL150,mut_s1,detail,1,3,SWRZVDTZHDWPDS-AWIDAIFANA-N,-8.175
HSP90AA1,c_VAL150,mut_s1,detail,1,4,RKNSLLSUFWWYCA-UHFFFAOYNA-N,-8.782
HSP90AA1,c_VAL150,mut_s1,detail,1,5,OZFSIKFTRRUDES-RIYZIHGNNA-N,-6.774
HSP90AA1,c_VAL150,mut_s1,detail,1,6,AAGGUCRASUJPPN-UHFFFAOYNA-N,-8.655
HSP90AA1,c_VAL150,mut_s1,detail,1,7,OYHXDPMAFYHDNG-YAQRNVERNA-N,-7.643
HSP90AA1,c_VAL150,mut_s1,detail,1,8,AWILWAIEQYZUEQ-UHFFFAOYNA-N,-7.484
HSP90AA1,c_VAL150,mut_s1,detail,1,9,WSFAXHLMQUUHQT-VMPITWQZNA-N,-8.382
HSP90AA1,c_VAL150,mut_s1,detail,1,10,WPHMTVNOXKBZKN-UHFFFAOYNA-N,-7.3
HSP90AA1,c_VAL150,mut_s1,detail,1,11,LPEIZNODGHDCCW-UHFFFAOYNA-N,-5.801
HSP90AA1,c_VAL150,mut_s1,detail,1,12,QQHWWDVSRWOHEP-LILDFLRNNA-N,-9.41
HSP90AA1,c_VAL150,mut_s1,detail,1,13,UMEVSSPGBFVQNC-UHFFFAOYNA-N,-6.349
HSP90AA1,c_VAL150,mut_s1,detail,1,14,VZDIOEKWWZRNQN-UHFFFAOYNA-N,-10.103
HSP90AA1,c_VAL150,mut_s1,detail,1,15,JEVLDOUORFAHRS-NDKGDYFDNA-N,-6.502
HSP90AA1,c_VAL150,mut_s1,detail,1,16,NFTGJNJRMWUBPG-GPQMBLKYNA-N,-8.894
HSP90AA1,c_VAL150,mut_s1,detail,1,17,UMUUTEZBWGDVDA-UHFFFAOYNA-N,-8.137
HSP90AA1,c_VAL150,mut_s1,detail,1,18,VLQKEPLNPGYNDJ-HCKMINDGNA-N,-6.954
HSP90AA1,c_VAL150,mut_s1,detail,1,19,PPMVTAATPZLMJM-CDDDEJBQNA-N,-7.92
HSP90AA1,c_VAL150,mut_s1,detail,1,20,AHLYFAKLKLMESK-YAQRNVERNA-N,-7.499
HSP90AA1,c_VAL150,mut_s1,detail,1,21,GYEJYLAGVWRSIM-KGJHZMDYNA-N,-7.323
HSP90AA1,c_VAL150,mut_s1,detail,1,22,RXVALSLAUOIYLW-UHFFFAOYNA-N,-8.016
HSP90AA1,c_VAL150,mut_s1,detail,1,23,NSELYIFATLFDOZ-JLGFQASFNA-N,-8.383
HSP90AA1,c_VAL150,mut_s1,detail,1,24,COQFBYACOHFCEC-UHFFFAOYNA-N,-6.854
HSP90AA1,c_VAL150,mut_s1,detail,1,25,CJGJXFCLDYQBFQ-YJGXKCCXNA-N,-9.136
HSP90AA1,c_VAL150,mut_s1,detail,1,26,BWNGRRJLFYHENY-INIZCTEONA-N,-7.374
HSP90AA1,c_VAL150,mut_s1,detail,1,27,BNRFXWSJKVJVOF-UYBDAZJANA-N,-9.198
HSP90AA1,c_VAL150,mut_s1,detail,1,28,DMULMZBZVBBWBY-PJZINPJWNA-N,-9.244
HSP90AA1,c_VAL150,mut_s1,detail,1,29,AXLAIGJGNKHDPO-UHFFFAOYNA-N,-6.14
HSP90AA1,c_VAL150,mut_s1,detail,1,30,RKDGAONZEPYEBT-WXRBYKJCNA-N,-7.494
HSP90AA1,c_VAL150,mut_s1,detail,1,31,MBOYDUZSCSNUQL-MBBDSNKKNA-N,-8.519
HSP90AA1,c_VAL150,mut_s1,detail,1,32,KPVDBHRTXOFQDK-YAQRNVERNA-N,-7.408
HSP90AA1,c_VAL150,mut_s1,detail,1,33,LVCNFMYUKISBSB-VJSNTGQMNA-N,-9.004
HSP90AA1,c_VAL150,mut_s1,detail,1,34,XLAHCIRKLMJUQC-DZQCGVKKNA-N,-8.756
HSP90AA1,c_VAL150,mut_s1,detail,1,35,QNYHDABGLCBJOE-SHHGZXMVNA-N,-8.723
HSP90AA1,c_VAL150,mut_s1,detail,1,36,HEKNRISBWSPMOG-OWTLIXCDNA-N,-7.035
HSP90AA1,c_VAL150,mut_s1,detail,1,37,VIRNXCRLEVZXNX-LILDFLRNNA-N,-8.781
HSP90AA1,c_VAL150,mut_s1,detail,1,38,SRTGERSEXJGDMR-UHFFFAOYNA-N,-8.458
HSP90AA1,c_VAL150,mut_s1,detail,1,39,ZGMGSSRLZJYOKH-WXRBYKJCNA-N,-7.157
HSP90AA1,c_VAL150,mut_s1,detail,1,40,VGYFDFRFGHHCDA-CUTUCBJDNA-N,-8.979
HSP90AA1,c_VAL150,mut_s1,detail,1,41,DILPMLYWQJPNLO-HCKMINDGNA-N,-9.699
HSP90AA1,c_VAL150,mut_s1,detail,1,42,RSOODJIGEVJLMK-LQFNOIFHNA-N,-9.196
HSP90AA1,c_VAL150,mut_s1,detail,1,43,OWHHWMUAYBIQPR-UHFFFAOYNA-N,-9.045
HSP90AA1,c_VAL150,mut_s1,detail,1,44,KPIKMVZJKZDOFC-UHFFFAOYNA-N,-9.145
HSP90AA1,c_VAL150,mut_s1,detail,1,45,DIKDKRUREJXLMR-DPMTXJEANA-N,-9.829
HSP90AA1,c_VAL150,mut_s1,detail,1,46,QRVJDPKQHAVBDK-UYBDAZJANA-N,-7.248
HSP90AA1,c_VAL150,mut_s1,detail,1,47,SGBSFKSDPWOALT-UYBDAZJANA-N,-9.107
HSP90AA1,c_VAL150,mut_s1,detail,1,48,CYHFRNFVZWVHCG-OTJKMEOQNA-N,-9.169
HSP90AA1,c_VAL150,mut_s1,detail,1,49,MJUDQDHXCQONOA-MPIMZMORNA-N,-9.355
HSP90AA1,c_VAL150,mut_s1,detail,1,50,RNVYRNLUUYNQAS-PKSOQXRJNA-N,-7.943
HSP90AA1,c_VAL150,mut_s1,detail,1,51,DLZXOZYETDVJEB-QWOVJGMINA-N,-7.606
HSP90AA1,c_VAL150,mut_s1,detail,1,52,HSICVZRDGBJSEL-GPQMBLKYNA-N,-8.133
HSP90AA1,c_VAL150,mut_s1,detail,1,53,HMRUHHFLIMYEAF-QNGOCPJXNA-N,-7.4
HSP90AA1,c_VAL150,mut_s1,detail,1,54,ZZOWQPSBJUXHCA-YSPRVCGUNA-N,-10.423
HSP90AA1,c_VAL150,mut_s1,detail,1,55,WDDJLHOUFWSQSV-UHFFFAOYNA-N,-9.947
HSP90AA1,c_VAL150,mut_s1,detail,1,56,UKLIIGXGTPSYBF-IBCWCQIKNA-N,-8.234
HSP90AA1,c_VAL150,mut_s1,detail,1,57,LNPOBRXJZYGQMS-MOHJPFBDNA-N,-8.867
HSP90AA1,c_VAL150,mut_s1,detail,1,58,FYILBFPPKIZBTO-UHFFFAOYNA-N,-7.955
HSP90AA1,c_VAL150,mut_s1,detail,1,59,MIKIJFODTJGFDI-LILDFLRNNA-N,-8.876
HSP90AA1,c_VAL150,mut_s1,detail,1,60,RUWCNSLWWCWTSU-LILDFLRNNA-N,-9.259
HSP90AA1,c_VAL150,mut_s1,detail,1,61,KLQWCHKIQJHYIB-UHFFFAOYNA-N,-9.641
HSP90AA1,c_VAL150,mut_s1,detail,1,62,QKAWGENQCGFAOE-NPVYFSBINA-N,-8.372
HSP90AA1,c_VAL150,mut_s1,detail,1,63,KGOKCBRZBBEYBE-MMRXBHCZNA-N,-10.05
HSP90AA1,c_VAL150,mut_s1,detail,1,64,ROFRXCLSWKEWTN-UHFFFAOYNA-N,-7.991
HSP90AA1,c_VAL150,mut_s1,detail,1,65,AKRMJNKLSCBEME-FPYGCLRLNA-N,-8.227
HSP90AA1,c_VAL150,mut_s1,detail,1,66,LCGJUJZLLYTYIF-XMFFZCEENA-N,-8.966
HSP90AA1,c_VAL150,mut_s1,detail,1,67,FREQNFSEYLEFOI-QRCVEOAVNA-N,-8.432
HSP90AA1,c_VAL150,mut_s1,detail,1,68,MHMINAYLMNBGSM-UHFFFAOYNA-N,-7.119
HSP90AA1,c_VAL150,mut_s1,detail,1,69,SYMNTBHEGHFZMV-UHFFFAOYNA-N,-7.239
HSP90AA1,c_VAL150,mut_s1,detail,1,70,NNCRWGMPCGSKOO-LILDFLRNNA-N,-7.172
HSP90AA1,c_VAL150,mut_s1,detail,1,71,ZCRRNCCNJMRGFI-UHFFFAOYNA-N,-8.843
HSP90AA1,c_VAL150,mut_s1,detail,1,72,PYVZEIBGEUQNQQ-UHFFFAOYNA-N,-9.079
HSP90AA1,c_VAL150,mut_s1,detail,1,73,OROJQWVRCGJACT-XBTAAFKLNA-N,-9.201
HSP90AA1,c_VAL150,mut_s1,detail,1,74,TXYUWXKCUDOUGU-JLGFQASFNA-N,-7.409
HSP90AA1,c_VAL150,mut_s1,detail,1,75,LAZANALODSEDSE-UHFFFAOYNA-N,-7.627
HSP90AA1,c_VAL150,mut_s1,detail,1,76,RJXCYVJLXGRCHK-UHFFFAOYNA-N,-9.588
HSP90AA1,c_VAL150,mut_s1,detail,1,77,FUSKIBWHJAWEFI-IEJAXPBYNA-N,-8.471
HSP90AA1,c_VAL150,mut_s1,detail,1,78,SGWVLOCBQLQWQV-UHFFFAOYNA-N,-8.978
HSP90AA1,c_VAL150,mut_s1,detail,1,79,PPXRQTYXLZCDAZ-QWOVJGMINA-N,-9.142
HSP90AA1,c_VAL150,mut_s1,detail,1,80,DIFBADFWLVYFHV-LELJVTLKNA-N,-9.809
HSP90AA1,c_VAL150,mut_s1,detail,1,81,XREOSEVJCQGCHE-MHPMNMKGNA-N,-9.438
HSP90AA1,c_VAL150,mut_s1,detail,1,82,ZHGPKHBXSKWZEQ-UHFFFAOYNA-N,-8.649
HSP90AA1,c_VAL150,mut_s1,detail,1,83,ZFAYPJJNPSNAFK-UHFFFAOYNA-N,-8.576
HSP90AA1,c_VAL150,mut_s1,detail,1,84,LTXMRAGWIDQTQT-MYUTVWBTNA-N,-11.289
HSP90AA1,c_VAL150,mut_s1,detail,1,85,VXQHYHSSGLOALC-SPEPDGBUNA-N,-8.622
HSP90AA1,c_VAL150,mut_s1,detail,1,86,KWDSFRAWCISROF-PJQSKVNONA-N,-8.729
HSP90AA1,c_VAL150,mut_s1,detail,1,87,ZJZXSQPHUQUHIV-ZGZFQTMPNA-N,-9.964
HSP90AA1,c_VAL150,mut_s1,detail,1,88,UYHIVPBYFWVWEJ-UHFFFAOYNA-N,-9.801
HSP90AA1,c_VAL150,mut_s1,detail,1,89,PLEFJSUCKRWHBY-LNNLXFCONA-N,-9.743
HSP90AA1,c_VAL150,mut_s1,detail,1,90,DNSRQCRQLKJUCC-PDJAEHLQNA-N,-8.396
HSP90AA1,c_VAL150,mut_s1,detail,1,91,PHYKZCBUNVYJNH-YDBXFXKPNA-N,-7.006
HSP90AA1,c_VAL150,mut_s1,detail,1,92,OOUHZBUAVKCDGA-UHFFFAOYNA-N,-9.234
HSP90AA1,c_VAL150,mut_s1,detail,1,93,UUQDFZFJDFMLHW-UHFFFAOYNA-N,-8.347
HSP90AA1,c_VAL150,mut_s1,detail,1,94,OOUDDHNLDLLUOL-SKKVRFOWNA-N,-9.832
HSP90AA1,c_VAL150,mut_s1,detail,1,95,ZDMQSUAMTLXUTE-MPIMZMORNA-N,-8.626
HSP90AA1,c_VAL150,mut_s1,detail,1,96,NMPLPABDEKPABN-UHFFFAOYNA-N,-8.448
HSP90AA1,c_VAL150,mut_s1,detail,1,97,INZRHGSVWGRHBM-NPVYFSBINA-N,-9.463
HSP90AA1,c_VAL150,mut_s1,detail,1,98,RVGCWMKVTAEQIH-LNNLXFCONA-N,-8.875
HSP90AA1,c_VAL150,mut_s1,detail,1,99,VRXWKRQOVMZBAF-LJQANCHMNA-N,-7.338
HSP90AA1,c_VAL150,mut_s1,detail,1,100,QACLWOIBBYOHQP-UYBDAZJANA-N,-8.593
HSP90AA1,c_VAL150,mut_s1,detail,1,101,ZNXSZVFPCBIELQ-LNNLXFCONA-N,-8.494
HSP90AA1,c_VAL150,mut_s1,detail,1,102,GKMWCCNMKRSQHR-VEKUMTKDNA-N,-9.165
HSP90AA1,c_VAL150,mut_s1,detail,1,103,FFGUSRSMWFYKGK-SKKVRFOWNA-N,-9.841
HSP90AA1,c_VAL150,mut_s1,detail,1,104,KXBDDGKXLZBLOM-SPEPDGBUNA-N,-8.856
HSP90AA1,c_VAL150,mut_s1,detail,1,105,MIUWULAZCXYTJW-MSHHZIMBNA-N,-10.811
HSP90AA1,c_VAL150,mut_s1,detail,1,106,JPZOYWVRFLZCIC-NJNXFGOHNA-N,-10.814
HSP90AA1,c_VAL150,mut_s1,detail,1,107,FAIQTLBYDVKBAB-DVIAZDKANA-N,-9.523
HSP90AA1,c_VAL150,mut_s1,detail,1,108,APFLRZZAOXCNAZ-UHFFFAOYNA-N,-8.602
HSP90AA1,c_VAL150,mut_s1,detail,1,109,BSQLDSQTGOZBFD-UHFFFAOYNA-N,-8.662
HSP90AA1,c_VAL150,mut_s1,detail,1,110,ZVVCFJXCDATSCC-UHFFFAOYNA-N,-8.621
HSP90AA1,c_VAL150,mut_s1,detail,1,111,SKEQTXZATFWVMB-UYBDAZJANA-N,-7.408
HSP90AA1,c_VAL150,mut_s1,detail,1,112,IATWYRHDJKMBQK-MPIMZMORNA-N,-8.89
HSP90AA1,c_VAL150,mut_s1,detail,1,113,JPWOEQDCUZCWKT-MPIMZMORNA-N,-8.324
HSP90AA1,c_VAL150,mut_s1,detail,1,114,RYHSAXRBHDHPPK-PKSOQXRJNA-N,-9.085
HSP90AA1,c_VAL150,mut_s1,detail,1,115,GKKJWUFVZJJFPG-MPIMZMORNA-N,-8.816
HSP90AA1,c_VAL150,mut_s1,detail,1,116,FDNZXFDUCINVLY-BDGWVKIONA-N,-8.809
HSP90AA1,c_VAL150,mut_s1,detail,1,117,KTBYKHKWIFIFAK-UHFFFAOYNA-N,-10.144
HSP90AA1,c_VAL150,mut_s1,detail,1,118,ZRXZEWGUECXTTQ-LQFNOIFHNA-N,-9.854
HSP90AA1,c_VAL150,mut_s1,detail,1,119,XNACBBGLIAJNJM-PECIQRARNA-N,-8.657
HSP90AA1,c_VAL150,mut_s1,detail,1,120,WQZYYJRVBIQUGH-YWZOXAELNA-N,-8.306
HSP90AA1,c_VAL150,mut_s1,detail,1,121,ABMSRNRLDZVJFV-SWUIVHNENA-N,-9.134
HSP90AA1,c_VAL150,mut_s1,detail,1,122,ZEACBIUBSOLEGW-QAITUMOCNA-N,-11.099
HSP90AA1,c_VAL150,mut_s1,detail,1,123,UBFCDXVLKFOOGL-OKPOJWAQNA-N,-9.874
HSP90AA1,c_VAL150,mut_s1,detail,1,124,RRIHVAFUFDANEX-NSJMMFDCNA-N,-8.582
HSP90AA1,c_VAL150,mut_s1,detail,1,125,HASIAUWPWKTSBW-SREBMQDQNA-N,-7.632
HSP90AA1,c_VAL150,mut_s1,detail,1,126,WHBCKYHTCHCHAY-LQFNOIFHNA-N,-7.876
HSP90AA1,c_VAL150,mut_s1,detail,1,127,XMAYWYJOQHXEEK-JYFHCDHNNA-N,-8.105
HSP90AA1,c_VAL150,mut_s1,detail,1,128,TVKCFCZANTZCSU-OYRHEFFENA-N,-10.615
HSP90AA1,c_VAL150,mut_s1,detail,1,129,OJFIIUWPOHBVMH-LNNLXFCONA-N,-7.972
HSP90AA1,c_VAL150,mut_s1,detail,1,130,DKLZMGFTGWKNCD-DIRLUKLVNA-N,-10.358
HSP90AA1,c_VAL150,mut_s1,detail,1,131,PYSLGWZFRQWTDD-PWIKPTQSNA-N,-10.721
HSP90AA1,c_VAL150,mut_s1,detail,1,132,MWMBIUUYBQWKJX-QTUCRYGENA-N,-8.352
HSP90AA1,c_VAL150,mut_s1,detail,1,133,FLYQFCXTEFTSQN-UHFFFAOYNA-N,-9.314
HSP90AA1,c_VAL150,mut_s1,detail,1,134,PBIBDSDWIMZYDT-WBWGZOKWNA-N,-9.082
HSP90AA1,c_VAL150,mut_s1,detail,1,135,GSRWMFGBDLHGBU-YEFLILRRNA-N,-7.832
HSP90AA1,c_VAL150,mut_s1,detail,1,136,AYIJJQHMZAEQKE-QDAGQJSJNA-N,-9.462
HSP90AA1,c_VAL150,mut_s1,detail,1,137,JVWTZUKPDMRNDC-FSAKADSPNA-N,-11.113
HSP90AA1,c_VAL150,mut_s1,detail,1,138,XAZPLOLSRXZDBO-LBZABMTDNA-N,-8.365
HSP90AA1,c_VAL150,mut_s1,detail,1,139,RGWVFJBNHCWCTL-CFEGKOCINA-N,-9.702
HSP90AA1,c_VAL150,mut_s1,detail,1,140,YYWNRQZCPIMCAK-UHFFFAOYNA-N,-9.646
HSP90AA1,c_VAL150,mut_s1,detail,1,141,PBTZDKNKXRSZPM-XBXBPLPCNA-N,-9.904
HSP90AA1,c_VAL150,mut_s1,detail,1,142,QQPOIMHFFPBDQM-LELJVTLKNA-N,-7.526
HSP90AA1,c_VAL150,mut_s1,detail,1,143,NYFQURFFDGCBCB-MAQJPOOANA-N,-7.92
HSP90AA1,c_VAL150,mut_s1,detail,1,144,HXZVHWHABLBWBS-MTTPVDACNA-N,-10.725
HSP90AA1,c_VAL150,mut_s1,detail,1,145,IWYYSOJWYLZKLK-LELJVTLKNA-N,-7.781
HSP90AA1,c_VAL150,mut_s1,detail,1,146,HOGUCNPGZXMBGW-UHFFFAOYNA-N,-8.452
HSP90AA1,c_VAL150,mut_s1,detail,1,147,VITUDJAVASFPKN-DUFUIDNCNA-N,-9.264
HSP90AA1,c_VAL150,mut_s1,detail,1,148,IXAHDCRYEUYPBG-SCXYCHFONA-N,-12.104
HSP90AA1,c_VAL150,mut_s1,detail,1,149,JWHMEKMLAZQDNS-OZMOGHDGNA-N,-8.526
HSP90AA1,c_VAL150,mut_s1,detail,1,150,BZWNBTIJLRHNDZ-LBOYIXSDNA-N,-8.631
HSP90AA1,c_VAL150,mut_s1,detail,1,151,RECYROBESYRUML-UHFFFAOYNA-N,-9.567
HSP90AA1,c_VAL150,mut_s1,detail,1,152,MLDSJJJLQRZNKW-UHBIVWOUNA-N,-9.739
HSP90AA1,c_VAL150,mut_s1,detail,1,153,XTWIHJARHCYNFX-PHXLCVRDNA-N,-9.263
HSP90AA1,c_VAL150,mut_s1,detail,1,154,UQGFETVWTRDGKJ-UHFFFAOYNA-N,-9.949
HSP90AA1,c_VAL150,mut_s1,detail,1,155,VJFSMDWEMFOWDK-CYSPOYASNA-N,-9.214
HSP90AA1,c_VAL150,mut_s1,detail,1,156,NZYLXYBIWNIAGH-CYSPOYASNA-N,-9.589
HSP90AA1,c_VAL150,mut_s1,detail,1,157,ODXCWFOKLBJQNP-MPIMZMORNA-N,-8.167
HSP90AA1,c_VAL150,mut_s1,detail,1,158,FVDNMAPPDSKXKQ-UHFFFAOYNA-N,-9.885
HSP90AA1,c_VAL150,mut_s1,detail,1,159,DOPWMPRIRWTOOD-CCHPKIMANA-N,-8.632
HSP90AA1,c_THR184,mut_s1,detail,1,0,URVMSYHISUZXNH-UYBDAZJANA-N,-8.655
HSP90AA1,c_THR184,mut_s1,detail,1,1,KXRPCFINVWWFHQ-UHFFFAOYNA-N,-5.302
HSP90AA1,c_THR184,mut_s1,detail,1,2,NICJTSHRYBTHAS-YHMJCDSINA-N,-8.093
HSP90AA1,c_THR184,mut_s1,detail,1,3,SWRZVDTZHDWPDS-AWIDAIFANA-N,-8.512
HSP90AA1,c_THR184,mut_s1,detail,1,4,RKNSLLSUFWWYCA-UHFFFAOYNA-N,-8.815
HSP90AA1,c_THR184,mut_s1,detail,1,5,OZFSIKFTRRUDES-RIYZIHGNNA-N,-6.914
HSP90AA1,c_THR184,mut_s1,detail,1,6,AAGGUCRASUJPPN-UHFFFAOYNA-N,-8.406
HSP90AA1,c_THR184,mut_s1,detail,1,7,OYHXDPMAFYHDNG-YAQRNVERNA-N,-7.094
HSP90AA1,c_THR184,mut_s1,detail,1,8,AWILWAIEQYZUEQ-UHFFFAOYNA-N,-7.236
HSP90AA1,c_THR184,mut_s1,detail,1,9,WSFAXHLMQUUHQT-VMPITWQZNA-N,-8.062
HSP90AA1,c_THR184,mut_s1,detail,1,10,WPHMTVNOXKBZKN-UHFFFAOYNA-N,-7.343
HSP90AA1,c_THR184,mut_s1,detail,1,11,LPEIZNODGHDCCW-UHFFFAOYNA-N,-5.507
HSP90AA1,c_THR184,mut_s1,detail,1,12,QQHWWDVSRWOHEP-LILDFLRNNA-N,-9.09
HSP90AA1,c_THR184,mut_s1,detail,1,13,UMEVSSPGBFVQNC-UHFFFAOYNA-N,-6.387
HSP90AA1,c_THR184,mut_s1,detail,1,14,VZDIOEKWWZRNQN-UHFFFAOYNA-N,-10.19
HSP90AA1,c_THR184,mut_s1,detail,1,15,JEVLDOUORFAHRS-NDKGDYFDNA-N,-6.681
HSP90AA1,c_THR184,mut_s1,detail,1,16,NFTGJNJRMWUBPG-GPQMBLKYNA-N,-8.971
HSP90AA1,c_THR184,mut_s1,detail,1,17,UMUUTEZBWGDVDA-UHFFFAOYNA-N,-8.234
HSP90AA1,c_THR184,mut_s1,detail,1,18,VLQKEPLNPGYNDJ-HCKMINDGNA-N,-7.869
HSP90AA1,c_THR184,mut_s1,detail,1,19,PPMVTAATPZLMJM-CDDDEJBQNA-N,-7.927
HSP90AA1,c_THR184,mut_s1,detail,1,20,AHLYFAKLKLMESK-YAQRNVERNA-N,-7.909
HSP90AA1,c_THR184,mut_s1,detail,1,21,GYEJYLAGVWRSIM-KGJHZMDYNA-N,-7.32
HSP90AA1,c_THR184,mut_s1,detail,1,22,RXVALSLAUOIYLW-UHFFFAOYNA-N,-7.789
HSP90AA1,c_THR184,mut_s1,detail,1,23,NSELYIFATLFDOZ-JLGFQASFNA-N,-8.289
HSP90AA1,c_THR184,mut_s1,detail,1,24,COQFBYACOHFCEC-UHFFFAOYNA-N,-6.94
HSP90AA1,c_THR184,mut_s1,detail,1,25,CJGJXFCLDYQBFQ-YJGXKCCXNA-N,-9.066
HSP90AA1,c_THR184,mut_s1,detail,1,26,BWNGRRJLFYHENY-INIZCTEONA-N,-7.399
HSP90AA1,c_THR184,mut_s1,detail,1,27,BNRFXWSJKVJVOF-UYBDAZJANA-N,-9.971
HSP90AA1,c_THR184,mut_s1,detail,1,28,DMULMZBZVBBWBY-PJZINPJWNA-N,-9.19
HSP90AA1,c_THR184,mut_s1,detail,1,29,AXLAIGJGNKHDPO-UHFFFAOYNA-N,-5.932
HSP90AA1,c_THR184,mut_s1,detail,1,30,RKDGAONZEPYEBT-WXRBYKJCNA-N,-7.439
HSP90AA1,c_THR184,mut_s1,detail,1,31,MBOYDUZSCSNUQL-MBBDSNKKNA-N,-7.966
HSP90AA1,c_THR184,mut_s1,detail,1,32,KPVDBHRTXOFQDK-YAQRNVERNA-N,-7.376
HSP90AA1,c_THR184,mut_s1,detail,1,33,LVCNFMYUKISBSB-VJSNTGQMNA-N,-8.807
HSP90AA1,c_THR184,mut_s1,detail,1,34,XLAHCIRKLMJUQC-DZQCGVKKNA-N,-9.747
HSP90AA1,c_THR184,mut_s1,detail,1,35,QNYHDABGLCBJOE-SHHGZXMVNA-N,-8.753
HSP90AA1,c_THR184,mut_s1,detail,1,36,HEKNRISBWSPMOG-OWTLIXCDNA-N,-6.834
HSP90AA1,c_THR184,mut_s1,detail,1,37,VIRNXCRLEVZXNX-LILDFLRNNA-N,-8.866
HSP90AA1,c_THR184,mut_s1,detail,1,38,SRTGERSEXJGDMR-UHFFFAOYNA-N,-8.786
HSP90AA1,c_THR184,mut_s1,detail,1,39,ZGMGSSRLZJYOKH-WXRBYKJCNA-N,-7.356
HSP90AA1,c_THR184,mut_s1,detail,1,40,VGYFDFRFGHHCDA-CUTUCBJDNA-N,-8.82
HSP90AA1,c_THR184,mut_s1,detail,1,41,DILPMLYWQJPNLO-HCKMINDGNA-N,-9.298
HSP90AA1,c_THR184,mut_s1,detail,1,42,RSOODJIGEVJLMK-LQFNOIFHNA-N,-9.504
HSP90AA1,c_THR184,mut_s1,detail,1,43,OWHHWMUAYBIQPR-UHFFFAOYNA-N,-8.891
HSP90AA1,c_THR184,mut_s1,detail,1,44,KPIKMVZJKZDOFC-UHFFFAOYNA-N,-9.822
HSP90AA1,c_THR184,mut_s1,detail,1,45,DIKDKRUREJXLMR-DPMTXJEANA-N,-10.046
HSP90AA1,c_THR184,mut_s1,detail,1,46,QRVJDPKQHAVBDK-UYBDAZJANA-N,-7.333
HSP90AA1,c_THR184,mut_s1,detail,1,47,SGBSFKSDPWOALT-UYBDAZJANA-N,-9.09
HSP90AA1,c_THR184,mut_s1,detail,1,48,CYHFRNFVZWVHCG-OTJKMEOQNA-N,-9.034
HSP90AA1,c_THR184,mut_s1,detail,1,49,MJUDQDHXCQONOA-MPIMZMORNA-N,-9.293
HSP90AA1,c_THR184,mut_s1,detail,1,50,RNVYRNLUUYNQAS-PKSOQXRJNA-N,-8.284
HSP90AA1,c_THR184,mut_s1,detail,1,51,DLZXOZYETDVJEB-QWOVJGMINA-N,-7.053
HSP90AA1,c_THR184,mut_s1,detail,1,52,HSICVZRDGBJSEL-GPQMBLKYNA-N,-8.67
HSP90AA1,c_THR184,mut_s1,detail,1,53,HMRUHHFLIMYEAF-QNGOCPJXNA-N,-8.359
HSP90AA1,c_THR184,mut_s1,detail,1,54,ZZOWQPSBJUXHCA-YSPRVCGUNA-N,-10.544
HSP90AA1,c_THR184,mut_s1,detail,1,55,WDDJLHOUFWSQSV-UHFFFAOYNA-N,-9.691
HSP90AA1,c_THR184,mut_s1,detail,1,56,UKLIIGXGTPSYBF-IBCWCQIKNA-N,-8.447
HSP90AA1,c_THR184,mut_s1,detail,1,57,LNPOBRXJZYGQMS-MOHJPFBDNA-N,-8.998
HSP90AA1,c_THR184,mut_s1,detail,1,58,FYILBFPPKIZBTO-UHFFFAOYNA-N,-7.988
HSP90AA1,c_THR184,mut_s1,detail,1,59,MIKIJFODTJGFDI-LILDFLRNNA-N,-8.643
HSP90AA1,c_THR184,mut_s1,detail,1,60,RUWCNSLWWCWTSU-LILDFLRNNA-N,-9.353
HSP90AA1,c_THR184,mut_s1,detail,1,61,KLQWCHKIQJHYIB-UHFFFAOYNA-N,-10.077
HSP90AA1,c_THR184,mut_s1,detail,1,62,QKAWGENQCGFAOE-NPVYFSBINA-N,-8.504
HSP90AA1,c_THR184,mut_s1,detail,1,63,KGOKCBRZBBEYBE-MMRXBHCZNA-N,-10.188
HSP90AA1,c_THR184,mut_s1,detail,1,64,ROFRXCLSWKEWTN-UHFFFAOYNA-N,-8.135
HSP90AA1,c_THR184,mut_s1,detail,1,65,AKRMJNKLSCBEME-FPYGCLRLNA-N,-8.503
HSP90AA1,c_THR184,mut_s1,detail,1,66,LCGJUJZLLYTYIF-XMFFZCEENA-N,-8.876
HSP90AA1,c_THR184,mut_s1,detail,1,67,FREQNFSEYLEFOI-QRCVEOAVNA-N,-8.071
HSP90AA1,c_THR184,mut_s1,detail,1,68,MHMINAYLMNBGSM-UHFFFAOYNA-N,-7.066
HSP90AA1,c_THR184,mut_s1,detail,1,69,SYMNTBHEGHFZMV-UHFFFAOYNA-N,-8.355
HSP90AA1,c_THR184,mut_s1,detail,1,70,NNCRWGMPCGSKOO-LILDFLRNNA-N,-6.755
HSP90AA1,c_THR184,mut_s1,detail,1,71,ZCRRNCCNJMRGFI-UHFFFAOYNA-N,-8.412
HSP90AA1,c_THR184,mut_s1,detail,1,72,PYVZEIBGEUQNQQ-UHFFFAOYNA-N,-9.012
HSP90AA1,c_THR184,mut_s1,detail,1,73,OROJQWVRCGJACT-XBTAAFKLNA-N,-8.676
HSP90AA1,c_THR184,mut_s1,detail,1,74,TXYUWXKCUDOUGU-JLGFQASFNA-N,-7.391
HSP90AA1,c_THR184,mut_s1,detail,1,75,LAZANALODSEDSE-UHFFFAOYNA-N,-7.906
HSP90AA1,c_THR184,mut_s1,detail,1,76,RJXCYVJLXGRCHK-UHFFFAOYNA-N,-9.573
HSP90AA1,c_THR184,mut_s1,detail,1,77,FUSKIBWHJAWEFI-IEJAXPBYNA-N,-8.17
HSP90AA1,c_THR184,mut_s1,detail,1,78,SGWVLOCBQLQWQV-UHFFFAOYNA-N,-8.363
HSP90AA1,c_THR184,mut_s1,detail,1,79,PPXRQTYXLZCDAZ-QWOVJGMINA-N,-9.115
HSP90AA1,c_THR184,mut_s1,detail,1,80,DIFBADFWLVYFHV-LELJVTLKNA-N,-9.638
HSP90AA1,c_THR184,mut_s1,detail,1,81,XREOSEVJCQGCHE-MHPMNMKGNA-N,-9.671
HSP90AA1,c_THR184,mut_s1,detail,1,82,ZHGPKHBXSKWZEQ-UHFFFAOYNA-N,-8.696
HSP90AA1,c_THR184,mut_s1,detail,1,83,ZFAYPJJNPSNAFK-UHFFFAOYNA-N,-8.908
HSP90AA1,c_THR184,mut_s1,detail,1,84,LTXMRAGWIDQTQT-MYUTVWBTNA-N,-11.122
HSP90AA1,c_THR184,mut_s1,detail,1,85,VXQHYHSSGLOALC-SPEPDGBUNA-N,-8.852
HSP90AA1,c_THR184,mut_s1,detail,1,86,KWDSFRAWCISROF-PJQSKVNONA-N,-8.798
HSP90AA1,c_THR184,mut_s1,detail,1,87,ZJZXSQPHUQUHIV-ZGZFQTMPNA-N,-9.876
HSP90AA1,c_THR184,mut_s1,detail,1,88,UYHIVPBYFWVWEJ-UHFFFAOYNA-N,-9.769
HSP90AA1,c_THR184,mut_s1,detail,1,89,PLEFJSUCKRWHBY-LNNLXFCONA-N,-9.823
HSP90AA1,c_THR184,mut_s1,detail,1,90,DNSRQCRQLKJUCC-PDJAEHLQNA-N,-8.795
HSP90AA1,c_THR184,mut_s1,detail,1,91,PHYKZCBUNVYJNH-YDBXFXKPNA-N,-6.937
HSP90AA1,c_THR184,mut_s1,detail,1,92,OOUHZBUAVKCDGA-UHFFFAOYNA-N,-9.28
HSP90AA1,c_THR184,mut_s1,detail,1,93,UUQDFZFJDFMLHW-UHFFFAOYNA-N,-8.163
HSP90AA1,c_THR184,mut_s1,detail,1,94,OOUDDHNLDLLUOL-SKKVRFOWNA-N,-10.276
HSP90AA1,c_THR184,mut_s1,detail,1,95,ZDMQSUAMTLXUTE-MPIMZMORNA-N,-8.909
HSP90AA1,c_THR184,mut_s1,detail,1,96,NMPLPABDEKPABN-UHFFFAOYNA-N,-7.808
HSP90AA1,c_THR184,mut_s1,detail,1,97,INZRHGSVWGRHBM-NPVYFSBINA-N,-8.831
HSP90AA1,c_THR184,mut_s1,detail,1,98,RVGCWMKVTAEQIH-LNNLXFCONA-N,-9.677
HSP90AA1,c_THR184,mut_s1,detail,1,99,VRXWKRQOVMZBAF-LJQANCHMNA-N,-8.488
HSP90AA1,c_THR184,mut_s1,detail,1,100,QACLWOIBBYOHQP-UYBDAZJANA-N,-8.654
HSP90AA1,c_THR184,mut_s1,detail,1,101,ZNXSZVFPCBIELQ-LNNLXFCONA-N,-8.292
HSP90AA1,c_THR184,mut_s1,detail,1,102,GKMWCCNMKRSQHR-VEKUMTKDNA-N,-9.099
HSP90AA1,c_THR184,mut_s1,detail,1,103,FFGUSRSMWFYKGK-SKKVRFOWNA-N,-10.17
HSP90AA1,c_THR184,mut_s1,detail,1,104,KXBDDGKXLZBLOM-SPEPDGBUNA-N,-9.207
HSP90AA1,c_THR184,mut_s1,detail,1,105,MIUWULAZCXYTJW-MSHHZIMBNA-N,-10.845
HSP90AA1,c_THR184,mut_s1,detail,1,106,JPZOYWVRFLZCIC-NJNXFGOHNA-N,-10.882
HSP90AA1,c_THR184,mut_s1,detail,1,107,FAIQTLBYDVKBAB-DVIAZDKANA-N,-8.911
HSP90AA1,c_THR184,mut_s1,detail,1,108,APFLRZZAOXCNAZ-UHFFFAOYNA-N,-8.215
HSP90AA1,c_THR184,mut_s1,detail,1,109,BSQLDSQTGOZBFD-UHFFFAOYNA-N,-8.552
HSP90AA1,c_THR184,mut_s1,detail,1,110,ZVVCFJXCDATSCC-UHFFFAOYNA-N,-10.347
HSP90AA1,c_THR184,mut_s1,detail,1,111,SKEQTXZATFWVMB-UYBDAZJANA-N,-7.339
HSP90AA1,c_THR184,mut_s1,detail,1,112,IATWYRHDJKMBQK-MPIMZMORNA-N,-9.088
HSP90AA1,c_THR184,mut_s1,detail,1,113,JPWOEQDCUZCWKT-MPIMZMORNA-N,-8.185
HSP90AA1,c_THR184,mut_s1,detail,1,114,RYHSAXRBHDHPPK-PKSOQXRJNA-N,-9.304
HSP90AA1,c_THR184,mut_s1,detail,1,115,GKKJWUFVZJJFPG-MPIMZMORNA-N,-9.213
HSP90AA1,c_THR184,mut_s1,detail,1,116,FDNZXFDUCINVLY-BDGWVKIONA-N,-8.79
HSP90AA1,c_THR184,mut_s1,detail,1,117,KTBYKHKWIFIFAK-UHFFFAOYNA-N,-10.238
HSP90AA1,c_THR184,mut_s1,detail,1,118,ZRXZEWGUECXTTQ-LQFNOIFHNA-N,-10.09
HSP90AA1,c_THR184,mut_s1,detail,1,119,XNACBBGLIAJNJM-PECIQRARNA-N,-8.664
HSP90AA1,c_THR184,mut_s1,detail,1,120,WQZYYJRVBIQUGH-YWZOXAELNA-N,-8.079
HSP90AA1,c_THR184,mut_s1,detail,1,121,ABMSRNRLDZVJFV-SWUIVHNENA-N,-9.639
HSP90AA1,c_THR184,mut_s1,detail,1,122,ZEACBIUBSOLEGW-QAITUMOCNA-N,-10.896
HSP90AA1,c_THR184,mut_s1,detail,1,123,UBFCDXVLKFOOGL-OKPOJWAQNA-N,-9.204
HSP90AA1,c_THR184,mut_s1,detail,1,124,RRIHVAFUFDANEX-NSJMMFDCNA-N,-9.516
HSP90AA1,c_THR184,mut_s1,detail,1,125,HASIAUWPWKTSBW-SREBMQDQNA-N,-7.483
HSP90AA1,c_THR184,mut_s1,detail,1,126,WHBCKYHTCHCHAY-LQFNOIFHNA-N,-8.355
HSP90AA1,c_THR184,mut_s1,detail,1,127,XMAYWYJOQHXEEK-JYFHCDHNNA-N,-8.718
HSP90AA1,c_THR184,mut_s1,detail,1,128,TVKCFCZANTZCSU-OYRHEFFENA-N,-10.5
HSP90AA1,c_THR184,mut_s1,detail,1,129,OJFIIUWPOHBVMH-LNNLXFCONA-N,-7.103
HSP90AA1,c_THR184,mut_s1,detail,1,130,DKLZMGFTGWKNCD-DIRLUKLVNA-N,-10.252
HSP90AA1,c_THR184,mut_s1,detail,1,131,PYSLGWZFRQWTDD-PWIKPTQSNA-N,-10.434
HSP90AA1,c_THR184,mut_s1,detail,1,132,MWMBIUUYBQWKJX-QTUCRYGENA-N,-8.228
HSP90AA1,c_THR184,mut_s1,detail,1,133,FLYQFCXTEFTSQN-UHFFFAOYNA-N,-8.664
HSP90AA1,c_THR184,mut_s1,detail,1,134,PBIBDSDWIMZYDT-WBWGZOKWNA-N,-8.938
HSP90AA1,c_THR184,mut_s1,detail,1,135,GSRWMFGBDLHGBU-YEFLILRRNA-N,-8.053
HSP90AA1,c_THR184,mut_s1,detail,1,136,AYIJJQHMZAEQKE-QDAGQJSJNA-N,-9.663
HSP90AA1,c_THR184,mut_s1,detail,1,137,JVWTZUKPDMRNDC-FSAKADSPNA-N,-10.961
HSP90AA1,c_THR184,mut_s1,detail,1,138,XAZPLOLSRXZDBO-LBZABMTDNA-N,-8.346
HSP90AA1,c_THR184,mut_s1,detail,1,139,RGWVFJBNHCWCTL-CFEGKOCINA-N,-9.019
HSP90AA1,c_THR184,mut_s1,detail,1,140,YYWNRQZCPIMCAK-UHFFFAOYNA-N,-10.256
HSP90AA1,c_THR184,mut_s1,detail,1,141,PBTZDKNKXRSZPM-XBXBPLPCNA-N,-10.249
HSP90AA1,c_THR184,mut_s1,detail,1,142,QQPOIMHFFPBDQM-LELJVTLKNA-N,-8.655
HSP90AA1,c_THR184,mut_s1,detail,1,143,NYFQURFFDGCBCB-MAQJPOOANA-N,-7.652
HSP90AA1,c_THR184,mut_s1,detail,1,144,HXZVHWHABLBWBS-MTTPVDACNA-N,-11.282
HSP90AA1,c_THR184,mut_s1,detail,1,145,IWYYSOJWYLZKLK-LELJVTLKNA-N,-7.933
HSP90AA1,c_THR184,mut_s1,detail,1,146,HOGUCNPGZXMBGW-UHFFFAOYNA-N,-7.915
HSP90AA1,c_THR184,mut_s1,detail,1,147,VITUDJAVASFPKN-DUFUIDNCNA-N,-9.393
HSP90AA1,c_THR184,mut_s1,detail,1,148,IXAHDCRYEUYPBG-SCXYCHFONA-N,-11.568
HSP90AA1,c_THR184,mut_s1,detail,1,149,JWHMEKMLAZQDNS-OZMOGHDGNA-N,-8.382
HSP90AA1,c_THR184,mut_s1,detail,1,150,BZWNBTIJLRHNDZ-LBOYIXSDNA-N,-8.721
HSP90AA1,c_THR184,mut_s1,detail,1,151,RECYROBESYRUML-UHFFFAOYNA-N,-9.349
HSP90AA1,c_THR184,mut_s1,detail,1,152,MLDSJJJLQRZNKW-UHBIVWOUNA-N,-11.203
HSP90AA1,c_THR184,mut_s1,detail,1,153,XTWIHJARHCYNFX-PHXLCVRDNA-N,-8.855
HSP90AA1,c_THR184,mut_s1,detail,1,154,UQGFETVWTRDGKJ-UHFFFAOYNA-N,-9.315
HSP90AA1,c_THR184,mut_s1,detail,1,155,VJFSMDWEMFOWDK-CYSPOYASNA-N,-9.22
HSP90AA1,c_THR184,mut_s1,detail,1,156,NZYLXYBIWNIAGH-CYSPOYASNA-N,-10.762
HSP90AA1,c_THR184,mut_s1,detail,1,157,ODXCWFOKLBJQNP-MPIMZMORNA-N,-8.965
HSP90AA1,c_THR184,mut_s1,detail,1,158,FVDNMAPPDSKXKQ-UHFFFAOYNA-N,-10.128
HSP90AA1,c_THR184,mut_s1,detail,1,159,DOPWMPRIRWTOOD-CCHPKIMANA-N,-8.767
HSP90AA1,c_LEU103,mut_s1,detail,1,0,URVMSYHISUZXNH-UYBDAZJANA-N,-8.862
HSP90AA1,c_LEU103,mut_s1,detail,1,1,KXRPCFINVWWFHQ-UHFFFAOYNA-N,-5.521
HSP90AA1,c_LEU103,mut_s1,detail,1,2,NICJTSHRYBTHAS-YHMJCDSINA-N,-7.686
HSP90AA1,c_LEU103,mut_s1,detail,1,3,SWRZVDTZHDWPDS-AWIDAIFANA-N,-8.412
HSP90AA1,c_LEU103,mut_s1,detail,1,4,RKNSLLSUFWWYCA-UHFFFAOYNA-N,-8.933
HSP90AA1,c_LEU103,mut_s1,detail,1,5,OZFSIKFTRRUDES-RIYZIHGNNA-N,-6.933
HSP90AA1,c_LEU103,mut_s1,detail,1,6,AAGGUCRASUJPPN-UHFFFAOYNA-N,-8.449
HSP90AA1,c_LEU103,mut_s1,detail,1,7,OYHXDPMAFYHDNG-YAQRNVERNA-N,-7.454
HSP90AA1,c_LEU103,mut_s1,detail,1,8,AWILWAIEQYZUEQ-UHFFFAOYNA-N,-7.277
HSP90AA1,c_LEU103,mut_s1,detail,1,9,WSFAXHLMQUUHQT-VMPITWQZNA-N,-8.348
HSP90AA1,c_LEU103,mut_s1,detail,1,10,WPHMTVNOXKBZKN-UHFFFAOYNA-N,-7.089
HSP90AA1,c_LEU103,mut_s1,detail,1,11,LPEIZNODGHDCCW-UHFFFAOYNA-N,-5.815
HSP90AA1,c_LEU103,mut_s1,detail,1,12,QQHWWDVSRWOHEP-LILDFLRNNA-N,-9.178
HSP90AA1,c_LEU103,mut_s1,detail,1,13,UMEVSSPGBFVQNC-UHFFFAOYNA-N,-6.334
HSP90AA1,c_LEU103,mut_s1,detail,1,14,VZDIOEKWWZRNQN-UHFFFAOYNA-N,-10.04
HSP90AA1,c_LEU103,mut_s1,detail,1,15,JEVLDOUORFAHRS-NDKGDYFDNA-N,-7.579
HSP90AA1,c_LEU103,mut_s1,detail,1,16,NFTGJNJRMWUBPG-GPQMBLKYNA-N,-8.754
HSP90AA1,c_LEU103,mut_s1,detail,1,17,UMUUTEZBWGDVDA-UHFFFAOYNA-N,-8.043
HSP90AA1,c_LEU103,mut_s1,detail,1,18,VLQKEPLNPGYNDJ-HCKMINDGNA-N,-7.079
HSP90AA1,c_LEU103,mut_s1,detail,1,19,PPMVTAATPZLMJM-CDDDEJBQNA-N,-8.336
HSP90AA1,c_LEU103,mut_s1,detail,1,20,AHLYFAKLKLMESK-YAQRNVERNA-N,-8.0
HSP90AA1,c_LEU103,mut_s1,detail,1,21,GYEJYLAGVWRSIM-KGJHZMDYNA-N,-7.373
HSP90AA1,c_LEU103,mut_s1,detail,1,22,RXVALSLAUOIYLW-UHFFFAOYNA-N,-8.121
HSP90AA1,c_LEU103,mut_s1,detail,1,23,NSELYIFATLFDOZ-JLGFQASFNA-N,-8.381
HSP90AA1,c_LEU103,mut_s1,detail,1,24,COQFBYACOHFCEC-UHFFFAOYNA-N,-8.105
HSP90AA1,c_LEU103,mut_s1,detail,1,25,CJGJXFCLDYQBFQ-YJGXKCCXNA-N,-9.047
HSP90AA1,c_LEU103,mut_s1,detail,1,26,BWNGRRJLFYHENY-INIZCTEONA-N,-8.013
HSP90AA1,c_LEU103,mut_s1,detail,1,27,BNRFXWSJKVJVOF-UYBDAZJANA-N,-9.803
HSP90AA1,c_LEU103,mut_s1,detail,1,28,DMULMZBZVBBWBY-PJZINPJWNA-N,-9.106
HSP90AA1,c_LEU103,mut_s1,detail,1,29,AXLAIGJGNKHDPO-UHFFFAOYNA-N,-6.046
HSP90AA1,c_LEU103,mut_s1,detail,1,30,RKDGAONZEPYEBT-WXRBYKJCNA-N,-7.466
HSP90AA1,c_LEU103,mut_s1,detail,1,31,MBOYDUZSCSNUQL-MBBDSNKKNA-N,-8.121
HSP90AA1,c_LEU103,mut_s1,detail,1,32,KPVDBHRTXOFQDK-YAQRNVERNA-N,-7.559
HSP90AA1,c_LEU103,mut_s1,detail,1,33,LVCNFMYUKISBSB-VJSNTGQMNA-N,-9.02
HSP90AA1,c_LEU103,mut_s1,detail,1,34,XLAHCIRKLMJUQC-DZQCGVKKNA-N,-8.976
HSP90AA1,c_LEU103,mut_s1,detail,1,35,QNYHDABGLCBJOE-SHHGZXMVNA-N,-8.883
HSP90AA1,c_LEU103,mut_s1,detail,1,36,HEKNRISBWSPMOG-OWTLIXCDNA-N,-7.087
HSP90AA1,c_LEU103,mut_s1,detail,1,37,VIRNXCRLEVZXNX-LILDFLRNNA-N,-8.677
HSP90AA1,c_LEU103,mut_s1,detail,1,38,SRTGERSEXJGDMR-UHFFFAOYNA-N,-8.658
HSP90AA1,c_LEU103,mut_s1,detail,1,39,ZGMGSSRLZJYOKH-WXRBYKJCNA-N,-7.776
HSP90AA1,c_LEU103,mut_s1,detail,1,40,VGYFDFRFGHHCDA-CUTUCBJDNA-N,-9.265
HSP90AA1,c_LEU103,mut_s1,detail,1,41,DILPMLYWQJPNLO-HCKMINDGNA-N,-9.846
HSP90AA1,c_LEU103,mut_s1,detail,1,42,RSOODJIGEVJLMK-LQFNOIFHNA-N,-9.397
HSP90AA1,c_LEU103,mut_s1,detail,1,43,OWHHWMUAYBIQPR-UHFFFAOYNA-N,-9.579
HSP90AA1,c_LEU103,mut_s1,detail,1,44,KPIKMVZJKZDOFC-UHFFFAOYNA-N,-9.677
HSP90AA1,c_LEU103,mut_s1,detail,1,45,DIKDKRUREJXLMR-DPMTXJEANA-N,-9.981
HSP90AA1,c_LEU103,mut_s1,detail,1,46,QRVJDPKQHAVBDK-UYBDAZJANA-N,-6.987
HSP90AA1,c_LEU103,mut_s1,detail,1,47,SGBSFKSDPWOALT-UYBDAZJANA-N,-8.751
HSP90AA1,c_LEU103,mut_s1,detail,1,48,CYHFRNFVZWVHCG-OTJKMEOQNA-N,-8.899
HSP90AA1,c_LEU103,mut_s1,detail,1,49,MJUDQDHXCQONOA-MPIMZMORNA-N,-9.39
HSP90AA1,c_LEU103,mut_s1,detail,1,50,RNVYRNLUUYNQAS-PKSOQXRJNA-N,-8.665
HSP90AA1,c_LEU103,mut_s1,detail,1,51,DLZXOZYETDVJEB-QWOVJGMINA-N,-8.069
HSP90AA1,c_LEU103,mut_s1,detail,1,52,HSICVZRDGBJSEL-GPQMBLKYNA-N,-8.35
HSP90AA1,c_LEU103,mut_s1,detail,1,53,HMRUHHFLIMYEAF-QNGOCPJXNA-N,-7.939
HSP90AA1,c_LEU103,mut_s1,detail,1,54,ZZOWQPSBJUXHCA-YSPRVCGUNA-N,-10.232
HSP90AA1,c_LEU103,mut_s1,detail,1,55,WDDJLHOUFWSQSV-UHFFFAOYNA-N,-9.599
HSP90AA1,c_LEU103,mut_s1,detail,1,56,UKLIIGXGTPSYBF-IBCWCQIKNA-N,-8.201
HSP90AA1,c_LEU103,mut_s1,detail,1,57,LNPOBRXJZYGQMS-MOHJPFBDNA-N,-9.211
HSP90AA1,c_LEU103,mut_s1,detail,1,58,FYILBFPPKIZBTO-UHFFFAOYNA-N,-7.916
HSP90AA1,c_LEU103,mut_s1,detail,1,59,MIKIJFODTJGFDI-LILDFLRNNA-N,-8.817
HSP90AA1,c_LEU103,mut_s1,detail,1,60,RUWCNSLWWCWTSU-LILDFLRNNA-N,-9.528
HSP90AA1,c_LEU103,mut_s1,detail,1,61,KLQWCHKIQJHYIB-UHFFFAOYNA-N,-10.044
HSP90AA1,c_LEU103,mut_s1,detail,1,62,QKAWGENQCGFAOE-NPVYFSBINA-N,-8.524
HSP90AA1,c_LEU103,mut_s1,detail,1,63,KGOKCBRZBBEYBE-MMRXBHCZNA-N,-10.099
HSP90AA1,c_LEU103,mut_s1,detail,1,64,ROFRXCLSWKEWTN-UHFFFAOYNA-N,-8.138
HSP90AA1,c_LEU103,mut_s1,detail,1,65,AKRMJNKLSCBEME-FPYGCLRLNA-N,-8.212
HSP90AA1,c_LEU103,mut_s1,detail,1,66,LCGJUJZLLYTYIF-XMFFZCEENA-N,-9.666
HSP90AA1,c_LEU103,mut_s1,detail,1,67,FREQNFSEYLEFOI-QRCVEOAVNA-N,-8.535
HSP90AA1,c_LEU103,mut_s1,detail,1,68,MHMINAYLMNBGSM-UHFFFAOYNA-N,-7.165
HSP90AA1,c_LEU103,mut_s1,detail,1,69,SYMNTBHEGHFZMV-UHFFFAOYNA-N,-8.129
HSP90AA1,c_LEU103,mut_s1,detail,1,70,NNCRWGMPCGSKOO-LILDFLRNNA-N,-7.647
HSP90AA1,c_LEU103,mut_s1,detail,1,71,ZCRRNCCNJMRGFI-UHFFFAOYNA-N,-9.136
HSP90AA1,c_LEU103,mut_s1,detail,1,72,PYVZEIBGEUQNQQ-UHFFFAOYNA-N,-9.349
HSP90AA1,c_LEU103,mut_s1,detail,1,73,OROJQWVRCGJACT-XBTAAFKLNA-N,-9.208
HSP90AA1,c_LEU103,mut_s1,detail,1,74,TXYUWXKCUDOUGU-JLGFQASFNA-N,-7.424
HSP90AA1,c_LEU103,mut_s1,detail,1,75,LAZANALODSEDSE-UHFFFAOYNA-N,-8.17
HSP90AA1,c_LEU103,mut_s1,detail,1,76,RJXCYVJLXGRCHK-UHFFFAOYNA-N,-8.536
HSP90AA1,c_LEU103,mut_s1,detail,1,77,FUSKIBWHJAWEFI-IEJAXPBYNA-N,-8.565
HSP90AA1,c_LEU103,mut_s1,detail,1,78,SGWVLOCBQLQWQV-UHFFFAOYNA-N,-9.038
HSP90AA1,c_LEU103,mut_s1,detail,1,79,PPXRQTYXLZCDAZ-QWOVJGMINA-N,-9.035
HSP90AA1,c_LEU103,mut_s1,detail,1,80,DIFBADFWLVYFHV-LELJVTLKNA-N,-10.267
HSP90AA1,c_LEU103,mut_s1,detail,1,81,XREOSEVJCQGCHE-MHPMNMKGNA-N,-9.767
HSP90AA1,c_LEU103,mut_s1,detail,1,82,ZHGPKHBXSKWZEQ-UHFFFAOYNA-N,-9.291
HSP90AA1,c_LEU103,mut_s1,detail,1,83,ZFAYPJJNPSNAFK-UHFFFAOYNA-N,-8.969
HSP90AA1,c_LEU103,mut_s1,detail,1,84,LTXMRAGWIDQTQT-MYUTVWBTNA-N,-10.741
HSP90AA1,c_LEU103,mut_s1,detail,1,85,VXQHYHSSGLOALC-SPEPDGBUNA-N,-8.833
HSP90AA1,c_LEU103,mut_s1,detail,1,86,KWDSFRAWCISROF-PJQSKVNONA-N,-8.656
HSP90AA1,c_LEU103,mut_s1,detail,1,87,ZJZXSQPHUQUHIV-ZGZFQTMPNA-N,-10.5
HSP90AA1,c_LEU103,mut_s1,detail,1,88,UYHIVPBYFWVWEJ-UHFFFAOYNA-N,-9.813
HSP90AA1,c_LEU103,mut_s1,detail,1,89,PLEFJSUCKRWHBY-LNNLXFCONA-N,-9.739
HSP90AA1,c_LEU103,mut_s1,detail,1,90,DNSRQCRQLKJUCC-PDJAEHLQNA-N,-8.741
HSP90AA1,c_LEU103,mut_s1,detail,1,91,PHYKZCBUNVYJNH-YDBXFXKPNA-N,-7.609
HSP90AA1,c_LEU103,mut_s1,detail,1,92,OOUHZBUAVKCDGA-UHFFFAOYNA-N,-9.293
HSP90AA1,c_LEU103,mut_s1,detail,1,93,UUQDFZFJDFMLHW-UHFFFAOYNA-N,-8.292
HSP90AA1,c_LEU103,mut_s1,detail,1,94,OOUDDHNLDLLUOL-SKKVRFOWNA-N,-10.073
HSP90AA1,c_LEU103,mut_s1,detail,1,95,ZDMQSUAMTLXUTE-MPIMZMORNA-N,-8.683
HSP90AA1,c_LEU103,mut_s1,detail,1,96,NMPLPABDEKPABN-UHFFFAOYNA-N,-9.234
HSP90AA1,c_LEU103,mut_s1,detail,1,97,INZRHGSVWGRHBM-NPVYFSBINA-N,-9.371
HSP90AA1,c_LEU103,mut_s1,detail,1,98,RVGCWMKVTAEQIH-LNNLXFCONA-N,-9.635
HSP90AA1,c_LEU103,mut_s1,detail,1,99,VRXWKRQOVMZBAF-LJQANCHMNA-N,-8.215
HSP90AA1,c_LEU103,mut_s1,detail,1,100,QACLWOIBBYOHQP-UYBDAZJANA-N,-8.765
HSP90AA1,c_LEU103,mut_s1,detail,1,101,ZNXSZVFPCBIELQ-LNNLXFCONA-N,-7.589
HSP90AA1,c_LEU103,mut_s1,detail,1,102,GKMWCCNMKRSQHR-VEKUMTKDNA-N,-8.979
HSP90AA1,c_LEU103,mut_s1,detail,1,103,FFGUSRSMWFYKGK-SKKVRFOWNA-N,-9.599
HSP90AA1,c_LEU103,mut_s1,detail,1,104,KXBDDGKXLZBLOM-SPEPDGBUNA-N,-10.025
HSP90AA1,c_LEU103,mut_s1,detail,1,105,MIUWULAZCXYTJW-MSHHZIMBNA-N,-10.611
HSP90AA1,c_LEU103,mut_s1,detail,1,106,JPZOYWVRFLZCIC-NJNXFGOHNA-N,-10.824
HSP90AA1,c_LEU103,mut_s1,detail,1,107,FAIQTLBYDVKBAB-DVIAZDKANA-N,-8.889
HSP90AA1,c_LEU103,mut_s1,detail,1,108,APFLRZZAOXCNAZ-UHFFFAOYNA-N,-8.631
HSP90AA1,c_LEU103,mut_s1,detail,1,109,BSQLDSQTGOZBFD-UHFFFAOYNA-N,-8.687
HSP90AA1,c_LEU103,mut_s1,detail,1,110,ZVVCFJXCDATSCC-UHFFFAOYNA-N,-9.117
HSP90AA1,c_LEU103,mut_s1,detail,1,111,SKEQTXZATFWVMB-UYBDAZJANA-N,-7.867
HSP90AA1,c_LEU103,mut_s1,detail,1,112,IATWYRHDJKMBQK-MPIMZMORNA-N,-8.516
HSP90AA1,c_LEU103,mut_s1,detail,1,113,JPWOEQDCUZCWKT-MPIMZMORNA-N,-8.023
HSP90AA1,c_LEU103,mut_s1,detail,1,114,RYHSAXRBHDHPPK-PKSOQXRJNA-N,-9.406
HSP90AA1,c_LEU103,mut_s1,detail,1,115,GKKJWUFVZJJFPG-MPIMZMORNA-N,-8.544
HSP90AA1,c_LEU103,mut_s1,detail,1,116,FDNZXFDUCINVLY-BDGWVKIONA-N,-8.168
HSP90AA1,c_LEU103,mut_s1,detail,1,117,KTBYKHKWIFIFAK-UHFFFAOYNA-N,-10.123
HSP90AA1,c_LEU103,mut_s1,detail,1,118,ZRXZEWGUECXTTQ-LQFNOIFHNA-N,-10.167
HSP90AA1,c_LEU103,mut_s1,detail,1,119,XNACBBGLIAJNJM-PECIQRARNA-N,-8.789
HSP90AA1,c_LEU103,mut_s1,detail,1,120,WQZYYJRVBIQUGH-YWZOXAELNA-N,-8.427
HSP90AA1,c_LEU103,mut_s1,detail,1,121,ABMSRNRLDZVJFV-SWUIVHNENA-N,-9.454
HSP90AA1,c_LEU103,mut_s1,detail,1,122,ZEACBIUBSOLEGW-QAITUMOCNA-N,-10.971
HSP90AA1,c_LEU103,mut_s1,detail,1,123,UBFCDXVLKFOOGL-OKPOJWAQNA-N,-9.035
HSP90AA1,c_LEU103,mut_s1,detail,1,124,RRIHVAFUFDANEX-NSJMMFDCNA-N,-8.66
HSP90AA1,c_LEU103,mut_s1,detail,1,125,HASIAUWPWKTSBW-SREBMQDQNA-N,-8.649
HSP90AA1,c_LEU103,mut_s1,detail,1,126,WHBCKYHTCHCHAY-LQFNOIFHNA-N,-7.928
HSP90AA1,c_LEU103,mut_s1,detail,1,127,XMAYWYJOQHXEEK-JYFHCDHNNA-N,-9.575
HSP90AA1,c_LEU103,mut_s1,detail,1,128,TVKCFCZANTZCSU-OYRHEFFENA-N,-9.738
HSP90AA1,c_LEU103,mut_s1,detail,1,129,OJFIIUWPOHBVMH-LNNLXFCONA-N,-6.723
HSP90AA1,c_LEU103,mut_s1,detail,1,130,DKLZMGFTGWKNCD-DIRLUKLVNA-N,-10.194
HSP90AA1,c_LEU103,mut_s1,detail,1,131,PYSLGWZFRQWTDD-PWIKPTQSNA-N,-10.299
HSP90AA1,c_LEU103,mut_s1,detail,1,132,MWMBIUUYBQWKJX-QTUCRYGENA-N,-8.764
HSP90AA1,c_LEU103,mut_s1,detail,1,133,FLYQFCXTEFTSQN-UHFFFAOYNA-N,-8.347
HSP90AA1,c_LEU103,mut_s1,detail,1,134,PBIBDSDWIMZYDT-WBWGZOKWNA-N,-8.963
HSP90AA1,c_LEU103,mut_s1,detail,1,135,GSRWMFGBDLHGBU-YEFLILRRNA-N,-8.518
HSP90AA1,c_LEU103,mut_s1,detail,1,136,AYIJJQHMZAEQKE-QDAGQJSJNA-N,-9.68
HSP90AA1,c_LEU103,mut_s1,detail,1,137,JVWTZUKPDMRNDC-FSAKADSPNA-N,-10.569
HSP90AA1,c_LEU103,mut_s1,detail,1,138,XAZPLOLSRXZDBO-LBZABMTDNA-N,-7.787
HSP90AA1,c_LEU103,mut_s1,detail,1,139,RGWVFJBNHCWCTL-CFEGKOCINA-N,-9.945
HSP90AA1,c_LEU103,mut_s1,detail,1,140,YYWNRQZCPIMCAK-UHFFFAOYNA-N,-10.011
HSP90AA1,c_LEU103,mut_s1,detail,1,141,PBTZDKNKXRSZPM-XBXBPLPCNA-N,-10.014
HSP90AA1,c_LEU103,mut_s1,detail,1,142,QQPOIMHFFPBDQM-LELJVTLKNA-N,-8.244
HSP90AA1,c_LEU103,mut_s1,detail,1,143,NYFQURFFDGCBCB-MAQJPOOANA-N,-7.499
HSP90AA1,c_LEU103,mut_s1,detail,1,144,HXZVHWHABLBWBS-MTTPVDACNA-N,-11.439
HSP90AA1,c_LEU103,mut_s1,detail,1,145,IWYYSOJWYLZKLK-LELJVTLKNA-N,-7.733
HSP90AA1,c_LEU103,mut_s1,detail,1,146,HOGUCNPGZXMBGW-UHFFFAOYNA-N,-8.307
HSP90AA1,c_LEU103,mut_s1,detail,1,147,VITUDJAVASFPKN-DUFUIDNCNA-N,-7.689
HSP90AA1,c_LEU103,mut_s1,detail,1,148,IXAHDCRYEUYPBG-SCXYCHFONA-N,-11.924
HSP90AA1,c_LEU103,mut_s1,detail,1,149,JWHMEKMLAZQDNS-OZMOGHDGNA-N,-8.524
HSP90AA1,c_LEU103,mut_s1,detail,1,150,BZWNBTIJLRHNDZ-LBOYIXSDNA-N,-8.618
HSP90AA1,c_LEU103,mut_s1,detail,1,151,RECYROBESYRUML-UHFFFAOYNA-N,-9.541
HSP90AA1,c_LEU103,mut_s1,detail,1,152,MLDSJJJLQRZNKW-UHBIVWOUNA-N,-10.851
HSP90AA1,c_LEU103,mut_s1,detail,1,153,XTWIHJARHCYNFX-PHXLCVRDNA-N,-9.412
HSP90AA1,c_LEU103,mut_s1,detail,1,154,UQGFETVWTRDGKJ-UHFFFAOYNA-N,-9.46
HSP90AA1,c_LEU103,mut_s1,detail,1,155,VJFSMDWEMFOWDK-CYSPOYASNA-N,-9.249
HSP90AA1,c_LEU103,mut_s1,detail,1,156,NZYLXYBIWNIAGH-CYSPOYASNA-N,-9.275
HSP90AA1,c_LEU103,mut_s1,detail,1,157,ODXCWFOKLBJQNP-MPIMZMORNA-N,-7.756
HSP90AA1,c_LEU103,mut_s1,detail,1,158,FVDNMAPPDSKXKQ-UHFFFAOYNA-N,-9.958
HSP90AA1,c_LEU103,mut_s1,detail,1,159,DOPWMPRIRWTOOD-CCHPKIMANA-N,-8.899
HSP90AA1,c_ASN51,mut_s1,detail,1,0,URVMSYHISUZXNH-UYBDAZJANA-N,-8.861
HSP90AA1,c_ASN51,mut_s1,detail,1,1,KXRPCFINVWWFHQ-UHFFFAOYNA-N,-5.676
HSP90AA1,c_ASN51,mut_s1,detail,1,2,NICJTSHRYBTHAS-YHMJCDSINA-N,-7.921
HSP90AA1,c_ASN51,mut_s1,detail,1,3,SWRZVDTZHDWPDS-AWIDAIFANA-N,-8.684
HSP90AA1,c_ASN51,mut_s1,detail,1,4,RKNSLLSUFWWYCA-UHFFFAOYNA-N,-8.503
HSP90AA1,c_ASN51,mut_s1,detail,1,5,OZFSIKFTRRUDES-RIYZIHGNNA-N,-6.748
HSP90AA1,c_ASN51,mut_s1,detail,1,6,AAGGUCRASUJPPN-UHFFFAOYNA-N,-8.775
HSP90AA1,c_ASN51,mut_s1,detail,1,7,OYHXDPMAFYHDNG-YAQRNVERNA-N,-7.853
HSP90AA1,c_ASN51,mut_s1,detail,1,8,AWILWAIEQYZUEQ-UHFFFAOYNA-N,-7.351
HSP90AA1,c_ASN51,mut_s1,detail,1,9,WSFAXHLMQUUHQT-VMPITWQZNA-N,-8.029
HSP90AA1,c_ASN51,mut_s1,detail,1,10,WPHMTVNOXKBZKN-UHFFFAOYNA-N,-7.25
HSP90AA1,c_ASN51,mut_s1,detail,1,11,LPEIZNODGHDCCW-UHFFFAOYNA-N,-5.693
HSP90AA1,c_ASN51,mut_s1,detail,1,12,QQHWWDVSRWOHEP-LILDFLRNNA-N,-9.348
HSP90AA1,c_ASN51,mut_s1,detail,1,13,UMEVSSPGBFVQNC-UHFFFAOYNA-N,-6.356
HSP90AA1,c_ASN51,mut_s1,detail,1,14,VZDIOEKWWZRNQN-UHFFFAOYNA-N,-10.124
HSP90AA1,c_ASN51,mut_s1,detail,1,15,JEVLDOUORFAHRS-NDKGDYFDNA-N,-6.645
HSP90AA1,c_ASN51,mut_s1,detail,1,16,NFTGJNJRMWUBPG-GPQMBLKYNA-N,-8.932
HSP90AA1,c_ASN51,mut_s1,detail,1,17,UMUUTEZBWGDVDA-UHFFFAOYNA-N,-7.701
HSP90AA1,c_ASN51,mut_s1,detail,1,18,VLQKEPLNPGYNDJ-HCKMINDGNA-N,-7.129
HSP90AA1,c_ASN51,mut_s1,detail,1,19,PPMVTAATPZLMJM-CDDDEJBQNA-N,-7.374
HSP90AA1,c_ASN51,mut_s1,detail,1,20,AHLYFAKLKLMESK-YAQRNVERNA-N,-7.903
HSP90AA1,c_ASN51,mut_s1,detail,1,21,GYEJYLAGVWRSIM-KGJHZMDYNA-N,-7.171
HSP90AA1,c_ASN51,mut_s1,detail,1,22,RXVALSLAUOIYLW-UHFFFAOYNA-N,-7.621
HSP90AA1,c_ASN51,mut_s1,detail,1,23,NSELYIFATLFDOZ-JLGFQASFNA-N,-8.391
HSP90AA1,c_ASN51,mut_s1,detail,1,24,COQFBYACOHFCEC-UHFFFAOYNA-N,-7.688
HSP90AA1,c_ASN51,mut_s1,detail,1,25,CJGJXFCLDYQBFQ-YJGXKCCXNA-N,-9.099
HSP90AA1,c_ASN51,mut_s1,detail,1,26,BWNGRRJLFYHENY-INIZCTEONA-N,-7.46
HSP90AA1,c_ASN51,mut_s1,detail,1,27,BNRFXWSJKVJVOF-UYBDAZJANA-N,-9.898
HSP90AA1,c_ASN51,mut_s1,detail,1,28,DMULMZBZVBBWBY-PJZINPJWNA-N,-9.278
HSP90AA1,c_ASN51,mut_s1,detail,1,29,AXLAIGJGNKHDPO-UHFFFAOYNA-N,-6.192
HSP90AA1,c_ASN51,mut_s1,detail,1,30,RKDGAONZEPYEBT-WXRBYKJCNA-N,-7.115
HSP90AA1,c_ASN51,mut_s1,detail,1,31,MBOYDUZSCSNUQL-MBBDSNKKNA-N,-8.083
HSP90AA1,c_ASN51,mut_s1,detail,1,32,KPVDBHRTXOFQDK-YAQRNVERNA-N,-7.973
HSP90AA1,c_ASN51,mut_s1,detail,1,33,LVCNFMYUKISBSB-VJSNTGQMNA-N,-9.166
HSP90AA1,c_ASN51,mut_s1,detail,1,34,XLAHCIRKLMJUQC-DZQCGVKKNA-N,-9.276
HSP90AA1,c_ASN51,mut_s1,detail,1,35,QNYHDABGLCBJOE-SHHGZXMVNA-N,-8.719
HSP90AA1,c_ASN51,mut_s1,detail,1,36,HEKNRISBWSPMOG-OWTLIXCDNA-N,-6.776
HSP90AA1,c_ASN51,mut_s1,detail,1,37,VIRNXCRLEVZXNX-LILDFLRNNA-N,-8.848
HSP90AA1,c_ASN51,mut_s1,detail,1,38,SRTGERSEXJGDMR-UHFFFAOYNA-N,-8.83
HSP90AA1,c_ASN51,mut_s1,detail,1,39,ZGMGSSRLZJYOKH-WXRBYKJCNA-N,-7.451
HSP90AA1,c_ASN51,mut_s1,detail,1,40,VGYFDFRFGHHCDA-CUTUCBJDNA-N,-9.181
HSP90AA1,c_ASN51,mut_s1,detail,1,41,DILPMLYWQJPNLO-HCKMINDGNA-N,-9.684
HSP90AA1,c_ASN51,mut_s1,detail,1,42,RSOODJIGEVJLMK-LQFNOIFHNA-N,-9.503
HSP90AA1,c_ASN51,mut_s1,detail,1,43,OWHHWMUAYBIQPR-UHFFFAOYNA-N,-9.263
HSP90AA1,c_ASN51,mut_s1,detail,1,44,KPIKMVZJKZDOFC-UHFFFAOYNA-N,-9.336
HSP90AA1,c_ASN51,mut_s1,detail,1,45,DIKDKRUREJXLMR-DPMTXJEANA-N,-9.867
HSP90AA1,c_ASN51,mut_s1,detail,1,46,QRVJDPKQHAVBDK-UYBDAZJANA-N,-7.106
HSP90AA1,c_ASN51,mut_s1,detail,1,47,SGBSFKSDPWOALT-UYBDAZJANA-N,-8.78
HSP90AA1,c_ASN51,mut_s1,detail,1,48,CYHFRNFVZWVHCG-OTJKMEOQNA-N,-9.077
HSP90AA1,c_ASN51,mut_s1,detail,1,49,MJUDQDHXCQONOA-MPIMZMORNA-N,-9.001
HSP90AA1,c_ASN51,mut_s1,detail,1,50,RNVYRNLUUYNQAS-PKSOQXRJNA-N,-8.114
HSP90AA1,c_ASN51,mut_s1,detail,1,51,DLZXOZYETDVJEB-QWOVJGMINA-N,-7.419
HSP90AA1,c_ASN51,mut_s1,detail,1,52,HSICVZRDGBJSEL-GPQMBLKYNA-N,-8.208
HSP90AA1,c_ASN51,mut_s1,detail,1,53,HMRUHHFLIMYEAF-QNGOCPJXNA-N,-7.849
HSP90AA1,c_ASN51,mut_s1,detail,1,54,ZZOWQPSBJUXHCA-YSPRVCGUNA-N,-10.358
HSP90AA1,c_ASN51,mut_s1,detail,1,55,WDDJLHOUFWSQSV-UHFFFAOYNA-N,-9.238
HSP90AA1,c_ASN51,mut_s1,detail,1,56,UKLIIGXGTPSYBF-IBCWCQIKNA-N,-8.096
HSP90AA1,c_ASN51,mut_s1,detail,1,57,LNPOBRXJZYGQMS-MOHJPFBDNA-N,-9.788
HSP90AA1,c_ASN51,mut_s1,detail,1,58,FYILBFPPKIZBTO-UHFFFAOYNA-N,-7.193
HSP90AA1,c_ASN51,mut_s1,detail,1,59,MIKIJFODTJGFDI-LILDFLRNNA-N,-8.949
HSP90AA1,c_ASN51,mut_s1,detail,1,60,RUWCNSLWWCWTSU-LILDFLRNNA-N,-9.277
HSP90AA1,c_ASN51,mut_s1,detail,1,61,KLQWCHKIQJHYIB-UHFFFAOYNA-N,-9.821
HSP90AA1,c_ASN51,mut_s1,detail,1,62,QKAWGENQCGFAOE-NPVYFSBINA-N,-8.139
HSP90AA1,c_ASN51,mut_s1,detail,1,63,KGOKCBRZBBEYBE-MMRXBHCZNA-N,-10.066
HSP90AA1,c_ASN51,mut_s1,detail,1,64,ROFRXCLSWKEWTN-UHFFFAOYNA-N,-7.948
HSP90AA1,c_ASN51,mut_s1,detail,1,65,AKRMJNKLSCBEME-FPYGCLRLNA-N,-7.757
HSP90AA1,c_ASN51,mut_s1,detail,1,66,LCGJUJZLLYTYIF-XMFFZCEENA-N,-9.292
HSP90AA1,c_ASN51,mut_s1,detail,1,67,FREQNFSEYLEFOI-QRCVEOAVNA-N,-8.443
HSP90AA1,c_ASN51,mut_s1,detail,1,68,MHMINAYLMNBGSM-UHFFFAOYNA-N,-7.073
HSP90AA1,c_ASN51,mut_s1,detail,1,69,SYMNTBHEGHFZMV-UHFFFAOYNA-N,-8.098
HSP90AA1,c_ASN51,mut_s1,detail,1,70,NNCRWGMPCGSKOO-LILDFLRNNA-N,-6.655
HSP90AA1,c_ASN51,mut_s1,detail,1,71,ZCRRNCCNJMRGFI-UHFFFAOYNA-N,-8.877
HSP90AA1,c_ASN51,mut_s1,detail,1,72,PYVZEIBGEUQNQQ-UHFFFAOYNA-N,-9.093
HSP90AA1,c_ASN51,mut_s1,detail,1,73,OROJQWVRCGJACT-XBTAAFKLNA-N,-9.009
HSP90AA1,c_ASN51,mut_s1,detail,1,74,TXYUWXKCUDOUGU-JLGFQASFNA-N,-7.612
HSP90AA1,c_ASN51,mut_s1,detail,1,75,LAZANALODSEDSE-UHFFFAOYNA-N,-8.587
HSP90AA1,c_ASN51,mut_s1,detail,1,76,RJXCYVJLXGRCHK-UHFFFAOYNA-N,-9.514
HSP90AA1,c_ASN51,mut_s1,detail,1,77,FUSKIBWHJAWEFI-IEJAXPBYNA-N,-8.108
HSP90AA1,c_ASN51,mut_s1,detail,1,78,SGWVLOCBQLQWQV-UHFFFAOYNA-N,-8.398
HSP90AA1,c_ASN51,mut_s1,detail,1,79,PPXRQTYXLZCDAZ-QWOVJGMINA-N,-8.912
HSP90AA1,c_ASN51,mut_s1,detail,1,80,DIFBADFWLVYFHV-LELJVTLKNA-N,-10.155
HSP90AA1,c_ASN51,mut_s1,detail,1,81,XREOSEVJCQGCHE-MHPMNMKGNA-N,-9.804
HSP90AA1,c_ASN51,mut_s1,detail,1,82,ZHGPKHBXSKWZEQ-UHFFFAOYNA-N,-9.413
HSP90AA1,c_ASN51,mut_s1,detail,1,83,ZFAYPJJNPSNAFK-UHFFFAOYNA-N,-8.91
HSP90AA1,c_ASN51,mut_s1,detail,1,84,LTXMRAGWIDQTQT-MYUTVWBTNA-N,-11.169
HSP90AA1,c_ASN51,mut_s1,detail,1,85,VXQHYHSSGLOALC-SPEPDGBUNA-N,-9.128
HSP90AA1,c_ASN51,mut_s1,detail,1,86,KWDSFRAWCISROF-PJQSKVNONA-N,-9.069
HSP90AA1,c_ASN51,mut_s1,detail,1,87,ZJZXSQPHUQUHIV-ZGZFQTMPNA-N,-9.613
HSP90AA1,c_ASN51,mut_s1,detail,1,88,UYHIVPBYFWVWEJ-UHFFFAOYNA-N,-9.82
HSP90AA1,c_ASN51,mut_s1,detail,1,89,PLEFJSUCKRWHBY-LNNLXFCONA-N,-9.501
HSP90AA1,c_ASN51,mut_s1,detail,1,90,DNSRQCRQLKJUCC-PDJAEHLQNA-N,-8.646
HSP90AA1,c_ASN51,mut_s1,detail,1,91,PHYKZCBUNVYJNH-YDBXFXKPNA-N,-8.359
HSP90AA1,c_ASN51,mut_s1,detail,1,92,OOUHZBUAVKCDGA-UHFFFAOYNA-N,-8.8
HSP90AA1,c_ASN51,mut_s1,detail,1,93,UUQDFZFJDFMLHW-UHFFFAOYNA-N,-8.734
HSP90AA1,c_ASN51,mut_s1,detail,1,94,OOUDDHNLDLLUOL-SKKVRFOWNA-N,-9.49
HSP90AA1,c_ASN51,mut_s1,detail,1,95,ZDMQSUAMTLXUTE-MPIMZMORNA-N,-9.355
HSP90AA1,c_ASN51,mut_s1,detail,1,96,NMPLPABDEKPABN-UHFFFAOYNA-N,-8.932
HSP90AA1,c_ASN51,mut_s1,detail,1,97,INZRHGSVWGRHBM-NPVYFSBINA-N,-9.551
HSP90AA1,c_ASN51,mut_s1,detail,1,98,RVGCWMKVTAEQIH-LNNLXFCONA-N,-9.861
HSP90AA1,c_ASN51,mut_s1,detail,1,99,VRXWKRQOVMZBAF-LJQANCHMNA-N,-8.676
HSP90AA1,c_ASN51,mut_s1,detail,1,100,QACLWOIBBYOHQP-UYBDAZJANA-N,-7.83
HSP90AA1,c_ASN51,mut_s1,detail,1,101,ZNXSZVFPCBIELQ-LNNLXFCONA-N,-8.819
HSP90AA1,c_ASN51,mut_s1,detail,1,102,GKMWCCNMKRSQHR-VEKUMTKDNA-N,-9.153
HSP90AA1,c_ASN51,mut_s1,detail,1,103,FFGUSRSMWFYKGK-SKKVRFOWNA-N,-9.875
HSP90AA1,c_ASN51,mut_s1,detail,1,104,KXBDDGKXLZBLOM-SPEPDGBUNA-N,-8.868
HSP90AA1,c_ASN51,mut_s1,detail,1,105,MIUWULAZCXYTJW-MSHHZIMBNA-N,-10.556
HSP90AA1,c_ASN51,mut_s1,detail,1,106,JPZOYWVRFLZCIC-NJNXFGOHNA-N,-10.829
HSP90AA1,c_ASN51,mut_s1,detail,1,107,FAIQTLBYDVKBAB-DVIAZDKANA-N,-9.151
HSP90AA1,c_ASN51,mut_s1,detail,1,108,APFLRZZAOXCNAZ-UHFFFAOYNA-N,-8.398
HSP90AA1,c_ASN51,mut_s1,detail,1,109,BSQLDSQTGOZBFD-UHFFFAOYNA-N,-9.502
HSP90AA1,c_ASN51,mut_s1,detail,1,110,ZVVCFJXCDATSCC-UHFFFAOYNA-N,-9.561
HSP90AA1,c_ASN51,mut_s1,detail,1,111,SKEQTXZATFWVMB-UYBDAZJANA-N,-7.592
HSP90AA1,c_ASN51,mut_s1,detail,1,112,IATWYRHDJKMBQK-MPIMZMORNA-N,-7.618
HSP90AA1,c_ASN51,mut_s1,detail,1,113,JPWOEQDCUZCWKT-MPIMZMORNA-N,-6.963
HSP90AA1,c_ASN51,mut_s1,detail,1,114,RYHSAXRBHDHPPK-PKSOQXRJNA-N,-9.25
HSP90AA1,c_ASN51,mut_s1,detail,1,115,GKKJWUFVZJJFPG-MPIMZMORNA-N,-9.391
HSP90AA1,c_ASN51,mut_s1,detail,1,116,FDNZXFDUCINVLY-BDGWVKIONA-N,-8.45
HSP90AA1,c_ASN51,mut_s1,detail,1,117,KTBYKHKWIFIFAK-UHFFFAOYNA-N,-10.134
HSP90AA1,c_ASN51,mut_s1,detail,1,118,ZRXZEWGUECXTTQ-LQFNOIFHNA-N,-9.891
HSP90AA1,c_ASN51,mut_s1,detail,1,119,XNACBBGLIAJNJM-PECIQRARNA-N,-9.012
HSP90AA1,c_ASN51,mut_s1,detail,1,120,WQZYYJRVBIQUGH-YWZOXAELNA-N,-8.3
HSP90AA1,c_ASN51,mut_s1,detail,1,121,ABMSRNRLDZVJFV-SWUIVHNENA-N,-9.547
HSP90AA1,c_ASN51,mut_s1,detail,1,122,ZEACBIUBSOLEGW-QAITUMOCNA-N,-10.612
HSP90AA1,c_ASN51,mut_s1,detail,1,123,UBFCDXVLKFOOGL-OKPOJWAQNA-N,-9.462
HSP90AA1,c_ASN51,mut_s1,detail,1,124,RRIHVAFUFDANEX-NSJMMFDCNA-N,-8.867
HSP90AA1,c_ASN51,mut_s1,detail,1,125,HASIAUWPWKTSBW-SREBMQDQNA-N,-7.059
HSP90AA1,c_ASN51,mut_s1,detail,1,126,WHBCKYHTCHCHAY-LQFNOIFHNA-N,-8.902
HSP90AA1,c_ASN51,mut_s1,detail,1,127,XMAYWYJOQHXEEK-JYFHCDHNNA-N,-9.469
HSP90AA1,c_ASN51,mut_s1,detail,1,128,TVKCFCZANTZCSU-OYRHEFFENA-N,-9.577
HSP90AA1,c_ASN51,mut_s1,detail,1,129,OJFIIUWPOHBVMH-LNNLXFCONA-N,-6.18
HSP90AA1,c_ASN51,mut_s1,detail,1,130,DKLZMGFTGWKNCD-DIRLUKLVNA-N,-10.604
HSP90AA1,c_ASN51,mut_s1,detail,1,131,PYSLGWZFRQWTDD-PWIKPTQSNA-N,-9.903
HSP90AA1,c_ASN51,mut_s1,detail,1,132,MWMBIUUYBQWKJX-QTUCRYGENA-N,-9.043
HSP90AA1,c_ASN51,mut_s1,detail,1,133,FLYQFCXTEFTSQN-UHFFFAOYNA-N,-8.479
HSP90AA1,c_ASN51,mut_s1,detail,1,134,PBIBDSDWIMZYDT-WBWGZOKWNA-N,-8.87
HSP90AA1,c_ASN51,mut_s1,detail,1,135,GSRWMFGBDLHGBU-YEFLILRRNA-N,-7.69
HSP90AA1,c_ASN51,mut_s1,detail,1,136,AYIJJQHMZAEQKE-QDAGQJSJNA-N,-9.559
HSP90AA1,c_ASN51,mut_s1,detail,1,137,JVWTZUKPDMRNDC-FSAKADSPNA-N,-10.712
HSP90AA1,c_ASN51,mut_s1,detail,1,138,XAZPLOLSRXZDBO-LBZABMTDNA-N,-8.519
HSP90AA1,c_ASN51,mut_s1,detail,1,139,RGWVFJBNHCWCTL-CFEGKOCINA-N,-10.091
HSP90AA1,c_ASN51,mut_s1,detail,1,140,YYWNRQZCPIMCAK-UHFFFAOYNA-N,-10.168
HSP90AA1,c_ASN51,mut_s1,detail,1,141,PBTZDKNKXRSZPM-XBXBPLPCNA-N,-10.234
HSP90AA1,c_ASN51,mut_s1,detail,1,142,QQPOIMHFFPBDQM-LELJVTLKNA-N,-7.952
HSP90AA1,c_ASN51,mut_s1,detail,1,143,NYFQURFFDGCBCB-MAQJPOOANA-N,-7.729
HSP90AA1,c_ASN51,mut_s1,detail,1,144,HXZVHWHABLBWBS-MTTPVDACNA-N,-12.324
HSP90AA1,c_ASN51,mut_s1,detail,1,145,IWYYSOJWYLZKLK-LELJVTLKNA-N,-7.444
HSP90AA1,c_ASN51,mut_s1,detail,1,146,HOGUCNPGZXMBGW-UHFFFAOYNA-N,-9.675
HSP90AA1,c_ASN51,mut_s1,detail,1,147,VITUDJAVASFPKN-DUFUIDNCNA-N,-8.38
HSP90AA1,c_ASN51,mut_s1,detail,1,148,IXAHDCRYEUYPBG-SCXYCHFONA-N,-10.143
HSP90AA1,c_ASN51,mut_s1,detail,1,149,JWHMEKMLAZQDNS-OZMOGHDGNA-N,-7.861
HSP90AA1,c_ASN51,mut_s1,detail,1,150,BZWNBTIJLRHNDZ-LBOYIXSDNA-N,-8.82
HSP90AA1,c_ASN51,mut_s1,detail,1,151,RECYROBESYRUML-UHFFFAOYNA-N,-9.208
HSP90AA1,c_ASN51,mut_s1,detail,1,152,MLDSJJJLQRZNKW-UHBIVWOUNA-N,-10.404
HSP90AA1,c_ASN51,mut_s1,detail,1,153,XTWIHJARHCYNFX-PHXLCVRDNA-N,-9.614
HSP90AA1,c_ASN51,mut_s1,detail,1,154,UQGFETVWTRDGKJ-UHFFFAOYNA-N,-9.472
HSP90AA1,c_ASN51,mut_s1,detail,1,155,VJFSMDWEMFOWDK-CYSPOYASNA-N,-8.385
HSP90AA1,c_ASN51,mut_s1,detail,1,156,NZYLXYBIWNIAGH-CYSPOYASNA-N,-10.15
HSP90AA1,c_ASN51,mut_s1,detail,1,157,ODXCWFOKLBJQNP-MPIMZMORNA-N,-8.601
HSP90AA1,c_ASN51,mut_s1,detail,1,158,FVDNMAPPDSKXKQ-UHFFFAOYNA-N,-10.023
HSP90AA1,c_ASN51,mut_s1,detail,1,159,DOPWMPRIRWTOOD-CCHPKIMANA-N,-8.83
HSP90AA1,c_THR152,mut_s1,detail,1,0,URVMSYHISUZXNH-UYBDAZJANA-N,-8.93
HSP90AA1,c_THR152,mut_s1,detail,1,1,KXRPCFINVWWFHQ-UHFFFAOYNA-N,-5.555
HSP90AA1,c_THR152,mut_s1,detail,1,2,NICJTSHRYBTHAS-YHMJCDSINA-N,-7.877
HSP90AA1,c_THR152,mut_s1,detail,1,3,SWRZVDTZHDWPDS-AWIDAIFANA-N,-8.802
HSP90AA1,c_THR152,mut_s1,detail,1,4,RKNSLLSUFWWYCA-UHFFFAOYNA-N,-8.643
HSP90AA1,c_THR152,mut_s1,detail,1,5,OZFSIKFTRRUDES-RIYZIHGNNA-N,-6.898
HSP90AA1,c_THR152,mut_s1,detail,1,6,AAGGUCRASUJPPN-UHFFFAOYNA-N,-8.689
HSP90AA1,c_THR152,mut_s1,detail,1,7,OYHXDPMAFYHDNG-YAQRNVERNA-N,-7.85
HSP90AA1,c_THR152,mut_s1,detail,1,8,AWILWAIEQYZUEQ-UHFFFAOYNA-N,-7.041
HSP90AA1,c_THR152,mut_s1,detail,1,9,WSFAXHLMQUUHQT-VMPITWQZNA-N,-8.289
HSP90AA1,c_THR152,mut_s1,detail,1,10,WPHMTVNOXKBZKN-UHFFFAOYNA-N,-7.267
HSP90AA1,c_THR152,mut_s1,detail,1,11,LPEIZNODGHDCCW-UHFFFAOYNA-N,-5.838
HSP90AA1,c_THR152,mut_s1,detail,1,12,QQHWWDVSRWOHEP-LILDFLRNNA-N,-8.474
HSP90AA1,c_THR152,mut_s1,detail,1,13,UMEVSSPGBFVQNC-UHFFFAOYNA-N,-6.383
HSP90AA1,c_THR152,mut_s1,detail,1,14,VZDIOEKWWZRNQN-UHFFFAOYNA-N,-10.16
HSP90AA1,c_THR152,mut_s1,detail,1,15,JEVLDOUORFAHRS-NDKGDYFDNA-N,-6.817
HSP90AA1,c_THR152,mut_s1,detail,1,16,NFTGJNJRMWUBPG-GPQMBLKYNA-N,-8.799
HSP90AA1,c_THR152,mut_s1,detail,1,17,UMUUTEZBWGDVDA-UHFFFAOYNA-N,-8.277
HSP90AA1,c_THR152,mut_s1,detail,1,18,VLQKEPLNPGYNDJ-HCKMINDGNA-N,-7.031
HSP90AA1,c_THR152,mut_s1,detail,1,19,PPMVTAATPZLMJM-CDDDEJBQNA-N,-7.858
HSP90AA1,c_THR152,mut_s1,detail,1,20,AHLYFAKLKLMESK-YAQRNVERNA-N,-7.869
HSP90AA1,c_THR152,mut_s1,detail,1,21,GYEJYLAGVWRSIM-KGJHZMDYNA-N,-7.407
HSP90AA1,c_THR152,mut_s1,detail,1,22,RXVALSLAUOIYLW-UHFFFAOYNA-N,-8.505
HSP90AA1,c_THR152,mut_s1,detail,1,23,NSELYIFATLFDOZ-JLGFQASFNA-N,-8.674
HSP90AA1,c_THR152,mut_s1,detail,1,24,COQFBYACOHFCEC-UHFFFAOYNA-N,-8.16
HSP90AA1,c_THR152,mut_s1,detail,1,25,CJGJXFCLDYQBFQ-YJGXKCCXNA-N,-9.166
HSP90AA1,c_THR152,mut_s1,detail,1,26,BWNGRRJLFYHENY-INIZCTEONA-N,-7.583
HSP90AA1,c_THR152,mut_s1,detail,1,27,BNRFXWSJKVJVOF-UYBDAZJANA-N,-9.513
HSP90AA1,c_THR152,mut_s1,detail,1,28,DMULMZBZVBBWBY-PJZINPJWNA-N,-9.296
HSP90AA1,c_THR152,mut_s1,detail,1,29,AXLAIGJGNKHDPO-UHFFFAOYNA-N,-6.168
HSP90AA1,c_THR152,mut_s1,detail,1,30,RKDGAONZEPYEBT-WXRBYKJCNA-N,-7.54
HSP90AA1,c_THR152,mut_s1,detail,1,31,MBOYDUZSCSNUQL-MBBDSNKKNA-N,-8.274
HSP90AA1,c_THR152,mut_s1,detail,1,32,KPVDBHRTXOFQDK-YAQRNVERNA-N,-7.522
HSP90AA1,c_THR152,mut_s1,detail,1,33,LVCNFMYUKISBSB-VJSNTGQMNA-N,-9.212
HSP90AA1,c_THR152,mut_s1,detail,1,34,XLAHCIRKLMJUQC-DZQCGVKKNA-N,-9.013
HSP90AA1,c_THR152,mut_s1,detail,1,35,QNYHDABGLCBJOE-SHHGZXMVNA-N,-8.898
HSP90AA1,c_THR152,mut_s1,detail,1,36,HEKNRISBWSPMOG-OWTLIXCDNA-N,-7.071
HSP90AA1,c_THR152,mut_s1,detail,1,37,VIRNXCRLEVZXNX-LILDFLRNNA-N,-8.902
HSP90AA1,c_THR152,mut_s1,detail,1,38,SRTGERSEXJGDMR-UHFFFAOYNA-N,-8.895
HSP90AA1,c_THR152,mut_s1,detail,1,39,ZGMGSSRLZJYOKH-WXRBYKJCNA-N,-7.308
HSP90AA1,c_THR152,mut_s1,detail,1,40,VGYFDFRFGHHCDA-CUTUCBJDNA-N,-9.018
HSP90AA1,c_THR152,mut_s1,detail,1,41,DILPMLYWQJPNLO-HCKMINDGNA-N,-9.534
HSP90AA1,c_THR152,mut_s1,detail,1,42,RSOODJIGEVJLMK-LQFNOIFHNA-N,-9.502
HSP90AA1,c_THR152,mut_s1,detail,1,43,OWHHWMUAYBIQPR-UHFFFAOYNA-N,-9.378
HSP90AA1,c_THR152,mut_s1,detail,1,44,KPIKMVZJKZDOFC-UHFFFAOYNA-N,-9.64
HSP90AA1,c_THR152,mut_s1,detail,1,45,DIKDKRUREJXLMR-DPMTXJEANA-N,-10.073
HSP90AA1,c_THR152,mut_s1,detail,1,46,QRVJDPKQHAVBDK-UYBDAZJANA-N,-7.24
HSP90AA1,c_THR152,mut_s1,detail,1,47,SGBSFKSDPWOALT-UYBDAZJANA-N,-9.341
HSP90AA1,c_THR152,mut_s1,detail,1,48,CYHFRNFVZWVHCG-OTJKMEOQNA-N,-9.394
HSP90AA1,c_THR152,mut_s1,detail,1,49,MJUDQDHXCQONOA-MPIMZMORNA-N,-9.389
HSP90AA1,c_THR152,mut_s1,detail,1,50,RNVYRNLUUYNQAS-PKSOQXRJNA-N,-8.232
HSP90AA1,c_THR152,mut_s1,detail,1,51,DLZXOZYETDVJEB-QWOVJGMINA-N,-7.948
HSP90AA1,c_THR152,mut_s1,detail,1,52,HSICVZRDGBJSEL-GPQMBLKYNA-N,-8.394
HSP90AA1,c_THR152,mut_s1,detail,1,53,HMRUHHFLIMYEAF-QNGOCPJXNA-N,-8.094
HSP90AA1,c_THR152,mut_s1,detail,1,54,ZZOWQPSBJUXHCA-YSPRVCGUNA-N,-10.438
HSP90AA1,c_THR152,mut_s1,detail,1,55,WDDJLHOUFWSQSV-UHFFFAOYNA-N,-9.833
HSP90AA1,c_THR152,mut_s1,detail,1,56,UKLIIGXGTPSYBF-IBCWCQIKNA-N,-8.339
HSP90AA1,c_THR152,mut_s1,detail,1,57,LNPOBRXJZYGQMS-MOHJPFBDNA-N,-10.115
HSP90AA1,c_THR152,mut_s1,detail,1,58,FYILBFPPKIZBTO-UHFFFAOYNA-N,-8.209
HSP90AA1,c_THR152,mut_s1,detail,1,59,MIKIJFODTJGFDI-LILDFLRNNA-N,-9.101
HSP90AA1,c_THR152,mut_s1,detail,1,60,RUWCNSLWWCWTSU-LILDFLRNNA-N,-9.549
HSP90AA1,c_THR152,mut_s1,detail,1,61,KLQWCHKIQJHYIB-UHFFFAOYNA-N,-9.813
HSP90AA1,c_THR152,mut_s1,detail,1,62,QKAWGENQCGFAOE-NPVYFSBINA-N,-8.565
HSP90AA1,c_THR152,mut_s1,detail,1,63,KGOKCBRZBBEYBE-MMRXBHCZNA-N,-10.376
HSP90AA1,c_THR152,mut_s1,detail,1,64,ROFRXCLSWKEWTN-UHFFFAOYNA-N,-8.269
HSP90AA1,c_THR152,mut_s1,detail,1,65,AKRMJNKLSCBEME-FPYGCLRLNA-N,-8.552
HSP90AA1,c_THR152,mut_s1,detail,1,66,LCGJUJZLLYTYIF-XMFFZCEENA-N,-9.282
HSP90AA1,c_THR152,mut_s1,detail,1,67,FREQNFSEYLEFOI-QRCVEOAVNA-N,-8.729
HSP90AA1,c_THR152,mut_s1,detail,1,68,MHMINAYLMNBGSM-UHFFFAOYNA-N,-7.158
HSP90AA1,c_THR152,mut_s1,detail,1,69,SYMNTBHEGHFZMV-UHFFFAOYNA-N,-8.067
HSP90AA1,c_THR152,mut_s1,detail,1,70,NNCRWGMPCGSKOO-LILDFLRNNA-N,-7.682
HSP90AA1,c_THR152,mut_s1,detail,1,71,ZCRRNCCNJMRGFI-UHFFFAOYNA-N,-9.009
HSP90AA1,c_THR152,mut_s1,detail,1,72,PYVZEIBGEUQNQQ-UHFFFAOYNA-N,-9.407
HSP90AA1,c_THR152,mut_s1,detail,1,73,OROJQWVRCGJACT-XBTAAFKLNA-N,-9.251
HSP90AA1,c_THR152,mut_s1,detail,1,74,TXYUWXKCUDOUGU-JLGFQASFNA-N,-7.508
HSP90AA1,c_THR152,mut_s1,detail,1,75,LAZANALODSEDSE-UHFFFAOYNA-N,-8.209
HSP90AA1,c_THR152,mut_s1,detail,1,76,RJXCYVJLXGRCHK-UHFFFAOYNA-N,-9.474
HSP90AA1,c_THR152,mut_s1,detail,1,77,FUSKIBWHJAWEFI-IEJAXPBYNA-N,-7.9
HSP90AA1,c_THR152,mut_s1,detail,1,78,SGWVLOCBQLQWQV-UHFFFAOYNA-N,-9.221
HSP90AA1,c_THR152,mut_s1,detail,1,79,PPXRQTYXLZCDAZ-QWOVJGMINA-N,-9.158
HSP90AA1,c_THR152,mut_s1,detail,1,80,DIFBADFWLVYFHV-LELJVTLKNA-N,-10.452
HSP90AA1,c_THR152,mut_s1,detail,1,81,XREOSEVJCQGCHE-MHPMNMKGNA-N,-9.671
HSP90AA1,c_THR152,mut_s1,detail,1,82,ZHGPKHBXSKWZEQ-UHFFFAOYNA-N,-8.734
HSP90AA1,c_THR152,mut_s1,detail,1,83,ZFAYPJJNPSNAFK-UHFFFAOYNA-N,-8.997
HSP90AA1,c_THR152,mut_s1,detail,1,84,LTXMRAGWIDQTQT-MYUTVWBTNA-N,-11.217
HSP90AA1,c_THR152,mut_s1,detail,1,85,VXQHYHSSGLOALC-SPEPDGBUNA-N,-9.093
HSP90AA1,c_THR152,mut_s1,detail,1,86,KWDSFRAWCISROF-PJQSKVNONA-N,-8.97
HSP90AA1,c_THR152,mut_s1,detail,1,87,ZJZXSQPHUQUHIV-ZGZFQTMPNA-N,-10.088
HSP90AA1,c_THR152,mut_s1,detail,1,88,UYHIVPBYFWVWEJ-UHFFFAOYNA-N,-9.945
HSP90AA1,c_THR152,mut_s1,detail,1,89,PLEFJSUCKRWHBY-LNNLXFCONA-N,-9.766
HSP90AA1,c_THR152,mut_s1,detail,1,90,DNSRQCRQLKJUCC-PDJAEHLQNA-N,-8.676
HSP90AA1,c_THR152,mut_s1,detail,1,91,PHYKZCBUNVYJNH-YDBXFXKPNA-N,-7.323
HSP90AA1,c_THR152,mut_s1,detail,1,92,OOUHZBUAVKCDGA-UHFFFAOYNA-N,-9.392
HSP90AA1,c_THR152,mut_s1,detail,1,93,UUQDFZFJDFMLHW-UHFFFAOYNA-N,-8.42
HSP90AA1,c_THR152,mut_s1,detail,1,94,OOUDDHNLDLLUOL-SKKVRFOWNA-N,-10.074
HSP90AA1,c_THR152,mut_s1,detail,1,95,ZDMQSUAMTLXUTE-MPIMZMORNA-N,-8.98
HSP90AA1,c_THR152,mut_s1,detail,1,96,NMPLPABDEKPABN-UHFFFAOYNA-N,-8.694
HSP90AA1,c_THR152,mut_s1,detail,1,97,INZRHGSVWGRHBM-NPVYFSBINA-N,-9.469
HSP90AA1,c_THR152,mut_s1,detail,1,98,RVGCWMKVTAEQIH-LNNLXFCONA-N,-9.956
HSP90AA1,c_THR152,mut_s1,detail,1,99,VRXWKRQOVMZBAF-LJQANCHMNA-N,-7.722
HSP90AA1,c_THR152,mut_s1,detail,1,100,QACLWOIBBYOHQP-UYBDAZJANA-N,-8.118
HSP90AA1,c_THR152,mut_s1,detail,1,101,ZNXSZVFPCBIELQ-LNNLXFCONA-N,-8.801
HSP90AA1,c_THR152,mut_s1,detail,1,102,GKMWCCNMKRSQHR-VEKUMTKDNA-N,-9.079
HSP90AA1,c_THR152,mut_s1,detail,1,103,FFGUSRSMWFYKGK-SKKVRFOWNA-N,-10.01
HSP90AA1,c_THR152,mut_s1,detail,1,104,KXBDDGKXLZBLOM-SPEPDGBUNA-N,-9.248
HSP90AA1,c_THR152,mut_s1,detail,1,105,MIUWULAZCXYTJW-MSHHZIMBNA-N,-10.755
HSP90AA1,c_THR152,mut_s1,detail,1,106,JPZOYWVRFLZCIC-NJNXFGOHNA-N,-11.011
HSP90AA1,c_THR152,mut_s1,detail,1,107,FAIQTLBYDVKBAB-DVIAZDKANA-N,-9.332
HSP90AA1,c_THR152,mut_s1,detail,1,108,APFLRZZAOXCNAZ-UHFFFAOYNA-N,-9.135
HSP90AA1,c_THR152,mut_s1,detail,1,109,BSQLDSQTGOZBFD-UHFFFAOYNA-N,-8.646
HSP90AA1,c_THR152,mut_s1,detail,1,110,ZVVCFJXCDATSCC-UHFFFAOYNA-N,-9.191
HSP90AA1,c_THR152,mut_s1,detail,1,111,SKEQTXZATFWVMB-UYBDAZJANA-N,-7.558
HSP90AA1,c_THR152,mut_s1,detail,1,112,IATWYRHDJKMBQK-MPIMZMORNA-N,-8.829
HSP90AA1,c_THR152,mut_s1,detail,1,113,JPWOEQDCUZCWKT-MPIMZMORNA-N,-8.19
HSP90AA1,c_THR152,mut_s1,detail,1,114,RYHSAXRBHDHPPK-PKSOQXRJNA-N,-9.052
HSP90AA1,c_THR152,mut_s1,detail,1,115,GKKJWUFVZJJFPG-MPIMZMORNA-N,-9.242
HSP90AA1,c_THR152,mut_s1,detail,1,116,FDNZXFDUCINVLY-BDGWVKIONA-N,-8.064
HSP90AA1,c_THR152,mut_s1,detail,1,117,KTBYKHKWIFIFAK-UHFFFAOYNA-N,-10.331
HSP90AA1,c_THR152,mut_s1,detail,1,118,ZRXZEWGUECXTTQ-LQFNOIFHNA-N,-9.95
HSP90AA1,c_THR152,mut_s1,detail,1,119,XNACBBGLIAJNJM-PECIQRARNA-N,-9.305
HSP90AA1,c_THR152,mut_s1,detail,1,120,WQZYYJRVBIQUGH-YWZOXAELNA-N,-8.433
HSP90AA1,c_THR152,mut_s1,detail,1,121,ABMSRNRLDZVJFV-SWUIVHNENA-N,-9.502
HSP90AA1,c_THR152,mut_s1,detail,1,122,ZEACBIUBSOLEGW-QAITUMOCNA-N,-11.102
HSP90AA1,c_THR152,mut_s1,detail,1,123,UBFCDXVLKFOOGL-OKPOJWAQNA-N,-9.785
HSP90AA1,c_THR152,mut_s1,detail,1,124,RRIHVAFUFDANEX-NSJMMFDCNA-N,-8.731
HSP90AA1,c_THR152,mut_s1,detail,1,125,HASIAUWPWKTSBW-SREBMQDQNA-N,-8.408
HSP90AA1,c_THR152,mut_s1,detail,1,126,WHBCKYHTCHCHAY-LQFNOIFHNA-N,-8.413
HSP90AA1,c_THR152,mut_s1,detail,1,127,XMAYWYJOQHXEEK-JYFHCDHNNA-N,-9.37
HSP90AA1,c_THR152,mut_s1,detail,1,128,TVKCFCZANTZCSU-OYRHEFFENA-N,-9.866
HSP90AA1,c_THR152,mut_s1,detail,1,129,OJFIIUWPOHBVMH-LNNLXFCONA-N,-7.977
HSP90AA1,c_THR152,mut_s1,detail,1,130,DKLZMGFTGWKNCD-DIRLUKLVNA-N,-10.434
HSP90AA1,c_THR152,mut_s1,detail,1,131,PYSLGWZFRQWTDD-PWIKPTQSNA-N,-10.671
HSP90AA1,c_THR152,mut_s1,detail,1,132,MWMBIUUYBQWKJX-QTUCRYGENA-N,-7.946
HSP90AA1,c_THR152,mut_s1,detail,1,133,FLYQFCXTEFTSQN-UHFFFAOYNA-N,-9.196
HSP90AA1,c_THR152,mut_s1,detail,1,134,PBIBDSDWIMZYDT-WBWGZOKWNA-N,-9.013
HSP90AA1,c_THR152,mut_s1,detail,1,135,GSRWMFGBDLHGBU-YEFLILRRNA-N,-7.939
HSP90AA1,c_THR152,mut_s1,detail,1,136,AYIJJQHMZAEQKE-QDAGQJSJNA-N,-9.896
HSP90AA1,c_THR152,mut_s1,detail,1,137,JVWTZUKPDMRNDC-FSAKADSPNA-N,-10.92
HSP90AA1,c_THR152,mut_s1,detail,1,138,XAZPLOLSRXZDBO-LBZABMTDNA-N,-8.083
HSP90AA1,c_THR152,mut_s1,detail,1,139,RGWVFJBNHCWCTL-CFEGKOCINA-N,-9.935
HSP90AA1,c_THR152,mut_s1,detail,1,140,YYWNRQZCPIMCAK-UHFFFAOYNA-N,-10.245
HSP90AA1,c_THR152,mut_s1,detail,1,141,PBTZDKNKXRSZPM-XBXBPLPCNA-N,-9.978
HSP90AA1,c_THR152,mut_s1,detail,1,142,QQPOIMHFFPBDQM-LELJVTLKNA-N,-8.327
HSP90AA1,c_THR152,mut_s1,detail,1,143,NYFQURFFDGCBCB-MAQJPOOANA-N,-7.725
HSP90AA1,c_THR152,mut_s1,detail,1,144,HXZVHWHABLBWBS-MTTPVDACNA-N,-11.505
HSP90AA1,c_THR152,mut_s1,detail,1,145,IWYYSOJWYLZKLK-LELJVTLKNA-N,-8.122
HSP90AA1,c_THR152,mut_s1,detail,1,146,HOGUCNPGZXMBGW-UHFFFAOYNA-N,-8.099
HSP90AA1,c_THR152,mut_s1,detail,1,147,VITUDJAVASFPKN-DUFUIDNCNA-N,-9.276
HSP90AA1,c_THR152,mut_s1,detail,1,148,IXAHDCRYEUYPBG-SCXYCHFONA-N,-11.304
HSP90AA1,c_THR152,mut_s1,detail,1,149,JWHMEKMLAZQDNS-OZMOGHDGNA-N,-8.726
HSP90AA1,c_THR152,mut_s1,detail,1,150,BZWNBTIJLRHNDZ-LBOYIXSDNA-N,-8.832
HSP90AA1,c_THR152,mut_s1,detail,1,151,RECYROBESYRUML-UHFFFAOYNA-N,-9.666
HSP90AA1,c_THR152,mut_s1,detail,1,152,MLDSJJJLQRZNKW-UHBIVWOUNA-N,-10.7
HSP90AA1,c_THR152,mut_s1,detail,1,153,XTWIHJARHCYNFX-PHXLCVRDNA-N,-9.346
HSP90AA1,c_THR152,mut_s1,detail,1,154,UQGFETVWTRDGKJ-UHFFFAOYNA-N,-9.819
HSP90AA1,c_THR152,mut_s1,detail,1,155,VJFSMDWEMFOWDK-CYSPOYASNA-N,-9.264
HSP90AA1,c_THR152,mut_s1,detail,1,156,NZYLXYBIWNIAGH-CYSPOYASNA-N,-10.598
HSP90AA1,c_THR152,mut_s1,detail,1,157,ODXCWFOKLBJQNP-MPIMZMORNA-N,-8.733
HSP90AA1,c_THR152,mut_s1,detail,1,158,FVDNMAPPDSKXKQ-UHFFFAOYNA-N,-9.941
HSP90AA1,c_THR152,mut_s1,detail,1,159,DOPWMPRIRWTOOD-CCHPKIMANA-N,-9.262
HSP90AA1,c_TRP162,mut_s1,detail,1,0,URVMSYHISUZXNH-UYBDAZJANA-N,-8.888
HSP90AA1,c_TRP162,mut_s1,detail,1,1,KXRPCFINVWWFHQ-UHFFFAOYNA-N,-5.69
HSP90AA1,c_TRP162,mut_s1,detail,1,2,NICJTSHRYBTHAS-YHMJCDSINA-N,-8.037
HSP90AA1,c_TRP162,mut_s1,detail,1,3,SWRZVDTZHDWPDS-AWIDAIFANA-N,-8.572
HSP90AA1,c_TRP162,mut_s1,detail,1,4,RKNSLLSUFWWYCA-UHFFFAOYNA-N,-9.229
HSP90AA1,c_TRP162,mut_s1,detail,1,5,OZFSIKFTRRUDES-RIYZIHGNNA-N,-7.301
HSP90AA1,c_TRP162,mut_s1,detail,1,6,AAGGUCRASUJPPN-UHFFFAOYNA-N,-8.407
HSP90AA1,c_TRP162,mut_s1,detail,1,7,OYHXDPMAFYHDNG-YAQRNVERNA-N,-7.72
HSP90AA1,c_TRP162,mut_s1,detail,1,8,AWILWAIEQYZUEQ-UHFFFAOYNA-N,-7.718
HSP90AA1,c_TRP162,mut_s1,detail,1,9,WSFAXHLMQUUHQT-VMPITWQZNA-N,-8.278
HSP90AA1,c_TRP162,mut_s1,detail,1,10,WPHMTVNOXKBZKN-UHFFFAOYNA-N,-7.032
HSP90AA1,c_TRP162,mut_s1,detail,1,11,LPEIZNODGHDCCW-UHFFFAOYNA-N,-6.739
HSP90AA1,c_TRP162,mut_s1,detail,1,12,QQHWWDVSRWOHEP-LILDFLRNNA-N,-8.365
HSP90AA1,c_TRP162,mut_s1,detail,1,13,UMEVSSPGBFVQNC-UHFFFAOYNA-N,-6.023
HSP90AA1,c_TRP162,mut_s1,detail,1,14,VZDIOEKWWZRNQN-UHFFFAOYNA-N,-9.653
HSP90AA1,c_TRP162,mut_s1,detail,1,15,JEVLDOUORFAHRS-NDKGDYFDNA-N,-7.796
HSP90AA1,c_TRP162,mut_s1,detail,1,16,NFTGJNJRMWUBPG-GPQMBLKYNA-N,-8.455
HSP90AA1,c_TRP162,mut_s1,detail,1,17,UMUUTEZBWGDVDA-UHFFFAOYNA-N,-7.646
HSP90AA1,c_TRP162,mut_s1,detail,1,18,VLQKEPLNPGYNDJ-HCKMINDGNA-N,-8.402
HSP90AA1,c_TRP162,mut_s1,detail,1,19,PPMVTAATPZLMJM-CDDDEJBQNA-N,-9.055
HSP90AA1,c_TRP162,mut_s1,detail,1,20,AHLYFAKLKLMESK-YAQRNVERNA-N,-7.767
HSP90AA1,c_TRP162,mut_s1,detail,1,21,GYEJYLAGVWRSIM-KGJHZMDYNA-N,-7.236
HSP90AA1,c_TRP162,mut_s1,detail,1,22,RXVALSLAUOIYLW-UHFFFAOYNA-N,-8.338
HSP90AA1,c_TRP162,mut_s1,detail,1,23,NSELYIFATLFDOZ-JLGFQASFNA-N,-9.052
HSP90AA1,c_TRP162,mut_s1,detail,1,24,COQFBYACOHFCEC-UHFFFAOYNA-N,-7.174
HSP90AA1,c_TRP162,mut_s1,detail,1,25,CJGJXFCLDYQBFQ-YJGXKCCXNA-N,-8.412
HSP90AA1,c_TRP162,mut_s1,detail,1,26,BWNGRRJLFYHENY-INIZCTEONA-N,-7.89
HSP90AA1,c_TRP162,mut_s1,detail,1,27,BNRFXWSJKVJVOF-UYBDAZJANA-N,-9.006
HSP90AA1,c_TRP162,mut_s1,detail,1,28,DMULMZBZVBBWBY-PJZINPJWNA-N,-9.247
HSP90AA1,c_TRP162,mut_s1,detail,1,29,AXLAIGJGNKHDPO-UHFFFAOYNA-N,-6.528
HSP90AA1,c_TRP162,mut_s1,detail,1,30,RKDGAONZEPYEBT-WXRBYKJCNA-N,-7.98
HSP90AA1,c_TRP162,mut_s1,detail,1,31,MBOYDUZSCSNUQL-MBBDSNKKNA-N,-8.387
HSP90AA1,c_TRP162,mut_s1,detail,1,32,KPVDBHRTXOFQDK-YAQRNVERNA-N,-7.155
HSP90AA1,c_TRP162,mut_s1,detail,1,33,LVCNFMYUKISBSB-VJSNTGQMNA-N,-8.748
HSP90AA1,c_TRP162,mut_s1,detail,1,34,XLAHCIRKLMJUQC-DZQCGVKKNA-N,-9.734
HSP90AA1,c_TRP162,mut_s1,detail,1,35,QNYHDABGLCBJOE-SHHGZXMVNA-N,-9.076
HSP90AA1,c_TRP162,mut_s1,detail,1,36,HEKNRISBWSPMOG-OWTLIXCDNA-N,-7.112
HSP90AA1,c_TRP162,mut_s1,detail,1,37,VIRNXCRLEVZXNX-LILDFLRNNA-N,-9.277
HSP90AA1,c_TRP162,mut_s1,detail,1,38,SRTGERSEXJGDMR-UHFFFAOYNA-N,-7.985
HSP90AA1,c_TRP162,mut_s1,detail,1,39,ZGMGSSRLZJYOKH-WXRBYKJCNA-N,-7.782
HSP90AA1,c_TRP162,mut_s1,detail,1,40,VGYFDFRFGHHCDA-CUTUCBJDNA-N,-10.01
HSP90AA1,c_TRP162,mut_s1,detail,1,41,DILPMLYWQJPNLO-HCKMINDGNA-N,-9.027
HSP90AA1,c_TRP162,mut_s1,detail,1,42,RSOODJIGEVJLMK-LQFNOIFHNA-N,-10.319
HSP90AA1,c_TRP162,mut_s1,detail,1,43,OWHHWMUAYBIQPR-UHFFFAOYNA-N,-9.431
HSP90AA1,c_TRP162,mut_s1,detail,1,44,KPIKMVZJKZDOFC-UHFFFAOYNA-N,-9.493
HSP90AA1,c_TRP162,mut_s1,detail,1,45,DIKDKRUREJXLMR-DPMTXJEANA-N,-9.441
HSP90AA1,c_TRP162,mut_s1,detail,1,46,QRVJDPKQHAVBDK-UYBDAZJANA-N,-8.215
HSP90AA1,c_TRP162,mut_s1,detail,1,47,SGBSFKSDPWOALT-UYBDAZJANA-N,-9.171
HSP90AA1,c_TRP162,mut_s1,detail,1,48,CYHFRNFVZWVHCG-OTJKMEOQNA-N,-9.459
HSP90AA1,c_TRP162,mut_s1,detail,1,49,MJUDQDHXCQONOA-MPIMZMORNA-N,-9.25
HSP90AA1,c_TRP162,mut_s1,detail,1,50,RNVYRNLUUYNQAS-PKSOQXRJNA-N,-8.225
HSP90AA1,c_TRP162,mut_s1,detail,1,51,DLZXOZYETDVJEB-QWOVJGMINA-N,-7.894
HSP90AA1,c_TRP162,mut_s1,detail,1,52,HSICVZRDGBJSEL-GPQMBLKYNA-N,-8.709
HSP90AA1,c_TRP162,mut_s1,detail,1,53,HMRUHHFLIMYEAF-QNGOCPJXNA-N,-7.296
HSP90AA1,c_TRP162,mut_s1,detail,1,54,ZZOWQPSBJUXHCA-YSPRVCGUNA-N,-9.756
HSP90AA1,c_TRP162,mut_s1,detail,1,55,WDDJLHOUFWSQSV-UHFFFAOYNA-N,-9.794
HSP90AA1,c_TRP162,mut_s1,detail,1,56,UKLIIGXGTPSYBF-IBCWCQIKNA-N,-8.349
HSP90AA1,c_TRP162,mut_s1,detail,1,57,LNPOBRXJZYGQMS-MOHJPFBDNA-N,-9.136
HSP90AA1,c_TRP162,mut_s1,detail,1,58,FYILBFPPKIZBTO-UHFFFAOYNA-N,-8.213
HSP90AA1,c_TRP162,mut_s1,detail,1,59,MIKIJFODTJGFDI-LILDFLRNNA-N,-8.658
HSP90AA1,c_TRP162,mut_s1,detail,1,60,RUWCNSLWWCWTSU-LILDFLRNNA-N,-8.45
HSP90AA1,c_TRP162,mut_s1,detail,1,61,KLQWCHKIQJHYIB-UHFFFAOYNA-N,-9.593
HSP90AA1,c_TRP162,mut_s1,detail,1,62,QKAWGENQCGFAOE-NPVYFSBINA-N,-8.338
HSP90AA1,c_TRP162,mut_s1,detail,1,63,KGOKCBRZBBEYBE-MMRXBHCZNA-N,-10.093
HSP90AA1,c_TRP162,mut_s1,detail,1,64,ROFRXCLSWKEWTN-UHFFFAOYNA-N,-8.208
HSP90AA1,c_TRP162,mut_s1,detail,1,65,AKRMJNKLSCBEME-FPYGCLRLNA-N,-8.49
HSP90AA1,c_TRP162,mut_s1,detail,1,66,LCGJUJZLLYTYIF-XMFFZCEENA-N,-9.493
HSP90AA1,c_TRP162,mut_s1,detail,1,67,FREQNFSEYLEFOI-QRCVEOAVNA-N,-8.618
HSP90AA1,c_TRP162,mut_s1,detail,1,68,MHMINAYLMNBGSM-UHFFFAOYNA-N,-7.066
HSP90AA1,c_TRP162,mut_s1,detail,1,69,SYMNTBHEGHFZMV-UHFFFAOYNA-N,-7.399
HSP90AA1,c_TRP162,mut_s1,detail,1,70,NNCRWGMPCGSKOO-LILDFLRNNA-N,-7.92
HSP90AA1,c_TRP162,mut_s1,detail,1,71,ZCRRNCCNJMRGFI-UHFFFAOYNA-N,-9.117
HSP90AA1,c_TRP162,mut_s1,detail,1,72,PYVZEIBGEUQNQQ-UHFFFAOYNA-N,-10.316
HSP90AA1,c_TRP162,mut_s1,detail,1,73,OROJQWVRCGJACT-XBTAAFKLNA-N,-9.843
HSP90AA1,c_TRP162,mut_s1,detail,1,74,TXYUWXKCUDOUGU-JLGFQASFNA-N,-7.428
HSP90AA1,c_TRP162,mut_s1,detail,1,75,LAZANALODSEDSE-UHFFFAOYNA-N,-8.791
HSP90AA1,c_TRP162,mut_s1,detail,1,76,RJXCYVJLXGRCHK-UHFFFAOYNA-N,-8.776
HSP90AA1,c_TRP162,mut_s1,detail,1,77,FUSKIBWHJAWEFI-IEJAXPBYNA-N,-9.033
HSP90AA1,c_TRP162,mut_s1,detail,1,78,SGWVLOCBQLQWQV-UHFFFAOYNA-N,-8.261
HSP90AA1,c_TRP162,mut_s1,detail,1,79,PPXRQTYXLZCDAZ-QWOVJGMINA-N,-9.101
HSP90AA1,c_TRP162,mut_s1,detail,1,80,DIFBADFWLVYFHV-LELJVTLKNA-N,-9.32
HSP90AA1,c_TRP162,mut_s1,detail,1,81,XREOSEVJCQGCHE-MHPMNMKGNA-N,-10.255
HSP90AA1,c_TRP162,mut_s1,detail,1,82,ZHGPKHBXSKWZEQ-UHFFFAOYNA-N,-9.068
HSP90AA1,c_TRP162,mut_s1,detail,1,83,ZFAYPJJNPSNAFK-UHFFFAOYNA-N,-8.689
HSP90AA1,c_TRP162,mut_s1,detail,1,84,LTXMRAGWIDQTQT-MYUTVWBTNA-N,-10.157
HSP90AA1,c_TRP162,mut_s1,detail,1,85,VXQHYHSSGLOALC-SPEPDGBUNA-N,-9.287
HSP90AA1,c_TRP162,mut_s1,detail,1,86,KWDSFRAWCISROF-PJQSKVNONA-N,-9.686
HSP90AA1,c_TRP162,mut_s1,detail,1,87,ZJZXSQPHUQUHIV-ZGZFQTMPNA-N,-11.056
HSP90AA1,c_TRP162,mut_s1,detail,1,88,UYHIVPBYFWVWEJ-UHFFFAOYNA-N,-9.805
HSP90AA1,c_TRP162,mut_s1,detail,1,89,PLEFJSUCKRWHBY-LNNLXFCONA-N,-9.895
HSP90AA1,c_TRP162,mut_s1,detail,1,90,DNSRQCRQLKJUCC-PDJAEHLQNA-N,-9.569
HSP90AA1,c_TRP162,mut_s1,detail,1,91,PHYKZCBUNVYJNH-YDBXFXKPNA-N,-7.812
HSP90AA1,c_TRP162,mut_s1,detail,1,92,OOUHZBUAVKCDGA-UHFFFAOYNA-N,-9.006
HSP90AA1,c_TRP162,mut_s1,detail,1,93,UUQDFZFJDFMLHW-UHFFFAOYNA-N,-8.663
HSP90AA1,c_TRP162,mut_s1,detail,1,94,OOUDDHNLDLLUOL-SKKVRFOWNA-N,-10.363
HSP90AA1,c_TRP162,mut_s1,detail,1,95,ZDMQSUAMTLXUTE-MPIMZMORNA-N,-9.958
HSP90AA1,c_TRP162,mut_s1,detail,1,96,NMPLPABDEKPABN-UHFFFAOYNA-N,-8.952
HSP90AA1,c_TRP162,mut_s1,detail,1,97,INZRHGSVWGRHBM-NPVYFSBINA-N,-9.692
HSP90AA1,c_TRP162,mut_s1,detail,1,98,RVGCWMKVTAEQIH-LNNLXFCONA-N,-10.092
HSP90AA1,c_TRP162,mut_s1,detail,1,99,VRXWKRQOVMZBAF-LJQANCHMNA-N,-7.404
HSP90AA1,c_TRP162,mut_s1,detail,1,100,QACLWOIBBYOHQP-UYBDAZJANA-N,-8.404
HSP90AA1,c_TRP162,mut_s1,detail,1,101,ZNXSZVFPCBIELQ-LNNLXFCONA-N,-8.546
HSP90AA1,c_TRP162,mut_s1,detail,1,102,GKMWCCNMKRSQHR-VEKUMTKDNA-N,-9.677
HSP90AA1,c_TRP162,mut_s1,detail,1,103,FFGUSRSMWFYKGK-SKKVRFOWNA-N,-10.955
HSP90AA1,c_TRP162,mut_s1,detail,1,104,KXBDDGKXLZBLOM-SPEPDGBUNA-N,-9.233
HSP90AA1,c_TRP162,mut_s1,detail,1,105,MIUWULAZCXYTJW-MSHHZIMBNA-N,-10.589
HSP90AA1,c_TRP162,mut_s1,detail,1,106,JPZOYWVRFLZCIC-NJNXFGOHNA-N,-10.726
HSP90AA1,c_TRP162,mut_s1,detail,1,107,FAIQTLBYDVKBAB-DVIAZDKANA-N,-9.46
HSP90AA1,c_TRP162,mut_s1,detail,1,108,APFLRZZAOXCNAZ-UHFFFAOYNA-N,-9.506
HSP90AA1,c_TRP162,mut_s1,detail,1,109,BSQLDSQTGOZBFD-UHFFFAOYNA-N,-9.159
HSP90AA1,c_TRP162,mut_s1,detail,1,110,ZVVCFJXCDATSCC-UHFFFAOYNA-N,-10.161
HSP90AA1,c_TRP162,mut_s1,detail,1,111,SKEQTXZATFWVMB-UYBDAZJANA-N,-8.38
HSP90AA1,c_TRP162,mut_s1,detail,1,112,IATWYRHDJKMBQK-MPIMZMORNA-N,-8.416
HSP90AA1,c_TRP162,mut_s1,detail,1,113,JPWOEQDCUZCWKT-MPIMZMORNA-N,-6.983
HSP90AA1,c_TRP162,mut_s1,detail,1,114,RYHSAXRBHDHPPK-PKSOQXRJNA-N,-9.091
HSP90AA1,c_TRP162,mut_s1,detail,1,115,GKKJWUFVZJJFPG-MPIMZMORNA-N,-9.158
HSP90AA1,c_TRP162,mut_s1,detail,1,116,FDNZXFDUCINVLY-BDGWVKIONA-N,-8.459
HSP90AA1,c_TRP162,mut_s1,detail,1,117,KTBYKHKWIFIFAK-UHFFFAOYNA-N,-9.958
HSP90AA1,c_TRP162,mut_s1,detail,1,118,ZRXZEWGUECXTTQ-LQFNOIFHNA-N,-10.289
HSP90AA1,c_TRP162,mut_s1,detail,1,119,XNACBBGLIAJNJM-PECIQRARNA-N,-8.818
HSP90AA1,c_TRP162,mut_s1,detail,1,120,WQZYYJRVBIQUGH-YWZOXAELNA-N,-8.593
HSP90AA1,c_TRP162,mut_s1,detail,1,121,ABMSRNRLDZVJFV-SWUIVHNENA-N,-9.337
HSP90AA1,c_TRP162,mut_s1,detail,1,122,ZEACBIUBSOLEGW-QAITUMOCNA-N,-11.829
HSP90AA1,c_TRP162,mut_s1,detail,1,123,UBFCDXVLKFOOGL-OKPOJWAQNA-N,-9.152
HSP90AA1,c_TRP162,mut_s1,detail,1,124,RRIHVAFUFDANEX-NSJMMFDCNA-N,-8.578
HSP90AA1,c_TRP162,mut_s1,detail,1,125,HASIAUWPWKTSBW-SREBMQDQNA-N,-8.178
HSP90AA1,c_TRP162,mut_s1,detail,1,126,WHBCKYHTCHCHAY-LQFNOIFHNA-N,-9.885
HSP90AA1,c_TRP162,mut_s1,detail,1,127,XMAYWYJOQHXEEK-JYFHCDHNNA-N,-8.85
HSP90AA1,c_TRP162,mut_s1,detail,1,128,TVKCFCZANTZCSU-OYRHEFFENA-N,-10.552
HSP90AA1,c_TRP162,mut_s1,detail,1,129,OJFIIUWPOHBVMH-LNNLXFCONA-N,-7.592
HSP90AA1,c_TRP162,mut_s1,detail,1,130,DKLZMGFTGWKNCD-DIRLUKLVNA-N,-9.768
HSP90AA1,c_TRP162,mut_s1,detail,1,131,PYSLGWZFRQWTDD-PWIKPTQSNA-N,-10.099
HSP90AA1,c_TRP162,mut_s1,detail,1,132,MWMBIUUYBQWKJX-QTUCRYGENA-N,-7.504
HSP90AA1,c_TRP162,mut_s1,detail,1,133,FLYQFCXTEFTSQN-UHFFFAOYNA-N,-8.447
HSP90AA1,c_TRP162,mut_s1,detail,1,134,PBIBDSDWIMZYDT-WBWGZOKWNA-N,-9.13
HSP90AA1,c_TRP162,mut_s1,detail,1,135,GSRWMFGBDLHGBU-YEFLILRRNA-N,-8.856
HSP90AA1,c_TRP162,mut_s1,detail,1,136,AYIJJQHMZAEQKE-QDAGQJSJNA-N,-9.488
HSP90AA1,c_TRP162,mut_s1,detail,1,137,JVWTZUKPDMRNDC-FSAKADSPNA-N,-10.306
HSP90AA1,c_TRP162,mut_s1,detail,1,138,XAZPLOLSRXZDBO-LBZABMTDNA-N,-7.795
HSP90AA1,c_TRP162,mut_s1,detail,1,139,RGWVFJBNHCWCTL-CFEGKOCINA-N,-9.412
HSP90AA1,c_TRP162,mut_s1,detail,1,140,YYWNRQZCPIMCAK-UHFFFAOYNA-N,-9.355
HSP90AA1,c_TRP162,mut_s1,detail,1,141,PBTZDKNKXRSZPM-XBXBPLPCNA-N,-10.278
HSP90AA1,c_TRP162,mut_s1,detail,1,142,QQPOIMHFFPBDQM-LELJVTLKNA-N,-7.941
HSP90AA1,c_TRP162,mut_s1,detail,1,143,NYFQURFFDGCBCB-MAQJPOOANA-N,-7.918
HSP90AA1,c_TRP162,mut_s1,detail,1,144,HXZVHWHABLBWBS-MTTPVDACNA-N,-11.497
HSP90AA1,c_TRP162,mut_s1,detail,1,145,IWYYSOJWYLZKLK-LELJVTLKNA-N,-10.323
HSP90AA1,c_TRP162,mut_s1,detail,1,146,HOGUCNPGZXMBGW-UHFFFAOYNA-N,-8.764
HSP90AA1,c_TRP162,mut_s1,detail,1,147,VITUDJAVASFPKN-DUFUIDNCNA-N,-9.049
HSP90AA1,c_TRP162,mut_s1,detail,1,148,IXAHDCRYEUYPBG-SCXYCHFONA-N,-11.805
HSP90AA1,c_TRP162,mut_s1,detail,1,149,JWHMEKMLAZQDNS-OZMOGHDGNA-N,-8.661
HSP90AA1,c_TRP162,mut_s1,detail,1,150,BZWNBTIJLRHNDZ-LBOYIXSDNA-N,-10.101
HSP90AA1,c_TRP162,mut_s1,detail,1,151,RECYROBESYRUML-UHFFFAOYNA-N,-11.174
HSP90AA1,c_TRP162,mut_s1,detail,1,152,MLDSJJJLQRZNKW-UHBIVWOUNA-N,-11.825
HSP90AA1,c_TRP162,mut_s1,detail,1,153,XTWIHJARHCYNFX-PHXLCVRDNA-N,-9.174
HSP90AA1,c_TRP162,mut_s1,detail,1,154,UQGFETVWTRDGKJ-UHFFFAOYNA-N,-9.059
HSP90AA1,c_TRP162,mut_s1,detail,1,155,VJFSMDWEMFOWDK-CYSPOYASNA-N,-8.821
HSP90AA1,c_TRP162,mut_s1,detail,1,156,NZYLXYBIWNIAGH-CYSPOYASNA-N,-9.974
HSP90AA1,c_TRP162,mut_s1,detail,1,157,ODXCWFOKLBJQNP-MPIMZMORNA-N,-8.669
HSP90AA1,c_TRP162,mut_s1,detail,1,158,FVDNMAPPDSKXKQ-UHFFFAOYNA-N,-10.734
HSP90AA1,c_TRP162,mut_s1,detail,1,159,DOPWMPRIRWTOOD-CCHPKIMANA-N,-9.372
HSP90AA1,c_LEU48,mut_s1,detail,1,0,URVMSYHISUZXNH-UYBDAZJANA-N,-8.929
HSP90AA1,c_LEU48,mut_s1,detail,1,1,KXRPCFINVWWFHQ-UHFFFAOYNA-N,-5.414
HSP90AA1,c_LEU48,mut_s1,detail,1,2,NICJTSHRYBTHAS-YHMJCDSINA-N,-7.952
HSP90AA1,c_LEU48,mut_s1,detail,1,3,SWRZVDTZHDWPDS-AWIDAIFANA-N,-8.544
HSP90AA1,c_LEU48,mut_s1,detail,1,4,RKNSLLSUFWWYCA-UHFFFAOYNA-N,-8.694
HSP90AA1,c_LEU48,mut_s1,detail,1,5,OZFSIKFTRRUDES-RIYZIHGNNA-N,-7.004
HSP90AA1,c_LEU48,mut_s1,detail,1,6,AAGGUCRASUJPPN-UHFFFAOYNA-N,-8.494
HSP90AA1,c_LEU48,mut_s1,detail,1,7,OYHXDPMAFYHDNG-YAQRNVERNA-N,-7.88
HSP90AA1,c_LEU48,mut_s1,detail,1,8,AWILWAIEQYZUEQ-UHFFFAOYNA-N,-7.643
HSP90AA1,c_LEU48,mut_s1,detail,1,9,WSFAXHLMQUUHQT-VMPITWQZNA-N,-7.907
HSP90AA1,c_LEU48,mut_s1,detail,1,10,WPHMTVNOXKBZKN-UHFFFAOYNA-N,-7.267
HSP90AA1,c_LEU48,mut_s1,detail,1,11,LPEIZNODGHDCCW-UHFFFAOYNA-N,-5.525
HSP90AA1,c_LEU48,mut_s1,detail,1,12,QQHWWDVSRWOHEP-LILDFLRNNA-N,-8.452
HSP90AA1,c_LEU48,mut_s1,detail,1,13,UMEVSSPGBFVQNC-UHFFFAOYNA-N,-6.433
HSP90AA1,c_LEU48,mut_s1,detail,1,14,VZDIOEKWWZRNQN-UHFFFAOYNA-N,-10.024
HSP90AA1,c_LEU48,mut_s1,detail,1,15,JEVLDOUORFAHRS-NDKGDYFDNA-N,-6.585
HSP90AA1,c_LEU48,mut_s1,detail,1,16,NFTGJNJRMWUBPG-GPQMBLKYNA-N,-8.989
HSP90AA1,c_LEU48,mut_s1,detail,1,17,UMUUTEZBWGDVDA-UHFFFAOYNA-N,-8.245
HSP90AA1,c_LEU48,mut_s1,detail,1,18,VLQKEPLNPGYNDJ-HCKMINDGNA-N,-7.198
HSP90AA1,c_LEU48,mut_s1,detail,1,19,PPMVTAATPZLMJM-CDDDEJBQNA-N,-8.083
HSP90AA1,c_LEU48,mut_s1,detail,1,20,AHLYFAKLKLMESK-YAQRNVERNA-N,-7.87
HSP90AA1,c_LEU48,mut_s1,detail,1,21,GYEJYLAGVWRSIM-KGJHZMDYNA-N,-7.32
HSP90AA1,c_LEU48,mut_s1,detail,1,22,RXVALSLAUOIYLW-UHFFFAOYNA-N,-7.815
HSP90AA1,c_LEU48,mut_s1,detail,1,23,NSELYIFATLFDOZ-JLGFQASFNA-N,-8.259
HSP90AA1,c_LEU48,mut_s1,detail,1,24,COQFBYACOHFCEC-UHFFFAOYNA-N,-7.29
HSP90AA1,c_LEU48,mut_s1,detail,1,25,CJGJXFCLDYQBFQ-YJGXKCCXNA-N,-9.042
HSP90AA1,c_LEU48,mut_s1,detail,1,26,BWNGRRJLFYHENY-INIZCTEONA-N,-7.547
HSP90AA1,c_LEU48,mut_s1,detail,1,27,BNRFXWSJKVJVOF-UYBDAZJANA-N,-9.994
HSP90AA1,c_LEU48,mut_s1,detail,1,28,DMULMZBZVBBWBY-PJZINPJWNA-N,-9.287
HSP90AA1,c_LEU48,mut_s1,detail,1,29,AXLAIGJGNKHDPO-UHFFFAOYNA-N,-5.572
HSP90AA1,c_LEU48,mut_s1,detail,1,30,RKDGAONZEPYEBT-WXRBYKJCNA-N,-7.483
HSP90AA1,c_LEU48,mut_s1,detail,1,31,MBOYDUZSCSNUQL-MBBDSNKKNA-N,-8.282
HSP90AA1,c_LEU48,mut_s1,detail,1,32,KPVDBHRTXOFQDK-YAQRNVERNA-N,-7.512
HSP90AA1,c_LEU48,mut_s1,detail,1,33,LVCNFMYUKISBSB-VJSNTGQMNA-N,-8.997
HSP90AA1,c_LEU48,mut_s1,detail,1,34,XLAHCIRKLMJUQC-DZQCGVKKNA-N,-9.803
HSP90AA1,c_LEU48,mut_s1,detail,1,35,QNYHDABGLCBJOE-SHHGZXMVNA-N,-9.002
HSP90AA1,c_LEU48,mut_s1,detail,1,36,HEKNRISBWSPMOG-OWTLIXCDNA-N,-7.068
HSP90AA1,c_LEU48,mut_s1,detail,1,37,VIRNXCRLEVZXNX-LILDFLRNNA-N,-8.894
HSP90AA1,c_LEU48,mut_s1,detail,1,38,SRTGERSEXJGDMR-UHFFFAOYNA-N,-8.882
HSP90AA1,c_LEU48,mut_s1,detail,1,39,ZGMGSSRLZJYOKH-WXRBYKJCNA-N,-7.56
HSP90AA1,c_LEU48,mut_s1,detail,1,40,VGYFDFRFGHHCDA-CUTUCBJDNA-N,-8.994
HSP90AA1,c_LEU48,mut_s1,detail,1,41,DILPMLYWQJPNLO-HCKMINDGNA-N,-9.374
HSP90AA1,c_LEU48,mut_s1,detail,1,42,RSOODJIGEVJLMK-LQFNOIFHNA-N,-9.491
HSP90AA1,c_LEU48,mut_s1,detail,1,43,OWHHWMUAYBIQPR-UHFFFAOYNA-N,-9.217
HSP90AA1,c_LEU48,mut_s1,detail,1,44,KPIKMVZJKZDOFC-UHFFFAOYNA-N,-9.706
HSP90AA1,c_LEU48,mut_s1,detail,1,45,DIKDKRUREJXLMR-DPMTXJEANA-N,-9.914
HSP90AA1,c_LEU48,mut_s1,detail,1,46,QRVJDPKQHAVBDK-UYBDAZJANA-N,-7.11
HSP90AA1,c_LEU48,mut_s1,detail,1,47,SGBSFKSDPWOALT-UYBDAZJANA-N,-8.892
HSP90AA1,c_LEU48,mut_s1,detail,1,48,CYHFRNFVZWVHCG-OTJKMEOQNA-N,-9.528
HSP90AA1,c_LEU48,mut_s1,detail,1,49,MJUDQDHXCQONOA-MPIMZMORNA-N,-9.324
HSP90AA1,c_LEU48,mut_s1,detail,1,50,RNVYRNLUUYNQAS-PKSOQXRJNA-N,-8.439
HSP90AA1,c_LEU48,mut_s1,detail,1,51,DLZXOZYETDVJEB-QWOVJGMINA-N,-7.844
HSP90AA1,c_LEU48,mut_s1,detail,1,52,HSICVZRDGBJSEL-GPQMBLKYNA-N,-8.363
HSP90AA1,c_LEU48,mut_s1,detail,1,53,HMRUHHFLIMYEAF-QNGOCPJXNA-N,-8.165
HSP90AA1,c_LEU48,mut_s1,detail,1,54,ZZOWQPSBJUXHCA-YSPRVCGUNA-N,-10.487
HSP90AA1,c_LEU48,mut_s1,detail,1,55,WDDJLHOUFWSQSV-UHFFFAOYNA-N,-9.774
HSP90AA1,c_LEU48,mut_s1,detail,1,56,UKLIIGXGTPSYBF-IBCWCQIKNA-N,-8.349
HSP90AA1,c_LEU48,mut_s1,detail,1,57,LNPOBRXJZYGQMS-MOHJPFBDNA-N,-9.328
HSP90AA1,c_LEU48,mut_s1,detail,1,58,FYILBFPPKIZBTO-UHFFFAOYNA-N,-7.923
HSP90AA1,c_LEU48,mut_s1,detail,1,59,MIKIJFODTJGFDI-LILDFLRNNA-N,-8.838
HSP90AA1,c_LEU48,mut_s1,detail,1,60,RUWCNSLWWCWTSU-LILDFLRNNA-N,-9.574
HSP90AA1,c_LEU48,mut_s1,detail,1,61,KLQWCHKIQJHYIB-UHFFFAOYNA-N,-9.764
HSP90AA1,c_LEU48,mut_s1,detail,1,62,QKAWGENQCGFAOE-NPVYFSBINA-N,-8.571
HSP90AA1,c_LEU48,mut_s1,detail,1,63,KGOKCBRZBBEYBE-MMRXBHCZNA-N,-10.214
HSP90AA1,c_LEU48,mut_s1,detail,1,64,ROFRXCLSWKEWTN-UHFFFAOYNA-N,-8.223
HSP90AA1,c_LEU48,mut_s1,detail,1,65,AKRMJNKLSCBEME-FPYGCLRLNA-N,-8.431
HSP90AA1,c_LEU48,mut_s1,detail,1,66,LCGJUJZLLYTYIF-XMFFZCEENA-N,-9.039
HSP90AA1,c_LEU48,mut_s1,detail,1,67,FREQNFSEYLEFOI-QRCVEOAVNA-N,-8.555
HSP90AA1,c_LEU48,mut_s1,detail,1,68,MHMINAYLMNBGSM-UHFFFAOYNA-N,-6.947
HSP90AA1,c_LEU48,mut_s1,detail,1,69,SYMNTBHEGHFZMV-UHFFFAOYNA-N,-8.374
HSP90AA1,c_LEU48,mut_s1,detail,1,70,NNCRWGMPCGSKOO-LILDFLRNNA-N,-7.745
HSP90AA1,c_LEU48,mut_s1,detail,1,71,ZCRRNCCNJMRGFI-UHFFFAOYNA-N,-8.71
HSP90AA1,c_LEU48,mut_s1,detail,1,72,PYVZEIBGEUQNQQ-UHFFFAOYNA-N,-9.458
HSP90AA1,c_LEU48,mut_s1,detail,1,73,OROJQWVRCGJACT-XBTAAFKLNA-N,-9.124
HSP90AA1,c_LEU48,mut_s1,detail,1,74,TXYUWXKCUDOUGU-JLGFQASFNA-N,-7.526
HSP90AA1,c_LEU48,mut_s1,detail,1,75,LAZANALODSEDSE-UHFFFAOYNA-N,-8.192
HSP90AA1,c_LEU48,mut_s1,detail,1,76,RJXCYVJLXGRCHK-UHFFFAOYNA-N,-9.541
HSP90AA1,c_LEU48,mut_s1,detail,1,77,FUSKIBWHJAWEFI-IEJAXPBYNA-N,-8.084
HSP90AA1,c_LEU48,mut_s1,detail,1,78,SGWVLOCBQLQWQV-UHFFFAOYNA-N,-8.375
HSP90AA1,c_LEU48,mut_s1,detail,1,79,PPXRQTYXLZCDAZ-QWOVJGMINA-N,-9.436
HSP90AA1,c_LEU48,mut_s1,detail,1,80,DIFBADFWLVYFHV-LELJVTLKNA-N,-9.757
HSP90AA1,c_LEU48,mut_s1,detail,1,81,XREOSEVJCQGCHE-MHPMNMKGNA-N,-9.603
HSP90AA1,c_LEU48,mut_s1,detail,1,82,ZHGPKHBXSKWZEQ-UHFFFAOYNA-N,-8.562
HSP90AA1,c_LEU48,mut_s1,detail,1,83,ZFAYPJJNPSNAFK-UHFFFAOYNA-N,-8.95
HSP90AA1,c_LEU48,mut_s1,detail,1,84,LTXMRAGWIDQTQT-MYUTVWBTNA-N,-11.5
HSP90AA1,c_LEU48,mut_s1,detail,1,85,VXQHYHSSGLOALC-SPEPDGBUNA-N,-8.736
HSP90AA1,c_LEU48,mut_s1,detail,1,86,KWDSFRAWCISROF-PJQSKVNONA-N,-8.828
HSP90AA1,c_LEU48,mut_s1,detail,1,87,ZJZXSQPHUQUHIV-ZGZFQTMPNA-N,-10.068
HSP90AA1,c_LEU48,mut_s1,detail,1,88,UYHIVPBYFWVWEJ-UHFFFAOYNA-N,-9.996
HSP90AA1,c_LEU48,mut_s1,detail,1,89,PLEFJSUCKRWHBY-LNNLXFCONA-N,-9.777
HSP90AA1,c_LEU48,mut_s1,detail,1,90,DNSRQCRQLKJUCC-PDJAEHLQNA-N,-8.823
HSP90AA1,c_LEU48,mut_s1,detail,1,91,PHYKZCBUNVYJNH-YDBXFXKPNA-N,-6.964
HSP90AA1,c_LEU48,mut_s1,detail,1,92,OOUHZBUAVKCDGA-UHFFFAOYNA-N,-9.312
HSP90AA1,c_LEU48,mut_s1,detail,1,93,UUQDFZFJDFMLHW-UHFFFAOYNA-N,-8.651
HSP90AA1,c_LEU48,mut_s1,detail,1,94,OOUDDHNLDLLUOL-SKKVRFOWNA-N,-9.798
HSP90AA1,c_LEU48,mut_s1,detail,1,95,ZDMQSUAMTLXUTE-MPIMZMORNA-N,-8.986
HSP90AA1,c_LEU48,mut_s1,detail,1,96,NMPLPABDEKPABN-UHFFFAOYNA-N,-8.74
HSP90AA1,c_LEU48,mut_s1,detail,1,97,INZRHGSVWGRHBM-NPVYFSBINA-N,-9.446
HSP90AA1,c_LEU48,mut_s1,detail,1,98,RVGCWMKVTAEQIH-LNNLXFCONA-N,-9.77
HSP90AA1,c_LEU48,mut_s1,detail,1,99,VRXWKRQOVMZBAF-LJQANCHMNA-N,-8.695
HSP90AA1,c_LEU48,mut_s1,detail,1,100,QACLWOIBBYOHQP-UYBDAZJANA-N,-8.841
HSP90AA1,c_LEU48,mut_s1,detail,1,101,ZNXSZVFPCBIELQ-LNNLXFCONA-N,-8.094
HSP90AA1,c_LEU48,mut_s1,detail,1,102,GKMWCCNMKRSQHR-VEKUMTKDNA-N,-9.153
HSP90AA1,c_LEU48,mut_s1,detail,1,103,FFGUSRSMWFYKGK-SKKVRFOWNA-N,-9.715
HSP90AA1,c_LEU48,mut_s1,detail,1,104,KXBDDGKXLZBLOM-SPEPDGBUNA-N,-9.255
HSP90AA1,c_LEU48,mut_s1,detail,1,105,MIUWULAZCXYTJW-MSHHZIMBNA-N,-10.762
HSP90AA1,c_LEU48,mut_s1,detail,1,106,JPZOYWVRFLZCIC-NJNXFGOHNA-N,-11.022
HSP90AA1,c_LEU48,mut_s1,detail,1,107,FAIQTLBYDVKBAB-DVIAZDKANA-N,-8.978
HSP90AA1,c_LEU48,mut_s1,detail,1,108,APFLRZZAOXCNAZ-UHFFFAOYNA-N,-9.182
HSP90AA1,c_LEU48,mut_s1,detail,1,109,BSQLDSQTGOZBFD-UHFFFAOYNA-N,-8.806
HSP90AA1,c_LEU48,mut_s1,detail,1,110,ZVVCFJXCDATSCC-UHFFFAOYNA-N,-9.019
HSP90AA1,c_LEU48,mut_s1,detail,1,111,SKEQTXZATFWVMB-UYBDAZJANA-N,-8.036
HSP90AA1,c_LEU48,mut_s1,detail,1,112,IATWYRHDJKMBQK-MPIMZMORNA-N,-9.058
HSP90AA1,c_LEU48,mut_s1,detail,1,113,JPWOEQDCUZCWKT-MPIMZMORNA-N,-8.16
HSP90AA1,c_LEU48,mut_s1,detail,1,114,RYHSAXRBHDHPPK-PKSOQXRJNA-N,-9.334
HSP90AA1,c_LEU48,mut_s1,detail,1,115,GKKJWUFVZJJFPG-MPIMZMORNA-N,-8.835
HSP90AA1,c_LEU48,mut_s1,detail,1,116,FDNZXFDUCINVLY-BDGWVKIONA-N,-8.381
HSP90AA1,c_LEU48,mut_s1,detail,1,117,KTBYKHKWIFIFAK-UHFFFAOYNA-N,-10.285
HSP90AA1,c_LEU48,mut_s1,detail,1,118,ZRXZEWGUECXTTQ-LQFNOIFHNA-N,-10.248
HSP90AA1,c_LEU48,mut_s1,detail,1,119,XNACBBGLIAJNJM-PECIQRARNA-N,-8.723
HSP90AA1,c_LEU48,mut_s1,detail,1,120,WQZYYJRVBIQUGH-YWZOXAELNA-N,-8.299
HSP90AA1,c_LEU48,mut_s1,detail,1,121,ABMSRNRLDZVJFV-SWUIVHNENA-N,-9.173
HSP90AA1,c_LEU48,mut_s1,detail,1,122,ZEACBIUBSOLEGW-QAITUMOCNA-N,-10.994
HSP90AA1,c_LEU48,mut_s1,detail,1,123,UBFCDXVLKFOOGL-OKPOJWAQNA-N,-9.877
HSP90AA1,c_LEU48,mut_s1,detail,1,124,RRIHVAFUFDANEX-NSJMMFDCNA-N,-8.756
HSP90AA1,c_LEU48,mut_s1,detail,1,125,HASIAUWPWKTSBW-SREBMQDQNA-N,-7.409
HSP90AA1,c_LEU48,mut_s1,detail,1,126,WHBCKYHTCHCHAY-LQFNOIFHNA-N,-7.678
HSP90AA1,c_LEU48,mut_s1,detail,1,127,XMAYWYJOQHXEEK-JYFHCDHNNA-N,-9.62
HSP90AA1,c_LEU48,mut_s1,detail,1,128,TVKCFCZANTZCSU-OYRHEFFENA-N,-10.024
HSP90AA1,c_LEU48,mut_s1,detail,1,129,OJFIIUWPOHBVMH-LNNLXFCONA-N,-7.819
HSP90AA1,c_LEU48,mut_s1,detail,1,130,DKLZMGFTGWKNCD-DIRLUKLVNA-N,-10.496
HSP90AA1,c_LEU48,mut_s1,detail,1,131,PYSLGWZFRQWTDD-PWIKPTQSNA-N,-10.36
HSP90AA1,c_LEU48,mut_s1,detail,1,132,MWMBIUUYBQWKJX-QTUCRYGENA-N,-7.526
HSP90AA1,c_LEU48,mut_s1,detail,1,133,FLYQFCXTEFTSQN-UHFFFAOYNA-N,-9.406
HSP90AA1,c_LEU48,mut_s1,detail,1,134,PBIBDSDWIMZYDT-WBWGZOKWNA-N,-9.065
HSP90AA1,c_LEU48,mut_s1,detail,1,135,GSRWMFGBDLHGBU-YEFLILRRNA-N,-7.04
HSP90AA1,c_LEU48,mut_s1,detail,1,136,AYIJJQHMZAEQKE-QDAGQJSJNA-N,-9.614
HSP90AA1,c_LEU48,mut_s1,detail,1,137,JVWTZUKPDMRNDC-FSAKADSPNA-N,-10.474
HSP90AA1,c_LEU48,mut_s1,detail,1,138,XAZPLOLSRXZDBO-LBZABMTDNA-N,-7.845
HSP90AA1,c_LEU48,mut_s1,detail,1,139,RGWVFJBNHCWCTL-CFEGKOCINA-N,-9.271
HSP90AA1,c_LEU48,mut_s1,detail,1,140,YYWNRQZCPIMCAK-UHFFFAOYNA-N,-10.886
HSP90AA1,c_LEU48,mut_s1,detail,1,141,PBTZDKNKXRSZPM-XBXBPLPCNA-N,-9.873
HSP90AA1,c_LEU48,mut_s1,detail,1,142,QQPOIMHFFPBDQM-LELJVTLKNA-N,-8.161
HSP90AA1,c_LEU48,mut_s1,detail,1,143,NYFQURFFDGCBCB-MAQJPOOANA-N,-7.935
HSP90AA1,c_LEU48,mut_s1,detail,1,144,HXZVHWHABLBWBS-MTTPVDACNA-N,-11.863
HSP90AA1,c_LEU48,mut_s1,detail,1,145,IWYYSOJWYLZKLK-LELJVTLKNA-N,-7.694
HSP90AA1,c_LEU48,mut_s1,detail,1,146,HOGUCNPGZXMBGW-UHFFFAOYNA-N,-8.317
HSP90AA1,c_LEU48,mut_s1,detail,1,147,VITUDJAVASFPKN-DUFUIDNCNA-N,-9.426
HSP90AA1,c_LEU48,mut_s1,detail,1,148,IXAHDCRYEUYPBG-SCXYCHFONA-N,-12.254
HSP90AA1,c_LEU48,mut_s1,detail,1,149,JWHMEKMLAZQDNS-OZMOGHDGNA-N,-8.78
HSP90AA1,c_LEU48,mut_s1,detail,1,150,BZWNBTIJLRHNDZ-LBOYIXSDNA-N,-9.444
HSP90AA1,c_LEU48,mut_s1,detail,1,151,RECYROBESYRUML-UHFFFAOYNA-N,-9.521
HSP90AA1,c_LEU48,mut_s1,detail,1,152,MLDSJJJLQRZNKW-UHBIVWOUNA-N,-10.546
HSP90AA1,c_LEU48,mut_s1,detail,1,153,XTWIHJARHCYNFX-PHXLCVRDNA-N,-9.646
HSP90AA1,c_LEU48,mut_s1,detail,1,154,UQGFETVWTRDGKJ-UHFFFAOYNA-N,-9.368
HSP90AA1,c_LEU48,mut_s1,detail,1,155,VJFSMDWEMFOWDK-CYSPOYASNA-N,-9.355
HSP90AA1,c_LEU48,mut_s1,detail,1,156,NZYLXYBIWNIAGH-CYSPOYASNA-N,-10.579
HSP90AA1,c_LEU48,mut_s1,detail,1,157,ODXCWFOKLBJQNP-MPIMZMORNA-N,-9.026
HSP90AA1,c_LEU48,mut_s1,detail,1,158,FVDNMAPPDSKXKQ-UHFFFAOYNA-N,-10.124
HSP90AA1,c_LEU48,mut_s1,detail,1,159,DOPWMPRIRWTOOD-CCHPKIMANA-N,-9.626
HSP90AA1,c_ASP93,mut_s1,detail,1,0,URVMSYHISUZXNH-UYBDAZJANA-N,-9.467
HSP90AA1,c_ASP93,mut_s1,detail,1,1,KXRPCFINVWWFHQ-UHFFFAOYNA-N,-5.505
HSP90AA1,c_ASP93,mut_s1,detail,1,2,NICJTSHRYBTHAS-YHMJCDSINA-N,-7.556
HSP90AA1,c_ASP93,mut_s1,detail,1,3,SWRZVDTZHDWPDS-AWIDAIFANA-N,-8.45
HSP90AA1,c_ASP93,mut_s1,detail,1,4,RKNSLLSUFWWYCA-UHFFFAOYNA-N,-8.887
HSP90AA1,c_ASP93,mut_s1,detail,1,5,OZFSIKFTRRUDES-RIYZIHGNNA-N,-7.067
HSP90AA1,c_ASP93,mut_s1,detail,1,6,AAGGUCRASUJPPN-UHFFFAOYNA-N,-8.799
HSP90AA1,c_ASP93,mut_s1,detail,1,7,OYHXDPMAFYHDNG-YAQRNVERNA-N,-7.868
HSP90AA1,c_ASP93,mut_s1,detail,1,8,AWILWAIEQYZUEQ-UHFFFAOYNA-N,-7.289
HSP90AA1,c_ASP93,mut_s1,detail,1,9,WSFAXHLMQUUHQT-VMPITWQZNA-N,-8.326
HSP90AA1,c_ASP93,mut_s1,detail,1,10,WPHMTVNOXKBZKN-UHFFFAOYNA-N,-7.292
HSP90AA1,c_ASP93,mut_s1,detail,1,11,LPEIZNODGHDCCW-UHFFFAOYNA-N,-5.717
HSP90AA1,c_ASP93,mut_s1,detail,1,12,QQHWWDVSRWOHEP-LILDFLRNNA-N,-9.422
HSP90AA1,c_ASP93,mut_s1,detail,1,13,UMEVSSPGBFVQNC-UHFFFAOYNA-N,-6.419
HSP90AA1,c_ASP93,mut_s1,detail,1,14,VZDIOEKWWZRNQN-UHFFFAOYNA-N,-10.199
HSP90AA1,c_ASP93,mut_s1,detail,1,15,JEVLDOUORFAHRS-NDKGDYFDNA-N,-7.083
HSP90AA1,c_ASP93,mut_s1,detail,1,16,NFTGJNJRMWUBPG-GPQMBLKYNA-N,-8.991
HSP90AA1,c_ASP93,mut_s1,detail,1,17,UMUUTEZBWGDVDA-UHFFFAOYNA-N,-8.251
HSP90AA1,c_ASP93,mut_s1,detail,1,18,VLQKEPLNPGYNDJ-HCKMINDGNA-N,-7.409
HSP90AA1,c_ASP93,mut_s1,detail,1,19,PPMVTAATPZLMJM-CDDDEJBQNA-N,-8.01
HSP90AA1,c_ASP93,mut_s1,detail,1,20,AHLYFAKLKLMESK-YAQRNVERNA-N,-7.753
HSP90AA1,c_ASP93,mut_s1,detail,1,21,GYEJYLAGVWRSIM-KGJHZMDYNA-N,-7.534
HSP90AA1,c_ASP93,mut_s1,detail,1,22,RXVALSLAUOIYLW-UHFFFAOYNA-N,-7.823
HSP90AA1,c_ASP93,mut_s1,detail,1,23,NSELYIFATLFDOZ-JLGFQASFNA-N,-8.572
HSP90AA1,c_ASP93,mut_s1,detail,1,24,COQFBYACOHFCEC-UHFFFAOYNA-N,-7.016
HSP90AA1,c_ASP93,mut_s1,detail,1,25,CJGJXFCLDYQBFQ-YJGXKCCXNA-N,-9.155
HSP90AA1,c_ASP93,mut_s1,detail,1,26,BWNGRRJLFYHENY-INIZCTEONA-N,-7.679
HSP90AA1,c_ASP93,mut_s1,detail,1,27,BNRFXWSJKVJVOF-UYBDAZJANA-N,-9.986
HSP90AA1,c_ASP93,mut_s1,detail,1,28,DMULMZBZVBBWBY-PJZINPJWNA-N,-9.339
HSP90AA1,c_ASP93,mut_s1,detail,1,29,AXLAIGJGNKHDPO-UHFFFAOYNA-N,-6.129
HSP90AA1,c_ASP93,mut_s1,detail,1,30,RKDGAONZEPYEBT-WXRBYKJCNA-N,-7.195
HSP90AA1,c_ASP93,mut_s1,detail,1,31,MBOYDUZSCSNUQL-MBBDSNKKNA-N,-8.869
HSP90AA1,c_ASP93,mut_s1,detail,1,32,KPVDBHRTXOFQDK-YAQRNVERNA-N,-7.892
HSP90AA1,c_ASP93,mut_s1,detail,1,33,LVCNFMYUKISBSB-VJSNTGQMNA-N,-9.228
HSP90AA1,c_ASP93,mut_s1,detail,1,34,XLAHCIRKLMJUQC-DZQCGVKKNA-N,-9.969
HSP90AA1,c_ASP93,mut_s1,detail,1,35,QNYHDABGLCBJOE-SHHGZXMVNA-N,-9.52
HSP90AA1,c_ASP93,mut_s1,detail,1,36,HEKNRISBWSPMOG-OWTLIXCDNA-N,-6.985
HSP90AA1,c_ASP93,mut_s1,detail,1,37,VIRNXCRLEVZXNX-LILDFLRNNA-N,-8.929
HSP90AA1,c_ASP93,mut_s1,detail,1,38,SRTGERSEXJGDMR-UHFFFAOYNA-N,-8.948
HSP90AA1,c_ASP93,mut_s1,detail,1,39,ZGMGSSRLZJYOKH-WXRBYKJCNA-N,-7.719
HSP90AA1,c_ASP93,mut_s1,detail,1,40,VGYFDFRFGHHCDA-CUTUCBJDNA-N,-8.764
HSP90AA1,c_ASP93,mut_s1,detail,1,41,DILPMLYWQJPNLO-HCKMINDGNA-N,-9.486
HSP90AA1,c_ASP93,mut_s1,detail,1,42,RSOODJIGEVJLMK-LQFNOIFHNA-N,-9.453
HSP90AA1,c_ASP93,mut_s1,detail,1,43,OWHHWMUAYBIQPR-UHFFFAOYNA-N,-8.591
HSP90AA1,c_ASP93,mut_s1,detail,1,44,KPIKMVZJKZDOFC-UHFFFAOYNA-N,-9.683
HSP90AA1,c_ASP93,mut_s1,detail,1,45,DIKDKRUREJXLMR-DPMTXJEANA-N,-9.952
HSP90AA1,c_ASP93,mut_s1,detail,1,46,QRVJDPKQHAVBDK-UYBDAZJANA-N,-7.136
HSP90AA1,c_ASP93,mut_s1,detail,1,47,SGBSFKSDPWOALT-UYBDAZJANA-N,-9.457
HSP90AA1,c_ASP93,mut_s1,detail,1,48,CYHFRNFVZWVHCG-OTJKMEOQNA-N,-9.867
HSP90AA1,c_ASP93,mut_s1,detail,1,49,MJUDQDHXCQONOA-MPIMZMORNA-N,-9.449
HSP90AA1,c_ASP93,mut_s1,detail,1,50,RNVYRNLUUYNQAS-PKSOQXRJNA-N,-8.52
HSP90AA1,c_ASP93,mut_s1,detail,1,51,DLZXOZYETDVJEB-QWOVJGMINA-N,-7.886
HSP90AA1,c_ASP93,mut_s1,detail,1,52,HSICVZRDGBJSEL-GPQMBLKYNA-N,-8.256
HSP90AA1,c_ASP93,mut_s1,detail,1,53,HMRUHHFLIMYEAF-QNGOCPJXNA-N,-7.982
HSP90AA1,c_ASP93,mut_s1,detail,1,54,ZZOWQPSBJUXHCA-YSPRVCGUNA-N,-10.396
HSP90AA1,c_ASP93,mut_s1,detail,1,55,WDDJLHOUFWSQSV-UHFFFAOYNA-N,-10.06
HSP90AA1,c_ASP93,mut_s1,detail,1,56,UKLIIGXGTPSYBF-IBCWCQIKNA-N,-8.383
HSP90AA1,c_ASP93,mut_s1,detail,1,57,LNPOBRXJZYGQMS-MOHJPFBDNA-N,-10.108
HSP90AA1,c_ASP93,mut_s1,detail,1,58,FYILBFPPKIZBTO-UHFFFAOYNA-N,-7.825
HSP90AA1,c_ASP93,mut_s1,detail,1,59,MIKIJFODTJGFDI-LILDFLRNNA-N,-9.122
HSP90AA1,c_ASP93,mut_s1,detail,1,60,RUWCNSLWWCWTSU-LILDFLRNNA-N,-9.977
HSP90AA1,c_ASP93,mut_s1,detail,1,61,KLQWCHKIQJHYIB-UHFFFAOYNA-N,-10.024
HSP90AA1,c_ASP93,mut_s1,detail,1,62,QKAWGENQCGFAOE-NPVYFSBINA-N,-8.836
HSP90AA1,c_ASP93,mut_s1,detail,1,63,KGOKCBRZBBEYBE-MMRXBHCZNA-N,-10.162
HSP90AA1,c_ASP93,mut_s1,detail,1,64,ROFRXCLSWKEWTN-UHFFFAOYNA-N,-7.983
HSP90AA1,c_ASP93,mut_s1,detail,1,65,AKRMJNKLSCBEME-FPYGCLRLNA-N,-8.595
HSP90AA1,c_ASP93,mut_s1,detail,1,66,LCGJUJZLLYTYIF-XMFFZCEENA-N,-9.168
HSP90AA1,c_ASP93,mut_s1,detail,1,67,FREQNFSEYLEFOI-QRCVEOAVNA-N,-8.741
HSP90AA1,c_ASP93,mut_s1,detail,1,68,MHMINAYLMNBGSM-UHFFFAOYNA-N,-7.081
HSP90AA1,c_ASP93,mut_s1,detail,1,69,SYMNTBHEGHFZMV-UHFFFAOYNA-N,-8.302
HSP90AA1,c_ASP93,mut_s1,detail,1,70,NNCRWGMPCGSKOO-LILDFLRNNA-N,-7.694
HSP90AA1,c_ASP93,mut_s1,detail,1,71,ZCRRNCCNJMRGFI-UHFFFAOYNA-N,-8.411
HSP90AA1,c_ASP93,mut_s1,detail,1,72,PYVZEIBGEUQNQQ-UHFFFAOYNA-N,-9.48
HSP90AA1,c_ASP93,mut_s1,detail,1,73,OROJQWVRCGJACT-XBTAAFKLNA-N,-10.484
HSP90AA1,c_ASP93,mut_s1,detail,1,74,TXYUWXKCUDOUGU-JLGFQASFNA-N,-7.439
HSP90AA1,c_ASP93,mut_s1,detail,1,75,LAZANALODSEDSE-UHFFFAOYNA-N,-8.115
HSP90AA1,c_ASP93,mut_s1,detail,1,76,RJXCYVJLXGRCHK-UHFFFAOYNA-N,-9.598
HSP90AA1,c_ASP93,mut_s1,detail,1,77,FUSKIBWHJAWEFI-IEJAXPBYNA-N,-8.871
HSP90AA1,c_ASP93,mut_s1,detail,1,78,SGWVLOCBQLQWQV-UHFFFAOYNA-N,-8.729
HSP90AA1,c_ASP93,mut_s1,detail,1,79,PPXRQTYXLZCDAZ-QWOVJGMINA-N,-9.329
HSP90AA1,c_ASP93,mut_s1,detail,1,80,DIFBADFWLVYFHV-LELJVTLKNA-N,-10.981
HSP90AA1,c_ASP93,mut_s1,detail,1,81,XREOSEVJCQGCHE-MHPMNMKGNA-N,-9.644
HSP90AA1,c_ASP93,mut_s1,detail,1,82,ZHGPKHBXSKWZEQ-UHFFFAOYNA-N,-9.226
HSP90AA1,c_ASP93,mut_s1,detail,1,83,ZFAYPJJNPSNAFK-UHFFFAOYNA-N,-8.986
HSP90AA1,c_ASP93,mut_s1,detail,1,84,LTXMRAGWIDQTQT-MYUTVWBTNA-N,-11.04
HSP90AA1,c_ASP93,mut_s1,detail,1,85,VXQHYHSSGLOALC-SPEPDGBUNA-N,-8.821
HSP90AA1,c_ASP93,mut_s1,detail,1,86,KWDSFRAWCISROF-PJQSKVNONA-N,-9.009
HSP90AA1,c_ASP93,mut_s1,detail,1,87,ZJZXSQPHUQUHIV-ZGZFQTMPNA-N,-10.061
HSP90AA1,c_ASP93,mut_s1,detail,1,88,UYHIVPBYFWVWEJ-UHFFFAOYNA-N,-10.041
HSP90AA1,c_ASP93,mut_s1,detail,1,89,PLEFJSUCKRWHBY-LNNLXFCONA-N,-9.833
HSP90AA1,c_ASP93,mut_s1,detail,1,90,DNSRQCRQLKJUCC-PDJAEHLQNA-N,-8.9
HSP90AA1,c_ASP93,mut_s1,detail,1,91,PHYKZCBUNVYJNH-YDBXFXKPNA-N,-7.474
HSP90AA1,c_ASP93,mut_s1,detail,1,92,OOUHZBUAVKCDGA-UHFFFAOYNA-N,-9.428
HSP90AA1,c_ASP93,mut_s1,detail,1,93,UUQDFZFJDFMLHW-UHFFFAOYNA-N,-8.537
HSP90AA1,c_ASP93,mut_s1,detail,1,94,OOUDDHNLDLLUOL-SKKVRFOWNA-N,-9.904
HSP90AA1,c_ASP93,mut_s1,detail,1,95,ZDMQSUAMTLXUTE-MPIMZMORNA-N,-8.997
HSP90AA1,c_ASP93,mut_s1,detail,1,96,NMPLPABDEKPABN-UHFFFAOYNA-N,-9.209
HSP90AA1,c_ASP93,mut_s1,detail,1,97,INZRHGSVWGRHBM-NPVYFSBINA-N,-9.703
HSP90AA1,c_ASP93,mut_s1,detail,1,98,RVGCWMKVTAEQIH-LNNLXFCONA-N,-9.95
HSP90AA1,c_ASP93,mut_s1,detail,1,99,VRXWKRQOVMZBAF-LJQANCHMNA-N,-7.481
HSP90AA1,c_ASP93,mut_s1,detail,1,100,QACLWOIBBYOHQP-UYBDAZJANA-N,-8.524
HSP90AA1,c_ASP93,mut_s1,detail,1,101,ZNXSZVFPCBIELQ-LNNLXFCONA-N,-7.671
HSP90AA1,c_ASP93,mut_s1,detail,1,102,GKMWCCNMKRSQHR-VEKUMTKDNA-N,-9.081
HSP90AA1,c_ASP93,mut_s1,detail,1,103,FFGUSRSMWFYKGK-SKKVRFOWNA-N,-10.112
HSP90AA1,c_ASP93,mut_s1,detail,1,104,KXBDDGKXLZBLOM-SPEPDGBUNA-N,-9.013
HSP90AA1,c_ASP93,mut_s1,detail,1,105,MIUWULAZCXYTJW-MSHHZIMBNA-N,-10.868
HSP90AA1,c_ASP93,mut_s1,detail,1,106,JPZOYWVRFLZCIC-NJNXFGOHNA-N,-10.934
HSP90AA1,c_ASP93,mut_s1,detail,1,107,FAIQTLBYDVKBAB-DVIAZDKANA-N,-9.144
HSP90AA1,c_ASP93,mut_s1,detail,1,108,APFLRZZAOXCNAZ-UHFFFAOYNA-N,-8.908
HSP90AA1,c_ASP93,mut_s1,detail,1,109,BSQLDSQTGOZBFD-UHFFFAOYNA-N,-9.538
HSP90AA1,c_ASP93,mut_s1,detail,1,110,ZVVCFJXCDATSCC-UHFFFAOYNA-N,-9.203
HSP90AA1,c_ASP93,mut_s1,detail,1,111,SKEQTXZATFWVMB-UYBDAZJANA-N,-8.895
HSP90AA1,c_ASP93,mut_s1,detail,1,112,IATWYRHDJKMBQK-MPIMZMORNA-N,-8.065
HSP90AA1,c_ASP93,mut_s1,detail,1,113,JPWOEQDCUZCWKT-MPIMZMORNA-N,-7.157
HSP90AA1,c_ASP93,mut_s1,detail,1,114,RYHSAXRBHDHPPK-PKSOQXRJNA-N,-9.908
HSP90AA1,c_ASP93,mut_s1,detail,1,115,GKKJWUFVZJJFPG-MPIMZMORNA-N,-8.995
HSP90AA1,c_ASP93,mut_s1,detail,1,116,FDNZXFDUCINVLY-BDGWVKIONA-N,-9.19
HSP90AA1,c_ASP93,mut_s1,detail,1,117,KTBYKHKWIFIFAK-UHFFFAOYNA-N,-10.251
HSP90AA1,c_ASP93,mut_s1,detail,1,118,ZRXZEWGUECXTTQ-LQFNOIFHNA-N,-9.946
HSP90AA1,c_ASP93,mut_s1,detail,1,119,XNACBBGLIAJNJM-PECIQRARNA-N,-9.336
HSP90AA1,c_ASP93,mut_s1,detail,1,120,WQZYYJRVBIQUGH-YWZOXAELNA-N,-7.66
HSP90AA1,c_ASP93,mut_s1,detail,1,121,ABMSRNRLDZVJFV-SWUIVHNENA-N,-9.486
HSP90AA1,c_ASP93,mut_s1,detail,1,122,ZEACBIUBSOLEGW-QAITUMOCNA-N,-11.169
HSP90AA1,c_ASP93,mut_s1,detail,1,123,UBFCDXVLKFOOGL-OKPOJWAQNA-N,-10.071
HSP90AA1,c_ASP93,mut_s1,detail,1,124,RRIHVAFUFDANEX-NSJMMFDCNA-N,-9.186
HSP90AA1,c_ASP93,mut_s1,detail,1,125,HASIAUWPWKTSBW-SREBMQDQNA-N,-8.059
HSP90AA1,c_ASP93,mut_s1,detail,1,126,WHBCKYHTCHCHAY-LQFNOIFHNA-N,-8.496
HSP90AA1,c_ASP93,mut_s1,detail,1,127,XMAYWYJOQHXEEK-JYFHCDHNNA-N,-9.302
HSP90AA1,c_ASP93,mut_s1,detail,1,128,TVKCFCZANTZCSU-OYRHEFFENA-N,-11.071
HSP90AA1,c_ASP93,mut_s1,detail,1,129,OJFIIUWPOHBVMH-LNNLXFCONA-N,-8.202
HSP90AA1,c_ASP93,mut_s1,detail,1,130,DKLZMGFTGWKNCD-DIRLUKLVNA-N,-10.518
HSP90AA1,c_ASP93,mut_s1,detail,1,131,PYSLGWZFRQWTDD-PWIKPTQSNA-N,-10.438
HSP90AA1,c_ASP93,mut_s1,detail,1,132,MWMBIUUYBQWKJX-QTUCRYGENA-N,-9.248
HSP90AA1,c_ASP93,mut_s1,detail,1,133,FLYQFCXTEFTSQN-UHFFFAOYNA-N,-8.434
HSP90AA1,c_ASP93,mut_s1,detail,1,134,PBIBDSDWIMZYDT-WBWGZOKWNA-N,-9.25
HSP90AA1,c_ASP93,mut_s1,detail,1,135,GSRWMFGBDLHGBU-YEFLILRRNA-N,-8.676
HSP90AA1,c_ASP93,mut_s1,detail,1,136,AYIJJQHMZAEQKE-QDAGQJSJNA-N,-9.523
HSP90AA1,c_ASP93,mut_s1,detail,1,137,JVWTZUKPDMRNDC-FSAKADSPNA-N,-11.102
HSP90AA1,c_ASP93,mut_s1,detail,1,138,XAZPLOLSRXZDBO-LBZABMTDNA-N,-8.49
HSP90AA1,c_ASP93,mut_s1,detail,1,139,RGWVFJBNHCWCTL-CFEGKOCINA-N,-8.913
HSP90AA1,c_ASP93,mut_s1,detail,1,140,YYWNRQZCPIMCAK-UHFFFAOYNA-N,-10.466
HSP90AA1,c_ASP93,mut_s1,detail,1,141,PBTZDKNKXRSZPM-XBXBPLPCNA-N,-10.092
HSP90AA1,c_ASP93,mut_s1,detail,1,142,QQPOIMHFFPBDQM-LELJVTLKNA-N,-8.155
HSP90AA1,c_ASP93,mut_s1,detail,1,143,NYFQURFFDGCBCB-MAQJPOOANA-N,-8.123
HSP90AA1,c_ASP93,mut_s1,detail,1,144,HXZVHWHABLBWBS-MTTPVDACNA-N,-11.347
HSP90AA1,c_ASP93,mut_s1,detail,1,145,IWYYSOJWYLZKLK-LELJVTLKNA-N,-7.945
HSP90AA1,c_ASP93,mut_s1,detail,1,146,HOGUCNPGZXMBGW-UHFFFAOYNA-N,-8.457
HSP90AA1,c_ASP93,mut_s1,detail,1,147,VITUDJAVASFPKN-DUFUIDNCNA-N,-9.442
HSP90AA1,c_ASP93,mut_s1,detail,1,148,IXAHDCRYEUYPBG-SCXYCHFONA-N,-11.969
HSP90AA1,c_ASP93,mut_s1,detail,1,149,JWHMEKMLAZQDNS-OZMOGHDGNA-N,-9.538
HSP90AA1,c_ASP93,mut_s1,detail,1,150,BZWNBTIJLRHNDZ-LBOYIXSDNA-N,-8.923
HSP90AA1,c_ASP93,mut_s1,detail,1,151,RECYROBESYRUML-UHFFFAOYNA-N,-9.331
HSP90AA1,c_ASP93,mut_s1,detail,1,152,MLDSJJJLQRZNKW-UHBIVWOUNA-N,-10.759
HSP90AA1,c_ASP93,mut_s1,detail,1,153,XTWIHJARHCYNFX-PHXLCVRDNA-N,-9.159
HSP90AA1,c_ASP93,mut_s1,detail,1,154,UQGFETVWTRDGKJ-UHFFFAOYNA-N,-9.668
HSP90AA1,c_ASP93,mut_s1,detail,1,155,VJFSMDWEMFOWDK-CYSPOYASNA-N,-9.226
HSP90AA1,c_ASP93,mut_s1,detail,1,156,NZYLXYBIWNIAGH-CYSPOYASNA-N,-10.176
HSP90AA1,c_ASP93,mut_s1,detail,1,157,ODXCWFOKLBJQNP-MPIMZMORNA-N,-8.261
HSP90AA1,c_ASP93,mut_s1,detail,1,158,FVDNMAPPDSKXKQ-UHFFFAOYNA-N,-10.176
HSP90AA1,c_ASP93,mut_s1,detail,1,159,DOPWMPRIRWTOOD-CCHPKIMANA-N,-8.728
HSP90AA1,c_ASP102,mut_s1,detail,1,0,URVMSYHISUZXNH-UYBDAZJANA-N,-9.012
HSP90AA1,c_ASP102,mut_s1,detail,1,1,KXRPCFINVWWFHQ-UHFFFAOYNA-N,-5.932
HSP90AA1,c_ASP102,mut_s1,detail,1,2,NICJTSHRYBTHAS-YHMJCDSINA-N,-7.613
HSP90AA1,c_ASP102,mut_s1,detail,1,3,SWRZVDTZHDWPDS-AWIDAIFANA-N,-8.574
HSP90AA1,c_ASP102,mut_s1,detail,1,4,RKNSLLSUFWWYCA-UHFFFAOYNA-N,-8.951
HSP90AA1,c_ASP102,mut_s1,detail,1,5,OZFSIKFTRRUDES-RIYZIHGNNA-N,-7.024
HSP90AA1,c_ASP102,mut_s1,detail,1,6,AAGGUCRASUJPPN-UHFFFAOYNA-N,-8.803
HSP90AA1,c_ASP102,mut_s1,detail,1,7,OYHXDPMAFYHDNG-YAQRNVERNA-N,-7.87
HSP90AA1,c_ASP102,mut_s1,detail,1,8,AWILWAIEQYZUEQ-UHFFFAOYNA-N,-7.905
HSP90AA1,c_ASP102,mut_s1,detail,1,9,WSFAXHLMQUUHQT-VMPITWQZNA-N,-8.418
HSP90AA1,c_ASP102,mut_s1,detail,1,10,WPHMTVNOXKBZKN-UHFFFAOYNA-N,-7.375
HSP90AA1,c_ASP102,mut_s1,detail,1,11,LPEIZNODGHDCCW-UHFFFAOYNA-N,-5.87
HSP90AA1,c_ASP102,mut_s1,detail,1,12,QQHWWDVSRWOHEP-LILDFLRNNA-N,-9.479
HSP90AA1,c_ASP102,mut_s1,detail,1,13,UMEVSSPGBFVQNC-UHFFFAOYNA-N,-6.443
HSP90AA1,c_ASP102,mut_s1,detail,1,14,VZDIOEKWWZRNQN-UHFFFAOYNA-N,-10.206
HSP90AA1,c_ASP102,mut_s1,detail,1,15,JEVLDOUORFAHRS-NDKGDYFDNA-N,-6.811
HSP90AA1,c_ASP102,mut_s1,detail,1,16,NFTGJNJRMWUBPG-GPQMBLKYNA-N,-8.952
HSP90AA1,c_ASP102,mut_s1,detail,1,17,UMUUTEZBWGDVDA-UHFFFAOYNA-N,-8.311
HSP90AA1,c_ASP102,mut_s1,detail,1,18,VLQKEPLNPGYNDJ-HCKMINDGNA-N,-7.241
HSP90AA1,c_ASP102,mut_s1,detail,1,19,PPMVTAATPZLMJM-CDDDEJBQNA-N,-8.043
HSP90AA1,c_ASP102,mut_s1,detail,1,20,AHLYFAKLKLMESK-YAQRNVERNA-N,-7.973
HSP90AA1,c_ASP102,mut_s1,detail,1,21,GYEJYLAGVWRSIM-KGJHZMDYNA-N,-7.422
HSP90AA1,c_ASP102,mut_s1,detail,1,22,RXVALSLAUOIYLW-UHFFFAOYNA-N,-8.153
HSP90AA1,c_ASP102,mut_s1,detail,1,23,NSELYIFATLFDOZ-JLGFQASFNA-N,-8.459
HSP90AA1,c_ASP102,mut_s1,detail,1,24,COQFBYACOHFCEC-UHFFFAOYNA-N,-7.049
HSP90AA1,c_ASP102,mut_s1,detail,1,25,CJGJXFCLDYQBFQ-YJGXKCCXNA-N,-9.098
HSP90AA1,c_ASP102,mut_s1,detail,1,26,BWNGRRJLFYHENY-INIZCTEONA-N,-7.559
HSP90AA1,c_ASP102,mut_s1,detail,1,27,BNRFXWSJKVJVOF-UYBDAZJANA-N,-10.004
HSP90AA1,c_ASP102,mut_s1,detail,1,28,DMULMZBZVBBWBY-PJZINPJWNA-N,-9.31
HSP90AA1,c_ASP102,mut_s1,detail,1,29,AXLAIGJGNKHDPO-UHFFFAOYNA-N,-6.162
HSP90AA1,c_ASP102,mut_s1,detail,1,30,RKDGAONZEPYEBT-WXRBYKJCNA-N,-7.539
HSP90AA1,c_ASP102,mut_s1,detail,1,31,MBOYDUZSCSNUQL-MBBDSNKKNA-N,-8.321
HSP90AA1,c_ASP102,mut_s1,detail,1,32,KPVDBHRTXOFQDK-YAQRNVERNA-N,-7.306
HSP90AA1,c_ASP102,mut_s1,detail,1,33,LVCNFMYUKISBSB-VJSNTGQMNA-N,-9.249
HSP90AA1,c_ASP102,mut_s1,detail,1,34,XLAHCIRKLMJUQC-DZQCGVKKNA-N,-9.155
HSP90AA1,c_ASP102,mut_s1,detail,1,35,QNYHDABGLCBJOE-SHHGZXMVNA-N,-8.768
HSP90AA1,c_ASP102,mut_s1,detail,1,36,HEKNRISBWSPMOG-OWTLIXCDNA-N,-7.078
HSP90AA1,c_ASP102,mut_s1,detail,1,37,VIRNXCRLEVZXNX-LILDFLRNNA-N,-8.923
HSP90AA1,c_ASP102,mut_s1,detail,1,38,SRTGERSEXJGDMR-UHFFFAOYNA-N,-8.707
HSP90AA1,c_ASP102,mut_s1,detail,1,39,ZGMGSSRLZJYOKH-WXRBYKJCNA-N,-7.707
HSP90AA1,c_ASP102,mut_s1,detail,1,40,VGYFDFRFGHHCDA-CUTUCBJDNA-N,-9.107
HSP90AA1,c_ASP102,mut_s1,detail,1,41,DILPMLYWQJPNLO-HCKMINDGNA-N,-9.951
HSP90AA1,c_ASP102,mut_s1,detail,1,42,RSOODJIGEVJLMK-LQFNOIFHNA-N,-9.491
HSP90AA1,c_ASP102,mut_s1,detail,1,43,OWHHWMUAYBIQPR-UHFFFAOYNA-N,-9.367
HSP90AA1,c_ASP102,mut_s1,detail,1,44,KPIKMVZJKZDOFC-UHFFFAOYNA-N,-9.461
HSP90AA1,c_ASP102,mut_s1,detail,1,45,DIKDKRUREJXLMR-DPMTXJEANA-N,-9.992
HSP90AA1,c_ASP102,mut_s1,detail,1,46,QRVJDPKQHAVBDK-UYBDAZJANA-N,-7.295
HSP90AA1,c_ASP102,mut_s1,detail,1,47,SGBSFKSDPWOALT-UYBDAZJANA-N,-9.439
HSP90AA1,c_ASP102,mut_s1,detail,1,48,CYHFRNFVZWVHCG-OTJKMEOQNA-N,-9.734
HSP90AA1,c_ASP102,mut_s1,detail,1,49,MJUDQDHXCQONOA-MPIMZMORNA-N,-8.966
HSP90AA1,c_ASP102,mut_s1,detail,1,50,RNVYRNLUUYNQAS-PKSOQXRJNA-N,-7.93
HSP90AA1,c_ASP102,mut_s1,detail,1,51,DLZXOZYETDVJEB-QWOVJGMINA-N,-8.077
HSP90AA1,c_ASP102,mut_s1,detail,1,52,HSICVZRDGBJSEL-GPQMBLKYNA-N,-8.402
HSP90AA1,c_ASP102,mut_s1,detail,1,53,HMRUHHFLIMYEAF-QNGOCPJXNA-N,-8.2
HSP90AA1,c_ASP102,mut_s1,detail,1,54,ZZOWQPSBJUXHCA-YSPRVCGUNA-N,-10.441
HSP90AA1,c_ASP102,mut_s1,detail,1,55,WDDJLHOUFWSQSV-UHFFFAOYNA-N,-9.802
HSP90AA1,c_ASP102,mut_s1,detail,1,56,UKLIIGXGTPSYBF-IBCWCQIKNA-N,-8.0
HSP90AA1,c_ASP102,mut_s1,detail,1,57,LNPOBRXJZYGQMS-MOHJPFBDNA-N,-9.891
HSP90AA1,c_ASP102,mut_s1,detail,1,58,FYILBFPPKIZBTO-UHFFFAOYNA-N,-8.108
HSP90AA1,c_ASP102,mut_s1,detail,1,59,MIKIJFODTJGFDI-LILDFLRNNA-N,-8.88
HSP90AA1,c_ASP102,mut_s1,detail,1,60,RUWCNSLWWCWTSU-LILDFLRNNA-N,-9.637
HSP90AA1,c_ASP102,mut_s1,detail,1,61,KLQWCHKIQJHYIB-UHFFFAOYNA-N,-10.209
HSP90AA1,c_ASP102,mut_s1,detail,1,62,QKAWGENQCGFAOE-NPVYFSBINA-N,-8.664
HSP90AA1,c_ASP102,mut_s1,detail,1,63,KGOKCBRZBBEYBE-MMRXBHCZNA-N,-10.254
HSP90AA1,c_ASP102,mut_s1,detail,1,64,ROFRXCLSWKEWTN-UHFFFAOYNA-N,-8.321
HSP90AA1,c_ASP102,mut_s1,detail,1,65,AKRMJNKLSCBEME-FPYGCLRLNA-N,-8.487
HSP90AA1,c_ASP102,mut_s1,detail,1,66,LCGJUJZLLYTYIF-XMFFZCEENA-N,-9.164
HSP90AA1,c_ASP102,mut_s1,detail,1,67,FREQNFSEYLEFOI-QRCVEOAVNA-N,-8.836
HSP90AA1,c_ASP102,mut_s1,detail,1,68,MHMINAYLMNBGSM-UHFFFAOYNA-N,-7.065
HSP90AA1,c_ASP102,mut_s1,detail,1,69,SYMNTBHEGHFZMV-UHFFFAOYNA-N,-7.911
HSP90AA1,c_ASP102,mut_s1,detail,1,70,NNCRWGMPCGSKOO-LILDFLRNNA-N,-7.998
HSP90AA1,c_ASP102,mut_s1,detail,1,71,ZCRRNCCNJMRGFI-UHFFFAOYNA-N,-8.484
HSP90AA1,c_ASP102,mut_s1,detail,1,72,PYVZEIBGEUQNQQ-UHFFFAOYNA-N,-9.476
HSP90AA1,c_ASP102,mut_s1,detail,1,73,OROJQWVRCGJACT-XBTAAFKLNA-N,-9.322
HSP90AA1,c_ASP102,mut_s1,detail,1,74,TXYUWXKCUDOUGU-JLGFQASFNA-N,-7.765
HSP90AA1,c_ASP102,mut_s1,detail,1,75,LAZANALODSEDSE-UHFFFAOYNA-N,-8.237
HSP90AA1,c_ASP102,mut_s1,detail,1,76,RJXCYVJLXGRCHK-UHFFFAOYNA-N,-9.54
HSP90AA1,c_ASP102,mut_s1,detail,1,77,FUSKIBWHJAWEFI-IEJAXPBYNA-N,-8.148
HSP90AA1,c_ASP102,mut_s1,detail,1,78,SGWVLOCBQLQWQV-UHFFFAOYNA-N,-9.069
HSP90AA1,c_ASP102,mut_s1,detail,1,79,PPXRQTYXLZCDAZ-QWOVJGMINA-N,-9.109
HSP90AA1,c_ASP102,mut_s1,detail,1,80,DIFBADFWLVYFHV-LELJVTLKNA-N,-10.181
HSP90AA1,c_ASP102,mut_s1,detail,1,81,XREOSEVJCQGCHE-MHPMNMKGNA-N,-9.778
HSP90AA1,c_ASP102,mut_s1,detail,1,82,ZHGPKHBXSKWZEQ-UHFFFAOYNA-N,-8.77
HSP90AA1,c_ASP102,mut_s1,detail,1,83,ZFAYPJJNPSNAFK-UHFFFAOYNA-N,-9.14
HSP90AA1,c_ASP102,mut_s1,detail,1,84,LTXMRAGWIDQTQT-MYUTVWBTNA-N,-10.85
HSP90AA1,c_ASP102,mut_s1,detail,1,85,VXQHYHSSGLOALC-SPEPDGBUNA-N,-8.882
HSP90AA1,c_ASP102,mut_s1,detail,1,86,KWDSFRAWCISROF-PJQSKVNONA-N,-8.838
HSP90AA1,c_ASP102,mut_s1,detail,1,87,ZJZXSQPHUQUHIV-ZGZFQTMPNA-N,-9.916
HSP90AA1,c_ASP102,mut_s1,detail,1,88,UYHIVPBYFWVWEJ-UHFFFAOYNA-N,-9.739
HSP90AA1,c_ASP102,mut_s1,detail,1,89,PLEFJSUCKRWHBY-LNNLXFCONA-N,-9.851
HSP90AA1,c_ASP102,mut_s1,detail,1,90,DNSRQCRQLKJUCC-PDJAEHLQNA-N,-9.259
HSP90AA1,c_ASP102,mut_s1,detail,1,91,PHYKZCBUNVYJNH-YDBXFXKPNA-N,-7.488
HSP90AA1,c_ASP102,mut_s1,detail,1,92,OOUHZBUAVKCDGA-UHFFFAOYNA-N,-9.063
HSP90AA1,c_ASP102,mut_s1,detail,1,93,UUQDFZFJDFMLHW-UHFFFAOYNA-N,-8.068
HSP90AA1,c_ASP102,mut_s1,detail,1,94,OOUDDHNLDLLUOL-SKKVRFOWNA-N,-10.154
HSP90AA1,c_ASP102,mut_s1,detail,1,95,ZDMQSUAMTLXUTE-MPIMZMORNA-N,-8.885
HSP90AA1,c_ASP102,mut_s1,detail,1,96,NMPLPABDEKPABN-UHFFFAOYNA-N,-8.538
HSP90AA1,c_ASP102,mut_s1,detail,1,97,INZRHGSVWGRHBM-NPVYFSBINA-N,-9.699
HSP90AA1,c_ASP102,mut_s1,detail,1,98,RVGCWMKVTAEQIH-LNNLXFCONA-N,-9.94
HSP90AA1,c_ASP102,mut_s1,detail,1,99,VRXWKRQOVMZBAF-LJQANCHMNA-N,-7.908
HSP90AA1,c_ASP102,mut_s1,detail,1,100,QACLWOIBBYOHQP-UYBDAZJANA-N,-8.789
HSP90AA1,c_ASP102,mut_s1,detail,1,101,ZNXSZVFPCBIELQ-LNNLXFCONA-N,-8.344
HSP90AA1,c_ASP102,mut_s1,detail,1,102,GKMWCCNMKRSQHR-VEKUMTKDNA-N,-9.234
HSP90AA1,c_ASP102,mut_s1,detail,1,103,FFGUSRSMWFYKGK-SKKVRFOWNA-N,-9.652
HSP90AA1,c_ASP102,mut_s1,detail,1,104,KXBDDGKXLZBLOM-SPEPDGBUNA-N,-9.293
HSP90AA1,c_ASP102,mut_s1,detail,1,105,MIUWULAZCXYTJW-MSHHZIMBNA-N,-10.358
HSP90AA1,c_ASP102,mut_s1,detail,1,106,JPZOYWVRFLZCIC-NJNXFGOHNA-N,-11.02
HSP90AA1,c_ASP102,mut_s1,detail,1,107,FAIQTLBYDVKBAB-DVIAZDKANA-N,-9.892
HSP90AA1,c_ASP102,mut_s1,detail,1,108,APFLRZZAOXCNAZ-UHFFFAOYNA-N,-8.8
HSP90AA1,c_ASP102,mut_s1,detail,1,109,BSQLDSQTGOZBFD-UHFFFAOYNA-N,-8.616
HSP90AA1,c_ASP102,mut_s1,detail,1,110,ZVVCFJXCDATSCC-UHFFFAOYNA-N,-10.496
HSP90AA1,c_ASP102,mut_s1,detail,1,111,SKEQTXZATFWVMB-UYBDAZJANA-N,-8.069
HSP90AA1,c_ASP102,mut_s1,detail,1,112,IATWYRHDJKMBQK-MPIMZMORNA-N,-8.574
HSP90AA1,c_ASP102,mut_s1,detail,1,113,JPWOEQDCUZCWKT-MPIMZMORNA-N,-8.125
HSP90AA1,c_ASP102,mut_s1,detail,1,114,RYHSAXRBHDHPPK-PKSOQXRJNA-N,-9.157
HSP90AA1,c_ASP102,mut_s1,detail,1,115,GKKJWUFVZJJFPG-MPIMZMORNA-N,-8.803
HSP90AA1,c_ASP102,mut_s1,detail,1,116,FDNZXFDUCINVLY-BDGWVKIONA-N,-8.827
HSP90AA1,c_ASP102,mut_s1,detail,1,117,KTBYKHKWIFIFAK-UHFFFAOYNA-N,-10.279
HSP90AA1,c_ASP102,mut_s1,detail,1,118,ZRXZEWGUECXTTQ-LQFNOIFHNA-N,-10.318
HSP90AA1,c_ASP102,mut_s1,detail,1,119,XNACBBGLIAJNJM-PECIQRARNA-N,-9.158
HSP90AA1,c_ASP102,mut_s1,detail,1,120,WQZYYJRVBIQUGH-YWZOXAELNA-N,-7.887
HSP90AA1,c_ASP102,mut_s1,detail,1,121,ABMSRNRLDZVJFV-SWUIVHNENA-N,-9.489
HSP90AA1,c_ASP102,mut_s1,detail,1,122,ZEACBIUBSOLEGW-QAITUMOCNA-N,-11.241
HSP90AA1,c_ASP102,mut_s1,detail,1,123,UBFCDXVLKFOOGL-OKPOJWAQNA-N,-9.276
HSP90AA1,c_ASP102,mut_s1,detail,1,124,RRIHVAFUFDANEX-NSJMMFDCNA-N,-8.433
HSP90AA1,c_ASP102,mut_s1,detail,1,125,HASIAUWPWKTSBW-SREBMQDQNA-N,-6.814
HSP90AA1,c_ASP102,mut_s1,detail,1,126,WHBCKYHTCHCHAY-LQFNOIFHNA-N,-8.245
HSP90AA1,c_ASP102,mut_s1,detail,1,127,XMAYWYJOQHXEEK-JYFHCDHNNA-N,-9.42
HSP90AA1,c_ASP102,mut_s1,detail,1,128,TVKCFCZANTZCSU-OYRHEFFENA-N,-10.162
HSP90AA1,c_ASP102,mut_s1,detail,1,129,OJFIIUWPOHBVMH-LNNLXFCONA-N,-7.646
HSP90AA1,c_ASP102,mut_s1,detail,1,130,DKLZMGFTGWKNCD-DIRLUKLVNA-N,-10.179
HSP90AA1,c_ASP102,mut_s1,detail,1,131,PYSLGWZFRQWTDD-PWIKPTQSNA-N,-10.092
HSP90AA1,c_ASP102,mut_s1,detail,1,132,MWMBIUUYBQWKJX-QTUCRYGENA-N,-8.587
HSP90AA1,c_ASP102,mut_s1,detail,1,133,FLYQFCXTEFTSQN-UHFFFAOYNA-N,-8.839
HSP90AA1,c_ASP102,mut_s1,detail,1,134,PBIBDSDWIMZYDT-WBWGZOKWNA-N,-10.007
HSP90AA1,c_ASP102,mut_s1,detail,1,135,GSRWMFGBDLHGBU-YEFLILRRNA-N,-7.839
HSP90AA1,c_ASP102,mut_s1,detail,1,136,AYIJJQHMZAEQKE-QDAGQJSJNA-N,-9.145
HSP90AA1,c_ASP102,mut_s1,detail,1,137,JVWTZUKPDMRNDC-FSAKADSPNA-N,-11.133
HSP90AA1,c_ASP102,mut_s1,detail,1,138,XAZPLOLSRXZDBO-LBZABMTDNA-N,-8.195
HSP90AA1,c_ASP102,mut_s1,detail,1,139,RGWVFJBNHCWCTL-CFEGKOCINA-N,-8.938
HSP90AA1,c_ASP102,mut_s1,detail,1,140,YYWNRQZCPIMCAK-UHFFFAOYNA-N,-10.101
HSP90AA1,c_ASP102,mut_s1,detail,1,141,PBTZDKNKXRSZPM-XBXBPLPCNA-N,-10.047
HSP90AA1,c_ASP102,mut_s1,detail,1,142,QQPOIMHFFPBDQM-LELJVTLKNA-N,-8.255
HSP90AA1,c_ASP102,mut_s1,detail,1,143,NYFQURFFDGCBCB-MAQJPOOANA-N,-7.893
HSP90AA1,c_ASP102,mut_s1,detail,1,144,HXZVHWHABLBWBS-MTTPVDACNA-N,-11.864
HSP90AA1,c_ASP102,mut_s1,detail,1,145,IWYYSOJWYLZKLK-LELJVTLKNA-N,-8.227
HSP90AA1,c_ASP102,mut_s1,detail,1,146,HOGUCNPGZXMBGW-UHFFFAOYNA-N,-9.155
HSP90AA1,c_ASP102,mut_s1,detail,1,147,VITUDJAVASFPKN-DUFUIDNCNA-N,-8.885
HSP90AA1,c_ASP102,mut_s1,detail,1,148,IXAHDCRYEUYPBG-SCXYCHFONA-N,-12.209
HSP90AA1,c_ASP102,mut_s1,detail,1,149,JWHMEKMLAZQDNS-OZMOGHDGNA-N,-8.093
HSP90AA1,c_ASP102,mut_s1,detail,1,150,BZWNBTIJLRHNDZ-LBOYIXSDNA-N,-9.297
HSP90AA1,c_ASP102,mut_s1,detail,1,151,RECYROBESYRUML-UHFFFAOYNA-N,-9.195
HSP90AA1,c_ASP102,mut_s1,detail,1,152,MLDSJJJLQRZNKW-UHBIVWOUNA-N,-10.574
HSP90AA1,c_ASP102,mut_s1,detail,1,153,XTWIHJARHCYNFX-PHXLCVRDNA-N,-8.89
HSP90AA1,c_ASP102,mut_s1,detail,1,154,UQGFETVWTRDGKJ-UHFFFAOYNA-N,-9.784
HSP90AA1,c_ASP102,mut_s1,detail,1,155,VJFSMDWEMFOWDK-CYSPOYASNA-N,-8.953
HSP90AA1,c_ASP102,mut_s1,detail,1,156,NZYLXYBIWNIAGH-CYSPOYASNA-N,-10.821
HSP90AA1,c_ASP102,mut_s1,detail,1,157,ODXCWFOKLBJQNP-MPIMZMORNA-N,-8.722
HSP90AA1,c_ASP102,mut_s1,detail,1,158,FVDNMAPPDSKXKQ-UHFFFAOYNA-N,-10.143
HSP90AA1,c_ASP102,mut_s1,detail,1,159,DOPWMPRIRWTOOD-CCHPKIMANA-N,-9.014
HSP90AA1,s_LYS100,mut_s1,detail,1,0,URVMSYHISUZXNH-UYBDAZJANA-N,-8.915
HSP90AA1,s_LYS100,mut_s1,detail,1,1,KXRPCFINVWWFHQ-UHFFFAOYNA-N,-5.245
HSP90AA1,s_LYS100,mut_s1,detail,1,2,NICJTSHRYBTHAS-YHMJCDSINA-N,-7.575
HSP90AA1,s_LYS100,mut_s1,detail,1,3,SWRZVDTZHDWPDS-AWIDAIFANA-N,-8.992
HSP90AA1,s_LYS100,mut_s1,detail,1,4,RKNSLLSUFWWYCA-UHFFFAOYNA-N,-8.889
HSP90AA1,s_LYS100,mut_s1,detail,1,5,OZFSIKFTRRUDES-RIYZIHGNNA-N,-7.026
HSP90AA1,s_LYS100,mut_s1,detail,1,6,AAGGUCRASUJPPN-UHFFFAOYNA-N,-8.803
HSP90AA1,s_LYS100,mut_s1,detail,1,7,OYHXDPMAFYHDNG-YAQRNVERNA-N,-7.824
HSP90AA1,s_LYS100,mut_s1,detail,1,8,AWILWAIEQYZUEQ-UHFFFAOYNA-N,-6.687
HSP90AA1,s_LYS100,mut_s1,detail,1,9,WSFAXHLMQUUHQT-VMPITWQZNA-N,-7.88
HSP90AA1,s_LYS100,mut_s1,detail,1,10,WPHMTVNOXKBZKN-UHFFFAOYNA-N,-7.377
HSP90AA1,s_LYS100,mut_s1,detail,1,11,LPEIZNODGHDCCW-UHFFFAOYNA-N,-5.874
HSP90AA1,s_LYS100,mut_s1,detail,1,12,QQHWWDVSRWOHEP-LILDFLRNNA-N,-8.51
HSP90AA1,s_LYS100,mut_s1,detail,1,13,UMEVSSPGBFVQNC-UHFFFAOYNA-N,-6.444
HSP90AA1,s_LYS100,mut_s1,detail,1,14,VZDIOEKWWZRNQN-UHFFFAOYNA-N,-10.193
HSP90AA1,s_LYS100,mut_s1,detail,1,15,JEVLDOUORFAHRS-NDKGDYFDNA-N,-6.641
HSP90AA1,s_LYS100,mut_s1,detail,1,16,NFTGJNJRMWUBPG-GPQMBLKYNA-N,-8.961
HSP90AA1,s_LYS100,mut_s1,detail,1,17,UMUUTEZBWGDVDA-UHFFFAOYNA-N,-8.3
HSP90AA1,s_LYS100,mut_s1,detail,1,18,VLQKEPLNPGYNDJ-HCKMINDGNA-N,-7.206
HSP90AA1,s_LYS100,mut_s1,detail,1,19,PPMVTAATPZLMJM-CDDDEJBQNA-N,-8.057
HSP90AA1,s_LYS100,mut_s1,detail,1,20,AHLYFAKLKLMESK-YAQRNVERNA-N,-7.948
HSP90AA1,s_LYS100,mut_s1,detail,1,21,GYEJYLAGVWRSIM-KGJHZMDYNA-N,-7.398
HSP90AA1,s_LYS100,mut_s1,detail,1,22,RXVALSLAUOIYLW-UHFFFAOYNA-N,-8.074
HSP90AA1,s_LYS100,mut_s1,detail,1,23,NSELYIFATLFDOZ-JLGFQASFNA-N,-8.354
HSP90AA1,s_LYS100,mut_s1,detail,1,24,COQFBYACOHFCEC-UHFFFAOYNA-N,-8.08
HSP90AA1,s_LYS100,mut_s1,detail,1,25,CJGJXFCLDYQBFQ-YJGXKCCXNA-N,-9.148
HSP90AA1,s_LYS100,mut_s1,detail,1,26,BWNGRRJLFYHENY-INIZCTEONA-N,-7.592
HSP90AA1,s_LYS100,mut_s1,detail,1,27,BNRFXWSJKVJVOF-UYBDAZJANA-N,-9.999
HSP90AA1,s_LYS100,mut_s1,detail,1,28,DMULMZBZVBBWBY-PJZINPJWNA-N,-9.332
HSP90AA1,s_LYS100,mut_s1,detail,1,29,AXLAIGJGNKHDPO-UHFFFAOYNA-N,-6.224
HSP90AA1,s_LYS100,mut_s1,detail,1,30,RKDGAONZEPYEBT-WXRBYKJCNA-N,-7.517
HSP90AA1,s_LYS100,mut_s1,detail,1,31,MBOYDUZSCSNUQL-MBBDSNKKNA-N,-8.455
HSP90AA1,s_LYS100,mut_s1,detail,1,32,KPVDBHRTXOFQDK-YAQRNVERNA-N,-7.225
HSP90AA1,s_LYS100,mut_s1,detail,1,33,LVCNFMYUKISBSB-VJSNTGQMNA-N,-9.026
HSP90AA1,s_LYS100,mut_s1,detail,1,34,XLAHCIRKLMJUQC-DZQCGVKKNA-N,-9.148
HSP90AA1,s_LYS100,mut_s1,detail,1,35,QNYHDABGLCBJOE-SHHGZXMVNA-N,-8.977
HSP90AA1,s_LYS100,mut_s1,detail,1,36,HEKNRISBWSPMOG-OWTLIXCDNA-N,-7.117
HSP90AA1,s_LYS100,mut_s1,detail,1,37,VIRNXCRLEVZXNX-LILDFLRNNA-N,-8.928
HSP90AA1,s_LYS100,mut_s1,detail,1,38,SRTGERSEXJGDMR-UHFFFAOYNA-N,-8.762
HSP90AA1,s_LYS100,mut_s1,detail,1,39,ZGMGSSRLZJYOKH-WXRBYKJCNA-N,-7.622
HSP90AA1,s_LYS100,mut_s1,detail,1,40,VGYFDFRFGHHCDA-CUTUCBJDNA-N,-9.048
HSP90AA1,s_LYS100,mut_s1,detail,1,41,DILPMLYWQJPNLO-HCKMINDGNA-N,-9.468
HSP90AA1,s_LYS100,mut_s1,detail,1,42,RSOODJIGEVJLMK-LQFNOIFHNA-N,-9.508
HSP90AA1,s_LYS100,mut_s1,detail,1,43,OWHHWMUAYBIQPR-UHFFFAOYNA-N,-8.67
HSP90AA1,s_LYS100,mut_s1,detail,1,44,KPIKMVZJKZDOFC-UHFFFAOYNA-N,-9.856
HSP90AA1,s_LYS100,mut_s1,detail,1,45,DIKDKRUREJXLMR-DPMTXJEANA-N,-9.939
HSP90AA1,s_LYS100,mut_s1,detail,1,46,QRVJDPKQHAVBDK-UYBDAZJANA-N,-7.199
HSP90AA1,s_LYS100,mut_s1,detail,1,47,SGBSFKSDPWOALT-UYBDAZJANA-N,-9.308
HSP90AA1,s_LYS100,mut_s1,detail,1,48,CYHFRNFVZWVHCG-OTJKMEOQNA-N,-9.041
HSP90AA1,s_LYS100,mut_s1,detail,1,49,MJUDQDHXCQONOA-MPIMZMORNA-N,-9.446
HSP90AA1,s_LYS100,mut_s1,detail,1,50,RNVYRNLUUYNQAS-PKSOQXRJNA-N,-8.695
HSP90AA1,s_LYS100,mut_s1,detail,1,51,DLZXOZYETDVJEB-QWOVJGMINA-N,-8.095
HSP90AA1,s_LYS100,mut_s1,detail,1,52,HSICVZRDGBJSEL-GPQMBLKYNA-N,-8.352
HSP90AA1,s_LYS100,mut_s1,detail,1,53,HMRUHHFLIMYEAF-QNGOCPJXNA-N,-8.407
HSP90AA1,s_LYS100,mut_s1,detail,1,54,ZZOWQPSBJUXHCA-YSPRVCGUNA-N,-10.467
HSP90AA1,s_LYS100,mut_s1,detail,1,55,WDDJLHOUFWSQSV-UHFFFAOYNA-N,-9.884
HSP90AA1,s_LYS100,mut_s1,detail,1,56,UKLIIGXGTPSYBF-IBCWCQIKNA-N,-8.398
HSP90AA1,s_LYS100,mut_s1,detail,1,57,LNPOBRXJZYGQMS-MOHJPFBDNA-N,-10.149
HSP90AA1,s_LYS100,mut_s1,detail,1,58,FYILBFPPKIZBTO-UHFFFAOYNA-N,-8.139
HSP90AA1,s_LYS100,mut_s1,detail,1,59,MIKIJFODTJGFDI-LILDFLRNNA-N,-9.279
HSP90AA1,s_LYS100,mut_s1,detail,1,60,RUWCNSLWWCWTSU-LILDFLRNNA-N,-9.595
HSP90AA1,s_LYS100,mut_s1,detail,1,61,KLQWCHKIQJHYIB-UHFFFAOYNA-N,-9.98
HSP90AA1,s_LYS100,mut_s1,detail,1,62,QKAWGENQCGFAOE-NPVYFSBINA-N,-8.57
HSP90AA1,s_LYS100,mut_s1,detail,1,63,KGOKCBRZBBEYBE-MMRXBHCZNA-N,-10.166
HSP90AA1,s_LYS100,mut_s1,detail,1,64,ROFRXCLSWKEWTN-UHFFFAOYNA-N,-8.355
HSP90AA1,s_LYS100,mut_s1,detail,1,65,AKRMJNKLSCBEME-FPYGCLRLNA-N,-8.367
HSP90AA1,s_LYS100,mut_s1,detail,1,66,LCGJUJZLLYTYIF-XMFFZCEENA-N,-9.121
HSP90AA1,s_LYS100,mut_s1,detail,1,67,FREQNFSEYLEFOI-QRCVEOAVNA-N,-8.866
HSP90AA1,s_LYS100,mut_s1,detail,1,68,MHMINAYLMNBGSM-UHFFFAOYNA-N,-7.189
HSP90AA1,s_LYS100,mut_s1,detail,1,69,SYMNTBHEGHFZMV-UHFFFAOYNA-N,-7.804
HSP90AA1,s_LYS100,mut_s1,detail,1,70,NNCRWGMPCGSKOO-LILDFLRNNA-N,-7.693
HSP90AA1,s_LYS100,mut_s1,detail,1,71,ZCRRNCCNJMRGFI-UHFFFAOYNA-N,-8.558
HSP90AA1,s_LYS100,mut_s1,detail,1,72,PYVZEIBGEUQNQQ-UHFFFAOYNA-N,-9.494
HSP90AA1,s_LYS100,mut_s1,detail,1,73,OROJQWVRCGJACT-XBTAAFKLNA-N,-9.27
HSP90AA1,s_LYS100,mut_s1,detail,1,74,TXYUWXKCUDOUGU-JLGFQASFNA-N,-7.606
HSP90AA1,s_LYS100,mut_s1,detail,1,75,LAZANALODSEDSE-UHFFFAOYNA-N,-8.204
HSP90AA1,s_LYS100,mut_s1,detail,1,76,RJXCYVJLXGRCHK-UHFFFAOYNA-N,-9.504
HSP90AA1,s_LYS100,mut_s1,detail,1,77,FUSKIBWHJAWEFI-IEJAXPBYNA-N,-8.17
HSP90AA1,s_LYS100,mut_s1,detail,1,78,SGWVLOCBQLQWQV-UHFFFAOYNA-N,-8.415
HSP90AA1,s_LYS100,mut_s1,detail,1,79,PPXRQTYXLZCDAZ-QWOVJGMINA-N,-9.363
HSP90AA1,s_LYS100,mut_s1,detail,1,80,DIFBADFWLVYFHV-LELJVTLKNA-N,-10.451
HSP90AA1,s_LYS100,mut_s1,detail,1,81,XREOSEVJCQGCHE-MHPMNMKGNA-N,-9.746
HSP90AA1,s_LYS100,mut_s1,detail,1,82,ZHGPKHBXSKWZEQ-UHFFFAOYNA-N,-8.798
HSP90AA1,s_LYS100,mut_s1,detail,1,83,ZFAYPJJNPSNAFK-UHFFFAOYNA-N,-9.183
HSP90AA1,s_LYS100,mut_s1,detail,1,84,LTXMRAGWIDQTQT-MYUTVWBTNA-N,-11.007
HSP90AA1,s_LYS100,mut_s1,detail,1,85,VXQHYHSSGLOALC-SPEPDGBUNA-N,-8.725
HSP90AA1,s_LYS100,mut_s1,detail,1,86,KWDSFRAWCISROF-PJQSKVNONA-N,-8.987
HSP90AA1,s_LYS100,mut_s1,detail,1,87,ZJZXSQPHUQUHIV-ZGZFQTMPNA-N,-10.108
HSP90AA1,s_LYS100,mut_s1,detail,1,88,UYHIVPBYFWVWEJ-UHFFFAOYNA-N,-10.064
HSP90AA1,s_LYS100,mut_s1,detail,1,89,PLEFJSUCKRWHBY-LNNLXFCONA-N,-9.802
HSP90AA1,s_LYS100,mut_s1,detail,1,90,DNSRQCRQLKJUCC-PDJAEHLQNA-N,-9.25
HSP90AA1,s_LYS100,mut_s1,detail,1,91,PHYKZCBUNVYJNH-YDBXFXKPNA-N,-6.943
HSP90AA1,s_LYS100,mut_s1,detail,1,92,OOUHZBUAVKCDGA-UHFFFAOYNA-N,-8.758
HSP90AA1,s_LYS100,mut_s1,detail,1,93,UUQDFZFJDFMLHW-UHFFFAOYNA-N,-8.61
HSP90AA1,s_LYS100,mut_s1,detail,1,94,OOUDDHNLDLLUOL-SKKVRFOWNA-N,-9.961
HSP90AA1,s_LYS100,mut_s1,detail,1,95,ZDMQSUAMTLXUTE-MPIMZMORNA-N,-8.824
HSP90AA1,s_LYS100,mut_s1,detail,1,96,NMPLPABDEKPABN-UHFFFAOYNA-N,-9.023
HSP90AA1,s_LYS100,mut_s1,detail,1,97,INZRHGSVWGRHBM-NPVYFSBINA-N,-9.742
HSP90AA1,s_LYS100,mut_s1,detail,1,98,RVGCWMKVTAEQIH-LNNLXFCONA-N,-9.967
HSP90AA1,s_LYS100,mut_s1,detail,1,99,VRXWKRQOVMZBAF-LJQANCHMNA-N,-8.696
HSP90AA1,s_LYS100,mut_s1,detail,1,100,QACLWOIBBYOHQP-UYBDAZJANA-N,-8.17
HSP90AA1,s_LYS100,mut_s1,detail,1,101,ZNXSZVFPCBIELQ-LNNLXFCONA-N,-8.325
HSP90AA1,s_LYS100,mut_s1,detail,1,102,GKMWCCNMKRSQHR-VEKUMTKDNA-N,-9.167
HSP90AA1,s_LYS100,mut_s1,detail,1,103,FFGUSRSMWFYKGK-SKKVRFOWNA-N,-9.52
HSP90AA1,s_LYS100,mut_s1,detail,1,104,KXBDDGKXLZBLOM-SPEPDGBUNA-N,-9.236
HSP90AA1,s_LYS100,mut_s1,detail,1,105,MIUWULAZCXYTJW-MSHHZIMBNA-N,-10.849
HSP90AA1,s_LYS100,mut_s1,detail,1,106,JPZOYWVRFLZCIC-NJNXFGOHNA-N,-11.056
HSP90AA1,s_LYS100,mut_s1,detail,1,107,FAIQTLBYDVKBAB-DVIAZDKANA-N,-9.262
HSP90AA1,s_LYS100,mut_s1,detail,1,108,APFLRZZAOXCNAZ-UHFFFAOYNA-N,-8.539
HSP90AA1,s_LYS100,mut_s1,detail,1,109,BSQLDSQTGOZBFD-UHFFFAOYNA-N,-8.663
HSP90AA1,s_LYS100,mut_s1,detail,1,110,ZVVCFJXCDATSCC-UHFFFAOYNA-N,-9.067
HSP90AA1,s_LYS100,mut_s1,detail,1,111,SKEQTXZATFWVMB-UYBDAZJANA-N,-8.064
HSP90AA1,s_LYS100,mut_s1,detail,1,112,IATWYRHDJKMBQK-MPIMZMORNA-N,-8.246
HSP90AA1,s_LYS100,mut_s1,detail,1,113,JPWOEQDCUZCWKT-MPIMZMORNA-N,-7.165
HSP90AA1,s_LYS100,mut_s1,detail,1,114,RYHSAXRBHDHPPK-PKSOQXRJNA-N,-9.183
HSP90AA1,s_LYS100,mut_s1,detail,1,115,GKKJWUFVZJJFPG-MPIMZMORNA-N,-8.308
HSP90AA1,s_LYS100,mut_s1,detail,1,116,FDNZXFDUCINVLY-BDGWVKIONA-N,-8.642
HSP90AA1,s_LYS100,mut_s1,detail,1,117,KTBYKHKWIFIFAK-UHFFFAOYNA-N,-10.452
HSP90AA1,s_LYS100,mut_s1,detail,1,118,ZRXZEWGUECXTTQ-LQFNOIFHNA-N,-9.976
HSP90AA1,s_LYS100,mut_s1,detail,1,119,XNACBBGLIAJNJM-PECIQRARNA-N,-9.266
HSP90AA1,s_LYS100,mut_s1,detail,1,120,WQZYYJRVBIQUGH-YWZOXAELNA-N,-8.385
HSP90AA1,s_LYS100,mut_s1,detail,1,121,ABMSRNRLDZVJFV-SWUIVHNENA-N,-9.414
HSP90AA1,s_LYS100,mut_s1,detail,1,122,ZEACBIUBSOLEGW-QAITUMOCNA-N,-10.752
HSP90AA1,s_LYS100,mut_s1,detail,1,123,UBFCDXVLKFOOGL-OKPOJWAQNA-N,-8.542
HSP90AA1,s_LYS100,mut_s1,detail,1,124,RRIHVAFUFDANEX-NSJMMFDCNA-N,-8.571
HSP90AA1,s_LYS100,mut_s1,detail,1,125,HASIAUWPWKTSBW-SREBMQDQNA-N,-7.941
HSP90AA1,s_LYS100,mut_s1,detail,1,126,WHBCKYHTCHCHAY-LQFNOIFHNA-N,-7.772
HSP90AA1,s_LYS100,mut_s1,detail,1,127,XMAYWYJOQHXEEK-JYFHCDHNNA-N,-8.642
HSP90AA1,s_LYS100,mut_s1,detail,1,128,TVKCFCZANTZCSU-OYRHEFFENA-N,-9.927
HSP90AA1,s_LYS100,mut_s1,detail,1,129,OJFIIUWPOHBVMH-LNNLXFCONA-N,-7.749
HSP90AA1,s_LYS100,mut_s1,detail,1,130,DKLZMGFTGWKNCD-DIRLUKLVNA-N,-10.443
HSP90AA1,s_LYS100,mut_s1,detail,1,131,PYSLGWZFRQWTDD-PWIKPTQSNA-N,-10.429
HSP90AA1,s_LYS100,mut_s1,detail,1,132,MWMBIUUYBQWKJX-QTUCRYGENA-N,-7.752
HSP90AA1,s_LYS100,mut_s1,detail,1,133,FLYQFCXTEFTSQN-UHFFFAOYNA-N,-9.284
HSP90AA1,s_LYS100,mut_s1,detail,1,134,PBIBDSDWIMZYDT-WBWGZOKWNA-N,-9.131
HSP90AA1,s_LYS100,mut_s1,detail,1,135,GSRWMFGBDLHGBU-YEFLILRRNA-N,-7.967
HSP90AA1,s_LYS100,mut_s1,detail,1,136,AYIJJQHMZAEQKE-QDAGQJSJNA-N,-9.085
HSP90AA1,s_LYS100,mut_s1,detail,1,137,JVWTZUKPDMRNDC-FSAKADSPNA-N,-11.177
HSP90AA1,s_LYS100,mut_s1,detail,1,138,XAZPLOLSRXZDBO-LBZABMTDNA-N,-7.582
HSP90AA1,s_LYS100,mut_s1,detail,1,139,RGWVFJBNHCWCTL-CFEGKOCINA-N,-10.608
HSP90AA1,s_LYS100,mut_s1,detail,1,140,YYWNRQZCPIMCAK-UHFFFAOYNA-N,-10.107
HSP90AA1,s_LYS100,mut_s1,detail,1,141,PBTZDKNKXRSZPM-XBXBPLPCNA-N,-10.426
HSP90AA1,s_LYS100,mut_s1,detail,1,142,QQPOIMHFFPBDQM-LELJVTLKNA-N,-8.26
HSP90AA1,s_LYS100,mut_s1,detail,1,143,NYFQURFFDGCBCB-MAQJPOOANA-N,-7.718
HSP90AA1,s_LYS100,mut_s1,detail,1,144,HXZVHWHABLBWBS-MTTPVDACNA-N,-11.509
HSP90AA1,s_LYS100,mut_s1,detail,1,145,IWYYSOJWYLZKLK-LELJVTLKNA-N,-7.766
HSP90AA1,s_LYS100,mut_s1,detail,1,146,HOGUCNPGZXMBGW-UHFFFAOYNA-N,-8.577
HSP90AA1,s_LYS100,mut_s1,detail,1,147,VITUDJAVASFPKN-DUFUIDNCNA-N,-8.828
HSP90AA1,s_LYS100,mut_s1,detail,1,148,IXAHDCRYEUYPBG-SCXYCHFONA-N,-12.426
HSP90AA1,s_LYS100,mut_s1,detail,1,149,JWHMEKMLAZQDNS-OZMOGHDGNA-N,-8.783
HSP90AA1,s_LYS100,mut_s1,detail,1,150,BZWNBTIJLRHNDZ-LBOYIXSDNA-N,-8.374
HSP90AA1,s_LYS100,mut_s1,detail,1,151,RECYROBESYRUML-UHFFFAOYNA-N,-9.64
HSP90AA1,s_LYS100,mut_s1,detail,1,152,MLDSJJJLQRZNKW-UHBIVWOUNA-N,-10.766
HSP90AA1,s_LYS100,mut_s1,detail,1,153,XTWIHJARHCYNFX-PHXLCVRDNA-N,-8.904
HSP90AA1,s_LYS100,mut_s1,detail,1,154,UQGFETVWTRDGKJ-UHFFFAOYNA-N,-9.792
HSP90AA1,s_LYS100,mut_s1,detail,1,155,VJFSMDWEMFOWDK-CYSPOYASNA-N,-9.207
HSP90AA1,s_LYS100,mut_s1,detail,1,156,NZYLXYBIWNIAGH-CYSPOYASNA-N,-9.539
HSP90AA1,s_LYS100,mut_s1,detail,1,157,ODXCWFOKLBJQNP-MPIMZMORNA-N,-8.515
HSP90AA1,s_LYS100,mut_s1,detail,1,158,FVDNMAPPDSKXKQ-UHFFFAOYNA-N,-10.151
HSP90AA1,s_LYS100,mut_s1,detail,1,159,DOPWMPRIRWTOOD-CCHPKIMANA-N,-8.956
HSP90AA1,s_ASN106,mut_s1,detail,1,0,URVMSYHISUZXNH-UYBDAZJANA-N,-8.939
HSP90AA1,s_ASN106,mut_s1,detail,1,1,KXRPCFINVWWFHQ-UHFFFAOYNA-N,-5.835
HSP90AA1,s_ASN106,mut_s1,detail,1,2,NICJTSHRYBTHAS-YHMJCDSINA-N,-7.642
HSP90AA1,s_ASN106,mut_s1,detail,1,3,SWRZVDTZHDWPDS-AWIDAIFANA-N,-8.783
HSP90AA1,s_ASN106,mut_s1,detail,1,4,RKNSLLSUFWWYCA-UHFFFAOYNA-N,-9.034
HSP90AA1,s_ASN106,mut_s1,detail,1,5,OZFSIKFTRRUDES-RIYZIHGNNA-N,-6.928
HSP90AA1,s_ASN106,mut_s1,detail,1,6,AAGGUCRASUJPPN-UHFFFAOYNA-N,-8.84
HSP90AA1,s_ASN106,mut_s1,detail,1,7,OYHXDPMAFYHDNG-YAQRNVERNA-N,-7.233
HSP90AA1,s_ASN106,mut_s1,detail,1,8,AWILWAIEQYZUEQ-UHFFFAOYNA-N,-8.01
HSP90AA1,s_ASN106,mut_s1,detail,1,9,WSFAXHLMQUUHQT-VMPITWQZNA-N,-8.304
HSP90AA1,s_ASN106,mut_s1,detail,1,10,WPHMTVNOXKBZKN-UHFFFAOYNA-N,-7.433
HSP90AA1,s_ASN106,mut_s1,detail,1,11,LPEIZNODGHDCCW-UHFFFAOYNA-N,-5.934
HSP90AA1,s_ASN106,mut_s1,detail,1,12,QQHWWDVSRWOHEP-LILDFLRNNA-N,-9.482
HSP90AA1,s_ASN106,mut_s1,detail,1,13,UMEVSSPGBFVQNC-UHFFFAOYNA-N,-6.432
HSP90AA1,s_ASN106,mut_s1,detail,1,14,VZDIOEKWWZRNQN-UHFFFAOYNA-N,-10.218
HSP90AA1,s_ASN106,mut_s1,detail,1,15,JEVLDOUORFAHRS-NDKGDYFDNA-N,-6.816
HSP90AA1,s_ASN106,mut_s1,detail,1,16,NFTGJNJRMWUBPG-GPQMBLKYNA-N,-8.914
HSP90AA1,s_ASN106,mut_s1,detail,1,17,UMUUTEZBWGDVDA-UHFFFAOYNA-N,-8.329
HSP90AA1,s_ASN106,mut_s1,detail,1,18,VLQKEPLNPGYNDJ-HCKMINDGNA-N,-7.236
HSP90AA1,s_ASN106,mut_s1,detail,1,19,PPMVTAATPZLMJM-CDDDEJBQNA-N,-8.019
HSP90AA1,s_ASN106,mut_s1,detail,1,20,AHLYFAKLKLMESK-YAQRNVERNA-N,-7.88
HSP90AA1,s_ASN106,mut_s1,detail,1,21,GYEJYLAGVWRSIM-KGJHZMDYNA-N,-7.463
HSP90AA1,s_ASN106,mut_s1,detail,1,22,RXVALSLAUOIYLW-UHFFFAOYNA-N,-7.604
HSP90AA1,s_ASN106,mut_s1,detail,1,23,NSELYIFATLFDOZ-JLGFQASFNA-N,-8.334
HSP90AA1,s_ASN106,mut_s1,detail,1,24,COQFBYACOHFCEC-UHFFFAOYNA-N,-7.152
HSP90AA1,s_ASN106,mut_s1,detail,1,25,CJGJXFCLDYQBFQ-YJGXKCCXNA-N,-9.159
HSP90AA1,s_ASN106,mut_s1,detail,1,26,BWNGRRJLFYHENY-INIZCTEONA-N,-7.548
HSP90AA1,s_ASN106,mut_s1,detail,1,27,BNRFXWSJKVJVOF-UYBDAZJANA-N,-9.786
HSP90AA1,s_ASN106,mut_s1,detail,1,28,DMULMZBZVBBWBY-PJZINPJWNA-N,-9.185
HSP90AA1,s_ASN106,mut_s1,detail,1,29,AXLAIGJGNKHDPO-UHFFFAOYNA-N,-6.119
HSP90AA1,s_ASN106,mut_s1,detail,1,30,RKDGAONZEPYEBT-WXRBYKJCNA-N,-7.545
HSP90AA1,s_ASN106,mut_s1,detail,1,31,MBOYDUZSCSNUQL-MBBDSNKKNA-N,-8.353
HSP90AA1,s_ASN106,mut_s1,detail,1,32,KPVDBHRTXOFQDK-YAQRNVERNA-N,-7.438
HSP90AA1,s_ASN106,mut_s1,detail,1,33,LVCNFMYUKISBSB-VJSNTGQMNA-N,-9.238
HSP90AA1,s_ASN106,mut_s1,detail,1,34,XLAHCIRKLMJUQC-DZQCGVKKNA-N,-9.822
HSP90AA1,s_ASN106,mut_s1,detail,1,35,QNYHDABGLCBJOE-SHHGZXMVNA-N,-8.946
HSP90AA1,s_ASN106,mut_s1,detail,1,36,HEKNRISBWSPMOG-OWTLIXCDNA-N,-7.121
HSP90AA1,s_ASN106,mut_s1,detail,1,37,VIRNXCRLEVZXNX-LILDFLRNNA-N,-9.052
HSP90AA1,s_ASN106,mut_s1,detail,1,38,SRTGERSEXJGDMR-UHFFFAOYNA-N,-8.805
HSP90AA1,s_ASN106,mut_s1,detail,1,39,ZGMGSSRLZJYOKH-WXRBYKJCNA-N,-7.693
HSP90AA1,s_ASN106,mut_s1,detail,1,40,VGYFDFRFGHHCDA-CUTUCBJDNA-N,-9.082
HSP90AA1,s_ASN106,mut_s1,detail,1,41,DILPMLYWQJPNLO-HCKMINDGNA-N,-9.756
HSP90AA1,s_ASN106,mut_s1,detail,1,42,RSOODJIGEVJLMK-LQFNOIFHNA-N,-9.524
HSP90AA1,s_ASN106,mut_s1,detail,1,43,OWHHWMUAYBIQPR-UHFFFAOYNA-N,-9.379
HSP90AA1,s_ASN106,mut_s1,detail,1,44,KPIKMVZJKZDOFC-UHFFFAOYNA-N,-9.498
HSP90AA1,s_ASN106,mut_s1,detail,1,45,DIKDKRUREJXLMR-DPMTXJEANA-N,-10.076
HSP90AA1,s_ASN106,mut_s1,detail,1,46,QRVJDPKQHAVBDK-UYBDAZJANA-N,-7.856
HSP90AA1,s_ASN106,mut_s1,detail,1,47,SGBSFKSDPWOALT-UYBDAZJANA-N,-9.224
HSP90AA1,s_ASN106,mut_s1,detail,1,48,CYHFRNFVZWVHCG-OTJKMEOQNA-N,-9.785
HSP90AA1,s_ASN106,mut_s1,detail,1,49,MJUDQDHXCQONOA-MPIMZMORNA-N,-9.46
HSP90AA1,s_ASN106,mut_s1,detail,1,50,RNVYRNLUUYNQAS-PKSOQXRJNA-N,-8.437
HSP90AA1,s_ASN106,mut_s1,detail,1,51,DLZXOZYETDVJEB-QWOVJGMINA-N,-8.08
HSP90AA1,s_ASN106,mut_s1,detail,1,52,HSICVZRDGBJSEL-GPQMBLKYNA-N,-8.299
HSP90AA1,s_ASN106,mut_s1,detail,1,53,HMRUHHFLIMYEAF-QNGOCPJXNA-N,-8.07
HSP90AA1,s_ASN106,mut_s1,detail,1,54,ZZOWQPSBJUXHCA-YSPRVCGUNA-N,-10.351
HSP90AA1,s_ASN106,mut_s1,detail,1,55,WDDJLHOUFWSQSV-UHFFFAOYNA-N,-9.83
HSP90AA1,s_ASN106,mut_s1,detail,1,56,UKLIIGXGTPSYBF-IBCWCQIKNA-N,-8.295
HSP90AA1,s_ASN106,mut_s1,detail,1,57,LNPOBRXJZYGQMS-MOHJPFBDNA-N,-9.298
HSP90AA1,s_ASN106,mut_s1,detail,1,58,FYILBFPPKIZBTO-UHFFFAOYNA-N,-8.245
HSP90AA1,s_ASN106,mut_s1,detail,1,59,MIKIJFODTJGFDI-LILDFLRNNA-N,-8.896
HSP90AA1,s_ASN106,mut_s1,detail,1,60,RUWCNSLWWCWTSU-LILDFLRNNA-N,-9.462
HSP90AA1,s_ASN106,mut_s1,detail,1,61,KLQWCHKIQJHYIB-UHFFFAOYNA-N,-9.943
HSP90AA1,s_ASN106,mut_s1,detail,1,62,QKAWGENQCGFAOE-NPVYFSBINA-N,-8.789
HSP90AA1,s_ASN106,mut_s1,detail,1,63,KGOKCBRZBBEYBE-MMRXBHCZNA-N,-10.213
HSP90AA1,s_ASN106,mut_s1,detail,1,64,ROFRXCLSWKEWTN-UHFFFAOYNA-N,-8.284
HSP90AA1,s_ASN106,mut_s1,detail,1,65,AKRMJNKLSCBEME-FPYGCLRLNA-N,-8.622
HSP90AA1,s_ASN106,mut_s1,detail,1,66,LCGJUJZLLYTYIF-XMFFZCEENA-N,-9.478
HSP90AA1,s_ASN106,mut_s1,detail,1,67,FREQNFSEYLEFOI-QRCVEOAVNA-N,-8.464
HSP90AA1,s_ASN106,mut_s1,detail,1,68,MHMINAYLMNBGSM-UHFFFAOYNA-N,-7.33
HSP90AA1,s_ASN106,mut_s1,detail,1,69,SYMNTBHEGHFZMV-UHFFFAOYNA-N,-8.343
HSP90AA1,s_ASN106,mut_s1,detail,1,70,NNCRWGMPCGSKOO-LILDFLRNNA-N,-7.848
HSP90AA1,s_ASN106,mut_s1,detail,1,71,ZCRRNCCNJMRGFI-UHFFFAOYNA-N,-9.297
HSP90AA1,s_ASN106,mut_s1,detail,1,72,PYVZEIBGEUQNQQ-UHFFFAOYNA-N,-9.492
HSP90AA1,s_ASN106,mut_s1,detail,1,73,OROJQWVRCGJACT-XBTAAFKLNA-N,-9.397
HSP90AA1,s_ASN106,mut_s1,detail,1,74,TXYUWXKCUDOUGU-JLGFQASFNA-N,-7.814
HSP90AA1,s_ASN106,mut_s1,detail,1,75,LAZANALODSEDSE-UHFFFAOYNA-N,-8.362
HSP90AA1,s_ASN106,mut_s1,detail,1,76,RJXCYVJLXGRCHK-UHFFFAOYNA-N,-9.546
HSP90AA1,s_ASN106,mut_s1,detail,1,77,FUSKIBWHJAWEFI-IEJAXPBYNA-N,-7.954
HSP90AA1,s_ASN106,mut_s1,detail,1,78,SGWVLOCBQLQWQV-UHFFFAOYNA-N,-9.224
HSP90AA1,s_ASN106,mut_s1,detail,1,79,PPXRQTYXLZCDAZ-QWOVJGMINA-N,-9.238
HSP90AA1,s_ASN106,mut_s1,detail,1,80,DIFBADFWLVYFHV-LELJVTLKNA-N,-9.958
HSP90AA1,s_ASN106,mut_s1,detail,1,81,XREOSEVJCQGCHE-MHPMNMKGNA-N,-9.704
HSP90AA1,s_ASN106,mut_s1,detail,1,82,ZHGPKHBXSKWZEQ-UHFFFAOYNA-N,-9.105
HSP90AA1,s_ASN106,mut_s1,detail,1,83,ZFAYPJJNPSNAFK-UHFFFAOYNA-N,-8.935
HSP90AA1,s_ASN106,mut_s1,detail,1,84,LTXMRAGWIDQTQT-MYUTVWBTNA-N,-11.08
HSP90AA1,s_ASN106,mut_s1,detail,1,85,VXQHYHSSGLOALC-SPEPDGBUNA-N,-9.127
HSP90AA1,s_ASN106,mut_s1,detail,1,86,KWDSFRAWCISROF-PJQSKVNONA-N,-9.093
HSP90AA1,s_ASN106,mut_s1,detail,1,87,ZJZXSQPHUQUHIV-ZGZFQTMPNA-N,-10.041
HSP90AA1,s_ASN106,mut_s1,detail,1,88,UYHIVPBYFWVWEJ-UHFFFAOYNA-N,-10.004
HSP90AA1,s_ASN106,mut_s1,detail,1,89,PLEFJSUCKRWHBY-LNNLXFCONA-N,-9.672
HSP90AA1,s_ASN106,mut_s1,detail,1,90,DNSRQCRQLKJUCC-PDJAEHLQNA-N,-9.147
HSP90AA1,s_ASN106,mut_s1,detail,1,91,PHYKZCBUNVYJNH-YDBXFXKPNA-N,-7.839
HSP90AA1,s_ASN106,mut_s1,detail,1,92,OOUHZBUAVKCDGA-UHFFFAOYNA-N,-8.799
HSP90AA1,s_ASN106,mut_s1,detail,1,93,UUQDFZFJDFMLHW-UHFFFAOYNA-N,-8.542
HSP90AA1,s_ASN106,mut_s1,detail,1,94,OOUDDHNLDLLUOL-SKKVRFOWNA-N,-10.471
HSP90AA1,s_ASN106,mut_s1,detail,1,95,ZDMQSUAMTLXUTE-MPIMZMORNA-N,-9.035
HSP90AA1,s_ASN106,mut_s1,detail,1,96,NMPLPABDEKPABN-UHFFFAOYNA-N,-9.009
HSP90AA1,s_ASN106,mut_s1,detail,1,97,INZRHGSVWGRHBM-NPVYFSBINA-N,-9.652
HSP90AA1,s_ASN106,mut_s1,detail,1,98,RVGCWMKVTAEQIH-LNNLXFCONA-N,-9.978
HSP90AA1,s_ASN106,mut_s1,detail,1,99,VRXWKRQOVMZBAF-LJQANCHMNA-N,-8.28
HSP90AA1,s_ASN106,mut_s1,detail,1,100,QACLWOIBBYOHQP-UYBDAZJANA-N,-8.788
HSP90AA1,s_ASN106,mut_s1,detail,1,101,ZNXSZVFPCBIELQ-LNNLXFCONA-N,-8.804
HSP90AA1,s_ASN106,mut_s1,detail,1,102,GKMWCCNMKRSQHR-VEKUMTKDNA-N,-8.04
HSP90AA1,s_ASN106,mut_s1,detail,1,103,FFGUSRSMWFYKGK-SKKVRFOWNA-N,-9.999
HSP90AA1,s_ASN106,mut_s1,detail,1,104,KXBDDGKXLZBLOM-SPEPDGBUNA-N,-9.226
HSP90AA1,s_ASN106,mut_s1,detail,1,105,MIUWULAZCXYTJW-MSHHZIMBNA-N,-10.771
HSP90AA1,s_ASN106,mut_s1,detail,1,106,JPZOYWVRFLZCIC-NJNXFGOHNA-N,-11.119
HSP90AA1,s_ASN106,mut_s1,detail,1,107,FAIQTLBYDVKBAB-DVIAZDKANA-N,-9.192
HSP90AA1,s_ASN106,mut_s1,detail,1,108,APFLRZZAOXCNAZ-UHFFFAOYNA-N,-8.489
HSP90AA1,s_ASN106,mut_s1,detail,1,109,BSQLDSQTGOZBFD-UHFFFAOYNA-N,-8.677
HSP90AA1,s_ASN106,mut_s1,detail,1,110,ZVVCFJXCDATSCC-UHFFFAOYNA-N,-9.916
HSP90AA1,s_ASN106,mut_s1,detail,1,111,SKEQTXZATFWVMB-UYBDAZJANA-N,-7.775
HSP90AA1,s_ASN106,mut_s1,detail,1,112,IATWYRHDJKMBQK-MPIMZMORNA-N,-7.975
HSP90AA1,s_ASN106,mut_s1,detail,1,113,JPWOEQDCUZCWKT-MPIMZMORNA-N,-8.175
HSP90AA1,s_ASN106,mut_s1,detail,1,114,RYHSAXRBHDHPPK-PKSOQXRJNA-N,-9.274
HSP90AA1,s_ASN106,mut_s1,detail,1,115,GKKJWUFVZJJFPG-MPIMZMORNA-N,-9.166
HSP90AA1,s_ASN106,mut_s1,detail,1,116,FDNZXFDUCINVLY-BDGWVKIONA-N,-8.219
HSP90AA1,s_ASN106,mut_s1,detail,1,117,KTBYKHKWIFIFAK-UHFFFAOYNA-N,-10.348
HSP90AA1,s_ASN106,mut_s1,detail,1,118,ZRXZEWGUECXTTQ-LQFNOIFHNA-N,-10.242
HSP90AA1,s_ASN106,mut_s1,detail,1,119,XNACBBGLIAJNJM-PECIQRARNA-N,-9.013
HSP90AA1,s_ASN106,mut_s1,detail,1,120,WQZYYJRVBIQUGH-YWZOXAELNA-N,-8.287
HSP90AA1,s_ASN106,mut_s1,detail,1,121,ABMSRNRLDZVJFV-SWUIVHNENA-N,-9.573
HSP90AA1,s_ASN106,mut_s1,detail,1,122,ZEACBIUBSOLEGW-QAITUMOCNA-N,-10.619
HSP90AA1,s_ASN106,mut_s1,detail,1,123,UBFCDXVLKFOOGL-OKPOJWAQNA-N,-9.668
HSP90AA1,s_ASN106,mut_s1,detail,1,124,RRIHVAFUFDANEX-NSJMMFDCNA-N,-8.561
HSP90AA1,s_ASN106,mut_s1,detail,1,125,HASIAUWPWKTSBW-SREBMQDQNA-N,-7.921
HSP90AA1,s_ASN106,mut_s1,detail,1,126,WHBCKYHTCHCHAY-LQFNOIFHNA-N,-7.926
HSP90AA1,s_ASN106,mut_s1,detail,1,127,XMAYWYJOQHXEEK-JYFHCDHNNA-N,-9.265
HSP90AA1,s_ASN106,mut_s1,detail,1,128,TVKCFCZANTZCSU-OYRHEFFENA-N,-9.825
HSP90AA1,s_ASN106,mut_s1,detail,1,129,OJFIIUWPOHBVMH-LNNLXFCONA-N,-7.86
HSP90AA1,s_ASN106,mut_s1,detail,1,130,DKLZMGFTGWKNCD-DIRLUKLVNA-N,-10.404
HSP90AA1,s_ASN106,mut_s1,detail,1,131,PYSLGWZFRQWTDD-PWIKPTQSNA-N,-10.39
HSP90AA1,s_ASN106,mut_s1,detail,1,132,MWMBIUUYBQWKJX-QTUCRYGENA-N,-7.904
HSP90AA1,s_ASN106,mut_s1,detail,1,133,FLYQFCXTEFTSQN-UHFFFAOYNA-N,-8.548
HSP90AA1,s_ASN106,mut_s1,detail,1,134,PBIBDSDWIMZYDT-WBWGZOKWNA-N,-9.12
HSP90AA1,s_ASN106,mut_s1,detail,1,135,GSRWMFGBDLHGBU-YEFLILRRNA-N,-8.68
HSP90AA1,s_ASN106,mut_s1,detail,1,136,AYIJJQHMZAEQKE-QDAGQJSJNA-N,-9.734
HSP90AA1,s_ASN106,mut_s1,detail,1,137,JVWTZUKPDMRNDC-FSAKADSPNA-N,-10.975
HSP90AA1,s_ASN106,mut_s1,detail,1,138,XAZPLOLSRXZDBO-LBZABMTDNA-N,-8.435
HSP90AA1,s_ASN106,mut_s1,detail,1,139,RGWVFJBNHCWCTL-CFEGKOCINA-N,-9.326
HSP90AA1,s_ASN106,mut_s1,detail,1,140,YYWNRQZCPIMCAK-UHFFFAOYNA-N,-10.09
HSP90AA1,s_ASN106,mut_s1,detail,1,141,PBTZDKNKXRSZPM-XBXBPLPCNA-N,-10.171
HSP90AA1,s_ASN106,mut_s1,detail,1,142,QQPOIMHFFPBDQM-LELJVTLKNA-N,-8.309
HSP90AA1,s_ASN106,mut_s1,detail,1,143,NYFQURFFDGCBCB-MAQJPOOANA-N,-7.775
HSP90AA1,s_ASN106,mut_s1,detail,1,144,HXZVHWHABLBWBS-MTTPVDACNA-N,-11.536
HSP90AA1,s_ASN106,mut_s1,detail,1,145,IWYYSOJWYLZKLK-LELJVTLKNA-N,-8.005
HSP90AA1,s_ASN106,mut_s1,detail,1,146,HOGUCNPGZXMBGW-UHFFFAOYNA-N,-8.371
HSP90AA1,s_ASN106,mut_s1,detail,1,147,VITUDJAVASFPKN-DUFUIDNCNA-N,-9.417
HSP90AA1,s_ASN106,mut_s1,detail,1,148,IXAHDCRYEUYPBG-SCXYCHFONA-N,-12.174
HSP90AA1,s_ASN106,mut_s1,detail,1,149,JWHMEKMLAZQDNS-OZMOGHDGNA-N,-8.327
HSP90AA1,s_ASN106,mut_s1,detail,1,150,BZWNBTIJLRHNDZ-LBOYIXSDNA-N,-8.839
HSP90AA1,s_ASN106,mut_s1,detail,1,151,RECYROBESYRUML-UHFFFAOYNA-N,-9.626
HSP90AA1,s_ASN106,mut_s1,detail,1,152,MLDSJJJLQRZNKW-UHBIVWOUNA-N,-9.528
HSP90AA1,s_ASN106,mut_s1,detail,1,153,XTWIHJARHCYNFX-PHXLCVRDNA-N,-9.519
HSP90AA1,s_ASN106,mut_s1,detail,1,154,UQGFETVWTRDGKJ-UHFFFAOYNA-N,-9.93
HSP90AA1,s_ASN106,mut_s1,detail,1,155,VJFSMDWEMFOWDK-CYSPOYASNA-N,-9.284
HSP90AA1,s_ASN106,mut_s1,detail,1,156,NZYLXYBIWNIAGH-CYSPOYASNA-N,-9.989
HSP90AA1,s_ASN106,mut_s1,detail,1,157,ODXCWFOKLBJQNP-MPIMZMORNA-N,-9.052
HSP90AA1,s_ASN106,mut_s1,detail,1,158,FVDNMAPPDSKXKQ-UHFFFAOYNA-N,-10.118
HSP90AA1,s_ASN106,mut_s1,detail,1,159,DOPWMPRIRWTOOD-CCHPKIMANA-N,-9.161
HSP90AA1,s_PHE44,mut_s1,detail,1,0,URVMSYHISUZXNH-UYBDAZJANA-N,-9.002
HSP90AA1,s_PHE44,mut_s1,detail,1,1,KXRPCFINVWWFHQ-UHFFFAOYNA-N,-5.519
HSP90AA1,s_PHE44,mut_s1,detail,1,2,NICJTSHRYBTHAS-YHMJCDSINA-N,-7.911
HSP90AA1,s_PHE44,mut_s1,detail,1,3,SWRZVDTZHDWPDS-AWIDAIFANA-N,-8.54
HSP90AA1,s_PHE44,mut_s1,detail,1,4,RKNSLLSUFWWYCA-UHFFFAOYNA-N,-8.993
HSP90AA1,s_PHE44,mut_s1,detail,1,5,OZFSIKFTRRUDES-RIYZIHGNNA-N,-6.954
HSP90AA1,s_PHE44,mut_s1,detail,1,6,AAGGUCRASUJPPN-UHFFFAOYNA-N,-8.79
HSP90AA1,s_PHE44,mut_s1,detail,1,7,OYHXDPMAFYHDNG-YAQRNVERNA-N,-7.88
HSP90AA1,s_PHE44,mut_s1,detail,1,8,AWILWAIEQYZUEQ-UHFFFAOYNA-N,-8.073
HSP90AA1,s_PHE44,mut_s1,detail,1,9,WSFAXHLMQUUHQT-VMPITWQZNA-N,-8.22
HSP90AA1,s_PHE44,mut_s1,detail,1,10,WPHMTVNOXKBZKN-UHFFFAOYNA-N,-7.299
HSP90AA1,s_PHE44,mut_s1,detail,1,11,LPEIZNODGHDCCW-UHFFFAOYNA-N,-5.902
HSP90AA1,s_PHE44,mut_s1,detail,1,12,QQHWWDVSRWOHEP-LILDFLRNNA-N,-9.503
HSP90AA1,s_PHE44,mut_s1,detail,1,13,UMEVSSPGBFVQNC-UHFFFAOYNA-N,-6.446
HSP90AA1,s_PHE44,mut_s1,detail,1,14,VZDIOEKWWZRNQN-UHFFFAOYNA-N,-10.19
HSP90AA1,s_PHE44,mut_s1,detail,1,15,JEVLDOUORFAHRS-NDKGDYFDNA-N,-6.552
HSP90AA1,s_PHE44,mut_s1,detail,1,16,NFTGJNJRMWUBPG-GPQMBLKYNA-N,-8.931
HSP90AA1,s_PHE44,mut_s1,detail,1,17,UMUUTEZBWGDVDA-UHFFFAOYNA-N,-8.305
HSP90AA1,s_PHE44,mut_s1,detail,1,18,VLQKEPLNPGYNDJ-HCKMINDGNA-N,-7.07
HSP90AA1,s_PHE44,mut_s1,detail,1,19,PPMVTAATPZLMJM-CDDDEJBQNA-N,-7.978
HSP90AA1,s_PHE44,mut_s1,detail,1,20,AHLYFAKLKLMESK-YAQRNVERNA-N,-8.056
HSP90AA1,s_PHE44,mut_s1,detail,1,21,GYEJYLAGVWRSIM-KGJHZMDYNA-N,-7.431
HSP90AA1,s_PHE44,mut_s1,detail,1,22,RXVALSLAUOIYLW-UHFFFAOYNA-N,-8.42
HSP90AA1,s_PHE44,mut_s1,detail,1,23,NSELYIFATLFDOZ-JLGFQASFNA-N,-8.671
HSP90AA1,s_PHE44,mut_s1,detail,1,24,COQFBYACOHFCEC-UHFFFAOYNA-N,-7.085
HSP90AA1,s_PHE44,mut_s1,detail,1,25,CJGJXFCLDYQBFQ-YJGXKCCXNA-N,-9.196
HSP90AA1,s_PHE44,mut_s1,detail,1,26,BWNGRRJLFYHENY-INIZCTEONA-N,-7.593
HSP90AA1,s_PHE44,mut_s1,detail,1,27,BNRFXWSJKVJVOF-UYBDAZJANA-N,-10.006
HSP90AA1,s_PHE44,mut_s1,detail,1,28,DMULMZBZVBBWBY-PJZINPJWNA-N,-9.311
HSP90AA1,s_PHE44,mut_s1,detail,1,29,AXLAIGJGNKHDPO-UHFFFAOYNA-N,-6.072
HSP90AA1,s_PHE44,mut_s1,detail,1,30,RKDGAONZEPYEBT-WXRBYKJCNA-N,-7.508
HSP90AA1,s_PHE44,mut_s1,detail,1,31,MBOYDUZSCSNUQL-MBBDSNKKNA-N,-8.566
HSP90AA1,s_PHE44,mut_s1,detail,1,32,KPVDBHRTXOFQDK-YAQRNVERNA-N,-7.466
HSP90AA1,s_PHE44,mut_s1,detail,1,33,LVCNFMYUKISBSB-VJSNTGQMNA-N,-8.939
HSP90AA1,s_PHE44,mut_s1,detail,1,34,XLAHCIRKLMJUQC-DZQCGVKKNA-N,-9.827
HSP90AA1,s_PHE44,mut_s1,detail,1,35,QNYHDABGLCBJOE-SHHGZXMVNA-N,-8.768
HSP90AA1,s_PHE44,mut_s1,detail,1,36,HEKNRISBWSPMOG-OWTLIXCDNA-N,-7.131
HSP90AA1,s_PHE44,mut_s1,detail,1,37,VIRNXCRLEVZXNX-LILDFLRNNA-N,-8.932
HSP90AA1,s_PHE44,mut_s1,detail,1,38,SRTGERSEXJGDMR-UHFFFAOYNA-N,-8.838
HSP90AA1,s_PHE44,mut_s1,detail,1,39,ZGMGSSRLZJYOKH-WXRBYKJCNA-N,-7.773
HSP90AA1,s_PHE44,mut_s1,detail,1,40,VGYFDFRFGHHCDA-CUTUCBJDNA-N,-8.998
HSP90AA1,s_PHE44,mut_s1,detail,1,41,DILPMLYWQJPNLO-HCKMINDGNA-N,-9.619
HSP90AA1,s_PHE44,mut_s1,detail,1,42,RSOODJIGEVJLMK-LQFNOIFHNA-N,-9.643
HSP90AA1,s_PHE44,mut_s1,detail,1,43,OWHHWMUAYBIQPR-UHFFFAOYNA-N,-8.529
HSP90AA1,s_PHE44,mut_s1,detail,1,44,KPIKMVZJKZDOFC-UHFFFAOYNA-N,-9.642
HSP90AA1,s_PHE44,mut_s1,detail,1,45,DIKDKRUREJXLMR-DPMTXJEANA-N,-10.005
HSP90AA1,s_PHE44,mut_s1,detail,1,46,QRVJDPKQHAVBDK-UYBDAZJANA-N,-7.514
HSP90AA1,s_PHE44,mut_s1,detail,1,47,SGBSFKSDPWOALT-UYBDAZJANA-N,-9.075
HSP90AA1,s_PHE44,mut_s1,detail,1,48,CYHFRNFVZWVHCG-OTJKMEOQNA-N,-9.309
HSP90AA1,s_PHE44,mut_s1,detail,1,49,MJUDQDHXCQONOA-MPIMZMORNA-N,-9.396
HSP90AA1,s_PHE44,mut_s1,detail,1,50,RNVYRNLUUYNQAS-PKSOQXRJNA-N,-8.458
HSP90AA1,s_PHE44,mut_s1,detail,1,51,DLZXOZYETDVJEB-QWOVJGMINA-N,-7.47
HSP90AA1,s_PHE44,mut_s1,detail,1,52,HSICVZRDGBJSEL-GPQMBLKYNA-N,-8.435
HSP90AA1,s_PHE44,mut_s1,detail,1,53,HMRUHHFLIMYEAF-QNGOCPJXNA-N,-7.392
HSP90AA1,s_PHE44,mut_s1,detail,1,54,ZZOWQPSBJUXHCA-YSPRVCGUNA-N,-10.501
HSP90AA1,s_PHE44,mut_s1,detail,1,55,WDDJLHOUFWSQSV-UHFFFAOYNA-N,-9.863
HSP90AA1,s_PHE44,mut_s1,detail,1,56,UKLIIGXGTPSYBF-IBCWCQIKNA-N,-8.1
HSP90AA1,s_PHE44,mut_s1,detail,1,57,LNPOBRXJZYGQMS-MOHJPFBDNA-N,-9.532
HSP90AA1,s_PHE44,mut_s1,detail,1,58,FYILBFPPKIZBTO-UHFFFAOYNA-N,-7.885
HSP90AA1,s_PHE44,mut_s1,detail,1,59,MIKIJFODTJGFDI-LILDFLRNNA-N,-8.736
HSP90AA1,s_PHE44,mut_s1,detail,1,60,RUWCNSLWWCWTSU-LILDFLRNNA-N,-9.641
HSP90AA1,s_PHE44,mut_s1,detail,1,61,KLQWCHKIQJHYIB-UHFFFAOYNA-N,-10.083
HSP90AA1,s_PHE44,mut_s1,detail,1,62,QKAWGENQCGFAOE-NPVYFSBINA-N,-8.766
HSP90AA1,s_PHE44,mut_s1,detail,1,63,KGOKCBRZBBEYBE-MMRXBHCZNA-N,-10.278
HSP90AA1,s_PHE44,mut_s1,detail,1,64,ROFRXCLSWKEWTN-UHFFFAOYNA-N,-8.181
HSP90AA1,s_PHE44,mut_s1,detail,1,65,AKRMJNKLSCBEME-FPYGCLRLNA-N,-8.28
HSP90AA1,s_PHE44,mut_s1,detail,1,66,LCGJUJZLLYTYIF-XMFFZCEENA-N,-9.055
HSP90AA1,s_PHE44,mut_s1,detail,1,67,FREQNFSEYLEFOI-QRCVEOAVNA-N,-8.683
HSP90AA1,s_PHE44,mut_s1,detail,1,68,MHMINAYLMNBGSM-UHFFFAOYNA-N,-7.238
HSP90AA1,s_PHE44,mut_s1,detail,1,69,SYMNTBHEGHFZMV-UHFFFAOYNA-N,-8.402
HSP90AA1,s_PHE44,mut_s1,detail,1,70,NNCRWGMPCGSKOO-LILDFLRNNA-N,-7.697
HSP90AA1,s_PHE44,mut_s1,detail,1,71,ZCRRNCCNJMRGFI-UHFFFAOYNA-N,-9.35
HSP90AA1,s_PHE44,mut_s1,detail,1,72,PYVZEIBGEUQNQQ-UHFFFAOYNA-N,-9.53
HSP90AA1,s_PHE44,mut_s1,detail,1,73,OROJQWVRCGJACT-XBTAAFKLNA-N,-9.296
HSP90AA1,s_PHE44,mut_s1,detail,1,74,TXYUWXKCUDOUGU-JLGFQASFNA-N,-7.583
HSP90AA1,s_PHE44,mut_s1,detail,1,75,LAZANALODSEDSE-UHFFFAOYNA-N,-8.475
HSP90AA1,s_PHE44,mut_s1,detail,1,76,RJXCYVJLXGRCHK-UHFFFAOYNA-N,-9.547
HSP90AA1,s_PHE44,mut_s1,detail,1,77,FUSKIBWHJAWEFI-IEJAXPBYNA-N,-8.162
HSP90AA1,s_PHE44,mut_s1,detail,1,78,SGWVLOCBQLQWQV-UHFFFAOYNA-N,-9.133
HSP90AA1,s_PHE44,mut_s1,detail,1,79,PPXRQTYXLZCDAZ-QWOVJGMINA-N,-9.556
HSP90AA1,s_PHE44,mut_s1,detail,1,80,DIFBADFWLVYFHV-LELJVTLKNA-N,-9.74
HSP90AA1,s_PHE44,mut_s1,detail,1,81,XREOSEVJCQGCHE-MHPMNMKGNA-N,-9.72
HSP90AA1,s_PHE44,mut_s1,detail,1,82,ZHGPKHBXSKWZEQ-UHFFFAOYNA-N,-8.843
HSP90AA1,s_PHE44,mut_s1,detail,1,83,ZFAYPJJNPSNAFK-UHFFFAOYNA-N,-9.041
HSP90AA1,s_PHE44,mut_s1,detail,1,84,LTXMRAGWIDQTQT-MYUTVWBTNA-N,-10.758
HSP90AA1,s_PHE44,mut_s1,detail,1,85,VXQHYHSSGLOALC-SPEPDGBUNA-N,-8.825
HSP90AA1,s_PHE44,mut_s1,detail,1,86,KWDSFRAWCISROF-PJQSKVNONA-N,-9.159
HSP90AA1,s_PHE44,mut_s1,detail,1,87,ZJZXSQPHUQUHIV-ZGZFQTMPNA-N,-10.13
HSP90AA1,s_PHE44,mut_s1,detail,1,88,UYHIVPBYFWVWEJ-UHFFFAOYNA-N,-10.044
HSP90AA1,s_PHE44,mut_s1,detail,1,89,PLEFJSUCKRWHBY-LNNLXFCONA-N,-9.609
HSP90AA1,s_PHE44,mut_s1,detail,1,90,DNSRQCRQLKJUCC-PDJAEHLQNA-N,-9.021
HSP90AA1,s_PHE44,mut_s1,detail,1,91,PHYKZCBUNVYJNH-YDBXFXKPNA-N,-7.19
HSP90AA1,s_PHE44,mut_s1,detail,1,92,OOUHZBUAVKCDGA-UHFFFAOYNA-N,-9.157
HSP90AA1,s_PHE44,mut_s1,detail,1,93,UUQDFZFJDFMLHW-UHFFFAOYNA-N,-8.64
HSP90AA1,s_PHE44,mut_s1,detail,1,94,OOUDDHNLDLLUOL-SKKVRFOWNA-N,-10.028
HSP90AA1,s_PHE44,mut_s1,detail,1,95,ZDMQSUAMTLXUTE-MPIMZMORNA-N,-8.957
HSP90AA1,s_PHE44,mut_s1,detail,1,96,NMPLPABDEKPABN-UHFFFAOYNA-N,-8.459
HSP90AA1,s_PHE44,mut_s1,detail,1,97,INZRHGSVWGRHBM-NPVYFSBINA-N,-8.854
HSP90AA1,s_PHE44,mut_s1,detail,1,98,RVGCWMKVTAEQIH-LNNLXFCONA-N,-9.998
HSP90AA1,s_PHE44,mut_s1,detail,1,99,VRXWKRQOVMZBAF-LJQANCHMNA-N,-8.517
HSP90AA1,s_PHE44,mut_s1,detail,1,100,QACLWOIBBYOHQP-UYBDAZJANA-N,-8.924
HSP90AA1,s_PHE44,mut_s1,detail,1,101,ZNXSZVFPCBIELQ-LNNLXFCONA-N,-8.589
HSP90AA1,s_PHE44,mut_s1,detail,1,102,GKMWCCNMKRSQHR-VEKUMTKDNA-N,-9.231
HSP90AA1,s_PHE44,mut_s1,detail,1,103,FFGUSRSMWFYKGK-SKKVRFOWNA-N,-10.174
HSP90AA1,s_PHE44,mut_s1,detail,1,104,KXBDDGKXLZBLOM-SPEPDGBUNA-N,-9.372
HSP90AA1,s_PHE44,mut_s1,detail,1,105,MIUWULAZCXYTJW-MSHHZIMBNA-N,-10.91
HSP90AA1,s_PHE44,mut_s1,detail,1,106,JPZOYWVRFLZCIC-NJNXFGOHNA-N,-11.07
HSP90AA1,s_PHE44,mut_s1,detail,1,107,FAIQTLBYDVKBAB-DVIAZDKANA-N,-9.111
HSP90AA1,s_PHE44,mut_s1,detail,1,108,APFLRZZAOXCNAZ-UHFFFAOYNA-N,-8.729
HSP90AA1,s_PHE44,mut_s1,detail,1,109,BSQLDSQTGOZBFD-UHFFFAOYNA-N,-8.691
HSP90AA1,s_PHE44,mut_s1,detail,1,110,ZVVCFJXCDATSCC-UHFFFAOYNA-N,-10.536
HSP90AA1,s_PHE44,mut_s1,detail,1,111,SKEQTXZATFWVMB-UYBDAZJANA-N,-7.48
HSP90AA1,s_PHE44,mut_s1,detail,1,112,IATWYRHDJKMBQK-MPIMZMORNA-N,-8.352
HSP90AA1,s_PHE44,mut_s1,detail,1,113,JPWOEQDCUZCWKT-MPIMZMORNA-N,-6.923
HSP90AA1,s_PHE44,mut_s1,detail,1,114,RYHSAXRBHDHPPK-PKSOQXRJNA-N,-9.36
HSP90AA1,s_PHE44,mut_s1,detail,1,115,GKKJWUFVZJJFPG-MPIMZMORNA-N,-8.6
HSP90AA1,s_PHE44,mut_s1,detail,1,116,FDNZXFDUCINVLY-BDGWVKIONA-N,-8.527
HSP90AA1,s_PHE44,mut_s1,detail,1,117,KTBYKHKWIFIFAK-UHFFFAOYNA-N,-10.441
HSP90AA1,s_PHE44,mut_s1,detail,1,118,ZRXZEWGUECXTTQ-LQFNOIFHNA-N,-9.981
HSP90AA1,s_PHE44,mut_s1,detail,1,119,XNACBBGLIAJNJM-PECIQRARNA-N,-8.519
HSP90AA1,s_PHE44,mut_s1,detail,1,120,WQZYYJRVBIQUGH-YWZOXAELNA-N,-7.985
HSP90AA1,s_PHE44,mut_s1,detail,1,121,ABMSRNRLDZVJFV-SWUIVHNENA-N,-9.472
HSP90AA1,s_PHE44,mut_s1,detail,1,122,ZEACBIUBSOLEGW-QAITUMOCNA-N,-11.1
HSP90AA1,s_PHE44,mut_s1,detail,1,123,UBFCDXVLKFOOGL-OKPOJWAQNA-N,-9.99
HSP90AA1,s_PHE44,mut_s1,detail,1,124,RRIHVAFUFDANEX-NSJMMFDCNA-N,-8.682
HSP90AA1,s_PHE44,mut_s1,detail,1,125,HASIAUWPWKTSBW-SREBMQDQNA-N,-7.862
HSP90AA1,s_PHE44,mut_s1,detail,1,126,WHBCKYHTCHCHAY-LQFNOIFHNA-N,-7.923
HSP90AA1,s_PHE44,mut_s1,detail,1,127,XMAYWYJOQHXEEK-JYFHCDHNNA-N,-9.04
HSP90AA1,s_PHE44,mut_s1,detail,1,128,TVKCFCZANTZCSU-OYRHEFFENA-N,-11.035
HSP90AA1,s_PHE44,mut_s1,detail,1,129,OJFIIUWPOHBVMH-LNNLXFCONA-N,-7.678
HSP90AA1,s_PHE44,mut_s1,detail,1,130,DKLZMGFTGWKNCD-DIRLUKLVNA-N,-10.546
HSP90AA1,s_PHE44,mut_s1,detail,1,131,PYSLGWZFRQWTDD-PWIKPTQSNA-N,-10.55
HSP90AA1,s_PHE44,mut_s1,detail,1,132,MWMBIUUYBQWKJX-QTUCRYGENA-N,-7.574
HSP90AA1,s_PHE44,mut_s1,detail,1,133,FLYQFCXTEFTSQN-UHFFFAOYNA-N,-8.843
HSP90AA1,s_PHE44,mut_s1,detail,1,134,PBIBDSDWIMZYDT-WBWGZOKWNA-N,-9.156
HSP90AA1,s_PHE44,mut_s1,detail,1,135,GSRWMFGBDLHGBU-YEFLILRRNA-N,-7.904
HSP90AA1,s_PHE44,mut_s1,detail,1,136,AYIJJQHMZAEQKE-QDAGQJSJNA-N,-9.654
HSP90AA1,s_PHE44,mut_s1,detail,1,137,JVWTZUKPDMRNDC-FSAKADSPNA-N,-11.156
HSP90AA1,s_PHE44,mut_s1,detail,1,138,XAZPLOLSRXZDBO-LBZABMTDNA-N,-8.385
HSP90AA1,s_PHE44,mut_s1,detail,1,139,RGWVFJBNHCWCTL-CFEGKOCINA-N,-9.563
HSP90AA1,s_PHE44,mut_s1,detail,1,140,YYWNRQZCPIMCAK-UHFFFAOYNA-N,-10.64
HSP90AA1,s_PHE44,mut_s1,detail,1,141,PBTZDKNKXRSZPM-XBXBPLPCNA-N,-10.638
HSP90AA1,s_PHE44,mut_s1,detail,1,142,QQPOIMHFFPBDQM-LELJVTLKNA-N,-8.388
HSP90AA1,s_PHE44,mut_s1,detail,1,143,NYFQURFFDGCBCB-MAQJPOOANA-N,-7.708
HSP90AA1,s_PHE44,mut_s1,detail,1,144,HXZVHWHABLBWBS-MTTPVDACNA-N,-11.529
HSP90AA1,s_PHE44,mut_s1,detail,1,145,IWYYSOJWYLZKLK-LELJVTLKNA-N,-7.877
HSP90AA1,s_PHE44,mut_s1,detail,1,146,HOGUCNPGZXMBGW-UHFFFAOYNA-N,-8.271
HSP90AA1,s_PHE44,mut_s1,detail,1,147,VITUDJAVASFPKN-DUFUIDNCNA-N,-9.244
HSP90AA1,s_PHE44,mut_s1,detail,1,148,IXAHDCRYEUYPBG-SCXYCHFONA-N,-12.317
HSP90AA1,s_PHE44,mut_s1,detail,1,149,JWHMEKMLAZQDNS-OZMOGHDGNA-N,-8.744
HSP90AA1,s_PHE44,mut_s1,detail,1,150,BZWNBTIJLRHNDZ-LBOYIXSDNA-N,-8.751
HSP90AA1,s_PHE44,mut_s1,detail,1,151,RECYROBESYRUML-UHFFFAOYNA-N,-9.528
HSP90AA1,s_PHE44,mut_s1,detail,1,152,MLDSJJJLQRZNKW-UHBIVWOUNA-N,-10.481
HSP90AA1,s_PHE44,mut_s1,detail,1,153,XTWIHJARHCYNFX-PHXLCVRDNA-N,-9.182
HSP90AA1,s_PHE44,mut_s1,detail,1,154,UQGFETVWTRDGKJ-UHFFFAOYNA-N,-9.682
HSP90AA1,s_PHE44,mut_s1,detail,1,155,VJFSMDWEMFOWDK-CYSPOYASNA-N,-9.256
HSP90AA1,s_PHE44,mut_s1,detail,1,156,NZYLXYBIWNIAGH-CYSPOYASNA-N,-10.79
HSP90AA1,s_PHE44,mut_s1,detail,1,157,ODXCWFOKLBJQNP-MPIMZMORNA-N,-8.427
HSP90AA1,s_PHE44,mut_s1,detail,1,158,FVDNMAPPDSKXKQ-UHFFFAOYNA-N,-10.169
HSP90AA1,s_PHE44,mut_s1,detail,1,159,DOPWMPRIRWTOOD-CCHPKIMANA-N,-9.046
HSP90AA1,m00,mut_s1,detail,1,0,URVMSYHISUZXNH-UYBDAZJANA-N,-8.394
HSP90AA1,m00,mut_s1,detail,1,1,KXRPCFINVWWFHQ-UHFFFAOYNA-N,-5.334
HSP90AA1,m00,mut_s1,detail,1,2,NICJTSHRYBTHAS-YHMJCDSINA-N,-7.686
HSP90AA1,m00,mut_s1,detail,1,3,SWRZVDTZHDWPDS-AWIDAIFANA-N,-7.987
HSP90AA1,m00,mut_s1,detail,1,4,RKNSLLSUFWWYCA-UHFFFAOYNA-N,-8.871
HSP90AA1,m00,mut_s1,detail,1,5,OZFSIKFTRRUDES-RIYZIHGNNA-N,-6.685
HSP90AA1,m00,mut_s1,detail,1,6,AAGGUCRASUJPPN-UHFFFAOYNA-N,-8.873
HSP90AA1,m00,mut_s1,detail,1,7,OYHXDPMAFYHDNG-YAQRNVERNA-N,-7.445
HSP90AA1,m00,mut_s1,detail,1,8,AWILWAIEQYZUEQ-UHFFFAOYNA-N,-7.314
HSP90AA1,m00,mut_s1,detail,1,9,WSFAXHLMQUUHQT-VMPITWQZNA-N,-8.76
HSP90AA1,m00,mut_s1,detail,1,10,WPHMTVNOXKBZKN-UHFFFAOYNA-N,-7.418
HSP90AA1,m00,mut_s1,detail,1,11,LPEIZNODGHDCCW-UHFFFAOYNA-N,-6.457
HSP90AA1,m00,mut_s1,detail,1,12,QQHWWDVSRWOHEP-LILDFLRNNA-N,-8.523
HSP90AA1,m00,mut_s1,detail,1,13,UMEVSSPGBFVQNC-UHFFFAOYNA-N,-6.752
HSP90AA1,m00,mut_s1,detail,1,14,VZDIOEKWWZRNQN-UHFFFAOYNA-N,-9.67
HSP90AA1,m00,mut_s1,detail,1,15,JEVLDOUORFAHRS-NDKGDYFDNA-N,-7.628
HSP90AA1,m00,mut_s1,detail,1,16,NFTGJNJRMWUBPG-GPQMBLKYNA-N,-8.521
HSP90AA1,m00,mut_s1,detail,1,17,UMUUTEZBWGDVDA-UHFFFAOYNA-N,-7.809
HSP90AA1,m00,mut_s1,detail,1,18,VLQKEPLNPGYNDJ-HCKMINDGNA-N,-8.87
HSP90AA1,m00,mut_s1,detail,1,19,PPMVTAATPZLMJM-CDDDEJBQNA-N,-8.007
HSP90AA1,m00,mut_s1,detail,1,20,AHLYFAKLKLMESK-YAQRNVERNA-N,-7.664
HSP90AA1,m00,mut_s1,detail,1,21,GYEJYLAGVWRSIM-KGJHZMDYNA-N,-7.159
HSP90AA1,m00,mut_s1,detail,1,22,RXVALSLAUOIYLW-UHFFFAOYNA-N,-8.485
HSP90AA1,m00,mut_s1,detail,1,23,NSELYIFATLFDOZ-JLGFQASFNA-N,-8.239
HSP90AA1,m00,mut_s1,detail,1,24,COQFBYACOHFCEC-UHFFFAOYNA-N,-7.687
HSP90AA1,m00,mut_s1,detail,1,25,CJGJXFCLDYQBFQ-YJGXKCCXNA-N,-9.704
HSP90AA1,m00,mut_s1,detail,1,26,BWNGRRJLFYHENY-INIZCTEONA-N,-7.562
HSP90AA1,m00,mut_s1,detail,1,27,BNRFXWSJKVJVOF-UYBDAZJANA-N,-10.221
HSP90AA1,m00,mut_s1,detail,1,28,DMULMZBZVBBWBY-PJZINPJWNA-N,-9.285
HSP90AA1,m00,mut_s1,detail,1,29,AXLAIGJGNKHDPO-UHFFFAOYNA-N,-6.844
HSP90AA1,m00,mut_s1,detail,1,30,RKDGAONZEPYEBT-WXRBYKJCNA-N,-7.284
HSP90AA1,m00,mut_s1,detail,1,31,MBOYDUZSCSNUQL-MBBDSNKKNA-N,-8.202
HSP90AA1,m00,mut_s1,detail,1,32,KPVDBHRTXOFQDK-YAQRNVERNA-N,-7.754
HSP90AA1,m00,mut_s1,detail,1,33,LVCNFMYUKISBSB-VJSNTGQMNA-N,-8.559
HSP90AA1,m00,mut_s1,detail,1,34,XLAHCIRKLMJUQC-DZQCGVKKNA-N,-9.731
HSP90AA1,m00,mut_s1,detail,1,35,QNYHDABGLCBJOE-SHHGZXMVNA-N,-8.275
HSP90AA1,m00,mut_s1,detail,1,36,HEKNRISBWSPMOG-OWTLIXCDNA-N,-8.047
HSP90AA1,m00,mut_s1,detail,1,37,VIRNXCRLEVZXNX-LILDFLRNNA-N,-9.63
HSP90AA1,m00,mut_s1,detail,1,38,SRTGERSEXJGDMR-UHFFFAOYNA-N,-7.648
HSP90AA1,m00,mut_s1,detail,1,39,ZGMGSSRLZJYOKH-WXRBYKJCNA-N,-7.411
HSP90AA1,m00,mut_s1,detail,1,40,VGYFDFRFGHHCDA-CUTUCBJDNA-N,-10.284
HSP90AA1,m00,mut_s1,detail,1,41,DILPMLYWQJPNLO-HCKMINDGNA-N,-8.239
HSP90AA1,m00,mut_s1,detail,1,42,RSOODJIGEVJLMK-LQFNOIFHNA-N,-8.645
HSP90AA1,m00,mut_s1,detail,1,43,OWHHWMUAYBIQPR-UHFFFAOYNA-N,-9.062
HSP90AA1,m00,mut_s1,detail,1,44,KPIKMVZJKZDOFC-UHFFFAOYNA-N,-8.754
HSP90AA1,m00,mut_s1,detail,1,45,DIKDKRUREJXLMR-DPMTXJEANA-N,-8.786
HSP90AA1,m00,mut_s1,detail,1,46,QRVJDPKQHAVBDK-UYBDAZJANA-N,-7.61
HSP90AA1,m00,mut_s1,detail,1,47,SGBSFKSDPWOALT-UYBDAZJANA-N,-10.141
HSP90AA1,m00,mut_s1,detail,1,48,CYHFRNFVZWVHCG-OTJKMEOQNA-N,-9.063
HSP90AA1,m00,mut_s1,detail,1,49,MJUDQDHXCQONOA-MPIMZMORNA-N,-8.664
HSP90AA1,m00,mut_s1,detail,1,50,RNVYRNLUUYNQAS-PKSOQXRJNA-N,-7.702
HSP90AA1,m00,mut_s1,detail,1,51,DLZXOZYETDVJEB-QWOVJGMINA-N,-8.104
HSP90AA1,m00,mut_s1,detail,1,52,HSICVZRDGBJSEL-GPQMBLKYNA-N,-9.676
HSP90AA1,m00,mut_s1,detail,1,53,HMRUHHFLIMYEAF-QNGOCPJXNA-N,-7.307
HSP90AA1,m00,mut_s1,detail,1,54,ZZOWQPSBJUXHCA-YSPRVCGUNA-N,-8.784
HSP90AA1,m00,mut_s1,detail,1,55,WDDJLHOUFWSQSV-UHFFFAOYNA-N,-9.921
HSP90AA1,m00,mut_s1,detail,1,56,UKLIIGXGTPSYBF-IBCWCQIKNA-N,-8.144
HSP90AA1,m00,mut_s1,detail,1,57,LNPOBRXJZYGQMS-MOHJPFBDNA-N,-9.663
HSP90AA1,m00,mut_s1,detail,1,58,FYILBFPPKIZBTO-UHFFFAOYNA-N,-8.598
HSP90AA1,m00,mut_s1,detail,1,59,MIKIJFODTJGFDI-LILDFLRNNA-N,-9.255
HSP90AA1,m00,mut_s1,detail,1,60,RUWCNSLWWCWTSU-LILDFLRNNA-N,-8.409
HSP90AA1,m00,mut_s1,detail,1,61,KLQWCHKIQJHYIB-UHFFFAOYNA-N,-9.394
HSP90AA1,m00,mut_s1,detail,1,62,QKAWGENQCGFAOE-NPVYFSBINA-N,-8.544
HSP90AA1,m00,mut_s1,detail,1,63,KGOKCBRZBBEYBE-MMRXBHCZNA-N,-9.173
HSP90AA1,m00,mut_s1,detail,1,64,ROFRXCLSWKEWTN-UHFFFAOYNA-N,-8.099
HSP90AA1,m00,mut_s1,detail,1,65,AKRMJNKLSCBEME-FPYGCLRLNA-N,-7.609
HSP90AA1,m00,mut_s1,detail,1,66,LCGJUJZLLYTYIF-XMFFZCEENA-N,-8.971
HSP90AA1,m00,mut_s1,detail,1,67,FREQNFSEYLEFOI-QRCVEOAVNA-N,-8.603
HSP90AA1,m00,mut_s1,detail,1,68,MHMINAYLMNBGSM-UHFFFAOYNA-N,-7.032
HSP90AA1,m00,mut_s1,detail,1,69,SYMNTBHEGHFZMV-UHFFFAOYNA-N,-8.215
HSP90AA1,m00,mut_s1,detail,1,70,NNCRWGMPCGSKOO-LILDFLRNNA-N,-7.955
HSP90AA1,m00,mut_s1,detail,1,71,ZCRRNCCNJMRGFI-UHFFFAOYNA-N,-8.997
HSP90AA1,m00,mut_s1,detail,1,72,PYVZEIBGEUQNQQ-UHFFFAOYNA-N,-9.865
HSP90AA1,m00,mut_s1,detail,1,73,OROJQWVRCGJACT-XBTAAFKLNA-N,-10.221
HSP90AA1,m00,mut_s1,detail,1,74,TXYUWXKCUDOUGU-JLGFQASFNA-N,-7.954
HSP90AA1,m00,mut_s1,detail,1,75,LAZANALODSEDSE-UHFFFAOYNA-N,-7.61
HSP90AA1,m00,mut_s1,detail,1,76,RJXCYVJLXGRCHK-UHFFFAOYNA-N,-8.975
HSP90AA1,m00,mut_s1,detail,1,77,FUSKIBWHJAWEFI-IEJAXPBYNA-N,-8.169
HSP90AA1,m00,mut_s1,detail,1,78,SGWVLOCBQLQWQV-UHFFFAOYNA-N,-9.572
HSP90AA1,m00,mut_s1,detail,1,79,PPXRQTYXLZCDAZ-QWOVJGMINA-N,-8.674
HSP90AA1,m00,mut_s1,detail,1,80,DIFBADFWLVYFHV-LELJVTLKNA-N,-9.047
HSP90AA1,m00,mut_s1,detail,1,81,XREOSEVJCQGCHE-MHPMNMKGNA-N,-10.007
HSP90AA1,m00,mut_s1,detail,1,82,ZHGPKHBXSKWZEQ-UHFFFAOYNA-N,-9.772
HSP90AA1,m00,mut_s1,detail,1,83,ZFAYPJJNPSNAFK-UHFFFAOYNA-N,-9.153
HSP90AA1,m00,mut_s1,detail,1,84,LTXMRAGWIDQTQT-MYUTVWBTNA-N,-11.134
HSP90AA1,m00,mut_s1,detail,1,85,VXQHYHSSGLOALC-SPEPDGBUNA-N,-8.822
HSP90AA1,m00,mut_s1,detail,1,86,KWDSFRAWCISROF-PJQSKVNONA-N,-9.812
HSP90AA1,m00,mut_s1,detail,1,87,ZJZXSQPHUQUHIV-ZGZFQTMPNA-N,-12.04
HSP90AA1,m00,mut_s1,detail,1,88,UYHIVPBYFWVWEJ-UHFFFAOYNA-N,-8.517
HSP90AA1,m00,mut_s1,detail,1,89,PLEFJSUCKRWHBY-LNNLXFCONA-N,-9.179
HSP90AA1,m00,mut_s1,detail,1,90,DNSRQCRQLKJUCC-PDJAEHLQNA-N,-8.479
HSP90AA1,m00,mut_s1,detail,1,91,PHYKZCBUNVYJNH-YDBXFXKPNA-N,-8.754
HSP90AA1,m00,mut_s1,detail,1,92,OOUHZBUAVKCDGA-UHFFFAOYNA-N,-9.254
HSP90AA1,m00,mut_s1,detail,1,93,UUQDFZFJDFMLHW-UHFFFAOYNA-N,-8.815
HSP90AA1,m00,mut_s1,detail,1,94,OOUDDHNLDLLUOL-SKKVRFOWNA-N,-9.577
HSP90AA1,m00,mut_s1,detail,1,95,ZDMQSUAMTLXUTE-MPIMZMORNA-N,-9.489
HSP90AA1,m00,mut_s1,detail,1,96,NMPLPABDEKPABN-UHFFFAOYNA-N,-8.747
HSP90AA1,m00,mut_s1,detail,1,97,INZRHGSVWGRHBM-NPVYFSBINA-N,-9.605
HSP90AA1,m00,mut_s1,detail,1,98,RVGCWMKVTAEQIH-LNNLXFCONA-N,-10.02
HSP90AA1,m00,mut_s1,detail,1,99,VRXWKRQOVMZBAF-LJQANCHMNA-N,-7.337
HSP90AA1,m00,mut_s1,detail,1,100,QACLWOIBBYOHQP-UYBDAZJANA-N,-8.759
HSP90AA1,m00,mut_s1,detail,1,101,ZNXSZVFPCBIELQ-LNNLXFCONA-N,-8.994
HSP90AA1,m00,mut_s1,detail,1,102,GKMWCCNMKRSQHR-VEKUMTKDNA-N,-8.949
HSP90AA1,m00,mut_s1,detail,1,103,FFGUSRSMWFYKGK-SKKVRFOWNA-N,-9.223
HSP90AA1,m00,mut_s1,detail,1,104,KXBDDGKXLZBLOM-SPEPDGBUNA-N,-8.803
HSP90AA1,m00,mut_s1,detail,1,105,MIUWULAZCXYTJW-MSHHZIMBNA-N,-10.292
HSP90AA1,m00,mut_s1,detail,1,106,JPZOYWVRFLZCIC-NJNXFGOHNA-N,-10.661
HSP90AA1,m00,mut_s1,detail,1,107,FAIQTLBYDVKBAB-DVIAZDKANA-N,-9.09
HSP90AA1,m00,mut_s1,detail,1,108,APFLRZZAOXCNAZ-UHFFFAOYNA-N,-10.315
HSP90AA1,m00,mut_s1,detail,1,109,BSQLDSQTGOZBFD-UHFFFAOYNA-N,-9.358
HSP90AA1,m00,mut_s1,detail,1,110,ZVVCFJXCDATSCC-UHFFFAOYNA-N,-8.96
HSP90AA1,m00,mut_s1,detail,1,111,SKEQTXZATFWVMB-UYBDAZJANA-N,-8.012
HSP90AA1,m00,mut_s1,detail,1,112,IATWYRHDJKMBQK-MPIMZMORNA-N,-8.874
HSP90AA1,m00,mut_s1,detail,1,113,JPWOEQDCUZCWKT-MPIMZMORNA-N,-7.822
HSP90AA1,m00,mut_s1,detail,1,114,RYHSAXRBHDHPPK-PKSOQXRJNA-N,-8.573
HSP90AA1,m00,mut_s1,detail,1,115,GKKJWUFVZJJFPG-MPIMZMORNA-N,-9.956
HSP90AA1,m00,mut_s1,detail,1,116,FDNZXFDUCINVLY-BDGWVKIONA-N,-8.684
HSP90AA1,m00,mut_s1,detail,1,117,KTBYKHKWIFIFAK-UHFFFAOYNA-N,-10.556
HSP90AA1,m00,mut_s1,detail,1,118,ZRXZEWGUECXTTQ-LQFNOIFHNA-N,-10.066
HSP90AA1,m00,mut_s1,detail,1,119,XNACBBGLIAJNJM-PECIQRARNA-N,-8.076
HSP90AA1,m00,mut_s1,detail,1,120,WQZYYJRVBIQUGH-YWZOXAELNA-N,-7.715
HSP90AA1,m00,mut_s1,detail,1,121,ABMSRNRLDZVJFV-SWUIVHNENA-N,-9.171
HSP90AA1,m00,mut_s1,detail,1,122,ZEACBIUBSOLEGW-QAITUMOCNA-N,-12.261
HSP90AA1,m00,mut_s1,detail,1,123,UBFCDXVLKFOOGL-OKPOJWAQNA-N,-11.136
HSP90AA1,m00,mut_s1,detail,1,124,RRIHVAFUFDANEX-NSJMMFDCNA-N,-9.249
HSP90AA1,m00,mut_s1,detail,1,125,HASIAUWPWKTSBW-SREBMQDQNA-N,-7.439
HSP90AA1,m00,mut_s1,detail,1,126,WHBCKYHTCHCHAY-LQFNOIFHNA-N,-7.871
HSP90AA1,m00,mut_s1,detail,1,127,XMAYWYJOQHXEEK-JYFHCDHNNA-N,-9.303
HSP90AA1,m00,mut_s1,detail,1,128,TVKCFCZANTZCSU-OYRHEFFENA-N,-10.812
HSP90AA1,m00,mut_s1,detail,1,129,OJFIIUWPOHBVMH-LNNLXFCONA-N,-7.372
HSP90AA1,m00,mut_s1,detail,1,130,DKLZMGFTGWKNCD-DIRLUKLVNA-N,-9.686
HSP90AA1,m00,mut_s1,detail,1,131,PYSLGWZFRQWTDD-PWIKPTQSNA-N,-11.416
HSP90AA1,m00,mut_s1,detail,1,132,MWMBIUUYBQWKJX-QTUCRYGENA-N,-9.329
HSP90AA1,m00,mut_s1,detail,1,133,FLYQFCXTEFTSQN-UHFFFAOYNA-N,-9.33
HSP90AA1,m00,mut_s1,detail,1,134,PBIBDSDWIMZYDT-WBWGZOKWNA-N,-8.707
HSP90AA1,m00,mut_s1,detail,1,135,GSRWMFGBDLHGBU-YEFLILRRNA-N,-8.567
HSP90AA1,m00,mut_s1,detail,1,136,AYIJJQHMZAEQKE-QDAGQJSJNA-N,-9.064
HSP90AA1,m00,mut_s1,detail,1,137,JVWTZUKPDMRNDC-FSAKADSPNA-N,-10.212
HSP90AA1,m00,mut_s1,detail,1,138,XAZPLOLSRXZDBO-LBZABMTDNA-N,-9.04
HSP90AA1,m00,mut_s1,detail,1,139,RGWVFJBNHCWCTL-CFEGKOCINA-N,-9.018
HSP90AA1,m00,mut_s1,detail,1,140,YYWNRQZCPIMCAK-UHFFFAOYNA-N,-10.467
HSP90AA1,m00,mut_s1,detail,1,141,PBTZDKNKXRSZPM-XBXBPLPCNA-N,-9.82
HSP90AA1,m00,mut_s1,detail,1,142,QQPOIMHFFPBDQM-LELJVTLKNA-N,-8.103
HSP90AA1,m00,mut_s1,detail,1,143,NYFQURFFDGCBCB-MAQJPOOANA-N,-8.679
HSP90AA1,m00,mut_s1,detail,1,144,HXZVHWHABLBWBS-MTTPVDACNA-N,-10.755
HSP90AA1,m00,mut_s1,detail,1,145,IWYYSOJWYLZKLK-LELJVTLKNA-N,-8.509
HSP90AA1,m00,mut_s1,detail,1,146,HOGUCNPGZXMBGW-UHFFFAOYNA-N,-9.66
HSP90AA1,m00,mut_s1,detail,1,147,VITUDJAVASFPKN-DUFUIDNCNA-N,-9.125
HSP90AA1,m00,mut_s1,detail,1,148,IXAHDCRYEUYPBG-SCXYCHFONA-N,-11.457
HSP90AA1,m00,mut_s1,detail,1,149,JWHMEKMLAZQDNS-OZMOGHDGNA-N,-9.381
HSP90AA1,m00,mut_s1,detail,1,150,BZWNBTIJLRHNDZ-LBOYIXSDNA-N,-9.697
HSP90AA1,m00,mut_s1,detail,1,151,RECYROBESYRUML-UHFFFAOYNA-N,-9.894
HSP90AA1,m00,mut_s1,detail,1,152,MLDSJJJLQRZNKW-UHBIVWOUNA-N,-9.612
HSP90AA1,m00,mut_s1,detail,1,153,XTWIHJARHCYNFX-PHXLCVRDNA-N,-8.818
HSP90AA1,m00,mut_s1,detail,1,154,UQGFETVWTRDGKJ-UHFFFAOYNA-N,-9.182
HSP90AA1,m00,mut_s1,detail,1,155,VJFSMDWEMFOWDK-CYSPOYASNA-N,-9.827
HSP90AA1,m00,mut_s1,detail,1,156,NZYLXYBIWNIAGH-CYSPOYASNA-N,-10.462
HSP90AA1,m00,mut_s1,detail,1,157,ODXCWFOKLBJQNP-MPIMZMORNA-N,-8.704
HSP90AA1,m00,mut_s1,detail,1,158,FVDNMAPPDSKXKQ-UHFFFAOYNA-N,-11.281
HSP90AA1,m00,mut_s1,detail,1,159,DOPWMPRIRWTOOD-CCHPKIMANA-N,-8.559
HSP90AA1,m01,mut_s1,detail,1,0,URVMSYHISUZXNH-UYBDAZJANA-N,-8.788
HSP90AA1,m01,mut_s1,detail,1,1,KXRPCFINVWWFHQ-UHFFFAOYNA-N,-4.976
HSP90AA1,m01,mut_s1,detail,1,2,NICJTSHRYBTHAS-YHMJCDSINA-N,-7.45
HSP90AA1,m01,mut_s1,detail,1,3,SWRZVDTZHDWPDS-AWIDAIFANA-N,-8.737
HSP90AA1,m01,mut_s1,detail,1,4,RKNSLLSUFWWYCA-UHFFFAOYNA-N,-8.872
HSP90AA1,m01,mut_s1,detail,1,5,OZFSIKFTRRUDES-RIYZIHGNNA-N,-6.807
HSP90AA1,m01,mut_s1,detail,1,6,AAGGUCRASUJPPN-UHFFFAOYNA-N,-8.543
HSP90AA1,m01,mut_s1,detail,1,7,OYHXDPMAFYHDNG-YAQRNVERNA-N,-7.41
HSP90AA1,m01,mut_s1,detail,1,8,AWILWAIEQYZUEQ-UHFFFAOYNA-N,-6.491
HSP90AA1,m01,mut_s1,detail,1,9,WSFAXHLMQUUHQT-VMPITWQZNA-N,-7.999
HSP90AA1,m01,mut_s1,detail,1,10,WPHMTVNOXKBZKN-UHFFFAOYNA-N,-6.871
HSP90AA1,m01,mut_s1,detail,1,11,LPEIZNODGHDCCW-UHFFFAOYNA-N,-6.833
HSP90AA1,m01,mut_s1,detail,1,12,QQHWWDVSRWOHEP-LILDFLRNNA-N,-9.264
HSP90AA1,m01,mut_s1,detail,1,13,UMEVSSPGBFVQNC-UHFFFAOYNA-N,-6.275
HSP90AA1,m01,mut_s1,detail,1,14,VZDIOEKWWZRNQN-UHFFFAOYNA-N,-9.537
HSP90AA1,m01,mut_s1,detail,1,15,JEVLDOUORFAHRS-NDKGDYFDNA-N,-7.609
HSP90AA1,m01,mut_s1,detail,1,16,NFTGJNJRMWUBPG-GPQMBLKYNA-N,-8.588
HSP90AA1,m01,mut_s1,detail,1,17,UMUUTEZBWGDVDA-UHFFFAOYNA-N,-7.789
HSP90AA1,m01,mut_s1,detail,1,18,VLQKEPLNPGYNDJ-HCKMINDGNA-N,-8.317
HSP90AA1,m01,mut_s1,detail,1,19,PPMVTAATPZLMJM-CDDDEJBQNA-N,-8.147
HSP90AA1,m01,mut_s1,detail,1,20,AHLYFAKLKLMESK-YAQRNVERNA-N,-7.615
HSP90AA1,m01,mut_s1,detail,1,21,GYEJYLAGVWRSIM-KGJHZMDYNA-N,-7.479
HSP90AA1,m01,mut_s1,detail,1,22,RXVALSLAUOIYLW-UHFFFAOYNA-N,-7.739
HSP90AA1,m01,mut_s1,detail,1,23,NSELYIFATLFDOZ-JLGFQASFNA-N,-8.318
HSP90AA1,m01,mut_s1,detail,1,24,COQFBYACOHFCEC-UHFFFAOYNA-N,-7.333
HSP90AA1,m01,mut_s1,detail,1,25,CJGJXFCLDYQBFQ-YJGXKCCXNA-N,-8.612
HSP90AA1,m01,mut_s1,detail,1,26,BWNGRRJLFYHENY-INIZCTEONA-N,-7.667
HSP90AA1,m01,mut_s1,detail,1,27,BNRFXWSJKVJVOF-UYBDAZJANA-N,-9.788
HSP90AA1,m01,mut_s1,detail,1,28,DMULMZBZVBBWBY-PJZINPJWNA-N,-8.823
HSP90AA1,m01,mut_s1,detail,1,29,AXLAIGJGNKHDPO-UHFFFAOYNA-N,-6.953
HSP90AA1,m01,mut_s1,detail,1,30,RKDGAONZEPYEBT-WXRBYKJCNA-N,-7.163
HSP90AA1,m01,mut_s1,detail,1,31,MBOYDUZSCSNUQL-MBBDSNKKNA-N,-7.701
HSP90AA1,m01,mut_s1,detail,1,32,KPVDBHRTXOFQDK-YAQRNVERNA-N,-7.253
HSP90AA1,m01,mut_s1,detail,1,33,LVCNFMYUKISBSB-VJSNTGQMNA-N,-8.716
HSP90AA1,m01,mut_s1,detail,1,34,XLAHCIRKLMJUQC-DZQCGVKKNA-N,-9.083
HSP90AA1,m01,mut_s1,detail,1,35,QNYHDABGLCBJOE-SHHGZXMVNA-N,-8.911
HSP90AA1,m01,mut_s1,detail,1,36,HEKNRISBWSPMOG-OWTLIXCDNA-N,-7.896
HSP90AA1,m01,mut_s1,detail,1,37,VIRNXCRLEVZXNX-LILDFLRNNA-N,-8.48
HSP90AA1,m01,mut_s1,detail,1,38,SRTGERSEXJGDMR-UHFFFAOYNA-N,-8.238
HSP90AA1,m01,mut_s1,detail,1,39,ZGMGSSRLZJYOKH-WXRBYKJCNA-N,-7.453
HSP90AA1,m01,mut_s1,detail,1,40,VGYFDFRFGHHCDA-CUTUCBJDNA-N,-9.385
HSP90AA1,m01,mut_s1,detail,1,41,DILPMLYWQJPNLO-HCKMINDGNA-N,-8.917
HSP90AA1,m01,mut_s1,detail,1,42,RSOODJIGEVJLMK-LQFNOIFHNA-N,-9.542
HSP90AA1,m01,mut_s1,detail,1,43,OWHHWMUAYBIQPR-UHFFFAOYNA-N,-9.521
HSP90AA1,m01,mut_s1,detail,1,44,KPIKMVZJKZDOFC-UHFFFAOYNA-N,-9.221
HSP90AA1,m01,mut_s1,detail,1,45,DIKDKRUREJXLMR-DPMTXJEANA-N,-9.807
HSP90AA1,m01,mut_s1,detail,1,46,QRVJDPKQHAVBDK-UYBDAZJANA-N,-6.943
HSP90AA1,m01,mut_s1,detail,1,47,SGBSFKSDPWOALT-UYBDAZJANA-N,-8.539
HSP90AA1,m01,mut_s1,detail,1,48,CYHFRNFVZWVHCG-OTJKMEOQNA-N,-8.597
HSP90AA1,m01,mut_s1,detail,1,49,MJUDQDHXCQONOA-MPIMZMORNA-N,-8.898
HSP90AA1,m01,mut_s1,detail,1,50,RNVYRNLUUYNQAS-PKSOQXRJNA-N,-8.015
HSP90AA1,m01,mut_s1,detail,1,51,DLZXOZYETDVJEB-QWOVJGMINA-N,-7.264
HSP90AA1,m01,mut_s1,detail,1,52,HSICVZRDGBJSEL-GPQMBLKYNA-N,-8.459
HSP90AA1,m01,mut_s1,detail,1,53,HMRUHHFLIMYEAF-QNGOCPJXNA-N,-7.848
HSP90AA1,m01,mut_s1,detail,1,54,ZZOWQPSBJUXHCA-YSPRVCGUNA-N,-10.078
HSP90AA1,m01,mut_s1,detail,1,55,WDDJLHOUFWSQSV-UHFFFAOYNA-N,-9.518
HSP90AA1,m01,mut_s1,detail,1,56,UKLIIGXGTPSYBF-IBCWCQIKNA-N,-8.197
HSP90AA1,m01,mut_s1,detail,1,57,LNPOBRXJZYGQMS-MOHJPFBDNA-N,-9.379
HSP90AA1,m01,mut_s1,detail,1,58,FYILBFPPKIZBTO-UHFFFAOYNA-N,-7.757
HSP90AA1,m01,mut_s1,detail,1,59,MIKIJFODTJGFDI-LILDFLRNNA-N,-8.562
HSP90AA1,m01,mut_s1,detail,1,60,RUWCNSLWWCWTSU-LILDFLRNNA-N,-9.181
HSP90AA1,m01,mut_s1,detail,1,61,KLQWCHKIQJHYIB-UHFFFAOYNA-N,-9.818
HSP90AA1,m01,mut_s1,detail,1,62,QKAWGENQCGFAOE-NPVYFSBINA-N,-8.812
HSP90AA1,m01,mut_s1,detail,1,63,KGOKCBRZBBEYBE-MMRXBHCZNA-N,-9.615
HSP90AA1,m01,mut_s1,detail,1,64,ROFRXCLSWKEWTN-UHFFFAOYNA-N,-7.762
HSP90AA1,m01,mut_s1,detail,1,65,AKRMJNKLSCBEME-FPYGCLRLNA-N,-8.087
HSP90AA1,m01,mut_s1,detail,1,66,LCGJUJZLLYTYIF-XMFFZCEENA-N,-9.114
HSP90AA1,m01,mut_s1,detail,1,67,FREQNFSEYLEFOI-QRCVEOAVNA-N,-8.449
HSP90AA1,m01,mut_s1,detail,1,68,MHMINAYLMNBGSM-UHFFFAOYNA-N,-7.847
HSP90AA1,m01,mut_s1,detail,1,69,SYMNTBHEGHFZMV-UHFFFAOYNA-N,-7.546
HSP90AA1,m01,mut_s1,detail,1,70,NNCRWGMPCGSKOO-LILDFLRNNA-N,-7.705
HSP90AA1,m01,mut_s1,detail,1,71,ZCRRNCCNJMRGFI-UHFFFAOYNA-N,-9.091
HSP90AA1,m01,mut_s1,detail,1,72,PYVZEIBGEUQNQQ-UHFFFAOYNA-N,-9.176
HSP90AA1,m01,mut_s1,detail,1,73,OROJQWVRCGJACT-XBTAAFKLNA-N,-9.81
HSP90AA1,m01,mut_s1,detail,1,74,TXYUWXKCUDOUGU-JLGFQASFNA-N,-7.494
HSP90AA1,m01,mut_s1,detail,1,75,LAZANALODSEDSE-UHFFFAOYNA-N,-8.176
HSP90AA1,m01,mut_s1,detail,1,76,RJXCYVJLXGRCHK-UHFFFAOYNA-N,-9.716
HSP90AA1,m01,mut_s1,detail,1,77,FUSKIBWHJAWEFI-IEJAXPBYNA-N,-9.074
HSP90AA1,m01,mut_s1,detail,1,78,SGWVLOCBQLQWQV-UHFFFAOYNA-N,-8.559
HSP90AA1,m01,mut_s1,detail,1,79,PPXRQTYXLZCDAZ-QWOVJGMINA-N,-8.588
HSP90AA1,m01,mut_s1,detail,1,80,DIFBADFWLVYFHV-LELJVTLKNA-N,-9.448
HSP90AA1,m01,mut_s1,detail,1,81,XREOSEVJCQGCHE-MHPMNMKGNA-N,-9.939
HSP90AA1,m01,mut_s1,detail,1,82,ZHGPKHBXSKWZEQ-UHFFFAOYNA-N,-8.66
HSP90AA1,m01,mut_s1,detail,1,83,ZFAYPJJNPSNAFK-UHFFFAOYNA-N,-9.196
HSP90AA1,m01,mut_s1,detail,1,84,LTXMRAGWIDQTQT-MYUTVWBTNA-N,-10.573
HSP90AA1,m01,mut_s1,detail,1,85,VXQHYHSSGLOALC-SPEPDGBUNA-N,-9.686
HSP90AA1,m01,mut_s1,detail,1,86,KWDSFRAWCISROF-PJQSKVNONA-N,-9.108
HSP90AA1,m01,mut_s1,detail,1,87,ZJZXSQPHUQUHIV-ZGZFQTMPNA-N,-10.489
HSP90AA1,m01,mut_s1,detail,1,88,UYHIVPBYFWVWEJ-UHFFFAOYNA-N,-9.427
HSP90AA1,m01,mut_s1,detail,1,89,PLEFJSUCKRWHBY-LNNLXFCONA-N,-9.361
HSP90AA1,m01,mut_s1,detail,1,90,DNSRQCRQLKJUCC-PDJAEHLQNA-N,-8.54
HSP90AA1,m01,mut_s1,detail,1,91,PHYKZCBUNVYJNH-YDBXFXKPNA-N,-6.836
HSP90AA1,m01,mut_s1,detail,1,92,OOUHZBUAVKCDGA-UHFFFAOYNA-N,-8.735
HSP90AA1,m01,mut_s1,detail,1,93,UUQDFZFJDFMLHW-UHFFFAOYNA-N,-9.075
HSP90AA1,m01,mut_s1,detail,1,94,OOUDDHNLDLLUOL-SKKVRFOWNA-N,-10.399
HSP90AA1,m01,mut_s1,detail,1,95,ZDMQSUAMTLXUTE-MPIMZMORNA-N,-8.81
HSP90AA1,m01,mut_s1,detail,1,96,NMPLPABDEKPABN-UHFFFAOYNA-N,-8.477
HSP90AA1,m01,mut_s1,detail,1,97,INZRHGSVWGRHBM-NPVYFSBINA-N,-9.542
HSP90AA1,m01,mut_s1,detail,1,98,RVGCWMKVTAEQIH-LNNLXFCONA-N,-9.793
HSP90AA1,m01,mut_s1,detail,1,99,VRXWKRQOVMZBAF-LJQANCHMNA-N,-8.545
HSP90AA1,m01,mut_s1,detail,1,100,QACLWOIBBYOHQP-UYBDAZJANA-N,-8.167
HSP90AA1,m01,mut_s1,detail,1,101,ZNXSZVFPCBIELQ-LNNLXFCONA-N,-7.763
HSP90AA1,m01,mut_s1,detail,1,102,GKMWCCNMKRSQHR-VEKUMTKDNA-N,-8.929
HSP90AA1,m01,mut_s1,detail,1,103,FFGUSRSMWFYKGK-SKKVRFOWNA-N,-9.718
HSP90AA1,m01,mut_s1,detail,1,104,KXBDDGKXLZBLOM-SPEPDGBUNA-N,-8.837
HSP90AA1,m01,mut_s1,detail,1,105,MIUWULAZCXYTJW-MSHHZIMBNA-N,-10.246
HSP90AA1,m01,mut_s1,detail,1,106,JPZOYWVRFLZCIC-NJNXFGOHNA-N,-11.134
HSP90AA1,m01,mut_s1,detail,1,107,FAIQTLBYDVKBAB-DVIAZDKANA-N,-9.557
HSP90AA1,m01,mut_s1,detail,1,108,APFLRZZAOXCNAZ-UHFFFAOYNA-N,-9.22
HSP90AA1,m01,mut_s1,detail,1,109,BSQLDSQTGOZBFD-UHFFFAOYNA-N,-8.821
HSP90AA1,m01,mut_s1,detail,1,110,ZVVCFJXCDATSCC-UHFFFAOYNA-N,-8.617
HSP90AA1,m01,mut_s1,detail,1,111,SKEQTXZATFWVMB-UYBDAZJANA-N,-7.589
HSP90AA1,m01,mut_s1,detail,1,112,IATWYRHDJKMBQK-MPIMZMORNA-N,-8.675
HSP90AA1,m01,mut_s1,detail,1,113,JPWOEQDCUZCWKT-MPIMZMORNA-N,-7.793
HSP90AA1,m01,mut_s1,detail,1,114,RYHSAXRBHDHPPK-PKSOQXRJNA-N,-9.079
HSP90AA1,m01,mut_s1,detail,1,115,GKKJWUFVZJJFPG-MPIMZMORNA-N,-10.055
HSP90AA1,m01,mut_s1,detail,1,116,FDNZXFDUCINVLY-BDGWVKIONA-N,-8.309
HSP90AA1,m01,mut_s1,detail,1,117,KTBYKHKWIFIFAK-UHFFFAOYNA-N,-11.01
HSP90AA1,m01,mut_s1,detail,1,118,ZRXZEWGUECXTTQ-LQFNOIFHNA-N,-9.641
HSP90AA1,m01,mut_s1,detail,1,119,XNACBBGLIAJNJM-PECIQRARNA-N,-9.23
HSP90AA1,m01,mut_s1,detail,1,120,WQZYYJRVBIQUGH-YWZOXAELNA-N,-7.401
HSP90AA1,m01,mut_s1,detail,1,121,ABMSRNRLDZVJFV-SWUIVHNENA-N,-9.505
HSP90AA1,m01,mut_s1,detail,1,122,ZEACBIUBSOLEGW-QAITUMOCNA-N,-9.735
HSP90AA1,m01,mut_s1,detail,1,123,UBFCDXVLKFOOGL-OKPOJWAQNA-N,-9.494
HSP90AA1,m01,mut_s1,detail,1,124,RRIHVAFUFDANEX-NSJMMFDCNA-N,-8.961
HSP90AA1,m01,mut_s1,detail,1,125,HASIAUWPWKTSBW-SREBMQDQNA-N,-8.845
HSP90AA1,m01,mut_s1,detail,1,126,WHBCKYHTCHCHAY-LQFNOIFHNA-N,-9.545
HSP90AA1,m01,mut_s1,detail,1,127,XMAYWYJOQHXEEK-JYFHCDHNNA-N,-8.8
HSP90AA1,m01,mut_s1,detail,1,128,TVKCFCZANTZCSU-OYRHEFFENA-N,-9.52
HSP90AA1,m01,mut_s1,detail,1,129,OJFIIUWPOHBVMH-LNNLXFCONA-N,-7.595
HSP90AA1,m01,mut_s1,detail,1,130,DKLZMGFTGWKNCD-DIRLUKLVNA-N,-10.401
HSP90AA1,m01,mut_s1,detail,1,131,PYSLGWZFRQWTDD-PWIKPTQSNA-N,-10.45
HSP90AA1,m01,mut_s1,detail,1,132,MWMBIUUYBQWKJX-QTUCRYGENA-N,-9.258
HSP90AA1,m01,mut_s1,detail,1,133,FLYQFCXTEFTSQN-UHFFFAOYNA-N,-8.484
HSP90AA1,m01,mut_s1,detail,1,134,PBIBDSDWIMZYDT-WBWGZOKWNA-N,-9.061
HSP90AA1,m01,mut_s1,detail,1,135,GSRWMFGBDLHGBU-YEFLILRRNA-N,-7.366
HSP90AA1,m01,mut_s1,detail,1,136,AYIJJQHMZAEQKE-QDAGQJSJNA-N,-11.331
HSP90AA1,m01,mut_s1,detail,1,137,JVWTZUKPDMRNDC-FSAKADSPNA-N,-10.241
HSP90AA1,m01,mut_s1,detail,1,138,XAZPLOLSRXZDBO-LBZABMTDNA-N,-8.688
HSP90AA1,m01,mut_s1,detail,1,139,RGWVFJBNHCWCTL-CFEGKOCINA-N,-8.967
HSP90AA1,m01,mut_s1,detail,1,140,YYWNRQZCPIMCAK-UHFFFAOYNA-N,-10.321
HSP90AA1,m01,mut_s1,detail,1,141,PBTZDKNKXRSZPM-XBXBPLPCNA-N,-9.538
HSP90AA1,m01,mut_s1,detail,1,142,QQPOIMHFFPBDQM-LELJVTLKNA-N,-9.811
HSP90AA1,m01,mut_s1,detail,1,143,NYFQURFFDGCBCB-MAQJPOOANA-N,-7.995
HSP90AA1,m01,mut_s1,detail,1,144,HXZVHWHABLBWBS-MTTPVDACNA-N,-11.464
HSP90AA1,m01,mut_s1,detail,1,145,IWYYSOJWYLZKLK-LELJVTLKNA-N,-7.917
HSP90AA1,m01,mut_s1,detail,1,146,HOGUCNPGZXMBGW-UHFFFAOYNA-N,-10.351
HSP90AA1,m01,mut_s1,detail,1,147,VITUDJAVASFPKN-DUFUIDNCNA-N,-9.3
HSP90AA1,m01,mut_s1,detail,1,148,IXAHDCRYEUYPBG-SCXYCHFONA-N,-11.41
HSP90AA1,m01,mut_s1,detail,1,149,JWHMEKMLAZQDNS-OZMOGHDGNA-N,-7.996
HSP90AA1,m01,mut_s1,detail,1,150,BZWNBTIJLRHNDZ-LBOYIXSDNA-N,-8.915
HSP90AA1,m01,mut_s1,detail,1,151,RECYROBESYRUML-UHFFFAOYNA-N,-9.731
HSP90AA1,m01,mut_s1,detail,1,152,MLDSJJJLQRZNKW-UHBIVWOUNA-N,-9.341
HSP90AA1,m01,mut_s1,detail,1,153,XTWIHJARHCYNFX-PHXLCVRDNA-N,-8.074
HSP90AA1,m01,mut_s1,detail,1,154,UQGFETVWTRDGKJ-UHFFFAOYNA-N,-9.29
HSP90AA1,m01,mut_s1,detail,1,155,VJFSMDWEMFOWDK-CYSPOYASNA-N,-9.152
HSP90AA1,m01,mut_s1,detail,1,156,NZYLXYBIWNIAGH-CYSPOYASNA-N,-9.746
HSP90AA1,m01,mut_s1,detail,1,157,ODXCWFOKLBJQNP-MPIMZMORNA-N,-8.997
HSP90AA1,m01,mut_s1,detail,1,158,FVDNMAPPDSKXKQ-UHFFFAOYNA-N,-10.293
HSP90AA1,m01,mut_s1,detail,1,159,DOPWMPRIRWTOOD-CCHPKIMANA-N,-8.76
HSP90AA1,m02,mut_s1,detail,1,0,URVMSYHISUZXNH-UYBDAZJANA-N,-8.79
HSP90AA1,m02,mut_s1,detail,1,1,KXRPCFINVWWFHQ-UHFFFAOYNA-N,-5.557
HSP90AA1,m02,mut_s1,detail,1,2,NICJTSHRYBTHAS-YHMJCDSINA-N,-7.518
HSP90AA1,m02,mut_s1,detail,1,3,SWRZVDTZHDWPDS-AWIDAIFANA-N,-8.064
HSP90AA1,m02,mut_s1,detail,1,4,RKNSLLSUFWWYCA-UHFFFAOYNA-N,-8.528
HSP90AA1,m02,mut_s1,detail,1,5,OZFSIKFTRRUDES-RIYZIHGNNA-N,-6.857
HSP90AA1,m02,mut_s1,detail,1,6,AAGGUCRASUJPPN-UHFFFAOYNA-N,-8.373
HSP90AA1,m02,mut_s1,detail,1,7,OYHXDPMAFYHDNG-YAQRNVERNA-N,-7.513
HSP90AA1,m02,mut_s1,detail,1,8,AWILWAIEQYZUEQ-UHFFFAOYNA-N,-7.294
HSP90AA1,m02,mut_s1,detail,1,9,WSFAXHLMQUUHQT-VMPITWQZNA-N,-7.772
HSP90AA1,m02,mut_s1,detail,1,10,WPHMTVNOXKBZKN-UHFFFAOYNA-N,-6.76
HSP90AA1,m02,mut_s1,detail,1,11,LPEIZNODGHDCCW-UHFFFAOYNA-N,-7.301
HSP90AA1,m02,mut_s1,detail,1,12,QQHWWDVSRWOHEP-LILDFLRNNA-N,-9.3
HSP90AA1,m02,mut_s1,detail,1,13,UMEVSSPGBFVQNC-UHFFFAOYNA-N,-6.284
HSP90AA1,m02,mut_s1,detail,1,14,VZDIOEKWWZRNQN-UHFFFAOYNA-N,-9.727
HSP90AA1,m02,mut_s1,detail,1,15,JEVLDOUORFAHRS-NDKGDYFDNA-N,-7.41
HSP90AA1,m02,mut_s1,detail,1,16,NFTGJNJRMWUBPG-GPQMBLKYNA-N,-8.557
HSP90AA1,m02,mut_s1,detail,1,17,UMUUTEZBWGDVDA-UHFFFAOYNA-N,-7.852
HSP90AA1,m02,mut_s1,detail,1,18,VLQKEPLNPGYNDJ-HCKMINDGNA-N,-8.101
HSP90AA1,m02,mut_s1,detail,1,19,PPMVTAATPZLMJM-CDDDEJBQNA-N,-7.755
HSP90AA1,m02,mut_s1,detail,1,20,AHLYFAKLKLMESK-YAQRNVERNA-N,-7.757
HSP90AA1,m02,mut_s1,detail,1,21,GYEJYLAGVWRSIM-KGJHZMDYNA-N,-7.125
HSP90AA1,m02,mut_s1,detail,1,22,RXVALSLAUOIYLW-UHFFFAOYNA-N,-7.773
HSP90AA1,m02,mut_s1,detail,1,23,NSELYIFATLFDOZ-JLGFQASFNA-N,-8.076
HSP90AA1,m02,mut_s1,detail,1,24,COQFBYACOHFCEC-UHFFFAOYNA-N,-6.708
HSP90AA1,m02,mut_s1,detail,1,25,CJGJXFCLDYQBFQ-YJGXKCCXNA-N,-8.781
HSP90AA1,m02,mut_s1,detail,1,26,BWNGRRJLFYHENY-INIZCTEONA-N,-7.778
HSP90AA1,m02,mut_s1,detail,1,27,BNRFXWSJKVJVOF-UYBDAZJANA-N,-9.573
HSP90AA1,m02,mut_s1,detail,1,28,DMULMZBZVBBWBY-PJZINPJWNA-N,-9.01
HSP90AA1,m02,mut_s1,detail,1,29,AXLAIGJGNKHDPO-UHFFFAOYNA-N,-6.39
HSP90AA1,m02,mut_s1,detail,1,30,RKDGAONZEPYEBT-WXRBYKJCNA-N,-7.218
HSP90AA1,m02,mut_s1,detail,1,31,MBOYDUZSCSNUQL-MBBDSNKKNA-N,-7.859
HSP90AA1,m02,mut_s1,detail,1,32,KPVDBHRTXOFQDK-YAQRNVERNA-N,-7.557
HSP90AA1,m02,mut_s1,detail,1,33,LVCNFMYUKISBSB-VJSNTGQMNA-N,-8.688
HSP90AA1,m02,mut_s1,detail,1,34,XLAHCIRKLMJUQC-DZQCGVKKNA-N,-8.902
HSP90AA1,m02,mut_s1,detail,1,35,QNYHDABGLCBJOE-SHHGZXMVNA-N,-8.65
HSP90AA1,m02,mut_s1,detail,1,36,HEKNRISBWSPMOG-OWTLIXCDNA-N,-6.521
HSP90AA1,m02,mut_s1,detail,1,37,VIRNXCRLEVZXNX-LILDFLRNNA-N,-8.508
HSP90AA1,m02,mut_s1,detail,1,38,SRTGERSEXJGDMR-UHFFFAOYNA-N,-8.174
HSP90AA1,m02,mut_s1,detail,1,39,ZGMGSSRLZJYOKH-WXRBYKJCNA-N,-7.211
HSP90AA1,m02,mut_s1,detail,1,40,VGYFDFRFGHHCDA-CUTUCBJDNA-N,-8.439
HSP90AA1,m02,mut_s1,detail,1,41,DILPMLYWQJPNLO-HCKMINDGNA-N,-9.447
HSP90AA1,m02,mut_s1,detail,1,42,RSOODJIGEVJLMK-LQFNOIFHNA-N,-9.421
HSP90AA1,m02,mut_s1,detail,1,43,OWHHWMUAYBIQPR-UHFFFAOYNA-N,-9.013
HSP90AA1,m02,mut_s1,detail,1,44,KPIKMVZJKZDOFC-UHFFFAOYNA-N,-9.226
HSP90AA1,m02,mut_s1,detail,1,45,DIKDKRUREJXLMR-DPMTXJEANA-N,-9.777
HSP90AA1,m02,mut_s1,detail,1,46,QRVJDPKQHAVBDK-UYBDAZJANA-N,-7.06
HSP90AA1,m02,mut_s1,detail,1,47,SGBSFKSDPWOALT-UYBDAZJANA-N,-8.858
HSP90AA1,m02,mut_s1,detail,1,48,CYHFRNFVZWVHCG-OTJKMEOQNA-N,-9.171
HSP90AA1,m02,mut_s1,detail,1,49,MJUDQDHXCQONOA-MPIMZMORNA-N,-9.097
HSP90AA1,m02,mut_s1,detail,1,50,RNVYRNLUUYNQAS-PKSOQXRJNA-N,-7.852
HSP90AA1,m02,mut_s1,detail,1,51,DLZXOZYETDVJEB-QWOVJGMINA-N,-7.7
HSP90AA1,m02,mut_s1,detail,1,52,HSICVZRDGBJSEL-GPQMBLKYNA-N,-7.914
HSP90AA1,m02,mut_s1,detail,1,53,HMRUHHFLIMYEAF-QNGOCPJXNA-N,-7.772
HSP90AA1,m02,mut_s1,detail,1,54,ZZOWQPSBJUXHCA-YSPRVCGUNA-N,-10.108
HSP90AA1,m02,mut_s1,detail,1,55,WDDJLHOUFWSQSV-UHFFFAOYNA-N,-9.742
HSP90AA1,m02,mut_s1,detail,1,56,UKLIIGXGTPSYBF-IBCWCQIKNA-N,-8.316
HSP90AA1,m02,mut_s1,detail,1,57,LNPOBRXJZYGQMS-MOHJPFBDNA-N,-8.95
HSP90AA1,m02,mut_s1,detail,1,58,FYILBFPPKIZBTO-UHFFFAOYNA-N,-7.979
HSP90AA1,m02,mut_s1,detail,1,59,MIKIJFODTJGFDI-LILDFLRNNA-N,-8.512
HSP90AA1,m02,mut_s1,detail,1,60,RUWCNSLWWCWTSU-LILDFLRNNA-N,-9.99
HSP90AA1,m02,mut_s1,detail,1,61,KLQWCHKIQJHYIB-UHFFFAOYNA-N,-9.576
HSP90AA1,m02,mut_s1,detail,1,62,QKAWGENQCGFAOE-NPVYFSBINA-N,-8.664
HSP90AA1,m02,mut_s1,detail,1,63,KGOKCBRZBBEYBE-MMRXBHCZNA-N,-9.923
HSP90AA1,m02,mut_s1,detail,1,64,ROFRXCLSWKEWTN-UHFFFAOYNA-N,-7.839
HSP90AA1,m02,mut_s1,detail,1,65,AKRMJNKLSCBEME-FPYGCLRLNA-N,-7.954
HSP90AA1,m02,mut_s1,detail,1,66,LCGJUJZLLYTYIF-XMFFZCEENA-N,-8.868
HSP90AA1,m02,mut_s1,detail,1,67,FREQNFSEYLEFOI-QRCVEOAVNA-N,-8.195
HSP90AA1,m02,mut_s1,detail,1,68,MHMINAYLMNBGSM-UHFFFAOYNA-N,-7.209
HSP90AA1,m02,mut_s1,detail,1,69,SYMNTBHEGHFZMV-UHFFFAOYNA-N,-7.234
HSP90AA1,m02,mut_s1,detail,1,70,NNCRWGMPCGSKOO-LILDFLRNNA-N,-7.42
HSP90AA1,m02,mut_s1,detail,1,71,ZCRRNCCNJMRGFI-UHFFFAOYNA-N,-8.577
HSP90AA1,m02,mut_s1,detail,1,72,PYVZEIBGEUQNQQ-UHFFFAOYNA-N,-8.96
HSP90AA1,m02,mut_s1,detail,1,73,OROJQWVRCGJACT-XBTAAFKLNA-N,-9.862
HSP90AA1,m02,mut_s1,detail,1,74,TXYUWXKCUDOUGU-JLGFQASFNA-N,-7.724
HSP90AA1,m02,mut_s1,detail,1,75,LAZANALODSEDSE-UHFFFAOYNA-N,-8.168
HSP90AA1,m02,mut_s1,detail,1,76,RJXCYVJLXGRCHK-UHFFFAOYNA-N,-9.321
HSP90AA1,m02,mut_s1,detail,1,77,FUSKIBWHJAWEFI-IEJAXPBYNA-N,-7.777
HSP90AA1,m02,mut_s1,detail,1,78,SGWVLOCBQLQWQV-UHFFFAOYNA-N,-8.626
HSP90AA1,m02,mut_s1,detail,1,79,PPXRQTYXLZCDAZ-QWOVJGMINA-N,-8.908
HSP90AA1,m02,mut_s1,detail,1,80,DIFBADFWLVYFHV-LELJVTLKNA-N,-9.606
HSP90AA1,m02,mut_s1,detail,1,81,XREOSEVJCQGCHE-MHPMNMKGNA-N,-10.203
HSP90AA1,m02,mut_s1,detail,1,82,ZHGPKHBXSKWZEQ-UHFFFAOYNA-N,-8.761
HSP90AA1,m02,mut_s1,detail,1,83,ZFAYPJJNPSNAFK-UHFFFAOYNA-N,-8.37
HSP90AA1,m02,mut_s1,detail,1,84,LTXMRAGWIDQTQT-MYUTVWBTNA-N,-11.035
HSP90AA1,m02,mut_s1,detail,1,85,VXQHYHSSGLOALC-SPEPDGBUNA-N,-9.804
HSP90AA1,m02,mut_s1,detail,1,86,KWDSFRAWCISROF-PJQSKVNONA-N,-8.849
HSP90AA1,m02,mut_s1,detail,1,87,ZJZXSQPHUQUHIV-ZGZFQTMPNA-N,-10.428
HSP90AA1,m02,mut_s1,detail,1,88,UYHIVPBYFWVWEJ-UHFFFAOYNA-N,-9.485
HSP90AA1,m02,mut_s1,detail,1,89,PLEFJSUCKRWHBY-LNNLXFCONA-N,-9.342
HSP90AA1,m02,mut_s1,detail,1,90,DNSRQCRQLKJUCC-PDJAEHLQNA-N,-8.477
HSP90AA1,m02,mut_s1,detail,1,91,PHYKZCBUNVYJNH-YDBXFXKPNA-N,-7.189
HSP90AA1,m02,mut_s1,detail,1,92,OOUHZBUAVKCDGA-UHFFFAOYNA-N,-9.045
HSP90AA1,m02,mut_s1,detail,1,93,UUQDFZFJDFMLHW-UHFFFAOYNA-N,-8.44
HSP90AA1,m02,mut_s1,detail,1,94,OOUDDHNLDLLUOL-SKKVRFOWNA-N,-9.047
HSP90AA1,m02,mut_s1,detail,1,95,ZDMQSUAMTLXUTE-MPIMZMORNA-N,-8.648
HSP90AA1,m02,mut_s1,detail,1,96,NMPLPABDEKPABN-UHFFFAOYNA-N,-8.438
HSP90AA1,m02,mut_s1,detail,1,97,INZRHGSVWGRHBM-NPVYFSBINA-N,-9.473
HSP90AA1,m02,mut_s1,detail,1,98,RVGCWMKVTAEQIH-LNNLXFCONA-N,-9.527
HSP90AA1,m02,mut_s1,detail,1,99,VRXWKRQOVMZBAF-LJQANCHMNA-N,-7.979
HSP90AA1,m02,mut_s1,detail,1,100,QACLWOIBBYOHQP-UYBDAZJANA-N,-8.229
HSP90AA1,m02,mut_s1,detail,1,101,ZNXSZVFPCBIELQ-LNNLXFCONA-N,-8.489
HSP90AA1,m02,mut_s1,detail,1,102,GKMWCCNMKRSQHR-VEKUMTKDNA-N,-9.171
HSP90AA1,m02,mut_s1,detail,1,103,FFGUSRSMWFYKGK-SKKVRFOWNA-N,-9.764
HSP90AA1,m02,mut_s1,detail,1,104,KXBDDGKXLZBLOM-SPEPDGBUNA-N,-8.85
HSP90AA1,m02,mut_s1,detail,1,105,MIUWULAZCXYTJW-MSHHZIMBNA-N,-10.574
HSP90AA1,m02,mut_s1,detail,1,106,JPZOYWVRFLZCIC-NJNXFGOHNA-N,-10.042
HSP90AA1,m02,mut_s1,detail,1,107,FAIQTLBYDVKBAB-DVIAZDKANA-N,-9.277
HSP90AA1,m02,mut_s1,detail,1,108,APFLRZZAOXCNAZ-UHFFFAOYNA-N,-8.917
HSP90AA1,m02,mut_s1,detail,1,109,BSQLDSQTGOZBFD-UHFFFAOYNA-N,-9.108
HSP90AA1,m02,mut_s1,detail,1,110,ZVVCFJXCDATSCC-UHFFFAOYNA-N,-8.759
HSP90AA1,m02,mut_s1,detail,1,111,SKEQTXZATFWVMB-UYBDAZJANA-N,-7.669
HSP90AA1,m02,mut_s1,detail,1,112,IATWYRHDJKMBQK-MPIMZMORNA-N,-8.608
HSP90AA1,m02,mut_s1,detail,1,113,JPWOEQDCUZCWKT-MPIMZMORNA-N,-8.189
HSP90AA1,m02,mut_s1,detail,1,114,RYHSAXRBHDHPPK-PKSOQXRJNA-N,-8.997
HSP90AA1,m02,mut_s1,detail,1,115,GKKJWUFVZJJFPG-MPIMZMORNA-N,-8.855
HSP90AA1,m02,mut_s1,detail,1,116,FDNZXFDUCINVLY-BDGWVKIONA-N,-7.604
HSP90AA1,m02,mut_s1,detail,1,117,KTBYKHKWIFIFAK-UHFFFAOYNA-N,-11.006
HSP90AA1,m02,mut_s1,detail,1,118,ZRXZEWGUECXTTQ-LQFNOIFHNA-N,-9.634
HSP90AA1,m02,mut_s1,detail,1,119,XNACBBGLIAJNJM-PECIQRARNA-N,-8.913
HSP90AA1,m02,mut_s1,detail,1,120,WQZYYJRVBIQUGH-YWZOXAELNA-N,-7.763
HSP90AA1,m02,mut_s1,detail,1,121,ABMSRNRLDZVJFV-SWUIVHNENA-N,-9.736
HSP90AA1,m02,mut_s1,detail,1,122,ZEACBIUBSOLEGW-QAITUMOCNA-N,-10.416
HSP90AA1,m02,mut_s1,detail,1,123,UBFCDXVLKFOOGL-OKPOJWAQNA-N,-9.401
HSP90AA1,m02,mut_s1,detail,1,124,RRIHVAFUFDANEX-NSJMMFDCNA-N,-8.826
HSP90AA1,m02,mut_s1,detail,1,125,HASIAUWPWKTSBW-SREBMQDQNA-N,-8.38
HSP90AA1,m02,mut_s1,detail,1,126,WHBCKYHTCHCHAY-LQFNOIFHNA-N,-9.021
HSP90AA1,m02,mut_s1,detail,1,127,XMAYWYJOQHXEEK-JYFHCDHNNA-N,-8.791
HSP90AA1,m02,mut_s1,detail,1,128,TVKCFCZANTZCSU-OYRHEFFENA-N,-9.584
HSP90AA1,m02,mut_s1,detail,1,129,OJFIIUWPOHBVMH-LNNLXFCONA-N,-8.052
HSP90AA1,m02,mut_s1,detail,1,130,DKLZMGFTGWKNCD-DIRLUKLVNA-N,-10.518
HSP90AA1,m02,mut_s1,detail,1,131,PYSLGWZFRQWTDD-PWIKPTQSNA-N,-9.973
HSP90AA1,m02,mut_s1,detail,1,132,MWMBIUUYBQWKJX-QTUCRYGENA-N,-9.073
HSP90AA1,m02,mut_s1,detail,1,133,FLYQFCXTEFTSQN-UHFFFAOYNA-N,-8.453
HSP90AA1,m02,mut_s1,detail,1,134,PBIBDSDWIMZYDT-WBWGZOKWNA-N,-8.577
HSP90AA1,m02,mut_s1,detail,1,135,GSRWMFGBDLHGBU-YEFLILRRNA-N,-8.13
HSP90AA1,m02,mut_s1,detail,1,136,AYIJJQHMZAEQKE-QDAGQJSJNA-N,-10.463
HSP90AA1,m02,mut_s1,detail,1,137,JVWTZUKPDMRNDC-FSAKADSPNA-N,-10.377
HSP90AA1,m02,mut_s1,detail,1,138,XAZPLOLSRXZDBO-LBZABMTDNA-N,-8.272
HSP90AA1,m02,mut_s1,detail,1,139,RGWVFJBNHCWCTL-CFEGKOCINA-N,-8.578
HSP90AA1,m02,mut_s1,detail,1,140,YYWNRQZCPIMCAK-UHFFFAOYNA-N,-10.302
HSP90AA1,m02,mut_s1,detail,1,141,PBTZDKNKXRSZPM-XBXBPLPCNA-N,-9.914
HSP90AA1,m02,mut_s1,detail,1,142,QQPOIMHFFPBDQM-LELJVTLKNA-N,-8.63
HSP90AA1,m02,mut_s1,detail,1,143,NYFQURFFDGCBCB-MAQJPOOANA-N,-8.375
HSP90AA1,m02,mut_s1,detail,1,144,HXZVHWHABLBWBS-MTTPVDACNA-N,-11.173
HSP90AA1,m02,mut_s1,detail,1,145,IWYYSOJWYLZKLK-LELJVTLKNA-N,-7.578
HSP90AA1,m02,mut_s1,detail,1,146,HOGUCNPGZXMBGW-UHFFFAOYNA-N,-8.333
HSP90AA1,m02,mut_s1,detail,1,147,VITUDJAVASFPKN-DUFUIDNCNA-N,-9.102
HSP90AA1,m02,mut_s1,detail,1,148,IXAHDCRYEUYPBG-SCXYCHFONA-N,-12.103
HSP90AA1,m02,mut_s1,detail,1,149,JWHMEKMLAZQDNS-OZMOGHDGNA-N,-8.505
HSP90AA1,m02,mut_s1,detail,1,150,BZWNBTIJLRHNDZ-LBOYIXSDNA-N,-8.61
HSP90AA1,m02,mut_s1,detail,1,151,RECYROBESYRUML-UHFFFAOYNA-N,-9.814
HSP90AA1,m02,mut_s1,detail,1,152,MLDSJJJLQRZNKW-UHBIVWOUNA-N,-10.347
HSP90AA1,m02,mut_s1,detail,1,153,XTWIHJARHCYNFX-PHXLCVRDNA-N,-8.87
HSP90AA1,m02,mut_s1,detail,1,154,UQGFETVWTRDGKJ-UHFFFAOYNA-N,-9.87
HSP90AA1,m02,mut_s1,detail,1,155,VJFSMDWEMFOWDK-CYSPOYASNA-N,-9.068
HSP90AA1,m02,mut_s1,detail,1,156,NZYLXYBIWNIAGH-CYSPOYASNA-N,-9.474
HSP90AA1,m02,mut_s1,detail,1,157,ODXCWFOKLBJQNP-MPIMZMORNA-N,-8.399
HSP90AA1,m02,mut_s1,detail,1,158,FVDNMAPPDSKXKQ-UHFFFAOYNA-N,-9.666
HSP90AA1,m02,mut_s1,detail,1,159,DOPWMPRIRWTOOD-CCHPKIMANA-N,-9.16
HSP90AA1,m03,mut_s1,detail,1,0,URVMSYHISUZXNH-UYBDAZJANA-N,-8.82
HSP90AA1,m03,mut_s1,detail,1,1,KXRPCFINVWWFHQ-UHFFFAOYNA-N,-5.45
HSP90AA1,m03,mut_s1,detail,1,2,NICJTSHRYBTHAS-YHMJCDSINA-N,-7.084
HSP90AA1,m03,mut_s1,detail,1,3,SWRZVDTZHDWPDS-AWIDAIFANA-N,-8.609
HSP90AA1,m03,mut_s1,detail,1,4,RKNSLLSUFWWYCA-UHFFFAOYNA-N,-8.528
HSP90AA1,m03,mut_s1,detail,1,5,OZFSIKFTRRUDES-RIYZIHGNNA-N,-6.465
HSP90AA1,m03,mut_s1,detail,1,6,AAGGUCRASUJPPN-UHFFFAOYNA-N,-8.645
HSP90AA1,m03,mut_s1,detail,1,7,OYHXDPMAFYHDNG-YAQRNVERNA-N,-7.446
HSP90AA1,m03,mut_s1,detail,1,8,AWILWAIEQYZUEQ-UHFFFAOYNA-N,-7.115
HSP90AA1,m03,mut_s1,detail,1,9,WSFAXHLMQUUHQT-VMPITWQZNA-N,-8.044
HSP90AA1,m03,mut_s1,detail,1,10,WPHMTVNOXKBZKN-UHFFFAOYNA-N,-7.195
HSP90AA1,m03,mut_s1,detail,1,11,LPEIZNODGHDCCW-UHFFFAOYNA-N,-6.427
HSP90AA1,m03,mut_s1,detail,1,12,QQHWWDVSRWOHEP-LILDFLRNNA-N,-9.315
HSP90AA1,m03,mut_s1,detail,1,13,UMEVSSPGBFVQNC-UHFFFAOYNA-N,-6.194
HSP90AA1,m03,mut_s1,detail,1,14,VZDIOEKWWZRNQN-UHFFFAOYNA-N,-9.984
HSP90AA1,m03,mut_s1,detail,1,15,JEVLDOUORFAHRS-NDKGDYFDNA-N,-6.945
HSP90AA1,m03,mut_s1,detail,1,16,NFTGJNJRMWUBPG-GPQMBLKYNA-N,-8.592
HSP90AA1,m03,mut_s1,detail,1,17,UMUUTEZBWGDVDA-UHFFFAOYNA-N,-7.56
HSP90AA1,m03,mut_s1,detail,1,18,VLQKEPLNPGYNDJ-HCKMINDGNA-N,-8.63
HSP90AA1,m03,mut_s1,detail,1,19,PPMVTAATPZLMJM-CDDDEJBQNA-N,-7.895
HSP90AA1,m03,mut_s1,detail,1,20,AHLYFAKLKLMESK-YAQRNVERNA-N,-7.867
HSP90AA1,m03,mut_s1,detail,1,21,GYEJYLAGVWRSIM-KGJHZMDYNA-N,-7.464
HSP90AA1,m03,mut_s1,detail,1,22,RXVALSLAUOIYLW-UHFFFAOYNA-N,-7.549
HSP90AA1,m03,mut_s1,detail,1,23,NSELYIFATLFDOZ-JLGFQASFNA-N,-8.278
HSP90AA1,m03,mut_s1,detail,1,24,COQFBYACOHFCEC-UHFFFAOYNA-N,-7.958
HSP90AA1,m03,mut_s1,detail,1,25,CJGJXFCLDYQBFQ-YJGXKCCXNA-N,-8.796
HSP90AA1,m03,mut_s1,detail,1,26,BWNGRRJLFYHENY-INIZCTEONA-N,-7.504
HSP90AA1,m03,mut_s1,detail,1,27,BNRFXWSJKVJVOF-UYBDAZJANA-N,-9.705
HSP90AA1,m03,mut_s1,detail,1,28,DMULMZBZVBBWBY-PJZINPJWNA-N,-8.948
HSP90AA1,m03,mut_s1,detail,1,29,AXLAIGJGNKHDPO-UHFFFAOYNA-N,-6.32
HSP90AA1,m03,mut_s1,detail,1,30,RKDGAONZEPYEBT-WXRBYKJCNA-N,-6.95
HSP90AA1,m03,mut_s1,detail,1,31,MBOYDUZSCSNUQL-MBBDSNKKNA-N,-8.346
HSP90AA1,m03,mut_s1,detail,1,32,KPVDBHRTXOFQDK-YAQRNVERNA-N,-7.264
HSP90AA1,m03,mut_s1,detail,1,33,LVCNFMYUKISBSB-VJSNTGQMNA-N,-8.7
HSP90AA1,m03,mut_s1,detail,1,34,XLAHCIRKLMJUQC-DZQCGVKKNA-N,-9.276
HSP90AA1,m03,mut_s1,detail,1,35,QNYHDABGLCBJOE-SHHGZXMVNA-N,-9.409
HSP90AA1,m03,mut_s1,detail,1,36,HEKNRISBWSPMOG-OWTLIXCDNA-N,-6.833
HSP90AA1,m03,mut_s1,detail,1,37,VIRNXCRLEVZXNX-LILDFLRNNA-N,-8.487
HSP90AA1,m03,mut_s1,detail,1,38,SRTGERSEXJGDMR-UHFFFAOYNA-N,-8.345
HSP90AA1,m03,mut_s1,detail,1,39,ZGMGSSRLZJYOKH-WXRBYKJCNA-N,-7.396
HSP90AA1,m03,mut_s1,detail,1,40,VGYFDFRFGHHCDA-CUTUCBJDNA-N,-9.664
HSP90AA1,m03,mut_s1,detail,1,41,DILPMLYWQJPNLO-HCKMINDGNA-N,-9.194
HSP90AA1,m03,mut_s1,detail,1,42,RSOODJIGEVJLMK-LQFNOIFHNA-N,-9.465
HSP90AA1,m03,mut_s1,detail,1,43,OWHHWMUAYBIQPR-UHFFFAOYNA-N,-8.704
HSP90AA1,m03,mut_s1,detail,1,44,KPIKMVZJKZDOFC-UHFFFAOYNA-N,-9.102
HSP90AA1,m03,mut_s1,detail,1,45,DIKDKRUREJXLMR-DPMTXJEANA-N,-9.872
HSP90AA1,m03,mut_s1,detail,1,46,QRVJDPKQHAVBDK-UYBDAZJANA-N,-7.19
HSP90AA1,m03,mut_s1,detail,1,47,SGBSFKSDPWOALT-UYBDAZJANA-N,-8.741
HSP90AA1,m03,mut_s1,detail,1,48,CYHFRNFVZWVHCG-OTJKMEOQNA-N,-8.791
HSP90AA1,m03,mut_s1,detail,1,49,MJUDQDHXCQONOA-MPIMZMORNA-N,-8.85
HSP90AA1,m03,mut_s1,detail,1,50,RNVYRNLUUYNQAS-PKSOQXRJNA-N,-7.895
HSP90AA1,m03,mut_s1,detail,1,51,DLZXOZYETDVJEB-QWOVJGMINA-N,-7.864
HSP90AA1,m03,mut_s1,detail,1,52,HSICVZRDGBJSEL-GPQMBLKYNA-N,-7.317
HSP90AA1,m03,mut_s1,detail,1,53,HMRUHHFLIMYEAF-QNGOCPJXNA-N,-7.311
HSP90AA1,m03,mut_s1,detail,1,54,ZZOWQPSBJUXHCA-YSPRVCGUNA-N,-10.205
HSP90AA1,m03,mut_s1,detail,1,55,WDDJLHOUFWSQSV-UHFFFAOYNA-N,-9.083
HSP90AA1,m03,mut_s1,detail,1,56,UKLIIGXGTPSYBF-IBCWCQIKNA-N,-8.128
HSP90AA1,m03,mut_s1,detail,1,57,LNPOBRXJZYGQMS-MOHJPFBDNA-N,-8.956
HSP90AA1,m03,mut_s1,detail,1,58,FYILBFPPKIZBTO-UHFFFAOYNA-N,-8.474
HSP90AA1,m03,mut_s1,detail,1,59,MIKIJFODTJGFDI-LILDFLRNNA-N,-9.182
HSP90AA1,m03,mut_s1,detail,1,60,RUWCNSLWWCWTSU-LILDFLRNNA-N,-9.843
HSP90AA1,m03,mut_s1,detail,1,61,KLQWCHKIQJHYIB-UHFFFAOYNA-N,-10.154
HSP90AA1,m03,mut_s1,detail,1,62,QKAWGENQCGFAOE-NPVYFSBINA-N,-8.877
HSP90AA1,m03,mut_s1,detail,1,63,KGOKCBRZBBEYBE-MMRXBHCZNA-N,-9.302
HSP90AA1,m03,mut_s1,detail,1,64,ROFRXCLSWKEWTN-UHFFFAOYNA-N,-7.593
HSP90AA1,m03,mut_s1,detail,1,65,AKRMJNKLSCBEME-FPYGCLRLNA-N,-8.202
HSP90AA1,m03,mut_s1,detail,1,66,LCGJUJZLLYTYIF-XMFFZCEENA-N,-8.66
HSP90AA1,m03,mut_s1,detail,1,67,FREQNFSEYLEFOI-QRCVEOAVNA-N,-8.313
HSP90AA1,m03,mut_s1,detail,1,68,MHMINAYLMNBGSM-UHFFFAOYNA-N,-6.75
HSP90AA1,m03,mut_s1,detail,1,69,SYMNTBHEGHFZMV-UHFFFAOYNA-N,-8.069
HSP90AA1,m03,mut_s1,detail,1,70,NNCRWGMPCGSKOO-LILDFLRNNA-N,-7.654
HSP90AA1,m03,mut_s1,detail,1,71,ZCRRNCCNJMRGFI-UHFFFAOYNA-N,-9.112
HSP90AA1,m03,mut_s1,detail,1,72,PYVZEIBGEUQNQQ-UHFFFAOYNA-N,-8.885
HSP90AA1,m03,mut_s1,detail,1,73,OROJQWVRCGJACT-XBTAAFKLNA-N,-9.724
HSP90AA1,m03,mut_s1,detail,1,74,TXYUWXKCUDOUGU-JLGFQASFNA-N,-7.875
HSP90AA1,m03,mut_s1,detail,1,75,LAZANALODSEDSE-UHFFFAOYNA-N,-8.159
HSP90AA1,m03,mut_s1,detail,1,76,RJXCYVJLXGRCHK-UHFFFAOYNA-N,-9.221
HSP90AA1,m03,mut_s1,detail,1,77,FUSKIBWHJAWEFI-IEJAXPBYNA-N,-8.099
HSP90AA1,m03,mut_s1,detail,1,78,SGWVLOCBQLQWQV-UHFFFAOYNA-N,-8.17
HSP90AA1,m03,mut_s1,detail,1,79,PPXRQTYXLZCDAZ-QWOVJGMINA-N,-8.912
HSP90AA1,m03,mut_s1,detail,1,80,DIFBADFWLVYFHV-LELJVTLKNA-N,-10.189
HSP90AA1,m03,mut_s1,detail,1,81,XREOSEVJCQGCHE-MHPMNMKGNA-N,-10.068
HSP90AA1,m03,mut_s1,detail,1,82,ZHGPKHBXSKWZEQ-UHFFFAOYNA-N,-9.432
HSP90AA1,m03,mut_s1,detail,1,83,ZFAYPJJNPSNAFK-UHFFFAOYNA-N,-9.437
HSP90AA1,m03,mut_s1,detail,1,84,LTXMRAGWIDQTQT-MYUTVWBTNA-N,-10.316
HSP90AA1,m03,mut_s1,detail,1,85,VXQHYHSSGLOALC-SPEPDGBUNA-N,-8.842
HSP90AA1,m03,mut_s1,detail,1,86,KWDSFRAWCISROF-PJQSKVNONA-N,-8.869
HSP90AA1,m03,mut_s1,detail,1,87,ZJZXSQPHUQUHIV-ZGZFQTMPNA-N,-9.534
HSP90AA1,m03,mut_s1,detail,1,88,UYHIVPBYFWVWEJ-UHFFFAOYNA-N,-9.673
HSP90AA1,m03,mut_s1,detail,1,89,PLEFJSUCKRWHBY-LNNLXFCONA-N,-8.931
HSP90AA1,m03,mut_s1,detail,1,90,DNSRQCRQLKJUCC-PDJAEHLQNA-N,-8.478
HSP90AA1,m03,mut_s1,detail,1,91,PHYKZCBUNVYJNH-YDBXFXKPNA-N,-6.794
HSP90AA1,m03,mut_s1,detail,1,92,OOUHZBUAVKCDGA-UHFFFAOYNA-N,-8.865
HSP90AA1,m03,mut_s1,detail,1,93,UUQDFZFJDFMLHW-UHFFFAOYNA-N,-9.174
HSP90AA1,m03,mut_s1,detail,1,94,OOUDDHNLDLLUOL-SKKVRFOWNA-N,-10.269
HSP90AA1,m03,mut_s1,detail,1,95,ZDMQSUAMTLXUTE-MPIMZMORNA-N,-9.38
HSP90AA1,m03,mut_s1,detail,1,96,NMPLPABDEKPABN-UHFFFAOYNA-N,-8.597
HSP90AA1,m03,mut_s1,detail,1,97,INZRHGSVWGRHBM-NPVYFSBINA-N,-9.071
HSP90AA1,m03,mut_s1,detail,1,98,RVGCWMKVTAEQIH-LNNLXFCONA-N,-8.959
HSP90AA1,m03,mut_s1,detail,1,99,VRXWKRQOVMZBAF-LJQANCHMNA-N,-8.138
HSP90AA1,m03,mut_s1,detail,1,100,QACLWOIBBYOHQP-UYBDAZJANA-N,-8.192
HSP90AA1,m03,mut_s1,detail,1,101,ZNXSZVFPCBIELQ-LNNLXFCONA-N,-8.382
HSP90AA1,m03,mut_s1,detail,1,102,GKMWCCNMKRSQHR-VEKUMTKDNA-N,-9.053
HSP90AA1,m03,mut_s1,detail,1,103,FFGUSRSMWFYKGK-SKKVRFOWNA-N,-9.593
HSP90AA1,m03,mut_s1,detail,1,104,KXBDDGKXLZBLOM-SPEPDGBUNA-N,-8.63
HSP90AA1,m03,mut_s1,detail,1,105,MIUWULAZCXYTJW-MSHHZIMBNA-N,-9.923
HSP90AA1,m03,mut_s1,detail,1,106,JPZOYWVRFLZCIC-NJNXFGOHNA-N,-10.99
HSP90AA1,m03,mut_s1,detail,1,107,FAIQTLBYDVKBAB-DVIAZDKANA-N,-10.083
HSP90AA1,m03,mut_s1,detail,1,108,APFLRZZAOXCNAZ-UHFFFAOYNA-N,-7.962
HSP90AA1,m03,mut_s1,detail,1,109,BSQLDSQTGOZBFD-UHFFFAOYNA-N,-8.948
HSP90AA1,m03,mut_s1,detail,1,110,ZVVCFJXCDATSCC-UHFFFAOYNA-N,-8.805
HSP90AA1,m03,mut_s1,detail,1,111,SKEQTXZATFWVMB-UYBDAZJANA-N,-7.673
HSP90AA1,m03,mut_s1,detail,1,112,IATWYRHDJKMBQK-MPIMZMORNA-N,-7.974
HSP90AA1,m03,mut_s1,detail,1,113,JPWOEQDCUZCWKT-MPIMZMORNA-N,-8.408
HSP90AA1,m03,mut_s1,detail,1,114,RYHSAXRBHDHPPK-PKSOQXRJNA-N,-8.844
HSP90AA1,m03,mut_s1,detail,1,115,GKKJWUFVZJJFPG-MPIMZMORNA-N,-8.921
HSP90AA1,m03,mut_s1,detail,1,116,FDNZXFDUCINVLY-BDGWVKIONA-N,-7.786
HSP90AA1,m03,mut_s1,detail,1,117,KTBYKHKWIFIFAK-UHFFFAOYNA-N,-10.817
HSP90AA1,m03,mut_s1,detail,1,118,ZRXZEWGUECXTTQ-LQFNOIFHNA-N,-9.59
HSP90AA1,m03,mut_s1,detail,1,119,XNACBBGLIAJNJM-PECIQRARNA-N,-8.82
HSP90AA1,m03,mut_s1,detail,1,120,WQZYYJRVBIQUGH-YWZOXAELNA-N,-8.26
HSP90AA1,m03,mut_s1,detail,1,121,ABMSRNRLDZVJFV-SWUIVHNENA-N,-8.94
HSP90AA1,m03,mut_s1,detail,1,122,ZEACBIUBSOLEGW-QAITUMOCNA-N,-10.12
HSP90AA1,m03,mut_s1,detail,1,123,UBFCDXVLKFOOGL-OKPOJWAQNA-N,-8.035
HSP90AA1,m03,mut_s1,detail,1,124,RRIHVAFUFDANEX-NSJMMFDCNA-N,-8.831
HSP90AA1,m03,mut_s1,detail,1,125,HASIAUWPWKTSBW-SREBMQDQNA-N,-7.55
HSP90AA1,m03,mut_s1,detail,1,126,WHBCKYHTCHCHAY-LQFNOIFHNA-N,-8.301
HSP90AA1,m03,mut_s1,detail,1,127,XMAYWYJOQHXEEK-JYFHCDHNNA-N,-9.297
HSP90AA1,m03,mut_s1,detail,1,128,TVKCFCZANTZCSU-OYRHEFFENA-N,-10.257
HSP90AA1,m03,mut_s1,detail,1,129,OJFIIUWPOHBVMH-LNNLXFCONA-N,-7.596
HSP90AA1,m03,mut_s1,detail,1,130,DKLZMGFTGWKNCD-DIRLUKLVNA-N,-10.177
HSP90AA1,m03,mut_s1,detail,1,131,PYSLGWZFRQWTDD-PWIKPTQSNA-N,-9.794
HSP90AA1,m03,mut_s1,detail,1,132,MWMBIUUYBQWKJX-QTUCRYGENA-N,-9.064
HSP90AA1,m03,mut_s1,detail,1,133,FLYQFCXTEFTSQN-UHFFFAOYNA-N,-8.722
HSP90AA1,m03,mut_s1,detail,1,134,PBIBDSDWIMZYDT-WBWGZOKWNA-N,-8.949
HSP90AA1,m03,mut_s1,detail,1,135,GSRWMFGBDLHGBU-YEFLILRRNA-N,-7.538
HSP90AA1,m03,mut_s1,detail,1,136,AYIJJQHMZAEQKE-QDAGQJSJNA-N,-9.348
HSP90AA1,m03,mut_s1,detail,1,137,JVWTZUKPDMRNDC-FSAKADSPNA-N,-10.914
HSP90AA1,m03,mut_s1,detail,1,138,XAZPLOLSRXZDBO-LBZABMTDNA-N,-8.778
HSP90AA1,m03,mut_s1,detail,1,139,RGWVFJBNHCWCTL-CFEGKOCINA-N,-8.317
HSP90AA1,m03,mut_s1,detail,1,140,YYWNRQZCPIMCAK-UHFFFAOYNA-N,-10.229
HSP90AA1,m03,mut_s1,detail,1,141,PBTZDKNKXRSZPM-XBXBPLPCNA-N,-9.804
HSP90AA1,m03,mut_s1,detail,1,142,QQPOIMHFFPBDQM-LELJVTLKNA-N,-8.29
HSP90AA1,m03,mut_s1,detail,1,143,NYFQURFFDGCBCB-MAQJPOOANA-N,-8.369
HSP90AA1,m03,mut_s1,detail,1,144,HXZVHWHABLBWBS-MTTPVDACNA-N,-10.976
HSP90AA1,m03,mut_s1,detail,1,145,IWYYSOJWYLZKLK-LELJVTLKNA-N,-7.508
HSP90AA1,m03,mut_s1,detail,1,146,HOGUCNPGZXMBGW-UHFFFAOYNA-N,-11.243
HSP90AA1,m03,mut_s1,detail,1,147,VITUDJAVASFPKN-DUFUIDNCNA-N,-8.904
HSP90AA1,m03,mut_s1,detail,1,148,IXAHDCRYEUYPBG-SCXYCHFONA-N,-11.769
HSP90AA1,m03,mut_s1,detail,1,149,JWHMEKMLAZQDNS-OZMOGHDGNA-N,-8.498
HSP90AA1,m03,mut_s1,detail,1,150,BZWNBTIJLRHNDZ-LBOYIXSDNA-N,-9.234
HSP90AA1,m03,mut_s1,detail,1,151,RECYROBESYRUML-UHFFFAOYNA-N,-9.172
HSP90AA1,m03,mut_s1,detail,1,152,MLDSJJJLQRZNKW-UHBIVWOUNA-N,-10.48
HSP90AA1,m03,mut_s1,detail,1,153,XTWIHJARHCYNFX-PHXLCVRDNA-N,-8.718
HSP90AA1,m03,mut_s1,detail,1,154,UQGFETVWTRDGKJ-UHFFFAOYNA-N,-9.339
HSP90AA1,m03,mut_s1,detail,1,155,VJFSMDWEMFOWDK-CYSPOYASNA-N,-9.01
HSP90AA1,m03,mut_s1,detail,1,156,NZYLXYBIWNIAGH-CYSPOYASNA-N,-11.147
HSP90AA1,m03,mut_s1,detail,1,157,ODXCWFOKLBJQNP-MPIMZMORNA-N,-8.422
HSP90AA1,m03,mut_s1,detail,1,158,FVDNMAPPDSKXKQ-UHFFFAOYNA-N,-10.443
HSP90AA1,m03,mut_s1,detail,1,159,DOPWMPRIRWTOOD-CCHPKIMANA-N,-8.224
HSP90AA1,m04,mut_s1,detail,1,0,URVMSYHISUZXNH-UYBDAZJANA-N,-8.838
HSP90AA1,m04,mut_s1,detail,1,1,KXRPCFINVWWFHQ-UHFFFAOYNA-N,-5.338
HSP90AA1,m04,mut_s1,detail,1,2,NICJTSHRYBTHAS-YHMJCDSINA-N,-7.373
HSP90AA1,m04,mut_s1,detail,1,3,SWRZVDTZHDWPDS-AWIDAIFANA-N,-8.707
HSP90AA1,m04,mut_s1,detail,1,4,RKNSLLSUFWWYCA-UHFFFAOYNA-N,-8.852
HSP90AA1,m04,mut_s1,detail,1,5,OZFSIKFTRRUDES-RIYZIHGNNA-N,-6.855
HSP90AA1,m04,mut_s1,detail,1,6,AAGGUCRASUJPPN-UHFFFAOYNA-N,-8.677
HSP90AA1,m04,mut_s1,detail,1,7,OYHXDPMAFYHDNG-YAQRNVERNA-N,-7.147
HSP90AA1,m04,mut_s1,detail,1,8,AWILWAIEQYZUEQ-UHFFFAOYNA-N,-6.506
HSP90AA1,m04,mut_s1,detail,1,9,WSFAXHLMQUUHQT-VMPITWQZNA-N,-8.032
HSP90AA1,m04,mut_s1,detail,1,10,WPHMTVNOXKBZKN-UHFFFAOYNA-N,-7.339
HSP90AA1,m04,mut_s1,detail,1,11,LPEIZNODGHDCCW-UHFFFAOYNA-N,-6.679
HSP90AA1,m04,mut_s1,detail,1,12,QQHWWDVSRWOHEP-LILDFLRNNA-N,-9.445
HSP90AA1,m04,mut_s1,detail,1,13,UMEVSSPGBFVQNC-UHFFFAOYNA-N,-6.338
HSP90AA1,m04,mut_s1,detail,1,14,VZDIOEKWWZRNQN-UHFFFAOYNA-N,-9.607
HSP90AA1,m04,mut_s1,detail,1,15,JEVLDOUORFAHRS-NDKGDYFDNA-N,-6.911
HSP90AA1,m04,mut_s1,detail,1,16,NFTGJNJRMWUBPG-GPQMBLKYNA-N,-8.649
HSP90AA1,m04,mut_s1,detail,1,17,UMUUTEZBWGDVDA-UHFFFAOYNA-N,-7.775
HSP90AA1,m04,mut_s1,detail,1,18,VLQKEPLNPGYNDJ-HCKMINDGNA-N,-8.564
HSP90AA1,m04,mut_s1,detail,1,19,PPMVTAATPZLMJM-CDDDEJBQNA-N,-7.865
HSP90AA1,m04,mut_s1,detail,1,20,AHLYFAKLKLMESK-YAQRNVERNA-N,-7.857
HSP90AA1,m04,mut_s1,detail,1,21,GYEJYLAGVWRSIM-KGJHZMDYNA-N,-7.675
HSP90AA1,m04,mut_s1,detail,1,22,RXVALSLAUOIYLW-UHFFFAOYNA-N,-7.725
HSP90AA1,m04,mut_s1,detail,1,23,NSELYIFATLFDOZ-JLGFQASFNA-N,-8.025
HSP90AA1,m04,mut_s1,detail,1,24,COQFBYACOHFCEC-UHFFFAOYNA-N,-7.375
HSP90AA1,m04,mut_s1,detail,1,25,CJGJXFCLDYQBFQ-YJGXKCCXNA-N,-8.928
HSP90AA1,m04,mut_s1,detail,1,26,BWNGRRJLFYHENY-INIZCTEONA-N,-7.738
HSP90AA1,m04,mut_s1,detail,1,27,BNRFXWSJKVJVOF-UYBDAZJANA-N,-9.549
HSP90AA1,m04,mut_s1,detail,1,28,DMULMZBZVBBWBY-PJZINPJWNA-N,-8.983
HSP90AA1,m04,mut_s1,detail,1,29,AXLAIGJGNKHDPO-UHFFFAOYNA-N,-6.887
HSP90AA1,m04,mut_s1,detail,1,30,RKDGAONZEPYEBT-WXRBYKJCNA-N,-7.334
HSP90AA1,m04,mut_s1,detail,1,31,MBOYDUZSCSNUQL-MBBDSNKKNA-N,-7.91
HSP90AA1,m04,mut_s1,detail,1,32,KPVDBHRTXOFQDK-YAQRNVERNA-N,-7.6
HSP90AA1,m04,mut_s1,detail,1,33,LVCNFMYUKISBSB-VJSNTGQMNA-N,-8.535
HSP90AA1,m04,mut_s1,detail,1,34,XLAHCIRKLMJUQC-DZQCGVKKNA-N,-9.583
HSP90AA1,m04,mut_s1,detail,1,35,QNYHDABGLCBJOE-SHHGZXMVNA-N,-8.828
HSP90AA1,m04,mut_s1,detail,1,36,HEKNRISBWSPMOG-OWTLIXCDNA-N,-7.199
HSP90AA1,m04,mut_s1,detail,1,37,VIRNXCRLEVZXNX-LILDFLRNNA-N,-8.41
HSP90AA1,m04,mut_s1,detail,1,38,SRTGERSEXJGDMR-UHFFFAOYNA-N,-8.389
HSP90AA1,m04,mut_s1,detail,1,39,ZGMGSSRLZJYOKH-WXRBYKJCNA-N,-7.578
HSP90AA1,m04,mut_s1,detail,1,40,VGYFDFRFGHHCDA-CUTUCBJDNA-N,-9.837
HSP90AA1,m04,mut_s1,detail,1,41,DILPMLYWQJPNLO-HCKMINDGNA-N,-9.145
HSP90AA1,m04,mut_s1,detail,1,42,RSOODJIGEVJLMK-LQFNOIFHNA-N,-9.31
HSP90AA1,m04,mut_s1,detail,1,43,OWHHWMUAYBIQPR-UHFFFAOYNA-N,-9.436
HSP90AA1,m04,mut_s1,detail,1,44,KPIKMVZJKZDOFC-UHFFFAOYNA-N,-9.27
HSP90AA1,m04,mut_s1,detail,1,45,DIKDKRUREJXLMR-DPMTXJEANA-N,-9.914
HSP90AA1,m04,mut_s1,detail,1,46,QRVJDPKQHAVBDK-UYBDAZJANA-N,-7.914
HSP90AA1,m04,mut_s1,detail,1,47,SGBSFKSDPWOALT-UYBDAZJANA-N,-9.166
HSP90AA1,m04,mut_s1,detail,1,48,CYHFRNFVZWVHCG-OTJKMEOQNA-N,-8.853
HSP90AA1,m04,mut_s1,detail,1,49,MJUDQDHXCQONOA-MPIMZMORNA-N,-9.1
HSP90AA1,m04,mut_s1,detail,1,50,RNVYRNLUUYNQAS-PKSOQXRJNA-N,-8.238
HSP90AA1,m04,mut_s1,detail,1,51,DLZXOZYETDVJEB-QWOVJGMINA-N,-7.733
HSP90AA1,m04,mut_s1,detail,1,52,HSICVZRDGBJSEL-GPQMBLKYNA-N,-8.182
HSP90AA1,m04,mut_s1,detail,1,53,HMRUHHFLIMYEAF-QNGOCPJXNA-N,-7.177
HSP90AA1,m04,mut_s1,detail,1,54,ZZOWQPSBJUXHCA-YSPRVCGUNA-N,-10.09
HSP90AA1,m04,mut_s1,detail,1,55,WDDJLHOUFWSQSV-UHFFFAOYNA-N,-9.387
HSP90AA1,m04,mut_s1,detail,1,56,UKLIIGXGTPSYBF-IBCWCQIKNA-N,-8.607
HSP90AA1,m04,mut_s1,detail,1,57,LNPOBRXJZYGQMS-MOHJPFBDNA-N,-9.068
HSP90AA1,m04,mut_s1,detail,1,58,FYILBFPPKIZBTO-UHFFFAOYNA-N,-8.723
HSP90AA1,m04,mut_s1,detail,1,59,MIKIJFODTJGFDI-LILDFLRNNA-N,-9.007
HSP90AA1,m04,mut_s1,detail,1,60,RUWCNSLWWCWTSU-LILDFLRNNA-N,-9.657
HSP90AA1,m04,mut_s1,detail,1,61,KLQWCHKIQJHYIB-UHFFFAOYNA-N,-10.285
HSP90AA1,m04,mut_s1,detail,1,62,QKAWGENQCGFAOE-NPVYFSBINA-N,-8.944
HSP90AA1,m04,mut_s1,detail,1,63,KGOKCBRZBBEYBE-MMRXBHCZNA-N,-9.587
HSP90AA1,m04,mut_s1,detail,1,64,ROFRXCLSWKEWTN-UHFFFAOYNA-N,-8.251
HSP90AA1,m04,mut_s1,detail,1,65,AKRMJNKLSCBEME-FPYGCLRLNA-N,-8.406
HSP90AA1,m04,mut_s1,detail,1,66,LCGJUJZLLYTYIF-XMFFZCEENA-N,-8.925
HSP90AA1,m04,mut_s1,detail,1,67,FREQNFSEYLEFOI-QRCVEOAVNA-N,-8.185
HSP90AA1,m04,mut_s1,detail,1,68,MHMINAYLMNBGSM-UHFFFAOYNA-N,-7.372
HSP90AA1,m04,mut_s1,detail,1,69,SYMNTBHEGHFZMV-UHFFFAOYNA-N,-8.173
HSP90AA1,m04,mut_s1,detail,1,70,NNCRWGMPCGSKOO-LILDFLRNNA-N,-7.516
HSP90AA1,m04,mut_s1,detail,1,71,ZCRRNCCNJMRGFI-UHFFFAOYNA-N,-9.442
HSP90AA1,m04,mut_s1,detail,1,72,PYVZEIBGEUQNQQ-UHFFFAOYNA-N,-9.086
HSP90AA1,m04,mut_s1,detail,1,73,OROJQWVRCGJACT-XBTAAFKLNA-N,-9.214
HSP90AA1,m04,mut_s1,detail,1,74,TXYUWXKCUDOUGU-JLGFQASFNA-N,-7.58
HSP90AA1,m04,mut_s1,detail,1,75,LAZANALODSEDSE-UHFFFAOYNA-N,-7.808
HSP90AA1,m04,mut_s1,detail,1,76,RJXCYVJLXGRCHK-UHFFFAOYNA-N,-8.674
HSP90AA1,m04,mut_s1,detail,1,77,FUSKIBWHJAWEFI-IEJAXPBYNA-N,-8.771
HSP90AA1,m04,mut_s1,detail,1,78,SGWVLOCBQLQWQV-UHFFFAOYNA-N,-8.402
HSP90AA1,m04,mut_s1,detail,1,79,PPXRQTYXLZCDAZ-QWOVJGMINA-N,-8.679
HSP90AA1,m04,mut_s1,detail,1,80,DIFBADFWLVYFHV-LELJVTLKNA-N,-9.254
HSP90AA1,m04,mut_s1,detail,1,81,XREOSEVJCQGCHE-MHPMNMKGNA-N,-9.585
HSP90AA1,m04,mut_s1,detail,1,82,ZHGPKHBXSKWZEQ-UHFFFAOYNA-N,-8.703
HSP90AA1,m04,mut_s1,detail,1,83,ZFAYPJJNPSNAFK-UHFFFAOYNA-N,-8.993
HSP90AA1,m04,mut_s1,detail,1,84,LTXMRAGWIDQTQT-MYUTVWBTNA-N,-10.96
HSP90AA1,m04,mut_s1,detail,1,85,VXQHYHSSGLOALC-SPEPDGBUNA-N,-8.719
HSP90AA1,m04,mut_s1,detail,1,86,KWDSFRAWCISROF-PJQSKVNONA-N,-9.406
HSP90AA1,m04,mut_s1,detail,1,87,ZJZXSQPHUQUHIV-ZGZFQTMPNA-N,-10.001
HSP90AA1,m04,mut_s1,detail,1,88,UYHIVPBYFWVWEJ-UHFFFAOYNA-N,-9.912
HSP90AA1,m04,mut_s1,detail,1,89,PLEFJSUCKRWHBY-LNNLXFCONA-N,-9.625
HSP90AA1,m04,mut_s1,detail,1,90,DNSRQCRQLKJUCC-PDJAEHLQNA-N,-9.162
HSP90AA1,m04,mut_s1,detail,1,91,PHYKZCBUNVYJNH-YDBXFXKPNA-N,-7.065
HSP90AA1,m04,mut_s1,detail,1,92,OOUHZBUAVKCDGA-UHFFFAOYNA-N,-9.194
HSP90AA1,m04,mut_s1,detail,1,93,UUQDFZFJDFMLHW-UHFFFAOYNA-N,-9.081
HSP90AA1,m04,mut_s1,detail,1,94,OOUDDHNLDLLUOL-SKKVRFOWNA-N,-10.476
HSP90AA1,m04,mut_s1,detail,1,95,ZDMQSUAMTLXUTE-MPIMZMORNA-N,-8.469
HSP90AA1,m04,mut_s1,detail,1,96,NMPLPABDEKPABN-UHFFFAOYNA-N,-8.463
HSP90AA1,m04,mut_s1,detail,1,97,INZRHGSVWGRHBM-NPVYFSBINA-N,-9.744
HSP90AA1,m04,mut_s1,detail,1,98,RVGCWMKVTAEQIH-LNNLXFCONA-N,-10.231
HSP90AA1,m04,mut_s1,detail,1,99,VRXWKRQOVMZBAF-LJQANCHMNA-N,-8.208
HSP90AA1,m04,mut_s1,detail,1,100,QACLWOIBBYOHQP-UYBDAZJANA-N,-7.917
HSP90AA1,m04,mut_s1,detail,1,101,ZNXSZVFPCBIELQ-LNNLXFCONA-N,-8.019
HSP90AA1,m04,mut_s1,detail,1,102,GKMWCCNMKRSQHR-VEKUMTKDNA-N,-9.334
HSP90AA1,m04,mut_s1,detail,1,103,FFGUSRSMWFYKGK-SKKVRFOWNA-N,-9.892
HSP90AA1,m04,mut_s1,detail,1,104,KXBDDGKXLZBLOM-SPEPDGBUNA-N,-8.917
HSP90AA1,m04,mut_s1,detail,1,105,MIUWULAZCXYTJW-MSHHZIMBNA-N,-10.78
HSP90AA1,m04,mut_s1,detail,1,106,JPZOYWVRFLZCIC-NJNXFGOHNA-N,-10.291
HSP90AA1,m04,mut_s1,detail,1,107,FAIQTLBYDVKBAB-DVIAZDKANA-N,-9.779
HSP90AA1,m04,mut_s1,detail,1,108,APFLRZZAOXCNAZ-UHFFFAOYNA-N,-8.844
HSP90AA1,m04,mut_s1,detail,1,109,BSQLDSQTGOZBFD-UHFFFAOYNA-N,-8.181
HSP90AA1,m04,mut_s1,detail,1,110,ZVVCFJXCDATSCC-UHFFFAOYNA-N,-9.494
HSP90AA1,m04,mut_s1,detail,1,111,SKEQTXZATFWVMB-UYBDAZJANA-N,-7.586
HSP90AA1,m04,mut_s1,detail,1,112,IATWYRHDJKMBQK-MPIMZMORNA-N,-8.775
HSP90AA1,m04,mut_s1,detail,1,113,JPWOEQDCUZCWKT-MPIMZMORNA-N,-7.62
HSP90AA1,m04,mut_s1,detail,1,114,RYHSAXRBHDHPPK-PKSOQXRJNA-N,-9.114
HSP90AA1,m04,mut_s1,detail,1,115,GKKJWUFVZJJFPG-MPIMZMORNA-N,-9.096
HSP90AA1,m04,mut_s1,detail,1,116,FDNZXFDUCINVLY-BDGWVKIONA-N,-8.902
HSP90AA1,m04,mut_s1,detail,1,117,KTBYKHKWIFIFAK-UHFFFAOYNA-N,-11.331
HSP90AA1,m04,mut_s1,detail,1,118,ZRXZEWGUECXTTQ-LQFNOIFHNA-N,-9.985
HSP90AA1,m04,mut_s1,detail,1,119,XNACBBGLIAJNJM-PECIQRARNA-N,-8.947
HSP90AA1,m04,mut_s1,detail,1,120,WQZYYJRVBIQUGH-YWZOXAELNA-N,-7.99
HSP90AA1,m04,mut_s1,detail,1,121,ABMSRNRLDZVJFV-SWUIVHNENA-N,-9.087
HSP90AA1,m04,mut_s1,detail,1,122,ZEACBIUBSOLEGW-QAITUMOCNA-N,-10.637
HSP90AA1,m04,mut_s1,detail,1,123,UBFCDXVLKFOOGL-OKPOJWAQNA-N,-9.17
HSP90AA1,m04,mut_s1,detail,1,124,RRIHVAFUFDANEX-NSJMMFDCNA-N,-9.092
HSP90AA1,m04,mut_s1,detail,1,125,HASIAUWPWKTSBW-SREBMQDQNA-N,-8.138
HSP90AA1,m04,mut_s1,detail,1,126,WHBCKYHTCHCHAY-LQFNOIFHNA-N,-8.589
HSP90AA1,m04,mut_s1,detail,1,127,XMAYWYJOQHXEEK-JYFHCDHNNA-N,-9.831
HSP90AA1,m04,mut_s1,detail,1,128,TVKCFCZANTZCSU-OYRHEFFENA-N,-9.644
HSP90AA1,m04,mut_s1,detail,1,129,OJFIIUWPOHBVMH-LNNLXFCONA-N,-7.852
HSP90AA1,m04,mut_s1,detail,1,130,DKLZMGFTGWKNCD-DIRLUKLVNA-N,-10.68
HSP90AA1,m04,mut_s1,detail,1,131,PYSLGWZFRQWTDD-PWIKPTQSNA-N,-10.351
HSP90AA1,m04,mut_s1,detail,1,132,MWMBIUUYBQWKJX-QTUCRYGENA-N,-8.966
HSP90AA1,m04,mut_s1,detail,1,133,FLYQFCXTEFTSQN-UHFFFAOYNA-N,-8.807
HSP90AA1,m04,mut_s1,detail,1,134,PBIBDSDWIMZYDT-WBWGZOKWNA-N,-9.107
HSP90AA1,m04,mut_s1,detail,1,135,GSRWMFGBDLHGBU-YEFLILRRNA-N,-8.318
HSP90AA1,m04,mut_s1,detail,1,136,AYIJJQHMZAEQKE-QDAGQJSJNA-N,-10.028
HSP90AA1,m04,mut_s1,detail,1,137,JVWTZUKPDMRNDC-FSAKADSPNA-N,-10.612
HSP90AA1,m04,mut_s1,detail,1,138,XAZPLOLSRXZDBO-LBZABMTDNA-N,-9.008
HSP90AA1,m04,mut_s1,detail,1,139,RGWVFJBNHCWCTL-CFEGKOCINA-N,-8.623
HSP90AA1,m04,mut_s1,detail,1,140,YYWNRQZCPIMCAK-UHFFFAOYNA-N,-10.871
HSP90AA1,m04,mut_s1,detail,1,141,PBTZDKNKXRSZPM-XBXBPLPCNA-N,-10.344
HSP90AA1,m04,mut_s1,detail,1,142,QQPOIMHFFPBDQM-LELJVTLKNA-N,-8.44
HSP90AA1,m04,mut_s1,detail,1,143,NYFQURFFDGCBCB-MAQJPOOANA-N,-8.146
HSP90AA1,m04,mut_s1,detail,1,144,HXZVHWHABLBWBS-MTTPVDACNA-N,-11.534
HSP90AA1,m04,mut_s1,detail,1,145,IWYYSOJWYLZKLK-LELJVTLKNA-N,-8.211
HSP90AA1,m04,mut_s1,detail,1,146,HOGUCNPGZXMBGW-UHFFFAOYNA-N,-10.499
HSP90AA1,m04,mut_s1,detail,1,147,VITUDJAVASFPKN-DUFUIDNCNA-N,-9.449
HSP90AA1,m04,mut_s1,detail,1,148,IXAHDCRYEUYPBG-SCXYCHFONA-N,-11.305
HSP90AA1,m04,mut_s1,detail,1,149,JWHMEKMLAZQDNS-OZMOGHDGNA-N,-8.82
HSP90AA1,m04,mut_s1,detail,1,150,BZWNBTIJLRHNDZ-LBOYIXSDNA-N,-9.342
HSP90AA1,m04,mut_s1,detail,1,151,RECYROBESYRUML-UHFFFAOYNA-N,-9.23
HSP90AA1,m04,mut_s1,detail,1,152,MLDSJJJLQRZNKW-UHBIVWOUNA-N,-10.283
HSP90AA1,m04,mut_s1,detail,1,153,XTWIHJARHCYNFX-PHXLCVRDNA-N,-9.193
HSP90AA1,m04,mut_s1,detail,1,154,UQGFETVWTRDGKJ-UHFFFAOYNA-N,-9.611
HSP90AA1,m04,mut_s1,detail,1,155,VJFSMDWEMFOWDK-CYSPOYASNA-N,-8.733
HSP90AA1,m04,mut_s1,detail,1,156,NZYLXYBIWNIAGH-CYSPOYASNA-N,-10.832
HSP90AA1,m04,mut_s1,detail,1,157,ODXCWFOKLBJQNP-MPIMZMORNA-N,-8.847
HSP90AA1,m04,mut_s1,detail,1,158,FVDNMAPPDSKXKQ-UHFFFAOYNA-N,-10.532
HSP90AA1,m04,mut_s1,detail,1,159,DOPWMPRIRWTOOD-CCHPKIMANA-N,-8.128
HSP90AA1,m05,mut_s1,detail,1,0,URVMSYHISUZXNH-UYBDAZJANA-N,-9.253
HSP90AA1,m05,mut_s1,detail,1,1,KXRPCFINVWWFHQ-UHFFFAOYNA-N,-5.511
HSP90AA1,m05,mut_s1,detail,1,2,NICJTSHRYBTHAS-YHMJCDSINA-N,-7.549
HSP90AA1,m05,mut_s1,detail,1,3,SWRZVDTZHDWPDS-AWIDAIFANA-N,-8.602
HSP90AA1,m05,mut_s1,detail,1,4,RKNSLLSUFWWYCA-UHFFFAOYNA-N,-8.871
HSP90AA1,m05,mut_s1,detail,1,5,OZFSIKFTRRUDES-RIYZIHGNNA-N,-6.904
HSP90AA1,m05,mut_s1,detail,1,6,AAGGUCRASUJPPN-UHFFFAOYNA-N,-8.559
HSP90AA1,m05,mut_s1,detail,1,7,OYHXDPMAFYHDNG-YAQRNVERNA-N,-7.73
HSP90AA1,m05,mut_s1,detail,1,8,AWILWAIEQYZUEQ-UHFFFAOYNA-N,-7.51
HSP90AA1,m05,mut_s1,detail,1,9,WSFAXHLMQUUHQT-VMPITWQZNA-N,-8.265
HSP90AA1,m05,mut_s1,detail,1,10,WPHMTVNOXKBZKN-UHFFFAOYNA-N,-7.119
HSP90AA1,m05,mut_s1,detail,1,11,LPEIZNODGHDCCW-UHFFFAOYNA-N,-5.52
HSP90AA1,m05,mut_s1,detail,1,12,QQHWWDVSRWOHEP-LILDFLRNNA-N,-9.224
HSP90AA1,m05,mut_s1,detail,1,13,UMEVSSPGBFVQNC-UHFFFAOYNA-N,-6.358
HSP90AA1,m05,mut_s1,detail,1,14,VZDIOEKWWZRNQN-UHFFFAOYNA-N,-10.086
HSP90AA1,m05,mut_s1,detail,1,15,JEVLDOUORFAHRS-NDKGDYFDNA-N,-7.634
HSP90AA1,m05,mut_s1,detail,1,16,NFTGJNJRMWUBPG-GPQMBLKYNA-N,-8.787
HSP90AA1,m05,mut_s1,detail,1,17,UMUUTEZBWGDVDA-UHFFFAOYNA-N,-8.064
HSP90AA1,m05,mut_s1,detail,1,18,VLQKEPLNPGYNDJ-HCKMINDGNA-N,-7.38
HSP90AA1,m05,mut_s1,detail,1,19,PPMVTAATPZLMJM-CDDDEJBQNA-N,-8.271
HSP90AA1,m05,mut_s1,detail,1,20,AHLYFAKLKLMESK-YAQRNVERNA-N,-7.913
HSP90AA1,m05,mut_s1,detail,1,21,GYEJYLAGVWRSIM-KGJHZMDYNA-N,-7.468
HSP90AA1,m05,mut_s1,detail,1,22,RXVALSLAUOIYLW-UHFFFAOYNA-N,-7.722
HSP90AA1,m05,mut_s1,detail,1,23,NSELYIFATLFDOZ-JLGFQASFNA-N,-8.48
HSP90AA1,m05,mut_s1,detail,1,24,COQFBYACOHFCEC-UHFFFAOYNA-N,-7.867
HSP90AA1,m05,mut_s1,detail,1,25,CJGJXFCLDYQBFQ-YJGXKCCXNA-N,-8.963
HSP90AA1,m05,mut_s1,detail,1,26,BWNGRRJLFYHENY-INIZCTEONA-N,-7.83
HSP90AA1,m05,mut_s1,detail,1,27,BNRFXWSJKVJVOF-UYBDAZJANA-N,-9.78
HSP90AA1,m05,mut_s1,detail,1,28,DMULMZBZVBBWBY-PJZINPJWNA-N,-9.194
HSP90AA1,m05,mut_s1,detail,1,29,AXLAIGJGNKHDPO-UHFFFAOYNA-N,-6.474
HSP90AA1,m05,mut_s1,detail,1,30,RKDGAONZEPYEBT-WXRBYKJCNA-N,-6.996
HSP90AA1,m05,mut_s1,detail,1,31,MBOYDUZSCSNUQL-MBBDSNKKNA-N,-8.914
HSP90AA1,m05,mut_s1,detail,1,32,KPVDBHRTXOFQDK-YAQRNVERNA-N,-7.448
HSP90AA1,m05,mut_s1,detail,1,33,LVCNFMYUKISBSB-VJSNTGQMNA-N,-8.995
HSP90AA1,m05,mut_s1,detail,1,34,XLAHCIRKLMJUQC-DZQCGVKKNA-N,-9.76
HSP90AA1,m05,mut_s1,detail,1,35,QNYHDABGLCBJOE-SHHGZXMVNA-N,-9.668
HSP90AA1,m05,mut_s1,detail,1,36,HEKNRISBWSPMOG-OWTLIXCDNA-N,-6.969
HSP90AA1,m05,mut_s1,detail,1,37,VIRNXCRLEVZXNX-LILDFLRNNA-N,-8.678
HSP90AA1,m05,mut_s1,detail,1,38,SRTGERSEXJGDMR-UHFFFAOYNA-N,-8.709
HSP90AA1,m05,mut_s1,detail,1,39,ZGMGSSRLZJYOKH-WXRBYKJCNA-N,-7.68
HSP90AA1,m05,mut_s1,detail,1,40,VGYFDFRFGHHCDA-CUTUCBJDNA-N,-8.907
HSP90AA1,m05,mut_s1,detail,1,41,DILPMLYWQJPNLO-HCKMINDGNA-N,-9.208
HSP90AA1,m05,mut_s1,detail,1,42,RSOODJIGEVJLMK-LQFNOIFHNA-N,-9.411
HSP90AA1,m05,mut_s1,detail,1,43,OWHHWMUAYBIQPR-UHFFFAOYNA-N,-9.797
HSP90AA1,m05,mut_s1,detail,1,44,KPIKMVZJKZDOFC-UHFFFAOYNA-N,-9.324
HSP90AA1,m05,mut_s1,detail,1,45,DIKDKRUREJXLMR-DPMTXJEANA-N,-10.038
HSP90AA1,m05,mut_s1,detail,1,46,QRVJDPKQHAVBDK-UYBDAZJANA-N,-7.17
HSP90AA1,m05,mut_s1,detail,1,47,SGBSFKSDPWOALT-UYBDAZJANA-N,-8.68
HSP90AA1,m05,mut_s1,detail,1,48,CYHFRNFVZWVHCG-OTJKMEOQNA-N,-9.308
HSP90AA1,m05,mut_s1,detail,1,49,MJUDQDHXCQONOA-MPIMZMORNA-N,-9.189
HSP90AA1,m05,mut_s1,detail,1,50,RNVYRNLUUYNQAS-PKSOQXRJNA-N,-8.33
HSP90AA1,m05,mut_s1,detail,1,51,DLZXOZYETDVJEB-QWOVJGMINA-N,-7.748
HSP90AA1,m05,mut_s1,detail,1,52,HSICVZRDGBJSEL-GPQMBLKYNA-N,-8.295
HSP90AA1,m05,mut_s1,detail,1,53,HMRUHHFLIMYEAF-QNGOCPJXNA-N,-7.434
HSP90AA1,m05,mut_s1,detail,1,54,ZZOWQPSBJUXHCA-YSPRVCGUNA-N,-10.344
HSP90AA1,m05,mut_s1,detail,1,55,WDDJLHOUFWSQSV-UHFFFAOYNA-N,-9.232
HSP90AA1,m05,mut_s1,detail,1,56,UKLIIGXGTPSYBF-IBCWCQIKNA-N,-8.208
HSP90AA1,m05,mut_s1,detail,1,57,LNPOBRXJZYGQMS-MOHJPFBDNA-N,-9.168
HSP90AA1,m05,mut_s1,detail,1,58,FYILBFPPKIZBTO-UHFFFAOYNA-N,-8.13
HSP90AA1,m05,mut_s1,detail,1,59,MIKIJFODTJGFDI-LILDFLRNNA-N,-8.956
HSP90AA1,m05,mut_s1,detail,1,60,RUWCNSLWWCWTSU-LILDFLRNNA-N,-9.835
HSP90AA1,m05,mut_s1,detail,1,61,KLQWCHKIQJHYIB-UHFFFAOYNA-N,-9.677
HSP90AA1,m05,mut_s1,detail,1,62,QKAWGENQCGFAOE-NPVYFSBINA-N,-9.206
HSP90AA1,m05,mut_s1,detail,1,63,KGOKCBRZBBEYBE-MMRXBHCZNA-N,-10.003
HSP90AA1,m05,mut_s1,detail,1,64,ROFRXCLSWKEWTN-UHFFFAOYNA-N,-7.729
HSP90AA1,m05,mut_s1,detail,1,65,AKRMJNKLSCBEME-FPYGCLRLNA-N,-7.584
HSP90AA1,m05,mut_s1,detail,1,66,LCGJUJZLLYTYIF-XMFFZCEENA-N,-8.931
HSP90AA1,m05,mut_s1,detail,1,67,FREQNFSEYLEFOI-QRCVEOAVNA-N,-8.548
HSP90AA1,m05,mut_s1,detail,1,68,MHMINAYLMNBGSM-UHFFFAOYNA-N,-7.083
HSP90AA1,m05,mut_s1,detail,1,69,SYMNTBHEGHFZMV-UHFFFAOYNA-N,-8.018
HSP90AA1,m05,mut_s1,detail,1,70,NNCRWGMPCGSKOO-LILDFLRNNA-N,-7.869
HSP90AA1,m05,mut_s1,detail,1,71,ZCRRNCCNJMRGFI-UHFFFAOYNA-N,-8.872
HSP90AA1,m05,mut_s1,detail,1,72,PYVZEIBGEUQNQQ-UHFFFAOYNA-N,-9.248
HSP90AA1,m05,mut_s1,detail,1,73,OROJQWVRCGJACT-XBTAAFKLNA-N,-10.339
HSP90AA1,m05,mut_s1,detail,1,74,TXYUWXKCUDOUGU-JLGFQASFNA-N,-7.056
HSP90AA1,m05,mut_s1,detail,1,75,LAZANALODSEDSE-UHFFFAOYNA-N,-7.845
HSP90AA1,m05,mut_s1,detail,1,76,RJXCYVJLXGRCHK-UHFFFAOYNA-N,-8.511
HSP90AA1,m05,mut_s1,detail,1,77,FUSKIBWHJAWEFI-IEJAXPBYNA-N,-8.718
HSP90AA1,m05,mut_s1,detail,1,78,SGWVLOCBQLQWQV-UHFFFAOYNA-N,-8.214
HSP90AA1,m05,mut_s1,detail,1,79,PPXRQTYXLZCDAZ-QWOVJGMINA-N,-9.265
HSP90AA1,m05,mut_s1,detail,1,80,DIFBADFWLVYFHV-LELJVTLKNA-N,-10.864
HSP90AA1,m05,mut_s1,detail,1,81,XREOSEVJCQGCHE-MHPMNMKGNA-N,-9.538
HSP90AA1,m05,mut_s1,detail,1,82,ZHGPKHBXSKWZEQ-UHFFFAOYNA-N,-9.402
HSP90AA1,m05,mut_s1,detail,1,83,ZFAYPJJNPSNAFK-UHFFFAOYNA-N,-8.869
HSP90AA1,m05,mut_s1,detail,1,84,LTXMRAGWIDQTQT-MYUTVWBTNA-N,-10.889
HSP90AA1,m05,mut_s1,detail,1,85,VXQHYHSSGLOALC-SPEPDGBUNA-N,-8.798
HSP90AA1,m05,mut_s1,detail,1,86,KWDSFRAWCISROF-PJQSKVNONA-N,-8.978
HSP90AA1,m05,mut_s1,detail,1,87,ZJZXSQPHUQUHIV-ZGZFQTMPNA-N,-10.47
HSP90AA1,m05,mut_s1,detail,1,88,UYHIVPBYFWVWEJ-UHFFFAOYNA-N,-9.951
HSP90AA1,m05,mut_s1,detail,1,89,PLEFJSUCKRWHBY-LNNLXFCONA-N,-9.516
HSP90AA1,m05,mut_s1,detail,1,90,DNSRQCRQLKJUCC-PDJAEHLQNA-N,-8.824
HSP90AA1,m05,mut_s1,detail,1,91,PHYKZCBUNVYJNH-YDBXFXKPNA-N,-7.253
HSP90AA1,m05,mut_s1,detail,1,92,OOUHZBUAVKCDGA-UHFFFAOYNA-N,-9.242
HSP90AA1,m05,mut_s1,detail,1,93,UUQDFZFJDFMLHW-UHFFFAOYNA-N,-8.44
HSP90AA1,m05,mut_s1,detail,1,94,OOUDDHNLDLLUOL-SKKVRFOWNA-N,-10.056
HSP90AA1,m05,mut_s1,detail,1,95,ZDMQSUAMTLXUTE-MPIMZMORNA-N,-8.753
HSP90AA1,m05,mut_s1,detail,1,96,NMPLPABDEKPABN-UHFFFAOYNA-N,-8.337
HSP90AA1,m05,mut_s1,detail,1,97,INZRHGSVWGRHBM-NPVYFSBINA-N,-9.432
HSP90AA1,m05,mut_s1,detail,1,98,RVGCWMKVTAEQIH-LNNLXFCONA-N,-9.834
HSP90AA1,m05,mut_s1,detail,1,99,VRXWKRQOVMZBAF-LJQANCHMNA-N,-7.573
HSP90AA1,m05,mut_s1,detail,1,100,QACLWOIBBYOHQP-UYBDAZJANA-N,-7.843
HSP90AA1,m05,mut_s1,detail,1,101,ZNXSZVFPCBIELQ-LNNLXFCONA-N,-8.153
HSP90AA1,m05,mut_s1,detail,1,102,GKMWCCNMKRSQHR-VEKUMTKDNA-N,-9.465
HSP90AA1,m05,mut_s1,detail,1,103,FFGUSRSMWFYKGK-SKKVRFOWNA-N,-10.418
HSP90AA1,m05,mut_s1,detail,1,104,KXBDDGKXLZBLOM-SPEPDGBUNA-N,-9.968
HSP90AA1,m05,mut_s1,detail,1,105,MIUWULAZCXYTJW-MSHHZIMBNA-N,-10.865
HSP90AA1,m05,mut_s1,detail,1,106,JPZOYWVRFLZCIC-NJNXFGOHNA-N,-10.74
HSP90AA1,m05,mut_s1,detail,1,107,FAIQTLBYDVKBAB-DVIAZDKANA-N,-8.31
HSP90AA1,m05,mut_s1,detail,1,108,APFLRZZAOXCNAZ-UHFFFAOYNA-N,-8.538
HSP90AA1,m05,mut_s1,detail,1,109,BSQLDSQTGOZBFD-UHFFFAOYNA-N,-9.522
HSP90AA1,m05,mut_s1,detail,1,110,ZVVCFJXCDATSCC-UHFFFAOYNA-N,-10.141
HSP90AA1,m05,mut_s1,detail,1,111,SKEQTXZATFWVMB-UYBDAZJANA-N,-8.526
HSP90AA1,m05,mut_s1,detail,1,112,IATWYRHDJKMBQK-MPIMZMORNA-N,-8.586
HSP90AA1,m05,mut_s1,detail,1,113,JPWOEQDCUZCWKT-MPIMZMORNA-N,-8.273
HSP90AA1,m05,mut_s1,detail,1,114,RYHSAXRBHDHPPK-PKSOQXRJNA-N,-10.139
HSP90AA1,m05,mut_s1,detail,1,115,GKKJWUFVZJJFPG-MPIMZMORNA-N,-9.095
HSP90AA1,m05,mut_s1,detail,1,116,FDNZXFDUCINVLY-BDGWVKIONA-N,-9.068
HSP90AA1,m05,mut_s1,detail,1,117,KTBYKHKWIFIFAK-UHFFFAOYNA-N,-10.126
HSP90AA1,m05,mut_s1,detail,1,118,ZRXZEWGUECXTTQ-LQFNOIFHNA-N,-9.981
HSP90AA1,m05,mut_s1,detail,1,119,XNACBBGLIAJNJM-PECIQRARNA-N,-8.942
HSP90AA1,m05,mut_s1,detail,1,120,WQZYYJRVBIQUGH-YWZOXAELNA-N,-7.831
HSP90AA1,m05,mut_s1,detail,1,121,ABMSRNRLDZVJFV-SWUIVHNENA-N,-9.275
HSP90AA1,m05,mut_s1,detail,1,122,ZEACBIUBSOLEGW-QAITUMOCNA-N,-10.931
HSP90AA1,m05,mut_s1,detail,1,123,UBFCDXVLKFOOGL-OKPOJWAQNA-N,-10.128
HSP90AA1,m05,mut_s1,detail,1,124,RRIHVAFUFDANEX-NSJMMFDCNA-N,-10.022
HSP90AA1,m05,mut_s1,detail,1,125,HASIAUWPWKTSBW-SREBMQDQNA-N,-7.636
HSP90AA1,m05,mut_s1,detail,1,126,WHBCKYHTCHCHAY-LQFNOIFHNA-N,-8.56
HSP90AA1,m05,mut_s1,detail,1,127,XMAYWYJOQHXEEK-JYFHCDHNNA-N,-8.528
HSP90AA1,m05,mut_s1,detail,1,128,TVKCFCZANTZCSU-OYRHEFFENA-N,-9.651
HSP90AA1,m05,mut_s1,detail,1,129,OJFIIUWPOHBVMH-LNNLXFCONA-N,-7.623
HSP90AA1,m05,mut_s1,detail,1,130,DKLZMGFTGWKNCD-DIRLUKLVNA-N,-10.147
HSP90AA1,m05,mut_s1,detail,1,131,PYSLGWZFRQWTDD-PWIKPTQSNA-N,-9.872
HSP90AA1,m05,mut_s1,detail,1,132,MWMBIUUYBQWKJX-QTUCRYGENA-N,-8.22
HSP90AA1,m05,mut_s1,detail,1,133,FLYQFCXTEFTSQN-UHFFFAOYNA-N,-8.187
HSP90AA1,m05,mut_s1,detail,1,134,PBIBDSDWIMZYDT-WBWGZOKWNA-N,-9.183
HSP90AA1,m05,mut_s1,detail,1,135,GSRWMFGBDLHGBU-YEFLILRRNA-N,-8.382
HSP90AA1,m05,mut_s1,detail,1,136,AYIJJQHMZAEQKE-QDAGQJSJNA-N,-9.573
HSP90AA1,m05,mut_s1,detail,1,137,JVWTZUKPDMRNDC-FSAKADSPNA-N,-10.607
HSP90AA1,m05,mut_s1,detail,1,138,XAZPLOLSRXZDBO-LBZABMTDNA-N,-8.451
HSP90AA1,m05,mut_s1,detail,1,139,RGWVFJBNHCWCTL-CFEGKOCINA-N,-9.135
HSP90AA1,m05,mut_s1,detail,1,140,YYWNRQZCPIMCAK-UHFFFAOYNA-N,-9.812
HSP90AA1,m05,mut_s1,detail,1,141,PBTZDKNKXRSZPM-XBXBPLPCNA-N,-10.309
HSP90AA1,m05,mut_s1,detail,1,142,QQPOIMHFFPBDQM-LELJVTLKNA-N,-8.065
HSP90AA1,m05,mut_s1,detail,1,143,NYFQURFFDGCBCB-MAQJPOOANA-N,-8.062
HSP90AA1,m05,mut_s1,detail,1,144,HXZVHWHABLBWBS-MTTPVDACNA-N,-11.249
HSP90AA1,m05,mut_s1,detail,1,145,IWYYSOJWYLZKLK-LELJVTLKNA-N,-7.589
HSP90AA1,m05,mut_s1,detail,1,146,HOGUCNPGZXMBGW-UHFFFAOYNA-N,-8.225
HSP90AA1,m05,mut_s1,detail,1,147,VITUDJAVASFPKN-DUFUIDNCNA-N,-9.417
HSP90AA1,m05,mut_s1,detail,1,148,IXAHDCRYEUYPBG-SCXYCHFONA-N,-12.23
HSP90AA1,m05,mut_s1,detail,1,149,JWHMEKMLAZQDNS-OZMOGHDGNA-N,-8.941
HSP90AA1,m05,mut_s1,detail,1,150,BZWNBTIJLRHNDZ-LBOYIXSDNA-N,-8.876
HSP90AA1,m05,mut_s1,detail,1,151,RECYROBESYRUML-UHFFFAOYNA-N,-9.388
HSP90AA1,m05,mut_s1,detail,1,152,MLDSJJJLQRZNKW-UHBIVWOUNA-N,-9.783
HSP90AA1,m05,mut_s1,detail,1,153,XTWIHJARHCYNFX-PHXLCVRDNA-N,-8.673
HSP90AA1,m05,mut_s1,detail,1,154,UQGFETVWTRDGKJ-UHFFFAOYNA-N,-9.532
HSP90AA1,m05,mut_s1,detail,1,155,VJFSMDWEMFOWDK-CYSPOYASNA-N,-9.137
HSP90AA1,m05,mut_s1,detail,1,156,NZYLXYBIWNIAGH-CYSPOYASNA-N,-10.501
HSP90AA1,m05,mut_s1,detail,1,157,ODXCWFOKLBJQNP-MPIMZMORNA-N,-8.753
HSP90AA1,m05,mut_s1,detail,1,158,FVDNMAPPDSKXKQ-UHFFFAOYNA-N,-9.929
HSP90AA1,m05,mut_s1,detail,1,159,DOPWMPRIRWTOOD-CCHPKIMANA-N,-10.578
HSP90AA1,m06,mut_s1,detail,1,0,URVMSYHISUZXNH-UYBDAZJANA-N,-8.736
HSP90AA1,m06,mut_s1,detail,1,1,KXRPCFINVWWFHQ-UHFFFAOYNA-N,-5.382
HSP90AA1,m06,mut_s1,detail,1,2,NICJTSHRYBTHAS-YHMJCDSINA-N,-7.411
HSP90AA1,m06,mut_s1,detail,1,3,SWRZVDTZHDWPDS-AWIDAIFANA-N,-8.113
HSP90AA1,m06,mut_s1,detail,1,4,RKNSLLSUFWWYCA-UHFFFAOYNA-N,-9.107
HSP90AA1,m06,mut_s1,detail,1,5,OZFSIKFTRRUDES-RIYZIHGNNA-N,-7.311
HSP90AA1,m06,mut_s1,detail,1,6,AAGGUCRASUJPPN-UHFFFAOYNA-N,-8.812
HSP90AA1,m06,mut_s1,detail,1,7,OYHXDPMAFYHDNG-YAQRNVERNA-N,-7.358
HSP90AA1,m06,mut_s1,detail,1,8,AWILWAIEQYZUEQ-UHFFFAOYNA-N,-7.071
HSP90AA1,m06,mut_s1,detail,1,9,WSFAXHLMQUUHQT-VMPITWQZNA-N,-8.39
HSP90AA1,m06,mut_s1,detail,1,10,WPHMTVNOXKBZKN-UHFFFAOYNA-N,-7.339
HSP90AA1,m06,mut_s1,detail,1,11,LPEIZNODGHDCCW-UHFFFAOYNA-N,-6.587
HSP90AA1,m06,mut_s1,detail,1,12,QQHWWDVSRWOHEP-LILDFLRNNA-N,-8.232
HSP90AA1,m06,mut_s1,detail,1,13,UMEVSSPGBFVQNC-UHFFFAOYNA-N,-6.638
HSP90AA1,m06,mut_s1,detail,1,14,VZDIOEKWWZRNQN-UHFFFAOYNA-N,-8.764
HSP90AA1,m06,mut_s1,detail,1,15,JEVLDOUORFAHRS-NDKGDYFDNA-N,-7.553
HSP90AA1,m06,mut_s1,detail,1,16,NFTGJNJRMWUBPG-GPQMBLKYNA-N,-8.582
HSP90AA1,m06,mut_s1,detail,1,17,UMUUTEZBWGDVDA-UHFFFAOYNA-N,-7.728
HSP90AA1,m06,mut_s1,detail,1,18,VLQKEPLNPGYNDJ-HCKMINDGNA-N,-8.739
HSP90AA1,m06,mut_s1,detail,1,19,PPMVTAATPZLMJM-CDDDEJBQNA-N,-8.371
HSP90AA1,m06,mut_s1,detail,1,20,AHLYFAKLKLMESK-YAQRNVERNA-N,-7.569
HSP90AA1,m06,mut_s1,detail,1,21,GYEJYLAGVWRSIM-KGJHZMDYNA-N,-7.462
HSP90AA1,m06,mut_s1,detail,1,22,RXVALSLAUOIYLW-UHFFFAOYNA-N,-8.31
HSP90AA1,m06,mut_s1,detail,1,23,NSELYIFATLFDOZ-JLGFQASFNA-N,-7.89
HSP90AA1,m06,mut_s1,detail,1,24,COQFBYACOHFCEC-UHFFFAOYNA-N,-7.192
HSP90AA1,m06,mut_s1,detail,1,25,CJGJXFCLDYQBFQ-YJGXKCCXNA-N,-9.404
HSP90AA1,m06,mut_s1,detail,1,26,BWNGRRJLFYHENY-INIZCTEONA-N,-7.374
HSP90AA1,m06,mut_s1,detail,1,27,BNRFXWSJKVJVOF-UYBDAZJANA-N,-9.687
HSP90AA1,m06,mut_s1,detail,1,28,DMULMZBZVBBWBY-PJZINPJWNA-N,-9.116
HSP90AA1,m06,mut_s1,detail,1,29,AXLAIGJGNKHDPO-UHFFFAOYNA-N,-6.467
HSP90AA1,m06,mut_s1,detail,1,30,RKDGAONZEPYEBT-WXRBYKJCNA-N,-6.945
HSP90AA1,m06,mut_s1,detail,1,31,MBOYDUZSCSNUQL-MBBDSNKKNA-N,-8.166
HSP90AA1,m06,mut_s1,detail,1,32,KPVDBHRTXOFQDK-YAQRNVERNA-N,-7.868
HSP90AA1,m06,mut_s1,detail,1,33,LVCNFMYUKISBSB-VJSNTGQMNA-N,-8.601
HSP90AA1,m06,mut_s1,detail,1,34,XLAHCIRKLMJUQC-DZQCGVKKNA-N,-9.39
HSP90AA1,m06,mut_s1,detail,1,35,QNYHDABGLCBJOE-SHHGZXMVNA-N,-8.462
HSP90AA1,m06,mut_s1,detail,1,36,HEKNRISBWSPMOG-OWTLIXCDNA-N,-7.732
HSP90AA1,m06,mut_s1,detail,1,37,VIRNXCRLEVZXNX-LILDFLRNNA-N,-9.485
HSP90AA1,m06,mut_s1,detail,1,38,SRTGERSEXJGDMR-UHFFFAOYNA-N,-7.473
HSP90AA1,m06,mut_s1,detail,1,39,ZGMGSSRLZJYOKH-WXRBYKJCNA-N,-7.229
HSP90AA1,m06,mut_s1,detail,1,40,VGYFDFRFGHHCDA-CUTUCBJDNA-N,-10.078
HSP90AA1,m06,mut_s1,detail,1,41,DILPMLYWQJPNLO-HCKMINDGNA-N,-8.698
HSP90AA1,m06,mut_s1,detail,1,42,RSOODJIGEVJLMK-LQFNOIFHNA-N,-8.837
HSP90AA1,m06,mut_s1,detail,1,43,OWHHWMUAYBIQPR-UHFFFAOYNA-N,-9.58
HSP90AA1,m06,mut_s1,detail,1,44,KPIKMVZJKZDOFC-UHFFFAOYNA-N,-9.402
HSP90AA1,m06,mut_s1,detail,1,45,DIKDKRUREJXLMR-DPMTXJEANA-N,-9.467
HSP90AA1,m06,mut_s1,detail,1,46,QRVJDPKQHAVBDK-UYBDAZJANA-N,-7.527
HSP90AA1,m06,mut_s1,detail,1,47,SGBSFKSDPWOALT-UYBDAZJANA-N,-9.354
HSP90AA1,m06,mut_s1,detail,1,48,CYHFRNFVZWVHCG-OTJKMEOQNA-N,-9.016
HSP90AA1,m06,mut_s1,detail,1,49,MJUDQDHXCQONOA-MPIMZMORNA-N,-8.485
HSP90AA1,m06,mut_s1,detail,1,50,RNVYRNLUUYNQAS-PKSOQXRJNA-N,-8.017
HSP90AA1,m06,mut_s1,detail,1,51,DLZXOZYETDVJEB-QWOVJGMINA-N,-8.123
HSP90AA1,m06,mut_s1,detail,1,52,HSICVZRDGBJSEL-GPQMBLKYNA-N,-8.767
HSP90AA1,m06,mut_s1,detail,1,53,HMRUHHFLIMYEAF-QNGOCPJXNA-N,-7.216
HSP90AA1,m06,mut_s1,detail,1,54,ZZOWQPSBJUXHCA-YSPRVCGUNA-N,-8.621
HSP90AA1,m06,mut_s1,detail,1,55,WDDJLHOUFWSQSV-UHFFFAOYNA-N,-9.619
HSP90AA1,m06,mut_s1,detail,1,56,UKLIIGXGTPSYBF-IBCWCQIKNA-N,-8.021
HSP90AA1,m06,mut_s1,detail,1,57,LNPOBRXJZYGQMS-MOHJPFBDNA-N,-9.254
HSP90AA1,m06,mut_s1,detail,1,58,FYILBFPPKIZBTO-UHFFFAOYNA-N,-8.33
HSP90AA1,m06,mut_s1,detail,1,59,MIKIJFODTJGFDI-LILDFLRNNA-N,-9.497
HSP90AA1,m06,mut_s1,detail,1,60,RUWCNSLWWCWTSU-LILDFLRNNA-N,-8.387
HSP90AA1,m06,mut_s1,detail,1,61,KLQWCHKIQJHYIB-UHFFFAOYNA-N,-9.875
HSP90AA1,m06,mut_s1,detail,1,62,QKAWGENQCGFAOE-NPVYFSBINA-N,-7.932
HSP90AA1,m06,mut_s1,detail,1,63,KGOKCBRZBBEYBE-MMRXBHCZNA-N,-9.227
HSP90AA1,m06,mut_s1,detail,1,64,ROFRXCLSWKEWTN-UHFFFAOYNA-N,-7.838
HSP90AA1,m06,mut_s1,detail,1,65,AKRMJNKLSCBEME-FPYGCLRLNA-N,-8.123
HSP90AA1,m06,mut_s1,detail,1,66,LCGJUJZLLYTYIF-XMFFZCEENA-N,-9.138
HSP90AA1,m06,mut_s1,detail,1,67,FREQNFSEYLEFOI-QRCVEOAVNA-N,-8.661
HSP90AA1,m06,mut_s1,detail,1,68,MHMINAYLMNBGSM-UHFFFAOYNA-N,-7.14
HSP90AA1,m06,mut_s1,detail,1,69,SYMNTBHEGHFZMV-UHFFFAOYNA-N,-8.14
HSP90AA1,m06,mut_s1,detail,1,70,NNCRWGMPCGSKOO-LILDFLRNNA-N,-7.441
HSP90AA1,m06,mut_s1,detail,1,71,ZCRRNCCNJMRGFI-UHFFFAOYNA-N,-9.252
HSP90AA1,m06,mut_s1,detail,1,72,PYVZEIBGEUQNQQ-UHFFFAOYNA-N,-9.561
HSP90AA1,m06,mut_s1,detail,1,73,OROJQWVRCGJACT-XBTAAFKLNA-N,-9.748
HSP90AA1,m06,mut_s1,detail,1,74,TXYUWXKCUDOUGU-JLGFQASFNA-N,-8.148
HSP90AA1,m06,mut_s1,detail,1,75,LAZANALODSEDSE-UHFFFAOYNA-N,-7.569
HSP90AA1,m06,mut_s1,detail,1,76,RJXCYVJLXGRCHK-UHFFFAOYNA-N,-9.909
HSP90AA1,m06,mut_s1,detail,1,77,FUSKIBWHJAWEFI-IEJAXPBYNA-N,-8.179
HSP90AA1,m06,mut_s1,detail,1,78,SGWVLOCBQLQWQV-UHFFFAOYNA-N,-9.178
HSP90AA1,m06,mut_s1,detail,1,79,PPXRQTYXLZCDAZ-QWOVJGMINA-N,-9.39
HSP90AA1,m06,mut_s1,detail,1,80,DIFBADFWLVYFHV-LELJVTLKNA-N,-9.472
HSP90AA1,m06,mut_s1,detail,1,81,XREOSEVJCQGCHE-MHPMNMKGNA-N,-9.864
HSP90AA1,m06,mut_s1,detail,1,82,ZHGPKHBXSKWZEQ-UHFFFAOYNA-N,-9.572
HSP90AA1,m06,mut_s1,detail,1,83,ZFAYPJJNPSNAFK-UHFFFAOYNA-N,-9.937
HSP90AA1,m06,mut_s1,detail,1,84,LTXMRAGWIDQTQT-MYUTVWBTNA-N,-11.008
HSP90AA1,m06,mut_s1,detail,1,85,VXQHYHSSGLOALC-SPEPDGBUNA-N,-9.827
HSP90AA1,m06,mut_s1,detail,1,86,KWDSFRAWCISROF-PJQSKVNONA-N,-9.99
HSP90AA1,m06,mut_s1,detail,1,87,ZJZXSQPHUQUHIV-ZGZFQTMPNA-N,-11.808
HSP90AA1,m06,mut_s1,detail,1,88,UYHIVPBYFWVWEJ-UHFFFAOYNA-N,-10.237
HSP90AA1,m06,mut_s1,detail,1,89,PLEFJSUCKRWHBY-LNNLXFCONA-N,-8.522
HSP90AA1,m06,mut_s1,detail,1,90,DNSRQCRQLKJUCC-PDJAEHLQNA-N,-8.839
HSP90AA1,m06,mut_s1,detail,1,91,PHYKZCBUNVYJNH-YDBXFXKPNA-N,-8.057
HSP90AA1,m06,mut_s1,detail,1,92,OOUHZBUAVKCDGA-UHFFFAOYNA-N,-9.254
HSP90AA1,m06,mut_s1,detail,1,93,UUQDFZFJDFMLHW-UHFFFAOYNA-N,-9.16
HSP90AA1,m06,mut_s1,detail,1,94,OOUDDHNLDLLUOL-SKKVRFOWNA-N,-9.838
HSP90AA1,m06,mut_s1,detail,1,95,ZDMQSUAMTLXUTE-MPIMZMORNA-N,-8.758
HSP90AA1,m06,mut_s1,detail,1,96,NMPLPABDEKPABN-UHFFFAOYNA-N,-9.199
HSP90AA1,m06,mut_s1,detail,1,97,INZRHGSVWGRHBM-NPVYFSBINA-N,-9.431
HSP90AA1,m06,mut_s1,detail,1,98,RVGCWMKVTAEQIH-LNNLXFCONA-N,-9.717
HSP90AA1,m06,mut_s1,detail,1,99,VRXWKRQOVMZBAF-LJQANCHMNA-N,-7.665
HSP90AA1,m06,mut_s1,detail,1,100,QACLWOIBBYOHQP-UYBDAZJANA-N,-7.721
HSP90AA1,m06,mut_s1,detail,1,101,ZNXSZVFPCBIELQ-LNNLXFCONA-N,-8.721
HSP90AA1,m06,mut_s1,detail,1,102,GKMWCCNMKRSQHR-VEKUMTKDNA-N,-9.036
HSP90AA1,m06,mut_s1,detail,1,103,FFGUSRSMWFYKGK-SKKVRFOWNA-N,-9.47
HSP90AA1,m06,mut_s1,detail,1,104,KXBDDGKXLZBLOM-SPEPDGBUNA-N,-8.89
HSP90AA1,m06,mut_s1,detail,1,105,MIUWULAZCXYTJW-MSHHZIMBNA-N,-10.072
HSP90AA1,m06,mut_s1,detail,1,106,JPZOYWVRFLZCIC-NJNXFGOHNA-N,-10.581
HSP90AA1,m06,mut_s1,detail,1,107,FAIQTLBYDVKBAB-DVIAZDKANA-N,-8.665
HSP90AA1,m06,mut_s1,detail,1,108,APFLRZZAOXCNAZ-UHFFFAOYNA-N,-9.753
HSP90AA1,m06,mut_s1,detail,1,109,BSQLDSQTGOZBFD-UHFFFAOYNA-N,-9.015
HSP90AA1,m06,mut_s1,detail,1,110,ZVVCFJXCDATSCC-UHFFFAOYNA-N,-9.333
HSP90AA1,m06,mut_s1,detail,1,111,SKEQTXZATFWVMB-UYBDAZJANA-N,-7.373
HSP90AA1,m06,mut_s1,detail,1,112,IATWYRHDJKMBQK-MPIMZMORNA-N,-7.865
HSP90AA1,m06,mut_s1,detail,1,113,JPWOEQDCUZCWKT-MPIMZMORNA-N,-7.45
HSP90AA1,m06,mut_s1,detail,1,114,RYHSAXRBHDHPPK-PKSOQXRJNA-N,-8.578
HSP90AA1,m06,mut_s1,detail,1,115,GKKJWUFVZJJFPG-MPIMZMORNA-N,-9.748
HSP90AA1,m06,mut_s1,detail,1,116,FDNZXFDUCINVLY-BDGWVKIONA-N,-8.199
HSP90AA1,m06,mut_s1,detail,1,117,KTBYKHKWIFIFAK-UHFFFAOYNA-N,-10.623
HSP90AA1,m06,mut_s1,detail,1,118,ZRXZEWGUECXTTQ-LQFNOIFHNA-N,-10.151
HSP90AA1,m06,mut_s1,detail,1,119,XNACBBGLIAJNJM-PECIQRARNA-N,-8.639
HSP90AA1,m06,mut_s1,detail,1,120,WQZYYJRVBIQUGH-YWZOXAELNA-N,-8.894
HSP90AA1,m06,mut_s1,detail,1,121,ABMSRNRLDZVJFV-SWUIVHNENA-N,-10.059
HSP90AA1,m06,mut_s1,detail,1,122,ZEACBIUBSOLEGW-QAITUMOCNA-N,-10.439
HSP90AA1,m06,mut_s1,detail,1,123,UBFCDXVLKFOOGL-OKPOJWAQNA-N,-10.413
HSP90AA1,m06,mut_s1,detail,1,124,RRIHVAFUFDANEX-NSJMMFDCNA-N,-9.812
HSP90AA1,m06,mut_s1,detail,1,125,HASIAUWPWKTSBW-SREBMQDQNA-N,-8.968
HSP90AA1,m06,mut_s1,detail,1,126,WHBCKYHTCHCHAY-LQFNOIFHNA-N,-9.076
HSP90AA1,m06,mut_s1,detail,1,127,XMAYWYJOQHXEEK-JYFHCDHNNA-N,-9.165
HSP90AA1,m06,mut_s1,detail,1,128,TVKCFCZANTZCSU-OYRHEFFENA-N,-10.559
HSP90AA1,m06,mut_s1,detail,1,129,OJFIIUWPOHBVMH-LNNLXFCONA-N,-8.094
HSP90AA1,m06,mut_s1,detail,1,130,DKLZMGFTGWKNCD-DIRLUKLVNA-N,-9.965
HSP90AA1,m06,mut_s1,detail,1,131,PYSLGWZFRQWTDD-PWIKPTQSNA-N,-10.882
HSP90AA1,m06,mut_s1,detail,1,132,MWMBIUUYBQWKJX-QTUCRYGENA-N,-8.485
HSP90AA1,m06,mut_s1,detail,1,133,FLYQFCXTEFTSQN-UHFFFAOYNA-N,-8.728
HSP90AA1,m06,mut_s1,detail,1,134,PBIBDSDWIMZYDT-WBWGZOKWNA-N,-10.327
HSP90AA1,m06,mut_s1,detail,1,135,GSRWMFGBDLHGBU-YEFLILRRNA-N,-8.23
HSP90AA1,m06,mut_s1,detail,1,136,AYIJJQHMZAEQKE-QDAGQJSJNA-N,-10.01
HSP90AA1,m06,mut_s1,detail,1,137,JVWTZUKPDMRNDC-FSAKADSPNA-N,-10.622
HSP90AA1,m06,mut_s1,detail,1,138,XAZPLOLSRXZDBO-LBZABMTDNA-N,-8.264
HSP90AA1,m06,mut_s1,detail,1,139,RGWVFJBNHCWCTL-CFEGKOCINA-N,-9.023
HSP90AA1,m06,mut_s1,detail,1,140,YYWNRQZCPIMCAK-UHFFFAOYNA-N,-10.356
HSP90AA1,m06,mut_s1,detail,1,141,PBTZDKNKXRSZPM-XBXBPLPCNA-N,-9.545
HSP90AA1,m06,mut_s1,detail,1,142,QQPOIMHFFPBDQM-LELJVTLKNA-N,-7.841
HSP90AA1,m06,mut_s1,detail,1,143,NYFQURFFDGCBCB-MAQJPOOANA-N,-9.436
HSP90AA1,m06,mut_s1,detail,1,144,HXZVHWHABLBWBS-MTTPVDACNA-N,-9.896
HSP90AA1,m06,mut_s1,detail,1,145,IWYYSOJWYLZKLK-LELJVTLKNA-N,-8.625
HSP90AA1,m06,mut_s1,detail,1,146,HOGUCNPGZXMBGW-UHFFFAOYNA-N,-9.628
HSP90AA1,m06,mut_s1,detail,1,147,VITUDJAVASFPKN-DUFUIDNCNA-N,-9.535
HSP90AA1,m06,mut_s1,detail,1,148,IXAHDCRYEUYPBG-SCXYCHFONA-N,-10.672
HSP90AA1,m06,mut_s1,detail,1,149,JWHMEKMLAZQDNS-OZMOGHDGNA-N,-8.036
HSP90AA1,m06,mut_s1,detail,1,150,BZWNBTIJLRHNDZ-LBOYIXSDNA-N,-9.328
HSP90AA1,m06,mut_s1,detail,1,151,RECYROBESYRUML-UHFFFAOYNA-N,-10.635
HSP90AA1,m06,mut_s1,detail,1,152,MLDSJJJLQRZNKW-UHBIVWOUNA-N,-10.491
HSP90AA1,m06,mut_s1,detail,1,153,XTWIHJARHCYNFX-PHXLCVRDNA-N,-9.051
HSP90AA1,m06,mut_s1,detail,1,154,UQGFETVWTRDGKJ-UHFFFAOYNA-N,-8.852
HSP90AA1,m06,mut_s1,detail,1,155,VJFSMDWEMFOWDK-CYSPOYASNA-N,-9.408
HSP90AA1,m06,mut_s1,detail,1,156,NZYLXYBIWNIAGH-CYSPOYASNA-N,-11.532
HSP90AA1,m06,mut_s1,detail,1,157,ODXCWFOKLBJQNP-MPIMZMORNA-N,-8.359
HSP90AA1,m06,mut_s1,detail,1,158,FVDNMAPPDSKXKQ-UHFFFAOYNA-N,-10.804
HSP90AA1,m06,mut_s1,detail,1,159,DOPWMPRIRWTOOD-CCHPKIMANA-N,-9.431
HSP90AA1,m07,mut_s1,detail,1,0,URVMSYHISUZXNH-UYBDAZJANA-N,-8.885
HSP90AA1,m07,mut_s1,detail,1,1,KXRPCFINVWWFHQ-UHFFFAOYNA-N,-5.093
HSP90AA1,m07,mut_s1,detail,1,2,NICJTSHRYBTHAS-YHMJCDSINA-N,-7.531
HSP90AA1,m07,mut_s1,detail,1,3,SWRZVDTZHDWPDS-AWIDAIFANA-N,-9.074
HSP90AA1,m07,mut_s1,detail,1,4,RKNSLLSUFWWYCA-UHFFFAOYNA-N,-8.897
HSP90AA1,m07,mut_s1,detail,1,5,OZFSIKFTRRUDES-RIYZIHGNNA-N,-6.858
HSP90AA1,m07,mut_s1,detail,1,6,AAGGUCRASUJPPN-UHFFFAOYNA-N,-8.78
HSP90AA1,m07,mut_s1,detail,1,7,OYHXDPMAFYHDNG-YAQRNVERNA-N,-7.291
HSP90AA1,m07,mut_s1,detail,1,8,AWILWAIEQYZUEQ-UHFFFAOYNA-N,-7.109
HSP90AA1,m07,mut_s1,detail,1,9,WSFAXHLMQUUHQT-VMPITWQZNA-N,-7.94
HSP90AA1,m07,mut_s1,detail,1,10,WPHMTVNOXKBZKN-UHFFFAOYNA-N,-7.207
HSP90AA1,m07,mut_s1,detail,1,11,LPEIZNODGHDCCW-UHFFFAOYNA-N,-6.811
HSP90AA1,m07,mut_s1,detail,1,12,QQHWWDVSRWOHEP-LILDFLRNNA-N,-9.667
HSP90AA1,m07,mut_s1,detail,1,13,UMEVSSPGBFVQNC-UHFFFAOYNA-N,-6.393
HSP90AA1,m07,mut_s1,detail,1,14,VZDIOEKWWZRNQN-UHFFFAOYNA-N,-9.965
HSP90AA1,m07,mut_s1,detail,1,15,JEVLDOUORFAHRS-NDKGDYFDNA-N,-7.042
HSP90AA1,m07,mut_s1,detail,1,16,NFTGJNJRMWUBPG-GPQMBLKYNA-N,-8.795
HSP90AA1,m07,mut_s1,detail,1,17,UMUUTEZBWGDVDA-UHFFFAOYNA-N,-7.932
HSP90AA1,m07,mut_s1,detail,1,18,VLQKEPLNPGYNDJ-HCKMINDGNA-N,-8.834
HSP90AA1,m07,mut_s1,detail,1,19,PPMVTAATPZLMJM-CDDDEJBQNA-N,-8.108
HSP90AA1,m07,mut_s1,detail,1,20,AHLYFAKLKLMESK-YAQRNVERNA-N,-7.834
HSP90AA1,m07,mut_s1,detail,1,21,GYEJYLAGVWRSIM-KGJHZMDYNA-N,-7.895
HSP90AA1,m07,mut_s1,detail,1,22,RXVALSLAUOIYLW-UHFFFAOYNA-N,-7.729
HSP90AA1,m07,mut_s1,detail,1,23,NSELYIFATLFDOZ-JLGFQASFNA-N,-8.52
HSP90AA1,m07,mut_s1,detail,1,24,COQFBYACOHFCEC-UHFFFAOYNA-N,-8.242
HSP90AA1,m07,mut_s1,detail,1,25,CJGJXFCLDYQBFQ-YJGXKCCXNA-N,-8.817
HSP90AA1,m07,mut_s1,detail,1,26,BWNGRRJLFYHENY-INIZCTEONA-N,-7.723
HSP90AA1,m07,mut_s1,detail,1,27,BNRFXWSJKVJVOF-UYBDAZJANA-N,-9.678
HSP90AA1,m07,mut_s1,detail,1,28,DMULMZBZVBBWBY-PJZINPJWNA-N,-9.069
HSP90AA1,m07,mut_s1,detail,1,29,AXLAIGJGNKHDPO-UHFFFAOYNA-N,-7.234
HSP90AA1,m07,mut_s1,detail,1,30,RKDGAONZEPYEBT-WXRBYKJCNA-N,-7.68
HSP90AA1,m07,mut_s1,detail,1,31,MBOYDUZSCSNUQL-MBBDSNKKNA-N,-7.966
HSP90AA1,m07,mut_s1,detail,1,32,KPVDBHRTXOFQDK-YAQRNVERNA-N,-7.184
HSP90AA1,m07,mut_s1,detail,1,33,LVCNFMYUKISBSB-VJSNTGQMNA-N,-8.729
HSP90AA1,m07,mut_s1,detail,1,34,XLAHCIRKLMJUQC-DZQCGVKKNA-N,-9.358
HSP90AA1,m07,mut_s1,detail,1,35,QNYHDABGLCBJOE-SHHGZXMVNA-N,-9.003
HSP90AA1,m07,mut_s1,detail,1,36,HEKNRISBWSPMOG-OWTLIXCDNA-N,-7.193
HSP90AA1,m07,mut_s1,detail,1,37,VIRNXCRLEVZXNX-LILDFLRNNA-N,-8.574
HSP90AA1,m07,mut_s1,detail,1,38,SRTGERSEXJGDMR-UHFFFAOYNA-N,-8.634
HSP90AA1,m07,mut_s1,detail,1,39,ZGMGSSRLZJYOKH-WXRBYKJCNA-N,-7.613
HSP90AA1,m07,mut_s1,detail,1,40,VGYFDFRFGHHCDA-CUTUCBJDNA-N,-10.094
HSP90AA1,m07,mut_s1,detail,1,41,DILPMLYWQJPNLO-HCKMINDGNA-N,-9.434
HSP90AA1,m07,mut_s1,detail,1,42,RSOODJIGEVJLMK-LQFNOIFHNA-N,-9.505
HSP90AA1,m07,mut_s1,detail,1,43,OWHHWMUAYBIQPR-UHFFFAOYNA-N,-9.026
HSP90AA1,m07,mut_s1,detail,1,44,KPIKMVZJKZDOFC-UHFFFAOYNA-N,-9.439
HSP90AA1,m07,mut_s1,detail,1,45,DIKDKRUREJXLMR-DPMTXJEANA-N,-9.876
HSP90AA1,m07,mut_s1,detail,1,46,QRVJDPKQHAVBDK-UYBDAZJANA-N,-7.114
HSP90AA1,m07,mut_s1,detail,1,47,SGBSFKSDPWOALT-UYBDAZJANA-N,-8.418
HSP90AA1,m07,mut_s1,detail,1,48,CYHFRNFVZWVHCG-OTJKMEOQNA-N,-9.356
HSP90AA1,m07,mut_s1,detail,1,49,MJUDQDHXCQONOA-MPIMZMORNA-N,-9.066
HSP90AA1,m07,mut_s1,detail,1,50,RNVYRNLUUYNQAS-PKSOQXRJNA-N,-8.492
HSP90AA1,m07,mut_s1,detail,1,51,DLZXOZYETDVJEB-QWOVJGMINA-N,-7.749
HSP90AA1,m07,mut_s1,detail,1,52,HSICVZRDGBJSEL-GPQMBLKYNA-N,-8.062
HSP90AA1,m07,mut_s1,detail,1,53,HMRUHHFLIMYEAF-QNGOCPJXNA-N,-7.357
HSP90AA1,m07,mut_s1,detail,1,54,ZZOWQPSBJUXHCA-YSPRVCGUNA-N,-10.293
HSP90AA1,m07,mut_s1,detail,1,55,WDDJLHOUFWSQSV-UHFFFAOYNA-N,-9.441
HSP90AA1,m07,mut_s1,detail,1,56,UKLIIGXGTPSYBF-IBCWCQIKNA-N,-8.738
HSP90AA1,m07,mut_s1,detail,1,57,LNPOBRXJZYGQMS-MOHJPFBDNA-N,-9.04
HSP90AA1,m07,mut_s1,detail,1,58,FYILBFPPKIZBTO-UHFFFAOYNA-N,-8.386
HSP90AA1,m07,mut_s1,detail,1,59,MIKIJFODTJGFDI-LILDFLRNNA-N,-9.035
HSP90AA1,m07,mut_s1,detail,1,60,RUWCNSLWWCWTSU-LILDFLRNNA-N,-10.059
HSP90AA1,m07,mut_s1,detail,1,61,KLQWCHKIQJHYIB-UHFFFAOYNA-N,-10.223
HSP90AA1,m07,mut_s1,detail,1,62,QKAWGENQCGFAOE-NPVYFSBINA-N,-8.647
HSP90AA1,m07,mut_s1,detail,1,63,KGOKCBRZBBEYBE-MMRXBHCZNA-N,-9.85
HSP90AA1,m07,mut_s1,detail,1,64,ROFRXCLSWKEWTN-UHFFFAOYNA-N,-8.323
HSP90AA1,m07,mut_s1,detail,1,65,AKRMJNKLSCBEME-FPYGCLRLNA-N,-7.609
HSP90AA1,m07,mut_s1,detail,1,66,LCGJUJZLLYTYIF-XMFFZCEENA-N,-9.349
HSP90AA1,m07,mut_s1,detail,1,67,FREQNFSEYLEFOI-QRCVEOAVNA-N,-8.133
HSP90AA1,m07,mut_s1,detail,1,68,MHMINAYLMNBGSM-UHFFFAOYNA-N,-7.23
HSP90AA1,m07,mut_s1,detail,1,69,SYMNTBHEGHFZMV-UHFFFAOYNA-N,-8.082
HSP90AA1,m07,mut_s1,detail,1,70,NNCRWGMPCGSKOO-LILDFLRNNA-N,-7.76
HSP90AA1,m07,mut_s1,detail,1,71,ZCRRNCCNJMRGFI-UHFFFAOYNA-N,-9.941
HSP90AA1,m07,mut_s1,detail,1,72,PYVZEIBGEUQNQQ-UHFFFAOYNA-N,-9.628
HSP90AA1,m07,mut_s1,detail,1,73,OROJQWVRCGJACT-XBTAAFKLNA-N,-9.33
HSP90AA1,m07,mut_s1,detail,1,74,TXYUWXKCUDOUGU-JLGFQASFNA-N,-8.109
HSP90AA1,m07,mut_s1,detail,1,75,LAZANALODSEDSE-UHFFFAOYNA-N,-7.914
HSP90AA1,m07,mut_s1,detail,1,76,RJXCYVJLXGRCHK-UHFFFAOYNA-N,-8.402
HSP90AA1,m07,mut_s1,detail,1,77,FUSKIBWHJAWEFI-IEJAXPBYNA-N,-8.245
HSP90AA1,m07,mut_s1,detail,1,78,SGWVLOCBQLQWQV-UHFFFAOYNA-N,-8.404
HSP90AA1,m07,mut_s1,detail,1,79,PPXRQTYXLZCDAZ-QWOVJGMINA-N,-9.222
HSP90AA1,m07,mut_s1,detail,1,80,DIFBADFWLVYFHV-LELJVTLKNA-N,-9.5
HSP90AA1,m07,mut_s1,detail,1,81,XREOSEVJCQGCHE-MHPMNMKGNA-N,-10.307
HSP90AA1,m07,mut_s1,detail,1,82,ZHGPKHBXSKWZEQ-UHFFFAOYNA-N,-8.847
HSP90AA1,m07,mut_s1,detail,1,83,ZFAYPJJNPSNAFK-UHFFFAOYNA-N,-9.679
HSP90AA1,m07,mut_s1,detail,1,84,LTXMRAGWIDQTQT-MYUTVWBTNA-N,-10.66
HSP90AA1,m07,mut_s1,detail,1,85,VXQHYHSSGLOALC-SPEPDGBUNA-N,-8.966
HSP90AA1,m07,mut_s1,detail,1,86,KWDSFRAWCISROF-PJQSKVNONA-N,-9.276
HSP90AA1,m07,mut_s1,detail,1,87,ZJZXSQPHUQUHIV-ZGZFQTMPNA-N,-10.016
HSP90AA1,m07,mut_s1,detail,1,88,UYHIVPBYFWVWEJ-UHFFFAOYNA-N,-9.913
HSP90AA1,m07,mut_s1,detail,1,89,PLEFJSUCKRWHBY-LNNLXFCONA-N,-9.727
HSP90AA1,m07,mut_s1,detail,1,90,DNSRQCRQLKJUCC-PDJAEHLQNA-N,-8.944
HSP90AA1,m07,mut_s1,detail,1,91,PHYKZCBUNVYJNH-YDBXFXKPNA-N,-7.439
HSP90AA1,m07,mut_s1,detail,1,92,OOUHZBUAVKCDGA-UHFFFAOYNA-N,-9.25
HSP90AA1,m07,mut_s1,detail,1,93,UUQDFZFJDFMLHW-UHFFFAOYNA-N,-9.197
HSP90AA1,m07,mut_s1,detail,1,94,OOUDDHNLDLLUOL-SKKVRFOWNA-N,-10.74
HSP90AA1,m07,mut_s1,detail,1,95,ZDMQSUAMTLXUTE-MPIMZMORNA-N,-8.644
HSP90AA1,m07,mut_s1,detail,1,96,NMPLPABDEKPABN-UHFFFAOYNA-N,-8.887
HSP90AA1,m07,mut_s1,detail,1,97,INZRHGSVWGRHBM-NPVYFSBINA-N,-9.79
HSP90AA1,m07,mut_s1,detail,1,98,RVGCWMKVTAEQIH-LNNLXFCONA-N,-9.444
HSP90AA1,m07,mut_s1,detail,1,99,VRXWKRQOVMZBAF-LJQANCHMNA-N,-8.712
HSP90AA1,m07,mut_s1,detail,1,100,QACLWOIBBYOHQP-UYBDAZJANA-N,-8.026
HSP90AA1,m07,mut_s1,detail,1,101,ZNXSZVFPCBIELQ-LNNLXFCONA-N,-8.75
HSP90AA1,m07,mut_s1,detail,1,102,GKMWCCNMKRSQHR-VEKUMTKDNA-N,-9.479
HSP90AA1,m07,mut_s1,detail,1,103,FFGUSRSMWFYKGK-SKKVRFOWNA-N,-9.863
HSP90AA1,m07,mut_s1,detail,1,104,KXBDDGKXLZBLOM-SPEPDGBUNA-N,-9.111
HSP90AA1,m07,mut_s1,detail,1,105,MIUWULAZCXYTJW-MSHHZIMBNA-N,-10.639
HSP90AA1,m07,mut_s1,detail,1,106,JPZOYWVRFLZCIC-NJNXFGOHNA-N,-10.373
HSP90AA1,m07,mut_s1,detail,1,107,FAIQTLBYDVKBAB-DVIAZDKANA-N,-10.161
HSP90AA1,m07,mut_s1,detail,1,108,APFLRZZAOXCNAZ-UHFFFAOYNA-N,-8.599
HSP90AA1,m07,mut_s1,detail,1,109,BSQLDSQTGOZBFD-UHFFFAOYNA-N,-8.024
HSP90AA1,m07,mut_s1,detail,1,110,ZVVCFJXCDATSCC-UHFFFAOYNA-N,-9.424
HSP90AA1,m07,mut_s1,detail,1,111,SKEQTXZATFWVMB-UYBDAZJANA-N,-6.47
HSP90AA1,m07,mut_s1,detail,1,112,IATWYRHDJKMBQK-MPIMZMORNA-N,-9.15
HSP90AA1,m07,mut_s1,detail,1,113,JPWOEQDCUZCWKT-MPIMZMORNA-N,-8.205
HSP90AA1,m07,mut_s1,detail,1,114,RYHSAXRBHDHPPK-PKSOQXRJNA-N,-9.072
HSP90AA1,m07,mut_s1,detail,1,115,GKKJWUFVZJJFPG-MPIMZMORNA-N,-9.524
HSP90AA1,m07,mut_s1,detail,1,116,FDNZXFDUCINVLY-BDGWVKIONA-N,-7.659
HSP90AA1,m07,mut_s1,detail,1,117,KTBYKHKWIFIFAK-UHFFFAOYNA-N,-11.512
HSP90AA1,m07,mut_s1,detail,1,118,ZRXZEWGUECXTTQ-LQFNOIFHNA-N,-9.863
HSP90AA1,m07,mut_s1,detail,1,119,XNACBBGLIAJNJM-PECIQRARNA-N,-8.765
HSP90AA1,m07,mut_s1,detail,1,120,WQZYYJRVBIQUGH-YWZOXAELNA-N,-7.922
HSP90AA1,m07,mut_s1,detail,1,121,ABMSRNRLDZVJFV-SWUIVHNENA-N,-9.499
HSP90AA1,m07,mut_s1,detail,1,122,ZEACBIUBSOLEGW-QAITUMOCNA-N,-10.682
HSP90AA1,m07,mut_s1,detail,1,123,UBFCDXVLKFOOGL-OKPOJWAQNA-N,-9.604
HSP90AA1,m07,mut_s1,detail,1,124,RRIHVAFUFDANEX-NSJMMFDCNA-N,-9.013
HSP90AA1,m07,mut_s1,detail,1,125,HASIAUWPWKTSBW-SREBMQDQNA-N,-8.257
HSP90AA1,m07,mut_s1,detail,1,126,WHBCKYHTCHCHAY-LQFNOIFHNA-N,-8.761
HSP90AA1,m07,mut_s1,detail,1,127,XMAYWYJOQHXEEK-JYFHCDHNNA-N,-10.071
HSP90AA1,m07,mut_s1,detail,1,128,TVKCFCZANTZCSU-OYRHEFFENA-N,-9.781
HSP90AA1,m07,mut_s1,detail,1,129,OJFIIUWPOHBVMH-LNNLXFCONA-N,-7.898
HSP90AA1,m07,mut_s1,detail,1,130,DKLZMGFTGWKNCD-DIRLUKLVNA-N,-10.546
HSP90AA1,m07,mut_s1,detail,1,131,PYSLGWZFRQWTDD-PWIKPTQSNA-N,-10.264
HSP90AA1,m07,mut_s1,detail,1,132,MWMBIUUYBQWKJX-QTUCRYGENA-N,-9.855
HSP90AA1,m07,mut_s1,detail,1,133,FLYQFCXTEFTSQN-UHFFFAOYNA-N,-9.077
HSP90AA1,m07,mut_s1,detail,1,134,PBIBDSDWIMZYDT-WBWGZOKWNA-N,-9.126
HSP90AA1,m07,mut_s1,detail,1,135,GSRWMFGBDLHGBU-YEFLILRRNA-N,-8.047
HSP90AA1,m07,mut_s1,detail,1,136,AYIJJQHMZAEQKE-QDAGQJSJNA-N,-9.708
HSP90AA1,m07,mut_s1,detail,1,137,JVWTZUKPDMRNDC-FSAKADSPNA-N,-10.942
HSP90AA1,m07,mut_s1,detail,1,138,XAZPLOLSRXZDBO-LBZABMTDNA-N,-8.568
HSP90AA1,m07,mut_s1,detail,1,139,RGWVFJBNHCWCTL-CFEGKOCINA-N,-8.416
HSP90AA1,m07,mut_s1,detail,1,140,YYWNRQZCPIMCAK-UHFFFAOYNA-N,-9.835
HSP90AA1,m07,mut_s1,detail,1,141,PBTZDKNKXRSZPM-XBXBPLPCNA-N,-9.715
HSP90AA1,m07,mut_s1,detail,1,142,QQPOIMHFFPBDQM-LELJVTLKNA-N,-8.464
HSP90AA1,m07,mut_s1,detail,1,143,NYFQURFFDGCBCB-MAQJPOOANA-N,-8.067
HSP90AA1,m07,mut_s1,detail,1,144,HXZVHWHABLBWBS-MTTPVDACNA-N,-11.82
HSP90AA1,m07,mut_s1,detail,1,145,IWYYSOJWYLZKLK-LELJVTLKNA-N,-8.0
HSP90AA1,m07,mut_s1,detail,1,146,HOGUCNPGZXMBGW-UHFFFAOYNA-N,-10.791
HSP90AA1,m07,mut_s1,detail,1,147,VITUDJAVASFPKN-DUFUIDNCNA-N,-9.351
HSP90AA1,m07,mut_s1,detail,1,148,IXAHDCRYEUYPBG-SCXYCHFONA-N,-11.207
HSP90AA1,m07,mut_s1,detail,1,149,JWHMEKMLAZQDNS-OZMOGHDGNA-N,-8.822
HSP90AA1,m07,mut_s1,detail,1,150,BZWNBTIJLRHNDZ-LBOYIXSDNA-N,-8.151
HSP90AA1,m07,mut_s1,detail,1,151,RECYROBESYRUML-UHFFFAOYNA-N,-9.158
HSP90AA1,m07,mut_s1,detail,1,152,MLDSJJJLQRZNKW-UHBIVWOUNA-N,-10.594
HSP90AA1,m07,mut_s1,detail,1,153,XTWIHJARHCYNFX-PHXLCVRDNA-N,-8.825
HSP90AA1,m07,mut_s1,detail,1,154,UQGFETVWTRDGKJ-UHFFFAOYNA-N,-9.393
HSP90AA1,m07,mut_s1,detail,1,155,VJFSMDWEMFOWDK-CYSPOYASNA-N,-8.837
HSP90AA1,m07,mut_s1,detail,1,156,NZYLXYBIWNIAGH-CYSPOYASNA-N,-10.358
HSP90AA1,m07,mut_s1,detail,1,157,ODXCWFOKLBJQNP-MPIMZMORNA-N,-8.688
HSP90AA1,m07,mut_s1,detail,1,158,FVDNMAPPDSKXKQ-UHFFFAOYNA-N,-10.717
HSP90AA1,m07,mut_s1,detail,1,159,DOPWMPRIRWTOOD-CCHPKIMANA-N,-8.385
