target,receptor,tag,mode,seed,k,inchikey,score
IGF1R,wt,wt_s1,detail,1,0,QGXBDMJGAMFCBF-WRZMNKJANA-N,-8.632
IGF1R,wt,wt_s1,detail,1,1,XZORRJGRPUBUJO-UHFFFAOYNA-N,-6.406
IGF1R,wt,wt_s1,detail,1,2,RIOOLQVLOZQLQJ-CYBMUJFWNA-N,-6.492
IGF1R,wt,wt_s1,detail,1,3,JMAMZIYMGUDBDZ-YAQRNVERNA-N,-6.708
IGF1R,wt,wt_s1,detail,1,4,SOHFVFXITPDEDK-GMNMMWFNNA-N,-7.199
IGF1R,wt,wt_s1,detail,1,5,HQPUBFWUNXGPNP-FECSGLDJNA-N,-6.145
IGF1R,wt,wt_s1,detail,1,6,URSPNXKDALRRBJ-FQFUPTBWNA-N,-7.455
IGF1R,wt,wt_s1,detail,1,7,MALHKRCDHFAKIM-GPQMBLKYNA-N,-7.452
IGF1R,wt,wt_s1,detail,1,8,VDGCRTGHEWIBAL-YAQRNVERNA-N,-6.984
IGF1R,wt,wt_s1,detail,1,9,VOWBZMVBYGELAY-UHFFFAOYNA-N,-7.256
IGF1R,wt,wt_s1,detail,1,10,GKBJOMPRUSWVJA-UHFFFAOYNA-N,-6.731
IGF1R,wt,wt_s1,detail,1,11,RQLXWVPRGJJWEK-BFHABQRXNA-N,-7.08
IGF1R,wt,wt_s1,detail,1,12,OQWMEUSTXXVVIU-NWANDNLSNA-N,-6.572
IGF1R,wt,wt_s1,detail,1,13,SVIIYVRLTJRIIR-UHFFFAOYNA-N,-6.639
IGF1R,wt,wt_s1,detail,1,14,XIQVFMHGZHWKNA-LILDFLRNNA-N,-7.879
IGF1R,wt,wt_s1,detail,1,15,ABQUFQQMQCPHOH-NCWAPJAINA-N,-6.952
IGF1R,wt,wt_s1,detail,1,16,BNGLUFUDMHHURB-UYBDAZJANA-N,-7.799
IGF1R,wt,wt_s1,detail,1,17,JXAGPFSGJKRKBY-UHFFFAOYNA-N,-7.787
IGF1R,wt,wt_s1,detail,1,18,DINPOPQNCDTVPQ-YGPBECBDNA-N,-7.055
IGF1R,wt,wt_s1,detail,1,19,FUMDYIGQJOCQBC-UHFFFAOYNA-N,-7.145
IGF1R,wt,wt_s1,detail,1,20,GLEVLJDDWXEYCO-WYUMXYHSNA-N,-7.443
IGF1R,wt,wt_s1,detail,1,21,PWCMYVJXHPBJNZ-FSHPWJEWNA-N,-6.499
IGF1R,wt,wt_s1,detail,1,22,CLPZQGXGPKJOMN-XWKXFZRBNA-N,-6.859
IGF1R,wt,wt_s1,detail,1,23,UFUOEKYHBCFTGW-RWJRRMEYNA-N,-6.931
IGF1R,wt,wt_s1,detail,1,24,CMNIOKDUTCZQJB-NDKGDYFDNA-N,-6.621
IGF1R,wt,wt_s1,detail,1,25,ZVNPQHHQIVQYPI-ZHACJKMWNA-N,-8.77
IGF1R,wt,wt_s1,detail,1,26,HHPYZGCOAAJZTN-NKWLYDBFNA-N,-7.412
IGF1R,wt,wt_s1,detail,1,27,ANYSYRVXKLTFPB-UHFFFAOYNA-N,-7.624
IGF1R,wt,wt_s1,detail,1,28,JISYUXULRDZARX-HCKMINDGNA-N,-7.381
IGF1R,wt,wt_s1,detail,1,29,VTLWDCDAVLVOHR-HCKMINDGNA-N,-8.439
IGF1R,wt,wt_s1,detail,1,30,BBMWNEXSYXLWEO-WYUMXYHSNA-N,-6.255
IGF1R,wt,wt_s1,detail,1,31,WZGCZUAYIBWZAN-YHSKDTNENA-N,-7.35
IGF1R,wt,wt_s1,detail,1,32,RVNORUCXEIIROU-UHFFFAOYNA-N,-8.048
IGF1R,wt,wt_s1,detail,1,33,ZTJZVOMEMRNYKF-JSGPKCTENA-N,-6.483
IGF1R,wt,wt_s1,detail,1,34,WQKOQOZXZQJNRC-GPQMBLKYNA-N,-8.127
IGF1R,wt,wt_s1,detail,1,35,WKLBCLNIAGUINH-GAJRPKRDNA-N,-6.241
IGF1R,wt,wt_s1,detail,1,36,ZVOVGLCUMDQIHF-VPQZEOPVNA-N,-6.828
IGF1R,wt,wt_s1,detail,1,37,UGKZABQBFUBOFG-WDFGQQGSNA-N,-6.892
IGF1R,wt,wt_s1,detail,1,38,RTJRNIJPLOVJLH-WYUMXYHSNA-N,-6.608
IGF1R,wt,wt_s1,detail,1,39,MUJCQGFFHCARCQ-UYBDAZJANA-N,-9.216
IGF1R,wt,wt_s1,detail,1,40,FZSPJBYOKQPKCD-VIFPVBQENA-N,-6.264
IGF1R,wt,wt_s1,detail,1,41,RWPHPOMFTPAOAS-JLGFQASFNA-N,-7.679
IGF1R,wt,wt_s1,detail,1,42,ZXVNJVRABSCRGU-GPQMBLKYNA-N,-7.658
IGF1R,wt,wt_s1,detail,1,43,KZAOEMMZRGEBST-OOGKJWBGNA-N,-7.702
IGF1R,wt,wt_s1,detail,1,44,NEIVPRTZAHUZEA-WYUMXYHSNA-N,-6.4
IGF1R,wt,wt_s1,detail,1,45,PYKJFEPAUKAXNN-UHFFFAOYNA-N,-7.674
IGF1R,wt,wt_s1,detail,1,46,BPUNDQLKPUIGBR-GPQMBLKYNA-N,-6.946
IGF1R,wt,wt_s1,detail,1,47,WDFLSTQJUFMIIW-UHFFFAOYNA-N,-7.778
IGF1R,wt,wt_s1,detail,1,48,BJLQEYLWUSSEKH-CMPMBVLYNA-N,-7.762
IGF1R,wt,wt_s1,detail,1,49,HZUGIOKMHRUHMF-ADJYBIKJNA-N,-7.466
IGF1R,wt,wt_s1,detail,1,50,PBWQQQLCZDQSET-XWKXFZRBNA-N,-6.375
IGF1R,wt,wt_s1,detail,1,51,ISSLSGLIFQSYJA-HCKMINDGNA-N,-7.859
IGF1R,wt,wt_s1,detail,1,52,OAXDEJIQWHXCJI-UHFFFAOYNA-N,-6.561
IGF1R,wt,wt_s1,detail,1,53,BCJVFDDJSOEKKQ-UHFFFAOYNA-N,-7.171
IGF1R,wt,wt_s1,detail,1,54,QFJGCDWXDUDFAD-UHFFFAOYNA-N,-8.832
IGF1R,wt,wt_s1,detail,1,55,JVBGNPPYXIWVPH-WYCIUFAENA-N,-5.668
IGF1R,wt,wt_s1,detail,1,56,BYJAVTDNIXVSPW-YHMJCDSINA-N,-6.719
IGF1R,wt,wt_s1,detail,1,57,MQGMUPFWCDYDFO-UHFFFAOYNA-N,-7.317
IGF1R,wt,wt_s1,detail,1,58,OACAJASVXJLTAT-UHFFFAOYNA-N,-7.179
IGF1R,wt,wt_s1,detail,1,59,AQSGGOLDOQGOAO-FNCQTZNRNA-N,-6.49
IGF1R,wt,wt_s1,detail,1,60,SOBHKZHLCOJHTI-YHMJCDSINA-N,-7.702
IGF1R,wt,wt_s1,detail,1,61,NUFCOZJTDHUROG-PKGMMKRDNA-N,-6.86
IGF1R,wt,wt_s1,detail,1,62,KZTOUMBNPVCTLR-GFJIPZKJNA-N,-8.65
IGF1R,wt,wt_s1,detail,1,63,CLEMZXMGJNNUTH-LILDFLRNNA-N,-8.926
IGF1R,wt,wt_s1,detail,1,64,MXRJUMCOVVUCLC-UHFFFAOYNA-N,-8.261
IGF1R,wt,wt_s1,detail,1,65,HZDIAENSPHDHRS-UHFFFAOYNA-N,-7.432
IGF1R,wt,wt_s1,detail,1,66,CHDODAJYQOTMTK-PKSOQXRJNA-N,-8.313
IGF1R,wt,wt_s1,detail,1,67,VRFRJWXCOPEIII-QWOVJGMINA-N,-8.405
IGF1R,wt,wt_s1,detail,1,68,WTOLVFBACFWUSN-QGOAFFKANA-N,-8.565
IGF1R,wt,wt_s1,detail,1,69,KDJZDSPTXVFGOF-NPVYFSBINA-N,-8.432
IGF1R,wt,wt_s1,detail,1,70,MUXXNOOBECTQPY-UHFFFAOYNA-N,-7.154
IGF1R,wt,wt_s1,detail,1,71,OBUUPTPELQALTE-UYBDAZJANA-N,-6.88
IGF1R,wt,wt_s1,detail,1,72,FKOXOEKZVRISIU-NPVYFSBINA-N,-7.882
IGF1R,wt,wt_s1,detail,1,73,ZOKNKPRORGNRMQ-BXBDENJDNA-N,-7.234
IGF1R,wt,wt_s1,detail,1,74,KWJAZTNSKVNVEC-UHFFFAOYNA-N,-7.44
IGF1R,wt,wt_s1,detail,1,75,RPBVHEVTQXVWDL-NGZNMCPLNA-N,-8.745
IGF1R,wt,wt_s1,detail,1,76,ZSKKLMIULIVRSI-QWOVJGMINA-N,-7.505
IGF1R,wt,wt_s1,detail,1,77,VLKGZJJKNXFENI-LILDFLRNNA-N,-8.342
IGF1R,wt,wt_s1,detail,1,78,NCKZVQLIUXCUQF-UHFFFAOYNA-N,-7.155
IGF1R,wt,wt_s1,detail,1,79,TYYOBUBDDDDKPC-UHFFFAOYNA-N,-8.088
IGF1R,wt,wt_s1,detail,1,80,AQMRDIZFWYYMBQ-QWOVJGMINA-N,-8.936
IGF1R,wt,wt_s1,detail,1,81,IVRPZSQLORCONO-UHFFFAOYNA-N,-8.164
IGF1R,wt,wt_s1,detail,1,82,IRNFLRZZSCRLSQ-NPVYFSBINA-N,-8.296
IGF1R,wt,wt_s1,detail,1,83,UUMBQVLEWSWSOO-GPQMBLKYNA-N,-8.867
IGF1R,wt,wt_s1,detail,1,84,ASCHVCPAOUSKIZ-GPQMBLKYNA-N,-8.628
IGF1R,wt,wt_s1,detail,1,85,NVGGHEIBFBOAHY-UHFFFAOYNA-N,-8.837
IGF1R,wt,wt_s1,detail,1,86,JIOIPFWJCUUZEU-PKSOQXRJNA-N,-8.051
IGF1R,wt,wt_s1,detail,1,87,RGAJQRZKKQXIEQ-XBTAAFKLNA-N,-6.075
IGF1R,wt,wt_s1,detail,1,88,DOVBELPPXZSOPX-UHFFFAOYNA-N,-8.235
IGF1R,wt,wt_s1,detail,1,89,VFOWTBWNNOVCPH-WJDWOHSUNA-N,-8.094
IGF1R,wt,wt_s1,detail,1,90,HKWNGVFHUCRTTQ-QVUQFMIFNA-N,-8.599
IGF1R,wt,wt_s1,detail,1,91,VPMBMFYJJPEBKS-XBTAAFKLNA-N,-8.365
IGF1R,wt,wt_s1,detail,1,92,OPIXMYPGGYYGRV-PKSOQXRJNA-N,-8.205
IGF1R,wt,wt_s1,detail,1,93,ASWFTNOPBUOHSG-UHFFFAOYNA-N,-9.194
IGF1R,wt,wt_s1,detail,1,94,YIFJQOSOEFTEHM-QWOVJGMINA-N,-7.8
IGF1R,wt,wt_s1,detail,1,95,CYRPZNLZOLVKKM-PKSOQXRJNA-N,-8.798
IGF1R,wt,wt_s1,detail,1,96,PSRSNNQFQFGFKV-QWOVJGMINA-N,-8.505
IGF1R,wt,wt_s1,detail,1,97,PSJJZUSBTGJHEC-WYUMXYHSNA-N,-7.03
IGF1R,wt,wt_s1,detail,1,98,RCTHTZYLLISDPT-VVKINWOJNA-N,-8.013
IGF1R,wt,wt_s1,detail,1,99,UNWANCHXNSSIJJ-PKSOQXRJNA-N,-8.049
IGF1R,wt,wt_s1,detail,1,100,OJBGHXIETMBPHZ-UHFFFAOYNA-N,-7.437
IGF1R,wt,wt_s1,detail,1,101,KNDRDFFUMNHLRJ-LILDFLRNNA-N,-7.892
IGF1R,wt,wt_s1,detail,1,102,PBGALVWBACEVEC-QWOVJGMINA-N,-8.83
IGF1R,wt,wt_s1,detail,1,103,SRLVRCUUJBEIBP-UHFFFAOYNA-N,-7.805
IGF1R,wt,wt_s1,detail,1,104,UVGHDRGQXQVMNW-UHFFFAOYNA-N,-7.136
IGF1R,wt,wt_s1,detail,1,105,YIUJUFFZJHPDAY-SDRQFZCRNA-N,-8.248
IGF1R,wt,wt_s1,detail,1,106,UYPODJSKAAJGNR-UYBDAZJANA-N,-7.852
IGF1R,wt,wt_s1,detail,1,107,YWMYHDFGDRTCPV-BXGKXWMCNA-N,-8.001
IGF1R,wt,wt_s1,detail,1,108,RPVJOFUOUDWRGV-LILDFLRNNA-N,-8.614
IGF1R,wt,wt_s1,detail,1,109,LUKGDWAOTYXHEM-XBTAAFKLNA-N,-8.027
IGF1R,wt,wt_s1,detail,1,110,CHJMEHVGESAPSR-UHFFFAOYNA-N,-7.718
IGF1R,wt,wt_s1,detail,1,111,JDZNTGMSMHYYCY-NPVYFSBINA-N,-8.85
IGF1R,wt,wt_s1,detail,1,112,CRZKGBDGHDTLNN-UHFFFAOYNA-N,-7.258
IGF1R,wt,wt_s1,detail,1,113,ALLYNSCMTRSFNH-UHFFFAOYNA-N,-8.227
IGF1R,wt,wt_s1,detail,1,114,HTVVQAPUWGNILV-PKSOQXRJNA-N,-8.113
IGF1R,wt,wt_s1,detail,1,115,HEKHUTSUFJPTQY-UHFFFAOYNA-N,-8.347
IGF1R,wt,wt_s1,detail,1,116,ZTTIICUFHXUACO-HNENSFHCNA-N,-8.105
IGF1R,wt,wt_s1,detail,1,117,GYJDRNKSYOJANZ-QVUQFMIFNA-N,-8.749
IGF1R,wt,wt_s1,detail,1,118,QSBMVUOOXXRNFY-UHFFFAOYNA-N,-8.577
IGF1R,wt,wt_s1,detail,1,119,VRMMQHDQMURNDV-PGYIFSQXNA-N,-7.511
IGF1R,wt,wt_s1,detail,1,120,FHGICQLRHVZVCW-TWSYTRIPNA-N,-9.047
IGF1R,wt,wt_s1,detail,1,121,WWZHRJDMAZBTGY-WYUMXYHSNA-N,-7.959
IGF1R,wt,wt_s1,detail,1,122,GXHBBVOBKJURCM-UHFFFAOYNA-N,-7.165
IGF1R,wt,wt_s1,detail,1,123,GKJWYULRCHAYTN-UYBDAZJANA-N,-8.144
IGF1R,wt,wt_s1,detail,1,124,LJFRBCQBJFKUBA-LILDFLRNNA-N,-9.521
IGF1R,wt,wt_s1,detail,1,125,JGJYHHGYTXVQLH-MZSCVVMKNA-N,-6.963
IGF1R,wt,wt_s1,detail,1,126,WJPDMYDDAMHBSE-UZYVYHOENA-N,-9.301
IGF1R,wt,wt_s1,detail,1,127,GVOMJEIYRXTYCN-LILDFLRNNA-N,-8.311
IGF1R,wt,wt_s1,detail,1,128,LTZVLHHIAUKGBP-LELJVTLKNA-N,-8.446
IGF1R,wt,wt_s1,detail,1,129,FIKLOQNDPSVUGH-LBOYIXSDNA-N,-7.488
IGF1R,wt,wt_s1,detail,1,130,GIEJIAIRYKSRHU-MPIMZMORNA-N,-8.689
IGF1R,wt,wt_s1,detail,1,131,XFKYWJPYYRTYBR-ODOKVQCSNA-N,-7.264
IGF1R,wt,wt_s1,detail,1,132,PKSFLOGCPXWJIU-MEDUHNTENA-N,-8.375
IGF1R,wt,wt_s1,detail,1,133,JLHJTKOPNATISN-LELJVTLKNA-N,-7.903
IGF1R,wt,wt_s1,detail,1,134,GUBNROKMFNBDBZ-GRDNDAEWNA-N,-7.961
IGF1R,wt,wt_s1,detail,1,135,KGCQIOUZEREWDG-UHFFFAOYNA-N,-7.624
IGF1R,wt,wt_s1,detail,1,136,DWDHSAAOHLDDKE-QWOVJGMINA-N,-7.481
IGF1R,wt,wt_s1,detail,1,137,XSTAWOGBOKIKIE-UKZVOYCKNA-N,-8.339
IGF1R,wt,wt_s1,detail,1,138,OWXORKPNCHJYOF-JFRKDZMVNA-N,-8.564
IGF1R,wt,wt_s1,detail,1,139,MQOILMOKFLJWRN-KYCGMZMQNA-N,-8.585
IGF1R,wt,wt_s1,detail,1,140,BJROQKFYPRCGFD-LQFNOIFHNA-N,-8.431
IGF1R,wt,wt_s1,detail,1,141,PLWVUIRWJVKSSD-XBXARRHUNA-N,-7.879
IGF1R,wt,wt_s1,detail,1,142,HFWSIVHELHSGJY-JJIBRWJFNA-N,-7.834
IGF1R,wt,wt_s1,detail,1,143,QMHSEIOSCQWTPQ-LNNLXFCONA-N,-7.418
IGF1R,wt,wt_s1,detail,1,144,FBHVHCWHAVLWJT-OYSRHTCDNA-N,-8.2
IGF1R,wt,wt_s1,detail,1,145,CEZNOHQWEHKPJP-LQFNOIFHNA-N,-9.108
IGF1R,wt,wt_s1,detail,1,146,KOFRNRJMKWZBMR-RVJKNMGLNA-N,-7.49
IGF1R,wt,wt_s1,detail,1,147,PGPPCCZSDRAQKA-SYZQJQIINA-N,-6.974
IGF1R,wt,wt_s1,detail,1,148,VGUBMLBOECHPGN-MHEVPKQANA-N,-8.408
IGF1R,wt,wt_s1,detail,1,149,PCORSCGAGFGSSR-UHFFFAOYNA-N,-6.277
IGF1R,wt,wt_s1,detail,1,150,JGNCAWPKZCFGOI-BXGKXWMCNA-N,-9.432
IGF1R,wt,wt_s1,detail,1,151,ULONVLUMOUFCID-LNNLXFCONA-N,-9.223
IGF1R,wt,wt_s1,detail,1,152,HCPHOPNEKKCOEN-LNNLXFCONA-N,-7.985
IGF1R,wt,wt_s1,detail,1,153,OMJCCYYNBCJNOL-FVAMHUBNNA-N,-8.143
IGF1R,wt,wt_s1,detail,1,154,SZUCFANUUBSCPX-PJQSKVNONA-N,-9.216
IGF1R,wt,wt_s1,detail,1,155,QHLRKDSRGUZHSH-UHFFFAOYNA-N,-7.941
IGF1R,wt,wt_s1,detail,1,156,QUFUFSGGBADBIH-UHFFFAOYNA-N,-7.706
IGF1R,wt,wt_s1,detail,1,157,WPBGBXPZNCPYQB-UHFFFAOYNA-N,-9.111
IGF1R,wt,wt_s1,detail,1,158,BXVSKXWPXKQTOL-UHFFFAOYNA-N,-7.639
IGF1R,wt,wt_s1,detail,1,159,WNELYPHBVMGNQP-UHFFFAOYNA-N,-8.532
IGF1R,wt,wt_s1,detail,1,160,POOIONRPVWIUHF-LQFNOIFHNA-N,-7.717
IGF1R,wt,wt_s1,detail,1,161,NZPQBADYZFTGOT-UHFFFAOYNA-N,-8.208
IGF1R,wt,wt_s1,detail,1,162,MAOZUYDDGGFCKF-WFELUYCUNA-N,-7.785
IGF1R,wt,wt_s1,detail,1,163,PEANHJHNIYISMY-UHFFFAOYNA-N,-8.373
IGF1R,wt,wt_s1,detail,1,164,ABFVBWQMBVYWMV-UHFFFAOYNA-N,-7.853
IGF1R,wt,wt_s1,detail,1,165,UMUOTXHWTLGGIP-QWOVJGMINA-N,-8.528
IGF1R,wt,wt_s1,detail,1,166,NYVXKWVMQVVBRC-QWOVJGMINA-N,-7.815
IGF1R,wt,wt_s1,detail,1,167,OVGDAEHQLCSRDI-UHFFFAOYNA-N,-6.773
IGF1R,wt,wt_s1,detail,1,168,BZXWWWGSEIRPLV-UHFFFAOYNA-N,-7.547
IGF1R,wt,wt_s1,detail,1,169,FXGKAQHXFGXOPR-UHFFFAOYNA-N,-9.036
IGF1R,wt,wt_s1,detail,1,170,HVIXAPJIOPIFIY-UHFFFAOYNA-N,-6.551
IGF1R,wt,wt_s1,detail,1,171,LIRQEBOXUUPWJJ-LNNLXFCONA-N,-8.478
IGF1R,wt,wt_s1,detail,1,172,ZDIIOUBKRSIUED-LQFNOIFHNA-N,-7.984
IGF1R,wt,wt_s1,detail,1,173,LTWUSAKSGJMCRY-UHFFFAOYNA-N,-8.603
IGF1R,wt,wt_s1,detail,1,174,PNDIKCGLYJOYIK-UYBDAZJANA-N,-8.254
IGF1R,wt,wt_s1,detail,1,175,MGSHIAIRIYECSG-MPIMZMORNA-N,-8.058
IGF1R,wt,wt_s1,detail,1,176,MVWYIUZSZIETFZ-KYUNMXQPNA-N,-7.687
IGF1R,wt,wt_s1,detail,1,177,XGTOSEODMLDCBR-UHFFFAOYNA-N,-7.513
IGF1R,wt,wt_s1,detail,1,178,NYHRLEZMHRGFLZ-UYBDAZJANA-N,-7.068
IGF1R,wt,wt_s1,detail,1,179,KZGNFRGGQVBHRV-UHFFFAOYNA-N,-8.334
IGF1R,wt,wt_s1,detail,1,180,SXXXSTPMDGKOCH-LQFNOIFHNA-N,-8.858
IGF1R,wt,wt_s1,detail,1,181,VJGFWNZWHKBDNN-HPHMPNDVNA-N,-7.439
IGF1R,wt,wt_s1,detail,1,182,SBLZEXLDNURADT-LELJVTLKNA-N,-6.962
IGF1R,wt,wt_s1,detail,1,183,OINVQDVVQWTWJM-YNGZFIAGNA-N,-8.29
IGF1R,wt,wt_s1,detail,1,184,RJZHELXWHJKNAM-NPVYFSBINA-N,-7.238
IGF1R,wt,wt_s1,detail,1,185,MAXGWTGCLOXELV-UHFFFAOYNA-N,-9.165
IGF1R,wt,wt_s1,detail,1,186,PNHBRYIAJCYNDA-VQCQRNETNA-N,-10.729
IGF1R,wt,wt_s1,detail,1,187,QGZIKUYIROAFSE-QWOVJGMINA-N,-7.598
IGF1R,wt,wt_s1,detail,1,188,QTIJDOJTNOHQTC-WQGACYEGNA-N,-7.455
IGF1R,wt,wt_s1,detail,1,189,OMLLGNQJKXQVKT-TUXCJRKWNA-N,-8.106
IGF1R,wt,wt_s1,detail,1,190,FNLHLKPQZWPTTK-UHFFFAOYNA-N,-8.443
IGF1R,wt,wt_s1,detail,1,191,XBPLTFIKHVYSDD-UHFFFAOYNA-N,-9.021
IGF1R,wt,wt_s1,detail,1,192,VEXPKIRCYBYITI-BEFZCSJLNA-N,-10.547
IGF1R,wt,wt_s1,detail,1,193,WDVQKHWASUJMRH-LNNLXFCONA-N,-8.607
IGF1R,wt,wt_s1,detail,1,194,DAUHEXDIKFZUFM-BZCDMSEBNA-N,-8.637
IGF1R,wt,wt_s1,detail,1,195,HCFHHWIWTWPKFH-UHFFFAOYNA-N,-7.872
IGF1R,wt,wt_s1,detail,1,196,PIFJHAXQZFBLCQ-ZVBCKELPNA-N,-8.673
IGF1R,wt,wt_s1,detail,1,197,CGBYUWXVJWRJIR-LLJNPURJNA-N,-7.561
IGF1R,wt,wt_s1,detail,1,198,CLHNZVNBTRJSNX-NSJMMFDCNA-N,-8.063
IGF1R,wt,wt_s1,detail,1,199,JKMJQRRLCJXPOK-SREBMQDQNA-N,-8.587
IGF1R,wt,wt_s1,detail,1,200,HHXLRWIDFFFFKX-LELJVTLKNA-N,-8.409
IGF1R,wt,wt_s1,detail,1,201,BZCFDJGFEXLRFA-NYHNBARNNA-N,-9.373
IGF1R,wt,wt_s1,detail,1,202,IEZNLWGERBHQJK-KEAFGAQVNA-N,-8.952
IGF1R,wt,wt_s1,detail,1,203,ZBJYTLVBCAOWHI-PKRZOPRNNA-N,-6.888
IGF1R,wt,wt_s1,detail,1,204,FGMQRSXQOIDDJD-PKRZOPRNNA-N,-8.023
IGF1R,wt,wt_s1,detail,1,205,XDGHTBHPIPZHLJ-KMZMRBKQNA-N,-9.998
IGF1R,wt,wt_s1,detail,1,206,WSGZHZGDPVCVHF-UHFFFAOYNA-N,-9.971
IGF1R,wt,wt_s1,detail,1,207,HXWAXUQSZMRTTE-YLBMWQQONA-N,-8.797
IGF1R,wt,wt_s1,detail,1,208,FCZVXTBFAYFUHQ-UHFFFAOYNA-N,-8.808
IGF1R,wt,wt_s1,detail,1,209,YAZOIIMRVUPEOT-DHDJHLBQNA-N,-7.721
IGF1R,wt,wt_s1,detail,1,210,KVNQZVOXEZCBRJ-PECRYQBZNA-N,-8.039
IGF1R,wt,wt_s1,detail,1,211,IYBSHHORKOCFKZ-LNNLXFCONA-N,-8.106
IGF1R,wt,wt_s1,detail,1,212,RSTMZFOEDVJAHN-OXBUWGKVNA-N,-8.73
IGF1R,wt,wt_s1,detail,1,213,NYWCANYSFKVUNN-UHFFFAOYNA-N,-7.601
IGF1R,wt,wt_s1,detail,1,214,XFQNPVRVZXSQSI-IVGLCWOSNA-N,-9.651
IGF1R,wt,wt_s1,detail,1,215,HXGZQYVBZUMUDK-HXTKINSTNA-N,-8.249
IGF1R,wt,wt_s1,detail,1,216,BKWBUUYCHYLRLF-NSJMMFDCNA-N,-6.687
IGF1R,wt,wt_s1,detail,1,217,JRRKWFRTDFOWAB-XDUJAMRANA-N,-7.998
IGF1R,wt,wt_s1,detail,1,218,FPOLFSCTFRBBHI-QGZVFWFLNA-N,-8.664
IGF1R,wt,wt_s1,detail,1,219,RPPDOGWFJZOEQX-LVWGJNHUNA-N,-6.63
IGF1R,wt,wt_s1,detail,1,220,JYOPBQURUBDKLK-LELJVTLKNA-N,-8.868
IGF1R,wt,wt_s1,detail,1,221,LNENLABLFGGAFF-INUABGGHNA-N,-9.14
IGF1R,wt,wt_s1,detail,1,222,BAQVKFUOCGTGBI-FCDIKQFGNA-N,-7.158
IGF1R,wt,wt_s1,detail,1,223,SYJAKTNXXAWUQU-BYGYBERANA-N,-8.708
IGF1R,wt,wt_s1,detail,1,224,KCFZFOHSAGLLGQ-LUBWAWCANA-N,-8.433
IGF1R,wt,wt_s1,detail,1,225,LDJWHJQMWPYZLV-WHDAICOONA-N,-8.507
IGF1R,wt,wt_s1,detail,1,226,AXUDSCZCBZMENI-UHFFFAOYNA-N,-8.326
IGF1R,wt,wt_s1,detail,1,227,DDXHLMOKYYMXTK-OBAATPRFNA-N,-7.798
IGF1R,wt,wt_s1,detail,1,228,KTOSTKQYNJBYHF-PKOBYXMFNA-N,-8.541
IGF1R,wt,wt_s1,detail,1,229,ZCFWJPJEBJVXTO-UHFFFAOYNA-N,-8.663
IGF1R,wt,wt_s1,detail,1,230,NJVFOFMHUJJIMB-UHFFFAOYNA-N,-8.708
IGF1R,wt,wt_s1,detail,1,231,XUEQVOGPWKWKNT-XBXBPLPCNA-N,-8.25
IGF1R,wt,wt_s1,detail,1,232,MLFYMBALEIQTEJ-LBOYIXSDNA-N,-8.925
IGF1R,wt,wt_s1,detail,1,233,AETJFEZDSLASSU-XTEPFMGCNA-N,-7.755
IGF1R,wt,wt_s1,detail,1,234,GSNNWCVFRNINCY-UHFFFAOYNA-N,-8.51
IGF1R,wt,wt_s1,detail,1,235,UIHGNJALPXKJRE-UHFFFAOYNA-N,-9.281
IGF1R,wt,wt_s1,detail,1,236,BBUDWIYSLGTZTQ-SGMUJJOCNA-N,-8.352
IGF1R,wt,wt_s1,detail,1,237,CBYYNSKRRKXPFV-LELJVTLKNA-N,-8.136
IGF1R,wt,wt_s1,detail,1,238,NMFTXZYZNCQGNR-MTTPVDACNA-N,-9.045
IGF1R,wt,wt_s1,detail,1,239,QTKARDGAUMDUCL-LAEKOWRLNA-N,-8.315
IGF1R,wt,wt_s1,detail,1,240,VNEQUOUVFXAVMH-SANMLTNENA-N,-7.7
IGF1R,wt,wt_s1,detail,1,241,IJPPTSNWQLJFSU-LNNLXFCONA-N,-8.516
IGF1R,wt,wt_s1,detail,1,242,DJQIFFIREHYQCT-OSPHWJPCNA-N,-8.383
IGF1R,wt,wt_s1,detail,1,243,KOZFSFOOLUUIGY-SLMOLSELNA-N,-9.292
IGF1R,wt,wt_s1,detail,1,244,WILPFKVTYXJQQV-ZMCXWUQGNA-N,-8.128
IGF1R,wt,wt_s1,detail,1,245,NZELHCGEQZMIBB-UHFFFAOYNA-N,-9.199
IGF1R,wt,wt_s1,detail,1,246,VKGWONFLJDZUKM-NSJMMFDCNA-N,-8.126
IGF1R,wt,wt_s1,detail,1,247,XUHSVEXCUONJNQ-PMERELPUNA-N,-7.085
IGF1R,wt,wt_s1,detail,1,248,ZFOAPODMCDEDHA-UHFFFAOYNA-N,-9.312
IGF1R,wt,wt_s1,detail,1,249,PZCSJBQJENRLHD-ULJJZXAINA-N,-7.084
IGF1R,wt,wt_s1,detail,1,250,IOSLXICJNAAKOP-ZFJUVRDGNA-N,-8.719
IGF1R,wt,wt_s1,detail,1,251,HUDCDZLLNLJTEW-RBSQRGBYNA-N,-8.811
IGF1R,wt,wt_s1,detail,1,252,IKUATMHYCWRCHC-XUIBWRPBNA-N,-8.739
IGF1R,wt,wt_s1,detail,1,253,HCEYJYMNIQHPPK-WKJNMVSGNA-N,-8.956
IGF1R,wt,wt_s1,detail,1,254,ZLEIPSPWAZJWJP-DHDJHLBQNA-N,-8.527
IGF1R,wt,wt_s1,detail,1,255,ZKDQUBKHXMXRRH-KUWNNRQRNA-N,-8.867
IGF1R,wt,wt_s2,detail,2,0,QGXBDMJGAMFCBF-WRZMNKJANA-N,-8.638
IGF1R,wt,wt_s2,detail,2,1,XZORRJGRPUBUJO-UHFFFAOYNA-N,-6.47
IGF1R,wt,wt_s2,detail,2,2,RIOOLQVLOZQLQJ-CYBMUJFWNA-N,-6.43
IGF1R,wt,wt_s2,detail,2,3,JMAMZIYMGUDBDZ-YAQRNVERNA-N,-6.641
IGF1R,wt,wt_s2,detail,2,4,SOHFVFXITPDEDK-GMNMMWFNNA-N,-7.228
IGF1R,wt,wt_s2,detail,2,5,HQPUBFWUNXGPNP-FECSGLDJNA-N,-5.753
IGF1R,wt,wt_s2,detail,2,6,URSPNXKDALRRBJ-FQFUPTBWNA-N,-7.502
IGF1R,wt,wt_s2,detail,2,7,MALHKRCDHFAKIM-GPQMBLKYNA-N,-7.449
IGF1R,wt,wt_s2,detail,2,8,VDGCRTGHEWIBAL-YAQRNVERNA-N,-6.994
IGF1R,wt,wt_s2,detail,2,9,VOWBZMVBYGELAY-UHFFFAOYNA-N,-7.276
IGF1R,wt,wt_s2,detail,2,10,GKBJOMPRUSWVJA-UHFFFAOYNA-N,-6.711
IGF1R,wt,wt_s2,detail,2,11,RQLXWVPRGJJWEK-BFHABQRXNA-N,-6.873
IGF1R,wt,wt_s2,detail,2,12,OQWMEUSTXXVVIU-NWANDNLSNA-N,-6.271
IGF1R,wt,wt_s2,detail,2,13,SVIIYVRLTJRIIR-UHFFFAOYNA-N,-6.773
IGF1R,wt,wt_s2,detail,2,14,XIQVFMHGZHWKNA-LILDFLRNNA-N,-7.906
IGF1R,wt,wt_s2,detail,2,15,ABQUFQQMQCPHOH-NCWAPJAINA-N,-7.349
IGF1R,wt,wt_s2,detail,2,16,BNGLUFUDMHHURB-UYBDAZJANA-N,-7.788
IGF1R,wt,wt_s2,detail,2,17,JXAGPFSGJKRKBY-UHFFFAOYNA-N,-7.828
IGF1R,wt,wt_s2,detail,2,18,DINPOPQNCDTVPQ-YGPBECBDNA-N,-7.058
IGF1R,wt,wt_s2,detail,2,19,FUMDYIGQJOCQBC-UHFFFAOYNA-N,-7.099
IGF1R,wt,wt_s2,detail,2,20,GLEVLJDDWXEYCO-WYUMXYHSNA-N,-7.437
IGF1R,wt,wt_s2,detail,2,21,PWCMYVJXHPBJNZ-FSHPWJEWNA-N,-6.527
IGF1R,wt,wt_s2,detail,2,22,CLPZQGXGPKJOMN-XWKXFZRBNA-N,-6.914
IGF1R,wt,wt_s2,detail,2,23,UFUOEKYHBCFTGW-RWJRRMEYNA-N,-6.931
IGF1R,wt,wt_s2,detail,2,24,CMNIOKDUTCZQJB-NDKGDYFDNA-N,-6.14
IGF1R,wt,wt_s2,detail,2,25,ZVNPQHHQIVQYPI-ZHACJKMWNA-N,-8.97
IGF1R,wt,wt_s2,detail,2,26,HHPYZGCOAAJZTN-NKWLYDBFNA-N,-7.478
IGF1R,wt,wt_s2,detail,2,27,ANYSYRVXKLTFPB-UHFFFAOYNA-N,-7.606
IGF1R,wt,wt_s2,detail,2,28,JISYUXULRDZARX-HCKMINDGNA-N,-7.522
IGF1R,wt,wt_s2,detail,2,29,VTLWDCDAVLVOHR-HCKMINDGNA-N,-8.091
IGF1R,wt,wt_s2,detail,2,30,BBMWNEXSYXLWEO-WYUMXYHSNA-N,-6.438
IGF1R,wt,wt_s2,detail,2,31,WZGCZUAYIBWZAN-YHSKDTNENA-N,-7.243
IGF1R,wt,wt_s2,detail,2,32,RVNORUCXEIIROU-UHFFFAOYNA-N,-8.049
IGF1R,wt,wt_s2,detail,2,33,ZTJZVOMEMRNYKF-JSGPKCTENA-N,-6.486
IGF1R,wt,wt_s2,detail,2,34,WQKOQOZXZQJNRC-GPQMBLKYNA-N,-7.87
IGF1R,wt,wt_s2,detail,2,35,WKLBCLNIAGUINH-GAJRPKRDNA-N,-6.274
IGF1R,wt,wt_s2,detail,2,36,ZVOVGLCUMDQIHF-VPQZEOPVNA-N,-6.498
IGF1R,wt,wt_s2,detail,2,37,UGKZABQBFUBOFG-WDFGQQGSNA-N,-6.935
IGF1R,wt,wt_s2,detail,2,38,RTJRNIJPLOVJLH-WYUMXYHSNA-N,-6.627
IGF1R,wt,wt_s2,detail,2,39,MUJCQGFFHCARCQ-UYBDAZJANA-N,-9.161
IGF1R,wt,wt_s2,detail,2,40,FZSPJBYOKQPKCD-VIFPVBQENA-N,-6.073
IGF1R,wt,wt_s2,detail,2,41,RWPHPOMFTPAOAS-JLGFQASFNA-N,-7.75
IGF1R,wt,wt_s2,detail,2,42,ZXVNJVRABSCRGU-GPQMBLKYNA-N,-7.705
IGF1R,wt,wt_s2,detail,2,43,KZAOEMMZRGEBST-OOGKJWBGNA-N,-7.812
IGF1R,wt,wt_s2,detail,2,44,NEIVPRTZAHUZEA-WYUMXYHSNA-N,-6.371
IGF1R,wt,wt_s2,detail,2,45,PYKJFEPAUKAXNN-UHFFFAOYNA-N,-7.11
IGF1R,wt,wt_s2,detail,2,46,BPUNDQLKPUIGBR-GPQMBLKYNA-N,-6.879
IGF1R,wt,wt_s2,detail,2,47,WDFLSTQJUFMIIW-UHFFFAOYNA-N,-7.603
IGF1R,wt,wt_s2,detail,2,48,BJLQEYLWUSSEKH-CMPMBVLYNA-N,-7.853
IGF1R,wt,wt_s2,detail,2,49,HZUGIOKMHRUHMF-ADJYBIKJNA-N,-7.447
IGF1R,wt,wt_s2,detail,2,50,PBWQQQLCZDQSET-XWKXFZRBNA-N,-6.452
IGF1R,wt,wt_s2,detail,2,51,ISSLSGLIFQSYJA-HCKMINDGNA-N,-7.754
IGF1R,wt,wt_s2,detail,2,52,OAXDEJIQWHXCJI-UHFFFAOYNA-N,-7.021
IGF1R,wt,wt_s2,detail,2,53,BCJVFDDJSOEKKQ-UHFFFAOYNA-N,-7.172
IGF1R,wt,wt_s2,detail,2,54,QFJGCDWXDUDFAD-UHFFFAOYNA-N,-8.844
IGF1R,wt,wt_s2,detail,2,55,JVBGNPPYXIWVPH-WYCIUFAENA-N,-5.508
IGF1R,wt,wt_s2,detail,2,56,BYJAVTDNIXVSPW-YHMJCDSINA-N,-6.696
IGF1R,wt,wt_s2,detail,2,57,MQGMUPFWCDYDFO-UHFFFAOYNA-N,-7.81
IGF1R,wt,wt_s2,detail,2,58,OACAJASVXJLTAT-UHFFFAOYNA-N,-7.196
IGF1R,wt,wt_s2,detail,2,59,AQSGGOLDOQGOAO-FNCQTZNRNA-N,-6.616
IGF1R,wt,wt_s2,detail,2,60,SOBHKZHLCOJHTI-YHMJCDSINA-N,-7.705
IGF1R,wt,wt_s2,detail,2,61,NUFCOZJTDHUROG-PKGMMKRDNA-N,-6.862
IGF1R,wt,wt_s2,detail,2,62,KZTOUMBNPVCTLR-GFJIPZKJNA-N,-8.687
IGF1R,wt,wt_s2,detail,2,63,CLEMZXMGJNNUTH-LILDFLRNNA-N,-8.916
IGF1R,wt,wt_s2,detail,2,64,MXRJUMCOVVUCLC-UHFFFAOYNA-N,-8.609
IGF1R,wt,wt_s2,detail,2,65,HZDIAENSPHDHRS-UHFFFAOYNA-N,-7.703
IGF1R,wt,wt_s2,detail,2,66,CHDODAJYQOTMTK-PKSOQXRJNA-N,-8.142
IGF1R,wt,wt_s2,detail,2,67,VRFRJWXCOPEIII-QWOVJGMINA-N,-7.987
IGF1R,wt,wt_s2,detail,2,68,WTOLVFBACFWUSN-QGOAFFKANA-N,-7.312
IGF1R,wt,wt_s2,detail,2,69,KDJZDSPTXVFGOF-NPVYFSBINA-N,-8.455
IGF1R,wt,wt_s2,detail,2,70,MUXXNOOBECTQPY-UHFFFAOYNA-N,-6.74
IGF1R,wt,wt_s2,detail,2,71,OBUUPTPELQALTE-UYBDAZJANA-N,-6.95
IGF1R,wt,wt_s2,detail,2,72,FKOXOEKZVRISIU-NPVYFSBINA-N,-8.011
IGF1R,wt,wt_s2,detail,2,73,ZOKNKPRORGNRMQ-BXBDENJDNA-N,-7.445
IGF1R,wt,wt_s2,detail,2,74,KWJAZTNSKVNVEC-UHFFFAOYNA-N,-7.292
IGF1R,wt,wt_s2,detail,2,75,RPBVHEVTQXVWDL-NGZNMCPLNA-N,-8.907
IGF1R,wt,wt_s2,detail,2,76,ZSKKLMIULIVRSI-QWOVJGMINA-N,-7.486
IGF1R,wt,wt_s2,detail,2,77,VLKGZJJKNXFENI-LILDFLRNNA-N,-7.438
IGF1R,wt,wt_s2,detail,2,78,NCKZVQLIUXCUQF-UHFFFAOYNA-N,-7.327
IGF1R,wt,wt_s2,detail,2,79,TYYOBUBDDDDKPC-UHFFFAOYNA-N,-8.138
IGF1R,wt,wt_s2,detail,2,80,AQMRDIZFWYYMBQ-QWOVJGMINA-N,-8.249
IGF1R,wt,wt_s2,detail,2,81,IVRPZSQLORCONO-UHFFFAOYNA-N,-8.157
IGF1R,wt,wt_s2,detail,2,82,IRNFLRZZSCRLSQ-NPVYFSBINA-N,-8.274
IGF1R,wt,wt_s2,detail,2,83,UUMBQVLEWSWSOO-GPQMBLKYNA-N,-8.63
IGF1R,wt,wt_s2,detail,2,84,ASCHVCPAOUSKIZ-GPQMBLKYNA-N,-8.619
IGF1R,wt,wt_s2,detail,2,85,NVGGHEIBFBOAHY-UHFFFAOYNA-N,-8.829
IGF1R,wt,wt_s2,detail,2,86,JIOIPFWJCUUZEU-PKSOQXRJNA-N,-8.1
IGF1R,wt,wt_s2,detail,2,87,RGAJQRZKKQXIEQ-XBTAAFKLNA-N,-5.769
IGF1R,wt,wt_s2,detail,2,88,DOVBELPPXZSOPX-UHFFFAOYNA-N,-8.246
IGF1R,wt,wt_s2,detail,2,89,VFOWTBWNNOVCPH-WJDWOHSUNA-N,-7.889
IGF1R,wt,wt_s2,detail,2,90,HKWNGVFHUCRTTQ-QVUQFMIFNA-N,-8.568
IGF1R,wt,wt_s2,detail,2,91,VPMBMFYJJPEBKS-XBTAAFKLNA-N,-8.52
IGF1R,wt,wt_s2,detail,2,92,OPIXMYPGGYYGRV-PKSOQXRJNA-N,-7.911
IGF1R,wt,wt_s2,detail,2,93,ASWFTNOPBUOHSG-UHFFFAOYNA-N,-9.129
IGF1R,wt,wt_s2,detail,2,94,YIFJQOSOEFTEHM-QWOVJGMINA-N,-7.889
IGF1R,wt,wt_s2,detail,2,95,CYRPZNLZOLVKKM-PKSOQXRJNA-N,-8.316
IGF1R,wt,wt_s2,detail,2,96,PSRSNNQFQFGFKV-QWOVJGMINA-N,-8.211
IGF1R,wt,wt_s2,detail,2,97,PSJJZUSBTGJHEC-WYUMXYHSNA-N,-7.115
IGF1R,wt,wt_s2,detail,2,98,RCTHTZYLLISDPT-VVKINWOJNA-N,-8.024
IGF1R,wt,wt_s2,detail,2,99,UNWANCHXNSSIJJ-PKSOQXRJNA-N,-8.059
IGF1R,wt,wt_s2,detail,2,100,OJBGHXIETMBPHZ-UHFFFAOYNA-N,-7.396
IGF1R,wt,wt_s2,detail,2,101,KNDRDFFUMNHLRJ-LILDFLRNNA-N,-8.179
IGF1R,wt,wt_s2,detail,2,102,PBGALVWBACEVEC-QWOVJGMINA-N,-8.827
IGF1R,wt,wt_s2,detail,2,103,SRLVRCUUJBEIBP-UHFFFAOYNA-N,-7.739
IGF1R,wt,wt_s2,detail,2,104,UVGHDRGQXQVMNW-UHFFFAOYNA-N,-7.156
IGF1R,wt,wt_s2,detail,2,105,YIUJUFFZJHPDAY-SDRQFZCRNA-N,-8.215
IGF1R,wt,wt_s2,detail,2,106,UYPODJSKAAJGNR-UYBDAZJANA-N,-8.137
IGF1R,wt,wt_s2,detail,2,107,YWMYHDFGDRTCPV-BXGKXWMCNA-N,-7.936
IGF1R,wt,wt_s2,detail,2,108,RPVJOFUOUDWRGV-LILDFLRNNA-N,-8.581
IGF1R,wt,wt_s2,detail,2,109,LUKGDWAOTYXHEM-XBTAAFKLNA-N,-8.218
IGF1R,wt,wt_s2,detail,2,110,CHJMEHVGESAPSR-UHFFFAOYNA-N,-7.57
IGF1R,wt,wt_s2,detail,2,111,JDZNTGMSMHYYCY-NPVYFSBINA-N,-8.756
IGF1R,wt,wt_s2,detail,2,112,CRZKGBDGHDTLNN-UHFFFAOYNA-N,-6.772
IGF1R,wt,wt_s2,detail,2,113,ALLYNSCMTRSFNH-UHFFFAOYNA-N,-7.86
IGF1R,wt,wt_s2,detail,2,114,HTVVQAPUWGNILV-PKSOQXRJNA-N,-8.129
IGF1R,wt,wt_s2,detail,2,115,HEKHUTSUFJPTQY-UHFFFAOYNA-N,-8.607
IGF1R,wt,wt_s2,detail,2,116,ZTTIICUFHXUACO-HNENSFHCNA-N,-7.215
IGF1R,wt,wt_s2,detail,2,117,GYJDRNKSYOJANZ-QVUQFMIFNA-N,-8.965
IGF1R,wt,wt_s2,detail,2,118,QSBMVUOOXXRNFY-UHFFFAOYNA-N,-8.241
IGF1R,wt,wt_s2,detail,2,119,VRMMQHDQMURNDV-PGYIFSQXNA-N,-7.133
IGF1R,wt,wt_s2,detail,2,120,FHGICQLRHVZVCW-TWSYTRIPNA-N,-9.162
IGF1R,wt,wt_s2,detail,2,121,WWZHRJDMAZBTGY-WYUMXYHSNA-N,-8.122
IGF1R,wt,wt_s2,detail,2,122,GXHBBVOBKJURCM-UHFFFAOYNA-N,-7.223
IGF1R,wt,wt_s2,detail,2,123,GKJWYULRCHAYTN-UYBDAZJANA-N,-8.399
IGF1R,wt,wt_s2,detail,2,124,LJFRBCQBJFKUBA-LILDFLRNNA-N,-9.516
IGF1R,wt,wt_s2,detail,2,125,JGJYHHGYTXVQLH-MZSCVVMKNA-N,-7.337
IGF1R,wt,wt_s2,detail,2,126,WJPDMYDDAMHBSE-UZYVYHOENA-N,-9.409
IGF1R,wt,wt_s2,detail,2,127,GVOMJEIYRXTYCN-LILDFLRNNA-N,-8.356
IGF1R,wt,wt_s2,detail,2,128,LTZVLHHIAUKGBP-LELJVTLKNA-N,-8.84
IGF1R,wt,wt_s2,detail,2,129,FIKLOQNDPSVUGH-LBOYIXSDNA-N,-7.549
IGF1R,wt,wt_s2,detail,2,130,GIEJIAIRYKSRHU-MPIMZMORNA-N,-8.903
IGF1R,wt,wt_s2,detail,2,131,XFKYWJPYYRTYBR-ODOKVQCSNA-N,-7.408
IGF1R,wt,wt_s2,detail,2,132,PKSFLOGCPXWJIU-MEDUHNTENA-N,-8.418
IGF1R,wt,wt_s2,detail,2,133,JLHJTKOPNATISN-LELJVTLKNA-N,-7.978
IGF1R,wt,wt_s2,detail,2,134,GUBNROKMFNBDBZ-GRDNDAEWNA-N,-7.946
IGF1R,wt,wt_s2,detail,2,135,KGCQIOUZEREWDG-UHFFFAOYNA-N,-7.658
IGF1R,wt,wt_s2,detail,2,136,DWDHSAAOHLDDKE-QWOVJGMINA-N,-7.491
IGF1R,wt,wt_s2,detail,2,137,XSTAWOGBOKIKIE-UKZVOYCKNA-N,-7.621
IGF1R,wt,wt_s2,detail,2,138,OWXORKPNCHJYOF-JFRKDZMVNA-N,-8.151
IGF1R,wt,wt_s2,detail,2,139,MQOILMOKFLJWRN-KYCGMZMQNA-N,-8.829
IGF1R,wt,wt_s2,detail,2,140,BJROQKFYPRCGFD-LQFNOIFHNA-N,-8.578
IGF1R,wt,wt_s2,detail,2,141,PLWVUIRWJVKSSD-XBXARRHUNA-N,-7.098
IGF1R,wt,wt_s2,detail,2,142,HFWSIVHELHSGJY-JJIBRWJFNA-N,-7.135
IGF1R,wt,wt_s2,detail,2,143,QMHSEIOSCQWTPQ-LNNLXFCONA-N,-7.218
IGF1R,wt,wt_s2,detail,2,144,FBHVHCWHAVLWJT-OYSRHTCDNA-N,-8.191
IGF1R,wt,wt_s2,detail,2,145,CEZNOHQWEHKPJP-LQFNOIFHNA-N,-8.337
IGF1R,wt,wt_s2,detail,2,146,KOFRNRJMKWZBMR-RVJKNMGLNA-N,-7.278
IGF1R,wt,wt_s2,detail,2,147,PGPPCCZSDRAQKA-SYZQJQIINA-N,-7.362
IGF1R,wt,wt_s2,detail,2,148,VGUBMLBOECHPGN-MHEVPKQANA-N,-8.569
IGF1R,wt,wt_s2,detail,2,149,PCORSCGAGFGSSR-UHFFFAOYNA-N,-5.937
IGF1R,wt,wt_s2,detail,2,150,JGNCAWPKZCFGOI-BXGKXWMCNA-N,-9.627
IGF1R,wt,wt_s2,detail,2,151,ULONVLUMOUFCID-LNNLXFCONA-N,-9.211
IGF1R,wt,wt_s2,detail,2,152,HCPHOPNEKKCOEN-LNNLXFCONA-N,-9.181
IGF1R,wt,wt_s2,detail,2,153,OMJCCYYNBCJNOL-FVAMHUBNNA-N,-8.163
IGF1R,wt,wt_s2,detail,2,154,SZUCFANUUBSCPX-PJQSKVNONA-N,-9.198
IGF1R,wt,wt_s2,detail,2,155,QHLRKDSRGUZHSH-UHFFFAOYNA-N,-7.439
IGF1R,wt,wt_s2,detail,2,156,QUFUFSGGBADBIH-UHFFFAOYNA-N,-7.778
IGF1R,wt,wt_s2,detail,2,157,WPBGBXPZNCPYQB-UHFFFAOYNA-N,-8.32
IGF1R,wt,wt_s2,detail,2,158,BXVSKXWPXKQTOL-UHFFFAOYNA-N,-7.743
IGF1R,wt,wt_s2,detail,2,159,WNELYPHBVMGNQP-UHFFFAOYNA-N,-8.503
IGF1R,wt,wt_s2,detail,2,160,POOIONRPVWIUHF-LQFNOIFHNA-N,-7.782
IGF1R,wt,wt_s2,detail,2,161,NZPQBADYZFTGOT-UHFFFAOYNA-N,-8.091
IGF1R,wt,wt_s2,detail,2,162,MAOZUYDDGGFCKF-WFELUYCUNA-N,-7.755
IGF1R,wt,wt_s2,detail,2,163,PEANHJHNIYISMY-UHFFFAOYNA-N,-7.971
IGF1R,wt,wt_s2,detail,2,164,ABFVBWQMBVYWMV-UHFFFAOYNA-N,-7.8
IGF1R,wt,wt_s2,detail,2,165,UMUOTXHWTLGGIP-QWOVJGMINA-N,-8.517
IGF1R,wt,wt_s2,detail,2,166,NYVXKWVMQVVBRC-QWOVJGMINA-N,-7.516
IGF1R,wt,wt_s2,detail,2,167,OVGDAEHQLCSRDI-UHFFFAOYNA-N,-6.831
IGF1R,wt,wt_s2,detail,2,168,BZXWWWGSEIRPLV-UHFFFAOYNA-N,-8.092
IGF1R,wt,wt_s2,detail,2,169,FXGKAQHXFGXOPR-UHFFFAOYNA-N,-9.009
IGF1R,wt,wt_s2,detail,2,170,HVIXAPJIOPIFIY-UHFFFAOYNA-N,-6.432
IGF1R,wt,wt_s2,detail,2,171,LIRQEBOXUUPWJJ-LNNLXFCONA-N,-8.467
IGF1R,wt,wt_s2,detail,2,172,ZDIIOUBKRSIUED-LQFNOIFHNA-N,-8.187
IGF1R,wt,wt_s2,detail,2,173,LTWUSAKSGJMCRY-UHFFFAOYNA-N,-8.54
IGF1R,wt,wt_s2,detail,2,174,PNDIKCGLYJOYIK-UYBDAZJANA-N,-8.058
IGF1R,wt,wt_s2,detail,2,175,MGSHIAIRIYECSG-MPIMZMORNA-N,-7.151
IGF1R,wt,wt_s2,detail,2,176,MVWYIUZSZIETFZ-KYUNMXQPNA-N,-7.48
IGF1R,wt,wt_s2,detail,2,177,XGTOSEODMLDCBR-UHFFFAOYNA-N,-7.711
IGF1R,wt,wt_s2,detail,2,178,NYHRLEZMHRGFLZ-UYBDAZJANA-N,-7.554
IGF1R,wt,wt_s2,detail,2,179,KZGNFRGGQVBHRV-UHFFFAOYNA-N,-8.206
IGF1R,wt,wt_s2,detail,2,180,SXXXSTPMDGKOCH-LQFNOIFHNA-N,-8.714
IGF1R,wt,wt_s2,detail,2,181,VJGFWNZWHKBDNN-HPHMPNDVNA-N,-7.556
IGF1R,wt,wt_s2,detail,2,182,SBLZEXLDNURADT-LELJVTLKNA-N,-6.827
IGF1R,wt,wt_s2,detail,2,183,OINVQDVVQWTWJM-YNGZFIAGNA-N,-8.88
IGF1R,wt,wt_s2,detail,2,184,RJZHELXWHJKNAM-NPVYFSBINA-N,-7.55
IGF1R,wt,wt_s2,detail,2,185,MAXGWTGCLOXELV-UHFFFAOYNA-N,-9.227
IGF1R,wt,wt_s2,detail,2,186,PNHBRYIAJCYNDA-VQCQRNETNA-N,-10.468
IGF1R,wt,wt_s2,detail,2,187,QGZIKUYIROAFSE-QWOVJGMINA-N,-7.732
IGF1R,wt,wt_s2,detail,2,188,QTIJDOJTNOHQTC-WQGACYEGNA-N,-6.939
IGF1R,wt,wt_s2,detail,2,189,OMLLGNQJKXQVKT-TUXCJRKWNA-N,-8.156
IGF1R,wt,wt_s2,detail,2,190,FNLHLKPQZWPTTK-UHFFFAOYNA-N,-8.417
IGF1R,wt,wt_s2,detail,2,191,XBPLTFIKHVYSDD-UHFFFAOYNA-N,-8.888
IGF1R,wt,wt_s2,detail,2,192,VEXPKIRCYBYITI-BEFZCSJLNA-N,-10.595
IGF1R,wt,wt_s2,detail,2,193,WDVQKHWASUJMRH-LNNLXFCONA-N,-8.218
IGF1R,wt,wt_s2,detail,2,194,DAUHEXDIKFZUFM-BZCDMSEBNA-N,-8.511
IGF1R,wt,wt_s2,detail,2,195,HCFHHWIWTWPKFH-UHFFFAOYNA-N,-8.142
IGF1R,wt,wt_s2,detail,2,196,PIFJHAXQZFBLCQ-ZVBCKELPNA-N,-8.337
IGF1R,wt,wt_s2,detail,2,197,CGBYUWXVJWRJIR-LLJNPURJNA-N,-7.362
IGF1R,wt,wt_s2,detail,2,198,CLHNZVNBTRJSNX-NSJMMFDCNA-N,-7.263
IGF1R,wt,wt_s2,detail,2,199,JKMJQRRLCJXPOK-SREBMQDQNA-N,-8.549
IGF1R,wt,wt_s2,detail,2,200,HHXLRWIDFFFFKX-LELJVTLKNA-N,-8.722
IGF1R,wt,wt_s2,detail,2,201,BZCFDJGFEXLRFA-NYHNBARNNA-N,-9.598
IGF1R,wt,wt_s2,detail,2,202,IEZNLWGERBHQJK-KEAFGAQVNA-N,-8.745
IGF1R,wt,wt_s2,detail,2,203,ZBJYTLVBCAOWHI-PKRZOPRNNA-N,-6.484
IGF1R,wt,wt_s2,detail,2,204,FGMQRSXQOIDDJD-PKRZOPRNNA-N,-8.233
IGF1R,wt,wt_s2,detail,2,205,XDGHTBHPIPZHLJ-KMZMRBKQNA-N,-9.989
IGF1R,wt,wt_s2,detail,2,206,WSGZHZGDPVCVHF-UHFFFAOYNA-N,-9.983
IGF1R,wt,wt_s2,detail,2,207,HXWAXUQSZMRTTE-YLBMWQQONA-N,-8.712
IGF1R,wt,wt_s2,detail,2,208,FCZVXTBFAYFUHQ-UHFFFAOYNA-N,-8.83
IGF1R,wt,wt_s2,detail,2,209,YAZOIIMRVUPEOT-DHDJHLBQNA-N,-7.764
IGF1R,wt,wt_s2,detail,2,210,KVNQZVOXEZCBRJ-PECRYQBZNA-N,-8.585
IGF1R,wt,wt_s2,detail,2,211,IYBSHHORKOCFKZ-LNNLXFCONA-N,-8.745
IGF1R,wt,wt_s2,detail,2,212,RSTMZFOEDVJAHN-OXBUWGKVNA-N,-8.168
IGF1R,wt,wt_s2,detail,2,213,NYWCANYSFKVUNN-UHFFFAOYNA-N,-7.136
IGF1R,wt,wt_s2,detail,2,214,XFQNPVRVZXSQSI-IVGLCWOSNA-N,-8.962
IGF1R,wt,wt_s2,detail,2,215,HXGZQYVBZUMUDK-HXTKINSTNA-N,-8.32
IGF1R,wt,wt_s2,detail,2,216,BKWBUUYCHYLRLF-NSJMMFDCNA-N,-6.451
IGF1R,wt,wt_s2,detail,2,217,JRRKWFRTDFOWAB-XDUJAMRANA-N,-7.626
IGF1R,wt,wt_s2,detail,2,218,FPOLFSCTFRBBHI-QGZVFWFLNA-N,-8.617
IGF1R,wt,wt_s2,detail,2,219,RPPDOGWFJZOEQX-LVWGJNHUNA-N,-6.593
IGF1R,wt,wt_s2,detail,2,220,JYOPBQURUBDKLK-LELJVTLKNA-N,-8.765
IGF1R,wt,wt_s2,detail,2,221,LNENLABLFGGAFF-INUABGGHNA-N,-9.17
IGF1R,wt,wt_s2,detail,2,222,BAQVKFUOCGTGBI-FCDIKQFGNA-N,-7.272
IGF1R,wt,wt_s2,detail,2,223,SYJAKTNXXAWUQU-BYGYBERANA-N,-9.287
IGF1R,wt,wt_s2,detail,2,224,KCFZFOHSAGLLGQ-LUBWAWCANA-N,-8.697
IGF1R,wt,wt_s2,detail,2,225,LDJWHJQMWPYZLV-WHDAICOONA-N,-8.319
IGF1R,wt,wt_s2,detail,2,226,AXUDSCZCBZMENI-UHFFFAOYNA-N,-8.323
IGF1R,wt,wt_s2,detail,2,227,DDXHLMOKYYMXTK-OBAATPRFNA-N,-7.791
IGF1R,wt,wt_s2,detail,2,228,KTOSTKQYNJBYHF-PKOBYXMFNA-N,-8.958
IGF1R,wt,wt_s2,detail,2,229,ZCFWJPJEBJVXTO-UHFFFAOYNA-N,-8.125
IGF1R,wt,wt_s2,detail,2,230,NJVFOFMHUJJIMB-UHFFFAOYNA-N,-8.035
IGF1R,wt,wt_s2,detail,2,231,XUEQVOGPWKWKNT-XBXBPLPCNA-N,-8.092
IGF1R,wt,wt_s2,detail,2,232,MLFYMBALEIQTEJ-LBOYIXSDNA-N,-8.378
IGF1R,wt,wt_s2,detail,2,233,AETJFEZDSLASSU-XTEPFMGCNA-N,-7.331
IGF1R,wt,wt_s2,detail,2,234,GSNNWCVFRNINCY-UHFFFAOYNA-N,-8.263
IGF1R,wt,wt_s2,detail,2,235,UIHGNJALPXKJRE-UHFFFAOYNA-N,-8.673
IGF1R,wt,wt_s2,detail,2,236,BBUDWIYSLGTZTQ-SGMUJJOCNA-N,-8.687
IGF1R,wt,wt_s2,detail,2,237,CBYYNSKRRKXPFV-LELJVTLKNA-N,-8.174
IGF1R,wt,wt_s2,detail,2,238,NMFTXZYZNCQGNR-MTTPVDACNA-N,-9.044
IGF1R,wt,wt_s2,detail,2,239,QTKARDGAUMDUCL-LAEKOWRLNA-N,-8.35
IGF1R,wt,wt_s2,detail,2,240,VNEQUOUVFXAVMH-SANMLTNENA-N,-8.116
IGF1R,wt,wt_s2,detail,2,241,IJPPTSNWQLJFSU-LNNLXFCONA-N,-8.166
IGF1R,wt,wt_s2,detail,2,242,DJQIFFIREHYQCT-OSPHWJPCNA-N,-8.543
IGF1R,wt,wt_s2,detail,2,243,KOZFSFOOLUUIGY-SLMOLSELNA-N,-9.285
IGF1R,wt,wt_s2,detail,2,244,WILPFKVTYXJQQV-ZMCXWUQGNA-N,-8.01
IGF1R,wt,wt_s2,detail,2,245,NZELHCGEQZMIBB-UHFFFAOYNA-N,-9.362
IGF1R,wt,wt_s2,detail,2,246,VKGWONFLJDZUKM-NSJMMFDCNA-N,-8.254
IGF1R,wt,wt_s2,detail,2,247,XUHSVEXCUONJNQ-PMERELPUNA-N,-7.072
IGF1R,wt,wt_s2,detail,2,248,ZFOAPODMCDEDHA-UHFFFAOYNA-N,-9.08
IGF1R,wt,wt_s2,detail,2,249,PZCSJBQJENRLHD-ULJJZXAINA-N,-7.737
IGF1R,wt,wt_s2,detail,2,250,IOSLXICJNAAKOP-ZFJUVRDGNA-N,-9.033
IGF1R,wt,wt_s2,detail,2,251,HUDCDZLLNLJTEW-RBSQRGBYNA-N,-8.729
IGF1R,wt,wt_s2,detail,2,252,IKUATMHYCWRCHC-XUIBWRPBNA-N,-8.77
IGF1R,wt,wt_s2,detail,2,253,HCEYJYMNIQHPPK-WKJNMVSGNA-N,-8.932
IGF1R,wt,wt_s2,detail,2,254,ZLEIPSPWAZJWJP-DHDJHLBQNA-N,-8.538
IGF1R,wt,wt_s2,detail,2,255,ZKDQUBKHXMXRRH-KUWNNRQRNA-N,-8.527
IGF1R,c_MET1112,mut_s1,detail,1,0,QGXBDMJGAMFCBF-WRZMNKJANA-N,-8.636
IGF1R,c_MET1112,mut_s1,detail,1,1,XZORRJGRPUBUJO-UHFFFAOYNA-N,-6.087
IGF1R,c_MET1112,mut_s1,detail,1,2,RIOOLQVLOZQLQJ-CYBMUJFWNA-N,-6.248
IGF1R,c_MET1112,mut_s1,detail,1,3,JMAMZIYMGUDBDZ-YAQRNVERNA-N,-6.5
IGF1R,c_MET1112,mut_s1,detail,1,4,SOHFVFXITPDEDK-GMNMMWFNNA-N,-7.021
IGF1R,c_MET1112,mut_s1,detail,1,5,HQPUBFWUNXGPNP-FECSGLDJNA-N,-6.304
IGF1R,c_MET1112,mut_s1,detail,1,6,URSPNXKDALRRBJ-FQFUPTBWNA-N,-7.493
IGF1R,c_MET1112,mut_s1,detail,1,7,MALHKRCDHFAKIM-GPQMBLKYNA-N,-7.175
IGF1R,c_MET1112,mut_s1,detail,1,8,VDGCRTGHEWIBAL-YAQRNVERNA-N,-6.909
IGF1R,c_MET1112,mut_s1,detail,1,9,VOWBZMVBYGELAY-UHFFFAOYNA-N,-7.664
IGF1R,c_MET1112,mut_s1,detail,1,10,GKBJOMPRUSWVJA-UHFFFAOYNA-N,-7.229
IGF1R,c_MET1112,mut_s1,detail,1,11,RQLXWVPRGJJWEK-BFHABQRXNA-N,-7.301
IGF1R,c_MET1112,mut_s1,detail,1,12,OQWMEUSTXXVVIU-NWANDNLSNA-N,-5.989
IGF1R,c_MET1112,mut_s1,detail,1,13,SVIIYVRLTJRIIR-UHFFFAOYNA-N,-6.909
IGF1R,c_MET1112,mut_s1,detail,1,14,XIQVFMHGZHWKNA-LILDFLRNNA-N,-7.944
IGF1R,c_MET1112,mut_s1,detail,1,15,ABQUFQQMQCPHOH-NCWAPJAINA-N,-7.312
IGF1R,c_MET1112,mut_s1,detail,1,16,BNGLUFUDMHHURB-UYBDAZJANA-N,-7.67
IGF1R,c_MET1112,mut_s1,detail,1,17,JXAGPFSGJKRKBY-UHFFFAOYNA-N,-7.679
IGF1R,c_MET1112,mut_s1,detail,1,18,DINPOPQNCDTVPQ-YGPBECBDNA-N,-6.872
IGF1R,c_MET1112,mut_s1,detail,1,19,FUMDYIGQJOCQBC-UHFFFAOYNA-N,-7.589
IGF1R,c_MET1112,mut_s1,detail,1,20,GLEVLJDDWXEYCO-WYUMXYHSNA-N,-7.174
IGF1R,c_MET1112,mut_s1,detail,1,21,PWCMYVJXHPBJNZ-FSHPWJEWNA-N,-6.048
IGF1R,c_MET1112,mut_s1,detail,1,22,CLPZQGXGPKJOMN-XWKXFZRBNA-N,-7.072
IGF1R,c_MET1112,mut_s1,detail,1,23,UFUOEKYHBCFTGW-RWJRRMEYNA-N,-6.78
IGF1R,c_MET1112,mut_s1,detail,1,24,CMNIOKDUTCZQJB-NDKGDYFDNA-N,-6.371
IGF1R,c_MET1112,mut_s1,detail,1,25,ZVNPQHHQIVQYPI-ZHACJKMWNA-N,-8.794
IGF1R,c_MET1112,mut_s1,detail,1,26,HHPYZGCOAAJZTN-NKWLYDBFNA-N,-7.45
IGF1R,c_MET1112,mut_s1,detail,1,27,ANYSYRVXKLTFPB-UHFFFAOYNA-N,-7.617
IGF1R,c_MET1112,mut_s1,detail,1,28,JISYUXULRDZARX-HCKMINDGNA-N,-7.216
IGF1R,c_MET1112,mut_s1,detail,1,29,VTLWDCDAVLVOHR-HCKMINDGNA-N,-7.85
IGF1R,c_MET1112,mut_s1,detail,1,30,BBMWNEXSYXLWEO-WYUMXYHSNA-N,-6.603
IGF1R,c_MET1112,mut_s1,detail,1,31,WZGCZUAYIBWZAN-YHSKDTNENA-N,-7.022
IGF1R,c_MET1112,mut_s1,detail,1,32,RVNORUCXEIIROU-UHFFFAOYNA-N,-7.887
IGF1R,c_MET1112,mut_s1,detail,1,33,ZTJZVOMEMRNYKF-JSGPKCTENA-N,-6.359
IGF1R,c_MET1112,mut_s1,detail,1,34,WQKOQOZXZQJNRC-GPQMBLKYNA-N,-7.952
IGF1R,c_MET1112,mut_s1,detail,1,35,WKLBCLNIAGUINH-GAJRPKRDNA-N,-6.34
IGF1R,c_MET1112,mut_s1,detail,1,36,ZVOVGLCUMDQIHF-VPQZEOPVNA-N,-6.613
IGF1R,c_MET1112,mut_s1,detail,1,37,UGKZABQBFUBOFG-WDFGQQGSNA-N,-6.833
IGF1R,c_MET1112,mut_s1,detail,1,38,RTJRNIJPLOVJLH-WYUMXYHSNA-N,-6.794
IGF1R,c_MET1112,mut_s1,detail,1,39,MUJCQGFFHCARCQ-UYBDAZJANA-N,-8.797
IGF1R,c_MET1112,mut_s1,detail,1,40,FZSPJBYOKQPKCD-VIFPVBQENA-N,-5.902
IGF1R,c_MET1112,mut_s1,detail,1,41,RWPHPOMFTPAOAS-JLGFQASFNA-N,-7.533
IGF1R,c_MET1112,mut_s1,detail,1,42,ZXVNJVRABSCRGU-GPQMBLKYNA-N,-7.407
IGF1R,c_MET1112,mut_s1,detail,1,43,KZAOEMMZRGEBST-OOGKJWBGNA-N,-7.677
IGF1R,c_MET1112,mut_s1,detail,1,44,NEIVPRTZAHUZEA-WYUMXYHSNA-N,-6.641
IGF1R,c_MET1112,mut_s1,detail,1,45,PYKJFEPAUKAXNN-UHFFFAOYNA-N,-7.348
IGF1R,c_MET1112,mut_s1,detail,1,46,BPUNDQLKPUIGBR-GPQMBLKYNA-N,-6.995
IGF1R,c_MET1112,mut_s1,detail,1,47,WDFLSTQJUFMIIW-UHFFFAOYNA-N,-7.868
IGF1R,c_MET1112,mut_s1,detail,1,48,BJLQEYLWUSSEKH-CMPMBVLYNA-N,-7.191
IGF1R,c_MET1112,mut_s1,detail,1,49,HZUGIOKMHRUHMF-ADJYBIKJNA-N,-7.675
IGF1R,c_MET1112,mut_s1,detail,1,50,PBWQQQLCZDQSET-XWKXFZRBNA-N,-6.326
IGF1R,c_MET1112,mut_s1,detail,1,51,ISSLSGLIFQSYJA-HCKMINDGNA-N,-7.383
IGF1R,c_MET1112,mut_s1,detail,1,52,OAXDEJIQWHXCJI-UHFFFAOYNA-N,-7.502
IGF1R,c_MET1112,mut_s1,detail,1,53,BCJVFDDJSOEKKQ-UHFFFAOYNA-N,-7.348
IGF1R,c_MET1112,mut_s1,detail,1,54,QFJGCDWXDUDFAD-UHFFFAOYNA-N,-7.852
IGF1R,c_MET1112,mut_s1,detail,1,55,JVBGNPPYXIWVPH-WYCIUFAENA-N,-5.117
IGF1R,c_MET1112,mut_s1,detail,1,56,BYJAVTDNIXVSPW-YHMJCDSINA-N,-6.524
IGF1R,c_MET1112,mut_s1,detail,1,57,MQGMUPFWCDYDFO-UHFFFAOYNA-N,-8.147
IGF1R,c_MET1112,mut_s1,detail,1,58,OACAJASVXJLTAT-UHFFFAOYNA-N,-6.995
IGF1R,c_MET1112,mut_s1,detail,1,59,AQSGGOLDOQGOAO-FNCQTZNRNA-N,-6.408
IGF1R,c_MET1112,mut_s1,detail,1,60,SOBHKZHLCOJHTI-YHMJCDSINA-N,-7.664
IGF1R,c_MET1112,mut_s1,detail,1,61,NUFCOZJTDHUROG-PKGMMKRDNA-N,-6.934
IGF1R,c_MET1112,mut_s1,detail,1,62,KZTOUMBNPVCTLR-GFJIPZKJNA-N,-8.464
IGF1R,c_MET1112,mut_s1,detail,1,63,CLEMZXMGJNNUTH-LILDFLRNNA-N,-8.631
IGF1R,c_MET1112,mut_s1,detail,1,64,MXRJUMCOVVUCLC-UHFFFAOYNA-N,-8.565
IGF1R,c_MET1112,mut_s1,detail,1,65,HZDIAENSPHDHRS-UHFFFAOYNA-N,-7.197
IGF1R,c_MET1112,mut_s1,detail,1,66,CHDODAJYQOTMTK-PKSOQXRJNA-N,-7.121
IGF1R,c_MET1112,mut_s1,detail,1,67,VRFRJWXCOPEIII-QWOVJGMINA-N,-8.466
IGF1R,c_MET1112,mut_s1,detail,1,68,WTOLVFBACFWUSN-QGOAFFKANA-N,-8.032
IGF1R,c_MET1112,mut_s1,detail,1,69,KDJZDSPTXVFGOF-NPVYFSBINA-N,-9.064
IGF1R,c_MET1112,mut_s1,detail,1,70,MUXXNOOBECTQPY-UHFFFAOYNA-N,-7.229
IGF1R,c_MET1112,mut_s1,detail,1,71,OBUUPTPELQALTE-UYBDAZJANA-N,-7.257
IGF1R,c_MET1112,mut_s1,detail,1,72,FKOXOEKZVRISIU-NPVYFSBINA-N,-7.491
IGF1R,c_MET1112,mut_s1,detail,1,73,ZOKNKPRORGNRMQ-BXBDENJDNA-N,-7.136
IGF1R,c_MET1112,mut_s1,detail,1,74,KWJAZTNSKVNVEC-UHFFFAOYNA-N,-7.294
IGF1R,c_MET1112,mut_s1,detail,1,75,RPBVHEVTQXVWDL-NGZNMCPLNA-N,-8.472
IGF1R,c_MET1112,mut_s1,detail,1,76,ZSKKLMIULIVRSI-QWOVJGMINA-N,-7.695
IGF1R,c_MET1112,mut_s1,detail,1,77,VLKGZJJKNXFENI-LILDFLRNNA-N,-7.529
IGF1R,c_MET1112,mut_s1,detail,1,78,NCKZVQLIUXCUQF-UHFFFAOYNA-N,-6.434
IGF1R,c_MET1112,mut_s1,detail,1,79,TYYOBUBDDDDKPC-UHFFFAOYNA-N,-8.712
IGF1R,c_MET1112,mut_s1,detail,1,80,AQMRDIZFWYYMBQ-QWOVJGMINA-N,-8.597
IGF1R,c_MET1112,mut_s1,detail,1,81,IVRPZSQLORCONO-UHFFFAOYNA-N,-8.095
IGF1R,c_MET1112,mut_s1,detail,1,82,IRNFLRZZSCRLSQ-NPVYFSBINA-N,-8.085
IGF1R,c_MET1112,mut_s1,detail,1,83,UUMBQVLEWSWSOO-GPQMBLKYNA-N,-8.769
IGF1R,c_MET1112,mut_s1,detail,1,84,ASCHVCPAOUSKIZ-GPQMBLKYNA-N,-8.695
IGF1R,c_MET1112,mut_s1,detail,1,85,NVGGHEIBFBOAHY-UHFFFAOYNA-N,-8.983
IGF1R,c_MET1112,mut_s1,detail,1,86,JIOIPFWJCUUZEU-PKSOQXRJNA-N,-7.853
IGF1R,c_MET1112,mut_s1,detail,1,87,RGAJQRZKKQXIEQ-XBTAAFKLNA-N,-5.583
IGF1R,c_MET1112,mut_s1,detail,1,88,DOVBELPPXZSOPX-UHFFFAOYNA-N,-8.254
IGF1R,c_MET1112,mut_s1,detail,1,89,VFOWTBWNNOVCPH-WJDWOHSUNA-N,-7.799
IGF1R,c_MET1112,mut_s1,detail,1,90,HKWNGVFHUCRTTQ-QVUQFMIFNA-N,-8.532
IGF1R,c_MET1112,mut_s1,detail,1,91,VPMBMFYJJPEBKS-XBTAAFKLNA-N,-7.997
IGF1R,c_MET1112,mut_s1,detail,1,92,OPIXMYPGGYYGRV-PKSOQXRJNA-N,-8.331
IGF1R,c_MET1112,mut_s1,detail,1,93,ASWFTNOPBUOHSG-UHFFFAOYNA-N,-9.065
IGF1R,c_MET1112,mut_s1,detail,1,94,YIFJQOSOEFTEHM-QWOVJGMINA-N,-8.074
IGF1R,c_MET1112,mut_s1,detail,1,95,CYRPZNLZOLVKKM-PKSOQXRJNA-N,-8.528
IGF1R,c_MET1112,mut_s1,detail,1,96,PSRSNNQFQFGFKV-QWOVJGMINA-N,-8.06
IGF1R,c_MET1112,mut_s1,detail,1,97,PSJJZUSBTGJHEC-WYUMXYHSNA-N,-7.387
IGF1R,c_MET1112,mut_s1,detail,1,98,RCTHTZYLLISDPT-VVKINWOJNA-N,-9.2
IGF1R,c_MET1112,mut_s1,detail,1,99,UNWANCHXNSSIJJ-PKSOQXRJNA-N,-7.7
IGF1R,c_MET1112,mut_s1,detail,1,100,OJBGHXIETMBPHZ-UHFFFAOYNA-N,-7.385
IGF1R,c_MET1112,mut_s1,detail,1,101,KNDRDFFUMNHLRJ-LILDFLRNNA-N,-8.273
IGF1R,c_MET1112,mut_s1,detail,1,102,PBGALVWBACEVEC-QWOVJGMINA-N,-9.22
IGF1R,c_MET1112,mut_s1,detail,1,103,SRLVRCUUJBEIBP-UHFFFAOYNA-N,-8.03
IGF1R,c_MET1112,mut_s1,detail,1,104,UVGHDRGQXQVMNW-UHFFFAOYNA-N,-7.776
IGF1R,c_MET1112,mut_s1,detail,1,105,YIUJUFFZJHPDAY-SDRQFZCRNA-N,-7.979
IGF1R,c_MET1112,mut_s1,detail,1,106,UYPODJSKAAJGNR-UYBDAZJANA-N,-7.168
IGF1R,c_MET1112,mut_s1,detail,1,107,YWMYHDFGDRTCPV-BXGKXWMCNA-N,-8.217
IGF1R,c_MET1112,mut_s1,detail,1,108,RPVJOFUOUDWRGV-LILDFLRNNA-N,-8.665
IGF1R,c_MET1112,mut_s1,detail,1,109,LUKGDWAOTYXHEM-XBTAAFKLNA-N,-8.587
IGF1R,c_MET1112,mut_s1,detail,1,110,CHJMEHVGESAPSR-UHFFFAOYNA-N,-8.036
IGF1R,c_MET1112,mut_s1,detail,1,111,JDZNTGMSMHYYCY-NPVYFSBINA-N,-8.626
IGF1R,c_MET1112,mut_s1,detail,1,112,CRZKGBDGHDTLNN-UHFFFAOYNA-N,-7.439
IGF1R,c_MET1112,mut_s1,detail,1,113,ALLYNSCMTRSFNH-UHFFFAOYNA-N,-8.356
IGF1R,c_MET1112,mut_s1,detail,1,114,HTVVQAPUWGNILV-PKSOQXRJNA-N,-9.589
IGF1R,c_MET1112,mut_s1,detail,1,115,HEKHUTSUFJPTQY-UHFFFAOYNA-N,-8.074
IGF1R,c_MET1112,mut_s1,detail,1,116,ZTTIICUFHXUACO-HNENSFHCNA-N,-7.687
IGF1R,c_MET1112,mut_s1,detail,1,117,GYJDRNKSYOJANZ-QVUQFMIFNA-N,-8.506
IGF1R,c_MET1112,mut_s1,detail,1,118,QSBMVUOOXXRNFY-UHFFFAOYNA-N,-8.724
IGF1R,c_MET1112,mut_s1,detail,1,119,VRMMQHDQMURNDV-PGYIFSQXNA-N,-6.764
IGF1R,c_MET1112,mut_s1,detail,1,120,FHGICQLRHVZVCW-TWSYTRIPNA-N,-7.281
IGF1R,c_MET1112,mut_s1,detail,1,121,WWZHRJDMAZBTGY-WYUMXYHSNA-N,-7.71
IGF1R,c_MET1112,mut_s1,detail,1,122,GXHBBVOBKJURCM-UHFFFAOYNA-N,-7.598
IGF1R,c_MET1112,mut_s1,detail,1,123,GKJWYULRCHAYTN-UYBDAZJANA-N,-7.987
IGF1R,c_MET1112,mut_s1,detail,1,124,LJFRBCQBJFKUBA-LILDFLRNNA-N,-9.411
IGF1R,c_MET1112,mut_s1,detail,1,125,JGJYHHGYTXVQLH-MZSCVVMKNA-N,-7.315
IGF1R,c_MET1112,mut_s1,detail,1,126,WJPDMYDDAMHBSE-UZYVYHOENA-N,-9.109
IGF1R,c_MET1112,mut_s1,detail,1,127,GVOMJEIYRXTYCN-LILDFLRNNA-N,-8.148
IGF1R,c_MET1112,mut_s1,detail,1,128,LTZVLHHIAUKGBP-LELJVTLKNA-N,-8.123
IGF1R,c_MET1112,mut_s1,detail,1,129,FIKLOQNDPSVUGH-LBOYIXSDNA-N,-8.403
IGF1R,c_MET1112,mut_s1,detail,1,130,GIEJIAIRYKSRHU-MPIMZMORNA-N,-8.182
IGF1R,c_MET1112,mut_s1,detail,1,131,XFKYWJPYYRTYBR-ODOKVQCSNA-N,-7.779
IGF1R,c_MET1112,mut_s1,detail,1,132,PKSFLOGCPXWJIU-MEDUHNTENA-N,-8.861
IGF1R,c_MET1112,mut_s1,detail,1,133,JLHJTKOPNATISN-LELJVTLKNA-N,-7.903
IGF1R,c_MET1112,mut_s1,detail,1,134,GUBNROKMFNBDBZ-GRDNDAEWNA-N,-7.733
IGF1R,c_MET1112,mut_s1,detail,1,135,KGCQIOUZEREWDG-UHFFFAOYNA-N,-8.682
IGF1R,c_MET1112,mut_s1,detail,1,136,DWDHSAAOHLDDKE-QWOVJGMINA-N,-6.771
IGF1R,c_MET1112,mut_s1,detail,1,137,XSTAWOGBOKIKIE-UKZVOYCKNA-N,-8.195
IGF1R,c_MET1112,mut_s1,detail,1,138,OWXORKPNCHJYOF-JFRKDZMVNA-N,-8.331
IGF1R,c_MET1112,mut_s1,detail,1,139,MQOILMOKFLJWRN-KYCGMZMQNA-N,-9.1
IGF1R,c_MET1112,mut_s1,detail,1,140,BJROQKFYPRCGFD-LQFNOIFHNA-N,-9.006
IGF1R,c_MET1112,mut_s1,detail,1,141,PLWVUIRWJVKSSD-XBXARRHUNA-N,-8.048
IGF1R,c_MET1112,mut_s1,detail,1,142,HFWSIVHELHSGJY-JJIBRWJFNA-N,-7.765
IGF1R,c_MET1112,mut_s1,detail,1,143,QMHSEIOSCQWTPQ-LNNLXFCONA-N,-7.188
IGF1R,c_MET1112,mut_s1,detail,1,144,FBHVHCWHAVLWJT-OYSRHTCDNA-N,-7.097
IGF1R,c_MET1112,mut_s1,detail,1,145,CEZNOHQWEHKPJP-LQFNOIFHNA-N,-8.253
IGF1R,c_MET1112,mut_s1,detail,1,146,KOFRNRJMKWZBMR-RVJKNMGLNA-N,-7.849
IGF1R,c_MET1112,mut_s1,detail,1,147,PGPPCCZSDRAQKA-SYZQJQIINA-N,-7.362
IGF1R,c_MET1112,mut_s1,detail,1,148,VGUBMLBOECHPGN-MHEVPKQANA-N,-8.525
IGF1R,c_MET1112,mut_s1,detail,1,149,PCORSCGAGFGSSR-UHFFFAOYNA-N,-7.629
IGF1R,c_MET1112,mut_s1,detail,1,150,JGNCAWPKZCFGOI-BXGKXWMCNA-N,-9.345
IGF1R,c_MET1112,mut_s1,detail,1,151,ULONVLUMOUFCID-LNNLXFCONA-N,-9.063
IGF1R,c_MET1112,mut_s1,detail,1,152,HCPHOPNEKKCOEN-LNNLXFCONA-N,-8.288
IGF1R,c_MET1112,mut_s1,detail,1,153,OMJCCYYNBCJNOL-FVAMHUBNNA-N,-8.071
IGF1R,c_MET1112,mut_s1,detail,1,154,SZUCFANUUBSCPX-PJQSKVNONA-N,-8.604
IGF1R,c_MET1112,mut_s1,detail,1,155,QHLRKDSRGUZHSH-UHFFFAOYNA-N,-7.599
IGF1R,c_MET1112,mut_s1,detail,1,156,QUFUFSGGBADBIH-UHFFFAOYNA-N,-8.108
IGF1R,c_MET1112,mut_s1,detail,1,157,WPBGBXPZNCPYQB-UHFFFAOYNA-N,-8.476
IGF1R,c_MET1112,mut_s1,detail,1,158,BXVSKXWPXKQTOL-UHFFFAOYNA-N,-7.373
IGF1R,c_MET1112,mut_s1,detail,1,159,WNELYPHBVMGNQP-UHFFFAOYNA-N,-8.229
IGF1R,c_MET1112,mut_s1,detail,1,160,POOIONRPVWIUHF-LQFNOIFHNA-N,-7.598
IGF1R,c_MET1112,mut_s1,detail,1,161,NZPQBADYZFTGOT-UHFFFAOYNA-N,-7.659
IGF1R,c_MET1112,mut_s1,detail,1,162,MAOZUYDDGGFCKF-WFELUYCUNA-N,-8.021
IGF1R,c_MET1112,mut_s1,detail,1,163,PEANHJHNIYISMY-UHFFFAOYNA-N,-8.035
IGF1R,c_MET1112,mut_s1,detail,1,164,ABFVBWQMBVYWMV-UHFFFAOYNA-N,-8.102
IGF1R,c_MET1112,mut_s1,detail,1,165,UMUOTXHWTLGGIP-QWOVJGMINA-N,-8.47
IGF1R,c_MET1112,mut_s1,detail,1,166,NYVXKWVMQVVBRC-QWOVJGMINA-N,-8.231
IGF1R,c_MET1112,mut_s1,detail,1,167,OVGDAEHQLCSRDI-UHFFFAOYNA-N,-6.647
IGF1R,c_MET1112,mut_s1,detail,1,168,BZXWWWGSEIRPLV-UHFFFAOYNA-N,-7.512
IGF1R,c_MET1112,mut_s1,detail,1,169,FXGKAQHXFGXOPR-UHFFFAOYNA-N,-8.02
IGF1R,c_MET1112,mut_s1,detail,1,170,HVIXAPJIOPIFIY-UHFFFAOYNA-N,-6.902
IGF1R,c_MET1112,mut_s1,detail,1,171,LIRQEBOXUUPWJJ-LNNLXFCONA-N,-8.909
IGF1R,c_MET1112,mut_s1,detail,1,172,ZDIIOUBKRSIUED-LQFNOIFHNA-N,-8.091
IGF1R,c_MET1112,mut_s1,detail,1,173,LTWUSAKSGJMCRY-UHFFFAOYNA-N,-8.521
IGF1R,c_MET1112,mut_s1,detail,1,174,PNDIKCGLYJOYIK-UYBDAZJANA-N,-8.018
IGF1R,c_MET1112,mut_s1,detail,1,175,MGSHIAIRIYECSG-MPIMZMORNA-N,-7.162
IGF1R,c_MET1112,mut_s1,detail,1,176,MVWYIUZSZIETFZ-KYUNMXQPNA-N,-9.166
IGF1R,c_MET1112,mut_s1,detail,1,177,XGTOSEODMLDCBR-UHFFFAOYNA-N,-7.365
IGF1R,c_MET1112,mut_s1,detail,1,178,NYHRLEZMHRGFLZ-UYBDAZJANA-N,-7.765
IGF1R,c_MET1112,mut_s1,detail,1,179,KZGNFRGGQVBHRV-UHFFFAOYNA-N,-8.824
IGF1R,c_MET1112,mut_s1,detail,1,180,SXXXSTPMDGKOCH-LQFNOIFHNA-N,-8.648
IGF1R,c_MET1112,mut_s1,detail,1,181,VJGFWNZWHKBDNN-HPHMPNDVNA-N,-7.721
IGF1R,c_MET1112,mut_s1,detail,1,182,SBLZEXLDNURADT-LELJVTLKNA-N,-7.273
IGF1R,c_MET1112,mut_s1,detail,1,183,OINVQDVVQWTWJM-YNGZFIAGNA-N,-8.213
IGF1R,c_MET1112,mut_s1,detail,1,184,RJZHELXWHJKNAM-NPVYFSBINA-N,-8.003
IGF1R,c_MET1112,mut_s1,detail,1,185,MAXGWTGCLOXELV-UHFFFAOYNA-N,-8.796
IGF1R,c_MET1112,mut_s1,detail,1,186,PNHBRYIAJCYNDA-VQCQRNETNA-N,-9.853
IGF1R,c_MET1112,mut_s1,detail,1,187,QGZIKUYIROAFSE-QWOVJGMINA-N,-7.911
IGF1R,c_MET1112,mut_s1,detail,1,188,QTIJDOJTNOHQTC-WQGACYEGNA-N,-8.138
IGF1R,c_MET1112,mut_s1,detail,1,189,OMLLGNQJKXQVKT-TUXCJRKWNA-N,-7.9
IGF1R,c_MET1112,mut_s1,detail,1,190,FNLHLKPQZWPTTK-UHFFFAOYNA-N,-8.204
IGF1R,c_MET1112,mut_s1,detail,1,191,XBPLTFIKHVYSDD-UHFFFAOYNA-N,-8.907
IGF1R,c_MET1112,mut_s1,detail,1,192,VEXPKIRCYBYITI-BEFZCSJLNA-N,-10.633
IGF1R,c_MET1112,mut_s1,detail,1,193,WDVQKHWASUJMRH-LNNLXFCONA-N,-9.122
IGF1R,c_MET1112,mut_s1,detail,1,194,DAUHEXDIKFZUFM-BZCDMSEBNA-N,-8.913
IGF1R,c_MET1112,mut_s1,detail,1,195,HCFHHWIWTWPKFH-UHFFFAOYNA-N,-7.565
IGF1R,c_MET1112,mut_s1,detail,1,196,PIFJHAXQZFBLCQ-ZVBCKELPNA-N,-8.609
IGF1R,c_MET1112,mut_s1,detail,1,197,CGBYUWXVJWRJIR-LLJNPURJNA-N,-8.077
IGF1R,c_MET1112,mut_s1,detail,1,198,CLHNZVNBTRJSNX-NSJMMFDCNA-N,-8.547
IGF1R,c_MET1112,mut_s1,detail,1,199,JKMJQRRLCJXPOK-SREBMQDQNA-N,-8.44
IGF1R,c_MET1112,mut_s1,detail,1,200,HHXLRWIDFFFFKX-LELJVTLKNA-N,-8.341
IGF1R,c_MET1112,mut_s1,detail,1,201,BZCFDJGFEXLRFA-NYHNBARNNA-N,-9.465
IGF1R,c_MET1112,mut_s1,detail,1,202,IEZNLWGERBHQJK-KEAFGAQVNA-N,-9.131
IGF1R,c_MET1112,mut_s1,detail,1,203,ZBJYTLVBCAOWHI-PKRZOPRNNA-N,-8.391
IGF1R,c_MET1112,mut_s1,detail,1,204,FGMQRSXQOIDDJD-PKRZOPRNNA-N,-8.21
IGF1R,c_MET1112,mut_s1,detail,1,205,XDGHTBHPIPZHLJ-KMZMRBKQNA-N,-9.609
IGF1R,c_MET1112,mut_s1,detail,1,206,WSGZHZGDPVCVHF-UHFFFAOYNA-N,-9.978
IGF1R,c_MET1112,mut_s1,detail,1,207,HXWAXUQSZMRTTE-YLBMWQQONA-N,-8.501
IGF1R,c_MET1112,mut_s1,detail,1,208,FCZVXTBFAYFUHQ-UHFFFAOYNA-N,-9.814
IGF1R,c_MET1112,mut_s1,detail,1,209,YAZOIIMRVUPEOT-DHDJHLBQNA-N,-7.679
IGF1R,c_MET1112,mut_s1,detail,1,210,KVNQZVOXEZCBRJ-PECRYQBZNA-N,-8.263
IGF1R,c_MET1112,mut_s1,detail,1,211,IYBSHHORKOCFKZ-LNNLXFCONA-N,-8.94
IGF1R,c_MET1112,mut_s1,detail,1,212,RSTMZFOEDVJAHN-OXBUWGKVNA-N,-8.553
IGF1R,c_MET1112,mut_s1,detail,1,213,NYWCANYSFKVUNN-UHFFFAOYNA-N,-8.229
IGF1R,c_MET1112,mut_s1,detail,1,214,XFQNPVRVZXSQSI-IVGLCWOSNA-N,-9.351
IGF1R,c_MET1112,mut_s1,detail,1,215,HXGZQYVBZUMUDK-HXTKINSTNA-N,-8.259
IGF1R,c_MET1112,mut_s1,detail,1,216,BKWBUUYCHYLRLF-NSJMMFDCNA-N,-7.704
IGF1R,c_MET1112,mut_s1,detail,1,217,JRRKWFRTDFOWAB-XDUJAMRANA-N,-7.939
IGF1R,c_MET1112,mut_s1,detail,1,218,FPOLFSCTFRBBHI-QGZVFWFLNA-N,-8.923
IGF1R,c_MET1112,mut_s1,detail,1,219,RPPDOGWFJZOEQX-LVWGJNHUNA-N,-6.834
IGF1R,c_MET1112,mut_s1,detail,1,220,JYOPBQURUBDKLK-LELJVTLKNA-N,-8.49
IGF1R,c_MET1112,mut_s1,detail,1,221,LNENLABLFGGAFF-INUABGGHNA-N,-9.061
IGF1R,c_MET1112,mut_s1,detail,1,222,BAQVKFUOCGTGBI-FCDIKQFGNA-N,-9.681
IGF1R,c_MET1112,mut_s1,detail,1,223,SYJAKTNXXAWUQU-BYGYBERANA-N,-8.074
IGF1R,c_MET1112,mut_s1,detail,1,224,KCFZFOHSAGLLGQ-LUBWAWCANA-N,-8.303
IGF1R,c_MET1112,mut_s1,detail,1,225,LDJWHJQMWPYZLV-WHDAICOONA-N,-8.89
IGF1R,c_MET1112,mut_s1,detail,1,226,AXUDSCZCBZMENI-UHFFFAOYNA-N,-8.115
IGF1R,c_MET1112,mut_s1,detail,1,227,DDXHLMOKYYMXTK-OBAATPRFNA-N,-8.009
IGF1R,c_MET1112,mut_s1,detail,1,228,KTOSTKQYNJBYHF-PKOBYXMFNA-N,-8.619
IGF1R,c_MET1112,mut_s1,detail,1,229,ZCFWJPJEBJVXTO-UHFFFAOYNA-N,-10.192
IGF1R,c_MET1112,mut_s1,detail,1,230,NJVFOFMHUJJIMB-UHFFFAOYNA-N,-9.302
IGF1R,c_MET1112,mut_s1,detail,1,231,XUEQVOGPWKWKNT-XBXBPLPCNA-N,-7.763
IGF1R,c_MET1112,mut_s1,detail,1,232,MLFYMBALEIQTEJ-LBOYIXSDNA-N,-8.051
IGF1R,c_MET1112,mut_s1,detail,1,233,AETJFEZDSLASSU-XTEPFMGCNA-N,-8.832
IGF1R,c_MET1112,mut_s1,detail,1,234,GSNNWCVFRNINCY-UHFFFAOYNA-N,-9.233
IGF1R,c_MET1112,mut_s1,detail,1,235,UIHGNJALPXKJRE-UHFFFAOYNA-N,-9.457
IGF1R,c_MET1112,mut_s1,detail,1,236,BBUDWIYSLGTZTQ-SGMUJJOCNA-N,-8.909
IGF1R,c_MET1112,mut_s1,detail,1,237,CBYYNSKRRKXPFV-LELJVTLKNA-N,-8.068
IGF1R,c_MET1112,mut_s1,detail,1,238,NMFTXZYZNCQGNR-MTTPVDACNA-N,-8.946
IGF1R,c_MET1112,mut_s1,detail,1,239,QTKARDGAUMDUCL-LAEKOWRLNA-N,-9.947
IGF1R,c_MET1112,mut_s1,detail,1,240,VNEQUOUVFXAVMH-SANMLTNENA-N,-6.473
IGF1R,c_MET1112,mut_s1,detail,1,241,IJPPTSNWQLJFSU-LNNLXFCONA-N,-8.3
IGF1R,c_MET1112,mut_s1,detail,1,242,DJQIFFIREHYQCT-OSPHWJPCNA-N,-8.651
IGF1R,c_MET1112,mut_s1,detail,1,243,KOZFSFOOLUUIGY-SLMOLSELNA-N,-9.592
IGF1R,c_MET1112,mut_s1,detail,1,244,WILPFKVTYXJQQV-ZMCXWUQGNA-N,-8.31
IGF1R,c_MET1112,mut_s1,detail,1,245,NZELHCGEQZMIBB-UHFFFAOYNA-N,-8.699
IGF1R,c_MET1112,mut_s1,detail,1,246,VKGWONFLJDZUKM-NSJMMFDCNA-N,-8.53
IGF1R,c_MET1112,mut_s1,detail,1,247,XUHSVEXCUONJNQ-PMERELPUNA-N,-7.531
IGF1R,c_MET1112,mut_s1,detail,1,248,ZFOAPODMCDEDHA-UHFFFAOYNA-N,-8.753
IGF1R,c_MET1112,mut_s1,detail,1,249,PZCSJBQJENRLHD-ULJJZXAINA-N,-8.032
IGF1R,c_MET1112,mut_s1,detail,1,250,IOSLXICJNAAKOP-ZFJUVRDGNA-N,-8.259
IGF1R,c_MET1112,mut_s1,detail,1,251,HUDCDZLLNLJTEW-RBSQRGBYNA-N,-8.86
IGF1R,c_MET1112,mut_s1,detail,1,252,IKUATMHYCWRCHC-XUIBWRPBNA-N,-8.823
IGF1R,c_MET1112,mut_s1,detail,1,253,HCEYJYMNIQHPPK-WKJNMVSGNA-N,-9.115
IGF1R,c_MET1112,mut_s1,detail,1,254,ZLEIPSPWAZJWJP-DHDJHLBQNA-N,-8.662
IGF1R,c_MET1112,mut_s1,detail,1,255,ZKDQUBKHXMXRRH-KUWNNRQRNA-N,-9.733
IGF1R,c_LEU975,mut_s1,detail,1,0,QGXBDMJGAMFCBF-WRZMNKJANA-N,-8.085
IGF1R,c_LEU975,mut_s1,detail,1,1,XZORRJGRPUBUJO-UHFFFAOYNA-N,-6.577
IGF1R,c_LEU975,mut_s1,detail,1,2,RIOOLQVLOZQLQJ-CYBMUJFWNA-N,-6.043
IGF1R,c_LEU975,mut_s1,detail,1,3,JMAMZIYMGUDBDZ-YAQRNVERNA-N,-6.538
IGF1R,c_LEU975,mut_s1,detail,1,4,SOHFVFXITPDEDK-GMNMMWFNNA-N,-6.914
IGF1R,c_LEU975,mut_s1,detail,1,5,HQPUBFWUNXGPNP-FECSGLDJNA-N,-5.984
IGF1R,c_LEU975,mut_s1,detail,1,6,URSPNXKDALRRBJ-FQFUPTBWNA-N,-7.154
IGF1R,c_LEU975,mut_s1,detail,1,7,MALHKRCDHFAKIM-GPQMBLKYNA-N,-7.236
IGF1R,c_LEU975,mut_s1,detail,1,8,VDGCRTGHEWIBAL-YAQRNVERNA-N,-6.904
IGF1R,c_LEU975,mut_s1,detail,1,9,VOWBZMVBYGELAY-UHFFFAOYNA-N,-7.51
IGF1R,c_LEU975,mut_s1,detail,1,10,GKBJOMPRUSWVJA-UHFFFAOYNA-N,-6.482
IGF1R,c_LEU975,mut_s1,detail,1,11,RQLXWVPRGJJWEK-BFHABQRXNA-N,-7.011
IGF1R,c_LEU975,mut_s1,detail,1,12,OQWMEUSTXXVVIU-NWANDNLSNA-N,-5.475
IGF1R,c_LEU975,mut_s1,detail,1,13,SVIIYVRLTJRIIR-UHFFFAOYNA-N,-6.41
IGF1R,c_LEU975,mut_s1,detail,1,14,XIQVFMHGZHWKNA-LILDFLRNNA-N,-7.966
IGF1R,c_LEU975,mut_s1,detail,1,15,ABQUFQQMQCPHOH-NCWAPJAINA-N,-7.012
IGF1R,c_LEU975,mut_s1,detail,1,16,BNGLUFUDMHHURB-UYBDAZJANA-N,-7.75
IGF1R,c_LEU975,mut_s1,detail,1,17,JXAGPFSGJKRKBY-UHFFFAOYNA-N,-7.75
IGF1R,c_LEU975,mut_s1,detail,1,18,DINPOPQNCDTVPQ-YGPBECBDNA-N,-7.007
IGF1R,c_LEU975,mut_s1,detail,1,19,FUMDYIGQJOCQBC-UHFFFAOYNA-N,-7.265
IGF1R,c_LEU975,mut_s1,detail,1,20,GLEVLJDDWXEYCO-WYUMXYHSNA-N,-7.223
IGF1R,c_LEU975,mut_s1,detail,1,21,PWCMYVJXHPBJNZ-FSHPWJEWNA-N,-6.293
IGF1R,c_LEU975,mut_s1,detail,1,22,CLPZQGXGPKJOMN-XWKXFZRBNA-N,-6.784
IGF1R,c_LEU975,mut_s1,detail,1,23,UFUOEKYHBCFTGW-RWJRRMEYNA-N,-6.889
IGF1R,c_LEU975,mut_s1,detail,1,24,CMNIOKDUTCZQJB-NDKGDYFDNA-N,-6.545
IGF1R,c_LEU975,mut_s1,detail,1,25,ZVNPQHHQIVQYPI-ZHACJKMWNA-N,-9.101
IGF1R,c_LEU975,mut_s1,detail,1,26,HHPYZGCOAAJZTN-NKWLYDBFNA-N,-7.252
IGF1R,c_LEU975,mut_s1,detail,1,27,ANYSYRVXKLTFPB-UHFFFAOYNA-N,-7.477
IGF1R,c_LEU975,mut_s1,detail,1,28,JISYUXULRDZARX-HCKMINDGNA-N,-7.31
IGF1R,c_LEU975,mut_s1,detail,1,29,VTLWDCDAVLVOHR-HCKMINDGNA-N,-8.086
IGF1R,c_LEU975,mut_s1,detail,1,30,BBMWNEXSYXLWEO-WYUMXYHSNA-N,-6.54
IGF1R,c_LEU975,mut_s1,detail,1,31,WZGCZUAYIBWZAN-YHSKDTNENA-N,-7.397
IGF1R,c_LEU975,mut_s1,detail,1,32,RVNORUCXEIIROU-UHFFFAOYNA-N,-8.018
IGF1R,c_LEU975,mut_s1,detail,1,33,ZTJZVOMEMRNYKF-JSGPKCTENA-N,-6.298
IGF1R,c_LEU975,mut_s1,detail,1,34,WQKOQOZXZQJNRC-GPQMBLKYNA-N,-7.817
IGF1R,c_LEU975,mut_s1,detail,1,35,WKLBCLNIAGUINH-GAJRPKRDNA-N,-6.835
IGF1R,c_LEU975,mut_s1,detail,1,36,ZVOVGLCUMDQIHF-VPQZEOPVNA-N,-6.603
IGF1R,c_LEU975,mut_s1,detail,1,37,UGKZABQBFUBOFG-WDFGQQGSNA-N,-6.713
IGF1R,c_LEU975,mut_s1,detail,1,38,RTJRNIJPLOVJLH-WYUMXYHSNA-N,-6.494
IGF1R,c_LEU975,mut_s1,detail,1,39,MUJCQGFFHCARCQ-UYBDAZJANA-N,-8.996
IGF1R,c_LEU975,mut_s1,detail,1,40,FZSPJBYOKQPKCD-VIFPVBQENA-N,-6.238
IGF1R,c_LEU975,mut_s1,detail,1,41,RWPHPOMFTPAOAS-JLGFQASFNA-N,-7.593
IGF1R,c_LEU975,mut_s1,detail,1,42,ZXVNJVRABSCRGU-GPQMBLKYNA-N,-7.361
IGF1R,c_LEU975,mut_s1,detail,1,43,KZAOEMMZRGEBST-OOGKJWBGNA-N,-7.667
IGF1R,c_LEU975,mut_s1,detail,1,44,NEIVPRTZAHUZEA-WYUMXYHSNA-N,-6.292
IGF1R,c_LEU975,mut_s1,detail,1,45,PYKJFEPAUKAXNN-UHFFFAOYNA-N,-7.407
IGF1R,c_LEU975,mut_s1,detail,1,46,BPUNDQLKPUIGBR-GPQMBLKYNA-N,-6.743
IGF1R,c_LEU975,mut_s1,detail,1,47,WDFLSTQJUFMIIW-UHFFFAOYNA-N,-7.689
IGF1R,c_LEU975,mut_s1,detail,1,48,BJLQEYLWUSSEKH-CMPMBVLYNA-N,-7.236
IGF1R,c_LEU975,mut_s1,detail,1,49,HZUGIOKMHRUHMF-ADJYBIKJNA-N,-7.225
IGF1R,c_LEU975,mut_s1,detail,1,50,PBWQQQLCZDQSET-XWKXFZRBNA-N,-6.645
IGF1R,c_LEU975,mut_s1,detail,1,51,ISSLSGLIFQSYJA-HCKMINDGNA-N,-7.629
IGF1R,c_LEU975,mut_s1,detail,1,52,OAXDEJIQWHXCJI-UHFFFAOYNA-N,-6.362
IGF1R,c_LEU975,mut_s1,detail,1,53,BCJVFDDJSOEKKQ-UHFFFAOYNA-N,-7.311
IGF1R,c_LEU975,mut_s1,detail,1,54,QFJGCDWXDUDFAD-UHFFFAOYNA-N,-8.545
IGF1R,c_LEU975,mut_s1,detail,1,55,JVBGNPPYXIWVPH-WYCIUFAENA-N,-5.527
IGF1R,c_LEU975,mut_s1,detail,1,56,BYJAVTDNIXVSPW-YHMJCDSINA-N,-6.554
IGF1R,c_LEU975,mut_s1,detail,1,57,MQGMUPFWCDYDFO-UHFFFAOYNA-N,-7.161
IGF1R,c_LEU975,mut_s1,detail,1,58,OACAJASVXJLTAT-UHFFFAOYNA-N,-7.009
IGF1R,c_LEU975,mut_s1,detail,1,59,AQSGGOLDOQGOAO-FNCQTZNRNA-N,-6.287
IGF1R,c_LEU975,mut_s1,detail,1,60,SOBHKZHLCOJHTI-YHMJCDSINA-N,-7.448
IGF1R,c_LEU975,mut_s1,detail,1,61,NUFCOZJTDHUROG-PKGMMKRDNA-N,-6.824
IGF1R,c_LEU975,mut_s1,detail,1,62,KZTOUMBNPVCTLR-GFJIPZKJNA-N,-8.634
IGF1R,c_LEU975,mut_s1,detail,1,63,CLEMZXMGJNNUTH-LILDFLRNNA-N,-8.996
IGF1R,c_LEU975,mut_s1,detail,1,64,MXRJUMCOVVUCLC-UHFFFAOYNA-N,-8.509
IGF1R,c_LEU975,mut_s1,detail,1,65,HZDIAENSPHDHRS-UHFFFAOYNA-N,-7.231
IGF1R,c_LEU975,mut_s1,detail,1,66,CHDODAJYQOTMTK-PKSOQXRJNA-N,-8.0
IGF1R,c_LEU975,mut_s1,detail,1,67,VRFRJWXCOPEIII-QWOVJGMINA-N,-7.733
IGF1R,c_LEU975,mut_s1,detail,1,68,WTOLVFBACFWUSN-QGOAFFKANA-N,-8.656
IGF1R,c_LEU975,mut_s1,detail,1,69,KDJZDSPTXVFGOF-NPVYFSBINA-N,-8.649
IGF1R,c_LEU975,mut_s1,detail,1,70,MUXXNOOBECTQPY-UHFFFAOYNA-N,-6.696
IGF1R,c_LEU975,mut_s1,detail,1,71,OBUUPTPELQALTE-UYBDAZJANA-N,-7.373
IGF1R,c_LEU975,mut_s1,detail,1,72,FKOXOEKZVRISIU-NPVYFSBINA-N,-7.487
IGF1R,c_LEU975,mut_s1,detail,1,73,ZOKNKPRORGNRMQ-BXBDENJDNA-N,-7.176
IGF1R,c_LEU975,mut_s1,detail,1,74,KWJAZTNSKVNVEC-UHFFFAOYNA-N,-7.248
IGF1R,c_LEU975,mut_s1,detail,1,75,RPBVHEVTQXVWDL-NGZNMCPLNA-N,-8.872
IGF1R,c_LEU975,mut_s1,detail,1,76,ZSKKLMIULIVRSI-QWOVJGMINA-N,-7.316
IGF1R,c_LEU975,mut_s1,detail,1,77,VLKGZJJKNXFENI-LILDFLRNNA-N,-7.311
IGF1R,c_LEU975,mut_s1,detail,1,78,NCKZVQLIUXCUQF-UHFFFAOYNA-N,-6.423
IGF1R,c_LEU975,mut_s1,detail,1,79,TYYOBUBDDDDKPC-UHFFFAOYNA-N,-7.809
IGF1R,c_LEU975,mut_s1,detail,1,80,AQMRDIZFWYYMBQ-QWOVJGMINA-N,-8.785
IGF1R,c_LEU975,mut_s1,detail,1,81,IVRPZSQLORCONO-UHFFFAOYNA-N,-8.122
IGF1R,c_LEU975,mut_s1,detail,1,82,IRNFLRZZSCRLSQ-NPVYFSBINA-N,-8.451
IGF1R,c_LEU975,mut_s1,detail,1,83,UUMBQVLEWSWSOO-GPQMBLKYNA-N,-8.238
IGF1R,c_LEU975,mut_s1,detail,1,84,ASCHVCPAOUSKIZ-GPQMBLKYNA-N,-8.429
IGF1R,c_LEU975,mut_s1,detail,1,85,NVGGHEIBFBOAHY-UHFFFAOYNA-N,-9.487
IGF1R,c_LEU975,mut_s1,detail,1,86,JIOIPFWJCUUZEU-PKSOQXRJNA-N,-8.024
IGF1R,c_LEU975,mut_s1,detail,1,87,RGAJQRZKKQXIEQ-XBTAAFKLNA-N,-6.221
IGF1R,c_LEU975,mut_s1,detail,1,88,DOVBELPPXZSOPX-UHFFFAOYNA-N,-8.088
IGF1R,c_LEU975,mut_s1,detail,1,89,VFOWTBWNNOVCPH-WJDWOHSUNA-N,-7.677
IGF1R,c_LEU975,mut_s1,detail,1,90,HKWNGVFHUCRTTQ-QVUQFMIFNA-N,-8.615
IGF1R,c_LEU975,mut_s1,detail,1,91,VPMBMFYJJPEBKS-XBTAAFKLNA-N,-8.127
IGF1R,c_LEU975,mut_s1,detail,1,92,OPIXMYPGGYYGRV-PKSOQXRJNA-N,-7.59
IGF1R,c_LEU975,mut_s1,detail,1,93,ASWFTNOPBUOHSG-UHFFFAOYNA-N,-8.747
IGF1R,c_LEU975,mut_s1,detail,1,94,YIFJQOSOEFTEHM-QWOVJGMINA-N,-7.67
IGF1R,c_LEU975,mut_s1,detail,1,95,CYRPZNLZOLVKKM-PKSOQXRJNA-N,-8.63
IGF1R,c_LEU975,mut_s1,detail,1,96,PSRSNNQFQFGFKV-QWOVJGMINA-N,-9.152
IGF1R,c_LEU975,mut_s1,detail,1,97,PSJJZUSBTGJHEC-WYUMXYHSNA-N,-6.526
IGF1R,c_LEU975,mut_s1,detail,1,98,RCTHTZYLLISDPT-VVKINWOJNA-N,-8.282
IGF1R,c_LEU975,mut_s1,detail,1,99,UNWANCHXNSSIJJ-PKSOQXRJNA-N,-7.751
IGF1R,c_LEU975,mut_s1,detail,1,100,OJBGHXIETMBPHZ-UHFFFAOYNA-N,-7.349
IGF1R,c_LEU975,mut_s1,detail,1,101,KNDRDFFUMNHLRJ-LILDFLRNNA-N,-8.33
IGF1R,c_LEU975,mut_s1,detail,1,102,PBGALVWBACEVEC-QWOVJGMINA-N,-8.759
IGF1R,c_LEU975,mut_s1,detail,1,103,SRLVRCUUJBEIBP-UHFFFAOYNA-N,-7.515
IGF1R,c_LEU975,mut_s1,detail,1,104,UVGHDRGQXQVMNW-UHFFFAOYNA-N,-7.469
IGF1R,c_LEU975,mut_s1,detail,1,105,YIUJUFFZJHPDAY-SDRQFZCRNA-N,-7.726
IGF1R,c_LEU975,mut_s1,detail,1,106,UYPODJSKAAJGNR-UYBDAZJANA-N,-7.737
IGF1R,c_LEU975,mut_s1,detail,1,107,YWMYHDFGDRTCPV-BXGKXWMCNA-N,-8.422
IGF1R,c_LEU975,mut_s1,detail,1,108,RPVJOFUOUDWRGV-LILDFLRNNA-N,-8.319
IGF1R,c_LEU975,mut_s1,detail,1,109,LUKGDWAOTYXHEM-XBTAAFKLNA-N,-8.256
IGF1R,c_LEU975,mut_s1,detail,1,110,CHJMEHVGESAPSR-UHFFFAOYNA-N,-7.481
IGF1R,c_LEU975,mut_s1,detail,1,111,JDZNTGMSMHYYCY-NPVYFSBINA-N,-8.713
IGF1R,c_LEU975,mut_s1,detail,1,112,CRZKGBDGHDTLNN-UHFFFAOYNA-N,-6.686
IGF1R,c_LEU975,mut_s1,detail,1,113,ALLYNSCMTRSFNH-UHFFFAOYNA-N,-7.948
IGF1R,c_LEU975,mut_s1,detail,1,114,HTVVQAPUWGNILV-PKSOQXRJNA-N,-7.86
IGF1R,c_LEU975,mut_s1,detail,1,115,HEKHUTSUFJPTQY-UHFFFAOYNA-N,-8.971
IGF1R,c_LEU975,mut_s1,detail,1,116,ZTTIICUFHXUACO-HNENSFHCNA-N,-7.459
IGF1R,c_LEU975,mut_s1,detail,1,117,GYJDRNKSYOJANZ-QVUQFMIFNA-N,-8.958
IGF1R,c_LEU975,mut_s1,detail,1,118,QSBMVUOOXXRNFY-UHFFFAOYNA-N,-7.811
IGF1R,c_LEU975,mut_s1,detail,1,119,VRMMQHDQMURNDV-PGYIFSQXNA-N,-6.666
IGF1R,c_LEU975,mut_s1,detail,1,120,FHGICQLRHVZVCW-TWSYTRIPNA-N,-9.171
IGF1R,c_LEU975,mut_s1,detail,1,121,WWZHRJDMAZBTGY-WYUMXYHSNA-N,-8.019
IGF1R,c_LEU975,mut_s1,detail,1,122,GXHBBVOBKJURCM-UHFFFAOYNA-N,-6.989
IGF1R,c_LEU975,mut_s1,detail,1,123,GKJWYULRCHAYTN-UYBDAZJANA-N,-8.273
IGF1R,c_LEU975,mut_s1,detail,1,124,LJFRBCQBJFKUBA-LILDFLRNNA-N,-9.124
IGF1R,c_LEU975,mut_s1,detail,1,125,JGJYHHGYTXVQLH-MZSCVVMKNA-N,-7.428
IGF1R,c_LEU975,mut_s1,detail,1,126,WJPDMYDDAMHBSE-UZYVYHOENA-N,-8.755
IGF1R,c_LEU975,mut_s1,detail,1,127,GVOMJEIYRXTYCN-LILDFLRNNA-N,-8.303
IGF1R,c_LEU975,mut_s1,detail,1,128,LTZVLHHIAUKGBP-LELJVTLKNA-N,-7.925
IGF1R,c_LEU975,mut_s1,detail,1,129,FIKLOQNDPSVUGH-LBOYIXSDNA-N,-7.349
IGF1R,c_LEU975,mut_s1,detail,1,130,GIEJIAIRYKSRHU-MPIMZMORNA-N,-8.805
IGF1R,c_LEU975,mut_s1,detail,1,131,XFKYWJPYYRTYBR-ODOKVQCSNA-N,-7.851
IGF1R,c_LEU975,mut_s1,detail,1,132,PKSFLOGCPXWJIU-MEDUHNTENA-N,-7.888
IGF1R,c_LEU975,mut_s1,detail,1,133,JLHJTKOPNATISN-LELJVTLKNA-N,-7.725
IGF1R,c_LEU975,mut_s1,detail,1,134,GUBNROKMFNBDBZ-GRDNDAEWNA-N,-7.813
IGF1R,c_LEU975,mut_s1,detail,1,135,KGCQIOUZEREWDG-UHFFFAOYNA-N,-8.536
IGF1R,c_LEU975,mut_s1,detail,1,136,DWDHSAAOHLDDKE-QWOVJGMINA-N,-7.265
IGF1R,c_LEU975,mut_s1,detail,1,137,XSTAWOGBOKIKIE-UKZVOYCKNA-N,-7.99
IGF1R,c_LEU975,mut_s1,detail,1,138,OWXORKPNCHJYOF-JFRKDZMVNA-N,-8.414
IGF1R,c_LEU975,mut_s1,detail,1,139,MQOILMOKFLJWRN-KYCGMZMQNA-N,-8.894
IGF1R,c_LEU975,mut_s1,detail,1,140,BJROQKFYPRCGFD-LQFNOIFHNA-N,-8.542
IGF1R,c_LEU975,mut_s1,detail,1,141,PLWVUIRWJVKSSD-XBXARRHUNA-N,-7.977
IGF1R,c_LEU975,mut_s1,detail,1,142,HFWSIVHELHSGJY-JJIBRWJFNA-N,-7.106
IGF1R,c_LEU975,mut_s1,detail,1,143,QMHSEIOSCQWTPQ-LNNLXFCONA-N,-7.243
IGF1R,c_LEU975,mut_s1,detail,1,144,FBHVHCWHAVLWJT-OYSRHTCDNA-N,-7.041
IGF1R,c_LEU975,mut_s1,detail,1,145,CEZNOHQWEHKPJP-LQFNOIFHNA-N,-8.752
IGF1R,c_LEU975,mut_s1,detail,1,146,KOFRNRJMKWZBMR-RVJKNMGLNA-N,-7.53
IGF1R,c_LEU975,mut_s1,detail,1,147,PGPPCCZSDRAQKA-SYZQJQIINA-N,-6.843
IGF1R,c_LEU975,mut_s1,detail,1,148,VGUBMLBOECHPGN-MHEVPKQANA-N,-8.322
IGF1R,c_LEU975,mut_s1,detail,1,149,PCORSCGAGFGSSR-UHFFFAOYNA-N,-5.646
IGF1R,c_LEU975,mut_s1,detail,1,150,JGNCAWPKZCFGOI-BXGKXWMCNA-N,-9.553
IGF1R,c_LEU975,mut_s1,detail,1,151,ULONVLUMOUFCID-LNNLXFCONA-N,-9.083
IGF1R,c_LEU975,mut_s1,detail,1,152,HCPHOPNEKKCOEN-LNNLXFCONA-N,-8.797
IGF1R,c_LEU975,mut_s1,detail,1,153,OMJCCYYNBCJNOL-FVAMHUBNNA-N,-7.503
IGF1R,c_LEU975,mut_s1,detail,1,154,SZUCFANUUBSCPX-PJQSKVNONA-N,-8.843
IGF1R,c_LEU975,mut_s1,detail,1,155,QHLRKDSRGUZHSH-UHFFFAOYNA-N,-7.462
IGF1R,c_LEU975,mut_s1,detail,1,156,QUFUFSGGBADBIH-UHFFFAOYNA-N,-7.794
IGF1R,c_LEU975,mut_s1,detail,1,157,WPBGBXPZNCPYQB-UHFFFAOYNA-N,-7.844
IGF1R,c_LEU975,mut_s1,detail,1,158,BXVSKXWPXKQTOL-UHFFFAOYNA-N,-7.592
IGF1R,c_LEU975,mut_s1,detail,1,159,WNELYPHBVMGNQP-UHFFFAOYNA-N,-8.423
IGF1R,c_LEU975,mut_s1,detail,1,160,POOIONRPVWIUHF-LQFNOIFHNA-N,-7.834
IGF1R,c_LEU975,mut_s1,detail,1,161,NZPQBADYZFTGOT-UHFFFAOYNA-N,-7.523
IGF1R,c_LEU975,mut_s1,detail,1,162,MAOZUYDDGGFCKF-WFELUYCUNA-N,-8.008
IGF1R,c_LEU975,mut_s1,detail,1,163,PEANHJHNIYISMY-UHFFFAOYNA-N,-7.892
IGF1R,c_LEU975,mut_s1,detail,1,164,ABFVBWQMBVYWMV-UHFFFAOYNA-N,-7.604
IGF1R,c_LEU975,mut_s1,detail,1,165,UMUOTXHWTLGGIP-QWOVJGMINA-N,-8.441
IGF1R,c_LEU975,mut_s1,detail,1,166,NYVXKWVMQVVBRC-QWOVJGMINA-N,-8.226
IGF1R,c_LEU975,mut_s1,detail,1,167,OVGDAEHQLCSRDI-UHFFFAOYNA-N,-6.672
IGF1R,c_LEU975,mut_s1,detail,1,168,BZXWWWGSEIRPLV-UHFFFAOYNA-N,-7.435
IGF1R,c_LEU975,mut_s1,detail,1,169,FXGKAQHXFGXOPR-UHFFFAOYNA-N,-8.793
IGF1R,c_LEU975,mut_s1,detail,1,170,HVIXAPJIOPIFIY-UHFFFAOYNA-N,-7.017
IGF1R,c_LEU975,mut_s1,detail,1,171,LIRQEBOXUUPWJJ-LNNLXFCONA-N,-8.63
IGF1R,c_LEU975,mut_s1,detail,1,172,ZDIIOUBKRSIUED-LQFNOIFHNA-N,-8.541
IGF1R,c_LEU975,mut_s1,detail,1,173,LTWUSAKSGJMCRY-UHFFFAOYNA-N,-8.363
IGF1R,c_LEU975,mut_s1,detail,1,174,PNDIKCGLYJOYIK-UYBDAZJANA-N,-8.454
IGF1R,c_LEU975,mut_s1,detail,1,175,MGSHIAIRIYECSG-MPIMZMORNA-N,-7.043
IGF1R,c_LEU975,mut_s1,detail,1,176,MVWYIUZSZIETFZ-KYUNMXQPNA-N,-7.517
IGF1R,c_LEU975,mut_s1,detail,1,177,XGTOSEODMLDCBR-UHFFFAOYNA-N,-6.972
IGF1R,c_LEU975,mut_s1,detail,1,178,NYHRLEZMHRGFLZ-UYBDAZJANA-N,-7.824
IGF1R,c_LEU975,mut_s1,detail,1,179,KZGNFRGGQVBHRV-UHFFFAOYNA-N,-8.123
IGF1R,c_LEU975,mut_s1,detail,1,180,SXXXSTPMDGKOCH-LQFNOIFHNA-N,-8.768
IGF1R,c_LEU975,mut_s1,detail,1,181,VJGFWNZWHKBDNN-HPHMPNDVNA-N,-7.21
IGF1R,c_LEU975,mut_s1,detail,1,182,SBLZEXLDNURADT-LELJVTLKNA-N,-7.099
IGF1R,c_LEU975,mut_s1,detail,1,183,OINVQDVVQWTWJM-YNGZFIAGNA-N,-8.192
IGF1R,c_LEU975,mut_s1,detail,1,184,RJZHELXWHJKNAM-NPVYFSBINA-N,-7.094
IGF1R,c_LEU975,mut_s1,detail,1,185,MAXGWTGCLOXELV-UHFFFAOYNA-N,-9.037
IGF1R,c_LEU975,mut_s1,detail,1,186,PNHBRYIAJCYNDA-VQCQRNETNA-N,-10.202
IGF1R,c_LEU975,mut_s1,detail,1,187,QGZIKUYIROAFSE-QWOVJGMINA-N,-7.631
IGF1R,c_LEU975,mut_s1,detail,1,188,QTIJDOJTNOHQTC-WQGACYEGNA-N,-7.23
IGF1R,c_LEU975,mut_s1,detail,1,189,OMLLGNQJKXQVKT-TUXCJRKWNA-N,-8.881
IGF1R,c_LEU975,mut_s1,detail,1,190,FNLHLKPQZWPTTK-UHFFFAOYNA-N,-7.929
IGF1R,c_LEU975,mut_s1,detail,1,191,XBPLTFIKHVYSDD-UHFFFAOYNA-N,-8.796
IGF1R,c_LEU975,mut_s1,detail,1,192,VEXPKIRCYBYITI-BEFZCSJLNA-N,-11.252
IGF1R,c_LEU975,mut_s1,detail,1,193,WDVQKHWASUJMRH-LNNLXFCONA-N,-8.274
IGF1R,c_LEU975,mut_s1,detail,1,194,DAUHEXDIKFZUFM-BZCDMSEBNA-N,-8.769
IGF1R,c_LEU975,mut_s1,detail,1,195,HCFHHWIWTWPKFH-UHFFFAOYNA-N,-8.174
IGF1R,c_LEU975,mut_s1,detail,1,196,PIFJHAXQZFBLCQ-ZVBCKELPNA-N,-8.219
IGF1R,c_LEU975,mut_s1,detail,1,197,CGBYUWXVJWRJIR-LLJNPURJNA-N,-7.129
IGF1R,c_LEU975,mut_s1,detail,1,198,CLHNZVNBTRJSNX-NSJMMFDCNA-N,-8.243
IGF1R,c_LEU975,mut_s1,detail,1,199,JKMJQRRLCJXPOK-SREBMQDQNA-N,-8.528
IGF1R,c_LEU975,mut_s1,detail,1,200,HHXLRWIDFFFFKX-LELJVTLKNA-N,-7.911
IGF1R,c_LEU975,mut_s1,detail,1,201,BZCFDJGFEXLRFA-NYHNBARNNA-N,-9.853
IGF1R,c_LEU975,mut_s1,detail,1,202,IEZNLWGERBHQJK-KEAFGAQVNA-N,-10.004
IGF1R,c_LEU975,mut_s1,detail,1,203,ZBJYTLVBCAOWHI-PKRZOPRNNA-N,-7.471
IGF1R,c_LEU975,mut_s1,detail,1,204,FGMQRSXQOIDDJD-PKRZOPRNNA-N,-7.675
IGF1R,c_LEU975,mut_s1,detail,1,205,XDGHTBHPIPZHLJ-KMZMRBKQNA-N,-9.601
IGF1R,c_LEU975,mut_s1,detail,1,206,WSGZHZGDPVCVHF-UHFFFAOYNA-N,-9.887
IGF1R,c_LEU975,mut_s1,detail,1,207,HXWAXUQSZMRTTE-YLBMWQQONA-N,-7.827
IGF1R,c_LEU975,mut_s1,detail,1,208,FCZVXTBFAYFUHQ-UHFFFAOYNA-N,-9.524
IGF1R,c_LEU975,mut_s1,detail,1,209,YAZOIIMRVUPEOT-DHDJHLBQNA-N,-7.869
IGF1R,c_LEU975,mut_s1,detail,1,210,KVNQZVOXEZCBRJ-PECRYQBZNA-N,-8.155
IGF1R,c_LEU975,mut_s1,detail,1,211,IYBSHHORKOCFKZ-LNNLXFCONA-N,-8.743
IGF1R,c_LEU975,mut_s1,detail,1,212,RSTMZFOEDVJAHN-OXBUWGKVNA-N,-8.145
IGF1R,c_LEU975,mut_s1,detail,1,213,NYWCANYSFKVUNN-UHFFFAOYNA-N,-7.653
IGF1R,c_LEU975,mut_s1,detail,1,214,XFQNPVRVZXSQSI-IVGLCWOSNA-N,-9.306
IGF1R,c_LEU975,mut_s1,detail,1,215,HXGZQYVBZUMUDK-HXTKINSTNA-N,-8.06
IGF1R,c_LEU975,mut_s1,detail,1,216,BKWBUUYCHYLRLF-NSJMMFDCNA-N,-7.167
IGF1R,c_LEU975,mut_s1,detail,1,217,JRRKWFRTDFOWAB-XDUJAMRANA-N,-7.796
IGF1R,c_LEU975,mut_s1,detail,1,218,FPOLFSCTFRBBHI-QGZVFWFLNA-N,-8.494
IGF1R,c_LEU975,mut_s1,detail,1,219,RPPDOGWFJZOEQX-LVWGJNHUNA-N,-6.25
IGF1R,c_LEU975,mut_s1,detail,1,220,JYOPBQURUBDKLK-LELJVTLKNA-N,-8.458
IGF1R,c_LEU975,mut_s1,detail,1,221,LNENLABLFGGAFF-INUABGGHNA-N,-8.632
IGF1R,c_LEU975,mut_s1,detail,1,222,BAQVKFUOCGTGBI-FCDIKQFGNA-N,-8.198
IGF1R,c_LEU975,mut_s1,detail,1,223,SYJAKTNXXAWUQU-BYGYBERANA-N,-9.458
IGF1R,c_LEU975,mut_s1,detail,1,224,KCFZFOHSAGLLGQ-LUBWAWCANA-N,-8.346
IGF1R,c_LEU975,mut_s1,detail,1,225,LDJWHJQMWPYZLV-WHDAICOONA-N,-8.666
IGF1R,c_LEU975,mut_s1,detail,1,226,AXUDSCZCBZMENI-UHFFFAOYNA-N,-8.417
IGF1R,c_LEU975,mut_s1,detail,1,227,DDXHLMOKYYMXTK-OBAATPRFNA-N,-7.604
IGF1R,c_LEU975,mut_s1,detail,1,228,KTOSTKQYNJBYHF-PKOBYXMFNA-N,-8.823
IGF1R,c_LEU975,mut_s1,detail,1,229,ZCFWJPJEBJVXTO-UHFFFAOYNA-N,-7.756
IGF1R,c_LEU975,mut_s1,detail,1,230,NJVFOFMHUJJIMB-UHFFFAOYNA-N,-7.604
IGF1R,c_LEU975,mut_s1,detail,1,231,XUEQVOGPWKWKNT-XBXBPLPCNA-N,-8.646
IGF1R,c_LEU975,mut_s1,detail,1,232,MLFYMBALEIQTEJ-LBOYIXSDNA-N,-8.187
IGF1R,c_LEU975,mut_s1,detail,1,233,AETJFEZDSLASSU-XTEPFMGCNA-N,-7.722
IGF1R,c_LEU975,mut_s1,detail,1,234,GSNNWCVFRNINCY-UHFFFAOYNA-N,-8.204
IGF1R,c_LEU975,mut_s1,detail,1,235,UIHGNJALPXKJRE-UHFFFAOYNA-N,-8.774
IGF1R,c_LEU975,mut_s1,detail,1,236,BBUDWIYSLGTZTQ-SGMUJJOCNA-N,-8.33
IGF1R,c_LEU975,mut_s1,detail,1,237,CBYYNSKRRKXPFV-LELJVTLKNA-N,-7.893
IGF1R,c_LEU975,mut_s1,detail,1,238,NMFTXZYZNCQGNR-MTTPVDACNA-N,-9.601
IGF1R,c_LEU975,mut_s1,detail,1,239,QTKARDGAUMDUCL-LAEKOWRLNA-N,-8.71
IGF1R,c_LEU975,mut_s1,detail,1,240,VNEQUOUVFXAVMH-SANMLTNENA-N,-8.406
IGF1R,c_LEU975,mut_s1,detail,1,241,IJPPTSNWQLJFSU-LNNLXFCONA-N,-8.077
IGF1R,c_LEU975,mut_s1,detail,1,242,DJQIFFIREHYQCT-OSPHWJPCNA-N,-7.815
IGF1R,c_LEU975,mut_s1,detail,1,243,KOZFSFOOLUUIGY-SLMOLSELNA-N,-8.651
IGF1R,c_LEU975,mut_s1,detail,1,244,WILPFKVTYXJQQV-ZMCXWUQGNA-N,-8.652
IGF1R,c_LEU975,mut_s1,detail,1,245,NZELHCGEQZMIBB-UHFFFAOYNA-N,-9.518
IGF1R,c_LEU975,mut_s1,detail,1,246,VKGWONFLJDZUKM-NSJMMFDCNA-N,-8.076
IGF1R,c_LEU975,mut_s1,detail,1,247,XUHSVEXCUONJNQ-PMERELPUNA-N,-6.863
IGF1R,c_LEU975,mut_s1,detail,1,248,ZFOAPODMCDEDHA-UHFFFAOYNA-N,-8.959
IGF1R,c_LEU975,mut_s1,detail,1,249,PZCSJBQJENRLHD-ULJJZXAINA-N,-7.867
IGF1R,c_LEU975,mut_s1,detail,1,250,IOSLXICJNAAKOP-ZFJUVRDGNA-N,-8.562
IGF1R,c_LEU975,mut_s1,detail,1,251,HUDCDZLLNLJTEW-RBSQRGBYNA-N,-8.738
IGF1R,c_LEU975,mut_s1,detail,1,252,IKUATMHYCWRCHC-XUIBWRPBNA-N,-9.606
IGF1R,c_LEU975,mut_s1,detail,1,253,HCEYJYMNIQHPPK-WKJNMVSGNA-N,-8.806
IGF1R,c_LEU975,mut_s1,detail,1,254,ZLEIPSPWAZJWJP-DHDJHLBQNA-N,-8.329
IGF1R,c_LEU975,mut_s1,detail,1,255,ZKDQUBKHXMXRRH-KUWNNRQRNA-N,-8.959
IGF1R,c_VAL983,mut_s1,detail,1,0,QGXBDMJGAMFCBF-WRZMNKJANA-N,-7.803
IGF1R,c_VAL983,mut_s1,detail,1,1,XZORRJGRPUBUJO-UHFFFAOYNA-N,-6.021
IGF1R,c_VAL983,mut_s1,detail,1,2,RIOOLQVLOZQLQJ-CYBMUJFWNA-N,-6.218
IGF1R,c_VAL983,mut_s1,detail,1,3,JMAMZIYMGUDBDZ-YAQRNVERNA-N,-6.493
IGF1R,c_VAL983,mut_s1,detail,1,4,SOHFVFXITPDEDK-GMNMMWFNNA-N,-7.81
IGF1R,c_VAL983,mut_s1,detail,1,5,HQPUBFWUNXGPNP-FECSGLDJNA-N,-5.893
IGF1R,c_VAL983,mut_s1,detail,1,6,URSPNXKDALRRBJ-FQFUPTBWNA-N,-7.367
IGF1R,c_VAL983,mut_s1,detail,1,7,MALHKRCDHFAKIM-GPQMBLKYNA-N,-7.674
IGF1R,c_VAL983,mut_s1,detail,1,8,VDGCRTGHEWIBAL-YAQRNVERNA-N,-6.959
IGF1R,c_VAL983,mut_s1,detail,1,9,VOWBZMVBYGELAY-UHFFFAOYNA-N,-7.342
IGF1R,c_VAL983,mut_s1,detail,1,10,GKBJOMPRUSWVJA-UHFFFAOYNA-N,-6.681
IGF1R,c_VAL983,mut_s1,detail,1,11,RQLXWVPRGJJWEK-BFHABQRXNA-N,-6.961
IGF1R,c_VAL983,mut_s1,detail,1,12,OQWMEUSTXXVVIU-NWANDNLSNA-N,-6.006
IGF1R,c_VAL983,mut_s1,detail,1,13,SVIIYVRLTJRIIR-UHFFFAOYNA-N,-7.145
IGF1R,c_VAL983,mut_s1,detail,1,14,XIQVFMHGZHWKNA-LILDFLRNNA-N,-8.099
IGF1R,c_VAL983,mut_s1,detail,1,15,ABQUFQQMQCPHOH-NCWAPJAINA-N,-6.92
IGF1R,c_VAL983,mut_s1,detail,1,16,BNGLUFUDMHHURB-UYBDAZJANA-N,-7.438
IGF1R,c_VAL983,mut_s1,detail,1,17,JXAGPFSGJKRKBY-UHFFFAOYNA-N,-7.471
IGF1R,c_VAL983,mut_s1,detail,1,18,DINPOPQNCDTVPQ-YGPBECBDNA-N,-7.175
IGF1R,c_VAL983,mut_s1,detail,1,19,FUMDYIGQJOCQBC-UHFFFAOYNA-N,-7.465
IGF1R,c_VAL983,mut_s1,detail,1,20,GLEVLJDDWXEYCO-WYUMXYHSNA-N,-7.367
IGF1R,c_VAL983,mut_s1,detail,1,21,PWCMYVJXHPBJNZ-FSHPWJEWNA-N,-6.249
IGF1R,c_VAL983,mut_s1,detail,1,22,CLPZQGXGPKJOMN-XWKXFZRBNA-N,-7.252
IGF1R,c_VAL983,mut_s1,detail,1,23,UFUOEKYHBCFTGW-RWJRRMEYNA-N,-6.785
IGF1R,c_VAL983,mut_s1,detail,1,24,CMNIOKDUTCZQJB-NDKGDYFDNA-N,-6.304
IGF1R,c_VAL983,mut_s1,detail,1,25,ZVNPQHHQIVQYPI-ZHACJKMWNA-N,-8.834
IGF1R,c_VAL983,mut_s1,detail,1,26,HHPYZGCOAAJZTN-NKWLYDBFNA-N,-7.303
IGF1R,c_VAL983,mut_s1,detail,1,27,ANYSYRVXKLTFPB-UHFFFAOYNA-N,-7.242
IGF1R,c_VAL983,mut_s1,detail,1,28,JISYUXULRDZARX-HCKMINDGNA-N,-7.318
IGF1R,c_VAL983,mut_s1,detail,1,29,VTLWDCDAVLVOHR-HCKMINDGNA-N,-7.609
IGF1R,c_VAL983,mut_s1,detail,1,30,BBMWNEXSYXLWEO-WYUMXYHSNA-N,-6.662
IGF1R,c_VAL983,mut_s1,detail,1,31,WZGCZUAYIBWZAN-YHSKDTNENA-N,-7.242
IGF1R,c_VAL983,mut_s1,detail,1,32,RVNORUCXEIIROU-UHFFFAOYNA-N,-8.05
IGF1R,c_VAL983,mut_s1,detail,1,33,ZTJZVOMEMRNYKF-JSGPKCTENA-N,-6.434
IGF1R,c_VAL983,mut_s1,detail,1,34,WQKOQOZXZQJNRC-GPQMBLKYNA-N,-8.96
IGF1R,c_VAL983,mut_s1,detail,1,35,WKLBCLNIAGUINH-GAJRPKRDNA-N,-6.022
IGF1R,c_VAL983,mut_s1,detail,1,36,ZVOVGLCUMDQIHF-VPQZEOPVNA-N,-6.443
IGF1R,c_VAL983,mut_s1,detail,1,37,UGKZABQBFUBOFG-WDFGQQGSNA-N,-6.713
IGF1R,c_VAL983,mut_s1,detail,1,38,RTJRNIJPLOVJLH-WYUMXYHSNA-N,-6.796
IGF1R,c_VAL983,mut_s1,detail,1,39,MUJCQGFFHCARCQ-UYBDAZJANA-N,-8.999
IGF1R,c_VAL983,mut_s1,detail,1,40,FZSPJBYOKQPKCD-VIFPVBQENA-N,-6.156
IGF1R,c_VAL983,mut_s1,detail,1,41,RWPHPOMFTPAOAS-JLGFQASFNA-N,-7.414
IGF1R,c_VAL983,mut_s1,detail,1,42,ZXVNJVRABSCRGU-GPQMBLKYNA-N,-7.585
IGF1R,c_VAL983,mut_s1,detail,1,43,KZAOEMMZRGEBST-OOGKJWBGNA-N,-7.611
IGF1R,c_VAL983,mut_s1,detail,1,44,NEIVPRTZAHUZEA-WYUMXYHSNA-N,-6.184
IGF1R,c_VAL983,mut_s1,detail,1,45,PYKJFEPAUKAXNN-UHFFFAOYNA-N,-7.202
IGF1R,c_VAL983,mut_s1,detail,1,46,BPUNDQLKPUIGBR-GPQMBLKYNA-N,-7.236
IGF1R,c_VAL983,mut_s1,detail,1,47,WDFLSTQJUFMIIW-UHFFFAOYNA-N,-7.747
IGF1R,c_VAL983,mut_s1,detail,1,48,BJLQEYLWUSSEKH-CMPMBVLYNA-N,-7.241
IGF1R,c_VAL983,mut_s1,detail,1,49,HZUGIOKMHRUHMF-ADJYBIKJNA-N,-7.507
IGF1R,c_VAL983,mut_s1,detail,1,50,PBWQQQLCZDQSET-XWKXFZRBNA-N,-6.101
IGF1R,c_VAL983,mut_s1,detail,1,51,ISSLSGLIFQSYJA-HCKMINDGNA-N,-7.412
IGF1R,c_VAL983,mut_s1,detail,1,52,OAXDEJIQWHXCJI-UHFFFAOYNA-N,-6.953
IGF1R,c_VAL983,mut_s1,detail,1,53,BCJVFDDJSOEKKQ-UHFFFAOYNA-N,-7.149
IGF1R,c_VAL983,mut_s1,detail,1,54,QFJGCDWXDUDFAD-UHFFFAOYNA-N,-8.787
IGF1R,c_VAL983,mut_s1,detail,1,55,JVBGNPPYXIWVPH-WYCIUFAENA-N,-5.472
IGF1R,c_VAL983,mut_s1,detail,1,56,BYJAVTDNIXVSPW-YHMJCDSINA-N,-6.237
IGF1R,c_VAL983,mut_s1,detail,1,57,MQGMUPFWCDYDFO-UHFFFAOYNA-N,-7.31
IGF1R,c_VAL983,mut_s1,detail,1,58,OACAJASVXJLTAT-UHFFFAOYNA-N,-7.353
IGF1R,c_VAL983,mut_s1,detail,1,59,AQSGGOLDOQGOAO-FNCQTZNRNA-N,-6.45
IGF1R,c_VAL983,mut_s1,detail,1,60,SOBHKZHLCOJHTI-YHMJCDSINA-N,-7.261
IGF1R,c_VAL983,mut_s1,detail,1,61,NUFCOZJTDHUROG-PKGMMKRDNA-N,-7.043
IGF1R,c_VAL983,mut_s1,detail,1,62,KZTOUMBNPVCTLR-GFJIPZKJNA-N,-8.352
IGF1R,c_VAL983,mut_s1,detail,1,63,CLEMZXMGJNNUTH-LILDFLRNNA-N,-8.652
IGF1R,c_VAL983,mut_s1,detail,1,64,MXRJUMCOVVUCLC-UHFFFAOYNA-N,-8.499
IGF1R,c_VAL983,mut_s1,detail,1,65,HZDIAENSPHDHRS-UHFFFAOYNA-N,-7.39
IGF1R,c_VAL983,mut_s1,detail,1,66,CHDODAJYQOTMTK-PKSOQXRJNA-N,-7.962
IGF1R,c_VAL983,mut_s1,detail,1,67,VRFRJWXCOPEIII-QWOVJGMINA-N,-7.773
IGF1R,c_VAL983,mut_s1,detail,1,68,WTOLVFBACFWUSN-QGOAFFKANA-N,-7.958
IGF1R,c_VAL983,mut_s1,detail,1,69,KDJZDSPTXVFGOF-NPVYFSBINA-N,-8.06
IGF1R,c_VAL983,mut_s1,detail,1,70,MUXXNOOBECTQPY-UHFFFAOYNA-N,-7.722
IGF1R,c_VAL983,mut_s1,detail,1,71,OBUUPTPELQALTE-UYBDAZJANA-N,-6.749
IGF1R,c_VAL983,mut_s1,detail,1,72,FKOXOEKZVRISIU-NPVYFSBINA-N,-7.622
IGF1R,c_VAL983,mut_s1,detail,1,73,ZOKNKPRORGNRMQ-BXBDENJDNA-N,-7.289
IGF1R,c_VAL983,mut_s1,detail,1,74,KWJAZTNSKVNVEC-UHFFFAOYNA-N,-7.247
IGF1R,c_VAL983,mut_s1,detail,1,75,RPBVHEVTQXVWDL-NGZNMCPLNA-N,-8.802
IGF1R,c_VAL983,mut_s1,detail,1,76,ZSKKLMIULIVRSI-QWOVJGMINA-N,-7.662
IGF1R,c_VAL983,mut_s1,detail,1,77,VLKGZJJKNXFENI-LILDFLRNNA-N,-8.219
IGF1R,c_VAL983,mut_s1,detail,1,78,NCKZVQLIUXCUQF-UHFFFAOYNA-N,-7.097
IGF1R,c_VAL983,mut_s1,detail,1,79,TYYOBUBDDDDKPC-UHFFFAOYNA-N,-8.619
IGF1R,c_VAL983,mut_s1,detail,1,80,AQMRDIZFWYYMBQ-QWOVJGMINA-N,-8.472
IGF1R,c_VAL983,mut_s1,detail,1,81,IVRPZSQLORCONO-UHFFFAOYNA-N,-7.969
IGF1R,c_VAL983,mut_s1,detail,1,82,IRNFLRZZSCRLSQ-NPVYFSBINA-N,-8.502
IGF1R,c_VAL983,mut_s1,detail,1,83,UUMBQVLEWSWSOO-GPQMBLKYNA-N,-8.517
IGF1R,c_VAL983,mut_s1,detail,1,84,ASCHVCPAOUSKIZ-GPQMBLKYNA-N,-8.399
IGF1R,c_VAL983,mut_s1,detail,1,85,NVGGHEIBFBOAHY-UHFFFAOYNA-N,-9.031
IGF1R,c_VAL983,mut_s1,detail,1,86,JIOIPFWJCUUZEU-PKSOQXRJNA-N,-7.956
IGF1R,c_VAL983,mut_s1,detail,1,87,RGAJQRZKKQXIEQ-XBTAAFKLNA-N,-6.348
IGF1R,c_VAL983,mut_s1,detail,1,88,DOVBELPPXZSOPX-UHFFFAOYNA-N,-8.036
IGF1R,c_VAL983,mut_s1,detail,1,89,VFOWTBWNNOVCPH-WJDWOHSUNA-N,-7.845
IGF1R,c_VAL983,mut_s1,detail,1,90,HKWNGVFHUCRTTQ-QVUQFMIFNA-N,-8.631
IGF1R,c_VAL983,mut_s1,detail,1,91,VPMBMFYJJPEBKS-XBTAAFKLNA-N,-8.456
IGF1R,c_VAL983,mut_s1,detail,1,92,OPIXMYPGGYYGRV-PKSOQXRJNA-N,-8.029
IGF1R,c_VAL983,mut_s1,detail,1,93,ASWFTNOPBUOHSG-UHFFFAOYNA-N,-8.718
IGF1R,c_VAL983,mut_s1,detail,1,94,YIFJQOSOEFTEHM-QWOVJGMINA-N,-7.275
IGF1R,c_VAL983,mut_s1,detail,1,95,CYRPZNLZOLVKKM-PKSOQXRJNA-N,-8.17
IGF1R,c_VAL983,mut_s1,detail,1,96,PSRSNNQFQFGFKV-QWOVJGMINA-N,-9.003
IGF1R,c_VAL983,mut_s1,detail,1,97,PSJJZUSBTGJHEC-WYUMXYHSNA-N,-6.649
IGF1R,c_VAL983,mut_s1,detail,1,98,RCTHTZYLLISDPT-VVKINWOJNA-N,-8.646
IGF1R,c_VAL983,mut_s1,detail,1,99,UNWANCHXNSSIJJ-PKSOQXRJNA-N,-7.854
IGF1R,c_VAL983,mut_s1,detail,1,100,OJBGHXIETMBPHZ-UHFFFAOYNA-N,-7.892
IGF1R,c_VAL983,mut_s1,detail,1,101,KNDRDFFUMNHLRJ-LILDFLRNNA-N,-7.967
IGF1R,c_VAL983,mut_s1,detail,1,102,PBGALVWBACEVEC-QWOVJGMINA-N,-8.634
IGF1R,c_VAL983,mut_s1,detail,1,103,SRLVRCUUJBEIBP-UHFFFAOYNA-N,-8.02
IGF1R,c_VAL983,mut_s1,detail,1,104,UVGHDRGQXQVMNW-UHFFFAOYNA-N,-7.939
IGF1R,c_VAL983,mut_s1,detail,1,105,YIUJUFFZJHPDAY-SDRQFZCRNA-N,-8.65
IGF1R,c_VAL983,mut_s1,detail,1,106,UYPODJSKAAJGNR-UYBDAZJANA-N,-7.583
IGF1R,c_VAL983,mut_s1,detail,1,107,YWMYHDFGDRTCPV-BXGKXWMCNA-N,-8.184
IGF1R,c_VAL983,mut_s1,detail,1,108,RPVJOFUOUDWRGV-LILDFLRNNA-N,-8.332
IGF1R,c_VAL983,mut_s1,detail,1,109,LUKGDWAOTYXHEM-XBTAAFKLNA-N,-8.238
IGF1R,c_VAL983,mut_s1,detail,1,110,CHJMEHVGESAPSR-UHFFFAOYNA-N,-8.282
IGF1R,c_VAL983,mut_s1,detail,1,111,JDZNTGMSMHYYCY-NPVYFSBINA-N,-8.67
IGF1R,c_VAL983,mut_s1,detail,1,112,CRZKGBDGHDTLNN-UHFFFAOYNA-N,-8.059
IGF1R,c_VAL983,mut_s1,detail,1,113,ALLYNSCMTRSFNH-UHFFFAOYNA-N,-7.989
IGF1R,c_VAL983,mut_s1,detail,1,114,HTVVQAPUWGNILV-PKSOQXRJNA-N,-8.918
IGF1R,c_VAL983,mut_s1,detail,1,115,HEKHUTSUFJPTQY-UHFFFAOYNA-N,-8.769
IGF1R,c_VAL983,mut_s1,detail,1,116,ZTTIICUFHXUACO-HNENSFHCNA-N,-7.096
IGF1R,c_VAL983,mut_s1,detail,1,117,GYJDRNKSYOJANZ-QVUQFMIFNA-N,-7.898
IGF1R,c_VAL983,mut_s1,detail,1,118,QSBMVUOOXXRNFY-UHFFFAOYNA-N,-8.158
IGF1R,c_VAL983,mut_s1,detail,1,119,VRMMQHDQMURNDV-PGYIFSQXNA-N,-7.224
IGF1R,c_VAL983,mut_s1,detail,1,120,FHGICQLRHVZVCW-TWSYTRIPNA-N,-8.502
IGF1R,c_VAL983,mut_s1,detail,1,121,WWZHRJDMAZBTGY-WYUMXYHSNA-N,-7.794
IGF1R,c_VAL983,mut_s1,detail,1,122,GXHBBVOBKJURCM-UHFFFAOYNA-N,-7.018
IGF1R,c_VAL983,mut_s1,detail,1,123,GKJWYULRCHAYTN-UYBDAZJANA-N,-8.393
IGF1R,c_VAL983,mut_s1,detail,1,124,LJFRBCQBJFKUBA-LILDFLRNNA-N,-9.299
IGF1R,c_VAL983,mut_s1,detail,1,125,JGJYHHGYTXVQLH-MZSCVVMKNA-N,-7.901
IGF1R,c_VAL983,mut_s1,detail,1,126,WJPDMYDDAMHBSE-UZYVYHOENA-N,-8.85
IGF1R,c_VAL983,mut_s1,detail,1,127,GVOMJEIYRXTYCN-LILDFLRNNA-N,-7.879
IGF1R,c_VAL983,mut_s1,detail,1,128,LTZVLHHIAUKGBP-LELJVTLKNA-N,-8.61
IGF1R,c_VAL983,mut_s1,detail,1,129,FIKLOQNDPSVUGH-LBOYIXSDNA-N,-8.239
IGF1R,c_VAL983,mut_s1,detail,1,130,GIEJIAIRYKSRHU-MPIMZMORNA-N,-8.512
IGF1R,c_VAL983,mut_s1,detail,1,131,XFKYWJPYYRTYBR-ODOKVQCSNA-N,-7.565
IGF1R,c_VAL983,mut_s1,detail,1,132,PKSFLOGCPXWJIU-MEDUHNTENA-N,-9.062
IGF1R,c_VAL983,mut_s1,detail,1,133,JLHJTKOPNATISN-LELJVTLKNA-N,-7.639
IGF1R,c_VAL983,mut_s1,detail,1,134,GUBNROKMFNBDBZ-GRDNDAEWNA-N,-7.115
IGF1R,c_VAL983,mut_s1,detail,1,135,KGCQIOUZEREWDG-UHFFFAOYNA-N,-8.36
IGF1R,c_VAL983,mut_s1,detail,1,136,DWDHSAAOHLDDKE-QWOVJGMINA-N,-7.174
IGF1R,c_VAL983,mut_s1,detail,1,137,XSTAWOGBOKIKIE-UKZVOYCKNA-N,-7.733
IGF1R,c_VAL983,mut_s1,detail,1,138,OWXORKPNCHJYOF-JFRKDZMVNA-N,-8.113
IGF1R,c_VAL983,mut_s1,detail,1,139,MQOILMOKFLJWRN-KYCGMZMQNA-N,-9.03
IGF1R,c_VAL983,mut_s1,detail,1,140,BJROQKFYPRCGFD-LQFNOIFHNA-N,-9.407
IGF1R,c_VAL983,mut_s1,detail,1,141,PLWVUIRWJVKSSD-XBXARRHUNA-N,-8.172
IGF1R,c_VAL983,mut_s1,detail,1,142,HFWSIVHELHSGJY-JJIBRWJFNA-N,-7.681
IGF1R,c_VAL983,mut_s1,detail,1,143,QMHSEIOSCQWTPQ-LNNLXFCONA-N,-7.698
IGF1R,c_VAL983,mut_s1,detail,1,144,FBHVHCWHAVLWJT-OYSRHTCDNA-N,-7.162
IGF1R,c_VAL983,mut_s1,detail,1,145,CEZNOHQWEHKPJP-LQFNOIFHNA-N,-8.623
IGF1R,c_VAL983,mut_s1,detail,1,146,KOFRNRJMKWZBMR-RVJKNMGLNA-N,-7.688
IGF1R,c_VAL983,mut_s1,detail,1,147,PGPPCCZSDRAQKA-SYZQJQIINA-N,-7.011
IGF1R,c_VAL983,mut_s1,detail,1,148,VGUBMLBOECHPGN-MHEVPKQANA-N,-8.403
IGF1R,c_VAL983,mut_s1,detail,1,149,PCORSCGAGFGSSR-UHFFFAOYNA-N,-6.869
IGF1R,c_VAL983,mut_s1,detail,1,150,JGNCAWPKZCFGOI-BXGKXWMCNA-N,-9.523
IGF1R,c_VAL983,mut_s1,detail,1,151,ULONVLUMOUFCID-LNNLXFCONA-N,-9.176
IGF1R,c_VAL983,mut_s1,detail,1,152,HCPHOPNEKKCOEN-LNNLXFCONA-N,-8.976
IGF1R,c_VAL983,mut_s1,detail,1,153,OMJCCYYNBCJNOL-FVAMHUBNNA-N,-7.938
IGF1R,c_VAL983,mut_s1,detail,1,154,SZUCFANUUBSCPX-PJQSKVNONA-N,-8.349
IGF1R,c_VAL983,mut_s1,detail,1,155,QHLRKDSRGUZHSH-UHFFFAOYNA-N,-7.799
IGF1R,c_VAL983,mut_s1,detail,1,156,QUFUFSGGBADBIH-UHFFFAOYNA-N,-7.884
IGF1R,c_VAL983,mut_s1,detail,1,157,WPBGBXPZNCPYQB-UHFFFAOYNA-N,-8.638
IGF1R,c_VAL983,mut_s1,detail,1,158,BXVSKXWPXKQTOL-UHFFFAOYNA-N,-7.875
IGF1R,c_VAL983,mut_s1,detail,1,159,WNELYPHBVMGNQP-UHFFFAOYNA-N,-8.707
IGF1R,c_VAL983,mut_s1,detail,1,160,POOIONRPVWIUHF-LQFNOIFHNA-N,-8.036
IGF1R,c_VAL983,mut_s1,detail,1,161,NZPQBADYZFTGOT-UHFFFAOYNA-N,-7.589
IGF1R,c_VAL983,mut_s1,detail,1,162,MAOZUYDDGGFCKF-WFELUYCUNA-N,-7.927
IGF1R,c_VAL983,mut_s1,detail,1,163,PEANHJHNIYISMY-UHFFFAOYNA-N,-8.55
IGF1R,c_VAL983,mut_s1,detail,1,164,ABFVBWQMBVYWMV-UHFFFAOYNA-N,-8.588
IGF1R,c_VAL983,mut_s1,detail,1,165,UMUOTXHWTLGGIP-QWOVJGMINA-N,-7.969
IGF1R,c_VAL983,mut_s1,detail,1,166,NYVXKWVMQVVBRC-QWOVJGMINA-N,-8.227
IGF1R,c_VAL983,mut_s1,detail,1,167,OVGDAEHQLCSRDI-UHFFFAOYNA-N,-6.559
IGF1R,c_VAL983,mut_s1,detail,1,168,BZXWWWGSEIRPLV-UHFFFAOYNA-N,-7.221
IGF1R,c_VAL983,mut_s1,detail,1,169,FXGKAQHXFGXOPR-UHFFFAOYNA-N,-9.559
IGF1R,c_VAL983,mut_s1,detail,1,170,HVIXAPJIOPIFIY-UHFFFAOYNA-N,-7.434
IGF1R,c_VAL983,mut_s1,detail,1,171,LIRQEBOXUUPWJJ-LNNLXFCONA-N,-8.19
IGF1R,c_VAL983,mut_s1,detail,1,172,ZDIIOUBKRSIUED-LQFNOIFHNA-N,-8.086
IGF1R,c_VAL983,mut_s1,detail,1,173,LTWUSAKSGJMCRY-UHFFFAOYNA-N,-8.416
IGF1R,c_VAL983,mut_s1,detail,1,174,PNDIKCGLYJOYIK-UYBDAZJANA-N,-7.714
IGF1R,c_VAL983,mut_s1,detail,1,175,MGSHIAIRIYECSG-MPIMZMORNA-N,-7.647
IGF1R,c_VAL983,mut_s1,detail,1,176,MVWYIUZSZIETFZ-KYUNMXQPNA-N,-7.726
IGF1R,c_VAL983,mut_s1,detail,1,177,XGTOSEODMLDCBR-UHFFFAOYNA-N,-7.645
IGF1R,c_VAL983,mut_s1,detail,1,178,NYHRLEZMHRGFLZ-UYBDAZJANA-N,-7.716
IGF1R,c_VAL983,mut_s1,detail,1,179,KZGNFRGGQVBHRV-UHFFFAOYNA-N,-8.578
IGF1R,c_VAL983,mut_s1,detail,1,180,SXXXSTPMDGKOCH-LQFNOIFHNA-N,-8.53
IGF1R,c_VAL983,mut_s1,detail,1,181,VJGFWNZWHKBDNN-HPHMPNDVNA-N,-7.585
IGF1R,c_VAL983,mut_s1,detail,1,182,SBLZEXLDNURADT-LELJVTLKNA-N,-7.182
IGF1R,c_VAL983,mut_s1,detail,1,183,OINVQDVVQWTWJM-YNGZFIAGNA-N,-8.116
IGF1R,c_VAL983,mut_s1,detail,1,184,RJZHELXWHJKNAM-NPVYFSBINA-N,-6.863
IGF1R,c_VAL983,mut_s1,detail,1,185,MAXGWTGCLOXELV-UHFFFAOYNA-N,-8.941
IGF1R,c_VAL983,mut_s1,detail,1,186,PNHBRYIAJCYNDA-VQCQRNETNA-N,-9.773
IGF1R,c_VAL983,mut_s1,detail,1,187,QGZIKUYIROAFSE-QWOVJGMINA-N,-8.308
IGF1R,c_VAL983,mut_s1,detail,1,188,QTIJDOJTNOHQTC-WQGACYEGNA-N,-7.114
IGF1R,c_VAL983,mut_s1,detail,1,189,OMLLGNQJKXQVKT-TUXCJRKWNA-N,-8.11
IGF1R,c_VAL983,mut_s1,detail,1,190,FNLHLKPQZWPTTK-UHFFFAOYNA-N,-8.203
IGF1R,c_VAL983,mut_s1,detail,1,191,XBPLTFIKHVYSDD-UHFFFAOYNA-N,-9.881
IGF1R,c_VAL983,mut_s1,detail,1,192,VEXPKIRCYBYITI-BEFZCSJLNA-N,-11.682
IGF1R,c_VAL983,mut_s1,detail,1,193,WDVQKHWASUJMRH-LNNLXFCONA-N,-8.214
IGF1R,c_VAL983,mut_s1,detail,1,194,DAUHEXDIKFZUFM-BZCDMSEBNA-N,-8.084
IGF1R,c_VAL983,mut_s1,detail,1,195,HCFHHWIWTWPKFH-UHFFFAOYNA-N,-8.224
IGF1R,c_VAL983,mut_s1,detail,1,196,PIFJHAXQZFBLCQ-ZVBCKELPNA-N,-8.875
IGF1R,c_VAL983,mut_s1,detail,1,197,CGBYUWXVJWRJIR-LLJNPURJNA-N,-7.438
IGF1R,c_VAL983,mut_s1,detail,1,198,CLHNZVNBTRJSNX-NSJMMFDCNA-N,-8.012
IGF1R,c_VAL983,mut_s1,detail,1,199,JKMJQRRLCJXPOK-SREBMQDQNA-N,-8.988
IGF1R,c_VAL983,mut_s1,detail,1,200,HHXLRWIDFFFFKX-LELJVTLKNA-N,-8.811
IGF1R,c_VAL983,mut_s1,detail,1,201,BZCFDJGFEXLRFA-NYHNBARNNA-N,-9.223
IGF1R,c_VAL983,mut_s1,detail,1,202,IEZNLWGERBHQJK-KEAFGAQVNA-N,-8.563
IGF1R,c_VAL983,mut_s1,detail,1,203,ZBJYTLVBCAOWHI-PKRZOPRNNA-N,-6.345
IGF1R,c_VAL983,mut_s1,detail,1,204,FGMQRSXQOIDDJD-PKRZOPRNNA-N,-7.996
IGF1R,c_VAL983,mut_s1,detail,1,205,XDGHTBHPIPZHLJ-KMZMRBKQNA-N,-9.39
IGF1R,c_VAL983,mut_s1,detail,1,206,WSGZHZGDPVCVHF-UHFFFAOYNA-N,-9.497
IGF1R,c_VAL983,mut_s1,detail,1,207,HXWAXUQSZMRTTE-YLBMWQQONA-N,-8.641
IGF1R,c_VAL983,mut_s1,detail,1,208,FCZVXTBFAYFUHQ-UHFFFAOYNA-N,-8.953
IGF1R,c_VAL983,mut_s1,detail,1,209,YAZOIIMRVUPEOT-DHDJHLBQNA-N,-7.603
IGF1R,c_VAL983,mut_s1,detail,1,210,KVNQZVOXEZCBRJ-PECRYQBZNA-N,-10.055
IGF1R,c_VAL983,mut_s1,detail,1,211,IYBSHHORKOCFKZ-LNNLXFCONA-N,-8.207
IGF1R,c_VAL983,mut_s1,detail,1,212,RSTMZFOEDVJAHN-OXBUWGKVNA-N,-8.264
IGF1R,c_VAL983,mut_s1,detail,1,213,NYWCANYSFKVUNN-UHFFFAOYNA-N,-8.073
IGF1R,c_VAL983,mut_s1,detail,1,214,XFQNPVRVZXSQSI-IVGLCWOSNA-N,-9.877
IGF1R,c_VAL983,mut_s1,detail,1,215,HXGZQYVBZUMUDK-HXTKINSTNA-N,-8.246
IGF1R,c_VAL983,mut_s1,detail,1,216,BKWBUUYCHYLRLF-NSJMMFDCNA-N,-6.306
IGF1R,c_VAL983,mut_s1,detail,1,217,JRRKWFRTDFOWAB-XDUJAMRANA-N,-7.445
IGF1R,c_VAL983,mut_s1,detail,1,218,FPOLFSCTFRBBHI-QGZVFWFLNA-N,-9.575
IGF1R,c_VAL983,mut_s1,detail,1,219,RPPDOGWFJZOEQX-LVWGJNHUNA-N,-7.036
IGF1R,c_VAL983,mut_s1,detail,1,220,JYOPBQURUBDKLK-LELJVTLKNA-N,-9.367
IGF1R,c_VAL983,mut_s1,detail,1,221,LNENLABLFGGAFF-INUABGGHNA-N,-8.797
IGF1R,c_VAL983,mut_s1,detail,1,222,BAQVKFUOCGTGBI-FCDIKQFGNA-N,-7.487
IGF1R,c_VAL983,mut_s1,detail,1,223,SYJAKTNXXAWUQU-BYGYBERANA-N,-8.595
IGF1R,c_VAL983,mut_s1,detail,1,224,KCFZFOHSAGLLGQ-LUBWAWCANA-N,-8.3
IGF1R,c_VAL983,mut_s1,detail,1,225,LDJWHJQMWPYZLV-WHDAICOONA-N,-9.165
IGF1R,c_VAL983,mut_s1,detail,1,226,AXUDSCZCBZMENI-UHFFFAOYNA-N,-8.762
IGF1R,c_VAL983,mut_s1,detail,1,227,DDXHLMOKYYMXTK-OBAATPRFNA-N,-8.631
IGF1R,c_VAL983,mut_s1,detail,1,228,KTOSTKQYNJBYHF-PKOBYXMFNA-N,-8.396
IGF1R,c_VAL983,mut_s1,detail,1,229,ZCFWJPJEBJVXTO-UHFFFAOYNA-N,-8.547
IGF1R,c_VAL983,mut_s1,detail,1,230,NJVFOFMHUJJIMB-UHFFFAOYNA-N,-8.438
IGF1R,c_VAL983,mut_s1,detail,1,231,XUEQVOGPWKWKNT-XBXBPLPCNA-N,-8.172
IGF1R,c_VAL983,mut_s1,detail,1,232,MLFYMBALEIQTEJ-LBOYIXSDNA-N,-8.687
IGF1R,c_VAL983,mut_s1,detail,1,233,AETJFEZDSLASSU-XTEPFMGCNA-N,-8.66
IGF1R,c_VAL983,mut_s1,detail,1,234,GSNNWCVFRNINCY-UHFFFAOYNA-N,-8.453
IGF1R,c_VAL983,mut_s1,detail,1,235,UIHGNJALPXKJRE-UHFFFAOYNA-N,-9.741
IGF1R,c_VAL983,mut_s1,detail,1,236,BBUDWIYSLGTZTQ-SGMUJJOCNA-N,-8.282
IGF1R,c_VAL983,mut_s1,detail,1,237,CBYYNSKRRKXPFV-LELJVTLKNA-N,-8.364
IGF1R,c_VAL983,mut_s1,detail,1,238,NMFTXZYZNCQGNR-MTTPVDACNA-N,-9.79
IGF1R,c_VAL983,mut_s1,detail,1,239,QTKARDGAUMDUCL-LAEKOWRLNA-N,-10.848
IGF1R,c_VAL983,mut_s1,detail,1,240,VNEQUOUVFXAVMH-SANMLTNENA-N,-7.059
IGF1R,c_VAL983,mut_s1,detail,1,241,IJPPTSNWQLJFSU-LNNLXFCONA-N,-8.045
IGF1R,c_VAL983,mut_s1,detail,1,242,DJQIFFIREHYQCT-OSPHWJPCNA-N,-8.762
IGF1R,c_VAL983,mut_s1,detail,1,243,KOZFSFOOLUUIGY-SLMOLSELNA-N,-9.47
IGF1R,c_VAL983,mut_s1,detail,1,244,WILPFKVTYXJQQV-ZMCXWUQGNA-N,-7.87
IGF1R,c_VAL983,mut_s1,detail,1,245,NZELHCGEQZMIBB-UHFFFAOYNA-N,-9.622
IGF1R,c_VAL983,mut_s1,detail,1,246,VKGWONFLJDZUKM-NSJMMFDCNA-N,-8.301
IGF1R,c_VAL983,mut_s1,detail,1,247,XUHSVEXCUONJNQ-PMERELPUNA-N,-7.963
IGF1R,c_VAL983,mut_s1,detail,1,248,ZFOAPODMCDEDHA-UHFFFAOYNA-N,-8.788
IGF1R,c_VAL983,mut_s1,detail,1,249,PZCSJBQJENRLHD-ULJJZXAINA-N,-7.644
IGF1R,c_VAL983,mut_s1,detail,1,250,IOSLXICJNAAKOP-ZFJUVRDGNA-N,-8.155
IGF1R,c_VAL983,mut_s1,detail,1,251,HUDCDZLLNLJTEW-RBSQRGBYNA-N,-9.174
IGF1R,c_VAL983,mut_s1,detail,1,252,IKUATMHYCWRCHC-XUIBWRPBNA-N,-8.252
IGF1R,c_VAL983,mut_s1,detail,1,253,HCEYJYMNIQHPPK-WKJNMVSGNA-N,-9.453
IGF1R,c_VAL983,mut_s1,detail,1,254,ZLEIPSPWAZJWJP-DHDJHLBQNA-N,-8.72
IGF1R,c_VAL983,mut_s1,detail,1,255,ZKDQUBKHXMXRRH-KUWNNRQRNA-N,-7.889
IGF1R,c_ASP1056,mut_s1,detail,1,0,QGXBDMJGAMFCBF-WRZMNKJANA-N,-8.494
IGF1R,c_ASP1056,mut_s1,detail,1,1,XZORRJGRPUBUJO-UHFFFAOYNA-N,-6.249
IGF1R,c_ASP1056,mut_s1,detail,1,2,RIOOLQVLOZQLQJ-CYBMUJFWNA-N,-6.512
IGF1R,c_ASP1056,mut_s1,detail,1,3,JMAMZIYMGUDBDZ-YAQRNVERNA-N,-6.771
IGF1R,c_ASP1056,mut_s1,detail,1,4,SOHFVFXITPDEDK-GMNMMWFNNA-N,-7.164
IGF1R,c_ASP1056,mut_s1,detail,1,5,HQPUBFWUNXGPNP-FECSGLDJNA-N,-6.261
IGF1R,c_ASP1056,mut_s1,detail,1,6,URSPNXKDALRRBJ-FQFUPTBWNA-N,-7.717
IGF1R,c_ASP1056,mut_s1,detail,1,7,MALHKRCDHFAKIM-GPQMBLKYNA-N,-7.26
IGF1R,c_ASP1056,mut_s1,detail,1,8,VDGCRTGHEWIBAL-YAQRNVERNA-N,-6.966
IGF1R,c_ASP1056,mut_s1,detail,1,9,VOWBZMVBYGELAY-UHFFFAOYNA-N,-8.178
IGF1R,c_ASP1056,mut_s1,detail,1,10,GKBJOMPRUSWVJA-UHFFFAOYNA-N,-6.65
IGF1R,c_ASP1056,mut_s1,detail,1,11,RQLXWVPRGJJWEK-BFHABQRXNA-N,-7.322
IGF1R,c_ASP1056,mut_s1,detail,1,12,OQWMEUSTXXVVIU-NWANDNLSNA-N,-6.59
IGF1R,c_ASP1056,mut_s1,detail,1,13,SVIIYVRLTJRIIR-UHFFFAOYNA-N,-6.624
IGF1R,c_ASP1056,mut_s1,detail,1,14,XIQVFMHGZHWKNA-LILDFLRNNA-N,-8.108
IGF1R,c_ASP1056,mut_s1,detail,1,15,ABQUFQQMQCPHOH-NCWAPJAINA-N,-7.18
IGF1R,c_ASP1056,mut_s1,detail,1,16,BNGLUFUDMHHURB-UYBDAZJANA-N,-8.496
IGF1R,c_ASP1056,mut_s1,detail,1,17,JXAGPFSGJKRKBY-UHFFFAOYNA-N,-7.827
IGF1R,c_ASP1056,mut_s1,detail,1,18,DINPOPQNCDTVPQ-YGPBECBDNA-N,-7.087
IGF1R,c_ASP1056,mut_s1,detail,1,19,FUMDYIGQJOCQBC-UHFFFAOYNA-N,-7.079
IGF1R,c_ASP1056,mut_s1,detail,1,20,GLEVLJDDWXEYCO-WYUMXYHSNA-N,-7.334
IGF1R,c_ASP1056,mut_s1,detail,1,21,PWCMYVJXHPBJNZ-FSHPWJEWNA-N,-6.272
IGF1R,c_ASP1056,mut_s1,detail,1,22,CLPZQGXGPKJOMN-XWKXFZRBNA-N,-6.857
IGF1R,c_ASP1056,mut_s1,detail,1,23,UFUOEKYHBCFTGW-RWJRRMEYNA-N,-6.845
IGF1R,c_ASP1056,mut_s1,detail,1,24,CMNIOKDUTCZQJB-NDKGDYFDNA-N,-6.497
IGF1R,c_ASP1056,mut_s1,detail,1,25,ZVNPQHHQIVQYPI-ZHACJKMWNA-N,-8.973
IGF1R,c_ASP1056,mut_s1,detail,1,26,HHPYZGCOAAJZTN-NKWLYDBFNA-N,-7.473
IGF1R,c_ASP1056,mut_s1,detail,1,27,ANYSYRVXKLTFPB-UHFFFAOYNA-N,-7.546
IGF1R,c_ASP1056,mut_s1,detail,1,28,JISYUXULRDZARX-HCKMINDGNA-N,-7.414
IGF1R,c_ASP1056,mut_s1,detail,1,29,VTLWDCDAVLVOHR-HCKMINDGNA-N,-8.136
IGF1R,c_ASP1056,mut_s1,detail,1,30,BBMWNEXSYXLWEO-WYUMXYHSNA-N,-6.648
IGF1R,c_ASP1056,mut_s1,detail,1,31,WZGCZUAYIBWZAN-YHSKDTNENA-N,-7.46
IGF1R,c_ASP1056,mut_s1,detail,1,32,RVNORUCXEIIROU-UHFFFAOYNA-N,-7.908
IGF1R,c_ASP1056,mut_s1,detail,1,33,ZTJZVOMEMRNYKF-JSGPKCTENA-N,-6.404
IGF1R,c_ASP1056,mut_s1,detail,1,34,WQKOQOZXZQJNRC-GPQMBLKYNA-N,-8.302
IGF1R,c_ASP1056,mut_s1,detail,1,35,WKLBCLNIAGUINH-GAJRPKRDNA-N,-6.221
IGF1R,c_ASP1056,mut_s1,detail,1,36,ZVOVGLCUMDQIHF-VPQZEOPVNA-N,-6.427
IGF1R,c_ASP1056,mut_s1,detail,1,37,UGKZABQBFUBOFG-WDFGQQGSNA-N,-6.848
IGF1R,c_ASP1056,mut_s1,detail,1,38,RTJRNIJPLOVJLH-WYUMXYHSNA-N,-6.851
IGF1R,c_ASP1056,mut_s1,detail,1,39,MUJCQGFFHCARCQ-UYBDAZJANA-N,-9.14
IGF1R,c_ASP1056,mut_s1,detail,1,40,FZSPJBYOKQPKCD-VIFPVBQENA-N,-6.304
IGF1R,c_ASP1056,mut_s1,detail,1,41,RWPHPOMFTPAOAS-JLGFQASFNA-N,-7.67
IGF1R,c_ASP1056,mut_s1,detail,1,42,ZXVNJVRABSCRGU-GPQMBLKYNA-N,-7.59
IGF1R,c_ASP1056,mut_s1,detail,1,43,KZAOEMMZRGEBST-OOGKJWBGNA-N,-7.694
IGF1R,c_ASP1056,mut_s1,detail,1,44,NEIVPRTZAHUZEA-WYUMXYHSNA-N,-6.186
IGF1R,c_ASP1056,mut_s1,detail,1,45,PYKJFEPAUKAXNN-UHFFFAOYNA-N,-7.067
IGF1R,c_ASP1056,mut_s1,detail,1,46,BPUNDQLKPUIGBR-GPQMBLKYNA-N,-6.737
IGF1R,c_ASP1056,mut_s1,detail,1,47,WDFLSTQJUFMIIW-UHFFFAOYNA-N,-7.562
IGF1R,c_ASP1056,mut_s1,detail,1,48,BJLQEYLWUSSEKH-CMPMBVLYNA-N,-7.818
IGF1R,c_ASP1056,mut_s1,detail,1,49,HZUGIOKMHRUHMF-ADJYBIKJNA-N,-7.687
IGF1R,c_ASP1056,mut_s1,detail,1,50,PBWQQQLCZDQSET-XWKXFZRBNA-N,-6.161
IGF1R,c_ASP1056,mut_s1,detail,1,51,ISSLSGLIFQSYJA-HCKMINDGNA-N,-7.775
IGF1R,c_ASP1056,mut_s1,detail,1,52,OAXDEJIQWHXCJI-UHFFFAOYNA-N,-7.115
IGF1R,c_ASP1056,mut_s1,detail,1,53,BCJVFDDJSOEKKQ-UHFFFAOYNA-N,-7.124
IGF1R,c_ASP1056,mut_s1,detail,1,54,QFJGCDWXDUDFAD-UHFFFAOYNA-N,-8.776
IGF1R,c_ASP1056,mut_s1,detail,1,55,JVBGNPPYXIWVPH-WYCIUFAENA-N,-5.29
IGF1R,c_ASP1056,mut_s1,detail,1,56,BYJAVTDNIXVSPW-YHMJCDSINA-N,-6.701
IGF1R,c_ASP1056,mut_s1,detail,1,57,MQGMUPFWCDYDFO-UHFFFAOYNA-N,-7.136
IGF1R,c_ASP1056,mut_s1,detail,1,58,OACAJASVXJLTAT-UHFFFAOYNA-N,-7.1
IGF1R,c_ASP1056,mut_s1,detail,1,59,AQSGGOLDOQGOAO-FNCQTZNRNA-N,-6.505
IGF1R,c_ASP1056,mut_s1,detail,1,60,SOBHKZHLCOJHTI-YHMJCDSINA-N,-7.586
IGF1R,c_ASP1056,mut_s1,detail,1,61,NUFCOZJTDHUROG-PKGMMKRDNA-N,-6.69
IGF1R,c_ASP1056,mut_s1,detail,1,62,KZTOUMBNPVCTLR-GFJIPZKJNA-N,-8.593
IGF1R,c_ASP1056,mut_s1,detail,1,63,CLEMZXMGJNNUTH-LILDFLRNNA-N,-8.805
IGF1R,c_ASP1056,mut_s1,detail,1,64,MXRJUMCOVVUCLC-UHFFFAOYNA-N,-8.255
IGF1R,c_ASP1056,mut_s1,detail,1,65,HZDIAENSPHDHRS-UHFFFAOYNA-N,-7.6
IGF1R,c_ASP1056,mut_s1,detail,1,66,CHDODAJYQOTMTK-PKSOQXRJNA-N,-7.919
IGF1R,c_ASP1056,mut_s1,detail,1,67,VRFRJWXCOPEIII-QWOVJGMINA-N,-8.14
IGF1R,c_ASP1056,mut_s1,detail,1,68,WTOLVFBACFWUSN-QGOAFFKANA-N,-8.048
IGF1R,c_ASP1056,mut_s1,detail,1,69,KDJZDSPTXVFGOF-NPVYFSBINA-N,-8.211
IGF1R,c_ASP1056,mut_s1,detail,1,70,MUXXNOOBECTQPY-UHFFFAOYNA-N,-7.481
IGF1R,c_ASP1056,mut_s1,detail,1,71,OBUUPTPELQALTE-UYBDAZJANA-N,-7.274
IGF1R,c_ASP1056,mut_s1,detail,1,72,FKOXOEKZVRISIU-NPVYFSBINA-N,-7.712
IGF1R,c_ASP1056,mut_s1,detail,1,73,ZOKNKPRORGNRMQ-BXBDENJDNA-N,-7.372
IGF1R,c_ASP1056,mut_s1,detail,1,74,KWJAZTNSKVNVEC-UHFFFAOYNA-N,-7.471
IGF1R,c_ASP1056,mut_s1,detail,1,75,RPBVHEVTQXVWDL-NGZNMCPLNA-N,-9.131
IGF1R,c_ASP1056,mut_s1,detail,1,76,ZSKKLMIULIVRSI-QWOVJGMINA-N,-7.507
IGF1R,c_ASP1056,mut_s1,detail,1,77,VLKGZJJKNXFENI-LILDFLRNNA-N,-8.041
IGF1R,c_ASP1056,mut_s1,detail,1,78,NCKZVQLIUXCUQF-UHFFFAOYNA-N,-7.152
IGF1R,c_ASP1056,mut_s1,detail,1,79,TYYOBUBDDDDKPC-UHFFFAOYNA-N,-8.769
IGF1R,c_ASP1056,mut_s1,detail,1,80,AQMRDIZFWYYMBQ-QWOVJGMINA-N,-7.991
IGF1R,c_ASP1056,mut_s1,detail,1,81,IVRPZSQLORCONO-UHFFFAOYNA-N,-7.985
IGF1R,c_ASP1056,mut_s1,detail,1,82,IRNFLRZZSCRLSQ-NPVYFSBINA-N,-8.671
IGF1R,c_ASP1056,mut_s1,detail,1,83,UUMBQVLEWSWSOO-GPQMBLKYNA-N,-8.8
IGF1R,c_ASP1056,mut_s1,detail,1,84,ASCHVCPAOUSKIZ-GPQMBLKYNA-N,-8.462
IGF1R,c_ASP1056,mut_s1,detail,1,85,NVGGHEIBFBOAHY-UHFFFAOYNA-N,-8.842
IGF1R,c_ASP1056,mut_s1,detail,1,86,JIOIPFWJCUUZEU-PKSOQXRJNA-N,-8.465
IGF1R,c_ASP1056,mut_s1,detail,1,87,RGAJQRZKKQXIEQ-XBTAAFKLNA-N,-5.93
IGF1R,c_ASP1056,mut_s1,detail,1,88,DOVBELPPXZSOPX-UHFFFAOYNA-N,-8.263
IGF1R,c_ASP1056,mut_s1,detail,1,89,VFOWTBWNNOVCPH-WJDWOHSUNA-N,-8.106
IGF1R,c_ASP1056,mut_s1,detail,1,90,HKWNGVFHUCRTTQ-QVUQFMIFNA-N,-8.515
IGF1R,c_ASP1056,mut_s1,detail,1,91,VPMBMFYJJPEBKS-XBTAAFKLNA-N,-7.834
IGF1R,c_ASP1056,mut_s1,detail,1,92,OPIXMYPGGYYGRV-PKSOQXRJNA-N,-8.476
IGF1R,c_ASP1056,mut_s1,detail,1,93,ASWFTNOPBUOHSG-UHFFFAOYNA-N,-9.12
IGF1R,c_ASP1056,mut_s1,detail,1,94,YIFJQOSOEFTEHM-QWOVJGMINA-N,-7.659
IGF1R,c_ASP1056,mut_s1,detail,1,95,CYRPZNLZOLVKKM-PKSOQXRJNA-N,-8.899
IGF1R,c_ASP1056,mut_s1,detail,1,96,PSRSNNQFQFGFKV-QWOVJGMINA-N,-8.753
IGF1R,c_ASP1056,mut_s1,detail,1,97,PSJJZUSBTGJHEC-WYUMXYHSNA-N,-6.96
IGF1R,c_ASP1056,mut_s1,detail,1,98,RCTHTZYLLISDPT-VVKINWOJNA-N,-8.852
IGF1R,c_ASP1056,mut_s1,detail,1,99,UNWANCHXNSSIJJ-PKSOQXRJNA-N,-7.719
IGF1R,c_ASP1056,mut_s1,detail,1,100,OJBGHXIETMBPHZ-UHFFFAOYNA-N,-7.373
IGF1R,c_ASP1056,mut_s1,detail,1,101,KNDRDFFUMNHLRJ-LILDFLRNNA-N,-8.242
IGF1R,c_ASP1056,mut_s1,detail,1,102,PBGALVWBACEVEC-QWOVJGMINA-N,-9.03
IGF1R,c_ASP1056,mut_s1,detail,1,103,SRLVRCUUJBEIBP-UHFFFAOYNA-N,-7.478
IGF1R,c_ASP1056,mut_s1,detail,1,104,UVGHDRGQXQVMNW-UHFFFAOYNA-N,-7.077
IGF1R,c_ASP1056,mut_s1,detail,1,105,YIUJUFFZJHPDAY-SDRQFZCRNA-N,-8.324
IGF1R,c_ASP1056,mut_s1,detail,1,106,UYPODJSKAAJGNR-UYBDAZJANA-N,-7.744
IGF1R,c_ASP1056,mut_s1,detail,1,107,YWMYHDFGDRTCPV-BXGKXWMCNA-N,-8.182
IGF1R,c_ASP1056,mut_s1,detail,1,108,RPVJOFUOUDWRGV-LILDFLRNNA-N,-8.577
IGF1R,c_ASP1056,mut_s1,detail,1,109,LUKGDWAOTYXHEM-XBTAAFKLNA-N,-8.227
IGF1R,c_ASP1056,mut_s1,detail,1,110,CHJMEHVGESAPSR-UHFFFAOYNA-N,-8.455
IGF1R,c_ASP1056,mut_s1,detail,1,111,JDZNTGMSMHYYCY-NPVYFSBINA-N,-8.614
IGF1R,c_ASP1056,mut_s1,detail,1,112,CRZKGBDGHDTLNN-UHFFFAOYNA-N,-7.003
IGF1R,c_ASP1056,mut_s1,detail,1,113,ALLYNSCMTRSFNH-UHFFFAOYNA-N,-7.84
IGF1R,c_ASP1056,mut_s1,detail,1,114,HTVVQAPUWGNILV-PKSOQXRJNA-N,-8.64
IGF1R,c_ASP1056,mut_s1,detail,1,115,HEKHUTSUFJPTQY-UHFFFAOYNA-N,-9.182
IGF1R,c_ASP1056,mut_s1,detail,1,116,ZTTIICUFHXUACO-HNENSFHCNA-N,-7.065
IGF1R,c_ASP1056,mut_s1,detail,1,117,GYJDRNKSYOJANZ-QVUQFMIFNA-N,-8.725
IGF1R,c_ASP1056,mut_s1,detail,1,118,QSBMVUOOXXRNFY-UHFFFAOYNA-N,-7.859
IGF1R,c_ASP1056,mut_s1,detail,1,119,VRMMQHDQMURNDV-PGYIFSQXNA-N,-7.111
IGF1R,c_ASP1056,mut_s1,detail,1,120,FHGICQLRHVZVCW-TWSYTRIPNA-N,-8.793
IGF1R,c_ASP1056,mut_s1,detail,1,121,WWZHRJDMAZBTGY-WYUMXYHSNA-N,-8.043
IGF1R,c_ASP1056,mut_s1,detail,1,122,GXHBBVOBKJURCM-UHFFFAOYNA-N,-7.236
IGF1R,c_ASP1056,mut_s1,detail,1,123,GKJWYULRCHAYTN-UYBDAZJANA-N,-8.089
IGF1R,c_ASP1056,mut_s1,detail,1,124,LJFRBCQBJFKUBA-LILDFLRNNA-N,-9.418
IGF1R,c_ASP1056,mut_s1,detail,1,125,JGJYHHGYTXVQLH-MZSCVVMKNA-N,-8.135
IGF1R,c_ASP1056,mut_s1,detail,1,126,WJPDMYDDAMHBSE-UZYVYHOENA-N,-9.27
IGF1R,c_ASP1056,mut_s1,detail,1,127,GVOMJEIYRXTYCN-LILDFLRNNA-N,-8.314
IGF1R,c_ASP1056,mut_s1,detail,1,128,LTZVLHHIAUKGBP-LELJVTLKNA-N,-8.737
IGF1R,c_ASP1056,mut_s1,detail,1,129,FIKLOQNDPSVUGH-LBOYIXSDNA-N,-7.841
IGF1R,c_ASP1056,mut_s1,detail,1,130,GIEJIAIRYKSRHU-MPIMZMORNA-N,-8.641
IGF1R,c_ASP1056,mut_s1,detail,1,131,XFKYWJPYYRTYBR-ODOKVQCSNA-N,-8.035
IGF1R,c_ASP1056,mut_s1,detail,1,132,PKSFLOGCPXWJIU-MEDUHNTENA-N,-8.536
IGF1R,c_ASP1056,mut_s1,detail,1,133,JLHJTKOPNATISN-LELJVTLKNA-N,-7.817
IGF1R,c_ASP1056,mut_s1,detail,1,134,GUBNROKMFNBDBZ-GRDNDAEWNA-N,-7.709
IGF1R,c_ASP1056,mut_s1,detail,1,135,KGCQIOUZEREWDG-UHFFFAOYNA-N,-8.024
IGF1R,c_ASP1056,mut_s1,detail,1,136,DWDHSAAOHLDDKE-QWOVJGMINA-N,-7.485
IGF1R,c_ASP1056,mut_s1,detail,1,137,XSTAWOGBOKIKIE-UKZVOYCKNA-N,-7.587
IGF1R,c_ASP1056,mut_s1,detail,1,138,OWXORKPNCHJYOF-JFRKDZMVNA-N,-8.057
IGF1R,c_ASP1056,mut_s1,detail,1,139,MQOILMOKFLJWRN-KYCGMZMQNA-N,-9.34
IGF1R,c_ASP1056,mut_s1,detail,1,140,BJROQKFYPRCGFD-LQFNOIFHNA-N,-8.631
IGF1R,c_ASP1056,mut_s1,detail,1,141,PLWVUIRWJVKSSD-XBXARRHUNA-N,-7.621
IGF1R,c_ASP1056,mut_s1,detail,1,142,HFWSIVHELHSGJY-JJIBRWJFNA-N,-8.118
IGF1R,c_ASP1056,mut_s1,detail,1,143,QMHSEIOSCQWTPQ-LNNLXFCONA-N,-7.382
IGF1R,c_ASP1056,mut_s1,detail,1,144,FBHVHCWHAVLWJT-OYSRHTCDNA-N,-8.328
IGF1R,c_ASP1056,mut_s1,detail,1,145,CEZNOHQWEHKPJP-LQFNOIFHNA-N,-9.277
IGF1R,c_ASP1056,mut_s1,detail,1,146,KOFRNRJMKWZBMR-RVJKNMGLNA-N,-7.305
IGF1R,c_ASP1056,mut_s1,detail,1,147,PGPPCCZSDRAQKA-SYZQJQIINA-N,-7.397
IGF1R,c_ASP1056,mut_s1,detail,1,148,VGUBMLBOECHPGN-MHEVPKQANA-N,-8.619
IGF1R,c_ASP1056,mut_s1,detail,1,149,PCORSCGAGFGSSR-UHFFFAOYNA-N,-6.572
IGF1R,c_ASP1056,mut_s1,detail,1,150,JGNCAWPKZCFGOI-BXGKXWMCNA-N,-9.356
IGF1R,c_ASP1056,mut_s1,detail,1,151,ULONVLUMOUFCID-LNNLXFCONA-N,-8.939
IGF1R,c_ASP1056,mut_s1,detail,1,152,HCPHOPNEKKCOEN-LNNLXFCONA-N,-8.636
IGF1R,c_ASP1056,mut_s1,detail,1,153,OMJCCYYNBCJNOL-FVAMHUBNNA-N,-7.926
IGF1R,c_ASP1056,mut_s1,detail,1,154,SZUCFANUUBSCPX-PJQSKVNONA-N,-8.27
IGF1R,c_ASP1056,mut_s1,detail,1,155,QHLRKDSRGUZHSH-UHFFFAOYNA-N,-7.461
IGF1R,c_ASP1056,mut_s1,detail,1,156,QUFUFSGGBADBIH-UHFFFAOYNA-N,-8.096
IGF1R,c_ASP1056,mut_s1,detail,1,157,WPBGBXPZNCPYQB-UHFFFAOYNA-N,-8.563
IGF1R,c_ASP1056,mut_s1,detail,1,158,BXVSKXWPXKQTOL-UHFFFAOYNA-N,-8.452
IGF1R,c_ASP1056,mut_s1,detail,1,159,WNELYPHBVMGNQP-UHFFFAOYNA-N,-8.518
IGF1R,c_ASP1056,mut_s1,detail,1,160,POOIONRPVWIUHF-LQFNOIFHNA-N,-8.29
IGF1R,c_ASP1056,mut_s1,detail,1,161,NZPQBADYZFTGOT-UHFFFAOYNA-N,-8.02
IGF1R,c_ASP1056,mut_s1,detail,1,162,MAOZUYDDGGFCKF-WFELUYCUNA-N,-7.99
IGF1R,c_ASP1056,mut_s1,detail,1,163,PEANHJHNIYISMY-UHFFFAOYNA-N,-8.228
IGF1R,c_ASP1056,mut_s1,detail,1,164,ABFVBWQMBVYWMV-UHFFFAOYNA-N,-7.76
IGF1R,c_ASP1056,mut_s1,detail,1,165,UMUOTXHWTLGGIP-QWOVJGMINA-N,-6.961
IGF1R,c_ASP1056,mut_s1,detail,1,166,NYVXKWVMQVVBRC-QWOVJGMINA-N,-7.854
IGF1R,c_ASP1056,mut_s1,detail,1,167,OVGDAEHQLCSRDI-UHFFFAOYNA-N,-7.107
IGF1R,c_ASP1056,mut_s1,detail,1,168,BZXWWWGSEIRPLV-UHFFFAOYNA-N,-7.815
IGF1R,c_ASP1056,mut_s1,detail,1,169,FXGKAQHXFGXOPR-UHFFFAOYNA-N,-8.38
IGF1R,c_ASP1056,mut_s1,detail,1,170,HVIXAPJIOPIFIY-UHFFFAOYNA-N,-6.839
IGF1R,c_ASP1056,mut_s1,detail,1,171,LIRQEBOXUUPWJJ-LNNLXFCONA-N,-8.255
IGF1R,c_ASP1056,mut_s1,detail,1,172,ZDIIOUBKRSIUED-LQFNOIFHNA-N,-8.148
IGF1R,c_ASP1056,mut_s1,detail,1,173,LTWUSAKSGJMCRY-UHFFFAOYNA-N,-8.415
IGF1R,c_ASP1056,mut_s1,detail,1,174,PNDIKCGLYJOYIK-UYBDAZJANA-N,-8.396
IGF1R,c_ASP1056,mut_s1,detail,1,175,MGSHIAIRIYECSG-MPIMZMORNA-N,-7.686
IGF1R,c_ASP1056,mut_s1,detail,1,176,MVWYIUZSZIETFZ-KYUNMXQPNA-N,-7.648
IGF1R,c_ASP1056,mut_s1,detail,1,177,XGTOSEODMLDCBR-UHFFFAOYNA-N,-7.436
IGF1R,c_ASP1056,mut_s1,detail,1,178,NYHRLEZMHRGFLZ-UYBDAZJANA-N,-8.37
IGF1R,c_ASP1056,mut_s1,detail,1,179,KZGNFRGGQVBHRV-UHFFFAOYNA-N,-9.068
IGF1R,c_ASP1056,mut_s1,detail,1,180,SXXXSTPMDGKOCH-LQFNOIFHNA-N,-9.338
IGF1R,c_ASP1056,mut_s1,detail,1,181,VJGFWNZWHKBDNN-HPHMPNDVNA-N,-7.52
IGF1R,c_ASP1056,mut_s1,detail,1,182,SBLZEXLDNURADT-LELJVTLKNA-N,-7.061
IGF1R,c_ASP1056,mut_s1,detail,1,183,OINVQDVVQWTWJM-YNGZFIAGNA-N,-8.796
IGF1R,c_ASP1056,mut_s1,detail,1,184,RJZHELXWHJKNAM-NPVYFSBINA-N,-7.345
IGF1R,c_ASP1056,mut_s1,detail,1,185,MAXGWTGCLOXELV-UHFFFAOYNA-N,-9.227
IGF1R,c_ASP1056,mut_s1,detail,1,186,PNHBRYIAJCYNDA-VQCQRNETNA-N,-10.468
IGF1R,c_ASP1056,mut_s1,detail,1,187,QGZIKUYIROAFSE-QWOVJGMINA-N,-8.154
IGF1R,c_ASP1056,mut_s1,detail,1,188,QTIJDOJTNOHQTC-WQGACYEGNA-N,-6.979
IGF1R,c_ASP1056,mut_s1,detail,1,189,OMLLGNQJKXQVKT-TUXCJRKWNA-N,-8.521
IGF1R,c_ASP1056,mut_s1,detail,1,190,FNLHLKPQZWPTTK-UHFFFAOYNA-N,-8.768
IGF1R,c_ASP1056,mut_s1,detail,1,191,XBPLTFIKHVYSDD-UHFFFAOYNA-N,-8.675
IGF1R,c_ASP1056,mut_s1,detail,1,192,VEXPKIRCYBYITI-BEFZCSJLNA-N,-10.836
IGF1R,c_ASP1056,mut_s1,detail,1,193,WDVQKHWASUJMRH-LNNLXFCONA-N,-8.658
IGF1R,c_ASP1056,mut_s1,detail,1,194,DAUHEXDIKFZUFM-BZCDMSEBNA-N,-8.74
IGF1R,c_ASP1056,mut_s1,detail,1,195,HCFHHWIWTWPKFH-UHFFFAOYNA-N,-7.836
IGF1R,c_ASP1056,mut_s1,detail,1,196,PIFJHAXQZFBLCQ-ZVBCKELPNA-N,-8.969
IGF1R,c_ASP1056,mut_s1,detail,1,197,CGBYUWXVJWRJIR-LLJNPURJNA-N,-8.459
IGF1R,c_ASP1056,mut_s1,detail,1,198,CLHNZVNBTRJSNX-NSJMMFDCNA-N,-8.375
IGF1R,c_ASP1056,mut_s1,detail,1,199,JKMJQRRLCJXPOK-SREBMQDQNA-N,-8.768
IGF1R,c_ASP1056,mut_s1,detail,1,200,HHXLRWIDFFFFKX-LELJVTLKNA-N,-8.074
IGF1R,c_ASP1056,mut_s1,detail,1,201,BZCFDJGFEXLRFA-NYHNBARNNA-N,-9.853
IGF1R,c_ASP1056,mut_s1,detail,1,202,IEZNLWGERBHQJK-KEAFGAQVNA-N,-9.058
IGF1R,c_ASP1056,mut_s1,detail,1,203,ZBJYTLVBCAOWHI-PKRZOPRNNA-N,-7.288
IGF1R,c_ASP1056,mut_s1,detail,1,204,FGMQRSXQOIDDJD-PKRZOPRNNA-N,-7.912
IGF1R,c_ASP1056,mut_s1,detail,1,205,XDGHTBHPIPZHLJ-KMZMRBKQNA-N,-9.799
IGF1R,c_ASP1056,mut_s1,detail,1,206,WSGZHZGDPVCVHF-UHFFFAOYNA-N,-9.745
IGF1R,c_ASP1056,mut_s1,detail,1,207,HXWAXUQSZMRTTE-YLBMWQQONA-N,-8.235
IGF1R,c_ASP1056,mut_s1,detail,1,208,FCZVXTBFAYFUHQ-UHFFFAOYNA-N,-9.375
IGF1R,c_ASP1056,mut_s1,detail,1,209,YAZOIIMRVUPEOT-DHDJHLBQNA-N,-8.168
IGF1R,c_ASP1056,mut_s1,detail,1,210,KVNQZVOXEZCBRJ-PECRYQBZNA-N,-8.413
IGF1R,c_ASP1056,mut_s1,detail,1,211,IYBSHHORKOCFKZ-LNNLXFCONA-N,-8.692
IGF1R,c_ASP1056,mut_s1,detail,1,212,RSTMZFOEDVJAHN-OXBUWGKVNA-N,-9.281
IGF1R,c_ASP1056,mut_s1,detail,1,213,NYWCANYSFKVUNN-UHFFFAOYNA-N,-7.573
IGF1R,c_ASP1056,mut_s1,detail,1,214,XFQNPVRVZXSQSI-IVGLCWOSNA-N,-10.032
IGF1R,c_ASP1056,mut_s1,detail,1,215,HXGZQYVBZUMUDK-HXTKINSTNA-N,-8.369
IGF1R,c_ASP1056,mut_s1,detail,1,216,BKWBUUYCHYLRLF-NSJMMFDCNA-N,-7.074
IGF1R,c_ASP1056,mut_s1,detail,1,217,JRRKWFRTDFOWAB-XDUJAMRANA-N,-7.902
IGF1R,c_ASP1056,mut_s1,detail,1,218,FPOLFSCTFRBBHI-QGZVFWFLNA-N,-8.544
IGF1R,c_ASP1056,mut_s1,detail,1,219,RPPDOGWFJZOEQX-LVWGJNHUNA-N,-7.115
IGF1R,c_ASP1056,mut_s1,detail,1,220,JYOPBQURUBDKLK-LELJVTLKNA-N,-9.643
IGF1R,c_ASP1056,mut_s1,detail,1,221,LNENLABLFGGAFF-INUABGGHNA-N,-8.604
IGF1R,c_ASP1056,mut_s1,detail,1,222,BAQVKFUOCGTGBI-FCDIKQFGNA-N,-7.855
IGF1R,c_ASP1056,mut_s1,detail,1,223,SYJAKTNXXAWUQU-BYGYBERANA-N,-9.02
IGF1R,c_ASP1056,mut_s1,detail,1,224,KCFZFOHSAGLLGQ-LUBWAWCANA-N,-8.578
IGF1R,c_ASP1056,mut_s1,detail,1,225,LDJWHJQMWPYZLV-WHDAICOONA-N,-8.118
IGF1R,c_ASP1056,mut_s1,detail,1,226,AXUDSCZCBZMENI-UHFFFAOYNA-N,-8.667
IGF1R,c_ASP1056,mut_s1,detail,1,227,DDXHLMOKYYMXTK-OBAATPRFNA-N,-7.288
IGF1R,c_ASP1056,mut_s1,detail,1,228,KTOSTKQYNJBYHF-PKOBYXMFNA-N,-8.551
IGF1R,c_ASP1056,mut_s1,detail,1,229,ZCFWJPJEBJVXTO-UHFFFAOYNA-N,-8.393
IGF1R,c_ASP1056,mut_s1,detail,1,230,NJVFOFMHUJJIMB-UHFFFAOYNA-N,-8.338
IGF1R,c_ASP1056,mut_s1,detail,1,231,XUEQVOGPWKWKNT-XBXBPLPCNA-N,-8.205
IGF1R,c_ASP1056,mut_s1,detail,1,232,MLFYMBALEIQTEJ-LBOYIXSDNA-N,-8.456
IGF1R,c_ASP1056,mut_s1,detail,1,233,AETJFEZDSLASSU-XTEPFMGCNA-N,-8.955
IGF1R,c_ASP1056,mut_s1,detail,1,234,GSNNWCVFRNINCY-UHFFFAOYNA-N,-7.934
IGF1R,c_ASP1056,mut_s1,detail,1,235,UIHGNJALPXKJRE-UHFFFAOYNA-N,-10.023
IGF1R,c_ASP1056,mut_s1,detail,1,236,BBUDWIYSLGTZTQ-SGMUJJOCNA-N,-7.862
IGF1R,c_ASP1056,mut_s1,detail,1,237,CBYYNSKRRKXPFV-LELJVTLKNA-N,-8.066
IGF1R,c_ASP1056,mut_s1,detail,1,238,NMFTXZYZNCQGNR-MTTPVDACNA-N,-9.582
IGF1R,c_ASP1056,mut_s1,detail,1,239,QTKARDGAUMDUCL-LAEKOWRLNA-N,-10.341
IGF1R,c_ASP1056,mut_s1,detail,1,240,VNEQUOUVFXAVMH-SANMLTNENA-N,-7.587
IGF1R,c_ASP1056,mut_s1,detail,1,241,IJPPTSNWQLJFSU-LNNLXFCONA-N,-8.062
IGF1R,c_ASP1056,mut_s1,detail,1,242,DJQIFFIREHYQCT-OSPHWJPCNA-N,-8.714
IGF1R,c_ASP1056,mut_s1,detail,1,243,KOZFSFOOLUUIGY-SLMOLSELNA-N,-8.919
IGF1R,c_ASP1056,mut_s1,detail,1,244,WILPFKVTYXJQQV-ZMCXWUQGNA-N,-8.134
IGF1R,c_ASP1056,mut_s1,detail,1,245,NZELHCGEQZMIBB-UHFFFAOYNA-N,-9.18
IGF1R,c_ASP1056,mut_s1,detail,1,246,VKGWONFLJDZUKM-NSJMMFDCNA-N,-8.45
IGF1R,c_ASP1056,mut_s1,detail,1,247,XUHSVEXCUONJNQ-PMERELPUNA-N,-7.693
IGF1R,c_ASP1056,mut_s1,detail,1,248,ZFOAPODMCDEDHA-UHFFFAOYNA-N,-8.951
IGF1R,c_ASP1056,mut_s1,detail,1,249,PZCSJBQJENRLHD-ULJJZXAINA-N,-7.701
IGF1R,c_ASP1056,mut_s1,detail,1,250,IOSLXICJNAAKOP-ZFJUVRDGNA-N,-8.397
IGF1R,c_ASP1056,mut_s1,detail,1,251,HUDCDZLLNLJTEW-RBSQRGBYNA-N,-8.803
IGF1R,c_ASP1056,mut_s1,detail,1,252,IKUATMHYCWRCHC-XUIBWRPBNA-N,-9.047
IGF1R,c_ASP1056,mut_s1,detail,1,253,HCEYJYMNIQHPPK-WKJNMVSGNA-N,-8.879
IGF1R,c_ASP1056,mut_s1,detail,1,254,ZLEIPSPWAZJWJP-DHDJHLBQNA-N,-7.991
IGF1R,c_ASP1056,mut_s1,detail,1,255,ZKDQUBKHXMXRRH-KUWNNRQRNA-N,-8.649
IGF1R,c_LEU1051,mut_s1,detail,1,0,QGXBDMJGAMFCBF-WRZMNKJANA-N,-8.55
IGF1R,c_LEU1051,mut_s1,detail,1,1,XZORRJGRPUBUJO-UHFFFAOYNA-N,-6.109
IGF1R,c_LEU1051,mut_s1,detail,1,2,RIOOLQVLOZQLQJ-CYBMUJFWNA-N,-5.872
IGF1R,c_LEU1051,mut_s1,detail,1,3,JMAMZIYMGUDBDZ-YAQRNVERNA-N,-6.709
IGF1R,c_LEU1051,mut_s1,detail,1,4,SOHFVFXITPDEDK-GMNMMWFNNA-N,-7.136
IGF1R,c_LEU1051,mut_s1,detail,1,5,HQPUBFWUNXGPNP-FECSGLDJNA-N,-6.454
IGF1R,c_LEU1051,mut_s1,detail,1,6,URSPNXKDALRRBJ-FQFUPTBWNA-N,-7.432
IGF1R,c_LEU1051,mut_s1,detail,1,7,MALHKRCDHFAKIM-GPQMBLKYNA-N,-7.295
IGF1R,c_LEU1051,mut_s1,detail,1,8,VDGCRTGHEWIBAL-YAQRNVERNA-N,-6.964
IGF1R,c_LEU1051,mut_s1,detail,1,9,VOWBZMVBYGELAY-UHFFFAOYNA-N,-7.216
IGF1R,c_LEU1051,mut_s1,detail,1,10,GKBJOMPRUSWVJA-UHFFFAOYNA-N,-6.673
IGF1R,c_LEU1051,mut_s1,detail,1,11,RQLXWVPRGJJWEK-BFHABQRXNA-N,-6.827
IGF1R,c_LEU1051,mut_s1,detail,1,12,OQWMEUSTXXVVIU-NWANDNLSNA-N,-6.548
IGF1R,c_LEU1051,mut_s1,detail,1,13,SVIIYVRLTJRIIR-UHFFFAOYNA-N,-6.599
IGF1R,c_LEU1051,mut_s1,detail,1,14,XIQVFMHGZHWKNA-LILDFLRNNA-N,-7.871
IGF1R,c_LEU1051,mut_s1,detail,1,15,ABQUFQQMQCPHOH-NCWAPJAINA-N,-6.677
IGF1R,c_LEU1051,mut_s1,detail,1,16,BNGLUFUDMHHURB-UYBDAZJANA-N,-7.785
IGF1R,c_LEU1051,mut_s1,detail,1,17,JXAGPFSGJKRKBY-UHFFFAOYNA-N,-7.735
IGF1R,c_LEU1051,mut_s1,detail,1,18,DINPOPQNCDTVPQ-YGPBECBDNA-N,-7.062
IGF1R,c_LEU1051,mut_s1,detail,1,19,FUMDYIGQJOCQBC-UHFFFAOYNA-N,-7.443
IGF1R,c_LEU1051,mut_s1,detail,1,20,GLEVLJDDWXEYCO-WYUMXYHSNA-N,-7.37
IGF1R,c_LEU1051,mut_s1,detail,1,21,PWCMYVJXHPBJNZ-FSHPWJEWNA-N,-6.444
IGF1R,c_LEU1051,mut_s1,detail,1,22,CLPZQGXGPKJOMN-XWKXFZRBNA-N,-6.923
IGF1R,c_LEU1051,mut_s1,detail,1,23,UFUOEKYHBCFTGW-RWJRRMEYNA-N,-6.943
IGF1R,c_LEU1051,mut_s1,detail,1,24,CMNIOKDUTCZQJB-NDKGDYFDNA-N,-6.622
IGF1R,c_LEU1051,mut_s1,detail,1,25,ZVNPQHHQIVQYPI-ZHACJKMWNA-N,-8.974
IGF1R,c_LEU1051,mut_s1,detail,1,26,HHPYZGCOAAJZTN-NKWLYDBFNA-N,-7.454
IGF1R,c_LEU1051,mut_s1,detail,1,27,ANYSYRVXKLTFPB-UHFFFAOYNA-N,-7.581
IGF1R,c_LEU1051,mut_s1,detail,1,28,JISYUXULRDZARX-HCKMINDGNA-N,-7.354
IGF1R,c_LEU1051,mut_s1,detail,1,29,VTLWDCDAVLVOHR-HCKMINDGNA-N,-7.456
IGF1R,c_LEU1051,mut_s1,detail,1,30,BBMWNEXSYXLWEO-WYUMXYHSNA-N,-6.751
IGF1R,c_LEU1051,mut_s1,detail,1,31,WZGCZUAYIBWZAN-YHSKDTNENA-N,-7.171
IGF1R,c_LEU1051,mut_s1,detail,1,32,RVNORUCXEIIROU-UHFFFAOYNA-N,-8.078
IGF1R,c_LEU1051,mut_s1,detail,1,33,ZTJZVOMEMRNYKF-JSGPKCTENA-N,-6.44
IGF1R,c_LEU1051,mut_s1,detail,1,34,WQKOQOZXZQJNRC-GPQMBLKYNA-N,-7.826
IGF1R,c_LEU1051,mut_s1,detail,1,35,WKLBCLNIAGUINH-GAJRPKRDNA-N,-6.226
IGF1R,c_LEU1051,mut_s1,detail,1,36,ZVOVGLCUMDQIHF-VPQZEOPVNA-N,-6.504
IGF1R,c_LEU1051,mut_s1,detail,1,37,UGKZABQBFUBOFG-WDFGQQGSNA-N,-6.819
IGF1R,c_LEU1051,mut_s1,detail,1,38,RTJRNIJPLOVJLH-WYUMXYHSNA-N,-7.036
IGF1R,c_LEU1051,mut_s1,detail,1,39,MUJCQGFFHCARCQ-UYBDAZJANA-N,-9.126
IGF1R,c_LEU1051,mut_s1,detail,1,40,FZSPJBYOKQPKCD-VIFPVBQENA-N,-6.494
IGF1R,c_LEU1051,mut_s1,detail,1,41,RWPHPOMFTPAOAS-JLGFQASFNA-N,-7.53
IGF1R,c_LEU1051,mut_s1,detail,1,42,ZXVNJVRABSCRGU-GPQMBLKYNA-N,-7.624
IGF1R,c_LEU1051,mut_s1,detail,1,43,KZAOEMMZRGEBST-OOGKJWBGNA-N,-7.805
IGF1R,c_LEU1051,mut_s1,detail,1,44,NEIVPRTZAHUZEA-WYUMXYHSNA-N,-6.321
IGF1R,c_LEU1051,mut_s1,detail,1,45,PYKJFEPAUKAXNN-UHFFFAOYNA-N,-7.036
IGF1R,c_LEU1051,mut_s1,detail,1,46,BPUNDQLKPUIGBR-GPQMBLKYNA-N,-6.819
IGF1R,c_LEU1051,mut_s1,detail,1,47,WDFLSTQJUFMIIW-UHFFFAOYNA-N,-7.648
IGF1R,c_LEU1051,mut_s1,detail,1,48,BJLQEYLWUSSEKH-CMPMBVLYNA-N,-7.667
IGF1R,c_LEU1051,mut_s1,detail,1,49,HZUGIOKMHRUHMF-ADJYBIKJNA-N,-7.472
IGF1R,c_LEU1051,mut_s1,detail,1,50,PBWQQQLCZDQSET-XWKXFZRBNA-N,-6.52
IGF1R,c_LEU1051,mut_s1,detail,1,51,ISSLSGLIFQSYJA-HCKMINDGNA-N,-7.787
IGF1R,c_LEU1051,mut_s1,detail,1,52,OAXDEJIQWHXCJI-UHFFFAOYNA-N,-6.372
IGF1R,c_LEU1051,mut_s1,detail,1,53,BCJVFDDJSOEKKQ-UHFFFAOYNA-N,-7.196
IGF1R,c_LEU1051,mut_s1,detail,1,54,QFJGCDWXDUDFAD-UHFFFAOYNA-N,-8.832
IGF1R,c_LEU1051,mut_s1,detail,1,55,JVBGNPPYXIWVPH-WYCIUFAENA-N,-5.672
IGF1R,c_LEU1051,mut_s1,detail,1,56,BYJAVTDNIXVSPW-YHMJCDSINA-N,-6.685
IGF1R,c_LEU1051,mut_s1,detail,1,57,MQGMUPFWCDYDFO-UHFFFAOYNA-N,-7.348
IGF1R,c_LEU1051,mut_s1,detail,1,58,OACAJASVXJLTAT-UHFFFAOYNA-N,-7.125
IGF1R,c_LEU1051,mut_s1,detail,1,59,AQSGGOLDOQGOAO-FNCQTZNRNA-N,-6.538
IGF1R,c_LEU1051,mut_s1,detail,1,60,SOBHKZHLCOJHTI-YHMJCDSINA-N,-7.684
IGF1R,c_LEU1051,mut_s1,detail,1,61,NUFCOZJTDHUROG-PKGMMKRDNA-N,-6.782
IGF1R,c_LEU1051,mut_s1,detail,1,62,KZTOUMBNPVCTLR-GFJIPZKJNA-N,-8.644
IGF1R,c_LEU1051,mut_s1,detail,1,63,CLEMZXMGJNNUTH-LILDFLRNNA-N,-8.915
IGF1R,c_LEU1051,mut_s1,detail,1,64,MXRJUMCOVVUCLC-UHFFFAOYNA-N,-8.321
IGF1R,c_LEU1051,mut_s1,detail,1,65,HZDIAENSPHDHRS-UHFFFAOYNA-N,-7.423
IGF1R,c_LEU1051,mut_s1,detail,1,66,CHDODAJYQOTMTK-PKSOQXRJNA-N,-8.097
IGF1R,c_LEU1051,mut_s1,detail,1,67,VRFRJWXCOPEIII-QWOVJGMINA-N,-7.902
IGF1R,c_LEU1051,mut_s1,detail,1,68,WTOLVFBACFWUSN-QGOAFFKANA-N,-7.958
IGF1R,c_LEU1051,mut_s1,detail,1,69,KDJZDSPTXVFGOF-NPVYFSBINA-N,-8.317
IGF1R,c_LEU1051,mut_s1,detail,1,70,MUXXNOOBECTQPY-UHFFFAOYNA-N,-6.761
IGF1R,c_LEU1051,mut_s1,detail,1,71,OBUUPTPELQALTE-UYBDAZJANA-N,-6.82
IGF1R,c_LEU1051,mut_s1,detail,1,72,FKOXOEKZVRISIU-NPVYFSBINA-N,-7.826
IGF1R,c_LEU1051,mut_s1,detail,1,73,ZOKNKPRORGNRMQ-BXBDENJDNA-N,-7.229
IGF1R,c_LEU1051,mut_s1,detail,1,74,KWJAZTNSKVNVEC-UHFFFAOYNA-N,-7.34
IGF1R,c_LEU1051,mut_s1,detail,1,75,RPBVHEVTQXVWDL-NGZNMCPLNA-N,-8.897
IGF1R,c_LEU1051,mut_s1,detail,1,76,ZSKKLMIULIVRSI-QWOVJGMINA-N,-7.5
IGF1R,c_LEU1051,mut_s1,detail,1,77,VLKGZJJKNXFENI-LILDFLRNNA-N,-8.192
IGF1R,c_LEU1051,mut_s1,detail,1,78,NCKZVQLIUXCUQF-UHFFFAOYNA-N,-7.376
IGF1R,c_LEU1051,mut_s1,detail,1,79,TYYOBUBDDDDKPC-UHFFFAOYNA-N,-8.019
IGF1R,c_LEU1051,mut_s1,detail,1,80,AQMRDIZFWYYMBQ-QWOVJGMINA-N,-8.895
IGF1R,c_LEU1051,mut_s1,detail,1,81,IVRPZSQLORCONO-UHFFFAOYNA-N,-8.199
IGF1R,c_LEU1051,mut_s1,detail,1,82,IRNFLRZZSCRLSQ-NPVYFSBINA-N,-8.221
IGF1R,c_LEU1051,mut_s1,detail,1,83,UUMBQVLEWSWSOO-GPQMBLKYNA-N,-8.903
IGF1R,c_LEU1051,mut_s1,detail,1,84,ASCHVCPAOUSKIZ-GPQMBLKYNA-N,-8.62
IGF1R,c_LEU1051,mut_s1,detail,1,85,NVGGHEIBFBOAHY-UHFFFAOYNA-N,-8.666
IGF1R,c_LEU1051,mut_s1,detail,1,86,JIOIPFWJCUUZEU-PKSOQXRJNA-N,-8.137
IGF1R,c_LEU1051,mut_s1,detail,1,87,RGAJQRZKKQXIEQ-XBTAAFKLNA-N,-6.011
IGF1R,c_LEU1051,mut_s1,detail,1,88,DOVBELPPXZSOPX-UHFFFAOYNA-N,-8.212
IGF1R,c_LEU1051,mut_s1,detail,1,89,VFOWTBWNNOVCPH-WJDWOHSUNA-N,-7.839
IGF1R,c_LEU1051,mut_s1,detail,1,90,HKWNGVFHUCRTTQ-QVUQFMIFNA-N,-8.571
IGF1R,c_LEU1051,mut_s1,detail,1,91,VPMBMFYJJPEBKS-XBTAAFKLNA-N,-8.218
IGF1R,c_LEU1051,mut_s1,detail,1,92,OPIXMYPGGYYGRV-PKSOQXRJNA-N,-7.737
IGF1R,c_LEU1051,mut_s1,detail,1,93,ASWFTNOPBUOHSG-UHFFFAOYNA-N,-9.197
IGF1R,c_LEU1051,mut_s1,detail,1,94,YIFJQOSOEFTEHM-QWOVJGMINA-N,-7.796
IGF1R,c_LEU1051,mut_s1,detail,1,95,CYRPZNLZOLVKKM-PKSOQXRJNA-N,-8.412
IGF1R,c_LEU1051,mut_s1,detail,1,96,PSRSNNQFQFGFKV-QWOVJGMINA-N,-8.468
IGF1R,c_LEU1051,mut_s1,detail,1,97,PSJJZUSBTGJHEC-WYUMXYHSNA-N,-6.971
IGF1R,c_LEU1051,mut_s1,detail,1,98,RCTHTZYLLISDPT-VVKINWOJNA-N,-8.297
IGF1R,c_LEU1051,mut_s1,detail,1,99,UNWANCHXNSSIJJ-PKSOQXRJNA-N,-7.26
IGF1R,c_LEU1051,mut_s1,detail,1,100,OJBGHXIETMBPHZ-UHFFFAOYNA-N,-7.412
IGF1R,c_LEU1051,mut_s1,detail,1,101,KNDRDFFUMNHLRJ-LILDFLRNNA-N,-7.817
IGF1R,c_LEU1051,mut_s1,detail,1,102,PBGALVWBACEVEC-QWOVJGMINA-N,-8.779
IGF1R,c_LEU1051,mut_s1,detail,1,103,SRLVRCUUJBEIBP-UHFFFAOYNA-N,-7.729
IGF1R,c_LEU1051,mut_s1,detail,1,104,UVGHDRGQXQVMNW-UHFFFAOYNA-N,-7.079
IGF1R,c_LEU1051,mut_s1,detail,1,105,YIUJUFFZJHPDAY-SDRQFZCRNA-N,-8.115
IGF1R,c_LEU1051,mut_s1,detail,1,106,UYPODJSKAAJGNR-UYBDAZJANA-N,-7.632
IGF1R,c_LEU1051,mut_s1,detail,1,107,YWMYHDFGDRTCPV-BXGKXWMCNA-N,-8.49
IGF1R,c_LEU1051,mut_s1,detail,1,108,RPVJOFUOUDWRGV-LILDFLRNNA-N,-8.556
IGF1R,c_LEU1051,mut_s1,detail,1,109,LUKGDWAOTYXHEM-XBTAAFKLNA-N,-8.41
IGF1R,c_LEU1051,mut_s1,detail,1,110,CHJMEHVGESAPSR-UHFFFAOYNA-N,-7.66
IGF1R,c_LEU1051,mut_s1,detail,1,111,JDZNTGMSMHYYCY-NPVYFSBINA-N,-8.788
IGF1R,c_LEU1051,mut_s1,detail,1,112,CRZKGBDGHDTLNN-UHFFFAOYNA-N,-7.239
IGF1R,c_LEU1051,mut_s1,detail,1,113,ALLYNSCMTRSFNH-UHFFFAOYNA-N,-8.141
IGF1R,c_LEU1051,mut_s1,detail,1,114,HTVVQAPUWGNILV-PKSOQXRJNA-N,-8.021
IGF1R,c_LEU1051,mut_s1,detail,1,115,HEKHUTSUFJPTQY-UHFFFAOYNA-N,-8.297
IGF1R,c_LEU1051,mut_s1,detail,1,116,ZTTIICUFHXUACO-HNENSFHCNA-N,-8.325
IGF1R,c_LEU1051,mut_s1,detail,1,117,GYJDRNKSYOJANZ-QVUQFMIFNA-N,-8.659
IGF1R,c_LEU1051,mut_s1,detail,1,118,QSBMVUOOXXRNFY-UHFFFAOYNA-N,-7.945
IGF1R,c_LEU1051,mut_s1,detail,1,119,VRMMQHDQMURNDV-PGYIFSQXNA-N,-7.156
IGF1R,c_LEU1051,mut_s1,detail,1,120,FHGICQLRHVZVCW-TWSYTRIPNA-N,-9.347
IGF1R,c_LEU1051,mut_s1,detail,1,121,WWZHRJDMAZBTGY-WYUMXYHSNA-N,-7.981
IGF1R,c_LEU1051,mut_s1,detail,1,122,GXHBBVOBKJURCM-UHFFFAOYNA-N,-7.2
IGF1R,c_LEU1051,mut_s1,detail,1,123,GKJWYULRCHAYTN-UYBDAZJANA-N,-8.426
IGF1R,c_LEU1051,mut_s1,detail,1,124,LJFRBCQBJFKUBA-LILDFLRNNA-N,-9.267
IGF1R,c_LEU1051,mut_s1,detail,1,125,JGJYHHGYTXVQLH-MZSCVVMKNA-N,-7.093
IGF1R,c_LEU1051,mut_s1,detail,1,126,WJPDMYDDAMHBSE-UZYVYHOENA-N,-9.359
IGF1R,c_LEU1051,mut_s1,detail,1,127,GVOMJEIYRXTYCN-LILDFLRNNA-N,-8.327
IGF1R,c_LEU1051,mut_s1,detail,1,128,LTZVLHHIAUKGBP-LELJVTLKNA-N,-8.174
IGF1R,c_LEU1051,mut_s1,detail,1,129,FIKLOQNDPSVUGH-LBOYIXSDNA-N,-7.558
IGF1R,c_LEU1051,mut_s1,detail,1,130,GIEJIAIRYKSRHU-MPIMZMORNA-N,-8.882
IGF1R,c_LEU1051,mut_s1,detail,1,131,XFKYWJPYYRTYBR-ODOKVQCSNA-N,-7.58
IGF1R,c_LEU1051,mut_s1,detail,1,132,PKSFLOGCPXWJIU-MEDUHNTENA-N,-8.349
IGF1R,c_LEU1051,mut_s1,detail,1,133,JLHJTKOPNATISN-LELJVTLKNA-N,-7.964
IGF1R,c_LEU1051,mut_s1,detail,1,134,GUBNROKMFNBDBZ-GRDNDAEWNA-N,-7.804
IGF1R,c_LEU1051,mut_s1,detail,1,135,KGCQIOUZEREWDG-UHFFFAOYNA-N,-7.845
IGF1R,c_LEU1051,mut_s1,detail,1,136,DWDHSAAOHLDDKE-QWOVJGMINA-N,-7.531
IGF1R,c_LEU1051,mut_s1,detail,1,137,XSTAWOGBOKIKIE-UKZVOYCKNA-N,-7.707
IGF1R,c_LEU1051,mut_s1,detail,1,138,OWXORKPNCHJYOF-JFRKDZMVNA-N,-8.1
IGF1R,c_LEU1051,mut_s1,detail,1,139,MQOILMOKFLJWRN-KYCGMZMQNA-N,-8.495
IGF1R,c_LEU1051,mut_s1,detail,1,140,BJROQKFYPRCGFD-LQFNOIFHNA-N,-8.235
IGF1R,c_LEU1051,mut_s1,detail,1,141,PLWVUIRWJVKSSD-XBXARRHUNA-N,-8.18
IGF1R,c_LEU1051,mut_s1,detail,1,142,HFWSIVHELHSGJY-JJIBRWJFNA-N,-7.743
IGF1R,c_LEU1051,mut_s1,detail,1,143,QMHSEIOSCQWTPQ-LNNLXFCONA-N,-7.244
IGF1R,c_LEU1051,mut_s1,detail,1,144,FBHVHCWHAVLWJT-OYSRHTCDNA-N,-8.184
IGF1R,c_LEU1051,mut_s1,detail,1,145,CEZNOHQWEHKPJP-LQFNOIFHNA-N,-9.166
IGF1R,c_LEU1051,mut_s1,detail,1,146,KOFRNRJMKWZBMR-RVJKNMGLNA-N,-7.565
IGF1R,c_LEU1051,mut_s1,detail,1,147,PGPPCCZSDRAQKA-SYZQJQIINA-N,-7.373
IGF1R,c_LEU1051,mut_s1,detail,1,148,VGUBMLBOECHPGN-MHEVPKQANA-N,-8.502
IGF1R,c_LEU1051,mut_s1,detail,1,149,PCORSCGAGFGSSR-UHFFFAOYNA-N,-6.234
IGF1R,c_LEU1051,mut_s1,detail,1,150,JGNCAWPKZCFGOI-BXGKXWMCNA-N,-9.472
IGF1R,c_LEU1051,mut_s1,detail,1,151,ULONVLUMOUFCID-LNNLXFCONA-N,-9.201
IGF1R,c_LEU1051,mut_s1,detail,1,152,HCPHOPNEKKCOEN-LNNLXFCONA-N,-8.208
IGF1R,c_LEU1051,mut_s1,detail,1,153,OMJCCYYNBCJNOL-FVAMHUBNNA-N,-8.099
IGF1R,c_LEU1051,mut_s1,detail,1,154,SZUCFANUUBSCPX-PJQSKVNONA-N,-9.241
IGF1R,c_LEU1051,mut_s1,detail,1,155,QHLRKDSRGUZHSH-UHFFFAOYNA-N,-7.203
IGF1R,c_LEU1051,mut_s1,detail,1,156,QUFUFSGGBADBIH-UHFFFAOYNA-N,-7.626
IGF1R,c_LEU1051,mut_s1,detail,1,157,WPBGBXPZNCPYQB-UHFFFAOYNA-N,-9.089
IGF1R,c_LEU1051,mut_s1,detail,1,158,BXVSKXWPXKQTOL-UHFFFAOYNA-N,-7.875
IGF1R,c_LEU1051,mut_s1,detail,1,159,WNELYPHBVMGNQP-UHFFFAOYNA-N,-8.648
IGF1R,c_LEU1051,mut_s1,detail,1,160,POOIONRPVWIUHF-LQFNOIFHNA-N,-8.458
IGF1R,c_LEU1051,mut_s1,detail,1,161,NZPQBADYZFTGOT-UHFFFAOYNA-N,-8.163
IGF1R,c_LEU1051,mut_s1,detail,1,162,MAOZUYDDGGFCKF-WFELUYCUNA-N,-8.097
IGF1R,c_LEU1051,mut_s1,detail,1,163,PEANHJHNIYISMY-UHFFFAOYNA-N,-8.309
IGF1R,c_LEU1051,mut_s1,detail,1,164,ABFVBWQMBVYWMV-UHFFFAOYNA-N,-7.884
IGF1R,c_LEU1051,mut_s1,detail,1,165,UMUOTXHWTLGGIP-QWOVJGMINA-N,-7.965
IGF1R,c_LEU1051,mut_s1,detail,1,166,NYVXKWVMQVVBRC-QWOVJGMINA-N,-7.248
IGF1R,c_LEU1051,mut_s1,detail,1,167,OVGDAEHQLCSRDI-UHFFFAOYNA-N,-6.633
IGF1R,c_LEU1051,mut_s1,detail,1,168,BZXWWWGSEIRPLV-UHFFFAOYNA-N,-7.736
IGF1R,c_LEU1051,mut_s1,detail,1,169,FXGKAQHXFGXOPR-UHFFFAOYNA-N,-8.945
IGF1R,c_LEU1051,mut_s1,detail,1,170,HVIXAPJIOPIFIY-UHFFFAOYNA-N,-6.453
IGF1R,c_LEU1051,mut_s1,detail,1,171,LIRQEBOXUUPWJJ-LNNLXFCONA-N,-8.451
IGF1R,c_LEU1051,mut_s1,detail,1,172,ZDIIOUBKRSIUED-LQFNOIFHNA-N,-8.205
IGF1R,c_LEU1051,mut_s1,detail,1,173,LTWUSAKSGJMCRY-UHFFFAOYNA-N,-8.59
IGF1R,c_LEU1051,mut_s1,detail,1,174,PNDIKCGLYJOYIK-UYBDAZJANA-N,-7.952
IGF1R,c_LEU1051,mut_s1,detail,1,175,MGSHIAIRIYECSG-MPIMZMORNA-N,-7.939
IGF1R,c_LEU1051,mut_s1,detail,1,176,MVWYIUZSZIETFZ-KYUNMXQPNA-N,-8.222
IGF1R,c_LEU1051,mut_s1,detail,1,177,XGTOSEODMLDCBR-UHFFFAOYNA-N,-7.911
IGF1R,c_LEU1051,mut_s1,detail,1,178,NYHRLEZMHRGFLZ-UYBDAZJANA-N,-8.257
IGF1R,c_LEU1051,mut_s1,detail,1,179,KZGNFRGGQVBHRV-UHFFFAOYNA-N,-8.177
IGF1R,c_LEU1051,mut_s1,detail,1,180,SXXXSTPMDGKOCH-LQFNOIFHNA-N,-8.897
IGF1R,c_LEU1051,mut_s1,detail,1,181,VJGFWNZWHKBDNN-HPHMPNDVNA-N,-7.299
IGF1R,c_LEU1051,mut_s1,detail,1,182,SBLZEXLDNURADT-LELJVTLKNA-N,-6.314
IGF1R,c_LEU1051,mut_s1,detail,1,183,OINVQDVVQWTWJM-YNGZFIAGNA-N,-8.449
IGF1R,c_LEU1051,mut_s1,detail,1,184,RJZHELXWHJKNAM-NPVYFSBINA-N,-7.335
IGF1R,c_LEU1051,mut_s1,detail,1,185,MAXGWTGCLOXELV-UHFFFAOYNA-N,-9.124
IGF1R,c_LEU1051,mut_s1,detail,1,186,PNHBRYIAJCYNDA-VQCQRNETNA-N,-10.605
IGF1R,c_LEU1051,mut_s1,detail,1,187,QGZIKUYIROAFSE-QWOVJGMINA-N,-7.731
IGF1R,c_LEU1051,mut_s1,detail,1,188,QTIJDOJTNOHQTC-WQGACYEGNA-N,-6.807
IGF1R,c_LEU1051,mut_s1,detail,1,189,OMLLGNQJKXQVKT-TUXCJRKWNA-N,-7.954
IGF1R,c_LEU1051,mut_s1,detail,1,190,FNLHLKPQZWPTTK-UHFFFAOYNA-N,-8.425
IGF1R,c_LEU1051,mut_s1,detail,1,191,XBPLTFIKHVYSDD-UHFFFAOYNA-N,-9.302
IGF1R,c_LEU1051,mut_s1,detail,1,192,VEXPKIRCYBYITI-BEFZCSJLNA-N,-10.355
IGF1R,c_LEU1051,mut_s1,detail,1,193,WDVQKHWASUJMRH-LNNLXFCONA-N,-8.336
IGF1R,c_LEU1051,mut_s1,detail,1,194,DAUHEXDIKFZUFM-BZCDMSEBNA-N,-8.486
IGF1R,c_LEU1051,mut_s1,detail,1,195,HCFHHWIWTWPKFH-UHFFFAOYNA-N,-7.504
IGF1R,c_LEU1051,mut_s1,detail,1,196,PIFJHAXQZFBLCQ-ZVBCKELPNA-N,-8.37
IGF1R,c_LEU1051,mut_s1,detail,1,197,CGBYUWXVJWRJIR-LLJNPURJNA-N,-7.291
IGF1R,c_LEU1051,mut_s1,detail,1,198,CLHNZVNBTRJSNX-NSJMMFDCNA-N,-8.383
IGF1R,c_LEU1051,mut_s1,detail,1,199,JKMJQRRLCJXPOK-SREBMQDQNA-N,-8.574
IGF1R,c_LEU1051,mut_s1,detail,1,200,HHXLRWIDFFFFKX-LELJVTLKNA-N,-8.701
IGF1R,c_LEU1051,mut_s1,detail,1,201,BZCFDJGFEXLRFA-NYHNBARNNA-N,-9.591
IGF1R,c_LEU1051,mut_s1,detail,1,202,IEZNLWGERBHQJK-KEAFGAQVNA-N,-9.633
IGF1R,c_LEU1051,mut_s1,detail,1,203,ZBJYTLVBCAOWHI-PKRZOPRNNA-N,-7.712
IGF1R,c_LEU1051,mut_s1,detail,1,204,FGMQRSXQOIDDJD-PKRZOPRNNA-N,-8.203
IGF1R,c_LEU1051,mut_s1,detail,1,205,XDGHTBHPIPZHLJ-KMZMRBKQNA-N,-9.779
IGF1R,c_LEU1051,mut_s1,detail,1,206,WSGZHZGDPVCVHF-UHFFFAOYNA-N,-9.948
IGF1R,c_LEU1051,mut_s1,detail,1,207,HXWAXUQSZMRTTE-YLBMWQQONA-N,-7.689
IGF1R,c_LEU1051,mut_s1,detail,1,208,FCZVXTBFAYFUHQ-UHFFFAOYNA-N,-9.084
IGF1R,c_LEU1051,mut_s1,detail,1,209,YAZOIIMRVUPEOT-DHDJHLBQNA-N,-7.846
IGF1R,c_LEU1051,mut_s1,detail,1,210,KVNQZVOXEZCBRJ-PECRYQBZNA-N,-8.396
IGF1R,c_LEU1051,mut_s1,detail,1,211,IYBSHHORKOCFKZ-LNNLXFCONA-N,-7.968
IGF1R,c_LEU1051,mut_s1,detail,1,212,RSTMZFOEDVJAHN-OXBUWGKVNA-N,-8.169
IGF1R,c_LEU1051,mut_s1,detail,1,213,NYWCANYSFKVUNN-UHFFFAOYNA-N,-7.023
IGF1R,c_LEU1051,mut_s1,detail,1,214,XFQNPVRVZXSQSI-IVGLCWOSNA-N,-9.095
IGF1R,c_LEU1051,mut_s1,detail,1,215,HXGZQYVBZUMUDK-HXTKINSTNA-N,-8.428
IGF1R,c_LEU1051,mut_s1,detail,1,216,BKWBUUYCHYLRLF-NSJMMFDCNA-N,-6.344
IGF1R,c_LEU1051,mut_s1,detail,1,217,JRRKWFRTDFOWAB-XDUJAMRANA-N,-8.088
IGF1R,c_LEU1051,mut_s1,detail,1,218,FPOLFSCTFRBBHI-QGZVFWFLNA-N,-8.544
IGF1R,c_LEU1051,mut_s1,detail,1,219,RPPDOGWFJZOEQX-LVWGJNHUNA-N,-6.585
IGF1R,c_LEU1051,mut_s1,detail,1,220,JYOPBQURUBDKLK-LELJVTLKNA-N,-8.528
IGF1R,c_LEU1051,mut_s1,detail,1,221,LNENLABLFGGAFF-INUABGGHNA-N,-7.228
IGF1R,c_LEU1051,mut_s1,detail,1,222,BAQVKFUOCGTGBI-FCDIKQFGNA-N,-7.142
IGF1R,c_LEU1051,mut_s1,detail,1,223,SYJAKTNXXAWUQU-BYGYBERANA-N,-7.919
IGF1R,c_LEU1051,mut_s1,detail,1,224,KCFZFOHSAGLLGQ-LUBWAWCANA-N,-8.701
IGF1R,c_LEU1051,mut_s1,detail,1,225,LDJWHJQMWPYZLV-WHDAICOONA-N,-8.283
IGF1R,c_LEU1051,mut_s1,detail,1,226,AXUDSCZCBZMENI-UHFFFAOYNA-N,-8.215
IGF1R,c_LEU1051,mut_s1,detail,1,227,DDXHLMOKYYMXTK-OBAATPRFNA-N,-7.592
IGF1R,c_LEU1051,mut_s1,detail,1,228,KTOSTKQYNJBYHF-PKOBYXMFNA-N,-8.371
IGF1R,c_LEU1051,mut_s1,detail,1,229,ZCFWJPJEBJVXTO-UHFFFAOYNA-N,-8.18
IGF1R,c_LEU1051,mut_s1,detail,1,230,NJVFOFMHUJJIMB-UHFFFAOYNA-N,-7.674
IGF1R,c_LEU1051,mut_s1,detail,1,231,XUEQVOGPWKWKNT-XBXBPLPCNA-N,-8.503
IGF1R,c_LEU1051,mut_s1,detail,1,232,MLFYMBALEIQTEJ-LBOYIXSDNA-N,-8.406
IGF1R,c_LEU1051,mut_s1,detail,1,233,AETJFEZDSLASSU-XTEPFMGCNA-N,-8.107
IGF1R,c_LEU1051,mut_s1,detail,1,234,GSNNWCVFRNINCY-UHFFFAOYNA-N,-8.204
IGF1R,c_LEU1051,mut_s1,detail,1,235,UIHGNJALPXKJRE-UHFFFAOYNA-N,-8.684
IGF1R,c_LEU1051,mut_s1,detail,1,236,BBUDWIYSLGTZTQ-SGMUJJOCNA-N,-8.257
IGF1R,c_LEU1051,mut_s1,detail,1,237,CBYYNSKRRKXPFV-LELJVTLKNA-N,-7.925
IGF1R,c_LEU1051,mut_s1,detail,1,238,NMFTXZYZNCQGNR-MTTPVDACNA-N,-8.927
IGF1R,c_LEU1051,mut_s1,detail,1,239,QTKARDGAUMDUCL-LAEKOWRLNA-N,-8.913
IGF1R,c_LEU1051,mut_s1,detail,1,240,VNEQUOUVFXAVMH-SANMLTNENA-N,-8.003
IGF1R,c_LEU1051,mut_s1,detail,1,241,IJPPTSNWQLJFSU-LNNLXFCONA-N,-8.275
IGF1R,c_LEU1051,mut_s1,detail,1,242,DJQIFFIREHYQCT-OSPHWJPCNA-N,-8.771
IGF1R,c_LEU1051,mut_s1,detail,1,243,KOZFSFOOLUUIGY-SLMOLSELNA-N,-9.192
IGF1R,c_LEU1051,mut_s1,detail,1,244,WILPFKVTYXJQQV-ZMCXWUQGNA-N,-7.909
IGF1R,c_LEU1051,mut_s1,detail,1,245,NZELHCGEQZMIBB-UHFFFAOYNA-N,-8.896
IGF1R,c_LEU1051,mut_s1,detail,1,246,VKGWONFLJDZUKM-NSJMMFDCNA-N,-7.946
IGF1R,c_LEU1051,mut_s1,detail,1,247,XUHSVEXCUONJNQ-PMERELPUNA-N,-7.125
IGF1R,c_LEU1051,mut_s1,detail,1,248,ZFOAPODMCDEDHA-UHFFFAOYNA-N,-9.296
IGF1R,c_LEU1051,mut_s1,detail,1,249,PZCSJBQJENRLHD-ULJJZXAINA-N,-8.016
IGF1R,c_LEU1051,mut_s1,detail,1,250,IOSLXICJNAAKOP-ZFJUVRDGNA-N,-8.824
IGF1R,c_LEU1051,mut_s1,detail,1,251,HUDCDZLLNLJTEW-RBSQRGBYNA-N,-7.628
IGF1R,c_LEU1051,mut_s1,detail,1,252,IKUATMHYCWRCHC-XUIBWRPBNA-N,-9.044
IGF1R,c_LEU1051,mut_s1,detail,1,253,HCEYJYMNIQHPPK-WKJNMVSGNA-N,-8.914
IGF1R,c_LEU1051,mut_s1,detail,1,254,ZLEIPSPWAZJWJP-DHDJHLBQNA-N,-8.429
IGF1R,c_LEU1051,mut_s1,detail,1,255,ZKDQUBKHXMXRRH-KUWNNRQRNA-N,-8.487
IGF1R,c_MET1052,mut_s1,detail,1,0,QGXBDMJGAMFCBF-WRZMNKJANA-N,-8.609
IGF1R,c_MET1052,mut_s1,detail,1,1,XZORRJGRPUBUJO-UHFFFAOYNA-N,-6.53
IGF1R,c_MET1052,mut_s1,detail,1,2,RIOOLQVLOZQLQJ-CYBMUJFWNA-N,-6.352
IGF1R,c_MET1052,mut_s1,detail,1,3,JMAMZIYMGUDBDZ-YAQRNVERNA-N,-6.645
IGF1R,c_MET1052,mut_s1,detail,1,4,SOHFVFXITPDEDK-GMNMMWFNNA-N,-7.154
IGF1R,c_MET1052,mut_s1,detail,1,5,HQPUBFWUNXGPNP-FECSGLDJNA-N,-6.357
IGF1R,c_MET1052,mut_s1,detail,1,6,URSPNXKDALRRBJ-FQFUPTBWNA-N,-7.468
IGF1R,c_MET1052,mut_s1,detail,1,7,MALHKRCDHFAKIM-GPQMBLKYNA-N,-7.281
IGF1R,c_MET1052,mut_s1,detail,1,8,VDGCRTGHEWIBAL-YAQRNVERNA-N,-6.957
IGF1R,c_MET1052,mut_s1,detail,1,9,VOWBZMVBYGELAY-UHFFFAOYNA-N,-7.194
IGF1R,c_MET1052,mut_s1,detail,1,10,GKBJOMPRUSWVJA-UHFFFAOYNA-N,-6.676
IGF1R,c_MET1052,mut_s1,detail,1,11,RQLXWVPRGJJWEK-BFHABQRXNA-N,-6.972
IGF1R,c_MET1052,mut_s1,detail,1,12,OQWMEUSTXXVVIU-NWANDNLSNA-N,-6.569
IGF1R,c_MET1052,mut_s1,detail,1,13,SVIIYVRLTJRIIR-UHFFFAOYNA-N,-6.711
IGF1R,c_MET1052,mut_s1,detail,1,14,XIQVFMHGZHWKNA-LILDFLRNNA-N,-7.86
IGF1R,c_MET1052,mut_s1,detail,1,15,ABQUFQQMQCPHOH-NCWAPJAINA-N,-6.906
IGF1R,c_MET1052,mut_s1,detail,1,16,BNGLUFUDMHHURB-UYBDAZJANA-N,-7.775
IGF1R,c_MET1052,mut_s1,detail,1,17,JXAGPFSGJKRKBY-UHFFFAOYNA-N,-7.865
IGF1R,c_MET1052,mut_s1,detail,1,18,DINPOPQNCDTVPQ-YGPBECBDNA-N,-7.014
IGF1R,c_MET1052,mut_s1,detail,1,19,FUMDYIGQJOCQBC-UHFFFAOYNA-N,-7.527
IGF1R,c_MET1052,mut_s1,detail,1,20,GLEVLJDDWXEYCO-WYUMXYHSNA-N,-7.39
IGF1R,c_MET1052,mut_s1,detail,1,21,PWCMYVJXHPBJNZ-FSHPWJEWNA-N,-6.473
IGF1R,c_MET1052,mut_s1,detail,1,22,CLPZQGXGPKJOMN-XWKXFZRBNA-N,-6.481
IGF1R,c_MET1052,mut_s1,detail,1,23,UFUOEKYHBCFTGW-RWJRRMEYNA-N,-6.931
IGF1R,c_MET1052,mut_s1,detail,1,24,CMNIOKDUTCZQJB-NDKGDYFDNA-N,-6.147
IGF1R,c_MET1052,mut_s1,detail,1,25,ZVNPQHHQIVQYPI-ZHACJKMWNA-N,-8.887
IGF1R,c_MET1052,mut_s1,detail,1,26,HHPYZGCOAAJZTN-NKWLYDBFNA-N,-7.385
IGF1R,c_MET1052,mut_s1,detail,1,27,ANYSYRVXKLTFPB-UHFFFAOYNA-N,-7.575
IGF1R,c_MET1052,mut_s1,detail,1,28,JISYUXULRDZARX-HCKMINDGNA-N,-7.409
IGF1R,c_MET1052,mut_s1,detail,1,29,VTLWDCDAVLVOHR-HCKMINDGNA-N,-8.295
IGF1R,c_MET1052,mut_s1,detail,1,30,BBMWNEXSYXLWEO-WYUMXYHSNA-N,-6.517
IGF1R,c_MET1052,mut_s1,detail,1,31,WZGCZUAYIBWZAN-YHSKDTNENA-N,-7.328
IGF1R,c_MET1052,mut_s1,detail,1,32,RVNORUCXEIIROU-UHFFFAOYNA-N,-8.053
IGF1R,c_MET1052,mut_s1,detail,1,33,ZTJZVOMEMRNYKF-JSGPKCTENA-N,-6.419
IGF1R,c_MET1052,mut_s1,detail,1,34,WQKOQOZXZQJNRC-GPQMBLKYNA-N,-7.861
IGF1R,c_MET1052,mut_s1,detail,1,35,WKLBCLNIAGUINH-GAJRPKRDNA-N,-6.266
IGF1R,c_MET1052,mut_s1,detail,1,36,ZVOVGLCUMDQIHF-VPQZEOPVNA-N,-6.552
IGF1R,c_MET1052,mut_s1,detail,1,37,UGKZABQBFUBOFG-WDFGQQGSNA-N,-6.814
IGF1R,c_MET1052,mut_s1,detail,1,38,RTJRNIJPLOVJLH-WYUMXYHSNA-N,-6.852
IGF1R,c_MET1052,mut_s1,detail,1,39,MUJCQGFFHCARCQ-UYBDAZJANA-N,-9.139
IGF1R,c_MET1052,mut_s1,detail,1,40,FZSPJBYOKQPKCD-VIFPVBQENA-N,-6.204
IGF1R,c_MET1052,mut_s1,detail,1,41,RWPHPOMFTPAOAS-JLGFQASFNA-N,-7.667
IGF1R,c_MET1052,mut_s1,detail,1,42,ZXVNJVRABSCRGU-GPQMBLKYNA-N,-7.647
IGF1R,c_MET1052,mut_s1,detail,1,43,KZAOEMMZRGEBST-OOGKJWBGNA-N,-7.753
IGF1R,c_MET1052,mut_s1,detail,1,44,NEIVPRTZAHUZEA-WYUMXYHSNA-N,-6.344
IGF1R,c_MET1052,mut_s1,detail,1,45,PYKJFEPAUKAXNN-UHFFFAOYNA-N,-7.619
IGF1R,c_MET1052,mut_s1,detail,1,46,BPUNDQLKPUIGBR-GPQMBLKYNA-N,-6.853
IGF1R,c_MET1052,mut_s1,detail,1,47,WDFLSTQJUFMIIW-UHFFFAOYNA-N,-7.77
IGF1R,c_MET1052,mut_s1,detail,1,48,BJLQEYLWUSSEKH-CMPMBVLYNA-N,-7.843
IGF1R,c_MET1052,mut_s1,detail,1,49,HZUGIOKMHRUHMF-ADJYBIKJNA-N,-7.442
IGF1R,c_MET1052,mut_s1,detail,1,50,PBWQQQLCZDQSET-XWKXFZRBNA-N,-6.491
IGF1R,c_MET1052,mut_s1,detail,1,51,ISSLSGLIFQSYJA-HCKMINDGNA-N,-7.748
IGF1R,c_MET1052,mut_s1,detail,1,52,OAXDEJIQWHXCJI-UHFFFAOYNA-N,-6.535
IGF1R,c_MET1052,mut_s1,detail,1,53,BCJVFDDJSOEKKQ-UHFFFAOYNA-N,-6.985
IGF1R,c_MET1052,mut_s1,detail,1,54,QFJGCDWXDUDFAD-UHFFFAOYNA-N,-8.193
IGF1R,c_MET1052,mut_s1,detail,1,55,JVBGNPPYXIWVPH-WYCIUFAENA-N,-5.673
IGF1R,c_MET1052,mut_s1,detail,1,56,BYJAVTDNIXVSPW-YHMJCDSINA-N,-6.661
IGF1R,c_MET1052,mut_s1,detail,1,57,MQGMUPFWCDYDFO-UHFFFAOYNA-N,-7.761
IGF1R,c_MET1052,mut_s1,detail,1,58,OACAJASVXJLTAT-UHFFFAOYNA-N,-7.117
IGF1R,c_MET1052,mut_s1,detail,1,59,AQSGGOLDOQGOAO-FNCQTZNRNA-N,-6.495
IGF1R,c_MET1052,mut_s1,detail,1,60,SOBHKZHLCOJHTI-YHMJCDSINA-N,-7.702
IGF1R,c_MET1052,mut_s1,detail,1,61,NUFCOZJTDHUROG-PKGMMKRDNA-N,-6.805
IGF1R,c_MET1052,mut_s1,detail,1,62,KZTOUMBNPVCTLR-GFJIPZKJNA-N,-8.647
IGF1R,c_MET1052,mut_s1,detail,1,63,CLEMZXMGJNNUTH-LILDFLRNNA-N,-8.946
IGF1R,c_MET1052,mut_s1,detail,1,64,MXRJUMCOVVUCLC-UHFFFAOYNA-N,-8.327
IGF1R,c_MET1052,mut_s1,detail,1,65,HZDIAENSPHDHRS-UHFFFAOYNA-N,-7.621
IGF1R,c_MET1052,mut_s1,detail,1,66,CHDODAJYQOTMTK-PKSOQXRJNA-N,-8.034
IGF1R,c_MET1052,mut_s1,detail,1,67,VRFRJWXCOPEIII-QWOVJGMINA-N,-8.373
IGF1R,c_MET1052,mut_s1,detail,1,68,WTOLVFBACFWUSN-QGOAFFKANA-N,-8.05
IGF1R,c_MET1052,mut_s1,detail,1,69,KDJZDSPTXVFGOF-NPVYFSBINA-N,-8.386
IGF1R,c_MET1052,mut_s1,detail,1,70,MUXXNOOBECTQPY-UHFFFAOYNA-N,-6.739
IGF1R,c_MET1052,mut_s1,detail,1,71,OBUUPTPELQALTE-UYBDAZJANA-N,-6.839
IGF1R,c_MET1052,mut_s1,detail,1,72,FKOXOEKZVRISIU-NPVYFSBINA-N,-8.018
IGF1R,c_MET1052,mut_s1,detail,1,73,ZOKNKPRORGNRMQ-BXBDENJDNA-N,-7.659
IGF1R,c_MET1052,mut_s1,detail,1,74,KWJAZTNSKVNVEC-UHFFFAOYNA-N,-7.401
IGF1R,c_MET1052,mut_s1,detail,1,75,RPBVHEVTQXVWDL-NGZNMCPLNA-N,-8.723
IGF1R,c_MET1052,mut_s1,detail,1,76,ZSKKLMIULIVRSI-QWOVJGMINA-N,-7.482
IGF1R,c_MET1052,mut_s1,detail,1,77,VLKGZJJKNXFENI-LILDFLRNNA-N,-7.784
IGF1R,c_MET1052,mut_s1,detail,1,78,NCKZVQLIUXCUQF-UHFFFAOYNA-N,-7.017
IGF1R,c_MET1052,mut_s1,detail,1,79,TYYOBUBDDDDKPC-UHFFFAOYNA-N,-8.04
IGF1R,c_MET1052,mut_s1,detail,1,80,AQMRDIZFWYYMBQ-QWOVJGMINA-N,-8.743
IGF1R,c_MET1052,mut_s1,detail,1,81,IVRPZSQLORCONO-UHFFFAOYNA-N,-8.158
IGF1R,c_MET1052,mut_s1,detail,1,82,IRNFLRZZSCRLSQ-NPVYFSBINA-N,-8.283
IGF1R,c_MET1052,mut_s1,detail,1,83,UUMBQVLEWSWSOO-GPQMBLKYNA-N,-8.935
IGF1R,c_MET1052,mut_s1,detail,1,84,ASCHVCPAOUSKIZ-GPQMBLKYNA-N,-8.655
IGF1R,c_MET1052,mut_s1,detail,1,85,NVGGHEIBFBOAHY-UHFFFAOYNA-N,-8.78
IGF1R,c_MET1052,mut_s1,detail,1,86,JIOIPFWJCUUZEU-PKSOQXRJNA-N,-8.114
IGF1R,c_MET1052,mut_s1,detail,1,87,RGAJQRZKKQXIEQ-XBTAAFKLNA-N,-6.284
IGF1R,c_MET1052,mut_s1,detail,1,88,DOVBELPPXZSOPX-UHFFFAOYNA-N,-8.217
IGF1R,c_MET1052,mut_s1,detail,1,89,VFOWTBWNNOVCPH-WJDWOHSUNA-N,-8.126
IGF1R,c_MET1052,mut_s1,detail,1,90,HKWNGVFHUCRTTQ-QVUQFMIFNA-N,-8.597
IGF1R,c_MET1052,mut_s1,detail,1,91,VPMBMFYJJPEBKS-XBTAAFKLNA-N,-8.264
IGF1R,c_MET1052,mut_s1,detail,1,92,OPIXMYPGGYYGRV-PKSOQXRJNA-N,-7.832
IGF1R,c_MET1052,mut_s1,detail,1,93,ASWFTNOPBUOHSG-UHFFFAOYNA-N,-9.134
IGF1R,c_MET1052,mut_s1,detail,1,94,YIFJQOSOEFTEHM-QWOVJGMINA-N,-7.761
IGF1R,c_MET1052,mut_s1,detail,1,95,CYRPZNLZOLVKKM-PKSOQXRJNA-N,-8.789
IGF1R,c_MET1052,mut_s1,detail,1,96,PSRSNNQFQFGFKV-QWOVJGMINA-N,-8.445
IGF1R,c_MET1052,mut_s1,detail,1,97,PSJJZUSBTGJHEC-WYUMXYHSNA-N,-7.001
IGF1R,c_MET1052,mut_s1,detail,1,98,RCTHTZYLLISDPT-VVKINWOJNA-N,-8.19
IGF1R,c_MET1052,mut_s1,detail,1,99,UNWANCHXNSSIJJ-PKSOQXRJNA-N,-7.993
IGF1R,c_MET1052,mut_s1,detail,1,100,OJBGHXIETMBPHZ-UHFFFAOYNA-N,-7.481
IGF1R,c_MET1052,mut_s1,detail,1,101,KNDRDFFUMNHLRJ-LILDFLRNNA-N,-8.301
IGF1R,c_MET1052,mut_s1,detail,1,102,PBGALVWBACEVEC-QWOVJGMINA-N,-8.846
IGF1R,c_MET1052,mut_s1,detail,1,103,SRLVRCUUJBEIBP-UHFFFAOYNA-N,-7.69
IGF1R,c_MET1052,mut_s1,detail,1,104,UVGHDRGQXQVMNW-UHFFFAOYNA-N,-7.151
IGF1R,c_MET1052,mut_s1,detail,1,105,YIUJUFFZJHPDAY-SDRQFZCRNA-N,-8.252
IGF1R,c_MET1052,mut_s1,detail,1,106,UYPODJSKAAJGNR-UYBDAZJANA-N,-8.045
IGF1R,c_MET1052,mut_s1,detail,1,107,YWMYHDFGDRTCPV-BXGKXWMCNA-N,-8.103
IGF1R,c_MET1052,mut_s1,detail,1,108,RPVJOFUOUDWRGV-LILDFLRNNA-N,-8.544
IGF1R,c_MET1052,mut_s1,detail,1,109,LUKGDWAOTYXHEM-XBTAAFKLNA-N,-8.434
IGF1R,c_MET1052,mut_s1,detail,1,110,CHJMEHVGESAPSR-UHFFFAOYNA-N,-7.699
IGF1R,c_MET1052,mut_s1,detail,1,111,JDZNTGMSMHYYCY-NPVYFSBINA-N,-8.518
IGF1R,c_MET1052,mut_s1,detail,1,112,CRZKGBDGHDTLNN-UHFFFAOYNA-N,-6.929
IGF1R,c_MET1052,mut_s1,detail,1,113,ALLYNSCMTRSFNH-UHFFFAOYNA-N,-8.147
IGF1R,c_MET1052,mut_s1,detail,1,114,HTVVQAPUWGNILV-PKSOQXRJNA-N,-8.068
IGF1R,c_MET1052,mut_s1,detail,1,115,HEKHUTSUFJPTQY-UHFFFAOYNA-N,-8.567
IGF1R,c_MET1052,mut_s1,detail,1,116,ZTTIICUFHXUACO-HNENSFHCNA-N,-8.351
IGF1R,c_MET1052,mut_s1,detail,1,117,GYJDRNKSYOJANZ-QVUQFMIFNA-N,-8.776
IGF1R,c_MET1052,mut_s1,detail,1,118,QSBMVUOOXXRNFY-UHFFFAOYNA-N,-7.777
IGF1R,c_MET1052,mut_s1,detail,1,119,VRMMQHDQMURNDV-PGYIFSQXNA-N,-7.168
IGF1R,c_MET1052,mut_s1,detail,1,120,FHGICQLRHVZVCW-TWSYTRIPNA-N,-7.482
IGF1R,c_MET1052,mut_s1,detail,1,121,WWZHRJDMAZBTGY-WYUMXYHSNA-N,-7.98
IGF1R,c_MET1052,mut_s1,detail,1,122,GXHBBVOBKJURCM-UHFFFAOYNA-N,-7.149
IGF1R,c_MET1052,mut_s1,detail,1,123,GKJWYULRCHAYTN-UYBDAZJANA-N,-8.398
IGF1R,c_MET1052,mut_s1,detail,1,124,LJFRBCQBJFKUBA-LILDFLRNNA-N,-9.466
IGF1R,c_MET1052,mut_s1,detail,1,125,JGJYHHGYTXVQLH-MZSCVVMKNA-N,-7.236
IGF1R,c_MET1052,mut_s1,detail,1,126,WJPDMYDDAMHBSE-UZYVYHOENA-N,-9.354
IGF1R,c_MET1052,mut_s1,detail,1,127,GVOMJEIYRXTYCN-LILDFLRNNA-N,-8.294
IGF1R,c_MET1052,mut_s1,detail,1,128,LTZVLHHIAUKGBP-LELJVTLKNA-N,-8.954
IGF1R,c_MET1052,mut_s1,detail,1,129,FIKLOQNDPSVUGH-LBOYIXSDNA-N,-7.494
IGF1R,c_MET1052,mut_s1,detail,1,130,GIEJIAIRYKSRHU-MPIMZMORNA-N,-8.895
IGF1R,c_MET1052,mut_s1,detail,1,131,XFKYWJPYYRTYBR-ODOKVQCSNA-N,-7.826
IGF1R,c_MET1052,mut_s1,detail,1,132,PKSFLOGCPXWJIU-MEDUHNTENA-N,-8.361
IGF1R,c_MET1052,mut_s1,detail,1,133,JLHJTKOPNATISN-LELJVTLKNA-N,-7.966
IGF1R,c_MET1052,mut_s1,detail,1,134,GUBNROKMFNBDBZ-GRDNDAEWNA-N,-7.746
IGF1R,c_MET1052,mut_s1,detail,1,135,KGCQIOUZEREWDG-UHFFFAOYNA-N,-7.549
IGF1R,c_MET1052,mut_s1,detail,1,136,DWDHSAAOHLDDKE-QWOVJGMINA-N,-7.393
IGF1R,c_MET1052,mut_s1,detail,1,137,XSTAWOGBOKIKIE-UKZVOYCKNA-N,-7.807
IGF1R,c_MET1052,mut_s1,detail,1,138,OWXORKPNCHJYOF-JFRKDZMVNA-N,-8.548
IGF1R,c_MET1052,mut_s1,detail,1,139,MQOILMOKFLJWRN-KYCGMZMQNA-N,-8.327
IGF1R,c_MET1052,mut_s1,detail,1,140,BJROQKFYPRCGFD-LQFNOIFHNA-N,-8.692
IGF1R,c_MET1052,mut_s1,detail,1,141,PLWVUIRWJVKSSD-XBXARRHUNA-N,-8.118
IGF1R,c_MET1052,mut_s1,detail,1,142,HFWSIVHELHSGJY-JJIBRWJFNA-N,-7.271
IGF1R,c_MET1052,mut_s1,detail,1,143,QMHSEIOSCQWTPQ-LNNLXFCONA-N,-7.314
IGF1R,c_MET1052,mut_s1,detail,1,144,FBHVHCWHAVLWJT-OYSRHTCDNA-N,-8.179
IGF1R,c_MET1052,mut_s1,detail,1,145,CEZNOHQWEHKPJP-LQFNOIFHNA-N,-8.927
IGF1R,c_MET1052,mut_s1,detail,1,146,KOFRNRJMKWZBMR-RVJKNMGLNA-N,-7.502
IGF1R,c_MET1052,mut_s1,detail,1,147,PGPPCCZSDRAQKA-SYZQJQIINA-N,-7.34
IGF1R,c_MET1052,mut_s1,detail,1,148,VGUBMLBOECHPGN-MHEVPKQANA-N,-8.583
IGF1R,c_MET1052,mut_s1,detail,1,149,PCORSCGAGFGSSR-UHFFFAOYNA-N,-5.853
IGF1R,c_MET1052,mut_s1,detail,1,150,JGNCAWPKZCFGOI-BXGKXWMCNA-N,-9.622
IGF1R,c_MET1052,mut_s1,detail,1,151,ULONVLUMOUFCID-LNNLXFCONA-N,-9.192
IGF1R,c_MET1052,mut_s1,detail,1,152,HCPHOPNEKKCOEN-LNNLXFCONA-N,-7.635
IGF1R,c_MET1052,mut_s1,detail,1,153,OMJCCYYNBCJNOL-FVAMHUBNNA-N,-7.935
IGF1R,c_MET1052,mut_s1,detail,1,154,SZUCFANUUBSCPX-PJQSKVNONA-N,-8.503
IGF1R,c_MET1052,mut_s1,detail,1,155,QHLRKDSRGUZHSH-UHFFFAOYNA-N,-7.1
IGF1R,c_MET1052,mut_s1,detail,1,156,QUFUFSGGBADBIH-UHFFFAOYNA-N,-8.014
IGF1R,c_MET1052,mut_s1,detail,1,157,WPBGBXPZNCPYQB-UHFFFAOYNA-N,-9.01
IGF1R,c_MET1052,mut_s1,detail,1,158,BXVSKXWPXKQTOL-UHFFFAOYNA-N,-7.447
IGF1R,c_MET1052,mut_s1,detail,1,159,WNELYPHBVMGNQP-UHFFFAOYNA-N,-8.461
IGF1R,c_MET1052,mut_s1,detail,1,160,POOIONRPVWIUHF-LQFNOIFHNA-N,-8.15
IGF1R,c_MET1052,mut_s1,detail,1,161,NZPQBADYZFTGOT-UHFFFAOYNA-N,-8.154
IGF1R,c_MET1052,mut_s1,detail,1,162,MAOZUYDDGGFCKF-WFELUYCUNA-N,-8.023
IGF1R,c_MET1052,mut_s1,detail,1,163,PEANHJHNIYISMY-UHFFFAOYNA-N,-7.585
IGF1R,c_MET1052,mut_s1,detail,1,164,ABFVBWQMBVYWMV-UHFFFAOYNA-N,-7.827
IGF1R,c_MET1052,mut_s1,detail,1,165,UMUOTXHWTLGGIP-QWOVJGMINA-N,-8.494
IGF1R,c_MET1052,mut_s1,detail,1,166,NYVXKWVMQVVBRC-QWOVJGMINA-N,-7.492
IGF1R,c_MET1052,mut_s1,detail,1,167,OVGDAEHQLCSRDI-UHFFFAOYNA-N,-6.848
IGF1R,c_MET1052,mut_s1,detail,1,168,BZXWWWGSEIRPLV-UHFFFAOYNA-N,-7.143
IGF1R,c_MET1052,mut_s1,detail,1,169,FXGKAQHXFGXOPR-UHFFFAOYNA-N,-8.992
IGF1R,c_MET1052,mut_s1,detail,1,170,HVIXAPJIOPIFIY-UHFFFAOYNA-N,-6.282
IGF1R,c_MET1052,mut_s1,detail,1,171,LIRQEBOXUUPWJJ-LNNLXFCONA-N,-8.125
IGF1R,c_MET1052,mut_s1,detail,1,172,ZDIIOUBKRSIUED-LQFNOIFHNA-N,-8.215
IGF1R,c_MET1052,mut_s1,detail,1,173,LTWUSAKSGJMCRY-UHFFFAOYNA-N,-8.557
IGF1R,c_MET1052,mut_s1,detail,1,174,PNDIKCGLYJOYIK-UYBDAZJANA-N,-8.277
IGF1R,c_MET1052,mut_s1,detail,1,175,MGSHIAIRIYECSG-MPIMZMORNA-N,-7.335
IGF1R,c_MET1052,mut_s1,detail,1,176,MVWYIUZSZIETFZ-KYUNMXQPNA-N,-7.552
IGF1R,c_MET1052,mut_s1,detail,1,177,XGTOSEODMLDCBR-UHFFFAOYNA-N,-7.588
IGF1R,c_MET1052,mut_s1,detail,1,178,NYHRLEZMHRGFLZ-UYBDAZJANA-N,-8.067
IGF1R,c_MET1052,mut_s1,detail,1,179,KZGNFRGGQVBHRV-UHFFFAOYNA-N,-8.249
IGF1R,c_MET1052,mut_s1,detail,1,180,SXXXSTPMDGKOCH-LQFNOIFHNA-N,-8.85
IGF1R,c_MET1052,mut_s1,detail,1,181,VJGFWNZWHKBDNN-HPHMPNDVNA-N,-7.548
IGF1R,c_MET1052,mut_s1,detail,1,182,SBLZEXLDNURADT-LELJVTLKNA-N,-7.94
IGF1R,c_MET1052,mut_s1,detail,1,183,OINVQDVVQWTWJM-YNGZFIAGNA-N,-8.359
IGF1R,c_MET1052,mut_s1,detail,1,184,RJZHELXWHJKNAM-NPVYFSBINA-N,-6.78
IGF1R,c_MET1052,mut_s1,detail,1,185,MAXGWTGCLOXELV-UHFFFAOYNA-N,-9.225
IGF1R,c_MET1052,mut_s1,detail,1,186,PNHBRYIAJCYNDA-VQCQRNETNA-N,-10.493
IGF1R,c_MET1052,mut_s1,detail,1,187,QGZIKUYIROAFSE-QWOVJGMINA-N,-7.65
IGF1R,c_MET1052,mut_s1,detail,1,188,QTIJDOJTNOHQTC-WQGACYEGNA-N,-6.611
IGF1R,c_MET1052,mut_s1,detail,1,189,OMLLGNQJKXQVKT-TUXCJRKWNA-N,-8.252
IGF1R,c_MET1052,mut_s1,detail,1,190,FNLHLKPQZWPTTK-UHFFFAOYNA-N,-8.364
IGF1R,c_MET1052,mut_s1,detail,1,191,XBPLTFIKHVYSDD-UHFFFAOYNA-N,-8.773
IGF1R,c_MET1052,mut_s1,detail,1,192,VEXPKIRCYBYITI-BEFZCSJLNA-N,-10.654
IGF1R,c_MET1052,mut_s1,detail,1,193,WDVQKHWASUJMRH-LNNLXFCONA-N,-8.406
IGF1R,c_MET1052,mut_s1,detail,1,194,DAUHEXDIKFZUFM-BZCDMSEBNA-N,-8.654
IGF1R,c_MET1052,mut_s1,detail,1,195,HCFHHWIWTWPKFH-UHFFFAOYNA-N,-7.883
IGF1R,c_MET1052,mut_s1,detail,1,196,PIFJHAXQZFBLCQ-ZVBCKELPNA-N,-8.532
IGF1R,c_MET1052,mut_s1,detail,1,197,CGBYUWXVJWRJIR-LLJNPURJNA-N,-7.595
IGF1R,c_MET1052,mut_s1,detail,1,198,CLHNZVNBTRJSNX-NSJMMFDCNA-N,-8.019
IGF1R,c_MET1052,mut_s1,detail,1,199,JKMJQRRLCJXPOK-SREBMQDQNA-N,-8.566
IGF1R,c_MET1052,mut_s1,detail,1,200,HHXLRWIDFFFFKX-LELJVTLKNA-N,-8.241
IGF1R,c_MET1052,mut_s1,detail,1,201,BZCFDJGFEXLRFA-NYHNBARNNA-N,-9.713
IGF1R,c_MET1052,mut_s1,detail,1,202,IEZNLWGERBHQJK-KEAFGAQVNA-N,-9.896
IGF1R,c_MET1052,mut_s1,detail,1,203,ZBJYTLVBCAOWHI-PKRZOPRNNA-N,-6.66
IGF1R,c_MET1052,mut_s1,detail,1,204,FGMQRSXQOIDDJD-PKRZOPRNNA-N,-8.167
IGF1R,c_MET1052,mut_s1,detail,1,205,XDGHTBHPIPZHLJ-KMZMRBKQNA-N,-9.896
IGF1R,c_MET1052,mut_s1,detail,1,206,WSGZHZGDPVCVHF-UHFFFAOYNA-N,-9.967
IGF1R,c_MET1052,mut_s1,detail,1,207,HXWAXUQSZMRTTE-YLBMWQQONA-N,-7.507
IGF1R,c_MET1052,mut_s1,detail,1,208,FCZVXTBFAYFUHQ-UHFFFAOYNA-N,-8.811
IGF1R,c_MET1052,mut_s1,detail,1,209,YAZOIIMRVUPEOT-DHDJHLBQNA-N,-7.96
IGF1R,c_MET1052,mut_s1,detail,1,210,KVNQZVOXEZCBRJ-PECRYQBZNA-N,-8.44
IGF1R,c_MET1052,mut_s1,detail,1,211,IYBSHHORKOCFKZ-LNNLXFCONA-N,-8.199
IGF1R,c_MET1052,mut_s1,detail,1,212,RSTMZFOEDVJAHN-OXBUWGKVNA-N,-8.123
IGF1R,c_MET1052,mut_s1,detail,1,213,NYWCANYSFKVUNN-UHFFFAOYNA-N,-7.096
IGF1R,c_MET1052,mut_s1,detail,1,214,XFQNPVRVZXSQSI-IVGLCWOSNA-N,-9.625
IGF1R,c_MET1052,mut_s1,detail,1,215,HXGZQYVBZUMUDK-HXTKINSTNA-N,-8.824
IGF1R,c_MET1052,mut_s1,detail,1,216,BKWBUUYCHYLRLF-NSJMMFDCNA-N,-6.435
IGF1R,c_MET1052,mut_s1,detail,1,217,JRRKWFRTDFOWAB-XDUJAMRANA-N,-7.703
IGF1R,c_MET1052,mut_s1,detail,1,218,FPOLFSCTFRBBHI-QGZVFWFLNA-N,-8.526
IGF1R,c_MET1052,mut_s1,detail,1,219,RPPDOGWFJZOEQX-LVWGJNHUNA-N,-6.619
IGF1R,c_MET1052,mut_s1,detail,1,220,JYOPBQURUBDKLK-LELJVTLKNA-N,-8.211
IGF1R,c_MET1052,mut_s1,detail,1,221,LNENLABLFGGAFF-INUABGGHNA-N,-9.137
IGF1R,c_MET1052,mut_s1,detail,1,222,BAQVKFUOCGTGBI-FCDIKQFGNA-N,-7.57
IGF1R,c_MET1052,mut_s1,detail,1,223,SYJAKTNXXAWUQU-BYGYBERANA-N,-8.394
IGF1R,c_MET1052,mut_s1,detail,1,224,KCFZFOHSAGLLGQ-LUBWAWCANA-N,-8.391
IGF1R,c_MET1052,mut_s1,detail,1,225,LDJWHJQMWPYZLV-WHDAICOONA-N,-8.399
IGF1R,c_MET1052,mut_s1,detail,1,226,AXUDSCZCBZMENI-UHFFFAOYNA-N,-8.456
IGF1R,c_MET1052,mut_s1,detail,1,227,DDXHLMOKYYMXTK-OBAATPRFNA-N,-7.816
IGF1R,c_MET1052,mut_s1,detail,1,228,KTOSTKQYNJBYHF-PKOBYXMFNA-N,-8.559
IGF1R,c_MET1052,mut_s1,detail,1,229,ZCFWJPJEBJVXTO-UHFFFAOYNA-N,-8.662
IGF1R,c_MET1052,mut_s1,detail,1,230,NJVFOFMHUJJIMB-UHFFFAOYNA-N,-8.006
IGF1R,c_MET1052,mut_s1,detail,1,231,XUEQVOGPWKWKNT-XBXBPLPCNA-N,-7.323
IGF1R,c_MET1052,mut_s1,detail,1,232,MLFYMBALEIQTEJ-LBOYIXSDNA-N,-8.945
IGF1R,c_MET1052,mut_s1,detail,1,233,AETJFEZDSLASSU-XTEPFMGCNA-N,-7.572
IGF1R,c_MET1052,mut_s1,detail,1,234,GSNNWCVFRNINCY-UHFFFAOYNA-N,-8.554
IGF1R,c_MET1052,mut_s1,detail,1,235,UIHGNJALPXKJRE-UHFFFAOYNA-N,-8.272
IGF1R,c_MET1052,mut_s1,detail,1,236,BBUDWIYSLGTZTQ-SGMUJJOCNA-N,-8.141
IGF1R,c_MET1052,mut_s1,detail,1,237,CBYYNSKRRKXPFV-LELJVTLKNA-N,-8.019
IGF1R,c_MET1052,mut_s1,detail,1,238,NMFTXZYZNCQGNR-MTTPVDACNA-N,-9.273
IGF1R,c_MET1052,mut_s1,detail,1,239,QTKARDGAUMDUCL-LAEKOWRLNA-N,-8.4
IGF1R,c_MET1052,mut_s1,detail,1,240,VNEQUOUVFXAVMH-SANMLTNENA-N,-7.295
IGF1R,c_MET1052,mut_s1,detail,1,241,IJPPTSNWQLJFSU-LNNLXFCONA-N,-8.399
IGF1R,c_MET1052,mut_s1,detail,1,242,DJQIFFIREHYQCT-OSPHWJPCNA-N,-8.975
IGF1R,c_MET1052,mut_s1,detail,1,243,KOZFSFOOLUUIGY-SLMOLSELNA-N,-9.228
IGF1R,c_MET1052,mut_s1,detail,1,244,WILPFKVTYXJQQV-ZMCXWUQGNA-N,-7.859
IGF1R,c_MET1052,mut_s1,detail,1,245,NZELHCGEQZMIBB-UHFFFAOYNA-N,-9.192
IGF1R,c_MET1052,mut_s1,detail,1,246,VKGWONFLJDZUKM-NSJMMFDCNA-N,-8.198
IGF1R,c_MET1052,mut_s1,detail,1,247,XUHSVEXCUONJNQ-PMERELPUNA-N,-7.04
IGF1R,c_MET1052,mut_s1,detail,1,248,ZFOAPODMCDEDHA-UHFFFAOYNA-N,-9.299
IGF1R,c_MET1052,mut_s1,detail,1,249,PZCSJBQJENRLHD-ULJJZXAINA-N,-7.891
IGF1R,c_MET1052,mut_s1,detail,1,250,IOSLXICJNAAKOP-ZFJUVRDGNA-N,-8.787
IGF1R,c_MET1052,mut_s1,detail,1,251,HUDCDZLLNLJTEW-RBSQRGBYNA-N,-8.702
IGF1R,c_MET1052,mut_s1,detail,1,252,IKUATMHYCWRCHC-XUIBWRPBNA-N,-9.715
IGF1R,c_MET1052,mut_s1,detail,1,253,HCEYJYMNIQHPPK-WKJNMVSGNA-N,-8.919
IGF1R,c_MET1052,mut_s1,detail,1,254,ZLEIPSPWAZJWJP-DHDJHLBQNA-N,-8.462
IGF1R,c_MET1052,mut_s1,detail,1,255,ZKDQUBKHXMXRRH-KUWNNRQRNA-N,-8.497
IGF1R,c_MET1126,mut_s1,detail,1,0,QGXBDMJGAMFCBF-WRZMNKJANA-N,-8.363
IGF1R,c_MET1126,mut_s1,detail,1,1,XZORRJGRPUBUJO-UHFFFAOYNA-N,-5.91
IGF1R,c_MET1126,mut_s1,detail,1,2,RIOOLQVLOZQLQJ-CYBMUJFWNA-N,-6.166
IGF1R,c_MET1126,mut_s1,detail,1,3,JMAMZIYMGUDBDZ-YAQRNVERNA-N,-6.66
IGF1R,c_MET1126,mut_s1,detail,1,4,SOHFVFXITPDEDK-GMNMMWFNNA-N,-7.871
IGF1R,c_MET1126,mut_s1,detail,1,5,HQPUBFWUNXGPNP-FECSGLDJNA-N,-5.843
IGF1R,c_MET1126,mut_s1,detail,1,6,URSPNXKDALRRBJ-FQFUPTBWNA-N,-7.465
IGF1R,c_MET1126,mut_s1,detail,1,7,MALHKRCDHFAKIM-GPQMBLKYNA-N,-7.892
IGF1R,c_MET1126,mut_s1,detail,1,8,VDGCRTGHEWIBAL-YAQRNVERNA-N,-7.243
IGF1R,c_MET1126,mut_s1,detail,1,9,VOWBZMVBYGELAY-UHFFFAOYNA-N,-7.348
IGF1R,c_MET1126,mut_s1,detail,1,10,GKBJOMPRUSWVJA-UHFFFAOYNA-N,-6.677
IGF1R,c_MET1126,mut_s1,detail,1,11,RQLXWVPRGJJWEK-BFHABQRXNA-N,-6.937
IGF1R,c_MET1126,mut_s1,detail,1,12,OQWMEUSTXXVVIU-NWANDNLSNA-N,-6.77
IGF1R,c_MET1126,mut_s1,detail,1,13,SVIIYVRLTJRIIR-UHFFFAOYNA-N,-6.809
IGF1R,c_MET1126,mut_s1,detail,1,14,XIQVFMHGZHWKNA-LILDFLRNNA-N,-8.066
IGF1R,c_MET1126,mut_s1,detail,1,15,ABQUFQQMQCPHOH-NCWAPJAINA-N,-7.473
IGF1R,c_MET1126,mut_s1,detail,1,16,BNGLUFUDMHHURB-UYBDAZJANA-N,-7.578
IGF1R,c_MET1126,mut_s1,detail,1,17,JXAGPFSGJKRKBY-UHFFFAOYNA-N,-7.543
IGF1R,c_MET1126,mut_s1,detail,1,18,DINPOPQNCDTVPQ-YGPBECBDNA-N,-7.643
IGF1R,c_MET1126,mut_s1,detail,1,19,FUMDYIGQJOCQBC-UHFFFAOYNA-N,-7.255
IGF1R,c_MET1126,mut_s1,detail,1,20,GLEVLJDDWXEYCO-WYUMXYHSNA-N,-7.271
IGF1R,c_MET1126,mut_s1,detail,1,21,PWCMYVJXHPBJNZ-FSHPWJEWNA-N,-6.52
IGF1R,c_MET1126,mut_s1,detail,1,22,CLPZQGXGPKJOMN-XWKXFZRBNA-N,-6.835
IGF1R,c_MET1126,mut_s1,detail,1,23,UFUOEKYHBCFTGW-RWJRRMEYNA-N,-6.71
IGF1R,c_MET1126,mut_s1,detail,1,24,CMNIOKDUTCZQJB-NDKGDYFDNA-N,-6.37
IGF1R,c_MET1126,mut_s1,detail,1,25,ZVNPQHHQIVQYPI-ZHACJKMWNA-N,-8.963
IGF1R,c_MET1126,mut_s1,detail,1,26,HHPYZGCOAAJZTN-NKWLYDBFNA-N,-7.185
IGF1R,c_MET1126,mut_s1,detail,1,27,ANYSYRVXKLTFPB-UHFFFAOYNA-N,-7.27
IGF1R,c_MET1126,mut_s1,detail,1,28,JISYUXULRDZARX-HCKMINDGNA-N,-7.452
IGF1R,c_MET1126,mut_s1,detail,1,29,VTLWDCDAVLVOHR-HCKMINDGNA-N,-8.24
IGF1R,c_MET1126,mut_s1,detail,1,30,BBMWNEXSYXLWEO-WYUMXYHSNA-N,-6.903
IGF1R,c_MET1126,mut_s1,detail,1,31,WZGCZUAYIBWZAN-YHSKDTNENA-N,-7.651
IGF1R,c_MET1126,mut_s1,detail,1,32,RVNORUCXEIIROU-UHFFFAOYNA-N,-7.95
IGF1R,c_MET1126,mut_s1,detail,1,33,ZTJZVOMEMRNYKF-JSGPKCTENA-N,-6.359
IGF1R,c_MET1126,mut_s1,detail,1,34,WQKOQOZXZQJNRC-GPQMBLKYNA-N,-8.195
IGF1R,c_MET1126,mut_s1,detail,1,35,WKLBCLNIAGUINH-GAJRPKRDNA-N,-5.98
IGF1R,c_MET1126,mut_s1,detail,1,36,ZVOVGLCUMDQIHF-VPQZEOPVNA-N,-6.486
IGF1R,c_MET1126,mut_s1,detail,1,37,UGKZABQBFUBOFG-WDFGQQGSNA-N,-6.894
IGF1R,c_MET1126,mut_s1,detail,1,38,RTJRNIJPLOVJLH-WYUMXYHSNA-N,-6.96
IGF1R,c_MET1126,mut_s1,detail,1,39,MUJCQGFFHCARCQ-UYBDAZJANA-N,-9.098
IGF1R,c_MET1126,mut_s1,detail,1,40,FZSPJBYOKQPKCD-VIFPVBQENA-N,-6.096
IGF1R,c_MET1126,mut_s1,detail,1,41,RWPHPOMFTPAOAS-JLGFQASFNA-N,-7.6
IGF1R,c_MET1126,mut_s1,detail,1,42,ZXVNJVRABSCRGU-GPQMBLKYNA-N,-7.577
IGF1R,c_MET1126,mut_s1,detail,1,43,KZAOEMMZRGEBST-OOGKJWBGNA-N,-8.234
IGF1R,c_MET1126,mut_s1,detail,1,44,NEIVPRTZAHUZEA-WYUMXYHSNA-N,-6.314
IGF1R,c_MET1126,mut_s1,detail,1,45,PYKJFEPAUKAXNN-UHFFFAOYNA-N,-7.39
IGF1R,c_MET1126,mut_s1,detail,1,46,BPUNDQLKPUIGBR-GPQMBLKYNA-N,-7.25
IGF1R,c_MET1126,mut_s1,detail,1,47,WDFLSTQJUFMIIW-UHFFFAOYNA-N,-7.766
IGF1R,c_MET1126,mut_s1,detail,1,48,BJLQEYLWUSSEKH-CMPMBVLYNA-N,-7.571
IGF1R,c_MET1126,mut_s1,detail,1,49,HZUGIOKMHRUHMF-ADJYBIKJNA-N,-7.815
IGF1R,c_MET1126,mut_s1,detail,1,50,PBWQQQLCZDQSET-XWKXFZRBNA-N,-6.254
IGF1R,c_MET1126,mut_s1,detail,1,51,ISSLSGLIFQSYJA-HCKMINDGNA-N,-7.589
IGF1R,c_MET1126,mut_s1,detail,1,52,OAXDEJIQWHXCJI-UHFFFAOYNA-N,-6.81
IGF1R,c_MET1126,mut_s1,detail,1,53,BCJVFDDJSOEKKQ-UHFFFAOYNA-N,-7.215
IGF1R,c_MET1126,mut_s1,detail,1,54,QFJGCDWXDUDFAD-UHFFFAOYNA-N,-8.476
IGF1R,c_MET1126,mut_s1,detail,1,55,JVBGNPPYXIWVPH-WYCIUFAENA-N,-5.55
IGF1R,c_MET1126,mut_s1,detail,1,56,BYJAVTDNIXVSPW-YHMJCDSINA-N,-6.683
IGF1R,c_MET1126,mut_s1,detail,1,57,MQGMUPFWCDYDFO-UHFFFAOYNA-N,-7.112
IGF1R,c_MET1126,mut_s1,detail,1,58,OACAJASVXJLTAT-UHFFFAOYNA-N,-7.169
IGF1R,c_MET1126,mut_s1,detail,1,59,AQSGGOLDOQGOAO-FNCQTZNRNA-N,-6.545
IGF1R,c_MET1126,mut_s1,detail,1,60,SOBHKZHLCOJHTI-YHMJCDSINA-N,-7.595
IGF1R,c_MET1126,mut_s1,detail,1,61,NUFCOZJTDHUROG-PKGMMKRDNA-N,-7.063
IGF1R,c_MET1126,mut_s1,detail,1,62,KZTOUMBNPVCTLR-GFJIPZKJNA-N,-8.388
IGF1R,c_MET1126,mut_s1,detail,1,63,CLEMZXMGJNNUTH-LILDFLRNNA-N,-8.802
IGF1R,c_MET1126,mut_s1,detail,1,64,MXRJUMCOVVUCLC-UHFFFAOYNA-N,-8.163
IGF1R,c_MET1126,mut_s1,detail,1,65,HZDIAENSPHDHRS-UHFFFAOYNA-N,-7.322
IGF1R,c_MET1126,mut_s1,detail,1,66,CHDODAJYQOTMTK-PKSOQXRJNA-N,-8.05
IGF1R,c_MET1126,mut_s1,detail,1,67,VRFRJWXCOPEIII-QWOVJGMINA-N,-7.765
IGF1R,c_MET1126,mut_s1,detail,1,68,WTOLVFBACFWUSN-QGOAFFKANA-N,-8.671
IGF1R,c_MET1126,mut_s1,detail,1,69,KDJZDSPTXVFGOF-NPVYFSBINA-N,-8.032
IGF1R,c_MET1126,mut_s1,detail,1,70,MUXXNOOBECTQPY-UHFFFAOYNA-N,-6.663
IGF1R,c_MET1126,mut_s1,detail,1,71,OBUUPTPELQALTE-UYBDAZJANA-N,-6.69
IGF1R,c_MET1126,mut_s1,detail,1,72,FKOXOEKZVRISIU-NPVYFSBINA-N,-7.836
IGF1R,c_MET1126,mut_s1,detail,1,73,ZOKNKPRORGNRMQ-BXBDENJDNA-N,-7.33
IGF1R,c_MET1126,mut_s1,detail,1,74,KWJAZTNSKVNVEC-UHFFFAOYNA-N,-7.143
IGF1R,c_MET1126,mut_s1,detail,1,75,RPBVHEVTQXVWDL-NGZNMCPLNA-N,-8.501
IGF1R,c_MET1126,mut_s1,detail,1,76,ZSKKLMIULIVRSI-QWOVJGMINA-N,-6.781
IGF1R,c_MET1126,mut_s1,detail,1,77,VLKGZJJKNXFENI-LILDFLRNNA-N,-7.801
IGF1R,c_MET1126,mut_s1,detail,1,78,NCKZVQLIUXCUQF-UHFFFAOYNA-N,-7.454
IGF1R,c_MET1126,mut_s1,detail,1,79,TYYOBUBDDDDKPC-UHFFFAOYNA-N,-8.431
IGF1R,c_MET1126,mut_s1,detail,1,80,AQMRDIZFWYYMBQ-QWOVJGMINA-N,-7.686
IGF1R,c_MET1126,mut_s1,detail,1,81,IVRPZSQLORCONO-UHFFFAOYNA-N,-7.401
IGF1R,c_MET1126,mut_s1,detail,1,82,IRNFLRZZSCRLSQ-NPVYFSBINA-N,-8.405
IGF1R,c_MET1126,mut_s1,detail,1,83,UUMBQVLEWSWSOO-GPQMBLKYNA-N,-8.88
IGF1R,c_MET1126,mut_s1,detail,1,84,ASCHVCPAOUSKIZ-GPQMBLKYNA-N,-8.95
IGF1R,c_MET1126,mut_s1,detail,1,85,NVGGHEIBFBOAHY-UHFFFAOYNA-N,-8.576
IGF1R,c_MET1126,mut_s1,detail,1,86,JIOIPFWJCUUZEU-PKSOQXRJNA-N,-8.367
IGF1R,c_MET1126,mut_s1,detail,1,87,RGAJQRZKKQXIEQ-XBTAAFKLNA-N,-6.411
IGF1R,c_MET1126,mut_s1,detail,1,88,DOVBELPPXZSOPX-UHFFFAOYNA-N,-8.264
IGF1R,c_MET1126,mut_s1,detail,1,89,VFOWTBWNNOVCPH-WJDWOHSUNA-N,-8.221
IGF1R,c_MET1126,mut_s1,detail,1,90,HKWNGVFHUCRTTQ-QVUQFMIFNA-N,-9.109
IGF1R,c_MET1126,mut_s1,detail,1,91,VPMBMFYJJPEBKS-XBTAAFKLNA-N,-8.481
IGF1R,c_MET1126,mut_s1,detail,1,92,OPIXMYPGGYYGRV-PKSOQXRJNA-N,-7.132
IGF1R,c_MET1126,mut_s1,detail,1,93,ASWFTNOPBUOHSG-UHFFFAOYNA-N,-9.117
IGF1R,c_MET1126,mut_s1,detail,1,94,YIFJQOSOEFTEHM-QWOVJGMINA-N,-7.496
IGF1R,c_MET1126,mut_s1,detail,1,95,CYRPZNLZOLVKKM-PKSOQXRJNA-N,-8.142
IGF1R,c_MET1126,mut_s1,detail,1,96,PSRSNNQFQFGFKV-QWOVJGMINA-N,-8.401
IGF1R,c_MET1126,mut_s1,detail,1,97,PSJJZUSBTGJHEC-WYUMXYHSNA-N,-6.739
IGF1R,c_MET1126,mut_s1,detail,1,98,RCTHTZYLLISDPT-VVKINWOJNA-N,-7.864
IGF1R,c_MET1126,mut_s1,detail,1,99,UNWANCHXNSSIJJ-PKSOQXRJNA-N,-7.798
IGF1R,c_MET1126,mut_s1,detail,1,100,OJBGHXIETMBPHZ-UHFFFAOYNA-N,-8.318
IGF1R,c_MET1126,mut_s1,detail,1,101,KNDRDFFUMNHLRJ-LILDFLRNNA-N,-8.153
IGF1R,c_MET1126,mut_s1,detail,1,102,PBGALVWBACEVEC-QWOVJGMINA-N,-8.613
IGF1R,c_MET1126,mut_s1,detail,1,103,SRLVRCUUJBEIBP-UHFFFAOYNA-N,-7.918
IGF1R,c_MET1126,mut_s1,detail,1,104,UVGHDRGQXQVMNW-UHFFFAOYNA-N,-8.078
IGF1R,c_MET1126,mut_s1,detail,1,105,YIUJUFFZJHPDAY-SDRQFZCRNA-N,-8.783
IGF1R,c_MET1126,mut_s1,detail,1,106,UYPODJSKAAJGNR-UYBDAZJANA-N,-8.155
IGF1R,c_MET1126,mut_s1,detail,1,107,YWMYHDFGDRTCPV-BXGKXWMCNA-N,-8.658
IGF1R,c_MET1126,mut_s1,detail,1,108,RPVJOFUOUDWRGV-LILDFLRNNA-N,-8.413
IGF1R,c_MET1126,mut_s1,detail,1,109,LUKGDWAOTYXHEM-XBTAAFKLNA-N,-7.84
IGF1R,c_MET1126,mut_s1,detail,1,110,CHJMEHVGESAPSR-UHFFFAOYNA-N,-7.556
IGF1R,c_MET1126,mut_s1,detail,1,111,JDZNTGMSMHYYCY-NPVYFSBINA-N,-8.495
IGF1R,c_MET1126,mut_s1,detail,1,112,CRZKGBDGHDTLNN-UHFFFAOYNA-N,-8.251
IGF1R,c_MET1126,mut_s1,detail,1,113,ALLYNSCMTRSFNH-UHFFFAOYNA-N,-7.77
IGF1R,c_MET1126,mut_s1,detail,1,114,HTVVQAPUWGNILV-PKSOQXRJNA-N,-8.388
IGF1R,c_MET1126,mut_s1,detail,1,115,HEKHUTSUFJPTQY-UHFFFAOYNA-N,-8.856
IGF1R,c_MET1126,mut_s1,detail,1,116,ZTTIICUFHXUACO-HNENSFHCNA-N,-8.025
IGF1R,c_MET1126,mut_s1,detail,1,117,GYJDRNKSYOJANZ-QVUQFMIFNA-N,-8.49
IGF1R,c_MET1126,mut_s1,detail,1,118,QSBMVUOOXXRNFY-UHFFFAOYNA-N,-8.024
IGF1R,c_MET1126,mut_s1,detail,1,119,VRMMQHDQMURNDV-PGYIFSQXNA-N,-7.186
IGF1R,c_MET1126,mut_s1,detail,1,120,FHGICQLRHVZVCW-TWSYTRIPNA-N,-7.843
IGF1R,c_MET1126,mut_s1,detail,1,121,WWZHRJDMAZBTGY-WYUMXYHSNA-N,-8.138
IGF1R,c_MET1126,mut_s1,detail,1,122,GXHBBVOBKJURCM-UHFFFAOYNA-N,-7.122
IGF1R,c_MET1126,mut_s1,detail,1,123,GKJWYULRCHAYTN-UYBDAZJANA-N,-7.92
IGF1R,c_MET1126,mut_s1,detail,1,124,LJFRBCQBJFKUBA-LILDFLRNNA-N,-9.469
IGF1R,c_MET1126,mut_s1,detail,1,125,JGJYHHGYTXVQLH-MZSCVVMKNA-N,-6.778
IGF1R,c_MET1126,mut_s1,detail,1,126,WJPDMYDDAMHBSE-UZYVYHOENA-N,-9.192
IGF1R,c_MET1126,mut_s1,detail,1,127,GVOMJEIYRXTYCN-LILDFLRNNA-N,-8.005
IGF1R,c_MET1126,mut_s1,detail,1,128,LTZVLHHIAUKGBP-LELJVTLKNA-N,-8.683
IGF1R,c_MET1126,mut_s1,detail,1,129,FIKLOQNDPSVUGH-LBOYIXSDNA-N,-7.371
IGF1R,c_MET1126,mut_s1,detail,1,130,GIEJIAIRYKSRHU-MPIMZMORNA-N,-8.323
IGF1R,c_MET1126,mut_s1,detail,1,131,XFKYWJPYYRTYBR-ODOKVQCSNA-N,-8.197
IGF1R,c_MET1126,mut_s1,detail,1,132,PKSFLOGCPXWJIU-MEDUHNTENA-N,-9.202
IGF1R,c_MET1126,mut_s1,detail,1,133,JLHJTKOPNATISN-LELJVTLKNA-N,-7.915
IGF1R,c_MET1126,mut_s1,detail,1,134,GUBNROKMFNBDBZ-GRDNDAEWNA-N,-8.048
IGF1R,c_MET1126,mut_s1,detail,1,135,KGCQIOUZEREWDG-UHFFFAOYNA-N,-8.268
IGF1R,c_MET1126,mut_s1,detail,1,136,DWDHSAAOHLDDKE-QWOVJGMINA-N,-7.218
IGF1R,c_MET1126,mut_s1,detail,1,137,XSTAWOGBOKIKIE-UKZVOYCKNA-N,-8.327
IGF1R,c_MET1126,mut_s1,detail,1,138,OWXORKPNCHJYOF-JFRKDZMVNA-N,-8.756
IGF1R,c_MET1126,mut_s1,detail,1,139,MQOILMOKFLJWRN-KYCGMZMQNA-N,-8.673
IGF1R,c_MET1126,mut_s1,detail,1,140,BJROQKFYPRCGFD-LQFNOIFHNA-N,-8.402
IGF1R,c_MET1126,mut_s1,detail,1,141,PLWVUIRWJVKSSD-XBXARRHUNA-N,-8.072
IGF1R,c_MET1126,mut_s1,detail,1,142,HFWSIVHELHSGJY-JJIBRWJFNA-N,-7.519
IGF1R,c_MET1126,mut_s1,detail,1,143,QMHSEIOSCQWTPQ-LNNLXFCONA-N,-7.62
IGF1R,c_MET1126,mut_s1,detail,1,144,FBHVHCWHAVLWJT-OYSRHTCDNA-N,-7.626
IGF1R,c_MET1126,mut_s1,detail,1,145,CEZNOHQWEHKPJP-LQFNOIFHNA-N,-8.898
IGF1R,c_MET1126,mut_s1,detail,1,146,KOFRNRJMKWZBMR-RVJKNMGLNA-N,-7.633
IGF1R,c_MET1126,mut_s1,detail,1,147,PGPPCCZSDRAQKA-SYZQJQIINA-N,-6.834
IGF1R,c_MET1126,mut_s1,detail,1,148,VGUBMLBOECHPGN-MHEVPKQANA-N,-7.906
IGF1R,c_MET1126,mut_s1,detail,1,149,PCORSCGAGFGSSR-UHFFFAOYNA-N,-7.193
IGF1R,c_MET1126,mut_s1,detail,1,150,JGNCAWPKZCFGOI-BXGKXWMCNA-N,-8.81
IGF1R,c_MET1126,mut_s1,detail,1,151,ULONVLUMOUFCID-LNNLXFCONA-N,-9.325
IGF1R,c_MET1126,mut_s1,detail,1,152,HCPHOPNEKKCOEN-LNNLXFCONA-N,-7.842
IGF1R,c_MET1126,mut_s1,detail,1,153,OMJCCYYNBCJNOL-FVAMHUBNNA-N,-7.799
IGF1R,c_MET1126,mut_s1,detail,1,154,SZUCFANUUBSCPX-PJQSKVNONA-N,-9.264
IGF1R,c_MET1126,mut_s1,detail,1,155,QHLRKDSRGUZHSH-UHFFFAOYNA-N,-7.604
IGF1R,c_MET1126,mut_s1,detail,1,156,QUFUFSGGBADBIH-UHFFFAOYNA-N,-8.625
IGF1R,c_MET1126,mut_s1,detail,1,157,WPBGBXPZNCPYQB-UHFFFAOYNA-N,-8.789
IGF1R,c_MET1126,mut_s1,detail,1,158,BXVSKXWPXKQTOL-UHFFFAOYNA-N,-8.571
IGF1R,c_MET1126,mut_s1,detail,1,159,WNELYPHBVMGNQP-UHFFFAOYNA-N,-8.431
IGF1R,c_MET1126,mut_s1,detail,1,160,POOIONRPVWIUHF-LQFNOIFHNA-N,-8.672
IGF1R,c_MET1126,mut_s1,detail,1,161,NZPQBADYZFTGOT-UHFFFAOYNA-N,-8.011
IGF1R,c_MET1126,mut_s1,detail,1,162,MAOZUYDDGGFCKF-WFELUYCUNA-N,-8.144
IGF1R,c_MET1126,mut_s1,detail,1,163,PEANHJHNIYISMY-UHFFFAOYNA-N,-8.824
IGF1R,c_MET1126,mut_s1,detail,1,164,ABFVBWQMBVYWMV-UHFFFAOYNA-N,-8.759
IGF1R,c_MET1126,mut_s1,detail,1,165,UMUOTXHWTLGGIP-QWOVJGMINA-N,-7.839
IGF1R,c_MET1126,mut_s1,detail,1,166,NYVXKWVMQVVBRC-QWOVJGMINA-N,-7.868
IGF1R,c_MET1126,mut_s1,detail,1,167,OVGDAEHQLCSRDI-UHFFFAOYNA-N,-6.971
IGF1R,c_MET1126,mut_s1,detail,1,168,BZXWWWGSEIRPLV-UHFFFAOYNA-N,-7.476
IGF1R,c_MET1126,mut_s1,detail,1,169,FXGKAQHXFGXOPR-UHFFFAOYNA-N,-8.864
IGF1R,c_MET1126,mut_s1,detail,1,170,HVIXAPJIOPIFIY-UHFFFAOYNA-N,-6.815
IGF1R,c_MET1126,mut_s1,detail,1,171,LIRQEBOXUUPWJJ-LNNLXFCONA-N,-7.891
IGF1R,c_MET1126,mut_s1,detail,1,172,ZDIIOUBKRSIUED-LQFNOIFHNA-N,-8.578
IGF1R,c_MET1126,mut_s1,detail,1,173,LTWUSAKSGJMCRY-UHFFFAOYNA-N,-8.38
IGF1R,c_MET1126,mut_s1,detail,1,174,PNDIKCGLYJOYIK-UYBDAZJANA-N,-7.974
IGF1R,c_MET1126,mut_s1,detail,1,175,MGSHIAIRIYECSG-MPIMZMORNA-N,-7.46
IGF1R,c_MET1126,mut_s1,detail,1,176,MVWYIUZSZIETFZ-KYUNMXQPNA-N,-8.907
IGF1R,c_MET1126,mut_s1,detail,1,177,XGTOSEODMLDCBR-UHFFFAOYNA-N,-7.775
IGF1R,c_MET1126,mut_s1,detail,1,178,NYHRLEZMHRGFLZ-UYBDAZJANA-N,-7.704
IGF1R,c_MET1126,mut_s1,detail,1,179,KZGNFRGGQVBHRV-UHFFFAOYNA-N,-8.103
IGF1R,c_MET1126,mut_s1,detail,1,180,SXXXSTPMDGKOCH-LQFNOIFHNA-N,-8.701
IGF1R,c_MET1126,mut_s1,detail,1,181,VJGFWNZWHKBDNN-HPHMPNDVNA-N,-7.397
IGF1R,c_MET1126,mut_s1,detail,1,182,SBLZEXLDNURADT-LELJVTLKNA-N,-7.138
IGF1R,c_MET1126,mut_s1,detail,1,183,OINVQDVVQWTWJM-YNGZFIAGNA-N,-8.374
IGF1R,c_MET1126,mut_s1,detail,1,184,RJZHELXWHJKNAM-NPVYFSBINA-N,-7.478
IGF1R,c_MET1126,mut_s1,detail,1,185,MAXGWTGCLOXELV-UHFFFAOYNA-N,-8.987
IGF1R,c_MET1126,mut_s1,detail,1,186,PNHBRYIAJCYNDA-VQCQRNETNA-N,-10.501
IGF1R,c_MET1126,mut_s1,detail,1,187,QGZIKUYIROAFSE-QWOVJGMINA-N,-7.192
IGF1R,c_MET1126,mut_s1,detail,1,188,QTIJDOJTNOHQTC-WQGACYEGNA-N,-7.272
IGF1R,c_MET1126,mut_s1,detail,1,189,OMLLGNQJKXQVKT-TUXCJRKWNA-N,-7.686
IGF1R,c_MET1126,mut_s1,detail,1,190,FNLHLKPQZWPTTK-UHFFFAOYNA-N,-8.279
IGF1R,c_MET1126,mut_s1,detail,1,191,XBPLTFIKHVYSDD-UHFFFAOYNA-N,-9.828
IGF1R,c_MET1126,mut_s1,detail,1,192,VEXPKIRCYBYITI-BEFZCSJLNA-N,-10.448
IGF1R,c_MET1126,mut_s1,detail,1,193,WDVQKHWASUJMRH-LNNLXFCONA-N,-8.702
IGF1R,c_MET1126,mut_s1,detail,1,194,DAUHEXDIKFZUFM-BZCDMSEBNA-N,-8.589
IGF1R,c_MET1126,mut_s1,detail,1,195,HCFHHWIWTWPKFH-UHFFFAOYNA-N,-8.298
IGF1R,c_MET1126,mut_s1,detail,1,196,PIFJHAXQZFBLCQ-ZVBCKELPNA-N,-8.985
IGF1R,c_MET1126,mut_s1,detail,1,197,CGBYUWXVJWRJIR-LLJNPURJNA-N,-7.09
IGF1R,c_MET1126,mut_s1,detail,1,198,CLHNZVNBTRJSNX-NSJMMFDCNA-N,-8.065
IGF1R,c_MET1126,mut_s1,detail,1,199,JKMJQRRLCJXPOK-SREBMQDQNA-N,-8.791
IGF1R,c_MET1126,mut_s1,detail,1,200,HHXLRWIDFFFFKX-LELJVTLKNA-N,-8.226
IGF1R,c_MET1126,mut_s1,detail,1,201,BZCFDJGFEXLRFA-NYHNBARNNA-N,-9.803
IGF1R,c_MET1126,mut_s1,detail,1,202,IEZNLWGERBHQJK-KEAFGAQVNA-N,-9.307
IGF1R,c_MET1126,mut_s1,detail,1,203,ZBJYTLVBCAOWHI-PKRZOPRNNA-N,-6.895
IGF1R,c_MET1126,mut_s1,detail,1,204,FGMQRSXQOIDDJD-PKRZOPRNNA-N,-8.014
IGF1R,c_MET1126,mut_s1,detail,1,205,XDGHTBHPIPZHLJ-KMZMRBKQNA-N,-10.088
IGF1R,c_MET1126,mut_s1,detail,1,206,WSGZHZGDPVCVHF-UHFFFAOYNA-N,-9.729
IGF1R,c_MET1126,mut_s1,detail,1,207,HXWAXUQSZMRTTE-YLBMWQQONA-N,-9.008
IGF1R,c_MET1126,mut_s1,detail,1,208,FCZVXTBFAYFUHQ-UHFFFAOYNA-N,-10.603
IGF1R,c_MET1126,mut_s1,detail,1,209,YAZOIIMRVUPEOT-DHDJHLBQNA-N,-8.032
IGF1R,c_MET1126,mut_s1,detail,1,210,KVNQZVOXEZCBRJ-PECRYQBZNA-N,-8.425
IGF1R,c_MET1126,mut_s1,detail,1,211,IYBSHHORKOCFKZ-LNNLXFCONA-N,-8.848
IGF1R,c_MET1126,mut_s1,detail,1,212,RSTMZFOEDVJAHN-OXBUWGKVNA-N,-8.609
IGF1R,c_MET1126,mut_s1,detail,1,213,NYWCANYSFKVUNN-UHFFFAOYNA-N,-9.709
IGF1R,c_MET1126,mut_s1,detail,1,214,XFQNPVRVZXSQSI-IVGLCWOSNA-N,-9.108
IGF1R,c_MET1126,mut_s1,detail,1,215,HXGZQYVBZUMUDK-HXTKINSTNA-N,-8.502
IGF1R,c_MET1126,mut_s1,detail,1,216,BKWBUUYCHYLRLF-NSJMMFDCNA-N,-8.264
IGF1R,c_MET1126,mut_s1,detail,1,217,JRRKWFRTDFOWAB-XDUJAMRANA-N,-7.968
IGF1R,c_MET1126,mut_s1,detail,1,218,FPOLFSCTFRBBHI-QGZVFWFLNA-N,-8.869
IGF1R,c_MET1126,mut_s1,detail,1,219,RPPDOGWFJZOEQX-LVWGJNHUNA-N,-6.492
IGF1R,c_MET1126,mut_s1,detail,1,220,JYOPBQURUBDKLK-LELJVTLKNA-N,-9.523
IGF1R,c_MET1126,mut_s1,detail,1,221,LNENLABLFGGAFF-INUABGGHNA-N,-9.056
IGF1R,c_MET1126,mut_s1,detail,1,222,BAQVKFUOCGTGBI-FCDIKQFGNA-N,-7.203
IGF1R,c_MET1126,mut_s1,detail,1,223,SYJAKTNXXAWUQU-BYGYBERANA-N,-8.531
IGF1R,c_MET1126,mut_s1,detail,1,224,KCFZFOHSAGLLGQ-LUBWAWCANA-N,-8.487
IGF1R,c_MET1126,mut_s1,detail,1,225,LDJWHJQMWPYZLV-WHDAICOONA-N,-8.567
IGF1R,c_MET1126,mut_s1,detail,1,226,AXUDSCZCBZMENI-UHFFFAOYNA-N,-8.862
IGF1R,c_MET1126,mut_s1,detail,1,227,DDXHLMOKYYMXTK-OBAATPRFNA-N,-7.869
IGF1R,c_MET1126,mut_s1,detail,1,228,KTOSTKQYNJBYHF-PKOBYXMFNA-N,-8.771
IGF1R,c_MET1126,mut_s1,detail,1,229,ZCFWJPJEBJVXTO-UHFFFAOYNA-N,-9.213
IGF1R,c_MET1126,mut_s1,detail,1,230,NJVFOFMHUJJIMB-UHFFFAOYNA-N,-7.945
IGF1R,c_MET1126,mut_s1,detail,1,231,XUEQVOGPWKWKNT-XBXBPLPCNA-N,-8.182
IGF1R,c_MET1126,mut_s1,detail,1,232,MLFYMBALEIQTEJ-LBOYIXSDNA-N,-9.11
IGF1R,c_MET1126,mut_s1,detail,1,233,AETJFEZDSLASSU-XTEPFMGCNA-N,-8.329
IGF1R,c_MET1126,mut_s1,detail,1,234,GSNNWCVFRNINCY-UHFFFAOYNA-N,-8.347
IGF1R,c_MET1126,mut_s1,detail,1,235,UIHGNJALPXKJRE-UHFFFAOYNA-N,-9.668
IGF1R,c_MET1126,mut_s1,detail,1,236,BBUDWIYSLGTZTQ-SGMUJJOCNA-N,-8.441
IGF1R,c_MET1126,mut_s1,detail,1,237,CBYYNSKRRKXPFV-LELJVTLKNA-N,-8.257
IGF1R,c_MET1126,mut_s1,detail,1,238,NMFTXZYZNCQGNR-MTTPVDACNA-N,-10.196
IGF1R,c_MET1126,mut_s1,detail,1,239,QTKARDGAUMDUCL-LAEKOWRLNA-N,-8.618
IGF1R,c_MET1126,mut_s1,detail,1,240,VNEQUOUVFXAVMH-SANMLTNENA-N,-8.196
IGF1R,c_MET1126,mut_s1,detail,1,241,IJPPTSNWQLJFSU-LNNLXFCONA-N,-8.313
IGF1R,c_MET1126,mut_s1,detail,1,242,DJQIFFIREHYQCT-OSPHWJPCNA-N,-7.976
IGF1R,c_MET1126,mut_s1,detail,1,243,KOZFSFOOLUUIGY-SLMOLSELNA-N,-10.617
IGF1R,c_MET1126,mut_s1,detail,1,244,WILPFKVTYXJQQV-ZMCXWUQGNA-N,-8.198
IGF1R,c_MET1126,mut_s1,detail,1,245,NZELHCGEQZMIBB-UHFFFAOYNA-N,-8.993
IGF1R,c_MET1126,mut_s1,detail,1,246,VKGWONFLJDZUKM-NSJMMFDCNA-N,-8.283
IGF1R,c_MET1126,mut_s1,detail,1,247,XUHSVEXCUONJNQ-PMERELPUNA-N,-8.84
IGF1R,c_MET1126,mut_s1,detail,1,248,ZFOAPODMCDEDHA-UHFFFAOYNA-N,-8.803
IGF1R,c_MET1126,mut_s1,detail,1,249,PZCSJBQJENRLHD-ULJJZXAINA-N,-9.102
IGF1R,c_MET1126,mut_s1,detail,1,250,IOSLXICJNAAKOP-ZFJUVRDGNA-N,-8.546
IGF1R,c_MET1126,mut_s1,detail,1,251,HUDCDZLLNLJTEW-RBSQRGBYNA-N,-8.44
IGF1R,c_MET1126,mut_s1,detail,1,252,IKUATMHYCWRCHC-XUIBWRPBNA-N,-10.15
IGF1R,c_MET1126,mut_s1,detail,1,253,HCEYJYMNIQHPPK-WKJNMVSGNA-N,-8.793
IGF1R,c_MET1126,mut_s1,detail,1,254,ZLEIPSPWAZJWJP-DHDJHLBQNA-N,-8.377
IGF1R,c_MET1126,mut_s1,detail,1,255,ZKDQUBKHXMXRRH-KUWNNRQRNA-N,-8.854
IGF1R,c_THR1127,mut_s1,detail,1,0,QGXBDMJGAMFCBF-WRZMNKJANA-N,-8.585
IGF1R,c_THR1127,mut_s1,detail,1,1,XZORRJGRPUBUJO-UHFFFAOYNA-N,-5.605
IGF1R,c_THR1127,mut_s1,detail,1,2,RIOOLQVLOZQLQJ-CYBMUJFWNA-N,-6.432
IGF1R,c_THR1127,mut_s1,detail,1,3,JMAMZIYMGUDBDZ-YAQRNVERNA-N,-6.582
IGF1R,c_THR1127,mut_s1,detail,1,4,SOHFVFXITPDEDK-GMNMMWFNNA-N,-7.103
IGF1R,c_THR1127,mut_s1,detail,1,5,HQPUBFWUNXGPNP-FECSGLDJNA-N,-6.2
IGF1R,c_THR1127,mut_s1,detail,1,6,URSPNXKDALRRBJ-FQFUPTBWNA-N,-7.604
IGF1R,c_THR1127,mut_s1,detail,1,7,MALHKRCDHFAKIM-GPQMBLKYNA-N,-7.403
IGF1R,c_THR1127,mut_s1,detail,1,8,VDGCRTGHEWIBAL-YAQRNVERNA-N,-6.847
IGF1R,c_THR1127,mut_s1,detail,1,9,VOWBZMVBYGELAY-UHFFFAOYNA-N,-7.366
IGF1R,c_THR1127,mut_s1,detail,1,10,GKBJOMPRUSWVJA-UHFFFAOYNA-N,-6.923
IGF1R,c_THR1127,mut_s1,detail,1,11,RQLXWVPRGJJWEK-BFHABQRXNA-N,-6.915
IGF1R,c_THR1127,mut_s1,detail,1,12,OQWMEUSTXXVVIU-NWANDNLSNA-N,-6.832
IGF1R,c_THR1127,mut_s1,detail,1,13,SVIIYVRLTJRIIR-UHFFFAOYNA-N,-6.557
IGF1R,c_THR1127,mut_s1,detail,1,14,XIQVFMHGZHWKNA-LILDFLRNNA-N,-8.119
IGF1R,c_THR1127,mut_s1,detail,1,15,ABQUFQQMQCPHOH-NCWAPJAINA-N,-6.731
IGF1R,c_THR1127,mut_s1,detail,1,16,BNGLUFUDMHHURB-UYBDAZJANA-N,-7.487
IGF1R,c_THR1127,mut_s1,detail,1,17,JXAGPFSGJKRKBY-UHFFFAOYNA-N,-7.542
IGF1R,c_THR1127,mut_s1,detail,1,18,DINPOPQNCDTVPQ-YGPBECBDNA-N,-7.319
IGF1R,c_THR1127,mut_s1,detail,1,19,FUMDYIGQJOCQBC-UHFFFAOYNA-N,-7.326
IGF1R,c_THR1127,mut_s1,detail,1,20,GLEVLJDDWXEYCO-WYUMXYHSNA-N,-7.327
IGF1R,c_THR1127,mut_s1,detail,1,21,PWCMYVJXHPBJNZ-FSHPWJEWNA-N,-5.956
IGF1R,c_THR1127,mut_s1,detail,1,22,CLPZQGXGPKJOMN-XWKXFZRBNA-N,-6.578
IGF1R,c_THR1127,mut_s1,detail,1,23,UFUOEKYHBCFTGW-RWJRRMEYNA-N,-6.786
IGF1R,c_THR1127,mut_s1,detail,1,24,CMNIOKDUTCZQJB-NDKGDYFDNA-N,-6.073
IGF1R,c_THR1127,mut_s1,detail,1,25,ZVNPQHHQIVQYPI-ZHACJKMWNA-N,-8.712
IGF1R,c_THR1127,mut_s1,detail,1,26,HHPYZGCOAAJZTN-NKWLYDBFNA-N,-7.361
IGF1R,c_THR1127,mut_s1,detail,1,27,ANYSYRVXKLTFPB-UHFFFAOYNA-N,-7.494
IGF1R,c_THR1127,mut_s1,detail,1,28,JISYUXULRDZARX-HCKMINDGNA-N,-7.621
IGF1R,c_THR1127,mut_s1,detail,1,29,VTLWDCDAVLVOHR-HCKMINDGNA-N,-8.212
IGF1R,c_THR1127,mut_s1,detail,1,30,BBMWNEXSYXLWEO-WYUMXYHSNA-N,-6.251
IGF1R,c_THR1127,mut_s1,detail,1,31,WZGCZUAYIBWZAN-YHSKDTNENA-N,-7.496
IGF1R,c_THR1127,mut_s1,detail,1,32,RVNORUCXEIIROU-UHFFFAOYNA-N,-7.914
IGF1R,c_THR1127,mut_s1,detail,1,33,ZTJZVOMEMRNYKF-JSGPKCTENA-N,-6.415
IGF1R,c_THR1127,mut_s1,detail,1,34,WQKOQOZXZQJNRC-GPQMBLKYNA-N,-7.773
IGF1R,c_THR1127,mut_s1,detail,1,35,WKLBCLNIAGUINH-GAJRPKRDNA-N,-6.07
IGF1R,c_THR1127,mut_s1,detail,1,36,ZVOVGLCUMDQIHF-VPQZEOPVNA-N,-6.439
IGF1R,c_THR1127,mut_s1,detail,1,37,UGKZABQBFUBOFG-WDFGQQGSNA-N,-6.503
IGF1R,c_THR1127,mut_s1,detail,1,38,RTJRNIJPLOVJLH-WYUMXYHSNA-N,-6.867
IGF1R,c_THR1127,mut_s1,detail,1,39,MUJCQGFFHCARCQ-UYBDAZJANA-N,-8.939
IGF1R,c_THR1127,mut_s1,detail,1,40,FZSPJBYOKQPKCD-VIFPVBQENA-N,-6.259
IGF1R,c_THR1127,mut_s1,detail,1,41,RWPHPOMFTPAOAS-JLGFQASFNA-N,-7.673
IGF1R,c_THR1127,mut_s1,detail,1,42,ZXVNJVRABSCRGU-GPQMBLKYNA-N,-7.6
IGF1R,c_THR1127,mut_s1,detail,1,43,KZAOEMMZRGEBST-OOGKJWBGNA-N,-7.729
IGF1R,c_THR1127,mut_s1,detail,1,44,NEIVPRTZAHUZEA-WYUMXYHSNA-N,-6.312
IGF1R,c_THR1127,mut_s1,detail,1,45,PYKJFEPAUKAXNN-UHFFFAOYNA-N,-7.161
IGF1R,c_THR1127,mut_s1,detail,1,46,BPUNDQLKPUIGBR-GPQMBLKYNA-N,-6.886
IGF1R,c_THR1127,mut_s1,detail,1,47,WDFLSTQJUFMIIW-UHFFFAOYNA-N,-7.732
IGF1R,c_THR1127,mut_s1,detail,1,48,BJLQEYLWUSSEKH-CMPMBVLYNA-N,-7.527
IGF1R,c_THR1127,mut_s1,detail,1,49,HZUGIOKMHRUHMF-ADJYBIKJNA-N,-7.171
IGF1R,c_THR1127,mut_s1,detail,1,50,PBWQQQLCZDQSET-XWKXFZRBNA-N,-6.329
IGF1R,c_THR1127,mut_s1,detail,1,51,ISSLSGLIFQSYJA-HCKMINDGNA-N,-7.829
IGF1R,c_THR1127,mut_s1,detail,1,52,OAXDEJIQWHXCJI-UHFFFAOYNA-N,-6.254
IGF1R,c_THR1127,mut_s1,detail,1,53,BCJVFDDJSOEKKQ-UHFFFAOYNA-N,-7.119
IGF1R,c_THR1127,mut_s1,detail,1,54,QFJGCDWXDUDFAD-UHFFFAOYNA-N,-8.719
IGF1R,c_THR1127,mut_s1,detail,1,55,JVBGNPPYXIWVPH-WYCIUFAENA-N,-5.427
IGF1R,c_THR1127,mut_s1,detail,1,56,BYJAVTDNIXVSPW-YHMJCDSINA-N,-6.843
IGF1R,c_THR1127,mut_s1,detail,1,57,MQGMUPFWCDYDFO-UHFFFAOYNA-N,-7.429
IGF1R,c_THR1127,mut_s1,detail,1,58,OACAJASVXJLTAT-UHFFFAOYNA-N,-7.254
IGF1R,c_THR1127,mut_s1,detail,1,59,AQSGGOLDOQGOAO-FNCQTZNRNA-N,-6.438
IGF1R,c_THR1127,mut_s1,detail,1,60,SOBHKZHLCOJHTI-YHMJCDSINA-N,-7.362
IGF1R,c_THR1127,mut_s1,detail,1,61,NUFCOZJTDHUROG-PKGMMKRDNA-N,-6.694
IGF1R,c_THR1127,mut_s1,detail,1,62,KZTOUMBNPVCTLR-GFJIPZKJNA-N,-8.353
IGF1R,c_THR1127,mut_s1,detail,1,63,CLEMZXMGJNNUTH-LILDFLRNNA-N,-8.605
IGF1R,c_THR1127,mut_s1,detail,1,64,MXRJUMCOVVUCLC-UHFFFAOYNA-N,-8.275
IGF1R,c_THR1127,mut_s1,detail,1,65,HZDIAENSPHDHRS-UHFFFAOYNA-N,-7.159
IGF1R,c_THR1127,mut_s1,detail,1,66,CHDODAJYQOTMTK-PKSOQXRJNA-N,-7.84
IGF1R,c_THR1127,mut_s1,detail,1,67,VRFRJWXCOPEIII-QWOVJGMINA-N,-7.866
IGF1R,c_THR1127,mut_s1,detail,1,68,WTOLVFBACFWUSN-QGOAFFKANA-N,-7.478
IGF1R,c_THR1127,mut_s1,detail,1,69,KDJZDSPTXVFGOF-NPVYFSBINA-N,-8.195
IGF1R,c_THR1127,mut_s1,detail,1,70,MUXXNOOBECTQPY-UHFFFAOYNA-N,-6.856
IGF1R,c_THR1127,mut_s1,detail,1,71,OBUUPTPELQALTE-UYBDAZJANA-N,-6.819
IGF1R,c_THR1127,mut_s1,detail,1,72,FKOXOEKZVRISIU-NPVYFSBINA-N,-7.939
IGF1R,c_THR1127,mut_s1,detail,1,73,ZOKNKPRORGNRMQ-BXBDENJDNA-N,-7.377
IGF1R,c_THR1127,mut_s1,detail,1,74,KWJAZTNSKVNVEC-UHFFFAOYNA-N,-7.303
IGF1R,c_THR1127,mut_s1,detail,1,75,RPBVHEVTQXVWDL-NGZNMCPLNA-N,-8.791
IGF1R,c_THR1127,mut_s1,detail,1,76,ZSKKLMIULIVRSI-QWOVJGMINA-N,-7.323
IGF1R,c_THR1127,mut_s1,detail,1,77,VLKGZJJKNXFENI-LILDFLRNNA-N,-8.117
IGF1R,c_THR1127,mut_s1,detail,1,78,NCKZVQLIUXCUQF-UHFFFAOYNA-N,-7.151
IGF1R,c_THR1127,mut_s1,detail,1,79,TYYOBUBDDDDKPC-UHFFFAOYNA-N,-8.141
IGF1R,c_THR1127,mut_s1,detail,1,80,AQMRDIZFWYYMBQ-QWOVJGMINA-N,-8.069
IGF1R,c_THR1127,mut_s1,detail,1,81,IVRPZSQLORCONO-UHFFFAOYNA-N,-7.759
IGF1R,c_THR1127,mut_s1,detail,1,82,IRNFLRZZSCRLSQ-NPVYFSBINA-N,-8.433
IGF1R,c_THR1127,mut_s1,detail,1,83,UUMBQVLEWSWSOO-GPQMBLKYNA-N,-8.834
IGF1R,c_THR1127,mut_s1,detail,1,84,ASCHVCPAOUSKIZ-GPQMBLKYNA-N,-8.336
IGF1R,c_THR1127,mut_s1,detail,1,85,NVGGHEIBFBOAHY-UHFFFAOYNA-N,-8.866
IGF1R,c_THR1127,mut_s1,detail,1,86,JIOIPFWJCUUZEU-PKSOQXRJNA-N,-7.848
IGF1R,c_THR1127,mut_s1,detail,1,87,RGAJQRZKKQXIEQ-XBTAAFKLNA-N,-6.044
IGF1R,c_THR1127,mut_s1,detail,1,88,DOVBELPPXZSOPX-UHFFFAOYNA-N,-8.048
IGF1R,c_THR1127,mut_s1,detail,1,89,VFOWTBWNNOVCPH-WJDWOHSUNA-N,-7.765
IGF1R,c_THR1127,mut_s1,detail,1,90,HKWNGVFHUCRTTQ-QVUQFMIFNA-N,-8.436
IGF1R,c_THR1127,mut_s1,detail,1,91,VPMBMFYJJPEBKS-XBTAAFKLNA-N,-8.405
IGF1R,c_THR1127,mut_s1,detail,1,92,OPIXMYPGGYYGRV-PKSOQXRJNA-N,-7.81
IGF1R,c_THR1127,mut_s1,detail,1,93,ASWFTNOPBUOHSG-UHFFFAOYNA-N,-9.102
IGF1R,c_THR1127,mut_s1,detail,1,94,YIFJQOSOEFTEHM-QWOVJGMINA-N,-7.82
IGF1R,c_THR1127,mut_s1,detail,1,95,CYRPZNLZOLVKKM-PKSOQXRJNA-N,-8.316
IGF1R,c_THR1127,mut_s1,detail,1,96,PSRSNNQFQFGFKV-QWOVJGMINA-N,-8.064
IGF1R,c_THR1127,mut_s1,detail,1,97,PSJJZUSBTGJHEC-WYUMXYHSNA-N,-7.195
IGF1R,c_THR1127,mut_s1,detail,1,98,RCTHTZYLLISDPT-VVKINWOJNA-N,-8.654
IGF1R,c_THR1127,mut_s1,detail,1,99,UNWANCHXNSSIJJ-PKSOQXRJNA-N,-7.913
IGF1R,c_THR1127,mut_s1,detail,1,100,OJBGHXIETMBPHZ-UHFFFAOYNA-N,-7.709
IGF1R,c_THR1127,mut_s1,detail,1,101,KNDRDFFUMNHLRJ-LILDFLRNNA-N,-8.194
IGF1R,c_THR1127,mut_s1,detail,1,102,PBGALVWBACEVEC-QWOVJGMINA-N,-8.565
IGF1R,c_THR1127,mut_s1,detail,1,103,SRLVRCUUJBEIBP-UHFFFAOYNA-N,-7.07
IGF1R,c_THR1127,mut_s1,detail,1,104,UVGHDRGQXQVMNW-UHFFFAOYNA-N,-7.888
IGF1R,c_THR1127,mut_s1,detail,1,105,YIUJUFFZJHPDAY-SDRQFZCRNA-N,-8.186
IGF1R,c_THR1127,mut_s1,detail,1,106,UYPODJSKAAJGNR-UYBDAZJANA-N,-7.816
IGF1R,c_THR1127,mut_s1,detail,1,107,YWMYHDFGDRTCPV-BXGKXWMCNA-N,-7.945
IGF1R,c_THR1127,mut_s1,detail,1,108,RPVJOFUOUDWRGV-LILDFLRNNA-N,-8.868
IGF1R,c_THR1127,mut_s1,detail,1,109,LUKGDWAOTYXHEM-XBTAAFKLNA-N,-8.252
IGF1R,c_THR1127,mut_s1,detail,1,110,CHJMEHVGESAPSR-UHFFFAOYNA-N,-7.548
IGF1R,c_THR1127,mut_s1,detail,1,111,JDZNTGMSMHYYCY-NPVYFSBINA-N,-8.431
IGF1R,c_THR1127,mut_s1,detail,1,112,CRZKGBDGHDTLNN-UHFFFAOYNA-N,-6.726
IGF1R,c_THR1127,mut_s1,detail,1,113,ALLYNSCMTRSFNH-UHFFFAOYNA-N,-7.735
IGF1R,c_THR1127,mut_s1,detail,1,114,HTVVQAPUWGNILV-PKSOQXRJNA-N,-8.0
IGF1R,c_THR1127,mut_s1,detail,1,115,HEKHUTSUFJPTQY-UHFFFAOYNA-N,-8.294
IGF1R,c_THR1127,mut_s1,detail,1,116,ZTTIICUFHXUACO-HNENSFHCNA-N,-8.376
IGF1R,c_THR1127,mut_s1,detail,1,117,GYJDRNKSYOJANZ-QVUQFMIFNA-N,-8.403
IGF1R,c_THR1127,mut_s1,detail,1,118,QSBMVUOOXXRNFY-UHFFFAOYNA-N,-7.803
IGF1R,c_THR1127,mut_s1,detail,1,119,VRMMQHDQMURNDV-PGYIFSQXNA-N,-7.368
IGF1R,c_THR1127,mut_s1,detail,1,120,FHGICQLRHVZVCW-TWSYTRIPNA-N,-9.143
IGF1R,c_THR1127,mut_s1,detail,1,121,WWZHRJDMAZBTGY-WYUMXYHSNA-N,-7.831
IGF1R,c_THR1127,mut_s1,detail,1,122,GXHBBVOBKJURCM-UHFFFAOYNA-N,-6.824
IGF1R,c_THR1127,mut_s1,detail,1,123,GKJWYULRCHAYTN-UYBDAZJANA-N,-8.336
IGF1R,c_THR1127,mut_s1,detail,1,124,LJFRBCQBJFKUBA-LILDFLRNNA-N,-9.366
IGF1R,c_THR1127,mut_s1,detail,1,125,JGJYHHGYTXVQLH-MZSCVVMKNA-N,-7.691
IGF1R,c_THR1127,mut_s1,detail,1,126,WJPDMYDDAMHBSE-UZYVYHOENA-N,-9.104
IGF1R,c_THR1127,mut_s1,detail,1,127,GVOMJEIYRXTYCN-LILDFLRNNA-N,-8.263
IGF1R,c_THR1127,mut_s1,detail,1,128,LTZVLHHIAUKGBP-LELJVTLKNA-N,-9.052
IGF1R,c_THR1127,mut_s1,detail,1,129,FIKLOQNDPSVUGH-LBOYIXSDNA-N,-7.435
IGF1R,c_THR1127,mut_s1,detail,1,130,GIEJIAIRYKSRHU-MPIMZMORNA-N,-8.529
IGF1R,c_THR1127,mut_s1,detail,1,131,XFKYWJPYYRTYBR-ODOKVQCSNA-N,-7.83
IGF1R,c_THR1127,mut_s1,detail,1,132,PKSFLOGCPXWJIU-MEDUHNTENA-N,-8.055
IGF1R,c_THR1127,mut_s1,detail,1,133,JLHJTKOPNATISN-LELJVTLKNA-N,-7.78
IGF1R,c_THR1127,mut_s1,detail,1,134,GUBNROKMFNBDBZ-GRDNDAEWNA-N,-8.017
IGF1R,c_THR1127,mut_s1,detail,1,135,KGCQIOUZEREWDG-UHFFFAOYNA-N,-8.193
IGF1R,c_THR1127,mut_s1,detail,1,136,DWDHSAAOHLDDKE-QWOVJGMINA-N,-7.223
IGF1R,c_THR1127,mut_s1,detail,1,137,XSTAWOGBOKIKIE-UKZVOYCKNA-N,-8.087
IGF1R,c_THR1127,mut_s1,detail,1,138,OWXORKPNCHJYOF-JFRKDZMVNA-N,-8.181
IGF1R,c_THR1127,mut_s1,detail,1,139,MQOILMOKFLJWRN-KYCGMZMQNA-N,-9.151
IGF1R,c_THR1127,mut_s1,detail,1,140,BJROQKFYPRCGFD-LQFNOIFHNA-N,-8.517
IGF1R,c_THR1127,mut_s1,detail,1,141,PLWVUIRWJVKSSD-XBXARRHUNA-N,-8.223
IGF1R,c_THR1127,mut_s1,detail,1,142,HFWSIVHELHSGJY-JJIBRWJFNA-N,-7.752
IGF1R,c_THR1127,mut_s1,detail,1,143,QMHSEIOSCQWTPQ-LNNLXFCONA-N,-6.917
IGF1R,c_THR1127,mut_s1,detail,1,144,FBHVHCWHAVLWJT-OYSRHTCDNA-N,-7.046
IGF1R,c_THR1127,mut_s1,detail,1,145,CEZNOHQWEHKPJP-LQFNOIFHNA-N,-8.976
IGF1R,c_THR1127,mut_s1,detail,1,146,KOFRNRJMKWZBMR-RVJKNMGLNA-N,-7.443
IGF1R,c_THR1127,mut_s1,detail,1,147,PGPPCCZSDRAQKA-SYZQJQIINA-N,-7.101
IGF1R,c_THR1127,mut_s1,detail,1,148,VGUBMLBOECHPGN-MHEVPKQANA-N,-8.345
IGF1R,c_THR1127,mut_s1,detail,1,149,PCORSCGAGFGSSR-UHFFFAOYNA-N,-5.808
IGF1R,c_THR1127,mut_s1,detail,1,150,JGNCAWPKZCFGOI-BXGKXWMCNA-N,-9.364
IGF1R,c_THR1127,mut_s1,detail,1,151,ULONVLUMOUFCID-LNNLXFCONA-N,-9.013
IGF1R,c_THR1127,mut_s1,detail,1,152,HCPHOPNEKKCOEN-LNNLXFCONA-N,-8.219
IGF1R,c_THR1127,mut_s1,detail,1,153,OMJCCYYNBCJNOL-FVAMHUBNNA-N,-7.964
IGF1R,c_THR1127,mut_s1,detail,1,154,SZUCFANUUBSCPX-PJQSKVNONA-N,-8.29
IGF1R,c_THR1127,mut_s1,detail,1,155,QHLRKDSRGUZHSH-UHFFFAOYNA-N,-7.492
IGF1R,c_THR1127,mut_s1,detail,1,156,QUFUFSGGBADBIH-UHFFFAOYNA-N,-7.946
IGF1R,c_THR1127,mut_s1,detail,1,157,WPBGBXPZNCPYQB-UHFFFAOYNA-N,-7.896
IGF1R,c_THR1127,mut_s1,detail,1,158,BXVSKXWPXKQTOL-UHFFFAOYNA-N,-7.56
IGF1R,c_THR1127,mut_s1,detail,1,159,WNELYPHBVMGNQP-UHFFFAOYNA-N,-8.573
IGF1R,c_THR1127,mut_s1,detail,1,160,POOIONRPVWIUHF-LQFNOIFHNA-N,-8.303
IGF1R,c_THR1127,mut_s1,detail,1,161,NZPQBADYZFTGOT-UHFFFAOYNA-N,-7.838
IGF1R,c_THR1127,mut_s1,detail,1,162,MAOZUYDDGGFCKF-WFELUYCUNA-N,-7.663
IGF1R,c_THR1127,mut_s1,detail,1,163,PEANHJHNIYISMY-UHFFFAOYNA-N,-8.142
IGF1R,c_THR1127,mut_s1,detail,1,164,ABFVBWQMBVYWMV-UHFFFAOYNA-N,-7.815
IGF1R,c_THR1127,mut_s1,detail,1,165,UMUOTXHWTLGGIP-QWOVJGMINA-N,-8.239
IGF1R,c_THR1127,mut_s1,detail,1,166,NYVXKWVMQVVBRC-QWOVJGMINA-N,-7.738
IGF1R,c_THR1127,mut_s1,detail,1,167,OVGDAEHQLCSRDI-UHFFFAOYNA-N,-6.794
IGF1R,c_THR1127,mut_s1,detail,1,168,BZXWWWGSEIRPLV-UHFFFAOYNA-N,-8.027
IGF1R,c_THR1127,mut_s1,detail,1,169,FXGKAQHXFGXOPR-UHFFFAOYNA-N,-8.77
IGF1R,c_THR1127,mut_s1,detail,1,170,HVIXAPJIOPIFIY-UHFFFAOYNA-N,-6.223
IGF1R,c_THR1127,mut_s1,detail,1,171,LIRQEBOXUUPWJJ-LNNLXFCONA-N,-8.514
IGF1R,c_THR1127,mut_s1,detail,1,172,ZDIIOUBKRSIUED-LQFNOIFHNA-N,-8.049
IGF1R,c_THR1127,mut_s1,detail,1,173,LTWUSAKSGJMCRY-UHFFFAOYNA-N,-8.325
IGF1R,c_THR1127,mut_s1,detail,1,174,PNDIKCGLYJOYIK-UYBDAZJANA-N,-7.996
IGF1R,c_THR1127,mut_s1,detail,1,175,MGSHIAIRIYECSG-MPIMZMORNA-N,-7.288
IGF1R,c_THR1127,mut_s1,detail,1,176,MVWYIUZSZIETFZ-KYUNMXQPNA-N,-8.601
IGF1R,c_THR1127,mut_s1,detail,1,177,XGTOSEODMLDCBR-UHFFFAOYNA-N,-7.233
IGF1R,c_THR1127,mut_s1,detail,1,178,NYHRLEZMHRGFLZ-UYBDAZJANA-N,-7.925
IGF1R,c_THR1127,mut_s1,detail,1,179,KZGNFRGGQVBHRV-UHFFFAOYNA-N,-8.2
IGF1R,c_THR1127,mut_s1,detail,1,180,SXXXSTPMDGKOCH-LQFNOIFHNA-N,-8.743
IGF1R,c_THR1127,mut_s1,detail,1,181,VJGFWNZWHKBDNN-HPHMPNDVNA-N,-7.76
IGF1R,c_THR1127,mut_s1,detail,1,182,SBLZEXLDNURADT-LELJVTLKNA-N,-6.902
IGF1R,c_THR1127,mut_s1,detail,1,183,OINVQDVVQWTWJM-YNGZFIAGNA-N,-7.902
IGF1R,c_THR1127,mut_s1,detail,1,184,RJZHELXWHJKNAM-NPVYFSBINA-N,-6.877
IGF1R,c_THR1127,mut_s1,detail,1,185,MAXGWTGCLOXELV-UHFFFAOYNA-N,-8.92
IGF1R,c_THR1127,mut_s1,detail,1,186,PNHBRYIAJCYNDA-VQCQRNETNA-N,-10.551
IGF1R,c_THR1127,mut_s1,detail,1,187,QGZIKUYIROAFSE-QWOVJGMINA-N,-7.548
IGF1R,c_THR1127,mut_s1,detail,1,188,QTIJDOJTNOHQTC-WQGACYEGNA-N,-7.134
IGF1R,c_THR1127,mut_s1,detail,1,189,OMLLGNQJKXQVKT-TUXCJRKWNA-N,-7.917
IGF1R,c_THR1127,mut_s1,detail,1,190,FNLHLKPQZWPTTK-UHFFFAOYNA-N,-8.258
IGF1R,c_THR1127,mut_s1,detail,1,191,XBPLTFIKHVYSDD-UHFFFAOYNA-N,-9.339
IGF1R,c_THR1127,mut_s1,detail,1,192,VEXPKIRCYBYITI-BEFZCSJLNA-N,-10.561
IGF1R,c_THR1127,mut_s1,detail,1,193,WDVQKHWASUJMRH-LNNLXFCONA-N,-8.623
IGF1R,c_THR1127,mut_s1,detail,1,194,DAUHEXDIKFZUFM-BZCDMSEBNA-N,-8.297
IGF1R,c_THR1127,mut_s1,detail,1,195,HCFHHWIWTWPKFH-UHFFFAOYNA-N,-7.684
IGF1R,c_THR1127,mut_s1,detail,1,196,PIFJHAXQZFBLCQ-ZVBCKELPNA-N,-8.749
IGF1R,c_THR1127,mut_s1,detail,1,197,CGBYUWXVJWRJIR-LLJNPURJNA-N,-7.057
IGF1R,c_THR1127,mut_s1,detail,1,198,CLHNZVNBTRJSNX-NSJMMFDCNA-N,-7.267
IGF1R,c_THR1127,mut_s1,detail,1,199,JKMJQRRLCJXPOK-SREBMQDQNA-N,-8.511
IGF1R,c_THR1127,mut_s1,detail,1,200,HHXLRWIDFFFFKX-LELJVTLKNA-N,-7.85
IGF1R,c_THR1127,mut_s1,detail,1,201,BZCFDJGFEXLRFA-NYHNBARNNA-N,-9.421
IGF1R,c_THR1127,mut_s1,detail,1,202,IEZNLWGERBHQJK-KEAFGAQVNA-N,-9.381
IGF1R,c_THR1127,mut_s1,detail,1,203,ZBJYTLVBCAOWHI-PKRZOPRNNA-N,-6.744
IGF1R,c_THR1127,mut_s1,detail,1,204,FGMQRSXQOIDDJD-PKRZOPRNNA-N,-7.959
IGF1R,c_THR1127,mut_s1,detail,1,205,XDGHTBHPIPZHLJ-KMZMRBKQNA-N,-9.777
IGF1R,c_THR1127,mut_s1,detail,1,206,WSGZHZGDPVCVHF-UHFFFAOYNA-N,-9.835
IGF1R,c_THR1127,mut_s1,detail,1,207,HXWAXUQSZMRTTE-YLBMWQQONA-N,-7.838
IGF1R,c_THR1127,mut_s1,detail,1,208,FCZVXTBFAYFUHQ-UHFFFAOYNA-N,-9.392
IGF1R,c_THR1127,mut_s1,detail,1,209,YAZOIIMRVUPEOT-DHDJHLBQNA-N,-6.874
IGF1R,c_THR1127,mut_s1,detail,1,210,KVNQZVOXEZCBRJ-PECRYQBZNA-N,-8.588
IGF1R,c_THR1127,mut_s1,detail,1,211,IYBSHHORKOCFKZ-LNNLXFCONA-N,-8.197
IGF1R,c_THR1127,mut_s1,detail,1,212,RSTMZFOEDVJAHN-OXBUWGKVNA-N,-8.289
IGF1R,c_THR1127,mut_s1,detail,1,213,NYWCANYSFKVUNN-UHFFFAOYNA-N,-7.432
IGF1R,c_THR1127,mut_s1,detail,1,214,XFQNPVRVZXSQSI-IVGLCWOSNA-N,-8.778
IGF1R,c_THR1127,mut_s1,detail,1,215,HXGZQYVBZUMUDK-HXTKINSTNA-N,-8.187
IGF1R,c_THR1127,mut_s1,detail,1,216,BKWBUUYCHYLRLF-NSJMMFDCNA-N,-6.602
IGF1R,c_THR1127,mut_s1,detail,1,217,JRRKWFRTDFOWAB-XDUJAMRANA-N,-8.11
IGF1R,c_THR1127,mut_s1,detail,1,218,FPOLFSCTFRBBHI-QGZVFWFLNA-N,-8.379
IGF1R,c_THR1127,mut_s1,detail,1,219,RPPDOGWFJZOEQX-LVWGJNHUNA-N,-6.103
IGF1R,c_THR1127,mut_s1,detail,1,220,JYOPBQURUBDKLK-LELJVTLKNA-N,-8.579
IGF1R,c_THR1127,mut_s1,detail,1,221,LNENLABLFGGAFF-INUABGGHNA-N,-8.997
IGF1R,c_THR1127,mut_s1,detail,1,222,BAQVKFUOCGTGBI-FCDIKQFGNA-N,-7.882
IGF1R,c_THR1127,mut_s1,detail,1,223,SYJAKTNXXAWUQU-BYGYBERANA-N,-8.169
IGF1R,c_THR1127,mut_s1,detail,1,224,KCFZFOHSAGLLGQ-LUBWAWCANA-N,-8.766
IGF1R,c_THR1127,mut_s1,detail,1,225,LDJWHJQMWPYZLV-WHDAICOONA-N,-8.041
IGF1R,c_THR1127,mut_s1,detail,1,226,AXUDSCZCBZMENI-UHFFFAOYNA-N,-8.111
IGF1R,c_THR1127,mut_s1,detail,1,227,DDXHLMOKYYMXTK-OBAATPRFNA-N,-7.639
IGF1R,c_THR1127,mut_s1,detail,1,228,KTOSTKQYNJBYHF-PKOBYXMFNA-N,-8.257
IGF1R,c_THR1127,mut_s1,detail,1,229,ZCFWJPJEBJVXTO-UHFFFAOYNA-N,-8.63
IGF1R,c_THR1127,mut_s1,detail,1,230,NJVFOFMHUJJIMB-UHFFFAOYNA-N,-7.991
IGF1R,c_THR1127,mut_s1,detail,1,231,XUEQVOGPWKWKNT-XBXBPLPCNA-N,-8.005
IGF1R,c_THR1127,mut_s1,detail,1,232,MLFYMBALEIQTEJ-LBOYIXSDNA-N,-8.727
IGF1R,c_THR1127,mut_s1,detail,1,233,AETJFEZDSLASSU-XTEPFMGCNA-N,-8.218
IGF1R,c_THR1127,mut_s1,detail,1,234,GSNNWCVFRNINCY-UHFFFAOYNA-N,-8.581
IGF1R,c_THR1127,mut_s1,detail,1,235,UIHGNJALPXKJRE-UHFFFAOYNA-N,-8.77
IGF1R,c_THR1127,mut_s1,detail,1,236,BBUDWIYSLGTZTQ-SGMUJJOCNA-N,-7.781
IGF1R,c_THR1127,mut_s1,detail,1,237,CBYYNSKRRKXPFV-LELJVTLKNA-N,-7.988
IGF1R,c_THR1127,mut_s1,detail,1,238,NMFTXZYZNCQGNR-MTTPVDACNA-N,-8.921
IGF1R,c_THR1127,mut_s1,detail,1,239,QTKARDGAUMDUCL-LAEKOWRLNA-N,-8.32
IGF1R,c_THR1127,mut_s1,detail,1,240,VNEQUOUVFXAVMH-SANMLTNENA-N,-7.478
IGF1R,c_THR1127,mut_s1,detail,1,241,IJPPTSNWQLJFSU-LNNLXFCONA-N,-8.366
IGF1R,c_THR1127,mut_s1,detail,1,242,DJQIFFIREHYQCT-OSPHWJPCNA-N,-9.2
IGF1R,c_THR1127,mut_s1,detail,1,243,KOZFSFOOLUUIGY-SLMOLSELNA-N,-8.999
IGF1R,c_THR1127,mut_s1,detail,1,244,WILPFKVTYXJQQV-ZMCXWUQGNA-N,-8.091
IGF1R,c_THR1127,mut_s1,detail,1,245,NZELHCGEQZMIBB-UHFFFAOYNA-N,-9.001
IGF1R,c_THR1127,mut_s1,detail,1,246,VKGWONFLJDZUKM-NSJMMFDCNA-N,-8.109
IGF1R,c_THR1127,mut_s1,detail,1,247,XUHSVEXCUONJNQ-PMERELPUNA-N,-6.922
IGF1R,c_THR1127,mut_s1,detail,1,248,ZFOAPODMCDEDHA-UHFFFAOYNA-N,-9.134
IGF1R,c_THR1127,mut_s1,detail,1,249,PZCSJBQJENRLHD-ULJJZXAINA-N,-7.673
IGF1R,c_THR1127,mut_s1,detail,1,250,IOSLXICJNAAKOP-ZFJUVRDGNA-N,-8.399
IGF1R,c_THR1127,mut_s1,detail,1,251,HUDCDZLLNLJTEW-RBSQRGBYNA-N,-8.34
IGF1R,c_THR1127,mut_s1,detail,1,252,IKUATMHYCWRCHC-XUIBWRPBNA-N,-8.672
IGF1R,c_THR1127,mut_s1,detail,1,253,HCEYJYMNIQHPPK-WKJNMVSGNA-N,-8.732
IGF1R,c_THR1127,mut_s1,detail,1,254,ZLEIPSPWAZJWJP-DHDJHLBQNA-N,-8.82
IGF1R,c_THR1127,mut_s1,detail,1,255,ZKDQUBKHXMXRRH-KUWNNRQRNA-N,-8.274
IGF1R,s_PHE980,mut_s1,detail,1,0,QGXBDMJGAMFCBF-WRZMNKJANA-N,-8.614
IGF1R,s_PHE980,mut_s1,detail,1,1,XZORRJGRPUBUJO-UHFFFAOYNA-N,-6.243
IGF1R,s_PHE980,mut_s1,detail,1,2,RIOOLQVLOZQLQJ-CYBMUJFWNA-N,-6.313
IGF1R,s_PHE980,mut_s1,detail,1,3,JMAMZIYMGUDBDZ-YAQRNVERNA-N,-6.175
IGF1R,s_PHE980,mut_s1,detail,1,4,SOHFVFXITPDEDK-GMNMMWFNNA-N,-7.533
IGF1R,s_PHE980,mut_s1,detail,1,5,HQPUBFWUNXGPNP-FECSGLDJNA-N,-6.517
IGF1R,s_PHE980,mut_s1,detail,1,6,URSPNXKDALRRBJ-FQFUPTBWNA-N,-7.478
IGF1R,s_PHE980,mut_s1,detail,1,7,MALHKRCDHFAKIM-GPQMBLKYNA-N,-7.515
IGF1R,s_PHE980,mut_s1,detail,1,8,VDGCRTGHEWIBAL-YAQRNVERNA-N,-6.751
IGF1R,s_PHE980,mut_s1,detail,1,9,VOWBZMVBYGELAY-UHFFFAOYNA-N,-7.237
IGF1R,s_PHE980,mut_s1,detail,1,10,GKBJOMPRUSWVJA-UHFFFAOYNA-N,-6.742
IGF1R,s_PHE980,mut_s1,detail,1,11,RQLXWVPRGJJWEK-BFHABQRXNA-N,-6.935
IGF1R,s_PHE980,mut_s1,detail,1,12,OQWMEUSTXXVVIU-NWANDNLSNA-N,-6.551
IGF1R,s_PHE980,mut_s1,detail,1,13,SVIIYVRLTJRIIR-UHFFFAOYNA-N,-6.753
IGF1R,s_PHE980,mut_s1,detail,1,14,XIQVFMHGZHWKNA-LILDFLRNNA-N,-8.08
IGF1R,s_PHE980,mut_s1,detail,1,15,ABQUFQQMQCPHOH-NCWAPJAINA-N,-7.363
IGF1R,s_PHE980,mut_s1,detail,1,16,BNGLUFUDMHHURB-UYBDAZJANA-N,-7.512
IGF1R,s_PHE980,mut_s1,detail,1,17,JXAGPFSGJKRKBY-UHFFFAOYNA-N,-7.852
IGF1R,s_PHE980,mut_s1,detail,1,18,DINPOPQNCDTVPQ-YGPBECBDNA-N,-7.517
IGF1R,s_PHE980,mut_s1,detail,1,19,FUMDYIGQJOCQBC-UHFFFAOYNA-N,-7.581
IGF1R,s_PHE980,mut_s1,detail,1,20,GLEVLJDDWXEYCO-WYUMXYHSNA-N,-7.427
IGF1R,s_PHE980,mut_s1,detail,1,21,PWCMYVJXHPBJNZ-FSHPWJEWNA-N,-6.531
IGF1R,s_PHE980,mut_s1,detail,1,22,CLPZQGXGPKJOMN-XWKXFZRBNA-N,-6.801
IGF1R,s_PHE980,mut_s1,detail,1,23,UFUOEKYHBCFTGW-RWJRRMEYNA-N,-6.815
IGF1R,s_PHE980,mut_s1,detail,1,24,CMNIOKDUTCZQJB-NDKGDYFDNA-N,-6.148
IGF1R,s_PHE980,mut_s1,detail,1,25,ZVNPQHHQIVQYPI-ZHACJKMWNA-N,-8.533
IGF1R,s_PHE980,mut_s1,detail,1,26,HHPYZGCOAAJZTN-NKWLYDBFNA-N,-7.476
IGF1R,s_PHE980,mut_s1,detail,1,27,ANYSYRVXKLTFPB-UHFFFAOYNA-N,-7.612
IGF1R,s_PHE980,mut_s1,detail,1,28,JISYUXULRDZARX-HCKMINDGNA-N,-7.5
IGF1R,s_PHE980,mut_s1,detail,1,29,VTLWDCDAVLVOHR-HCKMINDGNA-N,-8.334
IGF1R,s_PHE980,mut_s1,detail,1,30,BBMWNEXSYXLWEO-WYUMXYHSNA-N,-6.781
IGF1R,s_PHE980,mut_s1,detail,1,31,WZGCZUAYIBWZAN-YHSKDTNENA-N,-7.205
IGF1R,s_PHE980,mut_s1,detail,1,32,RVNORUCXEIIROU-UHFFFAOYNA-N,-7.371
IGF1R,s_PHE980,mut_s1,detail,1,33,ZTJZVOMEMRNYKF-JSGPKCTENA-N,-6.494
IGF1R,s_PHE980,mut_s1,detail,1,34,WQKOQOZXZQJNRC-GPQMBLKYNA-N,-7.838
IGF1R,s_PHE980,mut_s1,detail,1,35,WKLBCLNIAGUINH-GAJRPKRDNA-N,-6.077
IGF1R,s_PHE980,mut_s1,detail,1,36,ZVOVGLCUMDQIHF-VPQZEOPVNA-N,-6.531
IGF1R,s_PHE980,mut_s1,detail,1,37,UGKZABQBFUBOFG-WDFGQQGSNA-N,-6.857
IGF1R,s_PHE980,mut_s1,detail,1,38,RTJRNIJPLOVJLH-WYUMXYHSNA-N,-7.14
IGF1R,s_PHE980,mut_s1,detail,1,39,MUJCQGFFHCARCQ-UYBDAZJANA-N,-8.9
IGF1R,s_PHE980,mut_s1,detail,1,40,FZSPJBYOKQPKCD-VIFPVBQENA-N,-6.289
IGF1R,s_PHE980,mut_s1,detail,1,41,RWPHPOMFTPAOAS-JLGFQASFNA-N,-7.298
IGF1R,s_PHE980,mut_s1,detail,1,42,ZXVNJVRABSCRGU-GPQMBLKYNA-N,-7.585
IGF1R,s_PHE980,mut_s1,detail,1,43,KZAOEMMZRGEBST-OOGKJWBGNA-N,-7.517
IGF1R,s_PHE980,mut_s1,detail,1,44,NEIVPRTZAHUZEA-WYUMXYHSNA-N,-6.374
IGF1R,s_PHE980,mut_s1,detail,1,45,PYKJFEPAUKAXNN-UHFFFAOYNA-N,-6.866
IGF1R,s_PHE980,mut_s1,detail,1,46,BPUNDQLKPUIGBR-GPQMBLKYNA-N,-6.945
IGF1R,s_PHE980,mut_s1,detail,1,47,WDFLSTQJUFMIIW-UHFFFAOYNA-N,-8.141
IGF1R,s_PHE980,mut_s1,detail,1,48,BJLQEYLWUSSEKH-CMPMBVLYNA-N,-7.433
IGF1R,s_PHE980,mut_s1,detail,1,49,HZUGIOKMHRUHMF-ADJYBIKJNA-N,-7.287
IGF1R,s_PHE980,mut_s1,detail,1,50,PBWQQQLCZDQSET-XWKXFZRBNA-N,-5.638
IGF1R,s_PHE980,mut_s1,detail,1,51,ISSLSGLIFQSYJA-HCKMINDGNA-N,-7.535
IGF1R,s_PHE980,mut_s1,detail,1,52,OAXDEJIQWHXCJI-UHFFFAOYNA-N,-6.587
IGF1R,s_PHE980,mut_s1,detail,1,53,BCJVFDDJSOEKKQ-UHFFFAOYNA-N,-7.147
IGF1R,s_PHE980,mut_s1,detail,1,54,QFJGCDWXDUDFAD-UHFFFAOYNA-N,-8.463
IGF1R,s_PHE980,mut_s1,detail,1,55,JVBGNPPYXIWVPH-WYCIUFAENA-N,-5.126
IGF1R,s_PHE980,mut_s1,detail,1,56,BYJAVTDNIXVSPW-YHMJCDSINA-N,-6.681
IGF1R,s_PHE980,mut_s1,detail,1,57,MQGMUPFWCDYDFO-UHFFFAOYNA-N,-7.301
IGF1R,s_PHE980,mut_s1,detail,1,58,OACAJASVXJLTAT-UHFFFAOYNA-N,-7.173
IGF1R,s_PHE980,mut_s1,detail,1,59,AQSGGOLDOQGOAO-FNCQTZNRNA-N,-6.451
IGF1R,s_PHE980,mut_s1,detail,1,60,SOBHKZHLCOJHTI-YHMJCDSINA-N,-7.747
IGF1R,s_PHE980,mut_s1,detail,1,61,NUFCOZJTDHUROG-PKGMMKRDNA-N,-6.876
IGF1R,s_PHE980,mut_s1,detail,1,62,KZTOUMBNPVCTLR-GFJIPZKJNA-N,-8.218
IGF1R,s_PHE980,mut_s1,detail,1,63,CLEMZXMGJNNUTH-LILDFLRNNA-N,-8.618
IGF1R,s_PHE980,mut_s1,detail,1,64,MXRJUMCOVVUCLC-UHFFFAOYNA-N,-8.125
IGF1R,s_PHE980,mut_s1,detail,1,65,HZDIAENSPHDHRS-UHFFFAOYNA-N,-7.063
IGF1R,s_PHE980,mut_s1,detail,1,66,CHDODAJYQOTMTK-PKSOQXRJNA-N,-8.196
IGF1R,s_PHE980,mut_s1,detail,1,67,VRFRJWXCOPEIII-QWOVJGMINA-N,-8.13
IGF1R,s_PHE980,mut_s1,detail,1,68,WTOLVFBACFWUSN-QGOAFFKANA-N,-8.122
IGF1R,s_PHE980,mut_s1,detail,1,69,KDJZDSPTXVFGOF-NPVYFSBINA-N,-8.46
IGF1R,s_PHE980,mut_s1,detail,1,70,MUXXNOOBECTQPY-UHFFFAOYNA-N,-7.092
IGF1R,s_PHE980,mut_s1,detail,1,71,OBUUPTPELQALTE-UYBDAZJANA-N,-7.126
IGF1R,s_PHE980,mut_s1,detail,1,72,FKOXOEKZVRISIU-NPVYFSBINA-N,-7.753
IGF1R,s_PHE980,mut_s1,detail,1,73,ZOKNKPRORGNRMQ-BXBDENJDNA-N,-7.588
IGF1R,s_PHE980,mut_s1,detail,1,74,KWJAZTNSKVNVEC-UHFFFAOYNA-N,-7.094
IGF1R,s_PHE980,mut_s1,detail,1,75,RPBVHEVTQXVWDL-NGZNMCPLNA-N,-8.469
IGF1R,s_PHE980,mut_s1,detail,1,76,ZSKKLMIULIVRSI-QWOVJGMINA-N,-7.096
IGF1R,s_PHE980,mut_s1,detail,1,77,VLKGZJJKNXFENI-LILDFLRNNA-N,-7.414
IGF1R,s_PHE980,mut_s1,detail,1,78,NCKZVQLIUXCUQF-UHFFFAOYNA-N,-6.905
IGF1R,s_PHE980,mut_s1,detail,1,79,TYYOBUBDDDDKPC-UHFFFAOYNA-N,-8.03
IGF1R,s_PHE980,mut_s1,detail,1,80,AQMRDIZFWYYMBQ-QWOVJGMINA-N,-8.624
IGF1R,s_PHE980,mut_s1,detail,1,81,IVRPZSQLORCONO-UHFFFAOYNA-N,-7.842
IGF1R,s_PHE980,mut_s1,detail,1,82,IRNFLRZZSCRLSQ-NPVYFSBINA-N,-7.976
IGF1R,s_PHE980,mut_s1,detail,1,83,UUMBQVLEWSWSOO-GPQMBLKYNA-N,-9.435
IGF1R,s_PHE980,mut_s1,detail,1,84,ASCHVCPAOUSKIZ-GPQMBLKYNA-N,-8.875
IGF1R,s_PHE980,mut_s1,detail,1,85,NVGGHEIBFBOAHY-UHFFFAOYNA-N,-7.859
IGF1R,s_PHE980,mut_s1,detail,1,86,JIOIPFWJCUUZEU-PKSOQXRJNA-N,-8.061
IGF1R,s_PHE980,mut_s1,detail,1,87,RGAJQRZKKQXIEQ-XBTAAFKLNA-N,-6.562
IGF1R,s_PHE980,mut_s1,detail,1,88,DOVBELPPXZSOPX-UHFFFAOYNA-N,-8.113
IGF1R,s_PHE980,mut_s1,detail,1,89,VFOWTBWNNOVCPH-WJDWOHSUNA-N,-7.849
IGF1R,s_PHE980,mut_s1,detail,1,90,HKWNGVFHUCRTTQ-QVUQFMIFNA-N,-8.724
IGF1R,s_PHE980,mut_s1,detail,1,91,VPMBMFYJJPEBKS-XBTAAFKLNA-N,-8.587
IGF1R,s_PHE980,mut_s1,detail,1,92,OPIXMYPGGYYGRV-PKSOQXRJNA-N,-8.77
IGF1R,s_PHE980,mut_s1,detail,1,93,ASWFTNOPBUOHSG-UHFFFAOYNA-N,-8.675
IGF1R,s_PHE980,mut_s1,detail,1,94,YIFJQOSOEFTEHM-QWOVJGMINA-N,-8.233
IGF1R,s_PHE980,mut_s1,detail,1,95,CYRPZNLZOLVKKM-PKSOQXRJNA-N,-8.402
IGF1R,s_PHE980,mut_s1,detail,1,96,PSRSNNQFQFGFKV-QWOVJGMINA-N,-8.67
IGF1R,s_PHE980,mut_s1,detail,1,97,PSJJZUSBTGJHEC-WYUMXYHSNA-N,-6.809
IGF1R,s_PHE980,mut_s1,detail,1,98,RCTHTZYLLISDPT-VVKINWOJNA-N,-8.105
IGF1R,s_PHE980,mut_s1,detail,1,99,UNWANCHXNSSIJJ-PKSOQXRJNA-N,-7.127
IGF1R,s_PHE980,mut_s1,detail,1,100,OJBGHXIETMBPHZ-UHFFFAOYNA-N,-7.801
IGF1R,s_PHE980,mut_s1,detail,1,101,KNDRDFFUMNHLRJ-LILDFLRNNA-N,-8.244
IGF1R,s_PHE980,mut_s1,detail,1,102,PBGALVWBACEVEC-QWOVJGMINA-N,-8.738
IGF1R,s_PHE980,mut_s1,detail,1,103,SRLVRCUUJBEIBP-UHFFFAOYNA-N,-7.622
IGF1R,s_PHE980,mut_s1,detail,1,104,UVGHDRGQXQVMNW-UHFFFAOYNA-N,-7.015
IGF1R,s_PHE980,mut_s1,detail,1,105,YIUJUFFZJHPDAY-SDRQFZCRNA-N,-8.207
IGF1R,s_PHE980,mut_s1,detail,1,106,UYPODJSKAAJGNR-UYBDAZJANA-N,-7.588
IGF1R,s_PHE980,mut_s1,detail,1,107,YWMYHDFGDRTCPV-BXGKXWMCNA-N,-8.231
IGF1R,s_PHE980,mut_s1,detail,1,108,RPVJOFUOUDWRGV-LILDFLRNNA-N,-8.155
IGF1R,s_PHE980,mut_s1,detail,1,109,LUKGDWAOTYXHEM-XBTAAFKLNA-N,-8.287
IGF1R,s_PHE980,mut_s1,detail,1,110,CHJMEHVGESAPSR-UHFFFAOYNA-N,-7.553
IGF1R,s_PHE980,mut_s1,detail,1,111,JDZNTGMSMHYYCY-NPVYFSBINA-N,-8.448
IGF1R,s_PHE980,mut_s1,detail,1,112,CRZKGBDGHDTLNN-UHFFFAOYNA-N,-7.48
IGF1R,s_PHE980,mut_s1,detail,1,113,ALLYNSCMTRSFNH-UHFFFAOYNA-N,-7.962
IGF1R,s_PHE980,mut_s1,detail,1,114,HTVVQAPUWGNILV-PKSOQXRJNA-N,-8.988
IGF1R,s_PHE980,mut_s1,detail,1,115,HEKHUTSUFJPTQY-UHFFFAOYNA-N,-7.957
IGF1R,s_PHE980,mut_s1,detail,1,116,ZTTIICUFHXUACO-HNENSFHCNA-N,-6.755
IGF1R,s_PHE980,mut_s1,detail,1,117,GYJDRNKSYOJANZ-QVUQFMIFNA-N,-9.012
IGF1R,s_PHE980,mut_s1,detail,1,118,QSBMVUOOXXRNFY-UHFFFAOYNA-N,-7.597
IGF1R,s_PHE980,mut_s1,detail,1,119,VRMMQHDQMURNDV-PGYIFSQXNA-N,-7.683
IGF1R,s_PHE980,mut_s1,detail,1,120,FHGICQLRHVZVCW-TWSYTRIPNA-N,-8.117
IGF1R,s_PHE980,mut_s1,detail,1,121,WWZHRJDMAZBTGY-WYUMXYHSNA-N,-8.018
IGF1R,s_PHE980,mut_s1,detail,1,122,GXHBBVOBKJURCM-UHFFFAOYNA-N,-6.966
IGF1R,s_PHE980,mut_s1,detail,1,123,GKJWYULRCHAYTN-UYBDAZJANA-N,-8.43
IGF1R,s_PHE980,mut_s1,detail,1,124,LJFRBCQBJFKUBA-LILDFLRNNA-N,-9.193
IGF1R,s_PHE980,mut_s1,detail,1,125,JGJYHHGYTXVQLH-MZSCVVMKNA-N,-7.734
IGF1R,s_PHE980,mut_s1,detail,1,126,WJPDMYDDAMHBSE-UZYVYHOENA-N,-9.422
IGF1R,s_PHE980,mut_s1,detail,1,127,GVOMJEIYRXTYCN-LILDFLRNNA-N,-8.102
IGF1R,s_PHE980,mut_s1,detail,1,128,LTZVLHHIAUKGBP-LELJVTLKNA-N,-8.994
IGF1R,s_PHE980,mut_s1,detail,1,129,FIKLOQNDPSVUGH-LBOYIXSDNA-N,-7.539
IGF1R,s_PHE980,mut_s1,detail,1,130,GIEJIAIRYKSRHU-MPIMZMORNA-N,-8.633
IGF1R,s_PHE980,mut_s1,detail,1,131,XFKYWJPYYRTYBR-ODOKVQCSNA-N,-7.416
IGF1R,s_PHE980,mut_s1,detail,1,132,PKSFLOGCPXWJIU-MEDUHNTENA-N,-8.862
IGF1R,s_PHE980,mut_s1,detail,1,133,JLHJTKOPNATISN-LELJVTLKNA-N,-7.464
IGF1R,s_PHE980,mut_s1,detail,1,134,GUBNROKMFNBDBZ-GRDNDAEWNA-N,-7.891
IGF1R,s_PHE980,mut_s1,detail,1,135,KGCQIOUZEREWDG-UHFFFAOYNA-N,-8.208
IGF1R,s_PHE980,mut_s1,detail,1,136,DWDHSAAOHLDDKE-QWOVJGMINA-N,-7.191
IGF1R,s_PHE980,mut_s1,detail,1,137,XSTAWOGBOKIKIE-UKZVOYCKNA-N,-8.319
IGF1R,s_PHE980,mut_s1,detail,1,138,OWXORKPNCHJYOF-JFRKDZMVNA-N,-8.521
IGF1R,s_PHE980,mut_s1,detail,1,139,MQOILMOKFLJWRN-KYCGMZMQNA-N,-8.72
IGF1R,s_PHE980,mut_s1,detail,1,140,BJROQKFYPRCGFD-LQFNOIFHNA-N,-8.774
IGF1R,s_PHE980,mut_s1,detail,1,141,PLWVUIRWJVKSSD-XBXARRHUNA-N,-7.726
IGF1R,s_PHE980,mut_s1,detail,1,142,HFWSIVHELHSGJY-JJIBRWJFNA-N,-7.723
IGF1R,s_PHE980,mut_s1,detail,1,143,QMHSEIOSCQWTPQ-LNNLXFCONA-N,-6.816
IGF1R,s_PHE980,mut_s1,detail,1,144,FBHVHCWHAVLWJT-OYSRHTCDNA-N,-8.199
IGF1R,s_PHE980,mut_s1,detail,1,145,CEZNOHQWEHKPJP-LQFNOIFHNA-N,-9.432
IGF1R,s_PHE980,mut_s1,detail,1,146,KOFRNRJMKWZBMR-RVJKNMGLNA-N,-7.334
IGF1R,s_PHE980,mut_s1,detail,1,147,PGPPCCZSDRAQKA-SYZQJQIINA-N,-8.068
IGF1R,s_PHE980,mut_s1,detail,1,148,VGUBMLBOECHPGN-MHEVPKQANA-N,-8.471
IGF1R,s_PHE980,mut_s1,detail,1,149,PCORSCGAGFGSSR-UHFFFAOYNA-N,-5.698
IGF1R,s_PHE980,mut_s1,detail,1,150,JGNCAWPKZCFGOI-BXGKXWMCNA-N,-9.193
IGF1R,s_PHE980,mut_s1,detail,1,151,ULONVLUMOUFCID-LNNLXFCONA-N,-9.563
IGF1R,s_PHE980,mut_s1,detail,1,152,HCPHOPNEKKCOEN-LNNLXFCONA-N,-8.394
IGF1R,s_PHE980,mut_s1,detail,1,153,OMJCCYYNBCJNOL-FVAMHUBNNA-N,-8.111
IGF1R,s_PHE980,mut_s1,detail,1,154,SZUCFANUUBSCPX-PJQSKVNONA-N,-8.567
IGF1R,s_PHE980,mut_s1,detail,1,155,QHLRKDSRGUZHSH-UHFFFAOYNA-N,-8.272
IGF1R,s_PHE980,mut_s1,detail,1,156,QUFUFSGGBADBIH-UHFFFAOYNA-N,-7.621
IGF1R,s_PHE980,mut_s1,detail,1,157,WPBGBXPZNCPYQB-UHFFFAOYNA-N,-8.126
IGF1R,s_PHE980,mut_s1,detail,1,158,BXVSKXWPXKQTOL-UHFFFAOYNA-N,-7.713
IGF1R,s_PHE980,mut_s1,detail,1,159,WNELYPHBVMGNQP-UHFFFAOYNA-N,-8.284
IGF1R,s_PHE980,mut_s1,detail,1,160,POOIONRPVWIUHF-LQFNOIFHNA-N,-8.421
IGF1R,s_PHE980,mut_s1,detail,1,161,NZPQBADYZFTGOT-UHFFFAOYNA-N,-8.232
IGF1R,s_PHE980,mut_s1,detail,1,162,MAOZUYDDGGFCKF-WFELUYCUNA-N,-7.873
IGF1R,s_PHE980,mut_s1,detail,1,163,PEANHJHNIYISMY-UHFFFAOYNA-N,-8.326
IGF1R,s_PHE980,mut_s1,detail,1,164,ABFVBWQMBVYWMV-UHFFFAOYNA-N,-7.677
IGF1R,s_PHE980,mut_s1,detail,1,165,UMUOTXHWTLGGIP-QWOVJGMINA-N,-8.544
IGF1R,s_PHE980,mut_s1,detail,1,166,NYVXKWVMQVVBRC-QWOVJGMINA-N,-7.509
IGF1R,s_PHE980,mut_s1,detail,1,167,OVGDAEHQLCSRDI-UHFFFAOYNA-N,-6.87
IGF1R,s_PHE980,mut_s1,detail,1,168,BZXWWWGSEIRPLV-UHFFFAOYNA-N,-7.851
IGF1R,s_PHE980,mut_s1,detail,1,169,FXGKAQHXFGXOPR-UHFFFAOYNA-N,-8.908
IGF1R,s_PHE980,mut_s1,detail,1,170,HVIXAPJIOPIFIY-UHFFFAOYNA-N,-6.726
IGF1R,s_PHE980,mut_s1,detail,1,171,LIRQEBOXUUPWJJ-LNNLXFCONA-N,-8.432
IGF1R,s_PHE980,mut_s1,detail,1,172,ZDIIOUBKRSIUED-LQFNOIFHNA-N,-8.38
IGF1R,s_PHE980,mut_s1,detail,1,173,LTWUSAKSGJMCRY-UHFFFAOYNA-N,-8.582
IGF1R,s_PHE980,mut_s1,detail,1,174,PNDIKCGLYJOYIK-UYBDAZJANA-N,-8.086
IGF1R,s_PHE980,mut_s1,detail,1,175,MGSHIAIRIYECSG-MPIMZMORNA-N,-7.906
IGF1R,s_PHE980,mut_s1,detail,1,176,MVWYIUZSZIETFZ-KYUNMXQPNA-N,-8.194
IGF1R,s_PHE980,mut_s1,detail,1,177,XGTOSEODMLDCBR-UHFFFAOYNA-N,-8.251
IGF1R,s_PHE980,mut_s1,detail,1,178,NYHRLEZMHRGFLZ-UYBDAZJANA-N,-7.696
IGF1R,s_PHE980,mut_s1,detail,1,179,KZGNFRGGQVBHRV-UHFFFAOYNA-N,-8.073
IGF1R,s_PHE980,mut_s1,detail,1,180,SXXXSTPMDGKOCH-LQFNOIFHNA-N,-8.902
IGF1R,s_PHE980,mut_s1,detail,1,181,VJGFWNZWHKBDNN-HPHMPNDVNA-N,-7.326
IGF1R,s_PHE980,mut_s1,detail,1,182,SBLZEXLDNURADT-LELJVTLKNA-N,-7.461
IGF1R,s_PHE980,mut_s1,detail,1,183,OINVQDVVQWTWJM-YNGZFIAGNA-N,-9.754
IGF1R,s_PHE980,mut_s1,detail,1,184,RJZHELXWHJKNAM-NPVYFSBINA-N,-7.825
IGF1R,s_PHE980,mut_s1,detail,1,185,MAXGWTGCLOXELV-UHFFFAOYNA-N,-8.64
IGF1R,s_PHE980,mut_s1,detail,1,186,PNHBRYIAJCYNDA-VQCQRNETNA-N,-9.805
IGF1R,s_PHE980,mut_s1,detail,1,187,QGZIKUYIROAFSE-QWOVJGMINA-N,-7.555
IGF1R,s_PHE980,mut_s1,detail,1,188,QTIJDOJTNOHQTC-WQGACYEGNA-N,-7.272
IGF1R,s_PHE980,mut_s1,detail,1,189,OMLLGNQJKXQVKT-TUXCJRKWNA-N,-8.853
IGF1R,s_PHE980,mut_s1,detail,1,190,FNLHLKPQZWPTTK-UHFFFAOYNA-N,-8.502
IGF1R,s_PHE980,mut_s1,detail,1,191,XBPLTFIKHVYSDD-UHFFFAOYNA-N,-9.112
IGF1R,s_PHE980,mut_s1,detail,1,192,VEXPKIRCYBYITI-BEFZCSJLNA-N,-10.312
IGF1R,s_PHE980,mut_s1,detail,1,193,WDVQKHWASUJMRH-LNNLXFCONA-N,-8.398
IGF1R,s_PHE980,mut_s1,detail,1,194,DAUHEXDIKFZUFM-BZCDMSEBNA-N,-7.986
IGF1R,s_PHE980,mut_s1,detail,1,195,HCFHHWIWTWPKFH-UHFFFAOYNA-N,-8.178
IGF1R,s_PHE980,mut_s1,detail,1,196,PIFJHAXQZFBLCQ-ZVBCKELPNA-N,-8.334
IGF1R,s_PHE980,mut_s1,detail,1,197,CGBYUWXVJWRJIR-LLJNPURJNA-N,-7.666
IGF1R,s_PHE980,mut_s1,detail,1,198,CLHNZVNBTRJSNX-NSJMMFDCNA-N,-8.229
IGF1R,s_PHE980,mut_s1,detail,1,199,JKMJQRRLCJXPOK-SREBMQDQNA-N,-8.631
IGF1R,s_PHE980,mut_s1,detail,1,200,HHXLRWIDFFFFKX-LELJVTLKNA-N,-7.93
IGF1R,s_PHE980,mut_s1,detail,1,201,BZCFDJGFEXLRFA-NYHNBARNNA-N,-9.674
IGF1R,s_PHE980,mut_s1,detail,1,202,IEZNLWGERBHQJK-KEAFGAQVNA-N,-9.797
IGF1R,s_PHE980,mut_s1,detail,1,203,ZBJYTLVBCAOWHI-PKRZOPRNNA-N,-7.864
IGF1R,s_PHE980,mut_s1,detail,1,204,FGMQRSXQOIDDJD-PKRZOPRNNA-N,-8.147
IGF1R,s_PHE980,mut_s1,detail,1,205,XDGHTBHPIPZHLJ-KMZMRBKQNA-N,-9.973
IGF1R,s_PHE980,mut_s1,detail,1,206,WSGZHZGDPVCVHF-UHFFFAOYNA-N,-9.616
IGF1R,s_PHE980,mut_s1,detail,1,207,HXWAXUQSZMRTTE-YLBMWQQONA-N,-8.611
IGF1R,s_PHE980,mut_s1,detail,1,208,FCZVXTBFAYFUHQ-UHFFFAOYNA-N,-8.7
IGF1R,s_PHE980,mut_s1,detail,1,209,YAZOIIMRVUPEOT-DHDJHLBQNA-N,-7.591
IGF1R,s_PHE980,mut_s1,detail,1,210,KVNQZVOXEZCBRJ-PECRYQBZNA-N,-9.891
IGF1R,s_PHE980,mut_s1,detail,1,211,IYBSHHORKOCFKZ-LNNLXFCONA-N,-8.243
IGF1R,s_PHE980,mut_s1,detail,1,212,RSTMZFOEDVJAHN-OXBUWGKVNA-N,-8.135
IGF1R,s_PHE980,mut_s1,detail,1,213,NYWCANYSFKVUNN-UHFFFAOYNA-N,-8.618
IGF1R,s_PHE980,mut_s1,detail,1,214,XFQNPVRVZXSQSI-IVGLCWOSNA-N,-8.839
IGF1R,s_PHE980,mut_s1,detail,1,215,HXGZQYVBZUMUDK-HXTKINSTNA-N,-8.907
IGF1R,s_PHE980,mut_s1,detail,1,216,BKWBUUYCHYLRLF-NSJMMFDCNA-N,-6.383
IGF1R,s_PHE980,mut_s1,detail,1,217,JRRKWFRTDFOWAB-XDUJAMRANA-N,-8.133
IGF1R,s_PHE980,mut_s1,detail,1,218,FPOLFSCTFRBBHI-QGZVFWFLNA-N,-8.312
IGF1R,s_PHE980,mut_s1,detail,1,219,RPPDOGWFJZOEQX-LVWGJNHUNA-N,-6.563
IGF1R,s_PHE980,mut_s1,detail,1,220,JYOPBQURUBDKLK-LELJVTLKNA-N,-8.725
IGF1R,s_PHE980,mut_s1,detail,1,221,LNENLABLFGGAFF-INUABGGHNA-N,-9.146
IGF1R,s_PHE980,mut_s1,detail,1,222,BAQVKFUOCGTGBI-FCDIKQFGNA-N,-7.536
IGF1R,s_PHE980,mut_s1,detail,1,223,SYJAKTNXXAWUQU-BYGYBERANA-N,-8.546
IGF1R,s_PHE980,mut_s1,detail,1,224,KCFZFOHSAGLLGQ-LUBWAWCANA-N,-8.723
IGF1R,s_PHE980,mut_s1,detail,1,225,LDJWHJQMWPYZLV-WHDAICOONA-N,-8.63
IGF1R,s_PHE980,mut_s1,detail,1,226,AXUDSCZCBZMENI-UHFFFAOYNA-N,-8.418
IGF1R,s_PHE980,mut_s1,detail,1,227,DDXHLMOKYYMXTK-OBAATPRFNA-N,-7.785
IGF1R,s_PHE980,mut_s1,detail,1,228,KTOSTKQYNJBYHF-PKOBYXMFNA-N,-8.362
IGF1R,s_PHE980,mut_s1,detail,1,229,ZCFWJPJEBJVXTO-UHFFFAOYNA-N,-8.605
IGF1R,s_PHE980,mut_s1,detail,1,230,NJVFOFMHUJJIMB-UHFFFAOYNA-N,-8.373
IGF1R,s_PHE980,mut_s1,detail,1,231,XUEQVOGPWKWKNT-XBXBPLPCNA-N,-8.177
IGF1R,s_PHE980,mut_s1,detail,1,232,MLFYMBALEIQTEJ-LBOYIXSDNA-N,-8.632
IGF1R,s_PHE980,mut_s1,detail,1,233,AETJFEZDSLASSU-XTEPFMGCNA-N,-7.986
IGF1R,s_PHE980,mut_s1,detail,1,234,GSNNWCVFRNINCY-UHFFFAOYNA-N,-8.403
IGF1R,s_PHE980,mut_s1,detail,1,235,UIHGNJALPXKJRE-UHFFFAOYNA-N,-8.631
IGF1R,s_PHE980,mut_s1,detail,1,236,BBUDWIYSLGTZTQ-SGMUJJOCNA-N,-8.93
IGF1R,s_PHE980,mut_s1,detail,1,237,CBYYNSKRRKXPFV-LELJVTLKNA-N,-7.982
IGF1R,s_PHE980,mut_s1,detail,1,238,NMFTXZYZNCQGNR-MTTPVDACNA-N,-9.973
IGF1R,s_PHE980,mut_s1,detail,1,239,QTKARDGAUMDUCL-LAEKOWRLNA-N,-8.802
IGF1R,s_PHE980,mut_s1,detail,1,240,VNEQUOUVFXAVMH-SANMLTNENA-N,-7.73
IGF1R,s_PHE980,mut_s1,detail,1,241,IJPPTSNWQLJFSU-LNNLXFCONA-N,-8.351
IGF1R,s_PHE980,mut_s1,detail,1,242,DJQIFFIREHYQCT-OSPHWJPCNA-N,-8.623
IGF1R,s_PHE980,mut_s1,detail,1,243,KOZFSFOOLUUIGY-SLMOLSELNA-N,-9.286
IGF1R,s_PHE980,mut_s1,detail,1,244,WILPFKVTYXJQQV-ZMCXWUQGNA-N,-7.903
IGF1R,s_PHE980,mut_s1,detail,1,245,NZELHCGEQZMIBB-UHFFFAOYNA-N,-9.076
IGF1R,s_PHE980,mut_s1,detail,1,246,VKGWONFLJDZUKM-NSJMMFDCNA-N,-8.421
IGF1R,s_PHE980,mut_s1,detail,1,247,XUHSVEXCUONJNQ-PMERELPUNA-N,-7.115
IGF1R,s_PHE980,mut_s1,detail,1,248,ZFOAPODMCDEDHA-UHFFFAOYNA-N,-7.918
IGF1R,s_PHE980,mut_s1,detail,1,249,PZCSJBQJENRLHD-ULJJZXAINA-N,-8.64
IGF1R,s_PHE980,mut_s1,detail,1,250,IOSLXICJNAAKOP-ZFJUVRDGNA-N,-8.865
IGF1R,s_PHE980,mut_s1,detail,1,251,HUDCDZLLNLJTEW-RBSQRGBYNA-N,-8.472
IGF1R,s_PHE980,mut_s1,detail,1,252,IKUATMHYCWRCHC-XUIBWRPBNA-N,-8.787
IGF1R,s_PHE980,mut_s1,detail,1,253,HCEYJYMNIQHPPK-WKJNMVSGNA-N,-8.887
IGF1R,s_PHE980,mut_s1,detail,1,254,ZLEIPSPWAZJWJP-DHDJHLBQNA-N,-8.552
IGF1R,s_PHE980,mut_s1,detail,1,255,ZKDQUBKHXMXRRH-KUWNNRQRNA-N,-8.805
IGF1R,s_GLU1115,mut_s1,detail,1,0,QGXBDMJGAMFCBF-WRZMNKJANA-N,-8.636
IGF1R,s_GLU1115,mut_s1,detail,1,1,XZORRJGRPUBUJO-UHFFFAOYNA-N,-6.371
IGF1R,s_GLU1115,mut_s1,detail,1,2,RIOOLQVLOZQLQJ-CYBMUJFWNA-N,-6.446
IGF1R,s_GLU1115,mut_s1,detail,1,3,JMAMZIYMGUDBDZ-YAQRNVERNA-N,-6.754
IGF1R,s_GLU1115,mut_s1,detail,1,4,SOHFVFXITPDEDK-GMNMMWFNNA-N,-7.178
IGF1R,s_GLU1115,mut_s1,detail,1,5,HQPUBFWUNXGPNP-FECSGLDJNA-N,-5.978
IGF1R,s_GLU1115,mut_s1,detail,1,6,URSPNXKDALRRBJ-FQFUPTBWNA-N,-7.446
IGF1R,s_GLU1115,mut_s1,detail,1,7,MALHKRCDHFAKIM-GPQMBLKYNA-N,-7.474
IGF1R,s_GLU1115,mut_s1,detail,1,8,VDGCRTGHEWIBAL-YAQRNVERNA-N,-6.961
IGF1R,s_GLU1115,mut_s1,detail,1,9,VOWBZMVBYGELAY-UHFFFAOYNA-N,-7.256
IGF1R,s_GLU1115,mut_s1,detail,1,10,GKBJOMPRUSWVJA-UHFFFAOYNA-N,-6.724
IGF1R,s_GLU1115,mut_s1,detail,1,11,RQLXWVPRGJJWEK-BFHABQRXNA-N,-7.079
IGF1R,s_GLU1115,mut_s1,detail,1,12,OQWMEUSTXXVVIU-NWANDNLSNA-N,-6.676
IGF1R,s_GLU1115,mut_s1,detail,1,13,SVIIYVRLTJRIIR-UHFFFAOYNA-N,-6.645
IGF1R,s_GLU1115,mut_s1,detail,1,14,XIQVFMHGZHWKNA-LILDFLRNNA-N,-7.917
IGF1R,s_GLU1115,mut_s1,detail,1,15,ABQUFQQMQCPHOH-NCWAPJAINA-N,-7.277
IGF1R,s_GLU1115,mut_s1,detail,1,16,BNGLUFUDMHHURB-UYBDAZJANA-N,-7.841
IGF1R,s_GLU1115,mut_s1,detail,1,17,JXAGPFSGJKRKBY-UHFFFAOYNA-N,-7.885
IGF1R,s_GLU1115,mut_s1,detail,1,18,DINPOPQNCDTVPQ-YGPBECBDNA-N,-7.058
IGF1R,s_GLU1115,mut_s1,detail,1,19,FUMDYIGQJOCQBC-UHFFFAOYNA-N,-7.556
IGF1R,s_GLU1115,mut_s1,detail,1,20,GLEVLJDDWXEYCO-WYUMXYHSNA-N,-7.453
IGF1R,s_GLU1115,mut_s1,detail,1,21,PWCMYVJXHPBJNZ-FSHPWJEWNA-N,-6.515
IGF1R,s_GLU1115,mut_s1,detail,1,22,CLPZQGXGPKJOMN-XWKXFZRBNA-N,-6.78
IGF1R,s_GLU1115,mut_s1,detail,1,23,UFUOEKYHBCFTGW-RWJRRMEYNA-N,-6.941
IGF1R,s_GLU1115,mut_s1,detail,1,24,CMNIOKDUTCZQJB-NDKGDYFDNA-N,-6.092
IGF1R,s_GLU1115,mut_s1,detail,1,25,ZVNPQHHQIVQYPI-ZHACJKMWNA-N,-8.958
IGF1R,s_GLU1115,mut_s1,detail,1,26,HHPYZGCOAAJZTN-NKWLYDBFNA-N,-7.366
IGF1R,s_GLU1115,mut_s1,detail,1,27,ANYSYRVXKLTFPB-UHFFFAOYNA-N,-7.615
IGF1R,s_GLU1115,mut_s1,detail,1,28,JISYUXULRDZARX-HCKMINDGNA-N,-7.524
IGF1R,s_GLU1115,mut_s1,detail,1,29,VTLWDCDAVLVOHR-HCKMINDGNA-N,-8.376
IGF1R,s_GLU1115,mut_s1,detail,1,30,BBMWNEXSYXLWEO-WYUMXYHSNA-N,-6.687
IGF1R,s_GLU1115,mut_s1,detail,1,31,WZGCZUAYIBWZAN-YHSKDTNENA-N,-7.616
IGF1R,s_GLU1115,mut_s1,detail,1,32,RVNORUCXEIIROU-UHFFFAOYNA-N,-8.077
IGF1R,s_GLU1115,mut_s1,detail,1,33,ZTJZVOMEMRNYKF-JSGPKCTENA-N,-6.483
IGF1R,s_GLU1115,mut_s1,detail,1,34,WQKOQOZXZQJNRC-GPQMBLKYNA-N,-8.143
IGF1R,s_GLU1115,mut_s1,detail,1,35,WKLBCLNIAGUINH-GAJRPKRDNA-N,-6.287
IGF1R,s_GLU1115,mut_s1,detail,1,36,ZVOVGLCUMDQIHF-VPQZEOPVNA-N,-6.395
IGF1R,s_GLU1115,mut_s1,detail,1,37,UGKZABQBFUBOFG-WDFGQQGSNA-N,-6.772
IGF1R,s_GLU1115,mut_s1,detail,1,38,RTJRNIJPLOVJLH-WYUMXYHSNA-N,-6.564
IGF1R,s_GLU1115,mut_s1,detail,1,39,MUJCQGFFHCARCQ-UYBDAZJANA-N,-9.102
IGF1R,s_GLU1115,mut_s1,detail,1,40,FZSPJBYOKQPKCD-VIFPVBQENA-N,-6.54
IGF1R,s_GLU1115,mut_s1,detail,1,41,RWPHPOMFTPAOAS-JLGFQASFNA-N,-7.715
IGF1R,s_GLU1115,mut_s1,detail,1,42,ZXVNJVRABSCRGU-GPQMBLKYNA-N,-7.67
IGF1R,s_GLU1115,mut_s1,detail,1,43,KZAOEMMZRGEBST-OOGKJWBGNA-N,-7.722
IGF1R,s_GLU1115,mut_s1,detail,1,44,NEIVPRTZAHUZEA-WYUMXYHSNA-N,-6.396
IGF1R,s_GLU1115,mut_s1,detail,1,45,PYKJFEPAUKAXNN-UHFFFAOYNA-N,-7.48
IGF1R,s_GLU1115,mut_s1,detail,1,46,BPUNDQLKPUIGBR-GPQMBLKYNA-N,-6.884
IGF1R,s_GLU1115,mut_s1,detail,1,47,WDFLSTQJUFMIIW-UHFFFAOYNA-N,-7.69
IGF1R,s_GLU1115,mut_s1,detail,1,48,BJLQEYLWUSSEKH-CMPMBVLYNA-N,-7.346
IGF1R,s_GLU1115,mut_s1,detail,1,49,HZUGIOKMHRUHMF-ADJYBIKJNA-N,-7.459
IGF1R,s_GLU1115,mut_s1,detail,1,50,PBWQQQLCZDQSET-XWKXFZRBNA-N,-6.57
IGF1R,s_GLU1115,mut_s1,detail,1,51,ISSLSGLIFQSYJA-HCKMINDGNA-N,-7.773
IGF1R,s_GLU1115,mut_s1,detail,1,52,OAXDEJIQWHXCJI-UHFFFAOYNA-N,-6.652
IGF1R,s_GLU1115,mut_s1,detail,1,53,BCJVFDDJSOEKKQ-UHFFFAOYNA-N,-7.178
IGF1R,s_GLU1115,mut_s1,detail,1,54,QFJGCDWXDUDFAD-UHFFFAOYNA-N,-8.812
IGF1R,s_GLU1115,mut_s1,detail,1,55,JVBGNPPYXIWVPH-WYCIUFAENA-N,-5.739
IGF1R,s_GLU1115,mut_s1,detail,1,56,BYJAVTDNIXVSPW-YHMJCDSINA-N,-6.68
IGF1R,s_GLU1115,mut_s1,detail,1,57,MQGMUPFWCDYDFO-UHFFFAOYNA-N,-7.235
IGF1R,s_GLU1115,mut_s1,detail,1,58,OACAJASVXJLTAT-UHFFFAOYNA-N,-7.21
IGF1R,s_GLU1115,mut_s1,detail,1,59,AQSGGOLDOQGOAO-FNCQTZNRNA-N,-6.508
IGF1R,s_GLU1115,mut_s1,detail,1,60,SOBHKZHLCOJHTI-YHMJCDSINA-N,-7.765
IGF1R,s_GLU1115,mut_s1,detail,1,61,NUFCOZJTDHUROG-PKGMMKRDNA-N,-6.86
IGF1R,s_GLU1115,mut_s1,detail,1,62,KZTOUMBNPVCTLR-GFJIPZKJNA-N,-8.648
IGF1R,s_GLU1115,mut_s1,detail,1,63,CLEMZXMGJNNUTH-LILDFLRNNA-N,-8.825
IGF1R,s_GLU1115,mut_s1,detail,1,64,MXRJUMCOVVUCLC-UHFFFAOYNA-N,-8.391
IGF1R,s_GLU1115,mut_s1,detail,1,65,HZDIAENSPHDHRS-UHFFFAOYNA-N,-7.605
IGF1R,s_GLU1115,mut_s1,detail,1,66,CHDODAJYQOTMTK-PKSOQXRJNA-N,-8.102
IGF1R,s_GLU1115,mut_s1,detail,1,67,VRFRJWXCOPEIII-QWOVJGMINA-N,-8.014
IGF1R,s_GLU1115,mut_s1,detail,1,68,WTOLVFBACFWUSN-QGOAFFKANA-N,-8.138
IGF1R,s_GLU1115,mut_s1,detail,1,69,KDJZDSPTXVFGOF-NPVYFSBINA-N,-8.467
IGF1R,s_GLU1115,mut_s1,detail,1,70,MUXXNOOBECTQPY-UHFFFAOYNA-N,-7.118
IGF1R,s_GLU1115,mut_s1,detail,1,71,OBUUPTPELQALTE-UYBDAZJANA-N,-6.909
IGF1R,s_GLU1115,mut_s1,detail,1,72,FKOXOEKZVRISIU-NPVYFSBINA-N,-8.023
IGF1R,s_GLU1115,mut_s1,detail,1,73,ZOKNKPRORGNRMQ-BXBDENJDNA-N,-7.087
IGF1R,s_GLU1115,mut_s1,detail,1,74,KWJAZTNSKVNVEC-UHFFFAOYNA-N,-7.473
IGF1R,s_GLU1115,mut_s1,detail,1,75,RPBVHEVTQXVWDL-NGZNMCPLNA-N,-8.823
IGF1R,s_GLU1115,mut_s1,detail,1,76,ZSKKLMIULIVRSI-QWOVJGMINA-N,-7.299
IGF1R,s_GLU1115,mut_s1,detail,1,77,VLKGZJJKNXFENI-LILDFLRNNA-N,-8.233
IGF1R,s_GLU1115,mut_s1,detail,1,78,NCKZVQLIUXCUQF-UHFFFAOYNA-N,-7.297
IGF1R,s_GLU1115,mut_s1,detail,1,79,TYYOBUBDDDDKPC-UHFFFAOYNA-N,-8.105
IGF1R,s_GLU1115,mut_s1,detail,1,80,AQMRDIZFWYYMBQ-QWOVJGMINA-N,-8.701
IGF1R,s_GLU1115,mut_s1,detail,1,81,IVRPZSQLORCONO-UHFFFAOYNA-N,-8.22
IGF1R,s_GLU1115,mut_s1,detail,1,82,IRNFLRZZSCRLSQ-NPVYFSBINA-N,-8.27
IGF1R,s_GLU1115,mut_s1,detail,1,83,UUMBQVLEWSWSOO-GPQMBLKYNA-N,-8.616
IGF1R,s_GLU1115,mut_s1,detail,1,84,ASCHVCPAOUSKIZ-GPQMBLKYNA-N,-8.656
IGF1R,s_GLU1115,mut_s1,detail,1,85,NVGGHEIBFBOAHY-UHFFFAOYNA-N,-8.815
IGF1R,s_GLU1115,mut_s1,detail,1,86,JIOIPFWJCUUZEU-PKSOQXRJNA-N,-8.083
IGF1R,s_GLU1115,mut_s1,detail,1,87,RGAJQRZKKQXIEQ-XBTAAFKLNA-N,-6.28
IGF1R,s_GLU1115,mut_s1,detail,1,88,DOVBELPPXZSOPX-UHFFFAOYNA-N,-8.258
IGF1R,s_GLU1115,mut_s1,detail,1,89,VFOWTBWNNOVCPH-WJDWOHSUNA-N,-8.236
IGF1R,s_GLU1115,mut_s1,detail,1,90,HKWNGVFHUCRTTQ-QVUQFMIFNA-N,-8.623
IGF1R,s_GLU1115,mut_s1,detail,1,91,VPMBMFYJJPEBKS-XBTAAFKLNA-N,-8.355
IGF1R,s_GLU1115,mut_s1,detail,1,92,OPIXMYPGGYYGRV-PKSOQXRJNA-N,-7.89
IGF1R,s_GLU1115,mut_s1,detail,1,93,ASWFTNOPBUOHSG-UHFFFAOYNA-N,-9.179
IGF1R,s_GLU1115,mut_s1,detail,1,94,YIFJQOSOEFTEHM-QWOVJGMINA-N,-7.707
IGF1R,s_GLU1115,mut_s1,detail,1,95,CYRPZNLZOLVKKM-PKSOQXRJNA-N,-8.377
IGF1R,s_GLU1115,mut_s1,detail,1,96,PSRSNNQFQFGFKV-QWOVJGMINA-N,-8.449
IGF1R,s_GLU1115,mut_s1,detail,1,97,PSJJZUSBTGJHEC-WYUMXYHSNA-N,-6.585
IGF1R,s_GLU1115,mut_s1,detail,1,98,RCTHTZYLLISDPT-VVKINWOJNA-N,-7.938
IGF1R,s_GLU1115,mut_s1,detail,1,99,UNWANCHXNSSIJJ-PKSOQXRJNA-N,-7.937
IGF1R,s_GLU1115,mut_s1,detail,1,100,OJBGHXIETMBPHZ-UHFFFAOYNA-N,-7.724
IGF1R,s_GLU1115,mut_s1,detail,1,101,KNDRDFFUMNHLRJ-LILDFLRNNA-N,-7.847
IGF1R,s_GLU1115,mut_s1,detail,1,102,PBGALVWBACEVEC-QWOVJGMINA-N,-8.821
IGF1R,s_GLU1115,mut_s1,detail,1,103,SRLVRCUUJBEIBP-UHFFFAOYNA-N,-7.72
IGF1R,s_GLU1115,mut_s1,detail,1,104,UVGHDRGQXQVMNW-UHFFFAOYNA-N,-7.184
IGF1R,s_GLU1115,mut_s1,detail,1,105,YIUJUFFZJHPDAY-SDRQFZCRNA-N,-8.329
IGF1R,s_GLU1115,mut_s1,detail,1,106,UYPODJSKAAJGNR-UYBDAZJANA-N,-7.779
IGF1R,s_GLU1115,mut_s1,detail,1,107,YWMYHDFGDRTCPV-BXGKXWMCNA-N,-8.477
IGF1R,s_GLU1115,mut_s1,detail,1,108,RPVJOFUOUDWRGV-LILDFLRNNA-N,-8.445
IGF1R,s_GLU1115,mut_s1,detail,1,109,LUKGDWAOTYXHEM-XBTAAFKLNA-N,-8.309
IGF1R,s_GLU1115,mut_s1,detail,1,110,CHJMEHVGESAPSR-UHFFFAOYNA-N,-7.975
IGF1R,s_GLU1115,mut_s1,detail,1,111,JDZNTGMSMHYYCY-NPVYFSBINA-N,-8.785
IGF1R,s_GLU1115,mut_s1,detail,1,112,CRZKGBDGHDTLNN-UHFFFAOYNA-N,-7.206
IGF1R,s_GLU1115,mut_s1,detail,1,113,ALLYNSCMTRSFNH-UHFFFAOYNA-N,-8.206
IGF1R,s_GLU1115,mut_s1,detail,1,114,HTVVQAPUWGNILV-PKSOQXRJNA-N,-8.104
IGF1R,s_GLU1115,mut_s1,detail,1,115,HEKHUTSUFJPTQY-UHFFFAOYNA-N,-8.713
IGF1R,s_GLU1115,mut_s1,detail,1,116,ZTTIICUFHXUACO-HNENSFHCNA-N,-8.292
IGF1R,s_GLU1115,mut_s1,detail,1,117,GYJDRNKSYOJANZ-QVUQFMIFNA-N,-9.025
IGF1R,s_GLU1115,mut_s1,detail,1,118,QSBMVUOOXXRNFY-UHFFFAOYNA-N,-7.689
IGF1R,s_GLU1115,mut_s1,detail,1,119,VRMMQHDQMURNDV-PGYIFSQXNA-N,-7.173
IGF1R,s_GLU1115,mut_s1,detail,1,120,FHGICQLRHVZVCW-TWSYTRIPNA-N,-8.604
IGF1R,s_GLU1115,mut_s1,detail,1,121,WWZHRJDMAZBTGY-WYUMXYHSNA-N,-7.97
IGF1R,s_GLU1115,mut_s1,detail,1,122,GXHBBVOBKJURCM-UHFFFAOYNA-N,-7.157
IGF1R,s_GLU1115,mut_s1,detail,1,123,GKJWYULRCHAYTN-UYBDAZJANA-N,-8.51
IGF1R,s_GLU1115,mut_s1,detail,1,124,LJFRBCQBJFKUBA-LILDFLRNNA-N,-9.548
IGF1R,s_GLU1115,mut_s1,detail,1,125,JGJYHHGYTXVQLH-MZSCVVMKNA-N,-7.32
IGF1R,s_GLU1115,mut_s1,detail,1,126,WJPDMYDDAMHBSE-UZYVYHOENA-N,-9.434
IGF1R,s_GLU1115,mut_s1,detail,1,127,GVOMJEIYRXTYCN-LILDFLRNNA-N,-8.274
IGF1R,s_GLU1115,mut_s1,detail,1,128,LTZVLHHIAUKGBP-LELJVTLKNA-N,-9.325
IGF1R,s_GLU1115,mut_s1,detail,1,129,FIKLOQNDPSVUGH-LBOYIXSDNA-N,-7.556
IGF1R,s_GLU1115,mut_s1,detail,1,130,GIEJIAIRYKSRHU-MPIMZMORNA-N,-8.885
IGF1R,s_GLU1115,mut_s1,detail,1,131,XFKYWJPYYRTYBR-ODOKVQCSNA-N,-7.546
IGF1R,s_GLU1115,mut_s1,detail,1,132,PKSFLOGCPXWJIU-MEDUHNTENA-N,-8.166
IGF1R,s_GLU1115,mut_s1,detail,1,133,JLHJTKOPNATISN-LELJVTLKNA-N,-7.976
IGF1R,s_GLU1115,mut_s1,detail,1,134,GUBNROKMFNBDBZ-GRDNDAEWNA-N,-7.659
IGF1R,s_GLU1115,mut_s1,detail,1,135,KGCQIOUZEREWDG-UHFFFAOYNA-N,-7.658
IGF1R,s_GLU1115,mut_s1,detail,1,136,DWDHSAAOHLDDKE-QWOVJGMINA-N,-7.556
IGF1R,s_GLU1115,mut_s1,detail,1,137,XSTAWOGBOKIKIE-UKZVOYCKNA-N,-7.822
IGF1R,s_GLU1115,mut_s1,detail,1,138,OWXORKPNCHJYOF-JFRKDZMVNA-N,-8.183
IGF1R,s_GLU1115,mut_s1,detail,1,139,MQOILMOKFLJWRN-KYCGMZMQNA-N,-9.033
IGF1R,s_GLU1115,mut_s1,detail,1,140,BJROQKFYPRCGFD-LQFNOIFHNA-N,-8.066
IGF1R,s_GLU1115,mut_s1,detail,1,141,PLWVUIRWJVKSSD-XBXARRHUNA-N,-7.859
IGF1R,s_GLU1115,mut_s1,detail,1,142,HFWSIVHELHSGJY-JJIBRWJFNA-N,-7.834
IGF1R,s_GLU1115,mut_s1,detail,1,143,QMHSEIOSCQWTPQ-LNNLXFCONA-N,-6.969
IGF1R,s_GLU1115,mut_s1,detail,1,144,FBHVHCWHAVLWJT-OYSRHTCDNA-N,-8.202
IGF1R,s_GLU1115,mut_s1,detail,1,145,CEZNOHQWEHKPJP-LQFNOIFHNA-N,-9.092
IGF1R,s_GLU1115,mut_s1,detail,1,146,KOFRNRJMKWZBMR-RVJKNMGLNA-N,-7.757
IGF1R,s_GLU1115,mut_s1,detail,1,147,PGPPCCZSDRAQKA-SYZQJQIINA-N,-7.477
IGF1R,s_GLU1115,mut_s1,detail,1,148,VGUBMLBOECHPGN-MHEVPKQANA-N,-8.752
IGF1R,s_GLU1115,mut_s1,detail,1,149,PCORSCGAGFGSSR-UHFFFAOYNA-N,-5.634
IGF1R,s_GLU1115,mut_s1,detail,1,150,JGNCAWPKZCFGOI-BXGKXWMCNA-N,-9.526
IGF1R,s_GLU1115,mut_s1,detail,1,151,ULONVLUMOUFCID-LNNLXFCONA-N,-9.214
IGF1R,s_GLU1115,mut_s1,detail,1,152,HCPHOPNEKKCOEN-LNNLXFCONA-N,-8.636
IGF1R,s_GLU1115,mut_s1,detail,1,153,OMJCCYYNBCJNOL-FVAMHUBNNA-N,-8.059
IGF1R,s_GLU1115,mut_s1,detail,1,154,SZUCFANUUBSCPX-PJQSKVNONA-N,-9.265
IGF1R,s_GLU1115,mut_s1,detail,1,155,QHLRKDSRGUZHSH-UHFFFAOYNA-N,-7.214
IGF1R,s_GLU1115,mut_s1,detail,1,156,QUFUFSGGBADBIH-UHFFFAOYNA-N,-7.997
IGF1R,s_GLU1115,mut_s1,detail,1,157,WPBGBXPZNCPYQB-UHFFFAOYNA-N,-7.928
IGF1R,s_GLU1115,mut_s1,detail,1,158,BXVSKXWPXKQTOL-UHFFFAOYNA-N,-7.831
IGF1R,s_GLU1115,mut_s1,detail,1,159,WNELYPHBVMGNQP-UHFFFAOYNA-N,-8.699
IGF1R,s_GLU1115,mut_s1,detail,1,160,POOIONRPVWIUHF-LQFNOIFHNA-N,-8.01
IGF1R,s_GLU1115,mut_s1,detail,1,161,NZPQBADYZFTGOT-UHFFFAOYNA-N,-8.17
IGF1R,s_GLU1115,mut_s1,detail,1,162,MAOZUYDDGGFCKF-WFELUYCUNA-N,-8.131
IGF1R,s_GLU1115,mut_s1,detail,1,163,PEANHJHNIYISMY-UHFFFAOYNA-N,-7.833
IGF1R,s_GLU1115,mut_s1,detail,1,164,ABFVBWQMBVYWMV-UHFFFAOYNA-N,-7.736
IGF1R,s_GLU1115,mut_s1,detail,1,165,UMUOTXHWTLGGIP-QWOVJGMINA-N,-8.421
IGF1R,s_GLU1115,mut_s1,detail,1,166,NYVXKWVMQVVBRC-QWOVJGMINA-N,-7.872
IGF1R,s_GLU1115,mut_s1,detail,1,167,OVGDAEHQLCSRDI-UHFFFAOYNA-N,-6.75
IGF1R,s_GLU1115,mut_s1,detail,1,168,BZXWWWGSEIRPLV-UHFFFAOYNA-N,-8.018
IGF1R,s_GLU1115,mut_s1,detail,1,169,FXGKAQHXFGXOPR-UHFFFAOYNA-N,-9.082
IGF1R,s_GLU1115,mut_s1,detail,1,170,HVIXAPJIOPIFIY-UHFFFAOYNA-N,-6.494
IGF1R,s_GLU1115,mut_s1,detail,1,171,LIRQEBOXUUPWJJ-LNNLXFCONA-N,-8.591
IGF1R,s_GLU1115,mut_s1,detail,1,172,ZDIIOUBKRSIUED-LQFNOIFHNA-N,-8.182
IGF1R,s_GLU1115,mut_s1,detail,1,173,LTWUSAKSGJMCRY-UHFFFAOYNA-N,-8.57
IGF1R,s_GLU1115,mut_s1,detail,1,174,PNDIKCGLYJOYIK-UYBDAZJANA-N,-8.589
IGF1R,s_GLU1115,mut_s1,detail,1,175,MGSHIAIRIYECSG-MPIMZMORNA-N,-8.057
IGF1R,s_GLU1115,mut_s1,detail,1,176,MVWYIUZSZIETFZ-KYUNMXQPNA-N,-8.345
IGF1R,s_GLU1115,mut_s1,detail,1,177,XGTOSEODMLDCBR-UHFFFAOYNA-N,-7.703
IGF1R,s_GLU1115,mut_s1,detail,1,178,NYHRLEZMHRGFLZ-UYBDAZJANA-N,-8.156
IGF1R,s_GLU1115,mut_s1,detail,1,179,KZGNFRGGQVBHRV-UHFFFAOYNA-N,-7.838
IGF1R,s_GLU1115,mut_s1,detail,1,180,SXXXSTPMDGKOCH-LQFNOIFHNA-N,-8.787
IGF1R,s_GLU1115,mut_s1,detail,1,181,VJGFWNZWHKBDNN-HPHMPNDVNA-N,-7.393
IGF1R,s_GLU1115,mut_s1,detail,1,182,SBLZEXLDNURADT-LELJVTLKNA-N,-7.501
IGF1R,s_GLU1115,mut_s1,detail,1,183,OINVQDVVQWTWJM-YNGZFIAGNA-N,-8.276
IGF1R,s_GLU1115,mut_s1,detail,1,184,RJZHELXWHJKNAM-NPVYFSBINA-N,-7.396
IGF1R,s_GLU1115,mut_s1,detail,1,185,MAXGWTGCLOXELV-UHFFFAOYNA-N,-9.13
IGF1R,s_GLU1115,mut_s1,detail,1,186,PNHBRYIAJCYNDA-VQCQRNETNA-N,-10.605
IGF1R,s_GLU1115,mut_s1,detail,1,187,QGZIKUYIROAFSE-QWOVJGMINA-N,-7.616
IGF1R,s_GLU1115,mut_s1,detail,1,188,QTIJDOJTNOHQTC-WQGACYEGNA-N,-6.963
IGF1R,s_GLU1115,mut_s1,detail,1,189,OMLLGNQJKXQVKT-TUXCJRKWNA-N,-8.434
IGF1R,s_GLU1115,mut_s1,detail,1,190,FNLHLKPQZWPTTK-UHFFFAOYNA-N,-8.485
IGF1R,s_GLU1115,mut_s1,detail,1,191,XBPLTFIKHVYSDD-UHFFFAOYNA-N,-9.214
IGF1R,s_GLU1115,mut_s1,detail,1,192,VEXPKIRCYBYITI-BEFZCSJLNA-N,-10.422
IGF1R,s_GLU1115,mut_s1,detail,1,193,WDVQKHWASUJMRH-LNNLXFCONA-N,-8.651
IGF1R,s_GLU1115,mut_s1,detail,1,194,DAUHEXDIKFZUFM-BZCDMSEBNA-N,-8.237
IGF1R,s_GLU1115,mut_s1,detail,1,195,HCFHHWIWTWPKFH-UHFFFAOYNA-N,-7.848
IGF1R,s_GLU1115,mut_s1,detail,1,196,PIFJHAXQZFBLCQ-ZVBCKELPNA-N,-8.414
IGF1R,s_GLU1115,mut_s1,detail,1,197,CGBYUWXVJWRJIR-LLJNPURJNA-N,-7.613
IGF1R,s_GLU1115,mut_s1,detail,1,198,CLHNZVNBTRJSNX-NSJMMFDCNA-N,-8.27
IGF1R,s_GLU1115,mut_s1,detail,1,199,JKMJQRRLCJXPOK-SREBMQDQNA-N,-8.562
IGF1R,s_GLU1115,mut_s1,detail,1,200,HHXLRWIDFFFFKX-LELJVTLKNA-N,-8.496
IGF1R,s_GLU1115,mut_s1,detail,1,201,BZCFDJGFEXLRFA-NYHNBARNNA-N,-9.367
IGF1R,s_GLU1115,mut_s1,detail,1,202,IEZNLWGERBHQJK-KEAFGAQVNA-N,-9.927
IGF1R,s_GLU1115,mut_s1,detail,1,203,ZBJYTLVBCAOWHI-PKRZOPRNNA-N,-6.828
IGF1R,s_GLU1115,mut_s1,detail,1,204,FGMQRSXQOIDDJD-PKRZOPRNNA-N,-7.511
IGF1R,s_GLU1115,mut_s1,detail,1,205,XDGHTBHPIPZHLJ-KMZMRBKQNA-N,-9.906
IGF1R,s_GLU1115,mut_s1,detail,1,206,WSGZHZGDPVCVHF-UHFFFAOYNA-N,-9.961
IGF1R,s_GLU1115,mut_s1,detail,1,207,HXWAXUQSZMRTTE-YLBMWQQONA-N,-8.615
IGF1R,s_GLU1115,mut_s1,detail,1,208,FCZVXTBFAYFUHQ-UHFFFAOYNA-N,-8.862
IGF1R,s_GLU1115,mut_s1,detail,1,209,YAZOIIMRVUPEOT-DHDJHLBQNA-N,-7.68
IGF1R,s_GLU1115,mut_s1,detail,1,210,KVNQZVOXEZCBRJ-PECRYQBZNA-N,-8.425
IGF1R,s_GLU1115,mut_s1,detail,1,211,IYBSHHORKOCFKZ-LNNLXFCONA-N,-8.326
IGF1R,s_GLU1115,mut_s1,detail,1,212,RSTMZFOEDVJAHN-OXBUWGKVNA-N,-8.211
IGF1R,s_GLU1115,mut_s1,detail,1,213,NYWCANYSFKVUNN-UHFFFAOYNA-N,-6.992
IGF1R,s_GLU1115,mut_s1,detail,1,214,XFQNPVRVZXSQSI-IVGLCWOSNA-N,-8.961
IGF1R,s_GLU1115,mut_s1,detail,1,215,HXGZQYVBZUMUDK-HXTKINSTNA-N,-8.254
IGF1R,s_GLU1115,mut_s1,detail,1,216,BKWBUUYCHYLRLF-NSJMMFDCNA-N,-6.411
IGF1R,s_GLU1115,mut_s1,detail,1,217,JRRKWFRTDFOWAB-XDUJAMRANA-N,-8.232
IGF1R,s_GLU1115,mut_s1,detail,1,218,FPOLFSCTFRBBHI-QGZVFWFLNA-N,-8.514
IGF1R,s_GLU1115,mut_s1,detail,1,219,RPPDOGWFJZOEQX-LVWGJNHUNA-N,-6.633
IGF1R,s_GLU1115,mut_s1,detail,1,220,JYOPBQURUBDKLK-LELJVTLKNA-N,-9.039
IGF1R,s_GLU1115,mut_s1,detail,1,221,LNENLABLFGGAFF-INUABGGHNA-N,-9.069
IGF1R,s_GLU1115,mut_s1,detail,1,222,BAQVKFUOCGTGBI-FCDIKQFGNA-N,-7.294
IGF1R,s_GLU1115,mut_s1,detail,1,223,SYJAKTNXXAWUQU-BYGYBERANA-N,-7.761
IGF1R,s_GLU1115,mut_s1,detail,1,224,KCFZFOHSAGLLGQ-LUBWAWCANA-N,-8.671
IGF1R,s_GLU1115,mut_s1,detail,1,225,LDJWHJQMWPYZLV-WHDAICOONA-N,-8.093
IGF1R,s_GLU1115,mut_s1,detail,1,226,AXUDSCZCBZMENI-UHFFFAOYNA-N,-8.322
IGF1R,s_GLU1115,mut_s1,detail,1,227,DDXHLMOKYYMXTK-OBAATPRFNA-N,-7.776
IGF1R,s_GLU1115,mut_s1,detail,1,228,KTOSTKQYNJBYHF-PKOBYXMFNA-N,-8.492
IGF1R,s_GLU1115,mut_s1,detail,1,229,ZCFWJPJEBJVXTO-UHFFFAOYNA-N,-8.65
IGF1R,s_GLU1115,mut_s1,detail,1,230,NJVFOFMHUJJIMB-UHFFFAOYNA-N,-7.609
IGF1R,s_GLU1115,mut_s1,detail,1,231,XUEQVOGPWKWKNT-XBXBPLPCNA-N,-7.96
IGF1R,s_GLU1115,mut_s1,detail,1,232,MLFYMBALEIQTEJ-LBOYIXSDNA-N,-9.03
IGF1R,s_GLU1115,mut_s1,detail,1,233,AETJFEZDSLASSU-XTEPFMGCNA-N,-7.938
IGF1R,s_GLU1115,mut_s1,detail,1,234,GSNNWCVFRNINCY-UHFFFAOYNA-N,-8.345
IGF1R,s_GLU1115,mut_s1,detail,1,235,UIHGNJALPXKJRE-UHFFFAOYNA-N,-8.887
IGF1R,s_GLU1115,mut_s1,detail,1,236,BBUDWIYSLGTZTQ-SGMUJJOCNA-N,-8.395
IGF1R,s_GLU1115,mut_s1,detail,1,237,CBYYNSKRRKXPFV-LELJVTLKNA-N,-7.952
IGF1R,s_GLU1115,mut_s1,detail,1,238,NMFTXZYZNCQGNR-MTTPVDACNA-N,-9.053
IGF1R,s_GLU1115,mut_s1,detail,1,239,QTKARDGAUMDUCL-LAEKOWRLNA-N,-8.482
IGF1R,s_GLU1115,mut_s1,detail,1,240,VNEQUOUVFXAVMH-SANMLTNENA-N,-7.243
IGF1R,s_GLU1115,mut_s1,detail,1,241,IJPPTSNWQLJFSU-LNNLXFCONA-N,-8.307
IGF1R,s_GLU1115,mut_s1,detail,1,242,DJQIFFIREHYQCT-OSPHWJPCNA-N,-8.394
IGF1R,s_GLU1115,mut_s1,detail,1,243,KOZFSFOOLUUIGY-SLMOLSELNA-N,-9.301
IGF1R,s_GLU1115,mut_s1,detail,1,244,WILPFKVTYXJQQV-ZMCXWUQGNA-N,-7.568
IGF1R,s_GLU1115,mut_s1,detail,1,245,NZELHCGEQZMIBB-UHFFFAOYNA-N,-9.896
IGF1R,s_GLU1115,mut_s1,detail,1,246,VKGWONFLJDZUKM-NSJMMFDCNA-N,-8.02
IGF1R,s_GLU1115,mut_s1,detail,1,247,XUHSVEXCUONJNQ-PMERELPUNA-N,-7.105
IGF1R,s_GLU1115,mut_s1,detail,1,248,ZFOAPODMCDEDHA-UHFFFAOYNA-N,-9.029
IGF1R,s_GLU1115,mut_s1,detail,1,249,PZCSJBQJENRLHD-ULJJZXAINA-N,-7.221
IGF1R,s_GLU1115,mut_s1,detail,1,250,IOSLXICJNAAKOP-ZFJUVRDGNA-N,-8.804
IGF1R,s_GLU1115,mut_s1,detail,1,251,HUDCDZLLNLJTEW-RBSQRGBYNA-N,-8.831
IGF1R,s_GLU1115,mut_s1,detail,1,252,IKUATMHYCWRCHC-XUIBWRPBNA-N,-10.081
IGF1R,s_GLU1115,mut_s1,detail,1,253,HCEYJYMNIQHPPK-WKJNMVSGNA-N,-8.925
IGF1R,s_GLU1115,mut_s1,detail,1,254,ZLEIPSPWAZJWJP-DHDJHLBQNA-N,-8.508
IGF1R,s_GLU1115,mut_s1,detail,1,255,ZKDQUBKHXMXRRH-KUWNNRQRNA-N,-8.793
IGF1R,s_TYR984,mut_s1,detail,1,0,QGXBDMJGAMFCBF-WRZMNKJANA-N,-8.631
IGF1R,s_TYR984,mut_s1,detail,1,1,XZORRJGRPUBUJO-UHFFFAOYNA-N,-6.158
IGF1R,s_TYR984,mut_s1,detail,1,2,RIOOLQVLOZQLQJ-CYBMUJFWNA-N,-6.344
IGF1R,s_TYR984,mut_s1,detail,1,3,JMAMZIYMGUDBDZ-YAQRNVERNA-N,-6.738
IGF1R,s_TYR984,mut_s1,detail,1,4,SOHFVFXITPDEDK-GMNMMWFNNA-N,-7.2
IGF1R,s_TYR984,mut_s1,detail,1,5,HQPUBFWUNXGPNP-FECSGLDJNA-N,-6.418
IGF1R,s_TYR984,mut_s1,detail,1,6,URSPNXKDALRRBJ-FQFUPTBWNA-N,-7.458
IGF1R,s_TYR984,mut_s1,detail,1,7,MALHKRCDHFAKIM-GPQMBLKYNA-N,-7.31
IGF1R,s_TYR984,mut_s1,detail,1,8,VDGCRTGHEWIBAL-YAQRNVERNA-N,-6.993
IGF1R,s_TYR984,mut_s1,detail,1,9,VOWBZMVBYGELAY-UHFFFAOYNA-N,-7.276
IGF1R,s_TYR984,mut_s1,detail,1,10,GKBJOMPRUSWVJA-UHFFFAOYNA-N,-6.723
IGF1R,s_TYR984,mut_s1,detail,1,11,RQLXWVPRGJJWEK-BFHABQRXNA-N,-7.012
IGF1R,s_TYR984,mut_s1,detail,1,12,OQWMEUSTXXVVIU-NWANDNLSNA-N,-6.565
IGF1R,s_TYR984,mut_s1,detail,1,13,SVIIYVRLTJRIIR-UHFFFAOYNA-N,-6.737
IGF1R,s_TYR984,mut_s1,detail,1,14,XIQVFMHGZHWKNA-LILDFLRNNA-N,-7.911
IGF1R,s_TYR984,mut_s1,detail,1,15,ABQUFQQMQCPHOH-NCWAPJAINA-N,-7.358
IGF1R,s_TYR984,mut_s1,detail,1,16,BNGLUFUDMHHURB-UYBDAZJANA-N,-7.78
IGF1R,s_TYR984,mut_s1,detail,1,17,JXAGPFSGJKRKBY-UHFFFAOYNA-N,-7.845
IGF1R,s_TYR984,mut_s1,detail,1,18,DINPOPQNCDTVPQ-YGPBECBDNA-N,-7.059
IGF1R,s_TYR984,mut_s1,detail,1,19,FUMDYIGQJOCQBC-UHFFFAOYNA-N,-7.186
IGF1R,s_TYR984,mut_s1,detail,1,20,GLEVLJDDWXEYCO-WYUMXYHSNA-N,-7.435
IGF1R,s_TYR984,mut_s1,detail,1,21,PWCMYVJXHPBJNZ-FSHPWJEWNA-N,-6.521
IGF1R,s_TYR984,mut_s1,detail,1,22,CLPZQGXGPKJOMN-XWKXFZRBNA-N,-6.839
IGF1R,s_TYR984,mut_s1,detail,1,23,UFUOEKYHBCFTGW-RWJRRMEYNA-N,-6.935
IGF1R,s_TYR984,mut_s1,detail,1,24,CMNIOKDUTCZQJB-NDKGDYFDNA-N,-6.145
IGF1R,s_TYR984,mut_s1,detail,1,25,ZVNPQHHQIVQYPI-ZHACJKMWNA-N,-9.004
IGF1R,s_TYR984,mut_s1,detail,1,26,HHPYZGCOAAJZTN-NKWLYDBFNA-N,-7.289
IGF1R,s_TYR984,mut_s1,detail,1,27,ANYSYRVXKLTFPB-UHFFFAOYNA-N,-7.613
IGF1R,s_TYR984,mut_s1,detail,1,28,JISYUXULRDZARX-HCKMINDGNA-N,-7.4
IGF1R,s_TYR984,mut_s1,detail,1,29,VTLWDCDAVLVOHR-HCKMINDGNA-N,-8.337
IGF1R,s_TYR984,mut_s1,detail,1,30,BBMWNEXSYXLWEO-WYUMXYHSNA-N,-6.676
IGF1R,s_TYR984,mut_s1,detail,1,31,WZGCZUAYIBWZAN-YHSKDTNENA-N,-7.267
IGF1R,s_TYR984,mut_s1,detail,1,32,RVNORUCXEIIROU-UHFFFAOYNA-N,-8.09
IGF1R,s_TYR984,mut_s1,detail,1,33,ZTJZVOMEMRNYKF-JSGPKCTENA-N,-6.482
IGF1R,s_TYR984,mut_s1,detail,1,34,WQKOQOZXZQJNRC-GPQMBLKYNA-N,-7.908
IGF1R,s_TYR984,mut_s1,detail,1,35,WKLBCLNIAGUINH-GAJRPKRDNA-N,-6.213
IGF1R,s_TYR984,mut_s1,detail,1,36,ZVOVGLCUMDQIHF-VPQZEOPVNA-N,-6.683
IGF1R,s_TYR984,mut_s1,detail,1,37,UGKZABQBFUBOFG-WDFGQQGSNA-N,-6.823
IGF1R,s_TYR984,mut_s1,detail,1,38,RTJRNIJPLOVJLH-WYUMXYHSNA-N,-6.548
IGF1R,s_TYR984,mut_s1,detail,1,39,MUJCQGFFHCARCQ-UYBDAZJANA-N,-9.116
IGF1R,s_TYR984,mut_s1,detail,1,40,FZSPJBYOKQPKCD-VIFPVBQENA-N,-6.087
IGF1R,s_TYR984,mut_s1,detail,1,41,RWPHPOMFTPAOAS-JLGFQASFNA-N,-7.605
IGF1R,s_TYR984,mut_s1,detail,1,42,ZXVNJVRABSCRGU-GPQMBLKYNA-N,-7.684
IGF1R,s_TYR984,mut_s1,detail,1,43,KZAOEMMZRGEBST-OOGKJWBGNA-N,-7.739
IGF1R,s_TYR984,mut_s1,detail,1,44,NEIVPRTZAHUZEA-WYUMXYHSNA-N,-6.394
IGF1R,s_TYR984,mut_s1,detail,1,45,PYKJFEPAUKAXNN-UHFFFAOYNA-N,-7.509
IGF1R,s_TYR984,mut_s1,detail,1,46,BPUNDQLKPUIGBR-GPQMBLKYNA-N,-6.751
IGF1R,s_TYR984,mut_s1,detail,1,47,WDFLSTQJUFMIIW-UHFFFAOYNA-N,-7.389
IGF1R,s_TYR984,mut_s1,detail,1,48,BJLQEYLWUSSEKH-CMPMBVLYNA-N,-7.732
IGF1R,s_TYR984,mut_s1,detail,1,49,HZUGIOKMHRUHMF-ADJYBIKJNA-N,-7.466
IGF1R,s_TYR984,mut_s1,detail,1,50,PBWQQQLCZDQSET-XWKXFZRBNA-N,-6.614
IGF1R,s_TYR984,mut_s1,detail,1,51,ISSLSGLIFQSYJA-HCKMINDGNA-N,-7.532
IGF1R,s_TYR984,mut_s1,detail,1,52,OAXDEJIQWHXCJI-UHFFFAOYNA-N,-6.833
IGF1R,s_TYR984,mut_s1,detail,1,53,BCJVFDDJSOEKKQ-UHFFFAOYNA-N,-7.084
IGF1R,s_TYR984,mut_s1,detail,1,54,QFJGCDWXDUDFAD-UHFFFAOYNA-N,-8.815
IGF1R,s_TYR984,mut_s1,detail,1,55,JVBGNPPYXIWVPH-WYCIUFAENA-N,-5.553
IGF1R,s_TYR984,mut_s1,detail,1,56,BYJAVTDNIXVSPW-YHMJCDSINA-N,-6.696
IGF1R,s_TYR984,mut_s1,detail,1,57,MQGMUPFWCDYDFO-UHFFFAOYNA-N,-7.378
IGF1R,s_TYR984,mut_s1,detail,1,58,OACAJASVXJLTAT-UHFFFAOYNA-N,-7.21
IGF1R,s_TYR984,mut_s1,detail,1,59,AQSGGOLDOQGOAO-FNCQTZNRNA-N,-6.548
IGF1R,s_TYR984,mut_s1,detail,1,60,SOBHKZHLCOJHTI-YHMJCDSINA-N,-7.712
IGF1R,s_TYR984,mut_s1,detail,1,61,NUFCOZJTDHUROG-PKGMMKRDNA-N,-6.863
IGF1R,s_TYR984,mut_s1,detail,1,62,KZTOUMBNPVCTLR-GFJIPZKJNA-N,-8.655
IGF1R,s_TYR984,mut_s1,detail,1,63,CLEMZXMGJNNUTH-LILDFLRNNA-N,-8.934
IGF1R,s_TYR984,mut_s1,detail,1,64,MXRJUMCOVVUCLC-UHFFFAOYNA-N,-8.396
IGF1R,s_TYR984,mut_s1,detail,1,65,HZDIAENSPHDHRS-UHFFFAOYNA-N,-7.556
IGF1R,s_TYR984,mut_s1,detail,1,66,CHDODAJYQOTMTK-PKSOQXRJNA-N,-8.152
IGF1R,s_TYR984,mut_s1,detail,1,67,VRFRJWXCOPEIII-QWOVJGMINA-N,-8.424
IGF1R,s_TYR984,mut_s1,detail,1,68,WTOLVFBACFWUSN-QGOAFFKANA-N,-8.024
IGF1R,s_TYR984,mut_s1,detail,1,69,KDJZDSPTXVFGOF-NPVYFSBINA-N,-8.597
IGF1R,s_TYR984,mut_s1,detail,1,70,MUXXNOOBECTQPY-UHFFFAOYNA-N,-6.77
IGF1R,s_TYR984,mut_s1,detail,1,71,OBUUPTPELQALTE-UYBDAZJANA-N,-6.813
IGF1R,s_TYR984,mut_s1,detail,1,72,FKOXOEKZVRISIU-NPVYFSBINA-N,-7.785
IGF1R,s_TYR984,mut_s1,detail,1,73,ZOKNKPRORGNRMQ-BXBDENJDNA-N,-6.783
IGF1R,s_TYR984,mut_s1,detail,1,74,KWJAZTNSKVNVEC-UHFFFAOYNA-N,-7.514
IGF1R,s_TYR984,mut_s1,detail,1,75,RPBVHEVTQXVWDL-NGZNMCPLNA-N,-8.896
IGF1R,s_TYR984,mut_s1,detail,1,76,ZSKKLMIULIVRSI-QWOVJGMINA-N,-7.482
IGF1R,s_TYR984,mut_s1,detail,1,77,VLKGZJJKNXFENI-LILDFLRNNA-N,-7.877
IGF1R,s_TYR984,mut_s1,detail,1,78,NCKZVQLIUXCUQF-UHFFFAOYNA-N,-7.211
IGF1R,s_TYR984,mut_s1,detail,1,79,TYYOBUBDDDDKPC-UHFFFAOYNA-N,-8.101
IGF1R,s_TYR984,mut_s1,detail,1,80,AQMRDIZFWYYMBQ-QWOVJGMINA-N,-8.688
IGF1R,s_TYR984,mut_s1,detail,1,81,IVRPZSQLORCONO-UHFFFAOYNA-N,-8.281
IGF1R,s_TYR984,mut_s1,detail,1,82,IRNFLRZZSCRLSQ-NPVYFSBINA-N,-8.302
IGF1R,s_TYR984,mut_s1,detail,1,83,UUMBQVLEWSWSOO-GPQMBLKYNA-N,-8.95
IGF1R,s_TYR984,mut_s1,detail,1,84,ASCHVCPAOUSKIZ-GPQMBLKYNA-N,-8.646
IGF1R,s_TYR984,mut_s1,detail,1,85,NVGGHEIBFBOAHY-UHFFFAOYNA-N,-8.998
IGF1R,s_TYR984,mut_s1,detail,1,86,JIOIPFWJCUUZEU-PKSOQXRJNA-N,-8.188
IGF1R,s_TYR984,mut_s1,detail,1,87,RGAJQRZKKQXIEQ-XBTAAFKLNA-N,-5.798
IGF1R,s_TYR984,mut_s1,detail,1,88,DOVBELPPXZSOPX-UHFFFAOYNA-N,-8.246
IGF1R,s_TYR984,mut_s1,detail,1,89,VFOWTBWNNOVCPH-WJDWOHSUNA-N,-7.872
IGF1R,s_TYR984,mut_s1,detail,1,90,HKWNGVFHUCRTTQ-QVUQFMIFNA-N,-8.617
IGF1R,s_TYR984,mut_s1,detail,1,91,VPMBMFYJJPEBKS-XBTAAFKLNA-N,-8.369
IGF1R,s_TYR984,mut_s1,detail,1,92,OPIXMYPGGYYGRV-PKSOQXRJNA-N,-7.842
IGF1R,s_TYR984,mut_s1,detail,1,93,ASWFTNOPBUOHSG-UHFFFAOYNA-N,-9.209
IGF1R,s_TYR984,mut_s1,detail,1,94,YIFJQOSOEFTEHM-QWOVJGMINA-N,-7.776
IGF1R,s_TYR984,mut_s1,detail,1,95,CYRPZNLZOLVKKM-PKSOQXRJNA-N,-8.427
IGF1R,s_TYR984,mut_s1,detail,1,96,PSRSNNQFQFGFKV-QWOVJGMINA-N,-8.351
IGF1R,s_TYR984,mut_s1,detail,1,97,PSJJZUSBTGJHEC-WYUMXYHSNA-N,-6.791
IGF1R,s_TYR984,mut_s1,detail,1,98,RCTHTZYLLISDPT-VVKINWOJNA-N,-7.91
IGF1R,s_TYR984,mut_s1,detail,1,99,UNWANCHXNSSIJJ-PKSOQXRJNA-N,-7.706
IGF1R,s_TYR984,mut_s1,detail,1,100,OJBGHXIETMBPHZ-UHFFFAOYNA-N,-7.38
IGF1R,s_TYR984,mut_s1,detail,1,101,KNDRDFFUMNHLRJ-LILDFLRNNA-N,-8.143
IGF1R,s_TYR984,mut_s1,detail,1,102,PBGALVWBACEVEC-QWOVJGMINA-N,-8.831
IGF1R,s_TYR984,mut_s1,detail,1,103,SRLVRCUUJBEIBP-UHFFFAOYNA-N,-7.618
IGF1R,s_TYR984,mut_s1,detail,1,104,UVGHDRGQXQVMNW-UHFFFAOYNA-N,-7.176
IGF1R,s_TYR984,mut_s1,detail,1,105,YIUJUFFZJHPDAY-SDRQFZCRNA-N,-8.283
IGF1R,s_TYR984,mut_s1,detail,1,106,UYPODJSKAAJGNR-UYBDAZJANA-N,-7.916
IGF1R,s_TYR984,mut_s1,detail,1,107,YWMYHDFGDRTCPV-BXGKXWMCNA-N,-8.443
IGF1R,s_TYR984,mut_s1,detail,1,108,RPVJOFUOUDWRGV-LILDFLRNNA-N,-8.693
IGF1R,s_TYR984,mut_s1,detail,1,109,LUKGDWAOTYXHEM-XBTAAFKLNA-N,-8.139
IGF1R,s_TYR984,mut_s1,detail,1,110,CHJMEHVGESAPSR-UHFFFAOYNA-N,-7.684
IGF1R,s_TYR984,mut_s1,detail,1,111,JDZNTGMSMHYYCY-NPVYFSBINA-N,-8.828
IGF1R,s_TYR984,mut_s1,detail,1,112,CRZKGBDGHDTLNN-UHFFFAOYNA-N,-6.953
IGF1R,s_TYR984,mut_s1,detail,1,113,ALLYNSCMTRSFNH-UHFFFAOYNA-N,-8.19
IGF1R,s_TYR984,mut_s1,detail,1,114,HTVVQAPUWGNILV-PKSOQXRJNA-N,-8.088
IGF1R,s_TYR984,mut_s1,detail,1,115,HEKHUTSUFJPTQY-UHFFFAOYNA-N,-8.284
IGF1R,s_TYR984,mut_s1,detail,1,116,ZTTIICUFHXUACO-HNENSFHCNA-N,-7.315
IGF1R,s_TYR984,mut_s1,detail,1,117,GYJDRNKSYOJANZ-QVUQFMIFNA-N,-8.775
IGF1R,s_TYR984,mut_s1,detail,1,118,QSBMVUOOXXRNFY-UHFFFAOYNA-N,-8.126
IGF1R,s_TYR984,mut_s1,detail,1,119,VRMMQHDQMURNDV-PGYIFSQXNA-N,-7.223
IGF1R,s_TYR984,mut_s1,detail,1,120,FHGICQLRHVZVCW-TWSYTRIPNA-N,-9.095
IGF1R,s_TYR984,mut_s1,detail,1,121,WWZHRJDMAZBTGY-WYUMXYHSNA-N,-7.973
IGF1R,s_TYR984,mut_s1,detail,1,122,GXHBBVOBKJURCM-UHFFFAOYNA-N,-7.186
IGF1R,s_TYR984,mut_s1,detail,1,123,GKJWYULRCHAYTN-UYBDAZJANA-N,-8.311
IGF1R,s_TYR984,mut_s1,detail,1,124,LJFRBCQBJFKUBA-LILDFLRNNA-N,-9.373
IGF1R,s_TYR984,mut_s1,detail,1,125,JGJYHHGYTXVQLH-MZSCVVMKNA-N,-7.246
IGF1R,s_TYR984,mut_s1,detail,1,126,WJPDMYDDAMHBSE-UZYVYHOENA-N,-9.407
IGF1R,s_TYR984,mut_s1,detail,1,127,GVOMJEIYRXTYCN-LILDFLRNNA-N,-8.392
IGF1R,s_TYR984,mut_s1,detail,1,128,LTZVLHHIAUKGBP-LELJVTLKNA-N,-8.284
IGF1R,s_TYR984,mut_s1,detail,1,129,FIKLOQNDPSVUGH-LBOYIXSDNA-N,-7.523
IGF1R,s_TYR984,mut_s1,detail,1,130,GIEJIAIRYKSRHU-MPIMZMORNA-N,-8.499
IGF1R,s_TYR984,mut_s1,detail,1,131,XFKYWJPYYRTYBR-ODOKVQCSNA-N,-7.705
IGF1R,s_TYR984,mut_s1,detail,1,132,PKSFLOGCPXWJIU-MEDUHNTENA-N,-8.116
IGF1R,s_TYR984,mut_s1,detail,1,133,JLHJTKOPNATISN-LELJVTLKNA-N,-7.922
IGF1R,s_TYR984,mut_s1,detail,1,134,GUBNROKMFNBDBZ-GRDNDAEWNA-N,-7.935
IGF1R,s_TYR984,mut_s1,detail,1,135,KGCQIOUZEREWDG-UHFFFAOYNA-N,-7.931
IGF1R,s_TYR984,mut_s1,detail,1,136,DWDHSAAOHLDDKE-QWOVJGMINA-N,-6.952
IGF1R,s_TYR984,mut_s1,detail,1,137,XSTAWOGBOKIKIE-UKZVOYCKNA-N,-8.228
IGF1R,s_TYR984,mut_s1,detail,1,138,OWXORKPNCHJYOF-JFRKDZMVNA-N,-8.539
IGF1R,s_TYR984,mut_s1,detail,1,139,MQOILMOKFLJWRN-KYCGMZMQNA-N,-8.935
IGF1R,s_TYR984,mut_s1,detail,1,140,BJROQKFYPRCGFD-LQFNOIFHNA-N,-8.77
IGF1R,s_TYR984,mut_s1,detail,1,141,PLWVUIRWJVKSSD-XBXARRHUNA-N,-7.727
IGF1R,s_TYR984,mut_s1,detail,1,142,HFWSIVHELHSGJY-JJIBRWJFNA-N,-7.359
IGF1R,s_TYR984,mut_s1,detail,1,143,QMHSEIOSCQWTPQ-LNNLXFCONA-N,-7.322
IGF1R,s_TYR984,mut_s1,detail,1,144,FBHVHCWHAVLWJT-OYSRHTCDNA-N,-8.074
IGF1R,s_TYR984,mut_s1,detail,1,145,CEZNOHQWEHKPJP-LQFNOIFHNA-N,-9.053
IGF1R,s_TYR984,mut_s1,detail,1,146,KOFRNRJMKWZBMR-RVJKNMGLNA-N,-7.353
IGF1R,s_TYR984,mut_s1,detail,1,147,PGPPCCZSDRAQKA-SYZQJQIINA-N,-7.243
IGF1R,s_TYR984,mut_s1,detail,1,148,VGUBMLBOECHPGN-MHEVPKQANA-N,-8.763
IGF1R,s_TYR984,mut_s1,detail,1,149,PCORSCGAGFGSSR-UHFFFAOYNA-N,-6.214
IGF1R,s_TYR984,mut_s1,detail,1,150,JGNCAWPKZCFGOI-BXGKXWMCNA-N,-9.598
IGF1R,s_TYR984,mut_s1,detail,1,151,ULONVLUMOUFCID-LNNLXFCONA-N,-9.206
IGF1R,s_TYR984,mut_s1,detail,1,152,HCPHOPNEKKCOEN-LNNLXFCONA-N,-8.436
IGF1R,s_TYR984,mut_s1,detail,1,153,OMJCCYYNBCJNOL-FVAMHUBNNA-N,-8.159
IGF1R,s_TYR984,mut_s1,detail,1,154,SZUCFANUUBSCPX-PJQSKVNONA-N,-9.148
IGF1R,s_TYR984,mut_s1,detail,1,155,QHLRKDSRGUZHSH-UHFFFAOYNA-N,-7.516
IGF1R,s_TYR984,mut_s1,detail,1,156,QUFUFSGGBADBIH-UHFFFAOYNA-N,-7.933
IGF1R,s_TYR984,mut_s1,detail,1,157,WPBGBXPZNCPYQB-UHFFFAOYNA-N,-8.189
IGF1R,s_TYR984,mut_s1,detail,1,158,BXVSKXWPXKQTOL-UHFFFAOYNA-N,-7.4
IGF1R,s_TYR984,mut_s1,detail,1,159,WNELYPHBVMGNQP-UHFFFAOYNA-N,-8.681
IGF1R,s_TYR984,mut_s1,detail,1,160,POOIONRPVWIUHF-LQFNOIFHNA-N,-7.937
IGF1R,s_TYR984,mut_s1,detail,1,161,NZPQBADYZFTGOT-UHFFFAOYNA-N,-7.836
IGF1R,s_TYR984,mut_s1,detail,1,162,MAOZUYDDGGFCKF-WFELUYCUNA-N,-7.753
IGF1R,s_TYR984,mut_s1,detail,1,163,PEANHJHNIYISMY-UHFFFAOYNA-N,-8.471
IGF1R,s_TYR984,mut_s1,detail,1,164,ABFVBWQMBVYWMV-UHFFFAOYNA-N,-7.731
IGF1R,s_TYR984,mut_s1,detail,1,165,UMUOTXHWTLGGIP-QWOVJGMINA-N,-8.609
IGF1R,s_TYR984,mut_s1,detail,1,166,NYVXKWVMQVVBRC-QWOVJGMINA-N,-7.869
IGF1R,s_TYR984,mut_s1,detail,1,167,OVGDAEHQLCSRDI-UHFFFAOYNA-N,-6.86
IGF1R,s_TYR984,mut_s1,detail,1,168,BZXWWWGSEIRPLV-UHFFFAOYNA-N,-7.085
IGF1R,s_TYR984,mut_s1,detail,1,169,FXGKAQHXFGXOPR-UHFFFAOYNA-N,-9.001
IGF1R,s_TYR984,mut_s1,detail,1,170,HVIXAPJIOPIFIY-UHFFFAOYNA-N,-6.366
IGF1R,s_TYR984,mut_s1,detail,1,171,LIRQEBOXUUPWJJ-LNNLXFCONA-N,-8.403
IGF1R,s_TYR984,mut_s1,detail,1,172,ZDIIOUBKRSIUED-LQFNOIFHNA-N,-8.234
IGF1R,s_TYR984,mut_s1,detail,1,173,LTWUSAKSGJMCRY-UHFFFAOYNA-N,-8.538
IGF1R,s_TYR984,mut_s1,detail,1,174,PNDIKCGLYJOYIK-UYBDAZJANA-N,-8.222
IGF1R,s_TYR984,mut_s1,detail,1,175,MGSHIAIRIYECSG-MPIMZMORNA-N,-7.98
IGF1R,s_TYR984,mut_s1,detail,1,176,MVWYIUZSZIETFZ-KYUNMXQPNA-N,-8.146
IGF1R,s_TYR984,mut_s1,detail,1,177,XGTOSEODMLDCBR-UHFFFAOYNA-N,-8.031
IGF1R,s_TYR984,mut_s1,detail,1,178,NYHRLEZMHRGFLZ-UYBDAZJANA-N,-8.065
IGF1R,s_TYR984,mut_s1,detail,1,179,KZGNFRGGQVBHRV-UHFFFAOYNA-N,-8.302
IGF1R,s_TYR984,mut_s1,detail,1,180,SXXXSTPMDGKOCH-LQFNOIFHNA-N,-8.992
IGF1R,s_TYR984,mut_s1,detail,1,181,VJGFWNZWHKBDNN-HPHMPNDVNA-N,-7.298
IGF1R,s_TYR984,mut_s1,detail,1,182,SBLZEXLDNURADT-LELJVTLKNA-N,-7.029
IGF1R,s_TYR984,mut_s1,detail,1,183,OINVQDVVQWTWJM-YNGZFIAGNA-N,-8.307
IGF1R,s_TYR984,mut_s1,detail,1,184,RJZHELXWHJKNAM-NPVYFSBINA-N,-7.616
IGF1R,s_TYR984,mut_s1,detail,1,185,MAXGWTGCLOXELV-UHFFFAOYNA-N,-9.226
IGF1R,s_TYR984,mut_s1,detail,1,186,PNHBRYIAJCYNDA-VQCQRNETNA-N,-10.729
IGF1R,s_TYR984,mut_s1,detail,1,187,QGZIKUYIROAFSE-QWOVJGMINA-N,-7.805
IGF1R,s_TYR984,mut_s1,detail,1,188,QTIJDOJTNOHQTC-WQGACYEGNA-N,-7.473
IGF1R,s_TYR984,mut_s1,detail,1,189,OMLLGNQJKXQVKT-TUXCJRKWNA-N,-8.707
IGF1R,s_TYR984,mut_s1,detail,1,190,FNLHLKPQZWPTTK-UHFFFAOYNA-N,-8.471
IGF1R,s_TYR984,mut_s1,detail,1,191,XBPLTFIKHVYSDD-UHFFFAOYNA-N,-9.209
IGF1R,s_TYR984,mut_s1,detail,1,192,VEXPKIRCYBYITI-BEFZCSJLNA-N,-10.307
IGF1R,s_TYR984,mut_s1,detail,1,193,WDVQKHWASUJMRH-LNNLXFCONA-N,-8.452
IGF1R,s_TYR984,mut_s1,detail,1,194,DAUHEXDIKFZUFM-BZCDMSEBNA-N,-8.221
IGF1R,s_TYR984,mut_s1,detail,1,195,HCFHHWIWTWPKFH-UHFFFAOYNA-N,-8.045
IGF1R,s_TYR984,mut_s1,detail,1,196,PIFJHAXQZFBLCQ-ZVBCKELPNA-N,-9.08
IGF1R,s_TYR984,mut_s1,detail,1,197,CGBYUWXVJWRJIR-LLJNPURJNA-N,-7.745
IGF1R,s_TYR984,mut_s1,detail,1,198,CLHNZVNBTRJSNX-NSJMMFDCNA-N,-8.555
IGF1R,s_TYR984,mut_s1,detail,1,199,JKMJQRRLCJXPOK-SREBMQDQNA-N,-8.567
IGF1R,s_TYR984,mut_s1,detail,1,200,HHXLRWIDFFFFKX-LELJVTLKNA-N,-7.71
IGF1R,s_TYR984,mut_s1,detail,1,201,BZCFDJGFEXLRFA-NYHNBARNNA-N,-8.966
IGF1R,s_TYR984,mut_s1,detail,1,202,IEZNLWGERBHQJK-KEAFGAQVNA-N,-10.053
IGF1R,s_TYR984,mut_s1,detail,1,203,ZBJYTLVBCAOWHI-PKRZOPRNNA-N,-6.597
IGF1R,s_TYR984,mut_s1,detail,1,204,FGMQRSXQOIDDJD-PKRZOPRNNA-N,-7.414
IGF1R,s_TYR984,mut_s1,detail,1,205,XDGHTBHPIPZHLJ-KMZMRBKQNA-N,-9.857
IGF1R,s_TYR984,mut_s1,detail,1,206,WSGZHZGDPVCVHF-UHFFFAOYNA-N,-9.958
IGF1R,s_TYR984,mut_s1,detail,1,207,HXWAXUQSZMRTTE-YLBMWQQONA-N,-7.689
IGF1R,s_TYR984,mut_s1,detail,1,208,FCZVXTBFAYFUHQ-UHFFFAOYNA-N,-8.865
IGF1R,s_TYR984,mut_s1,detail,1,209,YAZOIIMRVUPEOT-DHDJHLBQNA-N,-7.799
IGF1R,s_TYR984,mut_s1,detail,1,210,KVNQZVOXEZCBRJ-PECRYQBZNA-N,-8.211
IGF1R,s_TYR984,mut_s1,detail,1,211,IYBSHHORKOCFKZ-LNNLXFCONA-N,-8.613
IGF1R,s_TYR984,mut_s1,detail,1,212,RSTMZFOEDVJAHN-OXBUWGKVNA-N,-8.187
IGF1R,s_TYR984,mut_s1,detail,1,213,NYWCANYSFKVUNN-UHFFFAOYNA-N,-6.986
IGF1R,s_TYR984,mut_s1,detail,1,214,XFQNPVRVZXSQSI-IVGLCWOSNA-N,-8.873
IGF1R,s_TYR984,mut_s1,detail,1,215,HXGZQYVBZUMUDK-HXTKINSTNA-N,-8.261
IGF1R,s_TYR984,mut_s1,detail,1,216,BKWBUUYCHYLRLF-NSJMMFDCNA-N,-6.543
IGF1R,s_TYR984,mut_s1,detail,1,217,JRRKWFRTDFOWAB-XDUJAMRANA-N,-8.136
IGF1R,s_TYR984,mut_s1,detail,1,218,FPOLFSCTFRBBHI-QGZVFWFLNA-N,-8.601
IGF1R,s_TYR984,mut_s1,detail,1,219,RPPDOGWFJZOEQX-LVWGJNHUNA-N,-6.594
IGF1R,s_TYR984,mut_s1,detail,1,220,JYOPBQURUBDKLK-LELJVTLKNA-N,-8.629
IGF1R,s_TYR984,mut_s1,detail,1,221,LNENLABLFGGAFF-INUABGGHNA-N,-9.069
IGF1R,s_TYR984,mut_s1,detail,1,222,BAQVKFUOCGTGBI-FCDIKQFGNA-N,-7.299
IGF1R,s_TYR984,mut_s1,detail,1,223,SYJAKTNXXAWUQU-BYGYBERANA-N,-8.457
IGF1R,s_TYR984,mut_s1,detail,1,224,KCFZFOHSAGLLGQ-LUBWAWCANA-N,-8.615
IGF1R,s_TYR984,mut_s1,detail,1,225,LDJWHJQMWPYZLV-WHDAICOONA-N,-8.324
IGF1R,s_TYR984,mut_s1,detail,1,226,AXUDSCZCBZMENI-UHFFFAOYNA-N,-8.327
IGF1R,s_TYR984,mut_s1,detail,1,227,DDXHLMOKYYMXTK-OBAATPRFNA-N,-7.806
IGF1R,s_TYR984,mut_s1,detail,1,228,KTOSTKQYNJBYHF-PKOBYXMFNA-N,-8.692
IGF1R,s_TYR984,mut_s1,detail,1,229,ZCFWJPJEBJVXTO-UHFFFAOYNA-N,-8.679
IGF1R,s_TYR984,mut_s1,detail,1,230,NJVFOFMHUJJIMB-UHFFFAOYNA-N,-7.546
IGF1R,s_TYR984,mut_s1,detail,1,231,XUEQVOGPWKWKNT-XBXBPLPCNA-N,-8.109
IGF1R,s_TYR984,mut_s1,detail,1,232,MLFYMBALEIQTEJ-LBOYIXSDNA-N,-8.437
IGF1R,s_TYR984,mut_s1,detail,1,233,AETJFEZDSLASSU-XTEPFMGCNA-N,-7.773
IGF1R,s_TYR984,mut_s1,detail,1,234,GSNNWCVFRNINCY-UHFFFAOYNA-N,-8.523
IGF1R,s_TYR984,mut_s1,detail,1,235,UIHGNJALPXKJRE-UHFFFAOYNA-N,-8.923
IGF1R,s_TYR984,mut_s1,detail,1,236,BBUDWIYSLGTZTQ-SGMUJJOCNA-N,-8.113
IGF1R,s_TYR984,mut_s1,detail,1,237,CBYYNSKRRKXPFV-LELJVTLKNA-N,-7.784
IGF1R,s_TYR984,mut_s1,detail,1,238,NMFTXZYZNCQGNR-MTTPVDACNA-N,-9.555
IGF1R,s_TYR984,mut_s1,detail,1,239,QTKARDGAUMDUCL-LAEKOWRLNA-N,-8.508
IGF1R,s_TYR984,mut_s1,detail,1,240,VNEQUOUVFXAVMH-SANMLTNENA-N,-7.607
IGF1R,s_TYR984,mut_s1,detail,1,241,IJPPTSNWQLJFSU-LNNLXFCONA-N,-8.505
IGF1R,s_TYR984,mut_s1,detail,1,242,DJQIFFIREHYQCT-OSPHWJPCNA-N,-8.603
IGF1R,s_TYR984,mut_s1,detail,1,243,KOZFSFOOLUUIGY-SLMOLSELNA-N,-9.285
IGF1R,s_TYR984,mut_s1,detail,1,244,WILPFKVTYXJQQV-ZMCXWUQGNA-N,-7.983
IGF1R,s_TYR984,mut_s1,detail,1,245,NZELHCGEQZMIBB-UHFFFAOYNA-N,-9.242
IGF1R,s_TYR984,mut_s1,detail,1,246,VKGWONFLJDZUKM-NSJMMFDCNA-N,-8.299
IGF1R,s_TYR984,mut_s1,detail,1,247,XUHSVEXCUONJNQ-PMERELPUNA-N,-8.047
IGF1R,s_TYR984,mut_s1,detail,1,248,ZFOAPODMCDEDHA-UHFFFAOYNA-N,-9.388
IGF1R,s_TYR984,mut_s1,detail,1,249,PZCSJBQJENRLHD-ULJJZXAINA-N,-8.061
IGF1R,s_TYR984,mut_s1,detail,1,250,IOSLXICJNAAKOP-ZFJUVRDGNA-N,-8.538
IGF1R,s_TYR984,mut_s1,detail,1,251,HUDCDZLLNLJTEW-RBSQRGBYNA-N,-8.671
IGF1R,s_TYR984,mut_s1,detail,1,252,IKUATMHYCWRCHC-XUIBWRPBNA-N,-9.835
IGF1R,s_TYR984,mut_s1,detail,1,253,HCEYJYMNIQHPPK-WKJNMVSGNA-N,-8.944
IGF1R,s_TYR984,mut_s1,detail,1,254,ZLEIPSPWAZJWJP-DHDJHLBQNA-N,-8.526
IGF1R,s_TYR984,mut_s1,detail,1,255,ZKDQUBKHXMXRRH-KUWNNRQRNA-N,-8.344
IGF1R,f_GLU1246,mut_s1,detail,1,0,QGXBDMJGAMFCBF-WRZMNKJANA-N,-8.638
IGF1R,f_GLU1246,mut_s1,detail,1,1,XZORRJGRPUBUJO-UHFFFAOYNA-N,-6.371
IGF1R,f_GLU1246,mut_s1,detail,1,2,RIOOLQVLOZQLQJ-CYBMUJFWNA-N,-6.421
IGF1R,f_GLU1246,mut_s1,detail,1,3,JMAMZIYMGUDBDZ-YAQRNVERNA-N,-6.559
IGF1R,f_GLU1246,mut_s1,detail,1,4,SOHFVFXITPDEDK-GMNMMWFNNA-N,-7.197
IGF1R,f_GLU1246,mut_s1,detail,1,5,HQPUBFWUNXGPNP-FECSGLDJNA-N,-6.416
IGF1R,f_GLU1246,mut_s1,detail,1,6,URSPNXKDALRRBJ-FQFUPTBWNA-N,-7.419
IGF1R,f_GLU1246,mut_s1,detail,1,7,MALHKRCDHFAKIM-GPQMBLKYNA-N,-7.294
IGF1R,f_GLU1246,mut_s1,detail,1,8,VDGCRTGHEWIBAL-YAQRNVERNA-N,-6.953
IGF1R,f_GLU1246,mut_s1,detail,1,9,VOWBZMVBYGELAY-UHFFFAOYNA-N,-7.302
IGF1R,f_GLU1246,mut_s1,detail,1,10,GKBJOMPRUSWVJA-UHFFFAOYNA-N,-6.72
IGF1R,f_GLU1246,mut_s1,detail,1,11,RQLXWVPRGJJWEK-BFHABQRXNA-N,-7.212
IGF1R,f_GLU1246,mut_s1,detail,1,12,OQWMEUSTXXVVIU-NWANDNLSNA-N,-5.826
IGF1R,f_GLU1246,mut_s1,detail,1,13,SVIIYVRLTJRIIR-UHFFFAOYNA-N,-6.632
IGF1R,f_GLU1246,mut_s1,detail,1,14,XIQVFMHGZHWKNA-LILDFLRNNA-N,-7.9
IGF1R,f_GLU1246,mut_s1,detail,1,15,ABQUFQQMQCPHOH-NCWAPJAINA-N,-7.044
IGF1R,f_GLU1246,mut_s1,detail,1,16,BNGLUFUDMHHURB-UYBDAZJANA-N,-7.787
IGF1R,f_GLU1246,mut_s1,detail,1,17,JXAGPFSGJKRKBY-UHFFFAOYNA-N,-7.613
IGF1R,f_GLU1246,mut_s1,detail,1,18,DINPOPQNCDTVPQ-YGPBECBDNA-N,-7.063
IGF1R,f_GLU1246,mut_s1,detail,1,19,FUMDYIGQJOCQBC-UHFFFAOYNA-N,-7.539
IGF1R,f_GLU1246,mut_s1,detail,1,20,GLEVLJDDWXEYCO-WYUMXYHSNA-N,-7.479
IGF1R,f_GLU1246,mut_s1,detail,1,21,PWCMYVJXHPBJNZ-FSHPWJEWNA-N,-6.507
IGF1R,f_GLU1246,mut_s1,detail,1,22,CLPZQGXGPKJOMN-XWKXFZRBNA-N,-6.651
IGF1R,f_GLU1246,mut_s1,detail,1,23,UFUOEKYHBCFTGW-RWJRRMEYNA-N,-6.937
IGF1R,f_GLU1246,mut_s1,detail,1,24,CMNIOKDUTCZQJB-NDKGDYFDNA-N,-6.528
IGF1R,f_GLU1246,mut_s1,detail,1,25,ZVNPQHHQIVQYPI-ZHACJKMWNA-N,-8.858
IGF1R,f_GLU1246,mut_s1,detail,1,26,HHPYZGCOAAJZTN-NKWLYDBFNA-N,-7.534
IGF1R,f_GLU1246,mut_s1,detail,1,27,ANYSYRVXKLTFPB-UHFFFAOYNA-N,-7.613
IGF1R,f_GLU1246,mut_s1,detail,1,28,JISYUXULRDZARX-HCKMINDGNA-N,-7.455
IGF1R,f_GLU1246,mut_s1,detail,1,29,VTLWDCDAVLVOHR-HCKMINDGNA-N,-8.344
IGF1R,f_GLU1246,mut_s1,detail,1,30,BBMWNEXSYXLWEO-WYUMXYHSNA-N,-6.004
IGF1R,f_GLU1246,mut_s1,detail,1,31,WZGCZUAYIBWZAN-YHSKDTNENA-N,-7.341
IGF1R,f_GLU1246,mut_s1,detail,1,32,RVNORUCXEIIROU-UHFFFAOYNA-N,-8.065
IGF1R,f_GLU1246,mut_s1,detail,1,33,ZTJZVOMEMRNYKF-JSGPKCTENA-N,-6.472
IGF1R,f_GLU1246,mut_s1,detail,1,34,WQKOQOZXZQJNRC-GPQMBLKYNA-N,-8.132
IGF1R,f_GLU1246,mut_s1,detail,1,35,WKLBCLNIAGUINH-GAJRPKRDNA-N,-6.233
IGF1R,f_GLU1246,mut_s1,detail,1,36,ZVOVGLCUMDQIHF-VPQZEOPVNA-N,-6.693
IGF1R,f_GLU1246,mut_s1,detail,1,37,UGKZABQBFUBOFG-WDFGQQGSNA-N,-6.843
IGF1R,f_GLU1246,mut_s1,detail,1,38,RTJRNIJPLOVJLH-WYUMXYHSNA-N,-6.905
IGF1R,f_GLU1246,mut_s1,detail,1,39,MUJCQGFFHCARCQ-UYBDAZJANA-N,-9.191
IGF1R,f_GLU1246,mut_s1,detail,1,40,FZSPJBYOKQPKCD-VIFPVBQENA-N,-6.232
IGF1R,f_GLU1246,mut_s1,detail,1,41,RWPHPOMFTPAOAS-JLGFQASFNA-N,-7.705
IGF1R,f_GLU1246,mut_s1,detail,1,42,ZXVNJVRABSCRGU-GPQMBLKYNA-N,-7.678
IGF1R,f_GLU1246,mut_s1,detail,1,43,KZAOEMMZRGEBST-OOGKJWBGNA-N,-7.763
IGF1R,f_GLU1246,mut_s1,detail,1,44,NEIVPRTZAHUZEA-WYUMXYHSNA-N,-6.389
IGF1R,f_GLU1246,mut_s1,detail,1,45,PYKJFEPAUKAXNN-UHFFFAOYNA-N,-7.462
IGF1R,f_GLU1246,mut_s1,detail,1,46,BPUNDQLKPUIGBR-GPQMBLKYNA-N,-6.959
IGF1R,f_GLU1246,mut_s1,detail,1,47,WDFLSTQJUFMIIW-UHFFFAOYNA-N,-7.732
IGF1R,f_GLU1246,mut_s1,detail,1,48,BJLQEYLWUSSEKH-CMPMBVLYNA-N,-7.451
IGF1R,f_GLU1246,mut_s1,detail,1,49,HZUGIOKMHRUHMF-ADJYBIKJNA-N,-7.448
IGF1R,f_GLU1246,mut_s1,detail,1,50,PBWQQQLCZDQSET-XWKXFZRBNA-N,-6.566
IGF1R,f_GLU1246,mut_s1,detail,1,51,ISSLSGLIFQSYJA-HCKMINDGNA-N,-7.824
IGF1R,f_GLU1246,mut_s1,detail,1,52,OAXDEJIQWHXCJI-UHFFFAOYNA-N,-6.586
IGF1R,f_GLU1246,mut_s1,detail,1,53,BCJVFDDJSOEKKQ-UHFFFAOYNA-N,-7.164
IGF1R,f_GLU1246,mut_s1,detail,1,54,QFJGCDWXDUDFAD-UHFFFAOYNA-N,-8.867
IGF1R,f_GLU1246,mut_s1,detail,1,55,JVBGNPPYXIWVPH-WYCIUFAENA-N,-5.372
IGF1R,f_GLU1246,mut_s1,detail,1,56,BYJAVTDNIXVSPW-YHMJCDSINA-N,-6.665
IGF1R,f_GLU1246,mut_s1,detail,1,57,MQGMUPFWCDYDFO-UHFFFAOYNA-N,-7.316
IGF1R,f_GLU1246,mut_s1,detail,1,58,OACAJASVXJLTAT-UHFFFAOYNA-N,-7.165
IGF1R,f_GLU1246,mut_s1,detail,1,59,AQSGGOLDOQGOAO-FNCQTZNRNA-N,-6.58
IGF1R,f_GLU1246,mut_s1,detail,1,60,SOBHKZHLCOJHTI-YHMJCDSINA-N,-7.723
IGF1R,f_GLU1246,mut_s1,detail,1,61,NUFCOZJTDHUROG-PKGMMKRDNA-N,-6.862
IGF1R,f_GLU1246,mut_s1,detail,1,62,KZTOUMBNPVCTLR-GFJIPZKJNA-N,-8.657
IGF1R,f_GLU1246,mut_s1,detail,1,63,CLEMZXMGJNNUTH-LILDFLRNNA-N,-8.832
IGF1R,f_GLU1246,mut_s1,detail,1,64,MXRJUMCOVVUCLC-UHFFFAOYNA-N,-8.385
IGF1R,f_GLU1246,mut_s1,detail,1,65,HZDIAENSPHDHRS-UHFFFAOYNA-N,-7.586
IGF1R,f_GLU1246,mut_s1,detail,1,66,CHDODAJYQOTMTK-PKSOQXRJNA-N,-8.396
IGF1R,f_GLU1246,mut_s1,detail,1,67,VRFRJWXCOPEIII-QWOVJGMINA-N,-7.962
IGF1R,f_GLU1246,mut_s1,detail,1,68,WTOLVFBACFWUSN-QGOAFFKANA-N,-8.591
IGF1R,f_GLU1246,mut_s1,detail,1,69,KDJZDSPTXVFGOF-NPVYFSBINA-N,-8.613
IGF1R,f_GLU1246,mut_s1,detail,1,70,MUXXNOOBECTQPY-UHFFFAOYNA-N,-6.847
IGF1R,f_GLU1246,mut_s1,detail,1,71,OBUUPTPELQALTE-UYBDAZJANA-N,-6.932
IGF1R,f_GLU1246,mut_s1,detail,1,72,FKOXOEKZVRISIU-NPVYFSBINA-N,-7.682
IGF1R,f_GLU1246,mut_s1,detail,1,73,ZOKNKPRORGNRMQ-BXBDENJDNA-N,-7.465
IGF1R,f_GLU1246,mut_s1,detail,1,74,KWJAZTNSKVNVEC-UHFFFAOYNA-N,-7.378
IGF1R,f_GLU1246,mut_s1,detail,1,75,RPBVHEVTQXVWDL-NGZNMCPLNA-N,-8.774
IGF1R,f_GLU1246,mut_s1,detail,1,76,ZSKKLMIULIVRSI-QWOVJGMINA-N,-7.559
IGF1R,f_GLU1246,mut_s1,detail,1,77,VLKGZJJKNXFENI-LILDFLRNNA-N,-7.73
IGF1R,f_GLU1246,mut_s1,detail,1,78,NCKZVQLIUXCUQF-UHFFFAOYNA-N,-7.327
IGF1R,f_GLU1246,mut_s1,detail,1,79,TYYOBUBDDDDKPC-UHFFFAOYNA-N,-8.091
IGF1R,f_GLU1246,mut_s1,detail,1,80,AQMRDIZFWYYMBQ-QWOVJGMINA-N,-8.879
IGF1R,f_GLU1246,mut_s1,detail,1,81,IVRPZSQLORCONO-UHFFFAOYNA-N,-8.233
IGF1R,f_GLU1246,mut_s1,detail,1,82,IRNFLRZZSCRLSQ-NPVYFSBINA-N,-8.291
IGF1R,f_GLU1246,mut_s1,detail,1,83,UUMBQVLEWSWSOO-GPQMBLKYNA-N,-8.974
IGF1R,f_GLU1246,mut_s1,detail,1,84,ASCHVCPAOUSKIZ-GPQMBLKYNA-N,-8.619
IGF1R,f_GLU1246,mut_s1,detail,1,85,NVGGHEIBFBOAHY-UHFFFAOYNA-N,-8.813
IGF1R,f_GLU1246,mut_s1,detail,1,86,JIOIPFWJCUUZEU-PKSOQXRJNA-N,-8.046
IGF1R,f_GLU1246,mut_s1,detail,1,87,RGAJQRZKKQXIEQ-XBTAAFKLNA-N,-5.948
IGF1R,f_GLU1246,mut_s1,detail,1,88,DOVBELPPXZSOPX-UHFFFAOYNA-N,-8.233
IGF1R,f_GLU1246,mut_s1,detail,1,89,VFOWTBWNNOVCPH-WJDWOHSUNA-N,-7.875
IGF1R,f_GLU1246,mut_s1,detail,1,90,HKWNGVFHUCRTTQ-QVUQFMIFNA-N,-8.624
IGF1R,f_GLU1246,mut_s1,detail,1,91,VPMBMFYJJPEBKS-XBTAAFKLNA-N,-8.481
IGF1R,f_GLU1246,mut_s1,detail,1,92,OPIXMYPGGYYGRV-PKSOQXRJNA-N,-7.834
IGF1R,f_GLU1246,mut_s1,detail,1,93,ASWFTNOPBUOHSG-UHFFFAOYNA-N,-9.113
IGF1R,f_GLU1246,mut_s1,detail,1,94,YIFJQOSOEFTEHM-QWOVJGMINA-N,-7.769
IGF1R,f_GLU1246,mut_s1,detail,1,95,CYRPZNLZOLVKKM-PKSOQXRJNA-N,-8.831
IGF1R,f_GLU1246,mut_s1,detail,1,96,PSRSNNQFQFGFKV-QWOVJGMINA-N,-8.506
IGF1R,f_GLU1246,mut_s1,detail,1,97,PSJJZUSBTGJHEC-WYUMXYHSNA-N,-7.056
IGF1R,f_GLU1246,mut_s1,detail,1,98,RCTHTZYLLISDPT-VVKINWOJNA-N,-8.154
IGF1R,f_GLU1246,mut_s1,detail,1,99,UNWANCHXNSSIJJ-PKSOQXRJNA-N,-8.044
IGF1R,f_GLU1246,mut_s1,detail,1,100,OJBGHXIETMBPHZ-UHFFFAOYNA-N,-7.462
IGF1R,f_GLU1246,mut_s1,detail,1,101,KNDRDFFUMNHLRJ-LILDFLRNNA-N,-8.151
IGF1R,f_GLU1246,mut_s1,detail,1,102,PBGALVWBACEVEC-QWOVJGMINA-N,-8.838
IGF1R,f_GLU1246,mut_s1,detail,1,103,SRLVRCUUJBEIBP-UHFFFAOYNA-N,-7.776
IGF1R,f_GLU1246,mut_s1,detail,1,104,UVGHDRGQXQVMNW-UHFFFAOYNA-N,-7.16
IGF1R,f_GLU1246,mut_s1,detail,1,105,YIUJUFFZJHPDAY-SDRQFZCRNA-N,-8.347
IGF1R,f_GLU1246,mut_s1,detail,1,106,UYPODJSKAAJGNR-UYBDAZJANA-N,-8.165
IGF1R,f_GLU1246,mut_s1,detail,1,107,YWMYHDFGDRTCPV-BXGKXWMCNA-N,-7.645
IGF1R,f_GLU1246,mut_s1,detail,1,108,RPVJOFUOUDWRGV-LILDFLRNNA-N,-8.72
IGF1R,f_GLU1246,mut_s1,detail,1,109,LUKGDWAOTYXHEM-XBTAAFKLNA-N,-8.346
IGF1R,f_GLU1246,mut_s1,detail,1,110,CHJMEHVGESAPSR-UHFFFAOYNA-N,-7.99
IGF1R,f_GLU1246,mut_s1,detail,1,111,JDZNTGMSMHYYCY-NPVYFSBINA-N,-8.807
IGF1R,f_GLU1246,mut_s1,detail,1,112,CRZKGBDGHDTLNN-UHFFFAOYNA-N,-6.995
IGF1R,f_GLU1246,mut_s1,detail,1,113,ALLYNSCMTRSFNH-UHFFFAOYNA-N,-7.747
IGF1R,f_GLU1246,mut_s1,detail,1,114,HTVVQAPUWGNILV-PKSOQXRJNA-N,-8.107
IGF1R,f_GLU1246,mut_s1,detail,1,115,HEKHUTSUFJPTQY-UHFFFAOYNA-N,-8.179
IGF1R,f_GLU1246,mut_s1,detail,1,116,ZTTIICUFHXUACO-HNENSFHCNA-N,-8.153
IGF1R,f_GLU1246,mut_s1,detail,1,117,GYJDRNKSYOJANZ-QVUQFMIFNA-N,-8.912
IGF1R,f_GLU1246,mut_s1,detail,1,118,QSBMVUOOXXRNFY-UHFFFAOYNA-N,-8.151
IGF1R,f_GLU1246,mut_s1,detail,1,119,VRMMQHDQMURNDV-PGYIFSQXNA-N,-7.183
IGF1R,f_GLU1246,mut_s1,detail,1,120,FHGICQLRHVZVCW-TWSYTRIPNA-N,-9.15
IGF1R,f_GLU1246,mut_s1,detail,1,121,WWZHRJDMAZBTGY-WYUMXYHSNA-N,-8.024
IGF1R,f_GLU1246,mut_s1,detail,1,122,GXHBBVOBKJURCM-UHFFFAOYNA-N,-7.201
IGF1R,f_GLU1246,mut_s1,detail,1,123,GKJWYULRCHAYTN-UYBDAZJANA-N,-8.427
IGF1R,f_GLU1246,mut_s1,detail,1,124,LJFRBCQBJFKUBA-LILDFLRNNA-N,-9.488
IGF1R,f_GLU1246,mut_s1,detail,1,125,JGJYHHGYTXVQLH-MZSCVVMKNA-N,-6.999
IGF1R,f_GLU1246,mut_s1,detail,1,126,WJPDMYDDAMHBSE-UZYVYHOENA-N,-9.419
IGF1R,f_GLU1246,mut_s1,detail,1,127,GVOMJEIYRXTYCN-LILDFLRNNA-N,-8.278
IGF1R,f_GLU1246,mut_s1,detail,1,128,LTZVLHHIAUKGBP-LELJVTLKNA-N,-9.191
IGF1R,f_GLU1246,mut_s1,detail,1,129,FIKLOQNDPSVUGH-LBOYIXSDNA-N,-7.527
IGF1R,f_GLU1246,mut_s1,detail,1,130,GIEJIAIRYKSRHU-MPIMZMORNA-N,-8.932
IGF1R,f_GLU1246,mut_s1,detail,1,131,XFKYWJPYYRTYBR-ODOKVQCSNA-N,-7.493
IGF1R,f_GLU1246,mut_s1,detail,1,132,PKSFLOGCPXWJIU-MEDUHNTENA-N,-8.353
IGF1R,f_GLU1246,mut_s1,detail,1,133,JLHJTKOPNATISN-LELJVTLKNA-N,-7.969
IGF1R,f_GLU1246,mut_s1,detail,1,134,GUBNROKMFNBDBZ-GRDNDAEWNA-N,-7.491
IGF1R,f_GLU1246,mut_s1,detail,1,135,KGCQIOUZEREWDG-UHFFFAOYNA-N,-8.011
IGF1R,f_GLU1246,mut_s1,detail,1,136,DWDHSAAOHLDDKE-QWOVJGMINA-N,-7.285
IGF1R,f_GLU1246,mut_s1,detail,1,137,XSTAWOGBOKIKIE-UKZVOYCKNA-N,-7.635
IGF1R,f_GLU1246,mut_s1,detail,1,138,OWXORKPNCHJYOF-JFRKDZMVNA-N,-8.06
IGF1R,f_GLU1246,mut_s1,detail,1,139,MQOILMOKFLJWRN-KYCGMZMQNA-N,-9.112
IGF1R,f_GLU1246,mut_s1,detail,1,140,BJROQKFYPRCGFD-LQFNOIFHNA-N,-8.835
IGF1R,f_GLU1246,mut_s1,detail,1,141,PLWVUIRWJVKSSD-XBXARRHUNA-N,-7.527
IGF1R,f_GLU1246,mut_s1,detail,1,142,HFWSIVHELHSGJY-JJIBRWJFNA-N,-7.856
IGF1R,f_GLU1246,mut_s1,detail,1,143,QMHSEIOSCQWTPQ-LNNLXFCONA-N,-6.939
IGF1R,f_GLU1246,mut_s1,detail,1,144,FBHVHCWHAVLWJT-OYSRHTCDNA-N,-8.135
IGF1R,f_GLU1246,mut_s1,detail,1,145,CEZNOHQWEHKPJP-LQFNOIFHNA-N,-8.908
IGF1R,f_GLU1246,mut_s1,detail,1,146,KOFRNRJMKWZBMR-RVJKNMGLNA-N,-7.215
IGF1R,f_GLU1246,mut_s1,detail,1,147,PGPPCCZSDRAQKA-SYZQJQIINA-N,-7.727
IGF1R,f_GLU1246,mut_s1,detail,1,148,VGUBMLBOECHPGN-MHEVPKQANA-N,-8.475
IGF1R,f_GLU1246,mut_s1,detail,1,149,PCORSCGAGFGSSR-UHFFFAOYNA-N,-6.065
IGF1R,f_GLU1246,mut_s1,detail,1,150,JGNCAWPKZCFGOI-BXGKXWMCNA-N,-9.155
IGF1R,f_GLU1246,mut_s1,detail,1,151,ULONVLUMOUFCID-LNNLXFCONA-N,-9.173
IGF1R,f_GLU1246,mut_s1,detail,1,152,HCPHOPNEKKCOEN-LNNLXFCONA-N,-8.216
IGF1R,f_GLU1246,mut_s1,detail,1,153,OMJCCYYNBCJNOL-FVAMHUBNNA-N,-8.127
IGF1R,f_GLU1246,mut_s1,detail,1,154,SZUCFANUUBSCPX-PJQSKVNONA-N,-8.673
IGF1R,f_GLU1246,mut_s1,detail,1,155,QHLRKDSRGUZHSH-UHFFFAOYNA-N,-7.194
IGF1R,f_GLU1246,mut_s1,detail,1,156,QUFUFSGGBADBIH-UHFFFAOYNA-N,-7.761
IGF1R,f_GLU1246,mut_s1,detail,1,157,WPBGBXPZNCPYQB-UHFFFAOYNA-N,-8.874
IGF1R,f_GLU1246,mut_s1,detail,1,158,BXVSKXWPXKQTOL-UHFFFAOYNA-N,-7.789
IGF1R,f_GLU1246,mut_s1,detail,1,159,WNELYPHBVMGNQP-UHFFFAOYNA-N,-8.572
IGF1R,f_GLU1246,mut_s1,detail,1,160,POOIONRPVWIUHF-LQFNOIFHNA-N,-8.256
IGF1R,f_GLU1246,mut_s1,detail,1,161,NZPQBADYZFTGOT-UHFFFAOYNA-N,-8.194
IGF1R,f_GLU1246,mut_s1,detail,1,162,MAOZUYDDGGFCKF-WFELUYCUNA-N,-8.128
IGF1R,f_GLU1246,mut_s1,detail,1,163,PEANHJHNIYISMY-UHFFFAOYNA-N,-7.889
IGF1R,f_GLU1246,mut_s1,detail,1,164,ABFVBWQMBVYWMV-UHFFFAOYNA-N,-7.702
IGF1R,f_GLU1246,mut_s1,detail,1,165,UMUOTXHWTLGGIP-QWOVJGMINA-N,-8.786
IGF1R,f_GLU1246,mut_s1,detail,1,166,NYVXKWVMQVVBRC-QWOVJGMINA-N,-7.475
IGF1R,f_GLU1246,mut_s1,detail,1,167,OVGDAEHQLCSRDI-UHFFFAOYNA-N,-6.794
IGF1R,f_GLU1246,mut_s1,detail,1,168,BZXWWWGSEIRPLV-UHFFFAOYNA-N,-8.117
IGF1R,f_GLU1246,mut_s1,detail,1,169,FXGKAQHXFGXOPR-UHFFFAOYNA-N,-9.045
IGF1R,f_GLU1246,mut_s1,detail,1,170,HVIXAPJIOPIFIY-UHFFFAOYNA-N,-6.21
IGF1R,f_GLU1246,mut_s1,detail,1,171,LIRQEBOXUUPWJJ-LNNLXFCONA-N,-8.488
IGF1R,f_GLU1246,mut_s1,detail,1,172,ZDIIOUBKRSIUED-LQFNOIFHNA-N,-8.179
IGF1R,f_GLU1246,mut_s1,detail,1,173,LTWUSAKSGJMCRY-UHFFFAOYNA-N,-8.585
IGF1R,f_GLU1246,mut_s1,detail,1,174,PNDIKCGLYJOYIK-UYBDAZJANA-N,-8.384
IGF1R,f_GLU1246,mut_s1,detail,1,175,MGSHIAIRIYECSG-MPIMZMORNA-N,-7.932
IGF1R,f_GLU1246,mut_s1,detail,1,176,MVWYIUZSZIETFZ-KYUNMXQPNA-N,-8.264
IGF1R,f_GLU1246,mut_s1,detail,1,177,XGTOSEODMLDCBR-UHFFFAOYNA-N,-7.621
IGF1R,f_GLU1246,mut_s1,detail,1,178,NYHRLEZMHRGFLZ-UYBDAZJANA-N,-8.002
IGF1R,f_GLU1246,mut_s1,detail,1,179,KZGNFRGGQVBHRV-UHFFFAOYNA-N,-7.795
IGF1R,f_GLU1246,mut_s1,detail,1,180,SXXXSTPMDGKOCH-LQFNOIFHNA-N,-9.064
IGF1R,f_GLU1246,mut_s1,detail,1,181,VJGFWNZWHKBDNN-HPHMPNDVNA-N,-7.311
IGF1R,f_GLU1246,mut_s1,detail,1,182,SBLZEXLDNURADT-LELJVTLKNA-N,-7.875
IGF1R,f_GLU1246,mut_s1,detail,1,183,OINVQDVVQWTWJM-YNGZFIAGNA-N,-8.237
IGF1R,f_GLU1246,mut_s1,detail,1,184,RJZHELXWHJKNAM-NPVYFSBINA-N,-7.13
IGF1R,f_GLU1246,mut_s1,detail,1,185,MAXGWTGCLOXELV-UHFFFAOYNA-N,-9.207
IGF1R,f_GLU1246,mut_s1,detail,1,186,PNHBRYIAJCYNDA-VQCQRNETNA-N,-10.697
IGF1R,f_GLU1246,mut_s1,detail,1,187,QGZIKUYIROAFSE-QWOVJGMINA-N,-7.697
IGF1R,f_GLU1246,mut_s1,detail,1,188,QTIJDOJTNOHQTC-WQGACYEGNA-N,-7.446
IGF1R,f_GLU1246,mut_s1,detail,1,189,OMLLGNQJKXQVKT-TUXCJRKWNA-N,-8.455
IGF1R,f_GLU1246,mut_s1,detail,1,190,FNLHLKPQZWPTTK-UHFFFAOYNA-N,-8.517
IGF1R,f_GLU1246,mut_s1,detail,1,191,XBPLTFIKHVYSDD-UHFFFAOYNA-N,-9.17
IGF1R,f_GLU1246,mut_s1,detail,1,192,VEXPKIRCYBYITI-BEFZCSJLNA-N,-10.567
IGF1R,f_GLU1246,mut_s1,detail,1,193,WDVQKHWASUJMRH-LNNLXFCONA-N,-8.518
IGF1R,f_GLU1246,mut_s1,detail,1,194,DAUHEXDIKFZUFM-BZCDMSEBNA-N,-7.903
IGF1R,f_GLU1246,mut_s1,detail,1,195,HCFHHWIWTWPKFH-UHFFFAOYNA-N,-7.854
IGF1R,f_GLU1246,mut_s1,detail,1,196,PIFJHAXQZFBLCQ-ZVBCKELPNA-N,-8.821
IGF1R,f_GLU1246,mut_s1,detail,1,197,CGBYUWXVJWRJIR-LLJNPURJNA-N,-7.228
IGF1R,f_GLU1246,mut_s1,detail,1,198,CLHNZVNBTRJSNX-NSJMMFDCNA-N,-8.331
IGF1R,f_GLU1246,mut_s1,detail,1,199,JKMJQRRLCJXPOK-SREBMQDQNA-N,-8.574
IGF1R,f_GLU1246,mut_s1,detail,1,200,HHXLRWIDFFFFKX-LELJVTLKNA-N,-8.791
IGF1R,f_GLU1246,mut_s1,detail,1,201,BZCFDJGFEXLRFA-NYHNBARNNA-N,-9.499
IGF1R,f_GLU1246,mut_s1,detail,1,202,IEZNLWGERBHQJK-KEAFGAQVNA-N,-8.762
IGF1R,f_GLU1246,mut_s1,detail,1,203,ZBJYTLVBCAOWHI-PKRZOPRNNA-N,-7.329
IGF1R,f_GLU1246,mut_s1,detail,1,204,FGMQRSXQOIDDJD-PKRZOPRNNA-N,-7.502
IGF1R,f_GLU1246,mut_s1,detail,1,205,XDGHTBHPIPZHLJ-KMZMRBKQNA-N,-9.728
IGF1R,f_GLU1246,mut_s1,detail,1,206,WSGZHZGDPVCVHF-UHFFFAOYNA-N,-10.027
IGF1R,f_GLU1246,mut_s1,detail,1,207,HXWAXUQSZMRTTE-YLBMWQQONA-N,-8.459
IGF1R,f_GLU1246,mut_s1,detail,1,208,FCZVXTBFAYFUHQ-UHFFFAOYNA-N,-9.015
IGF1R,f_GLU1246,mut_s1,detail,1,209,YAZOIIMRVUPEOT-DHDJHLBQNA-N,-7.953
IGF1R,f_GLU1246,mut_s1,detail,1,210,KVNQZVOXEZCBRJ-PECRYQBZNA-N,-8.239
IGF1R,f_GLU1246,mut_s1,detail,1,211,IYBSHHORKOCFKZ-LNNLXFCONA-N,-8.266
IGF1R,f_GLU1246,mut_s1,detail,1,212,RSTMZFOEDVJAHN-OXBUWGKVNA-N,-8.663
IGF1R,f_GLU1246,mut_s1,detail,1,213,NYWCANYSFKVUNN-UHFFFAOYNA-N,-7.577
IGF1R,f_GLU1246,mut_s1,detail,1,214,XFQNPVRVZXSQSI-IVGLCWOSNA-N,-9.124
IGF1R,f_GLU1246,mut_s1,detail,1,215,HXGZQYVBZUMUDK-HXTKINSTNA-N,-8.333
IGF1R,f_GLU1246,mut_s1,detail,1,216,BKWBUUYCHYLRLF-NSJMMFDCNA-N,-6.379
IGF1R,f_GLU1246,mut_s1,detail,1,217,JRRKWFRTDFOWAB-XDUJAMRANA-N,-7.65
IGF1R,f_GLU1246,mut_s1,detail,1,218,FPOLFSCTFRBBHI-QGZVFWFLNA-N,-8.656
IGF1R,f_GLU1246,mut_s1,detail,1,219,RPPDOGWFJZOEQX-LVWGJNHUNA-N,-6.617
IGF1R,f_GLU1246,mut_s1,detail,1,220,JYOPBQURUBDKLK-LELJVTLKNA-N,-8.638
IGF1R,f_GLU1246,mut_s1,detail,1,221,LNENLABLFGGAFF-INUABGGHNA-N,-7.507
IGF1R,f_GLU1246,mut_s1,detail,1,222,BAQVKFUOCGTGBI-FCDIKQFGNA-N,-7.179
IGF1R,f_GLU1246,mut_s1,detail,1,223,SYJAKTNXXAWUQU-BYGYBERANA-N,-7.73
IGF1R,f_GLU1246,mut_s1,detail,1,224,KCFZFOHSAGLLGQ-LUBWAWCANA-N,-8.581
IGF1R,f_GLU1246,mut_s1,detail,1,225,LDJWHJQMWPYZLV-WHDAICOONA-N,-8.184
IGF1R,f_GLU1246,mut_s1,detail,1,226,AXUDSCZCBZMENI-UHFFFAOYNA-N,-8.324
IGF1R,f_GLU1246,mut_s1,detail,1,227,DDXHLMOKYYMXTK-OBAATPRFNA-N,-7.781
IGF1R,f_GLU1246,mut_s1,detail,1,228,KTOSTKQYNJBYHF-PKOBYXMFNA-N,-8.623
IGF1R,f_GLU1246,mut_s1,detail,1,229,ZCFWJPJEBJVXTO-UHFFFAOYNA-N,-8.649
IGF1R,f_GLU1246,mut_s1,detail,1,230,NJVFOFMHUJJIMB-UHFFFAOYNA-N,-8.063
IGF1R,f_GLU1246,mut_s1,detail,1,231,XUEQVOGPWKWKNT-XBXBPLPCNA-N,-8.373
IGF1R,f_GLU1246,mut_s1,detail,1,232,MLFYMBALEIQTEJ-LBOYIXSDNA-N,-8.479
IGF1R,f_GLU1246,mut_s1,detail,1,233,AETJFEZDSLASSU-XTEPFMGCNA-N,-7.679
IGF1R,f_GLU1246,mut_s1,detail,1,234,GSNNWCVFRNINCY-UHFFFAOYNA-N,-8.98
IGF1R,f_GLU1246,mut_s1,detail,1,235,UIHGNJALPXKJRE-UHFFFAOYNA-N,-8.246
IGF1R,f_GLU1246,mut_s1,detail,1,236,BBUDWIYSLGTZTQ-SGMUJJOCNA-N,-7.99
IGF1R,f_GLU1246,mut_s1,detail,1,237,CBYYNSKRRKXPFV-LELJVTLKNA-N,-7.861
IGF1R,f_GLU1246,mut_s1,detail,1,238,NMFTXZYZNCQGNR-MTTPVDACNA-N,-9.014
IGF1R,f_GLU1246,mut_s1,detail,1,239,QTKARDGAUMDUCL-LAEKOWRLNA-N,-8.384
IGF1R,f_GLU1246,mut_s1,detail,1,240,VNEQUOUVFXAVMH-SANMLTNENA-N,-8.076
IGF1R,f_GLU1246,mut_s1,detail,1,241,IJPPTSNWQLJFSU-LNNLXFCONA-N,-8.57
IGF1R,f_GLU1246,mut_s1,detail,1,242,DJQIFFIREHYQCT-OSPHWJPCNA-N,-9.117
IGF1R,f_GLU1246,mut_s1,detail,1,243,KOZFSFOOLUUIGY-SLMOLSELNA-N,-9.291
IGF1R,f_GLU1246,mut_s1,detail,1,244,WILPFKVTYXJQQV-ZMCXWUQGNA-N,-7.789
IGF1R,f_GLU1246,mut_s1,detail,1,245,NZELHCGEQZMIBB-UHFFFAOYNA-N,-9.163
IGF1R,f_GLU1246,mut_s1,detail,1,246,VKGWONFLJDZUKM-NSJMMFDCNA-N,-8.486
IGF1R,f_GLU1246,mut_s1,detail,1,247,XUHSVEXCUONJNQ-PMERELPUNA-N,-7.089
IGF1R,f_GLU1246,mut_s1,detail,1,248,ZFOAPODMCDEDHA-UHFFFAOYNA-N,-9.385
IGF1R,f_GLU1246,mut_s1,detail,1,249,PZCSJBQJENRLHD-ULJJZXAINA-N,-7.142
IGF1R,f_GLU1246,mut_s1,detail,1,250,IOSLXICJNAAKOP-ZFJUVRDGNA-N,-9.032
IGF1R,f_GLU1246,mut_s1,detail,1,251,HUDCDZLLNLJTEW-RBSQRGBYNA-N,-8.12
IGF1R,f_GLU1246,mut_s1,detail,1,252,IKUATMHYCWRCHC-XUIBWRPBNA-N,-9.967
IGF1R,f_GLU1246,mut_s1,detail,1,253,HCEYJYMNIQHPPK-WKJNMVSGNA-N,-8.942
IGF1R,f_GLU1246,mut_s1,detail,1,254,ZLEIPSPWAZJWJP-DHDJHLBQNA-N,-8.503
IGF1R,f_GLU1246,mut_s1,detail,1,255,ZKDQUBKHXMXRRH-KUWNNRQRNA-N,-8.737
IGF1R,m00,mut_s1,detail,1,0,QGXBDMJGAMFCBF-WRZMNKJANA-N,-8.524
IGF1R,m00,mut_s1,detail,1,1,XZORRJGRPUBUJO-UHFFFAOYNA-N,-6.132
IGF1R,m00,mut_s1,detail,1,2,RIOOLQVLOZQLQJ-CYBMUJFWNA-N,-5.959
IGF1R,m00,mut_s1,detail,1,3,JMAMZIYMGUDBDZ-YAQRNVERNA-N,-6.522
IGF1R,m00,mut_s1,detail,1,4,SOHFVFXITPDEDK-GMNMMWFNNA-N,-6.726
IGF1R,m00,mut_s1,detail,1,5,HQPUBFWUNXGPNP-FECSGLDJNA-N,-6.44
IGF1R,m00,mut_s1,detail,1,6,URSPNXKDALRRBJ-FQFUPTBWNA-N,-7.351
IGF1R,m00,mut_s1,detail,1,7,MALHKRCDHFAKIM-GPQMBLKYNA-N,-7.074
IGF1R,m00,mut_s1,detail,1,8,VDGCRTGHEWIBAL-YAQRNVERNA-N,-7.105
IGF1R,m00,mut_s1,detail,1,9,VOWBZMVBYGELAY-UHFFFAOYNA-N,-7.889
IGF1R,m00,mut_s1,detail,1,10,GKBJOMPRUSWVJA-UHFFFAOYNA-N,-6.857
IGF1R,m00,mut_s1,detail,1,11,RQLXWVPRGJJWEK-BFHABQRXNA-N,-7.189
IGF1R,m00,mut_s1,detail,1,12,OQWMEUSTXXVVIU-NWANDNLSNA-N,-6.109
IGF1R,m00,mut_s1,detail,1,13,SVIIYVRLTJRIIR-UHFFFAOYNA-N,-7.024
IGF1R,m00,mut_s1,detail,1,14,XIQVFMHGZHWKNA-LILDFLRNNA-N,-7.606
IGF1R,m00,mut_s1,detail,1,15,ABQUFQQMQCPHOH-NCWAPJAINA-N,-6.237
IGF1R,m00,mut_s1,detail,1,16,BNGLUFUDMHHURB-UYBDAZJANA-N,-7.478
IGF1R,m00,mut_s1,detail,1,17,JXAGPFSGJKRKBY-UHFFFAOYNA-N,-7.523
IGF1R,m00,mut_s1,detail,1,18,DINPOPQNCDTVPQ-YGPBECBDNA-N,-7.177
IGF1R,m00,mut_s1,detail,1,19,FUMDYIGQJOCQBC-UHFFFAOYNA-N,-7.424
IGF1R,m00,mut_s1,detail,1,20,GLEVLJDDWXEYCO-WYUMXYHSNA-N,-7.153
IGF1R,m00,mut_s1,detail,1,21,PWCMYVJXHPBJNZ-FSHPWJEWNA-N,-6.025
IGF1R,m00,mut_s1,detail,1,22,CLPZQGXGPKJOMN-XWKXFZRBNA-N,-6.981
IGF1R,m00,mut_s1,detail,1,23,UFUOEKYHBCFTGW-RWJRRMEYNA-N,-6.748
IGF1R,m00,mut_s1,detail,1,24,CMNIOKDUTCZQJB-NDKGDYFDNA-N,-6.521
IGF1R,m00,mut_s1,detail,1,25,ZVNPQHHQIVQYPI-ZHACJKMWNA-N,-8.798
IGF1R,m00,mut_s1,detail,1,26,HHPYZGCOAAJZTN-NKWLYDBFNA-N,-7.405
IGF1R,m00,mut_s1,detail,1,27,ANYSYRVXKLTFPB-UHFFFAOYNA-N,-7.019
IGF1R,m00,mut_s1,detail,1,28,JISYUXULRDZARX-HCKMINDGNA-N,-6.915
IGF1R,m00,mut_s1,detail,1,29,VTLWDCDAVLVOHR-HCKMINDGNA-N,-7.617
IGF1R,m00,mut_s1,detail,1,30,BBMWNEXSYXLWEO-WYUMXYHSNA-N,-6.064
IGF1R,m00,mut_s1,detail,1,31,WZGCZUAYIBWZAN-YHSKDTNENA-N,-6.919
IGF1R,m00,mut_s1,detail,1,32,RVNORUCXEIIROU-UHFFFAOYNA-N,-7.879
IGF1R,m00,mut_s1,detail,1,33,ZTJZVOMEMRNYKF-JSGPKCTENA-N,-6.175
IGF1R,m00,mut_s1,detail,1,34,WQKOQOZXZQJNRC-GPQMBLKYNA-N,-7.383
IGF1R,m00,mut_s1,detail,1,35,WKLBCLNIAGUINH-GAJRPKRDNA-N,-6.473
IGF1R,m00,mut_s1,detail,1,36,ZVOVGLCUMDQIHF-VPQZEOPVNA-N,-6.449
IGF1R,m00,mut_s1,detail,1,37,UGKZABQBFUBOFG-WDFGQQGSNA-N,-6.834
IGF1R,m00,mut_s1,detail,1,38,RTJRNIJPLOVJLH-WYUMXYHSNA-N,-6.785
IGF1R,m00,mut_s1,detail,1,39,MUJCQGFFHCARCQ-UYBDAZJANA-N,-8.816
IGF1R,m00,mut_s1,detail,1,40,FZSPJBYOKQPKCD-VIFPVBQENA-N,-5.712
IGF1R,m00,mut_s1,detail,1,41,RWPHPOMFTPAOAS-JLGFQASFNA-N,-7.422
IGF1R,m00,mut_s1,detail,1,42,ZXVNJVRABSCRGU-GPQMBLKYNA-N,-6.907
IGF1R,m00,mut_s1,detail,1,43,KZAOEMMZRGEBST-OOGKJWBGNA-N,-7.411
IGF1R,m00,mut_s1,detail,1,44,NEIVPRTZAHUZEA-WYUMXYHSNA-N,-6.588
IGF1R,m00,mut_s1,detail,1,45,PYKJFEPAUKAXNN-UHFFFAOYNA-N,-7.406
IGF1R,m00,mut_s1,detail,1,46,BPUNDQLKPUIGBR-GPQMBLKYNA-N,-6.887
IGF1R,m00,mut_s1,detail,1,47,WDFLSTQJUFMIIW-UHFFFAOYNA-N,-7.744
IGF1R,m00,mut_s1,detail,1,48,BJLQEYLWUSSEKH-CMPMBVLYNA-N,-7.076
IGF1R,m00,mut_s1,detail,1,49,HZUGIOKMHRUHMF-ADJYBIKJNA-N,-7.467
IGF1R,m00,mut_s1,detail,1,50,PBWQQQLCZDQSET-XWKXFZRBNA-N,-6.243
IGF1R,m00,mut_s1,detail,1,51,ISSLSGLIFQSYJA-HCKMINDGNA-N,-7.498
IGF1R,m00,mut_s1,detail,1,52,OAXDEJIQWHXCJI-UHFFFAOYNA-N,-7.226
IGF1R,m00,mut_s1,detail,1,53,BCJVFDDJSOEKKQ-UHFFFAOYNA-N,-7.222
IGF1R,m00,mut_s1,detail,1,54,QFJGCDWXDUDFAD-UHFFFAOYNA-N,-8.343
IGF1R,m00,mut_s1,detail,1,55,JVBGNPPYXIWVPH-WYCIUFAENA-N,-5.613
IGF1R,m00,mut_s1,detail,1,56,BYJAVTDNIXVSPW-YHMJCDSINA-N,-6.621
IGF1R,m00,mut_s1,detail,1,57,MQGMUPFWCDYDFO-UHFFFAOYNA-N,-7.894
IGF1R,m00,mut_s1,detail,1,58,OACAJASVXJLTAT-UHFFFAOYNA-N,-6.963
IGF1R,m00,mut_s1,detail,1,59,AQSGGOLDOQGOAO-FNCQTZNRNA-N,-6.12
IGF1R,m00,mut_s1,detail,1,60,SOBHKZHLCOJHTI-YHMJCDSINA-N,-7.381
IGF1R,m00,mut_s1,detail,1,61,NUFCOZJTDHUROG-PKGMMKRDNA-N,-6.74
IGF1R,m00,mut_s1,detail,1,62,KZTOUMBNPVCTLR-GFJIPZKJNA-N,-8.449
IGF1R,m00,mut_s1,detail,1,63,CLEMZXMGJNNUTH-LILDFLRNNA-N,-8.677
IGF1R,m00,mut_s1,detail,1,64,MXRJUMCOVVUCLC-UHFFFAOYNA-N,-8.333
IGF1R,m00,mut_s1,detail,1,65,HZDIAENSPHDHRS-UHFFFAOYNA-N,-7.112
IGF1R,m00,mut_s1,detail,1,66,CHDODAJYQOTMTK-PKSOQXRJNA-N,-7.706
IGF1R,m00,mut_s1,detail,1,67,VRFRJWXCOPEIII-QWOVJGMINA-N,-8.342
IGF1R,m00,mut_s1,detail,1,68,WTOLVFBACFWUSN-QGOAFFKANA-N,-8.533
IGF1R,m00,mut_s1,detail,1,69,KDJZDSPTXVFGOF-NPVYFSBINA-N,-9.223
IGF1R,m00,mut_s1,detail,1,70,MUXXNOOBECTQPY-UHFFFAOYNA-N,-6.959
IGF1R,m00,mut_s1,detail,1,71,OBUUPTPELQALTE-UYBDAZJANA-N,-6.856
IGF1R,m00,mut_s1,detail,1,72,FKOXOEKZVRISIU-NPVYFSBINA-N,-7.542
IGF1R,m00,mut_s1,detail,1,73,ZOKNKPRORGNRMQ-BXBDENJDNA-N,-6.875
IGF1R,m00,mut_s1,detail,1,74,KWJAZTNSKVNVEC-UHFFFAOYNA-N,-7.034
IGF1R,m00,mut_s1,detail,1,75,RPBVHEVTQXVWDL-NGZNMCPLNA-N,-8.408
IGF1R,m00,mut_s1,detail,1,76,ZSKKLMIULIVRSI-QWOVJGMINA-N,-7.503
IGF1R,m00,mut_s1,detail,1,77,VLKGZJJKNXFENI-LILDFLRNNA-N,-7.289
IGF1R,m00,mut_s1,detail,1,78,NCKZVQLIUXCUQF-UHFFFAOYNA-N,-6.833
IGF1R,m00,mut_s1,detail,1,79,TYYOBUBDDDDKPC-UHFFFAOYNA-N,-8.444
IGF1R,m00,mut_s1,detail,1,80,AQMRDIZFWYYMBQ-QWOVJGMINA-N,-8.516
IGF1R,m00,mut_s1,detail,1,81,IVRPZSQLORCONO-UHFFFAOYNA-N,-7.81
IGF1R,m00,mut_s1,detail,1,82,IRNFLRZZSCRLSQ-NPVYFSBINA-N,-8.198
IGF1R,m00,mut_s1,detail,1,83,UUMBQVLEWSWSOO-GPQMBLKYNA-N,-8.569
IGF1R,m00,mut_s1,detail,1,84,ASCHVCPAOUSKIZ-GPQMBLKYNA-N,-8.3
IGF1R,m00,mut_s1,detail,1,85,NVGGHEIBFBOAHY-UHFFFAOYNA-N,-8.864
IGF1R,m00,mut_s1,detail,1,86,JIOIPFWJCUUZEU-PKSOQXRJNA-N,-7.789
IGF1R,m00,mut_s1,detail,1,87,RGAJQRZKKQXIEQ-XBTAAFKLNA-N,-5.717
IGF1R,m00,mut_s1,detail,1,88,DOVBELPPXZSOPX-UHFFFAOYNA-N,-8.088
IGF1R,m00,mut_s1,detail,1,89,VFOWTBWNNOVCPH-WJDWOHSUNA-N,-7.503
IGF1R,m00,mut_s1,detail,1,90,HKWNGVFHUCRTTQ-QVUQFMIFNA-N,-8.916
IGF1R,m00,mut_s1,detail,1,91,VPMBMFYJJPEBKS-XBTAAFKLNA-N,-7.9
IGF1R,m00,mut_s1,detail,1,92,OPIXMYPGGYYGRV-PKSOQXRJNA-N,-8.618
IGF1R,m00,mut_s1,detail,1,93,ASWFTNOPBUOHSG-UHFFFAOYNA-N,-8.421
IGF1R,m00,mut_s1,detail,1,94,YIFJQOSOEFTEHM-QWOVJGMINA-N,-7.905
IGF1R,m00,mut_s1,detail,1,95,CYRPZNLZOLVKKM-PKSOQXRJNA-N,-8.509
IGF1R,m00,mut_s1,detail,1,96,PSRSNNQFQFGFKV-QWOVJGMINA-N,-8.966
IGF1R,m00,mut_s1,detail,1,97,PSJJZUSBTGJHEC-WYUMXYHSNA-N,-7.384
IGF1R,m00,mut_s1,detail,1,98,RCTHTZYLLISDPT-VVKINWOJNA-N,-8.725
IGF1R,m00,mut_s1,detail,1,99,UNWANCHXNSSIJJ-PKSOQXRJNA-N,-8.259
IGF1R,m00,mut_s1,detail,1,100,OJBGHXIETMBPHZ-UHFFFAOYNA-N,-7.247
IGF1R,m00,mut_s1,detail,1,101,KNDRDFFUMNHLRJ-LILDFLRNNA-N,-8.272
IGF1R,m00,mut_s1,detail,1,102,PBGALVWBACEVEC-QWOVJGMINA-N,-9.679
IGF1R,m00,mut_s1,detail,1,103,SRLVRCUUJBEIBP-UHFFFAOYNA-N,-7.832
IGF1R,m00,mut_s1,detail,1,104,UVGHDRGQXQVMNW-UHFFFAOYNA-N,-7.503
IGF1R,m00,mut_s1,detail,1,105,YIUJUFFZJHPDAY-SDRQFZCRNA-N,-8.001
IGF1R,m00,mut_s1,detail,1,106,UYPODJSKAAJGNR-UYBDAZJANA-N,-7.914
IGF1R,m00,mut_s1,detail,1,107,YWMYHDFGDRTCPV-BXGKXWMCNA-N,-8.491
IGF1R,m00,mut_s1,detail,1,108,RPVJOFUOUDWRGV-LILDFLRNNA-N,-8.555
IGF1R,m00,mut_s1,detail,1,109,LUKGDWAOTYXHEM-XBTAAFKLNA-N,-8.832
IGF1R,m00,mut_s1,detail,1,110,CHJMEHVGESAPSR-UHFFFAOYNA-N,-8.931
IGF1R,m00,mut_s1,detail,1,111,JDZNTGMSMHYYCY-NPVYFSBINA-N,-8.376
IGF1R,m00,mut_s1,detail,1,112,CRZKGBDGHDTLNN-UHFFFAOYNA-N,-7.075
IGF1R,m00,mut_s1,detail,1,113,ALLYNSCMTRSFNH-UHFFFAOYNA-N,-7.707
IGF1R,m00,mut_s1,detail,1,114,HTVVQAPUWGNILV-PKSOQXRJNA-N,-8.546
IGF1R,m00,mut_s1,detail,1,115,HEKHUTSUFJPTQY-UHFFFAOYNA-N,-8.721
IGF1R,m00,mut_s1,detail,1,116,ZTTIICUFHXUACO-HNENSFHCNA-N,-6.843
IGF1R,m00,mut_s1,detail,1,117,GYJDRNKSYOJANZ-QVUQFMIFNA-N,-8.672
IGF1R,m00,mut_s1,detail,1,118,QSBMVUOOXXRNFY-UHFFFAOYNA-N,-8.424
IGF1R,m00,mut_s1,detail,1,119,VRMMQHDQMURNDV-PGYIFSQXNA-N,-6.793
IGF1R,m00,mut_s1,detail,1,120,FHGICQLRHVZVCW-TWSYTRIPNA-N,-7.091
IGF1R,m00,mut_s1,detail,1,121,WWZHRJDMAZBTGY-WYUMXYHSNA-N,-7.576
IGF1R,m00,mut_s1,detail,1,122,GXHBBVOBKJURCM-UHFFFAOYNA-N,-7.347
IGF1R,m00,mut_s1,detail,1,123,GKJWYULRCHAYTN-UYBDAZJANA-N,-8.207
IGF1R,m00,mut_s1,detail,1,124,LJFRBCQBJFKUBA-LILDFLRNNA-N,-9.059
IGF1R,m00,mut_s1,detail,1,125,JGJYHHGYTXVQLH-MZSCVVMKNA-N,-6.58
IGF1R,m00,mut_s1,detail,1,126,WJPDMYDDAMHBSE-UZYVYHOENA-N,-8.444
IGF1R,m00,mut_s1,detail,1,127,GVOMJEIYRXTYCN-LILDFLRNNA-N,-8.006
IGF1R,m00,mut_s1,detail,1,128,LTZVLHHIAUKGBP-LELJVTLKNA-N,-8.173
IGF1R,m00,mut_s1,detail,1,129,FIKLOQNDPSVUGH-LBOYIXSDNA-N,-8.111
IGF1R,m00,mut_s1,detail,1,130,GIEJIAIRYKSRHU-MPIMZMORNA-N,-8.1
IGF1R,m00,mut_s1,detail,1,131,XFKYWJPYYRTYBR-ODOKVQCSNA-N,-7.831
IGF1R,m00,mut_s1,detail,1,132,PKSFLOGCPXWJIU-MEDUHNTENA-N,-8.486
IGF1R,m00,mut_s1,detail,1,133,JLHJTKOPNATISN-LELJVTLKNA-N,-7.514
IGF1R,m00,mut_s1,detail,1,134,GUBNROKMFNBDBZ-GRDNDAEWNA-N,-7.721
IGF1R,m00,mut_s1,detail,1,135,KGCQIOUZEREWDG-UHFFFAOYNA-N,-8.711
IGF1R,m00,mut_s1,detail,1,136,DWDHSAAOHLDDKE-QWOVJGMINA-N,-7.168
IGF1R,m00,mut_s1,detail,1,137,XSTAWOGBOKIKIE-UKZVOYCKNA-N,-8.209
IGF1R,m00,mut_s1,detail,1,138,OWXORKPNCHJYOF-JFRKDZMVNA-N,-8.664
IGF1R,m00,mut_s1,detail,1,139,MQOILMOKFLJWRN-KYCGMZMQNA-N,-9.056
IGF1R,m00,mut_s1,detail,1,140,BJROQKFYPRCGFD-LQFNOIFHNA-N,-9.923
IGF1R,m00,mut_s1,detail,1,141,PLWVUIRWJVKSSD-XBXARRHUNA-N,-7.661
IGF1R,m00,mut_s1,detail,1,142,HFWSIVHELHSGJY-JJIBRWJFNA-N,-7.721
IGF1R,m00,mut_s1,detail,1,143,QMHSEIOSCQWTPQ-LNNLXFCONA-N,-7.049
IGF1R,m00,mut_s1,detail,1,144,FBHVHCWHAVLWJT-OYSRHTCDNA-N,-7.451
IGF1R,m00,mut_s1,detail,1,145,CEZNOHQWEHKPJP-LQFNOIFHNA-N,-8.99
IGF1R,m00,mut_s1,detail,1,146,KOFRNRJMKWZBMR-RVJKNMGLNA-N,-7.847
IGF1R,m00,mut_s1,detail,1,147,PGPPCCZSDRAQKA-SYZQJQIINA-N,-6.749
IGF1R,m00,mut_s1,detail,1,148,VGUBMLBOECHPGN-MHEVPKQANA-N,-8.095
IGF1R,m00,mut_s1,detail,1,149,PCORSCGAGFGSSR-UHFFFAOYNA-N,-7.553
IGF1R,m00,mut_s1,detail,1,150,JGNCAWPKZCFGOI-BXGKXWMCNA-N,-9.131
IGF1R,m00,mut_s1,detail,1,151,ULONVLUMOUFCID-LNNLXFCONA-N,-8.915
IGF1R,m00,mut_s1,detail,1,152,HCPHOPNEKKCOEN-LNNLXFCONA-N,-7.819
IGF1R,m00,mut_s1,detail,1,153,OMJCCYYNBCJNOL-FVAMHUBNNA-N,-7.889
IGF1R,m00,mut_s1,detail,1,154,SZUCFANUUBSCPX-PJQSKVNONA-N,-8.895
IGF1R,m00,mut_s1,detail,1,155,QHLRKDSRGUZHSH-UHFFFAOYNA-N,-8.132
IGF1R,m00,mut_s1,detail,1,156,QUFUFSGGBADBIH-UHFFFAOYNA-N,-7.729
IGF1R,m00,mut_s1,detail,1,157,WPBGBXPZNCPYQB-UHFFFAOYNA-N,-8.136
IGF1R,m00,mut_s1,detail,1,158,BXVSKXWPXKQTOL-UHFFFAOYNA-N,-7.849
IGF1R,m00,mut_s1,detail,1,159,WNELYPHBVMGNQP-UHFFFAOYNA-N,-8.287
IGF1R,m00,mut_s1,detail,1,160,POOIONRPVWIUHF-LQFNOIFHNA-N,-7.542
IGF1R,m00,mut_s1,detail,1,161,NZPQBADYZFTGOT-UHFFFAOYNA-N,-7.687
IGF1R,m00,mut_s1,detail,1,162,MAOZUYDDGGFCKF-WFELUYCUNA-N,-7.736
IGF1R,m00,mut_s1,detail,1,163,PEANHJHNIYISMY-UHFFFAOYNA-N,-7.777
IGF1R,m00,mut_s1,detail,1,164,ABFVBWQMBVYWMV-UHFFFAOYNA-N,-8.42
IGF1R,m00,mut_s1,detail,1,165,UMUOTXHWTLGGIP-QWOVJGMINA-N,-7.839
IGF1R,m00,mut_s1,detail,1,166,NYVXKWVMQVVBRC-QWOVJGMINA-N,-8.083
IGF1R,m00,mut_s1,detail,1,167,OVGDAEHQLCSRDI-UHFFFAOYNA-N,-6.589
IGF1R,m00,mut_s1,detail,1,168,BZXWWWGSEIRPLV-UHFFFAOYNA-N,-7.509
IGF1R,m00,mut_s1,detail,1,169,FXGKAQHXFGXOPR-UHFFFAOYNA-N,-8.387
IGF1R,m00,mut_s1,detail,1,170,HVIXAPJIOPIFIY-UHFFFAOYNA-N,-6.821
IGF1R,m00,mut_s1,detail,1,171,LIRQEBOXUUPWJJ-LNNLXFCONA-N,-8.779
IGF1R,m00,mut_s1,detail,1,172,ZDIIOUBKRSIUED-LQFNOIFHNA-N,-8.9
IGF1R,m00,mut_s1,detail,1,173,LTWUSAKSGJMCRY-UHFFFAOYNA-N,-8.357
IGF1R,m00,mut_s1,detail,1,174,PNDIKCGLYJOYIK-UYBDAZJANA-N,-7.793
IGF1R,m00,mut_s1,detail,1,175,MGSHIAIRIYECSG-MPIMZMORNA-N,-7.562
IGF1R,m00,mut_s1,detail,1,176,MVWYIUZSZIETFZ-KYUNMXQPNA-N,-9.246
IGF1R,m00,mut_s1,detail,1,177,XGTOSEODMLDCBR-UHFFFAOYNA-N,-7.229
IGF1R,m00,mut_s1,detail,1,178,NYHRLEZMHRGFLZ-UYBDAZJANA-N,-6.898
IGF1R,m00,mut_s1,detail,1,179,KZGNFRGGQVBHRV-UHFFFAOYNA-N,-8.86
IGF1R,m00,mut_s1,detail,1,180,SXXXSTPMDGKOCH-LQFNOIFHNA-N,-8.399
IGF1R,m00,mut_s1,detail,1,181,VJGFWNZWHKBDNN-HPHMPNDVNA-N,-7.638
IGF1R,m00,mut_s1,detail,1,182,SBLZEXLDNURADT-LELJVTLKNA-N,-7.367
IGF1R,m00,mut_s1,detail,1,183,OINVQDVVQWTWJM-YNGZFIAGNA-N,-8.148
IGF1R,m00,mut_s1,detail,1,184,RJZHELXWHJKNAM-NPVYFSBINA-N,-7.897
IGF1R,m00,mut_s1,detail,1,185,MAXGWTGCLOXELV-UHFFFAOYNA-N,-8.409
IGF1R,m00,mut_s1,detail,1,186,PNHBRYIAJCYNDA-VQCQRNETNA-N,-9.516
IGF1R,m00,mut_s1,detail,1,187,QGZIKUYIROAFSE-QWOVJGMINA-N,-7.652
IGF1R,m00,mut_s1,detail,1,188,QTIJDOJTNOHQTC-WQGACYEGNA-N,-7.65
IGF1R,m00,mut_s1,detail,1,189,OMLLGNQJKXQVKT-TUXCJRKWNA-N,-7.678
IGF1R,m00,mut_s1,detail,1,190,FNLHLKPQZWPTTK-UHFFFAOYNA-N,-8.021
IGF1R,m00,mut_s1,detail,1,191,XBPLTFIKHVYSDD-UHFFFAOYNA-N,-8.741
IGF1R,m00,mut_s1,detail,1,192,VEXPKIRCYBYITI-BEFZCSJLNA-N,-11.116
IGF1R,m00,mut_s1,detail,1,193,WDVQKHWASUJMRH-LNNLXFCONA-N,-8.868
IGF1R,m00,mut_s1,detail,1,194,DAUHEXDIKFZUFM-BZCDMSEBNA-N,-8.754
IGF1R,m00,mut_s1,detail,1,195,HCFHHWIWTWPKFH-UHFFFAOYNA-N,-7.679
IGF1R,m00,mut_s1,detail,1,196,PIFJHAXQZFBLCQ-ZVBCKELPNA-N,-8.064
IGF1R,m00,mut_s1,detail,1,197,CGBYUWXVJWRJIR-LLJNPURJNA-N,-7.626
IGF1R,m00,mut_s1,detail,1,198,CLHNZVNBTRJSNX-NSJMMFDCNA-N,-7.674
IGF1R,m00,mut_s1,detail,1,199,JKMJQRRLCJXPOK-SREBMQDQNA-N,-8.338
IGF1R,m00,mut_s1,detail,1,200,HHXLRWIDFFFFKX-LELJVTLKNA-N,-8.087
IGF1R,m00,mut_s1,detail,1,201,BZCFDJGFEXLRFA-NYHNBARNNA-N,-8.864
IGF1R,m00,mut_s1,detail,1,202,IEZNLWGERBHQJK-KEAFGAQVNA-N,-9.827
IGF1R,m00,mut_s1,detail,1,203,ZBJYTLVBCAOWHI-PKRZOPRNNA-N,-6.675
IGF1R,m00,mut_s1,detail,1,204,FGMQRSXQOIDDJD-PKRZOPRNNA-N,-8.09
IGF1R,m00,mut_s1,detail,1,205,XDGHTBHPIPZHLJ-KMZMRBKQNA-N,-9.356
IGF1R,m00,mut_s1,detail,1,206,WSGZHZGDPVCVHF-UHFFFAOYNA-N,-9.828
IGF1R,m00,mut_s1,detail,1,207,HXWAXUQSZMRTTE-YLBMWQQONA-N,-8.244
IGF1R,m00,mut_s1,detail,1,208,FCZVXTBFAYFUHQ-UHFFFAOYNA-N,-9.639
IGF1R,m00,mut_s1,detail,1,209,YAZOIIMRVUPEOT-DHDJHLBQNA-N,-7.033
IGF1R,m00,mut_s1,detail,1,210,KVNQZVOXEZCBRJ-PECRYQBZNA-N,-10.618
IGF1R,m00,mut_s1,detail,1,211,IYBSHHORKOCFKZ-LNNLXFCONA-N,-8.009
IGF1R,m00,mut_s1,detail,1,212,RSTMZFOEDVJAHN-OXBUWGKVNA-N,-8.12
IGF1R,m00,mut_s1,detail,1,213,NYWCANYSFKVUNN-UHFFFAOYNA-N,-7.948
IGF1R,m00,mut_s1,detail,1,214,XFQNPVRVZXSQSI-IVGLCWOSNA-N,-10.04
IGF1R,m00,mut_s1,detail,1,215,HXGZQYVBZUMUDK-HXTKINSTNA-N,-8.033
IGF1R,m00,mut_s1,detail,1,216,BKWBUUYCHYLRLF-NSJMMFDCNA-N,-7.05
IGF1R,m00,mut_s1,detail,1,217,JRRKWFRTDFOWAB-XDUJAMRANA-N,-7.797
IGF1R,m00,mut_s1,detail,1,218,FPOLFSCTFRBBHI-QGZVFWFLNA-N,-9.076
IGF1R,m00,mut_s1,detail,1,219,RPPDOGWFJZOEQX-LVWGJNHUNA-N,-6.57
IGF1R,m00,mut_s1,detail,1,220,JYOPBQURUBDKLK-LELJVTLKNA-N,-8.627
IGF1R,m00,mut_s1,detail,1,221,LNENLABLFGGAFF-INUABGGHNA-N,-8.927
IGF1R,m00,mut_s1,detail,1,222,BAQVKFUOCGTGBI-FCDIKQFGNA-N,-8.789
IGF1R,m00,mut_s1,detail,1,223,SYJAKTNXXAWUQU-BYGYBERANA-N,-8.706
IGF1R,m00,mut_s1,detail,1,224,KCFZFOHSAGLLGQ-LUBWAWCANA-N,-8.203
IGF1R,m00,mut_s1,detail,1,225,LDJWHJQMWPYZLV-WHDAICOONA-N,-8.67
IGF1R,m00,mut_s1,detail,1,226,AXUDSCZCBZMENI-UHFFFAOYNA-N,-8.129
IGF1R,m00,mut_s1,detail,1,227,DDXHLMOKYYMXTK-OBAATPRFNA-N,-8.383
IGF1R,m00,mut_s1,detail,1,228,KTOSTKQYNJBYHF-PKOBYXMFNA-N,-8.342
IGF1R,m00,mut_s1,detail,1,229,ZCFWJPJEBJVXTO-UHFFFAOYNA-N,-9.922
IGF1R,m00,mut_s1,detail,1,230,NJVFOFMHUJJIMB-UHFFFAOYNA-N,-8.467
IGF1R,m00,mut_s1,detail,1,231,XUEQVOGPWKWKNT-XBXBPLPCNA-N,-7.233
IGF1R,m00,mut_s1,detail,1,232,MLFYMBALEIQTEJ-LBOYIXSDNA-N,-8.203
IGF1R,m00,mut_s1,detail,1,233,AETJFEZDSLASSU-XTEPFMGCNA-N,-9.584
IGF1R,m00,mut_s1,detail,1,234,GSNNWCVFRNINCY-UHFFFAOYNA-N,-8.641
IGF1R,m00,mut_s1,detail,1,235,UIHGNJALPXKJRE-UHFFFAOYNA-N,-8.838
IGF1R,m00,mut_s1,detail,1,236,BBUDWIYSLGTZTQ-SGMUJJOCNA-N,-9.056
IGF1R,m00,mut_s1,detail,1,237,CBYYNSKRRKXPFV-LELJVTLKNA-N,-8.228
IGF1R,m00,mut_s1,detail,1,238,NMFTXZYZNCQGNR-MTTPVDACNA-N,-9.098
IGF1R,m00,mut_s1,detail,1,239,QTKARDGAUMDUCL-LAEKOWRLNA-N,-9.586
IGF1R,m00,mut_s1,detail,1,240,VNEQUOUVFXAVMH-SANMLTNENA-N,-6.863
IGF1R,m00,mut_s1,detail,1,241,IJPPTSNWQLJFSU-LNNLXFCONA-N,-8.074
IGF1R,m00,mut_s1,detail,1,242,DJQIFFIREHYQCT-OSPHWJPCNA-N,-8.421
IGF1R,m00,mut_s1,detail,1,243,KOZFSFOOLUUIGY-SLMOLSELNA-N,-10.313
IGF1R,m00,mut_s1,detail,1,244,WILPFKVTYXJQQV-ZMCXWUQGNA-N,-7.673
IGF1R,m00,mut_s1,detail,1,245,NZELHCGEQZMIBB-UHFFFAOYNA-N,-8.931
IGF1R,m00,mut_s1,detail,1,246,VKGWONFLJDZUKM-NSJMMFDCNA-N,-7.919
IGF1R,m00,mut_s1,detail,1,247,XUHSVEXCUONJNQ-PMERELPUNA-N,-7.634
IGF1R,m00,mut_s1,detail,1,248,ZFOAPODMCDEDHA-UHFFFAOYNA-N,-8.71
IGF1R,m00,mut_s1,detail,1,249,PZCSJBQJENRLHD-ULJJZXAINA-N,-8.441
IGF1R,m00,mut_s1,detail,1,250,IOSLXICJNAAKOP-ZFJUVRDGNA-N,-7.891
IGF1R,m00,mut_s1,detail,1,251,HUDCDZLLNLJTEW-RBSQRGBYNA-N,-8.489
IGF1R,m00,mut_s1,detail,1,252,IKUATMHYCWRCHC-XUIBWRPBNA-N,-10.018
IGF1R,m00,mut_s1,detail,1,253,HCEYJYMNIQHPPK-WKJNMVSGNA-N,-8.715
IGF1R,m00,mut_s1,detail,1,254,ZLEIPSPWAZJWJP-DHDJHLBQNA-N,-8.465
IGF1R,m00,mut_s1,detail,1,255,ZKDQUBKHXMXRRH-KUWNNRQRNA-N,-8.354
IGF1R,m01,mut_s1,detail,1,0,QGXBDMJGAMFCBF-WRZMNKJANA-N,-7.773
IGF1R,m01,mut_s1,detail,1,1,XZORRJGRPUBUJO-UHFFFAOYNA-N,-5.1
IGF1R,m01,mut_s1,detail,1,2,RIOOLQVLOZQLQJ-CYBMUJFWNA-N,-5.913
IGF1R,m01,mut_s1,detail,1,3,JMAMZIYMGUDBDZ-YAQRNVERNA-N,-6.516
IGF1R,m01,mut_s1,detail,1,4,SOHFVFXITPDEDK-GMNMMWFNNA-N,-6.905
IGF1R,m01,mut_s1,detail,1,5,HQPUBFWUNXGPNP-FECSGLDJNA-N,-6.118
IGF1R,m01,mut_s1,detail,1,6,URSPNXKDALRRBJ-FQFUPTBWNA-N,-7.543
IGF1R,m01,mut_s1,detail,1,7,MALHKRCDHFAKIM-GPQMBLKYNA-N,-7.288
IGF1R,m01,mut_s1,detail,1,8,VDGCRTGHEWIBAL-YAQRNVERNA-N,-7.161
IGF1R,m01,mut_s1,detail,1,9,VOWBZMVBYGELAY-UHFFFAOYNA-N,-7.438
IGF1R,m01,mut_s1,detail,1,10,GKBJOMPRUSWVJA-UHFFFAOYNA-N,-6.627
IGF1R,m01,mut_s1,detail,1,11,RQLXWVPRGJJWEK-BFHABQRXNA-N,-7.042
IGF1R,m01,mut_s1,detail,1,12,OQWMEUSTXXVVIU-NWANDNLSNA-N,-5.934
IGF1R,m01,mut_s1,detail,1,13,SVIIYVRLTJRIIR-UHFFFAOYNA-N,-7.352
IGF1R,m01,mut_s1,detail,1,14,XIQVFMHGZHWKNA-LILDFLRNNA-N,-7.58
IGF1R,m01,mut_s1,detail,1,15,ABQUFQQMQCPHOH-NCWAPJAINA-N,-6.664
IGF1R,m01,mut_s1,detail,1,16,BNGLUFUDMHHURB-UYBDAZJANA-N,-6.982
IGF1R,m01,mut_s1,detail,1,17,JXAGPFSGJKRKBY-UHFFFAOYNA-N,-7.293
IGF1R,m01,mut_s1,detail,1,18,DINPOPQNCDTVPQ-YGPBECBDNA-N,-7.105
IGF1R,m01,mut_s1,detail,1,19,FUMDYIGQJOCQBC-UHFFFAOYNA-N,-7.295
IGF1R,m01,mut_s1,detail,1,20,GLEVLJDDWXEYCO-WYUMXYHSNA-N,-7.091
IGF1R,m01,mut_s1,detail,1,21,PWCMYVJXHPBJNZ-FSHPWJEWNA-N,-6.106
IGF1R,m01,mut_s1,detail,1,22,CLPZQGXGPKJOMN-XWKXFZRBNA-N,-7.111
IGF1R,m01,mut_s1,detail,1,23,UFUOEKYHBCFTGW-RWJRRMEYNA-N,-6.617
IGF1R,m01,mut_s1,detail,1,24,CMNIOKDUTCZQJB-NDKGDYFDNA-N,-6.001
IGF1R,m01,mut_s1,detail,1,25,ZVNPQHHQIVQYPI-ZHACJKMWNA-N,-8.459
IGF1R,m01,mut_s1,detail,1,26,HHPYZGCOAAJZTN-NKWLYDBFNA-N,-7.11
IGF1R,m01,mut_s1,detail,1,27,ANYSYRVXKLTFPB-UHFFFAOYNA-N,-6.626
IGF1R,m01,mut_s1,detail,1,28,JISYUXULRDZARX-HCKMINDGNA-N,-6.799
IGF1R,m01,mut_s1,detail,1,29,VTLWDCDAVLVOHR-HCKMINDGNA-N,-7.727
IGF1R,m01,mut_s1,detail,1,30,BBMWNEXSYXLWEO-WYUMXYHSNA-N,-6.357
IGF1R,m01,mut_s1,detail,1,31,WZGCZUAYIBWZAN-YHSKDTNENA-N,-7.245
IGF1R,m01,mut_s1,detail,1,32,RVNORUCXEIIROU-UHFFFAOYNA-N,-7.689
IGF1R,m01,mut_s1,detail,1,33,ZTJZVOMEMRNYKF-JSGPKCTENA-N,-6.048
IGF1R,m01,mut_s1,detail,1,34,WQKOQOZXZQJNRC-GPQMBLKYNA-N,-8.295
IGF1R,m01,mut_s1,detail,1,35,WKLBCLNIAGUINH-GAJRPKRDNA-N,-6.437
IGF1R,m01,mut_s1,detail,1,36,ZVOVGLCUMDQIHF-VPQZEOPVNA-N,-6.331
IGF1R,m01,mut_s1,detail,1,37,UGKZABQBFUBOFG-WDFGQQGSNA-N,-6.503
IGF1R,m01,mut_s1,detail,1,38,RTJRNIJPLOVJLH-WYUMXYHSNA-N,-6.201
IGF1R,m01,mut_s1,detail,1,39,MUJCQGFFHCARCQ-UYBDAZJANA-N,-8.611
IGF1R,m01,mut_s1,detail,1,40,FZSPJBYOKQPKCD-VIFPVBQENA-N,-5.879
IGF1R,m01,mut_s1,detail,1,41,RWPHPOMFTPAOAS-JLGFQASFNA-N,-7.219
IGF1R,m01,mut_s1,detail,1,42,ZXVNJVRABSCRGU-GPQMBLKYNA-N,-7.26
IGF1R,m01,mut_s1,detail,1,43,KZAOEMMZRGEBST-OOGKJWBGNA-N,-7.697
IGF1R,m01,mut_s1,detail,1,44,NEIVPRTZAHUZEA-WYUMXYHSNA-N,-6.271
IGF1R,m01,mut_s1,detail,1,45,PYKJFEPAUKAXNN-UHFFFAOYNA-N,-6.702
IGF1R,m01,mut_s1,detail,1,46,BPUNDQLKPUIGBR-GPQMBLKYNA-N,-6.82
IGF1R,m01,mut_s1,detail,1,47,WDFLSTQJUFMIIW-UHFFFAOYNA-N,-7.394
IGF1R,m01,mut_s1,detail,1,48,BJLQEYLWUSSEKH-CMPMBVLYNA-N,-7.517
IGF1R,m01,mut_s1,detail,1,49,HZUGIOKMHRUHMF-ADJYBIKJNA-N,-7.468
IGF1R,m01,mut_s1,detail,1,50,PBWQQQLCZDQSET-XWKXFZRBNA-N,-5.848
IGF1R,m01,mut_s1,detail,1,51,ISSLSGLIFQSYJA-HCKMINDGNA-N,-7.208
IGF1R,m01,mut_s1,detail,1,52,OAXDEJIQWHXCJI-UHFFFAOYNA-N,-7.032
IGF1R,m01,mut_s1,detail,1,53,BCJVFDDJSOEKKQ-UHFFFAOYNA-N,-7.153
IGF1R,m01,mut_s1,detail,1,54,QFJGCDWXDUDFAD-UHFFFAOYNA-N,-8.508
IGF1R,m01,mut_s1,detail,1,55,JVBGNPPYXIWVPH-WYCIUFAENA-N,-5.169
IGF1R,m01,mut_s1,detail,1,56,BYJAVTDNIXVSPW-YHMJCDSINA-N,-6.8
IGF1R,m01,mut_s1,detail,1,57,MQGMUPFWCDYDFO-UHFFFAOYNA-N,-7.579
IGF1R,m01,mut_s1,detail,1,58,OACAJASVXJLTAT-UHFFFAOYNA-N,-6.871
IGF1R,m01,mut_s1,detail,1,59,AQSGGOLDOQGOAO-FNCQTZNRNA-N,-5.927
IGF1R,m01,mut_s1,detail,1,60,SOBHKZHLCOJHTI-YHMJCDSINA-N,-7.005
IGF1R,m01,mut_s1,detail,1,61,NUFCOZJTDHUROG-PKGMMKRDNA-N,-6.952
IGF1R,m01,mut_s1,detail,1,62,KZTOUMBNPVCTLR-GFJIPZKJNA-N,-8.173
IGF1R,m01,mut_s1,detail,1,63,CLEMZXMGJNNUTH-LILDFLRNNA-N,-8.447
IGF1R,m01,mut_s1,detail,1,64,MXRJUMCOVVUCLC-UHFFFAOYNA-N,-8.504
IGF1R,m01,mut_s1,detail,1,65,HZDIAENSPHDHRS-UHFFFAOYNA-N,-7.025
IGF1R,m01,mut_s1,detail,1,66,CHDODAJYQOTMTK-PKSOQXRJNA-N,-7.724
IGF1R,m01,mut_s1,detail,1,67,VRFRJWXCOPEIII-QWOVJGMINA-N,-7.629
IGF1R,m01,mut_s1,detail,1,68,WTOLVFBACFWUSN-QGOAFFKANA-N,-7.629
IGF1R,m01,mut_s1,detail,1,69,KDJZDSPTXVFGOF-NPVYFSBINA-N,-8.261
IGF1R,m01,mut_s1,detail,1,70,MUXXNOOBECTQPY-UHFFFAOYNA-N,-7.231
IGF1R,m01,mut_s1,detail,1,71,OBUUPTPELQALTE-UYBDAZJANA-N,-7.698
IGF1R,m01,mut_s1,detail,1,72,FKOXOEKZVRISIU-NPVYFSBINA-N,-7.78
IGF1R,m01,mut_s1,detail,1,73,ZOKNKPRORGNRMQ-BXBDENJDNA-N,-6.53
IGF1R,m01,mut_s1,detail,1,74,KWJAZTNSKVNVEC-UHFFFAOYNA-N,-6.809
IGF1R,m01,mut_s1,detail,1,75,RPBVHEVTQXVWDL-NGZNMCPLNA-N,-8.284
IGF1R,m01,mut_s1,detail,1,76,ZSKKLMIULIVRSI-QWOVJGMINA-N,-7.572
IGF1R,m01,mut_s1,detail,1,77,VLKGZJJKNXFENI-LILDFLRNNA-N,-7.82
IGF1R,m01,mut_s1,detail,1,78,NCKZVQLIUXCUQF-UHFFFAOYNA-N,-7.008
IGF1R,m01,mut_s1,detail,1,79,TYYOBUBDDDDKPC-UHFFFAOYNA-N,-9.067
IGF1R,m01,mut_s1,detail,1,80,AQMRDIZFWYYMBQ-QWOVJGMINA-N,-8.163
IGF1R,m01,mut_s1,detail,1,81,IVRPZSQLORCONO-UHFFFAOYNA-N,-8.285
IGF1R,m01,mut_s1,detail,1,82,IRNFLRZZSCRLSQ-NPVYFSBINA-N,-8.889
IGF1R,m01,mut_s1,detail,1,83,UUMBQVLEWSWSOO-GPQMBLKYNA-N,-8.272
IGF1R,m01,mut_s1,detail,1,84,ASCHVCPAOUSKIZ-GPQMBLKYNA-N,-8.499
IGF1R,m01,mut_s1,detail,1,85,NVGGHEIBFBOAHY-UHFFFAOYNA-N,-8.481
IGF1R,m01,mut_s1,detail,1,86,JIOIPFWJCUUZEU-PKSOQXRJNA-N,-7.359
IGF1R,m01,mut_s1,detail,1,87,RGAJQRZKKQXIEQ-XBTAAFKLNA-N,-5.756
IGF1R,m01,mut_s1,detail,1,88,DOVBELPPXZSOPX-UHFFFAOYNA-N,-7.975
IGF1R,m01,mut_s1,detail,1,89,VFOWTBWNNOVCPH-WJDWOHSUNA-N,-7.168
IGF1R,m01,mut_s1,detail,1,90,HKWNGVFHUCRTTQ-QVUQFMIFNA-N,-8.636
IGF1R,m01,mut_s1,detail,1,91,VPMBMFYJJPEBKS-XBTAAFKLNA-N,-8.048
IGF1R,m01,mut_s1,detail,1,92,OPIXMYPGGYYGRV-PKSOQXRJNA-N,-8.67
IGF1R,m01,mut_s1,detail,1,93,ASWFTNOPBUOHSG-UHFFFAOYNA-N,-8.182
IGF1R,m01,mut_s1,detail,1,94,YIFJQOSOEFTEHM-QWOVJGMINA-N,-7.692
IGF1R,m01,mut_s1,detail,1,95,CYRPZNLZOLVKKM-PKSOQXRJNA-N,-8.194
IGF1R,m01,mut_s1,detail,1,96,PSRSNNQFQFGFKV-QWOVJGMINA-N,-9.029
IGF1R,m01,mut_s1,detail,1,97,PSJJZUSBTGJHEC-WYUMXYHSNA-N,-7.147
IGF1R,m01,mut_s1,detail,1,98,RCTHTZYLLISDPT-VVKINWOJNA-N,-7.751
IGF1R,m01,mut_s1,detail,1,99,UNWANCHXNSSIJJ-PKSOQXRJNA-N,-8.139
IGF1R,m01,mut_s1,detail,1,100,OJBGHXIETMBPHZ-UHFFFAOYNA-N,-7.928
IGF1R,m01,mut_s1,detail,1,101,KNDRDFFUMNHLRJ-LILDFLRNNA-N,-7.287
IGF1R,m01,mut_s1,detail,1,102,PBGALVWBACEVEC-QWOVJGMINA-N,-9.168
IGF1R,m01,mut_s1,detail,1,103,SRLVRCUUJBEIBP-UHFFFAOYNA-N,-8.231
IGF1R,m01,mut_s1,detail,1,104,UVGHDRGQXQVMNW-UHFFFAOYNA-N,-7.547
IGF1R,m01,mut_s1,detail,1,105,YIUJUFFZJHPDAY-SDRQFZCRNA-N,-8.555
IGF1R,m01,mut_s1,detail,1,106,UYPODJSKAAJGNR-UYBDAZJANA-N,-6.5
IGF1R,m01,mut_s1,detail,1,107,YWMYHDFGDRTCPV-BXGKXWMCNA-N,-8.683
IGF1R,m01,mut_s1,detail,1,108,RPVJOFUOUDWRGV-LILDFLRNNA-N,-8.539
IGF1R,m01,mut_s1,detail,1,109,LUKGDWAOTYXHEM-XBTAAFKLNA-N,-8.216
IGF1R,m01,mut_s1,detail,1,110,CHJMEHVGESAPSR-UHFFFAOYNA-N,-8.2
IGF1R,m01,mut_s1,detail,1,111,JDZNTGMSMHYYCY-NPVYFSBINA-N,-8.48
IGF1R,m01,mut_s1,detail,1,112,CRZKGBDGHDTLNN-UHFFFAOYNA-N,-7.578
IGF1R,m01,mut_s1,detail,1,113,ALLYNSCMTRSFNH-UHFFFAOYNA-N,-7.794
IGF1R,m01,mut_s1,detail,1,114,HTVVQAPUWGNILV-PKSOQXRJNA-N,-8.555
IGF1R,m01,mut_s1,detail,1,115,HEKHUTSUFJPTQY-UHFFFAOYNA-N,-8.466
IGF1R,m01,mut_s1,detail,1,116,ZTTIICUFHXUACO-HNENSFHCNA-N,-6.916
IGF1R,m01,mut_s1,detail,1,117,GYJDRNKSYOJANZ-QVUQFMIFNA-N,-8.321
IGF1R,m01,mut_s1,detail,1,118,QSBMVUOOXXRNFY-UHFFFAOYNA-N,-8.305
IGF1R,m01,mut_s1,detail,1,119,VRMMQHDQMURNDV-PGYIFSQXNA-N,-6.974
IGF1R,m01,mut_s1,detail,1,120,FHGICQLRHVZVCW-TWSYTRIPNA-N,-7.251
IGF1R,m01,mut_s1,detail,1,121,WWZHRJDMAZBTGY-WYUMXYHSNA-N,-7.65
IGF1R,m01,mut_s1,detail,1,122,GXHBBVOBKJURCM-UHFFFAOYNA-N,-7.069
IGF1R,m01,mut_s1,detail,1,123,GKJWYULRCHAYTN-UYBDAZJANA-N,-8.134
IGF1R,m01,mut_s1,detail,1,124,LJFRBCQBJFKUBA-LILDFLRNNA-N,-8.996
IGF1R,m01,mut_s1,detail,1,125,JGJYHHGYTXVQLH-MZSCVVMKNA-N,-7.061
IGF1R,m01,mut_s1,detail,1,126,WJPDMYDDAMHBSE-UZYVYHOENA-N,-7.72
IGF1R,m01,mut_s1,detail,1,127,GVOMJEIYRXTYCN-LILDFLRNNA-N,-8.208
IGF1R,m01,mut_s1,detail,1,128,LTZVLHHIAUKGBP-LELJVTLKNA-N,-8.098
IGF1R,m01,mut_s1,detail,1,129,FIKLOQNDPSVUGH-LBOYIXSDNA-N,-8.056
IGF1R,m01,mut_s1,detail,1,130,GIEJIAIRYKSRHU-MPIMZMORNA-N,-8.272
IGF1R,m01,mut_s1,detail,1,131,XFKYWJPYYRTYBR-ODOKVQCSNA-N,-7.657
IGF1R,m01,mut_s1,detail,1,132,PKSFLOGCPXWJIU-MEDUHNTENA-N,-8.821
IGF1R,m01,mut_s1,detail,1,133,JLHJTKOPNATISN-LELJVTLKNA-N,-7.731
IGF1R,m01,mut_s1,detail,1,134,GUBNROKMFNBDBZ-GRDNDAEWNA-N,-7.268
IGF1R,m01,mut_s1,detail,1,135,KGCQIOUZEREWDG-UHFFFAOYNA-N,-8.946
IGF1R,m01,mut_s1,detail,1,136,DWDHSAAOHLDDKE-QWOVJGMINA-N,-6.754
IGF1R,m01,mut_s1,detail,1,137,XSTAWOGBOKIKIE-UKZVOYCKNA-N,-7.852
IGF1R,m01,mut_s1,detail,1,138,OWXORKPNCHJYOF-JFRKDZMVNA-N,-9.835
IGF1R,m01,mut_s1,detail,1,139,MQOILMOKFLJWRN-KYCGMZMQNA-N,-9.073
IGF1R,m01,mut_s1,detail,1,140,BJROQKFYPRCGFD-LQFNOIFHNA-N,-9.337
IGF1R,m01,mut_s1,detail,1,141,PLWVUIRWJVKSSD-XBXARRHUNA-N,-7.889
IGF1R,m01,mut_s1,detail,1,142,HFWSIVHELHSGJY-JJIBRWJFNA-N,-7.338
IGF1R,m01,mut_s1,detail,1,143,QMHSEIOSCQWTPQ-LNNLXFCONA-N,-8.126
IGF1R,m01,mut_s1,detail,1,144,FBHVHCWHAVLWJT-OYSRHTCDNA-N,-8.249
IGF1R,m01,mut_s1,detail,1,145,CEZNOHQWEHKPJP-LQFNOIFHNA-N,-8.366
IGF1R,m01,mut_s1,detail,1,146,KOFRNRJMKWZBMR-RVJKNMGLNA-N,-7.491
IGF1R,m01,mut_s1,detail,1,147,PGPPCCZSDRAQKA-SYZQJQIINA-N,-7.626
IGF1R,m01,mut_s1,detail,1,148,VGUBMLBOECHPGN-MHEVPKQANA-N,-7.97
IGF1R,m01,mut_s1,detail,1,149,PCORSCGAGFGSSR-UHFFFAOYNA-N,-6.976
IGF1R,m01,mut_s1,detail,1,150,JGNCAWPKZCFGOI-BXGKXWMCNA-N,-9.583
IGF1R,m01,mut_s1,detail,1,151,ULONVLUMOUFCID-LNNLXFCONA-N,-8.814
IGF1R,m01,mut_s1,detail,1,152,HCPHOPNEKKCOEN-LNNLXFCONA-N,-8.788
IGF1R,m01,mut_s1,detail,1,153,OMJCCYYNBCJNOL-FVAMHUBNNA-N,-7.821
IGF1R,m01,mut_s1,detail,1,154,SZUCFANUUBSCPX-PJQSKVNONA-N,-8.815
IGF1R,m01,mut_s1,detail,1,155,QHLRKDSRGUZHSH-UHFFFAOYNA-N,-7.992
IGF1R,m01,mut_s1,detail,1,156,QUFUFSGGBADBIH-UHFFFAOYNA-N,-8.32
IGF1R,m01,mut_s1,detail,1,157,WPBGBXPZNCPYQB-UHFFFAOYNA-N,-8.881
IGF1R,m01,mut_s1,detail,1,158,BXVSKXWPXKQTOL-UHFFFAOYNA-N,-8.614
IGF1R,m01,mut_s1,detail,1,159,WNELYPHBVMGNQP-UHFFFAOYNA-N,-8.526
IGF1R,m01,mut_s1,detail,1,160,POOIONRPVWIUHF-LQFNOIFHNA-N,-7.29
IGF1R,m01,mut_s1,detail,1,161,NZPQBADYZFTGOT-UHFFFAOYNA-N,-7.665
IGF1R,m01,mut_s1,detail,1,162,MAOZUYDDGGFCKF-WFELUYCUNA-N,-7.715
IGF1R,m01,mut_s1,detail,1,163,PEANHJHNIYISMY-UHFFFAOYNA-N,-8.134
IGF1R,m01,mut_s1,detail,1,164,ABFVBWQMBVYWMV-UHFFFAOYNA-N,-7.999
IGF1R,m01,mut_s1,detail,1,165,UMUOTXHWTLGGIP-QWOVJGMINA-N,-7.864
IGF1R,m01,mut_s1,detail,1,166,NYVXKWVMQVVBRC-QWOVJGMINA-N,-8.258
IGF1R,m01,mut_s1,detail,1,167,OVGDAEHQLCSRDI-UHFFFAOYNA-N,-6.639
IGF1R,m01,mut_s1,detail,1,168,BZXWWWGSEIRPLV-UHFFFAOYNA-N,-7.315
IGF1R,m01,mut_s1,detail,1,169,FXGKAQHXFGXOPR-UHFFFAOYNA-N,-8.963
IGF1R,m01,mut_s1,detail,1,170,HVIXAPJIOPIFIY-UHFFFAOYNA-N,-7.905
IGF1R,m01,mut_s1,detail,1,171,LIRQEBOXUUPWJJ-LNNLXFCONA-N,-7.38
IGF1R,m01,mut_s1,detail,1,172,ZDIIOUBKRSIUED-LQFNOIFHNA-N,-8.658
IGF1R,m01,mut_s1,detail,1,173,LTWUSAKSGJMCRY-UHFFFAOYNA-N,-8.189
IGF1R,m01,mut_s1,detail,1,174,PNDIKCGLYJOYIK-UYBDAZJANA-N,-7.818
IGF1R,m01,mut_s1,detail,1,175,MGSHIAIRIYECSG-MPIMZMORNA-N,-6.904
IGF1R,m01,mut_s1,detail,1,176,MVWYIUZSZIETFZ-KYUNMXQPNA-N,-8.767
IGF1R,m01,mut_s1,detail,1,177,XGTOSEODMLDCBR-UHFFFAOYNA-N,-6.894
IGF1R,m01,mut_s1,detail,1,178,NYHRLEZMHRGFLZ-UYBDAZJANA-N,-7.771
IGF1R,m01,mut_s1,detail,1,179,KZGNFRGGQVBHRV-UHFFFAOYNA-N,-9.058
IGF1R,m01,mut_s1,detail,1,180,SXXXSTPMDGKOCH-LQFNOIFHNA-N,-8.422
IGF1R,m01,mut_s1,detail,1,181,VJGFWNZWHKBDNN-HPHMPNDVNA-N,-7.518
IGF1R,m01,mut_s1,detail,1,182,SBLZEXLDNURADT-LELJVTLKNA-N,-6.947
IGF1R,m01,mut_s1,detail,1,183,OINVQDVVQWTWJM-YNGZFIAGNA-N,-7.881
IGF1R,m01,mut_s1,detail,1,184,RJZHELXWHJKNAM-NPVYFSBINA-N,-7.372
IGF1R,m01,mut_s1,detail,1,185,MAXGWTGCLOXELV-UHFFFAOYNA-N,-8.846
IGF1R,m01,mut_s1,detail,1,186,PNHBRYIAJCYNDA-VQCQRNETNA-N,-9.352
IGF1R,m01,mut_s1,detail,1,187,QGZIKUYIROAFSE-QWOVJGMINA-N,-7.773
IGF1R,m01,mut_s1,detail,1,188,QTIJDOJTNOHQTC-WQGACYEGNA-N,-7.309
IGF1R,m01,mut_s1,detail,1,189,OMLLGNQJKXQVKT-TUXCJRKWNA-N,-7.965
IGF1R,m01,mut_s1,detail,1,190,FNLHLKPQZWPTTK-UHFFFAOYNA-N,-8.339
IGF1R,m01,mut_s1,detail,1,191,XBPLTFIKHVYSDD-UHFFFAOYNA-N,-8.724
IGF1R,m01,mut_s1,detail,1,192,VEXPKIRCYBYITI-BEFZCSJLNA-N,-12.0
IGF1R,m01,mut_s1,detail,1,193,WDVQKHWASUJMRH-LNNLXFCONA-N,-8.363
IGF1R,m01,mut_s1,detail,1,194,DAUHEXDIKFZUFM-BZCDMSEBNA-N,-8.453
IGF1R,m01,mut_s1,detail,1,195,HCFHHWIWTWPKFH-UHFFFAOYNA-N,-7.392
IGF1R,m01,mut_s1,detail,1,196,PIFJHAXQZFBLCQ-ZVBCKELPNA-N,-7.988
IGF1R,m01,mut_s1,detail,1,197,CGBYUWXVJWRJIR-LLJNPURJNA-N,-8.01
IGF1R,m01,mut_s1,detail,1,198,CLHNZVNBTRJSNX-NSJMMFDCNA-N,-7.634
IGF1R,m01,mut_s1,detail,1,199,JKMJQRRLCJXPOK-SREBMQDQNA-N,-7.986
IGF1R,m01,mut_s1,detail,1,200,HHXLRWIDFFFFKX-LELJVTLKNA-N,-8.662
IGF1R,m01,mut_s1,detail,1,201,BZCFDJGFEXLRFA-NYHNBARNNA-N,-9.423
IGF1R,m01,mut_s1,detail,1,202,IEZNLWGERBHQJK-KEAFGAQVNA-N,-10.004
IGF1R,m01,mut_s1,detail,1,203,ZBJYTLVBCAOWHI-PKRZOPRNNA-N,-7.722
IGF1R,m01,mut_s1,detail,1,204,FGMQRSXQOIDDJD-PKRZOPRNNA-N,-7.863
IGF1R,m01,mut_s1,detail,1,205,XDGHTBHPIPZHLJ-KMZMRBKQNA-N,-8.87
IGF1R,m01,mut_s1,detail,1,206,WSGZHZGDPVCVHF-UHFFFAOYNA-N,-9.318
IGF1R,m01,mut_s1,detail,1,207,HXWAXUQSZMRTTE-YLBMWQQONA-N,-8.432
IGF1R,m01,mut_s1,detail,1,208,FCZVXTBFAYFUHQ-UHFFFAOYNA-N,-9.376
IGF1R,m01,mut_s1,detail,1,209,YAZOIIMRVUPEOT-DHDJHLBQNA-N,-7.263
IGF1R,m01,mut_s1,detail,1,210,KVNQZVOXEZCBRJ-PECRYQBZNA-N,-8.826
IGF1R,m01,mut_s1,detail,1,211,IYBSHHORKOCFKZ-LNNLXFCONA-N,-8.169
IGF1R,m01,mut_s1,detail,1,212,RSTMZFOEDVJAHN-OXBUWGKVNA-N,-8.79
IGF1R,m01,mut_s1,detail,1,213,NYWCANYSFKVUNN-UHFFFAOYNA-N,-9.066
IGF1R,m01,mut_s1,detail,1,214,XFQNPVRVZXSQSI-IVGLCWOSNA-N,-9.945
IGF1R,m01,mut_s1,detail,1,215,HXGZQYVBZUMUDK-HXTKINSTNA-N,-7.682
IGF1R,m01,mut_s1,detail,1,216,BKWBUUYCHYLRLF-NSJMMFDCNA-N,-8.032
IGF1R,m01,mut_s1,detail,1,217,JRRKWFRTDFOWAB-XDUJAMRANA-N,-7.18
IGF1R,m01,mut_s1,detail,1,218,FPOLFSCTFRBBHI-QGZVFWFLNA-N,-9.554
IGF1R,m01,mut_s1,detail,1,219,RPPDOGWFJZOEQX-LVWGJNHUNA-N,-7.131
IGF1R,m01,mut_s1,detail,1,220,JYOPBQURUBDKLK-LELJVTLKNA-N,-9.175
IGF1R,m01,mut_s1,detail,1,221,LNENLABLFGGAFF-INUABGGHNA-N,-10.043
IGF1R,m01,mut_s1,detail,1,222,BAQVKFUOCGTGBI-FCDIKQFGNA-N,-8.32
IGF1R,m01,mut_s1,detail,1,223,SYJAKTNXXAWUQU-BYGYBERANA-N,-8.284
IGF1R,m01,mut_s1,detail,1,224,KCFZFOHSAGLLGQ-LUBWAWCANA-N,-8.097
IGF1R,m01,mut_s1,detail,1,225,LDJWHJQMWPYZLV-WHDAICOONA-N,-8.783
IGF1R,m01,mut_s1,detail,1,226,AXUDSCZCBZMENI-UHFFFAOYNA-N,-8.522
IGF1R,m01,mut_s1,detail,1,227,DDXHLMOKYYMXTK-OBAATPRFNA-N,-8.164
IGF1R,m01,mut_s1,detail,1,228,KTOSTKQYNJBYHF-PKOBYXMFNA-N,-7.902
IGF1R,m01,mut_s1,detail,1,229,ZCFWJPJEBJVXTO-UHFFFAOYNA-N,-9.773
IGF1R,m01,mut_s1,detail,1,230,NJVFOFMHUJJIMB-UHFFFAOYNA-N,-7.947
IGF1R,m01,mut_s1,detail,1,231,XUEQVOGPWKWKNT-XBXBPLPCNA-N,-7.588
IGF1R,m01,mut_s1,detail,1,232,MLFYMBALEIQTEJ-LBOYIXSDNA-N,-8.525
IGF1R,m01,mut_s1,detail,1,233,AETJFEZDSLASSU-XTEPFMGCNA-N,-9.725
IGF1R,m01,mut_s1,detail,1,234,GSNNWCVFRNINCY-UHFFFAOYNA-N,-8.173
IGF1R,m01,mut_s1,detail,1,235,UIHGNJALPXKJRE-UHFFFAOYNA-N,-9.414
IGF1R,m01,mut_s1,detail,1,236,BBUDWIYSLGTZTQ-SGMUJJOCNA-N,-7.747
IGF1R,m01,mut_s1,detail,1,237,CBYYNSKRRKXPFV-LELJVTLKNA-N,-7.875
IGF1R,m01,mut_s1,detail,1,238,NMFTXZYZNCQGNR-MTTPVDACNA-N,-9.654
IGF1R,m01,mut_s1,detail,1,239,QTKARDGAUMDUCL-LAEKOWRLNA-N,-10.576
IGF1R,m01,mut_s1,detail,1,240,VNEQUOUVFXAVMH-SANMLTNENA-N,-8.327
IGF1R,m01,mut_s1,detail,1,241,IJPPTSNWQLJFSU-LNNLXFCONA-N,-7.995
IGF1R,m01,mut_s1,detail,1,242,DJQIFFIREHYQCT-OSPHWJPCNA-N,-7.946
IGF1R,m01,mut_s1,detail,1,243,KOZFSFOOLUUIGY-SLMOLSELNA-N,-10.201
IGF1R,m01,mut_s1,detail,1,244,WILPFKVTYXJQQV-ZMCXWUQGNA-N,-9.296
IGF1R,m01,mut_s1,detail,1,245,NZELHCGEQZMIBB-UHFFFAOYNA-N,-8.792
IGF1R,m01,mut_s1,detail,1,246,VKGWONFLJDZUKM-NSJMMFDCNA-N,-7.637
IGF1R,m01,mut_s1,detail,1,247,XUHSVEXCUONJNQ-PMERELPUNA-N,-8.795
IGF1R,m01,mut_s1,detail,1,248,ZFOAPODMCDEDHA-UHFFFAOYNA-N,-8.652
IGF1R,m01,mut_s1,detail,1,249,PZCSJBQJENRLHD-ULJJZXAINA-N,-7.326
IGF1R,m01,mut_s1,detail,1,250,IOSLXICJNAAKOP-ZFJUVRDGNA-N,-8.481
IGF1R,m01,mut_s1,detail,1,251,HUDCDZLLNLJTEW-RBSQRGBYNA-N,-9.133
IGF1R,m01,mut_s1,detail,1,252,IKUATMHYCWRCHC-XUIBWRPBNA-N,-9.294
IGF1R,m01,mut_s1,detail,1,253,HCEYJYMNIQHPPK-WKJNMVSGNA-N,-9.062
IGF1R,m01,mut_s1,detail,1,254,ZLEIPSPWAZJWJP-DHDJHLBQNA-N,-8.055
IGF1R,m01,mut_s1,detail,1,255,ZKDQUBKHXMXRRH-KUWNNRQRNA-N,-8.734
IGF1R,m02,mut_s1,detail,1,0,QGXBDMJGAMFCBF-WRZMNKJANA-N,-8.668
IGF1R,m02,mut_s1,detail,1,1,XZORRJGRPUBUJO-UHFFFAOYNA-N,-6.148
IGF1R,m02,mut_s1,detail,1,2,RIOOLQVLOZQLQJ-CYBMUJFWNA-N,-6.027
IGF1R,m02,mut_s1,detail,1,3,JMAMZIYMGUDBDZ-YAQRNVERNA-N,-6.582
IGF1R,m02,mut_s1,detail,1,4,SOHFVFXITPDEDK-GMNMMWFNNA-N,-6.919
IGF1R,m02,mut_s1,detail,1,5,HQPUBFWUNXGPNP-FECSGLDJNA-N,-6.332
IGF1R,m02,mut_s1,detail,1,6,URSPNXKDALRRBJ-FQFUPTBWNA-N,-7.214
IGF1R,m02,mut_s1,detail,1,7,MALHKRCDHFAKIM-GPQMBLKYNA-N,-6.963
IGF1R,m02,mut_s1,detail,1,8,VDGCRTGHEWIBAL-YAQRNVERNA-N,-6.781
IGF1R,m02,mut_s1,detail,1,9,VOWBZMVBYGELAY-UHFFFAOYNA-N,-7.905
IGF1R,m02,mut_s1,detail,1,10,GKBJOMPRUSWVJA-UHFFFAOYNA-N,-7.078
IGF1R,m02,mut_s1,detail,1,11,RQLXWVPRGJJWEK-BFHABQRXNA-N,-6.963
IGF1R,m02,mut_s1,detail,1,12,OQWMEUSTXXVVIU-NWANDNLSNA-N,-6.118
IGF1R,m02,mut_s1,detail,1,13,SVIIYVRLTJRIIR-UHFFFAOYNA-N,-7.112
IGF1R,m02,mut_s1,detail,1,14,XIQVFMHGZHWKNA-LILDFLRNNA-N,-7.776
IGF1R,m02,mut_s1,detail,1,15,ABQUFQQMQCPHOH-NCWAPJAINA-N,-6.424
IGF1R,m02,mut_s1,detail,1,16,BNGLUFUDMHHURB-UYBDAZJANA-N,-7.551
IGF1R,m02,mut_s1,detail,1,17,JXAGPFSGJKRKBY-UHFFFAOYNA-N,-7.502
IGF1R,m02,mut_s1,detail,1,18,DINPOPQNCDTVPQ-YGPBECBDNA-N,-6.694
IGF1R,m02,mut_s1,detail,1,19,FUMDYIGQJOCQBC-UHFFFAOYNA-N,-7.492
IGF1R,m02,mut_s1,detail,1,20,GLEVLJDDWXEYCO-WYUMXYHSNA-N,-7.412
IGF1R,m02,mut_s1,detail,1,21,PWCMYVJXHPBJNZ-FSHPWJEWNA-N,-6.384
IGF1R,m02,mut_s1,detail,1,22,CLPZQGXGPKJOMN-XWKXFZRBNA-N,-6.911
IGF1R,m02,mut_s1,detail,1,23,UFUOEKYHBCFTGW-RWJRRMEYNA-N,-6.464
IGF1R,m02,mut_s1,detail,1,24,CMNIOKDUTCZQJB-NDKGDYFDNA-N,-6.295
IGF1R,m02,mut_s1,detail,1,25,ZVNPQHHQIVQYPI-ZHACJKMWNA-N,-8.703
IGF1R,m02,mut_s1,detail,1,26,HHPYZGCOAAJZTN-NKWLYDBFNA-N,-7.22
IGF1R,m02,mut_s1,detail,1,27,ANYSYRVXKLTFPB-UHFFFAOYNA-N,-7.475
IGF1R,m02,mut_s1,detail,1,28,JISYUXULRDZARX-HCKMINDGNA-N,-7.242
IGF1R,m02,mut_s1,detail,1,29,VTLWDCDAVLVOHR-HCKMINDGNA-N,-7.38
IGF1R,m02,mut_s1,detail,1,30,BBMWNEXSYXLWEO-WYUMXYHSNA-N,-6.544
IGF1R,m02,mut_s1,detail,1,31,WZGCZUAYIBWZAN-YHSKDTNENA-N,-7.144
IGF1R,m02,mut_s1,detail,1,32,RVNORUCXEIIROU-UHFFFAOYNA-N,-7.749
IGF1R,m02,mut_s1,detail,1,33,ZTJZVOMEMRNYKF-JSGPKCTENA-N,-6.148
IGF1R,m02,mut_s1,detail,1,34,WQKOQOZXZQJNRC-GPQMBLKYNA-N,-7.805
IGF1R,m02,mut_s1,detail,1,35,WKLBCLNIAGUINH-GAJRPKRDNA-N,-6.572
IGF1R,m02,mut_s1,detail,1,36,ZVOVGLCUMDQIHF-VPQZEOPVNA-N,-6.234
IGF1R,m02,mut_s1,detail,1,37,UGKZABQBFUBOFG-WDFGQQGSNA-N,-6.526
IGF1R,m02,mut_s1,detail,1,38,RTJRNIJPLOVJLH-WYUMXYHSNA-N,-6.721
IGF1R,m02,mut_s1,detail,1,39,MUJCQGFFHCARCQ-UYBDAZJANA-N,-8.783
IGF1R,m02,mut_s1,detail,1,40,FZSPJBYOKQPKCD-VIFPVBQENA-N,-5.806
IGF1R,m02,mut_s1,detail,1,41,RWPHPOMFTPAOAS-JLGFQASFNA-N,-7.476
IGF1R,m02,mut_s1,detail,1,42,ZXVNJVRABSCRGU-GPQMBLKYNA-N,-7.341
IGF1R,m02,mut_s1,detail,1,43,KZAOEMMZRGEBST-OOGKJWBGNA-N,-7.984
IGF1R,m02,mut_s1,detail,1,44,NEIVPRTZAHUZEA-WYUMXYHSNA-N,-6.394
IGF1R,m02,mut_s1,detail,1,45,PYKJFEPAUKAXNN-UHFFFAOYNA-N,-7.009
IGF1R,m02,mut_s1,detail,1,46,BPUNDQLKPUIGBR-GPQMBLKYNA-N,-6.851
IGF1R,m02,mut_s1,detail,1,47,WDFLSTQJUFMIIW-UHFFFAOYNA-N,-7.366
IGF1R,m02,mut_s1,detail,1,48,BJLQEYLWUSSEKH-CMPMBVLYNA-N,-7.263
IGF1R,m02,mut_s1,detail,1,49,HZUGIOKMHRUHMF-ADJYBIKJNA-N,-7.433
IGF1R,m02,mut_s1,detail,1,50,PBWQQQLCZDQSET-XWKXFZRBNA-N,-6.025
IGF1R,m02,mut_s1,detail,1,51,ISSLSGLIFQSYJA-HCKMINDGNA-N,-7.281
IGF1R,m02,mut_s1,detail,1,52,OAXDEJIQWHXCJI-UHFFFAOYNA-N,-7.147
IGF1R,m02,mut_s1,detail,1,53,BCJVFDDJSOEKKQ-UHFFFAOYNA-N,-7.336
IGF1R,m02,mut_s1,detail,1,54,QFJGCDWXDUDFAD-UHFFFAOYNA-N,-8.456
IGF1R,m02,mut_s1,detail,1,55,JVBGNPPYXIWVPH-WYCIUFAENA-N,-5.384
IGF1R,m02,mut_s1,detail,1,56,BYJAVTDNIXVSPW-YHMJCDSINA-N,-6.46
IGF1R,m02,mut_s1,detail,1,57,MQGMUPFWCDYDFO-UHFFFAOYNA-N,-7.986
IGF1R,m02,mut_s1,detail,1,58,OACAJASVXJLTAT-UHFFFAOYNA-N,-6.886
IGF1R,m02,mut_s1,detail,1,59,AQSGGOLDOQGOAO-FNCQTZNRNA-N,-6.168
IGF1R,m02,mut_s1,detail,1,60,SOBHKZHLCOJHTI-YHMJCDSINA-N,-7.107
IGF1R,m02,mut_s1,detail,1,61,NUFCOZJTDHUROG-PKGMMKRDNA-N,-6.573
IGF1R,m02,mut_s1,detail,1,62,KZTOUMBNPVCTLR-GFJIPZKJNA-N,-8.169
IGF1R,m02,mut_s1,detail,1,63,CLEMZXMGJNNUTH-LILDFLRNNA-N,-8.231
IGF1R,m02,mut_s1,detail,1,64,MXRJUMCOVVUCLC-UHFFFAOYNA-N,-8.21
IGF1R,m02,mut_s1,detail,1,65,HZDIAENSPHDHRS-UHFFFAOYNA-N,-6.608
IGF1R,m02,mut_s1,detail,1,66,CHDODAJYQOTMTK-PKSOQXRJNA-N,-7.071
IGF1R,m02,mut_s1,detail,1,67,VRFRJWXCOPEIII-QWOVJGMINA-N,-8.327
IGF1R,m02,mut_s1,detail,1,68,WTOLVFBACFWUSN-QGOAFFKANA-N,-8.617
IGF1R,m02,mut_s1,detail,1,69,KDJZDSPTXVFGOF-NPVYFSBINA-N,-8.342
IGF1R,m02,mut_s1,detail,1,70,MUXXNOOBECTQPY-UHFFFAOYNA-N,-6.701
IGF1R,m02,mut_s1,detail,1,71,OBUUPTPELQALTE-UYBDAZJANA-N,-7.144
IGF1R,m02,mut_s1,detail,1,72,FKOXOEKZVRISIU-NPVYFSBINA-N,-7.287
IGF1R,m02,mut_s1,detail,1,73,ZOKNKPRORGNRMQ-BXBDENJDNA-N,-7.337
IGF1R,m02,mut_s1,detail,1,74,KWJAZTNSKVNVEC-UHFFFAOYNA-N,-7.012
IGF1R,m02,mut_s1,detail,1,75,RPBVHEVTQXVWDL-NGZNMCPLNA-N,-8.243
IGF1R,m02,mut_s1,detail,1,76,ZSKKLMIULIVRSI-QWOVJGMINA-N,-7.749
IGF1R,m02,mut_s1,detail,1,77,VLKGZJJKNXFENI-LILDFLRNNA-N,-7.181
IGF1R,m02,mut_s1,detail,1,78,NCKZVQLIUXCUQF-UHFFFAOYNA-N,-7.018
IGF1R,m02,mut_s1,detail,1,79,TYYOBUBDDDDKPC-UHFFFAOYNA-N,-8.511
IGF1R,m02,mut_s1,detail,1,80,AQMRDIZFWYYMBQ-QWOVJGMINA-N,-8.236
IGF1R,m02,mut_s1,detail,1,81,IVRPZSQLORCONO-UHFFFAOYNA-N,-7.944
IGF1R,m02,mut_s1,detail,1,82,IRNFLRZZSCRLSQ-NPVYFSBINA-N,-8.185
IGF1R,m02,mut_s1,detail,1,83,UUMBQVLEWSWSOO-GPQMBLKYNA-N,-8.528
IGF1R,m02,mut_s1,detail,1,84,ASCHVCPAOUSKIZ-GPQMBLKYNA-N,-8.258
IGF1R,m02,mut_s1,detail,1,85,NVGGHEIBFBOAHY-UHFFFAOYNA-N,-8.858
IGF1R,m02,mut_s1,detail,1,86,JIOIPFWJCUUZEU-PKSOQXRJNA-N,-7.902
IGF1R,m02,mut_s1,detail,1,87,RGAJQRZKKQXIEQ-XBTAAFKLNA-N,-5.762
IGF1R,m02,mut_s1,detail,1,88,DOVBELPPXZSOPX-UHFFFAOYNA-N,-8.102
IGF1R,m02,mut_s1,detail,1,89,VFOWTBWNNOVCPH-WJDWOHSUNA-N,-7.685
IGF1R,m02,mut_s1,detail,1,90,HKWNGVFHUCRTTQ-QVUQFMIFNA-N,-8.326
IGF1R,m02,mut_s1,detail,1,91,VPMBMFYJJPEBKS-XBTAAFKLNA-N,-8.103
IGF1R,m02,mut_s1,detail,1,92,OPIXMYPGGYYGRV-PKSOQXRJNA-N,-8.452
IGF1R,m02,mut_s1,detail,1,93,ASWFTNOPBUOHSG-UHFFFAOYNA-N,-8.931
IGF1R,m02,mut_s1,detail,1,94,YIFJQOSOEFTEHM-QWOVJGMINA-N,-7.937
IGF1R,m02,mut_s1,detail,1,95,CYRPZNLZOLVKKM-PKSOQXRJNA-N,-7.4
IGF1R,m02,mut_s1,detail,1,96,PSRSNNQFQFGFKV-QWOVJGMINA-N,-8.086
IGF1R,m02,mut_s1,detail,1,97,PSJJZUSBTGJHEC-WYUMXYHSNA-N,-7.401
IGF1R,m02,mut_s1,detail,1,98,RCTHTZYLLISDPT-VVKINWOJNA-N,-8.163
IGF1R,m02,mut_s1,detail,1,99,UNWANCHXNSSIJJ-PKSOQXRJNA-N,-8.166
IGF1R,m02,mut_s1,detail,1,100,OJBGHXIETMBPHZ-UHFFFAOYNA-N,-7.234
IGF1R,m02,mut_s1,detail,1,101,KNDRDFFUMNHLRJ-LILDFLRNNA-N,-7.959
IGF1R,m02,mut_s1,detail,1,102,PBGALVWBACEVEC-QWOVJGMINA-N,-8.865
IGF1R,m02,mut_s1,detail,1,103,SRLVRCUUJBEIBP-UHFFFAOYNA-N,-7.889
IGF1R,m02,mut_s1,detail,1,104,UVGHDRGQXQVMNW-UHFFFAOYNA-N,-7.547
IGF1R,m02,mut_s1,detail,1,105,YIUJUFFZJHPDAY-SDRQFZCRNA-N,-7.769
IGF1R,m02,mut_s1,detail,1,106,UYPODJSKAAJGNR-UYBDAZJANA-N,-7.48
IGF1R,m02,mut_s1,detail,1,107,YWMYHDFGDRTCPV-BXGKXWMCNA-N,-8.294
IGF1R,m02,mut_s1,detail,1,108,RPVJOFUOUDWRGV-LILDFLRNNA-N,-8.231
IGF1R,m02,mut_s1,detail,1,109,LUKGDWAOTYXHEM-XBTAAFKLNA-N,-8.512
IGF1R,m02,mut_s1,detail,1,110,CHJMEHVGESAPSR-UHFFFAOYNA-N,-8.004
IGF1R,m02,mut_s1,detail,1,111,JDZNTGMSMHYYCY-NPVYFSBINA-N,-8.49
IGF1R,m02,mut_s1,detail,1,112,CRZKGBDGHDTLNN-UHFFFAOYNA-N,-6.859
IGF1R,m02,mut_s1,detail,1,113,ALLYNSCMTRSFNH-UHFFFAOYNA-N,-7.807
IGF1R,m02,mut_s1,detail,1,114,HTVVQAPUWGNILV-PKSOQXRJNA-N,-9.16
IGF1R,m02,mut_s1,detail,1,115,HEKHUTSUFJPTQY-UHFFFAOYNA-N,-7.989
IGF1R,m02,mut_s1,detail,1,116,ZTTIICUFHXUACO-HNENSFHCNA-N,-7.062
IGF1R,m02,mut_s1,detail,1,117,GYJDRNKSYOJANZ-QVUQFMIFNA-N,-8.225
IGF1R,m02,mut_s1,detail,1,118,QSBMVUOOXXRNFY-UHFFFAOYNA-N,-8.569
IGF1R,m02,mut_s1,detail,1,119,VRMMQHDQMURNDV-PGYIFSQXNA-N,-6.722
IGF1R,m02,mut_s1,detail,1,120,FHGICQLRHVZVCW-TWSYTRIPNA-N,-7.646
IGF1R,m02,mut_s1,detail,1,121,WWZHRJDMAZBTGY-WYUMXYHSNA-N,-7.626
IGF1R,m02,mut_s1,detail,1,122,GXHBBVOBKJURCM-UHFFFAOYNA-N,-7.355
IGF1R,m02,mut_s1,detail,1,123,GKJWYULRCHAYTN-UYBDAZJANA-N,-8.133
IGF1R,m02,mut_s1,detail,1,124,LJFRBCQBJFKUBA-LILDFLRNNA-N,-9.204
IGF1R,m02,mut_s1,detail,1,125,JGJYHHGYTXVQLH-MZSCVVMKNA-N,-6.908
IGF1R,m02,mut_s1,detail,1,126,WJPDMYDDAMHBSE-UZYVYHOENA-N,-8.82
IGF1R,m02,mut_s1,detail,1,127,GVOMJEIYRXTYCN-LILDFLRNNA-N,-8.01
IGF1R,m02,mut_s1,detail,1,128,LTZVLHHIAUKGBP-LELJVTLKNA-N,-8.227
IGF1R,m02,mut_s1,detail,1,129,FIKLOQNDPSVUGH-LBOYIXSDNA-N,-8.269
IGF1R,m02,mut_s1,detail,1,130,GIEJIAIRYKSRHU-MPIMZMORNA-N,-8.009
IGF1R,m02,mut_s1,detail,1,131,XFKYWJPYYRTYBR-ODOKVQCSNA-N,-7.221
IGF1R,m02,mut_s1,detail,1,132,PKSFLOGCPXWJIU-MEDUHNTENA-N,-8.422
IGF1R,m02,mut_s1,detail,1,133,JLHJTKOPNATISN-LELJVTLKNA-N,-8.28
IGF1R,m02,mut_s1,detail,1,134,GUBNROKMFNBDBZ-GRDNDAEWNA-N,-7.589
IGF1R,m02,mut_s1,detail,1,135,KGCQIOUZEREWDG-UHFFFAOYNA-N,-8.455
IGF1R,m02,mut_s1,detail,1,136,DWDHSAAOHLDDKE-QWOVJGMINA-N,-6.926
IGF1R,m02,mut_s1,detail,1,137,XSTAWOGBOKIKIE-UKZVOYCKNA-N,-7.607
IGF1R,m02,mut_s1,detail,1,138,OWXORKPNCHJYOF-JFRKDZMVNA-N,-8.29
IGF1R,m02,mut_s1,detail,1,139,MQOILMOKFLJWRN-KYCGMZMQNA-N,-8.724
IGF1R,m02,mut_s1,detail,1,140,BJROQKFYPRCGFD-LQFNOIFHNA-N,-8.601
IGF1R,m02,mut_s1,detail,1,141,PLWVUIRWJVKSSD-XBXARRHUNA-N,-7.815
IGF1R,m02,mut_s1,detail,1,142,HFWSIVHELHSGJY-JJIBRWJFNA-N,-7.884
IGF1R,m02,mut_s1,detail,1,143,QMHSEIOSCQWTPQ-LNNLXFCONA-N,-6.847
IGF1R,m02,mut_s1,detail,1,144,FBHVHCWHAVLWJT-OYSRHTCDNA-N,-6.762
IGF1R,m02,mut_s1,detail,1,145,CEZNOHQWEHKPJP-LQFNOIFHNA-N,-8.419
IGF1R,m02,mut_s1,detail,1,146,KOFRNRJMKWZBMR-RVJKNMGLNA-N,-7.621
IGF1R,m02,mut_s1,detail,1,147,PGPPCCZSDRAQKA-SYZQJQIINA-N,-6.97
IGF1R,m02,mut_s1,detail,1,148,VGUBMLBOECHPGN-MHEVPKQANA-N,-8.084
IGF1R,m02,mut_s1,detail,1,149,PCORSCGAGFGSSR-UHFFFAOYNA-N,-7.398
IGF1R,m02,mut_s1,detail,1,150,JGNCAWPKZCFGOI-BXGKXWMCNA-N,-8.353
IGF1R,m02,mut_s1,detail,1,151,ULONVLUMOUFCID-LNNLXFCONA-N,-8.849
IGF1R,m02,mut_s1,detail,1,152,HCPHOPNEKKCOEN-LNNLXFCONA-N,-8.288
IGF1R,m02,mut_s1,detail,1,153,OMJCCYYNBCJNOL-FVAMHUBNNA-N,-8.435
IGF1R,m02,mut_s1,detail,1,154,SZUCFANUUBSCPX-PJQSKVNONA-N,-8.26
IGF1R,m02,mut_s1,detail,1,155,QHLRKDSRGUZHSH-UHFFFAOYNA-N,-7.673
IGF1R,m02,mut_s1,detail,1,156,QUFUFSGGBADBIH-UHFFFAOYNA-N,-7.981
IGF1R,m02,mut_s1,detail,1,157,WPBGBXPZNCPYQB-UHFFFAOYNA-N,-8.461
IGF1R,m02,mut_s1,detail,1,158,BXVSKXWPXKQTOL-UHFFFAOYNA-N,-7.584
IGF1R,m02,mut_s1,detail,1,159,WNELYPHBVMGNQP-UHFFFAOYNA-N,-8.21
IGF1R,m02,mut_s1,detail,1,160,POOIONRPVWIUHF-LQFNOIFHNA-N,-7.558
IGF1R,m02,mut_s1,detail,1,161,NZPQBADYZFTGOT-UHFFFAOYNA-N,-7.845
IGF1R,m02,mut_s1,detail,1,162,MAOZUYDDGGFCKF-WFELUYCUNA-N,-7.26
IGF1R,m02,mut_s1,detail,1,163,PEANHJHNIYISMY-UHFFFAOYNA-N,-7.652
IGF1R,m02,mut_s1,detail,1,164,ABFVBWQMBVYWMV-UHFFFAOYNA-N,-7.812
IGF1R,m02,mut_s1,detail,1,165,UMUOTXHWTLGGIP-QWOVJGMINA-N,-8.4
IGF1R,m02,mut_s1,detail,1,166,NYVXKWVMQVVBRC-QWOVJGMINA-N,-7.945
IGF1R,m02,mut_s1,detail,1,167,OVGDAEHQLCSRDI-UHFFFAOYNA-N,-6.431
IGF1R,m02,mut_s1,detail,1,168,BZXWWWGSEIRPLV-UHFFFAOYNA-N,-8.207
IGF1R,m02,mut_s1,detail,1,169,FXGKAQHXFGXOPR-UHFFFAOYNA-N,-8.113
IGF1R,m02,mut_s1,detail,1,170,HVIXAPJIOPIFIY-UHFFFAOYNA-N,-7.344
IGF1R,m02,mut_s1,detail,1,171,LIRQEBOXUUPWJJ-LNNLXFCONA-N,-8.562
IGF1R,m02,mut_s1,detail,1,172,ZDIIOUBKRSIUED-LQFNOIFHNA-N,-8.872
IGF1R,m02,mut_s1,detail,1,173,LTWUSAKSGJMCRY-UHFFFAOYNA-N,-8.12
IGF1R,m02,mut_s1,detail,1,174,PNDIKCGLYJOYIK-UYBDAZJANA-N,-7.92
IGF1R,m02,mut_s1,detail,1,175,MGSHIAIRIYECSG-MPIMZMORNA-N,-7.244
IGF1R,m02,mut_s1,detail,1,176,MVWYIUZSZIETFZ-KYUNMXQPNA-N,-8.548
IGF1R,m02,mut_s1,detail,1,177,XGTOSEODMLDCBR-UHFFFAOYNA-N,-7.568
IGF1R,m02,mut_s1,detail,1,178,NYHRLEZMHRGFLZ-UYBDAZJANA-N,-7.256
IGF1R,m02,mut_s1,detail,1,179,KZGNFRGGQVBHRV-UHFFFAOYNA-N,-8.704
IGF1R,m02,mut_s1,detail,1,180,SXXXSTPMDGKOCH-LQFNOIFHNA-N,-8.495
IGF1R,m02,mut_s1,detail,1,181,VJGFWNZWHKBDNN-HPHMPNDVNA-N,-7.584
IGF1R,m02,mut_s1,detail,1,182,SBLZEXLDNURADT-LELJVTLKNA-N,-6.777
IGF1R,m02,mut_s1,detail,1,183,OINVQDVVQWTWJM-YNGZFIAGNA-N,-7.997
IGF1R,m02,mut_s1,detail,1,184,RJZHELXWHJKNAM-NPVYFSBINA-N,-7.622
IGF1R,m02,mut_s1,detail,1,185,MAXGWTGCLOXELV-UHFFFAOYNA-N,-8.802
IGF1R,m02,mut_s1,detail,1,186,PNHBRYIAJCYNDA-VQCQRNETNA-N,-9.384
IGF1R,m02,mut_s1,detail,1,187,QGZIKUYIROAFSE-QWOVJGMINA-N,-7.41
IGF1R,m02,mut_s1,detail,1,188,QTIJDOJTNOHQTC-WQGACYEGNA-N,-7.822
IGF1R,m02,mut_s1,detail,1,189,OMLLGNQJKXQVKT-TUXCJRKWNA-N,-8.007
IGF1R,m02,mut_s1,detail,1,190,FNLHLKPQZWPTTK-UHFFFAOYNA-N,-7.875
IGF1R,m02,mut_s1,detail,1,191,XBPLTFIKHVYSDD-UHFFFAOYNA-N,-8.81
IGF1R,m02,mut_s1,detail,1,192,VEXPKIRCYBYITI-BEFZCSJLNA-N,-10.486
IGF1R,m02,mut_s1,detail,1,193,WDVQKHWASUJMRH-LNNLXFCONA-N,-9.546
IGF1R,m02,mut_s1,detail,1,194,DAUHEXDIKFZUFM-BZCDMSEBNA-N,-8.664
IGF1R,m02,mut_s1,detail,1,195,HCFHHWIWTWPKFH-UHFFFAOYNA-N,-7.596
IGF1R,m02,mut_s1,detail,1,196,PIFJHAXQZFBLCQ-ZVBCKELPNA-N,-8.578
IGF1R,m02,mut_s1,detail,1,197,CGBYUWXVJWRJIR-LLJNPURJNA-N,-7.585
IGF1R,m02,mut_s1,detail,1,198,CLHNZVNBTRJSNX-NSJMMFDCNA-N,-7.92
IGF1R,m02,mut_s1,detail,1,199,JKMJQRRLCJXPOK-SREBMQDQNA-N,-8.261
IGF1R,m02,mut_s1,detail,1,200,HHXLRWIDFFFFKX-LELJVTLKNA-N,-8.061
IGF1R,m02,mut_s1,detail,1,201,BZCFDJGFEXLRFA-NYHNBARNNA-N,-8.999
IGF1R,m02,mut_s1,detail,1,202,IEZNLWGERBHQJK-KEAFGAQVNA-N,-9.04
IGF1R,m02,mut_s1,detail,1,203,ZBJYTLVBCAOWHI-PKRZOPRNNA-N,-7.776
IGF1R,m02,mut_s1,detail,1,204,FGMQRSXQOIDDJD-PKRZOPRNNA-N,-7.365
IGF1R,m02,mut_s1,detail,1,205,XDGHTBHPIPZHLJ-KMZMRBKQNA-N,-9.148
IGF1R,m02,mut_s1,detail,1,206,WSGZHZGDPVCVHF-UHFFFAOYNA-N,-9.851
IGF1R,m02,mut_s1,detail,1,207,HXWAXUQSZMRTTE-YLBMWQQONA-N,-7.823
IGF1R,m02,mut_s1,detail,1,208,FCZVXTBFAYFUHQ-UHFFFAOYNA-N,-9.798
IGF1R,m02,mut_s1,detail,1,209,YAZOIIMRVUPEOT-DHDJHLBQNA-N,-7.635
IGF1R,m02,mut_s1,detail,1,210,KVNQZVOXEZCBRJ-PECRYQBZNA-N,-8.437
IGF1R,m02,mut_s1,detail,1,211,IYBSHHORKOCFKZ-LNNLXFCONA-N,-8.524
IGF1R,m02,mut_s1,detail,1,212,RSTMZFOEDVJAHN-OXBUWGKVNA-N,-8.686
IGF1R,m02,mut_s1,detail,1,213,NYWCANYSFKVUNN-UHFFFAOYNA-N,-7.994
IGF1R,m02,mut_s1,detail,1,214,XFQNPVRVZXSQSI-IVGLCWOSNA-N,-9.173
IGF1R,m02,mut_s1,detail,1,215,HXGZQYVBZUMUDK-HXTKINSTNA-N,-7.967
IGF1R,m02,mut_s1,detail,1,216,BKWBUUYCHYLRLF-NSJMMFDCNA-N,-6.595
IGF1R,m02,mut_s1,detail,1,217,JRRKWFRTDFOWAB-XDUJAMRANA-N,-7.938
IGF1R,m02,mut_s1,detail,1,218,FPOLFSCTFRBBHI-QGZVFWFLNA-N,-8.557
IGF1R,m02,mut_s1,detail,1,219,RPPDOGWFJZOEQX-LVWGJNHUNA-N,-6.884
IGF1R,m02,mut_s1,detail,1,220,JYOPBQURUBDKLK-LELJVTLKNA-N,-8.253
IGF1R,m02,mut_s1,detail,1,221,LNENLABLFGGAFF-INUABGGHNA-N,-8.608
IGF1R,m02,mut_s1,detail,1,222,BAQVKFUOCGTGBI-FCDIKQFGNA-N,-9.395
IGF1R,m02,mut_s1,detail,1,223,SYJAKTNXXAWUQU-BYGYBERANA-N,-8.224
IGF1R,m02,mut_s1,detail,1,224,KCFZFOHSAGLLGQ-LUBWAWCANA-N,-8.409
IGF1R,m02,mut_s1,detail,1,225,LDJWHJQMWPYZLV-WHDAICOONA-N,-8.961
IGF1R,m02,mut_s1,detail,1,226,AXUDSCZCBZMENI-UHFFFAOYNA-N,-7.815
IGF1R,m02,mut_s1,detail,1,227,DDXHLMOKYYMXTK-OBAATPRFNA-N,-8.311
IGF1R,m02,mut_s1,detail,1,228,KTOSTKQYNJBYHF-PKOBYXMFNA-N,-8.1
IGF1R,m02,mut_s1,detail,1,229,ZCFWJPJEBJVXTO-UHFFFAOYNA-N,-10.277
IGF1R,m02,mut_s1,detail,1,230,NJVFOFMHUJJIMB-UHFFFAOYNA-N,-8.582
IGF1R,m02,mut_s1,detail,1,231,XUEQVOGPWKWKNT-XBXBPLPCNA-N,-7.495
IGF1R,m02,mut_s1,detail,1,232,MLFYMBALEIQTEJ-LBOYIXSDNA-N,-8.04
IGF1R,m02,mut_s1,detail,1,233,AETJFEZDSLASSU-XTEPFMGCNA-N,-9.291
IGF1R,m02,mut_s1,detail,1,234,GSNNWCVFRNINCY-UHFFFAOYNA-N,-8.586
IGF1R,m02,mut_s1,detail,1,235,UIHGNJALPXKJRE-UHFFFAOYNA-N,-9.188
IGF1R,m02,mut_s1,detail,1,236,BBUDWIYSLGTZTQ-SGMUJJOCNA-N,-9.27
IGF1R,m02,mut_s1,detail,1,237,CBYYNSKRRKXPFV-LELJVTLKNA-N,-7.751
IGF1R,m02,mut_s1,detail,1,238,NMFTXZYZNCQGNR-MTTPVDACNA-N,-9.505
IGF1R,m02,mut_s1,detail,1,239,QTKARDGAUMDUCL-LAEKOWRLNA-N,-9.093
IGF1R,m02,mut_s1,detail,1,240,VNEQUOUVFXAVMH-SANMLTNENA-N,-6.932
IGF1R,m02,mut_s1,detail,1,241,IJPPTSNWQLJFSU-LNNLXFCONA-N,-8.03
IGF1R,m02,mut_s1,detail,1,242,DJQIFFIREHYQCT-OSPHWJPCNA-N,-9.745
IGF1R,m02,mut_s1,detail,1,243,KOZFSFOOLUUIGY-SLMOLSELNA-N,-9.205
IGF1R,m02,mut_s1,detail,1,244,WILPFKVTYXJQQV-ZMCXWUQGNA-N,-8.006
IGF1R,m02,mut_s1,detail,1,245,NZELHCGEQZMIBB-UHFFFAOYNA-N,-8.635
IGF1R,m02,mut_s1,detail,1,246,VKGWONFLJDZUKM-NSJMMFDCNA-N,-8.211
IGF1R,m02,mut_s1,detail,1,247,XUHSVEXCUONJNQ-PMERELPUNA-N,-7.749
IGF1R,m02,mut_s1,detail,1,248,ZFOAPODMCDEDHA-UHFFFAOYNA-N,-8.696
IGF1R,m02,mut_s1,detail,1,249,PZCSJBQJENRLHD-ULJJZXAINA-N,-7.471
IGF1R,m02,mut_s1,detail,1,250,IOSLXICJNAAKOP-ZFJUVRDGNA-N,-8.106
IGF1R,m02,mut_s1,detail,1,251,HUDCDZLLNLJTEW-RBSQRGBYNA-N,-8.23
IGF1R,m02,mut_s1,detail,1,252,IKUATMHYCWRCHC-XUIBWRPBNA-N,-9.086
IGF1R,m02,mut_s1,detail,1,253,HCEYJYMNIQHPPK-WKJNMVSGNA-N,-8.902
IGF1R,m02,mut_s1,detail,1,254,ZLEIPSPWAZJWJP-DHDJHLBQNA-N,-8.769
IGF1R,m02,mut_s1,detail,1,255,ZKDQUBKHXMXRRH-KUWNNRQRNA-N,-8.341
IGF1R,m03,mut_s1,detail,1,0,QGXBDMJGAMFCBF-WRZMNKJANA-N,-7.783
IGF1R,m03,mut_s1,detail,1,1,XZORRJGRPUBUJO-UHFFFAOYNA-N,-6.12
IGF1R,m03,mut_s1,detail,1,2,RIOOLQVLOZQLQJ-CYBMUJFWNA-N,-6.132
IGF1R,m03,mut_s1,detail,1,3,JMAMZIYMGUDBDZ-YAQRNVERNA-N,-6.459
IGF1R,m03,mut_s1,detail,1,4,SOHFVFXITPDEDK-GMNMMWFNNA-N,-7.724
IGF1R,m03,mut_s1,detail,1,5,HQPUBFWUNXGPNP-FECSGLDJNA-N,-6.257
IGF1R,m03,mut_s1,detail,1,6,URSPNXKDALRRBJ-FQFUPTBWNA-N,-7.412
IGF1R,m03,mut_s1,detail,1,7,MALHKRCDHFAKIM-GPQMBLKYNA-N,-7.629
IGF1R,m03,mut_s1,detail,1,8,VDGCRTGHEWIBAL-YAQRNVERNA-N,-7.112
IGF1R,m03,mut_s1,detail,1,9,VOWBZMVBYGELAY-UHFFFAOYNA-N,-7.327
IGF1R,m03,mut_s1,detail,1,10,GKBJOMPRUSWVJA-UHFFFAOYNA-N,-6.707
IGF1R,m03,mut_s1,detail,1,11,RQLXWVPRGJJWEK-BFHABQRXNA-N,-6.82
IGF1R,m03,mut_s1,detail,1,12,OQWMEUSTXXVVIU-NWANDNLSNA-N,-6.364
IGF1R,m03,mut_s1,detail,1,13,SVIIYVRLTJRIIR-UHFFFAOYNA-N,-7.099
IGF1R,m03,mut_s1,detail,1,14,XIQVFMHGZHWKNA-LILDFLRNNA-N,-8.182
IGF1R,m03,mut_s1,detail,1,15,ABQUFQQMQCPHOH-NCWAPJAINA-N,-6.542
IGF1R,m03,mut_s1,detail,1,16,BNGLUFUDMHHURB-UYBDAZJANA-N,-7.377
IGF1R,m03,mut_s1,detail,1,17,JXAGPFSGJKRKBY-UHFFFAOYNA-N,-7.619
IGF1R,m03,mut_s1,detail,1,18,DINPOPQNCDTVPQ-YGPBECBDNA-N,-7.184
IGF1R,m03,mut_s1,detail,1,19,FUMDYIGQJOCQBC-UHFFFAOYNA-N,-7.137
IGF1R,m03,mut_s1,detail,1,20,GLEVLJDDWXEYCO-WYUMXYHSNA-N,-7.296
IGF1R,m03,mut_s1,detail,1,21,PWCMYVJXHPBJNZ-FSHPWJEWNA-N,-6.059
IGF1R,m03,mut_s1,detail,1,22,CLPZQGXGPKJOMN-XWKXFZRBNA-N,-7.21
IGF1R,m03,mut_s1,detail,1,23,UFUOEKYHBCFTGW-RWJRRMEYNA-N,-6.811
IGF1R,m03,mut_s1,detail,1,24,CMNIOKDUTCZQJB-NDKGDYFDNA-N,-6.339
IGF1R,m03,mut_s1,detail,1,25,ZVNPQHHQIVQYPI-ZHACJKMWNA-N,-8.898
IGF1R,m03,mut_s1,detail,1,26,HHPYZGCOAAJZTN-NKWLYDBFNA-N,-7.318
IGF1R,m03,mut_s1,detail,1,27,ANYSYRVXKLTFPB-UHFFFAOYNA-N,-7.166
IGF1R,m03,mut_s1,detail,1,28,JISYUXULRDZARX-HCKMINDGNA-N,-7.252
IGF1R,m03,mut_s1,detail,1,29,VTLWDCDAVLVOHR-HCKMINDGNA-N,-7.568
IGF1R,m03,mut_s1,detail,1,30,BBMWNEXSYXLWEO-WYUMXYHSNA-N,-6.694
IGF1R,m03,mut_s1,detail,1,31,WZGCZUAYIBWZAN-YHSKDTNENA-N,-7.209
IGF1R,m03,mut_s1,detail,1,32,RVNORUCXEIIROU-UHFFFAOYNA-N,-8.041
IGF1R,m03,mut_s1,detail,1,33,ZTJZVOMEMRNYKF-JSGPKCTENA-N,-6.313
IGF1R,m03,mut_s1,detail,1,34,WQKOQOZXZQJNRC-GPQMBLKYNA-N,-8.891
IGF1R,m03,mut_s1,detail,1,35,WKLBCLNIAGUINH-GAJRPKRDNA-N,-6.084
IGF1R,m03,mut_s1,detail,1,36,ZVOVGLCUMDQIHF-VPQZEOPVNA-N,-6.398
IGF1R,m03,mut_s1,detail,1,37,UGKZABQBFUBOFG-WDFGQQGSNA-N,-6.757
IGF1R,m03,mut_s1,detail,1,38,RTJRNIJPLOVJLH-WYUMXYHSNA-N,-6.643
IGF1R,m03,mut_s1,detail,1,39,MUJCQGFFHCARCQ-UYBDAZJANA-N,-8.979
IGF1R,m03,mut_s1,detail,1,40,FZSPJBYOKQPKCD-VIFPVBQENA-N,-6.058
IGF1R,m03,mut_s1,detail,1,41,RWPHPOMFTPAOAS-JLGFQASFNA-N,-7.409
IGF1R,m03,mut_s1,detail,1,42,ZXVNJVRABSCRGU-GPQMBLKYNA-N,-7.567
IGF1R,m03,mut_s1,detail,1,43,KZAOEMMZRGEBST-OOGKJWBGNA-N,-7.54
IGF1R,m03,mut_s1,detail,1,44,NEIVPRTZAHUZEA-WYUMXYHSNA-N,-6.106
IGF1R,m03,mut_s1,detail,1,45,PYKJFEPAUKAXNN-UHFFFAOYNA-N,-6.843
IGF1R,m03,mut_s1,detail,1,46,BPUNDQLKPUIGBR-GPQMBLKYNA-N,-7.182
IGF1R,m03,mut_s1,detail,1,47,WDFLSTQJUFMIIW-UHFFFAOYNA-N,-7.695
IGF1R,m03,mut_s1,detail,1,48,BJLQEYLWUSSEKH-CMPMBVLYNA-N,-7.401
IGF1R,m03,mut_s1,detail,1,49,HZUGIOKMHRUHMF-ADJYBIKJNA-N,-7.445
IGF1R,m03,mut_s1,detail,1,50,PBWQQQLCZDQSET-XWKXFZRBNA-N,-5.46
IGF1R,m03,mut_s1,detail,1,51,ISSLSGLIFQSYJA-HCKMINDGNA-N,-7.398
IGF1R,m03,mut_s1,detail,1,52,OAXDEJIQWHXCJI-UHFFFAOYNA-N,-7.403
IGF1R,m03,mut_s1,detail,1,53,BCJVFDDJSOEKKQ-UHFFFAOYNA-N,-7.023
IGF1R,m03,mut_s1,detail,1,54,QFJGCDWXDUDFAD-UHFFFAOYNA-N,-8.753
IGF1R,m03,mut_s1,detail,1,55,JVBGNPPYXIWVPH-WYCIUFAENA-N,-5.466
IGF1R,m03,mut_s1,detail,1,56,BYJAVTDNIXVSPW-YHMJCDSINA-N,-6.907
IGF1R,m03,mut_s1,detail,1,57,MQGMUPFWCDYDFO-UHFFFAOYNA-N,-6.973
IGF1R,m03,mut_s1,detail,1,58,OACAJASVXJLTAT-UHFFFAOYNA-N,-7.303
IGF1R,m03,mut_s1,detail,1,59,AQSGGOLDOQGOAO-FNCQTZNRNA-N,-6.352
IGF1R,m03,mut_s1,detail,1,60,SOBHKZHLCOJHTI-YHMJCDSINA-N,-7.221
IGF1R,m03,mut_s1,detail,1,61,NUFCOZJTDHUROG-PKGMMKRDNA-N,-7.037
IGF1R,m03,mut_s1,detail,1,62,KZTOUMBNPVCTLR-GFJIPZKJNA-N,-8.387
IGF1R,m03,mut_s1,detail,1,63,CLEMZXMGJNNUTH-LILDFLRNNA-N,-8.786
IGF1R,m03,mut_s1,detail,1,64,MXRJUMCOVVUCLC-UHFFFAOYNA-N,-8.25
IGF1R,m03,mut_s1,detail,1,65,HZDIAENSPHDHRS-UHFFFAOYNA-N,-7.27
IGF1R,m03,mut_s1,detail,1,66,CHDODAJYQOTMTK-PKSOQXRJNA-N,-8.051
IGF1R,m03,mut_s1,detail,1,67,VRFRJWXCOPEIII-QWOVJGMINA-N,-7.651
IGF1R,m03,mut_s1,detail,1,68,WTOLVFBACFWUSN-QGOAFFKANA-N,-7.966
IGF1R,m03,mut_s1,detail,1,69,KDJZDSPTXVFGOF-NPVYFSBINA-N,-8.017
IGF1R,m03,mut_s1,detail,1,70,MUXXNOOBECTQPY-UHFFFAOYNA-N,-7.706
IGF1R,m03,mut_s1,detail,1,71,OBUUPTPELQALTE-UYBDAZJANA-N,-6.686
IGF1R,m03,mut_s1,detail,1,72,FKOXOEKZVRISIU-NPVYFSBINA-N,-7.451
IGF1R,m03,mut_s1,detail,1,73,ZOKNKPRORGNRMQ-BXBDENJDNA-N,-7.148
IGF1R,m03,mut_s1,detail,1,74,KWJAZTNSKVNVEC-UHFFFAOYNA-N,-7.056
IGF1R,m03,mut_s1,detail,1,75,RPBVHEVTQXVWDL-NGZNMCPLNA-N,-8.77
IGF1R,m03,mut_s1,detail,1,76,ZSKKLMIULIVRSI-QWOVJGMINA-N,-7.39
IGF1R,m03,mut_s1,detail,1,77,VLKGZJJKNXFENI-LILDFLRNNA-N,-8.12
IGF1R,m03,mut_s1,detail,1,78,NCKZVQLIUXCUQF-UHFFFAOYNA-N,-7.11
IGF1R,m03,mut_s1,detail,1,79,TYYOBUBDDDDKPC-UHFFFAOYNA-N,-8.579
IGF1R,m03,mut_s1,detail,1,80,AQMRDIZFWYYMBQ-QWOVJGMINA-N,-7.883
IGF1R,m03,mut_s1,detail,1,81,IVRPZSQLORCONO-UHFFFAOYNA-N,-8.07
IGF1R,m03,mut_s1,detail,1,82,IRNFLRZZSCRLSQ-NPVYFSBINA-N,-8.435
IGF1R,m03,mut_s1,detail,1,83,UUMBQVLEWSWSOO-GPQMBLKYNA-N,-8.62
IGF1R,m03,mut_s1,detail,1,84,ASCHVCPAOUSKIZ-GPQMBLKYNA-N,-8.576
IGF1R,m03,mut_s1,detail,1,85,NVGGHEIBFBOAHY-UHFFFAOYNA-N,-8.946
IGF1R,m03,mut_s1,detail,1,86,JIOIPFWJCUUZEU-PKSOQXRJNA-N,-7.984
IGF1R,m03,mut_s1,detail,1,87,RGAJQRZKKQXIEQ-XBTAAFKLNA-N,-6.162
IGF1R,m03,mut_s1,detail,1,88,DOVBELPPXZSOPX-UHFFFAOYNA-N,-7.958
IGF1R,m03,mut_s1,detail,1,89,VFOWTBWNNOVCPH-WJDWOHSUNA-N,-8.416
IGF1R,m03,mut_s1,detail,1,90,HKWNGVFHUCRTTQ-QVUQFMIFNA-N,-8.482
IGF1R,m03,mut_s1,detail,1,91,VPMBMFYJJPEBKS-XBTAAFKLNA-N,-8.464
IGF1R,m03,mut_s1,detail,1,92,OPIXMYPGGYYGRV-PKSOQXRJNA-N,-8.147
IGF1R,m03,mut_s1,detail,1,93,ASWFTNOPBUOHSG-UHFFFAOYNA-N,-8.693
IGF1R,m03,mut_s1,detail,1,94,YIFJQOSOEFTEHM-QWOVJGMINA-N,-7.413
IGF1R,m03,mut_s1,detail,1,95,CYRPZNLZOLVKKM-PKSOQXRJNA-N,-8.342
IGF1R,m03,mut_s1,detail,1,96,PSRSNNQFQFGFKV-QWOVJGMINA-N,-8.553
IGF1R,m03,mut_s1,detail,1,97,PSJJZUSBTGJHEC-WYUMXYHSNA-N,-6.193
IGF1R,m03,mut_s1,detail,1,98,RCTHTZYLLISDPT-VVKINWOJNA-N,-7.864
IGF1R,m03,mut_s1,detail,1,99,UNWANCHXNSSIJJ-PKSOQXRJNA-N,-8.13
IGF1R,m03,mut_s1,detail,1,100,OJBGHXIETMBPHZ-UHFFFAOYNA-N,-7.864
IGF1R,m03,mut_s1,detail,1,101,KNDRDFFUMNHLRJ-LILDFLRNNA-N,-8.243
IGF1R,m03,mut_s1,detail,1,102,PBGALVWBACEVEC-QWOVJGMINA-N,-8.507
IGF1R,m03,mut_s1,detail,1,103,SRLVRCUUJBEIBP-UHFFFAOYNA-N,-8.02
IGF1R,m03,mut_s1,detail,1,104,UVGHDRGQXQVMNW-UHFFFAOYNA-N,-7.871
IGF1R,m03,mut_s1,detail,1,105,YIUJUFFZJHPDAY-SDRQFZCRNA-N,-8.514
IGF1R,m03,mut_s1,detail,1,106,UYPODJSKAAJGNR-UYBDAZJANA-N,-7.916
IGF1R,m03,mut_s1,detail,1,107,YWMYHDFGDRTCPV-BXGKXWMCNA-N,-7.95
IGF1R,m03,mut_s1,detail,1,108,RPVJOFUOUDWRGV-LILDFLRNNA-N,-8.268
IGF1R,m03,mut_s1,detail,1,109,LUKGDWAOTYXHEM-XBTAAFKLNA-N,-8.216
IGF1R,m03,mut_s1,detail,1,110,CHJMEHVGESAPSR-UHFFFAOYNA-N,-8.296
IGF1R,m03,mut_s1,detail,1,111,JDZNTGMSMHYYCY-NPVYFSBINA-N,-8.629
IGF1R,m03,mut_s1,detail,1,112,CRZKGBDGHDTLNN-UHFFFAOYNA-N,-8.068
IGF1R,m03,mut_s1,detail,1,113,ALLYNSCMTRSFNH-UHFFFAOYNA-N,-7.875
IGF1R,m03,mut_s1,detail,1,114,HTVVQAPUWGNILV-PKSOQXRJNA-N,-8.795
IGF1R,m03,mut_s1,detail,1,115,HEKHUTSUFJPTQY-UHFFFAOYNA-N,-8.628
IGF1R,m03,mut_s1,detail,1,116,ZTTIICUFHXUACO-HNENSFHCNA-N,-7.73
IGF1R,m03,mut_s1,detail,1,117,GYJDRNKSYOJANZ-QVUQFMIFNA-N,-7.775
IGF1R,m03,mut_s1,detail,1,118,QSBMVUOOXXRNFY-UHFFFAOYNA-N,-8.161
IGF1R,m03,mut_s1,detail,1,119,VRMMQHDQMURNDV-PGYIFSQXNA-N,-7.261
IGF1R,m03,mut_s1,detail,1,120,FHGICQLRHVZVCW-TWSYTRIPNA-N,-8.898
IGF1R,m03,mut_s1,detail,1,121,WWZHRJDMAZBTGY-WYUMXYHSNA-N,-7.822
IGF1R,m03,mut_s1,detail,1,122,GXHBBVOBKJURCM-UHFFFAOYNA-N,-7.045
IGF1R,m03,mut_s1,detail,1,123,GKJWYULRCHAYTN-UYBDAZJANA-N,-8.085
IGF1R,m03,mut_s1,detail,1,124,LJFRBCQBJFKUBA-LILDFLRNNA-N,-9.207
IGF1R,m03,mut_s1,detail,1,125,JGJYHHGYTXVQLH-MZSCVVMKNA-N,-7.684
IGF1R,m03,mut_s1,detail,1,126,WJPDMYDDAMHBSE-UZYVYHOENA-N,-8.786
IGF1R,m03,mut_s1,detail,1,127,GVOMJEIYRXTYCN-LILDFLRNNA-N,-7.747
IGF1R,m03,mut_s1,detail,1,128,LTZVLHHIAUKGBP-LELJVTLKNA-N,-8.515
IGF1R,m03,mut_s1,detail,1,129,FIKLOQNDPSVUGH-LBOYIXSDNA-N,-8.203
IGF1R,m03,mut_s1,detail,1,130,GIEJIAIRYKSRHU-MPIMZMORNA-N,-8.668
IGF1R,m03,mut_s1,detail,1,131,XFKYWJPYYRTYBR-ODOKVQCSNA-N,-7.148
IGF1R,m03,mut_s1,detail,1,132,PKSFLOGCPXWJIU-MEDUHNTENA-N,-8.9
IGF1R,m03,mut_s1,detail,1,133,JLHJTKOPNATISN-LELJVTLKNA-N,-6.929
IGF1R,m03,mut_s1,detail,1,134,GUBNROKMFNBDBZ-GRDNDAEWNA-N,-7.438
IGF1R,m03,mut_s1,detail,1,135,KGCQIOUZEREWDG-UHFFFAOYNA-N,-8.476
IGF1R,m03,mut_s1,detail,1,136,DWDHSAAOHLDDKE-QWOVJGMINA-N,-7.375
IGF1R,m03,mut_s1,detail,1,137,XSTAWOGBOKIKIE-UKZVOYCKNA-N,-8.175
IGF1R,m03,mut_s1,detail,1,138,OWXORKPNCHJYOF-JFRKDZMVNA-N,-8.283
IGF1R,m03,mut_s1,detail,1,139,MQOILMOKFLJWRN-KYCGMZMQNA-N,-8.539
IGF1R,m03,mut_s1,detail,1,140,BJROQKFYPRCGFD-LQFNOIFHNA-N,-8.596
IGF1R,m03,mut_s1,detail,1,141,PLWVUIRWJVKSSD-XBXARRHUNA-N,-8.223
IGF1R,m03,mut_s1,detail,1,142,HFWSIVHELHSGJY-JJIBRWJFNA-N,-7.057
IGF1R,m03,mut_s1,detail,1,143,QMHSEIOSCQWTPQ-LNNLXFCONA-N,-7.53
IGF1R,m03,mut_s1,detail,1,144,FBHVHCWHAVLWJT-OYSRHTCDNA-N,-7.351
IGF1R,m03,mut_s1,detail,1,145,CEZNOHQWEHKPJP-LQFNOIFHNA-N,-8.874
IGF1R,m03,mut_s1,detail,1,146,KOFRNRJMKWZBMR-RVJKNMGLNA-N,-7.66
IGF1R,m03,mut_s1,detail,1,147,PGPPCCZSDRAQKA-SYZQJQIINA-N,-6.907
IGF1R,m03,mut_s1,detail,1,148,VGUBMLBOECHPGN-MHEVPKQANA-N,-8.15
IGF1R,m03,mut_s1,detail,1,149,PCORSCGAGFGSSR-UHFFFAOYNA-N,-6.87
IGF1R,m03,mut_s1,detail,1,150,JGNCAWPKZCFGOI-BXGKXWMCNA-N,-9.558
IGF1R,m03,mut_s1,detail,1,151,ULONVLUMOUFCID-LNNLXFCONA-N,-9.145
IGF1R,m03,mut_s1,detail,1,152,HCPHOPNEKKCOEN-LNNLXFCONA-N,-9.243
IGF1R,m03,mut_s1,detail,1,153,OMJCCYYNBCJNOL-FVAMHUBNNA-N,-7.998
IGF1R,m03,mut_s1,detail,1,154,SZUCFANUUBSCPX-PJQSKVNONA-N,-9.236
IGF1R,m03,mut_s1,detail,1,155,QHLRKDSRGUZHSH-UHFFFAOYNA-N,-7.697
IGF1R,m03,mut_s1,detail,1,156,QUFUFSGGBADBIH-UHFFFAOYNA-N,-8.434
IGF1R,m03,mut_s1,detail,1,157,WPBGBXPZNCPYQB-UHFFFAOYNA-N,-8.86
IGF1R,m03,mut_s1,detail,1,158,BXVSKXWPXKQTOL-UHFFFAOYNA-N,-7.484
IGF1R,m03,mut_s1,detail,1,159,WNELYPHBVMGNQP-UHFFFAOYNA-N,-8.725
IGF1R,m03,mut_s1,detail,1,160,POOIONRPVWIUHF-LQFNOIFHNA-N,-7.873
IGF1R,m03,mut_s1,detail,1,161,NZPQBADYZFTGOT-UHFFFAOYNA-N,-7.582
IGF1R,m03,mut_s1,detail,1,162,MAOZUYDDGGFCKF-WFELUYCUNA-N,-7.9
IGF1R,m03,mut_s1,detail,1,163,PEANHJHNIYISMY-UHFFFAOYNA-N,-8.527
IGF1R,m03,mut_s1,detail,1,164,ABFVBWQMBVYWMV-UHFFFAOYNA-N,-9.216
IGF1R,m03,mut_s1,detail,1,165,UMUOTXHWTLGGIP-QWOVJGMINA-N,-7.949
IGF1R,m03,mut_s1,detail,1,166,NYVXKWVMQVVBRC-QWOVJGMINA-N,-7.835
IGF1R,m03,mut_s1,detail,1,167,OVGDAEHQLCSRDI-UHFFFAOYNA-N,-6.609
IGF1R,m03,mut_s1,detail,1,168,BZXWWWGSEIRPLV-UHFFFAOYNA-N,-7.311
IGF1R,m03,mut_s1,detail,1,169,FXGKAQHXFGXOPR-UHFFFAOYNA-N,-9.538
IGF1R,m03,mut_s1,detail,1,170,HVIXAPJIOPIFIY-UHFFFAOYNA-N,-7.098
IGF1R,m03,mut_s1,detail,1,171,LIRQEBOXUUPWJJ-LNNLXFCONA-N,-8.147
IGF1R,m03,mut_s1,detail,1,172,ZDIIOUBKRSIUED-LQFNOIFHNA-N,-8.229
IGF1R,m03,mut_s1,detail,1,173,LTWUSAKSGJMCRY-UHFFFAOYNA-N,-8.434
IGF1R,m03,mut_s1,detail,1,174,PNDIKCGLYJOYIK-UYBDAZJANA-N,-7.69
IGF1R,m03,mut_s1,detail,1,175,MGSHIAIRIYECSG-MPIMZMORNA-N,-7.632
IGF1R,m03,mut_s1,detail,1,176,MVWYIUZSZIETFZ-KYUNMXQPNA-N,-7.68
IGF1R,m03,mut_s1,detail,1,177,XGTOSEODMLDCBR-UHFFFAOYNA-N,-7.108
IGF1R,m03,mut_s1,detail,1,178,NYHRLEZMHRGFLZ-UYBDAZJANA-N,-7.418
IGF1R,m03,mut_s1,detail,1,179,KZGNFRGGQVBHRV-UHFFFAOYNA-N,-8.439
IGF1R,m03,mut_s1,detail,1,180,SXXXSTPMDGKOCH-LQFNOIFHNA-N,-8.522
IGF1R,m03,mut_s1,detail,1,181,VJGFWNZWHKBDNN-HPHMPNDVNA-N,-8.321
IGF1R,m03,mut_s1,detail,1,182,SBLZEXLDNURADT-LELJVTLKNA-N,-6.942
IGF1R,m03,mut_s1,detail,1,183,OINVQDVVQWTWJM-YNGZFIAGNA-N,-8.114
IGF1R,m03,mut_s1,detail,1,184,RJZHELXWHJKNAM-NPVYFSBINA-N,-7.144
IGF1R,m03,mut_s1,detail,1,185,MAXGWTGCLOXELV-UHFFFAOYNA-N,-8.934
IGF1R,m03,mut_s1,detail,1,186,PNHBRYIAJCYNDA-VQCQRNETNA-N,-9.967
IGF1R,m03,mut_s1,detail,1,187,QGZIKUYIROAFSE-QWOVJGMINA-N,-8.162
IGF1R,m03,mut_s1,detail,1,188,QTIJDOJTNOHQTC-WQGACYEGNA-N,-6.966
IGF1R,m03,mut_s1,detail,1,189,OMLLGNQJKXQVKT-TUXCJRKWNA-N,-8.075
IGF1R,m03,mut_s1,detail,1,190,FNLHLKPQZWPTTK-UHFFFAOYNA-N,-8.079
IGF1R,m03,mut_s1,detail,1,191,XBPLTFIKHVYSDD-UHFFFAOYNA-N,-9.144
IGF1R,m03,mut_s1,detail,1,192,VEXPKIRCYBYITI-BEFZCSJLNA-N,-11.877
IGF1R,m03,mut_s1,detail,1,193,WDVQKHWASUJMRH-LNNLXFCONA-N,-8.616
IGF1R,m03,mut_s1,detail,1,194,DAUHEXDIKFZUFM-BZCDMSEBNA-N,-8.324
IGF1R,m03,mut_s1,detail,1,195,HCFHHWIWTWPKFH-UHFFFAOYNA-N,-7.721
IGF1R,m03,mut_s1,detail,1,196,PIFJHAXQZFBLCQ-ZVBCKELPNA-N,-8.619
IGF1R,m03,mut_s1,detail,1,197,CGBYUWXVJWRJIR-LLJNPURJNA-N,-7.808
IGF1R,m03,mut_s1,detail,1,198,CLHNZVNBTRJSNX-NSJMMFDCNA-N,-7.542
IGF1R,m03,mut_s1,detail,1,199,JKMJQRRLCJXPOK-SREBMQDQNA-N,-8.966
IGF1R,m03,mut_s1,detail,1,200,HHXLRWIDFFFFKX-LELJVTLKNA-N,-8.734
IGF1R,m03,mut_s1,detail,1,201,BZCFDJGFEXLRFA-NYHNBARNNA-N,-9.501
IGF1R,m03,mut_s1,detail,1,202,IEZNLWGERBHQJK-KEAFGAQVNA-N,-9.163
IGF1R,m03,mut_s1,detail,1,203,ZBJYTLVBCAOWHI-PKRZOPRNNA-N,-6.567
IGF1R,m03,mut_s1,detail,1,204,FGMQRSXQOIDDJD-PKRZOPRNNA-N,-8.157
IGF1R,m03,mut_s1,detail,1,205,XDGHTBHPIPZHLJ-KMZMRBKQNA-N,-9.246
IGF1R,m03,mut_s1,detail,1,206,WSGZHZGDPVCVHF-UHFFFAOYNA-N,-9.469
IGF1R,m03,mut_s1,detail,1,207,HXWAXUQSZMRTTE-YLBMWQQONA-N,-8.679
IGF1R,m03,mut_s1,detail,1,208,FCZVXTBFAYFUHQ-UHFFFAOYNA-N,-9.032
IGF1R,m03,mut_s1,detail,1,209,YAZOIIMRVUPEOT-DHDJHLBQNA-N,-7.743
IGF1R,m03,mut_s1,detail,1,210,KVNQZVOXEZCBRJ-PECRYQBZNA-N,-8.394
IGF1R,m03,mut_s1,detail,1,211,IYBSHHORKOCFKZ-LNNLXFCONA-N,-8.286
IGF1R,m03,mut_s1,detail,1,212,RSTMZFOEDVJAHN-OXBUWGKVNA-N,-8.741
IGF1R,m03,mut_s1,detail,1,213,NYWCANYSFKVUNN-UHFFFAOYNA-N,-8.098
IGF1R,m03,mut_s1,detail,1,214,XFQNPVRVZXSQSI-IVGLCWOSNA-N,-9.686
IGF1R,m03,mut_s1,detail,1,215,HXGZQYVBZUMUDK-HXTKINSTNA-N,-8.261
IGF1R,m03,mut_s1,detail,1,216,BKWBUUYCHYLRLF-NSJMMFDCNA-N,-6.238
IGF1R,m03,mut_s1,detail,1,217,JRRKWFRTDFOWAB-XDUJAMRANA-N,-7.134
IGF1R,m03,mut_s1,detail,1,218,FPOLFSCTFRBBHI-QGZVFWFLNA-N,-9.315
IGF1R,m03,mut_s1,detail,1,219,RPPDOGWFJZOEQX-LVWGJNHUNA-N,-7.107
IGF1R,m03,mut_s1,detail,1,220,JYOPBQURUBDKLK-LELJVTLKNA-N,-9.786
IGF1R,m03,mut_s1,detail,1,221,LNENLABLFGGAFF-INUABGGHNA-N,-8.717
IGF1R,m03,mut_s1,detail,1,222,BAQVKFUOCGTGBI-FCDIKQFGNA-N,-6.788
IGF1R,m03,mut_s1,detail,1,223,SYJAKTNXXAWUQU-BYGYBERANA-N,-8.548
IGF1R,m03,mut_s1,detail,1,224,KCFZFOHSAGLLGQ-LUBWAWCANA-N,-8.165
IGF1R,m03,mut_s1,detail,1,225,LDJWHJQMWPYZLV-WHDAICOONA-N,-8.547
IGF1R,m03,mut_s1,detail,1,226,AXUDSCZCBZMENI-UHFFFAOYNA-N,-8.738
IGF1R,m03,mut_s1,detail,1,227,DDXHLMOKYYMXTK-OBAATPRFNA-N,-8.387
IGF1R,m03,mut_s1,detail,1,228,KTOSTKQYNJBYHF-PKOBYXMFNA-N,-8.108
IGF1R,m03,mut_s1,detail,1,229,ZCFWJPJEBJVXTO-UHFFFAOYNA-N,-9.286
IGF1R,m03,mut_s1,detail,1,230,NJVFOFMHUJJIMB-UHFFFAOYNA-N,-7.965
IGF1R,m03,mut_s1,detail,1,231,XUEQVOGPWKWKNT-XBXBPLPCNA-N,-8.123
IGF1R,m03,mut_s1,detail,1,232,MLFYMBALEIQTEJ-LBOYIXSDNA-N,-8.414
IGF1R,m03,mut_s1,detail,1,233,AETJFEZDSLASSU-XTEPFMGCNA-N,-8.538
IGF1R,m03,mut_s1,detail,1,234,GSNNWCVFRNINCY-UHFFFAOYNA-N,-9.034
IGF1R,m03,mut_s1,detail,1,235,UIHGNJALPXKJRE-UHFFFAOYNA-N,-9.744
IGF1R,m03,mut_s1,detail,1,236,BBUDWIYSLGTZTQ-SGMUJJOCNA-N,-8.341
IGF1R,m03,mut_s1,detail,1,237,CBYYNSKRRKXPFV-LELJVTLKNA-N,-8.419
IGF1R,m03,mut_s1,detail,1,238,NMFTXZYZNCQGNR-MTTPVDACNA-N,-9.267
IGF1R,m03,mut_s1,detail,1,239,QTKARDGAUMDUCL-LAEKOWRLNA-N,-10.825
IGF1R,m03,mut_s1,detail,1,240,VNEQUOUVFXAVMH-SANMLTNENA-N,-7.19
IGF1R,m03,mut_s1,detail,1,241,IJPPTSNWQLJFSU-LNNLXFCONA-N,-8.26
IGF1R,m03,mut_s1,detail,1,242,DJQIFFIREHYQCT-OSPHWJPCNA-N,-8.699
IGF1R,m03,mut_s1,detail,1,243,KOZFSFOOLUUIGY-SLMOLSELNA-N,-9.393
IGF1R,m03,mut_s1,detail,1,244,WILPFKVTYXJQQV-ZMCXWUQGNA-N,-8.002
IGF1R,m03,mut_s1,detail,1,245,NZELHCGEQZMIBB-UHFFFAOYNA-N,-9.201
IGF1R,m03,mut_s1,detail,1,246,VKGWONFLJDZUKM-NSJMMFDCNA-N,-7.946
IGF1R,m03,mut_s1,detail,1,247,XUHSVEXCUONJNQ-PMERELPUNA-N,-8.022
IGF1R,m03,mut_s1,detail,1,248,ZFOAPODMCDEDHA-UHFFFAOYNA-N,-8.906
IGF1R,m03,mut_s1,detail,1,249,PZCSJBQJENRLHD-ULJJZXAINA-N,-7.665
IGF1R,m03,mut_s1,detail,1,250,IOSLXICJNAAKOP-ZFJUVRDGNA-N,-8.339
IGF1R,m03,mut_s1,detail,1,251,HUDCDZLLNLJTEW-RBSQRGBYNA-N,-8.802
IGF1R,m03,mut_s1,detail,1,252,IKUATMHYCWRCHC-XUIBWRPBNA-N,-8.307
IGF1R,m03,mut_s1,detail,1,253,HCEYJYMNIQHPPK-WKJNMVSGNA-N,-9.424
IGF1R,m03,mut_s1,detail,1,254,ZLEIPSPWAZJWJP-DHDJHLBQNA-N,-8.582
IGF1R,m03,mut_s1,detail,1,255,ZKDQUBKHXMXRRH-KUWNNRQRNA-N,-8.497
IGF1R,m04,mut_s1,detail,1,0,QGXBDMJGAMFCBF-WRZMNKJANA-N,-8.164
IGF1R,m04,mut_s1,detail,1,1,XZORRJGRPUBUJO-UHFFFAOYNA-N,-5.246
IGF1R,m04,mut_s1,detail,1,2,RIOOLQVLOZQLQJ-CYBMUJFWNA-N,-6.083
IGF1R,m04,mut_s1,detail,1,3,JMAMZIYMGUDBDZ-YAQRNVERNA-N,-6.431
IGF1R,m04,mut_s1,detail,1,4,SOHFVFXITPDEDK-GMNMMWFNNA-N,-7.529
IGF1R,m04,mut_s1,detail,1,5,HQPUBFWUNXGPNP-FECSGLDJNA-N,-6.196
IGF1R,m04,mut_s1,detail,1,6,URSPNXKDALRRBJ-FQFUPTBWNA-N,-7.508
IGF1R,m04,mut_s1,detail,1,7,MALHKRCDHFAKIM-GPQMBLKYNA-N,-7.369
IGF1R,m04,mut_s1,detail,1,8,VDGCRTGHEWIBAL-YAQRNVERNA-N,-7.146
IGF1R,m04,mut_s1,detail,1,9,VOWBZMVBYGELAY-UHFFFAOYNA-N,-7.761
IGF1R,m04,mut_s1,detail,1,10,GKBJOMPRUSWVJA-UHFFFAOYNA-N,-6.801
IGF1R,m04,mut_s1,detail,1,11,RQLXWVPRGJJWEK-BFHABQRXNA-N,-7.215
IGF1R,m04,mut_s1,detail,1,12,OQWMEUSTXXVVIU-NWANDNLSNA-N,-6.043
IGF1R,m04,mut_s1,detail,1,13,SVIIYVRLTJRIIR-UHFFFAOYNA-N,-7.302
IGF1R,m04,mut_s1,detail,1,14,XIQVFMHGZHWKNA-LILDFLRNNA-N,-7.873
IGF1R,m04,mut_s1,detail,1,15,ABQUFQQMQCPHOH-NCWAPJAINA-N,-6.47
IGF1R,m04,mut_s1,detail,1,16,BNGLUFUDMHHURB-UYBDAZJANA-N,-7.312
IGF1R,m04,mut_s1,detail,1,17,JXAGPFSGJKRKBY-UHFFFAOYNA-N,-7.141
IGF1R,m04,mut_s1,detail,1,18,DINPOPQNCDTVPQ-YGPBECBDNA-N,-6.968
IGF1R,m04,mut_s1,detail,1,19,FUMDYIGQJOCQBC-UHFFFAOYNA-N,-7.204
IGF1R,m04,mut_s1,detail,1,20,GLEVLJDDWXEYCO-WYUMXYHSNA-N,-7.263
IGF1R,m04,mut_s1,detail,1,21,PWCMYVJXHPBJNZ-FSHPWJEWNA-N,-6.089
IGF1R,m04,mut_s1,detail,1,22,CLPZQGXGPKJOMN-XWKXFZRBNA-N,-6.871
IGF1R,m04,mut_s1,detail,1,23,UFUOEKYHBCFTGW-RWJRRMEYNA-N,-6.404
IGF1R,m04,mut_s1,detail,1,24,CMNIOKDUTCZQJB-NDKGDYFDNA-N,-6.15
IGF1R,m04,mut_s1,detail,1,25,ZVNPQHHQIVQYPI-ZHACJKMWNA-N,-8.683
IGF1R,m04,mut_s1,detail,1,26,HHPYZGCOAAJZTN-NKWLYDBFNA-N,-7.245
IGF1R,m04,mut_s1,detail,1,27,ANYSYRVXKLTFPB-UHFFFAOYNA-N,-7.173
IGF1R,m04,mut_s1,detail,1,28,JISYUXULRDZARX-HCKMINDGNA-N,-6.99
IGF1R,m04,mut_s1,detail,1,29,VTLWDCDAVLVOHR-HCKMINDGNA-N,-8.336
IGF1R,m04,mut_s1,detail,1,30,BBMWNEXSYXLWEO-WYUMXYHSNA-N,-6.466
IGF1R,m04,mut_s1,detail,1,31,WZGCZUAYIBWZAN-YHSKDTNENA-N,-7.12
IGF1R,m04,mut_s1,detail,1,32,RVNORUCXEIIROU-UHFFFAOYNA-N,-7.808
IGF1R,m04,mut_s1,detail,1,33,ZTJZVOMEMRNYKF-JSGPKCTENA-N,-6.179
IGF1R,m04,mut_s1,detail,1,34,WQKOQOZXZQJNRC-GPQMBLKYNA-N,-8.841
IGF1R,m04,mut_s1,detail,1,35,WKLBCLNIAGUINH-GAJRPKRDNA-N,-6.503
IGF1R,m04,mut_s1,detail,1,36,ZVOVGLCUMDQIHF-VPQZEOPVNA-N,-6.671
IGF1R,m04,mut_s1,detail,1,37,UGKZABQBFUBOFG-WDFGQQGSNA-N,-6.598
IGF1R,m04,mut_s1,detail,1,38,RTJRNIJPLOVJLH-WYUMXYHSNA-N,-6.273
IGF1R,m04,mut_s1,detail,1,39,MUJCQGFFHCARCQ-UYBDAZJANA-N,-8.528
IGF1R,m04,mut_s1,detail,1,40,FZSPJBYOKQPKCD-VIFPVBQENA-N,-5.692
IGF1R,m04,mut_s1,detail,1,41,RWPHPOMFTPAOAS-JLGFQASFNA-N,-7.056
IGF1R,m04,mut_s1,detail,1,42,ZXVNJVRABSCRGU-GPQMBLKYNA-N,-7.471
IGF1R,m04,mut_s1,detail,1,43,KZAOEMMZRGEBST-OOGKJWBGNA-N,-7.587
IGF1R,m04,mut_s1,detail,1,44,NEIVPRTZAHUZEA-WYUMXYHSNA-N,-6.395
IGF1R,m04,mut_s1,detail,1,45,PYKJFEPAUKAXNN-UHFFFAOYNA-N,-7.304
IGF1R,m04,mut_s1,detail,1,46,BPUNDQLKPUIGBR-GPQMBLKYNA-N,-6.909
IGF1R,m04,mut_s1,detail,1,47,WDFLSTQJUFMIIW-UHFFFAOYNA-N,-7.505
IGF1R,m04,mut_s1,detail,1,48,BJLQEYLWUSSEKH-CMPMBVLYNA-N,-7.495
IGF1R,m04,mut_s1,detail,1,49,HZUGIOKMHRUHMF-ADJYBIKJNA-N,-7.355
IGF1R,m04,mut_s1,detail,1,50,PBWQQQLCZDQSET-XWKXFZRBNA-N,-6.18
IGF1R,m04,mut_s1,detail,1,51,ISSLSGLIFQSYJA-HCKMINDGNA-N,-6.968
IGF1R,m04,mut_s1,detail,1,52,OAXDEJIQWHXCJI-UHFFFAOYNA-N,-7.132
IGF1R,m04,mut_s1,detail,1,53,BCJVFDDJSOEKKQ-UHFFFAOYNA-N,-7.092
IGF1R,m04,mut_s1,detail,1,54,QFJGCDWXDUDFAD-UHFFFAOYNA-N,-8.063
IGF1R,m04,mut_s1,detail,1,55,JVBGNPPYXIWVPH-WYCIUFAENA-N,-5.296
IGF1R,m04,mut_s1,detail,1,56,BYJAVTDNIXVSPW-YHMJCDSINA-N,-6.273
IGF1R,m04,mut_s1,detail,1,57,MQGMUPFWCDYDFO-UHFFFAOYNA-N,-7.673
IGF1R,m04,mut_s1,detail,1,58,OACAJASVXJLTAT-UHFFFAOYNA-N,-6.902
IGF1R,m04,mut_s1,detail,1,59,AQSGGOLDOQGOAO-FNCQTZNRNA-N,-6.261
IGF1R,m04,mut_s1,detail,1,60,SOBHKZHLCOJHTI-YHMJCDSINA-N,-6.785
IGF1R,m04,mut_s1,detail,1,61,NUFCOZJTDHUROG-PKGMMKRDNA-N,-7.178
IGF1R,m04,mut_s1,detail,1,62,KZTOUMBNPVCTLR-GFJIPZKJNA-N,-7.851
IGF1R,m04,mut_s1,detail,1,63,CLEMZXMGJNNUTH-LILDFLRNNA-N,-8.245
IGF1R,m04,mut_s1,detail,1,64,MXRJUMCOVVUCLC-UHFFFAOYNA-N,-8.341
IGF1R,m04,mut_s1,detail,1,65,HZDIAENSPHDHRS-UHFFFAOYNA-N,-7.055
IGF1R,m04,mut_s1,detail,1,66,CHDODAJYQOTMTK-PKSOQXRJNA-N,-7.626
IGF1R,m04,mut_s1,detail,1,67,VRFRJWXCOPEIII-QWOVJGMINA-N,-8.235
IGF1R,m04,mut_s1,detail,1,68,WTOLVFBACFWUSN-QGOAFFKANA-N,-8.734
IGF1R,m04,mut_s1,detail,1,69,KDJZDSPTXVFGOF-NPVYFSBINA-N,-8.31
IGF1R,m04,mut_s1,detail,1,70,MUXXNOOBECTQPY-UHFFFAOYNA-N,-7.457
IGF1R,m04,mut_s1,detail,1,71,OBUUPTPELQALTE-UYBDAZJANA-N,-7.802
IGF1R,m04,mut_s1,detail,1,72,FKOXOEKZVRISIU-NPVYFSBINA-N,-7.506
IGF1R,m04,mut_s1,detail,1,73,ZOKNKPRORGNRMQ-BXBDENJDNA-N,-6.665
IGF1R,m04,mut_s1,detail,1,74,KWJAZTNSKVNVEC-UHFFFAOYNA-N,-6.78
IGF1R,m04,mut_s1,detail,1,75,RPBVHEVTQXVWDL-NGZNMCPLNA-N,-8.816
IGF1R,m04,mut_s1,detail,1,76,ZSKKLMIULIVRSI-QWOVJGMINA-N,-7.612
IGF1R,m04,mut_s1,detail,1,77,VLKGZJJKNXFENI-LILDFLRNNA-N,-8.087
IGF1R,m04,mut_s1,detail,1,78,NCKZVQLIUXCUQF-UHFFFAOYNA-N,-7.03
IGF1R,m04,mut_s1,detail,1,79,TYYOBUBDDDDKPC-UHFFFAOYNA-N,-9.011
IGF1R,m04,mut_s1,detail,1,80,AQMRDIZFWYYMBQ-QWOVJGMINA-N,-8.281
IGF1R,m04,mut_s1,detail,1,81,IVRPZSQLORCONO-UHFFFAOYNA-N,-8.314
IGF1R,m04,mut_s1,detail,1,82,IRNFLRZZSCRLSQ-NPVYFSBINA-N,-7.922
IGF1R,m04,mut_s1,detail,1,83,UUMBQVLEWSWSOO-GPQMBLKYNA-N,-8.33
IGF1R,m04,mut_s1,detail,1,84,ASCHVCPAOUSKIZ-GPQMBLKYNA-N,-8.57
IGF1R,m04,mut_s1,detail,1,85,NVGGHEIBFBOAHY-UHFFFAOYNA-N,-8.959
IGF1R,m04,mut_s1,detail,1,86,JIOIPFWJCUUZEU-PKSOQXRJNA-N,-7.335
IGF1R,m04,mut_s1,detail,1,87,RGAJQRZKKQXIEQ-XBTAAFKLNA-N,-5.545
IGF1R,m04,mut_s1,detail,1,88,DOVBELPPXZSOPX-UHFFFAOYNA-N,-7.95
IGF1R,m04,mut_s1,detail,1,89,VFOWTBWNNOVCPH-WJDWOHSUNA-N,-7.479
IGF1R,m04,mut_s1,detail,1,90,HKWNGVFHUCRTTQ-QVUQFMIFNA-N,-8.346
IGF1R,m04,mut_s1,detail,1,91,VPMBMFYJJPEBKS-XBTAAFKLNA-N,-8.523
IGF1R,m04,mut_s1,detail,1,92,OPIXMYPGGYYGRV-PKSOQXRJNA-N,-8.794
IGF1R,m04,mut_s1,detail,1,93,ASWFTNOPBUOHSG-UHFFFAOYNA-N,-8.439
IGF1R,m04,mut_s1,detail,1,94,YIFJQOSOEFTEHM-QWOVJGMINA-N,-7.79
IGF1R,m04,mut_s1,detail,1,95,CYRPZNLZOLVKKM-PKSOQXRJNA-N,-8.094
IGF1R,m04,mut_s1,detail,1,96,PSRSNNQFQFGFKV-QWOVJGMINA-N,-8.88
IGF1R,m04,mut_s1,detail,1,97,PSJJZUSBTGJHEC-WYUMXYHSNA-N,-7.323
IGF1R,m04,mut_s1,detail,1,98,RCTHTZYLLISDPT-VVKINWOJNA-N,-8.808
IGF1R,m04,mut_s1,detail,1,99,UNWANCHXNSSIJJ-PKSOQXRJNA-N,-8.132
IGF1R,m04,mut_s1,detail,1,100,OJBGHXIETMBPHZ-UHFFFAOYNA-N,-7.917
IGF1R,m04,mut_s1,detail,1,101,KNDRDFFUMNHLRJ-LILDFLRNNA-N,-7.139
IGF1R,m04,mut_s1,detail,1,102,PBGALVWBACEVEC-QWOVJGMINA-N,-8.629
IGF1R,m04,mut_s1,detail,1,103,SRLVRCUUJBEIBP-UHFFFAOYNA-N,-8.14
IGF1R,m04,mut_s1,detail,1,104,UVGHDRGQXQVMNW-UHFFFAOYNA-N,-7.507
IGF1R,m04,mut_s1,detail,1,105,YIUJUFFZJHPDAY-SDRQFZCRNA-N,-8.316
IGF1R,m04,mut_s1,detail,1,106,UYPODJSKAAJGNR-UYBDAZJANA-N,-7.048
IGF1R,m04,mut_s1,detail,1,107,YWMYHDFGDRTCPV-BXGKXWMCNA-N,-8.588
IGF1R,m04,mut_s1,detail,1,108,RPVJOFUOUDWRGV-LILDFLRNNA-N,-8.441
IGF1R,m04,mut_s1,detail,1,109,LUKGDWAOTYXHEM-XBTAAFKLNA-N,-8.394
IGF1R,m04,mut_s1,detail,1,110,CHJMEHVGESAPSR-UHFFFAOYNA-N,-7.992
IGF1R,m04,mut_s1,detail,1,111,JDZNTGMSMHYYCY-NPVYFSBINA-N,-8.358
IGF1R,m04,mut_s1,detail,1,112,CRZKGBDGHDTLNN-UHFFFAOYNA-N,-7.901
IGF1R,m04,mut_s1,detail,1,113,ALLYNSCMTRSFNH-UHFFFAOYNA-N,-7.711
IGF1R,m04,mut_s1,detail,1,114,HTVVQAPUWGNILV-PKSOQXRJNA-N,-9.124
IGF1R,m04,mut_s1,detail,1,115,HEKHUTSUFJPTQY-UHFFFAOYNA-N,-8.438
IGF1R,m04,mut_s1,detail,1,116,ZTTIICUFHXUACO-HNENSFHCNA-N,-7.346
IGF1R,m04,mut_s1,detail,1,117,GYJDRNKSYOJANZ-QVUQFMIFNA-N,-7.522
IGF1R,m04,mut_s1,detail,1,118,QSBMVUOOXXRNFY-UHFFFAOYNA-N,-8.573
IGF1R,m04,mut_s1,detail,1,119,VRMMQHDQMURNDV-PGYIFSQXNA-N,-7.406
IGF1R,m04,mut_s1,detail,1,120,FHGICQLRHVZVCW-TWSYTRIPNA-N,-7.288
IGF1R,m04,mut_s1,detail,1,121,WWZHRJDMAZBTGY-WYUMXYHSNA-N,-7.469
IGF1R,m04,mut_s1,detail,1,122,GXHBBVOBKJURCM-UHFFFAOYNA-N,-7.248
IGF1R,m04,mut_s1,detail,1,123,GKJWYULRCHAYTN-UYBDAZJANA-N,-7.898
IGF1R,m04,mut_s1,detail,1,124,LJFRBCQBJFKUBA-LILDFLRNNA-N,-8.921
IGF1R,m04,mut_s1,detail,1,125,JGJYHHGYTXVQLH-MZSCVVMKNA-N,-6.945
IGF1R,m04,mut_s1,detail,1,126,WJPDMYDDAMHBSE-UZYVYHOENA-N,-8.232
IGF1R,m04,mut_s1,detail,1,127,GVOMJEIYRXTYCN-LILDFLRNNA-N,-7.58
IGF1R,m04,mut_s1,detail,1,128,LTZVLHHIAUKGBP-LELJVTLKNA-N,-8.366
IGF1R,m04,mut_s1,detail,1,129,FIKLOQNDPSVUGH-LBOYIXSDNA-N,-8.791
IGF1R,m04,mut_s1,detail,1,130,GIEJIAIRYKSRHU-MPIMZMORNA-N,-7.945
IGF1R,m04,mut_s1,detail,1,131,XFKYWJPYYRTYBR-ODOKVQCSNA-N,-7.553
IGF1R,m04,mut_s1,detail,1,132,PKSFLOGCPXWJIU-MEDUHNTENA-N,-8.8
IGF1R,m04,mut_s1,detail,1,133,JLHJTKOPNATISN-LELJVTLKNA-N,-8.204
IGF1R,m04,mut_s1,detail,1,134,GUBNROKMFNBDBZ-GRDNDAEWNA-N,-8.279
IGF1R,m04,mut_s1,detail,1,135,KGCQIOUZEREWDG-UHFFFAOYNA-N,-8.235
IGF1R,m04,mut_s1,detail,1,136,DWDHSAAOHLDDKE-QWOVJGMINA-N,-7.144
IGF1R,m04,mut_s1,detail,1,137,XSTAWOGBOKIKIE-UKZVOYCKNA-N,-7.687
IGF1R,m04,mut_s1,detail,1,138,OWXORKPNCHJYOF-JFRKDZMVNA-N,-8.022
IGF1R,m04,mut_s1,detail,1,139,MQOILMOKFLJWRN-KYCGMZMQNA-N,-9.262
IGF1R,m04,mut_s1,detail,1,140,BJROQKFYPRCGFD-LQFNOIFHNA-N,-9.572
IGF1R,m04,mut_s1,detail,1,141,PLWVUIRWJVKSSD-XBXARRHUNA-N,-7.978
IGF1R,m04,mut_s1,detail,1,142,HFWSIVHELHSGJY-JJIBRWJFNA-N,-7.956
IGF1R,m04,mut_s1,detail,1,143,QMHSEIOSCQWTPQ-LNNLXFCONA-N,-7.405
IGF1R,m04,mut_s1,detail,1,144,FBHVHCWHAVLWJT-OYSRHTCDNA-N,-7.824
IGF1R,m04,mut_s1,detail,1,145,CEZNOHQWEHKPJP-LQFNOIFHNA-N,-8.485
IGF1R,m04,mut_s1,detail,1,146,KOFRNRJMKWZBMR-RVJKNMGLNA-N,-7.441
IGF1R,m04,mut_s1,detail,1,147,PGPPCCZSDRAQKA-SYZQJQIINA-N,-6.419
IGF1R,m04,mut_s1,detail,1,148,VGUBMLBOECHPGN-MHEVPKQANA-N,-8.162
IGF1R,m04,mut_s1,detail,1,149,PCORSCGAGFGSSR-UHFFFAOYNA-N,-7.832
IGF1R,m04,mut_s1,detail,1,150,JGNCAWPKZCFGOI-BXGKXWMCNA-N,-9.655
IGF1R,m04,mut_s1,detail,1,151,ULONVLUMOUFCID-LNNLXFCONA-N,-8.824
IGF1R,m04,mut_s1,detail,1,152,HCPHOPNEKKCOEN-LNNLXFCONA-N,-7.595
IGF1R,m04,mut_s1,detail,1,153,OMJCCYYNBCJNOL-FVAMHUBNNA-N,-8.264
IGF1R,m04,mut_s1,detail,1,154,SZUCFANUUBSCPX-PJQSKVNONA-N,-8.865
IGF1R,m04,mut_s1,detail,1,155,QHLRKDSRGUZHSH-UHFFFAOYNA-N,-7.323
IGF1R,m04,mut_s1,detail,1,156,QUFUFSGGBADBIH-UHFFFAOYNA-N,-7.769
IGF1R,m04,mut_s1,detail,1,157,WPBGBXPZNCPYQB-UHFFFAOYNA-N,-9.438
IGF1R,m04,mut_s1,detail,1,158,BXVSKXWPXKQTOL-UHFFFAOYNA-N,-7.354
IGF1R,m04,mut_s1,detail,1,159,WNELYPHBVMGNQP-UHFFFAOYNA-N,-8.398
IGF1R,m04,mut_s1,detail,1,160,POOIONRPVWIUHF-LQFNOIFHNA-N,-8.024
IGF1R,m04,mut_s1,detail,1,161,NZPQBADYZFTGOT-UHFFFAOYNA-N,-7.805
IGF1R,m04,mut_s1,detail,1,162,MAOZUYDDGGFCKF-WFELUYCUNA-N,-7.292
IGF1R,m04,mut_s1,detail,1,163,PEANHJHNIYISMY-UHFFFAOYNA-N,-8.327
IGF1R,m04,mut_s1,detail,1,164,ABFVBWQMBVYWMV-UHFFFAOYNA-N,-8.075
IGF1R,m04,mut_s1,detail,1,165,UMUOTXHWTLGGIP-QWOVJGMINA-N,-8.232
IGF1R,m04,mut_s1,detail,1,166,NYVXKWVMQVVBRC-QWOVJGMINA-N,-8.261
IGF1R,m04,mut_s1,detail,1,167,OVGDAEHQLCSRDI-UHFFFAOYNA-N,-6.513
IGF1R,m04,mut_s1,detail,1,168,BZXWWWGSEIRPLV-UHFFFAOYNA-N,-7.799
IGF1R,m04,mut_s1,detail,1,169,FXGKAQHXFGXOPR-UHFFFAOYNA-N,-8.888
IGF1R,m04,mut_s1,detail,1,170,HVIXAPJIOPIFIY-UHFFFAOYNA-N,-7.618
IGF1R,m04,mut_s1,detail,1,171,LIRQEBOXUUPWJJ-LNNLXFCONA-N,-8.274
IGF1R,m04,mut_s1,detail,1,172,ZDIIOUBKRSIUED-LQFNOIFHNA-N,-7.837
IGF1R,m04,mut_s1,detail,1,173,LTWUSAKSGJMCRY-UHFFFAOYNA-N,-8.192
IGF1R,m04,mut_s1,detail,1,174,PNDIKCGLYJOYIK-UYBDAZJANA-N,-7.596
IGF1R,m04,mut_s1,detail,1,175,MGSHIAIRIYECSG-MPIMZMORNA-N,-7.447
IGF1R,m04,mut_s1,detail,1,176,MVWYIUZSZIETFZ-KYUNMXQPNA-N,-8.543
IGF1R,m04,mut_s1,detail,1,177,XGTOSEODMLDCBR-UHFFFAOYNA-N,-7.236
IGF1R,m04,mut_s1,detail,1,178,NYHRLEZMHRGFLZ-UYBDAZJANA-N,-7.876
IGF1R,m04,mut_s1,detail,1,179,KZGNFRGGQVBHRV-UHFFFAOYNA-N,-8.785
IGF1R,m04,mut_s1,detail,1,180,SXXXSTPMDGKOCH-LQFNOIFHNA-N,-8.429
IGF1R,m04,mut_s1,detail,1,181,VJGFWNZWHKBDNN-HPHMPNDVNA-N,-7.41
IGF1R,m04,mut_s1,detail,1,182,SBLZEXLDNURADT-LELJVTLKNA-N,-7.207
IGF1R,m04,mut_s1,detail,1,183,OINVQDVVQWTWJM-YNGZFIAGNA-N,-7.922
IGF1R,m04,mut_s1,detail,1,184,RJZHELXWHJKNAM-NPVYFSBINA-N,-7.355
IGF1R,m04,mut_s1,detail,1,185,MAXGWTGCLOXELV-UHFFFAOYNA-N,-9.227
IGF1R,m04,mut_s1,detail,1,186,PNHBRYIAJCYNDA-VQCQRNETNA-N,-9.425
IGF1R,m04,mut_s1,detail,1,187,QGZIKUYIROAFSE-QWOVJGMINA-N,-8.161
IGF1R,m04,mut_s1,detail,1,188,QTIJDOJTNOHQTC-WQGACYEGNA-N,-7.689
IGF1R,m04,mut_s1,detail,1,189,OMLLGNQJKXQVKT-TUXCJRKWNA-N,-7.865
IGF1R,m04,mut_s1,detail,1,190,FNLHLKPQZWPTTK-UHFFFAOYNA-N,-9.024
IGF1R,m04,mut_s1,detail,1,191,XBPLTFIKHVYSDD-UHFFFAOYNA-N,-8.806
IGF1R,m04,mut_s1,detail,1,192,VEXPKIRCYBYITI-BEFZCSJLNA-N,-11.894
IGF1R,m04,mut_s1,detail,1,193,WDVQKHWASUJMRH-LNNLXFCONA-N,-9.611
IGF1R,m04,mut_s1,detail,1,194,DAUHEXDIKFZUFM-BZCDMSEBNA-N,-8.319
IGF1R,m04,mut_s1,detail,1,195,HCFHHWIWTWPKFH-UHFFFAOYNA-N,-7.729
IGF1R,m04,mut_s1,detail,1,196,PIFJHAXQZFBLCQ-ZVBCKELPNA-N,-8.642
IGF1R,m04,mut_s1,detail,1,197,CGBYUWXVJWRJIR-LLJNPURJNA-N,-7.664
IGF1R,m04,mut_s1,detail,1,198,CLHNZVNBTRJSNX-NSJMMFDCNA-N,-7.718
IGF1R,m04,mut_s1,detail,1,199,JKMJQRRLCJXPOK-SREBMQDQNA-N,-8.742
IGF1R,m04,mut_s1,detail,1,200,HHXLRWIDFFFFKX-LELJVTLKNA-N,-8.034
IGF1R,m04,mut_s1,detail,1,201,BZCFDJGFEXLRFA-NYHNBARNNA-N,-8.38
IGF1R,m04,mut_s1,detail,1,202,IEZNLWGERBHQJK-KEAFGAQVNA-N,-9.318
IGF1R,m04,mut_s1,detail,1,203,ZBJYTLVBCAOWHI-PKRZOPRNNA-N,-7.152
IGF1R,m04,mut_s1,detail,1,204,FGMQRSXQOIDDJD-PKRZOPRNNA-N,-7.478
IGF1R,m04,mut_s1,detail,1,205,XDGHTBHPIPZHLJ-KMZMRBKQNA-N,-9.178
IGF1R,m04,mut_s1,detail,1,206,WSGZHZGDPVCVHF-UHFFFAOYNA-N,-9.303
IGF1R,m04,mut_s1,detail,1,207,HXWAXUQSZMRTTE-YLBMWQQONA-N,-7.801
IGF1R,m04,mut_s1,detail,1,208,FCZVXTBFAYFUHQ-UHFFFAOYNA-N,-9.369
IGF1R,m04,mut_s1,detail,1,209,YAZOIIMRVUPEOT-DHDJHLBQNA-N,-7.838
IGF1R,m04,mut_s1,detail,1,210,KVNQZVOXEZCBRJ-PECRYQBZNA-N,-7.663
IGF1R,m04,mut_s1,detail,1,211,IYBSHHORKOCFKZ-LNNLXFCONA-N,-8.752
IGF1R,m04,mut_s1,detail,1,212,RSTMZFOEDVJAHN-OXBUWGKVNA-N,-8.858
IGF1R,m04,mut_s1,detail,1,213,NYWCANYSFKVUNN-UHFFFAOYNA-N,-8.476
IGF1R,m04,mut_s1,detail,1,214,XFQNPVRVZXSQSI-IVGLCWOSNA-N,-9.359
IGF1R,m04,mut_s1,detail,1,215,HXGZQYVBZUMUDK-HXTKINSTNA-N,-7.775
IGF1R,m04,mut_s1,detail,1,216,BKWBUUYCHYLRLF-NSJMMFDCNA-N,-7.663
IGF1R,m04,mut_s1,detail,1,217,JRRKWFRTDFOWAB-XDUJAMRANA-N,-7.915
IGF1R,m04,mut_s1,detail,1,218,FPOLFSCTFRBBHI-QGZVFWFLNA-N,-9.545
IGF1R,m04,mut_s1,detail,1,219,RPPDOGWFJZOEQX-LVWGJNHUNA-N,-7.901
IGF1R,m04,mut_s1,detail,1,220,JYOPBQURUBDKLK-LELJVTLKNA-N,-8.667
IGF1R,m04,mut_s1,detail,1,221,LNENLABLFGGAFF-INUABGGHNA-N,-9.554
IGF1R,m04,mut_s1,detail,1,222,BAQVKFUOCGTGBI-FCDIKQFGNA-N,-9.16
IGF1R,m04,mut_s1,detail,1,223,SYJAKTNXXAWUQU-BYGYBERANA-N,-8.562
IGF1R,m04,mut_s1,detail,1,224,KCFZFOHSAGLLGQ-LUBWAWCANA-N,-7.951
IGF1R,m04,mut_s1,detail,1,225,LDJWHJQMWPYZLV-WHDAICOONA-N,-8.754
IGF1R,m04,mut_s1,detail,1,226,AXUDSCZCBZMENI-UHFFFAOYNA-N,-8.204
IGF1R,m04,mut_s1,detail,1,227,DDXHLMOKYYMXTK-OBAATPRFNA-N,-8.079
IGF1R,m04,mut_s1,detail,1,228,KTOSTKQYNJBYHF-PKOBYXMFNA-N,-7.886
IGF1R,m04,mut_s1,detail,1,229,ZCFWJPJEBJVXTO-UHFFFAOYNA-N,-10.266
IGF1R,m04,mut_s1,detail,1,230,NJVFOFMHUJJIMB-UHFFFAOYNA-N,-8.926
IGF1R,m04,mut_s1,detail,1,231,XUEQVOGPWKWKNT-XBXBPLPCNA-N,-7.441
IGF1R,m04,mut_s1,detail,1,232,MLFYMBALEIQTEJ-LBOYIXSDNA-N,-8.692
IGF1R,m04,mut_s1,detail,1,233,AETJFEZDSLASSU-XTEPFMGCNA-N,-9.818
IGF1R,m04,mut_s1,detail,1,234,GSNNWCVFRNINCY-UHFFFAOYNA-N,-9.181
IGF1R,m04,mut_s1,detail,1,235,UIHGNJALPXKJRE-UHFFFAOYNA-N,-9.637
IGF1R,m04,mut_s1,detail,1,236,BBUDWIYSLGTZTQ-SGMUJJOCNA-N,-8.087
IGF1R,m04,mut_s1,detail,1,237,CBYYNSKRRKXPFV-LELJVTLKNA-N,-8.098
IGF1R,m04,mut_s1,detail,1,238,NMFTXZYZNCQGNR-MTTPVDACNA-N,-9.731
IGF1R,m04,mut_s1,detail,1,239,QTKARDGAUMDUCL-LAEKOWRLNA-N,-11.389
IGF1R,m04,mut_s1,detail,1,240,VNEQUOUVFXAVMH-SANMLTNENA-N,-6.666
IGF1R,m04,mut_s1,detail,1,241,IJPPTSNWQLJFSU-LNNLXFCONA-N,-7.988
IGF1R,m04,mut_s1,detail,1,242,DJQIFFIREHYQCT-OSPHWJPCNA-N,-9.1
IGF1R,m04,mut_s1,detail,1,243,KOZFSFOOLUUIGY-SLMOLSELNA-N,-9.285
IGF1R,m04,mut_s1,detail,1,244,WILPFKVTYXJQQV-ZMCXWUQGNA-N,-8.699
IGF1R,m04,mut_s1,detail,1,245,NZELHCGEQZMIBB-UHFFFAOYNA-N,-9.306
IGF1R,m04,mut_s1,detail,1,246,VKGWONFLJDZUKM-NSJMMFDCNA-N,-8.131
IGF1R,m04,mut_s1,detail,1,247,XUHSVEXCUONJNQ-PMERELPUNA-N,-8.767
IGF1R,m04,mut_s1,detail,1,248,ZFOAPODMCDEDHA-UHFFFAOYNA-N,-8.622
IGF1R,m04,mut_s1,detail,1,249,PZCSJBQJENRLHD-ULJJZXAINA-N,-8.311
IGF1R,m04,mut_s1,detail,1,250,IOSLXICJNAAKOP-ZFJUVRDGNA-N,-7.961
IGF1R,m04,mut_s1,detail,1,251,HUDCDZLLNLJTEW-RBSQRGBYNA-N,-8.895
IGF1R,m04,mut_s1,detail,1,252,IKUATMHYCWRCHC-XUIBWRPBNA-N,-8.475
IGF1R,m04,mut_s1,detail,1,253,HCEYJYMNIQHPPK-WKJNMVSGNA-N,-9.105
IGF1R,m04,mut_s1,detail,1,254,ZLEIPSPWAZJWJP-DHDJHLBQNA-N,-8.777
IGF1R,m04,mut_s1,detail,1,255,ZKDQUBKHXMXRRH-KUWNNRQRNA-N,-8.968
IGF1R,m05,mut_s1,detail,1,0,QGXBDMJGAMFCBF-WRZMNKJANA-N,-7.517
IGF1R,m05,mut_s1,detail,1,1,XZORRJGRPUBUJO-UHFFFAOYNA-N,-5.942
IGF1R,m05,mut_s1,detail,1,2,RIOOLQVLOZQLQJ-CYBMUJFWNA-N,-6.163
IGF1R,m05,mut_s1,detail,1,3,JMAMZIYMGUDBDZ-YAQRNVERNA-N,-6.374
IGF1R,m05,mut_s1,detail,1,4,SOHFVFXITPDEDK-GMNMMWFNNA-N,-7.523
IGF1R,m05,mut_s1,detail,1,5,HQPUBFWUNXGPNP-FECSGLDJNA-N,-5.541
IGF1R,m05,mut_s1,detail,1,6,URSPNXKDALRRBJ-FQFUPTBWNA-N,-7.149
IGF1R,m05,mut_s1,detail,1,7,MALHKRCDHFAKIM-GPQMBLKYNA-N,-7.642
IGF1R,m05,mut_s1,detail,1,8,VDGCRTGHEWIBAL-YAQRNVERNA-N,-6.919
IGF1R,m05,mut_s1,detail,1,9,VOWBZMVBYGELAY-UHFFFAOYNA-N,-7.457
IGF1R,m05,mut_s1,detail,1,10,GKBJOMPRUSWVJA-UHFFFAOYNA-N,-6.389
IGF1R,m05,mut_s1,detail,1,11,RQLXWVPRGJJWEK-BFHABQRXNA-N,-6.661
IGF1R,m05,mut_s1,detail,1,12,OQWMEUSTXXVVIU-NWANDNLSNA-N,-6.314
IGF1R,m05,mut_s1,detail,1,13,SVIIYVRLTJRIIR-UHFFFAOYNA-N,-7.25
IGF1R,m05,mut_s1,detail,1,14,XIQVFMHGZHWKNA-LILDFLRNNA-N,-7.892
IGF1R,m05,mut_s1,detail,1,15,ABQUFQQMQCPHOH-NCWAPJAINA-N,-6.518
IGF1R,m05,mut_s1,detail,1,16,BNGLUFUDMHHURB-UYBDAZJANA-N,-7.194
IGF1R,m05,mut_s1,detail,1,17,JXAGPFSGJKRKBY-UHFFFAOYNA-N,-7.199
IGF1R,m05,mut_s1,detail,1,18,DINPOPQNCDTVPQ-YGPBECBDNA-N,-7.3
IGF1R,m05,mut_s1,detail,1,19,FUMDYIGQJOCQBC-UHFFFAOYNA-N,-7.055
IGF1R,m05,mut_s1,detail,1,20,GLEVLJDDWXEYCO-WYUMXYHSNA-N,-7.115
IGF1R,m05,mut_s1,detail,1,21,PWCMYVJXHPBJNZ-FSHPWJEWNA-N,-6.277
IGF1R,m05,mut_s1,detail,1,22,CLPZQGXGPKJOMN-XWKXFZRBNA-N,-7.322
IGF1R,m05,mut_s1,detail,1,23,UFUOEKYHBCFTGW-RWJRRMEYNA-N,-6.555
IGF1R,m05,mut_s1,detail,1,24,CMNIOKDUTCZQJB-NDKGDYFDNA-N,-6.189
IGF1R,m05,mut_s1,detail,1,25,ZVNPQHHQIVQYPI-ZHACJKMWNA-N,-8.449
IGF1R,m05,mut_s1,detail,1,26,HHPYZGCOAAJZTN-NKWLYDBFNA-N,-7.166
IGF1R,m05,mut_s1,detail,1,27,ANYSYRVXKLTFPB-UHFFFAOYNA-N,-6.935
IGF1R,m05,mut_s1,detail,1,28,JISYUXULRDZARX-HCKMINDGNA-N,-7.158
IGF1R,m05,mut_s1,detail,1,29,VTLWDCDAVLVOHR-HCKMINDGNA-N,-7.771
IGF1R,m05,mut_s1,detail,1,30,BBMWNEXSYXLWEO-WYUMXYHSNA-N,-6.647
IGF1R,m05,mut_s1,detail,1,31,WZGCZUAYIBWZAN-YHSKDTNENA-N,-7.609
IGF1R,m05,mut_s1,detail,1,32,RVNORUCXEIIROU-UHFFFAOYNA-N,-7.904
IGF1R,m05,mut_s1,detail,1,33,ZTJZVOMEMRNYKF-JSGPKCTENA-N,-6.215
IGF1R,m05,mut_s1,detail,1,34,WQKOQOZXZQJNRC-GPQMBLKYNA-N,-8.682
IGF1R,m05,mut_s1,detail,1,35,WKLBCLNIAGUINH-GAJRPKRDNA-N,-5.656
IGF1R,m05,mut_s1,detail,1,36,ZVOVGLCUMDQIHF-VPQZEOPVNA-N,-6.244
IGF1R,m05,mut_s1,detail,1,37,UGKZABQBFUBOFG-WDFGQQGSNA-N,-6.865
IGF1R,m05,mut_s1,detail,1,38,RTJRNIJPLOVJLH-WYUMXYHSNA-N,-6.609
IGF1R,m05,mut_s1,detail,1,39,MUJCQGFFHCARCQ-UYBDAZJANA-N,-8.701
IGF1R,m05,mut_s1,detail,1,40,FZSPJBYOKQPKCD-VIFPVBQENA-N,-5.921
IGF1R,m05,mut_s1,detail,1,41,RWPHPOMFTPAOAS-JLGFQASFNA-N,-6.895
IGF1R,m05,mut_s1,detail,1,42,ZXVNJVRABSCRGU-GPQMBLKYNA-N,-7.56
IGF1R,m05,mut_s1,detail,1,43,KZAOEMMZRGEBST-OOGKJWBGNA-N,-7.896
IGF1R,m05,mut_s1,detail,1,44,NEIVPRTZAHUZEA-WYUMXYHSNA-N,-6.022
IGF1R,m05,mut_s1,detail,1,45,PYKJFEPAUKAXNN-UHFFFAOYNA-N,-7.503
IGF1R,m05,mut_s1,detail,1,46,BPUNDQLKPUIGBR-GPQMBLKYNA-N,-7.123
IGF1R,m05,mut_s1,detail,1,47,WDFLSTQJUFMIIW-UHFFFAOYNA-N,-7.632
IGF1R,m05,mut_s1,detail,1,48,BJLQEYLWUSSEKH-CMPMBVLYNA-N,-7.255
IGF1R,m05,mut_s1,detail,1,49,HZUGIOKMHRUHMF-ADJYBIKJNA-N,-7.775
IGF1R,m05,mut_s1,detail,1,50,PBWQQQLCZDQSET-XWKXFZRBNA-N,-6.124
IGF1R,m05,mut_s1,detail,1,51,ISSLSGLIFQSYJA-HCKMINDGNA-N,-7.174
IGF1R,m05,mut_s1,detail,1,52,OAXDEJIQWHXCJI-UHFFFAOYNA-N,-6.564
IGF1R,m05,mut_s1,detail,1,53,BCJVFDDJSOEKKQ-UHFFFAOYNA-N,-7.467
IGF1R,m05,mut_s1,detail,1,54,QFJGCDWXDUDFAD-UHFFFAOYNA-N,-8.468
IGF1R,m05,mut_s1,detail,1,55,JVBGNPPYXIWVPH-WYCIUFAENA-N,-5.65
IGF1R,m05,mut_s1,detail,1,56,BYJAVTDNIXVSPW-YHMJCDSINA-N,-6.701
IGF1R,m05,mut_s1,detail,1,57,MQGMUPFWCDYDFO-UHFFFAOYNA-N,-7.152
IGF1R,m05,mut_s1,detail,1,58,OACAJASVXJLTAT-UHFFFAOYNA-N,-7.088
IGF1R,m05,mut_s1,detail,1,59,AQSGGOLDOQGOAO-FNCQTZNRNA-N,-6.268
IGF1R,m05,mut_s1,detail,1,60,SOBHKZHLCOJHTI-YHMJCDSINA-N,-7.46
IGF1R,m05,mut_s1,detail,1,61,NUFCOZJTDHUROG-PKGMMKRDNA-N,-7.24
IGF1R,m05,mut_s1,detail,1,62,KZTOUMBNPVCTLR-GFJIPZKJNA-N,-8.116
IGF1R,m05,mut_s1,detail,1,63,CLEMZXMGJNNUTH-LILDFLRNNA-N,-8.586
IGF1R,m05,mut_s1,detail,1,64,MXRJUMCOVVUCLC-UHFFFAOYNA-N,-8.075
IGF1R,m05,mut_s1,detail,1,65,HZDIAENSPHDHRS-UHFFFAOYNA-N,-6.881
IGF1R,m05,mut_s1,detail,1,66,CHDODAJYQOTMTK-PKSOQXRJNA-N,-7.469
IGF1R,m05,mut_s1,detail,1,67,VRFRJWXCOPEIII-QWOVJGMINA-N,-7.347
IGF1R,m05,mut_s1,detail,1,68,WTOLVFBACFWUSN-QGOAFFKANA-N,-7.885
IGF1R,m05,mut_s1,detail,1,69,KDJZDSPTXVFGOF-NPVYFSBINA-N,-8.195
IGF1R,m05,mut_s1,detail,1,70,MUXXNOOBECTQPY-UHFFFAOYNA-N,-8.277
IGF1R,m05,mut_s1,detail,1,71,OBUUPTPELQALTE-UYBDAZJANA-N,-7.135
IGF1R,m05,mut_s1,detail,1,72,FKOXOEKZVRISIU-NPVYFSBINA-N,-7.849
IGF1R,m05,mut_s1,detail,1,73,ZOKNKPRORGNRMQ-BXBDENJDNA-N,-7.177
IGF1R,m05,mut_s1,detail,1,74,KWJAZTNSKVNVEC-UHFFFAOYNA-N,-6.978
IGF1R,m05,mut_s1,detail,1,75,RPBVHEVTQXVWDL-NGZNMCPLNA-N,-8.641
IGF1R,m05,mut_s1,detail,1,76,ZSKKLMIULIVRSI-QWOVJGMINA-N,-7.484
IGF1R,m05,mut_s1,detail,1,77,VLKGZJJKNXFENI-LILDFLRNNA-N,-8.351
IGF1R,m05,mut_s1,detail,1,78,NCKZVQLIUXCUQF-UHFFFAOYNA-N,-7.011
IGF1R,m05,mut_s1,detail,1,79,TYYOBUBDDDDKPC-UHFFFAOYNA-N,-9.066
IGF1R,m05,mut_s1,detail,1,80,AQMRDIZFWYYMBQ-QWOVJGMINA-N,-7.785
IGF1R,m05,mut_s1,detail,1,81,IVRPZSQLORCONO-UHFFFAOYNA-N,-7.816
IGF1R,m05,mut_s1,detail,1,82,IRNFLRZZSCRLSQ-NPVYFSBINA-N,-7.943
IGF1R,m05,mut_s1,detail,1,83,UUMBQVLEWSWSOO-GPQMBLKYNA-N,-8.566
IGF1R,m05,mut_s1,detail,1,84,ASCHVCPAOUSKIZ-GPQMBLKYNA-N,-8.608
IGF1R,m05,mut_s1,detail,1,85,NVGGHEIBFBOAHY-UHFFFAOYNA-N,-8.937
IGF1R,m05,mut_s1,detail,1,86,JIOIPFWJCUUZEU-PKSOQXRJNA-N,-7.892
IGF1R,m05,mut_s1,detail,1,87,RGAJQRZKKQXIEQ-XBTAAFKLNA-N,-6.154
IGF1R,m05,mut_s1,detail,1,88,DOVBELPPXZSOPX-UHFFFAOYNA-N,-8.204
IGF1R,m05,mut_s1,detail,1,89,VFOWTBWNNOVCPH-WJDWOHSUNA-N,-8.105
IGF1R,m05,mut_s1,detail,1,90,HKWNGVFHUCRTTQ-QVUQFMIFNA-N,-8.641
IGF1R,m05,mut_s1,detail,1,91,VPMBMFYJJPEBKS-XBTAAFKLNA-N,-8.574
IGF1R,m05,mut_s1,detail,1,92,OPIXMYPGGYYGRV-PKSOQXRJNA-N,-7.894
IGF1R,m05,mut_s1,detail,1,93,ASWFTNOPBUOHSG-UHFFFAOYNA-N,-8.38
IGF1R,m05,mut_s1,detail,1,94,YIFJQOSOEFTEHM-QWOVJGMINA-N,-7.958
IGF1R,m05,mut_s1,detail,1,95,CYRPZNLZOLVKKM-PKSOQXRJNA-N,-8.073
IGF1R,m05,mut_s1,detail,1,96,PSRSNNQFQFGFKV-QWOVJGMINA-N,-8.885
IGF1R,m05,mut_s1,detail,1,97,PSJJZUSBTGJHEC-WYUMXYHSNA-N,-7.144
IGF1R,m05,mut_s1,detail,1,98,RCTHTZYLLISDPT-VVKINWOJNA-N,-8.026
IGF1R,m05,mut_s1,detail,1,99,UNWANCHXNSSIJJ-PKSOQXRJNA-N,-7.469
IGF1R,m05,mut_s1,detail,1,100,OJBGHXIETMBPHZ-UHFFFAOYNA-N,-8.273
IGF1R,m05,mut_s1,detail,1,101,KNDRDFFUMNHLRJ-LILDFLRNNA-N,-7.943
IGF1R,m05,mut_s1,detail,1,102,PBGALVWBACEVEC-QWOVJGMINA-N,-8.429
IGF1R,m05,mut_s1,detail,1,103,SRLVRCUUJBEIBP-UHFFFAOYNA-N,-7.758
IGF1R,m05,mut_s1,detail,1,104,UVGHDRGQXQVMNW-UHFFFAOYNA-N,-8.097
IGF1R,m05,mut_s1,detail,1,105,YIUJUFFZJHPDAY-SDRQFZCRNA-N,-8.738
IGF1R,m05,mut_s1,detail,1,106,UYPODJSKAAJGNR-UYBDAZJANA-N,-7.799
IGF1R,m05,mut_s1,detail,1,107,YWMYHDFGDRTCPV-BXGKXWMCNA-N,-7.935
IGF1R,m05,mut_s1,detail,1,108,RPVJOFUOUDWRGV-LILDFLRNNA-N,-7.864
IGF1R,m05,mut_s1,detail,1,109,LUKGDWAOTYXHEM-XBTAAFKLNA-N,-7.981
IGF1R,m05,mut_s1,detail,1,110,CHJMEHVGESAPSR-UHFFFAOYNA-N,-7.893
IGF1R,m05,mut_s1,detail,1,111,JDZNTGMSMHYYCY-NPVYFSBINA-N,-8.335
IGF1R,m05,mut_s1,detail,1,112,CRZKGBDGHDTLNN-UHFFFAOYNA-N,-7.74
IGF1R,m05,mut_s1,detail,1,113,ALLYNSCMTRSFNH-UHFFFAOYNA-N,-7.936
IGF1R,m05,mut_s1,detail,1,114,HTVVQAPUWGNILV-PKSOQXRJNA-N,-8.028
IGF1R,m05,mut_s1,detail,1,115,HEKHUTSUFJPTQY-UHFFFAOYNA-N,-8.503
IGF1R,m05,mut_s1,detail,1,116,ZTTIICUFHXUACO-HNENSFHCNA-N,-7.494
IGF1R,m05,mut_s1,detail,1,117,GYJDRNKSYOJANZ-QVUQFMIFNA-N,-7.613
IGF1R,m05,mut_s1,detail,1,118,QSBMVUOOXXRNFY-UHFFFAOYNA-N,-7.702
IGF1R,m05,mut_s1,detail,1,119,VRMMQHDQMURNDV-PGYIFSQXNA-N,-7.188
IGF1R,m05,mut_s1,detail,1,120,FHGICQLRHVZVCW-TWSYTRIPNA-N,-7.526
IGF1R,m05,mut_s1,detail,1,121,WWZHRJDMAZBTGY-WYUMXYHSNA-N,-7.925
IGF1R,m05,mut_s1,detail,1,122,GXHBBVOBKJURCM-UHFFFAOYNA-N,-7.056
IGF1R,m05,mut_s1,detail,1,123,GKJWYULRCHAYTN-UYBDAZJANA-N,-8.287
IGF1R,m05,mut_s1,detail,1,124,LJFRBCQBJFKUBA-LILDFLRNNA-N,-9.16
IGF1R,m05,mut_s1,detail,1,125,JGJYHHGYTXVQLH-MZSCVVMKNA-N,-7.068
IGF1R,m05,mut_s1,detail,1,126,WJPDMYDDAMHBSE-UZYVYHOENA-N,-8.559
IGF1R,m05,mut_s1,detail,1,127,GVOMJEIYRXTYCN-LILDFLRNNA-N,-7.027
IGF1R,m05,mut_s1,detail,1,128,LTZVLHHIAUKGBP-LELJVTLKNA-N,-7.764
IGF1R,m05,mut_s1,detail,1,129,FIKLOQNDPSVUGH-LBOYIXSDNA-N,-7.945
IGF1R,m05,mut_s1,detail,1,130,GIEJIAIRYKSRHU-MPIMZMORNA-N,-8.348
IGF1R,m05,mut_s1,detail,1,131,XFKYWJPYYRTYBR-ODOKVQCSNA-N,-6.831
IGF1R,m05,mut_s1,detail,1,132,PKSFLOGCPXWJIU-MEDUHNTENA-N,-8.455
IGF1R,m05,mut_s1,detail,1,133,JLHJTKOPNATISN-LELJVTLKNA-N,-7.685
IGF1R,m05,mut_s1,detail,1,134,GUBNROKMFNBDBZ-GRDNDAEWNA-N,-7.51
IGF1R,m05,mut_s1,detail,1,135,KGCQIOUZEREWDG-UHFFFAOYNA-N,-8.109
IGF1R,m05,mut_s1,detail,1,136,DWDHSAAOHLDDKE-QWOVJGMINA-N,-7.17
IGF1R,m05,mut_s1,detail,1,137,XSTAWOGBOKIKIE-UKZVOYCKNA-N,-8.404
IGF1R,m05,mut_s1,detail,1,138,OWXORKPNCHJYOF-JFRKDZMVNA-N,-8.442
IGF1R,m05,mut_s1,detail,1,139,MQOILMOKFLJWRN-KYCGMZMQNA-N,-8.92
IGF1R,m05,mut_s1,detail,1,140,BJROQKFYPRCGFD-LQFNOIFHNA-N,-9.226
IGF1R,m05,mut_s1,detail,1,141,PLWVUIRWJVKSSD-XBXARRHUNA-N,-7.689
IGF1R,m05,mut_s1,detail,1,142,HFWSIVHELHSGJY-JJIBRWJFNA-N,-7.424
IGF1R,m05,mut_s1,detail,1,143,QMHSEIOSCQWTPQ-LNNLXFCONA-N,-7.43
IGF1R,m05,mut_s1,detail,1,144,FBHVHCWHAVLWJT-OYSRHTCDNA-N,-7.629
IGF1R,m05,mut_s1,detail,1,145,CEZNOHQWEHKPJP-LQFNOIFHNA-N,-8.485
IGF1R,m05,mut_s1,detail,1,146,KOFRNRJMKWZBMR-RVJKNMGLNA-N,-7.552
IGF1R,m05,mut_s1,detail,1,147,PGPPCCZSDRAQKA-SYZQJQIINA-N,-6.856
IGF1R,m05,mut_s1,detail,1,148,VGUBMLBOECHPGN-MHEVPKQANA-N,-8.663
IGF1R,m05,mut_s1,detail,1,149,PCORSCGAGFGSSR-UHFFFAOYNA-N,-7.255
IGF1R,m05,mut_s1,detail,1,150,JGNCAWPKZCFGOI-BXGKXWMCNA-N,-9.368
IGF1R,m05,mut_s1,detail,1,151,ULONVLUMOUFCID-LNNLXFCONA-N,-9.211
IGF1R,m05,mut_s1,detail,1,152,HCPHOPNEKKCOEN-LNNLXFCONA-N,-8.629
IGF1R,m05,mut_s1,detail,1,153,OMJCCYYNBCJNOL-FVAMHUBNNA-N,-7.54
IGF1R,m05,mut_s1,detail,1,154,SZUCFANUUBSCPX-PJQSKVNONA-N,-8.652
IGF1R,m05,mut_s1,detail,1,155,QHLRKDSRGUZHSH-UHFFFAOYNA-N,-7.319
IGF1R,m05,mut_s1,detail,1,156,QUFUFSGGBADBIH-UHFFFAOYNA-N,-8.139
IGF1R,m05,mut_s1,detail,1,157,WPBGBXPZNCPYQB-UHFFFAOYNA-N,-8.52
IGF1R,m05,mut_s1,detail,1,158,BXVSKXWPXKQTOL-UHFFFAOYNA-N,-8.074
IGF1R,m05,mut_s1,detail,1,159,WNELYPHBVMGNQP-UHFFFAOYNA-N,-8.419
IGF1R,m05,mut_s1,detail,1,160,POOIONRPVWIUHF-LQFNOIFHNA-N,-8.374
IGF1R,m05,mut_s1,detail,1,161,NZPQBADYZFTGOT-UHFFFAOYNA-N,-8.077
IGF1R,m05,mut_s1,detail,1,162,MAOZUYDDGGFCKF-WFELUYCUNA-N,-7.956
IGF1R,m05,mut_s1,detail,1,163,PEANHJHNIYISMY-UHFFFAOYNA-N,-8.431
IGF1R,m05,mut_s1,detail,1,164,ABFVBWQMBVYWMV-UHFFFAOYNA-N,-8.195
IGF1R,m05,mut_s1,detail,1,165,UMUOTXHWTLGGIP-QWOVJGMINA-N,-8.143
IGF1R,m05,mut_s1,detail,1,166,NYVXKWVMQVVBRC-QWOVJGMINA-N,-7.771
IGF1R,m05,mut_s1,detail,1,167,OVGDAEHQLCSRDI-UHFFFAOYNA-N,-6.655
IGF1R,m05,mut_s1,detail,1,168,BZXWWWGSEIRPLV-UHFFFAOYNA-N,-7.86
IGF1R,m05,mut_s1,detail,1,169,FXGKAQHXFGXOPR-UHFFFAOYNA-N,-8.381
IGF1R,m05,mut_s1,detail,1,170,HVIXAPJIOPIFIY-UHFFFAOYNA-N,-7.679
IGF1R,m05,mut_s1,detail,1,171,LIRQEBOXUUPWJJ-LNNLXFCONA-N,-7.886
IGF1R,m05,mut_s1,detail,1,172,ZDIIOUBKRSIUED-LQFNOIFHNA-N,-8.162
IGF1R,m05,mut_s1,detail,1,173,LTWUSAKSGJMCRY-UHFFFAOYNA-N,-8.202
IGF1R,m05,mut_s1,detail,1,174,PNDIKCGLYJOYIK-UYBDAZJANA-N,-7.754
IGF1R,m05,mut_s1,detail,1,175,MGSHIAIRIYECSG-MPIMZMORNA-N,-7.139
IGF1R,m05,mut_s1,detail,1,176,MVWYIUZSZIETFZ-KYUNMXQPNA-N,-8.018
IGF1R,m05,mut_s1,detail,1,177,XGTOSEODMLDCBR-UHFFFAOYNA-N,-7.182
IGF1R,m05,mut_s1,detail,1,178,NYHRLEZMHRGFLZ-UYBDAZJANA-N,-8.029
IGF1R,m05,mut_s1,detail,1,179,KZGNFRGGQVBHRV-UHFFFAOYNA-N,-8.563
IGF1R,m05,mut_s1,detail,1,180,SXXXSTPMDGKOCH-LQFNOIFHNA-N,-8.335
IGF1R,m05,mut_s1,detail,1,181,VJGFWNZWHKBDNN-HPHMPNDVNA-N,-7.252
IGF1R,m05,mut_s1,detail,1,182,SBLZEXLDNURADT-LELJVTLKNA-N,-6.788
IGF1R,m05,mut_s1,detail,1,183,OINVQDVVQWTWJM-YNGZFIAGNA-N,-8.116
IGF1R,m05,mut_s1,detail,1,184,RJZHELXWHJKNAM-NPVYFSBINA-N,-7.269
IGF1R,m05,mut_s1,detail,1,185,MAXGWTGCLOXELV-UHFFFAOYNA-N,-8.721
IGF1R,m05,mut_s1,detail,1,186,PNHBRYIAJCYNDA-VQCQRNETNA-N,-9.748
IGF1R,m05,mut_s1,detail,1,187,QGZIKUYIROAFSE-QWOVJGMINA-N,-7.634
IGF1R,m05,mut_s1,detail,1,188,QTIJDOJTNOHQTC-WQGACYEGNA-N,-6.826
IGF1R,m05,mut_s1,detail,1,189,OMLLGNQJKXQVKT-TUXCJRKWNA-N,-7.72
IGF1R,m05,mut_s1,detail,1,190,FNLHLKPQZWPTTK-UHFFFAOYNA-N,-8.381
IGF1R,m05,mut_s1,detail,1,191,XBPLTFIKHVYSDD-UHFFFAOYNA-N,-9.856
IGF1R,m05,mut_s1,detail,1,192,VEXPKIRCYBYITI-BEFZCSJLNA-N,-11.543
IGF1R,m05,mut_s1,detail,1,193,WDVQKHWASUJMRH-LNNLXFCONA-N,-8.621
IGF1R,m05,mut_s1,detail,1,194,DAUHEXDIKFZUFM-BZCDMSEBNA-N,-8.898
IGF1R,m05,mut_s1,detail,1,195,HCFHHWIWTWPKFH-UHFFFAOYNA-N,-8.084
IGF1R,m05,mut_s1,detail,1,196,PIFJHAXQZFBLCQ-ZVBCKELPNA-N,-8.509
IGF1R,m05,mut_s1,detail,1,197,CGBYUWXVJWRJIR-LLJNPURJNA-N,-7.831
IGF1R,m05,mut_s1,detail,1,198,CLHNZVNBTRJSNX-NSJMMFDCNA-N,-6.835
IGF1R,m05,mut_s1,detail,1,199,JKMJQRRLCJXPOK-SREBMQDQNA-N,-9.107
IGF1R,m05,mut_s1,detail,1,200,HHXLRWIDFFFFKX-LELJVTLKNA-N,-9.253
IGF1R,m05,mut_s1,detail,1,201,BZCFDJGFEXLRFA-NYHNBARNNA-N,-9.485
IGF1R,m05,mut_s1,detail,1,202,IEZNLWGERBHQJK-KEAFGAQVNA-N,-9.419
IGF1R,m05,mut_s1,detail,1,203,ZBJYTLVBCAOWHI-PKRZOPRNNA-N,-7.008
IGF1R,m05,mut_s1,detail,1,204,FGMQRSXQOIDDJD-PKRZOPRNNA-N,-7.475
IGF1R,m05,mut_s1,detail,1,205,XDGHTBHPIPZHLJ-KMZMRBKQNA-N,-9.692
IGF1R,m05,mut_s1,detail,1,206,WSGZHZGDPVCVHF-UHFFFAOYNA-N,-9.245
IGF1R,m05,mut_s1,detail,1,207,HXWAXUQSZMRTTE-YLBMWQQONA-N,-8.405
IGF1R,m05,mut_s1,detail,1,208,FCZVXTBFAYFUHQ-UHFFFAOYNA-N,-10.253
IGF1R,m05,mut_s1,detail,1,209,YAZOIIMRVUPEOT-DHDJHLBQNA-N,-7.516
IGF1R,m05,mut_s1,detail,1,210,KVNQZVOXEZCBRJ-PECRYQBZNA-N,-9.681
IGF1R,m05,mut_s1,detail,1,211,IYBSHHORKOCFKZ-LNNLXFCONA-N,-8.458
IGF1R,m05,mut_s1,detail,1,212,RSTMZFOEDVJAHN-OXBUWGKVNA-N,-8.184
IGF1R,m05,mut_s1,detail,1,213,NYWCANYSFKVUNN-UHFFFAOYNA-N,-9.247
IGF1R,m05,mut_s1,detail,1,214,XFQNPVRVZXSQSI-IVGLCWOSNA-N,-9.55
IGF1R,m05,mut_s1,detail,1,215,HXGZQYVBZUMUDK-HXTKINSTNA-N,-8.311
IGF1R,m05,mut_s1,detail,1,216,BKWBUUYCHYLRLF-NSJMMFDCNA-N,-5.995
IGF1R,m05,mut_s1,detail,1,217,JRRKWFRTDFOWAB-XDUJAMRANA-N,-7.524
IGF1R,m05,mut_s1,detail,1,218,FPOLFSCTFRBBHI-QGZVFWFLNA-N,-9.118
IGF1R,m05,mut_s1,detail,1,219,RPPDOGWFJZOEQX-LVWGJNHUNA-N,-6.751
IGF1R,m05,mut_s1,detail,1,220,JYOPBQURUBDKLK-LELJVTLKNA-N,-8.93
IGF1R,m05,mut_s1,detail,1,221,LNENLABLFGGAFF-INUABGGHNA-N,-8.575
IGF1R,m05,mut_s1,detail,1,222,BAQVKFUOCGTGBI-FCDIKQFGNA-N,-7.493
IGF1R,m05,mut_s1,detail,1,223,SYJAKTNXXAWUQU-BYGYBERANA-N,-8.741
IGF1R,m05,mut_s1,detail,1,224,KCFZFOHSAGLLGQ-LUBWAWCANA-N,-8.004
IGF1R,m05,mut_s1,detail,1,225,LDJWHJQMWPYZLV-WHDAICOONA-N,-9.069
IGF1R,m05,mut_s1,detail,1,226,AXUDSCZCBZMENI-UHFFFAOYNA-N,-8.675
IGF1R,m05,mut_s1,detail,1,227,DDXHLMOKYYMXTK-OBAATPRFNA-N,-8.048
IGF1R,m05,mut_s1,detail,1,228,KTOSTKQYNJBYHF-PKOBYXMFNA-N,-8.383
IGF1R,m05,mut_s1,detail,1,229,ZCFWJPJEBJVXTO-UHFFFAOYNA-N,-8.381
IGF1R,m05,mut_s1,detail,1,230,NJVFOFMHUJJIMB-UHFFFAOYNA-N,-7.828
IGF1R,m05,mut_s1,detail,1,231,XUEQVOGPWKWKNT-XBXBPLPCNA-N,-7.672
IGF1R,m05,mut_s1,detail,1,232,MLFYMBALEIQTEJ-LBOYIXSDNA-N,-8.174
IGF1R,m05,mut_s1,detail,1,233,AETJFEZDSLASSU-XTEPFMGCNA-N,-8.255
IGF1R,m05,mut_s1,detail,1,234,GSNNWCVFRNINCY-UHFFFAOYNA-N,-8.887
IGF1R,m05,mut_s1,detail,1,235,UIHGNJALPXKJRE-UHFFFAOYNA-N,-9.52
IGF1R,m05,mut_s1,detail,1,236,BBUDWIYSLGTZTQ-SGMUJJOCNA-N,-8.241
IGF1R,m05,mut_s1,detail,1,237,CBYYNSKRRKXPFV-LELJVTLKNA-N,-7.862
IGF1R,m05,mut_s1,detail,1,238,NMFTXZYZNCQGNR-MTTPVDACNA-N,-9.356
IGF1R,m05,mut_s1,detail,1,239,QTKARDGAUMDUCL-LAEKOWRLNA-N,-10.976
IGF1R,m05,mut_s1,detail,1,240,VNEQUOUVFXAVMH-SANMLTNENA-N,-5.973
IGF1R,m05,mut_s1,detail,1,241,IJPPTSNWQLJFSU-LNNLXFCONA-N,-8.184
IGF1R,m05,mut_s1,detail,1,242,DJQIFFIREHYQCT-OSPHWJPCNA-N,-8.806
IGF1R,m05,mut_s1,detail,1,243,KOZFSFOOLUUIGY-SLMOLSELNA-N,-10.24
IGF1R,m05,mut_s1,detail,1,244,WILPFKVTYXJQQV-ZMCXWUQGNA-N,-7.809
IGF1R,m05,mut_s1,detail,1,245,NZELHCGEQZMIBB-UHFFFAOYNA-N,-8.998
IGF1R,m05,mut_s1,detail,1,246,VKGWONFLJDZUKM-NSJMMFDCNA-N,-8.077
IGF1R,m05,mut_s1,detail,1,247,XUHSVEXCUONJNQ-PMERELPUNA-N,-8.492
IGF1R,m05,mut_s1,detail,1,248,ZFOAPODMCDEDHA-UHFFFAOYNA-N,-8.481
IGF1R,m05,mut_s1,detail,1,249,PZCSJBQJENRLHD-ULJJZXAINA-N,-7.561
IGF1R,m05,mut_s1,detail,1,250,IOSLXICJNAAKOP-ZFJUVRDGNA-N,-8.088
IGF1R,m05,mut_s1,detail,1,251,HUDCDZLLNLJTEW-RBSQRGBYNA-N,-9.222
IGF1R,m05,mut_s1,detail,1,252,IKUATMHYCWRCHC-XUIBWRPBNA-N,-9.568
IGF1R,m05,mut_s1,detail,1,253,HCEYJYMNIQHPPK-WKJNMVSGNA-N,-9.102
IGF1R,m05,mut_s1,detail,1,254,ZLEIPSPWAZJWJP-DHDJHLBQNA-N,-8.447
IGF1R,m05,mut_s1,detail,1,255,ZKDQUBKHXMXRRH-KUWNNRQRNA-N,-7.534
IGF1R,m06,mut_s1,detail,1,0,QGXBDMJGAMFCBF-WRZMNKJANA-N,-8.403
IGF1R,m06,mut_s1,detail,1,1,XZORRJGRPUBUJO-UHFFFAOYNA-N,-6.476
IGF1R,m06,mut_s1,detail,1,2,RIOOLQVLOZQLQJ-CYBMUJFWNA-N,-6.322
IGF1R,m06,mut_s1,detail,1,3,JMAMZIYMGUDBDZ-YAQRNVERNA-N,-6.609
IGF1R,m06,mut_s1,detail,1,4,SOHFVFXITPDEDK-GMNMMWFNNA-N,-7.045
IGF1R,m06,mut_s1,detail,1,5,HQPUBFWUNXGPNP-FECSGLDJNA-N,-6.089
IGF1R,m06,mut_s1,detail,1,6,URSPNXKDALRRBJ-FQFUPTBWNA-N,-7.488
IGF1R,m06,mut_s1,detail,1,7,MALHKRCDHFAKIM-GPQMBLKYNA-N,-7.337
IGF1R,m06,mut_s1,detail,1,8,VDGCRTGHEWIBAL-YAQRNVERNA-N,-6.713
IGF1R,m06,mut_s1,detail,1,9,VOWBZMVBYGELAY-UHFFFAOYNA-N,-8.029
IGF1R,m06,mut_s1,detail,1,10,GKBJOMPRUSWVJA-UHFFFAOYNA-N,-6.809
IGF1R,m06,mut_s1,detail,1,11,RQLXWVPRGJJWEK-BFHABQRXNA-N,-7.072
IGF1R,m06,mut_s1,detail,1,12,OQWMEUSTXXVVIU-NWANDNLSNA-N,-5.61
IGF1R,m06,mut_s1,detail,1,13,SVIIYVRLTJRIIR-UHFFFAOYNA-N,-6.631
IGF1R,m06,mut_s1,detail,1,14,XIQVFMHGZHWKNA-LILDFLRNNA-N,-7.751
IGF1R,m06,mut_s1,detail,1,15,ABQUFQQMQCPHOH-NCWAPJAINA-N,-6.854
IGF1R,m06,mut_s1,detail,1,16,BNGLUFUDMHHURB-UYBDAZJANA-N,-8.167
IGF1R,m06,mut_s1,detail,1,17,JXAGPFSGJKRKBY-UHFFFAOYNA-N,-7.685
IGF1R,m06,mut_s1,detail,1,18,DINPOPQNCDTVPQ-YGPBECBDNA-N,-6.758
IGF1R,m06,mut_s1,detail,1,19,FUMDYIGQJOCQBC-UHFFFAOYNA-N,-6.943
IGF1R,m06,mut_s1,detail,1,20,GLEVLJDDWXEYCO-WYUMXYHSNA-N,-7.15
IGF1R,m06,mut_s1,detail,1,21,PWCMYVJXHPBJNZ-FSHPWJEWNA-N,-5.847
IGF1R,m06,mut_s1,detail,1,22,CLPZQGXGPKJOMN-XWKXFZRBNA-N,-6.582
IGF1R,m06,mut_s1,detail,1,23,UFUOEKYHBCFTGW-RWJRRMEYNA-N,-6.657
IGF1R,m06,mut_s1,detail,1,24,CMNIOKDUTCZQJB-NDKGDYFDNA-N,-6.093
IGF1R,m06,mut_s1,detail,1,25,ZVNPQHHQIVQYPI-ZHACJKMWNA-N,-8.643
IGF1R,m06,mut_s1,detail,1,26,HHPYZGCOAAJZTN-NKWLYDBFNA-N,-7.233
IGF1R,m06,mut_s1,detail,1,27,ANYSYRVXKLTFPB-UHFFFAOYNA-N,-7.275
IGF1R,m06,mut_s1,detail,1,28,JISYUXULRDZARX-HCKMINDGNA-N,-7.503
IGF1R,m06,mut_s1,detail,1,29,VTLWDCDAVLVOHR-HCKMINDGNA-N,-7.768
IGF1R,m06,mut_s1,detail,1,30,BBMWNEXSYXLWEO-WYUMXYHSNA-N,-6.673
IGF1R,m06,mut_s1,detail,1,31,WZGCZUAYIBWZAN-YHSKDTNENA-N,-7.388
IGF1R,m06,mut_s1,detail,1,32,RVNORUCXEIIROU-UHFFFAOYNA-N,-7.769
IGF1R,m06,mut_s1,detail,1,33,ZTJZVOMEMRNYKF-JSGPKCTENA-N,-6.287
IGF1R,m06,mut_s1,detail,1,34,WQKOQOZXZQJNRC-GPQMBLKYNA-N,-8.041
IGF1R,m06,mut_s1,detail,1,35,WKLBCLNIAGUINH-GAJRPKRDNA-N,-6.116
IGF1R,m06,mut_s1,detail,1,36,ZVOVGLCUMDQIHF-VPQZEOPVNA-N,-6.364
IGF1R,m06,mut_s1,detail,1,37,UGKZABQBFUBOFG-WDFGQQGSNA-N,-6.555
IGF1R,m06,mut_s1,detail,1,38,RTJRNIJPLOVJLH-WYUMXYHSNA-N,-6.354
IGF1R,m06,mut_s1,detail,1,39,MUJCQGFFHCARCQ-UYBDAZJANA-N,-8.907
IGF1R,m06,mut_s1,detail,1,40,FZSPJBYOKQPKCD-VIFPVBQENA-N,-6.208
IGF1R,m06,mut_s1,detail,1,41,RWPHPOMFTPAOAS-JLGFQASFNA-N,-7.609
IGF1R,m06,mut_s1,detail,1,42,ZXVNJVRABSCRGU-GPQMBLKYNA-N,-7.489
IGF1R,m06,mut_s1,detail,1,43,KZAOEMMZRGEBST-OOGKJWBGNA-N,-7.523
IGF1R,m06,mut_s1,detail,1,44,NEIVPRTZAHUZEA-WYUMXYHSNA-N,-6.073
IGF1R,m06,mut_s1,detail,1,45,PYKJFEPAUKAXNN-UHFFFAOYNA-N,-7.244
IGF1R,m06,mut_s1,detail,1,46,BPUNDQLKPUIGBR-GPQMBLKYNA-N,-6.7
IGF1R,m06,mut_s1,detail,1,47,WDFLSTQJUFMIIW-UHFFFAOYNA-N,-7.286
IGF1R,m06,mut_s1,detail,1,48,BJLQEYLWUSSEKH-CMPMBVLYNA-N,-7.566
IGF1R,m06,mut_s1,detail,1,49,HZUGIOKMHRUHMF-ADJYBIKJNA-N,-7.443
IGF1R,m06,mut_s1,detail,1,50,PBWQQQLCZDQSET-XWKXFZRBNA-N,-6.172
IGF1R,m06,mut_s1,detail,1,51,ISSLSGLIFQSYJA-HCKMINDGNA-N,-7.699
IGF1R,m06,mut_s1,detail,1,52,OAXDEJIQWHXCJI-UHFFFAOYNA-N,-6.928
IGF1R,m06,mut_s1,detail,1,53,BCJVFDDJSOEKKQ-UHFFFAOYNA-N,-6.965
IGF1R,m06,mut_s1,detail,1,54,QFJGCDWXDUDFAD-UHFFFAOYNA-N,-8.519
IGF1R,m06,mut_s1,detail,1,55,JVBGNPPYXIWVPH-WYCIUFAENA-N,-5.299
IGF1R,m06,mut_s1,detail,1,56,BYJAVTDNIXVSPW-YHMJCDSINA-N,-6.683
IGF1R,m06,mut_s1,detail,1,57,MQGMUPFWCDYDFO-UHFFFAOYNA-N,-7.357
IGF1R,m06,mut_s1,detail,1,58,OACAJASVXJLTAT-UHFFFAOYNA-N,-7.092
IGF1R,m06,mut_s1,detail,1,59,AQSGGOLDOQGOAO-FNCQTZNRNA-N,-6.488
IGF1R,m06,mut_s1,detail,1,60,SOBHKZHLCOJHTI-YHMJCDSINA-N,-7.216
IGF1R,m06,mut_s1,detail,1,61,NUFCOZJTDHUROG-PKGMMKRDNA-N,-6.558
IGF1R,m06,mut_s1,detail,1,62,KZTOUMBNPVCTLR-GFJIPZKJNA-N,-8.328
IGF1R,m06,mut_s1,detail,1,63,CLEMZXMGJNNUTH-LILDFLRNNA-N,-8.342
IGF1R,m06,mut_s1,detail,1,64,MXRJUMCOVVUCLC-UHFFFAOYNA-N,-8.152
IGF1R,m06,mut_s1,detail,1,65,HZDIAENSPHDHRS-UHFFFAOYNA-N,-7.159
IGF1R,m06,mut_s1,detail,1,66,CHDODAJYQOTMTK-PKSOQXRJNA-N,-7.945
IGF1R,m06,mut_s1,detail,1,67,VRFRJWXCOPEIII-QWOVJGMINA-N,-8.237
IGF1R,m06,mut_s1,detail,1,68,WTOLVFBACFWUSN-QGOAFFKANA-N,-7.777
IGF1R,m06,mut_s1,detail,1,69,KDJZDSPTXVFGOF-NPVYFSBINA-N,-7.977
IGF1R,m06,mut_s1,detail,1,70,MUXXNOOBECTQPY-UHFFFAOYNA-N,-7.207
IGF1R,m06,mut_s1,detail,1,71,OBUUPTPELQALTE-UYBDAZJANA-N,-6.623
IGF1R,m06,mut_s1,detail,1,72,FKOXOEKZVRISIU-NPVYFSBINA-N,-7.404
IGF1R,m06,mut_s1,detail,1,73,ZOKNKPRORGNRMQ-BXBDENJDNA-N,-7.663
IGF1R,m06,mut_s1,detail,1,74,KWJAZTNSKVNVEC-UHFFFAOYNA-N,-7.304
IGF1R,m06,mut_s1,detail,1,75,RPBVHEVTQXVWDL-NGZNMCPLNA-N,-8.846
IGF1R,m06,mut_s1,detail,1,76,ZSKKLMIULIVRSI-QWOVJGMINA-N,-6.986
IGF1R,m06,mut_s1,detail,1,77,VLKGZJJKNXFENI-LILDFLRNNA-N,-8.049
IGF1R,m06,mut_s1,detail,1,78,NCKZVQLIUXCUQF-UHFFFAOYNA-N,-7.17
IGF1R,m06,mut_s1,detail,1,79,TYYOBUBDDDDKPC-UHFFFAOYNA-N,-8.448
IGF1R,m06,mut_s1,detail,1,80,AQMRDIZFWYYMBQ-QWOVJGMINA-N,-8.494
IGF1R,m06,mut_s1,detail,1,81,IVRPZSQLORCONO-UHFFFAOYNA-N,-8.089
IGF1R,m06,mut_s1,detail,1,82,IRNFLRZZSCRLSQ-NPVYFSBINA-N,-8.209
IGF1R,m06,mut_s1,detail,1,83,UUMBQVLEWSWSOO-GPQMBLKYNA-N,-8.348
IGF1R,m06,mut_s1,detail,1,84,ASCHVCPAOUSKIZ-GPQMBLKYNA-N,-8.09
IGF1R,m06,mut_s1,detail,1,85,NVGGHEIBFBOAHY-UHFFFAOYNA-N,-8.529
IGF1R,m06,mut_s1,detail,1,86,JIOIPFWJCUUZEU-PKSOQXRJNA-N,-8.083
IGF1R,m06,mut_s1,detail,1,87,RGAJQRZKKQXIEQ-XBTAAFKLNA-N,-5.936
IGF1R,m06,mut_s1,detail,1,88,DOVBELPPXZSOPX-UHFFFAOYNA-N,-8.219
IGF1R,m06,mut_s1,detail,1,89,VFOWTBWNNOVCPH-WJDWOHSUNA-N,-7.929
IGF1R,m06,mut_s1,detail,1,90,HKWNGVFHUCRTTQ-QVUQFMIFNA-N,-8.292
IGF1R,m06,mut_s1,detail,1,91,VPMBMFYJJPEBKS-XBTAAFKLNA-N,-8.363
IGF1R,m06,mut_s1,detail,1,92,OPIXMYPGGYYGRV-PKSOQXRJNA-N,-8.02
IGF1R,m06,mut_s1,detail,1,93,ASWFTNOPBUOHSG-UHFFFAOYNA-N,-8.994
IGF1R,m06,mut_s1,detail,1,94,YIFJQOSOEFTEHM-QWOVJGMINA-N,-7.853
IGF1R,m06,mut_s1,detail,1,95,CYRPZNLZOLVKKM-PKSOQXRJNA-N,-7.684
IGF1R,m06,mut_s1,detail,1,96,PSRSNNQFQFGFKV-QWOVJGMINA-N,-8.554
IGF1R,m06,mut_s1,detail,1,97,PSJJZUSBTGJHEC-WYUMXYHSNA-N,-6.807
IGF1R,m06,mut_s1,detail,1,98,RCTHTZYLLISDPT-VVKINWOJNA-N,-8.242
IGF1R,m06,mut_s1,detail,1,99,UNWANCHXNSSIJJ-PKSOQXRJNA-N,-7.564
IGF1R,m06,mut_s1,detail,1,100,OJBGHXIETMBPHZ-UHFFFAOYNA-N,-7.393
IGF1R,m06,mut_s1,detail,1,101,KNDRDFFUMNHLRJ-LILDFLRNNA-N,-7.8
IGF1R,m06,mut_s1,detail,1,102,PBGALVWBACEVEC-QWOVJGMINA-N,-8.771
IGF1R,m06,mut_s1,detail,1,103,SRLVRCUUJBEIBP-UHFFFAOYNA-N,-6.757
IGF1R,m06,mut_s1,detail,1,104,UVGHDRGQXQVMNW-UHFFFAOYNA-N,-7.455
IGF1R,m06,mut_s1,detail,1,105,YIUJUFFZJHPDAY-SDRQFZCRNA-N,-8.015
IGF1R,m06,mut_s1,detail,1,106,UYPODJSKAAJGNR-UYBDAZJANA-N,-7.614
IGF1R,m06,mut_s1,detail,1,107,YWMYHDFGDRTCPV-BXGKXWMCNA-N,-8.201
IGF1R,m06,mut_s1,detail,1,108,RPVJOFUOUDWRGV-LILDFLRNNA-N,-8.306
IGF1R,m06,mut_s1,detail,1,109,LUKGDWAOTYXHEM-XBTAAFKLNA-N,-8.054
IGF1R,m06,mut_s1,detail,1,110,CHJMEHVGESAPSR-UHFFFAOYNA-N,-8.222
IGF1R,m06,mut_s1,detail,1,111,JDZNTGMSMHYYCY-NPVYFSBINA-N,-8.579
IGF1R,m06,mut_s1,detail,1,112,CRZKGBDGHDTLNN-UHFFFAOYNA-N,-6.898
IGF1R,m06,mut_s1,detail,1,113,ALLYNSCMTRSFNH-UHFFFAOYNA-N,-7.651
IGF1R,m06,mut_s1,detail,1,114,HTVVQAPUWGNILV-PKSOQXRJNA-N,-8.083
IGF1R,m06,mut_s1,detail,1,115,HEKHUTSUFJPTQY-UHFFFAOYNA-N,-8.975
IGF1R,m06,mut_s1,detail,1,116,ZTTIICUFHXUACO-HNENSFHCNA-N,-7.522
IGF1R,m06,mut_s1,detail,1,117,GYJDRNKSYOJANZ-QVUQFMIFNA-N,-8.341
IGF1R,m06,mut_s1,detail,1,118,QSBMVUOOXXRNFY-UHFFFAOYNA-N,-7.864
IGF1R,m06,mut_s1,detail,1,119,VRMMQHDQMURNDV-PGYIFSQXNA-N,-7.061
IGF1R,m06,mut_s1,detail,1,120,FHGICQLRHVZVCW-TWSYTRIPNA-N,-7.971
IGF1R,m06,mut_s1,detail,1,121,WWZHRJDMAZBTGY-WYUMXYHSNA-N,-7.868
IGF1R,m06,mut_s1,detail,1,122,GXHBBVOBKJURCM-UHFFFAOYNA-N,-7.24
IGF1R,m06,mut_s1,detail,1,123,GKJWYULRCHAYTN-UYBDAZJANA-N,-7.878
IGF1R,m06,mut_s1,detail,1,124,LJFRBCQBJFKUBA-LILDFLRNNA-N,-9.211
IGF1R,m06,mut_s1,detail,1,125,JGJYHHGYTXVQLH-MZSCVVMKNA-N,-7.252
IGF1R,m06,mut_s1,detail,1,126,WJPDMYDDAMHBSE-UZYVYHOENA-N,-8.916
IGF1R,m06,mut_s1,detail,1,127,GVOMJEIYRXTYCN-LILDFLRNNA-N,-8.079
IGF1R,m06,mut_s1,detail,1,128,LTZVLHHIAUKGBP-LELJVTLKNA-N,-8.778
IGF1R,m06,mut_s1,detail,1,129,FIKLOQNDPSVUGH-LBOYIXSDNA-N,-7.852
IGF1R,m06,mut_s1,detail,1,130,GIEJIAIRYKSRHU-MPIMZMORNA-N,-8.333
IGF1R,m06,mut_s1,detail,1,131,XFKYWJPYYRTYBR-ODOKVQCSNA-N,-7.781
IGF1R,m06,mut_s1,detail,1,132,PKSFLOGCPXWJIU-MEDUHNTENA-N,-8.356
IGF1R,m06,mut_s1,detail,1,133,JLHJTKOPNATISN-LELJVTLKNA-N,-7.686
IGF1R,m06,mut_s1,detail,1,134,GUBNROKMFNBDBZ-GRDNDAEWNA-N,-7.509
IGF1R,m06,mut_s1,detail,1,135,KGCQIOUZEREWDG-UHFFFAOYNA-N,-8.258
IGF1R,m06,mut_s1,detail,1,136,DWDHSAAOHLDDKE-QWOVJGMINA-N,-7.387
IGF1R,m06,mut_s1,detail,1,137,XSTAWOGBOKIKIE-UKZVOYCKNA-N,-8.111
IGF1R,m06,mut_s1,detail,1,138,OWXORKPNCHJYOF-JFRKDZMVNA-N,-8.112
IGF1R,m06,mut_s1,detail,1,139,MQOILMOKFLJWRN-KYCGMZMQNA-N,-9.428
IGF1R,m06,mut_s1,detail,1,140,BJROQKFYPRCGFD-LQFNOIFHNA-N,-8.213
IGF1R,m06,mut_s1,detail,1,141,PLWVUIRWJVKSSD-XBXARRHUNA-N,-7.687
IGF1R,m06,mut_s1,detail,1,142,HFWSIVHELHSGJY-JJIBRWJFNA-N,-7.825
IGF1R,m06,mut_s1,detail,1,143,QMHSEIOSCQWTPQ-LNNLXFCONA-N,-7.211
IGF1R,m06,mut_s1,detail,1,144,FBHVHCWHAVLWJT-OYSRHTCDNA-N,-6.479
IGF1R,m06,mut_s1,detail,1,145,CEZNOHQWEHKPJP-LQFNOIFHNA-N,-8.942
IGF1R,m06,mut_s1,detail,1,146,KOFRNRJMKWZBMR-RVJKNMGLNA-N,-7.145
IGF1R,m06,mut_s1,detail,1,147,PGPPCCZSDRAQKA-SYZQJQIINA-N,-7.259
IGF1R,m06,mut_s1,detail,1,148,VGUBMLBOECHPGN-MHEVPKQANA-N,-8.022
IGF1R,m06,mut_s1,detail,1,149,PCORSCGAGFGSSR-UHFFFAOYNA-N,-7.144
IGF1R,m06,mut_s1,detail,1,150,JGNCAWPKZCFGOI-BXGKXWMCNA-N,-9.407
IGF1R,m06,mut_s1,detail,1,151,ULONVLUMOUFCID-LNNLXFCONA-N,-8.771
IGF1R,m06,mut_s1,detail,1,152,HCPHOPNEKKCOEN-LNNLXFCONA-N,-8.037
IGF1R,m06,mut_s1,detail,1,153,OMJCCYYNBCJNOL-FVAMHUBNNA-N,-7.502
IGF1R,m06,mut_s1,detail,1,154,SZUCFANUUBSCPX-PJQSKVNONA-N,-8.147
IGF1R,m06,mut_s1,detail,1,155,QHLRKDSRGUZHSH-UHFFFAOYNA-N,-7.27
IGF1R,m06,mut_s1,detail,1,156,QUFUFSGGBADBIH-UHFFFAOYNA-N,-8.444
IGF1R,m06,mut_s1,detail,1,157,WPBGBXPZNCPYQB-UHFFFAOYNA-N,-8.816
IGF1R,m06,mut_s1,detail,1,158,BXVSKXWPXKQTOL-UHFFFAOYNA-N,-7.78
IGF1R,m06,mut_s1,detail,1,159,WNELYPHBVMGNQP-UHFFFAOYNA-N,-8.34
IGF1R,m06,mut_s1,detail,1,160,POOIONRPVWIUHF-LQFNOIFHNA-N,-8.01
IGF1R,m06,mut_s1,detail,1,161,NZPQBADYZFTGOT-UHFFFAOYNA-N,-7.874
IGF1R,m06,mut_s1,detail,1,162,MAOZUYDDGGFCKF-WFELUYCUNA-N,-7.653
IGF1R,m06,mut_s1,detail,1,163,PEANHJHNIYISMY-UHFFFAOYNA-N,-8.145
IGF1R,m06,mut_s1,detail,1,164,ABFVBWQMBVYWMV-UHFFFAOYNA-N,-7.832
IGF1R,m06,mut_s1,detail,1,165,UMUOTXHWTLGGIP-QWOVJGMINA-N,-8.165
IGF1R,m06,mut_s1,detail,1,166,NYVXKWVMQVVBRC-QWOVJGMINA-N,-7.823
IGF1R,m06,mut_s1,detail,1,167,OVGDAEHQLCSRDI-UHFFFAOYNA-N,-6.637
IGF1R,m06,mut_s1,detail,1,168,BZXWWWGSEIRPLV-UHFFFAOYNA-N,-7.037
IGF1R,m06,mut_s1,detail,1,169,FXGKAQHXFGXOPR-UHFFFAOYNA-N,-8.205
IGF1R,m06,mut_s1,detail,1,170,HVIXAPJIOPIFIY-UHFFFAOYNA-N,-7.414
IGF1R,m06,mut_s1,detail,1,171,LIRQEBOXUUPWJJ-LNNLXFCONA-N,-8.205
IGF1R,m06,mut_s1,detail,1,172,ZDIIOUBKRSIUED-LQFNOIFHNA-N,-8.11
IGF1R,m06,mut_s1,detail,1,173,LTWUSAKSGJMCRY-UHFFFAOYNA-N,-8.675
IGF1R,m06,mut_s1,detail,1,174,PNDIKCGLYJOYIK-UYBDAZJANA-N,-8.177
IGF1R,m06,mut_s1,detail,1,175,MGSHIAIRIYECSG-MPIMZMORNA-N,-7.559
IGF1R,m06,mut_s1,detail,1,176,MVWYIUZSZIETFZ-KYUNMXQPNA-N,-8.439
IGF1R,m06,mut_s1,detail,1,177,XGTOSEODMLDCBR-UHFFFAOYNA-N,-7.272
IGF1R,m06,mut_s1,detail,1,178,NYHRLEZMHRGFLZ-UYBDAZJANA-N,-8.406
IGF1R,m06,mut_s1,detail,1,179,KZGNFRGGQVBHRV-UHFFFAOYNA-N,-9.028
IGF1R,m06,mut_s1,detail,1,180,SXXXSTPMDGKOCH-LQFNOIFHNA-N,-9.01
IGF1R,m06,mut_s1,detail,1,181,VJGFWNZWHKBDNN-HPHMPNDVNA-N,-7.407
IGF1R,m06,mut_s1,detail,1,182,SBLZEXLDNURADT-LELJVTLKNA-N,-7.756
IGF1R,m06,mut_s1,detail,1,183,OINVQDVVQWTWJM-YNGZFIAGNA-N,-7.918
IGF1R,m06,mut_s1,detail,1,184,RJZHELXWHJKNAM-NPVYFSBINA-N,-7.042
IGF1R,m06,mut_s1,detail,1,185,MAXGWTGCLOXELV-UHFFFAOYNA-N,-9.006
IGF1R,m06,mut_s1,detail,1,186,PNHBRYIAJCYNDA-VQCQRNETNA-N,-8.967
IGF1R,m06,mut_s1,detail,1,187,QGZIKUYIROAFSE-QWOVJGMINA-N,-7.706
IGF1R,m06,mut_s1,detail,1,188,QTIJDOJTNOHQTC-WQGACYEGNA-N,-6.797
IGF1R,m06,mut_s1,detail,1,189,OMLLGNQJKXQVKT-TUXCJRKWNA-N,-8.3
IGF1R,m06,mut_s1,detail,1,190,FNLHLKPQZWPTTK-UHFFFAOYNA-N,-8.745
IGF1R,m06,mut_s1,detail,1,191,XBPLTFIKHVYSDD-UHFFFAOYNA-N,-8.892
IGF1R,m06,mut_s1,detail,1,192,VEXPKIRCYBYITI-BEFZCSJLNA-N,-10.774
IGF1R,m06,mut_s1,detail,1,193,WDVQKHWASUJMRH-LNNLXFCONA-N,-7.893
IGF1R,m06,mut_s1,detail,1,194,DAUHEXDIKFZUFM-BZCDMSEBNA-N,-8.309
IGF1R,m06,mut_s1,detail,1,195,HCFHHWIWTWPKFH-UHFFFAOYNA-N,-7.687
IGF1R,m06,mut_s1,detail,1,196,PIFJHAXQZFBLCQ-ZVBCKELPNA-N,-8.83
IGF1R,m06,mut_s1,detail,1,197,CGBYUWXVJWRJIR-LLJNPURJNA-N,-7.63
IGF1R,m06,mut_s1,detail,1,198,CLHNZVNBTRJSNX-NSJMMFDCNA-N,-7.638
IGF1R,m06,mut_s1,detail,1,199,JKMJQRRLCJXPOK-SREBMQDQNA-N,-8.967
IGF1R,m06,mut_s1,detail,1,200,HHXLRWIDFFFFKX-LELJVTLKNA-N,-9.257
IGF1R,m06,mut_s1,detail,1,201,BZCFDJGFEXLRFA-NYHNBARNNA-N,-9.037
IGF1R,m06,mut_s1,detail,1,202,IEZNLWGERBHQJK-KEAFGAQVNA-N,-9.471
IGF1R,m06,mut_s1,detail,1,203,ZBJYTLVBCAOWHI-PKRZOPRNNA-N,-5.778
IGF1R,m06,mut_s1,detail,1,204,FGMQRSXQOIDDJD-PKRZOPRNNA-N,-7.602
IGF1R,m06,mut_s1,detail,1,205,XDGHTBHPIPZHLJ-KMZMRBKQNA-N,-9.748
IGF1R,m06,mut_s1,detail,1,206,WSGZHZGDPVCVHF-UHFFFAOYNA-N,-9.595
IGF1R,m06,mut_s1,detail,1,207,HXWAXUQSZMRTTE-YLBMWQQONA-N,-8.162
IGF1R,m06,mut_s1,detail,1,208,FCZVXTBFAYFUHQ-UHFFFAOYNA-N,-9.359
IGF1R,m06,mut_s1,detail,1,209,YAZOIIMRVUPEOT-DHDJHLBQNA-N,-8.019
IGF1R,m06,mut_s1,detail,1,210,KVNQZVOXEZCBRJ-PECRYQBZNA-N,-8.583
IGF1R,m06,mut_s1,detail,1,211,IYBSHHORKOCFKZ-LNNLXFCONA-N,-8.098
IGF1R,m06,mut_s1,detail,1,212,RSTMZFOEDVJAHN-OXBUWGKVNA-N,-9.359
IGF1R,m06,mut_s1,detail,1,213,NYWCANYSFKVUNN-UHFFFAOYNA-N,-7.232
IGF1R,m06,mut_s1,detail,1,214,XFQNPVRVZXSQSI-IVGLCWOSNA-N,-9.65
IGF1R,m06,mut_s1,detail,1,215,HXGZQYVBZUMUDK-HXTKINSTNA-N,-8.151
IGF1R,m06,mut_s1,detail,1,216,BKWBUUYCHYLRLF-NSJMMFDCNA-N,-6.475
IGF1R,m06,mut_s1,detail,1,217,JRRKWFRTDFOWAB-XDUJAMRANA-N,-7.939
IGF1R,m06,mut_s1,detail,1,218,FPOLFSCTFRBBHI-QGZVFWFLNA-N,-8.185
IGF1R,m06,mut_s1,detail,1,219,RPPDOGWFJZOEQX-LVWGJNHUNA-N,-7.169
IGF1R,m06,mut_s1,detail,1,220,JYOPBQURUBDKLK-LELJVTLKNA-N,-8.514
IGF1R,m06,mut_s1,detail,1,221,LNENLABLFGGAFF-INUABGGHNA-N,-8.515
IGF1R,m06,mut_s1,detail,1,222,BAQVKFUOCGTGBI-FCDIKQFGNA-N,-7.996
IGF1R,m06,mut_s1,detail,1,223,SYJAKTNXXAWUQU-BYGYBERANA-N,-8.493
IGF1R,m06,mut_s1,detail,1,224,KCFZFOHSAGLLGQ-LUBWAWCANA-N,-8.299
IGF1R,m06,mut_s1,detail,1,225,LDJWHJQMWPYZLV-WHDAICOONA-N,-8.216
IGF1R,m06,mut_s1,detail,1,226,AXUDSCZCBZMENI-UHFFFAOYNA-N,-8.453
IGF1R,m06,mut_s1,detail,1,227,DDXHLMOKYYMXTK-OBAATPRFNA-N,-7.261
IGF1R,m06,mut_s1,detail,1,228,KTOSTKQYNJBYHF-PKOBYXMFNA-N,-7.936
IGF1R,m06,mut_s1,detail,1,229,ZCFWJPJEBJVXTO-UHFFFAOYNA-N,-9.319
IGF1R,m06,mut_s1,detail,1,230,NJVFOFMHUJJIMB-UHFFFAOYNA-N,-8.228
IGF1R,m06,mut_s1,detail,1,231,XUEQVOGPWKWKNT-XBXBPLPCNA-N,-8.115
IGF1R,m06,mut_s1,detail,1,232,MLFYMBALEIQTEJ-LBOYIXSDNA-N,-8.832
IGF1R,m06,mut_s1,detail,1,233,AETJFEZDSLASSU-XTEPFMGCNA-N,-8.968
IGF1R,m06,mut_s1,detail,1,234,GSNNWCVFRNINCY-UHFFFAOYNA-N,-8.149
IGF1R,m06,mut_s1,detail,1,235,UIHGNJALPXKJRE-UHFFFAOYNA-N,-9.78
IGF1R,m06,mut_s1,detail,1,236,BBUDWIYSLGTZTQ-SGMUJJOCNA-N,-8.29
IGF1R,m06,mut_s1,detail,1,237,CBYYNSKRRKXPFV-LELJVTLKNA-N,-8.113
IGF1R,m06,mut_s1,detail,1,238,NMFTXZYZNCQGNR-MTTPVDACNA-N,-9.267
IGF1R,m06,mut_s1,detail,1,239,QTKARDGAUMDUCL-LAEKOWRLNA-N,-9.819
IGF1R,m06,mut_s1,detail,1,240,VNEQUOUVFXAVMH-SANMLTNENA-N,-8.115
IGF1R,m06,mut_s1,detail,1,241,IJPPTSNWQLJFSU-LNNLXFCONA-N,-8.035
IGF1R,m06,mut_s1,detail,1,242,DJQIFFIREHYQCT-OSPHWJPCNA-N,-8.373
IGF1R,m06,mut_s1,detail,1,243,KOZFSFOOLUUIGY-SLMOLSELNA-N,-8.219
IGF1R,m06,mut_s1,detail,1,244,WILPFKVTYXJQQV-ZMCXWUQGNA-N,-8.084
IGF1R,m06,mut_s1,detail,1,245,NZELHCGEQZMIBB-UHFFFAOYNA-N,-8.997
IGF1R,m06,mut_s1,detail,1,246,VKGWONFLJDZUKM-NSJMMFDCNA-N,-8.591
IGF1R,m06,mut_s1,detail,1,247,XUHSVEXCUONJNQ-PMERELPUNA-N,-8.1
IGF1R,m06,mut_s1,detail,1,248,ZFOAPODMCDEDHA-UHFFFAOYNA-N,-8.725
IGF1R,m06,mut_s1,detail,1,249,PZCSJBQJENRLHD-ULJJZXAINA-N,-8.447
IGF1R,m06,mut_s1,detail,1,250,IOSLXICJNAAKOP-ZFJUVRDGNA-N,-8.108
IGF1R,m06,mut_s1,detail,1,251,HUDCDZLLNLJTEW-RBSQRGBYNA-N,-8.391
IGF1R,m06,mut_s1,detail,1,252,IKUATMHYCWRCHC-XUIBWRPBNA-N,-9.033
IGF1R,m06,mut_s1,detail,1,253,HCEYJYMNIQHPPK-WKJNMVSGNA-N,-8.435
IGF1R,m06,mut_s1,detail,1,254,ZLEIPSPWAZJWJP-DHDJHLBQNA-N,-8.167
IGF1R,m06,mut_s1,detail,1,255,ZKDQUBKHXMXRRH-KUWNNRQRNA-N,-8.982
IGF1R,m07,mut_s1,detail,1,0,QGXBDMJGAMFCBF-WRZMNKJANA-N,-7.237
IGF1R,m07,mut_s1,detail,1,1,XZORRJGRPUBUJO-UHFFFAOYNA-N,-6.093
IGF1R,m07,mut_s1,detail,1,2,RIOOLQVLOZQLQJ-CYBMUJFWNA-N,-6.058
IGF1R,m07,mut_s1,detail,1,3,JMAMZIYMGUDBDZ-YAQRNVERNA-N,-6.295
IGF1R,m07,mut_s1,detail,1,4,SOHFVFXITPDEDK-GMNMMWFNNA-N,-7.069
IGF1R,m07,mut_s1,detail,1,5,HQPUBFWUNXGPNP-FECSGLDJNA-N,-5.238
IGF1R,m07,mut_s1,detail,1,6,URSPNXKDALRRBJ-FQFUPTBWNA-N,-7.12
IGF1R,m07,mut_s1,detail,1,7,MALHKRCDHFAKIM-GPQMBLKYNA-N,-7.312
IGF1R,m07,mut_s1,detail,1,8,VDGCRTGHEWIBAL-YAQRNVERNA-N,-7.753
IGF1R,m07,mut_s1,detail,1,9,VOWBZMVBYGELAY-UHFFFAOYNA-N,-7.558
IGF1R,m07,mut_s1,detail,1,10,GKBJOMPRUSWVJA-UHFFFAOYNA-N,-6.581
IGF1R,m07,mut_s1,detail,1,11,RQLXWVPRGJJWEK-BFHABQRXNA-N,-6.808
IGF1R,m07,mut_s1,detail,1,12,OQWMEUSTXXVVIU-NWANDNLSNA-N,-5.852
IGF1R,m07,mut_s1,detail,1,13,SVIIYVRLTJRIIR-UHFFFAOYNA-N,-6.968
IGF1R,m07,mut_s1,detail,1,14,XIQVFMHGZHWKNA-LILDFLRNNA-N,-7.723
IGF1R,m07,mut_s1,detail,1,15,ABQUFQQMQCPHOH-NCWAPJAINA-N,-7.142
IGF1R,m07,mut_s1,detail,1,16,BNGLUFUDMHHURB-UYBDAZJANA-N,-8.017
IGF1R,m07,mut_s1,detail,1,17,JXAGPFSGJKRKBY-UHFFFAOYNA-N,-7.391
IGF1R,m07,mut_s1,detail,1,18,DINPOPQNCDTVPQ-YGPBECBDNA-N,-7.011
IGF1R,m07,mut_s1,detail,1,19,FUMDYIGQJOCQBC-UHFFFAOYNA-N,-6.79
IGF1R,m07,mut_s1,detail,1,20,GLEVLJDDWXEYCO-WYUMXYHSNA-N,-7.068
IGF1R,m07,mut_s1,detail,1,21,PWCMYVJXHPBJNZ-FSHPWJEWNA-N,-6.378
IGF1R,m07,mut_s1,detail,1,22,CLPZQGXGPKJOMN-XWKXFZRBNA-N,-6.947
IGF1R,m07,mut_s1,detail,1,23,UFUOEKYHBCFTGW-RWJRRMEYNA-N,-6.658
IGF1R,m07,mut_s1,detail,1,24,CMNIOKDUTCZQJB-NDKGDYFDNA-N,-6.314
IGF1R,m07,mut_s1,detail,1,25,ZVNPQHHQIVQYPI-ZHACJKMWNA-N,-8.346
IGF1R,m07,mut_s1,detail,1,26,HHPYZGCOAAJZTN-NKWLYDBFNA-N,-7.356
IGF1R,m07,mut_s1,detail,1,27,ANYSYRVXKLTFPB-UHFFFAOYNA-N,-6.707
IGF1R,m07,mut_s1,detail,1,28,JISYUXULRDZARX-HCKMINDGNA-N,-6.978
IGF1R,m07,mut_s1,detail,1,29,VTLWDCDAVLVOHR-HCKMINDGNA-N,-8.516
IGF1R,m07,mut_s1,detail,1,30,BBMWNEXSYXLWEO-WYUMXYHSNA-N,-6.578
IGF1R,m07,mut_s1,detail,1,31,WZGCZUAYIBWZAN-YHSKDTNENA-N,-7.566
IGF1R,m07,mut_s1,detail,1,32,RVNORUCXEIIROU-UHFFFAOYNA-N,-7.932
IGF1R,m07,mut_s1,detail,1,33,ZTJZVOMEMRNYKF-JSGPKCTENA-N,-6.237
IGF1R,m07,mut_s1,detail,1,34,WQKOQOZXZQJNRC-GPQMBLKYNA-N,-8.313
IGF1R,m07,mut_s1,detail,1,35,WKLBCLNIAGUINH-GAJRPKRDNA-N,-6.52
IGF1R,m07,mut_s1,detail,1,36,ZVOVGLCUMDQIHF-VPQZEOPVNA-N,-6.364
IGF1R,m07,mut_s1,detail,1,37,UGKZABQBFUBOFG-WDFGQQGSNA-N,-6.586
IGF1R,m07,mut_s1,detail,1,38,RTJRNIJPLOVJLH-WYUMXYHSNA-N,-6.418
IGF1R,m07,mut_s1,detail,1,39,MUJCQGFFHCARCQ-UYBDAZJANA-N,-8.761
IGF1R,m07,mut_s1,detail,1,40,FZSPJBYOKQPKCD-VIFPVBQENA-N,-6.044
IGF1R,m07,mut_s1,detail,1,41,RWPHPOMFTPAOAS-JLGFQASFNA-N,-7.055
IGF1R,m07,mut_s1,detail,1,42,ZXVNJVRABSCRGU-GPQMBLKYNA-N,-7.555
IGF1R,m07,mut_s1,detail,1,43,KZAOEMMZRGEBST-OOGKJWBGNA-N,-7.425
IGF1R,m07,mut_s1,detail,1,44,NEIVPRTZAHUZEA-WYUMXYHSNA-N,-6.114
IGF1R,m07,mut_s1,detail,1,45,PYKJFEPAUKAXNN-UHFFFAOYNA-N,-7.166
IGF1R,m07,mut_s1,detail,1,46,BPUNDQLKPUIGBR-GPQMBLKYNA-N,-7.102
IGF1R,m07,mut_s1,detail,1,47,WDFLSTQJUFMIIW-UHFFFAOYNA-N,-7.599
IGF1R,m07,mut_s1,detail,1,48,BJLQEYLWUSSEKH-CMPMBVLYNA-N,-7.335
IGF1R,m07,mut_s1,detail,1,49,HZUGIOKMHRUHMF-ADJYBIKJNA-N,-7.37
IGF1R,m07,mut_s1,detail,1,50,PBWQQQLCZDQSET-XWKXFZRBNA-N,-5.891
IGF1R,m07,mut_s1,detail,1,51,ISSLSGLIFQSYJA-HCKMINDGNA-N,-7.144
IGF1R,m07,mut_s1,detail,1,52,OAXDEJIQWHXCJI-UHFFFAOYNA-N,-7.299
IGF1R,m07,mut_s1,detail,1,53,BCJVFDDJSOEKKQ-UHFFFAOYNA-N,-6.83
IGF1R,m07,mut_s1,detail,1,54,QFJGCDWXDUDFAD-UHFFFAOYNA-N,-8.582
IGF1R,m07,mut_s1,detail,1,55,JVBGNPPYXIWVPH-WYCIUFAENA-N,-5.445
IGF1R,m07,mut_s1,detail,1,56,BYJAVTDNIXVSPW-YHMJCDSINA-N,-6.882
IGF1R,m07,mut_s1,detail,1,57,MQGMUPFWCDYDFO-UHFFFAOYNA-N,-7.041
IGF1R,m07,mut_s1,detail,1,58,OACAJASVXJLTAT-UHFFFAOYNA-N,-7.013
IGF1R,m07,mut_s1,detail,1,59,AQSGGOLDOQGOAO-FNCQTZNRNA-N,-6.207
IGF1R,m07,mut_s1,detail,1,60,SOBHKZHLCOJHTI-YHMJCDSINA-N,-7.298
IGF1R,m07,mut_s1,detail,1,61,NUFCOZJTDHUROG-PKGMMKRDNA-N,-7.029
IGF1R,m07,mut_s1,detail,1,62,KZTOUMBNPVCTLR-GFJIPZKJNA-N,-8.289
IGF1R,m07,mut_s1,detail,1,63,CLEMZXMGJNNUTH-LILDFLRNNA-N,-8.473
IGF1R,m07,mut_s1,detail,1,64,MXRJUMCOVVUCLC-UHFFFAOYNA-N,-7.867
IGF1R,m07,mut_s1,detail,1,65,HZDIAENSPHDHRS-UHFFFAOYNA-N,-7.006
IGF1R,m07,mut_s1,detail,1,66,CHDODAJYQOTMTK-PKSOQXRJNA-N,-7.861
IGF1R,m07,mut_s1,detail,1,67,VRFRJWXCOPEIII-QWOVJGMINA-N,-7.508
IGF1R,m07,mut_s1,detail,1,68,WTOLVFBACFWUSN-QGOAFFKANA-N,-7.957
IGF1R,m07,mut_s1,detail,1,69,KDJZDSPTXVFGOF-NPVYFSBINA-N,-7.98
IGF1R,m07,mut_s1,detail,1,70,MUXXNOOBECTQPY-UHFFFAOYNA-N,-7.506
IGF1R,m07,mut_s1,detail,1,71,OBUUPTPELQALTE-UYBDAZJANA-N,-6.836
IGF1R,m07,mut_s1,detail,1,72,FKOXOEKZVRISIU-NPVYFSBINA-N,-7.443
IGF1R,m07,mut_s1,detail,1,73,ZOKNKPRORGNRMQ-BXBDENJDNA-N,-7.054
IGF1R,m07,mut_s1,detail,1,74,KWJAZTNSKVNVEC-UHFFFAOYNA-N,-6.963
IGF1R,m07,mut_s1,detail,1,75,RPBVHEVTQXVWDL-NGZNMCPLNA-N,-8.76
IGF1R,m07,mut_s1,detail,1,76,ZSKKLMIULIVRSI-QWOVJGMINA-N,-7.493
IGF1R,m07,mut_s1,detail,1,77,VLKGZJJKNXFENI-LILDFLRNNA-N,-7.915
IGF1R,m07,mut_s1,detail,1,78,NCKZVQLIUXCUQF-UHFFFAOYNA-N,-6.993
IGF1R,m07,mut_s1,detail,1,79,TYYOBUBDDDDKPC-UHFFFAOYNA-N,-8.231
IGF1R,m07,mut_s1,detail,1,80,AQMRDIZFWYYMBQ-QWOVJGMINA-N,-7.962
IGF1R,m07,mut_s1,detail,1,81,IVRPZSQLORCONO-UHFFFAOYNA-N,-8.24
IGF1R,m07,mut_s1,detail,1,82,IRNFLRZZSCRLSQ-NPVYFSBINA-N,-7.893
IGF1R,m07,mut_s1,detail,1,83,UUMBQVLEWSWSOO-GPQMBLKYNA-N,-7.933
IGF1R,m07,mut_s1,detail,1,84,ASCHVCPAOUSKIZ-GPQMBLKYNA-N,-8.27
IGF1R,m07,mut_s1,detail,1,85,NVGGHEIBFBOAHY-UHFFFAOYNA-N,-8.931
IGF1R,m07,mut_s1,detail,1,86,JIOIPFWJCUUZEU-PKSOQXRJNA-N,-7.883
IGF1R,m07,mut_s1,detail,1,87,RGAJQRZKKQXIEQ-XBTAAFKLNA-N,-6.102
IGF1R,m07,mut_s1,detail,1,88,DOVBELPPXZSOPX-UHFFFAOYNA-N,-7.84
IGF1R,m07,mut_s1,detail,1,89,VFOWTBWNNOVCPH-WJDWOHSUNA-N,-7.615
IGF1R,m07,mut_s1,detail,1,90,HKWNGVFHUCRTTQ-QVUQFMIFNA-N,-8.499
IGF1R,m07,mut_s1,detail,1,91,VPMBMFYJJPEBKS-XBTAAFKLNA-N,-8.256
IGF1R,m07,mut_s1,detail,1,92,OPIXMYPGGYYGRV-PKSOQXRJNA-N,-8.141
IGF1R,m07,mut_s1,detail,1,93,ASWFTNOPBUOHSG-UHFFFAOYNA-N,-8.364
IGF1R,m07,mut_s1,detail,1,94,YIFJQOSOEFTEHM-QWOVJGMINA-N,-7.291
IGF1R,m07,mut_s1,detail,1,95,CYRPZNLZOLVKKM-PKSOQXRJNA-N,-7.854
IGF1R,m07,mut_s1,detail,1,96,PSRSNNQFQFGFKV-QWOVJGMINA-N,-8.6
IGF1R,m07,mut_s1,detail,1,97,PSJJZUSBTGJHEC-WYUMXYHSNA-N,-7.105
IGF1R,m07,mut_s1,detail,1,98,RCTHTZYLLISDPT-VVKINWOJNA-N,-8.054
IGF1R,m07,mut_s1,detail,1,99,UNWANCHXNSSIJJ-PKSOQXRJNA-N,-7.303
IGF1R,m07,mut_s1,detail,1,100,OJBGHXIETMBPHZ-UHFFFAOYNA-N,-7.83
IGF1R,m07,mut_s1,detail,1,101,KNDRDFFUMNHLRJ-LILDFLRNNA-N,-8.407
IGF1R,m07,mut_s1,detail,1,102,PBGALVWBACEVEC-QWOVJGMINA-N,-8.968
IGF1R,m07,mut_s1,detail,1,103,SRLVRCUUJBEIBP-UHFFFAOYNA-N,-7.763
IGF1R,m07,mut_s1,detail,1,104,UVGHDRGQXQVMNW-UHFFFAOYNA-N,-7.796
IGF1R,m07,mut_s1,detail,1,105,YIUJUFFZJHPDAY-SDRQFZCRNA-N,-8.45
IGF1R,m07,mut_s1,detail,1,106,UYPODJSKAAJGNR-UYBDAZJANA-N,-7.242
IGF1R,m07,mut_s1,detail,1,107,YWMYHDFGDRTCPV-BXGKXWMCNA-N,-8.281
IGF1R,m07,mut_s1,detail,1,108,RPVJOFUOUDWRGV-LILDFLRNNA-N,-8.158
IGF1R,m07,mut_s1,detail,1,109,LUKGDWAOTYXHEM-XBTAAFKLNA-N,-7.868
IGF1R,m07,mut_s1,detail,1,110,CHJMEHVGESAPSR-UHFFFAOYNA-N,-7.837
IGF1R,m07,mut_s1,detail,1,111,JDZNTGMSMHYYCY-NPVYFSBINA-N,-8.704
IGF1R,m07,mut_s1,detail,1,112,CRZKGBDGHDTLNN-UHFFFAOYNA-N,-7.337
IGF1R,m07,mut_s1,detail,1,113,ALLYNSCMTRSFNH-UHFFFAOYNA-N,-7.882
IGF1R,m07,mut_s1,detail,1,114,HTVVQAPUWGNILV-PKSOQXRJNA-N,-8.244
IGF1R,m07,mut_s1,detail,1,115,HEKHUTSUFJPTQY-UHFFFAOYNA-N,-8.797
IGF1R,m07,mut_s1,detail,1,116,ZTTIICUFHXUACO-HNENSFHCNA-N,-7.125
IGF1R,m07,mut_s1,detail,1,117,GYJDRNKSYOJANZ-QVUQFMIFNA-N,-8.23
IGF1R,m07,mut_s1,detail,1,118,QSBMVUOOXXRNFY-UHFFFAOYNA-N,-7.998
IGF1R,m07,mut_s1,detail,1,119,VRMMQHDQMURNDV-PGYIFSQXNA-N,-6.897
IGF1R,m07,mut_s1,detail,1,120,FHGICQLRHVZVCW-TWSYTRIPNA-N,-8.472
IGF1R,m07,mut_s1,detail,1,121,WWZHRJDMAZBTGY-WYUMXYHSNA-N,-7.44
IGF1R,m07,mut_s1,detail,1,122,GXHBBVOBKJURCM-UHFFFAOYNA-N,-7.161
IGF1R,m07,mut_s1,detail,1,123,GKJWYULRCHAYTN-UYBDAZJANA-N,-8.066
IGF1R,m07,mut_s1,detail,1,124,LJFRBCQBJFKUBA-LILDFLRNNA-N,-9.695
IGF1R,m07,mut_s1,detail,1,125,JGJYHHGYTXVQLH-MZSCVVMKNA-N,-7.272
IGF1R,m07,mut_s1,detail,1,126,WJPDMYDDAMHBSE-UZYVYHOENA-N,-7.92
IGF1R,m07,mut_s1,detail,1,127,GVOMJEIYRXTYCN-LILDFLRNNA-N,-8.137
IGF1R,m07,mut_s1,detail,1,128,LTZVLHHIAUKGBP-LELJVTLKNA-N,-7.522
IGF1R,m07,mut_s1,detail,1,129,FIKLOQNDPSVUGH-LBOYIXSDNA-N,-7.567
IGF1R,m07,mut_s1,detail,1,130,GIEJIAIRYKSRHU-MPIMZMORNA-N,-8.111
IGF1R,m07,mut_s1,detail,1,131,XFKYWJPYYRTYBR-ODOKVQCSNA-N,-7.021
IGF1R,m07,mut_s1,detail,1,132,PKSFLOGCPXWJIU-MEDUHNTENA-N,-8.436
IGF1R,m07,mut_s1,detail,1,133,JLHJTKOPNATISN-LELJVTLKNA-N,-7.095
IGF1R,m07,mut_s1,detail,1,134,GUBNROKMFNBDBZ-GRDNDAEWNA-N,-7.933
IGF1R,m07,mut_s1,detail,1,135,KGCQIOUZEREWDG-UHFFFAOYNA-N,-8.311
IGF1R,m07,mut_s1,detail,1,136,DWDHSAAOHLDDKE-QWOVJGMINA-N,-7.027
IGF1R,m07,mut_s1,detail,1,137,XSTAWOGBOKIKIE-UKZVOYCKNA-N,-7.274
IGF1R,m07,mut_s1,detail,1,138,OWXORKPNCHJYOF-JFRKDZMVNA-N,-8.741
IGF1R,m07,mut_s1,detail,1,139,MQOILMOKFLJWRN-KYCGMZMQNA-N,-8.2
IGF1R,m07,mut_s1,detail,1,140,BJROQKFYPRCGFD-LQFNOIFHNA-N,-8.463
IGF1R,m07,mut_s1,detail,1,141,PLWVUIRWJVKSSD-XBXARRHUNA-N,-7.877
IGF1R,m07,mut_s1,detail,1,142,HFWSIVHELHSGJY-JJIBRWJFNA-N,-7.822
IGF1R,m07,mut_s1,detail,1,143,QMHSEIOSCQWTPQ-LNNLXFCONA-N,-7.669
IGF1R,m07,mut_s1,detail,1,144,FBHVHCWHAVLWJT-OYSRHTCDNA-N,-7.598
IGF1R,m07,mut_s1,detail,1,145,CEZNOHQWEHKPJP-LQFNOIFHNA-N,-9.02
IGF1R,m07,mut_s1,detail,1,146,KOFRNRJMKWZBMR-RVJKNMGLNA-N,-7.527
IGF1R,m07,mut_s1,detail,1,147,PGPPCCZSDRAQKA-SYZQJQIINA-N,-7.452
IGF1R,m07,mut_s1,detail,1,148,VGUBMLBOECHPGN-MHEVPKQANA-N,-7.657
IGF1R,m07,mut_s1,detail,1,149,PCORSCGAGFGSSR-UHFFFAOYNA-N,-7.325
IGF1R,m07,mut_s1,detail,1,150,JGNCAWPKZCFGOI-BXGKXWMCNA-N,-9.63
IGF1R,m07,mut_s1,detail,1,151,ULONVLUMOUFCID-LNNLXFCONA-N,-8.81
IGF1R,m07,mut_s1,detail,1,152,HCPHOPNEKKCOEN-LNNLXFCONA-N,-7.584
IGF1R,m07,mut_s1,detail,1,153,OMJCCYYNBCJNOL-FVAMHUBNNA-N,-7.291
IGF1R,m07,mut_s1,detail,1,154,SZUCFANUUBSCPX-PJQSKVNONA-N,-8.242
IGF1R,m07,mut_s1,detail,1,155,QHLRKDSRGUZHSH-UHFFFAOYNA-N,-7.142
IGF1R,m07,mut_s1,detail,1,156,QUFUFSGGBADBIH-UHFFFAOYNA-N,-8.127
IGF1R,m07,mut_s1,detail,1,157,WPBGBXPZNCPYQB-UHFFFAOYNA-N,-8.063
IGF1R,m07,mut_s1,detail,1,158,BXVSKXWPXKQTOL-UHFFFAOYNA-N,-8.376
IGF1R,m07,mut_s1,detail,1,159,WNELYPHBVMGNQP-UHFFFAOYNA-N,-8.109
IGF1R,m07,mut_s1,detail,1,160,POOIONRPVWIUHF-LQFNOIFHNA-N,-7.587
IGF1R,m07,mut_s1,detail,1,161,NZPQBADYZFTGOT-UHFFFAOYNA-N,-7.936
IGF1R,m07,mut_s1,detail,1,162,MAOZUYDDGGFCKF-WFELUYCUNA-N,-7.577
IGF1R,m07,mut_s1,detail,1,163,PEANHJHNIYISMY-UHFFFAOYNA-N,-7.731
IGF1R,m07,mut_s1,detail,1,164,ABFVBWQMBVYWMV-UHFFFAOYNA-N,-8.021
IGF1R,m07,mut_s1,detail,1,165,UMUOTXHWTLGGIP-QWOVJGMINA-N,-7.44
IGF1R,m07,mut_s1,detail,1,166,NYVXKWVMQVVBRC-QWOVJGMINA-N,-8.51
IGF1R,m07,mut_s1,detail,1,167,OVGDAEHQLCSRDI-UHFFFAOYNA-N,-6.762
IGF1R,m07,mut_s1,detail,1,168,BZXWWWGSEIRPLV-UHFFFAOYNA-N,-7.497
IGF1R,m07,mut_s1,detail,1,169,FXGKAQHXFGXOPR-UHFFFAOYNA-N,-7.987
IGF1R,m07,mut_s1,detail,1,170,HVIXAPJIOPIFIY-UHFFFAOYNA-N,-6.526
IGF1R,m07,mut_s1,detail,1,171,LIRQEBOXUUPWJJ-LNNLXFCONA-N,-8.084
IGF1R,m07,mut_s1,detail,1,172,ZDIIOUBKRSIUED-LQFNOIFHNA-N,-8.581
IGF1R,m07,mut_s1,detail,1,173,LTWUSAKSGJMCRY-UHFFFAOYNA-N,-8.053
IGF1R,m07,mut_s1,detail,1,174,PNDIKCGLYJOYIK-UYBDAZJANA-N,-8.082
IGF1R,m07,mut_s1,detail,1,175,MGSHIAIRIYECSG-MPIMZMORNA-N,-7.811
IGF1R,m07,mut_s1,detail,1,176,MVWYIUZSZIETFZ-KYUNMXQPNA-N,-8.073
IGF1R,m07,mut_s1,detail,1,177,XGTOSEODMLDCBR-UHFFFAOYNA-N,-8.163
IGF1R,m07,mut_s1,detail,1,178,NYHRLEZMHRGFLZ-UYBDAZJANA-N,-6.955
IGF1R,m07,mut_s1,detail,1,179,KZGNFRGGQVBHRV-UHFFFAOYNA-N,-9.097
IGF1R,m07,mut_s1,detail,1,180,SXXXSTPMDGKOCH-LQFNOIFHNA-N,-8.822
IGF1R,m07,mut_s1,detail,1,181,VJGFWNZWHKBDNN-HPHMPNDVNA-N,-7.921
IGF1R,m07,mut_s1,detail,1,182,SBLZEXLDNURADT-LELJVTLKNA-N,-6.703
IGF1R,m07,mut_s1,detail,1,183,OINVQDVVQWTWJM-YNGZFIAGNA-N,-8.125
IGF1R,m07,mut_s1,detail,1,184,RJZHELXWHJKNAM-NPVYFSBINA-N,-7.349
IGF1R,m07,mut_s1,detail,1,185,MAXGWTGCLOXELV-UHFFFAOYNA-N,-8.309
IGF1R,m07,mut_s1,detail,1,186,PNHBRYIAJCYNDA-VQCQRNETNA-N,-8.883
IGF1R,m07,mut_s1,detail,1,187,QGZIKUYIROAFSE-QWOVJGMINA-N,-8.231
IGF1R,m07,mut_s1,detail,1,188,QTIJDOJTNOHQTC-WQGACYEGNA-N,-7.229
IGF1R,m07,mut_s1,detail,1,189,OMLLGNQJKXQVKT-TUXCJRKWNA-N,-8.345
IGF1R,m07,mut_s1,detail,1,190,FNLHLKPQZWPTTK-UHFFFAOYNA-N,-7.513
IGF1R,m07,mut_s1,detail,1,191,XBPLTFIKHVYSDD-UHFFFAOYNA-N,-9.581
IGF1R,m07,mut_s1,detail,1,192,VEXPKIRCYBYITI-BEFZCSJLNA-N,-10.946
IGF1R,m07,mut_s1,detail,1,193,WDVQKHWASUJMRH-LNNLXFCONA-N,-8.38
IGF1R,m07,mut_s1,detail,1,194,DAUHEXDIKFZUFM-BZCDMSEBNA-N,-8.448
IGF1R,m07,mut_s1,detail,1,195,HCFHHWIWTWPKFH-UHFFFAOYNA-N,-8.364
IGF1R,m07,mut_s1,detail,1,196,PIFJHAXQZFBLCQ-ZVBCKELPNA-N,-8.753
IGF1R,m07,mut_s1,detail,1,197,CGBYUWXVJWRJIR-LLJNPURJNA-N,-7.361
IGF1R,m07,mut_s1,detail,1,198,CLHNZVNBTRJSNX-NSJMMFDCNA-N,-7.273
IGF1R,m07,mut_s1,detail,1,199,JKMJQRRLCJXPOK-SREBMQDQNA-N,-8.647
IGF1R,m07,mut_s1,detail,1,200,HHXLRWIDFFFFKX-LELJVTLKNA-N,-8.799
IGF1R,m07,mut_s1,detail,1,201,BZCFDJGFEXLRFA-NYHNBARNNA-N,-9.148
IGF1R,m07,mut_s1,detail,1,202,IEZNLWGERBHQJK-KEAFGAQVNA-N,-9.255
IGF1R,m07,mut_s1,detail,1,203,ZBJYTLVBCAOWHI-PKRZOPRNNA-N,-7.681
IGF1R,m07,mut_s1,detail,1,204,FGMQRSXQOIDDJD-PKRZOPRNNA-N,-7.539
IGF1R,m07,mut_s1,detail,1,205,XDGHTBHPIPZHLJ-KMZMRBKQNA-N,-8.972
IGF1R,m07,mut_s1,detail,1,206,WSGZHZGDPVCVHF-UHFFFAOYNA-N,-9.153
IGF1R,m07,mut_s1,detail,1,207,HXWAXUQSZMRTTE-YLBMWQQONA-N,-8.278
IGF1R,m07,mut_s1,detail,1,208,FCZVXTBFAYFUHQ-UHFFFAOYNA-N,-8.554
IGF1R,m07,mut_s1,detail,1,209,YAZOIIMRVUPEOT-DHDJHLBQNA-N,-8.371
IGF1R,m07,mut_s1,detail,1,210,KVNQZVOXEZCBRJ-PECRYQBZNA-N,-7.559
IGF1R,m07,mut_s1,detail,1,211,IYBSHHORKOCFKZ-LNNLXFCONA-N,-8.526
IGF1R,m07,mut_s1,detail,1,212,RSTMZFOEDVJAHN-OXBUWGKVNA-N,-8.511
IGF1R,m07,mut_s1,detail,1,213,NYWCANYSFKVUNN-UHFFFAOYNA-N,-7.301
IGF1R,m07,mut_s1,detail,1,214,XFQNPVRVZXSQSI-IVGLCWOSNA-N,-9.268
IGF1R,m07,mut_s1,detail,1,215,HXGZQYVBZUMUDK-HXTKINSTNA-N,-8.241
IGF1R,m07,mut_s1,detail,1,216,BKWBUUYCHYLRLF-NSJMMFDCNA-N,-7.524
IGF1R,m07,mut_s1,detail,1,217,JRRKWFRTDFOWAB-XDUJAMRANA-N,-7.357
IGF1R,m07,mut_s1,detail,1,218,FPOLFSCTFRBBHI-QGZVFWFLNA-N,-9.059
IGF1R,m07,mut_s1,detail,1,219,RPPDOGWFJZOEQX-LVWGJNHUNA-N,-6.684
IGF1R,m07,mut_s1,detail,1,220,JYOPBQURUBDKLK-LELJVTLKNA-N,-9.682
IGF1R,m07,mut_s1,detail,1,221,LNENLABLFGGAFF-INUABGGHNA-N,-7.778
IGF1R,m07,mut_s1,detail,1,222,BAQVKFUOCGTGBI-FCDIKQFGNA-N,-6.917
IGF1R,m07,mut_s1,detail,1,223,SYJAKTNXXAWUQU-BYGYBERANA-N,-8.557
IGF1R,m07,mut_s1,detail,1,224,KCFZFOHSAGLLGQ-LUBWAWCANA-N,-8.068
IGF1R,m07,mut_s1,detail,1,225,LDJWHJQMWPYZLV-WHDAICOONA-N,-8.736
IGF1R,m07,mut_s1,detail,1,226,AXUDSCZCBZMENI-UHFFFAOYNA-N,-9.401
IGF1R,m07,mut_s1,detail,1,227,DDXHLMOKYYMXTK-OBAATPRFNA-N,-8.015
IGF1R,m07,mut_s1,detail,1,228,KTOSTKQYNJBYHF-PKOBYXMFNA-N,-7.739
IGF1R,m07,mut_s1,detail,1,229,ZCFWJPJEBJVXTO-UHFFFAOYNA-N,-8.792
IGF1R,m07,mut_s1,detail,1,230,NJVFOFMHUJJIMB-UHFFFAOYNA-N,-8.409
IGF1R,m07,mut_s1,detail,1,231,XUEQVOGPWKWKNT-XBXBPLPCNA-N,-7.828
IGF1R,m07,mut_s1,detail,1,232,MLFYMBALEIQTEJ-LBOYIXSDNA-N,-8.739
IGF1R,m07,mut_s1,detail,1,233,AETJFEZDSLASSU-XTEPFMGCNA-N,-8.586
IGF1R,m07,mut_s1,detail,1,234,GSNNWCVFRNINCY-UHFFFAOYNA-N,-7.712
IGF1R,m07,mut_s1,detail,1,235,UIHGNJALPXKJRE-UHFFFAOYNA-N,-10.118
IGF1R,m07,mut_s1,detail,1,236,BBUDWIYSLGTZTQ-SGMUJJOCNA-N,-8.102
IGF1R,m07,mut_s1,detail,1,237,CBYYNSKRRKXPFV-LELJVTLKNA-N,-8.031
IGF1R,m07,mut_s1,detail,1,238,NMFTXZYZNCQGNR-MTTPVDACNA-N,-9.704
IGF1R,m07,mut_s1,detail,1,239,QTKARDGAUMDUCL-LAEKOWRLNA-N,-9.946
IGF1R,m07,mut_s1,detail,1,240,VNEQUOUVFXAVMH-SANMLTNENA-N,-6.498
IGF1R,m07,mut_s1,detail,1,241,IJPPTSNWQLJFSU-LNNLXFCONA-N,-8.314
IGF1R,m07,mut_s1,detail,1,242,DJQIFFIREHYQCT-OSPHWJPCNA-N,-8.355
IGF1R,m07,mut_s1,detail,1,243,KOZFSFOOLUUIGY-SLMOLSELNA-N,-8.763
IGF1R,m07,mut_s1,detail,1,244,WILPFKVTYXJQQV-ZMCXWUQGNA-N,-8.475
IGF1R,m07,mut_s1,detail,1,245,NZELHCGEQZMIBB-UHFFFAOYNA-N,-8.97
IGF1R,m07,mut_s1,detail,1,246,VKGWONFLJDZUKM-NSJMMFDCNA-N,-7.935
IGF1R,m07,mut_s1,detail,1,247,XUHSVEXCUONJNQ-PMERELPUNA-N,-7.432
IGF1R,m07,mut_s1,detail,1,248,ZFOAPODMCDEDHA-UHFFFAOYNA-N,-8.743
IGF1R,m07,mut_s1,detail,1,249,PZCSJBQJENRLHD-ULJJZXAINA-N,-7.868
IGF1R,m07,mut_s1,detail,1,250,IOSLXICJNAAKOP-ZFJUVRDGNA-N,-8.183
IGF1R,m07,mut_s1,detail,1,251,HUDCDZLLNLJTEW-RBSQRGBYNA-N,-8.084
IGF1R,m07,mut_s1,detail,1,252,IKUATMHYCWRCHC-XUIBWRPBNA-N,-8.01
IGF1R,m07,mut_s1,detail,1,253,HCEYJYMNIQHPPK-WKJNMVSGNA-N,-8.999
IGF1R,m07,mut_s1,detail,1,254,ZLEIPSPWAZJWJP-DHDJHLBQNA-N,-7.892
IGF1R,m07,mut_s1,detail,1,255,ZKDQUBKHXMXRRH-KUWNNRQRNA-N,-8.341
