target,receptor,tag,mode,seed,k,inchikey,score
MMP13,wt,wt_s1,detail,1,0,URVMSYHISUZXNH-UYBDAZJANA-N,-9.473
MMP13,wt,wt_s1,detail,1,1,KXRPCFINVWWFHQ-UHFFFAOYNA-N,-5.408
MMP13,wt,wt_s1,detail,1,2,NICJTSHRYBTHAS-YHMJCDSINA-N,-7.786
MMP13,wt,wt_s1,detail,1,3,SWRZVDTZHDWPDS-AWIDAIFANA-N,-9.668
MMP13,wt,wt_s1,detail,1,4,RKNSLLSUFWWYCA-UHFFFAOYNA-N,-8.709
MMP13,wt,wt_s1,detail,1,5,OZFSIKFTRRUDES-RIYZIHGNNA-N,-7.214
MMP13,wt,wt_s1,detail,1,6,AAGGUCRASUJPPN-UHFFFAOYNA-N,-8.468
MMP13,wt,wt_s1,detail,1,7,OYHXDPMAFYHDNG-YAQRNVERNA-N,-8.065
MMP13,wt,wt_s1,detail,1,8,AWILWAIEQYZUEQ-UHFFFAOYNA-N,-7.583
MMP13,wt,wt_s1,detail,1,9,WSFAXHLMQUUHQT-VMPITWQZNA-N,-8.428
MMP13,wt,wt_s1,detail,1,10,WPHMTVNOXKBZKN-UHFFFAOYNA-N,-7.824
MMP13,wt,wt_s1,detail,1,11,LPEIZNODGHDCCW-UHFFFAOYNA-N,-7.285
MMP13,wt,wt_s1,detail,1,12,QQHWWDVSRWOHEP-LILDFLRNNA-N,-8.205
MMP13,wt,wt_s1,detail,1,13,UMEVSSPGBFVQNC-UHFFFAOYNA-N,-7.288
MMP13,wt,wt_s1,detail,1,14,VZDIOEKWWZRNQN-UHFFFAOYNA-N,-9.346
MMP13,wt,wt_s1,detail,1,15,JEVLDOUORFAHRS-NDKGDYFDNA-N,-7.8
MMP13,wt,wt_s1,detail,1,16,NFTGJNJRMWUBPG-GPQMBLKYNA-N,-8.195
MMP13,wt,wt_s1,detail,1,17,UMUUTEZBWGDVDA-UHFFFAOYNA-N,-8.176
MMP13,wt,wt_s1,detail,1,18,VLQKEPLNPGYNDJ-HCKMINDGNA-N,-8.873
MMP13,wt,wt_s1,detail,1,19,PPMVTAATPZLMJM-CDDDEJBQNA-N,-7.338
MMP13,wt,wt_s1,detail,1,20,AHLYFAKLKLMESK-YAQRNVERNA-N,-8.179
MMP13,wt,wt_s1,detail,1,21,GYEJYLAGVWRSIM-KGJHZMDYNA-N,-8.602
MMP13,wt,wt_s1,detail,1,22,RXVALSLAUOIYLW-UHFFFAOYNA-N,-6.714
MMP13,wt,wt_s1,detail,1,23,NSELYIFATLFDOZ-JLGFQASFNA-N,-8.614
MMP13,wt,wt_s1,detail,1,24,COQFBYACOHFCEC-UHFFFAOYNA-N,-7.586
MMP13,wt,wt_s1,detail,1,25,CJGJXFCLDYQBFQ-YJGXKCCXNA-N,-9.604
MMP13,wt,wt_s1,detail,1,26,BWNGRRJLFYHENY-INIZCTEONA-N,-7.827
MMP13,wt,wt_s1,detail,1,27,BNRFXWSJKVJVOF-UYBDAZJANA-N,-9.613
MMP13,wt,wt_s1,detail,1,28,DMULMZBZVBBWBY-PJZINPJWNA-N,-10.493
MMP13,wt,wt_s1,detail,1,29,AXLAIGJGNKHDPO-UHFFFAOYNA-N,-6.262
MMP13,wt,wt_s1,detail,1,30,RKDGAONZEPYEBT-WXRBYKJCNA-N,-7.168
MMP13,wt,wt_s1,detail,1,31,MBOYDUZSCSNUQL-MBBDSNKKNA-N,-8.801
MMP13,wt,wt_s1,detail,1,32,KPVDBHRTXOFQDK-YAQRNVERNA-N,-7.857
MMP13,wt,wt_s1,detail,1,33,LVCNFMYUKISBSB-VJSNTGQMNA-N,-8.822
MMP13,wt,wt_s1,detail,1,34,XLAHCIRKLMJUQC-DZQCGVKKNA-N,-9.429
MMP13,wt,wt_s1,detail,1,35,QNYHDABGLCBJOE-SHHGZXMVNA-N,-9.301
MMP13,wt,wt_s1,detail,1,36,HEKNRISBWSPMOG-OWTLIXCDNA-N,-6.376
MMP13,wt,wt_s1,detail,1,37,VIRNXCRLEVZXNX-LILDFLRNNA-N,-10.707
MMP13,wt,wt_s1,detail,1,38,SRTGERSEXJGDMR-UHFFFAOYNA-N,-7.193
MMP13,wt,wt_s1,detail,1,39,ZGMGSSRLZJYOKH-WXRBYKJCNA-N,-7.501
MMP13,wt,wt_s1,detail,1,40,VGYFDFRFGHHCDA-CUTUCBJDNA-N,-8.849
MMP13,wt,wt_s1,detail,1,41,DILPMLYWQJPNLO-HCKMINDGNA-N,-8.844
MMP13,wt,wt_s1,detail,1,42,RSOODJIGEVJLMK-LQFNOIFHNA-N,-8.765
MMP13,wt,wt_s1,detail,1,43,OWHHWMUAYBIQPR-UHFFFAOYNA-N,-9.623
MMP13,wt,wt_s1,detail,1,44,KPIKMVZJKZDOFC-UHFFFAOYNA-N,-9.336
MMP13,wt,wt_s1,detail,1,45,DIKDKRUREJXLMR-DPMTXJEANA-N,-10.689
MMP13,wt,wt_s1,detail,1,46,QRVJDPKQHAVBDK-UYBDAZJANA-N,-8.597
MMP13,wt,wt_s1,detail,1,47,SGBSFKSDPWOALT-UYBDAZJANA-N,-9.876
MMP13,wt,wt_s1,detail,1,48,CYHFRNFVZWVHCG-OTJKMEOQNA-N,-8.048
MMP13,wt,wt_s1,detail,1,49,MJUDQDHXCQONOA-MPIMZMORNA-N,-8.183
MMP13,wt,wt_s1,detail,1,50,RNVYRNLUUYNQAS-PKSOQXRJNA-N,-7.902
MMP13,wt,wt_s1,detail,1,51,DLZXOZYETDVJEB-QWOVJGMINA-N,-7.102
MMP13,wt,wt_s1,detail,1,52,HSICVZRDGBJSEL-GPQMBLKYNA-N,-8.177
MMP13,wt,wt_s1,detail,1,53,HMRUHHFLIMYEAF-QNGOCPJXNA-N,-7.621
MMP13,wt,wt_s1,detail,1,54,ZZOWQPSBJUXHCA-YSPRVCGUNA-N,-9.541
MMP13,wt,wt_s1,detail,1,55,WDDJLHOUFWSQSV-UHFFFAOYNA-N,-9.515
MMP13,wt,wt_s1,detail,1,56,UKLIIGXGTPSYBF-IBCWCQIKNA-N,-9.665
MMP13,wt,wt_s1,detail,1,57,LNPOBRXJZYGQMS-MOHJPFBDNA-N,-8.957
MMP13,wt,wt_s1,detail,1,58,FYILBFPPKIZBTO-UHFFFAOYNA-N,-8.122
MMP13,wt,wt_s1,detail,1,59,MIKIJFODTJGFDI-LILDFLRNNA-N,-9.065
MMP13,wt,wt_s1,detail,1,60,RUWCNSLWWCWTSU-LILDFLRNNA-N,-8.09
MMP13,wt,wt_s1,detail,1,61,KLQWCHKIQJHYIB-UHFFFAOYNA-N,-9.214
MMP13,wt,wt_s1,detail,1,62,QKAWGENQCGFAOE-NPVYFSBINA-N,-8.635
MMP13,wt,wt_s1,detail,1,63,KGOKCBRZBBEYBE-MMRXBHCZNA-N,-9.43
MMP13,wt,wt_s1,detail,1,64,ROFRXCLSWKEWTN-UHFFFAOYNA-N,-8.075
MMP13,wt,wt_s1,detail,1,65,AKRMJNKLSCBEME-FPYGCLRLNA-N,-8.507
MMP13,wt,wt_s1,detail,1,66,LCGJUJZLLYTYIF-XMFFZCEENA-N,-8.298
MMP13,wt,wt_s1,detail,1,67,FREQNFSEYLEFOI-QRCVEOAVNA-N,-8.856
MMP13,wt,wt_s1,detail,1,68,MHMINAYLMNBGSM-UHFFFAOYNA-N,-6.457
MMP13,wt,wt_s1,detail,1,69,SYMNTBHEGHFZMV-UHFFFAOYNA-N,-8.251
MMP13,wt,wt_s1,detail,1,70,NNCRWGMPCGSKOO-LILDFLRNNA-N,-7.959
MMP13,wt,wt_s1,detail,1,71,ZCRRNCCNJMRGFI-UHFFFAOYNA-N,-9.875
MMP13,wt,wt_s1,detail,1,72,PYVZEIBGEUQNQQ-UHFFFAOYNA-N,-8.822
MMP13,wt,wt_s1,detail,1,73,OROJQWVRCGJACT-XBTAAFKLNA-N,-10.63
MMP13,wt,wt_s1,detail,1,74,TXYUWXKCUDOUGU-JLGFQASFNA-N,-7.591
MMP13,wt,wt_s1,detail,1,75,LAZANALODSEDSE-UHFFFAOYNA-N,-7.565
MMP13,wt,wt_s1,detail,1,76,RJXCYVJLXGRCHK-UHFFFAOYNA-N,-9.663
MMP13,wt,wt_s1,detail,1,77,FUSKIBWHJAWEFI-IEJAXPBYNA-N,-9.461
MMP13,wt,wt_s1,detail,1,78,SGWVLOCBQLQWQV-UHFFFAOYNA-N,-10.199
MMP13,wt,wt_s1,detail,1,79,PPXRQTYXLZCDAZ-QWOVJGMINA-N,-9.302
MMP13,wt,wt_s1,detail,1,80,DIFBADFWLVYFHV-LELJVTLKNA-N,-8.769
MMP13,wt,wt_s1,detail,1,81,XREOSEVJCQGCHE-MHPMNMKGNA-N,-9.274
MMP13,wt,wt_s1,detail,1,82,ZHGPKHBXSKWZEQ-UHFFFAOYNA-N,-8.443
MMP13,wt,wt_s1,detail,1,83,ZFAYPJJNPSNAFK-UHFFFAOYNA-N,-7.985
MMP13,wt,wt_s1,detail,1,84,LTXMRAGWIDQTQT-MYUTVWBTNA-N,-10.42
MMP13,wt,wt_s1,detail,1,85,VXQHYHSSGLOALC-SPEPDGBUNA-N,-11.23
MMP13,wt,wt_s1,detail,1,86,KWDSFRAWCISROF-PJQSKVNONA-N,-9.26
MMP13,wt,wt_s1,detail,1,87,ZJZXSQPHUQUHIV-ZGZFQTMPNA-N,-10.153
MMP13,wt,wt_s1,detail,1,88,UYHIVPBYFWVWEJ-UHFFFAOYNA-N,-9.587
MMP13,wt,wt_s1,detail,1,89,PLEFJSUCKRWHBY-LNNLXFCONA-N,-8.366
MMP13,wt,wt_s1,detail,1,90,DNSRQCRQLKJUCC-PDJAEHLQNA-N,-7.91
MMP13,wt,wt_s1,detail,1,91,PHYKZCBUNVYJNH-YDBXFXKPNA-N,-7.839
MMP13,wt,wt_s1,detail,1,92,OOUHZBUAVKCDGA-UHFFFAOYNA-N,-8.426
MMP13,wt,wt_s1,detail,1,93,UUQDFZFJDFMLHW-UHFFFAOYNA-N,-9.18
MMP13,wt,wt_s1,detail,1,94,OOUDDHNLDLLUOL-SKKVRFOWNA-N,-9.705
MMP13,wt,wt_s1,detail,1,95,ZDMQSUAMTLXUTE-MPIMZMORNA-N,-8.76
MMP13,wt,wt_s1,detail,1,96,NMPLPABDEKPABN-UHFFFAOYNA-N,-9.85
MMP13,wt,wt_s1,detail,1,97,INZRHGSVWGRHBM-NPVYFSBINA-N,-10.05
MMP13,wt,wt_s1,detail,1,98,RVGCWMKVTAEQIH-LNNLXFCONA-N,-9.705
MMP13,wt,wt_s1,detail,1,99,VRXWKRQOVMZBAF-LJQANCHMNA-N,-7.862
MMP13,wt,wt_s1,detail,1,100,QACLWOIBBYOHQP-UYBDAZJANA-N,-8.083
MMP13,wt,wt_s1,detail,1,101,ZNXSZVFPCBIELQ-LNNLXFCONA-N,-8.543
MMP13,wt,wt_s1,detail,1,102,GKMWCCNMKRSQHR-VEKUMTKDNA-N,-9.804
MMP13,wt,wt_s1,detail,1,103,FFGUSRSMWFYKGK-SKKVRFOWNA-N,-10.315
MMP13,wt,wt_s1,detail,1,104,KXBDDGKXLZBLOM-SPEPDGBUNA-N,-8.414
MMP13,wt,wt_s1,detail,1,105,MIUWULAZCXYTJW-MSHHZIMBNA-N,-10.849
MMP13,wt,wt_s1,detail,1,106,JPZOYWVRFLZCIC-NJNXFGOHNA-N,-10.124
MMP13,wt,wt_s1,detail,1,107,FAIQTLBYDVKBAB-DVIAZDKANA-N,-8.992
MMP13,wt,wt_s1,detail,1,108,APFLRZZAOXCNAZ-UHFFFAOYNA-N,-8.552
MMP13,wt,wt_s1,detail,1,109,BSQLDSQTGOZBFD-UHFFFAOYNA-N,-8.576
MMP13,wt,wt_s1,detail,1,110,ZVVCFJXCDATSCC-UHFFFAOYNA-N,-10.604
MMP13,wt,wt_s1,detail,1,111,SKEQTXZATFWVMB-UYBDAZJANA-N,-8.951
MMP13,wt,wt_s1,detail,1,112,IATWYRHDJKMBQK-MPIMZMORNA-N,-8.641
MMP13,wt,wt_s1,detail,1,113,JPWOEQDCUZCWKT-MPIMZMORNA-N,-7.807
MMP13,wt,wt_s1,detail,1,114,RYHSAXRBHDHPPK-PKSOQXRJNA-N,-8.018
MMP13,wt,wt_s1,detail,1,115,GKKJWUFVZJJFPG-MPIMZMORNA-N,-9.263
MMP13,wt,wt_s1,detail,1,116,FDNZXFDUCINVLY-BDGWVKIONA-N,-8.851
MMP13,wt,wt_s1,detail,1,117,KTBYKHKWIFIFAK-UHFFFAOYNA-N,-10.464
MMP13,wt,wt_s1,detail,1,118,ZRXZEWGUECXTTQ-LQFNOIFHNA-N,-9.879
MMP13,wt,wt_s1,detail,1,119,XNACBBGLIAJNJM-PECIQRARNA-N,-8.025
MMP13,wt,wt_s1,detail,1,120,WQZYYJRVBIQUGH-YWZOXAELNA-N,-10.713
MMP13,wt,wt_s1,detail,1,121,ABMSRNRLDZVJFV-SWUIVHNENA-N,-8.707
MMP13,wt,wt_s1,detail,1,122,ZEACBIUBSOLEGW-QAITUMOCNA-N,-9.929
MMP13,wt,wt_s1,detail,1,123,UBFCDXVLKFOOGL-OKPOJWAQNA-N,-9.757
MMP13,wt,wt_s1,detail,1,124,RRIHVAFUFDANEX-NSJMMFDCNA-N,-8.535
MMP13,wt,wt_s1,detail,1,125,HASIAUWPWKTSBW-SREBMQDQNA-N,-8.199
MMP13,wt,wt_s1,detail,1,126,WHBCKYHTCHCHAY-LQFNOIFHNA-N,-9.001
MMP13,wt,wt_s1,detail,1,127,XMAYWYJOQHXEEK-JYFHCDHNNA-N,-10.146
MMP13,wt,wt_s1,detail,1,128,TVKCFCZANTZCSU-OYRHEFFENA-N,-10.316
MMP13,wt,wt_s1,detail,1,129,OJFIIUWPOHBVMH-LNNLXFCONA-N,-7.897
MMP13,wt,wt_s1,detail,1,130,DKLZMGFTGWKNCD-DIRLUKLVNA-N,-11.218
MMP13,wt,wt_s1,detail,1,131,PYSLGWZFRQWTDD-PWIKPTQSNA-N,-11.756
MMP13,wt,wt_s1,detail,1,132,MWMBIUUYBQWKJX-QTUCRYGENA-N,-8.69
MMP13,wt,wt_s1,detail,1,133,FLYQFCXTEFTSQN-UHFFFAOYNA-N,-9.433
MMP13,wt,wt_s1,detail,1,134,PBIBDSDWIMZYDT-WBWGZOKWNA-N,-9.367
MMP13,wt,wt_s1,detail,1,135,GSRWMFGBDLHGBU-YEFLILRRNA-N,-8.198
MMP13,wt,wt_s1,detail,1,136,AYIJJQHMZAEQKE-QDAGQJSJNA-N,-8.938
MMP13,wt,wt_s1,detail,1,137,JVWTZUKPDMRNDC-FSAKADSPNA-N,-9.798
MMP13,wt,wt_s1,detail,1,138,XAZPLOLSRXZDBO-LBZABMTDNA-N,-6.873
MMP13,wt,wt_s1,detail,1,139,RGWVFJBNHCWCTL-CFEGKOCINA-N,-9.594
MMP13,wt,wt_s1,detail,1,140,YYWNRQZCPIMCAK-UHFFFAOYNA-N,-10.582
MMP13,wt,wt_s1,detail,1,141,PBTZDKNKXRSZPM-XBXBPLPCNA-N,-10.116
MMP13,wt,wt_s1,detail,1,142,QQPOIMHFFPBDQM-LELJVTLKNA-N,-9.772
MMP13,wt,wt_s1,detail,1,143,NYFQURFFDGCBCB-MAQJPOOANA-N,-9.333
MMP13,wt,wt_s1,detail,1,144,HXZVHWHABLBWBS-MTTPVDACNA-N,-10.572
MMP13,wt,wt_s1,detail,1,145,IWYYSOJWYLZKLK-LELJVTLKNA-N,-8.533
MMP13,wt,wt_s1,detail,1,146,HOGUCNPGZXMBGW-UHFFFAOYNA-N,-9.815
MMP13,wt,wt_s1,detail,1,147,VITUDJAVASFPKN-DUFUIDNCNA-N,-10.277
MMP13,wt,wt_s1,detail,1,148,IXAHDCRYEUYPBG-SCXYCHFONA-N,-10.538
MMP13,wt,wt_s1,detail,1,149,JWHMEKMLAZQDNS-OZMOGHDGNA-N,-9.033
MMP13,wt,wt_s1,detail,1,150,BZWNBTIJLRHNDZ-LBOYIXSDNA-N,-8.89
MMP13,wt,wt_s1,detail,1,151,RECYROBESYRUML-UHFFFAOYNA-N,-9.003
MMP13,wt,wt_s1,detail,1,152,MLDSJJJLQRZNKW-UHBIVWOUNA-N,-9.311
MMP13,wt,wt_s1,detail,1,153,XTWIHJARHCYNFX-PHXLCVRDNA-N,-9.317
MMP13,wt,wt_s1,detail,1,154,UQGFETVWTRDGKJ-UHFFFAOYNA-N,-8.354
MMP13,wt,wt_s1,detail,1,155,VJFSMDWEMFOWDK-CYSPOYASNA-N,-11.627
MMP13,wt,wt_s1,detail,1,156,NZYLXYBIWNIAGH-CYSPOYASNA-N,-10.794
MMP13,wt,wt_s1,detail,1,157,ODXCWFOKLBJQNP-MPIMZMORNA-N,-8.929
MMP13,wt,wt_s1,detail,1,158,FVDNMAPPDSKXKQ-UHFFFAOYNA-N,-11.428
MMP13,wt,wt_s1,detail,1,159,DOPWMPRIRWTOOD-CCHPKIMANA-N,-8.912
MMP13,wt,wt_s2,detail,2,0,URVMSYHISUZXNH-UYBDAZJANA-N,-9.365
MMP13,wt,wt_s2,detail,2,1,KXRPCFINVWWFHQ-UHFFFAOYNA-N,-5.09
MMP13,wt,wt_s2,detail,2,2,NICJTSHRYBTHAS-YHMJCDSINA-N,-7.737
MMP13,wt,wt_s2,detail,2,3,SWRZVDTZHDWPDS-AWIDAIFANA-N,-10.021
MMP13,wt,wt_s2,detail,2,4,RKNSLLSUFWWYCA-UHFFFAOYNA-N,-8.655
MMP13,wt,wt_s2,detail,2,5,OZFSIKFTRRUDES-RIYZIHGNNA-N,-7.195
MMP13,wt,wt_s2,detail,2,6,AAGGUCRASUJPPN-UHFFFAOYNA-N,-8.479
MMP13,wt,wt_s2,detail,2,7,OYHXDPMAFYHDNG-YAQRNVERNA-N,-8.553
MMP13,wt,wt_s2,detail,2,8,AWILWAIEQYZUEQ-UHFFFAOYNA-N,-7.865
MMP13,wt,wt_s2,detail,2,9,WSFAXHLMQUUHQT-VMPITWQZNA-N,-8.576
MMP13,wt,wt_s2,detail,2,10,WPHMTVNOXKBZKN-UHFFFAOYNA-N,-7.772
MMP13,wt,wt_s2,detail,2,11,LPEIZNODGHDCCW-UHFFFAOYNA-N,-7.225
MMP13,wt,wt_s2,detail,2,12,QQHWWDVSRWOHEP-LILDFLRNNA-N,-8.127
MMP13,wt,wt_s2,detail,2,13,UMEVSSPGBFVQNC-UHFFFAOYNA-N,-7.246
MMP13,wt,wt_s2,detail,2,14,VZDIOEKWWZRNQN-UHFFFAOYNA-N,-9.064
MMP13,wt,wt_s2,detail,2,15,JEVLDOUORFAHRS-NDKGDYFDNA-N,-7.91
MMP13,wt,wt_s2,detail,2,16,NFTGJNJRMWUBPG-GPQMBLKYNA-N,-8.218
MMP13,wt,wt_s2,detail,2,17,UMUUTEZBWGDVDA-UHFFFAOYNA-N,-7.891
MMP13,wt,wt_s2,detail,2,18,VLQKEPLNPGYNDJ-HCKMINDGNA-N,-8.82
MMP13,wt,wt_s2,detail,2,19,PPMVTAATPZLMJM-CDDDEJBQNA-N,-7.4
MMP13,wt,wt_s2,detail,2,20,AHLYFAKLKLMESK-YAQRNVERNA-N,-8.209
MMP13,wt,wt_s2,detail,2,21,GYEJYLAGVWRSIM-KGJHZMDYNA-N,-7.757
MMP13,wt,wt_s2,detail,2,22,RXVALSLAUOIYLW-UHFFFAOYNA-N,-6.873
MMP13,wt,wt_s2,detail,2,23,NSELYIFATLFDOZ-JLGFQASFNA-N,-8.54
MMP13,wt,wt_s2,detail,2,24,COQFBYACOHFCEC-UHFFFAOYNA-N,-7.411
MMP13,wt,wt_s2,detail,2,25,CJGJXFCLDYQBFQ-YJGXKCCXNA-N,-9.648
MMP13,wt,wt_s2,detail,2,26,BWNGRRJLFYHENY-INIZCTEONA-N,-8.016
MMP13,wt,wt_s2,detail,2,27,BNRFXWSJKVJVOF-UYBDAZJANA-N,-9.781
MMP13,wt,wt_s2,detail,2,28,DMULMZBZVBBWBY-PJZINPJWNA-N,-10.439
MMP13,wt,wt_s2,detail,2,29,AXLAIGJGNKHDPO-UHFFFAOYNA-N,-6.408
MMP13,wt,wt_s2,detail,2,30,RKDGAONZEPYEBT-WXRBYKJCNA-N,-7.165
MMP13,wt,wt_s2,detail,2,31,MBOYDUZSCSNUQL-MBBDSNKKNA-N,-8.699
MMP13,wt,wt_s2,detail,2,32,KPVDBHRTXOFQDK-YAQRNVERNA-N,-7.642
MMP13,wt,wt_s2,detail,2,33,LVCNFMYUKISBSB-VJSNTGQMNA-N,-8.831
MMP13,wt,wt_s2,detail,2,34,XLAHCIRKLMJUQC-DZQCGVKKNA-N,-9.58
MMP13,wt,wt_s2,detail,2,35,QNYHDABGLCBJOE-SHHGZXMVNA-N,-9.27
MMP13,wt,wt_s2,detail,2,36,HEKNRISBWSPMOG-OWTLIXCDNA-N,-6.392
MMP13,wt,wt_s2,detail,2,37,VIRNXCRLEVZXNX-LILDFLRNNA-N,-10.704
MMP13,wt,wt_s2,detail,2,38,SRTGERSEXJGDMR-UHFFFAOYNA-N,-7.233
MMP13,wt,wt_s2,detail,2,39,ZGMGSSRLZJYOKH-WXRBYKJCNA-N,-7.49
MMP13,wt,wt_s2,detail,2,40,VGYFDFRFGHHCDA-CUTUCBJDNA-N,-9.035
MMP13,wt,wt_s2,detail,2,41,DILPMLYWQJPNLO-HCKMINDGNA-N,-7.966
MMP13,wt,wt_s2,detail,2,42,RSOODJIGEVJLMK-LQFNOIFHNA-N,-9.428
MMP13,wt,wt_s2,detail,2,43,OWHHWMUAYBIQPR-UHFFFAOYNA-N,-9.544
MMP13,wt,wt_s2,detail,2,44,KPIKMVZJKZDOFC-UHFFFAOYNA-N,-9.857
MMP13,wt,wt_s2,detail,2,45,DIKDKRUREJXLMR-DPMTXJEANA-N,-10.471
MMP13,wt,wt_s2,detail,2,46,QRVJDPKQHAVBDK-UYBDAZJANA-N,-8.547
MMP13,wt,wt_s2,detail,2,47,SGBSFKSDPWOALT-UYBDAZJANA-N,-9.608
MMP13,wt,wt_s2,detail,2,48,CYHFRNFVZWVHCG-OTJKMEOQNA-N,-8.085
MMP13,wt,wt_s2,detail,2,49,MJUDQDHXCQONOA-MPIMZMORNA-N,-8.381
MMP13,wt,wt_s2,detail,2,50,RNVYRNLUUYNQAS-PKSOQXRJNA-N,-7.711
MMP13,wt,wt_s2,detail,2,51,DLZXOZYETDVJEB-QWOVJGMINA-N,-6.999
MMP13,wt,wt_s2,detail,2,52,HSICVZRDGBJSEL-GPQMBLKYNA-N,-7.991
MMP13,wt,wt_s2,detail,2,53,HMRUHHFLIMYEAF-QNGOCPJXNA-N,-7.37
MMP13,wt,wt_s2,detail,2,54,ZZOWQPSBJUXHCA-YSPRVCGUNA-N,-9.643
MMP13,wt,wt_s2,detail,2,55,WDDJLHOUFWSQSV-UHFFFAOYNA-N,-9.529
MMP13,wt,wt_s2,detail,2,56,UKLIIGXGTPSYBF-IBCWCQIKNA-N,-9.398
MMP13,wt,wt_s2,detail,2,57,LNPOBRXJZYGQMS-MOHJPFBDNA-N,-8.9
MMP13,wt,wt_s2,detail,2,58,FYILBFPPKIZBTO-UHFFFAOYNA-N,-8.124
MMP13,wt,wt_s2,detail,2,59,MIKIJFODTJGFDI-LILDFLRNNA-N,-8.683
MMP13,wt,wt_s2,detail,2,60,RUWCNSLWWCWTSU-LILDFLRNNA-N,-7.603
MMP13,wt,wt_s2,detail,2,61,KLQWCHKIQJHYIB-UHFFFAOYNA-N,-9.162
MMP13,wt,wt_s2,detail,2,62,QKAWGENQCGFAOE-NPVYFSBINA-N,-8.651
MMP13,wt,wt_s2,detail,2,63,KGOKCBRZBBEYBE-MMRXBHCZNA-N,-9.55
MMP13,wt,wt_s2,detail,2,64,ROFRXCLSWKEWTN-UHFFFAOYNA-N,-8.148
MMP13,wt,wt_s2,detail,2,65,AKRMJNKLSCBEME-FPYGCLRLNA-N,-8.543
MMP13,wt,wt_s2,detail,2,66,LCGJUJZLLYTYIF-XMFFZCEENA-N,-7.952
MMP13,wt,wt_s2,detail,2,67,FREQNFSEYLEFOI-QRCVEOAVNA-N,-8.666
MMP13,wt,wt_s2,detail,2,68,MHMINAYLMNBGSM-UHFFFAOYNA-N,-6.502
MMP13,wt,wt_s2,detail,2,69,SYMNTBHEGHFZMV-UHFFFAOYNA-N,-7.621
MMP13,wt,wt_s2,detail,2,70,NNCRWGMPCGSKOO-LILDFLRNNA-N,-7.965
MMP13,wt,wt_s2,detail,2,71,ZCRRNCCNJMRGFI-UHFFFAOYNA-N,-9.77
MMP13,wt,wt_s2,detail,2,72,PYVZEIBGEUQNQQ-UHFFFAOYNA-N,-8.82
MMP13,wt,wt_s2,detail,2,73,OROJQWVRCGJACT-XBTAAFKLNA-N,-10.607
MMP13,wt,wt_s2,detail,2,74,TXYUWXKCUDOUGU-JLGFQASFNA-N,-7.724
MMP13,wt,wt_s2,detail,2,75,LAZANALODSEDSE-UHFFFAOYNA-N,-7.161
MMP13,wt,wt_s2,detail,2,76,RJXCYVJLXGRCHK-UHFFFAOYNA-N,-9.695
MMP13,wt,wt_s2,detail,2,77,FUSKIBWHJAWEFI-IEJAXPBYNA-N,-9.253
MMP13,wt,wt_s2,detail,2,78,SGWVLOCBQLQWQV-UHFFFAOYNA-N,-10.213
MMP13,wt,wt_s2,detail,2,79,PPXRQTYXLZCDAZ-QWOVJGMINA-N,-9.374
MMP13,wt,wt_s2,detail,2,80,DIFBADFWLVYFHV-LELJVTLKNA-N,-8.931
MMP13,wt,wt_s2,detail,2,81,XREOSEVJCQGCHE-MHPMNMKGNA-N,-8.483
MMP13,wt,wt_s2,detail,2,82,ZHGPKHBXSKWZEQ-UHFFFAOYNA-N,-8.441
MMP13,wt,wt_s2,detail,2,83,ZFAYPJJNPSNAFK-UHFFFAOYNA-N,-8.303
MMP13,wt,wt_s2,detail,2,84,LTXMRAGWIDQTQT-MYUTVWBTNA-N,-10.398
MMP13,wt,wt_s2,detail,2,85,VXQHYHSSGLOALC-SPEPDGBUNA-N,-10.632
MMP13,wt,wt_s2,detail,2,86,KWDSFRAWCISROF-PJQSKVNONA-N,-9.12
MMP13,wt,wt_s2,detail,2,87,ZJZXSQPHUQUHIV-ZGZFQTMPNA-N,-10.151
MMP13,wt,wt_s2,detail,2,88,UYHIVPBYFWVWEJ-UHFFFAOYNA-N,-9.548
MMP13,wt,wt_s2,detail,2,89,PLEFJSUCKRWHBY-LNNLXFCONA-N,-9.046
MMP13,wt,wt_s2,detail,2,90,DNSRQCRQLKJUCC-PDJAEHLQNA-N,-7.918
MMP13,wt,wt_s2,detail,2,91,PHYKZCBUNVYJNH-YDBXFXKPNA-N,-8.118
MMP13,wt,wt_s2,detail,2,92,OOUHZBUAVKCDGA-UHFFFAOYNA-N,-8.064
MMP13,wt,wt_s2,detail,2,93,UUQDFZFJDFMLHW-UHFFFAOYNA-N,-9.204
MMP13,wt,wt_s2,detail,2,94,OOUDDHNLDLLUOL-SKKVRFOWNA-N,-9.742
MMP13,wt,wt_s2,detail,2,95,ZDMQSUAMTLXUTE-MPIMZMORNA-N,-8.772
MMP13,wt,wt_s2,detail,2,96,NMPLPABDEKPABN-UHFFFAOYNA-N,-9.947
MMP13,wt,wt_s2,detail,2,97,INZRHGSVWGRHBM-NPVYFSBINA-N,-9.758
MMP13,wt,wt_s2,detail,2,98,RVGCWMKVTAEQIH-LNNLXFCONA-N,-9.774
MMP13,wt,wt_s2,detail,2,99,VRXWKRQOVMZBAF-LJQANCHMNA-N,-7.004
MMP13,wt,wt_s2,detail,2,100,QACLWOIBBYOHQP-UYBDAZJANA-N,-7.867
MMP13,wt,wt_s2,detail,2,101,ZNXSZVFPCBIELQ-LNNLXFCONA-N,-8.617
MMP13,wt,wt_s2,detail,2,102,GKMWCCNMKRSQHR-VEKUMTKDNA-N,-10.006
MMP13,wt,wt_s2,detail,2,103,FFGUSRSMWFYKGK-SKKVRFOWNA-N,-9.99
MMP13,wt,wt_s2,detail,2,104,KXBDDGKXLZBLOM-SPEPDGBUNA-N,-8.428
MMP13,wt,wt_s2,detail,2,105,MIUWULAZCXYTJW-MSHHZIMBNA-N,-10.945
MMP13,wt,wt_s2,detail,2,106,JPZOYWVRFLZCIC-NJNXFGOHNA-N,-10.104
MMP13,wt,wt_s2,detail,2,107,FAIQTLBYDVKBAB-DVIAZDKANA-N,-9.455
MMP13,wt,wt_s2,detail,2,108,APFLRZZAOXCNAZ-UHFFFAOYNA-N,-8.822
MMP13,wt,wt_s2,detail,2,109,BSQLDSQTGOZBFD-UHFFFAOYNA-N,-8.586
MMP13,wt,wt_s2,detail,2,110,ZVVCFJXCDATSCC-UHFFFAOYNA-N,-10.281
MMP13,wt,wt_s2,detail,2,111,SKEQTXZATFWVMB-UYBDAZJANA-N,-9.225
MMP13,wt,wt_s2,detail,2,112,IATWYRHDJKMBQK-MPIMZMORNA-N,-8.443
MMP13,wt,wt_s2,detail,2,113,JPWOEQDCUZCWKT-MPIMZMORNA-N,-7.729
MMP13,wt,wt_s2,detail,2,114,RYHSAXRBHDHPPK-PKSOQXRJNA-N,-7.868
MMP13,wt,wt_s2,detail,2,115,GKKJWUFVZJJFPG-MPIMZMORNA-N,-9.437
MMP13,wt,wt_s2,detail,2,116,FDNZXFDUCINVLY-BDGWVKIONA-N,-8.946
MMP13,wt,wt_s2,detail,2,117,KTBYKHKWIFIFAK-UHFFFAOYNA-N,-9.864
MMP13,wt,wt_s2,detail,2,118,ZRXZEWGUECXTTQ-LQFNOIFHNA-N,-9.699
MMP13,wt,wt_s2,detail,2,119,XNACBBGLIAJNJM-PECIQRARNA-N,-8.163
MMP13,wt,wt_s2,detail,2,120,WQZYYJRVBIQUGH-YWZOXAELNA-N,-10.816
MMP13,wt,wt_s2,detail,2,121,ABMSRNRLDZVJFV-SWUIVHNENA-N,-8.791
MMP13,wt,wt_s2,detail,2,122,ZEACBIUBSOLEGW-QAITUMOCNA-N,-10.747
MMP13,wt,wt_s2,detail,2,123,UBFCDXVLKFOOGL-OKPOJWAQNA-N,-9.644
MMP13,wt,wt_s2,detail,2,124,RRIHVAFUFDANEX-NSJMMFDCNA-N,-7.956
MMP13,wt,wt_s2,detail,2,125,HASIAUWPWKTSBW-SREBMQDQNA-N,-8.345
MMP13,wt,wt_s2,detail,2,126,WHBCKYHTCHCHAY-LQFNOIFHNA-N,-8.725
MMP13,wt,wt_s2,detail,2,127,XMAYWYJOQHXEEK-JYFHCDHNNA-N,-10.071
MMP13,wt,wt_s2,detail,2,128,TVKCFCZANTZCSU-OYRHEFFENA-N,-10.319
MMP13,wt,wt_s2,detail,2,129,OJFIIUWPOHBVMH-LNNLXFCONA-N,-8.334
MMP13,wt,wt_s2,detail,2,130,DKLZMGFTGWKNCD-DIRLUKLVNA-N,-10.971
MMP13,wt,wt_s2,detail,2,131,PYSLGWZFRQWTDD-PWIKPTQSNA-N,-11.919
MMP13,wt,wt_s2,detail,2,132,MWMBIUUYBQWKJX-QTUCRYGENA-N,-8.262
MMP13,wt,wt_s2,detail,2,133,FLYQFCXTEFTSQN-UHFFFAOYNA-N,-9.712
MMP13,wt,wt_s2,detail,2,134,PBIBDSDWIMZYDT-WBWGZOKWNA-N,-9.744
MMP13,wt,wt_s2,detail,2,135,GSRWMFGBDLHGBU-YEFLILRRNA-N,-7.45
MMP13,wt,wt_s2,detail,2,136,AYIJJQHMZAEQKE-QDAGQJSJNA-N,-8.314
MMP13,wt,wt_s2,detail,2,137,JVWTZUKPDMRNDC-FSAKADSPNA-N,-10.128
MMP13,wt,wt_s2,detail,2,138,XAZPLOLSRXZDBO-LBZABMTDNA-N,-7.873
MMP13,wt,wt_s2,detail,2,139,RGWVFJBNHCWCTL-CFEGKOCINA-N,-10.101
MMP13,wt,wt_s2,detail,2,140,YYWNRQZCPIMCAK-UHFFFAOYNA-N,-11.046
MMP13,wt,wt_s2,detail,2,141,PBTZDKNKXRSZPM-XBXBPLPCNA-N,-10.23
MMP13,wt,wt_s2,detail,2,142,QQPOIMHFFPBDQM-LELJVTLKNA-N,-10.59
MMP13,wt,wt_s2,detail,2,143,NYFQURFFDGCBCB-MAQJPOOANA-N,-9.287
MMP13,wt,wt_s2,detail,2,144,HXZVHWHABLBWBS-MTTPVDACNA-N,-10.692
MMP13,wt,wt_s2,detail,2,145,IWYYSOJWYLZKLK-LELJVTLKNA-N,-8.639
MMP13,wt,wt_s2,detail,2,146,HOGUCNPGZXMBGW-UHFFFAOYNA-N,-9.862
MMP13,wt,wt_s2,detail,2,147,VITUDJAVASFPKN-DUFUIDNCNA-N,-10.545
MMP13,wt,wt_s2,detail,2,148,IXAHDCRYEUYPBG-SCXYCHFONA-N,-10.646
MMP13,wt,wt_s2,detail,2,149,JWHMEKMLAZQDNS-OZMOGHDGNA-N,-8.875
MMP13,wt,wt_s2,detail,2,150,BZWNBTIJLRHNDZ-LBOYIXSDNA-N,-8.947
MMP13,wt,wt_s2,detail,2,151,RECYROBESYRUML-UHFFFAOYNA-N,-8.976
MMP13,wt,wt_s2,detail,2,152,MLDSJJJLQRZNKW-UHBIVWOUNA-N,-10.432
MMP13,wt,wt_s2,detail,2,153,XTWIHJARHCYNFX-PHXLCVRDNA-N,-9.252
MMP13,wt,wt_s2,detail,2,154,UQGFETVWTRDGKJ-UHFFFAOYNA-N,-8.306
MMP13,wt,wt_s2,detail,2,155,VJFSMDWEMFOWDK-CYSPOYASNA-N,-10.515
MMP13,wt,wt_s2,detail,2,156,NZYLXYBIWNIAGH-CYSPOYASNA-N,-11.175
MMP13,wt,wt_s2,detail,2,157,ODXCWFOKLBJQNP-MPIMZMORNA-N,-9.296
MMP13,wt,wt_s2,detail,2,158,FVDNMAPPDSKXKQ-UHFFFAOYNA-N,-11.39
MMP13,wt,wt_s2,detail,2,159,DOPWMPRIRWTOOD-CCHPKIMANA-N,-8.456
MMP13,wt,wt_s3,detail,3,0,URVMSYHISUZXNH-UYBDAZJANA-N,-9.419
MMP13,wt,wt_s3,detail,3,1,KXRPCFINVWWFHQ-UHFFFAOYNA-N,-4.907
MMP13,wt,wt_s3,detail,3,2,NICJTSHRYBTHAS-YHMJCDSINA-N,-7.865
MMP13,wt,wt_s3,detail,3,3,SWRZVDTZHDWPDS-AWIDAIFANA-N,-10.259
MMP13,wt,wt_s3,detail,3,4,RKNSLLSUFWWYCA-UHFFFAOYNA-N,-8.686
MMP13,wt,wt_s3,detail,3,5,OZFSIKFTRRUDES-RIYZIHGNNA-N,-7.193
MMP13,wt,wt_s3,detail,3,6,AAGGUCRASUJPPN-UHFFFAOYNA-N,-8.399
MMP13,wt,wt_s3,detail,3,7,OYHXDPMAFYHDNG-YAQRNVERNA-N,-8.507
MMP13,wt,wt_s3,detail,3,8,AWILWAIEQYZUEQ-UHFFFAOYNA-N,-7.576
MMP13,wt,wt_s3,detail,3,9,WSFAXHLMQUUHQT-VMPITWQZNA-N,-8.579
MMP13,wt,wt_s3,detail,3,10,WPHMTVNOXKBZKN-UHFFFAOYNA-N,-7.735
MMP13,wt,wt_s3,detail,3,11,LPEIZNODGHDCCW-UHFFFAOYNA-N,-7.327
MMP13,wt,wt_s3,detail,3,12,QQHWWDVSRWOHEP-LILDFLRNNA-N,-7.626
MMP13,wt,wt_s3,detail,3,13,UMEVSSPGBFVQNC-UHFFFAOYNA-N,-7.208
MMP13,wt,wt_s3,detail,3,14,VZDIOEKWWZRNQN-UHFFFAOYNA-N,-9.334
MMP13,wt,wt_s3,detail,3,15,JEVLDOUORFAHRS-NDKGDYFDNA-N,-7.693
MMP13,wt,wt_s3,detail,3,16,NFTGJNJRMWUBPG-GPQMBLKYNA-N,-8.116
MMP13,wt,wt_s3,detail,3,17,UMUUTEZBWGDVDA-UHFFFAOYNA-N,-8.151
MMP13,wt,wt_s3,detail,3,18,VLQKEPLNPGYNDJ-HCKMINDGNA-N,-8.885
MMP13,wt,wt_s3,detail,3,19,PPMVTAATPZLMJM-CDDDEJBQNA-N,-7.279
MMP13,wt,wt_s3,detail,3,20,AHLYFAKLKLMESK-YAQRNVERNA-N,-8.211
MMP13,wt,wt_s3,detail,3,21,GYEJYLAGVWRSIM-KGJHZMDYNA-N,-8.058
MMP13,wt,wt_s3,detail,3,22,RXVALSLAUOIYLW-UHFFFAOYNA-N,-6.743
MMP13,wt,wt_s3,detail,3,23,NSELYIFATLFDOZ-JLGFQASFNA-N,-8.407
MMP13,wt,wt_s3,detail,3,24,COQFBYACOHFCEC-UHFFFAOYNA-N,-8.164
MMP13,wt,wt_s3,detail,3,25,CJGJXFCLDYQBFQ-YJGXKCCXNA-N,-9.699
MMP13,wt,wt_s3,detail,3,26,BWNGRRJLFYHENY-INIZCTEONA-N,-8.37
MMP13,wt,wt_s3,detail,3,27,BNRFXWSJKVJVOF-UYBDAZJANA-N,-9.73
MMP13,wt,wt_s3,detail,3,28,DMULMZBZVBBWBY-PJZINPJWNA-N,-10.422
MMP13,wt,wt_s3,detail,3,29,AXLAIGJGNKHDPO-UHFFFAOYNA-N,-6.405
MMP13,wt,wt_s3,detail,3,30,RKDGAONZEPYEBT-WXRBYKJCNA-N,-7.166
MMP13,wt,wt_s3,detail,3,31,MBOYDUZSCSNUQL-MBBDSNKKNA-N,-8.835
MMP13,wt,wt_s3,detail,3,32,KPVDBHRTXOFQDK-YAQRNVERNA-N,-8.127
MMP13,wt,wt_s3,detail,3,33,LVCNFMYUKISBSB-VJSNTGQMNA-N,-8.796
MMP13,wt,wt_s3,detail,3,34,XLAHCIRKLMJUQC-DZQCGVKKNA-N,-9.413
MMP13,wt,wt_s3,detail,3,35,QNYHDABGLCBJOE-SHHGZXMVNA-N,-9.546
MMP13,wt,wt_s3,detail,3,36,HEKNRISBWSPMOG-OWTLIXCDNA-N,-6.39
MMP13,wt,wt_s3,detail,3,37,VIRNXCRLEVZXNX-LILDFLRNNA-N,-10.712
MMP13,wt,wt_s3,detail,3,38,SRTGERSEXJGDMR-UHFFFAOYNA-N,-6.737
MMP13,wt,wt_s3,detail,3,39,ZGMGSSRLZJYOKH-WXRBYKJCNA-N,-7.482
MMP13,wt,wt_s3,detail,3,40,VGYFDFRFGHHCDA-CUTUCBJDNA-N,-9.169
MMP13,wt,wt_s3,detail,3,41,DILPMLYWQJPNLO-HCKMINDGNA-N,-8.165
MMP13,wt,wt_s3,detail,3,42,RSOODJIGEVJLMK-LQFNOIFHNA-N,-9.429
MMP13,wt,wt_s3,detail,3,43,OWHHWMUAYBIQPR-UHFFFAOYNA-N,-10.274
MMP13,wt,wt_s3,detail,3,44,KPIKMVZJKZDOFC-UHFFFAOYNA-N,-9.474
MMP13,wt,wt_s3,detail,3,45,DIKDKRUREJXLMR-DPMTXJEANA-N,-10.482
MMP13,wt,wt_s3,detail,3,46,QRVJDPKQHAVBDK-UYBDAZJANA-N,-8.725
MMP13,wt,wt_s3,detail,3,47,SGBSFKSDPWOALT-UYBDAZJANA-N,-9.868
MMP13,wt,wt_s3,detail,3,48,CYHFRNFVZWVHCG-OTJKMEOQNA-N,-7.721
MMP13,wt,wt_s3,detail,3,49,MJUDQDHXCQONOA-MPIMZMORNA-N,-8.414
MMP13,wt,wt_s3,detail,3,50,RNVYRNLUUYNQAS-PKSOQXRJNA-N,-8.571
MMP13,wt,wt_s3,detail,3,51,DLZXOZYETDVJEB-QWOVJGMINA-N,-7.12
MMP13,wt,wt_s3,detail,3,52,HSICVZRDGBJSEL-GPQMBLKYNA-N,-7.993
MMP13,wt,wt_s3,detail,3,53,HMRUHHFLIMYEAF-QNGOCPJXNA-N,-7.788
MMP13,wt,wt_s3,detail,3,54,ZZOWQPSBJUXHCA-YSPRVCGUNA-N,-9.41
MMP13,wt,wt_s3,detail,3,55,WDDJLHOUFWSQSV-UHFFFAOYNA-N,-9.483
MMP13,wt,wt_s3,detail,3,56,UKLIIGXGTPSYBF-IBCWCQIKNA-N,-9.623
MMP13,wt,wt_s3,detail,3,57,LNPOBRXJZYGQMS-MOHJPFBDNA-N,-8.508
MMP13,wt,wt_s3,detail,3,58,FYILBFPPKIZBTO-UHFFFAOYNA-N,-8.186
MMP13,wt,wt_s3,detail,3,59,MIKIJFODTJGFDI-LILDFLRNNA-N,-9.109
MMP13,wt,wt_s3,detail,3,60,RUWCNSLWWCWTSU-LILDFLRNNA-N,-7.763
MMP13,wt,wt_s3,detail,3,61,KLQWCHKIQJHYIB-UHFFFAOYNA-N,-9.187
MMP13,wt,wt_s3,detail,3,62,QKAWGENQCGFAOE-NPVYFSBINA-N,-8.703
MMP13,wt,wt_s3,detail,3,63,KGOKCBRZBBEYBE-MMRXBHCZNA-N,-9.445
MMP13,wt,wt_s3,detail,3,64,ROFRXCLSWKEWTN-UHFFFAOYNA-N,-8.07
MMP13,wt,wt_s3,detail,3,65,AKRMJNKLSCBEME-FPYGCLRLNA-N,-8.152
MMP13,wt,wt_s3,detail,3,66,LCGJUJZLLYTYIF-XMFFZCEENA-N,-8.136
MMP13,wt,wt_s3,detail,3,67,FREQNFSEYLEFOI-QRCVEOAVNA-N,-8.463
MMP13,wt,wt_s3,detail,3,68,MHMINAYLMNBGSM-UHFFFAOYNA-N,-6.465
MMP13,wt,wt_s3,detail,3,69,SYMNTBHEGHFZMV-UHFFFAOYNA-N,-7.21
MMP13,wt,wt_s3,detail,3,70,NNCRWGMPCGSKOO-LILDFLRNNA-N,-8.017
MMP13,wt,wt_s3,detail,3,71,ZCRRNCCNJMRGFI-UHFFFAOYNA-N,-9.792
MMP13,wt,wt_s3,detail,3,72,PYVZEIBGEUQNQQ-UHFFFAOYNA-N,-8.79
MMP13,wt,wt_s3,detail,3,73,OROJQWVRCGJACT-XBTAAFKLNA-N,-10.618
MMP13,wt,wt_s3,detail,3,74,TXYUWXKCUDOUGU-JLGFQASFNA-N,-7.528
MMP13,wt,wt_s3,detail,3,75,LAZANALODSEDSE-UHFFFAOYNA-N,-7.255
MMP13,wt,wt_s3,detail,3,76,RJXCYVJLXGRCHK-UHFFFAOYNA-N,-9.719
MMP13,wt,wt_s3,detail,3,77,FUSKIBWHJAWEFI-IEJAXPBYNA-N,-9.56
MMP13,wt,wt_s3,detail,3,78,SGWVLOCBQLQWQV-UHFFFAOYNA-N,-10.204
MMP13,wt,wt_s3,detail,3,79,PPXRQTYXLZCDAZ-QWOVJGMINA-N,-9.199
MMP13,wt,wt_s3,detail,3,80,DIFBADFWLVYFHV-LELJVTLKNA-N,-8.924
MMP13,wt,wt_s3,detail,3,81,XREOSEVJCQGCHE-MHPMNMKGNA-N,-8.682
MMP13,wt,wt_s3,detail,3,82,ZHGPKHBXSKWZEQ-UHFFFAOYNA-N,-8.584
MMP13,wt,wt_s3,detail,3,83,ZFAYPJJNPSNAFK-UHFFFAOYNA-N,-8.675
MMP13,wt,wt_s3,detail,3,84,LTXMRAGWIDQTQT-MYUTVWBTNA-N,-10.312
MMP13,wt,wt_s3,detail,3,85,VXQHYHSSGLOALC-SPEPDGBUNA-N,-11.266
MMP13,wt,wt_s3,detail,3,86,KWDSFRAWCISROF-PJQSKVNONA-N,-9.075
MMP13,wt,wt_s3,detail,3,87,ZJZXSQPHUQUHIV-ZGZFQTMPNA-N,-10.179
MMP13,wt,wt_s3,detail,3,88,UYHIVPBYFWVWEJ-UHFFFAOYNA-N,-9.568
MMP13,wt,wt_s3,detail,3,89,PLEFJSUCKRWHBY-LNNLXFCONA-N,-8.343
MMP13,wt,wt_s3,detail,3,90,DNSRQCRQLKJUCC-PDJAEHLQNA-N,-7.847
MMP13,wt,wt_s3,detail,3,91,PHYKZCBUNVYJNH-YDBXFXKPNA-N,-8.102
MMP13,wt,wt_s3,detail,3,92,OOUHZBUAVKCDGA-UHFFFAOYNA-N,-8.295
MMP13,wt,wt_s3,detail,3,93,UUQDFZFJDFMLHW-UHFFFAOYNA-N,-9.109
MMP13,wt,wt_s3,detail,3,94,OOUDDHNLDLLUOL-SKKVRFOWNA-N,-9.683
MMP13,wt,wt_s3,detail,3,95,ZDMQSUAMTLXUTE-MPIMZMORNA-N,-8.697
MMP13,wt,wt_s3,detail,3,96,NMPLPABDEKPABN-UHFFFAOYNA-N,-9.762
MMP13,wt,wt_s3,detail,3,97,INZRHGSVWGRHBM-NPVYFSBINA-N,-10.151
MMP13,wt,wt_s3,detail,3,98,RVGCWMKVTAEQIH-LNNLXFCONA-N,-9.766
MMP13,wt,wt_s3,detail,3,99,VRXWKRQOVMZBAF-LJQANCHMNA-N,-7.85
MMP13,wt,wt_s3,detail,3,100,QACLWOIBBYOHQP-UYBDAZJANA-N,-7.933
MMP13,wt,wt_s3,detail,3,101,ZNXSZVFPCBIELQ-LNNLXFCONA-N,-8.759
MMP13,wt,wt_s3,detail,3,102,GKMWCCNMKRSQHR-VEKUMTKDNA-N,-9.109
MMP13,wt,wt_s3,detail,3,103,FFGUSRSMWFYKGK-SKKVRFOWNA-N,-10.747
MMP13,wt,wt_s3,detail,3,104,KXBDDGKXLZBLOM-SPEPDGBUNA-N,-8.431
MMP13,wt,wt_s3,detail,3,105,MIUWULAZCXYTJW-MSHHZIMBNA-N,-10.904
MMP13,wt,wt_s3,detail,3,106,JPZOYWVRFLZCIC-NJNXFGOHNA-N,-10.104
MMP13,wt,wt_s3,detail,3,107,FAIQTLBYDVKBAB-DVIAZDKANA-N,-9.958
MMP13,wt,wt_s3,detail,3,108,APFLRZZAOXCNAZ-UHFFFAOYNA-N,-8.685
MMP13,wt,wt_s3,detail,3,109,BSQLDSQTGOZBFD-UHFFFAOYNA-N,-8.473
MMP13,wt,wt_s3,detail,3,110,ZVVCFJXCDATSCC-UHFFFAOYNA-N,-10.218
MMP13,wt,wt_s3,detail,3,111,SKEQTXZATFWVMB-UYBDAZJANA-N,-8.75
MMP13,wt,wt_s3,detail,3,112,IATWYRHDJKMBQK-MPIMZMORNA-N,-8.866
MMP13,wt,wt_s3,detail,3,113,JPWOEQDCUZCWKT-MPIMZMORNA-N,-7.273
MMP13,wt,wt_s3,detail,3,114,RYHSAXRBHDHPPK-PKSOQXRJNA-N,-7.989
MMP13,wt,wt_s3,detail,3,115,GKKJWUFVZJJFPG-MPIMZMORNA-N,-9.921
MMP13,wt,wt_s3,detail,3,116,FDNZXFDUCINVLY-BDGWVKIONA-N,-8.801
MMP13,wt,wt_s3,detail,3,117,KTBYKHKWIFIFAK-UHFFFAOYNA-N,-10.643
MMP13,wt,wt_s3,detail,3,118,ZRXZEWGUECXTTQ-LQFNOIFHNA-N,-9.547
MMP13,wt,wt_s3,detail,3,119,XNACBBGLIAJNJM-PECIQRARNA-N,-8.112
MMP13,wt,wt_s3,detail,3,120,WQZYYJRVBIQUGH-YWZOXAELNA-N,-10.857
MMP13,wt,wt_s3,detail,3,121,ABMSRNRLDZVJFV-SWUIVHNENA-N,-9.428
MMP13,wt,wt_s3,detail,3,122,ZEACBIUBSOLEGW-QAITUMOCNA-N,-10.131
MMP13,wt,wt_s3,detail,3,123,UBFCDXVLKFOOGL-OKPOJWAQNA-N,-9.402
MMP13,wt,wt_s3,detail,3,124,RRIHVAFUFDANEX-NSJMMFDCNA-N,-8.12
MMP13,wt,wt_s3,detail,3,125,HASIAUWPWKTSBW-SREBMQDQNA-N,-9.51
MMP13,wt,wt_s3,detail,3,126,WHBCKYHTCHCHAY-LQFNOIFHNA-N,-8.669
MMP13,wt,wt_s3,detail,3,127,XMAYWYJOQHXEEK-JYFHCDHNNA-N,-9.751
MMP13,wt,wt_s3,detail,3,128,TVKCFCZANTZCSU-OYRHEFFENA-N,-10.387
MMP13,wt,wt_s3,detail,3,129,OJFIIUWPOHBVMH-LNNLXFCONA-N,-7.817
MMP13,wt,wt_s3,detail,3,130,DKLZMGFTGWKNCD-DIRLUKLVNA-N,-10.644
MMP13,wt,wt_s3,detail,3,131,PYSLGWZFRQWTDD-PWIKPTQSNA-N,-11.877
MMP13,wt,wt_s3,detail,3,132,MWMBIUUYBQWKJX-QTUCRYGENA-N,-8.593
MMP13,wt,wt_s3,detail,3,133,FLYQFCXTEFTSQN-UHFFFAOYNA-N,-9.165
MMP13,wt,wt_s3,detail,3,134,PBIBDSDWIMZYDT-WBWGZOKWNA-N,-9.857
MMP13,wt,wt_s3,detail,3,135,GSRWMFGBDLHGBU-YEFLILRRNA-N,-7.988
MMP13,wt,wt_s3,detail,3,136,AYIJJQHMZAEQKE-QDAGQJSJNA-N,-8.798
MMP13,wt,wt_s3,detail,3,137,JVWTZUKPDMRNDC-FSAKADSPNA-N,-10.281
MMP13,wt,wt_s3,detail,3,138,XAZPLOLSRXZDBO-LBZABMTDNA-N,-7.224
MMP13,wt,wt_s3,detail,3,139,RGWVFJBNHCWCTL-CFEGKOCINA-N,-9.381
MMP13,wt,wt_s3,detail,3,140,YYWNRQZCPIMCAK-UHFFFAOYNA-N,-10.999
MMP13,wt,wt_s3,detail,3,141,PBTZDKNKXRSZPM-XBXBPLPCNA-N,-10.174
MMP13,wt,wt_s3,detail,3,142,QQPOIMHFFPBDQM-LELJVTLKNA-N,-10.56
MMP13,wt,wt_s3,detail,3,143,NYFQURFFDGCBCB-MAQJPOOANA-N,-8.292
MMP13,wt,wt_s3,detail,3,144,HXZVHWHABLBWBS-MTTPVDACNA-N,-10.677
MMP13,wt,wt_s3,detail,3,145,IWYYSOJWYLZKLK-LELJVTLKNA-N,-9.085
MMP13,wt,wt_s3,detail,3,146,HOGUCNPGZXMBGW-UHFFFAOYNA-N,-9.808
MMP13,wt,wt_s3,detail,3,147,VITUDJAVASFPKN-DUFUIDNCNA-N,-9.919
MMP13,wt,wt_s3,detail,3,148,IXAHDCRYEUYPBG-SCXYCHFONA-N,-10.429
MMP13,wt,wt_s3,detail,3,149,JWHMEKMLAZQDNS-OZMOGHDGNA-N,-9.335
MMP13,wt,wt_s3,detail,3,150,BZWNBTIJLRHNDZ-LBOYIXSDNA-N,-9.207
MMP13,wt,wt_s3,detail,3,151,RECYROBESYRUML-UHFFFAOYNA-N,-8.557
MMP13,wt,wt_s3,detail,3,152,MLDSJJJLQRZNKW-UHBIVWOUNA-N,-9.947
MMP13,wt,wt_s3,detail,3,153,XTWIHJARHCYNFX-PHXLCVRDNA-N,-9.104
MMP13,wt,wt_s3,detail,3,154,UQGFETVWTRDGKJ-UHFFFAOYNA-N,-8.225
MMP13,wt,wt_s3,detail,3,155,VJFSMDWEMFOWDK-CYSPOYASNA-N,-11.399
MMP13,wt,wt_s3,detail,3,156,NZYLXYBIWNIAGH-CYSPOYASNA-N,-11.058
MMP13,wt,wt_s3,detail,3,157,ODXCWFOKLBJQNP-MPIMZMORNA-N,-9.163
MMP13,wt,wt_s3,detail,3,158,FVDNMAPPDSKXKQ-UHFFFAOYNA-N,-11.459
MMP13,wt,wt_s3,detail,3,159,DOPWMPRIRWTOOD-CCHPKIMANA-N,-9.366
MMP13,c_HID119,mut_s1,detail,1,0,URVMSYHISUZXNH-UYBDAZJANA-N,-8.951
MMP13,c_HID119,mut_s1,detail,1,1,KXRPCFINVWWFHQ-UHFFFAOYNA-N,-5.128
MMP13,c_HID119,mut_s1,detail,1,2,NICJTSHRYBTHAS-YHMJCDSINA-N,-7.432
MMP13,c_HID119,mut_s1,detail,1,3,SWRZVDTZHDWPDS-AWIDAIFANA-N,-7.697
MMP13,c_HID119,mut_s1,detail,1,4,RKNSLLSUFWWYCA-UHFFFAOYNA-N,-9.768
MMP13,c_HID119,mut_s1,detail,1,5,OZFSIKFTRRUDES-RIYZIHGNNA-N,-6.641
MMP13,c_HID119,mut_s1,detail,1,6,AAGGUCRASUJPPN-UHFFFAOYNA-N,-8.002
MMP13,c_HID119,mut_s1,detail,1,7,OYHXDPMAFYHDNG-YAQRNVERNA-N,-7.522
MMP13,c_HID119,mut_s1,detail,1,8,AWILWAIEQYZUEQ-UHFFFAOYNA-N,-7.524
MMP13,c_HID119,mut_s1,detail,1,9,WSFAXHLMQUUHQT-VMPITWQZNA-N,-8.277
MMP13,c_HID119,mut_s1,detail,1,10,WPHMTVNOXKBZKN-UHFFFAOYNA-N,-7.562
MMP13,c_HID119,mut_s1,detail,1,11,LPEIZNODGHDCCW-UHFFFAOYNA-N,-6.988
MMP13,c_HID119,mut_s1,detail,1,12,QQHWWDVSRWOHEP-LILDFLRNNA-N,-7.372
MMP13,c_HID119,mut_s1,detail,1,13,UMEVSSPGBFVQNC-UHFFFAOYNA-N,-6.781
MMP13,c_HID119,mut_s1,detail,1,14,VZDIOEKWWZRNQN-UHFFFAOYNA-N,-8.752
MMP13,c_HID119,mut_s1,detail,1,15,JEVLDOUORFAHRS-NDKGDYFDNA-N,-7.593
MMP13,c_HID119,mut_s1,detail,1,16,NFTGJNJRMWUBPG-GPQMBLKYNA-N,-7.595
MMP13,c_HID119,mut_s1,detail,1,17,UMUUTEZBWGDVDA-UHFFFAOYNA-N,-7.669
MMP13,c_HID119,mut_s1,detail,1,18,VLQKEPLNPGYNDJ-HCKMINDGNA-N,-8.774
MMP13,c_HID119,mut_s1,detail,1,19,PPMVTAATPZLMJM-CDDDEJBQNA-N,-8.046
MMP13,c_HID119,mut_s1,detail,1,20,AHLYFAKLKLMESK-YAQRNVERNA-N,-7.887
MMP13,c_HID119,mut_s1,detail,1,21,GYEJYLAGVWRSIM-KGJHZMDYNA-N,-7.477
MMP13,c_HID119,mut_s1,detail,1,22,RXVALSLAUOIYLW-UHFFFAOYNA-N,-7.565
MMP13,c_HID119,mut_s1,detail,1,23,NSELYIFATLFDOZ-JLGFQASFNA-N,-8.032
MMP13,c_HID119,mut_s1,detail,1,24,COQFBYACOHFCEC-UHFFFAOYNA-N,-7.373
MMP13,c_HID119,mut_s1,detail,1,25,CJGJXFCLDYQBFQ-YJGXKCCXNA-N,-9.02
MMP13,c_HID119,mut_s1,detail,1,26,BWNGRRJLFYHENY-INIZCTEONA-N,-7.777
MMP13,c_HID119,mut_s1,detail,1,27,BNRFXWSJKVJVOF-UYBDAZJANA-N,-9.253
MMP13,c_HID119,mut_s1,detail,1,28,DMULMZBZVBBWBY-PJZINPJWNA-N,-10.009
MMP13,c_HID119,mut_s1,detail,1,29,AXLAIGJGNKHDPO-UHFFFAOYNA-N,-6.558
MMP13,c_HID119,mut_s1,detail,1,30,RKDGAONZEPYEBT-WXRBYKJCNA-N,-6.826
MMP13,c_HID119,mut_s1,detail,1,31,MBOYDUZSCSNUQL-MBBDSNKKNA-N,-8.368
MMP13,c_HID119,mut_s1,detail,1,32,KPVDBHRTXOFQDK-YAQRNVERNA-N,-7.213
MMP13,c_HID119,mut_s1,detail,1,33,LVCNFMYUKISBSB-VJSNTGQMNA-N,-8.236
MMP13,c_HID119,mut_s1,detail,1,34,XLAHCIRKLMJUQC-DZQCGVKKNA-N,-8.77
MMP13,c_HID119,mut_s1,detail,1,35,QNYHDABGLCBJOE-SHHGZXMVNA-N,-9.575
MMP13,c_HID119,mut_s1,detail,1,36,HEKNRISBWSPMOG-OWTLIXCDNA-N,-6.548
MMP13,c_HID119,mut_s1,detail,1,37,VIRNXCRLEVZXNX-LILDFLRNNA-N,-10.117
MMP13,c_HID119,mut_s1,detail,1,38,SRTGERSEXJGDMR-UHFFFAOYNA-N,-6.694
MMP13,c_HID119,mut_s1,detail,1,39,ZGMGSSRLZJYOKH-WXRBYKJCNA-N,-7.32
MMP13,c_HID119,mut_s1,detail,1,40,VGYFDFRFGHHCDA-CUTUCBJDNA-N,-8.791
MMP13,c_HID119,mut_s1,detail,1,41,DILPMLYWQJPNLO-HCKMINDGNA-N,-8.584
MMP13,c_HID119,mut_s1,detail,1,42,RSOODJIGEVJLMK-LQFNOIFHNA-N,-8.788
MMP13,c_HID119,mut_s1,detail,1,43,OWHHWMUAYBIQPR-UHFFFAOYNA-N,-9.128
MMP13,c_HID119,mut_s1,detail,1,44,KPIKMVZJKZDOFC-UHFFFAOYNA-N,-9.327
MMP13,c_HID119,mut_s1,detail,1,45,DIKDKRUREJXLMR-DPMTXJEANA-N,-9.56
MMP13,c_HID119,mut_s1,detail,1,46,QRVJDPKQHAVBDK-UYBDAZJANA-N,-8.31
MMP13,c_HID119,mut_s1,detail,1,47,SGBSFKSDPWOALT-UYBDAZJANA-N,-9.3
MMP13,c_HID119,mut_s1,detail,1,48,CYHFRNFVZWVHCG-OTJKMEOQNA-N,-7.486
MMP13,c_HID119,mut_s1,detail,1,49,MJUDQDHXCQONOA-MPIMZMORNA-N,-7.799
MMP13,c_HID119,mut_s1,detail,1,50,RNVYRNLUUYNQAS-PKSOQXRJNA-N,-8.125
MMP13,c_HID119,mut_s1,detail,1,51,DLZXOZYETDVJEB-QWOVJGMINA-N,-6.466
MMP13,c_HID119,mut_s1,detail,1,52,HSICVZRDGBJSEL-GPQMBLKYNA-N,-7.973
MMP13,c_HID119,mut_s1,detail,1,53,HMRUHHFLIMYEAF-QNGOCPJXNA-N,-7.591
MMP13,c_HID119,mut_s1,detail,1,54,ZZOWQPSBJUXHCA-YSPRVCGUNA-N,-8.99
MMP13,c_HID119,mut_s1,detail,1,55,WDDJLHOUFWSQSV-UHFFFAOYNA-N,-9.16
MMP13,c_HID119,mut_s1,detail,1,56,UKLIIGXGTPSYBF-IBCWCQIKNA-N,-9.165
MMP13,c_HID119,mut_s1,detail,1,57,LNPOBRXJZYGQMS-MOHJPFBDNA-N,-8.139
MMP13,c_HID119,mut_s1,detail,1,58,FYILBFPPKIZBTO-UHFFFAOYNA-N,-7.632
MMP13,c_HID119,mut_s1,detail,1,59,MIKIJFODTJGFDI-LILDFLRNNA-N,-8.466
MMP13,c_HID119,mut_s1,detail,1,60,RUWCNSLWWCWTSU-LILDFLRNNA-N,-7.29
MMP13,c_HID119,mut_s1,detail,1,61,KLQWCHKIQJHYIB-UHFFFAOYNA-N,-9.377
MMP13,c_HID119,mut_s1,detail,1,62,QKAWGENQCGFAOE-NPVYFSBINA-N,-8.648
MMP13,c_HID119,mut_s1,detail,1,63,KGOKCBRZBBEYBE-MMRXBHCZNA-N,-9.176
MMP13,c_HID119,mut_s1,detail,1,64,ROFRXCLSWKEWTN-UHFFFAOYNA-N,-7.532
MMP13,c_HID119,mut_s1,detail,1,65,AKRMJNKLSCBEME-FPYGCLRLNA-N,-8.193
MMP13,c_HID119,mut_s1,detail,1,66,LCGJUJZLLYTYIF-XMFFZCEENA-N,-7.5
MMP13,c_HID119,mut_s1,detail,1,67,FREQNFSEYLEFOI-QRCVEOAVNA-N,-8.316
MMP13,c_HID119,mut_s1,detail,1,68,MHMINAYLMNBGSM-UHFFFAOYNA-N,-6.206
MMP13,c_HID119,mut_s1,detail,1,69,SYMNTBHEGHFZMV-UHFFFAOYNA-N,-7.241
MMP13,c_HID119,mut_s1,detail,1,70,NNCRWGMPCGSKOO-LILDFLRNNA-N,-8.069
MMP13,c_HID119,mut_s1,detail,1,71,ZCRRNCCNJMRGFI-UHFFFAOYNA-N,-9.809
MMP13,c_HID119,mut_s1,detail,1,72,PYVZEIBGEUQNQQ-UHFFFAOYNA-N,-8.35
MMP13,c_HID119,mut_s1,detail,1,73,OROJQWVRCGJACT-XBTAAFKLNA-N,-9.919
MMP13,c_HID119,mut_s1,detail,1,74,TXYUWXKCUDOUGU-JLGFQASFNA-N,-7.801
MMP13,c_HID119,mut_s1,detail,1,75,LAZANALODSEDSE-UHFFFAOYNA-N,-6.976
MMP13,c_HID119,mut_s1,detail,1,76,RJXCYVJLXGRCHK-UHFFFAOYNA-N,-9.181
MMP13,c_HID119,mut_s1,detail,1,77,FUSKIBWHJAWEFI-IEJAXPBYNA-N,-9.162
MMP13,c_HID119,mut_s1,detail,1,78,SGWVLOCBQLQWQV-UHFFFAOYNA-N,-9.388
MMP13,c_HID119,mut_s1,detail,1,79,PPXRQTYXLZCDAZ-QWOVJGMINA-N,-9.076
MMP13,c_HID119,mut_s1,detail,1,80,DIFBADFWLVYFHV-LELJVTLKNA-N,-9.081
MMP13,c_HID119,mut_s1,detail,1,81,XREOSEVJCQGCHE-MHPMNMKGNA-N,-8.549
MMP13,c_HID119,mut_s1,detail,1,82,ZHGPKHBXSKWZEQ-UHFFFAOYNA-N,-7.739
MMP13,c_HID119,mut_s1,detail,1,83,ZFAYPJJNPSNAFK-UHFFFAOYNA-N,-8.17
MMP13,c_HID119,mut_s1,detail,1,84,LTXMRAGWIDQTQT-MYUTVWBTNA-N,-10.167
MMP13,c_HID119,mut_s1,detail,1,85,VXQHYHSSGLOALC-SPEPDGBUNA-N,-10.669
MMP13,c_HID119,mut_s1,detail,1,86,KWDSFRAWCISROF-PJQSKVNONA-N,-8.939
MMP13,c_HID119,mut_s1,detail,1,87,ZJZXSQPHUQUHIV-ZGZFQTMPNA-N,-10.042
MMP13,c_HID119,mut_s1,detail,1,88,UYHIVPBYFWVWEJ-UHFFFAOYNA-N,-9.61
MMP13,c_HID119,mut_s1,detail,1,89,PLEFJSUCKRWHBY-LNNLXFCONA-N,-8.208
MMP13,c_HID119,mut_s1,detail,1,90,DNSRQCRQLKJUCC-PDJAEHLQNA-N,-8.579
MMP13,c_HID119,mut_s1,detail,1,91,PHYKZCBUNVYJNH-YDBXFXKPNA-N,-7.557
MMP13,c_HID119,mut_s1,detail,1,92,OOUHZBUAVKCDGA-UHFFFAOYNA-N,-8.818
MMP13,c_HID119,mut_s1,detail,1,93,UUQDFZFJDFMLHW-UHFFFAOYNA-N,-8.846
MMP13,c_HID119,mut_s1,detail,1,94,OOUDDHNLDLLUOL-SKKVRFOWNA-N,-9.316
MMP13,c_HID119,mut_s1,detail,1,95,ZDMQSUAMTLXUTE-MPIMZMORNA-N,-9.165
MMP13,c_HID119,mut_s1,detail,1,96,NMPLPABDEKPABN-UHFFFAOYNA-N,-9.194
MMP13,c_HID119,mut_s1,detail,1,97,INZRHGSVWGRHBM-NPVYFSBINA-N,-10.003
MMP13,c_HID119,mut_s1,detail,1,98,RVGCWMKVTAEQIH-LNNLXFCONA-N,-9.372
MMP13,c_HID119,mut_s1,detail,1,99,VRXWKRQOVMZBAF-LJQANCHMNA-N,-9.105
MMP13,c_HID119,mut_s1,detail,1,100,QACLWOIBBYOHQP-UYBDAZJANA-N,-8.866
MMP13,c_HID119,mut_s1,detail,1,101,ZNXSZVFPCBIELQ-LNNLXFCONA-N,-8.505
MMP13,c_HID119,mut_s1,detail,1,102,GKMWCCNMKRSQHR-VEKUMTKDNA-N,-8.31
MMP13,c_HID119,mut_s1,detail,1,103,FFGUSRSMWFYKGK-SKKVRFOWNA-N,-9.644
MMP13,c_HID119,mut_s1,detail,1,104,KXBDDGKXLZBLOM-SPEPDGBUNA-N,-8.388
MMP13,c_HID119,mut_s1,detail,1,105,MIUWULAZCXYTJW-MSHHZIMBNA-N,-10.445
MMP13,c_HID119,mut_s1,detail,1,106,JPZOYWVRFLZCIC-NJNXFGOHNA-N,-9.513
MMP13,c_HID119,mut_s1,detail,1,107,FAIQTLBYDVKBAB-DVIAZDKANA-N,-9.257
MMP13,c_HID119,mut_s1,detail,1,108,APFLRZZAOXCNAZ-UHFFFAOYNA-N,-8.677
MMP13,c_HID119,mut_s1,detail,1,109,BSQLDSQTGOZBFD-UHFFFAOYNA-N,-8.077
MMP13,c_HID119,mut_s1,detail,1,110,ZVVCFJXCDATSCC-UHFFFAOYNA-N,-10.147
MMP13,c_HID119,mut_s1,detail,1,111,SKEQTXZATFWVMB-UYBDAZJANA-N,-8.553
MMP13,c_HID119,mut_s1,detail,1,112,IATWYRHDJKMBQK-MPIMZMORNA-N,-8.662
MMP13,c_HID119,mut_s1,detail,1,113,JPWOEQDCUZCWKT-MPIMZMORNA-N,-8.044
MMP13,c_HID119,mut_s1,detail,1,114,RYHSAXRBHDHPPK-PKSOQXRJNA-N,-8.47
MMP13,c_HID119,mut_s1,detail,1,115,GKKJWUFVZJJFPG-MPIMZMORNA-N,-9.066
MMP13,c_HID119,mut_s1,detail,1,116,FDNZXFDUCINVLY-BDGWVKIONA-N,-8.254
MMP13,c_HID119,mut_s1,detail,1,117,KTBYKHKWIFIFAK-UHFFFAOYNA-N,-10.041
MMP13,c_HID119,mut_s1,detail,1,118,ZRXZEWGUECXTTQ-LQFNOIFHNA-N,-9.016
MMP13,c_HID119,mut_s1,detail,1,119,XNACBBGLIAJNJM-PECIQRARNA-N,-7.967
MMP13,c_HID119,mut_s1,detail,1,120,WQZYYJRVBIQUGH-YWZOXAELNA-N,-10.889
MMP13,c_HID119,mut_s1,detail,1,121,ABMSRNRLDZVJFV-SWUIVHNENA-N,-8.524
MMP13,c_HID119,mut_s1,detail,1,122,ZEACBIUBSOLEGW-QAITUMOCNA-N,-10.036
MMP13,c_HID119,mut_s1,detail,1,123,UBFCDXVLKFOOGL-OKPOJWAQNA-N,-9.42
MMP13,c_HID119,mut_s1,detail,1,124,RRIHVAFUFDANEX-NSJMMFDCNA-N,-7.591
MMP13,c_HID119,mut_s1,detail,1,125,HASIAUWPWKTSBW-SREBMQDQNA-N,-8.561
MMP13,c_HID119,mut_s1,detail,1,126,WHBCKYHTCHCHAY-LQFNOIFHNA-N,-8.35
MMP13,c_HID119,mut_s1,detail,1,127,XMAYWYJOQHXEEK-JYFHCDHNNA-N,-9.796
MMP13,c_HID119,mut_s1,detail,1,128,TVKCFCZANTZCSU-OYRHEFFENA-N,-9.91
MMP13,c_HID119,mut_s1,detail,1,129,OJFIIUWPOHBVMH-LNNLXFCONA-N,-7.855
MMP13,c_HID119,mut_s1,detail,1,130,DKLZMGFTGWKNCD-DIRLUKLVNA-N,-10.124
MMP13,c_HID119,mut_s1,detail,1,131,PYSLGWZFRQWTDD-PWIKPTQSNA-N,-10.769
MMP13,c_HID119,mut_s1,detail,1,132,MWMBIUUYBQWKJX-QTUCRYGENA-N,-8.094
MMP13,c_HID119,mut_s1,detail,1,133,FLYQFCXTEFTSQN-UHFFFAOYNA-N,-8.971
MMP13,c_HID119,mut_s1,detail,1,134,PBIBDSDWIMZYDT-WBWGZOKWNA-N,-8.769
MMP13,c_HID119,mut_s1,detail,1,135,GSRWMFGBDLHGBU-YEFLILRRNA-N,-7.392
MMP13,c_HID119,mut_s1,detail,1,136,AYIJJQHMZAEQKE-QDAGQJSJNA-N,-8.112
MMP13,c_HID119,mut_s1,detail,1,137,JVWTZUKPDMRNDC-FSAKADSPNA-N,-9.265
MMP13,c_HID119,mut_s1,detail,1,138,XAZPLOLSRXZDBO-LBZABMTDNA-N,-7.153
MMP13,c_HID119,mut_s1,detail,1,139,RGWVFJBNHCWCTL-CFEGKOCINA-N,-9.178
MMP13,c_HID119,mut_s1,detail,1,140,YYWNRQZCPIMCAK-UHFFFAOYNA-N,-10.632
MMP13,c_HID119,mut_s1,detail,1,141,PBTZDKNKXRSZPM-XBXBPLPCNA-N,-9.879
MMP13,c_HID119,mut_s1,detail,1,142,QQPOIMHFFPBDQM-LELJVTLKNA-N,-9.901
MMP13,c_HID119,mut_s1,detail,1,143,NYFQURFFDGCBCB-MAQJPOOANA-N,-8.511
MMP13,c_HID119,mut_s1,detail,1,144,HXZVHWHABLBWBS-MTTPVDACNA-N,-10.736
MMP13,c_HID119,mut_s1,detail,1,145,IWYYSOJWYLZKLK-LELJVTLKNA-N,-8.899
MMP13,c_HID119,mut_s1,detail,1,146,HOGUCNPGZXMBGW-UHFFFAOYNA-N,-9.343
MMP13,c_HID119,mut_s1,detail,1,147,VITUDJAVASFPKN-DUFUIDNCNA-N,-9.938
MMP13,c_HID119,mut_s1,detail,1,148,IXAHDCRYEUYPBG-SCXYCHFONA-N,-9.991
MMP13,c_HID119,mut_s1,detail,1,149,JWHMEKMLAZQDNS-OZMOGHDGNA-N,-9.122
MMP13,c_HID119,mut_s1,detail,1,150,BZWNBTIJLRHNDZ-LBOYIXSDNA-N,-8.531
MMP13,c_HID119,mut_s1,detail,1,151,RECYROBESYRUML-UHFFFAOYNA-N,-8.96
MMP13,c_HID119,mut_s1,detail,1,152,MLDSJJJLQRZNKW-UHBIVWOUNA-N,-10.236
MMP13,c_HID119,mut_s1,detail,1,153,XTWIHJARHCYNFX-PHXLCVRDNA-N,-9.061
MMP13,c_HID119,mut_s1,detail,1,154,UQGFETVWTRDGKJ-UHFFFAOYNA-N,-8.13
MMP13,c_HID119,mut_s1,detail,1,155,VJFSMDWEMFOWDK-CYSPOYASNA-N,-10.768
MMP13,c_HID119,mut_s1,detail,1,156,NZYLXYBIWNIAGH-CYSPOYASNA-N,-10.414
MMP13,c_HID119,mut_s1,detail,1,157,ODXCWFOKLBJQNP-MPIMZMORNA-N,-8.58
MMP13,c_HID119,mut_s1,detail,1,158,FVDNMAPPDSKXKQ-UHFFFAOYNA-N,-10.882
MMP13,c_HID119,mut_s1,detail,1,159,DOPWMPRIRWTOOD-CCHPKIMANA-N,-9.235
MMP13,c_GLU120,mut_s1,detail,1,0,URVMSYHISUZXNH-UYBDAZJANA-N,-9.217
MMP13,c_GLU120,mut_s1,detail,1,1,KXRPCFINVWWFHQ-UHFFFAOYNA-N,-5.046
MMP13,c_GLU120,mut_s1,detail,1,2,NICJTSHRYBTHAS-YHMJCDSINA-N,-7.655
MMP13,c_GLU120,mut_s1,detail,1,3,SWRZVDTZHDWPDS-AWIDAIFANA-N,-9.972
MMP13,c_GLU120,mut_s1,detail,1,4,RKNSLLSUFWWYCA-UHFFFAOYNA-N,-8.666
MMP13,c_GLU120,mut_s1,detail,1,5,OZFSIKFTRRUDES-RIYZIHGNNA-N,-7.121
MMP13,c_GLU120,mut_s1,detail,1,6,AAGGUCRASUJPPN-UHFFFAOYNA-N,-8.245
MMP13,c_GLU120,mut_s1,detail,1,7,OYHXDPMAFYHDNG-YAQRNVERNA-N,-8.215
MMP13,c_GLU120,mut_s1,detail,1,8,AWILWAIEQYZUEQ-UHFFFAOYNA-N,-7.259
MMP13,c_GLU120,mut_s1,detail,1,9,WSFAXHLMQUUHQT-VMPITWQZNA-N,-8.388
MMP13,c_GLU120,mut_s1,detail,1,10,WPHMTVNOXKBZKN-UHFFFAOYNA-N,-7.695
MMP13,c_GLU120,mut_s1,detail,1,11,LPEIZNODGHDCCW-UHFFFAOYNA-N,-7.084
MMP13,c_GLU120,mut_s1,detail,1,12,QQHWWDVSRWOHEP-LILDFLRNNA-N,-8.08
MMP13,c_GLU120,mut_s1,detail,1,13,UMEVSSPGBFVQNC-UHFFFAOYNA-N,-7.187
MMP13,c_GLU120,mut_s1,detail,1,14,VZDIOEKWWZRNQN-UHFFFAOYNA-N,-8.982
MMP13,c_GLU120,mut_s1,detail,1,15,JEVLDOUORFAHRS-NDKGDYFDNA-N,-8.585
MMP13,c_GLU120,mut_s1,detail,1,16,NFTGJNJRMWUBPG-GPQMBLKYNA-N,-7.834
MMP13,c_GLU120,mut_s1,detail,1,17,UMUUTEZBWGDVDA-UHFFFAOYNA-N,-7.823
MMP13,c_GLU120,mut_s1,detail,1,18,VLQKEPLNPGYNDJ-HCKMINDGNA-N,-8.828
MMP13,c_GLU120,mut_s1,detail,1,19,PPMVTAATPZLMJM-CDDDEJBQNA-N,-7.526
MMP13,c_GLU120,mut_s1,detail,1,20,AHLYFAKLKLMESK-YAQRNVERNA-N,-7.862
MMP13,c_GLU120,mut_s1,detail,1,21,GYEJYLAGVWRSIM-KGJHZMDYNA-N,-8.077
MMP13,c_GLU120,mut_s1,detail,1,22,RXVALSLAUOIYLW-UHFFFAOYNA-N,-6.878
MMP13,c_GLU120,mut_s1,detail,1,23,NSELYIFATLFDOZ-JLGFQASFNA-N,-8.335
MMP13,c_GLU120,mut_s1,detail,1,24,COQFBYACOHFCEC-UHFFFAOYNA-N,-7.321
MMP13,c_GLU120,mut_s1,detail,1,25,CJGJXFCLDYQBFQ-YJGXKCCXNA-N,-9.538
MMP13,c_GLU120,mut_s1,detail,1,26,BWNGRRJLFYHENY-INIZCTEONA-N,-8.034
MMP13,c_GLU120,mut_s1,detail,1,27,BNRFXWSJKVJVOF-UYBDAZJANA-N,-8.648
MMP13,c_GLU120,mut_s1,detail,1,28,DMULMZBZVBBWBY-PJZINPJWNA-N,-10.215
MMP13,c_GLU120,mut_s1,detail,1,29,AXLAIGJGNKHDPO-UHFFFAOYNA-N,-6.281
MMP13,c_GLU120,mut_s1,detail,1,30,RKDGAONZEPYEBT-WXRBYKJCNA-N,-6.926
MMP13,c_GLU120,mut_s1,detail,1,31,MBOYDUZSCSNUQL-MBBDSNKKNA-N,-8.64
MMP13,c_GLU120,mut_s1,detail,1,32,KPVDBHRTXOFQDK-YAQRNVERNA-N,-7.657
MMP13,c_GLU120,mut_s1,detail,1,33,LVCNFMYUKISBSB-VJSNTGQMNA-N,-8.587
MMP13,c_GLU120,mut_s1,detail,1,34,XLAHCIRKLMJUQC-DZQCGVKKNA-N,-9.177
MMP13,c_GLU120,mut_s1,detail,1,35,QNYHDABGLCBJOE-SHHGZXMVNA-N,-10.19
MMP13,c_GLU120,mut_s1,detail,1,36,HEKNRISBWSPMOG-OWTLIXCDNA-N,-6.649
MMP13,c_GLU120,mut_s1,detail,1,37,VIRNXCRLEVZXNX-LILDFLRNNA-N,-10.679
MMP13,c_GLU120,mut_s1,detail,1,38,SRTGERSEXJGDMR-UHFFFAOYNA-N,-7.211
MMP13,c_GLU120,mut_s1,detail,1,39,ZGMGSSRLZJYOKH-WXRBYKJCNA-N,-7.441
MMP13,c_GLU120,mut_s1,detail,1,40,VGYFDFRFGHHCDA-CUTUCBJDNA-N,-8.562
MMP13,c_GLU120,mut_s1,detail,1,41,DILPMLYWQJPNLO-HCKMINDGNA-N,-8.248
MMP13,c_GLU120,mut_s1,detail,1,42,RSOODJIGEVJLMK-LQFNOIFHNA-N,-9.307
MMP13,c_GLU120,mut_s1,detail,1,43,OWHHWMUAYBIQPR-UHFFFAOYNA-N,-9.115
MMP13,c_GLU120,mut_s1,detail,1,44,KPIKMVZJKZDOFC-UHFFFAOYNA-N,-9.604
MMP13,c_GLU120,mut_s1,detail,1,45,DIKDKRUREJXLMR-DPMTXJEANA-N,-10.333
MMP13,c_GLU120,mut_s1,detail,1,46,QRVJDPKQHAVBDK-UYBDAZJANA-N,-9.008
MMP13,c_GLU120,mut_s1,detail,1,47,SGBSFKSDPWOALT-UYBDAZJANA-N,-9.489
MMP13,c_GLU120,mut_s1,detail,1,48,CYHFRNFVZWVHCG-OTJKMEOQNA-N,-7.432
MMP13,c_GLU120,mut_s1,detail,1,49,MJUDQDHXCQONOA-MPIMZMORNA-N,-8.031
MMP13,c_GLU120,mut_s1,detail,1,50,RNVYRNLUUYNQAS-PKSOQXRJNA-N,-7.818
MMP13,c_GLU120,mut_s1,detail,1,51,DLZXOZYETDVJEB-QWOVJGMINA-N,-6.828
MMP13,c_GLU120,mut_s1,detail,1,52,HSICVZRDGBJSEL-GPQMBLKYNA-N,-8.355
MMP13,c_GLU120,mut_s1,detail,1,53,HMRUHHFLIMYEAF-QNGOCPJXNA-N,-7.447
MMP13,c_GLU120,mut_s1,detail,1,54,ZZOWQPSBJUXHCA-YSPRVCGUNA-N,-9.384
MMP13,c_GLU120,mut_s1,detail,1,55,WDDJLHOUFWSQSV-UHFFFAOYNA-N,-9.171
MMP13,c_GLU120,mut_s1,detail,1,56,UKLIIGXGTPSYBF-IBCWCQIKNA-N,-9.506
MMP13,c_GLU120,mut_s1,detail,1,57,LNPOBRXJZYGQMS-MOHJPFBDNA-N,-8.587
MMP13,c_GLU120,mut_s1,detail,1,58,FYILBFPPKIZBTO-UHFFFAOYNA-N,-7.939
MMP13,c_GLU120,mut_s1,detail,1,59,MIKIJFODTJGFDI-LILDFLRNNA-N,-8.681
MMP13,c_GLU120,mut_s1,detail,1,60,RUWCNSLWWCWTSU-LILDFLRNNA-N,-8.912
MMP13,c_GLU120,mut_s1,detail,1,61,KLQWCHKIQJHYIB-UHFFFAOYNA-N,-9.649
MMP13,c_GLU120,mut_s1,detail,1,62,QKAWGENQCGFAOE-NPVYFSBINA-N,-8.096
MMP13,c_GLU120,mut_s1,detail,1,63,KGOKCBRZBBEYBE-MMRXBHCZNA-N,-9.6
MMP13,c_GLU120,mut_s1,detail,1,64,ROFRXCLSWKEWTN-UHFFFAOYNA-N,-8.391
MMP13,c_GLU120,mut_s1,detail,1,65,AKRMJNKLSCBEME-FPYGCLRLNA-N,-8.222
MMP13,c_GLU120,mut_s1,detail,1,66,LCGJUJZLLYTYIF-XMFFZCEENA-N,-8.721
MMP13,c_GLU120,mut_s1,detail,1,67,FREQNFSEYLEFOI-QRCVEOAVNA-N,-8.577
MMP13,c_GLU120,mut_s1,detail,1,68,MHMINAYLMNBGSM-UHFFFAOYNA-N,-6.413
MMP13,c_GLU120,mut_s1,detail,1,69,SYMNTBHEGHFZMV-UHFFFAOYNA-N,-8.036
MMP13,c_GLU120,mut_s1,detail,1,70,NNCRWGMPCGSKOO-LILDFLRNNA-N,-8.149
MMP13,c_GLU120,mut_s1,detail,1,71,ZCRRNCCNJMRGFI-UHFFFAOYNA-N,-9.789
MMP13,c_GLU120,mut_s1,detail,1,72,PYVZEIBGEUQNQQ-UHFFFAOYNA-N,-9.525
MMP13,c_GLU120,mut_s1,detail,1,73,OROJQWVRCGJACT-XBTAAFKLNA-N,-10.38
MMP13,c_GLU120,mut_s1,detail,1,74,TXYUWXKCUDOUGU-JLGFQASFNA-N,-7.358
MMP13,c_GLU120,mut_s1,detail,1,75,LAZANALODSEDSE-UHFFFAOYNA-N,-8.218
MMP13,c_GLU120,mut_s1,detail,1,76,RJXCYVJLXGRCHK-UHFFFAOYNA-N,-9.326
MMP13,c_GLU120,mut_s1,detail,1,77,FUSKIBWHJAWEFI-IEJAXPBYNA-N,-9.488
MMP13,c_GLU120,mut_s1,detail,1,78,SGWVLOCBQLQWQV-UHFFFAOYNA-N,-9.832
MMP13,c_GLU120,mut_s1,detail,1,79,PPXRQTYXLZCDAZ-QWOVJGMINA-N,-9.175
MMP13,c_GLU120,mut_s1,detail,1,80,DIFBADFWLVYFHV-LELJVTLKNA-N,-9.032
MMP13,c_GLU120,mut_s1,detail,1,81,XREOSEVJCQGCHE-MHPMNMKGNA-N,-8.272
MMP13,c_GLU120,mut_s1,detail,1,82,ZHGPKHBXSKWZEQ-UHFFFAOYNA-N,-8.008
MMP13,c_GLU120,mut_s1,detail,1,83,ZFAYPJJNPSNAFK-UHFFFAOYNA-N,-8.023
MMP13,c_GLU120,mut_s1,detail,1,84,LTXMRAGWIDQTQT-MYUTVWBTNA-N,-10.391
MMP13,c_GLU120,mut_s1,detail,1,85,VXQHYHSSGLOALC-SPEPDGBUNA-N,-11.68
MMP13,c_GLU120,mut_s1,detail,1,86,KWDSFRAWCISROF-PJQSKVNONA-N,-9.946
MMP13,c_GLU120,mut_s1,detail,1,87,ZJZXSQPHUQUHIV-ZGZFQTMPNA-N,-9.615
MMP13,c_GLU120,mut_s1,detail,1,88,UYHIVPBYFWVWEJ-UHFFFAOYNA-N,-9.796
MMP13,c_GLU120,mut_s1,detail,1,89,PLEFJSUCKRWHBY-LNNLXFCONA-N,-9.649
MMP13,c_GLU120,mut_s1,detail,1,90,DNSRQCRQLKJUCC-PDJAEHLQNA-N,-7.137
MMP13,c_GLU120,mut_s1,detail,1,91,PHYKZCBUNVYJNH-YDBXFXKPNA-N,-7.732
MMP13,c_GLU120,mut_s1,detail,1,92,OOUHZBUAVKCDGA-UHFFFAOYNA-N,-7.83
MMP13,c_GLU120,mut_s1,detail,1,93,UUQDFZFJDFMLHW-UHFFFAOYNA-N,-9.21
MMP13,c_GLU120,mut_s1,detail,1,94,OOUDDHNLDLLUOL-SKKVRFOWNA-N,-9.65
MMP13,c_GLU120,mut_s1,detail,1,95,ZDMQSUAMTLXUTE-MPIMZMORNA-N,-8.416
MMP13,c_GLU120,mut_s1,detail,1,96,NMPLPABDEKPABN-UHFFFAOYNA-N,-9.437
MMP13,c_GLU120,mut_s1,detail,1,97,INZRHGSVWGRHBM-NPVYFSBINA-N,-10.105
MMP13,c_GLU120,mut_s1,detail,1,98,RVGCWMKVTAEQIH-LNNLXFCONA-N,-9.687
MMP13,c_GLU120,mut_s1,detail,1,99,VRXWKRQOVMZBAF-LJQANCHMNA-N,-8.427
MMP13,c_GLU120,mut_s1,detail,1,100,QACLWOIBBYOHQP-UYBDAZJANA-N,-7.954
MMP13,c_GLU120,mut_s1,detail,1,101,ZNXSZVFPCBIELQ-LNNLXFCONA-N,-8.516
MMP13,c_GLU120,mut_s1,detail,1,102,GKMWCCNMKRSQHR-VEKUMTKDNA-N,-8.687
MMP13,c_GLU120,mut_s1,detail,1,103,FFGUSRSMWFYKGK-SKKVRFOWNA-N,-10.584
MMP13,c_GLU120,mut_s1,detail,1,104,KXBDDGKXLZBLOM-SPEPDGBUNA-N,-8.003
MMP13,c_GLU120,mut_s1,detail,1,105,MIUWULAZCXYTJW-MSHHZIMBNA-N,-10.679
MMP13,c_GLU120,mut_s1,detail,1,106,JPZOYWVRFLZCIC-NJNXFGOHNA-N,-9.791
MMP13,c_GLU120,mut_s1,detail,1,107,FAIQTLBYDVKBAB-DVIAZDKANA-N,-9.714
MMP13,c_GLU120,mut_s1,detail,1,108,APFLRZZAOXCNAZ-UHFFFAOYNA-N,-8.657
MMP13,c_GLU120,mut_s1,detail,1,109,BSQLDSQTGOZBFD-UHFFFAOYNA-N,-8.116
MMP13,c_GLU120,mut_s1,detail,1,110,ZVVCFJXCDATSCC-UHFFFAOYNA-N,-10.254
MMP13,c_GLU120,mut_s1,detail,1,111,SKEQTXZATFWVMB-UYBDAZJANA-N,-8.96
MMP13,c_GLU120,mut_s1,detail,1,112,IATWYRHDJKMBQK-MPIMZMORNA-N,-8.351
MMP13,c_GLU120,mut_s1,detail,1,113,JPWOEQDCUZCWKT-MPIMZMORNA-N,-7.917
MMP13,c_GLU120,mut_s1,detail,1,114,RYHSAXRBHDHPPK-PKSOQXRJNA-N,-7.989
MMP13,c_GLU120,mut_s1,detail,1,115,GKKJWUFVZJJFPG-MPIMZMORNA-N,-9.718
MMP13,c_GLU120,mut_s1,detail,1,116,FDNZXFDUCINVLY-BDGWVKIONA-N,-8.402
MMP13,c_GLU120,mut_s1,detail,1,117,KTBYKHKWIFIFAK-UHFFFAOYNA-N,-10.328
MMP13,c_GLU120,mut_s1,detail,1,118,ZRXZEWGUECXTTQ-LQFNOIFHNA-N,-10.006
MMP13,c_GLU120,mut_s1,detail,1,119,XNACBBGLIAJNJM-PECIQRARNA-N,-8.159
MMP13,c_GLU120,mut_s1,detail,1,120,WQZYYJRVBIQUGH-YWZOXAELNA-N,-10.489
MMP13,c_GLU120,mut_s1,detail,1,121,ABMSRNRLDZVJFV-SWUIVHNENA-N,-8.675
MMP13,c_GLU120,mut_s1,detail,1,122,ZEACBIUBSOLEGW-QAITUMOCNA-N,-10.366
MMP13,c_GLU120,mut_s1,detail,1,123,UBFCDXVLKFOOGL-OKPOJWAQNA-N,-9.428
MMP13,c_GLU120,mut_s1,detail,1,124,RRIHVAFUFDANEX-NSJMMFDCNA-N,-8.115
MMP13,c_GLU120,mut_s1,detail,1,125,HASIAUWPWKTSBW-SREBMQDQNA-N,-8.439
MMP13,c_GLU120,mut_s1,detail,1,126,WHBCKYHTCHCHAY-LQFNOIFHNA-N,-9.561
MMP13,c_GLU120,mut_s1,detail,1,127,XMAYWYJOQHXEEK-JYFHCDHNNA-N,-10.325
MMP13,c_GLU120,mut_s1,detail,1,128,TVKCFCZANTZCSU-OYRHEFFENA-N,-10.278
MMP13,c_GLU120,mut_s1,detail,1,129,OJFIIUWPOHBVMH-LNNLXFCONA-N,-8.332
MMP13,c_GLU120,mut_s1,detail,1,130,DKLZMGFTGWKNCD-DIRLUKLVNA-N,-10.57
MMP13,c_GLU120,mut_s1,detail,1,131,PYSLGWZFRQWTDD-PWIKPTQSNA-N,-10.358
MMP13,c_GLU120,mut_s1,detail,1,132,MWMBIUUYBQWKJX-QTUCRYGENA-N,-8.129
MMP13,c_GLU120,mut_s1,detail,1,133,FLYQFCXTEFTSQN-UHFFFAOYNA-N,-9.56
MMP13,c_GLU120,mut_s1,detail,1,134,PBIBDSDWIMZYDT-WBWGZOKWNA-N,-9.452
MMP13,c_GLU120,mut_s1,detail,1,135,GSRWMFGBDLHGBU-YEFLILRRNA-N,-8.452
MMP13,c_GLU120,mut_s1,detail,1,136,AYIJJQHMZAEQKE-QDAGQJSJNA-N,-8.101
MMP13,c_GLU120,mut_s1,detail,1,137,JVWTZUKPDMRNDC-FSAKADSPNA-N,-9.811
MMP13,c_GLU120,mut_s1,detail,1,138,XAZPLOLSRXZDBO-LBZABMTDNA-N,-7.467
MMP13,c_GLU120,mut_s1,detail,1,139,RGWVFJBNHCWCTL-CFEGKOCINA-N,-9.828
MMP13,c_GLU120,mut_s1,detail,1,140,YYWNRQZCPIMCAK-UHFFFAOYNA-N,-10.531
MMP13,c_GLU120,mut_s1,detail,1,141,PBTZDKNKXRSZPM-XBXBPLPCNA-N,-10.118
MMP13,c_GLU120,mut_s1,detail,1,142,QQPOIMHFFPBDQM-LELJVTLKNA-N,-10.535
MMP13,c_GLU120,mut_s1,detail,1,143,NYFQURFFDGCBCB-MAQJPOOANA-N,-9.358
MMP13,c_GLU120,mut_s1,detail,1,144,HXZVHWHABLBWBS-MTTPVDACNA-N,-10.565
MMP13,c_GLU120,mut_s1,detail,1,145,IWYYSOJWYLZKLK-LELJVTLKNA-N,-8.068
MMP13,c_GLU120,mut_s1,detail,1,146,HOGUCNPGZXMBGW-UHFFFAOYNA-N,-9.556
MMP13,c_GLU120,mut_s1,detail,1,147,VITUDJAVASFPKN-DUFUIDNCNA-N,-9.745
MMP13,c_GLU120,mut_s1,detail,1,148,IXAHDCRYEUYPBG-SCXYCHFONA-N,-10.413
MMP13,c_GLU120,mut_s1,detail,1,149,JWHMEKMLAZQDNS-OZMOGHDGNA-N,-8.981
MMP13,c_GLU120,mut_s1,detail,1,150,BZWNBTIJLRHNDZ-LBOYIXSDNA-N,-8.656
MMP13,c_GLU120,mut_s1,detail,1,151,RECYROBESYRUML-UHFFFAOYNA-N,-9.064
MMP13,c_GLU120,mut_s1,detail,1,152,MLDSJJJLQRZNKW-UHBIVWOUNA-N,-10.477
MMP13,c_GLU120,mut_s1,detail,1,153,XTWIHJARHCYNFX-PHXLCVRDNA-N,-9.274
MMP13,c_GLU120,mut_s1,detail,1,154,UQGFETVWTRDGKJ-UHFFFAOYNA-N,-8.111
MMP13,c_GLU120,mut_s1,detail,1,155,VJFSMDWEMFOWDK-CYSPOYASNA-N,-11.199
MMP13,c_GLU120,mut_s1,detail,1,156,NZYLXYBIWNIAGH-CYSPOYASNA-N,-11.252
MMP13,c_GLU120,mut_s1,detail,1,157,ODXCWFOKLBJQNP-MPIMZMORNA-N,-8.74
MMP13,c_GLU120,mut_s1,detail,1,158,FVDNMAPPDSKXKQ-UHFFFAOYNA-N,-11.318
MMP13,c_GLU120,mut_s1,detail,1,159,DOPWMPRIRWTOOD-CCHPKIMANA-N,-9.433
MMP13,c_HID129,mut_s1,detail,1,0,URVMSYHISUZXNH-UYBDAZJANA-N,-9.269
MMP13,c_HID129,mut_s1,detail,1,1,KXRPCFINVWWFHQ-UHFFFAOYNA-N,-4.881
MMP13,c_HID129,mut_s1,detail,1,2,NICJTSHRYBTHAS-YHMJCDSINA-N,-7.609
MMP13,c_HID129,mut_s1,detail,1,3,SWRZVDTZHDWPDS-AWIDAIFANA-N,-10.005
MMP13,c_HID129,mut_s1,detail,1,4,RKNSLLSUFWWYCA-UHFFFAOYNA-N,-8.731
MMP13,c_HID129,mut_s1,detail,1,5,OZFSIKFTRRUDES-RIYZIHGNNA-N,-7.136
MMP13,c_HID129,mut_s1,detail,1,6,AAGGUCRASUJPPN-UHFFFAOYNA-N,-8.637
MMP13,c_HID129,mut_s1,detail,1,7,OYHXDPMAFYHDNG-YAQRNVERNA-N,-8.13
MMP13,c_HID129,mut_s1,detail,1,8,AWILWAIEQYZUEQ-UHFFFAOYNA-N,-7.561
MMP13,c_HID129,mut_s1,detail,1,9,WSFAXHLMQUUHQT-VMPITWQZNA-N,-8.46
MMP13,c_HID129,mut_s1,detail,1,10,WPHMTVNOXKBZKN-UHFFFAOYNA-N,-7.78
MMP13,c_HID129,mut_s1,detail,1,11,LPEIZNODGHDCCW-UHFFFAOYNA-N,-7.034
MMP13,c_HID129,mut_s1,detail,1,12,QQHWWDVSRWOHEP-LILDFLRNNA-N,-7.893
MMP13,c_HID129,mut_s1,detail,1,13,UMEVSSPGBFVQNC-UHFFFAOYNA-N,-7.225
MMP13,c_HID129,mut_s1,detail,1,14,VZDIOEKWWZRNQN-UHFFFAOYNA-N,-9.24
MMP13,c_HID129,mut_s1,detail,1,15,JEVLDOUORFAHRS-NDKGDYFDNA-N,-7.532
MMP13,c_HID129,mut_s1,detail,1,16,NFTGJNJRMWUBPG-GPQMBLKYNA-N,-8.073
MMP13,c_HID129,mut_s1,detail,1,17,UMUUTEZBWGDVDA-UHFFFAOYNA-N,-7.862
MMP13,c_HID129,mut_s1,detail,1,18,VLQKEPLNPGYNDJ-HCKMINDGNA-N,-8.539
MMP13,c_HID129,mut_s1,detail,1,19,PPMVTAATPZLMJM-CDDDEJBQNA-N,-7.868
MMP13,c_HID129,mut_s1,detail,1,20,AHLYFAKLKLMESK-YAQRNVERNA-N,-8.289
MMP13,c_HID129,mut_s1,detail,1,21,GYEJYLAGVWRSIM-KGJHZMDYNA-N,-7.592
MMP13,c_HID129,mut_s1,detail,1,22,RXVALSLAUOIYLW-UHFFFAOYNA-N,-6.814
MMP13,c_HID129,mut_s1,detail,1,23,NSELYIFATLFDOZ-JLGFQASFNA-N,-8.192
MMP13,c_HID129,mut_s1,detail,1,24,COQFBYACOHFCEC-UHFFFAOYNA-N,-7.353
MMP13,c_HID129,mut_s1,detail,1,25,CJGJXFCLDYQBFQ-YJGXKCCXNA-N,-9.607
MMP13,c_HID129,mut_s1,detail,1,26,BWNGRRJLFYHENY-INIZCTEONA-N,-7.639
MMP13,c_HID129,mut_s1,detail,1,27,BNRFXWSJKVJVOF-UYBDAZJANA-N,-9.658
MMP13,c_HID129,mut_s1,detail,1,28,DMULMZBZVBBWBY-PJZINPJWNA-N,-10.399
MMP13,c_HID129,mut_s1,detail,1,29,AXLAIGJGNKHDPO-UHFFFAOYNA-N,-6.139
MMP13,c_HID129,mut_s1,detail,1,30,RKDGAONZEPYEBT-WXRBYKJCNA-N,-6.904
MMP13,c_HID129,mut_s1,detail,1,31,MBOYDUZSCSNUQL-MBBDSNKKNA-N,-8.799
MMP13,c_HID129,mut_s1,detail,1,32,KPVDBHRTXOFQDK-YAQRNVERNA-N,-7.604
MMP13,c_HID129,mut_s1,detail,1,33,LVCNFMYUKISBSB-VJSNTGQMNA-N,-8.862
MMP13,c_HID129,mut_s1,detail,1,34,XLAHCIRKLMJUQC-DZQCGVKKNA-N,-9.173
MMP13,c_HID129,mut_s1,detail,1,35,QNYHDABGLCBJOE-SHHGZXMVNA-N,-9.412
MMP13,c_HID129,mut_s1,detail,1,36,HEKNRISBWSPMOG-OWTLIXCDNA-N,-6.197
MMP13,c_HID129,mut_s1,detail,1,37,VIRNXCRLEVZXNX-LILDFLRNNA-N,-10.645
MMP13,c_HID129,mut_s1,detail,1,38,SRTGERSEXJGDMR-UHFFFAOYNA-N,-6.912
MMP13,c_HID129,mut_s1,detail,1,39,ZGMGSSRLZJYOKH-WXRBYKJCNA-N,-7.498
MMP13,c_HID129,mut_s1,detail,1,40,VGYFDFRFGHHCDA-CUTUCBJDNA-N,-8.809
MMP13,c_HID129,mut_s1,detail,1,41,DILPMLYWQJPNLO-HCKMINDGNA-N,-8.578
MMP13,c_HID129,mut_s1,detail,1,42,RSOODJIGEVJLMK-LQFNOIFHNA-N,-8.917
MMP13,c_HID129,mut_s1,detail,1,43,OWHHWMUAYBIQPR-UHFFFAOYNA-N,-9.208
MMP13,c_HID129,mut_s1,detail,1,44,KPIKMVZJKZDOFC-UHFFFAOYNA-N,-9.498
MMP13,c_HID129,mut_s1,detail,1,45,DIKDKRUREJXLMR-DPMTXJEANA-N,-9.972
MMP13,c_HID129,mut_s1,detail,1,46,QRVJDPKQHAVBDK-UYBDAZJANA-N,-8.139
MMP13,c_HID129,mut_s1,detail,1,47,SGBSFKSDPWOALT-UYBDAZJANA-N,-9.627
MMP13,c_HID129,mut_s1,detail,1,48,CYHFRNFVZWVHCG-OTJKMEOQNA-N,-7.364
MMP13,c_HID129,mut_s1,detail,1,49,MJUDQDHXCQONOA-MPIMZMORNA-N,-8.086
MMP13,c_HID129,mut_s1,detail,1,50,RNVYRNLUUYNQAS-PKSOQXRJNA-N,-7.863
MMP13,c_HID129,mut_s1,detail,1,51,DLZXOZYETDVJEB-QWOVJGMINA-N,-6.751
MMP13,c_HID129,mut_s1,detail,1,52,HSICVZRDGBJSEL-GPQMBLKYNA-N,-7.958
MMP13,c_HID129,mut_s1,detail,1,53,HMRUHHFLIMYEAF-QNGOCPJXNA-N,-7.813
MMP13,c_HID129,mut_s1,detail,1,54,ZZOWQPSBJUXHCA-YSPRVCGUNA-N,-9.504
MMP13,c_HID129,mut_s1,detail,1,55,WDDJLHOUFWSQSV-UHFFFAOYNA-N,-9.224
MMP13,c_HID129,mut_s1,detail,1,56,UKLIIGXGTPSYBF-IBCWCQIKNA-N,-9.452
MMP13,c_HID129,mut_s1,detail,1,57,LNPOBRXJZYGQMS-MOHJPFBDNA-N,-8.51
MMP13,c_HID129,mut_s1,detail,1,58,FYILBFPPKIZBTO-UHFFFAOYNA-N,-8.268
MMP13,c_HID129,mut_s1,detail,1,59,MIKIJFODTJGFDI-LILDFLRNNA-N,-8.952
MMP13,c_HID129,mut_s1,detail,1,60,RUWCNSLWWCWTSU-LILDFLRNNA-N,-7.542
MMP13,c_HID129,mut_s1,detail,1,61,KLQWCHKIQJHYIB-UHFFFAOYNA-N,-9.03
MMP13,c_HID129,mut_s1,detail,1,62,QKAWGENQCGFAOE-NPVYFSBINA-N,-8.716
MMP13,c_HID129,mut_s1,detail,1,63,KGOKCBRZBBEYBE-MMRXBHCZNA-N,-9.154
MMP13,c_HID129,mut_s1,detail,1,64,ROFRXCLSWKEWTN-UHFFFAOYNA-N,-7.783
MMP13,c_HID129,mut_s1,detail,1,65,AKRMJNKLSCBEME-FPYGCLRLNA-N,-8.398
MMP13,c_HID129,mut_s1,detail,1,66,LCGJUJZLLYTYIF-XMFFZCEENA-N,-8.051
MMP13,c_HID129,mut_s1,detail,1,67,FREQNFSEYLEFOI-QRCVEOAVNA-N,-8.412
MMP13,c_HID129,mut_s1,detail,1,68,MHMINAYLMNBGSM-UHFFFAOYNA-N,-6.192
MMP13,c_HID129,mut_s1,detail,1,69,SYMNTBHEGHFZMV-UHFFFAOYNA-N,-7.382
MMP13,c_HID129,mut_s1,detail,1,70,NNCRWGMPCGSKOO-LILDFLRNNA-N,-7.659
MMP13,c_HID129,mut_s1,detail,1,71,ZCRRNCCNJMRGFI-UHFFFAOYNA-N,-9.426
MMP13,c_HID129,mut_s1,detail,1,72,PYVZEIBGEUQNQQ-UHFFFAOYNA-N,-8.411
MMP13,c_HID129,mut_s1,detail,1,73,OROJQWVRCGJACT-XBTAAFKLNA-N,-10.502
MMP13,c_HID129,mut_s1,detail,1,74,TXYUWXKCUDOUGU-JLGFQASFNA-N,-7.653
MMP13,c_HID129,mut_s1,detail,1,75,LAZANALODSEDSE-UHFFFAOYNA-N,-6.9
MMP13,c_HID129,mut_s1,detail,1,76,RJXCYVJLXGRCHK-UHFFFAOYNA-N,-9.269
MMP13,c_HID129,mut_s1,detail,1,77,FUSKIBWHJAWEFI-IEJAXPBYNA-N,-9.377
MMP13,c_HID129,mut_s1,detail,1,78,SGWVLOCBQLQWQV-UHFFFAOYNA-N,-9.955
MMP13,c_HID129,mut_s1,detail,1,79,PPXRQTYXLZCDAZ-QWOVJGMINA-N,-9.369
MMP13,c_HID129,mut_s1,detail,1,80,DIFBADFWLVYFHV-LELJVTLKNA-N,-8.649
MMP13,c_HID129,mut_s1,detail,1,81,XREOSEVJCQGCHE-MHPMNMKGNA-N,-8.851
MMP13,c_HID129,mut_s1,detail,1,82,ZHGPKHBXSKWZEQ-UHFFFAOYNA-N,-7.951
MMP13,c_HID129,mut_s1,detail,1,83,ZFAYPJJNPSNAFK-UHFFFAOYNA-N,-8.17
MMP13,c_HID129,mut_s1,detail,1,84,LTXMRAGWIDQTQT-MYUTVWBTNA-N,-10.396
MMP13,c_HID129,mut_s1,detail,1,85,VXQHYHSSGLOALC-SPEPDGBUNA-N,-11.021
MMP13,c_HID129,mut_s1,detail,1,86,KWDSFRAWCISROF-PJQSKVNONA-N,-9.26
MMP13,c_HID129,mut_s1,detail,1,87,ZJZXSQPHUQUHIV-ZGZFQTMPNA-N,-9.788
MMP13,c_HID129,mut_s1,detail,1,88,UYHIVPBYFWVWEJ-UHFFFAOYNA-N,-9.243
MMP13,c_HID129,mut_s1,detail,1,89,PLEFJSUCKRWHBY-LNNLXFCONA-N,-8.095
MMP13,c_HID129,mut_s1,detail,1,90,DNSRQCRQLKJUCC-PDJAEHLQNA-N,-8.712
MMP13,c_HID129,mut_s1,detail,1,91,PHYKZCBUNVYJNH-YDBXFXKPNA-N,-7.554
MMP13,c_HID129,mut_s1,detail,1,92,OOUHZBUAVKCDGA-UHFFFAOYNA-N,-8.812
MMP13,c_HID129,mut_s1,detail,1,93,UUQDFZFJDFMLHW-UHFFFAOYNA-N,-9.104
MMP13,c_HID129,mut_s1,detail,1,94,OOUDDHNLDLLUOL-SKKVRFOWNA-N,-9.524
MMP13,c_HID129,mut_s1,detail,1,95,ZDMQSUAMTLXUTE-MPIMZMORNA-N,-8.247
MMP13,c_HID129,mut_s1,detail,1,96,NMPLPABDEKPABN-UHFFFAOYNA-N,-9.43
MMP13,c_HID129,mut_s1,detail,1,97,INZRHGSVWGRHBM-NPVYFSBINA-N,-9.672
MMP13,c_HID129,mut_s1,detail,1,98,RVGCWMKVTAEQIH-LNNLXFCONA-N,-9.412
MMP13,c_HID129,mut_s1,detail,1,99,VRXWKRQOVMZBAF-LJQANCHMNA-N,-7.493
MMP13,c_HID129,mut_s1,detail,1,100,QACLWOIBBYOHQP-UYBDAZJANA-N,-8.337
MMP13,c_HID129,mut_s1,detail,1,101,ZNXSZVFPCBIELQ-LNNLXFCONA-N,-8.333
MMP13,c_HID129,mut_s1,detail,1,102,GKMWCCNMKRSQHR-VEKUMTKDNA-N,-8.379
MMP13,c_HID129,mut_s1,detail,1,103,FFGUSRSMWFYKGK-SKKVRFOWNA-N,-10.259
MMP13,c_HID129,mut_s1,detail,1,104,KXBDDGKXLZBLOM-SPEPDGBUNA-N,-8.157
MMP13,c_HID129,mut_s1,detail,1,105,MIUWULAZCXYTJW-MSHHZIMBNA-N,-10.68
MMP13,c_HID129,mut_s1,detail,1,106,JPZOYWVRFLZCIC-NJNXFGOHNA-N,-9.559
MMP13,c_HID129,mut_s1,detail,1,107,FAIQTLBYDVKBAB-DVIAZDKANA-N,-9.15
MMP13,c_HID129,mut_s1,detail,1,108,APFLRZZAOXCNAZ-UHFFFAOYNA-N,-8.114
MMP13,c_HID129,mut_s1,detail,1,109,BSQLDSQTGOZBFD-UHFFFAOYNA-N,-8.301
MMP13,c_HID129,mut_s1,detail,1,110,ZVVCFJXCDATSCC-UHFFFAOYNA-N,-10.079
MMP13,c_HID129,mut_s1,detail,1,111,SKEQTXZATFWVMB-UYBDAZJANA-N,-8.692
MMP13,c_HID129,mut_s1,detail,1,112,IATWYRHDJKMBQK-MPIMZMORNA-N,-8.545
MMP13,c_HID129,mut_s1,detail,1,113,JPWOEQDCUZCWKT-MPIMZMORNA-N,-7.879
MMP13,c_HID129,mut_s1,detail,1,114,RYHSAXRBHDHPPK-PKSOQXRJNA-N,-8.05
MMP13,c_HID129,mut_s1,detail,1,115,GKKJWUFVZJJFPG-MPIMZMORNA-N,-9.345
MMP13,c_HID129,mut_s1,detail,1,116,FDNZXFDUCINVLY-BDGWVKIONA-N,-8.688
MMP13,c_HID129,mut_s1,detail,1,117,KTBYKHKWIFIFAK-UHFFFAOYNA-N,-9.59
MMP13,c_HID129,mut_s1,detail,1,118,ZRXZEWGUECXTTQ-LQFNOIFHNA-N,-8.714
MMP13,c_HID129,mut_s1,detail,1,119,XNACBBGLIAJNJM-PECIQRARNA-N,-7.906
MMP13,c_HID129,mut_s1,detail,1,120,WQZYYJRVBIQUGH-YWZOXAELNA-N,-10.6
MMP13,c_HID129,mut_s1,detail,1,121,ABMSRNRLDZVJFV-SWUIVHNENA-N,-9.203
MMP13,c_HID129,mut_s1,detail,1,122,ZEACBIUBSOLEGW-QAITUMOCNA-N,-10.948
MMP13,c_HID129,mut_s1,detail,1,123,UBFCDXVLKFOOGL-OKPOJWAQNA-N,-9.596
MMP13,c_HID129,mut_s1,detail,1,124,RRIHVAFUFDANEX-NSJMMFDCNA-N,-8.137
MMP13,c_HID129,mut_s1,detail,1,125,HASIAUWPWKTSBW-SREBMQDQNA-N,-7.321
MMP13,c_HID129,mut_s1,detail,1,126,WHBCKYHTCHCHAY-LQFNOIFHNA-N,-10.029
MMP13,c_HID129,mut_s1,detail,1,127,XMAYWYJOQHXEEK-JYFHCDHNNA-N,-10.42
MMP13,c_HID129,mut_s1,detail,1,128,TVKCFCZANTZCSU-OYRHEFFENA-N,-10.037
MMP13,c_HID129,mut_s1,detail,1,129,OJFIIUWPOHBVMH-LNNLXFCONA-N,-7.921
MMP13,c_HID129,mut_s1,detail,1,130,DKLZMGFTGWKNCD-DIRLUKLVNA-N,-9.914
MMP13,c_HID129,mut_s1,detail,1,131,PYSLGWZFRQWTDD-PWIKPTQSNA-N,-11.701
MMP13,c_HID129,mut_s1,detail,1,132,MWMBIUUYBQWKJX-QTUCRYGENA-N,-8.254
MMP13,c_HID129,mut_s1,detail,1,133,FLYQFCXTEFTSQN-UHFFFAOYNA-N,-8.884
MMP13,c_HID129,mut_s1,detail,1,134,PBIBDSDWIMZYDT-WBWGZOKWNA-N,-9.216
MMP13,c_HID129,mut_s1,detail,1,135,GSRWMFGBDLHGBU-YEFLILRRNA-N,-8.627
MMP13,c_HID129,mut_s1,detail,1,136,AYIJJQHMZAEQKE-QDAGQJSJNA-N,-9.059
MMP13,c_HID129,mut_s1,detail,1,137,JVWTZUKPDMRNDC-FSAKADSPNA-N,-9.472
MMP13,c_HID129,mut_s1,detail,1,138,XAZPLOLSRXZDBO-LBZABMTDNA-N,-8.366
MMP13,c_HID129,mut_s1,detail,1,139,RGWVFJBNHCWCTL-CFEGKOCINA-N,-9.75
MMP13,c_HID129,mut_s1,detail,1,140,YYWNRQZCPIMCAK-UHFFFAOYNA-N,-10.355
MMP13,c_HID129,mut_s1,detail,1,141,PBTZDKNKXRSZPM-XBXBPLPCNA-N,-9.926
MMP13,c_HID129,mut_s1,detail,1,142,QQPOIMHFFPBDQM-LELJVTLKNA-N,-10.264
MMP13,c_HID129,mut_s1,detail,1,143,NYFQURFFDGCBCB-MAQJPOOANA-N,-8.877
MMP13,c_HID129,mut_s1,detail,1,144,HXZVHWHABLBWBS-MTTPVDACNA-N,-10.55
MMP13,c_HID129,mut_s1,detail,1,145,IWYYSOJWYLZKLK-LELJVTLKNA-N,-9.057
MMP13,c_HID129,mut_s1,detail,1,146,HOGUCNPGZXMBGW-UHFFFAOYNA-N,-9.443
MMP13,c_HID129,mut_s1,detail,1,147,VITUDJAVASFPKN-DUFUIDNCNA-N,-9.989
MMP13,c_HID129,mut_s1,detail,1,148,IXAHDCRYEUYPBG-SCXYCHFONA-N,-10.716
MMP13,c_HID129,mut_s1,detail,1,149,JWHMEKMLAZQDNS-OZMOGHDGNA-N,-9.155
MMP13,c_HID129,mut_s1,detail,1,150,BZWNBTIJLRHNDZ-LBOYIXSDNA-N,-9.137
MMP13,c_HID129,mut_s1,detail,1,151,RECYROBESYRUML-UHFFFAOYNA-N,-9.785
MMP13,c_HID129,mut_s1,detail,1,152,MLDSJJJLQRZNKW-UHBIVWOUNA-N,-9.448
MMP13,c_HID129,mut_s1,detail,1,153,XTWIHJARHCYNFX-PHXLCVRDNA-N,-9.007
MMP13,c_HID129,mut_s1,detail,1,154,UQGFETVWTRDGKJ-UHFFFAOYNA-N,-7.829
MMP13,c_HID129,mut_s1,detail,1,155,VJFSMDWEMFOWDK-CYSPOYASNA-N,-11.256
MMP13,c_HID129,mut_s1,detail,1,156,NZYLXYBIWNIAGH-CYSPOYASNA-N,-10.966
MMP13,c_HID129,mut_s1,detail,1,157,ODXCWFOKLBJQNP-MPIMZMORNA-N,-8.725
MMP13,c_HID129,mut_s1,detail,1,158,FVDNMAPPDSKXKQ-UHFFFAOYNA-N,-10.943
MMP13,c_HID129,mut_s1,detail,1,159,DOPWMPRIRWTOOD-CCHPKIMANA-N,-8.898
MMP13,c_HID123,mut_s1,detail,1,0,URVMSYHISUZXNH-UYBDAZJANA-N,-9.436
MMP13,c_HID123,mut_s1,detail,1,1,KXRPCFINVWWFHQ-UHFFFAOYNA-N,-5.313
MMP13,c_HID123,mut_s1,detail,1,2,NICJTSHRYBTHAS-YHMJCDSINA-N,-7.802
MMP13,c_HID123,mut_s1,detail,1,3,SWRZVDTZHDWPDS-AWIDAIFANA-N,-10.181
MMP13,c_HID123,mut_s1,detail,1,4,RKNSLLSUFWWYCA-UHFFFAOYNA-N,-8.727
MMP13,c_HID123,mut_s1,detail,1,5,OZFSIKFTRRUDES-RIYZIHGNNA-N,-7.156
MMP13,c_HID123,mut_s1,detail,1,6,AAGGUCRASUJPPN-UHFFFAOYNA-N,-8.314
MMP13,c_HID123,mut_s1,detail,1,7,OYHXDPMAFYHDNG-YAQRNVERNA-N,-7.973
MMP13,c_HID123,mut_s1,detail,1,8,AWILWAIEQYZUEQ-UHFFFAOYNA-N,-7.543
MMP13,c_HID123,mut_s1,detail,1,9,WSFAXHLMQUUHQT-VMPITWQZNA-N,-8.353
MMP13,c_HID123,mut_s1,detail,1,10,WPHMTVNOXKBZKN-UHFFFAOYNA-N,-7.745
MMP13,c_HID123,mut_s1,detail,1,11,LPEIZNODGHDCCW-UHFFFAOYNA-N,-7.054
MMP13,c_HID123,mut_s1,detail,1,12,QQHWWDVSRWOHEP-LILDFLRNNA-N,-7.301
MMP13,c_HID123,mut_s1,detail,1,13,UMEVSSPGBFVQNC-UHFFFAOYNA-N,-7.202
MMP13,c_HID123,mut_s1,detail,1,14,VZDIOEKWWZRNQN-UHFFFAOYNA-N,-8.798
MMP13,c_HID123,mut_s1,detail,1,15,JEVLDOUORFAHRS-NDKGDYFDNA-N,-7.939
MMP13,c_HID123,mut_s1,detail,1,16,NFTGJNJRMWUBPG-GPQMBLKYNA-N,-8.182
MMP13,c_HID123,mut_s1,detail,1,17,UMUUTEZBWGDVDA-UHFFFAOYNA-N,-7.985
MMP13,c_HID123,mut_s1,detail,1,18,VLQKEPLNPGYNDJ-HCKMINDGNA-N,-8.458
MMP13,c_HID123,mut_s1,detail,1,19,PPMVTAATPZLMJM-CDDDEJBQNA-N,-7.291
MMP13,c_HID123,mut_s1,detail,1,20,AHLYFAKLKLMESK-YAQRNVERNA-N,-8.25
MMP13,c_HID123,mut_s1,detail,1,21,GYEJYLAGVWRSIM-KGJHZMDYNA-N,-7.679
MMP13,c_HID123,mut_s1,detail,1,22,RXVALSLAUOIYLW-UHFFFAOYNA-N,-6.611
MMP13,c_HID123,mut_s1,detail,1,23,NSELYIFATLFDOZ-JLGFQASFNA-N,-8.279
MMP13,c_HID123,mut_s1,detail,1,24,COQFBYACOHFCEC-UHFFFAOYNA-N,-7.102
MMP13,c_HID123,mut_s1,detail,1,25,CJGJXFCLDYQBFQ-YJGXKCCXNA-N,-9.597
MMP13,c_HID123,mut_s1,detail,1,26,BWNGRRJLFYHENY-INIZCTEONA-N,-8.24
MMP13,c_HID123,mut_s1,detail,1,27,BNRFXWSJKVJVOF-UYBDAZJANA-N,-9.766
MMP13,c_HID123,mut_s1,detail,1,28,DMULMZBZVBBWBY-PJZINPJWNA-N,-10.423
MMP13,c_HID123,mut_s1,detail,1,29,AXLAIGJGNKHDPO-UHFFFAOYNA-N,-6.301
MMP13,c_HID123,mut_s1,detail,1,30,RKDGAONZEPYEBT-WXRBYKJCNA-N,-6.928
MMP13,c_HID123,mut_s1,detail,1,31,MBOYDUZSCSNUQL-MBBDSNKKNA-N,-8.956
MMP13,c_HID123,mut_s1,detail,1,32,KPVDBHRTXOFQDK-YAQRNVERNA-N,-7.738
MMP13,c_HID123,mut_s1,detail,1,33,LVCNFMYUKISBSB-VJSNTGQMNA-N,-8.664
MMP13,c_HID123,mut_s1,detail,1,34,XLAHCIRKLMJUQC-DZQCGVKKNA-N,-9.262
MMP13,c_HID123,mut_s1,detail,1,35,QNYHDABGLCBJOE-SHHGZXMVNA-N,-9.976
MMP13,c_HID123,mut_s1,detail,1,36,HEKNRISBWSPMOG-OWTLIXCDNA-N,-6.298
MMP13,c_HID123,mut_s1,detail,1,37,VIRNXCRLEVZXNX-LILDFLRNNA-N,-10.651
MMP13,c_HID123,mut_s1,detail,1,38,SRTGERSEXJGDMR-UHFFFAOYNA-N,-7.179
MMP13,c_HID123,mut_s1,detail,1,39,ZGMGSSRLZJYOKH-WXRBYKJCNA-N,-7.272
MMP13,c_HID123,mut_s1,detail,1,40,VGYFDFRFGHHCDA-CUTUCBJDNA-N,-8.957
MMP13,c_HID123,mut_s1,detail,1,41,DILPMLYWQJPNLO-HCKMINDGNA-N,-8.823
MMP13,c_HID123,mut_s1,detail,1,42,RSOODJIGEVJLMK-LQFNOIFHNA-N,-9.253
MMP13,c_HID123,mut_s1,detail,1,43,OWHHWMUAYBIQPR-UHFFFAOYNA-N,-9.443
MMP13,c_HID123,mut_s1,detail,1,44,KPIKMVZJKZDOFC-UHFFFAOYNA-N,-9.424
MMP13,c_HID123,mut_s1,detail,1,45,DIKDKRUREJXLMR-DPMTXJEANA-N,-10.25
MMP13,c_HID123,mut_s1,detail,1,46,QRVJDPKQHAVBDK-UYBDAZJANA-N,-8.587
MMP13,c_HID123,mut_s1,detail,1,47,SGBSFKSDPWOALT-UYBDAZJANA-N,-9.892
MMP13,c_HID123,mut_s1,detail,1,48,CYHFRNFVZWVHCG-OTJKMEOQNA-N,-7.535
MMP13,c_HID123,mut_s1,detail,1,49,MJUDQDHXCQONOA-MPIMZMORNA-N,-8.163
MMP13,c_HID123,mut_s1,detail,1,50,RNVYRNLUUYNQAS-PKSOQXRJNA-N,-8.166
MMP13,c_HID123,mut_s1,detail,1,51,DLZXOZYETDVJEB-QWOVJGMINA-N,-6.83
MMP13,c_HID123,mut_s1,detail,1,52,HSICVZRDGBJSEL-GPQMBLKYNA-N,-8.171
MMP13,c_HID123,mut_s1,detail,1,53,HMRUHHFLIMYEAF-QNGOCPJXNA-N,-7.764
MMP13,c_HID123,mut_s1,detail,1,54,ZZOWQPSBJUXHCA-YSPRVCGUNA-N,-9.455
MMP13,c_HID123,mut_s1,detail,1,55,WDDJLHOUFWSQSV-UHFFFAOYNA-N,-9.344
MMP13,c_HID123,mut_s1,detail,1,56,UKLIIGXGTPSYBF-IBCWCQIKNA-N,-9.59
MMP13,c_HID123,mut_s1,detail,1,57,LNPOBRXJZYGQMS-MOHJPFBDNA-N,-8.648
MMP13,c_HID123,mut_s1,detail,1,58,FYILBFPPKIZBTO-UHFFFAOYNA-N,-8.027
MMP13,c_HID123,mut_s1,detail,1,59,MIKIJFODTJGFDI-LILDFLRNNA-N,-8.826
MMP13,c_HID123,mut_s1,detail,1,60,RUWCNSLWWCWTSU-LILDFLRNNA-N,-7.68
MMP13,c_HID123,mut_s1,detail,1,61,KLQWCHKIQJHYIB-UHFFFAOYNA-N,-9.146
MMP13,c_HID123,mut_s1,detail,1,62,QKAWGENQCGFAOE-NPVYFSBINA-N,-8.339
MMP13,c_HID123,mut_s1,detail,1,63,KGOKCBRZBBEYBE-MMRXBHCZNA-N,-9.271
MMP13,c_HID123,mut_s1,detail,1,64,ROFRXCLSWKEWTN-UHFFFAOYNA-N,-7.955
MMP13,c_HID123,mut_s1,detail,1,65,AKRMJNKLSCBEME-FPYGCLRLNA-N,-8.479
MMP13,c_HID123,mut_s1,detail,1,66,LCGJUJZLLYTYIF-XMFFZCEENA-N,-8.015
MMP13,c_HID123,mut_s1,detail,1,67,FREQNFSEYLEFOI-QRCVEOAVNA-N,-8.674
MMP13,c_HID123,mut_s1,detail,1,68,MHMINAYLMNBGSM-UHFFFAOYNA-N,-6.219
MMP13,c_HID123,mut_s1,detail,1,69,SYMNTBHEGHFZMV-UHFFFAOYNA-N,-8.137
MMP13,c_HID123,mut_s1,detail,1,70,NNCRWGMPCGSKOO-LILDFLRNNA-N,-7.678
MMP13,c_HID123,mut_s1,detail,1,71,ZCRRNCCNJMRGFI-UHFFFAOYNA-N,-10.05
MMP13,c_HID123,mut_s1,detail,1,72,PYVZEIBGEUQNQQ-UHFFFAOYNA-N,-8.611
MMP13,c_HID123,mut_s1,detail,1,73,OROJQWVRCGJACT-XBTAAFKLNA-N,-10.514
MMP13,c_HID123,mut_s1,detail,1,74,TXYUWXKCUDOUGU-JLGFQASFNA-N,-7.619
MMP13,c_HID123,mut_s1,detail,1,75,LAZANALODSEDSE-UHFFFAOYNA-N,-7.181
MMP13,c_HID123,mut_s1,detail,1,76,RJXCYVJLXGRCHK-UHFFFAOYNA-N,-9.478
MMP13,c_HID123,mut_s1,detail,1,77,FUSKIBWHJAWEFI-IEJAXPBYNA-N,-9.463
MMP13,c_HID123,mut_s1,detail,1,78,SGWVLOCBQLQWQV-UHFFFAOYNA-N,-9.88
MMP13,c_HID123,mut_s1,detail,1,79,PPXRQTYXLZCDAZ-QWOVJGMINA-N,-9.384
MMP13,c_HID123,mut_s1,detail,1,80,DIFBADFWLVYFHV-LELJVTLKNA-N,-8.53
MMP13,c_HID123,mut_s1,detail,1,81,XREOSEVJCQGCHE-MHPMNMKGNA-N,-8.831
MMP13,c_HID123,mut_s1,detail,1,82,ZHGPKHBXSKWZEQ-UHFFFAOYNA-N,-8.175
MMP13,c_HID123,mut_s1,detail,1,83,ZFAYPJJNPSNAFK-UHFFFAOYNA-N,-8.512
MMP13,c_HID123,mut_s1,detail,1,84,LTXMRAGWIDQTQT-MYUTVWBTNA-N,-10.492
MMP13,c_HID123,mut_s1,detail,1,85,VXQHYHSSGLOALC-SPEPDGBUNA-N,-11.155
MMP13,c_HID123,mut_s1,detail,1,86,KWDSFRAWCISROF-PJQSKVNONA-N,-8.803
MMP13,c_HID123,mut_s1,detail,1,87,ZJZXSQPHUQUHIV-ZGZFQTMPNA-N,-9.742
MMP13,c_HID123,mut_s1,detail,1,88,UYHIVPBYFWVWEJ-UHFFFAOYNA-N,-9.503
MMP13,c_HID123,mut_s1,detail,1,89,PLEFJSUCKRWHBY-LNNLXFCONA-N,-8.293
MMP13,c_HID123,mut_s1,detail,1,90,DNSRQCRQLKJUCC-PDJAEHLQNA-N,-8.097
MMP13,c_HID123,mut_s1,detail,1,91,PHYKZCBUNVYJNH-YDBXFXKPNA-N,-7.83
MMP13,c_HID123,mut_s1,detail,1,92,OOUHZBUAVKCDGA-UHFFFAOYNA-N,-7.902
MMP13,c_HID123,mut_s1,detail,1,93,UUQDFZFJDFMLHW-UHFFFAOYNA-N,-9.356
MMP13,c_HID123,mut_s1,detail,1,94,OOUDDHNLDLLUOL-SKKVRFOWNA-N,-9.613
MMP13,c_HID123,mut_s1,detail,1,95,ZDMQSUAMTLXUTE-MPIMZMORNA-N,-8.538
MMP13,c_HID123,mut_s1,detail,1,96,NMPLPABDEKPABN-UHFFFAOYNA-N,-9.497
MMP13,c_HID123,mut_s1,detail,1,97,INZRHGSVWGRHBM-NPVYFSBINA-N,-9.377
MMP13,c_HID123,mut_s1,detail,1,98,RVGCWMKVTAEQIH-LNNLXFCONA-N,-9.763
MMP13,c_HID123,mut_s1,detail,1,99,VRXWKRQOVMZBAF-LJQANCHMNA-N,-8.017
MMP13,c_HID123,mut_s1,detail,1,100,QACLWOIBBYOHQP-UYBDAZJANA-N,-8.403
MMP13,c_HID123,mut_s1,detail,1,101,ZNXSZVFPCBIELQ-LNNLXFCONA-N,-8.536
MMP13,c_HID123,mut_s1,detail,1,102,GKMWCCNMKRSQHR-VEKUMTKDNA-N,-8.166
MMP13,c_HID123,mut_s1,detail,1,103,FFGUSRSMWFYKGK-SKKVRFOWNA-N,-10.23
MMP13,c_HID123,mut_s1,detail,1,104,KXBDDGKXLZBLOM-SPEPDGBUNA-N,-8.524
MMP13,c_HID123,mut_s1,detail,1,105,MIUWULAZCXYTJW-MSHHZIMBNA-N,-10.619
MMP13,c_HID123,mut_s1,detail,1,106,JPZOYWVRFLZCIC-NJNXFGOHNA-N,-9.976
MMP13,c_HID123,mut_s1,detail,1,107,FAIQTLBYDVKBAB-DVIAZDKANA-N,-9.353
MMP13,c_HID123,mut_s1,detail,1,108,APFLRZZAOXCNAZ-UHFFFAOYNA-N,-8.246
MMP13,c_HID123,mut_s1,detail,1,109,BSQLDSQTGOZBFD-UHFFFAOYNA-N,-8.463
MMP13,c_HID123,mut_s1,detail,1,110,ZVVCFJXCDATSCC-UHFFFAOYNA-N,-9.652
MMP13,c_HID123,mut_s1,detail,1,111,SKEQTXZATFWVMB-UYBDAZJANA-N,-8.914
MMP13,c_HID123,mut_s1,detail,1,112,IATWYRHDJKMBQK-MPIMZMORNA-N,-8.408
MMP13,c_HID123,mut_s1,detail,1,113,JPWOEQDCUZCWKT-MPIMZMORNA-N,-7.286
MMP13,c_HID123,mut_s1,detail,1,114,RYHSAXRBHDHPPK-PKSOQXRJNA-N,-8.102
MMP13,c_HID123,mut_s1,detail,1,115,GKKJWUFVZJJFPG-MPIMZMORNA-N,-9.294
MMP13,c_HID123,mut_s1,detail,1,116,FDNZXFDUCINVLY-BDGWVKIONA-N,-8.528
MMP13,c_HID123,mut_s1,detail,1,117,KTBYKHKWIFIFAK-UHFFFAOYNA-N,-9.817
MMP13,c_HID123,mut_s1,detail,1,118,ZRXZEWGUECXTTQ-LQFNOIFHNA-N,-9.579
MMP13,c_HID123,mut_s1,detail,1,119,XNACBBGLIAJNJM-PECIQRARNA-N,-8.06
MMP13,c_HID123,mut_s1,detail,1,120,WQZYYJRVBIQUGH-YWZOXAELNA-N,-10.548
MMP13,c_HID123,mut_s1,detail,1,121,ABMSRNRLDZVJFV-SWUIVHNENA-N,-9.236
MMP13,c_HID123,mut_s1,detail,1,122,ZEACBIUBSOLEGW-QAITUMOCNA-N,-10.057
MMP13,c_HID123,mut_s1,detail,1,123,UBFCDXVLKFOOGL-OKPOJWAQNA-N,-9.537
MMP13,c_HID123,mut_s1,detail,1,124,RRIHVAFUFDANEX-NSJMMFDCNA-N,-8.624
MMP13,c_HID123,mut_s1,detail,1,125,HASIAUWPWKTSBW-SREBMQDQNA-N,-7.044
MMP13,c_HID123,mut_s1,detail,1,126,WHBCKYHTCHCHAY-LQFNOIFHNA-N,-8.618
MMP13,c_HID123,mut_s1,detail,1,127,XMAYWYJOQHXEEK-JYFHCDHNNA-N,-9.597
MMP13,c_HID123,mut_s1,detail,1,128,TVKCFCZANTZCSU-OYRHEFFENA-N,-10.162
MMP13,c_HID123,mut_s1,detail,1,129,OJFIIUWPOHBVMH-LNNLXFCONA-N,-7.954
MMP13,c_HID123,mut_s1,detail,1,130,DKLZMGFTGWKNCD-DIRLUKLVNA-N,-10.666
MMP13,c_HID123,mut_s1,detail,1,131,PYSLGWZFRQWTDD-PWIKPTQSNA-N,-11.81
MMP13,c_HID123,mut_s1,detail,1,132,MWMBIUUYBQWKJX-QTUCRYGENA-N,-8.351
MMP13,c_HID123,mut_s1,detail,1,133,FLYQFCXTEFTSQN-UHFFFAOYNA-N,-9.109
MMP13,c_HID123,mut_s1,detail,1,134,PBIBDSDWIMZYDT-WBWGZOKWNA-N,-9.095
MMP13,c_HID123,mut_s1,detail,1,135,GSRWMFGBDLHGBU-YEFLILRRNA-N,-8.349
MMP13,c_HID123,mut_s1,detail,1,136,AYIJJQHMZAEQKE-QDAGQJSJNA-N,-8.246
MMP13,c_HID123,mut_s1,detail,1,137,JVWTZUKPDMRNDC-FSAKADSPNA-N,-9.628
MMP13,c_HID123,mut_s1,detail,1,138,XAZPLOLSRXZDBO-LBZABMTDNA-N,-7.767
MMP13,c_HID123,mut_s1,detail,1,139,RGWVFJBNHCWCTL-CFEGKOCINA-N,-9.57
MMP13,c_HID123,mut_s1,detail,1,140,YYWNRQZCPIMCAK-UHFFFAOYNA-N,-10.677
MMP13,c_HID123,mut_s1,detail,1,141,PBTZDKNKXRSZPM-XBXBPLPCNA-N,-10.007
MMP13,c_HID123,mut_s1,detail,1,142,QQPOIMHFFPBDQM-LELJVTLKNA-N,-10.438
MMP13,c_HID123,mut_s1,detail,1,143,NYFQURFFDGCBCB-MAQJPOOANA-N,-8.919
MMP13,c_HID123,mut_s1,detail,1,144,HXZVHWHABLBWBS-MTTPVDACNA-N,-10.194
MMP13,c_HID123,mut_s1,detail,1,145,IWYYSOJWYLZKLK-LELJVTLKNA-N,-9.275
MMP13,c_HID123,mut_s1,detail,1,146,HOGUCNPGZXMBGW-UHFFFAOYNA-N,-9.546
MMP13,c_HID123,mut_s1,detail,1,147,VITUDJAVASFPKN-DUFUIDNCNA-N,-9.986
MMP13,c_HID123,mut_s1,detail,1,148,IXAHDCRYEUYPBG-SCXYCHFONA-N,-10.32
MMP13,c_HID123,mut_s1,detail,1,149,JWHMEKMLAZQDNS-OZMOGHDGNA-N,-9.309
MMP13,c_HID123,mut_s1,detail,1,150,BZWNBTIJLRHNDZ-LBOYIXSDNA-N,-8.94
MMP13,c_HID123,mut_s1,detail,1,151,RECYROBESYRUML-UHFFFAOYNA-N,-8.471
MMP13,c_HID123,mut_s1,detail,1,152,MLDSJJJLQRZNKW-UHBIVWOUNA-N,-10.675
MMP13,c_HID123,mut_s1,detail,1,153,XTWIHJARHCYNFX-PHXLCVRDNA-N,-9.168
MMP13,c_HID123,mut_s1,detail,1,154,UQGFETVWTRDGKJ-UHFFFAOYNA-N,-7.929
MMP13,c_HID123,mut_s1,detail,1,155,VJFSMDWEMFOWDK-CYSPOYASNA-N,-11.667
MMP13,c_HID123,mut_s1,detail,1,156,NZYLXYBIWNIAGH-CYSPOYASNA-N,-10.535
MMP13,c_HID123,mut_s1,detail,1,157,ODXCWFOKLBJQNP-MPIMZMORNA-N,-8.968
MMP13,c_HID123,mut_s1,detail,1,158,FVDNMAPPDSKXKQ-UHFFFAOYNA-N,-11.124
MMP13,c_HID123,mut_s1,detail,1,159,DOPWMPRIRWTOOD-CCHPKIMANA-N,-8.172
MMP13,c_VAL116,mut_s1,detail,1,0,URVMSYHISUZXNH-UYBDAZJANA-N,-9.088
MMP13,c_VAL116,mut_s1,detail,1,1,KXRPCFINVWWFHQ-UHFFFAOYNA-N,-5.211
MMP13,c_VAL116,mut_s1,detail,1,2,NICJTSHRYBTHAS-YHMJCDSINA-N,-7.977
MMP13,c_VAL116,mut_s1,detail,1,3,SWRZVDTZHDWPDS-AWIDAIFANA-N,-9.485
MMP13,c_VAL116,mut_s1,detail,1,4,RKNSLLSUFWWYCA-UHFFFAOYNA-N,-8.857
MMP13,c_VAL116,mut_s1,detail,1,5,OZFSIKFTRRUDES-RIYZIHGNNA-N,-7.006
MMP13,c_VAL116,mut_s1,detail,1,6,AAGGUCRASUJPPN-UHFFFAOYNA-N,-8.363
MMP13,c_VAL116,mut_s1,detail,1,7,OYHXDPMAFYHDNG-YAQRNVERNA-N,-7.739
MMP13,c_VAL116,mut_s1,detail,1,8,AWILWAIEQYZUEQ-UHFFFAOYNA-N,-7.416
MMP13,c_VAL116,mut_s1,detail,1,9,WSFAXHLMQUUHQT-VMPITWQZNA-N,-8.414
MMP13,c_VAL116,mut_s1,detail,1,10,WPHMTVNOXKBZKN-UHFFFAOYNA-N,-7.579
MMP13,c_VAL116,mut_s1,detail,1,11,LPEIZNODGHDCCW-UHFFFAOYNA-N,-7.043
MMP13,c_VAL116,mut_s1,detail,1,12,QQHWWDVSRWOHEP-LILDFLRNNA-N,-7.746
MMP13,c_VAL116,mut_s1,detail,1,13,UMEVSSPGBFVQNC-UHFFFAOYNA-N,-7.168
MMP13,c_VAL116,mut_s1,detail,1,14,VZDIOEKWWZRNQN-UHFFFAOYNA-N,-9.055
MMP13,c_VAL116,mut_s1,detail,1,15,JEVLDOUORFAHRS-NDKGDYFDNA-N,-7.934
MMP13,c_VAL116,mut_s1,detail,1,16,NFTGJNJRMWUBPG-GPQMBLKYNA-N,-8.403
MMP13,c_VAL116,mut_s1,detail,1,17,UMUUTEZBWGDVDA-UHFFFAOYNA-N,-8.445
MMP13,c_VAL116,mut_s1,detail,1,18,VLQKEPLNPGYNDJ-HCKMINDGNA-N,-8.467
MMP13,c_VAL116,mut_s1,detail,1,19,PPMVTAATPZLMJM-CDDDEJBQNA-N,-7.275
MMP13,c_VAL116,mut_s1,detail,1,20,AHLYFAKLKLMESK-YAQRNVERNA-N,-8.038
MMP13,c_VAL116,mut_s1,detail,1,21,GYEJYLAGVWRSIM-KGJHZMDYNA-N,-7.561
MMP13,c_VAL116,mut_s1,detail,1,22,RXVALSLAUOIYLW-UHFFFAOYNA-N,-7.231
MMP13,c_VAL116,mut_s1,detail,1,23,NSELYIFATLFDOZ-JLGFQASFNA-N,-8.737
MMP13,c_VAL116,mut_s1,detail,1,24,COQFBYACOHFCEC-UHFFFAOYNA-N,-6.911
MMP13,c_VAL116,mut_s1,detail,1,25,CJGJXFCLDYQBFQ-YJGXKCCXNA-N,-9.755
MMP13,c_VAL116,mut_s1,detail,1,26,BWNGRRJLFYHENY-INIZCTEONA-N,-7.253
MMP13,c_VAL116,mut_s1,detail,1,27,BNRFXWSJKVJVOF-UYBDAZJANA-N,-9.531
MMP13,c_VAL116,mut_s1,detail,1,28,DMULMZBZVBBWBY-PJZINPJWNA-N,-10.346
MMP13,c_VAL116,mut_s1,detail,1,29,AXLAIGJGNKHDPO-UHFFFAOYNA-N,-6.365
MMP13,c_VAL116,mut_s1,detail,1,30,RKDGAONZEPYEBT-WXRBYKJCNA-N,-7.287
MMP13,c_VAL116,mut_s1,detail,1,31,MBOYDUZSCSNUQL-MBBDSNKKNA-N,-8.86
MMP13,c_VAL116,mut_s1,detail,1,32,KPVDBHRTXOFQDK-YAQRNVERNA-N,-7.763
MMP13,c_VAL116,mut_s1,detail,1,33,LVCNFMYUKISBSB-VJSNTGQMNA-N,-8.636
MMP13,c_VAL116,mut_s1,detail,1,34,XLAHCIRKLMJUQC-DZQCGVKKNA-N,-9.292
MMP13,c_VAL116,mut_s1,detail,1,35,QNYHDABGLCBJOE-SHHGZXMVNA-N,-9.465
MMP13,c_VAL116,mut_s1,detail,1,36,HEKNRISBWSPMOG-OWTLIXCDNA-N,-6.278
MMP13,c_VAL116,mut_s1,detail,1,37,VIRNXCRLEVZXNX-LILDFLRNNA-N,-10.485
MMP13,c_VAL116,mut_s1,detail,1,38,SRTGERSEXJGDMR-UHFFFAOYNA-N,-6.788
MMP13,c_VAL116,mut_s1,detail,1,39,ZGMGSSRLZJYOKH-WXRBYKJCNA-N,-7.29
MMP13,c_VAL116,mut_s1,detail,1,40,VGYFDFRFGHHCDA-CUTUCBJDNA-N,-8.885
MMP13,c_VAL116,mut_s1,detail,1,41,DILPMLYWQJPNLO-HCKMINDGNA-N,-9.317
MMP13,c_VAL116,mut_s1,detail,1,42,RSOODJIGEVJLMK-LQFNOIFHNA-N,-9.243
MMP13,c_VAL116,mut_s1,detail,1,43,OWHHWMUAYBIQPR-UHFFFAOYNA-N,-9.345
MMP13,c_VAL116,mut_s1,detail,1,44,KPIKMVZJKZDOFC-UHFFFAOYNA-N,-9.077
MMP13,c_VAL116,mut_s1,detail,1,45,DIKDKRUREJXLMR-DPMTXJEANA-N,-10.384
MMP13,c_VAL116,mut_s1,detail,1,46,QRVJDPKQHAVBDK-UYBDAZJANA-N,-8.301
MMP13,c_VAL116,mut_s1,detail,1,47,SGBSFKSDPWOALT-UYBDAZJANA-N,-9.435
MMP13,c_VAL116,mut_s1,detail,1,48,CYHFRNFVZWVHCG-OTJKMEOQNA-N,-8.106
MMP13,c_VAL116,mut_s1,detail,1,49,MJUDQDHXCQONOA-MPIMZMORNA-N,-8.119
MMP13,c_VAL116,mut_s1,detail,1,50,RNVYRNLUUYNQAS-PKSOQXRJNA-N,-8.185
MMP13,c_VAL116,mut_s1,detail,1,51,DLZXOZYETDVJEB-QWOVJGMINA-N,-6.323
MMP13,c_VAL116,mut_s1,detail,1,52,HSICVZRDGBJSEL-GPQMBLKYNA-N,-8.13
MMP13,c_VAL116,mut_s1,detail,1,53,HMRUHHFLIMYEAF-QNGOCPJXNA-N,-7.53
MMP13,c_VAL116,mut_s1,detail,1,54,ZZOWQPSBJUXHCA-YSPRVCGUNA-N,-9.51
MMP13,c_VAL116,mut_s1,detail,1,55,WDDJLHOUFWSQSV-UHFFFAOYNA-N,-9.19
MMP13,c_VAL116,mut_s1,detail,1,56,UKLIIGXGTPSYBF-IBCWCQIKNA-N,-9.44
MMP13,c_VAL116,mut_s1,detail,1,57,LNPOBRXJZYGQMS-MOHJPFBDNA-N,-8.705
MMP13,c_VAL116,mut_s1,detail,1,58,FYILBFPPKIZBTO-UHFFFAOYNA-N,-7.828
MMP13,c_VAL116,mut_s1,detail,1,59,MIKIJFODTJGFDI-LILDFLRNNA-N,-9.016
MMP13,c_VAL116,mut_s1,detail,1,60,RUWCNSLWWCWTSU-LILDFLRNNA-N,-7.572
MMP13,c_VAL116,mut_s1,detail,1,61,KLQWCHKIQJHYIB-UHFFFAOYNA-N,-9.863
MMP13,c_VAL116,mut_s1,detail,1,62,QKAWGENQCGFAOE-NPVYFSBINA-N,-8.48
MMP13,c_VAL116,mut_s1,detail,1,63,KGOKCBRZBBEYBE-MMRXBHCZNA-N,-9.746
MMP13,c_VAL116,mut_s1,detail,1,64,ROFRXCLSWKEWTN-UHFFFAOYNA-N,-7.683
MMP13,c_VAL116,mut_s1,detail,1,65,AKRMJNKLSCBEME-FPYGCLRLNA-N,-8.449
MMP13,c_VAL116,mut_s1,detail,1,66,LCGJUJZLLYTYIF-XMFFZCEENA-N,-7.819
MMP13,c_VAL116,mut_s1,detail,1,67,FREQNFSEYLEFOI-QRCVEOAVNA-N,-8.221
MMP13,c_VAL116,mut_s1,detail,1,68,MHMINAYLMNBGSM-UHFFFAOYNA-N,-6.397
MMP13,c_VAL116,mut_s1,detail,1,69,SYMNTBHEGHFZMV-UHFFFAOYNA-N,-7.169
MMP13,c_VAL116,mut_s1,detail,1,70,NNCRWGMPCGSKOO-LILDFLRNNA-N,-8.02
MMP13,c_VAL116,mut_s1,detail,1,71,ZCRRNCCNJMRGFI-UHFFFAOYNA-N,-10.003
MMP13,c_VAL116,mut_s1,detail,1,72,PYVZEIBGEUQNQQ-UHFFFAOYNA-N,-8.519
MMP13,c_VAL116,mut_s1,detail,1,73,OROJQWVRCGJACT-XBTAAFKLNA-N,-10.408
MMP13,c_VAL116,mut_s1,detail,1,74,TXYUWXKCUDOUGU-JLGFQASFNA-N,-7.655
MMP13,c_VAL116,mut_s1,detail,1,75,LAZANALODSEDSE-UHFFFAOYNA-N,-7.194
MMP13,c_VAL116,mut_s1,detail,1,76,RJXCYVJLXGRCHK-UHFFFAOYNA-N,-9.438
MMP13,c_VAL116,mut_s1,detail,1,77,FUSKIBWHJAWEFI-IEJAXPBYNA-N,-9.099
MMP13,c_VAL116,mut_s1,detail,1,78,SGWVLOCBQLQWQV-UHFFFAOYNA-N,-9.953
MMP13,c_VAL116,mut_s1,detail,1,79,PPXRQTYXLZCDAZ-QWOVJGMINA-N,-9.376
MMP13,c_VAL116,mut_s1,detail,1,80,DIFBADFWLVYFHV-LELJVTLKNA-N,-9.263
MMP13,c_VAL116,mut_s1,detail,1,81,XREOSEVJCQGCHE-MHPMNMKGNA-N,-9.391
MMP13,c_VAL116,mut_s1,detail,1,82,ZHGPKHBXSKWZEQ-UHFFFAOYNA-N,-8.645
MMP13,c_VAL116,mut_s1,detail,1,83,ZFAYPJJNPSNAFK-UHFFFAOYNA-N,-8.221
MMP13,c_VAL116,mut_s1,detail,1,84,LTXMRAGWIDQTQT-MYUTVWBTNA-N,-10.325
MMP13,c_VAL116,mut_s1,detail,1,85,VXQHYHSSGLOALC-SPEPDGBUNA-N,-11.243
MMP13,c_VAL116,mut_s1,detail,1,86,KWDSFRAWCISROF-PJQSKVNONA-N,-9.139
MMP13,c_VAL116,mut_s1,detail,1,87,ZJZXSQPHUQUHIV-ZGZFQTMPNA-N,-9.84
MMP13,c_VAL116,mut_s1,detail,1,88,UYHIVPBYFWVWEJ-UHFFFAOYNA-N,-9.274
MMP13,c_VAL116,mut_s1,detail,1,89,PLEFJSUCKRWHBY-LNNLXFCONA-N,-8.637
MMP13,c_VAL116,mut_s1,detail,1,90,DNSRQCRQLKJUCC-PDJAEHLQNA-N,-6.852
MMP13,c_VAL116,mut_s1,detail,1,91,PHYKZCBUNVYJNH-YDBXFXKPNA-N,-7.647
MMP13,c_VAL116,mut_s1,detail,1,92,OOUHZBUAVKCDGA-UHFFFAOYNA-N,-8.973
MMP13,c_VAL116,mut_s1,detail,1,93,UUQDFZFJDFMLHW-UHFFFAOYNA-N,-9.14
MMP13,c_VAL116,mut_s1,detail,1,94,OOUDDHNLDLLUOL-SKKVRFOWNA-N,-9.58
MMP13,c_VAL116,mut_s1,detail,1,95,ZDMQSUAMTLXUTE-MPIMZMORNA-N,-9.244
MMP13,c_VAL116,mut_s1,detail,1,96,NMPLPABDEKPABN-UHFFFAOYNA-N,-9.431
MMP13,c_VAL116,mut_s1,detail,1,97,INZRHGSVWGRHBM-NPVYFSBINA-N,-10.192
MMP13,c_VAL116,mut_s1,detail,1,98,RVGCWMKVTAEQIH-LNNLXFCONA-N,-9.469
MMP13,c_VAL116,mut_s1,detail,1,99,VRXWKRQOVMZBAF-LJQANCHMNA-N,-7.703
MMP13,c_VAL116,mut_s1,detail,1,100,QACLWOIBBYOHQP-UYBDAZJANA-N,-8.417
MMP13,c_VAL116,mut_s1,detail,1,101,ZNXSZVFPCBIELQ-LNNLXFCONA-N,-8.161
MMP13,c_VAL116,mut_s1,detail,1,102,GKMWCCNMKRSQHR-VEKUMTKDNA-N,-9.076
MMP13,c_VAL116,mut_s1,detail,1,103,FFGUSRSMWFYKGK-SKKVRFOWNA-N,-10.27
MMP13,c_VAL116,mut_s1,detail,1,104,KXBDDGKXLZBLOM-SPEPDGBUNA-N,-8.174
MMP13,c_VAL116,mut_s1,detail,1,105,MIUWULAZCXYTJW-MSHHZIMBNA-N,-10.602
MMP13,c_VAL116,mut_s1,detail,1,106,JPZOYWVRFLZCIC-NJNXFGOHNA-N,-9.792
MMP13,c_VAL116,mut_s1,detail,1,107,FAIQTLBYDVKBAB-DVIAZDKANA-N,-9.424
MMP13,c_VAL116,mut_s1,detail,1,108,APFLRZZAOXCNAZ-UHFFFAOYNA-N,-8.471
MMP13,c_VAL116,mut_s1,detail,1,109,BSQLDSQTGOZBFD-UHFFFAOYNA-N,-8.544
MMP13,c_VAL116,mut_s1,detail,1,110,ZVVCFJXCDATSCC-UHFFFAOYNA-N,-9.917
MMP13,c_VAL116,mut_s1,detail,1,111,SKEQTXZATFWVMB-UYBDAZJANA-N,-8.692
MMP13,c_VAL116,mut_s1,detail,1,112,IATWYRHDJKMBQK-MPIMZMORNA-N,-8.588
MMP13,c_VAL116,mut_s1,detail,1,113,JPWOEQDCUZCWKT-MPIMZMORNA-N,-7.445
MMP13,c_VAL116,mut_s1,detail,1,114,RYHSAXRBHDHPPK-PKSOQXRJNA-N,-8.29
MMP13,c_VAL116,mut_s1,detail,1,115,GKKJWUFVZJJFPG-MPIMZMORNA-N,-9.137
MMP13,c_VAL116,mut_s1,detail,1,116,FDNZXFDUCINVLY-BDGWVKIONA-N,-9.062
MMP13,c_VAL116,mut_s1,detail,1,117,KTBYKHKWIFIFAK-UHFFFAOYNA-N,-10.452
MMP13,c_VAL116,mut_s1,detail,1,118,ZRXZEWGUECXTTQ-LQFNOIFHNA-N,-9.64
MMP13,c_VAL116,mut_s1,detail,1,119,XNACBBGLIAJNJM-PECIQRARNA-N,-8.08
MMP13,c_VAL116,mut_s1,detail,1,120,WQZYYJRVBIQUGH-YWZOXAELNA-N,-11.422
MMP13,c_VAL116,mut_s1,detail,1,121,ABMSRNRLDZVJFV-SWUIVHNENA-N,-8.741
MMP13,c_VAL116,mut_s1,detail,1,122,ZEACBIUBSOLEGW-QAITUMOCNA-N,-10.258
MMP13,c_VAL116,mut_s1,detail,1,123,UBFCDXVLKFOOGL-OKPOJWAQNA-N,-9.041
MMP13,c_VAL116,mut_s1,detail,1,124,RRIHVAFUFDANEX-NSJMMFDCNA-N,-8.376
MMP13,c_VAL116,mut_s1,detail,1,125,HASIAUWPWKTSBW-SREBMQDQNA-N,-8.963
MMP13,c_VAL116,mut_s1,detail,1,126,WHBCKYHTCHCHAY-LQFNOIFHNA-N,-8.962
MMP13,c_VAL116,mut_s1,detail,1,127,XMAYWYJOQHXEEK-JYFHCDHNNA-N,-10.149
MMP13,c_VAL116,mut_s1,detail,1,128,TVKCFCZANTZCSU-OYRHEFFENA-N,-10.177
MMP13,c_VAL116,mut_s1,detail,1,129,OJFIIUWPOHBVMH-LNNLXFCONA-N,-6.97
MMP13,c_VAL116,mut_s1,detail,1,130,DKLZMGFTGWKNCD-DIRLUKLVNA-N,-10.244
MMP13,c_VAL116,mut_s1,detail,1,131,PYSLGWZFRQWTDD-PWIKPTQSNA-N,-11.494
MMP13,c_VAL116,mut_s1,detail,1,132,MWMBIUUYBQWKJX-QTUCRYGENA-N,-8.295
MMP13,c_VAL116,mut_s1,detail,1,133,FLYQFCXTEFTSQN-UHFFFAOYNA-N,-8.923
MMP13,c_VAL116,mut_s1,detail,1,134,PBIBDSDWIMZYDT-WBWGZOKWNA-N,-9.498
MMP13,c_VAL116,mut_s1,detail,1,135,GSRWMFGBDLHGBU-YEFLILRRNA-N,-8.542
MMP13,c_VAL116,mut_s1,detail,1,136,AYIJJQHMZAEQKE-QDAGQJSJNA-N,-8.239
MMP13,c_VAL116,mut_s1,detail,1,137,JVWTZUKPDMRNDC-FSAKADSPNA-N,-9.108
MMP13,c_VAL116,mut_s1,detail,1,138,XAZPLOLSRXZDBO-LBZABMTDNA-N,-7.04
MMP13,c_VAL116,mut_s1,detail,1,139,RGWVFJBNHCWCTL-CFEGKOCINA-N,-9.754
MMP13,c_VAL116,mut_s1,detail,1,140,YYWNRQZCPIMCAK-UHFFFAOYNA-N,-10.227
MMP13,c_VAL116,mut_s1,detail,1,141,PBTZDKNKXRSZPM-XBXBPLPCNA-N,-9.97
MMP13,c_VAL116,mut_s1,detail,1,142,QQPOIMHFFPBDQM-LELJVTLKNA-N,-10.104
MMP13,c_VAL116,mut_s1,detail,1,143,NYFQURFFDGCBCB-MAQJPOOANA-N,-9.009
MMP13,c_VAL116,mut_s1,detail,1,144,HXZVHWHABLBWBS-MTTPVDACNA-N,-10.116
MMP13,c_VAL116,mut_s1,detail,1,145,IWYYSOJWYLZKLK-LELJVTLKNA-N,-8.76
MMP13,c_VAL116,mut_s1,detail,1,146,HOGUCNPGZXMBGW-UHFFFAOYNA-N,-9.531
MMP13,c_VAL116,mut_s1,detail,1,147,VITUDJAVASFPKN-DUFUIDNCNA-N,-10.282
MMP13,c_VAL116,mut_s1,detail,1,148,IXAHDCRYEUYPBG-SCXYCHFONA-N,-10.758
MMP13,c_VAL116,mut_s1,detail,1,149,JWHMEKMLAZQDNS-OZMOGHDGNA-N,-9.36
MMP13,c_VAL116,mut_s1,detail,1,150,BZWNBTIJLRHNDZ-LBOYIXSDNA-N,-8.143
MMP13,c_VAL116,mut_s1,detail,1,151,RECYROBESYRUML-UHFFFAOYNA-N,-8.535
MMP13,c_VAL116,mut_s1,detail,1,152,MLDSJJJLQRZNKW-UHBIVWOUNA-N,-9.778
MMP13,c_VAL116,mut_s1,detail,1,153,XTWIHJARHCYNFX-PHXLCVRDNA-N,-9.455
MMP13,c_VAL116,mut_s1,detail,1,154,UQGFETVWTRDGKJ-UHFFFAOYNA-N,-8.295
MMP13,c_VAL116,mut_s1,detail,1,155,VJFSMDWEMFOWDK-CYSPOYASNA-N,-11.276
MMP13,c_VAL116,mut_s1,detail,1,156,NZYLXYBIWNIAGH-CYSPOYASNA-N,-10.775
MMP13,c_VAL116,mut_s1,detail,1,157,ODXCWFOKLBJQNP-MPIMZMORNA-N,-8.927
MMP13,c_VAL116,mut_s1,detail,1,158,FVDNMAPPDSKXKQ-UHFFFAOYNA-N,-11.38
MMP13,c_VAL116,mut_s1,detail,1,159,DOPWMPRIRWTOOD-CCHPKIMANA-N,-8.442
MMP13,c_LEU82,mut_s1,detail,1,0,URVMSYHISUZXNH-UYBDAZJANA-N,-9.319
MMP13,c_LEU82,mut_s1,detail,1,1,KXRPCFINVWWFHQ-UHFFFAOYNA-N,-5.17
MMP13,c_LEU82,mut_s1,detail,1,2,NICJTSHRYBTHAS-YHMJCDSINA-N,-8.017
MMP13,c_LEU82,mut_s1,detail,1,3,SWRZVDTZHDWPDS-AWIDAIFANA-N,-9.599
MMP13,c_LEU82,mut_s1,detail,1,4,RKNSLLSUFWWYCA-UHFFFAOYNA-N,-8.646
MMP13,c_LEU82,mut_s1,detail,1,5,OZFSIKFTRRUDES-RIYZIHGNNA-N,-7.197
MMP13,c_LEU82,mut_s1,detail,1,6,AAGGUCRASUJPPN-UHFFFAOYNA-N,-8.158
MMP13,c_LEU82,mut_s1,detail,1,7,OYHXDPMAFYHDNG-YAQRNVERNA-N,-8.384
MMP13,c_LEU82,mut_s1,detail,1,8,AWILWAIEQYZUEQ-UHFFFAOYNA-N,-7.435
MMP13,c_LEU82,mut_s1,detail,1,9,WSFAXHLMQUUHQT-VMPITWQZNA-N,-8.484
MMP13,c_LEU82,mut_s1,detail,1,10,WPHMTVNOXKBZKN-UHFFFAOYNA-N,-7.695
MMP13,c_LEU82,mut_s1,detail,1,11,LPEIZNODGHDCCW-UHFFFAOYNA-N,-6.59
MMP13,c_LEU82,mut_s1,detail,1,12,QQHWWDVSRWOHEP-LILDFLRNNA-N,-6.915
MMP13,c_LEU82,mut_s1,detail,1,13,UMEVSSPGBFVQNC-UHFFFAOYNA-N,-7.158
MMP13,c_LEU82,mut_s1,detail,1,14,VZDIOEKWWZRNQN-UHFFFAOYNA-N,-8.965
MMP13,c_LEU82,mut_s1,detail,1,15,JEVLDOUORFAHRS-NDKGDYFDNA-N,-8.176
MMP13,c_LEU82,mut_s1,detail,1,16,NFTGJNJRMWUBPG-GPQMBLKYNA-N,-7.928
MMP13,c_LEU82,mut_s1,detail,1,17,UMUUTEZBWGDVDA-UHFFFAOYNA-N,-7.85
MMP13,c_LEU82,mut_s1,detail,1,18,VLQKEPLNPGYNDJ-HCKMINDGNA-N,-8.772
MMP13,c_LEU82,mut_s1,detail,1,19,PPMVTAATPZLMJM-CDDDEJBQNA-N,-7.6
MMP13,c_LEU82,mut_s1,detail,1,20,AHLYFAKLKLMESK-YAQRNVERNA-N,-8.079
MMP13,c_LEU82,mut_s1,detail,1,21,GYEJYLAGVWRSIM-KGJHZMDYNA-N,-7.18
MMP13,c_LEU82,mut_s1,detail,1,22,RXVALSLAUOIYLW-UHFFFAOYNA-N,-6.573
MMP13,c_LEU82,mut_s1,detail,1,23,NSELYIFATLFDOZ-JLGFQASFNA-N,-8.457
MMP13,c_LEU82,mut_s1,detail,1,24,COQFBYACOHFCEC-UHFFFAOYNA-N,-7.383
MMP13,c_LEU82,mut_s1,detail,1,25,CJGJXFCLDYQBFQ-YJGXKCCXNA-N,-9.445
MMP13,c_LEU82,mut_s1,detail,1,26,BWNGRRJLFYHENY-INIZCTEONA-N,-8.147
MMP13,c_LEU82,mut_s1,detail,1,27,BNRFXWSJKVJVOF-UYBDAZJANA-N,-9.054
MMP13,c_LEU82,mut_s1,detail,1,28,DMULMZBZVBBWBY-PJZINPJWNA-N,-10.193
MMP13,c_LEU82,mut_s1,detail,1,29,AXLAIGJGNKHDPO-UHFFFAOYNA-N,-6.156
MMP13,c_LEU82,mut_s1,detail,1,30,RKDGAONZEPYEBT-WXRBYKJCNA-N,-6.932
MMP13,c_LEU82,mut_s1,detail,1,31,MBOYDUZSCSNUQL-MBBDSNKKNA-N,-8.797
MMP13,c_LEU82,mut_s1,detail,1,32,KPVDBHRTXOFQDK-YAQRNVERNA-N,-7.696
MMP13,c_LEU82,mut_s1,detail,1,33,LVCNFMYUKISBSB-VJSNTGQMNA-N,-8.649
MMP13,c_LEU82,mut_s1,detail,1,34,XLAHCIRKLMJUQC-DZQCGVKKNA-N,-9.096
MMP13,c_LEU82,mut_s1,detail,1,35,QNYHDABGLCBJOE-SHHGZXMVNA-N,-9.592
MMP13,c_LEU82,mut_s1,detail,1,36,HEKNRISBWSPMOG-OWTLIXCDNA-N,-6.517
MMP13,c_LEU82,mut_s1,detail,1,37,VIRNXCRLEVZXNX-LILDFLRNNA-N,-10.516
MMP13,c_LEU82,mut_s1,detail,1,38,SRTGERSEXJGDMR-UHFFFAOYNA-N,-6.211
MMP13,c_LEU82,mut_s1,detail,1,39,ZGMGSSRLZJYOKH-WXRBYKJCNA-N,-7.407
MMP13,c_LEU82,mut_s1,detail,1,40,VGYFDFRFGHHCDA-CUTUCBJDNA-N,-8.54
MMP13,c_LEU82,mut_s1,detail,1,41,DILPMLYWQJPNLO-HCKMINDGNA-N,-8.545
MMP13,c_LEU82,mut_s1,detail,1,42,RSOODJIGEVJLMK-LQFNOIFHNA-N,-8.936
MMP13,c_LEU82,mut_s1,detail,1,43,OWHHWMUAYBIQPR-UHFFFAOYNA-N,-9.233
MMP13,c_LEU82,mut_s1,detail,1,44,KPIKMVZJKZDOFC-UHFFFAOYNA-N,-8.968
MMP13,c_LEU82,mut_s1,detail,1,45,DIKDKRUREJXLMR-DPMTXJEANA-N,-10.254
MMP13,c_LEU82,mut_s1,detail,1,46,QRVJDPKQHAVBDK-UYBDAZJANA-N,-8.539
MMP13,c_LEU82,mut_s1,detail,1,47,SGBSFKSDPWOALT-UYBDAZJANA-N,-9.128
MMP13,c_LEU82,mut_s1,detail,1,48,CYHFRNFVZWVHCG-OTJKMEOQNA-N,-7.816
MMP13,c_LEU82,mut_s1,detail,1,49,MJUDQDHXCQONOA-MPIMZMORNA-N,-8.329
MMP13,c_LEU82,mut_s1,detail,1,50,RNVYRNLUUYNQAS-PKSOQXRJNA-N,-7.585
MMP13,c_LEU82,mut_s1,detail,1,51,DLZXOZYETDVJEB-QWOVJGMINA-N,-6.948
MMP13,c_LEU82,mut_s1,detail,1,52,HSICVZRDGBJSEL-GPQMBLKYNA-N,-7.622
MMP13,c_LEU82,mut_s1,detail,1,53,HMRUHHFLIMYEAF-QNGOCPJXNA-N,-7.53
MMP13,c_LEU82,mut_s1,detail,1,54,ZZOWQPSBJUXHCA-YSPRVCGUNA-N,-9.554
MMP13,c_LEU82,mut_s1,detail,1,55,WDDJLHOUFWSQSV-UHFFFAOYNA-N,-8.699
MMP13,c_LEU82,mut_s1,detail,1,56,UKLIIGXGTPSYBF-IBCWCQIKNA-N,-9.732
MMP13,c_LEU82,mut_s1,detail,1,57,LNPOBRXJZYGQMS-MOHJPFBDNA-N,-8.707
MMP13,c_LEU82,mut_s1,detail,1,58,FYILBFPPKIZBTO-UHFFFAOYNA-N,-8.141
MMP13,c_LEU82,mut_s1,detail,1,59,MIKIJFODTJGFDI-LILDFLRNNA-N,-8.538
MMP13,c_LEU82,mut_s1,detail,1,60,RUWCNSLWWCWTSU-LILDFLRNNA-N,-7.703
MMP13,c_LEU82,mut_s1,detail,1,61,KLQWCHKIQJHYIB-UHFFFAOYNA-N,-9.082
MMP13,c_LEU82,mut_s1,detail,1,62,QKAWGENQCGFAOE-NPVYFSBINA-N,-7.462
MMP13,c_LEU82,mut_s1,detail,1,63,KGOKCBRZBBEYBE-MMRXBHCZNA-N,-9.502
MMP13,c_LEU82,mut_s1,detail,1,64,ROFRXCLSWKEWTN-UHFFFAOYNA-N,-8.262
MMP13,c_LEU82,mut_s1,detail,1,65,AKRMJNKLSCBEME-FPYGCLRLNA-N,-8.446
MMP13,c_LEU82,mut_s1,detail,1,66,LCGJUJZLLYTYIF-XMFFZCEENA-N,-8.696
MMP13,c_LEU82,mut_s1,detail,1,67,FREQNFSEYLEFOI-QRCVEOAVNA-N,-8.33
MMP13,c_LEU82,mut_s1,detail,1,68,MHMINAYLMNBGSM-UHFFFAOYNA-N,-7.313
MMP13,c_LEU82,mut_s1,detail,1,69,SYMNTBHEGHFZMV-UHFFFAOYNA-N,-8.378
MMP13,c_LEU82,mut_s1,detail,1,70,NNCRWGMPCGSKOO-LILDFLRNNA-N,-8.097
MMP13,c_LEU82,mut_s1,detail,1,71,ZCRRNCCNJMRGFI-UHFFFAOYNA-N,-9.489
MMP13,c_LEU82,mut_s1,detail,1,72,PYVZEIBGEUQNQQ-UHFFFAOYNA-N,-8.855
MMP13,c_LEU82,mut_s1,detail,1,73,OROJQWVRCGJACT-XBTAAFKLNA-N,-10.368
MMP13,c_LEU82,mut_s1,detail,1,74,TXYUWXKCUDOUGU-JLGFQASFNA-N,-7.422
MMP13,c_LEU82,mut_s1,detail,1,75,LAZANALODSEDSE-UHFFFAOYNA-N,-7.278
MMP13,c_LEU82,mut_s1,detail,1,76,RJXCYVJLXGRCHK-UHFFFAOYNA-N,-9.465
MMP13,c_LEU82,mut_s1,detail,1,77,FUSKIBWHJAWEFI-IEJAXPBYNA-N,-9.497
MMP13,c_LEU82,mut_s1,detail,1,78,SGWVLOCBQLQWQV-UHFFFAOYNA-N,-9.988
MMP13,c_LEU82,mut_s1,detail,1,79,PPXRQTYXLZCDAZ-QWOVJGMINA-N,-9.296
MMP13,c_LEU82,mut_s1,detail,1,80,DIFBADFWLVYFHV-LELJVTLKNA-N,-9.094
MMP13,c_LEU82,mut_s1,detail,1,81,XREOSEVJCQGCHE-MHPMNMKGNA-N,-8.619
MMP13,c_LEU82,mut_s1,detail,1,82,ZHGPKHBXSKWZEQ-UHFFFAOYNA-N,-8.445
MMP13,c_LEU82,mut_s1,detail,1,83,ZFAYPJJNPSNAFK-UHFFFAOYNA-N,-8.634
MMP13,c_LEU82,mut_s1,detail,1,84,LTXMRAGWIDQTQT-MYUTVWBTNA-N,-9.972
MMP13,c_LEU82,mut_s1,detail,1,85,VXQHYHSSGLOALC-SPEPDGBUNA-N,-10.455
MMP13,c_LEU82,mut_s1,detail,1,86,KWDSFRAWCISROF-PJQSKVNONA-N,-9.156
MMP13,c_LEU82,mut_s1,detail,1,87,ZJZXSQPHUQUHIV-ZGZFQTMPNA-N,-10.004
MMP13,c_LEU82,mut_s1,detail,1,88,UYHIVPBYFWVWEJ-UHFFFAOYNA-N,-9.237
MMP13,c_LEU82,mut_s1,detail,1,89,PLEFJSUCKRWHBY-LNNLXFCONA-N,-8.23
MMP13,c_LEU82,mut_s1,detail,1,90,DNSRQCRQLKJUCC-PDJAEHLQNA-N,-7.925
MMP13,c_LEU82,mut_s1,detail,1,91,PHYKZCBUNVYJNH-YDBXFXKPNA-N,-7.691
MMP13,c_LEU82,mut_s1,detail,1,92,OOUHZBUAVKCDGA-UHFFFAOYNA-N,-8.452
MMP13,c_LEU82,mut_s1,detail,1,93,UUQDFZFJDFMLHW-UHFFFAOYNA-N,-9.069
MMP13,c_LEU82,mut_s1,detail,1,94,OOUDDHNLDLLUOL-SKKVRFOWNA-N,-9.885
MMP13,c_LEU82,mut_s1,detail,1,95,ZDMQSUAMTLXUTE-MPIMZMORNA-N,-8.684
MMP13,c_LEU82,mut_s1,detail,1,96,NMPLPABDEKPABN-UHFFFAOYNA-N,-9.24
MMP13,c_LEU82,mut_s1,detail,1,97,INZRHGSVWGRHBM-NPVYFSBINA-N,-9.602
MMP13,c_LEU82,mut_s1,detail,1,98,RVGCWMKVTAEQIH-LNNLXFCONA-N,-9.575
MMP13,c_LEU82,mut_s1,detail,1,99,VRXWKRQOVMZBAF-LJQANCHMNA-N,-7.062
MMP13,c_LEU82,mut_s1,detail,1,100,QACLWOIBBYOHQP-UYBDAZJANA-N,-7.667
MMP13,c_LEU82,mut_s1,detail,1,101,ZNXSZVFPCBIELQ-LNNLXFCONA-N,-8.169
MMP13,c_LEU82,mut_s1,detail,1,102,GKMWCCNMKRSQHR-VEKUMTKDNA-N,-8.426
MMP13,c_LEU82,mut_s1,detail,1,103,FFGUSRSMWFYKGK-SKKVRFOWNA-N,-9.647
MMP13,c_LEU82,mut_s1,detail,1,104,KXBDDGKXLZBLOM-SPEPDGBUNA-N,-8.545
MMP13,c_LEU82,mut_s1,detail,1,105,MIUWULAZCXYTJW-MSHHZIMBNA-N,-9.876
MMP13,c_LEU82,mut_s1,detail,1,106,JPZOYWVRFLZCIC-NJNXFGOHNA-N,-9.422
MMP13,c_LEU82,mut_s1,detail,1,107,FAIQTLBYDVKBAB-DVIAZDKANA-N,-9.041
MMP13,c_LEU82,mut_s1,detail,1,108,APFLRZZAOXCNAZ-UHFFFAOYNA-N,-8.52
MMP13,c_LEU82,mut_s1,detail,1,109,BSQLDSQTGOZBFD-UHFFFAOYNA-N,-8.226
MMP13,c_LEU82,mut_s1,detail,1,110,ZVVCFJXCDATSCC-UHFFFAOYNA-N,-10.015
MMP13,c_LEU82,mut_s1,detail,1,111,SKEQTXZATFWVMB-UYBDAZJANA-N,-8.647
MMP13,c_LEU82,mut_s1,detail,1,112,IATWYRHDJKMBQK-MPIMZMORNA-N,-8.094
MMP13,c_LEU82,mut_s1,detail,1,113,JPWOEQDCUZCWKT-MPIMZMORNA-N,-6.874
MMP13,c_LEU82,mut_s1,detail,1,114,RYHSAXRBHDHPPK-PKSOQXRJNA-N,-8.136
MMP13,c_LEU82,mut_s1,detail,1,115,GKKJWUFVZJJFPG-MPIMZMORNA-N,-9.27
MMP13,c_LEU82,mut_s1,detail,1,116,FDNZXFDUCINVLY-BDGWVKIONA-N,-8.737
MMP13,c_LEU82,mut_s1,detail,1,117,KTBYKHKWIFIFAK-UHFFFAOYNA-N,-10.371
MMP13,c_LEU82,mut_s1,detail,1,118,ZRXZEWGUECXTTQ-LQFNOIFHNA-N,-10.065
MMP13,c_LEU82,mut_s1,detail,1,119,XNACBBGLIAJNJM-PECIQRARNA-N,-7.661
MMP13,c_LEU82,mut_s1,detail,1,120,WQZYYJRVBIQUGH-YWZOXAELNA-N,-11.122
MMP13,c_LEU82,mut_s1,detail,1,121,ABMSRNRLDZVJFV-SWUIVHNENA-N,-9.193
MMP13,c_LEU82,mut_s1,detail,1,122,ZEACBIUBSOLEGW-QAITUMOCNA-N,-10.101
MMP13,c_LEU82,mut_s1,detail,1,123,UBFCDXVLKFOOGL-OKPOJWAQNA-N,-9.268
MMP13,c_LEU82,mut_s1,detail,1,124,RRIHVAFUFDANEX-NSJMMFDCNA-N,-7.341
MMP13,c_LEU82,mut_s1,detail,1,125,HASIAUWPWKTSBW-SREBMQDQNA-N,-7.873
MMP13,c_LEU82,mut_s1,detail,1,126,WHBCKYHTCHCHAY-LQFNOIFHNA-N,-10.853
MMP13,c_LEU82,mut_s1,detail,1,127,XMAYWYJOQHXEEK-JYFHCDHNNA-N,-10.466
MMP13,c_LEU82,mut_s1,detail,1,128,TVKCFCZANTZCSU-OYRHEFFENA-N,-10.458
MMP13,c_LEU82,mut_s1,detail,1,129,OJFIIUWPOHBVMH-LNNLXFCONA-N,-7.609
MMP13,c_LEU82,mut_s1,detail,1,130,DKLZMGFTGWKNCD-DIRLUKLVNA-N,-10.846
MMP13,c_LEU82,mut_s1,detail,1,131,PYSLGWZFRQWTDD-PWIKPTQSNA-N,-10.549
MMP13,c_LEU82,mut_s1,detail,1,132,MWMBIUUYBQWKJX-QTUCRYGENA-N,-8.414
MMP13,c_LEU82,mut_s1,detail,1,133,FLYQFCXTEFTSQN-UHFFFAOYNA-N,-9.172
MMP13,c_LEU82,mut_s1,detail,1,134,PBIBDSDWIMZYDT-WBWGZOKWNA-N,-9.104
MMP13,c_LEU82,mut_s1,detail,1,135,GSRWMFGBDLHGBU-YEFLILRRNA-N,-8.602
MMP13,c_LEU82,mut_s1,detail,1,136,AYIJJQHMZAEQKE-QDAGQJSJNA-N,-8.272
MMP13,c_LEU82,mut_s1,detail,1,137,JVWTZUKPDMRNDC-FSAKADSPNA-N,-9.755
MMP13,c_LEU82,mut_s1,detail,1,138,XAZPLOLSRXZDBO-LBZABMTDNA-N,-6.609
MMP13,c_LEU82,mut_s1,detail,1,139,RGWVFJBNHCWCTL-CFEGKOCINA-N,-9.388
MMP13,c_LEU82,mut_s1,detail,1,140,YYWNRQZCPIMCAK-UHFFFAOYNA-N,-10.281
MMP13,c_LEU82,mut_s1,detail,1,141,PBTZDKNKXRSZPM-XBXBPLPCNA-N,-10.051
MMP13,c_LEU82,mut_s1,detail,1,142,QQPOIMHFFPBDQM-LELJVTLKNA-N,-10.215
MMP13,c_LEU82,mut_s1,detail,1,143,NYFQURFFDGCBCB-MAQJPOOANA-N,-9.085
MMP13,c_LEU82,mut_s1,detail,1,144,HXZVHWHABLBWBS-MTTPVDACNA-N,-10.289
MMP13,c_LEU82,mut_s1,detail,1,145,IWYYSOJWYLZKLK-LELJVTLKNA-N,-8.938
MMP13,c_LEU82,mut_s1,detail,1,146,HOGUCNPGZXMBGW-UHFFFAOYNA-N,-9.691
MMP13,c_LEU82,mut_s1,detail,1,147,VITUDJAVASFPKN-DUFUIDNCNA-N,-9.799
MMP13,c_LEU82,mut_s1,detail,1,148,IXAHDCRYEUYPBG-SCXYCHFONA-N,-10.808
MMP13,c_LEU82,mut_s1,detail,1,149,JWHMEKMLAZQDNS-OZMOGHDGNA-N,-8.801
MMP13,c_LEU82,mut_s1,detail,1,150,BZWNBTIJLRHNDZ-LBOYIXSDNA-N,-9.612
MMP13,c_LEU82,mut_s1,detail,1,151,RECYROBESYRUML-UHFFFAOYNA-N,-9.198
MMP13,c_LEU82,mut_s1,detail,1,152,MLDSJJJLQRZNKW-UHBIVWOUNA-N,-10.784
MMP13,c_LEU82,mut_s1,detail,1,153,XTWIHJARHCYNFX-PHXLCVRDNA-N,-9.751
MMP13,c_LEU82,mut_s1,detail,1,154,UQGFETVWTRDGKJ-UHFFFAOYNA-N,-7.566
MMP13,c_LEU82,mut_s1,detail,1,155,VJFSMDWEMFOWDK-CYSPOYASNA-N,-11.139
MMP13,c_LEU82,mut_s1,detail,1,156,NZYLXYBIWNIAGH-CYSPOYASNA-N,-10.804
MMP13,c_LEU82,mut_s1,detail,1,157,ODXCWFOKLBJQNP-MPIMZMORNA-N,-8.689
MMP13,c_LEU82,mut_s1,detail,1,158,FVDNMAPPDSKXKQ-UHFFFAOYNA-N,-11.014
MMP13,c_LEU82,mut_s1,detail,1,159,DOPWMPRIRWTOOD-CCHPKIMANA-N,-9.694
MMP13,c_MET137,mut_s1,detail,1,0,URVMSYHISUZXNH-UYBDAZJANA-N,-9.326
MMP13,c_MET137,mut_s1,detail,1,1,KXRPCFINVWWFHQ-UHFFFAOYNA-N,-5.377
MMP13,c_MET137,mut_s1,detail,1,2,NICJTSHRYBTHAS-YHMJCDSINA-N,-7.674
MMP13,c_MET137,mut_s1,detail,1,3,SWRZVDTZHDWPDS-AWIDAIFANA-N,-9.613
MMP13,c_MET137,mut_s1,detail,1,4,RKNSLLSUFWWYCA-UHFFFAOYNA-N,-8.7
MMP13,c_MET137,mut_s1,detail,1,5,OZFSIKFTRRUDES-RIYZIHGNNA-N,-7.096
MMP13,c_MET137,mut_s1,detail,1,6,AAGGUCRASUJPPN-UHFFFAOYNA-N,-8.34
MMP13,c_MET137,mut_s1,detail,1,7,OYHXDPMAFYHDNG-YAQRNVERNA-N,-8.425
MMP13,c_MET137,mut_s1,detail,1,8,AWILWAIEQYZUEQ-UHFFFAOYNA-N,-7.63
MMP13,c_MET137,mut_s1,detail,1,9,WSFAXHLMQUUHQT-VMPITWQZNA-N,-8.436
MMP13,c_MET137,mut_s1,detail,1,10,WPHMTVNOXKBZKN-UHFFFAOYNA-N,-7.832
MMP13,c_MET137,mut_s1,detail,1,11,LPEIZNODGHDCCW-UHFFFAOYNA-N,-7.279
MMP13,c_MET137,mut_s1,detail,1,12,QQHWWDVSRWOHEP-LILDFLRNNA-N,-7.423
MMP13,c_MET137,mut_s1,detail,1,13,UMEVSSPGBFVQNC-UHFFFAOYNA-N,-7.274
MMP13,c_MET137,mut_s1,detail,1,14,VZDIOEKWWZRNQN-UHFFFAOYNA-N,-8.962
MMP13,c_MET137,mut_s1,detail,1,15,JEVLDOUORFAHRS-NDKGDYFDNA-N,-7.769
MMP13,c_MET137,mut_s1,detail,1,16,NFTGJNJRMWUBPG-GPQMBLKYNA-N,-8.229
MMP13,c_MET137,mut_s1,detail,1,17,UMUUTEZBWGDVDA-UHFFFAOYNA-N,-8.094
MMP13,c_MET137,mut_s1,detail,1,18,VLQKEPLNPGYNDJ-HCKMINDGNA-N,-8.874
MMP13,c_MET137,mut_s1,detail,1,19,PPMVTAATPZLMJM-CDDDEJBQNA-N,-7.606
MMP13,c_MET137,mut_s1,detail,1,20,AHLYFAKLKLMESK-YAQRNVERNA-N,-8.292
MMP13,c_MET137,mut_s1,detail,1,21,GYEJYLAGVWRSIM-KGJHZMDYNA-N,-6.945
MMP13,c_MET137,mut_s1,detail,1,22,RXVALSLAUOIYLW-UHFFFAOYNA-N,-6.754
MMP13,c_MET137,mut_s1,detail,1,23,NSELYIFATLFDOZ-JLGFQASFNA-N,-8.432
MMP13,c_MET137,mut_s1,detail,1,24,COQFBYACOHFCEC-UHFFFAOYNA-N,-7.226
MMP13,c_MET137,mut_s1,detail,1,25,CJGJXFCLDYQBFQ-YJGXKCCXNA-N,-9.626
MMP13,c_MET137,mut_s1,detail,1,26,BWNGRRJLFYHENY-INIZCTEONA-N,-8.251
MMP13,c_MET137,mut_s1,detail,1,27,BNRFXWSJKVJVOF-UYBDAZJANA-N,-9.002
MMP13,c_MET137,mut_s1,detail,1,28,DMULMZBZVBBWBY-PJZINPJWNA-N,-10.47
MMP13,c_MET137,mut_s1,detail,1,29,AXLAIGJGNKHDPO-UHFFFAOYNA-N,-6.352
MMP13,c_MET137,mut_s1,detail,1,30,RKDGAONZEPYEBT-WXRBYKJCNA-N,-7.126
MMP13,c_MET137,mut_s1,detail,1,31,MBOYDUZSCSNUQL-MBBDSNKKNA-N,-8.733
MMP13,c_MET137,mut_s1,detail,1,32,KPVDBHRTXOFQDK-YAQRNVERNA-N,-7.922
MMP13,c_MET137,mut_s1,detail,1,33,LVCNFMYUKISBSB-VJSNTGQMNA-N,-8.757
MMP13,c_MET137,mut_s1,detail,1,34,XLAHCIRKLMJUQC-DZQCGVKKNA-N,-9.391
MMP13,c_MET137,mut_s1,detail,1,35,QNYHDABGLCBJOE-SHHGZXMVNA-N,-9.28
MMP13,c_MET137,mut_s1,detail,1,36,HEKNRISBWSPMOG-OWTLIXCDNA-N,-6.374
MMP13,c_MET137,mut_s1,detail,1,37,VIRNXCRLEVZXNX-LILDFLRNNA-N,-10.646
MMP13,c_MET137,mut_s1,detail,1,38,SRTGERSEXJGDMR-UHFFFAOYNA-N,-6.833
MMP13,c_MET137,mut_s1,detail,1,39,ZGMGSSRLZJYOKH-WXRBYKJCNA-N,-7.306
MMP13,c_MET137,mut_s1,detail,1,40,VGYFDFRFGHHCDA-CUTUCBJDNA-N,-8.777
MMP13,c_MET137,mut_s1,detail,1,41,DILPMLYWQJPNLO-HCKMINDGNA-N,-8.944
MMP13,c_MET137,mut_s1,detail,1,42,RSOODJIGEVJLMK-LQFNOIFHNA-N,-9.237
MMP13,c_MET137,mut_s1,detail,1,43,OWHHWMUAYBIQPR-UHFFFAOYNA-N,-9.635
MMP13,c_MET137,mut_s1,detail,1,44,KPIKMVZJKZDOFC-UHFFFAOYNA-N,-9.273
MMP13,c_MET137,mut_s1,detail,1,45,DIKDKRUREJXLMR-DPMTXJEANA-N,-10.232
MMP13,c_MET137,mut_s1,detail,1,46,QRVJDPKQHAVBDK-UYBDAZJANA-N,-8.487
MMP13,c_MET137,mut_s1,detail,1,47,SGBSFKSDPWOALT-UYBDAZJANA-N,-10.026
MMP13,c_MET137,mut_s1,detail,1,48,CYHFRNFVZWVHCG-OTJKMEOQNA-N,-7.718
MMP13,c_MET137,mut_s1,detail,1,49,MJUDQDHXCQONOA-MPIMZMORNA-N,-8.139
MMP13,c_MET137,mut_s1,detail,1,50,RNVYRNLUUYNQAS-PKSOQXRJNA-N,-7.724
MMP13,c_MET137,mut_s1,detail,1,51,DLZXOZYETDVJEB-QWOVJGMINA-N,-6.65
MMP13,c_MET137,mut_s1,detail,1,52,HSICVZRDGBJSEL-GPQMBLKYNA-N,-7.502
MMP13,c_MET137,mut_s1,detail,1,53,HMRUHHFLIMYEAF-QNGOCPJXNA-N,-7.798
MMP13,c_MET137,mut_s1,detail,1,54,ZZOWQPSBJUXHCA-YSPRVCGUNA-N,-9.461
MMP13,c_MET137,mut_s1,detail,1,55,WDDJLHOUFWSQSV-UHFFFAOYNA-N,-9.473
MMP13,c_MET137,mut_s1,detail,1,56,UKLIIGXGTPSYBF-IBCWCQIKNA-N,-9.52
MMP13,c_MET137,mut_s1,detail,1,57,LNPOBRXJZYGQMS-MOHJPFBDNA-N,-8.87
MMP13,c_MET137,mut_s1,detail,1,58,FYILBFPPKIZBTO-UHFFFAOYNA-N,-8.042
MMP13,c_MET137,mut_s1,detail,1,59,MIKIJFODTJGFDI-LILDFLRNNA-N,-9.1
MMP13,c_MET137,mut_s1,detail,1,60,RUWCNSLWWCWTSU-LILDFLRNNA-N,-7.838
MMP13,c_MET137,mut_s1,detail,1,61,KLQWCHKIQJHYIB-UHFFFAOYNA-N,-9.098
MMP13,c_MET137,mut_s1,detail,1,62,QKAWGENQCGFAOE-NPVYFSBINA-N,-8.649
MMP13,c_MET137,mut_s1,detail,1,63,KGOKCBRZBBEYBE-MMRXBHCZNA-N,-9.359
MMP13,c_MET137,mut_s1,detail,1,64,ROFRXCLSWKEWTN-UHFFFAOYNA-N,-8.123
MMP13,c_MET137,mut_s1,detail,1,65,AKRMJNKLSCBEME-FPYGCLRLNA-N,-8.041
MMP13,c_MET137,mut_s1,detail,1,66,LCGJUJZLLYTYIF-XMFFZCEENA-N,-8.304
MMP13,c_MET137,mut_s1,detail,1,67,FREQNFSEYLEFOI-QRCVEOAVNA-N,-8.471
MMP13,c_MET137,mut_s1,detail,1,68,MHMINAYLMNBGSM-UHFFFAOYNA-N,-6.419
MMP13,c_MET137,mut_s1,detail,1,69,SYMNTBHEGHFZMV-UHFFFAOYNA-N,-8.241
MMP13,c_MET137,mut_s1,detail,1,70,NNCRWGMPCGSKOO-LILDFLRNNA-N,-8.244
MMP13,c_MET137,mut_s1,detail,1,71,ZCRRNCCNJMRGFI-UHFFFAOYNA-N,-10.099
MMP13,c_MET137,mut_s1,detail,1,72,PYVZEIBGEUQNQQ-UHFFFAOYNA-N,-8.745
MMP13,c_MET137,mut_s1,detail,1,73,OROJQWVRCGJACT-XBTAAFKLNA-N,-10.616
MMP13,c_MET137,mut_s1,detail,1,74,TXYUWXKCUDOUGU-JLGFQASFNA-N,-7.555
MMP13,c_MET137,mut_s1,detail,1,75,LAZANALODSEDSE-UHFFFAOYNA-N,-7.129
MMP13,c_MET137,mut_s1,detail,1,76,RJXCYVJLXGRCHK-UHFFFAOYNA-N,-9.606
MMP13,c_MET137,mut_s1,detail,1,77,FUSKIBWHJAWEFI-IEJAXPBYNA-N,-9.404
MMP13,c_MET137,mut_s1,detail,1,78,SGWVLOCBQLQWQV-UHFFFAOYNA-N,-10.113
MMP13,c_MET137,mut_s1,detail,1,79,PPXRQTYXLZCDAZ-QWOVJGMINA-N,-9.47
MMP13,c_MET137,mut_s1,detail,1,80,DIFBADFWLVYFHV-LELJVTLKNA-N,-8.832
MMP13,c_MET137,mut_s1,detail,1,81,XREOSEVJCQGCHE-MHPMNMKGNA-N,-7.671
MMP13,c_MET137,mut_s1,detail,1,82,ZHGPKHBXSKWZEQ-UHFFFAOYNA-N,-8.61
MMP13,c_MET137,mut_s1,detail,1,83,ZFAYPJJNPSNAFK-UHFFFAOYNA-N,-8.108
MMP13,c_MET137,mut_s1,detail,1,84,LTXMRAGWIDQTQT-MYUTVWBTNA-N,-10.37
MMP13,c_MET137,mut_s1,detail,1,85,VXQHYHSSGLOALC-SPEPDGBUNA-N,-11.199
MMP13,c_MET137,mut_s1,detail,1,86,KWDSFRAWCISROF-PJQSKVNONA-N,-8.748
MMP13,c_MET137,mut_s1,detail,1,87,ZJZXSQPHUQUHIV-ZGZFQTMPNA-N,-10.144
MMP13,c_MET137,mut_s1,detail,1,88,UYHIVPBYFWVWEJ-UHFFFAOYNA-N,-9.599
MMP13,c_MET137,mut_s1,detail,1,89,PLEFJSUCKRWHBY-LNNLXFCONA-N,-8.204
MMP13,c_MET137,mut_s1,detail,1,90,DNSRQCRQLKJUCC-PDJAEHLQNA-N,-7.995
MMP13,c_MET137,mut_s1,detail,1,91,PHYKZCBUNVYJNH-YDBXFXKPNA-N,-8.189
MMP13,c_MET137,mut_s1,detail,1,92,OOUHZBUAVKCDGA-UHFFFAOYNA-N,-8.374
MMP13,c_MET137,mut_s1,detail,1,93,UUQDFZFJDFMLHW-UHFFFAOYNA-N,-9.265
MMP13,c_MET137,mut_s1,detail,1,94,OOUDDHNLDLLUOL-SKKVRFOWNA-N,-9.586
MMP13,c_MET137,mut_s1,detail,1,95,ZDMQSUAMTLXUTE-MPIMZMORNA-N,-8.414
MMP13,c_MET137,mut_s1,detail,1,96,NMPLPABDEKPABN-UHFFFAOYNA-N,-9.78
MMP13,c_MET137,mut_s1,detail,1,97,INZRHGSVWGRHBM-NPVYFSBINA-N,-9.745
MMP13,c_MET137,mut_s1,detail,1,98,RVGCWMKVTAEQIH-LNNLXFCONA-N,-9.644
MMP13,c_MET137,mut_s1,detail,1,99,VRXWKRQOVMZBAF-LJQANCHMNA-N,-7.807
MMP13,c_MET137,mut_s1,detail,1,100,QACLWOIBBYOHQP-UYBDAZJANA-N,-8.165
MMP13,c_MET137,mut_s1,detail,1,101,ZNXSZVFPCBIELQ-LNNLXFCONA-N,-8.938
MMP13,c_MET137,mut_s1,detail,1,102,GKMWCCNMKRSQHR-VEKUMTKDNA-N,-9.0
MMP13,c_MET137,mut_s1,detail,1,103,FFGUSRSMWFYKGK-SKKVRFOWNA-N,-10.737
MMP13,c_MET137,mut_s1,detail,1,104,KXBDDGKXLZBLOM-SPEPDGBUNA-N,-8.322
MMP13,c_MET137,mut_s1,detail,1,105,MIUWULAZCXYTJW-MSHHZIMBNA-N,-10.909
MMP13,c_MET137,mut_s1,detail,1,106,JPZOYWVRFLZCIC-NJNXFGOHNA-N,-9.865
MMP13,c_MET137,mut_s1,detail,1,107,FAIQTLBYDVKBAB-DVIAZDKANA-N,-9.137
MMP13,c_MET137,mut_s1,detail,1,108,APFLRZZAOXCNAZ-UHFFFAOYNA-N,-8.309
MMP13,c_MET137,mut_s1,detail,1,109,BSQLDSQTGOZBFD-UHFFFAOYNA-N,-8.447
MMP13,c_MET137,mut_s1,detail,1,110,ZVVCFJXCDATSCC-UHFFFAOYNA-N,-10.33
MMP13,c_MET137,mut_s1,detail,1,111,SKEQTXZATFWVMB-UYBDAZJANA-N,-9.039
MMP13,c_MET137,mut_s1,detail,1,112,IATWYRHDJKMBQK-MPIMZMORNA-N,-8.496
MMP13,c_MET137,mut_s1,detail,1,113,JPWOEQDCUZCWKT-MPIMZMORNA-N,-7.397
MMP13,c_MET137,mut_s1,detail,1,114,RYHSAXRBHDHPPK-PKSOQXRJNA-N,-7.95
MMP13,c_MET137,mut_s1,detail,1,115,GKKJWUFVZJJFPG-MPIMZMORNA-N,-9.275
MMP13,c_MET137,mut_s1,detail,1,116,FDNZXFDUCINVLY-BDGWVKIONA-N,-8.791
MMP13,c_MET137,mut_s1,detail,1,117,KTBYKHKWIFIFAK-UHFFFAOYNA-N,-10.61
MMP13,c_MET137,mut_s1,detail,1,118,ZRXZEWGUECXTTQ-LQFNOIFHNA-N,-9.932
MMP13,c_MET137,mut_s1,detail,1,119,XNACBBGLIAJNJM-PECIQRARNA-N,-8.216
MMP13,c_MET137,mut_s1,detail,1,120,WQZYYJRVBIQUGH-YWZOXAELNA-N,-10.506
MMP13,c_MET137,mut_s1,detail,1,121,ABMSRNRLDZVJFV-SWUIVHNENA-N,-8.918
MMP13,c_MET137,mut_s1,detail,1,122,ZEACBIUBSOLEGW-QAITUMOCNA-N,-10.099
MMP13,c_MET137,mut_s1,detail,1,123,UBFCDXVLKFOOGL-OKPOJWAQNA-N,-9.762
MMP13,c_MET137,mut_s1,detail,1,124,RRIHVAFUFDANEX-NSJMMFDCNA-N,-7.87
MMP13,c_MET137,mut_s1,detail,1,125,HASIAUWPWKTSBW-SREBMQDQNA-N,-9.175
MMP13,c_MET137,mut_s1,detail,1,126,WHBCKYHTCHCHAY-LQFNOIFHNA-N,-8.719
MMP13,c_MET137,mut_s1,detail,1,127,XMAYWYJOQHXEEK-JYFHCDHNNA-N,-10.036
MMP13,c_MET137,mut_s1,detail,1,128,TVKCFCZANTZCSU-OYRHEFFENA-N,-10.258
MMP13,c_MET137,mut_s1,detail,1,129,OJFIIUWPOHBVMH-LNNLXFCONA-N,-7.677
MMP13,c_MET137,mut_s1,detail,1,130,DKLZMGFTGWKNCD-DIRLUKLVNA-N,-10.879
MMP13,c_MET137,mut_s1,detail,1,131,PYSLGWZFRQWTDD-PWIKPTQSNA-N,-10.299
MMP13,c_MET137,mut_s1,detail,1,132,MWMBIUUYBQWKJX-QTUCRYGENA-N,-8.394
MMP13,c_MET137,mut_s1,detail,1,133,FLYQFCXTEFTSQN-UHFFFAOYNA-N,-9.256
MMP13,c_MET137,mut_s1,detail,1,134,PBIBDSDWIMZYDT-WBWGZOKWNA-N,-9.19
MMP13,c_MET137,mut_s1,detail,1,135,GSRWMFGBDLHGBU-YEFLILRRNA-N,-8.095
MMP13,c_MET137,mut_s1,detail,1,136,AYIJJQHMZAEQKE-QDAGQJSJNA-N,-8.317
MMP13,c_MET137,mut_s1,detail,1,137,JVWTZUKPDMRNDC-FSAKADSPNA-N,-10.297
MMP13,c_MET137,mut_s1,detail,1,138,XAZPLOLSRXZDBO-LBZABMTDNA-N,-6.948
MMP13,c_MET137,mut_s1,detail,1,139,RGWVFJBNHCWCTL-CFEGKOCINA-N,-9.404
MMP13,c_MET137,mut_s1,detail,1,140,YYWNRQZCPIMCAK-UHFFFAOYNA-N,-10.712
MMP13,c_MET137,mut_s1,detail,1,141,PBTZDKNKXRSZPM-XBXBPLPCNA-N,-10.03
MMP13,c_MET137,mut_s1,detail,1,142,QQPOIMHFFPBDQM-LELJVTLKNA-N,-10.436
MMP13,c_MET137,mut_s1,detail,1,143,NYFQURFFDGCBCB-MAQJPOOANA-N,-8.357
MMP13,c_MET137,mut_s1,detail,1,144,HXZVHWHABLBWBS-MTTPVDACNA-N,-10.433
MMP13,c_MET137,mut_s1,detail,1,145,IWYYSOJWYLZKLK-LELJVTLKNA-N,-9.099
MMP13,c_MET137,mut_s1,detail,1,146,HOGUCNPGZXMBGW-UHFFFAOYNA-N,-9.776
MMP13,c_MET137,mut_s1,detail,1,147,VITUDJAVASFPKN-DUFUIDNCNA-N,-10.262
MMP13,c_MET137,mut_s1,detail,1,148,IXAHDCRYEUYPBG-SCXYCHFONA-N,-10.818
MMP13,c_MET137,mut_s1,detail,1,149,JWHMEKMLAZQDNS-OZMOGHDGNA-N,-9.207
MMP13,c_MET137,mut_s1,detail,1,150,BZWNBTIJLRHNDZ-LBOYIXSDNA-N,-8.336
MMP13,c_MET137,mut_s1,detail,1,151,RECYROBESYRUML-UHFFFAOYNA-N,-8.935
MMP13,c_MET137,mut_s1,detail,1,152,MLDSJJJLQRZNKW-UHBIVWOUNA-N,-10.411
MMP13,c_MET137,mut_s1,detail,1,153,XTWIHJARHCYNFX-PHXLCVRDNA-N,-8.928
MMP13,c_MET137,mut_s1,detail,1,154,UQGFETVWTRDGKJ-UHFFFAOYNA-N,-8.176
MMP13,c_MET137,mut_s1,detail,1,155,VJFSMDWEMFOWDK-CYSPOYASNA-N,-10.688
MMP13,c_MET137,mut_s1,detail,1,156,NZYLXYBIWNIAGH-CYSPOYASNA-N,-10.715
MMP13,c_MET137,mut_s1,detail,1,157,ODXCWFOKLBJQNP-MPIMZMORNA-N,-9.372
MMP13,c_MET137,mut_s1,detail,1,158,FVDNMAPPDSKXKQ-UHFFFAOYNA-N,-11.353
MMP13,c_MET137,mut_s1,detail,1,159,DOPWMPRIRWTOOD-CCHPKIMANA-N,-8.413
MMP13,c_ILE140,mut_s1,detail,1,0,URVMSYHISUZXNH-UYBDAZJANA-N,-9.168
MMP13,c_ILE140,mut_s1,detail,1,1,KXRPCFINVWWFHQ-UHFFFAOYNA-N,-5.257
MMP13,c_ILE140,mut_s1,detail,1,2,NICJTSHRYBTHAS-YHMJCDSINA-N,-7.642
MMP13,c_ILE140,mut_s1,detail,1,3,SWRZVDTZHDWPDS-AWIDAIFANA-N,-9.8
MMP13,c_ILE140,mut_s1,detail,1,4,RKNSLLSUFWWYCA-UHFFFAOYNA-N,-8.669
MMP13,c_ILE140,mut_s1,detail,1,5,OZFSIKFTRRUDES-RIYZIHGNNA-N,-7.127
MMP13,c_ILE140,mut_s1,detail,1,6,AAGGUCRASUJPPN-UHFFFAOYNA-N,-8.666
MMP13,c_ILE140,mut_s1,detail,1,7,OYHXDPMAFYHDNG-YAQRNVERNA-N,-8.546
MMP13,c_ILE140,mut_s1,detail,1,8,AWILWAIEQYZUEQ-UHFFFAOYNA-N,-7.395
MMP13,c_ILE140,mut_s1,detail,1,9,WSFAXHLMQUUHQT-VMPITWQZNA-N,-8.425
MMP13,c_ILE140,mut_s1,detail,1,10,WPHMTVNOXKBZKN-UHFFFAOYNA-N,-7.769
MMP13,c_ILE140,mut_s1,detail,1,11,LPEIZNODGHDCCW-UHFFFAOYNA-N,-7.167
MMP13,c_ILE140,mut_s1,detail,1,12,QQHWWDVSRWOHEP-LILDFLRNNA-N,-7.254
MMP13,c_ILE140,mut_s1,detail,1,13,UMEVSSPGBFVQNC-UHFFFAOYNA-N,-7.187
MMP13,c_ILE140,mut_s1,detail,1,14,VZDIOEKWWZRNQN-UHFFFAOYNA-N,-8.843
MMP13,c_ILE140,mut_s1,detail,1,15,JEVLDOUORFAHRS-NDKGDYFDNA-N,-7.819
MMP13,c_ILE140,mut_s1,detail,1,16,NFTGJNJRMWUBPG-GPQMBLKYNA-N,-8.089
MMP13,c_ILE140,mut_s1,detail,1,17,UMUUTEZBWGDVDA-UHFFFAOYNA-N,-8.073
MMP13,c_ILE140,mut_s1,detail,1,18,VLQKEPLNPGYNDJ-HCKMINDGNA-N,-8.792
MMP13,c_ILE140,mut_s1,detail,1,19,PPMVTAATPZLMJM-CDDDEJBQNA-N,-7.355
MMP13,c_ILE140,mut_s1,detail,1,20,AHLYFAKLKLMESK-YAQRNVERNA-N,-7.981
MMP13,c_ILE140,mut_s1,detail,1,21,GYEJYLAGVWRSIM-KGJHZMDYNA-N,-7.388
MMP13,c_ILE140,mut_s1,detail,1,22,RXVALSLAUOIYLW-UHFFFAOYNA-N,-6.69
MMP13,c_ILE140,mut_s1,detail,1,23,NSELYIFATLFDOZ-JLGFQASFNA-N,-8.346
MMP13,c_ILE140,mut_s1,detail,1,24,COQFBYACOHFCEC-UHFFFAOYNA-N,-7.579
MMP13,c_ILE140,mut_s1,detail,1,25,CJGJXFCLDYQBFQ-YJGXKCCXNA-N,-9.475
MMP13,c_ILE140,mut_s1,detail,1,26,BWNGRRJLFYHENY-INIZCTEONA-N,-8.266
MMP13,c_ILE140,mut_s1,detail,1,27,BNRFXWSJKVJVOF-UYBDAZJANA-N,-9.008
MMP13,c_ILE140,mut_s1,detail,1,28,DMULMZBZVBBWBY-PJZINPJWNA-N,-10.411
MMP13,c_ILE140,mut_s1,detail,1,29,AXLAIGJGNKHDPO-UHFFFAOYNA-N,-6.021
MMP13,c_ILE140,mut_s1,detail,1,30,RKDGAONZEPYEBT-WXRBYKJCNA-N,-7.029
MMP13,c_ILE140,mut_s1,detail,1,31,MBOYDUZSCSNUQL-MBBDSNKKNA-N,-8.724
MMP13,c_ILE140,mut_s1,detail,1,32,KPVDBHRTXOFQDK-YAQRNVERNA-N,-7.772
MMP13,c_ILE140,mut_s1,detail,1,33,LVCNFMYUKISBSB-VJSNTGQMNA-N,-8.898
MMP13,c_ILE140,mut_s1,detail,1,34,XLAHCIRKLMJUQC-DZQCGVKKNA-N,-9.286
MMP13,c_ILE140,mut_s1,detail,1,35,QNYHDABGLCBJOE-SHHGZXMVNA-N,-9.546
MMP13,c_ILE140,mut_s1,detail,1,36,HEKNRISBWSPMOG-OWTLIXCDNA-N,-6.256
MMP13,c_ILE140,mut_s1,detail,1,37,VIRNXCRLEVZXNX-LILDFLRNNA-N,-10.617
MMP13,c_ILE140,mut_s1,detail,1,38,SRTGERSEXJGDMR-UHFFFAOYNA-N,-6.96
MMP13,c_ILE140,mut_s1,detail,1,39,ZGMGSSRLZJYOKH-WXRBYKJCNA-N,-7.416
MMP13,c_ILE140,mut_s1,detail,1,40,VGYFDFRFGHHCDA-CUTUCBJDNA-N,-8.903
MMP13,c_ILE140,mut_s1,detail,1,41,DILPMLYWQJPNLO-HCKMINDGNA-N,-8.874
MMP13,c_ILE140,mut_s1,detail,1,42,RSOODJIGEVJLMK-LQFNOIFHNA-N,-9.287
MMP13,c_ILE140,mut_s1,detail,1,43,OWHHWMUAYBIQPR-UHFFFAOYNA-N,-9.494
MMP13,c_ILE140,mut_s1,detail,1,44,KPIKMVZJKZDOFC-UHFFFAOYNA-N,-9.71
MMP13,c_ILE140,mut_s1,detail,1,45,DIKDKRUREJXLMR-DPMTXJEANA-N,-10.518
MMP13,c_ILE140,mut_s1,detail,1,46,QRVJDPKQHAVBDK-UYBDAZJANA-N,-8.38
MMP13,c_ILE140,mut_s1,detail,1,47,SGBSFKSDPWOALT-UYBDAZJANA-N,-9.88
MMP13,c_ILE140,mut_s1,detail,1,48,CYHFRNFVZWVHCG-OTJKMEOQNA-N,-7.835
MMP13,c_ILE140,mut_s1,detail,1,49,MJUDQDHXCQONOA-MPIMZMORNA-N,-7.478
MMP13,c_ILE140,mut_s1,detail,1,50,RNVYRNLUUYNQAS-PKSOQXRJNA-N,-8.548
MMP13,c_ILE140,mut_s1,detail,1,51,DLZXOZYETDVJEB-QWOVJGMINA-N,-6.632
MMP13,c_ILE140,mut_s1,detail,1,52,HSICVZRDGBJSEL-GPQMBLKYNA-N,-7.982
MMP13,c_ILE140,mut_s1,detail,1,53,HMRUHHFLIMYEAF-QNGOCPJXNA-N,-7.571
MMP13,c_ILE140,mut_s1,detail,1,54,ZZOWQPSBJUXHCA-YSPRVCGUNA-N,-9.403
MMP13,c_ILE140,mut_s1,detail,1,55,WDDJLHOUFWSQSV-UHFFFAOYNA-N,-8.854
MMP13,c_ILE140,mut_s1,detail,1,56,UKLIIGXGTPSYBF-IBCWCQIKNA-N,-9.548
MMP13,c_ILE140,mut_s1,detail,1,57,LNPOBRXJZYGQMS-MOHJPFBDNA-N,-8.761
MMP13,c_ILE140,mut_s1,detail,1,58,FYILBFPPKIZBTO-UHFFFAOYNA-N,-8.01
MMP13,c_ILE140,mut_s1,detail,1,59,MIKIJFODTJGFDI-LILDFLRNNA-N,-9.224
MMP13,c_ILE140,mut_s1,detail,1,60,RUWCNSLWWCWTSU-LILDFLRNNA-N,-7.719
MMP13,c_ILE140,mut_s1,detail,1,61,KLQWCHKIQJHYIB-UHFFFAOYNA-N,-9.609
MMP13,c_ILE140,mut_s1,detail,1,62,QKAWGENQCGFAOE-NPVYFSBINA-N,-8.664
MMP13,c_ILE140,mut_s1,detail,1,63,KGOKCBRZBBEYBE-MMRXBHCZNA-N,-9.245
MMP13,c_ILE140,mut_s1,detail,1,64,ROFRXCLSWKEWTN-UHFFFAOYNA-N,-7.958
MMP13,c_ILE140,mut_s1,detail,1,65,AKRMJNKLSCBEME-FPYGCLRLNA-N,-8.515
MMP13,c_ILE140,mut_s1,detail,1,66,LCGJUJZLLYTYIF-XMFFZCEENA-N,-7.955
MMP13,c_ILE140,mut_s1,detail,1,67,FREQNFSEYLEFOI-QRCVEOAVNA-N,-8.552
MMP13,c_ILE140,mut_s1,detail,1,68,MHMINAYLMNBGSM-UHFFFAOYNA-N,-6.357
MMP13,c_ILE140,mut_s1,detail,1,69,SYMNTBHEGHFZMV-UHFFFAOYNA-N,-7.905
MMP13,c_ILE140,mut_s1,detail,1,70,NNCRWGMPCGSKOO-LILDFLRNNA-N,-7.382
MMP13,c_ILE140,mut_s1,detail,1,71,ZCRRNCCNJMRGFI-UHFFFAOYNA-N,-9.846
MMP13,c_ILE140,mut_s1,detail,1,72,PYVZEIBGEUQNQQ-UHFFFAOYNA-N,-8.543
MMP13,c_ILE140,mut_s1,detail,1,73,OROJQWVRCGJACT-XBTAAFKLNA-N,-10.518
MMP13,c_ILE140,mut_s1,detail,1,74,TXYUWXKCUDOUGU-JLGFQASFNA-N,-7.345
MMP13,c_ILE140,mut_s1,detail,1,75,LAZANALODSEDSE-UHFFFAOYNA-N,-7.191
MMP13,c_ILE140,mut_s1,detail,1,76,RJXCYVJLXGRCHK-UHFFFAOYNA-N,-9.567
MMP13,c_ILE140,mut_s1,detail,1,77,FUSKIBWHJAWEFI-IEJAXPBYNA-N,-9.356
MMP13,c_ILE140,mut_s1,detail,1,78,SGWVLOCBQLQWQV-UHFFFAOYNA-N,-10.1
MMP13,c_ILE140,mut_s1,detail,1,79,PPXRQTYXLZCDAZ-QWOVJGMINA-N,-9.073
MMP13,c_ILE140,mut_s1,detail,1,80,DIFBADFWLVYFHV-LELJVTLKNA-N,-8.778
MMP13,c_ILE140,mut_s1,detail,1,81,XREOSEVJCQGCHE-MHPMNMKGNA-N,-8.612
MMP13,c_ILE140,mut_s1,detail,1,82,ZHGPKHBXSKWZEQ-UHFFFAOYNA-N,-8.282
MMP13,c_ILE140,mut_s1,detail,1,83,ZFAYPJJNPSNAFK-UHFFFAOYNA-N,-7.835
MMP13,c_ILE140,mut_s1,detail,1,84,LTXMRAGWIDQTQT-MYUTVWBTNA-N,-10.352
MMP13,c_ILE140,mut_s1,detail,1,85,VXQHYHSSGLOALC-SPEPDGBUNA-N,-11.104
MMP13,c_ILE140,mut_s1,detail,1,86,KWDSFRAWCISROF-PJQSKVNONA-N,-8.686
MMP13,c_ILE140,mut_s1,detail,1,87,ZJZXSQPHUQUHIV-ZGZFQTMPNA-N,-10.198
MMP13,c_ILE140,mut_s1,detail,1,88,UYHIVPBYFWVWEJ-UHFFFAOYNA-N,-9.212
MMP13,c_ILE140,mut_s1,detail,1,89,PLEFJSUCKRWHBY-LNNLXFCONA-N,-8.22
MMP13,c_ILE140,mut_s1,detail,1,90,DNSRQCRQLKJUCC-PDJAEHLQNA-N,-7.828
MMP13,c_ILE140,mut_s1,detail,1,91,PHYKZCBUNVYJNH-YDBXFXKPNA-N,-7.784
MMP13,c_ILE140,mut_s1,detail,1,92,OOUHZBUAVKCDGA-UHFFFAOYNA-N,-8.143
MMP13,c_ILE140,mut_s1,detail,1,93,UUQDFZFJDFMLHW-UHFFFAOYNA-N,-9.149
MMP13,c_ILE140,mut_s1,detail,1,94,OOUDDHNLDLLUOL-SKKVRFOWNA-N,-9.785
MMP13,c_ILE140,mut_s1,detail,1,95,ZDMQSUAMTLXUTE-MPIMZMORNA-N,-9.119
MMP13,c_ILE140,mut_s1,detail,1,96,NMPLPABDEKPABN-UHFFFAOYNA-N,-9.545
MMP13,c_ILE140,mut_s1,detail,1,97,INZRHGSVWGRHBM-NPVYFSBINA-N,-9.954
MMP13,c_ILE140,mut_s1,detail,1,98,RVGCWMKVTAEQIH-LNNLXFCONA-N,-8.441
MMP13,c_ILE140,mut_s1,detail,1,99,VRXWKRQOVMZBAF-LJQANCHMNA-N,-7.053
MMP13,c_ILE140,mut_s1,detail,1,100,QACLWOIBBYOHQP-UYBDAZJANA-N,-8.111
MMP13,c_ILE140,mut_s1,detail,1,101,ZNXSZVFPCBIELQ-LNNLXFCONA-N,-8.647
MMP13,c_ILE140,mut_s1,detail,1,102,GKMWCCNMKRSQHR-VEKUMTKDNA-N,-10.009
MMP13,c_ILE140,mut_s1,detail,1,103,FFGUSRSMWFYKGK-SKKVRFOWNA-N,-10.182
MMP13,c_ILE140,mut_s1,detail,1,104,KXBDDGKXLZBLOM-SPEPDGBUNA-N,-7.722
MMP13,c_ILE140,mut_s1,detail,1,105,MIUWULAZCXYTJW-MSHHZIMBNA-N,-10.786
MMP13,c_ILE140,mut_s1,detail,1,106,JPZOYWVRFLZCIC-NJNXFGOHNA-N,-9.896
MMP13,c_ILE140,mut_s1,detail,1,107,FAIQTLBYDVKBAB-DVIAZDKANA-N,-8.982
MMP13,c_ILE140,mut_s1,detail,1,108,APFLRZZAOXCNAZ-UHFFFAOYNA-N,-8.535
MMP13,c_ILE140,mut_s1,detail,1,109,BSQLDSQTGOZBFD-UHFFFAOYNA-N,-8.221
MMP13,c_ILE140,mut_s1,detail,1,110,ZVVCFJXCDATSCC-UHFFFAOYNA-N,-10.168
MMP13,c_ILE140,mut_s1,detail,1,111,SKEQTXZATFWVMB-UYBDAZJANA-N,-8.522
MMP13,c_ILE140,mut_s1,detail,1,112,IATWYRHDJKMBQK-MPIMZMORNA-N,-8.402
MMP13,c_ILE140,mut_s1,detail,1,113,JPWOEQDCUZCWKT-MPIMZMORNA-N,-7.918
MMP13,c_ILE140,mut_s1,detail,1,114,RYHSAXRBHDHPPK-PKSOQXRJNA-N,-7.478
MMP13,c_ILE140,mut_s1,detail,1,115,GKKJWUFVZJJFPG-MPIMZMORNA-N,-9.369
MMP13,c_ILE140,mut_s1,detail,1,116,FDNZXFDUCINVLY-BDGWVKIONA-N,-8.719
MMP13,c_ILE140,mut_s1,detail,1,117,KTBYKHKWIFIFAK-UHFFFAOYNA-N,-10.503
MMP13,c_ILE140,mut_s1,detail,1,118,ZRXZEWGUECXTTQ-LQFNOIFHNA-N,-9.523
MMP13,c_ILE140,mut_s1,detail,1,119,XNACBBGLIAJNJM-PECIQRARNA-N,-7.913
MMP13,c_ILE140,mut_s1,detail,1,120,WQZYYJRVBIQUGH-YWZOXAELNA-N,-10.964
MMP13,c_ILE140,mut_s1,detail,1,121,ABMSRNRLDZVJFV-SWUIVHNENA-N,-8.943
MMP13,c_ILE140,mut_s1,detail,1,122,ZEACBIUBSOLEGW-QAITUMOCNA-N,-9.682
MMP13,c_ILE140,mut_s1,detail,1,123,UBFCDXVLKFOOGL-OKPOJWAQNA-N,-9.087
MMP13,c_ILE140,mut_s1,detail,1,124,RRIHVAFUFDANEX-NSJMMFDCNA-N,-7.841
MMP13,c_ILE140,mut_s1,detail,1,125,HASIAUWPWKTSBW-SREBMQDQNA-N,-7.259
MMP13,c_ILE140,mut_s1,detail,1,126,WHBCKYHTCHCHAY-LQFNOIFHNA-N,-8.474
MMP13,c_ILE140,mut_s1,detail,1,127,XMAYWYJOQHXEEK-JYFHCDHNNA-N,-10.26
MMP13,c_ILE140,mut_s1,detail,1,128,TVKCFCZANTZCSU-OYRHEFFENA-N,-10.256
MMP13,c_ILE140,mut_s1,detail,1,129,OJFIIUWPOHBVMH-LNNLXFCONA-N,-7.469
MMP13,c_ILE140,mut_s1,detail,1,130,DKLZMGFTGWKNCD-DIRLUKLVNA-N,-10.586
MMP13,c_ILE140,mut_s1,detail,1,131,PYSLGWZFRQWTDD-PWIKPTQSNA-N,-10.862
MMP13,c_ILE140,mut_s1,detail,1,132,MWMBIUUYBQWKJX-QTUCRYGENA-N,-8.068
MMP13,c_ILE140,mut_s1,detail,1,133,FLYQFCXTEFTSQN-UHFFFAOYNA-N,-9.24
MMP13,c_ILE140,mut_s1,detail,1,134,PBIBDSDWIMZYDT-WBWGZOKWNA-N,-8.73
MMP13,c_ILE140,mut_s1,detail,1,135,GSRWMFGBDLHGBU-YEFLILRRNA-N,-7.197
MMP13,c_ILE140,mut_s1,detail,1,136,AYIJJQHMZAEQKE-QDAGQJSJNA-N,-8.838
MMP13,c_ILE140,mut_s1,detail,1,137,JVWTZUKPDMRNDC-FSAKADSPNA-N,-9.757
MMP13,c_ILE140,mut_s1,detail,1,138,XAZPLOLSRXZDBO-LBZABMTDNA-N,-6.998
MMP13,c_ILE140,mut_s1,detail,1,139,RGWVFJBNHCWCTL-CFEGKOCINA-N,-9.469
MMP13,c_ILE140,mut_s1,detail,1,140,YYWNRQZCPIMCAK-UHFFFAOYNA-N,-10.682
MMP13,c_ILE140,mut_s1,detail,1,141,PBTZDKNKXRSZPM-XBXBPLPCNA-N,-10.11
MMP13,c_ILE140,mut_s1,detail,1,142,QQPOIMHFFPBDQM-LELJVTLKNA-N,-10.529
MMP13,c_ILE140,mut_s1,detail,1,143,NYFQURFFDGCBCB-MAQJPOOANA-N,-9.239
MMP13,c_ILE140,mut_s1,detail,1,144,HXZVHWHABLBWBS-MTTPVDACNA-N,-10.484
MMP13,c_ILE140,mut_s1,detail,1,145,IWYYSOJWYLZKLK-LELJVTLKNA-N,-9.317
MMP13,c_ILE140,mut_s1,detail,1,146,HOGUCNPGZXMBGW-UHFFFAOYNA-N,-9.737
MMP13,c_ILE140,mut_s1,detail,1,147,VITUDJAVASFPKN-DUFUIDNCNA-N,-9.936
MMP13,c_ILE140,mut_s1,detail,1,148,IXAHDCRYEUYPBG-SCXYCHFONA-N,-10.908
MMP13,c_ILE140,mut_s1,detail,1,149,JWHMEKMLAZQDNS-OZMOGHDGNA-N,-9.259
MMP13,c_ILE140,mut_s1,detail,1,150,BZWNBTIJLRHNDZ-LBOYIXSDNA-N,-8.932
MMP13,c_ILE140,mut_s1,detail,1,151,RECYROBESYRUML-UHFFFAOYNA-N,-8.913
MMP13,c_ILE140,mut_s1,detail,1,152,MLDSJJJLQRZNKW-UHBIVWOUNA-N,-9.757
MMP13,c_ILE140,mut_s1,detail,1,153,XTWIHJARHCYNFX-PHXLCVRDNA-N,-9.535
MMP13,c_ILE140,mut_s1,detail,1,154,UQGFETVWTRDGKJ-UHFFFAOYNA-N,-8.334
MMP13,c_ILE140,mut_s1,detail,1,155,VJFSMDWEMFOWDK-CYSPOYASNA-N,-10.605
MMP13,c_ILE140,mut_s1,detail,1,156,NZYLXYBIWNIAGH-CYSPOYASNA-N,-10.591
MMP13,c_ILE140,mut_s1,detail,1,157,ODXCWFOKLBJQNP-MPIMZMORNA-N,-8.704
MMP13,c_ILE140,mut_s1,detail,1,158,FVDNMAPPDSKXKQ-UHFFFAOYNA-N,-11.34
MMP13,c_ILE140,mut_s1,detail,1,159,DOPWMPRIRWTOOD-CCHPKIMANA-N,-8.691
MMP13,c_TYR141,mut_s1,detail,1,0,URVMSYHISUZXNH-UYBDAZJANA-N,-9.694
MMP13,c_TYR141,mut_s1,detail,1,1,KXRPCFINVWWFHQ-UHFFFAOYNA-N,-5.4
MMP13,c_TYR141,mut_s1,detail,1,2,NICJTSHRYBTHAS-YHMJCDSINA-N,-7.34
MMP13,c_TYR141,mut_s1,detail,1,3,SWRZVDTZHDWPDS-AWIDAIFANA-N,-9.366
MMP13,c_TYR141,mut_s1,detail,1,4,RKNSLLSUFWWYCA-UHFFFAOYNA-N,-8.535
MMP13,c_TYR141,mut_s1,detail,1,5,OZFSIKFTRRUDES-RIYZIHGNNA-N,-6.4
MMP13,c_TYR141,mut_s1,detail,1,6,AAGGUCRASUJPPN-UHFFFAOYNA-N,-8.559
MMP13,c_TYR141,mut_s1,detail,1,7,OYHXDPMAFYHDNG-YAQRNVERNA-N,-7.84
MMP13,c_TYR141,mut_s1,detail,1,8,AWILWAIEQYZUEQ-UHFFFAOYNA-N,-7.211
MMP13,c_TYR141,mut_s1,detail,1,9,WSFAXHLMQUUHQT-VMPITWQZNA-N,-8.49
MMP13,c_TYR141,mut_s1,detail,1,10,WPHMTVNOXKBZKN-UHFFFAOYNA-N,-7.394
MMP13,c_TYR141,mut_s1,detail,1,11,LPEIZNODGHDCCW-UHFFFAOYNA-N,-6.816
MMP13,c_TYR141,mut_s1,detail,1,12,QQHWWDVSRWOHEP-LILDFLRNNA-N,-6.86
MMP13,c_TYR141,mut_s1,detail,1,13,UMEVSSPGBFVQNC-UHFFFAOYNA-N,-6.972
MMP13,c_TYR141,mut_s1,detail,1,14,VZDIOEKWWZRNQN-UHFFFAOYNA-N,-8.684
MMP13,c_TYR141,mut_s1,detail,1,15,JEVLDOUORFAHRS-NDKGDYFDNA-N,-7.068
MMP13,c_TYR141,mut_s1,detail,1,16,NFTGJNJRMWUBPG-GPQMBLKYNA-N,-7.834
MMP13,c_TYR141,mut_s1,detail,1,17,UMUUTEZBWGDVDA-UHFFFAOYNA-N,-7.672
MMP13,c_TYR141,mut_s1,detail,1,18,VLQKEPLNPGYNDJ-HCKMINDGNA-N,-8.548
MMP13,c_TYR141,mut_s1,detail,1,19,PPMVTAATPZLMJM-CDDDEJBQNA-N,-7.519
MMP13,c_TYR141,mut_s1,detail,1,20,AHLYFAKLKLMESK-YAQRNVERNA-N,-7.613
MMP13,c_TYR141,mut_s1,detail,1,21,GYEJYLAGVWRSIM-KGJHZMDYNA-N,-7.362
MMP13,c_TYR141,mut_s1,detail,1,22,RXVALSLAUOIYLW-UHFFFAOYNA-N,-6.528
MMP13,c_TYR141,mut_s1,detail,1,23,NSELYIFATLFDOZ-JLGFQASFNA-N,-8.128
MMP13,c_TYR141,mut_s1,detail,1,24,COQFBYACOHFCEC-UHFFFAOYNA-N,-6.987
MMP13,c_TYR141,mut_s1,detail,1,25,CJGJXFCLDYQBFQ-YJGXKCCXNA-N,-9.334
MMP13,c_TYR141,mut_s1,detail,1,26,BWNGRRJLFYHENY-INIZCTEONA-N,-7.475
MMP13,c_TYR141,mut_s1,detail,1,27,BNRFXWSJKVJVOF-UYBDAZJANA-N,-9.546
MMP13,c_TYR141,mut_s1,detail,1,28,DMULMZBZVBBWBY-PJZINPJWNA-N,-9.722
MMP13,c_TYR141,mut_s1,detail,1,29,AXLAIGJGNKHDPO-UHFFFAOYNA-N,-6.694
MMP13,c_TYR141,mut_s1,detail,1,30,RKDGAONZEPYEBT-WXRBYKJCNA-N,-6.896
MMP13,c_TYR141,mut_s1,detail,1,31,MBOYDUZSCSNUQL-MBBDSNKKNA-N,-8.502
MMP13,c_TYR141,mut_s1,detail,1,32,KPVDBHRTXOFQDK-YAQRNVERNA-N,-7.685
MMP13,c_TYR141,mut_s1,detail,1,33,LVCNFMYUKISBSB-VJSNTGQMNA-N,-8.382
MMP13,c_TYR141,mut_s1,detail,1,34,XLAHCIRKLMJUQC-DZQCGVKKNA-N,-9.271
MMP13,c_TYR141,mut_s1,detail,1,35,QNYHDABGLCBJOE-SHHGZXMVNA-N,-9.072
MMP13,c_TYR141,mut_s1,detail,1,36,HEKNRISBWSPMOG-OWTLIXCDNA-N,-6.197
MMP13,c_TYR141,mut_s1,detail,1,37,VIRNXCRLEVZXNX-LILDFLRNNA-N,-10.076
MMP13,c_TYR141,mut_s1,detail,1,38,SRTGERSEXJGDMR-UHFFFAOYNA-N,-7.388
MMP13,c_TYR141,mut_s1,detail,1,39,ZGMGSSRLZJYOKH-WXRBYKJCNA-N,-6.957
MMP13,c_TYR141,mut_s1,detail,1,40,VGYFDFRFGHHCDA-CUTUCBJDNA-N,-9.041
MMP13,c_TYR141,mut_s1,detail,1,41,DILPMLYWQJPNLO-HCKMINDGNA-N,-8.325
MMP13,c_TYR141,mut_s1,detail,1,42,RSOODJIGEVJLMK-LQFNOIFHNA-N,-9.922
MMP13,c_TYR141,mut_s1,detail,1,43,OWHHWMUAYBIQPR-UHFFFAOYNA-N,-9.498
MMP13,c_TYR141,mut_s1,detail,1,44,KPIKMVZJKZDOFC-UHFFFAOYNA-N,-9.326
MMP13,c_TYR141,mut_s1,detail,1,45,DIKDKRUREJXLMR-DPMTXJEANA-N,-10.214
MMP13,c_TYR141,mut_s1,detail,1,46,QRVJDPKQHAVBDK-UYBDAZJANA-N,-7.9
MMP13,c_TYR141,mut_s1,detail,1,47,SGBSFKSDPWOALT-UYBDAZJANA-N,-9.538
MMP13,c_TYR141,mut_s1,detail,1,48,CYHFRNFVZWVHCG-OTJKMEOQNA-N,-8.138
MMP13,c_TYR141,mut_s1,detail,1,49,MJUDQDHXCQONOA-MPIMZMORNA-N,-7.935
MMP13,c_TYR141,mut_s1,detail,1,50,RNVYRNLUUYNQAS-PKSOQXRJNA-N,-7.829
MMP13,c_TYR141,mut_s1,detail,1,51,DLZXOZYETDVJEB-QWOVJGMINA-N,-6.936
MMP13,c_TYR141,mut_s1,detail,1,52,HSICVZRDGBJSEL-GPQMBLKYNA-N,-7.922
MMP13,c_TYR141,mut_s1,detail,1,53,HMRUHHFLIMYEAF-QNGOCPJXNA-N,-8.616
MMP13,c_TYR141,mut_s1,detail,1,54,ZZOWQPSBJUXHCA-YSPRVCGUNA-N,-9.174
MMP13,c_TYR141,mut_s1,detail,1,55,WDDJLHOUFWSQSV-UHFFFAOYNA-N,-8.544
MMP13,c_TYR141,mut_s1,detail,1,56,UKLIIGXGTPSYBF-IBCWCQIKNA-N,-9.339
MMP13,c_TYR141,mut_s1,detail,1,57,LNPOBRXJZYGQMS-MOHJPFBDNA-N,-8.531
MMP13,c_TYR141,mut_s1,detail,1,58,FYILBFPPKIZBTO-UHFFFAOYNA-N,-7.648
MMP13,c_TYR141,mut_s1,detail,1,59,MIKIJFODTJGFDI-LILDFLRNNA-N,-8.539
MMP13,c_TYR141,mut_s1,detail,1,60,RUWCNSLWWCWTSU-LILDFLRNNA-N,-7.456
MMP13,c_TYR141,mut_s1,detail,1,61,KLQWCHKIQJHYIB-UHFFFAOYNA-N,-9.475
MMP13,c_TYR141,mut_s1,detail,1,62,QKAWGENQCGFAOE-NPVYFSBINA-N,-8.769
MMP13,c_TYR141,mut_s1,detail,1,63,KGOKCBRZBBEYBE-MMRXBHCZNA-N,-9.337
MMP13,c_TYR141,mut_s1,detail,1,64,ROFRXCLSWKEWTN-UHFFFAOYNA-N,-7.669
MMP13,c_TYR141,mut_s1,detail,1,65,AKRMJNKLSCBEME-FPYGCLRLNA-N,-7.856
MMP13,c_TYR141,mut_s1,detail,1,66,LCGJUJZLLYTYIF-XMFFZCEENA-N,-8.639
MMP13,c_TYR141,mut_s1,detail,1,67,FREQNFSEYLEFOI-QRCVEOAVNA-N,-8.38
MMP13,c_TYR141,mut_s1,detail,1,68,MHMINAYLMNBGSM-UHFFFAOYNA-N,-6.38
MMP13,c_TYR141,mut_s1,detail,1,69,SYMNTBHEGHFZMV-UHFFFAOYNA-N,-7.679
MMP13,c_TYR141,mut_s1,detail,1,70,NNCRWGMPCGSKOO-LILDFLRNNA-N,-7.658
MMP13,c_TYR141,mut_s1,detail,1,71,ZCRRNCCNJMRGFI-UHFFFAOYNA-N,-9.669
MMP13,c_TYR141,mut_s1,detail,1,72,PYVZEIBGEUQNQQ-UHFFFAOYNA-N,-8.438
MMP13,c_TYR141,mut_s1,detail,1,73,OROJQWVRCGJACT-XBTAAFKLNA-N,-9.986
MMP13,c_TYR141,mut_s1,detail,1,74,TXYUWXKCUDOUGU-JLGFQASFNA-N,-7.221
MMP13,c_TYR141,mut_s1,detail,1,75,LAZANALODSEDSE-UHFFFAOYNA-N,-7.115
MMP13,c_TYR141,mut_s1,detail,1,76,RJXCYVJLXGRCHK-UHFFFAOYNA-N,-9.461
MMP13,c_TYR141,mut_s1,detail,1,77,FUSKIBWHJAWEFI-IEJAXPBYNA-N,-8.925
MMP13,c_TYR141,mut_s1,detail,1,78,SGWVLOCBQLQWQV-UHFFFAOYNA-N,-9.674
MMP13,c_TYR141,mut_s1,detail,1,79,PPXRQTYXLZCDAZ-QWOVJGMINA-N,-8.915
MMP13,c_TYR141,mut_s1,detail,1,80,DIFBADFWLVYFHV-LELJVTLKNA-N,-8.454
MMP13,c_TYR141,mut_s1,detail,1,81,XREOSEVJCQGCHE-MHPMNMKGNA-N,-8.014
MMP13,c_TYR141,mut_s1,detail,1,82,ZHGPKHBXSKWZEQ-UHFFFAOYNA-N,-7.912
MMP13,c_TYR141,mut_s1,detail,1,83,ZFAYPJJNPSNAFK-UHFFFAOYNA-N,-8.384
MMP13,c_TYR141,mut_s1,detail,1,84,LTXMRAGWIDQTQT-MYUTVWBTNA-N,-10.026
MMP13,c_TYR141,mut_s1,detail,1,85,VXQHYHSSGLOALC-SPEPDGBUNA-N,-10.865
MMP13,c_TYR141,mut_s1,detail,1,86,KWDSFRAWCISROF-PJQSKVNONA-N,-8.775
MMP13,c_TYR141,mut_s1,detail,1,87,ZJZXSQPHUQUHIV-ZGZFQTMPNA-N,-10.1
MMP13,c_TYR141,mut_s1,detail,1,88,UYHIVPBYFWVWEJ-UHFFFAOYNA-N,-9.41
MMP13,c_TYR141,mut_s1,detail,1,89,PLEFJSUCKRWHBY-LNNLXFCONA-N,-8.002
MMP13,c_TYR141,mut_s1,detail,1,90,DNSRQCRQLKJUCC-PDJAEHLQNA-N,-7.725
MMP13,c_TYR141,mut_s1,detail,1,91,PHYKZCBUNVYJNH-YDBXFXKPNA-N,-7.535
MMP13,c_TYR141,mut_s1,detail,1,92,OOUHZBUAVKCDGA-UHFFFAOYNA-N,-9.068
MMP13,c_TYR141,mut_s1,detail,1,93,UUQDFZFJDFMLHW-UHFFFAOYNA-N,-8.903
MMP13,c_TYR141,mut_s1,detail,1,94,OOUDDHNLDLLUOL-SKKVRFOWNA-N,-9.568
MMP13,c_TYR141,mut_s1,detail,1,95,ZDMQSUAMTLXUTE-MPIMZMORNA-N,-8.657
MMP13,c_TYR141,mut_s1,detail,1,96,NMPLPABDEKPABN-UHFFFAOYNA-N,-9.531
MMP13,c_TYR141,mut_s1,detail,1,97,INZRHGSVWGRHBM-NPVYFSBINA-N,-9.8
MMP13,c_TYR141,mut_s1,detail,1,98,RVGCWMKVTAEQIH-LNNLXFCONA-N,-8.846
MMP13,c_TYR141,mut_s1,detail,1,99,VRXWKRQOVMZBAF-LJQANCHMNA-N,-7.385
MMP13,c_TYR141,mut_s1,detail,1,100,QACLWOIBBYOHQP-UYBDAZJANA-N,-7.763
MMP13,c_TYR141,mut_s1,detail,1,101,ZNXSZVFPCBIELQ-LNNLXFCONA-N,-8.371
MMP13,c_TYR141,mut_s1,detail,1,102,GKMWCCNMKRSQHR-VEKUMTKDNA-N,-8.687
MMP13,c_TYR141,mut_s1,detail,1,103,FFGUSRSMWFYKGK-SKKVRFOWNA-N,-9.698
MMP13,c_TYR141,mut_s1,detail,1,104,KXBDDGKXLZBLOM-SPEPDGBUNA-N,-8.032
MMP13,c_TYR141,mut_s1,detail,1,105,MIUWULAZCXYTJW-MSHHZIMBNA-N,-9.879
MMP13,c_TYR141,mut_s1,detail,1,106,JPZOYWVRFLZCIC-NJNXFGOHNA-N,-9.593
MMP13,c_TYR141,mut_s1,detail,1,107,FAIQTLBYDVKBAB-DVIAZDKANA-N,-8.591
MMP13,c_TYR141,mut_s1,detail,1,108,APFLRZZAOXCNAZ-UHFFFAOYNA-N,-8.444
MMP13,c_TYR141,mut_s1,detail,1,109,BSQLDSQTGOZBFD-UHFFFAOYNA-N,-8.432
MMP13,c_TYR141,mut_s1,detail,1,110,ZVVCFJXCDATSCC-UHFFFAOYNA-N,-10.371
MMP13,c_TYR141,mut_s1,detail,1,111,SKEQTXZATFWVMB-UYBDAZJANA-N,-8.64
MMP13,c_TYR141,mut_s1,detail,1,112,IATWYRHDJKMBQK-MPIMZMORNA-N,-8.501
MMP13,c_TYR141,mut_s1,detail,1,113,JPWOEQDCUZCWKT-MPIMZMORNA-N,-6.847
MMP13,c_TYR141,mut_s1,detail,1,114,RYHSAXRBHDHPPK-PKSOQXRJNA-N,-7.827
MMP13,c_TYR141,mut_s1,detail,1,115,GKKJWUFVZJJFPG-MPIMZMORNA-N,-9.197
MMP13,c_TYR141,mut_s1,detail,1,116,FDNZXFDUCINVLY-BDGWVKIONA-N,-8.479
MMP13,c_TYR141,mut_s1,detail,1,117,KTBYKHKWIFIFAK-UHFFFAOYNA-N,-10.129
MMP13,c_TYR141,mut_s1,detail,1,118,ZRXZEWGUECXTTQ-LQFNOIFHNA-N,-9.026
MMP13,c_TYR141,mut_s1,detail,1,119,XNACBBGLIAJNJM-PECIQRARNA-N,-7.641
MMP13,c_TYR141,mut_s1,detail,1,120,WQZYYJRVBIQUGH-YWZOXAELNA-N,-10.271
MMP13,c_TYR141,mut_s1,detail,1,121,ABMSRNRLDZVJFV-SWUIVHNENA-N,-8.759
MMP13,c_TYR141,mut_s1,detail,1,122,ZEACBIUBSOLEGW-QAITUMOCNA-N,-10.187
MMP13,c_TYR141,mut_s1,detail,1,123,UBFCDXVLKFOOGL-OKPOJWAQNA-N,-9.419
MMP13,c_TYR141,mut_s1,detail,1,124,RRIHVAFUFDANEX-NSJMMFDCNA-N,-7.628
MMP13,c_TYR141,mut_s1,detail,1,125,HASIAUWPWKTSBW-SREBMQDQNA-N,-8.071
MMP13,c_TYR141,mut_s1,detail,1,126,WHBCKYHTCHCHAY-LQFNOIFHNA-N,-8.576
MMP13,c_TYR141,mut_s1,detail,1,127,XMAYWYJOQHXEEK-JYFHCDHNNA-N,-9.236
MMP13,c_TYR141,mut_s1,detail,1,128,TVKCFCZANTZCSU-OYRHEFFENA-N,-9.909
MMP13,c_TYR141,mut_s1,detail,1,129,OJFIIUWPOHBVMH-LNNLXFCONA-N,-8.033
MMP13,c_TYR141,mut_s1,detail,1,130,DKLZMGFTGWKNCD-DIRLUKLVNA-N,-10.63
MMP13,c_TYR141,mut_s1,detail,1,131,PYSLGWZFRQWTDD-PWIKPTQSNA-N,-10.349
MMP13,c_TYR141,mut_s1,detail,1,132,MWMBIUUYBQWKJX-QTUCRYGENA-N,-8.077
MMP13,c_TYR141,mut_s1,detail,1,133,FLYQFCXTEFTSQN-UHFFFAOYNA-N,-8.995
MMP13,c_TYR141,mut_s1,detail,1,134,PBIBDSDWIMZYDT-WBWGZOKWNA-N,-8.68
MMP13,c_TYR141,mut_s1,detail,1,135,GSRWMFGBDLHGBU-YEFLILRRNA-N,-7.886
MMP13,c_TYR141,mut_s1,detail,1,136,AYIJJQHMZAEQKE-QDAGQJSJNA-N,-8.331
MMP13,c_TYR141,mut_s1,detail,1,137,JVWTZUKPDMRNDC-FSAKADSPNA-N,-10.608
MMP13,c_TYR141,mut_s1,detail,1,138,XAZPLOLSRXZDBO-LBZABMTDNA-N,-7.829
MMP13,c_TYR141,mut_s1,detail,1,139,RGWVFJBNHCWCTL-CFEGKOCINA-N,-8.901
MMP13,c_TYR141,mut_s1,detail,1,140,YYWNRQZCPIMCAK-UHFFFAOYNA-N,-10.487
MMP13,c_TYR141,mut_s1,detail,1,141,PBTZDKNKXRSZPM-XBXBPLPCNA-N,-9.842
MMP13,c_TYR141,mut_s1,detail,1,142,QQPOIMHFFPBDQM-LELJVTLKNA-N,-10.04
MMP13,c_TYR141,mut_s1,detail,1,143,NYFQURFFDGCBCB-MAQJPOOANA-N,-8.322
MMP13,c_TYR141,mut_s1,detail,1,144,HXZVHWHABLBWBS-MTTPVDACNA-N,-10.34
MMP13,c_TYR141,mut_s1,detail,1,145,IWYYSOJWYLZKLK-LELJVTLKNA-N,-8.56
MMP13,c_TYR141,mut_s1,detail,1,146,HOGUCNPGZXMBGW-UHFFFAOYNA-N,-9.277
MMP13,c_TYR141,mut_s1,detail,1,147,VITUDJAVASFPKN-DUFUIDNCNA-N,-9.97
MMP13,c_TYR141,mut_s1,detail,1,148,IXAHDCRYEUYPBG-SCXYCHFONA-N,-9.782
MMP13,c_TYR141,mut_s1,detail,1,149,JWHMEKMLAZQDNS-OZMOGHDGNA-N,-9.085
MMP13,c_TYR141,mut_s1,detail,1,150,BZWNBTIJLRHNDZ-LBOYIXSDNA-N,-8.596
MMP13,c_TYR141,mut_s1,detail,1,151,RECYROBESYRUML-UHFFFAOYNA-N,-8.61
MMP13,c_TYR141,mut_s1,detail,1,152,MLDSJJJLQRZNKW-UHBIVWOUNA-N,-9.985
MMP13,c_TYR141,mut_s1,detail,1,153,XTWIHJARHCYNFX-PHXLCVRDNA-N,-8.909
MMP13,c_TYR141,mut_s1,detail,1,154,UQGFETVWTRDGKJ-UHFFFAOYNA-N,-8.215
MMP13,c_TYR141,mut_s1,detail,1,155,VJFSMDWEMFOWDK-CYSPOYASNA-N,-11.244
MMP13,c_TYR141,mut_s1,detail,1,156,NZYLXYBIWNIAGH-CYSPOYASNA-N,-10.775
MMP13,c_TYR141,mut_s1,detail,1,157,ODXCWFOKLBJQNP-MPIMZMORNA-N,-8.601
MMP13,c_TYR141,mut_s1,detail,1,158,FVDNMAPPDSKXKQ-UHFFFAOYNA-N,-10.793
MMP13,c_TYR141,mut_s1,detail,1,159,DOPWMPRIRWTOOD-CCHPKIMANA-N,-8.101
MMP13,s_PHE75,mut_s1,detail,1,0,URVMSYHISUZXNH-UYBDAZJANA-N,-9.684
MMP13,s_PHE75,mut_s1,detail,1,1,KXRPCFINVWWFHQ-UHFFFAOYNA-N,-5.335
MMP13,s_PHE75,mut_s1,detail,1,2,NICJTSHRYBTHAS-YHMJCDSINA-N,-7.836
MMP13,s_PHE75,mut_s1,detail,1,3,SWRZVDTZHDWPDS-AWIDAIFANA-N,-10.011
MMP13,s_PHE75,mut_s1,detail,1,4,RKNSLLSUFWWYCA-UHFFFAOYNA-N,-8.583
MMP13,s_PHE75,mut_s1,detail,1,5,OZFSIKFTRRUDES-RIYZIHGNNA-N,-6.783
MMP13,s_PHE75,mut_s1,detail,1,6,AAGGUCRASUJPPN-UHFFFAOYNA-N,-8.464
MMP13,s_PHE75,mut_s1,detail,1,7,OYHXDPMAFYHDNG-YAQRNVERNA-N,-8.119
MMP13,s_PHE75,mut_s1,detail,1,8,AWILWAIEQYZUEQ-UHFFFAOYNA-N,-7.55
MMP13,s_PHE75,mut_s1,detail,1,9,WSFAXHLMQUUHQT-VMPITWQZNA-N,-8.503
MMP13,s_PHE75,mut_s1,detail,1,10,WPHMTVNOXKBZKN-UHFFFAOYNA-N,-7.758
MMP13,s_PHE75,mut_s1,detail,1,11,LPEIZNODGHDCCW-UHFFFAOYNA-N,-7.272
MMP13,s_PHE75,mut_s1,detail,1,12,QQHWWDVSRWOHEP-LILDFLRNNA-N,-7.417
MMP13,s_PHE75,mut_s1,detail,1,13,UMEVSSPGBFVQNC-UHFFFAOYNA-N,-7.285
MMP13,s_PHE75,mut_s1,detail,1,14,VZDIOEKWWZRNQN-UHFFFAOYNA-N,-9.165
MMP13,s_PHE75,mut_s1,detail,1,15,JEVLDOUORFAHRS-NDKGDYFDNA-N,-7.619
MMP13,s_PHE75,mut_s1,detail,1,16,NFTGJNJRMWUBPG-GPQMBLKYNA-N,-8.244
MMP13,s_PHE75,mut_s1,detail,1,17,UMUUTEZBWGDVDA-UHFFFAOYNA-N,-8.208
MMP13,s_PHE75,mut_s1,detail,1,18,VLQKEPLNPGYNDJ-HCKMINDGNA-N,-8.951
MMP13,s_PHE75,mut_s1,detail,1,19,PPMVTAATPZLMJM-CDDDEJBQNA-N,-7.539
MMP13,s_PHE75,mut_s1,detail,1,20,AHLYFAKLKLMESK-YAQRNVERNA-N,-8.332
MMP13,s_PHE75,mut_s1,detail,1,21,GYEJYLAGVWRSIM-KGJHZMDYNA-N,-7.739
MMP13,s_PHE75,mut_s1,detail,1,22,RXVALSLAUOIYLW-UHFFFAOYNA-N,-6.699
MMP13,s_PHE75,mut_s1,detail,1,23,NSELYIFATLFDOZ-JLGFQASFNA-N,-8.46
MMP13,s_PHE75,mut_s1,detail,1,24,COQFBYACOHFCEC-UHFFFAOYNA-N,-7.768
MMP13,s_PHE75,mut_s1,detail,1,25,CJGJXFCLDYQBFQ-YJGXKCCXNA-N,-9.608
MMP13,s_PHE75,mut_s1,detail,1,26,BWNGRRJLFYHENY-INIZCTEONA-N,-8.103
MMP13,s_PHE75,mut_s1,detail,1,27,BNRFXWSJKVJVOF-UYBDAZJANA-N,-9.699
MMP13,s_PHE75,mut_s1,detail,1,28,DMULMZBZVBBWBY-PJZINPJWNA-N,-10.455
MMP13,s_PHE75,mut_s1,detail,1,29,AXLAIGJGNKHDPO-UHFFFAOYNA-N,-6.491
MMP13,s_PHE75,mut_s1,detail,1,30,RKDGAONZEPYEBT-WXRBYKJCNA-N,-7.143
MMP13,s_PHE75,mut_s1,detail,1,31,MBOYDUZSCSNUQL-MBBDSNKKNA-N,-8.972
MMP13,s_PHE75,mut_s1,detail,1,32,KPVDBHRTXOFQDK-YAQRNVERNA-N,-8.256
MMP13,s_PHE75,mut_s1,detail,1,33,LVCNFMYUKISBSB-VJSNTGQMNA-N,-8.812
MMP13,s_PHE75,mut_s1,detail,1,34,XLAHCIRKLMJUQC-DZQCGVKKNA-N,-9.696
MMP13,s_PHE75,mut_s1,detail,1,35,QNYHDABGLCBJOE-SHHGZXMVNA-N,-10.362
MMP13,s_PHE75,mut_s1,detail,1,36,HEKNRISBWSPMOG-OWTLIXCDNA-N,-6.392
MMP13,s_PHE75,mut_s1,detail,1,37,VIRNXCRLEVZXNX-LILDFLRNNA-N,-10.708
MMP13,s_PHE75,mut_s1,detail,1,38,SRTGERSEXJGDMR-UHFFFAOYNA-N,-6.958
MMP13,s_PHE75,mut_s1,detail,1,39,ZGMGSSRLZJYOKH-WXRBYKJCNA-N,-7.481
MMP13,s_PHE75,mut_s1,detail,1,40,VGYFDFRFGHHCDA-CUTUCBJDNA-N,-9.334
MMP13,s_PHE75,mut_s1,detail,1,41,DILPMLYWQJPNLO-HCKMINDGNA-N,-8.777
MMP13,s_PHE75,mut_s1,detail,1,42,RSOODJIGEVJLMK-LQFNOIFHNA-N,-9.375
MMP13,s_PHE75,mut_s1,detail,1,43,OWHHWMUAYBIQPR-UHFFFAOYNA-N,-9.704
MMP13,s_PHE75,mut_s1,detail,1,44,KPIKMVZJKZDOFC-UHFFFAOYNA-N,-9.557
MMP13,s_PHE75,mut_s1,detail,1,45,DIKDKRUREJXLMR-DPMTXJEANA-N,-10.312
MMP13,s_PHE75,mut_s1,detail,1,46,QRVJDPKQHAVBDK-UYBDAZJANA-N,-8.729
MMP13,s_PHE75,mut_s1,detail,1,47,SGBSFKSDPWOALT-UYBDAZJANA-N,-9.844
MMP13,s_PHE75,mut_s1,detail,1,48,CYHFRNFVZWVHCG-OTJKMEOQNA-N,-7.66
MMP13,s_PHE75,mut_s1,detail,1,49,MJUDQDHXCQONOA-MPIMZMORNA-N,-8.306
MMP13,s_PHE75,mut_s1,detail,1,50,RNVYRNLUUYNQAS-PKSOQXRJNA-N,-8.494
MMP13,s_PHE75,mut_s1,detail,1,51,DLZXOZYETDVJEB-QWOVJGMINA-N,-6.767
MMP13,s_PHE75,mut_s1,detail,1,52,HSICVZRDGBJSEL-GPQMBLKYNA-N,-8.159
MMP13,s_PHE75,mut_s1,detail,1,53,HMRUHHFLIMYEAF-QNGOCPJXNA-N,-7.748
MMP13,s_PHE75,mut_s1,detail,1,54,ZZOWQPSBJUXHCA-YSPRVCGUNA-N,-9.429
MMP13,s_PHE75,mut_s1,detail,1,55,WDDJLHOUFWSQSV-UHFFFAOYNA-N,-9.497
MMP13,s_PHE75,mut_s1,detail,1,56,UKLIIGXGTPSYBF-IBCWCQIKNA-N,-9.597
MMP13,s_PHE75,mut_s1,detail,1,57,LNPOBRXJZYGQMS-MOHJPFBDNA-N,-8.775
MMP13,s_PHE75,mut_s1,detail,1,58,FYILBFPPKIZBTO-UHFFFAOYNA-N,-8.128
MMP13,s_PHE75,mut_s1,detail,1,59,MIKIJFODTJGFDI-LILDFLRNNA-N,-9.007
MMP13,s_PHE75,mut_s1,detail,1,60,RUWCNSLWWCWTSU-LILDFLRNNA-N,-8.107
MMP13,s_PHE75,mut_s1,detail,1,61,KLQWCHKIQJHYIB-UHFFFAOYNA-N,-9.639
MMP13,s_PHE75,mut_s1,detail,1,62,QKAWGENQCGFAOE-NPVYFSBINA-N,-8.633
MMP13,s_PHE75,mut_s1,detail,1,63,KGOKCBRZBBEYBE-MMRXBHCZNA-N,-9.33
MMP13,s_PHE75,mut_s1,detail,1,64,ROFRXCLSWKEWTN-UHFFFAOYNA-N,-7.876
MMP13,s_PHE75,mut_s1,detail,1,65,AKRMJNKLSCBEME-FPYGCLRLNA-N,-8.174
MMP13,s_PHE75,mut_s1,detail,1,66,LCGJUJZLLYTYIF-XMFFZCEENA-N,-8.292
MMP13,s_PHE75,mut_s1,detail,1,67,FREQNFSEYLEFOI-QRCVEOAVNA-N,-8.435
MMP13,s_PHE75,mut_s1,detail,1,68,MHMINAYLMNBGSM-UHFFFAOYNA-N,-6.318
MMP13,s_PHE75,mut_s1,detail,1,69,SYMNTBHEGHFZMV-UHFFFAOYNA-N,-8.468
MMP13,s_PHE75,mut_s1,detail,1,70,NNCRWGMPCGSKOO-LILDFLRNNA-N,-8.272
MMP13,s_PHE75,mut_s1,detail,1,71,ZCRRNCCNJMRGFI-UHFFFAOYNA-N,-10.122
MMP13,s_PHE75,mut_s1,detail,1,72,PYVZEIBGEUQNQQ-UHFFFAOYNA-N,-8.751
MMP13,s_PHE75,mut_s1,detail,1,73,OROJQWVRCGJACT-XBTAAFKLNA-N,-10.598
MMP13,s_PHE75,mut_s1,detail,1,74,TXYUWXKCUDOUGU-JLGFQASFNA-N,-7.83
MMP13,s_PHE75,mut_s1,detail,1,75,LAZANALODSEDSE-UHFFFAOYNA-N,-7.162
MMP13,s_PHE75,mut_s1,detail,1,76,RJXCYVJLXGRCHK-UHFFFAOYNA-N,-9.558
MMP13,s_PHE75,mut_s1,detail,1,77,FUSKIBWHJAWEFI-IEJAXPBYNA-N,-9.463
MMP13,s_PHE75,mut_s1,detail,1,78,SGWVLOCBQLQWQV-UHFFFAOYNA-N,-10.182
MMP13,s_PHE75,mut_s1,detail,1,79,PPXRQTYXLZCDAZ-QWOVJGMINA-N,-9.445
MMP13,s_PHE75,mut_s1,detail,1,80,DIFBADFWLVYFHV-LELJVTLKNA-N,-8.927
MMP13,s_PHE75,mut_s1,detail,1,81,XREOSEVJCQGCHE-MHPMNMKGNA-N,-9.583
MMP13,s_PHE75,mut_s1,detail,1,82,ZHGPKHBXSKWZEQ-UHFFFAOYNA-N,-8.602
MMP13,s_PHE75,mut_s1,detail,1,83,ZFAYPJJNPSNAFK-UHFFFAOYNA-N,-8.379
MMP13,s_PHE75,mut_s1,detail,1,84,LTXMRAGWIDQTQT-MYUTVWBTNA-N,-10.472
MMP13,s_PHE75,mut_s1,detail,1,85,VXQHYHSSGLOALC-SPEPDGBUNA-N,-11.193
MMP13,s_PHE75,mut_s1,detail,1,86,KWDSFRAWCISROF-PJQSKVNONA-N,-9.145
MMP13,s_PHE75,mut_s1,detail,1,87,ZJZXSQPHUQUHIV-ZGZFQTMPNA-N,-10.15
MMP13,s_PHE75,mut_s1,detail,1,88,UYHIVPBYFWVWEJ-UHFFFAOYNA-N,-9.492
MMP13,s_PHE75,mut_s1,detail,1,89,PLEFJSUCKRWHBY-LNNLXFCONA-N,-8.391
MMP13,s_PHE75,mut_s1,detail,1,90,DNSRQCRQLKJUCC-PDJAEHLQNA-N,-7.871
MMP13,s_PHE75,mut_s1,detail,1,91,PHYKZCBUNVYJNH-YDBXFXKPNA-N,-7.837
MMP13,s_PHE75,mut_s1,detail,1,92,OOUHZBUAVKCDGA-UHFFFAOYNA-N,-8.024
MMP13,s_PHE75,mut_s1,detail,1,93,UUQDFZFJDFMLHW-UHFFFAOYNA-N,-9.314
MMP13,s_PHE75,mut_s1,detail,1,94,OOUDDHNLDLLUOL-SKKVRFOWNA-N,-9.902
MMP13,s_PHE75,mut_s1,detail,1,95,ZDMQSUAMTLXUTE-MPIMZMORNA-N,-8.424
MMP13,s_PHE75,mut_s1,detail,1,96,NMPLPABDEKPABN-UHFFFAOYNA-N,-9.505
MMP13,s_PHE75,mut_s1,detail,1,97,INZRHGSVWGRHBM-NPVYFSBINA-N,-9.924
MMP13,s_PHE75,mut_s1,detail,1,98,RVGCWMKVTAEQIH-LNNLXFCONA-N,-9.631
MMP13,s_PHE75,mut_s1,detail,1,99,VRXWKRQOVMZBAF-LJQANCHMNA-N,-7.9
MMP13,s_PHE75,mut_s1,detail,1,100,QACLWOIBBYOHQP-UYBDAZJANA-N,-8.429
MMP13,s_PHE75,mut_s1,detail,1,101,ZNXSZVFPCBIELQ-LNNLXFCONA-N,-9.041
MMP13,s_PHE75,mut_s1,detail,1,102,GKMWCCNMKRSQHR-VEKUMTKDNA-N,-8.763
MMP13,s_PHE75,mut_s1,detail,1,103,FFGUSRSMWFYKGK-SKKVRFOWNA-N,-10.147
MMP13,s_PHE75,mut_s1,detail,1,104,KXBDDGKXLZBLOM-SPEPDGBUNA-N,-8.515
MMP13,s_PHE75,mut_s1,detail,1,105,MIUWULAZCXYTJW-MSHHZIMBNA-N,-10.797
MMP13,s_PHE75,mut_s1,detail,1,106,JPZOYWVRFLZCIC-NJNXFGOHNA-N,-10.063
MMP13,s_PHE75,mut_s1,detail,1,107,FAIQTLBYDVKBAB-DVIAZDKANA-N,-9.208
MMP13,s_PHE75,mut_s1,detail,1,108,APFLRZZAOXCNAZ-UHFFFAOYNA-N,-8.788
MMP13,s_PHE75,mut_s1,detail,1,109,BSQLDSQTGOZBFD-UHFFFAOYNA-N,-8.526
MMP13,s_PHE75,mut_s1,detail,1,110,ZVVCFJXCDATSCC-UHFFFAOYNA-N,-10.564
MMP13,s_PHE75,mut_s1,detail,1,111,SKEQTXZATFWVMB-UYBDAZJANA-N,-8.959
MMP13,s_PHE75,mut_s1,detail,1,112,IATWYRHDJKMBQK-MPIMZMORNA-N,-8.362
MMP13,s_PHE75,mut_s1,detail,1,113,JPWOEQDCUZCWKT-MPIMZMORNA-N,-7.034
MMP13,s_PHE75,mut_s1,detail,1,114,RYHSAXRBHDHPPK-PKSOQXRJNA-N,-8.366
MMP13,s_PHE75,mut_s1,detail,1,115,GKKJWUFVZJJFPG-MPIMZMORNA-N,-9.345
MMP13,s_PHE75,mut_s1,detail,1,116,FDNZXFDUCINVLY-BDGWVKIONA-N,-8.978
MMP13,s_PHE75,mut_s1,detail,1,117,KTBYKHKWIFIFAK-UHFFFAOYNA-N,-10.558
MMP13,s_PHE75,mut_s1,detail,1,118,ZRXZEWGUECXTTQ-LQFNOIFHNA-N,-9.495
MMP13,s_PHE75,mut_s1,detail,1,119,XNACBBGLIAJNJM-PECIQRARNA-N,-7.975
MMP13,s_PHE75,mut_s1,detail,1,120,WQZYYJRVBIQUGH-YWZOXAELNA-N,-10.959
MMP13,s_PHE75,mut_s1,detail,1,121,ABMSRNRLDZVJFV-SWUIVHNENA-N,-9.453
MMP13,s_PHE75,mut_s1,detail,1,122,ZEACBIUBSOLEGW-QAITUMOCNA-N,-10.285
MMP13,s_PHE75,mut_s1,detail,1,123,UBFCDXVLKFOOGL-OKPOJWAQNA-N,-9.375
MMP13,s_PHE75,mut_s1,detail,1,124,RRIHVAFUFDANEX-NSJMMFDCNA-N,-7.716
MMP13,s_PHE75,mut_s1,detail,1,125,HASIAUWPWKTSBW-SREBMQDQNA-N,-8.015
MMP13,s_PHE75,mut_s1,detail,1,126,WHBCKYHTCHCHAY-LQFNOIFHNA-N,-8.772
MMP13,s_PHE75,mut_s1,detail,1,127,XMAYWYJOQHXEEK-JYFHCDHNNA-N,-9.776
MMP13,s_PHE75,mut_s1,detail,1,128,TVKCFCZANTZCSU-OYRHEFFENA-N,-10.361
MMP13,s_PHE75,mut_s1,detail,1,129,OJFIIUWPOHBVMH-LNNLXFCONA-N,-7.696
MMP13,s_PHE75,mut_s1,detail,1,130,DKLZMGFTGWKNCD-DIRLUKLVNA-N,-10.829
MMP13,s_PHE75,mut_s1,detail,1,131,PYSLGWZFRQWTDD-PWIKPTQSNA-N,-11.799
MMP13,s_PHE75,mut_s1,detail,1,132,MWMBIUUYBQWKJX-QTUCRYGENA-N,-8.326
MMP13,s_PHE75,mut_s1,detail,1,133,FLYQFCXTEFTSQN-UHFFFAOYNA-N,-9.65
MMP13,s_PHE75,mut_s1,detail,1,134,PBIBDSDWIMZYDT-WBWGZOKWNA-N,-9.724
MMP13,s_PHE75,mut_s1,detail,1,135,GSRWMFGBDLHGBU-YEFLILRRNA-N,-7.792
MMP13,s_PHE75,mut_s1,detail,1,136,AYIJJQHMZAEQKE-QDAGQJSJNA-N,-8.213
MMP13,s_PHE75,mut_s1,detail,1,137,JVWTZUKPDMRNDC-FSAKADSPNA-N,-10.212
MMP13,s_PHE75,mut_s1,detail,1,138,XAZPLOLSRXZDBO-LBZABMTDNA-N,-8.046
MMP13,s_PHE75,mut_s1,detail,1,139,RGWVFJBNHCWCTL-CFEGKOCINA-N,-9.74
MMP13,s_PHE75,mut_s1,detail,1,140,YYWNRQZCPIMCAK-UHFFFAOYNA-N,-10.555
MMP13,s_PHE75,mut_s1,detail,1,141,PBTZDKNKXRSZPM-XBXBPLPCNA-N,-10.021
MMP13,s_PHE75,mut_s1,detail,1,142,QQPOIMHFFPBDQM-LELJVTLKNA-N,-10.599
MMP13,s_PHE75,mut_s1,detail,1,143,NYFQURFFDGCBCB-MAQJPOOANA-N,-8.349
MMP13,s_PHE75,mut_s1,detail,1,144,HXZVHWHABLBWBS-MTTPVDACNA-N,-10.716
MMP13,s_PHE75,mut_s1,detail,1,145,IWYYSOJWYLZKLK-LELJVTLKNA-N,-9.03
MMP13,s_PHE75,mut_s1,detail,1,146,HOGUCNPGZXMBGW-UHFFFAOYNA-N,-9.836
MMP13,s_PHE75,mut_s1,detail,1,147,VITUDJAVASFPKN-DUFUIDNCNA-N,-10.173
MMP13,s_PHE75,mut_s1,detail,1,148,IXAHDCRYEUYPBG-SCXYCHFONA-N,-10.483
MMP13,s_PHE75,mut_s1,detail,1,149,JWHMEKMLAZQDNS-OZMOGHDGNA-N,-9.172
MMP13,s_PHE75,mut_s1,detail,1,150,BZWNBTIJLRHNDZ-LBOYIXSDNA-N,-9.26
MMP13,s_PHE75,mut_s1,detail,1,151,RECYROBESYRUML-UHFFFAOYNA-N,-8.902
MMP13,s_PHE75,mut_s1,detail,1,152,MLDSJJJLQRZNKW-UHBIVWOUNA-N,-10.817
MMP13,s_PHE75,mut_s1,detail,1,153,XTWIHJARHCYNFX-PHXLCVRDNA-N,-9.091
MMP13,s_PHE75,mut_s1,detail,1,154,UQGFETVWTRDGKJ-UHFFFAOYNA-N,-8.274
MMP13,s_PHE75,mut_s1,detail,1,155,VJFSMDWEMFOWDK-CYSPOYASNA-N,-11.5
MMP13,s_PHE75,mut_s1,detail,1,156,NZYLXYBIWNIAGH-CYSPOYASNA-N,-11.167
MMP13,s_PHE75,mut_s1,detail,1,157,ODXCWFOKLBJQNP-MPIMZMORNA-N,-8.887
MMP13,s_PHE75,mut_s1,detail,1,158,FVDNMAPPDSKXKQ-UHFFFAOYNA-N,-11.398
MMP13,s_PHE75,mut_s1,detail,1,159,DOPWMPRIRWTOOD-CCHPKIMANA-N,-9.418
MMP13,s_TYR143,mut_s1,detail,1,0,URVMSYHISUZXNH-UYBDAZJANA-N,-9.449
MMP13,s_TYR143,mut_s1,detail,1,1,KXRPCFINVWWFHQ-UHFFFAOYNA-N,-4.975
MMP13,s_TYR143,mut_s1,detail,1,2,NICJTSHRYBTHAS-YHMJCDSINA-N,-7.83
MMP13,s_TYR143,mut_s1,detail,1,3,SWRZVDTZHDWPDS-AWIDAIFANA-N,-10.218
MMP13,s_TYR143,mut_s1,detail,1,4,RKNSLLSUFWWYCA-UHFFFAOYNA-N,-8.695
MMP13,s_TYR143,mut_s1,detail,1,5,OZFSIKFTRRUDES-RIYZIHGNNA-N,-6.848
MMP13,s_TYR143,mut_s1,detail,1,6,AAGGUCRASUJPPN-UHFFFAOYNA-N,-8.365
MMP13,s_TYR143,mut_s1,detail,1,7,OYHXDPMAFYHDNG-YAQRNVERNA-N,-8.314
MMP13,s_TYR143,mut_s1,detail,1,8,AWILWAIEQYZUEQ-UHFFFAOYNA-N,-7.437
MMP13,s_TYR143,mut_s1,detail,1,9,WSFAXHLMQUUHQT-VMPITWQZNA-N,-8.681
MMP13,s_TYR143,mut_s1,detail,1,10,WPHMTVNOXKBZKN-UHFFFAOYNA-N,-7.712
MMP13,s_TYR143,mut_s1,detail,1,11,LPEIZNODGHDCCW-UHFFFAOYNA-N,-7.247
MMP13,s_TYR143,mut_s1,detail,1,12,QQHWWDVSRWOHEP-LILDFLRNNA-N,-8.07
MMP13,s_TYR143,mut_s1,detail,1,13,UMEVSSPGBFVQNC-UHFFFAOYNA-N,-7.285
MMP13,s_TYR143,mut_s1,detail,1,14,VZDIOEKWWZRNQN-UHFFFAOYNA-N,-9.219
MMP13,s_TYR143,mut_s1,detail,1,15,JEVLDOUORFAHRS-NDKGDYFDNA-N,-7.843
MMP13,s_TYR143,mut_s1,detail,1,16,NFTGJNJRMWUBPG-GPQMBLKYNA-N,-8.225
MMP13,s_TYR143,mut_s1,detail,1,17,UMUUTEZBWGDVDA-UHFFFAOYNA-N,-7.873
MMP13,s_TYR143,mut_s1,detail,1,18,VLQKEPLNPGYNDJ-HCKMINDGNA-N,-8.931
MMP13,s_TYR143,mut_s1,detail,1,19,PPMVTAATPZLMJM-CDDDEJBQNA-N,-7.548
MMP13,s_TYR143,mut_s1,detail,1,20,AHLYFAKLKLMESK-YAQRNVERNA-N,-7.936
MMP13,s_TYR143,mut_s1,detail,1,21,GYEJYLAGVWRSIM-KGJHZMDYNA-N,-6.999
MMP13,s_TYR143,mut_s1,detail,1,22,RXVALSLAUOIYLW-UHFFFAOYNA-N,-6.825
MMP13,s_TYR143,mut_s1,detail,1,23,NSELYIFATLFDOZ-JLGFQASFNA-N,-8.552
MMP13,s_TYR143,mut_s1,detail,1,24,COQFBYACOHFCEC-UHFFFAOYNA-N,-7.58
MMP13,s_TYR143,mut_s1,detail,1,25,CJGJXFCLDYQBFQ-YJGXKCCXNA-N,-9.581
MMP13,s_TYR143,mut_s1,detail,1,26,BWNGRRJLFYHENY-INIZCTEONA-N,-8.259
MMP13,s_TYR143,mut_s1,detail,1,27,BNRFXWSJKVJVOF-UYBDAZJANA-N,-9.725
MMP13,s_TYR143,mut_s1,detail,1,28,DMULMZBZVBBWBY-PJZINPJWNA-N,-10.398
MMP13,s_TYR143,mut_s1,detail,1,29,AXLAIGJGNKHDPO-UHFFFAOYNA-N,-6.44
MMP13,s_TYR143,mut_s1,detail,1,30,RKDGAONZEPYEBT-WXRBYKJCNA-N,-7.153
MMP13,s_TYR143,mut_s1,detail,1,31,MBOYDUZSCSNUQL-MBBDSNKKNA-N,-9.081
MMP13,s_TYR143,mut_s1,detail,1,32,KPVDBHRTXOFQDK-YAQRNVERNA-N,-7.843
MMP13,s_TYR143,mut_s1,detail,1,33,LVCNFMYUKISBSB-VJSNTGQMNA-N,-8.825
MMP13,s_TYR143,mut_s1,detail,1,34,XLAHCIRKLMJUQC-DZQCGVKKNA-N,-9.396
MMP13,s_TYR143,mut_s1,detail,1,35,QNYHDABGLCBJOE-SHHGZXMVNA-N,-10.285
MMP13,s_TYR143,mut_s1,detail,1,36,HEKNRISBWSPMOG-OWTLIXCDNA-N,-6.41
MMP13,s_TYR143,mut_s1,detail,1,37,VIRNXCRLEVZXNX-LILDFLRNNA-N,-10.683
MMP13,s_TYR143,mut_s1,detail,1,38,SRTGERSEXJGDMR-UHFFFAOYNA-N,-7.051
MMP13,s_TYR143,mut_s1,detail,1,39,ZGMGSSRLZJYOKH-WXRBYKJCNA-N,-7.607
MMP13,s_TYR143,mut_s1,detail,1,40,VGYFDFRFGHHCDA-CUTUCBJDNA-N,-9.072
MMP13,s_TYR143,mut_s1,detail,1,41,DILPMLYWQJPNLO-HCKMINDGNA-N,-8.642
MMP13,s_TYR143,mut_s1,detail,1,42,RSOODJIGEVJLMK-LQFNOIFHNA-N,-9.431
MMP13,s_TYR143,mut_s1,detail,1,43,OWHHWMUAYBIQPR-UHFFFAOYNA-N,-9.85
MMP13,s_TYR143,mut_s1,detail,1,44,KPIKMVZJKZDOFC-UHFFFAOYNA-N,-9.329
MMP13,s_TYR143,mut_s1,detail,1,45,DIKDKRUREJXLMR-DPMTXJEANA-N,-10.308
MMP13,s_TYR143,mut_s1,detail,1,46,QRVJDPKQHAVBDK-UYBDAZJANA-N,-8.505
MMP13,s_TYR143,mut_s1,detail,1,47,SGBSFKSDPWOALT-UYBDAZJANA-N,-9.576
MMP13,s_TYR143,mut_s1,detail,1,48,CYHFRNFVZWVHCG-OTJKMEOQNA-N,-8.161
MMP13,s_TYR143,mut_s1,detail,1,49,MJUDQDHXCQONOA-MPIMZMORNA-N,-8.417
MMP13,s_TYR143,mut_s1,detail,1,50,RNVYRNLUUYNQAS-PKSOQXRJNA-N,-8.403
MMP13,s_TYR143,mut_s1,detail,1,51,DLZXOZYETDVJEB-QWOVJGMINA-N,-6.046
MMP13,s_TYR143,mut_s1,detail,1,52,HSICVZRDGBJSEL-GPQMBLKYNA-N,-7.851
MMP13,s_TYR143,mut_s1,detail,1,53,HMRUHHFLIMYEAF-QNGOCPJXNA-N,-7.11
MMP13,s_TYR143,mut_s1,detail,1,54,ZZOWQPSBJUXHCA-YSPRVCGUNA-N,-9.613
MMP13,s_TYR143,mut_s1,detail,1,55,WDDJLHOUFWSQSV-UHFFFAOYNA-N,-9.537
MMP13,s_TYR143,mut_s1,detail,1,56,UKLIIGXGTPSYBF-IBCWCQIKNA-N,-9.583
MMP13,s_TYR143,mut_s1,detail,1,57,LNPOBRXJZYGQMS-MOHJPFBDNA-N,-8.952
MMP13,s_TYR143,mut_s1,detail,1,58,FYILBFPPKIZBTO-UHFFFAOYNA-N,-8.245
MMP13,s_TYR143,mut_s1,detail,1,59,MIKIJFODTJGFDI-LILDFLRNNA-N,-8.994
MMP13,s_TYR143,mut_s1,detail,1,60,RUWCNSLWWCWTSU-LILDFLRNNA-N,-7.846
MMP13,s_TYR143,mut_s1,detail,1,61,KLQWCHKIQJHYIB-UHFFFAOYNA-N,-9.281
MMP13,s_TYR143,mut_s1,detail,1,62,QKAWGENQCGFAOE-NPVYFSBINA-N,-7.718
MMP13,s_TYR143,mut_s1,detail,1,63,KGOKCBRZBBEYBE-MMRXBHCZNA-N,-9.264
MMP13,s_TYR143,mut_s1,detail,1,64,ROFRXCLSWKEWTN-UHFFFAOYNA-N,-7.908
MMP13,s_TYR143,mut_s1,detail,1,65,AKRMJNKLSCBEME-FPYGCLRLNA-N,-8.407
MMP13,s_TYR143,mut_s1,detail,1,66,LCGJUJZLLYTYIF-XMFFZCEENA-N,-8.046
MMP13,s_TYR143,mut_s1,detail,1,67,FREQNFSEYLEFOI-QRCVEOAVNA-N,-8.737
MMP13,s_TYR143,mut_s1,detail,1,68,MHMINAYLMNBGSM-UHFFFAOYNA-N,-6.4
MMP13,s_TYR143,mut_s1,detail,1,69,SYMNTBHEGHFZMV-UHFFFAOYNA-N,-7.182
MMP13,s_TYR143,mut_s1,detail,1,70,NNCRWGMPCGSKOO-LILDFLRNNA-N,-8.162
MMP13,s_TYR143,mut_s1,detail,1,71,ZCRRNCCNJMRGFI-UHFFFAOYNA-N,-9.886
MMP13,s_TYR143,mut_s1,detail,1,72,PYVZEIBGEUQNQQ-UHFFFAOYNA-N,-8.835
MMP13,s_TYR143,mut_s1,detail,1,73,OROJQWVRCGJACT-XBTAAFKLNA-N,-10.522
MMP13,s_TYR143,mut_s1,detail,1,74,TXYUWXKCUDOUGU-JLGFQASFNA-N,-7.608
MMP13,s_TYR143,mut_s1,detail,1,75,LAZANALODSEDSE-UHFFFAOYNA-N,-7.288
MMP13,s_TYR143,mut_s1,detail,1,76,RJXCYVJLXGRCHK-UHFFFAOYNA-N,-9.727
MMP13,s_TYR143,mut_s1,detail,1,77,FUSKIBWHJAWEFI-IEJAXPBYNA-N,-9.49
MMP13,s_TYR143,mut_s1,detail,1,78,SGWVLOCBQLQWQV-UHFFFAOYNA-N,-10.172
MMP13,s_TYR143,mut_s1,detail,1,79,PPXRQTYXLZCDAZ-QWOVJGMINA-N,-9.36
MMP13,s_TYR143,mut_s1,detail,1,80,DIFBADFWLVYFHV-LELJVTLKNA-N,-8.889
MMP13,s_TYR143,mut_s1,detail,1,81,XREOSEVJCQGCHE-MHPMNMKGNA-N,-8.91
MMP13,s_TYR143,mut_s1,detail,1,82,ZHGPKHBXSKWZEQ-UHFFFAOYNA-N,-8.074
MMP13,s_TYR143,mut_s1,detail,1,83,ZFAYPJJNPSNAFK-UHFFFAOYNA-N,-8.419
MMP13,s_TYR143,mut_s1,detail,1,84,LTXMRAGWIDQTQT-MYUTVWBTNA-N,-10.549
MMP13,s_TYR143,mut_s1,detail,1,85,VXQHYHSSGLOALC-SPEPDGBUNA-N,-10.587
MMP13,s_TYR143,mut_s1,detail,1,86,KWDSFRAWCISROF-PJQSKVNONA-N,-9.079
MMP13,s_TYR143,mut_s1,detail,1,87,ZJZXSQPHUQUHIV-ZGZFQTMPNA-N,-10.209
MMP13,s_TYR143,mut_s1,detail,1,88,UYHIVPBYFWVWEJ-UHFFFAOYNA-N,-9.712
MMP13,s_TYR143,mut_s1,detail,1,89,PLEFJSUCKRWHBY-LNNLXFCONA-N,-9.003
MMP13,s_TYR143,mut_s1,detail,1,90,DNSRQCRQLKJUCC-PDJAEHLQNA-N,-8.006
MMP13,s_TYR143,mut_s1,detail,1,91,PHYKZCBUNVYJNH-YDBXFXKPNA-N,-7.515
MMP13,s_TYR143,mut_s1,detail,1,92,OOUHZBUAVKCDGA-UHFFFAOYNA-N,-8.423
MMP13,s_TYR143,mut_s1,detail,1,93,UUQDFZFJDFMLHW-UHFFFAOYNA-N,-9.277
MMP13,s_TYR143,mut_s1,detail,1,94,OOUDDHNLDLLUOL-SKKVRFOWNA-N,-9.995
MMP13,s_TYR143,mut_s1,detail,1,95,ZDMQSUAMTLXUTE-MPIMZMORNA-N,-8.694
MMP13,s_TYR143,mut_s1,detail,1,96,NMPLPABDEKPABN-UHFFFAOYNA-N,-9.718
MMP13,s_TYR143,mut_s1,detail,1,97,INZRHGSVWGRHBM-NPVYFSBINA-N,-9.866
MMP13,s_TYR143,mut_s1,detail,1,98,RVGCWMKVTAEQIH-LNNLXFCONA-N,-9.677
MMP13,s_TYR143,mut_s1,detail,1,99,VRXWKRQOVMZBAF-LJQANCHMNA-N,-7.848
MMP13,s_TYR143,mut_s1,detail,1,100,QACLWOIBBYOHQP-UYBDAZJANA-N,-7.967
MMP13,s_TYR143,mut_s1,detail,1,101,ZNXSZVFPCBIELQ-LNNLXFCONA-N,-8.853
MMP13,s_TYR143,mut_s1,detail,1,102,GKMWCCNMKRSQHR-VEKUMTKDNA-N,-9.022
MMP13,s_TYR143,mut_s1,detail,1,103,FFGUSRSMWFYKGK-SKKVRFOWNA-N,-10.027
MMP13,s_TYR143,mut_s1,detail,1,104,KXBDDGKXLZBLOM-SPEPDGBUNA-N,-7.884
MMP13,s_TYR143,mut_s1,detail,1,105,MIUWULAZCXYTJW-MSHHZIMBNA-N,-10.741
MMP13,s_TYR143,mut_s1,detail,1,106,JPZOYWVRFLZCIC-NJNXFGOHNA-N,-10.076
MMP13,s_TYR143,mut_s1,detail,1,107,FAIQTLBYDVKBAB-DVIAZDKANA-N,-10.045
MMP13,s_TYR143,mut_s1,detail,1,108,APFLRZZAOXCNAZ-UHFFFAOYNA-N,-8.328
MMP13,s_TYR143,mut_s1,detail,1,109,BSQLDSQTGOZBFD-UHFFFAOYNA-N,-8.615
MMP13,s_TYR143,mut_s1,detail,1,110,ZVVCFJXCDATSCC-UHFFFAOYNA-N,-9.858
MMP13,s_TYR143,mut_s1,detail,1,111,SKEQTXZATFWVMB-UYBDAZJANA-N,-8.853
MMP13,s_TYR143,mut_s1,detail,1,112,IATWYRHDJKMBQK-MPIMZMORNA-N,-8.442
MMP13,s_TYR143,mut_s1,detail,1,113,JPWOEQDCUZCWKT-MPIMZMORNA-N,-7.194
MMP13,s_TYR143,mut_s1,detail,1,114,RYHSAXRBHDHPPK-PKSOQXRJNA-N,-7.839
MMP13,s_TYR143,mut_s1,detail,1,115,GKKJWUFVZJJFPG-MPIMZMORNA-N,-9.326
MMP13,s_TYR143,mut_s1,detail,1,116,FDNZXFDUCINVLY-BDGWVKIONA-N,-9.185
MMP13,s_TYR143,mut_s1,detail,1,117,KTBYKHKWIFIFAK-UHFFFAOYNA-N,-9.941
MMP13,s_TYR143,mut_s1,detail,1,118,ZRXZEWGUECXTTQ-LQFNOIFHNA-N,-9.834
MMP13,s_TYR143,mut_s1,detail,1,119,XNACBBGLIAJNJM-PECIQRARNA-N,-8.075
MMP13,s_TYR143,mut_s1,detail,1,120,WQZYYJRVBIQUGH-YWZOXAELNA-N,-10.771
MMP13,s_TYR143,mut_s1,detail,1,121,ABMSRNRLDZVJFV-SWUIVHNENA-N,-8.986
MMP13,s_TYR143,mut_s1,detail,1,122,ZEACBIUBSOLEGW-QAITUMOCNA-N,-10.119
MMP13,s_TYR143,mut_s1,detail,1,123,UBFCDXVLKFOOGL-OKPOJWAQNA-N,-9.398
MMP13,s_TYR143,mut_s1,detail,1,124,RRIHVAFUFDANEX-NSJMMFDCNA-N,-7.693
MMP13,s_TYR143,mut_s1,detail,1,125,HASIAUWPWKTSBW-SREBMQDQNA-N,-8.487
MMP13,s_TYR143,mut_s1,detail,1,126,WHBCKYHTCHCHAY-LQFNOIFHNA-N,-8.841
MMP13,s_TYR143,mut_s1,detail,1,127,XMAYWYJOQHXEEK-JYFHCDHNNA-N,-9.659
MMP13,s_TYR143,mut_s1,detail,1,128,TVKCFCZANTZCSU-OYRHEFFENA-N,-10.376
MMP13,s_TYR143,mut_s1,detail,1,129,OJFIIUWPOHBVMH-LNNLXFCONA-N,-8.019
MMP13,s_TYR143,mut_s1,detail,1,130,DKLZMGFTGWKNCD-DIRLUKLVNA-N,-10.844
MMP13,s_TYR143,mut_s1,detail,1,131,PYSLGWZFRQWTDD-PWIKPTQSNA-N,-11.872
MMP13,s_TYR143,mut_s1,detail,1,132,MWMBIUUYBQWKJX-QTUCRYGENA-N,-8.451
MMP13,s_TYR143,mut_s1,detail,1,133,FLYQFCXTEFTSQN-UHFFFAOYNA-N,-9.54
MMP13,s_TYR143,mut_s1,detail,1,134,PBIBDSDWIMZYDT-WBWGZOKWNA-N,-9.752
MMP13,s_TYR143,mut_s1,detail,1,135,GSRWMFGBDLHGBU-YEFLILRRNA-N,-9.152
MMP13,s_TYR143,mut_s1,detail,1,136,AYIJJQHMZAEQKE-QDAGQJSJNA-N,-8.327
MMP13,s_TYR143,mut_s1,detail,1,137,JVWTZUKPDMRNDC-FSAKADSPNA-N,-10.196
MMP13,s_TYR143,mut_s1,detail,1,138,XAZPLOLSRXZDBO-LBZABMTDNA-N,-6.969
MMP13,s_TYR143,mut_s1,detail,1,139,RGWVFJBNHCWCTL-CFEGKOCINA-N,-9.517
MMP13,s_TYR143,mut_s1,detail,1,140,YYWNRQZCPIMCAK-UHFFFAOYNA-N,-11.189
MMP13,s_TYR143,mut_s1,detail,1,141,PBTZDKNKXRSZPM-XBXBPLPCNA-N,-10.265
MMP13,s_TYR143,mut_s1,detail,1,142,QQPOIMHFFPBDQM-LELJVTLKNA-N,-10.635
MMP13,s_TYR143,mut_s1,detail,1,143,NYFQURFFDGCBCB-MAQJPOOANA-N,-9.114
MMP13,s_TYR143,mut_s1,detail,1,144,HXZVHWHABLBWBS-MTTPVDACNA-N,-10.454
MMP13,s_TYR143,mut_s1,detail,1,145,IWYYSOJWYLZKLK-LELJVTLKNA-N,-9.327
MMP13,s_TYR143,mut_s1,detail,1,146,HOGUCNPGZXMBGW-UHFFFAOYNA-N,-9.835
MMP13,s_TYR143,mut_s1,detail,1,147,VITUDJAVASFPKN-DUFUIDNCNA-N,-10.036
MMP13,s_TYR143,mut_s1,detail,1,148,IXAHDCRYEUYPBG-SCXYCHFONA-N,-10.862
MMP13,s_TYR143,mut_s1,detail,1,149,JWHMEKMLAZQDNS-OZMOGHDGNA-N,-9.317
MMP13,s_TYR143,mut_s1,detail,1,150,BZWNBTIJLRHNDZ-LBOYIXSDNA-N,-9.114
MMP13,s_TYR143,mut_s1,detail,1,151,RECYROBESYRUML-UHFFFAOYNA-N,-8.764
MMP13,s_TYR143,mut_s1,detail,1,152,MLDSJJJLQRZNKW-UHBIVWOUNA-N,-10.428
MMP13,s_TYR143,mut_s1,detail,1,153,XTWIHJARHCYNFX-PHXLCVRDNA-N,-8.993
MMP13,s_TYR143,mut_s1,detail,1,154,UQGFETVWTRDGKJ-UHFFFAOYNA-N,-8.277
MMP13,s_TYR143,mut_s1,detail,1,155,VJFSMDWEMFOWDK-CYSPOYASNA-N,-11.197
MMP13,s_TYR143,mut_s1,detail,1,156,NZYLXYBIWNIAGH-CYSPOYASNA-N,-11.321
MMP13,s_TYR143,mut_s1,detail,1,157,ODXCWFOKLBJQNP-MPIMZMORNA-N,-8.807
MMP13,s_TYR143,mut_s1,detail,1,158,FVDNMAPPDSKXKQ-UHFFFAOYNA-N,-11.376
MMP13,s_TYR143,mut_s1,detail,1,159,DOPWMPRIRWTOOD-CCHPKIMANA-N,-8.633
MMP13,s_LEU147,mut_s1,detail,1,0,URVMSYHISUZXNH-UYBDAZJANA-N,-9.307
MMP13,s_LEU147,mut_s1,detail,1,1,KXRPCFINVWWFHQ-UHFFFAOYNA-N,-5.331
MMP13,s_LEU147,mut_s1,detail,1,2,NICJTSHRYBTHAS-YHMJCDSINA-N,-7.715
MMP13,s_LEU147,mut_s1,detail,1,3,SWRZVDTZHDWPDS-AWIDAIFANA-N,-10.209
MMP13,s_LEU147,mut_s1,detail,1,4,RKNSLLSUFWWYCA-UHFFFAOYNA-N,-8.802
MMP13,s_LEU147,mut_s1,detail,1,5,OZFSIKFTRRUDES-RIYZIHGNNA-N,-7.172
MMP13,s_LEU147,mut_s1,detail,1,6,AAGGUCRASUJPPN-UHFFFAOYNA-N,-8.288
MMP13,s_LEU147,mut_s1,detail,1,7,OYHXDPMAFYHDNG-YAQRNVERNA-N,-8.476
MMP13,s_LEU147,mut_s1,detail,1,8,AWILWAIEQYZUEQ-UHFFFAOYNA-N,-7.413
MMP13,s_LEU147,mut_s1,detail,1,9,WSFAXHLMQUUHQT-VMPITWQZNA-N,-8.376
MMP13,s_LEU147,mut_s1,detail,1,10,WPHMTVNOXKBZKN-UHFFFAOYNA-N,-7.863
MMP13,s_LEU147,mut_s1,detail,1,11,LPEIZNODGHDCCW-UHFFFAOYNA-N,-7.33
MMP13,s_LEU147,mut_s1,detail,1,12,QQHWWDVSRWOHEP-LILDFLRNNA-N,-7.246
MMP13,s_LEU147,mut_s1,detail,1,13,UMEVSSPGBFVQNC-UHFFFAOYNA-N,-7.282
MMP13,s_LEU147,mut_s1,detail,1,14,VZDIOEKWWZRNQN-UHFFFAOYNA-N,-9.29
MMP13,s_LEU147,mut_s1,detail,1,15,JEVLDOUORFAHRS-NDKGDYFDNA-N,-7.692
MMP13,s_LEU147,mut_s1,detail,1,16,NFTGJNJRMWUBPG-GPQMBLKYNA-N,-8.25
MMP13,s_LEU147,mut_s1,detail,1,17,UMUUTEZBWGDVDA-UHFFFAOYNA-N,-7.997
MMP13,s_LEU147,mut_s1,detail,1,18,VLQKEPLNPGYNDJ-HCKMINDGNA-N,-8.884
MMP13,s_LEU147,mut_s1,detail,1,19,PPMVTAATPZLMJM-CDDDEJBQNA-N,-7.526
MMP13,s_LEU147,mut_s1,detail,1,20,AHLYFAKLKLMESK-YAQRNVERNA-N,-8.34
MMP13,s_LEU147,mut_s1,detail,1,21,GYEJYLAGVWRSIM-KGJHZMDYNA-N,-8.028
MMP13,s_LEU147,mut_s1,detail,1,22,RXVALSLAUOIYLW-UHFFFAOYNA-N,-7.531
MMP13,s_LEU147,mut_s1,detail,1,23,NSELYIFATLFDOZ-JLGFQASFNA-N,-8.292
MMP13,s_LEU147,mut_s1,detail,1,24,COQFBYACOHFCEC-UHFFFAOYNA-N,-7.034
MMP13,s_LEU147,mut_s1,detail,1,25,CJGJXFCLDYQBFQ-YJGXKCCXNA-N,-9.629
MMP13,s_LEU147,mut_s1,detail,1,26,BWNGRRJLFYHENY-INIZCTEONA-N,-8.253
MMP13,s_LEU147,mut_s1,detail,1,27,BNRFXWSJKVJVOF-UYBDAZJANA-N,-9.503
MMP13,s_LEU147,mut_s1,detail,1,28,DMULMZBZVBBWBY-PJZINPJWNA-N,-10.44
MMP13,s_LEU147,mut_s1,detail,1,29,AXLAIGJGNKHDPO-UHFFFAOYNA-N,-6.126
MMP13,s_LEU147,mut_s1,detail,1,30,RKDGAONZEPYEBT-WXRBYKJCNA-N,-7.185
MMP13,s_LEU147,mut_s1,detail,1,31,MBOYDUZSCSNUQL-MBBDSNKKNA-N,-8.906
MMP13,s_LEU147,mut_s1,detail,1,32,KPVDBHRTXOFQDK-YAQRNVERNA-N,-7.694
MMP13,s_LEU147,mut_s1,detail,1,33,LVCNFMYUKISBSB-VJSNTGQMNA-N,-8.98
MMP13,s_LEU147,mut_s1,detail,1,34,XLAHCIRKLMJUQC-DZQCGVKKNA-N,-9.693
MMP13,s_LEU147,mut_s1,detail,1,35,QNYHDABGLCBJOE-SHHGZXMVNA-N,-8.987
MMP13,s_LEU147,mut_s1,detail,1,36,HEKNRISBWSPMOG-OWTLIXCDNA-N,-6.397
MMP13,s_LEU147,mut_s1,detail,1,37,VIRNXCRLEVZXNX-LILDFLRNNA-N,-10.69
MMP13,s_LEU147,mut_s1,detail,1,38,SRTGERSEXJGDMR-UHFFFAOYNA-N,-6.952
MMP13,s_LEU147,mut_s1,detail,1,39,ZGMGSSRLZJYOKH-WXRBYKJCNA-N,-7.597
MMP13,s_LEU147,mut_s1,detail,1,40,VGYFDFRFGHHCDA-CUTUCBJDNA-N,-8.837
MMP13,s_LEU147,mut_s1,detail,1,41,DILPMLYWQJPNLO-HCKMINDGNA-N,-8.179
MMP13,s_LEU147,mut_s1,detail,1,42,RSOODJIGEVJLMK-LQFNOIFHNA-N,-9.417
MMP13,s_LEU147,mut_s1,detail,1,43,OWHHWMUAYBIQPR-UHFFFAOYNA-N,-9.615
MMP13,s_LEU147,mut_s1,detail,1,44,KPIKMVZJKZDOFC-UHFFFAOYNA-N,-9.543
MMP13,s_LEU147,mut_s1,detail,1,45,DIKDKRUREJXLMR-DPMTXJEANA-N,-10.263
MMP13,s_LEU147,mut_s1,detail,1,46,QRVJDPKQHAVBDK-UYBDAZJANA-N,-8.58
MMP13,s_LEU147,mut_s1,detail,1,47,SGBSFKSDPWOALT-UYBDAZJANA-N,-10.014
MMP13,s_LEU147,mut_s1,detail,1,48,CYHFRNFVZWVHCG-OTJKMEOQNA-N,-7.815
MMP13,s_LEU147,mut_s1,detail,1,49,MJUDQDHXCQONOA-MPIMZMORNA-N,-8.354
MMP13,s_LEU147,mut_s1,detail,1,50,RNVYRNLUUYNQAS-PKSOQXRJNA-N,-8.871
MMP13,s_LEU147,mut_s1,detail,1,51,DLZXOZYETDVJEB-QWOVJGMINA-N,-6.495
MMP13,s_LEU147,mut_s1,detail,1,52,HSICVZRDGBJSEL-GPQMBLKYNA-N,-7.542
MMP13,s_LEU147,mut_s1,detail,1,53,HMRUHHFLIMYEAF-QNGOCPJXNA-N,-7.642
MMP13,s_LEU147,mut_s1,detail,1,54,ZZOWQPSBJUXHCA-YSPRVCGUNA-N,-9.607
MMP13,s_LEU147,mut_s1,detail,1,55,WDDJLHOUFWSQSV-UHFFFAOYNA-N,-9.486
MMP13,s_LEU147,mut_s1,detail,1,56,UKLIIGXGTPSYBF-IBCWCQIKNA-N,-9.655
MMP13,s_LEU147,mut_s1,detail,1,57,LNPOBRXJZYGQMS-MOHJPFBDNA-N,-8.934
MMP13,s_LEU147,mut_s1,detail,1,58,FYILBFPPKIZBTO-UHFFFAOYNA-N,-8.138
MMP13,s_LEU147,mut_s1,detail,1,59,MIKIJFODTJGFDI-LILDFLRNNA-N,-8.886
MMP13,s_LEU147,mut_s1,detail,1,60,RUWCNSLWWCWTSU-LILDFLRNNA-N,-7.758
MMP13,s_LEU147,mut_s1,detail,1,61,KLQWCHKIQJHYIB-UHFFFAOYNA-N,-9.512
MMP13,s_LEU147,mut_s1,detail,1,62,QKAWGENQCGFAOE-NPVYFSBINA-N,-8.007
MMP13,s_LEU147,mut_s1,detail,1,63,KGOKCBRZBBEYBE-MMRXBHCZNA-N,-9.219
MMP13,s_LEU147,mut_s1,detail,1,64,ROFRXCLSWKEWTN-UHFFFAOYNA-N,-7.968
MMP13,s_LEU147,mut_s1,detail,1,65,AKRMJNKLSCBEME-FPYGCLRLNA-N,-8.729
MMP13,s_LEU147,mut_s1,detail,1,66,LCGJUJZLLYTYIF-XMFFZCEENA-N,-8.135
MMP13,s_LEU147,mut_s1,detail,1,67,FREQNFSEYLEFOI-QRCVEOAVNA-N,-8.79
MMP13,s_LEU147,mut_s1,detail,1,68,MHMINAYLMNBGSM-UHFFFAOYNA-N,-6.419
MMP13,s_LEU147,mut_s1,detail,1,69,SYMNTBHEGHFZMV-UHFFFAOYNA-N,-8.242
MMP13,s_LEU147,mut_s1,detail,1,70,NNCRWGMPCGSKOO-LILDFLRNNA-N,-7.699
MMP13,s_LEU147,mut_s1,detail,1,71,ZCRRNCCNJMRGFI-UHFFFAOYNA-N,-9.256
MMP13,s_LEU147,mut_s1,detail,1,72,PYVZEIBGEUQNQQ-UHFFFAOYNA-N,-8.796
MMP13,s_LEU147,mut_s1,detail,1,73,OROJQWVRCGJACT-XBTAAFKLNA-N,-10.644
MMP13,s_LEU147,mut_s1,detail,1,74,TXYUWXKCUDOUGU-JLGFQASFNA-N,-7.515
MMP13,s_LEU147,mut_s1,detail,1,75,LAZANALODSEDSE-UHFFFAOYNA-N,-7.076
MMP13,s_LEU147,mut_s1,detail,1,76,RJXCYVJLXGRCHK-UHFFFAOYNA-N,-9.724
MMP13,s_LEU147,mut_s1,detail,1,77,FUSKIBWHJAWEFI-IEJAXPBYNA-N,-9.438
MMP13,s_LEU147,mut_s1,detail,1,78,SGWVLOCBQLQWQV-UHFFFAOYNA-N,-10.198
MMP13,s_LEU147,mut_s1,detail,1,79,PPXRQTYXLZCDAZ-QWOVJGMINA-N,-9.439
MMP13,s_LEU147,mut_s1,detail,1,80,DIFBADFWLVYFHV-LELJVTLKNA-N,-8.937
MMP13,s_LEU147,mut_s1,detail,1,81,XREOSEVJCQGCHE-MHPMNMKGNA-N,-9.609
MMP13,s_LEU147,mut_s1,detail,1,82,ZHGPKHBXSKWZEQ-UHFFFAOYNA-N,-8.439
MMP13,s_LEU147,mut_s1,detail,1,83,ZFAYPJJNPSNAFK-UHFFFAOYNA-N,-8.622
MMP13,s_LEU147,mut_s1,detail,1,84,LTXMRAGWIDQTQT-MYUTVWBTNA-N,-10.333
MMP13,s_LEU147,mut_s1,detail,1,85,VXQHYHSSGLOALC-SPEPDGBUNA-N,-11.227
MMP13,s_LEU147,mut_s1,detail,1,86,KWDSFRAWCISROF-PJQSKVNONA-N,-9.159
MMP13,s_LEU147,mut_s1,detail,1,87,ZJZXSQPHUQUHIV-ZGZFQTMPNA-N,-10.217
MMP13,s_LEU147,mut_s1,detail,1,88,UYHIVPBYFWVWEJ-UHFFFAOYNA-N,-9.657
MMP13,s_LEU147,mut_s1,detail,1,89,PLEFJSUCKRWHBY-LNNLXFCONA-N,-8.398
MMP13,s_LEU147,mut_s1,detail,1,90,DNSRQCRQLKJUCC-PDJAEHLQNA-N,-8.082
MMP13,s_LEU147,mut_s1,detail,1,91,PHYKZCBUNVYJNH-YDBXFXKPNA-N,-8.257
MMP13,s_LEU147,mut_s1,detail,1,92,OOUHZBUAVKCDGA-UHFFFAOYNA-N,-8.476
MMP13,s_LEU147,mut_s1,detail,1,93,UUQDFZFJDFMLHW-UHFFFAOYNA-N,-9.157
MMP13,s_LEU147,mut_s1,detail,1,94,OOUDDHNLDLLUOL-SKKVRFOWNA-N,-9.607
MMP13,s_LEU147,mut_s1,detail,1,95,ZDMQSUAMTLXUTE-MPIMZMORNA-N,-8.732
MMP13,s_LEU147,mut_s1,detail,1,96,NMPLPABDEKPABN-UHFFFAOYNA-N,-9.668
MMP13,s_LEU147,mut_s1,detail,1,97,INZRHGSVWGRHBM-NPVYFSBINA-N,-10.066
MMP13,s_LEU147,mut_s1,detail,1,98,RVGCWMKVTAEQIH-LNNLXFCONA-N,-9.782
MMP13,s_LEU147,mut_s1,detail,1,99,VRXWKRQOVMZBAF-LJQANCHMNA-N,-7.924
MMP13,s_LEU147,mut_s1,detail,1,100,QACLWOIBBYOHQP-UYBDAZJANA-N,-7.828
MMP13,s_LEU147,mut_s1,detail,1,101,ZNXSZVFPCBIELQ-LNNLXFCONA-N,-8.527
MMP13,s_LEU147,mut_s1,detail,1,102,GKMWCCNMKRSQHR-VEKUMTKDNA-N,-9.205
MMP13,s_LEU147,mut_s1,detail,1,103,FFGUSRSMWFYKGK-SKKVRFOWNA-N,-10.319
MMP13,s_LEU147,mut_s1,detail,1,104,KXBDDGKXLZBLOM-SPEPDGBUNA-N,-8.467
MMP13,s_LEU147,mut_s1,detail,1,105,MIUWULAZCXYTJW-MSHHZIMBNA-N,-10.87
MMP13,s_LEU147,mut_s1,detail,1,106,JPZOYWVRFLZCIC-NJNXFGOHNA-N,-9.631
MMP13,s_LEU147,mut_s1,detail,1,107,FAIQTLBYDVKBAB-DVIAZDKANA-N,-9.443
MMP13,s_LEU147,mut_s1,detail,1,108,APFLRZZAOXCNAZ-UHFFFAOYNA-N,-8.859
MMP13,s_LEU147,mut_s1,detail,1,109,BSQLDSQTGOZBFD-UHFFFAOYNA-N,-8.511
MMP13,s_LEU147,mut_s1,detail,1,110,ZVVCFJXCDATSCC-UHFFFAOYNA-N,-10.174
MMP13,s_LEU147,mut_s1,detail,1,111,SKEQTXZATFWVMB-UYBDAZJANA-N,-8.418
MMP13,s_LEU147,mut_s1,detail,1,112,IATWYRHDJKMBQK-MPIMZMORNA-N,-8.476
MMP13,s_LEU147,mut_s1,detail,1,113,JPWOEQDCUZCWKT-MPIMZMORNA-N,-7.661
MMP13,s_LEU147,mut_s1,detail,1,114,RYHSAXRBHDHPPK-PKSOQXRJNA-N,-8.276
MMP13,s_LEU147,mut_s1,detail,1,115,GKKJWUFVZJJFPG-MPIMZMORNA-N,-9.259
MMP13,s_LEU147,mut_s1,detail,1,116,FDNZXFDUCINVLY-BDGWVKIONA-N,-8.785
MMP13,s_LEU147,mut_s1,detail,1,117,KTBYKHKWIFIFAK-UHFFFAOYNA-N,-10.718
MMP13,s_LEU147,mut_s1,detail,1,118,ZRXZEWGUECXTTQ-LQFNOIFHNA-N,-9.214
MMP13,s_LEU147,mut_s1,detail,1,119,XNACBBGLIAJNJM-PECIQRARNA-N,-8.135
MMP13,s_LEU147,mut_s1,detail,1,120,WQZYYJRVBIQUGH-YWZOXAELNA-N,-10.936
MMP13,s_LEU147,mut_s1,detail,1,121,ABMSRNRLDZVJFV-SWUIVHNENA-N,-9.502
MMP13,s_LEU147,mut_s1,detail,1,122,ZEACBIUBSOLEGW-QAITUMOCNA-N,-10.805
MMP13,s_LEU147,mut_s1,detail,1,123,UBFCDXVLKFOOGL-OKPOJWAQNA-N,-9.423
MMP13,s_LEU147,mut_s1,detail,1,124,RRIHVAFUFDANEX-NSJMMFDCNA-N,-7.811
MMP13,s_LEU147,mut_s1,detail,1,125,HASIAUWPWKTSBW-SREBMQDQNA-N,-7.51
MMP13,s_LEU147,mut_s1,detail,1,126,WHBCKYHTCHCHAY-LQFNOIFHNA-N,-8.708
MMP13,s_LEU147,mut_s1,detail,1,127,XMAYWYJOQHXEEK-JYFHCDHNNA-N,-10.582
MMP13,s_LEU147,mut_s1,detail,1,128,TVKCFCZANTZCSU-OYRHEFFENA-N,-10.337
MMP13,s_LEU147,mut_s1,detail,1,129,OJFIIUWPOHBVMH-LNNLXFCONA-N,-7.688
MMP13,s_LEU147,mut_s1,detail,1,130,DKLZMGFTGWKNCD-DIRLUKLVNA-N,-10.785
MMP13,s_LEU147,mut_s1,detail,1,131,PYSLGWZFRQWTDD-PWIKPTQSNA-N,-11.88
MMP13,s_LEU147,mut_s1,detail,1,132,MWMBIUUYBQWKJX-QTUCRYGENA-N,-8.444
MMP13,s_LEU147,mut_s1,detail,1,133,FLYQFCXTEFTSQN-UHFFFAOYNA-N,-9.391
MMP13,s_LEU147,mut_s1,detail,1,134,PBIBDSDWIMZYDT-WBWGZOKWNA-N,-9.436
MMP13,s_LEU147,mut_s1,detail,1,135,GSRWMFGBDLHGBU-YEFLILRRNA-N,-8.663
MMP13,s_LEU147,mut_s1,detail,1,136,AYIJJQHMZAEQKE-QDAGQJSJNA-N,-8.278
MMP13,s_LEU147,mut_s1,detail,1,137,JVWTZUKPDMRNDC-FSAKADSPNA-N,-9.893
MMP13,s_LEU147,mut_s1,detail,1,138,XAZPLOLSRXZDBO-LBZABMTDNA-N,-8.271
MMP13,s_LEU147,mut_s1,detail,1,139,RGWVFJBNHCWCTL-CFEGKOCINA-N,-9.711
MMP13,s_LEU147,mut_s1,detail,1,140,YYWNRQZCPIMCAK-UHFFFAOYNA-N,-10.841
MMP13,s_LEU147,mut_s1,detail,1,141,PBTZDKNKXRSZPM-XBXBPLPCNA-N,-10.222
MMP13,s_LEU147,mut_s1,detail,1,142,QQPOIMHFFPBDQM-LELJVTLKNA-N,-10.641
MMP13,s_LEU147,mut_s1,detail,1,143,NYFQURFFDGCBCB-MAQJPOOANA-N,-9.355
MMP13,s_LEU147,mut_s1,detail,1,144,HXZVHWHABLBWBS-MTTPVDACNA-N,-10.773
MMP13,s_LEU147,mut_s1,detail,1,145,IWYYSOJWYLZKLK-LELJVTLKNA-N,-9.017
MMP13,s_LEU147,mut_s1,detail,1,146,HOGUCNPGZXMBGW-UHFFFAOYNA-N,-9.85
MMP13,s_LEU147,mut_s1,detail,1,147,VITUDJAVASFPKN-DUFUIDNCNA-N,-10.275
MMP13,s_LEU147,mut_s1,detail,1,148,IXAHDCRYEUYPBG-SCXYCHFONA-N,-10.707
MMP13,s_LEU147,mut_s1,detail,1,149,JWHMEKMLAZQDNS-OZMOGHDGNA-N,-8.983
MMP13,s_LEU147,mut_s1,detail,1,150,BZWNBTIJLRHNDZ-LBOYIXSDNA-N,-8.596
MMP13,s_LEU147,mut_s1,detail,1,151,RECYROBESYRUML-UHFFFAOYNA-N,-9.019
MMP13,s_LEU147,mut_s1,detail,1,152,MLDSJJJLQRZNKW-UHBIVWOUNA-N,-10.428
MMP13,s_LEU147,mut_s1,detail,1,153,XTWIHJARHCYNFX-PHXLCVRDNA-N,-9.319
MMP13,s_LEU147,mut_s1,detail,1,154,UQGFETVWTRDGKJ-UHFFFAOYNA-N,-8.31
MMP13,s_LEU147,mut_s1,detail,1,155,VJFSMDWEMFOWDK-CYSPOYASNA-N,-11.674
MMP13,s_LEU147,mut_s1,detail,1,156,NZYLXYBIWNIAGH-CYSPOYASNA-N,-11.064
MMP13,s_LEU147,mut_s1,detail,1,157,ODXCWFOKLBJQNP-MPIMZMORNA-N,-9.01
MMP13,s_LEU147,mut_s1,detail,1,158,FVDNMAPPDSKXKQ-UHFFFAOYNA-N,-11.499
MMP13,s_LEU147,mut_s1,detail,1,159,DOPWMPRIRWTOOD-CCHPKIMANA-N,-9.521
MMP13,f_ASP55,mut_s1,detail,1,0,URVMSYHISUZXNH-UYBDAZJANA-N,-9.331
MMP13,f_ASP55,mut_s1,detail,1,1,KXRPCFINVWWFHQ-UHFFFAOYNA-N,-4.963
MMP13,f_ASP55,mut_s1,detail,1,2,NICJTSHRYBTHAS-YHMJCDSINA-N,-7.842
MMP13,f_ASP55,mut_s1,detail,1,3,SWRZVDTZHDWPDS-AWIDAIFANA-N,-9.887
MMP13,f_ASP55,mut_s1,detail,1,4,RKNSLLSUFWWYCA-UHFFFAOYNA-N,-8.798
MMP13,f_ASP55,mut_s1,detail,1,5,OZFSIKFTRRUDES-RIYZIHGNNA-N,-7.213
MMP13,f_ASP55,mut_s1,detail,1,6,AAGGUCRASUJPPN-UHFFFAOYNA-N,-8.539
MMP13,f_ASP55,mut_s1,detail,1,7,OYHXDPMAFYHDNG-YAQRNVERNA-N,-8.262
MMP13,f_ASP55,mut_s1,detail,1,8,AWILWAIEQYZUEQ-UHFFFAOYNA-N,-7.74
MMP13,f_ASP55,mut_s1,detail,1,9,WSFAXHLMQUUHQT-VMPITWQZNA-N,-8.616
MMP13,f_ASP55,mut_s1,detail,1,10,WPHMTVNOXKBZKN-UHFFFAOYNA-N,-7.891
MMP13,f_ASP55,mut_s1,detail,1,11,LPEIZNODGHDCCW-UHFFFAOYNA-N,-7.31
MMP13,f_ASP55,mut_s1,detail,1,12,QQHWWDVSRWOHEP-LILDFLRNNA-N,-7.414
MMP13,f_ASP55,mut_s1,detail,1,13,UMEVSSPGBFVQNC-UHFFFAOYNA-N,-7.308
MMP13,f_ASP55,mut_s1,detail,1,14,VZDIOEKWWZRNQN-UHFFFAOYNA-N,-9.29
MMP13,f_ASP55,mut_s1,detail,1,15,JEVLDOUORFAHRS-NDKGDYFDNA-N,-7.817
MMP13,f_ASP55,mut_s1,detail,1,16,NFTGJNJRMWUBPG-GPQMBLKYNA-N,-8.15
MMP13,f_ASP55,mut_s1,detail,1,17,UMUUTEZBWGDVDA-UHFFFAOYNA-N,-8.079
MMP13,f_ASP55,mut_s1,detail,1,18,VLQKEPLNPGYNDJ-HCKMINDGNA-N,-8.62
MMP13,f_ASP55,mut_s1,detail,1,19,PPMVTAATPZLMJM-CDDDEJBQNA-N,-7.542
MMP13,f_ASP55,mut_s1,detail,1,20,AHLYFAKLKLMESK-YAQRNVERNA-N,-8.125
MMP13,f_ASP55,mut_s1,detail,1,21,GYEJYLAGVWRSIM-KGJHZMDYNA-N,-7.852
MMP13,f_ASP55,mut_s1,detail,1,22,RXVALSLAUOIYLW-UHFFFAOYNA-N,-6.698
MMP13,f_ASP55,mut_s1,detail,1,23,NSELYIFATLFDOZ-JLGFQASFNA-N,-8.422
MMP13,f_ASP55,mut_s1,detail,1,24,COQFBYACOHFCEC-UHFFFAOYNA-N,-6.944
MMP13,f_ASP55,mut_s1,detail,1,25,CJGJXFCLDYQBFQ-YJGXKCCXNA-N,-9.667
MMP13,f_ASP55,mut_s1,detail,1,26,BWNGRRJLFYHENY-INIZCTEONA-N,-8.257
MMP13,f_ASP55,mut_s1,detail,1,27,BNRFXWSJKVJVOF-UYBDAZJANA-N,-9.759
MMP13,f_ASP55,mut_s1,detail,1,28,DMULMZBZVBBWBY-PJZINPJWNA-N,-10.508
MMP13,f_ASP55,mut_s1,detail,1,29,AXLAIGJGNKHDPO-UHFFFAOYNA-N,-6.418
MMP13,f_ASP55,mut_s1,detail,1,30,RKDGAONZEPYEBT-WXRBYKJCNA-N,-7.168
MMP13,f_ASP55,mut_s1,detail,1,31,MBOYDUZSCSNUQL-MBBDSNKKNA-N,-8.823
MMP13,f_ASP55,mut_s1,detail,1,32,KPVDBHRTXOFQDK-YAQRNVERNA-N,-7.548
MMP13,f_ASP55,mut_s1,detail,1,33,LVCNFMYUKISBSB-VJSNTGQMNA-N,-8.903
MMP13,f_ASP55,mut_s1,detail,1,34,XLAHCIRKLMJUQC-DZQCGVKKNA-N,-9.124
MMP13,f_ASP55,mut_s1,detail,1,35,QNYHDABGLCBJOE-SHHGZXMVNA-N,-8.624
MMP13,f_ASP55,mut_s1,detail,1,36,HEKNRISBWSPMOG-OWTLIXCDNA-N,-6.369
MMP13,f_ASP55,mut_s1,detail,1,37,VIRNXCRLEVZXNX-LILDFLRNNA-N,-10.708
MMP13,f_ASP55,mut_s1,detail,1,38,SRTGERSEXJGDMR-UHFFFAOYNA-N,-7.248
MMP13,f_ASP55,mut_s1,detail,1,39,ZGMGSSRLZJYOKH-WXRBYKJCNA-N,-7.603
MMP13,f_ASP55,mut_s1,detail,1,40,VGYFDFRFGHHCDA-CUTUCBJDNA-N,-8.783
MMP13,f_ASP55,mut_s1,detail,1,41,DILPMLYWQJPNLO-HCKMINDGNA-N,-9.019
MMP13,f_ASP55,mut_s1,detail,1,42,RSOODJIGEVJLMK-LQFNOIFHNA-N,-9.306
MMP13,f_ASP55,mut_s1,detail,1,43,OWHHWMUAYBIQPR-UHFFFAOYNA-N,-9.564
MMP13,f_ASP55,mut_s1,detail,1,44,KPIKMVZJKZDOFC-UHFFFAOYNA-N,-9.432
MMP13,f_ASP55,mut_s1,detail,1,45,DIKDKRUREJXLMR-DPMTXJEANA-N,-10.518
MMP13,f_ASP55,mut_s1,detail,1,46,QRVJDPKQHAVBDK-UYBDAZJANA-N,-8.551
MMP13,f_ASP55,mut_s1,detail,1,47,SGBSFKSDPWOALT-UYBDAZJANA-N,-9.77
MMP13,f_ASP55,mut_s1,detail,1,48,CYHFRNFVZWVHCG-OTJKMEOQNA-N,-8.038
MMP13,f_ASP55,mut_s1,detail,1,49,MJUDQDHXCQONOA-MPIMZMORNA-N,-8.204
MMP13,f_ASP55,mut_s1,detail,1,50,RNVYRNLUUYNQAS-PKSOQXRJNA-N,-8.026
MMP13,f_ASP55,mut_s1,detail,1,51,DLZXOZYETDVJEB-QWOVJGMINA-N,-6.693
MMP13,f_ASP55,mut_s1,detail,1,52,HSICVZRDGBJSEL-GPQMBLKYNA-N,-7.967
MMP13,f_ASP55,mut_s1,detail,1,53,HMRUHHFLIMYEAF-QNGOCPJXNA-N,-7.596
MMP13,f_ASP55,mut_s1,detail,1,54,ZZOWQPSBJUXHCA-YSPRVCGUNA-N,-9.303
MMP13,f_ASP55,mut_s1,detail,1,55,WDDJLHOUFWSQSV-UHFFFAOYNA-N,-9.519
MMP13,f_ASP55,mut_s1,detail,1,56,UKLIIGXGTPSYBF-IBCWCQIKNA-N,-9.591
MMP13,f_ASP55,mut_s1,detail,1,57,LNPOBRXJZYGQMS-MOHJPFBDNA-N,-8.939
MMP13,f_ASP55,mut_s1,detail,1,58,FYILBFPPKIZBTO-UHFFFAOYNA-N,-8.211
MMP13,f_ASP55,mut_s1,detail,1,59,MIKIJFODTJGFDI-LILDFLRNNA-N,-9.077
MMP13,f_ASP55,mut_s1,detail,1,60,RUWCNSLWWCWTSU-LILDFLRNNA-N,-8.027
MMP13,f_ASP55,mut_s1,detail,1,61,KLQWCHKIQJHYIB-UHFFFAOYNA-N,-9.322
MMP13,f_ASP55,mut_s1,detail,1,62,QKAWGENQCGFAOE-NPVYFSBINA-N,-8.413
MMP13,f_ASP55,mut_s1,detail,1,63,KGOKCBRZBBEYBE-MMRXBHCZNA-N,-9.401
MMP13,f_ASP55,mut_s1,detail,1,64,ROFRXCLSWKEWTN-UHFFFAOYNA-N,-8.2
MMP13,f_ASP55,mut_s1,detail,1,65,AKRMJNKLSCBEME-FPYGCLRLNA-N,-8.33
MMP13,f_ASP55,mut_s1,detail,1,66,LCGJUJZLLYTYIF-XMFFZCEENA-N,-8.109
MMP13,f_ASP55,mut_s1,detail,1,67,FREQNFSEYLEFOI-QRCVEOAVNA-N,-8.6
MMP13,f_ASP55,mut_s1,detail,1,68,MHMINAYLMNBGSM-UHFFFAOYNA-N,-6.418
MMP13,f_ASP55,mut_s1,detail,1,69,SYMNTBHEGHFZMV-UHFFFAOYNA-N,-8.416
MMP13,f_ASP55,mut_s1,detail,1,70,NNCRWGMPCGSKOO-LILDFLRNNA-N,-8.133
MMP13,f_ASP55,mut_s1,detail,1,71,ZCRRNCCNJMRGFI-UHFFFAOYNA-N,-9.702
MMP13,f_ASP55,mut_s1,detail,1,72,PYVZEIBGEUQNQQ-UHFFFAOYNA-N,-8.825
MMP13,f_ASP55,mut_s1,detail,1,73,OROJQWVRCGJACT-XBTAAFKLNA-N,-10.618
MMP13,f_ASP55,mut_s1,detail,1,74,TXYUWXKCUDOUGU-JLGFQASFNA-N,-7.455
MMP13,f_ASP55,mut_s1,detail,1,75,LAZANALODSEDSE-UHFFFAOYNA-N,-7.173
MMP13,f_ASP55,mut_s1,detail,1,76,RJXCYVJLXGRCHK-UHFFFAOYNA-N,-9.668
MMP13,f_ASP55,mut_s1,detail,1,77,FUSKIBWHJAWEFI-IEJAXPBYNA-N,-9.397
MMP13,f_ASP55,mut_s1,detail,1,78,SGWVLOCBQLQWQV-UHFFFAOYNA-N,-10.212
MMP13,f_ASP55,mut_s1,detail,1,79,PPXRQTYXLZCDAZ-QWOVJGMINA-N,-9.308
MMP13,f_ASP55,mut_s1,detail,1,80,DIFBADFWLVYFHV-LELJVTLKNA-N,-8.905
MMP13,f_ASP55,mut_s1,detail,1,81,XREOSEVJCQGCHE-MHPMNMKGNA-N,-9.432
MMP13,f_ASP55,mut_s1,detail,1,82,ZHGPKHBXSKWZEQ-UHFFFAOYNA-N,-9.184
MMP13,f_ASP55,mut_s1,detail,1,83,ZFAYPJJNPSNAFK-UHFFFAOYNA-N,-8.381
MMP13,f_ASP55,mut_s1,detail,1,84,LTXMRAGWIDQTQT-MYUTVWBTNA-N,-10.556
MMP13,f_ASP55,mut_s1,detail,1,85,VXQHYHSSGLOALC-SPEPDGBUNA-N,-11.27
MMP13,f_ASP55,mut_s1,detail,1,86,KWDSFRAWCISROF-PJQSKVNONA-N,-8.762
MMP13,f_ASP55,mut_s1,detail,1,87,ZJZXSQPHUQUHIV-ZGZFQTMPNA-N,-10.174
MMP13,f_ASP55,mut_s1,detail,1,88,UYHIVPBYFWVWEJ-UHFFFAOYNA-N,-9.483
MMP13,f_ASP55,mut_s1,detail,1,89,PLEFJSUCKRWHBY-LNNLXFCONA-N,-8.387
MMP13,f_ASP55,mut_s1,detail,1,90,DNSRQCRQLKJUCC-PDJAEHLQNA-N,-7.875
MMP13,f_ASP55,mut_s1,detail,1,91,PHYKZCBUNVYJNH-YDBXFXKPNA-N,-7.808
MMP13,f_ASP55,mut_s1,detail,1,92,OOUHZBUAVKCDGA-UHFFFAOYNA-N,-8.767
MMP13,f_ASP55,mut_s1,detail,1,93,UUQDFZFJDFMLHW-UHFFFAOYNA-N,-9.233
MMP13,f_ASP55,mut_s1,detail,1,94,OOUDDHNLDLLUOL-SKKVRFOWNA-N,-9.4
MMP13,f_ASP55,mut_s1,detail,1,95,ZDMQSUAMTLXUTE-MPIMZMORNA-N,-8.846
MMP13,f_ASP55,mut_s1,detail,1,96,NMPLPABDEKPABN-UHFFFAOYNA-N,-9.929
MMP13,f_ASP55,mut_s1,detail,1,97,INZRHGSVWGRHBM-NPVYFSBINA-N,-9.828
MMP13,f_ASP55,mut_s1,detail,1,98,RVGCWMKVTAEQIH-LNNLXFCONA-N,-9.384
MMP13,f_ASP55,mut_s1,detail,1,99,VRXWKRQOVMZBAF-LJQANCHMNA-N,-7.909
MMP13,f_ASP55,mut_s1,detail,1,100,QACLWOIBBYOHQP-UYBDAZJANA-N,-8.534
MMP13,f_ASP55,mut_s1,detail,1,101,ZNXSZVFPCBIELQ-LNNLXFCONA-N,-8.69
MMP13,f_ASP55,mut_s1,detail,1,102,GKMWCCNMKRSQHR-VEKUMTKDNA-N,-10.059
MMP13,f_ASP55,mut_s1,detail,1,103,FFGUSRSMWFYKGK-SKKVRFOWNA-N,-10.222
MMP13,f_ASP55,mut_s1,detail,1,104,KXBDDGKXLZBLOM-SPEPDGBUNA-N,-8.493
MMP13,f_ASP55,mut_s1,detail,1,105,MIUWULAZCXYTJW-MSHHZIMBNA-N,-10.862
MMP13,f_ASP55,mut_s1,detail,1,106,JPZOYWVRFLZCIC-NJNXFGOHNA-N,-10.113
MMP13,f_ASP55,mut_s1,detail,1,107,FAIQTLBYDVKBAB-DVIAZDKANA-N,-9.348
MMP13,f_ASP55,mut_s1,detail,1,108,APFLRZZAOXCNAZ-UHFFFAOYNA-N,-8.439
MMP13,f_ASP55,mut_s1,detail,1,109,BSQLDSQTGOZBFD-UHFFFAOYNA-N,-8.526
MMP13,f_ASP55,mut_s1,detail,1,110,ZVVCFJXCDATSCC-UHFFFAOYNA-N,-10.522
MMP13,f_ASP55,mut_s1,detail,1,111,SKEQTXZATFWVMB-UYBDAZJANA-N,-8.678
MMP13,f_ASP55,mut_s1,detail,1,112,IATWYRHDJKMBQK-MPIMZMORNA-N,-8.757
MMP13,f_ASP55,mut_s1,detail,1,113,JPWOEQDCUZCWKT-MPIMZMORNA-N,-6.983
MMP13,f_ASP55,mut_s1,detail,1,114,RYHSAXRBHDHPPK-PKSOQXRJNA-N,-8.354
MMP13,f_ASP55,mut_s1,detail,1,115,GKKJWUFVZJJFPG-MPIMZMORNA-N,-9.497
MMP13,f_ASP55,mut_s1,detail,1,116,FDNZXFDUCINVLY-BDGWVKIONA-N,-9.037
MMP13,f_ASP55,mut_s1,detail,1,117,KTBYKHKWIFIFAK-UHFFFAOYNA-N,-10.628
MMP13,f_ASP55,mut_s1,detail,1,118,ZRXZEWGUECXTTQ-LQFNOIFHNA-N,-9.23
MMP13,f_ASP55,mut_s1,detail,1,119,XNACBBGLIAJNJM-PECIQRARNA-N,-8.215
MMP13,f_ASP55,mut_s1,detail,1,120,WQZYYJRVBIQUGH-YWZOXAELNA-N,-10.806
MMP13,f_ASP55,mut_s1,detail,1,121,ABMSRNRLDZVJFV-SWUIVHNENA-N,-8.92
MMP13,f_ASP55,mut_s1,detail,1,122,ZEACBIUBSOLEGW-QAITUMOCNA-N,-10.512
MMP13,f_ASP55,mut_s1,detail,1,123,UBFCDXVLKFOOGL-OKPOJWAQNA-N,-9.347
MMP13,f_ASP55,mut_s1,detail,1,124,RRIHVAFUFDANEX-NSJMMFDCNA-N,-7.909
MMP13,f_ASP55,mut_s1,detail,1,125,HASIAUWPWKTSBW-SREBMQDQNA-N,-7.668
MMP13,f_ASP55,mut_s1,detail,1,126,WHBCKYHTCHCHAY-LQFNOIFHNA-N,-8.833
MMP13,f_ASP55,mut_s1,detail,1,127,XMAYWYJOQHXEEK-JYFHCDHNNA-N,-10.117
MMP13,f_ASP55,mut_s1,detail,1,128,TVKCFCZANTZCSU-OYRHEFFENA-N,-10.393
MMP13,f_ASP55,mut_s1,detail,1,129,OJFIIUWPOHBVMH-LNNLXFCONA-N,-8.004
MMP13,f_ASP55,mut_s1,detail,1,130,DKLZMGFTGWKNCD-DIRLUKLVNA-N,-10.449
MMP13,f_ASP55,mut_s1,detail,1,131,PYSLGWZFRQWTDD-PWIKPTQSNA-N,-11.497
MMP13,f_ASP55,mut_s1,detail,1,132,MWMBIUUYBQWKJX-QTUCRYGENA-N,-8.747
MMP13,f_ASP55,mut_s1,detail,1,133,FLYQFCXTEFTSQN-UHFFFAOYNA-N,-9.844
MMP13,f_ASP55,mut_s1,detail,1,134,PBIBDSDWIMZYDT-WBWGZOKWNA-N,-9.242
MMP13,f_ASP55,mut_s1,detail,1,135,GSRWMFGBDLHGBU-YEFLILRRNA-N,-8.941
MMP13,f_ASP55,mut_s1,detail,1,136,AYIJJQHMZAEQKE-QDAGQJSJNA-N,-8.328
MMP13,f_ASP55,mut_s1,detail,1,137,JVWTZUKPDMRNDC-FSAKADSPNA-N,-10.253
MMP13,f_ASP55,mut_s1,detail,1,138,XAZPLOLSRXZDBO-LBZABMTDNA-N,-6.916
MMP13,f_ASP55,mut_s1,detail,1,139,RGWVFJBNHCWCTL-CFEGKOCINA-N,-10.097
MMP13,f_ASP55,mut_s1,detail,1,140,YYWNRQZCPIMCAK-UHFFFAOYNA-N,-10.677
MMP13,f_ASP55,mut_s1,detail,1,141,PBTZDKNKXRSZPM-XBXBPLPCNA-N,-10.182
MMP13,f_ASP55,mut_s1,detail,1,142,QQPOIMHFFPBDQM-LELJVTLKNA-N,-10.485
MMP13,f_ASP55,mut_s1,detail,1,143,NYFQURFFDGCBCB-MAQJPOOANA-N,-9.283
MMP13,f_ASP55,mut_s1,detail,1,144,HXZVHWHABLBWBS-MTTPVDACNA-N,-10.751
MMP13,f_ASP55,mut_s1,detail,1,145,IWYYSOJWYLZKLK-LELJVTLKNA-N,-9.275
MMP13,f_ASP55,mut_s1,detail,1,146,HOGUCNPGZXMBGW-UHFFFAOYNA-N,-9.863
MMP13,f_ASP55,mut_s1,detail,1,147,VITUDJAVASFPKN-DUFUIDNCNA-N,-9.916
MMP13,f_ASP55,mut_s1,detail,1,148,IXAHDCRYEUYPBG-SCXYCHFONA-N,-10.368
MMP13,f_ASP55,mut_s1,detail,1,149,JWHMEKMLAZQDNS-OZMOGHDGNA-N,-9.031
MMP13,f_ASP55,mut_s1,detail,1,150,BZWNBTIJLRHNDZ-LBOYIXSDNA-N,-8.543
MMP13,f_ASP55,mut_s1,detail,1,151,RECYROBESYRUML-UHFFFAOYNA-N,-9.069
MMP13,f_ASP55,mut_s1,detail,1,152,MLDSJJJLQRZNKW-UHBIVWOUNA-N,-10.612
MMP13,f_ASP55,mut_s1,detail,1,153,XTWIHJARHCYNFX-PHXLCVRDNA-N,-9.382
MMP13,f_ASP55,mut_s1,detail,1,154,UQGFETVWTRDGKJ-UHFFFAOYNA-N,-8.381
MMP13,f_ASP55,mut_s1,detail,1,155,VJFSMDWEMFOWDK-CYSPOYASNA-N,-11.706
MMP13,f_ASP55,mut_s1,detail,1,156,NZYLXYBIWNIAGH-CYSPOYASNA-N,-10.862
MMP13,f_ASP55,mut_s1,detail,1,157,ODXCWFOKLBJQNP-MPIMZMORNA-N,-9.351
MMP13,f_ASP55,mut_s1,detail,1,158,FVDNMAPPDSKXKQ-UHFFFAOYNA-N,-11.394
MMP13,f_ASP55,mut_s1,detail,1,159,DOPWMPRIRWTOOD-CCHPKIMANA-N,-9.111
MMP13,m00,mut_s1,detail,1,0,URVMSYHISUZXNH-UYBDAZJANA-N,-8.82
MMP13,m00,mut_s1,detail,1,1,KXRPCFINVWWFHQ-UHFFFAOYNA-N,-4.927
MMP13,m00,mut_s1,detail,1,2,NICJTSHRYBTHAS-YHMJCDSINA-N,-7.165
MMP13,m00,mut_s1,detail,1,3,SWRZVDTZHDWPDS-AWIDAIFANA-N,-8.576
MMP13,m00,mut_s1,detail,1,4,RKNSLLSUFWWYCA-UHFFFAOYNA-N,-8.263
MMP13,m00,mut_s1,detail,1,5,OZFSIKFTRRUDES-RIYZIHGNNA-N,-6.593
MMP13,m00,mut_s1,detail,1,6,AAGGUCRASUJPPN-UHFFFAOYNA-N,-7.825
MMP13,m00,mut_s1,detail,1,7,OYHXDPMAFYHDNG-YAQRNVERNA-N,-8.162
MMP13,m00,mut_s1,detail,1,8,AWILWAIEQYZUEQ-UHFFFAOYNA-N,-7.441
MMP13,m00,mut_s1,detail,1,9,WSFAXHLMQUUHQT-VMPITWQZNA-N,-8.13
MMP13,m00,mut_s1,detail,1,10,WPHMTVNOXKBZKN-UHFFFAOYNA-N,-7.477
MMP13,m00,mut_s1,detail,1,11,LPEIZNODGHDCCW-UHFFFAOYNA-N,-5.649
MMP13,m00,mut_s1,detail,1,12,QQHWWDVSRWOHEP-LILDFLRNNA-N,-7.159
MMP13,m00,mut_s1,detail,1,13,UMEVSSPGBFVQNC-UHFFFAOYNA-N,-6.61
MMP13,m00,mut_s1,detail,1,14,VZDIOEKWWZRNQN-UHFFFAOYNA-N,-8.517
MMP13,m00,mut_s1,detail,1,15,JEVLDOUORFAHRS-NDKGDYFDNA-N,-7.565
MMP13,m00,mut_s1,detail,1,16,NFTGJNJRMWUBPG-GPQMBLKYNA-N,-7.725
MMP13,m00,mut_s1,detail,1,17,UMUUTEZBWGDVDA-UHFFFAOYNA-N,-7.413
MMP13,m00,mut_s1,detail,1,18,VLQKEPLNPGYNDJ-HCKMINDGNA-N,-8.488
MMP13,m00,mut_s1,detail,1,19,PPMVTAATPZLMJM-CDDDEJBQNA-N,-8.043
MMP13,m00,mut_s1,detail,1,20,AHLYFAKLKLMESK-YAQRNVERNA-N,-7.73
MMP13,m00,mut_s1,detail,1,21,GYEJYLAGVWRSIM-KGJHZMDYNA-N,-7.162
MMP13,m00,mut_s1,detail,1,22,RXVALSLAUOIYLW-UHFFFAOYNA-N,-6.715
MMP13,m00,mut_s1,detail,1,23,NSELYIFATLFDOZ-JLGFQASFNA-N,-7.801
MMP13,m00,mut_s1,detail,1,24,COQFBYACOHFCEC-UHFFFAOYNA-N,-6.662
MMP13,m00,mut_s1,detail,1,25,CJGJXFCLDYQBFQ-YJGXKCCXNA-N,-8.804
MMP13,m00,mut_s1,detail,1,26,BWNGRRJLFYHENY-INIZCTEONA-N,-7.55
MMP13,m00,mut_s1,detail,1,27,BNRFXWSJKVJVOF-UYBDAZJANA-N,-8.745
MMP13,m00,mut_s1,detail,1,28,DMULMZBZVBBWBY-PJZINPJWNA-N,-9.746
MMP13,m00,mut_s1,detail,1,29,AXLAIGJGNKHDPO-UHFFFAOYNA-N,-5.994
MMP13,m00,mut_s1,detail,1,30,RKDGAONZEPYEBT-WXRBYKJCNA-N,-7.037
MMP13,m00,mut_s1,detail,1,31,MBOYDUZSCSNUQL-MBBDSNKKNA-N,-8.152
MMP13,m00,mut_s1,detail,1,32,KPVDBHRTXOFQDK-YAQRNVERNA-N,-7.005
MMP13,m00,mut_s1,detail,1,33,LVCNFMYUKISBSB-VJSNTGQMNA-N,-8.232
MMP13,m00,mut_s1,detail,1,34,XLAHCIRKLMJUQC-DZQCGVKKNA-N,-8.418
MMP13,m00,mut_s1,detail,1,35,QNYHDABGLCBJOE-SHHGZXMVNA-N,-9.603
MMP13,m00,mut_s1,detail,1,36,HEKNRISBWSPMOG-OWTLIXCDNA-N,-6.274
MMP13,m00,mut_s1,detail,1,37,VIRNXCRLEVZXNX-LILDFLRNNA-N,-9.9
MMP13,m00,mut_s1,detail,1,38,SRTGERSEXJGDMR-UHFFFAOYNA-N,-6.428
MMP13,m00,mut_s1,detail,1,39,ZGMGSSRLZJYOKH-WXRBYKJCNA-N,-7.155
MMP13,m00,mut_s1,detail,1,40,VGYFDFRFGHHCDA-CUTUCBJDNA-N,-8.04
MMP13,m00,mut_s1,detail,1,41,DILPMLYWQJPNLO-HCKMINDGNA-N,-8.211
MMP13,m00,mut_s1,detail,1,42,RSOODJIGEVJLMK-LQFNOIFHNA-N,-9.003
MMP13,m00,mut_s1,detail,1,43,OWHHWMUAYBIQPR-UHFFFAOYNA-N,-9.114
MMP13,m00,mut_s1,detail,1,44,KPIKMVZJKZDOFC-UHFFFAOYNA-N,-8.722
MMP13,m00,mut_s1,detail,1,45,DIKDKRUREJXLMR-DPMTXJEANA-N,-9.299
MMP13,m00,mut_s1,detail,1,46,QRVJDPKQHAVBDK-UYBDAZJANA-N,-7.838
MMP13,m00,mut_s1,detail,1,47,SGBSFKSDPWOALT-UYBDAZJANA-N,-9.082
MMP13,m00,mut_s1,detail,1,48,CYHFRNFVZWVHCG-OTJKMEOQNA-N,-7.265
MMP13,m00,mut_s1,detail,1,49,MJUDQDHXCQONOA-MPIMZMORNA-N,-7.234
MMP13,m00,mut_s1,detail,1,50,RNVYRNLUUYNQAS-PKSOQXRJNA-N,-7.783
MMP13,m00,mut_s1,detail,1,51,DLZXOZYETDVJEB-QWOVJGMINA-N,-6.64
MMP13,m00,mut_s1,detail,1,52,HSICVZRDGBJSEL-GPQMBLKYNA-N,-7.674
MMP13,m00,mut_s1,detail,1,53,HMRUHHFLIMYEAF-QNGOCPJXNA-N,-7.331
MMP13,m00,mut_s1,detail,1,54,ZZOWQPSBJUXHCA-YSPRVCGUNA-N,-8.712
MMP13,m00,mut_s1,detail,1,55,WDDJLHOUFWSQSV-UHFFFAOYNA-N,-8.923
MMP13,m00,mut_s1,detail,1,56,UKLIIGXGTPSYBF-IBCWCQIKNA-N,-9.022
MMP13,m00,mut_s1,detail,1,57,LNPOBRXJZYGQMS-MOHJPFBDNA-N,-7.858
MMP13,m00,mut_s1,detail,1,58,FYILBFPPKIZBTO-UHFFFAOYNA-N,-7.107
MMP13,m00,mut_s1,detail,1,59,MIKIJFODTJGFDI-LILDFLRNNA-N,-8.117
MMP13,m00,mut_s1,detail,1,60,RUWCNSLWWCWTSU-LILDFLRNNA-N,-6.942
MMP13,m00,mut_s1,detail,1,61,KLQWCHKIQJHYIB-UHFFFAOYNA-N,-8.846
MMP13,m00,mut_s1,detail,1,62,QKAWGENQCGFAOE-NPVYFSBINA-N,-8.46
MMP13,m00,mut_s1,detail,1,63,KGOKCBRZBBEYBE-MMRXBHCZNA-N,-8.813
MMP13,m00,mut_s1,detail,1,64,ROFRXCLSWKEWTN-UHFFFAOYNA-N,-7.181
MMP13,m00,mut_s1,detail,1,65,AKRMJNKLSCBEME-FPYGCLRLNA-N,-8.079
MMP13,m00,mut_s1,detail,1,66,LCGJUJZLLYTYIF-XMFFZCEENA-N,-7.284
MMP13,m00,mut_s1,detail,1,67,FREQNFSEYLEFOI-QRCVEOAVNA-N,-8.02
MMP13,m00,mut_s1,detail,1,68,MHMINAYLMNBGSM-UHFFFAOYNA-N,-6.233
MMP13,m00,mut_s1,detail,1,69,SYMNTBHEGHFZMV-UHFFFAOYNA-N,-7.498
MMP13,m00,mut_s1,detail,1,70,NNCRWGMPCGSKOO-LILDFLRNNA-N,-7.254
MMP13,m00,mut_s1,detail,1,71,ZCRRNCCNJMRGFI-UHFFFAOYNA-N,-8.961
MMP13,m00,mut_s1,detail,1,72,PYVZEIBGEUQNQQ-UHFFFAOYNA-N,-7.829
MMP13,m00,mut_s1,detail,1,73,OROJQWVRCGJACT-XBTAAFKLNA-N,-9.777
MMP13,m00,mut_s1,detail,1,74,TXYUWXKCUDOUGU-JLGFQASFNA-N,-7.316
MMP13,m00,mut_s1,detail,1,75,LAZANALODSEDSE-UHFFFAOYNA-N,-7.551
MMP13,m00,mut_s1,detail,1,76,RJXCYVJLXGRCHK-UHFFFAOYNA-N,-8.692
MMP13,m00,mut_s1,detail,1,77,FUSKIBWHJAWEFI-IEJAXPBYNA-N,-8.925
MMP13,m00,mut_s1,detail,1,78,SGWVLOCBQLQWQV-UHFFFAOYNA-N,-9.142
MMP13,m00,mut_s1,detail,1,79,PPXRQTYXLZCDAZ-QWOVJGMINA-N,-8.966
MMP13,m00,mut_s1,detail,1,80,DIFBADFWLVYFHV-LELJVTLKNA-N,-8.529
MMP13,m00,mut_s1,detail,1,81,XREOSEVJCQGCHE-MHPMNMKGNA-N,-8.304
MMP13,m00,mut_s1,detail,1,82,ZHGPKHBXSKWZEQ-UHFFFAOYNA-N,-7.318
MMP13,m00,mut_s1,detail,1,83,ZFAYPJJNPSNAFK-UHFFFAOYNA-N,-7.823
MMP13,m00,mut_s1,detail,1,84,LTXMRAGWIDQTQT-MYUTVWBTNA-N,-9.661
MMP13,m00,mut_s1,detail,1,85,VXQHYHSSGLOALC-SPEPDGBUNA-N,-10.325
MMP13,m00,mut_s1,detail,1,86,KWDSFRAWCISROF-PJQSKVNONA-N,-8.529
MMP13,m00,mut_s1,detail,1,87,ZJZXSQPHUQUHIV-ZGZFQTMPNA-N,-9.414
MMP13,m00,mut_s1,detail,1,88,UYHIVPBYFWVWEJ-UHFFFAOYNA-N,-9.03
MMP13,m00,mut_s1,detail,1,89,PLEFJSUCKRWHBY-LNNLXFCONA-N,-8.141
MMP13,m00,mut_s1,detail,1,90,DNSRQCRQLKJUCC-PDJAEHLQNA-N,-9.047
MMP13,m00,mut_s1,detail,1,91,PHYKZCBUNVYJNH-YDBXFXKPNA-N,-6.962
MMP13,m00,mut_s1,detail,1,92,OOUHZBUAVKCDGA-UHFFFAOYNA-N,-8.474
MMP13,m00,mut_s1,detail,1,93,UUQDFZFJDFMLHW-UHFFFAOYNA-N,-8.839
MMP13,m00,mut_s1,detail,1,94,OOUDDHNLDLLUOL-SKKVRFOWNA-N,-8.933
MMP13,m00,mut_s1,detail,1,95,ZDMQSUAMTLXUTE-MPIMZMORNA-N,-8.049
MMP13,m00,mut_s1,detail,1,96,NMPLPABDEKPABN-UHFFFAOYNA-N,-9.291
MMP13,m00,mut_s1,detail,1,97,INZRHGSVWGRHBM-NPVYFSBINA-N,-9.352
MMP13,m00,mut_s1,detail,1,98,RVGCWMKVTAEQIH-LNNLXFCONA-N,-9.207
MMP13,m00,mut_s1,detail,1,99,VRXWKRQOVMZBAF-LJQANCHMNA-N,-8.803
MMP13,m00,mut_s1,detail,1,100,QACLWOIBBYOHQP-UYBDAZJANA-N,-8.432
MMP13,m00,mut_s1,detail,1,101,ZNXSZVFPCBIELQ-LNNLXFCONA-N,-8.335
MMP13,m00,mut_s1,detail,1,102,GKMWCCNMKRSQHR-VEKUMTKDNA-N,-8.18
MMP13,m00,mut_s1,detail,1,103,FFGUSRSMWFYKGK-SKKVRFOWNA-N,-9.494
MMP13,m00,mut_s1,detail,1,104,KXBDDGKXLZBLOM-SPEPDGBUNA-N,-7.665
MMP13,m00,mut_s1,detail,1,105,MIUWULAZCXYTJW-MSHHZIMBNA-N,-9.645
MMP13,m00,mut_s1,detail,1,106,JPZOYWVRFLZCIC-NJNXFGOHNA-N,-9.449
MMP13,m00,mut_s1,detail,1,107,FAIQTLBYDVKBAB-DVIAZDKANA-N,-8.5
MMP13,m00,mut_s1,detail,1,108,APFLRZZAOXCNAZ-UHFFFAOYNA-N,-7.432
MMP13,m00,mut_s1,detail,1,109,BSQLDSQTGOZBFD-UHFFFAOYNA-N,-7.911
MMP13,m00,mut_s1,detail,1,110,ZVVCFJXCDATSCC-UHFFFAOYNA-N,-9.814
MMP13,m00,mut_s1,detail,1,111,SKEQTXZATFWVMB-UYBDAZJANA-N,-8.505
MMP13,m00,mut_s1,detail,1,112,IATWYRHDJKMBQK-MPIMZMORNA-N,-8.116
MMP13,m00,mut_s1,detail,1,113,JPWOEQDCUZCWKT-MPIMZMORNA-N,-7.962
MMP13,m00,mut_s1,detail,1,114,RYHSAXRBHDHPPK-PKSOQXRJNA-N,-8.234
MMP13,m00,mut_s1,detail,1,115,GKKJWUFVZJJFPG-MPIMZMORNA-N,-8.745
MMP13,m00,mut_s1,detail,1,116,FDNZXFDUCINVLY-BDGWVKIONA-N,-8.125
MMP13,m00,mut_s1,detail,1,117,KTBYKHKWIFIFAK-UHFFFAOYNA-N,-8.972
MMP13,m00,mut_s1,detail,1,118,ZRXZEWGUECXTTQ-LQFNOIFHNA-N,-9.404
MMP13,m00,mut_s1,detail,1,119,XNACBBGLIAJNJM-PECIQRARNA-N,-7.451
MMP13,m00,mut_s1,detail,1,120,WQZYYJRVBIQUGH-YWZOXAELNA-N,-10.173
MMP13,m00,mut_s1,detail,1,121,ABMSRNRLDZVJFV-SWUIVHNENA-N,-8.158
MMP13,m00,mut_s1,detail,1,122,ZEACBIUBSOLEGW-QAITUMOCNA-N,-9.561
MMP13,m00,mut_s1,detail,1,123,UBFCDXVLKFOOGL-OKPOJWAQNA-N,-8.49
MMP13,m00,mut_s1,detail,1,124,RRIHVAFUFDANEX-NSJMMFDCNA-N,-7.872
MMP13,m00,mut_s1,detail,1,125,HASIAUWPWKTSBW-SREBMQDQNA-N,-8.242
MMP13,m00,mut_s1,detail,1,126,WHBCKYHTCHCHAY-LQFNOIFHNA-N,-8.618
MMP13,m00,mut_s1,detail,1,127,XMAYWYJOQHXEEK-JYFHCDHNNA-N,-9.931
MMP13,m00,mut_s1,detail,1,128,TVKCFCZANTZCSU-OYRHEFFENA-N,-9.217
MMP13,m00,mut_s1,detail,1,129,OJFIIUWPOHBVMH-LNNLXFCONA-N,-7.686
MMP13,m00,mut_s1,detail,1,130,DKLZMGFTGWKNCD-DIRLUKLVNA-N,-9.771
MMP13,m00,mut_s1,detail,1,131,PYSLGWZFRQWTDD-PWIKPTQSNA-N,-10.243
MMP13,m00,mut_s1,detail,1,132,MWMBIUUYBQWKJX-QTUCRYGENA-N,-7.381
MMP13,m00,mut_s1,detail,1,133,FLYQFCXTEFTSQN-UHFFFAOYNA-N,-8.179
MMP13,m00,mut_s1,detail,1,134,PBIBDSDWIMZYDT-WBWGZOKWNA-N,-8.048
MMP13,m00,mut_s1,detail,1,135,GSRWMFGBDLHGBU-YEFLILRRNA-N,-8.023
MMP13,m00,mut_s1,detail,1,136,AYIJJQHMZAEQKE-QDAGQJSJNA-N,-8.664
MMP13,m00,mut_s1,detail,1,137,JVWTZUKPDMRNDC-FSAKADSPNA-N,-9.188
MMP13,m00,mut_s1,detail,1,138,XAZPLOLSRXZDBO-LBZABMTDNA-N,-8.231
MMP13,m00,mut_s1,detail,1,139,RGWVFJBNHCWCTL-CFEGKOCINA-N,-9.647
MMP13,m00,mut_s1,detail,1,140,YYWNRQZCPIMCAK-UHFFFAOYNA-N,-9.693
MMP13,m00,mut_s1,detail,1,141,PBTZDKNKXRSZPM-XBXBPLPCNA-N,-9.824
MMP13,m00,mut_s1,detail,1,142,QQPOIMHFFPBDQM-LELJVTLKNA-N,-9.581
MMP13,m00,mut_s1,detail,1,143,NYFQURFFDGCBCB-MAQJPOOANA-N,-7.691
MMP13,m00,mut_s1,detail,1,144,HXZVHWHABLBWBS-MTTPVDACNA-N,-10.109
MMP13,m00,mut_s1,detail,1,145,IWYYSOJWYLZKLK-LELJVTLKNA-N,-8.199
MMP13,m00,mut_s1,detail,1,146,HOGUCNPGZXMBGW-UHFFFAOYNA-N,-8.818
MMP13,m00,mut_s1,detail,1,147,VITUDJAVASFPKN-DUFUIDNCNA-N,-9.492
MMP13,m00,mut_s1,detail,1,148,IXAHDCRYEUYPBG-SCXYCHFONA-N,-9.339
MMP13,m00,mut_s1,detail,1,149,JWHMEKMLAZQDNS-OZMOGHDGNA-N,-9.207
MMP13,m00,mut_s1,detail,1,150,BZWNBTIJLRHNDZ-LBOYIXSDNA-N,-8.435
MMP13,m00,mut_s1,detail,1,151,RECYROBESYRUML-UHFFFAOYNA-N,-8.344
MMP13,m00,mut_s1,detail,1,152,MLDSJJJLQRZNKW-UHBIVWOUNA-N,-9.538
MMP13,m00,mut_s1,detail,1,153,XTWIHJARHCYNFX-PHXLCVRDNA-N,-8.624
MMP13,m00,mut_s1,detail,1,154,UQGFETVWTRDGKJ-UHFFFAOYNA-N,-7.871
MMP13,m00,mut_s1,detail,1,155,VJFSMDWEMFOWDK-CYSPOYASNA-N,-9.661
MMP13,m00,mut_s1,detail,1,156,NZYLXYBIWNIAGH-CYSPOYASNA-N,-9.897
MMP13,m00,mut_s1,detail,1,157,ODXCWFOKLBJQNP-MPIMZMORNA-N,-8.757
MMP13,m00,mut_s1,detail,1,158,FVDNMAPPDSKXKQ-UHFFFAOYNA-N,-10.308
MMP13,m00,mut_s1,detail,1,159,DOPWMPRIRWTOOD-CCHPKIMANA-N,-8.842
MMP13,m01,mut_s1,detail,1,0,URVMSYHISUZXNH-UYBDAZJANA-N,-9.296
MMP13,m01,mut_s1,detail,1,1,KXRPCFINVWWFHQ-UHFFFAOYNA-N,-5.074
MMP13,m01,mut_s1,detail,1,2,NICJTSHRYBTHAS-YHMJCDSINA-N,-7.281
MMP13,m01,mut_s1,detail,1,3,SWRZVDTZHDWPDS-AWIDAIFANA-N,-9.037
MMP13,m01,mut_s1,detail,1,4,RKNSLLSUFWWYCA-UHFFFAOYNA-N,-8.355
MMP13,m01,mut_s1,detail,1,5,OZFSIKFTRRUDES-RIYZIHGNNA-N,-6.6
MMP13,m01,mut_s1,detail,1,6,AAGGUCRASUJPPN-UHFFFAOYNA-N,-8.391
MMP13,m01,mut_s1,detail,1,7,OYHXDPMAFYHDNG-YAQRNVERNA-N,-7.218
MMP13,m01,mut_s1,detail,1,8,AWILWAIEQYZUEQ-UHFFFAOYNA-N,-7.164
MMP13,m01,mut_s1,detail,1,9,WSFAXHLMQUUHQT-VMPITWQZNA-N,-8.521
MMP13,m01,mut_s1,detail,1,10,WPHMTVNOXKBZKN-UHFFFAOYNA-N,-7.291
MMP13,m01,mut_s1,detail,1,11,LPEIZNODGHDCCW-UHFFFAOYNA-N,-6.352
MMP13,m01,mut_s1,detail,1,12,QQHWWDVSRWOHEP-LILDFLRNNA-N,-7.652
MMP13,m01,mut_s1,detail,1,13,UMEVSSPGBFVQNC-UHFFFAOYNA-N,-6.767
MMP13,m01,mut_s1,detail,1,14,VZDIOEKWWZRNQN-UHFFFAOYNA-N,-8.423
MMP13,m01,mut_s1,detail,1,15,JEVLDOUORFAHRS-NDKGDYFDNA-N,-7.297
MMP13,m01,mut_s1,detail,1,16,NFTGJNJRMWUBPG-GPQMBLKYNA-N,-7.767
MMP13,m01,mut_s1,detail,1,17,UMUUTEZBWGDVDA-UHFFFAOYNA-N,-7.453
MMP13,m01,mut_s1,detail,1,18,VLQKEPLNPGYNDJ-HCKMINDGNA-N,-8.615
MMP13,m01,mut_s1,detail,1,19,PPMVTAATPZLMJM-CDDDEJBQNA-N,-7.514
MMP13,m01,mut_s1,detail,1,20,AHLYFAKLKLMESK-YAQRNVERNA-N,-7.679
MMP13,m01,mut_s1,detail,1,21,GYEJYLAGVWRSIM-KGJHZMDYNA-N,-7.712
MMP13,m01,mut_s1,detail,1,22,RXVALSLAUOIYLW-UHFFFAOYNA-N,-5.971
MMP13,m01,mut_s1,detail,1,23,NSELYIFATLFDOZ-JLGFQASFNA-N,-7.955
MMP13,m01,mut_s1,detail,1,24,COQFBYACOHFCEC-UHFFFAOYNA-N,-6.37
MMP13,m01,mut_s1,detail,1,25,CJGJXFCLDYQBFQ-YJGXKCCXNA-N,-8.488
MMP13,m01,mut_s1,detail,1,26,BWNGRRJLFYHENY-INIZCTEONA-N,-7.224
MMP13,m01,mut_s1,detail,1,27,BNRFXWSJKVJVOF-UYBDAZJANA-N,-9.149
MMP13,m01,mut_s1,detail,1,28,DMULMZBZVBBWBY-PJZINPJWNA-N,-9.695
MMP13,m01,mut_s1,detail,1,29,AXLAIGJGNKHDPO-UHFFFAOYNA-N,-6.27
MMP13,m01,mut_s1,detail,1,30,RKDGAONZEPYEBT-WXRBYKJCNA-N,-6.455
MMP13,m01,mut_s1,detail,1,31,MBOYDUZSCSNUQL-MBBDSNKKNA-N,-8.074
MMP13,m01,mut_s1,detail,1,32,KPVDBHRTXOFQDK-YAQRNVERNA-N,-7.262
MMP13,m01,mut_s1,detail,1,33,LVCNFMYUKISBSB-VJSNTGQMNA-N,-8.066
MMP13,m01,mut_s1,detail,1,34,XLAHCIRKLMJUQC-DZQCGVKKNA-N,-8.099
MMP13,m01,mut_s1,detail,1,35,QNYHDABGLCBJOE-SHHGZXMVNA-N,-8.324
MMP13,m01,mut_s1,detail,1,36,HEKNRISBWSPMOG-OWTLIXCDNA-N,-6.13
MMP13,m01,mut_s1,detail,1,37,VIRNXCRLEVZXNX-LILDFLRNNA-N,-9.927
MMP13,m01,mut_s1,detail,1,38,SRTGERSEXJGDMR-UHFFFAOYNA-N,-7.286
MMP13,m01,mut_s1,detail,1,39,ZGMGSSRLZJYOKH-WXRBYKJCNA-N,-6.932
MMP13,m01,mut_s1,detail,1,40,VGYFDFRFGHHCDA-CUTUCBJDNA-N,-9.103
MMP13,m01,mut_s1,detail,1,41,DILPMLYWQJPNLO-HCKMINDGNA-N,-8.016
MMP13,m01,mut_s1,detail,1,42,RSOODJIGEVJLMK-LQFNOIFHNA-N,-9.77
MMP13,m01,mut_s1,detail,1,43,OWHHWMUAYBIQPR-UHFFFAOYNA-N,-8.808
MMP13,m01,mut_s1,detail,1,44,KPIKMVZJKZDOFC-UHFFFAOYNA-N,-8.45
MMP13,m01,mut_s1,detail,1,45,DIKDKRUREJXLMR-DPMTXJEANA-N,-9.927
MMP13,m01,mut_s1,detail,1,46,QRVJDPKQHAVBDK-UYBDAZJANA-N,-8.316
MMP13,m01,mut_s1,detail,1,47,SGBSFKSDPWOALT-UYBDAZJANA-N,-9.177
MMP13,m01,mut_s1,detail,1,48,CYHFRNFVZWVHCG-OTJKMEOQNA-N,-7.874
MMP13,m01,mut_s1,detail,1,49,MJUDQDHXCQONOA-MPIMZMORNA-N,-7.195
MMP13,m01,mut_s1,detail,1,50,RNVYRNLUUYNQAS-PKSOQXRJNA-N,-7.433
MMP13,m01,mut_s1,detail,1,51,DLZXOZYETDVJEB-QWOVJGMINA-N,-6.298
MMP13,m01,mut_s1,detail,1,52,HSICVZRDGBJSEL-GPQMBLKYNA-N,-7.03
MMP13,m01,mut_s1,detail,1,53,HMRUHHFLIMYEAF-QNGOCPJXNA-N,-8.265
MMP13,m01,mut_s1,detail,1,54,ZZOWQPSBJUXHCA-YSPRVCGUNA-N,-9.16
MMP13,m01,mut_s1,detail,1,55,WDDJLHOUFWSQSV-UHFFFAOYNA-N,-7.976
MMP13,m01,mut_s1,detail,1,56,UKLIIGXGTPSYBF-IBCWCQIKNA-N,-8.916
MMP13,m01,mut_s1,detail,1,57,LNPOBRXJZYGQMS-MOHJPFBDNA-N,-7.556
MMP13,m01,mut_s1,detail,1,58,FYILBFPPKIZBTO-UHFFFAOYNA-N,-7.192
MMP13,m01,mut_s1,detail,1,59,MIKIJFODTJGFDI-LILDFLRNNA-N,-8.338
MMP13,m01,mut_s1,detail,1,60,RUWCNSLWWCWTSU-LILDFLRNNA-N,-6.699
MMP13,m01,mut_s1,detail,1,61,KLQWCHKIQJHYIB-UHFFFAOYNA-N,-9.311
MMP13,m01,mut_s1,detail,1,62,QKAWGENQCGFAOE-NPVYFSBINA-N,-8.287
MMP13,m01,mut_s1,detail,1,63,KGOKCBRZBBEYBE-MMRXBHCZNA-N,-9.09
MMP13,m01,mut_s1,detail,1,64,ROFRXCLSWKEWTN-UHFFFAOYNA-N,-7.243
MMP13,m01,mut_s1,detail,1,65,AKRMJNKLSCBEME-FPYGCLRLNA-N,-7.833
MMP13,m01,mut_s1,detail,1,66,LCGJUJZLLYTYIF-XMFFZCEENA-N,-8.467
MMP13,m01,mut_s1,detail,1,67,FREQNFSEYLEFOI-QRCVEOAVNA-N,-7.98
MMP13,m01,mut_s1,detail,1,68,MHMINAYLMNBGSM-UHFFFAOYNA-N,-6.01
MMP13,m01,mut_s1,detail,1,69,SYMNTBHEGHFZMV-UHFFFAOYNA-N,-6.687
MMP13,m01,mut_s1,detail,1,70,NNCRWGMPCGSKOO-LILDFLRNNA-N,-7.945
MMP13,m01,mut_s1,detail,1,71,ZCRRNCCNJMRGFI-UHFFFAOYNA-N,-8.63
MMP13,m01,mut_s1,detail,1,72,PYVZEIBGEUQNQQ-UHFFFAOYNA-N,-7.92
MMP13,m01,mut_s1,detail,1,73,OROJQWVRCGJACT-XBTAAFKLNA-N,-9.779
MMP13,m01,mut_s1,detail,1,74,TXYUWXKCUDOUGU-JLGFQASFNA-N,-7.159
MMP13,m01,mut_s1,detail,1,75,LAZANALODSEDSE-UHFFFAOYNA-N,-6.774
MMP13,m01,mut_s1,detail,1,76,RJXCYVJLXGRCHK-UHFFFAOYNA-N,-9.25
MMP13,m01,mut_s1,detail,1,77,FUSKIBWHJAWEFI-IEJAXPBYNA-N,-8.919
MMP13,m01,mut_s1,detail,1,78,SGWVLOCBQLQWQV-UHFFFAOYNA-N,-9.469
MMP13,m01,mut_s1,detail,1,79,PPXRQTYXLZCDAZ-QWOVJGMINA-N,-9.08
MMP13,m01,mut_s1,detail,1,80,DIFBADFWLVYFHV-LELJVTLKNA-N,-8.337
MMP13,m01,mut_s1,detail,1,81,XREOSEVJCQGCHE-MHPMNMKGNA-N,-8.074
MMP13,m01,mut_s1,detail,1,82,ZHGPKHBXSKWZEQ-UHFFFAOYNA-N,-7.21
MMP13,m01,mut_s1,detail,1,83,ZFAYPJJNPSNAFK-UHFFFAOYNA-N,-8.103
MMP13,m01,mut_s1,detail,1,84,LTXMRAGWIDQTQT-MYUTVWBTNA-N,-9.528
MMP13,m01,mut_s1,detail,1,85,VXQHYHSSGLOALC-SPEPDGBUNA-N,-10.509
MMP13,m01,mut_s1,detail,1,86,KWDSFRAWCISROF-PJQSKVNONA-N,-8.331
MMP13,m01,mut_s1,detail,1,87,ZJZXSQPHUQUHIV-ZGZFQTMPNA-N,-9.441
MMP13,m01,mut_s1,detail,1,88,UYHIVPBYFWVWEJ-UHFFFAOYNA-N,-8.856
MMP13,m01,mut_s1,detail,1,89,PLEFJSUCKRWHBY-LNNLXFCONA-N,-8.508
MMP13,m01,mut_s1,detail,1,90,DNSRQCRQLKJUCC-PDJAEHLQNA-N,-7.92
MMP13,m01,mut_s1,detail,1,91,PHYKZCBUNVYJNH-YDBXFXKPNA-N,-7.346
MMP13,m01,mut_s1,detail,1,92,OOUHZBUAVKCDGA-UHFFFAOYNA-N,-8.237
MMP13,m01,mut_s1,detail,1,93,UUQDFZFJDFMLHW-UHFFFAOYNA-N,-8.675
MMP13,m01,mut_s1,detail,1,94,OOUDDHNLDLLUOL-SKKVRFOWNA-N,-8.999
MMP13,m01,mut_s1,detail,1,95,ZDMQSUAMTLXUTE-MPIMZMORNA-N,-8.108
MMP13,m01,mut_s1,detail,1,96,NMPLPABDEKPABN-UHFFFAOYNA-N,-9.256
MMP13,m01,mut_s1,detail,1,97,INZRHGSVWGRHBM-NPVYFSBINA-N,-9.594
MMP13,m01,mut_s1,detail,1,98,RVGCWMKVTAEQIH-LNNLXFCONA-N,-8.795
MMP13,m01,mut_s1,detail,1,99,VRXWKRQOVMZBAF-LJQANCHMNA-N,-7.141
MMP13,m01,mut_s1,detail,1,100,QACLWOIBBYOHQP-UYBDAZJANA-N,-7.588
MMP13,m01,mut_s1,detail,1,101,ZNXSZVFPCBIELQ-LNNLXFCONA-N,-8.159
MMP13,m01,mut_s1,detail,1,102,GKMWCCNMKRSQHR-VEKUMTKDNA-N,-8.368
MMP13,m01,mut_s1,detail,1,103,FFGUSRSMWFYKGK-SKKVRFOWNA-N,-9.532
MMP13,m01,mut_s1,detail,1,104,KXBDDGKXLZBLOM-SPEPDGBUNA-N,-8.765
MMP13,m01,mut_s1,detail,1,105,MIUWULAZCXYTJW-MSHHZIMBNA-N,-9.913
MMP13,m01,mut_s1,detail,1,106,JPZOYWVRFLZCIC-NJNXFGOHNA-N,-9.146
MMP13,m01,mut_s1,detail,1,107,FAIQTLBYDVKBAB-DVIAZDKANA-N,-8.703
MMP13,m01,mut_s1,detail,1,108,APFLRZZAOXCNAZ-UHFFFAOYNA-N,-7.815
MMP13,m01,mut_s1,detail,1,109,BSQLDSQTGOZBFD-UHFFFAOYNA-N,-8.185
MMP13,m01,mut_s1,detail,1,110,ZVVCFJXCDATSCC-UHFFFAOYNA-N,-9.41
MMP13,m01,mut_s1,detail,1,111,SKEQTXZATFWVMB-UYBDAZJANA-N,-8.474
MMP13,m01,mut_s1,detail,1,112,IATWYRHDJKMBQK-MPIMZMORNA-N,-8.523
MMP13,m01,mut_s1,detail,1,113,JPWOEQDCUZCWKT-MPIMZMORNA-N,-6.745
MMP13,m01,mut_s1,detail,1,114,RYHSAXRBHDHPPK-PKSOQXRJNA-N,-7.448
MMP13,m01,mut_s1,detail,1,115,GKKJWUFVZJJFPG-MPIMZMORNA-N,-8.808
MMP13,m01,mut_s1,detail,1,116,FDNZXFDUCINVLY-BDGWVKIONA-N,-8.346
MMP13,m01,mut_s1,detail,1,117,KTBYKHKWIFIFAK-UHFFFAOYNA-N,-9.19
MMP13,m01,mut_s1,detail,1,118,ZRXZEWGUECXTTQ-LQFNOIFHNA-N,-9.29
MMP13,m01,mut_s1,detail,1,119,XNACBBGLIAJNJM-PECIQRARNA-N,-7.417
MMP13,m01,mut_s1,detail,1,120,WQZYYJRVBIQUGH-YWZOXAELNA-N,-10.121
MMP13,m01,mut_s1,detail,1,121,ABMSRNRLDZVJFV-SWUIVHNENA-N,-8.589
MMP13,m01,mut_s1,detail,1,122,ZEACBIUBSOLEGW-QAITUMOCNA-N,-9.836
MMP13,m01,mut_s1,detail,1,123,UBFCDXVLKFOOGL-OKPOJWAQNA-N,-8.544
MMP13,m01,mut_s1,detail,1,124,RRIHVAFUFDANEX-NSJMMFDCNA-N,-8.029
MMP13,m01,mut_s1,detail,1,125,HASIAUWPWKTSBW-SREBMQDQNA-N,-7.749
MMP13,m01,mut_s1,detail,1,126,WHBCKYHTCHCHAY-LQFNOIFHNA-N,-8.375
MMP13,m01,mut_s1,detail,1,127,XMAYWYJOQHXEEK-JYFHCDHNNA-N,-9.589
MMP13,m01,mut_s1,detail,1,128,TVKCFCZANTZCSU-OYRHEFFENA-N,-9.68
MMP13,m01,mut_s1,detail,1,129,OJFIIUWPOHBVMH-LNNLXFCONA-N,-7.495
MMP13,m01,mut_s1,detail,1,130,DKLZMGFTGWKNCD-DIRLUKLVNA-N,-10.407
MMP13,m01,mut_s1,detail,1,131,PYSLGWZFRQWTDD-PWIKPTQSNA-N,-10.662
MMP13,m01,mut_s1,detail,1,132,MWMBIUUYBQWKJX-QTUCRYGENA-N,-7.758
MMP13,m01,mut_s1,detail,1,133,FLYQFCXTEFTSQN-UHFFFAOYNA-N,-8.589
MMP13,m01,mut_s1,detail,1,134,PBIBDSDWIMZYDT-WBWGZOKWNA-N,-8.04
MMP13,m01,mut_s1,detail,1,135,GSRWMFGBDLHGBU-YEFLILRRNA-N,-7.007
MMP13,m01,mut_s1,detail,1,136,AYIJJQHMZAEQKE-QDAGQJSJNA-N,-8.929
MMP13,m01,mut_s1,detail,1,137,JVWTZUKPDMRNDC-FSAKADSPNA-N,-9.922
MMP13,m01,mut_s1,detail,1,138,XAZPLOLSRXZDBO-LBZABMTDNA-N,-8.039
MMP13,m01,mut_s1,detail,1,139,RGWVFJBNHCWCTL-CFEGKOCINA-N,-8.986
MMP13,m01,mut_s1,detail,1,140,YYWNRQZCPIMCAK-UHFFFAOYNA-N,-9.516
MMP13,m01,mut_s1,detail,1,141,PBTZDKNKXRSZPM-XBXBPLPCNA-N,-9.497
MMP13,m01,mut_s1,detail,1,142,QQPOIMHFFPBDQM-LELJVTLKNA-N,-9.577
MMP13,m01,mut_s1,detail,1,143,NYFQURFFDGCBCB-MAQJPOOANA-N,-8.617
MMP13,m01,mut_s1,detail,1,144,HXZVHWHABLBWBS-MTTPVDACNA-N,-10.31
MMP13,m01,mut_s1,detail,1,145,IWYYSOJWYLZKLK-LELJVTLKNA-N,-8.719
MMP13,m01,mut_s1,detail,1,146,HOGUCNPGZXMBGW-UHFFFAOYNA-N,-8.852
MMP13,m01,mut_s1,detail,1,147,VITUDJAVASFPKN-DUFUIDNCNA-N,-9.82
MMP13,m01,mut_s1,detail,1,148,IXAHDCRYEUYPBG-SCXYCHFONA-N,-10.205
MMP13,m01,mut_s1,detail,1,149,JWHMEKMLAZQDNS-OZMOGHDGNA-N,-8.236
MMP13,m01,mut_s1,detail,1,150,BZWNBTIJLRHNDZ-LBOYIXSDNA-N,-8.474
MMP13,m01,mut_s1,detail,1,151,RECYROBESYRUML-UHFFFAOYNA-N,-8.4
MMP13,m01,mut_s1,detail,1,152,MLDSJJJLQRZNKW-UHBIVWOUNA-N,-9.478
MMP13,m01,mut_s1,detail,1,153,XTWIHJARHCYNFX-PHXLCVRDNA-N,-8.744
MMP13,m01,mut_s1,detail,1,154,UQGFETVWTRDGKJ-UHFFFAOYNA-N,-7.833
MMP13,m01,mut_s1,detail,1,155,VJFSMDWEMFOWDK-CYSPOYASNA-N,-10.549
MMP13,m01,mut_s1,detail,1,156,NZYLXYBIWNIAGH-CYSPOYASNA-N,-10.197
MMP13,m01,mut_s1,detail,1,157,ODXCWFOKLBJQNP-MPIMZMORNA-N,-8.013
MMP13,m01,mut_s1,detail,1,158,FVDNMAPPDSKXKQ-UHFFFAOYNA-N,-10.366
MMP13,m01,mut_s1,detail,1,159,DOPWMPRIRWTOOD-CCHPKIMANA-N,-8.646
MMP13,m02,mut_s1,detail,1,0,URVMSYHISUZXNH-UYBDAZJANA-N,-8.812
MMP13,m02,mut_s1,detail,1,1,KXRPCFINVWWFHQ-UHFFFAOYNA-N,-4.864
MMP13,m02,mut_s1,detail,1,2,NICJTSHRYBTHAS-YHMJCDSINA-N,-7.691
MMP13,m02,mut_s1,detail,1,3,SWRZVDTZHDWPDS-AWIDAIFANA-N,-8.655
MMP13,m02,mut_s1,detail,1,4,RKNSLLSUFWWYCA-UHFFFAOYNA-N,-9.7
MMP13,m02,mut_s1,detail,1,5,OZFSIKFTRRUDES-RIYZIHGNNA-N,-6.432
MMP13,m02,mut_s1,detail,1,6,AAGGUCRASUJPPN-UHFFFAOYNA-N,-7.928
MMP13,m02,mut_s1,detail,1,7,OYHXDPMAFYHDNG-YAQRNVERNA-N,-7.58
MMP13,m02,mut_s1,detail,1,8,AWILWAIEQYZUEQ-UHFFFAOYNA-N,-7.164
MMP13,m02,mut_s1,detail,1,9,WSFAXHLMQUUHQT-VMPITWQZNA-N,-8.227
MMP13,m02,mut_s1,detail,1,10,WPHMTVNOXKBZKN-UHFFFAOYNA-N,-6.878
MMP13,m02,mut_s1,detail,1,11,LPEIZNODGHDCCW-UHFFFAOYNA-N,-5.725
MMP13,m02,mut_s1,detail,1,12,QQHWWDVSRWOHEP-LILDFLRNNA-N,-7.617
MMP13,m02,mut_s1,detail,1,13,UMEVSSPGBFVQNC-UHFFFAOYNA-N,-6.553
MMP13,m02,mut_s1,detail,1,14,VZDIOEKWWZRNQN-UHFFFAOYNA-N,-7.974
MMP13,m02,mut_s1,detail,1,15,JEVLDOUORFAHRS-NDKGDYFDNA-N,-7.403
MMP13,m02,mut_s1,detail,1,16,NFTGJNJRMWUBPG-GPQMBLKYNA-N,-7.813
MMP13,m02,mut_s1,detail,1,17,UMUUTEZBWGDVDA-UHFFFAOYNA-N,-7.309
MMP13,m02,mut_s1,detail,1,18,VLQKEPLNPGYNDJ-HCKMINDGNA-N,-7.94
MMP13,m02,mut_s1,detail,1,19,PPMVTAATPZLMJM-CDDDEJBQNA-N,-7.369
MMP13,m02,mut_s1,detail,1,20,AHLYFAKLKLMESK-YAQRNVERNA-N,-6.986
MMP13,m02,mut_s1,detail,1,21,GYEJYLAGVWRSIM-KGJHZMDYNA-N,-7.786
MMP13,m02,mut_s1,detail,1,22,RXVALSLAUOIYLW-UHFFFAOYNA-N,-7.605
MMP13,m02,mut_s1,detail,1,23,NSELYIFATLFDOZ-JLGFQASFNA-N,-7.757
MMP13,m02,mut_s1,detail,1,24,COQFBYACOHFCEC-UHFFFAOYNA-N,-6.592
MMP13,m02,mut_s1,detail,1,25,CJGJXFCLDYQBFQ-YJGXKCCXNA-N,-8.563
MMP13,m02,mut_s1,detail,1,26,BWNGRRJLFYHENY-INIZCTEONA-N,-7.17
MMP13,m02,mut_s1,detail,1,27,BNRFXWSJKVJVOF-UYBDAZJANA-N,-8.765
MMP13,m02,mut_s1,detail,1,28,DMULMZBZVBBWBY-PJZINPJWNA-N,-9.112
MMP13,m02,mut_s1,detail,1,29,AXLAIGJGNKHDPO-UHFFFAOYNA-N,-6.084
MMP13,m02,mut_s1,detail,1,30,RKDGAONZEPYEBT-WXRBYKJCNA-N,-7.206
MMP13,m02,mut_s1,detail,1,31,MBOYDUZSCSNUQL-MBBDSNKKNA-N,-7.691
MMP13,m02,mut_s1,detail,1,32,KPVDBHRTXOFQDK-YAQRNVERNA-N,-6.848
MMP13,m02,mut_s1,detail,1,33,LVCNFMYUKISBSB-VJSNTGQMNA-N,-7.703
MMP13,m02,mut_s1,detail,1,34,XLAHCIRKLMJUQC-DZQCGVKKNA-N,-9.04
MMP13,m02,mut_s1,detail,1,35,QNYHDABGLCBJOE-SHHGZXMVNA-N,-8.352
MMP13,m02,mut_s1,detail,1,36,HEKNRISBWSPMOG-OWTLIXCDNA-N,-7.089
MMP13,m02,mut_s1,detail,1,37,VIRNXCRLEVZXNX-LILDFLRNNA-N,-9.134
MMP13,m02,mut_s1,detail,1,38,SRTGERSEXJGDMR-UHFFFAOYNA-N,-7.152
MMP13,m02,mut_s1,detail,1,39,ZGMGSSRLZJYOKH-WXRBYKJCNA-N,-7.036
MMP13,m02,mut_s1,detail,1,40,VGYFDFRFGHHCDA-CUTUCBJDNA-N,-9.074
MMP13,m02,mut_s1,detail,1,41,DILPMLYWQJPNLO-HCKMINDGNA-N,-8.301
MMP13,m02,mut_s1,detail,1,42,RSOODJIGEVJLMK-LQFNOIFHNA-N,-9.609
MMP13,m02,mut_s1,detail,1,43,OWHHWMUAYBIQPR-UHFFFAOYNA-N,-8.845
MMP13,m02,mut_s1,detail,1,44,KPIKMVZJKZDOFC-UHFFFAOYNA-N,-8.7
MMP13,m02,mut_s1,detail,1,45,DIKDKRUREJXLMR-DPMTXJEANA-N,-9.005
MMP13,m02,mut_s1,detail,1,46,QRVJDPKQHAVBDK-UYBDAZJANA-N,-7.77
MMP13,m02,mut_s1,detail,1,47,SGBSFKSDPWOALT-UYBDAZJANA-N,-8.86
MMP13,m02,mut_s1,detail,1,48,CYHFRNFVZWVHCG-OTJKMEOQNA-N,-8.492
MMP13,m02,mut_s1,detail,1,49,MJUDQDHXCQONOA-MPIMZMORNA-N,-7.453
MMP13,m02,mut_s1,detail,1,50,RNVYRNLUUYNQAS-PKSOQXRJNA-N,-8.153
MMP13,m02,mut_s1,detail,1,51,DLZXOZYETDVJEB-QWOVJGMINA-N,-7.197
MMP13,m02,mut_s1,detail,1,52,HSICVZRDGBJSEL-GPQMBLKYNA-N,-8.615
MMP13,m02,mut_s1,detail,1,53,HMRUHHFLIMYEAF-QNGOCPJXNA-N,-8.009
MMP13,m02,mut_s1,detail,1,54,ZZOWQPSBJUXHCA-YSPRVCGUNA-N,-9.128
MMP13,m02,mut_s1,detail,1,55,WDDJLHOUFWSQSV-UHFFFAOYNA-N,-9.175
MMP13,m02,mut_s1,detail,1,56,UKLIIGXGTPSYBF-IBCWCQIKNA-N,-8.707
MMP13,m02,mut_s1,detail,1,57,LNPOBRXJZYGQMS-MOHJPFBDNA-N,-8.263
MMP13,m02,mut_s1,detail,1,58,FYILBFPPKIZBTO-UHFFFAOYNA-N,-7.028
MMP13,m02,mut_s1,detail,1,59,MIKIJFODTJGFDI-LILDFLRNNA-N,-8.233
MMP13,m02,mut_s1,detail,1,60,RUWCNSLWWCWTSU-LILDFLRNNA-N,-7.071
MMP13,m02,mut_s1,detail,1,61,KLQWCHKIQJHYIB-UHFFFAOYNA-N,-9.878
MMP13,m02,mut_s1,detail,1,62,QKAWGENQCGFAOE-NPVYFSBINA-N,-8.377
MMP13,m02,mut_s1,detail,1,63,KGOKCBRZBBEYBE-MMRXBHCZNA-N,-9.33
MMP13,m02,mut_s1,detail,1,64,ROFRXCLSWKEWTN-UHFFFAOYNA-N,-8.558
MMP13,m02,mut_s1,detail,1,65,AKRMJNKLSCBEME-FPYGCLRLNA-N,-7.683
MMP13,m02,mut_s1,detail,1,66,LCGJUJZLLYTYIF-XMFFZCEENA-N,-8.169
MMP13,m02,mut_s1,detail,1,67,FREQNFSEYLEFOI-QRCVEOAVNA-N,-7.878
MMP13,m02,mut_s1,detail,1,68,MHMINAYLMNBGSM-UHFFFAOYNA-N,-6.06
MMP13,m02,mut_s1,detail,1,69,SYMNTBHEGHFZMV-UHFFFAOYNA-N,-7.111
MMP13,m02,mut_s1,detail,1,70,NNCRWGMPCGSKOO-LILDFLRNNA-N,-7.734
MMP13,m02,mut_s1,detail,1,71,ZCRRNCCNJMRGFI-UHFFFAOYNA-N,-8.665
MMP13,m02,mut_s1,detail,1,72,PYVZEIBGEUQNQQ-UHFFFAOYNA-N,-8.569
MMP13,m02,mut_s1,detail,1,73,OROJQWVRCGJACT-XBTAAFKLNA-N,-9.087
MMP13,m02,mut_s1,detail,1,74,TXYUWXKCUDOUGU-JLGFQASFNA-N,-7.376
MMP13,m02,mut_s1,detail,1,75,LAZANALODSEDSE-UHFFFAOYNA-N,-7.084
MMP13,m02,mut_s1,detail,1,76,RJXCYVJLXGRCHK-UHFFFAOYNA-N,-9.005
MMP13,m02,mut_s1,detail,1,77,FUSKIBWHJAWEFI-IEJAXPBYNA-N,-9.102
MMP13,m02,mut_s1,detail,1,78,SGWVLOCBQLQWQV-UHFFFAOYNA-N,-9.399
MMP13,m02,mut_s1,detail,1,79,PPXRQTYXLZCDAZ-QWOVJGMINA-N,-8.611
MMP13,m02,mut_s1,detail,1,80,DIFBADFWLVYFHV-LELJVTLKNA-N,-8.762
MMP13,m02,mut_s1,detail,1,81,XREOSEVJCQGCHE-MHPMNMKGNA-N,-7.859
MMP13,m02,mut_s1,detail,1,82,ZHGPKHBXSKWZEQ-UHFFFAOYNA-N,-8.8
MMP13,m02,mut_s1,detail,1,83,ZFAYPJJNPSNAFK-UHFFFAOYNA-N,-8.702
MMP13,m02,mut_s1,detail,1,84,LTXMRAGWIDQTQT-MYUTVWBTNA-N,-9.475
MMP13,m02,mut_s1,detail,1,85,VXQHYHSSGLOALC-SPEPDGBUNA-N,-10.132
MMP13,m02,mut_s1,detail,1,86,KWDSFRAWCISROF-PJQSKVNONA-N,-9.147
MMP13,m02,mut_s1,detail,1,87,ZJZXSQPHUQUHIV-ZGZFQTMPNA-N,-10.738
MMP13,m02,mut_s1,detail,1,88,UYHIVPBYFWVWEJ-UHFFFAOYNA-N,-9.081
MMP13,m02,mut_s1,detail,1,89,PLEFJSUCKRWHBY-LNNLXFCONA-N,-8.507
MMP13,m02,mut_s1,detail,1,90,DNSRQCRQLKJUCC-PDJAEHLQNA-N,-8.026
MMP13,m02,mut_s1,detail,1,91,PHYKZCBUNVYJNH-YDBXFXKPNA-N,-7.547
MMP13,m02,mut_s1,detail,1,92,OOUHZBUAVKCDGA-UHFFFAOYNA-N,-8.71
MMP13,m02,mut_s1,detail,1,93,UUQDFZFJDFMLHW-UHFFFAOYNA-N,-8.539
MMP13,m02,mut_s1,detail,1,94,OOUDDHNLDLLUOL-SKKVRFOWNA-N,-8.859
MMP13,m02,mut_s1,detail,1,95,ZDMQSUAMTLXUTE-MPIMZMORNA-N,-8.289
MMP13,m02,mut_s1,detail,1,96,NMPLPABDEKPABN-UHFFFAOYNA-N,-8.851
MMP13,m02,mut_s1,detail,1,97,INZRHGSVWGRHBM-NPVYFSBINA-N,-9.271
MMP13,m02,mut_s1,detail,1,98,RVGCWMKVTAEQIH-LNNLXFCONA-N,-9.068
MMP13,m02,mut_s1,detail,1,99,VRXWKRQOVMZBAF-LJQANCHMNA-N,-8.236
MMP13,m02,mut_s1,detail,1,100,QACLWOIBBYOHQP-UYBDAZJANA-N,-8.822
MMP13,m02,mut_s1,detail,1,101,ZNXSZVFPCBIELQ-LNNLXFCONA-N,-8.294
MMP13,m02,mut_s1,detail,1,102,GKMWCCNMKRSQHR-VEKUMTKDNA-N,-8.554
MMP13,m02,mut_s1,detail,1,103,FFGUSRSMWFYKGK-SKKVRFOWNA-N,-9.901
MMP13,m02,mut_s1,detail,1,104,KXBDDGKXLZBLOM-SPEPDGBUNA-N,-8.83
MMP13,m02,mut_s1,detail,1,105,MIUWULAZCXYTJW-MSHHZIMBNA-N,-10.087
MMP13,m02,mut_s1,detail,1,106,JPZOYWVRFLZCIC-NJNXFGOHNA-N,-10.168
MMP13,m02,mut_s1,detail,1,107,FAIQTLBYDVKBAB-DVIAZDKANA-N,-8.813
MMP13,m02,mut_s1,detail,1,108,APFLRZZAOXCNAZ-UHFFFAOYNA-N,-9.077
MMP13,m02,mut_s1,detail,1,109,BSQLDSQTGOZBFD-UHFFFAOYNA-N,-7.721
MMP13,m02,mut_s1,detail,1,110,ZVVCFJXCDATSCC-UHFFFAOYNA-N,-8.856
MMP13,m02,mut_s1,detail,1,111,SKEQTXZATFWVMB-UYBDAZJANA-N,-8.272
MMP13,m02,mut_s1,detail,1,112,IATWYRHDJKMBQK-MPIMZMORNA-N,-7.828
MMP13,m02,mut_s1,detail,1,113,JPWOEQDCUZCWKT-MPIMZMORNA-N,-7.882
MMP13,m02,mut_s1,detail,1,114,RYHSAXRBHDHPPK-PKSOQXRJNA-N,-8.479
MMP13,m02,mut_s1,detail,1,115,GKKJWUFVZJJFPG-MPIMZMORNA-N,-9.397
MMP13,m02,mut_s1,detail,1,116,FDNZXFDUCINVLY-BDGWVKIONA-N,-8.274
MMP13,m02,mut_s1,detail,1,117,KTBYKHKWIFIFAK-UHFFFAOYNA-N,-9.638
MMP13,m02,mut_s1,detail,1,118,ZRXZEWGUECXTTQ-LQFNOIFHNA-N,-8.553
MMP13,m02,mut_s1,detail,1,119,XNACBBGLIAJNJM-PECIQRARNA-N,-8.981
MMP13,m02,mut_s1,detail,1,120,WQZYYJRVBIQUGH-YWZOXAELNA-N,-10.072
MMP13,m02,mut_s1,detail,1,121,ABMSRNRLDZVJFV-SWUIVHNENA-N,-8.173
MMP13,m02,mut_s1,detail,1,122,ZEACBIUBSOLEGW-QAITUMOCNA-N,-11.104
MMP13,m02,mut_s1,detail,1,123,UBFCDXVLKFOOGL-OKPOJWAQNA-N,-9.277
MMP13,m02,mut_s1,detail,1,124,RRIHVAFUFDANEX-NSJMMFDCNA-N,-7.184
MMP13,m02,mut_s1,detail,1,125,HASIAUWPWKTSBW-SREBMQDQNA-N,-8.167
MMP13,m02,mut_s1,detail,1,126,WHBCKYHTCHCHAY-LQFNOIFHNA-N,-8.152
MMP13,m02,mut_s1,detail,1,127,XMAYWYJOQHXEEK-JYFHCDHNNA-N,-9.944
MMP13,m02,mut_s1,detail,1,128,TVKCFCZANTZCSU-OYRHEFFENA-N,-9.533
MMP13,m02,mut_s1,detail,1,129,OJFIIUWPOHBVMH-LNNLXFCONA-N,-7.716
MMP13,m02,mut_s1,detail,1,130,DKLZMGFTGWKNCD-DIRLUKLVNA-N,-9.677
MMP13,m02,mut_s1,detail,1,131,PYSLGWZFRQWTDD-PWIKPTQSNA-N,-9.742
MMP13,m02,mut_s1,detail,1,132,MWMBIUUYBQWKJX-QTUCRYGENA-N,-7.823
MMP13,m02,mut_s1,detail,1,133,FLYQFCXTEFTSQN-UHFFFAOYNA-N,-8.555
MMP13,m02,mut_s1,detail,1,134,PBIBDSDWIMZYDT-WBWGZOKWNA-N,-10.006
MMP13,m02,mut_s1,detail,1,135,GSRWMFGBDLHGBU-YEFLILRRNA-N,-8.253
MMP13,m02,mut_s1,detail,1,136,AYIJJQHMZAEQKE-QDAGQJSJNA-N,-8.114
MMP13,m02,mut_s1,detail,1,137,JVWTZUKPDMRNDC-FSAKADSPNA-N,-10.496
MMP13,m02,mut_s1,detail,1,138,XAZPLOLSRXZDBO-LBZABMTDNA-N,-6.716
MMP13,m02,mut_s1,detail,1,139,RGWVFJBNHCWCTL-CFEGKOCINA-N,-8.491
MMP13,m02,mut_s1,detail,1,140,YYWNRQZCPIMCAK-UHFFFAOYNA-N,-10.219
MMP13,m02,mut_s1,detail,1,141,PBTZDKNKXRSZPM-XBXBPLPCNA-N,-9.253
MMP13,m02,mut_s1,detail,1,142,QQPOIMHFFPBDQM-LELJVTLKNA-N,-8.866
MMP13,m02,mut_s1,detail,1,143,NYFQURFFDGCBCB-MAQJPOOANA-N,-7.496
MMP13,m02,mut_s1,detail,1,144,HXZVHWHABLBWBS-MTTPVDACNA-N,-10.316
MMP13,m02,mut_s1,detail,1,145,IWYYSOJWYLZKLK-LELJVTLKNA-N,-8.761
MMP13,m02,mut_s1,detail,1,146,HOGUCNPGZXMBGW-UHFFFAOYNA-N,-8.731
MMP13,m02,mut_s1,detail,1,147,VITUDJAVASFPKN-DUFUIDNCNA-N,-9.293
MMP13,m02,mut_s1,detail,1,148,IXAHDCRYEUYPBG-SCXYCHFONA-N,-10.739
MMP13,m02,mut_s1,detail,1,149,JWHMEKMLAZQDNS-OZMOGHDGNA-N,-8.376
MMP13,m02,mut_s1,detail,1,150,BZWNBTIJLRHNDZ-LBOYIXSDNA-N,-8.958
MMP13,m02,mut_s1,detail,1,151,RECYROBESYRUML-UHFFFAOYNA-N,-8.695
MMP13,m02,mut_s1,detail,1,152,MLDSJJJLQRZNKW-UHBIVWOUNA-N,-10.571
MMP13,m02,mut_s1,detail,1,153,XTWIHJARHCYNFX-PHXLCVRDNA-N,-8.379
MMP13,m02,mut_s1,detail,1,154,UQGFETVWTRDGKJ-UHFFFAOYNA-N,-7.821
MMP13,m02,mut_s1,detail,1,155,VJFSMDWEMFOWDK-CYSPOYASNA-N,-10.446
MMP13,m02,mut_s1,detail,1,156,NZYLXYBIWNIAGH-CYSPOYASNA-N,-9.721
MMP13,m02,mut_s1,detail,1,157,ODXCWFOKLBJQNP-MPIMZMORNA-N,-8.399
MMP13,m02,mut_s1,detail,1,158,FVDNMAPPDSKXKQ-UHFFFAOYNA-N,-10.653
MMP13,m02,mut_s1,detail,1,159,DOPWMPRIRWTOOD-CCHPKIMANA-N,-9.063
MMP13,m03,mut_s1,detail,1,0,URVMSYHISUZXNH-UYBDAZJANA-N,-9.189
MMP13,m03,mut_s1,detail,1,1,KXRPCFINVWWFHQ-UHFFFAOYNA-N,-4.925
MMP13,m03,mut_s1,detail,1,2,NICJTSHRYBTHAS-YHMJCDSINA-N,-7.856
MMP13,m03,mut_s1,detail,1,3,SWRZVDTZHDWPDS-AWIDAIFANA-N,-9.205
MMP13,m03,mut_s1,detail,1,4,RKNSLLSUFWWYCA-UHFFFAOYNA-N,-8.456
MMP13,m03,mut_s1,detail,1,5,OZFSIKFTRRUDES-RIYZIHGNNA-N,-7.076
MMP13,m03,mut_s1,detail,1,6,AAGGUCRASUJPPN-UHFFFAOYNA-N,-8.033
MMP13,m03,mut_s1,detail,1,7,OYHXDPMAFYHDNG-YAQRNVERNA-N,-8.031
MMP13,m03,mut_s1,detail,1,8,AWILWAIEQYZUEQ-UHFFFAOYNA-N,-7.319
MMP13,m03,mut_s1,detail,1,9,WSFAXHLMQUUHQT-VMPITWQZNA-N,-8.396
MMP13,m03,mut_s1,detail,1,10,WPHMTVNOXKBZKN-UHFFFAOYNA-N,-7.687
MMP13,m03,mut_s1,detail,1,11,LPEIZNODGHDCCW-UHFFFAOYNA-N,-6.338
MMP13,m03,mut_s1,detail,1,12,QQHWWDVSRWOHEP-LILDFLRNNA-N,-7.382
MMP13,m03,mut_s1,detail,1,13,UMEVSSPGBFVQNC-UHFFFAOYNA-N,-7.065
MMP13,m03,mut_s1,detail,1,14,VZDIOEKWWZRNQN-UHFFFAOYNA-N,-8.75
MMP13,m03,mut_s1,detail,1,15,JEVLDOUORFAHRS-NDKGDYFDNA-N,-8.322
MMP13,m03,mut_s1,detail,1,16,NFTGJNJRMWUBPG-GPQMBLKYNA-N,-7.951
MMP13,m03,mut_s1,detail,1,17,UMUUTEZBWGDVDA-UHFFFAOYNA-N,-7.764
MMP13,m03,mut_s1,detail,1,18,VLQKEPLNPGYNDJ-HCKMINDGNA-N,-8.907
MMP13,m03,mut_s1,detail,1,19,PPMVTAATPZLMJM-CDDDEJBQNA-N,-7.262
MMP13,m03,mut_s1,detail,1,20,AHLYFAKLKLMESK-YAQRNVERNA-N,-7.921
MMP13,m03,mut_s1,detail,1,21,GYEJYLAGVWRSIM-KGJHZMDYNA-N,-7.817
MMP13,m03,mut_s1,detail,1,22,RXVALSLAUOIYLW-UHFFFAOYNA-N,-6.654
MMP13,m03,mut_s1,detail,1,23,NSELYIFATLFDOZ-JLGFQASFNA-N,-8.239
MMP13,m03,mut_s1,detail,1,24,COQFBYACOHFCEC-UHFFFAOYNA-N,-7.12
MMP13,m03,mut_s1,detail,1,25,CJGJXFCLDYQBFQ-YJGXKCCXNA-N,-9.424
MMP13,m03,mut_s1,detail,1,26,BWNGRRJLFYHENY-INIZCTEONA-N,-7.122
MMP13,m03,mut_s1,detail,1,27,BNRFXWSJKVJVOF-UYBDAZJANA-N,-9.194
MMP13,m03,mut_s1,detail,1,28,DMULMZBZVBBWBY-PJZINPJWNA-N,-10.006
MMP13,m03,mut_s1,detail,1,29,AXLAIGJGNKHDPO-UHFFFAOYNA-N,-6.179
MMP13,m03,mut_s1,detail,1,30,RKDGAONZEPYEBT-WXRBYKJCNA-N,-6.881
MMP13,m03,mut_s1,detail,1,31,MBOYDUZSCSNUQL-MBBDSNKKNA-N,-8.49
MMP13,m03,mut_s1,detail,1,32,KPVDBHRTXOFQDK-YAQRNVERNA-N,-7.767
MMP13,m03,mut_s1,detail,1,33,LVCNFMYUKISBSB-VJSNTGQMNA-N,-8.489
MMP13,m03,mut_s1,detail,1,34,XLAHCIRKLMJUQC-DZQCGVKKNA-N,-8.855
MMP13,m03,mut_s1,detail,1,35,QNYHDABGLCBJOE-SHHGZXMVNA-N,-9.165
MMP13,m03,mut_s1,detail,1,36,HEKNRISBWSPMOG-OWTLIXCDNA-N,-6.73
MMP13,m03,mut_s1,detail,1,37,VIRNXCRLEVZXNX-LILDFLRNNA-N,-10.413
MMP13,m03,mut_s1,detail,1,38,SRTGERSEXJGDMR-UHFFFAOYNA-N,-6.39
MMP13,m03,mut_s1,detail,1,39,ZGMGSSRLZJYOKH-WXRBYKJCNA-N,-7.39
MMP13,m03,mut_s1,detail,1,40,VGYFDFRFGHHCDA-CUTUCBJDNA-N,-8.301
MMP13,m03,mut_s1,detail,1,41,DILPMLYWQJPNLO-HCKMINDGNA-N,-8.809
MMP13,m03,mut_s1,detail,1,42,RSOODJIGEVJLMK-LQFNOIFHNA-N,-8.98
MMP13,m03,mut_s1,detail,1,43,OWHHWMUAYBIQPR-UHFFFAOYNA-N,-8.978
MMP13,m03,mut_s1,detail,1,44,KPIKMVZJKZDOFC-UHFFFAOYNA-N,-9.531
MMP13,m03,mut_s1,detail,1,45,DIKDKRUREJXLMR-DPMTXJEANA-N,-10.188
MMP13,m03,mut_s1,detail,1,46,QRVJDPKQHAVBDK-UYBDAZJANA-N,-8.508
MMP13,m03,mut_s1,detail,1,47,SGBSFKSDPWOALT-UYBDAZJANA-N,-9.332
MMP13,m03,mut_s1,detail,1,48,CYHFRNFVZWVHCG-OTJKMEOQNA-N,-7.362
MMP13,m03,mut_s1,detail,1,49,MJUDQDHXCQONOA-MPIMZMORNA-N,-9.569
MMP13,m03,mut_s1,detail,1,50,RNVYRNLUUYNQAS-PKSOQXRJNA-N,-8.124
MMP13,m03,mut_s1,detail,1,51,DLZXOZYETDVJEB-QWOVJGMINA-N,-6.686
MMP13,m03,mut_s1,detail,1,52,HSICVZRDGBJSEL-GPQMBLKYNA-N,-7.706
MMP13,m03,mut_s1,detail,1,53,HMRUHHFLIMYEAF-QNGOCPJXNA-N,-7.447
MMP13,m03,mut_s1,detail,1,54,ZZOWQPSBJUXHCA-YSPRVCGUNA-N,-9.548
MMP13,m03,mut_s1,detail,1,55,WDDJLHOUFWSQSV-UHFFFAOYNA-N,-8.584
MMP13,m03,mut_s1,detail,1,56,UKLIIGXGTPSYBF-IBCWCQIKNA-N,-9.186
MMP13,m03,mut_s1,detail,1,57,LNPOBRXJZYGQMS-MOHJPFBDNA-N,-8.942
MMP13,m03,mut_s1,detail,1,58,FYILBFPPKIZBTO-UHFFFAOYNA-N,-7.706
MMP13,m03,mut_s1,detail,1,59,MIKIJFODTJGFDI-LILDFLRNNA-N,-8.297
MMP13,m03,mut_s1,detail,1,60,RUWCNSLWWCWTSU-LILDFLRNNA-N,-9.028
MMP13,m03,mut_s1,detail,1,61,KLQWCHKIQJHYIB-UHFFFAOYNA-N,-9.191
MMP13,m03,mut_s1,detail,1,62,QKAWGENQCGFAOE-NPVYFSBINA-N,-7.926
MMP13,m03,mut_s1,detail,1,63,KGOKCBRZBBEYBE-MMRXBHCZNA-N,-9.617
MMP13,m03,mut_s1,detail,1,64,ROFRXCLSWKEWTN-UHFFFAOYNA-N,-8.814
MMP13,m03,mut_s1,detail,1,65,AKRMJNKLSCBEME-FPYGCLRLNA-N,-7.89
MMP13,m03,mut_s1,detail,1,66,LCGJUJZLLYTYIF-XMFFZCEENA-N,-8.42
MMP13,m03,mut_s1,detail,1,67,FREQNFSEYLEFOI-QRCVEOAVNA-N,-8.099
MMP13,m03,mut_s1,detail,1,68,MHMINAYLMNBGSM-UHFFFAOYNA-N,-7.1
MMP13,m03,mut_s1,detail,1,69,SYMNTBHEGHFZMV-UHFFFAOYNA-N,-7.802
MMP13,m03,mut_s1,detail,1,70,NNCRWGMPCGSKOO-LILDFLRNNA-N,-7.79
MMP13,m03,mut_s1,detail,1,71,ZCRRNCCNJMRGFI-UHFFFAOYNA-N,-9.191
MMP13,m03,mut_s1,detail,1,72,PYVZEIBGEUQNQQ-UHFFFAOYNA-N,-7.863
MMP13,m03,mut_s1,detail,1,73,OROJQWVRCGJACT-XBTAAFKLNA-N,-10.242
MMP13,m03,mut_s1,detail,1,74,TXYUWXKCUDOUGU-JLGFQASFNA-N,-7.427
MMP13,m03,mut_s1,detail,1,75,LAZANALODSEDSE-UHFFFAOYNA-N,-7.116
MMP13,m03,mut_s1,detail,1,76,RJXCYVJLXGRCHK-UHFFFAOYNA-N,-9.098
MMP13,m03,mut_s1,detail,1,77,FUSKIBWHJAWEFI-IEJAXPBYNA-N,-9.259
MMP13,m03,mut_s1,detail,1,78,SGWVLOCBQLQWQV-UHFFFAOYNA-N,-9.617
MMP13,m03,mut_s1,detail,1,79,PPXRQTYXLZCDAZ-QWOVJGMINA-N,-9.002
MMP13,m03,mut_s1,detail,1,80,DIFBADFWLVYFHV-LELJVTLKNA-N,-9.895
MMP13,m03,mut_s1,detail,1,81,XREOSEVJCQGCHE-MHPMNMKGNA-N,-8.839
MMP13,m03,mut_s1,detail,1,82,ZHGPKHBXSKWZEQ-UHFFFAOYNA-N,-7.787
MMP13,m03,mut_s1,detail,1,83,ZFAYPJJNPSNAFK-UHFFFAOYNA-N,-8.33
MMP13,m03,mut_s1,detail,1,84,LTXMRAGWIDQTQT-MYUTVWBTNA-N,-9.787
MMP13,m03,mut_s1,detail,1,85,VXQHYHSSGLOALC-SPEPDGBUNA-N,-11.038
MMP13,m03,mut_s1,detail,1,86,KWDSFRAWCISROF-PJQSKVNONA-N,-9.294
MMP13,m03,mut_s1,detail,1,87,ZJZXSQPHUQUHIV-ZGZFQTMPNA-N,-9.835
MMP13,m03,mut_s1,detail,1,88,UYHIVPBYFWVWEJ-UHFFFAOYNA-N,-9.517
MMP13,m03,mut_s1,detail,1,89,PLEFJSUCKRWHBY-LNNLXFCONA-N,-9.341
MMP13,m03,mut_s1,detail,1,90,DNSRQCRQLKJUCC-PDJAEHLQNA-N,-8.036
MMP13,m03,mut_s1,detail,1,91,PHYKZCBUNVYJNH-YDBXFXKPNA-N,-7.842
MMP13,m03,mut_s1,detail,1,92,OOUHZBUAVKCDGA-UHFFFAOYNA-N,-9.09
MMP13,m03,mut_s1,detail,1,93,UUQDFZFJDFMLHW-UHFFFAOYNA-N,-9.018
MMP13,m03,mut_s1,detail,1,94,OOUDDHNLDLLUOL-SKKVRFOWNA-N,-9.05
MMP13,m03,mut_s1,detail,1,95,ZDMQSUAMTLXUTE-MPIMZMORNA-N,-8.437
MMP13,m03,mut_s1,detail,1,96,NMPLPABDEKPABN-UHFFFAOYNA-N,-8.959
MMP13,m03,mut_s1,detail,1,97,INZRHGSVWGRHBM-NPVYFSBINA-N,-9.5
MMP13,m03,mut_s1,detail,1,98,RVGCWMKVTAEQIH-LNNLXFCONA-N,-9.975
MMP13,m03,mut_s1,detail,1,99,VRXWKRQOVMZBAF-LJQANCHMNA-N,-8.176
MMP13,m03,mut_s1,detail,1,100,QACLWOIBBYOHQP-UYBDAZJANA-N,-7.473
MMP13,m03,mut_s1,detail,1,101,ZNXSZVFPCBIELQ-LNNLXFCONA-N,-8.495
MMP13,m03,mut_s1,detail,1,102,GKMWCCNMKRSQHR-VEKUMTKDNA-N,-8.622
MMP13,m03,mut_s1,detail,1,103,FFGUSRSMWFYKGK-SKKVRFOWNA-N,-9.687
MMP13,m03,mut_s1,detail,1,104,KXBDDGKXLZBLOM-SPEPDGBUNA-N,-8.461
MMP13,m03,mut_s1,detail,1,105,MIUWULAZCXYTJW-MSHHZIMBNA-N,-9.967
MMP13,m03,mut_s1,detail,1,106,JPZOYWVRFLZCIC-NJNXFGOHNA-N,-9.203
MMP13,m03,mut_s1,detail,1,107,FAIQTLBYDVKBAB-DVIAZDKANA-N,-8.755
MMP13,m03,mut_s1,detail,1,108,APFLRZZAOXCNAZ-UHFFFAOYNA-N,-8.326
MMP13,m03,mut_s1,detail,1,109,BSQLDSQTGOZBFD-UHFFFAOYNA-N,-8.125
MMP13,m03,mut_s1,detail,1,110,ZVVCFJXCDATSCC-UHFFFAOYNA-N,-9.923
MMP13,m03,mut_s1,detail,1,111,SKEQTXZATFWVMB-UYBDAZJANA-N,-8.356
MMP13,m03,mut_s1,detail,1,112,IATWYRHDJKMBQK-MPIMZMORNA-N,-8.791
MMP13,m03,mut_s1,detail,1,113,JPWOEQDCUZCWKT-MPIMZMORNA-N,-7.588
MMP13,m03,mut_s1,detail,1,114,RYHSAXRBHDHPPK-PKSOQXRJNA-N,-8.282
MMP13,m03,mut_s1,detail,1,115,GKKJWUFVZJJFPG-MPIMZMORNA-N,-9.278
MMP13,m03,mut_s1,detail,1,116,FDNZXFDUCINVLY-BDGWVKIONA-N,-8.637
MMP13,m03,mut_s1,detail,1,117,KTBYKHKWIFIFAK-UHFFFAOYNA-N,-10.057
MMP13,m03,mut_s1,detail,1,118,ZRXZEWGUECXTTQ-LQFNOIFHNA-N,-9.585
MMP13,m03,mut_s1,detail,1,119,XNACBBGLIAJNJM-PECIQRARNA-N,-7.534
MMP13,m03,mut_s1,detail,1,120,WQZYYJRVBIQUGH-YWZOXAELNA-N,-10.687
MMP13,m03,mut_s1,detail,1,121,ABMSRNRLDZVJFV-SWUIVHNENA-N,-8.948
MMP13,m03,mut_s1,detail,1,122,ZEACBIUBSOLEGW-QAITUMOCNA-N,-9.915
MMP13,m03,mut_s1,detail,1,123,UBFCDXVLKFOOGL-OKPOJWAQNA-N,-9.025
MMP13,m03,mut_s1,detail,1,124,RRIHVAFUFDANEX-NSJMMFDCNA-N,-8.225
MMP13,m03,mut_s1,detail,1,125,HASIAUWPWKTSBW-SREBMQDQNA-N,-8.167
MMP13,m03,mut_s1,detail,1,126,WHBCKYHTCHCHAY-LQFNOIFHNA-N,-10.859
MMP13,m03,mut_s1,detail,1,127,XMAYWYJOQHXEEK-JYFHCDHNNA-N,-10.757
MMP13,m03,mut_s1,detail,1,128,TVKCFCZANTZCSU-OYRHEFFENA-N,-10.488
MMP13,m03,mut_s1,detail,1,129,OJFIIUWPOHBVMH-LNNLXFCONA-N,-6.434
MMP13,m03,mut_s1,detail,1,130,DKLZMGFTGWKNCD-DIRLUKLVNA-N,-10.411
MMP13,m03,mut_s1,detail,1,131,PYSLGWZFRQWTDD-PWIKPTQSNA-N,-10.885
MMP13,m03,mut_s1,detail,1,132,MWMBIUUYBQWKJX-QTUCRYGENA-N,-9.139
MMP13,m03,mut_s1,detail,1,133,FLYQFCXTEFTSQN-UHFFFAOYNA-N,-9.586
MMP13,m03,mut_s1,detail,1,134,PBIBDSDWIMZYDT-WBWGZOKWNA-N,-9.366
MMP13,m03,mut_s1,detail,1,135,GSRWMFGBDLHGBU-YEFLILRRNA-N,-8.216
MMP13,m03,mut_s1,detail,1,136,AYIJJQHMZAEQKE-QDAGQJSJNA-N,-7.963
MMP13,m03,mut_s1,detail,1,137,JVWTZUKPDMRNDC-FSAKADSPNA-N,-9.186
MMP13,m03,mut_s1,detail,1,138,XAZPLOLSRXZDBO-LBZABMTDNA-N,-8.055
MMP13,m03,mut_s1,detail,1,139,RGWVFJBNHCWCTL-CFEGKOCINA-N,-9.297
MMP13,m03,mut_s1,detail,1,140,YYWNRQZCPIMCAK-UHFFFAOYNA-N,-10.646
MMP13,m03,mut_s1,detail,1,141,PBTZDKNKXRSZPM-XBXBPLPCNA-N,-9.986
MMP13,m03,mut_s1,detail,1,142,QQPOIMHFFPBDQM-LELJVTLKNA-N,-9.969
MMP13,m03,mut_s1,detail,1,143,NYFQURFFDGCBCB-MAQJPOOANA-N,-9.159
MMP13,m03,mut_s1,detail,1,144,HXZVHWHABLBWBS-MTTPVDACNA-N,-10.174
MMP13,m03,mut_s1,detail,1,145,IWYYSOJWYLZKLK-LELJVTLKNA-N,-8.478
MMP13,m03,mut_s1,detail,1,146,HOGUCNPGZXMBGW-UHFFFAOYNA-N,-9.446
MMP13,m03,mut_s1,detail,1,147,VITUDJAVASFPKN-DUFUIDNCNA-N,-9.495
MMP13,m03,mut_s1,detail,1,148,IXAHDCRYEUYPBG-SCXYCHFONA-N,-10.356
MMP13,m03,mut_s1,detail,1,149,JWHMEKMLAZQDNS-OZMOGHDGNA-N,-9.009
MMP13,m03,mut_s1,detail,1,150,BZWNBTIJLRHNDZ-LBOYIXSDNA-N,-9.054
MMP13,m03,mut_s1,detail,1,151,RECYROBESYRUML-UHFFFAOYNA-N,-8.683
MMP13,m03,mut_s1,detail,1,152,MLDSJJJLQRZNKW-UHBIVWOUNA-N,-10.387
MMP13,m03,mut_s1,detail,1,153,XTWIHJARHCYNFX-PHXLCVRDNA-N,-9.103
MMP13,m03,mut_s1,detail,1,154,UQGFETVWTRDGKJ-UHFFFAOYNA-N,-8.302
MMP13,m03,mut_s1,detail,1,155,VJFSMDWEMFOWDK-CYSPOYASNA-N,-10.751
MMP13,m03,mut_s1,detail,1,156,NZYLXYBIWNIAGH-CYSPOYASNA-N,-10.994
MMP13,m03,mut_s1,detail,1,157,ODXCWFOKLBJQNP-MPIMZMORNA-N,-9.046
MMP13,m03,mut_s1,detail,1,158,FVDNMAPPDSKXKQ-UHFFFAOYNA-N,-10.876
MMP13,m03,mut_s1,detail,1,159,DOPWMPRIRWTOOD-CCHPKIMANA-N,-8.789
MMP13,m04,mut_s1,detail,1,0,URVMSYHISUZXNH-UYBDAZJANA-N,-8.615
MMP13,m04,mut_s1,detail,1,1,KXRPCFINVWWFHQ-UHFFFAOYNA-N,-4.724
MMP13,m04,mut_s1,detail,1,2,NICJTSHRYBTHAS-YHMJCDSINA-N,-6.759
MMP13,m04,mut_s1,detail,1,3,SWRZVDTZHDWPDS-AWIDAIFANA-N,-8.592
MMP13,m04,mut_s1,detail,1,4,RKNSLLSUFWWYCA-UHFFFAOYNA-N,-7.893
MMP13,m04,mut_s1,detail,1,5,OZFSIKFTRRUDES-RIYZIHGNNA-N,-6.028
MMP13,m04,mut_s1,detail,1,6,AAGGUCRASUJPPN-UHFFFAOYNA-N,-7.526
MMP13,m04,mut_s1,detail,1,7,OYHXDPMAFYHDNG-YAQRNVERNA-N,-7.434
MMP13,m04,mut_s1,detail,1,8,AWILWAIEQYZUEQ-UHFFFAOYNA-N,-6.607
MMP13,m04,mut_s1,detail,1,9,WSFAXHLMQUUHQT-VMPITWQZNA-N,-7.921
MMP13,m04,mut_s1,detail,1,10,WPHMTVNOXKBZKN-UHFFFAOYNA-N,-7.007
MMP13,m04,mut_s1,detail,1,11,LPEIZNODGHDCCW-UHFFFAOYNA-N,-5.309
MMP13,m04,mut_s1,detail,1,12,QQHWWDVSRWOHEP-LILDFLRNNA-N,-6.696
MMP13,m04,mut_s1,detail,1,13,UMEVSSPGBFVQNC-UHFFFAOYNA-N,-6.426
MMP13,m04,mut_s1,detail,1,14,VZDIOEKWWZRNQN-UHFFFAOYNA-N,-7.66
MMP13,m04,mut_s1,detail,1,15,JEVLDOUORFAHRS-NDKGDYFDNA-N,-7.16
MMP13,m04,mut_s1,detail,1,16,NFTGJNJRMWUBPG-GPQMBLKYNA-N,-7.15
MMP13,m04,mut_s1,detail,1,17,UMUUTEZBWGDVDA-UHFFFAOYNA-N,-7.288
MMP13,m04,mut_s1,detail,1,18,VLQKEPLNPGYNDJ-HCKMINDGNA-N,-7.914
MMP13,m04,mut_s1,detail,1,19,PPMVTAATPZLMJM-CDDDEJBQNA-N,-7.2
MMP13,m04,mut_s1,detail,1,20,AHLYFAKLKLMESK-YAQRNVERNA-N,-6.789
MMP13,m04,mut_s1,detail,1,21,GYEJYLAGVWRSIM-KGJHZMDYNA-N,-7.41
MMP13,m04,mut_s1,detail,1,22,RXVALSLAUOIYLW-UHFFFAOYNA-N,-6.063
MMP13,m04,mut_s1,detail,1,23,NSELYIFATLFDOZ-JLGFQASFNA-N,-7.469
MMP13,m04,mut_s1,detail,1,24,COQFBYACOHFCEC-UHFFFAOYNA-N,-6.639
MMP13,m04,mut_s1,detail,1,25,CJGJXFCLDYQBFQ-YJGXKCCXNA-N,-8.289
MMP13,m04,mut_s1,detail,1,26,BWNGRRJLFYHENY-INIZCTEONA-N,-7.163
MMP13,m04,mut_s1,detail,1,27,BNRFXWSJKVJVOF-UYBDAZJANA-N,-8.679
MMP13,m04,mut_s1,detail,1,28,DMULMZBZVBBWBY-PJZINPJWNA-N,-9.081
MMP13,m04,mut_s1,detail,1,29,AXLAIGJGNKHDPO-UHFFFAOYNA-N,-5.949
MMP13,m04,mut_s1,detail,1,30,RKDGAONZEPYEBT-WXRBYKJCNA-N,-6.342
MMP13,m04,mut_s1,detail,1,31,MBOYDUZSCSNUQL-MBBDSNKKNA-N,-7.494
MMP13,m04,mut_s1,detail,1,32,KPVDBHRTXOFQDK-YAQRNVERNA-N,-7.15
MMP13,m04,mut_s1,detail,1,33,LVCNFMYUKISBSB-VJSNTGQMNA-N,-7.648
MMP13,m04,mut_s1,detail,1,34,XLAHCIRKLMJUQC-DZQCGVKKNA-N,-8.06
MMP13,m04,mut_s1,detail,1,35,QNYHDABGLCBJOE-SHHGZXMVNA-N,-8.008
MMP13,m04,mut_s1,detail,1,36,HEKNRISBWSPMOG-OWTLIXCDNA-N,-6.104
MMP13,m04,mut_s1,detail,1,37,VIRNXCRLEVZXNX-LILDFLRNNA-N,-9.156
MMP13,m04,mut_s1,detail,1,38,SRTGERSEXJGDMR-UHFFFAOYNA-N,-6.967
MMP13,m04,mut_s1,detail,1,39,ZGMGSSRLZJYOKH-WXRBYKJCNA-N,-6.661
MMP13,m04,mut_s1,detail,1,40,VGYFDFRFGHHCDA-CUTUCBJDNA-N,-8.722
MMP13,m04,mut_s1,detail,1,41,DILPMLYWQJPNLO-HCKMINDGNA-N,-8.063
MMP13,m04,mut_s1,detail,1,42,RSOODJIGEVJLMK-LQFNOIFHNA-N,-8.286
MMP13,m04,mut_s1,detail,1,43,OWHHWMUAYBIQPR-UHFFFAOYNA-N,-8.841
MMP13,m04,mut_s1,detail,1,44,KPIKMVZJKZDOFC-UHFFFAOYNA-N,-7.733
MMP13,m04,mut_s1,detail,1,45,DIKDKRUREJXLMR-DPMTXJEANA-N,-8.964
MMP13,m04,mut_s1,detail,1,46,QRVJDPKQHAVBDK-UYBDAZJANA-N,-7.659
MMP13,m04,mut_s1,detail,1,47,SGBSFKSDPWOALT-UYBDAZJANA-N,-8.082
MMP13,m04,mut_s1,detail,1,48,CYHFRNFVZWVHCG-OTJKMEOQNA-N,-6.343
MMP13,m04,mut_s1,detail,1,49,MJUDQDHXCQONOA-MPIMZMORNA-N,-7.502
MMP13,m04,mut_s1,detail,1,50,RNVYRNLUUYNQAS-PKSOQXRJNA-N,-7.581
MMP13,m04,mut_s1,detail,1,51,DLZXOZYETDVJEB-QWOVJGMINA-N,-6.302
MMP13,m04,mut_s1,detail,1,52,HSICVZRDGBJSEL-GPQMBLKYNA-N,-7.484
MMP13,m04,mut_s1,detail,1,53,HMRUHHFLIMYEAF-QNGOCPJXNA-N,-7.861
MMP13,m04,mut_s1,detail,1,54,ZZOWQPSBJUXHCA-YSPRVCGUNA-N,-8.518
MMP13,m04,mut_s1,detail,1,55,WDDJLHOUFWSQSV-UHFFFAOYNA-N,-8.29
MMP13,m04,mut_s1,detail,1,56,UKLIIGXGTPSYBF-IBCWCQIKNA-N,-8.373
MMP13,m04,mut_s1,detail,1,57,LNPOBRXJZYGQMS-MOHJPFBDNA-N,-7.324
MMP13,m04,mut_s1,detail,1,58,FYILBFPPKIZBTO-UHFFFAOYNA-N,-7.056
MMP13,m04,mut_s1,detail,1,59,MIKIJFODTJGFDI-LILDFLRNNA-N,-7.834
MMP13,m04,mut_s1,detail,1,60,RUWCNSLWWCWTSU-LILDFLRNNA-N,-6.777
MMP13,m04,mut_s1,detail,1,61,KLQWCHKIQJHYIB-UHFFFAOYNA-N,-8.849
MMP13,m04,mut_s1,detail,1,62,QKAWGENQCGFAOE-NPVYFSBINA-N,-7.76
MMP13,m04,mut_s1,detail,1,63,KGOKCBRZBBEYBE-MMRXBHCZNA-N,-8.894
MMP13,m04,mut_s1,detail,1,64,ROFRXCLSWKEWTN-UHFFFAOYNA-N,-6.329
MMP13,m04,mut_s1,detail,1,65,AKRMJNKLSCBEME-FPYGCLRLNA-N,-7.384
MMP13,m04,mut_s1,detail,1,66,LCGJUJZLLYTYIF-XMFFZCEENA-N,-8.092
MMP13,m04,mut_s1,detail,1,67,FREQNFSEYLEFOI-QRCVEOAVNA-N,-7.869
MMP13,m04,mut_s1,detail,1,68,MHMINAYLMNBGSM-UHFFFAOYNA-N,-6.488
MMP13,m04,mut_s1,detail,1,69,SYMNTBHEGHFZMV-UHFFFAOYNA-N,-6.528
MMP13,m04,mut_s1,detail,1,70,NNCRWGMPCGSKOO-LILDFLRNNA-N,-7.352
MMP13,m04,mut_s1,detail,1,71,ZCRRNCCNJMRGFI-UHFFFAOYNA-N,-8.161
MMP13,m04,mut_s1,detail,1,72,PYVZEIBGEUQNQQ-UHFFFAOYNA-N,-7.812
MMP13,m04,mut_s1,detail,1,73,OROJQWVRCGJACT-XBTAAFKLNA-N,-8.915
MMP13,m04,mut_s1,detail,1,74,TXYUWXKCUDOUGU-JLGFQASFNA-N,-7.036
MMP13,m04,mut_s1,detail,1,75,LAZANALODSEDSE-UHFFFAOYNA-N,-7.428
MMP13,m04,mut_s1,detail,1,76,RJXCYVJLXGRCHK-UHFFFAOYNA-N,-8.295
MMP13,m04,mut_s1,detail,1,77,FUSKIBWHJAWEFI-IEJAXPBYNA-N,-8.472
MMP13,m04,mut_s1,detail,1,78,SGWVLOCBQLQWQV-UHFFFAOYNA-N,-8.559
MMP13,m04,mut_s1,detail,1,79,PPXRQTYXLZCDAZ-QWOVJGMINA-N,-8.356
MMP13,m04,mut_s1,detail,1,80,DIFBADFWLVYFHV-LELJVTLKNA-N,-8.297
MMP13,m04,mut_s1,detail,1,81,XREOSEVJCQGCHE-MHPMNMKGNA-N,-8.28
MMP13,m04,mut_s1,detail,1,82,ZHGPKHBXSKWZEQ-UHFFFAOYNA-N,-7.55
MMP13,m04,mut_s1,detail,1,83,ZFAYPJJNPSNAFK-UHFFFAOYNA-N,-7.825
MMP13,m04,mut_s1,detail,1,84,LTXMRAGWIDQTQT-MYUTVWBTNA-N,-8.652
MMP13,m04,mut_s1,detail,1,85,VXQHYHSSGLOALC-SPEPDGBUNA-N,-9.674
MMP13,m04,mut_s1,detail,1,86,KWDSFRAWCISROF-PJQSKVNONA-N,-8.388
MMP13,m04,mut_s1,detail,1,87,ZJZXSQPHUQUHIV-ZGZFQTMPNA-N,-9.141
MMP13,m04,mut_s1,detail,1,88,UYHIVPBYFWVWEJ-UHFFFAOYNA-N,-8.695
MMP13,m04,mut_s1,detail,1,89,PLEFJSUCKRWHBY-LNNLXFCONA-N,-8.557
MMP13,m04,mut_s1,detail,1,90,DNSRQCRQLKJUCC-PDJAEHLQNA-N,-7.939
MMP13,m04,mut_s1,detail,1,91,PHYKZCBUNVYJNH-YDBXFXKPNA-N,-7.179
MMP13,m04,mut_s1,detail,1,92,OOUHZBUAVKCDGA-UHFFFAOYNA-N,-8.291
MMP13,m04,mut_s1,detail,1,93,UUQDFZFJDFMLHW-UHFFFAOYNA-N,-8.101
MMP13,m04,mut_s1,detail,1,94,OOUDDHNLDLLUOL-SKKVRFOWNA-N,-8.173
MMP13,m04,mut_s1,detail,1,95,ZDMQSUAMTLXUTE-MPIMZMORNA-N,-8.241
MMP13,m04,mut_s1,detail,1,96,NMPLPABDEKPABN-UHFFFAOYNA-N,-8.605
MMP13,m04,mut_s1,detail,1,97,INZRHGSVWGRHBM-NPVYFSBINA-N,-9.05
MMP13,m04,mut_s1,detail,1,98,RVGCWMKVTAEQIH-LNNLXFCONA-N,-8.894
MMP13,m04,mut_s1,detail,1,99,VRXWKRQOVMZBAF-LJQANCHMNA-N,-7.912
MMP13,m04,mut_s1,detail,1,100,QACLWOIBBYOHQP-UYBDAZJANA-N,-8.006
MMP13,m04,mut_s1,detail,1,101,ZNXSZVFPCBIELQ-LNNLXFCONA-N,-7.895
MMP13,m04,mut_s1,detail,1,102,GKMWCCNMKRSQHR-VEKUMTKDNA-N,-8.42
MMP13,m04,mut_s1,detail,1,103,FFGUSRSMWFYKGK-SKKVRFOWNA-N,-8.711
MMP13,m04,mut_s1,detail,1,104,KXBDDGKXLZBLOM-SPEPDGBUNA-N,-8.224
MMP13,m04,mut_s1,detail,1,105,MIUWULAZCXYTJW-MSHHZIMBNA-N,-8.704
MMP13,m04,mut_s1,detail,1,106,JPZOYWVRFLZCIC-NJNXFGOHNA-N,-8.468
MMP13,m04,mut_s1,detail,1,107,FAIQTLBYDVKBAB-DVIAZDKANA-N,-8.593
MMP13,m04,mut_s1,detail,1,108,APFLRZZAOXCNAZ-UHFFFAOYNA-N,-7.924
MMP13,m04,mut_s1,detail,1,109,BSQLDSQTGOZBFD-UHFFFAOYNA-N,-7.622
MMP13,m04,mut_s1,detail,1,110,ZVVCFJXCDATSCC-UHFFFAOYNA-N,-8.976
MMP13,m04,mut_s1,detail,1,111,SKEQTXZATFWVMB-UYBDAZJANA-N,-7.778
MMP13,m04,mut_s1,detail,1,112,IATWYRHDJKMBQK-MPIMZMORNA-N,-7.65
MMP13,m04,mut_s1,detail,1,113,JPWOEQDCUZCWKT-MPIMZMORNA-N,-7.456
MMP13,m04,mut_s1,detail,1,114,RYHSAXRBHDHPPK-PKSOQXRJNA-N,-8.264
MMP13,m04,mut_s1,detail,1,115,GKKJWUFVZJJFPG-MPIMZMORNA-N,-8.318
MMP13,m04,mut_s1,detail,1,116,FDNZXFDUCINVLY-BDGWVKIONA-N,-8.027
MMP13,m04,mut_s1,detail,1,117,KTBYKHKWIFIFAK-UHFFFAOYNA-N,-9.257
MMP13,m04,mut_s1,detail,1,118,ZRXZEWGUECXTTQ-LQFNOIFHNA-N,-8.889
MMP13,m04,mut_s1,detail,1,119,XNACBBGLIAJNJM-PECIQRARNA-N,-6.748
MMP13,m04,mut_s1,detail,1,120,WQZYYJRVBIQUGH-YWZOXAELNA-N,-9.644
MMP13,m04,mut_s1,detail,1,121,ABMSRNRLDZVJFV-SWUIVHNENA-N,-8.558
MMP13,m04,mut_s1,detail,1,122,ZEACBIUBSOLEGW-QAITUMOCNA-N,-9.486
MMP13,m04,mut_s1,detail,1,123,UBFCDXVLKFOOGL-OKPOJWAQNA-N,-8.725
MMP13,m04,mut_s1,detail,1,124,RRIHVAFUFDANEX-NSJMMFDCNA-N,-7.879
MMP13,m04,mut_s1,detail,1,125,HASIAUWPWKTSBW-SREBMQDQNA-N,-7.863
MMP13,m04,mut_s1,detail,1,126,WHBCKYHTCHCHAY-LQFNOIFHNA-N,-9.796
MMP13,m04,mut_s1,detail,1,127,XMAYWYJOQHXEEK-JYFHCDHNNA-N,-9.223
MMP13,m04,mut_s1,detail,1,128,TVKCFCZANTZCSU-OYRHEFFENA-N,-9.662
MMP13,m04,mut_s1,detail,1,129,OJFIIUWPOHBVMH-LNNLXFCONA-N,-7.257
MMP13,m04,mut_s1,detail,1,130,DKLZMGFTGWKNCD-DIRLUKLVNA-N,-9.711
MMP13,m04,mut_s1,detail,1,131,PYSLGWZFRQWTDD-PWIKPTQSNA-N,-10.301
MMP13,m04,mut_s1,detail,1,132,MWMBIUUYBQWKJX-QTUCRYGENA-N,-7.966
MMP13,m04,mut_s1,detail,1,133,FLYQFCXTEFTSQN-UHFFFAOYNA-N,-8.539
MMP13,m04,mut_s1,detail,1,134,PBIBDSDWIMZYDT-WBWGZOKWNA-N,-8.055
MMP13,m04,mut_s1,detail,1,135,GSRWMFGBDLHGBU-YEFLILRRNA-N,-7.771
MMP13,m04,mut_s1,detail,1,136,AYIJJQHMZAEQKE-QDAGQJSJNA-N,-8.39
MMP13,m04,mut_s1,detail,1,137,JVWTZUKPDMRNDC-FSAKADSPNA-N,-9.796
MMP13,m04,mut_s1,detail,1,138,XAZPLOLSRXZDBO-LBZABMTDNA-N,-7.859
MMP13,m04,mut_s1,detail,1,139,RGWVFJBNHCWCTL-CFEGKOCINA-N,-8.855
MMP13,m04,mut_s1,detail,1,140,YYWNRQZCPIMCAK-UHFFFAOYNA-N,-9.602
MMP13,m04,mut_s1,detail,1,141,PBTZDKNKXRSZPM-XBXBPLPCNA-N,-8.712
MMP13,m04,mut_s1,detail,1,142,QQPOIMHFFPBDQM-LELJVTLKNA-N,-9.019
MMP13,m04,mut_s1,detail,1,143,NYFQURFFDGCBCB-MAQJPOOANA-N,-7.911
MMP13,m04,mut_s1,detail,1,144,HXZVHWHABLBWBS-MTTPVDACNA-N,-9.765
MMP13,m04,mut_s1,detail,1,145,IWYYSOJWYLZKLK-LELJVTLKNA-N,-8.086
MMP13,m04,mut_s1,detail,1,146,HOGUCNPGZXMBGW-UHFFFAOYNA-N,-8.272
MMP13,m04,mut_s1,detail,1,147,VITUDJAVASFPKN-DUFUIDNCNA-N,-9.345
MMP13,m04,mut_s1,detail,1,148,IXAHDCRYEUYPBG-SCXYCHFONA-N,-9.848
MMP13,m04,mut_s1,detail,1,149,JWHMEKMLAZQDNS-OZMOGHDGNA-N,-8.198
MMP13,m04,mut_s1,detail,1,150,BZWNBTIJLRHNDZ-LBOYIXSDNA-N,-8.686
MMP13,m04,mut_s1,detail,1,151,RECYROBESYRUML-UHFFFAOYNA-N,-8.325
MMP13,m04,mut_s1,detail,1,152,MLDSJJJLQRZNKW-UHBIVWOUNA-N,-9.305
MMP13,m04,mut_s1,detail,1,153,XTWIHJARHCYNFX-PHXLCVRDNA-N,-8.221
MMP13,m04,mut_s1,detail,1,154,UQGFETVWTRDGKJ-UHFFFAOYNA-N,-7.715
MMP13,m04,mut_s1,detail,1,155,VJFSMDWEMFOWDK-CYSPOYASNA-N,-9.708
MMP13,m04,mut_s1,detail,1,156,NZYLXYBIWNIAGH-CYSPOYASNA-N,-9.605
MMP13,m04,mut_s1,detail,1,157,ODXCWFOKLBJQNP-MPIMZMORNA-N,-7.705
MMP13,m04,mut_s1,detail,1,158,FVDNMAPPDSKXKQ-UHFFFAOYNA-N,-10.025
MMP13,m04,mut_s1,detail,1,159,DOPWMPRIRWTOOD-CCHPKIMANA-N,-8.732
MMP13,m05,mut_s1,detail,1,0,URVMSYHISUZXNH-UYBDAZJANA-N,-9.27
MMP13,m05,mut_s1,detail,1,1,KXRPCFINVWWFHQ-UHFFFAOYNA-N,-5.174
MMP13,m05,mut_s1,detail,1,2,NICJTSHRYBTHAS-YHMJCDSINA-N,-7.209
MMP13,m05,mut_s1,detail,1,3,SWRZVDTZHDWPDS-AWIDAIFANA-N,-9.213
MMP13,m05,mut_s1,detail,1,4,RKNSLLSUFWWYCA-UHFFFAOYNA-N,-7.913
MMP13,m05,mut_s1,detail,1,5,OZFSIKFTRRUDES-RIYZIHGNNA-N,-6.605
MMP13,m05,mut_s1,detail,1,6,AAGGUCRASUJPPN-UHFFFAOYNA-N,-8.277
MMP13,m05,mut_s1,detail,1,7,OYHXDPMAFYHDNG-YAQRNVERNA-N,-7.682
MMP13,m05,mut_s1,detail,1,8,AWILWAIEQYZUEQ-UHFFFAOYNA-N,-6.763
MMP13,m05,mut_s1,detail,1,9,WSFAXHLMQUUHQT-VMPITWQZNA-N,-8.253
MMP13,m05,mut_s1,detail,1,10,WPHMTVNOXKBZKN-UHFFFAOYNA-N,-7.367
MMP13,m05,mut_s1,detail,1,11,LPEIZNODGHDCCW-UHFFFAOYNA-N,-6.494
MMP13,m05,mut_s1,detail,1,12,QQHWWDVSRWOHEP-LILDFLRNNA-N,-6.922
MMP13,m05,mut_s1,detail,1,13,UMEVSSPGBFVQNC-UHFFFAOYNA-N,-6.821
MMP13,m05,mut_s1,detail,1,14,VZDIOEKWWZRNQN-UHFFFAOYNA-N,-8.587
MMP13,m05,mut_s1,detail,1,15,JEVLDOUORFAHRS-NDKGDYFDNA-N,-7.077
MMP13,m05,mut_s1,detail,1,16,NFTGJNJRMWUBPG-GPQMBLKYNA-N,-7.656
MMP13,m05,mut_s1,detail,1,17,UMUUTEZBWGDVDA-UHFFFAOYNA-N,-7.466
MMP13,m05,mut_s1,detail,1,18,VLQKEPLNPGYNDJ-HCKMINDGNA-N,-8.495
MMP13,m05,mut_s1,detail,1,19,PPMVTAATPZLMJM-CDDDEJBQNA-N,-7.484
MMP13,m05,mut_s1,detail,1,20,AHLYFAKLKLMESK-YAQRNVERNA-N,-7.307
MMP13,m05,mut_s1,detail,1,21,GYEJYLAGVWRSIM-KGJHZMDYNA-N,-7.702
MMP13,m05,mut_s1,detail,1,22,RXVALSLAUOIYLW-UHFFFAOYNA-N,-6.129
MMP13,m05,mut_s1,detail,1,23,NSELYIFATLFDOZ-JLGFQASFNA-N,-7.641
MMP13,m05,mut_s1,detail,1,24,COQFBYACOHFCEC-UHFFFAOYNA-N,-6.287
MMP13,m05,mut_s1,detail,1,25,CJGJXFCLDYQBFQ-YJGXKCCXNA-N,-9.133
MMP13,m05,mut_s1,detail,1,26,BWNGRRJLFYHENY-INIZCTEONA-N,-7.285
MMP13,m05,mut_s1,detail,1,27,BNRFXWSJKVJVOF-UYBDAZJANA-N,-9.313
MMP13,m05,mut_s1,detail,1,28,DMULMZBZVBBWBY-PJZINPJWNA-N,-9.681
MMP13,m05,mut_s1,detail,1,29,AXLAIGJGNKHDPO-UHFFFAOYNA-N,-5.626
MMP13,m05,mut_s1,detail,1,30,RKDGAONZEPYEBT-WXRBYKJCNA-N,-6.514
MMP13,m05,mut_s1,detail,1,31,MBOYDUZSCSNUQL-MBBDSNKKNA-N,-8.289
MMP13,m05,mut_s1,detail,1,32,KPVDBHRTXOFQDK-YAQRNVERNA-N,-7.694
MMP13,m05,mut_s1,detail,1,33,LVCNFMYUKISBSB-VJSNTGQMNA-N,-8.253
MMP13,m05,mut_s1,detail,1,34,XLAHCIRKLMJUQC-DZQCGVKKNA-N,-8.894
MMP13,m05,mut_s1,detail,1,35,QNYHDABGLCBJOE-SHHGZXMVNA-N,-8.65
MMP13,m05,mut_s1,detail,1,36,HEKNRISBWSPMOG-OWTLIXCDNA-N,-6.133
MMP13,m05,mut_s1,detail,1,37,VIRNXCRLEVZXNX-LILDFLRNNA-N,-9.929
MMP13,m05,mut_s1,detail,1,38,SRTGERSEXJGDMR-UHFFFAOYNA-N,-7.256
MMP13,m05,mut_s1,detail,1,39,ZGMGSSRLZJYOKH-WXRBYKJCNA-N,-6.845
MMP13,m05,mut_s1,detail,1,40,VGYFDFRFGHHCDA-CUTUCBJDNA-N,-9.308
MMP13,m05,mut_s1,detail,1,41,DILPMLYWQJPNLO-HCKMINDGNA-N,-7.907
MMP13,m05,mut_s1,detail,1,42,RSOODJIGEVJLMK-LQFNOIFHNA-N,-9.703
MMP13,m05,mut_s1,detail,1,43,OWHHWMUAYBIQPR-UHFFFAOYNA-N,-9.554
MMP13,m05,mut_s1,detail,1,44,KPIKMVZJKZDOFC-UHFFFAOYNA-N,-8.744
MMP13,m05,mut_s1,detail,1,45,DIKDKRUREJXLMR-DPMTXJEANA-N,-9.639
MMP13,m05,mut_s1,detail,1,46,QRVJDPKQHAVBDK-UYBDAZJANA-N,-7.748
MMP13,m05,mut_s1,detail,1,47,SGBSFKSDPWOALT-UYBDAZJANA-N,-9.028
MMP13,m05,mut_s1,detail,1,48,CYHFRNFVZWVHCG-OTJKMEOQNA-N,-8.341
MMP13,m05,mut_s1,detail,1,49,MJUDQDHXCQONOA-MPIMZMORNA-N,-7.249
MMP13,m05,mut_s1,detail,1,50,RNVYRNLUUYNQAS-PKSOQXRJNA-N,-7.365
MMP13,m05,mut_s1,detail,1,51,DLZXOZYETDVJEB-QWOVJGMINA-N,-5.984
MMP13,m05,mut_s1,detail,1,52,HSICVZRDGBJSEL-GPQMBLKYNA-N,-7.749
MMP13,m05,mut_s1,detail,1,53,HMRUHHFLIMYEAF-QNGOCPJXNA-N,-8.433
MMP13,m05,mut_s1,detail,1,54,ZZOWQPSBJUXHCA-YSPRVCGUNA-N,-9.163
MMP13,m05,mut_s1,detail,1,55,WDDJLHOUFWSQSV-UHFFFAOYNA-N,-8.626
MMP13,m05,mut_s1,detail,1,56,UKLIIGXGTPSYBF-IBCWCQIKNA-N,-8.704
MMP13,m05,mut_s1,detail,1,57,LNPOBRXJZYGQMS-MOHJPFBDNA-N,-8.147
MMP13,m05,mut_s1,detail,1,58,FYILBFPPKIZBTO-UHFFFAOYNA-N,-7.601
MMP13,m05,mut_s1,detail,1,59,MIKIJFODTJGFDI-LILDFLRNNA-N,-8.664
MMP13,m05,mut_s1,detail,1,60,RUWCNSLWWCWTSU-LILDFLRNNA-N,-7.077
MMP13,m05,mut_s1,detail,1,61,KLQWCHKIQJHYIB-UHFFFAOYNA-N,-9.269
MMP13,m05,mut_s1,detail,1,62,QKAWGENQCGFAOE-NPVYFSBINA-N,-8.213
MMP13,m05,mut_s1,detail,1,63,KGOKCBRZBBEYBE-MMRXBHCZNA-N,-8.983
MMP13,m05,mut_s1,detail,1,64,ROFRXCLSWKEWTN-UHFFFAOYNA-N,-6.724
MMP13,m05,mut_s1,detail,1,65,AKRMJNKLSCBEME-FPYGCLRLNA-N,-7.783
MMP13,m05,mut_s1,detail,1,66,LCGJUJZLLYTYIF-XMFFZCEENA-N,-8.558
MMP13,m05,mut_s1,detail,1,67,FREQNFSEYLEFOI-QRCVEOAVNA-N,-8.469
MMP13,m05,mut_s1,detail,1,68,MHMINAYLMNBGSM-UHFFFAOYNA-N,-6.138
MMP13,m05,mut_s1,detail,1,69,SYMNTBHEGHFZMV-UHFFFAOYNA-N,-7.413
MMP13,m05,mut_s1,detail,1,70,NNCRWGMPCGSKOO-LILDFLRNNA-N,-7.116
MMP13,m05,mut_s1,detail,1,71,ZCRRNCCNJMRGFI-UHFFFAOYNA-N,-9.024
MMP13,m05,mut_s1,detail,1,72,PYVZEIBGEUQNQQ-UHFFFAOYNA-N,-7.798
MMP13,m05,mut_s1,detail,1,73,OROJQWVRCGJACT-XBTAAFKLNA-N,-9.799
MMP13,m05,mut_s1,detail,1,74,TXYUWXKCUDOUGU-JLGFQASFNA-N,-7.097
MMP13,m05,mut_s1,detail,1,75,LAZANALODSEDSE-UHFFFAOYNA-N,-6.648
MMP13,m05,mut_s1,detail,1,76,RJXCYVJLXGRCHK-UHFFFAOYNA-N,-9.186
MMP13,m05,mut_s1,detail,1,77,FUSKIBWHJAWEFI-IEJAXPBYNA-N,-8.863
MMP13,m05,mut_s1,detail,1,78,SGWVLOCBQLQWQV-UHFFFAOYNA-N,-9.496
MMP13,m05,mut_s1,detail,1,79,PPXRQTYXLZCDAZ-QWOVJGMINA-N,-9.298
MMP13,m05,mut_s1,detail,1,80,DIFBADFWLVYFHV-LELJVTLKNA-N,-8.347
MMP13,m05,mut_s1,detail,1,81,XREOSEVJCQGCHE-MHPMNMKGNA-N,-8.846
MMP13,m05,mut_s1,detail,1,82,ZHGPKHBXSKWZEQ-UHFFFAOYNA-N,-7.397
MMP13,m05,mut_s1,detail,1,83,ZFAYPJJNPSNAFK-UHFFFAOYNA-N,-8.008
MMP13,m05,mut_s1,detail,1,84,LTXMRAGWIDQTQT-MYUTVWBTNA-N,-9.569
MMP13,m05,mut_s1,detail,1,85,VXQHYHSSGLOALC-SPEPDGBUNA-N,-10.592
MMP13,m05,mut_s1,detail,1,86,KWDSFRAWCISROF-PJQSKVNONA-N,-7.899
MMP13,m05,mut_s1,detail,1,87,ZJZXSQPHUQUHIV-ZGZFQTMPNA-N,-9.228
MMP13,m05,mut_s1,detail,1,88,UYHIVPBYFWVWEJ-UHFFFAOYNA-N,-8.815
MMP13,m05,mut_s1,detail,1,89,PLEFJSUCKRWHBY-LNNLXFCONA-N,-8.566
MMP13,m05,mut_s1,detail,1,90,DNSRQCRQLKJUCC-PDJAEHLQNA-N,-7.642
MMP13,m05,mut_s1,detail,1,91,PHYKZCBUNVYJNH-YDBXFXKPNA-N,-7.269
MMP13,m05,mut_s1,detail,1,92,OOUHZBUAVKCDGA-UHFFFAOYNA-N,-8.671
MMP13,m05,mut_s1,detail,1,93,UUQDFZFJDFMLHW-UHFFFAOYNA-N,-8.934
MMP13,m05,mut_s1,detail,1,94,OOUDDHNLDLLUOL-SKKVRFOWNA-N,-9.083
MMP13,m05,mut_s1,detail,1,95,ZDMQSUAMTLXUTE-MPIMZMORNA-N,-8.154
MMP13,m05,mut_s1,detail,1,96,NMPLPABDEKPABN-UHFFFAOYNA-N,-9.073
MMP13,m05,mut_s1,detail,1,97,INZRHGSVWGRHBM-NPVYFSBINA-N,-9.012
MMP13,m05,mut_s1,detail,1,98,RVGCWMKVTAEQIH-LNNLXFCONA-N,-9.127
MMP13,m05,mut_s1,detail,1,99,VRXWKRQOVMZBAF-LJQANCHMNA-N,-6.767
MMP13,m05,mut_s1,detail,1,100,QACLWOIBBYOHQP-UYBDAZJANA-N,-7.748
MMP13,m05,mut_s1,detail,1,101,ZNXSZVFPCBIELQ-LNNLXFCONA-N,-8.118
MMP13,m05,mut_s1,detail,1,102,GKMWCCNMKRSQHR-VEKUMTKDNA-N,-8.904
MMP13,m05,mut_s1,detail,1,103,FFGUSRSMWFYKGK-SKKVRFOWNA-N,-9.776
MMP13,m05,mut_s1,detail,1,104,KXBDDGKXLZBLOM-SPEPDGBUNA-N,-7.671
MMP13,m05,mut_s1,detail,1,105,MIUWULAZCXYTJW-MSHHZIMBNA-N,-9.788
MMP13,m05,mut_s1,detail,1,106,JPZOYWVRFLZCIC-NJNXFGOHNA-N,-9.138
MMP13,m05,mut_s1,detail,1,107,FAIQTLBYDVKBAB-DVIAZDKANA-N,-8.607
MMP13,m05,mut_s1,detail,1,108,APFLRZZAOXCNAZ-UHFFFAOYNA-N,-7.992
MMP13,m05,mut_s1,detail,1,109,BSQLDSQTGOZBFD-UHFFFAOYNA-N,-8.269
MMP13,m05,mut_s1,detail,1,110,ZVVCFJXCDATSCC-UHFFFAOYNA-N,-9.566
MMP13,m05,mut_s1,detail,1,111,SKEQTXZATFWVMB-UYBDAZJANA-N,-8.033
MMP13,m05,mut_s1,detail,1,112,IATWYRHDJKMBQK-MPIMZMORNA-N,-8.743
MMP13,m05,mut_s1,detail,1,113,JPWOEQDCUZCWKT-MPIMZMORNA-N,-6.723
MMP13,m05,mut_s1,detail,1,114,RYHSAXRBHDHPPK-PKSOQXRJNA-N,-7.43
MMP13,m05,mut_s1,detail,1,115,GKKJWUFVZJJFPG-MPIMZMORNA-N,-8.67
MMP13,m05,mut_s1,detail,1,116,FDNZXFDUCINVLY-BDGWVKIONA-N,-8.449
MMP13,m05,mut_s1,detail,1,117,KTBYKHKWIFIFAK-UHFFFAOYNA-N,-9.609
MMP13,m05,mut_s1,detail,1,118,ZRXZEWGUECXTTQ-LQFNOIFHNA-N,-8.803
MMP13,m05,mut_s1,detail,1,119,XNACBBGLIAJNJM-PECIQRARNA-N,-7.368
MMP13,m05,mut_s1,detail,1,120,WQZYYJRVBIQUGH-YWZOXAELNA-N,-9.897
MMP13,m05,mut_s1,detail,1,121,ABMSRNRLDZVJFV-SWUIVHNENA-N,-8.51
MMP13,m05,mut_s1,detail,1,122,ZEACBIUBSOLEGW-QAITUMOCNA-N,-9.269
MMP13,m05,mut_s1,detail,1,123,UBFCDXVLKFOOGL-OKPOJWAQNA-N,-9.473
MMP13,m05,mut_s1,detail,1,124,RRIHVAFUFDANEX-NSJMMFDCNA-N,-6.993
MMP13,m05,mut_s1,detail,1,125,HASIAUWPWKTSBW-SREBMQDQNA-N,-8.243
MMP13,m05,mut_s1,detail,1,126,WHBCKYHTCHCHAY-LQFNOIFHNA-N,-8.823
MMP13,m05,mut_s1,detail,1,127,XMAYWYJOQHXEEK-JYFHCDHNNA-N,-9.898
MMP13,m05,mut_s1,detail,1,128,TVKCFCZANTZCSU-OYRHEFFENA-N,-9.338
MMP13,m05,mut_s1,detail,1,129,OJFIIUWPOHBVMH-LNNLXFCONA-N,-6.715
MMP13,m05,mut_s1,detail,1,130,DKLZMGFTGWKNCD-DIRLUKLVNA-N,-10.463
MMP13,m05,mut_s1,detail,1,131,PYSLGWZFRQWTDD-PWIKPTQSNA-N,-10.621
MMP13,m05,mut_s1,detail,1,132,MWMBIUUYBQWKJX-QTUCRYGENA-N,-7.69
MMP13,m05,mut_s1,detail,1,133,FLYQFCXTEFTSQN-UHFFFAOYNA-N,-8.212
MMP13,m05,mut_s1,detail,1,134,PBIBDSDWIMZYDT-WBWGZOKWNA-N,-8.401
MMP13,m05,mut_s1,detail,1,135,GSRWMFGBDLHGBU-YEFLILRRNA-N,-8.131
MMP13,m05,mut_s1,detail,1,136,AYIJJQHMZAEQKE-QDAGQJSJNA-N,-8.916
MMP13,m05,mut_s1,detail,1,137,JVWTZUKPDMRNDC-FSAKADSPNA-N,-9.736
MMP13,m05,mut_s1,detail,1,138,XAZPLOLSRXZDBO-LBZABMTDNA-N,-8.289
MMP13,m05,mut_s1,detail,1,139,RGWVFJBNHCWCTL-CFEGKOCINA-N,-9.196
MMP13,m05,mut_s1,detail,1,140,YYWNRQZCPIMCAK-UHFFFAOYNA-N,-10.171
MMP13,m05,mut_s1,detail,1,141,PBTZDKNKXRSZPM-XBXBPLPCNA-N,-9.335
MMP13,m05,mut_s1,detail,1,142,QQPOIMHFFPBDQM-LELJVTLKNA-N,-9.776
MMP13,m05,mut_s1,detail,1,143,NYFQURFFDGCBCB-MAQJPOOANA-N,-8.519
MMP13,m05,mut_s1,detail,1,144,HXZVHWHABLBWBS-MTTPVDACNA-N,-10.343
MMP13,m05,mut_s1,detail,1,145,IWYYSOJWYLZKLK-LELJVTLKNA-N,-8.5
MMP13,m05,mut_s1,detail,1,146,HOGUCNPGZXMBGW-UHFFFAOYNA-N,-8.983
MMP13,m05,mut_s1,detail,1,147,VITUDJAVASFPKN-DUFUIDNCNA-N,-9.82
MMP13,m05,mut_s1,detail,1,148,IXAHDCRYEUYPBG-SCXYCHFONA-N,-10.106
MMP13,m05,mut_s1,detail,1,149,JWHMEKMLAZQDNS-OZMOGHDGNA-N,-8.181
MMP13,m05,mut_s1,detail,1,150,BZWNBTIJLRHNDZ-LBOYIXSDNA-N,-9.384
MMP13,m05,mut_s1,detail,1,151,RECYROBESYRUML-UHFFFAOYNA-N,-8.456
MMP13,m05,mut_s1,detail,1,152,MLDSJJJLQRZNKW-UHBIVWOUNA-N,-10.061
MMP13,m05,mut_s1,detail,1,153,XTWIHJARHCYNFX-PHXLCVRDNA-N,-8.462
MMP13,m05,mut_s1,detail,1,154,UQGFETVWTRDGKJ-UHFFFAOYNA-N,-7.79
MMP13,m05,mut_s1,detail,1,155,VJFSMDWEMFOWDK-CYSPOYASNA-N,-9.741
MMP13,m05,mut_s1,detail,1,156,NZYLXYBIWNIAGH-CYSPOYASNA-N,-10.078
MMP13,m05,mut_s1,detail,1,157,ODXCWFOKLBJQNP-MPIMZMORNA-N,-8.208
MMP13,m05,mut_s1,detail,1,158,FVDNMAPPDSKXKQ-UHFFFAOYNA-N,-10.409
MMP13,m05,mut_s1,detail,1,159,DOPWMPRIRWTOOD-CCHPKIMANA-N,-8.154
MMP13,m06,mut_s1,detail,1,0,URVMSYHISUZXNH-UYBDAZJANA-N,-9.514
MMP13,m06,mut_s1,detail,1,1,KXRPCFINVWWFHQ-UHFFFAOYNA-N,-5.338
MMP13,m06,mut_s1,detail,1,2,NICJTSHRYBTHAS-YHMJCDSINA-N,-7.351
MMP13,m06,mut_s1,detail,1,3,SWRZVDTZHDWPDS-AWIDAIFANA-N,-9.367
MMP13,m06,mut_s1,detail,1,4,RKNSLLSUFWWYCA-UHFFFAOYNA-N,-8.038
MMP13,m06,mut_s1,detail,1,5,OZFSIKFTRRUDES-RIYZIHGNNA-N,-6.672
MMP13,m06,mut_s1,detail,1,6,AAGGUCRASUJPPN-UHFFFAOYNA-N,-8.072
MMP13,m06,mut_s1,detail,1,7,OYHXDPMAFYHDNG-YAQRNVERNA-N,-8.008
MMP13,m06,mut_s1,detail,1,8,AWILWAIEQYZUEQ-UHFFFAOYNA-N,-7.003
MMP13,m06,mut_s1,detail,1,9,WSFAXHLMQUUHQT-VMPITWQZNA-N,-8.375
MMP13,m06,mut_s1,detail,1,10,WPHMTVNOXKBZKN-UHFFFAOYNA-N,-7.38
MMP13,m06,mut_s1,detail,1,11,LPEIZNODGHDCCW-UHFFFAOYNA-N,-6.072
MMP13,m06,mut_s1,detail,1,12,QQHWWDVSRWOHEP-LILDFLRNNA-N,-7.676
MMP13,m06,mut_s1,detail,1,13,UMEVSSPGBFVQNC-UHFFFAOYNA-N,-6.834
MMP13,m06,mut_s1,detail,1,14,VZDIOEKWWZRNQN-UHFFFAOYNA-N,-8.293
MMP13,m06,mut_s1,detail,1,15,JEVLDOUORFAHRS-NDKGDYFDNA-N,-7.631
MMP13,m06,mut_s1,detail,1,16,NFTGJNJRMWUBPG-GPQMBLKYNA-N,-7.42
MMP13,m06,mut_s1,detail,1,17,UMUUTEZBWGDVDA-UHFFFAOYNA-N,-7.357
MMP13,m06,mut_s1,detail,1,18,VLQKEPLNPGYNDJ-HCKMINDGNA-N,-8.141
MMP13,m06,mut_s1,detail,1,19,PPMVTAATPZLMJM-CDDDEJBQNA-N,-7.453
MMP13,m06,mut_s1,detail,1,20,AHLYFAKLKLMESK-YAQRNVERNA-N,-7.531
MMP13,m06,mut_s1,detail,1,21,GYEJYLAGVWRSIM-KGJHZMDYNA-N,-7.741
MMP13,m06,mut_s1,detail,1,22,RXVALSLAUOIYLW-UHFFFAOYNA-N,-6.102
MMP13,m06,mut_s1,detail,1,23,NSELYIFATLFDOZ-JLGFQASFNA-N,-8.106
MMP13,m06,mut_s1,detail,1,24,COQFBYACOHFCEC-UHFFFAOYNA-N,-6.962
MMP13,m06,mut_s1,detail,1,25,CJGJXFCLDYQBFQ-YJGXKCCXNA-N,-9.007
MMP13,m06,mut_s1,detail,1,26,BWNGRRJLFYHENY-INIZCTEONA-N,-7.343
MMP13,m06,mut_s1,detail,1,27,BNRFXWSJKVJVOF-UYBDAZJANA-N,-9.171
MMP13,m06,mut_s1,detail,1,28,DMULMZBZVBBWBY-PJZINPJWNA-N,-9.625
MMP13,m06,mut_s1,detail,1,29,AXLAIGJGNKHDPO-UHFFFAOYNA-N,-6.523
MMP13,m06,mut_s1,detail,1,30,RKDGAONZEPYEBT-WXRBYKJCNA-N,-6.611
MMP13,m06,mut_s1,detail,1,31,MBOYDUZSCSNUQL-MBBDSNKKNA-N,-8.195
MMP13,m06,mut_s1,detail,1,32,KPVDBHRTXOFQDK-YAQRNVERNA-N,-7.32
MMP13,m06,mut_s1,detail,1,33,LVCNFMYUKISBSB-VJSNTGQMNA-N,-8.122
MMP13,m06,mut_s1,detail,1,34,XLAHCIRKLMJUQC-DZQCGVKKNA-N,-8.478
MMP13,m06,mut_s1,detail,1,35,QNYHDABGLCBJOE-SHHGZXMVNA-N,-9.373
MMP13,m06,mut_s1,detail,1,36,HEKNRISBWSPMOG-OWTLIXCDNA-N,-6.129
MMP13,m06,mut_s1,detail,1,37,VIRNXCRLEVZXNX-LILDFLRNNA-N,-9.926
MMP13,m06,mut_s1,detail,1,38,SRTGERSEXJGDMR-UHFFFAOYNA-N,-6.539
MMP13,m06,mut_s1,detail,1,39,ZGMGSSRLZJYOKH-WXRBYKJCNA-N,-7.053
MMP13,m06,mut_s1,detail,1,40,VGYFDFRFGHHCDA-CUTUCBJDNA-N,-8.205
MMP13,m06,mut_s1,detail,1,41,DILPMLYWQJPNLO-HCKMINDGNA-N,-8.392
MMP13,m06,mut_s1,detail,1,42,RSOODJIGEVJLMK-LQFNOIFHNA-N,-9.271
MMP13,m06,mut_s1,detail,1,43,OWHHWMUAYBIQPR-UHFFFAOYNA-N,-8.952
MMP13,m06,mut_s1,detail,1,44,KPIKMVZJKZDOFC-UHFFFAOYNA-N,-8.635
MMP13,m06,mut_s1,detail,1,45,DIKDKRUREJXLMR-DPMTXJEANA-N,-10.077
MMP13,m06,mut_s1,detail,1,46,QRVJDPKQHAVBDK-UYBDAZJANA-N,-7.943
MMP13,m06,mut_s1,detail,1,47,SGBSFKSDPWOALT-UYBDAZJANA-N,-8.589
MMP13,m06,mut_s1,detail,1,48,CYHFRNFVZWVHCG-OTJKMEOQNA-N,-8.533
MMP13,m06,mut_s1,detail,1,49,MJUDQDHXCQONOA-MPIMZMORNA-N,-8.035
MMP13,m06,mut_s1,detail,1,50,RNVYRNLUUYNQAS-PKSOQXRJNA-N,-7.508
MMP13,m06,mut_s1,detail,1,51,DLZXOZYETDVJEB-QWOVJGMINA-N,-6.254
MMP13,m06,mut_s1,detail,1,52,HSICVZRDGBJSEL-GPQMBLKYNA-N,-7.591
MMP13,m06,mut_s1,detail,1,53,HMRUHHFLIMYEAF-QNGOCPJXNA-N,-8.306
MMP13,m06,mut_s1,detail,1,54,ZZOWQPSBJUXHCA-YSPRVCGUNA-N,-9.251
MMP13,m06,mut_s1,detail,1,55,WDDJLHOUFWSQSV-UHFFFAOYNA-N,-8.183
MMP13,m06,mut_s1,detail,1,56,UKLIIGXGTPSYBF-IBCWCQIKNA-N,-8.919
MMP13,m06,mut_s1,detail,1,57,LNPOBRXJZYGQMS-MOHJPFBDNA-N,-8.371
MMP13,m06,mut_s1,detail,1,58,FYILBFPPKIZBTO-UHFFFAOYNA-N,-7.552
MMP13,m06,mut_s1,detail,1,59,MIKIJFODTJGFDI-LILDFLRNNA-N,-7.906
MMP13,m06,mut_s1,detail,1,60,RUWCNSLWWCWTSU-LILDFLRNNA-N,-7.229
MMP13,m06,mut_s1,detail,1,61,KLQWCHKIQJHYIB-UHFFFAOYNA-N,-8.484
MMP13,m06,mut_s1,detail,1,62,QKAWGENQCGFAOE-NPVYFSBINA-N,-8.455
MMP13,m06,mut_s1,detail,1,63,KGOKCBRZBBEYBE-MMRXBHCZNA-N,-9.569
MMP13,m06,mut_s1,detail,1,64,ROFRXCLSWKEWTN-UHFFFAOYNA-N,-7.759
MMP13,m06,mut_s1,detail,1,65,AKRMJNKLSCBEME-FPYGCLRLNA-N,-7.897
MMP13,m06,mut_s1,detail,1,66,LCGJUJZLLYTYIF-XMFFZCEENA-N,-8.662
MMP13,m06,mut_s1,detail,1,67,FREQNFSEYLEFOI-QRCVEOAVNA-N,-7.688
MMP13,m06,mut_s1,detail,1,68,MHMINAYLMNBGSM-UHFFFAOYNA-N,-6.802
MMP13,m06,mut_s1,detail,1,69,SYMNTBHEGHFZMV-UHFFFAOYNA-N,-7.473
MMP13,m06,mut_s1,detail,1,70,NNCRWGMPCGSKOO-LILDFLRNNA-N,-7.517
MMP13,m06,mut_s1,detail,1,71,ZCRRNCCNJMRGFI-UHFFFAOYNA-N,-9.061
MMP13,m06,mut_s1,detail,1,72,PYVZEIBGEUQNQQ-UHFFFAOYNA-N,-8.549
MMP13,m06,mut_s1,detail,1,73,OROJQWVRCGJACT-XBTAAFKLNA-N,-9.72
MMP13,m06,mut_s1,detail,1,74,TXYUWXKCUDOUGU-JLGFQASFNA-N,-6.912
MMP13,m06,mut_s1,detail,1,75,LAZANALODSEDSE-UHFFFAOYNA-N,-6.881
MMP13,m06,mut_s1,detail,1,76,RJXCYVJLXGRCHK-UHFFFAOYNA-N,-9.226
MMP13,m06,mut_s1,detail,1,77,FUSKIBWHJAWEFI-IEJAXPBYNA-N,-8.857
MMP13,m06,mut_s1,detail,1,78,SGWVLOCBQLQWQV-UHFFFAOYNA-N,-9.443
MMP13,m06,mut_s1,detail,1,79,PPXRQTYXLZCDAZ-QWOVJGMINA-N,-8.507
MMP13,m06,mut_s1,detail,1,80,DIFBADFWLVYFHV-LELJVTLKNA-N,-8.396
MMP13,m06,mut_s1,detail,1,81,XREOSEVJCQGCHE-MHPMNMKGNA-N,-8.972
MMP13,m06,mut_s1,detail,1,82,ZHGPKHBXSKWZEQ-UHFFFAOYNA-N,-7.621
MMP13,m06,mut_s1,detail,1,83,ZFAYPJJNPSNAFK-UHFFFAOYNA-N,-8.603
MMP13,m06,mut_s1,detail,1,84,LTXMRAGWIDQTQT-MYUTVWBTNA-N,-9.405
MMP13,m06,mut_s1,detail,1,85,VXQHYHSSGLOALC-SPEPDGBUNA-N,-10.042
MMP13,m06,mut_s1,detail,1,86,KWDSFRAWCISROF-PJQSKVNONA-N,-8.6
MMP13,m06,mut_s1,detail,1,87,ZJZXSQPHUQUHIV-ZGZFQTMPNA-N,-9.96
MMP13,m06,mut_s1,detail,1,88,UYHIVPBYFWVWEJ-UHFFFAOYNA-N,-9.136
MMP13,m06,mut_s1,detail,1,89,PLEFJSUCKRWHBY-LNNLXFCONA-N,-8.331
MMP13,m06,mut_s1,detail,1,90,DNSRQCRQLKJUCC-PDJAEHLQNA-N,-8.101
MMP13,m06,mut_s1,detail,1,91,PHYKZCBUNVYJNH-YDBXFXKPNA-N,-7.365
MMP13,m06,mut_s1,detail,1,92,OOUHZBUAVKCDGA-UHFFFAOYNA-N,-8.862
MMP13,m06,mut_s1,detail,1,93,UUQDFZFJDFMLHW-UHFFFAOYNA-N,-8.816
MMP13,m06,mut_s1,detail,1,94,OOUDDHNLDLLUOL-SKKVRFOWNA-N,-9.3
MMP13,m06,mut_s1,detail,1,95,ZDMQSUAMTLXUTE-MPIMZMORNA-N,-8.693
MMP13,m06,mut_s1,detail,1,96,NMPLPABDEKPABN-UHFFFAOYNA-N,-8.886
MMP13,m06,mut_s1,detail,1,97,INZRHGSVWGRHBM-NPVYFSBINA-N,-9.303
MMP13,m06,mut_s1,detail,1,98,RVGCWMKVTAEQIH-LNNLXFCONA-N,-8.396
MMP13,m06,mut_s1,detail,1,99,VRXWKRQOVMZBAF-LJQANCHMNA-N,-7.07
MMP13,m06,mut_s1,detail,1,100,QACLWOIBBYOHQP-UYBDAZJANA-N,-7.247
MMP13,m06,mut_s1,detail,1,101,ZNXSZVFPCBIELQ-LNNLXFCONA-N,-8.229
MMP13,m06,mut_s1,detail,1,102,GKMWCCNMKRSQHR-VEKUMTKDNA-N,-7.836
MMP13,m06,mut_s1,detail,1,103,FFGUSRSMWFYKGK-SKKVRFOWNA-N,-9.033
MMP13,m06,mut_s1,detail,1,104,KXBDDGKXLZBLOM-SPEPDGBUNA-N,-8.092
MMP13,m06,mut_s1,detail,1,105,MIUWULAZCXYTJW-MSHHZIMBNA-N,-9.173
MMP13,m06,mut_s1,detail,1,106,JPZOYWVRFLZCIC-NJNXFGOHNA-N,-9.073
MMP13,m06,mut_s1,detail,1,107,FAIQTLBYDVKBAB-DVIAZDKANA-N,-9.082
MMP13,m06,mut_s1,detail,1,108,APFLRZZAOXCNAZ-UHFFFAOYNA-N,-8.194
MMP13,m06,mut_s1,detail,1,109,BSQLDSQTGOZBFD-UHFFFAOYNA-N,-8.123
MMP13,m06,mut_s1,detail,1,110,ZVVCFJXCDATSCC-UHFFFAOYNA-N,-9.397
MMP13,m06,mut_s1,detail,1,111,SKEQTXZATFWVMB-UYBDAZJANA-N,-8.136
MMP13,m06,mut_s1,detail,1,112,IATWYRHDJKMBQK-MPIMZMORNA-N,-8.436
MMP13,m06,mut_s1,detail,1,113,JPWOEQDCUZCWKT-MPIMZMORNA-N,-6.752
MMP13,m06,mut_s1,detail,1,114,RYHSAXRBHDHPPK-PKSOQXRJNA-N,-8.009
MMP13,m06,mut_s1,detail,1,115,GKKJWUFVZJJFPG-MPIMZMORNA-N,-8.993
MMP13,m06,mut_s1,detail,1,116,FDNZXFDUCINVLY-BDGWVKIONA-N,-8.474
MMP13,m06,mut_s1,detail,1,117,KTBYKHKWIFIFAK-UHFFFAOYNA-N,-9.665
MMP13,m06,mut_s1,detail,1,118,ZRXZEWGUECXTTQ-LQFNOIFHNA-N,-9.18
MMP13,m06,mut_s1,detail,1,119,XNACBBGLIAJNJM-PECIQRARNA-N,-7.245
MMP13,m06,mut_s1,detail,1,120,WQZYYJRVBIQUGH-YWZOXAELNA-N,-10.431
MMP13,m06,mut_s1,detail,1,121,ABMSRNRLDZVJFV-SWUIVHNENA-N,-8.697
MMP13,m06,mut_s1,detail,1,122,ZEACBIUBSOLEGW-QAITUMOCNA-N,-10.376
MMP13,m06,mut_s1,detail,1,123,UBFCDXVLKFOOGL-OKPOJWAQNA-N,-8.939
MMP13,m06,mut_s1,detail,1,124,RRIHVAFUFDANEX-NSJMMFDCNA-N,-8.272
MMP13,m06,mut_s1,detail,1,125,HASIAUWPWKTSBW-SREBMQDQNA-N,-7.509
MMP13,m06,mut_s1,detail,1,126,WHBCKYHTCHCHAY-LQFNOIFHNA-N,-10.243
MMP13,m06,mut_s1,detail,1,127,XMAYWYJOQHXEEK-JYFHCDHNNA-N,-9.865
MMP13,m06,mut_s1,detail,1,128,TVKCFCZANTZCSU-OYRHEFFENA-N,-10.419
MMP13,m06,mut_s1,detail,1,129,OJFIIUWPOHBVMH-LNNLXFCONA-N,-7.375
MMP13,m06,mut_s1,detail,1,130,DKLZMGFTGWKNCD-DIRLUKLVNA-N,-10.465
MMP13,m06,mut_s1,detail,1,131,PYSLGWZFRQWTDD-PWIKPTQSNA-N,-10.799
MMP13,m06,mut_s1,detail,1,132,MWMBIUUYBQWKJX-QTUCRYGENA-N,-8.343
MMP13,m06,mut_s1,detail,1,133,FLYQFCXTEFTSQN-UHFFFAOYNA-N,-8.664
MMP13,m06,mut_s1,detail,1,134,PBIBDSDWIMZYDT-WBWGZOKWNA-N,-8.856
MMP13,m06,mut_s1,detail,1,135,GSRWMFGBDLHGBU-YEFLILRRNA-N,-8.534
MMP13,m06,mut_s1,detail,1,136,AYIJJQHMZAEQKE-QDAGQJSJNA-N,-8.309
MMP13,m06,mut_s1,detail,1,137,JVWTZUKPDMRNDC-FSAKADSPNA-N,-9.698
MMP13,m06,mut_s1,detail,1,138,XAZPLOLSRXZDBO-LBZABMTDNA-N,-7.9
MMP13,m06,mut_s1,detail,1,139,RGWVFJBNHCWCTL-CFEGKOCINA-N,-8.841
MMP13,m06,mut_s1,detail,1,140,YYWNRQZCPIMCAK-UHFFFAOYNA-N,-9.77
MMP13,m06,mut_s1,detail,1,141,PBTZDKNKXRSZPM-XBXBPLPCNA-N,-9.332
MMP13,m06,mut_s1,detail,1,142,QQPOIMHFFPBDQM-LELJVTLKNA-N,-9.243
MMP13,m06,mut_s1,detail,1,143,NYFQURFFDGCBCB-MAQJPOOANA-N,-8.23
MMP13,m06,mut_s1,detail,1,144,HXZVHWHABLBWBS-MTTPVDACNA-N,-10.075
MMP13,m06,mut_s1,detail,1,145,IWYYSOJWYLZKLK-LELJVTLKNA-N,-8.446
MMP13,m06,mut_s1,detail,1,146,HOGUCNPGZXMBGW-UHFFFAOYNA-N,-9.219
MMP13,m06,mut_s1,detail,1,147,VITUDJAVASFPKN-DUFUIDNCNA-N,-10.158
MMP13,m06,mut_s1,detail,1,148,IXAHDCRYEUYPBG-SCXYCHFONA-N,-10.613
MMP13,m06,mut_s1,detail,1,149,JWHMEKMLAZQDNS-OZMOGHDGNA-N,-8.692
MMP13,m06,mut_s1,detail,1,150,BZWNBTIJLRHNDZ-LBOYIXSDNA-N,-8.478
MMP13,m06,mut_s1,detail,1,151,RECYROBESYRUML-UHFFFAOYNA-N,-8.858
MMP13,m06,mut_s1,detail,1,152,MLDSJJJLQRZNKW-UHBIVWOUNA-N,-10.11
MMP13,m06,mut_s1,detail,1,153,XTWIHJARHCYNFX-PHXLCVRDNA-N,-8.473
MMP13,m06,mut_s1,detail,1,154,UQGFETVWTRDGKJ-UHFFFAOYNA-N,-8.183
MMP13,m06,mut_s1,detail,1,155,VJFSMDWEMFOWDK-CYSPOYASNA-N,-10.616
MMP13,m06,mut_s1,detail,1,156,NZYLXYBIWNIAGH-CYSPOYASNA-N,-10.67
MMP13,m06,mut_s1,detail,1,157,ODXCWFOKLBJQNP-MPIMZMORNA-N,-8.411
MMP13,m06,mut_s1,detail,1,158,FVDNMAPPDSKXKQ-UHFFFAOYNA-N,-10.431
MMP13,m06,mut_s1,detail,1,159,DOPWMPRIRWTOOD-CCHPKIMANA-N,-8.897
MMP13,m07,mut_s1,detail,1,0,URVMSYHISUZXNH-UYBDAZJANA-N,-9.59
MMP13,m07,mut_s1,detail,1,1,KXRPCFINVWWFHQ-UHFFFAOYNA-N,-5.013
MMP13,m07,mut_s1,detail,1,2,NICJTSHRYBTHAS-YHMJCDSINA-N,-7.175
MMP13,m07,mut_s1,detail,1,3,SWRZVDTZHDWPDS-AWIDAIFANA-N,-8.432
MMP13,m07,mut_s1,detail,1,4,RKNSLLSUFWWYCA-UHFFFAOYNA-N,-8.186
MMP13,m07,mut_s1,detail,1,5,OZFSIKFTRRUDES-RIYZIHGNNA-N,-6.596
MMP13,m07,mut_s1,detail,1,6,AAGGUCRASUJPPN-UHFFFAOYNA-N,-8.217
MMP13,m07,mut_s1,detail,1,7,OYHXDPMAFYHDNG-YAQRNVERNA-N,-7.75
MMP13,m07,mut_s1,detail,1,8,AWILWAIEQYZUEQ-UHFFFAOYNA-N,-7.195
MMP13,m07,mut_s1,detail,1,9,WSFAXHLMQUUHQT-VMPITWQZNA-N,-8.447
MMP13,m07,mut_s1,detail,1,10,WPHMTVNOXKBZKN-UHFFFAOYNA-N,-7.292
MMP13,m07,mut_s1,detail,1,11,LPEIZNODGHDCCW-UHFFFAOYNA-N,-6.008
MMP13,m07,mut_s1,detail,1,12,QQHWWDVSRWOHEP-LILDFLRNNA-N,-7.251
MMP13,m07,mut_s1,detail,1,13,UMEVSSPGBFVQNC-UHFFFAOYNA-N,-6.815
MMP13,m07,mut_s1,detail,1,14,VZDIOEKWWZRNQN-UHFFFAOYNA-N,-8.457
MMP13,m07,mut_s1,detail,1,15,JEVLDOUORFAHRS-NDKGDYFDNA-N,-8.121
MMP13,m07,mut_s1,detail,1,16,NFTGJNJRMWUBPG-GPQMBLKYNA-N,-7.742
MMP13,m07,mut_s1,detail,1,17,UMUUTEZBWGDVDA-UHFFFAOYNA-N,-7.371
MMP13,m07,mut_s1,detail,1,18,VLQKEPLNPGYNDJ-HCKMINDGNA-N,-8.465
MMP13,m07,mut_s1,detail,1,19,PPMVTAATPZLMJM-CDDDEJBQNA-N,-7.299
MMP13,m07,mut_s1,detail,1,20,AHLYFAKLKLMESK-YAQRNVERNA-N,-7.528
MMP13,m07,mut_s1,detail,1,21,GYEJYLAGVWRSIM-KGJHZMDYNA-N,-7.652
MMP13,m07,mut_s1,detail,1,22,RXVALSLAUOIYLW-UHFFFAOYNA-N,-6.469
MMP13,m07,mut_s1,detail,1,23,NSELYIFATLFDOZ-JLGFQASFNA-N,-7.817
MMP13,m07,mut_s1,detail,1,24,COQFBYACOHFCEC-UHFFFAOYNA-N,-6.893
MMP13,m07,mut_s1,detail,1,25,CJGJXFCLDYQBFQ-YJGXKCCXNA-N,-9.072
MMP13,m07,mut_s1,detail,1,26,BWNGRRJLFYHENY-INIZCTEONA-N,-7.39
MMP13,m07,mut_s1,detail,1,27,BNRFXWSJKVJVOF-UYBDAZJANA-N,-9.243
MMP13,m07,mut_s1,detail,1,28,DMULMZBZVBBWBY-PJZINPJWNA-N,-9.068
MMP13,m07,mut_s1,detail,1,29,AXLAIGJGNKHDPO-UHFFFAOYNA-N,-6.362
MMP13,m07,mut_s1,detail,1,30,RKDGAONZEPYEBT-WXRBYKJCNA-N,-6.846
MMP13,m07,mut_s1,detail,1,31,MBOYDUZSCSNUQL-MBBDSNKKNA-N,-8.175
MMP13,m07,mut_s1,detail,1,32,KPVDBHRTXOFQDK-YAQRNVERNA-N,-7.347
MMP13,m07,mut_s1,detail,1,33,LVCNFMYUKISBSB-VJSNTGQMNA-N,-8.16
MMP13,m07,mut_s1,detail,1,34,XLAHCIRKLMJUQC-DZQCGVKKNA-N,-8.921
MMP13,m07,mut_s1,detail,1,35,QNYHDABGLCBJOE-SHHGZXMVNA-N,-9.155
MMP13,m07,mut_s1,detail,1,36,HEKNRISBWSPMOG-OWTLIXCDNA-N,-6.396
MMP13,m07,mut_s1,detail,1,37,VIRNXCRLEVZXNX-LILDFLRNNA-N,-9.902
MMP13,m07,mut_s1,detail,1,38,SRTGERSEXJGDMR-UHFFFAOYNA-N,-7.188
MMP13,m07,mut_s1,detail,1,39,ZGMGSSRLZJYOKH-WXRBYKJCNA-N,-6.745
MMP13,m07,mut_s1,detail,1,40,VGYFDFRFGHHCDA-CUTUCBJDNA-N,-8.996
MMP13,m07,mut_s1,detail,1,41,DILPMLYWQJPNLO-HCKMINDGNA-N,-8.258
MMP13,m07,mut_s1,detail,1,42,RSOODJIGEVJLMK-LQFNOIFHNA-N,-9.636
MMP13,m07,mut_s1,detail,1,43,OWHHWMUAYBIQPR-UHFFFAOYNA-N,-8.714
MMP13,m07,mut_s1,detail,1,44,KPIKMVZJKZDOFC-UHFFFAOYNA-N,-8.718
MMP13,m07,mut_s1,detail,1,45,DIKDKRUREJXLMR-DPMTXJEANA-N,-9.765
MMP13,m07,mut_s1,detail,1,46,QRVJDPKQHAVBDK-UYBDAZJANA-N,-7.879
MMP13,m07,mut_s1,detail,1,47,SGBSFKSDPWOALT-UYBDAZJANA-N,-9.16
MMP13,m07,mut_s1,detail,1,48,CYHFRNFVZWVHCG-OTJKMEOQNA-N,-8.736
MMP13,m07,mut_s1,detail,1,49,MJUDQDHXCQONOA-MPIMZMORNA-N,-8.735
MMP13,m07,mut_s1,detail,1,50,RNVYRNLUUYNQAS-PKSOQXRJNA-N,-8.282
MMP13,m07,mut_s1,detail,1,51,DLZXOZYETDVJEB-QWOVJGMINA-N,-6.63
MMP13,m07,mut_s1,detail,1,52,HSICVZRDGBJSEL-GPQMBLKYNA-N,-7.335
MMP13,m07,mut_s1,detail,1,53,HMRUHHFLIMYEAF-QNGOCPJXNA-N,-8.484
MMP13,m07,mut_s1,detail,1,54,ZZOWQPSBJUXHCA-YSPRVCGUNA-N,-9.293
MMP13,m07,mut_s1,detail,1,55,WDDJLHOUFWSQSV-UHFFFAOYNA-N,-8.121
MMP13,m07,mut_s1,detail,1,56,UKLIIGXGTPSYBF-IBCWCQIKNA-N,-8.902
MMP13,m07,mut_s1,detail,1,57,LNPOBRXJZYGQMS-MOHJPFBDNA-N,-8.164
MMP13,m07,mut_s1,detail,1,58,FYILBFPPKIZBTO-UHFFFAOYNA-N,-7.138
MMP13,m07,mut_s1,detail,1,59,MIKIJFODTJGFDI-LILDFLRNNA-N,-8.826
MMP13,m07,mut_s1,detail,1,60,RUWCNSLWWCWTSU-LILDFLRNNA-N,-8.223
MMP13,m07,mut_s1,detail,1,61,KLQWCHKIQJHYIB-UHFFFAOYNA-N,-9.092
MMP13,m07,mut_s1,detail,1,62,QKAWGENQCGFAOE-NPVYFSBINA-N,-8.701
MMP13,m07,mut_s1,detail,1,63,KGOKCBRZBBEYBE-MMRXBHCZNA-N,-8.937
MMP13,m07,mut_s1,detail,1,64,ROFRXCLSWKEWTN-UHFFFAOYNA-N,-7.91
MMP13,m07,mut_s1,detail,1,65,AKRMJNKLSCBEME-FPYGCLRLNA-N,-7.865
MMP13,m07,mut_s1,detail,1,66,LCGJUJZLLYTYIF-XMFFZCEENA-N,-8.681
MMP13,m07,mut_s1,detail,1,67,FREQNFSEYLEFOI-QRCVEOAVNA-N,-8.402
MMP13,m07,mut_s1,detail,1,68,MHMINAYLMNBGSM-UHFFFAOYNA-N,-6.263
MMP13,m07,mut_s1,detail,1,69,SYMNTBHEGHFZMV-UHFFFAOYNA-N,-7.242
MMP13,m07,mut_s1,detail,1,70,NNCRWGMPCGSKOO-LILDFLRNNA-N,-7.961
MMP13,m07,mut_s1,detail,1,71,ZCRRNCCNJMRGFI-UHFFFAOYNA-N,-9.025
MMP13,m07,mut_s1,detail,1,72,PYVZEIBGEUQNQQ-UHFFFAOYNA-N,-8.578
MMP13,m07,mut_s1,detail,1,73,OROJQWVRCGJACT-XBTAAFKLNA-N,-9.74
MMP13,m07,mut_s1,detail,1,74,TXYUWXKCUDOUGU-JLGFQASFNA-N,-7.222
MMP13,m07,mut_s1,detail,1,75,LAZANALODSEDSE-UHFFFAOYNA-N,-7.753
MMP13,m07,mut_s1,detail,1,76,RJXCYVJLXGRCHK-UHFFFAOYNA-N,-9.17
MMP13,m07,mut_s1,detail,1,77,FUSKIBWHJAWEFI-IEJAXPBYNA-N,-8.846
MMP13,m07,mut_s1,detail,1,78,SGWVLOCBQLQWQV-UHFFFAOYNA-N,-9.225
MMP13,m07,mut_s1,detail,1,79,PPXRQTYXLZCDAZ-QWOVJGMINA-N,-9.078
MMP13,m07,mut_s1,detail,1,80,DIFBADFWLVYFHV-LELJVTLKNA-N,-8.738
MMP13,m07,mut_s1,detail,1,81,XREOSEVJCQGCHE-MHPMNMKGNA-N,-7.699
MMP13,m07,mut_s1,detail,1,82,ZHGPKHBXSKWZEQ-UHFFFAOYNA-N,-7.617
MMP13,m07,mut_s1,detail,1,83,ZFAYPJJNPSNAFK-UHFFFAOYNA-N,-8.395
MMP13,m07,mut_s1,detail,1,84,LTXMRAGWIDQTQT-MYUTVWBTNA-N,-9.648
MMP13,m07,mut_s1,detail,1,85,VXQHYHSSGLOALC-SPEPDGBUNA-N,-11.088
MMP13,m07,mut_s1,detail,1,86,KWDSFRAWCISROF-PJQSKVNONA-N,-9.444
MMP13,m07,mut_s1,detail,1,87,ZJZXSQPHUQUHIV-ZGZFQTMPNA-N,-9.454
MMP13,m07,mut_s1,detail,1,88,UYHIVPBYFWVWEJ-UHFFFAOYNA-N,-9.391
MMP13,m07,mut_s1,detail,1,89,PLEFJSUCKRWHBY-LNNLXFCONA-N,-9.338
MMP13,m07,mut_s1,detail,1,90,DNSRQCRQLKJUCC-PDJAEHLQNA-N,-7.492
MMP13,m07,mut_s1,detail,1,91,PHYKZCBUNVYJNH-YDBXFXKPNA-N,-7.608
MMP13,m07,mut_s1,detail,1,92,OOUHZBUAVKCDGA-UHFFFAOYNA-N,-8.853
MMP13,m07,mut_s1,detail,1,93,UUQDFZFJDFMLHW-UHFFFAOYNA-N,-8.937
MMP13,m07,mut_s1,detail,1,94,OOUDDHNLDLLUOL-SKKVRFOWNA-N,-9.306
MMP13,m07,mut_s1,detail,1,95,ZDMQSUAMTLXUTE-MPIMZMORNA-N,-8.241
MMP13,m07,mut_s1,detail,1,96,NMPLPABDEKPABN-UHFFFAOYNA-N,-8.863
MMP13,m07,mut_s1,detail,1,97,INZRHGSVWGRHBM-NPVYFSBINA-N,-9.093
MMP13,m07,mut_s1,detail,1,98,RVGCWMKVTAEQIH-LNNLXFCONA-N,-9.94
MMP13,m07,mut_s1,detail,1,99,VRXWKRQOVMZBAF-LJQANCHMNA-N,-7.362
MMP13,m07,mut_s1,detail,1,100,QACLWOIBBYOHQP-UYBDAZJANA-N,-7.385
MMP13,m07,mut_s1,detail,1,101,ZNXSZVFPCBIELQ-LNNLXFCONA-N,-8.165
MMP13,m07,mut_s1,detail,1,102,GKMWCCNMKRSQHR-VEKUMTKDNA-N,-9.371
MMP13,m07,mut_s1,detail,1,103,FFGUSRSMWFYKGK-SKKVRFOWNA-N,-9.74
MMP13,m07,mut_s1,detail,1,104,KXBDDGKXLZBLOM-SPEPDGBUNA-N,-8.565
MMP13,m07,mut_s1,detail,1,105,MIUWULAZCXYTJW-MSHHZIMBNA-N,-9.748
MMP13,m07,mut_s1,detail,1,106,JPZOYWVRFLZCIC-NJNXFGOHNA-N,-9.169
MMP13,m07,mut_s1,detail,1,107,FAIQTLBYDVKBAB-DVIAZDKANA-N,-8.366
MMP13,m07,mut_s1,detail,1,108,APFLRZZAOXCNAZ-UHFFFAOYNA-N,-8.058
MMP13,m07,mut_s1,detail,1,109,BSQLDSQTGOZBFD-UHFFFAOYNA-N,-8.065
MMP13,m07,mut_s1,detail,1,110,ZVVCFJXCDATSCC-UHFFFAOYNA-N,-9.713
MMP13,m07,mut_s1,detail,1,111,SKEQTXZATFWVMB-UYBDAZJANA-N,-8.271
MMP13,m07,mut_s1,detail,1,112,IATWYRHDJKMBQK-MPIMZMORNA-N,-8.637
MMP13,m07,mut_s1,detail,1,113,JPWOEQDCUZCWKT-MPIMZMORNA-N,-7.426
MMP13,m07,mut_s1,detail,1,114,RYHSAXRBHDHPPK-PKSOQXRJNA-N,-7.673
MMP13,m07,mut_s1,detail,1,115,GKKJWUFVZJJFPG-MPIMZMORNA-N,-8.7
MMP13,m07,mut_s1,detail,1,116,FDNZXFDUCINVLY-BDGWVKIONA-N,-8.36
MMP13,m07,mut_s1,detail,1,117,KTBYKHKWIFIFAK-UHFFFAOYNA-N,-10.014
MMP13,m07,mut_s1,detail,1,118,ZRXZEWGUECXTTQ-LQFNOIFHNA-N,-9.328
MMP13,m07,mut_s1,detail,1,119,XNACBBGLIAJNJM-PECIQRARNA-N,-7.531
MMP13,m07,mut_s1,detail,1,120,WQZYYJRVBIQUGH-YWZOXAELNA-N,-9.946
MMP13,m07,mut_s1,detail,1,121,ABMSRNRLDZVJFV-SWUIVHNENA-N,-8.358
MMP13,m07,mut_s1,detail,1,122,ZEACBIUBSOLEGW-QAITUMOCNA-N,-10.452
MMP13,m07,mut_s1,detail,1,123,UBFCDXVLKFOOGL-OKPOJWAQNA-N,-9.116
MMP13,m07,mut_s1,detail,1,124,RRIHVAFUFDANEX-NSJMMFDCNA-N,-7.852
MMP13,m07,mut_s1,detail,1,125,HASIAUWPWKTSBW-SREBMQDQNA-N,-8.885
MMP13,m07,mut_s1,detail,1,126,WHBCKYHTCHCHAY-LQFNOIFHNA-N,-9.133
MMP13,m07,mut_s1,detail,1,127,XMAYWYJOQHXEEK-JYFHCDHNNA-N,-9.812
MMP13,m07,mut_s1,detail,1,128,TVKCFCZANTZCSU-OYRHEFFENA-N,-9.997
MMP13,m07,mut_s1,detail,1,129,OJFIIUWPOHBVMH-LNNLXFCONA-N,-7.357
MMP13,m07,mut_s1,detail,1,130,DKLZMGFTGWKNCD-DIRLUKLVNA-N,-10.383
MMP13,m07,mut_s1,detail,1,131,PYSLGWZFRQWTDD-PWIKPTQSNA-N,-10.611
MMP13,m07,mut_s1,detail,1,132,MWMBIUUYBQWKJX-QTUCRYGENA-N,-8.189
MMP13,m07,mut_s1,detail,1,133,FLYQFCXTEFTSQN-UHFFFAOYNA-N,-8.867
MMP13,m07,mut_s1,detail,1,134,PBIBDSDWIMZYDT-WBWGZOKWNA-N,-8.077
MMP13,m07,mut_s1,detail,1,135,GSRWMFGBDLHGBU-YEFLILRRNA-N,-7.836
MMP13,m07,mut_s1,detail,1,136,AYIJJQHMZAEQKE-QDAGQJSJNA-N,-8.059
MMP13,m07,mut_s1,detail,1,137,JVWTZUKPDMRNDC-FSAKADSPNA-N,-9.734
MMP13,m07,mut_s1,detail,1,138,XAZPLOLSRXZDBO-LBZABMTDNA-N,-6.714
MMP13,m07,mut_s1,detail,1,139,RGWVFJBNHCWCTL-CFEGKOCINA-N,-8.525
MMP13,m07,mut_s1,detail,1,140,YYWNRQZCPIMCAK-UHFFFAOYNA-N,-9.953
MMP13,m07,mut_s1,detail,1,141,PBTZDKNKXRSZPM-XBXBPLPCNA-N,-9.368
MMP13,m07,mut_s1,detail,1,142,QQPOIMHFFPBDQM-LELJVTLKNA-N,-9.907
MMP13,m07,mut_s1,detail,1,143,NYFQURFFDGCBCB-MAQJPOOANA-N,-8.57
MMP13,m07,mut_s1,detail,1,144,HXZVHWHABLBWBS-MTTPVDACNA-N,-10.023
MMP13,m07,mut_s1,detail,1,145,IWYYSOJWYLZKLK-LELJVTLKNA-N,-8.557
MMP13,m07,mut_s1,detail,1,146,HOGUCNPGZXMBGW-UHFFFAOYNA-N,-9.114
MMP13,m07,mut_s1,detail,1,147,VITUDJAVASFPKN-DUFUIDNCNA-N,-9.395
MMP13,m07,mut_s1,detail,1,148,IXAHDCRYEUYPBG-SCXYCHFONA-N,-10.54
MMP13,m07,mut_s1,detail,1,149,JWHMEKMLAZQDNS-OZMOGHDGNA-N,-8.849
MMP13,m07,mut_s1,detail,1,150,BZWNBTIJLRHNDZ-LBOYIXSDNA-N,-9.366
MMP13,m07,mut_s1,detail,1,151,RECYROBESYRUML-UHFFFAOYNA-N,-8.838
MMP13,m07,mut_s1,detail,1,152,MLDSJJJLQRZNKW-UHBIVWOUNA-N,-10.958
MMP13,m07,mut_s1,detail,1,153,XTWIHJARHCYNFX-PHXLCVRDNA-N,-8.493
MMP13,m07,mut_s1,detail,1,154,UQGFETVWTRDGKJ-UHFFFAOYNA-N,-7.873
MMP13,m07,mut_s1,detail,1,155,VJFSMDWEMFOWDK-CYSPOYASNA-N,-10.603
MMP13,m07,mut_s1,detail,1,156,NZYLXYBIWNIAGH-CYSPOYASNA-N,-10.604
MMP13,m07,mut_s1,detail,1,157,ODXCWFOKLBJQNP-MPIMZMORNA-N,-8.417
MMP13,m07,mut_s1,detail,1,158,FVDNMAPPDSKXKQ-UHFFFAOYNA-N,-10.667
MMP13,m07,mut_s1,detail,1,159,DOPWMPRIRWTOOD-CCHPKIMANA-N,-8.65
