target,receptor,tag,mode,seed,k,inchikey,score
NOS1,wt,wt_s1,detail,1,0,URVMSYHISUZXNH-UYBDAZJANA-N,-8.649
NOS1,wt,wt_s1,detail,1,1,KXRPCFINVWWFHQ-UHFFFAOYNA-N,-4.841
NOS1,wt,wt_s1,detail,1,2,NICJTSHRYBTHAS-YHMJCDSINA-N,-7.058
NOS1,wt,wt_s1,detail,1,3,SWRZVDTZHDWPDS-AWIDAIFANA-N,-7.486
NOS1,wt,wt_s1,detail,1,4,RKNSLLSUFWWYCA-UHFFFAOYNA-N,-8.714
NOS1,wt,wt_s1,detail,1,5,OZFSIKFTRRUDES-RIYZIHGNNA-N,-6.41
NOS1,wt,wt_s1,detail,1,6,AAGGUCRASUJPPN-UHFFFAOYNA-N,-7.807
NOS1,wt,wt_s1,detail,1,7,OYHXDPMAFYHDNG-YAQRNVERNA-N,-6.85
NOS1,wt,wt_s1,detail,1,8,AWILWAIEQYZUEQ-UHFFFAOYNA-N,-6.941
NOS1,wt,wt_s1,detail,1,9,WSFAXHLMQUUHQT-VMPITWQZNA-N,-7.126
NOS1,wt,wt_s1,detail,1,10,WPHMTVNOXKBZKN-UHFFFAOYNA-N,-7.611
NOS1,wt,wt_s1,detail,1,11,LPEIZNODGHDCCW-UHFFFAOYNA-N,-5.029
NOS1,wt,wt_s1,detail,1,12,QQHWWDVSRWOHEP-LILDFLRNNA-N,-8.33
NOS1,wt,wt_s1,detail,1,13,UMEVSSPGBFVQNC-UHFFFAOYNA-N,-6.978
NOS1,wt,wt_s1,detail,1,14,VZDIOEKWWZRNQN-UHFFFAOYNA-N,-8.511
NOS1,wt,wt_s1,detail,1,15,JEVLDOUORFAHRS-NDKGDYFDNA-N,-7.844
NOS1,wt,wt_s1,detail,1,16,NFTGJNJRMWUBPG-GPQMBLKYNA-N,-7.783
NOS1,wt,wt_s1,detail,1,17,UMUUTEZBWGDVDA-UHFFFAOYNA-N,-7.661
NOS1,wt,wt_s1,detail,1,18,VLQKEPLNPGYNDJ-HCKMINDGNA-N,-7.676
NOS1,wt,wt_s1,detail,1,19,PPMVTAATPZLMJM-CDDDEJBQNA-N,-8.936
NOS1,wt,wt_s1,detail,1,20,AHLYFAKLKLMESK-YAQRNVERNA-N,-7.236
NOS1,wt,wt_s1,detail,1,21,GYEJYLAGVWRSIM-KGJHZMDYNA-N,-7.509
NOS1,wt,wt_s1,detail,1,22,RXVALSLAUOIYLW-UHFFFAOYNA-N,-6.792
NOS1,wt,wt_s1,detail,1,23,NSELYIFATLFDOZ-JLGFQASFNA-N,-8.343
NOS1,wt,wt_s1,detail,1,24,COQFBYACOHFCEC-UHFFFAOYNA-N,-7.023
NOS1,wt,wt_s1,detail,1,25,CJGJXFCLDYQBFQ-YJGXKCCXNA-N,-8.779
NOS1,wt,wt_s1,detail,1,26,BWNGRRJLFYHENY-INIZCTEONA-N,-7.461
NOS1,wt,wt_s1,detail,1,27,BNRFXWSJKVJVOF-UYBDAZJANA-N,-8.479
NOS1,wt,wt_s1,detail,1,28,DMULMZBZVBBWBY-PJZINPJWNA-N,-7.923
NOS1,wt,wt_s1,detail,1,29,AXLAIGJGNKHDPO-UHFFFAOYNA-N,-6.103
NOS1,wt,wt_s1,detail,1,30,RKDGAONZEPYEBT-WXRBYKJCNA-N,-8.395
NOS1,wt,wt_s1,detail,1,31,MBOYDUZSCSNUQL-MBBDSNKKNA-N,-8.37
NOS1,wt,wt_s1,detail,1,32,KPVDBHRTXOFQDK-YAQRNVERNA-N,-6.694
NOS1,wt,wt_s1,detail,1,33,LVCNFMYUKISBSB-VJSNTGQMNA-N,-8.114
NOS1,wt,wt_s1,detail,1,34,XLAHCIRKLMJUQC-DZQCGVKKNA-N,-8.828
NOS1,wt,wt_s1,detail,1,35,QNYHDABGLCBJOE-SHHGZXMVNA-N,-7.283
NOS1,wt,wt_s1,detail,1,36,HEKNRISBWSPMOG-OWTLIXCDNA-N,-6.604
NOS1,wt,wt_s1,detail,1,37,VIRNXCRLEVZXNX-LILDFLRNNA-N,-9.128
NOS1,wt,wt_s1,detail,1,38,SRTGERSEXJGDMR-UHFFFAOYNA-N,-7.294
NOS1,wt,wt_s1,detail,1,39,ZGMGSSRLZJYOKH-WXRBYKJCNA-N,-7.751
NOS1,wt,wt_s1,detail,1,40,VGYFDFRFGHHCDA-CUTUCBJDNA-N,-9.297
NOS1,wt,wt_s1,detail,1,41,DILPMLYWQJPNLO-HCKMINDGNA-N,-9.332
NOS1,wt,wt_s1,detail,1,42,RSOODJIGEVJLMK-LQFNOIFHNA-N,-8.708
NOS1,wt,wt_s1,detail,1,43,OWHHWMUAYBIQPR-UHFFFAOYNA-N,-8.185
NOS1,wt,wt_s1,detail,1,44,KPIKMVZJKZDOFC-UHFFFAOYNA-N,-8.601
NOS1,wt,wt_s1,detail,1,45,DIKDKRUREJXLMR-DPMTXJEANA-N,-8.381
NOS1,wt,wt_s1,detail,1,46,QRVJDPKQHAVBDK-UYBDAZJANA-N,-8.366
NOS1,wt,wt_s1,detail,1,47,SGBSFKSDPWOALT-UYBDAZJANA-N,-8.212
NOS1,wt,wt_s1,detail,1,48,CYHFRNFVZWVHCG-OTJKMEOQNA-N,-9.207
NOS1,wt,wt_s1,detail,1,49,MJUDQDHXCQONOA-MPIMZMORNA-N,-8.243
NOS1,wt,wt_s1,detail,1,50,RNVYRNLUUYNQAS-PKSOQXRJNA-N,-7.753
NOS1,wt,wt_s1,detail,1,51,DLZXOZYETDVJEB-QWOVJGMINA-N,-7.398
NOS1,wt,wt_s1,detail,1,52,HSICVZRDGBJSEL-GPQMBLKYNA-N,-8.003
NOS1,wt,wt_s1,detail,1,53,HMRUHHFLIMYEAF-QNGOCPJXNA-N,-8.009
NOS1,wt,wt_s1,detail,1,54,ZZOWQPSBJUXHCA-YSPRVCGUNA-N,-8.339
NOS1,wt,wt_s1,detail,1,55,WDDJLHOUFWSQSV-UHFFFAOYNA-N,-7.833
NOS1,wt,wt_s1,detail,1,56,UKLIIGXGTPSYBF-IBCWCQIKNA-N,-8.055
NOS1,wt,wt_s1,detail,1,57,LNPOBRXJZYGQMS-MOHJPFBDNA-N,-7.019
NOS1,wt,wt_s1,detail,1,58,FYILBFPPKIZBTO-UHFFFAOYNA-N,-7.538
NOS1,wt,wt_s1,detail,1,59,MIKIJFODTJGFDI-LILDFLRNNA-N,-8.795
NOS1,wt,wt_s1,detail,1,60,RUWCNSLWWCWTSU-LILDFLRNNA-N,-7.075
NOS1,wt,wt_s1,detail,1,61,KLQWCHKIQJHYIB-UHFFFAOYNA-N,-9.043
NOS1,wt,wt_s1,detail,1,62,QKAWGENQCGFAOE-NPVYFSBINA-N,-7.904
NOS1,wt,wt_s1,detail,1,63,KGOKCBRZBBEYBE-MMRXBHCZNA-N,-9.254
NOS1,wt,wt_s1,detail,1,64,ROFRXCLSWKEWTN-UHFFFAOYNA-N,-7.044
NOS1,wt,wt_s1,detail,1,65,AKRMJNKLSCBEME-FPYGCLRLNA-N,-7.468
NOS1,wt,wt_s1,detail,1,66,LCGJUJZLLYTYIF-XMFFZCEENA-N,-8.674
NOS1,wt,wt_s1,detail,1,67,FREQNFSEYLEFOI-QRCVEOAVNA-N,-7.405
NOS1,wt,wt_s1,detail,1,68,MHMINAYLMNBGSM-UHFFFAOYNA-N,-6.709
NOS1,wt,wt_s1,detail,1,69,SYMNTBHEGHFZMV-UHFFFAOYNA-N,-7.795
NOS1,wt,wt_s1,detail,1,70,NNCRWGMPCGSKOO-LILDFLRNNA-N,-7.507
NOS1,wt,wt_s1,detail,1,71,ZCRRNCCNJMRGFI-UHFFFAOYNA-N,-8.2
NOS1,wt,wt_s1,detail,1,72,PYVZEIBGEUQNQQ-UHFFFAOYNA-N,-9.506
NOS1,wt,wt_s1,detail,1,73,OROJQWVRCGJACT-XBTAAFKLNA-N,-9.33
NOS1,wt,wt_s1,detail,1,74,TXYUWXKCUDOUGU-JLGFQASFNA-N,-7.991
NOS1,wt,wt_s1,detail,1,75,LAZANALODSEDSE-UHFFFAOYNA-N,-7.483
NOS1,wt,wt_s1,detail,1,76,RJXCYVJLXGRCHK-UHFFFAOYNA-N,-10.155
NOS1,wt,wt_s1,detail,1,77,FUSKIBWHJAWEFI-IEJAXPBYNA-N,-8.756
NOS1,wt,wt_s1,detail,1,78,SGWVLOCBQLQWQV-UHFFFAOYNA-N,-7.844
NOS1,wt,wt_s1,detail,1,79,PPXRQTYXLZCDAZ-QWOVJGMINA-N,-8.604
NOS1,wt,wt_s1,detail,1,80,DIFBADFWLVYFHV-LELJVTLKNA-N,-9.522
NOS1,wt,wt_s1,detail,1,81,XREOSEVJCQGCHE-MHPMNMKGNA-N,-10.087
NOS1,wt,wt_s1,detail,1,82,ZHGPKHBXSKWZEQ-UHFFFAOYNA-N,-7.917
NOS1,wt,wt_s1,detail,1,83,ZFAYPJJNPSNAFK-UHFFFAOYNA-N,-8.027
NOS1,wt,wt_s1,detail,1,84,LTXMRAGWIDQTQT-MYUTVWBTNA-N,-9.126
NOS1,wt,wt_s1,detail,1,85,VXQHYHSSGLOALC-SPEPDGBUNA-N,-9.386
NOS1,wt,wt_s1,detail,1,86,KWDSFRAWCISROF-PJQSKVNONA-N,-9.546
NOS1,wt,wt_s1,detail,1,87,ZJZXSQPHUQUHIV-ZGZFQTMPNA-N,-9.104
NOS1,wt,wt_s1,detail,1,88,UYHIVPBYFWVWEJ-UHFFFAOYNA-N,-9.211
NOS1,wt,wt_s1,detail,1,89,PLEFJSUCKRWHBY-LNNLXFCONA-N,-8.873
NOS1,wt,wt_s1,detail,1,90,DNSRQCRQLKJUCC-PDJAEHLQNA-N,-9.281
NOS1,wt,wt_s1,detail,1,91,PHYKZCBUNVYJNH-YDBXFXKPNA-N,-8.298
NOS1,wt,wt_s1,detail,1,92,OOUHZBUAVKCDGA-UHFFFAOYNA-N,-8.348
NOS1,wt,wt_s1,detail,1,93,UUQDFZFJDFMLHW-UHFFFAOYNA-N,-8.321
NOS1,wt,wt_s1,detail,1,94,OOUDDHNLDLLUOL-SKKVRFOWNA-N,-8.583
NOS1,wt,wt_s1,detail,1,95,ZDMQSUAMTLXUTE-MPIMZMORNA-N,-9.494
NOS1,wt,wt_s1,detail,1,96,NMPLPABDEKPABN-UHFFFAOYNA-N,-8.956
NOS1,wt,wt_s1,detail,1,97,INZRHGSVWGRHBM-NPVYFSBINA-N,-8.922
NOS1,wt,wt_s1,detail,1,98,RVGCWMKVTAEQIH-LNNLXFCONA-N,-8.988
NOS1,wt,wt_s1,detail,1,99,VRXWKRQOVMZBAF-LJQANCHMNA-N,-7.913
NOS1,wt,wt_s1,detail,1,100,QACLWOIBBYOHQP-UYBDAZJANA-N,-7.509
NOS1,wt,wt_s1,detail,1,101,ZNXSZVFPCBIELQ-LNNLXFCONA-N,-7.867
NOS1,wt,wt_s1,detail,1,102,GKMWCCNMKRSQHR-VEKUMTKDNA-N,-8.441
NOS1,wt,wt_s1,detail,1,103,FFGUSRSMWFYKGK-SKKVRFOWNA-N,-9.211
NOS1,wt,wt_s1,detail,1,104,KXBDDGKXLZBLOM-SPEPDGBUNA-N,-8.656
NOS1,wt,wt_s1,detail,1,105,MIUWULAZCXYTJW-MSHHZIMBNA-N,-9.631
NOS1,wt,wt_s1,detail,1,106,JPZOYWVRFLZCIC-NJNXFGOHNA-N,-8.9
NOS1,wt,wt_s1,detail,1,107,FAIQTLBYDVKBAB-DVIAZDKANA-N,-8.492
NOS1,wt,wt_s1,detail,1,108,APFLRZZAOXCNAZ-UHFFFAOYNA-N,-8.689
NOS1,wt,wt_s1,detail,1,109,BSQLDSQTGOZBFD-UHFFFAOYNA-N,-7.989
NOS1,wt,wt_s1,detail,1,110,ZVVCFJXCDATSCC-UHFFFAOYNA-N,-8.228
NOS1,wt,wt_s1,detail,1,111,SKEQTXZATFWVMB-UYBDAZJANA-N,-7.308
NOS1,wt,wt_s1,detail,1,112,IATWYRHDJKMBQK-MPIMZMORNA-N,-9.03
NOS1,wt,wt_s1,detail,1,113,JPWOEQDCUZCWKT-MPIMZMORNA-N,-7.206
NOS1,wt,wt_s1,detail,1,114,RYHSAXRBHDHPPK-PKSOQXRJNA-N,-7.841
NOS1,wt,wt_s1,detail,1,115,GKKJWUFVZJJFPG-MPIMZMORNA-N,-8.354
NOS1,wt,wt_s1,detail,1,116,FDNZXFDUCINVLY-BDGWVKIONA-N,-8.654
NOS1,wt,wt_s1,detail,1,117,KTBYKHKWIFIFAK-UHFFFAOYNA-N,-9.505
NOS1,wt,wt_s1,detail,1,118,ZRXZEWGUECXTTQ-LQFNOIFHNA-N,-8.404
NOS1,wt,wt_s1,detail,1,119,XNACBBGLIAJNJM-PECIQRARNA-N,-7.045
NOS1,wt,wt_s1,detail,1,120,WQZYYJRVBIQUGH-YWZOXAELNA-N,-9.685
NOS1,wt,wt_s1,detail,1,121,ABMSRNRLDZVJFV-SWUIVHNENA-N,-8.286
NOS1,wt,wt_s1,detail,1,122,ZEACBIUBSOLEGW-QAITUMOCNA-N,-10.218
NOS1,wt,wt_s1,detail,1,123,UBFCDXVLKFOOGL-OKPOJWAQNA-N,-8.399
NOS1,wt,wt_s1,detail,1,124,RRIHVAFUFDANEX-NSJMMFDCNA-N,-8.645
NOS1,wt,wt_s1,detail,1,125,HASIAUWPWKTSBW-SREBMQDQNA-N,-6.22
NOS1,wt,wt_s1,detail,1,126,WHBCKYHTCHCHAY-LQFNOIFHNA-N,-9.524
NOS1,wt,wt_s1,detail,1,127,XMAYWYJOQHXEEK-JYFHCDHNNA-N,-9.125
NOS1,wt,wt_s1,detail,1,128,TVKCFCZANTZCSU-OYRHEFFENA-N,-9.914
NOS1,wt,wt_s1,detail,1,129,OJFIIUWPOHBVMH-LNNLXFCONA-N,-7.754
NOS1,wt,wt_s1,detail,1,130,DKLZMGFTGWKNCD-DIRLUKLVNA-N,-10.734
NOS1,wt,wt_s1,detail,1,131,PYSLGWZFRQWTDD-PWIKPTQSNA-N,-9.704
NOS1,wt,wt_s1,detail,1,132,MWMBIUUYBQWKJX-QTUCRYGENA-N,-9.374
NOS1,wt,wt_s1,detail,1,133,FLYQFCXTEFTSQN-UHFFFAOYNA-N,-8.379
NOS1,wt,wt_s1,detail,1,134,PBIBDSDWIMZYDT-WBWGZOKWNA-N,-9.185
NOS1,wt,wt_s1,detail,1,135,GSRWMFGBDLHGBU-YEFLILRRNA-N,-8.575
NOS1,wt,wt_s1,detail,1,136,AYIJJQHMZAEQKE-QDAGQJSJNA-N,-8.001
NOS1,wt,wt_s1,detail,1,137,JVWTZUKPDMRNDC-FSAKADSPNA-N,-8.933
NOS1,wt,wt_s1,detail,1,138,XAZPLOLSRXZDBO-LBZABMTDNA-N,-7.505
NOS1,wt,wt_s1,detail,1,139,RGWVFJBNHCWCTL-CFEGKOCINA-N,-9.468
NOS1,wt,wt_s1,detail,1,140,YYWNRQZCPIMCAK-UHFFFAOYNA-N,-8.144
NOS1,wt,wt_s1,detail,1,141,PBTZDKNKXRSZPM-XBXBPLPCNA-N,-8.803
NOS1,wt,wt_s1,detail,1,142,QQPOIMHFFPBDQM-LELJVTLKNA-N,-7.934
NOS1,wt,wt_s1,detail,1,143,NYFQURFFDGCBCB-MAQJPOOANA-N,-8.33
NOS1,wt,wt_s1,detail,1,144,HXZVHWHABLBWBS-MTTPVDACNA-N,-9.932
NOS1,wt,wt_s1,detail,1,145,IWYYSOJWYLZKLK-LELJVTLKNA-N,-8.668
NOS1,wt,wt_s1,detail,1,146,HOGUCNPGZXMBGW-UHFFFAOYNA-N,-8.859
NOS1,wt,wt_s1,detail,1,147,VITUDJAVASFPKN-DUFUIDNCNA-N,-8.609
NOS1,wt,wt_s1,detail,1,148,IXAHDCRYEUYPBG-SCXYCHFONA-N,-9.431
NOS1,wt,wt_s1,detail,1,149,JWHMEKMLAZQDNS-OZMOGHDGNA-N,-8.235
NOS1,wt,wt_s1,detail,1,150,BZWNBTIJLRHNDZ-LBOYIXSDNA-N,-8.507
NOS1,wt,wt_s1,detail,1,151,RECYROBESYRUML-UHFFFAOYNA-N,-7.896
NOS1,wt,wt_s1,detail,1,152,MLDSJJJLQRZNKW-UHBIVWOUNA-N,-9.363
NOS1,wt,wt_s1,detail,1,153,XTWIHJARHCYNFX-PHXLCVRDNA-N,-7.872
NOS1,wt,wt_s1,detail,1,154,UQGFETVWTRDGKJ-UHFFFAOYNA-N,-8.114
NOS1,wt,wt_s1,detail,1,155,VJFSMDWEMFOWDK-CYSPOYASNA-N,-10.237
NOS1,wt,wt_s1,detail,1,156,NZYLXYBIWNIAGH-CYSPOYASNA-N,-9.136
NOS1,wt,wt_s1,detail,1,157,ODXCWFOKLBJQNP-MPIMZMORNA-N,-7.734
NOS1,wt,wt_s1,detail,1,158,FVDNMAPPDSKXKQ-UHFFFAOYNA-N,-9.985
NOS1,wt,wt_s1,detail,1,159,DOPWMPRIRWTOOD-CCHPKIMANA-N,-7.841
NOS1,wt,wt_s2,detail,2,0,URVMSYHISUZXNH-UYBDAZJANA-N,-8.511
NOS1,wt,wt_s2,detail,2,1,KXRPCFINVWWFHQ-UHFFFAOYNA-N,-4.949
NOS1,wt,wt_s2,detail,2,2,NICJTSHRYBTHAS-YHMJCDSINA-N,-7.435
NOS1,wt,wt_s2,detail,2,3,SWRZVDTZHDWPDS-AWIDAIFANA-N,-7.466
NOS1,wt,wt_s2,detail,2,4,RKNSLLSUFWWYCA-UHFFFAOYNA-N,-9.0
NOS1,wt,wt_s2,detail,2,5,OZFSIKFTRRUDES-RIYZIHGNNA-N,-6.401
NOS1,wt,wt_s2,detail,2,6,AAGGUCRASUJPPN-UHFFFAOYNA-N,-7.374
NOS1,wt,wt_s2,detail,2,7,OYHXDPMAFYHDNG-YAQRNVERNA-N,-6.962
NOS1,wt,wt_s2,detail,2,8,AWILWAIEQYZUEQ-UHFFFAOYNA-N,-6.8
NOS1,wt,wt_s2,detail,2,9,WSFAXHLMQUUHQT-VMPITWQZNA-N,-7.061
NOS1,wt,wt_s2,detail,2,10,WPHMTVNOXKBZKN-UHFFFAOYNA-N,-7.705
NOS1,wt,wt_s2,detail,2,11,LPEIZNODGHDCCW-UHFFFAOYNA-N,-5.077
NOS1,wt,wt_s2,detail,2,12,QQHWWDVSRWOHEP-LILDFLRNNA-N,-8.269
NOS1,wt,wt_s2,detail,2,13,UMEVSSPGBFVQNC-UHFFFAOYNA-N,-6.976
NOS1,wt,wt_s2,detail,2,14,VZDIOEKWWZRNQN-UHFFFAOYNA-N,-8.142
NOS1,wt,wt_s2,detail,2,15,JEVLDOUORFAHRS-NDKGDYFDNA-N,-7.831
NOS1,wt,wt_s2,detail,2,16,NFTGJNJRMWUBPG-GPQMBLKYNA-N,-7.691
NOS1,wt,wt_s2,detail,2,17,UMUUTEZBWGDVDA-UHFFFAOYNA-N,-8.325
NOS1,wt,wt_s2,detail,2,18,VLQKEPLNPGYNDJ-HCKMINDGNA-N,-7.878
NOS1,wt,wt_s2,detail,2,19,PPMVTAATPZLMJM-CDDDEJBQNA-N,-8.647
NOS1,wt,wt_s2,detail,2,20,AHLYFAKLKLMESK-YAQRNVERNA-N,-7.273
NOS1,wt,wt_s2,detail,2,21,GYEJYLAGVWRSIM-KGJHZMDYNA-N,-7.488
NOS1,wt,wt_s2,detail,2,22,RXVALSLAUOIYLW-UHFFFAOYNA-N,-6.846
NOS1,wt,wt_s2,detail,2,23,NSELYIFATLFDOZ-JLGFQASFNA-N,-8.381
NOS1,wt,wt_s2,detail,2,24,COQFBYACOHFCEC-UHFFFAOYNA-N,-6.946
NOS1,wt,wt_s2,detail,2,25,CJGJXFCLDYQBFQ-YJGXKCCXNA-N,-8.833
NOS1,wt,wt_s2,detail,2,26,BWNGRRJLFYHENY-INIZCTEONA-N,-6.658
NOS1,wt,wt_s2,detail,2,27,BNRFXWSJKVJVOF-UYBDAZJANA-N,-8.684
NOS1,wt,wt_s2,detail,2,28,DMULMZBZVBBWBY-PJZINPJWNA-N,-7.928
NOS1,wt,wt_s2,detail,2,29,AXLAIGJGNKHDPO-UHFFFAOYNA-N,-5.885
NOS1,wt,wt_s2,detail,2,30,RKDGAONZEPYEBT-WXRBYKJCNA-N,-8.414
NOS1,wt,wt_s2,detail,2,31,MBOYDUZSCSNUQL-MBBDSNKKNA-N,-8.134
NOS1,wt,wt_s2,detail,2,32,KPVDBHRTXOFQDK-YAQRNVERNA-N,-7.138
NOS1,wt,wt_s2,detail,2,33,LVCNFMYUKISBSB-VJSNTGQMNA-N,-8.075
NOS1,wt,wt_s2,detail,2,34,XLAHCIRKLMJUQC-DZQCGVKKNA-N,-8.924
NOS1,wt,wt_s2,detail,2,35,QNYHDABGLCBJOE-SHHGZXMVNA-N,-7.928
NOS1,wt,wt_s2,detail,2,36,HEKNRISBWSPMOG-OWTLIXCDNA-N,-6.607
NOS1,wt,wt_s2,detail,2,37,VIRNXCRLEVZXNX-LILDFLRNNA-N,-9.148
NOS1,wt,wt_s2,detail,2,38,SRTGERSEXJGDMR-UHFFFAOYNA-N,-7.585
NOS1,wt,wt_s2,detail,2,39,ZGMGSSRLZJYOKH-WXRBYKJCNA-N,-7.547
NOS1,wt,wt_s2,detail,2,40,VGYFDFRFGHHCDA-CUTUCBJDNA-N,-9.182
NOS1,wt,wt_s2,detail,2,41,DILPMLYWQJPNLO-HCKMINDGNA-N,-9.114
NOS1,wt,wt_s2,detail,2,42,RSOODJIGEVJLMK-LQFNOIFHNA-N,-8.822
NOS1,wt,wt_s2,detail,2,43,OWHHWMUAYBIQPR-UHFFFAOYNA-N,-8.516
NOS1,wt,wt_s2,detail,2,44,KPIKMVZJKZDOFC-UHFFFAOYNA-N,-8.576
NOS1,wt,wt_s2,detail,2,45,DIKDKRUREJXLMR-DPMTXJEANA-N,-8.563
NOS1,wt,wt_s2,detail,2,46,QRVJDPKQHAVBDK-UYBDAZJANA-N,-8.645
NOS1,wt,wt_s2,detail,2,47,SGBSFKSDPWOALT-UYBDAZJANA-N,-7.809
NOS1,wt,wt_s2,detail,2,48,CYHFRNFVZWVHCG-OTJKMEOQNA-N,-9.164
NOS1,wt,wt_s2,detail,2,49,MJUDQDHXCQONOA-MPIMZMORNA-N,-8.419
NOS1,wt,wt_s2,detail,2,50,RNVYRNLUUYNQAS-PKSOQXRJNA-N,-8.147
NOS1,wt,wt_s2,detail,2,51,DLZXOZYETDVJEB-QWOVJGMINA-N,-6.992
NOS1,wt,wt_s2,detail,2,52,HSICVZRDGBJSEL-GPQMBLKYNA-N,-8.225
NOS1,wt,wt_s2,detail,2,53,HMRUHHFLIMYEAF-QNGOCPJXNA-N,-7.767
NOS1,wt,wt_s2,detail,2,54,ZZOWQPSBJUXHCA-YSPRVCGUNA-N,-8.355
NOS1,wt,wt_s2,detail,2,55,WDDJLHOUFWSQSV-UHFFFAOYNA-N,-7.858
NOS1,wt,wt_s2,detail,2,56,UKLIIGXGTPSYBF-IBCWCQIKNA-N,-7.939
NOS1,wt,wt_s2,detail,2,57,LNPOBRXJZYGQMS-MOHJPFBDNA-N,-8.158
NOS1,wt,wt_s2,detail,2,58,FYILBFPPKIZBTO-UHFFFAOYNA-N,-7.249
NOS1,wt,wt_s2,detail,2,59,MIKIJFODTJGFDI-LILDFLRNNA-N,-8.444
NOS1,wt,wt_s2,detail,2,60,RUWCNSLWWCWTSU-LILDFLRNNA-N,-7.512
NOS1,wt,wt_s2,detail,2,61,KLQWCHKIQJHYIB-UHFFFAOYNA-N,-8.695
NOS1,wt,wt_s2,detail,2,62,QKAWGENQCGFAOE-NPVYFSBINA-N,-8.064
NOS1,wt,wt_s2,detail,2,63,KGOKCBRZBBEYBE-MMRXBHCZNA-N,-9.087
NOS1,wt,wt_s2,detail,2,64,ROFRXCLSWKEWTN-UHFFFAOYNA-N,-7.176
NOS1,wt,wt_s2,detail,2,65,AKRMJNKLSCBEME-FPYGCLRLNA-N,-7.242
NOS1,wt,wt_s2,detail,2,66,LCGJUJZLLYTYIF-XMFFZCEENA-N,-8.733
NOS1,wt,wt_s2,detail,2,67,FREQNFSEYLEFOI-QRCVEOAVNA-N,-7.789
NOS1,wt,wt_s2,detail,2,68,MHMINAYLMNBGSM-UHFFFAOYNA-N,-7.362
NOS1,wt,wt_s2,detail,2,69,SYMNTBHEGHFZMV-UHFFFAOYNA-N,-7.883
NOS1,wt,wt_s2,detail,2,70,NNCRWGMPCGSKOO-LILDFLRNNA-N,-7.484
NOS1,wt,wt_s2,detail,2,71,ZCRRNCCNJMRGFI-UHFFFAOYNA-N,-7.821
NOS1,wt,wt_s2,detail,2,72,PYVZEIBGEUQNQQ-UHFFFAOYNA-N,-9.532
NOS1,wt,wt_s2,detail,2,73,OROJQWVRCGJACT-XBTAAFKLNA-N,-9.332
NOS1,wt,wt_s2,detail,2,74,TXYUWXKCUDOUGU-JLGFQASFNA-N,-7.581
NOS1,wt,wt_s2,detail,2,75,LAZANALODSEDSE-UHFFFAOYNA-N,-7.383
NOS1,wt,wt_s2,detail,2,76,RJXCYVJLXGRCHK-UHFFFAOYNA-N,-10.216
NOS1,wt,wt_s2,detail,2,77,FUSKIBWHJAWEFI-IEJAXPBYNA-N,-8.845
NOS1,wt,wt_s2,detail,2,78,SGWVLOCBQLQWQV-UHFFFAOYNA-N,-7.858
NOS1,wt,wt_s2,detail,2,79,PPXRQTYXLZCDAZ-QWOVJGMINA-N,-8.729
NOS1,wt,wt_s2,detail,2,80,DIFBADFWLVYFHV-LELJVTLKNA-N,-9.6
NOS1,wt,wt_s2,detail,2,81,XREOSEVJCQGCHE-MHPMNMKGNA-N,-10.037
NOS1,wt,wt_s2,detail,2,82,ZHGPKHBXSKWZEQ-UHFFFAOYNA-N,-8.064
NOS1,wt,wt_s2,detail,2,83,ZFAYPJJNPSNAFK-UHFFFAOYNA-N,-8.038
NOS1,wt,wt_s2,detail,2,84,LTXMRAGWIDQTQT-MYUTVWBTNA-N,-9.214
NOS1,wt,wt_s2,detail,2,85,VXQHYHSSGLOALC-SPEPDGBUNA-N,-9.424
NOS1,wt,wt_s2,detail,2,86,KWDSFRAWCISROF-PJQSKVNONA-N,-9.079
NOS1,wt,wt_s2,detail,2,87,ZJZXSQPHUQUHIV-ZGZFQTMPNA-N,-9.128
NOS1,wt,wt_s2,detail,2,88,UYHIVPBYFWVWEJ-UHFFFAOYNA-N,-9.207
NOS1,wt,wt_s2,detail,2,89,PLEFJSUCKRWHBY-LNNLXFCONA-N,-8.949
NOS1,wt,wt_s2,detail,2,90,DNSRQCRQLKJUCC-PDJAEHLQNA-N,-9.442
NOS1,wt,wt_s2,detail,2,91,PHYKZCBUNVYJNH-YDBXFXKPNA-N,-7.27
NOS1,wt,wt_s2,detail,2,92,OOUHZBUAVKCDGA-UHFFFAOYNA-N,-8.024
NOS1,wt,wt_s2,detail,2,93,UUQDFZFJDFMLHW-UHFFFAOYNA-N,-7.858
NOS1,wt,wt_s2,detail,2,94,OOUDDHNLDLLUOL-SKKVRFOWNA-N,-8.59
NOS1,wt,wt_s2,detail,2,95,ZDMQSUAMTLXUTE-MPIMZMORNA-N,-9.51
NOS1,wt,wt_s2,detail,2,96,NMPLPABDEKPABN-UHFFFAOYNA-N,-7.907
NOS1,wt,wt_s2,detail,2,97,INZRHGSVWGRHBM-NPVYFSBINA-N,-8.975
NOS1,wt,wt_s2,detail,2,98,RVGCWMKVTAEQIH-LNNLXFCONA-N,-8.443
NOS1,wt,wt_s2,detail,2,99,VRXWKRQOVMZBAF-LJQANCHMNA-N,-8.489
NOS1,wt,wt_s2,detail,2,100,QACLWOIBBYOHQP-UYBDAZJANA-N,-7.395
NOS1,wt,wt_s2,detail,2,101,ZNXSZVFPCBIELQ-LNNLXFCONA-N,-7.933
NOS1,wt,wt_s2,detail,2,102,GKMWCCNMKRSQHR-VEKUMTKDNA-N,-8.796
NOS1,wt,wt_s2,detail,2,103,FFGUSRSMWFYKGK-SKKVRFOWNA-N,-9.269
NOS1,wt,wt_s2,detail,2,104,KXBDDGKXLZBLOM-SPEPDGBUNA-N,-8.37
NOS1,wt,wt_s2,detail,2,105,MIUWULAZCXYTJW-MSHHZIMBNA-N,-9.516
NOS1,wt,wt_s2,detail,2,106,JPZOYWVRFLZCIC-NJNXFGOHNA-N,-10.365
NOS1,wt,wt_s2,detail,2,107,FAIQTLBYDVKBAB-DVIAZDKANA-N,-8.03
NOS1,wt,wt_s2,detail,2,108,APFLRZZAOXCNAZ-UHFFFAOYNA-N,-8.63
NOS1,wt,wt_s2,detail,2,109,BSQLDSQTGOZBFD-UHFFFAOYNA-N,-7.932
NOS1,wt,wt_s2,detail,2,110,ZVVCFJXCDATSCC-UHFFFAOYNA-N,-7.644
NOS1,wt,wt_s2,detail,2,111,SKEQTXZATFWVMB-UYBDAZJANA-N,-7.489
NOS1,wt,wt_s2,detail,2,112,IATWYRHDJKMBQK-MPIMZMORNA-N,-8.966
NOS1,wt,wt_s2,detail,2,113,JPWOEQDCUZCWKT-MPIMZMORNA-N,-7.707
NOS1,wt,wt_s2,detail,2,114,RYHSAXRBHDHPPK-PKSOQXRJNA-N,-7.683
NOS1,wt,wt_s2,detail,2,115,GKKJWUFVZJJFPG-MPIMZMORNA-N,-8.302
NOS1,wt,wt_s2,detail,2,116,FDNZXFDUCINVLY-BDGWVKIONA-N,-8.435
NOS1,wt,wt_s2,detail,2,117,KTBYKHKWIFIFAK-UHFFFAOYNA-N,-9.475
NOS1,wt,wt_s2,detail,2,118,ZRXZEWGUECXTTQ-LQFNOIFHNA-N,-9.314
NOS1,wt,wt_s2,detail,2,119,XNACBBGLIAJNJM-PECIQRARNA-N,-7.255
NOS1,wt,wt_s2,detail,2,120,WQZYYJRVBIQUGH-YWZOXAELNA-N,-9.535
NOS1,wt,wt_s2,detail,2,121,ABMSRNRLDZVJFV-SWUIVHNENA-N,-8.256
NOS1,wt,wt_s2,detail,2,122,ZEACBIUBSOLEGW-QAITUMOCNA-N,-10.571
NOS1,wt,wt_s2,detail,2,123,UBFCDXVLKFOOGL-OKPOJWAQNA-N,-8.444
NOS1,wt,wt_s2,detail,2,124,RRIHVAFUFDANEX-NSJMMFDCNA-N,-8.665
NOS1,wt,wt_s2,detail,2,125,HASIAUWPWKTSBW-SREBMQDQNA-N,-7.701
NOS1,wt,wt_s2,detail,2,126,WHBCKYHTCHCHAY-LQFNOIFHNA-N,-9.549
NOS1,wt,wt_s2,detail,2,127,XMAYWYJOQHXEEK-JYFHCDHNNA-N,-9.089
NOS1,wt,wt_s2,detail,2,128,TVKCFCZANTZCSU-OYRHEFFENA-N,-10.003
NOS1,wt,wt_s2,detail,2,129,OJFIIUWPOHBVMH-LNNLXFCONA-N,-7.724
NOS1,wt,wt_s2,detail,2,130,DKLZMGFTGWKNCD-DIRLUKLVNA-N,-9.332
NOS1,wt,wt_s2,detail,2,131,PYSLGWZFRQWTDD-PWIKPTQSNA-N,-9.839
NOS1,wt,wt_s2,detail,2,132,MWMBIUUYBQWKJX-QTUCRYGENA-N,-9.538
NOS1,wt,wt_s2,detail,2,133,FLYQFCXTEFTSQN-UHFFFAOYNA-N,-9.085
NOS1,wt,wt_s2,detail,2,134,PBIBDSDWIMZYDT-WBWGZOKWNA-N,-9.025
NOS1,wt,wt_s2,detail,2,135,GSRWMFGBDLHGBU-YEFLILRRNA-N,-8.425
NOS1,wt,wt_s2,detail,2,136,AYIJJQHMZAEQKE-QDAGQJSJNA-N,-8.049
NOS1,wt,wt_s2,detail,2,137,JVWTZUKPDMRNDC-FSAKADSPNA-N,-9.277
NOS1,wt,wt_s2,detail,2,138,XAZPLOLSRXZDBO-LBZABMTDNA-N,-7.652
NOS1,wt,wt_s2,detail,2,139,RGWVFJBNHCWCTL-CFEGKOCINA-N,-9.549
NOS1,wt,wt_s2,detail,2,140,YYWNRQZCPIMCAK-UHFFFAOYNA-N,-8.868
NOS1,wt,wt_s2,detail,2,141,PBTZDKNKXRSZPM-XBXBPLPCNA-N,-8.657
NOS1,wt,wt_s2,detail,2,142,QQPOIMHFFPBDQM-LELJVTLKNA-N,-7.803
NOS1,wt,wt_s2,detail,2,143,NYFQURFFDGCBCB-MAQJPOOANA-N,-8.32
NOS1,wt,wt_s2,detail,2,144,HXZVHWHABLBWBS-MTTPVDACNA-N,-9.819
NOS1,wt,wt_s2,detail,2,145,IWYYSOJWYLZKLK-LELJVTLKNA-N,-8.975
NOS1,wt,wt_s2,detail,2,146,HOGUCNPGZXMBGW-UHFFFAOYNA-N,-8.738
NOS1,wt,wt_s2,detail,2,147,VITUDJAVASFPKN-DUFUIDNCNA-N,-8.534
NOS1,wt,wt_s2,detail,2,148,IXAHDCRYEUYPBG-SCXYCHFONA-N,-9.68
NOS1,wt,wt_s2,detail,2,149,JWHMEKMLAZQDNS-OZMOGHDGNA-N,-8.779
NOS1,wt,wt_s2,detail,2,150,BZWNBTIJLRHNDZ-LBOYIXSDNA-N,-8.597
NOS1,wt,wt_s2,detail,2,151,RECYROBESYRUML-UHFFFAOYNA-N,-7.895
NOS1,wt,wt_s2,detail,2,152,MLDSJJJLQRZNKW-UHBIVWOUNA-N,-9.226
NOS1,wt,wt_s2,detail,2,153,XTWIHJARHCYNFX-PHXLCVRDNA-N,-8.986
NOS1,wt,wt_s2,detail,2,154,UQGFETVWTRDGKJ-UHFFFAOYNA-N,-8.043
NOS1,wt,wt_s2,detail,2,155,VJFSMDWEMFOWDK-CYSPOYASNA-N,-10.159
NOS1,wt,wt_s2,detail,2,156,NZYLXYBIWNIAGH-CYSPOYASNA-N,-9.715
NOS1,wt,wt_s2,detail,2,157,ODXCWFOKLBJQNP-MPIMZMORNA-N,-7.656
NOS1,wt,wt_s2,detail,2,158,FVDNMAPPDSKXKQ-UHFFFAOYNA-N,-10.006
NOS1,wt,wt_s2,detail,2,159,DOPWMPRIRWTOOD-CCHPKIMANA-N,-7.773
NOS1,wt,wt_s3,detail,3,0,URVMSYHISUZXNH-UYBDAZJANA-N,-8.612
NOS1,wt,wt_s3,detail,3,1,KXRPCFINVWWFHQ-UHFFFAOYNA-N,-4.865
NOS1,wt,wt_s3,detail,3,2,NICJTSHRYBTHAS-YHMJCDSINA-N,-7.001
NOS1,wt,wt_s3,detail,3,3,SWRZVDTZHDWPDS-AWIDAIFANA-N,-7.496
NOS1,wt,wt_s3,detail,3,4,RKNSLLSUFWWYCA-UHFFFAOYNA-N,-8.971
NOS1,wt,wt_s3,detail,3,5,OZFSIKFTRRUDES-RIYZIHGNNA-N,-6.373
NOS1,wt,wt_s3,detail,3,6,AAGGUCRASUJPPN-UHFFFAOYNA-N,-7.432
NOS1,wt,wt_s3,detail,3,7,OYHXDPMAFYHDNG-YAQRNVERNA-N,-6.864
NOS1,wt,wt_s3,detail,3,8,AWILWAIEQYZUEQ-UHFFFAOYNA-N,-6.939
NOS1,wt,wt_s3,detail,3,9,WSFAXHLMQUUHQT-VMPITWQZNA-N,-7.137
NOS1,wt,wt_s3,detail,3,10,WPHMTVNOXKBZKN-UHFFFAOYNA-N,-7.635
NOS1,wt,wt_s3,detail,3,11,LPEIZNODGHDCCW-UHFFFAOYNA-N,-5.085
NOS1,wt,wt_s3,detail,3,12,QQHWWDVSRWOHEP-LILDFLRNNA-N,-8.34
NOS1,wt,wt_s3,detail,3,13,UMEVSSPGBFVQNC-UHFFFAOYNA-N,-6.939
NOS1,wt,wt_s3,detail,3,14,VZDIOEKWWZRNQN-UHFFFAOYNA-N,-8.844
NOS1,wt,wt_s3,detail,3,15,JEVLDOUORFAHRS-NDKGDYFDNA-N,-7.833
NOS1,wt,wt_s3,detail,3,16,NFTGJNJRMWUBPG-GPQMBLKYNA-N,-7.384
NOS1,wt,wt_s3,detail,3,17,UMUUTEZBWGDVDA-UHFFFAOYNA-N,-8.29
NOS1,wt,wt_s3,detail,3,18,VLQKEPLNPGYNDJ-HCKMINDGNA-N,-7.661
NOS1,wt,wt_s3,detail,3,19,PPMVTAATPZLMJM-CDDDEJBQNA-N,-9.037
NOS1,wt,wt_s3,detail,3,20,AHLYFAKLKLMESK-YAQRNVERNA-N,-7.198
NOS1,wt,wt_s3,detail,3,21,GYEJYLAGVWRSIM-KGJHZMDYNA-N,-7.252
NOS1,wt,wt_s3,detail,3,22,RXVALSLAUOIYLW-UHFFFAOYNA-N,-6.159
NOS1,wt,wt_s3,detail,3,23,NSELYIFATLFDOZ-JLGFQASFNA-N,-8.391
NOS1,wt,wt_s3,detail,3,24,COQFBYACOHFCEC-UHFFFAOYNA-N,-7.116
NOS1,wt,wt_s3,detail,3,25,CJGJXFCLDYQBFQ-YJGXKCCXNA-N,-8.823
NOS1,wt,wt_s3,detail,3,26,BWNGRRJLFYHENY-INIZCTEONA-N,-7.096
NOS1,wt,wt_s3,detail,3,27,BNRFXWSJKVJVOF-UYBDAZJANA-N,-8.645
NOS1,wt,wt_s3,detail,3,28,DMULMZBZVBBWBY-PJZINPJWNA-N,-8.06
NOS1,wt,wt_s3,detail,3,29,AXLAIGJGNKHDPO-UHFFFAOYNA-N,-5.874
NOS1,wt,wt_s3,detail,3,30,RKDGAONZEPYEBT-WXRBYKJCNA-N,-8.108
NOS1,wt,wt_s3,detail,3,31,MBOYDUZSCSNUQL-MBBDSNKKNA-N,-8.361
NOS1,wt,wt_s3,detail,3,32,KPVDBHRTXOFQDK-YAQRNVERNA-N,-6.546
NOS1,wt,wt_s3,detail,3,33,LVCNFMYUKISBSB-VJSNTGQMNA-N,-8.179
NOS1,wt,wt_s3,detail,3,34,XLAHCIRKLMJUQC-DZQCGVKKNA-N,-9.062
NOS1,wt,wt_s3,detail,3,35,QNYHDABGLCBJOE-SHHGZXMVNA-N,-7.364
NOS1,wt,wt_s3,detail,3,36,HEKNRISBWSPMOG-OWTLIXCDNA-N,-6.591
NOS1,wt,wt_s3,detail,3,37,VIRNXCRLEVZXNX-LILDFLRNNA-N,-9.148
NOS1,wt,wt_s3,detail,3,38,SRTGERSEXJGDMR-UHFFFAOYNA-N,-7.297
NOS1,wt,wt_s3,detail,3,39,ZGMGSSRLZJYOKH-WXRBYKJCNA-N,-7.638
NOS1,wt,wt_s3,detail,3,40,VGYFDFRFGHHCDA-CUTUCBJDNA-N,-9.259
NOS1,wt,wt_s3,detail,3,41,DILPMLYWQJPNLO-HCKMINDGNA-N,-9.15
NOS1,wt,wt_s3,detail,3,42,RSOODJIGEVJLMK-LQFNOIFHNA-N,-8.557
NOS1,wt,wt_s3,detail,3,43,OWHHWMUAYBIQPR-UHFFFAOYNA-N,-9.172
NOS1,wt,wt_s3,detail,3,44,KPIKMVZJKZDOFC-UHFFFAOYNA-N,-8.713
NOS1,wt,wt_s3,detail,3,45,DIKDKRUREJXLMR-DPMTXJEANA-N,-8.592
NOS1,wt,wt_s3,detail,3,46,QRVJDPKQHAVBDK-UYBDAZJANA-N,-7.673
NOS1,wt,wt_s3,detail,3,47,SGBSFKSDPWOALT-UYBDAZJANA-N,-7.864
NOS1,wt,wt_s3,detail,3,48,CYHFRNFVZWVHCG-OTJKMEOQNA-N,-9.059
NOS1,wt,wt_s3,detail,3,49,MJUDQDHXCQONOA-MPIMZMORNA-N,-8.438
NOS1,wt,wt_s3,detail,3,50,RNVYRNLUUYNQAS-PKSOQXRJNA-N,-8.725
NOS1,wt,wt_s3,detail,3,51,DLZXOZYETDVJEB-QWOVJGMINA-N,-7.538
NOS1,wt,wt_s3,detail,3,52,HSICVZRDGBJSEL-GPQMBLKYNA-N,-8.05
NOS1,wt,wt_s3,detail,3,53,HMRUHHFLIMYEAF-QNGOCPJXNA-N,-7.502
NOS1,wt,wt_s3,detail,3,54,ZZOWQPSBJUXHCA-YSPRVCGUNA-N,-8.124
NOS1,wt,wt_s3,detail,3,55,WDDJLHOUFWSQSV-UHFFFAOYNA-N,-7.891
NOS1,wt,wt_s3,detail,3,56,UKLIIGXGTPSYBF-IBCWCQIKNA-N,-8.026
NOS1,wt,wt_s3,detail,3,57,LNPOBRXJZYGQMS-MOHJPFBDNA-N,-8.223
NOS1,wt,wt_s3,detail,3,58,FYILBFPPKIZBTO-UHFFFAOYNA-N,-7.76
NOS1,wt,wt_s3,detail,3,59,MIKIJFODTJGFDI-LILDFLRNNA-N,-8.199
NOS1,wt,wt_s3,detail,3,60,RUWCNSLWWCWTSU-LILDFLRNNA-N,-7.481
NOS1,wt,wt_s3,detail,3,61,KLQWCHKIQJHYIB-UHFFFAOYNA-N,-8.862
NOS1,wt,wt_s3,detail,3,62,QKAWGENQCGFAOE-NPVYFSBINA-N,-8.193
NOS1,wt,wt_s3,detail,3,63,KGOKCBRZBBEYBE-MMRXBHCZNA-N,-9.267
NOS1,wt,wt_s3,detail,3,64,ROFRXCLSWKEWTN-UHFFFAOYNA-N,-7.218
NOS1,wt,wt_s3,detail,3,65,AKRMJNKLSCBEME-FPYGCLRLNA-N,-8.02
NOS1,wt,wt_s3,detail,3,66,LCGJUJZLLYTYIF-XMFFZCEENA-N,-8.78
NOS1,wt,wt_s3,detail,3,67,FREQNFSEYLEFOI-QRCVEOAVNA-N,-7.755
NOS1,wt,wt_s3,detail,3,68,MHMINAYLMNBGSM-UHFFFAOYNA-N,-7.457
NOS1,wt,wt_s3,detail,3,69,SYMNTBHEGHFZMV-UHFFFAOYNA-N,-7.487
NOS1,wt,wt_s3,detail,3,70,NNCRWGMPCGSKOO-LILDFLRNNA-N,-7.365
NOS1,wt,wt_s3,detail,3,71,ZCRRNCCNJMRGFI-UHFFFAOYNA-N,-9.293
NOS1,wt,wt_s3,detail,3,72,PYVZEIBGEUQNQQ-UHFFFAOYNA-N,-9.477
NOS1,wt,wt_s3,detail,3,73,OROJQWVRCGJACT-XBTAAFKLNA-N,-9.284
NOS1,wt,wt_s3,detail,3,74,TXYUWXKCUDOUGU-JLGFQASFNA-N,-7.744
NOS1,wt,wt_s3,detail,3,75,LAZANALODSEDSE-UHFFFAOYNA-N,-7.149
NOS1,wt,wt_s3,detail,3,76,RJXCYVJLXGRCHK-UHFFFAOYNA-N,-9.934
NOS1,wt,wt_s3,detail,3,77,FUSKIBWHJAWEFI-IEJAXPBYNA-N,-8.768
NOS1,wt,wt_s3,detail,3,78,SGWVLOCBQLQWQV-UHFFFAOYNA-N,-7.853
NOS1,wt,wt_s3,detail,3,79,PPXRQTYXLZCDAZ-QWOVJGMINA-N,-8.353
NOS1,wt,wt_s3,detail,3,80,DIFBADFWLVYFHV-LELJVTLKNA-N,-9.604
NOS1,wt,wt_s3,detail,3,81,XREOSEVJCQGCHE-MHPMNMKGNA-N,-10.223
NOS1,wt,wt_s3,detail,3,82,ZHGPKHBXSKWZEQ-UHFFFAOYNA-N,-8.004
NOS1,wt,wt_s3,detail,3,83,ZFAYPJJNPSNAFK-UHFFFAOYNA-N,-8.007
NOS1,wt,wt_s3,detail,3,84,LTXMRAGWIDQTQT-MYUTVWBTNA-N,-9.215
NOS1,wt,wt_s3,detail,3,85,VXQHYHSSGLOALC-SPEPDGBUNA-N,-9.431
NOS1,wt,wt_s3,detail,3,86,KWDSFRAWCISROF-PJQSKVNONA-N,-9.282
NOS1,wt,wt_s3,detail,3,87,ZJZXSQPHUQUHIV-ZGZFQTMPNA-N,-9.131
NOS1,wt,wt_s3,detail,3,88,UYHIVPBYFWVWEJ-UHFFFAOYNA-N,-9.259
NOS1,wt,wt_s3,detail,3,89,PLEFJSUCKRWHBY-LNNLXFCONA-N,-8.898
NOS1,wt,wt_s3,detail,3,90,DNSRQCRQLKJUCC-PDJAEHLQNA-N,-9.257
NOS1,wt,wt_s3,detail,3,91,PHYKZCBUNVYJNH-YDBXFXKPNA-N,-7.261
NOS1,wt,wt_s3,detail,3,92,OOUHZBUAVKCDGA-UHFFFAOYNA-N,-8.345
NOS1,wt,wt_s3,detail,3,93,UUQDFZFJDFMLHW-UHFFFAOYNA-N,-8.01
NOS1,wt,wt_s3,detail,3,94,OOUDDHNLDLLUOL-SKKVRFOWNA-N,-8.608
NOS1,wt,wt_s3,detail,3,95,ZDMQSUAMTLXUTE-MPIMZMORNA-N,-9.554
NOS1,wt,wt_s3,detail,3,96,NMPLPABDEKPABN-UHFFFAOYNA-N,-8.969
NOS1,wt,wt_s3,detail,3,97,INZRHGSVWGRHBM-NPVYFSBINA-N,-8.826
NOS1,wt,wt_s3,detail,3,98,RVGCWMKVTAEQIH-LNNLXFCONA-N,-9.376
NOS1,wt,wt_s3,detail,3,99,VRXWKRQOVMZBAF-LJQANCHMNA-N,-7.912
NOS1,wt,wt_s3,detail,3,100,QACLWOIBBYOHQP-UYBDAZJANA-N,-7.587
NOS1,wt,wt_s3,detail,3,101,ZNXSZVFPCBIELQ-LNNLXFCONA-N,-7.71
NOS1,wt,wt_s3,detail,3,102,GKMWCCNMKRSQHR-VEKUMTKDNA-N,-8.532
NOS1,wt,wt_s3,detail,3,103,FFGUSRSMWFYKGK-SKKVRFOWNA-N,-9.249
NOS1,wt,wt_s3,detail,3,104,KXBDDGKXLZBLOM-SPEPDGBUNA-N,-8.392
NOS1,wt,wt_s3,detail,3,105,MIUWULAZCXYTJW-MSHHZIMBNA-N,-9.583
NOS1,wt,wt_s3,detail,3,106,JPZOYWVRFLZCIC-NJNXFGOHNA-N,-10.29
NOS1,wt,wt_s3,detail,3,107,FAIQTLBYDVKBAB-DVIAZDKANA-N,-8.516
NOS1,wt,wt_s3,detail,3,108,APFLRZZAOXCNAZ-UHFFFAOYNA-N,-8.156
NOS1,wt,wt_s3,detail,3,109,BSQLDSQTGOZBFD-UHFFFAOYNA-N,-7.948
NOS1,wt,wt_s3,detail,3,110,ZVVCFJXCDATSCC-UHFFFAOYNA-N,-7.849
NOS1,wt,wt_s3,detail,3,111,SKEQTXZATFWVMB-UYBDAZJANA-N,-7.074
NOS1,wt,wt_s3,detail,3,112,IATWYRHDJKMBQK-MPIMZMORNA-N,-8.555
NOS1,wt,wt_s3,detail,3,113,JPWOEQDCUZCWKT-MPIMZMORNA-N,-7.242
NOS1,wt,wt_s3,detail,3,114,RYHSAXRBHDHPPK-PKSOQXRJNA-N,-7.788
NOS1,wt,wt_s3,detail,3,115,GKKJWUFVZJJFPG-MPIMZMORNA-N,-8.472
NOS1,wt,wt_s3,detail,3,116,FDNZXFDUCINVLY-BDGWVKIONA-N,-9.26
NOS1,wt,wt_s3,detail,3,117,KTBYKHKWIFIFAK-UHFFFAOYNA-N,-9.507
NOS1,wt,wt_s3,detail,3,118,ZRXZEWGUECXTTQ-LQFNOIFHNA-N,-8.488
NOS1,wt,wt_s3,detail,3,119,XNACBBGLIAJNJM-PECIQRARNA-N,-7.3
NOS1,wt,wt_s3,detail,3,120,WQZYYJRVBIQUGH-YWZOXAELNA-N,-8.771
NOS1,wt,wt_s3,detail,3,121,ABMSRNRLDZVJFV-SWUIVHNENA-N,-8.325
NOS1,wt,wt_s3,detail,3,122,ZEACBIUBSOLEGW-QAITUMOCNA-N,-10.733
NOS1,wt,wt_s3,detail,3,123,UBFCDXVLKFOOGL-OKPOJWAQNA-N,-8.547
NOS1,wt,wt_s3,detail,3,124,RRIHVAFUFDANEX-NSJMMFDCNA-N,-8.568
NOS1,wt,wt_s3,detail,3,125,HASIAUWPWKTSBW-SREBMQDQNA-N,-7.151
NOS1,wt,wt_s3,detail,3,126,WHBCKYHTCHCHAY-LQFNOIFHNA-N,-9.46
NOS1,wt,wt_s3,detail,3,127,XMAYWYJOQHXEEK-JYFHCDHNNA-N,-9.116
NOS1,wt,wt_s3,detail,3,128,TVKCFCZANTZCSU-OYRHEFFENA-N,-9.891
NOS1,wt,wt_s3,detail,3,129,OJFIIUWPOHBVMH-LNNLXFCONA-N,-7.776
NOS1,wt,wt_s3,detail,3,130,DKLZMGFTGWKNCD-DIRLUKLVNA-N,-9.946
NOS1,wt,wt_s3,detail,3,131,PYSLGWZFRQWTDD-PWIKPTQSNA-N,-9.195
NOS1,wt,wt_s3,detail,3,132,MWMBIUUYBQWKJX-QTUCRYGENA-N,-9.545
NOS1,wt,wt_s3,detail,3,133,FLYQFCXTEFTSQN-UHFFFAOYNA-N,-9.255
NOS1,wt,wt_s3,detail,3,134,PBIBDSDWIMZYDT-WBWGZOKWNA-N,-8.976
NOS1,wt,wt_s3,detail,3,135,GSRWMFGBDLHGBU-YEFLILRRNA-N,-8.533
NOS1,wt,wt_s3,detail,3,136,AYIJJQHMZAEQKE-QDAGQJSJNA-N,-7.952
NOS1,wt,wt_s3,detail,3,137,JVWTZUKPDMRNDC-FSAKADSPNA-N,-8.981
NOS1,wt,wt_s3,detail,3,138,XAZPLOLSRXZDBO-LBZABMTDNA-N,-7.482
NOS1,wt,wt_s3,detail,3,139,RGWVFJBNHCWCTL-CFEGKOCINA-N,-9.463
NOS1,wt,wt_s3,detail,3,140,YYWNRQZCPIMCAK-UHFFFAOYNA-N,-8.8
NOS1,wt,wt_s3,detail,3,141,PBTZDKNKXRSZPM-XBXBPLPCNA-N,-8.966
NOS1,wt,wt_s3,detail,3,142,QQPOIMHFFPBDQM-LELJVTLKNA-N,-7.904
NOS1,wt,wt_s3,detail,3,143,NYFQURFFDGCBCB-MAQJPOOANA-N,-8.374
NOS1,wt,wt_s3,detail,3,144,HXZVHWHABLBWBS-MTTPVDACNA-N,-9.793
NOS1,wt,wt_s3,detail,3,145,IWYYSOJWYLZKLK-LELJVTLKNA-N,-8.232
NOS1,wt,wt_s3,detail,3,146,HOGUCNPGZXMBGW-UHFFFAOYNA-N,-8.661
NOS1,wt,wt_s3,detail,3,147,VITUDJAVASFPKN-DUFUIDNCNA-N,-8.747
NOS1,wt,wt_s3,detail,3,148,IXAHDCRYEUYPBG-SCXYCHFONA-N,-9.291
NOS1,wt,wt_s3,detail,3,149,JWHMEKMLAZQDNS-OZMOGHDGNA-N,-8.041
NOS1,wt,wt_s3,detail,3,150,BZWNBTIJLRHNDZ-LBOYIXSDNA-N,-8.619
NOS1,wt,wt_s3,detail,3,151,RECYROBESYRUML-UHFFFAOYNA-N,-7.912
NOS1,wt,wt_s3,detail,3,152,MLDSJJJLQRZNKW-UHBIVWOUNA-N,-10.298
NOS1,wt,wt_s3,detail,3,153,XTWIHJARHCYNFX-PHXLCVRDNA-N,-7.936
NOS1,wt,wt_s3,detail,3,154,UQGFETVWTRDGKJ-UHFFFAOYNA-N,-8.22
NOS1,wt,wt_s3,detail,3,155,VJFSMDWEMFOWDK-CYSPOYASNA-N,-10.203
NOS1,wt,wt_s3,detail,3,156,NZYLXYBIWNIAGH-CYSPOYASNA-N,-9.464
NOS1,wt,wt_s3,detail,3,157,ODXCWFOKLBJQNP-MPIMZMORNA-N,-7.4
NOS1,wt,wt_s3,detail,3,158,FVDNMAPPDSKXKQ-UHFFFAOYNA-N,-10.002
NOS1,wt,wt_s3,detail,3,159,DOPWMPRIRWTOOD-CCHPKIMANA-N,-7.867
NOS1,c_GLU592,mut_s1,detail,1,0,URVMSYHISUZXNH-UYBDAZJANA-N,-9.254
NOS1,c_GLU592,mut_s1,detail,1,1,KXRPCFINVWWFHQ-UHFFFAOYNA-N,-5.352
NOS1,c_GLU592,mut_s1,detail,1,2,NICJTSHRYBTHAS-YHMJCDSINA-N,-7.973
NOS1,c_GLU592,mut_s1,detail,1,3,SWRZVDTZHDWPDS-AWIDAIFANA-N,-8.391
NOS1,c_GLU592,mut_s1,detail,1,4,RKNSLLSUFWWYCA-UHFFFAOYNA-N,-9.319
NOS1,c_GLU592,mut_s1,detail,1,5,OZFSIKFTRRUDES-RIYZIHGNNA-N,-6.717
NOS1,c_GLU592,mut_s1,detail,1,6,AAGGUCRASUJPPN-UHFFFAOYNA-N,-7.875
NOS1,c_GLU592,mut_s1,detail,1,7,OYHXDPMAFYHDNG-YAQRNVERNA-N,-8.305
NOS1,c_GLU592,mut_s1,detail,1,8,AWILWAIEQYZUEQ-UHFFFAOYNA-N,-7.992
NOS1,c_GLU592,mut_s1,detail,1,9,WSFAXHLMQUUHQT-VMPITWQZNA-N,-7.967
NOS1,c_GLU592,mut_s1,detail,1,10,WPHMTVNOXKBZKN-UHFFFAOYNA-N,-7.63
NOS1,c_GLU592,mut_s1,detail,1,11,LPEIZNODGHDCCW-UHFFFAOYNA-N,-7.582
NOS1,c_GLU592,mut_s1,detail,1,12,QQHWWDVSRWOHEP-LILDFLRNNA-N,-9.386
NOS1,c_GLU592,mut_s1,detail,1,13,UMEVSSPGBFVQNC-UHFFFAOYNA-N,-7.25
NOS1,c_GLU592,mut_s1,detail,1,14,VZDIOEKWWZRNQN-UHFFFAOYNA-N,-8.88
NOS1,c_GLU592,mut_s1,detail,1,15,JEVLDOUORFAHRS-NDKGDYFDNA-N,-8.451
NOS1,c_GLU592,mut_s1,detail,1,16,NFTGJNJRMWUBPG-GPQMBLKYNA-N,-7.695
NOS1,c_GLU592,mut_s1,detail,1,17,UMUUTEZBWGDVDA-UHFFFAOYNA-N,-8.484
NOS1,c_GLU592,mut_s1,detail,1,18,VLQKEPLNPGYNDJ-HCKMINDGNA-N,-7.946
NOS1,c_GLU592,mut_s1,detail,1,19,PPMVTAATPZLMJM-CDDDEJBQNA-N,-8.956
NOS1,c_GLU592,mut_s1,detail,1,20,AHLYFAKLKLMESK-YAQRNVERNA-N,-7.336
NOS1,c_GLU592,mut_s1,detail,1,21,GYEJYLAGVWRSIM-KGJHZMDYNA-N,-7.466
NOS1,c_GLU592,mut_s1,detail,1,22,RXVALSLAUOIYLW-UHFFFAOYNA-N,-7.588
NOS1,c_GLU592,mut_s1,detail,1,23,NSELYIFATLFDOZ-JLGFQASFNA-N,-7.912
NOS1,c_GLU592,mut_s1,detail,1,24,COQFBYACOHFCEC-UHFFFAOYNA-N,-7.783
NOS1,c_GLU592,mut_s1,detail,1,25,CJGJXFCLDYQBFQ-YJGXKCCXNA-N,-8.657
NOS1,c_GLU592,mut_s1,detail,1,26,BWNGRRJLFYHENY-INIZCTEONA-N,-7.713
NOS1,c_GLU592,mut_s1,detail,1,27,BNRFXWSJKVJVOF-UYBDAZJANA-N,-9.202
NOS1,c_GLU592,mut_s1,detail,1,28,DMULMZBZVBBWBY-PJZINPJWNA-N,-8.659
NOS1,c_GLU592,mut_s1,detail,1,29,AXLAIGJGNKHDPO-UHFFFAOYNA-N,-7.226
NOS1,c_GLU592,mut_s1,detail,1,30,RKDGAONZEPYEBT-WXRBYKJCNA-N,-8.441
NOS1,c_GLU592,mut_s1,detail,1,31,MBOYDUZSCSNUQL-MBBDSNKKNA-N,-8.395
NOS1,c_GLU592,mut_s1,detail,1,32,KPVDBHRTXOFQDK-YAQRNVERNA-N,-7.061
NOS1,c_GLU592,mut_s1,detail,1,33,LVCNFMYUKISBSB-VJSNTGQMNA-N,-8.151
NOS1,c_GLU592,mut_s1,detail,1,34,XLAHCIRKLMJUQC-DZQCGVKKNA-N,-10.371
NOS1,c_GLU592,mut_s1,detail,1,35,QNYHDABGLCBJOE-SHHGZXMVNA-N,-8.897
NOS1,c_GLU592,mut_s1,detail,1,36,HEKNRISBWSPMOG-OWTLIXCDNA-N,-8.944
NOS1,c_GLU592,mut_s1,detail,1,37,VIRNXCRLEVZXNX-LILDFLRNNA-N,-10.137
NOS1,c_GLU592,mut_s1,detail,1,38,SRTGERSEXJGDMR-UHFFFAOYNA-N,-8.031
NOS1,c_GLU592,mut_s1,detail,1,39,ZGMGSSRLZJYOKH-WXRBYKJCNA-N,-7.618
NOS1,c_GLU592,mut_s1,detail,1,40,VGYFDFRFGHHCDA-CUTUCBJDNA-N,-9.436
NOS1,c_GLU592,mut_s1,detail,1,41,DILPMLYWQJPNLO-HCKMINDGNA-N,-8.976
NOS1,c_GLU592,mut_s1,detail,1,42,RSOODJIGEVJLMK-LQFNOIFHNA-N,-9.602
NOS1,c_GLU592,mut_s1,detail,1,43,OWHHWMUAYBIQPR-UHFFFAOYNA-N,-9.4
NOS1,c_GLU592,mut_s1,detail,1,44,KPIKMVZJKZDOFC-UHFFFAOYNA-N,-9.23
NOS1,c_GLU592,mut_s1,detail,1,45,DIKDKRUREJXLMR-DPMTXJEANA-N,-9.468
NOS1,c_GLU592,mut_s1,detail,1,46,QRVJDPKQHAVBDK-UYBDAZJANA-N,-7.952
NOS1,c_GLU592,mut_s1,detail,1,47,SGBSFKSDPWOALT-UYBDAZJANA-N,-8.783
NOS1,c_GLU592,mut_s1,detail,1,48,CYHFRNFVZWVHCG-OTJKMEOQNA-N,-9.211
NOS1,c_GLU592,mut_s1,detail,1,49,MJUDQDHXCQONOA-MPIMZMORNA-N,-8.572
NOS1,c_GLU592,mut_s1,detail,1,50,RNVYRNLUUYNQAS-PKSOQXRJNA-N,-8.226
NOS1,c_GLU592,mut_s1,detail,1,51,DLZXOZYETDVJEB-QWOVJGMINA-N,-7.475
NOS1,c_GLU592,mut_s1,detail,1,52,HSICVZRDGBJSEL-GPQMBLKYNA-N,-8.283
NOS1,c_GLU592,mut_s1,detail,1,53,HMRUHHFLIMYEAF-QNGOCPJXNA-N,-7.744
NOS1,c_GLU592,mut_s1,detail,1,54,ZZOWQPSBJUXHCA-YSPRVCGUNA-N,-9.115
NOS1,c_GLU592,mut_s1,detail,1,55,WDDJLHOUFWSQSV-UHFFFAOYNA-N,-8.48
NOS1,c_GLU592,mut_s1,detail,1,56,UKLIIGXGTPSYBF-IBCWCQIKNA-N,-8.571
NOS1,c_GLU592,mut_s1,detail,1,57,LNPOBRXJZYGQMS-MOHJPFBDNA-N,-9.203
NOS1,c_GLU592,mut_s1,detail,1,58,FYILBFPPKIZBTO-UHFFFAOYNA-N,-7.765
NOS1,c_GLU592,mut_s1,detail,1,59,MIKIJFODTJGFDI-LILDFLRNNA-N,-8.603
NOS1,c_GLU592,mut_s1,detail,1,60,RUWCNSLWWCWTSU-LILDFLRNNA-N,-7.825
NOS1,c_GLU592,mut_s1,detail,1,61,KLQWCHKIQJHYIB-UHFFFAOYNA-N,-8.932
NOS1,c_GLU592,mut_s1,detail,1,62,QKAWGENQCGFAOE-NPVYFSBINA-N,-8.814
NOS1,c_GLU592,mut_s1,detail,1,63,KGOKCBRZBBEYBE-MMRXBHCZNA-N,-9.835
NOS1,c_GLU592,mut_s1,detail,1,64,ROFRXCLSWKEWTN-UHFFFAOYNA-N,-7.149
NOS1,c_GLU592,mut_s1,detail,1,65,AKRMJNKLSCBEME-FPYGCLRLNA-N,-7.842
NOS1,c_GLU592,mut_s1,detail,1,66,LCGJUJZLLYTYIF-XMFFZCEENA-N,-8.653
NOS1,c_GLU592,mut_s1,detail,1,67,FREQNFSEYLEFOI-QRCVEOAVNA-N,-8.124
NOS1,c_GLU592,mut_s1,detail,1,68,MHMINAYLMNBGSM-UHFFFAOYNA-N,-7.931
NOS1,c_GLU592,mut_s1,detail,1,69,SYMNTBHEGHFZMV-UHFFFAOYNA-N,-8.187
NOS1,c_GLU592,mut_s1,detail,1,70,NNCRWGMPCGSKOO-LILDFLRNNA-N,-7.545
NOS1,c_GLU592,mut_s1,detail,1,71,ZCRRNCCNJMRGFI-UHFFFAOYNA-N,-9.556
NOS1,c_GLU592,mut_s1,detail,1,72,PYVZEIBGEUQNQQ-UHFFFAOYNA-N,-9.321
NOS1,c_GLU592,mut_s1,detail,1,73,OROJQWVRCGJACT-XBTAAFKLNA-N,-9.529
NOS1,c_GLU592,mut_s1,detail,1,74,TXYUWXKCUDOUGU-JLGFQASFNA-N,-8.271
NOS1,c_GLU592,mut_s1,detail,1,75,LAZANALODSEDSE-UHFFFAOYNA-N,-7.668
NOS1,c_GLU592,mut_s1,detail,1,76,RJXCYVJLXGRCHK-UHFFFAOYNA-N,-9.98
NOS1,c_GLU592,mut_s1,detail,1,77,FUSKIBWHJAWEFI-IEJAXPBYNA-N,-8.561
NOS1,c_GLU592,mut_s1,detail,1,78,SGWVLOCBQLQWQV-UHFFFAOYNA-N,-8.946
NOS1,c_GLU592,mut_s1,detail,1,79,PPXRQTYXLZCDAZ-QWOVJGMINA-N,-9.145
NOS1,c_GLU592,mut_s1,detail,1,80,DIFBADFWLVYFHV-LELJVTLKNA-N,-9.968
NOS1,c_GLU592,mut_s1,detail,1,81,XREOSEVJCQGCHE-MHPMNMKGNA-N,-9.966
NOS1,c_GLU592,mut_s1,detail,1,82,ZHGPKHBXSKWZEQ-UHFFFAOYNA-N,-9.251
NOS1,c_GLU592,mut_s1,detail,1,83,ZFAYPJJNPSNAFK-UHFFFAOYNA-N,-8.828
NOS1,c_GLU592,mut_s1,detail,1,84,LTXMRAGWIDQTQT-MYUTVWBTNA-N,-9.41
NOS1,c_GLU592,mut_s1,detail,1,85,VXQHYHSSGLOALC-SPEPDGBUNA-N,-10.093
NOS1,c_GLU592,mut_s1,detail,1,86,KWDSFRAWCISROF-PJQSKVNONA-N,-9.152
NOS1,c_GLU592,mut_s1,detail,1,87,ZJZXSQPHUQUHIV-ZGZFQTMPNA-N,-8.852
NOS1,c_GLU592,mut_s1,detail,1,88,UYHIVPBYFWVWEJ-UHFFFAOYNA-N,-10.029
NOS1,c_GLU592,mut_s1,detail,1,89,PLEFJSUCKRWHBY-LNNLXFCONA-N,-8.634
NOS1,c_GLU592,mut_s1,detail,1,90,DNSRQCRQLKJUCC-PDJAEHLQNA-N,-8.903
NOS1,c_GLU592,mut_s1,detail,1,91,PHYKZCBUNVYJNH-YDBXFXKPNA-N,-7.326
NOS1,c_GLU592,mut_s1,detail,1,92,OOUHZBUAVKCDGA-UHFFFAOYNA-N,-8.342
NOS1,c_GLU592,mut_s1,detail,1,93,UUQDFZFJDFMLHW-UHFFFAOYNA-N,-9.036
NOS1,c_GLU592,mut_s1,detail,1,94,OOUDDHNLDLLUOL-SKKVRFOWNA-N,-8.7
NOS1,c_GLU592,mut_s1,detail,1,95,ZDMQSUAMTLXUTE-MPIMZMORNA-N,-9.646
NOS1,c_GLU592,mut_s1,detail,1,96,NMPLPABDEKPABN-UHFFFAOYNA-N,-8.782
NOS1,c_GLU592,mut_s1,detail,1,97,INZRHGSVWGRHBM-NPVYFSBINA-N,-9.109
NOS1,c_GLU592,mut_s1,detail,1,98,RVGCWMKVTAEQIH-LNNLXFCONA-N,-9.352
NOS1,c_GLU592,mut_s1,detail,1,99,VRXWKRQOVMZBAF-LJQANCHMNA-N,-8.882
NOS1,c_GLU592,mut_s1,detail,1,100,QACLWOIBBYOHQP-UYBDAZJANA-N,-7.759
NOS1,c_GLU592,mut_s1,detail,1,101,ZNXSZVFPCBIELQ-LNNLXFCONA-N,-8.381
NOS1,c_GLU592,mut_s1,detail,1,102,GKMWCCNMKRSQHR-VEKUMTKDNA-N,-8.375
NOS1,c_GLU592,mut_s1,detail,1,103,FFGUSRSMWFYKGK-SKKVRFOWNA-N,-9.265
NOS1,c_GLU592,mut_s1,detail,1,104,KXBDDGKXLZBLOM-SPEPDGBUNA-N,-8.648
NOS1,c_GLU592,mut_s1,detail,1,105,MIUWULAZCXYTJW-MSHHZIMBNA-N,-9.225
NOS1,c_GLU592,mut_s1,detail,1,106,JPZOYWVRFLZCIC-NJNXFGOHNA-N,-9.562
NOS1,c_GLU592,mut_s1,detail,1,107,FAIQTLBYDVKBAB-DVIAZDKANA-N,-9.302
NOS1,c_GLU592,mut_s1,detail,1,108,APFLRZZAOXCNAZ-UHFFFAOYNA-N,-8.163
NOS1,c_GLU592,mut_s1,detail,1,109,BSQLDSQTGOZBFD-UHFFFAOYNA-N,-9.493
NOS1,c_GLU592,mut_s1,detail,1,110,ZVVCFJXCDATSCC-UHFFFAOYNA-N,-9.479
NOS1,c_GLU592,mut_s1,detail,1,111,SKEQTXZATFWVMB-UYBDAZJANA-N,-7.713
NOS1,c_GLU592,mut_s1,detail,1,112,IATWYRHDJKMBQK-MPIMZMORNA-N,-9.281
NOS1,c_GLU592,mut_s1,detail,1,113,JPWOEQDCUZCWKT-MPIMZMORNA-N,-6.955
NOS1,c_GLU592,mut_s1,detail,1,114,RYHSAXRBHDHPPK-PKSOQXRJNA-N,-7.946
NOS1,c_GLU592,mut_s1,detail,1,115,GKKJWUFVZJJFPG-MPIMZMORNA-N,-9.487
NOS1,c_GLU592,mut_s1,detail,1,116,FDNZXFDUCINVLY-BDGWVKIONA-N,-8.038
NOS1,c_GLU592,mut_s1,detail,1,117,KTBYKHKWIFIFAK-UHFFFAOYNA-N,-11.145
NOS1,c_GLU592,mut_s1,detail,1,118,ZRXZEWGUECXTTQ-LQFNOIFHNA-N,-9.827
NOS1,c_GLU592,mut_s1,detail,1,119,XNACBBGLIAJNJM-PECIQRARNA-N,-7.757
NOS1,c_GLU592,mut_s1,detail,1,120,WQZYYJRVBIQUGH-YWZOXAELNA-N,-9.168
NOS1,c_GLU592,mut_s1,detail,1,121,ABMSRNRLDZVJFV-SWUIVHNENA-N,-8.546
NOS1,c_GLU592,mut_s1,detail,1,122,ZEACBIUBSOLEGW-QAITUMOCNA-N,-10.765
NOS1,c_GLU592,mut_s1,detail,1,123,UBFCDXVLKFOOGL-OKPOJWAQNA-N,-7.408
NOS1,c_GLU592,mut_s1,detail,1,124,RRIHVAFUFDANEX-NSJMMFDCNA-N,-8.368
NOS1,c_GLU592,mut_s1,detail,1,125,HASIAUWPWKTSBW-SREBMQDQNA-N,-9.285
NOS1,c_GLU592,mut_s1,detail,1,126,WHBCKYHTCHCHAY-LQFNOIFHNA-N,-9.303
NOS1,c_GLU592,mut_s1,detail,1,127,XMAYWYJOQHXEEK-JYFHCDHNNA-N,-8.726
NOS1,c_GLU592,mut_s1,detail,1,128,TVKCFCZANTZCSU-OYRHEFFENA-N,-10.434
NOS1,c_GLU592,mut_s1,detail,1,129,OJFIIUWPOHBVMH-LNNLXFCONA-N,-7.911
NOS1,c_GLU592,mut_s1,detail,1,130,DKLZMGFTGWKNCD-DIRLUKLVNA-N,-9.327
NOS1,c_GLU592,mut_s1,detail,1,131,PYSLGWZFRQWTDD-PWIKPTQSNA-N,-10.208
NOS1,c_GLU592,mut_s1,detail,1,132,MWMBIUUYBQWKJX-QTUCRYGENA-N,-8.812
NOS1,c_GLU592,mut_s1,detail,1,133,FLYQFCXTEFTSQN-UHFFFAOYNA-N,-8.773
NOS1,c_GLU592,mut_s1,detail,1,134,PBIBDSDWIMZYDT-WBWGZOKWNA-N,-9.492
NOS1,c_GLU592,mut_s1,detail,1,135,GSRWMFGBDLHGBU-YEFLILRRNA-N,-8.203
NOS1,c_GLU592,mut_s1,detail,1,136,AYIJJQHMZAEQKE-QDAGQJSJNA-N,-9.065
NOS1,c_GLU592,mut_s1,detail,1,137,JVWTZUKPDMRNDC-FSAKADSPNA-N,-9.445
NOS1,c_GLU592,mut_s1,detail,1,138,XAZPLOLSRXZDBO-LBZABMTDNA-N,-7.564
NOS1,c_GLU592,mut_s1,detail,1,139,RGWVFJBNHCWCTL-CFEGKOCINA-N,-10.259
NOS1,c_GLU592,mut_s1,detail,1,140,YYWNRQZCPIMCAK-UHFFFAOYNA-N,-8.932
NOS1,c_GLU592,mut_s1,detail,1,141,PBTZDKNKXRSZPM-XBXBPLPCNA-N,-10.075
NOS1,c_GLU592,mut_s1,detail,1,142,QQPOIMHFFPBDQM-LELJVTLKNA-N,-8.041
NOS1,c_GLU592,mut_s1,detail,1,143,NYFQURFFDGCBCB-MAQJPOOANA-N,-8.026
NOS1,c_GLU592,mut_s1,detail,1,144,HXZVHWHABLBWBS-MTTPVDACNA-N,-9.839
NOS1,c_GLU592,mut_s1,detail,1,145,IWYYSOJWYLZKLK-LELJVTLKNA-N,-9.092
NOS1,c_GLU592,mut_s1,detail,1,146,HOGUCNPGZXMBGW-UHFFFAOYNA-N,-8.771
NOS1,c_GLU592,mut_s1,detail,1,147,VITUDJAVASFPKN-DUFUIDNCNA-N,-9.897
NOS1,c_GLU592,mut_s1,detail,1,148,IXAHDCRYEUYPBG-SCXYCHFONA-N,-10.863
NOS1,c_GLU592,mut_s1,detail,1,149,JWHMEKMLAZQDNS-OZMOGHDGNA-N,-8.828
NOS1,c_GLU592,mut_s1,detail,1,150,BZWNBTIJLRHNDZ-LBOYIXSDNA-N,-8.964
NOS1,c_GLU592,mut_s1,detail,1,151,RECYROBESYRUML-UHFFFAOYNA-N,-8.813
NOS1,c_GLU592,mut_s1,detail,1,152,MLDSJJJLQRZNKW-UHBIVWOUNA-N,-10.052
NOS1,c_GLU592,mut_s1,detail,1,153,XTWIHJARHCYNFX-PHXLCVRDNA-N,-8.091
NOS1,c_GLU592,mut_s1,detail,1,154,UQGFETVWTRDGKJ-UHFFFAOYNA-N,-8.655
NOS1,c_GLU592,mut_s1,detail,1,155,VJFSMDWEMFOWDK-CYSPOYASNA-N,-9.732
NOS1,c_GLU592,mut_s1,detail,1,156,NZYLXYBIWNIAGH-CYSPOYASNA-N,-9.872
NOS1,c_GLU592,mut_s1,detail,1,157,ODXCWFOKLBJQNP-MPIMZMORNA-N,-8.718
NOS1,c_GLU592,mut_s1,detail,1,158,FVDNMAPPDSKXKQ-UHFFFAOYNA-N,-10.466
NOS1,c_GLU592,mut_s1,detail,1,159,DOPWMPRIRWTOOD-CCHPKIMANA-N,-9.938
NOS1,c_VAL567,mut_s1,detail,1,0,URVMSYHISUZXNH-UYBDAZJANA-N,-8.749
NOS1,c_VAL567,mut_s1,detail,1,1,KXRPCFINVWWFHQ-UHFFFAOYNA-N,-5.797
NOS1,c_VAL567,mut_s1,detail,1,2,NICJTSHRYBTHAS-YHMJCDSINA-N,-8.331
NOS1,c_VAL567,mut_s1,detail,1,3,SWRZVDTZHDWPDS-AWIDAIFANA-N,-8.766
NOS1,c_VAL567,mut_s1,detail,1,4,RKNSLLSUFWWYCA-UHFFFAOYNA-N,-9.328
NOS1,c_VAL567,mut_s1,detail,1,5,OZFSIKFTRRUDES-RIYZIHGNNA-N,-7.408
NOS1,c_VAL567,mut_s1,detail,1,6,AAGGUCRASUJPPN-UHFFFAOYNA-N,-7.598
NOS1,c_VAL567,mut_s1,detail,1,7,OYHXDPMAFYHDNG-YAQRNVERNA-N,-8.093
NOS1,c_VAL567,mut_s1,detail,1,8,AWILWAIEQYZUEQ-UHFFFAOYNA-N,-6.952
NOS1,c_VAL567,mut_s1,detail,1,9,WSFAXHLMQUUHQT-VMPITWQZNA-N,-8.078
NOS1,c_VAL567,mut_s1,detail,1,10,WPHMTVNOXKBZKN-UHFFFAOYNA-N,-7.912
NOS1,c_VAL567,mut_s1,detail,1,11,LPEIZNODGHDCCW-UHFFFAOYNA-N,-7.024
NOS1,c_VAL567,mut_s1,detail,1,12,QQHWWDVSRWOHEP-LILDFLRNNA-N,-8.467
NOS1,c_VAL567,mut_s1,detail,1,13,UMEVSSPGBFVQNC-UHFFFAOYNA-N,-6.914
NOS1,c_VAL567,mut_s1,detail,1,14,VZDIOEKWWZRNQN-UHFFFAOYNA-N,-9.449
NOS1,c_VAL567,mut_s1,detail,1,15,JEVLDOUORFAHRS-NDKGDYFDNA-N,-8.219
NOS1,c_VAL567,mut_s1,detail,1,16,NFTGJNJRMWUBPG-GPQMBLKYNA-N,-7.545
NOS1,c_VAL567,mut_s1,detail,1,17,UMUUTEZBWGDVDA-UHFFFAOYNA-N,-8.295
NOS1,c_VAL567,mut_s1,detail,1,18,VLQKEPLNPGYNDJ-HCKMINDGNA-N,-8.181
NOS1,c_VAL567,mut_s1,detail,1,19,PPMVTAATPZLMJM-CDDDEJBQNA-N,-8.86
NOS1,c_VAL567,mut_s1,detail,1,20,AHLYFAKLKLMESK-YAQRNVERNA-N,-7.506
NOS1,c_VAL567,mut_s1,detail,1,21,GYEJYLAGVWRSIM-KGJHZMDYNA-N,-8.62
NOS1,c_VAL567,mut_s1,detail,1,22,RXVALSLAUOIYLW-UHFFFAOYNA-N,-8.605
NOS1,c_VAL567,mut_s1,detail,1,23,NSELYIFATLFDOZ-JLGFQASFNA-N,-8.416
NOS1,c_VAL567,mut_s1,detail,1,24,COQFBYACOHFCEC-UHFFFAOYNA-N,-8.464
NOS1,c_VAL567,mut_s1,detail,1,25,CJGJXFCLDYQBFQ-YJGXKCCXNA-N,-8.683
NOS1,c_VAL567,mut_s1,detail,1,26,BWNGRRJLFYHENY-INIZCTEONA-N,-7.646
NOS1,c_VAL567,mut_s1,detail,1,27,BNRFXWSJKVJVOF-UYBDAZJANA-N,-8.722
NOS1,c_VAL567,mut_s1,detail,1,28,DMULMZBZVBBWBY-PJZINPJWNA-N,-9.102
NOS1,c_VAL567,mut_s1,detail,1,29,AXLAIGJGNKHDPO-UHFFFAOYNA-N,-6.587
NOS1,c_VAL567,mut_s1,detail,1,30,RKDGAONZEPYEBT-WXRBYKJCNA-N,-8.42
NOS1,c_VAL567,mut_s1,detail,1,31,MBOYDUZSCSNUQL-MBBDSNKKNA-N,-8.464
NOS1,c_VAL567,mut_s1,detail,1,32,KPVDBHRTXOFQDK-YAQRNVERNA-N,-6.942
NOS1,c_VAL567,mut_s1,detail,1,33,LVCNFMYUKISBSB-VJSNTGQMNA-N,-8.344
NOS1,c_VAL567,mut_s1,detail,1,34,XLAHCIRKLMJUQC-DZQCGVKKNA-N,-9.192
NOS1,c_VAL567,mut_s1,detail,1,35,QNYHDABGLCBJOE-SHHGZXMVNA-N,-8.585
NOS1,c_VAL567,mut_s1,detail,1,36,HEKNRISBWSPMOG-OWTLIXCDNA-N,-7.853
NOS1,c_VAL567,mut_s1,detail,1,37,VIRNXCRLEVZXNX-LILDFLRNNA-N,-9.606
NOS1,c_VAL567,mut_s1,detail,1,38,SRTGERSEXJGDMR-UHFFFAOYNA-N,-8.205
NOS1,c_VAL567,mut_s1,detail,1,39,ZGMGSSRLZJYOKH-WXRBYKJCNA-N,-7.63
NOS1,c_VAL567,mut_s1,detail,1,40,VGYFDFRFGHHCDA-CUTUCBJDNA-N,-9.12
NOS1,c_VAL567,mut_s1,detail,1,41,DILPMLYWQJPNLO-HCKMINDGNA-N,-8.989
NOS1,c_VAL567,mut_s1,detail,1,42,RSOODJIGEVJLMK-LQFNOIFHNA-N,-9.563
NOS1,c_VAL567,mut_s1,detail,1,43,OWHHWMUAYBIQPR-UHFFFAOYNA-N,-9.586
NOS1,c_VAL567,mut_s1,detail,1,44,KPIKMVZJKZDOFC-UHFFFAOYNA-N,-9.098
NOS1,c_VAL567,mut_s1,detail,1,45,DIKDKRUREJXLMR-DPMTXJEANA-N,-9.409
NOS1,c_VAL567,mut_s1,detail,1,46,QRVJDPKQHAVBDK-UYBDAZJANA-N,-7.776
NOS1,c_VAL567,mut_s1,detail,1,47,SGBSFKSDPWOALT-UYBDAZJANA-N,-8.389
NOS1,c_VAL567,mut_s1,detail,1,48,CYHFRNFVZWVHCG-OTJKMEOQNA-N,-8.909
NOS1,c_VAL567,mut_s1,detail,1,49,MJUDQDHXCQONOA-MPIMZMORNA-N,-8.956
NOS1,c_VAL567,mut_s1,detail,1,50,RNVYRNLUUYNQAS-PKSOQXRJNA-N,-8.19
NOS1,c_VAL567,mut_s1,detail,1,51,DLZXOZYETDVJEB-QWOVJGMINA-N,-7.8
NOS1,c_VAL567,mut_s1,detail,1,52,HSICVZRDGBJSEL-GPQMBLKYNA-N,-8.66
NOS1,c_VAL567,mut_s1,detail,1,53,HMRUHHFLIMYEAF-QNGOCPJXNA-N,-8.073
NOS1,c_VAL567,mut_s1,detail,1,54,ZZOWQPSBJUXHCA-YSPRVCGUNA-N,-8.762
NOS1,c_VAL567,mut_s1,detail,1,55,WDDJLHOUFWSQSV-UHFFFAOYNA-N,-8.939
NOS1,c_VAL567,mut_s1,detail,1,56,UKLIIGXGTPSYBF-IBCWCQIKNA-N,-8.195
NOS1,c_VAL567,mut_s1,detail,1,57,LNPOBRXJZYGQMS-MOHJPFBDNA-N,-8.793
NOS1,c_VAL567,mut_s1,detail,1,58,FYILBFPPKIZBTO-UHFFFAOYNA-N,-8.404
NOS1,c_VAL567,mut_s1,detail,1,59,MIKIJFODTJGFDI-LILDFLRNNA-N,-8.84
NOS1,c_VAL567,mut_s1,detail,1,60,RUWCNSLWWCWTSU-LILDFLRNNA-N,-9.049
NOS1,c_VAL567,mut_s1,detail,1,61,KLQWCHKIQJHYIB-UHFFFAOYNA-N,-9.181
NOS1,c_VAL567,mut_s1,detail,1,62,QKAWGENQCGFAOE-NPVYFSBINA-N,-8.649
NOS1,c_VAL567,mut_s1,detail,1,63,KGOKCBRZBBEYBE-MMRXBHCZNA-N,-9.674
NOS1,c_VAL567,mut_s1,detail,1,64,ROFRXCLSWKEWTN-UHFFFAOYNA-N,-7.198
NOS1,c_VAL567,mut_s1,detail,1,65,AKRMJNKLSCBEME-FPYGCLRLNA-N,-8.03
NOS1,c_VAL567,mut_s1,detail,1,66,LCGJUJZLLYTYIF-XMFFZCEENA-N,-9.546
NOS1,c_VAL567,mut_s1,detail,1,67,FREQNFSEYLEFOI-QRCVEOAVNA-N,-8.161
NOS1,c_VAL567,mut_s1,detail,1,68,MHMINAYLMNBGSM-UHFFFAOYNA-N,-7.427
NOS1,c_VAL567,mut_s1,detail,1,69,SYMNTBHEGHFZMV-UHFFFAOYNA-N,-8.06
NOS1,c_VAL567,mut_s1,detail,1,70,NNCRWGMPCGSKOO-LILDFLRNNA-N,-8.284
NOS1,c_VAL567,mut_s1,detail,1,71,ZCRRNCCNJMRGFI-UHFFFAOYNA-N,-9.717
NOS1,c_VAL567,mut_s1,detail,1,72,PYVZEIBGEUQNQQ-UHFFFAOYNA-N,-9.697
NOS1,c_VAL567,mut_s1,detail,1,73,OROJQWVRCGJACT-XBTAAFKLNA-N,-9.832
NOS1,c_VAL567,mut_s1,detail,1,74,TXYUWXKCUDOUGU-JLGFQASFNA-N,-7.474
NOS1,c_VAL567,mut_s1,detail,1,75,LAZANALODSEDSE-UHFFFAOYNA-N,-8.048
NOS1,c_VAL567,mut_s1,detail,1,76,RJXCYVJLXGRCHK-UHFFFAOYNA-N,-10.299
NOS1,c_VAL567,mut_s1,detail,1,77,FUSKIBWHJAWEFI-IEJAXPBYNA-N,-8.807
NOS1,c_VAL567,mut_s1,detail,1,78,SGWVLOCBQLQWQV-UHFFFAOYNA-N,-9.397
NOS1,c_VAL567,mut_s1,detail,1,79,PPXRQTYXLZCDAZ-QWOVJGMINA-N,-9.287
NOS1,c_VAL567,mut_s1,detail,1,80,DIFBADFWLVYFHV-LELJVTLKNA-N,-9.221
NOS1,c_VAL567,mut_s1,detail,1,81,XREOSEVJCQGCHE-MHPMNMKGNA-N,-9.919
NOS1,c_VAL567,mut_s1,detail,1,82,ZHGPKHBXSKWZEQ-UHFFFAOYNA-N,-8.011
NOS1,c_VAL567,mut_s1,detail,1,83,ZFAYPJJNPSNAFK-UHFFFAOYNA-N,-9.043
NOS1,c_VAL567,mut_s1,detail,1,84,LTXMRAGWIDQTQT-MYUTVWBTNA-N,-9.408
NOS1,c_VAL567,mut_s1,detail,1,85,VXQHYHSSGLOALC-SPEPDGBUNA-N,-10.25
NOS1,c_VAL567,mut_s1,detail,1,86,KWDSFRAWCISROF-PJQSKVNONA-N,-9.439
NOS1,c_VAL567,mut_s1,detail,1,87,ZJZXSQPHUQUHIV-ZGZFQTMPNA-N,-10.021
NOS1,c_VAL567,mut_s1,detail,1,88,UYHIVPBYFWVWEJ-UHFFFAOYNA-N,-10.205
NOS1,c_VAL567,mut_s1,detail,1,89,PLEFJSUCKRWHBY-LNNLXFCONA-N,-8.919
NOS1,c_VAL567,mut_s1,detail,1,90,DNSRQCRQLKJUCC-PDJAEHLQNA-N,-9.349
NOS1,c_VAL567,mut_s1,detail,1,91,PHYKZCBUNVYJNH-YDBXFXKPNA-N,-8.39
NOS1,c_VAL567,mut_s1,detail,1,92,OOUHZBUAVKCDGA-UHFFFAOYNA-N,-8.588
NOS1,c_VAL567,mut_s1,detail,1,93,UUQDFZFJDFMLHW-UHFFFAOYNA-N,-9.285
NOS1,c_VAL567,mut_s1,detail,1,94,OOUDDHNLDLLUOL-SKKVRFOWNA-N,-9.56
NOS1,c_VAL567,mut_s1,detail,1,95,ZDMQSUAMTLXUTE-MPIMZMORNA-N,-9.722
NOS1,c_VAL567,mut_s1,detail,1,96,NMPLPABDEKPABN-UHFFFAOYNA-N,-8.462
NOS1,c_VAL567,mut_s1,detail,1,97,INZRHGSVWGRHBM-NPVYFSBINA-N,-10.189
NOS1,c_VAL567,mut_s1,detail,1,98,RVGCWMKVTAEQIH-LNNLXFCONA-N,-9.407
NOS1,c_VAL567,mut_s1,detail,1,99,VRXWKRQOVMZBAF-LJQANCHMNA-N,-9.291
NOS1,c_VAL567,mut_s1,detail,1,100,QACLWOIBBYOHQP-UYBDAZJANA-N,-9.021
NOS1,c_VAL567,mut_s1,detail,1,101,ZNXSZVFPCBIELQ-LNNLXFCONA-N,-7.899
NOS1,c_VAL567,mut_s1,detail,1,102,GKMWCCNMKRSQHR-VEKUMTKDNA-N,-8.827
NOS1,c_VAL567,mut_s1,detail,1,103,FFGUSRSMWFYKGK-SKKVRFOWNA-N,-9.182
NOS1,c_VAL567,mut_s1,detail,1,104,KXBDDGKXLZBLOM-SPEPDGBUNA-N,-9.397
NOS1,c_VAL567,mut_s1,detail,1,105,MIUWULAZCXYTJW-MSHHZIMBNA-N,-10.171
NOS1,c_VAL567,mut_s1,detail,1,106,JPZOYWVRFLZCIC-NJNXFGOHNA-N,-9.543
NOS1,c_VAL567,mut_s1,detail,1,107,FAIQTLBYDVKBAB-DVIAZDKANA-N,-9.567
NOS1,c_VAL567,mut_s1,detail,1,108,APFLRZZAOXCNAZ-UHFFFAOYNA-N,-8.734
NOS1,c_VAL567,mut_s1,detail,1,109,BSQLDSQTGOZBFD-UHFFFAOYNA-N,-8.133
NOS1,c_VAL567,mut_s1,detail,1,110,ZVVCFJXCDATSCC-UHFFFAOYNA-N,-9.361
NOS1,c_VAL567,mut_s1,detail,1,111,SKEQTXZATFWVMB-UYBDAZJANA-N,-7.582
NOS1,c_VAL567,mut_s1,detail,1,112,IATWYRHDJKMBQK-MPIMZMORNA-N,-8.441
NOS1,c_VAL567,mut_s1,detail,1,113,JPWOEQDCUZCWKT-MPIMZMORNA-N,-8.405
NOS1,c_VAL567,mut_s1,detail,1,114,RYHSAXRBHDHPPK-PKSOQXRJNA-N,-8.527
NOS1,c_VAL567,mut_s1,detail,1,115,GKKJWUFVZJJFPG-MPIMZMORNA-N,-9.154
NOS1,c_VAL567,mut_s1,detail,1,116,FDNZXFDUCINVLY-BDGWVKIONA-N,-8.706
NOS1,c_VAL567,mut_s1,detail,1,117,KTBYKHKWIFIFAK-UHFFFAOYNA-N,-10.176
NOS1,c_VAL567,mut_s1,detail,1,118,ZRXZEWGUECXTTQ-LQFNOIFHNA-N,-9.639
NOS1,c_VAL567,mut_s1,detail,1,119,XNACBBGLIAJNJM-PECIQRARNA-N,-7.94
NOS1,c_VAL567,mut_s1,detail,1,120,WQZYYJRVBIQUGH-YWZOXAELNA-N,-9.56
NOS1,c_VAL567,mut_s1,detail,1,121,ABMSRNRLDZVJFV-SWUIVHNENA-N,-8.448
NOS1,c_VAL567,mut_s1,detail,1,122,ZEACBIUBSOLEGW-QAITUMOCNA-N,-10.787
NOS1,c_VAL567,mut_s1,detail,1,123,UBFCDXVLKFOOGL-OKPOJWAQNA-N,-7.122
NOS1,c_VAL567,mut_s1,detail,1,124,RRIHVAFUFDANEX-NSJMMFDCNA-N,-9.554
NOS1,c_VAL567,mut_s1,detail,1,125,HASIAUWPWKTSBW-SREBMQDQNA-N,-7.504
NOS1,c_VAL567,mut_s1,detail,1,126,WHBCKYHTCHCHAY-LQFNOIFHNA-N,-9.856
NOS1,c_VAL567,mut_s1,detail,1,127,XMAYWYJOQHXEEK-JYFHCDHNNA-N,-9.511
NOS1,c_VAL567,mut_s1,detail,1,128,TVKCFCZANTZCSU-OYRHEFFENA-N,-11.282
NOS1,c_VAL567,mut_s1,detail,1,129,OJFIIUWPOHBVMH-LNNLXFCONA-N,-8.594
NOS1,c_VAL567,mut_s1,detail,1,130,DKLZMGFTGWKNCD-DIRLUKLVNA-N,-11.355
NOS1,c_VAL567,mut_s1,detail,1,131,PYSLGWZFRQWTDD-PWIKPTQSNA-N,-9.268
NOS1,c_VAL567,mut_s1,detail,1,132,MWMBIUUYBQWKJX-QTUCRYGENA-N,-9.36
NOS1,c_VAL567,mut_s1,detail,1,133,FLYQFCXTEFTSQN-UHFFFAOYNA-N,-9.669
NOS1,c_VAL567,mut_s1,detail,1,134,PBIBDSDWIMZYDT-WBWGZOKWNA-N,-10.227
NOS1,c_VAL567,mut_s1,detail,1,135,GSRWMFGBDLHGBU-YEFLILRRNA-N,-9.633
NOS1,c_VAL567,mut_s1,detail,1,136,AYIJJQHMZAEQKE-QDAGQJSJNA-N,-9.191
NOS1,c_VAL567,mut_s1,detail,1,137,JVWTZUKPDMRNDC-FSAKADSPNA-N,-9.422
NOS1,c_VAL567,mut_s1,detail,1,138,XAZPLOLSRXZDBO-LBZABMTDNA-N,-7.62
NOS1,c_VAL567,mut_s1,detail,1,139,RGWVFJBNHCWCTL-CFEGKOCINA-N,-9.408
NOS1,c_VAL567,mut_s1,detail,1,140,YYWNRQZCPIMCAK-UHFFFAOYNA-N,-8.955
NOS1,c_VAL567,mut_s1,detail,1,141,PBTZDKNKXRSZPM-XBXBPLPCNA-N,-9.916
NOS1,c_VAL567,mut_s1,detail,1,142,QQPOIMHFFPBDQM-LELJVTLKNA-N,-8.316
NOS1,c_VAL567,mut_s1,detail,1,143,NYFQURFFDGCBCB-MAQJPOOANA-N,-8.708
NOS1,c_VAL567,mut_s1,detail,1,144,HXZVHWHABLBWBS-MTTPVDACNA-N,-10.016
NOS1,c_VAL567,mut_s1,detail,1,145,IWYYSOJWYLZKLK-LELJVTLKNA-N,-8.51
NOS1,c_VAL567,mut_s1,detail,1,146,HOGUCNPGZXMBGW-UHFFFAOYNA-N,-9.318
NOS1,c_VAL567,mut_s1,detail,1,147,VITUDJAVASFPKN-DUFUIDNCNA-N,-9.46
NOS1,c_VAL567,mut_s1,detail,1,148,IXAHDCRYEUYPBG-SCXYCHFONA-N,-10.292
NOS1,c_VAL567,mut_s1,detail,1,149,JWHMEKMLAZQDNS-OZMOGHDGNA-N,-8.561
NOS1,c_VAL567,mut_s1,detail,1,150,BZWNBTIJLRHNDZ-LBOYIXSDNA-N,-9.679
NOS1,c_VAL567,mut_s1,detail,1,151,RECYROBESYRUML-UHFFFAOYNA-N,-9.118
NOS1,c_VAL567,mut_s1,detail,1,152,MLDSJJJLQRZNKW-UHBIVWOUNA-N,-10.468
NOS1,c_VAL567,mut_s1,detail,1,153,XTWIHJARHCYNFX-PHXLCVRDNA-N,-7.962
NOS1,c_VAL567,mut_s1,detail,1,154,UQGFETVWTRDGKJ-UHFFFAOYNA-N,-7.973
NOS1,c_VAL567,mut_s1,detail,1,155,VJFSMDWEMFOWDK-CYSPOYASNA-N,-10.483
NOS1,c_VAL567,mut_s1,detail,1,156,NZYLXYBIWNIAGH-CYSPOYASNA-N,-10.795
NOS1,c_VAL567,mut_s1,detail,1,157,ODXCWFOKLBJQNP-MPIMZMORNA-N,-8.455
NOS1,c_VAL567,mut_s1,detail,1,158,FVDNMAPPDSKXKQ-UHFFFAOYNA-N,-10.351
NOS1,c_VAL567,mut_s1,detail,1,159,DOPWMPRIRWTOOD-CCHPKIMANA-N,-10.012
NOS1,c_TYR588,mut_s1,detail,1,0,URVMSYHISUZXNH-UYBDAZJANA-N,-8.162
NOS1,c_TYR588,mut_s1,detail,1,1,KXRPCFINVWWFHQ-UHFFFAOYNA-N,-5.096
NOS1,c_TYR588,mut_s1,detail,1,2,NICJTSHRYBTHAS-YHMJCDSINA-N,-7.377
NOS1,c_TYR588,mut_s1,detail,1,3,SWRZVDTZHDWPDS-AWIDAIFANA-N,-6.961
NOS1,c_TYR588,mut_s1,detail,1,4,RKNSLLSUFWWYCA-UHFFFAOYNA-N,-8.392
NOS1,c_TYR588,mut_s1,detail,1,5,OZFSIKFTRRUDES-RIYZIHGNNA-N,-6.138
NOS1,c_TYR588,mut_s1,detail,1,6,AAGGUCRASUJPPN-UHFFFAOYNA-N,-7.418
NOS1,c_TYR588,mut_s1,detail,1,7,OYHXDPMAFYHDNG-YAQRNVERNA-N,-7.368
NOS1,c_TYR588,mut_s1,detail,1,8,AWILWAIEQYZUEQ-UHFFFAOYNA-N,-7.047
NOS1,c_TYR588,mut_s1,detail,1,9,WSFAXHLMQUUHQT-VMPITWQZNA-N,-6.922
NOS1,c_TYR588,mut_s1,detail,1,10,WPHMTVNOXKBZKN-UHFFFAOYNA-N,-7.667
NOS1,c_TYR588,mut_s1,detail,1,11,LPEIZNODGHDCCW-UHFFFAOYNA-N,-5.252
NOS1,c_TYR588,mut_s1,detail,1,12,QQHWWDVSRWOHEP-LILDFLRNNA-N,-7.994
NOS1,c_TYR588,mut_s1,detail,1,13,UMEVSSPGBFVQNC-UHFFFAOYNA-N,-6.99
NOS1,c_TYR588,mut_s1,detail,1,14,VZDIOEKWWZRNQN-UHFFFAOYNA-N,-7.889
NOS1,c_TYR588,mut_s1,detail,1,15,JEVLDOUORFAHRS-NDKGDYFDNA-N,-7.599
NOS1,c_TYR588,mut_s1,detail,1,16,NFTGJNJRMWUBPG-GPQMBLKYNA-N,-7.206
NOS1,c_TYR588,mut_s1,detail,1,17,UMUUTEZBWGDVDA-UHFFFAOYNA-N,-8.281
NOS1,c_TYR588,mut_s1,detail,1,18,VLQKEPLNPGYNDJ-HCKMINDGNA-N,-7.414
NOS1,c_TYR588,mut_s1,detail,1,19,PPMVTAATPZLMJM-CDDDEJBQNA-N,-8.757
NOS1,c_TYR588,mut_s1,detail,1,20,AHLYFAKLKLMESK-YAQRNVERNA-N,-7.223
NOS1,c_TYR588,mut_s1,detail,1,21,GYEJYLAGVWRSIM-KGJHZMDYNA-N,-7.278
NOS1,c_TYR588,mut_s1,detail,1,22,RXVALSLAUOIYLW-UHFFFAOYNA-N,-6.275
NOS1,c_TYR588,mut_s1,detail,1,23,NSELYIFATLFDOZ-JLGFQASFNA-N,-8.124
NOS1,c_TYR588,mut_s1,detail,1,24,COQFBYACOHFCEC-UHFFFAOYNA-N,-6.999
NOS1,c_TYR588,mut_s1,detail,1,25,CJGJXFCLDYQBFQ-YJGXKCCXNA-N,-8.728
NOS1,c_TYR588,mut_s1,detail,1,26,BWNGRRJLFYHENY-INIZCTEONA-N,-7.045
NOS1,c_TYR588,mut_s1,detail,1,27,BNRFXWSJKVJVOF-UYBDAZJANA-N,-8.603
NOS1,c_TYR588,mut_s1,detail,1,28,DMULMZBZVBBWBY-PJZINPJWNA-N,-7.76
NOS1,c_TYR588,mut_s1,detail,1,29,AXLAIGJGNKHDPO-UHFFFAOYNA-N,-6.111
NOS1,c_TYR588,mut_s1,detail,1,30,RKDGAONZEPYEBT-WXRBYKJCNA-N,-8.423
NOS1,c_TYR588,mut_s1,detail,1,31,MBOYDUZSCSNUQL-MBBDSNKKNA-N,-8.05
NOS1,c_TYR588,mut_s1,detail,1,32,KPVDBHRTXOFQDK-YAQRNVERNA-N,-6.671
NOS1,c_TYR588,mut_s1,detail,1,33,LVCNFMYUKISBSB-VJSNTGQMNA-N,-8.057
NOS1,c_TYR588,mut_s1,detail,1,34,XLAHCIRKLMJUQC-DZQCGVKKNA-N,-8.582
NOS1,c_TYR588,mut_s1,detail,1,35,QNYHDABGLCBJOE-SHHGZXMVNA-N,-7.125
NOS1,c_TYR588,mut_s1,detail,1,36,HEKNRISBWSPMOG-OWTLIXCDNA-N,-6.591
NOS1,c_TYR588,mut_s1,detail,1,37,VIRNXCRLEVZXNX-LILDFLRNNA-N,-8.77
NOS1,c_TYR588,mut_s1,detail,1,38,SRTGERSEXJGDMR-UHFFFAOYNA-N,-7.63
NOS1,c_TYR588,mut_s1,detail,1,39,ZGMGSSRLZJYOKH-WXRBYKJCNA-N,-8.03
NOS1,c_TYR588,mut_s1,detail,1,40,VGYFDFRFGHHCDA-CUTUCBJDNA-N,-8.363
NOS1,c_TYR588,mut_s1,detail,1,41,DILPMLYWQJPNLO-HCKMINDGNA-N,-8.429
NOS1,c_TYR588,mut_s1,detail,1,42,RSOODJIGEVJLMK-LQFNOIFHNA-N,-8.427
NOS1,c_TYR588,mut_s1,detail,1,43,OWHHWMUAYBIQPR-UHFFFAOYNA-N,-8.074
NOS1,c_TYR588,mut_s1,detail,1,44,KPIKMVZJKZDOFC-UHFFFAOYNA-N,-8.121
NOS1,c_TYR588,mut_s1,detail,1,45,DIKDKRUREJXLMR-DPMTXJEANA-N,-8.253
NOS1,c_TYR588,mut_s1,detail,1,46,QRVJDPKQHAVBDK-UYBDAZJANA-N,-8.041
NOS1,c_TYR588,mut_s1,detail,1,47,SGBSFKSDPWOALT-UYBDAZJANA-N,-7.709
NOS1,c_TYR588,mut_s1,detail,1,48,CYHFRNFVZWVHCG-OTJKMEOQNA-N,-8.891
NOS1,c_TYR588,mut_s1,detail,1,49,MJUDQDHXCQONOA-MPIMZMORNA-N,-7.985
NOS1,c_TYR588,mut_s1,detail,1,50,RNVYRNLUUYNQAS-PKSOQXRJNA-N,-8.618
NOS1,c_TYR588,mut_s1,detail,1,51,DLZXOZYETDVJEB-QWOVJGMINA-N,-7.541
NOS1,c_TYR588,mut_s1,detail,1,52,HSICVZRDGBJSEL-GPQMBLKYNA-N,-7.834
NOS1,c_TYR588,mut_s1,detail,1,53,HMRUHHFLIMYEAF-QNGOCPJXNA-N,-7.534
NOS1,c_TYR588,mut_s1,detail,1,54,ZZOWQPSBJUXHCA-YSPRVCGUNA-N,-7.966
NOS1,c_TYR588,mut_s1,detail,1,55,WDDJLHOUFWSQSV-UHFFFAOYNA-N,-9.075
NOS1,c_TYR588,mut_s1,detail,1,56,UKLIIGXGTPSYBF-IBCWCQIKNA-N,-7.766
NOS1,c_TYR588,mut_s1,detail,1,57,LNPOBRXJZYGQMS-MOHJPFBDNA-N,-8.067
NOS1,c_TYR588,mut_s1,detail,1,58,FYILBFPPKIZBTO-UHFFFAOYNA-N,-8.038
NOS1,c_TYR588,mut_s1,detail,1,59,MIKIJFODTJGFDI-LILDFLRNNA-N,-8.253
NOS1,c_TYR588,mut_s1,detail,1,60,RUWCNSLWWCWTSU-LILDFLRNNA-N,-7.367
NOS1,c_TYR588,mut_s1,detail,1,61,KLQWCHKIQJHYIB-UHFFFAOYNA-N,-9.106
NOS1,c_TYR588,mut_s1,detail,1,62,QKAWGENQCGFAOE-NPVYFSBINA-N,-8.312
NOS1,c_TYR588,mut_s1,detail,1,63,KGOKCBRZBBEYBE-MMRXBHCZNA-N,-9.006
NOS1,c_TYR588,mut_s1,detail,1,64,ROFRXCLSWKEWTN-UHFFFAOYNA-N,-7.042
NOS1,c_TYR588,mut_s1,detail,1,65,AKRMJNKLSCBEME-FPYGCLRLNA-N,-8.324
NOS1,c_TYR588,mut_s1,detail,1,66,LCGJUJZLLYTYIF-XMFFZCEENA-N,-8.429
NOS1,c_TYR588,mut_s1,detail,1,67,FREQNFSEYLEFOI-QRCVEOAVNA-N,-7.985
NOS1,c_TYR588,mut_s1,detail,1,68,MHMINAYLMNBGSM-UHFFFAOYNA-N,-6.204
NOS1,c_TYR588,mut_s1,detail,1,69,SYMNTBHEGHFZMV-UHFFFAOYNA-N,-7.461
NOS1,c_TYR588,mut_s1,detail,1,70,NNCRWGMPCGSKOO-LILDFLRNNA-N,-6.574
NOS1,c_TYR588,mut_s1,detail,1,71,ZCRRNCCNJMRGFI-UHFFFAOYNA-N,-7.895
NOS1,c_TYR588,mut_s1,detail,1,72,PYVZEIBGEUQNQQ-UHFFFAOYNA-N,-9.14
NOS1,c_TYR588,mut_s1,detail,1,73,OROJQWVRCGJACT-XBTAAFKLNA-N,-8.7
NOS1,c_TYR588,mut_s1,detail,1,74,TXYUWXKCUDOUGU-JLGFQASFNA-N,-7.763
NOS1,c_TYR588,mut_s1,detail,1,75,LAZANALODSEDSE-UHFFFAOYNA-N,-7.29
NOS1,c_TYR588,mut_s1,detail,1,76,RJXCYVJLXGRCHK-UHFFFAOYNA-N,-10.11
NOS1,c_TYR588,mut_s1,detail,1,77,FUSKIBWHJAWEFI-IEJAXPBYNA-N,-9.044
NOS1,c_TYR588,mut_s1,detail,1,78,SGWVLOCBQLQWQV-UHFFFAOYNA-N,-7.557
NOS1,c_TYR588,mut_s1,detail,1,79,PPXRQTYXLZCDAZ-QWOVJGMINA-N,-8.27
NOS1,c_TYR588,mut_s1,detail,1,80,DIFBADFWLVYFHV-LELJVTLKNA-N,-9.136
NOS1,c_TYR588,mut_s1,detail,1,81,XREOSEVJCQGCHE-MHPMNMKGNA-N,-8.999
NOS1,c_TYR588,mut_s1,detail,1,82,ZHGPKHBXSKWZEQ-UHFFFAOYNA-N,-7.612
NOS1,c_TYR588,mut_s1,detail,1,83,ZFAYPJJNPSNAFK-UHFFFAOYNA-N,-8.012
NOS1,c_TYR588,mut_s1,detail,1,84,LTXMRAGWIDQTQT-MYUTVWBTNA-N,-8.575
NOS1,c_TYR588,mut_s1,detail,1,85,VXQHYHSSGLOALC-SPEPDGBUNA-N,-9.158
NOS1,c_TYR588,mut_s1,detail,1,86,KWDSFRAWCISROF-PJQSKVNONA-N,-8.801
NOS1,c_TYR588,mut_s1,detail,1,87,ZJZXSQPHUQUHIV-ZGZFQTMPNA-N,-9.534
NOS1,c_TYR588,mut_s1,detail,1,88,UYHIVPBYFWVWEJ-UHFFFAOYNA-N,-8.828
NOS1,c_TYR588,mut_s1,detail,1,89,PLEFJSUCKRWHBY-LNNLXFCONA-N,-8.817
NOS1,c_TYR588,mut_s1,detail,1,90,DNSRQCRQLKJUCC-PDJAEHLQNA-N,-9.256
NOS1,c_TYR588,mut_s1,detail,1,91,PHYKZCBUNVYJNH-YDBXFXKPNA-N,-7.155
NOS1,c_TYR588,mut_s1,detail,1,92,OOUHZBUAVKCDGA-UHFFFAOYNA-N,-7.051
NOS1,c_TYR588,mut_s1,detail,1,93,UUQDFZFJDFMLHW-UHFFFAOYNA-N,-7.409
NOS1,c_TYR588,mut_s1,detail,1,94,OOUDDHNLDLLUOL-SKKVRFOWNA-N,-8.257
NOS1,c_TYR588,mut_s1,detail,1,95,ZDMQSUAMTLXUTE-MPIMZMORNA-N,-9.387
NOS1,c_TYR588,mut_s1,detail,1,96,NMPLPABDEKPABN-UHFFFAOYNA-N,-8.119
NOS1,c_TYR588,mut_s1,detail,1,97,INZRHGSVWGRHBM-NPVYFSBINA-N,-8.927
NOS1,c_TYR588,mut_s1,detail,1,98,RVGCWMKVTAEQIH-LNNLXFCONA-N,-8.474
NOS1,c_TYR588,mut_s1,detail,1,99,VRXWKRQOVMZBAF-LJQANCHMNA-N,-7.713
NOS1,c_TYR588,mut_s1,detail,1,100,QACLWOIBBYOHQP-UYBDAZJANA-N,-8.767
NOS1,c_TYR588,mut_s1,detail,1,101,ZNXSZVFPCBIELQ-LNNLXFCONA-N,-7.46
NOS1,c_TYR588,mut_s1,detail,1,102,GKMWCCNMKRSQHR-VEKUMTKDNA-N,-8.675
NOS1,c_TYR588,mut_s1,detail,1,103,FFGUSRSMWFYKGK-SKKVRFOWNA-N,-8.837
NOS1,c_TYR588,mut_s1,detail,1,104,KXBDDGKXLZBLOM-SPEPDGBUNA-N,-8.289
NOS1,c_TYR588,mut_s1,detail,1,105,MIUWULAZCXYTJW-MSHHZIMBNA-N,-9.383
NOS1,c_TYR588,mut_s1,detail,1,106,JPZOYWVRFLZCIC-NJNXFGOHNA-N,-9.18
NOS1,c_TYR588,mut_s1,detail,1,107,FAIQTLBYDVKBAB-DVIAZDKANA-N,-7.632
NOS1,c_TYR588,mut_s1,detail,1,108,APFLRZZAOXCNAZ-UHFFFAOYNA-N,-8.399
NOS1,c_TYR588,mut_s1,detail,1,109,BSQLDSQTGOZBFD-UHFFFAOYNA-N,-8.024
NOS1,c_TYR588,mut_s1,detail,1,110,ZVVCFJXCDATSCC-UHFFFAOYNA-N,-7.627
NOS1,c_TYR588,mut_s1,detail,1,111,SKEQTXZATFWVMB-UYBDAZJANA-N,-7.107
NOS1,c_TYR588,mut_s1,detail,1,112,IATWYRHDJKMBQK-MPIMZMORNA-N,-8.176
NOS1,c_TYR588,mut_s1,detail,1,113,JPWOEQDCUZCWKT-MPIMZMORNA-N,-6.424
NOS1,c_TYR588,mut_s1,detail,1,114,RYHSAXRBHDHPPK-PKSOQXRJNA-N,-7.603
NOS1,c_TYR588,mut_s1,detail,1,115,GKKJWUFVZJJFPG-MPIMZMORNA-N,-8.121
NOS1,c_TYR588,mut_s1,detail,1,116,FDNZXFDUCINVLY-BDGWVKIONA-N,-8.382
NOS1,c_TYR588,mut_s1,detail,1,117,KTBYKHKWIFIFAK-UHFFFAOYNA-N,-9.26
NOS1,c_TYR588,mut_s1,detail,1,118,ZRXZEWGUECXTTQ-LQFNOIFHNA-N,-8.26
NOS1,c_TYR588,mut_s1,detail,1,119,XNACBBGLIAJNJM-PECIQRARNA-N,-6.881
NOS1,c_TYR588,mut_s1,detail,1,120,WQZYYJRVBIQUGH-YWZOXAELNA-N,-9.065
NOS1,c_TYR588,mut_s1,detail,1,121,ABMSRNRLDZVJFV-SWUIVHNENA-N,-9.029
NOS1,c_TYR588,mut_s1,detail,1,122,ZEACBIUBSOLEGW-QAITUMOCNA-N,-10.922
NOS1,c_TYR588,mut_s1,detail,1,123,UBFCDXVLKFOOGL-OKPOJWAQNA-N,-7.191
NOS1,c_TYR588,mut_s1,detail,1,124,RRIHVAFUFDANEX-NSJMMFDCNA-N,-8.438
NOS1,c_TYR588,mut_s1,detail,1,125,HASIAUWPWKTSBW-SREBMQDQNA-N,-6.39
NOS1,c_TYR588,mut_s1,detail,1,126,WHBCKYHTCHCHAY-LQFNOIFHNA-N,-8.988
NOS1,c_TYR588,mut_s1,detail,1,127,XMAYWYJOQHXEEK-JYFHCDHNNA-N,-8.715
NOS1,c_TYR588,mut_s1,detail,1,128,TVKCFCZANTZCSU-OYRHEFFENA-N,-9.183
NOS1,c_TYR588,mut_s1,detail,1,129,OJFIIUWPOHBVMH-LNNLXFCONA-N,-6.905
NOS1,c_TYR588,mut_s1,detail,1,130,DKLZMGFTGWKNCD-DIRLUKLVNA-N,-8.809
NOS1,c_TYR588,mut_s1,detail,1,131,PYSLGWZFRQWTDD-PWIKPTQSNA-N,-9.72
NOS1,c_TYR588,mut_s1,detail,1,132,MWMBIUUYBQWKJX-QTUCRYGENA-N,-9.114
NOS1,c_TYR588,mut_s1,detail,1,133,FLYQFCXTEFTSQN-UHFFFAOYNA-N,-8.367
NOS1,c_TYR588,mut_s1,detail,1,134,PBIBDSDWIMZYDT-WBWGZOKWNA-N,-8.903
NOS1,c_TYR588,mut_s1,detail,1,135,GSRWMFGBDLHGBU-YEFLILRRNA-N,-7.993
NOS1,c_TYR588,mut_s1,detail,1,136,AYIJJQHMZAEQKE-QDAGQJSJNA-N,-7.986
NOS1,c_TYR588,mut_s1,detail,1,137,JVWTZUKPDMRNDC-FSAKADSPNA-N,-9.15
NOS1,c_TYR588,mut_s1,detail,1,138,XAZPLOLSRXZDBO-LBZABMTDNA-N,-7.356
NOS1,c_TYR588,mut_s1,detail,1,139,RGWVFJBNHCWCTL-CFEGKOCINA-N,-9.167
NOS1,c_TYR588,mut_s1,detail,1,140,YYWNRQZCPIMCAK-UHFFFAOYNA-N,-8.3
NOS1,c_TYR588,mut_s1,detail,1,141,PBTZDKNKXRSZPM-XBXBPLPCNA-N,-8.966
NOS1,c_TYR588,mut_s1,detail,1,142,QQPOIMHFFPBDQM-LELJVTLKNA-N,-7.545
NOS1,c_TYR588,mut_s1,detail,1,143,NYFQURFFDGCBCB-MAQJPOOANA-N,-8.259
NOS1,c_TYR588,mut_s1,detail,1,144,HXZVHWHABLBWBS-MTTPVDACNA-N,-9.838
NOS1,c_TYR588,mut_s1,detail,1,145,IWYYSOJWYLZKLK-LELJVTLKNA-N,-7.921
NOS1,c_TYR588,mut_s1,detail,1,146,HOGUCNPGZXMBGW-UHFFFAOYNA-N,-8.395
NOS1,c_TYR588,mut_s1,detail,1,147,VITUDJAVASFPKN-DUFUIDNCNA-N,-8.058
NOS1,c_TYR588,mut_s1,detail,1,148,IXAHDCRYEUYPBG-SCXYCHFONA-N,-9.536
NOS1,c_TYR588,mut_s1,detail,1,149,JWHMEKMLAZQDNS-OZMOGHDGNA-N,-7.845
NOS1,c_TYR588,mut_s1,detail,1,150,BZWNBTIJLRHNDZ-LBOYIXSDNA-N,-8.5
NOS1,c_TYR588,mut_s1,detail,1,151,RECYROBESYRUML-UHFFFAOYNA-N,-8.379
NOS1,c_TYR588,mut_s1,detail,1,152,MLDSJJJLQRZNKW-UHBIVWOUNA-N,-9.975
NOS1,c_TYR588,mut_s1,detail,1,153,XTWIHJARHCYNFX-PHXLCVRDNA-N,-7.728
NOS1,c_TYR588,mut_s1,detail,1,154,UQGFETVWTRDGKJ-UHFFFAOYNA-N,-7.967
NOS1,c_TYR588,mut_s1,detail,1,155,VJFSMDWEMFOWDK-CYSPOYASNA-N,-9.759
NOS1,c_TYR588,mut_s1,detail,1,156,NZYLXYBIWNIAGH-CYSPOYASNA-N,-8.953
NOS1,c_TYR588,mut_s1,detail,1,157,ODXCWFOKLBJQNP-MPIMZMORNA-N,-7.533
NOS1,c_TYR588,mut_s1,detail,1,158,FVDNMAPPDSKXKQ-UHFFFAOYNA-N,-9.627
NOS1,c_TYR588,mut_s1,detail,1,159,DOPWMPRIRWTOOD-CCHPKIMANA-N,-8.276
NOS1,c_GLN478,mut_s1,detail,1,0,URVMSYHISUZXNH-UYBDAZJANA-N,-8.715
NOS1,c_GLN478,mut_s1,detail,1,1,KXRPCFINVWWFHQ-UHFFFAOYNA-N,-5.174
NOS1,c_GLN478,mut_s1,detail,1,2,NICJTSHRYBTHAS-YHMJCDSINA-N,-7.423
NOS1,c_GLN478,mut_s1,detail,1,3,SWRZVDTZHDWPDS-AWIDAIFANA-N,-8.285
NOS1,c_GLN478,mut_s1,detail,1,4,RKNSLLSUFWWYCA-UHFFFAOYNA-N,-9.426
NOS1,c_GLN478,mut_s1,detail,1,5,OZFSIKFTRRUDES-RIYZIHGNNA-N,-6.729
NOS1,c_GLN478,mut_s1,detail,1,6,AAGGUCRASUJPPN-UHFFFAOYNA-N,-7.651
NOS1,c_GLN478,mut_s1,detail,1,7,OYHXDPMAFYHDNG-YAQRNVERNA-N,-8.139
NOS1,c_GLN478,mut_s1,detail,1,8,AWILWAIEQYZUEQ-UHFFFAOYNA-N,-7.49
NOS1,c_GLN478,mut_s1,detail,1,9,WSFAXHLMQUUHQT-VMPITWQZNA-N,-7.172
NOS1,c_GLN478,mut_s1,detail,1,10,WPHMTVNOXKBZKN-UHFFFAOYNA-N,-7.62
NOS1,c_GLN478,mut_s1,detail,1,11,LPEIZNODGHDCCW-UHFFFAOYNA-N,-7.008
NOS1,c_GLN478,mut_s1,detail,1,12,QQHWWDVSRWOHEP-LILDFLRNNA-N,-8.673
NOS1,c_GLN478,mut_s1,detail,1,13,UMEVSSPGBFVQNC-UHFFFAOYNA-N,-6.982
NOS1,c_GLN478,mut_s1,detail,1,14,VZDIOEKWWZRNQN-UHFFFAOYNA-N,-8.269
NOS1,c_GLN478,mut_s1,detail,1,15,JEVLDOUORFAHRS-NDKGDYFDNA-N,-7.725
NOS1,c_GLN478,mut_s1,detail,1,16,NFTGJNJRMWUBPG-GPQMBLKYNA-N,-7.159
NOS1,c_GLN478,mut_s1,detail,1,17,UMUUTEZBWGDVDA-UHFFFAOYNA-N,-8.101
NOS1,c_GLN478,mut_s1,detail,1,18,VLQKEPLNPGYNDJ-HCKMINDGNA-N,-7.802
NOS1,c_GLN478,mut_s1,detail,1,19,PPMVTAATPZLMJM-CDDDEJBQNA-N,-9.043
NOS1,c_GLN478,mut_s1,detail,1,20,AHLYFAKLKLMESK-YAQRNVERNA-N,-7.195
NOS1,c_GLN478,mut_s1,detail,1,21,GYEJYLAGVWRSIM-KGJHZMDYNA-N,-7.325
NOS1,c_GLN478,mut_s1,detail,1,22,RXVALSLAUOIYLW-UHFFFAOYNA-N,-6.622
NOS1,c_GLN478,mut_s1,detail,1,23,NSELYIFATLFDOZ-JLGFQASFNA-N,-8.983
NOS1,c_GLN478,mut_s1,detail,1,24,COQFBYACOHFCEC-UHFFFAOYNA-N,-7.623
NOS1,c_GLN478,mut_s1,detail,1,25,CJGJXFCLDYQBFQ-YJGXKCCXNA-N,-8.677
NOS1,c_GLN478,mut_s1,detail,1,26,BWNGRRJLFYHENY-INIZCTEONA-N,-7.703
NOS1,c_GLN478,mut_s1,detail,1,27,BNRFXWSJKVJVOF-UYBDAZJANA-N,-8.96
NOS1,c_GLN478,mut_s1,detail,1,28,DMULMZBZVBBWBY-PJZINPJWNA-N,-8.459
NOS1,c_GLN478,mut_s1,detail,1,29,AXLAIGJGNKHDPO-UHFFFAOYNA-N,-6.785
NOS1,c_GLN478,mut_s1,detail,1,30,RKDGAONZEPYEBT-WXRBYKJCNA-N,-8.44
NOS1,c_GLN478,mut_s1,detail,1,31,MBOYDUZSCSNUQL-MBBDSNKKNA-N,-7.815
NOS1,c_GLN478,mut_s1,detail,1,32,KPVDBHRTXOFQDK-YAQRNVERNA-N,-6.945
NOS1,c_GLN478,mut_s1,detail,1,33,LVCNFMYUKISBSB-VJSNTGQMNA-N,-7.984
NOS1,c_GLN478,mut_s1,detail,1,34,XLAHCIRKLMJUQC-DZQCGVKKNA-N,-8.54
NOS1,c_GLN478,mut_s1,detail,1,35,QNYHDABGLCBJOE-SHHGZXMVNA-N,-7.564
NOS1,c_GLN478,mut_s1,detail,1,36,HEKNRISBWSPMOG-OWTLIXCDNA-N,-6.624
NOS1,c_GLN478,mut_s1,detail,1,37,VIRNXCRLEVZXNX-LILDFLRNNA-N,-8.943
NOS1,c_GLN478,mut_s1,detail,1,38,SRTGERSEXJGDMR-UHFFFAOYNA-N,-7.758
NOS1,c_GLN478,mut_s1,detail,1,39,ZGMGSSRLZJYOKH-WXRBYKJCNA-N,-7.719
NOS1,c_GLN478,mut_s1,detail,1,40,VGYFDFRFGHHCDA-CUTUCBJDNA-N,-9.192
NOS1,c_GLN478,mut_s1,detail,1,41,DILPMLYWQJPNLO-HCKMINDGNA-N,-8.983
NOS1,c_GLN478,mut_s1,detail,1,42,RSOODJIGEVJLMK-LQFNOIFHNA-N,-8.945
NOS1,c_GLN478,mut_s1,detail,1,43,OWHHWMUAYBIQPR-UHFFFAOYNA-N,-9.045
NOS1,c_GLN478,mut_s1,detail,1,44,KPIKMVZJKZDOFC-UHFFFAOYNA-N,-8.942
NOS1,c_GLN478,mut_s1,detail,1,45,DIKDKRUREJXLMR-DPMTXJEANA-N,-8.411
NOS1,c_GLN478,mut_s1,detail,1,46,QRVJDPKQHAVBDK-UYBDAZJANA-N,-8.151
NOS1,c_GLN478,mut_s1,detail,1,47,SGBSFKSDPWOALT-UYBDAZJANA-N,-7.611
NOS1,c_GLN478,mut_s1,detail,1,48,CYHFRNFVZWVHCG-OTJKMEOQNA-N,-8.597
NOS1,c_GLN478,mut_s1,detail,1,49,MJUDQDHXCQONOA-MPIMZMORNA-N,-9.136
NOS1,c_GLN478,mut_s1,detail,1,50,RNVYRNLUUYNQAS-PKSOQXRJNA-N,-8.76
NOS1,c_GLN478,mut_s1,detail,1,51,DLZXOZYETDVJEB-QWOVJGMINA-N,-7.683
NOS1,c_GLN478,mut_s1,detail,1,52,HSICVZRDGBJSEL-GPQMBLKYNA-N,-7.861
NOS1,c_GLN478,mut_s1,detail,1,53,HMRUHHFLIMYEAF-QNGOCPJXNA-N,-7.879
NOS1,c_GLN478,mut_s1,detail,1,54,ZZOWQPSBJUXHCA-YSPRVCGUNA-N,-8.197
NOS1,c_GLN478,mut_s1,detail,1,55,WDDJLHOUFWSQSV-UHFFFAOYNA-N,-7.904
NOS1,c_GLN478,mut_s1,detail,1,56,UKLIIGXGTPSYBF-IBCWCQIKNA-N,-7.495
NOS1,c_GLN478,mut_s1,detail,1,57,LNPOBRXJZYGQMS-MOHJPFBDNA-N,-8.132
NOS1,c_GLN478,mut_s1,detail,1,58,FYILBFPPKIZBTO-UHFFFAOYNA-N,-7.679
NOS1,c_GLN478,mut_s1,detail,1,59,MIKIJFODTJGFDI-LILDFLRNNA-N,-8.211
NOS1,c_GLN478,mut_s1,detail,1,60,RUWCNSLWWCWTSU-LILDFLRNNA-N,-8.939
NOS1,c_GLN478,mut_s1,detail,1,61,KLQWCHKIQJHYIB-UHFFFAOYNA-N,-9.053
NOS1,c_GLN478,mut_s1,detail,1,62,QKAWGENQCGFAOE-NPVYFSBINA-N,-7.739
NOS1,c_GLN478,mut_s1,detail,1,63,KGOKCBRZBBEYBE-MMRXBHCZNA-N,-8.339
NOS1,c_GLN478,mut_s1,detail,1,64,ROFRXCLSWKEWTN-UHFFFAOYNA-N,-7.856
NOS1,c_GLN478,mut_s1,detail,1,65,AKRMJNKLSCBEME-FPYGCLRLNA-N,-7.389
NOS1,c_GLN478,mut_s1,detail,1,66,LCGJUJZLLYTYIF-XMFFZCEENA-N,-8.615
NOS1,c_GLN478,mut_s1,detail,1,67,FREQNFSEYLEFOI-QRCVEOAVNA-N,-8.275
NOS1,c_GLN478,mut_s1,detail,1,68,MHMINAYLMNBGSM-UHFFFAOYNA-N,-7.836
NOS1,c_GLN478,mut_s1,detail,1,69,SYMNTBHEGHFZMV-UHFFFAOYNA-N,-7.771
NOS1,c_GLN478,mut_s1,detail,1,70,NNCRWGMPCGSKOO-LILDFLRNNA-N,-7.732
NOS1,c_GLN478,mut_s1,detail,1,71,ZCRRNCCNJMRGFI-UHFFFAOYNA-N,-8.523
NOS1,c_GLN478,mut_s1,detail,1,72,PYVZEIBGEUQNQQ-UHFFFAOYNA-N,-9.316
NOS1,c_GLN478,mut_s1,detail,1,73,OROJQWVRCGJACT-XBTAAFKLNA-N,-8.963
NOS1,c_GLN478,mut_s1,detail,1,74,TXYUWXKCUDOUGU-JLGFQASFNA-N,-8.329
NOS1,c_GLN478,mut_s1,detail,1,75,LAZANALODSEDSE-UHFFFAOYNA-N,-8.22
NOS1,c_GLN478,mut_s1,detail,1,76,RJXCYVJLXGRCHK-UHFFFAOYNA-N,-9.502
NOS1,c_GLN478,mut_s1,detail,1,77,FUSKIBWHJAWEFI-IEJAXPBYNA-N,-8.118
NOS1,c_GLN478,mut_s1,detail,1,78,SGWVLOCBQLQWQV-UHFFFAOYNA-N,-8.125
NOS1,c_GLN478,mut_s1,detail,1,79,PPXRQTYXLZCDAZ-QWOVJGMINA-N,-8.628
NOS1,c_GLN478,mut_s1,detail,1,80,DIFBADFWLVYFHV-LELJVTLKNA-N,-9.402
NOS1,c_GLN478,mut_s1,detail,1,81,XREOSEVJCQGCHE-MHPMNMKGNA-N,-9.497
NOS1,c_GLN478,mut_s1,detail,1,82,ZHGPKHBXSKWZEQ-UHFFFAOYNA-N,-7.625
NOS1,c_GLN478,mut_s1,detail,1,83,ZFAYPJJNPSNAFK-UHFFFAOYNA-N,-8.795
NOS1,c_GLN478,mut_s1,detail,1,84,LTXMRAGWIDQTQT-MYUTVWBTNA-N,-9.903
NOS1,c_GLN478,mut_s1,detail,1,85,VXQHYHSSGLOALC-SPEPDGBUNA-N,-9.187
NOS1,c_GLN478,mut_s1,detail,1,86,KWDSFRAWCISROF-PJQSKVNONA-N,-9.31
NOS1,c_GLN478,mut_s1,detail,1,87,ZJZXSQPHUQUHIV-ZGZFQTMPNA-N,-9.427
NOS1,c_GLN478,mut_s1,detail,1,88,UYHIVPBYFWVWEJ-UHFFFAOYNA-N,-9.756
NOS1,c_GLN478,mut_s1,detail,1,89,PLEFJSUCKRWHBY-LNNLXFCONA-N,-8.505
NOS1,c_GLN478,mut_s1,detail,1,90,DNSRQCRQLKJUCC-PDJAEHLQNA-N,-8.4
NOS1,c_GLN478,mut_s1,detail,1,91,PHYKZCBUNVYJNH-YDBXFXKPNA-N,-7.919
NOS1,c_GLN478,mut_s1,detail,1,92,OOUHZBUAVKCDGA-UHFFFAOYNA-N,-7.823
NOS1,c_GLN478,mut_s1,detail,1,93,UUQDFZFJDFMLHW-UHFFFAOYNA-N,-8.34
NOS1,c_GLN478,mut_s1,detail,1,94,OOUDDHNLDLLUOL-SKKVRFOWNA-N,-9.646
NOS1,c_GLN478,mut_s1,detail,1,95,ZDMQSUAMTLXUTE-MPIMZMORNA-N,-9.237
NOS1,c_GLN478,mut_s1,detail,1,96,NMPLPABDEKPABN-UHFFFAOYNA-N,-8.575
NOS1,c_GLN478,mut_s1,detail,1,97,INZRHGSVWGRHBM-NPVYFSBINA-N,-9.858
NOS1,c_GLN478,mut_s1,detail,1,98,RVGCWMKVTAEQIH-LNNLXFCONA-N,-8.974
NOS1,c_GLN478,mut_s1,detail,1,99,VRXWKRQOVMZBAF-LJQANCHMNA-N,-9.042
NOS1,c_GLN478,mut_s1,detail,1,100,QACLWOIBBYOHQP-UYBDAZJANA-N,-8.778
NOS1,c_GLN478,mut_s1,detail,1,101,ZNXSZVFPCBIELQ-LNNLXFCONA-N,-7.764
NOS1,c_GLN478,mut_s1,detail,1,102,GKMWCCNMKRSQHR-VEKUMTKDNA-N,-8.357
NOS1,c_GLN478,mut_s1,detail,1,103,FFGUSRSMWFYKGK-SKKVRFOWNA-N,-8.897
NOS1,c_GLN478,mut_s1,detail,1,104,KXBDDGKXLZBLOM-SPEPDGBUNA-N,-8.527
NOS1,c_GLN478,mut_s1,detail,1,105,MIUWULAZCXYTJW-MSHHZIMBNA-N,-9.889
NOS1,c_GLN478,mut_s1,detail,1,106,JPZOYWVRFLZCIC-NJNXFGOHNA-N,-10.008
NOS1,c_GLN478,mut_s1,detail,1,107,FAIQTLBYDVKBAB-DVIAZDKANA-N,-8.944
NOS1,c_GLN478,mut_s1,detail,1,108,APFLRZZAOXCNAZ-UHFFFAOYNA-N,-8.598
NOS1,c_GLN478,mut_s1,detail,1,109,BSQLDSQTGOZBFD-UHFFFAOYNA-N,-8.101
NOS1,c_GLN478,mut_s1,detail,1,110,ZVVCFJXCDATSCC-UHFFFAOYNA-N,-8.216
NOS1,c_GLN478,mut_s1,detail,1,111,SKEQTXZATFWVMB-UYBDAZJANA-N,-6.998
NOS1,c_GLN478,mut_s1,detail,1,112,IATWYRHDJKMBQK-MPIMZMORNA-N,-8.898
NOS1,c_GLN478,mut_s1,detail,1,113,JPWOEQDCUZCWKT-MPIMZMORNA-N,-7.324
NOS1,c_GLN478,mut_s1,detail,1,114,RYHSAXRBHDHPPK-PKSOQXRJNA-N,-8.085
NOS1,c_GLN478,mut_s1,detail,1,115,GKKJWUFVZJJFPG-MPIMZMORNA-N,-8.493
NOS1,c_GLN478,mut_s1,detail,1,116,FDNZXFDUCINVLY-BDGWVKIONA-N,-8.397
NOS1,c_GLN478,mut_s1,detail,1,117,KTBYKHKWIFIFAK-UHFFFAOYNA-N,-9.865
NOS1,c_GLN478,mut_s1,detail,1,118,ZRXZEWGUECXTTQ-LQFNOIFHNA-N,-8.951
NOS1,c_GLN478,mut_s1,detail,1,119,XNACBBGLIAJNJM-PECIQRARNA-N,-8.079
NOS1,c_GLN478,mut_s1,detail,1,120,WQZYYJRVBIQUGH-YWZOXAELNA-N,-8.469
NOS1,c_GLN478,mut_s1,detail,1,121,ABMSRNRLDZVJFV-SWUIVHNENA-N,-8.14
NOS1,c_GLN478,mut_s1,detail,1,122,ZEACBIUBSOLEGW-QAITUMOCNA-N,-10.875
NOS1,c_GLN478,mut_s1,detail,1,123,UBFCDXVLKFOOGL-OKPOJWAQNA-N,-6.765
NOS1,c_GLN478,mut_s1,detail,1,124,RRIHVAFUFDANEX-NSJMMFDCNA-N,-8.531
NOS1,c_GLN478,mut_s1,detail,1,125,HASIAUWPWKTSBW-SREBMQDQNA-N,-9.375
NOS1,c_GLN478,mut_s1,detail,1,126,WHBCKYHTCHCHAY-LQFNOIFHNA-N,-9.506
NOS1,c_GLN478,mut_s1,detail,1,127,XMAYWYJOQHXEEK-JYFHCDHNNA-N,-9.757
NOS1,c_GLN478,mut_s1,detail,1,128,TVKCFCZANTZCSU-OYRHEFFENA-N,-9.226
NOS1,c_GLN478,mut_s1,detail,1,129,OJFIIUWPOHBVMH-LNNLXFCONA-N,-8.055
NOS1,c_GLN478,mut_s1,detail,1,130,DKLZMGFTGWKNCD-DIRLUKLVNA-N,-9.465
NOS1,c_GLN478,mut_s1,detail,1,131,PYSLGWZFRQWTDD-PWIKPTQSNA-N,-9.816
NOS1,c_GLN478,mut_s1,detail,1,132,MWMBIUUYBQWKJX-QTUCRYGENA-N,-9.548
NOS1,c_GLN478,mut_s1,detail,1,133,FLYQFCXTEFTSQN-UHFFFAOYNA-N,-9.154
NOS1,c_GLN478,mut_s1,detail,1,134,PBIBDSDWIMZYDT-WBWGZOKWNA-N,-8.855
NOS1,c_GLN478,mut_s1,detail,1,135,GSRWMFGBDLHGBU-YEFLILRRNA-N,-8.277
NOS1,c_GLN478,mut_s1,detail,1,136,AYIJJQHMZAEQKE-QDAGQJSJNA-N,-9.429
NOS1,c_GLN478,mut_s1,detail,1,137,JVWTZUKPDMRNDC-FSAKADSPNA-N,-9.631
NOS1,c_GLN478,mut_s1,detail,1,138,XAZPLOLSRXZDBO-LBZABMTDNA-N,-8.384
NOS1,c_GLN478,mut_s1,detail,1,139,RGWVFJBNHCWCTL-CFEGKOCINA-N,-9.756
NOS1,c_GLN478,mut_s1,detail,1,140,YYWNRQZCPIMCAK-UHFFFAOYNA-N,-8.404
NOS1,c_GLN478,mut_s1,detail,1,141,PBTZDKNKXRSZPM-XBXBPLPCNA-N,-9.16
NOS1,c_GLN478,mut_s1,detail,1,142,QQPOIMHFFPBDQM-LELJVTLKNA-N,-9.038
NOS1,c_GLN478,mut_s1,detail,1,143,NYFQURFFDGCBCB-MAQJPOOANA-N,-7.859
NOS1,c_GLN478,mut_s1,detail,1,144,HXZVHWHABLBWBS-MTTPVDACNA-N,-10.447
NOS1,c_GLN478,mut_s1,detail,1,145,IWYYSOJWYLZKLK-LELJVTLKNA-N,-7.994
NOS1,c_GLN478,mut_s1,detail,1,146,HOGUCNPGZXMBGW-UHFFFAOYNA-N,-8.741
NOS1,c_GLN478,mut_s1,detail,1,147,VITUDJAVASFPKN-DUFUIDNCNA-N,-8.745
NOS1,c_GLN478,mut_s1,detail,1,148,IXAHDCRYEUYPBG-SCXYCHFONA-N,-10.983
NOS1,c_GLN478,mut_s1,detail,1,149,JWHMEKMLAZQDNS-OZMOGHDGNA-N,-8.215
NOS1,c_GLN478,mut_s1,detail,1,150,BZWNBTIJLRHNDZ-LBOYIXSDNA-N,-8.381
NOS1,c_GLN478,mut_s1,detail,1,151,RECYROBESYRUML-UHFFFAOYNA-N,-8.261
NOS1,c_GLN478,mut_s1,detail,1,152,MLDSJJJLQRZNKW-UHBIVWOUNA-N,-11.011
NOS1,c_GLN478,mut_s1,detail,1,153,XTWIHJARHCYNFX-PHXLCVRDNA-N,-7.827
NOS1,c_GLN478,mut_s1,detail,1,154,UQGFETVWTRDGKJ-UHFFFAOYNA-N,-8.346
NOS1,c_GLN478,mut_s1,detail,1,155,VJFSMDWEMFOWDK-CYSPOYASNA-N,-9.654
NOS1,c_GLN478,mut_s1,detail,1,156,NZYLXYBIWNIAGH-CYSPOYASNA-N,-9.314
NOS1,c_GLN478,mut_s1,detail,1,157,ODXCWFOKLBJQNP-MPIMZMORNA-N,-8.029
NOS1,c_GLN478,mut_s1,detail,1,158,FVDNMAPPDSKXKQ-UHFFFAOYNA-N,-9.898
NOS1,c_GLN478,mut_s1,detail,1,159,DOPWMPRIRWTOOD-CCHPKIMANA-N,-9.647
NOS1,c_PHE584,mut_s1,detail,1,0,URVMSYHISUZXNH-UYBDAZJANA-N,-9.488
NOS1,c_PHE584,mut_s1,detail,1,1,KXRPCFINVWWFHQ-UHFFFAOYNA-N,-5.579
NOS1,c_PHE584,mut_s1,detail,1,2,NICJTSHRYBTHAS-YHMJCDSINA-N,-7.229
NOS1,c_PHE584,mut_s1,detail,1,3,SWRZVDTZHDWPDS-AWIDAIFANA-N,-7.311
NOS1,c_PHE584,mut_s1,detail,1,4,RKNSLLSUFWWYCA-UHFFFAOYNA-N,-9.188
NOS1,c_PHE584,mut_s1,detail,1,5,OZFSIKFTRRUDES-RIYZIHGNNA-N,-6.109
NOS1,c_PHE584,mut_s1,detail,1,6,AAGGUCRASUJPPN-UHFFFAOYNA-N,-8.388
NOS1,c_PHE584,mut_s1,detail,1,7,OYHXDPMAFYHDNG-YAQRNVERNA-N,-7.908
NOS1,c_PHE584,mut_s1,detail,1,8,AWILWAIEQYZUEQ-UHFFFAOYNA-N,-7.676
NOS1,c_PHE584,mut_s1,detail,1,9,WSFAXHLMQUUHQT-VMPITWQZNA-N,-7.106
NOS1,c_PHE584,mut_s1,detail,1,10,WPHMTVNOXKBZKN-UHFFFAOYNA-N,-7.681
NOS1,c_PHE584,mut_s1,detail,1,11,LPEIZNODGHDCCW-UHFFFAOYNA-N,-5.053
NOS1,c_PHE584,mut_s1,detail,1,12,QQHWWDVSRWOHEP-LILDFLRNNA-N,-8.31
NOS1,c_PHE584,mut_s1,detail,1,13,UMEVSSPGBFVQNC-UHFFFAOYNA-N,-6.996
NOS1,c_PHE584,mut_s1,detail,1,14,VZDIOEKWWZRNQN-UHFFFAOYNA-N,-8.655
NOS1,c_PHE584,mut_s1,detail,1,15,JEVLDOUORFAHRS-NDKGDYFDNA-N,-7.397
NOS1,c_PHE584,mut_s1,detail,1,16,NFTGJNJRMWUBPG-GPQMBLKYNA-N,-7.77
NOS1,c_PHE584,mut_s1,detail,1,17,UMUUTEZBWGDVDA-UHFFFAOYNA-N,-8.283
NOS1,c_PHE584,mut_s1,detail,1,18,VLQKEPLNPGYNDJ-HCKMINDGNA-N,-7.48
NOS1,c_PHE584,mut_s1,detail,1,19,PPMVTAATPZLMJM-CDDDEJBQNA-N,-8.871
NOS1,c_PHE584,mut_s1,detail,1,20,AHLYFAKLKLMESK-YAQRNVERNA-N,-7.112
NOS1,c_PHE584,mut_s1,detail,1,21,GYEJYLAGVWRSIM-KGJHZMDYNA-N,-9.097
NOS1,c_PHE584,mut_s1,detail,1,22,RXVALSLAUOIYLW-UHFFFAOYNA-N,-6.906
NOS1,c_PHE584,mut_s1,detail,1,23,NSELYIFATLFDOZ-JLGFQASFNA-N,-8.354
NOS1,c_PHE584,mut_s1,detail,1,24,COQFBYACOHFCEC-UHFFFAOYNA-N,-7.203
NOS1,c_PHE584,mut_s1,detail,1,25,CJGJXFCLDYQBFQ-YJGXKCCXNA-N,-9.245
NOS1,c_PHE584,mut_s1,detail,1,26,BWNGRRJLFYHENY-INIZCTEONA-N,-7.771
NOS1,c_PHE584,mut_s1,detail,1,27,BNRFXWSJKVJVOF-UYBDAZJANA-N,-8.407
NOS1,c_PHE584,mut_s1,detail,1,28,DMULMZBZVBBWBY-PJZINPJWNA-N,-8.306
NOS1,c_PHE584,mut_s1,detail,1,29,AXLAIGJGNKHDPO-UHFFFAOYNA-N,-6.611
NOS1,c_PHE584,mut_s1,detail,1,30,RKDGAONZEPYEBT-WXRBYKJCNA-N,-7.416
NOS1,c_PHE584,mut_s1,detail,1,31,MBOYDUZSCSNUQL-MBBDSNKKNA-N,-8.084
NOS1,c_PHE584,mut_s1,detail,1,32,KPVDBHRTXOFQDK-YAQRNVERNA-N,-7.316
NOS1,c_PHE584,mut_s1,detail,1,33,LVCNFMYUKISBSB-VJSNTGQMNA-N,-8.017
NOS1,c_PHE584,mut_s1,detail,1,34,XLAHCIRKLMJUQC-DZQCGVKKNA-N,-8.676
NOS1,c_PHE584,mut_s1,detail,1,35,QNYHDABGLCBJOE-SHHGZXMVNA-N,-8.131
NOS1,c_PHE584,mut_s1,detail,1,36,HEKNRISBWSPMOG-OWTLIXCDNA-N,-6.589
NOS1,c_PHE584,mut_s1,detail,1,37,VIRNXCRLEVZXNX-LILDFLRNNA-N,-8.868
NOS1,c_PHE584,mut_s1,detail,1,38,SRTGERSEXJGDMR-UHFFFAOYNA-N,-8.358
NOS1,c_PHE584,mut_s1,detail,1,39,ZGMGSSRLZJYOKH-WXRBYKJCNA-N,-7.986
NOS1,c_PHE584,mut_s1,detail,1,40,VGYFDFRFGHHCDA-CUTUCBJDNA-N,-8.969
NOS1,c_PHE584,mut_s1,detail,1,41,DILPMLYWQJPNLO-HCKMINDGNA-N,-8.864
NOS1,c_PHE584,mut_s1,detail,1,42,RSOODJIGEVJLMK-LQFNOIFHNA-N,-8.345
NOS1,c_PHE584,mut_s1,detail,1,43,OWHHWMUAYBIQPR-UHFFFAOYNA-N,-9.998
NOS1,c_PHE584,mut_s1,detail,1,44,KPIKMVZJKZDOFC-UHFFFAOYNA-N,-8.202
NOS1,c_PHE584,mut_s1,detail,1,45,DIKDKRUREJXLMR-DPMTXJEANA-N,-9.218
NOS1,c_PHE584,mut_s1,detail,1,46,QRVJDPKQHAVBDK-UYBDAZJANA-N,-7.616
NOS1,c_PHE584,mut_s1,detail,1,47,SGBSFKSDPWOALT-UYBDAZJANA-N,-8.671
NOS1,c_PHE584,mut_s1,detail,1,48,CYHFRNFVZWVHCG-OTJKMEOQNA-N,-8.94
NOS1,c_PHE584,mut_s1,detail,1,49,MJUDQDHXCQONOA-MPIMZMORNA-N,-8.1
NOS1,c_PHE584,mut_s1,detail,1,50,RNVYRNLUUYNQAS-PKSOQXRJNA-N,-8.4
NOS1,c_PHE584,mut_s1,detail,1,51,DLZXOZYETDVJEB-QWOVJGMINA-N,-6.698
NOS1,c_PHE584,mut_s1,detail,1,52,HSICVZRDGBJSEL-GPQMBLKYNA-N,-7.981
NOS1,c_PHE584,mut_s1,detail,1,53,HMRUHHFLIMYEAF-QNGOCPJXNA-N,-7.765
NOS1,c_PHE584,mut_s1,detail,1,54,ZZOWQPSBJUXHCA-YSPRVCGUNA-N,-8.152
NOS1,c_PHE584,mut_s1,detail,1,55,WDDJLHOUFWSQSV-UHFFFAOYNA-N,-7.784
NOS1,c_PHE584,mut_s1,detail,1,56,UKLIIGXGTPSYBF-IBCWCQIKNA-N,-7.4
NOS1,c_PHE584,mut_s1,detail,1,57,LNPOBRXJZYGQMS-MOHJPFBDNA-N,-8.266
NOS1,c_PHE584,mut_s1,detail,1,58,FYILBFPPKIZBTO-UHFFFAOYNA-N,-7.469
NOS1,c_PHE584,mut_s1,detail,1,59,MIKIJFODTJGFDI-LILDFLRNNA-N,-8.716
NOS1,c_PHE584,mut_s1,detail,1,60,RUWCNSLWWCWTSU-LILDFLRNNA-N,-7.364
NOS1,c_PHE584,mut_s1,detail,1,61,KLQWCHKIQJHYIB-UHFFFAOYNA-N,-9.771
NOS1,c_PHE584,mut_s1,detail,1,62,QKAWGENQCGFAOE-NPVYFSBINA-N,-8.323
NOS1,c_PHE584,mut_s1,detail,1,63,KGOKCBRZBBEYBE-MMRXBHCZNA-N,-9.996
NOS1,c_PHE584,mut_s1,detail,1,64,ROFRXCLSWKEWTN-UHFFFAOYNA-N,-7.179
NOS1,c_PHE584,mut_s1,detail,1,65,AKRMJNKLSCBEME-FPYGCLRLNA-N,-8.268
NOS1,c_PHE584,mut_s1,detail,1,66,LCGJUJZLLYTYIF-XMFFZCEENA-N,-8.496
NOS1,c_PHE584,mut_s1,detail,1,67,FREQNFSEYLEFOI-QRCVEOAVNA-N,-8.942
NOS1,c_PHE584,mut_s1,detail,1,68,MHMINAYLMNBGSM-UHFFFAOYNA-N,-7.043
NOS1,c_PHE584,mut_s1,detail,1,69,SYMNTBHEGHFZMV-UHFFFAOYNA-N,-7.744
NOS1,c_PHE584,mut_s1,detail,1,70,NNCRWGMPCGSKOO-LILDFLRNNA-N,-8.376
NOS1,c_PHE584,mut_s1,detail,1,71,ZCRRNCCNJMRGFI-UHFFFAOYNA-N,-8.991
NOS1,c_PHE584,mut_s1,detail,1,72,PYVZEIBGEUQNQQ-UHFFFAOYNA-N,-9.05
NOS1,c_PHE584,mut_s1,detail,1,73,OROJQWVRCGJACT-XBTAAFKLNA-N,-9.158
NOS1,c_PHE584,mut_s1,detail,1,74,TXYUWXKCUDOUGU-JLGFQASFNA-N,-8.273
NOS1,c_PHE584,mut_s1,detail,1,75,LAZANALODSEDSE-UHFFFAOYNA-N,-6.914
NOS1,c_PHE584,mut_s1,detail,1,76,RJXCYVJLXGRCHK-UHFFFAOYNA-N,-9.024
NOS1,c_PHE584,mut_s1,detail,1,77,FUSKIBWHJAWEFI-IEJAXPBYNA-N,-8.613
NOS1,c_PHE584,mut_s1,detail,1,78,SGWVLOCBQLQWQV-UHFFFAOYNA-N,-7.647
NOS1,c_PHE584,mut_s1,detail,1,79,PPXRQTYXLZCDAZ-QWOVJGMINA-N,-9.869
NOS1,c_PHE584,mut_s1,detail,1,80,DIFBADFWLVYFHV-LELJVTLKNA-N,-9.32
NOS1,c_PHE584,mut_s1,detail,1,81,XREOSEVJCQGCHE-MHPMNMKGNA-N,-10.014
NOS1,c_PHE584,mut_s1,detail,1,82,ZHGPKHBXSKWZEQ-UHFFFAOYNA-N,-7.694
NOS1,c_PHE584,mut_s1,detail,1,83,ZFAYPJJNPSNAFK-UHFFFAOYNA-N,-7.953
NOS1,c_PHE584,mut_s1,detail,1,84,LTXMRAGWIDQTQT-MYUTVWBTNA-N,-9.309
NOS1,c_PHE584,mut_s1,detail,1,85,VXQHYHSSGLOALC-SPEPDGBUNA-N,-9.141
NOS1,c_PHE584,mut_s1,detail,1,86,KWDSFRAWCISROF-PJQSKVNONA-N,-8.768
NOS1,c_PHE584,mut_s1,detail,1,87,ZJZXSQPHUQUHIV-ZGZFQTMPNA-N,-9.013
NOS1,c_PHE584,mut_s1,detail,1,88,UYHIVPBYFWVWEJ-UHFFFAOYNA-N,-8.959
NOS1,c_PHE584,mut_s1,detail,1,89,PLEFJSUCKRWHBY-LNNLXFCONA-N,-8.888
NOS1,c_PHE584,mut_s1,detail,1,90,DNSRQCRQLKJUCC-PDJAEHLQNA-N,-9.246
NOS1,c_PHE584,mut_s1,detail,1,91,PHYKZCBUNVYJNH-YDBXFXKPNA-N,-7.625
NOS1,c_PHE584,mut_s1,detail,1,92,OOUHZBUAVKCDGA-UHFFFAOYNA-N,-6.725
NOS1,c_PHE584,mut_s1,detail,1,93,UUQDFZFJDFMLHW-UHFFFAOYNA-N,-9.468
NOS1,c_PHE584,mut_s1,detail,1,94,OOUDDHNLDLLUOL-SKKVRFOWNA-N,-9.408
NOS1,c_PHE584,mut_s1,detail,1,95,ZDMQSUAMTLXUTE-MPIMZMORNA-N,-8.98
NOS1,c_PHE584,mut_s1,detail,1,96,NMPLPABDEKPABN-UHFFFAOYNA-N,-8.594
NOS1,c_PHE584,mut_s1,detail,1,97,INZRHGSVWGRHBM-NPVYFSBINA-N,-8.853
NOS1,c_PHE584,mut_s1,detail,1,98,RVGCWMKVTAEQIH-LNNLXFCONA-N,-8.77
NOS1,c_PHE584,mut_s1,detail,1,99,VRXWKRQOVMZBAF-LJQANCHMNA-N,-7.885
NOS1,c_PHE584,mut_s1,detail,1,100,QACLWOIBBYOHQP-UYBDAZJANA-N,-7.712
NOS1,c_PHE584,mut_s1,detail,1,101,ZNXSZVFPCBIELQ-LNNLXFCONA-N,-8.754
NOS1,c_PHE584,mut_s1,detail,1,102,GKMWCCNMKRSQHR-VEKUMTKDNA-N,-8.279
NOS1,c_PHE584,mut_s1,detail,1,103,FFGUSRSMWFYKGK-SKKVRFOWNA-N,-9.053
NOS1,c_PHE584,mut_s1,detail,1,104,KXBDDGKXLZBLOM-SPEPDGBUNA-N,-8.439
NOS1,c_PHE584,mut_s1,detail,1,105,MIUWULAZCXYTJW-MSHHZIMBNA-N,-9.591
NOS1,c_PHE584,mut_s1,detail,1,106,JPZOYWVRFLZCIC-NJNXFGOHNA-N,-10.136
NOS1,c_PHE584,mut_s1,detail,1,107,FAIQTLBYDVKBAB-DVIAZDKANA-N,-8.923
NOS1,c_PHE584,mut_s1,detail,1,108,APFLRZZAOXCNAZ-UHFFFAOYNA-N,-8.374
NOS1,c_PHE584,mut_s1,detail,1,109,BSQLDSQTGOZBFD-UHFFFAOYNA-N,-7.794
NOS1,c_PHE584,mut_s1,detail,1,110,ZVVCFJXCDATSCC-UHFFFAOYNA-N,-7.261
NOS1,c_PHE584,mut_s1,detail,1,111,SKEQTXZATFWVMB-UYBDAZJANA-N,-7.095
NOS1,c_PHE584,mut_s1,detail,1,112,IATWYRHDJKMBQK-MPIMZMORNA-N,-8.535
NOS1,c_PHE584,mut_s1,detail,1,113,JPWOEQDCUZCWKT-MPIMZMORNA-N,-7.0
NOS1,c_PHE584,mut_s1,detail,1,114,RYHSAXRBHDHPPK-PKSOQXRJNA-N,-7.731
NOS1,c_PHE584,mut_s1,detail,1,115,GKKJWUFVZJJFPG-MPIMZMORNA-N,-8.565
NOS1,c_PHE584,mut_s1,detail,1,116,FDNZXFDUCINVLY-BDGWVKIONA-N,-8.814
NOS1,c_PHE584,mut_s1,detail,1,117,KTBYKHKWIFIFAK-UHFFFAOYNA-N,-9.296
NOS1,c_PHE584,mut_s1,detail,1,118,ZRXZEWGUECXTTQ-LQFNOIFHNA-N,-9.604
NOS1,c_PHE584,mut_s1,detail,1,119,XNACBBGLIAJNJM-PECIQRARNA-N,-7.102
NOS1,c_PHE584,mut_s1,detail,1,120,WQZYYJRVBIQUGH-YWZOXAELNA-N,-9.101
NOS1,c_PHE584,mut_s1,detail,1,121,ABMSRNRLDZVJFV-SWUIVHNENA-N,-8.644
NOS1,c_PHE584,mut_s1,detail,1,122,ZEACBIUBSOLEGW-QAITUMOCNA-N,-10.534
NOS1,c_PHE584,mut_s1,detail,1,123,UBFCDXVLKFOOGL-OKPOJWAQNA-N,-8.417
NOS1,c_PHE584,mut_s1,detail,1,124,RRIHVAFUFDANEX-NSJMMFDCNA-N,-8.662
NOS1,c_PHE584,mut_s1,detail,1,125,HASIAUWPWKTSBW-SREBMQDQNA-N,-7.218
NOS1,c_PHE584,mut_s1,detail,1,126,WHBCKYHTCHCHAY-LQFNOIFHNA-N,-9.157
NOS1,c_PHE584,mut_s1,detail,1,127,XMAYWYJOQHXEEK-JYFHCDHNNA-N,-8.868
NOS1,c_PHE584,mut_s1,detail,1,128,TVKCFCZANTZCSU-OYRHEFFENA-N,-9.351
NOS1,c_PHE584,mut_s1,detail,1,129,OJFIIUWPOHBVMH-LNNLXFCONA-N,-7.26
NOS1,c_PHE584,mut_s1,detail,1,130,DKLZMGFTGWKNCD-DIRLUKLVNA-N,-10.105
NOS1,c_PHE584,mut_s1,detail,1,131,PYSLGWZFRQWTDD-PWIKPTQSNA-N,-9.813
NOS1,c_PHE584,mut_s1,detail,1,132,MWMBIUUYBQWKJX-QTUCRYGENA-N,-8.97
NOS1,c_PHE584,mut_s1,detail,1,133,FLYQFCXTEFTSQN-UHFFFAOYNA-N,-8.774
NOS1,c_PHE584,mut_s1,detail,1,134,PBIBDSDWIMZYDT-WBWGZOKWNA-N,-8.993
NOS1,c_PHE584,mut_s1,detail,1,135,GSRWMFGBDLHGBU-YEFLILRRNA-N,-8.401
NOS1,c_PHE584,mut_s1,detail,1,136,AYIJJQHMZAEQKE-QDAGQJSJNA-N,-7.867
NOS1,c_PHE584,mut_s1,detail,1,137,JVWTZUKPDMRNDC-FSAKADSPNA-N,-8.832
NOS1,c_PHE584,mut_s1,detail,1,138,XAZPLOLSRXZDBO-LBZABMTDNA-N,-7.589
NOS1,c_PHE584,mut_s1,detail,1,139,RGWVFJBNHCWCTL-CFEGKOCINA-N,-9.069
NOS1,c_PHE584,mut_s1,detail,1,140,YYWNRQZCPIMCAK-UHFFFAOYNA-N,-8.05
NOS1,c_PHE584,mut_s1,detail,1,141,PBTZDKNKXRSZPM-XBXBPLPCNA-N,-9.115
NOS1,c_PHE584,mut_s1,detail,1,142,QQPOIMHFFPBDQM-LELJVTLKNA-N,-7.973
NOS1,c_PHE584,mut_s1,detail,1,143,NYFQURFFDGCBCB-MAQJPOOANA-N,-8.109
NOS1,c_PHE584,mut_s1,detail,1,144,HXZVHWHABLBWBS-MTTPVDACNA-N,-9.713
NOS1,c_PHE584,mut_s1,detail,1,145,IWYYSOJWYLZKLK-LELJVTLKNA-N,-8.122
NOS1,c_PHE584,mut_s1,detail,1,146,HOGUCNPGZXMBGW-UHFFFAOYNA-N,-8.721
NOS1,c_PHE584,mut_s1,detail,1,147,VITUDJAVASFPKN-DUFUIDNCNA-N,-8.189
NOS1,c_PHE584,mut_s1,detail,1,148,IXAHDCRYEUYPBG-SCXYCHFONA-N,-9.929
NOS1,c_PHE584,mut_s1,detail,1,149,JWHMEKMLAZQDNS-OZMOGHDGNA-N,-8.733
NOS1,c_PHE584,mut_s1,detail,1,150,BZWNBTIJLRHNDZ-LBOYIXSDNA-N,-8.212
NOS1,c_PHE584,mut_s1,detail,1,151,RECYROBESYRUML-UHFFFAOYNA-N,-7.733
NOS1,c_PHE584,mut_s1,detail,1,152,MLDSJJJLQRZNKW-UHBIVWOUNA-N,-10.394
NOS1,c_PHE584,mut_s1,detail,1,153,XTWIHJARHCYNFX-PHXLCVRDNA-N,-8.107
NOS1,c_PHE584,mut_s1,detail,1,154,UQGFETVWTRDGKJ-UHFFFAOYNA-N,-7.907
NOS1,c_PHE584,mut_s1,detail,1,155,VJFSMDWEMFOWDK-CYSPOYASNA-N,-9.806
NOS1,c_PHE584,mut_s1,detail,1,156,NZYLXYBIWNIAGH-CYSPOYASNA-N,-8.913
NOS1,c_PHE584,mut_s1,detail,1,157,ODXCWFOKLBJQNP-MPIMZMORNA-N,-9.236
NOS1,c_PHE584,mut_s1,detail,1,158,FVDNMAPPDSKXKQ-UHFFFAOYNA-N,-9.745
NOS1,c_PHE584,mut_s1,detail,1,159,DOPWMPRIRWTOOD-CCHPKIMANA-N,-8.993
NOS1,c_TYR562,mut_s1,detail,1,0,URVMSYHISUZXNH-UYBDAZJANA-N,-8.651
NOS1,c_TYR562,mut_s1,detail,1,1,KXRPCFINVWWFHQ-UHFFFAOYNA-N,-4.793
NOS1,c_TYR562,mut_s1,detail,1,2,NICJTSHRYBTHAS-YHMJCDSINA-N,-6.885
NOS1,c_TYR562,mut_s1,detail,1,3,SWRZVDTZHDWPDS-AWIDAIFANA-N,-7.157
NOS1,c_TYR562,mut_s1,detail,1,4,RKNSLLSUFWWYCA-UHFFFAOYNA-N,-8.956
NOS1,c_TYR562,mut_s1,detail,1,5,OZFSIKFTRRUDES-RIYZIHGNNA-N,-6.303
NOS1,c_TYR562,mut_s1,detail,1,6,AAGGUCRASUJPPN-UHFFFAOYNA-N,-7.481
NOS1,c_TYR562,mut_s1,detail,1,7,OYHXDPMAFYHDNG-YAQRNVERNA-N,-6.855
NOS1,c_TYR562,mut_s1,detail,1,8,AWILWAIEQYZUEQ-UHFFFAOYNA-N,-7.06
NOS1,c_TYR562,mut_s1,detail,1,9,WSFAXHLMQUUHQT-VMPITWQZNA-N,-7.189
NOS1,c_TYR562,mut_s1,detail,1,10,WPHMTVNOXKBZKN-UHFFFAOYNA-N,-7.708
NOS1,c_TYR562,mut_s1,detail,1,11,LPEIZNODGHDCCW-UHFFFAOYNA-N,-4.994
NOS1,c_TYR562,mut_s1,detail,1,12,QQHWWDVSRWOHEP-LILDFLRNNA-N,-8.312
NOS1,c_TYR562,mut_s1,detail,1,13,UMEVSSPGBFVQNC-UHFFFAOYNA-N,-6.897
NOS1,c_TYR562,mut_s1,detail,1,14,VZDIOEKWWZRNQN-UHFFFAOYNA-N,-8.394
NOS1,c_TYR562,mut_s1,detail,1,15,JEVLDOUORFAHRS-NDKGDYFDNA-N,-7.867
NOS1,c_TYR562,mut_s1,detail,1,16,NFTGJNJRMWUBPG-GPQMBLKYNA-N,-7.491
NOS1,c_TYR562,mut_s1,detail,1,17,UMUUTEZBWGDVDA-UHFFFAOYNA-N,-7.675
NOS1,c_TYR562,mut_s1,detail,1,18,VLQKEPLNPGYNDJ-HCKMINDGNA-N,-7.629
NOS1,c_TYR562,mut_s1,detail,1,19,PPMVTAATPZLMJM-CDDDEJBQNA-N,-9.031
NOS1,c_TYR562,mut_s1,detail,1,20,AHLYFAKLKLMESK-YAQRNVERNA-N,-7.275
NOS1,c_TYR562,mut_s1,detail,1,21,GYEJYLAGVWRSIM-KGJHZMDYNA-N,-7.385
NOS1,c_TYR562,mut_s1,detail,1,22,RXVALSLAUOIYLW-UHFFFAOYNA-N,-6.895
NOS1,c_TYR562,mut_s1,detail,1,23,NSELYIFATLFDOZ-JLGFQASFNA-N,-8.346
NOS1,c_TYR562,mut_s1,detail,1,24,COQFBYACOHFCEC-UHFFFAOYNA-N,-7.083
NOS1,c_TYR562,mut_s1,detail,1,25,CJGJXFCLDYQBFQ-YJGXKCCXNA-N,-8.688
NOS1,c_TYR562,mut_s1,detail,1,26,BWNGRRJLFYHENY-INIZCTEONA-N,-6.557
NOS1,c_TYR562,mut_s1,detail,1,27,BNRFXWSJKVJVOF-UYBDAZJANA-N,-8.481
NOS1,c_TYR562,mut_s1,detail,1,28,DMULMZBZVBBWBY-PJZINPJWNA-N,-7.907
NOS1,c_TYR562,mut_s1,detail,1,29,AXLAIGJGNKHDPO-UHFFFAOYNA-N,-5.575
NOS1,c_TYR562,mut_s1,detail,1,30,RKDGAONZEPYEBT-WXRBYKJCNA-N,-8.415
NOS1,c_TYR562,mut_s1,detail,1,31,MBOYDUZSCSNUQL-MBBDSNKKNA-N,-8.17
NOS1,c_TYR562,mut_s1,detail,1,32,KPVDBHRTXOFQDK-YAQRNVERNA-N,-6.915
NOS1,c_TYR562,mut_s1,detail,1,33,LVCNFMYUKISBSB-VJSNTGQMNA-N,-8.144
NOS1,c_TYR562,mut_s1,detail,1,34,XLAHCIRKLMJUQC-DZQCGVKKNA-N,-9.079
NOS1,c_TYR562,mut_s1,detail,1,35,QNYHDABGLCBJOE-SHHGZXMVNA-N,-7.428
NOS1,c_TYR562,mut_s1,detail,1,36,HEKNRISBWSPMOG-OWTLIXCDNA-N,-6.608
NOS1,c_TYR562,mut_s1,detail,1,37,VIRNXCRLEVZXNX-LILDFLRNNA-N,-9.05
NOS1,c_TYR562,mut_s1,detail,1,38,SRTGERSEXJGDMR-UHFFFAOYNA-N,-7.075
NOS1,c_TYR562,mut_s1,detail,1,39,ZGMGSSRLZJYOKH-WXRBYKJCNA-N,-7.626
NOS1,c_TYR562,mut_s1,detail,1,40,VGYFDFRFGHHCDA-CUTUCBJDNA-N,-9.181
NOS1,c_TYR562,mut_s1,detail,1,41,DILPMLYWQJPNLO-HCKMINDGNA-N,-8.938
NOS1,c_TYR562,mut_s1,detail,1,42,RSOODJIGEVJLMK-LQFNOIFHNA-N,-8.777
NOS1,c_TYR562,mut_s1,detail,1,43,OWHHWMUAYBIQPR-UHFFFAOYNA-N,-8.667
NOS1,c_TYR562,mut_s1,detail,1,44,KPIKMVZJKZDOFC-UHFFFAOYNA-N,-8.672
NOS1,c_TYR562,mut_s1,detail,1,45,DIKDKRUREJXLMR-DPMTXJEANA-N,-8.53
NOS1,c_TYR562,mut_s1,detail,1,46,QRVJDPKQHAVBDK-UYBDAZJANA-N,-7.648
NOS1,c_TYR562,mut_s1,detail,1,47,SGBSFKSDPWOALT-UYBDAZJANA-N,-7.528
NOS1,c_TYR562,mut_s1,detail,1,48,CYHFRNFVZWVHCG-OTJKMEOQNA-N,-8.985
NOS1,c_TYR562,mut_s1,detail,1,49,MJUDQDHXCQONOA-MPIMZMORNA-N,-8.408
NOS1,c_TYR562,mut_s1,detail,1,50,RNVYRNLUUYNQAS-PKSOQXRJNA-N,-7.49
NOS1,c_TYR562,mut_s1,detail,1,51,DLZXOZYETDVJEB-QWOVJGMINA-N,-7.378
NOS1,c_TYR562,mut_s1,detail,1,52,HSICVZRDGBJSEL-GPQMBLKYNA-N,-8.167
NOS1,c_TYR562,mut_s1,detail,1,53,HMRUHHFLIMYEAF-QNGOCPJXNA-N,-7.646
NOS1,c_TYR562,mut_s1,detail,1,54,ZZOWQPSBJUXHCA-YSPRVCGUNA-N,-8.36
NOS1,c_TYR562,mut_s1,detail,1,55,WDDJLHOUFWSQSV-UHFFFAOYNA-N,-7.788
NOS1,c_TYR562,mut_s1,detail,1,56,UKLIIGXGTPSYBF-IBCWCQIKNA-N,-8.007
NOS1,c_TYR562,mut_s1,detail,1,57,LNPOBRXJZYGQMS-MOHJPFBDNA-N,-8.164
NOS1,c_TYR562,mut_s1,detail,1,58,FYILBFPPKIZBTO-UHFFFAOYNA-N,-7.577
NOS1,c_TYR562,mut_s1,detail,1,59,MIKIJFODTJGFDI-LILDFLRNNA-N,-8.545
NOS1,c_TYR562,mut_s1,detail,1,60,RUWCNSLWWCWTSU-LILDFLRNNA-N,-7.394
NOS1,c_TYR562,mut_s1,detail,1,61,KLQWCHKIQJHYIB-UHFFFAOYNA-N,-8.895
NOS1,c_TYR562,mut_s1,detail,1,62,QKAWGENQCGFAOE-NPVYFSBINA-N,-8.162
NOS1,c_TYR562,mut_s1,detail,1,63,KGOKCBRZBBEYBE-MMRXBHCZNA-N,-8.915
NOS1,c_TYR562,mut_s1,detail,1,64,ROFRXCLSWKEWTN-UHFFFAOYNA-N,-7.017
NOS1,c_TYR562,mut_s1,detail,1,65,AKRMJNKLSCBEME-FPYGCLRLNA-N,-7.84
NOS1,c_TYR562,mut_s1,detail,1,66,LCGJUJZLLYTYIF-XMFFZCEENA-N,-8.78
NOS1,c_TYR562,mut_s1,detail,1,67,FREQNFSEYLEFOI-QRCVEOAVNA-N,-7.63
NOS1,c_TYR562,mut_s1,detail,1,68,MHMINAYLMNBGSM-UHFFFAOYNA-N,-7.037
NOS1,c_TYR562,mut_s1,detail,1,69,SYMNTBHEGHFZMV-UHFFFAOYNA-N,-7.352
NOS1,c_TYR562,mut_s1,detail,1,70,NNCRWGMPCGSKOO-LILDFLRNNA-N,-8.016
NOS1,c_TYR562,mut_s1,detail,1,71,ZCRRNCCNJMRGFI-UHFFFAOYNA-N,-8.256
NOS1,c_TYR562,mut_s1,detail,1,72,PYVZEIBGEUQNQQ-UHFFFAOYNA-N,-9.435
NOS1,c_TYR562,mut_s1,detail,1,73,OROJQWVRCGJACT-XBTAAFKLNA-N,-9.219
NOS1,c_TYR562,mut_s1,detail,1,74,TXYUWXKCUDOUGU-JLGFQASFNA-N,-7.542
NOS1,c_TYR562,mut_s1,detail,1,75,LAZANALODSEDSE-UHFFFAOYNA-N,-7.252
NOS1,c_TYR562,mut_s1,detail,1,76,RJXCYVJLXGRCHK-UHFFFAOYNA-N,-10.212
NOS1,c_TYR562,mut_s1,detail,1,77,FUSKIBWHJAWEFI-IEJAXPBYNA-N,-8.736
NOS1,c_TYR562,mut_s1,detail,1,78,SGWVLOCBQLQWQV-UHFFFAOYNA-N,-7.78
NOS1,c_TYR562,mut_s1,detail,1,79,PPXRQTYXLZCDAZ-QWOVJGMINA-N,-9.011
NOS1,c_TYR562,mut_s1,detail,1,80,DIFBADFWLVYFHV-LELJVTLKNA-N,-9.129
NOS1,c_TYR562,mut_s1,detail,1,81,XREOSEVJCQGCHE-MHPMNMKGNA-N,-9.188
NOS1,c_TYR562,mut_s1,detail,1,82,ZHGPKHBXSKWZEQ-UHFFFAOYNA-N,-7.939
NOS1,c_TYR562,mut_s1,detail,1,83,ZFAYPJJNPSNAFK-UHFFFAOYNA-N,-7.818
NOS1,c_TYR562,mut_s1,detail,1,84,LTXMRAGWIDQTQT-MYUTVWBTNA-N,-9.066
NOS1,c_TYR562,mut_s1,detail,1,85,VXQHYHSSGLOALC-SPEPDGBUNA-N,-9.325
NOS1,c_TYR562,mut_s1,detail,1,86,KWDSFRAWCISROF-PJQSKVNONA-N,-9.261
NOS1,c_TYR562,mut_s1,detail,1,87,ZJZXSQPHUQUHIV-ZGZFQTMPNA-N,-9.037
NOS1,c_TYR562,mut_s1,detail,1,88,UYHIVPBYFWVWEJ-UHFFFAOYNA-N,-9.108
NOS1,c_TYR562,mut_s1,detail,1,89,PLEFJSUCKRWHBY-LNNLXFCONA-N,-8.767
NOS1,c_TYR562,mut_s1,detail,1,90,DNSRQCRQLKJUCC-PDJAEHLQNA-N,-9.012
NOS1,c_TYR562,mut_s1,detail,1,91,PHYKZCBUNVYJNH-YDBXFXKPNA-N,-6.669
NOS1,c_TYR562,mut_s1,detail,1,92,OOUHZBUAVKCDGA-UHFFFAOYNA-N,-8.112
NOS1,c_TYR562,mut_s1,detail,1,93,UUQDFZFJDFMLHW-UHFFFAOYNA-N,-8.597
NOS1,c_TYR562,mut_s1,detail,1,94,OOUDDHNLDLLUOL-SKKVRFOWNA-N,-8.569
NOS1,c_TYR562,mut_s1,detail,1,95,ZDMQSUAMTLXUTE-MPIMZMORNA-N,-9.219
NOS1,c_TYR562,mut_s1,detail,1,96,NMPLPABDEKPABN-UHFFFAOYNA-N,-8.681
NOS1,c_TYR562,mut_s1,detail,1,97,INZRHGSVWGRHBM-NPVYFSBINA-N,-9.661
NOS1,c_TYR562,mut_s1,detail,1,98,RVGCWMKVTAEQIH-LNNLXFCONA-N,-9.027
NOS1,c_TYR562,mut_s1,detail,1,99,VRXWKRQOVMZBAF-LJQANCHMNA-N,-7.923
NOS1,c_TYR562,mut_s1,detail,1,100,QACLWOIBBYOHQP-UYBDAZJANA-N,-7.559
NOS1,c_TYR562,mut_s1,detail,1,101,ZNXSZVFPCBIELQ-LNNLXFCONA-N,-7.907
NOS1,c_TYR562,mut_s1,detail,1,102,GKMWCCNMKRSQHR-VEKUMTKDNA-N,-8.428
NOS1,c_TYR562,mut_s1,detail,1,103,FFGUSRSMWFYKGK-SKKVRFOWNA-N,-9.225
NOS1,c_TYR562,mut_s1,detail,1,104,KXBDDGKXLZBLOM-SPEPDGBUNA-N,-8.805
NOS1,c_TYR562,mut_s1,detail,1,105,MIUWULAZCXYTJW-MSHHZIMBNA-N,-9.614
NOS1,c_TYR562,mut_s1,detail,1,106,JPZOYWVRFLZCIC-NJNXFGOHNA-N,-10.338
NOS1,c_TYR562,mut_s1,detail,1,107,FAIQTLBYDVKBAB-DVIAZDKANA-N,-8.544
NOS1,c_TYR562,mut_s1,detail,1,108,APFLRZZAOXCNAZ-UHFFFAOYNA-N,-8.523
NOS1,c_TYR562,mut_s1,detail,1,109,BSQLDSQTGOZBFD-UHFFFAOYNA-N,-7.797
NOS1,c_TYR562,mut_s1,detail,1,110,ZVVCFJXCDATSCC-UHFFFAOYNA-N,-6.441
NOS1,c_TYR562,mut_s1,detail,1,111,SKEQTXZATFWVMB-UYBDAZJANA-N,-7.501
NOS1,c_TYR562,mut_s1,detail,1,112,IATWYRHDJKMBQK-MPIMZMORNA-N,-8.337
NOS1,c_TYR562,mut_s1,detail,1,113,JPWOEQDCUZCWKT-MPIMZMORNA-N,-7.197
NOS1,c_TYR562,mut_s1,detail,1,114,RYHSAXRBHDHPPK-PKSOQXRJNA-N,-7.425
NOS1,c_TYR562,mut_s1,detail,1,115,GKKJWUFVZJJFPG-MPIMZMORNA-N,-8.194
NOS1,c_TYR562,mut_s1,detail,1,116,FDNZXFDUCINVLY-BDGWVKIONA-N,-8.835
NOS1,c_TYR562,mut_s1,detail,1,117,KTBYKHKWIFIFAK-UHFFFAOYNA-N,-9.472
NOS1,c_TYR562,mut_s1,detail,1,118,ZRXZEWGUECXTTQ-LQFNOIFHNA-N,-8.599
NOS1,c_TYR562,mut_s1,detail,1,119,XNACBBGLIAJNJM-PECIQRARNA-N,-7.039
NOS1,c_TYR562,mut_s1,detail,1,120,WQZYYJRVBIQUGH-YWZOXAELNA-N,-8.762
NOS1,c_TYR562,mut_s1,detail,1,121,ABMSRNRLDZVJFV-SWUIVHNENA-N,-8.224
NOS1,c_TYR562,mut_s1,detail,1,122,ZEACBIUBSOLEGW-QAITUMOCNA-N,-9.656
NOS1,c_TYR562,mut_s1,detail,1,123,UBFCDXVLKFOOGL-OKPOJWAQNA-N,-6.86
NOS1,c_TYR562,mut_s1,detail,1,124,RRIHVAFUFDANEX-NSJMMFDCNA-N,-8.585
NOS1,c_TYR562,mut_s1,detail,1,125,HASIAUWPWKTSBW-SREBMQDQNA-N,-7.639
NOS1,c_TYR562,mut_s1,detail,1,126,WHBCKYHTCHCHAY-LQFNOIFHNA-N,-9.248
NOS1,c_TYR562,mut_s1,detail,1,127,XMAYWYJOQHXEEK-JYFHCDHNNA-N,-8.73
NOS1,c_TYR562,mut_s1,detail,1,128,TVKCFCZANTZCSU-OYRHEFFENA-N,-9.847
NOS1,c_TYR562,mut_s1,detail,1,129,OJFIIUWPOHBVMH-LNNLXFCONA-N,-7.694
NOS1,c_TYR562,mut_s1,detail,1,130,DKLZMGFTGWKNCD-DIRLUKLVNA-N,-10.411
NOS1,c_TYR562,mut_s1,detail,1,131,PYSLGWZFRQWTDD-PWIKPTQSNA-N,-8.748
NOS1,c_TYR562,mut_s1,detail,1,132,MWMBIUUYBQWKJX-QTUCRYGENA-N,-9.608
NOS1,c_TYR562,mut_s1,detail,1,133,FLYQFCXTEFTSQN-UHFFFAOYNA-N,-9.254
NOS1,c_TYR562,mut_s1,detail,1,134,PBIBDSDWIMZYDT-WBWGZOKWNA-N,-9.275
NOS1,c_TYR562,mut_s1,detail,1,135,GSRWMFGBDLHGBU-YEFLILRRNA-N,-8.08
NOS1,c_TYR562,mut_s1,detail,1,136,AYIJJQHMZAEQKE-QDAGQJSJNA-N,-8.031
NOS1,c_TYR562,mut_s1,detail,1,137,JVWTZUKPDMRNDC-FSAKADSPNA-N,-9.028
NOS1,c_TYR562,mut_s1,detail,1,138,XAZPLOLSRXZDBO-LBZABMTDNA-N,-7.369
NOS1,c_TYR562,mut_s1,detail,1,139,RGWVFJBNHCWCTL-CFEGKOCINA-N,-9.722
NOS1,c_TYR562,mut_s1,detail,1,140,YYWNRQZCPIMCAK-UHFFFAOYNA-N,-7.8
NOS1,c_TYR562,mut_s1,detail,1,141,PBTZDKNKXRSZPM-XBXBPLPCNA-N,-8.942
NOS1,c_TYR562,mut_s1,detail,1,142,QQPOIMHFFPBDQM-LELJVTLKNA-N,-7.88
NOS1,c_TYR562,mut_s1,detail,1,143,NYFQURFFDGCBCB-MAQJPOOANA-N,-8.367
NOS1,c_TYR562,mut_s1,detail,1,144,HXZVHWHABLBWBS-MTTPVDACNA-N,-9.79
NOS1,c_TYR562,mut_s1,detail,1,145,IWYYSOJWYLZKLK-LELJVTLKNA-N,-8.188
NOS1,c_TYR562,mut_s1,detail,1,146,HOGUCNPGZXMBGW-UHFFFAOYNA-N,-8.693
NOS1,c_TYR562,mut_s1,detail,1,147,VITUDJAVASFPKN-DUFUIDNCNA-N,-8.788
NOS1,c_TYR562,mut_s1,detail,1,148,IXAHDCRYEUYPBG-SCXYCHFONA-N,-9.354
NOS1,c_TYR562,mut_s1,detail,1,149,JWHMEKMLAZQDNS-OZMOGHDGNA-N,-8.472
NOS1,c_TYR562,mut_s1,detail,1,150,BZWNBTIJLRHNDZ-LBOYIXSDNA-N,-8.564
NOS1,c_TYR562,mut_s1,detail,1,151,RECYROBESYRUML-UHFFFAOYNA-N,-7.845
NOS1,c_TYR562,mut_s1,detail,1,152,MLDSJJJLQRZNKW-UHBIVWOUNA-N,-10.151
NOS1,c_TYR562,mut_s1,detail,1,153,XTWIHJARHCYNFX-PHXLCVRDNA-N,-8.32
NOS1,c_TYR562,mut_s1,detail,1,154,UQGFETVWTRDGKJ-UHFFFAOYNA-N,-8.047
NOS1,c_TYR562,mut_s1,detail,1,155,VJFSMDWEMFOWDK-CYSPOYASNA-N,-9.936
NOS1,c_TYR562,mut_s1,detail,1,156,NZYLXYBIWNIAGH-CYSPOYASNA-N,-9.591
NOS1,c_TYR562,mut_s1,detail,1,157,ODXCWFOKLBJQNP-MPIMZMORNA-N,-7.61
NOS1,c_TYR562,mut_s1,detail,1,158,FVDNMAPPDSKXKQ-UHFFFAOYNA-N,-9.879
NOS1,c_TYR562,mut_s1,detail,1,159,DOPWMPRIRWTOOD-CCHPKIMANA-N,-8.502
NOS1,c_ASP597,mut_s1,detail,1,0,URVMSYHISUZXNH-UYBDAZJANA-N,-8.683
NOS1,c_ASP597,mut_s1,detail,1,1,KXRPCFINVWWFHQ-UHFFFAOYNA-N,-4.879
NOS1,c_ASP597,mut_s1,detail,1,2,NICJTSHRYBTHAS-YHMJCDSINA-N,-7.302
NOS1,c_ASP597,mut_s1,detail,1,3,SWRZVDTZHDWPDS-AWIDAIFANA-N,-7.376
NOS1,c_ASP597,mut_s1,detail,1,4,RKNSLLSUFWWYCA-UHFFFAOYNA-N,-8.786
NOS1,c_ASP597,mut_s1,detail,1,5,OZFSIKFTRRUDES-RIYZIHGNNA-N,-6.29
NOS1,c_ASP597,mut_s1,detail,1,6,AAGGUCRASUJPPN-UHFFFAOYNA-N,-7.105
NOS1,c_ASP597,mut_s1,detail,1,7,OYHXDPMAFYHDNG-YAQRNVERNA-N,-6.994
NOS1,c_ASP597,mut_s1,detail,1,8,AWILWAIEQYZUEQ-UHFFFAOYNA-N,-6.806
NOS1,c_ASP597,mut_s1,detail,1,9,WSFAXHLMQUUHQT-VMPITWQZNA-N,-7.095
NOS1,c_ASP597,mut_s1,detail,1,10,WPHMTVNOXKBZKN-UHFFFAOYNA-N,-7.538
NOS1,c_ASP597,mut_s1,detail,1,11,LPEIZNODGHDCCW-UHFFFAOYNA-N,-5.21
NOS1,c_ASP597,mut_s1,detail,1,12,QQHWWDVSRWOHEP-LILDFLRNNA-N,-8.545
NOS1,c_ASP597,mut_s1,detail,1,13,UMEVSSPGBFVQNC-UHFFFAOYNA-N,-6.806
NOS1,c_ASP597,mut_s1,detail,1,14,VZDIOEKWWZRNQN-UHFFFAOYNA-N,-8.145
NOS1,c_ASP597,mut_s1,detail,1,15,JEVLDOUORFAHRS-NDKGDYFDNA-N,-8.129
NOS1,c_ASP597,mut_s1,detail,1,16,NFTGJNJRMWUBPG-GPQMBLKYNA-N,-7.38
NOS1,c_ASP597,mut_s1,detail,1,17,UMUUTEZBWGDVDA-UHFFFAOYNA-N,-8.294
NOS1,c_ASP597,mut_s1,detail,1,18,VLQKEPLNPGYNDJ-HCKMINDGNA-N,-8.229
NOS1,c_ASP597,mut_s1,detail,1,19,PPMVTAATPZLMJM-CDDDEJBQNA-N,-9.596
NOS1,c_ASP597,mut_s1,detail,1,20,AHLYFAKLKLMESK-YAQRNVERNA-N,-7.313
NOS1,c_ASP597,mut_s1,detail,1,21,GYEJYLAGVWRSIM-KGJHZMDYNA-N,-7.416
NOS1,c_ASP597,mut_s1,detail,1,22,RXVALSLAUOIYLW-UHFFFAOYNA-N,-6.281
NOS1,c_ASP597,mut_s1,detail,1,23,NSELYIFATLFDOZ-JLGFQASFNA-N,-8.366
NOS1,c_ASP597,mut_s1,detail,1,24,COQFBYACOHFCEC-UHFFFAOYNA-N,-6.847
NOS1,c_ASP597,mut_s1,detail,1,25,CJGJXFCLDYQBFQ-YJGXKCCXNA-N,-8.885
NOS1,c_ASP597,mut_s1,detail,1,26,BWNGRRJLFYHENY-INIZCTEONA-N,-7.417
NOS1,c_ASP597,mut_s1,detail,1,27,BNRFXWSJKVJVOF-UYBDAZJANA-N,-8.439
NOS1,c_ASP597,mut_s1,detail,1,28,DMULMZBZVBBWBY-PJZINPJWNA-N,-8.489
NOS1,c_ASP597,mut_s1,detail,1,29,AXLAIGJGNKHDPO-UHFFFAOYNA-N,-5.969
NOS1,c_ASP597,mut_s1,detail,1,30,RKDGAONZEPYEBT-WXRBYKJCNA-N,-8.41
NOS1,c_ASP597,mut_s1,detail,1,31,MBOYDUZSCSNUQL-MBBDSNKKNA-N,-8.087
NOS1,c_ASP597,mut_s1,detail,1,32,KPVDBHRTXOFQDK-YAQRNVERNA-N,-6.955
NOS1,c_ASP597,mut_s1,detail,1,33,LVCNFMYUKISBSB-VJSNTGQMNA-N,-8.404
NOS1,c_ASP597,mut_s1,detail,1,34,XLAHCIRKLMJUQC-DZQCGVKKNA-N,-8.877
NOS1,c_ASP597,mut_s1,detail,1,35,QNYHDABGLCBJOE-SHHGZXMVNA-N,-7.61
NOS1,c_ASP597,mut_s1,detail,1,36,HEKNRISBWSPMOG-OWTLIXCDNA-N,-6.604
NOS1,c_ASP597,mut_s1,detail,1,37,VIRNXCRLEVZXNX-LILDFLRNNA-N,-8.993
NOS1,c_ASP597,mut_s1,detail,1,38,SRTGERSEXJGDMR-UHFFFAOYNA-N,-7.325
NOS1,c_ASP597,mut_s1,detail,1,39,ZGMGSSRLZJYOKH-WXRBYKJCNA-N,-7.809
NOS1,c_ASP597,mut_s1,detail,1,40,VGYFDFRFGHHCDA-CUTUCBJDNA-N,-9.262
NOS1,c_ASP597,mut_s1,detail,1,41,DILPMLYWQJPNLO-HCKMINDGNA-N,-8.961
NOS1,c_ASP597,mut_s1,detail,1,42,RSOODJIGEVJLMK-LQFNOIFHNA-N,-8.415
NOS1,c_ASP597,mut_s1,detail,1,43,OWHHWMUAYBIQPR-UHFFFAOYNA-N,-8.353
NOS1,c_ASP597,mut_s1,detail,1,44,KPIKMVZJKZDOFC-UHFFFAOYNA-N,-8.488
NOS1,c_ASP597,mut_s1,detail,1,45,DIKDKRUREJXLMR-DPMTXJEANA-N,-8.822
NOS1,c_ASP597,mut_s1,detail,1,46,QRVJDPKQHAVBDK-UYBDAZJANA-N,-8.121
NOS1,c_ASP597,mut_s1,detail,1,47,SGBSFKSDPWOALT-UYBDAZJANA-N,-7.547
NOS1,c_ASP597,mut_s1,detail,1,48,CYHFRNFVZWVHCG-OTJKMEOQNA-N,-9.094
NOS1,c_ASP597,mut_s1,detail,1,49,MJUDQDHXCQONOA-MPIMZMORNA-N,-8.154
NOS1,c_ASP597,mut_s1,detail,1,50,RNVYRNLUUYNQAS-PKSOQXRJNA-N,-7.517
NOS1,c_ASP597,mut_s1,detail,1,51,DLZXOZYETDVJEB-QWOVJGMINA-N,-7.49
NOS1,c_ASP597,mut_s1,detail,1,52,HSICVZRDGBJSEL-GPQMBLKYNA-N,-8.651
NOS1,c_ASP597,mut_s1,detail,1,53,HMRUHHFLIMYEAF-QNGOCPJXNA-N,-7.385
NOS1,c_ASP597,mut_s1,detail,1,54,ZZOWQPSBJUXHCA-YSPRVCGUNA-N,-7.924
NOS1,c_ASP597,mut_s1,detail,1,55,WDDJLHOUFWSQSV-UHFFFAOYNA-N,-8.766
NOS1,c_ASP597,mut_s1,detail,1,56,UKLIIGXGTPSYBF-IBCWCQIKNA-N,-7.957
NOS1,c_ASP597,mut_s1,detail,1,57,LNPOBRXJZYGQMS-MOHJPFBDNA-N,-7.906
NOS1,c_ASP597,mut_s1,detail,1,58,FYILBFPPKIZBTO-UHFFFAOYNA-N,-8.066
NOS1,c_ASP597,mut_s1,detail,1,59,MIKIJFODTJGFDI-LILDFLRNNA-N,-8.753
NOS1,c_ASP597,mut_s1,detail,1,60,RUWCNSLWWCWTSU-LILDFLRNNA-N,-7.684
NOS1,c_ASP597,mut_s1,detail,1,61,KLQWCHKIQJHYIB-UHFFFAOYNA-N,-9.569
NOS1,c_ASP597,mut_s1,detail,1,62,QKAWGENQCGFAOE-NPVYFSBINA-N,-7.813
NOS1,c_ASP597,mut_s1,detail,1,63,KGOKCBRZBBEYBE-MMRXBHCZNA-N,-9.053
NOS1,c_ASP597,mut_s1,detail,1,64,ROFRXCLSWKEWTN-UHFFFAOYNA-N,-7.061
NOS1,c_ASP597,mut_s1,detail,1,65,AKRMJNKLSCBEME-FPYGCLRLNA-N,-7.614
NOS1,c_ASP597,mut_s1,detail,1,66,LCGJUJZLLYTYIF-XMFFZCEENA-N,-8.68
NOS1,c_ASP597,mut_s1,detail,1,67,FREQNFSEYLEFOI-QRCVEOAVNA-N,-7.742
NOS1,c_ASP597,mut_s1,detail,1,68,MHMINAYLMNBGSM-UHFFFAOYNA-N,-6.562
NOS1,c_ASP597,mut_s1,detail,1,69,SYMNTBHEGHFZMV-UHFFFAOYNA-N,-6.845
NOS1,c_ASP597,mut_s1,detail,1,70,NNCRWGMPCGSKOO-LILDFLRNNA-N,-8.241
NOS1,c_ASP597,mut_s1,detail,1,71,ZCRRNCCNJMRGFI-UHFFFAOYNA-N,-9.369
NOS1,c_ASP597,mut_s1,detail,1,72,PYVZEIBGEUQNQQ-UHFFFAOYNA-N,-9.312
NOS1,c_ASP597,mut_s1,detail,1,73,OROJQWVRCGJACT-XBTAAFKLNA-N,-9.189
NOS1,c_ASP597,mut_s1,detail,1,74,TXYUWXKCUDOUGU-JLGFQASFNA-N,-7.325
NOS1,c_ASP597,mut_s1,detail,1,75,LAZANALODSEDSE-UHFFFAOYNA-N,-6.999
NOS1,c_ASP597,mut_s1,detail,1,76,RJXCYVJLXGRCHK-UHFFFAOYNA-N,-10.247
NOS1,c_ASP597,mut_s1,detail,1,77,FUSKIBWHJAWEFI-IEJAXPBYNA-N,-9.115
NOS1,c_ASP597,mut_s1,detail,1,78,SGWVLOCBQLQWQV-UHFFFAOYNA-N,-7.643
NOS1,c_ASP597,mut_s1,detail,1,79,PPXRQTYXLZCDAZ-QWOVJGMINA-N,-8.543
NOS1,c_ASP597,mut_s1,detail,1,80,DIFBADFWLVYFHV-LELJVTLKNA-N,-9.067
NOS1,c_ASP597,mut_s1,detail,1,81,XREOSEVJCQGCHE-MHPMNMKGNA-N,-9.538
NOS1,c_ASP597,mut_s1,detail,1,82,ZHGPKHBXSKWZEQ-UHFFFAOYNA-N,-7.894
NOS1,c_ASP597,mut_s1,detail,1,83,ZFAYPJJNPSNAFK-UHFFFAOYNA-N,-8.183
NOS1,c_ASP597,mut_s1,detail,1,84,LTXMRAGWIDQTQT-MYUTVWBTNA-N,-8.754
NOS1,c_ASP597,mut_s1,detail,1,85,VXQHYHSSGLOALC-SPEPDGBUNA-N,-9.35
NOS1,c_ASP597,mut_s1,detail,1,86,KWDSFRAWCISROF-PJQSKVNONA-N,-9.28
NOS1,c_ASP597,mut_s1,detail,1,87,ZJZXSQPHUQUHIV-ZGZFQTMPNA-N,-9.36
NOS1,c_ASP597,mut_s1,detail,1,88,UYHIVPBYFWVWEJ-UHFFFAOYNA-N,-8.922
NOS1,c_ASP597,mut_s1,detail,1,89,PLEFJSUCKRWHBY-LNNLXFCONA-N,-8.794
NOS1,c_ASP597,mut_s1,detail,1,90,DNSRQCRQLKJUCC-PDJAEHLQNA-N,-8.973
NOS1,c_ASP597,mut_s1,detail,1,91,PHYKZCBUNVYJNH-YDBXFXKPNA-N,-7.471
NOS1,c_ASP597,mut_s1,detail,1,92,OOUHZBUAVKCDGA-UHFFFAOYNA-N,-7.681
NOS1,c_ASP597,mut_s1,detail,1,93,UUQDFZFJDFMLHW-UHFFFAOYNA-N,-8.417
NOS1,c_ASP597,mut_s1,detail,1,94,OOUDDHNLDLLUOL-SKKVRFOWNA-N,-8.151
NOS1,c_ASP597,mut_s1,detail,1,95,ZDMQSUAMTLXUTE-MPIMZMORNA-N,-9.756
NOS1,c_ASP597,mut_s1,detail,1,96,NMPLPABDEKPABN-UHFFFAOYNA-N,-8.016
NOS1,c_ASP597,mut_s1,detail,1,97,INZRHGSVWGRHBM-NPVYFSBINA-N,-8.948
NOS1,c_ASP597,mut_s1,detail,1,98,RVGCWMKVTAEQIH-LNNLXFCONA-N,-8.187
NOS1,c_ASP597,mut_s1,detail,1,99,VRXWKRQOVMZBAF-LJQANCHMNA-N,-7.857
NOS1,c_ASP597,mut_s1,detail,1,100,QACLWOIBBYOHQP-UYBDAZJANA-N,-8.239
NOS1,c_ASP597,mut_s1,detail,1,101,ZNXSZVFPCBIELQ-LNNLXFCONA-N,-8.094
NOS1,c_ASP597,mut_s1,detail,1,102,GKMWCCNMKRSQHR-VEKUMTKDNA-N,-8.989
NOS1,c_ASP597,mut_s1,detail,1,103,FFGUSRSMWFYKGK-SKKVRFOWNA-N,-8.867
NOS1,c_ASP597,mut_s1,detail,1,104,KXBDDGKXLZBLOM-SPEPDGBUNA-N,-8.312
NOS1,c_ASP597,mut_s1,detail,1,105,MIUWULAZCXYTJW-MSHHZIMBNA-N,-9.915
NOS1,c_ASP597,mut_s1,detail,1,106,JPZOYWVRFLZCIC-NJNXFGOHNA-N,-10.127
NOS1,c_ASP597,mut_s1,detail,1,107,FAIQTLBYDVKBAB-DVIAZDKANA-N,-8.228
NOS1,c_ASP597,mut_s1,detail,1,108,APFLRZZAOXCNAZ-UHFFFAOYNA-N,-8.594
NOS1,c_ASP597,mut_s1,detail,1,109,BSQLDSQTGOZBFD-UHFFFAOYNA-N,-8.378
NOS1,c_ASP597,mut_s1,detail,1,110,ZVVCFJXCDATSCC-UHFFFAOYNA-N,-7.043
NOS1,c_ASP597,mut_s1,detail,1,111,SKEQTXZATFWVMB-UYBDAZJANA-N,-7.131
NOS1,c_ASP597,mut_s1,detail,1,112,IATWYRHDJKMBQK-MPIMZMORNA-N,-8.652
NOS1,c_ASP597,mut_s1,detail,1,113,JPWOEQDCUZCWKT-MPIMZMORNA-N,-7.273
NOS1,c_ASP597,mut_s1,detail,1,114,RYHSAXRBHDHPPK-PKSOQXRJNA-N,-7.661
NOS1,c_ASP597,mut_s1,detail,1,115,GKKJWUFVZJJFPG-MPIMZMORNA-N,-8.451
NOS1,c_ASP597,mut_s1,detail,1,116,FDNZXFDUCINVLY-BDGWVKIONA-N,-8.767
NOS1,c_ASP597,mut_s1,detail,1,117,KTBYKHKWIFIFAK-UHFFFAOYNA-N,-9.425
NOS1,c_ASP597,mut_s1,detail,1,118,ZRXZEWGUECXTTQ-LQFNOIFHNA-N,-8.631
NOS1,c_ASP597,mut_s1,detail,1,119,XNACBBGLIAJNJM-PECIQRARNA-N,-7.35
NOS1,c_ASP597,mut_s1,detail,1,120,WQZYYJRVBIQUGH-YWZOXAELNA-N,-8.797
NOS1,c_ASP597,mut_s1,detail,1,121,ABMSRNRLDZVJFV-SWUIVHNENA-N,-8.193
NOS1,c_ASP597,mut_s1,detail,1,122,ZEACBIUBSOLEGW-QAITUMOCNA-N,-10.675
NOS1,c_ASP597,mut_s1,detail,1,123,UBFCDXVLKFOOGL-OKPOJWAQNA-N,-7.37
NOS1,c_ASP597,mut_s1,detail,1,124,RRIHVAFUFDANEX-NSJMMFDCNA-N,-8.375
NOS1,c_ASP597,mut_s1,detail,1,125,HASIAUWPWKTSBW-SREBMQDQNA-N,-7.523
NOS1,c_ASP597,mut_s1,detail,1,126,WHBCKYHTCHCHAY-LQFNOIFHNA-N,-9.343
NOS1,c_ASP597,mut_s1,detail,1,127,XMAYWYJOQHXEEK-JYFHCDHNNA-N,-8.878
NOS1,c_ASP597,mut_s1,detail,1,128,TVKCFCZANTZCSU-OYRHEFFENA-N,-9.54
NOS1,c_ASP597,mut_s1,detail,1,129,OJFIIUWPOHBVMH-LNNLXFCONA-N,-6.784
NOS1,c_ASP597,mut_s1,detail,1,130,DKLZMGFTGWKNCD-DIRLUKLVNA-N,-10.629
NOS1,c_ASP597,mut_s1,detail,1,131,PYSLGWZFRQWTDD-PWIKPTQSNA-N,-9.042
NOS1,c_ASP597,mut_s1,detail,1,132,MWMBIUUYBQWKJX-QTUCRYGENA-N,-8.564
NOS1,c_ASP597,mut_s1,detail,1,133,FLYQFCXTEFTSQN-UHFFFAOYNA-N,-8.747
NOS1,c_ASP597,mut_s1,detail,1,134,PBIBDSDWIMZYDT-WBWGZOKWNA-N,-8.856
NOS1,c_ASP597,mut_s1,detail,1,135,GSRWMFGBDLHGBU-YEFLILRRNA-N,-7.615
NOS1,c_ASP597,mut_s1,detail,1,136,AYIJJQHMZAEQKE-QDAGQJSJNA-N,-8.169
NOS1,c_ASP597,mut_s1,detail,1,137,JVWTZUKPDMRNDC-FSAKADSPNA-N,-9.191
NOS1,c_ASP597,mut_s1,detail,1,138,XAZPLOLSRXZDBO-LBZABMTDNA-N,-7.154
NOS1,c_ASP597,mut_s1,detail,1,139,RGWVFJBNHCWCTL-CFEGKOCINA-N,-9.434
NOS1,c_ASP597,mut_s1,detail,1,140,YYWNRQZCPIMCAK-UHFFFAOYNA-N,-8.319
NOS1,c_ASP597,mut_s1,detail,1,141,PBTZDKNKXRSZPM-XBXBPLPCNA-N,-9.191
NOS1,c_ASP597,mut_s1,detail,1,142,QQPOIMHFFPBDQM-LELJVTLKNA-N,-7.724
NOS1,c_ASP597,mut_s1,detail,1,143,NYFQURFFDGCBCB-MAQJPOOANA-N,-8.345
NOS1,c_ASP597,mut_s1,detail,1,144,HXZVHWHABLBWBS-MTTPVDACNA-N,-9.699
NOS1,c_ASP597,mut_s1,detail,1,145,IWYYSOJWYLZKLK-LELJVTLKNA-N,-8.95
NOS1,c_ASP597,mut_s1,detail,1,146,HOGUCNPGZXMBGW-UHFFFAOYNA-N,-8.803
NOS1,c_ASP597,mut_s1,detail,1,147,VITUDJAVASFPKN-DUFUIDNCNA-N,-8.397
NOS1,c_ASP597,mut_s1,detail,1,148,IXAHDCRYEUYPBG-SCXYCHFONA-N,-9.463
NOS1,c_ASP597,mut_s1,detail,1,149,JWHMEKMLAZQDNS-OZMOGHDGNA-N,-8.487
NOS1,c_ASP597,mut_s1,detail,1,150,BZWNBTIJLRHNDZ-LBOYIXSDNA-N,-9.348
NOS1,c_ASP597,mut_s1,detail,1,151,RECYROBESYRUML-UHFFFAOYNA-N,-7.993
NOS1,c_ASP597,mut_s1,detail,1,152,MLDSJJJLQRZNKW-UHBIVWOUNA-N,-10.23
NOS1,c_ASP597,mut_s1,detail,1,153,XTWIHJARHCYNFX-PHXLCVRDNA-N,-7.873
NOS1,c_ASP597,mut_s1,detail,1,154,UQGFETVWTRDGKJ-UHFFFAOYNA-N,-8.049
NOS1,c_ASP597,mut_s1,detail,1,155,VJFSMDWEMFOWDK-CYSPOYASNA-N,-10.318
NOS1,c_ASP597,mut_s1,detail,1,156,NZYLXYBIWNIAGH-CYSPOYASNA-N,-9.313
NOS1,c_ASP597,mut_s1,detail,1,157,ODXCWFOKLBJQNP-MPIMZMORNA-N,-7.174
NOS1,c_ASP597,mut_s1,detail,1,158,FVDNMAPPDSKXKQ-UHFFFAOYNA-N,-9.801
NOS1,c_ASP597,mut_s1,detail,1,159,DOPWMPRIRWTOOD-CCHPKIMANA-N,-8.266
NOS1,s_ILE648,mut_s1,detail,1,0,URVMSYHISUZXNH-UYBDAZJANA-N,-8.665
NOS1,s_ILE648,mut_s1,detail,1,1,KXRPCFINVWWFHQ-UHFFFAOYNA-N,-4.918
NOS1,s_ILE648,mut_s1,detail,1,2,NICJTSHRYBTHAS-YHMJCDSINA-N,-7.43
NOS1,s_ILE648,mut_s1,detail,1,3,SWRZVDTZHDWPDS-AWIDAIFANA-N,-7.449
NOS1,s_ILE648,mut_s1,detail,1,4,RKNSLLSUFWWYCA-UHFFFAOYNA-N,-8.749
NOS1,s_ILE648,mut_s1,detail,1,5,OZFSIKFTRRUDES-RIYZIHGNNA-N,-6.379
NOS1,s_ILE648,mut_s1,detail,1,6,AAGGUCRASUJPPN-UHFFFAOYNA-N,-7.404
NOS1,s_ILE648,mut_s1,detail,1,7,OYHXDPMAFYHDNG-YAQRNVERNA-N,-6.773
NOS1,s_ILE648,mut_s1,detail,1,8,AWILWAIEQYZUEQ-UHFFFAOYNA-N,-7.051
NOS1,s_ILE648,mut_s1,detail,1,9,WSFAXHLMQUUHQT-VMPITWQZNA-N,-7.155
NOS1,s_ILE648,mut_s1,detail,1,10,WPHMTVNOXKBZKN-UHFFFAOYNA-N,-7.602
NOS1,s_ILE648,mut_s1,detail,1,11,LPEIZNODGHDCCW-UHFFFAOYNA-N,-5.302
NOS1,s_ILE648,mut_s1,detail,1,12,QQHWWDVSRWOHEP-LILDFLRNNA-N,-8.149
NOS1,s_ILE648,mut_s1,detail,1,13,UMEVSSPGBFVQNC-UHFFFAOYNA-N,-6.995
NOS1,s_ILE648,mut_s1,detail,1,14,VZDIOEKWWZRNQN-UHFFFAOYNA-N,-8.54
NOS1,s_ILE648,mut_s1,detail,1,15,JEVLDOUORFAHRS-NDKGDYFDNA-N,-7.814
NOS1,s_ILE648,mut_s1,detail,1,16,NFTGJNJRMWUBPG-GPQMBLKYNA-N,-7.739
NOS1,s_ILE648,mut_s1,detail,1,17,UMUUTEZBWGDVDA-UHFFFAOYNA-N,-8.278
NOS1,s_ILE648,mut_s1,detail,1,18,VLQKEPLNPGYNDJ-HCKMINDGNA-N,-7.712
NOS1,s_ILE648,mut_s1,detail,1,19,PPMVTAATPZLMJM-CDDDEJBQNA-N,-9.04
NOS1,s_ILE648,mut_s1,detail,1,20,AHLYFAKLKLMESK-YAQRNVERNA-N,-7.321
NOS1,s_ILE648,mut_s1,detail,1,21,GYEJYLAGVWRSIM-KGJHZMDYNA-N,-7.468
NOS1,s_ILE648,mut_s1,detail,1,22,RXVALSLAUOIYLW-UHFFFAOYNA-N,-6.536
NOS1,s_ILE648,mut_s1,detail,1,23,NSELYIFATLFDOZ-JLGFQASFNA-N,-8.461
NOS1,s_ILE648,mut_s1,detail,1,24,COQFBYACOHFCEC-UHFFFAOYNA-N,-7.285
NOS1,s_ILE648,mut_s1,detail,1,25,CJGJXFCLDYQBFQ-YJGXKCCXNA-N,-8.884
NOS1,s_ILE648,mut_s1,detail,1,26,BWNGRRJLFYHENY-INIZCTEONA-N,-6.834
NOS1,s_ILE648,mut_s1,detail,1,27,BNRFXWSJKVJVOF-UYBDAZJANA-N,-8.713
NOS1,s_ILE648,mut_s1,detail,1,28,DMULMZBZVBBWBY-PJZINPJWNA-N,-8.018
NOS1,s_ILE648,mut_s1,detail,1,29,AXLAIGJGNKHDPO-UHFFFAOYNA-N,-5.867
NOS1,s_ILE648,mut_s1,detail,1,30,RKDGAONZEPYEBT-WXRBYKJCNA-N,-8.448
NOS1,s_ILE648,mut_s1,detail,1,31,MBOYDUZSCSNUQL-MBBDSNKKNA-N,-8.243
NOS1,s_ILE648,mut_s1,detail,1,32,KPVDBHRTXOFQDK-YAQRNVERNA-N,-7.194
NOS1,s_ILE648,mut_s1,detail,1,33,LVCNFMYUKISBSB-VJSNTGQMNA-N,-8.063
NOS1,s_ILE648,mut_s1,detail,1,34,XLAHCIRKLMJUQC-DZQCGVKKNA-N,-9.077
NOS1,s_ILE648,mut_s1,detail,1,35,QNYHDABGLCBJOE-SHHGZXMVNA-N,-7.656
NOS1,s_ILE648,mut_s1,detail,1,36,HEKNRISBWSPMOG-OWTLIXCDNA-N,-6.61
NOS1,s_ILE648,mut_s1,detail,1,37,VIRNXCRLEVZXNX-LILDFLRNNA-N,-9.125
NOS1,s_ILE648,mut_s1,detail,1,38,SRTGERSEXJGDMR-UHFFFAOYNA-N,-7.167
NOS1,s_ILE648,mut_s1,detail,1,39,ZGMGSSRLZJYOKH-WXRBYKJCNA-N,-7.723
NOS1,s_ILE648,mut_s1,detail,1,40,VGYFDFRFGHHCDA-CUTUCBJDNA-N,-9.073
NOS1,s_ILE648,mut_s1,detail,1,41,DILPMLYWQJPNLO-HCKMINDGNA-N,-8.693
NOS1,s_ILE648,mut_s1,detail,1,42,RSOODJIGEVJLMK-LQFNOIFHNA-N,-8.713
NOS1,s_ILE648,mut_s1,detail,1,43,OWHHWMUAYBIQPR-UHFFFAOYNA-N,-8.607
NOS1,s_ILE648,mut_s1,detail,1,44,KPIKMVZJKZDOFC-UHFFFAOYNA-N,-8.702
NOS1,s_ILE648,mut_s1,detail,1,45,DIKDKRUREJXLMR-DPMTXJEANA-N,-8.557
NOS1,s_ILE648,mut_s1,detail,1,46,QRVJDPKQHAVBDK-UYBDAZJANA-N,-7.803
NOS1,s_ILE648,mut_s1,detail,1,47,SGBSFKSDPWOALT-UYBDAZJANA-N,-7.659
NOS1,s_ILE648,mut_s1,detail,1,48,CYHFRNFVZWVHCG-OTJKMEOQNA-N,-9.099
NOS1,s_ILE648,mut_s1,detail,1,49,MJUDQDHXCQONOA-MPIMZMORNA-N,-8.423
NOS1,s_ILE648,mut_s1,detail,1,50,RNVYRNLUUYNQAS-PKSOQXRJNA-N,-8.237
NOS1,s_ILE648,mut_s1,detail,1,51,DLZXOZYETDVJEB-QWOVJGMINA-N,-7.128
NOS1,s_ILE648,mut_s1,detail,1,52,HSICVZRDGBJSEL-GPQMBLKYNA-N,-8.206
NOS1,s_ILE648,mut_s1,detail,1,53,HMRUHHFLIMYEAF-QNGOCPJXNA-N,-7.966
NOS1,s_ILE648,mut_s1,detail,1,54,ZZOWQPSBJUXHCA-YSPRVCGUNA-N,-8.229
NOS1,s_ILE648,mut_s1,detail,1,55,WDDJLHOUFWSQSV-UHFFFAOYNA-N,-7.845
NOS1,s_ILE648,mut_s1,detail,1,56,UKLIIGXGTPSYBF-IBCWCQIKNA-N,-7.893
NOS1,s_ILE648,mut_s1,detail,1,57,LNPOBRXJZYGQMS-MOHJPFBDNA-N,-8.223
NOS1,s_ILE648,mut_s1,detail,1,58,FYILBFPPKIZBTO-UHFFFAOYNA-N,-7.738
NOS1,s_ILE648,mut_s1,detail,1,59,MIKIJFODTJGFDI-LILDFLRNNA-N,-8.791
NOS1,s_ILE648,mut_s1,detail,1,60,RUWCNSLWWCWTSU-LILDFLRNNA-N,-7.91
NOS1,s_ILE648,mut_s1,detail,1,61,KLQWCHKIQJHYIB-UHFFFAOYNA-N,-9.007
NOS1,s_ILE648,mut_s1,detail,1,62,QKAWGENQCGFAOE-NPVYFSBINA-N,-7.917
NOS1,s_ILE648,mut_s1,detail,1,63,KGOKCBRZBBEYBE-MMRXBHCZNA-N,-9.077
NOS1,s_ILE648,mut_s1,detail,1,64,ROFRXCLSWKEWTN-UHFFFAOYNA-N,-7.197
NOS1,s_ILE648,mut_s1,detail,1,65,AKRMJNKLSCBEME-FPYGCLRLNA-N,-7.751
NOS1,s_ILE648,mut_s1,detail,1,66,LCGJUJZLLYTYIF-XMFFZCEENA-N,-8.554
NOS1,s_ILE648,mut_s1,detail,1,67,FREQNFSEYLEFOI-QRCVEOAVNA-N,-7.978
NOS1,s_ILE648,mut_s1,detail,1,68,MHMINAYLMNBGSM-UHFFFAOYNA-N,-7.166
NOS1,s_ILE648,mut_s1,detail,1,69,SYMNTBHEGHFZMV-UHFFFAOYNA-N,-7.046
NOS1,s_ILE648,mut_s1,detail,1,70,NNCRWGMPCGSKOO-LILDFLRNNA-N,-7.49
NOS1,s_ILE648,mut_s1,detail,1,71,ZCRRNCCNJMRGFI-UHFFFAOYNA-N,-8.744
NOS1,s_ILE648,mut_s1,detail,1,72,PYVZEIBGEUQNQQ-UHFFFAOYNA-N,-9.552
NOS1,s_ILE648,mut_s1,detail,1,73,OROJQWVRCGJACT-XBTAAFKLNA-N,-9.287
NOS1,s_ILE648,mut_s1,detail,1,74,TXYUWXKCUDOUGU-JLGFQASFNA-N,-7.426
NOS1,s_ILE648,mut_s1,detail,1,75,LAZANALODSEDSE-UHFFFAOYNA-N,-7.073
NOS1,s_ILE648,mut_s1,detail,1,76,RJXCYVJLXGRCHK-UHFFFAOYNA-N,-10.298
NOS1,s_ILE648,mut_s1,detail,1,77,FUSKIBWHJAWEFI-IEJAXPBYNA-N,-8.609
NOS1,s_ILE648,mut_s1,detail,1,78,SGWVLOCBQLQWQV-UHFFFAOYNA-N,-7.847
NOS1,s_ILE648,mut_s1,detail,1,79,PPXRQTYXLZCDAZ-QWOVJGMINA-N,-8.469
NOS1,s_ILE648,mut_s1,detail,1,80,DIFBADFWLVYFHV-LELJVTLKNA-N,-9.292
NOS1,s_ILE648,mut_s1,detail,1,81,XREOSEVJCQGCHE-MHPMNMKGNA-N,-10.347
NOS1,s_ILE648,mut_s1,detail,1,82,ZHGPKHBXSKWZEQ-UHFFFAOYNA-N,-8.091
NOS1,s_ILE648,mut_s1,detail,1,83,ZFAYPJJNPSNAFK-UHFFFAOYNA-N,-8.161
NOS1,s_ILE648,mut_s1,detail,1,84,LTXMRAGWIDQTQT-MYUTVWBTNA-N,-8.849
NOS1,s_ILE648,mut_s1,detail,1,85,VXQHYHSSGLOALC-SPEPDGBUNA-N,-9.418
NOS1,s_ILE648,mut_s1,detail,1,86,KWDSFRAWCISROF-PJQSKVNONA-N,-9.453
NOS1,s_ILE648,mut_s1,detail,1,87,ZJZXSQPHUQUHIV-ZGZFQTMPNA-N,-9.102
NOS1,s_ILE648,mut_s1,detail,1,88,UYHIVPBYFWVWEJ-UHFFFAOYNA-N,-9.181
NOS1,s_ILE648,mut_s1,detail,1,89,PLEFJSUCKRWHBY-LNNLXFCONA-N,-9.025
NOS1,s_ILE648,mut_s1,detail,1,90,DNSRQCRQLKJUCC-PDJAEHLQNA-N,-9.223
NOS1,s_ILE648,mut_s1,detail,1,91,PHYKZCBUNVYJNH-YDBXFXKPNA-N,-7.936
NOS1,s_ILE648,mut_s1,detail,1,92,OOUHZBUAVKCDGA-UHFFFAOYNA-N,-8.061
NOS1,s_ILE648,mut_s1,detail,1,93,UUQDFZFJDFMLHW-UHFFFAOYNA-N,-8.4
NOS1,s_ILE648,mut_s1,detail,1,94,OOUDDHNLDLLUOL-SKKVRFOWNA-N,-8.258
NOS1,s_ILE648,mut_s1,detail,1,95,ZDMQSUAMTLXUTE-MPIMZMORNA-N,-9.364
NOS1,s_ILE648,mut_s1,detail,1,96,NMPLPABDEKPABN-UHFFFAOYNA-N,-8.6
NOS1,s_ILE648,mut_s1,detail,1,97,INZRHGSVWGRHBM-NPVYFSBINA-N,-9.466
NOS1,s_ILE648,mut_s1,detail,1,98,RVGCWMKVTAEQIH-LNNLXFCONA-N,-9.058
NOS1,s_ILE648,mut_s1,detail,1,99,VRXWKRQOVMZBAF-LJQANCHMNA-N,-7.915
NOS1,s_ILE648,mut_s1,detail,1,100,QACLWOIBBYOHQP-UYBDAZJANA-N,-7.578
NOS1,s_ILE648,mut_s1,detail,1,101,ZNXSZVFPCBIELQ-LNNLXFCONA-N,-7.581
NOS1,s_ILE648,mut_s1,detail,1,102,GKMWCCNMKRSQHR-VEKUMTKDNA-N,-9.3
NOS1,s_ILE648,mut_s1,detail,1,103,FFGUSRSMWFYKGK-SKKVRFOWNA-N,-9.244
NOS1,s_ILE648,mut_s1,detail,1,104,KXBDDGKXLZBLOM-SPEPDGBUNA-N,-8.579
NOS1,s_ILE648,mut_s1,detail,1,105,MIUWULAZCXYTJW-MSHHZIMBNA-N,-9.648
NOS1,s_ILE648,mut_s1,detail,1,106,JPZOYWVRFLZCIC-NJNXFGOHNA-N,-10.223
NOS1,s_ILE648,mut_s1,detail,1,107,FAIQTLBYDVKBAB-DVIAZDKANA-N,-8.306
NOS1,s_ILE648,mut_s1,detail,1,108,APFLRZZAOXCNAZ-UHFFFAOYNA-N,-7.702
NOS1,s_ILE648,mut_s1,detail,1,109,BSQLDSQTGOZBFD-UHFFFAOYNA-N,-7.948
NOS1,s_ILE648,mut_s1,detail,1,110,ZVVCFJXCDATSCC-UHFFFAOYNA-N,-8.285
NOS1,s_ILE648,mut_s1,detail,1,111,SKEQTXZATFWVMB-UYBDAZJANA-N,-7.644
NOS1,s_ILE648,mut_s1,detail,1,112,IATWYRHDJKMBQK-MPIMZMORNA-N,-8.809
NOS1,s_ILE648,mut_s1,detail,1,113,JPWOEQDCUZCWKT-MPIMZMORNA-N,-8.179
NOS1,s_ILE648,mut_s1,detail,1,114,RYHSAXRBHDHPPK-PKSOQXRJNA-N,-8.11
NOS1,s_ILE648,mut_s1,detail,1,115,GKKJWUFVZJJFPG-MPIMZMORNA-N,-8.36
NOS1,s_ILE648,mut_s1,detail,1,116,FDNZXFDUCINVLY-BDGWVKIONA-N,-8.956
NOS1,s_ILE648,mut_s1,detail,1,117,KTBYKHKWIFIFAK-UHFFFAOYNA-N,-9.491
NOS1,s_ILE648,mut_s1,detail,1,118,ZRXZEWGUECXTTQ-LQFNOIFHNA-N,-9.086
NOS1,s_ILE648,mut_s1,detail,1,119,XNACBBGLIAJNJM-PECIQRARNA-N,-7.235
NOS1,s_ILE648,mut_s1,detail,1,120,WQZYYJRVBIQUGH-YWZOXAELNA-N,-9.142
NOS1,s_ILE648,mut_s1,detail,1,121,ABMSRNRLDZVJFV-SWUIVHNENA-N,-8.305
NOS1,s_ILE648,mut_s1,detail,1,122,ZEACBIUBSOLEGW-QAITUMOCNA-N,-10.604
NOS1,s_ILE648,mut_s1,detail,1,123,UBFCDXVLKFOOGL-OKPOJWAQNA-N,-7.319
NOS1,s_ILE648,mut_s1,detail,1,124,RRIHVAFUFDANEX-NSJMMFDCNA-N,-8.62
NOS1,s_ILE648,mut_s1,detail,1,125,HASIAUWPWKTSBW-SREBMQDQNA-N,-7.682
NOS1,s_ILE648,mut_s1,detail,1,126,WHBCKYHTCHCHAY-LQFNOIFHNA-N,-9.306
NOS1,s_ILE648,mut_s1,detail,1,127,XMAYWYJOQHXEEK-JYFHCDHNNA-N,-8.525
NOS1,s_ILE648,mut_s1,detail,1,128,TVKCFCZANTZCSU-OYRHEFFENA-N,-9.44
NOS1,s_ILE648,mut_s1,detail,1,129,OJFIIUWPOHBVMH-LNNLXFCONA-N,-7.599
NOS1,s_ILE648,mut_s1,detail,1,130,DKLZMGFTGWKNCD-DIRLUKLVNA-N,-10.402
NOS1,s_ILE648,mut_s1,detail,1,131,PYSLGWZFRQWTDD-PWIKPTQSNA-N,-9.191
NOS1,s_ILE648,mut_s1,detail,1,132,MWMBIUUYBQWKJX-QTUCRYGENA-N,-9.349
NOS1,s_ILE648,mut_s1,detail,1,133,FLYQFCXTEFTSQN-UHFFFAOYNA-N,-9.035
NOS1,s_ILE648,mut_s1,detail,1,134,PBIBDSDWIMZYDT-WBWGZOKWNA-N,-8.647
NOS1,s_ILE648,mut_s1,detail,1,135,GSRWMFGBDLHGBU-YEFLILRRNA-N,-8.625
NOS1,s_ILE648,mut_s1,detail,1,136,AYIJJQHMZAEQKE-QDAGQJSJNA-N,-7.923
NOS1,s_ILE648,mut_s1,detail,1,137,JVWTZUKPDMRNDC-FSAKADSPNA-N,-9.476
NOS1,s_ILE648,mut_s1,detail,1,138,XAZPLOLSRXZDBO-LBZABMTDNA-N,-7.783
NOS1,s_ILE648,mut_s1,detail,1,139,RGWVFJBNHCWCTL-CFEGKOCINA-N,-9.744
NOS1,s_ILE648,mut_s1,detail,1,140,YYWNRQZCPIMCAK-UHFFFAOYNA-N,-7.973
NOS1,s_ILE648,mut_s1,detail,1,141,PBTZDKNKXRSZPM-XBXBPLPCNA-N,-9.491
NOS1,s_ILE648,mut_s1,detail,1,142,QQPOIMHFFPBDQM-LELJVTLKNA-N,-7.649
NOS1,s_ILE648,mut_s1,detail,1,143,NYFQURFFDGCBCB-MAQJPOOANA-N,-8.271
NOS1,s_ILE648,mut_s1,detail,1,144,HXZVHWHABLBWBS-MTTPVDACNA-N,-9.884
NOS1,s_ILE648,mut_s1,detail,1,145,IWYYSOJWYLZKLK-LELJVTLKNA-N,-8.465
NOS1,s_ILE648,mut_s1,detail,1,146,HOGUCNPGZXMBGW-UHFFFAOYNA-N,-8.848
NOS1,s_ILE648,mut_s1,detail,1,147,VITUDJAVASFPKN-DUFUIDNCNA-N,-8.936
NOS1,s_ILE648,mut_s1,detail,1,148,IXAHDCRYEUYPBG-SCXYCHFONA-N,-9.547
NOS1,s_ILE648,mut_s1,detail,1,149,JWHMEKMLAZQDNS-OZMOGHDGNA-N,-7.771
NOS1,s_ILE648,mut_s1,detail,1,150,BZWNBTIJLRHNDZ-LBOYIXSDNA-N,-8.838
NOS1,s_ILE648,mut_s1,detail,1,151,RECYROBESYRUML-UHFFFAOYNA-N,-7.891
NOS1,s_ILE648,mut_s1,detail,1,152,MLDSJJJLQRZNKW-UHBIVWOUNA-N,-10.336
NOS1,s_ILE648,mut_s1,detail,1,153,XTWIHJARHCYNFX-PHXLCVRDNA-N,-8.591
NOS1,s_ILE648,mut_s1,detail,1,154,UQGFETVWTRDGKJ-UHFFFAOYNA-N,-8.108
NOS1,s_ILE648,mut_s1,detail,1,155,VJFSMDWEMFOWDK-CYSPOYASNA-N,-10.249
NOS1,s_ILE648,mut_s1,detail,1,156,NZYLXYBIWNIAGH-CYSPOYASNA-N,-9.893
NOS1,s_ILE648,mut_s1,detail,1,157,ODXCWFOKLBJQNP-MPIMZMORNA-N,-7.38
NOS1,s_ILE648,mut_s1,detail,1,158,FVDNMAPPDSKXKQ-UHFFFAOYNA-N,-9.998
NOS1,s_ILE648,mut_s1,detail,1,159,DOPWMPRIRWTOOD-CCHPKIMANA-N,-7.83
NOS1,s_ARG596,mut_s1,detail,1,0,URVMSYHISUZXNH-UYBDAZJANA-N,-8.197
NOS1,s_ARG596,mut_s1,detail,1,1,KXRPCFINVWWFHQ-UHFFFAOYNA-N,-4.814
NOS1,s_ARG596,mut_s1,detail,1,2,NICJTSHRYBTHAS-YHMJCDSINA-N,-7.428
NOS1,s_ARG596,mut_s1,detail,1,3,SWRZVDTZHDWPDS-AWIDAIFANA-N,-7.425
NOS1,s_ARG596,mut_s1,detail,1,4,RKNSLLSUFWWYCA-UHFFFAOYNA-N,-8.989
NOS1,s_ARG596,mut_s1,detail,1,5,OZFSIKFTRRUDES-RIYZIHGNNA-N,-6.323
NOS1,s_ARG596,mut_s1,detail,1,6,AAGGUCRASUJPPN-UHFFFAOYNA-N,-7.55
NOS1,s_ARG596,mut_s1,detail,1,7,OYHXDPMAFYHDNG-YAQRNVERNA-N,-6.677
NOS1,s_ARG596,mut_s1,detail,1,8,AWILWAIEQYZUEQ-UHFFFAOYNA-N,-6.71
NOS1,s_ARG596,mut_s1,detail,1,9,WSFAXHLMQUUHQT-VMPITWQZNA-N,-7.235
NOS1,s_ARG596,mut_s1,detail,1,10,WPHMTVNOXKBZKN-UHFFFAOYNA-N,-7.627
NOS1,s_ARG596,mut_s1,detail,1,11,LPEIZNODGHDCCW-UHFFFAOYNA-N,-5.433
NOS1,s_ARG596,mut_s1,detail,1,12,QQHWWDVSRWOHEP-LILDFLRNNA-N,-8.226
NOS1,s_ARG596,mut_s1,detail,1,13,UMEVSSPGBFVQNC-UHFFFAOYNA-N,-6.972
NOS1,s_ARG596,mut_s1,detail,1,14,VZDIOEKWWZRNQN-UHFFFAOYNA-N,-8.859
NOS1,s_ARG596,mut_s1,detail,1,15,JEVLDOUORFAHRS-NDKGDYFDNA-N,-7.818
NOS1,s_ARG596,mut_s1,detail,1,16,NFTGJNJRMWUBPG-GPQMBLKYNA-N,-7.5
NOS1,s_ARG596,mut_s1,detail,1,17,UMUUTEZBWGDVDA-UHFFFAOYNA-N,-8.221
NOS1,s_ARG596,mut_s1,detail,1,18,VLQKEPLNPGYNDJ-HCKMINDGNA-N,-7.669
NOS1,s_ARG596,mut_s1,detail,1,19,PPMVTAATPZLMJM-CDDDEJBQNA-N,-8.937
NOS1,s_ARG596,mut_s1,detail,1,20,AHLYFAKLKLMESK-YAQRNVERNA-N,-6.977
NOS1,s_ARG596,mut_s1,detail,1,21,GYEJYLAGVWRSIM-KGJHZMDYNA-N,-7.444
NOS1,s_ARG596,mut_s1,detail,1,22,RXVALSLAUOIYLW-UHFFFAOYNA-N,-6.781
NOS1,s_ARG596,mut_s1,detail,1,23,NSELYIFATLFDOZ-JLGFQASFNA-N,-8.42
NOS1,s_ARG596,mut_s1,detail,1,24,COQFBYACOHFCEC-UHFFFAOYNA-N,-7.131
NOS1,s_ARG596,mut_s1,detail,1,25,CJGJXFCLDYQBFQ-YJGXKCCXNA-N,-8.783
NOS1,s_ARG596,mut_s1,detail,1,26,BWNGRRJLFYHENY-INIZCTEONA-N,-7.182
NOS1,s_ARG596,mut_s1,detail,1,27,BNRFXWSJKVJVOF-UYBDAZJANA-N,-8.38
NOS1,s_ARG596,mut_s1,detail,1,28,DMULMZBZVBBWBY-PJZINPJWNA-N,-7.89
NOS1,s_ARG596,mut_s1,detail,1,29,AXLAIGJGNKHDPO-UHFFFAOYNA-N,-5.746
NOS1,s_ARG596,mut_s1,detail,1,30,RKDGAONZEPYEBT-WXRBYKJCNA-N,-8.489
NOS1,s_ARG596,mut_s1,detail,1,31,MBOYDUZSCSNUQL-MBBDSNKKNA-N,-8.034
NOS1,s_ARG596,mut_s1,detail,1,32,KPVDBHRTXOFQDK-YAQRNVERNA-N,-6.89
NOS1,s_ARG596,mut_s1,detail,1,33,LVCNFMYUKISBSB-VJSNTGQMNA-N,-8.197
NOS1,s_ARG596,mut_s1,detail,1,34,XLAHCIRKLMJUQC-DZQCGVKKNA-N,-9.175
NOS1,s_ARG596,mut_s1,detail,1,35,QNYHDABGLCBJOE-SHHGZXMVNA-N,-7.833
NOS1,s_ARG596,mut_s1,detail,1,36,HEKNRISBWSPMOG-OWTLIXCDNA-N,-6.586
NOS1,s_ARG596,mut_s1,detail,1,37,VIRNXCRLEVZXNX-LILDFLRNNA-N,-8.992
NOS1,s_ARG596,mut_s1,detail,1,38,SRTGERSEXJGDMR-UHFFFAOYNA-N,-7.269
NOS1,s_ARG596,mut_s1,detail,1,39,ZGMGSSRLZJYOKH-WXRBYKJCNA-N,-7.735
NOS1,s_ARG596,mut_s1,detail,1,40,VGYFDFRFGHHCDA-CUTUCBJDNA-N,-9.027
NOS1,s_ARG596,mut_s1,detail,1,41,DILPMLYWQJPNLO-HCKMINDGNA-N,-8.916
NOS1,s_ARG596,mut_s1,detail,1,42,RSOODJIGEVJLMK-LQFNOIFHNA-N,-8.699
NOS1,s_ARG596,mut_s1,detail,1,43,OWHHWMUAYBIQPR-UHFFFAOYNA-N,-9.278
NOS1,s_ARG596,mut_s1,detail,1,44,KPIKMVZJKZDOFC-UHFFFAOYNA-N,-8.55
NOS1,s_ARG596,mut_s1,detail,1,45,DIKDKRUREJXLMR-DPMTXJEANA-N,-8.586
NOS1,s_ARG596,mut_s1,detail,1,46,QRVJDPKQHAVBDK-UYBDAZJANA-N,-8.479
NOS1,s_ARG596,mut_s1,detail,1,47,SGBSFKSDPWOALT-UYBDAZJANA-N,-8.276
NOS1,s_ARG596,mut_s1,detail,1,48,CYHFRNFVZWVHCG-OTJKMEOQNA-N,-9.202
NOS1,s_ARG596,mut_s1,detail,1,49,MJUDQDHXCQONOA-MPIMZMORNA-N,-8.334
NOS1,s_ARG596,mut_s1,detail,1,50,RNVYRNLUUYNQAS-PKSOQXRJNA-N,-7.916
NOS1,s_ARG596,mut_s1,detail,1,51,DLZXOZYETDVJEB-QWOVJGMINA-N,-6.968
NOS1,s_ARG596,mut_s1,detail,1,52,HSICVZRDGBJSEL-GPQMBLKYNA-N,-7.99
NOS1,s_ARG596,mut_s1,detail,1,53,HMRUHHFLIMYEAF-QNGOCPJXNA-N,-7.818
NOS1,s_ARG596,mut_s1,detail,1,54,ZZOWQPSBJUXHCA-YSPRVCGUNA-N,-8.384
NOS1,s_ARG596,mut_s1,detail,1,55,WDDJLHOUFWSQSV-UHFFFAOYNA-N,-7.708
NOS1,s_ARG596,mut_s1,detail,1,56,UKLIIGXGTPSYBF-IBCWCQIKNA-N,-7.979
NOS1,s_ARG596,mut_s1,detail,1,57,LNPOBRXJZYGQMS-MOHJPFBDNA-N,-7.945
NOS1,s_ARG596,mut_s1,detail,1,58,FYILBFPPKIZBTO-UHFFFAOYNA-N,-7.354
NOS1,s_ARG596,mut_s1,detail,1,59,MIKIJFODTJGFDI-LILDFLRNNA-N,-8.443
NOS1,s_ARG596,mut_s1,detail,1,60,RUWCNSLWWCWTSU-LILDFLRNNA-N,-7.407
NOS1,s_ARG596,mut_s1,detail,1,61,KLQWCHKIQJHYIB-UHFFFAOYNA-N,-8.841
NOS1,s_ARG596,mut_s1,detail,1,62,QKAWGENQCGFAOE-NPVYFSBINA-N,-7.831
NOS1,s_ARG596,mut_s1,detail,1,63,KGOKCBRZBBEYBE-MMRXBHCZNA-N,-8.957
NOS1,s_ARG596,mut_s1,detail,1,64,ROFRXCLSWKEWTN-UHFFFAOYNA-N,-6.93
NOS1,s_ARG596,mut_s1,detail,1,65,AKRMJNKLSCBEME-FPYGCLRLNA-N,-7.877
NOS1,s_ARG596,mut_s1,detail,1,66,LCGJUJZLLYTYIF-XMFFZCEENA-N,-8.61
NOS1,s_ARG596,mut_s1,detail,1,67,FREQNFSEYLEFOI-QRCVEOAVNA-N,-7.926
NOS1,s_ARG596,mut_s1,detail,1,68,MHMINAYLMNBGSM-UHFFFAOYNA-N,-7.268
NOS1,s_ARG596,mut_s1,detail,1,69,SYMNTBHEGHFZMV-UHFFFAOYNA-N,-7.541
NOS1,s_ARG596,mut_s1,detail,1,70,NNCRWGMPCGSKOO-LILDFLRNNA-N,-7.089
NOS1,s_ARG596,mut_s1,detail,1,71,ZCRRNCCNJMRGFI-UHFFFAOYNA-N,-8.984
NOS1,s_ARG596,mut_s1,detail,1,72,PYVZEIBGEUQNQQ-UHFFFAOYNA-N,-9.451
NOS1,s_ARG596,mut_s1,detail,1,73,OROJQWVRCGJACT-XBTAAFKLNA-N,-9.308
NOS1,s_ARG596,mut_s1,detail,1,74,TXYUWXKCUDOUGU-JLGFQASFNA-N,-7.416
NOS1,s_ARG596,mut_s1,detail,1,75,LAZANALODSEDSE-UHFFFAOYNA-N,-7.256
NOS1,s_ARG596,mut_s1,detail,1,76,RJXCYVJLXGRCHK-UHFFFAOYNA-N,-10.361
NOS1,s_ARG596,mut_s1,detail,1,77,FUSKIBWHJAWEFI-IEJAXPBYNA-N,-8.71
NOS1,s_ARG596,mut_s1,detail,1,78,SGWVLOCBQLQWQV-UHFFFAOYNA-N,-7.832
NOS1,s_ARG596,mut_s1,detail,1,79,PPXRQTYXLZCDAZ-QWOVJGMINA-N,-9.128
NOS1,s_ARG596,mut_s1,detail,1,80,DIFBADFWLVYFHV-LELJVTLKNA-N,-9.195
NOS1,s_ARG596,mut_s1,detail,1,81,XREOSEVJCQGCHE-MHPMNMKGNA-N,-9.972
NOS1,s_ARG596,mut_s1,detail,1,82,ZHGPKHBXSKWZEQ-UHFFFAOYNA-N,-7.86
NOS1,s_ARG596,mut_s1,detail,1,83,ZFAYPJJNPSNAFK-UHFFFAOYNA-N,-8.438
NOS1,s_ARG596,mut_s1,detail,1,84,LTXMRAGWIDQTQT-MYUTVWBTNA-N,-8.545
NOS1,s_ARG596,mut_s1,detail,1,85,VXQHYHSSGLOALC-SPEPDGBUNA-N,-9.458
NOS1,s_ARG596,mut_s1,detail,1,86,KWDSFRAWCISROF-PJQSKVNONA-N,-9.033
NOS1,s_ARG596,mut_s1,detail,1,87,ZJZXSQPHUQUHIV-ZGZFQTMPNA-N,-9.044
NOS1,s_ARG596,mut_s1,detail,1,88,UYHIVPBYFWVWEJ-UHFFFAOYNA-N,-9.005
NOS1,s_ARG596,mut_s1,detail,1,89,PLEFJSUCKRWHBY-LNNLXFCONA-N,-8.491
NOS1,s_ARG596,mut_s1,detail,1,90,DNSRQCRQLKJUCC-PDJAEHLQNA-N,-9.29
NOS1,s_ARG596,mut_s1,detail,1,91,PHYKZCBUNVYJNH-YDBXFXKPNA-N,-7.268
NOS1,s_ARG596,mut_s1,detail,1,92,OOUHZBUAVKCDGA-UHFFFAOYNA-N,-8.384
NOS1,s_ARG596,mut_s1,detail,1,93,UUQDFZFJDFMLHW-UHFFFAOYNA-N,-8.062
NOS1,s_ARG596,mut_s1,detail,1,94,OOUDDHNLDLLUOL-SKKVRFOWNA-N,-8.585
NOS1,s_ARG596,mut_s1,detail,1,95,ZDMQSUAMTLXUTE-MPIMZMORNA-N,-9.436
NOS1,s_ARG596,mut_s1,detail,1,96,NMPLPABDEKPABN-UHFFFAOYNA-N,-8.238
NOS1,s_ARG596,mut_s1,detail,1,97,INZRHGSVWGRHBM-NPVYFSBINA-N,-8.936
NOS1,s_ARG596,mut_s1,detail,1,98,RVGCWMKVTAEQIH-LNNLXFCONA-N,-9.748
NOS1,s_ARG596,mut_s1,detail,1,99,VRXWKRQOVMZBAF-LJQANCHMNA-N,-7.825
NOS1,s_ARG596,mut_s1,detail,1,100,QACLWOIBBYOHQP-UYBDAZJANA-N,-7.852
NOS1,s_ARG596,mut_s1,detail,1,101,ZNXSZVFPCBIELQ-LNNLXFCONA-N,-7.866
NOS1,s_ARG596,mut_s1,detail,1,102,GKMWCCNMKRSQHR-VEKUMTKDNA-N,-8.322
NOS1,s_ARG596,mut_s1,detail,1,103,FFGUSRSMWFYKGK-SKKVRFOWNA-N,-8.831
NOS1,s_ARG596,mut_s1,detail,1,104,KXBDDGKXLZBLOM-SPEPDGBUNA-N,-8.165
NOS1,s_ARG596,mut_s1,detail,1,105,MIUWULAZCXYTJW-MSHHZIMBNA-N,-9.99
NOS1,s_ARG596,mut_s1,detail,1,106,JPZOYWVRFLZCIC-NJNXFGOHNA-N,-10.263
NOS1,s_ARG596,mut_s1,detail,1,107,FAIQTLBYDVKBAB-DVIAZDKANA-N,-8.497
NOS1,s_ARG596,mut_s1,detail,1,108,APFLRZZAOXCNAZ-UHFFFAOYNA-N,-8.497
NOS1,s_ARG596,mut_s1,detail,1,109,BSQLDSQTGOZBFD-UHFFFAOYNA-N,-7.587
NOS1,s_ARG596,mut_s1,detail,1,110,ZVVCFJXCDATSCC-UHFFFAOYNA-N,-8.153
NOS1,s_ARG596,mut_s1,detail,1,111,SKEQTXZATFWVMB-UYBDAZJANA-N,-7.287
NOS1,s_ARG596,mut_s1,detail,1,112,IATWYRHDJKMBQK-MPIMZMORNA-N,-7.864
NOS1,s_ARG596,mut_s1,detail,1,113,JPWOEQDCUZCWKT-MPIMZMORNA-N,-7.6
NOS1,s_ARG596,mut_s1,detail,1,114,RYHSAXRBHDHPPK-PKSOQXRJNA-N,-7.77
NOS1,s_ARG596,mut_s1,detail,1,115,GKKJWUFVZJJFPG-MPIMZMORNA-N,-8.614
NOS1,s_ARG596,mut_s1,detail,1,116,FDNZXFDUCINVLY-BDGWVKIONA-N,-8.677
NOS1,s_ARG596,mut_s1,detail,1,117,KTBYKHKWIFIFAK-UHFFFAOYNA-N,-9.48
NOS1,s_ARG596,mut_s1,detail,1,118,ZRXZEWGUECXTTQ-LQFNOIFHNA-N,-8.883
NOS1,s_ARG596,mut_s1,detail,1,119,XNACBBGLIAJNJM-PECIQRARNA-N,-7.312
NOS1,s_ARG596,mut_s1,detail,1,120,WQZYYJRVBIQUGH-YWZOXAELNA-N,-9.924
NOS1,s_ARG596,mut_s1,detail,1,121,ABMSRNRLDZVJFV-SWUIVHNENA-N,-8.111
NOS1,s_ARG596,mut_s1,detail,1,122,ZEACBIUBSOLEGW-QAITUMOCNA-N,-10.482
NOS1,s_ARG596,mut_s1,detail,1,123,UBFCDXVLKFOOGL-OKPOJWAQNA-N,-7.425
NOS1,s_ARG596,mut_s1,detail,1,124,RRIHVAFUFDANEX-NSJMMFDCNA-N,-8.474
NOS1,s_ARG596,mut_s1,detail,1,125,HASIAUWPWKTSBW-SREBMQDQNA-N,-7.699
NOS1,s_ARG596,mut_s1,detail,1,126,WHBCKYHTCHCHAY-LQFNOIFHNA-N,-9.175
NOS1,s_ARG596,mut_s1,detail,1,127,XMAYWYJOQHXEEK-JYFHCDHNNA-N,-8.831
NOS1,s_ARG596,mut_s1,detail,1,128,TVKCFCZANTZCSU-OYRHEFFENA-N,-9.605
NOS1,s_ARG596,mut_s1,detail,1,129,OJFIIUWPOHBVMH-LNNLXFCONA-N,-7.584
NOS1,s_ARG596,mut_s1,detail,1,130,DKLZMGFTGWKNCD-DIRLUKLVNA-N,-10.716
NOS1,s_ARG596,mut_s1,detail,1,131,PYSLGWZFRQWTDD-PWIKPTQSNA-N,-8.871
NOS1,s_ARG596,mut_s1,detail,1,132,MWMBIUUYBQWKJX-QTUCRYGENA-N,-8.741
NOS1,s_ARG596,mut_s1,detail,1,133,FLYQFCXTEFTSQN-UHFFFAOYNA-N,-8.782
NOS1,s_ARG596,mut_s1,detail,1,134,PBIBDSDWIMZYDT-WBWGZOKWNA-N,-8.687
NOS1,s_ARG596,mut_s1,detail,1,135,GSRWMFGBDLHGBU-YEFLILRRNA-N,-8.176
NOS1,s_ARG596,mut_s1,detail,1,136,AYIJJQHMZAEQKE-QDAGQJSJNA-N,-8.23
NOS1,s_ARG596,mut_s1,detail,1,137,JVWTZUKPDMRNDC-FSAKADSPNA-N,-9.12
NOS1,s_ARG596,mut_s1,detail,1,138,XAZPLOLSRXZDBO-LBZABMTDNA-N,-7.328
NOS1,s_ARG596,mut_s1,detail,1,139,RGWVFJBNHCWCTL-CFEGKOCINA-N,-9.668
NOS1,s_ARG596,mut_s1,detail,1,140,YYWNRQZCPIMCAK-UHFFFAOYNA-N,-8.245
NOS1,s_ARG596,mut_s1,detail,1,141,PBTZDKNKXRSZPM-XBXBPLPCNA-N,-8.566
NOS1,s_ARG596,mut_s1,detail,1,142,QQPOIMHFFPBDQM-LELJVTLKNA-N,-7.465
NOS1,s_ARG596,mut_s1,detail,1,143,NYFQURFFDGCBCB-MAQJPOOANA-N,-8.308
NOS1,s_ARG596,mut_s1,detail,1,144,HXZVHWHABLBWBS-MTTPVDACNA-N,-9.775
NOS1,s_ARG596,mut_s1,detail,1,145,IWYYSOJWYLZKLK-LELJVTLKNA-N,-8.707
NOS1,s_ARG596,mut_s1,detail,1,146,HOGUCNPGZXMBGW-UHFFFAOYNA-N,-8.76
NOS1,s_ARG596,mut_s1,detail,1,147,VITUDJAVASFPKN-DUFUIDNCNA-N,-8.709
NOS1,s_ARG596,mut_s1,detail,1,148,IXAHDCRYEUYPBG-SCXYCHFONA-N,-9.231
NOS1,s_ARG596,mut_s1,detail,1,149,JWHMEKMLAZQDNS-OZMOGHDGNA-N,-8.481
NOS1,s_ARG596,mut_s1,detail,1,150,BZWNBTIJLRHNDZ-LBOYIXSDNA-N,-8.744
NOS1,s_ARG596,mut_s1,detail,1,151,RECYROBESYRUML-UHFFFAOYNA-N,-8.269
NOS1,s_ARG596,mut_s1,detail,1,152,MLDSJJJLQRZNKW-UHBIVWOUNA-N,-10.134
NOS1,s_ARG596,mut_s1,detail,1,153,XTWIHJARHCYNFX-PHXLCVRDNA-N,-8.175
NOS1,s_ARG596,mut_s1,detail,1,154,UQGFETVWTRDGKJ-UHFFFAOYNA-N,-8.114
NOS1,s_ARG596,mut_s1,detail,1,155,VJFSMDWEMFOWDK-CYSPOYASNA-N,-10.004
NOS1,s_ARG596,mut_s1,detail,1,156,NZYLXYBIWNIAGH-CYSPOYASNA-N,-9.684
NOS1,s_ARG596,mut_s1,detail,1,157,ODXCWFOKLBJQNP-MPIMZMORNA-N,-7.113
NOS1,s_ARG596,mut_s1,detail,1,158,FVDNMAPPDSKXKQ-UHFFFAOYNA-N,-9.729
NOS1,s_ARG596,mut_s1,detail,1,159,DOPWMPRIRWTOOD-CCHPKIMANA-N,-8.33
NOS1,s_ILE679,mut_s1,detail,1,0,URVMSYHISUZXNH-UYBDAZJANA-N,-8.468
NOS1,s_ILE679,mut_s1,detail,1,1,KXRPCFINVWWFHQ-UHFFFAOYNA-N,-4.751
NOS1,s_ILE679,mut_s1,detail,1,2,NICJTSHRYBTHAS-YHMJCDSINA-N,-7.436
NOS1,s_ILE679,mut_s1,detail,1,3,SWRZVDTZHDWPDS-AWIDAIFANA-N,-7.383
NOS1,s_ILE679,mut_s1,detail,1,4,RKNSLLSUFWWYCA-UHFFFAOYNA-N,-8.973
NOS1,s_ILE679,mut_s1,detail,1,5,OZFSIKFTRRUDES-RIYZIHGNNA-N,-6.304
NOS1,s_ILE679,mut_s1,detail,1,6,AAGGUCRASUJPPN-UHFFFAOYNA-N,-7.908
NOS1,s_ILE679,mut_s1,detail,1,7,OYHXDPMAFYHDNG-YAQRNVERNA-N,-6.871
NOS1,s_ILE679,mut_s1,detail,1,8,AWILWAIEQYZUEQ-UHFFFAOYNA-N,-6.961
NOS1,s_ILE679,mut_s1,detail,1,9,WSFAXHLMQUUHQT-VMPITWQZNA-N,-7.038
NOS1,s_ILE679,mut_s1,detail,1,10,WPHMTVNOXKBZKN-UHFFFAOYNA-N,-7.655
NOS1,s_ILE679,mut_s1,detail,1,11,LPEIZNODGHDCCW-UHFFFAOYNA-N,-5.11
NOS1,s_ILE679,mut_s1,detail,1,12,QQHWWDVSRWOHEP-LILDFLRNNA-N,-8.476
NOS1,s_ILE679,mut_s1,detail,1,13,UMEVSSPGBFVQNC-UHFFFAOYNA-N,-6.963
NOS1,s_ILE679,mut_s1,detail,1,14,VZDIOEKWWZRNQN-UHFFFAOYNA-N,-8.548
NOS1,s_ILE679,mut_s1,detail,1,15,JEVLDOUORFAHRS-NDKGDYFDNA-N,-7.86
NOS1,s_ILE679,mut_s1,detail,1,16,NFTGJNJRMWUBPG-GPQMBLKYNA-N,-7.737
NOS1,s_ILE679,mut_s1,detail,1,17,UMUUTEZBWGDVDA-UHFFFAOYNA-N,-8.285
NOS1,s_ILE679,mut_s1,detail,1,18,VLQKEPLNPGYNDJ-HCKMINDGNA-N,-7.646
NOS1,s_ILE679,mut_s1,detail,1,19,PPMVTAATPZLMJM-CDDDEJBQNA-N,-8.893
NOS1,s_ILE679,mut_s1,detail,1,20,AHLYFAKLKLMESK-YAQRNVERNA-N,-7.115
NOS1,s_ILE679,mut_s1,detail,1,21,GYEJYLAGVWRSIM-KGJHZMDYNA-N,-7.527
NOS1,s_ILE679,mut_s1,detail,1,22,RXVALSLAUOIYLW-UHFFFAOYNA-N,-6.834
NOS1,s_ILE679,mut_s1,detail,1,23,NSELYIFATLFDOZ-JLGFQASFNA-N,-8.413
NOS1,s_ILE679,mut_s1,detail,1,24,COQFBYACOHFCEC-UHFFFAOYNA-N,-7.085
NOS1,s_ILE679,mut_s1,detail,1,25,CJGJXFCLDYQBFQ-YJGXKCCXNA-N,-8.843
NOS1,s_ILE679,mut_s1,detail,1,26,BWNGRRJLFYHENY-INIZCTEONA-N,-7.28
NOS1,s_ILE679,mut_s1,detail,1,27,BNRFXWSJKVJVOF-UYBDAZJANA-N,-8.674
NOS1,s_ILE679,mut_s1,detail,1,28,DMULMZBZVBBWBY-PJZINPJWNA-N,-8.076
NOS1,s_ILE679,mut_s1,detail,1,29,AXLAIGJGNKHDPO-UHFFFAOYNA-N,-5.375
NOS1,s_ILE679,mut_s1,detail,1,30,RKDGAONZEPYEBT-WXRBYKJCNA-N,-8.431
NOS1,s_ILE679,mut_s1,detail,1,31,MBOYDUZSCSNUQL-MBBDSNKKNA-N,-8.326
NOS1,s_ILE679,mut_s1,detail,1,32,KPVDBHRTXOFQDK-YAQRNVERNA-N,-7.124
NOS1,s_ILE679,mut_s1,detail,1,33,LVCNFMYUKISBSB-VJSNTGQMNA-N,-8.021
NOS1,s_ILE679,mut_s1,detail,1,34,XLAHCIRKLMJUQC-DZQCGVKKNA-N,-9.157
NOS1,s_ILE679,mut_s1,detail,1,35,QNYHDABGLCBJOE-SHHGZXMVNA-N,-7.521
NOS1,s_ILE679,mut_s1,detail,1,36,HEKNRISBWSPMOG-OWTLIXCDNA-N,-6.607
NOS1,s_ILE679,mut_s1,detail,1,37,VIRNXCRLEVZXNX-LILDFLRNNA-N,-9.157
NOS1,s_ILE679,mut_s1,detail,1,38,SRTGERSEXJGDMR-UHFFFAOYNA-N,-6.691
NOS1,s_ILE679,mut_s1,detail,1,39,ZGMGSSRLZJYOKH-WXRBYKJCNA-N,-7.578
NOS1,s_ILE679,mut_s1,detail,1,40,VGYFDFRFGHHCDA-CUTUCBJDNA-N,-9.028
NOS1,s_ILE679,mut_s1,detail,1,41,DILPMLYWQJPNLO-HCKMINDGNA-N,-9.128
NOS1,s_ILE679,mut_s1,detail,1,42,RSOODJIGEVJLMK-LQFNOIFHNA-N,-8.745
NOS1,s_ILE679,mut_s1,detail,1,43,OWHHWMUAYBIQPR-UHFFFAOYNA-N,-9.205
NOS1,s_ILE679,mut_s1,detail,1,44,KPIKMVZJKZDOFC-UHFFFAOYNA-N,-8.53
NOS1,s_ILE679,mut_s1,detail,1,45,DIKDKRUREJXLMR-DPMTXJEANA-N,-8.489
NOS1,s_ILE679,mut_s1,detail,1,46,QRVJDPKQHAVBDK-UYBDAZJANA-N,-7.843
NOS1,s_ILE679,mut_s1,detail,1,47,SGBSFKSDPWOALT-UYBDAZJANA-N,-7.605
NOS1,s_ILE679,mut_s1,detail,1,48,CYHFRNFVZWVHCG-OTJKMEOQNA-N,-9.224
NOS1,s_ILE679,mut_s1,detail,1,49,MJUDQDHXCQONOA-MPIMZMORNA-N,-8.316
NOS1,s_ILE679,mut_s1,detail,1,50,RNVYRNLUUYNQAS-PKSOQXRJNA-N,-7.85
NOS1,s_ILE679,mut_s1,detail,1,51,DLZXOZYETDVJEB-QWOVJGMINA-N,-7.236
NOS1,s_ILE679,mut_s1,detail,1,52,HSICVZRDGBJSEL-GPQMBLKYNA-N,-8.238
NOS1,s_ILE679,mut_s1,detail,1,53,HMRUHHFLIMYEAF-QNGOCPJXNA-N,-7.446
NOS1,s_ILE679,mut_s1,detail,1,54,ZZOWQPSBJUXHCA-YSPRVCGUNA-N,-8.382
NOS1,s_ILE679,mut_s1,detail,1,55,WDDJLHOUFWSQSV-UHFFFAOYNA-N,-7.915
NOS1,s_ILE679,mut_s1,detail,1,56,UKLIIGXGTPSYBF-IBCWCQIKNA-N,-7.713
NOS1,s_ILE679,mut_s1,detail,1,57,LNPOBRXJZYGQMS-MOHJPFBDNA-N,-7.954
NOS1,s_ILE679,mut_s1,detail,1,58,FYILBFPPKIZBTO-UHFFFAOYNA-N,-7.67
NOS1,s_ILE679,mut_s1,detail,1,59,MIKIJFODTJGFDI-LILDFLRNNA-N,-8.758
NOS1,s_ILE679,mut_s1,detail,1,60,RUWCNSLWWCWTSU-LILDFLRNNA-N,-7.395
NOS1,s_ILE679,mut_s1,detail,1,61,KLQWCHKIQJHYIB-UHFFFAOYNA-N,-8.733
NOS1,s_ILE679,mut_s1,detail,1,62,QKAWGENQCGFAOE-NPVYFSBINA-N,-7.844
NOS1,s_ILE679,mut_s1,detail,1,63,KGOKCBRZBBEYBE-MMRXBHCZNA-N,-9.057
NOS1,s_ILE679,mut_s1,detail,1,64,ROFRXCLSWKEWTN-UHFFFAOYNA-N,-7.18
NOS1,s_ILE679,mut_s1,detail,1,65,AKRMJNKLSCBEME-FPYGCLRLNA-N,-7.764
NOS1,s_ILE679,mut_s1,detail,1,66,LCGJUJZLLYTYIF-XMFFZCEENA-N,-8.834
NOS1,s_ILE679,mut_s1,detail,1,67,FREQNFSEYLEFOI-QRCVEOAVNA-N,-7.548
NOS1,s_ILE679,mut_s1,detail,1,68,MHMINAYLMNBGSM-UHFFFAOYNA-N,-6.17
NOS1,s_ILE679,mut_s1,detail,1,69,SYMNTBHEGHFZMV-UHFFFAOYNA-N,-7.685
NOS1,s_ILE679,mut_s1,detail,1,70,NNCRWGMPCGSKOO-LILDFLRNNA-N,-7.141
NOS1,s_ILE679,mut_s1,detail,1,71,ZCRRNCCNJMRGFI-UHFFFAOYNA-N,-8.74
NOS1,s_ILE679,mut_s1,detail,1,72,PYVZEIBGEUQNQQ-UHFFFAOYNA-N,-9.526
NOS1,s_ILE679,mut_s1,detail,1,73,OROJQWVRCGJACT-XBTAAFKLNA-N,-9.324
NOS1,s_ILE679,mut_s1,detail,1,74,TXYUWXKCUDOUGU-JLGFQASFNA-N,-7.883
NOS1,s_ILE679,mut_s1,detail,1,75,LAZANALODSEDSE-UHFFFAOYNA-N,-6.977
NOS1,s_ILE679,mut_s1,detail,1,76,RJXCYVJLXGRCHK-UHFFFAOYNA-N,-10.168
NOS1,s_ILE679,mut_s1,detail,1,77,FUSKIBWHJAWEFI-IEJAXPBYNA-N,-8.813
NOS1,s_ILE679,mut_s1,detail,1,78,SGWVLOCBQLQWQV-UHFFFAOYNA-N,-7.859
NOS1,s_ILE679,mut_s1,detail,1,79,PPXRQTYXLZCDAZ-QWOVJGMINA-N,-8.488
NOS1,s_ILE679,mut_s1,detail,1,80,DIFBADFWLVYFHV-LELJVTLKNA-N,-9.541
NOS1,s_ILE679,mut_s1,detail,1,81,XREOSEVJCQGCHE-MHPMNMKGNA-N,-10.002
NOS1,s_ILE679,mut_s1,detail,1,82,ZHGPKHBXSKWZEQ-UHFFFAOYNA-N,-8.072
NOS1,s_ILE679,mut_s1,detail,1,83,ZFAYPJJNPSNAFK-UHFFFAOYNA-N,-8.043
NOS1,s_ILE679,mut_s1,detail,1,84,LTXMRAGWIDQTQT-MYUTVWBTNA-N,-8.435
NOS1,s_ILE679,mut_s1,detail,1,85,VXQHYHSSGLOALC-SPEPDGBUNA-N,-9.226
NOS1,s_ILE679,mut_s1,detail,1,86,KWDSFRAWCISROF-PJQSKVNONA-N,-9.014
NOS1,s_ILE679,mut_s1,detail,1,87,ZJZXSQPHUQUHIV-ZGZFQTMPNA-N,-9.042
NOS1,s_ILE679,mut_s1,detail,1,88,UYHIVPBYFWVWEJ-UHFFFAOYNA-N,-9.18
NOS1,s_ILE679,mut_s1,detail,1,89,PLEFJSUCKRWHBY-LNNLXFCONA-N,-8.833
NOS1,s_ILE679,mut_s1,detail,1,90,DNSRQCRQLKJUCC-PDJAEHLQNA-N,-9.32
NOS1,s_ILE679,mut_s1,detail,1,91,PHYKZCBUNVYJNH-YDBXFXKPNA-N,-7.339
NOS1,s_ILE679,mut_s1,detail,1,92,OOUHZBUAVKCDGA-UHFFFAOYNA-N,-8.088
NOS1,s_ILE679,mut_s1,detail,1,93,UUQDFZFJDFMLHW-UHFFFAOYNA-N,-8.343
NOS1,s_ILE679,mut_s1,detail,1,94,OOUDDHNLDLLUOL-SKKVRFOWNA-N,-8.579
NOS1,s_ILE679,mut_s1,detail,1,95,ZDMQSUAMTLXUTE-MPIMZMORNA-N,-9.195
NOS1,s_ILE679,mut_s1,detail,1,96,NMPLPABDEKPABN-UHFFFAOYNA-N,-8.237
NOS1,s_ILE679,mut_s1,detail,1,97,INZRHGSVWGRHBM-NPVYFSBINA-N,-9.439
NOS1,s_ILE679,mut_s1,detail,1,98,RVGCWMKVTAEQIH-LNNLXFCONA-N,-8.658
NOS1,s_ILE679,mut_s1,detail,1,99,VRXWKRQOVMZBAF-LJQANCHMNA-N,-7.875
NOS1,s_ILE679,mut_s1,detail,1,100,QACLWOIBBYOHQP-UYBDAZJANA-N,-7.616
NOS1,s_ILE679,mut_s1,detail,1,101,ZNXSZVFPCBIELQ-LNNLXFCONA-N,-7.649
NOS1,s_ILE679,mut_s1,detail,1,102,GKMWCCNMKRSQHR-VEKUMTKDNA-N,-8.732
NOS1,s_ILE679,mut_s1,detail,1,103,FFGUSRSMWFYKGK-SKKVRFOWNA-N,-9.033
NOS1,s_ILE679,mut_s1,detail,1,104,KXBDDGKXLZBLOM-SPEPDGBUNA-N,-8.318
NOS1,s_ILE679,mut_s1,detail,1,105,MIUWULAZCXYTJW-MSHHZIMBNA-N,-9.803
NOS1,s_ILE679,mut_s1,detail,1,106,JPZOYWVRFLZCIC-NJNXFGOHNA-N,-10.337
NOS1,s_ILE679,mut_s1,detail,1,107,FAIQTLBYDVKBAB-DVIAZDKANA-N,-8.569
NOS1,s_ILE679,mut_s1,detail,1,108,APFLRZZAOXCNAZ-UHFFFAOYNA-N,-8.029
NOS1,s_ILE679,mut_s1,detail,1,109,BSQLDSQTGOZBFD-UHFFFAOYNA-N,-7.913
NOS1,s_ILE679,mut_s1,detail,1,110,ZVVCFJXCDATSCC-UHFFFAOYNA-N,-8.231
NOS1,s_ILE679,mut_s1,detail,1,111,SKEQTXZATFWVMB-UYBDAZJANA-N,-7.201
NOS1,s_ILE679,mut_s1,detail,1,112,IATWYRHDJKMBQK-MPIMZMORNA-N,-8.385
NOS1,s_ILE679,mut_s1,detail,1,113,JPWOEQDCUZCWKT-MPIMZMORNA-N,-8.029
NOS1,s_ILE679,mut_s1,detail,1,114,RYHSAXRBHDHPPK-PKSOQXRJNA-N,-7.864
NOS1,s_ILE679,mut_s1,detail,1,115,GKKJWUFVZJJFPG-MPIMZMORNA-N,-8.477
NOS1,s_ILE679,mut_s1,detail,1,116,FDNZXFDUCINVLY-BDGWVKIONA-N,-8.82
NOS1,s_ILE679,mut_s1,detail,1,117,KTBYKHKWIFIFAK-UHFFFAOYNA-N,-9.521
NOS1,s_ILE679,mut_s1,detail,1,118,ZRXZEWGUECXTTQ-LQFNOIFHNA-N,-9.009
NOS1,s_ILE679,mut_s1,detail,1,119,XNACBBGLIAJNJM-PECIQRARNA-N,-7.121
NOS1,s_ILE679,mut_s1,detail,1,120,WQZYYJRVBIQUGH-YWZOXAELNA-N,
NOS1,s_ILE679,mut_s1,detail,1,121,ABMSRNRLDZVJFV-SWUIVHNENA-N,-8.375
NOS1,s_ILE679,mut_s1,detail,1,122,ZEACBIUBSOLEGW-QAITUMOCNA-N,-10.593
NOS1,s_ILE679,mut_s1,detail,1,123,UBFCDXVLKFOOGL-OKPOJWAQNA-N,-6.66
NOS1,s_ILE679,mut_s1,detail,1,124,RRIHVAFUFDANEX-NSJMMFDCNA-N,-8.686
NOS1,s_ILE679,mut_s1,detail,1,125,HASIAUWPWKTSBW-SREBMQDQNA-N,-7.464
NOS1,s_ILE679,mut_s1,detail,1,126,WHBCKYHTCHCHAY-LQFNOIFHNA-N,-9.23
NOS1,s_ILE679,mut_s1,detail,1,127,XMAYWYJOQHXEEK-JYFHCDHNNA-N,-9.143
NOS1,s_ILE679,mut_s1,detail,1,128,TVKCFCZANTZCSU-OYRHEFFENA-N,-10.018
NOS1,s_ILE679,mut_s1,detail,1,129,OJFIIUWPOHBVMH-LNNLXFCONA-N,-7.51
NOS1,s_ILE679,mut_s1,detail,1,130,DKLZMGFTGWKNCD-DIRLUKLVNA-N,-10.31
NOS1,s_ILE679,mut_s1,detail,1,131,PYSLGWZFRQWTDD-PWIKPTQSNA-N,-9.479
NOS1,s_ILE679,mut_s1,detail,1,132,MWMBIUUYBQWKJX-QTUCRYGENA-N,-9.506
NOS1,s_ILE679,mut_s1,detail,1,133,FLYQFCXTEFTSQN-UHFFFAOYNA-N,-8.962
NOS1,s_ILE679,mut_s1,detail,1,134,PBIBDSDWIMZYDT-WBWGZOKWNA-N,-9.068
NOS1,s_ILE679,mut_s1,detail,1,135,GSRWMFGBDLHGBU-YEFLILRRNA-N,-8.376
NOS1,s_ILE679,mut_s1,detail,1,136,AYIJJQHMZAEQKE-QDAGQJSJNA-N,-8.041
NOS1,s_ILE679,mut_s1,detail,1,137,JVWTZUKPDMRNDC-FSAKADSPNA-N,-9.219
NOS1,s_ILE679,mut_s1,detail,1,138,XAZPLOLSRXZDBO-LBZABMTDNA-N,-7.543
NOS1,s_ILE679,mut_s1,detail,1,139,RGWVFJBNHCWCTL-CFEGKOCINA-N,-9.461
NOS1,s_ILE679,mut_s1,detail,1,140,YYWNRQZCPIMCAK-UHFFFAOYNA-N,-8.297
NOS1,s_ILE679,mut_s1,detail,1,141,PBTZDKNKXRSZPM-XBXBPLPCNA-N,-9.39
NOS1,s_ILE679,mut_s1,detail,1,142,QQPOIMHFFPBDQM-LELJVTLKNA-N,-7.837
NOS1,s_ILE679,mut_s1,detail,1,143,NYFQURFFDGCBCB-MAQJPOOANA-N,-8.324
NOS1,s_ILE679,mut_s1,detail,1,144,HXZVHWHABLBWBS-MTTPVDACNA-N,-9.783
NOS1,s_ILE679,mut_s1,detail,1,145,IWYYSOJWYLZKLK-LELJVTLKNA-N,-8.111
NOS1,s_ILE679,mut_s1,detail,1,146,HOGUCNPGZXMBGW-UHFFFAOYNA-N,-8.766
NOS1,s_ILE679,mut_s1,detail,1,147,VITUDJAVASFPKN-DUFUIDNCNA-N,-8.692
NOS1,s_ILE679,mut_s1,detail,1,148,IXAHDCRYEUYPBG-SCXYCHFONA-N,-9.262
NOS1,s_ILE679,mut_s1,detail,1,149,JWHMEKMLAZQDNS-OZMOGHDGNA-N,-7.872
NOS1,s_ILE679,mut_s1,detail,1,150,BZWNBTIJLRHNDZ-LBOYIXSDNA-N,-8.759
NOS1,s_ILE679,mut_s1,detail,1,151,RECYROBESYRUML-UHFFFAOYNA-N,-7.891
NOS1,s_ILE679,mut_s1,detail,1,152,MLDSJJJLQRZNKW-UHBIVWOUNA-N,-10.368
NOS1,s_ILE679,mut_s1,detail,1,153,XTWIHJARHCYNFX-PHXLCVRDNA-N,-7.856
NOS1,s_ILE679,mut_s1,detail,1,154,UQGFETVWTRDGKJ-UHFFFAOYNA-N,-8.17
NOS1,s_ILE679,mut_s1,detail,1,155,VJFSMDWEMFOWDK-CYSPOYASNA-N,-10.206
NOS1,s_ILE679,mut_s1,detail,1,156,NZYLXYBIWNIAGH-CYSPOYASNA-N,-9.877
NOS1,s_ILE679,mut_s1,detail,1,157,ODXCWFOKLBJQNP-MPIMZMORNA-N,-7.712
NOS1,s_ILE679,mut_s1,detail,1,158,FVDNMAPPDSKXKQ-UHFFFAOYNA-N,-9.997
NOS1,s_ILE679,mut_s1,detail,1,159,DOPWMPRIRWTOOD-CCHPKIMANA-N,-8.443
NOS1,f_THR321,mut_s1,detail,1,0,URVMSYHISUZXNH-UYBDAZJANA-N,-8.714
NOS1,f_THR321,mut_s1,detail,1,1,KXRPCFINVWWFHQ-UHFFFAOYNA-N,-4.751
NOS1,f_THR321,mut_s1,detail,1,2,NICJTSHRYBTHAS-YHMJCDSINA-N,-7.45
NOS1,f_THR321,mut_s1,detail,1,3,SWRZVDTZHDWPDS-AWIDAIFANA-N,-7.444
NOS1,f_THR321,mut_s1,detail,1,4,RKNSLLSUFWWYCA-UHFFFAOYNA-N,-8.997
NOS1,f_THR321,mut_s1,detail,1,5,OZFSIKFTRRUDES-RIYZIHGNNA-N,-6.379
NOS1,f_THR321,mut_s1,detail,1,6,AAGGUCRASUJPPN-UHFFFAOYNA-N,-7.537
NOS1,f_THR321,mut_s1,detail,1,7,OYHXDPMAFYHDNG-YAQRNVERNA-N,-6.863
NOS1,f_THR321,mut_s1,detail,1,8,AWILWAIEQYZUEQ-UHFFFAOYNA-N,-6.891
NOS1,f_THR321,mut_s1,detail,1,9,WSFAXHLMQUUHQT-VMPITWQZNA-N,-7.242
NOS1,f_THR321,mut_s1,detail,1,10,WPHMTVNOXKBZKN-UHFFFAOYNA-N,-7.584
NOS1,f_THR321,mut_s1,detail,1,11,LPEIZNODGHDCCW-UHFFFAOYNA-N,-5.16
NOS1,f_THR321,mut_s1,detail,1,12,QQHWWDVSRWOHEP-LILDFLRNNA-N,-8.509
NOS1,f_THR321,mut_s1,detail,1,13,UMEVSSPGBFVQNC-UHFFFAOYNA-N,-7.007
NOS1,f_THR321,mut_s1,detail,1,14,VZDIOEKWWZRNQN-UHFFFAOYNA-N,-8.509
NOS1,f_THR321,mut_s1,detail,1,15,JEVLDOUORFAHRS-NDKGDYFDNA-N,-7.855
NOS1,f_THR321,mut_s1,detail,1,16,NFTGJNJRMWUBPG-GPQMBLKYNA-N,-7.586
NOS1,f_THR321,mut_s1,detail,1,17,UMUUTEZBWGDVDA-UHFFFAOYNA-N,-8.092
NOS1,f_THR321,mut_s1,detail,1,18,VLQKEPLNPGYNDJ-HCKMINDGNA-N,-7.672
NOS1,f_THR321,mut_s1,detail,1,19,PPMVTAATPZLMJM-CDDDEJBQNA-N,-9.042
NOS1,f_THR321,mut_s1,detail,1,20,AHLYFAKLKLMESK-YAQRNVERNA-N,-7.384
NOS1,f_THR321,mut_s1,detail,1,21,GYEJYLAGVWRSIM-KGJHZMDYNA-N,-7.483
NOS1,f_THR321,mut_s1,detail,1,22,RXVALSLAUOIYLW-UHFFFAOYNA-N,-6.896
NOS1,f_THR321,mut_s1,detail,1,23,NSELYIFATLFDOZ-JLGFQASFNA-N,-8.414
NOS1,f_THR321,mut_s1,detail,1,24,COQFBYACOHFCEC-UHFFFAOYNA-N,-7.19
NOS1,f_THR321,mut_s1,detail,1,25,CJGJXFCLDYQBFQ-YJGXKCCXNA-N,-8.722
NOS1,f_THR321,mut_s1,detail,1,26,BWNGRRJLFYHENY-INIZCTEONA-N,-7.378
NOS1,f_THR321,mut_s1,detail,1,27,BNRFXWSJKVJVOF-UYBDAZJANA-N,-8.5
NOS1,f_THR321,mut_s1,detail,1,28,DMULMZBZVBBWBY-PJZINPJWNA-N,-7.991
NOS1,f_THR321,mut_s1,detail,1,29,AXLAIGJGNKHDPO-UHFFFAOYNA-N,-6.149
NOS1,f_THR321,mut_s1,detail,1,30,RKDGAONZEPYEBT-WXRBYKJCNA-N,-8.492
NOS1,f_THR321,mut_s1,detail,1,31,MBOYDUZSCSNUQL-MBBDSNKKNA-N,-8.332
NOS1,f_THR321,mut_s1,detail,1,32,KPVDBHRTXOFQDK-YAQRNVERNA-N,-6.89
NOS1,f_THR321,mut_s1,detail,1,33,LVCNFMYUKISBSB-VJSNTGQMNA-N,-8.261
NOS1,f_THR321,mut_s1,detail,1,34,XLAHCIRKLMJUQC-DZQCGVKKNA-N,-9.023
NOS1,f_THR321,mut_s1,detail,1,35,QNYHDABGLCBJOE-SHHGZXMVNA-N,-7.524
NOS1,f_THR321,mut_s1,detail,1,36,HEKNRISBWSPMOG-OWTLIXCDNA-N,-6.617
NOS1,f_THR321,mut_s1,detail,1,37,VIRNXCRLEVZXNX-LILDFLRNNA-N,-9.163
NOS1,f_THR321,mut_s1,detail,1,38,SRTGERSEXJGDMR-UHFFFAOYNA-N,-7.241
NOS1,f_THR321,mut_s1,detail,1,39,ZGMGSSRLZJYOKH-WXRBYKJCNA-N,-7.831
NOS1,f_THR321,mut_s1,detail,1,40,VGYFDFRFGHHCDA-CUTUCBJDNA-N,-8.978
NOS1,f_THR321,mut_s1,detail,1,41,DILPMLYWQJPNLO-HCKMINDGNA-N,-9.162
NOS1,f_THR321,mut_s1,detail,1,42,RSOODJIGEVJLMK-LQFNOIFHNA-N,-8.753
NOS1,f_THR321,mut_s1,detail,1,43,OWHHWMUAYBIQPR-UHFFFAOYNA-N,-8.454
NOS1,f_THR321,mut_s1,detail,1,44,KPIKMVZJKZDOFC-UHFFFAOYNA-N,-8.66
NOS1,f_THR321,mut_s1,detail,1,45,DIKDKRUREJXLMR-DPMTXJEANA-N,-8.566
NOS1,f_THR321,mut_s1,detail,1,46,QRVJDPKQHAVBDK-UYBDAZJANA-N,-8.594
NOS1,f_THR321,mut_s1,detail,1,47,SGBSFKSDPWOALT-UYBDAZJANA-N,-7.947
NOS1,f_THR321,mut_s1,detail,1,48,CYHFRNFVZWVHCG-OTJKMEOQNA-N,-9.057
NOS1,f_THR321,mut_s1,detail,1,49,MJUDQDHXCQONOA-MPIMZMORNA-N,-8.257
NOS1,f_THR321,mut_s1,detail,1,50,RNVYRNLUUYNQAS-PKSOQXRJNA-N,-7.737
NOS1,f_THR321,mut_s1,detail,1,51,DLZXOZYETDVJEB-QWOVJGMINA-N,-7.206
NOS1,f_THR321,mut_s1,detail,1,52,HSICVZRDGBJSEL-GPQMBLKYNA-N,-7.917
NOS1,f_THR321,mut_s1,detail,1,53,HMRUHHFLIMYEAF-QNGOCPJXNA-N,-7.904
NOS1,f_THR321,mut_s1,detail,1,54,ZZOWQPSBJUXHCA-YSPRVCGUNA-N,-8.224
NOS1,f_THR321,mut_s1,detail,1,55,WDDJLHOUFWSQSV-UHFFFAOYNA-N,-7.941
NOS1,f_THR321,mut_s1,detail,1,56,UKLIIGXGTPSYBF-IBCWCQIKNA-N,-7.995
NOS1,f_THR321,mut_s1,detail,1,57,LNPOBRXJZYGQMS-MOHJPFBDNA-N,-8.26
NOS1,f_THR321,mut_s1,detail,1,58,FYILBFPPKIZBTO-UHFFFAOYNA-N,-7.19
NOS1,f_THR321,mut_s1,detail,1,59,MIKIJFODTJGFDI-LILDFLRNNA-N,-8.683
NOS1,f_THR321,mut_s1,detail,1,60,RUWCNSLWWCWTSU-LILDFLRNNA-N,-7.434
NOS1,f_THR321,mut_s1,detail,1,61,KLQWCHKIQJHYIB-UHFFFAOYNA-N,-8.73
NOS1,f_THR321,mut_s1,detail,1,62,QKAWGENQCGFAOE-NPVYFSBINA-N,-8.191
NOS1,f_THR321,mut_s1,detail,1,63,KGOKCBRZBBEYBE-MMRXBHCZNA-N,-9.075
NOS1,f_THR321,mut_s1,detail,1,64,ROFRXCLSWKEWTN-UHFFFAOYNA-N,-7.122
NOS1,f_THR321,mut_s1,detail,1,65,AKRMJNKLSCBEME-FPYGCLRLNA-N,-7.666
NOS1,f_THR321,mut_s1,detail,1,66,LCGJUJZLLYTYIF-XMFFZCEENA-N,-8.496
NOS1,f_THR321,mut_s1,detail,1,67,FREQNFSEYLEFOI-QRCVEOAVNA-N,-7.351
NOS1,f_THR321,mut_s1,detail,1,68,MHMINAYLMNBGSM-UHFFFAOYNA-N,-6.633
NOS1,f_THR321,mut_s1,detail,1,69,SYMNTBHEGHFZMV-UHFFFAOYNA-N,-7.873
NOS1,f_THR321,mut_s1,detail,1,70,NNCRWGMPCGSKOO-LILDFLRNNA-N,-6.787
NOS1,f_THR321,mut_s1,detail,1,71,ZCRRNCCNJMRGFI-UHFFFAOYNA-N,-9.665
NOS1,f_THR321,mut_s1,detail,1,72,PYVZEIBGEUQNQQ-UHFFFAOYNA-N,-9.511
NOS1,f_THR321,mut_s1,detail,1,73,OROJQWVRCGJACT-XBTAAFKLNA-N,-9.352
NOS1,f_THR321,mut_s1,detail,1,74,TXYUWXKCUDOUGU-JLGFQASFNA-N,-7.439
NOS1,f_THR321,mut_s1,detail,1,75,LAZANALODSEDSE-UHFFFAOYNA-N,-7.011
NOS1,f_THR321,mut_s1,detail,1,76,RJXCYVJLXGRCHK-UHFFFAOYNA-N,-10.29
NOS1,f_THR321,mut_s1,detail,1,77,FUSKIBWHJAWEFI-IEJAXPBYNA-N,-8.876
NOS1,f_THR321,mut_s1,detail,1,78,SGWVLOCBQLQWQV-UHFFFAOYNA-N,-7.843
NOS1,f_THR321,mut_s1,detail,1,79,PPXRQTYXLZCDAZ-QWOVJGMINA-N,-8.662
NOS1,f_THR321,mut_s1,detail,1,80,DIFBADFWLVYFHV-LELJVTLKNA-N,-9.535
NOS1,f_THR321,mut_s1,detail,1,81,XREOSEVJCQGCHE-MHPMNMKGNA-N,-10.178
NOS1,f_THR321,mut_s1,detail,1,82,ZHGPKHBXSKWZEQ-UHFFFAOYNA-N,-8.07
NOS1,f_THR321,mut_s1,detail,1,83,ZFAYPJJNPSNAFK-UHFFFAOYNA-N,-8.169
NOS1,f_THR321,mut_s1,detail,1,84,LTXMRAGWIDQTQT-MYUTVWBTNA-N,-8.786
NOS1,f_THR321,mut_s1,detail,1,85,VXQHYHSSGLOALC-SPEPDGBUNA-N,-9.369
NOS1,f_THR321,mut_s1,detail,1,86,KWDSFRAWCISROF-PJQSKVNONA-N,-9.178
NOS1,f_THR321,mut_s1,detail,1,87,ZJZXSQPHUQUHIV-ZGZFQTMPNA-N,-9.107
NOS1,f_THR321,mut_s1,detail,1,88,UYHIVPBYFWVWEJ-UHFFFAOYNA-N,-9.217
NOS1,f_THR321,mut_s1,detail,1,89,PLEFJSUCKRWHBY-LNNLXFCONA-N,-8.996
NOS1,f_THR321,mut_s1,detail,1,90,DNSRQCRQLKJUCC-PDJAEHLQNA-N,-9.307
NOS1,f_THR321,mut_s1,detail,1,91,PHYKZCBUNVYJNH-YDBXFXKPNA-N,-7.709
NOS1,f_THR321,mut_s1,detail,1,92,OOUHZBUAVKCDGA-UHFFFAOYNA-N,-7.788
NOS1,f_THR321,mut_s1,detail,1,93,UUQDFZFJDFMLHW-UHFFFAOYNA-N,-8.469
NOS1,f_THR321,mut_s1,detail,1,94,OOUDDHNLDLLUOL-SKKVRFOWNA-N,-8.342
NOS1,f_THR321,mut_s1,detail,1,95,ZDMQSUAMTLXUTE-MPIMZMORNA-N,-9.316
NOS1,f_THR321,mut_s1,detail,1,96,NMPLPABDEKPABN-UHFFFAOYNA-N,-9.299
NOS1,f_THR321,mut_s1,detail,1,97,INZRHGSVWGRHBM-NPVYFSBINA-N,-9.546
NOS1,f_THR321,mut_s1,detail,1,98,RVGCWMKVTAEQIH-LNNLXFCONA-N,-9.134
NOS1,f_THR321,mut_s1,detail,1,99,VRXWKRQOVMZBAF-LJQANCHMNA-N,-7.92
NOS1,f_THR321,mut_s1,detail,1,100,QACLWOIBBYOHQP-UYBDAZJANA-N,-7.632
NOS1,f_THR321,mut_s1,detail,1,101,ZNXSZVFPCBIELQ-LNNLXFCONA-N,-8.054
NOS1,f_THR321,mut_s1,detail,1,102,GKMWCCNMKRSQHR-VEKUMTKDNA-N,-9.141
NOS1,f_THR321,mut_s1,detail,1,103,FFGUSRSMWFYKGK-SKKVRFOWNA-N,-9.256
NOS1,f_THR321,mut_s1,detail,1,104,KXBDDGKXLZBLOM-SPEPDGBUNA-N,-8.547
NOS1,f_THR321,mut_s1,detail,1,105,MIUWULAZCXYTJW-MSHHZIMBNA-N,-10.039
NOS1,f_THR321,mut_s1,detail,1,106,JPZOYWVRFLZCIC-NJNXFGOHNA-N,-10.244
NOS1,f_THR321,mut_s1,detail,1,107,FAIQTLBYDVKBAB-DVIAZDKANA-N,-8.553
NOS1,f_THR321,mut_s1,detail,1,108,APFLRZZAOXCNAZ-UHFFFAOYNA-N,-8.353
NOS1,f_THR321,mut_s1,detail,1,109,BSQLDSQTGOZBFD-UHFFFAOYNA-N,-7.93
NOS1,f_THR321,mut_s1,detail,1,110,ZVVCFJXCDATSCC-UHFFFAOYNA-N,-7.734
NOS1,f_THR321,mut_s1,detail,1,111,SKEQTXZATFWVMB-UYBDAZJANA-N,-7.406
NOS1,f_THR321,mut_s1,detail,1,112,IATWYRHDJKMBQK-MPIMZMORNA-N,-8.363
NOS1,f_THR321,mut_s1,detail,1,113,JPWOEQDCUZCWKT-MPIMZMORNA-N,-7.508
NOS1,f_THR321,mut_s1,detail,1,114,RYHSAXRBHDHPPK-PKSOQXRJNA-N,-8.05
NOS1,f_THR321,mut_s1,detail,1,115,GKKJWUFVZJJFPG-MPIMZMORNA-N,-8.55
NOS1,f_THR321,mut_s1,detail,1,116,FDNZXFDUCINVLY-BDGWVKIONA-N,-8.401
NOS1,f_THR321,mut_s1,detail,1,117,KTBYKHKWIFIFAK-UHFFFAOYNA-N,-9.527
NOS1,f_THR321,mut_s1,detail,1,118,ZRXZEWGUECXTTQ-LQFNOIFHNA-N,-8.695
NOS1,f_THR321,mut_s1,detail,1,119,XNACBBGLIAJNJM-PECIQRARNA-N,-7.216
NOS1,f_THR321,mut_s1,detail,1,120,WQZYYJRVBIQUGH-YWZOXAELNA-N,-8.893
NOS1,f_THR321,mut_s1,detail,1,121,ABMSRNRLDZVJFV-SWUIVHNENA-N,-8.282
NOS1,f_THR321,mut_s1,detail,1,122,ZEACBIUBSOLEGW-QAITUMOCNA-N,-10.39
NOS1,f_THR321,mut_s1,detail,1,123,UBFCDXVLKFOOGL-OKPOJWAQNA-N,-7.639
NOS1,f_THR321,mut_s1,detail,1,124,RRIHVAFUFDANEX-NSJMMFDCNA-N,-8.51
NOS1,f_THR321,mut_s1,detail,1,125,HASIAUWPWKTSBW-SREBMQDQNA-N,-8.287
NOS1,f_THR321,mut_s1,detail,1,126,WHBCKYHTCHCHAY-LQFNOIFHNA-N,-9.498
NOS1,f_THR321,mut_s1,detail,1,127,XMAYWYJOQHXEEK-JYFHCDHNNA-N,-8.924
NOS1,f_THR321,mut_s1,detail,1,128,TVKCFCZANTZCSU-OYRHEFFENA-N,-9.948
NOS1,f_THR321,mut_s1,detail,1,129,OJFIIUWPOHBVMH-LNNLXFCONA-N,-7.492
NOS1,f_THR321,mut_s1,detail,1,130,DKLZMGFTGWKNCD-DIRLUKLVNA-N,-9.325
NOS1,f_THR321,mut_s1,detail,1,131,PYSLGWZFRQWTDD-PWIKPTQSNA-N,-9.227
NOS1,f_THR321,mut_s1,detail,1,132,MWMBIUUYBQWKJX-QTUCRYGENA-N,-9.713
NOS1,f_THR321,mut_s1,detail,1,133,FLYQFCXTEFTSQN-UHFFFAOYNA-N,-9.584
NOS1,f_THR321,mut_s1,detail,1,134,PBIBDSDWIMZYDT-WBWGZOKWNA-N,-8.971
NOS1,f_THR321,mut_s1,detail,1,135,GSRWMFGBDLHGBU-YEFLILRRNA-N,-8.651
NOS1,f_THR321,mut_s1,detail,1,136,AYIJJQHMZAEQKE-QDAGQJSJNA-N,-7.821
NOS1,f_THR321,mut_s1,detail,1,137,JVWTZUKPDMRNDC-FSAKADSPNA-N,-9.369
NOS1,f_THR321,mut_s1,detail,1,138,XAZPLOLSRXZDBO-LBZABMTDNA-N,-7.761
NOS1,f_THR321,mut_s1,detail,1,139,RGWVFJBNHCWCTL-CFEGKOCINA-N,-9.722
NOS1,f_THR321,mut_s1,detail,1,140,YYWNRQZCPIMCAK-UHFFFAOYNA-N,-8.8
NOS1,f_THR321,mut_s1,detail,1,141,PBTZDKNKXRSZPM-XBXBPLPCNA-N,-9.365
NOS1,f_THR321,mut_s1,detail,1,142,QQPOIMHFFPBDQM-LELJVTLKNA-N,-7.93
NOS1,f_THR321,mut_s1,detail,1,143,NYFQURFFDGCBCB-MAQJPOOANA-N,-8.095
NOS1,f_THR321,mut_s1,detail,1,144,HXZVHWHABLBWBS-MTTPVDACNA-N,-9.944
NOS1,f_THR321,mut_s1,detail,1,145,IWYYSOJWYLZKLK-LELJVTLKNA-N,-8.438
NOS1,f_THR321,mut_s1,detail,1,146,HOGUCNPGZXMBGW-UHFFFAOYNA-N,-8.78
NOS1,f_THR321,mut_s1,detail,1,147,VITUDJAVASFPKN-DUFUIDNCNA-N,-8.548
NOS1,f_THR321,mut_s1,detail,1,148,IXAHDCRYEUYPBG-SCXYCHFONA-N,-9.842
NOS1,f_THR321,mut_s1,detail,1,149,JWHMEKMLAZQDNS-OZMOGHDGNA-N,-8.655
NOS1,f_THR321,mut_s1,detail,1,150,BZWNBTIJLRHNDZ-LBOYIXSDNA-N,-8.453
NOS1,f_THR321,mut_s1,detail,1,151,RECYROBESYRUML-UHFFFAOYNA-N,-7.891
NOS1,f_THR321,mut_s1,detail,1,152,MLDSJJJLQRZNKW-UHBIVWOUNA-N,-10.092
NOS1,f_THR321,mut_s1,detail,1,153,XTWIHJARHCYNFX-PHXLCVRDNA-N,-8.907
NOS1,f_THR321,mut_s1,detail,1,154,UQGFETVWTRDGKJ-UHFFFAOYNA-N,-8.032
NOS1,f_THR321,mut_s1,detail,1,155,VJFSMDWEMFOWDK-CYSPOYASNA-N,-10.414
NOS1,f_THR321,mut_s1,detail,1,156,NZYLXYBIWNIAGH-CYSPOYASNA-N,-9.655
NOS1,f_THR321,mut_s1,detail,1,157,ODXCWFOKLBJQNP-MPIMZMORNA-N,-7.811
NOS1,f_THR321,mut_s1,detail,1,158,FVDNMAPPDSKXKQ-UHFFFAOYNA-N,-10.0
NOS1,f_THR321,mut_s1,detail,1,159,DOPWMPRIRWTOOD-CCHPKIMANA-N,-8.053
NOS1,m00,mut_s1,detail,1,0,URVMSYHISUZXNH-UYBDAZJANA-N,-8.783
NOS1,m00,mut_s1,detail,1,1,KXRPCFINVWWFHQ-UHFFFAOYNA-N,-5.585
NOS1,m00,mut_s1,detail,1,2,NICJTSHRYBTHAS-YHMJCDSINA-N,-8.073
NOS1,m00,mut_s1,detail,1,3,SWRZVDTZHDWPDS-AWIDAIFANA-N,-9.695
NOS1,m00,mut_s1,detail,1,4,RKNSLLSUFWWYCA-UHFFFAOYNA-N,-9.741
NOS1,m00,mut_s1,detail,1,5,OZFSIKFTRRUDES-RIYZIHGNNA-N,-7.512
NOS1,m00,mut_s1,detail,1,6,AAGGUCRASUJPPN-UHFFFAOYNA-N,-8.014
NOS1,m00,mut_s1,detail,1,7,OYHXDPMAFYHDNG-YAQRNVERNA-N,-8.021
NOS1,m00,mut_s1,detail,1,8,AWILWAIEQYZUEQ-UHFFFAOYNA-N,-8.048
NOS1,m00,mut_s1,detail,1,9,WSFAXHLMQUUHQT-VMPITWQZNA-N,-7.793
NOS1,m00,mut_s1,detail,1,10,WPHMTVNOXKBZKN-UHFFFAOYNA-N,-7.601
NOS1,m00,mut_s1,detail,1,11,LPEIZNODGHDCCW-UHFFFAOYNA-N,-7.58
NOS1,m00,mut_s1,detail,1,12,QQHWWDVSRWOHEP-LILDFLRNNA-N,-8.85
NOS1,m00,mut_s1,detail,1,13,UMEVSSPGBFVQNC-UHFFFAOYNA-N,-6.923
NOS1,m00,mut_s1,detail,1,14,VZDIOEKWWZRNQN-UHFFFAOYNA-N,-9.407
NOS1,m00,mut_s1,detail,1,15,JEVLDOUORFAHRS-NDKGDYFDNA-N,-8.384
NOS1,m00,mut_s1,detail,1,16,NFTGJNJRMWUBPG-GPQMBLKYNA-N,-8.013
NOS1,m00,mut_s1,detail,1,17,UMUUTEZBWGDVDA-UHFFFAOYNA-N,-8.576
NOS1,m00,mut_s1,detail,1,18,VLQKEPLNPGYNDJ-HCKMINDGNA-N,-7.523
NOS1,m00,mut_s1,detail,1,19,PPMVTAATPZLMJM-CDDDEJBQNA-N,-8.944
NOS1,m00,mut_s1,detail,1,20,AHLYFAKLKLMESK-YAQRNVERNA-N,-7.166
NOS1,m00,mut_s1,detail,1,21,GYEJYLAGVWRSIM-KGJHZMDYNA-N,-7.816
NOS1,m00,mut_s1,detail,1,22,RXVALSLAUOIYLW-UHFFFAOYNA-N,-8.562
NOS1,m00,mut_s1,detail,1,23,NSELYIFATLFDOZ-JLGFQASFNA-N,-7.685
NOS1,m00,mut_s1,detail,1,24,COQFBYACOHFCEC-UHFFFAOYNA-N,-8.207
NOS1,m00,mut_s1,detail,1,25,CJGJXFCLDYQBFQ-YJGXKCCXNA-N,-8.947
NOS1,m00,mut_s1,detail,1,26,BWNGRRJLFYHENY-INIZCTEONA-N,-7.702
NOS1,m00,mut_s1,detail,1,27,BNRFXWSJKVJVOF-UYBDAZJANA-N,-9.126
NOS1,m00,mut_s1,detail,1,28,DMULMZBZVBBWBY-PJZINPJWNA-N,-8.399
NOS1,m00,mut_s1,detail,1,29,AXLAIGJGNKHDPO-UHFFFAOYNA-N,-7.28
NOS1,m00,mut_s1,detail,1,30,RKDGAONZEPYEBT-WXRBYKJCNA-N,-7.822
NOS1,m00,mut_s1,detail,1,31,MBOYDUZSCSNUQL-MBBDSNKKNA-N,-8.009
NOS1,m00,mut_s1,detail,1,32,KPVDBHRTXOFQDK-YAQRNVERNA-N,-6.989
NOS1,m00,mut_s1,detail,1,33,LVCNFMYUKISBSB-VJSNTGQMNA-N,-8.241
NOS1,m00,mut_s1,detail,1,34,XLAHCIRKLMJUQC-DZQCGVKKNA-N,-10.389
NOS1,m00,mut_s1,detail,1,35,QNYHDABGLCBJOE-SHHGZXMVNA-N,-9.904
NOS1,m00,mut_s1,detail,1,36,HEKNRISBWSPMOG-OWTLIXCDNA-N,-8.954
NOS1,m00,mut_s1,detail,1,37,VIRNXCRLEVZXNX-LILDFLRNNA-N,-9.883
NOS1,m00,mut_s1,detail,1,38,SRTGERSEXJGDMR-UHFFFAOYNA-N,-8.508
NOS1,m00,mut_s1,detail,1,39,ZGMGSSRLZJYOKH-WXRBYKJCNA-N,-7.46
NOS1,m00,mut_s1,detail,1,40,VGYFDFRFGHHCDA-CUTUCBJDNA-N,-9.415
NOS1,m00,mut_s1,detail,1,41,DILPMLYWQJPNLO-HCKMINDGNA-N,-8.593
NOS1,m00,mut_s1,detail,1,42,RSOODJIGEVJLMK-LQFNOIFHNA-N,-10.086
NOS1,m00,mut_s1,detail,1,43,OWHHWMUAYBIQPR-UHFFFAOYNA-N,-9.455
NOS1,m00,mut_s1,detail,1,44,KPIKMVZJKZDOFC-UHFFFAOYNA-N,-9.552
NOS1,m00,mut_s1,detail,1,45,DIKDKRUREJXLMR-DPMTXJEANA-N,-8.965
NOS1,m00,mut_s1,detail,1,46,QRVJDPKQHAVBDK-UYBDAZJANA-N,-7.732
NOS1,m00,mut_s1,detail,1,47,SGBSFKSDPWOALT-UYBDAZJANA-N,-8.647
NOS1,m00,mut_s1,detail,1,48,CYHFRNFVZWVHCG-OTJKMEOQNA-N,-9.359
NOS1,m00,mut_s1,detail,1,49,MJUDQDHXCQONOA-MPIMZMORNA-N,-9.385
NOS1,m00,mut_s1,detail,1,50,RNVYRNLUUYNQAS-PKSOQXRJNA-N,-9.088
NOS1,m00,mut_s1,detail,1,51,DLZXOZYETDVJEB-QWOVJGMINA-N,-8.239
NOS1,m00,mut_s1,detail,1,52,HSICVZRDGBJSEL-GPQMBLKYNA-N,-8.468
NOS1,m00,mut_s1,detail,1,53,HMRUHHFLIMYEAF-QNGOCPJXNA-N,-8.068
NOS1,m00,mut_s1,detail,1,54,ZZOWQPSBJUXHCA-YSPRVCGUNA-N,-9.074
NOS1,m00,mut_s1,detail,1,55,WDDJLHOUFWSQSV-UHFFFAOYNA-N,-9.329
NOS1,m00,mut_s1,detail,1,56,UKLIIGXGTPSYBF-IBCWCQIKNA-N,-8.35
NOS1,m00,mut_s1,detail,1,57,LNPOBRXJZYGQMS-MOHJPFBDNA-N,-9.934
NOS1,m00,mut_s1,detail,1,58,FYILBFPPKIZBTO-UHFFFAOYNA-N,-9.236
NOS1,m00,mut_s1,detail,1,59,MIKIJFODTJGFDI-LILDFLRNNA-N,-9.324
NOS1,m00,mut_s1,detail,1,60,RUWCNSLWWCWTSU-LILDFLRNNA-N,-9.653
NOS1,m00,mut_s1,detail,1,61,KLQWCHKIQJHYIB-UHFFFAOYNA-N,-9.56
NOS1,m00,mut_s1,detail,1,62,QKAWGENQCGFAOE-NPVYFSBINA-N,-9.15
NOS1,m00,mut_s1,detail,1,63,KGOKCBRZBBEYBE-MMRXBHCZNA-N,-9.923
NOS1,m00,mut_s1,detail,1,64,ROFRXCLSWKEWTN-UHFFFAOYNA-N,-8.343
NOS1,m00,mut_s1,detail,1,65,AKRMJNKLSCBEME-FPYGCLRLNA-N,-8.339
NOS1,m00,mut_s1,detail,1,66,LCGJUJZLLYTYIF-XMFFZCEENA-N,-8.561
NOS1,m00,mut_s1,detail,1,67,FREQNFSEYLEFOI-QRCVEOAVNA-N,-8.185
NOS1,m00,mut_s1,detail,1,68,MHMINAYLMNBGSM-UHFFFAOYNA-N,-9.072
NOS1,m00,mut_s1,detail,1,69,SYMNTBHEGHFZMV-UHFFFAOYNA-N,-8.983
NOS1,m00,mut_s1,detail,1,70,NNCRWGMPCGSKOO-LILDFLRNNA-N,-7.748
NOS1,m00,mut_s1,detail,1,71,ZCRRNCCNJMRGFI-UHFFFAOYNA-N,-9.761
NOS1,m00,mut_s1,detail,1,72,PYVZEIBGEUQNQQ-UHFFFAOYNA-N,-10.291
NOS1,m00,mut_s1,detail,1,73,OROJQWVRCGJACT-XBTAAFKLNA-N,-9.472
NOS1,m00,mut_s1,detail,1,74,TXYUWXKCUDOUGU-JLGFQASFNA-N,-7.751
NOS1,m00,mut_s1,detail,1,75,LAZANALODSEDSE-UHFFFAOYNA-N,-8.391
NOS1,m00,mut_s1,detail,1,76,RJXCYVJLXGRCHK-UHFFFAOYNA-N,-10.254
NOS1,m00,mut_s1,detail,1,77,FUSKIBWHJAWEFI-IEJAXPBYNA-N,-8.105
NOS1,m00,mut_s1,detail,1,78,SGWVLOCBQLQWQV-UHFFFAOYNA-N,-9.278
NOS1,m00,mut_s1,detail,1,79,PPXRQTYXLZCDAZ-QWOVJGMINA-N,-9.578
NOS1,m00,mut_s1,detail,1,80,DIFBADFWLVYFHV-LELJVTLKNA-N,-9.902
NOS1,m00,mut_s1,detail,1,81,XREOSEVJCQGCHE-MHPMNMKGNA-N,-10.501
NOS1,m00,mut_s1,detail,1,82,ZHGPKHBXSKWZEQ-UHFFFAOYNA-N,-9.379
NOS1,m00,mut_s1,detail,1,83,ZFAYPJJNPSNAFK-UHFFFAOYNA-N,-10.7
NOS1,m00,mut_s1,detail,1,84,LTXMRAGWIDQTQT-MYUTVWBTNA-N,-9.919
NOS1,m00,mut_s1,detail,1,85,VXQHYHSSGLOALC-SPEPDGBUNA-N,-10.459
NOS1,m00,mut_s1,detail,1,86,KWDSFRAWCISROF-PJQSKVNONA-N,-9.593
NOS1,m00,mut_s1,detail,1,87,ZJZXSQPHUQUHIV-ZGZFQTMPNA-N,-10.467
NOS1,m00,mut_s1,detail,1,88,UYHIVPBYFWVWEJ-UHFFFAOYNA-N,-10.483
NOS1,m00,mut_s1,detail,1,89,PLEFJSUCKRWHBY-LNNLXFCONA-N,-9.302
NOS1,m00,mut_s1,detail,1,90,DNSRQCRQLKJUCC-PDJAEHLQNA-N,-9.094
NOS1,m00,mut_s1,detail,1,91,PHYKZCBUNVYJNH-YDBXFXKPNA-N,-8.249
NOS1,m00,mut_s1,detail,1,92,OOUHZBUAVKCDGA-UHFFFAOYNA-N,-9.937
NOS1,m00,mut_s1,detail,1,93,UUQDFZFJDFMLHW-UHFFFAOYNA-N,-8.5
NOS1,m00,mut_s1,detail,1,94,OOUDDHNLDLLUOL-SKKVRFOWNA-N,-9.25
NOS1,m00,mut_s1,detail,1,95,ZDMQSUAMTLXUTE-MPIMZMORNA-N,-9.721
NOS1,m00,mut_s1,detail,1,96,NMPLPABDEKPABN-UHFFFAOYNA-N,-8.611
NOS1,m00,mut_s1,detail,1,97,INZRHGSVWGRHBM-NPVYFSBINA-N,-10.502
NOS1,m00,mut_s1,detail,1,98,RVGCWMKVTAEQIH-LNNLXFCONA-N,-9.65
NOS1,m00,mut_s1,detail,1,99,VRXWKRQOVMZBAF-LJQANCHMNA-N,-8.866
NOS1,m00,mut_s1,detail,1,100,QACLWOIBBYOHQP-UYBDAZJANA-N,-8.513
NOS1,m00,mut_s1,detail,1,101,ZNXSZVFPCBIELQ-LNNLXFCONA-N,-7.955
NOS1,m00,mut_s1,detail,1,102,GKMWCCNMKRSQHR-VEKUMTKDNA-N,-8.935
NOS1,m00,mut_s1,detail,1,103,FFGUSRSMWFYKGK-SKKVRFOWNA-N,-9.336
NOS1,m00,mut_s1,detail,1,104,KXBDDGKXLZBLOM-SPEPDGBUNA-N,-9.184
NOS1,m00,mut_s1,detail,1,105,MIUWULAZCXYTJW-MSHHZIMBNA-N,-10.163
NOS1,m00,mut_s1,detail,1,106,JPZOYWVRFLZCIC-NJNXFGOHNA-N,-10.438
NOS1,m00,mut_s1,detail,1,107,FAIQTLBYDVKBAB-DVIAZDKANA-N,-9.439
NOS1,m00,mut_s1,detail,1,108,APFLRZZAOXCNAZ-UHFFFAOYNA-N,-9.519
NOS1,m00,mut_s1,detail,1,109,BSQLDSQTGOZBFD-UHFFFAOYNA-N,-9.584
NOS1,m00,mut_s1,detail,1,110,ZVVCFJXCDATSCC-UHFFFAOYNA-N,-9.721
NOS1,m00,mut_s1,detail,1,111,SKEQTXZATFWVMB-UYBDAZJANA-N,-8.0
NOS1,m00,mut_s1,detail,1,112,IATWYRHDJKMBQK-MPIMZMORNA-N,-9.329
NOS1,m00,mut_s1,detail,1,113,JPWOEQDCUZCWKT-MPIMZMORNA-N,-8.48
NOS1,m00,mut_s1,detail,1,114,RYHSAXRBHDHPPK-PKSOQXRJNA-N,-8.809
NOS1,m00,mut_s1,detail,1,115,GKKJWUFVZJJFPG-MPIMZMORNA-N,-8.975
NOS1,m00,mut_s1,detail,1,116,FDNZXFDUCINVLY-BDGWVKIONA-N,-9.061
NOS1,m00,mut_s1,detail,1,117,KTBYKHKWIFIFAK-UHFFFAOYNA-N,-11.861
NOS1,m00,mut_s1,detail,1,118,ZRXZEWGUECXTTQ-LQFNOIFHNA-N,-9.022
NOS1,m00,mut_s1,detail,1,119,XNACBBGLIAJNJM-PECIQRARNA-N,-9.027
NOS1,m00,mut_s1,detail,1,120,WQZYYJRVBIQUGH-YWZOXAELNA-N,-9.077
NOS1,m00,mut_s1,detail,1,121,ABMSRNRLDZVJFV-SWUIVHNENA-N,-8.579
NOS1,m00,mut_s1,detail,1,122,ZEACBIUBSOLEGW-QAITUMOCNA-N,-11.46
NOS1,m00,mut_s1,detail,1,123,UBFCDXVLKFOOGL-OKPOJWAQNA-N,-8.603
NOS1,m00,mut_s1,detail,1,124,RRIHVAFUFDANEX-NSJMMFDCNA-N,-11.138
NOS1,m00,mut_s1,detail,1,125,HASIAUWPWKTSBW-SREBMQDQNA-N,-8.869
NOS1,m00,mut_s1,detail,1,126,WHBCKYHTCHCHAY-LQFNOIFHNA-N,-10.218
NOS1,m00,mut_s1,detail,1,127,XMAYWYJOQHXEEK-JYFHCDHNNA-N,-9.815
NOS1,m00,mut_s1,detail,1,128,TVKCFCZANTZCSU-OYRHEFFENA-N,-10.307
NOS1,m00,mut_s1,detail,1,129,OJFIIUWPOHBVMH-LNNLXFCONA-N,-8.448
NOS1,m00,mut_s1,detail,1,130,DKLZMGFTGWKNCD-DIRLUKLVNA-N,-9.974
NOS1,m00,mut_s1,detail,1,131,PYSLGWZFRQWTDD-PWIKPTQSNA-N,-9.871
NOS1,m00,mut_s1,detail,1,132,MWMBIUUYBQWKJX-QTUCRYGENA-N,-10.171
NOS1,m00,mut_s1,detail,1,133,FLYQFCXTEFTSQN-UHFFFAOYNA-N,-9.301
NOS1,m00,mut_s1,detail,1,134,PBIBDSDWIMZYDT-WBWGZOKWNA-N,-10.169
NOS1,m00,mut_s1,detail,1,135,GSRWMFGBDLHGBU-YEFLILRRNA-N,-9.864
NOS1,m00,mut_s1,detail,1,136,AYIJJQHMZAEQKE-QDAGQJSJNA-N,-11.161
NOS1,m00,mut_s1,detail,1,137,JVWTZUKPDMRNDC-FSAKADSPNA-N,-9.887
NOS1,m00,mut_s1,detail,1,138,XAZPLOLSRXZDBO-LBZABMTDNA-N,-9.473
NOS1,m00,mut_s1,detail,1,139,RGWVFJBNHCWCTL-CFEGKOCINA-N,-9.775
NOS1,m00,mut_s1,detail,1,140,YYWNRQZCPIMCAK-UHFFFAOYNA-N,-9.513
NOS1,m00,mut_s1,detail,1,141,PBTZDKNKXRSZPM-XBXBPLPCNA-N,-10.429
NOS1,m00,mut_s1,detail,1,142,QQPOIMHFFPBDQM-LELJVTLKNA-N,-8.287
NOS1,m00,mut_s1,detail,1,143,NYFQURFFDGCBCB-MAQJPOOANA-N,-9.349
NOS1,m00,mut_s1,detail,1,144,HXZVHWHABLBWBS-MTTPVDACNA-N,-11.124
NOS1,m00,mut_s1,detail,1,145,IWYYSOJWYLZKLK-LELJVTLKNA-N,-8.761
NOS1,m00,mut_s1,detail,1,146,HOGUCNPGZXMBGW-UHFFFAOYNA-N,-9.529
NOS1,m00,mut_s1,detail,1,147,VITUDJAVASFPKN-DUFUIDNCNA-N,-9.688
NOS1,m00,mut_s1,detail,1,148,IXAHDCRYEUYPBG-SCXYCHFONA-N,-10.837
NOS1,m00,mut_s1,detail,1,149,JWHMEKMLAZQDNS-OZMOGHDGNA-N,-8.828
NOS1,m00,mut_s1,detail,1,150,BZWNBTIJLRHNDZ-LBOYIXSDNA-N,-9.856
NOS1,m00,mut_s1,detail,1,151,RECYROBESYRUML-UHFFFAOYNA-N,-10.265
NOS1,m00,mut_s1,detail,1,152,MLDSJJJLQRZNKW-UHBIVWOUNA-N,-10.395
NOS1,m00,mut_s1,detail,1,153,XTWIHJARHCYNFX-PHXLCVRDNA-N,-8.925
NOS1,m00,mut_s1,detail,1,154,UQGFETVWTRDGKJ-UHFFFAOYNA-N,-8.293
NOS1,m00,mut_s1,detail,1,155,VJFSMDWEMFOWDK-CYSPOYASNA-N,-10.504
NOS1,m00,mut_s1,detail,1,156,NZYLXYBIWNIAGH-CYSPOYASNA-N,-10.398
NOS1,m00,mut_s1,detail,1,157,ODXCWFOKLBJQNP-MPIMZMORNA-N,-8.958
NOS1,m00,mut_s1,detail,1,158,FVDNMAPPDSKXKQ-UHFFFAOYNA-N,-10.721
NOS1,m00,mut_s1,detail,1,159,DOPWMPRIRWTOOD-CCHPKIMANA-N,-9.511
NOS1,m01,mut_s1,detail,1,0,URVMSYHISUZXNH-UYBDAZJANA-N,-8.321
NOS1,m01,mut_s1,detail,1,1,KXRPCFINVWWFHQ-UHFFFAOYNA-N,-5.09
NOS1,m01,mut_s1,detail,1,2,NICJTSHRYBTHAS-YHMJCDSINA-N,-7.537
NOS1,m01,mut_s1,detail,1,3,SWRZVDTZHDWPDS-AWIDAIFANA-N,-7.123
NOS1,m01,mut_s1,detail,1,4,RKNSLLSUFWWYCA-UHFFFAOYNA-N,-8.626
NOS1,m01,mut_s1,detail,1,5,OZFSIKFTRRUDES-RIYZIHGNNA-N,-6.013
NOS1,m01,mut_s1,detail,1,6,AAGGUCRASUJPPN-UHFFFAOYNA-N,-7.538
NOS1,m01,mut_s1,detail,1,7,OYHXDPMAFYHDNG-YAQRNVERNA-N,-7.656
NOS1,m01,mut_s1,detail,1,8,AWILWAIEQYZUEQ-UHFFFAOYNA-N,-7.711
NOS1,m01,mut_s1,detail,1,9,WSFAXHLMQUUHQT-VMPITWQZNA-N,-6.782
NOS1,m01,mut_s1,detail,1,10,WPHMTVNOXKBZKN-UHFFFAOYNA-N,-7.598
NOS1,m01,mut_s1,detail,1,11,LPEIZNODGHDCCW-UHFFFAOYNA-N,-6.616
NOS1,m01,mut_s1,detail,1,12,QQHWWDVSRWOHEP-LILDFLRNNA-N,-8.438
NOS1,m01,mut_s1,detail,1,13,UMEVSSPGBFVQNC-UHFFFAOYNA-N,-5.165
NOS1,m01,mut_s1,detail,1,14,VZDIOEKWWZRNQN-UHFFFAOYNA-N,-8.497
NOS1,m01,mut_s1,detail,1,15,JEVLDOUORFAHRS-NDKGDYFDNA-N,-7.658
NOS1,m01,mut_s1,detail,1,16,NFTGJNJRMWUBPG-GPQMBLKYNA-N,-6.932
NOS1,m01,mut_s1,detail,1,17,UMUUTEZBWGDVDA-UHFFFAOYNA-N,-8.278
NOS1,m01,mut_s1,detail,1,18,VLQKEPLNPGYNDJ-HCKMINDGNA-N,-7.282
NOS1,m01,mut_s1,detail,1,19,PPMVTAATPZLMJM-CDDDEJBQNA-N,-9.187
NOS1,m01,mut_s1,detail,1,20,AHLYFAKLKLMESK-YAQRNVERNA-N,-7.498
NOS1,m01,mut_s1,detail,1,21,GYEJYLAGVWRSIM-KGJHZMDYNA-N,-7.138
NOS1,m01,mut_s1,detail,1,22,RXVALSLAUOIYLW-UHFFFAOYNA-N,-6.687
NOS1,m01,mut_s1,detail,1,23,NSELYIFATLFDOZ-JLGFQASFNA-N,-8.094
NOS1,m01,mut_s1,detail,1,24,COQFBYACOHFCEC-UHFFFAOYNA-N,-7.012
NOS1,m01,mut_s1,detail,1,25,CJGJXFCLDYQBFQ-YJGXKCCXNA-N,-8.738
NOS1,m01,mut_s1,detail,1,26,BWNGRRJLFYHENY-INIZCTEONA-N,-7.345
NOS1,m01,mut_s1,detail,1,27,BNRFXWSJKVJVOF-UYBDAZJANA-N,-8.888
NOS1,m01,mut_s1,detail,1,28,DMULMZBZVBBWBY-PJZINPJWNA-N,-7.946
NOS1,m01,mut_s1,detail,1,29,AXLAIGJGNKHDPO-UHFFFAOYNA-N,-5.504
NOS1,m01,mut_s1,detail,1,30,RKDGAONZEPYEBT-WXRBYKJCNA-N,-8.418
NOS1,m01,mut_s1,detail,1,31,MBOYDUZSCSNUQL-MBBDSNKKNA-N,-7.642
NOS1,m01,mut_s1,detail,1,32,KPVDBHRTXOFQDK-YAQRNVERNA-N,-6.868
NOS1,m01,mut_s1,detail,1,33,LVCNFMYUKISBSB-VJSNTGQMNA-N,-8.053
NOS1,m01,mut_s1,detail,1,34,XLAHCIRKLMJUQC-DZQCGVKKNA-N,-8.758
NOS1,m01,mut_s1,detail,1,35,QNYHDABGLCBJOE-SHHGZXMVNA-N,-7.301
NOS1,m01,mut_s1,detail,1,36,HEKNRISBWSPMOG-OWTLIXCDNA-N,-6.599
NOS1,m01,mut_s1,detail,1,37,VIRNXCRLEVZXNX-LILDFLRNNA-N,-8.946
NOS1,m01,mut_s1,detail,1,38,SRTGERSEXJGDMR-UHFFFAOYNA-N,-7.636
NOS1,m01,mut_s1,detail,1,39,ZGMGSSRLZJYOKH-WXRBYKJCNA-N,-7.904
NOS1,m01,mut_s1,detail,1,40,VGYFDFRFGHHCDA-CUTUCBJDNA-N,-9.338
NOS1,m01,mut_s1,detail,1,41,DILPMLYWQJPNLO-HCKMINDGNA-N,-9.489
NOS1,m01,mut_s1,detail,1,42,RSOODJIGEVJLMK-LQFNOIFHNA-N,-8.125
NOS1,m01,mut_s1,detail,1,43,OWHHWMUAYBIQPR-UHFFFAOYNA-N,-8.288
NOS1,m01,mut_s1,detail,1,44,KPIKMVZJKZDOFC-UHFFFAOYNA-N,-7.906
NOS1,m01,mut_s1,detail,1,45,DIKDKRUREJXLMR-DPMTXJEANA-N,-8.315
NOS1,m01,mut_s1,detail,1,46,QRVJDPKQHAVBDK-UYBDAZJANA-N,-8.052
NOS1,m01,mut_s1,detail,1,47,SGBSFKSDPWOALT-UYBDAZJANA-N,-7.491
NOS1,m01,mut_s1,detail,1,48,CYHFRNFVZWVHCG-OTJKMEOQNA-N,-9.431
NOS1,m01,mut_s1,detail,1,49,MJUDQDHXCQONOA-MPIMZMORNA-N,-9.647
NOS1,m01,mut_s1,detail,1,50,RNVYRNLUUYNQAS-PKSOQXRJNA-N,-9.157
NOS1,m01,mut_s1,detail,1,51,DLZXOZYETDVJEB-QWOVJGMINA-N,-7.218
NOS1,m01,mut_s1,detail,1,52,HSICVZRDGBJSEL-GPQMBLKYNA-N,-8.722
NOS1,m01,mut_s1,detail,1,53,HMRUHHFLIMYEAF-QNGOCPJXNA-N,-7.182
NOS1,m01,mut_s1,detail,1,54,ZZOWQPSBJUXHCA-YSPRVCGUNA-N,-7.575
NOS1,m01,mut_s1,detail,1,55,WDDJLHOUFWSQSV-UHFFFAOYNA-N,-9.244
NOS1,m01,mut_s1,detail,1,56,UKLIIGXGTPSYBF-IBCWCQIKNA-N,-7.669
NOS1,m01,mut_s1,detail,1,57,LNPOBRXJZYGQMS-MOHJPFBDNA-N,-7.954
NOS1,m01,mut_s1,detail,1,58,FYILBFPPKIZBTO-UHFFFAOYNA-N,-7.789
NOS1,m01,mut_s1,detail,1,59,MIKIJFODTJGFDI-LILDFLRNNA-N,-8.514
NOS1,m01,mut_s1,detail,1,60,RUWCNSLWWCWTSU-LILDFLRNNA-N,-8.099
NOS1,m01,mut_s1,detail,1,61,KLQWCHKIQJHYIB-UHFFFAOYNA-N,-10.032
NOS1,m01,mut_s1,detail,1,62,QKAWGENQCGFAOE-NPVYFSBINA-N,-8.416
NOS1,m01,mut_s1,detail,1,63,KGOKCBRZBBEYBE-MMRXBHCZNA-N,-8.987
NOS1,m01,mut_s1,detail,1,64,ROFRXCLSWKEWTN-UHFFFAOYNA-N,-7.491
NOS1,m01,mut_s1,detail,1,65,AKRMJNKLSCBEME-FPYGCLRLNA-N,-7.397
NOS1,m01,mut_s1,detail,1,66,LCGJUJZLLYTYIF-XMFFZCEENA-N,-8.793
NOS1,m01,mut_s1,detail,1,67,FREQNFSEYLEFOI-QRCVEOAVNA-N,-7.375
NOS1,m01,mut_s1,detail,1,68,MHMINAYLMNBGSM-UHFFFAOYNA-N,-6.339
NOS1,m01,mut_s1,detail,1,69,SYMNTBHEGHFZMV-UHFFFAOYNA-N,-8.138
NOS1,m01,mut_s1,detail,1,70,NNCRWGMPCGSKOO-LILDFLRNNA-N,-7.879
NOS1,m01,mut_s1,detail,1,71,ZCRRNCCNJMRGFI-UHFFFAOYNA-N,-8.205
NOS1,m01,mut_s1,detail,1,72,PYVZEIBGEUQNQQ-UHFFFAOYNA-N,-9.712
NOS1,m01,mut_s1,detail,1,73,OROJQWVRCGJACT-XBTAAFKLNA-N,-8.587
NOS1,m01,mut_s1,detail,1,74,TXYUWXKCUDOUGU-JLGFQASFNA-N,-8.24
NOS1,m01,mut_s1,detail,1,75,LAZANALODSEDSE-UHFFFAOYNA-N,-7.62
NOS1,m01,mut_s1,detail,1,76,RJXCYVJLXGRCHK-UHFFFAOYNA-N,-9.863
NOS1,m01,mut_s1,detail,1,77,FUSKIBWHJAWEFI-IEJAXPBYNA-N,-8.78
NOS1,m01,mut_s1,detail,1,78,SGWVLOCBQLQWQV-UHFFFAOYNA-N,-7.691
NOS1,m01,mut_s1,detail,1,79,PPXRQTYXLZCDAZ-QWOVJGMINA-N,-8.705
NOS1,m01,mut_s1,detail,1,80,DIFBADFWLVYFHV-LELJVTLKNA-N,-8.61
NOS1,m01,mut_s1,detail,1,81,XREOSEVJCQGCHE-MHPMNMKGNA-N,-9.624
NOS1,m01,mut_s1,detail,1,82,ZHGPKHBXSKWZEQ-UHFFFAOYNA-N,-7.626
NOS1,m01,mut_s1,detail,1,83,ZFAYPJJNPSNAFK-UHFFFAOYNA-N,-8.243
NOS1,m01,mut_s1,detail,1,84,LTXMRAGWIDQTQT-MYUTVWBTNA-N,-9.163
NOS1,m01,mut_s1,detail,1,85,VXQHYHSSGLOALC-SPEPDGBUNA-N,-9.034
NOS1,m01,mut_s1,detail,1,86,KWDSFRAWCISROF-PJQSKVNONA-N,-8.92
NOS1,m01,mut_s1,detail,1,87,ZJZXSQPHUQUHIV-ZGZFQTMPNA-N,-9.533
NOS1,m01,mut_s1,detail,1,88,UYHIVPBYFWVWEJ-UHFFFAOYNA-N,-8.688
NOS1,m01,mut_s1,detail,1,89,PLEFJSUCKRWHBY-LNNLXFCONA-N,-8.515
NOS1,m01,mut_s1,detail,1,90,DNSRQCRQLKJUCC-PDJAEHLQNA-N,-8.925
NOS1,m01,mut_s1,detail,1,91,PHYKZCBUNVYJNH-YDBXFXKPNA-N,-7.225
NOS1,m01,mut_s1,detail,1,92,OOUHZBUAVKCDGA-UHFFFAOYNA-N,-8.133
NOS1,m01,mut_s1,detail,1,93,UUQDFZFJDFMLHW-UHFFFAOYNA-N,-8.054
NOS1,m01,mut_s1,detail,1,94,OOUDDHNLDLLUOL-SKKVRFOWNA-N,-7.893
NOS1,m01,mut_s1,detail,1,95,ZDMQSUAMTLXUTE-MPIMZMORNA-N,-9.984
NOS1,m01,mut_s1,detail,1,96,NMPLPABDEKPABN-UHFFFAOYNA-N,-8.354
NOS1,m01,mut_s1,detail,1,97,INZRHGSVWGRHBM-NPVYFSBINA-N,-10.114
NOS1,m01,mut_s1,detail,1,98,RVGCWMKVTAEQIH-LNNLXFCONA-N,-9.398
NOS1,m01,mut_s1,detail,1,99,VRXWKRQOVMZBAF-LJQANCHMNA-N,-7.813
NOS1,m01,mut_s1,detail,1,100,QACLWOIBBYOHQP-UYBDAZJANA-N,-8.777
NOS1,m01,mut_s1,detail,1,101,ZNXSZVFPCBIELQ-LNNLXFCONA-N,-7.84
NOS1,m01,mut_s1,detail,1,102,GKMWCCNMKRSQHR-VEKUMTKDNA-N,-9.063
NOS1,m01,mut_s1,detail,1,103,FFGUSRSMWFYKGK-SKKVRFOWNA-N,-8.236
NOS1,m01,mut_s1,detail,1,104,KXBDDGKXLZBLOM-SPEPDGBUNA-N,-8.142
NOS1,m01,mut_s1,detail,1,105,MIUWULAZCXYTJW-MSHHZIMBNA-N,-9.402
NOS1,m01,mut_s1,detail,1,106,JPZOYWVRFLZCIC-NJNXFGOHNA-N,-8.932
NOS1,m01,mut_s1,detail,1,107,FAIQTLBYDVKBAB-DVIAZDKANA-N,-7.898
NOS1,m01,mut_s1,detail,1,108,APFLRZZAOXCNAZ-UHFFFAOYNA-N,-9.738
NOS1,m01,mut_s1,detail,1,109,BSQLDSQTGOZBFD-UHFFFAOYNA-N,-8.347
NOS1,m01,mut_s1,detail,1,110,ZVVCFJXCDATSCC-UHFFFAOYNA-N,-8.321
NOS1,m01,mut_s1,detail,1,111,SKEQTXZATFWVMB-UYBDAZJANA-N,-7.073
NOS1,m01,mut_s1,detail,1,112,IATWYRHDJKMBQK-MPIMZMORNA-N,-7.974
NOS1,m01,mut_s1,detail,1,113,JPWOEQDCUZCWKT-MPIMZMORNA-N,-7.014
NOS1,m01,mut_s1,detail,1,114,RYHSAXRBHDHPPK-PKSOQXRJNA-N,-8.116
NOS1,m01,mut_s1,detail,1,115,GKKJWUFVZJJFPG-MPIMZMORNA-N,-8.065
NOS1,m01,mut_s1,detail,1,116,FDNZXFDUCINVLY-BDGWVKIONA-N,-8.883
NOS1,m01,mut_s1,detail,1,117,KTBYKHKWIFIFAK-UHFFFAOYNA-N,-9.205
NOS1,m01,mut_s1,detail,1,118,ZRXZEWGUECXTTQ-LQFNOIFHNA-N,-8.215
NOS1,m01,mut_s1,detail,1,119,XNACBBGLIAJNJM-PECIQRARNA-N,-7.105
NOS1,m01,mut_s1,detail,1,120,WQZYYJRVBIQUGH-YWZOXAELNA-N,-9.291
NOS1,m01,mut_s1,detail,1,121,ABMSRNRLDZVJFV-SWUIVHNENA-N,-8.754
NOS1,m01,mut_s1,detail,1,122,ZEACBIUBSOLEGW-QAITUMOCNA-N,-11.205
NOS1,m01,mut_s1,detail,1,123,UBFCDXVLKFOOGL-OKPOJWAQNA-N,-8.948
NOS1,m01,mut_s1,detail,1,124,RRIHVAFUFDANEX-NSJMMFDCNA-N,-8.259
NOS1,m01,mut_s1,detail,1,125,HASIAUWPWKTSBW-SREBMQDQNA-N,-7.73
NOS1,m01,mut_s1,detail,1,126,WHBCKYHTCHCHAY-LQFNOIFHNA-N,-9.407
NOS1,m01,mut_s1,detail,1,127,XMAYWYJOQHXEEK-JYFHCDHNNA-N,-8.62
NOS1,m01,mut_s1,detail,1,128,TVKCFCZANTZCSU-OYRHEFFENA-N,-8.45
NOS1,m01,mut_s1,detail,1,129,OJFIIUWPOHBVMH-LNNLXFCONA-N,-7.519
NOS1,m01,mut_s1,detail,1,130,DKLZMGFTGWKNCD-DIRLUKLVNA-N,-9.294
NOS1,m01,mut_s1,detail,1,131,PYSLGWZFRQWTDD-PWIKPTQSNA-N,-9.465
NOS1,m01,mut_s1,detail,1,132,MWMBIUUYBQWKJX-QTUCRYGENA-N,-9.3
NOS1,m01,mut_s1,detail,1,133,FLYQFCXTEFTSQN-UHFFFAOYNA-N,-8.683
NOS1,m01,mut_s1,detail,1,134,PBIBDSDWIMZYDT-WBWGZOKWNA-N,-8.706
NOS1,m01,mut_s1,detail,1,135,GSRWMFGBDLHGBU-YEFLILRRNA-N,-8.707
NOS1,m01,mut_s1,detail,1,136,AYIJJQHMZAEQKE-QDAGQJSJNA-N,-7.722
NOS1,m01,mut_s1,detail,1,137,JVWTZUKPDMRNDC-FSAKADSPNA-N,-8.98
NOS1,m01,mut_s1,detail,1,138,XAZPLOLSRXZDBO-LBZABMTDNA-N,-7.551
NOS1,m01,mut_s1,detail,1,139,RGWVFJBNHCWCTL-CFEGKOCINA-N,-9.323
NOS1,m01,mut_s1,detail,1,140,YYWNRQZCPIMCAK-UHFFFAOYNA-N,-7.905
NOS1,m01,mut_s1,detail,1,141,PBTZDKNKXRSZPM-XBXBPLPCNA-N,-8.703
NOS1,m01,mut_s1,detail,1,142,QQPOIMHFFPBDQM-LELJVTLKNA-N,-7.506
NOS1,m01,mut_s1,detail,1,143,NYFQURFFDGCBCB-MAQJPOOANA-N,-7.901
NOS1,m01,mut_s1,detail,1,144,HXZVHWHABLBWBS-MTTPVDACNA-N,-9.784
NOS1,m01,mut_s1,detail,1,145,IWYYSOJWYLZKLK-LELJVTLKNA-N,-8.536
NOS1,m01,mut_s1,detail,1,146,HOGUCNPGZXMBGW-UHFFFAOYNA-N,-8.856
NOS1,m01,mut_s1,detail,1,147,VITUDJAVASFPKN-DUFUIDNCNA-N,-8.248
NOS1,m01,mut_s1,detail,1,148,IXAHDCRYEUYPBG-SCXYCHFONA-N,-9.095
NOS1,m01,mut_s1,detail,1,149,JWHMEKMLAZQDNS-OZMOGHDGNA-N,-7.819
NOS1,m01,mut_s1,detail,1,150,BZWNBTIJLRHNDZ-LBOYIXSDNA-N,-9.709
NOS1,m01,mut_s1,detail,1,151,RECYROBESYRUML-UHFFFAOYNA-N,-8.584
NOS1,m01,mut_s1,detail,1,152,MLDSJJJLQRZNKW-UHBIVWOUNA-N,-9.715
NOS1,m01,mut_s1,detail,1,153,XTWIHJARHCYNFX-PHXLCVRDNA-N,-7.82
NOS1,m01,mut_s1,detail,1,154,UQGFETVWTRDGKJ-UHFFFAOYNA-N,-7.835
NOS1,m01,mut_s1,detail,1,155,VJFSMDWEMFOWDK-CYSPOYASNA-N,-9.511
NOS1,m01,mut_s1,detail,1,156,NZYLXYBIWNIAGH-CYSPOYASNA-N,-8.773
NOS1,m01,mut_s1,detail,1,157,ODXCWFOKLBJQNP-MPIMZMORNA-N,-8.446
NOS1,m01,mut_s1,detail,1,158,FVDNMAPPDSKXKQ-UHFFFAOYNA-N,-9.318
NOS1,m01,mut_s1,detail,1,159,DOPWMPRIRWTOOD-CCHPKIMANA-N,-8.28
NOS1,m02,mut_s1,detail,1,0,URVMSYHISUZXNH-UYBDAZJANA-N,-8.478
NOS1,m02,mut_s1,detail,1,1,KXRPCFINVWWFHQ-UHFFFAOYNA-N,-5.047
NOS1,m02,mut_s1,detail,1,2,NICJTSHRYBTHAS-YHMJCDSINA-N,-7.648
NOS1,m02,mut_s1,detail,1,3,SWRZVDTZHDWPDS-AWIDAIFANA-N,-8.652
NOS1,m02,mut_s1,detail,1,4,RKNSLLSUFWWYCA-UHFFFAOYNA-N,-9.506
NOS1,m02,mut_s1,detail,1,5,OZFSIKFTRRUDES-RIYZIHGNNA-N,-6.204
NOS1,m02,mut_s1,detail,1,6,AAGGUCRASUJPPN-UHFFFAOYNA-N,-7.306
NOS1,m02,mut_s1,detail,1,7,OYHXDPMAFYHDNG-YAQRNVERNA-N,-7.627
NOS1,m02,mut_s1,detail,1,8,AWILWAIEQYZUEQ-UHFFFAOYNA-N,-6.894
NOS1,m02,mut_s1,detail,1,9,WSFAXHLMQUUHQT-VMPITWQZNA-N,-6.92
NOS1,m02,mut_s1,detail,1,10,WPHMTVNOXKBZKN-UHFFFAOYNA-N,-7.685
NOS1,m02,mut_s1,detail,1,11,LPEIZNODGHDCCW-UHFFFAOYNA-N,-6.186
NOS1,m02,mut_s1,detail,1,12,QQHWWDVSRWOHEP-LILDFLRNNA-N,-8.703
NOS1,m02,mut_s1,detail,1,13,UMEVSSPGBFVQNC-UHFFFAOYNA-N,-6.955
NOS1,m02,mut_s1,detail,1,14,VZDIOEKWWZRNQN-UHFFFAOYNA-N,-7.644
NOS1,m02,mut_s1,detail,1,15,JEVLDOUORFAHRS-NDKGDYFDNA-N,-7.778
NOS1,m02,mut_s1,detail,1,16,NFTGJNJRMWUBPG-GPQMBLKYNA-N,-6.896
NOS1,m02,mut_s1,detail,1,17,UMUUTEZBWGDVDA-UHFFFAOYNA-N,-8.331
NOS1,m02,mut_s1,detail,1,18,VLQKEPLNPGYNDJ-HCKMINDGNA-N,-7.766
NOS1,m02,mut_s1,detail,1,19,PPMVTAATPZLMJM-CDDDEJBQNA-N,-9.208
NOS1,m02,mut_s1,detail,1,20,AHLYFAKLKLMESK-YAQRNVERNA-N,-7.304
NOS1,m02,mut_s1,detail,1,21,GYEJYLAGVWRSIM-KGJHZMDYNA-N,-7.022
NOS1,m02,mut_s1,detail,1,22,RXVALSLAUOIYLW-UHFFFAOYNA-N,-6.644
NOS1,m02,mut_s1,detail,1,23,NSELYIFATLFDOZ-JLGFQASFNA-N,-8.865
NOS1,m02,mut_s1,detail,1,24,COQFBYACOHFCEC-UHFFFAOYNA-N,-7.779
NOS1,m02,mut_s1,detail,1,25,CJGJXFCLDYQBFQ-YJGXKCCXNA-N,-8.675
NOS1,m02,mut_s1,detail,1,26,BWNGRRJLFYHENY-INIZCTEONA-N,-7.126
NOS1,m02,mut_s1,detail,1,27,BNRFXWSJKVJVOF-UYBDAZJANA-N,-8.943
NOS1,m02,mut_s1,detail,1,28,DMULMZBZVBBWBY-PJZINPJWNA-N,-8.066
NOS1,m02,mut_s1,detail,1,29,AXLAIGJGNKHDPO-UHFFFAOYNA-N,-6.412
NOS1,m02,mut_s1,detail,1,30,RKDGAONZEPYEBT-WXRBYKJCNA-N,-8.241
NOS1,m02,mut_s1,detail,1,31,MBOYDUZSCSNUQL-MBBDSNKKNA-N,-7.643
NOS1,m02,mut_s1,detail,1,32,KPVDBHRTXOFQDK-YAQRNVERNA-N,-6.83
NOS1,m02,mut_s1,detail,1,33,LVCNFMYUKISBSB-VJSNTGQMNA-N,-7.996
NOS1,m02,mut_s1,detail,1,34,XLAHCIRKLMJUQC-DZQCGVKKNA-N,-9.252
NOS1,m02,mut_s1,detail,1,35,QNYHDABGLCBJOE-SHHGZXMVNA-N,-8.49
NOS1,m02,mut_s1,detail,1,36,HEKNRISBWSPMOG-OWTLIXCDNA-N,-6.773
NOS1,m02,mut_s1,detail,1,37,VIRNXCRLEVZXNX-LILDFLRNNA-N,-9.354
NOS1,m02,mut_s1,detail,1,38,SRTGERSEXJGDMR-UHFFFAOYNA-N,-7.565
NOS1,m02,mut_s1,detail,1,39,ZGMGSSRLZJYOKH-WXRBYKJCNA-N,-7.693
NOS1,m02,mut_s1,detail,1,40,VGYFDFRFGHHCDA-CUTUCBJDNA-N,-9.395
NOS1,m02,mut_s1,detail,1,41,DILPMLYWQJPNLO-HCKMINDGNA-N,-9.645
NOS1,m02,mut_s1,detail,1,42,RSOODJIGEVJLMK-LQFNOIFHNA-N,-9.666
NOS1,m02,mut_s1,detail,1,43,OWHHWMUAYBIQPR-UHFFFAOYNA-N,-8.836
NOS1,m02,mut_s1,detail,1,44,KPIKMVZJKZDOFC-UHFFFAOYNA-N,-8.502
NOS1,m02,mut_s1,detail,1,45,DIKDKRUREJXLMR-DPMTXJEANA-N,-8.398
NOS1,m02,mut_s1,detail,1,46,QRVJDPKQHAVBDK-UYBDAZJANA-N,-7.495
NOS1,m02,mut_s1,detail,1,47,SGBSFKSDPWOALT-UYBDAZJANA-N,-7.603
NOS1,m02,mut_s1,detail,1,48,CYHFRNFVZWVHCG-OTJKMEOQNA-N,-8.199
NOS1,m02,mut_s1,detail,1,49,MJUDQDHXCQONOA-MPIMZMORNA-N,-8.896
NOS1,m02,mut_s1,detail,1,50,RNVYRNLUUYNQAS-PKSOQXRJNA-N,-8.571
NOS1,m02,mut_s1,detail,1,51,DLZXOZYETDVJEB-QWOVJGMINA-N,-7.81
NOS1,m02,mut_s1,detail,1,52,HSICVZRDGBJSEL-GPQMBLKYNA-N,-8.311
NOS1,m02,mut_s1,detail,1,53,HMRUHHFLIMYEAF-QNGOCPJXNA-N,-8.142
NOS1,m02,mut_s1,detail,1,54,ZZOWQPSBJUXHCA-YSPRVCGUNA-N,-7.926
NOS1,m02,mut_s1,detail,1,55,WDDJLHOUFWSQSV-UHFFFAOYNA-N,-8.727
NOS1,m02,mut_s1,detail,1,56,UKLIIGXGTPSYBF-IBCWCQIKNA-N,-7.939
NOS1,m02,mut_s1,detail,1,57,LNPOBRXJZYGQMS-MOHJPFBDNA-N,-7.849
NOS1,m02,mut_s1,detail,1,58,FYILBFPPKIZBTO-UHFFFAOYNA-N,-7.615
NOS1,m02,mut_s1,detail,1,59,MIKIJFODTJGFDI-LILDFLRNNA-N,-8.223
NOS1,m02,mut_s1,detail,1,60,RUWCNSLWWCWTSU-LILDFLRNNA-N,-9.609
NOS1,m02,mut_s1,detail,1,61,KLQWCHKIQJHYIB-UHFFFAOYNA-N,-9.168
NOS1,m02,mut_s1,detail,1,62,QKAWGENQCGFAOE-NPVYFSBINA-N,-7.717
NOS1,m02,mut_s1,detail,1,63,KGOKCBRZBBEYBE-MMRXBHCZNA-N,-10.338
NOS1,m02,mut_s1,detail,1,64,ROFRXCLSWKEWTN-UHFFFAOYNA-N,-7.541
NOS1,m02,mut_s1,detail,1,65,AKRMJNKLSCBEME-FPYGCLRLNA-N,-8.213
NOS1,m02,mut_s1,detail,1,66,LCGJUJZLLYTYIF-XMFFZCEENA-N,-8.818
NOS1,m02,mut_s1,detail,1,67,FREQNFSEYLEFOI-QRCVEOAVNA-N,-8.005
NOS1,m02,mut_s1,detail,1,68,MHMINAYLMNBGSM-UHFFFAOYNA-N,-6.997
NOS1,m02,mut_s1,detail,1,69,SYMNTBHEGHFZMV-UHFFFAOYNA-N,-8.755
NOS1,m02,mut_s1,detail,1,70,NNCRWGMPCGSKOO-LILDFLRNNA-N,-8.253
NOS1,m02,mut_s1,detail,1,71,ZCRRNCCNJMRGFI-UHFFFAOYNA-N,-8.597
NOS1,m02,mut_s1,detail,1,72,PYVZEIBGEUQNQQ-UHFFFAOYNA-N,-8.739
NOS1,m02,mut_s1,detail,1,73,OROJQWVRCGJACT-XBTAAFKLNA-N,-8.889
NOS1,m02,mut_s1,detail,1,74,TXYUWXKCUDOUGU-JLGFQASFNA-N,-7.85
NOS1,m02,mut_s1,detail,1,75,LAZANALODSEDSE-UHFFFAOYNA-N,-8.327
NOS1,m02,mut_s1,detail,1,76,RJXCYVJLXGRCHK-UHFFFAOYNA-N,-9.932
NOS1,m02,mut_s1,detail,1,77,FUSKIBWHJAWEFI-IEJAXPBYNA-N,-8.233
NOS1,m02,mut_s1,detail,1,78,SGWVLOCBQLQWQV-UHFFFAOYNA-N,-7.669
NOS1,m02,mut_s1,detail,1,79,PPXRQTYXLZCDAZ-QWOVJGMINA-N,-8.608
NOS1,m02,mut_s1,detail,1,80,DIFBADFWLVYFHV-LELJVTLKNA-N,-9.42
NOS1,m02,mut_s1,detail,1,81,XREOSEVJCQGCHE-MHPMNMKGNA-N,-9.117
NOS1,m02,mut_s1,detail,1,82,ZHGPKHBXSKWZEQ-UHFFFAOYNA-N,-8.818
NOS1,m02,mut_s1,detail,1,83,ZFAYPJJNPSNAFK-UHFFFAOYNA-N,-8.555
NOS1,m02,mut_s1,detail,1,84,LTXMRAGWIDQTQT-MYUTVWBTNA-N,-9.587
NOS1,m02,mut_s1,detail,1,85,VXQHYHSSGLOALC-SPEPDGBUNA-N,-9.08
NOS1,m02,mut_s1,detail,1,86,KWDSFRAWCISROF-PJQSKVNONA-N,-8.975
NOS1,m02,mut_s1,detail,1,87,ZJZXSQPHUQUHIV-ZGZFQTMPNA-N,-9.288
NOS1,m02,mut_s1,detail,1,88,UYHIVPBYFWVWEJ-UHFFFAOYNA-N,-9.543
NOS1,m02,mut_s1,detail,1,89,PLEFJSUCKRWHBY-LNNLXFCONA-N,-8.974
NOS1,m02,mut_s1,detail,1,90,DNSRQCRQLKJUCC-PDJAEHLQNA-N,-8.379
NOS1,m02,mut_s1,detail,1,91,PHYKZCBUNVYJNH-YDBXFXKPNA-N,-8.081
NOS1,m02,mut_s1,detail,1,92,OOUHZBUAVKCDGA-UHFFFAOYNA-N,-7.687
NOS1,m02,mut_s1,detail,1,93,UUQDFZFJDFMLHW-UHFFFAOYNA-N,-8.159
NOS1,m02,mut_s1,detail,1,94,OOUDDHNLDLLUOL-SKKVRFOWNA-N,-9.529
NOS1,m02,mut_s1,detail,1,95,ZDMQSUAMTLXUTE-MPIMZMORNA-N,-9.098
NOS1,m02,mut_s1,detail,1,96,NMPLPABDEKPABN-UHFFFAOYNA-N,-8.248
NOS1,m02,mut_s1,detail,1,97,INZRHGSVWGRHBM-NPVYFSBINA-N,-9.378
NOS1,m02,mut_s1,detail,1,98,RVGCWMKVTAEQIH-LNNLXFCONA-N,-8.672
NOS1,m02,mut_s1,detail,1,99,VRXWKRQOVMZBAF-LJQANCHMNA-N,-9.249
NOS1,m02,mut_s1,detail,1,100,QACLWOIBBYOHQP-UYBDAZJANA-N,-8.349
NOS1,m02,mut_s1,detail,1,101,ZNXSZVFPCBIELQ-LNNLXFCONA-N,-7.645
NOS1,m02,mut_s1,detail,1,102,GKMWCCNMKRSQHR-VEKUMTKDNA-N,-9.592
NOS1,m02,mut_s1,detail,1,103,FFGUSRSMWFYKGK-SKKVRFOWNA-N,-8.631
NOS1,m02,mut_s1,detail,1,104,KXBDDGKXLZBLOM-SPEPDGBUNA-N,-8.453
NOS1,m02,mut_s1,detail,1,105,MIUWULAZCXYTJW-MSHHZIMBNA-N,-9.9
NOS1,m02,mut_s1,detail,1,106,JPZOYWVRFLZCIC-NJNXFGOHNA-N,-9.928
NOS1,m02,mut_s1,detail,1,107,FAIQTLBYDVKBAB-DVIAZDKANA-N,-8.298
NOS1,m02,mut_s1,detail,1,108,APFLRZZAOXCNAZ-UHFFFAOYNA-N,-8.669
NOS1,m02,mut_s1,detail,1,109,BSQLDSQTGOZBFD-UHFFFAOYNA-N,-8.234
NOS1,m02,mut_s1,detail,1,110,ZVVCFJXCDATSCC-UHFFFAOYNA-N,-9.127
NOS1,m02,mut_s1,detail,1,111,SKEQTXZATFWVMB-UYBDAZJANA-N,-6.474
NOS1,m02,mut_s1,detail,1,112,IATWYRHDJKMBQK-MPIMZMORNA-N,-8.361
NOS1,m02,mut_s1,detail,1,113,JPWOEQDCUZCWKT-MPIMZMORNA-N,-7.371
NOS1,m02,mut_s1,detail,1,114,RYHSAXRBHDHPPK-PKSOQXRJNA-N,-8.101
NOS1,m02,mut_s1,detail,1,115,GKKJWUFVZJJFPG-MPIMZMORNA-N,-8.816
NOS1,m02,mut_s1,detail,1,116,FDNZXFDUCINVLY-BDGWVKIONA-N,-8.375
NOS1,m02,mut_s1,detail,1,117,KTBYKHKWIFIFAK-UHFFFAOYNA-N,-9.262
NOS1,m02,mut_s1,detail,1,118,ZRXZEWGUECXTTQ-LQFNOIFHNA-N,-9.32
NOS1,m02,mut_s1,detail,1,119,XNACBBGLIAJNJM-PECIQRARNA-N,-8.609
NOS1,m02,mut_s1,detail,1,120,WQZYYJRVBIQUGH-YWZOXAELNA-N,-8.884
NOS1,m02,mut_s1,detail,1,121,ABMSRNRLDZVJFV-SWUIVHNENA-N,-8.091
NOS1,m02,mut_s1,detail,1,122,ZEACBIUBSOLEGW-QAITUMOCNA-N,-9.77
NOS1,m02,mut_s1,detail,1,123,UBFCDXVLKFOOGL-OKPOJWAQNA-N,-8.422
NOS1,m02,mut_s1,detail,1,124,RRIHVAFUFDANEX-NSJMMFDCNA-N,-8.299
NOS1,m02,mut_s1,detail,1,125,HASIAUWPWKTSBW-SREBMQDQNA-N,-9.038
NOS1,m02,mut_s1,detail,1,126,WHBCKYHTCHCHAY-LQFNOIFHNA-N,-10.025
NOS1,m02,mut_s1,detail,1,127,XMAYWYJOQHXEEK-JYFHCDHNNA-N,-8.945
NOS1,m02,mut_s1,detail,1,128,TVKCFCZANTZCSU-OYRHEFFENA-N,-9.528
NOS1,m02,mut_s1,detail,1,129,OJFIIUWPOHBVMH-LNNLXFCONA-N,-7.509
NOS1,m02,mut_s1,detail,1,130,DKLZMGFTGWKNCD-DIRLUKLVNA-N,-10.055
NOS1,m02,mut_s1,detail,1,131,PYSLGWZFRQWTDD-PWIKPTQSNA-N,-9.009
NOS1,m02,mut_s1,detail,1,132,MWMBIUUYBQWKJX-QTUCRYGENA-N,-9.927
NOS1,m02,mut_s1,detail,1,133,FLYQFCXTEFTSQN-UHFFFAOYNA-N,-9.41
NOS1,m02,mut_s1,detail,1,134,PBIBDSDWIMZYDT-WBWGZOKWNA-N,-8.625
NOS1,m02,mut_s1,detail,1,135,GSRWMFGBDLHGBU-YEFLILRRNA-N,-8.133
NOS1,m02,mut_s1,detail,1,136,AYIJJQHMZAEQKE-QDAGQJSJNA-N,-9.52
NOS1,m02,mut_s1,detail,1,137,JVWTZUKPDMRNDC-FSAKADSPNA-N,-10.397
NOS1,m02,mut_s1,detail,1,138,XAZPLOLSRXZDBO-LBZABMTDNA-N,-9.3
NOS1,m02,mut_s1,detail,1,139,RGWVFJBNHCWCTL-CFEGKOCINA-N,-9.072
NOS1,m02,mut_s1,detail,1,140,YYWNRQZCPIMCAK-UHFFFAOYNA-N,-7.092
NOS1,m02,mut_s1,detail,1,141,PBTZDKNKXRSZPM-XBXBPLPCNA-N,-9.304
NOS1,m02,mut_s1,detail,1,142,QQPOIMHFFPBDQM-LELJVTLKNA-N,-8.004
NOS1,m02,mut_s1,detail,1,143,NYFQURFFDGCBCB-MAQJPOOANA-N,-8.751
NOS1,m02,mut_s1,detail,1,144,HXZVHWHABLBWBS-MTTPVDACNA-N,-10.73
NOS1,m02,mut_s1,detail,1,145,IWYYSOJWYLZKLK-LELJVTLKNA-N,-8.234
NOS1,m02,mut_s1,detail,1,146,HOGUCNPGZXMBGW-UHFFFAOYNA-N,-8.455
NOS1,m02,mut_s1,detail,1,147,VITUDJAVASFPKN-DUFUIDNCNA-N,-8.609
NOS1,m02,mut_s1,detail,1,148,IXAHDCRYEUYPBG-SCXYCHFONA-N,-10.213
NOS1,m02,mut_s1,detail,1,149,JWHMEKMLAZQDNS-OZMOGHDGNA-N,-8.257
NOS1,m02,mut_s1,detail,1,150,BZWNBTIJLRHNDZ-LBOYIXSDNA-N,-8.256
NOS1,m02,mut_s1,detail,1,151,RECYROBESYRUML-UHFFFAOYNA-N,-8.642
NOS1,m02,mut_s1,detail,1,152,MLDSJJJLQRZNKW-UHBIVWOUNA-N,-10.28
NOS1,m02,mut_s1,detail,1,153,XTWIHJARHCYNFX-PHXLCVRDNA-N,-8.335
NOS1,m02,mut_s1,detail,1,154,UQGFETVWTRDGKJ-UHFFFAOYNA-N,-7.814
NOS1,m02,mut_s1,detail,1,155,VJFSMDWEMFOWDK-CYSPOYASNA-N,-9.81
NOS1,m02,mut_s1,detail,1,156,NZYLXYBIWNIAGH-CYSPOYASNA-N,-8.897
NOS1,m02,mut_s1,detail,1,157,ODXCWFOKLBJQNP-MPIMZMORNA-N,-7.994
NOS1,m02,mut_s1,detail,1,158,FVDNMAPPDSKXKQ-UHFFFAOYNA-N,-9.58
NOS1,m02,mut_s1,detail,1,159,DOPWMPRIRWTOOD-CCHPKIMANA-N,-9.061
NOS1,m03,mut_s1,detail,1,0,URVMSYHISUZXNH-UYBDAZJANA-N,-10.0
NOS1,m03,mut_s1,detail,1,1,KXRPCFINVWWFHQ-UHFFFAOYNA-N,-6.105
NOS1,m03,mut_s1,detail,1,2,NICJTSHRYBTHAS-YHMJCDSINA-N,-8.762
NOS1,m03,mut_s1,detail,1,3,SWRZVDTZHDWPDS-AWIDAIFANA-N,-10.228
NOS1,m03,mut_s1,detail,1,4,RKNSLLSUFWWYCA-UHFFFAOYNA-N,-9.687
NOS1,m03,mut_s1,detail,1,5,OZFSIKFTRRUDES-RIYZIHGNNA-N,-7.604
NOS1,m03,mut_s1,detail,1,6,AAGGUCRASUJPPN-UHFFFAOYNA-N,-8.304
NOS1,m03,mut_s1,detail,1,7,OYHXDPMAFYHDNG-YAQRNVERNA-N,-8.47
NOS1,m03,mut_s1,detail,1,8,AWILWAIEQYZUEQ-UHFFFAOYNA-N,-7.981
NOS1,m03,mut_s1,detail,1,9,WSFAXHLMQUUHQT-VMPITWQZNA-N,-8.769
NOS1,m03,mut_s1,detail,1,10,WPHMTVNOXKBZKN-UHFFFAOYNA-N,-7.639
NOS1,m03,mut_s1,detail,1,11,LPEIZNODGHDCCW-UHFFFAOYNA-N,-7.634
NOS1,m03,mut_s1,detail,1,12,QQHWWDVSRWOHEP-LILDFLRNNA-N,-8.907
NOS1,m03,mut_s1,detail,1,13,UMEVSSPGBFVQNC-UHFFFAOYNA-N,-6.888
NOS1,m03,mut_s1,detail,1,14,VZDIOEKWWZRNQN-UHFFFAOYNA-N,-10.092
NOS1,m03,mut_s1,detail,1,15,JEVLDOUORFAHRS-NDKGDYFDNA-N,-7.94
NOS1,m03,mut_s1,detail,1,16,NFTGJNJRMWUBPG-GPQMBLKYNA-N,-9.197
NOS1,m03,mut_s1,detail,1,17,UMUUTEZBWGDVDA-UHFFFAOYNA-N,-9.256
NOS1,m03,mut_s1,detail,1,18,VLQKEPLNPGYNDJ-HCKMINDGNA-N,-8.405
NOS1,m03,mut_s1,detail,1,19,PPMVTAATPZLMJM-CDDDEJBQNA-N,-8.888
NOS1,m03,mut_s1,detail,1,20,AHLYFAKLKLMESK-YAQRNVERNA-N,-8.072
NOS1,m03,mut_s1,detail,1,21,GYEJYLAGVWRSIM-KGJHZMDYNA-N,-8.527
NOS1,m03,mut_s1,detail,1,22,RXVALSLAUOIYLW-UHFFFAOYNA-N,-8.603
NOS1,m03,mut_s1,detail,1,23,NSELYIFATLFDOZ-JLGFQASFNA-N,-8.783
NOS1,m03,mut_s1,detail,1,24,COQFBYACOHFCEC-UHFFFAOYNA-N,-7.774
NOS1,m03,mut_s1,detail,1,25,CJGJXFCLDYQBFQ-YJGXKCCXNA-N,-8.949
NOS1,m03,mut_s1,detail,1,26,BWNGRRJLFYHENY-INIZCTEONA-N,-8.328
NOS1,m03,mut_s1,detail,1,27,BNRFXWSJKVJVOF-UYBDAZJANA-N,-9.876
NOS1,m03,mut_s1,detail,1,28,DMULMZBZVBBWBY-PJZINPJWNA-N,-9.9
NOS1,m03,mut_s1,detail,1,29,AXLAIGJGNKHDPO-UHFFFAOYNA-N,-7.95
NOS1,m03,mut_s1,detail,1,30,RKDGAONZEPYEBT-WXRBYKJCNA-N,-8.845
NOS1,m03,mut_s1,detail,1,31,MBOYDUZSCSNUQL-MBBDSNKKNA-N,-8.315
NOS1,m03,mut_s1,detail,1,32,KPVDBHRTXOFQDK-YAQRNVERNA-N,-7.131
NOS1,m03,mut_s1,detail,1,33,LVCNFMYUKISBSB-VJSNTGQMNA-N,-9.136
NOS1,m03,mut_s1,detail,1,34,XLAHCIRKLMJUQC-DZQCGVKKNA-N,-10.504
NOS1,m03,mut_s1,detail,1,35,QNYHDABGLCBJOE-SHHGZXMVNA-N,-10.273
NOS1,m03,mut_s1,detail,1,36,HEKNRISBWSPMOG-OWTLIXCDNA-N,-9.023
NOS1,m03,mut_s1,detail,1,37,VIRNXCRLEVZXNX-LILDFLRNNA-N,-11.441
NOS1,m03,mut_s1,detail,1,38,SRTGERSEXJGDMR-UHFFFAOYNA-N,-8.573
NOS1,m03,mut_s1,detail,1,39,ZGMGSSRLZJYOKH-WXRBYKJCNA-N,-7.902
NOS1,m03,mut_s1,detail,1,40,VGYFDFRFGHHCDA-CUTUCBJDNA-N,-8.941
NOS1,m03,mut_s1,detail,1,41,DILPMLYWQJPNLO-HCKMINDGNA-N,-10.066
NOS1,m03,mut_s1,detail,1,42,RSOODJIGEVJLMK-LQFNOIFHNA-N,-10.279
NOS1,m03,mut_s1,detail,1,43,OWHHWMUAYBIQPR-UHFFFAOYNA-N,-9.517
NOS1,m03,mut_s1,detail,1,44,KPIKMVZJKZDOFC-UHFFFAOYNA-N,-10.347
NOS1,m03,mut_s1,detail,1,45,DIKDKRUREJXLMR-DPMTXJEANA-N,-9.172
NOS1,m03,mut_s1,detail,1,46,QRVJDPKQHAVBDK-UYBDAZJANA-N,-8.571
NOS1,m03,mut_s1,detail,1,47,SGBSFKSDPWOALT-UYBDAZJANA-N,-9.002
NOS1,m03,mut_s1,detail,1,48,CYHFRNFVZWVHCG-OTJKMEOQNA-N,-10.355
NOS1,m03,mut_s1,detail,1,49,MJUDQDHXCQONOA-MPIMZMORNA-N,-10.055
NOS1,m03,mut_s1,detail,1,50,RNVYRNLUUYNQAS-PKSOQXRJNA-N,-9.596
NOS1,m03,mut_s1,detail,1,51,DLZXOZYETDVJEB-QWOVJGMINA-N,-8.411
NOS1,m03,mut_s1,detail,1,52,HSICVZRDGBJSEL-GPQMBLKYNA-N,-8.229
NOS1,m03,mut_s1,detail,1,53,HMRUHHFLIMYEAF-QNGOCPJXNA-N,-8.651
NOS1,m03,mut_s1,detail,1,54,ZZOWQPSBJUXHCA-YSPRVCGUNA-N,-9.104
NOS1,m03,mut_s1,detail,1,55,WDDJLHOUFWSQSV-UHFFFAOYNA-N,-11.011
NOS1,m03,mut_s1,detail,1,56,UKLIIGXGTPSYBF-IBCWCQIKNA-N,-8.559
NOS1,m03,mut_s1,detail,1,57,LNPOBRXJZYGQMS-MOHJPFBDNA-N,-10.462
NOS1,m03,mut_s1,detail,1,58,FYILBFPPKIZBTO-UHFFFAOYNA-N,-8.896
NOS1,m03,mut_s1,detail,1,59,MIKIJFODTJGFDI-LILDFLRNNA-N,-8.783
NOS1,m03,mut_s1,detail,1,60,RUWCNSLWWCWTSU-LILDFLRNNA-N,-10.214
NOS1,m03,mut_s1,detail,1,61,KLQWCHKIQJHYIB-UHFFFAOYNA-N,-10.497
NOS1,m03,mut_s1,detail,1,62,QKAWGENQCGFAOE-NPVYFSBINA-N,-8.966
NOS1,m03,mut_s1,detail,1,63,KGOKCBRZBBEYBE-MMRXBHCZNA-N,-9.683
NOS1,m03,mut_s1,detail,1,64,ROFRXCLSWKEWTN-UHFFFAOYNA-N,-7.918
NOS1,m03,mut_s1,detail,1,65,AKRMJNKLSCBEME-FPYGCLRLNA-N,-9.164
NOS1,m03,mut_s1,detail,1,66,LCGJUJZLLYTYIF-XMFFZCEENA-N,-9.417
NOS1,m03,mut_s1,detail,1,67,FREQNFSEYLEFOI-QRCVEOAVNA-N,-8.941
NOS1,m03,mut_s1,detail,1,68,MHMINAYLMNBGSM-UHFFFAOYNA-N,-8.588
NOS1,m03,mut_s1,detail,1,69,SYMNTBHEGHFZMV-UHFFFAOYNA-N,-8.497
NOS1,m03,mut_s1,detail,1,70,NNCRWGMPCGSKOO-LILDFLRNNA-N,-8.558
NOS1,m03,mut_s1,detail,1,71,ZCRRNCCNJMRGFI-UHFFFAOYNA-N,-10.487
NOS1,m03,mut_s1,detail,1,72,PYVZEIBGEUQNQQ-UHFFFAOYNA-N,-11.828
NOS1,m03,mut_s1,detail,1,73,OROJQWVRCGJACT-XBTAAFKLNA-N,-10.53
NOS1,m03,mut_s1,detail,1,74,TXYUWXKCUDOUGU-JLGFQASFNA-N,-7.649
NOS1,m03,mut_s1,detail,1,75,LAZANALODSEDSE-UHFFFAOYNA-N,-7.768
NOS1,m03,mut_s1,detail,1,76,RJXCYVJLXGRCHK-UHFFFAOYNA-N,-9.696
NOS1,m03,mut_s1,detail,1,77,FUSKIBWHJAWEFI-IEJAXPBYNA-N,-8.586
NOS1,m03,mut_s1,detail,1,78,SGWVLOCBQLQWQV-UHFFFAOYNA-N,-9.829
NOS1,m03,mut_s1,detail,1,79,PPXRQTYXLZCDAZ-QWOVJGMINA-N,-9.902
NOS1,m03,mut_s1,detail,1,80,DIFBADFWLVYFHV-LELJVTLKNA-N,-11.507
NOS1,m03,mut_s1,detail,1,81,XREOSEVJCQGCHE-MHPMNMKGNA-N,-9.7
NOS1,m03,mut_s1,detail,1,82,ZHGPKHBXSKWZEQ-UHFFFAOYNA-N,-9.793
NOS1,m03,mut_s1,detail,1,83,ZFAYPJJNPSNAFK-UHFFFAOYNA-N,-10.23
NOS1,m03,mut_s1,detail,1,84,LTXMRAGWIDQTQT-MYUTVWBTNA-N,-10.411
NOS1,m03,mut_s1,detail,1,85,VXQHYHSSGLOALC-SPEPDGBUNA-N,-10.759
NOS1,m03,mut_s1,detail,1,86,KWDSFRAWCISROF-PJQSKVNONA-N,-9.898
NOS1,m03,mut_s1,detail,1,87,ZJZXSQPHUQUHIV-ZGZFQTMPNA-N,-9.896
NOS1,m03,mut_s1,detail,1,88,UYHIVPBYFWVWEJ-UHFFFAOYNA-N,-10.094
NOS1,m03,mut_s1,detail,1,89,PLEFJSUCKRWHBY-LNNLXFCONA-N,-9.85
NOS1,m03,mut_s1,detail,1,90,DNSRQCRQLKJUCC-PDJAEHLQNA-N,-8.91
NOS1,m03,mut_s1,detail,1,91,PHYKZCBUNVYJNH-YDBXFXKPNA-N,-8.084
NOS1,m03,mut_s1,detail,1,92,OOUHZBUAVKCDGA-UHFFFAOYNA-N,-10.22
NOS1,m03,mut_s1,detail,1,93,UUQDFZFJDFMLHW-UHFFFAOYNA-N,-8.447
NOS1,m03,mut_s1,detail,1,94,OOUDDHNLDLLUOL-SKKVRFOWNA-N,-10.195
NOS1,m03,mut_s1,detail,1,95,ZDMQSUAMTLXUTE-MPIMZMORNA-N,-10.035
NOS1,m03,mut_s1,detail,1,96,NMPLPABDEKPABN-UHFFFAOYNA-N,-9.629
NOS1,m03,mut_s1,detail,1,97,INZRHGSVWGRHBM-NPVYFSBINA-N,-11.559
NOS1,m03,mut_s1,detail,1,98,RVGCWMKVTAEQIH-LNNLXFCONA-N,-10.909
NOS1,m03,mut_s1,detail,1,99,VRXWKRQOVMZBAF-LJQANCHMNA-N,-8.683
NOS1,m03,mut_s1,detail,1,100,QACLWOIBBYOHQP-UYBDAZJANA-N,-8.677
NOS1,m03,mut_s1,detail,1,101,ZNXSZVFPCBIELQ-LNNLXFCONA-N,-9.325
NOS1,m03,mut_s1,detail,1,102,GKMWCCNMKRSQHR-VEKUMTKDNA-N,-9.729
NOS1,m03,mut_s1,detail,1,103,FFGUSRSMWFYKGK-SKKVRFOWNA-N,-9.442
NOS1,m03,mut_s1,detail,1,104,KXBDDGKXLZBLOM-SPEPDGBUNA-N,-9.482
NOS1,m03,mut_s1,detail,1,105,MIUWULAZCXYTJW-MSHHZIMBNA-N,-10.463
NOS1,m03,mut_s1,detail,1,106,JPZOYWVRFLZCIC-NJNXFGOHNA-N,-11.128
NOS1,m03,mut_s1,detail,1,107,FAIQTLBYDVKBAB-DVIAZDKANA-N,-10.358
NOS1,m03,mut_s1,detail,1,108,APFLRZZAOXCNAZ-UHFFFAOYNA-N,-9.505
NOS1,m03,mut_s1,detail,1,109,BSQLDSQTGOZBFD-UHFFFAOYNA-N,-11.08
NOS1,m03,mut_s1,detail,1,110,ZVVCFJXCDATSCC-UHFFFAOYNA-N,-9.883
NOS1,m03,mut_s1,detail,1,111,SKEQTXZATFWVMB-UYBDAZJANA-N,-7.748
NOS1,m03,mut_s1,detail,1,112,IATWYRHDJKMBQK-MPIMZMORNA-N,-9.103
NOS1,m03,mut_s1,detail,1,113,JPWOEQDCUZCWKT-MPIMZMORNA-N,-8.265
NOS1,m03,mut_s1,detail,1,114,RYHSAXRBHDHPPK-PKSOQXRJNA-N,-9.693
NOS1,m03,mut_s1,detail,1,115,GKKJWUFVZJJFPG-MPIMZMORNA-N,-9.63
NOS1,m03,mut_s1,detail,1,116,FDNZXFDUCINVLY-BDGWVKIONA-N,-8.937
NOS1,m03,mut_s1,detail,1,117,KTBYKHKWIFIFAK-UHFFFAOYNA-N,-11.628
NOS1,m03,mut_s1,detail,1,118,ZRXZEWGUECXTTQ-LQFNOIFHNA-N,-10.251
NOS1,m03,mut_s1,detail,1,119,XNACBBGLIAJNJM-PECIQRARNA-N,-8.616
NOS1,m03,mut_s1,detail,1,120,WQZYYJRVBIQUGH-YWZOXAELNA-N,-9.203
NOS1,m03,mut_s1,detail,1,121,ABMSRNRLDZVJFV-SWUIVHNENA-N,-8.437
NOS1,m03,mut_s1,detail,1,122,ZEACBIUBSOLEGW-QAITUMOCNA-N,-11.147
NOS1,m03,mut_s1,detail,1,123,UBFCDXVLKFOOGL-OKPOJWAQNA-N,-9.206
NOS1,m03,mut_s1,detail,1,124,RRIHVAFUFDANEX-NSJMMFDCNA-N,-10.543
NOS1,m03,mut_s1,detail,1,125,HASIAUWPWKTSBW-SREBMQDQNA-N,-9.344
NOS1,m03,mut_s1,detail,1,126,WHBCKYHTCHCHAY-LQFNOIFHNA-N,-9.311
NOS1,m03,mut_s1,detail,1,127,XMAYWYJOQHXEEK-JYFHCDHNNA-N,-11.078
NOS1,m03,mut_s1,detail,1,128,TVKCFCZANTZCSU-OYRHEFFENA-N,-11.818
NOS1,m03,mut_s1,detail,1,129,OJFIIUWPOHBVMH-LNNLXFCONA-N,-10.126
NOS1,m03,mut_s1,detail,1,130,DKLZMGFTGWKNCD-DIRLUKLVNA-N,-10.526
NOS1,m03,mut_s1,detail,1,131,PYSLGWZFRQWTDD-PWIKPTQSNA-N,-11.795
NOS1,m03,mut_s1,detail,1,132,MWMBIUUYBQWKJX-QTUCRYGENA-N,-9.729
NOS1,m03,mut_s1,detail,1,133,FLYQFCXTEFTSQN-UHFFFAOYNA-N,-9.379
NOS1,m03,mut_s1,detail,1,134,PBIBDSDWIMZYDT-WBWGZOKWNA-N,-10.807
NOS1,m03,mut_s1,detail,1,135,GSRWMFGBDLHGBU-YEFLILRRNA-N,-8.7
NOS1,m03,mut_s1,detail,1,136,AYIJJQHMZAEQKE-QDAGQJSJNA-N,-8.374
NOS1,m03,mut_s1,detail,1,137,JVWTZUKPDMRNDC-FSAKADSPNA-N,-10.25
NOS1,m03,mut_s1,detail,1,138,XAZPLOLSRXZDBO-LBZABMTDNA-N,-8.116
NOS1,m03,mut_s1,detail,1,139,RGWVFJBNHCWCTL-CFEGKOCINA-N,-9.353
NOS1,m03,mut_s1,detail,1,140,YYWNRQZCPIMCAK-UHFFFAOYNA-N,-9.543
NOS1,m03,mut_s1,detail,1,141,PBTZDKNKXRSZPM-XBXBPLPCNA-N,-10.152
NOS1,m03,mut_s1,detail,1,142,QQPOIMHFFPBDQM-LELJVTLKNA-N,-8.719
NOS1,m03,mut_s1,detail,1,143,NYFQURFFDGCBCB-MAQJPOOANA-N,-9.396
NOS1,m03,mut_s1,detail,1,144,HXZVHWHABLBWBS-MTTPVDACNA-N,-10.425
NOS1,m03,mut_s1,detail,1,145,IWYYSOJWYLZKLK-LELJVTLKNA-N,-9.344
NOS1,m03,mut_s1,detail,1,146,HOGUCNPGZXMBGW-UHFFFAOYNA-N,-9.031
NOS1,m03,mut_s1,detail,1,147,VITUDJAVASFPKN-DUFUIDNCNA-N,-9.995
NOS1,m03,mut_s1,detail,1,148,IXAHDCRYEUYPBG-SCXYCHFONA-N,-12.902
NOS1,m03,mut_s1,detail,1,149,JWHMEKMLAZQDNS-OZMOGHDGNA-N,-9.457
NOS1,m03,mut_s1,detail,1,150,BZWNBTIJLRHNDZ-LBOYIXSDNA-N,-9.804
NOS1,m03,mut_s1,detail,1,151,RECYROBESYRUML-UHFFFAOYNA-N,-10.23
NOS1,m03,mut_s1,detail,1,152,MLDSJJJLQRZNKW-UHBIVWOUNA-N,-10.785
NOS1,m03,mut_s1,detail,1,153,XTWIHJARHCYNFX-PHXLCVRDNA-N,-9.276
NOS1,m03,mut_s1,detail,1,154,UQGFETVWTRDGKJ-UHFFFAOYNA-N,-9.0
NOS1,m03,mut_s1,detail,1,155,VJFSMDWEMFOWDK-CYSPOYASNA-N,-10.432
NOS1,m03,mut_s1,detail,1,156,NZYLXYBIWNIAGH-CYSPOYASNA-N,-9.892
NOS1,m03,mut_s1,detail,1,157,ODXCWFOKLBJQNP-MPIMZMORNA-N,-8.65
NOS1,m03,mut_s1,detail,1,158,FVDNMAPPDSKXKQ-UHFFFAOYNA-N,-10.269
NOS1,m03,mut_s1,detail,1,159,DOPWMPRIRWTOOD-CCHPKIMANA-N,-10.157
NOS1,m04,mut_s1,detail,1,0,URVMSYHISUZXNH-UYBDAZJANA-N,-8.696
NOS1,m04,mut_s1,detail,1,1,KXRPCFINVWWFHQ-UHFFFAOYNA-N,-5.881
NOS1,m04,mut_s1,detail,1,2,NICJTSHRYBTHAS-YHMJCDSINA-N,-7.673
NOS1,m04,mut_s1,detail,1,3,SWRZVDTZHDWPDS-AWIDAIFANA-N,-9.625
NOS1,m04,mut_s1,detail,1,4,RKNSLLSUFWWYCA-UHFFFAOYNA-N,-10.066
NOS1,m04,mut_s1,detail,1,5,OZFSIKFTRRUDES-RIYZIHGNNA-N,-7.221
NOS1,m04,mut_s1,detail,1,6,AAGGUCRASUJPPN-UHFFFAOYNA-N,-8.167
NOS1,m04,mut_s1,detail,1,7,OYHXDPMAFYHDNG-YAQRNVERNA-N,-8.514
NOS1,m04,mut_s1,detail,1,8,AWILWAIEQYZUEQ-UHFFFAOYNA-N,-7.81
NOS1,m04,mut_s1,detail,1,9,WSFAXHLMQUUHQT-VMPITWQZNA-N,-7.821
NOS1,m04,mut_s1,detail,1,10,WPHMTVNOXKBZKN-UHFFFAOYNA-N,-7.68
NOS1,m04,mut_s1,detail,1,11,LPEIZNODGHDCCW-UHFFFAOYNA-N,-7.531
NOS1,m04,mut_s1,detail,1,12,QQHWWDVSRWOHEP-LILDFLRNNA-N,-9.035
NOS1,m04,mut_s1,detail,1,13,UMEVSSPGBFVQNC-UHFFFAOYNA-N,-6.885
NOS1,m04,mut_s1,detail,1,14,VZDIOEKWWZRNQN-UHFFFAOYNA-N,-8.935
NOS1,m04,mut_s1,detail,1,15,JEVLDOUORFAHRS-NDKGDYFDNA-N,-8.144
NOS1,m04,mut_s1,detail,1,16,NFTGJNJRMWUBPG-GPQMBLKYNA-N,-7.33
NOS1,m04,mut_s1,detail,1,17,UMUUTEZBWGDVDA-UHFFFAOYNA-N,-8.223
NOS1,m04,mut_s1,detail,1,18,VLQKEPLNPGYNDJ-HCKMINDGNA-N,-8.112
NOS1,m04,mut_s1,detail,1,19,PPMVTAATPZLMJM-CDDDEJBQNA-N,-9.33
NOS1,m04,mut_s1,detail,1,20,AHLYFAKLKLMESK-YAQRNVERNA-N,-7.846
NOS1,m04,mut_s1,detail,1,21,GYEJYLAGVWRSIM-KGJHZMDYNA-N,-8.226
NOS1,m04,mut_s1,detail,1,22,RXVALSLAUOIYLW-UHFFFAOYNA-N,-8.019
NOS1,m04,mut_s1,detail,1,23,NSELYIFATLFDOZ-JLGFQASFNA-N,-9.11
NOS1,m04,mut_s1,detail,1,24,COQFBYACOHFCEC-UHFFFAOYNA-N,-8.856
NOS1,m04,mut_s1,detail,1,25,CJGJXFCLDYQBFQ-YJGXKCCXNA-N,-8.81
NOS1,m04,mut_s1,detail,1,26,BWNGRRJLFYHENY-INIZCTEONA-N,-7.861
NOS1,m04,mut_s1,detail,1,27,BNRFXWSJKVJVOF-UYBDAZJANA-N,-9.191
NOS1,m04,mut_s1,detail,1,28,DMULMZBZVBBWBY-PJZINPJWNA-N,-8.494
NOS1,m04,mut_s1,detail,1,29,AXLAIGJGNKHDPO-UHFFFAOYNA-N,-7.097
NOS1,m04,mut_s1,detail,1,30,RKDGAONZEPYEBT-WXRBYKJCNA-N,-8.424
NOS1,m04,mut_s1,detail,1,31,MBOYDUZSCSNUQL-MBBDSNKKNA-N,-8.055
NOS1,m04,mut_s1,detail,1,32,KPVDBHRTXOFQDK-YAQRNVERNA-N,-7.283
NOS1,m04,mut_s1,detail,1,33,LVCNFMYUKISBSB-VJSNTGQMNA-N,-8.917
NOS1,m04,mut_s1,detail,1,34,XLAHCIRKLMJUQC-DZQCGVKKNA-N,-8.771
NOS1,m04,mut_s1,detail,1,35,QNYHDABGLCBJOE-SHHGZXMVNA-N,-9.844
NOS1,m04,mut_s1,detail,1,36,HEKNRISBWSPMOG-OWTLIXCDNA-N,-7.753
NOS1,m04,mut_s1,detail,1,37,VIRNXCRLEVZXNX-LILDFLRNNA-N,-10.027
NOS1,m04,mut_s1,detail,1,38,SRTGERSEXJGDMR-UHFFFAOYNA-N,-7.832
NOS1,m04,mut_s1,detail,1,39,ZGMGSSRLZJYOKH-WXRBYKJCNA-N,-8.146
NOS1,m04,mut_s1,detail,1,40,VGYFDFRFGHHCDA-CUTUCBJDNA-N,-8.925
NOS1,m04,mut_s1,detail,1,41,DILPMLYWQJPNLO-HCKMINDGNA-N,-8.54
NOS1,m04,mut_s1,detail,1,42,RSOODJIGEVJLMK-LQFNOIFHNA-N,-9.531
NOS1,m04,mut_s1,detail,1,43,OWHHWMUAYBIQPR-UHFFFAOYNA-N,-9.883
NOS1,m04,mut_s1,detail,1,44,KPIKMVZJKZDOFC-UHFFFAOYNA-N,-9.558
NOS1,m04,mut_s1,detail,1,45,DIKDKRUREJXLMR-DPMTXJEANA-N,-9.248
NOS1,m04,mut_s1,detail,1,46,QRVJDPKQHAVBDK-UYBDAZJANA-N,-7.559
NOS1,m04,mut_s1,detail,1,47,SGBSFKSDPWOALT-UYBDAZJANA-N,-8.228
NOS1,m04,mut_s1,detail,1,48,CYHFRNFVZWVHCG-OTJKMEOQNA-N,-9.422
NOS1,m04,mut_s1,detail,1,49,MJUDQDHXCQONOA-MPIMZMORNA-N,-8.989
NOS1,m04,mut_s1,detail,1,50,RNVYRNLUUYNQAS-PKSOQXRJNA-N,-8.42
NOS1,m04,mut_s1,detail,1,51,DLZXOZYETDVJEB-QWOVJGMINA-N,-7.97
NOS1,m04,mut_s1,detail,1,52,HSICVZRDGBJSEL-GPQMBLKYNA-N,-9.216
NOS1,m04,mut_s1,detail,1,53,HMRUHHFLIMYEAF-QNGOCPJXNA-N,-8.224
NOS1,m04,mut_s1,detail,1,54,ZZOWQPSBJUXHCA-YSPRVCGUNA-N,-8.524
NOS1,m04,mut_s1,detail,1,55,WDDJLHOUFWSQSV-UHFFFAOYNA-N,-9.246
NOS1,m04,mut_s1,detail,1,56,UKLIIGXGTPSYBF-IBCWCQIKNA-N,-8.138
NOS1,m04,mut_s1,detail,1,57,LNPOBRXJZYGQMS-MOHJPFBDNA-N,-8.943
NOS1,m04,mut_s1,detail,1,58,FYILBFPPKIZBTO-UHFFFAOYNA-N,-8.703
NOS1,m04,mut_s1,detail,1,59,MIKIJFODTJGFDI-LILDFLRNNA-N,-8.835
NOS1,m04,mut_s1,detail,1,60,RUWCNSLWWCWTSU-LILDFLRNNA-N,-9.727
NOS1,m04,mut_s1,detail,1,61,KLQWCHKIQJHYIB-UHFFFAOYNA-N,-9.169
NOS1,m04,mut_s1,detail,1,62,QKAWGENQCGFAOE-NPVYFSBINA-N,-8.32
NOS1,m04,mut_s1,detail,1,63,KGOKCBRZBBEYBE-MMRXBHCZNA-N,-9.191
NOS1,m04,mut_s1,detail,1,64,ROFRXCLSWKEWTN-UHFFFAOYNA-N,-8.531
NOS1,m04,mut_s1,detail,1,65,AKRMJNKLSCBEME-FPYGCLRLNA-N,-7.324
NOS1,m04,mut_s1,detail,1,66,LCGJUJZLLYTYIF-XMFFZCEENA-N,-8.594
NOS1,m04,mut_s1,detail,1,67,FREQNFSEYLEFOI-QRCVEOAVNA-N,-8.824
NOS1,m04,mut_s1,detail,1,68,MHMINAYLMNBGSM-UHFFFAOYNA-N,-8.216
NOS1,m04,mut_s1,detail,1,69,SYMNTBHEGHFZMV-UHFFFAOYNA-N,-9.031
NOS1,m04,mut_s1,detail,1,70,NNCRWGMPCGSKOO-LILDFLRNNA-N,-7.853
NOS1,m04,mut_s1,detail,1,71,ZCRRNCCNJMRGFI-UHFFFAOYNA-N,-9.271
NOS1,m04,mut_s1,detail,1,72,PYVZEIBGEUQNQQ-UHFFFAOYNA-N,-10.434
NOS1,m04,mut_s1,detail,1,73,OROJQWVRCGJACT-XBTAAFKLNA-N,-9.554
NOS1,m04,mut_s1,detail,1,74,TXYUWXKCUDOUGU-JLGFQASFNA-N,-8.174
NOS1,m04,mut_s1,detail,1,75,LAZANALODSEDSE-UHFFFAOYNA-N,-8.654
NOS1,m04,mut_s1,detail,1,76,RJXCYVJLXGRCHK-UHFFFAOYNA-N,-10.517
NOS1,m04,mut_s1,detail,1,77,FUSKIBWHJAWEFI-IEJAXPBYNA-N,-8.464
NOS1,m04,mut_s1,detail,1,78,SGWVLOCBQLQWQV-UHFFFAOYNA-N,-9.484
NOS1,m04,mut_s1,detail,1,79,PPXRQTYXLZCDAZ-QWOVJGMINA-N,-9.55
NOS1,m04,mut_s1,detail,1,80,DIFBADFWLVYFHV-LELJVTLKNA-N,-9.101
NOS1,m04,mut_s1,detail,1,81,XREOSEVJCQGCHE-MHPMNMKGNA-N,-9.408
NOS1,m04,mut_s1,detail,1,82,ZHGPKHBXSKWZEQ-UHFFFAOYNA-N,-8.833
NOS1,m04,mut_s1,detail,1,83,ZFAYPJJNPSNAFK-UHFFFAOYNA-N,-9.576
NOS1,m04,mut_s1,detail,1,84,LTXMRAGWIDQTQT-MYUTVWBTNA-N,-9.748
NOS1,m04,mut_s1,detail,1,85,VXQHYHSSGLOALC-SPEPDGBUNA-N,-10.03
NOS1,m04,mut_s1,detail,1,86,KWDSFRAWCISROF-PJQSKVNONA-N,-9.523
NOS1,m04,mut_s1,detail,1,87,ZJZXSQPHUQUHIV-ZGZFQTMPNA-N,-10.566
NOS1,m04,mut_s1,detail,1,88,UYHIVPBYFWVWEJ-UHFFFAOYNA-N,-10.039
NOS1,m04,mut_s1,detail,1,89,PLEFJSUCKRWHBY-LNNLXFCONA-N,-8.793
NOS1,m04,mut_s1,detail,1,90,DNSRQCRQLKJUCC-PDJAEHLQNA-N,-10.007
NOS1,m04,mut_s1,detail,1,91,PHYKZCBUNVYJNH-YDBXFXKPNA-N,-8.082
NOS1,m04,mut_s1,detail,1,92,OOUHZBUAVKCDGA-UHFFFAOYNA-N,-10.472
NOS1,m04,mut_s1,detail,1,93,UUQDFZFJDFMLHW-UHFFFAOYNA-N,-8.593
NOS1,m04,mut_s1,detail,1,94,OOUDDHNLDLLUOL-SKKVRFOWNA-N,-9.731
NOS1,m04,mut_s1,detail,1,95,ZDMQSUAMTLXUTE-MPIMZMORNA-N,-10.089
NOS1,m04,mut_s1,detail,1,96,NMPLPABDEKPABN-UHFFFAOYNA-N,-8.785
NOS1,m04,mut_s1,detail,1,97,INZRHGSVWGRHBM-NPVYFSBINA-N,-9.348
NOS1,m04,mut_s1,detail,1,98,RVGCWMKVTAEQIH-LNNLXFCONA-N,-9.346
NOS1,m04,mut_s1,detail,1,99,VRXWKRQOVMZBAF-LJQANCHMNA-N,-9.292
NOS1,m04,mut_s1,detail,1,100,QACLWOIBBYOHQP-UYBDAZJANA-N,-9.182
NOS1,m04,mut_s1,detail,1,101,ZNXSZVFPCBIELQ-LNNLXFCONA-N,-8.807
NOS1,m04,mut_s1,detail,1,102,GKMWCCNMKRSQHR-VEKUMTKDNA-N,-8.371
NOS1,m04,mut_s1,detail,1,103,FFGUSRSMWFYKGK-SKKVRFOWNA-N,-8.786
NOS1,m04,mut_s1,detail,1,104,KXBDDGKXLZBLOM-SPEPDGBUNA-N,-9.4
NOS1,m04,mut_s1,detail,1,105,MIUWULAZCXYTJW-MSHHZIMBNA-N,-10.047
NOS1,m04,mut_s1,detail,1,106,JPZOYWVRFLZCIC-NJNXFGOHNA-N,-10.678
NOS1,m04,mut_s1,detail,1,107,FAIQTLBYDVKBAB-DVIAZDKANA-N,-8.551
NOS1,m04,mut_s1,detail,1,108,APFLRZZAOXCNAZ-UHFFFAOYNA-N,-9.789
NOS1,m04,mut_s1,detail,1,109,BSQLDSQTGOZBFD-UHFFFAOYNA-N,-9.289
NOS1,m04,mut_s1,detail,1,110,ZVVCFJXCDATSCC-UHFFFAOYNA-N,-9.703
NOS1,m04,mut_s1,detail,1,111,SKEQTXZATFWVMB-UYBDAZJANA-N,-7.99
NOS1,m04,mut_s1,detail,1,112,IATWYRHDJKMBQK-MPIMZMORNA-N,-9.055
NOS1,m04,mut_s1,detail,1,113,JPWOEQDCUZCWKT-MPIMZMORNA-N,-7.879
NOS1,m04,mut_s1,detail,1,114,RYHSAXRBHDHPPK-PKSOQXRJNA-N,-8.007
NOS1,m04,mut_s1,detail,1,115,GKKJWUFVZJJFPG-MPIMZMORNA-N,-9.45
NOS1,m04,mut_s1,detail,1,116,FDNZXFDUCINVLY-BDGWVKIONA-N,-9.533
NOS1,m04,mut_s1,detail,1,117,KTBYKHKWIFIFAK-UHFFFAOYNA-N,-11.06
NOS1,m04,mut_s1,detail,1,118,ZRXZEWGUECXTTQ-LQFNOIFHNA-N,-9.776
NOS1,m04,mut_s1,detail,1,119,XNACBBGLIAJNJM-PECIQRARNA-N,-8.859
NOS1,m04,mut_s1,detail,1,120,WQZYYJRVBIQUGH-YWZOXAELNA-N,-9.604
NOS1,m04,mut_s1,detail,1,121,ABMSRNRLDZVJFV-SWUIVHNENA-N,-8.897
NOS1,m04,mut_s1,detail,1,122,ZEACBIUBSOLEGW-QAITUMOCNA-N,-10.953
NOS1,m04,mut_s1,detail,1,123,UBFCDXVLKFOOGL-OKPOJWAQNA-N,-9.358
NOS1,m04,mut_s1,detail,1,124,RRIHVAFUFDANEX-NSJMMFDCNA-N,-8.709
NOS1,m04,mut_s1,detail,1,125,HASIAUWPWKTSBW-SREBMQDQNA-N,-8.875
NOS1,m04,mut_s1,detail,1,126,WHBCKYHTCHCHAY-LQFNOIFHNA-N,-10.376
NOS1,m04,mut_s1,detail,1,127,XMAYWYJOQHXEEK-JYFHCDHNNA-N,-9.789
NOS1,m04,mut_s1,detail,1,128,TVKCFCZANTZCSU-OYRHEFFENA-N,-10.647
NOS1,m04,mut_s1,detail,1,129,OJFIIUWPOHBVMH-LNNLXFCONA-N,-8.204
NOS1,m04,mut_s1,detail,1,130,DKLZMGFTGWKNCD-DIRLUKLVNA-N,-10.388
NOS1,m04,mut_s1,detail,1,131,PYSLGWZFRQWTDD-PWIKPTQSNA-N,-9.584
NOS1,m04,mut_s1,detail,1,132,MWMBIUUYBQWKJX-QTUCRYGENA-N,-9.598
NOS1,m04,mut_s1,detail,1,133,FLYQFCXTEFTSQN-UHFFFAOYNA-N,-9.095
NOS1,m04,mut_s1,detail,1,134,PBIBDSDWIMZYDT-WBWGZOKWNA-N,-8.587
NOS1,m04,mut_s1,detail,1,135,GSRWMFGBDLHGBU-YEFLILRRNA-N,-8.629
NOS1,m04,mut_s1,detail,1,136,AYIJJQHMZAEQKE-QDAGQJSJNA-N,-10.852
NOS1,m04,mut_s1,detail,1,137,JVWTZUKPDMRNDC-FSAKADSPNA-N,-10.086
NOS1,m04,mut_s1,detail,1,138,XAZPLOLSRXZDBO-LBZABMTDNA-N,-8.29
NOS1,m04,mut_s1,detail,1,139,RGWVFJBNHCWCTL-CFEGKOCINA-N,-8.679
NOS1,m04,mut_s1,detail,1,140,YYWNRQZCPIMCAK-UHFFFAOYNA-N,-9.065
NOS1,m04,mut_s1,detail,1,141,PBTZDKNKXRSZPM-XBXBPLPCNA-N,-10.325
NOS1,m04,mut_s1,detail,1,142,QQPOIMHFFPBDQM-LELJVTLKNA-N,-8.259
NOS1,m04,mut_s1,detail,1,143,NYFQURFFDGCBCB-MAQJPOOANA-N,-8.412
NOS1,m04,mut_s1,detail,1,144,HXZVHWHABLBWBS-MTTPVDACNA-N,-11.268
NOS1,m04,mut_s1,detail,1,145,IWYYSOJWYLZKLK-LELJVTLKNA-N,-8.524
NOS1,m04,mut_s1,detail,1,146,HOGUCNPGZXMBGW-UHFFFAOYNA-N,-9.797
NOS1,m04,mut_s1,detail,1,147,VITUDJAVASFPKN-DUFUIDNCNA-N,-9.23
NOS1,m04,mut_s1,detail,1,148,IXAHDCRYEUYPBG-SCXYCHFONA-N,-10.844
NOS1,m04,mut_s1,detail,1,149,JWHMEKMLAZQDNS-OZMOGHDGNA-N,-8.593
NOS1,m04,mut_s1,detail,1,150,BZWNBTIJLRHNDZ-LBOYIXSDNA-N,-10.063
NOS1,m04,mut_s1,detail,1,151,RECYROBESYRUML-UHFFFAOYNA-N,-9.799
NOS1,m04,mut_s1,detail,1,152,MLDSJJJLQRZNKW-UHBIVWOUNA-N,-10.928
NOS1,m04,mut_s1,detail,1,153,XTWIHJARHCYNFX-PHXLCVRDNA-N,-8.596
NOS1,m04,mut_s1,detail,1,154,UQGFETVWTRDGKJ-UHFFFAOYNA-N,-8.974
NOS1,m04,mut_s1,detail,1,155,VJFSMDWEMFOWDK-CYSPOYASNA-N,-10.554
NOS1,m04,mut_s1,detail,1,156,NZYLXYBIWNIAGH-CYSPOYASNA-N,-10.557
NOS1,m04,mut_s1,detail,1,157,ODXCWFOKLBJQNP-MPIMZMORNA-N,-8.899
NOS1,m04,mut_s1,detail,1,158,FVDNMAPPDSKXKQ-UHFFFAOYNA-N,-10.384
NOS1,m04,mut_s1,detail,1,159,DOPWMPRIRWTOOD-CCHPKIMANA-N,-10.386
NOS1,m05,mut_s1,detail,1,0,URVMSYHISUZXNH-UYBDAZJANA-N,-8.217
NOS1,m05,mut_s1,detail,1,1,KXRPCFINVWWFHQ-UHFFFAOYNA-N,-5.213
NOS1,m05,mut_s1,detail,1,2,NICJTSHRYBTHAS-YHMJCDSINA-N,-7.337
NOS1,m05,mut_s1,detail,1,3,SWRZVDTZHDWPDS-AWIDAIFANA-N,-9.673
NOS1,m05,mut_s1,detail,1,4,RKNSLLSUFWWYCA-UHFFFAOYNA-N,-10.172
NOS1,m05,mut_s1,detail,1,5,OZFSIKFTRRUDES-RIYZIHGNNA-N,-6.946
NOS1,m05,mut_s1,detail,1,6,AAGGUCRASUJPPN-UHFFFAOYNA-N,-7.75
NOS1,m05,mut_s1,detail,1,7,OYHXDPMAFYHDNG-YAQRNVERNA-N,-7.811
NOS1,m05,mut_s1,detail,1,8,AWILWAIEQYZUEQ-UHFFFAOYNA-N,-7.171
NOS1,m05,mut_s1,detail,1,9,WSFAXHLMQUUHQT-VMPITWQZNA-N,-6.689
NOS1,m05,mut_s1,detail,1,10,WPHMTVNOXKBZKN-UHFFFAOYNA-N,-7.625
NOS1,m05,mut_s1,detail,1,11,LPEIZNODGHDCCW-UHFFFAOYNA-N,-6.618
NOS1,m05,mut_s1,detail,1,12,QQHWWDVSRWOHEP-LILDFLRNNA-N,-9.038
NOS1,m05,mut_s1,detail,1,13,UMEVSSPGBFVQNC-UHFFFAOYNA-N,-6.923
NOS1,m05,mut_s1,detail,1,14,VZDIOEKWWZRNQN-UHFFFAOYNA-N,-8.337
NOS1,m05,mut_s1,detail,1,15,JEVLDOUORFAHRS-NDKGDYFDNA-N,-7.959
NOS1,m05,mut_s1,detail,1,16,NFTGJNJRMWUBPG-GPQMBLKYNA-N,-7.008
NOS1,m05,mut_s1,detail,1,17,UMUUTEZBWGDVDA-UHFFFAOYNA-N,-8.287
NOS1,m05,mut_s1,detail,1,18,VLQKEPLNPGYNDJ-HCKMINDGNA-N,-7.496
NOS1,m05,mut_s1,detail,1,19,PPMVTAATPZLMJM-CDDDEJBQNA-N,-8.619
NOS1,m05,mut_s1,detail,1,20,AHLYFAKLKLMESK-YAQRNVERNA-N,-7.007
NOS1,m05,mut_s1,detail,1,21,GYEJYLAGVWRSIM-KGJHZMDYNA-N,-7.115
NOS1,m05,mut_s1,detail,1,22,RXVALSLAUOIYLW-UHFFFAOYNA-N,-7.306
NOS1,m05,mut_s1,detail,1,23,NSELYIFATLFDOZ-JLGFQASFNA-N,-8.282
NOS1,m05,mut_s1,detail,1,24,COQFBYACOHFCEC-UHFFFAOYNA-N,-8.229
NOS1,m05,mut_s1,detail,1,25,CJGJXFCLDYQBFQ-YJGXKCCXNA-N,-8.22
NOS1,m05,mut_s1,detail,1,26,BWNGRRJLFYHENY-INIZCTEONA-N,-7.438
NOS1,m05,mut_s1,detail,1,27,BNRFXWSJKVJVOF-UYBDAZJANA-N,-8.632
NOS1,m05,mut_s1,detail,1,28,DMULMZBZVBBWBY-PJZINPJWNA-N,-7.881
NOS1,m05,mut_s1,detail,1,29,AXLAIGJGNKHDPO-UHFFFAOYNA-N,-7.144
NOS1,m05,mut_s1,detail,1,30,RKDGAONZEPYEBT-WXRBYKJCNA-N,-8.39
NOS1,m05,mut_s1,detail,1,31,MBOYDUZSCSNUQL-MBBDSNKKNA-N,-7.45
NOS1,m05,mut_s1,detail,1,32,KPVDBHRTXOFQDK-YAQRNVERNA-N,-6.38
NOS1,m05,mut_s1,detail,1,33,LVCNFMYUKISBSB-VJSNTGQMNA-N,-7.592
NOS1,m05,mut_s1,detail,1,34,XLAHCIRKLMJUQC-DZQCGVKKNA-N,-9.211
NOS1,m05,mut_s1,detail,1,35,QNYHDABGLCBJOE-SHHGZXMVNA-N,-8.346
NOS1,m05,mut_s1,detail,1,36,HEKNRISBWSPMOG-OWTLIXCDNA-N,-7.878
NOS1,m05,mut_s1,detail,1,37,VIRNXCRLEVZXNX-LILDFLRNNA-N,-9.634
NOS1,m05,mut_s1,detail,1,38,SRTGERSEXJGDMR-UHFFFAOYNA-N,-7.195
NOS1,m05,mut_s1,detail,1,39,ZGMGSSRLZJYOKH-WXRBYKJCNA-N,-7.437
NOS1,m05,mut_s1,detail,1,40,VGYFDFRFGHHCDA-CUTUCBJDNA-N,-9.243
NOS1,m05,mut_s1,detail,1,41,DILPMLYWQJPNLO-HCKMINDGNA-N,-9.186
NOS1,m05,mut_s1,detail,1,42,RSOODJIGEVJLMK-LQFNOIFHNA-N,-8.653
NOS1,m05,mut_s1,detail,1,43,OWHHWMUAYBIQPR-UHFFFAOYNA-N,-9.857
NOS1,m05,mut_s1,detail,1,44,KPIKMVZJKZDOFC-UHFFFAOYNA-N,-8.753
NOS1,m05,mut_s1,detail,1,45,DIKDKRUREJXLMR-DPMTXJEANA-N,-8.646
NOS1,m05,mut_s1,detail,1,46,QRVJDPKQHAVBDK-UYBDAZJANA-N,-8.093
NOS1,m05,mut_s1,detail,1,47,SGBSFKSDPWOALT-UYBDAZJANA-N,-7.819
NOS1,m05,mut_s1,detail,1,48,CYHFRNFVZWVHCG-OTJKMEOQNA-N,-8.174
NOS1,m05,mut_s1,detail,1,49,MJUDQDHXCQONOA-MPIMZMORNA-N,-9.117
NOS1,m05,mut_s1,detail,1,50,RNVYRNLUUYNQAS-PKSOQXRJNA-N,-9.034
NOS1,m05,mut_s1,detail,1,51,DLZXOZYETDVJEB-QWOVJGMINA-N,-7.925
NOS1,m05,mut_s1,detail,1,52,HSICVZRDGBJSEL-GPQMBLKYNA-N,-8.047
NOS1,m05,mut_s1,detail,1,53,HMRUHHFLIMYEAF-QNGOCPJXNA-N,-7.734
NOS1,m05,mut_s1,detail,1,54,ZZOWQPSBJUXHCA-YSPRVCGUNA-N,-8.609
NOS1,m05,mut_s1,detail,1,55,WDDJLHOUFWSQSV-UHFFFAOYNA-N,-9.029
NOS1,m05,mut_s1,detail,1,56,UKLIIGXGTPSYBF-IBCWCQIKNA-N,-7.674
NOS1,m05,mut_s1,detail,1,57,LNPOBRXJZYGQMS-MOHJPFBDNA-N,-9.276
NOS1,m05,mut_s1,detail,1,58,FYILBFPPKIZBTO-UHFFFAOYNA-N,-8.517
NOS1,m05,mut_s1,detail,1,59,MIKIJFODTJGFDI-LILDFLRNNA-N,-7.981
NOS1,m05,mut_s1,detail,1,60,RUWCNSLWWCWTSU-LILDFLRNNA-N,-9.572
NOS1,m05,mut_s1,detail,1,61,KLQWCHKIQJHYIB-UHFFFAOYNA-N,-9.718
NOS1,m05,mut_s1,detail,1,62,QKAWGENQCGFAOE-NPVYFSBINA-N,-8.0
NOS1,m05,mut_s1,detail,1,63,KGOKCBRZBBEYBE-MMRXBHCZNA-N,-8.721
NOS1,m05,mut_s1,detail,1,64,ROFRXCLSWKEWTN-UHFFFAOYNA-N,-8.076
NOS1,m05,mut_s1,detail,1,65,AKRMJNKLSCBEME-FPYGCLRLNA-N,-7.848
NOS1,m05,mut_s1,detail,1,66,LCGJUJZLLYTYIF-XMFFZCEENA-N,-8.599
NOS1,m05,mut_s1,detail,1,67,FREQNFSEYLEFOI-QRCVEOAVNA-N,-7.676
NOS1,m05,mut_s1,detail,1,68,MHMINAYLMNBGSM-UHFFFAOYNA-N,-7.645
NOS1,m05,mut_s1,detail,1,69,SYMNTBHEGHFZMV-UHFFFAOYNA-N,-8.344
NOS1,m05,mut_s1,detail,1,70,NNCRWGMPCGSKOO-LILDFLRNNA-N,-7.871
NOS1,m05,mut_s1,detail,1,71,ZCRRNCCNJMRGFI-UHFFFAOYNA-N,-8.908
NOS1,m05,mut_s1,detail,1,72,PYVZEIBGEUQNQQ-UHFFFAOYNA-N,-9.052
NOS1,m05,mut_s1,detail,1,73,OROJQWVRCGJACT-XBTAAFKLNA-N,-9.042
NOS1,m05,mut_s1,detail,1,74,TXYUWXKCUDOUGU-JLGFQASFNA-N,-8.002
NOS1,m05,mut_s1,detail,1,75,LAZANALODSEDSE-UHFFFAOYNA-N,-7.921
NOS1,m05,mut_s1,detail,1,76,RJXCYVJLXGRCHK-UHFFFAOYNA-N,-9.562
NOS1,m05,mut_s1,detail,1,77,FUSKIBWHJAWEFI-IEJAXPBYNA-N,-7.481
NOS1,m05,mut_s1,detail,1,78,SGWVLOCBQLQWQV-UHFFFAOYNA-N,-8.173
NOS1,m05,mut_s1,detail,1,79,PPXRQTYXLZCDAZ-QWOVJGMINA-N,-8.853
NOS1,m05,mut_s1,detail,1,80,DIFBADFWLVYFHV-LELJVTLKNA-N,-10.097
NOS1,m05,mut_s1,detail,1,81,XREOSEVJCQGCHE-MHPMNMKGNA-N,-9.01
NOS1,m05,mut_s1,detail,1,82,ZHGPKHBXSKWZEQ-UHFFFAOYNA-N,-8.947
NOS1,m05,mut_s1,detail,1,83,ZFAYPJJNPSNAFK-UHFFFAOYNA-N,-10.018
NOS1,m05,mut_s1,detail,1,84,LTXMRAGWIDQTQT-MYUTVWBTNA-N,-9.488
NOS1,m05,mut_s1,detail,1,85,VXQHYHSSGLOALC-SPEPDGBUNA-N,-9.245
NOS1,m05,mut_s1,detail,1,86,KWDSFRAWCISROF-PJQSKVNONA-N,-8.492
NOS1,m05,mut_s1,detail,1,87,ZJZXSQPHUQUHIV-ZGZFQTMPNA-N,-8.951
NOS1,m05,mut_s1,detail,1,88,UYHIVPBYFWVWEJ-UHFFFAOYNA-N,-10.601
NOS1,m05,mut_s1,detail,1,89,PLEFJSUCKRWHBY-LNNLXFCONA-N,-8.402
NOS1,m05,mut_s1,detail,1,90,DNSRQCRQLKJUCC-PDJAEHLQNA-N,-8.527
NOS1,m05,mut_s1,detail,1,91,PHYKZCBUNVYJNH-YDBXFXKPNA-N,-7.743
NOS1,m05,mut_s1,detail,1,92,OOUHZBUAVKCDGA-UHFFFAOYNA-N,-9.133
NOS1,m05,mut_s1,detail,1,93,UUQDFZFJDFMLHW-UHFFFAOYNA-N,-8.32
NOS1,m05,mut_s1,detail,1,94,OOUDDHNLDLLUOL-SKKVRFOWNA-N,-8.43
NOS1,m05,mut_s1,detail,1,95,ZDMQSUAMTLXUTE-MPIMZMORNA-N,-9.38
NOS1,m05,mut_s1,detail,1,96,NMPLPABDEKPABN-UHFFFAOYNA-N,-9.174
NOS1,m05,mut_s1,detail,1,97,INZRHGSVWGRHBM-NPVYFSBINA-N,-9.114
NOS1,m05,mut_s1,detail,1,98,RVGCWMKVTAEQIH-LNNLXFCONA-N,-9.043
NOS1,m05,mut_s1,detail,1,99,VRXWKRQOVMZBAF-LJQANCHMNA-N,-9.172
NOS1,m05,mut_s1,detail,1,100,QACLWOIBBYOHQP-UYBDAZJANA-N,-8.662
NOS1,m05,mut_s1,detail,1,101,ZNXSZVFPCBIELQ-LNNLXFCONA-N,-8.113
NOS1,m05,mut_s1,detail,1,102,GKMWCCNMKRSQHR-VEKUMTKDNA-N,-9.27
NOS1,m05,mut_s1,detail,1,103,FFGUSRSMWFYKGK-SKKVRFOWNA-N,-10.015
NOS1,m05,mut_s1,detail,1,104,KXBDDGKXLZBLOM-SPEPDGBUNA-N,-8.405
NOS1,m05,mut_s1,detail,1,105,MIUWULAZCXYTJW-MSHHZIMBNA-N,-9.707
NOS1,m05,mut_s1,detail,1,106,JPZOYWVRFLZCIC-NJNXFGOHNA-N,-9.369
NOS1,m05,mut_s1,detail,1,107,FAIQTLBYDVKBAB-DVIAZDKANA-N,-8.493
NOS1,m05,mut_s1,detail,1,108,APFLRZZAOXCNAZ-UHFFFAOYNA-N,-8.163
NOS1,m05,mut_s1,detail,1,109,BSQLDSQTGOZBFD-UHFFFAOYNA-N,-9.594
NOS1,m05,mut_s1,detail,1,110,ZVVCFJXCDATSCC-UHFFFAOYNA-N,-9.156
NOS1,m05,mut_s1,detail,1,111,SKEQTXZATFWVMB-UYBDAZJANA-N,-7.312
NOS1,m05,mut_s1,detail,1,112,IATWYRHDJKMBQK-MPIMZMORNA-N,-8.96
NOS1,m05,mut_s1,detail,1,113,JPWOEQDCUZCWKT-MPIMZMORNA-N,-8.324
NOS1,m05,mut_s1,detail,1,114,RYHSAXRBHDHPPK-PKSOQXRJNA-N,-8.725
NOS1,m05,mut_s1,detail,1,115,GKKJWUFVZJJFPG-MPIMZMORNA-N,-9.489
NOS1,m05,mut_s1,detail,1,116,FDNZXFDUCINVLY-BDGWVKIONA-N,-8.208
NOS1,m05,mut_s1,detail,1,117,KTBYKHKWIFIFAK-UHFFFAOYNA-N,-9.661
NOS1,m05,mut_s1,detail,1,118,ZRXZEWGUECXTTQ-LQFNOIFHNA-N,-8.822
NOS1,m05,mut_s1,detail,1,119,XNACBBGLIAJNJM-PECIQRARNA-N,-8.396
NOS1,m05,mut_s1,detail,1,120,WQZYYJRVBIQUGH-YWZOXAELNA-N,-8.91
NOS1,m05,mut_s1,detail,1,121,ABMSRNRLDZVJFV-SWUIVHNENA-N,-8.542
NOS1,m05,mut_s1,detail,1,122,ZEACBIUBSOLEGW-QAITUMOCNA-N,-10.267
NOS1,m05,mut_s1,detail,1,123,UBFCDXVLKFOOGL-OKPOJWAQNA-N,-8.06
NOS1,m05,mut_s1,detail,1,124,RRIHVAFUFDANEX-NSJMMFDCNA-N,-9.651
NOS1,m05,mut_s1,detail,1,125,HASIAUWPWKTSBW-SREBMQDQNA-N,-9.392
NOS1,m05,mut_s1,detail,1,126,WHBCKYHTCHCHAY-LQFNOIFHNA-N,-11.115
NOS1,m05,mut_s1,detail,1,127,XMAYWYJOQHXEEK-JYFHCDHNNA-N,-9.464
NOS1,m05,mut_s1,detail,1,128,TVKCFCZANTZCSU-OYRHEFFENA-N,-9.501
NOS1,m05,mut_s1,detail,1,129,OJFIIUWPOHBVMH-LNNLXFCONA-N,-9.443
NOS1,m05,mut_s1,detail,1,130,DKLZMGFTGWKNCD-DIRLUKLVNA-N,-10.252
NOS1,m05,mut_s1,detail,1,131,PYSLGWZFRQWTDD-PWIKPTQSNA-N,-9.703
NOS1,m05,mut_s1,detail,1,132,MWMBIUUYBQWKJX-QTUCRYGENA-N,-9.987
NOS1,m05,mut_s1,detail,1,133,FLYQFCXTEFTSQN-UHFFFAOYNA-N,-9.312
NOS1,m05,mut_s1,detail,1,134,PBIBDSDWIMZYDT-WBWGZOKWNA-N,-10.14
NOS1,m05,mut_s1,detail,1,135,GSRWMFGBDLHGBU-YEFLILRRNA-N,-9.126
NOS1,m05,mut_s1,detail,1,136,AYIJJQHMZAEQKE-QDAGQJSJNA-N,-10.029
NOS1,m05,mut_s1,detail,1,137,JVWTZUKPDMRNDC-FSAKADSPNA-N,-9.437
NOS1,m05,mut_s1,detail,1,138,XAZPLOLSRXZDBO-LBZABMTDNA-N,-9.241
NOS1,m05,mut_s1,detail,1,139,RGWVFJBNHCWCTL-CFEGKOCINA-N,-9.267
NOS1,m05,mut_s1,detail,1,140,YYWNRQZCPIMCAK-UHFFFAOYNA-N,-8.198
NOS1,m05,mut_s1,detail,1,141,PBTZDKNKXRSZPM-XBXBPLPCNA-N,-9.51
NOS1,m05,mut_s1,detail,1,142,QQPOIMHFFPBDQM-LELJVTLKNA-N,-8.819
NOS1,m05,mut_s1,detail,1,143,NYFQURFFDGCBCB-MAQJPOOANA-N,-7.901
NOS1,m05,mut_s1,detail,1,144,HXZVHWHABLBWBS-MTTPVDACNA-N,-10.375
NOS1,m05,mut_s1,detail,1,145,IWYYSOJWYLZKLK-LELJVTLKNA-N,-8.143
NOS1,m05,mut_s1,detail,1,146,HOGUCNPGZXMBGW-UHFFFAOYNA-N,-8.876
NOS1,m05,mut_s1,detail,1,147,VITUDJAVASFPKN-DUFUIDNCNA-N,-10.317
NOS1,m05,mut_s1,detail,1,148,IXAHDCRYEUYPBG-SCXYCHFONA-N,-11.959
NOS1,m05,mut_s1,detail,1,149,JWHMEKMLAZQDNS-OZMOGHDGNA-N,-8.455
NOS1,m05,mut_s1,detail,1,150,BZWNBTIJLRHNDZ-LBOYIXSDNA-N,-9.248
NOS1,m05,mut_s1,detail,1,151,RECYROBESYRUML-UHFFFAOYNA-N,-10.129
NOS1,m05,mut_s1,detail,1,152,MLDSJJJLQRZNKW-UHBIVWOUNA-N,-10.251
NOS1,m05,mut_s1,detail,1,153,XTWIHJARHCYNFX-PHXLCVRDNA-N,-8.813
NOS1,m05,mut_s1,detail,1,154,UQGFETVWTRDGKJ-UHFFFAOYNA-N,-9.007
NOS1,m05,mut_s1,detail,1,155,VJFSMDWEMFOWDK-CYSPOYASNA-N,-10.268
NOS1,m05,mut_s1,detail,1,156,NZYLXYBIWNIAGH-CYSPOYASNA-N,-8.995
NOS1,m05,mut_s1,detail,1,157,ODXCWFOKLBJQNP-MPIMZMORNA-N,-8.844
NOS1,m05,mut_s1,detail,1,158,FVDNMAPPDSKXKQ-UHFFFAOYNA-N,-9.601
NOS1,m05,mut_s1,detail,1,159,DOPWMPRIRWTOOD-CCHPKIMANA-N,-9.233
NOS1,m06,mut_s1,detail,1,0,URVMSYHISUZXNH-UYBDAZJANA-N,-8.481
NOS1,m06,mut_s1,detail,1,1,KXRPCFINVWWFHQ-UHFFFAOYNA-N,-5.041
NOS1,m06,mut_s1,detail,1,2,NICJTSHRYBTHAS-YHMJCDSINA-N,-7.577
NOS1,m06,mut_s1,detail,1,3,SWRZVDTZHDWPDS-AWIDAIFANA-N,-8.194
NOS1,m06,mut_s1,detail,1,4,RKNSLLSUFWWYCA-UHFFFAOYNA-N,-9.466
NOS1,m06,mut_s1,detail,1,5,OZFSIKFTRRUDES-RIYZIHGNNA-N,-6.318
NOS1,m06,mut_s1,detail,1,6,AAGGUCRASUJPPN-UHFFFAOYNA-N,-7.288
NOS1,m06,mut_s1,detail,1,7,OYHXDPMAFYHDNG-YAQRNVERNA-N,-7.725
NOS1,m06,mut_s1,detail,1,8,AWILWAIEQYZUEQ-UHFFFAOYNA-N,-7.337
NOS1,m06,mut_s1,detail,1,9,WSFAXHLMQUUHQT-VMPITWQZNA-N,-7.022
NOS1,m06,mut_s1,detail,1,10,WPHMTVNOXKBZKN-UHFFFAOYNA-N,-7.634
NOS1,m06,mut_s1,detail,1,11,LPEIZNODGHDCCW-UHFFFAOYNA-N,-6.202
NOS1,m06,mut_s1,detail,1,12,QQHWWDVSRWOHEP-LILDFLRNNA-N,-8.744
NOS1,m06,mut_s1,detail,1,13,UMEVSSPGBFVQNC-UHFFFAOYNA-N,-7.006
NOS1,m06,mut_s1,detail,1,14,VZDIOEKWWZRNQN-UHFFFAOYNA-N,-8.858
NOS1,m06,mut_s1,detail,1,15,JEVLDOUORFAHRS-NDKGDYFDNA-N,-7.822
NOS1,m06,mut_s1,detail,1,16,NFTGJNJRMWUBPG-GPQMBLKYNA-N,-6.759
NOS1,m06,mut_s1,detail,1,17,UMUUTEZBWGDVDA-UHFFFAOYNA-N,-8.195
NOS1,m06,mut_s1,detail,1,18,VLQKEPLNPGYNDJ-HCKMINDGNA-N,-7.755
NOS1,m06,mut_s1,detail,1,19,PPMVTAATPZLMJM-CDDDEJBQNA-N,-9.227
NOS1,m06,mut_s1,detail,1,20,AHLYFAKLKLMESK-YAQRNVERNA-N,-7.266
NOS1,m06,mut_s1,detail,1,21,GYEJYLAGVWRSIM-KGJHZMDYNA-N,-7.134
NOS1,m06,mut_s1,detail,1,22,RXVALSLAUOIYLW-UHFFFAOYNA-N,-6.987
NOS1,m06,mut_s1,detail,1,23,NSELYIFATLFDOZ-JLGFQASFNA-N,-8.605
NOS1,m06,mut_s1,detail,1,24,COQFBYACOHFCEC-UHFFFAOYNA-N,-7.564
NOS1,m06,mut_s1,detail,1,25,CJGJXFCLDYQBFQ-YJGXKCCXNA-N,-8.547
NOS1,m06,mut_s1,detail,1,26,BWNGRRJLFYHENY-INIZCTEONA-N,-7.255
NOS1,m06,mut_s1,detail,1,27,BNRFXWSJKVJVOF-UYBDAZJANA-N,-9.032
NOS1,m06,mut_s1,detail,1,28,DMULMZBZVBBWBY-PJZINPJWNA-N,-8.051
NOS1,m06,mut_s1,detail,1,29,AXLAIGJGNKHDPO-UHFFFAOYNA-N,-6.476
NOS1,m06,mut_s1,detail,1,30,RKDGAONZEPYEBT-WXRBYKJCNA-N,-8.132
NOS1,m06,mut_s1,detail,1,31,MBOYDUZSCSNUQL-MBBDSNKKNA-N,-7.621
NOS1,m06,mut_s1,detail,1,32,KPVDBHRTXOFQDK-YAQRNVERNA-N,-6.833
NOS1,m06,mut_s1,detail,1,33,LVCNFMYUKISBSB-VJSNTGQMNA-N,-7.957
NOS1,m06,mut_s1,detail,1,34,XLAHCIRKLMJUQC-DZQCGVKKNA-N,-9.283
NOS1,m06,mut_s1,detail,1,35,QNYHDABGLCBJOE-SHHGZXMVNA-N,-8.466
NOS1,m06,mut_s1,detail,1,36,HEKNRISBWSPMOG-OWTLIXCDNA-N,-6.713
NOS1,m06,mut_s1,detail,1,37,VIRNXCRLEVZXNX-LILDFLRNNA-N,-9.462
NOS1,m06,mut_s1,detail,1,38,SRTGERSEXJGDMR-UHFFFAOYNA-N,-7.476
NOS1,m06,mut_s1,detail,1,39,ZGMGSSRLZJYOKH-WXRBYKJCNA-N,-7.681
NOS1,m06,mut_s1,detail,1,40,VGYFDFRFGHHCDA-CUTUCBJDNA-N,-9.895
NOS1,m06,mut_s1,detail,1,41,DILPMLYWQJPNLO-HCKMINDGNA-N,-9.666
NOS1,m06,mut_s1,detail,1,42,RSOODJIGEVJLMK-LQFNOIFHNA-N,-9.643
NOS1,m06,mut_s1,detail,1,43,OWHHWMUAYBIQPR-UHFFFAOYNA-N,-9.031
NOS1,m06,mut_s1,detail,1,44,KPIKMVZJKZDOFC-UHFFFAOYNA-N,-8.425
NOS1,m06,mut_s1,detail,1,45,DIKDKRUREJXLMR-DPMTXJEANA-N,-8.45
NOS1,m06,mut_s1,detail,1,46,QRVJDPKQHAVBDK-UYBDAZJANA-N,-8.062
NOS1,m06,mut_s1,detail,1,47,SGBSFKSDPWOALT-UYBDAZJANA-N,-7.425
NOS1,m06,mut_s1,detail,1,48,CYHFRNFVZWVHCG-OTJKMEOQNA-N,-8.276
NOS1,m06,mut_s1,detail,1,49,MJUDQDHXCQONOA-MPIMZMORNA-N,-9.046
NOS1,m06,mut_s1,detail,1,50,RNVYRNLUUYNQAS-PKSOQXRJNA-N,-9.373
NOS1,m06,mut_s1,detail,1,51,DLZXOZYETDVJEB-QWOVJGMINA-N,-7.672
NOS1,m06,mut_s1,detail,1,52,HSICVZRDGBJSEL-GPQMBLKYNA-N,-8.356
NOS1,m06,mut_s1,detail,1,53,HMRUHHFLIMYEAF-QNGOCPJXNA-N,-7.727
NOS1,m06,mut_s1,detail,1,54,ZZOWQPSBJUXHCA-YSPRVCGUNA-N,-7.991
NOS1,m06,mut_s1,detail,1,55,WDDJLHOUFWSQSV-UHFFFAOYNA-N,-8.377
NOS1,m06,mut_s1,detail,1,56,UKLIIGXGTPSYBF-IBCWCQIKNA-N,-7.731
NOS1,m06,mut_s1,detail,1,57,LNPOBRXJZYGQMS-MOHJPFBDNA-N,-7.823
NOS1,m06,mut_s1,detail,1,58,FYILBFPPKIZBTO-UHFFFAOYNA-N,-8.02
NOS1,m06,mut_s1,detail,1,59,MIKIJFODTJGFDI-LILDFLRNNA-N,-8.306
NOS1,m06,mut_s1,detail,1,60,RUWCNSLWWCWTSU-LILDFLRNNA-N,-9.446
NOS1,m06,mut_s1,detail,1,61,KLQWCHKIQJHYIB-UHFFFAOYNA-N,-9.268
NOS1,m06,mut_s1,detail,1,62,QKAWGENQCGFAOE-NPVYFSBINA-N,-7.63
NOS1,m06,mut_s1,detail,1,63,KGOKCBRZBBEYBE-MMRXBHCZNA-N,-10.171
NOS1,m06,mut_s1,detail,1,64,ROFRXCLSWKEWTN-UHFFFAOYNA-N,-7.663
NOS1,m06,mut_s1,detail,1,65,AKRMJNKLSCBEME-FPYGCLRLNA-N,-8.512
NOS1,m06,mut_s1,detail,1,66,LCGJUJZLLYTYIF-XMFFZCEENA-N,-8.715
NOS1,m06,mut_s1,detail,1,67,FREQNFSEYLEFOI-QRCVEOAVNA-N,-7.797
NOS1,m06,mut_s1,detail,1,68,MHMINAYLMNBGSM-UHFFFAOYNA-N,-7.026
NOS1,m06,mut_s1,detail,1,69,SYMNTBHEGHFZMV-UHFFFAOYNA-N,-8.621
NOS1,m06,mut_s1,detail,1,70,NNCRWGMPCGSKOO-LILDFLRNNA-N,-7.459
NOS1,m06,mut_s1,detail,1,71,ZCRRNCCNJMRGFI-UHFFFAOYNA-N,-8.775
NOS1,m06,mut_s1,detail,1,72,PYVZEIBGEUQNQQ-UHFFFAOYNA-N,-8.783
NOS1,m06,mut_s1,detail,1,73,OROJQWVRCGJACT-XBTAAFKLNA-N,-8.847
NOS1,m06,mut_s1,detail,1,74,TXYUWXKCUDOUGU-JLGFQASFNA-N,-7.978
NOS1,m06,mut_s1,detail,1,75,LAZANALODSEDSE-UHFFFAOYNA-N,-8.406
NOS1,m06,mut_s1,detail,1,76,RJXCYVJLXGRCHK-UHFFFAOYNA-N,-9.887
NOS1,m06,mut_s1,detail,1,77,FUSKIBWHJAWEFI-IEJAXPBYNA-N,-8.288
NOS1,m06,mut_s1,detail,1,78,SGWVLOCBQLQWQV-UHFFFAOYNA-N,-7.656
NOS1,m06,mut_s1,detail,1,79,PPXRQTYXLZCDAZ-QWOVJGMINA-N,-8.683
NOS1,m06,mut_s1,detail,1,80,DIFBADFWLVYFHV-LELJVTLKNA-N,-9.266
NOS1,m06,mut_s1,detail,1,81,XREOSEVJCQGCHE-MHPMNMKGNA-N,-8.47
NOS1,m06,mut_s1,detail,1,82,ZHGPKHBXSKWZEQ-UHFFFAOYNA-N,-8.068
NOS1,m06,mut_s1,detail,1,83,ZFAYPJJNPSNAFK-UHFFFAOYNA-N,-8.798
NOS1,m06,mut_s1,detail,1,84,LTXMRAGWIDQTQT-MYUTVWBTNA-N,-9.41
NOS1,m06,mut_s1,detail,1,85,VXQHYHSSGLOALC-SPEPDGBUNA-N,-9.104
NOS1,m06,mut_s1,detail,1,86,KWDSFRAWCISROF-PJQSKVNONA-N,-8.958
NOS1,m06,mut_s1,detail,1,87,ZJZXSQPHUQUHIV-ZGZFQTMPNA-N,-9.242
NOS1,m06,mut_s1,detail,1,88,UYHIVPBYFWVWEJ-UHFFFAOYNA-N,-9.565
NOS1,m06,mut_s1,detail,1,89,PLEFJSUCKRWHBY-LNNLXFCONA-N,-8.707
NOS1,m06,mut_s1,detail,1,90,DNSRQCRQLKJUCC-PDJAEHLQNA-N,-8.699
NOS1,m06,mut_s1,detail,1,91,PHYKZCBUNVYJNH-YDBXFXKPNA-N,-7.098
NOS1,m06,mut_s1,detail,1,92,OOUHZBUAVKCDGA-UHFFFAOYNA-N,-7.908
NOS1,m06,mut_s1,detail,1,93,UUQDFZFJDFMLHW-UHFFFAOYNA-N,-7.752
NOS1,m06,mut_s1,detail,1,94,OOUDDHNLDLLUOL-SKKVRFOWNA-N,-9.118
NOS1,m06,mut_s1,detail,1,95,ZDMQSUAMTLXUTE-MPIMZMORNA-N,-9.09
NOS1,m06,mut_s1,detail,1,96,NMPLPABDEKPABN-UHFFFAOYNA-N,-9.184
NOS1,m06,mut_s1,detail,1,97,INZRHGSVWGRHBM-NPVYFSBINA-N,-9.561
NOS1,m06,mut_s1,detail,1,98,RVGCWMKVTAEQIH-LNNLXFCONA-N,-8.848
NOS1,m06,mut_s1,detail,1,99,VRXWKRQOVMZBAF-LJQANCHMNA-N,-9.086
NOS1,m06,mut_s1,detail,1,100,QACLWOIBBYOHQP-UYBDAZJANA-N,-8.337
NOS1,m06,mut_s1,detail,1,101,ZNXSZVFPCBIELQ-LNNLXFCONA-N,-8.307
NOS1,m06,mut_s1,detail,1,102,GKMWCCNMKRSQHR-VEKUMTKDNA-N,-9.881
NOS1,m06,mut_s1,detail,1,103,FFGUSRSMWFYKGK-SKKVRFOWNA-N,-9.662
NOS1,m06,mut_s1,detail,1,104,KXBDDGKXLZBLOM-SPEPDGBUNA-N,-8.65
NOS1,m06,mut_s1,detail,1,105,MIUWULAZCXYTJW-MSHHZIMBNA-N,-9.804
NOS1,m06,mut_s1,detail,1,106,JPZOYWVRFLZCIC-NJNXFGOHNA-N,-9.906
NOS1,m06,mut_s1,detail,1,107,FAIQTLBYDVKBAB-DVIAZDKANA-N,-8.122
NOS1,m06,mut_s1,detail,1,108,APFLRZZAOXCNAZ-UHFFFAOYNA-N,-8.582
NOS1,m06,mut_s1,detail,1,109,BSQLDSQTGOZBFD-UHFFFAOYNA-N,-8.708
NOS1,m06,mut_s1,detail,1,110,ZVVCFJXCDATSCC-UHFFFAOYNA-N,-8.574
NOS1,m06,mut_s1,detail,1,111,SKEQTXZATFWVMB-UYBDAZJANA-N,-6.715
NOS1,m06,mut_s1,detail,1,112,IATWYRHDJKMBQK-MPIMZMORNA-N,-7.939
NOS1,m06,mut_s1,detail,1,113,JPWOEQDCUZCWKT-MPIMZMORNA-N,-7.621
NOS1,m06,mut_s1,detail,1,114,RYHSAXRBHDHPPK-PKSOQXRJNA-N,-8.049
NOS1,m06,mut_s1,detail,1,115,GKKJWUFVZJJFPG-MPIMZMORNA-N,-8.658
NOS1,m06,mut_s1,detail,1,116,FDNZXFDUCINVLY-BDGWVKIONA-N,-8.926
NOS1,m06,mut_s1,detail,1,117,KTBYKHKWIFIFAK-UHFFFAOYNA-N,-9.288
NOS1,m06,mut_s1,detail,1,118,ZRXZEWGUECXTTQ-LQFNOIFHNA-N,-9.152
NOS1,m06,mut_s1,detail,1,119,XNACBBGLIAJNJM-PECIQRARNA-N,-8.71
NOS1,m06,mut_s1,detail,1,120,WQZYYJRVBIQUGH-YWZOXAELNA-N,-8.302
NOS1,m06,mut_s1,detail,1,121,ABMSRNRLDZVJFV-SWUIVHNENA-N,-8.414
NOS1,m06,mut_s1,detail,1,122,ZEACBIUBSOLEGW-QAITUMOCNA-N,-10.387
NOS1,m06,mut_s1,detail,1,123,UBFCDXVLKFOOGL-OKPOJWAQNA-N,-8.432
NOS1,m06,mut_s1,detail,1,124,RRIHVAFUFDANEX-NSJMMFDCNA-N,-8.835
NOS1,m06,mut_s1,detail,1,125,HASIAUWPWKTSBW-SREBMQDQNA-N,-9.132
NOS1,m06,mut_s1,detail,1,126,WHBCKYHTCHCHAY-LQFNOIFHNA-N,-10.38
NOS1,m06,mut_s1,detail,1,127,XMAYWYJOQHXEEK-JYFHCDHNNA-N,-9.472
NOS1,m06,mut_s1,detail,1,128,TVKCFCZANTZCSU-OYRHEFFENA-N,-9.645
NOS1,m06,mut_s1,detail,1,129,OJFIIUWPOHBVMH-LNNLXFCONA-N,-8.558
NOS1,m06,mut_s1,detail,1,130,DKLZMGFTGWKNCD-DIRLUKLVNA-N,-9.868
NOS1,m06,mut_s1,detail,1,131,PYSLGWZFRQWTDD-PWIKPTQSNA-N,-9.639
NOS1,m06,mut_s1,detail,1,132,MWMBIUUYBQWKJX-QTUCRYGENA-N,-9.81
NOS1,m06,mut_s1,detail,1,133,FLYQFCXTEFTSQN-UHFFFAOYNA-N,-9.33
NOS1,m06,mut_s1,detail,1,134,PBIBDSDWIMZYDT-WBWGZOKWNA-N,-8.678
NOS1,m06,mut_s1,detail,1,135,GSRWMFGBDLHGBU-YEFLILRRNA-N,-7.811
NOS1,m06,mut_s1,detail,1,136,AYIJJQHMZAEQKE-QDAGQJSJNA-N,-9.587
NOS1,m06,mut_s1,detail,1,137,JVWTZUKPDMRNDC-FSAKADSPNA-N,-9.716
NOS1,m06,mut_s1,detail,1,138,XAZPLOLSRXZDBO-LBZABMTDNA-N,-9.305
NOS1,m06,mut_s1,detail,1,139,RGWVFJBNHCWCTL-CFEGKOCINA-N,-9.216
NOS1,m06,mut_s1,detail,1,140,YYWNRQZCPIMCAK-UHFFFAOYNA-N,-8.307
NOS1,m06,mut_s1,detail,1,141,PBTZDKNKXRSZPM-XBXBPLPCNA-N,-9.231
NOS1,m06,mut_s1,detail,1,142,QQPOIMHFFPBDQM-LELJVTLKNA-N,-8.065
NOS1,m06,mut_s1,detail,1,143,NYFQURFFDGCBCB-MAQJPOOANA-N,-8.878
NOS1,m06,mut_s1,detail,1,144,HXZVHWHABLBWBS-MTTPVDACNA-N,-9.976
NOS1,m06,mut_s1,detail,1,145,IWYYSOJWYLZKLK-LELJVTLKNA-N,-8.234
NOS1,m06,mut_s1,detail,1,146,HOGUCNPGZXMBGW-UHFFFAOYNA-N,-8.44
NOS1,m06,mut_s1,detail,1,147,VITUDJAVASFPKN-DUFUIDNCNA-N,-8.556
NOS1,m06,mut_s1,detail,1,148,IXAHDCRYEUYPBG-SCXYCHFONA-N,-10.452
NOS1,m06,mut_s1,detail,1,149,JWHMEKMLAZQDNS-OZMOGHDGNA-N,-8.911
NOS1,m06,mut_s1,detail,1,150,BZWNBTIJLRHNDZ-LBOYIXSDNA-N,-8.368
NOS1,m06,mut_s1,detail,1,151,RECYROBESYRUML-UHFFFAOYNA-N,-8.724
NOS1,m06,mut_s1,detail,1,152,MLDSJJJLQRZNKW-UHBIVWOUNA-N,-10.548
NOS1,m06,mut_s1,detail,1,153,XTWIHJARHCYNFX-PHXLCVRDNA-N,-7.531
NOS1,m06,mut_s1,detail,1,154,UQGFETVWTRDGKJ-UHFFFAOYNA-N,-7.812
NOS1,m06,mut_s1,detail,1,155,VJFSMDWEMFOWDK-CYSPOYASNA-N,-9.745
NOS1,m06,mut_s1,detail,1,156,NZYLXYBIWNIAGH-CYSPOYASNA-N,-8.644
NOS1,m06,mut_s1,detail,1,157,ODXCWFOKLBJQNP-MPIMZMORNA-N,-8.286
NOS1,m06,mut_s1,detail,1,158,FVDNMAPPDSKXKQ-UHFFFAOYNA-N,-9.577
NOS1,m06,mut_s1,detail,1,159,DOPWMPRIRWTOOD-CCHPKIMANA-N,-9.379
NOS1,m07,mut_s1,detail,1,0,URVMSYHISUZXNH-UYBDAZJANA-N,-9.218
NOS1,m07,mut_s1,detail,1,1,KXRPCFINVWWFHQ-UHFFFAOYNA-N,-5.461
NOS1,m07,mut_s1,detail,1,2,NICJTSHRYBTHAS-YHMJCDSINA-N,-7.336
NOS1,m07,mut_s1,detail,1,3,SWRZVDTZHDWPDS-AWIDAIFANA-N,-7.743
NOS1,m07,mut_s1,detail,1,4,RKNSLLSUFWWYCA-UHFFFAOYNA-N,-9.184
NOS1,m07,mut_s1,detail,1,5,OZFSIKFTRRUDES-RIYZIHGNNA-N,-6.382
NOS1,m07,mut_s1,detail,1,6,AAGGUCRASUJPPN-UHFFFAOYNA-N,-8.76
NOS1,m07,mut_s1,detail,1,7,OYHXDPMAFYHDNG-YAQRNVERNA-N,-7.937
NOS1,m07,mut_s1,detail,1,8,AWILWAIEQYZUEQ-UHFFFAOYNA-N,-6.886
NOS1,m07,mut_s1,detail,1,9,WSFAXHLMQUUHQT-VMPITWQZNA-N,-6.993
NOS1,m07,mut_s1,detail,1,10,WPHMTVNOXKBZKN-UHFFFAOYNA-N,-7.659
NOS1,m07,mut_s1,detail,1,11,LPEIZNODGHDCCW-UHFFFAOYNA-N,-6.224
NOS1,m07,mut_s1,detail,1,12,QQHWWDVSRWOHEP-LILDFLRNNA-N,-8.864
NOS1,m07,mut_s1,detail,1,13,UMEVSSPGBFVQNC-UHFFFAOYNA-N,-6.893
NOS1,m07,mut_s1,detail,1,14,VZDIOEKWWZRNQN-UHFFFAOYNA-N,-8.995
NOS1,m07,mut_s1,detail,1,15,JEVLDOUORFAHRS-NDKGDYFDNA-N,-7.44
NOS1,m07,mut_s1,detail,1,16,NFTGJNJRMWUBPG-GPQMBLKYNA-N,-7.206
NOS1,m07,mut_s1,detail,1,17,UMUUTEZBWGDVDA-UHFFFAOYNA-N,-8.303
NOS1,m07,mut_s1,detail,1,18,VLQKEPLNPGYNDJ-HCKMINDGNA-N,-8.032
NOS1,m07,mut_s1,detail,1,19,PPMVTAATPZLMJM-CDDDEJBQNA-N,-9.208
NOS1,m07,mut_s1,detail,1,20,AHLYFAKLKLMESK-YAQRNVERNA-N,-7.536
NOS1,m07,mut_s1,detail,1,21,GYEJYLAGVWRSIM-KGJHZMDYNA-N,-8.982
NOS1,m07,mut_s1,detail,1,22,RXVALSLAUOIYLW-UHFFFAOYNA-N,-6.718
NOS1,m07,mut_s1,detail,1,23,NSELYIFATLFDOZ-JLGFQASFNA-N,-8.22
NOS1,m07,mut_s1,detail,1,24,COQFBYACOHFCEC-UHFFFAOYNA-N,-8.308
NOS1,m07,mut_s1,detail,1,25,CJGJXFCLDYQBFQ-YJGXKCCXNA-N,-8.689
NOS1,m07,mut_s1,detail,1,26,BWNGRRJLFYHENY-INIZCTEONA-N,-7.687
NOS1,m07,mut_s1,detail,1,27,BNRFXWSJKVJVOF-UYBDAZJANA-N,-9.268
NOS1,m07,mut_s1,detail,1,28,DMULMZBZVBBWBY-PJZINPJWNA-N,-8.134
NOS1,m07,mut_s1,detail,1,29,AXLAIGJGNKHDPO-UHFFFAOYNA-N,-6.767
NOS1,m07,mut_s1,detail,1,30,RKDGAONZEPYEBT-WXRBYKJCNA-N,-8.377
NOS1,m07,mut_s1,detail,1,31,MBOYDUZSCSNUQL-MBBDSNKKNA-N,-7.799
NOS1,m07,mut_s1,detail,1,32,KPVDBHRTXOFQDK-YAQRNVERNA-N,-7.069
NOS1,m07,mut_s1,detail,1,33,LVCNFMYUKISBSB-VJSNTGQMNA-N,-7.963
NOS1,m07,mut_s1,detail,1,34,XLAHCIRKLMJUQC-DZQCGVKKNA-N,-8.948
NOS1,m07,mut_s1,detail,1,35,QNYHDABGLCBJOE-SHHGZXMVNA-N,-8.319
NOS1,m07,mut_s1,detail,1,36,HEKNRISBWSPMOG-OWTLIXCDNA-N,-6.744
NOS1,m07,mut_s1,detail,1,37,VIRNXCRLEVZXNX-LILDFLRNNA-N,-9.006
NOS1,m07,mut_s1,detail,1,38,SRTGERSEXJGDMR-UHFFFAOYNA-N,-8.183
NOS1,m07,mut_s1,detail,1,39,ZGMGSSRLZJYOKH-WXRBYKJCNA-N,-7.775
NOS1,m07,mut_s1,detail,1,40,VGYFDFRFGHHCDA-CUTUCBJDNA-N,-9.222
NOS1,m07,mut_s1,detail,1,41,DILPMLYWQJPNLO-HCKMINDGNA-N,-8.53
NOS1,m07,mut_s1,detail,1,42,RSOODJIGEVJLMK-LQFNOIFHNA-N,-9.996
NOS1,m07,mut_s1,detail,1,43,OWHHWMUAYBIQPR-UHFFFAOYNA-N,-9.63
NOS1,m07,mut_s1,detail,1,44,KPIKMVZJKZDOFC-UHFFFAOYNA-N,-9.561
NOS1,m07,mut_s1,detail,1,45,DIKDKRUREJXLMR-DPMTXJEANA-N,-9.178
NOS1,m07,mut_s1,detail,1,46,QRVJDPKQHAVBDK-UYBDAZJANA-N,-7.807
NOS1,m07,mut_s1,detail,1,47,SGBSFKSDPWOALT-UYBDAZJANA-N,-8.937
NOS1,m07,mut_s1,detail,1,48,CYHFRNFVZWVHCG-OTJKMEOQNA-N,-9.071
NOS1,m07,mut_s1,detail,1,49,MJUDQDHXCQONOA-MPIMZMORNA-N,-9.239
NOS1,m07,mut_s1,detail,1,50,RNVYRNLUUYNQAS-PKSOQXRJNA-N,-8.233
NOS1,m07,mut_s1,detail,1,51,DLZXOZYETDVJEB-QWOVJGMINA-N,-6.984
NOS1,m07,mut_s1,detail,1,52,HSICVZRDGBJSEL-GPQMBLKYNA-N,-7.938
NOS1,m07,mut_s1,detail,1,53,HMRUHHFLIMYEAF-QNGOCPJXNA-N,-7.7
NOS1,m07,mut_s1,detail,1,54,ZZOWQPSBJUXHCA-YSPRVCGUNA-N,-8.764
NOS1,m07,mut_s1,detail,1,55,WDDJLHOUFWSQSV-UHFFFAOYNA-N,-8.466
NOS1,m07,mut_s1,detail,1,56,UKLIIGXGTPSYBF-IBCWCQIKNA-N,-7.444
NOS1,m07,mut_s1,detail,1,57,LNPOBRXJZYGQMS-MOHJPFBDNA-N,-8.691
NOS1,m07,mut_s1,detail,1,58,FYILBFPPKIZBTO-UHFFFAOYNA-N,-7.593
NOS1,m07,mut_s1,detail,1,59,MIKIJFODTJGFDI-LILDFLRNNA-N,-8.629
NOS1,m07,mut_s1,detail,1,60,RUWCNSLWWCWTSU-LILDFLRNNA-N,-8.711
NOS1,m07,mut_s1,detail,1,61,KLQWCHKIQJHYIB-UHFFFAOYNA-N,-9.862
NOS1,m07,mut_s1,detail,1,62,QKAWGENQCGFAOE-NPVYFSBINA-N,-7.698
NOS1,m07,mut_s1,detail,1,63,KGOKCBRZBBEYBE-MMRXBHCZNA-N,-10.188
NOS1,m07,mut_s1,detail,1,64,ROFRXCLSWKEWTN-UHFFFAOYNA-N,-7.474
NOS1,m07,mut_s1,detail,1,65,AKRMJNKLSCBEME-FPYGCLRLNA-N,-8.665
NOS1,m07,mut_s1,detail,1,66,LCGJUJZLLYTYIF-XMFFZCEENA-N,-8.68
NOS1,m07,mut_s1,detail,1,67,FREQNFSEYLEFOI-QRCVEOAVNA-N,-9.096
NOS1,m07,mut_s1,detail,1,68,MHMINAYLMNBGSM-UHFFFAOYNA-N,-7.061
NOS1,m07,mut_s1,detail,1,69,SYMNTBHEGHFZMV-UHFFFAOYNA-N,-8.468
NOS1,m07,mut_s1,detail,1,70,NNCRWGMPCGSKOO-LILDFLRNNA-N,-7.995
NOS1,m07,mut_s1,detail,1,71,ZCRRNCCNJMRGFI-UHFFFAOYNA-N,-9.037
NOS1,m07,mut_s1,detail,1,72,PYVZEIBGEUQNQQ-UHFFFAOYNA-N,-8.472
NOS1,m07,mut_s1,detail,1,73,OROJQWVRCGJACT-XBTAAFKLNA-N,-8.705
NOS1,m07,mut_s1,detail,1,74,TXYUWXKCUDOUGU-JLGFQASFNA-N,-8.103
NOS1,m07,mut_s1,detail,1,75,LAZANALODSEDSE-UHFFFAOYNA-N,-7.815
NOS1,m07,mut_s1,detail,1,76,RJXCYVJLXGRCHK-UHFFFAOYNA-N,-9.124
NOS1,m07,mut_s1,detail,1,77,FUSKIBWHJAWEFI-IEJAXPBYNA-N,-8.121
NOS1,m07,mut_s1,detail,1,78,SGWVLOCBQLQWQV-UHFFFAOYNA-N,-7.426
NOS1,m07,mut_s1,detail,1,79,PPXRQTYXLZCDAZ-QWOVJGMINA-N,-9.522
NOS1,m07,mut_s1,detail,1,80,DIFBADFWLVYFHV-LELJVTLKNA-N,-9.932
NOS1,m07,mut_s1,detail,1,81,XREOSEVJCQGCHE-MHPMNMKGNA-N,-9.013
NOS1,m07,mut_s1,detail,1,82,ZHGPKHBXSKWZEQ-UHFFFAOYNA-N,-7.739
NOS1,m07,mut_s1,detail,1,83,ZFAYPJJNPSNAFK-UHFFFAOYNA-N,-10.539
NOS1,m07,mut_s1,detail,1,84,LTXMRAGWIDQTQT-MYUTVWBTNA-N,-9.487
NOS1,m07,mut_s1,detail,1,85,VXQHYHSSGLOALC-SPEPDGBUNA-N,-8.637
NOS1,m07,mut_s1,detail,1,86,KWDSFRAWCISROF-PJQSKVNONA-N,-9.031
NOS1,m07,mut_s1,detail,1,87,ZJZXSQPHUQUHIV-ZGZFQTMPNA-N,-9.645
NOS1,m07,mut_s1,detail,1,88,UYHIVPBYFWVWEJ-UHFFFAOYNA-N,-9.369
NOS1,m07,mut_s1,detail,1,89,PLEFJSUCKRWHBY-LNNLXFCONA-N,-8.628
NOS1,m07,mut_s1,detail,1,90,DNSRQCRQLKJUCC-PDJAEHLQNA-N,-8.062
NOS1,m07,mut_s1,detail,1,91,PHYKZCBUNVYJNH-YDBXFXKPNA-N,-7.95
NOS1,m07,mut_s1,detail,1,92,OOUHZBUAVKCDGA-UHFFFAOYNA-N,-8.394
NOS1,m07,mut_s1,detail,1,93,UUQDFZFJDFMLHW-UHFFFAOYNA-N,-8.49
NOS1,m07,mut_s1,detail,1,94,OOUDDHNLDLLUOL-SKKVRFOWNA-N,-9.35
NOS1,m07,mut_s1,detail,1,95,ZDMQSUAMTLXUTE-MPIMZMORNA-N,-8.433
NOS1,m07,mut_s1,detail,1,96,NMPLPABDEKPABN-UHFFFAOYNA-N,-9.129
NOS1,m07,mut_s1,detail,1,97,INZRHGSVWGRHBM-NPVYFSBINA-N,-10.282
NOS1,m07,mut_s1,detail,1,98,RVGCWMKVTAEQIH-LNNLXFCONA-N,-9.458
NOS1,m07,mut_s1,detail,1,99,VRXWKRQOVMZBAF-LJQANCHMNA-N,-9.184
NOS1,m07,mut_s1,detail,1,100,QACLWOIBBYOHQP-UYBDAZJANA-N,-8.023
NOS1,m07,mut_s1,detail,1,101,ZNXSZVFPCBIELQ-LNNLXFCONA-N,-8.569
NOS1,m07,mut_s1,detail,1,102,GKMWCCNMKRSQHR-VEKUMTKDNA-N,-8.73
NOS1,m07,mut_s1,detail,1,103,FFGUSRSMWFYKGK-SKKVRFOWNA-N,-9.566
NOS1,m07,mut_s1,detail,1,104,KXBDDGKXLZBLOM-SPEPDGBUNA-N,-9.135
NOS1,m07,mut_s1,detail,1,105,MIUWULAZCXYTJW-MSHHZIMBNA-N,-9.736
NOS1,m07,mut_s1,detail,1,106,JPZOYWVRFLZCIC-NJNXFGOHNA-N,-10.738
NOS1,m07,mut_s1,detail,1,107,FAIQTLBYDVKBAB-DVIAZDKANA-N,-8.707
NOS1,m07,mut_s1,detail,1,108,APFLRZZAOXCNAZ-UHFFFAOYNA-N,-9.85
NOS1,m07,mut_s1,detail,1,109,BSQLDSQTGOZBFD-UHFFFAOYNA-N,-8.277
NOS1,m07,mut_s1,detail,1,110,ZVVCFJXCDATSCC-UHFFFAOYNA-N,-7.45
NOS1,m07,mut_s1,detail,1,111,SKEQTXZATFWVMB-UYBDAZJANA-N,-6.968
NOS1,m07,mut_s1,detail,1,112,IATWYRHDJKMBQK-MPIMZMORNA-N,-8.87
NOS1,m07,mut_s1,detail,1,113,JPWOEQDCUZCWKT-MPIMZMORNA-N,-7.814
NOS1,m07,mut_s1,detail,1,114,RYHSAXRBHDHPPK-PKSOQXRJNA-N,-7.97
NOS1,m07,mut_s1,detail,1,115,GKKJWUFVZJJFPG-MPIMZMORNA-N,-9.467
NOS1,m07,mut_s1,detail,1,116,FDNZXFDUCINVLY-BDGWVKIONA-N,-8.934
NOS1,m07,mut_s1,detail,1,117,KTBYKHKWIFIFAK-UHFFFAOYNA-N,-9.61
NOS1,m07,mut_s1,detail,1,118,ZRXZEWGUECXTTQ-LQFNOIFHNA-N,-9.205
NOS1,m07,mut_s1,detail,1,119,XNACBBGLIAJNJM-PECIQRARNA-N,-8.468
NOS1,m07,mut_s1,detail,1,120,WQZYYJRVBIQUGH-YWZOXAELNA-N,-8.313
NOS1,m07,mut_s1,detail,1,121,ABMSRNRLDZVJFV-SWUIVHNENA-N,-8.706
NOS1,m07,mut_s1,detail,1,122,ZEACBIUBSOLEGW-QAITUMOCNA-N,-10.433
NOS1,m07,mut_s1,detail,1,123,UBFCDXVLKFOOGL-OKPOJWAQNA-N,-8.227
NOS1,m07,mut_s1,detail,1,124,RRIHVAFUFDANEX-NSJMMFDCNA-N,-8.418
NOS1,m07,mut_s1,detail,1,125,HASIAUWPWKTSBW-SREBMQDQNA-N,-8.857
NOS1,m07,mut_s1,detail,1,126,WHBCKYHTCHCHAY-LQFNOIFHNA-N,-9.009
NOS1,m07,mut_s1,detail,1,127,XMAYWYJOQHXEEK-JYFHCDHNNA-N,-9.403
NOS1,m07,mut_s1,detail,1,128,TVKCFCZANTZCSU-OYRHEFFENA-N,-9.377
NOS1,m07,mut_s1,detail,1,129,OJFIIUWPOHBVMH-LNNLXFCONA-N,-8.603
NOS1,m07,mut_s1,detail,1,130,DKLZMGFTGWKNCD-DIRLUKLVNA-N,-9.745
NOS1,m07,mut_s1,detail,1,131,PYSLGWZFRQWTDD-PWIKPTQSNA-N,-9.343
NOS1,m07,mut_s1,detail,1,132,MWMBIUUYBQWKJX-QTUCRYGENA-N,-9.52
NOS1,m07,mut_s1,detail,1,133,FLYQFCXTEFTSQN-UHFFFAOYNA-N,-9.151
NOS1,m07,mut_s1,detail,1,134,PBIBDSDWIMZYDT-WBWGZOKWNA-N,-8.984
NOS1,m07,mut_s1,detail,1,135,GSRWMFGBDLHGBU-YEFLILRRNA-N,-8.677
NOS1,m07,mut_s1,detail,1,136,AYIJJQHMZAEQKE-QDAGQJSJNA-N,-9.18
NOS1,m07,mut_s1,detail,1,137,JVWTZUKPDMRNDC-FSAKADSPNA-N,-9.724
NOS1,m07,mut_s1,detail,1,138,XAZPLOLSRXZDBO-LBZABMTDNA-N,-9.467
NOS1,m07,mut_s1,detail,1,139,RGWVFJBNHCWCTL-CFEGKOCINA-N,-9.108
NOS1,m07,mut_s1,detail,1,140,YYWNRQZCPIMCAK-UHFFFAOYNA-N,-8.323
NOS1,m07,mut_s1,detail,1,141,PBTZDKNKXRSZPM-XBXBPLPCNA-N,-9.568
NOS1,m07,mut_s1,detail,1,142,QQPOIMHFFPBDQM-LELJVTLKNA-N,-8.572
NOS1,m07,mut_s1,detail,1,143,NYFQURFFDGCBCB-MAQJPOOANA-N,-8.473
NOS1,m07,mut_s1,detail,1,144,HXZVHWHABLBWBS-MTTPVDACNA-N,-10.01
NOS1,m07,mut_s1,detail,1,145,IWYYSOJWYLZKLK-LELJVTLKNA-N,-8.046
NOS1,m07,mut_s1,detail,1,146,HOGUCNPGZXMBGW-UHFFFAOYNA-N,-8.529
NOS1,m07,mut_s1,detail,1,147,VITUDJAVASFPKN-DUFUIDNCNA-N,-8.549
NOS1,m07,mut_s1,detail,1,148,IXAHDCRYEUYPBG-SCXYCHFONA-N,-10.235
NOS1,m07,mut_s1,detail,1,149,JWHMEKMLAZQDNS-OZMOGHDGNA-N,-9.699
NOS1,m07,mut_s1,detail,1,150,BZWNBTIJLRHNDZ-LBOYIXSDNA-N,-9.285
NOS1,m07,mut_s1,detail,1,151,RECYROBESYRUML-UHFFFAOYNA-N,-8.794
NOS1,m07,mut_s1,detail,1,152,MLDSJJJLQRZNKW-UHBIVWOUNA-N,-10.4
NOS1,m07,mut_s1,detail,1,153,XTWIHJARHCYNFX-PHXLCVRDNA-N,-8.486
NOS1,m07,mut_s1,detail,1,154,UQGFETVWTRDGKJ-UHFFFAOYNA-N,-8.147
NOS1,m07,mut_s1,detail,1,155,VJFSMDWEMFOWDK-CYSPOYASNA-N,-9.468
NOS1,m07,mut_s1,detail,1,156,NZYLXYBIWNIAGH-CYSPOYASNA-N,-8.996
NOS1,m07,mut_s1,detail,1,157,ODXCWFOKLBJQNP-MPIMZMORNA-N,-7.899
NOS1,m07,mut_s1,detail,1,158,FVDNMAPPDSKXKQ-UHFFFAOYNA-N,-9.614
NOS1,m07,mut_s1,detail,1,159,DOPWMPRIRWTOOD-CCHPKIMANA-N,-8.449
