target,receptor,tag,mode,seed,k,inchikey,score
PGR,wt,wt_s1,detail,1,0,UDJUXZQGNCUDQR-LILDFLRNNA-N,-8.427
PGR,wt,wt_s1,detail,1,1,GANVJBSNVYJUKL-UHFFFAOYNA-N,-7.189
PGR,wt,wt_s1,detail,1,2,RUBHNPNCPXGKIE-YAQRNVERNA-N,-6.867
PGR,wt,wt_s1,detail,1,3,JYSICDMWNXGPIM-XLPACQNMNA-N,-6.187
PGR,wt,wt_s1,detail,1,4,KZDPKDSPDUVHGB-GAJRPKRDNA-N,-7.561
PGR,wt,wt_s1,detail,1,5,GQKJQNXSSQKJGW-HCKMINDGNA-N,-8.176
PGR,wt,wt_s1,detail,1,6,HJRUOZFNPQVNSF-MNIXEANVNA-N,-8.559
PGR,wt,wt_s1,detail,1,7,ALUOSUMBVMLDKR-UHFFFAOYNA-N,-9.295
PGR,wt,wt_s1,detail,1,8,QMQNUSSPTHZCGT-UYBDAZJANA-N,-9.227
PGR,wt,wt_s1,detail,1,9,UEZBMIQIUOTBJT-UYBDAZJANA-N,-7.939
PGR,wt,wt_s1,detail,1,10,ICZZTNOOMSQNCH-UHFFFAOYNA-N,-7.415
PGR,wt,wt_s1,detail,1,11,AMOFQKAIXTYZIZ-NPVYFSBINA-N,-7.411
PGR,wt,wt_s1,detail,1,12,IZOPLHPCKOSQQN-UHFFFAOYNA-N,-8.062
PGR,wt,wt_s1,detail,1,13,OFZZZJLWPKOLIX-GPQMBLKYNA-N,-8.361
PGR,wt,wt_s1,detail,1,14,BXADTFNFCCRMQU-UHFFFAOYNA-N,-7.033
PGR,wt,wt_s1,detail,1,15,PKQDOSZHMAIBHQ-GPQMBLKYNA-N,-9.15
PGR,wt,wt_s1,detail,1,16,JLTFAWOGGLXAFU-UHFFFAOYNA-N,-7.369
PGR,wt,wt_s1,detail,1,17,QYACKAORZRQPTE-UHFFFAOYNA-N,-7.25
PGR,wt,wt_s1,detail,1,18,FFJKVRCOUHEYOK-YAQRNVERNA-N,-7.385
PGR,wt,wt_s1,detail,1,19,MFTSRMJYWLCCSA-GHRIWEEINA-N,-8.67
PGR,wt,wt_s1,detail,1,20,NDRMSISLKTZBKD-HCKMINDGNA-N,-7.909
PGR,wt,wt_s1,detail,1,21,APGSUVBRVVNRPJ-UHFFFAOYNA-N,-8.298
PGR,wt,wt_s1,detail,1,22,MTIGVNBPQVLRLS-XQMQJMAZNA-N,-7.171
PGR,wt,wt_s1,detail,1,23,WIWDZNZJLUFUSQ-GSIAOYINNA-N,-8.536
PGR,wt,wt_s1,detail,1,24,WVJSLMIKTFBTBO-WVMALLHKNA-N,-7.415
PGR,wt,wt_s1,detail,1,25,QASCAWSPAPUKDI-UHFFFAOYNA-N,-7.485
PGR,wt,wt_s1,detail,1,26,WJZNKICGQZGRPQ-YHMJCDSINA-N,-6.678
PGR,wt,wt_s1,detail,1,27,ACKCEYIVRXUHDK-HCKMINDGNA-N,-7.924
PGR,wt,wt_s1,detail,1,28,GXKXWCKNQMYETG-UHFFFAOYNA-N,-9.171
PGR,wt,wt_s1,detail,1,29,QGTKEDSQUDRCEG-UHFFFAOYNA-N,-7.297
PGR,wt,wt_s1,detail,1,30,NYJUJIFSIDORSZ-LILDFLRNNA-N,-8.944
PGR,wt,wt_s1,detail,1,31,SCGGVBDHUNVGKR-VRGMUVNCNA-N,-9.729
PGR,wt,wt_s1,detail,1,32,ZWGVKWPZYUUFSB-YAQRNVERNA-N,-7.255
PGR,wt,wt_s1,detail,1,33,BCTONXHZFGFJIT-UHFFFAOYNA-N,-8.926
PGR,wt,wt_s1,detail,1,34,BIZAQLNMDJHGTL-HCKMINDGNA-N,-8.767
PGR,wt,wt_s1,detail,1,35,KZFYAEKGSRGKDQ-GPQMBLKYNA-N,-8.038
PGR,wt,wt_s1,detail,1,36,REZYNFOIWKOLBD-UHFFFAOYNA-N,-7.645
PGR,wt,wt_s1,detail,1,37,SDKQIECEJUFKHI-MUSVCJDDNA-N,-8.046
PGR,wt,wt_s1,detail,1,38,XUJSYVYKXBOYJP-JTQLQIEINA-N,-8.881
PGR,wt,wt_s1,detail,1,39,NVHKWMBHTXQWRP-NSFCMMSCNA-N,-8.34
PGR,wt,wt_s1,detail,1,40,AHYPQQDJTFMEJW-VGOFMYFVNA-N,-7.801
PGR,wt,wt_s1,detail,1,41,BGRJTUBHPOOWDU-QDYITYEQNA-N,-7.404
PGR,wt,wt_s1,detail,1,42,KJQORRCKEQRHKP-UHFFFAOYNA-N,-8.441
PGR,wt,wt_s1,detail,1,43,SJFPWWYCPGONOM-UHFFFAOYNA-N,-7.756
PGR,wt,wt_s1,detail,1,44,VEZJRJGLFIXQHG-KJQBJTEXNA-N,-8.691
PGR,wt,wt_s1,detail,1,45,VQXJTNXJSNLNEM-WYUMXYHSNA-N,-8.717
PGR,wt,wt_s1,detail,1,46,RWCDZKHBJGXNQH-UHFFFAOYNA-N,-7.695
PGR,wt,wt_s1,detail,1,47,JXOHPGXCMHDJOH-XQMQJMAZNA-N,-7.354
PGR,wt,wt_s1,detail,1,48,XNBZHZUOHMKIBH-UHFFFAOYNA-N,-7.554
PGR,wt,wt_s1,detail,1,49,VTEXVGQDUYFTHA-UHFFFAOYNA-N,-6.762
PGR,wt,wt_s1,detail,1,50,IUJLOAKJZQBENM-UHFFFAOYNA-N,-7.147
PGR,wt,wt_s1,detail,1,51,QHULAWVSDWNAPE-UHFFFAOYNA-N,-7.446
PGR,wt,wt_s1,detail,1,52,VGJKJRWFEYUOMP-YAQRNVERNA-N,-7.413
PGR,wt,wt_s1,detail,1,53,DDCFZIXVFUZWLX-UHFFFAOYNA-N,-8.494
PGR,wt,wt_s1,detail,1,54,OTCRWFSKWBSBLF-UHFFFAOYNA-N,-7.719
PGR,wt,wt_s1,detail,1,55,YFYMHQPNOSTLFF-XQMQJMAZNA-N,-7.551
PGR,wt,wt_s1,detail,1,56,DYMQNLJFFJCVBA-UHFFFAOYNA-N,-7.871
PGR,wt,wt_s1,detail,1,57,QERUYJGOUSNCOY-YHMJCDSINA-N,-7.487
PGR,wt,wt_s1,detail,1,58,VBKFPTDUXZKHJG-VNHYZAJKNA-N,-8.145
PGR,wt,wt_s1,detail,1,59,ZBEDJPDEINGEHM-UHFFFAOYNA-N,-6.516
PGR,wt,wt_s1,detail,1,60,LIEZHLXUCGSNOU-UHFFFAOYNA-N,-8.975
PGR,wt,wt_s1,detail,1,61,RROQODCMZSASRX-UHFFFAOYNA-N,-6.775
PGR,wt,wt_s1,detail,1,62,BPMAVTHRQBBTNZ-UYBDAZJANA-N,-9.105
PGR,wt,wt_s1,detail,1,63,ATKWLNSCJYLXPF-FICVDOATNA-N,-9.012
PGR,wt,wt_s1,detail,1,64,RLUBDGBLOPBNLZ-UHFFFAOYNA-N,-9.183
PGR,wt,wt_s1,detail,1,65,UVERTHXHNQWOMX-UHFFFAOYNA-N,-8.097
PGR,wt,wt_s1,detail,1,66,BPFYGTYAFCVUAQ-QWOVJGMINA-N,-8.186
PGR,wt,wt_s1,detail,1,67,ZODJKQULMZCUCT-PKSOQXRJNA-N,-7.717
PGR,wt,wt_s1,detail,1,68,WEZGTMJXSVLNML-MPIMZMORNA-N,-6.259
PGR,wt,wt_s1,detail,1,69,IGZPSIOZEAIYTH-UHFFFAOYNA-N,-8.676
PGR,wt,wt_s1,detail,1,70,YRVFOAARONPYKD-UHFFFAOYNA-N,-8.812
PGR,wt,wt_s1,detail,1,71,ZESNJJBGEWLRGV-KAKWUFLPNA-N,-7.934
PGR,wt,wt_s1,detail,1,72,PYCBHJYHBUOUCW-PKSOQXRJNA-N,-7.281
PGR,wt,wt_s1,detail,1,73,ABPSNZWEZWHADJ-GPQMBLKYNA-N,-7.336
PGR,wt,wt_s1,detail,1,74,WXDJXWILXCCWRK-UHFFFAOYNA-N,-7.928
PGR,wt,wt_s1,detail,1,75,VCRWHFFSQUYIOM-DDCYPFOINA-N,-6.665
PGR,wt,wt_s1,detail,1,76,JANVEQMYWYPFNU-RTAVDJSLNA-N,-6.805
PGR,wt,wt_s1,detail,1,77,IQLYJZGQMYCKRA-QWOVJGMINA-N,-7.562
PGR,wt,wt_s1,detail,1,78,CTAZJMUKYKCOMY-HVXXBKQBNA-N,-7.784
PGR,wt,wt_s1,detail,1,79,FXRIMHMLPNSELN-XBTAAFKLNA-N,-6.549
PGR,wt,wt_s1,detail,1,80,GEUQUSZFVWZXJI-UHFFFAOYNA-N,-7.716
PGR,wt,wt_s1,detail,1,81,AFGXLUJVZOJZCS-DVIAZDKANA-N,-6.78
PGR,wt,wt_s1,detail,1,82,QPNICESGZANARJ-MPIMZMORNA-N,-8.169
PGR,wt,wt_s1,detail,1,83,QFHCJULFNFFSDD-MPIMZMORNA-N,-6.062
PGR,wt,wt_s1,detail,1,84,MABJRAVWPUIQDD-GPQMBLKYNA-N,-6.34
PGR,wt,wt_s1,detail,1,85,KEULGNACOIQOLD-LILDFLRNNA-N,-7.297
PGR,wt,wt_s1,detail,1,86,PHUKSBWGYBHYCM-ZANVPECINA-N,-8.65
PGR,wt,wt_s1,detail,1,87,VBFJSECKEUOBIV-UYBDAZJANA-N,-7.489
PGR,wt,wt_s1,detail,1,88,VKOJWPSHQQXTMQ-AWQFTUOYNA-N,-7.275
PGR,wt,wt_s1,detail,1,89,WGGCYQHFLWUGKK-LNNLXFCONA-N,-8.922
PGR,wt,wt_s1,detail,1,90,SEESZUWDWXYFGB-HUUCEWRRNA-N,-6.976
PGR,wt,wt_s1,detail,1,91,SAOIUZZZCRDJIE-UYBDAZJANA-N,-6.674
PGR,wt,wt_s1,detail,1,92,LCZXUQMWBHAHOF-PKSOQXRJNA-N,-7.554
PGR,wt,wt_s1,detail,1,93,HJZRMYRSMHLBMM-UHFFFAOYNA-N,-6.554
PGR,wt,wt_s1,detail,1,94,NYIAMZTVDFGSMO-UHFFFAOYNA-N,-7.185
PGR,wt,wt_s1,detail,1,95,PBGALVWBACEVEC-QWOVJGMINA-N,-7.582
PGR,wt,wt_s1,detail,1,96,DDCGYKUGMMDSDD-PKSOQXRJNA-N,-7.421
PGR,wt,wt_s1,detail,1,97,IIROHAHLTGYHGV-UYBDAZJANA-N,-9.29
PGR,wt,wt_s1,detail,1,98,IQJXWGCMCSFZHI-LQFNOIFHNA-N,-6.945
PGR,wt,wt_s1,detail,1,99,OPSKQPYXZASNGA-QWOVJGMINA-N,-6.385
PGR,wt,wt_s1,detail,1,100,COHPEUUUDGXEPG-MPIMZMORNA-N,-6.636
PGR,wt,wt_s1,detail,1,101,LCLQRXYSCAZUJT-PKSOQXRJNA-N,-6.795
PGR,wt,wt_s1,detail,1,102,DMWUHECJQADMOM-PKSOQXRJNA-N,-8.025
PGR,wt,wt_s1,detail,1,103,RINYNDHGPMMUPG-UYBDAZJANA-N,-7.873
PGR,wt,wt_s1,detail,1,104,GWFMSEYHCOCBEH-UYBDAZJANA-N,-8.354
PGR,wt,wt_s1,detail,1,105,ZSYYKQAVTXERHH-LILDFLRNNA-N,-7.105
PGR,wt,wt_s1,detail,1,106,RFGLZFMBWWKYGX-UHFFFAOYNA-N,-8.065
PGR,wt,wt_s1,detail,1,107,ZCFXIPSPKDGCHW-HSJCKIQZNA-N,-6.747
PGR,wt,wt_s1,detail,1,108,OJBRUITYMUOMQJ-UYBDAZJANA-N,-6.413
PGR,wt,wt_s1,detail,1,109,QRQQRMCYDJTOMZ-IHYGWTSJNA-N,-7.649
PGR,wt,wt_s1,detail,1,110,UZYHGPCXMSFTKE-NPQUBYNZNA-N,-8.001
PGR,wt,wt_s1,detail,1,111,FKRLYCLDDLGGPB-HCKMINDGNA-N,-6.905
PGR,wt,wt_s1,detail,1,112,SJUXHCSNSGLKJD-UYBDAZJANA-N,-6.865
PGR,wt,wt_s1,detail,1,113,MDJMMLITJGVNQI-LILDFLRNNA-N,-6.138
PGR,wt,wt_s1,detail,1,114,LAKWSLSTUWRCOM-UHFFFAOYNA-N,-8.577
PGR,wt,wt_s1,detail,1,115,RZYYWEWDCWHDNZ-PKSOQXRJNA-N,-6.203
PGR,wt,wt_s1,detail,1,116,KSTQHOAVVBOECJ-PKSOQXRJNA-N,-7.839
PGR,wt,wt_s1,detail,1,117,LTBODPBDLZJCLH-UHFFFAOYNA-N,-8.98
PGR,wt,wt_s1,detail,1,118,YNPHZUYBOQPWKQ-UYBDAZJANA-N,-7.886
PGR,wt,wt_s1,detail,1,119,TZYCJGJZUSVUSB-UHFFFAOYNA-N,-5.756
PGR,wt,wt_s1,detail,1,120,YDEMTQMAWLEDQT-HPHMPNDVNA-N,-6.743
PGR,wt,wt_s1,detail,1,121,JJTMKAVMZRVHFW-JZJYNLBNNA-N,-8.816
PGR,wt,wt_s1,detail,1,122,UQILDYXMCYUCGV-MPIMZMORNA-N,-7.306
PGR,wt,wt_s1,detail,1,123,LRULJABSRXBARK-PKSOQXRJNA-N,-6.599
PGR,wt,wt_s1,detail,1,124,FDGMHVXFEWDBLE-GZNJHTOZNA-N,-7.169
PGR,wt,wt_s1,detail,1,125,MDPXBTVEVMPBMF-MRSUPTMINA-N,-5.929
PGR,wt,wt_s1,detail,1,126,PRDMNBQAHOVKAV-UHFFFAOYNA-N,-9.189
PGR,wt,wt_s1,detail,1,127,OBAYJABSUJXLMA-HCKMINDGNA-N,-7.837
PGR,wt,wt_s1,detail,1,128,HLMWKCMXNWJGGO-VNHAUOCNNA-N,-5.924
PGR,wt,wt_s1,detail,1,129,ZWXZFCRRFQRJPF-QWOVJGMINA-N,-6.703
PGR,wt,wt_s1,detail,1,130,IXUSJKAERUMZME-NBNNRKRINA-N,-8.87
PGR,wt,wt_s1,detail,1,131,WDVACORMOUBMRH-NPQUBYNZNA-N,-7.866
PGR,wt,wt_s1,detail,1,132,UXLJJGBAQOYQMV-UHFFFAOYNA-N,-8.031
PGR,wt,wt_s1,detail,1,133,RWPNUXJCHLIEDT-UHFFFAOYNA-N,-5.891
PGR,wt,wt_s1,detail,1,134,BTCLKPCIIFOYHE-KRMNUSLJNA-N,-6.883
PGR,wt,wt_s1,detail,1,135,IGYZXGKFEXFDBK-SPEPDGBUNA-N,-8.422
PGR,wt,wt_s1,detail,1,136,RUKFQFDSWPNHGL-LNNLXFCONA-N,-6.373
PGR,wt,wt_s1,detail,1,137,QTHMBVGZTPOODZ-FVJBVQDQNA-N,-5.362
PGR,wt,wt_s1,detail,1,138,BLQYVHBZHAISJM-LSHAIWFFNA-N,-6.529
PGR,wt,wt_s1,detail,1,139,WMDYKLMOCCOUEL-SACSUSJJNA-N,-8.584
PGR,wt,wt_s1,detail,1,140,LEVPVCOKBQEXMQ-MPIMZMORNA-N,-7.008
PGR,wt,wt_s1,detail,1,141,YYDFYJDBXOSJHE-WBMJQRKENA-N,-6.69
PGR,wt,wt_s1,detail,1,142,NFXJPCKVPBXSDH-LQFNOIFHNA-N,-6.273
PGR,wt,wt_s1,detail,1,143,KAUHJCPWWQWSJV-LELJVTLKNA-N,-6.508
PGR,wt,wt_s1,detail,1,144,NVZSQUSTRBKANP-YIVFFDRWNA-N,-7.34
PGR,wt,wt_s1,detail,1,145,WIKNISOFBKUYKR-LBOYIXSDNA-N,-8.478
PGR,wt,wt_s1,detail,1,146,AQIYGSAXYBBKKP-LNNLXFCONA-N,-6.023
PGR,wt,wt_s1,detail,1,147,TWKQKOFHSPYVSG-LQFNOIFHNA-N,-6.916
PGR,wt,wt_s1,detail,1,148,LVWSKXKIFXRKQJ-QWOVJGMINA-N,-5.705
PGR,wt,wt_s1,detail,1,149,BBBUKQRTMPJLSL-FHIWLMNKNA-N,-5.813
PGR,wt,wt_s1,detail,1,150,SCECNMVMCCDVHC-UHFFFAOYNA-N,-8.635
PGR,wt,wt_s1,detail,1,151,OLMVVVWTBFULHB-HXTKINSTNA-N,-6.601
PGR,wt,wt_s1,detail,1,152,BJXFHKHIABEKFL-HXTKINSTNA-N,-6.47
PGR,wt,wt_s1,detail,1,153,GMYAIAZTDBDYGE-UHFFFAOYNA-N,-7.617
PGR,wt,wt_s1,detail,1,154,OMIWVZGQMXEZLZ-UHFFFAOYNA-N,-8.177
PGR,wt,wt_s1,detail,1,155,SFQDUATXFZWGHZ-UHFFFAOYNA-N,-4.69
PGR,wt,wt_s1,detail,1,156,AMRCHQSZZXWZBI-UHFFFAOYNA-N,-4.745
PGR,wt,wt_s1,detail,1,157,PDKBGLXLXHGRIF-UHFFFAOYNA-N,-6.156
PGR,wt,wt_s1,detail,1,158,IMPCJHDDDAGSIP-UHFFFAOYNA-N,-6.163
PGR,wt,wt_s1,detail,1,159,QKASSONCRIQFQE-UHFFFAOYNA-N,-6.784
PGR,wt,wt_s1,detail,1,160,RBPSUSGZEBUPLW-LELJVTLKNA-N,-7.455
PGR,wt,wt_s1,detail,1,161,IZMNNUPSRDMEKL-LICXQBBSNA-N,-7.899
PGR,wt,wt_s1,detail,1,162,PAVNRYHGSYWSPV-MPIMZMORNA-N,-5.822
PGR,wt,wt_s1,detail,1,163,TZXYYVHNWAKJLI-UHFFFAOYNA-N,-6.531
PGR,wt,wt_s1,detail,1,164,HNOCRTTZBPUBHY-UHFFFAOYNA-N,-7.4
PGR,wt,wt_s1,detail,1,165,WMPZPNIPTZCCJK-PKSOQXRJNA-N,-5.226
PGR,wt,wt_s1,detail,1,166,OBPAOULTANNRFC-QWOVJGMINA-N,-7.279
PGR,wt,wt_s1,detail,1,167,UCJOWIKNRBWRAB-UHFFFAOYNA-N,-7.648
PGR,wt,wt_s1,detail,1,168,GFKDVMSTTKOYOX-QCVZTBOQNA-N,-7.014
PGR,wt,wt_s1,detail,1,169,BAEJDWKEKZSULN-UHFFFAOYNA-N,-6.159
PGR,wt,wt_s1,detail,1,170,KZUDVENDSUODSU-LQFNOIFHNA-N,-8.853
PGR,wt,wt_s1,detail,1,171,HBYPDVHGDKCNMT-DVIAZDKANA-N,-6.695
PGR,wt,wt_s1,detail,1,172,PMUHFTCPDVPMRF-LELJVTLKNA-N,-8.033
PGR,wt,wt_s1,detail,1,173,XIYSICLOFPYCTK-ZVWSISBDNA-N,-5.887
PGR,wt,wt_s1,detail,1,174,CFOFCUAQALFPIW-HPRFPMAVNA-N,-6.393
PGR,wt,wt_s1,detail,1,175,ZNBMRULRQJAJNW-IRIILVJRNA-N,-7.902
PGR,wt,wt_s1,detail,1,176,RSQKKNPJKLBGPF-DVIAZDKANA-N,-8.173
PGR,wt,wt_s1,detail,1,177,UIYRVVZHZVHONZ-QWOVJGMINA-N,-6.708
PGR,wt,wt_s1,detail,1,178,RNCGDYFDZJIQTQ-UHFFFAOYNA-N,-9.079
PGR,wt,wt_s1,detail,1,179,QOWFNZNDIAKQKO-QFIPXVFZNA-N,-5.939
PGR,wt,wt_s1,detail,1,180,FIPNXDSUMLBDQK-LQFNOIFHNA-N,-7.474
PGR,wt,wt_s1,detail,1,181,NHFGNUVGTDMGKX-UHFFFAOYNA-N,-5.815
PGR,wt,wt_s1,detail,1,182,RNBGNITZKVUDSK-YFMNGRKDNA-N,-5.592
PGR,wt,wt_s1,detail,1,183,CPEKPARXQVWWJD-IAXKEJLGNA-N,-4.593
PGR,wt,wt_s1,detail,1,184,IEAABJYVWXHFOX-MPIMZMORNA-N,-6.836
PGR,wt,wt_s1,detail,1,185,DSNCXRXGMZSRBV-GOSISDBHNA-N,-8.278
PGR,wt,wt_s1,detail,1,186,DOVTZHSQYCZIIX-MPIMZMORNA-N,-7.015
PGR,wt,wt_s1,detail,1,187,BKYWKCMMWRHBGX-SPEPDGBUNA-N,-8.526
PGR,wt,wt_s1,detail,1,188,MTRHSIOVVWFAOM-MPIMZMORNA-N,-6.129
PGR,wt,wt_s1,detail,1,189,VZLVPTSUFJDRRQ-LELJVTLKNA-N,-5.767
PGR,wt,wt_s1,detail,1,190,FJYPQTWLGSEZAE-UNEGGNDLNA-N,-8.011
PGR,wt,wt_s1,detail,1,191,FOJSFYSVCCQUQP-VVKINWOJNA-N,-5.634
PGR,wt,wt_s1,detail,1,192,SULPKNWDXWJTHQ-GCNJZUOMNA-N,-6.179
PGR,wt,wt_s1,detail,1,193,JTPAQMOUZGIORE-UHFFFAOYNA-N,-6.389
PGR,wt,wt_s1,detail,1,194,KRFPGHLUAFZMRZ-TYOBWDGZNA-N,-5.947
PGR,wt,wt_s1,detail,1,195,TVZGACDUOSZQKY-XBGCRKGSNA-N,-8.037
PGR,wt,wt_s1,detail,1,196,CXDZGSNFZYGQSZ-PKRZOPRNNA-N,-7.103
PGR,wt,wt_s1,detail,1,197,FBZYWIMLLHPUPX-VJSLDGLSNA-N,-6.691
PGR,wt,wt_s1,detail,1,198,HKJNKURRZRPPMK-MDXLESTANA-N,-5.364
PGR,wt,wt_s1,detail,1,199,DVAPEEIVFMOBQW-SLSKDPHBNA-N,-6.769
PGR,wt,wt_s1,detail,1,200,SVDIZPBCTLXSOH-LNNLXFCONA-N,-6.54
PGR,wt,wt_s1,detail,1,201,NDXCWKMYPWRPDY-NUCQJGHSNA-N,-6.082
PGR,wt,wt_s1,detail,1,202,VXHUMLIJAQHWIX-CRNXEPDINA-N,-6.972
PGR,wt,wt_s1,detail,1,203,KBZDVXICPAJAAT-LNNLXFCONA-N,-5.698
PGR,wt,wt_s1,detail,1,204,DVFDTYFATLFXHU-WOPMAMTRNA-N,-5.607
PGR,wt,wt_s1,detail,1,205,WURBKQGAFSESKZ-MPIMZMORNA-N,-5.94
PGR,wt,wt_s1,detail,1,206,LXGVFBXRKSCESU-UWUUZOGGNA-N,-6.038
PGR,wt,wt_s1,detail,1,207,CQWFJACPUQVVQZ-UHFFFAOYNA-N,-4.75
PGR,wt,wt_s1,detail,1,208,FEZAUPQJLJCQHD-XRJCTRHONA-N,-7.55
PGR,wt,wt_s1,detail,1,209,IDKGPACCMPKKQB-LIPPOORTNA-N,-8.326
PGR,wt,wt_s1,detail,1,210,PEPJPELNFRAZNQ-LKHHGCNMNA-N,-6.786
PGR,wt,wt_s1,detail,1,211,GRUWUINXLANFJE-LBOYIXSDNA-N,-6.441
PGR,wt,wt_s1,detail,1,212,RTFGYBAMFJVGHJ-UHFFFAOYNA-N,-5.157
PGR,wt,wt_s1,detail,1,213,LYJNRGFCMLOFNV-HIVOMVAKNA-N,-5.709
PGR,wt,wt_s1,detail,1,214,MKDSWBAEXGFAEE-LBOYIXSDNA-N,-6.09
PGR,wt,wt_s1,detail,1,215,NSLNDONZYBNSFU-ASVXZIMGNA-N,-5.64
PGR,wt,wt_s1,detail,1,216,HUDCDZLLNLJTEW-RBSQRGBYNA-N,-5.586
PGR,wt,wt_s1,detail,1,217,OFRDBFMZCXXKAH-LBOYIXSDNA-N,-6.354
PGR,wt,wt_s1,detail,1,218,NSLGAHAKEFYCED-PELNGNISNA-N,-6.195
PGR,wt,wt_s1,detail,1,219,QLSURSTUZJVSGU-NSJMMFDCNA-N,-7.042
PGR,wt,wt_s1,detail,1,220,CXLYWVWLNDGNIU-VEORKLDJNA-N,-5.759
PGR,wt,wt_s1,detail,1,221,RHIJMDNVEPLDED-UHFFFAOYNA-N,-5.888
PGR,wt,wt_s1,detail,1,222,YNUXXMJVZSTPFZ-CSKMVECVNA-N,-6.971
PGR,wt,wt_s1,detail,1,223,ILWOOGUHZKNTQQ-DNVCBOLYNA-N,-6.466
PGR,wt,wt_s1,detail,1,224,CARWTONHZWZDHZ-XIPNIRHDNA-N,-6.265
PGR,wt,wt_s1,detail,1,225,OSMWANBXVVPETF-HTBVCZPNNA-N,-7.153
PGR,wt,wt_s1,detail,1,226,KCNVHXJEALIYQI-PCRUTULWNA-N,-5.544
PGR,wt,wt_s1,detail,1,227,FPUDFDKQGXUBJA-QQXSKIMKNA-N,-6.67
PGR,wt,wt_s1,detail,1,228,MQWZYEDJGHLFFI-VJSLDGLSNA-N,-8.029
PGR,wt,wt_s1,detail,1,229,YPTIEFMKXZIMKO-LNNLXFCONA-N,-7.387
PGR,wt,wt_s1,detail,1,230,MWIZLUKLQZEFBC-LKHHGCNMNA-N,-5.664
PGR,wt,wt_s1,detail,1,231,PMNZCFDKKKLFHH-LBOYIXSDNA-N,-6.454
PGR,wt,wt_s1,detail,1,232,NELOFNHVEWRSBT-OKPOJWAQNA-N,-6.519
PGR,wt,wt_s1,detail,1,233,VCXACHHEDDVKAY-SREBMQDQNA-N,-6.587
PGR,wt,wt_s1,detail,1,234,KWJVADNYZMUTJY-IPYVVANSNA-N,-5.888
PGR,wt,wt_s1,detail,1,235,LLQAFRKQJAOAMO-XGEXJYLCNA-N,-5.155
PGR,wt,wt_s1,detail,1,236,VCAMVXBSKDFRFE-LNNLXFCONA-N,-6.119
PGR,wt,wt_s1,detail,1,237,QXIHUBWNLRPDRU-UHFFFAOYNA-N,-5.643
PGR,wt,wt_s1,detail,1,238,JUXOLKXMOLRWLC-MPIMZMORNA-N,-6.474
PGR,wt,wt_s1,detail,1,239,SQTIAXOMFTYLLF-QVYQQCQZNA-N,24.45
PGR,wt,wt_s1,detail,1,240,BJSKDMOWRPAVMK-UHFFFAOYNA-N,-8.819
PGR,wt,wt_s1,detail,1,241,VRQPEWWROOGXLL-VJSLDGLSNA-N,-5.419
PGR,wt,wt_s1,detail,1,242,IXNOFPXGSKSKJH-HXTKINSTNA-N,-7.508
PGR,wt,wt_s1,detail,1,243,BMCFOHNLKRIWMC-UHFFFAOYNA-N,-5.677
PGR,wt,wt_s1,detail,1,244,FLFMKNMHDFIWDB-PJQSKVNONA-N,-6.798
PGR,wt,wt_s1,detail,1,245,JJLXVLWPUFIUBC-IGBJZSFZNA-N,-7.553
PGR,wt,wt_s1,detail,1,246,ZXCSBCTVTJFLOZ-JUEKIJOLNA-N,-7.321
PGR,wt,wt_s1,detail,1,247,LCSLDZZBWHBLFA-UHFFFAOYNA-N,-5.062
PGR,wt,wt_s1,detail,1,248,CAVTYMQSFAIXRJ-AKXZRBJUNA-N,-5.102
PGR,wt,wt_s1,detail,1,249,UFXJYIXRQNBEDW-UHFFFAOYNA-N,-7.44
PGR,wt,wt_s1,detail,1,250,HWIAWSLSCZUKKA-SFHVURJKNA-N,-6.981
PGR,wt,wt_s1,detail,1,251,MYHQHPUWOWUUQI-ZELWXOMMNA-N,-5.671
PGR,wt,wt_s1,detail,1,252,GWNRIUBPBWOQGT-UHFFFAOYNA-N,-6.12
PGR,wt,wt_s1,detail,1,253,YCWRQUXRVNLWEM-LELJVTLKNA-N,-7.286
PGR,wt,wt_s1,detail,1,254,DMRFDXBCAQFSFQ-UYLYIRGYNA-N,-7.605
PGR,wt,wt_s1,detail,1,255,XCZDGLYGEYYXKS-UWLQQCCWNA-N,-4.876
PGR,wt,wt_s2,detail,2,0,UDJUXZQGNCUDQR-LILDFLRNNA-N,-8.543
PGR,wt,wt_s2,detail,2,1,GANVJBSNVYJUKL-UHFFFAOYNA-N,-7.425
PGR,wt,wt_s2,detail,2,2,RUBHNPNCPXGKIE-YAQRNVERNA-N,-6.828
PGR,wt,wt_s2,detail,2,3,JYSICDMWNXGPIM-XLPACQNMNA-N,-7.039
PGR,wt,wt_s2,detail,2,4,KZDPKDSPDUVHGB-GAJRPKRDNA-N,-7.57
PGR,wt,wt_s2,detail,2,5,GQKJQNXSSQKJGW-HCKMINDGNA-N,-8.144
PGR,wt,wt_s2,detail,2,6,HJRUOZFNPQVNSF-MNIXEANVNA-N,-8.534
PGR,wt,wt_s2,detail,2,7,ALUOSUMBVMLDKR-UHFFFAOYNA-N,-9.295
PGR,wt,wt_s2,detail,2,8,QMQNUSSPTHZCGT-UYBDAZJANA-N,-9.159
PGR,wt,wt_s2,detail,2,9,UEZBMIQIUOTBJT-UYBDAZJANA-N,-7.937
PGR,wt,wt_s2,detail,2,10,ICZZTNOOMSQNCH-UHFFFAOYNA-N,-7.318
PGR,wt,wt_s2,detail,2,11,AMOFQKAIXTYZIZ-NPVYFSBINA-N,-7.445
PGR,wt,wt_s2,detail,2,12,IZOPLHPCKOSQQN-UHFFFAOYNA-N,-8.073
PGR,wt,wt_s2,detail,2,13,OFZZZJLWPKOLIX-GPQMBLKYNA-N,-8.382
PGR,wt,wt_s2,detail,2,14,BXADTFNFCCRMQU-UHFFFAOYNA-N,-7.072
PGR,wt,wt_s2,detail,2,15,PKQDOSZHMAIBHQ-GPQMBLKYNA-N,-9.141
PGR,wt,wt_s2,detail,2,16,JLTFAWOGGLXAFU-UHFFFAOYNA-N,-7.726
PGR,wt,wt_s2,detail,2,17,QYACKAORZRQPTE-UHFFFAOYNA-N,-7.339
PGR,wt,wt_s2,detail,2,18,FFJKVRCOUHEYOK-YAQRNVERNA-N,-7.57
PGR,wt,wt_s2,detail,2,19,MFTSRMJYWLCCSA-GHRIWEEINA-N,-8.667
PGR,wt,wt_s2,detail,2,20,NDRMSISLKTZBKD-HCKMINDGNA-N,-7.935
PGR,wt,wt_s2,detail,2,21,APGSUVBRVVNRPJ-UHFFFAOYNA-N,-8.285
PGR,wt,wt_s2,detail,2,22,MTIGVNBPQVLRLS-XQMQJMAZNA-N,-7.21
PGR,wt,wt_s2,detail,2,23,WIWDZNZJLUFUSQ-GSIAOYINNA-N,-8.479
PGR,wt,wt_s2,detail,2,24,WVJSLMIKTFBTBO-WVMALLHKNA-N,-7.424
PGR,wt,wt_s2,detail,2,25,QASCAWSPAPUKDI-UHFFFAOYNA-N,-7.46
PGR,wt,wt_s2,detail,2,26,WJZNKICGQZGRPQ-YHMJCDSINA-N,-6.874
PGR,wt,wt_s2,detail,2,27,ACKCEYIVRXUHDK-HCKMINDGNA-N,-7.879
PGR,wt,wt_s2,detail,2,28,GXKXWCKNQMYETG-UHFFFAOYNA-N,-9.186
PGR,wt,wt_s2,detail,2,29,QGTKEDSQUDRCEG-UHFFFAOYNA-N,-7.362
PGR,wt,wt_s2,detail,2,30,NYJUJIFSIDORSZ-LILDFLRNNA-N,-8.893
PGR,wt,wt_s2,detail,2,31,SCGGVBDHUNVGKR-VRGMUVNCNA-N,-9.808
PGR,wt,wt_s2,detail,2,32,ZWGVKWPZYUUFSB-YAQRNVERNA-N,-7.284
PGR,wt,wt_s2,detail,2,33,BCTONXHZFGFJIT-UHFFFAOYNA-N,-8.916
PGR,wt,wt_s2,detail,2,34,BIZAQLNMDJHGTL-HCKMINDGNA-N,-8.747
PGR,wt,wt_s2,detail,2,35,KZFYAEKGSRGKDQ-GPQMBLKYNA-N,-7.958
PGR,wt,wt_s2,detail,2,36,REZYNFOIWKOLBD-UHFFFAOYNA-N,-7.563
PGR,wt,wt_s2,detail,2,37,SDKQIECEJUFKHI-MUSVCJDDNA-N,-8.029
PGR,wt,wt_s2,detail,2,38,XUJSYVYKXBOYJP-JTQLQIEINA-N,-8.912
PGR,wt,wt_s2,detail,2,39,NVHKWMBHTXQWRP-NSFCMMSCNA-N,-8.353
PGR,wt,wt_s2,detail,2,40,AHYPQQDJTFMEJW-VGOFMYFVNA-N,-7.726
PGR,wt,wt_s2,detail,2,41,BGRJTUBHPOOWDU-QDYITYEQNA-N,-7.361
PGR,wt,wt_s2,detail,2,42,KJQORRCKEQRHKP-UHFFFAOYNA-N,-8.47
PGR,wt,wt_s2,detail,2,43,SJFPWWYCPGONOM-UHFFFAOYNA-N,-7.708
PGR,wt,wt_s2,detail,2,44,VEZJRJGLFIXQHG-KJQBJTEXNA-N,-8.69
PGR,wt,wt_s2,detail,2,45,VQXJTNXJSNLNEM-WYUMXYHSNA-N,-8.691
PGR,wt,wt_s2,detail,2,46,RWCDZKHBJGXNQH-UHFFFAOYNA-N,-7.639
PGR,wt,wt_s2,detail,2,47,JXOHPGXCMHDJOH-XQMQJMAZNA-N,-7.846
PGR,wt,wt_s2,detail,2,48,XNBZHZUOHMKIBH-UHFFFAOYNA-N,-7.556
PGR,wt,wt_s2,detail,2,49,VTEXVGQDUYFTHA-UHFFFAOYNA-N,-6.741
PGR,wt,wt_s2,detail,2,50,IUJLOAKJZQBENM-UHFFFAOYNA-N,-7.175
PGR,wt,wt_s2,detail,2,51,QHULAWVSDWNAPE-UHFFFAOYNA-N,-7.322
PGR,wt,wt_s2,detail,2,52,VGJKJRWFEYUOMP-YAQRNVERNA-N,-7.341
PGR,wt,wt_s2,detail,2,53,DDCFZIXVFUZWLX-UHFFFAOYNA-N,-8.378
PGR,wt,wt_s2,detail,2,54,OTCRWFSKWBSBLF-UHFFFAOYNA-N,-7.667
PGR,wt,wt_s2,detail,2,55,YFYMHQPNOSTLFF-XQMQJMAZNA-N,-7.638
PGR,wt,wt_s2,detail,2,56,DYMQNLJFFJCVBA-UHFFFAOYNA-N,-7.801
PGR,wt,wt_s2,detail,2,57,QERUYJGOUSNCOY-YHMJCDSINA-N,-7.602
PGR,wt,wt_s2,detail,2,58,VBKFPTDUXZKHJG-VNHYZAJKNA-N,-8.082
PGR,wt,wt_s2,detail,2,59,ZBEDJPDEINGEHM-UHFFFAOYNA-N,-6.431
PGR,wt,wt_s2,detail,2,60,LIEZHLXUCGSNOU-UHFFFAOYNA-N,-8.979
PGR,wt,wt_s2,detail,2,61,RROQODCMZSASRX-UHFFFAOYNA-N,-6.674
PGR,wt,wt_s2,detail,2,62,BPMAVTHRQBBTNZ-UYBDAZJANA-N,-9.113
PGR,wt,wt_s2,detail,2,63,ATKWLNSCJYLXPF-FICVDOATNA-N,-9.023
PGR,wt,wt_s2,detail,2,64,RLUBDGBLOPBNLZ-UHFFFAOYNA-N,-9.188
PGR,wt,wt_s2,detail,2,65,UVERTHXHNQWOMX-UHFFFAOYNA-N,-8.084
PGR,wt,wt_s2,detail,2,66,BPFYGTYAFCVUAQ-QWOVJGMINA-N,-8.119
PGR,wt,wt_s2,detail,2,67,ZODJKQULMZCUCT-PKSOQXRJNA-N,-7.993
PGR,wt,wt_s2,detail,2,68,WEZGTMJXSVLNML-MPIMZMORNA-N,-6.514
PGR,wt,wt_s2,detail,2,69,IGZPSIOZEAIYTH-UHFFFAOYNA-N,-8.851
PGR,wt,wt_s2,detail,2,70,YRVFOAARONPYKD-UHFFFAOYNA-N,-8.937
PGR,wt,wt_s2,detail,2,71,ZESNJJBGEWLRGV-KAKWUFLPNA-N,-7.785
PGR,wt,wt_s2,detail,2,72,PYCBHJYHBUOUCW-PKSOQXRJNA-N,-6.518
PGR,wt,wt_s2,detail,2,73,ABPSNZWEZWHADJ-GPQMBLKYNA-N,-7.351
PGR,wt,wt_s2,detail,2,74,WXDJXWILXCCWRK-UHFFFAOYNA-N,-7.71
PGR,wt,wt_s2,detail,2,75,VCRWHFFSQUYIOM-DDCYPFOINA-N,-6.559
PGR,wt,wt_s2,detail,2,76,JANVEQMYWYPFNU-RTAVDJSLNA-N,-6.925
PGR,wt,wt_s2,detail,2,77,IQLYJZGQMYCKRA-QWOVJGMINA-N,-7.809
PGR,wt,wt_s2,detail,2,78,CTAZJMUKYKCOMY-HVXXBKQBNA-N,-7.811
PGR,wt,wt_s2,detail,2,79,FXRIMHMLPNSELN-XBTAAFKLNA-N,-6.461
PGR,wt,wt_s2,detail,2,80,GEUQUSZFVWZXJI-UHFFFAOYNA-N,-7.845
PGR,wt,wt_s2,detail,2,81,AFGXLUJVZOJZCS-DVIAZDKANA-N,-6.814
PGR,wt,wt_s2,detail,2,82,QPNICESGZANARJ-MPIMZMORNA-N,-8.589
PGR,wt,wt_s2,detail,2,83,QFHCJULFNFFSDD-MPIMZMORNA-N,-6.709
PGR,wt,wt_s2,detail,2,84,MABJRAVWPUIQDD-GPQMBLKYNA-N,-6.208
PGR,wt,wt_s2,detail,2,85,KEULGNACOIQOLD-LILDFLRNNA-N,-7.306
PGR,wt,wt_s2,detail,2,86,PHUKSBWGYBHYCM-ZANVPECINA-N,-8.128
PGR,wt,wt_s2,detail,2,87,VBFJSECKEUOBIV-UYBDAZJANA-N,-7.475
PGR,wt,wt_s2,detail,2,88,VKOJWPSHQQXTMQ-AWQFTUOYNA-N,-6.688
PGR,wt,wt_s2,detail,2,89,WGGCYQHFLWUGKK-LNNLXFCONA-N,-8.914
PGR,wt,wt_s2,detail,2,90,SEESZUWDWXYFGB-HUUCEWRRNA-N,-6.789
PGR,wt,wt_s2,detail,2,91,SAOIUZZZCRDJIE-UYBDAZJANA-N,-6.963
PGR,wt,wt_s2,detail,2,92,LCZXUQMWBHAHOF-PKSOQXRJNA-N,-8.023
PGR,wt,wt_s2,detail,2,93,HJZRMYRSMHLBMM-UHFFFAOYNA-N,-6.343
PGR,wt,wt_s2,detail,2,94,NYIAMZTVDFGSMO-UHFFFAOYNA-N,-6.521
PGR,wt,wt_s2,detail,2,95,PBGALVWBACEVEC-QWOVJGMINA-N,-6.133
PGR,wt,wt_s2,detail,2,96,DDCGYKUGMMDSDD-PKSOQXRJNA-N,-7.419
PGR,wt,wt_s2,detail,2,97,IIROHAHLTGYHGV-UYBDAZJANA-N,-9.288
PGR,wt,wt_s2,detail,2,98,IQJXWGCMCSFZHI-LQFNOIFHNA-N,-7.033
PGR,wt,wt_s2,detail,2,99,OPSKQPYXZASNGA-QWOVJGMINA-N,-6.313
PGR,wt,wt_s2,detail,2,100,COHPEUUUDGXEPG-MPIMZMORNA-N,-7.389
PGR,wt,wt_s2,detail,2,101,LCLQRXYSCAZUJT-PKSOQXRJNA-N,-6.849
PGR,wt,wt_s2,detail,2,102,DMWUHECJQADMOM-PKSOQXRJNA-N,-7.899
PGR,wt,wt_s2,detail,2,103,RINYNDHGPMMUPG-UYBDAZJANA-N,-7.375
PGR,wt,wt_s2,detail,2,104,GWFMSEYHCOCBEH-UYBDAZJANA-N,-8.243
PGR,wt,wt_s2,detail,2,105,ZSYYKQAVTXERHH-LILDFLRNNA-N,-6.717
PGR,wt,wt_s2,detail,2,106,RFGLZFMBWWKYGX-UHFFFAOYNA-N,-8.026
PGR,wt,wt_s2,detail,2,107,ZCFXIPSPKDGCHW-HSJCKIQZNA-N,-6.878
PGR,wt,wt_s2,detail,2,108,OJBRUITYMUOMQJ-UYBDAZJANA-N,-6.544
PGR,wt,wt_s2,detail,2,109,QRQQRMCYDJTOMZ-IHYGWTSJNA-N,-7.547
PGR,wt,wt_s2,detail,2,110,UZYHGPCXMSFTKE-NPQUBYNZNA-N,-8.127
PGR,wt,wt_s2,detail,2,111,FKRLYCLDDLGGPB-HCKMINDGNA-N,-5.722
PGR,wt,wt_s2,detail,2,112,SJUXHCSNSGLKJD-UYBDAZJANA-N,-7.403
PGR,wt,wt_s2,detail,2,113,MDJMMLITJGVNQI-LILDFLRNNA-N,-6.84
PGR,wt,wt_s2,detail,2,114,LAKWSLSTUWRCOM-UHFFFAOYNA-N,-8.661
PGR,wt,wt_s2,detail,2,115,RZYYWEWDCWHDNZ-PKSOQXRJNA-N,-5.818
PGR,wt,wt_s2,detail,2,116,KSTQHOAVVBOECJ-PKSOQXRJNA-N,-7.848
PGR,wt,wt_s2,detail,2,117,LTBODPBDLZJCLH-UHFFFAOYNA-N,-8.965
PGR,wt,wt_s2,detail,2,118,YNPHZUYBOQPWKQ-UYBDAZJANA-N,-8.174
PGR,wt,wt_s2,detail,2,119,TZYCJGJZUSVUSB-UHFFFAOYNA-N,-6.183
PGR,wt,wt_s2,detail,2,120,YDEMTQMAWLEDQT-HPHMPNDVNA-N,-6.159
PGR,wt,wt_s2,detail,2,121,JJTMKAVMZRVHFW-JZJYNLBNNA-N,-8.669
PGR,wt,wt_s2,detail,2,122,UQILDYXMCYUCGV-MPIMZMORNA-N,-6.809
PGR,wt,wt_s2,detail,2,123,LRULJABSRXBARK-PKSOQXRJNA-N,-6.011
PGR,wt,wt_s2,detail,2,124,FDGMHVXFEWDBLE-GZNJHTOZNA-N,-7.173
PGR,wt,wt_s2,detail,2,125,MDPXBTVEVMPBMF-MRSUPTMINA-N,-6.286
PGR,wt,wt_s2,detail,2,126,PRDMNBQAHOVKAV-UHFFFAOYNA-N,-9.218
PGR,wt,wt_s2,detail,2,127,OBAYJABSUJXLMA-HCKMINDGNA-N,-7.835
PGR,wt,wt_s2,detail,2,128,HLMWKCMXNWJGGO-VNHAUOCNNA-N,-6.696
PGR,wt,wt_s2,detail,2,129,ZWXZFCRRFQRJPF-QWOVJGMINA-N,-6.533
PGR,wt,wt_s2,detail,2,130,IXUSJKAERUMZME-NBNNRKRINA-N,-9.095
PGR,wt,wt_s2,detail,2,131,WDVACORMOUBMRH-NPQUBYNZNA-N,-7.927
PGR,wt,wt_s2,detail,2,132,UXLJJGBAQOYQMV-UHFFFAOYNA-N,-8.078
PGR,wt,wt_s2,detail,2,133,RWPNUXJCHLIEDT-UHFFFAOYNA-N,-5.814
PGR,wt,wt_s2,detail,2,134,BTCLKPCIIFOYHE-KRMNUSLJNA-N,-6.926
PGR,wt,wt_s2,detail,2,135,IGYZXGKFEXFDBK-SPEPDGBUNA-N,-7.424
PGR,wt,wt_s2,detail,2,136,RUKFQFDSWPNHGL-LNNLXFCONA-N,-6.304
PGR,wt,wt_s2,detail,2,137,QTHMBVGZTPOODZ-FVJBVQDQNA-N,-5.581
PGR,wt,wt_s2,detail,2,138,BLQYVHBZHAISJM-LSHAIWFFNA-N,-6.24
PGR,wt,wt_s2,detail,2,139,WMDYKLMOCCOUEL-SACSUSJJNA-N,-8.539
PGR,wt,wt_s2,detail,2,140,LEVPVCOKBQEXMQ-MPIMZMORNA-N,-7.019
PGR,wt,wt_s2,detail,2,141,YYDFYJDBXOSJHE-WBMJQRKENA-N,-6.523
PGR,wt,wt_s2,detail,2,142,NFXJPCKVPBXSDH-LQFNOIFHNA-N,-5.873
PGR,wt,wt_s2,detail,2,143,KAUHJCPWWQWSJV-LELJVTLKNA-N,-5.894
PGR,wt,wt_s2,detail,2,144,NVZSQUSTRBKANP-YIVFFDRWNA-N,-7.397
PGR,wt,wt_s2,detail,2,145,WIKNISOFBKUYKR-LBOYIXSDNA-N,-8.617
PGR,wt,wt_s2,detail,2,146,AQIYGSAXYBBKKP-LNNLXFCONA-N,-6.63
PGR,wt,wt_s2,detail,2,147,TWKQKOFHSPYVSG-LQFNOIFHNA-N,-7.295
PGR,wt,wt_s2,detail,2,148,LVWSKXKIFXRKQJ-QWOVJGMINA-N,-6.242
PGR,wt,wt_s2,detail,2,149,BBBUKQRTMPJLSL-FHIWLMNKNA-N,-5.616
PGR,wt,wt_s2,detail,2,150,SCECNMVMCCDVHC-UHFFFAOYNA-N,-8.529
PGR,wt,wt_s2,detail,2,151,OLMVVVWTBFULHB-HXTKINSTNA-N,-6.407
PGR,wt,wt_s2,detail,2,152,BJXFHKHIABEKFL-HXTKINSTNA-N,-6.68
PGR,wt,wt_s2,detail,2,153,GMYAIAZTDBDYGE-UHFFFAOYNA-N,-7.582
PGR,wt,wt_s2,detail,2,154,OMIWVZGQMXEZLZ-UHFFFAOYNA-N,-8.115
PGR,wt,wt_s2,detail,2,155,SFQDUATXFZWGHZ-UHFFFAOYNA-N,-4.932
PGR,wt,wt_s2,detail,2,156,AMRCHQSZZXWZBI-UHFFFAOYNA-N,-4.924
PGR,wt,wt_s2,detail,2,157,PDKBGLXLXHGRIF-UHFFFAOYNA-N,-5.546
PGR,wt,wt_s2,detail,2,158,IMPCJHDDDAGSIP-UHFFFAOYNA-N,-5.662
PGR,wt,wt_s2,detail,2,159,QKASSONCRIQFQE-UHFFFAOYNA-N,-6.789
PGR,wt,wt_s2,detail,2,160,RBPSUSGZEBUPLW-LELJVTLKNA-N,-6.803
PGR,wt,wt_s2,detail,2,161,IZMNNUPSRDMEKL-LICXQBBSNA-N,-8.174
PGR,wt,wt_s2,detail,2,162,PAVNRYHGSYWSPV-MPIMZMORNA-N,-5.631
PGR,wt,wt_s2,detail,2,163,TZXYYVHNWAKJLI-UHFFFAOYNA-N,-8.007
PGR,wt,wt_s2,detail,2,164,HNOCRTTZBPUBHY-UHFFFAOYNA-N,-6.81
PGR,wt,wt_s2,detail,2,165,WMPZPNIPTZCCJK-PKSOQXRJNA-N,-6.318
PGR,wt,wt_s2,detail,2,166,OBPAOULTANNRFC-QWOVJGMINA-N,-6.152
PGR,wt,wt_s2,detail,2,167,UCJOWIKNRBWRAB-UHFFFAOYNA-N,-7.672
PGR,wt,wt_s2,detail,2,168,GFKDVMSTTKOYOX-QCVZTBOQNA-N,-6.701
PGR,wt,wt_s2,detail,2,169,BAEJDWKEKZSULN-UHFFFAOYNA-N,-6.551
PGR,wt,wt_s2,detail,2,170,KZUDVENDSUODSU-LQFNOIFHNA-N,-8.62
PGR,wt,wt_s2,detail,2,171,HBYPDVHGDKCNMT-DVIAZDKANA-N,-7.279
PGR,wt,wt_s2,detail,2,172,PMUHFTCPDVPMRF-LELJVTLKNA-N,-8.222
PGR,wt,wt_s2,detail,2,173,XIYSICLOFPYCTK-ZVWSISBDNA-N,-5.646
PGR,wt,wt_s2,detail,2,174,CFOFCUAQALFPIW-HPRFPMAVNA-N,-6.317
PGR,wt,wt_s2,detail,2,175,ZNBMRULRQJAJNW-IRIILVJRNA-N,-7.812
PGR,wt,wt_s2,detail,2,176,RSQKKNPJKLBGPF-DVIAZDKANA-N,-5.903
PGR,wt,wt_s2,detail,2,177,UIYRVVZHZVHONZ-QWOVJGMINA-N,-7.175
PGR,wt,wt_s2,detail,2,178,RNCGDYFDZJIQTQ-UHFFFAOYNA-N,-9.065
PGR,wt,wt_s2,detail,2,179,QOWFNZNDIAKQKO-QFIPXVFZNA-N,-5.883
PGR,wt,wt_s2,detail,2,180,FIPNXDSUMLBDQK-LQFNOIFHNA-N,-5.848
PGR,wt,wt_s2,detail,2,181,NHFGNUVGTDMGKX-UHFFFAOYNA-N,-6.109
PGR,wt,wt_s2,detail,2,182,RNBGNITZKVUDSK-YFMNGRKDNA-N,-6.019
PGR,wt,wt_s2,detail,2,183,CPEKPARXQVWWJD-IAXKEJLGNA-N,-5.013
PGR,wt,wt_s2,detail,2,184,IEAABJYVWXHFOX-MPIMZMORNA-N,-7.621
PGR,wt,wt_s2,detail,2,185,DSNCXRXGMZSRBV-GOSISDBHNA-N,-8.634
PGR,wt,wt_s2,detail,2,186,DOVTZHSQYCZIIX-MPIMZMORNA-N,-6.437
PGR,wt,wt_s2,detail,2,187,BKYWKCMMWRHBGX-SPEPDGBUNA-N,-8.577
PGR,wt,wt_s2,detail,2,188,MTRHSIOVVWFAOM-MPIMZMORNA-N,-6.178
PGR,wt,wt_s2,detail,2,189,VZLVPTSUFJDRRQ-LELJVTLKNA-N,-6.559
PGR,wt,wt_s2,detail,2,190,FJYPQTWLGSEZAE-UNEGGNDLNA-N,-8.033
PGR,wt,wt_s2,detail,2,191,FOJSFYSVCCQUQP-VVKINWOJNA-N,-5.139
PGR,wt,wt_s2,detail,2,192,SULPKNWDXWJTHQ-GCNJZUOMNA-N,-5.96
PGR,wt,wt_s2,detail,2,193,JTPAQMOUZGIORE-UHFFFAOYNA-N,-5.585
PGR,wt,wt_s2,detail,2,194,KRFPGHLUAFZMRZ-TYOBWDGZNA-N,-5.868
PGR,wt,wt_s2,detail,2,195,TVZGACDUOSZQKY-XBGCRKGSNA-N,-7.892
PGR,wt,wt_s2,detail,2,196,CXDZGSNFZYGQSZ-PKRZOPRNNA-N,-7.058
PGR,wt,wt_s2,detail,2,197,FBZYWIMLLHPUPX-VJSLDGLSNA-N,-6.701
PGR,wt,wt_s2,detail,2,198,HKJNKURRZRPPMK-MDXLESTANA-N,-6.409
PGR,wt,wt_s2,detail,2,199,DVAPEEIVFMOBQW-SLSKDPHBNA-N,-6.131
PGR,wt,wt_s2,detail,2,200,SVDIZPBCTLXSOH-LNNLXFCONA-N,-5.701
PGR,wt,wt_s2,detail,2,201,NDXCWKMYPWRPDY-NUCQJGHSNA-N,-5.571
PGR,wt,wt_s2,detail,2,202,VXHUMLIJAQHWIX-CRNXEPDINA-N,-6.263
PGR,wt,wt_s2,detail,2,203,KBZDVXICPAJAAT-LNNLXFCONA-N,-5.226
PGR,wt,wt_s2,detail,2,204,DVFDTYFATLFXHU-WOPMAMTRNA-N,-5.48
PGR,wt,wt_s2,detail,2,205,WURBKQGAFSESKZ-MPIMZMORNA-N,-4.815
PGR,wt,wt_s2,detail,2,206,LXGVFBXRKSCESU-UWUUZOGGNA-N,-6.286
PGR,wt,wt_s2,detail,2,207,CQWFJACPUQVVQZ-UHFFFAOYNA-N,-5.496
PGR,wt,wt_s2,detail,2,208,FEZAUPQJLJCQHD-XRJCTRHONA-N,-6.615
PGR,wt,wt_s2,detail,2,209,IDKGPACCMPKKQB-LIPPOORTNA-N,-8.325
PGR,wt,wt_s2,detail,2,210,PEPJPELNFRAZNQ-LKHHGCNMNA-N,-7.2
PGR,wt,wt_s2,detail,2,211,GRUWUINXLANFJE-LBOYIXSDNA-N,-6.052
PGR,wt,wt_s2,detail,2,212,RTFGYBAMFJVGHJ-UHFFFAOYNA-N,-5.928
PGR,wt,wt_s2,detail,2,213,LYJNRGFCMLOFNV-HIVOMVAKNA-N,-5.313
PGR,wt,wt_s2,detail,2,214,MKDSWBAEXGFAEE-LBOYIXSDNA-N,-5.457
PGR,wt,wt_s2,detail,2,215,NSLNDONZYBNSFU-ASVXZIMGNA-N,-6.081
PGR,wt,wt_s2,detail,2,216,HUDCDZLLNLJTEW-RBSQRGBYNA-N,-5.97
PGR,wt,wt_s2,detail,2,217,OFRDBFMZCXXKAH-LBOYIXSDNA-N,-5.587
PGR,wt,wt_s2,detail,2,218,NSLGAHAKEFYCED-PELNGNISNA-N,-7.119
PGR,wt,wt_s2,detail,2,219,QLSURSTUZJVSGU-NSJMMFDCNA-N,-4.968
PGR,wt,wt_s2,detail,2,220,CXLYWVWLNDGNIU-VEORKLDJNA-N,-5.51
PGR,wt,wt_s2,detail,2,221,RHIJMDNVEPLDED-UHFFFAOYNA-N,-5.497
PGR,wt,wt_s2,detail,2,222,YNUXXMJVZSTPFZ-CSKMVECVNA-N,-6.964
PGR,wt,wt_s2,detail,2,223,ILWOOGUHZKNTQQ-DNVCBOLYNA-N,-6.543
PGR,wt,wt_s2,detail,2,224,CARWTONHZWZDHZ-XIPNIRHDNA-N,-6.633
PGR,wt,wt_s2,detail,2,225,OSMWANBXVVPETF-HTBVCZPNNA-N,-6.151
PGR,wt,wt_s2,detail,2,226,KCNVHXJEALIYQI-PCRUTULWNA-N,-5.883
PGR,wt,wt_s2,detail,2,227,FPUDFDKQGXUBJA-QQXSKIMKNA-N,-7.227
PGR,wt,wt_s2,detail,2,228,MQWZYEDJGHLFFI-VJSLDGLSNA-N,-8.175
PGR,wt,wt_s2,detail,2,229,YPTIEFMKXZIMKO-LNNLXFCONA-N,-7.223
PGR,wt,wt_s2,detail,2,230,MWIZLUKLQZEFBC-LKHHGCNMNA-N,-6.639
PGR,wt,wt_s2,detail,2,231,PMNZCFDKKKLFHH-LBOYIXSDNA-N,-6.458
PGR,wt,wt_s2,detail,2,232,NELOFNHVEWRSBT-OKPOJWAQNA-N,-5.716
PGR,wt,wt_s2,detail,2,233,VCXACHHEDDVKAY-SREBMQDQNA-N,-6.112
PGR,wt,wt_s2,detail,2,234,KWJVADNYZMUTJY-IPYVVANSNA-N,-6.441
PGR,wt,wt_s2,detail,2,235,LLQAFRKQJAOAMO-XGEXJYLCNA-N,-5.889
PGR,wt,wt_s2,detail,2,236,VCAMVXBSKDFRFE-LNNLXFCONA-N,-6.906
PGR,wt,wt_s2,detail,2,237,QXIHUBWNLRPDRU-UHFFFAOYNA-N,-6.464
PGR,wt,wt_s2,detail,2,238,JUXOLKXMOLRWLC-MPIMZMORNA-N,-6.355
PGR,wt,wt_s2,detail,2,239,SQTIAXOMFTYLLF-QVYQQCQZNA-N,-5.229
PGR,wt,wt_s2,detail,2,240,BJSKDMOWRPAVMK-UHFFFAOYNA-N,-8.766
PGR,wt,wt_s2,detail,2,241,VRQPEWWROOGXLL-VJSLDGLSNA-N,-5.98
PGR,wt,wt_s2,detail,2,242,IXNOFPXGSKSKJH-HXTKINSTNA-N,-7.623
PGR,wt,wt_s2,detail,2,243,BMCFOHNLKRIWMC-UHFFFAOYNA-N,-5.454
PGR,wt,wt_s2,detail,2,244,FLFMKNMHDFIWDB-PJQSKVNONA-N,-6.817
PGR,wt,wt_s2,detail,2,245,JJLXVLWPUFIUBC-IGBJZSFZNA-N,-7.608
PGR,wt,wt_s2,detail,2,246,ZXCSBCTVTJFLOZ-JUEKIJOLNA-N,-7.412
PGR,wt,wt_s2,detail,2,247,LCSLDZZBWHBLFA-UHFFFAOYNA-N,-4.449
PGR,wt,wt_s2,detail,2,248,CAVTYMQSFAIXRJ-AKXZRBJUNA-N,-5.432
PGR,wt,wt_s2,detail,2,249,UFXJYIXRQNBEDW-UHFFFAOYNA-N,-6.115
PGR,wt,wt_s2,detail,2,250,HWIAWSLSCZUKKA-SFHVURJKNA-N,-6.714
PGR,wt,wt_s2,detail,2,251,MYHQHPUWOWUUQI-ZELWXOMMNA-N,-5.365
PGR,wt,wt_s2,detail,2,252,GWNRIUBPBWOQGT-UHFFFAOYNA-N,-6.026
PGR,wt,wt_s2,detail,2,253,YCWRQUXRVNLWEM-LELJVTLKNA-N,-7.249
PGR,wt,wt_s2,detail,2,254,DMRFDXBCAQFSFQ-UYLYIRGYNA-N,-7.85
PGR,wt,wt_s2,detail,2,255,XCZDGLYGEYYXKS-UWLQQCCWNA-N,-5.214
PGR,c_MET70,mut_s1,detail,1,0,UDJUXZQGNCUDQR-LILDFLRNNA-N,-8.205
PGR,c_MET70,mut_s1,detail,1,1,GANVJBSNVYJUKL-UHFFFAOYNA-N,-6.887
PGR,c_MET70,mut_s1,detail,1,2,RUBHNPNCPXGKIE-YAQRNVERNA-N,-6.774
PGR,c_MET70,mut_s1,detail,1,3,JYSICDMWNXGPIM-XLPACQNMNA-N,-6.185
PGR,c_MET70,mut_s1,detail,1,4,KZDPKDSPDUVHGB-GAJRPKRDNA-N,-7.742
PGR,c_MET70,mut_s1,detail,1,5,GQKJQNXSSQKJGW-HCKMINDGNA-N,-8.037
PGR,c_MET70,mut_s1,detail,1,6,HJRUOZFNPQVNSF-MNIXEANVNA-N,-8.312
PGR,c_MET70,mut_s1,detail,1,7,ALUOSUMBVMLDKR-UHFFFAOYNA-N,-9.391
PGR,c_MET70,mut_s1,detail,1,8,QMQNUSSPTHZCGT-UYBDAZJANA-N,-9.041
PGR,c_MET70,mut_s1,detail,1,9,UEZBMIQIUOTBJT-UYBDAZJANA-N,-8.838
PGR,c_MET70,mut_s1,detail,1,10,ICZZTNOOMSQNCH-UHFFFAOYNA-N,-7.571
PGR,c_MET70,mut_s1,detail,1,11,AMOFQKAIXTYZIZ-NPVYFSBINA-N,-7.709
PGR,c_MET70,mut_s1,detail,1,12,IZOPLHPCKOSQQN-UHFFFAOYNA-N,-8.382
PGR,c_MET70,mut_s1,detail,1,13,OFZZZJLWPKOLIX-GPQMBLKYNA-N,-8.42
PGR,c_MET70,mut_s1,detail,1,14,BXADTFNFCCRMQU-UHFFFAOYNA-N,-6.874
PGR,c_MET70,mut_s1,detail,1,15,PKQDOSZHMAIBHQ-GPQMBLKYNA-N,-8.954
PGR,c_MET70,mut_s1,detail,1,16,JLTFAWOGGLXAFU-UHFFFAOYNA-N,-7.605
PGR,c_MET70,mut_s1,detail,1,17,QYACKAORZRQPTE-UHFFFAOYNA-N,-7.073
PGR,c_MET70,mut_s1,detail,1,18,FFJKVRCOUHEYOK-YAQRNVERNA-N,-7.217
PGR,c_MET70,mut_s1,detail,1,19,MFTSRMJYWLCCSA-GHRIWEEINA-N,-8.604
PGR,c_MET70,mut_s1,detail,1,20,NDRMSISLKTZBKD-HCKMINDGNA-N,-7.69
PGR,c_MET70,mut_s1,detail,1,21,APGSUVBRVVNRPJ-UHFFFAOYNA-N,-8.178
PGR,c_MET70,mut_s1,detail,1,22,MTIGVNBPQVLRLS-XQMQJMAZNA-N,-6.611
PGR,c_MET70,mut_s1,detail,1,23,WIWDZNZJLUFUSQ-GSIAOYINNA-N,-8.356
PGR,c_MET70,mut_s1,detail,1,24,WVJSLMIKTFBTBO-WVMALLHKNA-N,-7.6
PGR,c_MET70,mut_s1,detail,1,25,QASCAWSPAPUKDI-UHFFFAOYNA-N,-7.558
PGR,c_MET70,mut_s1,detail,1,26,WJZNKICGQZGRPQ-YHMJCDSINA-N,-6.507
PGR,c_MET70,mut_s1,detail,1,27,ACKCEYIVRXUHDK-HCKMINDGNA-N,-8.163
PGR,c_MET70,mut_s1,detail,1,28,GXKXWCKNQMYETG-UHFFFAOYNA-N,-8.9
PGR,c_MET70,mut_s1,detail,1,29,QGTKEDSQUDRCEG-UHFFFAOYNA-N,-7.152
PGR,c_MET70,mut_s1,detail,1,30,NYJUJIFSIDORSZ-LILDFLRNNA-N,-8.736
PGR,c_MET70,mut_s1,detail,1,31,SCGGVBDHUNVGKR-VRGMUVNCNA-N,-9.397
PGR,c_MET70,mut_s1,detail,1,32,ZWGVKWPZYUUFSB-YAQRNVERNA-N,-7.409
PGR,c_MET70,mut_s1,detail,1,33,BCTONXHZFGFJIT-UHFFFAOYNA-N,-8.592
PGR,c_MET70,mut_s1,detail,1,34,BIZAQLNMDJHGTL-HCKMINDGNA-N,-8.616
PGR,c_MET70,mut_s1,detail,1,35,KZFYAEKGSRGKDQ-GPQMBLKYNA-N,-7.83
PGR,c_MET70,mut_s1,detail,1,36,REZYNFOIWKOLBD-UHFFFAOYNA-N,-7.468
PGR,c_MET70,mut_s1,detail,1,37,SDKQIECEJUFKHI-MUSVCJDDNA-N,-7.757
PGR,c_MET70,mut_s1,detail,1,38,XUJSYVYKXBOYJP-JTQLQIEINA-N,-8.591
PGR,c_MET70,mut_s1,detail,1,39,NVHKWMBHTXQWRP-NSFCMMSCNA-N,-8.096
PGR,c_MET70,mut_s1,detail,1,40,AHYPQQDJTFMEJW-VGOFMYFVNA-N,-7.65
PGR,c_MET70,mut_s1,detail,1,41,BGRJTUBHPOOWDU-QDYITYEQNA-N,-7.506
PGR,c_MET70,mut_s1,detail,1,42,KJQORRCKEQRHKP-UHFFFAOYNA-N,-8.922
PGR,c_MET70,mut_s1,detail,1,43,SJFPWWYCPGONOM-UHFFFAOYNA-N,-7.769
PGR,c_MET70,mut_s1,detail,1,44,VEZJRJGLFIXQHG-KJQBJTEXNA-N,-8.48
PGR,c_MET70,mut_s1,detail,1,45,VQXJTNXJSNLNEM-WYUMXYHSNA-N,-8.683
PGR,c_MET70,mut_s1,detail,1,46,RWCDZKHBJGXNQH-UHFFFAOYNA-N,-8.995
PGR,c_MET70,mut_s1,detail,1,47,JXOHPGXCMHDJOH-XQMQJMAZNA-N,-7.401
PGR,c_MET70,mut_s1,detail,1,48,XNBZHZUOHMKIBH-UHFFFAOYNA-N,-7.369
PGR,c_MET70,mut_s1,detail,1,49,VTEXVGQDUYFTHA-UHFFFAOYNA-N,-6.798
PGR,c_MET70,mut_s1,detail,1,50,IUJLOAKJZQBENM-UHFFFAOYNA-N,-6.908
PGR,c_MET70,mut_s1,detail,1,51,QHULAWVSDWNAPE-UHFFFAOYNA-N,-7.688
PGR,c_MET70,mut_s1,detail,1,52,VGJKJRWFEYUOMP-YAQRNVERNA-N,-7.315
PGR,c_MET70,mut_s1,detail,1,53,DDCFZIXVFUZWLX-UHFFFAOYNA-N,-8.173
PGR,c_MET70,mut_s1,detail,1,54,OTCRWFSKWBSBLF-UHFFFAOYNA-N,-7.632
PGR,c_MET70,mut_s1,detail,1,55,YFYMHQPNOSTLFF-XQMQJMAZNA-N,-7.443
PGR,c_MET70,mut_s1,detail,1,56,DYMQNLJFFJCVBA-UHFFFAOYNA-N,-7.868
PGR,c_MET70,mut_s1,detail,1,57,QERUYJGOUSNCOY-YHMJCDSINA-N,-7.453
PGR,c_MET70,mut_s1,detail,1,58,VBKFPTDUXZKHJG-VNHYZAJKNA-N,-7.936
PGR,c_MET70,mut_s1,detail,1,59,ZBEDJPDEINGEHM-UHFFFAOYNA-N,-6.206
PGR,c_MET70,mut_s1,detail,1,60,LIEZHLXUCGSNOU-UHFFFAOYNA-N,-8.856
PGR,c_MET70,mut_s1,detail,1,61,RROQODCMZSASRX-UHFFFAOYNA-N,-6.521
PGR,c_MET70,mut_s1,detail,1,62,BPMAVTHRQBBTNZ-UYBDAZJANA-N,-8.848
PGR,c_MET70,mut_s1,detail,1,63,ATKWLNSCJYLXPF-FICVDOATNA-N,-9.02
PGR,c_MET70,mut_s1,detail,1,64,RLUBDGBLOPBNLZ-UHFFFAOYNA-N,-9.633
PGR,c_MET70,mut_s1,detail,1,65,UVERTHXHNQWOMX-UHFFFAOYNA-N,-9.067
PGR,c_MET70,mut_s1,detail,1,66,BPFYGTYAFCVUAQ-QWOVJGMINA-N,-9.174
PGR,c_MET70,mut_s1,detail,1,67,ZODJKQULMZCUCT-PKSOQXRJNA-N,-8.593
PGR,c_MET70,mut_s1,detail,1,68,WEZGTMJXSVLNML-MPIMZMORNA-N,-7.976
PGR,c_MET70,mut_s1,detail,1,69,IGZPSIOZEAIYTH-UHFFFAOYNA-N,-8.975
PGR,c_MET70,mut_s1,detail,1,70,YRVFOAARONPYKD-UHFFFAOYNA-N,-9.019
PGR,c_MET70,mut_s1,detail,1,71,ZESNJJBGEWLRGV-KAKWUFLPNA-N,-8.883
PGR,c_MET70,mut_s1,detail,1,72,PYCBHJYHBUOUCW-PKSOQXRJNA-N,-8.468
PGR,c_MET70,mut_s1,detail,1,73,ABPSNZWEZWHADJ-GPQMBLKYNA-N,-6.785
PGR,c_MET70,mut_s1,detail,1,74,WXDJXWILXCCWRK-UHFFFAOYNA-N,-7.396
PGR,c_MET70,mut_s1,detail,1,75,VCRWHFFSQUYIOM-DDCYPFOINA-N,-6.822
PGR,c_MET70,mut_s1,detail,1,76,JANVEQMYWYPFNU-RTAVDJSLNA-N,-6.942
PGR,c_MET70,mut_s1,detail,1,77,IQLYJZGQMYCKRA-QWOVJGMINA-N,-9.346
PGR,c_MET70,mut_s1,detail,1,78,CTAZJMUKYKCOMY-HVXXBKQBNA-N,-7.464
PGR,c_MET70,mut_s1,detail,1,79,FXRIMHMLPNSELN-XBTAAFKLNA-N,-6.464
PGR,c_MET70,mut_s1,detail,1,80,GEUQUSZFVWZXJI-UHFFFAOYNA-N,-8.086
PGR,c_MET70,mut_s1,detail,1,81,AFGXLUJVZOJZCS-DVIAZDKANA-N,-6.914
PGR,c_MET70,mut_s1,detail,1,82,QPNICESGZANARJ-MPIMZMORNA-N,-8.902
PGR,c_MET70,mut_s1,detail,1,83,QFHCJULFNFFSDD-MPIMZMORNA-N,-7.268
PGR,c_MET70,mut_s1,detail,1,84,MABJRAVWPUIQDD-GPQMBLKYNA-N,-7.119
PGR,c_MET70,mut_s1,detail,1,85,KEULGNACOIQOLD-LILDFLRNNA-N,-8.177
PGR,c_MET70,mut_s1,detail,1,86,PHUKSBWGYBHYCM-ZANVPECINA-N,-9.016
PGR,c_MET70,mut_s1,detail,1,87,VBFJSECKEUOBIV-UYBDAZJANA-N,-8.441
PGR,c_MET70,mut_s1,detail,1,88,VKOJWPSHQQXTMQ-AWQFTUOYNA-N,-8.406
PGR,c_MET70,mut_s1,detail,1,89,WGGCYQHFLWUGKK-LNNLXFCONA-N,-8.735
PGR,c_MET70,mut_s1,detail,1,90,SEESZUWDWXYFGB-HUUCEWRRNA-N,-7.574
PGR,c_MET70,mut_s1,detail,1,91,SAOIUZZZCRDJIE-UYBDAZJANA-N,-6.401
PGR,c_MET70,mut_s1,detail,1,92,LCZXUQMWBHAHOF-PKSOQXRJNA-N,-8.803
PGR,c_MET70,mut_s1,detail,1,93,HJZRMYRSMHLBMM-UHFFFAOYNA-N,-8.023
PGR,c_MET70,mut_s1,detail,1,94,NYIAMZTVDFGSMO-UHFFFAOYNA-N,-8.751
PGR,c_MET70,mut_s1,detail,1,95,PBGALVWBACEVEC-QWOVJGMINA-N,-6.313
PGR,c_MET70,mut_s1,detail,1,96,DDCGYKUGMMDSDD-PKSOQXRJNA-N,-7.401
PGR,c_MET70,mut_s1,detail,1,97,IIROHAHLTGYHGV-UYBDAZJANA-N,-8.814
PGR,c_MET70,mut_s1,detail,1,98,IQJXWGCMCSFZHI-LQFNOIFHNA-N,-6.229
PGR,c_MET70,mut_s1,detail,1,99,OPSKQPYXZASNGA-QWOVJGMINA-N,-6.889
PGR,c_MET70,mut_s1,detail,1,100,COHPEUUUDGXEPG-MPIMZMORNA-N,-7.195
PGR,c_MET70,mut_s1,detail,1,101,LCLQRXYSCAZUJT-PKSOQXRJNA-N,-7.543
PGR,c_MET70,mut_s1,detail,1,102,DMWUHECJQADMOM-PKSOQXRJNA-N,-7.802
PGR,c_MET70,mut_s1,detail,1,103,RINYNDHGPMMUPG-UYBDAZJANA-N,-8.688
PGR,c_MET70,mut_s1,detail,1,104,GWFMSEYHCOCBEH-UYBDAZJANA-N,-7.782
PGR,c_MET70,mut_s1,detail,1,105,ZSYYKQAVTXERHH-LILDFLRNNA-N,-5.881
PGR,c_MET70,mut_s1,detail,1,106,RFGLZFMBWWKYGX-UHFFFAOYNA-N,-7.763
PGR,c_MET70,mut_s1,detail,1,107,ZCFXIPSPKDGCHW-HSJCKIQZNA-N,-6.731
PGR,c_MET70,mut_s1,detail,1,108,OJBRUITYMUOMQJ-UYBDAZJANA-N,-6.089
PGR,c_MET70,mut_s1,detail,1,109,QRQQRMCYDJTOMZ-IHYGWTSJNA-N,-7.551
PGR,c_MET70,mut_s1,detail,1,110,UZYHGPCXMSFTKE-NPQUBYNZNA-N,-7.927
PGR,c_MET70,mut_s1,detail,1,111,FKRLYCLDDLGGPB-HCKMINDGNA-N,-6.381
PGR,c_MET70,mut_s1,detail,1,112,SJUXHCSNSGLKJD-UYBDAZJANA-N,-6.911
PGR,c_MET70,mut_s1,detail,1,113,MDJMMLITJGVNQI-LILDFLRNNA-N,-6.527
PGR,c_MET70,mut_s1,detail,1,114,LAKWSLSTUWRCOM-UHFFFAOYNA-N,-9.091
PGR,c_MET70,mut_s1,detail,1,115,RZYYWEWDCWHDNZ-PKSOQXRJNA-N,-5.778
PGR,c_MET70,mut_s1,detail,1,116,KSTQHOAVVBOECJ-PKSOQXRJNA-N,-8.903
PGR,c_MET70,mut_s1,detail,1,117,LTBODPBDLZJCLH-UHFFFAOYNA-N,-9.545
PGR,c_MET70,mut_s1,detail,1,118,YNPHZUYBOQPWKQ-UYBDAZJANA-N,-8.179
PGR,c_MET70,mut_s1,detail,1,119,TZYCJGJZUSVUSB-UHFFFAOYNA-N,-6.47
PGR,c_MET70,mut_s1,detail,1,120,YDEMTQMAWLEDQT-HPHMPNDVNA-N,-6.928
PGR,c_MET70,mut_s1,detail,1,121,JJTMKAVMZRVHFW-JZJYNLBNNA-N,-8.07
PGR,c_MET70,mut_s1,detail,1,122,UQILDYXMCYUCGV-MPIMZMORNA-N,-7.386
PGR,c_MET70,mut_s1,detail,1,123,LRULJABSRXBARK-PKSOQXRJNA-N,-5.788
PGR,c_MET70,mut_s1,detail,1,124,FDGMHVXFEWDBLE-GZNJHTOZNA-N,-7.105
PGR,c_MET70,mut_s1,detail,1,125,MDPXBTVEVMPBMF-MRSUPTMINA-N,-6.464
PGR,c_MET70,mut_s1,detail,1,126,PRDMNBQAHOVKAV-UHFFFAOYNA-N,-9.328
PGR,c_MET70,mut_s1,detail,1,127,OBAYJABSUJXLMA-HCKMINDGNA-N,-7.727
PGR,c_MET70,mut_s1,detail,1,128,HLMWKCMXNWJGGO-VNHAUOCNNA-N,-6.718
PGR,c_MET70,mut_s1,detail,1,129,ZWXZFCRRFQRJPF-QWOVJGMINA-N,-6.549
PGR,c_MET70,mut_s1,detail,1,130,IXUSJKAERUMZME-NBNNRKRINA-N,-9.978
PGR,c_MET70,mut_s1,detail,1,131,WDVACORMOUBMRH-NPQUBYNZNA-N,-7.451
PGR,c_MET70,mut_s1,detail,1,132,UXLJJGBAQOYQMV-UHFFFAOYNA-N,-7.803
PGR,c_MET70,mut_s1,detail,1,133,RWPNUXJCHLIEDT-UHFFFAOYNA-N,-6.121
PGR,c_MET70,mut_s1,detail,1,134,BTCLKPCIIFOYHE-KRMNUSLJNA-N,-6.702
PGR,c_MET70,mut_s1,detail,1,135,IGYZXGKFEXFDBK-SPEPDGBUNA-N,-7.441
PGR,c_MET70,mut_s1,detail,1,136,RUKFQFDSWPNHGL-LNNLXFCONA-N,-6.194
PGR,c_MET70,mut_s1,detail,1,137,QTHMBVGZTPOODZ-FVJBVQDQNA-N,-8.428
PGR,c_MET70,mut_s1,detail,1,138,BLQYVHBZHAISJM-LSHAIWFFNA-N,-6.185
PGR,c_MET70,mut_s1,detail,1,139,WMDYKLMOCCOUEL-SACSUSJJNA-N,-9.122
PGR,c_MET70,mut_s1,detail,1,140,LEVPVCOKBQEXMQ-MPIMZMORNA-N,-7.091
PGR,c_MET70,mut_s1,detail,1,141,YYDFYJDBXOSJHE-WBMJQRKENA-N,-6.516
PGR,c_MET70,mut_s1,detail,1,142,NFXJPCKVPBXSDH-LQFNOIFHNA-N,-5.614
PGR,c_MET70,mut_s1,detail,1,143,KAUHJCPWWQWSJV-LELJVTLKNA-N,-8.005
PGR,c_MET70,mut_s1,detail,1,144,NVZSQUSTRBKANP-YIVFFDRWNA-N,-8.078
PGR,c_MET70,mut_s1,detail,1,145,WIKNISOFBKUYKR-LBOYIXSDNA-N,-8.396
PGR,c_MET70,mut_s1,detail,1,146,AQIYGSAXYBBKKP-LNNLXFCONA-N,-6.142
PGR,c_MET70,mut_s1,detail,1,147,TWKQKOFHSPYVSG-LQFNOIFHNA-N,-6.211
PGR,c_MET70,mut_s1,detail,1,148,LVWSKXKIFXRKQJ-QWOVJGMINA-N,-7.018
PGR,c_MET70,mut_s1,detail,1,149,BBBUKQRTMPJLSL-FHIWLMNKNA-N,-8.068
PGR,c_MET70,mut_s1,detail,1,150,SCECNMVMCCDVHC-UHFFFAOYNA-N,-8.52
PGR,c_MET70,mut_s1,detail,1,151,OLMVVVWTBFULHB-HXTKINSTNA-N,-6.248
PGR,c_MET70,mut_s1,detail,1,152,BJXFHKHIABEKFL-HXTKINSTNA-N,-5.988
PGR,c_MET70,mut_s1,detail,1,153,GMYAIAZTDBDYGE-UHFFFAOYNA-N,-7.041
PGR,c_MET70,mut_s1,detail,1,154,OMIWVZGQMXEZLZ-UHFFFAOYNA-N,-8.153
PGR,c_MET70,mut_s1,detail,1,155,SFQDUATXFZWGHZ-UHFFFAOYNA-N,-6.365
PGR,c_MET70,mut_s1,detail,1,156,AMRCHQSZZXWZBI-UHFFFAOYNA-N,-5.014
PGR,c_MET70,mut_s1,detail,1,157,PDKBGLXLXHGRIF-UHFFFAOYNA-N,-6.046
PGR,c_MET70,mut_s1,detail,1,158,IMPCJHDDDAGSIP-UHFFFAOYNA-N,-8.341
PGR,c_MET70,mut_s1,detail,1,159,QKASSONCRIQFQE-UHFFFAOYNA-N,-7.337
PGR,c_MET70,mut_s1,detail,1,160,RBPSUSGZEBUPLW-LELJVTLKNA-N,-8.42
PGR,c_MET70,mut_s1,detail,1,161,IZMNNUPSRDMEKL-LICXQBBSNA-N,-8.217
PGR,c_MET70,mut_s1,detail,1,162,PAVNRYHGSYWSPV-MPIMZMORNA-N,-5.584
PGR,c_MET70,mut_s1,detail,1,163,TZXYYVHNWAKJLI-UHFFFAOYNA-N,-7.916
PGR,c_MET70,mut_s1,detail,1,164,HNOCRTTZBPUBHY-UHFFFAOYNA-N,-6.453
PGR,c_MET70,mut_s1,detail,1,165,WMPZPNIPTZCCJK-PKSOQXRJNA-N,-7.465
PGR,c_MET70,mut_s1,detail,1,166,OBPAOULTANNRFC-QWOVJGMINA-N,-7.389
PGR,c_MET70,mut_s1,detail,1,167,UCJOWIKNRBWRAB-UHFFFAOYNA-N,-7.388
PGR,c_MET70,mut_s1,detail,1,168,GFKDVMSTTKOYOX-QCVZTBOQNA-N,-6.917
PGR,c_MET70,mut_s1,detail,1,169,BAEJDWKEKZSULN-UHFFFAOYNA-N,-7.043
PGR,c_MET70,mut_s1,detail,1,170,KZUDVENDSUODSU-LQFNOIFHNA-N,-8.867
PGR,c_MET70,mut_s1,detail,1,171,HBYPDVHGDKCNMT-DVIAZDKANA-N,-7.03
PGR,c_MET70,mut_s1,detail,1,172,PMUHFTCPDVPMRF-LELJVTLKNA-N,-6.995
PGR,c_MET70,mut_s1,detail,1,173,XIYSICLOFPYCTK-ZVWSISBDNA-N,-6.615
PGR,c_MET70,mut_s1,detail,1,174,CFOFCUAQALFPIW-HPRFPMAVNA-N,-7.295
PGR,c_MET70,mut_s1,detail,1,175,ZNBMRULRQJAJNW-IRIILVJRNA-N,-9.188
PGR,c_MET70,mut_s1,detail,1,176,RSQKKNPJKLBGPF-DVIAZDKANA-N,-8.252
PGR,c_MET70,mut_s1,detail,1,177,UIYRVVZHZVHONZ-QWOVJGMINA-N,-6.323
PGR,c_MET70,mut_s1,detail,1,178,RNCGDYFDZJIQTQ-UHFFFAOYNA-N,-9.272
PGR,c_MET70,mut_s1,detail,1,179,QOWFNZNDIAKQKO-QFIPXVFZNA-N,-6.204
PGR,c_MET70,mut_s1,detail,1,180,FIPNXDSUMLBDQK-LQFNOIFHNA-N,-7.263
PGR,c_MET70,mut_s1,detail,1,181,NHFGNUVGTDMGKX-UHFFFAOYNA-N,-5.611
PGR,c_MET70,mut_s1,detail,1,182,RNBGNITZKVUDSK-YFMNGRKDNA-N,-5.663
PGR,c_MET70,mut_s1,detail,1,183,CPEKPARXQVWWJD-IAXKEJLGNA-N,-5.587
PGR,c_MET70,mut_s1,detail,1,184,IEAABJYVWXHFOX-MPIMZMORNA-N,-8.114
PGR,c_MET70,mut_s1,detail,1,185,DSNCXRXGMZSRBV-GOSISDBHNA-N,-7.948
PGR,c_MET70,mut_s1,detail,1,186,DOVTZHSQYCZIIX-MPIMZMORNA-N,-8.057
PGR,c_MET70,mut_s1,detail,1,187,BKYWKCMMWRHBGX-SPEPDGBUNA-N,-8.236
PGR,c_MET70,mut_s1,detail,1,188,MTRHSIOVVWFAOM-MPIMZMORNA-N,-6.281
PGR,c_MET70,mut_s1,detail,1,189,VZLVPTSUFJDRRQ-LELJVTLKNA-N,-6.498
PGR,c_MET70,mut_s1,detail,1,190,FJYPQTWLGSEZAE-UNEGGNDLNA-N,-8.936
PGR,c_MET70,mut_s1,detail,1,191,FOJSFYSVCCQUQP-VVKINWOJNA-N,-6.428
PGR,c_MET70,mut_s1,detail,1,192,SULPKNWDXWJTHQ-GCNJZUOMNA-N,-6.206
PGR,c_MET70,mut_s1,detail,1,193,JTPAQMOUZGIORE-UHFFFAOYNA-N,-6.427
PGR,c_MET70,mut_s1,detail,1,194,KRFPGHLUAFZMRZ-TYOBWDGZNA-N,-6.411
PGR,c_MET70,mut_s1,detail,1,195,TVZGACDUOSZQKY-XBGCRKGSNA-N,-6.302
PGR,c_MET70,mut_s1,detail,1,196,CXDZGSNFZYGQSZ-PKRZOPRNNA-N,-7.165
PGR,c_MET70,mut_s1,detail,1,197,FBZYWIMLLHPUPX-VJSLDGLSNA-N,-6.334
PGR,c_MET70,mut_s1,detail,1,198,HKJNKURRZRPPMK-MDXLESTANA-N,-6.88
PGR,c_MET70,mut_s1,detail,1,199,DVAPEEIVFMOBQW-SLSKDPHBNA-N,-6.005
PGR,c_MET70,mut_s1,detail,1,200,SVDIZPBCTLXSOH-LNNLXFCONA-N,-7.598
PGR,c_MET70,mut_s1,detail,1,201,NDXCWKMYPWRPDY-NUCQJGHSNA-N,-6.169
PGR,c_MET70,mut_s1,detail,1,202,VXHUMLIJAQHWIX-CRNXEPDINA-N,-8.159
PGR,c_MET70,mut_s1,detail,1,203,KBZDVXICPAJAAT-LNNLXFCONA-N,-5.908
PGR,c_MET70,mut_s1,detail,1,204,DVFDTYFATLFXHU-WOPMAMTRNA-N,-7.05
PGR,c_MET70,mut_s1,detail,1,205,WURBKQGAFSESKZ-MPIMZMORNA-N,-7.376
PGR,c_MET70,mut_s1,detail,1,206,LXGVFBXRKSCESU-UWUUZOGGNA-N,-5.944
PGR,c_MET70,mut_s1,detail,1,207,CQWFJACPUQVVQZ-UHFFFAOYNA-N,-7.741
PGR,c_MET70,mut_s1,detail,1,208,FEZAUPQJLJCQHD-XRJCTRHONA-N,-7.704
PGR,c_MET70,mut_s1,detail,1,209,IDKGPACCMPKKQB-LIPPOORTNA-N,-9.394
PGR,c_MET70,mut_s1,detail,1,210,PEPJPELNFRAZNQ-LKHHGCNMNA-N,-6.769
PGR,c_MET70,mut_s1,detail,1,211,GRUWUINXLANFJE-LBOYIXSDNA-N,-6.78
PGR,c_MET70,mut_s1,detail,1,212,RTFGYBAMFJVGHJ-UHFFFAOYNA-N,-6.151
PGR,c_MET70,mut_s1,detail,1,213,LYJNRGFCMLOFNV-HIVOMVAKNA-N,-5.581
PGR,c_MET70,mut_s1,detail,1,214,MKDSWBAEXGFAEE-LBOYIXSDNA-N,-5.972
PGR,c_MET70,mut_s1,detail,1,215,NSLNDONZYBNSFU-ASVXZIMGNA-N,-6.683
PGR,c_MET70,mut_s1,detail,1,216,HUDCDZLLNLJTEW-RBSQRGBYNA-N,-7.791
PGR,c_MET70,mut_s1,detail,1,217,OFRDBFMZCXXKAH-LBOYIXSDNA-N,-6.39
PGR,c_MET70,mut_s1,detail,1,218,NSLGAHAKEFYCED-PELNGNISNA-N,-6.74
PGR,c_MET70,mut_s1,detail,1,219,QLSURSTUZJVSGU-NSJMMFDCNA-N,-8.53
PGR,c_MET70,mut_s1,detail,1,220,CXLYWVWLNDGNIU-VEORKLDJNA-N,-5.33
PGR,c_MET70,mut_s1,detail,1,221,RHIJMDNVEPLDED-UHFFFAOYNA-N,-5.085
PGR,c_MET70,mut_s1,detail,1,222,YNUXXMJVZSTPFZ-CSKMVECVNA-N,-6.975
PGR,c_MET70,mut_s1,detail,1,223,ILWOOGUHZKNTQQ-DNVCBOLYNA-N,-7.248
PGR,c_MET70,mut_s1,detail,1,224,CARWTONHZWZDHZ-XIPNIRHDNA-N,-6.515
PGR,c_MET70,mut_s1,detail,1,225,OSMWANBXVVPETF-HTBVCZPNNA-N,-6.904
PGR,c_MET70,mut_s1,detail,1,226,KCNVHXJEALIYQI-PCRUTULWNA-N,-6.616
PGR,c_MET70,mut_s1,detail,1,227,FPUDFDKQGXUBJA-QQXSKIMKNA-N,-8.179
PGR,c_MET70,mut_s1,detail,1,228,MQWZYEDJGHLFFI-VJSLDGLSNA-N,-8.094
PGR,c_MET70,mut_s1,detail,1,229,YPTIEFMKXZIMKO-LNNLXFCONA-N,-7.471
PGR,c_MET70,mut_s1,detail,1,230,MWIZLUKLQZEFBC-LKHHGCNMNA-N,-5.909
PGR,c_MET70,mut_s1,detail,1,231,PMNZCFDKKKLFHH-LBOYIXSDNA-N,-7.055
PGR,c_MET70,mut_s1,detail,1,232,NELOFNHVEWRSBT-OKPOJWAQNA-N,-6.358
PGR,c_MET70,mut_s1,detail,1,233,VCXACHHEDDVKAY-SREBMQDQNA-N,-7.824
PGR,c_MET70,mut_s1,detail,1,234,KWJVADNYZMUTJY-IPYVVANSNA-N,-9.903
PGR,c_MET70,mut_s1,detail,1,235,LLQAFRKQJAOAMO-XGEXJYLCNA-N,-5.365
PGR,c_MET70,mut_s1,detail,1,236,VCAMVXBSKDFRFE-LNNLXFCONA-N,-5.257
PGR,c_MET70,mut_s1,detail,1,237,QXIHUBWNLRPDRU-UHFFFAOYNA-N,-6.876
PGR,c_MET70,mut_s1,detail,1,238,JUXOLKXMOLRWLC-MPIMZMORNA-N,-6.838
PGR,c_MET70,mut_s1,detail,1,239,SQTIAXOMFTYLLF-QVYQQCQZNA-N,-5.636
PGR,c_MET70,mut_s1,detail,1,240,BJSKDMOWRPAVMK-UHFFFAOYNA-N,-9.058
PGR,c_MET70,mut_s1,detail,1,241,VRQPEWWROOGXLL-VJSLDGLSNA-N,-6.568
PGR,c_MET70,mut_s1,detail,1,242,IXNOFPXGSKSKJH-HXTKINSTNA-N,-6.15
PGR,c_MET70,mut_s1,detail,1,243,BMCFOHNLKRIWMC-UHFFFAOYNA-N,-6.409
PGR,c_MET70,mut_s1,detail,1,244,FLFMKNMHDFIWDB-PJQSKVNONA-N,-6.388
PGR,c_MET70,mut_s1,detail,1,245,JJLXVLWPUFIUBC-IGBJZSFZNA-N,-8.091
PGR,c_MET70,mut_s1,detail,1,246,ZXCSBCTVTJFLOZ-JUEKIJOLNA-N,-7.901
PGR,c_MET70,mut_s1,detail,1,247,LCSLDZZBWHBLFA-UHFFFAOYNA-N,-6.676
PGR,c_MET70,mut_s1,detail,1,248,CAVTYMQSFAIXRJ-AKXZRBJUNA-N,-5.114
PGR,c_MET70,mut_s1,detail,1,249,UFXJYIXRQNBEDW-UHFFFAOYNA-N,-8.084
PGR,c_MET70,mut_s1,detail,1,250,HWIAWSLSCZUKKA-SFHVURJKNA-N,-6.158
PGR,c_MET70,mut_s1,detail,1,251,MYHQHPUWOWUUQI-ZELWXOMMNA-N,-8.781
PGR,c_MET70,mut_s1,detail,1,252,GWNRIUBPBWOQGT-UHFFFAOYNA-N,-8.504
PGR,c_MET70,mut_s1,detail,1,253,YCWRQUXRVNLWEM-LELJVTLKNA-N,-7.146
PGR,c_MET70,mut_s1,detail,1,254,DMRFDXBCAQFSFQ-UYLYIRGYNA-N,-8.11
PGR,c_MET70,mut_s1,detail,1,255,XCZDGLYGEYYXKS-UWLQQCCWNA-N,-6.447
PGR,c_MET73,mut_s1,detail,1,0,UDJUXZQGNCUDQR-LILDFLRNNA-N,-8.15
PGR,c_MET73,mut_s1,detail,1,1,GANVJBSNVYJUKL-UHFFFAOYNA-N,-6.896
PGR,c_MET73,mut_s1,detail,1,2,RUBHNPNCPXGKIE-YAQRNVERNA-N,-6.795
PGR,c_MET73,mut_s1,detail,1,3,JYSICDMWNXGPIM-XLPACQNMNA-N,-6.357
PGR,c_MET73,mut_s1,detail,1,4,KZDPKDSPDUVHGB-GAJRPKRDNA-N,-7.412
PGR,c_MET73,mut_s1,detail,1,5,GQKJQNXSSQKJGW-HCKMINDGNA-N,-8.488
PGR,c_MET73,mut_s1,detail,1,6,HJRUOZFNPQVNSF-MNIXEANVNA-N,-8.56
PGR,c_MET73,mut_s1,detail,1,7,ALUOSUMBVMLDKR-UHFFFAOYNA-N,-9.623
PGR,c_MET73,mut_s1,detail,1,8,QMQNUSSPTHZCGT-UYBDAZJANA-N,-8.863
PGR,c_MET73,mut_s1,detail,1,9,UEZBMIQIUOTBJT-UYBDAZJANA-N,-8.291
PGR,c_MET73,mut_s1,detail,1,10,ICZZTNOOMSQNCH-UHFFFAOYNA-N,-7.481
PGR,c_MET73,mut_s1,detail,1,11,AMOFQKAIXTYZIZ-NPVYFSBINA-N,-6.97
PGR,c_MET73,mut_s1,detail,1,12,IZOPLHPCKOSQQN-UHFFFAOYNA-N,-8.254
PGR,c_MET73,mut_s1,detail,1,13,OFZZZJLWPKOLIX-GPQMBLKYNA-N,-8.914
PGR,c_MET73,mut_s1,detail,1,14,BXADTFNFCCRMQU-UHFFFAOYNA-N,-6.874
PGR,c_MET73,mut_s1,detail,1,15,PKQDOSZHMAIBHQ-GPQMBLKYNA-N,-8.694
PGR,c_MET73,mut_s1,detail,1,16,JLTFAWOGGLXAFU-UHFFFAOYNA-N,-7.335
PGR,c_MET73,mut_s1,detail,1,17,QYACKAORZRQPTE-UHFFFAOYNA-N,-7.174
PGR,c_MET73,mut_s1,detail,1,18,FFJKVRCOUHEYOK-YAQRNVERNA-N,-7.442
PGR,c_MET73,mut_s1,detail,1,19,MFTSRMJYWLCCSA-GHRIWEEINA-N,-9.31
PGR,c_MET73,mut_s1,detail,1,20,NDRMSISLKTZBKD-HCKMINDGNA-N,-7.764
PGR,c_MET73,mut_s1,detail,1,21,APGSUVBRVVNRPJ-UHFFFAOYNA-N,-8.397
PGR,c_MET73,mut_s1,detail,1,22,MTIGVNBPQVLRLS-XQMQJMAZNA-N,-7.291
PGR,c_MET73,mut_s1,detail,1,23,WIWDZNZJLUFUSQ-GSIAOYINNA-N,-7.961
PGR,c_MET73,mut_s1,detail,1,24,WVJSLMIKTFBTBO-WVMALLHKNA-N,-8.131
PGR,c_MET73,mut_s1,detail,1,25,QASCAWSPAPUKDI-UHFFFAOYNA-N,-7.329
PGR,c_MET73,mut_s1,detail,1,26,WJZNKICGQZGRPQ-YHMJCDSINA-N,-6.6
PGR,c_MET73,mut_s1,detail,1,27,ACKCEYIVRXUHDK-HCKMINDGNA-N,-8.246
PGR,c_MET73,mut_s1,detail,1,28,GXKXWCKNQMYETG-UHFFFAOYNA-N,-8.786
PGR,c_MET73,mut_s1,detail,1,29,QGTKEDSQUDRCEG-UHFFFAOYNA-N,-7.095
PGR,c_MET73,mut_s1,detail,1,30,NYJUJIFSIDORSZ-LILDFLRNNA-N,-9.018
PGR,c_MET73,mut_s1,detail,1,31,SCGGVBDHUNVGKR-VRGMUVNCNA-N,-9.455
PGR,c_MET73,mut_s1,detail,1,32,ZWGVKWPZYUUFSB-YAQRNVERNA-N,-7.283
PGR,c_MET73,mut_s1,detail,1,33,BCTONXHZFGFJIT-UHFFFAOYNA-N,-8.81
PGR,c_MET73,mut_s1,detail,1,34,BIZAQLNMDJHGTL-HCKMINDGNA-N,-8.592
PGR,c_MET73,mut_s1,detail,1,35,KZFYAEKGSRGKDQ-GPQMBLKYNA-N,-8.674
PGR,c_MET73,mut_s1,detail,1,36,REZYNFOIWKOLBD-UHFFFAOYNA-N,-7.4
PGR,c_MET73,mut_s1,detail,1,37,SDKQIECEJUFKHI-MUSVCJDDNA-N,-8.257
PGR,c_MET73,mut_s1,detail,1,38,XUJSYVYKXBOYJP-JTQLQIEINA-N,-8.603
PGR,c_MET73,mut_s1,detail,1,39,NVHKWMBHTXQWRP-NSFCMMSCNA-N,-8.12
PGR,c_MET73,mut_s1,detail,1,40,AHYPQQDJTFMEJW-VGOFMYFVNA-N,-7.758
PGR,c_MET73,mut_s1,detail,1,41,BGRJTUBHPOOWDU-QDYITYEQNA-N,-7.268
PGR,c_MET73,mut_s1,detail,1,42,KJQORRCKEQRHKP-UHFFFAOYNA-N,-10.125
PGR,c_MET73,mut_s1,detail,1,43,SJFPWWYCPGONOM-UHFFFAOYNA-N,-7.847
PGR,c_MET73,mut_s1,detail,1,44,VEZJRJGLFIXQHG-KJQBJTEXNA-N,-8.56
PGR,c_MET73,mut_s1,detail,1,45,VQXJTNXJSNLNEM-WYUMXYHSNA-N,-8.655
PGR,c_MET73,mut_s1,detail,1,46,RWCDZKHBJGXNQH-UHFFFAOYNA-N,-8.285
PGR,c_MET73,mut_s1,detail,1,47,JXOHPGXCMHDJOH-XQMQJMAZNA-N,-8.081
PGR,c_MET73,mut_s1,detail,1,48,XNBZHZUOHMKIBH-UHFFFAOYNA-N,-7.582
PGR,c_MET73,mut_s1,detail,1,49,VTEXVGQDUYFTHA-UHFFFAOYNA-N,-6.55
PGR,c_MET73,mut_s1,detail,1,50,IUJLOAKJZQBENM-UHFFFAOYNA-N,-6.871
PGR,c_MET73,mut_s1,detail,1,51,QHULAWVSDWNAPE-UHFFFAOYNA-N,-7.976
PGR,c_MET73,mut_s1,detail,1,52,VGJKJRWFEYUOMP-YAQRNVERNA-N,-7.122
PGR,c_MET73,mut_s1,detail,1,53,DDCFZIXVFUZWLX-UHFFFAOYNA-N,-8.292
PGR,c_MET73,mut_s1,detail,1,54,OTCRWFSKWBSBLF-UHFFFAOYNA-N,-7.377
PGR,c_MET73,mut_s1,detail,1,55,YFYMHQPNOSTLFF-XQMQJMAZNA-N,-7.426
PGR,c_MET73,mut_s1,detail,1,56,DYMQNLJFFJCVBA-UHFFFAOYNA-N,-7.744
PGR,c_MET73,mut_s1,detail,1,57,QERUYJGOUSNCOY-YHMJCDSINA-N,-7.653
PGR,c_MET73,mut_s1,detail,1,58,VBKFPTDUXZKHJG-VNHYZAJKNA-N,-7.867
PGR,c_MET73,mut_s1,detail,1,59,ZBEDJPDEINGEHM-UHFFFAOYNA-N,-6.134
PGR,c_MET73,mut_s1,detail,1,60,LIEZHLXUCGSNOU-UHFFFAOYNA-N,-8.664
PGR,c_MET73,mut_s1,detail,1,61,RROQODCMZSASRX-UHFFFAOYNA-N,-6.642
PGR,c_MET73,mut_s1,detail,1,62,BPMAVTHRQBBTNZ-UYBDAZJANA-N,-8.671
PGR,c_MET73,mut_s1,detail,1,63,ATKWLNSCJYLXPF-FICVDOATNA-N,-8.506
PGR,c_MET73,mut_s1,detail,1,64,RLUBDGBLOPBNLZ-UHFFFAOYNA-N,-9.349
PGR,c_MET73,mut_s1,detail,1,65,UVERTHXHNQWOMX-UHFFFAOYNA-N,-8.16
PGR,c_MET73,mut_s1,detail,1,66,BPFYGTYAFCVUAQ-QWOVJGMINA-N,-8.383
PGR,c_MET73,mut_s1,detail,1,67,ZODJKQULMZCUCT-PKSOQXRJNA-N,-7.91
PGR,c_MET73,mut_s1,detail,1,68,WEZGTMJXSVLNML-MPIMZMORNA-N,-8.784
PGR,c_MET73,mut_s1,detail,1,69,IGZPSIOZEAIYTH-UHFFFAOYNA-N,-8.844
PGR,c_MET73,mut_s1,detail,1,70,YRVFOAARONPYKD-UHFFFAOYNA-N,-10.198
PGR,c_MET73,mut_s1,detail,1,71,ZESNJJBGEWLRGV-KAKWUFLPNA-N,-8.52
PGR,c_MET73,mut_s1,detail,1,72,PYCBHJYHBUOUCW-PKSOQXRJNA-N,-7.785
PGR,c_MET73,mut_s1,detail,1,73,ABPSNZWEZWHADJ-GPQMBLKYNA-N,-7.568
PGR,c_MET73,mut_s1,detail,1,74,WXDJXWILXCCWRK-UHFFFAOYNA-N,-7.381
PGR,c_MET73,mut_s1,detail,1,75,VCRWHFFSQUYIOM-DDCYPFOINA-N,-7.379
PGR,c_MET73,mut_s1,detail,1,76,JANVEQMYWYPFNU-RTAVDJSLNA-N,-7.415
PGR,c_MET73,mut_s1,detail,1,77,IQLYJZGQMYCKRA-QWOVJGMINA-N,-8.154
PGR,c_MET73,mut_s1,detail,1,78,CTAZJMUKYKCOMY-HVXXBKQBNA-N,-8.052
PGR,c_MET73,mut_s1,detail,1,79,FXRIMHMLPNSELN-XBTAAFKLNA-N,-6.225
PGR,c_MET73,mut_s1,detail,1,80,GEUQUSZFVWZXJI-UHFFFAOYNA-N,-7.96
PGR,c_MET73,mut_s1,detail,1,81,AFGXLUJVZOJZCS-DVIAZDKANA-N,-6.698
PGR,c_MET73,mut_s1,detail,1,82,QPNICESGZANARJ-MPIMZMORNA-N,-8.06
PGR,c_MET73,mut_s1,detail,1,83,QFHCJULFNFFSDD-MPIMZMORNA-N,-7.544
PGR,c_MET73,mut_s1,detail,1,84,MABJRAVWPUIQDD-GPQMBLKYNA-N,-7.186
PGR,c_MET73,mut_s1,detail,1,85,KEULGNACOIQOLD-LILDFLRNNA-N,-7.847
PGR,c_MET73,mut_s1,detail,1,86,PHUKSBWGYBHYCM-ZANVPECINA-N,-7.993
PGR,c_MET73,mut_s1,detail,1,87,VBFJSECKEUOBIV-UYBDAZJANA-N,-7.694
PGR,c_MET73,mut_s1,detail,1,88,VKOJWPSHQQXTMQ-AWQFTUOYNA-N,-9.272
PGR,c_MET73,mut_s1,detail,1,89,WGGCYQHFLWUGKK-LNNLXFCONA-N,-10.003
PGR,c_MET73,mut_s1,detail,1,90,SEESZUWDWXYFGB-HUUCEWRRNA-N,-7.443
PGR,c_MET73,mut_s1,detail,1,91,SAOIUZZZCRDJIE-UYBDAZJANA-N,-8.517
PGR,c_MET73,mut_s1,detail,1,92,LCZXUQMWBHAHOF-PKSOQXRJNA-N,-8.132
PGR,c_MET73,mut_s1,detail,1,93,HJZRMYRSMHLBMM-UHFFFAOYNA-N,-7.204
PGR,c_MET73,mut_s1,detail,1,94,NYIAMZTVDFGSMO-UHFFFAOYNA-N,-7.227
PGR,c_MET73,mut_s1,detail,1,95,PBGALVWBACEVEC-QWOVJGMINA-N,-7.501
PGR,c_MET73,mut_s1,detail,1,96,DDCGYKUGMMDSDD-PKSOQXRJNA-N,-8.468
PGR,c_MET73,mut_s1,detail,1,97,IIROHAHLTGYHGV-UYBDAZJANA-N,-8.679
PGR,c_MET73,mut_s1,detail,1,98,IQJXWGCMCSFZHI-LQFNOIFHNA-N,-7.488
PGR,c_MET73,mut_s1,detail,1,99,OPSKQPYXZASNGA-QWOVJGMINA-N,-6.019
PGR,c_MET73,mut_s1,detail,1,100,COHPEUUUDGXEPG-MPIMZMORNA-N,-6.707
PGR,c_MET73,mut_s1,detail,1,101,LCLQRXYSCAZUJT-PKSOQXRJNA-N,-7.887
PGR,c_MET73,mut_s1,detail,1,102,DMWUHECJQADMOM-PKSOQXRJNA-N,-7.687
PGR,c_MET73,mut_s1,detail,1,103,RINYNDHGPMMUPG-UYBDAZJANA-N,-8.553
PGR,c_MET73,mut_s1,detail,1,104,GWFMSEYHCOCBEH-UYBDAZJANA-N,-8.324
PGR,c_MET73,mut_s1,detail,1,105,ZSYYKQAVTXERHH-LILDFLRNNA-N,-6.718
PGR,c_MET73,mut_s1,detail,1,106,RFGLZFMBWWKYGX-UHFFFAOYNA-N,-8.601
PGR,c_MET73,mut_s1,detail,1,107,ZCFXIPSPKDGCHW-HSJCKIQZNA-N,-6.736
PGR,c_MET73,mut_s1,detail,1,108,OJBRUITYMUOMQJ-UYBDAZJANA-N,-6.371
PGR,c_MET73,mut_s1,detail,1,109,QRQQRMCYDJTOMZ-IHYGWTSJNA-N,-9.406
PGR,c_MET73,mut_s1,detail,1,110,UZYHGPCXMSFTKE-NPQUBYNZNA-N,-7.932
PGR,c_MET73,mut_s1,detail,1,111,FKRLYCLDDLGGPB-HCKMINDGNA-N,-8.278
PGR,c_MET73,mut_s1,detail,1,112,SJUXHCSNSGLKJD-UYBDAZJANA-N,-6.958
PGR,c_MET73,mut_s1,detail,1,113,MDJMMLITJGVNQI-LILDFLRNNA-N,-7.088
PGR,c_MET73,mut_s1,detail,1,114,LAKWSLSTUWRCOM-UHFFFAOYNA-N,-8.853
PGR,c_MET73,mut_s1,detail,1,115,RZYYWEWDCWHDNZ-PKSOQXRJNA-N,-6.98
PGR,c_MET73,mut_s1,detail,1,116,KSTQHOAVVBOECJ-PKSOQXRJNA-N,-8.047
PGR,c_MET73,mut_s1,detail,1,117,LTBODPBDLZJCLH-UHFFFAOYNA-N,-9.874
PGR,c_MET73,mut_s1,detail,1,118,YNPHZUYBOQPWKQ-UYBDAZJANA-N,-8.355
PGR,c_MET73,mut_s1,detail,1,119,TZYCJGJZUSVUSB-UHFFFAOYNA-N,-7.157
PGR,c_MET73,mut_s1,detail,1,120,YDEMTQMAWLEDQT-HPHMPNDVNA-N,-6.235
PGR,c_MET73,mut_s1,detail,1,121,JJTMKAVMZRVHFW-JZJYNLBNNA-N,-8.737
PGR,c_MET73,mut_s1,detail,1,122,UQILDYXMCYUCGV-MPIMZMORNA-N,-6.713
PGR,c_MET73,mut_s1,detail,1,123,LRULJABSRXBARK-PKSOQXRJNA-N,-6.19
PGR,c_MET73,mut_s1,detail,1,124,FDGMHVXFEWDBLE-GZNJHTOZNA-N,-7.226
PGR,c_MET73,mut_s1,detail,1,125,MDPXBTVEVMPBMF-MRSUPTMINA-N,-7.675
PGR,c_MET73,mut_s1,detail,1,126,PRDMNBQAHOVKAV-UHFFFAOYNA-N,-8.8
PGR,c_MET73,mut_s1,detail,1,127,OBAYJABSUJXLMA-HCKMINDGNA-N,-8.313
PGR,c_MET73,mut_s1,detail,1,128,HLMWKCMXNWJGGO-VNHAUOCNNA-N,-6.658
PGR,c_MET73,mut_s1,detail,1,129,ZWXZFCRRFQRJPF-QWOVJGMINA-N,-7.191
PGR,c_MET73,mut_s1,detail,1,130,IXUSJKAERUMZME-NBNNRKRINA-N,-8.595
PGR,c_MET73,mut_s1,detail,1,131,WDVACORMOUBMRH-NPQUBYNZNA-N,-7.769
PGR,c_MET73,mut_s1,detail,1,132,UXLJJGBAQOYQMV-UHFFFAOYNA-N,-8.628
PGR,c_MET73,mut_s1,detail,1,133,RWPNUXJCHLIEDT-UHFFFAOYNA-N,-7.017
PGR,c_MET73,mut_s1,detail,1,134,BTCLKPCIIFOYHE-KRMNUSLJNA-N,-6.978
PGR,c_MET73,mut_s1,detail,1,135,IGYZXGKFEXFDBK-SPEPDGBUNA-N,-7.914
PGR,c_MET73,mut_s1,detail,1,136,RUKFQFDSWPNHGL-LNNLXFCONA-N,-6.538
PGR,c_MET73,mut_s1,detail,1,137,QTHMBVGZTPOODZ-FVJBVQDQNA-N,-5.911
PGR,c_MET73,mut_s1,detail,1,138,BLQYVHBZHAISJM-LSHAIWFFNA-N,-6.3
PGR,c_MET73,mut_s1,detail,1,139,WMDYKLMOCCOUEL-SACSUSJJNA-N,-9.763
PGR,c_MET73,mut_s1,detail,1,140,LEVPVCOKBQEXMQ-MPIMZMORNA-N,-8.347
PGR,c_MET73,mut_s1,detail,1,141,YYDFYJDBXOSJHE-WBMJQRKENA-N,-6.549
PGR,c_MET73,mut_s1,detail,1,142,NFXJPCKVPBXSDH-LQFNOIFHNA-N,-5.521
PGR,c_MET73,mut_s1,detail,1,143,KAUHJCPWWQWSJV-LELJVTLKNA-N,-7.621
PGR,c_MET73,mut_s1,detail,1,144,NVZSQUSTRBKANP-YIVFFDRWNA-N,-7.323
PGR,c_MET73,mut_s1,detail,1,145,WIKNISOFBKUYKR-LBOYIXSDNA-N,-8.952
PGR,c_MET73,mut_s1,detail,1,146,AQIYGSAXYBBKKP-LNNLXFCONA-N,-6.998
PGR,c_MET73,mut_s1,detail,1,147,TWKQKOFHSPYVSG-LQFNOIFHNA-N,-7.135
PGR,c_MET73,mut_s1,detail,1,148,LVWSKXKIFXRKQJ-QWOVJGMINA-N,-6.921
PGR,c_MET73,mut_s1,detail,1,149,BBBUKQRTMPJLSL-FHIWLMNKNA-N,-8.054
PGR,c_MET73,mut_s1,detail,1,150,SCECNMVMCCDVHC-UHFFFAOYNA-N,-7.622
PGR,c_MET73,mut_s1,detail,1,151,OLMVVVWTBFULHB-HXTKINSTNA-N,-6.468
PGR,c_MET73,mut_s1,detail,1,152,BJXFHKHIABEKFL-HXTKINSTNA-N,-7.049
PGR,c_MET73,mut_s1,detail,1,153,GMYAIAZTDBDYGE-UHFFFAOYNA-N,-7.715
PGR,c_MET73,mut_s1,detail,1,154,OMIWVZGQMXEZLZ-UHFFFAOYNA-N,-7.679
PGR,c_MET73,mut_s1,detail,1,155,SFQDUATXFZWGHZ-UHFFFAOYNA-N,-6.278
PGR,c_MET73,mut_s1,detail,1,156,AMRCHQSZZXWZBI-UHFFFAOYNA-N,-6.404
PGR,c_MET73,mut_s1,detail,1,157,PDKBGLXLXHGRIF-UHFFFAOYNA-N,-6.96
PGR,c_MET73,mut_s1,detail,1,158,IMPCJHDDDAGSIP-UHFFFAOYNA-N,-7.291
PGR,c_MET73,mut_s1,detail,1,159,QKASSONCRIQFQE-UHFFFAOYNA-N,-8.335
PGR,c_MET73,mut_s1,detail,1,160,RBPSUSGZEBUPLW-LELJVTLKNA-N,-7.102
PGR,c_MET73,mut_s1,detail,1,161,IZMNNUPSRDMEKL-LICXQBBSNA-N,-8.245
PGR,c_MET73,mut_s1,detail,1,162,PAVNRYHGSYWSPV-MPIMZMORNA-N,-7.147
PGR,c_MET73,mut_s1,detail,1,163,TZXYYVHNWAKJLI-UHFFFAOYNA-N,-6.977
PGR,c_MET73,mut_s1,detail,1,164,HNOCRTTZBPUBHY-UHFFFAOYNA-N,-7.444
PGR,c_MET73,mut_s1,detail,1,165,WMPZPNIPTZCCJK-PKSOQXRJNA-N,-6.428
PGR,c_MET73,mut_s1,detail,1,166,OBPAOULTANNRFC-QWOVJGMINA-N,-7.217
PGR,c_MET73,mut_s1,detail,1,167,UCJOWIKNRBWRAB-UHFFFAOYNA-N,-8.062
PGR,c_MET73,mut_s1,detail,1,168,GFKDVMSTTKOYOX-QCVZTBOQNA-N,-7.152
PGR,c_MET73,mut_s1,detail,1,169,BAEJDWKEKZSULN-UHFFFAOYNA-N,-7.272
PGR,c_MET73,mut_s1,detail,1,170,KZUDVENDSUODSU-LQFNOIFHNA-N,-8.36
PGR,c_MET73,mut_s1,detail,1,171,HBYPDVHGDKCNMT-DVIAZDKANA-N,-7.963
PGR,c_MET73,mut_s1,detail,1,172,PMUHFTCPDVPMRF-LELJVTLKNA-N,-8.223
PGR,c_MET73,mut_s1,detail,1,173,XIYSICLOFPYCTK-ZVWSISBDNA-N,-5.958
PGR,c_MET73,mut_s1,detail,1,174,CFOFCUAQALFPIW-HPRFPMAVNA-N,-6.651
PGR,c_MET73,mut_s1,detail,1,175,ZNBMRULRQJAJNW-IRIILVJRNA-N,-8.355
PGR,c_MET73,mut_s1,detail,1,176,RSQKKNPJKLBGPF-DVIAZDKANA-N,-7.176
PGR,c_MET73,mut_s1,detail,1,177,UIYRVVZHZVHONZ-QWOVJGMINA-N,-7.231
PGR,c_MET73,mut_s1,detail,1,178,RNCGDYFDZJIQTQ-UHFFFAOYNA-N,-9.033
PGR,c_MET73,mut_s1,detail,1,179,QOWFNZNDIAKQKO-QFIPXVFZNA-N,-6.986
PGR,c_MET73,mut_s1,detail,1,180,FIPNXDSUMLBDQK-LQFNOIFHNA-N,-8.094
PGR,c_MET73,mut_s1,detail,1,181,NHFGNUVGTDMGKX-UHFFFAOYNA-N,-5.818
PGR,c_MET73,mut_s1,detail,1,182,RNBGNITZKVUDSK-YFMNGRKDNA-N,-5.737
PGR,c_MET73,mut_s1,detail,1,183,CPEKPARXQVWWJD-IAXKEJLGNA-N,-6.541
PGR,c_MET73,mut_s1,detail,1,184,IEAABJYVWXHFOX-MPIMZMORNA-N,-8.001
PGR,c_MET73,mut_s1,detail,1,185,DSNCXRXGMZSRBV-GOSISDBHNA-N,-8.901
PGR,c_MET73,mut_s1,detail,1,186,DOVTZHSQYCZIIX-MPIMZMORNA-N,-8.146
PGR,c_MET73,mut_s1,detail,1,187,BKYWKCMMWRHBGX-SPEPDGBUNA-N,-8.102
PGR,c_MET73,mut_s1,detail,1,188,MTRHSIOVVWFAOM-MPIMZMORNA-N,-6.115
PGR,c_MET73,mut_s1,detail,1,189,VZLVPTSUFJDRRQ-LELJVTLKNA-N,-6.662
PGR,c_MET73,mut_s1,detail,1,190,FJYPQTWLGSEZAE-UNEGGNDLNA-N,-8.833
PGR,c_MET73,mut_s1,detail,1,191,FOJSFYSVCCQUQP-VVKINWOJNA-N,-7.167
PGR,c_MET73,mut_s1,detail,1,192,SULPKNWDXWJTHQ-GCNJZUOMNA-N,-6.254
PGR,c_MET73,mut_s1,detail,1,193,JTPAQMOUZGIORE-UHFFFAOYNA-N,-6.671
PGR,c_MET73,mut_s1,detail,1,194,KRFPGHLUAFZMRZ-TYOBWDGZNA-N,-5.615
PGR,c_MET73,mut_s1,detail,1,195,TVZGACDUOSZQKY-XBGCRKGSNA-N,-7.741
PGR,c_MET73,mut_s1,detail,1,196,CXDZGSNFZYGQSZ-PKRZOPRNNA-N,-7.239
PGR,c_MET73,mut_s1,detail,1,197,FBZYWIMLLHPUPX-VJSLDGLSNA-N,-6.92
PGR,c_MET73,mut_s1,detail,1,198,HKJNKURRZRPPMK-MDXLESTANA-N,-7.791
PGR,c_MET73,mut_s1,detail,1,199,DVAPEEIVFMOBQW-SLSKDPHBNA-N,-6.104
PGR,c_MET73,mut_s1,detail,1,200,SVDIZPBCTLXSOH-LNNLXFCONA-N,-6.897
PGR,c_MET73,mut_s1,detail,1,201,NDXCWKMYPWRPDY-NUCQJGHSNA-N,-6.118
PGR,c_MET73,mut_s1,detail,1,202,VXHUMLIJAQHWIX-CRNXEPDINA-N,-6.416
PGR,c_MET73,mut_s1,detail,1,203,KBZDVXICPAJAAT-LNNLXFCONA-N,-6.48
PGR,c_MET73,mut_s1,detail,1,204,DVFDTYFATLFXHU-WOPMAMTRNA-N,-5.806
PGR,c_MET73,mut_s1,detail,1,205,WURBKQGAFSESKZ-MPIMZMORNA-N,-7.427
PGR,c_MET73,mut_s1,detail,1,206,LXGVFBXRKSCESU-UWUUZOGGNA-N,-6.236
PGR,c_MET73,mut_s1,detail,1,207,CQWFJACPUQVVQZ-UHFFFAOYNA-N,-5.222
PGR,c_MET73,mut_s1,detail,1,208,FEZAUPQJLJCQHD-XRJCTRHONA-N,-6.355
PGR,c_MET73,mut_s1,detail,1,209,IDKGPACCMPKKQB-LIPPOORTNA-N,-8.6
PGR,c_MET73,mut_s1,detail,1,210,PEPJPELNFRAZNQ-LKHHGCNMNA-N,-6.508
PGR,c_MET73,mut_s1,detail,1,211,GRUWUINXLANFJE-LBOYIXSDNA-N,-6.156
PGR,c_MET73,mut_s1,detail,1,212,RTFGYBAMFJVGHJ-UHFFFAOYNA-N,-7.227
PGR,c_MET73,mut_s1,detail,1,213,LYJNRGFCMLOFNV-HIVOMVAKNA-N,-5.188
PGR,c_MET73,mut_s1,detail,1,214,MKDSWBAEXGFAEE-LBOYIXSDNA-N,-5.648
PGR,c_MET73,mut_s1,detail,1,215,NSLNDONZYBNSFU-ASVXZIMGNA-N,-6.619
PGR,c_MET73,mut_s1,detail,1,216,HUDCDZLLNLJTEW-RBSQRGBYNA-N,-4.496
PGR,c_MET73,mut_s1,detail,1,217,OFRDBFMZCXXKAH-LBOYIXSDNA-N,-5.745
PGR,c_MET73,mut_s1,detail,1,218,NSLGAHAKEFYCED-PELNGNISNA-N,-5.797
PGR,c_MET73,mut_s1,detail,1,219,QLSURSTUZJVSGU-NSJMMFDCNA-N,-7.135
PGR,c_MET73,mut_s1,detail,1,220,CXLYWVWLNDGNIU-VEORKLDJNA-N,-5.353
PGR,c_MET73,mut_s1,detail,1,221,RHIJMDNVEPLDED-UHFFFAOYNA-N,-5.419
PGR,c_MET73,mut_s1,detail,1,222,YNUXXMJVZSTPFZ-CSKMVECVNA-N,-6.984
PGR,c_MET73,mut_s1,detail,1,223,ILWOOGUHZKNTQQ-DNVCBOLYNA-N,-8.754
PGR,c_MET73,mut_s1,detail,1,224,CARWTONHZWZDHZ-XIPNIRHDNA-N,-6.73
PGR,c_MET73,mut_s1,detail,1,225,OSMWANBXVVPETF-HTBVCZPNNA-N,-7.261
PGR,c_MET73,mut_s1,detail,1,226,KCNVHXJEALIYQI-PCRUTULWNA-N,-6.161
PGR,c_MET73,mut_s1,detail,1,227,FPUDFDKQGXUBJA-QQXSKIMKNA-N,-7.478
PGR,c_MET73,mut_s1,detail,1,228,MQWZYEDJGHLFFI-VJSLDGLSNA-N,-8.514
PGR,c_MET73,mut_s1,detail,1,229,YPTIEFMKXZIMKO-LNNLXFCONA-N,-7.294
PGR,c_MET73,mut_s1,detail,1,230,MWIZLUKLQZEFBC-LKHHGCNMNA-N,-6.147
PGR,c_MET73,mut_s1,detail,1,231,PMNZCFDKKKLFHH-LBOYIXSDNA-N,-6.798
PGR,c_MET73,mut_s1,detail,1,232,NELOFNHVEWRSBT-OKPOJWAQNA-N,-5.74
PGR,c_MET73,mut_s1,detail,1,233,VCXACHHEDDVKAY-SREBMQDQNA-N,-7.649
PGR,c_MET73,mut_s1,detail,1,234,KWJVADNYZMUTJY-IPYVVANSNA-N,-6.909
PGR,c_MET73,mut_s1,detail,1,235,LLQAFRKQJAOAMO-XGEXJYLCNA-N,-5.648
PGR,c_MET73,mut_s1,detail,1,236,VCAMVXBSKDFRFE-LNNLXFCONA-N,-6.012
PGR,c_MET73,mut_s1,detail,1,237,QXIHUBWNLRPDRU-UHFFFAOYNA-N,-6.513
PGR,c_MET73,mut_s1,detail,1,238,JUXOLKXMOLRWLC-MPIMZMORNA-N,-7.295
PGR,c_MET73,mut_s1,detail,1,239,SQTIAXOMFTYLLF-QVYQQCQZNA-N,-6.045
PGR,c_MET73,mut_s1,detail,1,240,BJSKDMOWRPAVMK-UHFFFAOYNA-N,-8.911
PGR,c_MET73,mut_s1,detail,1,241,VRQPEWWROOGXLL-VJSLDGLSNA-N,-5.479
PGR,c_MET73,mut_s1,detail,1,242,IXNOFPXGSKSKJH-HXTKINSTNA-N,-7.065
PGR,c_MET73,mut_s1,detail,1,243,BMCFOHNLKRIWMC-UHFFFAOYNA-N,-5.871
PGR,c_MET73,mut_s1,detail,1,244,FLFMKNMHDFIWDB-PJQSKVNONA-N,-6.993
PGR,c_MET73,mut_s1,detail,1,245,JJLXVLWPUFIUBC-IGBJZSFZNA-N,-7.928
PGR,c_MET73,mut_s1,detail,1,246,ZXCSBCTVTJFLOZ-JUEKIJOLNA-N,-7.497
PGR,c_MET73,mut_s1,detail,1,247,LCSLDZZBWHBLFA-UHFFFAOYNA-N,-6.42
PGR,c_MET73,mut_s1,detail,1,248,CAVTYMQSFAIXRJ-AKXZRBJUNA-N,-4.88
PGR,c_MET73,mut_s1,detail,1,249,UFXJYIXRQNBEDW-UHFFFAOYNA-N,-7.906
PGR,c_MET73,mut_s1,detail,1,250,HWIAWSLSCZUKKA-SFHVURJKNA-N,-6.68
PGR,c_MET73,mut_s1,detail,1,251,MYHQHPUWOWUUQI-ZELWXOMMNA-N,-5.823
PGR,c_MET73,mut_s1,detail,1,252,GWNRIUBPBWOQGT-UHFFFAOYNA-N,-7.532
PGR,c_MET73,mut_s1,detail,1,253,YCWRQUXRVNLWEM-LELJVTLKNA-N,-6.907
PGR,c_MET73,mut_s1,detail,1,254,DMRFDXBCAQFSFQ-UYLYIRGYNA-N,-8.04
PGR,c_MET73,mut_s1,detail,1,255,XCZDGLYGEYYXKS-UWLQQCCWNA-N,-5.582
PGR,c_PHE92,mut_s1,detail,1,0,UDJUXZQGNCUDQR-LILDFLRNNA-N,-7.791
PGR,c_PHE92,mut_s1,detail,1,1,GANVJBSNVYJUKL-UHFFFAOYNA-N,-6.677
PGR,c_PHE92,mut_s1,detail,1,2,RUBHNPNCPXGKIE-YAQRNVERNA-N,-6.616
PGR,c_PHE92,mut_s1,detail,1,3,JYSICDMWNXGPIM-XLPACQNMNA-N,-7.287
PGR,c_PHE92,mut_s1,detail,1,4,KZDPKDSPDUVHGB-GAJRPKRDNA-N,-7.176
PGR,c_PHE92,mut_s1,detail,1,5,GQKJQNXSSQKJGW-HCKMINDGNA-N,-8.258
PGR,c_PHE92,mut_s1,detail,1,6,HJRUOZFNPQVNSF-MNIXEANVNA-N,-7.97
PGR,c_PHE92,mut_s1,detail,1,7,ALUOSUMBVMLDKR-UHFFFAOYNA-N,-9.17
PGR,c_PHE92,mut_s1,detail,1,8,QMQNUSSPTHZCGT-UYBDAZJANA-N,-8.617
PGR,c_PHE92,mut_s1,detail,1,9,UEZBMIQIUOTBJT-UYBDAZJANA-N,-8.876
PGR,c_PHE92,mut_s1,detail,1,10,ICZZTNOOMSQNCH-UHFFFAOYNA-N,-7.677
PGR,c_PHE92,mut_s1,detail,1,11,AMOFQKAIXTYZIZ-NPVYFSBINA-N,-6.968
PGR,c_PHE92,mut_s1,detail,1,12,IZOPLHPCKOSQQN-UHFFFAOYNA-N,-7.933
PGR,c_PHE92,mut_s1,detail,1,13,OFZZZJLWPKOLIX-GPQMBLKYNA-N,-8.023
PGR,c_PHE92,mut_s1,detail,1,14,BXADTFNFCCRMQU-UHFFFAOYNA-N,-6.805
PGR,c_PHE92,mut_s1,detail,1,15,PKQDOSZHMAIBHQ-GPQMBLKYNA-N,-8.56
PGR,c_PHE92,mut_s1,detail,1,16,JLTFAWOGGLXAFU-UHFFFAOYNA-N,-7.414
PGR,c_PHE92,mut_s1,detail,1,17,QYACKAORZRQPTE-UHFFFAOYNA-N,-6.928
PGR,c_PHE92,mut_s1,detail,1,18,FFJKVRCOUHEYOK-YAQRNVERNA-N,-7.247
PGR,c_PHE92,mut_s1,detail,1,19,MFTSRMJYWLCCSA-GHRIWEEINA-N,-8.977
PGR,c_PHE92,mut_s1,detail,1,20,NDRMSISLKTZBKD-HCKMINDGNA-N,-7.64
PGR,c_PHE92,mut_s1,detail,1,21,APGSUVBRVVNRPJ-UHFFFAOYNA-N,-7.617
PGR,c_PHE92,mut_s1,detail,1,22,MTIGVNBPQVLRLS-XQMQJMAZNA-N,-6.572
PGR,c_PHE92,mut_s1,detail,1,23,WIWDZNZJLUFUSQ-GSIAOYINNA-N,-8.08
PGR,c_PHE92,mut_s1,detail,1,24,WVJSLMIKTFBTBO-WVMALLHKNA-N,-7.14
PGR,c_PHE92,mut_s1,detail,1,25,QASCAWSPAPUKDI-UHFFFAOYNA-N,-8.504
PGR,c_PHE92,mut_s1,detail,1,26,WJZNKICGQZGRPQ-YHMJCDSINA-N,-6.338
PGR,c_PHE92,mut_s1,detail,1,27,ACKCEYIVRXUHDK-HCKMINDGNA-N,-7.911
PGR,c_PHE92,mut_s1,detail,1,28,GXKXWCKNQMYETG-UHFFFAOYNA-N,-8.022
PGR,c_PHE92,mut_s1,detail,1,29,QGTKEDSQUDRCEG-UHFFFAOYNA-N,-7.221
PGR,c_PHE92,mut_s1,detail,1,30,NYJUJIFSIDORSZ-LILDFLRNNA-N,-8.506
PGR,c_PHE92,mut_s1,detail,1,31,SCGGVBDHUNVGKR-VRGMUVNCNA-N,-8.478
PGR,c_PHE92,mut_s1,detail,1,32,ZWGVKWPZYUUFSB-YAQRNVERNA-N,-7.948
PGR,c_PHE92,mut_s1,detail,1,33,BCTONXHZFGFJIT-UHFFFAOYNA-N,-8.436
PGR,c_PHE92,mut_s1,detail,1,34,BIZAQLNMDJHGTL-HCKMINDGNA-N,-8.231
PGR,c_PHE92,mut_s1,detail,1,35,KZFYAEKGSRGKDQ-GPQMBLKYNA-N,-7.758
PGR,c_PHE92,mut_s1,detail,1,36,REZYNFOIWKOLBD-UHFFFAOYNA-N,-7.066
PGR,c_PHE92,mut_s1,detail,1,37,SDKQIECEJUFKHI-MUSVCJDDNA-N,-7.669
PGR,c_PHE92,mut_s1,detail,1,38,XUJSYVYKXBOYJP-JTQLQIEINA-N,-8.113
PGR,c_PHE92,mut_s1,detail,1,39,NVHKWMBHTXQWRP-NSFCMMSCNA-N,-7.859
PGR,c_PHE92,mut_s1,detail,1,40,AHYPQQDJTFMEJW-VGOFMYFVNA-N,-7.298
PGR,c_PHE92,mut_s1,detail,1,41,BGRJTUBHPOOWDU-QDYITYEQNA-N,-7.157
PGR,c_PHE92,mut_s1,detail,1,42,KJQORRCKEQRHKP-UHFFFAOYNA-N,-9.339
PGR,c_PHE92,mut_s1,detail,1,43,SJFPWWYCPGONOM-UHFFFAOYNA-N,-7.478
PGR,c_PHE92,mut_s1,detail,1,44,VEZJRJGLFIXQHG-KJQBJTEXNA-N,-7.995
PGR,c_PHE92,mut_s1,detail,1,45,VQXJTNXJSNLNEM-WYUMXYHSNA-N,-7.985
PGR,c_PHE92,mut_s1,detail,1,46,RWCDZKHBJGXNQH-UHFFFAOYNA-N,-8.278
PGR,c_PHE92,mut_s1,detail,1,47,JXOHPGXCMHDJOH-XQMQJMAZNA-N,-7.985
PGR,c_PHE92,mut_s1,detail,1,48,XNBZHZUOHMKIBH-UHFFFAOYNA-N,-7.332
PGR,c_PHE92,mut_s1,detail,1,49,VTEXVGQDUYFTHA-UHFFFAOYNA-N,-6.656
PGR,c_PHE92,mut_s1,detail,1,50,IUJLOAKJZQBENM-UHFFFAOYNA-N,-6.396
PGR,c_PHE92,mut_s1,detail,1,51,QHULAWVSDWNAPE-UHFFFAOYNA-N,-7.291
PGR,c_PHE92,mut_s1,detail,1,52,VGJKJRWFEYUOMP-YAQRNVERNA-N,-7.102
PGR,c_PHE92,mut_s1,detail,1,53,DDCFZIXVFUZWLX-UHFFFAOYNA-N,-8.115
PGR,c_PHE92,mut_s1,detail,1,54,OTCRWFSKWBSBLF-UHFFFAOYNA-N,-7.147
PGR,c_PHE92,mut_s1,detail,1,55,YFYMHQPNOSTLFF-XQMQJMAZNA-N,-7.41
PGR,c_PHE92,mut_s1,detail,1,56,DYMQNLJFFJCVBA-UHFFFAOYNA-N,-7.695
PGR,c_PHE92,mut_s1,detail,1,57,QERUYJGOUSNCOY-YHMJCDSINA-N,-7.045
PGR,c_PHE92,mut_s1,detail,1,58,VBKFPTDUXZKHJG-VNHYZAJKNA-N,-7.743
PGR,c_PHE92,mut_s1,detail,1,59,ZBEDJPDEINGEHM-UHFFFAOYNA-N,-5.933
PGR,c_PHE92,mut_s1,detail,1,60,LIEZHLXUCGSNOU-UHFFFAOYNA-N,-8.251
PGR,c_PHE92,mut_s1,detail,1,61,RROQODCMZSASRX-UHFFFAOYNA-N,-6.403
PGR,c_PHE92,mut_s1,detail,1,62,BPMAVTHRQBBTNZ-UYBDAZJANA-N,-8.333
PGR,c_PHE92,mut_s1,detail,1,63,ATKWLNSCJYLXPF-FICVDOATNA-N,-8.603
PGR,c_PHE92,mut_s1,detail,1,64,RLUBDGBLOPBNLZ-UHFFFAOYNA-N,-8.626
PGR,c_PHE92,mut_s1,detail,1,65,UVERTHXHNQWOMX-UHFFFAOYNA-N,-7.818
PGR,c_PHE92,mut_s1,detail,1,66,BPFYGTYAFCVUAQ-QWOVJGMINA-N,-8.447
PGR,c_PHE92,mut_s1,detail,1,67,ZODJKQULMZCUCT-PKSOQXRJNA-N,-8.332
PGR,c_PHE92,mut_s1,detail,1,68,WEZGTMJXSVLNML-MPIMZMORNA-N,-8.026
PGR,c_PHE92,mut_s1,detail,1,69,IGZPSIOZEAIYTH-UHFFFAOYNA-N,-8.841
PGR,c_PHE92,mut_s1,detail,1,70,YRVFOAARONPYKD-UHFFFAOYNA-N,-8.834
PGR,c_PHE92,mut_s1,detail,1,71,ZESNJJBGEWLRGV-KAKWUFLPNA-N,-10.238
PGR,c_PHE92,mut_s1,detail,1,72,PYCBHJYHBUOUCW-PKSOQXRJNA-N,-8.524
PGR,c_PHE92,mut_s1,detail,1,73,ABPSNZWEZWHADJ-GPQMBLKYNA-N,-7.843
PGR,c_PHE92,mut_s1,detail,1,74,WXDJXWILXCCWRK-UHFFFAOYNA-N,-7.639
PGR,c_PHE92,mut_s1,detail,1,75,VCRWHFFSQUYIOM-DDCYPFOINA-N,-6.567
PGR,c_PHE92,mut_s1,detail,1,76,JANVEQMYWYPFNU-RTAVDJSLNA-N,-7.348
PGR,c_PHE92,mut_s1,detail,1,77,IQLYJZGQMYCKRA-QWOVJGMINA-N,-8.71
PGR,c_PHE92,mut_s1,detail,1,78,CTAZJMUKYKCOMY-HVXXBKQBNA-N,-7.261
PGR,c_PHE92,mut_s1,detail,1,79,FXRIMHMLPNSELN-XBTAAFKLNA-N,-6.369
PGR,c_PHE92,mut_s1,detail,1,80,GEUQUSZFVWZXJI-UHFFFAOYNA-N,-8.177
PGR,c_PHE92,mut_s1,detail,1,81,AFGXLUJVZOJZCS-DVIAZDKANA-N,-7.038
PGR,c_PHE92,mut_s1,detail,1,82,QPNICESGZANARJ-MPIMZMORNA-N,-8.657
PGR,c_PHE92,mut_s1,detail,1,83,QFHCJULFNFFSDD-MPIMZMORNA-N,-8.279
PGR,c_PHE92,mut_s1,detail,1,84,MABJRAVWPUIQDD-GPQMBLKYNA-N,-7.147
PGR,c_PHE92,mut_s1,detail,1,85,KEULGNACOIQOLD-LILDFLRNNA-N,-7.749
PGR,c_PHE92,mut_s1,detail,1,86,PHUKSBWGYBHYCM-ZANVPECINA-N,-7.939
PGR,c_PHE92,mut_s1,detail,1,87,VBFJSECKEUOBIV-UYBDAZJANA-N,-7.887
PGR,c_PHE92,mut_s1,detail,1,88,VKOJWPSHQQXTMQ-AWQFTUOYNA-N,-8.231
PGR,c_PHE92,mut_s1,detail,1,89,WGGCYQHFLWUGKK-LNNLXFCONA-N,-8.583
PGR,c_PHE92,mut_s1,detail,1,90,SEESZUWDWXYFGB-HUUCEWRRNA-N,-7.912
PGR,c_PHE92,mut_s1,detail,1,91,SAOIUZZZCRDJIE-UYBDAZJANA-N,-7.143
PGR,c_PHE92,mut_s1,detail,1,92,LCZXUQMWBHAHOF-PKSOQXRJNA-N,-8.222
PGR,c_PHE92,mut_s1,detail,1,93,HJZRMYRSMHLBMM-UHFFFAOYNA-N,-7.797
PGR,c_PHE92,mut_s1,detail,1,94,NYIAMZTVDFGSMO-UHFFFAOYNA-N,-7.841
PGR,c_PHE92,mut_s1,detail,1,95,PBGALVWBACEVEC-QWOVJGMINA-N,-8.306
PGR,c_PHE92,mut_s1,detail,1,96,DDCGYKUGMMDSDD-PKSOQXRJNA-N,-8.022
PGR,c_PHE92,mut_s1,detail,1,97,IIROHAHLTGYHGV-UYBDAZJANA-N,-8.873
PGR,c_PHE92,mut_s1,detail,1,98,IQJXWGCMCSFZHI-LQFNOIFHNA-N,-8.652
PGR,c_PHE92,mut_s1,detail,1,99,OPSKQPYXZASNGA-QWOVJGMINA-N,-6.94
PGR,c_PHE92,mut_s1,detail,1,100,COHPEUUUDGXEPG-MPIMZMORNA-N,-6.701
PGR,c_PHE92,mut_s1,detail,1,101,LCLQRXYSCAZUJT-PKSOQXRJNA-N,-7.672
PGR,c_PHE92,mut_s1,detail,1,102,DMWUHECJQADMOM-PKSOQXRJNA-N,-7.228
PGR,c_PHE92,mut_s1,detail,1,103,RINYNDHGPMMUPG-UYBDAZJANA-N,-7.565
PGR,c_PHE92,mut_s1,detail,1,104,GWFMSEYHCOCBEH-UYBDAZJANA-N,-7.695
PGR,c_PHE92,mut_s1,detail,1,105,ZSYYKQAVTXERHH-LILDFLRNNA-N,-7.004
PGR,c_PHE92,mut_s1,detail,1,106,RFGLZFMBWWKYGX-UHFFFAOYNA-N,-8.085
PGR,c_PHE92,mut_s1,detail,1,107,ZCFXIPSPKDGCHW-HSJCKIQZNA-N,-6.472
PGR,c_PHE92,mut_s1,detail,1,108,OJBRUITYMUOMQJ-UYBDAZJANA-N,-6.461
PGR,c_PHE92,mut_s1,detail,1,109,QRQQRMCYDJTOMZ-IHYGWTSJNA-N,-8.715
PGR,c_PHE92,mut_s1,detail,1,110,UZYHGPCXMSFTKE-NPQUBYNZNA-N,-7.456
PGR,c_PHE92,mut_s1,detail,1,111,FKRLYCLDDLGGPB-HCKMINDGNA-N,-6.674
PGR,c_PHE92,mut_s1,detail,1,112,SJUXHCSNSGLKJD-UYBDAZJANA-N,-7.27
PGR,c_PHE92,mut_s1,detail,1,113,MDJMMLITJGVNQI-LILDFLRNNA-N,-7.447
PGR,c_PHE92,mut_s1,detail,1,114,LAKWSLSTUWRCOM-UHFFFAOYNA-N,-9.169
PGR,c_PHE92,mut_s1,detail,1,115,RZYYWEWDCWHDNZ-PKSOQXRJNA-N,-7.497
PGR,c_PHE92,mut_s1,detail,1,116,KSTQHOAVVBOECJ-PKSOQXRJNA-N,-7.826
PGR,c_PHE92,mut_s1,detail,1,117,LTBODPBDLZJCLH-UHFFFAOYNA-N,-9.593
PGR,c_PHE92,mut_s1,detail,1,118,YNPHZUYBOQPWKQ-UYBDAZJANA-N,-7.662
PGR,c_PHE92,mut_s1,detail,1,119,TZYCJGJZUSVUSB-UHFFFAOYNA-N,-7.107
PGR,c_PHE92,mut_s1,detail,1,120,YDEMTQMAWLEDQT-HPHMPNDVNA-N,-6.429
PGR,c_PHE92,mut_s1,detail,1,121,JJTMKAVMZRVHFW-JZJYNLBNNA-N,-8.893
PGR,c_PHE92,mut_s1,detail,1,122,UQILDYXMCYUCGV-MPIMZMORNA-N,-7.239
PGR,c_PHE92,mut_s1,detail,1,123,LRULJABSRXBARK-PKSOQXRJNA-N,-6.592
PGR,c_PHE92,mut_s1,detail,1,124,FDGMHVXFEWDBLE-GZNJHTOZNA-N,-7.926
PGR,c_PHE92,mut_s1,detail,1,125,MDPXBTVEVMPBMF-MRSUPTMINA-N,-8.652
PGR,c_PHE92,mut_s1,detail,1,126,PRDMNBQAHOVKAV-UHFFFAOYNA-N,-9.431
PGR,c_PHE92,mut_s1,detail,1,127,OBAYJABSUJXLMA-HCKMINDGNA-N,-8.156
PGR,c_PHE92,mut_s1,detail,1,128,HLMWKCMXNWJGGO-VNHAUOCNNA-N,-6.362
PGR,c_PHE92,mut_s1,detail,1,129,ZWXZFCRRFQRJPF-QWOVJGMINA-N,-6.395
PGR,c_PHE92,mut_s1,detail,1,130,IXUSJKAERUMZME-NBNNRKRINA-N,-7.867
PGR,c_PHE92,mut_s1,detail,1,131,WDVACORMOUBMRH-NPQUBYNZNA-N,-8.555
PGR,c_PHE92,mut_s1,detail,1,132,UXLJJGBAQOYQMV-UHFFFAOYNA-N,-7.289
PGR,c_PHE92,mut_s1,detail,1,133,RWPNUXJCHLIEDT-UHFFFAOYNA-N,-5.899
PGR,c_PHE92,mut_s1,detail,1,134,BTCLKPCIIFOYHE-KRMNUSLJNA-N,-7.021
PGR,c_PHE92,mut_s1,detail,1,135,IGYZXGKFEXFDBK-SPEPDGBUNA-N,-9.388
PGR,c_PHE92,mut_s1,detail,1,136,RUKFQFDSWPNHGL-LNNLXFCONA-N,-6.072
PGR,c_PHE92,mut_s1,detail,1,137,QTHMBVGZTPOODZ-FVJBVQDQNA-N,-7.125
PGR,c_PHE92,mut_s1,detail,1,138,BLQYVHBZHAISJM-LSHAIWFFNA-N,-6.196
PGR,c_PHE92,mut_s1,detail,1,139,WMDYKLMOCCOUEL-SACSUSJJNA-N,-8.217
PGR,c_PHE92,mut_s1,detail,1,140,LEVPVCOKBQEXMQ-MPIMZMORNA-N,-8.342
PGR,c_PHE92,mut_s1,detail,1,141,YYDFYJDBXOSJHE-WBMJQRKENA-N,-6.413
PGR,c_PHE92,mut_s1,detail,1,142,NFXJPCKVPBXSDH-LQFNOIFHNA-N,-8.906
PGR,c_PHE92,mut_s1,detail,1,143,KAUHJCPWWQWSJV-LELJVTLKNA-N,-7.597
PGR,c_PHE92,mut_s1,detail,1,144,NVZSQUSTRBKANP-YIVFFDRWNA-N,-7.644
PGR,c_PHE92,mut_s1,detail,1,145,WIKNISOFBKUYKR-LBOYIXSDNA-N,-8.2
PGR,c_PHE92,mut_s1,detail,1,146,AQIYGSAXYBBKKP-LNNLXFCONA-N,-7.907
PGR,c_PHE92,mut_s1,detail,1,147,TWKQKOFHSPYVSG-LQFNOIFHNA-N,-6.495
PGR,c_PHE92,mut_s1,detail,1,148,LVWSKXKIFXRKQJ-QWOVJGMINA-N,-8.167
PGR,c_PHE92,mut_s1,detail,1,149,BBBUKQRTMPJLSL-FHIWLMNKNA-N,-9.409
PGR,c_PHE92,mut_s1,detail,1,150,SCECNMVMCCDVHC-UHFFFAOYNA-N,-8.999
PGR,c_PHE92,mut_s1,detail,1,151,OLMVVVWTBFULHB-HXTKINSTNA-N,-6.027
PGR,c_PHE92,mut_s1,detail,1,152,BJXFHKHIABEKFL-HXTKINSTNA-N,-6.221
PGR,c_PHE92,mut_s1,detail,1,153,GMYAIAZTDBDYGE-UHFFFAOYNA-N,-7.721
PGR,c_PHE92,mut_s1,detail,1,154,OMIWVZGQMXEZLZ-UHFFFAOYNA-N,-9.348
PGR,c_PHE92,mut_s1,detail,1,155,SFQDUATXFZWGHZ-UHFFFAOYNA-N,-5.695
PGR,c_PHE92,mut_s1,detail,1,156,AMRCHQSZZXWZBI-UHFFFAOYNA-N,-7.136
PGR,c_PHE92,mut_s1,detail,1,157,PDKBGLXLXHGRIF-UHFFFAOYNA-N,-8.084
PGR,c_PHE92,mut_s1,detail,1,158,IMPCJHDDDAGSIP-UHFFFAOYNA-N,-8.523
PGR,c_PHE92,mut_s1,detail,1,159,QKASSONCRIQFQE-UHFFFAOYNA-N,-8.244
PGR,c_PHE92,mut_s1,detail,1,160,RBPSUSGZEBUPLW-LELJVTLKNA-N,-7.557
PGR,c_PHE92,mut_s1,detail,1,161,IZMNNUPSRDMEKL-LICXQBBSNA-N,-7.953
PGR,c_PHE92,mut_s1,detail,1,162,PAVNRYHGSYWSPV-MPIMZMORNA-N,-7.026
PGR,c_PHE92,mut_s1,detail,1,163,TZXYYVHNWAKJLI-UHFFFAOYNA-N,-9.221
PGR,c_PHE92,mut_s1,detail,1,164,HNOCRTTZBPUBHY-UHFFFAOYNA-N,-6.78
PGR,c_PHE92,mut_s1,detail,1,165,WMPZPNIPTZCCJK-PKSOQXRJNA-N,-7.242
PGR,c_PHE92,mut_s1,detail,1,166,OBPAOULTANNRFC-QWOVJGMINA-N,-7.732
PGR,c_PHE92,mut_s1,detail,1,167,UCJOWIKNRBWRAB-UHFFFAOYNA-N,-7.69
PGR,c_PHE92,mut_s1,detail,1,168,GFKDVMSTTKOYOX-QCVZTBOQNA-N,-7.089
PGR,c_PHE92,mut_s1,detail,1,169,BAEJDWKEKZSULN-UHFFFAOYNA-N,-7.681
PGR,c_PHE92,mut_s1,detail,1,170,KZUDVENDSUODSU-LQFNOIFHNA-N,-8.843
PGR,c_PHE92,mut_s1,detail,1,171,HBYPDVHGDKCNMT-DVIAZDKANA-N,-8.072
PGR,c_PHE92,mut_s1,detail,1,172,PMUHFTCPDVPMRF-LELJVTLKNA-N,-8.246
PGR,c_PHE92,mut_s1,detail,1,173,XIYSICLOFPYCTK-ZVWSISBDNA-N,-5.78
PGR,c_PHE92,mut_s1,detail,1,174,CFOFCUAQALFPIW-HPRFPMAVNA-N,-6.257
PGR,c_PHE92,mut_s1,detail,1,175,ZNBMRULRQJAJNW-IRIILVJRNA-N,-8.381
PGR,c_PHE92,mut_s1,detail,1,176,RSQKKNPJKLBGPF-DVIAZDKANA-N,-7.772
PGR,c_PHE92,mut_s1,detail,1,177,UIYRVVZHZVHONZ-QWOVJGMINA-N,-6.761
PGR,c_PHE92,mut_s1,detail,1,178,RNCGDYFDZJIQTQ-UHFFFAOYNA-N,-9.022
PGR,c_PHE92,mut_s1,detail,1,179,QOWFNZNDIAKQKO-QFIPXVFZNA-N,-6.994
PGR,c_PHE92,mut_s1,detail,1,180,FIPNXDSUMLBDQK-LQFNOIFHNA-N,-7.581
PGR,c_PHE92,mut_s1,detail,1,181,NHFGNUVGTDMGKX-UHFFFAOYNA-N,-6.145
PGR,c_PHE92,mut_s1,detail,1,182,RNBGNITZKVUDSK-YFMNGRKDNA-N,-5.903
PGR,c_PHE92,mut_s1,detail,1,183,CPEKPARXQVWWJD-IAXKEJLGNA-N,-7.438
PGR,c_PHE92,mut_s1,detail,1,184,IEAABJYVWXHFOX-MPIMZMORNA-N,-7.675
PGR,c_PHE92,mut_s1,detail,1,185,DSNCXRXGMZSRBV-GOSISDBHNA-N,-7.913
PGR,c_PHE92,mut_s1,detail,1,186,DOVTZHSQYCZIIX-MPIMZMORNA-N,-7.798
PGR,c_PHE92,mut_s1,detail,1,187,BKYWKCMMWRHBGX-SPEPDGBUNA-N,-8.773
PGR,c_PHE92,mut_s1,detail,1,188,MTRHSIOVVWFAOM-MPIMZMORNA-N,-6.045
PGR,c_PHE92,mut_s1,detail,1,189,VZLVPTSUFJDRRQ-LELJVTLKNA-N,-6.359
PGR,c_PHE92,mut_s1,detail,1,190,FJYPQTWLGSEZAE-UNEGGNDLNA-N,-8.635
PGR,c_PHE92,mut_s1,detail,1,191,FOJSFYSVCCQUQP-VVKINWOJNA-N,-8.039
PGR,c_PHE92,mut_s1,detail,1,192,SULPKNWDXWJTHQ-GCNJZUOMNA-N,-6.315
PGR,c_PHE92,mut_s1,detail,1,193,JTPAQMOUZGIORE-UHFFFAOYNA-N,-7.905
PGR,c_PHE92,mut_s1,detail,1,194,KRFPGHLUAFZMRZ-TYOBWDGZNA-N,-5.961
PGR,c_PHE92,mut_s1,detail,1,195,TVZGACDUOSZQKY-XBGCRKGSNA-N,-8.109
PGR,c_PHE92,mut_s1,detail,1,196,CXDZGSNFZYGQSZ-PKRZOPRNNA-N,-6.124
PGR,c_PHE92,mut_s1,detail,1,197,FBZYWIMLLHPUPX-VJSLDGLSNA-N,-6.299
PGR,c_PHE92,mut_s1,detail,1,198,HKJNKURRZRPPMK-MDXLESTANA-N,-7.295
PGR,c_PHE92,mut_s1,detail,1,199,DVAPEEIVFMOBQW-SLSKDPHBNA-N,-6.596
PGR,c_PHE92,mut_s1,detail,1,200,SVDIZPBCTLXSOH-LNNLXFCONA-N,-8.255
PGR,c_PHE92,mut_s1,detail,1,201,NDXCWKMYPWRPDY-NUCQJGHSNA-N,-6.074
PGR,c_PHE92,mut_s1,detail,1,202,VXHUMLIJAQHWIX-CRNXEPDINA-N,-8.081
PGR,c_PHE92,mut_s1,detail,1,203,KBZDVXICPAJAAT-LNNLXFCONA-N,-7.197
PGR,c_PHE92,mut_s1,detail,1,204,DVFDTYFATLFXHU-WOPMAMTRNA-N,-6.072
PGR,c_PHE92,mut_s1,detail,1,205,WURBKQGAFSESKZ-MPIMZMORNA-N,-8.797
PGR,c_PHE92,mut_s1,detail,1,206,LXGVFBXRKSCESU-UWUUZOGGNA-N,-6.345
PGR,c_PHE92,mut_s1,detail,1,207,CQWFJACPUQVVQZ-UHFFFAOYNA-N,-6.328
PGR,c_PHE92,mut_s1,detail,1,208,FEZAUPQJLJCQHD-XRJCTRHONA-N,-7.51
PGR,c_PHE92,mut_s1,detail,1,209,IDKGPACCMPKKQB-LIPPOORTNA-N,-10.167
PGR,c_PHE92,mut_s1,detail,1,210,PEPJPELNFRAZNQ-LKHHGCNMNA-N,-7.071
PGR,c_PHE92,mut_s1,detail,1,211,GRUWUINXLANFJE-LBOYIXSDNA-N,-6.775
PGR,c_PHE92,mut_s1,detail,1,212,RTFGYBAMFJVGHJ-UHFFFAOYNA-N,-8.814
PGR,c_PHE92,mut_s1,detail,1,213,LYJNRGFCMLOFNV-HIVOMVAKNA-N,-7.21
PGR,c_PHE92,mut_s1,detail,1,214,MKDSWBAEXGFAEE-LBOYIXSDNA-N,-5.409
PGR,c_PHE92,mut_s1,detail,1,215,NSLNDONZYBNSFU-ASVXZIMGNA-N,-6.791
PGR,c_PHE92,mut_s1,detail,1,216,HUDCDZLLNLJTEW-RBSQRGBYNA-N,-6.474
PGR,c_PHE92,mut_s1,detail,1,217,OFRDBFMZCXXKAH-LBOYIXSDNA-N,-8.416
PGR,c_PHE92,mut_s1,detail,1,218,NSLGAHAKEFYCED-PELNGNISNA-N,-6.083
PGR,c_PHE92,mut_s1,detail,1,219,QLSURSTUZJVSGU-NSJMMFDCNA-N,-8.051
PGR,c_PHE92,mut_s1,detail,1,220,CXLYWVWLNDGNIU-VEORKLDJNA-N,-5.567
PGR,c_PHE92,mut_s1,detail,1,221,RHIJMDNVEPLDED-UHFFFAOYNA-N,-8.385
PGR,c_PHE92,mut_s1,detail,1,222,YNUXXMJVZSTPFZ-CSKMVECVNA-N,-6.962
PGR,c_PHE92,mut_s1,detail,1,223,ILWOOGUHZKNTQQ-DNVCBOLYNA-N,-9.351
PGR,c_PHE92,mut_s1,detail,1,224,CARWTONHZWZDHZ-XIPNIRHDNA-N,-6.4
PGR,c_PHE92,mut_s1,detail,1,225,OSMWANBXVVPETF-HTBVCZPNNA-N,-8.269
PGR,c_PHE92,mut_s1,detail,1,226,KCNVHXJEALIYQI-PCRUTULWNA-N,-5.71
PGR,c_PHE92,mut_s1,detail,1,227,FPUDFDKQGXUBJA-QQXSKIMKNA-N,-8.057
PGR,c_PHE92,mut_s1,detail,1,228,MQWZYEDJGHLFFI-VJSLDGLSNA-N,-7.975
PGR,c_PHE92,mut_s1,detail,1,229,YPTIEFMKXZIMKO-LNNLXFCONA-N,-7.545
PGR,c_PHE92,mut_s1,detail,1,230,MWIZLUKLQZEFBC-LKHHGCNMNA-N,-6.372
PGR,c_PHE92,mut_s1,detail,1,231,PMNZCFDKKKLFHH-LBOYIXSDNA-N,-7.939
PGR,c_PHE92,mut_s1,detail,1,232,NELOFNHVEWRSBT-OKPOJWAQNA-N,-6.259
PGR,c_PHE92,mut_s1,detail,1,233,VCXACHHEDDVKAY-SREBMQDQNA-N,-7.987
PGR,c_PHE92,mut_s1,detail,1,234,KWJVADNYZMUTJY-IPYVVANSNA-N,-8.259
PGR,c_PHE92,mut_s1,detail,1,235,LLQAFRKQJAOAMO-XGEXJYLCNA-N,-4.734
PGR,c_PHE92,mut_s1,detail,1,236,VCAMVXBSKDFRFE-LNNLXFCONA-N,-5.859
PGR,c_PHE92,mut_s1,detail,1,237,QXIHUBWNLRPDRU-UHFFFAOYNA-N,-6.259
PGR,c_PHE92,mut_s1,detail,1,238,JUXOLKXMOLRWLC-MPIMZMORNA-N,-7.53
PGR,c_PHE92,mut_s1,detail,1,239,SQTIAXOMFTYLLF-QVYQQCQZNA-N,-7.991
PGR,c_PHE92,mut_s1,detail,1,240,BJSKDMOWRPAVMK-UHFFFAOYNA-N,-9.642
PGR,c_PHE92,mut_s1,detail,1,241,VRQPEWWROOGXLL-VJSLDGLSNA-N,-6.004
PGR,c_PHE92,mut_s1,detail,1,242,IXNOFPXGSKSKJH-HXTKINSTNA-N,-7.73
PGR,c_PHE92,mut_s1,detail,1,243,BMCFOHNLKRIWMC-UHFFFAOYNA-N,-6.048
PGR,c_PHE92,mut_s1,detail,1,244,FLFMKNMHDFIWDB-PJQSKVNONA-N,-10.481
PGR,c_PHE92,mut_s1,detail,1,245,JJLXVLWPUFIUBC-IGBJZSFZNA-N,-9.17
PGR,c_PHE92,mut_s1,detail,1,246,ZXCSBCTVTJFLOZ-JUEKIJOLNA-N,-7.951
PGR,c_PHE92,mut_s1,detail,1,247,LCSLDZZBWHBLFA-UHFFFAOYNA-N,-7.724
PGR,c_PHE92,mut_s1,detail,1,248,CAVTYMQSFAIXRJ-AKXZRBJUNA-N,-4.988
PGR,c_PHE92,mut_s1,detail,1,249,UFXJYIXRQNBEDW-UHFFFAOYNA-N,-9.229
PGR,c_PHE92,mut_s1,detail,1,250,HWIAWSLSCZUKKA-SFHVURJKNA-N,-6.552
PGR,c_PHE92,mut_s1,detail,1,251,MYHQHPUWOWUUQI-ZELWXOMMNA-N,-7.856
PGR,c_PHE92,mut_s1,detail,1,252,GWNRIUBPBWOQGT-UHFFFAOYNA-N,-10.105
PGR,c_PHE92,mut_s1,detail,1,253,YCWRQUXRVNLWEM-LELJVTLKNA-N,-6.398
PGR,c_PHE92,mut_s1,detail,1,254,DMRFDXBCAQFSFQ-UYLYIRGYNA-N,-8.593
PGR,c_PHE92,mut_s1,detail,1,255,XCZDGLYGEYYXKS-UWLQQCCWNA-N,-5.89
PGR,c_LEU32,mut_s1,detail,1,0,UDJUXZQGNCUDQR-LILDFLRNNA-N,-8.29
PGR,c_LEU32,mut_s1,detail,1,1,GANVJBSNVYJUKL-UHFFFAOYNA-N,-7.085
PGR,c_LEU32,mut_s1,detail,1,2,RUBHNPNCPXGKIE-YAQRNVERNA-N,-6.4
PGR,c_LEU32,mut_s1,detail,1,3,JYSICDMWNXGPIM-XLPACQNMNA-N,-5.962
PGR,c_LEU32,mut_s1,detail,1,4,KZDPKDSPDUVHGB-GAJRPKRDNA-N,-7.149
PGR,c_LEU32,mut_s1,detail,1,5,GQKJQNXSSQKJGW-HCKMINDGNA-N,-7.963
PGR,c_LEU32,mut_s1,detail,1,6,HJRUOZFNPQVNSF-MNIXEANVNA-N,-8.318
PGR,c_LEU32,mut_s1,detail,1,7,ALUOSUMBVMLDKR-UHFFFAOYNA-N,-9.014
PGR,c_LEU32,mut_s1,detail,1,8,QMQNUSSPTHZCGT-UYBDAZJANA-N,-8.831
PGR,c_LEU32,mut_s1,detail,1,9,UEZBMIQIUOTBJT-UYBDAZJANA-N,-7.755
PGR,c_LEU32,mut_s1,detail,1,10,ICZZTNOOMSQNCH-UHFFFAOYNA-N,-7.556
PGR,c_LEU32,mut_s1,detail,1,11,AMOFQKAIXTYZIZ-NPVYFSBINA-N,-7.261
PGR,c_LEU32,mut_s1,detail,1,12,IZOPLHPCKOSQQN-UHFFFAOYNA-N,-7.813
PGR,c_LEU32,mut_s1,detail,1,13,OFZZZJLWPKOLIX-GPQMBLKYNA-N,-8.111
PGR,c_LEU32,mut_s1,detail,1,14,BXADTFNFCCRMQU-UHFFFAOYNA-N,-6.913
PGR,c_LEU32,mut_s1,detail,1,15,PKQDOSZHMAIBHQ-GPQMBLKYNA-N,-8.633
PGR,c_LEU32,mut_s1,detail,1,16,JLTFAWOGGLXAFU-UHFFFAOYNA-N,-7.082
PGR,c_LEU32,mut_s1,detail,1,17,QYACKAORZRQPTE-UHFFFAOYNA-N,-6.89
PGR,c_LEU32,mut_s1,detail,1,18,FFJKVRCOUHEYOK-YAQRNVERNA-N,-6.966
PGR,c_LEU32,mut_s1,detail,1,19,MFTSRMJYWLCCSA-GHRIWEEINA-N,-8.345
PGR,c_LEU32,mut_s1,detail,1,20,NDRMSISLKTZBKD-HCKMINDGNA-N,-7.667
PGR,c_LEU32,mut_s1,detail,1,21,APGSUVBRVVNRPJ-UHFFFAOYNA-N,-8.029
PGR,c_LEU32,mut_s1,detail,1,22,MTIGVNBPQVLRLS-XQMQJMAZNA-N,-7.004
PGR,c_LEU32,mut_s1,detail,1,23,WIWDZNZJLUFUSQ-GSIAOYINNA-N,-8.178
PGR,c_LEU32,mut_s1,detail,1,24,WVJSLMIKTFBTBO-WVMALLHKNA-N,-7.136
PGR,c_LEU32,mut_s1,detail,1,25,QASCAWSPAPUKDI-UHFFFAOYNA-N,-7.209
PGR,c_LEU32,mut_s1,detail,1,26,WJZNKICGQZGRPQ-YHMJCDSINA-N,-6.385
PGR,c_LEU32,mut_s1,detail,1,27,ACKCEYIVRXUHDK-HCKMINDGNA-N,-7.627
PGR,c_LEU32,mut_s1,detail,1,28,GXKXWCKNQMYETG-UHFFFAOYNA-N,-8.81
PGR,c_LEU32,mut_s1,detail,1,29,QGTKEDSQUDRCEG-UHFFFAOYNA-N,-7.155
PGR,c_LEU32,mut_s1,detail,1,30,NYJUJIFSIDORSZ-LILDFLRNNA-N,-8.678
PGR,c_LEU32,mut_s1,detail,1,31,SCGGVBDHUNVGKR-VRGMUVNCNA-N,-9.555
PGR,c_LEU32,mut_s1,detail,1,32,ZWGVKWPZYUUFSB-YAQRNVERNA-N,-6.996
PGR,c_LEU32,mut_s1,detail,1,33,BCTONXHZFGFJIT-UHFFFAOYNA-N,-8.682
PGR,c_LEU32,mut_s1,detail,1,34,BIZAQLNMDJHGTL-HCKMINDGNA-N,-8.542
PGR,c_LEU32,mut_s1,detail,1,35,KZFYAEKGSRGKDQ-GPQMBLKYNA-N,-7.789
PGR,c_LEU32,mut_s1,detail,1,36,REZYNFOIWKOLBD-UHFFFAOYNA-N,-7.453
PGR,c_LEU32,mut_s1,detail,1,37,SDKQIECEJUFKHI-MUSVCJDDNA-N,-7.727
PGR,c_LEU32,mut_s1,detail,1,38,XUJSYVYKXBOYJP-JTQLQIEINA-N,-8.471
PGR,c_LEU32,mut_s1,detail,1,39,NVHKWMBHTXQWRP-NSFCMMSCNA-N,-8.063
PGR,c_LEU32,mut_s1,detail,1,40,AHYPQQDJTFMEJW-VGOFMYFVNA-N,-7.574
PGR,c_LEU32,mut_s1,detail,1,41,BGRJTUBHPOOWDU-QDYITYEQNA-N,-7.555
PGR,c_LEU32,mut_s1,detail,1,42,KJQORRCKEQRHKP-UHFFFAOYNA-N,-8.12
PGR,c_LEU32,mut_s1,detail,1,43,SJFPWWYCPGONOM-UHFFFAOYNA-N,-7.423
PGR,c_LEU32,mut_s1,detail,1,44,VEZJRJGLFIXQHG-KJQBJTEXNA-N,-8.49
PGR,c_LEU32,mut_s1,detail,1,45,VQXJTNXJSNLNEM-WYUMXYHSNA-N,-8.209
PGR,c_LEU32,mut_s1,detail,1,46,RWCDZKHBJGXNQH-UHFFFAOYNA-N,-7.99
PGR,c_LEU32,mut_s1,detail,1,47,JXOHPGXCMHDJOH-XQMQJMAZNA-N,-7.616
PGR,c_LEU32,mut_s1,detail,1,48,XNBZHZUOHMKIBH-UHFFFAOYNA-N,-7.283
PGR,c_LEU32,mut_s1,detail,1,49,VTEXVGQDUYFTHA-UHFFFAOYNA-N,-6.523
PGR,c_LEU32,mut_s1,detail,1,50,IUJLOAKJZQBENM-UHFFFAOYNA-N,-6.929
PGR,c_LEU32,mut_s1,detail,1,51,QHULAWVSDWNAPE-UHFFFAOYNA-N,-7.295
PGR,c_LEU32,mut_s1,detail,1,52,VGJKJRWFEYUOMP-YAQRNVERNA-N,-7.271
PGR,c_LEU32,mut_s1,detail,1,53,DDCFZIXVFUZWLX-UHFFFAOYNA-N,-8.194
PGR,c_LEU32,mut_s1,detail,1,54,OTCRWFSKWBSBLF-UHFFFAOYNA-N,-7.392
PGR,c_LEU32,mut_s1,detail,1,55,YFYMHQPNOSTLFF-XQMQJMAZNA-N,-7.436
PGR,c_LEU32,mut_s1,detail,1,56,DYMQNLJFFJCVBA-UHFFFAOYNA-N,-6.626
PGR,c_LEU32,mut_s1,detail,1,57,QERUYJGOUSNCOY-YHMJCDSINA-N,-7.27
PGR,c_LEU32,mut_s1,detail,1,58,VBKFPTDUXZKHJG-VNHYZAJKNA-N,-7.689
PGR,c_LEU32,mut_s1,detail,1,59,ZBEDJPDEINGEHM-UHFFFAOYNA-N,-6.255
PGR,c_LEU32,mut_s1,detail,1,60,LIEZHLXUCGSNOU-UHFFFAOYNA-N,-8.688
PGR,c_LEU32,mut_s1,detail,1,61,RROQODCMZSASRX-UHFFFAOYNA-N,-6.371
PGR,c_LEU32,mut_s1,detail,1,62,BPMAVTHRQBBTNZ-UYBDAZJANA-N,-8.786
PGR,c_LEU32,mut_s1,detail,1,63,ATKWLNSCJYLXPF-FICVDOATNA-N,-8.661
PGR,c_LEU32,mut_s1,detail,1,64,RLUBDGBLOPBNLZ-UHFFFAOYNA-N,-8.972
PGR,c_LEU32,mut_s1,detail,1,65,UVERTHXHNQWOMX-UHFFFAOYNA-N,-8.717
PGR,c_LEU32,mut_s1,detail,1,66,BPFYGTYAFCVUAQ-QWOVJGMINA-N,-7.944
PGR,c_LEU32,mut_s1,detail,1,67,ZODJKQULMZCUCT-PKSOQXRJNA-N,-7.701
PGR,c_LEU32,mut_s1,detail,1,68,WEZGTMJXSVLNML-MPIMZMORNA-N,-9.935
PGR,c_LEU32,mut_s1,detail,1,69,IGZPSIOZEAIYTH-UHFFFAOYNA-N,-8.459
PGR,c_LEU32,mut_s1,detail,1,70,YRVFOAARONPYKD-UHFFFAOYNA-N,-8.393
PGR,c_LEU32,mut_s1,detail,1,71,ZESNJJBGEWLRGV-KAKWUFLPNA-N,-7.681
PGR,c_LEU32,mut_s1,detail,1,72,PYCBHJYHBUOUCW-PKSOQXRJNA-N,-6.759
PGR,c_LEU32,mut_s1,detail,1,73,ABPSNZWEZWHADJ-GPQMBLKYNA-N,-5.926
PGR,c_LEU32,mut_s1,detail,1,74,WXDJXWILXCCWRK-UHFFFAOYNA-N,-7.596
PGR,c_LEU32,mut_s1,detail,1,75,VCRWHFFSQUYIOM-DDCYPFOINA-N,-6.264
PGR,c_LEU32,mut_s1,detail,1,76,JANVEQMYWYPFNU-RTAVDJSLNA-N,-6.867
PGR,c_LEU32,mut_s1,detail,1,77,IQLYJZGQMYCKRA-QWOVJGMINA-N,-7.184
PGR,c_LEU32,mut_s1,detail,1,78,CTAZJMUKYKCOMY-HVXXBKQBNA-N,-7.532
PGR,c_LEU32,mut_s1,detail,1,79,FXRIMHMLPNSELN-XBTAAFKLNA-N,-6.799
PGR,c_LEU32,mut_s1,detail,1,80,GEUQUSZFVWZXJI-UHFFFAOYNA-N,-8.286
PGR,c_LEU32,mut_s1,detail,1,81,AFGXLUJVZOJZCS-DVIAZDKANA-N,-6.77
PGR,c_LEU32,mut_s1,detail,1,82,QPNICESGZANARJ-MPIMZMORNA-N,-7.933
PGR,c_LEU32,mut_s1,detail,1,83,QFHCJULFNFFSDD-MPIMZMORNA-N,-7.419
PGR,c_LEU32,mut_s1,detail,1,84,MABJRAVWPUIQDD-GPQMBLKYNA-N,-6.455
PGR,c_LEU32,mut_s1,detail,1,85,KEULGNACOIQOLD-LILDFLRNNA-N,-7.057
PGR,c_LEU32,mut_s1,detail,1,86,PHUKSBWGYBHYCM-ZANVPECINA-N,-7.794
PGR,c_LEU32,mut_s1,detail,1,87,VBFJSECKEUOBIV-UYBDAZJANA-N,-6.976
PGR,c_LEU32,mut_s1,detail,1,88,VKOJWPSHQQXTMQ-AWQFTUOYNA-N,-6.755
PGR,c_LEU32,mut_s1,detail,1,89,WGGCYQHFLWUGKK-LNNLXFCONA-N,-8.32
PGR,c_LEU32,mut_s1,detail,1,90,SEESZUWDWXYFGB-HUUCEWRRNA-N,-7.596
PGR,c_LEU32,mut_s1,detail,1,91,SAOIUZZZCRDJIE-UYBDAZJANA-N,-6.557
PGR,c_LEU32,mut_s1,detail,1,92,LCZXUQMWBHAHOF-PKSOQXRJNA-N,-7.855
PGR,c_LEU32,mut_s1,detail,1,93,HJZRMYRSMHLBMM-UHFFFAOYNA-N,-6.399
PGR,c_LEU32,mut_s1,detail,1,94,NYIAMZTVDFGSMO-UHFFFAOYNA-N,-7.995
PGR,c_LEU32,mut_s1,detail,1,95,PBGALVWBACEVEC-QWOVJGMINA-N,-7.933
PGR,c_LEU32,mut_s1,detail,1,96,DDCGYKUGMMDSDD-PKSOQXRJNA-N,-6.952
PGR,c_LEU32,mut_s1,detail,1,97,IIROHAHLTGYHGV-UYBDAZJANA-N,-8.994
PGR,c_LEU32,mut_s1,detail,1,98,IQJXWGCMCSFZHI-LQFNOIFHNA-N,-6.395
PGR,c_LEU32,mut_s1,detail,1,99,OPSKQPYXZASNGA-QWOVJGMINA-N,-5.762
PGR,c_LEU32,mut_s1,detail,1,100,COHPEUUUDGXEPG-MPIMZMORNA-N,-6.689
PGR,c_LEU32,mut_s1,detail,1,101,LCLQRXYSCAZUJT-PKSOQXRJNA-N,-7.079
PGR,c_LEU32,mut_s1,detail,1,102,DMWUHECJQADMOM-PKSOQXRJNA-N,-7.699
PGR,c_LEU32,mut_s1,detail,1,103,RINYNDHGPMMUPG-UYBDAZJANA-N,-7.577
PGR,c_LEU32,mut_s1,detail,1,104,GWFMSEYHCOCBEH-UYBDAZJANA-N,-7.893
PGR,c_LEU32,mut_s1,detail,1,105,ZSYYKQAVTXERHH-LILDFLRNNA-N,-6.955
PGR,c_LEU32,mut_s1,detail,1,106,RFGLZFMBWWKYGX-UHFFFAOYNA-N,-7.967
PGR,c_LEU32,mut_s1,detail,1,107,ZCFXIPSPKDGCHW-HSJCKIQZNA-N,-6.812
PGR,c_LEU32,mut_s1,detail,1,108,OJBRUITYMUOMQJ-UYBDAZJANA-N,-6.415
PGR,c_LEU32,mut_s1,detail,1,109,QRQQRMCYDJTOMZ-IHYGWTSJNA-N,-7.27
PGR,c_LEU32,mut_s1,detail,1,110,UZYHGPCXMSFTKE-NPQUBYNZNA-N,-7.52
PGR,c_LEU32,mut_s1,detail,1,111,FKRLYCLDDLGGPB-HCKMINDGNA-N,-5.694
PGR,c_LEU32,mut_s1,detail,1,112,SJUXHCSNSGLKJD-UYBDAZJANA-N,-7.56
PGR,c_LEU32,mut_s1,detail,1,113,MDJMMLITJGVNQI-LILDFLRNNA-N,-6.355
PGR,c_LEU32,mut_s1,detail,1,114,LAKWSLSTUWRCOM-UHFFFAOYNA-N,-8.359
PGR,c_LEU32,mut_s1,detail,1,115,RZYYWEWDCWHDNZ-PKSOQXRJNA-N,-5.979
PGR,c_LEU32,mut_s1,detail,1,116,KSTQHOAVVBOECJ-PKSOQXRJNA-N,-7.45
PGR,c_LEU32,mut_s1,detail,1,117,LTBODPBDLZJCLH-UHFFFAOYNA-N,-8.716
PGR,c_LEU32,mut_s1,detail,1,118,YNPHZUYBOQPWKQ-UYBDAZJANA-N,-7.405
PGR,c_LEU32,mut_s1,detail,1,119,TZYCJGJZUSVUSB-UHFFFAOYNA-N,-6.279
PGR,c_LEU32,mut_s1,detail,1,120,YDEMTQMAWLEDQT-HPHMPNDVNA-N,-6.886
PGR,c_LEU32,mut_s1,detail,1,121,JJTMKAVMZRVHFW-JZJYNLBNNA-N,-8.346
PGR,c_LEU32,mut_s1,detail,1,122,UQILDYXMCYUCGV-MPIMZMORNA-N,-7.273
PGR,c_LEU32,mut_s1,detail,1,123,LRULJABSRXBARK-PKSOQXRJNA-N,-5.781
PGR,c_LEU32,mut_s1,detail,1,124,FDGMHVXFEWDBLE-GZNJHTOZNA-N,-7.025
PGR,c_LEU32,mut_s1,detail,1,125,MDPXBTVEVMPBMF-MRSUPTMINA-N,-6.324
PGR,c_LEU32,mut_s1,detail,1,126,PRDMNBQAHOVKAV-UHFFFAOYNA-N,-8.418
PGR,c_LEU32,mut_s1,detail,1,127,OBAYJABSUJXLMA-HCKMINDGNA-N,-7.55
PGR,c_LEU32,mut_s1,detail,1,128,HLMWKCMXNWJGGO-VNHAUOCNNA-N,-6.493
PGR,c_LEU32,mut_s1,detail,1,129,ZWXZFCRRFQRJPF-QWOVJGMINA-N,-6.688
PGR,c_LEU32,mut_s1,detail,1,130,IXUSJKAERUMZME-NBNNRKRINA-N,-8.877
PGR,c_LEU32,mut_s1,detail,1,131,WDVACORMOUBMRH-NPQUBYNZNA-N,-7.135
PGR,c_LEU32,mut_s1,detail,1,132,UXLJJGBAQOYQMV-UHFFFAOYNA-N,-7.702
PGR,c_LEU32,mut_s1,detail,1,133,RWPNUXJCHLIEDT-UHFFFAOYNA-N,-5.55
PGR,c_LEU32,mut_s1,detail,1,134,BTCLKPCIIFOYHE-KRMNUSLJNA-N,-6.399
PGR,c_LEU32,mut_s1,detail,1,135,IGYZXGKFEXFDBK-SPEPDGBUNA-N,-7.904
PGR,c_LEU32,mut_s1,detail,1,136,RUKFQFDSWPNHGL-LNNLXFCONA-N,-7.216
PGR,c_LEU32,mut_s1,detail,1,137,QTHMBVGZTPOODZ-FVJBVQDQNA-N,-5.593
PGR,c_LEU32,mut_s1,detail,1,138,BLQYVHBZHAISJM-LSHAIWFFNA-N,-6.279
PGR,c_LEU32,mut_s1,detail,1,139,WMDYKLMOCCOUEL-SACSUSJJNA-N,-7.922
PGR,c_LEU32,mut_s1,detail,1,140,LEVPVCOKBQEXMQ-MPIMZMORNA-N,-6.473
PGR,c_LEU32,mut_s1,detail,1,141,YYDFYJDBXOSJHE-WBMJQRKENA-N,-6.569
PGR,c_LEU32,mut_s1,detail,1,142,NFXJPCKVPBXSDH-LQFNOIFHNA-N,-5.938
PGR,c_LEU32,mut_s1,detail,1,143,KAUHJCPWWQWSJV-LELJVTLKNA-N,-6.036
PGR,c_LEU32,mut_s1,detail,1,144,NVZSQUSTRBKANP-YIVFFDRWNA-N,-8.418
PGR,c_LEU32,mut_s1,detail,1,145,WIKNISOFBKUYKR-LBOYIXSDNA-N,-8.769
PGR,c_LEU32,mut_s1,detail,1,146,AQIYGSAXYBBKKP-LNNLXFCONA-N,-6.682
PGR,c_LEU32,mut_s1,detail,1,147,TWKQKOFHSPYVSG-LQFNOIFHNA-N,-6.516
PGR,c_LEU32,mut_s1,detail,1,148,LVWSKXKIFXRKQJ-QWOVJGMINA-N,-6.049
PGR,c_LEU32,mut_s1,detail,1,149,BBBUKQRTMPJLSL-FHIWLMNKNA-N,-5.957
PGR,c_LEU32,mut_s1,detail,1,150,SCECNMVMCCDVHC-UHFFFAOYNA-N,-8.479
PGR,c_LEU32,mut_s1,detail,1,151,OLMVVVWTBFULHB-HXTKINSTNA-N,-6.204
PGR,c_LEU32,mut_s1,detail,1,152,BJXFHKHIABEKFL-HXTKINSTNA-N,-7.147
PGR,c_LEU32,mut_s1,detail,1,153,GMYAIAZTDBDYGE-UHFFFAOYNA-N,-7.677
PGR,c_LEU32,mut_s1,detail,1,154,OMIWVZGQMXEZLZ-UHFFFAOYNA-N,-8.648
PGR,c_LEU32,mut_s1,detail,1,155,SFQDUATXFZWGHZ-UHFFFAOYNA-N,-5.55
PGR,c_LEU32,mut_s1,detail,1,156,AMRCHQSZZXWZBI-UHFFFAOYNA-N,-6.689
PGR,c_LEU32,mut_s1,detail,1,157,PDKBGLXLXHGRIF-UHFFFAOYNA-N,-6.317
PGR,c_LEU32,mut_s1,detail,1,158,IMPCJHDDDAGSIP-UHFFFAOYNA-N,-6.598
PGR,c_LEU32,mut_s1,detail,1,159,QKASSONCRIQFQE-UHFFFAOYNA-N,-6.822
PGR,c_LEU32,mut_s1,detail,1,160,RBPSUSGZEBUPLW-LELJVTLKNA-N,-7.605
PGR,c_LEU32,mut_s1,detail,1,161,IZMNNUPSRDMEKL-LICXQBBSNA-N,-8.16
PGR,c_LEU32,mut_s1,detail,1,162,PAVNRYHGSYWSPV-MPIMZMORNA-N,-5.841
PGR,c_LEU32,mut_s1,detail,1,163,TZXYYVHNWAKJLI-UHFFFAOYNA-N,-6.137
PGR,c_LEU32,mut_s1,detail,1,164,HNOCRTTZBPUBHY-UHFFFAOYNA-N,-7.04
PGR,c_LEU32,mut_s1,detail,1,165,WMPZPNIPTZCCJK-PKSOQXRJNA-N,-6.447
PGR,c_LEU32,mut_s1,detail,1,166,OBPAOULTANNRFC-QWOVJGMINA-N,-6.959
PGR,c_LEU32,mut_s1,detail,1,167,UCJOWIKNRBWRAB-UHFFFAOYNA-N,-7.345
PGR,c_LEU32,mut_s1,detail,1,168,GFKDVMSTTKOYOX-QCVZTBOQNA-N,-6.683
PGR,c_LEU32,mut_s1,detail,1,169,BAEJDWKEKZSULN-UHFFFAOYNA-N,-6.629
PGR,c_LEU32,mut_s1,detail,1,170,KZUDVENDSUODSU-LQFNOIFHNA-N,-8.137
PGR,c_LEU32,mut_s1,detail,1,171,HBYPDVHGDKCNMT-DVIAZDKANA-N,-7.155
PGR,c_LEU32,mut_s1,detail,1,172,PMUHFTCPDVPMRF-LELJVTLKNA-N,-8.571
PGR,c_LEU32,mut_s1,detail,1,173,XIYSICLOFPYCTK-ZVWSISBDNA-N,-6.002
PGR,c_LEU32,mut_s1,detail,1,174,CFOFCUAQALFPIW-HPRFPMAVNA-N,-6.665
PGR,c_LEU32,mut_s1,detail,1,175,ZNBMRULRQJAJNW-IRIILVJRNA-N,-8.738
PGR,c_LEU32,mut_s1,detail,1,176,RSQKKNPJKLBGPF-DVIAZDKANA-N,-7.902
PGR,c_LEU32,mut_s1,detail,1,177,UIYRVVZHZVHONZ-QWOVJGMINA-N,-6.214
PGR,c_LEU32,mut_s1,detail,1,178,RNCGDYFDZJIQTQ-UHFFFAOYNA-N,-8.751
PGR,c_LEU32,mut_s1,detail,1,179,QOWFNZNDIAKQKO-QFIPXVFZNA-N,-6.314
PGR,c_LEU32,mut_s1,detail,1,180,FIPNXDSUMLBDQK-LQFNOIFHNA-N,-7.032
PGR,c_LEU32,mut_s1,detail,1,181,NHFGNUVGTDMGKX-UHFFFAOYNA-N,-6.179
PGR,c_LEU32,mut_s1,detail,1,182,RNBGNITZKVUDSK-YFMNGRKDNA-N,-5.806
PGR,c_LEU32,mut_s1,detail,1,183,CPEKPARXQVWWJD-IAXKEJLGNA-N,-9.03
PGR,c_LEU32,mut_s1,detail,1,184,IEAABJYVWXHFOX-MPIMZMORNA-N,-7.231
PGR,c_LEU32,mut_s1,detail,1,185,DSNCXRXGMZSRBV-GOSISDBHNA-N,-7.391
PGR,c_LEU32,mut_s1,detail,1,186,DOVTZHSQYCZIIX-MPIMZMORNA-N,-7.246
PGR,c_LEU32,mut_s1,detail,1,187,BKYWKCMMWRHBGX-SPEPDGBUNA-N,-8.085
PGR,c_LEU32,mut_s1,detail,1,188,MTRHSIOVVWFAOM-MPIMZMORNA-N,-6.06
PGR,c_LEU32,mut_s1,detail,1,189,VZLVPTSUFJDRRQ-LELJVTLKNA-N,-6.755
PGR,c_LEU32,mut_s1,detail,1,190,FJYPQTWLGSEZAE-UNEGGNDLNA-N,-7.636
PGR,c_LEU32,mut_s1,detail,1,191,FOJSFYSVCCQUQP-VVKINWOJNA-N,-7.496
PGR,c_LEU32,mut_s1,detail,1,192,SULPKNWDXWJTHQ-GCNJZUOMNA-N,-6.284
PGR,c_LEU32,mut_s1,detail,1,193,JTPAQMOUZGIORE-UHFFFAOYNA-N,-6.66
PGR,c_LEU32,mut_s1,detail,1,194,KRFPGHLUAFZMRZ-TYOBWDGZNA-N,-5.36
PGR,c_LEU32,mut_s1,detail,1,195,TVZGACDUOSZQKY-XBGCRKGSNA-N,-7.539
PGR,c_LEU32,mut_s1,detail,1,196,CXDZGSNFZYGQSZ-PKRZOPRNNA-N,-7.303
PGR,c_LEU32,mut_s1,detail,1,197,FBZYWIMLLHPUPX-VJSLDGLSNA-N,-5.935
PGR,c_LEU32,mut_s1,detail,1,198,HKJNKURRZRPPMK-MDXLESTANA-N,-6.013
PGR,c_LEU32,mut_s1,detail,1,199,DVAPEEIVFMOBQW-SLSKDPHBNA-N,-6.679
PGR,c_LEU32,mut_s1,detail,1,200,SVDIZPBCTLXSOH-LNNLXFCONA-N,-6.404
PGR,c_LEU32,mut_s1,detail,1,201,NDXCWKMYPWRPDY-NUCQJGHSNA-N,-6.038
PGR,c_LEU32,mut_s1,detail,1,202,VXHUMLIJAQHWIX-CRNXEPDINA-N,-7.235
PGR,c_LEU32,mut_s1,detail,1,203,KBZDVXICPAJAAT-LNNLXFCONA-N,-5.331
PGR,c_LEU32,mut_s1,detail,1,204,DVFDTYFATLFXHU-WOPMAMTRNA-N,-6.02
PGR,c_LEU32,mut_s1,detail,1,205,WURBKQGAFSESKZ-MPIMZMORNA-N,-5.853
PGR,c_LEU32,mut_s1,detail,1,206,LXGVFBXRKSCESU-UWUUZOGGNA-N,-5.61
PGR,c_LEU32,mut_s1,detail,1,207,CQWFJACPUQVVQZ-UHFFFAOYNA-N,-6.431
PGR,c_LEU32,mut_s1,detail,1,208,FEZAUPQJLJCQHD-XRJCTRHONA-N,-7.004
PGR,c_LEU32,mut_s1,detail,1,209,IDKGPACCMPKKQB-LIPPOORTNA-N,-8.103
PGR,c_LEU32,mut_s1,detail,1,210,PEPJPELNFRAZNQ-LKHHGCNMNA-N,-6.74
PGR,c_LEU32,mut_s1,detail,1,211,GRUWUINXLANFJE-LBOYIXSDNA-N,-5.356
PGR,c_LEU32,mut_s1,detail,1,212,RTFGYBAMFJVGHJ-UHFFFAOYNA-N,-5.93
PGR,c_LEU32,mut_s1,detail,1,213,LYJNRGFCMLOFNV-HIVOMVAKNA-N,-5.902
PGR,c_LEU32,mut_s1,detail,1,214,MKDSWBAEXGFAEE-LBOYIXSDNA-N,-5.732
PGR,c_LEU32,mut_s1,detail,1,215,NSLNDONZYBNSFU-ASVXZIMGNA-N,-6.959
PGR,c_LEU32,mut_s1,detail,1,216,HUDCDZLLNLJTEW-RBSQRGBYNA-N,-5.512
PGR,c_LEU32,mut_s1,detail,1,217,OFRDBFMZCXXKAH-LBOYIXSDNA-N,-5.855
PGR,c_LEU32,mut_s1,detail,1,218,NSLGAHAKEFYCED-PELNGNISNA-N,-5.831
PGR,c_LEU32,mut_s1,detail,1,219,QLSURSTUZJVSGU-NSJMMFDCNA-N,-6.81
PGR,c_LEU32,mut_s1,detail,1,220,CXLYWVWLNDGNIU-VEORKLDJNA-N,-5.551
PGR,c_LEU32,mut_s1,detail,1,221,RHIJMDNVEPLDED-UHFFFAOYNA-N,-5.208
PGR,c_LEU32,mut_s1,detail,1,222,YNUXXMJVZSTPFZ-CSKMVECVNA-N,-6.961
PGR,c_LEU32,mut_s1,detail,1,223,ILWOOGUHZKNTQQ-DNVCBOLYNA-N,-7.767
PGR,c_LEU32,mut_s1,detail,1,224,CARWTONHZWZDHZ-XIPNIRHDNA-N,-6.282
PGR,c_LEU32,mut_s1,detail,1,225,OSMWANBXVVPETF-HTBVCZPNNA-N,-6.753
PGR,c_LEU32,mut_s1,detail,1,226,KCNVHXJEALIYQI-PCRUTULWNA-N,-6.123
PGR,c_LEU32,mut_s1,detail,1,227,FPUDFDKQGXUBJA-QQXSKIMKNA-N,-8.173
PGR,c_LEU32,mut_s1,detail,1,228,MQWZYEDJGHLFFI-VJSLDGLSNA-N,-6.983
PGR,c_LEU32,mut_s1,detail,1,229,YPTIEFMKXZIMKO-LNNLXFCONA-N,-7.472
PGR,c_LEU32,mut_s1,detail,1,230,MWIZLUKLQZEFBC-LKHHGCNMNA-N,-5.49
PGR,c_LEU32,mut_s1,detail,1,231,PMNZCFDKKKLFHH-LBOYIXSDNA-N,-6.718
PGR,c_LEU32,mut_s1,detail,1,232,NELOFNHVEWRSBT-OKPOJWAQNA-N,-7.023
PGR,c_LEU32,mut_s1,detail,1,233,VCXACHHEDDVKAY-SREBMQDQNA-N,-6.585
PGR,c_LEU32,mut_s1,detail,1,234,KWJVADNYZMUTJY-IPYVVANSNA-N,-7.581
PGR,c_LEU32,mut_s1,detail,1,235,LLQAFRKQJAOAMO-XGEXJYLCNA-N,-5.017
PGR,c_LEU32,mut_s1,detail,1,236,VCAMVXBSKDFRFE-LNNLXFCONA-N,-5.971
PGR,c_LEU32,mut_s1,detail,1,237,QXIHUBWNLRPDRU-UHFFFAOYNA-N,-5.749
PGR,c_LEU32,mut_s1,detail,1,238,JUXOLKXMOLRWLC-MPIMZMORNA-N,-4.551
PGR,c_LEU32,mut_s1,detail,1,239,SQTIAXOMFTYLLF-QVYQQCQZNA-N,-5.078
PGR,c_LEU32,mut_s1,detail,1,240,BJSKDMOWRPAVMK-UHFFFAOYNA-N,-8.501
PGR,c_LEU32,mut_s1,detail,1,241,VRQPEWWROOGXLL-VJSLDGLSNA-N,-6.083
PGR,c_LEU32,mut_s1,detail,1,242,IXNOFPXGSKSKJH-HXTKINSTNA-N,-6.041
PGR,c_LEU32,mut_s1,detail,1,243,BMCFOHNLKRIWMC-UHFFFAOYNA-N,-5.24
PGR,c_LEU32,mut_s1,detail,1,244,FLFMKNMHDFIWDB-PJQSKVNONA-N,-6.802
PGR,c_LEU32,mut_s1,detail,1,245,JJLXVLWPUFIUBC-IGBJZSFZNA-N,-8.022
PGR,c_LEU32,mut_s1,detail,1,246,ZXCSBCTVTJFLOZ-JUEKIJOLNA-N,-7.507
PGR,c_LEU32,mut_s1,detail,1,247,LCSLDZZBWHBLFA-UHFFFAOYNA-N,-5.949
PGR,c_LEU32,mut_s1,detail,1,248,CAVTYMQSFAIXRJ-AKXZRBJUNA-N,-5.2
PGR,c_LEU32,mut_s1,detail,1,249,UFXJYIXRQNBEDW-UHFFFAOYNA-N,-7.604
PGR,c_LEU32,mut_s1,detail,1,250,HWIAWSLSCZUKKA-SFHVURJKNA-N,-6.343
PGR,c_LEU32,mut_s1,detail,1,251,MYHQHPUWOWUUQI-ZELWXOMMNA-N,-6.087
PGR,c_LEU32,mut_s1,detail,1,252,GWNRIUBPBWOQGT-UHFFFAOYNA-N,-5.027
PGR,c_LEU32,mut_s1,detail,1,253,YCWRQUXRVNLWEM-LELJVTLKNA-N,-6.523
PGR,c_LEU32,mut_s1,detail,1,254,DMRFDXBCAQFSFQ-UYLYIRGYNA-N,-7.423
PGR,c_LEU32,mut_s1,detail,1,255,XCZDGLYGEYYXKS-UWLQQCCWNA-N,-4.477
PGR,c_ASN33,mut_s1,detail,1,0,UDJUXZQGNCUDQR-LILDFLRNNA-N,-9.062
PGR,c_ASN33,mut_s1,detail,1,1,GANVJBSNVYJUKL-UHFFFAOYNA-N,-7.24
PGR,c_ASN33,mut_s1,detail,1,2,RUBHNPNCPXGKIE-YAQRNVERNA-N,-7.038
PGR,c_ASN33,mut_s1,detail,1,3,JYSICDMWNXGPIM-XLPACQNMNA-N,-6.288
PGR,c_ASN33,mut_s1,detail,1,4,KZDPKDSPDUVHGB-GAJRPKRDNA-N,-7.494
PGR,c_ASN33,mut_s1,detail,1,5,GQKJQNXSSQKJGW-HCKMINDGNA-N,-8.867
PGR,c_ASN33,mut_s1,detail,1,6,HJRUOZFNPQVNSF-MNIXEANVNA-N,-8.363
PGR,c_ASN33,mut_s1,detail,1,7,ALUOSUMBVMLDKR-UHFFFAOYNA-N,-9.891
PGR,c_ASN33,mut_s1,detail,1,8,QMQNUSSPTHZCGT-UYBDAZJANA-N,-9.205
PGR,c_ASN33,mut_s1,detail,1,9,UEZBMIQIUOTBJT-UYBDAZJANA-N,-8.261
PGR,c_ASN33,mut_s1,detail,1,10,ICZZTNOOMSQNCH-UHFFFAOYNA-N,-9.076
PGR,c_ASN33,mut_s1,detail,1,11,AMOFQKAIXTYZIZ-NPVYFSBINA-N,-8.167
PGR,c_ASN33,mut_s1,detail,1,12,IZOPLHPCKOSQQN-UHFFFAOYNA-N,-8.027
PGR,c_ASN33,mut_s1,detail,1,13,OFZZZJLWPKOLIX-GPQMBLKYNA-N,-8.783
PGR,c_ASN33,mut_s1,detail,1,14,BXADTFNFCCRMQU-UHFFFAOYNA-N,-6.619
PGR,c_ASN33,mut_s1,detail,1,15,PKQDOSZHMAIBHQ-GPQMBLKYNA-N,-9.21
PGR,c_ASN33,mut_s1,detail,1,16,JLTFAWOGGLXAFU-UHFFFAOYNA-N,-8.018
PGR,c_ASN33,mut_s1,detail,1,17,QYACKAORZRQPTE-UHFFFAOYNA-N,-7.45
PGR,c_ASN33,mut_s1,detail,1,18,FFJKVRCOUHEYOK-YAQRNVERNA-N,-7.449
PGR,c_ASN33,mut_s1,detail,1,19,MFTSRMJYWLCCSA-GHRIWEEINA-N,-9.261
PGR,c_ASN33,mut_s1,detail,1,20,NDRMSISLKTZBKD-HCKMINDGNA-N,-8.24
PGR,c_ASN33,mut_s1,detail,1,21,APGSUVBRVVNRPJ-UHFFFAOYNA-N,-9.455
PGR,c_ASN33,mut_s1,detail,1,22,MTIGVNBPQVLRLS-XQMQJMAZNA-N,-7.912
PGR,c_ASN33,mut_s1,detail,1,23,WIWDZNZJLUFUSQ-GSIAOYINNA-N,-8.703
PGR,c_ASN33,mut_s1,detail,1,24,WVJSLMIKTFBTBO-WVMALLHKNA-N,-8.029
PGR,c_ASN33,mut_s1,detail,1,25,QASCAWSPAPUKDI-UHFFFAOYNA-N,-7.96
PGR,c_ASN33,mut_s1,detail,1,26,WJZNKICGQZGRPQ-YHMJCDSINA-N,-6.678
PGR,c_ASN33,mut_s1,detail,1,27,ACKCEYIVRXUHDK-HCKMINDGNA-N,-8.159
PGR,c_ASN33,mut_s1,detail,1,28,GXKXWCKNQMYETG-UHFFFAOYNA-N,-9.07
PGR,c_ASN33,mut_s1,detail,1,29,QGTKEDSQUDRCEG-UHFFFAOYNA-N,-7.789
PGR,c_ASN33,mut_s1,detail,1,30,NYJUJIFSIDORSZ-LILDFLRNNA-N,-9.404
PGR,c_ASN33,mut_s1,detail,1,31,SCGGVBDHUNVGKR-VRGMUVNCNA-N,-9.322
PGR,c_ASN33,mut_s1,detail,1,32,ZWGVKWPZYUUFSB-YAQRNVERNA-N,-7.906
PGR,c_ASN33,mut_s1,detail,1,33,BCTONXHZFGFJIT-UHFFFAOYNA-N,-9.294
PGR,c_ASN33,mut_s1,detail,1,34,BIZAQLNMDJHGTL-HCKMINDGNA-N,-8.268
PGR,c_ASN33,mut_s1,detail,1,35,KZFYAEKGSRGKDQ-GPQMBLKYNA-N,-8.187
PGR,c_ASN33,mut_s1,detail,1,36,REZYNFOIWKOLBD-UHFFFAOYNA-N,-7.819
PGR,c_ASN33,mut_s1,detail,1,37,SDKQIECEJUFKHI-MUSVCJDDNA-N,-8.219
PGR,c_ASN33,mut_s1,detail,1,38,XUJSYVYKXBOYJP-JTQLQIEINA-N,-8.801
PGR,c_ASN33,mut_s1,detail,1,39,NVHKWMBHTXQWRP-NSFCMMSCNA-N,-8.535
PGR,c_ASN33,mut_s1,detail,1,40,AHYPQQDJTFMEJW-VGOFMYFVNA-N,-7.859
PGR,c_ASN33,mut_s1,detail,1,41,BGRJTUBHPOOWDU-QDYITYEQNA-N,-7.314
PGR,c_ASN33,mut_s1,detail,1,42,KJQORRCKEQRHKP-UHFFFAOYNA-N,-9.755
PGR,c_ASN33,mut_s1,detail,1,43,SJFPWWYCPGONOM-UHFFFAOYNA-N,-7.678
PGR,c_ASN33,mut_s1,detail,1,44,VEZJRJGLFIXQHG-KJQBJTEXNA-N,-9.054
PGR,c_ASN33,mut_s1,detail,1,45,VQXJTNXJSNLNEM-WYUMXYHSNA-N,-9.028
PGR,c_ASN33,mut_s1,detail,1,46,RWCDZKHBJGXNQH-UHFFFAOYNA-N,-8.6
PGR,c_ASN33,mut_s1,detail,1,47,JXOHPGXCMHDJOH-XQMQJMAZNA-N,-7.639
PGR,c_ASN33,mut_s1,detail,1,48,XNBZHZUOHMKIBH-UHFFFAOYNA-N,-7.958
PGR,c_ASN33,mut_s1,detail,1,49,VTEXVGQDUYFTHA-UHFFFAOYNA-N,-7.045
PGR,c_ASN33,mut_s1,detail,1,50,IUJLOAKJZQBENM-UHFFFAOYNA-N,-7.09
PGR,c_ASN33,mut_s1,detail,1,51,QHULAWVSDWNAPE-UHFFFAOYNA-N,-8.228
PGR,c_ASN33,mut_s1,detail,1,52,VGJKJRWFEYUOMP-YAQRNVERNA-N,-7.465
PGR,c_ASN33,mut_s1,detail,1,53,DDCFZIXVFUZWLX-UHFFFAOYNA-N,-8.707
PGR,c_ASN33,mut_s1,detail,1,54,OTCRWFSKWBSBLF-UHFFFAOYNA-N,-7.756
PGR,c_ASN33,mut_s1,detail,1,55,YFYMHQPNOSTLFF-XQMQJMAZNA-N,-8.166
PGR,c_ASN33,mut_s1,detail,1,56,DYMQNLJFFJCVBA-UHFFFAOYNA-N,-6.992
PGR,c_ASN33,mut_s1,detail,1,57,QERUYJGOUSNCOY-YHMJCDSINA-N,-7.72
PGR,c_ASN33,mut_s1,detail,1,58,VBKFPTDUXZKHJG-VNHYZAJKNA-N,-8.19
PGR,c_ASN33,mut_s1,detail,1,59,ZBEDJPDEINGEHM-UHFFFAOYNA-N,-6.522
PGR,c_ASN33,mut_s1,detail,1,60,LIEZHLXUCGSNOU-UHFFFAOYNA-N,-9.173
PGR,c_ASN33,mut_s1,detail,1,61,RROQODCMZSASRX-UHFFFAOYNA-N,-6.839
PGR,c_ASN33,mut_s1,detail,1,62,BPMAVTHRQBBTNZ-UYBDAZJANA-N,-9.228
PGR,c_ASN33,mut_s1,detail,1,63,ATKWLNSCJYLXPF-FICVDOATNA-N,-8.905
PGR,c_ASN33,mut_s1,detail,1,64,RLUBDGBLOPBNLZ-UHFFFAOYNA-N,-9.695
PGR,c_ASN33,mut_s1,detail,1,65,UVERTHXHNQWOMX-UHFFFAOYNA-N,-9.469
PGR,c_ASN33,mut_s1,detail,1,66,BPFYGTYAFCVUAQ-QWOVJGMINA-N,-8.404
PGR,c_ASN33,mut_s1,detail,1,67,ZODJKQULMZCUCT-PKSOQXRJNA-N,-8.475
PGR,c_ASN33,mut_s1,detail,1,68,WEZGTMJXSVLNML-MPIMZMORNA-N,-7.544
PGR,c_ASN33,mut_s1,detail,1,69,IGZPSIOZEAIYTH-UHFFFAOYNA-N,-8.975
PGR,c_ASN33,mut_s1,detail,1,70,YRVFOAARONPYKD-UHFFFAOYNA-N,-9.103
PGR,c_ASN33,mut_s1,detail,1,71,ZESNJJBGEWLRGV-KAKWUFLPNA-N,-9.665
PGR,c_ASN33,mut_s1,detail,1,72,PYCBHJYHBUOUCW-PKSOQXRJNA-N,-8.135
PGR,c_ASN33,mut_s1,detail,1,73,ABPSNZWEZWHADJ-GPQMBLKYNA-N,-7.673
PGR,c_ASN33,mut_s1,detail,1,74,WXDJXWILXCCWRK-UHFFFAOYNA-N,-8.079
PGR,c_ASN33,mut_s1,detail,1,75,VCRWHFFSQUYIOM-DDCYPFOINA-N,-7.817
PGR,c_ASN33,mut_s1,detail,1,76,JANVEQMYWYPFNU-RTAVDJSLNA-N,-7.497
PGR,c_ASN33,mut_s1,detail,1,77,IQLYJZGQMYCKRA-QWOVJGMINA-N,-9.453
PGR,c_ASN33,mut_s1,detail,1,78,CTAZJMUKYKCOMY-HVXXBKQBNA-N,-8.049
PGR,c_ASN33,mut_s1,detail,1,79,FXRIMHMLPNSELN-XBTAAFKLNA-N,-6.495
PGR,c_ASN33,mut_s1,detail,1,80,GEUQUSZFVWZXJI-UHFFFAOYNA-N,-8.643
PGR,c_ASN33,mut_s1,detail,1,81,AFGXLUJVZOJZCS-DVIAZDKANA-N,-6.916
PGR,c_ASN33,mut_s1,detail,1,82,QPNICESGZANARJ-MPIMZMORNA-N,-8.631
PGR,c_ASN33,mut_s1,detail,1,83,QFHCJULFNFFSDD-MPIMZMORNA-N,-7.645
PGR,c_ASN33,mut_s1,detail,1,84,MABJRAVWPUIQDD-GPQMBLKYNA-N,-7.302
PGR,c_ASN33,mut_s1,detail,1,85,KEULGNACOIQOLD-LILDFLRNNA-N,-7.937
PGR,c_ASN33,mut_s1,detail,1,86,PHUKSBWGYBHYCM-ZANVPECINA-N,-9.514
PGR,c_ASN33,mut_s1,detail,1,87,VBFJSECKEUOBIV-UYBDAZJANA-N,-8.057
PGR,c_ASN33,mut_s1,detail,1,88,VKOJWPSHQQXTMQ-AWQFTUOYNA-N,-9.703
PGR,c_ASN33,mut_s1,detail,1,89,WGGCYQHFLWUGKK-LNNLXFCONA-N,-9.612
PGR,c_ASN33,mut_s1,detail,1,90,SEESZUWDWXYFGB-HUUCEWRRNA-N,-7.264
PGR,c_ASN33,mut_s1,detail,1,91,SAOIUZZZCRDJIE-UYBDAZJANA-N,-8.2
PGR,c_ASN33,mut_s1,detail,1,92,LCZXUQMWBHAHOF-PKSOQXRJNA-N,-9.049
PGR,c_ASN33,mut_s1,detail,1,93,HJZRMYRSMHLBMM-UHFFFAOYNA-N,-7.282
PGR,c_ASN33,mut_s1,detail,1,94,NYIAMZTVDFGSMO-UHFFFAOYNA-N,-8.603
PGR,c_ASN33,mut_s1,detail,1,95,PBGALVWBACEVEC-QWOVJGMINA-N,-7.544
PGR,c_ASN33,mut_s1,detail,1,96,DDCGYKUGMMDSDD-PKSOQXRJNA-N,-8.566
PGR,c_ASN33,mut_s1,detail,1,97,IIROHAHLTGYHGV-UYBDAZJANA-N,-9.924
PGR,c_ASN33,mut_s1,detail,1,98,IQJXWGCMCSFZHI-LQFNOIFHNA-N,-6.465
PGR,c_ASN33,mut_s1,detail,1,99,OPSKQPYXZASNGA-QWOVJGMINA-N,-6.853
PGR,c_ASN33,mut_s1,detail,1,100,COHPEUUUDGXEPG-MPIMZMORNA-N,-6.699
PGR,c_ASN33,mut_s1,detail,1,101,LCLQRXYSCAZUJT-PKSOQXRJNA-N,-7.81
PGR,c_ASN33,mut_s1,detail,1,102,DMWUHECJQADMOM-PKSOQXRJNA-N,-7.841
PGR,c_ASN33,mut_s1,detail,1,103,RINYNDHGPMMUPG-UYBDAZJANA-N,-8.201
PGR,c_ASN33,mut_s1,detail,1,104,GWFMSEYHCOCBEH-UYBDAZJANA-N,-8.54
PGR,c_ASN33,mut_s1,detail,1,105,ZSYYKQAVTXERHH-LILDFLRNNA-N,-7.111
PGR,c_ASN33,mut_s1,detail,1,106,RFGLZFMBWWKYGX-UHFFFAOYNA-N,-8.8
PGR,c_ASN33,mut_s1,detail,1,107,ZCFXIPSPKDGCHW-HSJCKIQZNA-N,-6.842
PGR,c_ASN33,mut_s1,detail,1,108,OJBRUITYMUOMQJ-UYBDAZJANA-N,-5.833
PGR,c_ASN33,mut_s1,detail,1,109,QRQQRMCYDJTOMZ-IHYGWTSJNA-N,-8.861
PGR,c_ASN33,mut_s1,detail,1,110,UZYHGPCXMSFTKE-NPQUBYNZNA-N,-8.284
PGR,c_ASN33,mut_s1,detail,1,111,FKRLYCLDDLGGPB-HCKMINDGNA-N,-7.259
PGR,c_ASN33,mut_s1,detail,1,112,SJUXHCSNSGLKJD-UYBDAZJANA-N,-8.611
PGR,c_ASN33,mut_s1,detail,1,113,MDJMMLITJGVNQI-LILDFLRNNA-N,-7.742
PGR,c_ASN33,mut_s1,detail,1,114,LAKWSLSTUWRCOM-UHFFFAOYNA-N,-10.875
PGR,c_ASN33,mut_s1,detail,1,115,RZYYWEWDCWHDNZ-PKSOQXRJNA-N,-6.576
PGR,c_ASN33,mut_s1,detail,1,116,KSTQHOAVVBOECJ-PKSOQXRJNA-N,-8.126
PGR,c_ASN33,mut_s1,detail,1,117,LTBODPBDLZJCLH-UHFFFAOYNA-N,-10.45
PGR,c_ASN33,mut_s1,detail,1,118,YNPHZUYBOQPWKQ-UYBDAZJANA-N,-8.617
PGR,c_ASN33,mut_s1,detail,1,119,TZYCJGJZUSVUSB-UHFFFAOYNA-N,-6.517
PGR,c_ASN33,mut_s1,detail,1,120,YDEMTQMAWLEDQT-HPHMPNDVNA-N,-6.938
PGR,c_ASN33,mut_s1,detail,1,121,JJTMKAVMZRVHFW-JZJYNLBNNA-N,-9.196
PGR,c_ASN33,mut_s1,detail,1,122,UQILDYXMCYUCGV-MPIMZMORNA-N,-7.31
PGR,c_ASN33,mut_s1,detail,1,123,LRULJABSRXBARK-PKSOQXRJNA-N,-6.565
PGR,c_ASN33,mut_s1,detail,1,124,FDGMHVXFEWDBLE-GZNJHTOZNA-N,-8.228
PGR,c_ASN33,mut_s1,detail,1,125,MDPXBTVEVMPBMF-MRSUPTMINA-N,-7.815
PGR,c_ASN33,mut_s1,detail,1,126,PRDMNBQAHOVKAV-UHFFFAOYNA-N,-10.229
PGR,c_ASN33,mut_s1,detail,1,127,OBAYJABSUJXLMA-HCKMINDGNA-N,-8.123
PGR,c_ASN33,mut_s1,detail,1,128,HLMWKCMXNWJGGO-VNHAUOCNNA-N,-6.462
PGR,c_ASN33,mut_s1,detail,1,129,ZWXZFCRRFQRJPF-QWOVJGMINA-N,-6.819
PGR,c_ASN33,mut_s1,detail,1,130,IXUSJKAERUMZME-NBNNRKRINA-N,-9.008
PGR,c_ASN33,mut_s1,detail,1,131,WDVACORMOUBMRH-NPQUBYNZNA-N,-8.513
PGR,c_ASN33,mut_s1,detail,1,132,UXLJJGBAQOYQMV-UHFFFAOYNA-N,-8.893
PGR,c_ASN33,mut_s1,detail,1,133,RWPNUXJCHLIEDT-UHFFFAOYNA-N,-7.144
PGR,c_ASN33,mut_s1,detail,1,134,BTCLKPCIIFOYHE-KRMNUSLJNA-N,-7.116
PGR,c_ASN33,mut_s1,detail,1,135,IGYZXGKFEXFDBK-SPEPDGBUNA-N,-9.622
PGR,c_ASN33,mut_s1,detail,1,136,RUKFQFDSWPNHGL-LNNLXFCONA-N,-7.266
PGR,c_ASN33,mut_s1,detail,1,137,QTHMBVGZTPOODZ-FVJBVQDQNA-N,-6.446
PGR,c_ASN33,mut_s1,detail,1,138,BLQYVHBZHAISJM-LSHAIWFFNA-N,-6.25
PGR,c_ASN33,mut_s1,detail,1,139,WMDYKLMOCCOUEL-SACSUSJJNA-N,-9.848
PGR,c_ASN33,mut_s1,detail,1,140,LEVPVCOKBQEXMQ-MPIMZMORNA-N,-7.635
PGR,c_ASN33,mut_s1,detail,1,141,YYDFYJDBXOSJHE-WBMJQRKENA-N,-6.099
PGR,c_ASN33,mut_s1,detail,1,142,NFXJPCKVPBXSDH-LQFNOIFHNA-N,-6.719
PGR,c_ASN33,mut_s1,detail,1,143,KAUHJCPWWQWSJV-LELJVTLKNA-N,-8.458
PGR,c_ASN33,mut_s1,detail,1,144,NVZSQUSTRBKANP-YIVFFDRWNA-N,-7.674
PGR,c_ASN33,mut_s1,detail,1,145,WIKNISOFBKUYKR-LBOYIXSDNA-N,-8.218
PGR,c_ASN33,mut_s1,detail,1,146,AQIYGSAXYBBKKP-LNNLXFCONA-N,-6.552
PGR,c_ASN33,mut_s1,detail,1,147,TWKQKOFHSPYVSG-LQFNOIFHNA-N,-6.368
PGR,c_ASN33,mut_s1,detail,1,148,LVWSKXKIFXRKQJ-QWOVJGMINA-N,-7.065
PGR,c_ASN33,mut_s1,detail,1,149,BBBUKQRTMPJLSL-FHIWLMNKNA-N,-7.31
PGR,c_ASN33,mut_s1,detail,1,150,SCECNMVMCCDVHC-UHFFFAOYNA-N,-8.489
PGR,c_ASN33,mut_s1,detail,1,151,OLMVVVWTBFULHB-HXTKINSTNA-N,-6.406
PGR,c_ASN33,mut_s1,detail,1,152,BJXFHKHIABEKFL-HXTKINSTNA-N,-7.083
PGR,c_ASN33,mut_s1,detail,1,153,GMYAIAZTDBDYGE-UHFFFAOYNA-N,-7.695
PGR,c_ASN33,mut_s1,detail,1,154,OMIWVZGQMXEZLZ-UHFFFAOYNA-N,-8.191
PGR,c_ASN33,mut_s1,detail,1,155,SFQDUATXFZWGHZ-UHFFFAOYNA-N,-7.093
PGR,c_ASN33,mut_s1,detail,1,156,AMRCHQSZZXWZBI-UHFFFAOYNA-N,-5.967
PGR,c_ASN33,mut_s1,detail,1,157,PDKBGLXLXHGRIF-UHFFFAOYNA-N,-5.787
PGR,c_ASN33,mut_s1,detail,1,158,IMPCJHDDDAGSIP-UHFFFAOYNA-N,-7.771
PGR,c_ASN33,mut_s1,detail,1,159,QKASSONCRIQFQE-UHFFFAOYNA-N,-8.417
PGR,c_ASN33,mut_s1,detail,1,160,RBPSUSGZEBUPLW-LELJVTLKNA-N,-9.346
PGR,c_ASN33,mut_s1,detail,1,161,IZMNNUPSRDMEKL-LICXQBBSNA-N,-8.158
PGR,c_ASN33,mut_s1,detail,1,162,PAVNRYHGSYWSPV-MPIMZMORNA-N,-7.635
PGR,c_ASN33,mut_s1,detail,1,163,TZXYYVHNWAKJLI-UHFFFAOYNA-N,-8.192
PGR,c_ASN33,mut_s1,detail,1,164,HNOCRTTZBPUBHY-UHFFFAOYNA-N,-6.821
PGR,c_ASN33,mut_s1,detail,1,165,WMPZPNIPTZCCJK-PKSOQXRJNA-N,-6.324
PGR,c_ASN33,mut_s1,detail,1,166,OBPAOULTANNRFC-QWOVJGMINA-N,-7.233
PGR,c_ASN33,mut_s1,detail,1,167,UCJOWIKNRBWRAB-UHFFFAOYNA-N,-8.97
PGR,c_ASN33,mut_s1,detail,1,168,GFKDVMSTTKOYOX-QCVZTBOQNA-N,-6.86
PGR,c_ASN33,mut_s1,detail,1,169,BAEJDWKEKZSULN-UHFFFAOYNA-N,-7.779
PGR,c_ASN33,mut_s1,detail,1,170,KZUDVENDSUODSU-LQFNOIFHNA-N,-9.236
PGR,c_ASN33,mut_s1,detail,1,171,HBYPDVHGDKCNMT-DVIAZDKANA-N,-8.513
PGR,c_ASN33,mut_s1,detail,1,172,PMUHFTCPDVPMRF-LELJVTLKNA-N,-7.678
PGR,c_ASN33,mut_s1,detail,1,173,XIYSICLOFPYCTK-ZVWSISBDNA-N,-6.485
PGR,c_ASN33,mut_s1,detail,1,174,CFOFCUAQALFPIW-HPRFPMAVNA-N,-6.713
PGR,c_ASN33,mut_s1,detail,1,175,ZNBMRULRQJAJNW-IRIILVJRNA-N,-8.509
PGR,c_ASN33,mut_s1,detail,1,176,RSQKKNPJKLBGPF-DVIAZDKANA-N,-7.565
PGR,c_ASN33,mut_s1,detail,1,177,UIYRVVZHZVHONZ-QWOVJGMINA-N,-8.565
PGR,c_ASN33,mut_s1,detail,1,178,RNCGDYFDZJIQTQ-UHFFFAOYNA-N,-9.947
PGR,c_ASN33,mut_s1,detail,1,179,QOWFNZNDIAKQKO-QFIPXVFZNA-N,-6.159
PGR,c_ASN33,mut_s1,detail,1,180,FIPNXDSUMLBDQK-LQFNOIFHNA-N,-8.147
PGR,c_ASN33,mut_s1,detail,1,181,NHFGNUVGTDMGKX-UHFFFAOYNA-N,-5.603
PGR,c_ASN33,mut_s1,detail,1,182,RNBGNITZKVUDSK-YFMNGRKDNA-N,-5.873
PGR,c_ASN33,mut_s1,detail,1,183,CPEKPARXQVWWJD-IAXKEJLGNA-N,-7.026
PGR,c_ASN33,mut_s1,detail,1,184,IEAABJYVWXHFOX-MPIMZMORNA-N,-8.495
PGR,c_ASN33,mut_s1,detail,1,185,DSNCXRXGMZSRBV-GOSISDBHNA-N,-9.829
PGR,c_ASN33,mut_s1,detail,1,186,DOVTZHSQYCZIIX-MPIMZMORNA-N,-8.041
PGR,c_ASN33,mut_s1,detail,1,187,BKYWKCMMWRHBGX-SPEPDGBUNA-N,-8.793
PGR,c_ASN33,mut_s1,detail,1,188,MTRHSIOVVWFAOM-MPIMZMORNA-N,-6.352
PGR,c_ASN33,mut_s1,detail,1,189,VZLVPTSUFJDRRQ-LELJVTLKNA-N,-6.429
PGR,c_ASN33,mut_s1,detail,1,190,FJYPQTWLGSEZAE-UNEGGNDLNA-N,-8.719
PGR,c_ASN33,mut_s1,detail,1,191,FOJSFYSVCCQUQP-VVKINWOJNA-N,-6.848
PGR,c_ASN33,mut_s1,detail,1,192,SULPKNWDXWJTHQ-GCNJZUOMNA-N,-6.271
PGR,c_ASN33,mut_s1,detail,1,193,JTPAQMOUZGIORE-UHFFFAOYNA-N,-5.788
PGR,c_ASN33,mut_s1,detail,1,194,KRFPGHLUAFZMRZ-TYOBWDGZNA-N,-6.503
PGR,c_ASN33,mut_s1,detail,1,195,TVZGACDUOSZQKY-XBGCRKGSNA-N,-7.673
PGR,c_ASN33,mut_s1,detail,1,196,CXDZGSNFZYGQSZ-PKRZOPRNNA-N,-6.27
PGR,c_ASN33,mut_s1,detail,1,197,FBZYWIMLLHPUPX-VJSLDGLSNA-N,-5.937
PGR,c_ASN33,mut_s1,detail,1,198,HKJNKURRZRPPMK-MDXLESTANA-N,-6.703
PGR,c_ASN33,mut_s1,detail,1,199,DVAPEEIVFMOBQW-SLSKDPHBNA-N,-6.772
PGR,c_ASN33,mut_s1,detail,1,200,SVDIZPBCTLXSOH-LNNLXFCONA-N,-6.244
PGR,c_ASN33,mut_s1,detail,1,201,NDXCWKMYPWRPDY-NUCQJGHSNA-N,-6.333
PGR,c_ASN33,mut_s1,detail,1,202,VXHUMLIJAQHWIX-CRNXEPDINA-N,-6.71
PGR,c_ASN33,mut_s1,detail,1,203,KBZDVXICPAJAAT-LNNLXFCONA-N,-5.494
PGR,c_ASN33,mut_s1,detail,1,204,DVFDTYFATLFXHU-WOPMAMTRNA-N,-5.6
PGR,c_ASN33,mut_s1,detail,1,205,WURBKQGAFSESKZ-MPIMZMORNA-N,-5.694
PGR,c_ASN33,mut_s1,detail,1,206,LXGVFBXRKSCESU-UWUUZOGGNA-N,-5.871
PGR,c_ASN33,mut_s1,detail,1,207,CQWFJACPUQVVQZ-UHFFFAOYNA-N,-5.464
PGR,c_ASN33,mut_s1,detail,1,208,FEZAUPQJLJCQHD-XRJCTRHONA-N,-7.784
PGR,c_ASN33,mut_s1,detail,1,209,IDKGPACCMPKKQB-LIPPOORTNA-N,-10.811
PGR,c_ASN33,mut_s1,detail,1,210,PEPJPELNFRAZNQ-LKHHGCNMNA-N,-6.693
PGR,c_ASN33,mut_s1,detail,1,211,GRUWUINXLANFJE-LBOYIXSDNA-N,-7.464
PGR,c_ASN33,mut_s1,detail,1,212,RTFGYBAMFJVGHJ-UHFFFAOYNA-N,-5.711
PGR,c_ASN33,mut_s1,detail,1,213,LYJNRGFCMLOFNV-HIVOMVAKNA-N,-5.901
PGR,c_ASN33,mut_s1,detail,1,214,MKDSWBAEXGFAEE-LBOYIXSDNA-N,-5.73
PGR,c_ASN33,mut_s1,detail,1,215,NSLNDONZYBNSFU-ASVXZIMGNA-N,-7.759
PGR,c_ASN33,mut_s1,detail,1,216,HUDCDZLLNLJTEW-RBSQRGBYNA-N,-6.36
PGR,c_ASN33,mut_s1,detail,1,217,OFRDBFMZCXXKAH-LBOYIXSDNA-N,-6.325
PGR,c_ASN33,mut_s1,detail,1,218,NSLGAHAKEFYCED-PELNGNISNA-N,-6.846
PGR,c_ASN33,mut_s1,detail,1,219,QLSURSTUZJVSGU-NSJMMFDCNA-N,-7.88
PGR,c_ASN33,mut_s1,detail,1,220,CXLYWVWLNDGNIU-VEORKLDJNA-N,-5.844
PGR,c_ASN33,mut_s1,detail,1,221,RHIJMDNVEPLDED-UHFFFAOYNA-N,-5.112
PGR,c_ASN33,mut_s1,detail,1,222,YNUXXMJVZSTPFZ-CSKMVECVNA-N,-6.993
PGR,c_ASN33,mut_s1,detail,1,223,ILWOOGUHZKNTQQ-DNVCBOLYNA-N,-7.678
PGR,c_ASN33,mut_s1,detail,1,224,CARWTONHZWZDHZ-XIPNIRHDNA-N,-6.281
PGR,c_ASN33,mut_s1,detail,1,225,OSMWANBXVVPETF-HTBVCZPNNA-N,-7.914
PGR,c_ASN33,mut_s1,detail,1,226,KCNVHXJEALIYQI-PCRUTULWNA-N,-5.231
PGR,c_ASN33,mut_s1,detail,1,227,FPUDFDKQGXUBJA-QQXSKIMKNA-N,-8.259
PGR,c_ASN33,mut_s1,detail,1,228,MQWZYEDJGHLFFI-VJSLDGLSNA-N,-7.307
PGR,c_ASN33,mut_s1,detail,1,229,YPTIEFMKXZIMKO-LNNLXFCONA-N,-7.213
PGR,c_ASN33,mut_s1,detail,1,230,MWIZLUKLQZEFBC-LKHHGCNMNA-N,-6.517
PGR,c_ASN33,mut_s1,detail,1,231,PMNZCFDKKKLFHH-LBOYIXSDNA-N,-8.442
PGR,c_ASN33,mut_s1,detail,1,232,NELOFNHVEWRSBT-OKPOJWAQNA-N,-7.351
PGR,c_ASN33,mut_s1,detail,1,233,VCXACHHEDDVKAY-SREBMQDQNA-N,-8.728
PGR,c_ASN33,mut_s1,detail,1,234,KWJVADNYZMUTJY-IPYVVANSNA-N,-7.516
PGR,c_ASN33,mut_s1,detail,1,235,LLQAFRKQJAOAMO-XGEXJYLCNA-N,-5.677
PGR,c_ASN33,mut_s1,detail,1,236,VCAMVXBSKDFRFE-LNNLXFCONA-N,-6.402
PGR,c_ASN33,mut_s1,detail,1,237,QXIHUBWNLRPDRU-UHFFFAOYNA-N,-5.52
PGR,c_ASN33,mut_s1,detail,1,238,JUXOLKXMOLRWLC-MPIMZMORNA-N,-7.422
PGR,c_ASN33,mut_s1,detail,1,239,SQTIAXOMFTYLLF-QVYQQCQZNA-N,-5.807
PGR,c_ASN33,mut_s1,detail,1,240,BJSKDMOWRPAVMK-UHFFFAOYNA-N,-8.687
PGR,c_ASN33,mut_s1,detail,1,241,VRQPEWWROOGXLL-VJSLDGLSNA-N,-5.684
PGR,c_ASN33,mut_s1,detail,1,242,IXNOFPXGSKSKJH-HXTKINSTNA-N,-6.954
PGR,c_ASN33,mut_s1,detail,1,243,BMCFOHNLKRIWMC-UHFFFAOYNA-N,-5.825
PGR,c_ASN33,mut_s1,detail,1,244,FLFMKNMHDFIWDB-PJQSKVNONA-N,-9.016
PGR,c_ASN33,mut_s1,detail,1,245,JJLXVLWPUFIUBC-IGBJZSFZNA-N,-8.305
PGR,c_ASN33,mut_s1,detail,1,246,ZXCSBCTVTJFLOZ-JUEKIJOLNA-N,-7.343
PGR,c_ASN33,mut_s1,detail,1,247,LCSLDZZBWHBLFA-UHFFFAOYNA-N,-5.209
PGR,c_ASN33,mut_s1,detail,1,248,CAVTYMQSFAIXRJ-AKXZRBJUNA-N,-5.08
PGR,c_ASN33,mut_s1,detail,1,249,UFXJYIXRQNBEDW-UHFFFAOYNA-N,-8.519
PGR,c_ASN33,mut_s1,detail,1,250,HWIAWSLSCZUKKA-SFHVURJKNA-N,-6.663
PGR,c_ASN33,mut_s1,detail,1,251,MYHQHPUWOWUUQI-ZELWXOMMNA-N,-6.274
PGR,c_ASN33,mut_s1,detail,1,252,GWNRIUBPBWOQGT-UHFFFAOYNA-N,-7.592
PGR,c_ASN33,mut_s1,detail,1,253,YCWRQUXRVNLWEM-LELJVTLKNA-N,-7.554
PGR,c_ASN33,mut_s1,detail,1,254,DMRFDXBCAQFSFQ-UYLYIRGYNA-N,-9.826
PGR,c_ASN33,mut_s1,detail,1,255,XCZDGLYGEYYXKS-UWLQQCCWNA-N,-5.297
PGR,c_TRP69,mut_s1,detail,1,0,UDJUXZQGNCUDQR-LILDFLRNNA-N,-8.224
PGR,c_TRP69,mut_s1,detail,1,1,GANVJBSNVYJUKL-UHFFFAOYNA-N,-6.488
PGR,c_TRP69,mut_s1,detail,1,2,RUBHNPNCPXGKIE-YAQRNVERNA-N,-6.661
PGR,c_TRP69,mut_s1,detail,1,3,JYSICDMWNXGPIM-XLPACQNMNA-N,-6.904
PGR,c_TRP69,mut_s1,detail,1,4,KZDPKDSPDUVHGB-GAJRPKRDNA-N,-7.363
PGR,c_TRP69,mut_s1,detail,1,5,GQKJQNXSSQKJGW-HCKMINDGNA-N,-7.789
PGR,c_TRP69,mut_s1,detail,1,6,HJRUOZFNPQVNSF-MNIXEANVNA-N,-8.169
PGR,c_TRP69,mut_s1,detail,1,7,ALUOSUMBVMLDKR-UHFFFAOYNA-N,-9.103
PGR,c_TRP69,mut_s1,detail,1,8,QMQNUSSPTHZCGT-UYBDAZJANA-N,-8.977
PGR,c_TRP69,mut_s1,detail,1,9,UEZBMIQIUOTBJT-UYBDAZJANA-N,-7.697
PGR,c_TRP69,mut_s1,detail,1,10,ICZZTNOOMSQNCH-UHFFFAOYNA-N,-8.044
PGR,c_TRP69,mut_s1,detail,1,11,AMOFQKAIXTYZIZ-NPVYFSBINA-N,-7.386
PGR,c_TRP69,mut_s1,detail,1,12,IZOPLHPCKOSQQN-UHFFFAOYNA-N,-7.931
PGR,c_TRP69,mut_s1,detail,1,13,OFZZZJLWPKOLIX-GPQMBLKYNA-N,-8.213
PGR,c_TRP69,mut_s1,detail,1,14,BXADTFNFCCRMQU-UHFFFAOYNA-N,-6.898
PGR,c_TRP69,mut_s1,detail,1,15,PKQDOSZHMAIBHQ-GPQMBLKYNA-N,-8.918
PGR,c_TRP69,mut_s1,detail,1,16,JLTFAWOGGLXAFU-UHFFFAOYNA-N,-7.594
PGR,c_TRP69,mut_s1,detail,1,17,QYACKAORZRQPTE-UHFFFAOYNA-N,-7.15
PGR,c_TRP69,mut_s1,detail,1,18,FFJKVRCOUHEYOK-YAQRNVERNA-N,-7.266
PGR,c_TRP69,mut_s1,detail,1,19,MFTSRMJYWLCCSA-GHRIWEEINA-N,-8.26
PGR,c_TRP69,mut_s1,detail,1,20,NDRMSISLKTZBKD-HCKMINDGNA-N,-7.629
PGR,c_TRP69,mut_s1,detail,1,21,APGSUVBRVVNRPJ-UHFFFAOYNA-N,-7.984
PGR,c_TRP69,mut_s1,detail,1,22,MTIGVNBPQVLRLS-XQMQJMAZNA-N,-6.932
PGR,c_TRP69,mut_s1,detail,1,23,WIWDZNZJLUFUSQ-GSIAOYINNA-N,-8.036
PGR,c_TRP69,mut_s1,detail,1,24,WVJSLMIKTFBTBO-WVMALLHKNA-N,-7.167
PGR,c_TRP69,mut_s1,detail,1,25,QASCAWSPAPUKDI-UHFFFAOYNA-N,-7.135
PGR,c_TRP69,mut_s1,detail,1,26,WJZNKICGQZGRPQ-YHMJCDSINA-N,-6.56
PGR,c_TRP69,mut_s1,detail,1,27,ACKCEYIVRXUHDK-HCKMINDGNA-N,-7.666
PGR,c_TRP69,mut_s1,detail,1,28,GXKXWCKNQMYETG-UHFFFAOYNA-N,-8.911
PGR,c_TRP69,mut_s1,detail,1,29,QGTKEDSQUDRCEG-UHFFFAOYNA-N,-7.216
PGR,c_TRP69,mut_s1,detail,1,30,NYJUJIFSIDORSZ-LILDFLRNNA-N,-8.308
PGR,c_TRP69,mut_s1,detail,1,31,SCGGVBDHUNVGKR-VRGMUVNCNA-N,-9.468
PGR,c_TRP69,mut_s1,detail,1,32,ZWGVKWPZYUUFSB-YAQRNVERNA-N,-7.057
PGR,c_TRP69,mut_s1,detail,1,33,BCTONXHZFGFJIT-UHFFFAOYNA-N,-8.692
PGR,c_TRP69,mut_s1,detail,1,34,BIZAQLNMDJHGTL-HCKMINDGNA-N,-8.47
PGR,c_TRP69,mut_s1,detail,1,35,KZFYAEKGSRGKDQ-GPQMBLKYNA-N,-7.413
PGR,c_TRP69,mut_s1,detail,1,36,REZYNFOIWKOLBD-UHFFFAOYNA-N,-7.252
PGR,c_TRP69,mut_s1,detail,1,37,SDKQIECEJUFKHI-MUSVCJDDNA-N,-7.705
PGR,c_TRP69,mut_s1,detail,1,38,XUJSYVYKXBOYJP-JTQLQIEINA-N,-8.615
PGR,c_TRP69,mut_s1,detail,1,39,NVHKWMBHTXQWRP-NSFCMMSCNA-N,-7.974
PGR,c_TRP69,mut_s1,detail,1,40,AHYPQQDJTFMEJW-VGOFMYFVNA-N,-7.561
PGR,c_TRP69,mut_s1,detail,1,41,BGRJTUBHPOOWDU-QDYITYEQNA-N,-7.25
PGR,c_TRP69,mut_s1,detail,1,42,KJQORRCKEQRHKP-UHFFFAOYNA-N,-7.973
PGR,c_TRP69,mut_s1,detail,1,43,SJFPWWYCPGONOM-UHFFFAOYNA-N,-7.475
PGR,c_TRP69,mut_s1,detail,1,44,VEZJRJGLFIXQHG-KJQBJTEXNA-N,-8.392
PGR,c_TRP69,mut_s1,detail,1,45,VQXJTNXJSNLNEM-WYUMXYHSNA-N,-8.607
PGR,c_TRP69,mut_s1,detail,1,46,RWCDZKHBJGXNQH-UHFFFAOYNA-N,-7.237
PGR,c_TRP69,mut_s1,detail,1,47,JXOHPGXCMHDJOH-XQMQJMAZNA-N,-7.178
PGR,c_TRP69,mut_s1,detail,1,48,XNBZHZUOHMKIBH-UHFFFAOYNA-N,-7.358
PGR,c_TRP69,mut_s1,detail,1,49,VTEXVGQDUYFTHA-UHFFFAOYNA-N,-6.494
PGR,c_TRP69,mut_s1,detail,1,50,IUJLOAKJZQBENM-UHFFFAOYNA-N,-6.992
PGR,c_TRP69,mut_s1,detail,1,51,QHULAWVSDWNAPE-UHFFFAOYNA-N,-7.108
PGR,c_TRP69,mut_s1,detail,1,52,VGJKJRWFEYUOMP-YAQRNVERNA-N,-7.177
PGR,c_TRP69,mut_s1,detail,1,53,DDCFZIXVFUZWLX-UHFFFAOYNA-N,-8.152
PGR,c_TRP69,mut_s1,detail,1,54,OTCRWFSKWBSBLF-UHFFFAOYNA-N,-7.44
PGR,c_TRP69,mut_s1,detail,1,55,YFYMHQPNOSTLFF-XQMQJMAZNA-N,-7.489
PGR,c_TRP69,mut_s1,detail,1,56,DYMQNLJFFJCVBA-UHFFFAOYNA-N,-7.753
PGR,c_TRP69,mut_s1,detail,1,57,QERUYJGOUSNCOY-YHMJCDSINA-N,-7.502
PGR,c_TRP69,mut_s1,detail,1,58,VBKFPTDUXZKHJG-VNHYZAJKNA-N,-7.818
PGR,c_TRP69,mut_s1,detail,1,59,ZBEDJPDEINGEHM-UHFFFAOYNA-N,-6.139
PGR,c_TRP69,mut_s1,detail,1,60,LIEZHLXUCGSNOU-UHFFFAOYNA-N,-8.646
PGR,c_TRP69,mut_s1,detail,1,61,RROQODCMZSASRX-UHFFFAOYNA-N,-6.599
PGR,c_TRP69,mut_s1,detail,1,62,BPMAVTHRQBBTNZ-UYBDAZJANA-N,-8.791
PGR,c_TRP69,mut_s1,detail,1,63,ATKWLNSCJYLXPF-FICVDOATNA-N,-8.473
PGR,c_TRP69,mut_s1,detail,1,64,RLUBDGBLOPBNLZ-UHFFFAOYNA-N,-9.586
PGR,c_TRP69,mut_s1,detail,1,65,UVERTHXHNQWOMX-UHFFFAOYNA-N,-7.763
PGR,c_TRP69,mut_s1,detail,1,66,BPFYGTYAFCVUAQ-QWOVJGMINA-N,-8.631
PGR,c_TRP69,mut_s1,detail,1,67,ZODJKQULMZCUCT-PKSOQXRJNA-N,-7.531
PGR,c_TRP69,mut_s1,detail,1,68,WEZGTMJXSVLNML-MPIMZMORNA-N,-5.865
PGR,c_TRP69,mut_s1,detail,1,69,IGZPSIOZEAIYTH-UHFFFAOYNA-N,-8.924
PGR,c_TRP69,mut_s1,detail,1,70,YRVFOAARONPYKD-UHFFFAOYNA-N,-8.495
PGR,c_TRP69,mut_s1,detail,1,71,ZESNJJBGEWLRGV-KAKWUFLPNA-N,-8.188
PGR,c_TRP69,mut_s1,detail,1,72,PYCBHJYHBUOUCW-PKSOQXRJNA-N,-7.218
PGR,c_TRP69,mut_s1,detail,1,73,ABPSNZWEZWHADJ-GPQMBLKYNA-N,-7.025
PGR,c_TRP69,mut_s1,detail,1,74,WXDJXWILXCCWRK-UHFFFAOYNA-N,-7.512
PGR,c_TRP69,mut_s1,detail,1,75,VCRWHFFSQUYIOM-DDCYPFOINA-N,-6.259
PGR,c_TRP69,mut_s1,detail,1,76,JANVEQMYWYPFNU-RTAVDJSLNA-N,-6.067
PGR,c_TRP69,mut_s1,detail,1,77,IQLYJZGQMYCKRA-QWOVJGMINA-N,-8.615
PGR,c_TRP69,mut_s1,detail,1,78,CTAZJMUKYKCOMY-HVXXBKQBNA-N,-7.054
PGR,c_TRP69,mut_s1,detail,1,79,FXRIMHMLPNSELN-XBTAAFKLNA-N,-6.631
PGR,c_TRP69,mut_s1,detail,1,80,GEUQUSZFVWZXJI-UHFFFAOYNA-N,-7.695
PGR,c_TRP69,mut_s1,detail,1,81,AFGXLUJVZOJZCS-DVIAZDKANA-N,-6.766
PGR,c_TRP69,mut_s1,detail,1,82,QPNICESGZANARJ-MPIMZMORNA-N,-8.845
PGR,c_TRP69,mut_s1,detail,1,83,QFHCJULFNFFSDD-MPIMZMORNA-N,-7.444
PGR,c_TRP69,mut_s1,detail,1,84,MABJRAVWPUIQDD-GPQMBLKYNA-N,-6.866
PGR,c_TRP69,mut_s1,detail,1,85,KEULGNACOIQOLD-LILDFLRNNA-N,-6.859
PGR,c_TRP69,mut_s1,detail,1,86,PHUKSBWGYBHYCM-ZANVPECINA-N,-7.976
PGR,c_TRP69,mut_s1,detail,1,87,VBFJSECKEUOBIV-UYBDAZJANA-N,-7.094
PGR,c_TRP69,mut_s1,detail,1,88,VKOJWPSHQQXTMQ-AWQFTUOYNA-N,-7.705
PGR,c_TRP69,mut_s1,detail,1,89,WGGCYQHFLWUGKK-LNNLXFCONA-N,-9.246
PGR,c_TRP69,mut_s1,detail,1,90,SEESZUWDWXYFGB-HUUCEWRRNA-N,-7.505
PGR,c_TRP69,mut_s1,detail,1,91,SAOIUZZZCRDJIE-UYBDAZJANA-N,-6.501
PGR,c_TRP69,mut_s1,detail,1,92,LCZXUQMWBHAHOF-PKSOQXRJNA-N,-8.277
PGR,c_TRP69,mut_s1,detail,1,93,HJZRMYRSMHLBMM-UHFFFAOYNA-N,-6.16
PGR,c_TRP69,mut_s1,detail,1,94,NYIAMZTVDFGSMO-UHFFFAOYNA-N,-8.098
PGR,c_TRP69,mut_s1,detail,1,95,PBGALVWBACEVEC-QWOVJGMINA-N,-7.594
PGR,c_TRP69,mut_s1,detail,1,96,DDCGYKUGMMDSDD-PKSOQXRJNA-N,-8.511
PGR,c_TRP69,mut_s1,detail,1,97,IIROHAHLTGYHGV-UYBDAZJANA-N,-9.084
PGR,c_TRP69,mut_s1,detail,1,98,IQJXWGCMCSFZHI-LQFNOIFHNA-N,-7.967
PGR,c_TRP69,mut_s1,detail,1,99,OPSKQPYXZASNGA-QWOVJGMINA-N,-5.733
PGR,c_TRP69,mut_s1,detail,1,100,COHPEUUUDGXEPG-MPIMZMORNA-N,-6.923
PGR,c_TRP69,mut_s1,detail,1,101,LCLQRXYSCAZUJT-PKSOQXRJNA-N,-7.198
PGR,c_TRP69,mut_s1,detail,1,102,DMWUHECJQADMOM-PKSOQXRJNA-N,-7.609
PGR,c_TRP69,mut_s1,detail,1,103,RINYNDHGPMMUPG-UYBDAZJANA-N,-7.239
PGR,c_TRP69,mut_s1,detail,1,104,GWFMSEYHCOCBEH-UYBDAZJANA-N,-8.054
PGR,c_TRP69,mut_s1,detail,1,105,ZSYYKQAVTXERHH-LILDFLRNNA-N,-7.034
PGR,c_TRP69,mut_s1,detail,1,106,RFGLZFMBWWKYGX-UHFFFAOYNA-N,-7.72
PGR,c_TRP69,mut_s1,detail,1,107,ZCFXIPSPKDGCHW-HSJCKIQZNA-N,-6.669
PGR,c_TRP69,mut_s1,detail,1,108,OJBRUITYMUOMQJ-UYBDAZJANA-N,-6.464
PGR,c_TRP69,mut_s1,detail,1,109,QRQQRMCYDJTOMZ-IHYGWTSJNA-N,-8.679
PGR,c_TRP69,mut_s1,detail,1,110,UZYHGPCXMSFTKE-NPQUBYNZNA-N,-7.779
PGR,c_TRP69,mut_s1,detail,1,111,FKRLYCLDDLGGPB-HCKMINDGNA-N,-5.743
PGR,c_TRP69,mut_s1,detail,1,112,SJUXHCSNSGLKJD-UYBDAZJANA-N,-6.864
PGR,c_TRP69,mut_s1,detail,1,113,MDJMMLITJGVNQI-LILDFLRNNA-N,-6.773
PGR,c_TRP69,mut_s1,detail,1,114,LAKWSLSTUWRCOM-UHFFFAOYNA-N,-8.396
PGR,c_TRP69,mut_s1,detail,1,115,RZYYWEWDCWHDNZ-PKSOQXRJNA-N,-7.811
PGR,c_TRP69,mut_s1,detail,1,116,KSTQHOAVVBOECJ-PKSOQXRJNA-N,-7.522
PGR,c_TRP69,mut_s1,detail,1,117,LTBODPBDLZJCLH-UHFFFAOYNA-N,-8.667
PGR,c_TRP69,mut_s1,detail,1,118,YNPHZUYBOQPWKQ-UYBDAZJANA-N,-7.586
PGR,c_TRP69,mut_s1,detail,1,119,TZYCJGJZUSVUSB-UHFFFAOYNA-N,-6.221
PGR,c_TRP69,mut_s1,detail,1,120,YDEMTQMAWLEDQT-HPHMPNDVNA-N,-6.977
PGR,c_TRP69,mut_s1,detail,1,121,JJTMKAVMZRVHFW-JZJYNLBNNA-N,-8.246
PGR,c_TRP69,mut_s1,detail,1,122,UQILDYXMCYUCGV-MPIMZMORNA-N,-6.779
PGR,c_TRP69,mut_s1,detail,1,123,LRULJABSRXBARK-PKSOQXRJNA-N,-6.101
PGR,c_TRP69,mut_s1,detail,1,124,FDGMHVXFEWDBLE-GZNJHTOZNA-N,-7.12
PGR,c_TRP69,mut_s1,detail,1,125,MDPXBTVEVMPBMF-MRSUPTMINA-N,-6.214
PGR,c_TRP69,mut_s1,detail,1,126,PRDMNBQAHOVKAV-UHFFFAOYNA-N,-8.684
PGR,c_TRP69,mut_s1,detail,1,127,OBAYJABSUJXLMA-HCKMINDGNA-N,-8.398
PGR,c_TRP69,mut_s1,detail,1,128,HLMWKCMXNWJGGO-VNHAUOCNNA-N,-6.633
PGR,c_TRP69,mut_s1,detail,1,129,ZWXZFCRRFQRJPF-QWOVJGMINA-N,-6.678
PGR,c_TRP69,mut_s1,detail,1,130,IXUSJKAERUMZME-NBNNRKRINA-N,-9.478
PGR,c_TRP69,mut_s1,detail,1,131,WDVACORMOUBMRH-NPQUBYNZNA-N,-7.207
PGR,c_TRP69,mut_s1,detail,1,132,UXLJJGBAQOYQMV-UHFFFAOYNA-N,-7.559
PGR,c_TRP69,mut_s1,detail,1,133,RWPNUXJCHLIEDT-UHFFFAOYNA-N,-7.277
PGR,c_TRP69,mut_s1,detail,1,134,BTCLKPCIIFOYHE-KRMNUSLJNA-N,-7.926
PGR,c_TRP69,mut_s1,detail,1,135,IGYZXGKFEXFDBK-SPEPDGBUNA-N,-9.675
PGR,c_TRP69,mut_s1,detail,1,136,RUKFQFDSWPNHGL-LNNLXFCONA-N,-6.679
PGR,c_TRP69,mut_s1,detail,1,137,QTHMBVGZTPOODZ-FVJBVQDQNA-N,-6.91
PGR,c_TRP69,mut_s1,detail,1,138,BLQYVHBZHAISJM-LSHAIWFFNA-N,-8.924
PGR,c_TRP69,mut_s1,detail,1,139,WMDYKLMOCCOUEL-SACSUSJJNA-N,-8.289
PGR,c_TRP69,mut_s1,detail,1,140,LEVPVCOKBQEXMQ-MPIMZMORNA-N,-7.847
PGR,c_TRP69,mut_s1,detail,1,141,YYDFYJDBXOSJHE-WBMJQRKENA-N,-6.144
PGR,c_TRP69,mut_s1,detail,1,142,NFXJPCKVPBXSDH-LQFNOIFHNA-N,-8.516
PGR,c_TRP69,mut_s1,detail,1,143,KAUHJCPWWQWSJV-LELJVTLKNA-N,-8.034
PGR,c_TRP69,mut_s1,detail,1,144,NVZSQUSTRBKANP-YIVFFDRWNA-N,-7.704
PGR,c_TRP69,mut_s1,detail,1,145,WIKNISOFBKUYKR-LBOYIXSDNA-N,-8.951
PGR,c_TRP69,mut_s1,detail,1,146,AQIYGSAXYBBKKP-LNNLXFCONA-N,-5.816
PGR,c_TRP69,mut_s1,detail,1,147,TWKQKOFHSPYVSG-LQFNOIFHNA-N,-6.746
PGR,c_TRP69,mut_s1,detail,1,148,LVWSKXKIFXRKQJ-QWOVJGMINA-N,-8.621
PGR,c_TRP69,mut_s1,detail,1,149,BBBUKQRTMPJLSL-FHIWLMNKNA-N,-6.005
PGR,c_TRP69,mut_s1,detail,1,150,SCECNMVMCCDVHC-UHFFFAOYNA-N,-8.093
PGR,c_TRP69,mut_s1,detail,1,151,OLMVVVWTBFULHB-HXTKINSTNA-N,-9.06
PGR,c_TRP69,mut_s1,detail,1,152,BJXFHKHIABEKFL-HXTKINSTNA-N,-6.564
PGR,c_TRP69,mut_s1,detail,1,153,GMYAIAZTDBDYGE-UHFFFAOYNA-N,-7.715
PGR,c_TRP69,mut_s1,detail,1,154,OMIWVZGQMXEZLZ-UHFFFAOYNA-N,-7.734
PGR,c_TRP69,mut_s1,detail,1,155,SFQDUATXFZWGHZ-UHFFFAOYNA-N,-5.821
PGR,c_TRP69,mut_s1,detail,1,156,AMRCHQSZZXWZBI-UHFFFAOYNA-N,-4.259
PGR,c_TRP69,mut_s1,detail,1,157,PDKBGLXLXHGRIF-UHFFFAOYNA-N,-8.221
PGR,c_TRP69,mut_s1,detail,1,158,IMPCJHDDDAGSIP-UHFFFAOYNA-N,-8.547
PGR,c_TRP69,mut_s1,detail,1,159,QKASSONCRIQFQE-UHFFFAOYNA-N,-7.527
PGR,c_TRP69,mut_s1,detail,1,160,RBPSUSGZEBUPLW-LELJVTLKNA-N,-7.154
PGR,c_TRP69,mut_s1,detail,1,161,IZMNNUPSRDMEKL-LICXQBBSNA-N,-7.963
PGR,c_TRP69,mut_s1,detail,1,162,PAVNRYHGSYWSPV-MPIMZMORNA-N,-5.874
PGR,c_TRP69,mut_s1,detail,1,163,TZXYYVHNWAKJLI-UHFFFAOYNA-N,-5.818
PGR,c_TRP69,mut_s1,detail,1,164,HNOCRTTZBPUBHY-UHFFFAOYNA-N,-6.832
PGR,c_TRP69,mut_s1,detail,1,165,WMPZPNIPTZCCJK-PKSOQXRJNA-N,-6.737
PGR,c_TRP69,mut_s1,detail,1,166,OBPAOULTANNRFC-QWOVJGMINA-N,-7.068
PGR,c_TRP69,mut_s1,detail,1,167,UCJOWIKNRBWRAB-UHFFFAOYNA-N,-7.574
PGR,c_TRP69,mut_s1,detail,1,168,GFKDVMSTTKOYOX-QCVZTBOQNA-N,-6.983
PGR,c_TRP69,mut_s1,detail,1,169,BAEJDWKEKZSULN-UHFFFAOYNA-N,-7.63
PGR,c_TRP69,mut_s1,detail,1,170,KZUDVENDSUODSU-LQFNOIFHNA-N,-7.867
PGR,c_TRP69,mut_s1,detail,1,171,HBYPDVHGDKCNMT-DVIAZDKANA-N,-7.409
PGR,c_TRP69,mut_s1,detail,1,172,PMUHFTCPDVPMRF-LELJVTLKNA-N,-7.991
PGR,c_TRP69,mut_s1,detail,1,173,XIYSICLOFPYCTK-ZVWSISBDNA-N,-6.973
PGR,c_TRP69,mut_s1,detail,1,174,CFOFCUAQALFPIW-HPRFPMAVNA-N,-7.534
PGR,c_TRP69,mut_s1,detail,1,175,ZNBMRULRQJAJNW-IRIILVJRNA-N,-9.218
PGR,c_TRP69,mut_s1,detail,1,176,RSQKKNPJKLBGPF-DVIAZDKANA-N,-6.019
PGR,c_TRP69,mut_s1,detail,1,177,UIYRVVZHZVHONZ-QWOVJGMINA-N,-8.285
PGR,c_TRP69,mut_s1,detail,1,178,RNCGDYFDZJIQTQ-UHFFFAOYNA-N,-8.7
PGR,c_TRP69,mut_s1,detail,1,179,QOWFNZNDIAKQKO-QFIPXVFZNA-N,-6.287
PGR,c_TRP69,mut_s1,detail,1,180,FIPNXDSUMLBDQK-LQFNOIFHNA-N,-7.377
PGR,c_TRP69,mut_s1,detail,1,181,NHFGNUVGTDMGKX-UHFFFAOYNA-N,-6.445
PGR,c_TRP69,mut_s1,detail,1,182,RNBGNITZKVUDSK-YFMNGRKDNA-N,-5.542
PGR,c_TRP69,mut_s1,detail,1,183,CPEKPARXQVWWJD-IAXKEJLGNA-N,-7.317
PGR,c_TRP69,mut_s1,detail,1,184,IEAABJYVWXHFOX-MPIMZMORNA-N,-8.44
PGR,c_TRP69,mut_s1,detail,1,185,DSNCXRXGMZSRBV-GOSISDBHNA-N,-6.332
PGR,c_TRP69,mut_s1,detail,1,186,DOVTZHSQYCZIIX-MPIMZMORNA-N,-7.381
PGR,c_TRP69,mut_s1,detail,1,187,BKYWKCMMWRHBGX-SPEPDGBUNA-N,-8.426
PGR,c_TRP69,mut_s1,detail,1,188,MTRHSIOVVWFAOM-MPIMZMORNA-N,-6.326
PGR,c_TRP69,mut_s1,detail,1,189,VZLVPTSUFJDRRQ-LELJVTLKNA-N,-6.563
PGR,c_TRP69,mut_s1,detail,1,190,FJYPQTWLGSEZAE-UNEGGNDLNA-N,-8.742
PGR,c_TRP69,mut_s1,detail,1,191,FOJSFYSVCCQUQP-VVKINWOJNA-N,-6.596
PGR,c_TRP69,mut_s1,detail,1,192,SULPKNWDXWJTHQ-GCNJZUOMNA-N,-6.436
PGR,c_TRP69,mut_s1,detail,1,193,JTPAQMOUZGIORE-UHFFFAOYNA-N,-6.6
PGR,c_TRP69,mut_s1,detail,1,194,KRFPGHLUAFZMRZ-TYOBWDGZNA-N,-6.335
PGR,c_TRP69,mut_s1,detail,1,195,TVZGACDUOSZQKY-XBGCRKGSNA-N,-7.977
PGR,c_TRP69,mut_s1,detail,1,196,CXDZGSNFZYGQSZ-PKRZOPRNNA-N,-7.054
PGR,c_TRP69,mut_s1,detail,1,197,FBZYWIMLLHPUPX-VJSLDGLSNA-N,-6.677
PGR,c_TRP69,mut_s1,detail,1,198,HKJNKURRZRPPMK-MDXLESTANA-N,-7.153
PGR,c_TRP69,mut_s1,detail,1,199,DVAPEEIVFMOBQW-SLSKDPHBNA-N,-6.626
PGR,c_TRP69,mut_s1,detail,1,200,SVDIZPBCTLXSOH-LNNLXFCONA-N,-7.116
PGR,c_TRP69,mut_s1,detail,1,201,NDXCWKMYPWRPDY-NUCQJGHSNA-N,-6.085
PGR,c_TRP69,mut_s1,detail,1,202,VXHUMLIJAQHWIX-CRNXEPDINA-N,-7.834
PGR,c_TRP69,mut_s1,detail,1,203,KBZDVXICPAJAAT-LNNLXFCONA-N,-7.023
PGR,c_TRP69,mut_s1,detail,1,204,DVFDTYFATLFXHU-WOPMAMTRNA-N,-4.622
PGR,c_TRP69,mut_s1,detail,1,205,WURBKQGAFSESKZ-MPIMZMORNA-N,-6.201
PGR,c_TRP69,mut_s1,detail,1,206,LXGVFBXRKSCESU-UWUUZOGGNA-N,-5.836
PGR,c_TRP69,mut_s1,detail,1,207,CQWFJACPUQVVQZ-UHFFFAOYNA-N,-7.121
PGR,c_TRP69,mut_s1,detail,1,208,FEZAUPQJLJCQHD-XRJCTRHONA-N,-7.316
PGR,c_TRP69,mut_s1,detail,1,209,IDKGPACCMPKKQB-LIPPOORTNA-N,-9.684
PGR,c_TRP69,mut_s1,detail,1,210,PEPJPELNFRAZNQ-LKHHGCNMNA-N,-5.903
PGR,c_TRP69,mut_s1,detail,1,211,GRUWUINXLANFJE-LBOYIXSDNA-N,-7.133
PGR,c_TRP69,mut_s1,detail,1,212,RTFGYBAMFJVGHJ-UHFFFAOYNA-N,-7.734
PGR,c_TRP69,mut_s1,detail,1,213,LYJNRGFCMLOFNV-HIVOMVAKNA-N,-7.001
PGR,c_TRP69,mut_s1,detail,1,214,MKDSWBAEXGFAEE-LBOYIXSDNA-N,-9.353
PGR,c_TRP69,mut_s1,detail,1,215,NSLNDONZYBNSFU-ASVXZIMGNA-N,-7.793
PGR,c_TRP69,mut_s1,detail,1,216,HUDCDZLLNLJTEW-RBSQRGBYNA-N,-7.468
PGR,c_TRP69,mut_s1,detail,1,217,OFRDBFMZCXXKAH-LBOYIXSDNA-N,-7.408
PGR,c_TRP69,mut_s1,detail,1,218,NSLGAHAKEFYCED-PELNGNISNA-N,-6.264
PGR,c_TRP69,mut_s1,detail,1,219,QLSURSTUZJVSGU-NSJMMFDCNA-N,-9.045
PGR,c_TRP69,mut_s1,detail,1,220,CXLYWVWLNDGNIU-VEORKLDJNA-N,-4.908
PGR,c_TRP69,mut_s1,detail,1,221,RHIJMDNVEPLDED-UHFFFAOYNA-N,-6.048
PGR,c_TRP69,mut_s1,detail,1,222,YNUXXMJVZSTPFZ-CSKMVECVNA-N,-6.981
PGR,c_TRP69,mut_s1,detail,1,223,ILWOOGUHZKNTQQ-DNVCBOLYNA-N,-8.03
PGR,c_TRP69,mut_s1,detail,1,224,CARWTONHZWZDHZ-XIPNIRHDNA-N,-6.063
PGR,c_TRP69,mut_s1,detail,1,225,OSMWANBXVVPETF-HTBVCZPNNA-N,-6.703
PGR,c_TRP69,mut_s1,detail,1,226,KCNVHXJEALIYQI-PCRUTULWNA-N,-6.732
PGR,c_TRP69,mut_s1,detail,1,227,FPUDFDKQGXUBJA-QQXSKIMKNA-N,-7.638
PGR,c_TRP69,mut_s1,detail,1,228,MQWZYEDJGHLFFI-VJSLDGLSNA-N,-8.428
PGR,c_TRP69,mut_s1,detail,1,229,YPTIEFMKXZIMKO-LNNLXFCONA-N,-7.048
PGR,c_TRP69,mut_s1,detail,1,230,MWIZLUKLQZEFBC-LKHHGCNMNA-N,-7.506
PGR,c_TRP69,mut_s1,detail,1,231,PMNZCFDKKKLFHH-LBOYIXSDNA-N,-7.458
PGR,c_TRP69,mut_s1,detail,1,232,NELOFNHVEWRSBT-OKPOJWAQNA-N,-6.766
PGR,c_TRP69,mut_s1,detail,1,233,VCXACHHEDDVKAY-SREBMQDQNA-N,-8.15
PGR,c_TRP69,mut_s1,detail,1,234,KWJVADNYZMUTJY-IPYVVANSNA-N,-8.97
PGR,c_TRP69,mut_s1,detail,1,235,LLQAFRKQJAOAMO-XGEXJYLCNA-N,-8.372
PGR,c_TRP69,mut_s1,detail,1,236,VCAMVXBSKDFRFE-LNNLXFCONA-N,-6.556
PGR,c_TRP69,mut_s1,detail,1,237,QXIHUBWNLRPDRU-UHFFFAOYNA-N,-6.864
PGR,c_TRP69,mut_s1,detail,1,238,JUXOLKXMOLRWLC-MPIMZMORNA-N,-5.663
PGR,c_TRP69,mut_s1,detail,1,239,SQTIAXOMFTYLLF-QVYQQCQZNA-N,-8.004
PGR,c_TRP69,mut_s1,detail,1,240,BJSKDMOWRPAVMK-UHFFFAOYNA-N,-5.807
PGR,c_TRP69,mut_s1,detail,1,241,VRQPEWWROOGXLL-VJSLDGLSNA-N,-5.605
PGR,c_TRP69,mut_s1,detail,1,242,IXNOFPXGSKSKJH-HXTKINSTNA-N,-7.197
PGR,c_TRP69,mut_s1,detail,1,243,BMCFOHNLKRIWMC-UHFFFAOYNA-N,-6.223
PGR,c_TRP69,mut_s1,detail,1,244,FLFMKNMHDFIWDB-PJQSKVNONA-N,-11.234
PGR,c_TRP69,mut_s1,detail,1,245,JJLXVLWPUFIUBC-IGBJZSFZNA-N,-8.9
PGR,c_TRP69,mut_s1,detail,1,246,ZXCSBCTVTJFLOZ-JUEKIJOLNA-N,-7.456
PGR,c_TRP69,mut_s1,detail,1,247,LCSLDZZBWHBLFA-UHFFFAOYNA-N,-7.252
PGR,c_TRP69,mut_s1,detail,1,248,CAVTYMQSFAIXRJ-AKXZRBJUNA-N,-4.88
PGR,c_TRP69,mut_s1,detail,1,249,UFXJYIXRQNBEDW-UHFFFAOYNA-N,-7.754
PGR,c_TRP69,mut_s1,detail,1,250,HWIAWSLSCZUKKA-SFHVURJKNA-N,-6.044
PGR,c_TRP69,mut_s1,detail,1,251,MYHQHPUWOWUUQI-ZELWXOMMNA-N,-7.953
PGR,c_TRP69,mut_s1,detail,1,252,GWNRIUBPBWOQGT-UHFFFAOYNA-N,-7.548
PGR,c_TRP69,mut_s1,detail,1,253,YCWRQUXRVNLWEM-LELJVTLKNA-N,-7.822
PGR,c_TRP69,mut_s1,detail,1,254,DMRFDXBCAQFSFQ-UYLYIRGYNA-N,-8.916
PGR,c_TRP69,mut_s1,detail,1,255,XCZDGLYGEYYXKS-UWLQQCCWNA-N,-4.913
PGR,c_LEU29,mut_s1,detail,1,0,UDJUXZQGNCUDQR-LILDFLRNNA-N,-8.75
PGR,c_LEU29,mut_s1,detail,1,1,GANVJBSNVYJUKL-UHFFFAOYNA-N,-7.398
PGR,c_LEU29,mut_s1,detail,1,2,RUBHNPNCPXGKIE-YAQRNVERNA-N,-6.688
PGR,c_LEU29,mut_s1,detail,1,3,JYSICDMWNXGPIM-XLPACQNMNA-N,-6.136
PGR,c_LEU29,mut_s1,detail,1,4,KZDPKDSPDUVHGB-GAJRPKRDNA-N,-7.74
PGR,c_LEU29,mut_s1,detail,1,5,GQKJQNXSSQKJGW-HCKMINDGNA-N,-8.1
PGR,c_LEU29,mut_s1,detail,1,6,HJRUOZFNPQVNSF-MNIXEANVNA-N,-8.559
PGR,c_LEU29,mut_s1,detail,1,7,ALUOSUMBVMLDKR-UHFFFAOYNA-N,-9.64
PGR,c_LEU29,mut_s1,detail,1,8,QMQNUSSPTHZCGT-UYBDAZJANA-N,-8.996
PGR,c_LEU29,mut_s1,detail,1,9,UEZBMIQIUOTBJT-UYBDAZJANA-N,-8.109
PGR,c_LEU29,mut_s1,detail,1,10,ICZZTNOOMSQNCH-UHFFFAOYNA-N,-8.865
PGR,c_LEU29,mut_s1,detail,1,11,AMOFQKAIXTYZIZ-NPVYFSBINA-N,-7.312
PGR,c_LEU29,mut_s1,detail,1,12,IZOPLHPCKOSQQN-UHFFFAOYNA-N,-8.23
PGR,c_LEU29,mut_s1,detail,1,13,OFZZZJLWPKOLIX-GPQMBLKYNA-N,-8.671
PGR,c_LEU29,mut_s1,detail,1,14,BXADTFNFCCRMQU-UHFFFAOYNA-N,-7.13
PGR,c_LEU29,mut_s1,detail,1,15,PKQDOSZHMAIBHQ-GPQMBLKYNA-N,-8.878
PGR,c_LEU29,mut_s1,detail,1,16,JLTFAWOGGLXAFU-UHFFFAOYNA-N,-7.598
PGR,c_LEU29,mut_s1,detail,1,17,QYACKAORZRQPTE-UHFFFAOYNA-N,-7.422
PGR,c_LEU29,mut_s1,detail,1,18,FFJKVRCOUHEYOK-YAQRNVERNA-N,-7.417
PGR,c_LEU29,mut_s1,detail,1,19,MFTSRMJYWLCCSA-GHRIWEEINA-N,-9.252
PGR,c_LEU29,mut_s1,detail,1,20,NDRMSISLKTZBKD-HCKMINDGNA-N,-8.066
PGR,c_LEU29,mut_s1,detail,1,21,APGSUVBRVVNRPJ-UHFFFAOYNA-N,-9.057
PGR,c_LEU29,mut_s1,detail,1,22,MTIGVNBPQVLRLS-XQMQJMAZNA-N,-7.099
PGR,c_LEU29,mut_s1,detail,1,23,WIWDZNZJLUFUSQ-GSIAOYINNA-N,-8.449
PGR,c_LEU29,mut_s1,detail,1,24,WVJSLMIKTFBTBO-WVMALLHKNA-N,-7.766
PGR,c_LEU29,mut_s1,detail,1,25,QASCAWSPAPUKDI-UHFFFAOYNA-N,-7.176
PGR,c_LEU29,mut_s1,detail,1,26,WJZNKICGQZGRPQ-YHMJCDSINA-N,-6.413
PGR,c_LEU29,mut_s1,detail,1,27,ACKCEYIVRXUHDK-HCKMINDGNA-N,-8.115
PGR,c_LEU29,mut_s1,detail,1,28,GXKXWCKNQMYETG-UHFFFAOYNA-N,-9.087
PGR,c_LEU29,mut_s1,detail,1,29,QGTKEDSQUDRCEG-UHFFFAOYNA-N,-7.253
PGR,c_LEU29,mut_s1,detail,1,30,NYJUJIFSIDORSZ-LILDFLRNNA-N,-8.751
PGR,c_LEU29,mut_s1,detail,1,31,SCGGVBDHUNVGKR-VRGMUVNCNA-N,-9.722
PGR,c_LEU29,mut_s1,detail,1,32,ZWGVKWPZYUUFSB-YAQRNVERNA-N,-7.411
PGR,c_LEU29,mut_s1,detail,1,33,BCTONXHZFGFJIT-UHFFFAOYNA-N,-9.014
PGR,c_LEU29,mut_s1,detail,1,34,BIZAQLNMDJHGTL-HCKMINDGNA-N,-8.523
PGR,c_LEU29,mut_s1,detail,1,35,KZFYAEKGSRGKDQ-GPQMBLKYNA-N,-8.135
PGR,c_LEU29,mut_s1,detail,1,36,REZYNFOIWKOLBD-UHFFFAOYNA-N,-7.57
PGR,c_LEU29,mut_s1,detail,1,37,SDKQIECEJUFKHI-MUSVCJDDNA-N,-8.418
PGR,c_LEU29,mut_s1,detail,1,38,XUJSYVYKXBOYJP-JTQLQIEINA-N,-8.714
PGR,c_LEU29,mut_s1,detail,1,39,NVHKWMBHTXQWRP-NSFCMMSCNA-N,-8.221
PGR,c_LEU29,mut_s1,detail,1,40,AHYPQQDJTFMEJW-VGOFMYFVNA-N,-7.939
PGR,c_LEU29,mut_s1,detail,1,41,BGRJTUBHPOOWDU-QDYITYEQNA-N,-7.301
PGR,c_LEU29,mut_s1,detail,1,42,KJQORRCKEQRHKP-UHFFFAOYNA-N,-8.13
PGR,c_LEU29,mut_s1,detail,1,43,SJFPWWYCPGONOM-UHFFFAOYNA-N,-7.654
PGR,c_LEU29,mut_s1,detail,1,44,VEZJRJGLFIXQHG-KJQBJTEXNA-N,-8.578
PGR,c_LEU29,mut_s1,detail,1,45,VQXJTNXJSNLNEM-WYUMXYHSNA-N,-8.547
PGR,c_LEU29,mut_s1,detail,1,46,RWCDZKHBJGXNQH-UHFFFAOYNA-N,-8.419
PGR,c_LEU29,mut_s1,detail,1,47,JXOHPGXCMHDJOH-XQMQJMAZNA-N,-7.875
PGR,c_LEU29,mut_s1,detail,1,48,XNBZHZUOHMKIBH-UHFFFAOYNA-N,-7.818
PGR,c_LEU29,mut_s1,detail,1,49,VTEXVGQDUYFTHA-UHFFFAOYNA-N,-6.597
PGR,c_LEU29,mut_s1,detail,1,50,IUJLOAKJZQBENM-UHFFFAOYNA-N,-7.056
PGR,c_LEU29,mut_s1,detail,1,51,QHULAWVSDWNAPE-UHFFFAOYNA-N,-7.44
PGR,c_LEU29,mut_s1,detail,1,52,VGJKJRWFEYUOMP-YAQRNVERNA-N,-6.889
PGR,c_LEU29,mut_s1,detail,1,53,DDCFZIXVFUZWLX-UHFFFAOYNA-N,-8.21
PGR,c_LEU29,mut_s1,detail,1,54,OTCRWFSKWBSBLF-UHFFFAOYNA-N,-7.834
PGR,c_LEU29,mut_s1,detail,1,55,YFYMHQPNOSTLFF-XQMQJMAZNA-N,-7.742
PGR,c_LEU29,mut_s1,detail,1,56,DYMQNLJFFJCVBA-UHFFFAOYNA-N,-7.003
PGR,c_LEU29,mut_s1,detail,1,57,QERUYJGOUSNCOY-YHMJCDSINA-N,-7.606
PGR,c_LEU29,mut_s1,detail,1,58,VBKFPTDUXZKHJG-VNHYZAJKNA-N,-7.851
PGR,c_LEU29,mut_s1,detail,1,59,ZBEDJPDEINGEHM-UHFFFAOYNA-N,-6.293
PGR,c_LEU29,mut_s1,detail,1,60,LIEZHLXUCGSNOU-UHFFFAOYNA-N,-8.758
PGR,c_LEU29,mut_s1,detail,1,61,RROQODCMZSASRX-UHFFFAOYNA-N,-6.505
PGR,c_LEU29,mut_s1,detail,1,62,BPMAVTHRQBBTNZ-UYBDAZJANA-N,-8.918
PGR,c_LEU29,mut_s1,detail,1,63,ATKWLNSCJYLXPF-FICVDOATNA-N,-8.869
PGR,c_LEU29,mut_s1,detail,1,64,RLUBDGBLOPBNLZ-UHFFFAOYNA-N,-9.551
PGR,c_LEU29,mut_s1,detail,1,65,UVERTHXHNQWOMX-UHFFFAOYNA-N,-8.363
PGR,c_LEU29,mut_s1,detail,1,66,BPFYGTYAFCVUAQ-QWOVJGMINA-N,-8.589
PGR,c_LEU29,mut_s1,detail,1,67,ZODJKQULMZCUCT-PKSOQXRJNA-N,-7.556
PGR,c_LEU29,mut_s1,detail,1,68,WEZGTMJXSVLNML-MPIMZMORNA-N,-7.977
PGR,c_LEU29,mut_s1,detail,1,69,IGZPSIOZEAIYTH-UHFFFAOYNA-N,-8.53
PGR,c_LEU29,mut_s1,detail,1,70,YRVFOAARONPYKD-UHFFFAOYNA-N,-8.798
PGR,c_LEU29,mut_s1,detail,1,71,ZESNJJBGEWLRGV-KAKWUFLPNA-N,-7.371
PGR,c_LEU29,mut_s1,detail,1,72,PYCBHJYHBUOUCW-PKSOQXRJNA-N,-7.846
PGR,c_LEU29,mut_s1,detail,1,73,ABPSNZWEZWHADJ-GPQMBLKYNA-N,-7.607
PGR,c_LEU29,mut_s1,detail,1,74,WXDJXWILXCCWRK-UHFFFAOYNA-N,-7.971
PGR,c_LEU29,mut_s1,detail,1,75,VCRWHFFSQUYIOM-DDCYPFOINA-N,-6.524
PGR,c_LEU29,mut_s1,detail,1,76,JANVEQMYWYPFNU-RTAVDJSLNA-N,-7.287
PGR,c_LEU29,mut_s1,detail,1,77,IQLYJZGQMYCKRA-QWOVJGMINA-N,-8.329
PGR,c_LEU29,mut_s1,detail,1,78,CTAZJMUKYKCOMY-HVXXBKQBNA-N,-7.624
PGR,c_LEU29,mut_s1,detail,1,79,FXRIMHMLPNSELN-XBTAAFKLNA-N,-8.987
PGR,c_LEU29,mut_s1,detail,1,80,GEUQUSZFVWZXJI-UHFFFAOYNA-N,-7.781
PGR,c_LEU29,mut_s1,detail,1,81,AFGXLUJVZOJZCS-DVIAZDKANA-N,-8.328
PGR,c_LEU29,mut_s1,detail,1,82,QPNICESGZANARJ-MPIMZMORNA-N,-8.412
PGR,c_LEU29,mut_s1,detail,1,83,QFHCJULFNFFSDD-MPIMZMORNA-N,-8.219
PGR,c_LEU29,mut_s1,detail,1,84,MABJRAVWPUIQDD-GPQMBLKYNA-N,-7.125
PGR,c_LEU29,mut_s1,detail,1,85,KEULGNACOIQOLD-LILDFLRNNA-N,-7.619
PGR,c_LEU29,mut_s1,detail,1,86,PHUKSBWGYBHYCM-ZANVPECINA-N,-8.434
PGR,c_LEU29,mut_s1,detail,1,87,VBFJSECKEUOBIV-UYBDAZJANA-N,-7.453
PGR,c_LEU29,mut_s1,detail,1,88,VKOJWPSHQQXTMQ-AWQFTUOYNA-N,-8.055
PGR,c_LEU29,mut_s1,detail,1,89,WGGCYQHFLWUGKK-LNNLXFCONA-N,-9.088
PGR,c_LEU29,mut_s1,detail,1,90,SEESZUWDWXYFGB-HUUCEWRRNA-N,-7.118
PGR,c_LEU29,mut_s1,detail,1,91,SAOIUZZZCRDJIE-UYBDAZJANA-N,-7.868
PGR,c_LEU29,mut_s1,detail,1,92,LCZXUQMWBHAHOF-PKSOQXRJNA-N,-8.579
PGR,c_LEU29,mut_s1,detail,1,93,HJZRMYRSMHLBMM-UHFFFAOYNA-N,-6.82
PGR,c_LEU29,mut_s1,detail,1,94,NYIAMZTVDFGSMO-UHFFFAOYNA-N,-8.098
PGR,c_LEU29,mut_s1,detail,1,95,PBGALVWBACEVEC-QWOVJGMINA-N,-7.529
PGR,c_LEU29,mut_s1,detail,1,96,DDCGYKUGMMDSDD-PKSOQXRJNA-N,-7.984
PGR,c_LEU29,mut_s1,detail,1,97,IIROHAHLTGYHGV-UYBDAZJANA-N,-9.684
PGR,c_LEU29,mut_s1,detail,1,98,IQJXWGCMCSFZHI-LQFNOIFHNA-N,-8.455
PGR,c_LEU29,mut_s1,detail,1,99,OPSKQPYXZASNGA-QWOVJGMINA-N,-7.106
PGR,c_LEU29,mut_s1,detail,1,100,COHPEUUUDGXEPG-MPIMZMORNA-N,-8.284
PGR,c_LEU29,mut_s1,detail,1,101,LCLQRXYSCAZUJT-PKSOQXRJNA-N,-7.424
PGR,c_LEU29,mut_s1,detail,1,102,DMWUHECJQADMOM-PKSOQXRJNA-N,-7.745
PGR,c_LEU29,mut_s1,detail,1,103,RINYNDHGPMMUPG-UYBDAZJANA-N,-7.835
PGR,c_LEU29,mut_s1,detail,1,104,GWFMSEYHCOCBEH-UYBDAZJANA-N,-8.075
PGR,c_LEU29,mut_s1,detail,1,105,ZSYYKQAVTXERHH-LILDFLRNNA-N,-7.473
PGR,c_LEU29,mut_s1,detail,1,106,RFGLZFMBWWKYGX-UHFFFAOYNA-N,-8.419
PGR,c_LEU29,mut_s1,detail,1,107,ZCFXIPSPKDGCHW-HSJCKIQZNA-N,-8.026
PGR,c_LEU29,mut_s1,detail,1,108,OJBRUITYMUOMQJ-UYBDAZJANA-N,-7.765
PGR,c_LEU29,mut_s1,detail,1,109,QRQQRMCYDJTOMZ-IHYGWTSJNA-N,-8.504
PGR,c_LEU29,mut_s1,detail,1,110,UZYHGPCXMSFTKE-NPQUBYNZNA-N,-7.81
PGR,c_LEU29,mut_s1,detail,1,111,FKRLYCLDDLGGPB-HCKMINDGNA-N,-7.507
PGR,c_LEU29,mut_s1,detail,1,112,SJUXHCSNSGLKJD-UYBDAZJANA-N,-8.571
PGR,c_LEU29,mut_s1,detail,1,113,MDJMMLITJGVNQI-LILDFLRNNA-N,-7.731
PGR,c_LEU29,mut_s1,detail,1,114,LAKWSLSTUWRCOM-UHFFFAOYNA-N,-9.764
PGR,c_LEU29,mut_s1,detail,1,115,RZYYWEWDCWHDNZ-PKSOQXRJNA-N,-7.268
PGR,c_LEU29,mut_s1,detail,1,116,KSTQHOAVVBOECJ-PKSOQXRJNA-N,-7.714
PGR,c_LEU29,mut_s1,detail,1,117,LTBODPBDLZJCLH-UHFFFAOYNA-N,-9.931
PGR,c_LEU29,mut_s1,detail,1,118,YNPHZUYBOQPWKQ-UYBDAZJANA-N,-7.392
PGR,c_LEU29,mut_s1,detail,1,119,TZYCJGJZUSVUSB-UHFFFAOYNA-N,-6.504
PGR,c_LEU29,mut_s1,detail,1,120,YDEMTQMAWLEDQT-HPHMPNDVNA-N,-6.44
PGR,c_LEU29,mut_s1,detail,1,121,JJTMKAVMZRVHFW-JZJYNLBNNA-N,-8.264
PGR,c_LEU29,mut_s1,detail,1,122,UQILDYXMCYUCGV-MPIMZMORNA-N,-7.763
PGR,c_LEU29,mut_s1,detail,1,123,LRULJABSRXBARK-PKSOQXRJNA-N,-8.191
PGR,c_LEU29,mut_s1,detail,1,124,FDGMHVXFEWDBLE-GZNJHTOZNA-N,-7.128
PGR,c_LEU29,mut_s1,detail,1,125,MDPXBTVEVMPBMF-MRSUPTMINA-N,-8.544
PGR,c_LEU29,mut_s1,detail,1,126,PRDMNBQAHOVKAV-UHFFFAOYNA-N,-9.517
PGR,c_LEU29,mut_s1,detail,1,127,OBAYJABSUJXLMA-HCKMINDGNA-N,-7.528
PGR,c_LEU29,mut_s1,detail,1,128,HLMWKCMXNWJGGO-VNHAUOCNNA-N,-8.441
PGR,c_LEU29,mut_s1,detail,1,129,ZWXZFCRRFQRJPF-QWOVJGMINA-N,-9.38
PGR,c_LEU29,mut_s1,detail,1,130,IXUSJKAERUMZME-NBNNRKRINA-N,-9.029
PGR,c_LEU29,mut_s1,detail,1,131,WDVACORMOUBMRH-NPQUBYNZNA-N,-8.248
PGR,c_LEU29,mut_s1,detail,1,132,UXLJJGBAQOYQMV-UHFFFAOYNA-N,-7.857
PGR,c_LEU29,mut_s1,detail,1,133,RWPNUXJCHLIEDT-UHFFFAOYNA-N,-7.09
PGR,c_LEU29,mut_s1,detail,1,134,BTCLKPCIIFOYHE-KRMNUSLJNA-N,-9.031
PGR,c_LEU29,mut_s1,detail,1,135,IGYZXGKFEXFDBK-SPEPDGBUNA-N,-9.14
PGR,c_LEU29,mut_s1,detail,1,136,RUKFQFDSWPNHGL-LNNLXFCONA-N,-8.411
PGR,c_LEU29,mut_s1,detail,1,137,QTHMBVGZTPOODZ-FVJBVQDQNA-N,-7.752
PGR,c_LEU29,mut_s1,detail,1,138,BLQYVHBZHAISJM-LSHAIWFFNA-N,-6.524
PGR,c_LEU29,mut_s1,detail,1,139,WMDYKLMOCCOUEL-SACSUSJJNA-N,-8.424
PGR,c_LEU29,mut_s1,detail,1,140,LEVPVCOKBQEXMQ-MPIMZMORNA-N,-8.36
PGR,c_LEU29,mut_s1,detail,1,141,YYDFYJDBXOSJHE-WBMJQRKENA-N,-7.37
PGR,c_LEU29,mut_s1,detail,1,142,NFXJPCKVPBXSDH-LQFNOIFHNA-N,-8.0
PGR,c_LEU29,mut_s1,detail,1,143,KAUHJCPWWQWSJV-LELJVTLKNA-N,-8.578
PGR,c_LEU29,mut_s1,detail,1,144,NVZSQUSTRBKANP-YIVFFDRWNA-N,-7.799
PGR,c_LEU29,mut_s1,detail,1,145,WIKNISOFBKUYKR-LBOYIXSDNA-N,-8.574
PGR,c_LEU29,mut_s1,detail,1,146,AQIYGSAXYBBKKP-LNNLXFCONA-N,-8.512
PGR,c_LEU29,mut_s1,detail,1,147,TWKQKOFHSPYVSG-LQFNOIFHNA-N,-8.583
PGR,c_LEU29,mut_s1,detail,1,148,LVWSKXKIFXRKQJ-QWOVJGMINA-N,-7.615
PGR,c_LEU29,mut_s1,detail,1,149,BBBUKQRTMPJLSL-FHIWLMNKNA-N,-5.561
PGR,c_LEU29,mut_s1,detail,1,150,SCECNMVMCCDVHC-UHFFFAOYNA-N,-8.54
PGR,c_LEU29,mut_s1,detail,1,151,OLMVVVWTBFULHB-HXTKINSTNA-N,-8.407
PGR,c_LEU29,mut_s1,detail,1,152,BJXFHKHIABEKFL-HXTKINSTNA-N,-10.394
PGR,c_LEU29,mut_s1,detail,1,153,GMYAIAZTDBDYGE-UHFFFAOYNA-N,-7.379
PGR,c_LEU29,mut_s1,detail,1,154,OMIWVZGQMXEZLZ-UHFFFAOYNA-N,-7.894
PGR,c_LEU29,mut_s1,detail,1,155,SFQDUATXFZWGHZ-UHFFFAOYNA-N,-7.693
PGR,c_LEU29,mut_s1,detail,1,156,AMRCHQSZZXWZBI-UHFFFAOYNA-N,-5.511
PGR,c_LEU29,mut_s1,detail,1,157,PDKBGLXLXHGRIF-UHFFFAOYNA-N,-7.687
PGR,c_LEU29,mut_s1,detail,1,158,IMPCJHDDDAGSIP-UHFFFAOYNA-N,-7.906
PGR,c_LEU29,mut_s1,detail,1,159,QKASSONCRIQFQE-UHFFFAOYNA-N,-9.349
PGR,c_LEU29,mut_s1,detail,1,160,RBPSUSGZEBUPLW-LELJVTLKNA-N,-10.214
PGR,c_LEU29,mut_s1,detail,1,161,IZMNNUPSRDMEKL-LICXQBBSNA-N,-8.567
PGR,c_LEU29,mut_s1,detail,1,162,PAVNRYHGSYWSPV-MPIMZMORNA-N,-8.175
PGR,c_LEU29,mut_s1,detail,1,163,TZXYYVHNWAKJLI-UHFFFAOYNA-N,-6.129
PGR,c_LEU29,mut_s1,detail,1,164,HNOCRTTZBPUBHY-UHFFFAOYNA-N,-7.339
PGR,c_LEU29,mut_s1,detail,1,165,WMPZPNIPTZCCJK-PKSOQXRJNA-N,-7.497
PGR,c_LEU29,mut_s1,detail,1,166,OBPAOULTANNRFC-QWOVJGMINA-N,-7.92
PGR,c_LEU29,mut_s1,detail,1,167,UCJOWIKNRBWRAB-UHFFFAOYNA-N,-8.085
PGR,c_LEU29,mut_s1,detail,1,168,GFKDVMSTTKOYOX-QCVZTBOQNA-N,-8.65
PGR,c_LEU29,mut_s1,detail,1,169,BAEJDWKEKZSULN-UHFFFAOYNA-N,-7.183
PGR,c_LEU29,mut_s1,detail,1,170,KZUDVENDSUODSU-LQFNOIFHNA-N,-8.596
PGR,c_LEU29,mut_s1,detail,1,171,HBYPDVHGDKCNMT-DVIAZDKANA-N,-9.246
PGR,c_LEU29,mut_s1,detail,1,172,PMUHFTCPDVPMRF-LELJVTLKNA-N,-10.983
PGR,c_LEU29,mut_s1,detail,1,173,XIYSICLOFPYCTK-ZVWSISBDNA-N,-8.445
PGR,c_LEU29,mut_s1,detail,1,174,CFOFCUAQALFPIW-HPRFPMAVNA-N,-8.696
PGR,c_LEU29,mut_s1,detail,1,175,ZNBMRULRQJAJNW-IRIILVJRNA-N,-7.693
PGR,c_LEU29,mut_s1,detail,1,176,RSQKKNPJKLBGPF-DVIAZDKANA-N,-7.841
PGR,c_LEU29,mut_s1,detail,1,177,UIYRVVZHZVHONZ-QWOVJGMINA-N,-8.407
PGR,c_LEU29,mut_s1,detail,1,178,RNCGDYFDZJIQTQ-UHFFFAOYNA-N,-9.178
PGR,c_LEU29,mut_s1,detail,1,179,QOWFNZNDIAKQKO-QFIPXVFZNA-N,-7.782
PGR,c_LEU29,mut_s1,detail,1,180,FIPNXDSUMLBDQK-LQFNOIFHNA-N,-8.191
PGR,c_LEU29,mut_s1,detail,1,181,NHFGNUVGTDMGKX-UHFFFAOYNA-N,-8.309
PGR,c_LEU29,mut_s1,detail,1,182,RNBGNITZKVUDSK-YFMNGRKDNA-N,-6.722
PGR,c_LEU29,mut_s1,detail,1,183,CPEKPARXQVWWJD-IAXKEJLGNA-N,-5.385
PGR,c_LEU29,mut_s1,detail,1,184,IEAABJYVWXHFOX-MPIMZMORNA-N,-8.87
PGR,c_LEU29,mut_s1,detail,1,185,DSNCXRXGMZSRBV-GOSISDBHNA-N,-8.575
PGR,c_LEU29,mut_s1,detail,1,186,DOVTZHSQYCZIIX-MPIMZMORNA-N,-7.668
PGR,c_LEU29,mut_s1,detail,1,187,BKYWKCMMWRHBGX-SPEPDGBUNA-N,-8.415
PGR,c_LEU29,mut_s1,detail,1,188,MTRHSIOVVWFAOM-MPIMZMORNA-N,-6.064
PGR,c_LEU29,mut_s1,detail,1,189,VZLVPTSUFJDRRQ-LELJVTLKNA-N,-7.447
PGR,c_LEU29,mut_s1,detail,1,190,FJYPQTWLGSEZAE-UNEGGNDLNA-N,-7.574
PGR,c_LEU29,mut_s1,detail,1,191,FOJSFYSVCCQUQP-VVKINWOJNA-N,-6.707
PGR,c_LEU29,mut_s1,detail,1,192,SULPKNWDXWJTHQ-GCNJZUOMNA-N,-6.197
PGR,c_LEU29,mut_s1,detail,1,193,JTPAQMOUZGIORE-UHFFFAOYNA-N,-7.78
PGR,c_LEU29,mut_s1,detail,1,194,KRFPGHLUAFZMRZ-TYOBWDGZNA-N,-8.168
PGR,c_LEU29,mut_s1,detail,1,195,TVZGACDUOSZQKY-XBGCRKGSNA-N,-8.515
PGR,c_LEU29,mut_s1,detail,1,196,CXDZGSNFZYGQSZ-PKRZOPRNNA-N,-7.467
PGR,c_LEU29,mut_s1,detail,1,197,FBZYWIMLLHPUPX-VJSLDGLSNA-N,-7.872
PGR,c_LEU29,mut_s1,detail,1,198,HKJNKURRZRPPMK-MDXLESTANA-N,-7.355
PGR,c_LEU29,mut_s1,detail,1,199,DVAPEEIVFMOBQW-SLSKDPHBNA-N,-9.212
PGR,c_LEU29,mut_s1,detail,1,200,SVDIZPBCTLXSOH-LNNLXFCONA-N,-7.315
PGR,c_LEU29,mut_s1,detail,1,201,NDXCWKMYPWRPDY-NUCQJGHSNA-N,-7.244
PGR,c_LEU29,mut_s1,detail,1,202,VXHUMLIJAQHWIX-CRNXEPDINA-N,-7.196
PGR,c_LEU29,mut_s1,detail,1,203,KBZDVXICPAJAAT-LNNLXFCONA-N,-7.392
PGR,c_LEU29,mut_s1,detail,1,204,DVFDTYFATLFXHU-WOPMAMTRNA-N,-7.486
PGR,c_LEU29,mut_s1,detail,1,205,WURBKQGAFSESKZ-MPIMZMORNA-N,-7.924
PGR,c_LEU29,mut_s1,detail,1,206,LXGVFBXRKSCESU-UWUUZOGGNA-N,-6.291
PGR,c_LEU29,mut_s1,detail,1,207,CQWFJACPUQVVQZ-UHFFFAOYNA-N,-7.723
PGR,c_LEU29,mut_s1,detail,1,208,FEZAUPQJLJCQHD-XRJCTRHONA-N,-9.478
PGR,c_LEU29,mut_s1,detail,1,209,IDKGPACCMPKKQB-LIPPOORTNA-N,-7.673
PGR,c_LEU29,mut_s1,detail,1,210,PEPJPELNFRAZNQ-LKHHGCNMNA-N,-9.366
PGR,c_LEU29,mut_s1,detail,1,211,GRUWUINXLANFJE-LBOYIXSDNA-N,-7.196
PGR,c_LEU29,mut_s1,detail,1,212,RTFGYBAMFJVGHJ-UHFFFAOYNA-N,-7.073
PGR,c_LEU29,mut_s1,detail,1,213,LYJNRGFCMLOFNV-HIVOMVAKNA-N,-6.299
PGR,c_LEU29,mut_s1,detail,1,214,MKDSWBAEXGFAEE-LBOYIXSDNA-N,-9.119
PGR,c_LEU29,mut_s1,detail,1,215,NSLNDONZYBNSFU-ASVXZIMGNA-N,-7.93
PGR,c_LEU29,mut_s1,detail,1,216,HUDCDZLLNLJTEW-RBSQRGBYNA-N,-6.812
PGR,c_LEU29,mut_s1,detail,1,217,OFRDBFMZCXXKAH-LBOYIXSDNA-N,-7.156
PGR,c_LEU29,mut_s1,detail,1,218,NSLGAHAKEFYCED-PELNGNISNA-N,-6.607
PGR,c_LEU29,mut_s1,detail,1,219,QLSURSTUZJVSGU-NSJMMFDCNA-N,-9.708
PGR,c_LEU29,mut_s1,detail,1,220,CXLYWVWLNDGNIU-VEORKLDJNA-N,-7.509
PGR,c_LEU29,mut_s1,detail,1,221,RHIJMDNVEPLDED-UHFFFAOYNA-N,-5.363
PGR,c_LEU29,mut_s1,detail,1,222,YNUXXMJVZSTPFZ-CSKMVECVNA-N,-6.997
PGR,c_LEU29,mut_s1,detail,1,223,ILWOOGUHZKNTQQ-DNVCBOLYNA-N,-9.316
PGR,c_LEU29,mut_s1,detail,1,224,CARWTONHZWZDHZ-XIPNIRHDNA-N,-6.267
PGR,c_LEU29,mut_s1,detail,1,225,OSMWANBXVVPETF-HTBVCZPNNA-N,-10.198
PGR,c_LEU29,mut_s1,detail,1,226,KCNVHXJEALIYQI-PCRUTULWNA-N,-6.663
PGR,c_LEU29,mut_s1,detail,1,227,FPUDFDKQGXUBJA-QQXSKIMKNA-N,-7.92
PGR,c_LEU29,mut_s1,detail,1,228,MQWZYEDJGHLFFI-VJSLDGLSNA-N,-8.375
PGR,c_LEU29,mut_s1,detail,1,229,YPTIEFMKXZIMKO-LNNLXFCONA-N,-10.017
PGR,c_LEU29,mut_s1,detail,1,230,MWIZLUKLQZEFBC-LKHHGCNMNA-N,-7.919
PGR,c_LEU29,mut_s1,detail,1,231,PMNZCFDKKKLFHH-LBOYIXSDNA-N,-9.209
PGR,c_LEU29,mut_s1,detail,1,232,NELOFNHVEWRSBT-OKPOJWAQNA-N,-9.643
PGR,c_LEU29,mut_s1,detail,1,233,VCXACHHEDDVKAY-SREBMQDQNA-N,-6.429
PGR,c_LEU29,mut_s1,detail,1,234,KWJVADNYZMUTJY-IPYVVANSNA-N,-9.203
PGR,c_LEU29,mut_s1,detail,1,235,LLQAFRKQJAOAMO-XGEXJYLCNA-N,-5.981
PGR,c_LEU29,mut_s1,detail,1,236,VCAMVXBSKDFRFE-LNNLXFCONA-N,-5.516
PGR,c_LEU29,mut_s1,detail,1,237,QXIHUBWNLRPDRU-UHFFFAOYNA-N,-8.434
PGR,c_LEU29,mut_s1,detail,1,238,JUXOLKXMOLRWLC-MPIMZMORNA-N,-6.78
PGR,c_LEU29,mut_s1,detail,1,239,SQTIAXOMFTYLLF-QVYQQCQZNA-N,-5.668
PGR,c_LEU29,mut_s1,detail,1,240,BJSKDMOWRPAVMK-UHFFFAOYNA-N,-8.777
PGR,c_LEU29,mut_s1,detail,1,241,VRQPEWWROOGXLL-VJSLDGLSNA-N,-6.492
PGR,c_LEU29,mut_s1,detail,1,242,IXNOFPXGSKSKJH-HXTKINSTNA-N,-8.127
PGR,c_LEU29,mut_s1,detail,1,243,BMCFOHNLKRIWMC-UHFFFAOYNA-N,-6.004
PGR,c_LEU29,mut_s1,detail,1,244,FLFMKNMHDFIWDB-PJQSKVNONA-N,-7.373
PGR,c_LEU29,mut_s1,detail,1,245,JJLXVLWPUFIUBC-IGBJZSFZNA-N,-8.086
PGR,c_LEU29,mut_s1,detail,1,246,ZXCSBCTVTJFLOZ-JUEKIJOLNA-N,-7.531
PGR,c_LEU29,mut_s1,detail,1,247,LCSLDZZBWHBLFA-UHFFFAOYNA-N,-6.66
PGR,c_LEU29,mut_s1,detail,1,248,CAVTYMQSFAIXRJ-AKXZRBJUNA-N,-4.963
PGR,c_LEU29,mut_s1,detail,1,249,UFXJYIXRQNBEDW-UHFFFAOYNA-N,-7.576
PGR,c_LEU29,mut_s1,detail,1,250,HWIAWSLSCZUKKA-SFHVURJKNA-N,-8.916
PGR,c_LEU29,mut_s1,detail,1,251,MYHQHPUWOWUUQI-ZELWXOMMNA-N,-7.97
PGR,c_LEU29,mut_s1,detail,1,252,GWNRIUBPBWOQGT-UHFFFAOYNA-N,-5.81
PGR,c_LEU29,mut_s1,detail,1,253,YCWRQUXRVNLWEM-LELJVTLKNA-N,-8.263
PGR,c_LEU29,mut_s1,detail,1,254,DMRFDXBCAQFSFQ-UYLYIRGYNA-N,-9.391
PGR,c_LEU29,mut_s1,detail,1,255,XCZDGLYGEYYXKS-UWLQQCCWNA-N,-7.294
PGR,c_TYR201,mut_s1,detail,1,0,UDJUXZQGNCUDQR-LILDFLRNNA-N,-8.638
PGR,c_TYR201,mut_s1,detail,1,1,GANVJBSNVYJUKL-UHFFFAOYNA-N,-6.989
PGR,c_TYR201,mut_s1,detail,1,2,RUBHNPNCPXGKIE-YAQRNVERNA-N,-6.552
PGR,c_TYR201,mut_s1,detail,1,3,JYSICDMWNXGPIM-XLPACQNMNA-N,-6.017
PGR,c_TYR201,mut_s1,detail,1,4,KZDPKDSPDUVHGB-GAJRPKRDNA-N,-7.695
PGR,c_TYR201,mut_s1,detail,1,5,GQKJQNXSSQKJGW-HCKMINDGNA-N,-8.588
PGR,c_TYR201,mut_s1,detail,1,6,HJRUOZFNPQVNSF-MNIXEANVNA-N,-9.094
PGR,c_TYR201,mut_s1,detail,1,7,ALUOSUMBVMLDKR-UHFFFAOYNA-N,-9.299
PGR,c_TYR201,mut_s1,detail,1,8,QMQNUSSPTHZCGT-UYBDAZJANA-N,-8.767
PGR,c_TYR201,mut_s1,detail,1,9,UEZBMIQIUOTBJT-UYBDAZJANA-N,-8.625
PGR,c_TYR201,mut_s1,detail,1,10,ICZZTNOOMSQNCH-UHFFFAOYNA-N,-9.81
PGR,c_TYR201,mut_s1,detail,1,11,AMOFQKAIXTYZIZ-NPVYFSBINA-N,-7.158
PGR,c_TYR201,mut_s1,detail,1,12,IZOPLHPCKOSQQN-UHFFFAOYNA-N,-9.293
PGR,c_TYR201,mut_s1,detail,1,13,OFZZZJLWPKOLIX-GPQMBLKYNA-N,-8.682
PGR,c_TYR201,mut_s1,detail,1,14,BXADTFNFCCRMQU-UHFFFAOYNA-N,-6.839
PGR,c_TYR201,mut_s1,detail,1,15,PKQDOSZHMAIBHQ-GPQMBLKYNA-N,-8.764
PGR,c_TYR201,mut_s1,detail,1,16,JLTFAWOGGLXAFU-UHFFFAOYNA-N,-7.819
PGR,c_TYR201,mut_s1,detail,1,17,QYACKAORZRQPTE-UHFFFAOYNA-N,-7.104
PGR,c_TYR201,mut_s1,detail,1,18,FFJKVRCOUHEYOK-YAQRNVERNA-N,-7.006
PGR,c_TYR201,mut_s1,detail,1,19,MFTSRMJYWLCCSA-GHRIWEEINA-N,-9.179
PGR,c_TYR201,mut_s1,detail,1,20,NDRMSISLKTZBKD-HCKMINDGNA-N,-7.478
PGR,c_TYR201,mut_s1,detail,1,21,APGSUVBRVVNRPJ-UHFFFAOYNA-N,-9.192
PGR,c_TYR201,mut_s1,detail,1,22,MTIGVNBPQVLRLS-XQMQJMAZNA-N,-7.13
PGR,c_TYR201,mut_s1,detail,1,23,WIWDZNZJLUFUSQ-GSIAOYINNA-N,-8.231
PGR,c_TYR201,mut_s1,detail,1,24,WVJSLMIKTFBTBO-WVMALLHKNA-N,-8.039
PGR,c_TYR201,mut_s1,detail,1,25,QASCAWSPAPUKDI-UHFFFAOYNA-N,-8.938
PGR,c_TYR201,mut_s1,detail,1,26,WJZNKICGQZGRPQ-YHMJCDSINA-N,-6.404
PGR,c_TYR201,mut_s1,detail,1,27,ACKCEYIVRXUHDK-HCKMINDGNA-N,-8.399
PGR,c_TYR201,mut_s1,detail,1,28,GXKXWCKNQMYETG-UHFFFAOYNA-N,-8.826
PGR,c_TYR201,mut_s1,detail,1,29,QGTKEDSQUDRCEG-UHFFFAOYNA-N,-7.277
PGR,c_TYR201,mut_s1,detail,1,30,NYJUJIFSIDORSZ-LILDFLRNNA-N,-8.816
PGR,c_TYR201,mut_s1,detail,1,31,SCGGVBDHUNVGKR-VRGMUVNCNA-N,-9.536
PGR,c_TYR201,mut_s1,detail,1,32,ZWGVKWPZYUUFSB-YAQRNVERNA-N,-7.688
PGR,c_TYR201,mut_s1,detail,1,33,BCTONXHZFGFJIT-UHFFFAOYNA-N,-8.965
PGR,c_TYR201,mut_s1,detail,1,34,BIZAQLNMDJHGTL-HCKMINDGNA-N,-8.578
PGR,c_TYR201,mut_s1,detail,1,35,KZFYAEKGSRGKDQ-GPQMBLKYNA-N,-8.137
PGR,c_TYR201,mut_s1,detail,1,36,REZYNFOIWKOLBD-UHFFFAOYNA-N,-7.304
PGR,c_TYR201,mut_s1,detail,1,37,SDKQIECEJUFKHI-MUSVCJDDNA-N,-8.053
PGR,c_TYR201,mut_s1,detail,1,38,XUJSYVYKXBOYJP-JTQLQIEINA-N,-8.513
PGR,c_TYR201,mut_s1,detail,1,39,NVHKWMBHTXQWRP-NSFCMMSCNA-N,-8.068
PGR,c_TYR201,mut_s1,detail,1,40,AHYPQQDJTFMEJW-VGOFMYFVNA-N,-7.779
PGR,c_TYR201,mut_s1,detail,1,41,BGRJTUBHPOOWDU-QDYITYEQNA-N,-7.459
PGR,c_TYR201,mut_s1,detail,1,42,KJQORRCKEQRHKP-UHFFFAOYNA-N,-9.182
PGR,c_TYR201,mut_s1,detail,1,43,SJFPWWYCPGONOM-UHFFFAOYNA-N,-7.336
PGR,c_TYR201,mut_s1,detail,1,44,VEZJRJGLFIXQHG-KJQBJTEXNA-N,-8.207
PGR,c_TYR201,mut_s1,detail,1,45,VQXJTNXJSNLNEM-WYUMXYHSNA-N,-8.344
PGR,c_TYR201,mut_s1,detail,1,46,RWCDZKHBJGXNQH-UHFFFAOYNA-N,-8.595
PGR,c_TYR201,mut_s1,detail,1,47,JXOHPGXCMHDJOH-XQMQJMAZNA-N,-7.527
PGR,c_TYR201,mut_s1,detail,1,48,XNBZHZUOHMKIBH-UHFFFAOYNA-N,-7.357
PGR,c_TYR201,mut_s1,detail,1,49,VTEXVGQDUYFTHA-UHFFFAOYNA-N,-6.396
PGR,c_TYR201,mut_s1,detail,1,50,IUJLOAKJZQBENM-UHFFFAOYNA-N,-6.819
PGR,c_TYR201,mut_s1,detail,1,51,QHULAWVSDWNAPE-UHFFFAOYNA-N,-7.78
PGR,c_TYR201,mut_s1,detail,1,52,VGJKJRWFEYUOMP-YAQRNVERNA-N,-7.316
PGR,c_TYR201,mut_s1,detail,1,53,DDCFZIXVFUZWLX-UHFFFAOYNA-N,-8.147
PGR,c_TYR201,mut_s1,detail,1,54,OTCRWFSKWBSBLF-UHFFFAOYNA-N,-7.677
PGR,c_TYR201,mut_s1,detail,1,55,YFYMHQPNOSTLFF-XQMQJMAZNA-N,-7.616
PGR,c_TYR201,mut_s1,detail,1,56,DYMQNLJFFJCVBA-UHFFFAOYNA-N,-6.771
PGR,c_TYR201,mut_s1,detail,1,57,QERUYJGOUSNCOY-YHMJCDSINA-N,-7.255
PGR,c_TYR201,mut_s1,detail,1,58,VBKFPTDUXZKHJG-VNHYZAJKNA-N,-8.042
PGR,c_TYR201,mut_s1,detail,1,59,ZBEDJPDEINGEHM-UHFFFAOYNA-N,-6.223
PGR,c_TYR201,mut_s1,detail,1,60,LIEZHLXUCGSNOU-UHFFFAOYNA-N,-8.76
PGR,c_TYR201,mut_s1,detail,1,61,RROQODCMZSASRX-UHFFFAOYNA-N,-6.521
PGR,c_TYR201,mut_s1,detail,1,62,BPMAVTHRQBBTNZ-UYBDAZJANA-N,-8.653
PGR,c_TYR201,mut_s1,detail,1,63,ATKWLNSCJYLXPF-FICVDOATNA-N,-8.64
PGR,c_TYR201,mut_s1,detail,1,64,RLUBDGBLOPBNLZ-UHFFFAOYNA-N,-9.558
PGR,c_TYR201,mut_s1,detail,1,65,UVERTHXHNQWOMX-UHFFFAOYNA-N,-8.458
PGR,c_TYR201,mut_s1,detail,1,66,BPFYGTYAFCVUAQ-QWOVJGMINA-N,-8.969
PGR,c_TYR201,mut_s1,detail,1,67,ZODJKQULMZCUCT-PKSOQXRJNA-N,-8.37
PGR,c_TYR201,mut_s1,detail,1,68,WEZGTMJXSVLNML-MPIMZMORNA-N,-6.802
PGR,c_TYR201,mut_s1,detail,1,69,IGZPSIOZEAIYTH-UHFFFAOYNA-N,-9.338
PGR,c_TYR201,mut_s1,detail,1,70,YRVFOAARONPYKD-UHFFFAOYNA-N,-9.195
PGR,c_TYR201,mut_s1,detail,1,71,ZESNJJBGEWLRGV-KAKWUFLPNA-N,-8.387
PGR,c_TYR201,mut_s1,detail,1,72,PYCBHJYHBUOUCW-PKSOQXRJNA-N,-7.756
PGR,c_TYR201,mut_s1,detail,1,73,ABPSNZWEZWHADJ-GPQMBLKYNA-N,-9.316
PGR,c_TYR201,mut_s1,detail,1,74,WXDJXWILXCCWRK-UHFFFAOYNA-N,-7.951
PGR,c_TYR201,mut_s1,detail,1,75,VCRWHFFSQUYIOM-DDCYPFOINA-N,-7.106
PGR,c_TYR201,mut_s1,detail,1,76,JANVEQMYWYPFNU-RTAVDJSLNA-N,-7.831
PGR,c_TYR201,mut_s1,detail,1,77,IQLYJZGQMYCKRA-QWOVJGMINA-N,-8.855
PGR,c_TYR201,mut_s1,detail,1,78,CTAZJMUKYKCOMY-HVXXBKQBNA-N,-8.037
PGR,c_TYR201,mut_s1,detail,1,79,FXRIMHMLPNSELN-XBTAAFKLNA-N,-9.292
PGR,c_TYR201,mut_s1,detail,1,80,GEUQUSZFVWZXJI-UHFFFAOYNA-N,-8.949
PGR,c_TYR201,mut_s1,detail,1,81,AFGXLUJVZOJZCS-DVIAZDKANA-N,-9.658
PGR,c_TYR201,mut_s1,detail,1,82,QPNICESGZANARJ-MPIMZMORNA-N,-9.067
PGR,c_TYR201,mut_s1,detail,1,83,QFHCJULFNFFSDD-MPIMZMORNA-N,-8.444
PGR,c_TYR201,mut_s1,detail,1,84,MABJRAVWPUIQDD-GPQMBLKYNA-N,-7.276
PGR,c_TYR201,mut_s1,detail,1,85,KEULGNACOIQOLD-LILDFLRNNA-N,-8.536
PGR,c_TYR201,mut_s1,detail,1,86,PHUKSBWGYBHYCM-ZANVPECINA-N,-8.9
PGR,c_TYR201,mut_s1,detail,1,87,VBFJSECKEUOBIV-UYBDAZJANA-N,-8.522
PGR,c_TYR201,mut_s1,detail,1,88,VKOJWPSHQQXTMQ-AWQFTUOYNA-N,-9.687
PGR,c_TYR201,mut_s1,detail,1,89,WGGCYQHFLWUGKK-LNNLXFCONA-N,-10.611
PGR,c_TYR201,mut_s1,detail,1,90,SEESZUWDWXYFGB-HUUCEWRRNA-N,-8.579
PGR,c_TYR201,mut_s1,detail,1,91,SAOIUZZZCRDJIE-UYBDAZJANA-N,-8.656
PGR,c_TYR201,mut_s1,detail,1,92,LCZXUQMWBHAHOF-PKSOQXRJNA-N,-8.123
PGR,c_TYR201,mut_s1,detail,1,93,HJZRMYRSMHLBMM-UHFFFAOYNA-N,-7.576
PGR,c_TYR201,mut_s1,detail,1,94,NYIAMZTVDFGSMO-UHFFFAOYNA-N,-8.385
PGR,c_TYR201,mut_s1,detail,1,95,PBGALVWBACEVEC-QWOVJGMINA-N,-9.934
PGR,c_TYR201,mut_s1,detail,1,96,DDCGYKUGMMDSDD-PKSOQXRJNA-N,-9.372
PGR,c_TYR201,mut_s1,detail,1,97,IIROHAHLTGYHGV-UYBDAZJANA-N,-9.56
PGR,c_TYR201,mut_s1,detail,1,98,IQJXWGCMCSFZHI-LQFNOIFHNA-N,-8.94
PGR,c_TYR201,mut_s1,detail,1,99,OPSKQPYXZASNGA-QWOVJGMINA-N,-7.847
PGR,c_TYR201,mut_s1,detail,1,100,COHPEUUUDGXEPG-MPIMZMORNA-N,-10.188
PGR,c_TYR201,mut_s1,detail,1,101,LCLQRXYSCAZUJT-PKSOQXRJNA-N,-7.591
PGR,c_TYR201,mut_s1,detail,1,102,DMWUHECJQADMOM-PKSOQXRJNA-N,-9.652
PGR,c_TYR201,mut_s1,detail,1,103,RINYNDHGPMMUPG-UYBDAZJANA-N,-8.385
PGR,c_TYR201,mut_s1,detail,1,104,GWFMSEYHCOCBEH-UYBDAZJANA-N,-8.289
PGR,c_TYR201,mut_s1,detail,1,105,ZSYYKQAVTXERHH-LILDFLRNNA-N,-8.735
PGR,c_TYR201,mut_s1,detail,1,106,RFGLZFMBWWKYGX-UHFFFAOYNA-N,-8.208
PGR,c_TYR201,mut_s1,detail,1,107,ZCFXIPSPKDGCHW-HSJCKIQZNA-N,-8.028
PGR,c_TYR201,mut_s1,detail,1,108,OJBRUITYMUOMQJ-UYBDAZJANA-N,-8.793
PGR,c_TYR201,mut_s1,detail,1,109,QRQQRMCYDJTOMZ-IHYGWTSJNA-N,-9.6
PGR,c_TYR201,mut_s1,detail,1,110,UZYHGPCXMSFTKE-NPQUBYNZNA-N,-8.324
PGR,c_TYR201,mut_s1,detail,1,111,FKRLYCLDDLGGPB-HCKMINDGNA-N,-7.918
PGR,c_TYR201,mut_s1,detail,1,112,SJUXHCSNSGLKJD-UYBDAZJANA-N,-9.148
PGR,c_TYR201,mut_s1,detail,1,113,MDJMMLITJGVNQI-LILDFLRNNA-N,-7.883
PGR,c_TYR201,mut_s1,detail,1,114,LAKWSLSTUWRCOM-UHFFFAOYNA-N,-9.853
PGR,c_TYR201,mut_s1,detail,1,115,RZYYWEWDCWHDNZ-PKSOQXRJNA-N,-7.518
PGR,c_TYR201,mut_s1,detail,1,116,KSTQHOAVVBOECJ-PKSOQXRJNA-N,-8.847
PGR,c_TYR201,mut_s1,detail,1,117,LTBODPBDLZJCLH-UHFFFAOYNA-N,-10.147
PGR,c_TYR201,mut_s1,detail,1,118,YNPHZUYBOQPWKQ-UYBDAZJANA-N,-7.685
PGR,c_TYR201,mut_s1,detail,1,119,TZYCJGJZUSVUSB-UHFFFAOYNA-N,-7.183
PGR,c_TYR201,mut_s1,detail,1,120,YDEMTQMAWLEDQT-HPHMPNDVNA-N,-8.723
PGR,c_TYR201,mut_s1,detail,1,121,JJTMKAVMZRVHFW-JZJYNLBNNA-N,-8.576
PGR,c_TYR201,mut_s1,detail,1,122,UQILDYXMCYUCGV-MPIMZMORNA-N,-10.022
PGR,c_TYR201,mut_s1,detail,1,123,LRULJABSRXBARK-PKSOQXRJNA-N,-8.711
PGR,c_TYR201,mut_s1,detail,1,124,FDGMHVXFEWDBLE-GZNJHTOZNA-N,-8.061
PGR,c_TYR201,mut_s1,detail,1,125,MDPXBTVEVMPBMF-MRSUPTMINA-N,-8.895
PGR,c_TYR201,mut_s1,detail,1,126,PRDMNBQAHOVKAV-UHFFFAOYNA-N,-10.46
PGR,c_TYR201,mut_s1,detail,1,127,OBAYJABSUJXLMA-HCKMINDGNA-N,-8.025
PGR,c_TYR201,mut_s1,detail,1,128,HLMWKCMXNWJGGO-VNHAUOCNNA-N,-9.836
PGR,c_TYR201,mut_s1,detail,1,129,ZWXZFCRRFQRJPF-QWOVJGMINA-N,-9.531
PGR,c_TYR201,mut_s1,detail,1,130,IXUSJKAERUMZME-NBNNRKRINA-N,-9.679
PGR,c_TYR201,mut_s1,detail,1,131,WDVACORMOUBMRH-NPQUBYNZNA-N,-8.851
PGR,c_TYR201,mut_s1,detail,1,132,UXLJJGBAQOYQMV-UHFFFAOYNA-N,-10.332
PGR,c_TYR201,mut_s1,detail,1,133,RWPNUXJCHLIEDT-UHFFFAOYNA-N,-9.228
PGR,c_TYR201,mut_s1,detail,1,134,BTCLKPCIIFOYHE-KRMNUSLJNA-N,-8.81
PGR,c_TYR201,mut_s1,detail,1,135,IGYZXGKFEXFDBK-SPEPDGBUNA-N,-9.692
PGR,c_TYR201,mut_s1,detail,1,136,RUKFQFDSWPNHGL-LNNLXFCONA-N,-9.304
PGR,c_TYR201,mut_s1,detail,1,137,QTHMBVGZTPOODZ-FVJBVQDQNA-N,-9.244
PGR,c_TYR201,mut_s1,detail,1,138,BLQYVHBZHAISJM-LSHAIWFFNA-N,-7.506
PGR,c_TYR201,mut_s1,detail,1,139,WMDYKLMOCCOUEL-SACSUSJJNA-N,-10.638
PGR,c_TYR201,mut_s1,detail,1,140,LEVPVCOKBQEXMQ-MPIMZMORNA-N,-10.06
PGR,c_TYR201,mut_s1,detail,1,141,YYDFYJDBXOSJHE-WBMJQRKENA-N,-10.691
PGR,c_TYR201,mut_s1,detail,1,142,NFXJPCKVPBXSDH-LQFNOIFHNA-N,-8.998
PGR,c_TYR201,mut_s1,detail,1,143,KAUHJCPWWQWSJV-LELJVTLKNA-N,-8.975
PGR,c_TYR201,mut_s1,detail,1,144,NVZSQUSTRBKANP-YIVFFDRWNA-N,-8.469
PGR,c_TYR201,mut_s1,detail,1,145,WIKNISOFBKUYKR-LBOYIXSDNA-N,-7.416
PGR,c_TYR201,mut_s1,detail,1,146,AQIYGSAXYBBKKP-LNNLXFCONA-N,-9.537
PGR,c_TYR201,mut_s1,detail,1,147,TWKQKOFHSPYVSG-LQFNOIFHNA-N,-9.277
PGR,c_TYR201,mut_s1,detail,1,148,LVWSKXKIFXRKQJ-QWOVJGMINA-N,-8.653
PGR,c_TYR201,mut_s1,detail,1,149,BBBUKQRTMPJLSL-FHIWLMNKNA-N,-7.894
PGR,c_TYR201,mut_s1,detail,1,150,SCECNMVMCCDVHC-UHFFFAOYNA-N,-9.595
PGR,c_TYR201,mut_s1,detail,1,151,OLMVVVWTBFULHB-HXTKINSTNA-N,-9.773
PGR,c_TYR201,mut_s1,detail,1,152,BJXFHKHIABEKFL-HXTKINSTNA-N,-8.613
PGR,c_TYR201,mut_s1,detail,1,153,GMYAIAZTDBDYGE-UHFFFAOYNA-N,-10.111
PGR,c_TYR201,mut_s1,detail,1,154,OMIWVZGQMXEZLZ-UHFFFAOYNA-N,-9.423
PGR,c_TYR201,mut_s1,detail,1,155,SFQDUATXFZWGHZ-UHFFFAOYNA-N,-7.259
PGR,c_TYR201,mut_s1,detail,1,156,AMRCHQSZZXWZBI-UHFFFAOYNA-N,-6.053
PGR,c_TYR201,mut_s1,detail,1,157,PDKBGLXLXHGRIF-UHFFFAOYNA-N,-8.994
PGR,c_TYR201,mut_s1,detail,1,158,IMPCJHDDDAGSIP-UHFFFAOYNA-N,-8.275
PGR,c_TYR201,mut_s1,detail,1,159,QKASSONCRIQFQE-UHFFFAOYNA-N,-9.734
PGR,c_TYR201,mut_s1,detail,1,160,RBPSUSGZEBUPLW-LELJVTLKNA-N,-10.074
PGR,c_TYR201,mut_s1,detail,1,161,IZMNNUPSRDMEKL-LICXQBBSNA-N,-8.653
PGR,c_TYR201,mut_s1,detail,1,162,PAVNRYHGSYWSPV-MPIMZMORNA-N,-8.552
PGR,c_TYR201,mut_s1,detail,1,163,TZXYYVHNWAKJLI-UHFFFAOYNA-N,-8.022
PGR,c_TYR201,mut_s1,detail,1,164,HNOCRTTZBPUBHY-UHFFFAOYNA-N,-10.246
PGR,c_TYR201,mut_s1,detail,1,165,WMPZPNIPTZCCJK-PKSOQXRJNA-N,-7.571
PGR,c_TYR201,mut_s1,detail,1,166,OBPAOULTANNRFC-QWOVJGMINA-N,-8.129
PGR,c_TYR201,mut_s1,detail,1,167,UCJOWIKNRBWRAB-UHFFFAOYNA-N,-9.174
PGR,c_TYR201,mut_s1,detail,1,168,GFKDVMSTTKOYOX-QCVZTBOQNA-N,-9.952
PGR,c_TYR201,mut_s1,detail,1,169,BAEJDWKEKZSULN-UHFFFAOYNA-N,-6.734
PGR,c_TYR201,mut_s1,detail,1,170,KZUDVENDSUODSU-LQFNOIFHNA-N,-9.118
PGR,c_TYR201,mut_s1,detail,1,171,HBYPDVHGDKCNMT-DVIAZDKANA-N,-10.311
PGR,c_TYR201,mut_s1,detail,1,172,PMUHFTCPDVPMRF-LELJVTLKNA-N,-11.072
PGR,c_TYR201,mut_s1,detail,1,173,XIYSICLOFPYCTK-ZVWSISBDNA-N,-8.81
PGR,c_TYR201,mut_s1,detail,1,174,CFOFCUAQALFPIW-HPRFPMAVNA-N,-9.853
PGR,c_TYR201,mut_s1,detail,1,175,ZNBMRULRQJAJNW-IRIILVJRNA-N,-9.424
PGR,c_TYR201,mut_s1,detail,1,176,RSQKKNPJKLBGPF-DVIAZDKANA-N,-8.434
PGR,c_TYR201,mut_s1,detail,1,177,UIYRVVZHZVHONZ-QWOVJGMINA-N,-9.611
PGR,c_TYR201,mut_s1,detail,1,178,RNCGDYFDZJIQTQ-UHFFFAOYNA-N,-9.482
PGR,c_TYR201,mut_s1,detail,1,179,QOWFNZNDIAKQKO-QFIPXVFZNA-N,-8.513
PGR,c_TYR201,mut_s1,detail,1,180,FIPNXDSUMLBDQK-LQFNOIFHNA-N,-9.056
PGR,c_TYR201,mut_s1,detail,1,181,NHFGNUVGTDMGKX-UHFFFAOYNA-N,-9.402
PGR,c_TYR201,mut_s1,detail,1,182,RNBGNITZKVUDSK-YFMNGRKDNA-N,-7.37
PGR,c_TYR201,mut_s1,detail,1,183,CPEKPARXQVWWJD-IAXKEJLGNA-N,-6.102
PGR,c_TYR201,mut_s1,detail,1,184,IEAABJYVWXHFOX-MPIMZMORNA-N,-8.674
PGR,c_TYR201,mut_s1,detail,1,185,DSNCXRXGMZSRBV-GOSISDBHNA-N,-9.873
PGR,c_TYR201,mut_s1,detail,1,186,DOVTZHSQYCZIIX-MPIMZMORNA-N,-8.376
PGR,c_TYR201,mut_s1,detail,1,187,BKYWKCMMWRHBGX-SPEPDGBUNA-N,-8.245
PGR,c_TYR201,mut_s1,detail,1,188,MTRHSIOVVWFAOM-MPIMZMORNA-N,-9.417
PGR,c_TYR201,mut_s1,detail,1,189,VZLVPTSUFJDRRQ-LELJVTLKNA-N,-8.993
PGR,c_TYR201,mut_s1,detail,1,190,FJYPQTWLGSEZAE-UNEGGNDLNA-N,-8.935
PGR,c_TYR201,mut_s1,detail,1,191,FOJSFYSVCCQUQP-VVKINWOJNA-N,-8.328
PGR,c_TYR201,mut_s1,detail,1,192,SULPKNWDXWJTHQ-GCNJZUOMNA-N,-6.054
PGR,c_TYR201,mut_s1,detail,1,193,JTPAQMOUZGIORE-UHFFFAOYNA-N,-9.782
PGR,c_TYR201,mut_s1,detail,1,194,KRFPGHLUAFZMRZ-TYOBWDGZNA-N,-8.381
PGR,c_TYR201,mut_s1,detail,1,195,TVZGACDUOSZQKY-XBGCRKGSNA-N,-8.903
PGR,c_TYR201,mut_s1,detail,1,196,CXDZGSNFZYGQSZ-PKRZOPRNNA-N,-9.9
PGR,c_TYR201,mut_s1,detail,1,197,FBZYWIMLLHPUPX-VJSLDGLSNA-N,-8.965
PGR,c_TYR201,mut_s1,detail,1,198,HKJNKURRZRPPMK-MDXLESTANA-N,-7.736
PGR,c_TYR201,mut_s1,detail,1,199,DVAPEEIVFMOBQW-SLSKDPHBNA-N,-8.775
PGR,c_TYR201,mut_s1,detail,1,200,SVDIZPBCTLXSOH-LNNLXFCONA-N,-8.802
PGR,c_TYR201,mut_s1,detail,1,201,NDXCWKMYPWRPDY-NUCQJGHSNA-N,-8.143
PGR,c_TYR201,mut_s1,detail,1,202,VXHUMLIJAQHWIX-CRNXEPDINA-N,-9.381
PGR,c_TYR201,mut_s1,detail,1,203,KBZDVXICPAJAAT-LNNLXFCONA-N,-7.827
PGR,c_TYR201,mut_s1,detail,1,204,DVFDTYFATLFXHU-WOPMAMTRNA-N,-8.891
PGR,c_TYR201,mut_s1,detail,1,205,WURBKQGAFSESKZ-MPIMZMORNA-N,-9.152
PGR,c_TYR201,mut_s1,detail,1,206,LXGVFBXRKSCESU-UWUUZOGGNA-N,-9.431
PGR,c_TYR201,mut_s1,detail,1,207,CQWFJACPUQVVQZ-UHFFFAOYNA-N,-6.959
PGR,c_TYR201,mut_s1,detail,1,208,FEZAUPQJLJCQHD-XRJCTRHONA-N,-10.993
PGR,c_TYR201,mut_s1,detail,1,209,IDKGPACCMPKKQB-LIPPOORTNA-N,-9.255
PGR,c_TYR201,mut_s1,detail,1,210,PEPJPELNFRAZNQ-LKHHGCNMNA-N,-10.137
PGR,c_TYR201,mut_s1,detail,1,211,GRUWUINXLANFJE-LBOYIXSDNA-N,-8.004
PGR,c_TYR201,mut_s1,detail,1,212,RTFGYBAMFJVGHJ-UHFFFAOYNA-N,-8.462
PGR,c_TYR201,mut_s1,detail,1,213,LYJNRGFCMLOFNV-HIVOMVAKNA-N,-6.913
PGR,c_TYR201,mut_s1,detail,1,214,MKDSWBAEXGFAEE-LBOYIXSDNA-N,-9.076
PGR,c_TYR201,mut_s1,detail,1,215,NSLNDONZYBNSFU-ASVXZIMGNA-N,-9.234
PGR,c_TYR201,mut_s1,detail,1,216,HUDCDZLLNLJTEW-RBSQRGBYNA-N,-9.387
PGR,c_TYR201,mut_s1,detail,1,217,OFRDBFMZCXXKAH-LBOYIXSDNA-N,-9.936
PGR,c_TYR201,mut_s1,detail,1,218,NSLGAHAKEFYCED-PELNGNISNA-N,-8.738
PGR,c_TYR201,mut_s1,detail,1,219,QLSURSTUZJVSGU-NSJMMFDCNA-N,-10.32
PGR,c_TYR201,mut_s1,detail,1,220,CXLYWVWLNDGNIU-VEORKLDJNA-N,-8.724
PGR,c_TYR201,mut_s1,detail,1,221,RHIJMDNVEPLDED-UHFFFAOYNA-N,-8.519
PGR,c_TYR201,mut_s1,detail,1,222,YNUXXMJVZSTPFZ-CSKMVECVNA-N,-9.16
PGR,c_TYR201,mut_s1,detail,1,223,ILWOOGUHZKNTQQ-DNVCBOLYNA-N,-10.078
PGR,c_TYR201,mut_s1,detail,1,224,CARWTONHZWZDHZ-XIPNIRHDNA-N,-7.581
PGR,c_TYR201,mut_s1,detail,1,225,OSMWANBXVVPETF-HTBVCZPNNA-N,-10.518
PGR,c_TYR201,mut_s1,detail,1,226,KCNVHXJEALIYQI-PCRUTULWNA-N,-7.704
PGR,c_TYR201,mut_s1,detail,1,227,FPUDFDKQGXUBJA-QQXSKIMKNA-N,-9.274
PGR,c_TYR201,mut_s1,detail,1,228,MQWZYEDJGHLFFI-VJSLDGLSNA-N,-10.49
PGR,c_TYR201,mut_s1,detail,1,229,YPTIEFMKXZIMKO-LNNLXFCONA-N,-10.189
PGR,c_TYR201,mut_s1,detail,1,230,MWIZLUKLQZEFBC-LKHHGCNMNA-N,-9.479
PGR,c_TYR201,mut_s1,detail,1,231,PMNZCFDKKKLFHH-LBOYIXSDNA-N,-10.103
PGR,c_TYR201,mut_s1,detail,1,232,NELOFNHVEWRSBT-OKPOJWAQNA-N,-9.363
PGR,c_TYR201,mut_s1,detail,1,233,VCXACHHEDDVKAY-SREBMQDQNA-N,-8.496
PGR,c_TYR201,mut_s1,detail,1,234,KWJVADNYZMUTJY-IPYVVANSNA-N,-10.257
PGR,c_TYR201,mut_s1,detail,1,235,LLQAFRKQJAOAMO-XGEXJYLCNA-N,-7.304
PGR,c_TYR201,mut_s1,detail,1,236,VCAMVXBSKDFRFE-LNNLXFCONA-N,-7.545
PGR,c_TYR201,mut_s1,detail,1,237,QXIHUBWNLRPDRU-UHFFFAOYNA-N,-10.454
PGR,c_TYR201,mut_s1,detail,1,238,JUXOLKXMOLRWLC-MPIMZMORNA-N,-7.987
PGR,c_TYR201,mut_s1,detail,1,239,SQTIAXOMFTYLLF-QVYQQCQZNA-N,-9.595
PGR,c_TYR201,mut_s1,detail,1,240,BJSKDMOWRPAVMK-UHFFFAOYNA-N,-10.201
PGR,c_TYR201,mut_s1,detail,1,241,VRQPEWWROOGXLL-VJSLDGLSNA-N,-7.988
PGR,c_TYR201,mut_s1,detail,1,242,IXNOFPXGSKSKJH-HXTKINSTNA-N,-10.393
PGR,c_TYR201,mut_s1,detail,1,243,BMCFOHNLKRIWMC-UHFFFAOYNA-N,-8.114
PGR,c_TYR201,mut_s1,detail,1,244,FLFMKNMHDFIWDB-PJQSKVNONA-N,-8.998
PGR,c_TYR201,mut_s1,detail,1,245,JJLXVLWPUFIUBC-IGBJZSFZNA-N,-9.055
PGR,c_TYR201,mut_s1,detail,1,246,ZXCSBCTVTJFLOZ-JUEKIJOLNA-N,-8.148
PGR,c_TYR201,mut_s1,detail,1,247,LCSLDZZBWHBLFA-UHFFFAOYNA-N,-7.999
PGR,c_TYR201,mut_s1,detail,1,248,CAVTYMQSFAIXRJ-AKXZRBJUNA-N,-5.342
PGR,c_TYR201,mut_s1,detail,1,249,UFXJYIXRQNBEDW-UHFFFAOYNA-N,-8.502
PGR,c_TYR201,mut_s1,detail,1,250,HWIAWSLSCZUKKA-SFHVURJKNA-N,-9.022
PGR,c_TYR201,mut_s1,detail,1,251,MYHQHPUWOWUUQI-ZELWXOMMNA-N,-8.872
PGR,c_TYR201,mut_s1,detail,1,252,GWNRIUBPBWOQGT-UHFFFAOYNA-N,-9.058
PGR,c_TYR201,mut_s1,detail,1,253,YCWRQUXRVNLWEM-LELJVTLKNA-N,-9.149
PGR,c_TYR201,mut_s1,detail,1,254,DMRFDXBCAQFSFQ-UYLYIRGYNA-N,-9.525
PGR,c_TYR201,mut_s1,detail,1,255,XCZDGLYGEYYXKS-UWLQQCCWNA-N,-9.344
PGR,c_MET220,mut_s1,detail,1,0,UDJUXZQGNCUDQR-LILDFLRNNA-N,-8.356
PGR,c_MET220,mut_s1,detail,1,1,GANVJBSNVYJUKL-UHFFFAOYNA-N,-7.095
PGR,c_MET220,mut_s1,detail,1,2,RUBHNPNCPXGKIE-YAQRNVERNA-N,-6.816
PGR,c_MET220,mut_s1,detail,1,3,JYSICDMWNXGPIM-XLPACQNMNA-N,-6.83
PGR,c_MET220,mut_s1,detail,1,4,KZDPKDSPDUVHGB-GAJRPKRDNA-N,-7.556
PGR,c_MET220,mut_s1,detail,1,5,GQKJQNXSSQKJGW-HCKMINDGNA-N,-8.135
PGR,c_MET220,mut_s1,detail,1,6,HJRUOZFNPQVNSF-MNIXEANVNA-N,-8.476
PGR,c_MET220,mut_s1,detail,1,7,ALUOSUMBVMLDKR-UHFFFAOYNA-N,-9.261
PGR,c_MET220,mut_s1,detail,1,8,QMQNUSSPTHZCGT-UYBDAZJANA-N,-9.14
PGR,c_MET220,mut_s1,detail,1,9,UEZBMIQIUOTBJT-UYBDAZJANA-N,-7.878
PGR,c_MET220,mut_s1,detail,1,10,ICZZTNOOMSQNCH-UHFFFAOYNA-N,-7.256
PGR,c_MET220,mut_s1,detail,1,11,AMOFQKAIXTYZIZ-NPVYFSBINA-N,-7.373
PGR,c_MET220,mut_s1,detail,1,12,IZOPLHPCKOSQQN-UHFFFAOYNA-N,-8.043
PGR,c_MET220,mut_s1,detail,1,13,OFZZZJLWPKOLIX-GPQMBLKYNA-N,-8.293
PGR,c_MET220,mut_s1,detail,1,14,BXADTFNFCCRMQU-UHFFFAOYNA-N,-7.052
PGR,c_MET220,mut_s1,detail,1,15,PKQDOSZHMAIBHQ-GPQMBLKYNA-N,-9.098
PGR,c_MET220,mut_s1,detail,1,16,JLTFAWOGGLXAFU-UHFFFAOYNA-N,-7.92
PGR,c_MET220,mut_s1,detail,1,17,QYACKAORZRQPTE-UHFFFAOYNA-N,-7.174
PGR,c_MET220,mut_s1,detail,1,18,FFJKVRCOUHEYOK-YAQRNVERNA-N,-7.462
PGR,c_MET220,mut_s1,detail,1,19,MFTSRMJYWLCCSA-GHRIWEEINA-N,-8.577
PGR,c_MET220,mut_s1,detail,1,20,NDRMSISLKTZBKD-HCKMINDGNA-N,-7.839
PGR,c_MET220,mut_s1,detail,1,21,APGSUVBRVVNRPJ-UHFFFAOYNA-N,-8.221
PGR,c_MET220,mut_s1,detail,1,22,MTIGVNBPQVLRLS-XQMQJMAZNA-N,-7.24
PGR,c_MET220,mut_s1,detail,1,23,WIWDZNZJLUFUSQ-GSIAOYINNA-N,-8.398
PGR,c_MET220,mut_s1,detail,1,24,WVJSLMIKTFBTBO-WVMALLHKNA-N,-7.309
PGR,c_MET220,mut_s1,detail,1,25,QASCAWSPAPUKDI-UHFFFAOYNA-N,-7.406
PGR,c_MET220,mut_s1,detail,1,26,WJZNKICGQZGRPQ-YHMJCDSINA-N,-6.814
PGR,c_MET220,mut_s1,detail,1,27,ACKCEYIVRXUHDK-HCKMINDGNA-N,-8.021
PGR,c_MET220,mut_s1,detail,1,28,GXKXWCKNQMYETG-UHFFFAOYNA-N,-9.141
PGR,c_MET220,mut_s1,detail,1,29,QGTKEDSQUDRCEG-UHFFFAOYNA-N,-7.339
PGR,c_MET220,mut_s1,detail,1,30,NYJUJIFSIDORSZ-LILDFLRNNA-N,-8.849
PGR,c_MET220,mut_s1,detail,1,31,SCGGVBDHUNVGKR-VRGMUVNCNA-N,-9.712
PGR,c_MET220,mut_s1,detail,1,32,ZWGVKWPZYUUFSB-YAQRNVERNA-N,-7.198
PGR,c_MET220,mut_s1,detail,1,33,BCTONXHZFGFJIT-UHFFFAOYNA-N,-8.819
PGR,c_MET220,mut_s1,detail,1,34,BIZAQLNMDJHGTL-HCKMINDGNA-N,-8.074
PGR,c_MET220,mut_s1,detail,1,35,KZFYAEKGSRGKDQ-GPQMBLKYNA-N,-7.962
PGR,c_MET220,mut_s1,detail,1,36,REZYNFOIWKOLBD-UHFFFAOYNA-N,-7.554
PGR,c_MET220,mut_s1,detail,1,37,SDKQIECEJUFKHI-MUSVCJDDNA-N,-7.979
PGR,c_MET220,mut_s1,detail,1,38,XUJSYVYKXBOYJP-JTQLQIEINA-N,-8.821
PGR,c_MET220,mut_s1,detail,1,39,NVHKWMBHTXQWRP-NSFCMMSCNA-N,-8.224
PGR,c_MET220,mut_s1,detail,1,40,AHYPQQDJTFMEJW-VGOFMYFVNA-N,-7.767
PGR,c_MET220,mut_s1,detail,1,41,BGRJTUBHPOOWDU-QDYITYEQNA-N,-7.433
PGR,c_MET220,mut_s1,detail,1,42,KJQORRCKEQRHKP-UHFFFAOYNA-N,-9.349
PGR,c_MET220,mut_s1,detail,1,43,SJFPWWYCPGONOM-UHFFFAOYNA-N,-7.68
PGR,c_MET220,mut_s1,detail,1,44,VEZJRJGLFIXQHG-KJQBJTEXNA-N,-8.613
PGR,c_MET220,mut_s1,detail,1,45,VQXJTNXJSNLNEM-WYUMXYHSNA-N,-8.87
PGR,c_MET220,mut_s1,detail,1,46,RWCDZKHBJGXNQH-UHFFFAOYNA-N,-7.715
PGR,c_MET220,mut_s1,detail,1,47,JXOHPGXCMHDJOH-XQMQJMAZNA-N,-7.347
PGR,c_MET220,mut_s1,detail,1,48,XNBZHZUOHMKIBH-UHFFFAOYNA-N,-7.524
PGR,c_MET220,mut_s1,detail,1,49,VTEXVGQDUYFTHA-UHFFFAOYNA-N,-6.787
PGR,c_MET220,mut_s1,detail,1,50,IUJLOAKJZQBENM-UHFFFAOYNA-N,-7.155
PGR,c_MET220,mut_s1,detail,1,51,QHULAWVSDWNAPE-UHFFFAOYNA-N,-7.365
PGR,c_MET220,mut_s1,detail,1,52,VGJKJRWFEYUOMP-YAQRNVERNA-N,-7.299
PGR,c_MET220,mut_s1,detail,1,53,DDCFZIXVFUZWLX-UHFFFAOYNA-N,-8.442
PGR,c_MET220,mut_s1,detail,1,54,OTCRWFSKWBSBLF-UHFFFAOYNA-N,-7.651
PGR,c_MET220,mut_s1,detail,1,55,YFYMHQPNOSTLFF-XQMQJMAZNA-N,-7.468
PGR,c_MET220,mut_s1,detail,1,56,DYMQNLJFFJCVBA-UHFFFAOYNA-N,-7.033
PGR,c_MET220,mut_s1,detail,1,57,QERUYJGOUSNCOY-YHMJCDSINA-N,-7.75
PGR,c_MET220,mut_s1,detail,1,58,VBKFPTDUXZKHJG-VNHYZAJKNA-N,-8.029
PGR,c_MET220,mut_s1,detail,1,59,ZBEDJPDEINGEHM-UHFFFAOYNA-N,-6.314
PGR,c_MET220,mut_s1,detail,1,60,LIEZHLXUCGSNOU-UHFFFAOYNA-N,-8.899
PGR,c_MET220,mut_s1,detail,1,61,RROQODCMZSASRX-UHFFFAOYNA-N,-6.705
PGR,c_MET220,mut_s1,detail,1,62,BPMAVTHRQBBTNZ-UYBDAZJANA-N,-9.025
PGR,c_MET220,mut_s1,detail,1,63,ATKWLNSCJYLXPF-FICVDOATNA-N,-8.93
PGR,c_MET220,mut_s1,detail,1,64,RLUBDGBLOPBNLZ-UHFFFAOYNA-N,-9.09
PGR,c_MET220,mut_s1,detail,1,65,UVERTHXHNQWOMX-UHFFFAOYNA-N,-8.487
PGR,c_MET220,mut_s1,detail,1,66,BPFYGTYAFCVUAQ-QWOVJGMINA-N,-8.239
PGR,c_MET220,mut_s1,detail,1,67,ZODJKQULMZCUCT-PKSOQXRJNA-N,-7.657
PGR,c_MET220,mut_s1,detail,1,68,WEZGTMJXSVLNML-MPIMZMORNA-N,-6.376
PGR,c_MET220,mut_s1,detail,1,69,IGZPSIOZEAIYTH-UHFFFAOYNA-N,-8.589
PGR,c_MET220,mut_s1,detail,1,70,YRVFOAARONPYKD-UHFFFAOYNA-N,-8.933
PGR,c_MET220,mut_s1,detail,1,71,ZESNJJBGEWLRGV-KAKWUFLPNA-N,-9.707
PGR,c_MET220,mut_s1,detail,1,72,PYCBHJYHBUOUCW-PKSOQXRJNA-N,-7.602
PGR,c_MET220,mut_s1,detail,1,73,ABPSNZWEZWHADJ-GPQMBLKYNA-N,-7.258
PGR,c_MET220,mut_s1,detail,1,74,WXDJXWILXCCWRK-UHFFFAOYNA-N,-7.92
PGR,c_MET220,mut_s1,detail,1,75,VCRWHFFSQUYIOM-DDCYPFOINA-N,-6.909
PGR,c_MET220,mut_s1,detail,1,76,JANVEQMYWYPFNU-RTAVDJSLNA-N,-6.797
PGR,c_MET220,mut_s1,detail,1,77,IQLYJZGQMYCKRA-QWOVJGMINA-N,-8.106
PGR,c_MET220,mut_s1,detail,1,78,CTAZJMUKYKCOMY-HVXXBKQBNA-N,-7.708
PGR,c_MET220,mut_s1,detail,1,79,FXRIMHMLPNSELN-XBTAAFKLNA-N,-6.761
PGR,c_MET220,mut_s1,detail,1,80,GEUQUSZFVWZXJI-UHFFFAOYNA-N,-7.849
PGR,c_MET220,mut_s1,detail,1,81,AFGXLUJVZOJZCS-DVIAZDKANA-N,-7.114
PGR,c_MET220,mut_s1,detail,1,82,QPNICESGZANARJ-MPIMZMORNA-N,-8.935
PGR,c_MET220,mut_s1,detail,1,83,QFHCJULFNFFSDD-MPIMZMORNA-N,-6.844
PGR,c_MET220,mut_s1,detail,1,84,MABJRAVWPUIQDD-GPQMBLKYNA-N,-7.261
PGR,c_MET220,mut_s1,detail,1,85,KEULGNACOIQOLD-LILDFLRNNA-N,-7.059
PGR,c_MET220,mut_s1,detail,1,86,PHUKSBWGYBHYCM-ZANVPECINA-N,-8.136
PGR,c_MET220,mut_s1,detail,1,87,VBFJSECKEUOBIV-UYBDAZJANA-N,-7.228
PGR,c_MET220,mut_s1,detail,1,88,VKOJWPSHQQXTMQ-AWQFTUOYNA-N,-8.835
PGR,c_MET220,mut_s1,detail,1,89,WGGCYQHFLWUGKK-LNNLXFCONA-N,-8.798
PGR,c_MET220,mut_s1,detail,1,90,SEESZUWDWXYFGB-HUUCEWRRNA-N,-6.822
PGR,c_MET220,mut_s1,detail,1,91,SAOIUZZZCRDJIE-UYBDAZJANA-N,-6.181
PGR,c_MET220,mut_s1,detail,1,92,LCZXUQMWBHAHOF-PKSOQXRJNA-N,-8.172
PGR,c_MET220,mut_s1,detail,1,93,HJZRMYRSMHLBMM-UHFFFAOYNA-N,-6.443
PGR,c_MET220,mut_s1,detail,1,94,NYIAMZTVDFGSMO-UHFFFAOYNA-N,-7.969
PGR,c_MET220,mut_s1,detail,1,95,PBGALVWBACEVEC-QWOVJGMINA-N,-6.64
PGR,c_MET220,mut_s1,detail,1,96,DDCGYKUGMMDSDD-PKSOQXRJNA-N,-6.947
PGR,c_MET220,mut_s1,detail,1,97,IIROHAHLTGYHGV-UYBDAZJANA-N,-9.197
PGR,c_MET220,mut_s1,detail,1,98,IQJXWGCMCSFZHI-LQFNOIFHNA-N,-6.304
PGR,c_MET220,mut_s1,detail,1,99,OPSKQPYXZASNGA-QWOVJGMINA-N,-6.382
PGR,c_MET220,mut_s1,detail,1,100,COHPEUUUDGXEPG-MPIMZMORNA-N,-6.798
PGR,c_MET220,mut_s1,detail,1,101,LCLQRXYSCAZUJT-PKSOQXRJNA-N,-7.066
PGR,c_MET220,mut_s1,detail,1,102,DMWUHECJQADMOM-PKSOQXRJNA-N,-7.878
PGR,c_MET220,mut_s1,detail,1,103,RINYNDHGPMMUPG-UYBDAZJANA-N,-7.936
PGR,c_MET220,mut_s1,detail,1,104,GWFMSEYHCOCBEH-UYBDAZJANA-N,-7.908
PGR,c_MET220,mut_s1,detail,1,105,ZSYYKQAVTXERHH-LILDFLRNNA-N,-6.371
PGR,c_MET220,mut_s1,detail,1,106,RFGLZFMBWWKYGX-UHFFFAOYNA-N,-8.009
PGR,c_MET220,mut_s1,detail,1,107,ZCFXIPSPKDGCHW-HSJCKIQZNA-N,-6.914
PGR,c_MET220,mut_s1,detail,1,108,OJBRUITYMUOMQJ-UYBDAZJANA-N,-6.68
PGR,c_MET220,mut_s1,detail,1,109,QRQQRMCYDJTOMZ-IHYGWTSJNA-N,-8.932
PGR,c_MET220,mut_s1,detail,1,110,UZYHGPCXMSFTKE-NPQUBYNZNA-N,-8.052
PGR,c_MET220,mut_s1,detail,1,111,FKRLYCLDDLGGPB-HCKMINDGNA-N,-5.751
PGR,c_MET220,mut_s1,detail,1,112,SJUXHCSNSGLKJD-UYBDAZJANA-N,-7.003
PGR,c_MET220,mut_s1,detail,1,113,MDJMMLITJGVNQI-LILDFLRNNA-N,-6.687
PGR,c_MET220,mut_s1,detail,1,114,LAKWSLSTUWRCOM-UHFFFAOYNA-N,-8.99
PGR,c_MET220,mut_s1,detail,1,115,RZYYWEWDCWHDNZ-PKSOQXRJNA-N,-6.761
PGR,c_MET220,mut_s1,detail,1,116,KSTQHOAVVBOECJ-PKSOQXRJNA-N,-7.18
PGR,c_MET220,mut_s1,detail,1,117,LTBODPBDLZJCLH-UHFFFAOYNA-N,-8.867
PGR,c_MET220,mut_s1,detail,1,118,YNPHZUYBOQPWKQ-UYBDAZJANA-N,-8.041
PGR,c_MET220,mut_s1,detail,1,119,TZYCJGJZUSVUSB-UHFFFAOYNA-N,-6.311
PGR,c_MET220,mut_s1,detail,1,120,YDEMTQMAWLEDQT-HPHMPNDVNA-N,-6.991
PGR,c_MET220,mut_s1,detail,1,121,JJTMKAVMZRVHFW-JZJYNLBNNA-N,-8.571
PGR,c_MET220,mut_s1,detail,1,122,UQILDYXMCYUCGV-MPIMZMORNA-N,-7.233
PGR,c_MET220,mut_s1,detail,1,123,LRULJABSRXBARK-PKSOQXRJNA-N,-6.605
PGR,c_MET220,mut_s1,detail,1,124,FDGMHVXFEWDBLE-GZNJHTOZNA-N,-7.247
PGR,c_MET220,mut_s1,detail,1,125,MDPXBTVEVMPBMF-MRSUPTMINA-N,-7.559
PGR,c_MET220,mut_s1,detail,1,126,PRDMNBQAHOVKAV-UHFFFAOYNA-N,-8.836
PGR,c_MET220,mut_s1,detail,1,127,OBAYJABSUJXLMA-HCKMINDGNA-N,-7.677
PGR,c_MET220,mut_s1,detail,1,128,HLMWKCMXNWJGGO-VNHAUOCNNA-N,-6.807
PGR,c_MET220,mut_s1,detail,1,129,ZWXZFCRRFQRJPF-QWOVJGMINA-N,-7.14
PGR,c_MET220,mut_s1,detail,1,130,IXUSJKAERUMZME-NBNNRKRINA-N,-8.589
PGR,c_MET220,mut_s1,detail,1,131,WDVACORMOUBMRH-NPQUBYNZNA-N,-7.133
PGR,c_MET220,mut_s1,detail,1,132,UXLJJGBAQOYQMV-UHFFFAOYNA-N,-7.992
PGR,c_MET220,mut_s1,detail,1,133,RWPNUXJCHLIEDT-UHFFFAOYNA-N,-6.53
PGR,c_MET220,mut_s1,detail,1,134,BTCLKPCIIFOYHE-KRMNUSLJNA-N,-6.996
PGR,c_MET220,mut_s1,detail,1,135,IGYZXGKFEXFDBK-SPEPDGBUNA-N,-9.654
PGR,c_MET220,mut_s1,detail,1,136,RUKFQFDSWPNHGL-LNNLXFCONA-N,-6.62
PGR,c_MET220,mut_s1,detail,1,137,QTHMBVGZTPOODZ-FVJBVQDQNA-N,-8.373
PGR,c_MET220,mut_s1,detail,1,138,BLQYVHBZHAISJM-LSHAIWFFNA-N,-8.936
PGR,c_MET220,mut_s1,detail,1,139,WMDYKLMOCCOUEL-SACSUSJJNA-N,-8.526
PGR,c_MET220,mut_s1,detail,1,140,LEVPVCOKBQEXMQ-MPIMZMORNA-N,-7.981
PGR,c_MET220,mut_s1,detail,1,141,YYDFYJDBXOSJHE-WBMJQRKENA-N,-6.451
PGR,c_MET220,mut_s1,detail,1,142,NFXJPCKVPBXSDH-LQFNOIFHNA-N,-6.453
PGR,c_MET220,mut_s1,detail,1,143,KAUHJCPWWQWSJV-LELJVTLKNA-N,-6.474
PGR,c_MET220,mut_s1,detail,1,144,NVZSQUSTRBKANP-YIVFFDRWNA-N,-7.558
PGR,c_MET220,mut_s1,detail,1,145,WIKNISOFBKUYKR-LBOYIXSDNA-N,-7.852
PGR,c_MET220,mut_s1,detail,1,146,AQIYGSAXYBBKKP-LNNLXFCONA-N,-6.229
PGR,c_MET220,mut_s1,detail,1,147,TWKQKOFHSPYVSG-LQFNOIFHNA-N,-6.362
PGR,c_MET220,mut_s1,detail,1,148,LVWSKXKIFXRKQJ-QWOVJGMINA-N,-6.861
PGR,c_MET220,mut_s1,detail,1,149,BBBUKQRTMPJLSL-FHIWLMNKNA-N,-5.729
PGR,c_MET220,mut_s1,detail,1,150,SCECNMVMCCDVHC-UHFFFAOYNA-N,-8.058
PGR,c_MET220,mut_s1,detail,1,151,OLMVVVWTBFULHB-HXTKINSTNA-N,-6.279
PGR,c_MET220,mut_s1,detail,1,152,BJXFHKHIABEKFL-HXTKINSTNA-N,-7.125
PGR,c_MET220,mut_s1,detail,1,153,GMYAIAZTDBDYGE-UHFFFAOYNA-N,-7.444
PGR,c_MET220,mut_s1,detail,1,154,OMIWVZGQMXEZLZ-UHFFFAOYNA-N,-8.013
PGR,c_MET220,mut_s1,detail,1,155,SFQDUATXFZWGHZ-UHFFFAOYNA-N,-4.955
PGR,c_MET220,mut_s1,detail,1,156,AMRCHQSZZXWZBI-UHFFFAOYNA-N,-5.793
PGR,c_MET220,mut_s1,detail,1,157,PDKBGLXLXHGRIF-UHFFFAOYNA-N,-7.626
PGR,c_MET220,mut_s1,detail,1,158,IMPCJHDDDAGSIP-UHFFFAOYNA-N,-7.672
PGR,c_MET220,mut_s1,detail,1,159,QKASSONCRIQFQE-UHFFFAOYNA-N,-6.74
PGR,c_MET220,mut_s1,detail,1,160,RBPSUSGZEBUPLW-LELJVTLKNA-N,-8.641
PGR,c_MET220,mut_s1,detail,1,161,IZMNNUPSRDMEKL-LICXQBBSNA-N,-8.24
PGR,c_MET220,mut_s1,detail,1,162,PAVNRYHGSYWSPV-MPIMZMORNA-N,-5.524
PGR,c_MET220,mut_s1,detail,1,163,TZXYYVHNWAKJLI-UHFFFAOYNA-N,-5.797
PGR,c_MET220,mut_s1,detail,1,164,HNOCRTTZBPUBHY-UHFFFAOYNA-N,-7.531
PGR,c_MET220,mut_s1,detail,1,165,WMPZPNIPTZCCJK-PKSOQXRJNA-N,-6.697
PGR,c_MET220,mut_s1,detail,1,166,OBPAOULTANNRFC-QWOVJGMINA-N,-6.662
PGR,c_MET220,mut_s1,detail,1,167,UCJOWIKNRBWRAB-UHFFFAOYNA-N,-7.436
PGR,c_MET220,mut_s1,detail,1,168,GFKDVMSTTKOYOX-QCVZTBOQNA-N,-6.474
PGR,c_MET220,mut_s1,detail,1,169,BAEJDWKEKZSULN-UHFFFAOYNA-N,-7.626
PGR,c_MET220,mut_s1,detail,1,170,KZUDVENDSUODSU-LQFNOIFHNA-N,-8.811
PGR,c_MET220,mut_s1,detail,1,171,HBYPDVHGDKCNMT-DVIAZDKANA-N,-7.295
PGR,c_MET220,mut_s1,detail,1,172,PMUHFTCPDVPMRF-LELJVTLKNA-N,-8.236
PGR,c_MET220,mut_s1,detail,1,173,XIYSICLOFPYCTK-ZVWSISBDNA-N,-5.916
PGR,c_MET220,mut_s1,detail,1,174,CFOFCUAQALFPIW-HPRFPMAVNA-N,-6.654
PGR,c_MET220,mut_s1,detail,1,175,ZNBMRULRQJAJNW-IRIILVJRNA-N,-9.088
PGR,c_MET220,mut_s1,detail,1,176,RSQKKNPJKLBGPF-DVIAZDKANA-N,-8.057
PGR,c_MET220,mut_s1,detail,1,177,UIYRVVZHZVHONZ-QWOVJGMINA-N,-8.614
PGR,c_MET220,mut_s1,detail,1,178,RNCGDYFDZJIQTQ-UHFFFAOYNA-N,-8.992
PGR,c_MET220,mut_s1,detail,1,179,QOWFNZNDIAKQKO-QFIPXVFZNA-N,-6.625
PGR,c_MET220,mut_s1,detail,1,180,FIPNXDSUMLBDQK-LQFNOIFHNA-N,-7.609
PGR,c_MET220,mut_s1,detail,1,181,NHFGNUVGTDMGKX-UHFFFAOYNA-N,-6.026
PGR,c_MET220,mut_s1,detail,1,182,RNBGNITZKVUDSK-YFMNGRKDNA-N,-5.096
PGR,c_MET220,mut_s1,detail,1,183,CPEKPARXQVWWJD-IAXKEJLGNA-N,-7.539
PGR,c_MET220,mut_s1,detail,1,184,IEAABJYVWXHFOX-MPIMZMORNA-N,-7.976
PGR,c_MET220,mut_s1,detail,1,185,DSNCXRXGMZSRBV-GOSISDBHNA-N,-6.755
PGR,c_MET220,mut_s1,detail,1,186,DOVTZHSQYCZIIX-MPIMZMORNA-N,-8.424
PGR,c_MET220,mut_s1,detail,1,187,BKYWKCMMWRHBGX-SPEPDGBUNA-N,-10.357
PGR,c_MET220,mut_s1,detail,1,188,MTRHSIOVVWFAOM-MPIMZMORNA-N,-5.893
PGR,c_MET220,mut_s1,detail,1,189,VZLVPTSUFJDRRQ-LELJVTLKNA-N,-6.474
PGR,c_MET220,mut_s1,detail,1,190,FJYPQTWLGSEZAE-UNEGGNDLNA-N,-9.229
PGR,c_MET220,mut_s1,detail,1,191,FOJSFYSVCCQUQP-VVKINWOJNA-N,-6.488
PGR,c_MET220,mut_s1,detail,1,192,SULPKNWDXWJTHQ-GCNJZUOMNA-N,-6.329
PGR,c_MET220,mut_s1,detail,1,193,JTPAQMOUZGIORE-UHFFFAOYNA-N,-6.888
PGR,c_MET220,mut_s1,detail,1,194,KRFPGHLUAFZMRZ-TYOBWDGZNA-N,-5.511
PGR,c_MET220,mut_s1,detail,1,195,TVZGACDUOSZQKY-XBGCRKGSNA-N,-7.822
PGR,c_MET220,mut_s1,detail,1,196,CXDZGSNFZYGQSZ-PKRZOPRNNA-N,-7.22
PGR,c_MET220,mut_s1,detail,1,197,FBZYWIMLLHPUPX-VJSLDGLSNA-N,-5.345
PGR,c_MET220,mut_s1,detail,1,198,HKJNKURRZRPPMK-MDXLESTANA-N,-6.233
PGR,c_MET220,mut_s1,detail,1,199,DVAPEEIVFMOBQW-SLSKDPHBNA-N,-6.55
PGR,c_MET220,mut_s1,detail,1,200,SVDIZPBCTLXSOH-LNNLXFCONA-N,-7.591
PGR,c_MET220,mut_s1,detail,1,201,NDXCWKMYPWRPDY-NUCQJGHSNA-N,-6.087
PGR,c_MET220,mut_s1,detail,1,202,VXHUMLIJAQHWIX-CRNXEPDINA-N,-6.071
PGR,c_MET220,mut_s1,detail,1,203,KBZDVXICPAJAAT-LNNLXFCONA-N,-5.577
PGR,c_MET220,mut_s1,detail,1,204,DVFDTYFATLFXHU-WOPMAMTRNA-N,-4.679
PGR,c_MET220,mut_s1,detail,1,205,WURBKQGAFSESKZ-MPIMZMORNA-N,-6.282
PGR,c_MET220,mut_s1,detail,1,206,LXGVFBXRKSCESU-UWUUZOGGNA-N,-5.963
PGR,c_MET220,mut_s1,detail,1,207,CQWFJACPUQVVQZ-UHFFFAOYNA-N,-5.589
PGR,c_MET220,mut_s1,detail,1,208,FEZAUPQJLJCQHD-XRJCTRHONA-N,-6.319
PGR,c_MET220,mut_s1,detail,1,209,IDKGPACCMPKKQB-LIPPOORTNA-N,-9.037
PGR,c_MET220,mut_s1,detail,1,210,PEPJPELNFRAZNQ-LKHHGCNMNA-N,-7.094
PGR,c_MET220,mut_s1,detail,1,211,GRUWUINXLANFJE-LBOYIXSDNA-N,-5.951
PGR,c_MET220,mut_s1,detail,1,212,RTFGYBAMFJVGHJ-UHFFFAOYNA-N,-7.3
PGR,c_MET220,mut_s1,detail,1,213,LYJNRGFCMLOFNV-HIVOMVAKNA-N,-5.251
PGR,c_MET220,mut_s1,detail,1,214,MKDSWBAEXGFAEE-LBOYIXSDNA-N,-5.941
PGR,c_MET220,mut_s1,detail,1,215,NSLNDONZYBNSFU-ASVXZIMGNA-N,-7.457
PGR,c_MET220,mut_s1,detail,1,216,HUDCDZLLNLJTEW-RBSQRGBYNA-N,-5.942
PGR,c_MET220,mut_s1,detail,1,217,OFRDBFMZCXXKAH-LBOYIXSDNA-N,-5.778
PGR,c_MET220,mut_s1,detail,1,218,NSLGAHAKEFYCED-PELNGNISNA-N,-6.796
PGR,c_MET220,mut_s1,detail,1,219,QLSURSTUZJVSGU-NSJMMFDCNA-N,-6.504
PGR,c_MET220,mut_s1,detail,1,220,CXLYWVWLNDGNIU-VEORKLDJNA-N,-5.459
PGR,c_MET220,mut_s1,detail,1,221,RHIJMDNVEPLDED-UHFFFAOYNA-N,-6.641
PGR,c_MET220,mut_s1,detail,1,222,YNUXXMJVZSTPFZ-CSKMVECVNA-N,-6.988
PGR,c_MET220,mut_s1,detail,1,223,ILWOOGUHZKNTQQ-DNVCBOLYNA-N,-6.848
PGR,c_MET220,mut_s1,detail,1,224,CARWTONHZWZDHZ-XIPNIRHDNA-N,-6.496
PGR,c_MET220,mut_s1,detail,1,225,OSMWANBXVVPETF-HTBVCZPNNA-N,-6.326
PGR,c_MET220,mut_s1,detail,1,226,KCNVHXJEALIYQI-PCRUTULWNA-N,-5.769
PGR,c_MET220,mut_s1,detail,1,227,FPUDFDKQGXUBJA-QQXSKIMKNA-N,-8.669
PGR,c_MET220,mut_s1,detail,1,228,MQWZYEDJGHLFFI-VJSLDGLSNA-N,-6.726
PGR,c_MET220,mut_s1,detail,1,229,YPTIEFMKXZIMKO-LNNLXFCONA-N,-7.332
PGR,c_MET220,mut_s1,detail,1,230,MWIZLUKLQZEFBC-LKHHGCNMNA-N,-5.608
PGR,c_MET220,mut_s1,detail,1,231,PMNZCFDKKKLFHH-LBOYIXSDNA-N,-6.138
PGR,c_MET220,mut_s1,detail,1,232,NELOFNHVEWRSBT-OKPOJWAQNA-N,-7.151
PGR,c_MET220,mut_s1,detail,1,233,VCXACHHEDDVKAY-SREBMQDQNA-N,-9.515
PGR,c_MET220,mut_s1,detail,1,234,KWJVADNYZMUTJY-IPYVVANSNA-N,-5.405
PGR,c_MET220,mut_s1,detail,1,235,LLQAFRKQJAOAMO-XGEXJYLCNA-N,-6.949
PGR,c_MET220,mut_s1,detail,1,236,VCAMVXBSKDFRFE-LNNLXFCONA-N,-6.343
PGR,c_MET220,mut_s1,detail,1,237,QXIHUBWNLRPDRU-UHFFFAOYNA-N,-5.901
PGR,c_MET220,mut_s1,detail,1,238,JUXOLKXMOLRWLC-MPIMZMORNA-N,-5.834
PGR,c_MET220,mut_s1,detail,1,239,SQTIAXOMFTYLLF-QVYQQCQZNA-N,-7.938
PGR,c_MET220,mut_s1,detail,1,240,BJSKDMOWRPAVMK-UHFFFAOYNA-N,-8.72
PGR,c_MET220,mut_s1,detail,1,241,VRQPEWWROOGXLL-VJSLDGLSNA-N,-6.591
PGR,c_MET220,mut_s1,detail,1,242,IXNOFPXGSKSKJH-HXTKINSTNA-N,-6.785
PGR,c_MET220,mut_s1,detail,1,243,BMCFOHNLKRIWMC-UHFFFAOYNA-N,-6.207
PGR,c_MET220,mut_s1,detail,1,244,FLFMKNMHDFIWDB-PJQSKVNONA-N,-8.105
PGR,c_MET220,mut_s1,detail,1,245,JJLXVLWPUFIUBC-IGBJZSFZNA-N,-7.948
PGR,c_MET220,mut_s1,detail,1,246,ZXCSBCTVTJFLOZ-JUEKIJOLNA-N,-7.54
PGR,c_MET220,mut_s1,detail,1,247,LCSLDZZBWHBLFA-UHFFFAOYNA-N,-5.849
PGR,c_MET220,mut_s1,detail,1,248,CAVTYMQSFAIXRJ-AKXZRBJUNA-N,-5.507
PGR,c_MET220,mut_s1,detail,1,249,UFXJYIXRQNBEDW-UHFFFAOYNA-N,-7.434
PGR,c_MET220,mut_s1,detail,1,250,HWIAWSLSCZUKKA-SFHVURJKNA-N,-6.054
PGR,c_MET220,mut_s1,detail,1,251,MYHQHPUWOWUUQI-ZELWXOMMNA-N,-5.27
PGR,c_MET220,mut_s1,detail,1,252,GWNRIUBPBWOQGT-UHFFFAOYNA-N,-9.466
PGR,c_MET220,mut_s1,detail,1,253,YCWRQUXRVNLWEM-LELJVTLKNA-N,-7.142
PGR,c_MET220,mut_s1,detail,1,254,DMRFDXBCAQFSFQ-UYLYIRGYNA-N,-7.924
PGR,c_MET220,mut_s1,detail,1,255,XCZDGLYGEYYXKS-UWLQQCCWNA-N,-5.004
PGR,c_PHE106,mut_s1,detail,1,0,UDJUXZQGNCUDQR-LILDFLRNNA-N,-8.39
PGR,c_PHE106,mut_s1,detail,1,1,GANVJBSNVYJUKL-UHFFFAOYNA-N,-6.503
PGR,c_PHE106,mut_s1,detail,1,2,RUBHNPNCPXGKIE-YAQRNVERNA-N,-6.449
PGR,c_PHE106,mut_s1,detail,1,3,JYSICDMWNXGPIM-XLPACQNMNA-N,-6.006
PGR,c_PHE106,mut_s1,detail,1,4,KZDPKDSPDUVHGB-GAJRPKRDNA-N,-7.631
PGR,c_PHE106,mut_s1,detail,1,5,GQKJQNXSSQKJGW-HCKMINDGNA-N,-7.845
PGR,c_PHE106,mut_s1,detail,1,6,HJRUOZFNPQVNSF-MNIXEANVNA-N,-8.331
PGR,c_PHE106,mut_s1,detail,1,7,ALUOSUMBVMLDKR-UHFFFAOYNA-N,-9.108
PGR,c_PHE106,mut_s1,detail,1,8,QMQNUSSPTHZCGT-UYBDAZJANA-N,-8.833
PGR,c_PHE106,mut_s1,detail,1,9,UEZBMIQIUOTBJT-UYBDAZJANA-N,-7.973
PGR,c_PHE106,mut_s1,detail,1,10,ICZZTNOOMSQNCH-UHFFFAOYNA-N,-8.356
PGR,c_PHE106,mut_s1,detail,1,11,AMOFQKAIXTYZIZ-NPVYFSBINA-N,-7.079
PGR,c_PHE106,mut_s1,detail,1,12,IZOPLHPCKOSQQN-UHFFFAOYNA-N,-7.859
PGR,c_PHE106,mut_s1,detail,1,13,OFZZZJLWPKOLIX-GPQMBLKYNA-N,-8.222
PGR,c_PHE106,mut_s1,detail,1,14,BXADTFNFCCRMQU-UHFFFAOYNA-N,-7.005
PGR,c_PHE106,mut_s1,detail,1,15,PKQDOSZHMAIBHQ-GPQMBLKYNA-N,-9.022
PGR,c_PHE106,mut_s1,detail,1,16,JLTFAWOGGLXAFU-UHFFFAOYNA-N,-7.374
PGR,c_PHE106,mut_s1,detail,1,17,QYACKAORZRQPTE-UHFFFAOYNA-N,-7.014
PGR,c_PHE106,mut_s1,detail,1,18,FFJKVRCOUHEYOK-YAQRNVERNA-N,-7.412
PGR,c_PHE106,mut_s1,detail,1,19,MFTSRMJYWLCCSA-GHRIWEEINA-N,-8.418
PGR,c_PHE106,mut_s1,detail,1,20,NDRMSISLKTZBKD-HCKMINDGNA-N,-7.708
PGR,c_PHE106,mut_s1,detail,1,21,APGSUVBRVVNRPJ-UHFFFAOYNA-N,-8.128
PGR,c_PHE106,mut_s1,detail,1,22,MTIGVNBPQVLRLS-XQMQJMAZNA-N,-7.088
PGR,c_PHE106,mut_s1,detail,1,23,WIWDZNZJLUFUSQ-GSIAOYINNA-N,-8.558
PGR,c_PHE106,mut_s1,detail,1,24,WVJSLMIKTFBTBO-WVMALLHKNA-N,-7.478
PGR,c_PHE106,mut_s1,detail,1,25,QASCAWSPAPUKDI-UHFFFAOYNA-N,-7.249
PGR,c_PHE106,mut_s1,detail,1,26,WJZNKICGQZGRPQ-YHMJCDSINA-N,-6.594
PGR,c_PHE106,mut_s1,detail,1,27,ACKCEYIVRXUHDK-HCKMINDGNA-N,-8.505
PGR,c_PHE106,mut_s1,detail,1,28,GXKXWCKNQMYETG-UHFFFAOYNA-N,-8.797
PGR,c_PHE106,mut_s1,detail,1,29,QGTKEDSQUDRCEG-UHFFFAOYNA-N,-7.163
PGR,c_PHE106,mut_s1,detail,1,30,NYJUJIFSIDORSZ-LILDFLRNNA-N,-8.928
PGR,c_PHE106,mut_s1,detail,1,31,SCGGVBDHUNVGKR-VRGMUVNCNA-N,-9.661
PGR,c_PHE106,mut_s1,detail,1,32,ZWGVKWPZYUUFSB-YAQRNVERNA-N,-7.213
PGR,c_PHE106,mut_s1,detail,1,33,BCTONXHZFGFJIT-UHFFFAOYNA-N,-8.683
PGR,c_PHE106,mut_s1,detail,1,34,BIZAQLNMDJHGTL-HCKMINDGNA-N,-8.514
PGR,c_PHE106,mut_s1,detail,1,35,KZFYAEKGSRGKDQ-GPQMBLKYNA-N,-7.686
PGR,c_PHE106,mut_s1,detail,1,36,REZYNFOIWKOLBD-UHFFFAOYNA-N,-7.534
PGR,c_PHE106,mut_s1,detail,1,37,SDKQIECEJUFKHI-MUSVCJDDNA-N,-7.884
PGR,c_PHE106,mut_s1,detail,1,38,XUJSYVYKXBOYJP-JTQLQIEINA-N,-8.666
PGR,c_PHE106,mut_s1,detail,1,39,NVHKWMBHTXQWRP-NSFCMMSCNA-N,-8.033
PGR,c_PHE106,mut_s1,detail,1,40,AHYPQQDJTFMEJW-VGOFMYFVNA-N,-7.537
PGR,c_PHE106,mut_s1,detail,1,41,BGRJTUBHPOOWDU-QDYITYEQNA-N,-7.373
PGR,c_PHE106,mut_s1,detail,1,42,KJQORRCKEQRHKP-UHFFFAOYNA-N,-9.377
PGR,c_PHE106,mut_s1,detail,1,43,SJFPWWYCPGONOM-UHFFFAOYNA-N,-7.57
PGR,c_PHE106,mut_s1,detail,1,44,VEZJRJGLFIXQHG-KJQBJTEXNA-N,-8.536
PGR,c_PHE106,mut_s1,detail,1,45,VQXJTNXJSNLNEM-WYUMXYHSNA-N,-8.346
PGR,c_PHE106,mut_s1,detail,1,46,RWCDZKHBJGXNQH-UHFFFAOYNA-N,-7.676
PGR,c_PHE106,mut_s1,detail,1,47,JXOHPGXCMHDJOH-XQMQJMAZNA-N,-7.026
PGR,c_PHE106,mut_s1,detail,1,48,XNBZHZUOHMKIBH-UHFFFAOYNA-N,-7.362
PGR,c_PHE106,mut_s1,detail,1,49,VTEXVGQDUYFTHA-UHFFFAOYNA-N,-6.725
PGR,c_PHE106,mut_s1,detail,1,50,IUJLOAKJZQBENM-UHFFFAOYNA-N,-6.792
PGR,c_PHE106,mut_s1,detail,1,51,QHULAWVSDWNAPE-UHFFFAOYNA-N,-7.012
PGR,c_PHE106,mut_s1,detail,1,52,VGJKJRWFEYUOMP-YAQRNVERNA-N,-6.987
PGR,c_PHE106,mut_s1,detail,1,53,DDCFZIXVFUZWLX-UHFFFAOYNA-N,-8.072
PGR,c_PHE106,mut_s1,detail,1,54,OTCRWFSKWBSBLF-UHFFFAOYNA-N,-7.049
PGR,c_PHE106,mut_s1,detail,1,55,YFYMHQPNOSTLFF-XQMQJMAZNA-N,-7.453
PGR,c_PHE106,mut_s1,detail,1,56,DYMQNLJFFJCVBA-UHFFFAOYNA-N,-8.029
PGR,c_PHE106,mut_s1,detail,1,57,QERUYJGOUSNCOY-YHMJCDSINA-N,-7.249
PGR,c_PHE106,mut_s1,detail,1,58,VBKFPTDUXZKHJG-VNHYZAJKNA-N,-7.953
PGR,c_PHE106,mut_s1,detail,1,59,ZBEDJPDEINGEHM-UHFFFAOYNA-N,-6.516
PGR,c_PHE106,mut_s1,detail,1,60,LIEZHLXUCGSNOU-UHFFFAOYNA-N,-8.852
PGR,c_PHE106,mut_s1,detail,1,61,RROQODCMZSASRX-UHFFFAOYNA-N,-6.604
PGR,c_PHE106,mut_s1,detail,1,62,BPMAVTHRQBBTNZ-UYBDAZJANA-N,-9.185
PGR,c_PHE106,mut_s1,detail,1,63,ATKWLNSCJYLXPF-FICVDOATNA-N,-8.898
PGR,c_PHE106,mut_s1,detail,1,64,RLUBDGBLOPBNLZ-UHFFFAOYNA-N,-9.105
PGR,c_PHE106,mut_s1,detail,1,65,UVERTHXHNQWOMX-UHFFFAOYNA-N,-8.715
PGR,c_PHE106,mut_s1,detail,1,66,BPFYGTYAFCVUAQ-QWOVJGMINA-N,-9.039
PGR,c_PHE106,mut_s1,detail,1,67,ZODJKQULMZCUCT-PKSOQXRJNA-N,-7.961
PGR,c_PHE106,mut_s1,detail,1,68,WEZGTMJXSVLNML-MPIMZMORNA-N,-9.75
PGR,c_PHE106,mut_s1,detail,1,69,IGZPSIOZEAIYTH-UHFFFAOYNA-N,-8.546
PGR,c_PHE106,mut_s1,detail,1,70,YRVFOAARONPYKD-UHFFFAOYNA-N,-8.524
PGR,c_PHE106,mut_s1,detail,1,71,ZESNJJBGEWLRGV-KAKWUFLPNA-N,-9.048
PGR,c_PHE106,mut_s1,detail,1,72,PYCBHJYHBUOUCW-PKSOQXRJNA-N,-7.347
PGR,c_PHE106,mut_s1,detail,1,73,ABPSNZWEZWHADJ-GPQMBLKYNA-N,-8.159
PGR,c_PHE106,mut_s1,detail,1,74,WXDJXWILXCCWRK-UHFFFAOYNA-N,-7.767
PGR,c_PHE106,mut_s1,detail,1,75,VCRWHFFSQUYIOM-DDCYPFOINA-N,-7.129
PGR,c_PHE106,mut_s1,detail,1,76,JANVEQMYWYPFNU-RTAVDJSLNA-N,-6.743
PGR,c_PHE106,mut_s1,detail,1,77,IQLYJZGQMYCKRA-QWOVJGMINA-N,-9.407
PGR,c_PHE106,mut_s1,detail,1,78,CTAZJMUKYKCOMY-HVXXBKQBNA-N,-7.929
PGR,c_PHE106,mut_s1,detail,1,79,FXRIMHMLPNSELN-XBTAAFKLNA-N,-8.361
PGR,c_PHE106,mut_s1,detail,1,80,GEUQUSZFVWZXJI-UHFFFAOYNA-N,-8.958
PGR,c_PHE106,mut_s1,detail,1,81,AFGXLUJVZOJZCS-DVIAZDKANA-N,-7.504
PGR,c_PHE106,mut_s1,detail,1,82,QPNICESGZANARJ-MPIMZMORNA-N,-9.052
PGR,c_PHE106,mut_s1,detail,1,83,QFHCJULFNFFSDD-MPIMZMORNA-N,-8.903
PGR,c_PHE106,mut_s1,detail,1,84,MABJRAVWPUIQDD-GPQMBLKYNA-N,-6.586
PGR,c_PHE106,mut_s1,detail,1,85,KEULGNACOIQOLD-LILDFLRNNA-N,-7.698
PGR,c_PHE106,mut_s1,detail,1,86,PHUKSBWGYBHYCM-ZANVPECINA-N,-7.978
PGR,c_PHE106,mut_s1,detail,1,87,VBFJSECKEUOBIV-UYBDAZJANA-N,-7.523
PGR,c_PHE106,mut_s1,detail,1,88,VKOJWPSHQQXTMQ-AWQFTUOYNA-N,-8.472
PGR,c_PHE106,mut_s1,detail,1,89,WGGCYQHFLWUGKK-LNNLXFCONA-N,-9.243
PGR,c_PHE106,mut_s1,detail,1,90,SEESZUWDWXYFGB-HUUCEWRRNA-N,-8.158
PGR,c_PHE106,mut_s1,detail,1,91,SAOIUZZZCRDJIE-UYBDAZJANA-N,-7.202
PGR,c_PHE106,mut_s1,detail,1,92,LCZXUQMWBHAHOF-PKSOQXRJNA-N,-7.847
PGR,c_PHE106,mut_s1,detail,1,93,HJZRMYRSMHLBMM-UHFFFAOYNA-N,-6.273
PGR,c_PHE106,mut_s1,detail,1,94,NYIAMZTVDFGSMO-UHFFFAOYNA-N,-7.855
PGR,c_PHE106,mut_s1,detail,1,95,PBGALVWBACEVEC-QWOVJGMINA-N,-7.699
PGR,c_PHE106,mut_s1,detail,1,96,DDCGYKUGMMDSDD-PKSOQXRJNA-N,-7.623
PGR,c_PHE106,mut_s1,detail,1,97,IIROHAHLTGYHGV-UYBDAZJANA-N,-9.097
PGR,c_PHE106,mut_s1,detail,1,98,IQJXWGCMCSFZHI-LQFNOIFHNA-N,-6.96
PGR,c_PHE106,mut_s1,detail,1,99,OPSKQPYXZASNGA-QWOVJGMINA-N,-6.839
PGR,c_PHE106,mut_s1,detail,1,100,COHPEUUUDGXEPG-MPIMZMORNA-N,-6.719
PGR,c_PHE106,mut_s1,detail,1,101,LCLQRXYSCAZUJT-PKSOQXRJNA-N,-7.101
PGR,c_PHE106,mut_s1,detail,1,102,DMWUHECJQADMOM-PKSOQXRJNA-N,-8.177
PGR,c_PHE106,mut_s1,detail,1,103,RINYNDHGPMMUPG-UYBDAZJANA-N,-7.546
PGR,c_PHE106,mut_s1,detail,1,104,GWFMSEYHCOCBEH-UYBDAZJANA-N,-8.212
PGR,c_PHE106,mut_s1,detail,1,105,ZSYYKQAVTXERHH-LILDFLRNNA-N,-7.179
PGR,c_PHE106,mut_s1,detail,1,106,RFGLZFMBWWKYGX-UHFFFAOYNA-N,-7.867
PGR,c_PHE106,mut_s1,detail,1,107,ZCFXIPSPKDGCHW-HSJCKIQZNA-N,-7.336
PGR,c_PHE106,mut_s1,detail,1,108,OJBRUITYMUOMQJ-UYBDAZJANA-N,-6.971
PGR,c_PHE106,mut_s1,detail,1,109,QRQQRMCYDJTOMZ-IHYGWTSJNA-N,-9.108
PGR,c_PHE106,mut_s1,detail,1,110,UZYHGPCXMSFTKE-NPQUBYNZNA-N,-7.903
PGR,c_PHE106,mut_s1,detail,1,111,FKRLYCLDDLGGPB-HCKMINDGNA-N,-7.099
PGR,c_PHE106,mut_s1,detail,1,112,SJUXHCSNSGLKJD-UYBDAZJANA-N,-8.496
PGR,c_PHE106,mut_s1,detail,1,113,MDJMMLITJGVNQI-LILDFLRNNA-N,-7.999
PGR,c_PHE106,mut_s1,detail,1,114,LAKWSLSTUWRCOM-UHFFFAOYNA-N,-9.444
PGR,c_PHE106,mut_s1,detail,1,115,RZYYWEWDCWHDNZ-PKSOQXRJNA-N,-6.336
PGR,c_PHE106,mut_s1,detail,1,116,KSTQHOAVVBOECJ-PKSOQXRJNA-N,-6.703
PGR,c_PHE106,mut_s1,detail,1,117,LTBODPBDLZJCLH-UHFFFAOYNA-N,-8.809
PGR,c_PHE106,mut_s1,detail,1,118,YNPHZUYBOQPWKQ-UYBDAZJANA-N,-7.96
PGR,c_PHE106,mut_s1,detail,1,119,TZYCJGJZUSVUSB-UHFFFAOYNA-N,-6.091
PGR,c_PHE106,mut_s1,detail,1,120,YDEMTQMAWLEDQT-HPHMPNDVNA-N,-6.335
PGR,c_PHE106,mut_s1,detail,1,121,JJTMKAVMZRVHFW-JZJYNLBNNA-N,-8.724
PGR,c_PHE106,mut_s1,detail,1,122,UQILDYXMCYUCGV-MPIMZMORNA-N,-6.747
PGR,c_PHE106,mut_s1,detail,1,123,LRULJABSRXBARK-PKSOQXRJNA-N,-9.061
PGR,c_PHE106,mut_s1,detail,1,124,FDGMHVXFEWDBLE-GZNJHTOZNA-N,-7.466
PGR,c_PHE106,mut_s1,detail,1,125,MDPXBTVEVMPBMF-MRSUPTMINA-N,-8.649
PGR,c_PHE106,mut_s1,detail,1,126,PRDMNBQAHOVKAV-UHFFFAOYNA-N,-9.008
PGR,c_PHE106,mut_s1,detail,1,127,OBAYJABSUJXLMA-HCKMINDGNA-N,-7.658
PGR,c_PHE106,mut_s1,detail,1,128,HLMWKCMXNWJGGO-VNHAUOCNNA-N,-6.781
PGR,c_PHE106,mut_s1,detail,1,129,ZWXZFCRRFQRJPF-QWOVJGMINA-N,-10.056
PGR,c_PHE106,mut_s1,detail,1,130,IXUSJKAERUMZME-NBNNRKRINA-N,-9.052
PGR,c_PHE106,mut_s1,detail,1,131,WDVACORMOUBMRH-NPQUBYNZNA-N,-6.435
PGR,c_PHE106,mut_s1,detail,1,132,UXLJJGBAQOYQMV-UHFFFAOYNA-N,-8.005
PGR,c_PHE106,mut_s1,detail,1,133,RWPNUXJCHLIEDT-UHFFFAOYNA-N,-8.187
PGR,c_PHE106,mut_s1,detail,1,134,BTCLKPCIIFOYHE-KRMNUSLJNA-N,-9.422
PGR,c_PHE106,mut_s1,detail,1,135,IGYZXGKFEXFDBK-SPEPDGBUNA-N,-10.428
PGR,c_PHE106,mut_s1,detail,1,136,RUKFQFDSWPNHGL-LNNLXFCONA-N,-8.691
PGR,c_PHE106,mut_s1,detail,1,137,QTHMBVGZTPOODZ-FVJBVQDQNA-N,-7.91
PGR,c_PHE106,mut_s1,detail,1,138,BLQYVHBZHAISJM-LSHAIWFFNA-N,-9.334
PGR,c_PHE106,mut_s1,detail,1,139,WMDYKLMOCCOUEL-SACSUSJJNA-N,-8.981
PGR,c_PHE106,mut_s1,detail,1,140,LEVPVCOKBQEXMQ-MPIMZMORNA-N,-8.521
PGR,c_PHE106,mut_s1,detail,1,141,YYDFYJDBXOSJHE-WBMJQRKENA-N,-6.502
PGR,c_PHE106,mut_s1,detail,1,142,NFXJPCKVPBXSDH-LQFNOIFHNA-N,-5.715
PGR,c_PHE106,mut_s1,detail,1,143,KAUHJCPWWQWSJV-LELJVTLKNA-N,-7.201
PGR,c_PHE106,mut_s1,detail,1,144,NVZSQUSTRBKANP-YIVFFDRWNA-N,-8.406
PGR,c_PHE106,mut_s1,detail,1,145,WIKNISOFBKUYKR-LBOYIXSDNA-N,-8.309
PGR,c_PHE106,mut_s1,detail,1,146,AQIYGSAXYBBKKP-LNNLXFCONA-N,-6.552
PGR,c_PHE106,mut_s1,detail,1,147,TWKQKOFHSPYVSG-LQFNOIFHNA-N,-7.781
PGR,c_PHE106,mut_s1,detail,1,148,LVWSKXKIFXRKQJ-QWOVJGMINA-N,-7.057
PGR,c_PHE106,mut_s1,detail,1,149,BBBUKQRTMPJLSL-FHIWLMNKNA-N,-6.078
PGR,c_PHE106,mut_s1,detail,1,150,SCECNMVMCCDVHC-UHFFFAOYNA-N,-9.004
PGR,c_PHE106,mut_s1,detail,1,151,OLMVVVWTBFULHB-HXTKINSTNA-N,-8.765
PGR,c_PHE106,mut_s1,detail,1,152,BJXFHKHIABEKFL-HXTKINSTNA-N,-6.723
PGR,c_PHE106,mut_s1,detail,1,153,GMYAIAZTDBDYGE-UHFFFAOYNA-N,-8.303
PGR,c_PHE106,mut_s1,detail,1,154,OMIWVZGQMXEZLZ-UHFFFAOYNA-N,-8.42
PGR,c_PHE106,mut_s1,detail,1,155,SFQDUATXFZWGHZ-UHFFFAOYNA-N,-7.504
PGR,c_PHE106,mut_s1,detail,1,156,AMRCHQSZZXWZBI-UHFFFAOYNA-N,-5.062
PGR,c_PHE106,mut_s1,detail,1,157,PDKBGLXLXHGRIF-UHFFFAOYNA-N,-8.211
PGR,c_PHE106,mut_s1,detail,1,158,IMPCJHDDDAGSIP-UHFFFAOYNA-N,-8.608
PGR,c_PHE106,mut_s1,detail,1,159,QKASSONCRIQFQE-UHFFFAOYNA-N,-6.985
PGR,c_PHE106,mut_s1,detail,1,160,RBPSUSGZEBUPLW-LELJVTLKNA-N,-10.048
PGR,c_PHE106,mut_s1,detail,1,161,IZMNNUPSRDMEKL-LICXQBBSNA-N,-8.234
PGR,c_PHE106,mut_s1,detail,1,162,PAVNRYHGSYWSPV-MPIMZMORNA-N,-6.913
PGR,c_PHE106,mut_s1,detail,1,163,TZXYYVHNWAKJLI-UHFFFAOYNA-N,-6.725
PGR,c_PHE106,mut_s1,detail,1,164,HNOCRTTZBPUBHY-UHFFFAOYNA-N,-9.379
PGR,c_PHE106,mut_s1,detail,1,165,WMPZPNIPTZCCJK-PKSOQXRJNA-N,-7.052
PGR,c_PHE106,mut_s1,detail,1,166,OBPAOULTANNRFC-QWOVJGMINA-N,-7.052
PGR,c_PHE106,mut_s1,detail,1,167,UCJOWIKNRBWRAB-UHFFFAOYNA-N,-8.541
PGR,c_PHE106,mut_s1,detail,1,168,GFKDVMSTTKOYOX-QCVZTBOQNA-N,-8.862
PGR,c_PHE106,mut_s1,detail,1,169,BAEJDWKEKZSULN-UHFFFAOYNA-N,-7.173
PGR,c_PHE106,mut_s1,detail,1,170,KZUDVENDSUODSU-LQFNOIFHNA-N,-7.759
PGR,c_PHE106,mut_s1,detail,1,171,HBYPDVHGDKCNMT-DVIAZDKANA-N,-7.98
PGR,c_PHE106,mut_s1,detail,1,172,PMUHFTCPDVPMRF-LELJVTLKNA-N,-8.275
PGR,c_PHE106,mut_s1,detail,1,173,XIYSICLOFPYCTK-ZVWSISBDNA-N,-7.756
PGR,c_PHE106,mut_s1,detail,1,174,CFOFCUAQALFPIW-HPRFPMAVNA-N,-8.681
PGR,c_PHE106,mut_s1,detail,1,175,ZNBMRULRQJAJNW-IRIILVJRNA-N,-8.47
PGR,c_PHE106,mut_s1,detail,1,176,RSQKKNPJKLBGPF-DVIAZDKANA-N,-8.808
PGR,c_PHE106,mut_s1,detail,1,177,UIYRVVZHZVHONZ-QWOVJGMINA-N,-8.761
PGR,c_PHE106,mut_s1,detail,1,178,RNCGDYFDZJIQTQ-UHFFFAOYNA-N,-10.0
PGR,c_PHE106,mut_s1,detail,1,179,QOWFNZNDIAKQKO-QFIPXVFZNA-N,-5.908
PGR,c_PHE106,mut_s1,detail,1,180,FIPNXDSUMLBDQK-LQFNOIFHNA-N,-7.659
PGR,c_PHE106,mut_s1,detail,1,181,NHFGNUVGTDMGKX-UHFFFAOYNA-N,-6.274
PGR,c_PHE106,mut_s1,detail,1,182,RNBGNITZKVUDSK-YFMNGRKDNA-N,-6.027
PGR,c_PHE106,mut_s1,detail,1,183,CPEKPARXQVWWJD-IAXKEJLGNA-N,-6.808
PGR,c_PHE106,mut_s1,detail,1,184,IEAABJYVWXHFOX-MPIMZMORNA-N,-8.383
PGR,c_PHE106,mut_s1,detail,1,185,DSNCXRXGMZSRBV-GOSISDBHNA-N,-8.797
PGR,c_PHE106,mut_s1,detail,1,186,DOVTZHSQYCZIIX-MPIMZMORNA-N,-8.059
PGR,c_PHE106,mut_s1,detail,1,187,BKYWKCMMWRHBGX-SPEPDGBUNA-N,-8.876
PGR,c_PHE106,mut_s1,detail,1,188,MTRHSIOVVWFAOM-MPIMZMORNA-N,-6.234
PGR,c_PHE106,mut_s1,detail,1,189,VZLVPTSUFJDRRQ-LELJVTLKNA-N,-7.62
PGR,c_PHE106,mut_s1,detail,1,190,FJYPQTWLGSEZAE-UNEGGNDLNA-N,-7.646
PGR,c_PHE106,mut_s1,detail,1,191,FOJSFYSVCCQUQP-VVKINWOJNA-N,-7.053
PGR,c_PHE106,mut_s1,detail,1,192,SULPKNWDXWJTHQ-GCNJZUOMNA-N,-6.269
PGR,c_PHE106,mut_s1,detail,1,193,JTPAQMOUZGIORE-UHFFFAOYNA-N,-6.23
PGR,c_PHE106,mut_s1,detail,1,194,KRFPGHLUAFZMRZ-TYOBWDGZNA-N,-9.277
PGR,c_PHE106,mut_s1,detail,1,195,TVZGACDUOSZQKY-XBGCRKGSNA-N,-8.464
PGR,c_PHE106,mut_s1,detail,1,196,CXDZGSNFZYGQSZ-PKRZOPRNNA-N,-6.506
PGR,c_PHE106,mut_s1,detail,1,197,FBZYWIMLLHPUPX-VJSLDGLSNA-N,-6.264
PGR,c_PHE106,mut_s1,detail,1,198,HKJNKURRZRPPMK-MDXLESTANA-N,-8.543
PGR,c_PHE106,mut_s1,detail,1,199,DVAPEEIVFMOBQW-SLSKDPHBNA-N,-7.475
PGR,c_PHE106,mut_s1,detail,1,200,SVDIZPBCTLXSOH-LNNLXFCONA-N,-8.947
PGR,c_PHE106,mut_s1,detail,1,201,NDXCWKMYPWRPDY-NUCQJGHSNA-N,-6.137
PGR,c_PHE106,mut_s1,detail,1,202,VXHUMLIJAQHWIX-CRNXEPDINA-N,-10.002
PGR,c_PHE106,mut_s1,detail,1,203,KBZDVXICPAJAAT-LNNLXFCONA-N,-7.74
PGR,c_PHE106,mut_s1,detail,1,204,DVFDTYFATLFXHU-WOPMAMTRNA-N,-6.178
PGR,c_PHE106,mut_s1,detail,1,205,WURBKQGAFSESKZ-MPIMZMORNA-N,-7.426
PGR,c_PHE106,mut_s1,detail,1,206,LXGVFBXRKSCESU-UWUUZOGGNA-N,-5.859
PGR,c_PHE106,mut_s1,detail,1,207,CQWFJACPUQVVQZ-UHFFFAOYNA-N,-6.511
PGR,c_PHE106,mut_s1,detail,1,208,FEZAUPQJLJCQHD-XRJCTRHONA-N,-7.833
PGR,c_PHE106,mut_s1,detail,1,209,IDKGPACCMPKKQB-LIPPOORTNA-N,-8.534
PGR,c_PHE106,mut_s1,detail,1,210,PEPJPELNFRAZNQ-LKHHGCNMNA-N,-8.868
PGR,c_PHE106,mut_s1,detail,1,211,GRUWUINXLANFJE-LBOYIXSDNA-N,-8.119
PGR,c_PHE106,mut_s1,detail,1,212,RTFGYBAMFJVGHJ-UHFFFAOYNA-N,-8.664
PGR,c_PHE106,mut_s1,detail,1,213,LYJNRGFCMLOFNV-HIVOMVAKNA-N,-6.673
PGR,c_PHE106,mut_s1,detail,1,214,MKDSWBAEXGFAEE-LBOYIXSDNA-N,-7.066
PGR,c_PHE106,mut_s1,detail,1,215,NSLNDONZYBNSFU-ASVXZIMGNA-N,-6.909
PGR,c_PHE106,mut_s1,detail,1,216,HUDCDZLLNLJTEW-RBSQRGBYNA-N,-7.756
PGR,c_PHE106,mut_s1,detail,1,217,OFRDBFMZCXXKAH-LBOYIXSDNA-N,-9.213
PGR,c_PHE106,mut_s1,detail,1,218,NSLGAHAKEFYCED-PELNGNISNA-N,-6.621
PGR,c_PHE106,mut_s1,detail,1,219,QLSURSTUZJVSGU-NSJMMFDCNA-N,-9.114
PGR,c_PHE106,mut_s1,detail,1,220,CXLYWVWLNDGNIU-VEORKLDJNA-N,-5.014
PGR,c_PHE106,mut_s1,detail,1,221,RHIJMDNVEPLDED-UHFFFAOYNA-N,-5.687
PGR,c_PHE106,mut_s1,detail,1,222,YNUXXMJVZSTPFZ-CSKMVECVNA-N,-6.985
PGR,c_PHE106,mut_s1,detail,1,223,ILWOOGUHZKNTQQ-DNVCBOLYNA-N,-7.502
PGR,c_PHE106,mut_s1,detail,1,224,CARWTONHZWZDHZ-XIPNIRHDNA-N,-8.437
PGR,c_PHE106,mut_s1,detail,1,225,OSMWANBXVVPETF-HTBVCZPNNA-N,-8.01
PGR,c_PHE106,mut_s1,detail,1,226,KCNVHXJEALIYQI-PCRUTULWNA-N,-8.37
PGR,c_PHE106,mut_s1,detail,1,227,FPUDFDKQGXUBJA-QQXSKIMKNA-N,-8.28
PGR,c_PHE106,mut_s1,detail,1,228,MQWZYEDJGHLFFI-VJSLDGLSNA-N,-11.152
PGR,c_PHE106,mut_s1,detail,1,229,YPTIEFMKXZIMKO-LNNLXFCONA-N,-7.755
PGR,c_PHE106,mut_s1,detail,1,230,MWIZLUKLQZEFBC-LKHHGCNMNA-N,-9.575
PGR,c_PHE106,mut_s1,detail,1,231,PMNZCFDKKKLFHH-LBOYIXSDNA-N,-8.335
PGR,c_PHE106,mut_s1,detail,1,232,NELOFNHVEWRSBT-OKPOJWAQNA-N,-7.764
PGR,c_PHE106,mut_s1,detail,1,233,VCXACHHEDDVKAY-SREBMQDQNA-N,-8.761
PGR,c_PHE106,mut_s1,detail,1,234,KWJVADNYZMUTJY-IPYVVANSNA-N,-10.607
PGR,c_PHE106,mut_s1,detail,1,235,LLQAFRKQJAOAMO-XGEXJYLCNA-N,-6.982
PGR,c_PHE106,mut_s1,detail,1,236,VCAMVXBSKDFRFE-LNNLXFCONA-N,-5.853
PGR,c_PHE106,mut_s1,detail,1,237,QXIHUBWNLRPDRU-UHFFFAOYNA-N,-8.556
PGR,c_PHE106,mut_s1,detail,1,238,JUXOLKXMOLRWLC-MPIMZMORNA-N,-6.756
PGR,c_PHE106,mut_s1,detail,1,239,SQTIAXOMFTYLLF-QVYQQCQZNA-N,-7.736
PGR,c_PHE106,mut_s1,detail,1,240,BJSKDMOWRPAVMK-UHFFFAOYNA-N,-7.863
PGR,c_PHE106,mut_s1,detail,1,241,VRQPEWWROOGXLL-VJSLDGLSNA-N,-5.654
PGR,c_PHE106,mut_s1,detail,1,242,IXNOFPXGSKSKJH-HXTKINSTNA-N,-8.484
PGR,c_PHE106,mut_s1,detail,1,243,BMCFOHNLKRIWMC-UHFFFAOYNA-N,-5.273
PGR,c_PHE106,mut_s1,detail,1,244,FLFMKNMHDFIWDB-PJQSKVNONA-N,-8.92
PGR,c_PHE106,mut_s1,detail,1,245,JJLXVLWPUFIUBC-IGBJZSFZNA-N,-9.446
PGR,c_PHE106,mut_s1,detail,1,246,ZXCSBCTVTJFLOZ-JUEKIJOLNA-N,-7.879
PGR,c_PHE106,mut_s1,detail,1,247,LCSLDZZBWHBLFA-UHFFFAOYNA-N,-8.227
PGR,c_PHE106,mut_s1,detail,1,248,CAVTYMQSFAIXRJ-AKXZRBJUNA-N,-5.042
PGR,c_PHE106,mut_s1,detail,1,249,UFXJYIXRQNBEDW-UHFFFAOYNA-N,-8.628
PGR,c_PHE106,mut_s1,detail,1,250,HWIAWSLSCZUKKA-SFHVURJKNA-N,-7.977
PGR,c_PHE106,mut_s1,detail,1,251,MYHQHPUWOWUUQI-ZELWXOMMNA-N,-7.987
PGR,c_PHE106,mut_s1,detail,1,252,GWNRIUBPBWOQGT-UHFFFAOYNA-N,-10.218
PGR,c_PHE106,mut_s1,detail,1,253,YCWRQUXRVNLWEM-LELJVTLKNA-N,-7.101
PGR,c_PHE106,mut_s1,detail,1,254,DMRFDXBCAQFSFQ-UYLYIRGYNA-N,-9.744
PGR,c_PHE106,mut_s1,detail,1,255,XCZDGLYGEYYXKS-UWLQQCCWNA-N,-7.282
PGR,c_LEU35,mut_s1,detail,1,0,UDJUXZQGNCUDQR-LILDFLRNNA-N,-8.85
PGR,c_LEU35,mut_s1,detail,1,1,GANVJBSNVYJUKL-UHFFFAOYNA-N,-7.151
PGR,c_LEU35,mut_s1,detail,1,2,RUBHNPNCPXGKIE-YAQRNVERNA-N,-6.86
PGR,c_LEU35,mut_s1,detail,1,3,JYSICDMWNXGPIM-XLPACQNMNA-N,-6.63
PGR,c_LEU35,mut_s1,detail,1,4,KZDPKDSPDUVHGB-GAJRPKRDNA-N,-7.797
PGR,c_LEU35,mut_s1,detail,1,5,GQKJQNXSSQKJGW-HCKMINDGNA-N,-8.195
PGR,c_LEU35,mut_s1,detail,1,6,HJRUOZFNPQVNSF-MNIXEANVNA-N,-8.626
PGR,c_LEU35,mut_s1,detail,1,7,ALUOSUMBVMLDKR-UHFFFAOYNA-N,-9.474
PGR,c_LEU35,mut_s1,detail,1,8,QMQNUSSPTHZCGT-UYBDAZJANA-N,-8.939
PGR,c_LEU35,mut_s1,detail,1,9,UEZBMIQIUOTBJT-UYBDAZJANA-N,-8.301
PGR,c_LEU35,mut_s1,detail,1,10,ICZZTNOOMSQNCH-UHFFFAOYNA-N,-7.93
PGR,c_LEU35,mut_s1,detail,1,11,AMOFQKAIXTYZIZ-NPVYFSBINA-N,-7.282
PGR,c_LEU35,mut_s1,detail,1,12,IZOPLHPCKOSQQN-UHFFFAOYNA-N,-8.897
PGR,c_LEU35,mut_s1,detail,1,13,OFZZZJLWPKOLIX-GPQMBLKYNA-N,-8.777
PGR,c_LEU35,mut_s1,detail,1,14,BXADTFNFCCRMQU-UHFFFAOYNA-N,-6.921
PGR,c_LEU35,mut_s1,detail,1,15,PKQDOSZHMAIBHQ-GPQMBLKYNA-N,-9.048
PGR,c_LEU35,mut_s1,detail,1,16,JLTFAWOGGLXAFU-UHFFFAOYNA-N,-7.822
PGR,c_LEU35,mut_s1,detail,1,17,QYACKAORZRQPTE-UHFFFAOYNA-N,-7.317
PGR,c_LEU35,mut_s1,detail,1,18,FFJKVRCOUHEYOK-YAQRNVERNA-N,-7.294
PGR,c_LEU35,mut_s1,detail,1,19,MFTSRMJYWLCCSA-GHRIWEEINA-N,-9.377
PGR,c_LEU35,mut_s1,detail,1,20,NDRMSISLKTZBKD-HCKMINDGNA-N,-7.844
PGR,c_LEU35,mut_s1,detail,1,21,APGSUVBRVVNRPJ-UHFFFAOYNA-N,-8.639
PGR,c_LEU35,mut_s1,detail,1,22,MTIGVNBPQVLRLS-XQMQJMAZNA-N,-6.544
PGR,c_LEU35,mut_s1,detail,1,23,WIWDZNZJLUFUSQ-GSIAOYINNA-N,-8.581
PGR,c_LEU35,mut_s1,detail,1,24,WVJSLMIKTFBTBO-WVMALLHKNA-N,-7.339
PGR,c_LEU35,mut_s1,detail,1,25,QASCAWSPAPUKDI-UHFFFAOYNA-N,-9.046
PGR,c_LEU35,mut_s1,detail,1,26,WJZNKICGQZGRPQ-YHMJCDSINA-N,-6.738
PGR,c_LEU35,mut_s1,detail,1,27,ACKCEYIVRXUHDK-HCKMINDGNA-N,-8.045
PGR,c_LEU35,mut_s1,detail,1,28,GXKXWCKNQMYETG-UHFFFAOYNA-N,-9.082
PGR,c_LEU35,mut_s1,detail,1,29,QGTKEDSQUDRCEG-UHFFFAOYNA-N,-7.338
PGR,c_LEU35,mut_s1,detail,1,30,NYJUJIFSIDORSZ-LILDFLRNNA-N,-9.252
PGR,c_LEU35,mut_s1,detail,1,31,SCGGVBDHUNVGKR-VRGMUVNCNA-N,-9.681
PGR,c_LEU35,mut_s1,detail,1,32,ZWGVKWPZYUUFSB-YAQRNVERNA-N,-7.943
PGR,c_LEU35,mut_s1,detail,1,33,BCTONXHZFGFJIT-UHFFFAOYNA-N,-8.847
PGR,c_LEU35,mut_s1,detail,1,34,BIZAQLNMDJHGTL-HCKMINDGNA-N,-8.608
PGR,c_LEU35,mut_s1,detail,1,35,KZFYAEKGSRGKDQ-GPQMBLKYNA-N,-8.164
PGR,c_LEU35,mut_s1,detail,1,36,REZYNFOIWKOLBD-UHFFFAOYNA-N,-7.56
PGR,c_LEU35,mut_s1,detail,1,37,SDKQIECEJUFKHI-MUSVCJDDNA-N,-8.659
PGR,c_LEU35,mut_s1,detail,1,38,XUJSYVYKXBOYJP-JTQLQIEINA-N,-8.786
PGR,c_LEU35,mut_s1,detail,1,39,NVHKWMBHTXQWRP-NSFCMMSCNA-N,-8.237
PGR,c_LEU35,mut_s1,detail,1,40,AHYPQQDJTFMEJW-VGOFMYFVNA-N,-7.906
PGR,c_LEU35,mut_s1,detail,1,41,BGRJTUBHPOOWDU-QDYITYEQNA-N,-8.241
PGR,c_LEU35,mut_s1,detail,1,42,KJQORRCKEQRHKP-UHFFFAOYNA-N,-8.512
PGR,c_LEU35,mut_s1,detail,1,43,SJFPWWYCPGONOM-UHFFFAOYNA-N,-8.049
PGR,c_LEU35,mut_s1,detail,1,44,VEZJRJGLFIXQHG-KJQBJTEXNA-N,-8.583
PGR,c_LEU35,mut_s1,detail,1,45,VQXJTNXJSNLNEM-WYUMXYHSNA-N,-8.578
PGR,c_LEU35,mut_s1,detail,1,46,RWCDZKHBJGXNQH-UHFFFAOYNA-N,-8.08
PGR,c_LEU35,mut_s1,detail,1,47,JXOHPGXCMHDJOH-XQMQJMAZNA-N,-7.404
PGR,c_LEU35,mut_s1,detail,1,48,XNBZHZUOHMKIBH-UHFFFAOYNA-N,-7.8
PGR,c_LEU35,mut_s1,detail,1,49,VTEXVGQDUYFTHA-UHFFFAOYNA-N,-6.699
PGR,c_LEU35,mut_s1,detail,1,50,IUJLOAKJZQBENM-UHFFFAOYNA-N,-6.875
PGR,c_LEU35,mut_s1,detail,1,51,QHULAWVSDWNAPE-UHFFFAOYNA-N,-8.098
PGR,c_LEU35,mut_s1,detail,1,52,VGJKJRWFEYUOMP-YAQRNVERNA-N,-7.164
PGR,c_LEU35,mut_s1,detail,1,53,DDCFZIXVFUZWLX-UHFFFAOYNA-N,-8.603
PGR,c_LEU35,mut_s1,detail,1,54,OTCRWFSKWBSBLF-UHFFFAOYNA-N,-7.04
PGR,c_LEU35,mut_s1,detail,1,55,YFYMHQPNOSTLFF-XQMQJMAZNA-N,-7.698
PGR,c_LEU35,mut_s1,detail,1,56,DYMQNLJFFJCVBA-UHFFFAOYNA-N,-7.144
PGR,c_LEU35,mut_s1,detail,1,57,QERUYJGOUSNCOY-YHMJCDSINA-N,-7.604
PGR,c_LEU35,mut_s1,detail,1,58,VBKFPTDUXZKHJG-VNHYZAJKNA-N,-8.036
PGR,c_LEU35,mut_s1,detail,1,59,ZBEDJPDEINGEHM-UHFFFAOYNA-N,-6.236
PGR,c_LEU35,mut_s1,detail,1,60,LIEZHLXUCGSNOU-UHFFFAOYNA-N,-8.705
PGR,c_LEU35,mut_s1,detail,1,61,RROQODCMZSASRX-UHFFFAOYNA-N,-6.615
PGR,c_LEU35,mut_s1,detail,1,62,BPMAVTHRQBBTNZ-UYBDAZJANA-N,-8.964
PGR,c_LEU35,mut_s1,detail,1,63,ATKWLNSCJYLXPF-FICVDOATNA-N,-8.833
PGR,c_LEU35,mut_s1,detail,1,64,RLUBDGBLOPBNLZ-UHFFFAOYNA-N,-9.224
PGR,c_LEU35,mut_s1,detail,1,65,UVERTHXHNQWOMX-UHFFFAOYNA-N,-8.509
PGR,c_LEU35,mut_s1,detail,1,66,BPFYGTYAFCVUAQ-QWOVJGMINA-N,-8.156
PGR,c_LEU35,mut_s1,detail,1,67,ZODJKQULMZCUCT-PKSOQXRJNA-N,-8.449
PGR,c_LEU35,mut_s1,detail,1,68,WEZGTMJXSVLNML-MPIMZMORNA-N,-9.59
PGR,c_LEU35,mut_s1,detail,1,69,IGZPSIOZEAIYTH-UHFFFAOYNA-N,-8.841
PGR,c_LEU35,mut_s1,detail,1,70,YRVFOAARONPYKD-UHFFFAOYNA-N,-8.733
PGR,c_LEU35,mut_s1,detail,1,71,ZESNJJBGEWLRGV-KAKWUFLPNA-N,-6.182
PGR,c_LEU35,mut_s1,detail,1,72,PYCBHJYHBUOUCW-PKSOQXRJNA-N,-6.97
PGR,c_LEU35,mut_s1,detail,1,73,ABPSNZWEZWHADJ-GPQMBLKYNA-N,-7.593
PGR,c_LEU35,mut_s1,detail,1,74,WXDJXWILXCCWRK-UHFFFAOYNA-N,-7.796
PGR,c_LEU35,mut_s1,detail,1,75,VCRWHFFSQUYIOM-DDCYPFOINA-N,-7.204
PGR,c_LEU35,mut_s1,detail,1,76,JANVEQMYWYPFNU-RTAVDJSLNA-N,-7.327
PGR,c_LEU35,mut_s1,detail,1,77,IQLYJZGQMYCKRA-QWOVJGMINA-N,-8.102
PGR,c_LEU35,mut_s1,detail,1,78,CTAZJMUKYKCOMY-HVXXBKQBNA-N,-7.338
PGR,c_LEU35,mut_s1,detail,1,79,FXRIMHMLPNSELN-XBTAAFKLNA-N,-6.892
PGR,c_LEU35,mut_s1,detail,1,80,GEUQUSZFVWZXJI-UHFFFAOYNA-N,-7.881
PGR,c_LEU35,mut_s1,detail,1,81,AFGXLUJVZOJZCS-DVIAZDKANA-N,-7.162
PGR,c_LEU35,mut_s1,detail,1,82,QPNICESGZANARJ-MPIMZMORNA-N,-8.496
PGR,c_LEU35,mut_s1,detail,1,83,QFHCJULFNFFSDD-MPIMZMORNA-N,-7.833
PGR,c_LEU35,mut_s1,detail,1,84,MABJRAVWPUIQDD-GPQMBLKYNA-N,-6.627
PGR,c_LEU35,mut_s1,detail,1,85,KEULGNACOIQOLD-LILDFLRNNA-N,-7.441
PGR,c_LEU35,mut_s1,detail,1,86,PHUKSBWGYBHYCM-ZANVPECINA-N,-8.594
PGR,c_LEU35,mut_s1,detail,1,87,VBFJSECKEUOBIV-UYBDAZJANA-N,-8.071
PGR,c_LEU35,mut_s1,detail,1,88,VKOJWPSHQQXTMQ-AWQFTUOYNA-N,-7.259
PGR,c_LEU35,mut_s1,detail,1,89,WGGCYQHFLWUGKK-LNNLXFCONA-N,-9.723
PGR,c_LEU35,mut_s1,detail,1,90,SEESZUWDWXYFGB-HUUCEWRRNA-N,-8.147
PGR,c_LEU35,mut_s1,detail,1,91,SAOIUZZZCRDJIE-UYBDAZJANA-N,-8.23
PGR,c_LEU35,mut_s1,detail,1,92,LCZXUQMWBHAHOF-PKSOQXRJNA-N,-7.436
PGR,c_LEU35,mut_s1,detail,1,93,HJZRMYRSMHLBMM-UHFFFAOYNA-N,-6.704
PGR,c_LEU35,mut_s1,detail,1,94,NYIAMZTVDFGSMO-UHFFFAOYNA-N,-8.676
PGR,c_LEU35,mut_s1,detail,1,95,PBGALVWBACEVEC-QWOVJGMINA-N,-7.929
PGR,c_LEU35,mut_s1,detail,1,96,DDCGYKUGMMDSDD-PKSOQXRJNA-N,-8.72
PGR,c_LEU35,mut_s1,detail,1,97,IIROHAHLTGYHGV-UYBDAZJANA-N,-8.969
PGR,c_LEU35,mut_s1,detail,1,98,IQJXWGCMCSFZHI-LQFNOIFHNA-N,-8.857
PGR,c_LEU35,mut_s1,detail,1,99,OPSKQPYXZASNGA-QWOVJGMINA-N,-7.122
PGR,c_LEU35,mut_s1,detail,1,100,COHPEUUUDGXEPG-MPIMZMORNA-N,-7.195
PGR,c_LEU35,mut_s1,detail,1,101,LCLQRXYSCAZUJT-PKSOQXRJNA-N,-7.619
PGR,c_LEU35,mut_s1,detail,1,102,DMWUHECJQADMOM-PKSOQXRJNA-N,-8.008
PGR,c_LEU35,mut_s1,detail,1,103,RINYNDHGPMMUPG-UYBDAZJANA-N,-7.786
PGR,c_LEU35,mut_s1,detail,1,104,GWFMSEYHCOCBEH-UYBDAZJANA-N,-8.252
PGR,c_LEU35,mut_s1,detail,1,105,ZSYYKQAVTXERHH-LILDFLRNNA-N,-7.572
PGR,c_LEU35,mut_s1,detail,1,106,RFGLZFMBWWKYGX-UHFFFAOYNA-N,-8.796
PGR,c_LEU35,mut_s1,detail,1,107,ZCFXIPSPKDGCHW-HSJCKIQZNA-N,-6.427
PGR,c_LEU35,mut_s1,detail,1,108,OJBRUITYMUOMQJ-UYBDAZJANA-N,-6.394
PGR,c_LEU35,mut_s1,detail,1,109,QRQQRMCYDJTOMZ-IHYGWTSJNA-N,-8.288
PGR,c_LEU35,mut_s1,detail,1,110,UZYHGPCXMSFTKE-NPQUBYNZNA-N,-7.946
PGR,c_LEU35,mut_s1,detail,1,111,FKRLYCLDDLGGPB-HCKMINDGNA-N,-7.721
PGR,c_LEU35,mut_s1,detail,1,112,SJUXHCSNSGLKJD-UYBDAZJANA-N,-7.403
PGR,c_LEU35,mut_s1,detail,1,113,MDJMMLITJGVNQI-LILDFLRNNA-N,-7.918
PGR,c_LEU35,mut_s1,detail,1,114,LAKWSLSTUWRCOM-UHFFFAOYNA-N,-8.825
PGR,c_LEU35,mut_s1,detail,1,115,RZYYWEWDCWHDNZ-PKSOQXRJNA-N,-7.491
PGR,c_LEU35,mut_s1,detail,1,116,KSTQHOAVVBOECJ-PKSOQXRJNA-N,-7.878
PGR,c_LEU35,mut_s1,detail,1,117,LTBODPBDLZJCLH-UHFFFAOYNA-N,-9.388
PGR,c_LEU35,mut_s1,detail,1,118,YNPHZUYBOQPWKQ-UYBDAZJANA-N,-8.714
PGR,c_LEU35,mut_s1,detail,1,119,TZYCJGJZUSVUSB-UHFFFAOYNA-N,-7.587
PGR,c_LEU35,mut_s1,detail,1,120,YDEMTQMAWLEDQT-HPHMPNDVNA-N,-6.636
PGR,c_LEU35,mut_s1,detail,1,121,JJTMKAVMZRVHFW-JZJYNLBNNA-N,-8.324
PGR,c_LEU35,mut_s1,detail,1,122,UQILDYXMCYUCGV-MPIMZMORNA-N,-6.74
PGR,c_LEU35,mut_s1,detail,1,123,LRULJABSRXBARK-PKSOQXRJNA-N,-7.831
PGR,c_LEU35,mut_s1,detail,1,124,FDGMHVXFEWDBLE-GZNJHTOZNA-N,-7.638
PGR,c_LEU35,mut_s1,detail,1,125,MDPXBTVEVMPBMF-MRSUPTMINA-N,-8.66
PGR,c_LEU35,mut_s1,detail,1,126,PRDMNBQAHOVKAV-UHFFFAOYNA-N,-10.104
PGR,c_LEU35,mut_s1,detail,1,127,OBAYJABSUJXLMA-HCKMINDGNA-N,-8.518
PGR,c_LEU35,mut_s1,detail,1,128,HLMWKCMXNWJGGO-VNHAUOCNNA-N,-6.739
PGR,c_LEU35,mut_s1,detail,1,129,ZWXZFCRRFQRJPF-QWOVJGMINA-N,-6.788
PGR,c_LEU35,mut_s1,detail,1,130,IXUSJKAERUMZME-NBNNRKRINA-N,-8.325
PGR,c_LEU35,mut_s1,detail,1,131,WDVACORMOUBMRH-NPQUBYNZNA-N,-8.278
PGR,c_LEU35,mut_s1,detail,1,132,UXLJJGBAQOYQMV-UHFFFAOYNA-N,-8.731
PGR,c_LEU35,mut_s1,detail,1,133,RWPNUXJCHLIEDT-UHFFFAOYNA-N,-6.15
PGR,c_LEU35,mut_s1,detail,1,134,BTCLKPCIIFOYHE-KRMNUSLJNA-N,-6.671
PGR,c_LEU35,mut_s1,detail,1,135,IGYZXGKFEXFDBK-SPEPDGBUNA-N,-8.76
PGR,c_LEU35,mut_s1,detail,1,136,RUKFQFDSWPNHGL-LNNLXFCONA-N,-6.459
PGR,c_LEU35,mut_s1,detail,1,137,QTHMBVGZTPOODZ-FVJBVQDQNA-N,-6.755
PGR,c_LEU35,mut_s1,detail,1,138,BLQYVHBZHAISJM-LSHAIWFFNA-N,-6.645
PGR,c_LEU35,mut_s1,detail,1,139,WMDYKLMOCCOUEL-SACSUSJJNA-N,-8.438
PGR,c_LEU35,mut_s1,detail,1,140,LEVPVCOKBQEXMQ-MPIMZMORNA-N,-6.549
PGR,c_LEU35,mut_s1,detail,1,141,YYDFYJDBXOSJHE-WBMJQRKENA-N,-6.412
PGR,c_LEU35,mut_s1,detail,1,142,NFXJPCKVPBXSDH-LQFNOIFHNA-N,-5.516
PGR,c_LEU35,mut_s1,detail,1,143,KAUHJCPWWQWSJV-LELJVTLKNA-N,-6.652
PGR,c_LEU35,mut_s1,detail,1,144,NVZSQUSTRBKANP-YIVFFDRWNA-N,-7.524
PGR,c_LEU35,mut_s1,detail,1,145,WIKNISOFBKUYKR-LBOYIXSDNA-N,-9.517
PGR,c_LEU35,mut_s1,detail,1,146,AQIYGSAXYBBKKP-LNNLXFCONA-N,-6.118
PGR,c_LEU35,mut_s1,detail,1,147,TWKQKOFHSPYVSG-LQFNOIFHNA-N,-7.039
PGR,c_LEU35,mut_s1,detail,1,148,LVWSKXKIFXRKQJ-QWOVJGMINA-N,-8.361
PGR,c_LEU35,mut_s1,detail,1,149,BBBUKQRTMPJLSL-FHIWLMNKNA-N,-7.696
PGR,c_LEU35,mut_s1,detail,1,150,SCECNMVMCCDVHC-UHFFFAOYNA-N,-8.674
PGR,c_LEU35,mut_s1,detail,1,151,OLMVVVWTBFULHB-HXTKINSTNA-N,-6.229
PGR,c_LEU35,mut_s1,detail,1,152,BJXFHKHIABEKFL-HXTKINSTNA-N,-6.683
PGR,c_LEU35,mut_s1,detail,1,153,GMYAIAZTDBDYGE-UHFFFAOYNA-N,-7.426
PGR,c_LEU35,mut_s1,detail,1,154,OMIWVZGQMXEZLZ-UHFFFAOYNA-N,-8.208
PGR,c_LEU35,mut_s1,detail,1,155,SFQDUATXFZWGHZ-UHFFFAOYNA-N,-5.849
PGR,c_LEU35,mut_s1,detail,1,156,AMRCHQSZZXWZBI-UHFFFAOYNA-N,-5.01
PGR,c_LEU35,mut_s1,detail,1,157,PDKBGLXLXHGRIF-UHFFFAOYNA-N,-6.504
PGR,c_LEU35,mut_s1,detail,1,158,IMPCJHDDDAGSIP-UHFFFAOYNA-N,-7.554
PGR,c_LEU35,mut_s1,detail,1,159,QKASSONCRIQFQE-UHFFFAOYNA-N,-6.901
PGR,c_LEU35,mut_s1,detail,1,160,RBPSUSGZEBUPLW-LELJVTLKNA-N,-8.919
PGR,c_LEU35,mut_s1,detail,1,161,IZMNNUPSRDMEKL-LICXQBBSNA-N,-8.704
PGR,c_LEU35,mut_s1,detail,1,162,PAVNRYHGSYWSPV-MPIMZMORNA-N,-5.7
PGR,c_LEU35,mut_s1,detail,1,163,TZXYYVHNWAKJLI-UHFFFAOYNA-N,-6.913
PGR,c_LEU35,mut_s1,detail,1,164,HNOCRTTZBPUBHY-UHFFFAOYNA-N,-6.292
PGR,c_LEU35,mut_s1,detail,1,165,WMPZPNIPTZCCJK-PKSOQXRJNA-N,-6.484
PGR,c_LEU35,mut_s1,detail,1,166,OBPAOULTANNRFC-QWOVJGMINA-N,-7.173
PGR,c_LEU35,mut_s1,detail,1,167,UCJOWIKNRBWRAB-UHFFFAOYNA-N,-8.06
PGR,c_LEU35,mut_s1,detail,1,168,GFKDVMSTTKOYOX-QCVZTBOQNA-N,-6.903
PGR,c_LEU35,mut_s1,detail,1,169,BAEJDWKEKZSULN-UHFFFAOYNA-N,-5.974
PGR,c_LEU35,mut_s1,detail,1,170,KZUDVENDSUODSU-LQFNOIFHNA-N,-8.101
PGR,c_LEU35,mut_s1,detail,1,171,HBYPDVHGDKCNMT-DVIAZDKANA-N,-8.074
PGR,c_LEU35,mut_s1,detail,1,172,PMUHFTCPDVPMRF-LELJVTLKNA-N,-8.254
PGR,c_LEU35,mut_s1,detail,1,173,XIYSICLOFPYCTK-ZVWSISBDNA-N,-5.413
PGR,c_LEU35,mut_s1,detail,1,174,CFOFCUAQALFPIW-HPRFPMAVNA-N,-6.4
PGR,c_LEU35,mut_s1,detail,1,175,ZNBMRULRQJAJNW-IRIILVJRNA-N,-7.976
PGR,c_LEU35,mut_s1,detail,1,176,RSQKKNPJKLBGPF-DVIAZDKANA-N,-5.96
PGR,c_LEU35,mut_s1,detail,1,177,UIYRVVZHZVHONZ-QWOVJGMINA-N,-7.95
PGR,c_LEU35,mut_s1,detail,1,178,RNCGDYFDZJIQTQ-UHFFFAOYNA-N,-9.999
PGR,c_LEU35,mut_s1,detail,1,179,QOWFNZNDIAKQKO-QFIPXVFZNA-N,-8.158
PGR,c_LEU35,mut_s1,detail,1,180,FIPNXDSUMLBDQK-LQFNOIFHNA-N,-7.322
PGR,c_LEU35,mut_s1,detail,1,181,NHFGNUVGTDMGKX-UHFFFAOYNA-N,-6.07
PGR,c_LEU35,mut_s1,detail,1,182,RNBGNITZKVUDSK-YFMNGRKDNA-N,-6.476
PGR,c_LEU35,mut_s1,detail,1,183,CPEKPARXQVWWJD-IAXKEJLGNA-N,-4.76
PGR,c_LEU35,mut_s1,detail,1,184,IEAABJYVWXHFOX-MPIMZMORNA-N,-7.59
PGR,c_LEU35,mut_s1,detail,1,185,DSNCXRXGMZSRBV-GOSISDBHNA-N,-9.007
PGR,c_LEU35,mut_s1,detail,1,186,DOVTZHSQYCZIIX-MPIMZMORNA-N,-7.134
PGR,c_LEU35,mut_s1,detail,1,187,BKYWKCMMWRHBGX-SPEPDGBUNA-N,-8.34
PGR,c_LEU35,mut_s1,detail,1,188,MTRHSIOVVWFAOM-MPIMZMORNA-N,-6.104
PGR,c_LEU35,mut_s1,detail,1,189,VZLVPTSUFJDRRQ-LELJVTLKNA-N,-6.591
PGR,c_LEU35,mut_s1,detail,1,190,FJYPQTWLGSEZAE-UNEGGNDLNA-N,-8.023
PGR,c_LEU35,mut_s1,detail,1,191,FOJSFYSVCCQUQP-VVKINWOJNA-N,-7.357
PGR,c_LEU35,mut_s1,detail,1,192,SULPKNWDXWJTHQ-GCNJZUOMNA-N,-6.323
PGR,c_LEU35,mut_s1,detail,1,193,JTPAQMOUZGIORE-UHFFFAOYNA-N,-5.956
PGR,c_LEU35,mut_s1,detail,1,194,KRFPGHLUAFZMRZ-TYOBWDGZNA-N,-5.815
PGR,c_LEU35,mut_s1,detail,1,195,TVZGACDUOSZQKY-XBGCRKGSNA-N,-7.852
PGR,c_LEU35,mut_s1,detail,1,196,CXDZGSNFZYGQSZ-PKRZOPRNNA-N,-7.125
PGR,c_LEU35,mut_s1,detail,1,197,FBZYWIMLLHPUPX-VJSLDGLSNA-N,-6.524
PGR,c_LEU35,mut_s1,detail,1,198,HKJNKURRZRPPMK-MDXLESTANA-N,-6.742
PGR,c_LEU35,mut_s1,detail,1,199,DVAPEEIVFMOBQW-SLSKDPHBNA-N,-6.204
PGR,c_LEU35,mut_s1,detail,1,200,SVDIZPBCTLXSOH-LNNLXFCONA-N,-5.811
PGR,c_LEU35,mut_s1,detail,1,201,NDXCWKMYPWRPDY-NUCQJGHSNA-N,-6.222
PGR,c_LEU35,mut_s1,detail,1,202,VXHUMLIJAQHWIX-CRNXEPDINA-N,-5.658
PGR,c_LEU35,mut_s1,detail,1,203,KBZDVXICPAJAAT-LNNLXFCONA-N,-5.249
PGR,c_LEU35,mut_s1,detail,1,204,DVFDTYFATLFXHU-WOPMAMTRNA-N,-5.597
PGR,c_LEU35,mut_s1,detail,1,205,WURBKQGAFSESKZ-MPIMZMORNA-N,-6.443
PGR,c_LEU35,mut_s1,detail,1,206,LXGVFBXRKSCESU-UWUUZOGGNA-N,-6.306
PGR,c_LEU35,mut_s1,detail,1,207,CQWFJACPUQVVQZ-UHFFFAOYNA-N,-6.546
PGR,c_LEU35,mut_s1,detail,1,208,FEZAUPQJLJCQHD-XRJCTRHONA-N,-6.242
PGR,c_LEU35,mut_s1,detail,1,209,IDKGPACCMPKKQB-LIPPOORTNA-N,-9.356
PGR,c_LEU35,mut_s1,detail,1,210,PEPJPELNFRAZNQ-LKHHGCNMNA-N,-7.236
PGR,c_LEU35,mut_s1,detail,1,211,GRUWUINXLANFJE-LBOYIXSDNA-N,-6.785
PGR,c_LEU35,mut_s1,detail,1,212,RTFGYBAMFJVGHJ-UHFFFAOYNA-N,-6.69
PGR,c_LEU35,mut_s1,detail,1,213,LYJNRGFCMLOFNV-HIVOMVAKNA-N,-5.268
PGR,c_LEU35,mut_s1,detail,1,214,MKDSWBAEXGFAEE-LBOYIXSDNA-N,-5.652
PGR,c_LEU35,mut_s1,detail,1,215,NSLNDONZYBNSFU-ASVXZIMGNA-N,-6.913
PGR,c_LEU35,mut_s1,detail,1,216,HUDCDZLLNLJTEW-RBSQRGBYNA-N,-5.537
PGR,c_LEU35,mut_s1,detail,1,217,OFRDBFMZCXXKAH-LBOYIXSDNA-N,-5.678
PGR,c_LEU35,mut_s1,detail,1,218,NSLGAHAKEFYCED-PELNGNISNA-N,-5.411
PGR,c_LEU35,mut_s1,detail,1,219,QLSURSTUZJVSGU-NSJMMFDCNA-N,-7.914
PGR,c_LEU35,mut_s1,detail,1,220,CXLYWVWLNDGNIU-VEORKLDJNA-N,-5.33
PGR,c_LEU35,mut_s1,detail,1,221,RHIJMDNVEPLDED-UHFFFAOYNA-N,-5.475
PGR,c_LEU35,mut_s1,detail,1,222,YNUXXMJVZSTPFZ-CSKMVECVNA-N,-6.977
PGR,c_LEU35,mut_s1,detail,1,223,ILWOOGUHZKNTQQ-DNVCBOLYNA-N,-7.814
PGR,c_LEU35,mut_s1,detail,1,224,CARWTONHZWZDHZ-XIPNIRHDNA-N,-6.542
PGR,c_LEU35,mut_s1,detail,1,225,OSMWANBXVVPETF-HTBVCZPNNA-N,-6.112
PGR,c_LEU35,mut_s1,detail,1,226,KCNVHXJEALIYQI-PCRUTULWNA-N,-5.414
PGR,c_LEU35,mut_s1,detail,1,227,FPUDFDKQGXUBJA-QQXSKIMKNA-N,-8.391
PGR,c_LEU35,mut_s1,detail,1,228,MQWZYEDJGHLFFI-VJSLDGLSNA-N,-8.28
PGR,c_LEU35,mut_s1,detail,1,229,YPTIEFMKXZIMKO-LNNLXFCONA-N,-7.873
PGR,c_LEU35,mut_s1,detail,1,230,MWIZLUKLQZEFBC-LKHHGCNMNA-N,-5.23
PGR,c_LEU35,mut_s1,detail,1,231,PMNZCFDKKKLFHH-LBOYIXSDNA-N,-6.95
PGR,c_LEU35,mut_s1,detail,1,232,NELOFNHVEWRSBT-OKPOJWAQNA-N,-6.4
PGR,c_LEU35,mut_s1,detail,1,233,VCXACHHEDDVKAY-SREBMQDQNA-N,-7.371
PGR,c_LEU35,mut_s1,detail,1,234,KWJVADNYZMUTJY-IPYVVANSNA-N,-7.509
PGR,c_LEU35,mut_s1,detail,1,235,LLQAFRKQJAOAMO-XGEXJYLCNA-N,-5.936
PGR,c_LEU35,mut_s1,detail,1,236,VCAMVXBSKDFRFE-LNNLXFCONA-N,-6.534
PGR,c_LEU35,mut_s1,detail,1,237,QXIHUBWNLRPDRU-UHFFFAOYNA-N,-7.173
PGR,c_LEU35,mut_s1,detail,1,238,JUXOLKXMOLRWLC-MPIMZMORNA-N,-6.735
PGR,c_LEU35,mut_s1,detail,1,239,SQTIAXOMFTYLLF-QVYQQCQZNA-N,-5.676
PGR,c_LEU35,mut_s1,detail,1,240,BJSKDMOWRPAVMK-UHFFFAOYNA-N,-9.075
PGR,c_LEU35,mut_s1,detail,1,241,VRQPEWWROOGXLL-VJSLDGLSNA-N,-6.244
PGR,c_LEU35,mut_s1,detail,1,242,IXNOFPXGSKSKJH-HXTKINSTNA-N,-6.749
PGR,c_LEU35,mut_s1,detail,1,243,BMCFOHNLKRIWMC-UHFFFAOYNA-N,-1.83
PGR,c_LEU35,mut_s1,detail,1,244,FLFMKNMHDFIWDB-PJQSKVNONA-N,-6.882
PGR,c_LEU35,mut_s1,detail,1,245,JJLXVLWPUFIUBC-IGBJZSFZNA-N,-7.915
PGR,c_LEU35,mut_s1,detail,1,246,ZXCSBCTVTJFLOZ-JUEKIJOLNA-N,-7.479
PGR,c_LEU35,mut_s1,detail,1,247,LCSLDZZBWHBLFA-UHFFFAOYNA-N,-4.933
PGR,c_LEU35,mut_s1,detail,1,248,CAVTYMQSFAIXRJ-AKXZRBJUNA-N,-4.885
PGR,c_LEU35,mut_s1,detail,1,249,UFXJYIXRQNBEDW-UHFFFAOYNA-N,-7.457
PGR,c_LEU35,mut_s1,detail,1,250,HWIAWSLSCZUKKA-SFHVURJKNA-N,-5.883
PGR,c_LEU35,mut_s1,detail,1,251,MYHQHPUWOWUUQI-ZELWXOMMNA-N,-5.436
PGR,c_LEU35,mut_s1,detail,1,252,GWNRIUBPBWOQGT-UHFFFAOYNA-N,-7.84
PGR,c_LEU35,mut_s1,detail,1,253,YCWRQUXRVNLWEM-LELJVTLKNA-N,-7.198
PGR,c_LEU35,mut_s1,detail,1,254,DMRFDXBCAQFSFQ-UYLYIRGYNA-N,-8.157
PGR,c_LEU35,mut_s1,detail,1,255,XCZDGLYGEYYXKS-UWLQQCCWNA-N,-5.106
PGR,c_VAL74,mut_s1,detail,1,0,UDJUXZQGNCUDQR-LILDFLRNNA-N,-8.435
PGR,c_VAL74,mut_s1,detail,1,1,GANVJBSNVYJUKL-UHFFFAOYNA-N,-6.834
PGR,c_VAL74,mut_s1,detail,1,2,RUBHNPNCPXGKIE-YAQRNVERNA-N,-6.863
PGR,c_VAL74,mut_s1,detail,1,3,JYSICDMWNXGPIM-XLPACQNMNA-N,-6.982
PGR,c_VAL74,mut_s1,detail,1,4,KZDPKDSPDUVHGB-GAJRPKRDNA-N,-7.533
PGR,c_VAL74,mut_s1,detail,1,5,GQKJQNXSSQKJGW-HCKMINDGNA-N,-8.105
PGR,c_VAL74,mut_s1,detail,1,6,HJRUOZFNPQVNSF-MNIXEANVNA-N,-8.512
PGR,c_VAL74,mut_s1,detail,1,7,ALUOSUMBVMLDKR-UHFFFAOYNA-N,-9.26
PGR,c_VAL74,mut_s1,detail,1,8,QMQNUSSPTHZCGT-UYBDAZJANA-N,-9.156
PGR,c_VAL74,mut_s1,detail,1,9,UEZBMIQIUOTBJT-UYBDAZJANA-N,-7.867
PGR,c_VAL74,mut_s1,detail,1,10,ICZZTNOOMSQNCH-UHFFFAOYNA-N,-7.45
PGR,c_VAL74,mut_s1,detail,1,11,AMOFQKAIXTYZIZ-NPVYFSBINA-N,-7.025
PGR,c_VAL74,mut_s1,detail,1,12,IZOPLHPCKOSQQN-UHFFFAOYNA-N,-7.977
PGR,c_VAL74,mut_s1,detail,1,13,OFZZZJLWPKOLIX-GPQMBLKYNA-N,-8.301
PGR,c_VAL74,mut_s1,detail,1,14,BXADTFNFCCRMQU-UHFFFAOYNA-N,-7.007
PGR,c_VAL74,mut_s1,detail,1,15,PKQDOSZHMAIBHQ-GPQMBLKYNA-N,-9.102
PGR,c_VAL74,mut_s1,detail,1,16,JLTFAWOGGLXAFU-UHFFFAOYNA-N,-7.734
PGR,c_VAL74,mut_s1,detail,1,17,QYACKAORZRQPTE-UHFFFAOYNA-N,-6.701
PGR,c_VAL74,mut_s1,detail,1,18,FFJKVRCOUHEYOK-YAQRNVERNA-N,-7.372
PGR,c_VAL74,mut_s1,detail,1,19,MFTSRMJYWLCCSA-GHRIWEEINA-N,-8.624
PGR,c_VAL74,mut_s1,detail,1,20,NDRMSISLKTZBKD-HCKMINDGNA-N,-7.895
PGR,c_VAL74,mut_s1,detail,1,21,APGSUVBRVVNRPJ-UHFFFAOYNA-N,-8.248
PGR,c_VAL74,mut_s1,detail,1,22,MTIGVNBPQVLRLS-XQMQJMAZNA-N,-7.216
PGR,c_VAL74,mut_s1,detail,1,23,WIWDZNZJLUFUSQ-GSIAOYINNA-N,-8.354
PGR,c_VAL74,mut_s1,detail,1,24,WVJSLMIKTFBTBO-WVMALLHKNA-N,-6.789
PGR,c_VAL74,mut_s1,detail,1,25,QASCAWSPAPUKDI-UHFFFAOYNA-N,-7.388
PGR,c_VAL74,mut_s1,detail,1,26,WJZNKICGQZGRPQ-YHMJCDSINA-N,-6.653
PGR,c_VAL74,mut_s1,detail,1,27,ACKCEYIVRXUHDK-HCKMINDGNA-N,-7.845
PGR,c_VAL74,mut_s1,detail,1,28,GXKXWCKNQMYETG-UHFFFAOYNA-N,-9.083
PGR,c_VAL74,mut_s1,detail,1,29,QGTKEDSQUDRCEG-UHFFFAOYNA-N,-7.268
PGR,c_VAL74,mut_s1,detail,1,30,NYJUJIFSIDORSZ-LILDFLRNNA-N,-8.803
PGR,c_VAL74,mut_s1,detail,1,31,SCGGVBDHUNVGKR-VRGMUVNCNA-N,-9.748
PGR,c_VAL74,mut_s1,detail,1,32,ZWGVKWPZYUUFSB-YAQRNVERNA-N,-7.133
PGR,c_VAL74,mut_s1,detail,1,33,BCTONXHZFGFJIT-UHFFFAOYNA-N,-8.936
PGR,c_VAL74,mut_s1,detail,1,34,BIZAQLNMDJHGTL-HCKMINDGNA-N,-8.695
PGR,c_VAL74,mut_s1,detail,1,35,KZFYAEKGSRGKDQ-GPQMBLKYNA-N,-7.937
PGR,c_VAL74,mut_s1,detail,1,36,REZYNFOIWKOLBD-UHFFFAOYNA-N,-7.544
PGR,c_VAL74,mut_s1,detail,1,37,SDKQIECEJUFKHI-MUSVCJDDNA-N,-7.954
PGR,c_VAL74,mut_s1,detail,1,38,XUJSYVYKXBOYJP-JTQLQIEINA-N,-8.839
PGR,c_VAL74,mut_s1,detail,1,39,NVHKWMBHTXQWRP-NSFCMMSCNA-N,-8.29
PGR,c_VAL74,mut_s1,detail,1,40,AHYPQQDJTFMEJW-VGOFMYFVNA-N,-7.762
PGR,c_VAL74,mut_s1,detail,1,41,BGRJTUBHPOOWDU-QDYITYEQNA-N,-7.292
PGR,c_VAL74,mut_s1,detail,1,42,KJQORRCKEQRHKP-UHFFFAOYNA-N,-8.381
PGR,c_VAL74,mut_s1,detail,1,43,SJFPWWYCPGONOM-UHFFFAOYNA-N,-7.671
PGR,c_VAL74,mut_s1,detail,1,44,VEZJRJGLFIXQHG-KJQBJTEXNA-N,-8.636
PGR,c_VAL74,mut_s1,detail,1,45,VQXJTNXJSNLNEM-WYUMXYHSNA-N,-8.646
PGR,c_VAL74,mut_s1,detail,1,46,RWCDZKHBJGXNQH-UHFFFAOYNA-N,-7.602
PGR,c_VAL74,mut_s1,detail,1,47,JXOHPGXCMHDJOH-XQMQJMAZNA-N,-7.363
PGR,c_VAL74,mut_s1,detail,1,48,XNBZHZUOHMKIBH-UHFFFAOYNA-N,-7.624
PGR,c_VAL74,mut_s1,detail,1,49,VTEXVGQDUYFTHA-UHFFFAOYNA-N,-6.756
PGR,c_VAL74,mut_s1,detail,1,50,IUJLOAKJZQBENM-UHFFFAOYNA-N,-7.124
PGR,c_VAL74,mut_s1,detail,1,51,QHULAWVSDWNAPE-UHFFFAOYNA-N,-7.343
PGR,c_VAL74,mut_s1,detail,1,52,VGJKJRWFEYUOMP-YAQRNVERNA-N,-7.427
PGR,c_VAL74,mut_s1,detail,1,53,DDCFZIXVFUZWLX-UHFFFAOYNA-N,-8.339
PGR,c_VAL74,mut_s1,detail,1,54,OTCRWFSKWBSBLF-UHFFFAOYNA-N,-7.508
PGR,c_VAL74,mut_s1,detail,1,55,YFYMHQPNOSTLFF-XQMQJMAZNA-N,-7.549
PGR,c_VAL74,mut_s1,detail,1,56,DYMQNLJFFJCVBA-UHFFFAOYNA-N,-6.841
PGR,c_VAL74,mut_s1,detail,1,57,QERUYJGOUSNCOY-YHMJCDSINA-N,-7.776
PGR,c_VAL74,mut_s1,detail,1,58,VBKFPTDUXZKHJG-VNHYZAJKNA-N,-8.043
PGR,c_VAL74,mut_s1,detail,1,59,ZBEDJPDEINGEHM-UHFFFAOYNA-N,-6.382
PGR,c_VAL74,mut_s1,detail,1,60,LIEZHLXUCGSNOU-UHFFFAOYNA-N,-8.914
PGR,c_VAL74,mut_s1,detail,1,61,RROQODCMZSASRX-UHFFFAOYNA-N,-6.495
PGR,c_VAL74,mut_s1,detail,1,62,BPMAVTHRQBBTNZ-UYBDAZJANA-N,-9.074
PGR,c_VAL74,mut_s1,detail,1,63,ATKWLNSCJYLXPF-FICVDOATNA-N,-8.865
PGR,c_VAL74,mut_s1,detail,1,64,RLUBDGBLOPBNLZ-UHFFFAOYNA-N,-9.202
PGR,c_VAL74,mut_s1,detail,1,65,UVERTHXHNQWOMX-UHFFFAOYNA-N,-8.037
PGR,c_VAL74,mut_s1,detail,1,66,BPFYGTYAFCVUAQ-QWOVJGMINA-N,-8.037
PGR,c_VAL74,mut_s1,detail,1,67,ZODJKQULMZCUCT-PKSOQXRJNA-N,-7.987
PGR,c_VAL74,mut_s1,detail,1,68,WEZGTMJXSVLNML-MPIMZMORNA-N,-1.23
PGR,c_VAL74,mut_s1,detail,1,69,IGZPSIOZEAIYTH-UHFFFAOYNA-N,-8.734
PGR,c_VAL74,mut_s1,detail,1,70,YRVFOAARONPYKD-UHFFFAOYNA-N,-8.818
PGR,c_VAL74,mut_s1,detail,1,71,ZESNJJBGEWLRGV-KAKWUFLPNA-N,-7.937
PGR,c_VAL74,mut_s1,detail,1,72,PYCBHJYHBUOUCW-PKSOQXRJNA-N,-6.447
PGR,c_VAL74,mut_s1,detail,1,73,ABPSNZWEZWHADJ-GPQMBLKYNA-N,-7.181
PGR,c_VAL74,mut_s1,detail,1,74,WXDJXWILXCCWRK-UHFFFAOYNA-N,-7.335
PGR,c_VAL74,mut_s1,detail,1,75,VCRWHFFSQUYIOM-DDCYPFOINA-N,-6.554
PGR,c_VAL74,mut_s1,detail,1,76,JANVEQMYWYPFNU-RTAVDJSLNA-N,-6.844
PGR,c_VAL74,mut_s1,detail,1,77,IQLYJZGQMYCKRA-QWOVJGMINA-N,-7.706
PGR,c_VAL74,mut_s1,detail,1,78,CTAZJMUKYKCOMY-HVXXBKQBNA-N,-7.671
PGR,c_VAL74,mut_s1,detail,1,79,FXRIMHMLPNSELN-XBTAAFKLNA-N,-6.62
PGR,c_VAL74,mut_s1,detail,1,80,GEUQUSZFVWZXJI-UHFFFAOYNA-N,-7.925
PGR,c_VAL74,mut_s1,detail,1,81,AFGXLUJVZOJZCS-DVIAZDKANA-N,-7.041
PGR,c_VAL74,mut_s1,detail,1,82,QPNICESGZANARJ-MPIMZMORNA-N,-8.787
PGR,c_VAL74,mut_s1,detail,1,83,QFHCJULFNFFSDD-MPIMZMORNA-N,-6.524
PGR,c_VAL74,mut_s1,detail,1,84,MABJRAVWPUIQDD-GPQMBLKYNA-N,-6.223
PGR,c_VAL74,mut_s1,detail,1,85,KEULGNACOIQOLD-LILDFLRNNA-N,-7.36
PGR,c_VAL74,mut_s1,detail,1,86,PHUKSBWGYBHYCM-ZANVPECINA-N,-8.537
PGR,c_VAL74,mut_s1,detail,1,87,VBFJSECKEUOBIV-UYBDAZJANA-N,-7.458
PGR,c_VAL74,mut_s1,detail,1,88,VKOJWPSHQQXTMQ-AWQFTUOYNA-N,-7.766
PGR,c_VAL74,mut_s1,detail,1,89,WGGCYQHFLWUGKK-LNNLXFCONA-N,-8.772
PGR,c_VAL74,mut_s1,detail,1,90,SEESZUWDWXYFGB-HUUCEWRRNA-N,-6.97
PGR,c_VAL74,mut_s1,detail,1,91,SAOIUZZZCRDJIE-UYBDAZJANA-N,-6.369
PGR,c_VAL74,mut_s1,detail,1,92,LCZXUQMWBHAHOF-PKSOQXRJNA-N,-8.221
PGR,c_VAL74,mut_s1,detail,1,93,HJZRMYRSMHLBMM-UHFFFAOYNA-N,-6.529
PGR,c_VAL74,mut_s1,detail,1,94,NYIAMZTVDFGSMO-UHFFFAOYNA-N,-7.013
PGR,c_VAL74,mut_s1,detail,1,95,PBGALVWBACEVEC-QWOVJGMINA-N,-6.888
PGR,c_VAL74,mut_s1,detail,1,96,DDCGYKUGMMDSDD-PKSOQXRJNA-N,-6.967
PGR,c_VAL74,mut_s1,detail,1,97,IIROHAHLTGYHGV-UYBDAZJANA-N,-9.142
PGR,c_VAL74,mut_s1,detail,1,98,IQJXWGCMCSFZHI-LQFNOIFHNA-N,-6.961
PGR,c_VAL74,mut_s1,detail,1,99,OPSKQPYXZASNGA-QWOVJGMINA-N,-6.183
PGR,c_VAL74,mut_s1,detail,1,100,COHPEUUUDGXEPG-MPIMZMORNA-N,-6.727
PGR,c_VAL74,mut_s1,detail,1,101,LCLQRXYSCAZUJT-PKSOQXRJNA-N,-6.887
PGR,c_VAL74,mut_s1,detail,1,102,DMWUHECJQADMOM-PKSOQXRJNA-N,-7.884
PGR,c_VAL74,mut_s1,detail,1,103,RINYNDHGPMMUPG-UYBDAZJANA-N,-7.446
PGR,c_VAL74,mut_s1,detail,1,104,GWFMSEYHCOCBEH-UYBDAZJANA-N,-7.743
PGR,c_VAL74,mut_s1,detail,1,105,ZSYYKQAVTXERHH-LILDFLRNNA-N,-6.723
PGR,c_VAL74,mut_s1,detail,1,106,RFGLZFMBWWKYGX-UHFFFAOYNA-N,-7.938
PGR,c_VAL74,mut_s1,detail,1,107,ZCFXIPSPKDGCHW-HSJCKIQZNA-N,-6.77
PGR,c_VAL74,mut_s1,detail,1,108,OJBRUITYMUOMQJ-UYBDAZJANA-N,-6.396
PGR,c_VAL74,mut_s1,detail,1,109,QRQQRMCYDJTOMZ-IHYGWTSJNA-N,-7.55
PGR,c_VAL74,mut_s1,detail,1,110,UZYHGPCXMSFTKE-NPQUBYNZNA-N,-8.127
PGR,c_VAL74,mut_s1,detail,1,111,FKRLYCLDDLGGPB-HCKMINDGNA-N,-5.731
PGR,c_VAL74,mut_s1,detail,1,112,SJUXHCSNSGLKJD-UYBDAZJANA-N,-6.732
PGR,c_VAL74,mut_s1,detail,1,113,MDJMMLITJGVNQI-LILDFLRNNA-N,-6.112
PGR,c_VAL74,mut_s1,detail,1,114,LAKWSLSTUWRCOM-UHFFFAOYNA-N,-8.542
PGR,c_VAL74,mut_s1,detail,1,115,RZYYWEWDCWHDNZ-PKSOQXRJNA-N,-6.585
PGR,c_VAL74,mut_s1,detail,1,116,KSTQHOAVVBOECJ-PKSOQXRJNA-N,-7.77
PGR,c_VAL74,mut_s1,detail,1,117,LTBODPBDLZJCLH-UHFFFAOYNA-N,-8.892
PGR,c_VAL74,mut_s1,detail,1,118,YNPHZUYBOQPWKQ-UYBDAZJANA-N,-7.94
PGR,c_VAL74,mut_s1,detail,1,119,TZYCJGJZUSVUSB-UHFFFAOYNA-N,-5.478
PGR,c_VAL74,mut_s1,detail,1,120,YDEMTQMAWLEDQT-HPHMPNDVNA-N,-6.144
PGR,c_VAL74,mut_s1,detail,1,121,JJTMKAVMZRVHFW-JZJYNLBNNA-N,-8.739
PGR,c_VAL74,mut_s1,detail,1,122,UQILDYXMCYUCGV-MPIMZMORNA-N,-7.391
PGR,c_VAL74,mut_s1,detail,1,123,LRULJABSRXBARK-PKSOQXRJNA-N,-6.78
PGR,c_VAL74,mut_s1,detail,1,124,FDGMHVXFEWDBLE-GZNJHTOZNA-N,-7.239
PGR,c_VAL74,mut_s1,detail,1,125,MDPXBTVEVMPBMF-MRSUPTMINA-N,-5.987
PGR,c_VAL74,mut_s1,detail,1,126,PRDMNBQAHOVKAV-UHFFFAOYNA-N,-9.13
PGR,c_VAL74,mut_s1,detail,1,127,OBAYJABSUJXLMA-HCKMINDGNA-N,-7.829
PGR,c_VAL74,mut_s1,detail,1,128,HLMWKCMXNWJGGO-VNHAUOCNNA-N,-6.775
PGR,c_VAL74,mut_s1,detail,1,129,ZWXZFCRRFQRJPF-QWOVJGMINA-N,-6.525
PGR,c_VAL74,mut_s1,detail,1,130,IXUSJKAERUMZME-NBNNRKRINA-N,-8.235
PGR,c_VAL74,mut_s1,detail,1,131,WDVACORMOUBMRH-NPQUBYNZNA-N,-6.599
PGR,c_VAL74,mut_s1,detail,1,132,UXLJJGBAQOYQMV-UHFFFAOYNA-N,-7.988
PGR,c_VAL74,mut_s1,detail,1,133,RWPNUXJCHLIEDT-UHFFFAOYNA-N,-6.333
PGR,c_VAL74,mut_s1,detail,1,134,BTCLKPCIIFOYHE-KRMNUSLJNA-N,-6.562
PGR,c_VAL74,mut_s1,detail,1,135,IGYZXGKFEXFDBK-SPEPDGBUNA-N,-8.287
PGR,c_VAL74,mut_s1,detail,1,136,RUKFQFDSWPNHGL-LNNLXFCONA-N,-6.648
PGR,c_VAL74,mut_s1,detail,1,137,QTHMBVGZTPOODZ-FVJBVQDQNA-N,-4.961
PGR,c_VAL74,mut_s1,detail,1,138,BLQYVHBZHAISJM-LSHAIWFFNA-N,-6.204
PGR,c_VAL74,mut_s1,detail,1,139,WMDYKLMOCCOUEL-SACSUSJJNA-N,-8.495
PGR,c_VAL74,mut_s1,detail,1,140,LEVPVCOKBQEXMQ-MPIMZMORNA-N,-7.408
PGR,c_VAL74,mut_s1,detail,1,141,YYDFYJDBXOSJHE-WBMJQRKENA-N,-6.406
PGR,c_VAL74,mut_s1,detail,1,142,NFXJPCKVPBXSDH-LQFNOIFHNA-N,-5.948
PGR,c_VAL74,mut_s1,detail,1,143,KAUHJCPWWQWSJV-LELJVTLKNA-N,-6.593
PGR,c_VAL74,mut_s1,detail,1,144,NVZSQUSTRBKANP-YIVFFDRWNA-N,-7.071
PGR,c_VAL74,mut_s1,detail,1,145,WIKNISOFBKUYKR-LBOYIXSDNA-N,-8.442
PGR,c_VAL74,mut_s1,detail,1,146,AQIYGSAXYBBKKP-LNNLXFCONA-N,-6.754
PGR,c_VAL74,mut_s1,detail,1,147,TWKQKOFHSPYVSG-LQFNOIFHNA-N,-6.705
PGR,c_VAL74,mut_s1,detail,1,148,LVWSKXKIFXRKQJ-QWOVJGMINA-N,-6.125
PGR,c_VAL74,mut_s1,detail,1,149,BBBUKQRTMPJLSL-FHIWLMNKNA-N,-5.755
PGR,c_VAL74,mut_s1,detail,1,150,SCECNMVMCCDVHC-UHFFFAOYNA-N,-8.468
PGR,c_VAL74,mut_s1,detail,1,151,OLMVVVWTBFULHB-HXTKINSTNA-N,-6.408
PGR,c_VAL74,mut_s1,detail,1,152,BJXFHKHIABEKFL-HXTKINSTNA-N,-5.837
PGR,c_VAL74,mut_s1,detail,1,153,GMYAIAZTDBDYGE-UHFFFAOYNA-N,-7.624
PGR,c_VAL74,mut_s1,detail,1,154,OMIWVZGQMXEZLZ-UHFFFAOYNA-N,-8.085
PGR,c_VAL74,mut_s1,detail,1,155,SFQDUATXFZWGHZ-UHFFFAOYNA-N,-4.827
PGR,c_VAL74,mut_s1,detail,1,156,AMRCHQSZZXWZBI-UHFFFAOYNA-N,-4.78
PGR,c_VAL74,mut_s1,detail,1,157,PDKBGLXLXHGRIF-UHFFFAOYNA-N,-6.448
PGR,c_VAL74,mut_s1,detail,1,158,IMPCJHDDDAGSIP-UHFFFAOYNA-N,-5.219
PGR,c_VAL74,mut_s1,detail,1,159,QKASSONCRIQFQE-UHFFFAOYNA-N,-6.631
PGR,c_VAL74,mut_s1,detail,1,160,RBPSUSGZEBUPLW-LELJVTLKNA-N,-6.655
PGR,c_VAL74,mut_s1,detail,1,161,IZMNNUPSRDMEKL-LICXQBBSNA-N,-8.117
PGR,c_VAL74,mut_s1,detail,1,162,PAVNRYHGSYWSPV-MPIMZMORNA-N,-5.498
PGR,c_VAL74,mut_s1,detail,1,163,TZXYYVHNWAKJLI-UHFFFAOYNA-N,-6.703
PGR,c_VAL74,mut_s1,detail,1,164,HNOCRTTZBPUBHY-UHFFFAOYNA-N,-7.603
PGR,c_VAL74,mut_s1,detail,1,165,WMPZPNIPTZCCJK-PKSOQXRJNA-N,-4.908
PGR,c_VAL74,mut_s1,detail,1,166,OBPAOULTANNRFC-QWOVJGMINA-N,-6.431
PGR,c_VAL74,mut_s1,detail,1,167,UCJOWIKNRBWRAB-UHFFFAOYNA-N,-7.625
PGR,c_VAL74,mut_s1,detail,1,168,GFKDVMSTTKOYOX-QCVZTBOQNA-N,-7.284
PGR,c_VAL74,mut_s1,detail,1,169,BAEJDWKEKZSULN-UHFFFAOYNA-N,-6.063
PGR,c_VAL74,mut_s1,detail,1,170,KZUDVENDSUODSU-LQFNOIFHNA-N,-8.135
PGR,c_VAL74,mut_s1,detail,1,171,HBYPDVHGDKCNMT-DVIAZDKANA-N,-7.338
PGR,c_VAL74,mut_s1,detail,1,172,PMUHFTCPDVPMRF-LELJVTLKNA-N,-7.386
PGR,c_VAL74,mut_s1,detail,1,173,XIYSICLOFPYCTK-ZVWSISBDNA-N,-6.118
PGR,c_VAL74,mut_s1,detail,1,174,CFOFCUAQALFPIW-HPRFPMAVNA-N,-6.549
PGR,c_VAL74,mut_s1,detail,1,175,ZNBMRULRQJAJNW-IRIILVJRNA-N,-7.733
PGR,c_VAL74,mut_s1,detail,1,176,RSQKKNPJKLBGPF-DVIAZDKANA-N,-8.247
PGR,c_VAL74,mut_s1,detail,1,177,UIYRVVZHZVHONZ-QWOVJGMINA-N,-6.455
PGR,c_VAL74,mut_s1,detail,1,178,RNCGDYFDZJIQTQ-UHFFFAOYNA-N,-9.004
PGR,c_VAL74,mut_s1,detail,1,179,QOWFNZNDIAKQKO-QFIPXVFZNA-N,-6.286
PGR,c_VAL74,mut_s1,detail,1,180,FIPNXDSUMLBDQK-LQFNOIFHNA-N,-6.139
PGR,c_VAL74,mut_s1,detail,1,181,NHFGNUVGTDMGKX-UHFFFAOYNA-N,-5.734
PGR,c_VAL74,mut_s1,detail,1,182,RNBGNITZKVUDSK-YFMNGRKDNA-N,-5.705
PGR,c_VAL74,mut_s1,detail,1,183,CPEKPARXQVWWJD-IAXKEJLGNA-N,-4.724
PGR,c_VAL74,mut_s1,detail,1,184,IEAABJYVWXHFOX-MPIMZMORNA-N,-7.617
PGR,c_VAL74,mut_s1,detail,1,185,DSNCXRXGMZSRBV-GOSISDBHNA-N,-8.482
PGR,c_VAL74,mut_s1,detail,1,186,DOVTZHSQYCZIIX-MPIMZMORNA-N,-6.395
PGR,c_VAL74,mut_s1,detail,1,187,BKYWKCMMWRHBGX-SPEPDGBUNA-N,-8.465
PGR,c_VAL74,mut_s1,detail,1,188,MTRHSIOVVWFAOM-MPIMZMORNA-N,-6.136
PGR,c_VAL74,mut_s1,detail,1,189,VZLVPTSUFJDRRQ-LELJVTLKNA-N,-6.477
PGR,c_VAL74,mut_s1,detail,1,190,FJYPQTWLGSEZAE-UNEGGNDLNA-N,-7.917
PGR,c_VAL74,mut_s1,detail,1,191,FOJSFYSVCCQUQP-VVKINWOJNA-N,-5.559
PGR,c_VAL74,mut_s1,detail,1,192,SULPKNWDXWJTHQ-GCNJZUOMNA-N,-6.297
PGR,c_VAL74,mut_s1,detail,1,193,JTPAQMOUZGIORE-UHFFFAOYNA-N,-6.474
PGR,c_VAL74,mut_s1,detail,1,194,KRFPGHLUAFZMRZ-TYOBWDGZNA-N,-6.879
PGR,c_VAL74,mut_s1,detail,1,195,TVZGACDUOSZQKY-XBGCRKGSNA-N,-6.097
PGR,c_VAL74,mut_s1,detail,1,196,CXDZGSNFZYGQSZ-PKRZOPRNNA-N,-7.119
PGR,c_VAL74,mut_s1,detail,1,197,FBZYWIMLLHPUPX-VJSLDGLSNA-N,-6.22
PGR,c_VAL74,mut_s1,detail,1,198,HKJNKURRZRPPMK-MDXLESTANA-N,-6.903
PGR,c_VAL74,mut_s1,detail,1,199,DVAPEEIVFMOBQW-SLSKDPHBNA-N,-6.689
PGR,c_VAL74,mut_s1,detail,1,200,SVDIZPBCTLXSOH-LNNLXFCONA-N,-5.82
PGR,c_VAL74,mut_s1,detail,1,201,NDXCWKMYPWRPDY-NUCQJGHSNA-N,-6.537
PGR,c_VAL74,mut_s1,detail,1,202,VXHUMLIJAQHWIX-CRNXEPDINA-N,-5.828
PGR,c_VAL74,mut_s1,detail,1,203,KBZDVXICPAJAAT-LNNLXFCONA-N,-5.371
PGR,c_VAL74,mut_s1,detail,1,204,DVFDTYFATLFXHU-WOPMAMTRNA-N,-6.75
PGR,c_VAL74,mut_s1,detail,1,205,WURBKQGAFSESKZ-MPIMZMORNA-N,-6.162
PGR,c_VAL74,mut_s1,detail,1,206,LXGVFBXRKSCESU-UWUUZOGGNA-N,-6.336
PGR,c_VAL74,mut_s1,detail,1,207,CQWFJACPUQVVQZ-UHFFFAOYNA-N,-5.497
PGR,c_VAL74,mut_s1,detail,1,208,FEZAUPQJLJCQHD-XRJCTRHONA-N,-5.487
PGR,c_VAL74,mut_s1,detail,1,209,IDKGPACCMPKKQB-LIPPOORTNA-N,-8.311
PGR,c_VAL74,mut_s1,detail,1,210,PEPJPELNFRAZNQ-LKHHGCNMNA-N,-6.987
PGR,c_VAL74,mut_s1,detail,1,211,GRUWUINXLANFJE-LBOYIXSDNA-N,-5.224
PGR,c_VAL74,mut_s1,detail,1,212,RTFGYBAMFJVGHJ-UHFFFAOYNA-N,-6.313
PGR,c_VAL74,mut_s1,detail,1,213,LYJNRGFCMLOFNV-HIVOMVAKNA-N,-5.504
PGR,c_VAL74,mut_s1,detail,1,214,MKDSWBAEXGFAEE-LBOYIXSDNA-N,-5.701
PGR,c_VAL74,mut_s1,detail,1,215,NSLNDONZYBNSFU-ASVXZIMGNA-N,-5.96
PGR,c_VAL74,mut_s1,detail,1,216,HUDCDZLLNLJTEW-RBSQRGBYNA-N,-6.14
PGR,c_VAL74,mut_s1,detail,1,217,OFRDBFMZCXXKAH-LBOYIXSDNA-N,-5.555
PGR,c_VAL74,mut_s1,detail,1,218,NSLGAHAKEFYCED-PELNGNISNA-N,-6.332
PGR,c_VAL74,mut_s1,detail,1,219,QLSURSTUZJVSGU-NSJMMFDCNA-N,-5.902
PGR,c_VAL74,mut_s1,detail,1,220,CXLYWVWLNDGNIU-VEORKLDJNA-N,-5.342
PGR,c_VAL74,mut_s1,detail,1,221,RHIJMDNVEPLDED-UHFFFAOYNA-N,-5.119
PGR,c_VAL74,mut_s1,detail,1,222,YNUXXMJVZSTPFZ-CSKMVECVNA-N,-6.935
PGR,c_VAL74,mut_s1,detail,1,223,ILWOOGUHZKNTQQ-DNVCBOLYNA-N,-6.41
PGR,c_VAL74,mut_s1,detail,1,224,CARWTONHZWZDHZ-XIPNIRHDNA-N,-6.255
PGR,c_VAL74,mut_s1,detail,1,225,OSMWANBXVVPETF-HTBVCZPNNA-N,-6.732
PGR,c_VAL74,mut_s1,detail,1,226,KCNVHXJEALIYQI-PCRUTULWNA-N,-5.292
PGR,c_VAL74,mut_s1,detail,1,227,FPUDFDKQGXUBJA-QQXSKIMKNA-N,-6.361
PGR,c_VAL74,mut_s1,detail,1,228,MQWZYEDJGHLFFI-VJSLDGLSNA-N,
PGR,c_VAL74,mut_s1,detail,1,229,YPTIEFMKXZIMKO-LNNLXFCONA-N,-6.733
PGR,c_VAL74,mut_s1,detail,1,230,MWIZLUKLQZEFBC-LKHHGCNMNA-N,-4.859
PGR,c_VAL74,mut_s1,detail,1,231,PMNZCFDKKKLFHH-LBOYIXSDNA-N,-6.011
PGR,c_VAL74,mut_s1,detail,1,232,NELOFNHVEWRSBT-OKPOJWAQNA-N,-6.805
PGR,c_VAL74,mut_s1,detail,1,233,VCXACHHEDDVKAY-SREBMQDQNA-N,-5.415
PGR,c_VAL74,mut_s1,detail,1,234,KWJVADNYZMUTJY-IPYVVANSNA-N,-6.493
PGR,c_VAL74,mut_s1,detail,1,235,LLQAFRKQJAOAMO-XGEXJYLCNA-N,-4.86
PGR,c_VAL74,mut_s1,detail,1,236,VCAMVXBSKDFRFE-LNNLXFCONA-N,-5.817
PGR,c_VAL74,mut_s1,detail,1,237,QXIHUBWNLRPDRU-UHFFFAOYNA-N,-6.396
PGR,c_VAL74,mut_s1,detail,1,238,JUXOLKXMOLRWLC-MPIMZMORNA-N,-4.853
PGR,c_VAL74,mut_s1,detail,1,239,SQTIAXOMFTYLLF-QVYQQCQZNA-N,-5.596
PGR,c_VAL74,mut_s1,detail,1,240,BJSKDMOWRPAVMK-UHFFFAOYNA-N,-6.678
PGR,c_VAL74,mut_s1,detail,1,241,VRQPEWWROOGXLL-VJSLDGLSNA-N,-5.356
PGR,c_VAL74,mut_s1,detail,1,242,IXNOFPXGSKSKJH-HXTKINSTNA-N,-6.501
PGR,c_VAL74,mut_s1,detail,1,243,BMCFOHNLKRIWMC-UHFFFAOYNA-N,-5.073
PGR,c_VAL74,mut_s1,detail,1,244,FLFMKNMHDFIWDB-PJQSKVNONA-N,-6.992
PGR,c_VAL74,mut_s1,detail,1,245,JJLXVLWPUFIUBC-IGBJZSFZNA-N,-7.622
PGR,c_VAL74,mut_s1,detail,1,246,ZXCSBCTVTJFLOZ-JUEKIJOLNA-N,-7.253
PGR,c_VAL74,mut_s1,detail,1,247,LCSLDZZBWHBLFA-UHFFFAOYNA-N,-5.28
PGR,c_VAL74,mut_s1,detail,1,248,CAVTYMQSFAIXRJ-AKXZRBJUNA-N,-5.452
PGR,c_VAL74,mut_s1,detail,1,249,UFXJYIXRQNBEDW-UHFFFAOYNA-N,-7.344
PGR,c_VAL74,mut_s1,detail,1,250,HWIAWSLSCZUKKA-SFHVURJKNA-N,-6.682
PGR,c_VAL74,mut_s1,detail,1,251,MYHQHPUWOWUUQI-ZELWXOMMNA-N,-5.188
PGR,c_VAL74,mut_s1,detail,1,252,GWNRIUBPBWOQGT-UHFFFAOYNA-N,-5.858
PGR,c_VAL74,mut_s1,detail,1,253,YCWRQUXRVNLWEM-LELJVTLKNA-N,-6.682
PGR,c_VAL74,mut_s1,detail,1,254,DMRFDXBCAQFSFQ-UYLYIRGYNA-N,-7.47
PGR,c_VAL74,mut_s1,detail,1,255,XCZDGLYGEYYXKS-UWLQQCCWNA-N,-5.447
PGR,s_ILE231,mut_s1,detail,1,0,UDJUXZQGNCUDQR-LILDFLRNNA-N,-8.324
PGR,s_ILE231,mut_s1,detail,1,1,GANVJBSNVYJUKL-UHFFFAOYNA-N,-7.167
PGR,s_ILE231,mut_s1,detail,1,2,RUBHNPNCPXGKIE-YAQRNVERNA-N,-6.866
PGR,s_ILE231,mut_s1,detail,1,3,JYSICDMWNXGPIM-XLPACQNMNA-N,-7.285
PGR,s_ILE231,mut_s1,detail,1,4,KZDPKDSPDUVHGB-GAJRPKRDNA-N,-7.591
PGR,s_ILE231,mut_s1,detail,1,5,GQKJQNXSSQKJGW-HCKMINDGNA-N,-8.167
PGR,s_ILE231,mut_s1,detail,1,6,HJRUOZFNPQVNSF-MNIXEANVNA-N,-8.565
PGR,s_ILE231,mut_s1,detail,1,7,ALUOSUMBVMLDKR-UHFFFAOYNA-N,-9.348
PGR,s_ILE231,mut_s1,detail,1,8,QMQNUSSPTHZCGT-UYBDAZJANA-N,-9.21
PGR,s_ILE231,mut_s1,detail,1,9,UEZBMIQIUOTBJT-UYBDAZJANA-N,-7.951
PGR,s_ILE231,mut_s1,detail,1,10,ICZZTNOOMSQNCH-UHFFFAOYNA-N,-7.348
PGR,s_ILE231,mut_s1,detail,1,11,AMOFQKAIXTYZIZ-NPVYFSBINA-N,-7.446
PGR,s_ILE231,mut_s1,detail,1,12,IZOPLHPCKOSQQN-UHFFFAOYNA-N,-8.065
PGR,s_ILE231,mut_s1,detail,1,13,OFZZZJLWPKOLIX-GPQMBLKYNA-N,-8.389
PGR,s_ILE231,mut_s1,detail,1,14,BXADTFNFCCRMQU-UHFFFAOYNA-N,-6.98
PGR,s_ILE231,mut_s1,detail,1,15,PKQDOSZHMAIBHQ-GPQMBLKYNA-N,-9.143
PGR,s_ILE231,mut_s1,detail,1,16,JLTFAWOGGLXAFU-UHFFFAOYNA-N,-7.938
PGR,s_ILE231,mut_s1,detail,1,17,QYACKAORZRQPTE-UHFFFAOYNA-N,-7.354
PGR,s_ILE231,mut_s1,detail,1,18,FFJKVRCOUHEYOK-YAQRNVERNA-N,-7.424
PGR,s_ILE231,mut_s1,detail,1,19,MFTSRMJYWLCCSA-GHRIWEEINA-N,-8.668
PGR,s_ILE231,mut_s1,detail,1,20,NDRMSISLKTZBKD-HCKMINDGNA-N,-7.949
PGR,s_ILE231,mut_s1,detail,1,21,APGSUVBRVVNRPJ-UHFFFAOYNA-N,-8.303
PGR,s_ILE231,mut_s1,detail,1,22,MTIGVNBPQVLRLS-XQMQJMAZNA-N,-7.412
PGR,s_ILE231,mut_s1,detail,1,23,WIWDZNZJLUFUSQ-GSIAOYINNA-N,-8.532
PGR,s_ILE231,mut_s1,detail,1,24,WVJSLMIKTFBTBO-WVMALLHKNA-N,-7.352
PGR,s_ILE231,mut_s1,detail,1,25,QASCAWSPAPUKDI-UHFFFAOYNA-N,-7.483
PGR,s_ILE231,mut_s1,detail,1,26,WJZNKICGQZGRPQ-YHMJCDSINA-N,-6.691
PGR,s_ILE231,mut_s1,detail,1,27,ACKCEYIVRXUHDK-HCKMINDGNA-N,-7.93
PGR,s_ILE231,mut_s1,detail,1,28,GXKXWCKNQMYETG-UHFFFAOYNA-N,-9.166
PGR,s_ILE231,mut_s1,detail,1,29,QGTKEDSQUDRCEG-UHFFFAOYNA-N,-7.394
PGR,s_ILE231,mut_s1,detail,1,30,NYJUJIFSIDORSZ-LILDFLRNNA-N,-8.89
PGR,s_ILE231,mut_s1,detail,1,31,SCGGVBDHUNVGKR-VRGMUVNCNA-N,-9.783
PGR,s_ILE231,mut_s1,detail,1,32,ZWGVKWPZYUUFSB-YAQRNVERNA-N,-7.219
PGR,s_ILE231,mut_s1,detail,1,33,BCTONXHZFGFJIT-UHFFFAOYNA-N,-8.924
PGR,s_ILE231,mut_s1,detail,1,34,BIZAQLNMDJHGTL-HCKMINDGNA-N,-8.829
PGR,s_ILE231,mut_s1,detail,1,35,KZFYAEKGSRGKDQ-GPQMBLKYNA-N,-8.013
PGR,s_ILE231,mut_s1,detail,1,36,REZYNFOIWKOLBD-UHFFFAOYNA-N,-7.62
PGR,s_ILE231,mut_s1,detail,1,37,SDKQIECEJUFKHI-MUSVCJDDNA-N,-8.03
PGR,s_ILE231,mut_s1,detail,1,38,XUJSYVYKXBOYJP-JTQLQIEINA-N,-8.919
PGR,s_ILE231,mut_s1,detail,1,39,NVHKWMBHTXQWRP-NSFCMMSCNA-N,-8.351
PGR,s_ILE231,mut_s1,detail,1,40,AHYPQQDJTFMEJW-VGOFMYFVNA-N,-7.854
PGR,s_ILE231,mut_s1,detail,1,41,BGRJTUBHPOOWDU-QDYITYEQNA-N,-7.453
PGR,s_ILE231,mut_s1,detail,1,42,KJQORRCKEQRHKP-UHFFFAOYNA-N,-8.466
PGR,s_ILE231,mut_s1,detail,1,43,SJFPWWYCPGONOM-UHFFFAOYNA-N,-7.722
PGR,s_ILE231,mut_s1,detail,1,44,VEZJRJGLFIXQHG-KJQBJTEXNA-N,-8.685
PGR,s_ILE231,mut_s1,detail,1,45,VQXJTNXJSNLNEM-WYUMXYHSNA-N,-8.781
PGR,s_ILE231,mut_s1,detail,1,46,RWCDZKHBJGXNQH-UHFFFAOYNA-N,-7.625
PGR,s_ILE231,mut_s1,detail,1,47,JXOHPGXCMHDJOH-XQMQJMAZNA-N,-7.435
PGR,s_ILE231,mut_s1,detail,1,48,XNBZHZUOHMKIBH-UHFFFAOYNA-N,-7.517
PGR,s_ILE231,mut_s1,detail,1,49,VTEXVGQDUYFTHA-UHFFFAOYNA-N,-6.748
PGR,s_ILE231,mut_s1,detail,1,50,IUJLOAKJZQBENM-UHFFFAOYNA-N,-7.156
PGR,s_ILE231,mut_s1,detail,1,51,QHULAWVSDWNAPE-UHFFFAOYNA-N,-7.407
PGR,s_ILE231,mut_s1,detail,1,52,VGJKJRWFEYUOMP-YAQRNVERNA-N,-7.385
PGR,s_ILE231,mut_s1,detail,1,53,DDCFZIXVFUZWLX-UHFFFAOYNA-N,-8.515
PGR,s_ILE231,mut_s1,detail,1,54,OTCRWFSKWBSBLF-UHFFFAOYNA-N,-7.645
PGR,s_ILE231,mut_s1,detail,1,55,YFYMHQPNOSTLFF-XQMQJMAZNA-N,-7.687
PGR,s_ILE231,mut_s1,detail,1,56,DYMQNLJFFJCVBA-UHFFFAOYNA-N,-7.428
PGR,s_ILE231,mut_s1,detail,1,57,QERUYJGOUSNCOY-YHMJCDSINA-N,-7.679
PGR,s_ILE231,mut_s1,detail,1,58,VBKFPTDUXZKHJG-VNHYZAJKNA-N,-8.111
PGR,s_ILE231,mut_s1,detail,1,59,ZBEDJPDEINGEHM-UHFFFAOYNA-N,-6.461
PGR,s_ILE231,mut_s1,detail,1,60,LIEZHLXUCGSNOU-UHFFFAOYNA-N,-8.982
PGR,s_ILE231,mut_s1,detail,1,61,RROQODCMZSASRX-UHFFFAOYNA-N,-6.482
PGR,s_ILE231,mut_s1,detail,1,62,BPMAVTHRQBBTNZ-UYBDAZJANA-N,-9.088
PGR,s_ILE231,mut_s1,detail,1,63,ATKWLNSCJYLXPF-FICVDOATNA-N,-8.998
PGR,s_ILE231,mut_s1,detail,1,64,RLUBDGBLOPBNLZ-UHFFFAOYNA-N,-9.178
PGR,s_ILE231,mut_s1,detail,1,65,UVERTHXHNQWOMX-UHFFFAOYNA-N,-8.063
PGR,s_ILE231,mut_s1,detail,1,66,BPFYGTYAFCVUAQ-QWOVJGMINA-N,-8.307
PGR,s_ILE231,mut_s1,detail,1,67,ZODJKQULMZCUCT-PKSOQXRJNA-N,-7.944
PGR,s_ILE231,mut_s1,detail,1,68,WEZGTMJXSVLNML-MPIMZMORNA-N,3.177
PGR,s_ILE231,mut_s1,detail,1,69,IGZPSIOZEAIYTH-UHFFFAOYNA-N,-8.888
PGR,s_ILE231,mut_s1,detail,1,70,YRVFOAARONPYKD-UHFFFAOYNA-N,-8.944
PGR,s_ILE231,mut_s1,detail,1,71,ZESNJJBGEWLRGV-KAKWUFLPNA-N,-7.764
PGR,s_ILE231,mut_s1,detail,1,72,PYCBHJYHBUOUCW-PKSOQXRJNA-N,-7.264
PGR,s_ILE231,mut_s1,detail,1,73,ABPSNZWEZWHADJ-GPQMBLKYNA-N,-7.333
PGR,s_ILE231,mut_s1,detail,1,74,WXDJXWILXCCWRK-UHFFFAOYNA-N,-7.945
PGR,s_ILE231,mut_s1,detail,1,75,VCRWHFFSQUYIOM-DDCYPFOINA-N,-6.519
PGR,s_ILE231,mut_s1,detail,1,76,JANVEQMYWYPFNU-RTAVDJSLNA-N,-6.815
PGR,s_ILE231,mut_s1,detail,1,77,IQLYJZGQMYCKRA-QWOVJGMINA-N,-7.773
PGR,s_ILE231,mut_s1,detail,1,78,CTAZJMUKYKCOMY-HVXXBKQBNA-N,-7.867
PGR,s_ILE231,mut_s1,detail,1,79,FXRIMHMLPNSELN-XBTAAFKLNA-N,-6.656
PGR,s_ILE231,mut_s1,detail,1,80,GEUQUSZFVWZXJI-UHFFFAOYNA-N,-7.902
PGR,s_ILE231,mut_s1,detail,1,81,AFGXLUJVZOJZCS-DVIAZDKANA-N,-7.11
PGR,s_ILE231,mut_s1,detail,1,82,QPNICESGZANARJ-MPIMZMORNA-N,-8.998
PGR,s_ILE231,mut_s1,detail,1,83,QFHCJULFNFFSDD-MPIMZMORNA-N,-6.905
PGR,s_ILE231,mut_s1,detail,1,84,MABJRAVWPUIQDD-GPQMBLKYNA-N,-6.709
PGR,s_ILE231,mut_s1,detail,1,85,KEULGNACOIQOLD-LILDFLRNNA-N,-7.283
PGR,s_ILE231,mut_s1,detail,1,86,PHUKSBWGYBHYCM-ZANVPECINA-N,-8.201
PGR,s_ILE231,mut_s1,detail,1,87,VBFJSECKEUOBIV-UYBDAZJANA-N,-7.501
PGR,s_ILE231,mut_s1,detail,1,88,VKOJWPSHQQXTMQ-AWQFTUOYNA-N,-7.845
PGR,s_ILE231,mut_s1,detail,1,89,WGGCYQHFLWUGKK-LNNLXFCONA-N,-8.874
PGR,s_ILE231,mut_s1,detail,1,90,SEESZUWDWXYFGB-HUUCEWRRNA-N,-6.929
PGR,s_ILE231,mut_s1,detail,1,91,SAOIUZZZCRDJIE-UYBDAZJANA-N,-6.713
PGR,s_ILE231,mut_s1,detail,1,92,LCZXUQMWBHAHOF-PKSOQXRJNA-N,-7.43
PGR,s_ILE231,mut_s1,detail,1,93,HJZRMYRSMHLBMM-UHFFFAOYNA-N,-6.604
PGR,s_ILE231,mut_s1,detail,1,94,NYIAMZTVDFGSMO-UHFFFAOYNA-N,-7.138
PGR,s_ILE231,mut_s1,detail,1,95,PBGALVWBACEVEC-QWOVJGMINA-N,-7.942
PGR,s_ILE231,mut_s1,detail,1,96,DDCGYKUGMMDSDD-PKSOQXRJNA-N,-7.291
PGR,s_ILE231,mut_s1,detail,1,97,IIROHAHLTGYHGV-UYBDAZJANA-N,-9.213
PGR,s_ILE231,mut_s1,detail,1,98,IQJXWGCMCSFZHI-LQFNOIFHNA-N,-7.041
PGR,s_ILE231,mut_s1,detail,1,99,OPSKQPYXZASNGA-QWOVJGMINA-N,-6.232
PGR,s_ILE231,mut_s1,detail,1,100,COHPEUUUDGXEPG-MPIMZMORNA-N,-6.697
PGR,s_ILE231,mut_s1,detail,1,101,LCLQRXYSCAZUJT-PKSOQXRJNA-N,-7.023
PGR,s_ILE231,mut_s1,detail,1,102,DMWUHECJQADMOM-PKSOQXRJNA-N,-8.046
PGR,s_ILE231,mut_s1,detail,1,103,RINYNDHGPMMUPG-UYBDAZJANA-N,-8.045
PGR,s_ILE231,mut_s1,detail,1,104,GWFMSEYHCOCBEH-UYBDAZJANA-N,-8.082
PGR,s_ILE231,mut_s1,detail,1,105,ZSYYKQAVTXERHH-LILDFLRNNA-N,-6.292
PGR,s_ILE231,mut_s1,detail,1,106,RFGLZFMBWWKYGX-UHFFFAOYNA-N,-8.19
PGR,s_ILE231,mut_s1,detail,1,107,ZCFXIPSPKDGCHW-HSJCKIQZNA-N,-6.965
PGR,s_ILE231,mut_s1,detail,1,108,OJBRUITYMUOMQJ-UYBDAZJANA-N,-6.344
PGR,s_ILE231,mut_s1,detail,1,109,QRQQRMCYDJTOMZ-IHYGWTSJNA-N,-7.678
PGR,s_ILE231,mut_s1,detail,1,110,UZYHGPCXMSFTKE-NPQUBYNZNA-N,-8.117
PGR,s_ILE231,mut_s1,detail,1,111,FKRLYCLDDLGGPB-HCKMINDGNA-N,-5.714
PGR,s_ILE231,mut_s1,detail,1,112,SJUXHCSNSGLKJD-UYBDAZJANA-N,-6.539
PGR,s_ILE231,mut_s1,detail,1,113,MDJMMLITJGVNQI-LILDFLRNNA-N,-6.457
PGR,s_ILE231,mut_s1,detail,1,114,LAKWSLSTUWRCOM-UHFFFAOYNA-N,-8.562
PGR,s_ILE231,mut_s1,detail,1,115,RZYYWEWDCWHDNZ-PKSOQXRJNA-N,-5.633
PGR,s_ILE231,mut_s1,detail,1,116,KSTQHOAVVBOECJ-PKSOQXRJNA-N,-7.841
PGR,s_ILE231,mut_s1,detail,1,117,LTBODPBDLZJCLH-UHFFFAOYNA-N,-8.978
PGR,s_ILE231,mut_s1,detail,1,118,YNPHZUYBOQPWKQ-UYBDAZJANA-N,-8.07
PGR,s_ILE231,mut_s1,detail,1,119,TZYCJGJZUSVUSB-UHFFFAOYNA-N,-5.749
PGR,s_ILE231,mut_s1,detail,1,120,YDEMTQMAWLEDQT-HPHMPNDVNA-N,-6.136
PGR,s_ILE231,mut_s1,detail,1,121,JJTMKAVMZRVHFW-JZJYNLBNNA-N,-8.511
PGR,s_ILE231,mut_s1,detail,1,122,UQILDYXMCYUCGV-MPIMZMORNA-N,-6.833
PGR,s_ILE231,mut_s1,detail,1,123,LRULJABSRXBARK-PKSOQXRJNA-N,-6.142
PGR,s_ILE231,mut_s1,detail,1,124,FDGMHVXFEWDBLE-GZNJHTOZNA-N,-7.594
PGR,s_ILE231,mut_s1,detail,1,125,MDPXBTVEVMPBMF-MRSUPTMINA-N,-6.074
PGR,s_ILE231,mut_s1,detail,1,126,PRDMNBQAHOVKAV-UHFFFAOYNA-N,-9.225
PGR,s_ILE231,mut_s1,detail,1,127,OBAYJABSUJXLMA-HCKMINDGNA-N,-7.845
PGR,s_ILE231,mut_s1,detail,1,128,HLMWKCMXNWJGGO-VNHAUOCNNA-N,-6.627
PGR,s_ILE231,mut_s1,detail,1,129,ZWXZFCRRFQRJPF-QWOVJGMINA-N,-6.63
PGR,s_ILE231,mut_s1,detail,1,130,IXUSJKAERUMZME-NBNNRKRINA-N,-8.815
PGR,s_ILE231,mut_s1,detail,1,131,WDVACORMOUBMRH-NPQUBYNZNA-N,-7.89
PGR,s_ILE231,mut_s1,detail,1,132,UXLJJGBAQOYQMV-UHFFFAOYNA-N,-8.023
PGR,s_ILE231,mut_s1,detail,1,133,RWPNUXJCHLIEDT-UHFFFAOYNA-N,-6.097
PGR,s_ILE231,mut_s1,detail,1,134,BTCLKPCIIFOYHE-KRMNUSLJNA-N,-7.347
PGR,s_ILE231,mut_s1,detail,1,135,IGYZXGKFEXFDBK-SPEPDGBUNA-N,-8.466
PGR,s_ILE231,mut_s1,detail,1,136,RUKFQFDSWPNHGL-LNNLXFCONA-N,-6.393
PGR,s_ILE231,mut_s1,detail,1,137,QTHMBVGZTPOODZ-FVJBVQDQNA-N,-5.926
PGR,s_ILE231,mut_s1,detail,1,138,BLQYVHBZHAISJM-LSHAIWFFNA-N,-6.198
PGR,s_ILE231,mut_s1,detail,1,139,WMDYKLMOCCOUEL-SACSUSJJNA-N,-8.612
PGR,s_ILE231,mut_s1,detail,1,140,LEVPVCOKBQEXMQ-MPIMZMORNA-N,-7.247
PGR,s_ILE231,mut_s1,detail,1,141,YYDFYJDBXOSJHE-WBMJQRKENA-N,-6.409
PGR,s_ILE231,mut_s1,detail,1,142,NFXJPCKVPBXSDH-LQFNOIFHNA-N,-5.963
PGR,s_ILE231,mut_s1,detail,1,143,KAUHJCPWWQWSJV-LELJVTLKNA-N,-6.333
PGR,s_ILE231,mut_s1,detail,1,144,NVZSQUSTRBKANP-YIVFFDRWNA-N,-7.06
PGR,s_ILE231,mut_s1,detail,1,145,WIKNISOFBKUYKR-LBOYIXSDNA-N,-8.649
PGR,s_ILE231,mut_s1,detail,1,146,AQIYGSAXYBBKKP-LNNLXFCONA-N,-6.646
PGR,s_ILE231,mut_s1,detail,1,147,TWKQKOFHSPYVSG-LQFNOIFHNA-N,-6.743
PGR,s_ILE231,mut_s1,detail,1,148,LVWSKXKIFXRKQJ-QWOVJGMINA-N,-6.294
PGR,s_ILE231,mut_s1,detail,1,149,BBBUKQRTMPJLSL-FHIWLMNKNA-N,-5.948
PGR,s_ILE231,mut_s1,detail,1,150,SCECNMVMCCDVHC-UHFFFAOYNA-N,-7.948
PGR,s_ILE231,mut_s1,detail,1,151,OLMVVVWTBFULHB-HXTKINSTNA-N,-5.954
PGR,s_ILE231,mut_s1,detail,1,152,BJXFHKHIABEKFL-HXTKINSTNA-N,-6.489
PGR,s_ILE231,mut_s1,detail,1,153,GMYAIAZTDBDYGE-UHFFFAOYNA-N,-7.652
PGR,s_ILE231,mut_s1,detail,1,154,OMIWVZGQMXEZLZ-UHFFFAOYNA-N,-8.181
PGR,s_ILE231,mut_s1,detail,1,155,SFQDUATXFZWGHZ-UHFFFAOYNA-N,-5.606
PGR,s_ILE231,mut_s1,detail,1,156,AMRCHQSZZXWZBI-UHFFFAOYNA-N,-4.928
PGR,s_ILE231,mut_s1,detail,1,157,PDKBGLXLXHGRIF-UHFFFAOYNA-N,-6.066
PGR,s_ILE231,mut_s1,detail,1,158,IMPCJHDDDAGSIP-UHFFFAOYNA-N,-5.011
PGR,s_ILE231,mut_s1,detail,1,159,QKASSONCRIQFQE-UHFFFAOYNA-N,-6.801
PGR,s_ILE231,mut_s1,detail,1,160,RBPSUSGZEBUPLW-LELJVTLKNA-N,-6.416
PGR,s_ILE231,mut_s1,detail,1,161,IZMNNUPSRDMEKL-LICXQBBSNA-N,-8.324
PGR,s_ILE231,mut_s1,detail,1,162,PAVNRYHGSYWSPV-MPIMZMORNA-N,-5.736
PGR,s_ILE231,mut_s1,detail,1,163,TZXYYVHNWAKJLI-UHFFFAOYNA-N,-5.587
PGR,s_ILE231,mut_s1,detail,1,164,HNOCRTTZBPUBHY-UHFFFAOYNA-N,-7.498
PGR,s_ILE231,mut_s1,detail,1,165,WMPZPNIPTZCCJK-PKSOQXRJNA-N,-6.16
PGR,s_ILE231,mut_s1,detail,1,166,OBPAOULTANNRFC-QWOVJGMINA-N,-7.398
PGR,s_ILE231,mut_s1,detail,1,167,UCJOWIKNRBWRAB-UHFFFAOYNA-N,-7.663
PGR,s_ILE231,mut_s1,detail,1,168,GFKDVMSTTKOYOX-QCVZTBOQNA-N,-6.517
PGR,s_ILE231,mut_s1,detail,1,169,BAEJDWKEKZSULN-UHFFFAOYNA-N,-6.862
PGR,s_ILE231,mut_s1,detail,1,170,KZUDVENDSUODSU-LQFNOIFHNA-N,-8.69
PGR,s_ILE231,mut_s1,detail,1,171,HBYPDVHGDKCNMT-DVIAZDKANA-N,-7.025
PGR,s_ILE231,mut_s1,detail,1,172,PMUHFTCPDVPMRF-LELJVTLKNA-N,-7.454
PGR,s_ILE231,mut_s1,detail,1,173,XIYSICLOFPYCTK-ZVWSISBDNA-N,-5.727
PGR,s_ILE231,mut_s1,detail,1,174,CFOFCUAQALFPIW-HPRFPMAVNA-N,-6.687
PGR,s_ILE231,mut_s1,detail,1,175,ZNBMRULRQJAJNW-IRIILVJRNA-N,-7.876
PGR,s_ILE231,mut_s1,detail,1,176,RSQKKNPJKLBGPF-DVIAZDKANA-N,-8.024
PGR,s_ILE231,mut_s1,detail,1,177,UIYRVVZHZVHONZ-QWOVJGMINA-N,-6.782
PGR,s_ILE231,mut_s1,detail,1,178,RNCGDYFDZJIQTQ-UHFFFAOYNA-N,-9.095
PGR,s_ILE231,mut_s1,detail,1,179,QOWFNZNDIAKQKO-QFIPXVFZNA-N,-6.174
PGR,s_ILE231,mut_s1,detail,1,180,FIPNXDSUMLBDQK-LQFNOIFHNA-N,-7.34
PGR,s_ILE231,mut_s1,detail,1,181,NHFGNUVGTDMGKX-UHFFFAOYNA-N,-6.286
PGR,s_ILE231,mut_s1,detail,1,182,RNBGNITZKVUDSK-YFMNGRKDNA-N,-5.635
PGR,s_ILE231,mut_s1,detail,1,183,CPEKPARXQVWWJD-IAXKEJLGNA-N,-4.984
PGR,s_ILE231,mut_s1,detail,1,184,IEAABJYVWXHFOX-MPIMZMORNA-N,-7.804
PGR,s_ILE231,mut_s1,detail,1,185,DSNCXRXGMZSRBV-GOSISDBHNA-N,-8.32
PGR,s_ILE231,mut_s1,detail,1,186,DOVTZHSQYCZIIX-MPIMZMORNA-N,-7.155
PGR,s_ILE231,mut_s1,detail,1,187,BKYWKCMMWRHBGX-SPEPDGBUNA-N,-8.588
PGR,s_ILE231,mut_s1,detail,1,188,MTRHSIOVVWFAOM-MPIMZMORNA-N,-6.458
PGR,s_ILE231,mut_s1,detail,1,189,VZLVPTSUFJDRRQ-LELJVTLKNA-N,-6.335
PGR,s_ILE231,mut_s1,detail,1,190,FJYPQTWLGSEZAE-UNEGGNDLNA-N,-7.936
PGR,s_ILE231,mut_s1,detail,1,191,FOJSFYSVCCQUQP-VVKINWOJNA-N,-5.742
PGR,s_ILE231,mut_s1,detail,1,192,SULPKNWDXWJTHQ-GCNJZUOMNA-N,-6.285
PGR,s_ILE231,mut_s1,detail,1,193,JTPAQMOUZGIORE-UHFFFAOYNA-N,-6.271
PGR,s_ILE231,mut_s1,detail,1,194,KRFPGHLUAFZMRZ-TYOBWDGZNA-N,-5.778
PGR,s_ILE231,mut_s1,detail,1,195,TVZGACDUOSZQKY-XBGCRKGSNA-N,-7.832
PGR,s_ILE231,mut_s1,detail,1,196,CXDZGSNFZYGQSZ-PKRZOPRNNA-N,-7.816
PGR,s_ILE231,mut_s1,detail,1,197,FBZYWIMLLHPUPX-VJSLDGLSNA-N,-6.198
PGR,s_ILE231,mut_s1,detail,1,198,HKJNKURRZRPPMK-MDXLESTANA-N,-6.322
PGR,s_ILE231,mut_s1,detail,1,199,DVAPEEIVFMOBQW-SLSKDPHBNA-N,-6.35
PGR,s_ILE231,mut_s1,detail,1,200,SVDIZPBCTLXSOH-LNNLXFCONA-N,-6.386
PGR,s_ILE231,mut_s1,detail,1,201,NDXCWKMYPWRPDY-NUCQJGHSNA-N,-6.525
PGR,s_ILE231,mut_s1,detail,1,202,VXHUMLIJAQHWIX-CRNXEPDINA-N,-5.923
PGR,s_ILE231,mut_s1,detail,1,203,KBZDVXICPAJAAT-LNNLXFCONA-N,-5.869
PGR,s_ILE231,mut_s1,detail,1,204,DVFDTYFATLFXHU-WOPMAMTRNA-N,-5.809
PGR,s_ILE231,mut_s1,detail,1,205,WURBKQGAFSESKZ-MPIMZMORNA-N,-6.511
PGR,s_ILE231,mut_s1,detail,1,206,LXGVFBXRKSCESU-UWUUZOGGNA-N,-5.818
PGR,s_ILE231,mut_s1,detail,1,207,CQWFJACPUQVVQZ-UHFFFAOYNA-N,-5.538
PGR,s_ILE231,mut_s1,detail,1,208,FEZAUPQJLJCQHD-XRJCTRHONA-N,-7.292
PGR,s_ILE231,mut_s1,detail,1,209,IDKGPACCMPKKQB-LIPPOORTNA-N,-8.381
PGR,s_ILE231,mut_s1,detail,1,210,PEPJPELNFRAZNQ-LKHHGCNMNA-N,-6.369
PGR,s_ILE231,mut_s1,detail,1,211,GRUWUINXLANFJE-LBOYIXSDNA-N,-5.069
PGR,s_ILE231,mut_s1,detail,1,212,RTFGYBAMFJVGHJ-UHFFFAOYNA-N,-6.687
PGR,s_ILE231,mut_s1,detail,1,213,LYJNRGFCMLOFNV-HIVOMVAKNA-N,-5.599
PGR,s_ILE231,mut_s1,detail,1,214,MKDSWBAEXGFAEE-LBOYIXSDNA-N,-5.818
PGR,s_ILE231,mut_s1,detail,1,215,NSLNDONZYBNSFU-ASVXZIMGNA-N,-6.076
PGR,s_ILE231,mut_s1,detail,1,216,HUDCDZLLNLJTEW-RBSQRGBYNA-N,-5.176
PGR,s_ILE231,mut_s1,detail,1,217,OFRDBFMZCXXKAH-LBOYIXSDNA-N,-6.505
PGR,s_ILE231,mut_s1,detail,1,218,NSLGAHAKEFYCED-PELNGNISNA-N,-6.708
PGR,s_ILE231,mut_s1,detail,1,219,QLSURSTUZJVSGU-NSJMMFDCNA-N,-7.52
PGR,s_ILE231,mut_s1,detail,1,220,CXLYWVWLNDGNIU-VEORKLDJNA-N,-5.544
PGR,s_ILE231,mut_s1,detail,1,221,RHIJMDNVEPLDED-UHFFFAOYNA-N,-6.542
PGR,s_ILE231,mut_s1,detail,1,222,YNUXXMJVZSTPFZ-CSKMVECVNA-N,-6.953
PGR,s_ILE231,mut_s1,detail,1,223,ILWOOGUHZKNTQQ-DNVCBOLYNA-N,-6.467
PGR,s_ILE231,mut_s1,detail,1,224,CARWTONHZWZDHZ-XIPNIRHDNA-N,-6.24
PGR,s_ILE231,mut_s1,detail,1,225,OSMWANBXVVPETF-HTBVCZPNNA-N,-7.304
PGR,s_ILE231,mut_s1,detail,1,226,KCNVHXJEALIYQI-PCRUTULWNA-N,-5.576
PGR,s_ILE231,mut_s1,detail,1,227,FPUDFDKQGXUBJA-QQXSKIMKNA-N,-6.951
PGR,s_ILE231,mut_s1,detail,1,228,MQWZYEDJGHLFFI-VJSLDGLSNA-N,-6.979
PGR,s_ILE231,mut_s1,detail,1,229,YPTIEFMKXZIMKO-LNNLXFCONA-N,-6.738
PGR,s_ILE231,mut_s1,detail,1,230,MWIZLUKLQZEFBC-LKHHGCNMNA-N,-6.16
PGR,s_ILE231,mut_s1,detail,1,231,PMNZCFDKKKLFHH-LBOYIXSDNA-N,-6.878
PGR,s_ILE231,mut_s1,detail,1,232,NELOFNHVEWRSBT-OKPOJWAQNA-N,-6.078
PGR,s_ILE231,mut_s1,detail,1,233,VCXACHHEDDVKAY-SREBMQDQNA-N,-6.219
PGR,s_ILE231,mut_s1,detail,1,234,KWJVADNYZMUTJY-IPYVVANSNA-N,-6.777
PGR,s_ILE231,mut_s1,detail,1,235,LLQAFRKQJAOAMO-XGEXJYLCNA-N,-5.095
PGR,s_ILE231,mut_s1,detail,1,236,VCAMVXBSKDFRFE-LNNLXFCONA-N,-6.161
PGR,s_ILE231,mut_s1,detail,1,237,QXIHUBWNLRPDRU-UHFFFAOYNA-N,-7.387
PGR,s_ILE231,mut_s1,detail,1,238,JUXOLKXMOLRWLC-MPIMZMORNA-N,-5.686
PGR,s_ILE231,mut_s1,detail,1,239,SQTIAXOMFTYLLF-QVYQQCQZNA-N,-5.234
PGR,s_ILE231,mut_s1,detail,1,240,BJSKDMOWRPAVMK-UHFFFAOYNA-N,-8.9
PGR,s_ILE231,mut_s1,detail,1,241,VRQPEWWROOGXLL-VJSLDGLSNA-N,-5.922
PGR,s_ILE231,mut_s1,detail,1,242,IXNOFPXGSKSKJH-HXTKINSTNA-N,-6.529
PGR,s_ILE231,mut_s1,detail,1,243,BMCFOHNLKRIWMC-UHFFFAOYNA-N,-6.096
PGR,s_ILE231,mut_s1,detail,1,244,FLFMKNMHDFIWDB-PJQSKVNONA-N,-6.457
PGR,s_ILE231,mut_s1,detail,1,245,JJLXVLWPUFIUBC-IGBJZSFZNA-N,-7.634
PGR,s_ILE231,mut_s1,detail,1,246,ZXCSBCTVTJFLOZ-JUEKIJOLNA-N,-8.024
PGR,s_ILE231,mut_s1,detail,1,247,LCSLDZZBWHBLFA-UHFFFAOYNA-N,-5.178
PGR,s_ILE231,mut_s1,detail,1,248,CAVTYMQSFAIXRJ-AKXZRBJUNA-N,-5.257
PGR,s_ILE231,mut_s1,detail,1,249,UFXJYIXRQNBEDW-UHFFFAOYNA-N,-7.517
PGR,s_ILE231,mut_s1,detail,1,250,HWIAWSLSCZUKKA-SFHVURJKNA-N,-6.914
PGR,s_ILE231,mut_s1,detail,1,251,MYHQHPUWOWUUQI-ZELWXOMMNA-N,-5.868
PGR,s_ILE231,mut_s1,detail,1,252,GWNRIUBPBWOQGT-UHFFFAOYNA-N,-5.478
PGR,s_ILE231,mut_s1,detail,1,253,YCWRQUXRVNLWEM-LELJVTLKNA-N,-6.977
PGR,s_ILE231,mut_s1,detail,1,254,DMRFDXBCAQFSFQ-UYLYIRGYNA-N,-8.215
PGR,s_ILE231,mut_s1,detail,1,255,XCZDGLYGEYYXKS-UWLQQCCWNA-N,-4.965
PGR,s_LEU203,mut_s1,detail,1,0,UDJUXZQGNCUDQR-LILDFLRNNA-N,-8.421
PGR,s_LEU203,mut_s1,detail,1,1,GANVJBSNVYJUKL-UHFFFAOYNA-N,-7.194
PGR,s_LEU203,mut_s1,detail,1,2,RUBHNPNCPXGKIE-YAQRNVERNA-N,-6.872
PGR,s_LEU203,mut_s1,detail,1,3,JYSICDMWNXGPIM-XLPACQNMNA-N,-6.878
PGR,s_LEU203,mut_s1,detail,1,4,KZDPKDSPDUVHGB-GAJRPKRDNA-N,-7.576
PGR,s_LEU203,mut_s1,detail,1,5,GQKJQNXSSQKJGW-HCKMINDGNA-N,-8.204
PGR,s_LEU203,mut_s1,detail,1,6,HJRUOZFNPQVNSF-MNIXEANVNA-N,-8.551
PGR,s_LEU203,mut_s1,detail,1,7,ALUOSUMBVMLDKR-UHFFFAOYNA-N,-9.314
PGR,s_LEU203,mut_s1,detail,1,8,QMQNUSSPTHZCGT-UYBDAZJANA-N,-9.221
PGR,s_LEU203,mut_s1,detail,1,9,UEZBMIQIUOTBJT-UYBDAZJANA-N,-7.9
PGR,s_LEU203,mut_s1,detail,1,10,ICZZTNOOMSQNCH-UHFFFAOYNA-N,-7.541
PGR,s_LEU203,mut_s1,detail,1,11,AMOFQKAIXTYZIZ-NPVYFSBINA-N,-7.356
PGR,s_LEU203,mut_s1,detail,1,12,IZOPLHPCKOSQQN-UHFFFAOYNA-N,-8.09
PGR,s_LEU203,mut_s1,detail,1,13,OFZZZJLWPKOLIX-GPQMBLKYNA-N,-8.367
PGR,s_LEU203,mut_s1,detail,1,14,BXADTFNFCCRMQU-UHFFFAOYNA-N,-7.048
PGR,s_LEU203,mut_s1,detail,1,15,PKQDOSZHMAIBHQ-GPQMBLKYNA-N,-9.14
PGR,s_LEU203,mut_s1,detail,1,16,JLTFAWOGGLXAFU-UHFFFAOYNA-N,-8.136
PGR,s_LEU203,mut_s1,detail,1,17,QYACKAORZRQPTE-UHFFFAOYNA-N,-7.367
PGR,s_LEU203,mut_s1,detail,1,18,FFJKVRCOUHEYOK-YAQRNVERNA-N,-7.425
PGR,s_LEU203,mut_s1,detail,1,19,MFTSRMJYWLCCSA-GHRIWEEINA-N,-8.624
PGR,s_LEU203,mut_s1,detail,1,20,NDRMSISLKTZBKD-HCKMINDGNA-N,-7.932
PGR,s_LEU203,mut_s1,detail,1,21,APGSUVBRVVNRPJ-UHFFFAOYNA-N,-8.289
PGR,s_LEU203,mut_s1,detail,1,22,MTIGVNBPQVLRLS-XQMQJMAZNA-N,-7.246
PGR,s_LEU203,mut_s1,detail,1,23,WIWDZNZJLUFUSQ-GSIAOYINNA-N,-8.515
PGR,s_LEU203,mut_s1,detail,1,24,WVJSLMIKTFBTBO-WVMALLHKNA-N,-7.424
PGR,s_LEU203,mut_s1,detail,1,25,QASCAWSPAPUKDI-UHFFFAOYNA-N,-7.294
PGR,s_LEU203,mut_s1,detail,1,26,WJZNKICGQZGRPQ-YHMJCDSINA-N,-6.644
PGR,s_LEU203,mut_s1,detail,1,27,ACKCEYIVRXUHDK-HCKMINDGNA-N,-7.929
PGR,s_LEU203,mut_s1,detail,1,28,GXKXWCKNQMYETG-UHFFFAOYNA-N,-9.145
PGR,s_LEU203,mut_s1,detail,1,29,QGTKEDSQUDRCEG-UHFFFAOYNA-N,-7.328
PGR,s_LEU203,mut_s1,detail,1,30,NYJUJIFSIDORSZ-LILDFLRNNA-N,-8.892
PGR,s_LEU203,mut_s1,detail,1,31,SCGGVBDHUNVGKR-VRGMUVNCNA-N,-9.786
PGR,s_LEU203,mut_s1,detail,1,32,ZWGVKWPZYUUFSB-YAQRNVERNA-N,-7.266
PGR,s_LEU203,mut_s1,detail,1,33,BCTONXHZFGFJIT-UHFFFAOYNA-N,-8.918
PGR,s_LEU203,mut_s1,detail,1,34,BIZAQLNMDJHGTL-HCKMINDGNA-N,-8.816
PGR,s_LEU203,mut_s1,detail,1,35,KZFYAEKGSRGKDQ-GPQMBLKYNA-N,-8.028
PGR,s_LEU203,mut_s1,detail,1,36,REZYNFOIWKOLBD-UHFFFAOYNA-N,-7.615
PGR,s_LEU203,mut_s1,detail,1,37,SDKQIECEJUFKHI-MUSVCJDDNA-N,-8.045
PGR,s_LEU203,mut_s1,detail,1,38,XUJSYVYKXBOYJP-JTQLQIEINA-N,-8.898
PGR,s_LEU203,mut_s1,detail,1,39,NVHKWMBHTXQWRP-NSFCMMSCNA-N,-8.3
PGR,s_LEU203,mut_s1,detail,1,40,AHYPQQDJTFMEJW-VGOFMYFVNA-N,-7.828
PGR,s_LEU203,mut_s1,detail,1,41,BGRJTUBHPOOWDU-QDYITYEQNA-N,-7.459
PGR,s_LEU203,mut_s1,detail,1,42,KJQORRCKEQRHKP-UHFFFAOYNA-N,-8.412
PGR,s_LEU203,mut_s1,detail,1,43,SJFPWWYCPGONOM-UHFFFAOYNA-N,-7.731
PGR,s_LEU203,mut_s1,detail,1,44,VEZJRJGLFIXQHG-KJQBJTEXNA-N,-8.688
PGR,s_LEU203,mut_s1,detail,1,45,VQXJTNXJSNLNEM-WYUMXYHSNA-N,-8.732
PGR,s_LEU203,mut_s1,detail,1,46,RWCDZKHBJGXNQH-UHFFFAOYNA-N,-7.685
PGR,s_LEU203,mut_s1,detail,1,47,JXOHPGXCMHDJOH-XQMQJMAZNA-N,-7.43
PGR,s_LEU203,mut_s1,detail,1,48,XNBZHZUOHMKIBH-UHFFFAOYNA-N,-7.597
PGR,s_LEU203,mut_s1,detail,1,49,VTEXVGQDUYFTHA-UHFFFAOYNA-N,-6.763
PGR,s_LEU203,mut_s1,detail,1,50,IUJLOAKJZQBENM-UHFFFAOYNA-N,-7.18
PGR,s_LEU203,mut_s1,detail,1,51,QHULAWVSDWNAPE-UHFFFAOYNA-N,-7.439
PGR,s_LEU203,mut_s1,detail,1,52,VGJKJRWFEYUOMP-YAQRNVERNA-N,-7.255
PGR,s_LEU203,mut_s1,detail,1,53,DDCFZIXVFUZWLX-UHFFFAOYNA-N,-8.466
PGR,s_LEU203,mut_s1,detail,1,54,OTCRWFSKWBSBLF-UHFFFAOYNA-N,-7.689
PGR,s_LEU203,mut_s1,detail,1,55,YFYMHQPNOSTLFF-XQMQJMAZNA-N,-7.656
PGR,s_LEU203,mut_s1,detail,1,56,DYMQNLJFFJCVBA-UHFFFAOYNA-N,-6.899
PGR,s_LEU203,mut_s1,detail,1,57,QERUYJGOUSNCOY-YHMJCDSINA-N,-7.459
PGR,s_LEU203,mut_s1,detail,1,58,VBKFPTDUXZKHJG-VNHYZAJKNA-N,-8.151
PGR,s_LEU203,mut_s1,detail,1,59,ZBEDJPDEINGEHM-UHFFFAOYNA-N,-6.494
PGR,s_LEU203,mut_s1,detail,1,60,LIEZHLXUCGSNOU-UHFFFAOYNA-N,-8.983
PGR,s_LEU203,mut_s1,detail,1,61,RROQODCMZSASRX-UHFFFAOYNA-N,-6.596
PGR,s_LEU203,mut_s1,detail,1,62,BPMAVTHRQBBTNZ-UYBDAZJANA-N,-9.1
PGR,s_LEU203,mut_s1,detail,1,63,ATKWLNSCJYLXPF-FICVDOATNA-N,-9.002
PGR,s_LEU203,mut_s1,detail,1,64,RLUBDGBLOPBNLZ-UHFFFAOYNA-N,-9.168
PGR,s_LEU203,mut_s1,detail,1,65,UVERTHXHNQWOMX-UHFFFAOYNA-N,-8.053
PGR,s_LEU203,mut_s1,detail,1,66,BPFYGTYAFCVUAQ-QWOVJGMINA-N,-8.248
PGR,s_LEU203,mut_s1,detail,1,67,ZODJKQULMZCUCT-PKSOQXRJNA-N,-8.009
PGR,s_LEU203,mut_s1,detail,1,68,WEZGTMJXSVLNML-MPIMZMORNA-N,-6.216
PGR,s_LEU203,mut_s1,detail,1,69,IGZPSIOZEAIYTH-UHFFFAOYNA-N,-8.802
PGR,s_LEU203,mut_s1,detail,1,70,YRVFOAARONPYKD-UHFFFAOYNA-N,-8.889
PGR,s_LEU203,mut_s1,detail,1,71,ZESNJJBGEWLRGV-KAKWUFLPNA-N,-7.748
PGR,s_LEU203,mut_s1,detail,1,72,PYCBHJYHBUOUCW-PKSOQXRJNA-N,-6.49
PGR,s_LEU203,mut_s1,detail,1,73,ABPSNZWEZWHADJ-GPQMBLKYNA-N,-7.335
PGR,s_LEU203,mut_s1,detail,1,74,WXDJXWILXCCWRK-UHFFFAOYNA-N,-7.692
PGR,s_LEU203,mut_s1,detail,1,75,VCRWHFFSQUYIOM-DDCYPFOINA-N,-6.635
PGR,s_LEU203,mut_s1,detail,1,76,JANVEQMYWYPFNU-RTAVDJSLNA-N,-6.886
PGR,s_LEU203,mut_s1,detail,1,77,IQLYJZGQMYCKRA-QWOVJGMINA-N,-7.777
PGR,s_LEU203,mut_s1,detail,1,78,CTAZJMUKYKCOMY-HVXXBKQBNA-N,-7.727
PGR,s_LEU203,mut_s1,detail,1,79,FXRIMHMLPNSELN-XBTAAFKLNA-N,-6.806
PGR,s_LEU203,mut_s1,detail,1,80,GEUQUSZFVWZXJI-UHFFFAOYNA-N,-8.544
PGR,s_LEU203,mut_s1,detail,1,81,AFGXLUJVZOJZCS-DVIAZDKANA-N,-7.108
PGR,s_LEU203,mut_s1,detail,1,82,QPNICESGZANARJ-MPIMZMORNA-N,-9.043
PGR,s_LEU203,mut_s1,detail,1,83,QFHCJULFNFFSDD-MPIMZMORNA-N,-6.932
PGR,s_LEU203,mut_s1,detail,1,84,MABJRAVWPUIQDD-GPQMBLKYNA-N,-6.297
PGR,s_LEU203,mut_s1,detail,1,85,KEULGNACOIQOLD-LILDFLRNNA-N,-7.148
PGR,s_LEU203,mut_s1,detail,1,86,PHUKSBWGYBHYCM-ZANVPECINA-N,-8.109
PGR,s_LEU203,mut_s1,detail,1,87,VBFJSECKEUOBIV-UYBDAZJANA-N,-7.442
PGR,s_LEU203,mut_s1,detail,1,88,VKOJWPSHQQXTMQ-AWQFTUOYNA-N,-7.876
PGR,s_LEU203,mut_s1,detail,1,89,WGGCYQHFLWUGKK-LNNLXFCONA-N,-8.944
PGR,s_LEU203,mut_s1,detail,1,90,SEESZUWDWXYFGB-HUUCEWRRNA-N,-7.028
PGR,s_LEU203,mut_s1,detail,1,91,SAOIUZZZCRDJIE-UYBDAZJANA-N,-6.97
PGR,s_LEU203,mut_s1,detail,1,92,LCZXUQMWBHAHOF-PKSOQXRJNA-N,-8.012
PGR,s_LEU203,mut_s1,detail,1,93,HJZRMYRSMHLBMM-UHFFFAOYNA-N,-6.592
PGR,s_LEU203,mut_s1,detail,1,94,NYIAMZTVDFGSMO-UHFFFAOYNA-N,-7.201
PGR,s_LEU203,mut_s1,detail,1,95,PBGALVWBACEVEC-QWOVJGMINA-N,-6.992
PGR,s_LEU203,mut_s1,detail,1,96,DDCGYKUGMMDSDD-PKSOQXRJNA-N,-7.351
PGR,s_LEU203,mut_s1,detail,1,97,IIROHAHLTGYHGV-UYBDAZJANA-N,-9.339
PGR,s_LEU203,mut_s1,detail,1,98,IQJXWGCMCSFZHI-LQFNOIFHNA-N,-7.044
PGR,s_LEU203,mut_s1,detail,1,99,OPSKQPYXZASNGA-QWOVJGMINA-N,-6.093
PGR,s_LEU203,mut_s1,detail,1,100,COHPEUUUDGXEPG-MPIMZMORNA-N,-6.888
PGR,s_LEU203,mut_s1,detail,1,101,LCLQRXYSCAZUJT-PKSOQXRJNA-N,-7.0
PGR,s_LEU203,mut_s1,detail,1,102,DMWUHECJQADMOM-PKSOQXRJNA-N,-7.842
PGR,s_LEU203,mut_s1,detail,1,103,RINYNDHGPMMUPG-UYBDAZJANA-N,-7.592
PGR,s_LEU203,mut_s1,detail,1,104,GWFMSEYHCOCBEH-UYBDAZJANA-N,-7.773
PGR,s_LEU203,mut_s1,detail,1,105,ZSYYKQAVTXERHH-LILDFLRNNA-N,-7.151
PGR,s_LEU203,mut_s1,detail,1,106,RFGLZFMBWWKYGX-UHFFFAOYNA-N,-7.978
PGR,s_LEU203,mut_s1,detail,1,107,ZCFXIPSPKDGCHW-HSJCKIQZNA-N,-6.875
PGR,s_LEU203,mut_s1,detail,1,108,OJBRUITYMUOMQJ-UYBDAZJANA-N,-5.944
PGR,s_LEU203,mut_s1,detail,1,109,QRQQRMCYDJTOMZ-IHYGWTSJNA-N,-7.658
PGR,s_LEU203,mut_s1,detail,1,110,UZYHGPCXMSFTKE-NPQUBYNZNA-N,-8.193
PGR,s_LEU203,mut_s1,detail,1,111,FKRLYCLDDLGGPB-HCKMINDGNA-N,-5.713
PGR,s_LEU203,mut_s1,detail,1,112,SJUXHCSNSGLKJD-UYBDAZJANA-N,-6.498
PGR,s_LEU203,mut_s1,detail,1,113,MDJMMLITJGVNQI-LILDFLRNNA-N,-6.159
PGR,s_LEU203,mut_s1,detail,1,114,LAKWSLSTUWRCOM-UHFFFAOYNA-N,-8.579
PGR,s_LEU203,mut_s1,detail,1,115,RZYYWEWDCWHDNZ-PKSOQXRJNA-N,-6.742
PGR,s_LEU203,mut_s1,detail,1,116,KSTQHOAVVBOECJ-PKSOQXRJNA-N,-7.772
PGR,s_LEU203,mut_s1,detail,1,117,LTBODPBDLZJCLH-UHFFFAOYNA-N,-8.98
PGR,s_LEU203,mut_s1,detail,1,118,YNPHZUYBOQPWKQ-UYBDAZJANA-N,-8.083
PGR,s_LEU203,mut_s1,detail,1,119,TZYCJGJZUSVUSB-UHFFFAOYNA-N,-6.508
PGR,s_LEU203,mut_s1,detail,1,120,YDEMTQMAWLEDQT-HPHMPNDVNA-N,-6.749
PGR,s_LEU203,mut_s1,detail,1,121,JJTMKAVMZRVHFW-JZJYNLBNNA-N,-8.466
PGR,s_LEU203,mut_s1,detail,1,122,UQILDYXMCYUCGV-MPIMZMORNA-N,-7.015
PGR,s_LEU203,mut_s1,detail,1,123,LRULJABSRXBARK-PKSOQXRJNA-N,-6.133
PGR,s_LEU203,mut_s1,detail,1,124,FDGMHVXFEWDBLE-GZNJHTOZNA-N,-7.453
PGR,s_LEU203,mut_s1,detail,1,125,MDPXBTVEVMPBMF-MRSUPTMINA-N,-6.184
PGR,s_LEU203,mut_s1,detail,1,126,PRDMNBQAHOVKAV-UHFFFAOYNA-N,-9.249
PGR,s_LEU203,mut_s1,detail,1,127,OBAYJABSUJXLMA-HCKMINDGNA-N,-7.909
PGR,s_LEU203,mut_s1,detail,1,128,HLMWKCMXNWJGGO-VNHAUOCNNA-N,-6.561
PGR,s_LEU203,mut_s1,detail,1,129,ZWXZFCRRFQRJPF-QWOVJGMINA-N,-6.717
PGR,s_LEU203,mut_s1,detail,1,130,IXUSJKAERUMZME-NBNNRKRINA-N,-8.991
PGR,s_LEU203,mut_s1,detail,1,131,WDVACORMOUBMRH-NPQUBYNZNA-N,-7.452
PGR,s_LEU203,mut_s1,detail,1,132,UXLJJGBAQOYQMV-UHFFFAOYNA-N,-6.304
PGR,s_LEU203,mut_s1,detail,1,133,RWPNUXJCHLIEDT-UHFFFAOYNA-N,-6.987
PGR,s_LEU203,mut_s1,detail,1,134,BTCLKPCIIFOYHE-KRMNUSLJNA-N,-6.253
PGR,s_LEU203,mut_s1,detail,1,135,IGYZXGKFEXFDBK-SPEPDGBUNA-N,-8.414
PGR,s_LEU203,mut_s1,detail,1,136,RUKFQFDSWPNHGL-LNNLXFCONA-N,-6.224
PGR,s_LEU203,mut_s1,detail,1,137,QTHMBVGZTPOODZ-FVJBVQDQNA-N,-5.479
PGR,s_LEU203,mut_s1,detail,1,138,BLQYVHBZHAISJM-LSHAIWFFNA-N,-6.585
PGR,s_LEU203,mut_s1,detail,1,139,WMDYKLMOCCOUEL-SACSUSJJNA-N,-8.646
PGR,s_LEU203,mut_s1,detail,1,140,LEVPVCOKBQEXMQ-MPIMZMORNA-N,-6.616
PGR,s_LEU203,mut_s1,detail,1,141,YYDFYJDBXOSJHE-WBMJQRKENA-N,-6.541
PGR,s_LEU203,mut_s1,detail,1,142,NFXJPCKVPBXSDH-LQFNOIFHNA-N,-5.75
PGR,s_LEU203,mut_s1,detail,1,143,KAUHJCPWWQWSJV-LELJVTLKNA-N,-5.865
PGR,s_LEU203,mut_s1,detail,1,144,NVZSQUSTRBKANP-YIVFFDRWNA-N,-6.938
PGR,s_LEU203,mut_s1,detail,1,145,WIKNISOFBKUYKR-LBOYIXSDNA-N,-8.467
PGR,s_LEU203,mut_s1,detail,1,146,AQIYGSAXYBBKKP-LNNLXFCONA-N,-6.188
PGR,s_LEU203,mut_s1,detail,1,147,TWKQKOFHSPYVSG-LQFNOIFHNA-N,-7.04
PGR,s_LEU203,mut_s1,detail,1,148,LVWSKXKIFXRKQJ-QWOVJGMINA-N,-6.04
PGR,s_LEU203,mut_s1,detail,1,149,BBBUKQRTMPJLSL-FHIWLMNKNA-N,-5.792
PGR,s_LEU203,mut_s1,detail,1,150,SCECNMVMCCDVHC-UHFFFAOYNA-N,-8.442
PGR,s_LEU203,mut_s1,detail,1,151,OLMVVVWTBFULHB-HXTKINSTNA-N,-5.964
PGR,s_LEU203,mut_s1,detail,1,152,BJXFHKHIABEKFL-HXTKINSTNA-N,-6.874
PGR,s_LEU203,mut_s1,detail,1,153,GMYAIAZTDBDYGE-UHFFFAOYNA-N,-7.623
PGR,s_LEU203,mut_s1,detail,1,154,OMIWVZGQMXEZLZ-UHFFFAOYNA-N,-8.004
PGR,s_LEU203,mut_s1,detail,1,155,SFQDUATXFZWGHZ-UHFFFAOYNA-N,-4.764
PGR,s_LEU203,mut_s1,detail,1,156,AMRCHQSZZXWZBI-UHFFFAOYNA-N,-4.514
PGR,s_LEU203,mut_s1,detail,1,157,PDKBGLXLXHGRIF-UHFFFAOYNA-N,-6.134
PGR,s_LEU203,mut_s1,detail,1,158,IMPCJHDDDAGSIP-UHFFFAOYNA-N,-5.338
PGR,s_LEU203,mut_s1,detail,1,159,QKASSONCRIQFQE-UHFFFAOYNA-N,-6.784
PGR,s_LEU203,mut_s1,detail,1,160,RBPSUSGZEBUPLW-LELJVTLKNA-N,-6.624
PGR,s_LEU203,mut_s1,detail,1,161,IZMNNUPSRDMEKL-LICXQBBSNA-N,-8.26
PGR,s_LEU203,mut_s1,detail,1,162,PAVNRYHGSYWSPV-MPIMZMORNA-N,-5.573
PGR,s_LEU203,mut_s1,detail,1,163,TZXYYVHNWAKJLI-UHFFFAOYNA-N,-6.517
PGR,s_LEU203,mut_s1,detail,1,164,HNOCRTTZBPUBHY-UHFFFAOYNA-N,-6.409
PGR,s_LEU203,mut_s1,detail,1,165,WMPZPNIPTZCCJK-PKSOQXRJNA-N,-5.267
PGR,s_LEU203,mut_s1,detail,1,166,OBPAOULTANNRFC-QWOVJGMINA-N,-7.415
PGR,s_LEU203,mut_s1,detail,1,167,UCJOWIKNRBWRAB-UHFFFAOYNA-N,-7.754
PGR,s_LEU203,mut_s1,detail,1,168,GFKDVMSTTKOYOX-QCVZTBOQNA-N,-6.614
PGR,s_LEU203,mut_s1,detail,1,169,BAEJDWKEKZSULN-UHFFFAOYNA-N,-6.082
PGR,s_LEU203,mut_s1,detail,1,170,KZUDVENDSUODSU-LQFNOIFHNA-N,-8.614
PGR,s_LEU203,mut_s1,detail,1,171,HBYPDVHGDKCNMT-DVIAZDKANA-N,-7.436
PGR,s_LEU203,mut_s1,detail,1,172,PMUHFTCPDVPMRF-LELJVTLKNA-N,-8.173
PGR,s_LEU203,mut_s1,detail,1,173,XIYSICLOFPYCTK-ZVWSISBDNA-N,-6.566
PGR,s_LEU203,mut_s1,detail,1,174,CFOFCUAQALFPIW-HPRFPMAVNA-N,-7.258
PGR,s_LEU203,mut_s1,detail,1,175,ZNBMRULRQJAJNW-IRIILVJRNA-N,-7.896
PGR,s_LEU203,mut_s1,detail,1,176,RSQKKNPJKLBGPF-DVIAZDKANA-N,-8.143
PGR,s_LEU203,mut_s1,detail,1,177,UIYRVVZHZVHONZ-QWOVJGMINA-N,-6.534
PGR,s_LEU203,mut_s1,detail,1,178,RNCGDYFDZJIQTQ-UHFFFAOYNA-N,-9.012
PGR,s_LEU203,mut_s1,detail,1,179,QOWFNZNDIAKQKO-QFIPXVFZNA-N,-6.378
PGR,s_LEU203,mut_s1,detail,1,180,FIPNXDSUMLBDQK-LQFNOIFHNA-N,-7.477
PGR,s_LEU203,mut_s1,detail,1,181,NHFGNUVGTDMGKX-UHFFFAOYNA-N,-6.897
PGR,s_LEU203,mut_s1,detail,1,182,RNBGNITZKVUDSK-YFMNGRKDNA-N,-6.007
PGR,s_LEU203,mut_s1,detail,1,183,CPEKPARXQVWWJD-IAXKEJLGNA-N,-4.588
PGR,s_LEU203,mut_s1,detail,1,184,IEAABJYVWXHFOX-MPIMZMORNA-N,-7.648
PGR,s_LEU203,mut_s1,detail,1,185,DSNCXRXGMZSRBV-GOSISDBHNA-N,-8.332
PGR,s_LEU203,mut_s1,detail,1,186,DOVTZHSQYCZIIX-MPIMZMORNA-N,-7.259
PGR,s_LEU203,mut_s1,detail,1,187,BKYWKCMMWRHBGX-SPEPDGBUNA-N,-8.524
PGR,s_LEU203,mut_s1,detail,1,188,MTRHSIOVVWFAOM-MPIMZMORNA-N,-6.378
PGR,s_LEU203,mut_s1,detail,1,189,VZLVPTSUFJDRRQ-LELJVTLKNA-N,-6.489
PGR,s_LEU203,mut_s1,detail,1,190,FJYPQTWLGSEZAE-UNEGGNDLNA-N,-8.066
PGR,s_LEU203,mut_s1,detail,1,191,FOJSFYSVCCQUQP-VVKINWOJNA-N,-5.386
PGR,s_LEU203,mut_s1,detail,1,192,SULPKNWDXWJTHQ-GCNJZUOMNA-N,-6.233
PGR,s_LEU203,mut_s1,detail,1,193,JTPAQMOUZGIORE-UHFFFAOYNA-N,-6.704
PGR,s_LEU203,mut_s1,detail,1,194,KRFPGHLUAFZMRZ-TYOBWDGZNA-N,-5.557
PGR,s_LEU203,mut_s1,detail,1,195,TVZGACDUOSZQKY-XBGCRKGSNA-N,-7.827
PGR,s_LEU203,mut_s1,detail,1,196,CXDZGSNFZYGQSZ-PKRZOPRNNA-N,-6.962
PGR,s_LEU203,mut_s1,detail,1,197,FBZYWIMLLHPUPX-VJSLDGLSNA-N,-6.646
PGR,s_LEU203,mut_s1,detail,1,198,HKJNKURRZRPPMK-MDXLESTANA-N,-6.252
PGR,s_LEU203,mut_s1,detail,1,199,DVAPEEIVFMOBQW-SLSKDPHBNA-N,-7.059
PGR,s_LEU203,mut_s1,detail,1,200,SVDIZPBCTLXSOH-LNNLXFCONA-N,-6.255
PGR,s_LEU203,mut_s1,detail,1,201,NDXCWKMYPWRPDY-NUCQJGHSNA-N,-6.117
PGR,s_LEU203,mut_s1,detail,1,202,VXHUMLIJAQHWIX-CRNXEPDINA-N,-5.908
PGR,s_LEU203,mut_s1,detail,1,203,KBZDVXICPAJAAT-LNNLXFCONA-N,-5.255
PGR,s_LEU203,mut_s1,detail,1,204,DVFDTYFATLFXHU-WOPMAMTRNA-N,-5.287
PGR,s_LEU203,mut_s1,detail,1,205,WURBKQGAFSESKZ-MPIMZMORNA-N,-6.465
PGR,s_LEU203,mut_s1,detail,1,206,LXGVFBXRKSCESU-UWUUZOGGNA-N,-6.345
PGR,s_LEU203,mut_s1,detail,1,207,CQWFJACPUQVVQZ-UHFFFAOYNA-N,-4.885
PGR,s_LEU203,mut_s1,detail,1,208,FEZAUPQJLJCQHD-XRJCTRHONA-N,-8.0
PGR,s_LEU203,mut_s1,detail,1,209,IDKGPACCMPKKQB-LIPPOORTNA-N,-8.348
PGR,s_LEU203,mut_s1,detail,1,210,PEPJPELNFRAZNQ-LKHHGCNMNA-N,-7.228
PGR,s_LEU203,mut_s1,detail,1,211,GRUWUINXLANFJE-LBOYIXSDNA-N,-6.303
PGR,s_LEU203,mut_s1,detail,1,212,RTFGYBAMFJVGHJ-UHFFFAOYNA-N,-5.806
PGR,s_LEU203,mut_s1,detail,1,213,LYJNRGFCMLOFNV-HIVOMVAKNA-N,-5.475
PGR,s_LEU203,mut_s1,detail,1,214,MKDSWBAEXGFAEE-LBOYIXSDNA-N,-5.753
PGR,s_LEU203,mut_s1,detail,1,215,NSLNDONZYBNSFU-ASVXZIMGNA-N,-6.264
PGR,s_LEU203,mut_s1,detail,1,216,HUDCDZLLNLJTEW-RBSQRGBYNA-N,-5.434
PGR,s_LEU203,mut_s1,detail,1,217,OFRDBFMZCXXKAH-LBOYIXSDNA-N,-6.019
PGR,s_LEU203,mut_s1,detail,1,218,NSLGAHAKEFYCED-PELNGNISNA-N,-5.705
PGR,s_LEU203,mut_s1,detail,1,219,QLSURSTUZJVSGU-NSJMMFDCNA-N,-6.531
PGR,s_LEU203,mut_s1,detail,1,220,CXLYWVWLNDGNIU-VEORKLDJNA-N,-5.128
PGR,s_LEU203,mut_s1,detail,1,221,RHIJMDNVEPLDED-UHFFFAOYNA-N,-4.992
PGR,s_LEU203,mut_s1,detail,1,222,YNUXXMJVZSTPFZ-CSKMVECVNA-N,-6.942
PGR,s_LEU203,mut_s1,detail,1,223,ILWOOGUHZKNTQQ-DNVCBOLYNA-N,-6.091
PGR,s_LEU203,mut_s1,detail,1,224,CARWTONHZWZDHZ-XIPNIRHDNA-N,-6.696
PGR,s_LEU203,mut_s1,detail,1,225,OSMWANBXVVPETF-HTBVCZPNNA-N,-7.314
PGR,s_LEU203,mut_s1,detail,1,226,KCNVHXJEALIYQI-PCRUTULWNA-N,-5.84
PGR,s_LEU203,mut_s1,detail,1,227,FPUDFDKQGXUBJA-QQXSKIMKNA-N,-7.294
PGR,s_LEU203,mut_s1,detail,1,228,MQWZYEDJGHLFFI-VJSLDGLSNA-N,-6.832
PGR,s_LEU203,mut_s1,detail,1,229,YPTIEFMKXZIMKO-LNNLXFCONA-N,-7.9
PGR,s_LEU203,mut_s1,detail,1,230,MWIZLUKLQZEFBC-LKHHGCNMNA-N,-5.226
PGR,s_LEU203,mut_s1,detail,1,231,PMNZCFDKKKLFHH-LBOYIXSDNA-N,-6.786
PGR,s_LEU203,mut_s1,detail,1,232,NELOFNHVEWRSBT-OKPOJWAQNA-N,-6.356
PGR,s_LEU203,mut_s1,detail,1,233,VCXACHHEDDVKAY-SREBMQDQNA-N,-5.701
PGR,s_LEU203,mut_s1,detail,1,234,KWJVADNYZMUTJY-IPYVVANSNA-N,-7.127
PGR,s_LEU203,mut_s1,detail,1,235,LLQAFRKQJAOAMO-XGEXJYLCNA-N,-5.384
PGR,s_LEU203,mut_s1,detail,1,236,VCAMVXBSKDFRFE-LNNLXFCONA-N,-5.242
PGR,s_LEU203,mut_s1,detail,1,237,QXIHUBWNLRPDRU-UHFFFAOYNA-N,-6.738
PGR,s_LEU203,mut_s1,detail,1,238,JUXOLKXMOLRWLC-MPIMZMORNA-N,-5.83
PGR,s_LEU203,mut_s1,detail,1,239,SQTIAXOMFTYLLF-QVYQQCQZNA-N,-5.618
PGR,s_LEU203,mut_s1,detail,1,240,BJSKDMOWRPAVMK-UHFFFAOYNA-N,-8.752
PGR,s_LEU203,mut_s1,detail,1,241,VRQPEWWROOGXLL-VJSLDGLSNA-N,-6.374
PGR,s_LEU203,mut_s1,detail,1,242,IXNOFPXGSKSKJH-HXTKINSTNA-N,-6.698
PGR,s_LEU203,mut_s1,detail,1,243,BMCFOHNLKRIWMC-UHFFFAOYNA-N,-5.503
PGR,s_LEU203,mut_s1,detail,1,244,FLFMKNMHDFIWDB-PJQSKVNONA-N,-6.84
PGR,s_LEU203,mut_s1,detail,1,245,JJLXVLWPUFIUBC-IGBJZSFZNA-N,-6.264
PGR,s_LEU203,mut_s1,detail,1,246,ZXCSBCTVTJFLOZ-JUEKIJOLNA-N,-8.043
PGR,s_LEU203,mut_s1,detail,1,247,LCSLDZZBWHBLFA-UHFFFAOYNA-N,-4.177
PGR,s_LEU203,mut_s1,detail,1,248,CAVTYMQSFAIXRJ-AKXZRBJUNA-N,-5.244
PGR,s_LEU203,mut_s1,detail,1,249,UFXJYIXRQNBEDW-UHFFFAOYNA-N,-7.513
PGR,s_LEU203,mut_s1,detail,1,250,HWIAWSLSCZUKKA-SFHVURJKNA-N,-6.868
PGR,s_LEU203,mut_s1,detail,1,251,MYHQHPUWOWUUQI-ZELWXOMMNA-N,-5.709
PGR,s_LEU203,mut_s1,detail,1,252,GWNRIUBPBWOQGT-UHFFFAOYNA-N,-5.443
PGR,s_LEU203,mut_s1,detail,1,253,YCWRQUXRVNLWEM-LELJVTLKNA-N,-6.212
PGR,s_LEU203,mut_s1,detail,1,254,DMRFDXBCAQFSFQ-UYLYIRGYNA-N,-7.904
PGR,s_LEU203,mut_s1,detail,1,255,XCZDGLYGEYYXKS-UWLQQCCWNA-N,-5.255
PGR,s_THR112,mut_s1,detail,1,0,UDJUXZQGNCUDQR-LILDFLRNNA-N,-8.423
PGR,s_THR112,mut_s1,detail,1,1,GANVJBSNVYJUKL-UHFFFAOYNA-N,-7.139
PGR,s_THR112,mut_s1,detail,1,2,RUBHNPNCPXGKIE-YAQRNVERNA-N,-6.82
PGR,s_THR112,mut_s1,detail,1,3,JYSICDMWNXGPIM-XLPACQNMNA-N,-7.092
PGR,s_THR112,mut_s1,detail,1,4,KZDPKDSPDUVHGB-GAJRPKRDNA-N,-7.583
PGR,s_THR112,mut_s1,detail,1,5,GQKJQNXSSQKJGW-HCKMINDGNA-N,-8.175
PGR,s_THR112,mut_s1,detail,1,6,HJRUOZFNPQVNSF-MNIXEANVNA-N,-8.555
PGR,s_THR112,mut_s1,detail,1,7,ALUOSUMBVMLDKR-UHFFFAOYNA-N,-9.209
PGR,s_THR112,mut_s1,detail,1,8,QMQNUSSPTHZCGT-UYBDAZJANA-N,-9.192
PGR,s_THR112,mut_s1,detail,1,9,UEZBMIQIUOTBJT-UYBDAZJANA-N,-7.95
PGR,s_THR112,mut_s1,detail,1,10,ICZZTNOOMSQNCH-UHFFFAOYNA-N,-7.515
PGR,s_THR112,mut_s1,detail,1,11,AMOFQKAIXTYZIZ-NPVYFSBINA-N,-7.448
PGR,s_THR112,mut_s1,detail,1,12,IZOPLHPCKOSQQN-UHFFFAOYNA-N,-8.073
PGR,s_THR112,mut_s1,detail,1,13,OFZZZJLWPKOLIX-GPQMBLKYNA-N,-8.361
PGR,s_THR112,mut_s1,detail,1,14,BXADTFNFCCRMQU-UHFFFAOYNA-N,-7.08
PGR,s_THR112,mut_s1,detail,1,15,PKQDOSZHMAIBHQ-GPQMBLKYNA-N,-9.167
PGR,s_THR112,mut_s1,detail,1,16,JLTFAWOGGLXAFU-UHFFFAOYNA-N,-7.871
PGR,s_THR112,mut_s1,detail,1,17,QYACKAORZRQPTE-UHFFFAOYNA-N,-7.193
PGR,s_THR112,mut_s1,detail,1,18,FFJKVRCOUHEYOK-YAQRNVERNA-N,-7.513
PGR,s_THR112,mut_s1,detail,1,19,MFTSRMJYWLCCSA-GHRIWEEINA-N,-8.661
PGR,s_THR112,mut_s1,detail,1,20,NDRMSISLKTZBKD-HCKMINDGNA-N,-7.913
PGR,s_THR112,mut_s1,detail,1,21,APGSUVBRVVNRPJ-UHFFFAOYNA-N,-8.302
PGR,s_THR112,mut_s1,detail,1,22,MTIGVNBPQVLRLS-XQMQJMAZNA-N,-7.243
PGR,s_THR112,mut_s1,detail,1,23,WIWDZNZJLUFUSQ-GSIAOYINNA-N,-8.496
PGR,s_THR112,mut_s1,detail,1,24,WVJSLMIKTFBTBO-WVMALLHKNA-N,-7.287
PGR,s_THR112,mut_s1,detail,1,25,QASCAWSPAPUKDI-UHFFFAOYNA-N,-7.472
PGR,s_THR112,mut_s1,detail,1,26,WJZNKICGQZGRPQ-YHMJCDSINA-N,-6.824
PGR,s_THR112,mut_s1,detail,1,27,ACKCEYIVRXUHDK-HCKMINDGNA-N,-7.93
PGR,s_THR112,mut_s1,detail,1,28,GXKXWCKNQMYETG-UHFFFAOYNA-N,-9.151
PGR,s_THR112,mut_s1,detail,1,29,QGTKEDSQUDRCEG-UHFFFAOYNA-N,-7.381
PGR,s_THR112,mut_s1,detail,1,30,NYJUJIFSIDORSZ-LILDFLRNNA-N,-8.816
PGR,s_THR112,mut_s1,detail,1,31,SCGGVBDHUNVGKR-VRGMUVNCNA-N,-9.767
PGR,s_THR112,mut_s1,detail,1,32,ZWGVKWPZYUUFSB-YAQRNVERNA-N,-7.286
PGR,s_THR112,mut_s1,detail,1,33,BCTONXHZFGFJIT-UHFFFAOYNA-N,-8.808
PGR,s_THR112,mut_s1,detail,1,34,BIZAQLNMDJHGTL-HCKMINDGNA-N,-8.794
PGR,s_THR112,mut_s1,detail,1,35,KZFYAEKGSRGKDQ-GPQMBLKYNA-N,-8.025
PGR,s_THR112,mut_s1,detail,1,36,REZYNFOIWKOLBD-UHFFFAOYNA-N,-7.634
PGR,s_THR112,mut_s1,detail,1,37,SDKQIECEJUFKHI-MUSVCJDDNA-N,-8.002
PGR,s_THR112,mut_s1,detail,1,38,XUJSYVYKXBOYJP-JTQLQIEINA-N,-8.918
PGR,s_THR112,mut_s1,detail,1,39,NVHKWMBHTXQWRP-NSFCMMSCNA-N,-8.361
PGR,s_THR112,mut_s1,detail,1,40,AHYPQQDJTFMEJW-VGOFMYFVNA-N,-7.804
PGR,s_THR112,mut_s1,detail,1,41,BGRJTUBHPOOWDU-QDYITYEQNA-N,-7.347
PGR,s_THR112,mut_s1,detail,1,42,KJQORRCKEQRHKP-UHFFFAOYNA-N,-8.421
PGR,s_THR112,mut_s1,detail,1,43,SJFPWWYCPGONOM-UHFFFAOYNA-N,-7.754
PGR,s_THR112,mut_s1,detail,1,44,VEZJRJGLFIXQHG-KJQBJTEXNA-N,-8.694
PGR,s_THR112,mut_s1,detail,1,45,VQXJTNXJSNLNEM-WYUMXYHSNA-N,-8.906
PGR,s_THR112,mut_s1,detail,1,46,RWCDZKHBJGXNQH-UHFFFAOYNA-N,-7.689
PGR,s_THR112,mut_s1,detail,1,47,JXOHPGXCMHDJOH-XQMQJMAZNA-N,-7.472
PGR,s_THR112,mut_s1,detail,1,48,XNBZHZUOHMKIBH-UHFFFAOYNA-N,-7.598
PGR,s_THR112,mut_s1,detail,1,49,VTEXVGQDUYFTHA-UHFFFAOYNA-N,-6.752
PGR,s_THR112,mut_s1,detail,1,50,IUJLOAKJZQBENM-UHFFFAOYNA-N,-7.165
PGR,s_THR112,mut_s1,detail,1,51,QHULAWVSDWNAPE-UHFFFAOYNA-N,-7.44
PGR,s_THR112,mut_s1,detail,1,52,VGJKJRWFEYUOMP-YAQRNVERNA-N,-7.148
PGR,s_THR112,mut_s1,detail,1,53,DDCFZIXVFUZWLX-UHFFFAOYNA-N,-8.52
PGR,s_THR112,mut_s1,detail,1,54,OTCRWFSKWBSBLF-UHFFFAOYNA-N,-7.664
PGR,s_THR112,mut_s1,detail,1,55,YFYMHQPNOSTLFF-XQMQJMAZNA-N,-7.563
PGR,s_THR112,mut_s1,detail,1,56,DYMQNLJFFJCVBA-UHFFFAOYNA-N,-6.925
PGR,s_THR112,mut_s1,detail,1,57,QERUYJGOUSNCOY-YHMJCDSINA-N,-7.749
PGR,s_THR112,mut_s1,detail,1,58,VBKFPTDUXZKHJG-VNHYZAJKNA-N,-8.166
PGR,s_THR112,mut_s1,detail,1,59,ZBEDJPDEINGEHM-UHFFFAOYNA-N,-6.421
PGR,s_THR112,mut_s1,detail,1,60,LIEZHLXUCGSNOU-UHFFFAOYNA-N,-8.981
PGR,s_THR112,mut_s1,detail,1,61,RROQODCMZSASRX-UHFFFAOYNA-N,-6.765
PGR,s_THR112,mut_s1,detail,1,62,BPMAVTHRQBBTNZ-UYBDAZJANA-N,-9.082
PGR,s_THR112,mut_s1,detail,1,63,ATKWLNSCJYLXPF-FICVDOATNA-N,-8.971
PGR,s_THR112,mut_s1,detail,1,64,RLUBDGBLOPBNLZ-UHFFFAOYNA-N,-9.157
PGR,s_THR112,mut_s1,detail,1,65,UVERTHXHNQWOMX-UHFFFAOYNA-N,-8.035
PGR,s_THR112,mut_s1,detail,1,66,BPFYGTYAFCVUAQ-QWOVJGMINA-N,-8.216
PGR,s_THR112,mut_s1,detail,1,67,ZODJKQULMZCUCT-PKSOQXRJNA-N,-7.509
PGR,s_THR112,mut_s1,detail,1,68,WEZGTMJXSVLNML-MPIMZMORNA-N,-5.914
PGR,s_THR112,mut_s1,detail,1,69,IGZPSIOZEAIYTH-UHFFFAOYNA-N,-8.806
PGR,s_THR112,mut_s1,detail,1,70,YRVFOAARONPYKD-UHFFFAOYNA-N,-8.832
PGR,s_THR112,mut_s1,detail,1,71,ZESNJJBGEWLRGV-KAKWUFLPNA-N,-7.312
PGR,s_THR112,mut_s1,detail,1,72,PYCBHJYHBUOUCW-PKSOQXRJNA-N,-7.239
PGR,s_THR112,mut_s1,detail,1,73,ABPSNZWEZWHADJ-GPQMBLKYNA-N,-7.327
PGR,s_THR112,mut_s1,detail,1,74,WXDJXWILXCCWRK-UHFFFAOYNA-N,-7.726
PGR,s_THR112,mut_s1,detail,1,75,VCRWHFFSQUYIOM-DDCYPFOINA-N,-6.566
PGR,s_THR112,mut_s1,detail,1,76,JANVEQMYWYPFNU-RTAVDJSLNA-N,-6.875
PGR,s_THR112,mut_s1,detail,1,77,IQLYJZGQMYCKRA-QWOVJGMINA-N,-7.12
PGR,s_THR112,mut_s1,detail,1,78,CTAZJMUKYKCOMY-HVXXBKQBNA-N,-7.782
PGR,s_THR112,mut_s1,detail,1,79,FXRIMHMLPNSELN-XBTAAFKLNA-N,-6.783
PGR,s_THR112,mut_s1,detail,1,80,GEUQUSZFVWZXJI-UHFFFAOYNA-N,-7.822
PGR,s_THR112,mut_s1,detail,1,81,AFGXLUJVZOJZCS-DVIAZDKANA-N,-6.39
PGR,s_THR112,mut_s1,detail,1,82,QPNICESGZANARJ-MPIMZMORNA-N,-7.782
PGR,s_THR112,mut_s1,detail,1,83,QFHCJULFNFFSDD-MPIMZMORNA-N,-6.941
PGR,s_THR112,mut_s1,detail,1,84,MABJRAVWPUIQDD-GPQMBLKYNA-N,-6.464
PGR,s_THR112,mut_s1,detail,1,85,KEULGNACOIQOLD-LILDFLRNNA-N,-7.268
PGR,s_THR112,mut_s1,detail,1,86,PHUKSBWGYBHYCM-ZANVPECINA-N,-8.118
PGR,s_THR112,mut_s1,detail,1,87,VBFJSECKEUOBIV-UYBDAZJANA-N,-7.394
PGR,s_THR112,mut_s1,detail,1,88,VKOJWPSHQQXTMQ-AWQFTUOYNA-N,-6.948
PGR,s_THR112,mut_s1,detail,1,89,WGGCYQHFLWUGKK-LNNLXFCONA-N,-8.891
PGR,s_THR112,mut_s1,detail,1,90,SEESZUWDWXYFGB-HUUCEWRRNA-N,-7.054
PGR,s_THR112,mut_s1,detail,1,91,SAOIUZZZCRDJIE-UYBDAZJANA-N,-6.472
PGR,s_THR112,mut_s1,detail,1,92,LCZXUQMWBHAHOF-PKSOQXRJNA-N,-7.5
PGR,s_THR112,mut_s1,detail,1,93,HJZRMYRSMHLBMM-UHFFFAOYNA-N,-6.563
PGR,s_THR112,mut_s1,detail,1,94,NYIAMZTVDFGSMO-UHFFFAOYNA-N,-7.153
PGR,s_THR112,mut_s1,detail,1,95,PBGALVWBACEVEC-QWOVJGMINA-N,-7.352
PGR,s_THR112,mut_s1,detail,1,96,DDCGYKUGMMDSDD-PKSOQXRJNA-N,-7.281
PGR,s_THR112,mut_s1,detail,1,97,IIROHAHLTGYHGV-UYBDAZJANA-N,-9.35
PGR,s_THR112,mut_s1,detail,1,98,IQJXWGCMCSFZHI-LQFNOIFHNA-N,-6.903
PGR,s_THR112,mut_s1,detail,1,99,OPSKQPYXZASNGA-QWOVJGMINA-N,-6.348
PGR,s_THR112,mut_s1,detail,1,100,COHPEUUUDGXEPG-MPIMZMORNA-N,-7.007
PGR,s_THR112,mut_s1,detail,1,101,LCLQRXYSCAZUJT-PKSOQXRJNA-N,-6.647
PGR,s_THR112,mut_s1,detail,1,102,DMWUHECJQADMOM-PKSOQXRJNA-N,-7.787
PGR,s_THR112,mut_s1,detail,1,103,RINYNDHGPMMUPG-UYBDAZJANA-N,-7.291
PGR,s_THR112,mut_s1,detail,1,104,GWFMSEYHCOCBEH-UYBDAZJANA-N,-8.408
PGR,s_THR112,mut_s1,detail,1,105,ZSYYKQAVTXERHH-LILDFLRNNA-N,-6.698
PGR,s_THR112,mut_s1,detail,1,106,RFGLZFMBWWKYGX-UHFFFAOYNA-N,-8.078
PGR,s_THR112,mut_s1,detail,1,107,ZCFXIPSPKDGCHW-HSJCKIQZNA-N,-6.852
PGR,s_THR112,mut_s1,detail,1,108,OJBRUITYMUOMQJ-UYBDAZJANA-N,-6.198
PGR,s_THR112,mut_s1,detail,1,109,QRQQRMCYDJTOMZ-IHYGWTSJNA-N,-7.595
PGR,s_THR112,mut_s1,detail,1,110,UZYHGPCXMSFTKE-NPQUBYNZNA-N,-8.256
PGR,s_THR112,mut_s1,detail,1,111,FKRLYCLDDLGGPB-HCKMINDGNA-N,-5.888
PGR,s_THR112,mut_s1,detail,1,112,SJUXHCSNSGLKJD-UYBDAZJANA-N,-6.83
PGR,s_THR112,mut_s1,detail,1,113,MDJMMLITJGVNQI-LILDFLRNNA-N,-6.628
PGR,s_THR112,mut_s1,detail,1,114,LAKWSLSTUWRCOM-UHFFFAOYNA-N,-8.643
PGR,s_THR112,mut_s1,detail,1,115,RZYYWEWDCWHDNZ-PKSOQXRJNA-N,-6.81
PGR,s_THR112,mut_s1,detail,1,116,KSTQHOAVVBOECJ-PKSOQXRJNA-N,-7.765
PGR,s_THR112,mut_s1,detail,1,117,LTBODPBDLZJCLH-UHFFFAOYNA-N,-8.962
PGR,s_THR112,mut_s1,detail,1,118,YNPHZUYBOQPWKQ-UYBDAZJANA-N,-7.934
PGR,s_THR112,mut_s1,detail,1,119,TZYCJGJZUSVUSB-UHFFFAOYNA-N,-6.019
PGR,s_THR112,mut_s1,detail,1,120,YDEMTQMAWLEDQT-HPHMPNDVNA-N,-6.595
PGR,s_THR112,mut_s1,detail,1,121,JJTMKAVMZRVHFW-JZJYNLBNNA-N,-8.734
PGR,s_THR112,mut_s1,detail,1,122,UQILDYXMCYUCGV-MPIMZMORNA-N,-7.124
PGR,s_THR112,mut_s1,detail,1,123,LRULJABSRXBARK-PKSOQXRJNA-N,-6.268
PGR,s_THR112,mut_s1,detail,1,124,FDGMHVXFEWDBLE-GZNJHTOZNA-N,-7.482
PGR,s_THR112,mut_s1,detail,1,125,MDPXBTVEVMPBMF-MRSUPTMINA-N,-6.22
PGR,s_THR112,mut_s1,detail,1,126,PRDMNBQAHOVKAV-UHFFFAOYNA-N,-9.221
PGR,s_THR112,mut_s1,detail,1,127,OBAYJABSUJXLMA-HCKMINDGNA-N,-7.864
PGR,s_THR112,mut_s1,detail,1,128,HLMWKCMXNWJGGO-VNHAUOCNNA-N,-6.741
PGR,s_THR112,mut_s1,detail,1,129,ZWXZFCRRFQRJPF-QWOVJGMINA-N,-7.451
PGR,s_THR112,mut_s1,detail,1,130,IXUSJKAERUMZME-NBNNRKRINA-N,-8.038
PGR,s_THR112,mut_s1,detail,1,131,WDVACORMOUBMRH-NPQUBYNZNA-N,-7.142
PGR,s_THR112,mut_s1,detail,1,132,UXLJJGBAQOYQMV-UHFFFAOYNA-N,-8.085
PGR,s_THR112,mut_s1,detail,1,133,RWPNUXJCHLIEDT-UHFFFAOYNA-N,-5.634
PGR,s_THR112,mut_s1,detail,1,134,BTCLKPCIIFOYHE-KRMNUSLJNA-N,-6.727
PGR,s_THR112,mut_s1,detail,1,135,IGYZXGKFEXFDBK-SPEPDGBUNA-N,-7.604
PGR,s_THR112,mut_s1,detail,1,136,RUKFQFDSWPNHGL-LNNLXFCONA-N,-6.212
PGR,s_THR112,mut_s1,detail,1,137,QTHMBVGZTPOODZ-FVJBVQDQNA-N,-5.938
PGR,s_THR112,mut_s1,detail,1,138,BLQYVHBZHAISJM-LSHAIWFFNA-N,-6.381
PGR,s_THR112,mut_s1,detail,1,139,WMDYKLMOCCOUEL-SACSUSJJNA-N,-8.617
PGR,s_THR112,mut_s1,detail,1,140,LEVPVCOKBQEXMQ-MPIMZMORNA-N,-6.511
PGR,s_THR112,mut_s1,detail,1,141,YYDFYJDBXOSJHE-WBMJQRKENA-N,-6.751
PGR,s_THR112,mut_s1,detail,1,142,NFXJPCKVPBXSDH-LQFNOIFHNA-N,-6.038
PGR,s_THR112,mut_s1,detail,1,143,KAUHJCPWWQWSJV-LELJVTLKNA-N,-6.812
PGR,s_THR112,mut_s1,detail,1,144,NVZSQUSTRBKANP-YIVFFDRWNA-N,-6.912
PGR,s_THR112,mut_s1,detail,1,145,WIKNISOFBKUYKR-LBOYIXSDNA-N,-8.338
PGR,s_THR112,mut_s1,detail,1,146,AQIYGSAXYBBKKP-LNNLXFCONA-N,-6.478
PGR,s_THR112,mut_s1,detail,1,147,TWKQKOFHSPYVSG-LQFNOIFHNA-N,-6.375
PGR,s_THR112,mut_s1,detail,1,148,LVWSKXKIFXRKQJ-QWOVJGMINA-N,-5.865
PGR,s_THR112,mut_s1,detail,1,149,BBBUKQRTMPJLSL-FHIWLMNKNA-N,-6.236
PGR,s_THR112,mut_s1,detail,1,150,SCECNMVMCCDVHC-UHFFFAOYNA-N,-8.27
PGR,s_THR112,mut_s1,detail,1,151,OLMVVVWTBFULHB-HXTKINSTNA-N,-6.688
PGR,s_THR112,mut_s1,detail,1,152,BJXFHKHIABEKFL-HXTKINSTNA-N,-6.768
PGR,s_THR112,mut_s1,detail,1,153,GMYAIAZTDBDYGE-UHFFFAOYNA-N,-7.795
PGR,s_THR112,mut_s1,detail,1,154,OMIWVZGQMXEZLZ-UHFFFAOYNA-N,-8.148
PGR,s_THR112,mut_s1,detail,1,155,SFQDUATXFZWGHZ-UHFFFAOYNA-N,-5.775
PGR,s_THR112,mut_s1,detail,1,156,AMRCHQSZZXWZBI-UHFFFAOYNA-N,-4.366
PGR,s_THR112,mut_s1,detail,1,157,PDKBGLXLXHGRIF-UHFFFAOYNA-N,-6.04
PGR,s_THR112,mut_s1,detail,1,158,IMPCJHDDDAGSIP-UHFFFAOYNA-N,-4.526
PGR,s_THR112,mut_s1,detail,1,159,QKASSONCRIQFQE-UHFFFAOYNA-N,-6.8
PGR,s_THR112,mut_s1,detail,1,160,RBPSUSGZEBUPLW-LELJVTLKNA-N,-6.46
PGR,s_THR112,mut_s1,detail,1,161,IZMNNUPSRDMEKL-LICXQBBSNA-N,-8.334
PGR,s_THR112,mut_s1,detail,1,162,PAVNRYHGSYWSPV-MPIMZMORNA-N,-5.672
PGR,s_THR112,mut_s1,detail,1,163,TZXYYVHNWAKJLI-UHFFFAOYNA-N,-6.409
PGR,s_THR112,mut_s1,detail,1,164,HNOCRTTZBPUBHY-UHFFFAOYNA-N,-6.943
PGR,s_THR112,mut_s1,detail,1,165,WMPZPNIPTZCCJK-PKSOQXRJNA-N,-6.226
PGR,s_THR112,mut_s1,detail,1,166,OBPAOULTANNRFC-QWOVJGMINA-N,-5.279
PGR,s_THR112,mut_s1,detail,1,167,UCJOWIKNRBWRAB-UHFFFAOYNA-N,-7.799
PGR,s_THR112,mut_s1,detail,1,168,GFKDVMSTTKOYOX-QCVZTBOQNA-N,-6.804
PGR,s_THR112,mut_s1,detail,1,169,BAEJDWKEKZSULN-UHFFFAOYNA-N,-6.92
PGR,s_THR112,mut_s1,detail,1,170,KZUDVENDSUODSU-LQFNOIFHNA-N,-8.355
PGR,s_THR112,mut_s1,detail,1,171,HBYPDVHGDKCNMT-DVIAZDKANA-N,-7.172
PGR,s_THR112,mut_s1,detail,1,172,PMUHFTCPDVPMRF-LELJVTLKNA-N,-7.641
PGR,s_THR112,mut_s1,detail,1,173,XIYSICLOFPYCTK-ZVWSISBDNA-N,-6.435
PGR,s_THR112,mut_s1,detail,1,174,CFOFCUAQALFPIW-HPRFPMAVNA-N,-6.594
PGR,s_THR112,mut_s1,detail,1,175,ZNBMRULRQJAJNW-IRIILVJRNA-N,-7.822
PGR,s_THR112,mut_s1,detail,1,176,RSQKKNPJKLBGPF-DVIAZDKANA-N,-5.776
PGR,s_THR112,mut_s1,detail,1,177,UIYRVVZHZVHONZ-QWOVJGMINA-N,-6.724
PGR,s_THR112,mut_s1,detail,1,178,RNCGDYFDZJIQTQ-UHFFFAOYNA-N,-9.146
PGR,s_THR112,mut_s1,detail,1,179,QOWFNZNDIAKQKO-QFIPXVFZNA-N,-6.266
PGR,s_THR112,mut_s1,detail,1,180,FIPNXDSUMLBDQK-LQFNOIFHNA-N,-6.681
PGR,s_THR112,mut_s1,detail,1,181,NHFGNUVGTDMGKX-UHFFFAOYNA-N,-5.93
PGR,s_THR112,mut_s1,detail,1,182,RNBGNITZKVUDSK-YFMNGRKDNA-N,-5.888
PGR,s_THR112,mut_s1,detail,1,183,CPEKPARXQVWWJD-IAXKEJLGNA-N,-6.023
PGR,s_THR112,mut_s1,detail,1,184,IEAABJYVWXHFOX-MPIMZMORNA-N,-7.081
PGR,s_THR112,mut_s1,detail,1,185,DSNCXRXGMZSRBV-GOSISDBHNA-N,-8.295
PGR,s_THR112,mut_s1,detail,1,186,DOVTZHSQYCZIIX-MPIMZMORNA-N,-7.405
PGR,s_THR112,mut_s1,detail,1,187,BKYWKCMMWRHBGX-SPEPDGBUNA-N,-8.422
PGR,s_THR112,mut_s1,detail,1,188,MTRHSIOVVWFAOM-MPIMZMORNA-N,-5.936
PGR,s_THR112,mut_s1,detail,1,189,VZLVPTSUFJDRRQ-LELJVTLKNA-N,-6.256
PGR,s_THR112,mut_s1,detail,1,190,FJYPQTWLGSEZAE-UNEGGNDLNA-N,-8.021
PGR,s_THR112,mut_s1,detail,1,191,FOJSFYSVCCQUQP-VVKINWOJNA-N,-5.405
PGR,s_THR112,mut_s1,detail,1,192,SULPKNWDXWJTHQ-GCNJZUOMNA-N,-6.251
PGR,s_THR112,mut_s1,detail,1,193,JTPAQMOUZGIORE-UHFFFAOYNA-N,-6.854
PGR,s_THR112,mut_s1,detail,1,194,KRFPGHLUAFZMRZ-TYOBWDGZNA-N,-5.974
PGR,s_THR112,mut_s1,detail,1,195,TVZGACDUOSZQKY-XBGCRKGSNA-N,-7.836
PGR,s_THR112,mut_s1,detail,1,196,CXDZGSNFZYGQSZ-PKRZOPRNNA-N,-6.644
PGR,s_THR112,mut_s1,detail,1,197,FBZYWIMLLHPUPX-VJSLDGLSNA-N,-6.833
PGR,s_THR112,mut_s1,detail,1,198,HKJNKURRZRPPMK-MDXLESTANA-N,-4.963
PGR,s_THR112,mut_s1,detail,1,199,DVAPEEIVFMOBQW-SLSKDPHBNA-N,-6.488
PGR,s_THR112,mut_s1,detail,1,200,SVDIZPBCTLXSOH-LNNLXFCONA-N,-6.858
PGR,s_THR112,mut_s1,detail,1,201,NDXCWKMYPWRPDY-NUCQJGHSNA-N,-6.897
PGR,s_THR112,mut_s1,detail,1,202,VXHUMLIJAQHWIX-CRNXEPDINA-N,-6.698
PGR,s_THR112,mut_s1,detail,1,203,KBZDVXICPAJAAT-LNNLXFCONA-N,-5.792
PGR,s_THR112,mut_s1,detail,1,204,DVFDTYFATLFXHU-WOPMAMTRNA-N,-5.726
PGR,s_THR112,mut_s1,detail,1,205,WURBKQGAFSESKZ-MPIMZMORNA-N,-5.967
PGR,s_THR112,mut_s1,detail,1,206,LXGVFBXRKSCESU-UWUUZOGGNA-N,-6.341
PGR,s_THR112,mut_s1,detail,1,207,CQWFJACPUQVVQZ-UHFFFAOYNA-N,-5.032
PGR,s_THR112,mut_s1,detail,1,208,FEZAUPQJLJCQHD-XRJCTRHONA-N,-6.767
PGR,s_THR112,mut_s1,detail,1,209,IDKGPACCMPKKQB-LIPPOORTNA-N,-8.311
PGR,s_THR112,mut_s1,detail,1,210,PEPJPELNFRAZNQ-LKHHGCNMNA-N,-6.942
PGR,s_THR112,mut_s1,detail,1,211,GRUWUINXLANFJE-LBOYIXSDNA-N,-6.229
PGR,s_THR112,mut_s1,detail,1,212,RTFGYBAMFJVGHJ-UHFFFAOYNA-N,-7.289
PGR,s_THR112,mut_s1,detail,1,213,LYJNRGFCMLOFNV-HIVOMVAKNA-N,-6.23
PGR,s_THR112,mut_s1,detail,1,214,MKDSWBAEXGFAEE-LBOYIXSDNA-N,-5.105
PGR,s_THR112,mut_s1,detail,1,215,NSLNDONZYBNSFU-ASVXZIMGNA-N,-6.417
PGR,s_THR112,mut_s1,detail,1,216,HUDCDZLLNLJTEW-RBSQRGBYNA-N,-5.986
PGR,s_THR112,mut_s1,detail,1,217,OFRDBFMZCXXKAH-LBOYIXSDNA-N,-6.616
PGR,s_THR112,mut_s1,detail,1,218,NSLGAHAKEFYCED-PELNGNISNA-N,-6.931
PGR,s_THR112,mut_s1,detail,1,219,QLSURSTUZJVSGU-NSJMMFDCNA-N,-7.17
PGR,s_THR112,mut_s1,detail,1,220,CXLYWVWLNDGNIU-VEORKLDJNA-N,-5.62
PGR,s_THR112,mut_s1,detail,1,221,RHIJMDNVEPLDED-UHFFFAOYNA-N,-5.951
PGR,s_THR112,mut_s1,detail,1,222,YNUXXMJVZSTPFZ-CSKMVECVNA-N,-8.489
PGR,s_THR112,mut_s1,detail,1,223,ILWOOGUHZKNTQQ-DNVCBOLYNA-N,-6.883
PGR,s_THR112,mut_s1,detail,1,224,CARWTONHZWZDHZ-XIPNIRHDNA-N,-7.088
PGR,s_THR112,mut_s1,detail,1,225,OSMWANBXVVPETF-HTBVCZPNNA-N,-7.658
PGR,s_THR112,mut_s1,detail,1,226,KCNVHXJEALIYQI-PCRUTULWNA-N,-5.68
PGR,s_THR112,mut_s1,detail,1,227,FPUDFDKQGXUBJA-QQXSKIMKNA-N,-7.058
PGR,s_THR112,mut_s1,detail,1,228,MQWZYEDJGHLFFI-VJSLDGLSNA-N,-7.717
PGR,s_THR112,mut_s1,detail,1,229,YPTIEFMKXZIMKO-LNNLXFCONA-N,-7.079
PGR,s_THR112,mut_s1,detail,1,230,MWIZLUKLQZEFBC-LKHHGCNMNA-N,-5.177
PGR,s_THR112,mut_s1,detail,1,231,PMNZCFDKKKLFHH-LBOYIXSDNA-N,-6.759
PGR,s_THR112,mut_s1,detail,1,232,NELOFNHVEWRSBT-OKPOJWAQNA-N,-7.13
PGR,s_THR112,mut_s1,detail,1,233,VCXACHHEDDVKAY-SREBMQDQNA-N,-6.619
PGR,s_THR112,mut_s1,detail,1,234,KWJVADNYZMUTJY-IPYVVANSNA-N,-6.089
PGR,s_THR112,mut_s1,detail,1,235,LLQAFRKQJAOAMO-XGEXJYLCNA-N,-5.955
PGR,s_THR112,mut_s1,detail,1,236,VCAMVXBSKDFRFE-LNNLXFCONA-N,-6.248
PGR,s_THR112,mut_s1,detail,1,237,QXIHUBWNLRPDRU-UHFFFAOYNA-N,-7.091
PGR,s_THR112,mut_s1,detail,1,238,JUXOLKXMOLRWLC-MPIMZMORNA-N,-6.279
PGR,s_THR112,mut_s1,detail,1,239,SQTIAXOMFTYLLF-QVYQQCQZNA-N,-6.184
PGR,s_THR112,mut_s1,detail,1,240,BJSKDMOWRPAVMK-UHFFFAOYNA-N,-8.744
PGR,s_THR112,mut_s1,detail,1,241,VRQPEWWROOGXLL-VJSLDGLSNA-N,-5.501
PGR,s_THR112,mut_s1,detail,1,242,IXNOFPXGSKSKJH-HXTKINSTNA-N,-6.919
PGR,s_THR112,mut_s1,detail,1,243,BMCFOHNLKRIWMC-UHFFFAOYNA-N,-6.116
PGR,s_THR112,mut_s1,detail,1,244,FLFMKNMHDFIWDB-PJQSKVNONA-N,-6.533
PGR,s_THR112,mut_s1,detail,1,245,JJLXVLWPUFIUBC-IGBJZSFZNA-N,-7.414
PGR,s_THR112,mut_s1,detail,1,246,ZXCSBCTVTJFLOZ-JUEKIJOLNA-N,-7.475
PGR,s_THR112,mut_s1,detail,1,247,LCSLDZZBWHBLFA-UHFFFAOYNA-N,-5.273
PGR,s_THR112,mut_s1,detail,1,248,CAVTYMQSFAIXRJ-AKXZRBJUNA-N,-5.812
PGR,s_THR112,mut_s1,detail,1,249,UFXJYIXRQNBEDW-UHFFFAOYNA-N,-7.404
PGR,s_THR112,mut_s1,detail,1,250,HWIAWSLSCZUKKA-SFHVURJKNA-N,-6.924
PGR,s_THR112,mut_s1,detail,1,251,MYHQHPUWOWUUQI-ZELWXOMMNA-N,-6.299
PGR,s_THR112,mut_s1,detail,1,252,GWNRIUBPBWOQGT-UHFFFAOYNA-N,-6.591
PGR,s_THR112,mut_s1,detail,1,253,YCWRQUXRVNLWEM-LELJVTLKNA-N,-7.167
PGR,s_THR112,mut_s1,detail,1,254,DMRFDXBCAQFSFQ-UYLYIRGYNA-N,-6.891
PGR,s_THR112,mut_s1,detail,1,255,XCZDGLYGEYYXKS-UWLQQCCWNA-N,-5.628
PGR,f_MET11,mut_s1,detail,1,0,UDJUXZQGNCUDQR-LILDFLRNNA-N,-8.427
PGR,f_MET11,mut_s1,detail,1,1,GANVJBSNVYJUKL-UHFFFAOYNA-N,-7.166
PGR,f_MET11,mut_s1,detail,1,2,RUBHNPNCPXGKIE-YAQRNVERNA-N,-6.874
PGR,f_MET11,mut_s1,detail,1,3,JYSICDMWNXGPIM-XLPACQNMNA-N,-6.19
PGR,f_MET11,mut_s1,detail,1,4,KZDPKDSPDUVHGB-GAJRPKRDNA-N,-7.568
PGR,f_MET11,mut_s1,detail,1,5,GQKJQNXSSQKJGW-HCKMINDGNA-N,-8.199
PGR,f_MET11,mut_s1,detail,1,6,HJRUOZFNPQVNSF-MNIXEANVNA-N,-8.556
PGR,f_MET11,mut_s1,detail,1,7,ALUOSUMBVMLDKR-UHFFFAOYNA-N,-9.33
PGR,f_MET11,mut_s1,detail,1,8,QMQNUSSPTHZCGT-UYBDAZJANA-N,-9.226
PGR,f_MET11,mut_s1,detail,1,9,UEZBMIQIUOTBJT-UYBDAZJANA-N,-7.928
PGR,f_MET11,mut_s1,detail,1,10,ICZZTNOOMSQNCH-UHFFFAOYNA-N,-7.261
PGR,f_MET11,mut_s1,detail,1,11,AMOFQKAIXTYZIZ-NPVYFSBINA-N,-7.094
PGR,f_MET11,mut_s1,detail,1,12,IZOPLHPCKOSQQN-UHFFFAOYNA-N,-8.099
PGR,f_MET11,mut_s1,detail,1,13,OFZZZJLWPKOLIX-GPQMBLKYNA-N,-8.355
PGR,f_MET11,mut_s1,detail,1,14,BXADTFNFCCRMQU-UHFFFAOYNA-N,-7.107
PGR,f_MET11,mut_s1,detail,1,15,PKQDOSZHMAIBHQ-GPQMBLKYNA-N,-9.178
PGR,f_MET11,mut_s1,detail,1,16,JLTFAWOGGLXAFU-UHFFFAOYNA-N,-8.112
PGR,f_MET11,mut_s1,detail,1,17,QYACKAORZRQPTE-UHFFFAOYNA-N,-7.409
PGR,f_MET11,mut_s1,detail,1,18,FFJKVRCOUHEYOK-YAQRNVERNA-N,-7.54
PGR,f_MET11,mut_s1,detail,1,19,MFTSRMJYWLCCSA-GHRIWEEINA-N,-8.647
PGR,f_MET11,mut_s1,detail,1,20,NDRMSISLKTZBKD-HCKMINDGNA-N,-7.941
PGR,f_MET11,mut_s1,detail,1,21,APGSUVBRVVNRPJ-UHFFFAOYNA-N,-8.305
PGR,f_MET11,mut_s1,detail,1,22,MTIGVNBPQVLRLS-XQMQJMAZNA-N,-7.23
PGR,f_MET11,mut_s1,detail,1,23,WIWDZNZJLUFUSQ-GSIAOYINNA-N,-8.536
PGR,f_MET11,mut_s1,detail,1,24,WVJSLMIKTFBTBO-WVMALLHKNA-N,-7.407
PGR,f_MET11,mut_s1,detail,1,25,QASCAWSPAPUKDI-UHFFFAOYNA-N,-7.435
PGR,f_MET11,mut_s1,detail,1,26,WJZNKICGQZGRPQ-YHMJCDSINA-N,-6.595
PGR,f_MET11,mut_s1,detail,1,27,ACKCEYIVRXUHDK-HCKMINDGNA-N,-7.93
PGR,f_MET11,mut_s1,detail,1,28,GXKXWCKNQMYETG-UHFFFAOYNA-N,-9.166
PGR,f_MET11,mut_s1,detail,1,29,QGTKEDSQUDRCEG-UHFFFAOYNA-N,-7.392
PGR,f_MET11,mut_s1,detail,1,30,NYJUJIFSIDORSZ-LILDFLRNNA-N,-8.863
PGR,f_MET11,mut_s1,detail,1,31,SCGGVBDHUNVGKR-VRGMUVNCNA-N,-9.836
PGR,f_MET11,mut_s1,detail,1,32,ZWGVKWPZYUUFSB-YAQRNVERNA-N,-7.238
PGR,f_MET11,mut_s1,detail,1,33,BCTONXHZFGFJIT-UHFFFAOYNA-N,-8.81
PGR,f_MET11,mut_s1,detail,1,34,BIZAQLNMDJHGTL-HCKMINDGNA-N,-8.89
PGR,f_MET11,mut_s1,detail,1,35,KZFYAEKGSRGKDQ-GPQMBLKYNA-N,-7.976
PGR,f_MET11,mut_s1,detail,1,36,REZYNFOIWKOLBD-UHFFFAOYNA-N,-7.634
PGR,f_MET11,mut_s1,detail,1,37,SDKQIECEJUFKHI-MUSVCJDDNA-N,-8.012
PGR,f_MET11,mut_s1,detail,1,38,XUJSYVYKXBOYJP-JTQLQIEINA-N,-8.888
PGR,f_MET11,mut_s1,detail,1,39,NVHKWMBHTXQWRP-NSFCMMSCNA-N,-8.321
PGR,f_MET11,mut_s1,detail,1,40,AHYPQQDJTFMEJW-VGOFMYFVNA-N,-7.839
PGR,f_MET11,mut_s1,detail,1,41,BGRJTUBHPOOWDU-QDYITYEQNA-N,-7.492
PGR,f_MET11,mut_s1,detail,1,42,KJQORRCKEQRHKP-UHFFFAOYNA-N,-8.451
PGR,f_MET11,mut_s1,detail,1,43,SJFPWWYCPGONOM-UHFFFAOYNA-N,-7.782
PGR,f_MET11,mut_s1,detail,1,44,VEZJRJGLFIXQHG-KJQBJTEXNA-N,-8.669
PGR,f_MET11,mut_s1,detail,1,45,VQXJTNXJSNLNEM-WYUMXYHSNA-N,-8.769
PGR,f_MET11,mut_s1,detail,1,46,RWCDZKHBJGXNQH-UHFFFAOYNA-N,-7.691
PGR,f_MET11,mut_s1,detail,1,47,JXOHPGXCMHDJOH-XQMQJMAZNA-N,-7.395
PGR,f_MET11,mut_s1,detail,1,48,XNBZHZUOHMKIBH-UHFFFAOYNA-N,-7.571
PGR,f_MET11,mut_s1,detail,1,49,VTEXVGQDUYFTHA-UHFFFAOYNA-N,-6.748
PGR,f_MET11,mut_s1,detail,1,50,IUJLOAKJZQBENM-UHFFFAOYNA-N,-7.159
PGR,f_MET11,mut_s1,detail,1,51,QHULAWVSDWNAPE-UHFFFAOYNA-N,-7.442
PGR,f_MET11,mut_s1,detail,1,52,VGJKJRWFEYUOMP-YAQRNVERNA-N,-7.276
PGR,f_MET11,mut_s1,detail,1,53,DDCFZIXVFUZWLX-UHFFFAOYNA-N,-8.568
PGR,f_MET11,mut_s1,detail,1,54,OTCRWFSKWBSBLF-UHFFFAOYNA-N,-7.671
PGR,f_MET11,mut_s1,detail,1,55,YFYMHQPNOSTLFF-XQMQJMAZNA-N,-7.697
PGR,f_MET11,mut_s1,detail,1,56,DYMQNLJFFJCVBA-UHFFFAOYNA-N,-6.886
PGR,f_MET11,mut_s1,detail,1,57,QERUYJGOUSNCOY-YHMJCDSINA-N,-7.677
PGR,f_MET11,mut_s1,detail,1,58,VBKFPTDUXZKHJG-VNHYZAJKNA-N,-8.151
PGR,f_MET11,mut_s1,detail,1,59,ZBEDJPDEINGEHM-UHFFFAOYNA-N,-6.47
PGR,f_MET11,mut_s1,detail,1,60,LIEZHLXUCGSNOU-UHFFFAOYNA-N,-8.973
PGR,f_MET11,mut_s1,detail,1,61,RROQODCMZSASRX-UHFFFAOYNA-N,-6.585
PGR,f_MET11,mut_s1,detail,1,62,BPMAVTHRQBBTNZ-UYBDAZJANA-N,-9.084
PGR,f_MET11,mut_s1,detail,1,63,ATKWLNSCJYLXPF-FICVDOATNA-N,-8.946
PGR,f_MET11,mut_s1,detail,1,64,RLUBDGBLOPBNLZ-UHFFFAOYNA-N,-9.202
PGR,f_MET11,mut_s1,detail,1,65,UVERTHXHNQWOMX-UHFFFAOYNA-N,-8.091
PGR,f_MET11,mut_s1,detail,1,66,BPFYGTYAFCVUAQ-QWOVJGMINA-N,-8.202
PGR,f_MET11,mut_s1,detail,1,67,ZODJKQULMZCUCT-PKSOQXRJNA-N,-8.004
PGR,f_MET11,mut_s1,detail,1,68,WEZGTMJXSVLNML-MPIMZMORNA-N,-5.96
PGR,f_MET11,mut_s1,detail,1,69,IGZPSIOZEAIYTH-UHFFFAOYNA-N,-8.85
PGR,f_MET11,mut_s1,detail,1,70,YRVFOAARONPYKD-UHFFFAOYNA-N,-8.909
PGR,f_MET11,mut_s1,detail,1,71,ZESNJJBGEWLRGV-KAKWUFLPNA-N,-7.372
PGR,f_MET11,mut_s1,detail,1,72,PYCBHJYHBUOUCW-PKSOQXRJNA-N,-7.159
PGR,f_MET11,mut_s1,detail,1,73,ABPSNZWEZWHADJ-GPQMBLKYNA-N,-7.371
PGR,f_MET11,mut_s1,detail,1,74,WXDJXWILXCCWRK-UHFFFAOYNA-N,-7.816
PGR,f_MET11,mut_s1,detail,1,75,VCRWHFFSQUYIOM-DDCYPFOINA-N,-6.585
PGR,f_MET11,mut_s1,detail,1,76,JANVEQMYWYPFNU-RTAVDJSLNA-N,-6.852
PGR,f_MET11,mut_s1,detail,1,77,IQLYJZGQMYCKRA-QWOVJGMINA-N,-7.843
PGR,f_MET11,mut_s1,detail,1,78,CTAZJMUKYKCOMY-HVXXBKQBNA-N,-7.765
PGR,f_MET11,mut_s1,detail,1,79,FXRIMHMLPNSELN-XBTAAFKLNA-N,-6.641
PGR,f_MET11,mut_s1,detail,1,80,GEUQUSZFVWZXJI-UHFFFAOYNA-N,-7.958
PGR,f_MET11,mut_s1,detail,1,81,AFGXLUJVZOJZCS-DVIAZDKANA-N,-7.191
PGR,f_MET11,mut_s1,detail,1,82,QPNICESGZANARJ-MPIMZMORNA-N,-8.973
PGR,f_MET11,mut_s1,detail,1,83,QFHCJULFNFFSDD-MPIMZMORNA-N,-6.679
PGR,f_MET11,mut_s1,detail,1,84,MABJRAVWPUIQDD-GPQMBLKYNA-N,-6.885
PGR,f_MET11,mut_s1,detail,1,85,KEULGNACOIQOLD-LILDFLRNNA-N,-7.158
PGR,f_MET11,mut_s1,detail,1,86,PHUKSBWGYBHYCM-ZANVPECINA-N,-8.623
PGR,f_MET11,mut_s1,detail,1,87,VBFJSECKEUOBIV-UYBDAZJANA-N,-7.51
PGR,f_MET11,mut_s1,detail,1,88,VKOJWPSHQQXTMQ-AWQFTUOYNA-N,-7.763
PGR,f_MET11,mut_s1,detail,1,89,WGGCYQHFLWUGKK-LNNLXFCONA-N,-8.918
PGR,f_MET11,mut_s1,detail,1,90,SEESZUWDWXYFGB-HUUCEWRRNA-N,-7.078
PGR,f_MET11,mut_s1,detail,1,91,SAOIUZZZCRDJIE-UYBDAZJANA-N,-6.575
PGR,f_MET11,mut_s1,detail,1,92,LCZXUQMWBHAHOF-PKSOQXRJNA-N,-7.902
PGR,f_MET11,mut_s1,detail,1,93,HJZRMYRSMHLBMM-UHFFFAOYNA-N,-6.332
PGR,f_MET11,mut_s1,detail,1,94,NYIAMZTVDFGSMO-UHFFFAOYNA-N,-7.062
PGR,f_MET11,mut_s1,detail,1,95,PBGALVWBACEVEC-QWOVJGMINA-N,-6.822
PGR,f_MET11,mut_s1,detail,1,96,DDCGYKUGMMDSDD-PKSOQXRJNA-N,-6.79
PGR,f_MET11,mut_s1,detail,1,97,IIROHAHLTGYHGV-UYBDAZJANA-N,-9.219
PGR,f_MET11,mut_s1,detail,1,98,IQJXWGCMCSFZHI-LQFNOIFHNA-N,-6.763
PGR,f_MET11,mut_s1,detail,1,99,OPSKQPYXZASNGA-QWOVJGMINA-N,-5.74
PGR,f_MET11,mut_s1,detail,1,100,COHPEUUUDGXEPG-MPIMZMORNA-N,-7.601
PGR,f_MET11,mut_s1,detail,1,101,LCLQRXYSCAZUJT-PKSOQXRJNA-N,-7.138
PGR,f_MET11,mut_s1,detail,1,102,DMWUHECJQADMOM-PKSOQXRJNA-N,-7.841
PGR,f_MET11,mut_s1,detail,1,103,RINYNDHGPMMUPG-UYBDAZJANA-N,-7.667
PGR,f_MET11,mut_s1,detail,1,104,GWFMSEYHCOCBEH-UYBDAZJANA-N,-7.827
PGR,f_MET11,mut_s1,detail,1,105,ZSYYKQAVTXERHH-LILDFLRNNA-N,-6.6
PGR,f_MET11,mut_s1,detail,1,106,RFGLZFMBWWKYGX-UHFFFAOYNA-N,-8.227
PGR,f_MET11,mut_s1,detail,1,107,ZCFXIPSPKDGCHW-HSJCKIQZNA-N,-6.839
PGR,f_MET11,mut_s1,detail,1,108,OJBRUITYMUOMQJ-UYBDAZJANA-N,-6.014
PGR,f_MET11,mut_s1,detail,1,109,QRQQRMCYDJTOMZ-IHYGWTSJNA-N,-8.308
PGR,f_MET11,mut_s1,detail,1,110,UZYHGPCXMSFTKE-NPQUBYNZNA-N,-8.164
PGR,f_MET11,mut_s1,detail,1,111,FKRLYCLDDLGGPB-HCKMINDGNA-N,-5.597
PGR,f_MET11,mut_s1,detail,1,112,SJUXHCSNSGLKJD-UYBDAZJANA-N,-7.352
PGR,f_MET11,mut_s1,detail,1,113,MDJMMLITJGVNQI-LILDFLRNNA-N,-6.219
PGR,f_MET11,mut_s1,detail,1,114,LAKWSLSTUWRCOM-UHFFFAOYNA-N,-8.575
PGR,f_MET11,mut_s1,detail,1,115,RZYYWEWDCWHDNZ-PKSOQXRJNA-N,-6.975
PGR,f_MET11,mut_s1,detail,1,116,KSTQHOAVVBOECJ-PKSOQXRJNA-N,-7.848
PGR,f_MET11,mut_s1,detail,1,117,LTBODPBDLZJCLH-UHFFFAOYNA-N,-8.957
PGR,f_MET11,mut_s1,detail,1,118,YNPHZUYBOQPWKQ-UYBDAZJANA-N,-8.225
PGR,f_MET11,mut_s1,detail,1,119,TZYCJGJZUSVUSB-UHFFFAOYNA-N,-6.221
PGR,f_MET11,mut_s1,detail,1,120,YDEMTQMAWLEDQT-HPHMPNDVNA-N,-6.619
PGR,f_MET11,mut_s1,detail,1,121,JJTMKAVMZRVHFW-JZJYNLBNNA-N,-8.561
PGR,f_MET11,mut_s1,detail,1,122,UQILDYXMCYUCGV-MPIMZMORNA-N,-7.435
PGR,f_MET11,mut_s1,detail,1,123,LRULJABSRXBARK-PKSOQXRJNA-N,-6.262
PGR,f_MET11,mut_s1,detail,1,124,FDGMHVXFEWDBLE-GZNJHTOZNA-N,-7.373
PGR,f_MET11,mut_s1,detail,1,125,MDPXBTVEVMPBMF-MRSUPTMINA-N,-7.921
PGR,f_MET11,mut_s1,detail,1,126,PRDMNBQAHOVKAV-UHFFFAOYNA-N,-9.205
PGR,f_MET11,mut_s1,detail,1,127,OBAYJABSUJXLMA-HCKMINDGNA-N,-7.917
PGR,f_MET11,mut_s1,detail,1,128,HLMWKCMXNWJGGO-VNHAUOCNNA-N,-6.622
PGR,f_MET11,mut_s1,detail,1,129,ZWXZFCRRFQRJPF-QWOVJGMINA-N,-7.014
PGR,f_MET11,mut_s1,detail,1,130,IXUSJKAERUMZME-NBNNRKRINA-N,-9.145
PGR,f_MET11,mut_s1,detail,1,131,WDVACORMOUBMRH-NPQUBYNZNA-N,-7.4
PGR,f_MET11,mut_s1,detail,1,132,UXLJJGBAQOYQMV-UHFFFAOYNA-N,-8.082
PGR,f_MET11,mut_s1,detail,1,133,RWPNUXJCHLIEDT-UHFFFAOYNA-N,-5.882
PGR,f_MET11,mut_s1,detail,1,134,BTCLKPCIIFOYHE-KRMNUSLJNA-N,-7.077
PGR,f_MET11,mut_s1,detail,1,135,IGYZXGKFEXFDBK-SPEPDGBUNA-N,-8.453
PGR,f_MET11,mut_s1,detail,1,136,RUKFQFDSWPNHGL-LNNLXFCONA-N,-6.813
PGR,f_MET11,mut_s1,detail,1,137,QTHMBVGZTPOODZ-FVJBVQDQNA-N,-5.236
PGR,f_MET11,mut_s1,detail,1,138,BLQYVHBZHAISJM-LSHAIWFFNA-N,-6.528
PGR,f_MET11,mut_s1,detail,1,139,WMDYKLMOCCOUEL-SACSUSJJNA-N,-8.547
PGR,f_MET11,mut_s1,detail,1,140,LEVPVCOKBQEXMQ-MPIMZMORNA-N,-6.738
PGR,f_MET11,mut_s1,detail,1,141,YYDFYJDBXOSJHE-WBMJQRKENA-N,-6.411
PGR,f_MET11,mut_s1,detail,1,142,NFXJPCKVPBXSDH-LQFNOIFHNA-N,-5.584
PGR,f_MET11,mut_s1,detail,1,143,KAUHJCPWWQWSJV-LELJVTLKNA-N,-6.52
PGR,f_MET11,mut_s1,detail,1,144,NVZSQUSTRBKANP-YIVFFDRWNA-N,-7.374
PGR,f_MET11,mut_s1,detail,1,145,WIKNISOFBKUYKR-LBOYIXSDNA-N,-8.576
PGR,f_MET11,mut_s1,detail,1,146,AQIYGSAXYBBKKP-LNNLXFCONA-N,-5.796
PGR,f_MET11,mut_s1,detail,1,147,TWKQKOFHSPYVSG-LQFNOIFHNA-N,-6.114
PGR,f_MET11,mut_s1,detail,1,148,LVWSKXKIFXRKQJ-QWOVJGMINA-N,-6.312
PGR,f_MET11,mut_s1,detail,1,149,BBBUKQRTMPJLSL-FHIWLMNKNA-N,-5.978
PGR,f_MET11,mut_s1,detail,1,150,SCECNMVMCCDVHC-UHFFFAOYNA-N,-8.539
PGR,f_MET11,mut_s1,detail,1,151,OLMVVVWTBFULHB-HXTKINSTNA-N,-6.193
PGR,f_MET11,mut_s1,detail,1,152,BJXFHKHIABEKFL-HXTKINSTNA-N,-7.047
PGR,f_MET11,mut_s1,detail,1,153,GMYAIAZTDBDYGE-UHFFFAOYNA-N,-7.686
PGR,f_MET11,mut_s1,detail,1,154,OMIWVZGQMXEZLZ-UHFFFAOYNA-N,-8.138
PGR,f_MET11,mut_s1,detail,1,155,SFQDUATXFZWGHZ-UHFFFAOYNA-N,-5.826
PGR,f_MET11,mut_s1,detail,1,156,AMRCHQSZZXWZBI-UHFFFAOYNA-N,-4.589
PGR,f_MET11,mut_s1,detail,1,157,PDKBGLXLXHGRIF-UHFFFAOYNA-N,-6.329
PGR,f_MET11,mut_s1,detail,1,158,IMPCJHDDDAGSIP-UHFFFAOYNA-N,-5.802
PGR,f_MET11,mut_s1,detail,1,159,QKASSONCRIQFQE-UHFFFAOYNA-N,-6.771
PGR,f_MET11,mut_s1,detail,1,160,RBPSUSGZEBUPLW-LELJVTLKNA-N,-7.097
PGR,f_MET11,mut_s1,detail,1,161,IZMNNUPSRDMEKL-LICXQBBSNA-N,-7.89
PGR,f_MET11,mut_s1,detail,1,162,PAVNRYHGSYWSPV-MPIMZMORNA-N,-5.874
PGR,f_MET11,mut_s1,detail,1,163,TZXYYVHNWAKJLI-UHFFFAOYNA-N,-6.495
PGR,f_MET11,mut_s1,detail,1,164,HNOCRTTZBPUBHY-UHFFFAOYNA-N,-6.582
PGR,f_MET11,mut_s1,detail,1,165,WMPZPNIPTZCCJK-PKSOQXRJNA-N,-5.851
PGR,f_MET11,mut_s1,detail,1,166,OBPAOULTANNRFC-QWOVJGMINA-N,-6.256
PGR,f_MET11,mut_s1,detail,1,167,UCJOWIKNRBWRAB-UHFFFAOYNA-N,-7.526
PGR,f_MET11,mut_s1,detail,1,168,GFKDVMSTTKOYOX-QCVZTBOQNA-N,-7.33
PGR,f_MET11,mut_s1,detail,1,169,BAEJDWKEKZSULN-UHFFFAOYNA-N,-6.821
PGR,f_MET11,mut_s1,detail,1,170,KZUDVENDSUODSU-LQFNOIFHNA-N,-8.733
PGR,f_MET11,mut_s1,detail,1,171,HBYPDVHGDKCNMT-DVIAZDKANA-N,-6.926
PGR,f_MET11,mut_s1,detail,1,172,PMUHFTCPDVPMRF-LELJVTLKNA-N,-7.589
PGR,f_MET11,mut_s1,detail,1,173,XIYSICLOFPYCTK-ZVWSISBDNA-N,-5.851
PGR,f_MET11,mut_s1,detail,1,174,CFOFCUAQALFPIW-HPRFPMAVNA-N,-6.326
PGR,f_MET11,mut_s1,detail,1,175,ZNBMRULRQJAJNW-IRIILVJRNA-N,-7.87
PGR,f_MET11,mut_s1,detail,1,176,RSQKKNPJKLBGPF-DVIAZDKANA-N,-8.333
PGR,f_MET11,mut_s1,detail,1,177,UIYRVVZHZVHONZ-QWOVJGMINA-N,-6.513
PGR,f_MET11,mut_s1,detail,1,178,RNCGDYFDZJIQTQ-UHFFFAOYNA-N,-9.06
PGR,f_MET11,mut_s1,detail,1,179,QOWFNZNDIAKQKO-QFIPXVFZNA-N,-6.116
PGR,f_MET11,mut_s1,detail,1,180,FIPNXDSUMLBDQK-LQFNOIFHNA-N,-5.957
PGR,f_MET11,mut_s1,detail,1,181,NHFGNUVGTDMGKX-UHFFFAOYNA-N,-6.67
PGR,f_MET11,mut_s1,detail,1,182,RNBGNITZKVUDSK-YFMNGRKDNA-N,-5.942
PGR,f_MET11,mut_s1,detail,1,183,CPEKPARXQVWWJD-IAXKEJLGNA-N,-5.044
PGR,f_MET11,mut_s1,detail,1,184,IEAABJYVWXHFOX-MPIMZMORNA-N,-7.261
PGR,f_MET11,mut_s1,detail,1,185,DSNCXRXGMZSRBV-GOSISDBHNA-N,-8.169
PGR,f_MET11,mut_s1,detail,1,186,DOVTZHSQYCZIIX-MPIMZMORNA-N,-7.234
PGR,f_MET11,mut_s1,detail,1,187,BKYWKCMMWRHBGX-SPEPDGBUNA-N,-8.553
PGR,f_MET11,mut_s1,detail,1,188,MTRHSIOVVWFAOM-MPIMZMORNA-N,-6.415
PGR,f_MET11,mut_s1,detail,1,189,VZLVPTSUFJDRRQ-LELJVTLKNA-N,-6.376
PGR,f_MET11,mut_s1,detail,1,190,FJYPQTWLGSEZAE-UNEGGNDLNA-N,-8.101
PGR,f_MET11,mut_s1,detail,1,191,FOJSFYSVCCQUQP-VVKINWOJNA-N,-5.651
PGR,f_MET11,mut_s1,detail,1,192,SULPKNWDXWJTHQ-GCNJZUOMNA-N,-6.377
PGR,f_MET11,mut_s1,detail,1,193,JTPAQMOUZGIORE-UHFFFAOYNA-N,-6.584
PGR,f_MET11,mut_s1,detail,1,194,KRFPGHLUAFZMRZ-TYOBWDGZNA-N,-6.714
PGR,f_MET11,mut_s1,detail,1,195,TVZGACDUOSZQKY-XBGCRKGSNA-N,-7.839
PGR,f_MET11,mut_s1,detail,1,196,CXDZGSNFZYGQSZ-PKRZOPRNNA-N,-7.111
PGR,f_MET11,mut_s1,detail,1,197,FBZYWIMLLHPUPX-VJSLDGLSNA-N,-6.039
PGR,f_MET11,mut_s1,detail,1,198,HKJNKURRZRPPMK-MDXLESTANA-N,-7.108
PGR,f_MET11,mut_s1,detail,1,199,DVAPEEIVFMOBQW-SLSKDPHBNA-N,-6.626
PGR,f_MET11,mut_s1,detail,1,200,SVDIZPBCTLXSOH-LNNLXFCONA-N,-6.641
PGR,f_MET11,mut_s1,detail,1,201,NDXCWKMYPWRPDY-NUCQJGHSNA-N,-6.116
PGR,f_MET11,mut_s1,detail,1,202,VXHUMLIJAQHWIX-CRNXEPDINA-N,-6.605
PGR,f_MET11,mut_s1,detail,1,203,KBZDVXICPAJAAT-LNNLXFCONA-N,-5.326
PGR,f_MET11,mut_s1,detail,1,204,DVFDTYFATLFXHU-WOPMAMTRNA-N,-5.725
PGR,f_MET11,mut_s1,detail,1,205,WURBKQGAFSESKZ-MPIMZMORNA-N,-6.684
PGR,f_MET11,mut_s1,detail,1,206,LXGVFBXRKSCESU-UWUUZOGGNA-N,-6.159
PGR,f_MET11,mut_s1,detail,1,207,CQWFJACPUQVVQZ-UHFFFAOYNA-N,-5.491
PGR,f_MET11,mut_s1,detail,1,208,FEZAUPQJLJCQHD-XRJCTRHONA-N,-6.887
PGR,f_MET11,mut_s1,detail,1,209,IDKGPACCMPKKQB-LIPPOORTNA-N,-8.244
PGR,f_MET11,mut_s1,detail,1,210,PEPJPELNFRAZNQ-LKHHGCNMNA-N,-7.145
PGR,f_MET11,mut_s1,detail,1,211,GRUWUINXLANFJE-LBOYIXSDNA-N,-5.631
PGR,f_MET11,mut_s1,detail,1,212,RTFGYBAMFJVGHJ-UHFFFAOYNA-N,-5.756
PGR,f_MET11,mut_s1,detail,1,213,LYJNRGFCMLOFNV-HIVOMVAKNA-N,-6.243
PGR,f_MET11,mut_s1,detail,1,214,MKDSWBAEXGFAEE-LBOYIXSDNA-N,-5.865
PGR,f_MET11,mut_s1,detail,1,215,NSLNDONZYBNSFU-ASVXZIMGNA-N,-5.611
PGR,f_MET11,mut_s1,detail,1,216,HUDCDZLLNLJTEW-RBSQRGBYNA-N,-5.796
PGR,f_MET11,mut_s1,detail,1,217,OFRDBFMZCXXKAH-LBOYIXSDNA-N,-6.067
PGR,f_MET11,mut_s1,detail,1,218,NSLGAHAKEFYCED-PELNGNISNA-N,-6.171
PGR,f_MET11,mut_s1,detail,1,219,QLSURSTUZJVSGU-NSJMMFDCNA-N,-7.134
PGR,f_MET11,mut_s1,detail,1,220,CXLYWVWLNDGNIU-VEORKLDJNA-N,-5.133
PGR,f_MET11,mut_s1,detail,1,221,RHIJMDNVEPLDED-UHFFFAOYNA-N,-5.058
PGR,f_MET11,mut_s1,detail,1,222,YNUXXMJVZSTPFZ-CSKMVECVNA-N,-6.971
PGR,f_MET11,mut_s1,detail,1,223,ILWOOGUHZKNTQQ-DNVCBOLYNA-N,-6.613
PGR,f_MET11,mut_s1,detail,1,224,CARWTONHZWZDHZ-XIPNIRHDNA-N,-6.592
PGR,f_MET11,mut_s1,detail,1,225,OSMWANBXVVPETF-HTBVCZPNNA-N,-7.497
PGR,f_MET11,mut_s1,detail,1,226,KCNVHXJEALIYQI-PCRUTULWNA-N,-5.412
PGR,f_MET11,mut_s1,detail,1,227,FPUDFDKQGXUBJA-QQXSKIMKNA-N,-7.725
PGR,f_MET11,mut_s1,detail,1,228,MQWZYEDJGHLFFI-VJSLDGLSNA-N,-7.379
PGR,f_MET11,mut_s1,detail,1,229,YPTIEFMKXZIMKO-LNNLXFCONA-N,-6.606
PGR,f_MET11,mut_s1,detail,1,230,MWIZLUKLQZEFBC-LKHHGCNMNA-N,-6.475
PGR,f_MET11,mut_s1,detail,1,231,PMNZCFDKKKLFHH-LBOYIXSDNA-N,-5.964
PGR,f_MET11,mut_s1,detail,1,232,NELOFNHVEWRSBT-OKPOJWAQNA-N,-5.407
PGR,f_MET11,mut_s1,detail,1,233,VCXACHHEDDVKAY-SREBMQDQNA-N,-6.294
PGR,f_MET11,mut_s1,detail,1,234,KWJVADNYZMUTJY-IPYVVANSNA-N,-7.044
PGR,f_MET11,mut_s1,detail,1,235,LLQAFRKQJAOAMO-XGEXJYLCNA-N,-5.497
PGR,f_MET11,mut_s1,detail,1,236,VCAMVXBSKDFRFE-LNNLXFCONA-N,-6.764
PGR,f_MET11,mut_s1,detail,1,237,QXIHUBWNLRPDRU-UHFFFAOYNA-N,-6.652
PGR,f_MET11,mut_s1,detail,1,238,JUXOLKXMOLRWLC-MPIMZMORNA-N,-6.5
PGR,f_MET11,mut_s1,detail,1,239,SQTIAXOMFTYLLF-QVYQQCQZNA-N,-5.916
PGR,f_MET11,mut_s1,detail,1,240,BJSKDMOWRPAVMK-UHFFFAOYNA-N,-5.757
PGR,f_MET11,mut_s1,detail,1,241,VRQPEWWROOGXLL-VJSLDGLSNA-N,-5.451
PGR,f_MET11,mut_s1,detail,1,242,IXNOFPXGSKSKJH-HXTKINSTNA-N,-6.776
PGR,f_MET11,mut_s1,detail,1,243,BMCFOHNLKRIWMC-UHFFFAOYNA-N,-5.661
PGR,f_MET11,mut_s1,detail,1,244,FLFMKNMHDFIWDB-PJQSKVNONA-N,-6.811
PGR,f_MET11,mut_s1,detail,1,245,JJLXVLWPUFIUBC-IGBJZSFZNA-N,-7.608
PGR,f_MET11,mut_s1,detail,1,246,ZXCSBCTVTJFLOZ-JUEKIJOLNA-N,-7.397
PGR,f_MET11,mut_s1,detail,1,247,LCSLDZZBWHBLFA-UHFFFAOYNA-N,-4.634
PGR,f_MET11,mut_s1,detail,1,248,CAVTYMQSFAIXRJ-AKXZRBJUNA-N,-5.02
PGR,f_MET11,mut_s1,detail,1,249,UFXJYIXRQNBEDW-UHFFFAOYNA-N,-7.437
PGR,f_MET11,mut_s1,detail,1,250,HWIAWSLSCZUKKA-SFHVURJKNA-N,-6.777
PGR,f_MET11,mut_s1,detail,1,251,MYHQHPUWOWUUQI-ZELWXOMMNA-N,-5.983
PGR,f_MET11,mut_s1,detail,1,252,GWNRIUBPBWOQGT-UHFFFAOYNA-N,-6.252
PGR,f_MET11,mut_s1,detail,1,253,YCWRQUXRVNLWEM-LELJVTLKNA-N,-6.952
PGR,f_MET11,mut_s1,detail,1,254,DMRFDXBCAQFSFQ-UYLYIRGYNA-N,-7.999
PGR,f_MET11,mut_s1,detail,1,255,XCZDGLYGEYYXKS-UWLQQCCWNA-N,-4.85
PGR,m00,mut_s1,detail,1,0,UDJUXZQGNCUDQR-LILDFLRNNA-N,-8.371
PGR,m00,mut_s1,detail,1,1,GANVJBSNVYJUKL-UHFFFAOYNA-N,-6.888
PGR,m00,mut_s1,detail,1,2,RUBHNPNCPXGKIE-YAQRNVERNA-N,-6.225
PGR,m00,mut_s1,detail,1,3,JYSICDMWNXGPIM-XLPACQNMNA-N,-6.256
PGR,m00,mut_s1,detail,1,4,KZDPKDSPDUVHGB-GAJRPKRDNA-N,-7.336
PGR,m00,mut_s1,detail,1,5,GQKJQNXSSQKJGW-HCKMINDGNA-N,-7.874
PGR,m00,mut_s1,detail,1,6,HJRUOZFNPQVNSF-MNIXEANVNA-N,-8.129
PGR,m00,mut_s1,detail,1,7,ALUOSUMBVMLDKR-UHFFFAOYNA-N,-8.86
PGR,m00,mut_s1,detail,1,8,QMQNUSSPTHZCGT-UYBDAZJANA-N,-8.439
PGR,m00,mut_s1,detail,1,9,UEZBMIQIUOTBJT-UYBDAZJANA-N,-8.653
PGR,m00,mut_s1,detail,1,10,ICZZTNOOMSQNCH-UHFFFAOYNA-N,-8.311
PGR,m00,mut_s1,detail,1,11,AMOFQKAIXTYZIZ-NPVYFSBINA-N,-7.579
PGR,m00,mut_s1,detail,1,12,IZOPLHPCKOSQQN-UHFFFAOYNA-N,-8.245
PGR,m00,mut_s1,detail,1,13,OFZZZJLWPKOLIX-GPQMBLKYNA-N,-8.252
PGR,m00,mut_s1,detail,1,14,BXADTFNFCCRMQU-UHFFFAOYNA-N,-6.344
PGR,m00,mut_s1,detail,1,15,PKQDOSZHMAIBHQ-GPQMBLKYNA-N,-8.375
PGR,m00,mut_s1,detail,1,16,JLTFAWOGGLXAFU-UHFFFAOYNA-N,-7.484
PGR,m00,mut_s1,detail,1,17,QYACKAORZRQPTE-UHFFFAOYNA-N,-7.058
PGR,m00,mut_s1,detail,1,18,FFJKVRCOUHEYOK-YAQRNVERNA-N,-6.935
PGR,m00,mut_s1,detail,1,19,MFTSRMJYWLCCSA-GHRIWEEINA-N,-8.995
PGR,m00,mut_s1,detail,1,20,NDRMSISLKTZBKD-HCKMINDGNA-N,-7.386
PGR,m00,mut_s1,detail,1,21,APGSUVBRVVNRPJ-UHFFFAOYNA-N,-8.094
PGR,m00,mut_s1,detail,1,22,MTIGVNBPQVLRLS-XQMQJMAZNA-N,-6.058
PGR,m00,mut_s1,detail,1,23,WIWDZNZJLUFUSQ-GSIAOYINNA-N,-8.037
PGR,m00,mut_s1,detail,1,24,WVJSLMIKTFBTBO-WVMALLHKNA-N,-7.364
PGR,m00,mut_s1,detail,1,25,QASCAWSPAPUKDI-UHFFFAOYNA-N,-8.403
PGR,m00,mut_s1,detail,1,26,WJZNKICGQZGRPQ-YHMJCDSINA-N,-6.583
PGR,m00,mut_s1,detail,1,27,ACKCEYIVRXUHDK-HCKMINDGNA-N,-8.073
PGR,m00,mut_s1,detail,1,28,GXKXWCKNQMYETG-UHFFFAOYNA-N,-8.243
PGR,m00,mut_s1,detail,1,29,QGTKEDSQUDRCEG-UHFFFAOYNA-N,-6.879
PGR,m00,mut_s1,detail,1,30,NYJUJIFSIDORSZ-LILDFLRNNA-N,-8.755
PGR,m00,mut_s1,detail,1,31,SCGGVBDHUNVGKR-VRGMUVNCNA-N,-9.042
PGR,m00,mut_s1,detail,1,32,ZWGVKWPZYUUFSB-YAQRNVERNA-N,-7.509
PGR,m00,mut_s1,detail,1,33,BCTONXHZFGFJIT-UHFFFAOYNA-N,-8.279
PGR,m00,mut_s1,detail,1,34,BIZAQLNMDJHGTL-HCKMINDGNA-N,-7.717
PGR,m00,mut_s1,detail,1,35,KZFYAEKGSRGKDQ-GPQMBLKYNA-N,-7.9
PGR,m00,mut_s1,detail,1,36,REZYNFOIWKOLBD-UHFFFAOYNA-N,-6.953
PGR,m00,mut_s1,detail,1,37,SDKQIECEJUFKHI-MUSVCJDDNA-N,-8.042
PGR,m00,mut_s1,detail,1,38,XUJSYVYKXBOYJP-JTQLQIEINA-N,-8.121
PGR,m00,mut_s1,detail,1,39,NVHKWMBHTXQWRP-NSFCMMSCNA-N,-7.672
PGR,m00,mut_s1,detail,1,40,AHYPQQDJTFMEJW-VGOFMYFVNA-N,-7.396
PGR,m00,mut_s1,detail,1,41,BGRJTUBHPOOWDU-QDYITYEQNA-N,-7.327
PGR,m00,mut_s1,detail,1,42,KJQORRCKEQRHKP-UHFFFAOYNA-N,-9.06
PGR,m00,mut_s1,detail,1,43,SJFPWWYCPGONOM-UHFFFAOYNA-N,-7.685
PGR,m00,mut_s1,detail,1,44,VEZJRJGLFIXQHG-KJQBJTEXNA-N,-7.986
PGR,m00,mut_s1,detail,1,45,VQXJTNXJSNLNEM-WYUMXYHSNA-N,-8.003
PGR,m00,mut_s1,detail,1,46,RWCDZKHBJGXNQH-UHFFFAOYNA-N,-8.365
PGR,m00,mut_s1,detail,1,47,JXOHPGXCMHDJOH-XQMQJMAZNA-N,-7.842
PGR,m00,mut_s1,detail,1,48,XNBZHZUOHMKIBH-UHFFFAOYNA-N,-7.342
PGR,m00,mut_s1,detail,1,49,VTEXVGQDUYFTHA-UHFFFAOYNA-N,-6.834
PGR,m00,mut_s1,detail,1,50,IUJLOAKJZQBENM-UHFFFAOYNA-N,-6.309
PGR,m00,mut_s1,detail,1,51,QHULAWVSDWNAPE-UHFFFAOYNA-N,-7.598
PGR,m00,mut_s1,detail,1,52,VGJKJRWFEYUOMP-YAQRNVERNA-N,-6.716
PGR,m00,mut_s1,detail,1,53,DDCFZIXVFUZWLX-UHFFFAOYNA-N,-7.998
PGR,m00,mut_s1,detail,1,54,OTCRWFSKWBSBLF-UHFFFAOYNA-N,-6.839
PGR,m00,mut_s1,detail,1,55,YFYMHQPNOSTLFF-XQMQJMAZNA-N,-7.293
PGR,m00,mut_s1,detail,1,56,DYMQNLJFFJCVBA-UHFFFAOYNA-N,-6.698
PGR,m00,mut_s1,detail,1,57,QERUYJGOUSNCOY-YHMJCDSINA-N,-6.896
PGR,m00,mut_s1,detail,1,58,VBKFPTDUXZKHJG-VNHYZAJKNA-N,-7.415
PGR,m00,mut_s1,detail,1,59,ZBEDJPDEINGEHM-UHFFFAOYNA-N,-5.853
PGR,m00,mut_s1,detail,1,60,LIEZHLXUCGSNOU-UHFFFAOYNA-N,-8.444
PGR,m00,mut_s1,detail,1,61,RROQODCMZSASRX-UHFFFAOYNA-N,-6.441
PGR,m00,mut_s1,detail,1,62,BPMAVTHRQBBTNZ-UYBDAZJANA-N,-8.533
PGR,m00,mut_s1,detail,1,63,ATKWLNSCJYLXPF-FICVDOATNA-N,-8.212
PGR,m00,mut_s1,detail,1,64,RLUBDGBLOPBNLZ-UHFFFAOYNA-N,-8.677
PGR,m00,mut_s1,detail,1,65,UVERTHXHNQWOMX-UHFFFAOYNA-N,-8.088
PGR,m00,mut_s1,detail,1,66,BPFYGTYAFCVUAQ-QWOVJGMINA-N,-8.459
PGR,m00,mut_s1,detail,1,67,ZODJKQULMZCUCT-PKSOQXRJNA-N,-8.052
PGR,m00,mut_s1,detail,1,68,WEZGTMJXSVLNML-MPIMZMORNA-N,-8.803
PGR,m00,mut_s1,detail,1,69,IGZPSIOZEAIYTH-UHFFFAOYNA-N,-8.973
PGR,m00,mut_s1,detail,1,70,YRVFOAARONPYKD-UHFFFAOYNA-N,-9.624
PGR,m00,mut_s1,detail,1,71,ZESNJJBGEWLRGV-KAKWUFLPNA-N,-8.589
PGR,m00,mut_s1,detail,1,72,PYCBHJYHBUOUCW-PKSOQXRJNA-N,-7.249
PGR,m00,mut_s1,detail,1,73,ABPSNZWEZWHADJ-GPQMBLKYNA-N,-8.231
PGR,m00,mut_s1,detail,1,74,WXDJXWILXCCWRK-UHFFFAOYNA-N,-7.509
PGR,m00,mut_s1,detail,1,75,VCRWHFFSQUYIOM-DDCYPFOINA-N,-7.269
PGR,m00,mut_s1,detail,1,76,JANVEQMYWYPFNU-RTAVDJSLNA-N,-7.397
PGR,m00,mut_s1,detail,1,77,IQLYJZGQMYCKRA-QWOVJGMINA-N,-9.048
PGR,m00,mut_s1,detail,1,78,CTAZJMUKYKCOMY-HVXXBKQBNA-N,-7.821
PGR,m00,mut_s1,detail,1,79,FXRIMHMLPNSELN-XBTAAFKLNA-N,-8.384
PGR,m00,mut_s1,detail,1,80,GEUQUSZFVWZXJI-UHFFFAOYNA-N,-8.617
PGR,m00,mut_s1,detail,1,81,AFGXLUJVZOJZCS-DVIAZDKANA-N,-8.242
PGR,m00,mut_s1,detail,1,82,QPNICESGZANARJ-MPIMZMORNA-N,-8.813
PGR,m00,mut_s1,detail,1,83,QFHCJULFNFFSDD-MPIMZMORNA-N,-8.383
PGR,m00,mut_s1,detail,1,84,MABJRAVWPUIQDD-GPQMBLKYNA-N,-7.355
PGR,m00,mut_s1,detail,1,85,KEULGNACOIQOLD-LILDFLRNNA-N,-7.905
PGR,m00,mut_s1,detail,1,86,PHUKSBWGYBHYCM-ZANVPECINA-N,-7.979
PGR,m00,mut_s1,detail,1,87,VBFJSECKEUOBIV-UYBDAZJANA-N,-7.965
PGR,m00,mut_s1,detail,1,88,VKOJWPSHQQXTMQ-AWQFTUOYNA-N,-9.021
PGR,m00,mut_s1,detail,1,89,WGGCYQHFLWUGKK-LNNLXFCONA-N,-10.305
PGR,m00,mut_s1,detail,1,90,SEESZUWDWXYFGB-HUUCEWRRNA-N,-8.801
PGR,m00,mut_s1,detail,1,91,SAOIUZZZCRDJIE-UYBDAZJANA-N,-7.908
PGR,m00,mut_s1,detail,1,92,LCZXUQMWBHAHOF-PKSOQXRJNA-N,-7.839
PGR,m00,mut_s1,detail,1,93,HJZRMYRSMHLBMM-UHFFFAOYNA-N,-6.755
PGR,m00,mut_s1,detail,1,94,NYIAMZTVDFGSMO-UHFFFAOYNA-N,-8.731
PGR,m00,mut_s1,detail,1,95,PBGALVWBACEVEC-QWOVJGMINA-N,-8.629
PGR,m00,mut_s1,detail,1,96,DDCGYKUGMMDSDD-PKSOQXRJNA-N,-7.676
PGR,m00,mut_s1,detail,1,97,IIROHAHLTGYHGV-UYBDAZJANA-N,-8.575
PGR,m00,mut_s1,detail,1,98,IQJXWGCMCSFZHI-LQFNOIFHNA-N,-7.998
PGR,m00,mut_s1,detail,1,99,OPSKQPYXZASNGA-QWOVJGMINA-N,-7.917
PGR,m00,mut_s1,detail,1,100,COHPEUUUDGXEPG-MPIMZMORNA-N,-7.48
PGR,m00,mut_s1,detail,1,101,LCLQRXYSCAZUJT-PKSOQXRJNA-N,-7.584
PGR,m00,mut_s1,detail,1,102,DMWUHECJQADMOM-PKSOQXRJNA-N,-7.65
PGR,m00,mut_s1,detail,1,103,RINYNDHGPMMUPG-UYBDAZJANA-N,-7.876
PGR,m00,mut_s1,detail,1,104,GWFMSEYHCOCBEH-UYBDAZJANA-N,-7.992
PGR,m00,mut_s1,detail,1,105,ZSYYKQAVTXERHH-LILDFLRNNA-N,-7.839
PGR,m00,mut_s1,detail,1,106,RFGLZFMBWWKYGX-UHFFFAOYNA-N,-8.472
PGR,m00,mut_s1,detail,1,107,ZCFXIPSPKDGCHW-HSJCKIQZNA-N,-7.69
PGR,m00,mut_s1,detail,1,108,OJBRUITYMUOMQJ-UYBDAZJANA-N,-7.261
PGR,m00,mut_s1,detail,1,109,QRQQRMCYDJTOMZ-IHYGWTSJNA-N,-9.275
PGR,m00,mut_s1,detail,1,110,UZYHGPCXMSFTKE-NPQUBYNZNA-N,-7.538
PGR,m00,mut_s1,detail,1,111,FKRLYCLDDLGGPB-HCKMINDGNA-N,-7.813
PGR,m00,mut_s1,detail,1,112,SJUXHCSNSGLKJD-UYBDAZJANA-N,-7.893
PGR,m00,mut_s1,detail,1,113,MDJMMLITJGVNQI-LILDFLRNNA-N,-8.093
PGR,m00,mut_s1,detail,1,114,LAKWSLSTUWRCOM-UHFFFAOYNA-N,-9.271
PGR,m00,mut_s1,detail,1,115,RZYYWEWDCWHDNZ-PKSOQXRJNA-N,-7.807
PGR,m00,mut_s1,detail,1,116,KSTQHOAVVBOECJ-PKSOQXRJNA-N,-7.896
PGR,m00,mut_s1,detail,1,117,LTBODPBDLZJCLH-UHFFFAOYNA-N,-9.639
PGR,m00,mut_s1,detail,1,118,YNPHZUYBOQPWKQ-UYBDAZJANA-N,-7.804
PGR,m00,mut_s1,detail,1,119,TZYCJGJZUSVUSB-UHFFFAOYNA-N,-6.735
PGR,m00,mut_s1,detail,1,120,YDEMTQMAWLEDQT-HPHMPNDVNA-N,-6.159
PGR,m00,mut_s1,detail,1,121,JJTMKAVMZRVHFW-JZJYNLBNNA-N,-8.51
PGR,m00,mut_s1,detail,1,122,UQILDYXMCYUCGV-MPIMZMORNA-N,-7.329
PGR,m00,mut_s1,detail,1,123,LRULJABSRXBARK-PKSOQXRJNA-N,-8.897
PGR,m00,mut_s1,detail,1,124,FDGMHVXFEWDBLE-GZNJHTOZNA-N,-7.921
PGR,m00,mut_s1,detail,1,125,MDPXBTVEVMPBMF-MRSUPTMINA-N,-8.623
PGR,m00,mut_s1,detail,1,126,PRDMNBQAHOVKAV-UHFFFAOYNA-N,-9.489
PGR,m00,mut_s1,detail,1,127,OBAYJABSUJXLMA-HCKMINDGNA-N,-8.063
PGR,m00,mut_s1,detail,1,128,HLMWKCMXNWJGGO-VNHAUOCNNA-N,-6.916
PGR,m00,mut_s1,detail,1,129,ZWXZFCRRFQRJPF-QWOVJGMINA-N,-9.658
PGR,m00,mut_s1,detail,1,130,IXUSJKAERUMZME-NBNNRKRINA-N,-9.359
PGR,m00,mut_s1,detail,1,131,WDVACORMOUBMRH-NPQUBYNZNA-N,-8.182
PGR,m00,mut_s1,detail,1,132,UXLJJGBAQOYQMV-UHFFFAOYNA-N,-8.356
PGR,m00,mut_s1,detail,1,133,RWPNUXJCHLIEDT-UHFFFAOYNA-N,-7.112
PGR,m00,mut_s1,detail,1,134,BTCLKPCIIFOYHE-KRMNUSLJNA-N,-9.214
PGR,m00,mut_s1,detail,1,135,IGYZXGKFEXFDBK-SPEPDGBUNA-N,-10.097
PGR,m00,mut_s1,detail,1,136,RUKFQFDSWPNHGL-LNNLXFCONA-N,-8.842
PGR,m00,mut_s1,detail,1,137,QTHMBVGZTPOODZ-FVJBVQDQNA-N,-8.521
PGR,m00,mut_s1,detail,1,138,BLQYVHBZHAISJM-LSHAIWFFNA-N,-9.092
PGR,m00,mut_s1,detail,1,139,WMDYKLMOCCOUEL-SACSUSJJNA-N,-9.039
PGR,m00,mut_s1,detail,1,140,LEVPVCOKBQEXMQ-MPIMZMORNA-N,-8.915
PGR,m00,mut_s1,detail,1,141,YYDFYJDBXOSJHE-WBMJQRKENA-N,-6.53
PGR,m00,mut_s1,detail,1,142,NFXJPCKVPBXSDH-LQFNOIFHNA-N,-8.02
PGR,m00,mut_s1,detail,1,143,KAUHJCPWWQWSJV-LELJVTLKNA-N,-7.647
PGR,m00,mut_s1,detail,1,144,NVZSQUSTRBKANP-YIVFFDRWNA-N,-7.721
PGR,m00,mut_s1,detail,1,145,WIKNISOFBKUYKR-LBOYIXSDNA-N,-9.128
PGR,m00,mut_s1,detail,1,146,AQIYGSAXYBBKKP-LNNLXFCONA-N,-8.615
PGR,m00,mut_s1,detail,1,147,TWKQKOFHSPYVSG-LQFNOIFHNA-N,-9.009
PGR,m00,mut_s1,detail,1,148,LVWSKXKIFXRKQJ-QWOVJGMINA-N,-8.378
PGR,m00,mut_s1,detail,1,149,BBBUKQRTMPJLSL-FHIWLMNKNA-N,-8.046
PGR,m00,mut_s1,detail,1,150,SCECNMVMCCDVHC-UHFFFAOYNA-N,-8.986
PGR,m00,mut_s1,detail,1,151,OLMVVVWTBFULHB-HXTKINSTNA-N,-8.953
PGR,m00,mut_s1,detail,1,152,BJXFHKHIABEKFL-HXTKINSTNA-N,-6.448
PGR,m00,mut_s1,detail,1,153,GMYAIAZTDBDYGE-UHFFFAOYNA-N,-8.571
PGR,m00,mut_s1,detail,1,154,OMIWVZGQMXEZLZ-UHFFFAOYNA-N,-8.236
PGR,m00,mut_s1,detail,1,155,SFQDUATXFZWGHZ-UHFFFAOYNA-N,-7.512
PGR,m00,mut_s1,detail,1,156,AMRCHQSZZXWZBI-UHFFFAOYNA-N,-7.18
PGR,m00,mut_s1,detail,1,157,PDKBGLXLXHGRIF-UHFFFAOYNA-N,-8.439
PGR,m00,mut_s1,detail,1,158,IMPCJHDDDAGSIP-UHFFFAOYNA-N,-8.269
PGR,m00,mut_s1,detail,1,159,QKASSONCRIQFQE-UHFFFAOYNA-N,-9.415
PGR,m00,mut_s1,detail,1,160,RBPSUSGZEBUPLW-LELJVTLKNA-N,-10.831
PGR,m00,mut_s1,detail,1,161,IZMNNUPSRDMEKL-LICXQBBSNA-N,-8.239
PGR,m00,mut_s1,detail,1,162,PAVNRYHGSYWSPV-MPIMZMORNA-N,-7.328
PGR,m00,mut_s1,detail,1,163,TZXYYVHNWAKJLI-UHFFFAOYNA-N,-7.748
PGR,m00,mut_s1,detail,1,164,HNOCRTTZBPUBHY-UHFFFAOYNA-N,-10.338
PGR,m00,mut_s1,detail,1,165,WMPZPNIPTZCCJK-PKSOQXRJNA-N,-7.23
PGR,m00,mut_s1,detail,1,166,OBPAOULTANNRFC-QWOVJGMINA-N,-7.092
PGR,m00,mut_s1,detail,1,167,UCJOWIKNRBWRAB-UHFFFAOYNA-N,-9.119
PGR,m00,mut_s1,detail,1,168,GFKDVMSTTKOYOX-QCVZTBOQNA-N,-8.834
PGR,m00,mut_s1,detail,1,169,BAEJDWKEKZSULN-UHFFFAOYNA-N,-7.065
PGR,m00,mut_s1,detail,1,170,KZUDVENDSUODSU-LQFNOIFHNA-N,-8.253
PGR,m00,mut_s1,detail,1,171,HBYPDVHGDKCNMT-DVIAZDKANA-N,-8.012
PGR,m00,mut_s1,detail,1,172,PMUHFTCPDVPMRF-LELJVTLKNA-N,-7.963
PGR,m00,mut_s1,detail,1,173,XIYSICLOFPYCTK-ZVWSISBDNA-N,-8.142
PGR,m00,mut_s1,detail,1,174,CFOFCUAQALFPIW-HPRFPMAVNA-N,-9.152
PGR,m00,mut_s1,detail,1,175,ZNBMRULRQJAJNW-IRIILVJRNA-N,-9.66
PGR,m00,mut_s1,detail,1,176,RSQKKNPJKLBGPF-DVIAZDKANA-N,-7.373
PGR,m00,mut_s1,detail,1,177,UIYRVVZHZVHONZ-QWOVJGMINA-N,-8.794
PGR,m00,mut_s1,detail,1,178,RNCGDYFDZJIQTQ-UHFFFAOYNA-N,-10.026
PGR,m00,mut_s1,detail,1,179,QOWFNZNDIAKQKO-QFIPXVFZNA-N,-7.528
PGR,m00,mut_s1,detail,1,180,FIPNXDSUMLBDQK-LQFNOIFHNA-N,-8.452
PGR,m00,mut_s1,detail,1,181,NHFGNUVGTDMGKX-UHFFFAOYNA-N,-6.706
PGR,m00,mut_s1,detail,1,182,RNBGNITZKVUDSK-YFMNGRKDNA-N,-7.027
PGR,m00,mut_s1,detail,1,183,CPEKPARXQVWWJD-IAXKEJLGNA-N,-8.465
PGR,m00,mut_s1,detail,1,184,IEAABJYVWXHFOX-MPIMZMORNA-N,-8.282
PGR,m00,mut_s1,detail,1,185,DSNCXRXGMZSRBV-GOSISDBHNA-N,-8.765
PGR,m00,mut_s1,detail,1,186,DOVTZHSQYCZIIX-MPIMZMORNA-N,-8.13
PGR,m00,mut_s1,detail,1,187,BKYWKCMMWRHBGX-SPEPDGBUNA-N,-9.815
PGR,m00,mut_s1,detail,1,188,MTRHSIOVVWFAOM-MPIMZMORNA-N,-6.359
PGR,m00,mut_s1,detail,1,189,VZLVPTSUFJDRRQ-LELJVTLKNA-N,-9.034
PGR,m00,mut_s1,detail,1,190,FJYPQTWLGSEZAE-UNEGGNDLNA-N,-8.209
PGR,m00,mut_s1,detail,1,191,FOJSFYSVCCQUQP-VVKINWOJNA-N,-8.307
PGR,m00,mut_s1,detail,1,192,SULPKNWDXWJTHQ-GCNJZUOMNA-N,-6.292
PGR,m00,mut_s1,detail,1,193,JTPAQMOUZGIORE-UHFFFAOYNA-N,-8.01
PGR,m00,mut_s1,detail,1,194,KRFPGHLUAFZMRZ-TYOBWDGZNA-N,-9.559
PGR,m00,mut_s1,detail,1,195,TVZGACDUOSZQKY-XBGCRKGSNA-N,-8.008
PGR,m00,mut_s1,detail,1,196,CXDZGSNFZYGQSZ-PKRZOPRNNA-N,-6.646
PGR,m00,mut_s1,detail,1,197,FBZYWIMLLHPUPX-VJSLDGLSNA-N,-6.375
PGR,m00,mut_s1,detail,1,198,HKJNKURRZRPPMK-MDXLESTANA-N,-7.764
PGR,m00,mut_s1,detail,1,199,DVAPEEIVFMOBQW-SLSKDPHBNA-N,-7.306
PGR,m00,mut_s1,detail,1,200,SVDIZPBCTLXSOH-LNNLXFCONA-N,-8.835
PGR,m00,mut_s1,detail,1,201,NDXCWKMYPWRPDY-NUCQJGHSNA-N,-8.368
PGR,m00,mut_s1,detail,1,202,VXHUMLIJAQHWIX-CRNXEPDINA-N,-9.386
PGR,m00,mut_s1,detail,1,203,KBZDVXICPAJAAT-LNNLXFCONA-N,-8.26
PGR,m00,mut_s1,detail,1,204,DVFDTYFATLFXHU-WOPMAMTRNA-N,-7.804
PGR,m00,mut_s1,detail,1,205,WURBKQGAFSESKZ-MPIMZMORNA-N,-7.551
PGR,m00,mut_s1,detail,1,206,LXGVFBXRKSCESU-UWUUZOGGNA-N,-9.189
PGR,m00,mut_s1,detail,1,207,CQWFJACPUQVVQZ-UHFFFAOYNA-N,-6.256
PGR,m00,mut_s1,detail,1,208,FEZAUPQJLJCQHD-XRJCTRHONA-N,-7.386
PGR,m00,mut_s1,detail,1,209,IDKGPACCMPKKQB-LIPPOORTNA-N,-9.216
PGR,m00,mut_s1,detail,1,210,PEPJPELNFRAZNQ-LKHHGCNMNA-N,-8.694
PGR,m00,mut_s1,detail,1,211,GRUWUINXLANFJE-LBOYIXSDNA-N,-8.017
PGR,m00,mut_s1,detail,1,212,RTFGYBAMFJVGHJ-UHFFFAOYNA-N,-8.283
PGR,m00,mut_s1,detail,1,213,LYJNRGFCMLOFNV-HIVOMVAKNA-N,-8.435
PGR,m00,mut_s1,detail,1,214,MKDSWBAEXGFAEE-LBOYIXSDNA-N,-7.735
PGR,m00,mut_s1,detail,1,215,NSLNDONZYBNSFU-ASVXZIMGNA-N,-8.446
PGR,m00,mut_s1,detail,1,216,HUDCDZLLNLJTEW-RBSQRGBYNA-N,-8.123
PGR,m00,mut_s1,detail,1,217,OFRDBFMZCXXKAH-LBOYIXSDNA-N,-8.704
PGR,m00,mut_s1,detail,1,218,NSLGAHAKEFYCED-PELNGNISNA-N,-6.907
PGR,m00,mut_s1,detail,1,219,QLSURSTUZJVSGU-NSJMMFDCNA-N,-8.958
PGR,m00,mut_s1,detail,1,220,CXLYWVWLNDGNIU-VEORKLDJNA-N,-5.128
PGR,m00,mut_s1,detail,1,221,RHIJMDNVEPLDED-UHFFFAOYNA-N,-6.685
PGR,m00,mut_s1,detail,1,222,YNUXXMJVZSTPFZ-CSKMVECVNA-N,-6.947
PGR,m00,mut_s1,detail,1,223,ILWOOGUHZKNTQQ-DNVCBOLYNA-N,-8.636
PGR,m00,mut_s1,detail,1,224,CARWTONHZWZDHZ-XIPNIRHDNA-N,-7.962
PGR,m00,mut_s1,detail,1,225,OSMWANBXVVPETF-HTBVCZPNNA-N,-8.696
PGR,m00,mut_s1,detail,1,226,KCNVHXJEALIYQI-PCRUTULWNA-N,-8.891
PGR,m00,mut_s1,detail,1,227,FPUDFDKQGXUBJA-QQXSKIMKNA-N,-9.303
PGR,m00,mut_s1,detail,1,228,MQWZYEDJGHLFFI-VJSLDGLSNA-N,-10.51
PGR,m00,mut_s1,detail,1,229,YPTIEFMKXZIMKO-LNNLXFCONA-N,-9.496
PGR,m00,mut_s1,detail,1,230,MWIZLUKLQZEFBC-LKHHGCNMNA-N,-8.667
PGR,m00,mut_s1,detail,1,231,PMNZCFDKKKLFHH-LBOYIXSDNA-N,-8.172
PGR,m00,mut_s1,detail,1,232,NELOFNHVEWRSBT-OKPOJWAQNA-N,-7.252
PGR,m00,mut_s1,detail,1,233,VCXACHHEDDVKAY-SREBMQDQNA-N,-9.434
PGR,m00,mut_s1,detail,1,234,KWJVADNYZMUTJY-IPYVVANSNA-N,-10.689
PGR,m00,mut_s1,detail,1,235,LLQAFRKQJAOAMO-XGEXJYLCNA-N,-8.409
PGR,m00,mut_s1,detail,1,236,VCAMVXBSKDFRFE-LNNLXFCONA-N,-5.459
PGR,m00,mut_s1,detail,1,237,QXIHUBWNLRPDRU-UHFFFAOYNA-N,-7.434
PGR,m00,mut_s1,detail,1,238,JUXOLKXMOLRWLC-MPIMZMORNA-N,-6.507
PGR,m00,mut_s1,detail,1,239,SQTIAXOMFTYLLF-QVYQQCQZNA-N,-7.489
PGR,m00,mut_s1,detail,1,240,BJSKDMOWRPAVMK-UHFFFAOYNA-N,-8.637
PGR,m00,mut_s1,detail,1,241,VRQPEWWROOGXLL-VJSLDGLSNA-N,-5.591
PGR,m00,mut_s1,detail,1,242,IXNOFPXGSKSKJH-HXTKINSTNA-N,-9.479
PGR,m00,mut_s1,detail,1,243,BMCFOHNLKRIWMC-UHFFFAOYNA-N,-8.316
PGR,m00,mut_s1,detail,1,244,FLFMKNMHDFIWDB-PJQSKVNONA-N,-8.871
PGR,m00,mut_s1,detail,1,245,JJLXVLWPUFIUBC-IGBJZSFZNA-N,-9.794
PGR,m00,mut_s1,detail,1,246,ZXCSBCTVTJFLOZ-JUEKIJOLNA-N,-7.268
PGR,m00,mut_s1,detail,1,247,LCSLDZZBWHBLFA-UHFFFAOYNA-N,-8.255
PGR,m00,mut_s1,detail,1,248,CAVTYMQSFAIXRJ-AKXZRBJUNA-N,-4.984
PGR,m00,mut_s1,detail,1,249,UFXJYIXRQNBEDW-UHFFFAOYNA-N,-8.258
PGR,m00,mut_s1,detail,1,250,HWIAWSLSCZUKKA-SFHVURJKNA-N,-7.795
PGR,m00,mut_s1,detail,1,251,MYHQHPUWOWUUQI-ZELWXOMMNA-N,-8.573
PGR,m00,mut_s1,detail,1,252,GWNRIUBPBWOQGT-UHFFFAOYNA-N,-9.758
PGR,m00,mut_s1,detail,1,253,YCWRQUXRVNLWEM-LELJVTLKNA-N,-8.007
PGR,m00,mut_s1,detail,1,254,DMRFDXBCAQFSFQ-UYLYIRGYNA-N,-9.697
PGR,m00,mut_s1,detail,1,255,XCZDGLYGEYYXKS-UWLQQCCWNA-N,-7.968
PGR,m01,mut_s1,detail,1,0,UDJUXZQGNCUDQR-LILDFLRNNA-N,-8.296
PGR,m01,mut_s1,detail,1,1,GANVJBSNVYJUKL-UHFFFAOYNA-N,-6.971
PGR,m01,mut_s1,detail,1,2,RUBHNPNCPXGKIE-YAQRNVERNA-N,-6.024
PGR,m01,mut_s1,detail,1,3,JYSICDMWNXGPIM-XLPACQNMNA-N,-6.685
PGR,m01,mut_s1,detail,1,4,KZDPKDSPDUVHGB-GAJRPKRDNA-N,-7.392
PGR,m01,mut_s1,detail,1,5,GQKJQNXSSQKJGW-HCKMINDGNA-N,-7.964
PGR,m01,mut_s1,detail,1,6,HJRUOZFNPQVNSF-MNIXEANVNA-N,-8.049
PGR,m01,mut_s1,detail,1,7,ALUOSUMBVMLDKR-UHFFFAOYNA-N,-9.296
PGR,m01,mut_s1,detail,1,8,QMQNUSSPTHZCGT-UYBDAZJANA-N,-8.237
PGR,m01,mut_s1,detail,1,9,UEZBMIQIUOTBJT-UYBDAZJANA-N,-8.473
PGR,m01,mut_s1,detail,1,10,ICZZTNOOMSQNCH-UHFFFAOYNA-N,-8.656
PGR,m01,mut_s1,detail,1,11,AMOFQKAIXTYZIZ-NPVYFSBINA-N,-7.708
PGR,m01,mut_s1,detail,1,12,IZOPLHPCKOSQQN-UHFFFAOYNA-N,-8.853
PGR,m01,mut_s1,detail,1,13,OFZZZJLWPKOLIX-GPQMBLKYNA-N,-8.291
PGR,m01,mut_s1,detail,1,14,BXADTFNFCCRMQU-UHFFFAOYNA-N,-6.553
PGR,m01,mut_s1,detail,1,15,PKQDOSZHMAIBHQ-GPQMBLKYNA-N,-8.35
PGR,m01,mut_s1,detail,1,16,JLTFAWOGGLXAFU-UHFFFAOYNA-N,-7.355
PGR,m01,mut_s1,detail,1,17,QYACKAORZRQPTE-UHFFFAOYNA-N,-7.245
PGR,m01,mut_s1,detail,1,18,FFJKVRCOUHEYOK-YAQRNVERNA-N,-6.706
PGR,m01,mut_s1,detail,1,19,MFTSRMJYWLCCSA-GHRIWEEINA-N,-9.0
PGR,m01,mut_s1,detail,1,20,NDRMSISLKTZBKD-HCKMINDGNA-N,-8.111
PGR,m01,mut_s1,detail,1,21,APGSUVBRVVNRPJ-UHFFFAOYNA-N,-8.657
PGR,m01,mut_s1,detail,1,22,MTIGVNBPQVLRLS-XQMQJMAZNA-N,-6.523
PGR,m01,mut_s1,detail,1,23,WIWDZNZJLUFUSQ-GSIAOYINNA-N,-8.575
PGR,m01,mut_s1,detail,1,24,WVJSLMIKTFBTBO-WVMALLHKNA-N,-7.67
PGR,m01,mut_s1,detail,1,25,QASCAWSPAPUKDI-UHFFFAOYNA-N,-8.627
PGR,m01,mut_s1,detail,1,26,WJZNKICGQZGRPQ-YHMJCDSINA-N,-6.392
PGR,m01,mut_s1,detail,1,27,ACKCEYIVRXUHDK-HCKMINDGNA-N,-8.531
PGR,m01,mut_s1,detail,1,28,GXKXWCKNQMYETG-UHFFFAOYNA-N,-8.475
PGR,m01,mut_s1,detail,1,29,QGTKEDSQUDRCEG-UHFFFAOYNA-N,-7.218
PGR,m01,mut_s1,detail,1,30,NYJUJIFSIDORSZ-LILDFLRNNA-N,-8.652
PGR,m01,mut_s1,detail,1,31,SCGGVBDHUNVGKR-VRGMUVNCNA-N,-8.259
PGR,m01,mut_s1,detail,1,32,ZWGVKWPZYUUFSB-YAQRNVERNA-N,-7.707
PGR,m01,mut_s1,detail,1,33,BCTONXHZFGFJIT-UHFFFAOYNA-N,-8.28
PGR,m01,mut_s1,detail,1,34,BIZAQLNMDJHGTL-HCKMINDGNA-N,-8.26
PGR,m01,mut_s1,detail,1,35,KZFYAEKGSRGKDQ-GPQMBLKYNA-N,-8.054
PGR,m01,mut_s1,detail,1,36,REZYNFOIWKOLBD-UHFFFAOYNA-N,-6.992
PGR,m01,mut_s1,detail,1,37,SDKQIECEJUFKHI-MUSVCJDDNA-N,-8.21
PGR,m01,mut_s1,detail,1,38,XUJSYVYKXBOYJP-JTQLQIEINA-N,-8.232
PGR,m01,mut_s1,detail,1,39,NVHKWMBHTXQWRP-NSFCMMSCNA-N,-7.682
PGR,m01,mut_s1,detail,1,40,AHYPQQDJTFMEJW-VGOFMYFVNA-N,-7.621
PGR,m01,mut_s1,detail,1,41,BGRJTUBHPOOWDU-QDYITYEQNA-N,-7.622
PGR,m01,mut_s1,detail,1,42,KJQORRCKEQRHKP-UHFFFAOYNA-N,-8.836
PGR,m01,mut_s1,detail,1,43,SJFPWWYCPGONOM-UHFFFAOYNA-N,-7.766
PGR,m01,mut_s1,detail,1,44,VEZJRJGLFIXQHG-KJQBJTEXNA-N,-8.063
PGR,m01,mut_s1,detail,1,45,VQXJTNXJSNLNEM-WYUMXYHSNA-N,-7.891
PGR,m01,mut_s1,detail,1,46,RWCDZKHBJGXNQH-UHFFFAOYNA-N,-8.685
PGR,m01,mut_s1,detail,1,47,JXOHPGXCMHDJOH-XQMQJMAZNA-N,-7.347
PGR,m01,mut_s1,detail,1,48,XNBZHZUOHMKIBH-UHFFFAOYNA-N,-7.204
PGR,m01,mut_s1,detail,1,49,VTEXVGQDUYFTHA-UHFFFAOYNA-N,-6.623
PGR,m01,mut_s1,detail,1,50,IUJLOAKJZQBENM-UHFFFAOYNA-N,-6.502
PGR,m01,mut_s1,detail,1,51,QHULAWVSDWNAPE-UHFFFAOYNA-N,-6.989
PGR,m01,mut_s1,detail,1,52,VGJKJRWFEYUOMP-YAQRNVERNA-N,-6.885
PGR,m01,mut_s1,detail,1,53,DDCFZIXVFUZWLX-UHFFFAOYNA-N,-7.607
PGR,m01,mut_s1,detail,1,54,OTCRWFSKWBSBLF-UHFFFAOYNA-N,-7.691
PGR,m01,mut_s1,detail,1,55,YFYMHQPNOSTLFF-XQMQJMAZNA-N,-7.212
PGR,m01,mut_s1,detail,1,56,DYMQNLJFFJCVBA-UHFFFAOYNA-N,-7.032
PGR,m01,mut_s1,detail,1,57,QERUYJGOUSNCOY-YHMJCDSINA-N,-6.902
PGR,m01,mut_s1,detail,1,58,VBKFPTDUXZKHJG-VNHYZAJKNA-N,-7.433
PGR,m01,mut_s1,detail,1,59,ZBEDJPDEINGEHM-UHFFFAOYNA-N,-5.877
PGR,m01,mut_s1,detail,1,60,LIEZHLXUCGSNOU-UHFFFAOYNA-N,-8.523
PGR,m01,mut_s1,detail,1,61,RROQODCMZSASRX-UHFFFAOYNA-N,-6.475
PGR,m01,mut_s1,detail,1,62,BPMAVTHRQBBTNZ-UYBDAZJANA-N,-8.353
PGR,m01,mut_s1,detail,1,63,ATKWLNSCJYLXPF-FICVDOATNA-N,-8.388
PGR,m01,mut_s1,detail,1,64,RLUBDGBLOPBNLZ-UHFFFAOYNA-N,-8.977
PGR,m01,mut_s1,detail,1,65,UVERTHXHNQWOMX-UHFFFAOYNA-N,-8.698
PGR,m01,mut_s1,detail,1,66,BPFYGTYAFCVUAQ-QWOVJGMINA-N,-9.099
PGR,m01,mut_s1,detail,1,67,ZODJKQULMZCUCT-PKSOQXRJNA-N,-8.638
PGR,m01,mut_s1,detail,1,68,WEZGTMJXSVLNML-MPIMZMORNA-N,-9.883
PGR,m01,mut_s1,detail,1,69,IGZPSIOZEAIYTH-UHFFFAOYNA-N,-8.713
PGR,m01,mut_s1,detail,1,70,YRVFOAARONPYKD-UHFFFAOYNA-N,-8.874
PGR,m01,mut_s1,detail,1,71,ZESNJJBGEWLRGV-KAKWUFLPNA-N,-9.773
PGR,m01,mut_s1,detail,1,72,PYCBHJYHBUOUCW-PKSOQXRJNA-N,-8.058
PGR,m01,mut_s1,detail,1,73,ABPSNZWEZWHADJ-GPQMBLKYNA-N,-9.057
PGR,m01,mut_s1,detail,1,74,WXDJXWILXCCWRK-UHFFFAOYNA-N,-7.834
PGR,m01,mut_s1,detail,1,75,VCRWHFFSQUYIOM-DDCYPFOINA-N,-7.136
PGR,m01,mut_s1,detail,1,76,JANVEQMYWYPFNU-RTAVDJSLNA-N,-7.762
PGR,m01,mut_s1,detail,1,77,IQLYJZGQMYCKRA-QWOVJGMINA-N,-8.724
PGR,m01,mut_s1,detail,1,78,CTAZJMUKYKCOMY-HVXXBKQBNA-N,-8.054
PGR,m01,mut_s1,detail,1,79,FXRIMHMLPNSELN-XBTAAFKLNA-N,-8.407
PGR,m01,mut_s1,detail,1,80,GEUQUSZFVWZXJI-UHFFFAOYNA-N,-8.487
PGR,m01,mut_s1,detail,1,81,AFGXLUJVZOJZCS-DVIAZDKANA-N,-9.025
PGR,m01,mut_s1,detail,1,82,QPNICESGZANARJ-MPIMZMORNA-N,-9.348
PGR,m01,mut_s1,detail,1,83,QFHCJULFNFFSDD-MPIMZMORNA-N,-8.344
PGR,m01,mut_s1,detail,1,84,MABJRAVWPUIQDD-GPQMBLKYNA-N,-7.242
PGR,m01,mut_s1,detail,1,85,KEULGNACOIQOLD-LILDFLRNNA-N,-7.885
PGR,m01,mut_s1,detail,1,86,PHUKSBWGYBHYCM-ZANVPECINA-N,-8.424
PGR,m01,mut_s1,detail,1,87,VBFJSECKEUOBIV-UYBDAZJANA-N,-8.026
PGR,m01,mut_s1,detail,1,88,VKOJWPSHQQXTMQ-AWQFTUOYNA-N,-9.735
PGR,m01,mut_s1,detail,1,89,WGGCYQHFLWUGKK-LNNLXFCONA-N,-10.647
PGR,m01,mut_s1,detail,1,90,SEESZUWDWXYFGB-HUUCEWRRNA-N,-8.574
PGR,m01,mut_s1,detail,1,91,SAOIUZZZCRDJIE-UYBDAZJANA-N,-8.286
PGR,m01,mut_s1,detail,1,92,LCZXUQMWBHAHOF-PKSOQXRJNA-N,-8.362
PGR,m01,mut_s1,detail,1,93,HJZRMYRSMHLBMM-UHFFFAOYNA-N,-7.835
PGR,m01,mut_s1,detail,1,94,NYIAMZTVDFGSMO-UHFFFAOYNA-N,-8.638
PGR,m01,mut_s1,detail,1,95,PBGALVWBACEVEC-QWOVJGMINA-N,-9.491
PGR,m01,mut_s1,detail,1,96,DDCGYKUGMMDSDD-PKSOQXRJNA-N,-8.859
PGR,m01,mut_s1,detail,1,97,IIROHAHLTGYHGV-UYBDAZJANA-N,-8.914
PGR,m01,mut_s1,detail,1,98,IQJXWGCMCSFZHI-LQFNOIFHNA-N,-9.601
PGR,m01,mut_s1,detail,1,99,OPSKQPYXZASNGA-QWOVJGMINA-N,-7.974
PGR,m01,mut_s1,detail,1,100,COHPEUUUDGXEPG-MPIMZMORNA-N,-9.078
PGR,m01,mut_s1,detail,1,101,LCLQRXYSCAZUJT-PKSOQXRJNA-N,-7.901
PGR,m01,mut_s1,detail,1,102,DMWUHECJQADMOM-PKSOQXRJNA-N,-8.689
PGR,m01,mut_s1,detail,1,103,RINYNDHGPMMUPG-UYBDAZJANA-N,-8.05
PGR,m01,mut_s1,detail,1,104,GWFMSEYHCOCBEH-UYBDAZJANA-N,-8.034
PGR,m01,mut_s1,detail,1,105,ZSYYKQAVTXERHH-LILDFLRNNA-N,-8.333
PGR,m01,mut_s1,detail,1,106,RFGLZFMBWWKYGX-UHFFFAOYNA-N,-8.45
PGR,m01,mut_s1,detail,1,107,ZCFXIPSPKDGCHW-HSJCKIQZNA-N,-7.579
PGR,m01,mut_s1,detail,1,108,OJBRUITYMUOMQJ-UYBDAZJANA-N,-8.213
PGR,m01,mut_s1,detail,1,109,QRQQRMCYDJTOMZ-IHYGWTSJNA-N,-9.238
PGR,m01,mut_s1,detail,1,110,UZYHGPCXMSFTKE-NPQUBYNZNA-N,-7.611
PGR,m01,mut_s1,detail,1,111,FKRLYCLDDLGGPB-HCKMINDGNA-N,-7.627
PGR,m01,mut_s1,detail,1,112,SJUXHCSNSGLKJD-UYBDAZJANA-N,-8.889
PGR,m01,mut_s1,detail,1,113,MDJMMLITJGVNQI-LILDFLRNNA-N,-7.848
PGR,m01,mut_s1,detail,1,114,LAKWSLSTUWRCOM-UHFFFAOYNA-N,-9.398
PGR,m01,mut_s1,detail,1,115,RZYYWEWDCWHDNZ-PKSOQXRJNA-N,-7.551
PGR,m01,mut_s1,detail,1,116,KSTQHOAVVBOECJ-PKSOQXRJNA-N,-8.829
PGR,m01,mut_s1,detail,1,117,LTBODPBDLZJCLH-UHFFFAOYNA-N,-9.411
PGR,m01,mut_s1,detail,1,118,YNPHZUYBOQPWKQ-UYBDAZJANA-N,-7.626
PGR,m01,mut_s1,detail,1,119,TZYCJGJZUSVUSB-UHFFFAOYNA-N,-7.025
PGR,m01,mut_s1,detail,1,120,YDEMTQMAWLEDQT-HPHMPNDVNA-N,-9.164
PGR,m01,mut_s1,detail,1,121,JJTMKAVMZRVHFW-JZJYNLBNNA-N,-8.201
PGR,m01,mut_s1,detail,1,122,UQILDYXMCYUCGV-MPIMZMORNA-N,-8.863
PGR,m01,mut_s1,detail,1,123,LRULJABSRXBARK-PKSOQXRJNA-N,-8.309
PGR,m01,mut_s1,detail,1,124,FDGMHVXFEWDBLE-GZNJHTOZNA-N,-8.324
PGR,m01,mut_s1,detail,1,125,MDPXBTVEVMPBMF-MRSUPTMINA-N,-8.657
PGR,m01,mut_s1,detail,1,126,PRDMNBQAHOVKAV-UHFFFAOYNA-N,-10.428
PGR,m01,mut_s1,detail,1,127,OBAYJABSUJXLMA-HCKMINDGNA-N,-8.046
PGR,m01,mut_s1,detail,1,128,HLMWKCMXNWJGGO-VNHAUOCNNA-N,-9.117
PGR,m01,mut_s1,detail,1,129,ZWXZFCRRFQRJPF-QWOVJGMINA-N,-9.412
PGR,m01,mut_s1,detail,1,130,IXUSJKAERUMZME-NBNNRKRINA-N,-9.858
PGR,m01,mut_s1,detail,1,131,WDVACORMOUBMRH-NPQUBYNZNA-N,-8.892
PGR,m01,mut_s1,detail,1,132,UXLJJGBAQOYQMV-UHFFFAOYNA-N,-9.753
PGR,m01,mut_s1,detail,1,133,RWPNUXJCHLIEDT-UHFFFAOYNA-N,-8.806
PGR,m01,mut_s1,detail,1,134,BTCLKPCIIFOYHE-KRMNUSLJNA-N,-9.476
PGR,m01,mut_s1,detail,1,135,IGYZXGKFEXFDBK-SPEPDGBUNA-N,-10.391
PGR,m01,mut_s1,detail,1,136,RUKFQFDSWPNHGL-LNNLXFCONA-N,-9.341
PGR,m01,mut_s1,detail,1,137,QTHMBVGZTPOODZ-FVJBVQDQNA-N,-8.817
PGR,m01,mut_s1,detail,1,138,BLQYVHBZHAISJM-LSHAIWFFNA-N,-10.278
PGR,m01,mut_s1,detail,1,139,WMDYKLMOCCOUEL-SACSUSJJNA-N,-9.888
PGR,m01,mut_s1,detail,1,140,LEVPVCOKBQEXMQ-MPIMZMORNA-N,-10.139
PGR,m01,mut_s1,detail,1,141,YYDFYJDBXOSJHE-WBMJQRKENA-N,-9.435
PGR,m01,mut_s1,detail,1,142,NFXJPCKVPBXSDH-LQFNOIFHNA-N,-9.036
PGR,m01,mut_s1,detail,1,143,KAUHJCPWWQWSJV-LELJVTLKNA-N,-9.381
PGR,m01,mut_s1,detail,1,144,NVZSQUSTRBKANP-YIVFFDRWNA-N,-9.171
PGR,m01,mut_s1,detail,1,145,WIKNISOFBKUYKR-LBOYIXSDNA-N,-9.211
PGR,m01,mut_s1,detail,1,146,AQIYGSAXYBBKKP-LNNLXFCONA-N,-10.247
PGR,m01,mut_s1,detail,1,147,TWKQKOFHSPYVSG-LQFNOIFHNA-N,-9.794
PGR,m01,mut_s1,detail,1,148,LVWSKXKIFXRKQJ-QWOVJGMINA-N,-8.389
PGR,m01,mut_s1,detail,1,149,BBBUKQRTMPJLSL-FHIWLMNKNA-N,-8.402
PGR,m01,mut_s1,detail,1,150,SCECNMVMCCDVHC-UHFFFAOYNA-N,-9.081
PGR,m01,mut_s1,detail,1,151,OLMVVVWTBFULHB-HXTKINSTNA-N,-10.622
PGR,m01,mut_s1,detail,1,152,BJXFHKHIABEKFL-HXTKINSTNA-N,-9.939
PGR,m01,mut_s1,detail,1,153,GMYAIAZTDBDYGE-UHFFFAOYNA-N,-9.654
PGR,m01,mut_s1,detail,1,154,OMIWVZGQMXEZLZ-UHFFFAOYNA-N,-8.389
PGR,m01,mut_s1,detail,1,155,SFQDUATXFZWGHZ-UHFFFAOYNA-N,-7.555
PGR,m01,mut_s1,detail,1,156,AMRCHQSZZXWZBI-UHFFFAOYNA-N,-7.109
PGR,m01,mut_s1,detail,1,157,PDKBGLXLXHGRIF-UHFFFAOYNA-N,-9.109
PGR,m01,mut_s1,detail,1,158,IMPCJHDDDAGSIP-UHFFFAOYNA-N,-9.026
PGR,m01,mut_s1,detail,1,159,QKASSONCRIQFQE-UHFFFAOYNA-N,-8.723
PGR,m01,mut_s1,detail,1,160,RBPSUSGZEBUPLW-LELJVTLKNA-N,-11.113
PGR,m01,mut_s1,detail,1,161,IZMNNUPSRDMEKL-LICXQBBSNA-N,-8.622
PGR,m01,mut_s1,detail,1,162,PAVNRYHGSYWSPV-MPIMZMORNA-N,-9.02
PGR,m01,mut_s1,detail,1,163,TZXYYVHNWAKJLI-UHFFFAOYNA-N,-8.39
PGR,m01,mut_s1,detail,1,164,HNOCRTTZBPUBHY-UHFFFAOYNA-N,-10.872
PGR,m01,mut_s1,detail,1,165,WMPZPNIPTZCCJK-PKSOQXRJNA-N,-7.811
PGR,m01,mut_s1,detail,1,166,OBPAOULTANNRFC-QWOVJGMINA-N,-7.847
PGR,m01,mut_s1,detail,1,167,UCJOWIKNRBWRAB-UHFFFAOYNA-N,-9.986
PGR,m01,mut_s1,detail,1,168,GFKDVMSTTKOYOX-QCVZTBOQNA-N,-8.925
PGR,m01,mut_s1,detail,1,169,BAEJDWKEKZSULN-UHFFFAOYNA-N,-7.164
PGR,m01,mut_s1,detail,1,170,KZUDVENDSUODSU-LQFNOIFHNA-N,-8.744
PGR,m01,mut_s1,detail,1,171,HBYPDVHGDKCNMT-DVIAZDKANA-N,-9.576
PGR,m01,mut_s1,detail,1,172,PMUHFTCPDVPMRF-LELJVTLKNA-N,-10.591
PGR,m01,mut_s1,detail,1,173,XIYSICLOFPYCTK-ZVWSISBDNA-N,-8.946
PGR,m01,mut_s1,detail,1,174,CFOFCUAQALFPIW-HPRFPMAVNA-N,-10.078
PGR,m01,mut_s1,detail,1,175,ZNBMRULRQJAJNW-IRIILVJRNA-N,-10.166
PGR,m01,mut_s1,detail,1,176,RSQKKNPJKLBGPF-DVIAZDKANA-N,-8.615
PGR,m01,mut_s1,detail,1,177,UIYRVVZHZVHONZ-QWOVJGMINA-N,-9.496
PGR,m01,mut_s1,detail,1,178,RNCGDYFDZJIQTQ-UHFFFAOYNA-N,-10.039
PGR,m01,mut_s1,detail,1,179,QOWFNZNDIAKQKO-QFIPXVFZNA-N,-9.133
PGR,m01,mut_s1,detail,1,180,FIPNXDSUMLBDQK-LQFNOIFHNA-N,-9.41
PGR,m01,mut_s1,detail,1,181,NHFGNUVGTDMGKX-UHFFFAOYNA-N,-8.961
PGR,m01,mut_s1,detail,1,182,RNBGNITZKVUDSK-YFMNGRKDNA-N,-7.699
PGR,m01,mut_s1,detail,1,183,CPEKPARXQVWWJD-IAXKEJLGNA-N,-7.682
PGR,m01,mut_s1,detail,1,184,IEAABJYVWXHFOX-MPIMZMORNA-N,-9.43
PGR,m01,mut_s1,detail,1,185,DSNCXRXGMZSRBV-GOSISDBHNA-N,-9.378
PGR,m01,mut_s1,detail,1,186,DOVTZHSQYCZIIX-MPIMZMORNA-N,-8.127
PGR,m01,mut_s1,detail,1,187,BKYWKCMMWRHBGX-SPEPDGBUNA-N,-8.456
PGR,m01,mut_s1,detail,1,188,MTRHSIOVVWFAOM-MPIMZMORNA-N,-9.353
PGR,m01,mut_s1,detail,1,189,VZLVPTSUFJDRRQ-LELJVTLKNA-N,-8.403
PGR,m01,mut_s1,detail,1,190,FJYPQTWLGSEZAE-UNEGGNDLNA-N,-8.941
PGR,m01,mut_s1,detail,1,191,FOJSFYSVCCQUQP-VVKINWOJNA-N,-8.465
PGR,m01,mut_s1,detail,1,192,SULPKNWDXWJTHQ-GCNJZUOMNA-N,-6.011
PGR,m01,mut_s1,detail,1,193,JTPAQMOUZGIORE-UHFFFAOYNA-N,-10.396
PGR,m01,mut_s1,detail,1,194,KRFPGHLUAFZMRZ-TYOBWDGZNA-N,-9.252
PGR,m01,mut_s1,detail,1,195,TVZGACDUOSZQKY-XBGCRKGSNA-N,-8.833
PGR,m01,mut_s1,detail,1,196,CXDZGSNFZYGQSZ-PKRZOPRNNA-N,-10.007
PGR,m01,mut_s1,detail,1,197,FBZYWIMLLHPUPX-VJSLDGLSNA-N,-8.201
PGR,m01,mut_s1,detail,1,198,HKJNKURRZRPPMK-MDXLESTANA-N,-8.694
PGR,m01,mut_s1,detail,1,199,DVAPEEIVFMOBQW-SLSKDPHBNA-N,-8.984
PGR,m01,mut_s1,detail,1,200,SVDIZPBCTLXSOH-LNNLXFCONA-N,-9.691
PGR,m01,mut_s1,detail,1,201,NDXCWKMYPWRPDY-NUCQJGHSNA-N,-7.582
PGR,m01,mut_s1,detail,1,202,VXHUMLIJAQHWIX-CRNXEPDINA-N,-9.957
PGR,m01,mut_s1,detail,1,203,KBZDVXICPAJAAT-LNNLXFCONA-N,-8.648
PGR,m01,mut_s1,detail,1,204,DVFDTYFATLFXHU-WOPMAMTRNA-N,-9.163
PGR,m01,mut_s1,detail,1,205,WURBKQGAFSESKZ-MPIMZMORNA-N,-8.485
PGR,m01,mut_s1,detail,1,206,LXGVFBXRKSCESU-UWUUZOGGNA-N,-9.424
PGR,m01,mut_s1,detail,1,207,CQWFJACPUQVVQZ-UHFFFAOYNA-N,-8.721
PGR,m01,mut_s1,detail,1,208,FEZAUPQJLJCQHD-XRJCTRHONA-N,-10.537
PGR,m01,mut_s1,detail,1,209,IDKGPACCMPKKQB-LIPPOORTNA-N,-11.109
PGR,m01,mut_s1,detail,1,210,PEPJPELNFRAZNQ-LKHHGCNMNA-N,-9.25
PGR,m01,mut_s1,detail,1,211,GRUWUINXLANFJE-LBOYIXSDNA-N,-7.856
PGR,m01,mut_s1,detail,1,212,RTFGYBAMFJVGHJ-UHFFFAOYNA-N,-8.88
PGR,m01,mut_s1,detail,1,213,LYJNRGFCMLOFNV-HIVOMVAKNA-N,-9.28
PGR,m01,mut_s1,detail,1,214,MKDSWBAEXGFAEE-LBOYIXSDNA-N,-10.331
PGR,m01,mut_s1,detail,1,215,NSLNDONZYBNSFU-ASVXZIMGNA-N,-10.133
PGR,m01,mut_s1,detail,1,216,HUDCDZLLNLJTEW-RBSQRGBYNA-N,-9.865
PGR,m01,mut_s1,detail,1,217,OFRDBFMZCXXKAH-LBOYIXSDNA-N,-10.284
PGR,m01,mut_s1,detail,1,218,NSLGAHAKEFYCED-PELNGNISNA-N,-8.344
PGR,m01,mut_s1,detail,1,219,QLSURSTUZJVSGU-NSJMMFDCNA-N,-10.398
PGR,m01,mut_s1,detail,1,220,CXLYWVWLNDGNIU-VEORKLDJNA-N,-8.729
PGR,m01,mut_s1,detail,1,221,RHIJMDNVEPLDED-UHFFFAOYNA-N,-7.789
PGR,m01,mut_s1,detail,1,222,YNUXXMJVZSTPFZ-CSKMVECVNA-N,-6.97
PGR,m01,mut_s1,detail,1,223,ILWOOGUHZKNTQQ-DNVCBOLYNA-N,-10.614
PGR,m01,mut_s1,detail,1,224,CARWTONHZWZDHZ-XIPNIRHDNA-N,-10.194
PGR,m01,mut_s1,detail,1,225,OSMWANBXVVPETF-HTBVCZPNNA-N,-10.723
PGR,m01,mut_s1,detail,1,226,KCNVHXJEALIYQI-PCRUTULWNA-N,-8.877
PGR,m01,mut_s1,detail,1,227,FPUDFDKQGXUBJA-QQXSKIMKNA-N,-9.088
PGR,m01,mut_s1,detail,1,228,MQWZYEDJGHLFFI-VJSLDGLSNA-N,-10.762
PGR,m01,mut_s1,detail,1,229,YPTIEFMKXZIMKO-LNNLXFCONA-N,-10.722
PGR,m01,mut_s1,detail,1,230,MWIZLUKLQZEFBC-LKHHGCNMNA-N,-9.924
PGR,m01,mut_s1,detail,1,231,PMNZCFDKKKLFHH-LBOYIXSDNA-N,-10.341
PGR,m01,mut_s1,detail,1,232,NELOFNHVEWRSBT-OKPOJWAQNA-N,-9.655
PGR,m01,mut_s1,detail,1,233,VCXACHHEDDVKAY-SREBMQDQNA-N,-10.289
PGR,m01,mut_s1,detail,1,234,KWJVADNYZMUTJY-IPYVVANSNA-N,-10.352
PGR,m01,mut_s1,detail,1,235,LLQAFRKQJAOAMO-XGEXJYLCNA-N,-10.347
PGR,m01,mut_s1,detail,1,236,VCAMVXBSKDFRFE-LNNLXFCONA-N,-9.079
PGR,m01,mut_s1,detail,1,237,QXIHUBWNLRPDRU-UHFFFAOYNA-N,-8.971
PGR,m01,mut_s1,detail,1,238,JUXOLKXMOLRWLC-MPIMZMORNA-N,-7.994
PGR,m01,mut_s1,detail,1,239,SQTIAXOMFTYLLF-QVYQQCQZNA-N,-9.195
PGR,m01,mut_s1,detail,1,240,BJSKDMOWRPAVMK-UHFFFAOYNA-N,-10.04
PGR,m01,mut_s1,detail,1,241,VRQPEWWROOGXLL-VJSLDGLSNA-N,-8.864
PGR,m01,mut_s1,detail,1,242,IXNOFPXGSKSKJH-HXTKINSTNA-N,-9.917
PGR,m01,mut_s1,detail,1,243,BMCFOHNLKRIWMC-UHFFFAOYNA-N,-8.631
PGR,m01,mut_s1,detail,1,244,FLFMKNMHDFIWDB-PJQSKVNONA-N,-9.666
PGR,m01,mut_s1,detail,1,245,JJLXVLWPUFIUBC-IGBJZSFZNA-N,-9.313
PGR,m01,mut_s1,detail,1,246,ZXCSBCTVTJFLOZ-JUEKIJOLNA-N,-7.493
PGR,m01,mut_s1,detail,1,247,LCSLDZZBWHBLFA-UHFFFAOYNA-N,-8.041
PGR,m01,mut_s1,detail,1,248,CAVTYMQSFAIXRJ-AKXZRBJUNA-N,-5.309
PGR,m01,mut_s1,detail,1,249,UFXJYIXRQNBEDW-UHFFFAOYNA-N,-8.377
PGR,m01,mut_s1,detail,1,250,HWIAWSLSCZUKKA-SFHVURJKNA-N,-10.039
PGR,m01,mut_s1,detail,1,251,MYHQHPUWOWUUQI-ZELWXOMMNA-N,-9.872
PGR,m01,mut_s1,detail,1,252,GWNRIUBPBWOQGT-UHFFFAOYNA-N,-8.728
PGR,m01,mut_s1,detail,1,253,YCWRQUXRVNLWEM-LELJVTLKNA-N,-9.721
PGR,m01,mut_s1,detail,1,254,DMRFDXBCAQFSFQ-UYLYIRGYNA-N,-9.268
PGR,m01,mut_s1,detail,1,255,XCZDGLYGEYYXKS-UWLQQCCWNA-N,-8.768
PGR,m02,mut_s1,detail,1,0,UDJUXZQGNCUDQR-LILDFLRNNA-N,-8.026
PGR,m02,mut_s1,detail,1,1,GANVJBSNVYJUKL-UHFFFAOYNA-N,-6.986
PGR,m02,mut_s1,detail,1,2,RUBHNPNCPXGKIE-YAQRNVERNA-N,-6.548
PGR,m02,mut_s1,detail,1,3,JYSICDMWNXGPIM-XLPACQNMNA-N,-5.95
PGR,m02,mut_s1,detail,1,4,KZDPKDSPDUVHGB-GAJRPKRDNA-N,-7.072
PGR,m02,mut_s1,detail,1,5,GQKJQNXSSQKJGW-HCKMINDGNA-N,-7.525
PGR,m02,mut_s1,detail,1,6,HJRUOZFNPQVNSF-MNIXEANVNA-N,-7.841
PGR,m02,mut_s1,detail,1,7,ALUOSUMBVMLDKR-UHFFFAOYNA-N,-9.164
PGR,m02,mut_s1,detail,1,8,QMQNUSSPTHZCGT-UYBDAZJANA-N,-8.74
PGR,m02,mut_s1,detail,1,9,UEZBMIQIUOTBJT-UYBDAZJANA-N,-8.621
PGR,m02,mut_s1,detail,1,10,ICZZTNOOMSQNCH-UHFFFAOYNA-N,-8.272
PGR,m02,mut_s1,detail,1,11,AMOFQKAIXTYZIZ-NPVYFSBINA-N,-7.832
PGR,m02,mut_s1,detail,1,12,IZOPLHPCKOSQQN-UHFFFAOYNA-N,-8.093
PGR,m02,mut_s1,detail,1,13,OFZZZJLWPKOLIX-GPQMBLKYNA-N,-8.133
PGR,m02,mut_s1,detail,1,14,BXADTFNFCCRMQU-UHFFFAOYNA-N,-6.393
PGR,m02,mut_s1,detail,1,15,PKQDOSZHMAIBHQ-GPQMBLKYNA-N,-8.738
PGR,m02,mut_s1,detail,1,16,JLTFAWOGGLXAFU-UHFFFAOYNA-N,-6.948
PGR,m02,mut_s1,detail,1,17,QYACKAORZRQPTE-UHFFFAOYNA-N,-6.633
PGR,m02,mut_s1,detail,1,18,FFJKVRCOUHEYOK-YAQRNVERNA-N,-7.083
PGR,m02,mut_s1,detail,1,19,MFTSRMJYWLCCSA-GHRIWEEINA-N,-8.433
PGR,m02,mut_s1,detail,1,20,NDRMSISLKTZBKD-HCKMINDGNA-N,-7.447
PGR,m02,mut_s1,detail,1,21,APGSUVBRVVNRPJ-UHFFFAOYNA-N,-8.231
PGR,m02,mut_s1,detail,1,22,MTIGVNBPQVLRLS-XQMQJMAZNA-N,-6.458
PGR,m02,mut_s1,detail,1,23,WIWDZNZJLUFUSQ-GSIAOYINNA-N,-7.884
PGR,m02,mut_s1,detail,1,24,WVJSLMIKTFBTBO-WVMALLHKNA-N,-7.313
PGR,m02,mut_s1,detail,1,25,QASCAWSPAPUKDI-UHFFFAOYNA-N,-8.897
PGR,m02,mut_s1,detail,1,26,WJZNKICGQZGRPQ-YHMJCDSINA-N,-6.276
PGR,m02,mut_s1,detail,1,27,ACKCEYIVRXUHDK-HCKMINDGNA-N,-8.778
PGR,m02,mut_s1,detail,1,28,GXKXWCKNQMYETG-UHFFFAOYNA-N,-8.648
PGR,m02,mut_s1,detail,1,29,QGTKEDSQUDRCEG-UHFFFAOYNA-N,-6.995
PGR,m02,mut_s1,detail,1,30,NYJUJIFSIDORSZ-LILDFLRNNA-N,-8.376
PGR,m02,mut_s1,detail,1,31,SCGGVBDHUNVGKR-VRGMUVNCNA-N,-9.123
PGR,m02,mut_s1,detail,1,32,ZWGVKWPZYUUFSB-YAQRNVERNA-N,-7.139
PGR,m02,mut_s1,detail,1,33,BCTONXHZFGFJIT-UHFFFAOYNA-N,-8.594
PGR,m02,mut_s1,detail,1,34,BIZAQLNMDJHGTL-HCKMINDGNA-N,-8.215
PGR,m02,mut_s1,detail,1,35,KZFYAEKGSRGKDQ-GPQMBLKYNA-N,-7.366
PGR,m02,mut_s1,detail,1,36,REZYNFOIWKOLBD-UHFFFAOYNA-N,-7.158
PGR,m02,mut_s1,detail,1,37,SDKQIECEJUFKHI-MUSVCJDDNA-N,-7.473
PGR,m02,mut_s1,detail,1,38,XUJSYVYKXBOYJP-JTQLQIEINA-N,-8.313
PGR,m02,mut_s1,detail,1,39,NVHKWMBHTXQWRP-NSFCMMSCNA-N,-7.756
PGR,m02,mut_s1,detail,1,40,AHYPQQDJTFMEJW-VGOFMYFVNA-N,-7.341
PGR,m02,mut_s1,detail,1,41,BGRJTUBHPOOWDU-QDYITYEQNA-N,-7.337
PGR,m02,mut_s1,detail,1,42,KJQORRCKEQRHKP-UHFFFAOYNA-N,-8.402
PGR,m02,mut_s1,detail,1,43,SJFPWWYCPGONOM-UHFFFAOYNA-N,-7.32
PGR,m02,mut_s1,detail,1,44,VEZJRJGLFIXQHG-KJQBJTEXNA-N,-8.164
PGR,m02,mut_s1,detail,1,45,VQXJTNXJSNLNEM-WYUMXYHSNA-N,-8.438
PGR,m02,mut_s1,detail,1,46,RWCDZKHBJGXNQH-UHFFFAOYNA-N,-8.711
PGR,m02,mut_s1,detail,1,47,JXOHPGXCMHDJOH-XQMQJMAZNA-N,-7.817
PGR,m02,mut_s1,detail,1,48,XNBZHZUOHMKIBH-UHFFFAOYNA-N,-7.261
PGR,m02,mut_s1,detail,1,49,VTEXVGQDUYFTHA-UHFFFAOYNA-N,-6.412
PGR,m02,mut_s1,detail,1,50,IUJLOAKJZQBENM-UHFFFAOYNA-N,-6.766
PGR,m02,mut_s1,detail,1,51,QHULAWVSDWNAPE-UHFFFAOYNA-N,-7.208
PGR,m02,mut_s1,detail,1,52,VGJKJRWFEYUOMP-YAQRNVERNA-N,-6.96
PGR,m02,mut_s1,detail,1,53,DDCFZIXVFUZWLX-UHFFFAOYNA-N,-7.971
PGR,m02,mut_s1,detail,1,54,OTCRWFSKWBSBLF-UHFFFAOYNA-N,-7.212
PGR,m02,mut_s1,detail,1,55,YFYMHQPNOSTLFF-XQMQJMAZNA-N,-7.201
PGR,m02,mut_s1,detail,1,56,DYMQNLJFFJCVBA-UHFFFAOYNA-N,-6.542
PGR,m02,mut_s1,detail,1,57,QERUYJGOUSNCOY-YHMJCDSINA-N,-7.31
PGR,m02,mut_s1,detail,1,58,VBKFPTDUXZKHJG-VNHYZAJKNA-N,-7.623
PGR,m02,mut_s1,detail,1,59,ZBEDJPDEINGEHM-UHFFFAOYNA-N,-5.848
PGR,m02,mut_s1,detail,1,60,LIEZHLXUCGSNOU-UHFFFAOYNA-N,-8.563
PGR,m02,mut_s1,detail,1,61,RROQODCMZSASRX-UHFFFAOYNA-N,-6.36
PGR,m02,mut_s1,detail,1,62,BPMAVTHRQBBTNZ-UYBDAZJANA-N,-8.592
PGR,m02,mut_s1,detail,1,63,ATKWLNSCJYLXPF-FICVDOATNA-N,-8.653
PGR,m02,mut_s1,detail,1,64,RLUBDGBLOPBNLZ-UHFFFAOYNA-N,-9.071
PGR,m02,mut_s1,detail,1,65,UVERTHXHNQWOMX-UHFFFAOYNA-N,-8.412
PGR,m02,mut_s1,detail,1,66,BPFYGTYAFCVUAQ-QWOVJGMINA-N,-9.426
PGR,m02,mut_s1,detail,1,67,ZODJKQULMZCUCT-PKSOQXRJNA-N,-8.199
PGR,m02,mut_s1,detail,1,68,WEZGTMJXSVLNML-MPIMZMORNA-N,-8.29
PGR,m02,mut_s1,detail,1,69,IGZPSIOZEAIYTH-UHFFFAOYNA-N,-8.96
PGR,m02,mut_s1,detail,1,70,YRVFOAARONPYKD-UHFFFAOYNA-N,-8.74
PGR,m02,mut_s1,detail,1,71,ZESNJJBGEWLRGV-KAKWUFLPNA-N,-9.748
PGR,m02,mut_s1,detail,1,72,PYCBHJYHBUOUCW-PKSOQXRJNA-N,-7.795
PGR,m02,mut_s1,detail,1,73,ABPSNZWEZWHADJ-GPQMBLKYNA-N,-7.968
PGR,m02,mut_s1,detail,1,74,WXDJXWILXCCWRK-UHFFFAOYNA-N,-7.51
PGR,m02,mut_s1,detail,1,75,VCRWHFFSQUYIOM-DDCYPFOINA-N,-6.764
PGR,m02,mut_s1,detail,1,76,JANVEQMYWYPFNU-RTAVDJSLNA-N,-7.3
PGR,m02,mut_s1,detail,1,77,IQLYJZGQMYCKRA-QWOVJGMINA-N,-8.78
PGR,m02,mut_s1,detail,1,78,CTAZJMUKYKCOMY-HVXXBKQBNA-N,-8.04
PGR,m02,mut_s1,detail,1,79,FXRIMHMLPNSELN-XBTAAFKLNA-N,-6.819
PGR,m02,mut_s1,detail,1,80,GEUQUSZFVWZXJI-UHFFFAOYNA-N,-8.15
PGR,m02,mut_s1,detail,1,81,AFGXLUJVZOJZCS-DVIAZDKANA-N,-7.124
PGR,m02,mut_s1,detail,1,82,QPNICESGZANARJ-MPIMZMORNA-N,-9.035
PGR,m02,mut_s1,detail,1,83,QFHCJULFNFFSDD-MPIMZMORNA-N,-7.714
PGR,m02,mut_s1,detail,1,84,MABJRAVWPUIQDD-GPQMBLKYNA-N,-7.245
PGR,m02,mut_s1,detail,1,85,KEULGNACOIQOLD-LILDFLRNNA-N,-8.51
PGR,m02,mut_s1,detail,1,86,PHUKSBWGYBHYCM-ZANVPECINA-N,-8.807
PGR,m02,mut_s1,detail,1,87,VBFJSECKEUOBIV-UYBDAZJANA-N,-7.776
PGR,m02,mut_s1,detail,1,88,VKOJWPSHQQXTMQ-AWQFTUOYNA-N,-9.621
PGR,m02,mut_s1,detail,1,89,WGGCYQHFLWUGKK-LNNLXFCONA-N,-9.985
PGR,m02,mut_s1,detail,1,90,SEESZUWDWXYFGB-HUUCEWRRNA-N,-7.889
PGR,m02,mut_s1,detail,1,91,SAOIUZZZCRDJIE-UYBDAZJANA-N,-7.629
PGR,m02,mut_s1,detail,1,92,LCZXUQMWBHAHOF-PKSOQXRJNA-N,-8.358
PGR,m02,mut_s1,detail,1,93,HJZRMYRSMHLBMM-UHFFFAOYNA-N,-7.4
PGR,m02,mut_s1,detail,1,94,NYIAMZTVDFGSMO-UHFFFAOYNA-N,-9.027
PGR,m02,mut_s1,detail,1,95,PBGALVWBACEVEC-QWOVJGMINA-N,-9.407
PGR,m02,mut_s1,detail,1,96,DDCGYKUGMMDSDD-PKSOQXRJNA-N,-8.476
PGR,m02,mut_s1,detail,1,97,IIROHAHLTGYHGV-UYBDAZJANA-N,-8.447
PGR,m02,mut_s1,detail,1,98,IQJXWGCMCSFZHI-LQFNOIFHNA-N,-8.45
PGR,m02,mut_s1,detail,1,99,OPSKQPYXZASNGA-QWOVJGMINA-N,-6.892
PGR,m02,mut_s1,detail,1,100,COHPEUUUDGXEPG-MPIMZMORNA-N,-6.816
PGR,m02,mut_s1,detail,1,101,LCLQRXYSCAZUJT-PKSOQXRJNA-N,-7.445
PGR,m02,mut_s1,detail,1,102,DMWUHECJQADMOM-PKSOQXRJNA-N,-7.851
PGR,m02,mut_s1,detail,1,103,RINYNDHGPMMUPG-UYBDAZJANA-N,-8.13
PGR,m02,mut_s1,detail,1,104,GWFMSEYHCOCBEH-UYBDAZJANA-N,-7.7
PGR,m02,mut_s1,detail,1,105,ZSYYKQAVTXERHH-LILDFLRNNA-N,-6.635
PGR,m02,mut_s1,detail,1,106,RFGLZFMBWWKYGX-UHFFFAOYNA-N,-8.06
PGR,m02,mut_s1,detail,1,107,ZCFXIPSPKDGCHW-HSJCKIQZNA-N,-6.49
PGR,m02,mut_s1,detail,1,108,OJBRUITYMUOMQJ-UYBDAZJANA-N,-6.883
PGR,m02,mut_s1,detail,1,109,QRQQRMCYDJTOMZ-IHYGWTSJNA-N,-9.398
PGR,m02,mut_s1,detail,1,110,UZYHGPCXMSFTKE-NPQUBYNZNA-N,-7.781
PGR,m02,mut_s1,detail,1,111,FKRLYCLDDLGGPB-HCKMINDGNA-N,-6.31
PGR,m02,mut_s1,detail,1,112,SJUXHCSNSGLKJD-UYBDAZJANA-N,-6.816
PGR,m02,mut_s1,detail,1,113,MDJMMLITJGVNQI-LILDFLRNNA-N,-7.407
PGR,m02,mut_s1,detail,1,114,LAKWSLSTUWRCOM-UHFFFAOYNA-N,-8.686
PGR,m02,mut_s1,detail,1,115,RZYYWEWDCWHDNZ-PKSOQXRJNA-N,-7.927
PGR,m02,mut_s1,detail,1,116,KSTQHOAVVBOECJ-PKSOQXRJNA-N,-8.544
PGR,m02,mut_s1,detail,1,117,LTBODPBDLZJCLH-UHFFFAOYNA-N,-8.987
PGR,m02,mut_s1,detail,1,118,YNPHZUYBOQPWKQ-UYBDAZJANA-N,-7.464
PGR,m02,mut_s1,detail,1,119,TZYCJGJZUSVUSB-UHFFFAOYNA-N,-7.178
PGR,m02,mut_s1,detail,1,120,YDEMTQMAWLEDQT-HPHMPNDVNA-N,-6.121
PGR,m02,mut_s1,detail,1,121,JJTMKAVMZRVHFW-JZJYNLBNNA-N,-7.583
PGR,m02,mut_s1,detail,1,122,UQILDYXMCYUCGV-MPIMZMORNA-N,-7.251
PGR,m02,mut_s1,detail,1,123,LRULJABSRXBARK-PKSOQXRJNA-N,-6.789
PGR,m02,mut_s1,detail,1,124,FDGMHVXFEWDBLE-GZNJHTOZNA-N,-8.316
PGR,m02,mut_s1,detail,1,125,MDPXBTVEVMPBMF-MRSUPTMINA-N,-7.744
PGR,m02,mut_s1,detail,1,126,PRDMNBQAHOVKAV-UHFFFAOYNA-N,-9.92
PGR,m02,mut_s1,detail,1,127,OBAYJABSUJXLMA-HCKMINDGNA-N,-8.474
PGR,m02,mut_s1,detail,1,128,HLMWKCMXNWJGGO-VNHAUOCNNA-N,-6.494
PGR,m02,mut_s1,detail,1,129,ZWXZFCRRFQRJPF-QWOVJGMINA-N,-6.679
PGR,m02,mut_s1,detail,1,130,IXUSJKAERUMZME-NBNNRKRINA-N,-9.649
PGR,m02,mut_s1,detail,1,131,WDVACORMOUBMRH-NPQUBYNZNA-N,-8.001
PGR,m02,mut_s1,detail,1,132,UXLJJGBAQOYQMV-UHFFFAOYNA-N,-6.86
PGR,m02,mut_s1,detail,1,133,RWPNUXJCHLIEDT-UHFFFAOYNA-N,-7.61
PGR,m02,mut_s1,detail,1,134,BTCLKPCIIFOYHE-KRMNUSLJNA-N,-8.869
PGR,m02,mut_s1,detail,1,135,IGYZXGKFEXFDBK-SPEPDGBUNA-N,-9.456
PGR,m02,mut_s1,detail,1,136,RUKFQFDSWPNHGL-LNNLXFCONA-N,-6.554
PGR,m02,mut_s1,detail,1,137,QTHMBVGZTPOODZ-FVJBVQDQNA-N,-8.31
PGR,m02,mut_s1,detail,1,138,BLQYVHBZHAISJM-LSHAIWFFNA-N,-9.067
PGR,m02,mut_s1,detail,1,139,WMDYKLMOCCOUEL-SACSUSJJNA-N,-9.624
PGR,m02,mut_s1,detail,1,140,LEVPVCOKBQEXMQ-MPIMZMORNA-N,-9.266
PGR,m02,mut_s1,detail,1,141,YYDFYJDBXOSJHE-WBMJQRKENA-N,-7.925
PGR,m02,mut_s1,detail,1,142,NFXJPCKVPBXSDH-LQFNOIFHNA-N,-8.517
PGR,m02,mut_s1,detail,1,143,KAUHJCPWWQWSJV-LELJVTLKNA-N,-9.766
PGR,m02,mut_s1,detail,1,144,NVZSQUSTRBKANP-YIVFFDRWNA-N,-8.509
PGR,m02,mut_s1,detail,1,145,WIKNISOFBKUYKR-LBOYIXSDNA-N,-8.493
PGR,m02,mut_s1,detail,1,146,AQIYGSAXYBBKKP-LNNLXFCONA-N,-7.749
PGR,m02,mut_s1,detail,1,147,TWKQKOFHSPYVSG-LQFNOIFHNA-N,-6.651
PGR,m02,mut_s1,detail,1,148,LVWSKXKIFXRKQJ-QWOVJGMINA-N,-8.209
PGR,m02,mut_s1,detail,1,149,BBBUKQRTMPJLSL-FHIWLMNKNA-N,-7.584
PGR,m02,mut_s1,detail,1,150,SCECNMVMCCDVHC-UHFFFAOYNA-N,-9.03
PGR,m02,mut_s1,detail,1,151,OLMVVVWTBFULHB-HXTKINSTNA-N,-11.015
PGR,m02,mut_s1,detail,1,152,BJXFHKHIABEKFL-HXTKINSTNA-N,-6.051
PGR,m02,mut_s1,detail,1,153,GMYAIAZTDBDYGE-UHFFFAOYNA-N,-7.692
PGR,m02,mut_s1,detail,1,154,OMIWVZGQMXEZLZ-UHFFFAOYNA-N,-8.25
PGR,m02,mut_s1,detail,1,155,SFQDUATXFZWGHZ-UHFFFAOYNA-N,-7.103
PGR,m02,mut_s1,detail,1,156,AMRCHQSZZXWZBI-UHFFFAOYNA-N,-6.635
PGR,m02,mut_s1,detail,1,157,PDKBGLXLXHGRIF-UHFFFAOYNA-N,-8.469
PGR,m02,mut_s1,detail,1,158,IMPCJHDDDAGSIP-UHFFFAOYNA-N,-8.92
PGR,m02,mut_s1,detail,1,159,QKASSONCRIQFQE-UHFFFAOYNA-N,-8.663
PGR,m02,mut_s1,detail,1,160,RBPSUSGZEBUPLW-LELJVTLKNA-N,-8.716
PGR,m02,mut_s1,detail,1,161,IZMNNUPSRDMEKL-LICXQBBSNA-N,-7.514
PGR,m02,mut_s1,detail,1,162,PAVNRYHGSYWSPV-MPIMZMORNA-N,-6.791
PGR,m02,mut_s1,detail,1,163,TZXYYVHNWAKJLI-UHFFFAOYNA-N,-8.809
PGR,m02,mut_s1,detail,1,164,HNOCRTTZBPUBHY-UHFFFAOYNA-N,-7.177
PGR,m02,mut_s1,detail,1,165,WMPZPNIPTZCCJK-PKSOQXRJNA-N,-7.018
PGR,m02,mut_s1,detail,1,166,OBPAOULTANNRFC-QWOVJGMINA-N,-7.356
PGR,m02,mut_s1,detail,1,167,UCJOWIKNRBWRAB-UHFFFAOYNA-N,-9.301
PGR,m02,mut_s1,detail,1,168,GFKDVMSTTKOYOX-QCVZTBOQNA-N,-6.882
PGR,m02,mut_s1,detail,1,169,BAEJDWKEKZSULN-UHFFFAOYNA-N,-7.169
PGR,m02,mut_s1,detail,1,170,KZUDVENDSUODSU-LQFNOIFHNA-N,-8.437
PGR,m02,mut_s1,detail,1,171,HBYPDVHGDKCNMT-DVIAZDKANA-N,-7.772
PGR,m02,mut_s1,detail,1,172,PMUHFTCPDVPMRF-LELJVTLKNA-N,-8.431
PGR,m02,mut_s1,detail,1,173,XIYSICLOFPYCTK-ZVWSISBDNA-N,-8.289
PGR,m02,mut_s1,detail,1,174,CFOFCUAQALFPIW-HPRFPMAVNA-N,-8.402
PGR,m02,mut_s1,detail,1,175,ZNBMRULRQJAJNW-IRIILVJRNA-N,-9.044
PGR,m02,mut_s1,detail,1,176,RSQKKNPJKLBGPF-DVIAZDKANA-N,-8.726
PGR,m02,mut_s1,detail,1,177,UIYRVVZHZVHONZ-QWOVJGMINA-N,-8.739
PGR,m02,mut_s1,detail,1,178,RNCGDYFDZJIQTQ-UHFFFAOYNA-N,-9.069
PGR,m02,mut_s1,detail,1,179,QOWFNZNDIAKQKO-QFIPXVFZNA-N,-6.056
PGR,m02,mut_s1,detail,1,180,FIPNXDSUMLBDQK-LQFNOIFHNA-N,-8.608
PGR,m02,mut_s1,detail,1,181,NHFGNUVGTDMGKX-UHFFFAOYNA-N,-8.51
PGR,m02,mut_s1,detail,1,182,RNBGNITZKVUDSK-YFMNGRKDNA-N,-7.128
PGR,m02,mut_s1,detail,1,183,CPEKPARXQVWWJD-IAXKEJLGNA-N,-8.686
PGR,m02,mut_s1,detail,1,184,IEAABJYVWXHFOX-MPIMZMORNA-N,-8.313
PGR,m02,mut_s1,detail,1,185,DSNCXRXGMZSRBV-GOSISDBHNA-N,-9.12
PGR,m02,mut_s1,detail,1,186,DOVTZHSQYCZIIX-MPIMZMORNA-N,-8.58
PGR,m02,mut_s1,detail,1,187,BKYWKCMMWRHBGX-SPEPDGBUNA-N,-9.865
PGR,m02,mut_s1,detail,1,188,MTRHSIOVVWFAOM-MPIMZMORNA-N,-6.902
PGR,m02,mut_s1,detail,1,189,VZLVPTSUFJDRRQ-LELJVTLKNA-N,-6.435
PGR,m02,mut_s1,detail,1,190,FJYPQTWLGSEZAE-UNEGGNDLNA-N,-8.44
PGR,m02,mut_s1,detail,1,191,FOJSFYSVCCQUQP-VVKINWOJNA-N,-8.731
PGR,m02,mut_s1,detail,1,192,SULPKNWDXWJTHQ-GCNJZUOMNA-N,-6.153
PGR,m02,mut_s1,detail,1,193,JTPAQMOUZGIORE-UHFFFAOYNA-N,-9.775
PGR,m02,mut_s1,detail,1,194,KRFPGHLUAFZMRZ-TYOBWDGZNA-N,-6.154
PGR,m02,mut_s1,detail,1,195,TVZGACDUOSZQKY-XBGCRKGSNA-N,-8.352
PGR,m02,mut_s1,detail,1,196,CXDZGSNFZYGQSZ-PKRZOPRNNA-N,-7.31
PGR,m02,mut_s1,detail,1,197,FBZYWIMLLHPUPX-VJSLDGLSNA-N,-6.552
PGR,m02,mut_s1,detail,1,198,HKJNKURRZRPPMK-MDXLESTANA-N,-8.583
PGR,m02,mut_s1,detail,1,199,DVAPEEIVFMOBQW-SLSKDPHBNA-N,-6.846
PGR,m02,mut_s1,detail,1,200,SVDIZPBCTLXSOH-LNNLXFCONA-N,-7.894
PGR,m02,mut_s1,detail,1,201,NDXCWKMYPWRPDY-NUCQJGHSNA-N,-6.022
PGR,m02,mut_s1,detail,1,202,VXHUMLIJAQHWIX-CRNXEPDINA-N,-9.123
PGR,m02,mut_s1,detail,1,203,KBZDVXICPAJAAT-LNNLXFCONA-N,-7.564
PGR,m02,mut_s1,detail,1,204,DVFDTYFATLFXHU-WOPMAMTRNA-N,-8.66
PGR,m02,mut_s1,detail,1,205,WURBKQGAFSESKZ-MPIMZMORNA-N,-7.254
PGR,m02,mut_s1,detail,1,206,LXGVFBXRKSCESU-UWUUZOGGNA-N,-8.922
PGR,m02,mut_s1,detail,1,207,CQWFJACPUQVVQZ-UHFFFAOYNA-N,-7.602
PGR,m02,mut_s1,detail,1,208,FEZAUPQJLJCQHD-XRJCTRHONA-N,-7.714
PGR,m02,mut_s1,detail,1,209,IDKGPACCMPKKQB-LIPPOORTNA-N,-10.601
PGR,m02,mut_s1,detail,1,210,PEPJPELNFRAZNQ-LKHHGCNMNA-N,-6.076
PGR,m02,mut_s1,detail,1,211,GRUWUINXLANFJE-LBOYIXSDNA-N,-7.93
PGR,m02,mut_s1,detail,1,212,RTFGYBAMFJVGHJ-UHFFFAOYNA-N,-8.789
PGR,m02,mut_s1,detail,1,213,LYJNRGFCMLOFNV-HIVOMVAKNA-N,-7.446
PGR,m02,mut_s1,detail,1,214,MKDSWBAEXGFAEE-LBOYIXSDNA-N,-9.273
PGR,m02,mut_s1,detail,1,215,NSLNDONZYBNSFU-ASVXZIMGNA-N,-10.081
PGR,m02,mut_s1,detail,1,216,HUDCDZLLNLJTEW-RBSQRGBYNA-N,-9.637
PGR,m02,mut_s1,detail,1,217,OFRDBFMZCXXKAH-LBOYIXSDNA-N,-9.37
PGR,m02,mut_s1,detail,1,218,NSLGAHAKEFYCED-PELNGNISNA-N,-8.915
PGR,m02,mut_s1,detail,1,219,QLSURSTUZJVSGU-NSJMMFDCNA-N,-9.944
PGR,m02,mut_s1,detail,1,220,CXLYWVWLNDGNIU-VEORKLDJNA-N,-5.35
PGR,m02,mut_s1,detail,1,221,RHIJMDNVEPLDED-UHFFFAOYNA-N,-4.957
PGR,m02,mut_s1,detail,1,222,YNUXXMJVZSTPFZ-CSKMVECVNA-N,-6.936
PGR,m02,mut_s1,detail,1,223,ILWOOGUHZKNTQQ-DNVCBOLYNA-N,-9.665
PGR,m02,mut_s1,detail,1,224,CARWTONHZWZDHZ-XIPNIRHDNA-N,-8.909
PGR,m02,mut_s1,detail,1,225,OSMWANBXVVPETF-HTBVCZPNNA-N,-8.866
PGR,m02,mut_s1,detail,1,226,KCNVHXJEALIYQI-PCRUTULWNA-N,-8.504
PGR,m02,mut_s1,detail,1,227,FPUDFDKQGXUBJA-QQXSKIMKNA-N,-8.868
PGR,m02,mut_s1,detail,1,228,MQWZYEDJGHLFFI-VJSLDGLSNA-N,-8.901
PGR,m02,mut_s1,detail,1,229,YPTIEFMKXZIMKO-LNNLXFCONA-N,-7.403
PGR,m02,mut_s1,detail,1,230,MWIZLUKLQZEFBC-LKHHGCNMNA-N,-8.195
PGR,m02,mut_s1,detail,1,231,PMNZCFDKKKLFHH-LBOYIXSDNA-N,-9.278
PGR,m02,mut_s1,detail,1,232,NELOFNHVEWRSBT-OKPOJWAQNA-N,-8.837
PGR,m02,mut_s1,detail,1,233,VCXACHHEDDVKAY-SREBMQDQNA-N,-10.879
PGR,m02,mut_s1,detail,1,234,KWJVADNYZMUTJY-IPYVVANSNA-N,-9.517
PGR,m02,mut_s1,detail,1,235,LLQAFRKQJAOAMO-XGEXJYLCNA-N,-8.836
PGR,m02,mut_s1,detail,1,236,VCAMVXBSKDFRFE-LNNLXFCONA-N,-7.051
PGR,m02,mut_s1,detail,1,237,QXIHUBWNLRPDRU-UHFFFAOYNA-N,-8.578
PGR,m02,mut_s1,detail,1,238,JUXOLKXMOLRWLC-MPIMZMORNA-N,-7.729
PGR,m02,mut_s1,detail,1,239,SQTIAXOMFTYLLF-QVYQQCQZNA-N,-7.907
PGR,m02,mut_s1,detail,1,240,BJSKDMOWRPAVMK-UHFFFAOYNA-N,-8.93
PGR,m02,mut_s1,detail,1,241,VRQPEWWROOGXLL-VJSLDGLSNA-N,-6.513
PGR,m02,mut_s1,detail,1,242,IXNOFPXGSKSKJH-HXTKINSTNA-N,-9.716
PGR,m02,mut_s1,detail,1,243,BMCFOHNLKRIWMC-UHFFFAOYNA-N,-8.786
PGR,m02,mut_s1,detail,1,244,FLFMKNMHDFIWDB-PJQSKVNONA-N,-10.866
PGR,m02,mut_s1,detail,1,245,JJLXVLWPUFIUBC-IGBJZSFZNA-N,-9.657
PGR,m02,mut_s1,detail,1,246,ZXCSBCTVTJFLOZ-JUEKIJOLNA-N,-7.494
PGR,m02,mut_s1,detail,1,247,LCSLDZZBWHBLFA-UHFFFAOYNA-N,-8.125
PGR,m02,mut_s1,detail,1,248,CAVTYMQSFAIXRJ-AKXZRBJUNA-N,-7.171
PGR,m02,mut_s1,detail,1,249,UFXJYIXRQNBEDW-UHFFFAOYNA-N,-9.053
PGR,m02,mut_s1,detail,1,250,HWIAWSLSCZUKKA-SFHVURJKNA-N,-5.862
PGR,m02,mut_s1,detail,1,251,MYHQHPUWOWUUQI-ZELWXOMMNA-N,-8.775
PGR,m02,mut_s1,detail,1,252,GWNRIUBPBWOQGT-UHFFFAOYNA-N,-9.737
PGR,m02,mut_s1,detail,1,253,YCWRQUXRVNLWEM-LELJVTLKNA-N,-6.714
PGR,m02,mut_s1,detail,1,254,DMRFDXBCAQFSFQ-UYLYIRGYNA-N,-8.513
PGR,m02,mut_s1,detail,1,255,XCZDGLYGEYYXKS-UWLQQCCWNA-N,-8.13
PGR,m03,mut_s1,detail,1,0,UDJUXZQGNCUDQR-LILDFLRNNA-N,-8.075
PGR,m03,mut_s1,detail,1,1,GANVJBSNVYJUKL-UHFFFAOYNA-N,-6.442
PGR,m03,mut_s1,detail,1,2,RUBHNPNCPXGKIE-YAQRNVERNA-N,-6.297
PGR,m03,mut_s1,detail,1,3,JYSICDMWNXGPIM-XLPACQNMNA-N,-7.084
PGR,m03,mut_s1,detail,1,4,KZDPKDSPDUVHGB-GAJRPKRDNA-N,-7.059
PGR,m03,mut_s1,detail,1,5,GQKJQNXSSQKJGW-HCKMINDGNA-N,-7.811
PGR,m03,mut_s1,detail,1,6,HJRUOZFNPQVNSF-MNIXEANVNA-N,-7.841
PGR,m03,mut_s1,detail,1,7,ALUOSUMBVMLDKR-UHFFFAOYNA-N,-8.721
PGR,m03,mut_s1,detail,1,8,QMQNUSSPTHZCGT-UYBDAZJANA-N,-8.055
PGR,m03,mut_s1,detail,1,9,UEZBMIQIUOTBJT-UYBDAZJANA-N,-8.363
PGR,m03,mut_s1,detail,1,10,ICZZTNOOMSQNCH-UHFFFAOYNA-N,-7.689
PGR,m03,mut_s1,detail,1,11,AMOFQKAIXTYZIZ-NPVYFSBINA-N,-7.347
PGR,m03,mut_s1,detail,1,12,IZOPLHPCKOSQQN-UHFFFAOYNA-N,-8.234
PGR,m03,mut_s1,detail,1,13,OFZZZJLWPKOLIX-GPQMBLKYNA-N,-8.012
PGR,m03,mut_s1,detail,1,14,BXADTFNFCCRMQU-UHFFFAOYNA-N,-6.432
PGR,m03,mut_s1,detail,1,15,PKQDOSZHMAIBHQ-GPQMBLKYNA-N,-8.024
PGR,m03,mut_s1,detail,1,16,JLTFAWOGGLXAFU-UHFFFAOYNA-N,-6.491
PGR,m03,mut_s1,detail,1,17,QYACKAORZRQPTE-UHFFFAOYNA-N,-6.861
PGR,m03,mut_s1,detail,1,18,FFJKVRCOUHEYOK-YAQRNVERNA-N,-6.788
PGR,m03,mut_s1,detail,1,19,MFTSRMJYWLCCSA-GHRIWEEINA-N,-8.58
PGR,m03,mut_s1,detail,1,20,NDRMSISLKTZBKD-HCKMINDGNA-N,-7.224
PGR,m03,mut_s1,detail,1,21,APGSUVBRVVNRPJ-UHFFFAOYNA-N,-7.613
PGR,m03,mut_s1,detail,1,22,MTIGVNBPQVLRLS-XQMQJMAZNA-N,-6.621
PGR,m03,mut_s1,detail,1,23,WIWDZNZJLUFUSQ-GSIAOYINNA-N,-8.141
PGR,m03,mut_s1,detail,1,24,WVJSLMIKTFBTBO-WVMALLHKNA-N,-7.355
PGR,m03,mut_s1,detail,1,25,QASCAWSPAPUKDI-UHFFFAOYNA-N,-8.085
PGR,m03,mut_s1,detail,1,26,WJZNKICGQZGRPQ-YHMJCDSINA-N,-5.964
PGR,m03,mut_s1,detail,1,27,ACKCEYIVRXUHDK-HCKMINDGNA-N,-7.957
PGR,m03,mut_s1,detail,1,28,GXKXWCKNQMYETG-UHFFFAOYNA-N,-7.631
PGR,m03,mut_s1,detail,1,29,QGTKEDSQUDRCEG-UHFFFAOYNA-N,-6.809
PGR,m03,mut_s1,detail,1,30,NYJUJIFSIDORSZ-LILDFLRNNA-N,-8.433
PGR,m03,mut_s1,detail,1,31,SCGGVBDHUNVGKR-VRGMUVNCNA-N,-8.786
PGR,m03,mut_s1,detail,1,32,ZWGVKWPZYUUFSB-YAQRNVERNA-N,-7.494
PGR,m03,mut_s1,detail,1,33,BCTONXHZFGFJIT-UHFFFAOYNA-N,-8.287
PGR,m03,mut_s1,detail,1,34,BIZAQLNMDJHGTL-HCKMINDGNA-N,-7.664
PGR,m03,mut_s1,detail,1,35,KZFYAEKGSRGKDQ-GPQMBLKYNA-N,-7.671
PGR,m03,mut_s1,detail,1,36,REZYNFOIWKOLBD-UHFFFAOYNA-N,-6.687
PGR,m03,mut_s1,detail,1,37,SDKQIECEJUFKHI-MUSVCJDDNA-N,-7.72
PGR,m03,mut_s1,detail,1,38,XUJSYVYKXBOYJP-JTQLQIEINA-N,-7.627
PGR,m03,mut_s1,detail,1,39,NVHKWMBHTXQWRP-NSFCMMSCNA-N,-7.072
PGR,m03,mut_s1,detail,1,40,AHYPQQDJTFMEJW-VGOFMYFVNA-N,-7.031
PGR,m03,mut_s1,detail,1,41,BGRJTUBHPOOWDU-QDYITYEQNA-N,-7.314
PGR,m03,mut_s1,detail,1,42,KJQORRCKEQRHKP-UHFFFAOYNA-N,-9.005
PGR,m03,mut_s1,detail,1,43,SJFPWWYCPGONOM-UHFFFAOYNA-N,-7.075
PGR,m03,mut_s1,detail,1,44,VEZJRJGLFIXQHG-KJQBJTEXNA-N,-7.743
PGR,m03,mut_s1,detail,1,45,VQXJTNXJSNLNEM-WYUMXYHSNA-N,-7.759
PGR,m03,mut_s1,detail,1,46,RWCDZKHBJGXNQH-UHFFFAOYNA-N,-7.755
PGR,m03,mut_s1,detail,1,47,JXOHPGXCMHDJOH-XQMQJMAZNA-N,-7.408
PGR,m03,mut_s1,detail,1,48,XNBZHZUOHMKIBH-UHFFFAOYNA-N,-7.294
PGR,m03,mut_s1,detail,1,49,VTEXVGQDUYFTHA-UHFFFAOYNA-N,-6.175
PGR,m03,mut_s1,detail,1,50,IUJLOAKJZQBENM-UHFFFAOYNA-N,-6.066
PGR,m03,mut_s1,detail,1,51,QHULAWVSDWNAPE-UHFFFAOYNA-N,-6.987
PGR,m03,mut_s1,detail,1,52,VGJKJRWFEYUOMP-YAQRNVERNA-N,-6.728
PGR,m03,mut_s1,detail,1,53,DDCFZIXVFUZWLX-UHFFFAOYNA-N,-7.534
PGR,m03,mut_s1,detail,1,54,OTCRWFSKWBSBLF-UHFFFAOYNA-N,-6.579
PGR,m03,mut_s1,detail,1,55,YFYMHQPNOSTLFF-XQMQJMAZNA-N,-7.329
PGR,m03,mut_s1,detail,1,56,DYMQNLJFFJCVBA-UHFFFAOYNA-N,-6.385
PGR,m03,mut_s1,detail,1,57,QERUYJGOUSNCOY-YHMJCDSINA-N,-6.991
PGR,m03,mut_s1,detail,1,58,VBKFPTDUXZKHJG-VNHYZAJKNA-N,-7.31
PGR,m03,mut_s1,detail,1,59,ZBEDJPDEINGEHM-UHFFFAOYNA-N,-5.704
PGR,m03,mut_s1,detail,1,60,LIEZHLXUCGSNOU-UHFFFAOYNA-N,-7.773
PGR,m03,mut_s1,detail,1,61,RROQODCMZSASRX-UHFFFAOYNA-N,-6.114
PGR,m03,mut_s1,detail,1,62,BPMAVTHRQBBTNZ-UYBDAZJANA-N,-8.181
PGR,m03,mut_s1,detail,1,63,ATKWLNSCJYLXPF-FICVDOATNA-N,-8.323
PGR,m03,mut_s1,detail,1,64,RLUBDGBLOPBNLZ-UHFFFAOYNA-N,-8.786
PGR,m03,mut_s1,detail,1,65,UVERTHXHNQWOMX-UHFFFAOYNA-N,-8.011
PGR,m03,mut_s1,detail,1,66,BPFYGTYAFCVUAQ-QWOVJGMINA-N,-8.244
PGR,m03,mut_s1,detail,1,67,ZODJKQULMZCUCT-PKSOQXRJNA-N,-7.99
PGR,m03,mut_s1,detail,1,68,WEZGTMJXSVLNML-MPIMZMORNA-N,-8.955
PGR,m03,mut_s1,detail,1,69,IGZPSIOZEAIYTH-UHFFFAOYNA-N,-8.511
PGR,m03,mut_s1,detail,1,70,YRVFOAARONPYKD-UHFFFAOYNA-N,-9.227
PGR,m03,mut_s1,detail,1,71,ZESNJJBGEWLRGV-KAKWUFLPNA-N,-8.8
PGR,m03,mut_s1,detail,1,72,PYCBHJYHBUOUCW-PKSOQXRJNA-N,-7.983
PGR,m03,mut_s1,detail,1,73,ABPSNZWEZWHADJ-GPQMBLKYNA-N,-7.944
PGR,m03,mut_s1,detail,1,74,WXDJXWILXCCWRK-UHFFFAOYNA-N,-7.898
PGR,m03,mut_s1,detail,1,75,VCRWHFFSQUYIOM-DDCYPFOINA-N,-6.83
PGR,m03,mut_s1,detail,1,76,JANVEQMYWYPFNU-RTAVDJSLNA-N,-6.773
PGR,m03,mut_s1,detail,1,77,IQLYJZGQMYCKRA-QWOVJGMINA-N,-8.576
PGR,m03,mut_s1,detail,1,78,CTAZJMUKYKCOMY-HVXXBKQBNA-N,-7.359
PGR,m03,mut_s1,detail,1,79,FXRIMHMLPNSELN-XBTAAFKLNA-N,-8.531
PGR,m03,mut_s1,detail,1,80,GEUQUSZFVWZXJI-UHFFFAOYNA-N,-8.495
PGR,m03,mut_s1,detail,1,81,AFGXLUJVZOJZCS-DVIAZDKANA-N,-7.754
PGR,m03,mut_s1,detail,1,82,QPNICESGZANARJ-MPIMZMORNA-N,-8.458
PGR,m03,mut_s1,detail,1,83,QFHCJULFNFFSDD-MPIMZMORNA-N,-8.319
PGR,m03,mut_s1,detail,1,84,MABJRAVWPUIQDD-GPQMBLKYNA-N,-7.171
PGR,m03,mut_s1,detail,1,85,KEULGNACOIQOLD-LILDFLRNNA-N,-7.699
PGR,m03,mut_s1,detail,1,86,PHUKSBWGYBHYCM-ZANVPECINA-N,-8.121
PGR,m03,mut_s1,detail,1,87,VBFJSECKEUOBIV-UYBDAZJANA-N,-7.283
PGR,m03,mut_s1,detail,1,88,VKOJWPSHQQXTMQ-AWQFTUOYNA-N,-8.864
PGR,m03,mut_s1,detail,1,89,WGGCYQHFLWUGKK-LNNLXFCONA-N,-10.029
PGR,m03,mut_s1,detail,1,90,SEESZUWDWXYFGB-HUUCEWRRNA-N,-7.598
PGR,m03,mut_s1,detail,1,91,SAOIUZZZCRDJIE-UYBDAZJANA-N,-8.205
PGR,m03,mut_s1,detail,1,92,LCZXUQMWBHAHOF-PKSOQXRJNA-N,-8.173
PGR,m03,mut_s1,detail,1,93,HJZRMYRSMHLBMM-UHFFFAOYNA-N,-7.51
PGR,m03,mut_s1,detail,1,94,NYIAMZTVDFGSMO-UHFFFAOYNA-N,-8.543
PGR,m03,mut_s1,detail,1,95,PBGALVWBACEVEC-QWOVJGMINA-N,-8.955
PGR,m03,mut_s1,detail,1,96,DDCGYKUGMMDSDD-PKSOQXRJNA-N,-8.153
PGR,m03,mut_s1,detail,1,97,IIROHAHLTGYHGV-UYBDAZJANA-N,-8.511
PGR,m03,mut_s1,detail,1,98,IQJXWGCMCSFZHI-LQFNOIFHNA-N,-9.662
PGR,m03,mut_s1,detail,1,99,OPSKQPYXZASNGA-QWOVJGMINA-N,-7.42
PGR,m03,mut_s1,detail,1,100,COHPEUUUDGXEPG-MPIMZMORNA-N,-7.925
PGR,m03,mut_s1,detail,1,101,LCLQRXYSCAZUJT-PKSOQXRJNA-N,-7.431
PGR,m03,mut_s1,detail,1,102,DMWUHECJQADMOM-PKSOQXRJNA-N,-7.77
PGR,m03,mut_s1,detail,1,103,RINYNDHGPMMUPG-UYBDAZJANA-N,-7.872
PGR,m03,mut_s1,detail,1,104,GWFMSEYHCOCBEH-UYBDAZJANA-N,-7.683
PGR,m03,mut_s1,detail,1,105,ZSYYKQAVTXERHH-LILDFLRNNA-N,-7.035
PGR,m03,mut_s1,detail,1,106,RFGLZFMBWWKYGX-UHFFFAOYNA-N,-8.063
PGR,m03,mut_s1,detail,1,107,ZCFXIPSPKDGCHW-HSJCKIQZNA-N,-7.012
PGR,m03,mut_s1,detail,1,108,OJBRUITYMUOMQJ-UYBDAZJANA-N,-7.781
PGR,m03,mut_s1,detail,1,109,QRQQRMCYDJTOMZ-IHYGWTSJNA-N,-9.105
PGR,m03,mut_s1,detail,1,110,UZYHGPCXMSFTKE-NPQUBYNZNA-N,-7.364
PGR,m03,mut_s1,detail,1,111,FKRLYCLDDLGGPB-HCKMINDGNA-N,-7.321
PGR,m03,mut_s1,detail,1,112,SJUXHCSNSGLKJD-UYBDAZJANA-N,-7.549
PGR,m03,mut_s1,detail,1,113,MDJMMLITJGVNQI-LILDFLRNNA-N,-8.076
PGR,m03,mut_s1,detail,1,114,LAKWSLSTUWRCOM-UHFFFAOYNA-N,-9.013
PGR,m03,mut_s1,detail,1,115,RZYYWEWDCWHDNZ-PKSOQXRJNA-N,-7.004
PGR,m03,mut_s1,detail,1,116,KSTQHOAVVBOECJ-PKSOQXRJNA-N,-7.2
PGR,m03,mut_s1,detail,1,117,LTBODPBDLZJCLH-UHFFFAOYNA-N,-9.197
PGR,m03,mut_s1,detail,1,118,YNPHZUYBOQPWKQ-UYBDAZJANA-N,-7.62
PGR,m03,mut_s1,detail,1,119,TZYCJGJZUSVUSB-UHFFFAOYNA-N,-6.939
PGR,m03,mut_s1,detail,1,120,YDEMTQMAWLEDQT-HPHMPNDVNA-N,-6.379
PGR,m03,mut_s1,detail,1,121,JJTMKAVMZRVHFW-JZJYNLBNNA-N,-8.194
PGR,m03,mut_s1,detail,1,122,UQILDYXMCYUCGV-MPIMZMORNA-N,-7.052
PGR,m03,mut_s1,detail,1,123,LRULJABSRXBARK-PKSOQXRJNA-N,-8.199
PGR,m03,mut_s1,detail,1,124,FDGMHVXFEWDBLE-GZNJHTOZNA-N,-7.808
PGR,m03,mut_s1,detail,1,125,MDPXBTVEVMPBMF-MRSUPTMINA-N,-8.492
PGR,m03,mut_s1,detail,1,126,PRDMNBQAHOVKAV-UHFFFAOYNA-N,-9.842
PGR,m03,mut_s1,detail,1,127,OBAYJABSUJXLMA-HCKMINDGNA-N,-7.716
PGR,m03,mut_s1,detail,1,128,HLMWKCMXNWJGGO-VNHAUOCNNA-N,-6.592
PGR,m03,mut_s1,detail,1,129,ZWXZFCRRFQRJPF-QWOVJGMINA-N,-8.937
PGR,m03,mut_s1,detail,1,130,IXUSJKAERUMZME-NBNNRKRINA-N,-8.296
PGR,m03,mut_s1,detail,1,131,WDVACORMOUBMRH-NPQUBYNZNA-N,-7.524
PGR,m03,mut_s1,detail,1,132,UXLJJGBAQOYQMV-UHFFFAOYNA-N,-7.565
PGR,m03,mut_s1,detail,1,133,RWPNUXJCHLIEDT-UHFFFAOYNA-N,-7.959
PGR,m03,mut_s1,detail,1,134,BTCLKPCIIFOYHE-KRMNUSLJNA-N,-8.072
PGR,m03,mut_s1,detail,1,135,IGYZXGKFEXFDBK-SPEPDGBUNA-N,-10.021
PGR,m03,mut_s1,detail,1,136,RUKFQFDSWPNHGL-LNNLXFCONA-N,-7.937
PGR,m03,mut_s1,detail,1,137,QTHMBVGZTPOODZ-FVJBVQDQNA-N,-8.023
PGR,m03,mut_s1,detail,1,138,BLQYVHBZHAISJM-LSHAIWFFNA-N,-9.15
PGR,m03,mut_s1,detail,1,139,WMDYKLMOCCOUEL-SACSUSJJNA-N,-8.6
PGR,m03,mut_s1,detail,1,140,LEVPVCOKBQEXMQ-MPIMZMORNA-N,-9.206
PGR,m03,mut_s1,detail,1,141,YYDFYJDBXOSJHE-WBMJQRKENA-N,-6.355
PGR,m03,mut_s1,detail,1,142,NFXJPCKVPBXSDH-LQFNOIFHNA-N,-8.872
PGR,m03,mut_s1,detail,1,143,KAUHJCPWWQWSJV-LELJVTLKNA-N,-6.992
PGR,m03,mut_s1,detail,1,144,NVZSQUSTRBKANP-YIVFFDRWNA-N,-8.725
PGR,m03,mut_s1,detail,1,145,WIKNISOFBKUYKR-LBOYIXSDNA-N,-8.804
PGR,m03,mut_s1,detail,1,146,AQIYGSAXYBBKKP-LNNLXFCONA-N,-8.314
PGR,m03,mut_s1,detail,1,147,TWKQKOFHSPYVSG-LQFNOIFHNA-N,-7.98
PGR,m03,mut_s1,detail,1,148,LVWSKXKIFXRKQJ-QWOVJGMINA-N,-8.298
PGR,m03,mut_s1,detail,1,149,BBBUKQRTMPJLSL-FHIWLMNKNA-N,-8.527
PGR,m03,mut_s1,detail,1,150,SCECNMVMCCDVHC-UHFFFAOYNA-N,-8.563
PGR,m03,mut_s1,detail,1,151,OLMVVVWTBFULHB-HXTKINSTNA-N,-8.831
PGR,m03,mut_s1,detail,1,152,BJXFHKHIABEKFL-HXTKINSTNA-N,-6.298
PGR,m03,mut_s1,detail,1,153,GMYAIAZTDBDYGE-UHFFFAOYNA-N,-8.499
PGR,m03,mut_s1,detail,1,154,OMIWVZGQMXEZLZ-UHFFFAOYNA-N,-9.579
PGR,m03,mut_s1,detail,1,155,SFQDUATXFZWGHZ-UHFFFAOYNA-N,-6.974
PGR,m03,mut_s1,detail,1,156,AMRCHQSZZXWZBI-UHFFFAOYNA-N,-7.179
PGR,m03,mut_s1,detail,1,157,PDKBGLXLXHGRIF-UHFFFAOYNA-N,-7.844
PGR,m03,mut_s1,detail,1,158,IMPCJHDDDAGSIP-UHFFFAOYNA-N,-8.097
PGR,m03,mut_s1,detail,1,159,QKASSONCRIQFQE-UHFFFAOYNA-N,-8.658
PGR,m03,mut_s1,detail,1,160,RBPSUSGZEBUPLW-LELJVTLKNA-N,-10.235
PGR,m03,mut_s1,detail,1,161,IZMNNUPSRDMEKL-LICXQBBSNA-N,-8.076
PGR,m03,mut_s1,detail,1,162,PAVNRYHGSYWSPV-MPIMZMORNA-N,-6.593
PGR,m03,mut_s1,detail,1,163,TZXYYVHNWAKJLI-UHFFFAOYNA-N,-8.768
PGR,m03,mut_s1,detail,1,164,HNOCRTTZBPUBHY-UHFFFAOYNA-N,-9.605
PGR,m03,mut_s1,detail,1,165,WMPZPNIPTZCCJK-PKSOQXRJNA-N,-7.031
PGR,m03,mut_s1,detail,1,166,OBPAOULTANNRFC-QWOVJGMINA-N,-7.481
PGR,m03,mut_s1,detail,1,167,UCJOWIKNRBWRAB-UHFFFAOYNA-N,-8.93
PGR,m03,mut_s1,detail,1,168,GFKDVMSTTKOYOX-QCVZTBOQNA-N,-8.545
PGR,m03,mut_s1,detail,1,169,BAEJDWKEKZSULN-UHFFFAOYNA-N,-7.152
PGR,m03,mut_s1,detail,1,170,KZUDVENDSUODSU-LQFNOIFHNA-N,-8.277
PGR,m03,mut_s1,detail,1,171,HBYPDVHGDKCNMT-DVIAZDKANA-N,-8.844
PGR,m03,mut_s1,detail,1,172,PMUHFTCPDVPMRF-LELJVTLKNA-N,-7.403
PGR,m03,mut_s1,detail,1,173,XIYSICLOFPYCTK-ZVWSISBDNA-N,-8.503
PGR,m03,mut_s1,detail,1,174,CFOFCUAQALFPIW-HPRFPMAVNA-N,-8.494
PGR,m03,mut_s1,detail,1,175,ZNBMRULRQJAJNW-IRIILVJRNA-N,-9.081
PGR,m03,mut_s1,detail,1,176,RSQKKNPJKLBGPF-DVIAZDKANA-N,-7.45
PGR,m03,mut_s1,detail,1,177,UIYRVVZHZVHONZ-QWOVJGMINA-N,-8.585
PGR,m03,mut_s1,detail,1,178,RNCGDYFDZJIQTQ-UHFFFAOYNA-N,-9.345
PGR,m03,mut_s1,detail,1,179,QOWFNZNDIAKQKO-QFIPXVFZNA-N,-7.944
PGR,m03,mut_s1,detail,1,180,FIPNXDSUMLBDQK-LQFNOIFHNA-N,-8.484
PGR,m03,mut_s1,detail,1,181,NHFGNUVGTDMGKX-UHFFFAOYNA-N,-7.693
PGR,m03,mut_s1,detail,1,182,RNBGNITZKVUDSK-YFMNGRKDNA-N,-6.61
PGR,m03,mut_s1,detail,1,183,CPEKPARXQVWWJD-IAXKEJLGNA-N,-8.592
PGR,m03,mut_s1,detail,1,184,IEAABJYVWXHFOX-MPIMZMORNA-N,-8.28
PGR,m03,mut_s1,detail,1,185,DSNCXRXGMZSRBV-GOSISDBHNA-N,-8.865
PGR,m03,mut_s1,detail,1,186,DOVTZHSQYCZIIX-MPIMZMORNA-N,-8.251
PGR,m03,mut_s1,detail,1,187,BKYWKCMMWRHBGX-SPEPDGBUNA-N,-9.777
PGR,m03,mut_s1,detail,1,188,MTRHSIOVVWFAOM-MPIMZMORNA-N,-7.269
PGR,m03,mut_s1,detail,1,189,VZLVPTSUFJDRRQ-LELJVTLKNA-N,-8.619
PGR,m03,mut_s1,detail,1,190,FJYPQTWLGSEZAE-UNEGGNDLNA-N,-8.906
PGR,m03,mut_s1,detail,1,191,FOJSFYSVCCQUQP-VVKINWOJNA-N,-8.785
PGR,m03,mut_s1,detail,1,192,SULPKNWDXWJTHQ-GCNJZUOMNA-N,-6.28
PGR,m03,mut_s1,detail,1,193,JTPAQMOUZGIORE-UHFFFAOYNA-N,-9.395
PGR,m03,mut_s1,detail,1,194,KRFPGHLUAFZMRZ-TYOBWDGZNA-N,-9.469
PGR,m03,mut_s1,detail,1,195,TVZGACDUOSZQKY-XBGCRKGSNA-N,-7.776
PGR,m03,mut_s1,detail,1,196,CXDZGSNFZYGQSZ-PKRZOPRNNA-N,-9.633
PGR,m03,mut_s1,detail,1,197,FBZYWIMLLHPUPX-VJSLDGLSNA-N,-6.063
PGR,m03,mut_s1,detail,1,198,HKJNKURRZRPPMK-MDXLESTANA-N,-7.861
PGR,m03,mut_s1,detail,1,199,DVAPEEIVFMOBQW-SLSKDPHBNA-N,-6.757
PGR,m03,mut_s1,detail,1,200,SVDIZPBCTLXSOH-LNNLXFCONA-N,-9.211
PGR,m03,mut_s1,detail,1,201,NDXCWKMYPWRPDY-NUCQJGHSNA-N,-7.419
PGR,m03,mut_s1,detail,1,202,VXHUMLIJAQHWIX-CRNXEPDINA-N,-8.643
PGR,m03,mut_s1,detail,1,203,KBZDVXICPAJAAT-LNNLXFCONA-N,-8.099
PGR,m03,mut_s1,detail,1,204,DVFDTYFATLFXHU-WOPMAMTRNA-N,-7.758
PGR,m03,mut_s1,detail,1,205,WURBKQGAFSESKZ-MPIMZMORNA-N,-8.273
PGR,m03,mut_s1,detail,1,206,LXGVFBXRKSCESU-UWUUZOGGNA-N,-9.858
PGR,m03,mut_s1,detail,1,207,CQWFJACPUQVVQZ-UHFFFAOYNA-N,-7.354
PGR,m03,mut_s1,detail,1,208,FEZAUPQJLJCQHD-XRJCTRHONA-N,-7.124
PGR,m03,mut_s1,detail,1,209,IDKGPACCMPKKQB-LIPPOORTNA-N,-9.466
PGR,m03,mut_s1,detail,1,210,PEPJPELNFRAZNQ-LKHHGCNMNA-N,-8.409
PGR,m03,mut_s1,detail,1,211,GRUWUINXLANFJE-LBOYIXSDNA-N,-8.331
PGR,m03,mut_s1,detail,1,212,RTFGYBAMFJVGHJ-UHFFFAOYNA-N,-7.629
PGR,m03,mut_s1,detail,1,213,LYJNRGFCMLOFNV-HIVOMVAKNA-N,-8.555
PGR,m03,mut_s1,detail,1,214,MKDSWBAEXGFAEE-LBOYIXSDNA-N,-8.89
PGR,m03,mut_s1,detail,1,215,NSLNDONZYBNSFU-ASVXZIMGNA-N,-8.141
PGR,m03,mut_s1,detail,1,216,HUDCDZLLNLJTEW-RBSQRGBYNA-N,-8.523
PGR,m03,mut_s1,detail,1,217,OFRDBFMZCXXKAH-LBOYIXSDNA-N,-8.431
PGR,m03,mut_s1,detail,1,218,NSLGAHAKEFYCED-PELNGNISNA-N,-8.094
PGR,m03,mut_s1,detail,1,219,QLSURSTUZJVSGU-NSJMMFDCNA-N,-8.813
PGR,m03,mut_s1,detail,1,220,CXLYWVWLNDGNIU-VEORKLDJNA-N,-4.792
PGR,m03,mut_s1,detail,1,221,RHIJMDNVEPLDED-UHFFFAOYNA-N,-10.249
PGR,m03,mut_s1,detail,1,222,YNUXXMJVZSTPFZ-CSKMVECVNA-N,-6.957
PGR,m03,mut_s1,detail,1,223,ILWOOGUHZKNTQQ-DNVCBOLYNA-N,-9.074
PGR,m03,mut_s1,detail,1,224,CARWTONHZWZDHZ-XIPNIRHDNA-N,-8.324
PGR,m03,mut_s1,detail,1,225,OSMWANBXVVPETF-HTBVCZPNNA-N,-7.755
PGR,m03,mut_s1,detail,1,226,KCNVHXJEALIYQI-PCRUTULWNA-N,-7.234
PGR,m03,mut_s1,detail,1,227,FPUDFDKQGXUBJA-QQXSKIMKNA-N,-8.749
PGR,m03,mut_s1,detail,1,228,MQWZYEDJGHLFFI-VJSLDGLSNA-N,-10.587
PGR,m03,mut_s1,detail,1,229,YPTIEFMKXZIMKO-LNNLXFCONA-N,-10.107
PGR,m03,mut_s1,detail,1,230,MWIZLUKLQZEFBC-LKHHGCNMNA-N,-9.127
PGR,m03,mut_s1,detail,1,231,PMNZCFDKKKLFHH-LBOYIXSDNA-N,-9.716
PGR,m03,mut_s1,detail,1,232,NELOFNHVEWRSBT-OKPOJWAQNA-N,-7.996
PGR,m03,mut_s1,detail,1,233,VCXACHHEDDVKAY-SREBMQDQNA-N,-9.232
PGR,m03,mut_s1,detail,1,234,KWJVADNYZMUTJY-IPYVVANSNA-N,-9.014
PGR,m03,mut_s1,detail,1,235,LLQAFRKQJAOAMO-XGEXJYLCNA-N,-8.033
PGR,m03,mut_s1,detail,1,236,VCAMVXBSKDFRFE-LNNLXFCONA-N,-8.33
PGR,m03,mut_s1,detail,1,237,QXIHUBWNLRPDRU-UHFFFAOYNA-N,-7.702
PGR,m03,mut_s1,detail,1,238,JUXOLKXMOLRWLC-MPIMZMORNA-N,-8.372
PGR,m03,mut_s1,detail,1,239,SQTIAXOMFTYLLF-QVYQQCQZNA-N,-7.715
PGR,m03,mut_s1,detail,1,240,BJSKDMOWRPAVMK-UHFFFAOYNA-N,-9.858
PGR,m03,mut_s1,detail,1,241,VRQPEWWROOGXLL-VJSLDGLSNA-N,-7.605
PGR,m03,mut_s1,detail,1,242,IXNOFPXGSKSKJH-HXTKINSTNA-N,-9.377
PGR,m03,mut_s1,detail,1,243,BMCFOHNLKRIWMC-UHFFFAOYNA-N,-8.094
PGR,m03,mut_s1,detail,1,244,FLFMKNMHDFIWDB-PJQSKVNONA-N,-10.341
PGR,m03,mut_s1,detail,1,245,JJLXVLWPUFIUBC-IGBJZSFZNA-N,-9.627
PGR,m03,mut_s1,detail,1,246,ZXCSBCTVTJFLOZ-JUEKIJOLNA-N,-7.834
PGR,m03,mut_s1,detail,1,247,LCSLDZZBWHBLFA-UHFFFAOYNA-N,-7.617
PGR,m03,mut_s1,detail,1,248,CAVTYMQSFAIXRJ-AKXZRBJUNA-N,-9.53
PGR,m03,mut_s1,detail,1,249,UFXJYIXRQNBEDW-UHFFFAOYNA-N,-8.835
PGR,m03,mut_s1,detail,1,250,HWIAWSLSCZUKKA-SFHVURJKNA-N,-8.191
PGR,m03,mut_s1,detail,1,251,MYHQHPUWOWUUQI-ZELWXOMMNA-N,-8.621
PGR,m03,mut_s1,detail,1,252,GWNRIUBPBWOQGT-UHFFFAOYNA-N,-9.384
PGR,m03,mut_s1,detail,1,253,YCWRQUXRVNLWEM-LELJVTLKNA-N,-6.693
PGR,m03,mut_s1,detail,1,254,DMRFDXBCAQFSFQ-UYLYIRGYNA-N,-9.139
PGR,m03,mut_s1,detail,1,255,XCZDGLYGEYYXKS-UWLQQCCWNA-N,-7.194
PGR,m04,mut_s1,detail,1,0,UDJUXZQGNCUDQR-LILDFLRNNA-N,-8.45
PGR,m04,mut_s1,detail,1,1,GANVJBSNVYJUKL-UHFFFAOYNA-N,-6.722
PGR,m04,mut_s1,detail,1,2,RUBHNPNCPXGKIE-YAQRNVERNA-N,-6.53
PGR,m04,mut_s1,detail,1,3,JYSICDMWNXGPIM-XLPACQNMNA-N,-6.849
PGR,m04,mut_s1,detail,1,4,KZDPKDSPDUVHGB-GAJRPKRDNA-N,-7.23
PGR,m04,mut_s1,detail,1,5,GQKJQNXSSQKJGW-HCKMINDGNA-N,-7.951
PGR,m04,mut_s1,detail,1,6,HJRUOZFNPQVNSF-MNIXEANVNA-N,-8.764
PGR,m04,mut_s1,detail,1,7,ALUOSUMBVMLDKR-UHFFFAOYNA-N,-9.218
PGR,m04,mut_s1,detail,1,8,QMQNUSSPTHZCGT-UYBDAZJANA-N,-8.474
PGR,m04,mut_s1,detail,1,9,UEZBMIQIUOTBJT-UYBDAZJANA-N,-8.806
PGR,m04,mut_s1,detail,1,10,ICZZTNOOMSQNCH-UHFFFAOYNA-N,-9.452
PGR,m04,mut_s1,detail,1,11,AMOFQKAIXTYZIZ-NPVYFSBINA-N,-7.823
PGR,m04,mut_s1,detail,1,12,IZOPLHPCKOSQQN-UHFFFAOYNA-N,-8.827
PGR,m04,mut_s1,detail,1,13,OFZZZJLWPKOLIX-GPQMBLKYNA-N,-8.364
PGR,m04,mut_s1,detail,1,14,BXADTFNFCCRMQU-UHFFFAOYNA-N,-6.679
PGR,m04,mut_s1,detail,1,15,PKQDOSZHMAIBHQ-GPQMBLKYNA-N,-8.478
PGR,m04,mut_s1,detail,1,16,JLTFAWOGGLXAFU-UHFFFAOYNA-N,-7.525
PGR,m04,mut_s1,detail,1,17,QYACKAORZRQPTE-UHFFFAOYNA-N,-6.777
PGR,m04,mut_s1,detail,1,18,FFJKVRCOUHEYOK-YAQRNVERNA-N,-7.005
PGR,m04,mut_s1,detail,1,19,MFTSRMJYWLCCSA-GHRIWEEINA-N,-9.065
PGR,m04,mut_s1,detail,1,20,NDRMSISLKTZBKD-HCKMINDGNA-N,-7.602
PGR,m04,mut_s1,detail,1,21,APGSUVBRVVNRPJ-UHFFFAOYNA-N,-8.852
PGR,m04,mut_s1,detail,1,22,MTIGVNBPQVLRLS-XQMQJMAZNA-N,-6.752
PGR,m04,mut_s1,detail,1,23,WIWDZNZJLUFUSQ-GSIAOYINNA-N,-7.654
PGR,m04,mut_s1,detail,1,24,WVJSLMIKTFBTBO-WVMALLHKNA-N,-8.002
PGR,m04,mut_s1,detail,1,25,QASCAWSPAPUKDI-UHFFFAOYNA-N,-9.039
PGR,m04,mut_s1,detail,1,26,WJZNKICGQZGRPQ-YHMJCDSINA-N,-6.069
PGR,m04,mut_s1,detail,1,27,ACKCEYIVRXUHDK-HCKMINDGNA-N,-8.216
PGR,m04,mut_s1,detail,1,28,GXKXWCKNQMYETG-UHFFFAOYNA-N,-8.392
PGR,m04,mut_s1,detail,1,29,QGTKEDSQUDRCEG-UHFFFAOYNA-N,-7.187
PGR,m04,mut_s1,detail,1,30,NYJUJIFSIDORSZ-LILDFLRNNA-N,-8.832
PGR,m04,mut_s1,detail,1,31,SCGGVBDHUNVGKR-VRGMUVNCNA-N,-9.161
PGR,m04,mut_s1,detail,1,32,ZWGVKWPZYUUFSB-YAQRNVERNA-N,-7.657
PGR,m04,mut_s1,detail,1,33,BCTONXHZFGFJIT-UHFFFAOYNA-N,-8.903
PGR,m04,mut_s1,detail,1,34,BIZAQLNMDJHGTL-HCKMINDGNA-N,-8.217
PGR,m04,mut_s1,detail,1,35,KZFYAEKGSRGKDQ-GPQMBLKYNA-N,-8.152
PGR,m04,mut_s1,detail,1,36,REZYNFOIWKOLBD-UHFFFAOYNA-N,-6.831
PGR,m04,mut_s1,detail,1,37,SDKQIECEJUFKHI-MUSVCJDDNA-N,-7.733
PGR,m04,mut_s1,detail,1,38,XUJSYVYKXBOYJP-JTQLQIEINA-N,-8.068
PGR,m04,mut_s1,detail,1,39,NVHKWMBHTXQWRP-NSFCMMSCNA-N,-7.65
PGR,m04,mut_s1,detail,1,40,AHYPQQDJTFMEJW-VGOFMYFVNA-N,-7.64
PGR,m04,mut_s1,detail,1,41,BGRJTUBHPOOWDU-QDYITYEQNA-N,-7.068
PGR,m04,mut_s1,detail,1,42,KJQORRCKEQRHKP-UHFFFAOYNA-N,-9.699
PGR,m04,mut_s1,detail,1,43,SJFPWWYCPGONOM-UHFFFAOYNA-N,-7.459
PGR,m04,mut_s1,detail,1,44,VEZJRJGLFIXQHG-KJQBJTEXNA-N,-8.024
PGR,m04,mut_s1,detail,1,45,VQXJTNXJSNLNEM-WYUMXYHSNA-N,-8.257
PGR,m04,mut_s1,detail,1,46,RWCDZKHBJGXNQH-UHFFFAOYNA-N,-8.156
PGR,m04,mut_s1,detail,1,47,JXOHPGXCMHDJOH-XQMQJMAZNA-N,-7.806
PGR,m04,mut_s1,detail,1,48,XNBZHZUOHMKIBH-UHFFFAOYNA-N,-7.238
PGR,m04,mut_s1,detail,1,49,VTEXVGQDUYFTHA-UHFFFAOYNA-N,-6.38
PGR,m04,mut_s1,detail,1,50,IUJLOAKJZQBENM-UHFFFAOYNA-N,-6.456
PGR,m04,mut_s1,detail,1,51,QHULAWVSDWNAPE-UHFFFAOYNA-N,-7.56
PGR,m04,mut_s1,detail,1,52,VGJKJRWFEYUOMP-YAQRNVERNA-N,-6.794
PGR,m04,mut_s1,detail,1,53,DDCFZIXVFUZWLX-UHFFFAOYNA-N,-7.797
PGR,m04,mut_s1,detail,1,54,OTCRWFSKWBSBLF-UHFFFAOYNA-N,-7.263
PGR,m04,mut_s1,detail,1,55,YFYMHQPNOSTLFF-XQMQJMAZNA-N,-7.426
PGR,m04,mut_s1,detail,1,56,DYMQNLJFFJCVBA-UHFFFAOYNA-N,-6.555
PGR,m04,mut_s1,detail,1,57,QERUYJGOUSNCOY-YHMJCDSINA-N,-6.759
PGR,m04,mut_s1,detail,1,58,VBKFPTDUXZKHJG-VNHYZAJKNA-N,-7.709
PGR,m04,mut_s1,detail,1,59,ZBEDJPDEINGEHM-UHFFFAOYNA-N,-5.838
PGR,m04,mut_s1,detail,1,60,LIEZHLXUCGSNOU-UHFFFAOYNA-N,-8.231
PGR,m04,mut_s1,detail,1,61,RROQODCMZSASRX-UHFFFAOYNA-N,-6.324
PGR,m04,mut_s1,detail,1,62,BPMAVTHRQBBTNZ-UYBDAZJANA-N,-7.897
PGR,m04,mut_s1,detail,1,63,ATKWLNSCJYLXPF-FICVDOATNA-N,-8.311
PGR,m04,mut_s1,detail,1,64,RLUBDGBLOPBNLZ-UHFFFAOYNA-N,-8.767
PGR,m04,mut_s1,detail,1,65,UVERTHXHNQWOMX-UHFFFAOYNA-N,-8.136
PGR,m04,mut_s1,detail,1,66,BPFYGTYAFCVUAQ-QWOVJGMINA-N,-9.02
PGR,m04,mut_s1,detail,1,67,ZODJKQULMZCUCT-PKSOQXRJNA-N,-8.825
PGR,m04,mut_s1,detail,1,68,WEZGTMJXSVLNML-MPIMZMORNA-N,-8.144
PGR,m04,mut_s1,detail,1,69,IGZPSIOZEAIYTH-UHFFFAOYNA-N,-9.35
PGR,m04,mut_s1,detail,1,70,YRVFOAARONPYKD-UHFFFAOYNA-N,-9.777
PGR,m04,mut_s1,detail,1,71,ZESNJJBGEWLRGV-KAKWUFLPNA-N,-8.076
PGR,m04,mut_s1,detail,1,72,PYCBHJYHBUOUCW-PKSOQXRJNA-N,-7.413
PGR,m04,mut_s1,detail,1,73,ABPSNZWEZWHADJ-GPQMBLKYNA-N,-8.794
PGR,m04,mut_s1,detail,1,74,WXDJXWILXCCWRK-UHFFFAOYNA-N,-7.578
PGR,m04,mut_s1,detail,1,75,VCRWHFFSQUYIOM-DDCYPFOINA-N,-6.912
PGR,m04,mut_s1,detail,1,76,JANVEQMYWYPFNU-RTAVDJSLNA-N,-7.0
PGR,m04,mut_s1,detail,1,77,IQLYJZGQMYCKRA-QWOVJGMINA-N,-9.72
PGR,m04,mut_s1,detail,1,78,CTAZJMUKYKCOMY-HVXXBKQBNA-N,-8.116
PGR,m04,mut_s1,detail,1,79,FXRIMHMLPNSELN-XBTAAFKLNA-N,-8.844
PGR,m04,mut_s1,detail,1,80,GEUQUSZFVWZXJI-UHFFFAOYNA-N,-8.696
PGR,m04,mut_s1,detail,1,81,AFGXLUJVZOJZCS-DVIAZDKANA-N,-10.124
PGR,m04,mut_s1,detail,1,82,QPNICESGZANARJ-MPIMZMORNA-N,-9.036
PGR,m04,mut_s1,detail,1,83,QFHCJULFNFFSDD-MPIMZMORNA-N,-8.255
PGR,m04,mut_s1,detail,1,84,MABJRAVWPUIQDD-GPQMBLKYNA-N,-7.301
PGR,m04,mut_s1,detail,1,85,KEULGNACOIQOLD-LILDFLRNNA-N,-8.14
PGR,m04,mut_s1,detail,1,86,PHUKSBWGYBHYCM-ZANVPECINA-N,-8.427
PGR,m04,mut_s1,detail,1,87,VBFJSECKEUOBIV-UYBDAZJANA-N,-8.028
PGR,m04,mut_s1,detail,1,88,VKOJWPSHQQXTMQ-AWQFTUOYNA-N,-9.308
PGR,m04,mut_s1,detail,1,89,WGGCYQHFLWUGKK-LNNLXFCONA-N,-10.216
PGR,m04,mut_s1,detail,1,90,SEESZUWDWXYFGB-HUUCEWRRNA-N,-8.078
PGR,m04,mut_s1,detail,1,91,SAOIUZZZCRDJIE-UYBDAZJANA-N,-9.029
PGR,m04,mut_s1,detail,1,92,LCZXUQMWBHAHOF-PKSOQXRJNA-N,-8.153
PGR,m04,mut_s1,detail,1,93,HJZRMYRSMHLBMM-UHFFFAOYNA-N,-7.649
PGR,m04,mut_s1,detail,1,94,NYIAMZTVDFGSMO-UHFFFAOYNA-N,-8.23
PGR,m04,mut_s1,detail,1,95,PBGALVWBACEVEC-QWOVJGMINA-N,-9.665
PGR,m04,mut_s1,detail,1,96,DDCGYKUGMMDSDD-PKSOQXRJNA-N,-9.13
PGR,m04,mut_s1,detail,1,97,IIROHAHLTGYHGV-UYBDAZJANA-N,-9.217
PGR,m04,mut_s1,detail,1,98,IQJXWGCMCSFZHI-LQFNOIFHNA-N,-9.408
PGR,m04,mut_s1,detail,1,99,OPSKQPYXZASNGA-QWOVJGMINA-N,-8.04
PGR,m04,mut_s1,detail,1,100,COHPEUUUDGXEPG-MPIMZMORNA-N,-10.13
PGR,m04,mut_s1,detail,1,101,LCLQRXYSCAZUJT-PKSOQXRJNA-N,-8.052
PGR,m04,mut_s1,detail,1,102,DMWUHECJQADMOM-PKSOQXRJNA-N,-9.196
PGR,m04,mut_s1,detail,1,103,RINYNDHGPMMUPG-UYBDAZJANA-N,-8.073
PGR,m04,mut_s1,detail,1,104,GWFMSEYHCOCBEH-UYBDAZJANA-N,-8.141
PGR,m04,mut_s1,detail,1,105,ZSYYKQAVTXERHH-LILDFLRNNA-N,-8.476
PGR,m04,mut_s1,detail,1,106,RFGLZFMBWWKYGX-UHFFFAOYNA-N,-7.903
PGR,m04,mut_s1,detail,1,107,ZCFXIPSPKDGCHW-HSJCKIQZNA-N,-8.158
PGR,m04,mut_s1,detail,1,108,OJBRUITYMUOMQJ-UYBDAZJANA-N,-8.919
PGR,m04,mut_s1,detail,1,109,QRQQRMCYDJTOMZ-IHYGWTSJNA-N,-8.958
PGR,m04,mut_s1,detail,1,110,UZYHGPCXMSFTKE-NPQUBYNZNA-N,-7.555
PGR,m04,mut_s1,detail,1,111,FKRLYCLDDLGGPB-HCKMINDGNA-N,-7.526
PGR,m04,mut_s1,detail,1,112,SJUXHCSNSGLKJD-UYBDAZJANA-N,-9.052
PGR,m04,mut_s1,detail,1,113,MDJMMLITJGVNQI-LILDFLRNNA-N,-8.143
PGR,m04,mut_s1,detail,1,114,LAKWSLSTUWRCOM-UHFFFAOYNA-N,-9.179
PGR,m04,mut_s1,detail,1,115,RZYYWEWDCWHDNZ-PKSOQXRJNA-N,-8.038
PGR,m04,mut_s1,detail,1,116,KSTQHOAVVBOECJ-PKSOQXRJNA-N,-8.233
PGR,m04,mut_s1,detail,1,117,LTBODPBDLZJCLH-UHFFFAOYNA-N,-9.763
PGR,m04,mut_s1,detail,1,118,YNPHZUYBOQPWKQ-UYBDAZJANA-N,-8.261
PGR,m04,mut_s1,detail,1,119,TZYCJGJZUSVUSB-UHFFFAOYNA-N,-7.173
PGR,m04,mut_s1,detail,1,120,YDEMTQMAWLEDQT-HPHMPNDVNA-N,-9.539
PGR,m04,mut_s1,detail,1,121,JJTMKAVMZRVHFW-JZJYNLBNNA-N,-8.208
PGR,m04,mut_s1,detail,1,122,UQILDYXMCYUCGV-MPIMZMORNA-N,-10.063
PGR,m04,mut_s1,detail,1,123,LRULJABSRXBARK-PKSOQXRJNA-N,-8.432
PGR,m04,mut_s1,detail,1,124,FDGMHVXFEWDBLE-GZNJHTOZNA-N,-8.362
PGR,m04,mut_s1,detail,1,125,MDPXBTVEVMPBMF-MRSUPTMINA-N,-9.103
PGR,m04,mut_s1,detail,1,126,PRDMNBQAHOVKAV-UHFFFAOYNA-N,-10.065
PGR,m04,mut_s1,detail,1,127,OBAYJABSUJXLMA-HCKMINDGNA-N,-7.894
PGR,m04,mut_s1,detail,1,128,HLMWKCMXNWJGGO-VNHAUOCNNA-N,-10.201
PGR,m04,mut_s1,detail,1,129,ZWXZFCRRFQRJPF-QWOVJGMINA-N,-9.687
PGR,m04,mut_s1,detail,1,130,IXUSJKAERUMZME-NBNNRKRINA-N,-9.405
PGR,m04,mut_s1,detail,1,131,WDVACORMOUBMRH-NPQUBYNZNA-N,-8.822
PGR,m04,mut_s1,detail,1,132,UXLJJGBAQOYQMV-UHFFFAOYNA-N,-9.812
PGR,m04,mut_s1,detail,1,133,RWPNUXJCHLIEDT-UHFFFAOYNA-N,-8.901
PGR,m04,mut_s1,detail,1,134,BTCLKPCIIFOYHE-KRMNUSLJNA-N,-8.726
PGR,m04,mut_s1,detail,1,135,IGYZXGKFEXFDBK-SPEPDGBUNA-N,-9.499
PGR,m04,mut_s1,detail,1,136,RUKFQFDSWPNHGL-LNNLXFCONA-N,-9.227
PGR,m04,mut_s1,detail,1,137,QTHMBVGZTPOODZ-FVJBVQDQNA-N,-8.963
PGR,m04,mut_s1,detail,1,138,BLQYVHBZHAISJM-LSHAIWFFNA-N,-8.812
PGR,m04,mut_s1,detail,1,139,WMDYKLMOCCOUEL-SACSUSJJNA-N,-10.179
PGR,m04,mut_s1,detail,1,140,LEVPVCOKBQEXMQ-MPIMZMORNA-N,-10.07
PGR,m04,mut_s1,detail,1,141,YYDFYJDBXOSJHE-WBMJQRKENA-N,-10.462
PGR,m04,mut_s1,detail,1,142,NFXJPCKVPBXSDH-LQFNOIFHNA-N,-8.675
PGR,m04,mut_s1,detail,1,143,KAUHJCPWWQWSJV-LELJVTLKNA-N,-9.058
PGR,m04,mut_s1,detail,1,144,NVZSQUSTRBKANP-YIVFFDRWNA-N,-8.456
PGR,m04,mut_s1,detail,1,145,WIKNISOFBKUYKR-LBOYIXSDNA-N,-7.903
PGR,m04,mut_s1,detail,1,146,AQIYGSAXYBBKKP-LNNLXFCONA-N,-8.852
PGR,m04,mut_s1,detail,1,147,TWKQKOFHSPYVSG-LQFNOIFHNA-N,-9.532
PGR,m04,mut_s1,detail,1,148,LVWSKXKIFXRKQJ-QWOVJGMINA-N,-8.685
PGR,m04,mut_s1,detail,1,149,BBBUKQRTMPJLSL-FHIWLMNKNA-N,-9.544
PGR,m04,mut_s1,detail,1,150,SCECNMVMCCDVHC-UHFFFAOYNA-N,-9.156
PGR,m04,mut_s1,detail,1,151,OLMVVVWTBFULHB-HXTKINSTNA-N,-9.809
PGR,m04,mut_s1,detail,1,152,BJXFHKHIABEKFL-HXTKINSTNA-N,-8.976
PGR,m04,mut_s1,detail,1,153,GMYAIAZTDBDYGE-UHFFFAOYNA-N,-9.814
PGR,m04,mut_s1,detail,1,154,OMIWVZGQMXEZLZ-UHFFFAOYNA-N,-8.899
PGR,m04,mut_s1,detail,1,155,SFQDUATXFZWGHZ-UHFFFAOYNA-N,-7.235
PGR,m04,mut_s1,detail,1,156,AMRCHQSZZXWZBI-UHFFFAOYNA-N,-6.592
PGR,m04,mut_s1,detail,1,157,PDKBGLXLXHGRIF-UHFFFAOYNA-N,-9.18
PGR,m04,mut_s1,detail,1,158,IMPCJHDDDAGSIP-UHFFFAOYNA-N,-8.574
PGR,m04,mut_s1,detail,1,159,QKASSONCRIQFQE-UHFFFAOYNA-N,-9.331
PGR,m04,mut_s1,detail,1,160,RBPSUSGZEBUPLW-LELJVTLKNA-N,-9.708
PGR,m04,mut_s1,detail,1,161,IZMNNUPSRDMEKL-LICXQBBSNA-N,-8.911
PGR,m04,mut_s1,detail,1,162,PAVNRYHGSYWSPV-MPIMZMORNA-N,-9.214
PGR,m04,mut_s1,detail,1,163,TZXYYVHNWAKJLI-UHFFFAOYNA-N,-9.165
PGR,m04,mut_s1,detail,1,164,HNOCRTTZBPUBHY-UHFFFAOYNA-N,-10.107
PGR,m04,mut_s1,detail,1,165,WMPZPNIPTZCCJK-PKSOQXRJNA-N,-8.104
PGR,m04,mut_s1,detail,1,166,OBPAOULTANNRFC-QWOVJGMINA-N,-8.076
PGR,m04,mut_s1,detail,1,167,UCJOWIKNRBWRAB-UHFFFAOYNA-N,-9.452
PGR,m04,mut_s1,detail,1,168,GFKDVMSTTKOYOX-QCVZTBOQNA-N,-10.232
PGR,m04,mut_s1,detail,1,169,BAEJDWKEKZSULN-UHFFFAOYNA-N,-7.464
PGR,m04,mut_s1,detail,1,170,KZUDVENDSUODSU-LQFNOIFHNA-N,-8.532
PGR,m04,mut_s1,detail,1,171,HBYPDVHGDKCNMT-DVIAZDKANA-N,-9.822
PGR,m04,mut_s1,detail,1,172,PMUHFTCPDVPMRF-LELJVTLKNA-N,-10.907
PGR,m04,mut_s1,detail,1,173,XIYSICLOFPYCTK-ZVWSISBDNA-N,-8.674
PGR,m04,mut_s1,detail,1,174,CFOFCUAQALFPIW-HPRFPMAVNA-N,-9.766
PGR,m04,mut_s1,detail,1,175,ZNBMRULRQJAJNW-IRIILVJRNA-N,-9.157
PGR,m04,mut_s1,detail,1,176,RSQKKNPJKLBGPF-DVIAZDKANA-N,-7.998
PGR,m04,mut_s1,detail,1,177,UIYRVVZHZVHONZ-QWOVJGMINA-N,-9.164
PGR,m04,mut_s1,detail,1,178,RNCGDYFDZJIQTQ-UHFFFAOYNA-N,-8.779
PGR,m04,mut_s1,detail,1,179,QOWFNZNDIAKQKO-QFIPXVFZNA-N,-8.931
PGR,m04,mut_s1,detail,1,180,FIPNXDSUMLBDQK-LQFNOIFHNA-N,-9.432
PGR,m04,mut_s1,detail,1,181,NHFGNUVGTDMGKX-UHFFFAOYNA-N,-9.836
PGR,m04,mut_s1,detail,1,182,RNBGNITZKVUDSK-YFMNGRKDNA-N,-7.799
PGR,m04,mut_s1,detail,1,183,CPEKPARXQVWWJD-IAXKEJLGNA-N,-8.296
PGR,m04,mut_s1,detail,1,184,IEAABJYVWXHFOX-MPIMZMORNA-N,-8.631
PGR,m04,mut_s1,detail,1,185,DSNCXRXGMZSRBV-GOSISDBHNA-N,-10.11
PGR,m04,mut_s1,detail,1,186,DOVTZHSQYCZIIX-MPIMZMORNA-N,-7.807
PGR,m04,mut_s1,detail,1,187,BKYWKCMMWRHBGX-SPEPDGBUNA-N,-9.721
PGR,m04,mut_s1,detail,1,188,MTRHSIOVVWFAOM-MPIMZMORNA-N,-9.72
PGR,m04,mut_s1,detail,1,189,VZLVPTSUFJDRRQ-LELJVTLKNA-N,-8.818
PGR,m04,mut_s1,detail,1,190,FJYPQTWLGSEZAE-UNEGGNDLNA-N,-8.995
PGR,m04,mut_s1,detail,1,191,FOJSFYSVCCQUQP-VVKINWOJNA-N,-8.587
PGR,m04,mut_s1,detail,1,192,SULPKNWDXWJTHQ-GCNJZUOMNA-N,-5.405
PGR,m04,mut_s1,detail,1,193,JTPAQMOUZGIORE-UHFFFAOYNA-N,-10.237
PGR,m04,mut_s1,detail,1,194,KRFPGHLUAFZMRZ-TYOBWDGZNA-N,-9.079
PGR,m04,mut_s1,detail,1,195,TVZGACDUOSZQKY-XBGCRKGSNA-N,-8.411
PGR,m04,mut_s1,detail,1,196,CXDZGSNFZYGQSZ-PKRZOPRNNA-N,-9.581
PGR,m04,mut_s1,detail,1,197,FBZYWIMLLHPUPX-VJSLDGLSNA-N,-8.97
PGR,m04,mut_s1,detail,1,198,HKJNKURRZRPPMK-MDXLESTANA-N,-8.324
PGR,m04,mut_s1,detail,1,199,DVAPEEIVFMOBQW-SLSKDPHBNA-N,-8.51
PGR,m04,mut_s1,detail,1,200,SVDIZPBCTLXSOH-LNNLXFCONA-N,-8.827
PGR,m04,mut_s1,detail,1,201,NDXCWKMYPWRPDY-NUCQJGHSNA-N,-9.918
PGR,m04,mut_s1,detail,1,202,VXHUMLIJAQHWIX-CRNXEPDINA-N,-9.717
PGR,m04,mut_s1,detail,1,203,KBZDVXICPAJAAT-LNNLXFCONA-N,-8.946
PGR,m04,mut_s1,detail,1,204,DVFDTYFATLFXHU-WOPMAMTRNA-N,-8.641
PGR,m04,mut_s1,detail,1,205,WURBKQGAFSESKZ-MPIMZMORNA-N,-8.827
PGR,m04,mut_s1,detail,1,206,LXGVFBXRKSCESU-UWUUZOGGNA-N,-9.439
PGR,m04,mut_s1,detail,1,207,CQWFJACPUQVVQZ-UHFFFAOYNA-N,-6.689
PGR,m04,mut_s1,detail,1,208,FEZAUPQJLJCQHD-XRJCTRHONA-N,-10.088
PGR,m04,mut_s1,detail,1,209,IDKGPACCMPKKQB-LIPPOORTNA-N,-10.829
PGR,m04,mut_s1,detail,1,210,PEPJPELNFRAZNQ-LKHHGCNMNA-N,-9.477
PGR,m04,mut_s1,detail,1,211,GRUWUINXLANFJE-LBOYIXSDNA-N,-7.56
PGR,m04,mut_s1,detail,1,212,RTFGYBAMFJVGHJ-UHFFFAOYNA-N,-8.119
PGR,m04,mut_s1,detail,1,213,LYJNRGFCMLOFNV-HIVOMVAKNA-N,-0.964
PGR,m04,mut_s1,detail,1,214,MKDSWBAEXGFAEE-LBOYIXSDNA-N,-9.398
PGR,m04,mut_s1,detail,1,215,NSLNDONZYBNSFU-ASVXZIMGNA-N,-8.994
PGR,m04,mut_s1,detail,1,216,HUDCDZLLNLJTEW-RBSQRGBYNA-N,-9.571
PGR,m04,mut_s1,detail,1,217,OFRDBFMZCXXKAH-LBOYIXSDNA-N,-9.673
PGR,m04,mut_s1,detail,1,218,NSLGAHAKEFYCED-PELNGNISNA-N,-9.191
PGR,m04,mut_s1,detail,1,219,QLSURSTUZJVSGU-NSJMMFDCNA-N,-10.18
PGR,m04,mut_s1,detail,1,220,CXLYWVWLNDGNIU-VEORKLDJNA-N,-8.725
PGR,m04,mut_s1,detail,1,221,RHIJMDNVEPLDED-UHFFFAOYNA-N,-9.15
PGR,m04,mut_s1,detail,1,222,YNUXXMJVZSTPFZ-CSKMVECVNA-N,-11.48
PGR,m04,mut_s1,detail,1,223,ILWOOGUHZKNTQQ-DNVCBOLYNA-N,-10.12
PGR,m04,mut_s1,detail,1,224,CARWTONHZWZDHZ-XIPNIRHDNA-N,-7.628
PGR,m04,mut_s1,detail,1,225,OSMWANBXVVPETF-HTBVCZPNNA-N,-10.762
PGR,m04,mut_s1,detail,1,226,KCNVHXJEALIYQI-PCRUTULWNA-N,-8.826
PGR,m04,mut_s1,detail,1,227,FPUDFDKQGXUBJA-QQXSKIMKNA-N,-9.487
PGR,m04,mut_s1,detail,1,228,MQWZYEDJGHLFFI-VJSLDGLSNA-N,-11.319
PGR,m04,mut_s1,detail,1,229,YPTIEFMKXZIMKO-LNNLXFCONA-N,-10.16
PGR,m04,mut_s1,detail,1,230,MWIZLUKLQZEFBC-LKHHGCNMNA-N,-9.211
PGR,m04,mut_s1,detail,1,231,PMNZCFDKKKLFHH-LBOYIXSDNA-N,-9.797
PGR,m04,mut_s1,detail,1,232,NELOFNHVEWRSBT-OKPOJWAQNA-N,-9.338
PGR,m04,mut_s1,detail,1,233,VCXACHHEDDVKAY-SREBMQDQNA-N,-10.604
PGR,m04,mut_s1,detail,1,234,KWJVADNYZMUTJY-IPYVVANSNA-N,-10.506
PGR,m04,mut_s1,detail,1,235,LLQAFRKQJAOAMO-XGEXJYLCNA-N,-7.337
PGR,m04,mut_s1,detail,1,236,VCAMVXBSKDFRFE-LNNLXFCONA-N,-9.325
PGR,m04,mut_s1,detail,1,237,QXIHUBWNLRPDRU-UHFFFAOYNA-N,-10.68
PGR,m04,mut_s1,detail,1,238,JUXOLKXMOLRWLC-MPIMZMORNA-N,-8.488
PGR,m04,mut_s1,detail,1,239,SQTIAXOMFTYLLF-QVYQQCQZNA-N,-9.442
PGR,m04,mut_s1,detail,1,240,BJSKDMOWRPAVMK-UHFFFAOYNA-N,-10.101
PGR,m04,mut_s1,detail,1,241,VRQPEWWROOGXLL-VJSLDGLSNA-N,-8.691
PGR,m04,mut_s1,detail,1,242,IXNOFPXGSKSKJH-HXTKINSTNA-N,-10.541
PGR,m04,mut_s1,detail,1,243,BMCFOHNLKRIWMC-UHFFFAOYNA-N,-7.794
PGR,m04,mut_s1,detail,1,244,FLFMKNMHDFIWDB-PJQSKVNONA-N,-9.91
PGR,m04,mut_s1,detail,1,245,JJLXVLWPUFIUBC-IGBJZSFZNA-N,-9.822
PGR,m04,mut_s1,detail,1,246,ZXCSBCTVTJFLOZ-JUEKIJOLNA-N,-8.203
PGR,m04,mut_s1,detail,1,247,LCSLDZZBWHBLFA-UHFFFAOYNA-N,-7.813
PGR,m04,mut_s1,detail,1,248,CAVTYMQSFAIXRJ-AKXZRBJUNA-N,-5.031
PGR,m04,mut_s1,detail,1,249,UFXJYIXRQNBEDW-UHFFFAOYNA-N,-8.322
PGR,m04,mut_s1,detail,1,250,HWIAWSLSCZUKKA-SFHVURJKNA-N,-9.234
PGR,m04,mut_s1,detail,1,251,MYHQHPUWOWUUQI-ZELWXOMMNA-N,-8.423
PGR,m04,mut_s1,detail,1,252,GWNRIUBPBWOQGT-UHFFFAOYNA-N,-8.965
PGR,m04,mut_s1,detail,1,253,YCWRQUXRVNLWEM-LELJVTLKNA-N,-9.107
PGR,m04,mut_s1,detail,1,254,DMRFDXBCAQFSFQ-UYLYIRGYNA-N,-9.631
PGR,m04,mut_s1,detail,1,255,XCZDGLYGEYYXKS-UWLQQCCWNA-N,-9.205
PGR,m05,mut_s1,detail,1,0,UDJUXZQGNCUDQR-LILDFLRNNA-N,-7.742
PGR,m05,mut_s1,detail,1,1,GANVJBSNVYJUKL-UHFFFAOYNA-N,-6.736
PGR,m05,mut_s1,detail,1,2,RUBHNPNCPXGKIE-YAQRNVERNA-N,-6.565
PGR,m05,mut_s1,detail,1,3,JYSICDMWNXGPIM-XLPACQNMNA-N,-6.977
PGR,m05,mut_s1,detail,1,4,KZDPKDSPDUVHGB-GAJRPKRDNA-N,-7.074
PGR,m05,mut_s1,detail,1,5,GQKJQNXSSQKJGW-HCKMINDGNA-N,-8.072
PGR,m05,mut_s1,detail,1,6,HJRUOZFNPQVNSF-MNIXEANVNA-N,-8.083
PGR,m05,mut_s1,detail,1,7,ALUOSUMBVMLDKR-UHFFFAOYNA-N,-8.966
PGR,m05,mut_s1,detail,1,8,QMQNUSSPTHZCGT-UYBDAZJANA-N,-8.489
PGR,m05,mut_s1,detail,1,9,UEZBMIQIUOTBJT-UYBDAZJANA-N,-8.758
PGR,m05,mut_s1,detail,1,10,ICZZTNOOMSQNCH-UHFFFAOYNA-N,-8.44
PGR,m05,mut_s1,detail,1,11,AMOFQKAIXTYZIZ-NPVYFSBINA-N,-7.524
PGR,m05,mut_s1,detail,1,12,IZOPLHPCKOSQQN-UHFFFAOYNA-N,-7.69
PGR,m05,mut_s1,detail,1,13,OFZZZJLWPKOLIX-GPQMBLKYNA-N,-7.924
PGR,m05,mut_s1,detail,1,14,BXADTFNFCCRMQU-UHFFFAOYNA-N,-6.743
PGR,m05,mut_s1,detail,1,15,PKQDOSZHMAIBHQ-GPQMBLKYNA-N,-8.443
PGR,m05,mut_s1,detail,1,16,JLTFAWOGGLXAFU-UHFFFAOYNA-N,-7.223
PGR,m05,mut_s1,detail,1,17,QYACKAORZRQPTE-UHFFFAOYNA-N,-6.679
PGR,m05,mut_s1,detail,1,18,FFJKVRCOUHEYOK-YAQRNVERNA-N,-7.174
PGR,m05,mut_s1,detail,1,19,MFTSRMJYWLCCSA-GHRIWEEINA-N,-8.844
PGR,m05,mut_s1,detail,1,20,NDRMSISLKTZBKD-HCKMINDGNA-N,-7.507
PGR,m05,mut_s1,detail,1,21,APGSUVBRVVNRPJ-UHFFFAOYNA-N,-7.49
PGR,m05,mut_s1,detail,1,22,MTIGVNBPQVLRLS-XQMQJMAZNA-N,-6.853
PGR,m05,mut_s1,detail,1,23,WIWDZNZJLUFUSQ-GSIAOYINNA-N,-8.002
PGR,m05,mut_s1,detail,1,24,WVJSLMIKTFBTBO-WVMALLHKNA-N,-7.212
PGR,m05,mut_s1,detail,1,25,QASCAWSPAPUKDI-UHFFFAOYNA-N,-8.354
PGR,m05,mut_s1,detail,1,26,WJZNKICGQZGRPQ-YHMJCDSINA-N,-6.258
PGR,m05,mut_s1,detail,1,27,ACKCEYIVRXUHDK-HCKMINDGNA-N,-7.781
PGR,m05,mut_s1,detail,1,28,GXKXWCKNQMYETG-UHFFFAOYNA-N,-7.913
PGR,m05,mut_s1,detail,1,29,QGTKEDSQUDRCEG-UHFFFAOYNA-N,-7.097
PGR,m05,mut_s1,detail,1,30,NYJUJIFSIDORSZ-LILDFLRNNA-N,-8.372
PGR,m05,mut_s1,detail,1,31,SCGGVBDHUNVGKR-VRGMUVNCNA-N,-8.204
PGR,m05,mut_s1,detail,1,32,ZWGVKWPZYUUFSB-YAQRNVERNA-N,-7.886
PGR,m05,mut_s1,detail,1,33,BCTONXHZFGFJIT-UHFFFAOYNA-N,-8.278
PGR,m05,mut_s1,detail,1,34,BIZAQLNMDJHGTL-HCKMINDGNA-N,-8.052
PGR,m05,mut_s1,detail,1,35,KZFYAEKGSRGKDQ-GPQMBLKYNA-N,-7.705
PGR,m05,mut_s1,detail,1,36,REZYNFOIWKOLBD-UHFFFAOYNA-N,-6.907
PGR,m05,mut_s1,detail,1,37,SDKQIECEJUFKHI-MUSVCJDDNA-N,-7.555
PGR,m05,mut_s1,detail,1,38,XUJSYVYKXBOYJP-JTQLQIEINA-N,-7.978
PGR,m05,mut_s1,detail,1,39,NVHKWMBHTXQWRP-NSFCMMSCNA-N,-7.697
PGR,m05,mut_s1,detail,1,40,AHYPQQDJTFMEJW-VGOFMYFVNA-N,-7.366
PGR,m05,mut_s1,detail,1,41,BGRJTUBHPOOWDU-QDYITYEQNA-N,-7.281
PGR,m05,mut_s1,detail,1,42,KJQORRCKEQRHKP-UHFFFAOYNA-N,-9.208
PGR,m05,mut_s1,detail,1,43,SJFPWWYCPGONOM-UHFFFAOYNA-N,-7.359
PGR,m05,mut_s1,detail,1,44,VEZJRJGLFIXQHG-KJQBJTEXNA-N,-7.789
PGR,m05,mut_s1,detail,1,45,VQXJTNXJSNLNEM-WYUMXYHSNA-N,-7.894
PGR,m05,mut_s1,detail,1,46,RWCDZKHBJGXNQH-UHFFFAOYNA-N,-8.174
PGR,m05,mut_s1,detail,1,47,JXOHPGXCMHDJOH-XQMQJMAZNA-N,-7.844
PGR,m05,mut_s1,detail,1,48,XNBZHZUOHMKIBH-UHFFFAOYNA-N,-7.202
PGR,m05,mut_s1,detail,1,49,VTEXVGQDUYFTHA-UHFFFAOYNA-N,-6.457
PGR,m05,mut_s1,detail,1,50,IUJLOAKJZQBENM-UHFFFAOYNA-N,-6.438
PGR,m05,mut_s1,detail,1,51,QHULAWVSDWNAPE-UHFFFAOYNA-N,-7.216
PGR,m05,mut_s1,detail,1,52,VGJKJRWFEYUOMP-YAQRNVERNA-N,-7.068
PGR,m05,mut_s1,detail,1,53,DDCFZIXVFUZWLX-UHFFFAOYNA-N,-8.018
PGR,m05,mut_s1,detail,1,54,OTCRWFSKWBSBLF-UHFFFAOYNA-N,-7.003
PGR,m05,mut_s1,detail,1,55,YFYMHQPNOSTLFF-XQMQJMAZNA-N,-7.192
PGR,m05,mut_s1,detail,1,56,DYMQNLJFFJCVBA-UHFFFAOYNA-N,-6.448
PGR,m05,mut_s1,detail,1,57,QERUYJGOUSNCOY-YHMJCDSINA-N,-6.756
PGR,m05,mut_s1,detail,1,58,VBKFPTDUXZKHJG-VNHYZAJKNA-N,-7.676
PGR,m05,mut_s1,detail,1,59,ZBEDJPDEINGEHM-UHFFFAOYNA-N,-5.855
PGR,m05,mut_s1,detail,1,60,LIEZHLXUCGSNOU-UHFFFAOYNA-N,-8.122
PGR,m05,mut_s1,detail,1,61,RROQODCMZSASRX-UHFFFAOYNA-N,-6.209
PGR,m05,mut_s1,detail,1,62,BPMAVTHRQBBTNZ-UYBDAZJANA-N,-8.213
PGR,m05,mut_s1,detail,1,63,ATKWLNSCJYLXPF-FICVDOATNA-N,-8.502
PGR,m05,mut_s1,detail,1,64,RLUBDGBLOPBNLZ-UHFFFAOYNA-N,-8.54
PGR,m05,mut_s1,detail,1,65,UVERTHXHNQWOMX-UHFFFAOYNA-N,-7.849
PGR,m05,mut_s1,detail,1,66,BPFYGTYAFCVUAQ-QWOVJGMINA-N,-7.979
PGR,m05,mut_s1,detail,1,67,ZODJKQULMZCUCT-PKSOQXRJNA-N,-8.22
PGR,m05,mut_s1,detail,1,68,WEZGTMJXSVLNML-MPIMZMORNA-N,-7.892
PGR,m05,mut_s1,detail,1,69,IGZPSIOZEAIYTH-UHFFFAOYNA-N,-8.757
PGR,m05,mut_s1,detail,1,70,YRVFOAARONPYKD-UHFFFAOYNA-N,-8.765
PGR,m05,mut_s1,detail,1,71,ZESNJJBGEWLRGV-KAKWUFLPNA-N,-9.898
PGR,m05,mut_s1,detail,1,72,PYCBHJYHBUOUCW-PKSOQXRJNA-N,-8.361
PGR,m05,mut_s1,detail,1,73,ABPSNZWEZWHADJ-GPQMBLKYNA-N,-7.67
PGR,m05,mut_s1,detail,1,74,WXDJXWILXCCWRK-UHFFFAOYNA-N,-7.392
PGR,m05,mut_s1,detail,1,75,VCRWHFFSQUYIOM-DDCYPFOINA-N,-6.871
PGR,m05,mut_s1,detail,1,76,JANVEQMYWYPFNU-RTAVDJSLNA-N,-7.349
PGR,m05,mut_s1,detail,1,77,IQLYJZGQMYCKRA-QWOVJGMINA-N,-8.626
PGR,m05,mut_s1,detail,1,78,CTAZJMUKYKCOMY-HVXXBKQBNA-N,-7.692
PGR,m05,mut_s1,detail,1,79,FXRIMHMLPNSELN-XBTAAFKLNA-N,-6.494
PGR,m05,mut_s1,detail,1,80,GEUQUSZFVWZXJI-UHFFFAOYNA-N,-8.106
PGR,m05,mut_s1,detail,1,81,AFGXLUJVZOJZCS-DVIAZDKANA-N,-6.62
PGR,m05,mut_s1,detail,1,82,QPNICESGZANARJ-MPIMZMORNA-N,-8.567
PGR,m05,mut_s1,detail,1,83,QFHCJULFNFFSDD-MPIMZMORNA-N,-8.392
PGR,m05,mut_s1,detail,1,84,MABJRAVWPUIQDD-GPQMBLKYNA-N,-7.084
PGR,m05,mut_s1,detail,1,85,KEULGNACOIQOLD-LILDFLRNNA-N,-7.814
PGR,m05,mut_s1,detail,1,86,PHUKSBWGYBHYCM-ZANVPECINA-N,-7.73
PGR,m05,mut_s1,detail,1,87,VBFJSECKEUOBIV-UYBDAZJANA-N,-7.257
PGR,m05,mut_s1,detail,1,88,VKOJWPSHQQXTMQ-AWQFTUOYNA-N,-7.762
PGR,m05,mut_s1,detail,1,89,WGGCYQHFLWUGKK-LNNLXFCONA-N,-9.709
PGR,m05,mut_s1,detail,1,90,SEESZUWDWXYFGB-HUUCEWRRNA-N,-8.255
PGR,m05,mut_s1,detail,1,91,SAOIUZZZCRDJIE-UYBDAZJANA-N,-7.458
PGR,m05,mut_s1,detail,1,92,LCZXUQMWBHAHOF-PKSOQXRJNA-N,-8.612
PGR,m05,mut_s1,detail,1,93,HJZRMYRSMHLBMM-UHFFFAOYNA-N,-7.63
PGR,m05,mut_s1,detail,1,94,NYIAMZTVDFGSMO-UHFFFAOYNA-N,-8.749
PGR,m05,mut_s1,detail,1,95,PBGALVWBACEVEC-QWOVJGMINA-N,-8.247
PGR,m05,mut_s1,detail,1,96,DDCGYKUGMMDSDD-PKSOQXRJNA-N,-8.127
PGR,m05,mut_s1,detail,1,97,IIROHAHLTGYHGV-UYBDAZJANA-N,-8.719
PGR,m05,mut_s1,detail,1,98,IQJXWGCMCSFZHI-LQFNOIFHNA-N,-8.118
PGR,m05,mut_s1,detail,1,99,OPSKQPYXZASNGA-QWOVJGMINA-N,-6.5
PGR,m05,mut_s1,detail,1,100,COHPEUUUDGXEPG-MPIMZMORNA-N,-6.827
PGR,m05,mut_s1,detail,1,101,LCLQRXYSCAZUJT-PKSOQXRJNA-N,-7.434
PGR,m05,mut_s1,detail,1,102,DMWUHECJQADMOM-PKSOQXRJNA-N,-7.781
PGR,m05,mut_s1,detail,1,103,RINYNDHGPMMUPG-UYBDAZJANA-N,-7.161
PGR,m05,mut_s1,detail,1,104,GWFMSEYHCOCBEH-UYBDAZJANA-N,-7.719
PGR,m05,mut_s1,detail,1,105,ZSYYKQAVTXERHH-LILDFLRNNA-N,-7.045
PGR,m05,mut_s1,detail,1,106,RFGLZFMBWWKYGX-UHFFFAOYNA-N,-7.886
PGR,m05,mut_s1,detail,1,107,ZCFXIPSPKDGCHW-HSJCKIQZNA-N,-6.483
PGR,m05,mut_s1,detail,1,108,OJBRUITYMUOMQJ-UYBDAZJANA-N,-6.679
PGR,m05,mut_s1,detail,1,109,QRQQRMCYDJTOMZ-IHYGWTSJNA-N,-8.565
PGR,m05,mut_s1,detail,1,110,UZYHGPCXMSFTKE-NPQUBYNZNA-N,-7.382
PGR,m05,mut_s1,detail,1,111,FKRLYCLDDLGGPB-HCKMINDGNA-N,-6.007
PGR,m05,mut_s1,detail,1,112,SJUXHCSNSGLKJD-UYBDAZJANA-N,-6.816
PGR,m05,mut_s1,detail,1,113,MDJMMLITJGVNQI-LILDFLRNNA-N,-7.565
PGR,m05,mut_s1,detail,1,114,LAKWSLSTUWRCOM-UHFFFAOYNA-N,-9.005
PGR,m05,mut_s1,detail,1,115,RZYYWEWDCWHDNZ-PKSOQXRJNA-N,-6.964
PGR,m05,mut_s1,detail,1,116,KSTQHOAVVBOECJ-PKSOQXRJNA-N,-7.745
PGR,m05,mut_s1,detail,1,117,LTBODPBDLZJCLH-UHFFFAOYNA-N,-9.469
PGR,m05,mut_s1,detail,1,118,YNPHZUYBOQPWKQ-UYBDAZJANA-N,-7.481
PGR,m05,mut_s1,detail,1,119,TZYCJGJZUSVUSB-UHFFFAOYNA-N,-7.272
PGR,m05,mut_s1,detail,1,120,YDEMTQMAWLEDQT-HPHMPNDVNA-N,-6.254
PGR,m05,mut_s1,detail,1,121,JJTMKAVMZRVHFW-JZJYNLBNNA-N,-8.611
PGR,m05,mut_s1,detail,1,122,UQILDYXMCYUCGV-MPIMZMORNA-N,-7.283
PGR,m05,mut_s1,detail,1,123,LRULJABSRXBARK-PKSOQXRJNA-N,-5.826
PGR,m05,mut_s1,detail,1,124,FDGMHVXFEWDBLE-GZNJHTOZNA-N,-7.743
PGR,m05,mut_s1,detail,1,125,MDPXBTVEVMPBMF-MRSUPTMINA-N,-8.526
PGR,m05,mut_s1,detail,1,126,PRDMNBQAHOVKAV-UHFFFAOYNA-N,-9.341
PGR,m05,mut_s1,detail,1,127,OBAYJABSUJXLMA-HCKMINDGNA-N,-7.985
PGR,m05,mut_s1,detail,1,128,HLMWKCMXNWJGGO-VNHAUOCNNA-N,-6.574
PGR,m05,mut_s1,detail,1,129,ZWXZFCRRFQRJPF-QWOVJGMINA-N,-6.825
PGR,m05,mut_s1,detail,1,130,IXUSJKAERUMZME-NBNNRKRINA-N,-8.094
PGR,m05,mut_s1,detail,1,131,WDVACORMOUBMRH-NPQUBYNZNA-N,-8.588
PGR,m05,mut_s1,detail,1,132,UXLJJGBAQOYQMV-UHFFFAOYNA-N,-7.353
PGR,m05,mut_s1,detail,1,133,RWPNUXJCHLIEDT-UHFFFAOYNA-N,-6.227
PGR,m05,mut_s1,detail,1,134,BTCLKPCIIFOYHE-KRMNUSLJNA-N,-6.771
PGR,m05,mut_s1,detail,1,135,IGYZXGKFEXFDBK-SPEPDGBUNA-N,-9.333
PGR,m05,mut_s1,detail,1,136,RUKFQFDSWPNHGL-LNNLXFCONA-N,-6.528
PGR,m05,mut_s1,detail,1,137,QTHMBVGZTPOODZ-FVJBVQDQNA-N,-8.176
PGR,m05,mut_s1,detail,1,138,BLQYVHBZHAISJM-LSHAIWFFNA-N,-9.023
PGR,m05,mut_s1,detail,1,139,WMDYKLMOCCOUEL-SACSUSJJNA-N,-8.366
PGR,m05,mut_s1,detail,1,140,LEVPVCOKBQEXMQ-MPIMZMORNA-N,-8.985
PGR,m05,mut_s1,detail,1,141,YYDFYJDBXOSJHE-WBMJQRKENA-N,-6.332
PGR,m05,mut_s1,detail,1,142,NFXJPCKVPBXSDH-LQFNOIFHNA-N,-9.104
PGR,m05,mut_s1,detail,1,143,KAUHJCPWWQWSJV-LELJVTLKNA-N,-6.718
PGR,m05,mut_s1,detail,1,144,NVZSQUSTRBKANP-YIVFFDRWNA-N,-7.796
PGR,m05,mut_s1,detail,1,145,WIKNISOFBKUYKR-LBOYIXSDNA-N,-8.221
PGR,m05,mut_s1,detail,1,146,AQIYGSAXYBBKKP-LNNLXFCONA-N,-7.797
PGR,m05,mut_s1,detail,1,147,TWKQKOFHSPYVSG-LQFNOIFHNA-N,-6.585
PGR,m05,mut_s1,detail,1,148,LVWSKXKIFXRKQJ-QWOVJGMINA-N,-8.204
PGR,m05,mut_s1,detail,1,149,BBBUKQRTMPJLSL-FHIWLMNKNA-N,-8.802
PGR,m05,mut_s1,detail,1,150,SCECNMVMCCDVHC-UHFFFAOYNA-N,-8.847
PGR,m05,mut_s1,detail,1,151,OLMVVVWTBFULHB-HXTKINSTNA-N,-7.34
PGR,m05,mut_s1,detail,1,152,BJXFHKHIABEKFL-HXTKINSTNA-N,-6.053
PGR,m05,mut_s1,detail,1,153,GMYAIAZTDBDYGE-UHFFFAOYNA-N,-7.273
PGR,m05,mut_s1,detail,1,154,OMIWVZGQMXEZLZ-UHFFFAOYNA-N,-9.411
PGR,m05,mut_s1,detail,1,155,SFQDUATXFZWGHZ-UHFFFAOYNA-N,-5.454
PGR,m05,mut_s1,detail,1,156,AMRCHQSZZXWZBI-UHFFFAOYNA-N,-6.782
PGR,m05,mut_s1,detail,1,157,PDKBGLXLXHGRIF-UHFFFAOYNA-N,-7.124
PGR,m05,mut_s1,detail,1,158,IMPCJHDDDAGSIP-UHFFFAOYNA-N,-8.394
PGR,m05,mut_s1,detail,1,159,QKASSONCRIQFQE-UHFFFAOYNA-N,-8.085
PGR,m05,mut_s1,detail,1,160,RBPSUSGZEBUPLW-LELJVTLKNA-N,-6.89
PGR,m05,mut_s1,detail,1,161,IZMNNUPSRDMEKL-LICXQBBSNA-N,-7.825
PGR,m05,mut_s1,detail,1,162,PAVNRYHGSYWSPV-MPIMZMORNA-N,-6.15
PGR,m05,mut_s1,detail,1,163,TZXYYVHNWAKJLI-UHFFFAOYNA-N,-9.146
PGR,m05,mut_s1,detail,1,164,HNOCRTTZBPUBHY-UHFFFAOYNA-N,-6.403
PGR,m05,mut_s1,detail,1,165,WMPZPNIPTZCCJK-PKSOQXRJNA-N,-6.699
PGR,m05,mut_s1,detail,1,166,OBPAOULTANNRFC-QWOVJGMINA-N,-7.422
PGR,m05,mut_s1,detail,1,167,UCJOWIKNRBWRAB-UHFFFAOYNA-N,-7.543
PGR,m05,mut_s1,detail,1,168,GFKDVMSTTKOYOX-QCVZTBOQNA-N,-6.854
PGR,m05,mut_s1,detail,1,169,BAEJDWKEKZSULN-UHFFFAOYNA-N,-7.48
PGR,m05,mut_s1,detail,1,170,KZUDVENDSUODSU-LQFNOIFHNA-N,-8.679
PGR,m05,mut_s1,detail,1,171,HBYPDVHGDKCNMT-DVIAZDKANA-N,-7.631
PGR,m05,mut_s1,detail,1,172,PMUHFTCPDVPMRF-LELJVTLKNA-N,-7.972
PGR,m05,mut_s1,detail,1,173,XIYSICLOFPYCTK-ZVWSISBDNA-N,-7.035
PGR,m05,mut_s1,detail,1,174,CFOFCUAQALFPIW-HPRFPMAVNA-N,-9.54
PGR,m05,mut_s1,detail,1,175,ZNBMRULRQJAJNW-IRIILVJRNA-N,-8.861
PGR,m05,mut_s1,detail,1,176,RSQKKNPJKLBGPF-DVIAZDKANA-N,-7.457
PGR,m05,mut_s1,detail,1,177,UIYRVVZHZVHONZ-QWOVJGMINA-N,-8.168
PGR,m05,mut_s1,detail,1,178,RNCGDYFDZJIQTQ-UHFFFAOYNA-N,-9.468
PGR,m05,mut_s1,detail,1,179,QOWFNZNDIAKQKO-QFIPXVFZNA-N,-6.927
PGR,m05,mut_s1,detail,1,180,FIPNXDSUMLBDQK-LQFNOIFHNA-N,-7.528
PGR,m05,mut_s1,detail,1,181,NHFGNUVGTDMGKX-UHFFFAOYNA-N,-6.091
PGR,m05,mut_s1,detail,1,182,RNBGNITZKVUDSK-YFMNGRKDNA-N,-5.558
PGR,m05,mut_s1,detail,1,183,CPEKPARXQVWWJD-IAXKEJLGNA-N,-7.725
PGR,m05,mut_s1,detail,1,184,IEAABJYVWXHFOX-MPIMZMORNA-N,-8.286
PGR,m05,mut_s1,detail,1,185,DSNCXRXGMZSRBV-GOSISDBHNA-N,-7.876
PGR,m05,mut_s1,detail,1,186,DOVTZHSQYCZIIX-MPIMZMORNA-N,-7.414
PGR,m05,mut_s1,detail,1,187,BKYWKCMMWRHBGX-SPEPDGBUNA-N,-9.811
PGR,m05,mut_s1,detail,1,188,MTRHSIOVVWFAOM-MPIMZMORNA-N,-6.073
PGR,m05,mut_s1,detail,1,189,VZLVPTSUFJDRRQ-LELJVTLKNA-N,-6.52
PGR,m05,mut_s1,detail,1,190,FJYPQTWLGSEZAE-UNEGGNDLNA-N,-8.902
PGR,m05,mut_s1,detail,1,191,FOJSFYSVCCQUQP-VVKINWOJNA-N,-8.05
PGR,m05,mut_s1,detail,1,192,SULPKNWDXWJTHQ-GCNJZUOMNA-N,-6.359
PGR,m05,mut_s1,detail,1,193,JTPAQMOUZGIORE-UHFFFAOYNA-N,-7.648
PGR,m05,mut_s1,detail,1,194,KRFPGHLUAFZMRZ-TYOBWDGZNA-N,-6.435
PGR,m05,mut_s1,detail,1,195,TVZGACDUOSZQKY-XBGCRKGSNA-N,-8.079
PGR,m05,mut_s1,detail,1,196,CXDZGSNFZYGQSZ-PKRZOPRNNA-N,-8.244
PGR,m05,mut_s1,detail,1,197,FBZYWIMLLHPUPX-VJSLDGLSNA-N,-6.222
PGR,m05,mut_s1,detail,1,198,HKJNKURRZRPPMK-MDXLESTANA-N,-6.849
PGR,m05,mut_s1,detail,1,199,DVAPEEIVFMOBQW-SLSKDPHBNA-N,-6.696
PGR,m05,mut_s1,detail,1,200,SVDIZPBCTLXSOH-LNNLXFCONA-N,-8.146
PGR,m05,mut_s1,detail,1,201,NDXCWKMYPWRPDY-NUCQJGHSNA-N,-6.752
PGR,m05,mut_s1,detail,1,202,VXHUMLIJAQHWIX-CRNXEPDINA-N,-8.555
PGR,m05,mut_s1,detail,1,203,KBZDVXICPAJAAT-LNNLXFCONA-N,-8.1
PGR,m05,mut_s1,detail,1,204,DVFDTYFATLFXHU-WOPMAMTRNA-N,-6.469
PGR,m05,mut_s1,detail,1,205,WURBKQGAFSESKZ-MPIMZMORNA-N,-8.562
PGR,m05,mut_s1,detail,1,206,LXGVFBXRKSCESU-UWUUZOGGNA-N,-5.376
PGR,m05,mut_s1,detail,1,207,CQWFJACPUQVVQZ-UHFFFAOYNA-N,-7.795
PGR,m05,mut_s1,detail,1,208,FEZAUPQJLJCQHD-XRJCTRHONA-N,-7.395
PGR,m05,mut_s1,detail,1,209,IDKGPACCMPKKQB-LIPPOORTNA-N,-10.094
PGR,m05,mut_s1,detail,1,210,PEPJPELNFRAZNQ-LKHHGCNMNA-N,-6.167
PGR,m05,mut_s1,detail,1,211,GRUWUINXLANFJE-LBOYIXSDNA-N,-6.908
PGR,m05,mut_s1,detail,1,212,RTFGYBAMFJVGHJ-UHFFFAOYNA-N,-8.4
PGR,m05,mut_s1,detail,1,213,LYJNRGFCMLOFNV-HIVOMVAKNA-N,-7.146
PGR,m05,mut_s1,detail,1,214,MKDSWBAEXGFAEE-LBOYIXSDNA-N,-6.079
PGR,m05,mut_s1,detail,1,215,NSLNDONZYBNSFU-ASVXZIMGNA-N,-8.62
PGR,m05,mut_s1,detail,1,216,HUDCDZLLNLJTEW-RBSQRGBYNA-N,-7.531
PGR,m05,mut_s1,detail,1,217,OFRDBFMZCXXKAH-LBOYIXSDNA-N,-8.122
PGR,m05,mut_s1,detail,1,218,NSLGAHAKEFYCED-PELNGNISNA-N,-6.567
PGR,m05,mut_s1,detail,1,219,QLSURSTUZJVSGU-NSJMMFDCNA-N,-8.504
PGR,m05,mut_s1,detail,1,220,CXLYWVWLNDGNIU-VEORKLDJNA-N,-5.265
PGR,m05,mut_s1,detail,1,221,RHIJMDNVEPLDED-UHFFFAOYNA-N,-8.164
PGR,m05,mut_s1,detail,1,222,YNUXXMJVZSTPFZ-CSKMVECVNA-N,-6.93
PGR,m05,mut_s1,detail,1,223,ILWOOGUHZKNTQQ-DNVCBOLYNA-N,-9.281
PGR,m05,mut_s1,detail,1,224,CARWTONHZWZDHZ-XIPNIRHDNA-N,-6.43
PGR,m05,mut_s1,detail,1,225,OSMWANBXVVPETF-HTBVCZPNNA-N,-7.751
PGR,m05,mut_s1,detail,1,226,KCNVHXJEALIYQI-PCRUTULWNA-N,-7.004
PGR,m05,mut_s1,detail,1,227,FPUDFDKQGXUBJA-QQXSKIMKNA-N,-8.047
PGR,m05,mut_s1,detail,1,228,MQWZYEDJGHLFFI-VJSLDGLSNA-N,-8.394
PGR,m05,mut_s1,detail,1,229,YPTIEFMKXZIMKO-LNNLXFCONA-N,-7.13
PGR,m05,mut_s1,detail,1,230,MWIZLUKLQZEFBC-LKHHGCNMNA-N,-5.485
PGR,m05,mut_s1,detail,1,231,PMNZCFDKKKLFHH-LBOYIXSDNA-N,-8.15
PGR,m05,mut_s1,detail,1,232,NELOFNHVEWRSBT-OKPOJWAQNA-N,-5.826
PGR,m05,mut_s1,detail,1,233,VCXACHHEDDVKAY-SREBMQDQNA-N,-8.341
PGR,m05,mut_s1,detail,1,234,KWJVADNYZMUTJY-IPYVVANSNA-N,-8.06
PGR,m05,mut_s1,detail,1,235,LLQAFRKQJAOAMO-XGEXJYLCNA-N,-7.204
PGR,m05,mut_s1,detail,1,236,VCAMVXBSKDFRFE-LNNLXFCONA-N,-8.054
PGR,m05,mut_s1,detail,1,237,QXIHUBWNLRPDRU-UHFFFAOYNA-N,-6.459
PGR,m05,mut_s1,detail,1,238,JUXOLKXMOLRWLC-MPIMZMORNA-N,-7.143
PGR,m05,mut_s1,detail,1,239,SQTIAXOMFTYLLF-QVYQQCQZNA-N,-5.561
PGR,m05,mut_s1,detail,1,240,BJSKDMOWRPAVMK-UHFFFAOYNA-N,-9.286
PGR,m05,mut_s1,detail,1,241,VRQPEWWROOGXLL-VJSLDGLSNA-N,-5.692
PGR,m05,mut_s1,detail,1,242,IXNOFPXGSKSKJH-HXTKINSTNA-N,-7.594
PGR,m05,mut_s1,detail,1,243,BMCFOHNLKRIWMC-UHFFFAOYNA-N,-6.074
PGR,m05,mut_s1,detail,1,244,FLFMKNMHDFIWDB-PJQSKVNONA-N,-10.383
PGR,m05,mut_s1,detail,1,245,JJLXVLWPUFIUBC-IGBJZSFZNA-N,-9.025
PGR,m05,mut_s1,detail,1,246,ZXCSBCTVTJFLOZ-JUEKIJOLNA-N,-7.503
PGR,m05,mut_s1,detail,1,247,LCSLDZZBWHBLFA-UHFFFAOYNA-N,-6.838
PGR,m05,mut_s1,detail,1,248,CAVTYMQSFAIXRJ-AKXZRBJUNA-N,-4.993
PGR,m05,mut_s1,detail,1,249,UFXJYIXRQNBEDW-UHFFFAOYNA-N,-9.193
PGR,m05,mut_s1,detail,1,250,HWIAWSLSCZUKKA-SFHVURJKNA-N,-6.686
PGR,m05,mut_s1,detail,1,251,MYHQHPUWOWUUQI-ZELWXOMMNA-N,-7.924
PGR,m05,mut_s1,detail,1,252,GWNRIUBPBWOQGT-UHFFFAOYNA-N,-9.962
PGR,m05,mut_s1,detail,1,253,YCWRQUXRVNLWEM-LELJVTLKNA-N,-6.549
PGR,m05,mut_s1,detail,1,254,DMRFDXBCAQFSFQ-UYLYIRGYNA-N,-8.354
PGR,m05,mut_s1,detail,1,255,XCZDGLYGEYYXKS-UWLQQCCWNA-N,-6.376
PGR,m06,mut_s1,detail,1,0,UDJUXZQGNCUDQR-LILDFLRNNA-N,-8.732
PGR,m06,mut_s1,detail,1,1,GANVJBSNVYJUKL-UHFFFAOYNA-N,-7.066
PGR,m06,mut_s1,detail,1,2,RUBHNPNCPXGKIE-YAQRNVERNA-N,-6.825
PGR,m06,mut_s1,detail,1,3,JYSICDMWNXGPIM-XLPACQNMNA-N,-6.962
PGR,m06,mut_s1,detail,1,4,KZDPKDSPDUVHGB-GAJRPKRDNA-N,-7.297
PGR,m06,mut_s1,detail,1,5,GQKJQNXSSQKJGW-HCKMINDGNA-N,-7.93
PGR,m06,mut_s1,detail,1,6,HJRUOZFNPQVNSF-MNIXEANVNA-N,-8.596
PGR,m06,mut_s1,detail,1,7,ALUOSUMBVMLDKR-UHFFFAOYNA-N,-9.124
PGR,m06,mut_s1,detail,1,8,QMQNUSSPTHZCGT-UYBDAZJANA-N,-8.474
PGR,m06,mut_s1,detail,1,9,UEZBMIQIUOTBJT-UYBDAZJANA-N,-8.614
PGR,m06,mut_s1,detail,1,10,ICZZTNOOMSQNCH-UHFFFAOYNA-N,-9.241
PGR,m06,mut_s1,detail,1,11,AMOFQKAIXTYZIZ-NPVYFSBINA-N,-7.802
PGR,m06,mut_s1,detail,1,12,IZOPLHPCKOSQQN-UHFFFAOYNA-N,-8.86
PGR,m06,mut_s1,detail,1,13,OFZZZJLWPKOLIX-GPQMBLKYNA-N,-8.341
PGR,m06,mut_s1,detail,1,14,BXADTFNFCCRMQU-UHFFFAOYNA-N,-6.968
PGR,m06,mut_s1,detail,1,15,PKQDOSZHMAIBHQ-GPQMBLKYNA-N,-8.997
PGR,m06,mut_s1,detail,1,16,JLTFAWOGGLXAFU-UHFFFAOYNA-N,-7.54
PGR,m06,mut_s1,detail,1,17,QYACKAORZRQPTE-UHFFFAOYNA-N,-7.071
PGR,m06,mut_s1,detail,1,18,FFJKVRCOUHEYOK-YAQRNVERNA-N,-6.958
PGR,m06,mut_s1,detail,1,19,MFTSRMJYWLCCSA-GHRIWEEINA-N,-9.295
PGR,m06,mut_s1,detail,1,20,NDRMSISLKTZBKD-HCKMINDGNA-N,-7.772
PGR,m06,mut_s1,detail,1,21,APGSUVBRVVNRPJ-UHFFFAOYNA-N,-8.806
PGR,m06,mut_s1,detail,1,22,MTIGVNBPQVLRLS-XQMQJMAZNA-N,-7.124
PGR,m06,mut_s1,detail,1,23,WIWDZNZJLUFUSQ-GSIAOYINNA-N,-8.119
PGR,m06,mut_s1,detail,1,24,WVJSLMIKTFBTBO-WVMALLHKNA-N,-7.564
PGR,m06,mut_s1,detail,1,25,QASCAWSPAPUKDI-UHFFFAOYNA-N,-9.025
PGR,m06,mut_s1,detail,1,26,WJZNKICGQZGRPQ-YHMJCDSINA-N,-6.289
PGR,m06,mut_s1,detail,1,27,ACKCEYIVRXUHDK-HCKMINDGNA-N,-8.493
PGR,m06,mut_s1,detail,1,28,GXKXWCKNQMYETG-UHFFFAOYNA-N,-8.686
PGR,m06,mut_s1,detail,1,29,QGTKEDSQUDRCEG-UHFFFAOYNA-N,-7.072
PGR,m06,mut_s1,detail,1,30,NYJUJIFSIDORSZ-LILDFLRNNA-N,-9.444
PGR,m06,mut_s1,detail,1,31,SCGGVBDHUNVGKR-VRGMUVNCNA-N,-8.859
PGR,m06,mut_s1,detail,1,32,ZWGVKWPZYUUFSB-YAQRNVERNA-N,-7.499
PGR,m06,mut_s1,detail,1,33,BCTONXHZFGFJIT-UHFFFAOYNA-N,-8.745
PGR,m06,mut_s1,detail,1,34,BIZAQLNMDJHGTL-HCKMINDGNA-N,-8.329
PGR,m06,mut_s1,detail,1,35,KZFYAEKGSRGKDQ-GPQMBLKYNA-N,-7.723
PGR,m06,mut_s1,detail,1,36,REZYNFOIWKOLBD-UHFFFAOYNA-N,-7.51
PGR,m06,mut_s1,detail,1,37,SDKQIECEJUFKHI-MUSVCJDDNA-N,-7.992
PGR,m06,mut_s1,detail,1,38,XUJSYVYKXBOYJP-JTQLQIEINA-N,-8.29
PGR,m06,mut_s1,detail,1,39,NVHKWMBHTXQWRP-NSFCMMSCNA-N,-8.063
PGR,m06,mut_s1,detail,1,40,AHYPQQDJTFMEJW-VGOFMYFVNA-N,-7.654
PGR,m06,mut_s1,detail,1,41,BGRJTUBHPOOWDU-QDYITYEQNA-N,-7.21
PGR,m06,mut_s1,detail,1,42,KJQORRCKEQRHKP-UHFFFAOYNA-N,-8.932
PGR,m06,mut_s1,detail,1,43,SJFPWWYCPGONOM-UHFFFAOYNA-N,-7.396
PGR,m06,mut_s1,detail,1,44,VEZJRJGLFIXQHG-KJQBJTEXNA-N,-8.845
PGR,m06,mut_s1,detail,1,45,VQXJTNXJSNLNEM-WYUMXYHSNA-N,-8.735
PGR,m06,mut_s1,detail,1,46,RWCDZKHBJGXNQH-UHFFFAOYNA-N,-8.371
PGR,m06,mut_s1,detail,1,47,JXOHPGXCMHDJOH-XQMQJMAZNA-N,-7.787
PGR,m06,mut_s1,detail,1,48,XNBZHZUOHMKIBH-UHFFFAOYNA-N,-7.513
PGR,m06,mut_s1,detail,1,49,VTEXVGQDUYFTHA-UHFFFAOYNA-N,-6.448
PGR,m06,mut_s1,detail,1,50,IUJLOAKJZQBENM-UHFFFAOYNA-N,-6.65
PGR,m06,mut_s1,detail,1,51,QHULAWVSDWNAPE-UHFFFAOYNA-N,-6.992
PGR,m06,mut_s1,detail,1,52,VGJKJRWFEYUOMP-YAQRNVERNA-N,-6.822
PGR,m06,mut_s1,detail,1,53,DDCFZIXVFUZWLX-UHFFFAOYNA-N,-7.747
PGR,m06,mut_s1,detail,1,54,OTCRWFSKWBSBLF-UHFFFAOYNA-N,-7.612
PGR,m06,mut_s1,detail,1,55,YFYMHQPNOSTLFF-XQMQJMAZNA-N,-7.679
PGR,m06,mut_s1,detail,1,56,DYMQNLJFFJCVBA-UHFFFAOYNA-N,-6.621
PGR,m06,mut_s1,detail,1,57,QERUYJGOUSNCOY-YHMJCDSINA-N,-7.358
PGR,m06,mut_s1,detail,1,58,VBKFPTDUXZKHJG-VNHYZAJKNA-N,-7.49
PGR,m06,mut_s1,detail,1,59,ZBEDJPDEINGEHM-UHFFFAOYNA-N,-6.288
PGR,m06,mut_s1,detail,1,60,LIEZHLXUCGSNOU-UHFFFAOYNA-N,-8.881
PGR,m06,mut_s1,detail,1,61,RROQODCMZSASRX-UHFFFAOYNA-N,-6.222
PGR,m06,mut_s1,detail,1,62,BPMAVTHRQBBTNZ-UYBDAZJANA-N,-8.85
PGR,m06,mut_s1,detail,1,63,ATKWLNSCJYLXPF-FICVDOATNA-N,-8.28
PGR,m06,mut_s1,detail,1,64,RLUBDGBLOPBNLZ-UHFFFAOYNA-N,-9.33
PGR,m06,mut_s1,detail,1,65,UVERTHXHNQWOMX-UHFFFAOYNA-N,-8.999
PGR,m06,mut_s1,detail,1,66,BPFYGTYAFCVUAQ-QWOVJGMINA-N,-8.581
PGR,m06,mut_s1,detail,1,67,ZODJKQULMZCUCT-PKSOQXRJNA-N,-8.722
PGR,m06,mut_s1,detail,1,68,WEZGTMJXSVLNML-MPIMZMORNA-N,-9.021
PGR,m06,mut_s1,detail,1,69,IGZPSIOZEAIYTH-UHFFFAOYNA-N,-9.093
PGR,m06,mut_s1,detail,1,70,YRVFOAARONPYKD-UHFFFAOYNA-N,-8.712
PGR,m06,mut_s1,detail,1,71,ZESNJJBGEWLRGV-KAKWUFLPNA-N,-8.756
PGR,m06,mut_s1,detail,1,72,PYCBHJYHBUOUCW-PKSOQXRJNA-N,-7.805
PGR,m06,mut_s1,detail,1,73,ABPSNZWEZWHADJ-GPQMBLKYNA-N,-8.488
PGR,m06,mut_s1,detail,1,74,WXDJXWILXCCWRK-UHFFFAOYNA-N,-7.72
PGR,m06,mut_s1,detail,1,75,VCRWHFFSQUYIOM-DDCYPFOINA-N,-7.055
PGR,m06,mut_s1,detail,1,76,JANVEQMYWYPFNU-RTAVDJSLNA-N,-7.088
PGR,m06,mut_s1,detail,1,77,IQLYJZGQMYCKRA-QWOVJGMINA-N,-8.797
PGR,m06,mut_s1,detail,1,78,CTAZJMUKYKCOMY-HVXXBKQBNA-N,-8.003
PGR,m06,mut_s1,detail,1,79,FXRIMHMLPNSELN-XBTAAFKLNA-N,-9.266
PGR,m06,mut_s1,detail,1,80,GEUQUSZFVWZXJI-UHFFFAOYNA-N,-8.337
PGR,m06,mut_s1,detail,1,81,AFGXLUJVZOJZCS-DVIAZDKANA-N,-9.213
PGR,m06,mut_s1,detail,1,82,QPNICESGZANARJ-MPIMZMORNA-N,-9.064
PGR,m06,mut_s1,detail,1,83,QFHCJULFNFFSDD-MPIMZMORNA-N,-8.602
PGR,m06,mut_s1,detail,1,84,MABJRAVWPUIQDD-GPQMBLKYNA-N,-7.037
PGR,m06,mut_s1,detail,1,85,KEULGNACOIQOLD-LILDFLRNNA-N,-8.327
PGR,m06,mut_s1,detail,1,86,PHUKSBWGYBHYCM-ZANVPECINA-N,-8.696
PGR,m06,mut_s1,detail,1,87,VBFJSECKEUOBIV-UYBDAZJANA-N,-8.623
PGR,m06,mut_s1,detail,1,88,VKOJWPSHQQXTMQ-AWQFTUOYNA-N,-9.555
PGR,m06,mut_s1,detail,1,89,WGGCYQHFLWUGKK-LNNLXFCONA-N,-10.3
PGR,m06,mut_s1,detail,1,90,SEESZUWDWXYFGB-HUUCEWRRNA-N,-8.104
PGR,m06,mut_s1,detail,1,91,SAOIUZZZCRDJIE-UYBDAZJANA-N,-8.875
PGR,m06,mut_s1,detail,1,92,LCZXUQMWBHAHOF-PKSOQXRJNA-N,-9.162
PGR,m06,mut_s1,detail,1,93,HJZRMYRSMHLBMM-UHFFFAOYNA-N,-7.684
PGR,m06,mut_s1,detail,1,94,NYIAMZTVDFGSMO-UHFFFAOYNA-N,-9.569
PGR,m06,mut_s1,detail,1,95,PBGALVWBACEVEC-QWOVJGMINA-N,-9.735
PGR,m06,mut_s1,detail,1,96,DDCGYKUGMMDSDD-PKSOQXRJNA-N,-8.938
PGR,m06,mut_s1,detail,1,97,IIROHAHLTGYHGV-UYBDAZJANA-N,-8.901
PGR,m06,mut_s1,detail,1,98,IQJXWGCMCSFZHI-LQFNOIFHNA-N,-9.125
PGR,m06,mut_s1,detail,1,99,OPSKQPYXZASNGA-QWOVJGMINA-N,-7.923
PGR,m06,mut_s1,detail,1,100,COHPEUUUDGXEPG-MPIMZMORNA-N,-10.188
PGR,m06,mut_s1,detail,1,101,LCLQRXYSCAZUJT-PKSOQXRJNA-N,-7.949
PGR,m06,mut_s1,detail,1,102,DMWUHECJQADMOM-PKSOQXRJNA-N,-8.885
PGR,m06,mut_s1,detail,1,103,RINYNDHGPMMUPG-UYBDAZJANA-N,-8.204
PGR,m06,mut_s1,detail,1,104,GWFMSEYHCOCBEH-UYBDAZJANA-N,-8.472
PGR,m06,mut_s1,detail,1,105,ZSYYKQAVTXERHH-LILDFLRNNA-N,-8.508
PGR,m06,mut_s1,detail,1,106,RFGLZFMBWWKYGX-UHFFFAOYNA-N,-8.627
PGR,m06,mut_s1,detail,1,107,ZCFXIPSPKDGCHW-HSJCKIQZNA-N,-7.759
PGR,m06,mut_s1,detail,1,108,OJBRUITYMUOMQJ-UYBDAZJANA-N,-9.048
PGR,m06,mut_s1,detail,1,109,QRQQRMCYDJTOMZ-IHYGWTSJNA-N,-8.811
PGR,m06,mut_s1,detail,1,110,UZYHGPCXMSFTKE-NPQUBYNZNA-N,-7.999
PGR,m06,mut_s1,detail,1,111,FKRLYCLDDLGGPB-HCKMINDGNA-N,-7.671
PGR,m06,mut_s1,detail,1,112,SJUXHCSNSGLKJD-UYBDAZJANA-N,-8.813
PGR,m06,mut_s1,detail,1,113,MDJMMLITJGVNQI-LILDFLRNNA-N,-7.648
PGR,m06,mut_s1,detail,1,114,LAKWSLSTUWRCOM-UHFFFAOYNA-N,-9.774
PGR,m06,mut_s1,detail,1,115,RZYYWEWDCWHDNZ-PKSOQXRJNA-N,-7.307
PGR,m06,mut_s1,detail,1,116,KSTQHOAVVBOECJ-PKSOQXRJNA-N,-8.115
PGR,m06,mut_s1,detail,1,117,LTBODPBDLZJCLH-UHFFFAOYNA-N,-9.483
PGR,m06,mut_s1,detail,1,118,YNPHZUYBOQPWKQ-UYBDAZJANA-N,-7.718
PGR,m06,mut_s1,detail,1,119,TZYCJGJZUSVUSB-UHFFFAOYNA-N,-7.547
PGR,m06,mut_s1,detail,1,120,YDEMTQMAWLEDQT-HPHMPNDVNA-N,-8.857
PGR,m06,mut_s1,detail,1,121,JJTMKAVMZRVHFW-JZJYNLBNNA-N,-7.708
PGR,m06,mut_s1,detail,1,122,UQILDYXMCYUCGV-MPIMZMORNA-N,-9.994
PGR,m06,mut_s1,detail,1,123,LRULJABSRXBARK-PKSOQXRJNA-N,-8.368
PGR,m06,mut_s1,detail,1,124,FDGMHVXFEWDBLE-GZNJHTOZNA-N,-8.148
PGR,m06,mut_s1,detail,1,125,MDPXBTVEVMPBMF-MRSUPTMINA-N,-8.674
PGR,m06,mut_s1,detail,1,126,PRDMNBQAHOVKAV-UHFFFAOYNA-N,-10.339
PGR,m06,mut_s1,detail,1,127,OBAYJABSUJXLMA-HCKMINDGNA-N,-7.807
PGR,m06,mut_s1,detail,1,128,HLMWKCMXNWJGGO-VNHAUOCNNA-N,-9.396
PGR,m06,mut_s1,detail,1,129,ZWXZFCRRFQRJPF-QWOVJGMINA-N,-9.777
PGR,m06,mut_s1,detail,1,130,IXUSJKAERUMZME-NBNNRKRINA-N,-9.226
PGR,m06,mut_s1,detail,1,131,WDVACORMOUBMRH-NPQUBYNZNA-N,-8.742
PGR,m06,mut_s1,detail,1,132,UXLJJGBAQOYQMV-UHFFFAOYNA-N,-9.802
PGR,m06,mut_s1,detail,1,133,RWPNUXJCHLIEDT-UHFFFAOYNA-N,-8.677
PGR,m06,mut_s1,detail,1,134,BTCLKPCIIFOYHE-KRMNUSLJNA-N,-9.593
PGR,m06,mut_s1,detail,1,135,IGYZXGKFEXFDBK-SPEPDGBUNA-N,-10.071
PGR,m06,mut_s1,detail,1,136,RUKFQFDSWPNHGL-LNNLXFCONA-N,-9.461
PGR,m06,mut_s1,detail,1,137,QTHMBVGZTPOODZ-FVJBVQDQNA-N,-8.924
PGR,m06,mut_s1,detail,1,138,BLQYVHBZHAISJM-LSHAIWFFNA-N,-9.687
PGR,m06,mut_s1,detail,1,139,WMDYKLMOCCOUEL-SACSUSJJNA-N,-10.011
PGR,m06,mut_s1,detail,1,140,LEVPVCOKBQEXMQ-MPIMZMORNA-N,-10.591
PGR,m06,mut_s1,detail,1,141,YYDFYJDBXOSJHE-WBMJQRKENA-N,-10.091
PGR,m06,mut_s1,detail,1,142,NFXJPCKVPBXSDH-LQFNOIFHNA-N,-9.054
PGR,m06,mut_s1,detail,1,143,KAUHJCPWWQWSJV-LELJVTLKNA-N,-8.91
PGR,m06,mut_s1,detail,1,144,NVZSQUSTRBKANP-YIVFFDRWNA-N,-8.882
PGR,m06,mut_s1,detail,1,145,WIKNISOFBKUYKR-LBOYIXSDNA-N,-8.875
PGR,m06,mut_s1,detail,1,146,AQIYGSAXYBBKKP-LNNLXFCONA-N,-9.401
PGR,m06,mut_s1,detail,1,147,TWKQKOFHSPYVSG-LQFNOIFHNA-N,-9.069
PGR,m06,mut_s1,detail,1,148,LVWSKXKIFXRKQJ-QWOVJGMINA-N,-8.859
PGR,m06,mut_s1,detail,1,149,BBBUKQRTMPJLSL-FHIWLMNKNA-N,-8.655
PGR,m06,mut_s1,detail,1,150,SCECNMVMCCDVHC-UHFFFAOYNA-N,-9.236
PGR,m06,mut_s1,detail,1,151,OLMVVVWTBFULHB-HXTKINSTNA-N,-10.759
PGR,m06,mut_s1,detail,1,152,BJXFHKHIABEKFL-HXTKINSTNA-N,-9.863
PGR,m06,mut_s1,detail,1,153,GMYAIAZTDBDYGE-UHFFFAOYNA-N,-10.222
PGR,m06,mut_s1,detail,1,154,OMIWVZGQMXEZLZ-UHFFFAOYNA-N,-9.08
PGR,m06,mut_s1,detail,1,155,SFQDUATXFZWGHZ-UHFFFAOYNA-N,-7.162
PGR,m06,mut_s1,detail,1,156,AMRCHQSZZXWZBI-UHFFFAOYNA-N,-7.337
PGR,m06,mut_s1,detail,1,157,PDKBGLXLXHGRIF-UHFFFAOYNA-N,-8.845
PGR,m06,mut_s1,detail,1,158,IMPCJHDDDAGSIP-UHFFFAOYNA-N,-8.413
PGR,m06,mut_s1,detail,1,159,QKASSONCRIQFQE-UHFFFAOYNA-N,-9.535
PGR,m06,mut_s1,detail,1,160,RBPSUSGZEBUPLW-LELJVTLKNA-N,-10.04
PGR,m06,mut_s1,detail,1,161,IZMNNUPSRDMEKL-LICXQBBSNA-N,-8.269
PGR,m06,mut_s1,detail,1,162,PAVNRYHGSYWSPV-MPIMZMORNA-N,-8.346
PGR,m06,mut_s1,detail,1,163,TZXYYVHNWAKJLI-UHFFFAOYNA-N,-8.662
PGR,m06,mut_s1,detail,1,164,HNOCRTTZBPUBHY-UHFFFAOYNA-N,-9.927
PGR,m06,mut_s1,detail,1,165,WMPZPNIPTZCCJK-PKSOQXRJNA-N,-8.145
PGR,m06,mut_s1,detail,1,166,OBPAOULTANNRFC-QWOVJGMINA-N,-8.169
PGR,m06,mut_s1,detail,1,167,UCJOWIKNRBWRAB-UHFFFAOYNA-N,-9.431
PGR,m06,mut_s1,detail,1,168,GFKDVMSTTKOYOX-QCVZTBOQNA-N,-9.073
PGR,m06,mut_s1,detail,1,169,BAEJDWKEKZSULN-UHFFFAOYNA-N,-7.485
PGR,m06,mut_s1,detail,1,170,KZUDVENDSUODSU-LQFNOIFHNA-N,-9.17
PGR,m06,mut_s1,detail,1,171,HBYPDVHGDKCNMT-DVIAZDKANA-N,-9.752
PGR,m06,mut_s1,detail,1,172,PMUHFTCPDVPMRF-LELJVTLKNA-N,-11.31
PGR,m06,mut_s1,detail,1,173,XIYSICLOFPYCTK-ZVWSISBDNA-N,-9.77
PGR,m06,mut_s1,detail,1,174,CFOFCUAQALFPIW-HPRFPMAVNA-N,-9.861
PGR,m06,mut_s1,detail,1,175,ZNBMRULRQJAJNW-IRIILVJRNA-N,-8.889
PGR,m06,mut_s1,detail,1,176,RSQKKNPJKLBGPF-DVIAZDKANA-N,-8.487
PGR,m06,mut_s1,detail,1,177,UIYRVVZHZVHONZ-QWOVJGMINA-N,-9.624
PGR,m06,mut_s1,detail,1,178,RNCGDYFDZJIQTQ-UHFFFAOYNA-N,-9.714
PGR,m06,mut_s1,detail,1,179,QOWFNZNDIAKQKO-QFIPXVFZNA-N,-9.058
PGR,m06,mut_s1,detail,1,180,FIPNXDSUMLBDQK-LQFNOIFHNA-N,-9.293
PGR,m06,mut_s1,detail,1,181,NHFGNUVGTDMGKX-UHFFFAOYNA-N,-9.861
PGR,m06,mut_s1,detail,1,182,RNBGNITZKVUDSK-YFMNGRKDNA-N,-7.368
PGR,m06,mut_s1,detail,1,183,CPEKPARXQVWWJD-IAXKEJLGNA-N,-7.827
PGR,m06,mut_s1,detail,1,184,IEAABJYVWXHFOX-MPIMZMORNA-N,-9.401
PGR,m06,mut_s1,detail,1,185,DSNCXRXGMZSRBV-GOSISDBHNA-N,-9.922
PGR,m06,mut_s1,detail,1,186,DOVTZHSQYCZIIX-MPIMZMORNA-N,-8.491
PGR,m06,mut_s1,detail,1,187,BKYWKCMMWRHBGX-SPEPDGBUNA-N,-9.725
PGR,m06,mut_s1,detail,1,188,MTRHSIOVVWFAOM-MPIMZMORNA-N,-8.947
PGR,m06,mut_s1,detail,1,189,VZLVPTSUFJDRRQ-LELJVTLKNA-N,-8.529
PGR,m06,mut_s1,detail,1,190,FJYPQTWLGSEZAE-UNEGGNDLNA-N,-8.581
PGR,m06,mut_s1,detail,1,191,FOJSFYSVCCQUQP-VVKINWOJNA-N,-8.228
PGR,m06,mut_s1,detail,1,192,SULPKNWDXWJTHQ-GCNJZUOMNA-N,-6.943
PGR,m06,mut_s1,detail,1,193,JTPAQMOUZGIORE-UHFFFAOYNA-N,-11.167
PGR,m06,mut_s1,detail,1,194,KRFPGHLUAFZMRZ-TYOBWDGZNA-N,-8.988
PGR,m06,mut_s1,detail,1,195,TVZGACDUOSZQKY-XBGCRKGSNA-N,-8.55
PGR,m06,mut_s1,detail,1,196,CXDZGSNFZYGQSZ-PKRZOPRNNA-N,-10.118
PGR,m06,mut_s1,detail,1,197,FBZYWIMLLHPUPX-VJSLDGLSNA-N,-9.376
PGR,m06,mut_s1,detail,1,198,HKJNKURRZRPPMK-MDXLESTANA-N,-7.694
PGR,m06,mut_s1,detail,1,199,DVAPEEIVFMOBQW-SLSKDPHBNA-N,-9.762
PGR,m06,mut_s1,detail,1,200,SVDIZPBCTLXSOH-LNNLXFCONA-N,-9.303
PGR,m06,mut_s1,detail,1,201,NDXCWKMYPWRPDY-NUCQJGHSNA-N,-9.8
PGR,m06,mut_s1,detail,1,202,VXHUMLIJAQHWIX-CRNXEPDINA-N,-9.212
PGR,m06,mut_s1,detail,1,203,KBZDVXICPAJAAT-LNNLXFCONA-N,-8.392
PGR,m06,mut_s1,detail,1,204,DVFDTYFATLFXHU-WOPMAMTRNA-N,-8.779
PGR,m06,mut_s1,detail,1,205,WURBKQGAFSESKZ-MPIMZMORNA-N,-9.507
PGR,m06,mut_s1,detail,1,206,LXGVFBXRKSCESU-UWUUZOGGNA-N,-9.374
PGR,m06,mut_s1,detail,1,207,CQWFJACPUQVVQZ-UHFFFAOYNA-N,-9.17
PGR,m06,mut_s1,detail,1,208,FEZAUPQJLJCQHD-XRJCTRHONA-N,-10.603
PGR,m06,mut_s1,detail,1,209,IDKGPACCMPKKQB-LIPPOORTNA-N,-10.852
PGR,m06,mut_s1,detail,1,210,PEPJPELNFRAZNQ-LKHHGCNMNA-N,-10.407
PGR,m06,mut_s1,detail,1,211,GRUWUINXLANFJE-LBOYIXSDNA-N,-7.449
PGR,m06,mut_s1,detail,1,212,RTFGYBAMFJVGHJ-UHFFFAOYNA-N,-8.726
PGR,m06,mut_s1,detail,1,213,LYJNRGFCMLOFNV-HIVOMVAKNA-N,-7.64
PGR,m06,mut_s1,detail,1,214,MKDSWBAEXGFAEE-LBOYIXSDNA-N,-9.934
PGR,m06,mut_s1,detail,1,215,NSLNDONZYBNSFU-ASVXZIMGNA-N,-9.687
PGR,m06,mut_s1,detail,1,216,HUDCDZLLNLJTEW-RBSQRGBYNA-N,-9.831
PGR,m06,mut_s1,detail,1,217,OFRDBFMZCXXKAH-LBOYIXSDNA-N,-10.322
PGR,m06,mut_s1,detail,1,218,NSLGAHAKEFYCED-PELNGNISNA-N,-8.694
PGR,m06,mut_s1,detail,1,219,QLSURSTUZJVSGU-NSJMMFDCNA-N,-10.516
PGR,m06,mut_s1,detail,1,220,CXLYWVWLNDGNIU-VEORKLDJNA-N,-8.72
PGR,m06,mut_s1,detail,1,221,RHIJMDNVEPLDED-UHFFFAOYNA-N,-10.429
PGR,m06,mut_s1,detail,1,222,YNUXXMJVZSTPFZ-CSKMVECVNA-N,-9.588
PGR,m06,mut_s1,detail,1,223,ILWOOGUHZKNTQQ-DNVCBOLYNA-N,-10.331
PGR,m06,mut_s1,detail,1,224,CARWTONHZWZDHZ-XIPNIRHDNA-N,-8.017
PGR,m06,mut_s1,detail,1,225,OSMWANBXVVPETF-HTBVCZPNNA-N,-10.625
PGR,m06,mut_s1,detail,1,226,KCNVHXJEALIYQI-PCRUTULWNA-N,-8.218
PGR,m06,mut_s1,detail,1,227,FPUDFDKQGXUBJA-QQXSKIMKNA-N,-9.203
PGR,m06,mut_s1,detail,1,228,MQWZYEDJGHLFFI-VJSLDGLSNA-N,-10.391
PGR,m06,mut_s1,detail,1,229,YPTIEFMKXZIMKO-LNNLXFCONA-N,-10.946
PGR,m06,mut_s1,detail,1,230,MWIZLUKLQZEFBC-LKHHGCNMNA-N,-9.814
PGR,m06,mut_s1,detail,1,231,PMNZCFDKKKLFHH-LBOYIXSDNA-N,-10.706
PGR,m06,mut_s1,detail,1,232,NELOFNHVEWRSBT-OKPOJWAQNA-N,-9.765
PGR,m06,mut_s1,detail,1,233,VCXACHHEDDVKAY-SREBMQDQNA-N,-11.806
PGR,m06,mut_s1,detail,1,234,KWJVADNYZMUTJY-IPYVVANSNA-N,-10.741
PGR,m06,mut_s1,detail,1,235,LLQAFRKQJAOAMO-XGEXJYLCNA-N,-8.147
PGR,m06,mut_s1,detail,1,236,VCAMVXBSKDFRFE-LNNLXFCONA-N,-8.734
PGR,m06,mut_s1,detail,1,237,QXIHUBWNLRPDRU-UHFFFAOYNA-N,-10.063
PGR,m06,mut_s1,detail,1,238,JUXOLKXMOLRWLC-MPIMZMORNA-N,-8.227
PGR,m06,mut_s1,detail,1,239,SQTIAXOMFTYLLF-QVYQQCQZNA-N,-9.968
PGR,m06,mut_s1,detail,1,240,BJSKDMOWRPAVMK-UHFFFAOYNA-N,-9.265
PGR,m06,mut_s1,detail,1,241,VRQPEWWROOGXLL-VJSLDGLSNA-N,-8.688
PGR,m06,mut_s1,detail,1,242,IXNOFPXGSKSKJH-HXTKINSTNA-N,-10.421
PGR,m06,mut_s1,detail,1,243,BMCFOHNLKRIWMC-UHFFFAOYNA-N,-7.834
PGR,m06,mut_s1,detail,1,244,FLFMKNMHDFIWDB-PJQSKVNONA-N,-10.473
PGR,m06,mut_s1,detail,1,245,JJLXVLWPUFIUBC-IGBJZSFZNA-N,-9.646
PGR,m06,mut_s1,detail,1,246,ZXCSBCTVTJFLOZ-JUEKIJOLNA-N,-8.201
PGR,m06,mut_s1,detail,1,247,LCSLDZZBWHBLFA-UHFFFAOYNA-N,-7.509
PGR,m06,mut_s1,detail,1,248,CAVTYMQSFAIXRJ-AKXZRBJUNA-N,-8.131
PGR,m06,mut_s1,detail,1,249,UFXJYIXRQNBEDW-UHFFFAOYNA-N,-8.443
PGR,m06,mut_s1,detail,1,250,HWIAWSLSCZUKKA-SFHVURJKNA-N,-9.584
PGR,m06,mut_s1,detail,1,251,MYHQHPUWOWUUQI-ZELWXOMMNA-N,-8.921
PGR,m06,mut_s1,detail,1,252,GWNRIUBPBWOQGT-UHFFFAOYNA-N,-9.59
PGR,m06,mut_s1,detail,1,253,YCWRQUXRVNLWEM-LELJVTLKNA-N,-9.146
PGR,m06,mut_s1,detail,1,254,DMRFDXBCAQFSFQ-UYLYIRGYNA-N,-8.479
PGR,m06,mut_s1,detail,1,255,XCZDGLYGEYYXKS-UWLQQCCWNA-N,-8.595
PGR,m07,mut_s1,detail,1,0,UDJUXZQGNCUDQR-LILDFLRNNA-N,-8.234
PGR,m07,mut_s1,detail,1,1,GANVJBSNVYJUKL-UHFFFAOYNA-N,-6.845
PGR,m07,mut_s1,detail,1,2,RUBHNPNCPXGKIE-YAQRNVERNA-N,-6.579
PGR,m07,mut_s1,detail,1,3,JYSICDMWNXGPIM-XLPACQNMNA-N,-6.128
PGR,m07,mut_s1,detail,1,4,KZDPKDSPDUVHGB-GAJRPKRDNA-N,-7.184
PGR,m07,mut_s1,detail,1,5,GQKJQNXSSQKJGW-HCKMINDGNA-N,-8.312
PGR,m07,mut_s1,detail,1,6,HJRUOZFNPQVNSF-MNIXEANVNA-N,-7.963
PGR,m07,mut_s1,detail,1,7,ALUOSUMBVMLDKR-UHFFFAOYNA-N,-9.385
PGR,m07,mut_s1,detail,1,8,QMQNUSSPTHZCGT-UYBDAZJANA-N,-8.38
PGR,m07,mut_s1,detail,1,9,UEZBMIQIUOTBJT-UYBDAZJANA-N,-8.472
PGR,m07,mut_s1,detail,1,10,ICZZTNOOMSQNCH-UHFFFAOYNA-N,-8.627
PGR,m07,mut_s1,detail,1,11,AMOFQKAIXTYZIZ-NPVYFSBINA-N,-7.505
PGR,m07,mut_s1,detail,1,12,IZOPLHPCKOSQQN-UHFFFAOYNA-N,-8.546
PGR,m07,mut_s1,detail,1,13,OFZZZJLWPKOLIX-GPQMBLKYNA-N,-8.263
PGR,m07,mut_s1,detail,1,14,BXADTFNFCCRMQU-UHFFFAOYNA-N,-6.615
PGR,m07,mut_s1,detail,1,15,PKQDOSZHMAIBHQ-GPQMBLKYNA-N,-8.182
PGR,m07,mut_s1,detail,1,16,JLTFAWOGGLXAFU-UHFFFAOYNA-N,-7.288
PGR,m07,mut_s1,detail,1,17,QYACKAORZRQPTE-UHFFFAOYNA-N,-7.042
PGR,m07,mut_s1,detail,1,18,FFJKVRCOUHEYOK-YAQRNVERNA-N,-6.911
PGR,m07,mut_s1,detail,1,19,MFTSRMJYWLCCSA-GHRIWEEINA-N,-8.961
PGR,m07,mut_s1,detail,1,20,NDRMSISLKTZBKD-HCKMINDGNA-N,-7.363
PGR,m07,mut_s1,detail,1,21,APGSUVBRVVNRPJ-UHFFFAOYNA-N,-8.691
PGR,m07,mut_s1,detail,1,22,MTIGVNBPQVLRLS-XQMQJMAZNA-N,-7.179
PGR,m07,mut_s1,detail,1,23,WIWDZNZJLUFUSQ-GSIAOYINNA-N,-8.144
PGR,m07,mut_s1,detail,1,24,WVJSLMIKTFBTBO-WVMALLHKNA-N,-7.204
PGR,m07,mut_s1,detail,1,25,QASCAWSPAPUKDI-UHFFFAOYNA-N,-8.717
PGR,m07,mut_s1,detail,1,26,WJZNKICGQZGRPQ-YHMJCDSINA-N,-6.344
PGR,m07,mut_s1,detail,1,27,ACKCEYIVRXUHDK-HCKMINDGNA-N,-8.705
PGR,m07,mut_s1,detail,1,28,GXKXWCKNQMYETG-UHFFFAOYNA-N,-8.394
PGR,m07,mut_s1,detail,1,29,QGTKEDSQUDRCEG-UHFFFAOYNA-N,-6.944
PGR,m07,mut_s1,detail,1,30,NYJUJIFSIDORSZ-LILDFLRNNA-N,-8.684
PGR,m07,mut_s1,detail,1,31,SCGGVBDHUNVGKR-VRGMUVNCNA-N,-8.978
PGR,m07,mut_s1,detail,1,32,ZWGVKWPZYUUFSB-YAQRNVERNA-N,-7.495
PGR,m07,mut_s1,detail,1,33,BCTONXHZFGFJIT-UHFFFAOYNA-N,-8.417
PGR,m07,mut_s1,detail,1,34,BIZAQLNMDJHGTL-HCKMINDGNA-N,-7.995
PGR,m07,mut_s1,detail,1,35,KZFYAEKGSRGKDQ-GPQMBLKYNA-N,-7.931
PGR,m07,mut_s1,detail,1,36,REZYNFOIWKOLBD-UHFFFAOYNA-N,-6.888
PGR,m07,mut_s1,detail,1,37,SDKQIECEJUFKHI-MUSVCJDDNA-N,-8.158
PGR,m07,mut_s1,detail,1,38,XUJSYVYKXBOYJP-JTQLQIEINA-N,-8.108
PGR,m07,mut_s1,detail,1,39,NVHKWMBHTXQWRP-NSFCMMSCNA-N,-7.62
PGR,m07,mut_s1,detail,1,40,AHYPQQDJTFMEJW-VGOFMYFVNA-N,-7.405
PGR,m07,mut_s1,detail,1,41,BGRJTUBHPOOWDU-QDYITYEQNA-N,-7.216
PGR,m07,mut_s1,detail,1,42,KJQORRCKEQRHKP-UHFFFAOYNA-N,-9.263
PGR,m07,mut_s1,detail,1,43,SJFPWWYCPGONOM-UHFFFAOYNA-N,-7.604
PGR,m07,mut_s1,detail,1,44,VEZJRJGLFIXQHG-KJQBJTEXNA-N,-8.127
PGR,m07,mut_s1,detail,1,45,VQXJTNXJSNLNEM-WYUMXYHSNA-N,-8.225
PGR,m07,mut_s1,detail,1,46,RWCDZKHBJGXNQH-UHFFFAOYNA-N,-8.309
PGR,m07,mut_s1,detail,1,47,JXOHPGXCMHDJOH-XQMQJMAZNA-N,-7.752
PGR,m07,mut_s1,detail,1,48,XNBZHZUOHMKIBH-UHFFFAOYNA-N,-7.482
PGR,m07,mut_s1,detail,1,49,VTEXVGQDUYFTHA-UHFFFAOYNA-N,-6.204
PGR,m07,mut_s1,detail,1,50,IUJLOAKJZQBENM-UHFFFAOYNA-N,-6.478
PGR,m07,mut_s1,detail,1,51,QHULAWVSDWNAPE-UHFFFAOYNA-N,-7.394
PGR,m07,mut_s1,detail,1,52,VGJKJRWFEYUOMP-YAQRNVERNA-N,-6.928
PGR,m07,mut_s1,detail,1,53,DDCFZIXVFUZWLX-UHFFFAOYNA-N,-8.092
PGR,m07,mut_s1,detail,1,54,OTCRWFSKWBSBLF-UHFFFAOYNA-N,-7.051
PGR,m07,mut_s1,detail,1,55,YFYMHQPNOSTLFF-XQMQJMAZNA-N,-7.181
PGR,m07,mut_s1,detail,1,56,DYMQNLJFFJCVBA-UHFFFAOYNA-N,-6.62
PGR,m07,mut_s1,detail,1,57,QERUYJGOUSNCOY-YHMJCDSINA-N,-7.122
PGR,m07,mut_s1,detail,1,58,VBKFPTDUXZKHJG-VNHYZAJKNA-N,-7.481
PGR,m07,mut_s1,detail,1,59,ZBEDJPDEINGEHM-UHFFFAOYNA-N,-5.928
PGR,m07,mut_s1,detail,1,60,LIEZHLXUCGSNOU-UHFFFAOYNA-N,-8.304
PGR,m07,mut_s1,detail,1,61,RROQODCMZSASRX-UHFFFAOYNA-N,-6.422
PGR,m07,mut_s1,detail,1,62,BPMAVTHRQBBTNZ-UYBDAZJANA-N,-8.355
PGR,m07,mut_s1,detail,1,63,ATKWLNSCJYLXPF-FICVDOATNA-N,-8.17
PGR,m07,mut_s1,detail,1,64,RLUBDGBLOPBNLZ-UHFFFAOYNA-N,-9.419
PGR,m07,mut_s1,detail,1,65,UVERTHXHNQWOMX-UHFFFAOYNA-N,-8.513
PGR,m07,mut_s1,detail,1,66,BPFYGTYAFCVUAQ-QWOVJGMINA-N,-8.85
PGR,m07,mut_s1,detail,1,67,ZODJKQULMZCUCT-PKSOQXRJNA-N,-8.205
PGR,m07,mut_s1,detail,1,68,WEZGTMJXSVLNML-MPIMZMORNA-N,-8.756
PGR,m07,mut_s1,detail,1,69,IGZPSIOZEAIYTH-UHFFFAOYNA-N,-9.336
PGR,m07,mut_s1,detail,1,70,YRVFOAARONPYKD-UHFFFAOYNA-N,-9.505
PGR,m07,mut_s1,detail,1,71,ZESNJJBGEWLRGV-KAKWUFLPNA-N,-9.498
PGR,m07,mut_s1,detail,1,72,PYCBHJYHBUOUCW-PKSOQXRJNA-N,-7.473
PGR,m07,mut_s1,detail,1,73,ABPSNZWEZWHADJ-GPQMBLKYNA-N,-8.039
PGR,m07,mut_s1,detail,1,74,WXDJXWILXCCWRK-UHFFFAOYNA-N,-7.613
PGR,m07,mut_s1,detail,1,75,VCRWHFFSQUYIOM-DDCYPFOINA-N,-6.948
PGR,m07,mut_s1,detail,1,76,JANVEQMYWYPFNU-RTAVDJSLNA-N,-7.182
PGR,m07,mut_s1,detail,1,77,IQLYJZGQMYCKRA-QWOVJGMINA-N,-8.438
PGR,m07,mut_s1,detail,1,78,CTAZJMUKYKCOMY-HVXXBKQBNA-N,-7.977
PGR,m07,mut_s1,detail,1,79,FXRIMHMLPNSELN-XBTAAFKLNA-N,-6.213
PGR,m07,mut_s1,detail,1,80,GEUQUSZFVWZXJI-UHFFFAOYNA-N,-8.391
PGR,m07,mut_s1,detail,1,81,AFGXLUJVZOJZCS-DVIAZDKANA-N,-7.384
PGR,m07,mut_s1,detail,1,82,QPNICESGZANARJ-MPIMZMORNA-N,-8.843
PGR,m07,mut_s1,detail,1,83,QFHCJULFNFFSDD-MPIMZMORNA-N,-8.327
PGR,m07,mut_s1,detail,1,84,MABJRAVWPUIQDD-GPQMBLKYNA-N,-7.536
PGR,m07,mut_s1,detail,1,85,KEULGNACOIQOLD-LILDFLRNNA-N,-8.098
PGR,m07,mut_s1,detail,1,86,PHUKSBWGYBHYCM-ZANVPECINA-N,-8.257
PGR,m07,mut_s1,detail,1,87,VBFJSECKEUOBIV-UYBDAZJANA-N,-8.06
PGR,m07,mut_s1,detail,1,88,VKOJWPSHQQXTMQ-AWQFTUOYNA-N,-9.06
PGR,m07,mut_s1,detail,1,89,WGGCYQHFLWUGKK-LNNLXFCONA-N,-10.037
PGR,m07,mut_s1,detail,1,90,SEESZUWDWXYFGB-HUUCEWRRNA-N,-7.952
PGR,m07,mut_s1,detail,1,91,SAOIUZZZCRDJIE-UYBDAZJANA-N,-8.172
PGR,m07,mut_s1,detail,1,92,LCZXUQMWBHAHOF-PKSOQXRJNA-N,-8.549
PGR,m07,mut_s1,detail,1,93,HJZRMYRSMHLBMM-UHFFFAOYNA-N,-6.976
PGR,m07,mut_s1,detail,1,94,NYIAMZTVDFGSMO-UHFFFAOYNA-N,-8.705
PGR,m07,mut_s1,detail,1,95,PBGALVWBACEVEC-QWOVJGMINA-N,-10.193
PGR,m07,mut_s1,detail,1,96,DDCGYKUGMMDSDD-PKSOQXRJNA-N,-8.022
PGR,m07,mut_s1,detail,1,97,IIROHAHLTGYHGV-UYBDAZJANA-N,-8.501
PGR,m07,mut_s1,detail,1,98,IQJXWGCMCSFZHI-LQFNOIFHNA-N,-10.226
PGR,m07,mut_s1,detail,1,99,OPSKQPYXZASNGA-QWOVJGMINA-N,-7.886
PGR,m07,mut_s1,detail,1,100,COHPEUUUDGXEPG-MPIMZMORNA-N,-6.639
PGR,m07,mut_s1,detail,1,101,LCLQRXYSCAZUJT-PKSOQXRJNA-N,-8.204
PGR,m07,mut_s1,detail,1,102,DMWUHECJQADMOM-PKSOQXRJNA-N,-8.168
PGR,m07,mut_s1,detail,1,103,RINYNDHGPMMUPG-UYBDAZJANA-N,-7.522
PGR,m07,mut_s1,detail,1,104,GWFMSEYHCOCBEH-UYBDAZJANA-N,-7.68
PGR,m07,mut_s1,detail,1,105,ZSYYKQAVTXERHH-LILDFLRNNA-N,-8.713
PGR,m07,mut_s1,detail,1,106,RFGLZFMBWWKYGX-UHFFFAOYNA-N,-9.164
PGR,m07,mut_s1,detail,1,107,ZCFXIPSPKDGCHW-HSJCKIQZNA-N,-7.263
PGR,m07,mut_s1,detail,1,108,OJBRUITYMUOMQJ-UYBDAZJANA-N,-7.625
PGR,m07,mut_s1,detail,1,109,QRQQRMCYDJTOMZ-IHYGWTSJNA-N,-9.104
PGR,m07,mut_s1,detail,1,110,UZYHGPCXMSFTKE-NPQUBYNZNA-N,-7.588
PGR,m07,mut_s1,detail,1,111,FKRLYCLDDLGGPB-HCKMINDGNA-N,-7.534
PGR,m07,mut_s1,detail,1,112,SJUXHCSNSGLKJD-UYBDAZJANA-N,-8.475
PGR,m07,mut_s1,detail,1,113,MDJMMLITJGVNQI-LILDFLRNNA-N,-7.711
PGR,m07,mut_s1,detail,1,114,LAKWSLSTUWRCOM-UHFFFAOYNA-N,-9.472
PGR,m07,mut_s1,detail,1,115,RZYYWEWDCWHDNZ-PKSOQXRJNA-N,-7.962
PGR,m07,mut_s1,detail,1,116,KSTQHOAVVBOECJ-PKSOQXRJNA-N,-8.251
PGR,m07,mut_s1,detail,1,117,LTBODPBDLZJCLH-UHFFFAOYNA-N,-9.57
PGR,m07,mut_s1,detail,1,118,YNPHZUYBOQPWKQ-UYBDAZJANA-N,-7.58
PGR,m07,mut_s1,detail,1,119,TZYCJGJZUSVUSB-UHFFFAOYNA-N,-7.537
PGR,m07,mut_s1,detail,1,120,YDEMTQMAWLEDQT-HPHMPNDVNA-N,-7.907
PGR,m07,mut_s1,detail,1,121,JJTMKAVMZRVHFW-JZJYNLBNNA-N,-8.57
PGR,m07,mut_s1,detail,1,122,UQILDYXMCYUCGV-MPIMZMORNA-N,-7.019
PGR,m07,mut_s1,detail,1,123,LRULJABSRXBARK-PKSOQXRJNA-N,-7.397
PGR,m07,mut_s1,detail,1,124,FDGMHVXFEWDBLE-GZNJHTOZNA-N,-8.935
PGR,m07,mut_s1,detail,1,125,MDPXBTVEVMPBMF-MRSUPTMINA-N,-9.033
PGR,m07,mut_s1,detail,1,126,PRDMNBQAHOVKAV-UHFFFAOYNA-N,-9.604
PGR,m07,mut_s1,detail,1,127,OBAYJABSUJXLMA-HCKMINDGNA-N,-8.577
PGR,m07,mut_s1,detail,1,128,HLMWKCMXNWJGGO-VNHAUOCNNA-N,-7.433
PGR,m07,mut_s1,detail,1,129,ZWXZFCRRFQRJPF-QWOVJGMINA-N,-7.753
PGR,m07,mut_s1,detail,1,130,IXUSJKAERUMZME-NBNNRKRINA-N,-9.633
PGR,m07,mut_s1,detail,1,131,WDVACORMOUBMRH-NPQUBYNZNA-N,-8.572
PGR,m07,mut_s1,detail,1,132,UXLJJGBAQOYQMV-UHFFFAOYNA-N,-8.149
PGR,m07,mut_s1,detail,1,133,RWPNUXJCHLIEDT-UHFFFAOYNA-N,-8.623
PGR,m07,mut_s1,detail,1,134,BTCLKPCIIFOYHE-KRMNUSLJNA-N,-8.622
PGR,m07,mut_s1,detail,1,135,IGYZXGKFEXFDBK-SPEPDGBUNA-N,-10.291
PGR,m07,mut_s1,detail,1,136,RUKFQFDSWPNHGL-LNNLXFCONA-N,-6.829
PGR,m07,mut_s1,detail,1,137,QTHMBVGZTPOODZ-FVJBVQDQNA-N,-7.961
PGR,m07,mut_s1,detail,1,138,BLQYVHBZHAISJM-LSHAIWFFNA-N,-10.071
PGR,m07,mut_s1,detail,1,139,WMDYKLMOCCOUEL-SACSUSJJNA-N,-10.239
PGR,m07,mut_s1,detail,1,140,LEVPVCOKBQEXMQ-MPIMZMORNA-N,-8.997
PGR,m07,mut_s1,detail,1,141,YYDFYJDBXOSJHE-WBMJQRKENA-N,-7.579
PGR,m07,mut_s1,detail,1,142,NFXJPCKVPBXSDH-LQFNOIFHNA-N,-9.316
PGR,m07,mut_s1,detail,1,143,KAUHJCPWWQWSJV-LELJVTLKNA-N,-9.664
PGR,m07,mut_s1,detail,1,144,NVZSQUSTRBKANP-YIVFFDRWNA-N,-8.481
PGR,m07,mut_s1,detail,1,145,WIKNISOFBKUYKR-LBOYIXSDNA-N,-9.009
PGR,m07,mut_s1,detail,1,146,AQIYGSAXYBBKKP-LNNLXFCONA-N,-9.416
PGR,m07,mut_s1,detail,1,147,TWKQKOFHSPYVSG-LQFNOIFHNA-N,-7.059
PGR,m07,mut_s1,detail,1,148,LVWSKXKIFXRKQJ-QWOVJGMINA-N,-8.901
PGR,m07,mut_s1,detail,1,149,BBBUKQRTMPJLSL-FHIWLMNKNA-N,-8.424
PGR,m07,mut_s1,detail,1,150,SCECNMVMCCDVHC-UHFFFAOYNA-N,-8.742
PGR,m07,mut_s1,detail,1,151,OLMVVVWTBFULHB-HXTKINSTNA-N,-9.853
PGR,m07,mut_s1,detail,1,152,BJXFHKHIABEKFL-HXTKINSTNA-N,-6.667
PGR,m07,mut_s1,detail,1,153,GMYAIAZTDBDYGE-UHFFFAOYNA-N,-7.636
PGR,m07,mut_s1,detail,1,154,OMIWVZGQMXEZLZ-UHFFFAOYNA-N,-9.008
PGR,m07,mut_s1,detail,1,155,SFQDUATXFZWGHZ-UHFFFAOYNA-N,-7.035
PGR,m07,mut_s1,detail,1,156,AMRCHQSZZXWZBI-UHFFFAOYNA-N,-7.272
PGR,m07,mut_s1,detail,1,157,PDKBGLXLXHGRIF-UHFFFAOYNA-N,-8.261
PGR,m07,mut_s1,detail,1,158,IMPCJHDDDAGSIP-UHFFFAOYNA-N,-9.428
PGR,m07,mut_s1,detail,1,159,QKASSONCRIQFQE-UHFFFAOYNA-N,-9.083
PGR,m07,mut_s1,detail,1,160,RBPSUSGZEBUPLW-LELJVTLKNA-N,-9.428
PGR,m07,mut_s1,detail,1,161,IZMNNUPSRDMEKL-LICXQBBSNA-N,-8.376
PGR,m07,mut_s1,detail,1,162,PAVNRYHGSYWSPV-MPIMZMORNA-N,-9.023
PGR,m07,mut_s1,detail,1,163,TZXYYVHNWAKJLI-UHFFFAOYNA-N,-9.321
PGR,m07,mut_s1,detail,1,164,HNOCRTTZBPUBHY-UHFFFAOYNA-N,-10.057
PGR,m07,mut_s1,detail,1,165,WMPZPNIPTZCCJK-PKSOQXRJNA-N,-7.75
PGR,m07,mut_s1,detail,1,166,OBPAOULTANNRFC-QWOVJGMINA-N,-7.579
PGR,m07,mut_s1,detail,1,167,UCJOWIKNRBWRAB-UHFFFAOYNA-N,-8.894
PGR,m07,mut_s1,detail,1,168,GFKDVMSTTKOYOX-QCVZTBOQNA-N,-7.541
PGR,m07,mut_s1,detail,1,169,BAEJDWKEKZSULN-UHFFFAOYNA-N,-7.794
PGR,m07,mut_s1,detail,1,170,KZUDVENDSUODSU-LQFNOIFHNA-N,-9.046
PGR,m07,mut_s1,detail,1,171,HBYPDVHGDKCNMT-DVIAZDKANA-N,-8.788
PGR,m07,mut_s1,detail,1,172,PMUHFTCPDVPMRF-LELJVTLKNA-N,-7.488
PGR,m07,mut_s1,detail,1,173,XIYSICLOFPYCTK-ZVWSISBDNA-N,-9.552
PGR,m07,mut_s1,detail,1,174,CFOFCUAQALFPIW-HPRFPMAVNA-N,-8.32
PGR,m07,mut_s1,detail,1,175,ZNBMRULRQJAJNW-IRIILVJRNA-N,-9.547
PGR,m07,mut_s1,detail,1,176,RSQKKNPJKLBGPF-DVIAZDKANA-N,-9.354
PGR,m07,mut_s1,detail,1,177,UIYRVVZHZVHONZ-QWOVJGMINA-N,-9.128
PGR,m07,mut_s1,detail,1,178,RNCGDYFDZJIQTQ-UHFFFAOYNA-N,-9.91
PGR,m07,mut_s1,detail,1,179,QOWFNZNDIAKQKO-QFIPXVFZNA-N,-7.52
PGR,m07,mut_s1,detail,1,180,FIPNXDSUMLBDQK-LQFNOIFHNA-N,-8.64
PGR,m07,mut_s1,detail,1,181,NHFGNUVGTDMGKX-UHFFFAOYNA-N,-7.783
PGR,m07,mut_s1,detail,1,182,RNBGNITZKVUDSK-YFMNGRKDNA-N,-7.139
PGR,m07,mut_s1,detail,1,183,CPEKPARXQVWWJD-IAXKEJLGNA-N,-8.386
PGR,m07,mut_s1,detail,1,184,IEAABJYVWXHFOX-MPIMZMORNA-N,-9.065
PGR,m07,mut_s1,detail,1,185,DSNCXRXGMZSRBV-GOSISDBHNA-N,-9.171
PGR,m07,mut_s1,detail,1,186,DOVTZHSQYCZIIX-MPIMZMORNA-N,-8.984
PGR,m07,mut_s1,detail,1,187,BKYWKCMMWRHBGX-SPEPDGBUNA-N,-9.963
PGR,m07,mut_s1,detail,1,188,MTRHSIOVVWFAOM-MPIMZMORNA-N,-8.87
PGR,m07,mut_s1,detail,1,189,VZLVPTSUFJDRRQ-LELJVTLKNA-N,-6.27
PGR,m07,mut_s1,detail,1,190,FJYPQTWLGSEZAE-UNEGGNDLNA-N,-8.78
PGR,m07,mut_s1,detail,1,191,FOJSFYSVCCQUQP-VVKINWOJNA-N,-8.844
PGR,m07,mut_s1,detail,1,192,SULPKNWDXWJTHQ-GCNJZUOMNA-N,-7.743
PGR,m07,mut_s1,detail,1,193,JTPAQMOUZGIORE-UHFFFAOYNA-N,-9.768
PGR,m07,mut_s1,detail,1,194,KRFPGHLUAFZMRZ-TYOBWDGZNA-N,-8.643
PGR,m07,mut_s1,detail,1,195,TVZGACDUOSZQKY-XBGCRKGSNA-N,-7.612
PGR,m07,mut_s1,detail,1,196,CXDZGSNFZYGQSZ-PKRZOPRNNA-N,-7.899
PGR,m07,mut_s1,detail,1,197,FBZYWIMLLHPUPX-VJSLDGLSNA-N,-8.301
PGR,m07,mut_s1,detail,1,198,HKJNKURRZRPPMK-MDXLESTANA-N,-7.302
PGR,m07,mut_s1,detail,1,199,DVAPEEIVFMOBQW-SLSKDPHBNA-N,-6.136
PGR,m07,mut_s1,detail,1,200,SVDIZPBCTLXSOH-LNNLXFCONA-N,-8.718
PGR,m07,mut_s1,detail,1,201,NDXCWKMYPWRPDY-NUCQJGHSNA-N,-8.099
PGR,m07,mut_s1,detail,1,202,VXHUMLIJAQHWIX-CRNXEPDINA-N,-8.854
PGR,m07,mut_s1,detail,1,203,KBZDVXICPAJAAT-LNNLXFCONA-N,-7.783
PGR,m07,mut_s1,detail,1,204,DVFDTYFATLFXHU-WOPMAMTRNA-N,-8.085
PGR,m07,mut_s1,detail,1,205,WURBKQGAFSESKZ-MPIMZMORNA-N,-8.617
PGR,m07,mut_s1,detail,1,206,LXGVFBXRKSCESU-UWUUZOGGNA-N,-8.39
PGR,m07,mut_s1,detail,1,207,CQWFJACPUQVVQZ-UHFFFAOYNA-N,-7.771
PGR,m07,mut_s1,detail,1,208,FEZAUPQJLJCQHD-XRJCTRHONA-N,-6.498
PGR,m07,mut_s1,detail,1,209,IDKGPACCMPKKQB-LIPPOORTNA-N,-11.894
PGR,m07,mut_s1,detail,1,210,PEPJPELNFRAZNQ-LKHHGCNMNA-N,-6.358
PGR,m07,mut_s1,detail,1,211,GRUWUINXLANFJE-LBOYIXSDNA-N,-7.723
PGR,m07,mut_s1,detail,1,212,RTFGYBAMFJVGHJ-UHFFFAOYNA-N,-8.263
PGR,m07,mut_s1,detail,1,213,LYJNRGFCMLOFNV-HIVOMVAKNA-N,-8.615
PGR,m07,mut_s1,detail,1,214,MKDSWBAEXGFAEE-LBOYIXSDNA-N,-9.839
PGR,m07,mut_s1,detail,1,215,NSLNDONZYBNSFU-ASVXZIMGNA-N,-9.704
PGR,m07,mut_s1,detail,1,216,HUDCDZLLNLJTEW-RBSQRGBYNA-N,-8.937
PGR,m07,mut_s1,detail,1,217,OFRDBFMZCXXKAH-LBOYIXSDNA-N,-9.572
PGR,m07,mut_s1,detail,1,218,NSLGAHAKEFYCED-PELNGNISNA-N,-10.594
PGR,m07,mut_s1,detail,1,219,QLSURSTUZJVSGU-NSJMMFDCNA-N,-9.405
PGR,m07,mut_s1,detail,1,220,CXLYWVWLNDGNIU-VEORKLDJNA-N,-7.384
PGR,m07,mut_s1,detail,1,221,RHIJMDNVEPLDED-UHFFFAOYNA-N,-10.286
PGR,m07,mut_s1,detail,1,222,YNUXXMJVZSTPFZ-CSKMVECVNA-N,-6.988
PGR,m07,mut_s1,detail,1,223,ILWOOGUHZKNTQQ-DNVCBOLYNA-N,-10.73
PGR,m07,mut_s1,detail,1,224,CARWTONHZWZDHZ-XIPNIRHDNA-N,-8.074
PGR,m07,mut_s1,detail,1,225,OSMWANBXVVPETF-HTBVCZPNNA-N,-8.909
PGR,m07,mut_s1,detail,1,226,KCNVHXJEALIYQI-PCRUTULWNA-N,-8.729
PGR,m07,mut_s1,detail,1,227,FPUDFDKQGXUBJA-QQXSKIMKNA-N,-8.845
PGR,m07,mut_s1,detail,1,228,MQWZYEDJGHLFFI-VJSLDGLSNA-N,-9.066
PGR,m07,mut_s1,detail,1,229,YPTIEFMKXZIMKO-LNNLXFCONA-N,-5.212
PGR,m07,mut_s1,detail,1,230,MWIZLUKLQZEFBC-LKHHGCNMNA-N,-8.622
PGR,m07,mut_s1,detail,1,231,PMNZCFDKKKLFHH-LBOYIXSDNA-N,-9.332
PGR,m07,mut_s1,detail,1,232,NELOFNHVEWRSBT-OKPOJWAQNA-N,-6.822
PGR,m07,mut_s1,detail,1,233,VCXACHHEDDVKAY-SREBMQDQNA-N,-9.616
PGR,m07,mut_s1,detail,1,234,KWJVADNYZMUTJY-IPYVVANSNA-N,-10.099
PGR,m07,mut_s1,detail,1,235,LLQAFRKQJAOAMO-XGEXJYLCNA-N,-8.492
PGR,m07,mut_s1,detail,1,236,VCAMVXBSKDFRFE-LNNLXFCONA-N,-5.56
PGR,m07,mut_s1,detail,1,237,QXIHUBWNLRPDRU-UHFFFAOYNA-N,-7.536
PGR,m07,mut_s1,detail,1,238,JUXOLKXMOLRWLC-MPIMZMORNA-N,-8.027
PGR,m07,mut_s1,detail,1,239,SQTIAXOMFTYLLF-QVYQQCQZNA-N,-10.643
PGR,m07,mut_s1,detail,1,240,BJSKDMOWRPAVMK-UHFFFAOYNA-N,-9.396
PGR,m07,mut_s1,detail,1,241,VRQPEWWROOGXLL-VJSLDGLSNA-N,-6.503
PGR,m07,mut_s1,detail,1,242,IXNOFPXGSKSKJH-HXTKINSTNA-N,-7.435
PGR,m07,mut_s1,detail,1,243,BMCFOHNLKRIWMC-UHFFFAOYNA-N,-9.675
PGR,m07,mut_s1,detail,1,244,FLFMKNMHDFIWDB-PJQSKVNONA-N,-10.857
PGR,m07,mut_s1,detail,1,245,JJLXVLWPUFIUBC-IGBJZSFZNA-N,-9.492
PGR,m07,mut_s1,detail,1,246,ZXCSBCTVTJFLOZ-JUEKIJOLNA-N,-7.514
PGR,m07,mut_s1,detail,1,247,LCSLDZZBWHBLFA-UHFFFAOYNA-N,-8.606
PGR,m07,mut_s1,detail,1,248,CAVTYMQSFAIXRJ-AKXZRBJUNA-N,-10.44
PGR,m07,mut_s1,detail,1,249,UFXJYIXRQNBEDW-UHFFFAOYNA-N,-8.872
PGR,m07,mut_s1,detail,1,250,HWIAWSLSCZUKKA-SFHVURJKNA-N,-6.259
PGR,m07,mut_s1,detail,1,251,MYHQHPUWOWUUQI-ZELWXOMMNA-N,-10.144
PGR,m07,mut_s1,detail,1,252,GWNRIUBPBWOQGT-UHFFFAOYNA-N,-10.101
PGR,m07,mut_s1,detail,1,253,YCWRQUXRVNLWEM-LELJVTLKNA-N,-6.817
PGR,m07,mut_s1,detail,1,254,DMRFDXBCAQFSFQ-UYLYIRGYNA-N,-9.822
PGR,m07,mut_s1,detail,1,255,XCZDGLYGEYYXKS-UWLQQCCWNA-N,-8.083
