target,receptor,tag,mode,seed,k,inchikey,score
PPARG,wt,wt_s1,detail,1,0,OLBYFEGTUWWPTR-FYWRMAATNA-N,-7.251
PPARG,wt,wt_s1,detail,1,1,SPGYFZIJBSMMEN-UHFFFAOYNA-N,-7.758
PPARG,wt,wt_s1,detail,1,2,DKKGRNTXCNVFPV-DZQCGVKKNA-N,-8.948
PPARG,wt,wt_s1,detail,1,3,KCOKHEIACSQLBQ-PCLSHUPZNA-N,-6.784
PPARG,wt,wt_s1,detail,1,4,XXMDURVCJMZNFC-UHFFFAOYNA-N,-8.528
PPARG,wt,wt_s1,detail,1,5,XNGWBIOXTHPDBE-UHFFFAOYNA-N,-6.761
PPARG,wt,wt_s1,detail,1,6,FMLKTYPTZQDWCZ-WYUMXYHSNA-N,-7.375
PPARG,wt,wt_s1,detail,1,7,BQCYOKUETBHDKF-UHFFFAOYNA-N,-8.739
PPARG,wt,wt_s1,detail,1,8,VAPRSYGEPKZLNA-UHFFFAOYNA-N,-6.913
PPARG,wt,wt_s1,detail,1,9,FJWTZYYUIYSFDV-NDKGDYFDNA-N,-6.056
PPARG,wt,wt_s1,detail,1,10,JSIXJSFAHZREEV-YHMJCDSINA-N,-6.531
PPARG,wt,wt_s1,detail,1,11,BGSXHNNWYPKQIQ-VEWCPZSHNA-N,-7.521
PPARG,wt,wt_s1,detail,1,12,ANJUUMLKPZLRGR-GPQMBLKYNA-N,-7.253
PPARG,wt,wt_s1,detail,1,13,WVDDMJTWFGHTGZ-VMPITWQZNA-N,-7.341
PPARG,wt,wt_s1,detail,1,14,OSFGHYZLBDAJTP-LILDFLRNNA-N,-9.296
PPARG,wt,wt_s1,detail,1,15,TZSPGMKSRHWUBZ-UHFFFAOYNA-N,-7.239
PPARG,wt,wt_s1,detail,1,16,RJNMLHBOHSQLDU-UHFFFAOYNA-N,-6.663
PPARG,wt,wt_s1,detail,1,17,HPGOEMWDBCJDOY-LILDFLRNNA-N,-7.782
PPARG,wt,wt_s1,detail,1,18,ANIAQSUBRGXWLS-UHFFFAOYNA-N,-5.632
PPARG,wt,wt_s1,detail,1,19,XHPTXSLPPJQCFM-UOUMIGKDNA-N,-8.002
PPARG,wt,wt_s1,detail,1,20,OYUMERJRBPSDQK-UHFFFAOYNA-N,-8.654
PPARG,wt,wt_s1,detail,1,21,RHCPJGMOPIMKFS-UHFFFAOYNA-N,-6.826
PPARG,wt,wt_s1,detail,1,22,GQCRCQLETCLZLO-NDKGDYFDNA-N,-6.525
PPARG,wt,wt_s1,detail,1,23,HDTRJGVVKZGWQZ-UHFFFAOYNA-N,-7.711
PPARG,wt,wt_s1,detail,1,24,PODSUWFXVDWCHZ-YAQRNVERNA-N,-7.548
PPARG,wt,wt_s1,detail,1,25,XOQICXJZZWXQDG-SDNWHVSQNA-N,-7.967
PPARG,wt,wt_s1,detail,1,26,LRQZMRHGRBHVRW-BLHHFWFONA-N,-7.103
PPARG,wt,wt_s1,detail,1,27,INRDHPFHGNGCCW-UHFFFAOYNA-N,-7.868
PPARG,wt,wt_s1,detail,1,28,WIRZCAWOMABORR-HCKMINDGNA-N,-7.771
PPARG,wt,wt_s1,detail,1,29,ISHXVBNQBLMUMA-XAASJSMPNA-N,-7.175
PPARG,wt,wt_s1,detail,1,30,ZVAZVKMDCRYPAQ-UHFFFAOYNA-N,-6.303
PPARG,wt,wt_s1,detail,1,31,OJGDCBLYJGHCIH-UHFFFAOYNA-N,-7.361
PPARG,wt,wt_s1,detail,1,32,HUJQOHMOYGRIRS-WYCIUFAENA-N,-7.521
PPARG,wt,wt_s1,detail,1,33,IXOFYFZRTXYNDM-HCKMINDGNA-N,-7.828
PPARG,wt,wt_s1,detail,1,34,RBMMHDHXQQMEMH-UHFFFAOYNA-N,-7.147
PPARG,wt,wt_s1,detail,1,35,CFFGWJLHGOSOHF-AHPDCHJINA-N,-6.54
PPARG,wt,wt_s1,detail,1,36,FFPAFAKDJLEUSC-YHMJCDSINA-N,-6.413
PPARG,wt,wt_s1,detail,1,37,ULEATUCPMCKRAM-IRXDYDNUNA-N,-7.64
PPARG,wt,wt_s1,detail,1,38,SUSPKFCOAROGEI-UHFFFAOYNA-N,-6.441
PPARG,wt,wt_s1,detail,1,39,ILOLPXFRSGURQA-HCKMINDGNA-N,-7.996
PPARG,wt,wt_s1,detail,1,40,LAHNGPIIMDWGRL-UHFFFAOYNA-N,-8.153
PPARG,wt,wt_s1,detail,1,41,PONNWXFCUBXOFS-UHFFFAOYNA-N,-7.615
PPARG,wt,wt_s1,detail,1,42,NGPUMDFMDVHJTF-XMHGGMMENA-N,-6.808
PPARG,wt,wt_s1,detail,1,43,GKVFCYBLNULLCL-YGPBECBDNA-N,-6.577
PPARG,wt,wt_s1,detail,1,44,FZPYMNOBFYWKFC-UHFFFAOYNA-N,-7.5
PPARG,wt,wt_s1,detail,1,45,CPJICALSLDLRJP-LILDFLRNNA-N,-7.853
PPARG,wt,wt_s1,detail,1,46,RAVBBDYGFXMBKB-GAJRPKRDNA-N,-7.042
PPARG,wt,wt_s1,detail,1,47,NCUWRDDNNJFMAS-UHFFFAOYNA-N,-8.147
PPARG,wt,wt_s1,detail,1,48,VDNBWTVXZDOUIG-PKSOQXRJNA-N,-8.212
PPARG,wt,wt_s1,detail,1,49,WYMKISIWQJPKOC-UHFFFAOYNA-N,-6.93
PPARG,wt,wt_s1,detail,1,50,VTCXXKFOLLSYCU-UHFFFAOYNA-N,-6.945
PPARG,wt,wt_s1,detail,1,51,BSLAOCJVMOGUKX-VHOFBASHNA-N,-7.364
PPARG,wt,wt_s1,detail,1,52,RZUVVWWNGGXUBI-GPQMBLKYNA-N,-8.784
PPARG,wt,wt_s1,detail,1,53,YLYYXIMYACYRSP-UYBDAZJANA-N,-6.976
PPARG,wt,wt_s1,detail,1,54,PHRXHZRDJNSXDF-QHCBTKRXNA-N,-7.496
PPARG,wt,wt_s1,detail,1,55,ABQUFQQMQCPHOH-NCWAPJAINA-N,-7.422
PPARG,wt,wt_s1,detail,1,56,FKIFGIZHFPIJND-GQAOMWGXNA-N,-6.645
PPARG,wt,wt_s1,detail,1,57,NHZFGROUVFTJAK-WYUMXYHSNA-N,-7.958
PPARG,wt,wt_s1,detail,1,58,RTJPLJJBIWFNSZ-UHFFFAOYNA-N,-7.776
PPARG,wt,wt_s1,detail,1,59,ZJRUXQBLSMYTIS-DXMPFREMNA-N,-7.612
PPARG,wt,wt_s1,detail,1,60,UYVIFQIPPPRZJF-QWOVJGMINA-N,-7.657
PPARG,wt,wt_s1,detail,1,61,WYTBYQZYJIGCBO-LILDFLRNNA-N,-8.434
PPARG,wt,wt_s1,detail,1,62,KKWWDIPRICACPS-GPQMBLKYNA-N,-6.528
PPARG,wt,wt_s1,detail,1,63,NZRHOWNFGASHMN-ZHLVXTBQNA-N,-6.825
PPARG,wt,wt_s1,detail,1,64,MGSGKNKREAYFRZ-UHFFFAOYNA-N,-8.147
PPARG,wt,wt_s1,detail,1,65,QTIJDOJTNOHQTC-WQGACYEGNA-N,-6.635
PPARG,wt,wt_s1,detail,1,66,ZHRVXEKEOMUAJO-PKSOQXRJNA-N,-8.58
PPARG,wt,wt_s1,detail,1,67,AJEULKUYXOLHDN-DVIAZDKANA-N,-8.843
PPARG,wt,wt_s1,detail,1,68,MGNZRUQLGFVWLY-UHFFFAOYNA-N,-8.256
PPARG,wt,wt_s1,detail,1,69,OHIMIXUWTWBDBR-UHFFFAOYNA-N,-7.858
PPARG,wt,wt_s1,detail,1,70,RFEGKAVABNLRHW-WYUMXYHSNA-N,-8.314
PPARG,wt,wt_s1,detail,1,71,OVDZZJAUKDINIY-SGTLLEGYNA-N,-7.86
PPARG,wt,wt_s1,detail,1,72,FIGONFGVGMSPID-MPIMZMORNA-N,-9.122
PPARG,wt,wt_s1,detail,1,73,DSSHOSHLYKWNRQ-UHFFFAOYNA-N,-7.504
PPARG,wt,wt_s1,detail,1,74,PKDGFUYVUYOZFK-UHFFFAOYNA-N,-8.464
PPARG,wt,wt_s1,detail,1,75,FSDOAOAVZVMAGE-RRORKGOJNA-N,-7.847
PPARG,wt,wt_s1,detail,1,76,SKYAUASQUBDEOI-LHJMZCQGNA-N,-7.177
PPARG,wt,wt_s1,detail,1,77,RRRYPJNSMOUEOE-XBTAAFKLNA-N,-9.155
PPARG,wt,wt_s1,detail,1,78,LNQOCSSUUUJFLY-BNKWAMQHNA-N,-8.897
PPARG,wt,wt_s1,detail,1,79,IQVUWJZWHCFIBG-UYBDAZJANA-N,-6.977
PPARG,wt,wt_s1,detail,1,80,FECVWTWBRSSNCK-XBTAAFKLNA-N,-9.73
PPARG,wt,wt_s1,detail,1,81,USDYHKNHMGVDHS-UYBDAZJANA-N,-7.288
PPARG,wt,wt_s1,detail,1,82,ZVJAHPKIYVGDHR-ILXRZTDVNA-N,-7.238
PPARG,wt,wt_s1,detail,1,83,AGWWZCICEUHAPF-UHFFFAOYNA-N,-9.299
PPARG,wt,wt_s1,detail,1,84,SIFYPHRKPXWEFL-UHFFFAOYNA-N,-8.362
PPARG,wt,wt_s1,detail,1,85,CCBDIYWTNHRYSF-GPQMBLKYNA-N,-8.319
PPARG,wt,wt_s1,detail,1,86,QZJYCFURESLRJX-UHFFFAOYNA-N,-7.148
PPARG,wt,wt_s1,detail,1,87,KDGSVHGIVBVYFE-SIKSZQSZNA-N,-8.492
PPARG,wt,wt_s1,detail,1,88,KAVCMDDCFVWLGH-DCYBUDGMNA-N,-8.764
PPARG,wt,wt_s1,detail,1,89,QTJDEJXKPAATAY-LILDFLRNNA-N,-9.01
PPARG,wt,wt_s1,detail,1,90,DCCNEGBQLUHRSI-UHFFFAOYNA-N,-6.239
PPARG,wt,wt_s1,detail,1,91,VUCQKRJVSPHODJ-UHFFFAOYNA-N,-7.832
PPARG,wt,wt_s1,detail,1,92,XCNTYAMCOLKFEW-UHFFFAOYNA-N,-6.839
PPARG,wt,wt_s1,detail,1,93,MLPVFRGFZVZNOZ-ODUIGABRNA-N,-7.879
PPARG,wt,wt_s1,detail,1,94,JXNGVLIPVYLXLZ-PKSOQXRJNA-N,-7.756
PPARG,wt,wt_s1,detail,1,95,GWICPGWJQQUMKG-UHFFFAOYNA-N,-7.201
PPARG,wt,wt_s1,detail,1,96,LEDHQUJDAQVDJK-UHFFFAOYNA-N,-8.77
PPARG,wt,wt_s1,detail,1,97,BJKUVAVJXSIUGS-UYBDAZJANA-N,-7.344
PPARG,wt,wt_s1,detail,1,98,QXIDHQKQNQWYQW-ORVKFNBTNA-N,-8.676
PPARG,wt,wt_s1,detail,1,99,VXNGWYZIFXWTDN-PKSOQXRJNA-N,-7.11
PPARG,wt,wt_s1,detail,1,100,UBFYNRRQFOKQOE-QWOVJGMINA-N,-6.842
PPARG,wt,wt_s1,detail,1,101,PKPIHOLUWUTPLW-GKKCOONHNA-N,-9.005
PPARG,wt,wt_s1,detail,1,102,CNYQZGODPRSIFM-LILDFLRNNA-N,-8.233
PPARG,wt,wt_s1,detail,1,103,OGPHEDOMLIUGFJ-UYBDAZJANA-N,-9.338
PPARG,wt,wt_s1,detail,1,104,FHOIWEHXSFDGEX-MPIMZMORNA-N,-9.081
PPARG,wt,wt_s1,detail,1,105,QOIGKGMMAGJZNZ-UHFFFAOYNA-N,-8.11
PPARG,wt,wt_s1,detail,1,106,DJJKBSKVSXPDMW-XFDRBGHPNA-N,-8.944
PPARG,wt,wt_s1,detail,1,107,MQVHNCCMPYINIB-GPQMBLKYNA-N,-8.187
PPARG,wt,wt_s1,detail,1,108,QJBDKSNVJPPLMZ-UYBDAZJANA-N,-8.623
PPARG,wt,wt_s1,detail,1,109,NEOVEBXUPVDKIZ-PDJAEHLQNA-N,-8.531
PPARG,wt,wt_s1,detail,1,110,UBMHUOWYROYDAE-MPIMZMORNA-N,-8.025
PPARG,wt,wt_s1,detail,1,111,NCOQSZVFPAPDPY-MPIMZMORNA-N,-9.326
PPARG,wt,wt_s1,detail,1,112,IWKDSKQEBMNILM-SFHVURJKNA-N,-7.471
PPARG,wt,wt_s1,detail,1,113,FYHIZSWDWJOYBD-UHFFFAOYNA-N,-7.303
PPARG,wt,wt_s1,detail,1,114,CODIBUDSZRMNBU-VVKINWOJNA-N,-8.517
PPARG,wt,wt_s1,detail,1,115,FSBYPVHAUHIHDK-HYTOZLCFNA-N,-8.345
PPARG,wt,wt_s1,detail,1,116,IBLBSVRDXNEHCF-UYBDAZJANA-N,-8.784
PPARG,wt,wt_s1,detail,1,117,YIVFLWLUPIAQNG-MPIMZMORNA-N,-8.935
PPARG,wt,wt_s1,detail,1,118,OKBASBXKPLMJNO-PKSOQXRJNA-N,-7.807
PPARG,wt,wt_s1,detail,1,119,CKUZXDONSHPFEU-UHFFFAOYNA-N,-7.702
PPARG,wt,wt_s1,detail,1,120,FZVOSFJDUXXRFB-LQFNOIFHNA-N,-9.415
PPARG,wt,wt_s1,detail,1,121,ATWQGOUWTPWHOB-MPIMZMORNA-N,-7.445
PPARG,wt,wt_s1,detail,1,122,SWTXEVDFRXLPBO-LILDFLRNNA-N,-8.356
PPARG,wt,wt_s1,detail,1,123,XKKZGDBDLSLGEV-UHFFFAOYNA-N,-7.843
PPARG,wt,wt_s1,detail,1,124,YOIVLKBZTXOSAW-UHFFFAOYNA-N,-7.393
PPARG,wt,wt_s1,detail,1,125,MTNDVCNEIIJXQO-LILDFLRNNA-N,-8.431
PPARG,wt,wt_s1,detail,1,126,VRVOWSSSYICXBN-UHFFFAOYNA-N,-8.668
PPARG,wt,wt_s1,detail,1,127,YWMOOGZLZREJIF-LILDFLRNNA-N,-6.141
PPARG,wt,wt_s1,detail,1,128,GBDSDSSPYNQXEN-LQFNOIFHNA-N,-8.943
PPARG,wt,wt_s1,detail,1,129,WEGCLMSBIIWPKX-HXTKINSTNA-N,-8.318
PPARG,wt,wt_s1,detail,1,130,KWIMDTZYIABOPE-XBXBPLPCNA-N,-9.077
PPARG,wt,wt_s1,detail,1,131,PTYKTEYVZUVZBD-LQFNOIFHNA-N,-10.79
PPARG,wt,wt_s1,detail,1,132,IDUARCWXOZVBJC-UHFFFAOYNA-N,-7.491
PPARG,wt,wt_s1,detail,1,133,SVHQAQMZYYTKBZ-QIFDKBNDNA-N,-6.553
PPARG,wt,wt_s1,detail,1,134,OKUWPICMSLXCLZ-ZBJSNUHENA-N,-7.807
PPARG,wt,wt_s1,detail,1,135,BGESRTVIDMTTHW-MPIMZMORNA-N,-9.584
PPARG,wt,wt_s1,detail,1,136,RDLHVRFBBSKBMX-UHFFFAOYNA-N,-8.121
PPARG,wt,wt_s1,detail,1,137,UHKNPVYNTQTWBT-LELJVTLKNA-N,-8.788
PPARG,wt,wt_s1,detail,1,138,LKOQAWXJCPYWSX-SMCUVTTANA-N,-8.558
PPARG,wt,wt_s1,detail,1,139,RGTZPMQQOVPWHT-UHFFFAOYNA-N,-8.442
PPARG,wt,wt_s1,detail,1,140,MPGXBEHIWDZYTG-JRAHLMCZNA-N,-8.336
PPARG,wt,wt_s1,detail,1,141,YSGONLQAXXDANF-HXTKINSTNA-N,-9.8
PPARG,wt,wt_s1,detail,1,142,ILADCPXUSGZMCO-LNNLXFCONA-N,-8.208
PPARG,wt,wt_s1,detail,1,143,WHISBCGJLLBHTQ-LELJVTLKNA-N,-8.067
PPARG,wt,wt_s1,detail,1,144,FQUQVJCZFGUICL-PZJWPPBQNA-N,-8.195
PPARG,wt,wt_s1,detail,1,145,PVZFRDICDBVJBC-MPIMZMORNA-N,-7.663
PPARG,wt,wt_s1,detail,1,146,WUQZEVWHZRAQLY-UHFFFAOYNA-N,-8.676
PPARG,wt,wt_s1,detail,1,147,PDYDBFOSJUATJC-LELJVTLKNA-N,-9.464
PPARG,wt,wt_s1,detail,1,148,XFTGZOIRMLTALR-UHFFFAOYNA-N,-8.644
PPARG,wt,wt_s1,detail,1,149,CPWFSRVCXOETRU-XYFPIJJGNA-N,-9.103
PPARG,wt,wt_s1,detail,1,150,SAFXYJWXQPZDKB-ZNVTXRBFNA-N,-8.687
PPARG,wt,wt_s1,detail,1,151,SWLAVROBGRTKAO-LQFNOIFHNA-N,-9.972
PPARG,wt,wt_s1,detail,1,152,OJFUHLOGAMKMDM-UHFFFAOYNA-N,-8.858
PPARG,wt,wt_s1,detail,1,153,YPDNVRDMMKZNIG-PJXJJTHHNA-N,-8.784
PPARG,wt,wt_s1,detail,1,154,LPYDZAPPGTYNGQ-UHFFFAOYNA-N,-9.871
PPARG,wt,wt_s1,detail,1,155,CXIGBATZIXWVIX-HXTKINSTNA-N,-9.43
PPARG,wt,wt_s1,detail,1,156,RXPVTNMMNZNKSW-LNNLXFCONA-N,-10.424
PPARG,wt,wt_s1,detail,1,157,YYDGAWIITBZHPX-UHFFFAOYNA-N,-8.014
PPARG,wt,wt_s1,detail,1,158,CHUNHRFIWQZFCI-UHFFFAOYNA-N,-9.051
PPARG,wt,wt_s1,detail,1,159,JDUBGYFRJFOXQC-YCIVUMDCNA-N,-7.635
PPARG,wt,wt_s1,detail,1,160,MMXCRHIOXQKQPT-LQFNOIFHNA-N,-9.297
PPARG,wt,wt_s1,detail,1,161,VBENHRFIEOLOJJ-JKZKCNJSNA-N,-8.07
PPARG,wt,wt_s1,detail,1,162,VPTBWCCSBQRUTD-UHFFFAOYNA-N,-8.865
PPARG,wt,wt_s1,detail,1,163,WOWAHNXJUPSVDR-LNNLXFCONA-N,-10.452
PPARG,wt,wt_s1,detail,1,164,WRLLXWRAXRGFBQ-GFQURNRHNA-N,-7.561
PPARG,wt,wt_s1,detail,1,165,QUUJCYCJKQGYDU-UHFFFAOYNA-N,-6.146
PPARG,wt,wt_s1,detail,1,166,LWILODJXIVFMKQ-LNNLXFCONA-N,-9.881
PPARG,wt,wt_s1,detail,1,167,PVBTXZKRTQKXBX-MRSUPTMINA-N,-8.968
PPARG,wt,wt_s1,detail,1,168,OWYLOIDRWNJCEP-HXUWFJFHNA-N,-8.437
PPARG,wt,wt_s1,detail,1,169,JOZFRLZUNYNYED-PJQSKVNONA-N,-8.925
PPARG,wt,wt_s1,detail,1,170,HMQKHGHCACYDGB-UHFFFAOYNA-N,-8.994
PPARG,wt,wt_s1,detail,1,171,SCHAXPQHOGRLLW-MPIMZMORNA-N,-7.063
PPARG,wt,wt_s1,detail,1,172,YNGDNNRFKXZELP-BDGWVKIONA-N,-8.45
PPARG,wt,wt_s1,detail,1,173,XETTWDXILVAWCB-UHFFFAOYNA-N,-7.356
PPARG,wt,wt_s1,detail,1,174,XXKBFOAMRLTPJL-UHFFFAOYNA-N,-7.286
PPARG,wt,wt_s1,detail,1,175,TXOXXECOMBAZKB-ZVNAXFNBNA-N,-8.391
PPARG,wt,wt_s1,detail,1,176,KUFKSMPOXHUGOB-QWOVJGMINA-N,-7.926
PPARG,wt,wt_s1,detail,1,177,SEHKNXHOUKJSIO-LNNLXFCONA-N,-9.044
PPARG,wt,wt_s1,detail,1,178,GMMNPCWBYMCYDQ-MPIMZMORNA-N,-8.949
PPARG,wt,wt_s1,detail,1,179,KEGZEHANNYRNOK-UHFFFAOYNA-N,-8.952
PPARG,wt,wt_s1,detail,1,180,GBJZQLYNRDBGTL-UHFFFAOYNA-N,-7.443
PPARG,wt,wt_s1,detail,1,181,UMFUNPLMLVDNME-INIZCTEONA-N,-8.862
PPARG,wt,wt_s1,detail,1,182,VPYOVNHGFLPMHX-ORVKFNBTNA-N,-7.739
PPARG,wt,wt_s1,detail,1,183,OQXGEGPDPXAQRC-UHFFFAOYNA-N,-7.576
PPARG,wt,wt_s1,detail,1,184,ZWOHSJYESLDLLT-AXIOFXGANA-N,-7.03
PPARG,wt,wt_s1,detail,1,185,NLUWXHFWWSAGMP-LNNLXFCONA-N,-9.627
PPARG,wt,wt_s1,detail,1,186,NBQDTLQFRAMAMQ-PDJAEHLQNA-N,-9.284
PPARG,wt,wt_s1,detail,1,187,VKYYUIDNHOUPGY-MPIMZMORNA-N,-8.982
PPARG,wt,wt_s1,detail,1,188,JHAMDJLHPSYECA-HXTKINSTNA-N,-9.355
PPARG,wt,wt_s1,detail,1,189,YUXCKESVZUAENN-LQFNOIFHNA-N,-8.172
PPARG,wt,wt_s1,detail,1,190,VOADUCNXWYAILJ-BOSVZZMWNA-N,-7.467
PPARG,wt,wt_s1,detail,1,191,YOCNRNBEVZABNA-AVGNRJKVNA-O,-8.751
PPARG,wt,wt_s1,detail,1,192,QGPIYZBUSYLXQT-UHFFFAOYNA-N,-8.932
PPARG,wt,wt_s1,detail,1,193,ALIRNZFSPVRFPC-QDIHOGQBNA-N,-10.212
PPARG,wt,wt_s1,detail,1,194,ZVFXYTPNPFXBNK-LELJVTLKNA-N,-7.213
PPARG,wt,wt_s1,detail,1,195,VYHWCJWNQFIBGN-CRFSQNOJNA-N,-8.824
PPARG,wt,wt_s1,detail,1,196,OGTQHYNUUOXINS-BKWRVFRZNA-N,-7.889
PPARG,wt,wt_s1,detail,1,197,UVYVJQFOXZDFLB-QDIHOGQBNA-N,-8.035
PPARG,wt,wt_s1,detail,1,198,OKBCXQJLCMYJOC-UHFFFAOYNA-N,-8.342
PPARG,wt,wt_s1,detail,1,199,UNUQJGDVJMRMAL-LBOYIXSDNA-N,-9.688
PPARG,wt,wt_s1,detail,1,200,AYOFFOZNXNLQIO-UHFFFAOYNA-N,-8.609
PPARG,wt,wt_s1,detail,1,201,XSCHYHFIQNFPFK-VJSLDGLSNA-N,-7.825
PPARG,wt,wt_s1,detail,1,202,JTLSDSKNFBJVAB-CAXFFFRFNA-N,-7.769
PPARG,wt,wt_s1,detail,1,203,DTRCHIYQUYRTQL-ARSKLOKFNA-N,-6.324
PPARG,wt,wt_s1,detail,1,204,HHCWBKAHPBAUDS-LBOYIXSDNA-N,-9.276
PPARG,wt,wt_s1,detail,1,205,SQFXMWLUFDMDIG-LBOYIXSDNA-N,-9.323
PPARG,wt,wt_s1,detail,1,206,DAAUKUQYGMNNAH-ZUKIQNPFNA-N,-9.286
PPARG,wt,wt_s1,detail,1,207,POLXUFYBMIRDEG-UHFFFAOYNA-N,-8.294
PPARG,wt,wt_s1,detail,1,208,HAQNCPOGRFKYNP-WNTKXCTINA-N,-9.233
PPARG,wt,wt_s1,detail,1,209,CQWFJACPUQVVQZ-UHFFFAOYNA-N,-8.43
PPARG,wt,wt_s1,detail,1,210,DPMMEOUVESBMSC-ZENAZSQFNA-N,-8.486
PPARG,wt,wt_s1,detail,1,211,SWRYMOBQOOSZGE-LFJJEMAGNA-N,-10.948
PPARG,wt,wt_s1,detail,1,212,VJTYYKXVGAQBPX-BGYRXZFFNA-N,-8.226
PPARG,wt,wt_s1,detail,1,213,BWCCBKUPFRNBAM-QBBGPZPNNA-N,-9.622
PPARG,wt,wt_s1,detail,1,214,LNHIEYLABBPNKJ-HXTKINSTNA-N,-9.251
PPARG,wt,wt_s1,detail,1,215,URPWVRUGSFROGL-IWCCUHEHNA-N,-8.078
PPARG,wt,wt_s1,detail,1,216,VVHGIVKRWDSJFH-HXTKINSTNA-N,-9.838
PPARG,wt,wt_s1,detail,1,217,SXHIZYRFWJFSEN-WUSLAWIHNA-N,-8.332
PPARG,wt,wt_s1,detail,1,218,CNHPXUMQURIPRN-UHFFFAOYNA-N,-10.78
PPARG,wt,wt_s1,detail,1,219,SGUIKZIYGVGMML-UHFFFAOYNA-N,-9.088
PPARG,wt,wt_s1,detail,1,220,DEVOTYUCWQFKBI-SREBMQDQNA-N,-10.6
PPARG,wt,wt_s1,detail,1,221,HGLIGFILENTPME-YQIREZNHNA-N,-10.337
PPARG,wt,wt_s1,detail,1,222,TYJWHVJYDSKQKB-UHFFFAOYNA-N,-8.087
PPARG,wt,wt_s1,detail,1,223,KOZFSFOOLUUIGY-NHZRFLDCNA-N,-9.196
PPARG,wt,wt_s1,detail,1,224,IVUDLYCHNURAOH-INNNKKOMNA-N,-6.655
PPARG,wt,wt_s1,detail,1,225,KDGUWZZCFXNBKJ-UHFFFAOYNA-N,-8.194
PPARG,wt,wt_s1,detail,1,226,DTVVSEVQQLRJMR-ZIFUYXECNA-N,-6.646
PPARG,wt,wt_s1,detail,1,227,MUDPTEIPVZCOGV-UHFFFAOYNA-N,-9.94
PPARG,wt,wt_s1,detail,1,228,IFHBUYGFCSEHIF-OKPOJWAQNA-N,-9.96
PPARG,wt,wt_s1,detail,1,229,CRKWKHJABOJVAY-SKKVRFOWNA-N,-8.805
PPARG,wt,wt_s1,detail,1,230,DXEPONXIBPHOTN-ZJLLOKRPNA-N,-8.804
PPARG,wt,wt_s1,detail,1,231,ULXBTCAXCQWKDE-UHFFFAOYNA-N,-8.836
PPARG,wt,wt_s1,detail,1,232,WJHXPQKEBQOSHE-HXTKINSTNA-N,-8.925
PPARG,wt,wt_s1,detail,1,233,KRFOOEYNOKIXRO-PKRZOPRNNA-N,-9.784
PPARG,wt,wt_s1,detail,1,234,BQPRGAIDSWVYAW-LELJVTLKNA-N,-9.531
PPARG,wt,wt_s1,detail,1,235,YRMKMEPMFOFXGH-LELJVTLKNA-N,-8.517
PPARG,wt,wt_s1,detail,1,236,OOPGLCWBUZVAMU-CSODHUTKNA-N,-7.056
PPARG,wt,wt_s1,detail,1,237,ABMSGZYILANGCA-HXTKINSTNA-N,-8.895
PPARG,wt,wt_s1,detail,1,238,PTAKEHSCNRJTCJ-UHFFFAOYNA-N,-8.075
PPARG,wt,wt_s1,detail,1,239,HOXYGIWZMBSLPN-TWPXYFCBNA-N,-8.481
PPARG,wt,wt_s1,detail,1,240,XKHSVUSPZVNCOT-VWSSANQENA-N,-6.47
PPARG,wt,wt_s1,detail,1,241,XONRVXOEJMEUIV-UHFFFAOYNA-N,-9.527
PPARG,wt,wt_s1,detail,1,242,RJVLVZUXYHWKDL-KIKCKTDGNA-N,-8.969
PPARG,wt,wt_s1,detail,1,243,QFJGVFMADWIIMK-BDGWVKIONA-N,-8.691
PPARG,wt,wt_s1,detail,1,244,SCZNNLLAHVLZMK-HXTKINSTNA-N,-9.457
PPARG,wt,wt_s1,detail,1,245,OBFAALRUGGJRGU-PKRZOPRNNA-N,-7.281
PPARG,wt,wt_s1,detail,1,246,PBDIAJYRAMOINO-WFOUAHBYNA-N,-7.933
PPARG,wt,wt_s1,detail,1,247,NAMSGSSCIKIOGU-UHFFFAOYNA-N,-9.452
PPARG,wt,wt_s1,detail,1,248,GJTMJMUIFFQIQN-BQVZJPQVNA-N,-8.818
PPARG,wt,wt_s1,detail,1,249,FHHOEGKZVIYWLM-PKRZOPRNNA-N,-8.36
PPARG,wt,wt_s1,detail,1,250,LWSUSTXYIGVJTM-DDTQQWOSNA-N,-9.331
PPARG,wt,wt_s1,detail,1,251,VAXBUDASTPYURF-YIOWICSRNA-N,-9.878
PPARG,wt,wt_s1,detail,1,252,JHBVXZXFCJIAJZ-CUCLJGHLNA-N,-10.805
PPARG,wt,wt_s1,detail,1,253,XASICACCYVTJDX-UHFFFAOYNA-N,-8.626
PPARG,wt,wt_s1,detail,1,254,FRWAWZNXORYJGK-UHFFFAOYNA-N,-9.632
PPARG,wt,wt_s1,detail,1,255,YVEPCRMWSAAWMS-BHOFNQNONA-N,-9.726
PPARG,wt,wt_s2,detail,2,0,OLBYFEGTUWWPTR-FYWRMAATNA-N,-7.371
PPARG,wt,wt_s2,detail,2,1,SPGYFZIJBSMMEN-UHFFFAOYNA-N,-8.112
PPARG,wt,wt_s2,detail,2,2,DKKGRNTXCNVFPV-DZQCGVKKNA-N,-8.93
PPARG,wt,wt_s2,detail,2,3,KCOKHEIACSQLBQ-PCLSHUPZNA-N,-6.991
PPARG,wt,wt_s2,detail,2,4,XXMDURVCJMZNFC-UHFFFAOYNA-N,-8.465
PPARG,wt,wt_s2,detail,2,5,XNGWBIOXTHPDBE-UHFFFAOYNA-N,-7.041
PPARG,wt,wt_s2,detail,2,6,FMLKTYPTZQDWCZ-WYUMXYHSNA-N,-7.428
PPARG,wt,wt_s2,detail,2,7,BQCYOKUETBHDKF-UHFFFAOYNA-N,-8.653
PPARG,wt,wt_s2,detail,2,8,VAPRSYGEPKZLNA-UHFFFAOYNA-N,-6.891
PPARG,wt,wt_s2,detail,2,9,FJWTZYYUIYSFDV-NDKGDYFDNA-N,-6.427
PPARG,wt,wt_s2,detail,2,10,JSIXJSFAHZREEV-YHMJCDSINA-N,-6.768
PPARG,wt,wt_s2,detail,2,11,BGSXHNNWYPKQIQ-VEWCPZSHNA-N,-7.499
PPARG,wt,wt_s2,detail,2,12,ANJUUMLKPZLRGR-GPQMBLKYNA-N,-7.261
PPARG,wt,wt_s2,detail,2,13,WVDDMJTWFGHTGZ-VMPITWQZNA-N,-7.12
PPARG,wt,wt_s2,detail,2,14,OSFGHYZLBDAJTP-LILDFLRNNA-N,-9.26
PPARG,wt,wt_s2,detail,2,15,TZSPGMKSRHWUBZ-UHFFFAOYNA-N,-7.184
PPARG,wt,wt_s2,detail,2,16,RJNMLHBOHSQLDU-UHFFFAOYNA-N,-6.68
PPARG,wt,wt_s2,detail,2,17,HPGOEMWDBCJDOY-LILDFLRNNA-N,-7.794
PPARG,wt,wt_s2,detail,2,18,ANIAQSUBRGXWLS-UHFFFAOYNA-N,-5.636
PPARG,wt,wt_s2,detail,2,19,XHPTXSLPPJQCFM-UOUMIGKDNA-N,-8.022
PPARG,wt,wt_s2,detail,2,20,OYUMERJRBPSDQK-UHFFFAOYNA-N,-8.66
PPARG,wt,wt_s2,detail,2,21,RHCPJGMOPIMKFS-UHFFFAOYNA-N,-6.784
PPARG,wt,wt_s2,detail,2,22,GQCRCQLETCLZLO-NDKGDYFDNA-N,-6.496
PPARG,wt,wt_s2,detail,2,23,HDTRJGVVKZGWQZ-UHFFFAOYNA-N,-7.748
PPARG,wt,wt_s2,detail,2,24,PODSUWFXVDWCHZ-YAQRNVERNA-N,-7.61
PPARG,wt,wt_s2,detail,2,25,XOQICXJZZWXQDG-SDNWHVSQNA-N,-7.857
PPARG,wt,wt_s2,detail,2,26,LRQZMRHGRBHVRW-BLHHFWFONA-N,-7.102
PPARG,wt,wt_s2,detail,2,27,INRDHPFHGNGCCW-UHFFFAOYNA-N,-7.89
PPARG,wt,wt_s2,detail,2,28,WIRZCAWOMABORR-HCKMINDGNA-N,-7.698
PPARG,wt,wt_s2,detail,2,29,ISHXVBNQBLMUMA-XAASJSMPNA-N,-7.927
PPARG,wt,wt_s2,detail,2,30,ZVAZVKMDCRYPAQ-UHFFFAOYNA-N,-6.336
PPARG,wt,wt_s2,detail,2,31,OJGDCBLYJGHCIH-UHFFFAOYNA-N,-7.169
PPARG,wt,wt_s2,detail,2,32,HUJQOHMOYGRIRS-WYCIUFAENA-N,-7.492
PPARG,wt,wt_s2,detail,2,33,IXOFYFZRTXYNDM-HCKMINDGNA-N,-7.834
PPARG,wt,wt_s2,detail,2,34,RBMMHDHXQQMEMH-UHFFFAOYNA-N,-7.133
PPARG,wt,wt_s2,detail,2,35,CFFGWJLHGOSOHF-AHPDCHJINA-N,-6.517
PPARG,wt,wt_s2,detail,2,36,FFPAFAKDJLEUSC-YHMJCDSINA-N,-7.09
PPARG,wt,wt_s2,detail,2,37,ULEATUCPMCKRAM-IRXDYDNUNA-N,-7.375
PPARG,wt,wt_s2,detail,2,38,SUSPKFCOAROGEI-UHFFFAOYNA-N,-6.448
PPARG,wt,wt_s2,detail,2,39,ILOLPXFRSGURQA-HCKMINDGNA-N,-7.822
PPARG,wt,wt_s2,detail,2,40,LAHNGPIIMDWGRL-UHFFFAOYNA-N,-8.142
PPARG,wt,wt_s2,detail,2,41,PONNWXFCUBXOFS-UHFFFAOYNA-N,-7.658
PPARG,wt,wt_s2,detail,2,42,NGPUMDFMDVHJTF-XMHGGMMENA-N,-6.629
PPARG,wt,wt_s2,detail,2,43,GKVFCYBLNULLCL-YGPBECBDNA-N,-6.556
PPARG,wt,wt_s2,detail,2,44,FZPYMNOBFYWKFC-UHFFFAOYNA-N,-7.527
PPARG,wt,wt_s2,detail,2,45,CPJICALSLDLRJP-LILDFLRNNA-N,-7.81
PPARG,wt,wt_s2,detail,2,46,RAVBBDYGFXMBKB-GAJRPKRDNA-N,-7.243
PPARG,wt,wt_s2,detail,2,47,NCUWRDDNNJFMAS-UHFFFAOYNA-N,-8.146
PPARG,wt,wt_s2,detail,2,48,VDNBWTVXZDOUIG-PKSOQXRJNA-N,-8.188
PPARG,wt,wt_s2,detail,2,49,WYMKISIWQJPKOC-UHFFFAOYNA-N,-6.989
PPARG,wt,wt_s2,detail,2,50,VTCXXKFOLLSYCU-UHFFFAOYNA-N,-6.937
PPARG,wt,wt_s2,detail,2,51,BSLAOCJVMOGUKX-VHOFBASHNA-N,-7.247
PPARG,wt,wt_s2,detail,2,52,RZUVVWWNGGXUBI-GPQMBLKYNA-N,-8.661
PPARG,wt,wt_s2,detail,2,53,YLYYXIMYACYRSP-UYBDAZJANA-N,-6.742
PPARG,wt,wt_s2,detail,2,54,PHRXHZRDJNSXDF-QHCBTKRXNA-N,-7.919
PPARG,wt,wt_s2,detail,2,55,ABQUFQQMQCPHOH-NCWAPJAINA-N,-7.353
PPARG,wt,wt_s2,detail,2,56,FKIFGIZHFPIJND-GQAOMWGXNA-N,-6.99
PPARG,wt,wt_s2,detail,2,57,NHZFGROUVFTJAK-WYUMXYHSNA-N,-7.877
PPARG,wt,wt_s2,detail,2,58,RTJPLJJBIWFNSZ-UHFFFAOYNA-N,-7.71
PPARG,wt,wt_s2,detail,2,59,ZJRUXQBLSMYTIS-DXMPFREMNA-N,-7.584
PPARG,wt,wt_s2,detail,2,60,UYVIFQIPPPRZJF-QWOVJGMINA-N,-7.698
PPARG,wt,wt_s2,detail,2,61,WYTBYQZYJIGCBO-LILDFLRNNA-N,-8.391
PPARG,wt,wt_s2,detail,2,62,KKWWDIPRICACPS-GPQMBLKYNA-N,-6.825
PPARG,wt,wt_s2,detail,2,63,NZRHOWNFGASHMN-ZHLVXTBQNA-N,-6.946
PPARG,wt,wt_s2,detail,2,64,MGSGKNKREAYFRZ-UHFFFAOYNA-N,-8.15
PPARG,wt,wt_s2,detail,2,65,QTIJDOJTNOHQTC-WQGACYEGNA-N,-6.661
PPARG,wt,wt_s2,detail,2,66,ZHRVXEKEOMUAJO-PKSOQXRJNA-N,-8.875
PPARG,wt,wt_s2,detail,2,67,AJEULKUYXOLHDN-DVIAZDKANA-N,-8.92
PPARG,wt,wt_s2,detail,2,68,MGNZRUQLGFVWLY-UHFFFAOYNA-N,-8.414
PPARG,wt,wt_s2,detail,2,69,OHIMIXUWTWBDBR-UHFFFAOYNA-N,-8.32
PPARG,wt,wt_s2,detail,2,70,RFEGKAVABNLRHW-WYUMXYHSNA-N,-8.129
PPARG,wt,wt_s2,detail,2,71,OVDZZJAUKDINIY-SGTLLEGYNA-N,-7.86
PPARG,wt,wt_s2,detail,2,72,FIGONFGVGMSPID-MPIMZMORNA-N,-9.113
PPARG,wt,wt_s2,detail,2,73,DSSHOSHLYKWNRQ-UHFFFAOYNA-N,-7.475
PPARG,wt,wt_s2,detail,2,74,PKDGFUYVUYOZFK-UHFFFAOYNA-N,-8.481
PPARG,wt,wt_s2,detail,2,75,FSDOAOAVZVMAGE-RRORKGOJNA-N,-7.508
PPARG,wt,wt_s2,detail,2,76,SKYAUASQUBDEOI-LHJMZCQGNA-N,-7.201
PPARG,wt,wt_s2,detail,2,77,RRRYPJNSMOUEOE-XBTAAFKLNA-N,-9.065
PPARG,wt,wt_s2,detail,2,78,LNQOCSSUUUJFLY-BNKWAMQHNA-N,-8.645
PPARG,wt,wt_s2,detail,2,79,IQVUWJZWHCFIBG-UYBDAZJANA-N,-7.111
PPARG,wt,wt_s2,detail,2,80,FECVWTWBRSSNCK-XBTAAFKLNA-N,-9.799
PPARG,wt,wt_s2,detail,2,81,USDYHKNHMGVDHS-UYBDAZJANA-N,-6.829
PPARG,wt,wt_s2,detail,2,82,ZVJAHPKIYVGDHR-ILXRZTDVNA-N,-7.381
PPARG,wt,wt_s2,detail,2,83,AGWWZCICEUHAPF-UHFFFAOYNA-N,-8.974
PPARG,wt,wt_s2,detail,2,84,SIFYPHRKPXWEFL-UHFFFAOYNA-N,-8.215
PPARG,wt,wt_s2,detail,2,85,CCBDIYWTNHRYSF-GPQMBLKYNA-N,-8.662
PPARG,wt,wt_s2,detail,2,86,QZJYCFURESLRJX-UHFFFAOYNA-N,-7.149
PPARG,wt,wt_s2,detail,2,87,KDGSVHGIVBVYFE-SIKSZQSZNA-N,-8.134
PPARG,wt,wt_s2,detail,2,88,KAVCMDDCFVWLGH-DCYBUDGMNA-N,-8.932
PPARG,wt,wt_s2,detail,2,89,QTJDEJXKPAATAY-LILDFLRNNA-N,-9.049
PPARG,wt,wt_s2,detail,2,90,DCCNEGBQLUHRSI-UHFFFAOYNA-N,-6.231
PPARG,wt,wt_s2,detail,2,91,VUCQKRJVSPHODJ-UHFFFAOYNA-N,-8.29
PPARG,wt,wt_s2,detail,2,92,XCNTYAMCOLKFEW-UHFFFAOYNA-N,-6.855
PPARG,wt,wt_s2,detail,2,93,MLPVFRGFZVZNOZ-ODUIGABRNA-N,-7.887
PPARG,wt,wt_s2,detail,2,94,JXNGVLIPVYLXLZ-PKSOQXRJNA-N,-8.404
PPARG,wt,wt_s2,detail,2,95,GWICPGWJQQUMKG-UHFFFAOYNA-N,-7.823
PPARG,wt,wt_s2,detail,2,96,LEDHQUJDAQVDJK-UHFFFAOYNA-N,-8.248
PPARG,wt,wt_s2,detail,2,97,BJKUVAVJXSIUGS-UYBDAZJANA-N,-7.399
PPARG,wt,wt_s2,detail,2,98,QXIDHQKQNQWYQW-ORVKFNBTNA-N,-8.7
PPARG,wt,wt_s2,detail,2,99,VXNGWYZIFXWTDN-PKSOQXRJNA-N,-7.284
PPARG,wt,wt_s2,detail,2,100,UBFYNRRQFOKQOE-QWOVJGMINA-N,-7.216
PPARG,wt,wt_s2,detail,2,101,PKPIHOLUWUTPLW-GKKCOONHNA-N,-8.614
PPARG,wt,wt_s2,detail,2,102,CNYQZGODPRSIFM-LILDFLRNNA-N,-7.786
PPARG,wt,wt_s2,detail,2,103,OGPHEDOMLIUGFJ-UYBDAZJANA-N,-9.358
PPARG,wt,wt_s2,detail,2,104,FHOIWEHXSFDGEX-MPIMZMORNA-N,-9.046
PPARG,wt,wt_s2,detail,2,105,QOIGKGMMAGJZNZ-UHFFFAOYNA-N,-8.551
PPARG,wt,wt_s2,detail,2,106,DJJKBSKVSXPDMW-XFDRBGHPNA-N,-9.033
PPARG,wt,wt_s2,detail,2,107,MQVHNCCMPYINIB-GPQMBLKYNA-N,-8.525
PPARG,wt,wt_s2,detail,2,108,QJBDKSNVJPPLMZ-UYBDAZJANA-N,-8.656
PPARG,wt,wt_s2,detail,2,109,NEOVEBXUPVDKIZ-PDJAEHLQNA-N,-9.014
PPARG,wt,wt_s2,detail,2,110,UBMHUOWYROYDAE-MPIMZMORNA-N,-8.04
PPARG,wt,wt_s2,detail,2,111,NCOQSZVFPAPDPY-MPIMZMORNA-N,-8.442
PPARG,wt,wt_s2,detail,2,112,IWKDSKQEBMNILM-SFHVURJKNA-N,-7.727
PPARG,wt,wt_s2,detail,2,113,FYHIZSWDWJOYBD-UHFFFAOYNA-N,-7.32
PPARG,wt,wt_s2,detail,2,114,CODIBUDSZRMNBU-VVKINWOJNA-N,-8.488
PPARG,wt,wt_s2,detail,2,115,FSBYPVHAUHIHDK-HYTOZLCFNA-N,-8.347
PPARG,wt,wt_s2,detail,2,116,IBLBSVRDXNEHCF-UYBDAZJANA-N,-8.92
PPARG,wt,wt_s2,detail,2,117,YIVFLWLUPIAQNG-MPIMZMORNA-N,-8.939
PPARG,wt,wt_s2,detail,2,118,OKBASBXKPLMJNO-PKSOQXRJNA-N,-7.84
PPARG,wt,wt_s2,detail,2,119,CKUZXDONSHPFEU-UHFFFAOYNA-N,-7.768
PPARG,wt,wt_s2,detail,2,120,FZVOSFJDUXXRFB-LQFNOIFHNA-N,-9.42
PPARG,wt,wt_s2,detail,2,121,ATWQGOUWTPWHOB-MPIMZMORNA-N,-7.612
PPARG,wt,wt_s2,detail,2,122,SWTXEVDFRXLPBO-LILDFLRNNA-N,-8.29
PPARG,wt,wt_s2,detail,2,123,XKKZGDBDLSLGEV-UHFFFAOYNA-N,-8.01
PPARG,wt,wt_s2,detail,2,124,YOIVLKBZTXOSAW-UHFFFAOYNA-N,-7.441
PPARG,wt,wt_s2,detail,2,125,MTNDVCNEIIJXQO-LILDFLRNNA-N,-8.47
PPARG,wt,wt_s2,detail,2,126,VRVOWSSSYICXBN-UHFFFAOYNA-N,-8.613
PPARG,wt,wt_s2,detail,2,127,YWMOOGZLZREJIF-LILDFLRNNA-N,-5.864
PPARG,wt,wt_s2,detail,2,128,GBDSDSSPYNQXEN-LQFNOIFHNA-N,-9.483
PPARG,wt,wt_s2,detail,2,129,WEGCLMSBIIWPKX-HXTKINSTNA-N,-8.284
PPARG,wt,wt_s2,detail,2,130,KWIMDTZYIABOPE-XBXBPLPCNA-N,-8.674
PPARG,wt,wt_s2,detail,2,131,PTYKTEYVZUVZBD-LQFNOIFHNA-N,-10.536
PPARG,wt,wt_s2,detail,2,132,IDUARCWXOZVBJC-UHFFFAOYNA-N,-7.746
PPARG,wt,wt_s2,detail,2,133,SVHQAQMZYYTKBZ-QIFDKBNDNA-N,-6.641
PPARG,wt,wt_s2,detail,2,134,OKUWPICMSLXCLZ-ZBJSNUHENA-N,-7.764
PPARG,wt,wt_s2,detail,2,135,BGESRTVIDMTTHW-MPIMZMORNA-N,-9.588
PPARG,wt,wt_s2,detail,2,136,RDLHVRFBBSKBMX-UHFFFAOYNA-N,-8.113
PPARG,wt,wt_s2,detail,2,137,UHKNPVYNTQTWBT-LELJVTLKNA-N,-8.561
PPARG,wt,wt_s2,detail,2,138,LKOQAWXJCPYWSX-SMCUVTTANA-N,-9.053
PPARG,wt,wt_s2,detail,2,139,RGTZPMQQOVPWHT-UHFFFAOYNA-N,-8.422
PPARG,wt,wt_s2,detail,2,140,MPGXBEHIWDZYTG-JRAHLMCZNA-N,-7.764
PPARG,wt,wt_s2,detail,2,141,YSGONLQAXXDANF-HXTKINSTNA-N,-9.757
PPARG,wt,wt_s2,detail,2,142,ILADCPXUSGZMCO-LNNLXFCONA-N,-7.345
PPARG,wt,wt_s2,detail,2,143,WHISBCGJLLBHTQ-LELJVTLKNA-N,-8.062
PPARG,wt,wt_s2,detail,2,144,FQUQVJCZFGUICL-PZJWPPBQNA-N,-8.266
PPARG,wt,wt_s2,detail,2,145,PVZFRDICDBVJBC-MPIMZMORNA-N,-7.059
PPARG,wt,wt_s2,detail,2,146,WUQZEVWHZRAQLY-UHFFFAOYNA-N,-8.955
PPARG,wt,wt_s2,detail,2,147,PDYDBFOSJUATJC-LELJVTLKNA-N,-9.531
PPARG,wt,wt_s2,detail,2,148,XFTGZOIRMLTALR-UHFFFAOYNA-N,-9.777
PPARG,wt,wt_s2,detail,2,149,CPWFSRVCXOETRU-XYFPIJJGNA-N,-8.484
PPARG,wt,wt_s2,detail,2,150,SAFXYJWXQPZDKB-ZNVTXRBFNA-N,-8.726
PPARG,wt,wt_s2,detail,2,151,SWLAVROBGRTKAO-LQFNOIFHNA-N,-9.606
PPARG,wt,wt_s2,detail,2,152,OJFUHLOGAMKMDM-UHFFFAOYNA-N,-8.786
PPARG,wt,wt_s2,detail,2,153,YPDNVRDMMKZNIG-PJXJJTHHNA-N,-8.588
PPARG,wt,wt_s2,detail,2,154,LPYDZAPPGTYNGQ-UHFFFAOYNA-N,-9.804
PPARG,wt,wt_s2,detail,2,155,CXIGBATZIXWVIX-HXTKINSTNA-N,-9.315
PPARG,wt,wt_s2,detail,2,156,RXPVTNMMNZNKSW-LNNLXFCONA-N,-9.616
PPARG,wt,wt_s2,detail,2,157,YYDGAWIITBZHPX-UHFFFAOYNA-N,-7.662
PPARG,wt,wt_s2,detail,2,158,CHUNHRFIWQZFCI-UHFFFAOYNA-N,-8.695
PPARG,wt,wt_s2,detail,2,159,JDUBGYFRJFOXQC-YCIVUMDCNA-N,-8.424
PPARG,wt,wt_s2,detail,2,160,MMXCRHIOXQKQPT-LQFNOIFHNA-N,-8.954
PPARG,wt,wt_s2,detail,2,161,VBENHRFIEOLOJJ-JKZKCNJSNA-N,-7.961
PPARG,wt,wt_s2,detail,2,162,VPTBWCCSBQRUTD-UHFFFAOYNA-N,-8.878
PPARG,wt,wt_s2,detail,2,163,WOWAHNXJUPSVDR-LNNLXFCONA-N,-10.475
PPARG,wt,wt_s2,detail,2,164,WRLLXWRAXRGFBQ-GFQURNRHNA-N,-7.585
PPARG,wt,wt_s2,detail,2,165,QUUJCYCJKQGYDU-UHFFFAOYNA-N,-6.496
PPARG,wt,wt_s2,detail,2,166,LWILODJXIVFMKQ-LNNLXFCONA-N,-9.975
PPARG,wt,wt_s2,detail,2,167,PVBTXZKRTQKXBX-MRSUPTMINA-N,-8.996
PPARG,wt,wt_s2,detail,2,168,OWYLOIDRWNJCEP-HXUWFJFHNA-N,-8.446
PPARG,wt,wt_s2,detail,2,169,JOZFRLZUNYNYED-PJQSKVNONA-N,-8.681
PPARG,wt,wt_s2,detail,2,170,HMQKHGHCACYDGB-UHFFFAOYNA-N,-9.03
PPARG,wt,wt_s2,detail,2,171,SCHAXPQHOGRLLW-MPIMZMORNA-N,-8.503
PPARG,wt,wt_s2,detail,2,172,YNGDNNRFKXZELP-BDGWVKIONA-N,-8.051
PPARG,wt,wt_s2,detail,2,173,XETTWDXILVAWCB-UHFFFAOYNA-N,-7.784
PPARG,wt,wt_s2,detail,2,174,XXKBFOAMRLTPJL-UHFFFAOYNA-N,-7.154
PPARG,wt,wt_s2,detail,2,175,TXOXXECOMBAZKB-ZVNAXFNBNA-N,-8.578
PPARG,wt,wt_s2,detail,2,176,KUFKSMPOXHUGOB-QWOVJGMINA-N,-7.596
PPARG,wt,wt_s2,detail,2,177,SEHKNXHOUKJSIO-LNNLXFCONA-N,-9.468
PPARG,wt,wt_s2,detail,2,178,GMMNPCWBYMCYDQ-MPIMZMORNA-N,-8.727
PPARG,wt,wt_s2,detail,2,179,KEGZEHANNYRNOK-UHFFFAOYNA-N,-8.861
PPARG,wt,wt_s2,detail,2,180,GBJZQLYNRDBGTL-UHFFFAOYNA-N,-7.468
PPARG,wt,wt_s2,detail,2,181,UMFUNPLMLVDNME-INIZCTEONA-N,-8.857
PPARG,wt,wt_s2,detail,2,182,VPYOVNHGFLPMHX-ORVKFNBTNA-N,-8.282
PPARG,wt,wt_s2,detail,2,183,OQXGEGPDPXAQRC-UHFFFAOYNA-N,-7.713
PPARG,wt,wt_s2,detail,2,184,ZWOHSJYESLDLLT-AXIOFXGANA-N,-7.505
PPARG,wt,wt_s2,detail,2,185,NLUWXHFWWSAGMP-LNNLXFCONA-N,-9.194
PPARG,wt,wt_s2,detail,2,186,NBQDTLQFRAMAMQ-PDJAEHLQNA-N,-9.362
PPARG,wt,wt_s2,detail,2,187,VKYYUIDNHOUPGY-MPIMZMORNA-N,-9.001
PPARG,wt,wt_s2,detail,2,188,JHAMDJLHPSYECA-HXTKINSTNA-N,-9.413
PPARG,wt,wt_s2,detail,2,189,YUXCKESVZUAENN-LQFNOIFHNA-N,-8.098
PPARG,wt,wt_s2,detail,2,190,VOADUCNXWYAILJ-BOSVZZMWNA-N,-7.819
PPARG,wt,wt_s2,detail,2,191,YOCNRNBEVZABNA-AVGNRJKVNA-O,-8.591
PPARG,wt,wt_s2,detail,2,192,QGPIYZBUSYLXQT-UHFFFAOYNA-N,-8.69
PPARG,wt,wt_s2,detail,2,193,ALIRNZFSPVRFPC-QDIHOGQBNA-N,-9.993
PPARG,wt,wt_s2,detail,2,194,ZVFXYTPNPFXBNK-LELJVTLKNA-N,-8.112
PPARG,wt,wt_s2,detail,2,195,VYHWCJWNQFIBGN-CRFSQNOJNA-N,-9.054
PPARG,wt,wt_s2,detail,2,196,OGTQHYNUUOXINS-BKWRVFRZNA-N,-8.48
PPARG,wt,wt_s2,detail,2,197,UVYVJQFOXZDFLB-QDIHOGQBNA-N,-8.495
PPARG,wt,wt_s2,detail,2,198,OKBCXQJLCMYJOC-UHFFFAOYNA-N,-8.848
PPARG,wt,wt_s2,detail,2,199,UNUQJGDVJMRMAL-LBOYIXSDNA-N,-9.346
PPARG,wt,wt_s2,detail,2,200,AYOFFOZNXNLQIO-UHFFFAOYNA-N,-8.339
PPARG,wt,wt_s2,detail,2,201,XSCHYHFIQNFPFK-VJSLDGLSNA-N,-7.921
PPARG,wt,wt_s2,detail,2,202,JTLSDSKNFBJVAB-CAXFFFRFNA-N,-7.67
PPARG,wt,wt_s2,detail,2,203,DTRCHIYQUYRTQL-ARSKLOKFNA-N,-6.716
PPARG,wt,wt_s2,detail,2,204,HHCWBKAHPBAUDS-LBOYIXSDNA-N,-9.362
PPARG,wt,wt_s2,detail,2,205,SQFXMWLUFDMDIG-LBOYIXSDNA-N,-9.242
PPARG,wt,wt_s2,detail,2,206,DAAUKUQYGMNNAH-ZUKIQNPFNA-N,-9.242
PPARG,wt,wt_s2,detail,2,207,POLXUFYBMIRDEG-UHFFFAOYNA-N,-8.552
PPARG,wt,wt_s2,detail,2,208,HAQNCPOGRFKYNP-WNTKXCTINA-N,-8.02
PPARG,wt,wt_s2,detail,2,209,CQWFJACPUQVVQZ-UHFFFAOYNA-N,-7.29
PPARG,wt,wt_s2,detail,2,210,DPMMEOUVESBMSC-ZENAZSQFNA-N,-8.974
PPARG,wt,wt_s2,detail,2,211,SWRYMOBQOOSZGE-LFJJEMAGNA-N,-10.824
PPARG,wt,wt_s2,detail,2,212,VJTYYKXVGAQBPX-BGYRXZFFNA-N,-8.343
PPARG,wt,wt_s2,detail,2,213,BWCCBKUPFRNBAM-QBBGPZPNNA-N,-9.716
PPARG,wt,wt_s2,detail,2,214,LNHIEYLABBPNKJ-HXTKINSTNA-N,-8.991
PPARG,wt,wt_s2,detail,2,215,URPWVRUGSFROGL-IWCCUHEHNA-N,-8.771
PPARG,wt,wt_s2,detail,2,216,VVHGIVKRWDSJFH-HXTKINSTNA-N,-9.551
PPARG,wt,wt_s2,detail,2,217,SXHIZYRFWJFSEN-WUSLAWIHNA-N,-8.414
PPARG,wt,wt_s2,detail,2,218,CNHPXUMQURIPRN-UHFFFAOYNA-N,-10.732
PPARG,wt,wt_s2,detail,2,219,SGUIKZIYGVGMML-UHFFFAOYNA-N,-9.138
PPARG,wt,wt_s2,detail,2,220,DEVOTYUCWQFKBI-SREBMQDQNA-N,-10.802
PPARG,wt,wt_s2,detail,2,221,HGLIGFILENTPME-YQIREZNHNA-N,-10.157
PPARG,wt,wt_s2,detail,2,222,TYJWHVJYDSKQKB-UHFFFAOYNA-N,-8.408
PPARG,wt,wt_s2,detail,2,223,KOZFSFOOLUUIGY-NHZRFLDCNA-N,-9.206
PPARG,wt,wt_s2,detail,2,224,IVUDLYCHNURAOH-INNNKKOMNA-N,-6.514
PPARG,wt,wt_s2,detail,2,225,KDGUWZZCFXNBKJ-UHFFFAOYNA-N,-7.543
PPARG,wt,wt_s2,detail,2,226,DTVVSEVQQLRJMR-ZIFUYXECNA-N,-9.214
PPARG,wt,wt_s2,detail,2,227,MUDPTEIPVZCOGV-UHFFFAOYNA-N,-9.869
PPARG,wt,wt_s2,detail,2,228,IFHBUYGFCSEHIF-OKPOJWAQNA-N,-9.592
PPARG,wt,wt_s2,detail,2,229,CRKWKHJABOJVAY-SKKVRFOWNA-N,-8.733
PPARG,wt,wt_s2,detail,2,230,DXEPONXIBPHOTN-ZJLLOKRPNA-N,-8.126
PPARG,wt,wt_s2,detail,2,231,ULXBTCAXCQWKDE-UHFFFAOYNA-N,-8.822
PPARG,wt,wt_s2,detail,2,232,WJHXPQKEBQOSHE-HXTKINSTNA-N,-9.103
PPARG,wt,wt_s2,detail,2,233,KRFOOEYNOKIXRO-PKRZOPRNNA-N,-9.824
PPARG,wt,wt_s2,detail,2,234,BQPRGAIDSWVYAW-LELJVTLKNA-N,-9.408
PPARG,wt,wt_s2,detail,2,235,YRMKMEPMFOFXGH-LELJVTLKNA-N,-8.763
PPARG,wt,wt_s2,detail,2,236,OOPGLCWBUZVAMU-CSODHUTKNA-N,-7.035
PPARG,wt,wt_s2,detail,2,237,ABMSGZYILANGCA-HXTKINSTNA-N,-8.799
PPARG,wt,wt_s2,detail,2,238,PTAKEHSCNRJTCJ-UHFFFAOYNA-N,-7.966
PPARG,wt,wt_s2,detail,2,239,HOXYGIWZMBSLPN-TWPXYFCBNA-N,-8.798
PPARG,wt,wt_s2,detail,2,240,XKHSVUSPZVNCOT-VWSSANQENA-N,-7.094
PPARG,wt,wt_s2,detail,2,241,XONRVXOEJMEUIV-UHFFFAOYNA-N,-9.595
PPARG,wt,wt_s2,detail,2,242,RJVLVZUXYHWKDL-KIKCKTDGNA-N,-8.959
PPARG,wt,wt_s2,detail,2,243,QFJGVFMADWIIMK-BDGWVKIONA-N,-8.667
PPARG,wt,wt_s2,detail,2,244,SCZNNLLAHVLZMK-HXTKINSTNA-N,-9.413
PPARG,wt,wt_s2,detail,2,245,OBFAALRUGGJRGU-PKRZOPRNNA-N,-7.027
PPARG,wt,wt_s2,detail,2,246,PBDIAJYRAMOINO-WFOUAHBYNA-N,-8.357
PPARG,wt,wt_s2,detail,2,247,NAMSGSSCIKIOGU-UHFFFAOYNA-N,-9.694
PPARG,wt,wt_s2,detail,2,248,GJTMJMUIFFQIQN-BQVZJPQVNA-N,-9.048
PPARG,wt,wt_s2,detail,2,249,FHHOEGKZVIYWLM-PKRZOPRNNA-N,-8.403
PPARG,wt,wt_s2,detail,2,250,LWSUSTXYIGVJTM-DDTQQWOSNA-N,-9.284
PPARG,wt,wt_s2,detail,2,251,VAXBUDASTPYURF-YIOWICSRNA-N,-9.255
PPARG,wt,wt_s2,detail,2,252,JHBVXZXFCJIAJZ-CUCLJGHLNA-N,-10.794
PPARG,wt,wt_s2,detail,2,253,XASICACCYVTJDX-UHFFFAOYNA-N,-8.685
PPARG,wt,wt_s2,detail,2,254,FRWAWZNXORYJGK-UHFFFAOYNA-N,-9.672
PPARG,wt,wt_s2,detail,2,255,YVEPCRMWSAAWMS-BHOFNQNONA-N,-9.413
PPARG,c_ARG288,mut_s1,detail,1,0,OLBYFEGTUWWPTR-FYWRMAATNA-N,-7.091
PPARG,c_ARG288,mut_s1,detail,1,1,SPGYFZIJBSMMEN-UHFFFAOYNA-N,-7.446
PPARG,c_ARG288,mut_s1,detail,1,2,DKKGRNTXCNVFPV-DZQCGVKKNA-N,-8.94
PPARG,c_ARG288,mut_s1,detail,1,3,KCOKHEIACSQLBQ-PCLSHUPZNA-N,-6.825
PPARG,c_ARG288,mut_s1,detail,1,4,XXMDURVCJMZNFC-UHFFFAOYNA-N,-8.513
PPARG,c_ARG288,mut_s1,detail,1,5,XNGWBIOXTHPDBE-UHFFFAOYNA-N,-6.451
PPARG,c_ARG288,mut_s1,detail,1,6,FMLKTYPTZQDWCZ-WYUMXYHSNA-N,-7.335
PPARG,c_ARG288,mut_s1,detail,1,7,BQCYOKUETBHDKF-UHFFFAOYNA-N,-8.319
PPARG,c_ARG288,mut_s1,detail,1,8,VAPRSYGEPKZLNA-UHFFFAOYNA-N,-6.873
PPARG,c_ARG288,mut_s1,detail,1,9,FJWTZYYUIYSFDV-NDKGDYFDNA-N,-5.656
PPARG,c_ARG288,mut_s1,detail,1,10,JSIXJSFAHZREEV-YHMJCDSINA-N,-6.694
PPARG,c_ARG288,mut_s1,detail,1,11,BGSXHNNWYPKQIQ-VEWCPZSHNA-N,-7.222
PPARG,c_ARG288,mut_s1,detail,1,12,ANJUUMLKPZLRGR-GPQMBLKYNA-N,-7.173
PPARG,c_ARG288,mut_s1,detail,1,13,WVDDMJTWFGHTGZ-VMPITWQZNA-N,-7.184
PPARG,c_ARG288,mut_s1,detail,1,14,OSFGHYZLBDAJTP-LILDFLRNNA-N,-9.083
PPARG,c_ARG288,mut_s1,detail,1,15,TZSPGMKSRHWUBZ-UHFFFAOYNA-N,-8.42
PPARG,c_ARG288,mut_s1,detail,1,16,RJNMLHBOHSQLDU-UHFFFAOYNA-N,-7.195
PPARG,c_ARG288,mut_s1,detail,1,17,HPGOEMWDBCJDOY-LILDFLRNNA-N,-7.793
PPARG,c_ARG288,mut_s1,detail,1,18,ANIAQSUBRGXWLS-UHFFFAOYNA-N,-5.817
PPARG,c_ARG288,mut_s1,detail,1,19,XHPTXSLPPJQCFM-UOUMIGKDNA-N,-7.839
PPARG,c_ARG288,mut_s1,detail,1,20,OYUMERJRBPSDQK-UHFFFAOYNA-N,-8.37
PPARG,c_ARG288,mut_s1,detail,1,21,RHCPJGMOPIMKFS-UHFFFAOYNA-N,-6.679
PPARG,c_ARG288,mut_s1,detail,1,22,GQCRCQLETCLZLO-NDKGDYFDNA-N,-6.461
PPARG,c_ARG288,mut_s1,detail,1,23,HDTRJGVVKZGWQZ-UHFFFAOYNA-N,-7.712
PPARG,c_ARG288,mut_s1,detail,1,24,PODSUWFXVDWCHZ-YAQRNVERNA-N,-7.27
PPARG,c_ARG288,mut_s1,detail,1,25,XOQICXJZZWXQDG-SDNWHVSQNA-N,-7.312
PPARG,c_ARG288,mut_s1,detail,1,26,LRQZMRHGRBHVRW-BLHHFWFONA-N,-6.72
PPARG,c_ARG288,mut_s1,detail,1,27,INRDHPFHGNGCCW-UHFFFAOYNA-N,-7.901
PPARG,c_ARG288,mut_s1,detail,1,28,WIRZCAWOMABORR-HCKMINDGNA-N,-7.563
PPARG,c_ARG288,mut_s1,detail,1,29,ISHXVBNQBLMUMA-XAASJSMPNA-N,-7.967
PPARG,c_ARG288,mut_s1,detail,1,30,ZVAZVKMDCRYPAQ-UHFFFAOYNA-N,-6.185
PPARG,c_ARG288,mut_s1,detail,1,31,OJGDCBLYJGHCIH-UHFFFAOYNA-N,-7.291
PPARG,c_ARG288,mut_s1,detail,1,32,HUJQOHMOYGRIRS-WYCIUFAENA-N,-7.941
PPARG,c_ARG288,mut_s1,detail,1,33,IXOFYFZRTXYNDM-HCKMINDGNA-N,-7.843
PPARG,c_ARG288,mut_s1,detail,1,34,RBMMHDHXQQMEMH-UHFFFAOYNA-N,-8.243
PPARG,c_ARG288,mut_s1,detail,1,35,CFFGWJLHGOSOHF-AHPDCHJINA-N,-6.497
PPARG,c_ARG288,mut_s1,detail,1,36,FFPAFAKDJLEUSC-YHMJCDSINA-N,-6.558
PPARG,c_ARG288,mut_s1,detail,1,37,ULEATUCPMCKRAM-IRXDYDNUNA-N,-7.653
PPARG,c_ARG288,mut_s1,detail,1,38,SUSPKFCOAROGEI-UHFFFAOYNA-N,-6.387
PPARG,c_ARG288,mut_s1,detail,1,39,ILOLPXFRSGURQA-HCKMINDGNA-N,-7.8
PPARG,c_ARG288,mut_s1,detail,1,40,LAHNGPIIMDWGRL-UHFFFAOYNA-N,-8.398
PPARG,c_ARG288,mut_s1,detail,1,41,PONNWXFCUBXOFS-UHFFFAOYNA-N,-7.568
PPARG,c_ARG288,mut_s1,detail,1,42,NGPUMDFMDVHJTF-XMHGGMMENA-N,-7.238
PPARG,c_ARG288,mut_s1,detail,1,43,GKVFCYBLNULLCL-YGPBECBDNA-N,-7.491
PPARG,c_ARG288,mut_s1,detail,1,44,FZPYMNOBFYWKFC-UHFFFAOYNA-N,-7.212
PPARG,c_ARG288,mut_s1,detail,1,45,CPJICALSLDLRJP-LILDFLRNNA-N,-8.679
PPARG,c_ARG288,mut_s1,detail,1,46,RAVBBDYGFXMBKB-GAJRPKRDNA-N,-6.974
PPARG,c_ARG288,mut_s1,detail,1,47,NCUWRDDNNJFMAS-UHFFFAOYNA-N,-8.296
PPARG,c_ARG288,mut_s1,detail,1,48,VDNBWTVXZDOUIG-PKSOQXRJNA-N,-7.911
PPARG,c_ARG288,mut_s1,detail,1,49,WYMKISIWQJPKOC-UHFFFAOYNA-N,-6.822
PPARG,c_ARG288,mut_s1,detail,1,50,VTCXXKFOLLSYCU-UHFFFAOYNA-N,-7.486
PPARG,c_ARG288,mut_s1,detail,1,51,BSLAOCJVMOGUKX-VHOFBASHNA-N,-6.975
PPARG,c_ARG288,mut_s1,detail,1,52,RZUVVWWNGGXUBI-GPQMBLKYNA-N,-8.699
PPARG,c_ARG288,mut_s1,detail,1,53,YLYYXIMYACYRSP-UYBDAZJANA-N,-7.433
PPARG,c_ARG288,mut_s1,detail,1,54,PHRXHZRDJNSXDF-QHCBTKRXNA-N,-7.942
PPARG,c_ARG288,mut_s1,detail,1,55,ABQUFQQMQCPHOH-NCWAPJAINA-N,-7.0
PPARG,c_ARG288,mut_s1,detail,1,56,FKIFGIZHFPIJND-GQAOMWGXNA-N,-6.486
PPARG,c_ARG288,mut_s1,detail,1,57,NHZFGROUVFTJAK-WYUMXYHSNA-N,-7.874
PPARG,c_ARG288,mut_s1,detail,1,58,RTJPLJJBIWFNSZ-UHFFFAOYNA-N,-7.583
PPARG,c_ARG288,mut_s1,detail,1,59,ZJRUXQBLSMYTIS-DXMPFREMNA-N,-7.189
PPARG,c_ARG288,mut_s1,detail,1,60,UYVIFQIPPPRZJF-QWOVJGMINA-N,-7.937
PPARG,c_ARG288,mut_s1,detail,1,61,WYTBYQZYJIGCBO-LILDFLRNNA-N,-8.439
PPARG,c_ARG288,mut_s1,detail,1,62,KKWWDIPRICACPS-GPQMBLKYNA-N,-6.984
PPARG,c_ARG288,mut_s1,detail,1,63,NZRHOWNFGASHMN-ZHLVXTBQNA-N,-7.52
PPARG,c_ARG288,mut_s1,detail,1,64,MGSGKNKREAYFRZ-UHFFFAOYNA-N,-7.842
PPARG,c_ARG288,mut_s1,detail,1,65,QTIJDOJTNOHQTC-WQGACYEGNA-N,-7.508
PPARG,c_ARG288,mut_s1,detail,1,66,ZHRVXEKEOMUAJO-PKSOQXRJNA-N,-8.679
PPARG,c_ARG288,mut_s1,detail,1,67,AJEULKUYXOLHDN-DVIAZDKANA-N,-9.638
PPARG,c_ARG288,mut_s1,detail,1,68,MGNZRUQLGFVWLY-UHFFFAOYNA-N,-7.794
PPARG,c_ARG288,mut_s1,detail,1,69,OHIMIXUWTWBDBR-UHFFFAOYNA-N,-7.946
PPARG,c_ARG288,mut_s1,detail,1,70,RFEGKAVABNLRHW-WYUMXYHSNA-N,-8.312
PPARG,c_ARG288,mut_s1,detail,1,71,OVDZZJAUKDINIY-SGTLLEGYNA-N,-7.838
PPARG,c_ARG288,mut_s1,detail,1,72,FIGONFGVGMSPID-MPIMZMORNA-N,-8.798
PPARG,c_ARG288,mut_s1,detail,1,73,DSSHOSHLYKWNRQ-UHFFFAOYNA-N,-7.932
PPARG,c_ARG288,mut_s1,detail,1,74,PKDGFUYVUYOZFK-UHFFFAOYNA-N,-9.532
PPARG,c_ARG288,mut_s1,detail,1,75,FSDOAOAVZVMAGE-RRORKGOJNA-N,-7.72
PPARG,c_ARG288,mut_s1,detail,1,76,SKYAUASQUBDEOI-LHJMZCQGNA-N,-8.262
PPARG,c_ARG288,mut_s1,detail,1,77,RRRYPJNSMOUEOE-XBTAAFKLNA-N,-9.167
PPARG,c_ARG288,mut_s1,detail,1,78,LNQOCSSUUUJFLY-BNKWAMQHNA-N,-8.126
PPARG,c_ARG288,mut_s1,detail,1,79,IQVUWJZWHCFIBG-UYBDAZJANA-N,-7.168
PPARG,c_ARG288,mut_s1,detail,1,80,FECVWTWBRSSNCK-XBTAAFKLNA-N,-9.54
PPARG,c_ARG288,mut_s1,detail,1,81,USDYHKNHMGVDHS-UYBDAZJANA-N,-7.308
PPARG,c_ARG288,mut_s1,detail,1,82,ZVJAHPKIYVGDHR-ILXRZTDVNA-N,-7.35
PPARG,c_ARG288,mut_s1,detail,1,83,AGWWZCICEUHAPF-UHFFFAOYNA-N,-8.966
PPARG,c_ARG288,mut_s1,detail,1,84,SIFYPHRKPXWEFL-UHFFFAOYNA-N,-7.584
PPARG,c_ARG288,mut_s1,detail,1,85,CCBDIYWTNHRYSF-GPQMBLKYNA-N,-8.888
PPARG,c_ARG288,mut_s1,detail,1,86,QZJYCFURESLRJX-UHFFFAOYNA-N,-7.877
PPARG,c_ARG288,mut_s1,detail,1,87,KDGSVHGIVBVYFE-SIKSZQSZNA-N,-8.314
PPARG,c_ARG288,mut_s1,detail,1,88,KAVCMDDCFVWLGH-DCYBUDGMNA-N,-9.062
PPARG,c_ARG288,mut_s1,detail,1,89,QTJDEJXKPAATAY-LILDFLRNNA-N,-8.907
PPARG,c_ARG288,mut_s1,detail,1,90,DCCNEGBQLUHRSI-UHFFFAOYNA-N,-7.13
PPARG,c_ARG288,mut_s1,detail,1,91,VUCQKRJVSPHODJ-UHFFFAOYNA-N,-8.653
PPARG,c_ARG288,mut_s1,detail,1,92,XCNTYAMCOLKFEW-UHFFFAOYNA-N,-8.134
PPARG,c_ARG288,mut_s1,detail,1,93,MLPVFRGFZVZNOZ-ODUIGABRNA-N,-7.939
PPARG,c_ARG288,mut_s1,detail,1,94,JXNGVLIPVYLXLZ-PKSOQXRJNA-N,-8.469
PPARG,c_ARG288,mut_s1,detail,1,95,GWICPGWJQQUMKG-UHFFFAOYNA-N,-8.741
PPARG,c_ARG288,mut_s1,detail,1,96,LEDHQUJDAQVDJK-UHFFFAOYNA-N,-8.537
PPARG,c_ARG288,mut_s1,detail,1,97,BJKUVAVJXSIUGS-UYBDAZJANA-N,-9.341
PPARG,c_ARG288,mut_s1,detail,1,98,QXIDHQKQNQWYQW-ORVKFNBTNA-N,-9.285
PPARG,c_ARG288,mut_s1,detail,1,99,VXNGWYZIFXWTDN-PKSOQXRJNA-N,-7.738
PPARG,c_ARG288,mut_s1,detail,1,100,UBFYNRRQFOKQOE-QWOVJGMINA-N,-6.986
PPARG,c_ARG288,mut_s1,detail,1,101,PKPIHOLUWUTPLW-GKKCOONHNA-N,-8.587
PPARG,c_ARG288,mut_s1,detail,1,102,CNYQZGODPRSIFM-LILDFLRNNA-N,-8.037
PPARG,c_ARG288,mut_s1,detail,1,103,OGPHEDOMLIUGFJ-UYBDAZJANA-N,-9.286
PPARG,c_ARG288,mut_s1,detail,1,104,FHOIWEHXSFDGEX-MPIMZMORNA-N,-8.855
PPARG,c_ARG288,mut_s1,detail,1,105,QOIGKGMMAGJZNZ-UHFFFAOYNA-N,-8.994
PPARG,c_ARG288,mut_s1,detail,1,106,DJJKBSKVSXPDMW-XFDRBGHPNA-N,-8.483
PPARG,c_ARG288,mut_s1,detail,1,107,MQVHNCCMPYINIB-GPQMBLKYNA-N,-8.173
PPARG,c_ARG288,mut_s1,detail,1,108,QJBDKSNVJPPLMZ-UYBDAZJANA-N,-8.79
PPARG,c_ARG288,mut_s1,detail,1,109,NEOVEBXUPVDKIZ-PDJAEHLQNA-N,-8.85
PPARG,c_ARG288,mut_s1,detail,1,110,UBMHUOWYROYDAE-MPIMZMORNA-N,-8.129
PPARG,c_ARG288,mut_s1,detail,1,111,NCOQSZVFPAPDPY-MPIMZMORNA-N,-8.778
PPARG,c_ARG288,mut_s1,detail,1,112,IWKDSKQEBMNILM-SFHVURJKNA-N,-8.185
PPARG,c_ARG288,mut_s1,detail,1,113,FYHIZSWDWJOYBD-UHFFFAOYNA-N,-7.069
PPARG,c_ARG288,mut_s1,detail,1,114,CODIBUDSZRMNBU-VVKINWOJNA-N,-9.746
PPARG,c_ARG288,mut_s1,detail,1,115,FSBYPVHAUHIHDK-HYTOZLCFNA-N,-8.1
PPARG,c_ARG288,mut_s1,detail,1,116,IBLBSVRDXNEHCF-UYBDAZJANA-N,-8.753
PPARG,c_ARG288,mut_s1,detail,1,117,YIVFLWLUPIAQNG-MPIMZMORNA-N,-8.93
PPARG,c_ARG288,mut_s1,detail,1,118,OKBASBXKPLMJNO-PKSOQXRJNA-N,-7.451
PPARG,c_ARG288,mut_s1,detail,1,119,CKUZXDONSHPFEU-UHFFFAOYNA-N,-7.851
PPARG,c_ARG288,mut_s1,detail,1,120,FZVOSFJDUXXRFB-LQFNOIFHNA-N,-10.479
PPARG,c_ARG288,mut_s1,detail,1,121,ATWQGOUWTPWHOB-MPIMZMORNA-N,-8.502
PPARG,c_ARG288,mut_s1,detail,1,122,SWTXEVDFRXLPBO-LILDFLRNNA-N,-7.957
PPARG,c_ARG288,mut_s1,detail,1,123,XKKZGDBDLSLGEV-UHFFFAOYNA-N,-7.929
PPARG,c_ARG288,mut_s1,detail,1,124,YOIVLKBZTXOSAW-UHFFFAOYNA-N,-9.028
PPARG,c_ARG288,mut_s1,detail,1,125,MTNDVCNEIIJXQO-LILDFLRNNA-N,-8.643
PPARG,c_ARG288,mut_s1,detail,1,126,VRVOWSSSYICXBN-UHFFFAOYNA-N,-8.277
PPARG,c_ARG288,mut_s1,detail,1,127,YWMOOGZLZREJIF-LILDFLRNNA-N,-6.665
PPARG,c_ARG288,mut_s1,detail,1,128,GBDSDSSPYNQXEN-LQFNOIFHNA-N,-9.157
PPARG,c_ARG288,mut_s1,detail,1,129,WEGCLMSBIIWPKX-HXTKINSTNA-N,-9.024
PPARG,c_ARG288,mut_s1,detail,1,130,KWIMDTZYIABOPE-XBXBPLPCNA-N,-8.477
PPARG,c_ARG288,mut_s1,detail,1,131,PTYKTEYVZUVZBD-LQFNOIFHNA-N,-9.845
PPARG,c_ARG288,mut_s1,detail,1,132,IDUARCWXOZVBJC-UHFFFAOYNA-N,-7.807
PPARG,c_ARG288,mut_s1,detail,1,133,SVHQAQMZYYTKBZ-QIFDKBNDNA-N,-8.369
PPARG,c_ARG288,mut_s1,detail,1,134,OKUWPICMSLXCLZ-ZBJSNUHENA-N,-7.607
PPARG,c_ARG288,mut_s1,detail,1,135,BGESRTVIDMTTHW-MPIMZMORNA-N,-9.058
PPARG,c_ARG288,mut_s1,detail,1,136,RDLHVRFBBSKBMX-UHFFFAOYNA-N,-7.862
PPARG,c_ARG288,mut_s1,detail,1,137,UHKNPVYNTQTWBT-LELJVTLKNA-N,-9.155
PPARG,c_ARG288,mut_s1,detail,1,138,LKOQAWXJCPYWSX-SMCUVTTANA-N,-9.466
PPARG,c_ARG288,mut_s1,detail,1,139,RGTZPMQQOVPWHT-UHFFFAOYNA-N,-8.804
PPARG,c_ARG288,mut_s1,detail,1,140,MPGXBEHIWDZYTG-JRAHLMCZNA-N,-8.335
PPARG,c_ARG288,mut_s1,detail,1,141,YSGONLQAXXDANF-HXTKINSTNA-N,-9.673
PPARG,c_ARG288,mut_s1,detail,1,142,ILADCPXUSGZMCO-LNNLXFCONA-N,-8.444
PPARG,c_ARG288,mut_s1,detail,1,143,WHISBCGJLLBHTQ-LELJVTLKNA-N,-9.408
PPARG,c_ARG288,mut_s1,detail,1,144,FQUQVJCZFGUICL-PZJWPPBQNA-N,-9.347
PPARG,c_ARG288,mut_s1,detail,1,145,PVZFRDICDBVJBC-MPIMZMORNA-N,-7.554
PPARG,c_ARG288,mut_s1,detail,1,146,WUQZEVWHZRAQLY-UHFFFAOYNA-N,-9.037
PPARG,c_ARG288,mut_s1,detail,1,147,PDYDBFOSJUATJC-LELJVTLKNA-N,-10.266
PPARG,c_ARG288,mut_s1,detail,1,148,XFTGZOIRMLTALR-UHFFFAOYNA-N,-10.323
PPARG,c_ARG288,mut_s1,detail,1,149,CPWFSRVCXOETRU-XYFPIJJGNA-N,-9.189
PPARG,c_ARG288,mut_s1,detail,1,150,SAFXYJWXQPZDKB-ZNVTXRBFNA-N,-9.295
PPARG,c_ARG288,mut_s1,detail,1,151,SWLAVROBGRTKAO-LQFNOIFHNA-N,-10.174
PPARG,c_ARG288,mut_s1,detail,1,152,OJFUHLOGAMKMDM-UHFFFAOYNA-N,-9.17
PPARG,c_ARG288,mut_s1,detail,1,153,YPDNVRDMMKZNIG-PJXJJTHHNA-N,-8.517
PPARG,c_ARG288,mut_s1,detail,1,154,LPYDZAPPGTYNGQ-UHFFFAOYNA-N,-9.557
PPARG,c_ARG288,mut_s1,detail,1,155,CXIGBATZIXWVIX-HXTKINSTNA-N,-9.666
PPARG,c_ARG288,mut_s1,detail,1,156,RXPVTNMMNZNKSW-LNNLXFCONA-N,-9.781
PPARG,c_ARG288,mut_s1,detail,1,157,YYDGAWIITBZHPX-UHFFFAOYNA-N,-8.094
PPARG,c_ARG288,mut_s1,detail,1,158,CHUNHRFIWQZFCI-UHFFFAOYNA-N,-9.282
PPARG,c_ARG288,mut_s1,detail,1,159,JDUBGYFRJFOXQC-YCIVUMDCNA-N,-8.408
PPARG,c_ARG288,mut_s1,detail,1,160,MMXCRHIOXQKQPT-LQFNOIFHNA-N,-9.177
PPARG,c_ARG288,mut_s1,detail,1,161,VBENHRFIEOLOJJ-JKZKCNJSNA-N,-8.309
PPARG,c_ARG288,mut_s1,detail,1,162,VPTBWCCSBQRUTD-UHFFFAOYNA-N,-8.065
PPARG,c_ARG288,mut_s1,detail,1,163,WOWAHNXJUPSVDR-LNNLXFCONA-N,-9.969
PPARG,c_ARG288,mut_s1,detail,1,164,WRLLXWRAXRGFBQ-GFQURNRHNA-N,-7.957
PPARG,c_ARG288,mut_s1,detail,1,165,QUUJCYCJKQGYDU-UHFFFAOYNA-N,-6.927
PPARG,c_ARG288,mut_s1,detail,1,166,LWILODJXIVFMKQ-LNNLXFCONA-N,-10.112
PPARG,c_ARG288,mut_s1,detail,1,167,PVBTXZKRTQKXBX-MRSUPTMINA-N,-8.937
PPARG,c_ARG288,mut_s1,detail,1,168,OWYLOIDRWNJCEP-HXUWFJFHNA-N,-8.434
PPARG,c_ARG288,mut_s1,detail,1,169,JOZFRLZUNYNYED-PJQSKVNONA-N,-8.622
PPARG,c_ARG288,mut_s1,detail,1,170,HMQKHGHCACYDGB-UHFFFAOYNA-N,-8.994
PPARG,c_ARG288,mut_s1,detail,1,171,SCHAXPQHOGRLLW-MPIMZMORNA-N,-7.839
PPARG,c_ARG288,mut_s1,detail,1,172,YNGDNNRFKXZELP-BDGWVKIONA-N,-8.982
PPARG,c_ARG288,mut_s1,detail,1,173,XETTWDXILVAWCB-UHFFFAOYNA-N,-8.07
PPARG,c_ARG288,mut_s1,detail,1,174,XXKBFOAMRLTPJL-UHFFFAOYNA-N,-8.171
PPARG,c_ARG288,mut_s1,detail,1,175,TXOXXECOMBAZKB-ZVNAXFNBNA-N,-7.995
PPARG,c_ARG288,mut_s1,detail,1,176,KUFKSMPOXHUGOB-QWOVJGMINA-N,-8.362
PPARG,c_ARG288,mut_s1,detail,1,177,SEHKNXHOUKJSIO-LNNLXFCONA-N,-9.34
PPARG,c_ARG288,mut_s1,detail,1,178,GMMNPCWBYMCYDQ-MPIMZMORNA-N,-9.202
PPARG,c_ARG288,mut_s1,detail,1,179,KEGZEHANNYRNOK-UHFFFAOYNA-N,-8.831
PPARG,c_ARG288,mut_s1,detail,1,180,GBJZQLYNRDBGTL-UHFFFAOYNA-N,-8.509
PPARG,c_ARG288,mut_s1,detail,1,181,UMFUNPLMLVDNME-INIZCTEONA-N,-8.502
PPARG,c_ARG288,mut_s1,detail,1,182,VPYOVNHGFLPMHX-ORVKFNBTNA-N,-8.124
PPARG,c_ARG288,mut_s1,detail,1,183,OQXGEGPDPXAQRC-UHFFFAOYNA-N,-8.972
PPARG,c_ARG288,mut_s1,detail,1,184,ZWOHSJYESLDLLT-AXIOFXGANA-N,-8.07
PPARG,c_ARG288,mut_s1,detail,1,185,NLUWXHFWWSAGMP-LNNLXFCONA-N,-9.47
PPARG,c_ARG288,mut_s1,detail,1,186,NBQDTLQFRAMAMQ-PDJAEHLQNA-N,-9.237
PPARG,c_ARG288,mut_s1,detail,1,187,VKYYUIDNHOUPGY-MPIMZMORNA-N,-10.406
PPARG,c_ARG288,mut_s1,detail,1,188,JHAMDJLHPSYECA-HXTKINSTNA-N,-9.116
PPARG,c_ARG288,mut_s1,detail,1,189,YUXCKESVZUAENN-LQFNOIFHNA-N,-9.244
PPARG,c_ARG288,mut_s1,detail,1,190,VOADUCNXWYAILJ-BOSVZZMWNA-N,-9.141
PPARG,c_ARG288,mut_s1,detail,1,191,YOCNRNBEVZABNA-AVGNRJKVNA-O,-8.351
PPARG,c_ARG288,mut_s1,detail,1,192,QGPIYZBUSYLXQT-UHFFFAOYNA-N,-9.841
PPARG,c_ARG288,mut_s1,detail,1,193,ALIRNZFSPVRFPC-QDIHOGQBNA-N,-10.42
PPARG,c_ARG288,mut_s1,detail,1,194,ZVFXYTPNPFXBNK-LELJVTLKNA-N,-8.657
PPARG,c_ARG288,mut_s1,detail,1,195,VYHWCJWNQFIBGN-CRFSQNOJNA-N,-9.702
PPARG,c_ARG288,mut_s1,detail,1,196,OGTQHYNUUOXINS-BKWRVFRZNA-N,-8.874
PPARG,c_ARG288,mut_s1,detail,1,197,UVYVJQFOXZDFLB-QDIHOGQBNA-N,-9.216
PPARG,c_ARG288,mut_s1,detail,1,198,OKBCXQJLCMYJOC-UHFFFAOYNA-N,-8.718
PPARG,c_ARG288,mut_s1,detail,1,199,UNUQJGDVJMRMAL-LBOYIXSDNA-N,-9.867
PPARG,c_ARG288,mut_s1,detail,1,200,AYOFFOZNXNLQIO-UHFFFAOYNA-N,-8.152
PPARG,c_ARG288,mut_s1,detail,1,201,XSCHYHFIQNFPFK-VJSLDGLSNA-N,-8.176
PPARG,c_ARG288,mut_s1,detail,1,202,JTLSDSKNFBJVAB-CAXFFFRFNA-N,-8.363
PPARG,c_ARG288,mut_s1,detail,1,203,DTRCHIYQUYRTQL-ARSKLOKFNA-N,-7.503
PPARG,c_ARG288,mut_s1,detail,1,204,HHCWBKAHPBAUDS-LBOYIXSDNA-N,-9.181
PPARG,c_ARG288,mut_s1,detail,1,205,SQFXMWLUFDMDIG-LBOYIXSDNA-N,-9.333
PPARG,c_ARG288,mut_s1,detail,1,206,DAAUKUQYGMNNAH-ZUKIQNPFNA-N,-10.183
PPARG,c_ARG288,mut_s1,detail,1,207,POLXUFYBMIRDEG-UHFFFAOYNA-N,-8.271
PPARG,c_ARG288,mut_s1,detail,1,208,HAQNCPOGRFKYNP-WNTKXCTINA-N,-9.142
PPARG,c_ARG288,mut_s1,detail,1,209,CQWFJACPUQVVQZ-UHFFFAOYNA-N,-8.748
PPARG,c_ARG288,mut_s1,detail,1,210,DPMMEOUVESBMSC-ZENAZSQFNA-N,-8.585
PPARG,c_ARG288,mut_s1,detail,1,211,SWRYMOBQOOSZGE-LFJJEMAGNA-N,-11.468
PPARG,c_ARG288,mut_s1,detail,1,212,VJTYYKXVGAQBPX-BGYRXZFFNA-N,-8.151
PPARG,c_ARG288,mut_s1,detail,1,213,BWCCBKUPFRNBAM-QBBGPZPNNA-N,-9.902
PPARG,c_ARG288,mut_s1,detail,1,214,LNHIEYLABBPNKJ-HXTKINSTNA-N,-9.454
PPARG,c_ARG288,mut_s1,detail,1,215,URPWVRUGSFROGL-IWCCUHEHNA-N,-8.759
PPARG,c_ARG288,mut_s1,detail,1,216,VVHGIVKRWDSJFH-HXTKINSTNA-N,-10.343
PPARG,c_ARG288,mut_s1,detail,1,217,SXHIZYRFWJFSEN-WUSLAWIHNA-N,-9.58
PPARG,c_ARG288,mut_s1,detail,1,218,CNHPXUMQURIPRN-UHFFFAOYNA-N,-10.569
PPARG,c_ARG288,mut_s1,detail,1,219,SGUIKZIYGVGMML-UHFFFAOYNA-N,-9.074
PPARG,c_ARG288,mut_s1,detail,1,220,DEVOTYUCWQFKBI-SREBMQDQNA-N,-10.494
PPARG,c_ARG288,mut_s1,detail,1,221,HGLIGFILENTPME-YQIREZNHNA-N,-10.19
PPARG,c_ARG288,mut_s1,detail,1,222,TYJWHVJYDSKQKB-UHFFFAOYNA-N,-8.788
PPARG,c_ARG288,mut_s1,detail,1,223,KOZFSFOOLUUIGY-NHZRFLDCNA-N,-10.533
PPARG,c_ARG288,mut_s1,detail,1,224,IVUDLYCHNURAOH-INNNKKOMNA-N,-7.358
PPARG,c_ARG288,mut_s1,detail,1,225,KDGUWZZCFXNBKJ-UHFFFAOYNA-N,-8.009
PPARG,c_ARG288,mut_s1,detail,1,226,DTVVSEVQQLRJMR-ZIFUYXECNA-N,-8.117
PPARG,c_ARG288,mut_s1,detail,1,227,MUDPTEIPVZCOGV-UHFFFAOYNA-N,-10.146
PPARG,c_ARG288,mut_s1,detail,1,228,IFHBUYGFCSEHIF-OKPOJWAQNA-N,-9.539
PPARG,c_ARG288,mut_s1,detail,1,229,CRKWKHJABOJVAY-SKKVRFOWNA-N,-8.788
PPARG,c_ARG288,mut_s1,detail,1,230,DXEPONXIBPHOTN-ZJLLOKRPNA-N,-8.637
PPARG,c_ARG288,mut_s1,detail,1,231,ULXBTCAXCQWKDE-UHFFFAOYNA-N,-9.823
PPARG,c_ARG288,mut_s1,detail,1,232,WJHXPQKEBQOSHE-HXTKINSTNA-N,-9.131
PPARG,c_ARG288,mut_s1,detail,1,233,KRFOOEYNOKIXRO-PKRZOPRNNA-N,-10.32
PPARG,c_ARG288,mut_s1,detail,1,234,BQPRGAIDSWVYAW-LELJVTLKNA-N,-9.069
PPARG,c_ARG288,mut_s1,detail,1,235,YRMKMEPMFOFXGH-LELJVTLKNA-N,-8.182
PPARG,c_ARG288,mut_s1,detail,1,236,OOPGLCWBUZVAMU-CSODHUTKNA-N,-8.227
PPARG,c_ARG288,mut_s1,detail,1,237,ABMSGZYILANGCA-HXTKINSTNA-N,-8.588
PPARG,c_ARG288,mut_s1,detail,1,238,PTAKEHSCNRJTCJ-UHFFFAOYNA-N,-9.3
PPARG,c_ARG288,mut_s1,detail,1,239,HOXYGIWZMBSLPN-TWPXYFCBNA-N,-8.946
PPARG,c_ARG288,mut_s1,detail,1,240,XKHSVUSPZVNCOT-VWSSANQENA-N,-7.237
PPARG,c_ARG288,mut_s1,detail,1,241,XONRVXOEJMEUIV-UHFFFAOYNA-N,-9.35
PPARG,c_ARG288,mut_s1,detail,1,242,RJVLVZUXYHWKDL-KIKCKTDGNA-N,-8.895
PPARG,c_ARG288,mut_s1,detail,1,243,QFJGVFMADWIIMK-BDGWVKIONA-N,-9.05
PPARG,c_ARG288,mut_s1,detail,1,244,SCZNNLLAHVLZMK-HXTKINSTNA-N,-9.532
PPARG,c_ARG288,mut_s1,detail,1,245,OBFAALRUGGJRGU-PKRZOPRNNA-N,-9.084
PPARG,c_ARG288,mut_s1,detail,1,246,PBDIAJYRAMOINO-WFOUAHBYNA-N,-8.793
PPARG,c_ARG288,mut_s1,detail,1,247,NAMSGSSCIKIOGU-UHFFFAOYNA-N,-10.267
PPARG,c_ARG288,mut_s1,detail,1,248,GJTMJMUIFFQIQN-BQVZJPQVNA-N,-8.92
PPARG,c_ARG288,mut_s1,detail,1,249,FHHOEGKZVIYWLM-PKRZOPRNNA-N,-8.59
PPARG,c_ARG288,mut_s1,detail,1,250,LWSUSTXYIGVJTM-DDTQQWOSNA-N,-10.006
PPARG,c_ARG288,mut_s1,detail,1,251,VAXBUDASTPYURF-YIOWICSRNA-N,-9.544
PPARG,c_ARG288,mut_s1,detail,1,252,JHBVXZXFCJIAJZ-CUCLJGHLNA-N,-10.058
PPARG,c_ARG288,mut_s1,detail,1,253,XASICACCYVTJDX-UHFFFAOYNA-N,-9.207
PPARG,c_ARG288,mut_s1,detail,1,254,FRWAWZNXORYJGK-UHFFFAOYNA-N,-9.928
PPARG,c_ARG288,mut_s1,detail,1,255,YVEPCRMWSAAWMS-BHOFNQNONA-N,-9.932
PPARG,c_GLN286,mut_s1,detail,1,0,OLBYFEGTUWWPTR-FYWRMAATNA-N,-7.321
PPARG,c_GLN286,mut_s1,detail,1,1,SPGYFZIJBSMMEN-UHFFFAOYNA-N,-7.702
PPARG,c_GLN286,mut_s1,detail,1,2,DKKGRNTXCNVFPV-DZQCGVKKNA-N,-8.938
PPARG,c_GLN286,mut_s1,detail,1,3,KCOKHEIACSQLBQ-PCLSHUPZNA-N,-7.022
PPARG,c_GLN286,mut_s1,detail,1,4,XXMDURVCJMZNFC-UHFFFAOYNA-N,-8.03
PPARG,c_GLN286,mut_s1,detail,1,5,XNGWBIOXTHPDBE-UHFFFAOYNA-N,-6.879
PPARG,c_GLN286,mut_s1,detail,1,6,FMLKTYPTZQDWCZ-WYUMXYHSNA-N,-7.277
PPARG,c_GLN286,mut_s1,detail,1,7,BQCYOKUETBHDKF-UHFFFAOYNA-N,-7.963
PPARG,c_GLN286,mut_s1,detail,1,8,VAPRSYGEPKZLNA-UHFFFAOYNA-N,-6.481
PPARG,c_GLN286,mut_s1,detail,1,9,FJWTZYYUIYSFDV-NDKGDYFDNA-N,-5.6
PPARG,c_GLN286,mut_s1,detail,1,10,JSIXJSFAHZREEV-YHMJCDSINA-N,-6.547
PPARG,c_GLN286,mut_s1,detail,1,11,BGSXHNNWYPKQIQ-VEWCPZSHNA-N,-7.923
PPARG,c_GLN286,mut_s1,detail,1,12,ANJUUMLKPZLRGR-GPQMBLKYNA-N,-7.23
PPARG,c_GLN286,mut_s1,detail,1,13,WVDDMJTWFGHTGZ-VMPITWQZNA-N,-6.609
PPARG,c_GLN286,mut_s1,detail,1,14,OSFGHYZLBDAJTP-LILDFLRNNA-N,-8.878
PPARG,c_GLN286,mut_s1,detail,1,15,TZSPGMKSRHWUBZ-UHFFFAOYNA-N,-7.017
PPARG,c_GLN286,mut_s1,detail,1,16,RJNMLHBOHSQLDU-UHFFFAOYNA-N,-6.714
PPARG,c_GLN286,mut_s1,detail,1,17,HPGOEMWDBCJDOY-LILDFLRNNA-N,-7.366
PPARG,c_GLN286,mut_s1,detail,1,18,ANIAQSUBRGXWLS-UHFFFAOYNA-N,-5.57
PPARG,c_GLN286,mut_s1,detail,1,19,XHPTXSLPPJQCFM-UOUMIGKDNA-N,-7.467
PPARG,c_GLN286,mut_s1,detail,1,20,OYUMERJRBPSDQK-UHFFFAOYNA-N,-8.398
PPARG,c_GLN286,mut_s1,detail,1,21,RHCPJGMOPIMKFS-UHFFFAOYNA-N,-6.754
PPARG,c_GLN286,mut_s1,detail,1,22,GQCRCQLETCLZLO-NDKGDYFDNA-N,-6.121
PPARG,c_GLN286,mut_s1,detail,1,23,HDTRJGVVKZGWQZ-UHFFFAOYNA-N,-7.368
PPARG,c_GLN286,mut_s1,detail,1,24,PODSUWFXVDWCHZ-YAQRNVERNA-N,-7.504
PPARG,c_GLN286,mut_s1,detail,1,25,XOQICXJZZWXQDG-SDNWHVSQNA-N,-7.707
PPARG,c_GLN286,mut_s1,detail,1,26,LRQZMRHGRBHVRW-BLHHFWFONA-N,-6.499
PPARG,c_GLN286,mut_s1,detail,1,27,INRDHPFHGNGCCW-UHFFFAOYNA-N,-7.623
PPARG,c_GLN286,mut_s1,detail,1,28,WIRZCAWOMABORR-HCKMINDGNA-N,-7.69
PPARG,c_GLN286,mut_s1,detail,1,29,ISHXVBNQBLMUMA-XAASJSMPNA-N,-8.326
PPARG,c_GLN286,mut_s1,detail,1,30,ZVAZVKMDCRYPAQ-UHFFFAOYNA-N,-6.403
PPARG,c_GLN286,mut_s1,detail,1,31,OJGDCBLYJGHCIH-UHFFFAOYNA-N,-7.132
PPARG,c_GLN286,mut_s1,detail,1,32,HUJQOHMOYGRIRS-WYCIUFAENA-N,-7.207
PPARG,c_GLN286,mut_s1,detail,1,33,IXOFYFZRTXYNDM-HCKMINDGNA-N,-7.757
PPARG,c_GLN286,mut_s1,detail,1,34,RBMMHDHXQQMEMH-UHFFFAOYNA-N,-7.148
PPARG,c_GLN286,mut_s1,detail,1,35,CFFGWJLHGOSOHF-AHPDCHJINA-N,-6.416
PPARG,c_GLN286,mut_s1,detail,1,36,FFPAFAKDJLEUSC-YHMJCDSINA-N,-6.445
PPARG,c_GLN286,mut_s1,detail,1,37,ULEATUCPMCKRAM-IRXDYDNUNA-N,-7.305
PPARG,c_GLN286,mut_s1,detail,1,38,SUSPKFCOAROGEI-UHFFFAOYNA-N,-6.403
PPARG,c_GLN286,mut_s1,detail,1,39,ILOLPXFRSGURQA-HCKMINDGNA-N,-7.589
PPARG,c_GLN286,mut_s1,detail,1,40,LAHNGPIIMDWGRL-UHFFFAOYNA-N,-8.323
PPARG,c_GLN286,mut_s1,detail,1,41,PONNWXFCUBXOFS-UHFFFAOYNA-N,-7.545
PPARG,c_GLN286,mut_s1,detail,1,42,NGPUMDFMDVHJTF-XMHGGMMENA-N,-6.778
PPARG,c_GLN286,mut_s1,detail,1,43,GKVFCYBLNULLCL-YGPBECBDNA-N,-6.493
PPARG,c_GLN286,mut_s1,detail,1,44,FZPYMNOBFYWKFC-UHFFFAOYNA-N,-7.214
PPARG,c_GLN286,mut_s1,detail,1,45,CPJICALSLDLRJP-LILDFLRNNA-N,-8.26
PPARG,c_GLN286,mut_s1,detail,1,46,RAVBBDYGFXMBKB-GAJRPKRDNA-N,-7.06
PPARG,c_GLN286,mut_s1,detail,1,47,NCUWRDDNNJFMAS-UHFFFAOYNA-N,-7.839
PPARG,c_GLN286,mut_s1,detail,1,48,VDNBWTVXZDOUIG-PKSOQXRJNA-N,-7.967
PPARG,c_GLN286,mut_s1,detail,1,49,WYMKISIWQJPKOC-UHFFFAOYNA-N,-6.808
PPARG,c_GLN286,mut_s1,detail,1,50,VTCXXKFOLLSYCU-UHFFFAOYNA-N,-6.947
PPARG,c_GLN286,mut_s1,detail,1,51,BSLAOCJVMOGUKX-VHOFBASHNA-N,-7.369
PPARG,c_GLN286,mut_s1,detail,1,52,RZUVVWWNGGXUBI-GPQMBLKYNA-N,-8.266
PPARG,c_GLN286,mut_s1,detail,1,53,YLYYXIMYACYRSP-UYBDAZJANA-N,-6.816
PPARG,c_GLN286,mut_s1,detail,1,54,PHRXHZRDJNSXDF-QHCBTKRXNA-N,-7.429
PPARG,c_GLN286,mut_s1,detail,1,55,ABQUFQQMQCPHOH-NCWAPJAINA-N,-7.284
PPARG,c_GLN286,mut_s1,detail,1,56,FKIFGIZHFPIJND-GQAOMWGXNA-N,-6.776
PPARG,c_GLN286,mut_s1,detail,1,57,NHZFGROUVFTJAK-WYUMXYHSNA-N,-7.578
PPARG,c_GLN286,mut_s1,detail,1,58,RTJPLJJBIWFNSZ-UHFFFAOYNA-N,-7.873
PPARG,c_GLN286,mut_s1,detail,1,59,ZJRUXQBLSMYTIS-DXMPFREMNA-N,-7.468
PPARG,c_GLN286,mut_s1,detail,1,60,UYVIFQIPPPRZJF-QWOVJGMINA-N,-7.681
PPARG,c_GLN286,mut_s1,detail,1,61,WYTBYQZYJIGCBO-LILDFLRNNA-N,-8.208
PPARG,c_GLN286,mut_s1,detail,1,62,KKWWDIPRICACPS-GPQMBLKYNA-N,-6.353
PPARG,c_GLN286,mut_s1,detail,1,63,NZRHOWNFGASHMN-ZHLVXTBQNA-N,-6.717
PPARG,c_GLN286,mut_s1,detail,1,64,MGSGKNKREAYFRZ-UHFFFAOYNA-N,-8.086
PPARG,c_GLN286,mut_s1,detail,1,65,QTIJDOJTNOHQTC-WQGACYEGNA-N,-6.627
PPARG,c_GLN286,mut_s1,detail,1,66,ZHRVXEKEOMUAJO-PKSOQXRJNA-N,-8.813
PPARG,c_GLN286,mut_s1,detail,1,67,AJEULKUYXOLHDN-DVIAZDKANA-N,-8.593
PPARG,c_GLN286,mut_s1,detail,1,68,MGNZRUQLGFVWLY-UHFFFAOYNA-N,-8.145
PPARG,c_GLN286,mut_s1,detail,1,69,OHIMIXUWTWBDBR-UHFFFAOYNA-N,-8.174
PPARG,c_GLN286,mut_s1,detail,1,70,RFEGKAVABNLRHW-WYUMXYHSNA-N,-8.19
PPARG,c_GLN286,mut_s1,detail,1,71,OVDZZJAUKDINIY-SGTLLEGYNA-N,-7.841
PPARG,c_GLN286,mut_s1,detail,1,72,FIGONFGVGMSPID-MPIMZMORNA-N,-9.084
PPARG,c_GLN286,mut_s1,detail,1,73,DSSHOSHLYKWNRQ-UHFFFAOYNA-N,-7.517
PPARG,c_GLN286,mut_s1,detail,1,74,PKDGFUYVUYOZFK-UHFFFAOYNA-N,-8.379
PPARG,c_GLN286,mut_s1,detail,1,75,FSDOAOAVZVMAGE-RRORKGOJNA-N,-7.298
PPARG,c_GLN286,mut_s1,detail,1,76,SKYAUASQUBDEOI-LHJMZCQGNA-N,-7.217
PPARG,c_GLN286,mut_s1,detail,1,77,RRRYPJNSMOUEOE-XBTAAFKLNA-N,-8.727
PPARG,c_GLN286,mut_s1,detail,1,78,LNQOCSSUUUJFLY-BNKWAMQHNA-N,-8.43
PPARG,c_GLN286,mut_s1,detail,1,79,IQVUWJZWHCFIBG-UYBDAZJANA-N,-6.99
PPARG,c_GLN286,mut_s1,detail,1,80,FECVWTWBRSSNCK-XBTAAFKLNA-N,-9.767
PPARG,c_GLN286,mut_s1,detail,1,81,USDYHKNHMGVDHS-UYBDAZJANA-N,-7.197
PPARG,c_GLN286,mut_s1,detail,1,82,ZVJAHPKIYVGDHR-ILXRZTDVNA-N,-6.451
PPARG,c_GLN286,mut_s1,detail,1,83,AGWWZCICEUHAPF-UHFFFAOYNA-N,-9.01
PPARG,c_GLN286,mut_s1,detail,1,84,SIFYPHRKPXWEFL-UHFFFAOYNA-N,-8.202
PPARG,c_GLN286,mut_s1,detail,1,85,CCBDIYWTNHRYSF-GPQMBLKYNA-N,-8.207
PPARG,c_GLN286,mut_s1,detail,1,86,QZJYCFURESLRJX-UHFFFAOYNA-N,-7.225
PPARG,c_GLN286,mut_s1,detail,1,87,KDGSVHGIVBVYFE-SIKSZQSZNA-N,-8.224
PPARG,c_GLN286,mut_s1,detail,1,88,KAVCMDDCFVWLGH-DCYBUDGMNA-N,-8.674
PPARG,c_GLN286,mut_s1,detail,1,89,QTJDEJXKPAATAY-LILDFLRNNA-N,-9.081
PPARG,c_GLN286,mut_s1,detail,1,90,DCCNEGBQLUHRSI-UHFFFAOYNA-N,-6.355
PPARG,c_GLN286,mut_s1,detail,1,91,VUCQKRJVSPHODJ-UHFFFAOYNA-N,-8.039
PPARG,c_GLN286,mut_s1,detail,1,92,XCNTYAMCOLKFEW-UHFFFAOYNA-N,-6.771
PPARG,c_GLN286,mut_s1,detail,1,93,MLPVFRGFZVZNOZ-ODUIGABRNA-N,-7.723
PPARG,c_GLN286,mut_s1,detail,1,94,JXNGVLIPVYLXLZ-PKSOQXRJNA-N,-7.712
PPARG,c_GLN286,mut_s1,detail,1,95,GWICPGWJQQUMKG-UHFFFAOYNA-N,-8.046
PPARG,c_GLN286,mut_s1,detail,1,96,LEDHQUJDAQVDJK-UHFFFAOYNA-N,-8.703
PPARG,c_GLN286,mut_s1,detail,1,97,BJKUVAVJXSIUGS-UYBDAZJANA-N,-6.944
PPARG,c_GLN286,mut_s1,detail,1,98,QXIDHQKQNQWYQW-ORVKFNBTNA-N,-8.759
PPARG,c_GLN286,mut_s1,detail,1,99,VXNGWYZIFXWTDN-PKSOQXRJNA-N,-7.043
PPARG,c_GLN286,mut_s1,detail,1,100,UBFYNRRQFOKQOE-QWOVJGMINA-N,-6.886
PPARG,c_GLN286,mut_s1,detail,1,101,PKPIHOLUWUTPLW-GKKCOONHNA-N,-8.351
PPARG,c_GLN286,mut_s1,detail,1,102,CNYQZGODPRSIFM-LILDFLRNNA-N,-7.931
PPARG,c_GLN286,mut_s1,detail,1,103,OGPHEDOMLIUGFJ-UYBDAZJANA-N,-9.041
PPARG,c_GLN286,mut_s1,detail,1,104,FHOIWEHXSFDGEX-MPIMZMORNA-N,-8.712
PPARG,c_GLN286,mut_s1,detail,1,105,QOIGKGMMAGJZNZ-UHFFFAOYNA-N,-8.505
PPARG,c_GLN286,mut_s1,detail,1,106,DJJKBSKVSXPDMW-XFDRBGHPNA-N,-8.121
PPARG,c_GLN286,mut_s1,detail,1,107,MQVHNCCMPYINIB-GPQMBLKYNA-N,-8.175
PPARG,c_GLN286,mut_s1,detail,1,108,QJBDKSNVJPPLMZ-UYBDAZJANA-N,-8.603
PPARG,c_GLN286,mut_s1,detail,1,109,NEOVEBXUPVDKIZ-PDJAEHLQNA-N,-8.621
PPARG,c_GLN286,mut_s1,detail,1,110,UBMHUOWYROYDAE-MPIMZMORNA-N,-8.05
PPARG,c_GLN286,mut_s1,detail,1,111,NCOQSZVFPAPDPY-MPIMZMORNA-N,-8.936
PPARG,c_GLN286,mut_s1,detail,1,112,IWKDSKQEBMNILM-SFHVURJKNA-N,-7.618
PPARG,c_GLN286,mut_s1,detail,1,113,FYHIZSWDWJOYBD-UHFFFAOYNA-N,-7.102
PPARG,c_GLN286,mut_s1,detail,1,114,CODIBUDSZRMNBU-VVKINWOJNA-N,-8.514
PPARG,c_GLN286,mut_s1,detail,1,115,FSBYPVHAUHIHDK-HYTOZLCFNA-N,-8.348
PPARG,c_GLN286,mut_s1,detail,1,116,IBLBSVRDXNEHCF-UYBDAZJANA-N,-8.358
PPARG,c_GLN286,mut_s1,detail,1,117,YIVFLWLUPIAQNG-MPIMZMORNA-N,-8.914
PPARG,c_GLN286,mut_s1,detail,1,118,OKBASBXKPLMJNO-PKSOQXRJNA-N,-7.883
PPARG,c_GLN286,mut_s1,detail,1,119,CKUZXDONSHPFEU-UHFFFAOYNA-N,-7.831
PPARG,c_GLN286,mut_s1,detail,1,120,FZVOSFJDUXXRFB-LQFNOIFHNA-N,-9.263
PPARG,c_GLN286,mut_s1,detail,1,121,ATWQGOUWTPWHOB-MPIMZMORNA-N,-7.446
PPARG,c_GLN286,mut_s1,detail,1,122,SWTXEVDFRXLPBO-LILDFLRNNA-N,-8.344
PPARG,c_GLN286,mut_s1,detail,1,123,XKKZGDBDLSLGEV-UHFFFAOYNA-N,-7.826
PPARG,c_GLN286,mut_s1,detail,1,124,YOIVLKBZTXOSAW-UHFFFAOYNA-N,-7.439
PPARG,c_GLN286,mut_s1,detail,1,125,MTNDVCNEIIJXQO-LILDFLRNNA-N,-8.203
PPARG,c_GLN286,mut_s1,detail,1,126,VRVOWSSSYICXBN-UHFFFAOYNA-N,-8.179
PPARG,c_GLN286,mut_s1,detail,1,127,YWMOOGZLZREJIF-LILDFLRNNA-N,-5.688
PPARG,c_GLN286,mut_s1,detail,1,128,GBDSDSSPYNQXEN-LQFNOIFHNA-N,-9.295
PPARG,c_GLN286,mut_s1,detail,1,129,WEGCLMSBIIWPKX-HXTKINSTNA-N,-8.347
PPARG,c_GLN286,mut_s1,detail,1,130,KWIMDTZYIABOPE-XBXBPLPCNA-N,-8.485
PPARG,c_GLN286,mut_s1,detail,1,131,PTYKTEYVZUVZBD-LQFNOIFHNA-N,-10.009
PPARG,c_GLN286,mut_s1,detail,1,132,IDUARCWXOZVBJC-UHFFFAOYNA-N,-7.526
PPARG,c_GLN286,mut_s1,detail,1,133,SVHQAQMZYYTKBZ-QIFDKBNDNA-N,-6.031
PPARG,c_GLN286,mut_s1,detail,1,134,OKUWPICMSLXCLZ-ZBJSNUHENA-N,-7.707
PPARG,c_GLN286,mut_s1,detail,1,135,BGESRTVIDMTTHW-MPIMZMORNA-N,-9.257
PPARG,c_GLN286,mut_s1,detail,1,136,RDLHVRFBBSKBMX-UHFFFAOYNA-N,-8.238
PPARG,c_GLN286,mut_s1,detail,1,137,UHKNPVYNTQTWBT-LELJVTLKNA-N,-8.351
PPARG,c_GLN286,mut_s1,detail,1,138,LKOQAWXJCPYWSX-SMCUVTTANA-N,-8.975
PPARG,c_GLN286,mut_s1,detail,1,139,RGTZPMQQOVPWHT-UHFFFAOYNA-N,-9.049
PPARG,c_GLN286,mut_s1,detail,1,140,MPGXBEHIWDZYTG-JRAHLMCZNA-N,-7.541
PPARG,c_GLN286,mut_s1,detail,1,141,YSGONLQAXXDANF-HXTKINSTNA-N,-9.732
PPARG,c_GLN286,mut_s1,detail,1,142,ILADCPXUSGZMCO-LNNLXFCONA-N,-7.899
PPARG,c_GLN286,mut_s1,detail,1,143,WHISBCGJLLBHTQ-LELJVTLKNA-N,-8.129
PPARG,c_GLN286,mut_s1,detail,1,144,FQUQVJCZFGUICL-PZJWPPBQNA-N,-8.245
PPARG,c_GLN286,mut_s1,detail,1,145,PVZFRDICDBVJBC-MPIMZMORNA-N,-7.011
PPARG,c_GLN286,mut_s1,detail,1,146,WUQZEVWHZRAQLY-UHFFFAOYNA-N,-8.961
PPARG,c_GLN286,mut_s1,detail,1,147,PDYDBFOSJUATJC-LELJVTLKNA-N,-9.565
PPARG,c_GLN286,mut_s1,detail,1,148,XFTGZOIRMLTALR-UHFFFAOYNA-N,-9.778
PPARG,c_GLN286,mut_s1,detail,1,149,CPWFSRVCXOETRU-XYFPIJJGNA-N,-8.748
PPARG,c_GLN286,mut_s1,detail,1,150,SAFXYJWXQPZDKB-ZNVTXRBFNA-N,-8.566
PPARG,c_GLN286,mut_s1,detail,1,151,SWLAVROBGRTKAO-LQFNOIFHNA-N,-9.998
PPARG,c_GLN286,mut_s1,detail,1,152,OJFUHLOGAMKMDM-UHFFFAOYNA-N,-8.866
PPARG,c_GLN286,mut_s1,detail,1,153,YPDNVRDMMKZNIG-PJXJJTHHNA-N,-9.177
PPARG,c_GLN286,mut_s1,detail,1,154,LPYDZAPPGTYNGQ-UHFFFAOYNA-N,-9.69
PPARG,c_GLN286,mut_s1,detail,1,155,CXIGBATZIXWVIX-HXTKINSTNA-N,-9.668
PPARG,c_GLN286,mut_s1,detail,1,156,RXPVTNMMNZNKSW-LNNLXFCONA-N,-9.887
PPARG,c_GLN286,mut_s1,detail,1,157,YYDGAWIITBZHPX-UHFFFAOYNA-N,-7.89
PPARG,c_GLN286,mut_s1,detail,1,158,CHUNHRFIWQZFCI-UHFFFAOYNA-N,-8.639
PPARG,c_GLN286,mut_s1,detail,1,159,JDUBGYFRJFOXQC-YCIVUMDCNA-N,-8.231
PPARG,c_GLN286,mut_s1,detail,1,160,MMXCRHIOXQKQPT-LQFNOIFHNA-N,-8.866
PPARG,c_GLN286,mut_s1,detail,1,161,VBENHRFIEOLOJJ-JKZKCNJSNA-N,-8.008
PPARG,c_GLN286,mut_s1,detail,1,162,VPTBWCCSBQRUTD-UHFFFAOYNA-N,-8.333
PPARG,c_GLN286,mut_s1,detail,1,163,WOWAHNXJUPSVDR-LNNLXFCONA-N,-10.286
PPARG,c_GLN286,mut_s1,detail,1,164,WRLLXWRAXRGFBQ-GFQURNRHNA-N,-7.743
PPARG,c_GLN286,mut_s1,detail,1,165,QUUJCYCJKQGYDU-UHFFFAOYNA-N,-6.74
PPARG,c_GLN286,mut_s1,detail,1,166,LWILODJXIVFMKQ-LNNLXFCONA-N,-9.457
PPARG,c_GLN286,mut_s1,detail,1,167,PVBTXZKRTQKXBX-MRSUPTMINA-N,-9.006
PPARG,c_GLN286,mut_s1,detail,1,168,OWYLOIDRWNJCEP-HXUWFJFHNA-N,-8.416
PPARG,c_GLN286,mut_s1,detail,1,169,JOZFRLZUNYNYED-PJQSKVNONA-N,-6.845
PPARG,c_GLN286,mut_s1,detail,1,170,HMQKHGHCACYDGB-UHFFFAOYNA-N,-8.965
PPARG,c_GLN286,mut_s1,detail,1,171,SCHAXPQHOGRLLW-MPIMZMORNA-N,-7.352
PPARG,c_GLN286,mut_s1,detail,1,172,YNGDNNRFKXZELP-BDGWVKIONA-N,-7.831
PPARG,c_GLN286,mut_s1,detail,1,173,XETTWDXILVAWCB-UHFFFAOYNA-N,-7.627
PPARG,c_GLN286,mut_s1,detail,1,174,XXKBFOAMRLTPJL-UHFFFAOYNA-N,-7.173
PPARG,c_GLN286,mut_s1,detail,1,175,TXOXXECOMBAZKB-ZVNAXFNBNA-N,-9.108
PPARG,c_GLN286,mut_s1,detail,1,176,KUFKSMPOXHUGOB-QWOVJGMINA-N,-7.51
PPARG,c_GLN286,mut_s1,detail,1,177,SEHKNXHOUKJSIO-LNNLXFCONA-N,-8.662
PPARG,c_GLN286,mut_s1,detail,1,178,GMMNPCWBYMCYDQ-MPIMZMORNA-N,-8.443
PPARG,c_GLN286,mut_s1,detail,1,179,KEGZEHANNYRNOK-UHFFFAOYNA-N,-8.987
PPARG,c_GLN286,mut_s1,detail,1,180,GBJZQLYNRDBGTL-UHFFFAOYNA-N,-8.812
PPARG,c_GLN286,mut_s1,detail,1,181,UMFUNPLMLVDNME-INIZCTEONA-N,-8.866
PPARG,c_GLN286,mut_s1,detail,1,182,VPYOVNHGFLPMHX-ORVKFNBTNA-N,-7.975
PPARG,c_GLN286,mut_s1,detail,1,183,OQXGEGPDPXAQRC-UHFFFAOYNA-N,-7.691
PPARG,c_GLN286,mut_s1,detail,1,184,ZWOHSJYESLDLLT-AXIOFXGANA-N,-7.527
PPARG,c_GLN286,mut_s1,detail,1,185,NLUWXHFWWSAGMP-LNNLXFCONA-N,-8.53
PPARG,c_GLN286,mut_s1,detail,1,186,NBQDTLQFRAMAMQ-PDJAEHLQNA-N,-8.965
PPARG,c_GLN286,mut_s1,detail,1,187,VKYYUIDNHOUPGY-MPIMZMORNA-N,-8.997
PPARG,c_GLN286,mut_s1,detail,1,188,JHAMDJLHPSYECA-HXTKINSTNA-N,-8.361
PPARG,c_GLN286,mut_s1,detail,1,189,YUXCKESVZUAENN-LQFNOIFHNA-N,-8.282
PPARG,c_GLN286,mut_s1,detail,1,190,VOADUCNXWYAILJ-BOSVZZMWNA-N,-8.225
PPARG,c_GLN286,mut_s1,detail,1,191,YOCNRNBEVZABNA-AVGNRJKVNA-O,-8.538
PPARG,c_GLN286,mut_s1,detail,1,192,QGPIYZBUSYLXQT-UHFFFAOYNA-N,-8.384
PPARG,c_GLN286,mut_s1,detail,1,193,ALIRNZFSPVRFPC-QDIHOGQBNA-N,-10.136
PPARG,c_GLN286,mut_s1,detail,1,194,ZVFXYTPNPFXBNK-LELJVTLKNA-N,-7.976
PPARG,c_GLN286,mut_s1,detail,1,195,VYHWCJWNQFIBGN-CRFSQNOJNA-N,-9.301
PPARG,c_GLN286,mut_s1,detail,1,196,OGTQHYNUUOXINS-BKWRVFRZNA-N,-8.618
PPARG,c_GLN286,mut_s1,detail,1,197,UVYVJQFOXZDFLB-QDIHOGQBNA-N,-8.104
PPARG,c_GLN286,mut_s1,detail,1,198,OKBCXQJLCMYJOC-UHFFFAOYNA-N,-8.282
PPARG,c_GLN286,mut_s1,detail,1,199,UNUQJGDVJMRMAL-LBOYIXSDNA-N,-9.239
PPARG,c_GLN286,mut_s1,detail,1,200,AYOFFOZNXNLQIO-UHFFFAOYNA-N,-8.617
PPARG,c_GLN286,mut_s1,detail,1,201,XSCHYHFIQNFPFK-VJSLDGLSNA-N,-7.805
PPARG,c_GLN286,mut_s1,detail,1,202,JTLSDSKNFBJVAB-CAXFFFRFNA-N,-8.114
PPARG,c_GLN286,mut_s1,detail,1,203,DTRCHIYQUYRTQL-ARSKLOKFNA-N,-7.458
PPARG,c_GLN286,mut_s1,detail,1,204,HHCWBKAHPBAUDS-LBOYIXSDNA-N,-9.384
PPARG,c_GLN286,mut_s1,detail,1,205,SQFXMWLUFDMDIG-LBOYIXSDNA-N,-9.053
PPARG,c_GLN286,mut_s1,detail,1,206,DAAUKUQYGMNNAH-ZUKIQNPFNA-N,-9.941
PPARG,c_GLN286,mut_s1,detail,1,207,POLXUFYBMIRDEG-UHFFFAOYNA-N,-7.988
PPARG,c_GLN286,mut_s1,detail,1,208,HAQNCPOGRFKYNP-WNTKXCTINA-N,-9.272
PPARG,c_GLN286,mut_s1,detail,1,209,CQWFJACPUQVVQZ-UHFFFAOYNA-N,-8.532
PPARG,c_GLN286,mut_s1,detail,1,210,DPMMEOUVESBMSC-ZENAZSQFNA-N,-9.048
PPARG,c_GLN286,mut_s1,detail,1,211,SWRYMOBQOOSZGE-LFJJEMAGNA-N,-10.761
PPARG,c_GLN286,mut_s1,detail,1,212,VJTYYKXVGAQBPX-BGYRXZFFNA-N,-8.231
PPARG,c_GLN286,mut_s1,detail,1,213,BWCCBKUPFRNBAM-QBBGPZPNNA-N,-9.519
PPARG,c_GLN286,mut_s1,detail,1,214,LNHIEYLABBPNKJ-HXTKINSTNA-N,-9.3
PPARG,c_GLN286,mut_s1,detail,1,215,URPWVRUGSFROGL-IWCCUHEHNA-N,-8.539
PPARG,c_GLN286,mut_s1,detail,1,216,VVHGIVKRWDSJFH-HXTKINSTNA-N,-9.612
PPARG,c_GLN286,mut_s1,detail,1,217,SXHIZYRFWJFSEN-WUSLAWIHNA-N,-8.609
PPARG,c_GLN286,mut_s1,detail,1,218,CNHPXUMQURIPRN-UHFFFAOYNA-N,-10.658
PPARG,c_GLN286,mut_s1,detail,1,219,SGUIKZIYGVGMML-UHFFFAOYNA-N,-8.739
PPARG,c_GLN286,mut_s1,detail,1,220,DEVOTYUCWQFKBI-SREBMQDQNA-N,-10.43
PPARG,c_GLN286,mut_s1,detail,1,221,HGLIGFILENTPME-YQIREZNHNA-N,-10.298
PPARG,c_GLN286,mut_s1,detail,1,222,TYJWHVJYDSKQKB-UHFFFAOYNA-N,-8.216
PPARG,c_GLN286,mut_s1,detail,1,223,KOZFSFOOLUUIGY-NHZRFLDCNA-N,-9.215
PPARG,c_GLN286,mut_s1,detail,1,224,IVUDLYCHNURAOH-INNNKKOMNA-N,-7.246
PPARG,c_GLN286,mut_s1,detail,1,225,KDGUWZZCFXNBKJ-UHFFFAOYNA-N,-7.639
PPARG,c_GLN286,mut_s1,detail,1,226,DTVVSEVQQLRJMR-ZIFUYXECNA-N,-8.644
PPARG,c_GLN286,mut_s1,detail,1,227,MUDPTEIPVZCOGV-UHFFFAOYNA-N,-9.737
PPARG,c_GLN286,mut_s1,detail,1,228,IFHBUYGFCSEHIF-OKPOJWAQNA-N,-9.645
PPARG,c_GLN286,mut_s1,detail,1,229,CRKWKHJABOJVAY-SKKVRFOWNA-N,-8.595
PPARG,c_GLN286,mut_s1,detail,1,230,DXEPONXIBPHOTN-ZJLLOKRPNA-N,-8.351
PPARG,c_GLN286,mut_s1,detail,1,231,ULXBTCAXCQWKDE-UHFFFAOYNA-N,-8.782
PPARG,c_GLN286,mut_s1,detail,1,232,WJHXPQKEBQOSHE-HXTKINSTNA-N,-8.87
PPARG,c_GLN286,mut_s1,detail,1,233,KRFOOEYNOKIXRO-PKRZOPRNNA-N,-9.822
PPARG,c_GLN286,mut_s1,detail,1,234,BQPRGAIDSWVYAW-LELJVTLKNA-N,-9.01
PPARG,c_GLN286,mut_s1,detail,1,235,YRMKMEPMFOFXGH-LELJVTLKNA-N,-7.538
PPARG,c_GLN286,mut_s1,detail,1,236,OOPGLCWBUZVAMU-CSODHUTKNA-N,-7.004
PPARG,c_GLN286,mut_s1,detail,1,237,ABMSGZYILANGCA-HXTKINSTNA-N,-8.854
PPARG,c_GLN286,mut_s1,detail,1,238,PTAKEHSCNRJTCJ-UHFFFAOYNA-N,-8.067
PPARG,c_GLN286,mut_s1,detail,1,239,HOXYGIWZMBSLPN-TWPXYFCBNA-N,-8.646
PPARG,c_GLN286,mut_s1,detail,1,240,XKHSVUSPZVNCOT-VWSSANQENA-N,-6.284
PPARG,c_GLN286,mut_s1,detail,1,241,XONRVXOEJMEUIV-UHFFFAOYNA-N,-9.557
PPARG,c_GLN286,mut_s1,detail,1,242,RJVLVZUXYHWKDL-KIKCKTDGNA-N,-8.926
PPARG,c_GLN286,mut_s1,detail,1,243,QFJGVFMADWIIMK-BDGWVKIONA-N,-8.852
PPARG,c_GLN286,mut_s1,detail,1,244,SCZNNLLAHVLZMK-HXTKINSTNA-N,-9.539
PPARG,c_GLN286,mut_s1,detail,1,245,OBFAALRUGGJRGU-PKRZOPRNNA-N,-7.315
PPARG,c_GLN286,mut_s1,detail,1,246,PBDIAJYRAMOINO-WFOUAHBYNA-N,-8.144
PPARG,c_GLN286,mut_s1,detail,1,247,NAMSGSSCIKIOGU-UHFFFAOYNA-N,-10.854
PPARG,c_GLN286,mut_s1,detail,1,248,GJTMJMUIFFQIQN-BQVZJPQVNA-N,-7.88
PPARG,c_GLN286,mut_s1,detail,1,249,FHHOEGKZVIYWLM-PKRZOPRNNA-N,-8.679
PPARG,c_GLN286,mut_s1,detail,1,250,LWSUSTXYIGVJTM-DDTQQWOSNA-N,-9.317
PPARG,c_GLN286,mut_s1,detail,1,251,VAXBUDASTPYURF-YIOWICSRNA-N,-9.146
PPARG,c_GLN286,mut_s1,detail,1,252,JHBVXZXFCJIAJZ-CUCLJGHLNA-N,-10.771
PPARG,c_GLN286,mut_s1,detail,1,253,XASICACCYVTJDX-UHFFFAOYNA-N,-8.529
PPARG,c_GLN286,mut_s1,detail,1,254,FRWAWZNXORYJGK-UHFFFAOYNA-N,-9.665
PPARG,c_GLN286,mut_s1,detail,1,255,YVEPCRMWSAAWMS-BHOFNQNONA-N,-9.577
PPARG,c_ILE281,mut_s1,detail,1,0,OLBYFEGTUWWPTR-FYWRMAATNA-N,-6.988
PPARG,c_ILE281,mut_s1,detail,1,1,SPGYFZIJBSMMEN-UHFFFAOYNA-N,-8.112
PPARG,c_ILE281,mut_s1,detail,1,2,DKKGRNTXCNVFPV-DZQCGVKKNA-N,-8.954
PPARG,c_ILE281,mut_s1,detail,1,3,KCOKHEIACSQLBQ-PCLSHUPZNA-N,-6.855
PPARG,c_ILE281,mut_s1,detail,1,4,XXMDURVCJMZNFC-UHFFFAOYNA-N,-8.206
PPARG,c_ILE281,mut_s1,detail,1,5,XNGWBIOXTHPDBE-UHFFFAOYNA-N,-6.66
PPARG,c_ILE281,mut_s1,detail,1,6,FMLKTYPTZQDWCZ-WYUMXYHSNA-N,-7.397
PPARG,c_ILE281,mut_s1,detail,1,7,BQCYOKUETBHDKF-UHFFFAOYNA-N,-8.507
PPARG,c_ILE281,mut_s1,detail,1,8,VAPRSYGEPKZLNA-UHFFFAOYNA-N,-6.937
PPARG,c_ILE281,mut_s1,detail,1,9,FJWTZYYUIYSFDV-NDKGDYFDNA-N,-6.023
PPARG,c_ILE281,mut_s1,detail,1,10,JSIXJSFAHZREEV-YHMJCDSINA-N,-6.732
PPARG,c_ILE281,mut_s1,detail,1,11,BGSXHNNWYPKQIQ-VEWCPZSHNA-N,-7.4
PPARG,c_ILE281,mut_s1,detail,1,12,ANJUUMLKPZLRGR-GPQMBLKYNA-N,-7.703
PPARG,c_ILE281,mut_s1,detail,1,13,WVDDMJTWFGHTGZ-VMPITWQZNA-N,-6.674
PPARG,c_ILE281,mut_s1,detail,1,14,OSFGHYZLBDAJTP-LILDFLRNNA-N,-9.232
PPARG,c_ILE281,mut_s1,detail,1,15,TZSPGMKSRHWUBZ-UHFFFAOYNA-N,-7.469
PPARG,c_ILE281,mut_s1,detail,1,16,RJNMLHBOHSQLDU-UHFFFAOYNA-N,-6.662
PPARG,c_ILE281,mut_s1,detail,1,17,HPGOEMWDBCJDOY-LILDFLRNNA-N,-7.74
PPARG,c_ILE281,mut_s1,detail,1,18,ANIAQSUBRGXWLS-UHFFFAOYNA-N,-5.607
PPARG,c_ILE281,mut_s1,detail,1,19,XHPTXSLPPJQCFM-UOUMIGKDNA-N,-7.666
PPARG,c_ILE281,mut_s1,detail,1,20,OYUMERJRBPSDQK-UHFFFAOYNA-N,-8.64
PPARG,c_ILE281,mut_s1,detail,1,21,RHCPJGMOPIMKFS-UHFFFAOYNA-N,-6.54
PPARG,c_ILE281,mut_s1,detail,1,22,GQCRCQLETCLZLO-NDKGDYFDNA-N,-6.539
PPARG,c_ILE281,mut_s1,detail,1,23,HDTRJGVVKZGWQZ-UHFFFAOYNA-N,-7.749
PPARG,c_ILE281,mut_s1,detail,1,24,PODSUWFXVDWCHZ-YAQRNVERNA-N,-7.63
PPARG,c_ILE281,mut_s1,detail,1,25,XOQICXJZZWXQDG-SDNWHVSQNA-N,-7.827
PPARG,c_ILE281,mut_s1,detail,1,26,LRQZMRHGRBHVRW-BLHHFWFONA-N,-7.044
PPARG,c_ILE281,mut_s1,detail,1,27,INRDHPFHGNGCCW-UHFFFAOYNA-N,-7.828
PPARG,c_ILE281,mut_s1,detail,1,28,WIRZCAWOMABORR-HCKMINDGNA-N,-7.701
PPARG,c_ILE281,mut_s1,detail,1,29,ISHXVBNQBLMUMA-XAASJSMPNA-N,-7.939
PPARG,c_ILE281,mut_s1,detail,1,30,ZVAZVKMDCRYPAQ-UHFFFAOYNA-N,-6.333
PPARG,c_ILE281,mut_s1,detail,1,31,OJGDCBLYJGHCIH-UHFFFAOYNA-N,-7.452
PPARG,c_ILE281,mut_s1,detail,1,32,HUJQOHMOYGRIRS-WYCIUFAENA-N,-7.539
PPARG,c_ILE281,mut_s1,detail,1,33,IXOFYFZRTXYNDM-HCKMINDGNA-N,-7.78
PPARG,c_ILE281,mut_s1,detail,1,34,RBMMHDHXQQMEMH-UHFFFAOYNA-N,-6.908
PPARG,c_ILE281,mut_s1,detail,1,35,CFFGWJLHGOSOHF-AHPDCHJINA-N,-6.68
PPARG,c_ILE281,mut_s1,detail,1,36,FFPAFAKDJLEUSC-YHMJCDSINA-N,-6.897
PPARG,c_ILE281,mut_s1,detail,1,37,ULEATUCPMCKRAM-IRXDYDNUNA-N,-7.363
PPARG,c_ILE281,mut_s1,detail,1,38,SUSPKFCOAROGEI-UHFFFAOYNA-N,-6.438
PPARG,c_ILE281,mut_s1,detail,1,39,ILOLPXFRSGURQA-HCKMINDGNA-N,-7.899
PPARG,c_ILE281,mut_s1,detail,1,40,LAHNGPIIMDWGRL-UHFFFAOYNA-N,-8.362
PPARG,c_ILE281,mut_s1,detail,1,41,PONNWXFCUBXOFS-UHFFFAOYNA-N,-7.654
PPARG,c_ILE281,mut_s1,detail,1,42,NGPUMDFMDVHJTF-XMHGGMMENA-N,-6.96
PPARG,c_ILE281,mut_s1,detail,1,43,GKVFCYBLNULLCL-YGPBECBDNA-N,-6.294
PPARG,c_ILE281,mut_s1,detail,1,44,FZPYMNOBFYWKFC-UHFFFAOYNA-N,-7.375
PPARG,c_ILE281,mut_s1,detail,1,45,CPJICALSLDLRJP-LILDFLRNNA-N,-7.882
PPARG,c_ILE281,mut_s1,detail,1,46,RAVBBDYGFXMBKB-GAJRPKRDNA-N,-6.979
PPARG,c_ILE281,mut_s1,detail,1,47,NCUWRDDNNJFMAS-UHFFFAOYNA-N,-8.169
PPARG,c_ILE281,mut_s1,detail,1,48,VDNBWTVXZDOUIG-PKSOQXRJNA-N,-8.175
PPARG,c_ILE281,mut_s1,detail,1,49,WYMKISIWQJPKOC-UHFFFAOYNA-N,-6.789
PPARG,c_ILE281,mut_s1,detail,1,50,VTCXXKFOLLSYCU-UHFFFAOYNA-N,-6.727
PPARG,c_ILE281,mut_s1,detail,1,51,BSLAOCJVMOGUKX-VHOFBASHNA-N,-7.408
PPARG,c_ILE281,mut_s1,detail,1,52,RZUVVWWNGGXUBI-GPQMBLKYNA-N,-8.793
PPARG,c_ILE281,mut_s1,detail,1,53,YLYYXIMYACYRSP-UYBDAZJANA-N,-6.611
PPARG,c_ILE281,mut_s1,detail,1,54,PHRXHZRDJNSXDF-QHCBTKRXNA-N,-7.793
PPARG,c_ILE281,mut_s1,detail,1,55,ABQUFQQMQCPHOH-NCWAPJAINA-N,-7.672
PPARG,c_ILE281,mut_s1,detail,1,56,FKIFGIZHFPIJND-GQAOMWGXNA-N,-6.781
PPARG,c_ILE281,mut_s1,detail,1,57,NHZFGROUVFTJAK-WYUMXYHSNA-N,-7.961
PPARG,c_ILE281,mut_s1,detail,1,58,RTJPLJJBIWFNSZ-UHFFFAOYNA-N,-7.82
PPARG,c_ILE281,mut_s1,detail,1,59,ZJRUXQBLSMYTIS-DXMPFREMNA-N,-7.678
PPARG,c_ILE281,mut_s1,detail,1,60,UYVIFQIPPPRZJF-QWOVJGMINA-N,-7.741
PPARG,c_ILE281,mut_s1,detail,1,61,WYTBYQZYJIGCBO-LILDFLRNNA-N,-8.309
PPARG,c_ILE281,mut_s1,detail,1,62,KKWWDIPRICACPS-GPQMBLKYNA-N,-6.301
PPARG,c_ILE281,mut_s1,detail,1,63,NZRHOWNFGASHMN-ZHLVXTBQNA-N,-7.379
PPARG,c_ILE281,mut_s1,detail,1,64,MGSGKNKREAYFRZ-UHFFFAOYNA-N,-8.179
PPARG,c_ILE281,mut_s1,detail,1,65,QTIJDOJTNOHQTC-WQGACYEGNA-N,-6.755
PPARG,c_ILE281,mut_s1,detail,1,66,ZHRVXEKEOMUAJO-PKSOQXRJNA-N,-9.057
PPARG,c_ILE281,mut_s1,detail,1,67,AJEULKUYXOLHDN-DVIAZDKANA-N,-9.187
PPARG,c_ILE281,mut_s1,detail,1,68,MGNZRUQLGFVWLY-UHFFFAOYNA-N,-8.104
PPARG,c_ILE281,mut_s1,detail,1,69,OHIMIXUWTWBDBR-UHFFFAOYNA-N,-7.872
PPARG,c_ILE281,mut_s1,detail,1,70,RFEGKAVABNLRHW-WYUMXYHSNA-N,-8.25
PPARG,c_ILE281,mut_s1,detail,1,71,OVDZZJAUKDINIY-SGTLLEGYNA-N,-7.827
PPARG,c_ILE281,mut_s1,detail,1,72,FIGONFGVGMSPID-MPIMZMORNA-N,-8.829
PPARG,c_ILE281,mut_s1,detail,1,73,DSSHOSHLYKWNRQ-UHFFFAOYNA-N,-7.494
PPARG,c_ILE281,mut_s1,detail,1,74,PKDGFUYVUYOZFK-UHFFFAOYNA-N,-8.419
PPARG,c_ILE281,mut_s1,detail,1,75,FSDOAOAVZVMAGE-RRORKGOJNA-N,-7.082
PPARG,c_ILE281,mut_s1,detail,1,76,SKYAUASQUBDEOI-LHJMZCQGNA-N,-7.141
PPARG,c_ILE281,mut_s1,detail,1,77,RRRYPJNSMOUEOE-XBTAAFKLNA-N,-9.005
PPARG,c_ILE281,mut_s1,detail,1,78,LNQOCSSUUUJFLY-BNKWAMQHNA-N,-8.915
PPARG,c_ILE281,mut_s1,detail,1,79,IQVUWJZWHCFIBG-UYBDAZJANA-N,-6.776
PPARG,c_ILE281,mut_s1,detail,1,80,FECVWTWBRSSNCK-XBTAAFKLNA-N,-9.505
PPARG,c_ILE281,mut_s1,detail,1,81,USDYHKNHMGVDHS-UYBDAZJANA-N,-7.541
PPARG,c_ILE281,mut_s1,detail,1,82,ZVJAHPKIYVGDHR-ILXRZTDVNA-N,-7.214
PPARG,c_ILE281,mut_s1,detail,1,83,AGWWZCICEUHAPF-UHFFFAOYNA-N,-9.293
PPARG,c_ILE281,mut_s1,detail,1,84,SIFYPHRKPXWEFL-UHFFFAOYNA-N,-7.991
PPARG,c_ILE281,mut_s1,detail,1,85,CCBDIYWTNHRYSF-GPQMBLKYNA-N,-8.174
PPARG,c_ILE281,mut_s1,detail,1,86,QZJYCFURESLRJX-UHFFFAOYNA-N,-6.983
PPARG,c_ILE281,mut_s1,detail,1,87,KDGSVHGIVBVYFE-SIKSZQSZNA-N,-8.568
PPARG,c_ILE281,mut_s1,detail,1,88,KAVCMDDCFVWLGH-DCYBUDGMNA-N,-8.672
PPARG,c_ILE281,mut_s1,detail,1,89,QTJDEJXKPAATAY-LILDFLRNNA-N,-9.028
PPARG,c_ILE281,mut_s1,detail,1,90,DCCNEGBQLUHRSI-UHFFFAOYNA-N,-6.176
PPARG,c_ILE281,mut_s1,detail,1,91,VUCQKRJVSPHODJ-UHFFFAOYNA-N,-8.081
PPARG,c_ILE281,mut_s1,detail,1,92,XCNTYAMCOLKFEW-UHFFFAOYNA-N,-6.687
PPARG,c_ILE281,mut_s1,detail,1,93,MLPVFRGFZVZNOZ-ODUIGABRNA-N,-7.561
PPARG,c_ILE281,mut_s1,detail,1,94,JXNGVLIPVYLXLZ-PKSOQXRJNA-N,-7.791
PPARG,c_ILE281,mut_s1,detail,1,95,GWICPGWJQQUMKG-UHFFFAOYNA-N,-7.462
PPARG,c_ILE281,mut_s1,detail,1,96,LEDHQUJDAQVDJK-UHFFFAOYNA-N,-8.309
PPARG,c_ILE281,mut_s1,detail,1,97,BJKUVAVJXSIUGS-UYBDAZJANA-N,-7.349
PPARG,c_ILE281,mut_s1,detail,1,98,QXIDHQKQNQWYQW-ORVKFNBTNA-N,-8.614
PPARG,c_ILE281,mut_s1,detail,1,99,VXNGWYZIFXWTDN-PKSOQXRJNA-N,-7.245
PPARG,c_ILE281,mut_s1,detail,1,100,UBFYNRRQFOKQOE-QWOVJGMINA-N,-7.664
PPARG,c_ILE281,mut_s1,detail,1,101,PKPIHOLUWUTPLW-GKKCOONHNA-N,-8.658
PPARG,c_ILE281,mut_s1,detail,1,102,CNYQZGODPRSIFM-LILDFLRNNA-N,-7.982
PPARG,c_ILE281,mut_s1,detail,1,103,OGPHEDOMLIUGFJ-UYBDAZJANA-N,-9.261
PPARG,c_ILE281,mut_s1,detail,1,104,FHOIWEHXSFDGEX-MPIMZMORNA-N,-8.856
PPARG,c_ILE281,mut_s1,detail,1,105,QOIGKGMMAGJZNZ-UHFFFAOYNA-N,-7.63
PPARG,c_ILE281,mut_s1,detail,1,106,DJJKBSKVSXPDMW-XFDRBGHPNA-N,-8.518
PPARG,c_ILE281,mut_s1,detail,1,107,MQVHNCCMPYINIB-GPQMBLKYNA-N,-8.208
PPARG,c_ILE281,mut_s1,detail,1,108,QJBDKSNVJPPLMZ-UYBDAZJANA-N,-8.737
PPARG,c_ILE281,mut_s1,detail,1,109,NEOVEBXUPVDKIZ-PDJAEHLQNA-N,-8.38
PPARG,c_ILE281,mut_s1,detail,1,110,UBMHUOWYROYDAE-MPIMZMORNA-N,-7.994
PPARG,c_ILE281,mut_s1,detail,1,111,NCOQSZVFPAPDPY-MPIMZMORNA-N,-9.238
PPARG,c_ILE281,mut_s1,detail,1,112,IWKDSKQEBMNILM-SFHVURJKNA-N,-7.195
PPARG,c_ILE281,mut_s1,detail,1,113,FYHIZSWDWJOYBD-UHFFFAOYNA-N,-7.619
PPARG,c_ILE281,mut_s1,detail,1,114,CODIBUDSZRMNBU-VVKINWOJNA-N,-8.49
PPARG,c_ILE281,mut_s1,detail,1,115,FSBYPVHAUHIHDK-HYTOZLCFNA-N,-8.391
PPARG,c_ILE281,mut_s1,detail,1,116,IBLBSVRDXNEHCF-UYBDAZJANA-N,-9.124
PPARG,c_ILE281,mut_s1,detail,1,117,YIVFLWLUPIAQNG-MPIMZMORNA-N,-8.842
PPARG,c_ILE281,mut_s1,detail,1,118,OKBASBXKPLMJNO-PKSOQXRJNA-N,-7.788
PPARG,c_ILE281,mut_s1,detail,1,119,CKUZXDONSHPFEU-UHFFFAOYNA-N,-7.482
PPARG,c_ILE281,mut_s1,detail,1,120,FZVOSFJDUXXRFB-LQFNOIFHNA-N,-9.376
PPARG,c_ILE281,mut_s1,detail,1,121,ATWQGOUWTPWHOB-MPIMZMORNA-N,-7.275
PPARG,c_ILE281,mut_s1,detail,1,122,SWTXEVDFRXLPBO-LILDFLRNNA-N,-8.399
PPARG,c_ILE281,mut_s1,detail,1,123,XKKZGDBDLSLGEV-UHFFFAOYNA-N,-7.613
PPARG,c_ILE281,mut_s1,detail,1,124,YOIVLKBZTXOSAW-UHFFFAOYNA-N,-7.151
PPARG,c_ILE281,mut_s1,detail,1,125,MTNDVCNEIIJXQO-LILDFLRNNA-N,-8.497
PPARG,c_ILE281,mut_s1,detail,1,126,VRVOWSSSYICXBN-UHFFFAOYNA-N,-8.671
PPARG,c_ILE281,mut_s1,detail,1,127,YWMOOGZLZREJIF-LILDFLRNNA-N,-5.624
PPARG,c_ILE281,mut_s1,detail,1,128,GBDSDSSPYNQXEN-LQFNOIFHNA-N,-9.519
PPARG,c_ILE281,mut_s1,detail,1,129,WEGCLMSBIIWPKX-HXTKINSTNA-N,-9.124
PPARG,c_ILE281,mut_s1,detail,1,130,KWIMDTZYIABOPE-XBXBPLPCNA-N,-9.417
PPARG,c_ILE281,mut_s1,detail,1,131,PTYKTEYVZUVZBD-LQFNOIFHNA-N,-10.727
PPARG,c_ILE281,mut_s1,detail,1,132,IDUARCWXOZVBJC-UHFFFAOYNA-N,-7.692
PPARG,c_ILE281,mut_s1,detail,1,133,SVHQAQMZYYTKBZ-QIFDKBNDNA-N,-6.009
PPARG,c_ILE281,mut_s1,detail,1,134,OKUWPICMSLXCLZ-ZBJSNUHENA-N,-7.734
PPARG,c_ILE281,mut_s1,detail,1,135,BGESRTVIDMTTHW-MPIMZMORNA-N,-9.304
PPARG,c_ILE281,mut_s1,detail,1,136,RDLHVRFBBSKBMX-UHFFFAOYNA-N,-8.136
PPARG,c_ILE281,mut_s1,detail,1,137,UHKNPVYNTQTWBT-LELJVTLKNA-N,-8.175
PPARG,c_ILE281,mut_s1,detail,1,138,LKOQAWXJCPYWSX-SMCUVTTANA-N,-9.083
PPARG,c_ILE281,mut_s1,detail,1,139,RGTZPMQQOVPWHT-UHFFFAOYNA-N,-8.48
PPARG,c_ILE281,mut_s1,detail,1,140,MPGXBEHIWDZYTG-JRAHLMCZNA-N,-7.871
PPARG,c_ILE281,mut_s1,detail,1,141,YSGONLQAXXDANF-HXTKINSTNA-N,-9.464
PPARG,c_ILE281,mut_s1,detail,1,142,ILADCPXUSGZMCO-LNNLXFCONA-N,-8.167
PPARG,c_ILE281,mut_s1,detail,1,143,WHISBCGJLLBHTQ-LELJVTLKNA-N,-7.998
PPARG,c_ILE281,mut_s1,detail,1,144,FQUQVJCZFGUICL-PZJWPPBQNA-N,-8.111
PPARG,c_ILE281,mut_s1,detail,1,145,PVZFRDICDBVJBC-MPIMZMORNA-N,-7.13
PPARG,c_ILE281,mut_s1,detail,1,146,WUQZEVWHZRAQLY-UHFFFAOYNA-N,-8.936
PPARG,c_ILE281,mut_s1,detail,1,147,PDYDBFOSJUATJC-LELJVTLKNA-N,-9.533
PPARG,c_ILE281,mut_s1,detail,1,148,XFTGZOIRMLTALR-UHFFFAOYNA-N,-9.732
PPARG,c_ILE281,mut_s1,detail,1,149,CPWFSRVCXOETRU-XYFPIJJGNA-N,-8.97
PPARG,c_ILE281,mut_s1,detail,1,150,SAFXYJWXQPZDKB-ZNVTXRBFNA-N,-8.728
PPARG,c_ILE281,mut_s1,detail,1,151,SWLAVROBGRTKAO-LQFNOIFHNA-N,-10.119
PPARG,c_ILE281,mut_s1,detail,1,152,OJFUHLOGAMKMDM-UHFFFAOYNA-N,-8.718
PPARG,c_ILE281,mut_s1,detail,1,153,YPDNVRDMMKZNIG-PJXJJTHHNA-N,-8.626
PPARG,c_ILE281,mut_s1,detail,1,154,LPYDZAPPGTYNGQ-UHFFFAOYNA-N,-9.826
PPARG,c_ILE281,mut_s1,detail,1,155,CXIGBATZIXWVIX-HXTKINSTNA-N,-9.573
PPARG,c_ILE281,mut_s1,detail,1,156,RXPVTNMMNZNKSW-LNNLXFCONA-N,-9.891
PPARG,c_ILE281,mut_s1,detail,1,157,YYDGAWIITBZHPX-UHFFFAOYNA-N,-8.346
PPARG,c_ILE281,mut_s1,detail,1,158,CHUNHRFIWQZFCI-UHFFFAOYNA-N,-8.898
PPARG,c_ILE281,mut_s1,detail,1,159,JDUBGYFRJFOXQC-YCIVUMDCNA-N,-7.422
PPARG,c_ILE281,mut_s1,detail,1,160,MMXCRHIOXQKQPT-LQFNOIFHNA-N,-8.127
PPARG,c_ILE281,mut_s1,detail,1,161,VBENHRFIEOLOJJ-JKZKCNJSNA-N,-7.969
PPARG,c_ILE281,mut_s1,detail,1,162,VPTBWCCSBQRUTD-UHFFFAOYNA-N,-8.358
PPARG,c_ILE281,mut_s1,detail,1,163,WOWAHNXJUPSVDR-LNNLXFCONA-N,-10.473
PPARG,c_ILE281,mut_s1,detail,1,164,WRLLXWRAXRGFBQ-GFQURNRHNA-N,-7.368
PPARG,c_ILE281,mut_s1,detail,1,165,QUUJCYCJKQGYDU-UHFFFAOYNA-N,-6.083
PPARG,c_ILE281,mut_s1,detail,1,166,LWILODJXIVFMKQ-LNNLXFCONA-N,-9.593
PPARG,c_ILE281,mut_s1,detail,1,167,PVBTXZKRTQKXBX-MRSUPTMINA-N,-8.726
PPARG,c_ILE281,mut_s1,detail,1,168,OWYLOIDRWNJCEP-HXUWFJFHNA-N,-8.316
PPARG,c_ILE281,mut_s1,detail,1,169,JOZFRLZUNYNYED-PJQSKVNONA-N,-8.949
PPARG,c_ILE281,mut_s1,detail,1,170,HMQKHGHCACYDGB-UHFFFAOYNA-N,-8.843
PPARG,c_ILE281,mut_s1,detail,1,171,SCHAXPQHOGRLLW-MPIMZMORNA-N,-8.273
PPARG,c_ILE281,mut_s1,detail,1,172,YNGDNNRFKXZELP-BDGWVKIONA-N,-7.587
PPARG,c_ILE281,mut_s1,detail,1,173,XETTWDXILVAWCB-UHFFFAOYNA-N,-7.328
PPARG,c_ILE281,mut_s1,detail,1,174,XXKBFOAMRLTPJL-UHFFFAOYNA-N,-7.283
PPARG,c_ILE281,mut_s1,detail,1,175,TXOXXECOMBAZKB-ZVNAXFNBNA-N,-8.715
PPARG,c_ILE281,mut_s1,detail,1,176,KUFKSMPOXHUGOB-QWOVJGMINA-N,-7.836
PPARG,c_ILE281,mut_s1,detail,1,177,SEHKNXHOUKJSIO-LNNLXFCONA-N,-9.569
PPARG,c_ILE281,mut_s1,detail,1,178,GMMNPCWBYMCYDQ-MPIMZMORNA-N,-8.529
PPARG,c_ILE281,mut_s1,detail,1,179,KEGZEHANNYRNOK-UHFFFAOYNA-N,-8.82
PPARG,c_ILE281,mut_s1,detail,1,180,GBJZQLYNRDBGTL-UHFFFAOYNA-N,-7.837
PPARG,c_ILE281,mut_s1,detail,1,181,UMFUNPLMLVDNME-INIZCTEONA-N,-8.686
PPARG,c_ILE281,mut_s1,detail,1,182,VPYOVNHGFLPMHX-ORVKFNBTNA-N,-7.87
PPARG,c_ILE281,mut_s1,detail,1,183,OQXGEGPDPXAQRC-UHFFFAOYNA-N,-7.698
PPARG,c_ILE281,mut_s1,detail,1,184,ZWOHSJYESLDLLT-AXIOFXGANA-N,-7.371
PPARG,c_ILE281,mut_s1,detail,1,185,NLUWXHFWWSAGMP-LNNLXFCONA-N,-8.829
PPARG,c_ILE281,mut_s1,detail,1,186,NBQDTLQFRAMAMQ-PDJAEHLQNA-N,-9.348
PPARG,c_ILE281,mut_s1,detail,1,187,VKYYUIDNHOUPGY-MPIMZMORNA-N,-8.764
PPARG,c_ILE281,mut_s1,detail,1,188,JHAMDJLHPSYECA-HXTKINSTNA-N,-9.047
PPARG,c_ILE281,mut_s1,detail,1,189,YUXCKESVZUAENN-LQFNOIFHNA-N,-8.22
PPARG,c_ILE281,mut_s1,detail,1,190,VOADUCNXWYAILJ-BOSVZZMWNA-N,-7.466
PPARG,c_ILE281,mut_s1,detail,1,191,YOCNRNBEVZABNA-AVGNRJKVNA-O,-8.391
PPARG,c_ILE281,mut_s1,detail,1,192,QGPIYZBUSYLXQT-UHFFFAOYNA-N,-8.806
PPARG,c_ILE281,mut_s1,detail,1,193,ALIRNZFSPVRFPC-QDIHOGQBNA-N,-9.75
PPARG,c_ILE281,mut_s1,detail,1,194,ZVFXYTPNPFXBNK-LELJVTLKNA-N,-7.838
PPARG,c_ILE281,mut_s1,detail,1,195,VYHWCJWNQFIBGN-CRFSQNOJNA-N,-8.499
PPARG,c_ILE281,mut_s1,detail,1,196,OGTQHYNUUOXINS-BKWRVFRZNA-N,-7.799
PPARG,c_ILE281,mut_s1,detail,1,197,UVYVJQFOXZDFLB-QDIHOGQBNA-N,-8.323
PPARG,c_ILE281,mut_s1,detail,1,198,OKBCXQJLCMYJOC-UHFFFAOYNA-N,-8.767
PPARG,c_ILE281,mut_s1,detail,1,199,UNUQJGDVJMRMAL-LBOYIXSDNA-N,-9.276
PPARG,c_ILE281,mut_s1,detail,1,200,AYOFFOZNXNLQIO-UHFFFAOYNA-N,-8.505
PPARG,c_ILE281,mut_s1,detail,1,201,XSCHYHFIQNFPFK-VJSLDGLSNA-N,-7.862
PPARG,c_ILE281,mut_s1,detail,1,202,JTLSDSKNFBJVAB-CAXFFFRFNA-N,-8.409
PPARG,c_ILE281,mut_s1,detail,1,203,DTRCHIYQUYRTQL-ARSKLOKFNA-N,-8.612
PPARG,c_ILE281,mut_s1,detail,1,204,HHCWBKAHPBAUDS-LBOYIXSDNA-N,-8.778
PPARG,c_ILE281,mut_s1,detail,1,205,SQFXMWLUFDMDIG-LBOYIXSDNA-N,-8.789
PPARG,c_ILE281,mut_s1,detail,1,206,DAAUKUQYGMNNAH-ZUKIQNPFNA-N,-8.915
PPARG,c_ILE281,mut_s1,detail,1,207,POLXUFYBMIRDEG-UHFFFAOYNA-N,-8.426
PPARG,c_ILE281,mut_s1,detail,1,208,HAQNCPOGRFKYNP-WNTKXCTINA-N,-8.793
PPARG,c_ILE281,mut_s1,detail,1,209,CQWFJACPUQVVQZ-UHFFFAOYNA-N,-8.679
PPARG,c_ILE281,mut_s1,detail,1,210,DPMMEOUVESBMSC-ZENAZSQFNA-N,-8.319
PPARG,c_ILE281,mut_s1,detail,1,211,SWRYMOBQOOSZGE-LFJJEMAGNA-N,-10.852
PPARG,c_ILE281,mut_s1,detail,1,212,VJTYYKXVGAQBPX-BGYRXZFFNA-N,-8.138
PPARG,c_ILE281,mut_s1,detail,1,213,BWCCBKUPFRNBAM-QBBGPZPNNA-N,-9.454
PPARG,c_ILE281,mut_s1,detail,1,214,LNHIEYLABBPNKJ-HXTKINSTNA-N,-9.057
PPARG,c_ILE281,mut_s1,detail,1,215,URPWVRUGSFROGL-IWCCUHEHNA-N,-8.649
PPARG,c_ILE281,mut_s1,detail,1,216,VVHGIVKRWDSJFH-HXTKINSTNA-N,-10.073
PPARG,c_ILE281,mut_s1,detail,1,217,SXHIZYRFWJFSEN-WUSLAWIHNA-N,-8.514
PPARG,c_ILE281,mut_s1,detail,1,218,CNHPXUMQURIPRN-UHFFFAOYNA-N,-10.032
PPARG,c_ILE281,mut_s1,detail,1,219,SGUIKZIYGVGMML-UHFFFAOYNA-N,-8.92
PPARG,c_ILE281,mut_s1,detail,1,220,DEVOTYUCWQFKBI-SREBMQDQNA-N,-9.955
PPARG,c_ILE281,mut_s1,detail,1,221,HGLIGFILENTPME-YQIREZNHNA-N,-10.205
PPARG,c_ILE281,mut_s1,detail,1,222,TYJWHVJYDSKQKB-UHFFFAOYNA-N,-8.308
PPARG,c_ILE281,mut_s1,detail,1,223,KOZFSFOOLUUIGY-NHZRFLDCNA-N,-9.033
PPARG,c_ILE281,mut_s1,detail,1,224,IVUDLYCHNURAOH-INNNKKOMNA-N,-7.04
PPARG,c_ILE281,mut_s1,detail,1,225,KDGUWZZCFXNBKJ-UHFFFAOYNA-N,-7.511
PPARG,c_ILE281,mut_s1,detail,1,226,DTVVSEVQQLRJMR-ZIFUYXECNA-N,-8.899
PPARG,c_ILE281,mut_s1,detail,1,227,MUDPTEIPVZCOGV-UHFFFAOYNA-N,-9.838
PPARG,c_ILE281,mut_s1,detail,1,228,IFHBUYGFCSEHIF-OKPOJWAQNA-N,-9.392
PPARG,c_ILE281,mut_s1,detail,1,229,CRKWKHJABOJVAY-SKKVRFOWNA-N,-8.421
PPARG,c_ILE281,mut_s1,detail,1,230,DXEPONXIBPHOTN-ZJLLOKRPNA-N,-7.839
PPARG,c_ILE281,mut_s1,detail,1,231,ULXBTCAXCQWKDE-UHFFFAOYNA-N,-9.225
PPARG,c_ILE281,mut_s1,detail,1,232,WJHXPQKEBQOSHE-HXTKINSTNA-N,-9.035
PPARG,c_ILE281,mut_s1,detail,1,233,KRFOOEYNOKIXRO-PKRZOPRNNA-N,-9.59
PPARG,c_ILE281,mut_s1,detail,1,234,BQPRGAIDSWVYAW-LELJVTLKNA-N,-9.051
PPARG,c_ILE281,mut_s1,detail,1,235,YRMKMEPMFOFXGH-LELJVTLKNA-N,-8.715
PPARG,c_ILE281,mut_s1,detail,1,236,OOPGLCWBUZVAMU-CSODHUTKNA-N,-7.659
PPARG,c_ILE281,mut_s1,detail,1,237,ABMSGZYILANGCA-HXTKINSTNA-N,-8.877
PPARG,c_ILE281,mut_s1,detail,1,238,PTAKEHSCNRJTCJ-UHFFFAOYNA-N,-7.701
PPARG,c_ILE281,mut_s1,detail,1,239,HOXYGIWZMBSLPN-TWPXYFCBNA-N,-9.224
PPARG,c_ILE281,mut_s1,detail,1,240,XKHSVUSPZVNCOT-VWSSANQENA-N,-7.316
PPARG,c_ILE281,mut_s1,detail,1,241,XONRVXOEJMEUIV-UHFFFAOYNA-N,-9.462
PPARG,c_ILE281,mut_s1,detail,1,242,RJVLVZUXYHWKDL-KIKCKTDGNA-N,-8.853
PPARG,c_ILE281,mut_s1,detail,1,243,QFJGVFMADWIIMK-BDGWVKIONA-N,-8.478
PPARG,c_ILE281,mut_s1,detail,1,244,SCZNNLLAHVLZMK-HXTKINSTNA-N,-9.367
PPARG,c_ILE281,mut_s1,detail,1,245,OBFAALRUGGJRGU-PKRZOPRNNA-N,-7.292
PPARG,c_ILE281,mut_s1,detail,1,246,PBDIAJYRAMOINO-WFOUAHBYNA-N,-7.92
PPARG,c_ILE281,mut_s1,detail,1,247,NAMSGSSCIKIOGU-UHFFFAOYNA-N,-10.741
PPARG,c_ILE281,mut_s1,detail,1,248,GJTMJMUIFFQIQN-BQVZJPQVNA-N,-8.794
PPARG,c_ILE281,mut_s1,detail,1,249,FHHOEGKZVIYWLM-PKRZOPRNNA-N,-8.367
PPARG,c_ILE281,mut_s1,detail,1,250,LWSUSTXYIGVJTM-DDTQQWOSNA-N,-9.133
PPARG,c_ILE281,mut_s1,detail,1,251,VAXBUDASTPYURF-YIOWICSRNA-N,-8.79
PPARG,c_ILE281,mut_s1,detail,1,252,JHBVXZXFCJIAJZ-CUCLJGHLNA-N,-10.639
PPARG,c_ILE281,mut_s1,detail,1,253,XASICACCYVTJDX-UHFFFAOYNA-N,-8.358
PPARG,c_ILE281,mut_s1,detail,1,254,FRWAWZNXORYJGK-UHFFFAOYNA-N,-9.646
PPARG,c_ILE281,mut_s1,detail,1,255,YVEPCRMWSAAWMS-BHOFNQNONA-N,-9.728
PPARG,c_MET364,mut_s1,detail,1,0,OLBYFEGTUWWPTR-FYWRMAATNA-N,-7.283
PPARG,c_MET364,mut_s1,detail,1,1,SPGYFZIJBSMMEN-UHFFFAOYNA-N,-7.798
PPARG,c_MET364,mut_s1,detail,1,2,DKKGRNTXCNVFPV-DZQCGVKKNA-N,-8.559
PPARG,c_MET364,mut_s1,detail,1,3,KCOKHEIACSQLBQ-PCLSHUPZNA-N,-6.929
PPARG,c_MET364,mut_s1,detail,1,4,XXMDURVCJMZNFC-UHFFFAOYNA-N,-8.35
PPARG,c_MET364,mut_s1,detail,1,5,XNGWBIOXTHPDBE-UHFFFAOYNA-N,-7.077
PPARG,c_MET364,mut_s1,detail,1,6,FMLKTYPTZQDWCZ-WYUMXYHSNA-N,-7.064
PPARG,c_MET364,mut_s1,detail,1,7,BQCYOKUETBHDKF-UHFFFAOYNA-N,-8.69
PPARG,c_MET364,mut_s1,detail,1,8,VAPRSYGEPKZLNA-UHFFFAOYNA-N,-6.479
PPARG,c_MET364,mut_s1,detail,1,9,FJWTZYYUIYSFDV-NDKGDYFDNA-N,-5.536
PPARG,c_MET364,mut_s1,detail,1,10,JSIXJSFAHZREEV-YHMJCDSINA-N,-6.484
PPARG,c_MET364,mut_s1,detail,1,11,BGSXHNNWYPKQIQ-VEWCPZSHNA-N,-7.405
PPARG,c_MET364,mut_s1,detail,1,12,ANJUUMLKPZLRGR-GPQMBLKYNA-N,-7.357
PPARG,c_MET364,mut_s1,detail,1,13,WVDDMJTWFGHTGZ-VMPITWQZNA-N,-6.778
PPARG,c_MET364,mut_s1,detail,1,14,OSFGHYZLBDAJTP-LILDFLRNNA-N,-9.584
PPARG,c_MET364,mut_s1,detail,1,15,TZSPGMKSRHWUBZ-UHFFFAOYNA-N,-7.958
PPARG,c_MET364,mut_s1,detail,1,16,RJNMLHBOHSQLDU-UHFFFAOYNA-N,-7.148
PPARG,c_MET364,mut_s1,detail,1,17,HPGOEMWDBCJDOY-LILDFLRNNA-N,-7.725
PPARG,c_MET364,mut_s1,detail,1,18,ANIAQSUBRGXWLS-UHFFFAOYNA-N,-5.527
PPARG,c_MET364,mut_s1,detail,1,19,XHPTXSLPPJQCFM-UOUMIGKDNA-N,-7.986
PPARG,c_MET364,mut_s1,detail,1,20,OYUMERJRBPSDQK-UHFFFAOYNA-N,-8.632
PPARG,c_MET364,mut_s1,detail,1,21,RHCPJGMOPIMKFS-UHFFFAOYNA-N,-6.363
PPARG,c_MET364,mut_s1,detail,1,22,GQCRCQLETCLZLO-NDKGDYFDNA-N,-6.644
PPARG,c_MET364,mut_s1,detail,1,23,HDTRJGVVKZGWQZ-UHFFFAOYNA-N,-7.706
PPARG,c_MET364,mut_s1,detail,1,24,PODSUWFXVDWCHZ-YAQRNVERNA-N,-7.493
PPARG,c_MET364,mut_s1,detail,1,25,XOQICXJZZWXQDG-SDNWHVSQNA-N,-7.763
PPARG,c_MET364,mut_s1,detail,1,26,LRQZMRHGRBHVRW-BLHHFWFONA-N,-7.185
PPARG,c_MET364,mut_s1,detail,1,27,INRDHPFHGNGCCW-UHFFFAOYNA-N,-8.483
PPARG,c_MET364,mut_s1,detail,1,28,WIRZCAWOMABORR-HCKMINDGNA-N,-7.393
PPARG,c_MET364,mut_s1,detail,1,29,ISHXVBNQBLMUMA-XAASJSMPNA-N,-8.238
PPARG,c_MET364,mut_s1,detail,1,30,ZVAZVKMDCRYPAQ-UHFFFAOYNA-N,-6.238
PPARG,c_MET364,mut_s1,detail,1,31,OJGDCBLYJGHCIH-UHFFFAOYNA-N,-7.194
PPARG,c_MET364,mut_s1,detail,1,32,HUJQOHMOYGRIRS-WYCIUFAENA-N,-7.31
PPARG,c_MET364,mut_s1,detail,1,33,IXOFYFZRTXYNDM-HCKMINDGNA-N,-7.808
PPARG,c_MET364,mut_s1,detail,1,34,RBMMHDHXQQMEMH-UHFFFAOYNA-N,-7.052
PPARG,c_MET364,mut_s1,detail,1,35,CFFGWJLHGOSOHF-AHPDCHJINA-N,-6.578
PPARG,c_MET364,mut_s1,detail,1,36,FFPAFAKDJLEUSC-YHMJCDSINA-N,-6.449
PPARG,c_MET364,mut_s1,detail,1,37,ULEATUCPMCKRAM-IRXDYDNUNA-N,-8.069
PPARG,c_MET364,mut_s1,detail,1,38,SUSPKFCOAROGEI-UHFFFAOYNA-N,-6.232
PPARG,c_MET364,mut_s1,detail,1,39,ILOLPXFRSGURQA-HCKMINDGNA-N,-7.532
PPARG,c_MET364,mut_s1,detail,1,40,LAHNGPIIMDWGRL-UHFFFAOYNA-N,-8.83
PPARG,c_MET364,mut_s1,detail,1,41,PONNWXFCUBXOFS-UHFFFAOYNA-N,-7.374
PPARG,c_MET364,mut_s1,detail,1,42,NGPUMDFMDVHJTF-XMHGGMMENA-N,-6.742
PPARG,c_MET364,mut_s1,detail,1,43,GKVFCYBLNULLCL-YGPBECBDNA-N,-6.912
PPARG,c_MET364,mut_s1,detail,1,44,FZPYMNOBFYWKFC-UHFFFAOYNA-N,-7.272
PPARG,c_MET364,mut_s1,detail,1,45,CPJICALSLDLRJP-LILDFLRNNA-N,-7.86
PPARG,c_MET364,mut_s1,detail,1,46,RAVBBDYGFXMBKB-GAJRPKRDNA-N,-7.235
PPARG,c_MET364,mut_s1,detail,1,47,NCUWRDDNNJFMAS-UHFFFAOYNA-N,-8.013
PPARG,c_MET364,mut_s1,detail,1,48,VDNBWTVXZDOUIG-PKSOQXRJNA-N,-8.06
PPARG,c_MET364,mut_s1,detail,1,49,WYMKISIWQJPKOC-UHFFFAOYNA-N,-6.904
PPARG,c_MET364,mut_s1,detail,1,50,VTCXXKFOLLSYCU-UHFFFAOYNA-N,-6.911
PPARG,c_MET364,mut_s1,detail,1,51,BSLAOCJVMOGUKX-VHOFBASHNA-N,-7.335
PPARG,c_MET364,mut_s1,detail,1,52,RZUVVWWNGGXUBI-GPQMBLKYNA-N,-9.12
PPARG,c_MET364,mut_s1,detail,1,53,YLYYXIMYACYRSP-UYBDAZJANA-N,-7.909
PPARG,c_MET364,mut_s1,detail,1,54,PHRXHZRDJNSXDF-QHCBTKRXNA-N,-8.129
PPARG,c_MET364,mut_s1,detail,1,55,ABQUFQQMQCPHOH-NCWAPJAINA-N,-7.387
PPARG,c_MET364,mut_s1,detail,1,56,FKIFGIZHFPIJND-GQAOMWGXNA-N,-6.767
PPARG,c_MET364,mut_s1,detail,1,57,NHZFGROUVFTJAK-WYUMXYHSNA-N,-7.977
PPARG,c_MET364,mut_s1,detail,1,58,RTJPLJJBIWFNSZ-UHFFFAOYNA-N,-7.463
PPARG,c_MET364,mut_s1,detail,1,59,ZJRUXQBLSMYTIS-DXMPFREMNA-N,-7.275
PPARG,c_MET364,mut_s1,detail,1,60,UYVIFQIPPPRZJF-QWOVJGMINA-N,-8.865
PPARG,c_MET364,mut_s1,detail,1,61,WYTBYQZYJIGCBO-LILDFLRNNA-N,-8.236
PPARG,c_MET364,mut_s1,detail,1,62,KKWWDIPRICACPS-GPQMBLKYNA-N,-7.351
PPARG,c_MET364,mut_s1,detail,1,63,NZRHOWNFGASHMN-ZHLVXTBQNA-N,-6.978
PPARG,c_MET364,mut_s1,detail,1,64,MGSGKNKREAYFRZ-UHFFFAOYNA-N,-8.827
PPARG,c_MET364,mut_s1,detail,1,65,QTIJDOJTNOHQTC-WQGACYEGNA-N,-8.032
PPARG,c_MET364,mut_s1,detail,1,66,ZHRVXEKEOMUAJO-PKSOQXRJNA-N,-9.048
PPARG,c_MET364,mut_s1,detail,1,67,AJEULKUYXOLHDN-DVIAZDKANA-N,-8.895
PPARG,c_MET364,mut_s1,detail,1,68,MGNZRUQLGFVWLY-UHFFFAOYNA-N,-8.157
PPARG,c_MET364,mut_s1,detail,1,69,OHIMIXUWTWBDBR-UHFFFAOYNA-N,-8.001
PPARG,c_MET364,mut_s1,detail,1,70,RFEGKAVABNLRHW-WYUMXYHSNA-N,-7.649
PPARG,c_MET364,mut_s1,detail,1,71,OVDZZJAUKDINIY-SGTLLEGYNA-N,-8.56
PPARG,c_MET364,mut_s1,detail,1,72,FIGONFGVGMSPID-MPIMZMORNA-N,-9.364
PPARG,c_MET364,mut_s1,detail,1,73,DSSHOSHLYKWNRQ-UHFFFAOYNA-N,-8.181
PPARG,c_MET364,mut_s1,detail,1,74,PKDGFUYVUYOZFK-UHFFFAOYNA-N,-8.605
PPARG,c_MET364,mut_s1,detail,1,75,FSDOAOAVZVMAGE-RRORKGOJNA-N,-7.992
PPARG,c_MET364,mut_s1,detail,1,76,SKYAUASQUBDEOI-LHJMZCQGNA-N,-7.78
PPARG,c_MET364,mut_s1,detail,1,77,RRRYPJNSMOUEOE-XBTAAFKLNA-N,-9.246
PPARG,c_MET364,mut_s1,detail,1,78,LNQOCSSUUUJFLY-BNKWAMQHNA-N,-8.164
PPARG,c_MET364,mut_s1,detail,1,79,IQVUWJZWHCFIBG-UYBDAZJANA-N,-6.948
PPARG,c_MET364,mut_s1,detail,1,80,FECVWTWBRSSNCK-XBTAAFKLNA-N,-9.75
PPARG,c_MET364,mut_s1,detail,1,81,USDYHKNHMGVDHS-UYBDAZJANA-N,-7.746
PPARG,c_MET364,mut_s1,detail,1,82,ZVJAHPKIYVGDHR-ILXRZTDVNA-N,-6.925
PPARG,c_MET364,mut_s1,detail,1,83,AGWWZCICEUHAPF-UHFFFAOYNA-N,-9.383
PPARG,c_MET364,mut_s1,detail,1,84,SIFYPHRKPXWEFL-UHFFFAOYNA-N,-8.164
PPARG,c_MET364,mut_s1,detail,1,85,CCBDIYWTNHRYSF-GPQMBLKYNA-N,-8.192
PPARG,c_MET364,mut_s1,detail,1,86,QZJYCFURESLRJX-UHFFFAOYNA-N,-7.74
PPARG,c_MET364,mut_s1,detail,1,87,KDGSVHGIVBVYFE-SIKSZQSZNA-N,-8.067
PPARG,c_MET364,mut_s1,detail,1,88,KAVCMDDCFVWLGH-DCYBUDGMNA-N,-9.3
PPARG,c_MET364,mut_s1,detail,1,89,QTJDEJXKPAATAY-LILDFLRNNA-N,-9.262
PPARG,c_MET364,mut_s1,detail,1,90,DCCNEGBQLUHRSI-UHFFFAOYNA-N,-7.061
PPARG,c_MET364,mut_s1,detail,1,91,VUCQKRJVSPHODJ-UHFFFAOYNA-N,-7.851
PPARG,c_MET364,mut_s1,detail,1,92,XCNTYAMCOLKFEW-UHFFFAOYNA-N,-6.835
PPARG,c_MET364,mut_s1,detail,1,93,MLPVFRGFZVZNOZ-ODUIGABRNA-N,-8.16
PPARG,c_MET364,mut_s1,detail,1,94,JXNGVLIPVYLXLZ-PKSOQXRJNA-N,-8.481
PPARG,c_MET364,mut_s1,detail,1,95,GWICPGWJQQUMKG-UHFFFAOYNA-N,-8.846
PPARG,c_MET364,mut_s1,detail,1,96,LEDHQUJDAQVDJK-UHFFFAOYNA-N,-9.052
PPARG,c_MET364,mut_s1,detail,1,97,BJKUVAVJXSIUGS-UYBDAZJANA-N,-7.353
PPARG,c_MET364,mut_s1,detail,1,98,QXIDHQKQNQWYQW-ORVKFNBTNA-N,-9.084
PPARG,c_MET364,mut_s1,detail,1,99,VXNGWYZIFXWTDN-PKSOQXRJNA-N,-7.103
PPARG,c_MET364,mut_s1,detail,1,100,UBFYNRRQFOKQOE-QWOVJGMINA-N,-8.006
PPARG,c_MET364,mut_s1,detail,1,101,PKPIHOLUWUTPLW-GKKCOONHNA-N,-8.834
PPARG,c_MET364,mut_s1,detail,1,102,CNYQZGODPRSIFM-LILDFLRNNA-N,-7.803
PPARG,c_MET364,mut_s1,detail,1,103,OGPHEDOMLIUGFJ-UYBDAZJANA-N,-8.91
PPARG,c_MET364,mut_s1,detail,1,104,FHOIWEHXSFDGEX-MPIMZMORNA-N,-8.984
PPARG,c_MET364,mut_s1,detail,1,105,QOIGKGMMAGJZNZ-UHFFFAOYNA-N,-7.512
PPARG,c_MET364,mut_s1,detail,1,106,DJJKBSKVSXPDMW-XFDRBGHPNA-N,-8.788
PPARG,c_MET364,mut_s1,detail,1,107,MQVHNCCMPYINIB-GPQMBLKYNA-N,-8.378
PPARG,c_MET364,mut_s1,detail,1,108,QJBDKSNVJPPLMZ-UYBDAZJANA-N,-8.542
PPARG,c_MET364,mut_s1,detail,1,109,NEOVEBXUPVDKIZ-PDJAEHLQNA-N,-8.452
PPARG,c_MET364,mut_s1,detail,1,110,UBMHUOWYROYDAE-MPIMZMORNA-N,-8.208
PPARG,c_MET364,mut_s1,detail,1,111,NCOQSZVFPAPDPY-MPIMZMORNA-N,-8.909
PPARG,c_MET364,mut_s1,detail,1,112,IWKDSKQEBMNILM-SFHVURJKNA-N,-8.74
PPARG,c_MET364,mut_s1,detail,1,113,FYHIZSWDWJOYBD-UHFFFAOYNA-N,-6.972
PPARG,c_MET364,mut_s1,detail,1,114,CODIBUDSZRMNBU-VVKINWOJNA-N,-9.136
PPARG,c_MET364,mut_s1,detail,1,115,FSBYPVHAUHIHDK-HYTOZLCFNA-N,-7.827
PPARG,c_MET364,mut_s1,detail,1,116,IBLBSVRDXNEHCF-UYBDAZJANA-N,-8.885
PPARG,c_MET364,mut_s1,detail,1,117,YIVFLWLUPIAQNG-MPIMZMORNA-N,-8.904
PPARG,c_MET364,mut_s1,detail,1,118,OKBASBXKPLMJNO-PKSOQXRJNA-N,-7.627
PPARG,c_MET364,mut_s1,detail,1,119,CKUZXDONSHPFEU-UHFFFAOYNA-N,-7.426
PPARG,c_MET364,mut_s1,detail,1,120,FZVOSFJDUXXRFB-LQFNOIFHNA-N,-9.276
PPARG,c_MET364,mut_s1,detail,1,121,ATWQGOUWTPWHOB-MPIMZMORNA-N,-7.472
PPARG,c_MET364,mut_s1,detail,1,122,SWTXEVDFRXLPBO-LILDFLRNNA-N,-8.314
PPARG,c_MET364,mut_s1,detail,1,123,XKKZGDBDLSLGEV-UHFFFAOYNA-N,-8.201
PPARG,c_MET364,mut_s1,detail,1,124,YOIVLKBZTXOSAW-UHFFFAOYNA-N,-7.997
PPARG,c_MET364,mut_s1,detail,1,125,MTNDVCNEIIJXQO-LILDFLRNNA-N,-8.261
PPARG,c_MET364,mut_s1,detail,1,126,VRVOWSSSYICXBN-UHFFFAOYNA-N,-8.968
PPARG,c_MET364,mut_s1,detail,1,127,YWMOOGZLZREJIF-LILDFLRNNA-N,-6.322
PPARG,c_MET364,mut_s1,detail,1,128,GBDSDSSPYNQXEN-LQFNOIFHNA-N,-9.484
PPARG,c_MET364,mut_s1,detail,1,129,WEGCLMSBIIWPKX-HXTKINSTNA-N,-8.24
PPARG,c_MET364,mut_s1,detail,1,130,KWIMDTZYIABOPE-XBXBPLPCNA-N,-8.864
PPARG,c_MET364,mut_s1,detail,1,131,PTYKTEYVZUVZBD-LQFNOIFHNA-N,-9.605
PPARG,c_MET364,mut_s1,detail,1,132,IDUARCWXOZVBJC-UHFFFAOYNA-N,-8.151
PPARG,c_MET364,mut_s1,detail,1,133,SVHQAQMZYYTKBZ-QIFDKBNDNA-N,-6.872
PPARG,c_MET364,mut_s1,detail,1,134,OKUWPICMSLXCLZ-ZBJSNUHENA-N,-7.625
PPARG,c_MET364,mut_s1,detail,1,135,BGESRTVIDMTTHW-MPIMZMORNA-N,-9.079
PPARG,c_MET364,mut_s1,detail,1,136,RDLHVRFBBSKBMX-UHFFFAOYNA-N,-7.728
PPARG,c_MET364,mut_s1,detail,1,137,UHKNPVYNTQTWBT-LELJVTLKNA-N,-8.458
PPARG,c_MET364,mut_s1,detail,1,138,LKOQAWXJCPYWSX-SMCUVTTANA-N,-8.627
PPARG,c_MET364,mut_s1,detail,1,139,RGTZPMQQOVPWHT-UHFFFAOYNA-N,-9.086
PPARG,c_MET364,mut_s1,detail,1,140,MPGXBEHIWDZYTG-JRAHLMCZNA-N,-8.973
PPARG,c_MET364,mut_s1,detail,1,141,YSGONLQAXXDANF-HXTKINSTNA-N,-9.571
PPARG,c_MET364,mut_s1,detail,1,142,ILADCPXUSGZMCO-LNNLXFCONA-N,-8.456
PPARG,c_MET364,mut_s1,detail,1,143,WHISBCGJLLBHTQ-LELJVTLKNA-N,-8.058
PPARG,c_MET364,mut_s1,detail,1,144,FQUQVJCZFGUICL-PZJWPPBQNA-N,-9.194
PPARG,c_MET364,mut_s1,detail,1,145,PVZFRDICDBVJBC-MPIMZMORNA-N,-7.875
PPARG,c_MET364,mut_s1,detail,1,146,WUQZEVWHZRAQLY-UHFFFAOYNA-N,-8.845
PPARG,c_MET364,mut_s1,detail,1,147,PDYDBFOSJUATJC-LELJVTLKNA-N,-9.725
PPARG,c_MET364,mut_s1,detail,1,148,XFTGZOIRMLTALR-UHFFFAOYNA-N,-10.042
PPARG,c_MET364,mut_s1,detail,1,149,CPWFSRVCXOETRU-XYFPIJJGNA-N,-9.161
PPARG,c_MET364,mut_s1,detail,1,150,SAFXYJWXQPZDKB-ZNVTXRBFNA-N,-9.648
PPARG,c_MET364,mut_s1,detail,1,151,SWLAVROBGRTKAO-LQFNOIFHNA-N,-9.791
PPARG,c_MET364,mut_s1,detail,1,152,OJFUHLOGAMKMDM-UHFFFAOYNA-N,-8.655
PPARG,c_MET364,mut_s1,detail,1,153,YPDNVRDMMKZNIG-PJXJJTHHNA-N,-8.845
PPARG,c_MET364,mut_s1,detail,1,154,LPYDZAPPGTYNGQ-UHFFFAOYNA-N,-9.729
PPARG,c_MET364,mut_s1,detail,1,155,CXIGBATZIXWVIX-HXTKINSTNA-N,-9.556
PPARG,c_MET364,mut_s1,detail,1,156,RXPVTNMMNZNKSW-LNNLXFCONA-N,-9.878
PPARG,c_MET364,mut_s1,detail,1,157,YYDGAWIITBZHPX-UHFFFAOYNA-N,-8.121
PPARG,c_MET364,mut_s1,detail,1,158,CHUNHRFIWQZFCI-UHFFFAOYNA-N,-8.722
PPARG,c_MET364,mut_s1,detail,1,159,JDUBGYFRJFOXQC-YCIVUMDCNA-N,-7.347
PPARG,c_MET364,mut_s1,detail,1,160,MMXCRHIOXQKQPT-LQFNOIFHNA-N,-9.038
PPARG,c_MET364,mut_s1,detail,1,161,VBENHRFIEOLOJJ-JKZKCNJSNA-N,-7.893
PPARG,c_MET364,mut_s1,detail,1,162,VPTBWCCSBQRUTD-UHFFFAOYNA-N,-8.78
PPARG,c_MET364,mut_s1,detail,1,163,WOWAHNXJUPSVDR-LNNLXFCONA-N,-10.409
PPARG,c_MET364,mut_s1,detail,1,164,WRLLXWRAXRGFBQ-GFQURNRHNA-N,-7.312
PPARG,c_MET364,mut_s1,detail,1,165,QUUJCYCJKQGYDU-UHFFFAOYNA-N,-7.293
PPARG,c_MET364,mut_s1,detail,1,166,LWILODJXIVFMKQ-LNNLXFCONA-N,-9.779
PPARG,c_MET364,mut_s1,detail,1,167,PVBTXZKRTQKXBX-MRSUPTMINA-N,-8.882
PPARG,c_MET364,mut_s1,detail,1,168,OWYLOIDRWNJCEP-HXUWFJFHNA-N,-8.343
PPARG,c_MET364,mut_s1,detail,1,169,JOZFRLZUNYNYED-PJQSKVNONA-N,-8.28
PPARG,c_MET364,mut_s1,detail,1,170,HMQKHGHCACYDGB-UHFFFAOYNA-N,-9.561
PPARG,c_MET364,mut_s1,detail,1,171,SCHAXPQHOGRLLW-MPIMZMORNA-N,-7.802
PPARG,c_MET364,mut_s1,detail,1,172,YNGDNNRFKXZELP-BDGWVKIONA-N,-7.902
PPARG,c_MET364,mut_s1,detail,1,173,XETTWDXILVAWCB-UHFFFAOYNA-N,-8.188
PPARG,c_MET364,mut_s1,detail,1,174,XXKBFOAMRLTPJL-UHFFFAOYNA-N,-8.074
PPARG,c_MET364,mut_s1,detail,1,175,TXOXXECOMBAZKB-ZVNAXFNBNA-N,-7.971
PPARG,c_MET364,mut_s1,detail,1,176,KUFKSMPOXHUGOB-QWOVJGMINA-N,-8.841
PPARG,c_MET364,mut_s1,detail,1,177,SEHKNXHOUKJSIO-LNNLXFCONA-N,-9.508
PPARG,c_MET364,mut_s1,detail,1,178,GMMNPCWBYMCYDQ-MPIMZMORNA-N,-8.723
PPARG,c_MET364,mut_s1,detail,1,179,KEGZEHANNYRNOK-UHFFFAOYNA-N,-8.997
PPARG,c_MET364,mut_s1,detail,1,180,GBJZQLYNRDBGTL-UHFFFAOYNA-N,-10.154
PPARG,c_MET364,mut_s1,detail,1,181,UMFUNPLMLVDNME-INIZCTEONA-N,-8.697
PPARG,c_MET364,mut_s1,detail,1,182,VPYOVNHGFLPMHX-ORVKFNBTNA-N,-9.05
PPARG,c_MET364,mut_s1,detail,1,183,OQXGEGPDPXAQRC-UHFFFAOYNA-N,-8.492
PPARG,c_MET364,mut_s1,detail,1,184,ZWOHSJYESLDLLT-AXIOFXGANA-N,-7.79
PPARG,c_MET364,mut_s1,detail,1,185,NLUWXHFWWSAGMP-LNNLXFCONA-N,-8.96
PPARG,c_MET364,mut_s1,detail,1,186,NBQDTLQFRAMAMQ-PDJAEHLQNA-N,-8.728
PPARG,c_MET364,mut_s1,detail,1,187,VKYYUIDNHOUPGY-MPIMZMORNA-N,-11.198
PPARG,c_MET364,mut_s1,detail,1,188,JHAMDJLHPSYECA-HXTKINSTNA-N,-8.645
PPARG,c_MET364,mut_s1,detail,1,189,YUXCKESVZUAENN-LQFNOIFHNA-N,-8.328
PPARG,c_MET364,mut_s1,detail,1,190,VOADUCNXWYAILJ-BOSVZZMWNA-N,-7.967
PPARG,c_MET364,mut_s1,detail,1,191,YOCNRNBEVZABNA-AVGNRJKVNA-O,-9.405
PPARG,c_MET364,mut_s1,detail,1,192,QGPIYZBUSYLXQT-UHFFFAOYNA-N,-8.944
PPARG,c_MET364,mut_s1,detail,1,193,ALIRNZFSPVRFPC-QDIHOGQBNA-N,-10.066
PPARG,c_MET364,mut_s1,detail,1,194,ZVFXYTPNPFXBNK-LELJVTLKNA-N,-9.53
PPARG,c_MET364,mut_s1,detail,1,195,VYHWCJWNQFIBGN-CRFSQNOJNA-N,-9.004
PPARG,c_MET364,mut_s1,detail,1,196,OGTQHYNUUOXINS-BKWRVFRZNA-N,-8.985
PPARG,c_MET364,mut_s1,detail,1,197,UVYVJQFOXZDFLB-QDIHOGQBNA-N,-8.984
PPARG,c_MET364,mut_s1,detail,1,198,OKBCXQJLCMYJOC-UHFFFAOYNA-N,-8.381
PPARG,c_MET364,mut_s1,detail,1,199,UNUQJGDVJMRMAL-LBOYIXSDNA-N,-9.538
PPARG,c_MET364,mut_s1,detail,1,200,AYOFFOZNXNLQIO-UHFFFAOYNA-N,-8.497
PPARG,c_MET364,mut_s1,detail,1,201,XSCHYHFIQNFPFK-VJSLDGLSNA-N,-7.657
PPARG,c_MET364,mut_s1,detail,1,202,JTLSDSKNFBJVAB-CAXFFFRFNA-N,-7.902
PPARG,c_MET364,mut_s1,detail,1,203,DTRCHIYQUYRTQL-ARSKLOKFNA-N,-7.49
PPARG,c_MET364,mut_s1,detail,1,204,HHCWBKAHPBAUDS-LBOYIXSDNA-N,-9.651
PPARG,c_MET364,mut_s1,detail,1,205,SQFXMWLUFDMDIG-LBOYIXSDNA-N,-9.078
PPARG,c_MET364,mut_s1,detail,1,206,DAAUKUQYGMNNAH-ZUKIQNPFNA-N,-10.989
PPARG,c_MET364,mut_s1,detail,1,207,POLXUFYBMIRDEG-UHFFFAOYNA-N,-8.648
PPARG,c_MET364,mut_s1,detail,1,208,HAQNCPOGRFKYNP-WNTKXCTINA-N,-8.995
PPARG,c_MET364,mut_s1,detail,1,209,CQWFJACPUQVVQZ-UHFFFAOYNA-N,-8.444
PPARG,c_MET364,mut_s1,detail,1,210,DPMMEOUVESBMSC-ZENAZSQFNA-N,-8.6
PPARG,c_MET364,mut_s1,detail,1,211,SWRYMOBQOOSZGE-LFJJEMAGNA-N,-10.877
PPARG,c_MET364,mut_s1,detail,1,212,VJTYYKXVGAQBPX-BGYRXZFFNA-N,-8.189
PPARG,c_MET364,mut_s1,detail,1,213,BWCCBKUPFRNBAM-QBBGPZPNNA-N,-9.643
PPARG,c_MET364,mut_s1,detail,1,214,LNHIEYLABBPNKJ-HXTKINSTNA-N,-8.937
PPARG,c_MET364,mut_s1,detail,1,215,URPWVRUGSFROGL-IWCCUHEHNA-N,-8.844
PPARG,c_MET364,mut_s1,detail,1,216,VVHGIVKRWDSJFH-HXTKINSTNA-N,-9.83
PPARG,c_MET364,mut_s1,detail,1,217,SXHIZYRFWJFSEN-WUSLAWIHNA-N,-8.519
PPARG,c_MET364,mut_s1,detail,1,218,CNHPXUMQURIPRN-UHFFFAOYNA-N,-10.927
PPARG,c_MET364,mut_s1,detail,1,219,SGUIKZIYGVGMML-UHFFFAOYNA-N,-8.515
PPARG,c_MET364,mut_s1,detail,1,220,DEVOTYUCWQFKBI-SREBMQDQNA-N,-10.738
PPARG,c_MET364,mut_s1,detail,1,221,HGLIGFILENTPME-YQIREZNHNA-N,-10.219
PPARG,c_MET364,mut_s1,detail,1,222,TYJWHVJYDSKQKB-UHFFFAOYNA-N,-7.916
PPARG,c_MET364,mut_s1,detail,1,223,KOZFSFOOLUUIGY-NHZRFLDCNA-N,-9.222
PPARG,c_MET364,mut_s1,detail,1,224,IVUDLYCHNURAOH-INNNKKOMNA-N,-7.194
PPARG,c_MET364,mut_s1,detail,1,225,KDGUWZZCFXNBKJ-UHFFFAOYNA-N,-8.361
PPARG,c_MET364,mut_s1,detail,1,226,DTVVSEVQQLRJMR-ZIFUYXECNA-N,-8.353
PPARG,c_MET364,mut_s1,detail,1,227,MUDPTEIPVZCOGV-UHFFFAOYNA-N,-9.302
PPARG,c_MET364,mut_s1,detail,1,228,IFHBUYGFCSEHIF-OKPOJWAQNA-N,-8.97
PPARG,c_MET364,mut_s1,detail,1,229,CRKWKHJABOJVAY-SKKVRFOWNA-N,-8.46
PPARG,c_MET364,mut_s1,detail,1,230,DXEPONXIBPHOTN-ZJLLOKRPNA-N,-8.503
PPARG,c_MET364,mut_s1,detail,1,231,ULXBTCAXCQWKDE-UHFFFAOYNA-N,-10.393
PPARG,c_MET364,mut_s1,detail,1,232,WJHXPQKEBQOSHE-HXTKINSTNA-N,-9.251
PPARG,c_MET364,mut_s1,detail,1,233,KRFOOEYNOKIXRO-PKRZOPRNNA-N,-10.816
PPARG,c_MET364,mut_s1,detail,1,234,BQPRGAIDSWVYAW-LELJVTLKNA-N,-9.281
PPARG,c_MET364,mut_s1,detail,1,235,YRMKMEPMFOFXGH-LELJVTLKNA-N,-8.077
PPARG,c_MET364,mut_s1,detail,1,236,OOPGLCWBUZVAMU-CSODHUTKNA-N,-6.986
PPARG,c_MET364,mut_s1,detail,1,237,ABMSGZYILANGCA-HXTKINSTNA-N,-8.741
PPARG,c_MET364,mut_s1,detail,1,238,PTAKEHSCNRJTCJ-UHFFFAOYNA-N,-7.763
PPARG,c_MET364,mut_s1,detail,1,239,HOXYGIWZMBSLPN-TWPXYFCBNA-N,-8.513
PPARG,c_MET364,mut_s1,detail,1,240,XKHSVUSPZVNCOT-VWSSANQENA-N,-6.692
PPARG,c_MET364,mut_s1,detail,1,241,XONRVXOEJMEUIV-UHFFFAOYNA-N,-9.449
PPARG,c_MET364,mut_s1,detail,1,242,RJVLVZUXYHWKDL-KIKCKTDGNA-N,-8.973
PPARG,c_MET364,mut_s1,detail,1,243,QFJGVFMADWIIMK-BDGWVKIONA-N,-8.207
PPARG,c_MET364,mut_s1,detail,1,244,SCZNNLLAHVLZMK-HXTKINSTNA-N,-9.533
PPARG,c_MET364,mut_s1,detail,1,245,OBFAALRUGGJRGU-PKRZOPRNNA-N,-7.649
PPARG,c_MET364,mut_s1,detail,1,246,PBDIAJYRAMOINO-WFOUAHBYNA-N,-7.688
PPARG,c_MET364,mut_s1,detail,1,247,NAMSGSSCIKIOGU-UHFFFAOYNA-N,-10.474
PPARG,c_MET364,mut_s1,detail,1,248,GJTMJMUIFFQIQN-BQVZJPQVNA-N,-8.64
PPARG,c_MET364,mut_s1,detail,1,249,FHHOEGKZVIYWLM-PKRZOPRNNA-N,-8.382
PPARG,c_MET364,mut_s1,detail,1,250,LWSUSTXYIGVJTM-DDTQQWOSNA-N,-9.34
PPARG,c_MET364,mut_s1,detail,1,251,VAXBUDASTPYURF-YIOWICSRNA-N,-9.628
PPARG,c_MET364,mut_s1,detail,1,252,JHBVXZXFCJIAJZ-CUCLJGHLNA-N,-10.845
PPARG,c_MET364,mut_s1,detail,1,253,XASICACCYVTJDX-UHFFFAOYNA-N,-8.644
PPARG,c_MET364,mut_s1,detail,1,254,FRWAWZNXORYJGK-UHFFFAOYNA-N,-9.344
PPARG,c_MET364,mut_s1,detail,1,255,YVEPCRMWSAAWMS-BHOFNQNONA-N,-9.039
PPARG,c_ILE341,mut_s1,detail,1,0,OLBYFEGTUWWPTR-FYWRMAATNA-N,-7.33
PPARG,c_ILE341,mut_s1,detail,1,1,SPGYFZIJBSMMEN-UHFFFAOYNA-N,-7.991
PPARG,c_ILE341,mut_s1,detail,1,2,DKKGRNTXCNVFPV-DZQCGVKKNA-N,-8.951
PPARG,c_ILE341,mut_s1,detail,1,3,KCOKHEIACSQLBQ-PCLSHUPZNA-N,-7.157
PPARG,c_ILE341,mut_s1,detail,1,4,XXMDURVCJMZNFC-UHFFFAOYNA-N,-8.309
PPARG,c_ILE341,mut_s1,detail,1,5,XNGWBIOXTHPDBE-UHFFFAOYNA-N,-6.879
PPARG,c_ILE341,mut_s1,detail,1,6,FMLKTYPTZQDWCZ-WYUMXYHSNA-N,-7.237
PPARG,c_ILE341,mut_s1,detail,1,7,BQCYOKUETBHDKF-UHFFFAOYNA-N,-8.506
PPARG,c_ILE341,mut_s1,detail,1,8,VAPRSYGEPKZLNA-UHFFFAOYNA-N,-6.942
PPARG,c_ILE341,mut_s1,detail,1,9,FJWTZYYUIYSFDV-NDKGDYFDNA-N,-6.433
PPARG,c_ILE341,mut_s1,detail,1,10,JSIXJSFAHZREEV-YHMJCDSINA-N,-6.684
PPARG,c_ILE341,mut_s1,detail,1,11,BGSXHNNWYPKQIQ-VEWCPZSHNA-N,-7.256
PPARG,c_ILE341,mut_s1,detail,1,12,ANJUUMLKPZLRGR-GPQMBLKYNA-N,-7.482
PPARG,c_ILE341,mut_s1,detail,1,13,WVDDMJTWFGHTGZ-VMPITWQZNA-N,-7.321
PPARG,c_ILE341,mut_s1,detail,1,14,OSFGHYZLBDAJTP-LILDFLRNNA-N,-9.052
PPARG,c_ILE341,mut_s1,detail,1,15,TZSPGMKSRHWUBZ-UHFFFAOYNA-N,-7.342
PPARG,c_ILE341,mut_s1,detail,1,16,RJNMLHBOHSQLDU-UHFFFAOYNA-N,-6.287
PPARG,c_ILE341,mut_s1,detail,1,17,HPGOEMWDBCJDOY-LILDFLRNNA-N,-7.909
PPARG,c_ILE341,mut_s1,detail,1,18,ANIAQSUBRGXWLS-UHFFFAOYNA-N,-5.376
PPARG,c_ILE341,mut_s1,detail,1,19,XHPTXSLPPJQCFM-UOUMIGKDNA-N,-7.834
PPARG,c_ILE341,mut_s1,detail,1,20,OYUMERJRBPSDQK-UHFFFAOYNA-N,-8.595
PPARG,c_ILE341,mut_s1,detail,1,21,RHCPJGMOPIMKFS-UHFFFAOYNA-N,-6.683
PPARG,c_ILE341,mut_s1,detail,1,22,GQCRCQLETCLZLO-NDKGDYFDNA-N,-6.453
PPARG,c_ILE341,mut_s1,detail,1,23,HDTRJGVVKZGWQZ-UHFFFAOYNA-N,-7.689
PPARG,c_ILE341,mut_s1,detail,1,24,PODSUWFXVDWCHZ-YAQRNVERNA-N,-7.389
PPARG,c_ILE341,mut_s1,detail,1,25,XOQICXJZZWXQDG-SDNWHVSQNA-N,-7.677
PPARG,c_ILE341,mut_s1,detail,1,26,LRQZMRHGRBHVRW-BLHHFWFONA-N,-7.082
PPARG,c_ILE341,mut_s1,detail,1,27,INRDHPFHGNGCCW-UHFFFAOYNA-N,-7.798
PPARG,c_ILE341,mut_s1,detail,1,28,WIRZCAWOMABORR-HCKMINDGNA-N,-7.686
PPARG,c_ILE341,mut_s1,detail,1,29,ISHXVBNQBLMUMA-XAASJSMPNA-N,-8.077
PPARG,c_ILE341,mut_s1,detail,1,30,ZVAZVKMDCRYPAQ-UHFFFAOYNA-N,-6.258
PPARG,c_ILE341,mut_s1,detail,1,31,OJGDCBLYJGHCIH-UHFFFAOYNA-N,-7.338
PPARG,c_ILE341,mut_s1,detail,1,32,HUJQOHMOYGRIRS-WYCIUFAENA-N,-7.69
PPARG,c_ILE341,mut_s1,detail,1,33,IXOFYFZRTXYNDM-HCKMINDGNA-N,-7.848
PPARG,c_ILE341,mut_s1,detail,1,34,RBMMHDHXQQMEMH-UHFFFAOYNA-N,-7.099
PPARG,c_ILE341,mut_s1,detail,1,35,CFFGWJLHGOSOHF-AHPDCHJINA-N,-6.671
PPARG,c_ILE341,mut_s1,detail,1,36,FFPAFAKDJLEUSC-YHMJCDSINA-N,-6.391
PPARG,c_ILE341,mut_s1,detail,1,37,ULEATUCPMCKRAM-IRXDYDNUNA-N,-7.569
PPARG,c_ILE341,mut_s1,detail,1,38,SUSPKFCOAROGEI-UHFFFAOYNA-N,-6.416
PPARG,c_ILE341,mut_s1,detail,1,39,ILOLPXFRSGURQA-HCKMINDGNA-N,-7.735
PPARG,c_ILE341,mut_s1,detail,1,40,LAHNGPIIMDWGRL-UHFFFAOYNA-N,-8.387
PPARG,c_ILE341,mut_s1,detail,1,41,PONNWXFCUBXOFS-UHFFFAOYNA-N,-8.073
PPARG,c_ILE341,mut_s1,detail,1,42,NGPUMDFMDVHJTF-XMHGGMMENA-N,-6.488
PPARG,c_ILE341,mut_s1,detail,1,43,GKVFCYBLNULLCL-YGPBECBDNA-N,-6.432
PPARG,c_ILE341,mut_s1,detail,1,44,FZPYMNOBFYWKFC-UHFFFAOYNA-N,-7.224
PPARG,c_ILE341,mut_s1,detail,1,45,CPJICALSLDLRJP-LILDFLRNNA-N,-7.863
PPARG,c_ILE341,mut_s1,detail,1,46,RAVBBDYGFXMBKB-GAJRPKRDNA-N,-6.979
PPARG,c_ILE341,mut_s1,detail,1,47,NCUWRDDNNJFMAS-UHFFFAOYNA-N,-8.084
PPARG,c_ILE341,mut_s1,detail,1,48,VDNBWTVXZDOUIG-PKSOQXRJNA-N,-7.906
PPARG,c_ILE341,mut_s1,detail,1,49,WYMKISIWQJPKOC-UHFFFAOYNA-N,-6.918
PPARG,c_ILE341,mut_s1,detail,1,50,VTCXXKFOLLSYCU-UHFFFAOYNA-N,-6.731
PPARG,c_ILE341,mut_s1,detail,1,51,BSLAOCJVMOGUKX-VHOFBASHNA-N,-7.338
PPARG,c_ILE341,mut_s1,detail,1,52,RZUVVWWNGGXUBI-GPQMBLKYNA-N,-8.711
PPARG,c_ILE341,mut_s1,detail,1,53,YLYYXIMYACYRSP-UYBDAZJANA-N,-6.55
PPARG,c_ILE341,mut_s1,detail,1,54,PHRXHZRDJNSXDF-QHCBTKRXNA-N,-7.445
PPARG,c_ILE341,mut_s1,detail,1,55,ABQUFQQMQCPHOH-NCWAPJAINA-N,-7.433
PPARG,c_ILE341,mut_s1,detail,1,56,FKIFGIZHFPIJND-GQAOMWGXNA-N,-6.587
PPARG,c_ILE341,mut_s1,detail,1,57,NHZFGROUVFTJAK-WYUMXYHSNA-N,-7.898
PPARG,c_ILE341,mut_s1,detail,1,58,RTJPLJJBIWFNSZ-UHFFFAOYNA-N,-7.55
PPARG,c_ILE341,mut_s1,detail,1,59,ZJRUXQBLSMYTIS-DXMPFREMNA-N,-7.566
PPARG,c_ILE341,mut_s1,detail,1,60,UYVIFQIPPPRZJF-QWOVJGMINA-N,-7.398
PPARG,c_ILE341,mut_s1,detail,1,61,WYTBYQZYJIGCBO-LILDFLRNNA-N,-8.197
PPARG,c_ILE341,mut_s1,detail,1,62,KKWWDIPRICACPS-GPQMBLKYNA-N,-6.904
PPARG,c_ILE341,mut_s1,detail,1,63,NZRHOWNFGASHMN-ZHLVXTBQNA-N,-7.245
PPARG,c_ILE341,mut_s1,detail,1,64,MGSGKNKREAYFRZ-UHFFFAOYNA-N,-8.101
PPARG,c_ILE341,mut_s1,detail,1,65,QTIJDOJTNOHQTC-WQGACYEGNA-N,-6.878
PPARG,c_ILE341,mut_s1,detail,1,66,ZHRVXEKEOMUAJO-PKSOQXRJNA-N,-8.919
PPARG,c_ILE341,mut_s1,detail,1,67,AJEULKUYXOLHDN-DVIAZDKANA-N,-8.603
PPARG,c_ILE341,mut_s1,detail,1,68,MGNZRUQLGFVWLY-UHFFFAOYNA-N,-8.321
PPARG,c_ILE341,mut_s1,detail,1,69,OHIMIXUWTWBDBR-UHFFFAOYNA-N,-7.993
PPARG,c_ILE341,mut_s1,detail,1,70,RFEGKAVABNLRHW-WYUMXYHSNA-N,-8.384
PPARG,c_ILE341,mut_s1,detail,1,71,OVDZZJAUKDINIY-SGTLLEGYNA-N,-7.82
PPARG,c_ILE341,mut_s1,detail,1,72,FIGONFGVGMSPID-MPIMZMORNA-N,-8.866
PPARG,c_ILE341,mut_s1,detail,1,73,DSSHOSHLYKWNRQ-UHFFFAOYNA-N,-7.351
PPARG,c_ILE341,mut_s1,detail,1,74,PKDGFUYVUYOZFK-UHFFFAOYNA-N,-8.366
PPARG,c_ILE341,mut_s1,detail,1,75,FSDOAOAVZVMAGE-RRORKGOJNA-N,-7.127
PPARG,c_ILE341,mut_s1,detail,1,76,SKYAUASQUBDEOI-LHJMZCQGNA-N,-7.026
PPARG,c_ILE341,mut_s1,detail,1,77,RRRYPJNSMOUEOE-XBTAAFKLNA-N,-9.114
PPARG,c_ILE341,mut_s1,detail,1,78,LNQOCSSUUUJFLY-BNKWAMQHNA-N,-8.625
PPARG,c_ILE341,mut_s1,detail,1,79,IQVUWJZWHCFIBG-UYBDAZJANA-N,-7.207
PPARG,c_ILE341,mut_s1,detail,1,80,FECVWTWBRSSNCK-XBTAAFKLNA-N,-9.88
PPARG,c_ILE341,mut_s1,detail,1,81,USDYHKNHMGVDHS-UYBDAZJANA-N,-7.131
PPARG,c_ILE341,mut_s1,detail,1,82,ZVJAHPKIYVGDHR-ILXRZTDVNA-N,-7.064
PPARG,c_ILE341,mut_s1,detail,1,83,AGWWZCICEUHAPF-UHFFFAOYNA-N,-9.398
PPARG,c_ILE341,mut_s1,detail,1,84,SIFYPHRKPXWEFL-UHFFFAOYNA-N,-8.221
PPARG,c_ILE341,mut_s1,detail,1,85,CCBDIYWTNHRYSF-GPQMBLKYNA-N,-8.177
PPARG,c_ILE341,mut_s1,detail,1,86,QZJYCFURESLRJX-UHFFFAOYNA-N,-7.487
PPARG,c_ILE341,mut_s1,detail,1,87,KDGSVHGIVBVYFE-SIKSZQSZNA-N,-8.025
PPARG,c_ILE341,mut_s1,detail,1,88,KAVCMDDCFVWLGH-DCYBUDGMNA-N,-8.712
PPARG,c_ILE341,mut_s1,detail,1,89,QTJDEJXKPAATAY-LILDFLRNNA-N,-8.912
PPARG,c_ILE341,mut_s1,detail,1,90,DCCNEGBQLUHRSI-UHFFFAOYNA-N,-6.11
PPARG,c_ILE341,mut_s1,detail,1,91,VUCQKRJVSPHODJ-UHFFFAOYNA-N,-8.072
PPARG,c_ILE341,mut_s1,detail,1,92,XCNTYAMCOLKFEW-UHFFFAOYNA-N,-6.426
PPARG,c_ILE341,mut_s1,detail,1,93,MLPVFRGFZVZNOZ-ODUIGABRNA-N,-7.814
PPARG,c_ILE341,mut_s1,detail,1,94,JXNGVLIPVYLXLZ-PKSOQXRJNA-N,-7.741
PPARG,c_ILE341,mut_s1,detail,1,95,GWICPGWJQQUMKG-UHFFFAOYNA-N,-7.976
PPARG,c_ILE341,mut_s1,detail,1,96,LEDHQUJDAQVDJK-UHFFFAOYNA-N,-8.132
PPARG,c_ILE341,mut_s1,detail,1,97,BJKUVAVJXSIUGS-UYBDAZJANA-N,-6.956
PPARG,c_ILE341,mut_s1,detail,1,98,QXIDHQKQNQWYQW-ORVKFNBTNA-N,-8.675
PPARG,c_ILE341,mut_s1,detail,1,99,VXNGWYZIFXWTDN-PKSOQXRJNA-N,-7.24
PPARG,c_ILE341,mut_s1,detail,1,100,UBFYNRRQFOKQOE-QWOVJGMINA-N,-7.507
PPARG,c_ILE341,mut_s1,detail,1,101,PKPIHOLUWUTPLW-GKKCOONHNA-N,-8.954
PPARG,c_ILE341,mut_s1,detail,1,102,CNYQZGODPRSIFM-LILDFLRNNA-N,-8.026
PPARG,c_ILE341,mut_s1,detail,1,103,OGPHEDOMLIUGFJ-UYBDAZJANA-N,-9.13
PPARG,c_ILE341,mut_s1,detail,1,104,FHOIWEHXSFDGEX-MPIMZMORNA-N,-8.997
PPARG,c_ILE341,mut_s1,detail,1,105,QOIGKGMMAGJZNZ-UHFFFAOYNA-N,-8.374
PPARG,c_ILE341,mut_s1,detail,1,106,DJJKBSKVSXPDMW-XFDRBGHPNA-N,-8.34
PPARG,c_ILE341,mut_s1,detail,1,107,MQVHNCCMPYINIB-GPQMBLKYNA-N,-8.075
PPARG,c_ILE341,mut_s1,detail,1,108,QJBDKSNVJPPLMZ-UYBDAZJANA-N,-8.506
PPARG,c_ILE341,mut_s1,detail,1,109,NEOVEBXUPVDKIZ-PDJAEHLQNA-N,-8.092
PPARG,c_ILE341,mut_s1,detail,1,110,UBMHUOWYROYDAE-MPIMZMORNA-N,-8.139
PPARG,c_ILE341,mut_s1,detail,1,111,NCOQSZVFPAPDPY-MPIMZMORNA-N,-9.285
PPARG,c_ILE341,mut_s1,detail,1,112,IWKDSKQEBMNILM-SFHVURJKNA-N,-7.958
PPARG,c_ILE341,mut_s1,detail,1,113,FYHIZSWDWJOYBD-UHFFFAOYNA-N,-6.689
PPARG,c_ILE341,mut_s1,detail,1,114,CODIBUDSZRMNBU-VVKINWOJNA-N,-8.065
PPARG,c_ILE341,mut_s1,detail,1,115,FSBYPVHAUHIHDK-HYTOZLCFNA-N,-7.496
PPARG,c_ILE341,mut_s1,detail,1,116,IBLBSVRDXNEHCF-UYBDAZJANA-N,-8.962
PPARG,c_ILE341,mut_s1,detail,1,117,YIVFLWLUPIAQNG-MPIMZMORNA-N,-8.357
PPARG,c_ILE341,mut_s1,detail,1,118,OKBASBXKPLMJNO-PKSOQXRJNA-N,-7.858
PPARG,c_ILE341,mut_s1,detail,1,119,CKUZXDONSHPFEU-UHFFFAOYNA-N,-7.003
PPARG,c_ILE341,mut_s1,detail,1,120,FZVOSFJDUXXRFB-LQFNOIFHNA-N,-9.417
PPARG,c_ILE341,mut_s1,detail,1,121,ATWQGOUWTPWHOB-MPIMZMORNA-N,-7.044
PPARG,c_ILE341,mut_s1,detail,1,122,SWTXEVDFRXLPBO-LILDFLRNNA-N,-8.365
PPARG,c_ILE341,mut_s1,detail,1,123,XKKZGDBDLSLGEV-UHFFFAOYNA-N,-7.688
PPARG,c_ILE341,mut_s1,detail,1,124,YOIVLKBZTXOSAW-UHFFFAOYNA-N,-7.538
PPARG,c_ILE341,mut_s1,detail,1,125,MTNDVCNEIIJXQO-LILDFLRNNA-N,-8.496
PPARG,c_ILE341,mut_s1,detail,1,126,VRVOWSSSYICXBN-UHFFFAOYNA-N,-7.766
PPARG,c_ILE341,mut_s1,detail,1,127,YWMOOGZLZREJIF-LILDFLRNNA-N,-6.072
PPARG,c_ILE341,mut_s1,detail,1,128,GBDSDSSPYNQXEN-LQFNOIFHNA-N,-9.208
PPARG,c_ILE341,mut_s1,detail,1,129,WEGCLMSBIIWPKX-HXTKINSTNA-N,-8.062
PPARG,c_ILE341,mut_s1,detail,1,130,KWIMDTZYIABOPE-XBXBPLPCNA-N,-9.09
PPARG,c_ILE341,mut_s1,detail,1,131,PTYKTEYVZUVZBD-LQFNOIFHNA-N,-9.889
PPARG,c_ILE341,mut_s1,detail,1,132,IDUARCWXOZVBJC-UHFFFAOYNA-N,-7.763
PPARG,c_ILE341,mut_s1,detail,1,133,SVHQAQMZYYTKBZ-QIFDKBNDNA-N,-6.868
PPARG,c_ILE341,mut_s1,detail,1,134,OKUWPICMSLXCLZ-ZBJSNUHENA-N,-7.646
PPARG,c_ILE341,mut_s1,detail,1,135,BGESRTVIDMTTHW-MPIMZMORNA-N,-9.141
PPARG,c_ILE341,mut_s1,detail,1,136,RDLHVRFBBSKBMX-UHFFFAOYNA-N,-7.783
PPARG,c_ILE341,mut_s1,detail,1,137,UHKNPVYNTQTWBT-LELJVTLKNA-N,-8.084
PPARG,c_ILE341,mut_s1,detail,1,138,LKOQAWXJCPYWSX-SMCUVTTANA-N,-8.093
PPARG,c_ILE341,mut_s1,detail,1,139,RGTZPMQQOVPWHT-UHFFFAOYNA-N,-8.314
PPARG,c_ILE341,mut_s1,detail,1,140,MPGXBEHIWDZYTG-JRAHLMCZNA-N,-7.488
PPARG,c_ILE341,mut_s1,detail,1,141,YSGONLQAXXDANF-HXTKINSTNA-N,-9.572
PPARG,c_ILE341,mut_s1,detail,1,142,ILADCPXUSGZMCO-LNNLXFCONA-N,-8.011
PPARG,c_ILE341,mut_s1,detail,1,143,WHISBCGJLLBHTQ-LELJVTLKNA-N,-7.658
PPARG,c_ILE341,mut_s1,detail,1,144,FQUQVJCZFGUICL-PZJWPPBQNA-N,-8.522
PPARG,c_ILE341,mut_s1,detail,1,145,PVZFRDICDBVJBC-MPIMZMORNA-N,-7.133
PPARG,c_ILE341,mut_s1,detail,1,146,WUQZEVWHZRAQLY-UHFFFAOYNA-N,-8.883
PPARG,c_ILE341,mut_s1,detail,1,147,PDYDBFOSJUATJC-LELJVTLKNA-N,-9.209
PPARG,c_ILE341,mut_s1,detail,1,148,XFTGZOIRMLTALR-UHFFFAOYNA-N,-9.596
PPARG,c_ILE341,mut_s1,detail,1,149,CPWFSRVCXOETRU-XYFPIJJGNA-N,-8.361
PPARG,c_ILE341,mut_s1,detail,1,150,SAFXYJWXQPZDKB-ZNVTXRBFNA-N,-8.661
PPARG,c_ILE341,mut_s1,detail,1,151,SWLAVROBGRTKAO-LQFNOIFHNA-N,-10.218
PPARG,c_ILE341,mut_s1,detail,1,152,OJFUHLOGAMKMDM-UHFFFAOYNA-N,-8.437
PPARG,c_ILE341,mut_s1,detail,1,153,YPDNVRDMMKZNIG-PJXJJTHHNA-N,-8.532
PPARG,c_ILE341,mut_s1,detail,1,154,LPYDZAPPGTYNGQ-UHFFFAOYNA-N,-9.618
PPARG,c_ILE341,mut_s1,detail,1,155,CXIGBATZIXWVIX-HXTKINSTNA-N,-9.162
PPARG,c_ILE341,mut_s1,detail,1,156,RXPVTNMMNZNKSW-LNNLXFCONA-N,-8.829
PPARG,c_ILE341,mut_s1,detail,1,157,YYDGAWIITBZHPX-UHFFFAOYNA-N,-7.204
PPARG,c_ILE341,mut_s1,detail,1,158,CHUNHRFIWQZFCI-UHFFFAOYNA-N,-8.798
PPARG,c_ILE341,mut_s1,detail,1,159,JDUBGYFRJFOXQC-YCIVUMDCNA-N,-7.312
PPARG,c_ILE341,mut_s1,detail,1,160,MMXCRHIOXQKQPT-LQFNOIFHNA-N,-8.278
PPARG,c_ILE341,mut_s1,detail,1,161,VBENHRFIEOLOJJ-JKZKCNJSNA-N,-7.955
PPARG,c_ILE341,mut_s1,detail,1,162,VPTBWCCSBQRUTD-UHFFFAOYNA-N,-7.968
PPARG,c_ILE341,mut_s1,detail,1,163,WOWAHNXJUPSVDR-LNNLXFCONA-N,-10.17
PPARG,c_ILE341,mut_s1,detail,1,164,WRLLXWRAXRGFBQ-GFQURNRHNA-N,-7.431
PPARG,c_ILE341,mut_s1,detail,1,165,QUUJCYCJKQGYDU-UHFFFAOYNA-N,-6.188
PPARG,c_ILE341,mut_s1,detail,1,166,LWILODJXIVFMKQ-LNNLXFCONA-N,-9.718
PPARG,c_ILE341,mut_s1,detail,1,167,PVBTXZKRTQKXBX-MRSUPTMINA-N,-8.192
PPARG,c_ILE341,mut_s1,detail,1,168,OWYLOIDRWNJCEP-HXUWFJFHNA-N,-8.056
PPARG,c_ILE341,mut_s1,detail,1,169,JOZFRLZUNYNYED-PJQSKVNONA-N,-7.718
PPARG,c_ILE341,mut_s1,detail,1,170,HMQKHGHCACYDGB-UHFFFAOYNA-N,-8.689
PPARG,c_ILE341,mut_s1,detail,1,171,SCHAXPQHOGRLLW-MPIMZMORNA-N,-7.898
PPARG,c_ILE341,mut_s1,detail,1,172,YNGDNNRFKXZELP-BDGWVKIONA-N,-8.024
PPARG,c_ILE341,mut_s1,detail,1,173,XETTWDXILVAWCB-UHFFFAOYNA-N,-7.739
PPARG,c_ILE341,mut_s1,detail,1,174,XXKBFOAMRLTPJL-UHFFFAOYNA-N,-6.892
PPARG,c_ILE341,mut_s1,detail,1,175,TXOXXECOMBAZKB-ZVNAXFNBNA-N,-8.451
PPARG,c_ILE341,mut_s1,detail,1,176,KUFKSMPOXHUGOB-QWOVJGMINA-N,-8.52
PPARG,c_ILE341,mut_s1,detail,1,177,SEHKNXHOUKJSIO-LNNLXFCONA-N,-9.535
PPARG,c_ILE341,mut_s1,detail,1,178,GMMNPCWBYMCYDQ-MPIMZMORNA-N,-8.914
PPARG,c_ILE341,mut_s1,detail,1,179,KEGZEHANNYRNOK-UHFFFAOYNA-N,-8.878
PPARG,c_ILE341,mut_s1,detail,1,180,GBJZQLYNRDBGTL-UHFFFAOYNA-N,-7.445
PPARG,c_ILE341,mut_s1,detail,1,181,UMFUNPLMLVDNME-INIZCTEONA-N,-8.709
PPARG,c_ILE341,mut_s1,detail,1,182,VPYOVNHGFLPMHX-ORVKFNBTNA-N,-8.08
PPARG,c_ILE341,mut_s1,detail,1,183,OQXGEGPDPXAQRC-UHFFFAOYNA-N,-7.74
PPARG,c_ILE341,mut_s1,detail,1,184,ZWOHSJYESLDLLT-AXIOFXGANA-N,-7.053
PPARG,c_ILE341,mut_s1,detail,1,185,NLUWXHFWWSAGMP-LNNLXFCONA-N,-8.907
PPARG,c_ILE341,mut_s1,detail,1,186,NBQDTLQFRAMAMQ-PDJAEHLQNA-N,-8.704
PPARG,c_ILE341,mut_s1,detail,1,187,VKYYUIDNHOUPGY-MPIMZMORNA-N,-9.663
PPARG,c_ILE341,mut_s1,detail,1,188,JHAMDJLHPSYECA-HXTKINSTNA-N,-8.693
PPARG,c_ILE341,mut_s1,detail,1,189,YUXCKESVZUAENN-LQFNOIFHNA-N,-8.754
PPARG,c_ILE341,mut_s1,detail,1,190,VOADUCNXWYAILJ-BOSVZZMWNA-N,-8.066
PPARG,c_ILE341,mut_s1,detail,1,191,YOCNRNBEVZABNA-AVGNRJKVNA-O,-8.119
PPARG,c_ILE341,mut_s1,detail,1,192,QGPIYZBUSYLXQT-UHFFFAOYNA-N,-9.278
PPARG,c_ILE341,mut_s1,detail,1,193,ALIRNZFSPVRFPC-QDIHOGQBNA-N,-10.233
PPARG,c_ILE341,mut_s1,detail,1,194,ZVFXYTPNPFXBNK-LELJVTLKNA-N,-7.571
PPARG,c_ILE341,mut_s1,detail,1,195,VYHWCJWNQFIBGN-CRFSQNOJNA-N,-8.581
PPARG,c_ILE341,mut_s1,detail,1,196,OGTQHYNUUOXINS-BKWRVFRZNA-N,-7.473
PPARG,c_ILE341,mut_s1,detail,1,197,UVYVJQFOXZDFLB-QDIHOGQBNA-N,-9.205
PPARG,c_ILE341,mut_s1,detail,1,198,OKBCXQJLCMYJOC-UHFFFAOYNA-N,-8.342
PPARG,c_ILE341,mut_s1,detail,1,199,UNUQJGDVJMRMAL-LBOYIXSDNA-N,-8.984
PPARG,c_ILE341,mut_s1,detail,1,200,AYOFFOZNXNLQIO-UHFFFAOYNA-N,-7.932
PPARG,c_ILE341,mut_s1,detail,1,201,XSCHYHFIQNFPFK-VJSLDGLSNA-N,-7.459
PPARG,c_ILE341,mut_s1,detail,1,202,JTLSDSKNFBJVAB-CAXFFFRFNA-N,-8.476
PPARG,c_ILE341,mut_s1,detail,1,203,DTRCHIYQUYRTQL-ARSKLOKFNA-N,-6.312
PPARG,c_ILE341,mut_s1,detail,1,204,HHCWBKAHPBAUDS-LBOYIXSDNA-N,-8.986
PPARG,c_ILE341,mut_s1,detail,1,205,SQFXMWLUFDMDIG-LBOYIXSDNA-N,-8.85
PPARG,c_ILE341,mut_s1,detail,1,206,DAAUKUQYGMNNAH-ZUKIQNPFNA-N,-9.306
PPARG,c_ILE341,mut_s1,detail,1,207,POLXUFYBMIRDEG-UHFFFAOYNA-N,-8.653
PPARG,c_ILE341,mut_s1,detail,1,208,HAQNCPOGRFKYNP-WNTKXCTINA-N,-9.105
PPARG,c_ILE341,mut_s1,detail,1,209,CQWFJACPUQVVQZ-UHFFFAOYNA-N,-7.582
PPARG,c_ILE341,mut_s1,detail,1,210,DPMMEOUVESBMSC-ZENAZSQFNA-N,-8.82
PPARG,c_ILE341,mut_s1,detail,1,211,SWRYMOBQOOSZGE-LFJJEMAGNA-N,-10.543
PPARG,c_ILE341,mut_s1,detail,1,212,VJTYYKXVGAQBPX-BGYRXZFFNA-N,-7.994
PPARG,c_ILE341,mut_s1,detail,1,213,BWCCBKUPFRNBAM-QBBGPZPNNA-N,-9.619
PPARG,c_ILE341,mut_s1,detail,1,214,LNHIEYLABBPNKJ-HXTKINSTNA-N,-8.927
PPARG,c_ILE341,mut_s1,detail,1,215,URPWVRUGSFROGL-IWCCUHEHNA-N,-7.937
PPARG,c_ILE341,mut_s1,detail,1,216,VVHGIVKRWDSJFH-HXTKINSTNA-N,-10.023
PPARG,c_ILE341,mut_s1,detail,1,217,SXHIZYRFWJFSEN-WUSLAWIHNA-N,-8.644
PPARG,c_ILE341,mut_s1,detail,1,218,CNHPXUMQURIPRN-UHFFFAOYNA-N,-9.606
PPARG,c_ILE341,mut_s1,detail,1,219,SGUIKZIYGVGMML-UHFFFAOYNA-N,-8.757
PPARG,c_ILE341,mut_s1,detail,1,220,DEVOTYUCWQFKBI-SREBMQDQNA-N,-10.488
PPARG,c_ILE341,mut_s1,detail,1,221,HGLIGFILENTPME-YQIREZNHNA-N,-9.572
PPARG,c_ILE341,mut_s1,detail,1,222,TYJWHVJYDSKQKB-UHFFFAOYNA-N,-8.653
PPARG,c_ILE341,mut_s1,detail,1,223,KOZFSFOOLUUIGY-NHZRFLDCNA-N,-9.009
PPARG,c_ILE341,mut_s1,detail,1,224,IVUDLYCHNURAOH-INNNKKOMNA-N,-7.547
PPARG,c_ILE341,mut_s1,detail,1,225,KDGUWZZCFXNBKJ-UHFFFAOYNA-N,-6.336
PPARG,c_ILE341,mut_s1,detail,1,226,DTVVSEVQQLRJMR-ZIFUYXECNA-N,-8.271
PPARG,c_ILE341,mut_s1,detail,1,227,MUDPTEIPVZCOGV-UHFFFAOYNA-N,-9.516
PPARG,c_ILE341,mut_s1,detail,1,228,IFHBUYGFCSEHIF-OKPOJWAQNA-N,-9.367
PPARG,c_ILE341,mut_s1,detail,1,229,CRKWKHJABOJVAY-SKKVRFOWNA-N,-8.596
PPARG,c_ILE341,mut_s1,detail,1,230,DXEPONXIBPHOTN-ZJLLOKRPNA-N,-8.236
PPARG,c_ILE341,mut_s1,detail,1,231,ULXBTCAXCQWKDE-UHFFFAOYNA-N,-9.437
PPARG,c_ILE341,mut_s1,detail,1,232,WJHXPQKEBQOSHE-HXTKINSTNA-N,-8.401
PPARG,c_ILE341,mut_s1,detail,1,233,KRFOOEYNOKIXRO-PKRZOPRNNA-N,-9.591
PPARG,c_ILE341,mut_s1,detail,1,234,BQPRGAIDSWVYAW-LELJVTLKNA-N,-8.541
PPARG,c_ILE341,mut_s1,detail,1,235,YRMKMEPMFOFXGH-LELJVTLKNA-N,-8.283
PPARG,c_ILE341,mut_s1,detail,1,236,OOPGLCWBUZVAMU-CSODHUTKNA-N,-7.728
PPARG,c_ILE341,mut_s1,detail,1,237,ABMSGZYILANGCA-HXTKINSTNA-N,-8.342
PPARG,c_ILE341,mut_s1,detail,1,238,PTAKEHSCNRJTCJ-UHFFFAOYNA-N,-8.406
PPARG,c_ILE341,mut_s1,detail,1,239,HOXYGIWZMBSLPN-TWPXYFCBNA-N,-9.305
PPARG,c_ILE341,mut_s1,detail,1,240,XKHSVUSPZVNCOT-VWSSANQENA-N,-6.434
PPARG,c_ILE341,mut_s1,detail,1,241,XONRVXOEJMEUIV-UHFFFAOYNA-N,-8.676
PPARG,c_ILE341,mut_s1,detail,1,242,RJVLVZUXYHWKDL-KIKCKTDGNA-N,-8.858
PPARG,c_ILE341,mut_s1,detail,1,243,QFJGVFMADWIIMK-BDGWVKIONA-N,-8.459
PPARG,c_ILE341,mut_s1,detail,1,244,SCZNNLLAHVLZMK-HXTKINSTNA-N,-9.712
PPARG,c_ILE341,mut_s1,detail,1,245,OBFAALRUGGJRGU-PKRZOPRNNA-N,-7.306
PPARG,c_ILE341,mut_s1,detail,1,246,PBDIAJYRAMOINO-WFOUAHBYNA-N,-7.948
PPARG,c_ILE341,mut_s1,detail,1,247,NAMSGSSCIKIOGU-UHFFFAOYNA-N,-9.53
PPARG,c_ILE341,mut_s1,detail,1,248,GJTMJMUIFFQIQN-BQVZJPQVNA-N,-8.56
PPARG,c_ILE341,mut_s1,detail,1,249,FHHOEGKZVIYWLM-PKRZOPRNNA-N,-8.327
PPARG,c_ILE341,mut_s1,detail,1,250,LWSUSTXYIGVJTM-DDTQQWOSNA-N,-8.95
PPARG,c_ILE341,mut_s1,detail,1,251,VAXBUDASTPYURF-YIOWICSRNA-N,-9.285
PPARG,c_ILE341,mut_s1,detail,1,252,JHBVXZXFCJIAJZ-CUCLJGHLNA-N,-10.188
PPARG,c_ILE341,mut_s1,detail,1,253,XASICACCYVTJDX-UHFFFAOYNA-N,-10.021
PPARG,c_ILE341,mut_s1,detail,1,254,FRWAWZNXORYJGK-UHFFFAOYNA-N,-9.389
PPARG,c_ILE341,mut_s1,detail,1,255,YVEPCRMWSAAWMS-BHOFNQNONA-N,-9.689
PPARG,c_PHE282,mut_s1,detail,1,0,OLBYFEGTUWWPTR-FYWRMAATNA-N,-7.336
PPARG,c_PHE282,mut_s1,detail,1,1,SPGYFZIJBSMMEN-UHFFFAOYNA-N,-7.861
PPARG,c_PHE282,mut_s1,detail,1,2,DKKGRNTXCNVFPV-DZQCGVKKNA-N,-7.97
PPARG,c_PHE282,mut_s1,detail,1,3,KCOKHEIACSQLBQ-PCLSHUPZNA-N,-7.674
PPARG,c_PHE282,mut_s1,detail,1,4,XXMDURVCJMZNFC-UHFFFAOYNA-N,-8.141
PPARG,c_PHE282,mut_s1,detail,1,5,XNGWBIOXTHPDBE-UHFFFAOYNA-N,-6.224
PPARG,c_PHE282,mut_s1,detail,1,6,FMLKTYPTZQDWCZ-WYUMXYHSNA-N,-7.972
PPARG,c_PHE282,mut_s1,detail,1,7,BQCYOKUETBHDKF-UHFFFAOYNA-N,-8.3
PPARG,c_PHE282,mut_s1,detail,1,8,VAPRSYGEPKZLNA-UHFFFAOYNA-N,-6.654
PPARG,c_PHE282,mut_s1,detail,1,9,FJWTZYYUIYSFDV-NDKGDYFDNA-N,-6.213
PPARG,c_PHE282,mut_s1,detail,1,10,JSIXJSFAHZREEV-YHMJCDSINA-N,-6.678
PPARG,c_PHE282,mut_s1,detail,1,11,BGSXHNNWYPKQIQ-VEWCPZSHNA-N,-8.255
PPARG,c_PHE282,mut_s1,detail,1,12,ANJUUMLKPZLRGR-GPQMBLKYNA-N,-7.068
PPARG,c_PHE282,mut_s1,detail,1,13,WVDDMJTWFGHTGZ-VMPITWQZNA-N,-6.915
PPARG,c_PHE282,mut_s1,detail,1,14,OSFGHYZLBDAJTP-LILDFLRNNA-N,-8.899
PPARG,c_PHE282,mut_s1,detail,1,15,TZSPGMKSRHWUBZ-UHFFFAOYNA-N,-7.518
PPARG,c_PHE282,mut_s1,detail,1,16,RJNMLHBOHSQLDU-UHFFFAOYNA-N,-6.679
PPARG,c_PHE282,mut_s1,detail,1,17,HPGOEMWDBCJDOY-LILDFLRNNA-N,-7.604
PPARG,c_PHE282,mut_s1,detail,1,18,ANIAQSUBRGXWLS-UHFFFAOYNA-N,-5.571
PPARG,c_PHE282,mut_s1,detail,1,19,XHPTXSLPPJQCFM-UOUMIGKDNA-N,-8.068
PPARG,c_PHE282,mut_s1,detail,1,20,OYUMERJRBPSDQK-UHFFFAOYNA-N,-8.349
PPARG,c_PHE282,mut_s1,detail,1,21,RHCPJGMOPIMKFS-UHFFFAOYNA-N,-6.744
PPARG,c_PHE282,mut_s1,detail,1,22,GQCRCQLETCLZLO-NDKGDYFDNA-N,-6.522
PPARG,c_PHE282,mut_s1,detail,1,23,HDTRJGVVKZGWQZ-UHFFFAOYNA-N,-7.625
PPARG,c_PHE282,mut_s1,detail,1,24,PODSUWFXVDWCHZ-YAQRNVERNA-N,-8.049
PPARG,c_PHE282,mut_s1,detail,1,25,XOQICXJZZWXQDG-SDNWHVSQNA-N,-7.392
PPARG,c_PHE282,mut_s1,detail,1,26,LRQZMRHGRBHVRW-BLHHFWFONA-N,-7.378
PPARG,c_PHE282,mut_s1,detail,1,27,INRDHPFHGNGCCW-UHFFFAOYNA-N,-8.275
PPARG,c_PHE282,mut_s1,detail,1,28,WIRZCAWOMABORR-HCKMINDGNA-N,-7.345
PPARG,c_PHE282,mut_s1,detail,1,29,ISHXVBNQBLMUMA-XAASJSMPNA-N,-8.245
PPARG,c_PHE282,mut_s1,detail,1,30,ZVAZVKMDCRYPAQ-UHFFFAOYNA-N,-6.407
PPARG,c_PHE282,mut_s1,detail,1,31,OJGDCBLYJGHCIH-UHFFFAOYNA-N,-7.022
PPARG,c_PHE282,mut_s1,detail,1,32,HUJQOHMOYGRIRS-WYCIUFAENA-N,-7.289
PPARG,c_PHE282,mut_s1,detail,1,33,IXOFYFZRTXYNDM-HCKMINDGNA-N,-7.711
PPARG,c_PHE282,mut_s1,detail,1,34,RBMMHDHXQQMEMH-UHFFFAOYNA-N,-7.138
PPARG,c_PHE282,mut_s1,detail,1,35,CFFGWJLHGOSOHF-AHPDCHJINA-N,-6.447
PPARG,c_PHE282,mut_s1,detail,1,36,FFPAFAKDJLEUSC-YHMJCDSINA-N,-6.978
PPARG,c_PHE282,mut_s1,detail,1,37,ULEATUCPMCKRAM-IRXDYDNUNA-N,-7.855
PPARG,c_PHE282,mut_s1,detail,1,38,SUSPKFCOAROGEI-UHFFFAOYNA-N,-6.078
PPARG,c_PHE282,mut_s1,detail,1,39,ILOLPXFRSGURQA-HCKMINDGNA-N,-7.591
PPARG,c_PHE282,mut_s1,detail,1,40,LAHNGPIIMDWGRL-UHFFFAOYNA-N,-8.1
PPARG,c_PHE282,mut_s1,detail,1,41,PONNWXFCUBXOFS-UHFFFAOYNA-N,-7.609
PPARG,c_PHE282,mut_s1,detail,1,42,NGPUMDFMDVHJTF-XMHGGMMENA-N,-6.796
PPARG,c_PHE282,mut_s1,detail,1,43,GKVFCYBLNULLCL-YGPBECBDNA-N,-6.59
PPARG,c_PHE282,mut_s1,detail,1,44,FZPYMNOBFYWKFC-UHFFFAOYNA-N,-7.41
PPARG,c_PHE282,mut_s1,detail,1,45,CPJICALSLDLRJP-LILDFLRNNA-N,-8.651
PPARG,c_PHE282,mut_s1,detail,1,46,RAVBBDYGFXMBKB-GAJRPKRDNA-N,-7.302
PPARG,c_PHE282,mut_s1,detail,1,47,NCUWRDDNNJFMAS-UHFFFAOYNA-N,-7.718
PPARG,c_PHE282,mut_s1,detail,1,48,VDNBWTVXZDOUIG-PKSOQXRJNA-N,-7.935
PPARG,c_PHE282,mut_s1,detail,1,49,WYMKISIWQJPKOC-UHFFFAOYNA-N,-7.453
PPARG,c_PHE282,mut_s1,detail,1,50,VTCXXKFOLLSYCU-UHFFFAOYNA-N,-6.705
PPARG,c_PHE282,mut_s1,detail,1,51,BSLAOCJVMOGUKX-VHOFBASHNA-N,-7.356
PPARG,c_PHE282,mut_s1,detail,1,52,RZUVVWWNGGXUBI-GPQMBLKYNA-N,-10.393
PPARG,c_PHE282,mut_s1,detail,1,53,YLYYXIMYACYRSP-UYBDAZJANA-N,-7.485
PPARG,c_PHE282,mut_s1,detail,1,54,PHRXHZRDJNSXDF-QHCBTKRXNA-N,-8.869
PPARG,c_PHE282,mut_s1,detail,1,55,ABQUFQQMQCPHOH-NCWAPJAINA-N,-7.586
PPARG,c_PHE282,mut_s1,detail,1,56,FKIFGIZHFPIJND-GQAOMWGXNA-N,-6.679
PPARG,c_PHE282,mut_s1,detail,1,57,NHZFGROUVFTJAK-WYUMXYHSNA-N,-7.487
PPARG,c_PHE282,mut_s1,detail,1,58,RTJPLJJBIWFNSZ-UHFFFAOYNA-N,-7.662
PPARG,c_PHE282,mut_s1,detail,1,59,ZJRUXQBLSMYTIS-DXMPFREMNA-N,-7.878
PPARG,c_PHE282,mut_s1,detail,1,60,UYVIFQIPPPRZJF-QWOVJGMINA-N,-7.682
PPARG,c_PHE282,mut_s1,detail,1,61,WYTBYQZYJIGCBO-LILDFLRNNA-N,-8.061
PPARG,c_PHE282,mut_s1,detail,1,62,KKWWDIPRICACPS-GPQMBLKYNA-N,-6.716
PPARG,c_PHE282,mut_s1,detail,1,63,NZRHOWNFGASHMN-ZHLVXTBQNA-N,-7.93
PPARG,c_PHE282,mut_s1,detail,1,64,MGSGKNKREAYFRZ-UHFFFAOYNA-N,-8.07
PPARG,c_PHE282,mut_s1,detail,1,65,QTIJDOJTNOHQTC-WQGACYEGNA-N,-6.392
PPARG,c_PHE282,mut_s1,detail,1,66,ZHRVXEKEOMUAJO-PKSOQXRJNA-N,-8.514
PPARG,c_PHE282,mut_s1,detail,1,67,AJEULKUYXOLHDN-DVIAZDKANA-N,-9.244
PPARG,c_PHE282,mut_s1,detail,1,68,MGNZRUQLGFVWLY-UHFFFAOYNA-N,-8.014
PPARG,c_PHE282,mut_s1,detail,1,69,OHIMIXUWTWBDBR-UHFFFAOYNA-N,-7.899
PPARG,c_PHE282,mut_s1,detail,1,70,RFEGKAVABNLRHW-WYUMXYHSNA-N,-7.633
PPARG,c_PHE282,mut_s1,detail,1,71,OVDZZJAUKDINIY-SGTLLEGYNA-N,-7.846
PPARG,c_PHE282,mut_s1,detail,1,72,FIGONFGVGMSPID-MPIMZMORNA-N,-8.931
PPARG,c_PHE282,mut_s1,detail,1,73,DSSHOSHLYKWNRQ-UHFFFAOYNA-N,-7.527
PPARG,c_PHE282,mut_s1,detail,1,74,PKDGFUYVUYOZFK-UHFFFAOYNA-N,-9.421
PPARG,c_PHE282,mut_s1,detail,1,75,FSDOAOAVZVMAGE-RRORKGOJNA-N,-7.947
PPARG,c_PHE282,mut_s1,detail,1,76,SKYAUASQUBDEOI-LHJMZCQGNA-N,-7.236
PPARG,c_PHE282,mut_s1,detail,1,77,RRRYPJNSMOUEOE-XBTAAFKLNA-N,-9.166
PPARG,c_PHE282,mut_s1,detail,1,78,LNQOCSSUUUJFLY-BNKWAMQHNA-N,-8.972
PPARG,c_PHE282,mut_s1,detail,1,79,IQVUWJZWHCFIBG-UYBDAZJANA-N,-6.876
PPARG,c_PHE282,mut_s1,detail,1,80,FECVWTWBRSSNCK-XBTAAFKLNA-N,-9.373
PPARG,c_PHE282,mut_s1,detail,1,81,USDYHKNHMGVDHS-UYBDAZJANA-N,-7.068
PPARG,c_PHE282,mut_s1,detail,1,82,ZVJAHPKIYVGDHR-ILXRZTDVNA-N,-7.102
PPARG,c_PHE282,mut_s1,detail,1,83,AGWWZCICEUHAPF-UHFFFAOYNA-N,-9.163
PPARG,c_PHE282,mut_s1,detail,1,84,SIFYPHRKPXWEFL-UHFFFAOYNA-N,-8.064
PPARG,c_PHE282,mut_s1,detail,1,85,CCBDIYWTNHRYSF-GPQMBLKYNA-N,-8.411
PPARG,c_PHE282,mut_s1,detail,1,86,QZJYCFURESLRJX-UHFFFAOYNA-N,-7.209
PPARG,c_PHE282,mut_s1,detail,1,87,KDGSVHGIVBVYFE-SIKSZQSZNA-N,-8.287
PPARG,c_PHE282,mut_s1,detail,1,88,KAVCMDDCFVWLGH-DCYBUDGMNA-N,-9.561
PPARG,c_PHE282,mut_s1,detail,1,89,QTJDEJXKPAATAY-LILDFLRNNA-N,-9.023
PPARG,c_PHE282,mut_s1,detail,1,90,DCCNEGBQLUHRSI-UHFFFAOYNA-N,-6.219
PPARG,c_PHE282,mut_s1,detail,1,91,VUCQKRJVSPHODJ-UHFFFAOYNA-N,-7.686
PPARG,c_PHE282,mut_s1,detail,1,92,XCNTYAMCOLKFEW-UHFFFAOYNA-N,-6.849
PPARG,c_PHE282,mut_s1,detail,1,93,MLPVFRGFZVZNOZ-ODUIGABRNA-N,-7.65
PPARG,c_PHE282,mut_s1,detail,1,94,JXNGVLIPVYLXLZ-PKSOQXRJNA-N,-8.247
PPARG,c_PHE282,mut_s1,detail,1,95,GWICPGWJQQUMKG-UHFFFAOYNA-N,-7.991
PPARG,c_PHE282,mut_s1,detail,1,96,LEDHQUJDAQVDJK-UHFFFAOYNA-N,-8.216
PPARG,c_PHE282,mut_s1,detail,1,97,BJKUVAVJXSIUGS-UYBDAZJANA-N,-7.343
PPARG,c_PHE282,mut_s1,detail,1,98,QXIDHQKQNQWYQW-ORVKFNBTNA-N,-9.964
PPARG,c_PHE282,mut_s1,detail,1,99,VXNGWYZIFXWTDN-PKSOQXRJNA-N,-6.88
PPARG,c_PHE282,mut_s1,detail,1,100,UBFYNRRQFOKQOE-QWOVJGMINA-N,-7.522
PPARG,c_PHE282,mut_s1,detail,1,101,PKPIHOLUWUTPLW-GKKCOONHNA-N,-9.079
PPARG,c_PHE282,mut_s1,detail,1,102,CNYQZGODPRSIFM-LILDFLRNNA-N,-8.026
PPARG,c_PHE282,mut_s1,detail,1,103,OGPHEDOMLIUGFJ-UYBDAZJANA-N,-8.82
PPARG,c_PHE282,mut_s1,detail,1,104,FHOIWEHXSFDGEX-MPIMZMORNA-N,-8.964
PPARG,c_PHE282,mut_s1,detail,1,105,QOIGKGMMAGJZNZ-UHFFFAOYNA-N,-8.603
PPARG,c_PHE282,mut_s1,detail,1,106,DJJKBSKVSXPDMW-XFDRBGHPNA-N,-8.576
PPARG,c_PHE282,mut_s1,detail,1,107,MQVHNCCMPYINIB-GPQMBLKYNA-N,-9.025
PPARG,c_PHE282,mut_s1,detail,1,108,QJBDKSNVJPPLMZ-UYBDAZJANA-N,-8.501
PPARG,c_PHE282,mut_s1,detail,1,109,NEOVEBXUPVDKIZ-PDJAEHLQNA-N,-8.567
PPARG,c_PHE282,mut_s1,detail,1,110,UBMHUOWYROYDAE-MPIMZMORNA-N,-8.606
PPARG,c_PHE282,mut_s1,detail,1,111,NCOQSZVFPAPDPY-MPIMZMORNA-N,-8.516
PPARG,c_PHE282,mut_s1,detail,1,112,IWKDSKQEBMNILM-SFHVURJKNA-N,-7.505
PPARG,c_PHE282,mut_s1,detail,1,113,FYHIZSWDWJOYBD-UHFFFAOYNA-N,-7.351
PPARG,c_PHE282,mut_s1,detail,1,114,CODIBUDSZRMNBU-VVKINWOJNA-N,-8.527
PPARG,c_PHE282,mut_s1,detail,1,115,FSBYPVHAUHIHDK-HYTOZLCFNA-N,-8.376
PPARG,c_PHE282,mut_s1,detail,1,116,IBLBSVRDXNEHCF-UYBDAZJANA-N,-8.821
PPARG,c_PHE282,mut_s1,detail,1,117,YIVFLWLUPIAQNG-MPIMZMORNA-N,-8.946
PPARG,c_PHE282,mut_s1,detail,1,118,OKBASBXKPLMJNO-PKSOQXRJNA-N,-7.777
PPARG,c_PHE282,mut_s1,detail,1,119,CKUZXDONSHPFEU-UHFFFAOYNA-N,-8.119
PPARG,c_PHE282,mut_s1,detail,1,120,FZVOSFJDUXXRFB-LQFNOIFHNA-N,-9.24
PPARG,c_PHE282,mut_s1,detail,1,121,ATWQGOUWTPWHOB-MPIMZMORNA-N,-7.593
PPARG,c_PHE282,mut_s1,detail,1,122,SWTXEVDFRXLPBO-LILDFLRNNA-N,-8.205
PPARG,c_PHE282,mut_s1,detail,1,123,XKKZGDBDLSLGEV-UHFFFAOYNA-N,-7.986
PPARG,c_PHE282,mut_s1,detail,1,124,YOIVLKBZTXOSAW-UHFFFAOYNA-N,-7.423
PPARG,c_PHE282,mut_s1,detail,1,125,MTNDVCNEIIJXQO-LILDFLRNNA-N,-8.238
PPARG,c_PHE282,mut_s1,detail,1,126,VRVOWSSSYICXBN-UHFFFAOYNA-N,-8.486
PPARG,c_PHE282,mut_s1,detail,1,127,YWMOOGZLZREJIF-LILDFLRNNA-N,-5.803
PPARG,c_PHE282,mut_s1,detail,1,128,GBDSDSSPYNQXEN-LQFNOIFHNA-N,-8.988
PPARG,c_PHE282,mut_s1,detail,1,129,WEGCLMSBIIWPKX-HXTKINSTNA-N,-8.292
PPARG,c_PHE282,mut_s1,detail,1,130,KWIMDTZYIABOPE-XBXBPLPCNA-N,-9.637
PPARG,c_PHE282,mut_s1,detail,1,131,PTYKTEYVZUVZBD-LQFNOIFHNA-N,-10.096
PPARG,c_PHE282,mut_s1,detail,1,132,IDUARCWXOZVBJC-UHFFFAOYNA-N,-7.742
PPARG,c_PHE282,mut_s1,detail,1,133,SVHQAQMZYYTKBZ-QIFDKBNDNA-N,-6.556
PPARG,c_PHE282,mut_s1,detail,1,134,OKUWPICMSLXCLZ-ZBJSNUHENA-N,-7.902
PPARG,c_PHE282,mut_s1,detail,1,135,BGESRTVIDMTTHW-MPIMZMORNA-N,-9.739
PPARG,c_PHE282,mut_s1,detail,1,136,RDLHVRFBBSKBMX-UHFFFAOYNA-N,-7.992
PPARG,c_PHE282,mut_s1,detail,1,137,UHKNPVYNTQTWBT-LELJVTLKNA-N,-9.861
PPARG,c_PHE282,mut_s1,detail,1,138,LKOQAWXJCPYWSX-SMCUVTTANA-N,-8.812
PPARG,c_PHE282,mut_s1,detail,1,139,RGTZPMQQOVPWHT-UHFFFAOYNA-N,-8.51
PPARG,c_PHE282,mut_s1,detail,1,140,MPGXBEHIWDZYTG-JRAHLMCZNA-N,-7.747
PPARG,c_PHE282,mut_s1,detail,1,141,YSGONLQAXXDANF-HXTKINSTNA-N,-10.303
PPARG,c_PHE282,mut_s1,detail,1,142,ILADCPXUSGZMCO-LNNLXFCONA-N,-7.746
PPARG,c_PHE282,mut_s1,detail,1,143,WHISBCGJLLBHTQ-LELJVTLKNA-N,-8.056
PPARG,c_PHE282,mut_s1,detail,1,144,FQUQVJCZFGUICL-PZJWPPBQNA-N,-8.237
PPARG,c_PHE282,mut_s1,detail,1,145,PVZFRDICDBVJBC-MPIMZMORNA-N,-7.021
PPARG,c_PHE282,mut_s1,detail,1,146,WUQZEVWHZRAQLY-UHFFFAOYNA-N,-8.979
PPARG,c_PHE282,mut_s1,detail,1,147,PDYDBFOSJUATJC-LELJVTLKNA-N,-9.113
PPARG,c_PHE282,mut_s1,detail,1,148,XFTGZOIRMLTALR-UHFFFAOYNA-N,-9.774
PPARG,c_PHE282,mut_s1,detail,1,149,CPWFSRVCXOETRU-XYFPIJJGNA-N,-9.891
PPARG,c_PHE282,mut_s1,detail,1,150,SAFXYJWXQPZDKB-ZNVTXRBFNA-N,-9.742
PPARG,c_PHE282,mut_s1,detail,1,151,SWLAVROBGRTKAO-LQFNOIFHNA-N,-10.066
PPARG,c_PHE282,mut_s1,detail,1,152,OJFUHLOGAMKMDM-UHFFFAOYNA-N,-8.589
PPARG,c_PHE282,mut_s1,detail,1,153,YPDNVRDMMKZNIG-PJXJJTHHNA-N,-8.739
PPARG,c_PHE282,mut_s1,detail,1,154,LPYDZAPPGTYNGQ-UHFFFAOYNA-N,-9.782
PPARG,c_PHE282,mut_s1,detail,1,155,CXIGBATZIXWVIX-HXTKINSTNA-N,-10.112
PPARG,c_PHE282,mut_s1,detail,1,156,RXPVTNMMNZNKSW-LNNLXFCONA-N,-9.987
PPARG,c_PHE282,mut_s1,detail,1,157,YYDGAWIITBZHPX-UHFFFAOYNA-N,-7.736
PPARG,c_PHE282,mut_s1,detail,1,158,CHUNHRFIWQZFCI-UHFFFAOYNA-N,-8.883
PPARG,c_PHE282,mut_s1,detail,1,159,JDUBGYFRJFOXQC-YCIVUMDCNA-N,-7.692
PPARG,c_PHE282,mut_s1,detail,1,160,MMXCRHIOXQKQPT-LQFNOIFHNA-N,-8.928
PPARG,c_PHE282,mut_s1,detail,1,161,VBENHRFIEOLOJJ-JKZKCNJSNA-N,-8.991
PPARG,c_PHE282,mut_s1,detail,1,162,VPTBWCCSBQRUTD-UHFFFAOYNA-N,-8.752
PPARG,c_PHE282,mut_s1,detail,1,163,WOWAHNXJUPSVDR-LNNLXFCONA-N,-10.209
PPARG,c_PHE282,mut_s1,detail,1,164,WRLLXWRAXRGFBQ-GFQURNRHNA-N,-8.546
PPARG,c_PHE282,mut_s1,detail,1,165,QUUJCYCJKQGYDU-UHFFFAOYNA-N,-6.521
PPARG,c_PHE282,mut_s1,detail,1,166,LWILODJXIVFMKQ-LNNLXFCONA-N,-9.952
PPARG,c_PHE282,mut_s1,detail,1,167,PVBTXZKRTQKXBX-MRSUPTMINA-N,-9.133
PPARG,c_PHE282,mut_s1,detail,1,168,OWYLOIDRWNJCEP-HXUWFJFHNA-N,-8.348
PPARG,c_PHE282,mut_s1,detail,1,169,JOZFRLZUNYNYED-PJQSKVNONA-N,-8.732
PPARG,c_PHE282,mut_s1,detail,1,170,HMQKHGHCACYDGB-UHFFFAOYNA-N,-8.896
PPARG,c_PHE282,mut_s1,detail,1,171,SCHAXPQHOGRLLW-MPIMZMORNA-N,-8.486
PPARG,c_PHE282,mut_s1,detail,1,172,YNGDNNRFKXZELP-BDGWVKIONA-N,-8.073
PPARG,c_PHE282,mut_s1,detail,1,173,XETTWDXILVAWCB-UHFFFAOYNA-N,-7.935
PPARG,c_PHE282,mut_s1,detail,1,174,XXKBFOAMRLTPJL-UHFFFAOYNA-N,-6.742
PPARG,c_PHE282,mut_s1,detail,1,175,TXOXXECOMBAZKB-ZVNAXFNBNA-N,-9.353
PPARG,c_PHE282,mut_s1,detail,1,176,KUFKSMPOXHUGOB-QWOVJGMINA-N,-7.601
PPARG,c_PHE282,mut_s1,detail,1,177,SEHKNXHOUKJSIO-LNNLXFCONA-N,-10.475
PPARG,c_PHE282,mut_s1,detail,1,178,GMMNPCWBYMCYDQ-MPIMZMORNA-N,-8.596
PPARG,c_PHE282,mut_s1,detail,1,179,KEGZEHANNYRNOK-UHFFFAOYNA-N,-8.87
PPARG,c_PHE282,mut_s1,detail,1,180,GBJZQLYNRDBGTL-UHFFFAOYNA-N,-7.655
PPARG,c_PHE282,mut_s1,detail,1,181,UMFUNPLMLVDNME-INIZCTEONA-N,-8.872
PPARG,c_PHE282,mut_s1,detail,1,182,VPYOVNHGFLPMHX-ORVKFNBTNA-N,-8.99
PPARG,c_PHE282,mut_s1,detail,1,183,OQXGEGPDPXAQRC-UHFFFAOYNA-N,-7.787
PPARG,c_PHE282,mut_s1,detail,1,184,ZWOHSJYESLDLLT-AXIOFXGANA-N,-7.573
PPARG,c_PHE282,mut_s1,detail,1,185,NLUWXHFWWSAGMP-LNNLXFCONA-N,-8.793
PPARG,c_PHE282,mut_s1,detail,1,186,NBQDTLQFRAMAMQ-PDJAEHLQNA-N,-8.894
PPARG,c_PHE282,mut_s1,detail,1,187,VKYYUIDNHOUPGY-MPIMZMORNA-N,-9.01
PPARG,c_PHE282,mut_s1,detail,1,188,JHAMDJLHPSYECA-HXTKINSTNA-N,-9.383
PPARG,c_PHE282,mut_s1,detail,1,189,YUXCKESVZUAENN-LQFNOIFHNA-N,-8.07
PPARG,c_PHE282,mut_s1,detail,1,190,VOADUCNXWYAILJ-BOSVZZMWNA-N,-7.772
PPARG,c_PHE282,mut_s1,detail,1,191,YOCNRNBEVZABNA-AVGNRJKVNA-O,-8.186
PPARG,c_PHE282,mut_s1,detail,1,192,QGPIYZBUSYLXQT-UHFFFAOYNA-N,-10.338
PPARG,c_PHE282,mut_s1,detail,1,193,ALIRNZFSPVRFPC-QDIHOGQBNA-N,-10.037
PPARG,c_PHE282,mut_s1,detail,1,194,ZVFXYTPNPFXBNK-LELJVTLKNA-N,-7.986
PPARG,c_PHE282,mut_s1,detail,1,195,VYHWCJWNQFIBGN-CRFSQNOJNA-N,-9.217
PPARG,c_PHE282,mut_s1,detail,1,196,OGTQHYNUUOXINS-BKWRVFRZNA-N,-7.996
PPARG,c_PHE282,mut_s1,detail,1,197,UVYVJQFOXZDFLB-QDIHOGQBNA-N,-8.136
PPARG,c_PHE282,mut_s1,detail,1,198,OKBCXQJLCMYJOC-UHFFFAOYNA-N,-8.69
PPARG,c_PHE282,mut_s1,detail,1,199,UNUQJGDVJMRMAL-LBOYIXSDNA-N,-9.321
PPARG,c_PHE282,mut_s1,detail,1,200,AYOFFOZNXNLQIO-UHFFFAOYNA-N,-8.594
PPARG,c_PHE282,mut_s1,detail,1,201,XSCHYHFIQNFPFK-VJSLDGLSNA-N,-7.93
PPARG,c_PHE282,mut_s1,detail,1,202,JTLSDSKNFBJVAB-CAXFFFRFNA-N,-8.635
PPARG,c_PHE282,mut_s1,detail,1,203,DTRCHIYQUYRTQL-ARSKLOKFNA-N,-6.687
PPARG,c_PHE282,mut_s1,detail,1,204,HHCWBKAHPBAUDS-LBOYIXSDNA-N,-9.354
PPARG,c_PHE282,mut_s1,detail,1,205,SQFXMWLUFDMDIG-LBOYIXSDNA-N,-9.187
PPARG,c_PHE282,mut_s1,detail,1,206,DAAUKUQYGMNNAH-ZUKIQNPFNA-N,-9.879
PPARG,c_PHE282,mut_s1,detail,1,207,POLXUFYBMIRDEG-UHFFFAOYNA-N,-9.09
PPARG,c_PHE282,mut_s1,detail,1,208,HAQNCPOGRFKYNP-WNTKXCTINA-N,-9.204
PPARG,c_PHE282,mut_s1,detail,1,209,CQWFJACPUQVVQZ-UHFFFAOYNA-N,-7.261
PPARG,c_PHE282,mut_s1,detail,1,210,DPMMEOUVESBMSC-ZENAZSQFNA-N,-8.859
PPARG,c_PHE282,mut_s1,detail,1,211,SWRYMOBQOOSZGE-LFJJEMAGNA-N,-12.009
PPARG,c_PHE282,mut_s1,detail,1,212,VJTYYKXVGAQBPX-BGYRXZFFNA-N,-8.216
PPARG,c_PHE282,mut_s1,detail,1,213,BWCCBKUPFRNBAM-QBBGPZPNNA-N,-9.749
PPARG,c_PHE282,mut_s1,detail,1,214,LNHIEYLABBPNKJ-HXTKINSTNA-N,-8.888
PPARG,c_PHE282,mut_s1,detail,1,215,URPWVRUGSFROGL-IWCCUHEHNA-N,-8.866
PPARG,c_PHE282,mut_s1,detail,1,216,VVHGIVKRWDSJFH-HXTKINSTNA-N,-9.172
PPARG,c_PHE282,mut_s1,detail,1,217,SXHIZYRFWJFSEN-WUSLAWIHNA-N,-8.208
PPARG,c_PHE282,mut_s1,detail,1,218,CNHPXUMQURIPRN-UHFFFAOYNA-N,-10.655
PPARG,c_PHE282,mut_s1,detail,1,219,SGUIKZIYGVGMML-UHFFFAOYNA-N,-8.805
PPARG,c_PHE282,mut_s1,detail,1,220,DEVOTYUCWQFKBI-SREBMQDQNA-N,-9.938
PPARG,c_PHE282,mut_s1,detail,1,221,HGLIGFILENTPME-YQIREZNHNA-N,-10.324
PPARG,c_PHE282,mut_s1,detail,1,222,TYJWHVJYDSKQKB-UHFFFAOYNA-N,-8.29
PPARG,c_PHE282,mut_s1,detail,1,223,KOZFSFOOLUUIGY-NHZRFLDCNA-N,-9.212
PPARG,c_PHE282,mut_s1,detail,1,224,IVUDLYCHNURAOH-INNNKKOMNA-N,-6.686
PPARG,c_PHE282,mut_s1,detail,1,225,KDGUWZZCFXNBKJ-UHFFFAOYNA-N,-8.436
PPARG,c_PHE282,mut_s1,detail,1,226,DTVVSEVQQLRJMR-ZIFUYXECNA-N,-9.1
PPARG,c_PHE282,mut_s1,detail,1,227,MUDPTEIPVZCOGV-UHFFFAOYNA-N,-9.521
PPARG,c_PHE282,mut_s1,detail,1,228,IFHBUYGFCSEHIF-OKPOJWAQNA-N,-9.194
PPARG,c_PHE282,mut_s1,detail,1,229,CRKWKHJABOJVAY-SKKVRFOWNA-N,-8.636
PPARG,c_PHE282,mut_s1,detail,1,230,DXEPONXIBPHOTN-ZJLLOKRPNA-N,-8.604
PPARG,c_PHE282,mut_s1,detail,1,231,ULXBTCAXCQWKDE-UHFFFAOYNA-N,-10.103
PPARG,c_PHE282,mut_s1,detail,1,232,WJHXPQKEBQOSHE-HXTKINSTNA-N,-9.103
PPARG,c_PHE282,mut_s1,detail,1,233,KRFOOEYNOKIXRO-PKRZOPRNNA-N,-9.809
PPARG,c_PHE282,mut_s1,detail,1,234,BQPRGAIDSWVYAW-LELJVTLKNA-N,-9.108
PPARG,c_PHE282,mut_s1,detail,1,235,YRMKMEPMFOFXGH-LELJVTLKNA-N,-9.63
PPARG,c_PHE282,mut_s1,detail,1,236,OOPGLCWBUZVAMU-CSODHUTKNA-N,-8.32
PPARG,c_PHE282,mut_s1,detail,1,237,ABMSGZYILANGCA-HXTKINSTNA-N,-8.67
PPARG,c_PHE282,mut_s1,detail,1,238,PTAKEHSCNRJTCJ-UHFFFAOYNA-N,-9.771
PPARG,c_PHE282,mut_s1,detail,1,239,HOXYGIWZMBSLPN-TWPXYFCBNA-N,-7.499
PPARG,c_PHE282,mut_s1,detail,1,240,XKHSVUSPZVNCOT-VWSSANQENA-N,-6.837
PPARG,c_PHE282,mut_s1,detail,1,241,XONRVXOEJMEUIV-UHFFFAOYNA-N,-9.6
PPARG,c_PHE282,mut_s1,detail,1,242,RJVLVZUXYHWKDL-KIKCKTDGNA-N,-8.977
PPARG,c_PHE282,mut_s1,detail,1,243,QFJGVFMADWIIMK-BDGWVKIONA-N,-9.301
PPARG,c_PHE282,mut_s1,detail,1,244,SCZNNLLAHVLZMK-HXTKINSTNA-N,-10.222
PPARG,c_PHE282,mut_s1,detail,1,245,OBFAALRUGGJRGU-PKRZOPRNNA-N,-7.493
PPARG,c_PHE282,mut_s1,detail,1,246,PBDIAJYRAMOINO-WFOUAHBYNA-N,-7.776
PPARG,c_PHE282,mut_s1,detail,1,247,NAMSGSSCIKIOGU-UHFFFAOYNA-N,-10.058
PPARG,c_PHE282,mut_s1,detail,1,248,GJTMJMUIFFQIQN-BQVZJPQVNA-N,-9.668
PPARG,c_PHE282,mut_s1,detail,1,249,FHHOEGKZVIYWLM-PKRZOPRNNA-N,-8.304
PPARG,c_PHE282,mut_s1,detail,1,250,LWSUSTXYIGVJTM-DDTQQWOSNA-N,-9.279
PPARG,c_PHE282,mut_s1,detail,1,251,VAXBUDASTPYURF-YIOWICSRNA-N,-10.404
PPARG,c_PHE282,mut_s1,detail,1,252,JHBVXZXFCJIAJZ-CUCLJGHLNA-N,-10.776
PPARG,c_PHE282,mut_s1,detail,1,253,XASICACCYVTJDX-UHFFFAOYNA-N,-10.483
PPARG,c_PHE282,mut_s1,detail,1,254,FRWAWZNXORYJGK-UHFFFAOYNA-N,-9.154
PPARG,c_PHE282,mut_s1,detail,1,255,YVEPCRMWSAAWMS-BHOFNQNONA-N,-10.793
PPARG,c_LEU330,mut_s1,detail,1,0,OLBYFEGTUWWPTR-FYWRMAATNA-N,-7.513
PPARG,c_LEU330,mut_s1,detail,1,1,SPGYFZIJBSMMEN-UHFFFAOYNA-N,-8.265
PPARG,c_LEU330,mut_s1,detail,1,2,DKKGRNTXCNVFPV-DZQCGVKKNA-N,-8.984
PPARG,c_LEU330,mut_s1,detail,1,3,KCOKHEIACSQLBQ-PCLSHUPZNA-N,-7.263
PPARG,c_LEU330,mut_s1,detail,1,4,XXMDURVCJMZNFC-UHFFFAOYNA-N,-8.502
PPARG,c_LEU330,mut_s1,detail,1,5,XNGWBIOXTHPDBE-UHFFFAOYNA-N,-6.916
PPARG,c_LEU330,mut_s1,detail,1,6,FMLKTYPTZQDWCZ-WYUMXYHSNA-N,-7.094
PPARG,c_LEU330,mut_s1,detail,1,7,BQCYOKUETBHDKF-UHFFFAOYNA-N,-8.401
PPARG,c_LEU330,mut_s1,detail,1,8,VAPRSYGEPKZLNA-UHFFFAOYNA-N,-6.853
PPARG,c_LEU330,mut_s1,detail,1,9,FJWTZYYUIYSFDV-NDKGDYFDNA-N,-6.051
PPARG,c_LEU330,mut_s1,detail,1,10,JSIXJSFAHZREEV-YHMJCDSINA-N,-6.647
PPARG,c_LEU330,mut_s1,detail,1,11,BGSXHNNWYPKQIQ-VEWCPZSHNA-N,-6.649
PPARG,c_LEU330,mut_s1,detail,1,12,ANJUUMLKPZLRGR-GPQMBLKYNA-N,-7.278
PPARG,c_LEU330,mut_s1,detail,1,13,WVDDMJTWFGHTGZ-VMPITWQZNA-N,-6.633
PPARG,c_LEU330,mut_s1,detail,1,14,OSFGHYZLBDAJTP-LILDFLRNNA-N,-8.962
PPARG,c_LEU330,mut_s1,detail,1,15,TZSPGMKSRHWUBZ-UHFFFAOYNA-N,-8.098
PPARG,c_LEU330,mut_s1,detail,1,16,RJNMLHBOHSQLDU-UHFFFAOYNA-N,-6.97
PPARG,c_LEU330,mut_s1,detail,1,17,HPGOEMWDBCJDOY-LILDFLRNNA-N,-7.705
PPARG,c_LEU330,mut_s1,detail,1,18,ANIAQSUBRGXWLS-UHFFFAOYNA-N,-5.666
PPARG,c_LEU330,mut_s1,detail,1,19,XHPTXSLPPJQCFM-UOUMIGKDNA-N,-7.648
PPARG,c_LEU330,mut_s1,detail,1,20,OYUMERJRBPSDQK-UHFFFAOYNA-N,-8.209
PPARG,c_LEU330,mut_s1,detail,1,21,RHCPJGMOPIMKFS-UHFFFAOYNA-N,-6.329
PPARG,c_LEU330,mut_s1,detail,1,22,GQCRCQLETCLZLO-NDKGDYFDNA-N,-6.43
PPARG,c_LEU330,mut_s1,detail,1,23,HDTRJGVVKZGWQZ-UHFFFAOYNA-N,-7.748
PPARG,c_LEU330,mut_s1,detail,1,24,PODSUWFXVDWCHZ-YAQRNVERNA-N,-7.506
PPARG,c_LEU330,mut_s1,detail,1,25,XOQICXJZZWXQDG-SDNWHVSQNA-N,-8.078
PPARG,c_LEU330,mut_s1,detail,1,26,LRQZMRHGRBHVRW-BLHHFWFONA-N,-6.739
PPARG,c_LEU330,mut_s1,detail,1,27,INRDHPFHGNGCCW-UHFFFAOYNA-N,-8.099
PPARG,c_LEU330,mut_s1,detail,1,28,WIRZCAWOMABORR-HCKMINDGNA-N,-8.223
PPARG,c_LEU330,mut_s1,detail,1,29,ISHXVBNQBLMUMA-XAASJSMPNA-N,-8.005
PPARG,c_LEU330,mut_s1,detail,1,30,ZVAZVKMDCRYPAQ-UHFFFAOYNA-N,-6.165
PPARG,c_LEU330,mut_s1,detail,1,31,OJGDCBLYJGHCIH-UHFFFAOYNA-N,-7.051
PPARG,c_LEU330,mut_s1,detail,1,32,HUJQOHMOYGRIRS-WYCIUFAENA-N,-7.316
PPARG,c_LEU330,mut_s1,detail,1,33,IXOFYFZRTXYNDM-HCKMINDGNA-N,-7.837
PPARG,c_LEU330,mut_s1,detail,1,34,RBMMHDHXQQMEMH-UHFFFAOYNA-N,-7.557
PPARG,c_LEU330,mut_s1,detail,1,35,CFFGWJLHGOSOHF-AHPDCHJINA-N,-6.747
PPARG,c_LEU330,mut_s1,detail,1,36,FFPAFAKDJLEUSC-YHMJCDSINA-N,-6.316
PPARG,c_LEU330,mut_s1,detail,1,37,ULEATUCPMCKRAM-IRXDYDNUNA-N,-7.545
PPARG,c_LEU330,mut_s1,detail,1,38,SUSPKFCOAROGEI-UHFFFAOYNA-N,-6.38
PPARG,c_LEU330,mut_s1,detail,1,39,ILOLPXFRSGURQA-HCKMINDGNA-N,-7.743
PPARG,c_LEU330,mut_s1,detail,1,40,LAHNGPIIMDWGRL-UHFFFAOYNA-N,-8.25
PPARG,c_LEU330,mut_s1,detail,1,41,PONNWXFCUBXOFS-UHFFFAOYNA-N,-7.39
PPARG,c_LEU330,mut_s1,detail,1,42,NGPUMDFMDVHJTF-XMHGGMMENA-N,-7.212
PPARG,c_LEU330,mut_s1,detail,1,43,GKVFCYBLNULLCL-YGPBECBDNA-N,-6.743
PPARG,c_LEU330,mut_s1,detail,1,44,FZPYMNOBFYWKFC-UHFFFAOYNA-N,-7.29
PPARG,c_LEU330,mut_s1,detail,1,45,CPJICALSLDLRJP-LILDFLRNNA-N,-8.311
PPARG,c_LEU330,mut_s1,detail,1,46,RAVBBDYGFXMBKB-GAJRPKRDNA-N,-6.973
PPARG,c_LEU330,mut_s1,detail,1,47,NCUWRDDNNJFMAS-UHFFFAOYNA-N,-8.385
PPARG,c_LEU330,mut_s1,detail,1,48,VDNBWTVXZDOUIG-PKSOQXRJNA-N,-7.797
PPARG,c_LEU330,mut_s1,detail,1,49,WYMKISIWQJPKOC-UHFFFAOYNA-N,-7.452
PPARG,c_LEU330,mut_s1,detail,1,50,VTCXXKFOLLSYCU-UHFFFAOYNA-N,-7.702
PPARG,c_LEU330,mut_s1,detail,1,51,BSLAOCJVMOGUKX-VHOFBASHNA-N,-7.555
PPARG,c_LEU330,mut_s1,detail,1,52,RZUVVWWNGGXUBI-GPQMBLKYNA-N,-8.918
PPARG,c_LEU330,mut_s1,detail,1,53,YLYYXIMYACYRSP-UYBDAZJANA-N,-7.349
PPARG,c_LEU330,mut_s1,detail,1,54,PHRXHZRDJNSXDF-QHCBTKRXNA-N,-8.385
PPARG,c_LEU330,mut_s1,detail,1,55,ABQUFQQMQCPHOH-NCWAPJAINA-N,-7.459
PPARG,c_LEU330,mut_s1,detail,1,56,FKIFGIZHFPIJND-GQAOMWGXNA-N,-7.163
PPARG,c_LEU330,mut_s1,detail,1,57,NHZFGROUVFTJAK-WYUMXYHSNA-N,-8.003
PPARG,c_LEU330,mut_s1,detail,1,58,RTJPLJJBIWFNSZ-UHFFFAOYNA-N,-7.849
PPARG,c_LEU330,mut_s1,detail,1,59,ZJRUXQBLSMYTIS-DXMPFREMNA-N,-7.447
PPARG,c_LEU330,mut_s1,detail,1,60,UYVIFQIPPPRZJF-QWOVJGMINA-N,-8.511
PPARG,c_LEU330,mut_s1,detail,1,61,WYTBYQZYJIGCBO-LILDFLRNNA-N,-8.445
PPARG,c_LEU330,mut_s1,detail,1,62,KKWWDIPRICACPS-GPQMBLKYNA-N,-7.324
PPARG,c_LEU330,mut_s1,detail,1,63,NZRHOWNFGASHMN-ZHLVXTBQNA-N,-7.65
PPARG,c_LEU330,mut_s1,detail,1,64,MGSGKNKREAYFRZ-UHFFFAOYNA-N,-8.048
PPARG,c_LEU330,mut_s1,detail,1,65,QTIJDOJTNOHQTC-WQGACYEGNA-N,-6.778
PPARG,c_LEU330,mut_s1,detail,1,66,ZHRVXEKEOMUAJO-PKSOQXRJNA-N,-9.164
PPARG,c_LEU330,mut_s1,detail,1,67,AJEULKUYXOLHDN-DVIAZDKANA-N,-8.902
PPARG,c_LEU330,mut_s1,detail,1,68,MGNZRUQLGFVWLY-UHFFFAOYNA-N,-8.472
PPARG,c_LEU330,mut_s1,detail,1,69,OHIMIXUWTWBDBR-UHFFFAOYNA-N,-8.505
PPARG,c_LEU330,mut_s1,detail,1,70,RFEGKAVABNLRHW-WYUMXYHSNA-N,-8.636
PPARG,c_LEU330,mut_s1,detail,1,71,OVDZZJAUKDINIY-SGTLLEGYNA-N,-8.276
PPARG,c_LEU330,mut_s1,detail,1,72,FIGONFGVGMSPID-MPIMZMORNA-N,-9.056
PPARG,c_LEU330,mut_s1,detail,1,73,DSSHOSHLYKWNRQ-UHFFFAOYNA-N,-8.362
PPARG,c_LEU330,mut_s1,detail,1,74,PKDGFUYVUYOZFK-UHFFFAOYNA-N,-9.299
PPARG,c_LEU330,mut_s1,detail,1,75,FSDOAOAVZVMAGE-RRORKGOJNA-N,-7.678
PPARG,c_LEU330,mut_s1,detail,1,76,SKYAUASQUBDEOI-LHJMZCQGNA-N,-7.706
PPARG,c_LEU330,mut_s1,detail,1,77,RRRYPJNSMOUEOE-XBTAAFKLNA-N,-9.425
PPARG,c_LEU330,mut_s1,detail,1,78,LNQOCSSUUUJFLY-BNKWAMQHNA-N,-8.941
PPARG,c_LEU330,mut_s1,detail,1,79,IQVUWJZWHCFIBG-UYBDAZJANA-N,-8.094
PPARG,c_LEU330,mut_s1,detail,1,80,FECVWTWBRSSNCK-XBTAAFKLNA-N,-9.585
PPARG,c_LEU330,mut_s1,detail,1,81,USDYHKNHMGVDHS-UYBDAZJANA-N,-7.411
PPARG,c_LEU330,mut_s1,detail,1,82,ZVJAHPKIYVGDHR-ILXRZTDVNA-N,-8.103
PPARG,c_LEU330,mut_s1,detail,1,83,AGWWZCICEUHAPF-UHFFFAOYNA-N,-9.264
PPARG,c_LEU330,mut_s1,detail,1,84,SIFYPHRKPXWEFL-UHFFFAOYNA-N,-8.492
PPARG,c_LEU330,mut_s1,detail,1,85,CCBDIYWTNHRYSF-GPQMBLKYNA-N,-8.756
PPARG,c_LEU330,mut_s1,detail,1,86,QZJYCFURESLRJX-UHFFFAOYNA-N,-8.08
PPARG,c_LEU330,mut_s1,detail,1,87,KDGSVHGIVBVYFE-SIKSZQSZNA-N,-8.406
PPARG,c_LEU330,mut_s1,detail,1,88,KAVCMDDCFVWLGH-DCYBUDGMNA-N,-8.844
PPARG,c_LEU330,mut_s1,detail,1,89,QTJDEJXKPAATAY-LILDFLRNNA-N,-9.399
PPARG,c_LEU330,mut_s1,detail,1,90,DCCNEGBQLUHRSI-UHFFFAOYNA-N,-7.13
PPARG,c_LEU330,mut_s1,detail,1,91,VUCQKRJVSPHODJ-UHFFFAOYNA-N,-9.174
PPARG,c_LEU330,mut_s1,detail,1,92,XCNTYAMCOLKFEW-UHFFFAOYNA-N,-6.801
PPARG,c_LEU330,mut_s1,detail,1,93,MLPVFRGFZVZNOZ-ODUIGABRNA-N,-8.589
PPARG,c_LEU330,mut_s1,detail,1,94,JXNGVLIPVYLXLZ-PKSOQXRJNA-N,-7.923
PPARG,c_LEU330,mut_s1,detail,1,95,GWICPGWJQQUMKG-UHFFFAOYNA-N,-9.151
PPARG,c_LEU330,mut_s1,detail,1,96,LEDHQUJDAQVDJK-UHFFFAOYNA-N,-9.566
PPARG,c_LEU330,mut_s1,detail,1,97,BJKUVAVJXSIUGS-UYBDAZJANA-N,-7.847
PPARG,c_LEU330,mut_s1,detail,1,98,QXIDHQKQNQWYQW-ORVKFNBTNA-N,-9.417
PPARG,c_LEU330,mut_s1,detail,1,99,VXNGWYZIFXWTDN-PKSOQXRJNA-N,-7.347
PPARG,c_LEU330,mut_s1,detail,1,100,UBFYNRRQFOKQOE-QWOVJGMINA-N,-8.246
PPARG,c_LEU330,mut_s1,detail,1,101,PKPIHOLUWUTPLW-GKKCOONHNA-N,-8.397
PPARG,c_LEU330,mut_s1,detail,1,102,CNYQZGODPRSIFM-LILDFLRNNA-N,-8.281
PPARG,c_LEU330,mut_s1,detail,1,103,OGPHEDOMLIUGFJ-UYBDAZJANA-N,-9.262
PPARG,c_LEU330,mut_s1,detail,1,104,FHOIWEHXSFDGEX-MPIMZMORNA-N,-9.159
PPARG,c_LEU330,mut_s1,detail,1,105,QOIGKGMMAGJZNZ-UHFFFAOYNA-N,-8.309
PPARG,c_LEU330,mut_s1,detail,1,106,DJJKBSKVSXPDMW-XFDRBGHPNA-N,-8.864
PPARG,c_LEU330,mut_s1,detail,1,107,MQVHNCCMPYINIB-GPQMBLKYNA-N,-8.407
PPARG,c_LEU330,mut_s1,detail,1,108,QJBDKSNVJPPLMZ-UYBDAZJANA-N,-9.005
PPARG,c_LEU330,mut_s1,detail,1,109,NEOVEBXUPVDKIZ-PDJAEHLQNA-N,-9.03
PPARG,c_LEU330,mut_s1,detail,1,110,UBMHUOWYROYDAE-MPIMZMORNA-N,-7.829
PPARG,c_LEU330,mut_s1,detail,1,111,NCOQSZVFPAPDPY-MPIMZMORNA-N,-9.813
PPARG,c_LEU330,mut_s1,detail,1,112,IWKDSKQEBMNILM-SFHVURJKNA-N,-8.407
PPARG,c_LEU330,mut_s1,detail,1,113,FYHIZSWDWJOYBD-UHFFFAOYNA-N,-7.749
PPARG,c_LEU330,mut_s1,detail,1,114,CODIBUDSZRMNBU-VVKINWOJNA-N,-9.31
PPARG,c_LEU330,mut_s1,detail,1,115,FSBYPVHAUHIHDK-HYTOZLCFNA-N,-8.863
PPARG,c_LEU330,mut_s1,detail,1,116,IBLBSVRDXNEHCF-UYBDAZJANA-N,-9.02
PPARG,c_LEU330,mut_s1,detail,1,117,YIVFLWLUPIAQNG-MPIMZMORNA-N,-9.06
PPARG,c_LEU330,mut_s1,detail,1,118,OKBASBXKPLMJNO-PKSOQXRJNA-N,-7.57
PPARG,c_LEU330,mut_s1,detail,1,119,CKUZXDONSHPFEU-UHFFFAOYNA-N,-8.295
PPARG,c_LEU330,mut_s1,detail,1,120,FZVOSFJDUXXRFB-LQFNOIFHNA-N,-10.354
PPARG,c_LEU330,mut_s1,detail,1,121,ATWQGOUWTPWHOB-MPIMZMORNA-N,-8.928
PPARG,c_LEU330,mut_s1,detail,1,122,SWTXEVDFRXLPBO-LILDFLRNNA-N,-8.726
PPARG,c_LEU330,mut_s1,detail,1,123,XKKZGDBDLSLGEV-UHFFFAOYNA-N,-8.5
PPARG,c_LEU330,mut_s1,detail,1,124,YOIVLKBZTXOSAW-UHFFFAOYNA-N,-8.336
PPARG,c_LEU330,mut_s1,detail,1,125,MTNDVCNEIIJXQO-LILDFLRNNA-N,-8.735
PPARG,c_LEU330,mut_s1,detail,1,126,VRVOWSSSYICXBN-UHFFFAOYNA-N,-8.538
PPARG,c_LEU330,mut_s1,detail,1,127,YWMOOGZLZREJIF-LILDFLRNNA-N,-6.315
PPARG,c_LEU330,mut_s1,detail,1,128,GBDSDSSPYNQXEN-LQFNOIFHNA-N,-9.41
PPARG,c_LEU330,mut_s1,detail,1,129,WEGCLMSBIIWPKX-HXTKINSTNA-N,-9.459
PPARG,c_LEU330,mut_s1,detail,1,130,KWIMDTZYIABOPE-XBXBPLPCNA-N,-9.244
PPARG,c_LEU330,mut_s1,detail,1,131,PTYKTEYVZUVZBD-LQFNOIFHNA-N,-10.045
PPARG,c_LEU330,mut_s1,detail,1,132,IDUARCWXOZVBJC-UHFFFAOYNA-N,-8.55
PPARG,c_LEU330,mut_s1,detail,1,133,SVHQAQMZYYTKBZ-QIFDKBNDNA-N,-8.258
PPARG,c_LEU330,mut_s1,detail,1,134,OKUWPICMSLXCLZ-ZBJSNUHENA-N,-7.47
PPARG,c_LEU330,mut_s1,detail,1,135,BGESRTVIDMTTHW-MPIMZMORNA-N,-9.185
PPARG,c_LEU330,mut_s1,detail,1,136,RDLHVRFBBSKBMX-UHFFFAOYNA-N,-8.039
PPARG,c_LEU330,mut_s1,detail,1,137,UHKNPVYNTQTWBT-LELJVTLKNA-N,-9.529
PPARG,c_LEU330,mut_s1,detail,1,138,LKOQAWXJCPYWSX-SMCUVTTANA-N,-9.281
PPARG,c_LEU330,mut_s1,detail,1,139,RGTZPMQQOVPWHT-UHFFFAOYNA-N,-8.89
PPARG,c_LEU330,mut_s1,detail,1,140,MPGXBEHIWDZYTG-JRAHLMCZNA-N,-8.152
PPARG,c_LEU330,mut_s1,detail,1,141,YSGONLQAXXDANF-HXTKINSTNA-N,-11.102
PPARG,c_LEU330,mut_s1,detail,1,142,ILADCPXUSGZMCO-LNNLXFCONA-N,-8.776
PPARG,c_LEU330,mut_s1,detail,1,143,WHISBCGJLLBHTQ-LELJVTLKNA-N,-8.002
PPARG,c_LEU330,mut_s1,detail,1,144,FQUQVJCZFGUICL-PZJWPPBQNA-N,-8.564
PPARG,c_LEU330,mut_s1,detail,1,145,PVZFRDICDBVJBC-MPIMZMORNA-N,-7.083
PPARG,c_LEU330,mut_s1,detail,1,146,WUQZEVWHZRAQLY-UHFFFAOYNA-N,-9.081
PPARG,c_LEU330,mut_s1,detail,1,147,PDYDBFOSJUATJC-LELJVTLKNA-N,-9.203
PPARG,c_LEU330,mut_s1,detail,1,148,XFTGZOIRMLTALR-UHFFFAOYNA-N,-10.187
PPARG,c_LEU330,mut_s1,detail,1,149,CPWFSRVCXOETRU-XYFPIJJGNA-N,-9.705
PPARG,c_LEU330,mut_s1,detail,1,150,SAFXYJWXQPZDKB-ZNVTXRBFNA-N,-8.991
PPARG,c_LEU330,mut_s1,detail,1,151,SWLAVROBGRTKAO-LQFNOIFHNA-N,-10.198
PPARG,c_LEU330,mut_s1,detail,1,152,OJFUHLOGAMKMDM-UHFFFAOYNA-N,-8.551
PPARG,c_LEU330,mut_s1,detail,1,153,YPDNVRDMMKZNIG-PJXJJTHHNA-N,-8.967
PPARG,c_LEU330,mut_s1,detail,1,154,LPYDZAPPGTYNGQ-UHFFFAOYNA-N,-10.186
PPARG,c_LEU330,mut_s1,detail,1,155,CXIGBATZIXWVIX-HXTKINSTNA-N,-10.126
PPARG,c_LEU330,mut_s1,detail,1,156,RXPVTNMMNZNKSW-LNNLXFCONA-N,-10.614
PPARG,c_LEU330,mut_s1,detail,1,157,YYDGAWIITBZHPX-UHFFFAOYNA-N,-8.469
PPARG,c_LEU330,mut_s1,detail,1,158,CHUNHRFIWQZFCI-UHFFFAOYNA-N,-9.575
PPARG,c_LEU330,mut_s1,detail,1,159,JDUBGYFRJFOXQC-YCIVUMDCNA-N,-8.057
PPARG,c_LEU330,mut_s1,detail,1,160,MMXCRHIOXQKQPT-LQFNOIFHNA-N,-9.264
PPARG,c_LEU330,mut_s1,detail,1,161,VBENHRFIEOLOJJ-JKZKCNJSNA-N,-8.304
PPARG,c_LEU330,mut_s1,detail,1,162,VPTBWCCSBQRUTD-UHFFFAOYNA-N,-9.49
PPARG,c_LEU330,mut_s1,detail,1,163,WOWAHNXJUPSVDR-LNNLXFCONA-N,-10.755
PPARG,c_LEU330,mut_s1,detail,1,164,WRLLXWRAXRGFBQ-GFQURNRHNA-N,-8.46
PPARG,c_LEU330,mut_s1,detail,1,165,QUUJCYCJKQGYDU-UHFFFAOYNA-N,-7.033
PPARG,c_LEU330,mut_s1,detail,1,166,LWILODJXIVFMKQ-LNNLXFCONA-N,-10.28
PPARG,c_LEU330,mut_s1,detail,1,167,PVBTXZKRTQKXBX-MRSUPTMINA-N,-8.969
PPARG,c_LEU330,mut_s1,detail,1,168,OWYLOIDRWNJCEP-HXUWFJFHNA-N,-8.367
PPARG,c_LEU330,mut_s1,detail,1,169,JOZFRLZUNYNYED-PJQSKVNONA-N,-9.217
PPARG,c_LEU330,mut_s1,detail,1,170,HMQKHGHCACYDGB-UHFFFAOYNA-N,-9.4
PPARG,c_LEU330,mut_s1,detail,1,171,SCHAXPQHOGRLLW-MPIMZMORNA-N,-9.294
PPARG,c_LEU330,mut_s1,detail,1,172,YNGDNNRFKXZELP-BDGWVKIONA-N,-8.877
PPARG,c_LEU330,mut_s1,detail,1,173,XETTWDXILVAWCB-UHFFFAOYNA-N,-9.872
PPARG,c_LEU330,mut_s1,detail,1,174,XXKBFOAMRLTPJL-UHFFFAOYNA-N,-7.557
PPARG,c_LEU330,mut_s1,detail,1,175,TXOXXECOMBAZKB-ZVNAXFNBNA-N,-8.614
PPARG,c_LEU330,mut_s1,detail,1,176,KUFKSMPOXHUGOB-QWOVJGMINA-N,-8.937
PPARG,c_LEU330,mut_s1,detail,1,177,SEHKNXHOUKJSIO-LNNLXFCONA-N,-9.47
PPARG,c_LEU330,mut_s1,detail,1,178,GMMNPCWBYMCYDQ-MPIMZMORNA-N,-9.229
PPARG,c_LEU330,mut_s1,detail,1,179,KEGZEHANNYRNOK-UHFFFAOYNA-N,-8.941
PPARG,c_LEU330,mut_s1,detail,1,180,GBJZQLYNRDBGTL-UHFFFAOYNA-N,-8.813
PPARG,c_LEU330,mut_s1,detail,1,181,UMFUNPLMLVDNME-INIZCTEONA-N,-9.315
PPARG,c_LEU330,mut_s1,detail,1,182,VPYOVNHGFLPMHX-ORVKFNBTNA-N,-8.262
PPARG,c_LEU330,mut_s1,detail,1,183,OQXGEGPDPXAQRC-UHFFFAOYNA-N,-8.104
PPARG,c_LEU330,mut_s1,detail,1,184,ZWOHSJYESLDLLT-AXIOFXGANA-N,-8.024
PPARG,c_LEU330,mut_s1,detail,1,185,NLUWXHFWWSAGMP-LNNLXFCONA-N,-9.058
PPARG,c_LEU330,mut_s1,detail,1,186,NBQDTLQFRAMAMQ-PDJAEHLQNA-N,-9.816
PPARG,c_LEU330,mut_s1,detail,1,187,VKYYUIDNHOUPGY-MPIMZMORNA-N,-9.802
PPARG,c_LEU330,mut_s1,detail,1,188,JHAMDJLHPSYECA-HXTKINSTNA-N,-9.272
PPARG,c_LEU330,mut_s1,detail,1,189,YUXCKESVZUAENN-LQFNOIFHNA-N,-8.817
PPARG,c_LEU330,mut_s1,detail,1,190,VOADUCNXWYAILJ-BOSVZZMWNA-N,-7.992
PPARG,c_LEU330,mut_s1,detail,1,191,YOCNRNBEVZABNA-AVGNRJKVNA-O,-9.261
PPARG,c_LEU330,mut_s1,detail,1,192,QGPIYZBUSYLXQT-UHFFFAOYNA-N,-9.686
PPARG,c_LEU330,mut_s1,detail,1,193,ALIRNZFSPVRFPC-QDIHOGQBNA-N,-10.421
PPARG,c_LEU330,mut_s1,detail,1,194,ZVFXYTPNPFXBNK-LELJVTLKNA-N,-9.428
PPARG,c_LEU330,mut_s1,detail,1,195,VYHWCJWNQFIBGN-CRFSQNOJNA-N,-10.208
PPARG,c_LEU330,mut_s1,detail,1,196,OGTQHYNUUOXINS-BKWRVFRZNA-N,-8.587
PPARG,c_LEU330,mut_s1,detail,1,197,UVYVJQFOXZDFLB-QDIHOGQBNA-N,-8.806
PPARG,c_LEU330,mut_s1,detail,1,198,OKBCXQJLCMYJOC-UHFFFAOYNA-N,-9.766
PPARG,c_LEU330,mut_s1,detail,1,199,UNUQJGDVJMRMAL-LBOYIXSDNA-N,-9.582
PPARG,c_LEU330,mut_s1,detail,1,200,AYOFFOZNXNLQIO-UHFFFAOYNA-N,-9.143
PPARG,c_LEU330,mut_s1,detail,1,201,XSCHYHFIQNFPFK-VJSLDGLSNA-N,-7.825
PPARG,c_LEU330,mut_s1,detail,1,202,JTLSDSKNFBJVAB-CAXFFFRFNA-N,-8.503
PPARG,c_LEU330,mut_s1,detail,1,203,DTRCHIYQUYRTQL-ARSKLOKFNA-N,-8.02
PPARG,c_LEU330,mut_s1,detail,1,204,HHCWBKAHPBAUDS-LBOYIXSDNA-N,-9.145
PPARG,c_LEU330,mut_s1,detail,1,205,SQFXMWLUFDMDIG-LBOYIXSDNA-N,-8.817
PPARG,c_LEU330,mut_s1,detail,1,206,DAAUKUQYGMNNAH-ZUKIQNPFNA-N,-10.11
PPARG,c_LEU330,mut_s1,detail,1,207,POLXUFYBMIRDEG-UHFFFAOYNA-N,-8.506
PPARG,c_LEU330,mut_s1,detail,1,208,HAQNCPOGRFKYNP-WNTKXCTINA-N,-9.845
PPARG,c_LEU330,mut_s1,detail,1,209,CQWFJACPUQVVQZ-UHFFFAOYNA-N,-8.508
PPARG,c_LEU330,mut_s1,detail,1,210,DPMMEOUVESBMSC-ZENAZSQFNA-N,-8.797
PPARG,c_LEU330,mut_s1,detail,1,211,SWRYMOBQOOSZGE-LFJJEMAGNA-N,-11.274
PPARG,c_LEU330,mut_s1,detail,1,212,VJTYYKXVGAQBPX-BGYRXZFFNA-N,-8.399
PPARG,c_LEU330,mut_s1,detail,1,213,BWCCBKUPFRNBAM-QBBGPZPNNA-N,-9.847
PPARG,c_LEU330,mut_s1,detail,1,214,LNHIEYLABBPNKJ-HXTKINSTNA-N,-9.38
PPARG,c_LEU330,mut_s1,detail,1,215,URPWVRUGSFROGL-IWCCUHEHNA-N,-9.607
PPARG,c_LEU330,mut_s1,detail,1,216,VVHGIVKRWDSJFH-HXTKINSTNA-N,-10.019
PPARG,c_LEU330,mut_s1,detail,1,217,SXHIZYRFWJFSEN-WUSLAWIHNA-N,-8.728
PPARG,c_LEU330,mut_s1,detail,1,218,CNHPXUMQURIPRN-UHFFFAOYNA-N,-10.806
PPARG,c_LEU330,mut_s1,detail,1,219,SGUIKZIYGVGMML-UHFFFAOYNA-N,-8.826
PPARG,c_LEU330,mut_s1,detail,1,220,DEVOTYUCWQFKBI-SREBMQDQNA-N,-11.266
PPARG,c_LEU330,mut_s1,detail,1,221,HGLIGFILENTPME-YQIREZNHNA-N,-10.389
PPARG,c_LEU330,mut_s1,detail,1,222,TYJWHVJYDSKQKB-UHFFFAOYNA-N,-9.305
PPARG,c_LEU330,mut_s1,detail,1,223,KOZFSFOOLUUIGY-NHZRFLDCNA-N,-9.199
PPARG,c_LEU330,mut_s1,detail,1,224,IVUDLYCHNURAOH-INNNKKOMNA-N,-7.583
PPARG,c_LEU330,mut_s1,detail,1,225,KDGUWZZCFXNBKJ-UHFFFAOYNA-N,-8.716
PPARG,c_LEU330,mut_s1,detail,1,226,DTVVSEVQQLRJMR-ZIFUYXECNA-N,-8.844
PPARG,c_LEU330,mut_s1,detail,1,227,MUDPTEIPVZCOGV-UHFFFAOYNA-N,-10.788
PPARG,c_LEU330,mut_s1,detail,1,228,IFHBUYGFCSEHIF-OKPOJWAQNA-N,-9.164
PPARG,c_LEU330,mut_s1,detail,1,229,CRKWKHJABOJVAY-SKKVRFOWNA-N,-8.822
PPARG,c_LEU330,mut_s1,detail,1,230,DXEPONXIBPHOTN-ZJLLOKRPNA-N,-8.442
PPARG,c_LEU330,mut_s1,detail,1,231,ULXBTCAXCQWKDE-UHFFFAOYNA-N,-10.316
PPARG,c_LEU330,mut_s1,detail,1,232,WJHXPQKEBQOSHE-HXTKINSTNA-N,-9.596
PPARG,c_LEU330,mut_s1,detail,1,233,KRFOOEYNOKIXRO-PKRZOPRNNA-N,-9.327
PPARG,c_LEU330,mut_s1,detail,1,234,BQPRGAIDSWVYAW-LELJVTLKNA-N,-8.605
PPARG,c_LEU330,mut_s1,detail,1,235,YRMKMEPMFOFXGH-LELJVTLKNA-N,-8.231
PPARG,c_LEU330,mut_s1,detail,1,236,OOPGLCWBUZVAMU-CSODHUTKNA-N,-7.046
PPARG,c_LEU330,mut_s1,detail,1,237,ABMSGZYILANGCA-HXTKINSTNA-N,-10.135
PPARG,c_LEU330,mut_s1,detail,1,238,PTAKEHSCNRJTCJ-UHFFFAOYNA-N,-8.585
PPARG,c_LEU330,mut_s1,detail,1,239,HOXYGIWZMBSLPN-TWPXYFCBNA-N,-9.6
PPARG,c_LEU330,mut_s1,detail,1,240,XKHSVUSPZVNCOT-VWSSANQENA-N,-7.07
PPARG,c_LEU330,mut_s1,detail,1,241,XONRVXOEJMEUIV-UHFFFAOYNA-N,-9.484
PPARG,c_LEU330,mut_s1,detail,1,242,RJVLVZUXYHWKDL-KIKCKTDGNA-N,-8.918
PPARG,c_LEU330,mut_s1,detail,1,243,QFJGVFMADWIIMK-BDGWVKIONA-N,-8.486
PPARG,c_LEU330,mut_s1,detail,1,244,SCZNNLLAHVLZMK-HXTKINSTNA-N,-10.727
PPARG,c_LEU330,mut_s1,detail,1,245,OBFAALRUGGJRGU-PKRZOPRNNA-N,-9.398
PPARG,c_LEU330,mut_s1,detail,1,246,PBDIAJYRAMOINO-WFOUAHBYNA-N,-8.874
PPARG,c_LEU330,mut_s1,detail,1,247,NAMSGSSCIKIOGU-UHFFFAOYNA-N,-10.811
PPARG,c_LEU330,mut_s1,detail,1,248,GJTMJMUIFFQIQN-BQVZJPQVNA-N,-8.676
PPARG,c_LEU330,mut_s1,detail,1,249,FHHOEGKZVIYWLM-PKRZOPRNNA-N,-8.238
PPARG,c_LEU330,mut_s1,detail,1,250,LWSUSTXYIGVJTM-DDTQQWOSNA-N,-10.488
PPARG,c_LEU330,mut_s1,detail,1,251,VAXBUDASTPYURF-YIOWICSRNA-N,-9.663
PPARG,c_LEU330,mut_s1,detail,1,252,JHBVXZXFCJIAJZ-CUCLJGHLNA-N,-10.232
PPARG,c_LEU330,mut_s1,detail,1,253,XASICACCYVTJDX-UHFFFAOYNA-N,-10.625
PPARG,c_LEU330,mut_s1,detail,1,254,FRWAWZNXORYJGK-UHFFFAOYNA-N,-9.165
PPARG,c_LEU330,mut_s1,detail,1,255,YVEPCRMWSAAWMS-BHOFNQNONA-N,-10.676
PPARG,c_HIE449,mut_s1,detail,1,0,OLBYFEGTUWWPTR-FYWRMAATNA-N,-7.695
PPARG,c_HIE449,mut_s1,detail,1,1,SPGYFZIJBSMMEN-UHFFFAOYNA-N,-8.058
PPARG,c_HIE449,mut_s1,detail,1,2,DKKGRNTXCNVFPV-DZQCGVKKNA-N,-8.25
PPARG,c_HIE449,mut_s1,detail,1,3,KCOKHEIACSQLBQ-PCLSHUPZNA-N,-7.19
PPARG,c_HIE449,mut_s1,detail,1,4,XXMDURVCJMZNFC-UHFFFAOYNA-N,-8.472
PPARG,c_HIE449,mut_s1,detail,1,5,XNGWBIOXTHPDBE-UHFFFAOYNA-N,-6.964
PPARG,c_HIE449,mut_s1,detail,1,6,FMLKTYPTZQDWCZ-WYUMXYHSNA-N,-7.283
PPARG,c_HIE449,mut_s1,detail,1,7,BQCYOKUETBHDKF-UHFFFAOYNA-N,-7.909
PPARG,c_HIE449,mut_s1,detail,1,8,VAPRSYGEPKZLNA-UHFFFAOYNA-N,-6.912
PPARG,c_HIE449,mut_s1,detail,1,9,FJWTZYYUIYSFDV-NDKGDYFDNA-N,-6.478
PPARG,c_HIE449,mut_s1,detail,1,10,JSIXJSFAHZREEV-YHMJCDSINA-N,-6.702
PPARG,c_HIE449,mut_s1,detail,1,11,BGSXHNNWYPKQIQ-VEWCPZSHNA-N,-7.642
PPARG,c_HIE449,mut_s1,detail,1,12,ANJUUMLKPZLRGR-GPQMBLKYNA-N,-7.101
PPARG,c_HIE449,mut_s1,detail,1,13,WVDDMJTWFGHTGZ-VMPITWQZNA-N,-7.317
PPARG,c_HIE449,mut_s1,detail,1,14,OSFGHYZLBDAJTP-LILDFLRNNA-N,-8.752
PPARG,c_HIE449,mut_s1,detail,1,15,TZSPGMKSRHWUBZ-UHFFFAOYNA-N,-8.21
PPARG,c_HIE449,mut_s1,detail,1,16,RJNMLHBOHSQLDU-UHFFFAOYNA-N,-6.917
PPARG,c_HIE449,mut_s1,detail,1,17,HPGOEMWDBCJDOY-LILDFLRNNA-N,-7.71
PPARG,c_HIE449,mut_s1,detail,1,18,ANIAQSUBRGXWLS-UHFFFAOYNA-N,-6.346
PPARG,c_HIE449,mut_s1,detail,1,19,XHPTXSLPPJQCFM-UOUMIGKDNA-N,-7.456
PPARG,c_HIE449,mut_s1,detail,1,20,OYUMERJRBPSDQK-UHFFFAOYNA-N,-7.875
PPARG,c_HIE449,mut_s1,detail,1,21,RHCPJGMOPIMKFS-UHFFFAOYNA-N,-6.55
PPARG,c_HIE449,mut_s1,detail,1,22,GQCRCQLETCLZLO-NDKGDYFDNA-N,-6.64
PPARG,c_HIE449,mut_s1,detail,1,23,HDTRJGVVKZGWQZ-UHFFFAOYNA-N,-7.752
PPARG,c_HIE449,mut_s1,detail,1,24,PODSUWFXVDWCHZ-YAQRNVERNA-N,-7.983
PPARG,c_HIE449,mut_s1,detail,1,25,XOQICXJZZWXQDG-SDNWHVSQNA-N,-7.829
PPARG,c_HIE449,mut_s1,detail,1,26,LRQZMRHGRBHVRW-BLHHFWFONA-N,-7.001
PPARG,c_HIE449,mut_s1,detail,1,27,INRDHPFHGNGCCW-UHFFFAOYNA-N,-7.8
PPARG,c_HIE449,mut_s1,detail,1,28,WIRZCAWOMABORR-HCKMINDGNA-N,-7.869
PPARG,c_HIE449,mut_s1,detail,1,29,ISHXVBNQBLMUMA-XAASJSMPNA-N,-8.289
PPARG,c_HIE449,mut_s1,detail,1,30,ZVAZVKMDCRYPAQ-UHFFFAOYNA-N,-6.331
PPARG,c_HIE449,mut_s1,detail,1,31,OJGDCBLYJGHCIH-UHFFFAOYNA-N,-7.442
PPARG,c_HIE449,mut_s1,detail,1,32,HUJQOHMOYGRIRS-WYCIUFAENA-N,-7.085
PPARG,c_HIE449,mut_s1,detail,1,33,IXOFYFZRTXYNDM-HCKMINDGNA-N,-7.679
PPARG,c_HIE449,mut_s1,detail,1,34,RBMMHDHXQQMEMH-UHFFFAOYNA-N,-7.679
PPARG,c_HIE449,mut_s1,detail,1,35,CFFGWJLHGOSOHF-AHPDCHJINA-N,-6.434
PPARG,c_HIE449,mut_s1,detail,1,36,FFPAFAKDJLEUSC-YHMJCDSINA-N,-6.37
PPARG,c_HIE449,mut_s1,detail,1,37,ULEATUCPMCKRAM-IRXDYDNUNA-N,-7.633
PPARG,c_HIE449,mut_s1,detail,1,38,SUSPKFCOAROGEI-UHFFFAOYNA-N,-6.783
PPARG,c_HIE449,mut_s1,detail,1,39,ILOLPXFRSGURQA-HCKMINDGNA-N,-7.686
PPARG,c_HIE449,mut_s1,detail,1,40,LAHNGPIIMDWGRL-UHFFFAOYNA-N,-8.455
PPARG,c_HIE449,mut_s1,detail,1,41,PONNWXFCUBXOFS-UHFFFAOYNA-N,-7.255
PPARG,c_HIE449,mut_s1,detail,1,42,NGPUMDFMDVHJTF-XMHGGMMENA-N,-8.424
PPARG,c_HIE449,mut_s1,detail,1,43,GKVFCYBLNULLCL-YGPBECBDNA-N,-6.971
PPARG,c_HIE449,mut_s1,detail,1,44,FZPYMNOBFYWKFC-UHFFFAOYNA-N,-7.245
PPARG,c_HIE449,mut_s1,detail,1,45,CPJICALSLDLRJP-LILDFLRNNA-N,-7.79
PPARG,c_HIE449,mut_s1,detail,1,46,RAVBBDYGFXMBKB-GAJRPKRDNA-N,-7.047
PPARG,c_HIE449,mut_s1,detail,1,47,NCUWRDDNNJFMAS-UHFFFAOYNA-N,-7.86
PPARG,c_HIE449,mut_s1,detail,1,48,VDNBWTVXZDOUIG-PKSOQXRJNA-N,-7.902
PPARG,c_HIE449,mut_s1,detail,1,49,WYMKISIWQJPKOC-UHFFFAOYNA-N,-7.489
PPARG,c_HIE449,mut_s1,detail,1,50,VTCXXKFOLLSYCU-UHFFFAOYNA-N,-7.021
PPARG,c_HIE449,mut_s1,detail,1,51,BSLAOCJVMOGUKX-VHOFBASHNA-N,-7.414
PPARG,c_HIE449,mut_s1,detail,1,52,RZUVVWWNGGXUBI-GPQMBLKYNA-N,-8.824
PPARG,c_HIE449,mut_s1,detail,1,53,YLYYXIMYACYRSP-UYBDAZJANA-N,-6.722
PPARG,c_HIE449,mut_s1,detail,1,54,PHRXHZRDJNSXDF-QHCBTKRXNA-N,-8.287
PPARG,c_HIE449,mut_s1,detail,1,55,ABQUFQQMQCPHOH-NCWAPJAINA-N,-7.629
PPARG,c_HIE449,mut_s1,detail,1,56,FKIFGIZHFPIJND-GQAOMWGXNA-N,-6.655
PPARG,c_HIE449,mut_s1,detail,1,57,NHZFGROUVFTJAK-WYUMXYHSNA-N,-7.791
PPARG,c_HIE449,mut_s1,detail,1,58,RTJPLJJBIWFNSZ-UHFFFAOYNA-N,-7.787
PPARG,c_HIE449,mut_s1,detail,1,59,ZJRUXQBLSMYTIS-DXMPFREMNA-N,-6.996
PPARG,c_HIE449,mut_s1,detail,1,60,UYVIFQIPPPRZJF-QWOVJGMINA-N,-7.799
PPARG,c_HIE449,mut_s1,detail,1,61,WYTBYQZYJIGCBO-LILDFLRNNA-N,-7.941
PPARG,c_HIE449,mut_s1,detail,1,62,KKWWDIPRICACPS-GPQMBLKYNA-N,-7.566
PPARG,c_HIE449,mut_s1,detail,1,63,NZRHOWNFGASHMN-ZHLVXTBQNA-N,-7.669
PPARG,c_HIE449,mut_s1,detail,1,64,MGSGKNKREAYFRZ-UHFFFAOYNA-N,-8.785
PPARG,c_HIE449,mut_s1,detail,1,65,QTIJDOJTNOHQTC-WQGACYEGNA-N,-6.849
PPARG,c_HIE449,mut_s1,detail,1,66,ZHRVXEKEOMUAJO-PKSOQXRJNA-N,-8.879
PPARG,c_HIE449,mut_s1,detail,1,67,AJEULKUYXOLHDN-DVIAZDKANA-N,-9.283
PPARG,c_HIE449,mut_s1,detail,1,68,MGNZRUQLGFVWLY-UHFFFAOYNA-N,-8.319
PPARG,c_HIE449,mut_s1,detail,1,69,OHIMIXUWTWBDBR-UHFFFAOYNA-N,-7.954
PPARG,c_HIE449,mut_s1,detail,1,70,RFEGKAVABNLRHW-WYUMXYHSNA-N,-8.68
PPARG,c_HIE449,mut_s1,detail,1,71,OVDZZJAUKDINIY-SGTLLEGYNA-N,-8.447
PPARG,c_HIE449,mut_s1,detail,1,72,FIGONFGVGMSPID-MPIMZMORNA-N,-9.26
PPARG,c_HIE449,mut_s1,detail,1,73,DSSHOSHLYKWNRQ-UHFFFAOYNA-N,-8.113
PPARG,c_HIE449,mut_s1,detail,1,74,PKDGFUYVUYOZFK-UHFFFAOYNA-N,-8.479
PPARG,c_HIE449,mut_s1,detail,1,75,FSDOAOAVZVMAGE-RRORKGOJNA-N,-7.844
PPARG,c_HIE449,mut_s1,detail,1,76,SKYAUASQUBDEOI-LHJMZCQGNA-N,-7.087
PPARG,c_HIE449,mut_s1,detail,1,77,RRRYPJNSMOUEOE-XBTAAFKLNA-N,-8.95
PPARG,c_HIE449,mut_s1,detail,1,78,LNQOCSSUUUJFLY-BNKWAMQHNA-N,-9.324
PPARG,c_HIE449,mut_s1,detail,1,79,IQVUWJZWHCFIBG-UYBDAZJANA-N,-7.042
PPARG,c_HIE449,mut_s1,detail,1,80,FECVWTWBRSSNCK-XBTAAFKLNA-N,-9.418
PPARG,c_HIE449,mut_s1,detail,1,81,USDYHKNHMGVDHS-UYBDAZJANA-N,-7.785
PPARG,c_HIE449,mut_s1,detail,1,82,ZVJAHPKIYVGDHR-ILXRZTDVNA-N,-6.749
PPARG,c_HIE449,mut_s1,detail,1,83,AGWWZCICEUHAPF-UHFFFAOYNA-N,-9.283
PPARG,c_HIE449,mut_s1,detail,1,84,SIFYPHRKPXWEFL-UHFFFAOYNA-N,-7.568
PPARG,c_HIE449,mut_s1,detail,1,85,CCBDIYWTNHRYSF-GPQMBLKYNA-N,-8.668
PPARG,c_HIE449,mut_s1,detail,1,86,QZJYCFURESLRJX-UHFFFAOYNA-N,-8.098
PPARG,c_HIE449,mut_s1,detail,1,87,KDGSVHGIVBVYFE-SIKSZQSZNA-N,-8.398
PPARG,c_HIE449,mut_s1,detail,1,88,KAVCMDDCFVWLGH-DCYBUDGMNA-N,-9.627
PPARG,c_HIE449,mut_s1,detail,1,89,QTJDEJXKPAATAY-LILDFLRNNA-N,-8.934
PPARG,c_HIE449,mut_s1,detail,1,90,DCCNEGBQLUHRSI-UHFFFAOYNA-N,-6.387
PPARG,c_HIE449,mut_s1,detail,1,91,VUCQKRJVSPHODJ-UHFFFAOYNA-N,-8.001
PPARG,c_HIE449,mut_s1,detail,1,92,XCNTYAMCOLKFEW-UHFFFAOYNA-N,-6.808
PPARG,c_HIE449,mut_s1,detail,1,93,MLPVFRGFZVZNOZ-ODUIGABRNA-N,-7.898
PPARG,c_HIE449,mut_s1,detail,1,94,JXNGVLIPVYLXLZ-PKSOQXRJNA-N,-8.05
PPARG,c_HIE449,mut_s1,detail,1,95,GWICPGWJQQUMKG-UHFFFAOYNA-N,-7.877
PPARG,c_HIE449,mut_s1,detail,1,96,LEDHQUJDAQVDJK-UHFFFAOYNA-N,-8.905
PPARG,c_HIE449,mut_s1,detail,1,97,BJKUVAVJXSIUGS-UYBDAZJANA-N,-7.329
PPARG,c_HIE449,mut_s1,detail,1,98,QXIDHQKQNQWYQW-ORVKFNBTNA-N,-9.223
PPARG,c_HIE449,mut_s1,detail,1,99,VXNGWYZIFXWTDN-PKSOQXRJNA-N,-8.002
PPARG,c_HIE449,mut_s1,detail,1,100,UBFYNRRQFOKQOE-QWOVJGMINA-N,-6.907
PPARG,c_HIE449,mut_s1,detail,1,101,PKPIHOLUWUTPLW-GKKCOONHNA-N,-8.746
PPARG,c_HIE449,mut_s1,detail,1,102,CNYQZGODPRSIFM-LILDFLRNNA-N,-7.62
PPARG,c_HIE449,mut_s1,detail,1,103,OGPHEDOMLIUGFJ-UYBDAZJANA-N,-8.941
PPARG,c_HIE449,mut_s1,detail,1,104,FHOIWEHXSFDGEX-MPIMZMORNA-N,-9.136
PPARG,c_HIE449,mut_s1,detail,1,105,QOIGKGMMAGJZNZ-UHFFFAOYNA-N,-8.601
PPARG,c_HIE449,mut_s1,detail,1,106,DJJKBSKVSXPDMW-XFDRBGHPNA-N,-8.722
PPARG,c_HIE449,mut_s1,detail,1,107,MQVHNCCMPYINIB-GPQMBLKYNA-N,-8.326
PPARG,c_HIE449,mut_s1,detail,1,108,QJBDKSNVJPPLMZ-UYBDAZJANA-N,-8.728
PPARG,c_HIE449,mut_s1,detail,1,109,NEOVEBXUPVDKIZ-PDJAEHLQNA-N,-9.479
PPARG,c_HIE449,mut_s1,detail,1,110,UBMHUOWYROYDAE-MPIMZMORNA-N,-8.075
PPARG,c_HIE449,mut_s1,detail,1,111,NCOQSZVFPAPDPY-MPIMZMORNA-N,-9.552
PPARG,c_HIE449,mut_s1,detail,1,112,IWKDSKQEBMNILM-SFHVURJKNA-N,-7.653
PPARG,c_HIE449,mut_s1,detail,1,113,FYHIZSWDWJOYBD-UHFFFAOYNA-N,-7.451
PPARG,c_HIE449,mut_s1,detail,1,114,CODIBUDSZRMNBU-VVKINWOJNA-N,-8.401
PPARG,c_HIE449,mut_s1,detail,1,115,FSBYPVHAUHIHDK-HYTOZLCFNA-N,-8.337
PPARG,c_HIE449,mut_s1,detail,1,116,IBLBSVRDXNEHCF-UYBDAZJANA-N,-9.056
PPARG,c_HIE449,mut_s1,detail,1,117,YIVFLWLUPIAQNG-MPIMZMORNA-N,-8.208
PPARG,c_HIE449,mut_s1,detail,1,118,OKBASBXKPLMJNO-PKSOQXRJNA-N,-8.25
PPARG,c_HIE449,mut_s1,detail,1,119,CKUZXDONSHPFEU-UHFFFAOYNA-N,-8.091
PPARG,c_HIE449,mut_s1,detail,1,120,FZVOSFJDUXXRFB-LQFNOIFHNA-N,-8.96
PPARG,c_HIE449,mut_s1,detail,1,121,ATWQGOUWTPWHOB-MPIMZMORNA-N,-9.621
PPARG,c_HIE449,mut_s1,detail,1,122,SWTXEVDFRXLPBO-LILDFLRNNA-N,-8.144
PPARG,c_HIE449,mut_s1,detail,1,123,XKKZGDBDLSLGEV-UHFFFAOYNA-N,-8.185
PPARG,c_HIE449,mut_s1,detail,1,124,YOIVLKBZTXOSAW-UHFFFAOYNA-N,-7.374
PPARG,c_HIE449,mut_s1,detail,1,125,MTNDVCNEIIJXQO-LILDFLRNNA-N,-8.141
PPARG,c_HIE449,mut_s1,detail,1,126,VRVOWSSSYICXBN-UHFFFAOYNA-N,-7.967
PPARG,c_HIE449,mut_s1,detail,1,127,YWMOOGZLZREJIF-LILDFLRNNA-N,-5.767
PPARG,c_HIE449,mut_s1,detail,1,128,GBDSDSSPYNQXEN-LQFNOIFHNA-N,-9.501
PPARG,c_HIE449,mut_s1,detail,1,129,WEGCLMSBIIWPKX-HXTKINSTNA-N,-8.298
PPARG,c_HIE449,mut_s1,detail,1,130,KWIMDTZYIABOPE-XBXBPLPCNA-N,-8.968
PPARG,c_HIE449,mut_s1,detail,1,131,PTYKTEYVZUVZBD-LQFNOIFHNA-N,-10.274
PPARG,c_HIE449,mut_s1,detail,1,132,IDUARCWXOZVBJC-UHFFFAOYNA-N,-8.246
PPARG,c_HIE449,mut_s1,detail,1,133,SVHQAQMZYYTKBZ-QIFDKBNDNA-N,-7.237
PPARG,c_HIE449,mut_s1,detail,1,134,OKUWPICMSLXCLZ-ZBJSNUHENA-N,-7.855
PPARG,c_HIE449,mut_s1,detail,1,135,BGESRTVIDMTTHW-MPIMZMORNA-N,-9.665
PPARG,c_HIE449,mut_s1,detail,1,136,RDLHVRFBBSKBMX-UHFFFAOYNA-N,-7.863
PPARG,c_HIE449,mut_s1,detail,1,137,UHKNPVYNTQTWBT-LELJVTLKNA-N,-8.83
PPARG,c_HIE449,mut_s1,detail,1,138,LKOQAWXJCPYWSX-SMCUVTTANA-N,-9.853
PPARG,c_HIE449,mut_s1,detail,1,139,RGTZPMQQOVPWHT-UHFFFAOYNA-N,-8.752
PPARG,c_HIE449,mut_s1,detail,1,140,MPGXBEHIWDZYTG-JRAHLMCZNA-N,-8.256
PPARG,c_HIE449,mut_s1,detail,1,141,YSGONLQAXXDANF-HXTKINSTNA-N,-10.036
PPARG,c_HIE449,mut_s1,detail,1,142,ILADCPXUSGZMCO-LNNLXFCONA-N,-8.502
PPARG,c_HIE449,mut_s1,detail,1,143,WHISBCGJLLBHTQ-LELJVTLKNA-N,-8.137
PPARG,c_HIE449,mut_s1,detail,1,144,FQUQVJCZFGUICL-PZJWPPBQNA-N,-8.143
PPARG,c_HIE449,mut_s1,detail,1,145,PVZFRDICDBVJBC-MPIMZMORNA-N,-8.31
PPARG,c_HIE449,mut_s1,detail,1,146,WUQZEVWHZRAQLY-UHFFFAOYNA-N,-8.706
PPARG,c_HIE449,mut_s1,detail,1,147,PDYDBFOSJUATJC-LELJVTLKNA-N,-9.505
PPARG,c_HIE449,mut_s1,detail,1,148,XFTGZOIRMLTALR-UHFFFAOYNA-N,-9.715
PPARG,c_HIE449,mut_s1,detail,1,149,CPWFSRVCXOETRU-XYFPIJJGNA-N,-8.588
PPARG,c_HIE449,mut_s1,detail,1,150,SAFXYJWXQPZDKB-ZNVTXRBFNA-N,-8.643
PPARG,c_HIE449,mut_s1,detail,1,151,SWLAVROBGRTKAO-LQFNOIFHNA-N,-10.35
PPARG,c_HIE449,mut_s1,detail,1,152,OJFUHLOGAMKMDM-UHFFFAOYNA-N,-8.736
PPARG,c_HIE449,mut_s1,detail,1,153,YPDNVRDMMKZNIG-PJXJJTHHNA-N,-8.243
PPARG,c_HIE449,mut_s1,detail,1,154,LPYDZAPPGTYNGQ-UHFFFAOYNA-N,-9.991
PPARG,c_HIE449,mut_s1,detail,1,155,CXIGBATZIXWVIX-HXTKINSTNA-N,-9.457
PPARG,c_HIE449,mut_s1,detail,1,156,RXPVTNMMNZNKSW-LNNLXFCONA-N,-9.829
PPARG,c_HIE449,mut_s1,detail,1,157,YYDGAWIITBZHPX-UHFFFAOYNA-N,-8.529
PPARG,c_HIE449,mut_s1,detail,1,158,CHUNHRFIWQZFCI-UHFFFAOYNA-N,-9.8
PPARG,c_HIE449,mut_s1,detail,1,159,JDUBGYFRJFOXQC-YCIVUMDCNA-N,-8.148
PPARG,c_HIE449,mut_s1,detail,1,160,MMXCRHIOXQKQPT-LQFNOIFHNA-N,-9.266
PPARG,c_HIE449,mut_s1,detail,1,161,VBENHRFIEOLOJJ-JKZKCNJSNA-N,-8.157
PPARG,c_HIE449,mut_s1,detail,1,162,VPTBWCCSBQRUTD-UHFFFAOYNA-N,-8.848
PPARG,c_HIE449,mut_s1,detail,1,163,WOWAHNXJUPSVDR-LNNLXFCONA-N,-10.886
PPARG,c_HIE449,mut_s1,detail,1,164,WRLLXWRAXRGFBQ-GFQURNRHNA-N,-8.57
PPARG,c_HIE449,mut_s1,detail,1,165,QUUJCYCJKQGYDU-UHFFFAOYNA-N,-6.107
PPARG,c_HIE449,mut_s1,detail,1,166,LWILODJXIVFMKQ-LNNLXFCONA-N,-9.856
PPARG,c_HIE449,mut_s1,detail,1,167,PVBTXZKRTQKXBX-MRSUPTMINA-N,-10.101
PPARG,c_HIE449,mut_s1,detail,1,168,OWYLOIDRWNJCEP-HXUWFJFHNA-N,-8.435
PPARG,c_HIE449,mut_s1,detail,1,169,JOZFRLZUNYNYED-PJQSKVNONA-N,-8.893
PPARG,c_HIE449,mut_s1,detail,1,170,HMQKHGHCACYDGB-UHFFFAOYNA-N,-8.749
PPARG,c_HIE449,mut_s1,detail,1,171,SCHAXPQHOGRLLW-MPIMZMORNA-N,-8.474
PPARG,c_HIE449,mut_s1,detail,1,172,YNGDNNRFKXZELP-BDGWVKIONA-N,-8.846
PPARG,c_HIE449,mut_s1,detail,1,173,XETTWDXILVAWCB-UHFFFAOYNA-N,-8.153
PPARG,c_HIE449,mut_s1,detail,1,174,XXKBFOAMRLTPJL-UHFFFAOYNA-N,-7.288
PPARG,c_HIE449,mut_s1,detail,1,175,TXOXXECOMBAZKB-ZVNAXFNBNA-N,-8.617
PPARG,c_HIE449,mut_s1,detail,1,176,KUFKSMPOXHUGOB-QWOVJGMINA-N,-8.116
PPARG,c_HIE449,mut_s1,detail,1,177,SEHKNXHOUKJSIO-LNNLXFCONA-N,-9.318
PPARG,c_HIE449,mut_s1,detail,1,178,GMMNPCWBYMCYDQ-MPIMZMORNA-N,-9.608
PPARG,c_HIE449,mut_s1,detail,1,179,KEGZEHANNYRNOK-UHFFFAOYNA-N,-8.748
PPARG,c_HIE449,mut_s1,detail,1,180,GBJZQLYNRDBGTL-UHFFFAOYNA-N,-8.229
PPARG,c_HIE449,mut_s1,detail,1,181,UMFUNPLMLVDNME-INIZCTEONA-N,-8.809
PPARG,c_HIE449,mut_s1,detail,1,182,VPYOVNHGFLPMHX-ORVKFNBTNA-N,-8.15
PPARG,c_HIE449,mut_s1,detail,1,183,OQXGEGPDPXAQRC-UHFFFAOYNA-N,-7.724
PPARG,c_HIE449,mut_s1,detail,1,184,ZWOHSJYESLDLLT-AXIOFXGANA-N,-8.593
PPARG,c_HIE449,mut_s1,detail,1,185,NLUWXHFWWSAGMP-LNNLXFCONA-N,-9.193
PPARG,c_HIE449,mut_s1,detail,1,186,NBQDTLQFRAMAMQ-PDJAEHLQNA-N,-9.787
PPARG,c_HIE449,mut_s1,detail,1,187,VKYYUIDNHOUPGY-MPIMZMORNA-N,-9.028
PPARG,c_HIE449,mut_s1,detail,1,188,JHAMDJLHPSYECA-HXTKINSTNA-N,-8.829
PPARG,c_HIE449,mut_s1,detail,1,189,YUXCKESVZUAENN-LQFNOIFHNA-N,-8.247
PPARG,c_HIE449,mut_s1,detail,1,190,VOADUCNXWYAILJ-BOSVZZMWNA-N,-10.759
PPARG,c_HIE449,mut_s1,detail,1,191,YOCNRNBEVZABNA-AVGNRJKVNA-O,-8.016
PPARG,c_HIE449,mut_s1,detail,1,192,QGPIYZBUSYLXQT-UHFFFAOYNA-N,-9.888
PPARG,c_HIE449,mut_s1,detail,1,193,ALIRNZFSPVRFPC-QDIHOGQBNA-N,-10.133
PPARG,c_HIE449,mut_s1,detail,1,194,ZVFXYTPNPFXBNK-LELJVTLKNA-N,-7.523
PPARG,c_HIE449,mut_s1,detail,1,195,VYHWCJWNQFIBGN-CRFSQNOJNA-N,-9.241
PPARG,c_HIE449,mut_s1,detail,1,196,OGTQHYNUUOXINS-BKWRVFRZNA-N,-8.204
PPARG,c_HIE449,mut_s1,detail,1,197,UVYVJQFOXZDFLB-QDIHOGQBNA-N,-8.074
PPARG,c_HIE449,mut_s1,detail,1,198,OKBCXQJLCMYJOC-UHFFFAOYNA-N,-8.993
PPARG,c_HIE449,mut_s1,detail,1,199,UNUQJGDVJMRMAL-LBOYIXSDNA-N,-9.545
PPARG,c_HIE449,mut_s1,detail,1,200,AYOFFOZNXNLQIO-UHFFFAOYNA-N,-7.881
PPARG,c_HIE449,mut_s1,detail,1,201,XSCHYHFIQNFPFK-VJSLDGLSNA-N,-7.832
PPARG,c_HIE449,mut_s1,detail,1,202,JTLSDSKNFBJVAB-CAXFFFRFNA-N,-8.365
PPARG,c_HIE449,mut_s1,detail,1,203,DTRCHIYQUYRTQL-ARSKLOKFNA-N,-8.08
PPARG,c_HIE449,mut_s1,detail,1,204,HHCWBKAHPBAUDS-LBOYIXSDNA-N,-8.967
PPARG,c_HIE449,mut_s1,detail,1,205,SQFXMWLUFDMDIG-LBOYIXSDNA-N,-9.049
PPARG,c_HIE449,mut_s1,detail,1,206,DAAUKUQYGMNNAH-ZUKIQNPFNA-N,-9.199
PPARG,c_HIE449,mut_s1,detail,1,207,POLXUFYBMIRDEG-UHFFFAOYNA-N,-8.522
PPARG,c_HIE449,mut_s1,detail,1,208,HAQNCPOGRFKYNP-WNTKXCTINA-N,-9.681
PPARG,c_HIE449,mut_s1,detail,1,209,CQWFJACPUQVVQZ-UHFFFAOYNA-N,-8.774
PPARG,c_HIE449,mut_s1,detail,1,210,DPMMEOUVESBMSC-ZENAZSQFNA-N,-8.735
PPARG,c_HIE449,mut_s1,detail,1,211,SWRYMOBQOOSZGE-LFJJEMAGNA-N,-10.414
PPARG,c_HIE449,mut_s1,detail,1,212,VJTYYKXVGAQBPX-BGYRXZFFNA-N,-8.186
PPARG,c_HIE449,mut_s1,detail,1,213,BWCCBKUPFRNBAM-QBBGPZPNNA-N,-9.928
PPARG,c_HIE449,mut_s1,detail,1,214,LNHIEYLABBPNKJ-HXTKINSTNA-N,-9.95
PPARG,c_HIE449,mut_s1,detail,1,215,URPWVRUGSFROGL-IWCCUHEHNA-N,-8.682
PPARG,c_HIE449,mut_s1,detail,1,216,VVHGIVKRWDSJFH-HXTKINSTNA-N,-9.743
PPARG,c_HIE449,mut_s1,detail,1,217,SXHIZYRFWJFSEN-WUSLAWIHNA-N,-8.255
PPARG,c_HIE449,mut_s1,detail,1,218,CNHPXUMQURIPRN-UHFFFAOYNA-N,-10.937
PPARG,c_HIE449,mut_s1,detail,1,219,SGUIKZIYGVGMML-UHFFFAOYNA-N,-8.889
PPARG,c_HIE449,mut_s1,detail,1,220,DEVOTYUCWQFKBI-SREBMQDQNA-N,-10.439
PPARG,c_HIE449,mut_s1,detail,1,221,HGLIGFILENTPME-YQIREZNHNA-N,-10.4
PPARG,c_HIE449,mut_s1,detail,1,222,TYJWHVJYDSKQKB-UHFFFAOYNA-N,-8.119
PPARG,c_HIE449,mut_s1,detail,1,223,KOZFSFOOLUUIGY-NHZRFLDCNA-N,-9.203
PPARG,c_HIE449,mut_s1,detail,1,224,IVUDLYCHNURAOH-INNNKKOMNA-N,-7.765
PPARG,c_HIE449,mut_s1,detail,1,225,KDGUWZZCFXNBKJ-UHFFFAOYNA-N,-8.342
PPARG,c_HIE449,mut_s1,detail,1,226,DTVVSEVQQLRJMR-ZIFUYXECNA-N,-8.201
PPARG,c_HIE449,mut_s1,detail,1,227,MUDPTEIPVZCOGV-UHFFFAOYNA-N,-9.557
PPARG,c_HIE449,mut_s1,detail,1,228,IFHBUYGFCSEHIF-OKPOJWAQNA-N,-9.626
PPARG,c_HIE449,mut_s1,detail,1,229,CRKWKHJABOJVAY-SKKVRFOWNA-N,-8.469
PPARG,c_HIE449,mut_s1,detail,1,230,DXEPONXIBPHOTN-ZJLLOKRPNA-N,-8.892
PPARG,c_HIE449,mut_s1,detail,1,231,ULXBTCAXCQWKDE-UHFFFAOYNA-N,-10.396
PPARG,c_HIE449,mut_s1,detail,1,232,WJHXPQKEBQOSHE-HXTKINSTNA-N,-8.787
PPARG,c_HIE449,mut_s1,detail,1,233,KRFOOEYNOKIXRO-PKRZOPRNNA-N,-9.791
PPARG,c_HIE449,mut_s1,detail,1,234,BQPRGAIDSWVYAW-LELJVTLKNA-N,-9.39
PPARG,c_HIE449,mut_s1,detail,1,235,YRMKMEPMFOFXGH-LELJVTLKNA-N,-8.629
PPARG,c_HIE449,mut_s1,detail,1,236,OOPGLCWBUZVAMU-CSODHUTKNA-N,-8.391
PPARG,c_HIE449,mut_s1,detail,1,237,ABMSGZYILANGCA-HXTKINSTNA-N,-8.707
PPARG,c_HIE449,mut_s1,detail,1,238,PTAKEHSCNRJTCJ-UHFFFAOYNA-N,-8.806
PPARG,c_HIE449,mut_s1,detail,1,239,HOXYGIWZMBSLPN-TWPXYFCBNA-N,-8.829
PPARG,c_HIE449,mut_s1,detail,1,240,XKHSVUSPZVNCOT-VWSSANQENA-N,-6.976
PPARG,c_HIE449,mut_s1,detail,1,241,XONRVXOEJMEUIV-UHFFFAOYNA-N,-9.598
PPARG,c_HIE449,mut_s1,detail,1,242,RJVLVZUXYHWKDL-KIKCKTDGNA-N,-8.935
PPARG,c_HIE449,mut_s1,detail,1,243,QFJGVFMADWIIMK-BDGWVKIONA-N,-9.136
PPARG,c_HIE449,mut_s1,detail,1,244,SCZNNLLAHVLZMK-HXTKINSTNA-N,-9.594
PPARG,c_HIE449,mut_s1,detail,1,245,OBFAALRUGGJRGU-PKRZOPRNNA-N,-7.059
PPARG,c_HIE449,mut_s1,detail,1,246,PBDIAJYRAMOINO-WFOUAHBYNA-N,-8.563
PPARG,c_HIE449,mut_s1,detail,1,247,NAMSGSSCIKIOGU-UHFFFAOYNA-N,-10.413
PPARG,c_HIE449,mut_s1,detail,1,248,GJTMJMUIFFQIQN-BQVZJPQVNA-N,-8.931
PPARG,c_HIE449,mut_s1,detail,1,249,FHHOEGKZVIYWLM-PKRZOPRNNA-N,-8.521
PPARG,c_HIE449,mut_s1,detail,1,250,LWSUSTXYIGVJTM-DDTQQWOSNA-N,-9.209
PPARG,c_HIE449,mut_s1,detail,1,251,VAXBUDASTPYURF-YIOWICSRNA-N,-9.578
PPARG,c_HIE449,mut_s1,detail,1,252,JHBVXZXFCJIAJZ-CUCLJGHLNA-N,-10.622
PPARG,c_HIE449,mut_s1,detail,1,253,XASICACCYVTJDX-UHFFFAOYNA-N,-10.129
PPARG,c_HIE449,mut_s1,detail,1,254,FRWAWZNXORYJGK-UHFFFAOYNA-N,-9.45
PPARG,c_HIE449,mut_s1,detail,1,255,YVEPCRMWSAAWMS-BHOFNQNONA-N,-10.141
PPARG,c_LEU469,mut_s1,detail,1,0,OLBYFEGTUWWPTR-FYWRMAATNA-N,-7.523
PPARG,c_LEU469,mut_s1,detail,1,1,SPGYFZIJBSMMEN-UHFFFAOYNA-N,-7.903
PPARG,c_LEU469,mut_s1,detail,1,2,DKKGRNTXCNVFPV-DZQCGVKKNA-N,-7.959
PPARG,c_LEU469,mut_s1,detail,1,3,KCOKHEIACSQLBQ-PCLSHUPZNA-N,-6.946
PPARG,c_LEU469,mut_s1,detail,1,4,XXMDURVCJMZNFC-UHFFFAOYNA-N,-8.258
PPARG,c_LEU469,mut_s1,detail,1,5,XNGWBIOXTHPDBE-UHFFFAOYNA-N,-6.986
PPARG,c_LEU469,mut_s1,detail,1,6,FMLKTYPTZQDWCZ-WYUMXYHSNA-N,-7.243
PPARG,c_LEU469,mut_s1,detail,1,7,BQCYOKUETBHDKF-UHFFFAOYNA-N,-7.945
PPARG,c_LEU469,mut_s1,detail,1,8,VAPRSYGEPKZLNA-UHFFFAOYNA-N,-6.294
PPARG,c_LEU469,mut_s1,detail,1,9,FJWTZYYUIYSFDV-NDKGDYFDNA-N,-6.339
PPARG,c_LEU469,mut_s1,detail,1,10,JSIXJSFAHZREEV-YHMJCDSINA-N,-6.749
PPARG,c_LEU469,mut_s1,detail,1,11,BGSXHNNWYPKQIQ-VEWCPZSHNA-N,-7.49
PPARG,c_LEU469,mut_s1,detail,1,12,ANJUUMLKPZLRGR-GPQMBLKYNA-N,-7.828
PPARG,c_LEU469,mut_s1,detail,1,13,WVDDMJTWFGHTGZ-VMPITWQZNA-N,-7.33
PPARG,c_LEU469,mut_s1,detail,1,14,OSFGHYZLBDAJTP-LILDFLRNNA-N,-8.852
PPARG,c_LEU469,mut_s1,detail,1,15,TZSPGMKSRHWUBZ-UHFFFAOYNA-N,-7.257
PPARG,c_LEU469,mut_s1,detail,1,16,RJNMLHBOHSQLDU-UHFFFAOYNA-N,-6.695
PPARG,c_LEU469,mut_s1,detail,1,17,HPGOEMWDBCJDOY-LILDFLRNNA-N,-7.812
PPARG,c_LEU469,mut_s1,detail,1,18,ANIAQSUBRGXWLS-UHFFFAOYNA-N,-5.451
PPARG,c_LEU469,mut_s1,detail,1,19,XHPTXSLPPJQCFM-UOUMIGKDNA-N,-7.764
PPARG,c_LEU469,mut_s1,detail,1,20,OYUMERJRBPSDQK-UHFFFAOYNA-N,-8.476
PPARG,c_LEU469,mut_s1,detail,1,21,RHCPJGMOPIMKFS-UHFFFAOYNA-N,-6.725
PPARG,c_LEU469,mut_s1,detail,1,22,GQCRCQLETCLZLO-NDKGDYFDNA-N,-6.453
PPARG,c_LEU469,mut_s1,detail,1,23,HDTRJGVVKZGWQZ-UHFFFAOYNA-N,-7.374
PPARG,c_LEU469,mut_s1,detail,1,24,PODSUWFXVDWCHZ-YAQRNVERNA-N,-7.389
PPARG,c_LEU469,mut_s1,detail,1,25,XOQICXJZZWXQDG-SDNWHVSQNA-N,-7.799
PPARG,c_LEU469,mut_s1,detail,1,26,LRQZMRHGRBHVRW-BLHHFWFONA-N,-7.121
PPARG,c_LEU469,mut_s1,detail,1,27,INRDHPFHGNGCCW-UHFFFAOYNA-N,-7.521
PPARG,c_LEU469,mut_s1,detail,1,28,WIRZCAWOMABORR-HCKMINDGNA-N,-7.811
PPARG,c_LEU469,mut_s1,detail,1,29,ISHXVBNQBLMUMA-XAASJSMPNA-N,-7.459
PPARG,c_LEU469,mut_s1,detail,1,30,ZVAZVKMDCRYPAQ-UHFFFAOYNA-N,-6.367
PPARG,c_LEU469,mut_s1,detail,1,31,OJGDCBLYJGHCIH-UHFFFAOYNA-N,-7.222
PPARG,c_LEU469,mut_s1,detail,1,32,HUJQOHMOYGRIRS-WYCIUFAENA-N,-7.527
PPARG,c_LEU469,mut_s1,detail,1,33,IXOFYFZRTXYNDM-HCKMINDGNA-N,-7.773
PPARG,c_LEU469,mut_s1,detail,1,34,RBMMHDHXQQMEMH-UHFFFAOYNA-N,-7.157
PPARG,c_LEU469,mut_s1,detail,1,35,CFFGWJLHGOSOHF-AHPDCHJINA-N,-6.409
PPARG,c_LEU469,mut_s1,detail,1,36,FFPAFAKDJLEUSC-YHMJCDSINA-N,-6.744
PPARG,c_LEU469,mut_s1,detail,1,37,ULEATUCPMCKRAM-IRXDYDNUNA-N,-8.004
PPARG,c_LEU469,mut_s1,detail,1,38,SUSPKFCOAROGEI-UHFFFAOYNA-N,-6.467
PPARG,c_LEU469,mut_s1,detail,1,39,ILOLPXFRSGURQA-HCKMINDGNA-N,-7.587
PPARG,c_LEU469,mut_s1,detail,1,40,LAHNGPIIMDWGRL-UHFFFAOYNA-N,-8.413
PPARG,c_LEU469,mut_s1,detail,1,41,PONNWXFCUBXOFS-UHFFFAOYNA-N,-7.548
PPARG,c_LEU469,mut_s1,detail,1,42,NGPUMDFMDVHJTF-XMHGGMMENA-N,-6.948
PPARG,c_LEU469,mut_s1,detail,1,43,GKVFCYBLNULLCL-YGPBECBDNA-N,-6.559
PPARG,c_LEU469,mut_s1,detail,1,44,FZPYMNOBFYWKFC-UHFFFAOYNA-N,-6.996
PPARG,c_LEU469,mut_s1,detail,1,45,CPJICALSLDLRJP-LILDFLRNNA-N,-7.802
PPARG,c_LEU469,mut_s1,detail,1,46,RAVBBDYGFXMBKB-GAJRPKRDNA-N,-7.231
PPARG,c_LEU469,mut_s1,detail,1,47,NCUWRDDNNJFMAS-UHFFFAOYNA-N,-7.948
PPARG,c_LEU469,mut_s1,detail,1,48,VDNBWTVXZDOUIG-PKSOQXRJNA-N,-7.935
PPARG,c_LEU469,mut_s1,detail,1,49,WYMKISIWQJPKOC-UHFFFAOYNA-N,-6.641
PPARG,c_LEU469,mut_s1,detail,1,50,VTCXXKFOLLSYCU-UHFFFAOYNA-N,-6.723
PPARG,c_LEU469,mut_s1,detail,1,51,BSLAOCJVMOGUKX-VHOFBASHNA-N,-7.334
PPARG,c_LEU469,mut_s1,detail,1,52,RZUVVWWNGGXUBI-GPQMBLKYNA-N,-8.473
PPARG,c_LEU469,mut_s1,detail,1,53,YLYYXIMYACYRSP-UYBDAZJANA-N,-6.761
PPARG,c_LEU469,mut_s1,detail,1,54,PHRXHZRDJNSXDF-QHCBTKRXNA-N,-7.472
PPARG,c_LEU469,mut_s1,detail,1,55,ABQUFQQMQCPHOH-NCWAPJAINA-N,-7.597
PPARG,c_LEU469,mut_s1,detail,1,56,FKIFGIZHFPIJND-GQAOMWGXNA-N,-6.938
PPARG,c_LEU469,mut_s1,detail,1,57,NHZFGROUVFTJAK-WYUMXYHSNA-N,-7.968
PPARG,c_LEU469,mut_s1,detail,1,58,RTJPLJJBIWFNSZ-UHFFFAOYNA-N,-7.734
PPARG,c_LEU469,mut_s1,detail,1,59,ZJRUXQBLSMYTIS-DXMPFREMNA-N,-7.213
PPARG,c_LEU469,mut_s1,detail,1,60,UYVIFQIPPPRZJF-QWOVJGMINA-N,-7.657
PPARG,c_LEU469,mut_s1,detail,1,61,WYTBYQZYJIGCBO-LILDFLRNNA-N,-8.169
PPARG,c_LEU469,mut_s1,detail,1,62,KKWWDIPRICACPS-GPQMBLKYNA-N,-6.845
PPARG,c_LEU469,mut_s1,detail,1,63,NZRHOWNFGASHMN-ZHLVXTBQNA-N,-6.98
PPARG,c_LEU469,mut_s1,detail,1,64,MGSGKNKREAYFRZ-UHFFFAOYNA-N,-9.28
PPARG,c_LEU469,mut_s1,detail,1,65,QTIJDOJTNOHQTC-WQGACYEGNA-N,-6.623
PPARG,c_LEU469,mut_s1,detail,1,66,ZHRVXEKEOMUAJO-PKSOQXRJNA-N,-8.85
PPARG,c_LEU469,mut_s1,detail,1,67,AJEULKUYXOLHDN-DVIAZDKANA-N,-8.806
PPARG,c_LEU469,mut_s1,detail,1,68,MGNZRUQLGFVWLY-UHFFFAOYNA-N,-8.58
PPARG,c_LEU469,mut_s1,detail,1,69,OHIMIXUWTWBDBR-UHFFFAOYNA-N,-8.197
PPARG,c_LEU469,mut_s1,detail,1,70,RFEGKAVABNLRHW-WYUMXYHSNA-N,-7.646
PPARG,c_LEU469,mut_s1,detail,1,71,OVDZZJAUKDINIY-SGTLLEGYNA-N,-7.84
PPARG,c_LEU469,mut_s1,detail,1,72,FIGONFGVGMSPID-MPIMZMORNA-N,-9.046
PPARG,c_LEU469,mut_s1,detail,1,73,DSSHOSHLYKWNRQ-UHFFFAOYNA-N,-7.491
PPARG,c_LEU469,mut_s1,detail,1,74,PKDGFUYVUYOZFK-UHFFFAOYNA-N,-8.557
PPARG,c_LEU469,mut_s1,detail,1,75,FSDOAOAVZVMAGE-RRORKGOJNA-N,-7.42
PPARG,c_LEU469,mut_s1,detail,1,76,SKYAUASQUBDEOI-LHJMZCQGNA-N,-7.151
PPARG,c_LEU469,mut_s1,detail,1,77,RRRYPJNSMOUEOE-XBTAAFKLNA-N,-8.761
PPARG,c_LEU469,mut_s1,detail,1,78,LNQOCSSUUUJFLY-BNKWAMQHNA-N,-8.153
PPARG,c_LEU469,mut_s1,detail,1,79,IQVUWJZWHCFIBG-UYBDAZJANA-N,-6.512
PPARG,c_LEU469,mut_s1,detail,1,80,FECVWTWBRSSNCK-XBTAAFKLNA-N,-9.335
PPARG,c_LEU469,mut_s1,detail,1,81,USDYHKNHMGVDHS-UYBDAZJANA-N,-6.831
PPARG,c_LEU469,mut_s1,detail,1,82,ZVJAHPKIYVGDHR-ILXRZTDVNA-N,-7.345
PPARG,c_LEU469,mut_s1,detail,1,83,AGWWZCICEUHAPF-UHFFFAOYNA-N,-9.149
PPARG,c_LEU469,mut_s1,detail,1,84,SIFYPHRKPXWEFL-UHFFFAOYNA-N,-8.281
PPARG,c_LEU469,mut_s1,detail,1,85,CCBDIYWTNHRYSF-GPQMBLKYNA-N,-7.959
PPARG,c_LEU469,mut_s1,detail,1,86,QZJYCFURESLRJX-UHFFFAOYNA-N,-7.188
PPARG,c_LEU469,mut_s1,detail,1,87,KDGSVHGIVBVYFE-SIKSZQSZNA-N,-8.259
PPARG,c_LEU469,mut_s1,detail,1,88,KAVCMDDCFVWLGH-DCYBUDGMNA-N,-8.726
PPARG,c_LEU469,mut_s1,detail,1,89,QTJDEJXKPAATAY-LILDFLRNNA-N,-8.97
PPARG,c_LEU469,mut_s1,detail,1,90,DCCNEGBQLUHRSI-UHFFFAOYNA-N,-6.368
PPARG,c_LEU469,mut_s1,detail,1,91,VUCQKRJVSPHODJ-UHFFFAOYNA-N,-7.742
PPARG,c_LEU469,mut_s1,detail,1,92,XCNTYAMCOLKFEW-UHFFFAOYNA-N,-6.873
PPARG,c_LEU469,mut_s1,detail,1,93,MLPVFRGFZVZNOZ-ODUIGABRNA-N,-7.675
PPARG,c_LEU469,mut_s1,detail,1,94,JXNGVLIPVYLXLZ-PKSOQXRJNA-N,-7.794
PPARG,c_LEU469,mut_s1,detail,1,95,GWICPGWJQQUMKG-UHFFFAOYNA-N,-7.822
PPARG,c_LEU469,mut_s1,detail,1,96,LEDHQUJDAQVDJK-UHFFFAOYNA-N,-8.239
PPARG,c_LEU469,mut_s1,detail,1,97,BJKUVAVJXSIUGS-UYBDAZJANA-N,-7.402
PPARG,c_LEU469,mut_s1,detail,1,98,QXIDHQKQNQWYQW-ORVKFNBTNA-N,-8.878
PPARG,c_LEU469,mut_s1,detail,1,99,VXNGWYZIFXWTDN-PKSOQXRJNA-N,-7.387
PPARG,c_LEU469,mut_s1,detail,1,100,UBFYNRRQFOKQOE-QWOVJGMINA-N,-7.193
PPARG,c_LEU469,mut_s1,detail,1,101,PKPIHOLUWUTPLW-GKKCOONHNA-N,-8.04
PPARG,c_LEU469,mut_s1,detail,1,102,CNYQZGODPRSIFM-LILDFLRNNA-N,-7.951
PPARG,c_LEU469,mut_s1,detail,1,103,OGPHEDOMLIUGFJ-UYBDAZJANA-N,-9.021
PPARG,c_LEU469,mut_s1,detail,1,104,FHOIWEHXSFDGEX-MPIMZMORNA-N,-8.865
PPARG,c_LEU469,mut_s1,detail,1,105,QOIGKGMMAGJZNZ-UHFFFAOYNA-N,-7.94
PPARG,c_LEU469,mut_s1,detail,1,106,DJJKBSKVSXPDMW-XFDRBGHPNA-N,-8.798
PPARG,c_LEU469,mut_s1,detail,1,107,MQVHNCCMPYINIB-GPQMBLKYNA-N,-8.111
PPARG,c_LEU469,mut_s1,detail,1,108,QJBDKSNVJPPLMZ-UYBDAZJANA-N,-8.363
PPARG,c_LEU469,mut_s1,detail,1,109,NEOVEBXUPVDKIZ-PDJAEHLQNA-N,-8.735
PPARG,c_LEU469,mut_s1,detail,1,110,UBMHUOWYROYDAE-MPIMZMORNA-N,-8.011
PPARG,c_LEU469,mut_s1,detail,1,111,NCOQSZVFPAPDPY-MPIMZMORNA-N,-9.156
PPARG,c_LEU469,mut_s1,detail,1,112,IWKDSKQEBMNILM-SFHVURJKNA-N,-7.615
PPARG,c_LEU469,mut_s1,detail,1,113,FYHIZSWDWJOYBD-UHFFFAOYNA-N,-7.592
PPARG,c_LEU469,mut_s1,detail,1,114,CODIBUDSZRMNBU-VVKINWOJNA-N,-8.412
PPARG,c_LEU469,mut_s1,detail,1,115,FSBYPVHAUHIHDK-HYTOZLCFNA-N,-8.371
PPARG,c_LEU469,mut_s1,detail,1,116,IBLBSVRDXNEHCF-UYBDAZJANA-N,-8.777
PPARG,c_LEU469,mut_s1,detail,1,117,YIVFLWLUPIAQNG-MPIMZMORNA-N,-8.951
PPARG,c_LEU469,mut_s1,detail,1,118,OKBASBXKPLMJNO-PKSOQXRJNA-N,-8.357
PPARG,c_LEU469,mut_s1,detail,1,119,CKUZXDONSHPFEU-UHFFFAOYNA-N,-7.631
PPARG,c_LEU469,mut_s1,detail,1,120,FZVOSFJDUXXRFB-LQFNOIFHNA-N,-9.356
PPARG,c_LEU469,mut_s1,detail,1,121,ATWQGOUWTPWHOB-MPIMZMORNA-N,-7.615
PPARG,c_LEU469,mut_s1,detail,1,122,SWTXEVDFRXLPBO-LILDFLRNNA-N,-8.141
PPARG,c_LEU469,mut_s1,detail,1,123,XKKZGDBDLSLGEV-UHFFFAOYNA-N,-7.87
PPARG,c_LEU469,mut_s1,detail,1,124,YOIVLKBZTXOSAW-UHFFFAOYNA-N,-7.387
PPARG,c_LEU469,mut_s1,detail,1,125,MTNDVCNEIIJXQO-LILDFLRNNA-N,-8.35
PPARG,c_LEU469,mut_s1,detail,1,126,VRVOWSSSYICXBN-UHFFFAOYNA-N,-8.289
PPARG,c_LEU469,mut_s1,detail,1,127,YWMOOGZLZREJIF-LILDFLRNNA-N,-5.528
PPARG,c_LEU469,mut_s1,detail,1,128,GBDSDSSPYNQXEN-LQFNOIFHNA-N,-8.968
PPARG,c_LEU469,mut_s1,detail,1,129,WEGCLMSBIIWPKX-HXTKINSTNA-N,-8.29
PPARG,c_LEU469,mut_s1,detail,1,130,KWIMDTZYIABOPE-XBXBPLPCNA-N,-8.884
PPARG,c_LEU469,mut_s1,detail,1,131,PTYKTEYVZUVZBD-LQFNOIFHNA-N,-11.145
PPARG,c_LEU469,mut_s1,detail,1,132,IDUARCWXOZVBJC-UHFFFAOYNA-N,-7.625
PPARG,c_LEU469,mut_s1,detail,1,133,SVHQAQMZYYTKBZ-QIFDKBNDNA-N,-7.062
PPARG,c_LEU469,mut_s1,detail,1,134,OKUWPICMSLXCLZ-ZBJSNUHENA-N,-7.883
PPARG,c_LEU469,mut_s1,detail,1,135,BGESRTVIDMTTHW-MPIMZMORNA-N,-8.94
PPARG,c_LEU469,mut_s1,detail,1,136,RDLHVRFBBSKBMX-UHFFFAOYNA-N,-8.095
PPARG,c_LEU469,mut_s1,detail,1,137,UHKNPVYNTQTWBT-LELJVTLKNA-N,-8.435
PPARG,c_LEU469,mut_s1,detail,1,138,LKOQAWXJCPYWSX-SMCUVTTANA-N,-9.304
PPARG,c_LEU469,mut_s1,detail,1,139,RGTZPMQQOVPWHT-UHFFFAOYNA-N,-8.947
PPARG,c_LEU469,mut_s1,detail,1,140,MPGXBEHIWDZYTG-JRAHLMCZNA-N,-7.966
PPARG,c_LEU469,mut_s1,detail,1,141,YSGONLQAXXDANF-HXTKINSTNA-N,-9.702
PPARG,c_LEU469,mut_s1,detail,1,142,ILADCPXUSGZMCO-LNNLXFCONA-N,-7.546
PPARG,c_LEU469,mut_s1,detail,1,143,WHISBCGJLLBHTQ-LELJVTLKNA-N,-8.068
PPARG,c_LEU469,mut_s1,detail,1,144,FQUQVJCZFGUICL-PZJWPPBQNA-N,-8.195
PPARG,c_LEU469,mut_s1,detail,1,145,PVZFRDICDBVJBC-MPIMZMORNA-N,-7.418
PPARG,c_LEU469,mut_s1,detail,1,146,WUQZEVWHZRAQLY-UHFFFAOYNA-N,-8.106
PPARG,c_LEU469,mut_s1,detail,1,147,PDYDBFOSJUATJC-LELJVTLKNA-N,-8.868
PPARG,c_LEU469,mut_s1,detail,1,148,XFTGZOIRMLTALR-UHFFFAOYNA-N,-8.63
PPARG,c_LEU469,mut_s1,detail,1,149,CPWFSRVCXOETRU-XYFPIJJGNA-N,-8.827
PPARG,c_LEU469,mut_s1,detail,1,150,SAFXYJWXQPZDKB-ZNVTXRBFNA-N,-9.073
PPARG,c_LEU469,mut_s1,detail,1,151,SWLAVROBGRTKAO-LQFNOIFHNA-N,-9.985
PPARG,c_LEU469,mut_s1,detail,1,152,OJFUHLOGAMKMDM-UHFFFAOYNA-N,-8.701
PPARG,c_LEU469,mut_s1,detail,1,153,YPDNVRDMMKZNIG-PJXJJTHHNA-N,-8.129
PPARG,c_LEU469,mut_s1,detail,1,154,LPYDZAPPGTYNGQ-UHFFFAOYNA-N,-9.753
PPARG,c_LEU469,mut_s1,detail,1,155,CXIGBATZIXWVIX-HXTKINSTNA-N,-9.37
PPARG,c_LEU469,mut_s1,detail,1,156,RXPVTNMMNZNKSW-LNNLXFCONA-N,-8.971
PPARG,c_LEU469,mut_s1,detail,1,157,YYDGAWIITBZHPX-UHFFFAOYNA-N,-7.939
PPARG,c_LEU469,mut_s1,detail,1,158,CHUNHRFIWQZFCI-UHFFFAOYNA-N,-8.635
PPARG,c_LEU469,mut_s1,detail,1,159,JDUBGYFRJFOXQC-YCIVUMDCNA-N,-7.864
PPARG,c_LEU469,mut_s1,detail,1,160,MMXCRHIOXQKQPT-LQFNOIFHNA-N,-8.528
PPARG,c_LEU469,mut_s1,detail,1,161,VBENHRFIEOLOJJ-JKZKCNJSNA-N,-8.247
PPARG,c_LEU469,mut_s1,detail,1,162,VPTBWCCSBQRUTD-UHFFFAOYNA-N,-8.326
PPARG,c_LEU469,mut_s1,detail,1,163,WOWAHNXJUPSVDR-LNNLXFCONA-N,-10.038
PPARG,c_LEU469,mut_s1,detail,1,164,WRLLXWRAXRGFBQ-GFQURNRHNA-N,-7.526
PPARG,c_LEU469,mut_s1,detail,1,165,QUUJCYCJKQGYDU-UHFFFAOYNA-N,-6.143
PPARG,c_LEU469,mut_s1,detail,1,166,LWILODJXIVFMKQ-LNNLXFCONA-N,-9.727
PPARG,c_LEU469,mut_s1,detail,1,167,PVBTXZKRTQKXBX-MRSUPTMINA-N,-8.975
PPARG,c_LEU469,mut_s1,detail,1,168,OWYLOIDRWNJCEP-HXUWFJFHNA-N,-8.436
PPARG,c_LEU469,mut_s1,detail,1,169,JOZFRLZUNYNYED-PJQSKVNONA-N,-8.69
PPARG,c_LEU469,mut_s1,detail,1,170,HMQKHGHCACYDGB-UHFFFAOYNA-N,-8.733
PPARG,c_LEU469,mut_s1,detail,1,171,SCHAXPQHOGRLLW-MPIMZMORNA-N,-7.453
PPARG,c_LEU469,mut_s1,detail,1,172,YNGDNNRFKXZELP-BDGWVKIONA-N,-7.381
PPARG,c_LEU469,mut_s1,detail,1,173,XETTWDXILVAWCB-UHFFFAOYNA-N,-7.303
PPARG,c_LEU469,mut_s1,detail,1,174,XXKBFOAMRLTPJL-UHFFFAOYNA-N,-7.111
PPARG,c_LEU469,mut_s1,detail,1,175,TXOXXECOMBAZKB-ZVNAXFNBNA-N,-8.783
PPARG,c_LEU469,mut_s1,detail,1,176,KUFKSMPOXHUGOB-QWOVJGMINA-N,-7.876
PPARG,c_LEU469,mut_s1,detail,1,177,SEHKNXHOUKJSIO-LNNLXFCONA-N,-9.5
PPARG,c_LEU469,mut_s1,detail,1,178,GMMNPCWBYMCYDQ-MPIMZMORNA-N,-9.366
PPARG,c_LEU469,mut_s1,detail,1,179,KEGZEHANNYRNOK-UHFFFAOYNA-N,-8.927
PPARG,c_LEU469,mut_s1,detail,1,180,GBJZQLYNRDBGTL-UHFFFAOYNA-N,-7.34
PPARG,c_LEU469,mut_s1,detail,1,181,UMFUNPLMLVDNME-INIZCTEONA-N,-8.857
PPARG,c_LEU469,mut_s1,detail,1,182,VPYOVNHGFLPMHX-ORVKFNBTNA-N,-8.731
PPARG,c_LEU469,mut_s1,detail,1,183,OQXGEGPDPXAQRC-UHFFFAOYNA-N,-7.719
PPARG,c_LEU469,mut_s1,detail,1,184,ZWOHSJYESLDLLT-AXIOFXGANA-N,-7.555
PPARG,c_LEU469,mut_s1,detail,1,185,NLUWXHFWWSAGMP-LNNLXFCONA-N,-8.932
PPARG,c_LEU469,mut_s1,detail,1,186,NBQDTLQFRAMAMQ-PDJAEHLQNA-N,-9.399
PPARG,c_LEU469,mut_s1,detail,1,187,VKYYUIDNHOUPGY-MPIMZMORNA-N,-9.007
PPARG,c_LEU469,mut_s1,detail,1,188,JHAMDJLHPSYECA-HXTKINSTNA-N,-9.288
PPARG,c_LEU469,mut_s1,detail,1,189,YUXCKESVZUAENN-LQFNOIFHNA-N,-8.063
PPARG,c_LEU469,mut_s1,detail,1,190,VOADUCNXWYAILJ-BOSVZZMWNA-N,-7.714
PPARG,c_LEU469,mut_s1,detail,1,191,YOCNRNBEVZABNA-AVGNRJKVNA-O,-8.796
PPARG,c_LEU469,mut_s1,detail,1,192,QGPIYZBUSYLXQT-UHFFFAOYNA-N,-8.398
PPARG,c_LEU469,mut_s1,detail,1,193,ALIRNZFSPVRFPC-QDIHOGQBNA-N,-10.116
PPARG,c_LEU469,mut_s1,detail,1,194,ZVFXYTPNPFXBNK-LELJVTLKNA-N,-7.908
PPARG,c_LEU469,mut_s1,detail,1,195,VYHWCJWNQFIBGN-CRFSQNOJNA-N,-9.152
PPARG,c_LEU469,mut_s1,detail,1,196,OGTQHYNUUOXINS-BKWRVFRZNA-N,-8.539
PPARG,c_LEU469,mut_s1,detail,1,197,UVYVJQFOXZDFLB-QDIHOGQBNA-N,-8.177
PPARG,c_LEU469,mut_s1,detail,1,198,OKBCXQJLCMYJOC-UHFFFAOYNA-N,-8.842
PPARG,c_LEU469,mut_s1,detail,1,199,UNUQJGDVJMRMAL-LBOYIXSDNA-N,-9.695
PPARG,c_LEU469,mut_s1,detail,1,200,AYOFFOZNXNLQIO-UHFFFAOYNA-N,-8.624
PPARG,c_LEU469,mut_s1,detail,1,201,XSCHYHFIQNFPFK-VJSLDGLSNA-N,-7.378
PPARG,c_LEU469,mut_s1,detail,1,202,JTLSDSKNFBJVAB-CAXFFFRFNA-N,-7.869
PPARG,c_LEU469,mut_s1,detail,1,203,DTRCHIYQUYRTQL-ARSKLOKFNA-N,-6.792
PPARG,c_LEU469,mut_s1,detail,1,204,HHCWBKAHPBAUDS-LBOYIXSDNA-N,-8.921
PPARG,c_LEU469,mut_s1,detail,1,205,SQFXMWLUFDMDIG-LBOYIXSDNA-N,-8.937
PPARG,c_LEU469,mut_s1,detail,1,206,DAAUKUQYGMNNAH-ZUKIQNPFNA-N,-9.271
PPARG,c_LEU469,mut_s1,detail,1,207,POLXUFYBMIRDEG-UHFFFAOYNA-N,-8.996
PPARG,c_LEU469,mut_s1,detail,1,208,HAQNCPOGRFKYNP-WNTKXCTINA-N,-8.379
PPARG,c_LEU469,mut_s1,detail,1,209,CQWFJACPUQVVQZ-UHFFFAOYNA-N,-8.415
PPARG,c_LEU469,mut_s1,detail,1,210,DPMMEOUVESBMSC-ZENAZSQFNA-N,-8.5
PPARG,c_LEU469,mut_s1,detail,1,211,SWRYMOBQOOSZGE-LFJJEMAGNA-N,-10.661
PPARG,c_LEU469,mut_s1,detail,1,212,VJTYYKXVGAQBPX-BGYRXZFFNA-N,-8.224
PPARG,c_LEU469,mut_s1,detail,1,213,BWCCBKUPFRNBAM-QBBGPZPNNA-N,-10.006
PPARG,c_LEU469,mut_s1,detail,1,214,LNHIEYLABBPNKJ-HXTKINSTNA-N,-9.122
PPARG,c_LEU469,mut_s1,detail,1,215,URPWVRUGSFROGL-IWCCUHEHNA-N,-8.448
PPARG,c_LEU469,mut_s1,detail,1,216,VVHGIVKRWDSJFH-HXTKINSTNA-N,-9.341
PPARG,c_LEU469,mut_s1,detail,1,217,SXHIZYRFWJFSEN-WUSLAWIHNA-N,-8.334
PPARG,c_LEU469,mut_s1,detail,1,218,CNHPXUMQURIPRN-UHFFFAOYNA-N,-10.966
PPARG,c_LEU469,mut_s1,detail,1,219,SGUIKZIYGVGMML-UHFFFAOYNA-N,-9.056
PPARG,c_LEU469,mut_s1,detail,1,220,DEVOTYUCWQFKBI-SREBMQDQNA-N,-10.376
PPARG,c_LEU469,mut_s1,detail,1,221,HGLIGFILENTPME-YQIREZNHNA-N,-10.759
PPARG,c_LEU469,mut_s1,detail,1,222,TYJWHVJYDSKQKB-UHFFFAOYNA-N,-8.44
PPARG,c_LEU469,mut_s1,detail,1,223,KOZFSFOOLUUIGY-NHZRFLDCNA-N,-9.209
PPARG,c_LEU469,mut_s1,detail,1,224,IVUDLYCHNURAOH-INNNKKOMNA-N,-6.485
PPARG,c_LEU469,mut_s1,detail,1,225,KDGUWZZCFXNBKJ-UHFFFAOYNA-N,-7.985
PPARG,c_LEU469,mut_s1,detail,1,226,DTVVSEVQQLRJMR-ZIFUYXECNA-N,-7.561
PPARG,c_LEU469,mut_s1,detail,1,227,MUDPTEIPVZCOGV-UHFFFAOYNA-N,-9.881
PPARG,c_LEU469,mut_s1,detail,1,228,IFHBUYGFCSEHIF-OKPOJWAQNA-N,-9.552
PPARG,c_LEU469,mut_s1,detail,1,229,CRKWKHJABOJVAY-SKKVRFOWNA-N,-8.673
PPARG,c_LEU469,mut_s1,detail,1,230,DXEPONXIBPHOTN-ZJLLOKRPNA-N,-8.231
PPARG,c_LEU469,mut_s1,detail,1,231,ULXBTCAXCQWKDE-UHFFFAOYNA-N,-8.872
PPARG,c_LEU469,mut_s1,detail,1,232,WJHXPQKEBQOSHE-HXTKINSTNA-N,-9.048
PPARG,c_LEU469,mut_s1,detail,1,233,KRFOOEYNOKIXRO-PKRZOPRNNA-N,-9.785
PPARG,c_LEU469,mut_s1,detail,1,234,BQPRGAIDSWVYAW-LELJVTLKNA-N,-9.029
PPARG,c_LEU469,mut_s1,detail,1,235,YRMKMEPMFOFXGH-LELJVTLKNA-N,-8.701
PPARG,c_LEU469,mut_s1,detail,1,236,OOPGLCWBUZVAMU-CSODHUTKNA-N,-7.809
PPARG,c_LEU469,mut_s1,detail,1,237,ABMSGZYILANGCA-HXTKINSTNA-N,-8.852
PPARG,c_LEU469,mut_s1,detail,1,238,PTAKEHSCNRJTCJ-UHFFFAOYNA-N,-7.973
PPARG,c_LEU469,mut_s1,detail,1,239,HOXYGIWZMBSLPN-TWPXYFCBNA-N,-8.975
PPARG,c_LEU469,mut_s1,detail,1,240,XKHSVUSPZVNCOT-VWSSANQENA-N,-6.911
PPARG,c_LEU469,mut_s1,detail,1,241,XONRVXOEJMEUIV-UHFFFAOYNA-N,-9.31
PPARG,c_LEU469,mut_s1,detail,1,242,RJVLVZUXYHWKDL-KIKCKTDGNA-N,-8.932
PPARG,c_LEU469,mut_s1,detail,1,243,QFJGVFMADWIIMK-BDGWVKIONA-N,-8.651
PPARG,c_LEU469,mut_s1,detail,1,244,SCZNNLLAHVLZMK-HXTKINSTNA-N,-9.552
PPARG,c_LEU469,mut_s1,detail,1,245,OBFAALRUGGJRGU-PKRZOPRNNA-N,-7.258
PPARG,c_LEU469,mut_s1,detail,1,246,PBDIAJYRAMOINO-WFOUAHBYNA-N,-8.11
PPARG,c_LEU469,mut_s1,detail,1,247,NAMSGSSCIKIOGU-UHFFFAOYNA-N,-9.886
PPARG,c_LEU469,mut_s1,detail,1,248,GJTMJMUIFFQIQN-BQVZJPQVNA-N,-8.315
PPARG,c_LEU469,mut_s1,detail,1,249,FHHOEGKZVIYWLM-PKRZOPRNNA-N,-8.631
PPARG,c_LEU469,mut_s1,detail,1,250,LWSUSTXYIGVJTM-DDTQQWOSNA-N,-9.315
PPARG,c_LEU469,mut_s1,detail,1,251,VAXBUDASTPYURF-YIOWICSRNA-N,-9.885
PPARG,c_LEU469,mut_s1,detail,1,252,JHBVXZXFCJIAJZ-CUCLJGHLNA-N,-10.786
PPARG,c_LEU469,mut_s1,detail,1,253,XASICACCYVTJDX-UHFFFAOYNA-N,-8.528
PPARG,c_LEU469,mut_s1,detail,1,254,FRWAWZNXORYJGK-UHFFFAOYNA-N,-9.893
PPARG,c_LEU469,mut_s1,detail,1,255,YVEPCRMWSAAWMS-BHOFNQNONA-N,-8.98
PPARG,c_PHE287,mut_s1,detail,1,0,OLBYFEGTUWWPTR-FYWRMAATNA-N,-7.499
PPARG,c_PHE287,mut_s1,detail,1,1,SPGYFZIJBSMMEN-UHFFFAOYNA-N,-7.647
PPARG,c_PHE287,mut_s1,detail,1,2,DKKGRNTXCNVFPV-DZQCGVKKNA-N,-8.422
PPARG,c_PHE287,mut_s1,detail,1,3,KCOKHEIACSQLBQ-PCLSHUPZNA-N,-6.912
PPARG,c_PHE287,mut_s1,detail,1,4,XXMDURVCJMZNFC-UHFFFAOYNA-N,-8.443
PPARG,c_PHE287,mut_s1,detail,1,5,XNGWBIOXTHPDBE-UHFFFAOYNA-N,-6.926
PPARG,c_PHE287,mut_s1,detail,1,6,FMLKTYPTZQDWCZ-WYUMXYHSNA-N,-7.333
PPARG,c_PHE287,mut_s1,detail,1,7,BQCYOKUETBHDKF-UHFFFAOYNA-N,-7.962
PPARG,c_PHE287,mut_s1,detail,1,8,VAPRSYGEPKZLNA-UHFFFAOYNA-N,-6.835
PPARG,c_PHE287,mut_s1,detail,1,9,FJWTZYYUIYSFDV-NDKGDYFDNA-N,-6.094
PPARG,c_PHE287,mut_s1,detail,1,10,JSIXJSFAHZREEV-YHMJCDSINA-N,-6.75
PPARG,c_PHE287,mut_s1,detail,1,11,BGSXHNNWYPKQIQ-VEWCPZSHNA-N,-7.512
PPARG,c_PHE287,mut_s1,detail,1,12,ANJUUMLKPZLRGR-GPQMBLKYNA-N,-7.289
PPARG,c_PHE287,mut_s1,detail,1,13,WVDDMJTWFGHTGZ-VMPITWQZNA-N,-6.763
PPARG,c_PHE287,mut_s1,detail,1,14,OSFGHYZLBDAJTP-LILDFLRNNA-N,-9.3
PPARG,c_PHE287,mut_s1,detail,1,15,TZSPGMKSRHWUBZ-UHFFFAOYNA-N,-7.205
PPARG,c_PHE287,mut_s1,detail,1,16,RJNMLHBOHSQLDU-UHFFFAOYNA-N,-6.656
PPARG,c_PHE287,mut_s1,detail,1,17,HPGOEMWDBCJDOY-LILDFLRNNA-N,-7.809
PPARG,c_PHE287,mut_s1,detail,1,18,ANIAQSUBRGXWLS-UHFFFAOYNA-N,-5.592
PPARG,c_PHE287,mut_s1,detail,1,19,XHPTXSLPPJQCFM-UOUMIGKDNA-N,-7.579
PPARG,c_PHE287,mut_s1,detail,1,20,OYUMERJRBPSDQK-UHFFFAOYNA-N,-8.659
PPARG,c_PHE287,mut_s1,detail,1,21,RHCPJGMOPIMKFS-UHFFFAOYNA-N,-6.679
PPARG,c_PHE287,mut_s1,detail,1,22,GQCRCQLETCLZLO-NDKGDYFDNA-N,-6.491
PPARG,c_PHE287,mut_s1,detail,1,23,HDTRJGVVKZGWQZ-UHFFFAOYNA-N,-7.597
PPARG,c_PHE287,mut_s1,detail,1,24,PODSUWFXVDWCHZ-YAQRNVERNA-N,-7.505
PPARG,c_PHE287,mut_s1,detail,1,25,XOQICXJZZWXQDG-SDNWHVSQNA-N,-7.868
PPARG,c_PHE287,mut_s1,detail,1,26,LRQZMRHGRBHVRW-BLHHFWFONA-N,-6.158
PPARG,c_PHE287,mut_s1,detail,1,27,INRDHPFHGNGCCW-UHFFFAOYNA-N,-7.816
PPARG,c_PHE287,mut_s1,detail,1,28,WIRZCAWOMABORR-HCKMINDGNA-N,-7.596
PPARG,c_PHE287,mut_s1,detail,1,29,ISHXVBNQBLMUMA-XAASJSMPNA-N,-7.904
PPARG,c_PHE287,mut_s1,detail,1,30,ZVAZVKMDCRYPAQ-UHFFFAOYNA-N,-6.339
PPARG,c_PHE287,mut_s1,detail,1,31,OJGDCBLYJGHCIH-UHFFFAOYNA-N,-6.925
PPARG,c_PHE287,mut_s1,detail,1,32,HUJQOHMOYGRIRS-WYCIUFAENA-N,-7.552
PPARG,c_PHE287,mut_s1,detail,1,33,IXOFYFZRTXYNDM-HCKMINDGNA-N,-7.826
PPARG,c_PHE287,mut_s1,detail,1,34,RBMMHDHXQQMEMH-UHFFFAOYNA-N,-7.074
PPARG,c_PHE287,mut_s1,detail,1,35,CFFGWJLHGOSOHF-AHPDCHJINA-N,-6.628
PPARG,c_PHE287,mut_s1,detail,1,36,FFPAFAKDJLEUSC-YHMJCDSINA-N,-6.397
PPARG,c_PHE287,mut_s1,detail,1,37,ULEATUCPMCKRAM-IRXDYDNUNA-N,-7.563
PPARG,c_PHE287,mut_s1,detail,1,38,SUSPKFCOAROGEI-UHFFFAOYNA-N,-6.437
PPARG,c_PHE287,mut_s1,detail,1,39,ILOLPXFRSGURQA-HCKMINDGNA-N,-7.958
PPARG,c_PHE287,mut_s1,detail,1,40,LAHNGPIIMDWGRL-UHFFFAOYNA-N,-8.418
PPARG,c_PHE287,mut_s1,detail,1,41,PONNWXFCUBXOFS-UHFFFAOYNA-N,-7.661
PPARG,c_PHE287,mut_s1,detail,1,42,NGPUMDFMDVHJTF-XMHGGMMENA-N,-6.938
PPARG,c_PHE287,mut_s1,detail,1,43,GKVFCYBLNULLCL-YGPBECBDNA-N,-6.55
PPARG,c_PHE287,mut_s1,detail,1,44,FZPYMNOBFYWKFC-UHFFFAOYNA-N,-7.47
PPARG,c_PHE287,mut_s1,detail,1,45,CPJICALSLDLRJP-LILDFLRNNA-N,-7.827
PPARG,c_PHE287,mut_s1,detail,1,46,RAVBBDYGFXMBKB-GAJRPKRDNA-N,-7.062
PPARG,c_PHE287,mut_s1,detail,1,47,NCUWRDDNNJFMAS-UHFFFAOYNA-N,-8.171
PPARG,c_PHE287,mut_s1,detail,1,48,VDNBWTVXZDOUIG-PKSOQXRJNA-N,-8.056
PPARG,c_PHE287,mut_s1,detail,1,49,WYMKISIWQJPKOC-UHFFFAOYNA-N,-6.882
PPARG,c_PHE287,mut_s1,detail,1,50,VTCXXKFOLLSYCU-UHFFFAOYNA-N,-6.604
PPARG,c_PHE287,mut_s1,detail,1,51,BSLAOCJVMOGUKX-VHOFBASHNA-N,-7.35
PPARG,c_PHE287,mut_s1,detail,1,52,RZUVVWWNGGXUBI-GPQMBLKYNA-N,-8.703
PPARG,c_PHE287,mut_s1,detail,1,53,YLYYXIMYACYRSP-UYBDAZJANA-N,-6.754
PPARG,c_PHE287,mut_s1,detail,1,54,PHRXHZRDJNSXDF-QHCBTKRXNA-N,-7.5
PPARG,c_PHE287,mut_s1,detail,1,55,ABQUFQQMQCPHOH-NCWAPJAINA-N,-7.434
PPARG,c_PHE287,mut_s1,detail,1,56,FKIFGIZHFPIJND-GQAOMWGXNA-N,-7.08
PPARG,c_PHE287,mut_s1,detail,1,57,NHZFGROUVFTJAK-WYUMXYHSNA-N,-8.013
PPARG,c_PHE287,mut_s1,detail,1,58,RTJPLJJBIWFNSZ-UHFFFAOYNA-N,-7.661
PPARG,c_PHE287,mut_s1,detail,1,59,ZJRUXQBLSMYTIS-DXMPFREMNA-N,-7.292
PPARG,c_PHE287,mut_s1,detail,1,60,UYVIFQIPPPRZJF-QWOVJGMINA-N,-7.69
PPARG,c_PHE287,mut_s1,detail,1,61,WYTBYQZYJIGCBO-LILDFLRNNA-N,-8.478
PPARG,c_PHE287,mut_s1,detail,1,62,KKWWDIPRICACPS-GPQMBLKYNA-N,-7.266
PPARG,c_PHE287,mut_s1,detail,1,63,NZRHOWNFGASHMN-ZHLVXTBQNA-N,-6.686
PPARG,c_PHE287,mut_s1,detail,1,64,MGSGKNKREAYFRZ-UHFFFAOYNA-N,-7.373
PPARG,c_PHE287,mut_s1,detail,1,65,QTIJDOJTNOHQTC-WQGACYEGNA-N,-6.718
PPARG,c_PHE287,mut_s1,detail,1,66,ZHRVXEKEOMUAJO-PKSOQXRJNA-N,-9.06
PPARG,c_PHE287,mut_s1,detail,1,67,AJEULKUYXOLHDN-DVIAZDKANA-N,-9.13
PPARG,c_PHE287,mut_s1,detail,1,68,MGNZRUQLGFVWLY-UHFFFAOYNA-N,-8.265
PPARG,c_PHE287,mut_s1,detail,1,69,OHIMIXUWTWBDBR-UHFFFAOYNA-N,-8.467
PPARG,c_PHE287,mut_s1,detail,1,70,RFEGKAVABNLRHW-WYUMXYHSNA-N,-8.231
PPARG,c_PHE287,mut_s1,detail,1,71,OVDZZJAUKDINIY-SGTLLEGYNA-N,-7.838
PPARG,c_PHE287,mut_s1,detail,1,72,FIGONFGVGMSPID-MPIMZMORNA-N,-9.073
PPARG,c_PHE287,mut_s1,detail,1,73,DSSHOSHLYKWNRQ-UHFFFAOYNA-N,-7.498
PPARG,c_PHE287,mut_s1,detail,1,74,PKDGFUYVUYOZFK-UHFFFAOYNA-N,-8.505
PPARG,c_PHE287,mut_s1,detail,1,75,FSDOAOAVZVMAGE-RRORKGOJNA-N,-7.908
PPARG,c_PHE287,mut_s1,detail,1,76,SKYAUASQUBDEOI-LHJMZCQGNA-N,-7.189
PPARG,c_PHE287,mut_s1,detail,1,77,RRRYPJNSMOUEOE-XBTAAFKLNA-N,-8.925
PPARG,c_PHE287,mut_s1,detail,1,78,LNQOCSSUUUJFLY-BNKWAMQHNA-N,-8.598
PPARG,c_PHE287,mut_s1,detail,1,79,IQVUWJZWHCFIBG-UYBDAZJANA-N,-6.927
PPARG,c_PHE287,mut_s1,detail,1,80,FECVWTWBRSSNCK-XBTAAFKLNA-N,-9.92
PPARG,c_PHE287,mut_s1,detail,1,81,USDYHKNHMGVDHS-UYBDAZJANA-N,-7.03
PPARG,c_PHE287,mut_s1,detail,1,82,ZVJAHPKIYVGDHR-ILXRZTDVNA-N,-7.361
PPARG,c_PHE287,mut_s1,detail,1,83,AGWWZCICEUHAPF-UHFFFAOYNA-N,-9.223
PPARG,c_PHE287,mut_s1,detail,1,84,SIFYPHRKPXWEFL-UHFFFAOYNA-N,-8.341
PPARG,c_PHE287,mut_s1,detail,1,85,CCBDIYWTNHRYSF-GPQMBLKYNA-N,-8.569
PPARG,c_PHE287,mut_s1,detail,1,86,QZJYCFURESLRJX-UHFFFAOYNA-N,-7.278
PPARG,c_PHE287,mut_s1,detail,1,87,KDGSVHGIVBVYFE-SIKSZQSZNA-N,-8.616
PPARG,c_PHE287,mut_s1,detail,1,88,KAVCMDDCFVWLGH-DCYBUDGMNA-N,-8.896
PPARG,c_PHE287,mut_s1,detail,1,89,QTJDEJXKPAATAY-LILDFLRNNA-N,-9.021
PPARG,c_PHE287,mut_s1,detail,1,90,DCCNEGBQLUHRSI-UHFFFAOYNA-N,-5.929
PPARG,c_PHE287,mut_s1,detail,1,91,VUCQKRJVSPHODJ-UHFFFAOYNA-N,-7.595
PPARG,c_PHE287,mut_s1,detail,1,92,XCNTYAMCOLKFEW-UHFFFAOYNA-N,-6.686
PPARG,c_PHE287,mut_s1,detail,1,93,MLPVFRGFZVZNOZ-ODUIGABRNA-N,-7.915
PPARG,c_PHE287,mut_s1,detail,1,94,JXNGVLIPVYLXLZ-PKSOQXRJNA-N,-8.049
PPARG,c_PHE287,mut_s1,detail,1,95,GWICPGWJQQUMKG-UHFFFAOYNA-N,-7.722
PPARG,c_PHE287,mut_s1,detail,1,96,LEDHQUJDAQVDJK-UHFFFAOYNA-N,-8.681
PPARG,c_PHE287,mut_s1,detail,1,97,BJKUVAVJXSIUGS-UYBDAZJANA-N,-7.236
PPARG,c_PHE287,mut_s1,detail,1,98,QXIDHQKQNQWYQW-ORVKFNBTNA-N,-8.621
PPARG,c_PHE287,mut_s1,detail,1,99,VXNGWYZIFXWTDN-PKSOQXRJNA-N,-7.325
PPARG,c_PHE287,mut_s1,detail,1,100,UBFYNRRQFOKQOE-QWOVJGMINA-N,-6.954
PPARG,c_PHE287,mut_s1,detail,1,101,PKPIHOLUWUTPLW-GKKCOONHNA-N,-8.659
PPARG,c_PHE287,mut_s1,detail,1,102,CNYQZGODPRSIFM-LILDFLRNNA-N,-7.412
PPARG,c_PHE287,mut_s1,detail,1,103,OGPHEDOMLIUGFJ-UYBDAZJANA-N,-9.3
PPARG,c_PHE287,mut_s1,detail,1,104,FHOIWEHXSFDGEX-MPIMZMORNA-N,-9.05
PPARG,c_PHE287,mut_s1,detail,1,105,QOIGKGMMAGJZNZ-UHFFFAOYNA-N,-8.193
PPARG,c_PHE287,mut_s1,detail,1,106,DJJKBSKVSXPDMW-XFDRBGHPNA-N,-8.302
PPARG,c_PHE287,mut_s1,detail,1,107,MQVHNCCMPYINIB-GPQMBLKYNA-N,-8.152
PPARG,c_PHE287,mut_s1,detail,1,108,QJBDKSNVJPPLMZ-UYBDAZJANA-N,-8.592
PPARG,c_PHE287,mut_s1,detail,1,109,NEOVEBXUPVDKIZ-PDJAEHLQNA-N,-8.608
PPARG,c_PHE287,mut_s1,detail,1,110,UBMHUOWYROYDAE-MPIMZMORNA-N,-8.017
PPARG,c_PHE287,mut_s1,detail,1,111,NCOQSZVFPAPDPY-MPIMZMORNA-N,-9.315
PPARG,c_PHE287,mut_s1,detail,1,112,IWKDSKQEBMNILM-SFHVURJKNA-N,-8.094
PPARG,c_PHE287,mut_s1,detail,1,113,FYHIZSWDWJOYBD-UHFFFAOYNA-N,-7.338
PPARG,c_PHE287,mut_s1,detail,1,114,CODIBUDSZRMNBU-VVKINWOJNA-N,-8.256
PPARG,c_PHE287,mut_s1,detail,1,115,FSBYPVHAUHIHDK-HYTOZLCFNA-N,-8.354
PPARG,c_PHE287,mut_s1,detail,1,116,IBLBSVRDXNEHCF-UYBDAZJANA-N,-8.592
PPARG,c_PHE287,mut_s1,detail,1,117,YIVFLWLUPIAQNG-MPIMZMORNA-N,-8.893
PPARG,c_PHE287,mut_s1,detail,1,118,OKBASBXKPLMJNO-PKSOQXRJNA-N,-7.991
PPARG,c_PHE287,mut_s1,detail,1,119,CKUZXDONSHPFEU-UHFFFAOYNA-N,-8.014
PPARG,c_PHE287,mut_s1,detail,1,120,FZVOSFJDUXXRFB-LQFNOIFHNA-N,-9.45
PPARG,c_PHE287,mut_s1,detail,1,121,ATWQGOUWTPWHOB-MPIMZMORNA-N,-7.15
PPARG,c_PHE287,mut_s1,detail,1,122,SWTXEVDFRXLPBO-LILDFLRNNA-N,-8.117
PPARG,c_PHE287,mut_s1,detail,1,123,XKKZGDBDLSLGEV-UHFFFAOYNA-N,-7.721
PPARG,c_PHE287,mut_s1,detail,1,124,YOIVLKBZTXOSAW-UHFFFAOYNA-N,-7.346
PPARG,c_PHE287,mut_s1,detail,1,125,MTNDVCNEIIJXQO-LILDFLRNNA-N,-8.482
PPARG,c_PHE287,mut_s1,detail,1,126,VRVOWSSSYICXBN-UHFFFAOYNA-N,-8.576
PPARG,c_PHE287,mut_s1,detail,1,127,YWMOOGZLZREJIF-LILDFLRNNA-N,-5.819
PPARG,c_PHE287,mut_s1,detail,1,128,GBDSDSSPYNQXEN-LQFNOIFHNA-N,-9.374
PPARG,c_PHE287,mut_s1,detail,1,129,WEGCLMSBIIWPKX-HXTKINSTNA-N,-8.361
PPARG,c_PHE287,mut_s1,detail,1,130,KWIMDTZYIABOPE-XBXBPLPCNA-N,-9.567
PPARG,c_PHE287,mut_s1,detail,1,131,PTYKTEYVZUVZBD-LQFNOIFHNA-N,-10.837
PPARG,c_PHE287,mut_s1,detail,1,132,IDUARCWXOZVBJC-UHFFFAOYNA-N,-7.649
PPARG,c_PHE287,mut_s1,detail,1,133,SVHQAQMZYYTKBZ-QIFDKBNDNA-N,-6.849
PPARG,c_PHE287,mut_s1,detail,1,134,OKUWPICMSLXCLZ-ZBJSNUHENA-N,-7.419
PPARG,c_PHE287,mut_s1,detail,1,135,BGESRTVIDMTTHW-MPIMZMORNA-N,-9.625
PPARG,c_PHE287,mut_s1,detail,1,136,RDLHVRFBBSKBMX-UHFFFAOYNA-N,-7.916
PPARG,c_PHE287,mut_s1,detail,1,137,UHKNPVYNTQTWBT-LELJVTLKNA-N,-8.87
PPARG,c_PHE287,mut_s1,detail,1,138,LKOQAWXJCPYWSX-SMCUVTTANA-N,-9.147
PPARG,c_PHE287,mut_s1,detail,1,139,RGTZPMQQOVPWHT-UHFFFAOYNA-N,-8.724
PPARG,c_PHE287,mut_s1,detail,1,140,MPGXBEHIWDZYTG-JRAHLMCZNA-N,-6.949
PPARG,c_PHE287,mut_s1,detail,1,141,YSGONLQAXXDANF-HXTKINSTNA-N,-9.424
PPARG,c_PHE287,mut_s1,detail,1,142,ILADCPXUSGZMCO-LNNLXFCONA-N,-8.513
PPARG,c_PHE287,mut_s1,detail,1,143,WHISBCGJLLBHTQ-LELJVTLKNA-N,-7.944
PPARG,c_PHE287,mut_s1,detail,1,144,FQUQVJCZFGUICL-PZJWPPBQNA-N,-8.149
PPARG,c_PHE287,mut_s1,detail,1,145,PVZFRDICDBVJBC-MPIMZMORNA-N,-7.837
PPARG,c_PHE287,mut_s1,detail,1,146,WUQZEVWHZRAQLY-UHFFFAOYNA-N,-8.953
PPARG,c_PHE287,mut_s1,detail,1,147,PDYDBFOSJUATJC-LELJVTLKNA-N,-8.682
PPARG,c_PHE287,mut_s1,detail,1,148,XFTGZOIRMLTALR-UHFFFAOYNA-N,-9.853
PPARG,c_PHE287,mut_s1,detail,1,149,CPWFSRVCXOETRU-XYFPIJJGNA-N,-8.983
PPARG,c_PHE287,mut_s1,detail,1,150,SAFXYJWXQPZDKB-ZNVTXRBFNA-N,-8.714
PPARG,c_PHE287,mut_s1,detail,1,151,SWLAVROBGRTKAO-LQFNOIFHNA-N,-10.296
PPARG,c_PHE287,mut_s1,detail,1,152,OJFUHLOGAMKMDM-UHFFFAOYNA-N,-8.705
PPARG,c_PHE287,mut_s1,detail,1,153,YPDNVRDMMKZNIG-PJXJJTHHNA-N,-8.608
PPARG,c_PHE287,mut_s1,detail,1,154,LPYDZAPPGTYNGQ-UHFFFAOYNA-N,-9.877
PPARG,c_PHE287,mut_s1,detail,1,155,CXIGBATZIXWVIX-HXTKINSTNA-N,-9.766
PPARG,c_PHE287,mut_s1,detail,1,156,RXPVTNMMNZNKSW-LNNLXFCONA-N,-9.638
PPARG,c_PHE287,mut_s1,detail,1,157,YYDGAWIITBZHPX-UHFFFAOYNA-N,-8.239
PPARG,c_PHE287,mut_s1,detail,1,158,CHUNHRFIWQZFCI-UHFFFAOYNA-N,-9.008
PPARG,c_PHE287,mut_s1,detail,1,159,JDUBGYFRJFOXQC-YCIVUMDCNA-N,-7.8
PPARG,c_PHE287,mut_s1,detail,1,160,MMXCRHIOXQKQPT-LQFNOIFHNA-N,-8.574
PPARG,c_PHE287,mut_s1,detail,1,161,VBENHRFIEOLOJJ-JKZKCNJSNA-N,-8.356
PPARG,c_PHE287,mut_s1,detail,1,162,VPTBWCCSBQRUTD-UHFFFAOYNA-N,-8.057
PPARG,c_PHE287,mut_s1,detail,1,163,WOWAHNXJUPSVDR-LNNLXFCONA-N,-10.142
PPARG,c_PHE287,mut_s1,detail,1,164,WRLLXWRAXRGFBQ-GFQURNRHNA-N,-7.956
PPARG,c_PHE287,mut_s1,detail,1,165,QUUJCYCJKQGYDU-UHFFFAOYNA-N,-6.269
PPARG,c_PHE287,mut_s1,detail,1,166,LWILODJXIVFMKQ-LNNLXFCONA-N,-9.359
PPARG,c_PHE287,mut_s1,detail,1,167,PVBTXZKRTQKXBX-MRSUPTMINA-N,-8.931
PPARG,c_PHE287,mut_s1,detail,1,168,OWYLOIDRWNJCEP-HXUWFJFHNA-N,-8.244
PPARG,c_PHE287,mut_s1,detail,1,169,JOZFRLZUNYNYED-PJQSKVNONA-N,-8.577
PPARG,c_PHE287,mut_s1,detail,1,170,HMQKHGHCACYDGB-UHFFFAOYNA-N,-9.005
PPARG,c_PHE287,mut_s1,detail,1,171,SCHAXPQHOGRLLW-MPIMZMORNA-N,-8.637
PPARG,c_PHE287,mut_s1,detail,1,172,YNGDNNRFKXZELP-BDGWVKIONA-N,-7.341
PPARG,c_PHE287,mut_s1,detail,1,173,XETTWDXILVAWCB-UHFFFAOYNA-N,-7.398
PPARG,c_PHE287,mut_s1,detail,1,174,XXKBFOAMRLTPJL-UHFFFAOYNA-N,-7.138
PPARG,c_PHE287,mut_s1,detail,1,175,TXOXXECOMBAZKB-ZVNAXFNBNA-N,-8.743
PPARG,c_PHE287,mut_s1,detail,1,176,KUFKSMPOXHUGOB-QWOVJGMINA-N,-7.978
PPARG,c_PHE287,mut_s1,detail,1,177,SEHKNXHOUKJSIO-LNNLXFCONA-N,-9.089
PPARG,c_PHE287,mut_s1,detail,1,178,GMMNPCWBYMCYDQ-MPIMZMORNA-N,-8.657
PPARG,c_PHE287,mut_s1,detail,1,179,KEGZEHANNYRNOK-UHFFFAOYNA-N,-8.82
PPARG,c_PHE287,mut_s1,detail,1,180,GBJZQLYNRDBGTL-UHFFFAOYNA-N,-7.534
PPARG,c_PHE287,mut_s1,detail,1,181,UMFUNPLMLVDNME-INIZCTEONA-N,-8.608
PPARG,c_PHE287,mut_s1,detail,1,182,VPYOVNHGFLPMHX-ORVKFNBTNA-N,-8.263
PPARG,c_PHE287,mut_s1,detail,1,183,OQXGEGPDPXAQRC-UHFFFAOYNA-N,-7.526
PPARG,c_PHE287,mut_s1,detail,1,184,ZWOHSJYESLDLLT-AXIOFXGANA-N,-7.709
PPARG,c_PHE287,mut_s1,detail,1,185,NLUWXHFWWSAGMP-LNNLXFCONA-N,-8.882
PPARG,c_PHE287,mut_s1,detail,1,186,NBQDTLQFRAMAMQ-PDJAEHLQNA-N,-9.066
PPARG,c_PHE287,mut_s1,detail,1,187,VKYYUIDNHOUPGY-MPIMZMORNA-N,-8.688
PPARG,c_PHE287,mut_s1,detail,1,188,JHAMDJLHPSYECA-HXTKINSTNA-N,-9.536
PPARG,c_PHE287,mut_s1,detail,1,189,YUXCKESVZUAENN-LQFNOIFHNA-N,-8.05
PPARG,c_PHE287,mut_s1,detail,1,190,VOADUCNXWYAILJ-BOSVZZMWNA-N,-7.761
PPARG,c_PHE287,mut_s1,detail,1,191,YOCNRNBEVZABNA-AVGNRJKVNA-O,-8.197
PPARG,c_PHE287,mut_s1,detail,1,192,QGPIYZBUSYLXQT-UHFFFAOYNA-N,-8.574
PPARG,c_PHE287,mut_s1,detail,1,193,ALIRNZFSPVRFPC-QDIHOGQBNA-N,-10.174
PPARG,c_PHE287,mut_s1,detail,1,194,ZVFXYTPNPFXBNK-LELJVTLKNA-N,-7.981
PPARG,c_PHE287,mut_s1,detail,1,195,VYHWCJWNQFIBGN-CRFSQNOJNA-N,-8.906
PPARG,c_PHE287,mut_s1,detail,1,196,OGTQHYNUUOXINS-BKWRVFRZNA-N,-8.283
PPARG,c_PHE287,mut_s1,detail,1,197,UVYVJQFOXZDFLB-QDIHOGQBNA-N,-7.985
PPARG,c_PHE287,mut_s1,detail,1,198,OKBCXQJLCMYJOC-UHFFFAOYNA-N,-8.797
PPARG,c_PHE287,mut_s1,detail,1,199,UNUQJGDVJMRMAL-LBOYIXSDNA-N,-9.482
PPARG,c_PHE287,mut_s1,detail,1,200,AYOFFOZNXNLQIO-UHFFFAOYNA-N,-7.848
PPARG,c_PHE287,mut_s1,detail,1,201,XSCHYHFIQNFPFK-VJSLDGLSNA-N,-7.253
PPARG,c_PHE287,mut_s1,detail,1,202,JTLSDSKNFBJVAB-CAXFFFRFNA-N,-7.916
PPARG,c_PHE287,mut_s1,detail,1,203,DTRCHIYQUYRTQL-ARSKLOKFNA-N,-6.483
PPARG,c_PHE287,mut_s1,detail,1,204,HHCWBKAHPBAUDS-LBOYIXSDNA-N,-9.223
PPARG,c_PHE287,mut_s1,detail,1,205,SQFXMWLUFDMDIG-LBOYIXSDNA-N,-9.194
PPARG,c_PHE287,mut_s1,detail,1,206,DAAUKUQYGMNNAH-ZUKIQNPFNA-N,-9.626
PPARG,c_PHE287,mut_s1,detail,1,207,POLXUFYBMIRDEG-UHFFFAOYNA-N,-8.491
PPARG,c_PHE287,mut_s1,detail,1,208,HAQNCPOGRFKYNP-WNTKXCTINA-N,-8.331
PPARG,c_PHE287,mut_s1,detail,1,209,CQWFJACPUQVVQZ-UHFFFAOYNA-N,-8.396
PPARG,c_PHE287,mut_s1,detail,1,210,DPMMEOUVESBMSC-ZENAZSQFNA-N,-8.626
PPARG,c_PHE287,mut_s1,detail,1,211,SWRYMOBQOOSZGE-LFJJEMAGNA-N,-10.745
PPARG,c_PHE287,mut_s1,detail,1,212,VJTYYKXVGAQBPX-BGYRXZFFNA-N,-8.247
PPARG,c_PHE287,mut_s1,detail,1,213,BWCCBKUPFRNBAM-QBBGPZPNNA-N,-9.74
PPARG,c_PHE287,mut_s1,detail,1,214,LNHIEYLABBPNKJ-HXTKINSTNA-N,-8.969
PPARG,c_PHE287,mut_s1,detail,1,215,URPWVRUGSFROGL-IWCCUHEHNA-N,-8.601
PPARG,c_PHE287,mut_s1,detail,1,216,VVHGIVKRWDSJFH-HXTKINSTNA-N,-9.948
PPARG,c_PHE287,mut_s1,detail,1,217,SXHIZYRFWJFSEN-WUSLAWIHNA-N,-8.292
PPARG,c_PHE287,mut_s1,detail,1,218,CNHPXUMQURIPRN-UHFFFAOYNA-N,-10.624
PPARG,c_PHE287,mut_s1,detail,1,219,SGUIKZIYGVGMML-UHFFFAOYNA-N,-8.125
PPARG,c_PHE287,mut_s1,detail,1,220,DEVOTYUCWQFKBI-SREBMQDQNA-N,-10.537
PPARG,c_PHE287,mut_s1,detail,1,221,HGLIGFILENTPME-YQIREZNHNA-N,-10.08
PPARG,c_PHE287,mut_s1,detail,1,222,TYJWHVJYDSKQKB-UHFFFAOYNA-N,-8.151
PPARG,c_PHE287,mut_s1,detail,1,223,KOZFSFOOLUUIGY-NHZRFLDCNA-N,-8.722
PPARG,c_PHE287,mut_s1,detail,1,224,IVUDLYCHNURAOH-INNNKKOMNA-N,-6.627
PPARG,c_PHE287,mut_s1,detail,1,225,KDGUWZZCFXNBKJ-UHFFFAOYNA-N,-8.005
PPARG,c_PHE287,mut_s1,detail,1,226,DTVVSEVQQLRJMR-ZIFUYXECNA-N,-8.837
PPARG,c_PHE287,mut_s1,detail,1,227,MUDPTEIPVZCOGV-UHFFFAOYNA-N,-9.461
PPARG,c_PHE287,mut_s1,detail,1,228,IFHBUYGFCSEHIF-OKPOJWAQNA-N,-9.496
PPARG,c_PHE287,mut_s1,detail,1,229,CRKWKHJABOJVAY-SKKVRFOWNA-N,-8.784
PPARG,c_PHE287,mut_s1,detail,1,230,DXEPONXIBPHOTN-ZJLLOKRPNA-N,-8.124
PPARG,c_PHE287,mut_s1,detail,1,231,ULXBTCAXCQWKDE-UHFFFAOYNA-N,-9.03
PPARG,c_PHE287,mut_s1,detail,1,232,WJHXPQKEBQOSHE-HXTKINSTNA-N,-8.71
PPARG,c_PHE287,mut_s1,detail,1,233,KRFOOEYNOKIXRO-PKRZOPRNNA-N,-9.602
PPARG,c_PHE287,mut_s1,detail,1,234,BQPRGAIDSWVYAW-LELJVTLKNA-N,-8.93
PPARG,c_PHE287,mut_s1,detail,1,235,YRMKMEPMFOFXGH-LELJVTLKNA-N,-8.143
PPARG,c_PHE287,mut_s1,detail,1,236,OOPGLCWBUZVAMU-CSODHUTKNA-N,-6.764
PPARG,c_PHE287,mut_s1,detail,1,237,ABMSGZYILANGCA-HXTKINSTNA-N,-8.743
PPARG,c_PHE287,mut_s1,detail,1,238,PTAKEHSCNRJTCJ-UHFFFAOYNA-N,-8.293
PPARG,c_PHE287,mut_s1,detail,1,239,HOXYGIWZMBSLPN-TWPXYFCBNA-N,-8.839
PPARG,c_PHE287,mut_s1,detail,1,240,XKHSVUSPZVNCOT-VWSSANQENA-N,-6.558
PPARG,c_PHE287,mut_s1,detail,1,241,XONRVXOEJMEUIV-UHFFFAOYNA-N,-9.474
PPARG,c_PHE287,mut_s1,detail,1,242,RJVLVZUXYHWKDL-KIKCKTDGNA-N,-8.53
PPARG,c_PHE287,mut_s1,detail,1,243,QFJGVFMADWIIMK-BDGWVKIONA-N,-8.825
PPARG,c_PHE287,mut_s1,detail,1,244,SCZNNLLAHVLZMK-HXTKINSTNA-N,-9.626
PPARG,c_PHE287,mut_s1,detail,1,245,OBFAALRUGGJRGU-PKRZOPRNNA-N,-6.964
PPARG,c_PHE287,mut_s1,detail,1,246,PBDIAJYRAMOINO-WFOUAHBYNA-N,-7.956
PPARG,c_PHE287,mut_s1,detail,1,247,NAMSGSSCIKIOGU-UHFFFAOYNA-N,-8.589
PPARG,c_PHE287,mut_s1,detail,1,248,GJTMJMUIFFQIQN-BQVZJPQVNA-N,-8.363
PPARG,c_PHE287,mut_s1,detail,1,249,FHHOEGKZVIYWLM-PKRZOPRNNA-N,-8.316
PPARG,c_PHE287,mut_s1,detail,1,250,LWSUSTXYIGVJTM-DDTQQWOSNA-N,-9.274
PPARG,c_PHE287,mut_s1,detail,1,251,VAXBUDASTPYURF-YIOWICSRNA-N,-9.873
PPARG,c_PHE287,mut_s1,detail,1,252,JHBVXZXFCJIAJZ-CUCLJGHLNA-N,-10.76
PPARG,c_PHE287,mut_s1,detail,1,253,XASICACCYVTJDX-UHFFFAOYNA-N,-8.606
PPARG,c_PHE287,mut_s1,detail,1,254,FRWAWZNXORYJGK-UHFFFAOYNA-N,-8.76
PPARG,c_PHE287,mut_s1,detail,1,255,YVEPCRMWSAAWMS-BHOFNQNONA-N,-9.112
PPARG,s_GLU259,mut_s1,detail,1,0,OLBYFEGTUWWPTR-FYWRMAATNA-N,-6.99
PPARG,s_GLU259,mut_s1,detail,1,1,SPGYFZIJBSMMEN-UHFFFAOYNA-N,-8.166
PPARG,s_GLU259,mut_s1,detail,1,2,DKKGRNTXCNVFPV-DZQCGVKKNA-N,-9.024
PPARG,s_GLU259,mut_s1,detail,1,3,KCOKHEIACSQLBQ-PCLSHUPZNA-N,-6.757
PPARG,s_GLU259,mut_s1,detail,1,4,XXMDURVCJMZNFC-UHFFFAOYNA-N,-8.493
PPARG,s_GLU259,mut_s1,detail,1,5,XNGWBIOXTHPDBE-UHFFFAOYNA-N,-6.882
PPARG,s_GLU259,mut_s1,detail,1,6,FMLKTYPTZQDWCZ-WYUMXYHSNA-N,-7.36
PPARG,s_GLU259,mut_s1,detail,1,7,BQCYOKUETBHDKF-UHFFFAOYNA-N,-8.328
PPARG,s_GLU259,mut_s1,detail,1,8,VAPRSYGEPKZLNA-UHFFFAOYNA-N,-6.849
PPARG,s_GLU259,mut_s1,detail,1,9,FJWTZYYUIYSFDV-NDKGDYFDNA-N,-5.641
PPARG,s_GLU259,mut_s1,detail,1,10,JSIXJSFAHZREEV-YHMJCDSINA-N,-6.63
PPARG,s_GLU259,mut_s1,detail,1,11,BGSXHNNWYPKQIQ-VEWCPZSHNA-N,-7.495
PPARG,s_GLU259,mut_s1,detail,1,12,ANJUUMLKPZLRGR-GPQMBLKYNA-N,-7.271
PPARG,s_GLU259,mut_s1,detail,1,13,WVDDMJTWFGHTGZ-VMPITWQZNA-N,-7.135
PPARG,s_GLU259,mut_s1,detail,1,14,OSFGHYZLBDAJTP-LILDFLRNNA-N,-9.268
PPARG,s_GLU259,mut_s1,detail,1,15,TZSPGMKSRHWUBZ-UHFFFAOYNA-N,-7.497
PPARG,s_GLU259,mut_s1,detail,1,16,RJNMLHBOHSQLDU-UHFFFAOYNA-N,-6.649
PPARG,s_GLU259,mut_s1,detail,1,17,HPGOEMWDBCJDOY-LILDFLRNNA-N,-7.787
PPARG,s_GLU259,mut_s1,detail,1,18,ANIAQSUBRGXWLS-UHFFFAOYNA-N,-5.57
PPARG,s_GLU259,mut_s1,detail,1,19,XHPTXSLPPJQCFM-UOUMIGKDNA-N,-8.18
PPARG,s_GLU259,mut_s1,detail,1,20,OYUMERJRBPSDQK-UHFFFAOYNA-N,-8.675
PPARG,s_GLU259,mut_s1,detail,1,21,RHCPJGMOPIMKFS-UHFFFAOYNA-N,-6.533
PPARG,s_GLU259,mut_s1,detail,1,22,GQCRCQLETCLZLO-NDKGDYFDNA-N,-6.448
PPARG,s_GLU259,mut_s1,detail,1,23,HDTRJGVVKZGWQZ-UHFFFAOYNA-N,-7.311
PPARG,s_GLU259,mut_s1,detail,1,24,PODSUWFXVDWCHZ-YAQRNVERNA-N,-7.474
PPARG,s_GLU259,mut_s1,detail,1,25,XOQICXJZZWXQDG-SDNWHVSQNA-N,-7.439
PPARG,s_GLU259,mut_s1,detail,1,26,LRQZMRHGRBHVRW-BLHHFWFONA-N,-7.085
PPARG,s_GLU259,mut_s1,detail,1,27,INRDHPFHGNGCCW-UHFFFAOYNA-N,-7.89
PPARG,s_GLU259,mut_s1,detail,1,28,WIRZCAWOMABORR-HCKMINDGNA-N,-7.627
PPARG,s_GLU259,mut_s1,detail,1,29,ISHXVBNQBLMUMA-XAASJSMPNA-N,-7.547
PPARG,s_GLU259,mut_s1,detail,1,30,ZVAZVKMDCRYPAQ-UHFFFAOYNA-N,-6.259
PPARG,s_GLU259,mut_s1,detail,1,31,OJGDCBLYJGHCIH-UHFFFAOYNA-N,-7.273
PPARG,s_GLU259,mut_s1,detail,1,32,HUJQOHMOYGRIRS-WYCIUFAENA-N,-7.394
PPARG,s_GLU259,mut_s1,detail,1,33,IXOFYFZRTXYNDM-HCKMINDGNA-N,-7.717
PPARG,s_GLU259,mut_s1,detail,1,34,RBMMHDHXQQMEMH-UHFFFAOYNA-N,-7.026
PPARG,s_GLU259,mut_s1,detail,1,35,CFFGWJLHGOSOHF-AHPDCHJINA-N,-6.575
PPARG,s_GLU259,mut_s1,detail,1,36,FFPAFAKDJLEUSC-YHMJCDSINA-N,-6.972
PPARG,s_GLU259,mut_s1,detail,1,37,ULEATUCPMCKRAM-IRXDYDNUNA-N,-7.575
PPARG,s_GLU259,mut_s1,detail,1,38,SUSPKFCOAROGEI-UHFFFAOYNA-N,-6.467
PPARG,s_GLU259,mut_s1,detail,1,39,ILOLPXFRSGURQA-HCKMINDGNA-N,-7.979
PPARG,s_GLU259,mut_s1,detail,1,40,LAHNGPIIMDWGRL-UHFFFAOYNA-N,-8.101
PPARG,s_GLU259,mut_s1,detail,1,41,PONNWXFCUBXOFS-UHFFFAOYNA-N,-7.671
PPARG,s_GLU259,mut_s1,detail,1,42,NGPUMDFMDVHJTF-XMHGGMMENA-N,-6.965
PPARG,s_GLU259,mut_s1,detail,1,43,GKVFCYBLNULLCL-YGPBECBDNA-N,-6.256
PPARG,s_GLU259,mut_s1,detail,1,44,FZPYMNOBFYWKFC-UHFFFAOYNA-N,-7.52
PPARG,s_GLU259,mut_s1,detail,1,45,CPJICALSLDLRJP-LILDFLRNNA-N,-7.839
PPARG,s_GLU259,mut_s1,detail,1,46,RAVBBDYGFXMBKB-GAJRPKRDNA-N,-7.015
PPARG,s_GLU259,mut_s1,detail,1,47,NCUWRDDNNJFMAS-UHFFFAOYNA-N,-8.119
PPARG,s_GLU259,mut_s1,detail,1,48,VDNBWTVXZDOUIG-PKSOQXRJNA-N,-7.985
PPARG,s_GLU259,mut_s1,detail,1,49,WYMKISIWQJPKOC-UHFFFAOYNA-N,-6.779
PPARG,s_GLU259,mut_s1,detail,1,50,VTCXXKFOLLSYCU-UHFFFAOYNA-N,-7.101
PPARG,s_GLU259,mut_s1,detail,1,51,BSLAOCJVMOGUKX-VHOFBASHNA-N,-7.382
PPARG,s_GLU259,mut_s1,detail,1,52,RZUVVWWNGGXUBI-GPQMBLKYNA-N,-8.713
PPARG,s_GLU259,mut_s1,detail,1,53,YLYYXIMYACYRSP-UYBDAZJANA-N,-6.8
PPARG,s_GLU259,mut_s1,detail,1,54,PHRXHZRDJNSXDF-QHCBTKRXNA-N,-7.744
PPARG,s_GLU259,mut_s1,detail,1,55,ABQUFQQMQCPHOH-NCWAPJAINA-N,-7.502
PPARG,s_GLU259,mut_s1,detail,1,56,FKIFGIZHFPIJND-GQAOMWGXNA-N,-6.68
PPARG,s_GLU259,mut_s1,detail,1,57,NHZFGROUVFTJAK-WYUMXYHSNA-N,-7.87
PPARG,s_GLU259,mut_s1,detail,1,58,RTJPLJJBIWFNSZ-UHFFFAOYNA-N,-7.747
PPARG,s_GLU259,mut_s1,detail,1,59,ZJRUXQBLSMYTIS-DXMPFREMNA-N,-7.243
PPARG,s_GLU259,mut_s1,detail,1,60,UYVIFQIPPPRZJF-QWOVJGMINA-N,-7.706
PPARG,s_GLU259,mut_s1,detail,1,61,WYTBYQZYJIGCBO-LILDFLRNNA-N,-8.221
PPARG,s_GLU259,mut_s1,detail,1,62,KKWWDIPRICACPS-GPQMBLKYNA-N,-7.324
PPARG,s_GLU259,mut_s1,detail,1,63,NZRHOWNFGASHMN-ZHLVXTBQNA-N,-6.803
PPARG,s_GLU259,mut_s1,detail,1,64,MGSGKNKREAYFRZ-UHFFFAOYNA-N,-7.957
PPARG,s_GLU259,mut_s1,detail,1,65,QTIJDOJTNOHQTC-WQGACYEGNA-N,-6.327
PPARG,s_GLU259,mut_s1,detail,1,66,ZHRVXEKEOMUAJO-PKSOQXRJNA-N,-9.102
PPARG,s_GLU259,mut_s1,detail,1,67,AJEULKUYXOLHDN-DVIAZDKANA-N,-9.009
PPARG,s_GLU259,mut_s1,detail,1,68,MGNZRUQLGFVWLY-UHFFFAOYNA-N,-8.135
PPARG,s_GLU259,mut_s1,detail,1,69,OHIMIXUWTWBDBR-UHFFFAOYNA-N,-7.771
PPARG,s_GLU259,mut_s1,detail,1,70,RFEGKAVABNLRHW-WYUMXYHSNA-N,-7.961
PPARG,s_GLU259,mut_s1,detail,1,71,OVDZZJAUKDINIY-SGTLLEGYNA-N,-7.843
PPARG,s_GLU259,mut_s1,detail,1,72,FIGONFGVGMSPID-MPIMZMORNA-N,-9.11
PPARG,s_GLU259,mut_s1,detail,1,73,DSSHOSHLYKWNRQ-UHFFFAOYNA-N,-7.454
PPARG,s_GLU259,mut_s1,detail,1,74,PKDGFUYVUYOZFK-UHFFFAOYNA-N,-8.416
PPARG,s_GLU259,mut_s1,detail,1,75,FSDOAOAVZVMAGE-RRORKGOJNA-N,-7.749
PPARG,s_GLU259,mut_s1,detail,1,76,SKYAUASQUBDEOI-LHJMZCQGNA-N,-7.189
PPARG,s_GLU259,mut_s1,detail,1,77,RRRYPJNSMOUEOE-XBTAAFKLNA-N,-9.172
PPARG,s_GLU259,mut_s1,detail,1,78,LNQOCSSUUUJFLY-BNKWAMQHNA-N,-8.964
PPARG,s_GLU259,mut_s1,detail,1,79,IQVUWJZWHCFIBG-UYBDAZJANA-N,-6.629
PPARG,s_GLU259,mut_s1,detail,1,80,FECVWTWBRSSNCK-XBTAAFKLNA-N,-9.493
PPARG,s_GLU259,mut_s1,detail,1,81,USDYHKNHMGVDHS-UYBDAZJANA-N,-6.404
PPARG,s_GLU259,mut_s1,detail,1,82,ZVJAHPKIYVGDHR-ILXRZTDVNA-N,-7.258
PPARG,s_GLU259,mut_s1,detail,1,83,AGWWZCICEUHAPF-UHFFFAOYNA-N,-9.528
PPARG,s_GLU259,mut_s1,detail,1,84,SIFYPHRKPXWEFL-UHFFFAOYNA-N,-8.338
PPARG,s_GLU259,mut_s1,detail,1,85,CCBDIYWTNHRYSF-GPQMBLKYNA-N,-8.205
PPARG,s_GLU259,mut_s1,detail,1,86,QZJYCFURESLRJX-UHFFFAOYNA-N,-6.949
PPARG,s_GLU259,mut_s1,detail,1,87,KDGSVHGIVBVYFE-SIKSZQSZNA-N,-8.495
PPARG,s_GLU259,mut_s1,detail,1,88,KAVCMDDCFVWLGH-DCYBUDGMNA-N,-8.643
PPARG,s_GLU259,mut_s1,detail,1,89,QTJDEJXKPAATAY-LILDFLRNNA-N,-9.086
PPARG,s_GLU259,mut_s1,detail,1,90,DCCNEGBQLUHRSI-UHFFFAOYNA-N,-6.249
PPARG,s_GLU259,mut_s1,detail,1,91,VUCQKRJVSPHODJ-UHFFFAOYNA-N,-7.811
PPARG,s_GLU259,mut_s1,detail,1,92,XCNTYAMCOLKFEW-UHFFFAOYNA-N,-6.791
PPARG,s_GLU259,mut_s1,detail,1,93,MLPVFRGFZVZNOZ-ODUIGABRNA-N,-7.944
PPARG,s_GLU259,mut_s1,detail,1,94,JXNGVLIPVYLXLZ-PKSOQXRJNA-N,-7.912
PPARG,s_GLU259,mut_s1,detail,1,95,GWICPGWJQQUMKG-UHFFFAOYNA-N,-7.419
PPARG,s_GLU259,mut_s1,detail,1,96,LEDHQUJDAQVDJK-UHFFFAOYNA-N,-8.615
PPARG,s_GLU259,mut_s1,detail,1,97,BJKUVAVJXSIUGS-UYBDAZJANA-N,-6.983
PPARG,s_GLU259,mut_s1,detail,1,98,QXIDHQKQNQWYQW-ORVKFNBTNA-N,-8.663
PPARG,s_GLU259,mut_s1,detail,1,99,VXNGWYZIFXWTDN-PKSOQXRJNA-N,-6.879
PPARG,s_GLU259,mut_s1,detail,1,100,UBFYNRRQFOKQOE-QWOVJGMINA-N,-6.727
PPARG,s_GLU259,mut_s1,detail,1,101,PKPIHOLUWUTPLW-GKKCOONHNA-N,-8.786
PPARG,s_GLU259,mut_s1,detail,1,102,CNYQZGODPRSIFM-LILDFLRNNA-N,-7.754
PPARG,s_GLU259,mut_s1,detail,1,103,OGPHEDOMLIUGFJ-UYBDAZJANA-N,-9.325
PPARG,s_GLU259,mut_s1,detail,1,104,FHOIWEHXSFDGEX-MPIMZMORNA-N,-9.032
PPARG,s_GLU259,mut_s1,detail,1,105,QOIGKGMMAGJZNZ-UHFFFAOYNA-N,-8.05
PPARG,s_GLU259,mut_s1,detail,1,106,DJJKBSKVSXPDMW-XFDRBGHPNA-N,-8.92
PPARG,s_GLU259,mut_s1,detail,1,107,MQVHNCCMPYINIB-GPQMBLKYNA-N,-8.262
PPARG,s_GLU259,mut_s1,detail,1,108,QJBDKSNVJPPLMZ-UYBDAZJANA-N,-8.455
PPARG,s_GLU259,mut_s1,detail,1,109,NEOVEBXUPVDKIZ-PDJAEHLQNA-N,-8.731
PPARG,s_GLU259,mut_s1,detail,1,110,UBMHUOWYROYDAE-MPIMZMORNA-N,-8.1
PPARG,s_GLU259,mut_s1,detail,1,111,NCOQSZVFPAPDPY-MPIMZMORNA-N,-9.346
PPARG,s_GLU259,mut_s1,detail,1,112,IWKDSKQEBMNILM-SFHVURJKNA-N,-8.027
PPARG,s_GLU259,mut_s1,detail,1,113,FYHIZSWDWJOYBD-UHFFFAOYNA-N,-7.362
PPARG,s_GLU259,mut_s1,detail,1,114,CODIBUDSZRMNBU-VVKINWOJNA-N,-8.5
PPARG,s_GLU259,mut_s1,detail,1,115,FSBYPVHAUHIHDK-HYTOZLCFNA-N,-8.24
PPARG,s_GLU259,mut_s1,detail,1,116,IBLBSVRDXNEHCF-UYBDAZJANA-N,-8.954
PPARG,s_GLU259,mut_s1,detail,1,117,YIVFLWLUPIAQNG-MPIMZMORNA-N,-8.76
PPARG,s_GLU259,mut_s1,detail,1,118,OKBASBXKPLMJNO-PKSOQXRJNA-N,-7.858
PPARG,s_GLU259,mut_s1,detail,1,119,CKUZXDONSHPFEU-UHFFFAOYNA-N,-8.048
PPARG,s_GLU259,mut_s1,detail,1,120,FZVOSFJDUXXRFB-LQFNOIFHNA-N,-9.391
PPARG,s_GLU259,mut_s1,detail,1,121,ATWQGOUWTPWHOB-MPIMZMORNA-N,-7.698
PPARG,s_GLU259,mut_s1,detail,1,122,SWTXEVDFRXLPBO-LILDFLRNNA-N,-8.316
PPARG,s_GLU259,mut_s1,detail,1,123,XKKZGDBDLSLGEV-UHFFFAOYNA-N,-7.788
PPARG,s_GLU259,mut_s1,detail,1,124,YOIVLKBZTXOSAW-UHFFFAOYNA-N,-8.009
PPARG,s_GLU259,mut_s1,detail,1,125,MTNDVCNEIIJXQO-LILDFLRNNA-N,-8.397
PPARG,s_GLU259,mut_s1,detail,1,126,VRVOWSSSYICXBN-UHFFFAOYNA-N,-8.684
PPARG,s_GLU259,mut_s1,detail,1,127,YWMOOGZLZREJIF-LILDFLRNNA-N,-5.244
PPARG,s_GLU259,mut_s1,detail,1,128,GBDSDSSPYNQXEN-LQFNOIFHNA-N,-8.854
PPARG,s_GLU259,mut_s1,detail,1,129,WEGCLMSBIIWPKX-HXTKINSTNA-N,-8.39
PPARG,s_GLU259,mut_s1,detail,1,130,KWIMDTZYIABOPE-XBXBPLPCNA-N,-8.438
PPARG,s_GLU259,mut_s1,detail,1,131,PTYKTEYVZUVZBD-LQFNOIFHNA-N,-10.816
PPARG,s_GLU259,mut_s1,detail,1,132,IDUARCWXOZVBJC-UHFFFAOYNA-N,-7.597
PPARG,s_GLU259,mut_s1,detail,1,133,SVHQAQMZYYTKBZ-QIFDKBNDNA-N,-6.495
PPARG,s_GLU259,mut_s1,detail,1,134,OKUWPICMSLXCLZ-ZBJSNUHENA-N,-7.726
PPARG,s_GLU259,mut_s1,detail,1,135,BGESRTVIDMTTHW-MPIMZMORNA-N,-9.37
PPARG,s_GLU259,mut_s1,detail,1,136,RDLHVRFBBSKBMX-UHFFFAOYNA-N,-7.937
PPARG,s_GLU259,mut_s1,detail,1,137,UHKNPVYNTQTWBT-LELJVTLKNA-N,-8.41
PPARG,s_GLU259,mut_s1,detail,1,138,LKOQAWXJCPYWSX-SMCUVTTANA-N,-9.16
PPARG,s_GLU259,mut_s1,detail,1,139,RGTZPMQQOVPWHT-UHFFFAOYNA-N,-8.497
PPARG,s_GLU259,mut_s1,detail,1,140,MPGXBEHIWDZYTG-JRAHLMCZNA-N,-8.035
PPARG,s_GLU259,mut_s1,detail,1,141,YSGONLQAXXDANF-HXTKINSTNA-N,-8.862
PPARG,s_GLU259,mut_s1,detail,1,142,ILADCPXUSGZMCO-LNNLXFCONA-N,-8.531
PPARG,s_GLU259,mut_s1,detail,1,143,WHISBCGJLLBHTQ-LELJVTLKNA-N,-7.778
PPARG,s_GLU259,mut_s1,detail,1,144,FQUQVJCZFGUICL-PZJWPPBQNA-N,-8.26
PPARG,s_GLU259,mut_s1,detail,1,145,PVZFRDICDBVJBC-MPIMZMORNA-N,-7.834
PPARG,s_GLU259,mut_s1,detail,1,146,WUQZEVWHZRAQLY-UHFFFAOYNA-N,-8.905
PPARG,s_GLU259,mut_s1,detail,1,147,PDYDBFOSJUATJC-LELJVTLKNA-N,-8.978
PPARG,s_GLU259,mut_s1,detail,1,148,XFTGZOIRMLTALR-UHFFFAOYNA-N,-8.633
PPARG,s_GLU259,mut_s1,detail,1,149,CPWFSRVCXOETRU-XYFPIJJGNA-N,-8.428
PPARG,s_GLU259,mut_s1,detail,1,150,SAFXYJWXQPZDKB-ZNVTXRBFNA-N,-8.494
PPARG,s_GLU259,mut_s1,detail,1,151,SWLAVROBGRTKAO-LQFNOIFHNA-N,-9.26
PPARG,s_GLU259,mut_s1,detail,1,152,OJFUHLOGAMKMDM-UHFFFAOYNA-N,-8.838
PPARG,s_GLU259,mut_s1,detail,1,153,YPDNVRDMMKZNIG-PJXJJTHHNA-N,-8.367
PPARG,s_GLU259,mut_s1,detail,1,154,LPYDZAPPGTYNGQ-UHFFFAOYNA-N,-9.911
PPARG,s_GLU259,mut_s1,detail,1,155,CXIGBATZIXWVIX-HXTKINSTNA-N,-9.677
PPARG,s_GLU259,mut_s1,detail,1,156,RXPVTNMMNZNKSW-LNNLXFCONA-N,-9.873
PPARG,s_GLU259,mut_s1,detail,1,157,YYDGAWIITBZHPX-UHFFFAOYNA-N,-8.334
PPARG,s_GLU259,mut_s1,detail,1,158,CHUNHRFIWQZFCI-UHFFFAOYNA-N,-8.945
PPARG,s_GLU259,mut_s1,detail,1,159,JDUBGYFRJFOXQC-YCIVUMDCNA-N,-7.814
PPARG,s_GLU259,mut_s1,detail,1,160,MMXCRHIOXQKQPT-LQFNOIFHNA-N,-8.848
PPARG,s_GLU259,mut_s1,detail,1,161,VBENHRFIEOLOJJ-JKZKCNJSNA-N,-8.238
PPARG,s_GLU259,mut_s1,detail,1,162,VPTBWCCSBQRUTD-UHFFFAOYNA-N,-8.286
PPARG,s_GLU259,mut_s1,detail,1,163,WOWAHNXJUPSVDR-LNNLXFCONA-N,-9.803
PPARG,s_GLU259,mut_s1,detail,1,164,WRLLXWRAXRGFBQ-GFQURNRHNA-N,-7.663
PPARG,s_GLU259,mut_s1,detail,1,165,QUUJCYCJKQGYDU-UHFFFAOYNA-N,-6.289
PPARG,s_GLU259,mut_s1,detail,1,166,LWILODJXIVFMKQ-LNNLXFCONA-N,-9.612
PPARG,s_GLU259,mut_s1,detail,1,167,PVBTXZKRTQKXBX-MRSUPTMINA-N,-8.666
PPARG,s_GLU259,mut_s1,detail,1,168,OWYLOIDRWNJCEP-HXUWFJFHNA-N,-8.368
PPARG,s_GLU259,mut_s1,detail,1,169,JOZFRLZUNYNYED-PJQSKVNONA-N,-7.824
PPARG,s_GLU259,mut_s1,detail,1,170,HMQKHGHCACYDGB-UHFFFAOYNA-N,-9.05
PPARG,s_GLU259,mut_s1,detail,1,171,SCHAXPQHOGRLLW-MPIMZMORNA-N,-8.75
PPARG,s_GLU259,mut_s1,detail,1,172,YNGDNNRFKXZELP-BDGWVKIONA-N,-8.191
PPARG,s_GLU259,mut_s1,detail,1,173,XETTWDXILVAWCB-UHFFFAOYNA-N,-7.4
PPARG,s_GLU259,mut_s1,detail,1,174,XXKBFOAMRLTPJL-UHFFFAOYNA-N,-6.365
PPARG,s_GLU259,mut_s1,detail,1,175,TXOXXECOMBAZKB-ZVNAXFNBNA-N,-8.297
PPARG,s_GLU259,mut_s1,detail,1,176,KUFKSMPOXHUGOB-QWOVJGMINA-N,-7.869
PPARG,s_GLU259,mut_s1,detail,1,177,SEHKNXHOUKJSIO-LNNLXFCONA-N,-9.508
PPARG,s_GLU259,mut_s1,detail,1,178,GMMNPCWBYMCYDQ-MPIMZMORNA-N,-8.975
PPARG,s_GLU259,mut_s1,detail,1,179,KEGZEHANNYRNOK-UHFFFAOYNA-N,-8.855
PPARG,s_GLU259,mut_s1,detail,1,180,GBJZQLYNRDBGTL-UHFFFAOYNA-N,-7.505
PPARG,s_GLU259,mut_s1,detail,1,181,UMFUNPLMLVDNME-INIZCTEONA-N,-8.611
PPARG,s_GLU259,mut_s1,detail,1,182,VPYOVNHGFLPMHX-ORVKFNBTNA-N,-7.797
PPARG,s_GLU259,mut_s1,detail,1,183,OQXGEGPDPXAQRC-UHFFFAOYNA-N,-7.621
PPARG,s_GLU259,mut_s1,detail,1,184,ZWOHSJYESLDLLT-AXIOFXGANA-N,-7.343
PPARG,s_GLU259,mut_s1,detail,1,185,NLUWXHFWWSAGMP-LNNLXFCONA-N,-9.012
PPARG,s_GLU259,mut_s1,detail,1,186,NBQDTLQFRAMAMQ-PDJAEHLQNA-N,-8.558
PPARG,s_GLU259,mut_s1,detail,1,187,VKYYUIDNHOUPGY-MPIMZMORNA-N,-9.631
PPARG,s_GLU259,mut_s1,detail,1,188,JHAMDJLHPSYECA-HXTKINSTNA-N,-9.02
PPARG,s_GLU259,mut_s1,detail,1,189,YUXCKESVZUAENN-LQFNOIFHNA-N,-8.807
PPARG,s_GLU259,mut_s1,detail,1,190,VOADUCNXWYAILJ-BOSVZZMWNA-N,-7.497
PPARG,s_GLU259,mut_s1,detail,1,191,YOCNRNBEVZABNA-AVGNRJKVNA-O,-7.632
PPARG,s_GLU259,mut_s1,detail,1,192,QGPIYZBUSYLXQT-UHFFFAOYNA-N,-8.541
PPARG,s_GLU259,mut_s1,detail,1,193,ALIRNZFSPVRFPC-QDIHOGQBNA-N,-10.653
PPARG,s_GLU259,mut_s1,detail,1,194,ZVFXYTPNPFXBNK-LELJVTLKNA-N,-7.998
PPARG,s_GLU259,mut_s1,detail,1,195,VYHWCJWNQFIBGN-CRFSQNOJNA-N,-9.05
PPARG,s_GLU259,mut_s1,detail,1,196,OGTQHYNUUOXINS-BKWRVFRZNA-N,-8.238
PPARG,s_GLU259,mut_s1,detail,1,197,UVYVJQFOXZDFLB-QDIHOGQBNA-N,-8.057
PPARG,s_GLU259,mut_s1,detail,1,198,OKBCXQJLCMYJOC-UHFFFAOYNA-N,-7.799
PPARG,s_GLU259,mut_s1,detail,1,199,UNUQJGDVJMRMAL-LBOYIXSDNA-N,-9.484
PPARG,s_GLU259,mut_s1,detail,1,200,AYOFFOZNXNLQIO-UHFFFAOYNA-N,-8.296
PPARG,s_GLU259,mut_s1,detail,1,201,XSCHYHFIQNFPFK-VJSLDGLSNA-N,-8.008
PPARG,s_GLU259,mut_s1,detail,1,202,JTLSDSKNFBJVAB-CAXFFFRFNA-N,-7.803
PPARG,s_GLU259,mut_s1,detail,1,203,DTRCHIYQUYRTQL-ARSKLOKFNA-N,-7.371
PPARG,s_GLU259,mut_s1,detail,1,204,HHCWBKAHPBAUDS-LBOYIXSDNA-N,-8.976
PPARG,s_GLU259,mut_s1,detail,1,205,SQFXMWLUFDMDIG-LBOYIXSDNA-N,-9.204
PPARG,s_GLU259,mut_s1,detail,1,206,DAAUKUQYGMNNAH-ZUKIQNPFNA-N,-9.854
PPARG,s_GLU259,mut_s1,detail,1,207,POLXUFYBMIRDEG-UHFFFAOYNA-N,-8.542
PPARG,s_GLU259,mut_s1,detail,1,208,HAQNCPOGRFKYNP-WNTKXCTINA-N,-8.322
PPARG,s_GLU259,mut_s1,detail,1,209,CQWFJACPUQVVQZ-UHFFFAOYNA-N,-8.432
PPARG,s_GLU259,mut_s1,detail,1,210,DPMMEOUVESBMSC-ZENAZSQFNA-N,-8.745
PPARG,s_GLU259,mut_s1,detail,1,211,SWRYMOBQOOSZGE-LFJJEMAGNA-N,-10.51
PPARG,s_GLU259,mut_s1,detail,1,212,VJTYYKXVGAQBPX-BGYRXZFFNA-N,-8.106
PPARG,s_GLU259,mut_s1,detail,1,213,BWCCBKUPFRNBAM-QBBGPZPNNA-N,-9.895
PPARG,s_GLU259,mut_s1,detail,1,214,LNHIEYLABBPNKJ-HXTKINSTNA-N,-9.181
PPARG,s_GLU259,mut_s1,detail,1,215,URPWVRUGSFROGL-IWCCUHEHNA-N,-8.189
PPARG,s_GLU259,mut_s1,detail,1,216,VVHGIVKRWDSJFH-HXTKINSTNA-N,-10.207
PPARG,s_GLU259,mut_s1,detail,1,217,SXHIZYRFWJFSEN-WUSLAWIHNA-N,-8.296
PPARG,s_GLU259,mut_s1,detail,1,218,CNHPXUMQURIPRN-UHFFFAOYNA-N,-10.682
PPARG,s_GLU259,mut_s1,detail,1,219,SGUIKZIYGVGMML-UHFFFAOYNA-N,-8.112
PPARG,s_GLU259,mut_s1,detail,1,220,DEVOTYUCWQFKBI-SREBMQDQNA-N,-11.082
PPARG,s_GLU259,mut_s1,detail,1,221,HGLIGFILENTPME-YQIREZNHNA-N,-10.112
PPARG,s_GLU259,mut_s1,detail,1,222,TYJWHVJYDSKQKB-UHFFFAOYNA-N,-8.172
PPARG,s_GLU259,mut_s1,detail,1,223,KOZFSFOOLUUIGY-NHZRFLDCNA-N,-8.809
PPARG,s_GLU259,mut_s1,detail,1,224,IVUDLYCHNURAOH-INNNKKOMNA-N,-6.673
PPARG,s_GLU259,mut_s1,detail,1,225,KDGUWZZCFXNBKJ-UHFFFAOYNA-N,-8.476
PPARG,s_GLU259,mut_s1,detail,1,226,DTVVSEVQQLRJMR-ZIFUYXECNA-N,-8.699
PPARG,s_GLU259,mut_s1,detail,1,227,MUDPTEIPVZCOGV-UHFFFAOYNA-N,-9.949
PPARG,s_GLU259,mut_s1,detail,1,228,IFHBUYGFCSEHIF-OKPOJWAQNA-N,-9.258
PPARG,s_GLU259,mut_s1,detail,1,229,CRKWKHJABOJVAY-SKKVRFOWNA-N,-8.572
PPARG,s_GLU259,mut_s1,detail,1,230,DXEPONXIBPHOTN-ZJLLOKRPNA-N,-8.11
PPARG,s_GLU259,mut_s1,detail,1,231,ULXBTCAXCQWKDE-UHFFFAOYNA-N,-9.016
PPARG,s_GLU259,mut_s1,detail,1,232,WJHXPQKEBQOSHE-HXTKINSTNA-N,-9.048
PPARG,s_GLU259,mut_s1,detail,1,233,KRFOOEYNOKIXRO-PKRZOPRNNA-N,-9.319
PPARG,s_GLU259,mut_s1,detail,1,234,BQPRGAIDSWVYAW-LELJVTLKNA-N,-9.074
PPARG,s_GLU259,mut_s1,detail,1,235,YRMKMEPMFOFXGH-LELJVTLKNA-N,-8.602
PPARG,s_GLU259,mut_s1,detail,1,236,OOPGLCWBUZVAMU-CSODHUTKNA-N,-7.314
PPARG,s_GLU259,mut_s1,detail,1,237,ABMSGZYILANGCA-HXTKINSTNA-N,-8.729
PPARG,s_GLU259,mut_s1,detail,1,238,PTAKEHSCNRJTCJ-UHFFFAOYNA-N,-7.834
PPARG,s_GLU259,mut_s1,detail,1,239,HOXYGIWZMBSLPN-TWPXYFCBNA-N,-8.869
PPARG,s_GLU259,mut_s1,detail,1,240,XKHSVUSPZVNCOT-VWSSANQENA-N,-6.873
PPARG,s_GLU259,mut_s1,detail,1,241,XONRVXOEJMEUIV-UHFFFAOYNA-N,-9.302
PPARG,s_GLU259,mut_s1,detail,1,242,RJVLVZUXYHWKDL-KIKCKTDGNA-N,-8.533
PPARG,s_GLU259,mut_s1,detail,1,243,QFJGVFMADWIIMK-BDGWVKIONA-N,-8.728
PPARG,s_GLU259,mut_s1,detail,1,244,SCZNNLLAHVLZMK-HXTKINSTNA-N,-9.208
PPARG,s_GLU259,mut_s1,detail,1,245,OBFAALRUGGJRGU-PKRZOPRNNA-N,-6.953
PPARG,s_GLU259,mut_s1,detail,1,246,PBDIAJYRAMOINO-WFOUAHBYNA-N,-8.113
PPARG,s_GLU259,mut_s1,detail,1,247,NAMSGSSCIKIOGU-UHFFFAOYNA-N,-9.584
PPARG,s_GLU259,mut_s1,detail,1,248,GJTMJMUIFFQIQN-BQVZJPQVNA-N,-8.796
PPARG,s_GLU259,mut_s1,detail,1,249,FHHOEGKZVIYWLM-PKRZOPRNNA-N,-8.141
PPARG,s_GLU259,mut_s1,detail,1,250,LWSUSTXYIGVJTM-DDTQQWOSNA-N,-9.296
PPARG,s_GLU259,mut_s1,detail,1,251,VAXBUDASTPYURF-YIOWICSRNA-N,-9.544
PPARG,s_GLU259,mut_s1,detail,1,252,JHBVXZXFCJIAJZ-CUCLJGHLNA-N,-10.845
PPARG,s_GLU259,mut_s1,detail,1,253,XASICACCYVTJDX-UHFFFAOYNA-N,-8.416
PPARG,s_GLU259,mut_s1,detail,1,254,FRWAWZNXORYJGK-UHFFFAOYNA-N,-9.432
PPARG,s_GLU259,mut_s1,detail,1,255,YVEPCRMWSAAWMS-BHOFNQNONA-N,-9.915
PPARG,s_VAL277,mut_s1,detail,1,0,OLBYFEGTUWWPTR-FYWRMAATNA-N,-7.4
PPARG,s_VAL277,mut_s1,detail,1,1,SPGYFZIJBSMMEN-UHFFFAOYNA-N,-8.135
PPARG,s_VAL277,mut_s1,detail,1,2,DKKGRNTXCNVFPV-DZQCGVKKNA-N,-7.952
PPARG,s_VAL277,mut_s1,detail,1,3,KCOKHEIACSQLBQ-PCLSHUPZNA-N,-6.885
PPARG,s_VAL277,mut_s1,detail,1,4,XXMDURVCJMZNFC-UHFFFAOYNA-N,-8.455
PPARG,s_VAL277,mut_s1,detail,1,5,XNGWBIOXTHPDBE-UHFFFAOYNA-N,-6.92
PPARG,s_VAL277,mut_s1,detail,1,6,FMLKTYPTZQDWCZ-WYUMXYHSNA-N,-7.46
PPARG,s_VAL277,mut_s1,detail,1,7,BQCYOKUETBHDKF-UHFFFAOYNA-N,-8.388
PPARG,s_VAL277,mut_s1,detail,1,8,VAPRSYGEPKZLNA-UHFFFAOYNA-N,-6.898
PPARG,s_VAL277,mut_s1,detail,1,9,FJWTZYYUIYSFDV-NDKGDYFDNA-N,-5.61
PPARG,s_VAL277,mut_s1,detail,1,10,JSIXJSFAHZREEV-YHMJCDSINA-N,-6.535
PPARG,s_VAL277,mut_s1,detail,1,11,BGSXHNNWYPKQIQ-VEWCPZSHNA-N,-7.383
PPARG,s_VAL277,mut_s1,detail,1,12,ANJUUMLKPZLRGR-GPQMBLKYNA-N,-7.415
PPARG,s_VAL277,mut_s1,detail,1,13,WVDDMJTWFGHTGZ-VMPITWQZNA-N,-7.322
PPARG,s_VAL277,mut_s1,detail,1,14,OSFGHYZLBDAJTP-LILDFLRNNA-N,-9.281
PPARG,s_VAL277,mut_s1,detail,1,15,TZSPGMKSRHWUBZ-UHFFFAOYNA-N,-8.063
PPARG,s_VAL277,mut_s1,detail,1,16,RJNMLHBOHSQLDU-UHFFFAOYNA-N,-6.668
PPARG,s_VAL277,mut_s1,detail,1,17,HPGOEMWDBCJDOY-LILDFLRNNA-N,-7.683
PPARG,s_VAL277,mut_s1,detail,1,18,ANIAQSUBRGXWLS-UHFFFAOYNA-N,-5.623
PPARG,s_VAL277,mut_s1,detail,1,19,XHPTXSLPPJQCFM-UOUMIGKDNA-N,-8.149
PPARG,s_VAL277,mut_s1,detail,1,20,OYUMERJRBPSDQK-UHFFFAOYNA-N,-8.67
PPARG,s_VAL277,mut_s1,detail,1,21,RHCPJGMOPIMKFS-UHFFFAOYNA-N,-6.66
PPARG,s_VAL277,mut_s1,detail,1,22,GQCRCQLETCLZLO-NDKGDYFDNA-N,-6.468
PPARG,s_VAL277,mut_s1,detail,1,23,HDTRJGVVKZGWQZ-UHFFFAOYNA-N,-7.323
PPARG,s_VAL277,mut_s1,detail,1,24,PODSUWFXVDWCHZ-YAQRNVERNA-N,-7.562
PPARG,s_VAL277,mut_s1,detail,1,25,XOQICXJZZWXQDG-SDNWHVSQNA-N,-7.313
PPARG,s_VAL277,mut_s1,detail,1,26,LRQZMRHGRBHVRW-BLHHFWFONA-N,-7.042
PPARG,s_VAL277,mut_s1,detail,1,27,INRDHPFHGNGCCW-UHFFFAOYNA-N,-7.645
PPARG,s_VAL277,mut_s1,detail,1,28,WIRZCAWOMABORR-HCKMINDGNA-N,-7.796
PPARG,s_VAL277,mut_s1,detail,1,29,ISHXVBNQBLMUMA-XAASJSMPNA-N,-8.085
PPARG,s_VAL277,mut_s1,detail,1,30,ZVAZVKMDCRYPAQ-UHFFFAOYNA-N,-6.372
PPARG,s_VAL277,mut_s1,detail,1,31,OJGDCBLYJGHCIH-UHFFFAOYNA-N,-7.426
PPARG,s_VAL277,mut_s1,detail,1,32,HUJQOHMOYGRIRS-WYCIUFAENA-N,-7.36
PPARG,s_VAL277,mut_s1,detail,1,33,IXOFYFZRTXYNDM-HCKMINDGNA-N,-7.838
PPARG,s_VAL277,mut_s1,detail,1,34,RBMMHDHXQQMEMH-UHFFFAOYNA-N,-7.147
PPARG,s_VAL277,mut_s1,detail,1,35,CFFGWJLHGOSOHF-AHPDCHJINA-N,-6.726
PPARG,s_VAL277,mut_s1,detail,1,36,FFPAFAKDJLEUSC-YHMJCDSINA-N,-6.949
PPARG,s_VAL277,mut_s1,detail,1,37,ULEATUCPMCKRAM-IRXDYDNUNA-N,-7.581
PPARG,s_VAL277,mut_s1,detail,1,38,SUSPKFCOAROGEI-UHFFFAOYNA-N,-6.437
PPARG,s_VAL277,mut_s1,detail,1,39,ILOLPXFRSGURQA-HCKMINDGNA-N,-7.897
PPARG,s_VAL277,mut_s1,detail,1,40,LAHNGPIIMDWGRL-UHFFFAOYNA-N,-8.415
PPARG,s_VAL277,mut_s1,detail,1,41,PONNWXFCUBXOFS-UHFFFAOYNA-N,-7.668
PPARG,s_VAL277,mut_s1,detail,1,42,NGPUMDFMDVHJTF-XMHGGMMENA-N,-6.921
PPARG,s_VAL277,mut_s1,detail,1,43,GKVFCYBLNULLCL-YGPBECBDNA-N,-6.529
PPARG,s_VAL277,mut_s1,detail,1,44,FZPYMNOBFYWKFC-UHFFFAOYNA-N,-7.487
PPARG,s_VAL277,mut_s1,detail,1,45,CPJICALSLDLRJP-LILDFLRNNA-N,-7.695
PPARG,s_VAL277,mut_s1,detail,1,46,RAVBBDYGFXMBKB-GAJRPKRDNA-N,-7.089
PPARG,s_VAL277,mut_s1,detail,1,47,NCUWRDDNNJFMAS-UHFFFAOYNA-N,-7.919
PPARG,s_VAL277,mut_s1,detail,1,48,VDNBWTVXZDOUIG-PKSOQXRJNA-N,-8.158
PPARG,s_VAL277,mut_s1,detail,1,49,WYMKISIWQJPKOC-UHFFFAOYNA-N,-6.96
PPARG,s_VAL277,mut_s1,detail,1,50,VTCXXKFOLLSYCU-UHFFFAOYNA-N,-7.017
PPARG,s_VAL277,mut_s1,detail,1,51,BSLAOCJVMOGUKX-VHOFBASHNA-N,-7.264
PPARG,s_VAL277,mut_s1,detail,1,52,RZUVVWWNGGXUBI-GPQMBLKYNA-N,-8.735
PPARG,s_VAL277,mut_s1,detail,1,53,YLYYXIMYACYRSP-UYBDAZJANA-N,-6.744
PPARG,s_VAL277,mut_s1,detail,1,54,PHRXHZRDJNSXDF-QHCBTKRXNA-N,-7.505
PPARG,s_VAL277,mut_s1,detail,1,55,ABQUFQQMQCPHOH-NCWAPJAINA-N,-7.316
PPARG,s_VAL277,mut_s1,detail,1,56,FKIFGIZHFPIJND-GQAOMWGXNA-N,-6.921
PPARG,s_VAL277,mut_s1,detail,1,57,NHZFGROUVFTJAK-WYUMXYHSNA-N,-7.876
PPARG,s_VAL277,mut_s1,detail,1,58,RTJPLJJBIWFNSZ-UHFFFAOYNA-N,-7.724
PPARG,s_VAL277,mut_s1,detail,1,59,ZJRUXQBLSMYTIS-DXMPFREMNA-N,-7.518
PPARG,s_VAL277,mut_s1,detail,1,60,UYVIFQIPPPRZJF-QWOVJGMINA-N,-7.694
PPARG,s_VAL277,mut_s1,detail,1,61,WYTBYQZYJIGCBO-LILDFLRNNA-N,-8.458
PPARG,s_VAL277,mut_s1,detail,1,62,KKWWDIPRICACPS-GPQMBLKYNA-N,-6.937
PPARG,s_VAL277,mut_s1,detail,1,63,NZRHOWNFGASHMN-ZHLVXTBQNA-N,-6.952
PPARG,s_VAL277,mut_s1,detail,1,64,MGSGKNKREAYFRZ-UHFFFAOYNA-N,-8.041
PPARG,s_VAL277,mut_s1,detail,1,65,QTIJDOJTNOHQTC-WQGACYEGNA-N,-6.756
PPARG,s_VAL277,mut_s1,detail,1,66,ZHRVXEKEOMUAJO-PKSOQXRJNA-N,-9.028
PPARG,s_VAL277,mut_s1,detail,1,67,AJEULKUYXOLHDN-DVIAZDKANA-N,-9.065
PPARG,s_VAL277,mut_s1,detail,1,68,MGNZRUQLGFVWLY-UHFFFAOYNA-N,-7.793
PPARG,s_VAL277,mut_s1,detail,1,69,OHIMIXUWTWBDBR-UHFFFAOYNA-N,-8.233
PPARG,s_VAL277,mut_s1,detail,1,70,RFEGKAVABNLRHW-WYUMXYHSNA-N,-7.818
PPARG,s_VAL277,mut_s1,detail,1,71,OVDZZJAUKDINIY-SGTLLEGYNA-N,-7.84
PPARG,s_VAL277,mut_s1,detail,1,72,FIGONFGVGMSPID-MPIMZMORNA-N,-9.209
PPARG,s_VAL277,mut_s1,detail,1,73,DSSHOSHLYKWNRQ-UHFFFAOYNA-N,-7.51
PPARG,s_VAL277,mut_s1,detail,1,74,PKDGFUYVUYOZFK-UHFFFAOYNA-N,-8.445
PPARG,s_VAL277,mut_s1,detail,1,75,FSDOAOAVZVMAGE-RRORKGOJNA-N,-7.47
PPARG,s_VAL277,mut_s1,detail,1,76,SKYAUASQUBDEOI-LHJMZCQGNA-N,-7.176
PPARG,s_VAL277,mut_s1,detail,1,77,RRRYPJNSMOUEOE-XBTAAFKLNA-N,-9.113
PPARG,s_VAL277,mut_s1,detail,1,78,LNQOCSSUUUJFLY-BNKWAMQHNA-N,-8.632
PPARG,s_VAL277,mut_s1,detail,1,79,IQVUWJZWHCFIBG-UYBDAZJANA-N,-7.052
PPARG,s_VAL277,mut_s1,detail,1,80,FECVWTWBRSSNCK-XBTAAFKLNA-N,-9.97
PPARG,s_VAL277,mut_s1,detail,1,81,USDYHKNHMGVDHS-UYBDAZJANA-N,-7.348
PPARG,s_VAL277,mut_s1,detail,1,82,ZVJAHPKIYVGDHR-ILXRZTDVNA-N,-7.304
PPARG,s_VAL277,mut_s1,detail,1,83,AGWWZCICEUHAPF-UHFFFAOYNA-N,-9.409
PPARG,s_VAL277,mut_s1,detail,1,84,SIFYPHRKPXWEFL-UHFFFAOYNA-N,-8.329
PPARG,s_VAL277,mut_s1,detail,1,85,CCBDIYWTNHRYSF-GPQMBLKYNA-N,-8.495
PPARG,s_VAL277,mut_s1,detail,1,86,QZJYCFURESLRJX-UHFFFAOYNA-N,-7.044
PPARG,s_VAL277,mut_s1,detail,1,87,KDGSVHGIVBVYFE-SIKSZQSZNA-N,-8.542
PPARG,s_VAL277,mut_s1,detail,1,88,KAVCMDDCFVWLGH-DCYBUDGMNA-N,-8.982
PPARG,s_VAL277,mut_s1,detail,1,89,QTJDEJXKPAATAY-LILDFLRNNA-N,-9.04
PPARG,s_VAL277,mut_s1,detail,1,90,DCCNEGBQLUHRSI-UHFFFAOYNA-N,-6.245
PPARG,s_VAL277,mut_s1,detail,1,91,VUCQKRJVSPHODJ-UHFFFAOYNA-N,-8.442
PPARG,s_VAL277,mut_s1,detail,1,92,XCNTYAMCOLKFEW-UHFFFAOYNA-N,-6.859
PPARG,s_VAL277,mut_s1,detail,1,93,MLPVFRGFZVZNOZ-ODUIGABRNA-N,-7.975
PPARG,s_VAL277,mut_s1,detail,1,94,JXNGVLIPVYLXLZ-PKSOQXRJNA-N,-7.842
PPARG,s_VAL277,mut_s1,detail,1,95,GWICPGWJQQUMKG-UHFFFAOYNA-N,-7.307
PPARG,s_VAL277,mut_s1,detail,1,96,LEDHQUJDAQVDJK-UHFFFAOYNA-N,-8.671
PPARG,s_VAL277,mut_s1,detail,1,97,BJKUVAVJXSIUGS-UYBDAZJANA-N,-7.396
PPARG,s_VAL277,mut_s1,detail,1,98,QXIDHQKQNQWYQW-ORVKFNBTNA-N,-8.65
PPARG,s_VAL277,mut_s1,detail,1,99,VXNGWYZIFXWTDN-PKSOQXRJNA-N,-7.291
PPARG,s_VAL277,mut_s1,detail,1,100,UBFYNRRQFOKQOE-QWOVJGMINA-N,-7.275
PPARG,s_VAL277,mut_s1,detail,1,101,PKPIHOLUWUTPLW-GKKCOONHNA-N,-8.413
PPARG,s_VAL277,mut_s1,detail,1,102,CNYQZGODPRSIFM-LILDFLRNNA-N,-7.68
PPARG,s_VAL277,mut_s1,detail,1,103,OGPHEDOMLIUGFJ-UYBDAZJANA-N,-9.325
PPARG,s_VAL277,mut_s1,detail,1,104,FHOIWEHXSFDGEX-MPIMZMORNA-N,-9.15
PPARG,s_VAL277,mut_s1,detail,1,105,QOIGKGMMAGJZNZ-UHFFFAOYNA-N,-8.043
PPARG,s_VAL277,mut_s1,detail,1,106,DJJKBSKVSXPDMW-XFDRBGHPNA-N,-8.82
PPARG,s_VAL277,mut_s1,detail,1,107,MQVHNCCMPYINIB-GPQMBLKYNA-N,-8.454
PPARG,s_VAL277,mut_s1,detail,1,108,QJBDKSNVJPPLMZ-UYBDAZJANA-N,-8.506
PPARG,s_VAL277,mut_s1,detail,1,109,NEOVEBXUPVDKIZ-PDJAEHLQNA-N,-8.567
PPARG,s_VAL277,mut_s1,detail,1,110,UBMHUOWYROYDAE-MPIMZMORNA-N,-8.038
PPARG,s_VAL277,mut_s1,detail,1,111,NCOQSZVFPAPDPY-MPIMZMORNA-N,-8.539
PPARG,s_VAL277,mut_s1,detail,1,112,IWKDSKQEBMNILM-SFHVURJKNA-N,-7.552
PPARG,s_VAL277,mut_s1,detail,1,113,FYHIZSWDWJOYBD-UHFFFAOYNA-N,-6.75
PPARG,s_VAL277,mut_s1,detail,1,114,CODIBUDSZRMNBU-VVKINWOJNA-N,-8.489
PPARG,s_VAL277,mut_s1,detail,1,115,FSBYPVHAUHIHDK-HYTOZLCFNA-N,-8.308
PPARG,s_VAL277,mut_s1,detail,1,116,IBLBSVRDXNEHCF-UYBDAZJANA-N,-9.02
PPARG,s_VAL277,mut_s1,detail,1,117,YIVFLWLUPIAQNG-MPIMZMORNA-N,-8.903
PPARG,s_VAL277,mut_s1,detail,1,118,OKBASBXKPLMJNO-PKSOQXRJNA-N,-7.859
PPARG,s_VAL277,mut_s1,detail,1,119,CKUZXDONSHPFEU-UHFFFAOYNA-N,-7.96
PPARG,s_VAL277,mut_s1,detail,1,120,FZVOSFJDUXXRFB-LQFNOIFHNA-N,-9.45
PPARG,s_VAL277,mut_s1,detail,1,121,ATWQGOUWTPWHOB-MPIMZMORNA-N,-7.47
PPARG,s_VAL277,mut_s1,detail,1,122,SWTXEVDFRXLPBO-LILDFLRNNA-N,-8.441
PPARG,s_VAL277,mut_s1,detail,1,123,XKKZGDBDLSLGEV-UHFFFAOYNA-N,-7.811
PPARG,s_VAL277,mut_s1,detail,1,124,YOIVLKBZTXOSAW-UHFFFAOYNA-N,-7.354
PPARG,s_VAL277,mut_s1,detail,1,125,MTNDVCNEIIJXQO-LILDFLRNNA-N,-8.452
PPARG,s_VAL277,mut_s1,detail,1,126,VRVOWSSSYICXBN-UHFFFAOYNA-N,-8.632
PPARG,s_VAL277,mut_s1,detail,1,127,YWMOOGZLZREJIF-LILDFLRNNA-N,-6.003
PPARG,s_VAL277,mut_s1,detail,1,128,GBDSDSSPYNQXEN-LQFNOIFHNA-N,-9.535
PPARG,s_VAL277,mut_s1,detail,1,129,WEGCLMSBIIWPKX-HXTKINSTNA-N,-8.275
PPARG,s_VAL277,mut_s1,detail,1,130,KWIMDTZYIABOPE-XBXBPLPCNA-N,-8.927
PPARG,s_VAL277,mut_s1,detail,1,131,PTYKTEYVZUVZBD-LQFNOIFHNA-N,-10.02
PPARG,s_VAL277,mut_s1,detail,1,132,IDUARCWXOZVBJC-UHFFFAOYNA-N,-8.094
PPARG,s_VAL277,mut_s1,detail,1,133,SVHQAQMZYYTKBZ-QIFDKBNDNA-N,-6.63
PPARG,s_VAL277,mut_s1,detail,1,134,OKUWPICMSLXCLZ-ZBJSNUHENA-N,-7.921
PPARG,s_VAL277,mut_s1,detail,1,135,BGESRTVIDMTTHW-MPIMZMORNA-N,-9.059
PPARG,s_VAL277,mut_s1,detail,1,136,RDLHVRFBBSKBMX-UHFFFAOYNA-N,-8.032
PPARG,s_VAL277,mut_s1,detail,1,137,UHKNPVYNTQTWBT-LELJVTLKNA-N,-8.423
PPARG,s_VAL277,mut_s1,detail,1,138,LKOQAWXJCPYWSX-SMCUVTTANA-N,-9.009
PPARG,s_VAL277,mut_s1,detail,1,139,RGTZPMQQOVPWHT-UHFFFAOYNA-N,-8.465
PPARG,s_VAL277,mut_s1,detail,1,140,MPGXBEHIWDZYTG-JRAHLMCZNA-N,-7.545
PPARG,s_VAL277,mut_s1,detail,1,141,YSGONLQAXXDANF-HXTKINSTNA-N,-9.777
PPARG,s_VAL277,mut_s1,detail,1,142,ILADCPXUSGZMCO-LNNLXFCONA-N,-8.108
PPARG,s_VAL277,mut_s1,detail,1,143,WHISBCGJLLBHTQ-LELJVTLKNA-N,-7.984
PPARG,s_VAL277,mut_s1,detail,1,144,FQUQVJCZFGUICL-PZJWPPBQNA-N,-8.244
PPARG,s_VAL277,mut_s1,detail,1,145,PVZFRDICDBVJBC-MPIMZMORNA-N,-7.823
PPARG,s_VAL277,mut_s1,detail,1,146,WUQZEVWHZRAQLY-UHFFFAOYNA-N,-8.917
PPARG,s_VAL277,mut_s1,detail,1,147,PDYDBFOSJUATJC-LELJVTLKNA-N,-9.553
PPARG,s_VAL277,mut_s1,detail,1,148,XFTGZOIRMLTALR-UHFFFAOYNA-N,-9.736
PPARG,s_VAL277,mut_s1,detail,1,149,CPWFSRVCXOETRU-XYFPIJJGNA-N,-8.995
PPARG,s_VAL277,mut_s1,detail,1,150,SAFXYJWXQPZDKB-ZNVTXRBFNA-N,-8.543
PPARG,s_VAL277,mut_s1,detail,1,151,SWLAVROBGRTKAO-LQFNOIFHNA-N,-10.432
PPARG,s_VAL277,mut_s1,detail,1,152,OJFUHLOGAMKMDM-UHFFFAOYNA-N,-8.809
PPARG,s_VAL277,mut_s1,detail,1,153,YPDNVRDMMKZNIG-PJXJJTHHNA-N,-8.456
PPARG,s_VAL277,mut_s1,detail,1,154,LPYDZAPPGTYNGQ-UHFFFAOYNA-N,-9.846
PPARG,s_VAL277,mut_s1,detail,1,155,CXIGBATZIXWVIX-HXTKINSTNA-N,-9.733
PPARG,s_VAL277,mut_s1,detail,1,156,RXPVTNMMNZNKSW-LNNLXFCONA-N,-10.113
PPARG,s_VAL277,mut_s1,detail,1,157,YYDGAWIITBZHPX-UHFFFAOYNA-N,-7.859
PPARG,s_VAL277,mut_s1,detail,1,158,CHUNHRFIWQZFCI-UHFFFAOYNA-N,-8.918
PPARG,s_VAL277,mut_s1,detail,1,159,JDUBGYFRJFOXQC-YCIVUMDCNA-N,-7.709
PPARG,s_VAL277,mut_s1,detail,1,160,MMXCRHIOXQKQPT-LQFNOIFHNA-N,-8.678
PPARG,s_VAL277,mut_s1,detail,1,161,VBENHRFIEOLOJJ-JKZKCNJSNA-N,-8.033
PPARG,s_VAL277,mut_s1,detail,1,162,VPTBWCCSBQRUTD-UHFFFAOYNA-N,-8.841
PPARG,s_VAL277,mut_s1,detail,1,163,WOWAHNXJUPSVDR-LNNLXFCONA-N,-10.271
PPARG,s_VAL277,mut_s1,detail,1,164,WRLLXWRAXRGFBQ-GFQURNRHNA-N,-7.81
PPARG,s_VAL277,mut_s1,detail,1,165,QUUJCYCJKQGYDU-UHFFFAOYNA-N,-6.582
PPARG,s_VAL277,mut_s1,detail,1,166,LWILODJXIVFMKQ-LNNLXFCONA-N,-9.88
PPARG,s_VAL277,mut_s1,detail,1,167,PVBTXZKRTQKXBX-MRSUPTMINA-N,-8.983
PPARG,s_VAL277,mut_s1,detail,1,168,OWYLOIDRWNJCEP-HXUWFJFHNA-N,-8.432
PPARG,s_VAL277,mut_s1,detail,1,169,JOZFRLZUNYNYED-PJQSKVNONA-N,-8.747
PPARG,s_VAL277,mut_s1,detail,1,170,HMQKHGHCACYDGB-UHFFFAOYNA-N,-8.987
PPARG,s_VAL277,mut_s1,detail,1,171,SCHAXPQHOGRLLW-MPIMZMORNA-N,-6.792
PPARG,s_VAL277,mut_s1,detail,1,172,YNGDNNRFKXZELP-BDGWVKIONA-N,-7.642
PPARG,s_VAL277,mut_s1,detail,1,173,XETTWDXILVAWCB-UHFFFAOYNA-N,-7.858
PPARG,s_VAL277,mut_s1,detail,1,174,XXKBFOAMRLTPJL-UHFFFAOYNA-N,-6.734
PPARG,s_VAL277,mut_s1,detail,1,175,TXOXXECOMBAZKB-ZVNAXFNBNA-N,-8.092
PPARG,s_VAL277,mut_s1,detail,1,176,KUFKSMPOXHUGOB-QWOVJGMINA-N,-8.029
PPARG,s_VAL277,mut_s1,detail,1,177,SEHKNXHOUKJSIO-LNNLXFCONA-N,-9.218
PPARG,s_VAL277,mut_s1,detail,1,178,GMMNPCWBYMCYDQ-MPIMZMORNA-N,-8.936
PPARG,s_VAL277,mut_s1,detail,1,179,KEGZEHANNYRNOK-UHFFFAOYNA-N,-8.884
PPARG,s_VAL277,mut_s1,detail,1,180,GBJZQLYNRDBGTL-UHFFFAOYNA-N,-8.536
PPARG,s_VAL277,mut_s1,detail,1,181,UMFUNPLMLVDNME-INIZCTEONA-N,-8.858
PPARG,s_VAL277,mut_s1,detail,1,182,VPYOVNHGFLPMHX-ORVKFNBTNA-N,-8.069
PPARG,s_VAL277,mut_s1,detail,1,183,OQXGEGPDPXAQRC-UHFFFAOYNA-N,-7.658
PPARG,s_VAL277,mut_s1,detail,1,184,ZWOHSJYESLDLLT-AXIOFXGANA-N,-7.549
PPARG,s_VAL277,mut_s1,detail,1,185,NLUWXHFWWSAGMP-LNNLXFCONA-N,-8.286
PPARG,s_VAL277,mut_s1,detail,1,186,NBQDTLQFRAMAMQ-PDJAEHLQNA-N,-8.685
PPARG,s_VAL277,mut_s1,detail,1,187,VKYYUIDNHOUPGY-MPIMZMORNA-N,-8.986
PPARG,s_VAL277,mut_s1,detail,1,188,JHAMDJLHPSYECA-HXTKINSTNA-N,-9.49
PPARG,s_VAL277,mut_s1,detail,1,189,YUXCKESVZUAENN-LQFNOIFHNA-N,-8.558
PPARG,s_VAL277,mut_s1,detail,1,190,VOADUCNXWYAILJ-BOSVZZMWNA-N,-7.653
PPARG,s_VAL277,mut_s1,detail,1,191,YOCNRNBEVZABNA-AVGNRJKVNA-O,-8.749
PPARG,s_VAL277,mut_s1,detail,1,192,QGPIYZBUSYLXQT-UHFFFAOYNA-N,-8.675
PPARG,s_VAL277,mut_s1,detail,1,193,ALIRNZFSPVRFPC-QDIHOGQBNA-N,-10.627
PPARG,s_VAL277,mut_s1,detail,1,194,ZVFXYTPNPFXBNK-LELJVTLKNA-N,-8.254
PPARG,s_VAL277,mut_s1,detail,1,195,VYHWCJWNQFIBGN-CRFSQNOJNA-N,-9.129
PPARG,s_VAL277,mut_s1,detail,1,196,OGTQHYNUUOXINS-BKWRVFRZNA-N,-8.129
PPARG,s_VAL277,mut_s1,detail,1,197,UVYVJQFOXZDFLB-QDIHOGQBNA-N,-8.074
PPARG,s_VAL277,mut_s1,detail,1,198,OKBCXQJLCMYJOC-UHFFFAOYNA-N,-8.822
PPARG,s_VAL277,mut_s1,detail,1,199,UNUQJGDVJMRMAL-LBOYIXSDNA-N,-9.286
PPARG,s_VAL277,mut_s1,detail,1,200,AYOFFOZNXNLQIO-UHFFFAOYNA-N,-8.718
PPARG,s_VAL277,mut_s1,detail,1,201,XSCHYHFIQNFPFK-VJSLDGLSNA-N,-7.823
PPARG,s_VAL277,mut_s1,detail,1,202,JTLSDSKNFBJVAB-CAXFFFRFNA-N,-7.869
PPARG,s_VAL277,mut_s1,detail,1,203,DTRCHIYQUYRTQL-ARSKLOKFNA-N,-6.922
PPARG,s_VAL277,mut_s1,detail,1,204,HHCWBKAHPBAUDS-LBOYIXSDNA-N,-9.324
PPARG,s_VAL277,mut_s1,detail,1,205,SQFXMWLUFDMDIG-LBOYIXSDNA-N,-9.221
PPARG,s_VAL277,mut_s1,detail,1,206,DAAUKUQYGMNNAH-ZUKIQNPFNA-N,-9.24
PPARG,s_VAL277,mut_s1,detail,1,207,POLXUFYBMIRDEG-UHFFFAOYNA-N,-8.661
PPARG,s_VAL277,mut_s1,detail,1,208,HAQNCPOGRFKYNP-WNTKXCTINA-N,-9.171
PPARG,s_VAL277,mut_s1,detail,1,209,CQWFJACPUQVVQZ-UHFFFAOYNA-N,-8.599
PPARG,s_VAL277,mut_s1,detail,1,210,DPMMEOUVESBMSC-ZENAZSQFNA-N,-8.904
PPARG,s_VAL277,mut_s1,detail,1,211,SWRYMOBQOOSZGE-LFJJEMAGNA-N,-10.986
PPARG,s_VAL277,mut_s1,detail,1,212,VJTYYKXVGAQBPX-BGYRXZFFNA-N,-8.182
PPARG,s_VAL277,mut_s1,detail,1,213,BWCCBKUPFRNBAM-QBBGPZPNNA-N,-9.971
PPARG,s_VAL277,mut_s1,detail,1,214,LNHIEYLABBPNKJ-HXTKINSTNA-N,-9.104
PPARG,s_VAL277,mut_s1,detail,1,215,URPWVRUGSFROGL-IWCCUHEHNA-N,-8.08
PPARG,s_VAL277,mut_s1,detail,1,216,VVHGIVKRWDSJFH-HXTKINSTNA-N,-9.948
PPARG,s_VAL277,mut_s1,detail,1,217,SXHIZYRFWJFSEN-WUSLAWIHNA-N,-8.885
PPARG,s_VAL277,mut_s1,detail,1,218,CNHPXUMQURIPRN-UHFFFAOYNA-N,-10.576
PPARG,s_VAL277,mut_s1,detail,1,219,SGUIKZIYGVGMML-UHFFFAOYNA-N,-8.077
PPARG,s_VAL277,mut_s1,detail,1,220,DEVOTYUCWQFKBI-SREBMQDQNA-N,-10.957
PPARG,s_VAL277,mut_s1,detail,1,221,HGLIGFILENTPME-YQIREZNHNA-N,-10.322
PPARG,s_VAL277,mut_s1,detail,1,222,TYJWHVJYDSKQKB-UHFFFAOYNA-N,-8.636
PPARG,s_VAL277,mut_s1,detail,1,223,KOZFSFOOLUUIGY-NHZRFLDCNA-N,-9.195
PPARG,s_VAL277,mut_s1,detail,1,224,IVUDLYCHNURAOH-INNNKKOMNA-N,-7.369
PPARG,s_VAL277,mut_s1,detail,1,225,KDGUWZZCFXNBKJ-UHFFFAOYNA-N,-7.826
PPARG,s_VAL277,mut_s1,detail,1,226,DTVVSEVQQLRJMR-ZIFUYXECNA-N,-6.706
PPARG,s_VAL277,mut_s1,detail,1,227,MUDPTEIPVZCOGV-UHFFFAOYNA-N,-9.847
PPARG,s_VAL277,mut_s1,detail,1,228,IFHBUYGFCSEHIF-OKPOJWAQNA-N,-9.249
PPARG,s_VAL277,mut_s1,detail,1,229,CRKWKHJABOJVAY-SKKVRFOWNA-N,-8.763
PPARG,s_VAL277,mut_s1,detail,1,230,DXEPONXIBPHOTN-ZJLLOKRPNA-N,-8.203
PPARG,s_VAL277,mut_s1,detail,1,231,ULXBTCAXCQWKDE-UHFFFAOYNA-N,-9.076
PPARG,s_VAL277,mut_s1,detail,1,232,WJHXPQKEBQOSHE-HXTKINSTNA-N,-8.983
PPARG,s_VAL277,mut_s1,detail,1,233,KRFOOEYNOKIXRO-PKRZOPRNNA-N,-9.824
PPARG,s_VAL277,mut_s1,detail,1,234,BQPRGAIDSWVYAW-LELJVTLKNA-N,-9.033
PPARG,s_VAL277,mut_s1,detail,1,235,YRMKMEPMFOFXGH-LELJVTLKNA-N,-8.736
PPARG,s_VAL277,mut_s1,detail,1,236,OOPGLCWBUZVAMU-CSODHUTKNA-N,-7.859
PPARG,s_VAL277,mut_s1,detail,1,237,ABMSGZYILANGCA-HXTKINSTNA-N,-8.845
PPARG,s_VAL277,mut_s1,detail,1,238,PTAKEHSCNRJTCJ-UHFFFAOYNA-N,-8.309
PPARG,s_VAL277,mut_s1,detail,1,239,HOXYGIWZMBSLPN-TWPXYFCBNA-N,-8.319
PPARG,s_VAL277,mut_s1,detail,1,240,XKHSVUSPZVNCOT-VWSSANQENA-N,-7.153
PPARG,s_VAL277,mut_s1,detail,1,241,XONRVXOEJMEUIV-UHFFFAOYNA-N,-9.584
PPARG,s_VAL277,mut_s1,detail,1,242,RJVLVZUXYHWKDL-KIKCKTDGNA-N,-8.962
PPARG,s_VAL277,mut_s1,detail,1,243,QFJGVFMADWIIMK-BDGWVKIONA-N,-8.377
PPARG,s_VAL277,mut_s1,detail,1,244,SCZNNLLAHVLZMK-HXTKINSTNA-N,-9.528
PPARG,s_VAL277,mut_s1,detail,1,245,OBFAALRUGGJRGU-PKRZOPRNNA-N,-7.243
PPARG,s_VAL277,mut_s1,detail,1,246,PBDIAJYRAMOINO-WFOUAHBYNA-N,-7.95
PPARG,s_VAL277,mut_s1,detail,1,247,NAMSGSSCIKIOGU-UHFFFAOYNA-N,-8.969
PPARG,s_VAL277,mut_s1,detail,1,248,GJTMJMUIFFQIQN-BQVZJPQVNA-N,-8.49
PPARG,s_VAL277,mut_s1,detail,1,249,FHHOEGKZVIYWLM-PKRZOPRNNA-N,-8.35
PPARG,s_VAL277,mut_s1,detail,1,250,LWSUSTXYIGVJTM-DDTQQWOSNA-N,-8.885
PPARG,s_VAL277,mut_s1,detail,1,251,VAXBUDASTPYURF-YIOWICSRNA-N,-9.142
PPARG,s_VAL277,mut_s1,detail,1,252,JHBVXZXFCJIAJZ-CUCLJGHLNA-N,-10.699
PPARG,s_VAL277,mut_s1,detail,1,253,XASICACCYVTJDX-UHFFFAOYNA-N,-8.633
PPARG,s_VAL277,mut_s1,detail,1,254,FRWAWZNXORYJGK-UHFFFAOYNA-N,-9.714
PPARG,s_VAL277,mut_s1,detail,1,255,YVEPCRMWSAAWMS-BHOFNQNONA-N,-9.442
PPARG,s_ILE249,mut_s1,detail,1,0,OLBYFEGTUWWPTR-FYWRMAATNA-N,-7.513
PPARG,s_ILE249,mut_s1,detail,1,1,SPGYFZIJBSMMEN-UHFFFAOYNA-N,-7.718
PPARG,s_ILE249,mut_s1,detail,1,2,DKKGRNTXCNVFPV-DZQCGVKKNA-N,-8.628
PPARG,s_ILE249,mut_s1,detail,1,3,KCOKHEIACSQLBQ-PCLSHUPZNA-N,-7.131
PPARG,s_ILE249,mut_s1,detail,1,4,XXMDURVCJMZNFC-UHFFFAOYNA-N,-8.467
PPARG,s_ILE249,mut_s1,detail,1,5,XNGWBIOXTHPDBE-UHFFFAOYNA-N,-6.128
PPARG,s_ILE249,mut_s1,detail,1,6,FMLKTYPTZQDWCZ-WYUMXYHSNA-N,-7.349
PPARG,s_ILE249,mut_s1,detail,1,7,BQCYOKUETBHDKF-UHFFFAOYNA-N,-7.964
PPARG,s_ILE249,mut_s1,detail,1,8,VAPRSYGEPKZLNA-UHFFFAOYNA-N,-6.906
PPARG,s_ILE249,mut_s1,detail,1,9,FJWTZYYUIYSFDV-NDKGDYFDNA-N,-5.658
PPARG,s_ILE249,mut_s1,detail,1,10,JSIXJSFAHZREEV-YHMJCDSINA-N,-6.772
PPARG,s_ILE249,mut_s1,detail,1,11,BGSXHNNWYPKQIQ-VEWCPZSHNA-N,-7.515
PPARG,s_ILE249,mut_s1,detail,1,12,ANJUUMLKPZLRGR-GPQMBLKYNA-N,-7.677
PPARG,s_ILE249,mut_s1,detail,1,13,WVDDMJTWFGHTGZ-VMPITWQZNA-N,-6.635
PPARG,s_ILE249,mut_s1,detail,1,14,OSFGHYZLBDAJTP-LILDFLRNNA-N,-9.29
PPARG,s_ILE249,mut_s1,detail,1,15,TZSPGMKSRHWUBZ-UHFFFAOYNA-N,-7.491
PPARG,s_ILE249,mut_s1,detail,1,16,RJNMLHBOHSQLDU-UHFFFAOYNA-N,-6.673
PPARG,s_ILE249,mut_s1,detail,1,17,HPGOEMWDBCJDOY-LILDFLRNNA-N,-7.928
PPARG,s_ILE249,mut_s1,detail,1,18,ANIAQSUBRGXWLS-UHFFFAOYNA-N,-5.55
PPARG,s_ILE249,mut_s1,detail,1,19,XHPTXSLPPJQCFM-UOUMIGKDNA-N,-7.979
PPARG,s_ILE249,mut_s1,detail,1,20,OYUMERJRBPSDQK-UHFFFAOYNA-N,-8.658
PPARG,s_ILE249,mut_s1,detail,1,21,RHCPJGMOPIMKFS-UHFFFAOYNA-N,-6.796
PPARG,s_ILE249,mut_s1,detail,1,22,GQCRCQLETCLZLO-NDKGDYFDNA-N,-6.534
PPARG,s_ILE249,mut_s1,detail,1,23,HDTRJGVVKZGWQZ-UHFFFAOYNA-N,-7.751
PPARG,s_ILE249,mut_s1,detail,1,24,PODSUWFXVDWCHZ-YAQRNVERNA-N,-7.695
PPARG,s_ILE249,mut_s1,detail,1,25,XOQICXJZZWXQDG-SDNWHVSQNA-N,-7.862
PPARG,s_ILE249,mut_s1,detail,1,26,LRQZMRHGRBHVRW-BLHHFWFONA-N,-7.085
PPARG,s_ILE249,mut_s1,detail,1,27,INRDHPFHGNGCCW-UHFFFAOYNA-N,-7.812
PPARG,s_ILE249,mut_s1,detail,1,28,WIRZCAWOMABORR-HCKMINDGNA-N,-7.789
PPARG,s_ILE249,mut_s1,detail,1,29,ISHXVBNQBLMUMA-XAASJSMPNA-N,-7.886
PPARG,s_ILE249,mut_s1,detail,1,30,ZVAZVKMDCRYPAQ-UHFFFAOYNA-N,-6.241
PPARG,s_ILE249,mut_s1,detail,1,31,OJGDCBLYJGHCIH-UHFFFAOYNA-N,-6.834
PPARG,s_ILE249,mut_s1,detail,1,32,HUJQOHMOYGRIRS-WYCIUFAENA-N,-7.515
PPARG,s_ILE249,mut_s1,detail,1,33,IXOFYFZRTXYNDM-HCKMINDGNA-N,-7.798
PPARG,s_ILE249,mut_s1,detail,1,34,RBMMHDHXQQMEMH-UHFFFAOYNA-N,-7.079
PPARG,s_ILE249,mut_s1,detail,1,35,CFFGWJLHGOSOHF-AHPDCHJINA-N,-6.702
PPARG,s_ILE249,mut_s1,detail,1,36,FFPAFAKDJLEUSC-YHMJCDSINA-N,-6.978
PPARG,s_ILE249,mut_s1,detail,1,37,ULEATUCPMCKRAM-IRXDYDNUNA-N,-7.576
PPARG,s_ILE249,mut_s1,detail,1,38,SUSPKFCOAROGEI-UHFFFAOYNA-N,-6.458
PPARG,s_ILE249,mut_s1,detail,1,39,ILOLPXFRSGURQA-HCKMINDGNA-N,-7.853
PPARG,s_ILE249,mut_s1,detail,1,40,LAHNGPIIMDWGRL-UHFFFAOYNA-N,-8.405
PPARG,s_ILE249,mut_s1,detail,1,41,PONNWXFCUBXOFS-UHFFFAOYNA-N,-7.682
PPARG,s_ILE249,mut_s1,detail,1,42,NGPUMDFMDVHJTF-XMHGGMMENA-N,-6.734
PPARG,s_ILE249,mut_s1,detail,1,43,GKVFCYBLNULLCL-YGPBECBDNA-N,-6.418
PPARG,s_ILE249,mut_s1,detail,1,44,FZPYMNOBFYWKFC-UHFFFAOYNA-N,-7.374
PPARG,s_ILE249,mut_s1,detail,1,45,CPJICALSLDLRJP-LILDFLRNNA-N,-7.852
PPARG,s_ILE249,mut_s1,detail,1,46,RAVBBDYGFXMBKB-GAJRPKRDNA-N,-7.237
PPARG,s_ILE249,mut_s1,detail,1,47,NCUWRDDNNJFMAS-UHFFFAOYNA-N,-8.162
PPARG,s_ILE249,mut_s1,detail,1,48,VDNBWTVXZDOUIG-PKSOQXRJNA-N,-7.869
PPARG,s_ILE249,mut_s1,detail,1,49,WYMKISIWQJPKOC-UHFFFAOYNA-N,-6.891
PPARG,s_ILE249,mut_s1,detail,1,50,VTCXXKFOLLSYCU-UHFFFAOYNA-N,-6.713
PPARG,s_ILE249,mut_s1,detail,1,51,BSLAOCJVMOGUKX-VHOFBASHNA-N,-7.417
PPARG,s_ILE249,mut_s1,detail,1,52,RZUVVWWNGGXUBI-GPQMBLKYNA-N,-8.803
PPARG,s_ILE249,mut_s1,detail,1,53,YLYYXIMYACYRSP-UYBDAZJANA-N,-7.017
PPARG,s_ILE249,mut_s1,detail,1,54,PHRXHZRDJNSXDF-QHCBTKRXNA-N,-7.946
PPARG,s_ILE249,mut_s1,detail,1,55,ABQUFQQMQCPHOH-NCWAPJAINA-N,-7.615
PPARG,s_ILE249,mut_s1,detail,1,56,FKIFGIZHFPIJND-GQAOMWGXNA-N,-6.7
PPARG,s_ILE249,mut_s1,detail,1,57,NHZFGROUVFTJAK-WYUMXYHSNA-N,-7.872
PPARG,s_ILE249,mut_s1,detail,1,58,RTJPLJJBIWFNSZ-UHFFFAOYNA-N,-7.793
PPARG,s_ILE249,mut_s1,detail,1,59,ZJRUXQBLSMYTIS-DXMPFREMNA-N,-7.484
PPARG,s_ILE249,mut_s1,detail,1,60,UYVIFQIPPPRZJF-QWOVJGMINA-N,-7.689
PPARG,s_ILE249,mut_s1,detail,1,61,WYTBYQZYJIGCBO-LILDFLRNNA-N,-8.114
PPARG,s_ILE249,mut_s1,detail,1,62,KKWWDIPRICACPS-GPQMBLKYNA-N,-7.317
PPARG,s_ILE249,mut_s1,detail,1,63,NZRHOWNFGASHMN-ZHLVXTBQNA-N,-7.436
PPARG,s_ILE249,mut_s1,detail,1,64,MGSGKNKREAYFRZ-UHFFFAOYNA-N,-8.198
PPARG,s_ILE249,mut_s1,detail,1,65,QTIJDOJTNOHQTC-WQGACYEGNA-N,-6.62
PPARG,s_ILE249,mut_s1,detail,1,66,ZHRVXEKEOMUAJO-PKSOQXRJNA-N,-8.873
PPARG,s_ILE249,mut_s1,detail,1,67,AJEULKUYXOLHDN-DVIAZDKANA-N,-8.839
PPARG,s_ILE249,mut_s1,detail,1,68,MGNZRUQLGFVWLY-UHFFFAOYNA-N,-8.224
PPARG,s_ILE249,mut_s1,detail,1,69,OHIMIXUWTWBDBR-UHFFFAOYNA-N,-8.562
PPARG,s_ILE249,mut_s1,detail,1,70,RFEGKAVABNLRHW-WYUMXYHSNA-N,-7.891
PPARG,s_ILE249,mut_s1,detail,1,71,OVDZZJAUKDINIY-SGTLLEGYNA-N,-7.862
PPARG,s_ILE249,mut_s1,detail,1,72,FIGONFGVGMSPID-MPIMZMORNA-N,-9.125
PPARG,s_ILE249,mut_s1,detail,1,73,DSSHOSHLYKWNRQ-UHFFFAOYNA-N,-7.628
PPARG,s_ILE249,mut_s1,detail,1,74,PKDGFUYVUYOZFK-UHFFFAOYNA-N,-8.484
PPARG,s_ILE249,mut_s1,detail,1,75,FSDOAOAVZVMAGE-RRORKGOJNA-N,-7.343
PPARG,s_ILE249,mut_s1,detail,1,76,SKYAUASQUBDEOI-LHJMZCQGNA-N,-7.2
PPARG,s_ILE249,mut_s1,detail,1,77,RRRYPJNSMOUEOE-XBTAAFKLNA-N,-8.768
PPARG,s_ILE249,mut_s1,detail,1,78,LNQOCSSUUUJFLY-BNKWAMQHNA-N,-8.884
PPARG,s_ILE249,mut_s1,detail,1,79,IQVUWJZWHCFIBG-UYBDAZJANA-N,-6.492
PPARG,s_ILE249,mut_s1,detail,1,80,FECVWTWBRSSNCK-XBTAAFKLNA-N,-9.58
PPARG,s_ILE249,mut_s1,detail,1,81,USDYHKNHMGVDHS-UYBDAZJANA-N,-7.529
PPARG,s_ILE249,mut_s1,detail,1,82,ZVJAHPKIYVGDHR-ILXRZTDVNA-N,-7.325
PPARG,s_ILE249,mut_s1,detail,1,83,AGWWZCICEUHAPF-UHFFFAOYNA-N,-9.463
PPARG,s_ILE249,mut_s1,detail,1,84,SIFYPHRKPXWEFL-UHFFFAOYNA-N,-8.241
PPARG,s_ILE249,mut_s1,detail,1,85,CCBDIYWTNHRYSF-GPQMBLKYNA-N,-8.154
PPARG,s_ILE249,mut_s1,detail,1,86,QZJYCFURESLRJX-UHFFFAOYNA-N,-7.202
PPARG,s_ILE249,mut_s1,detail,1,87,KDGSVHGIVBVYFE-SIKSZQSZNA-N,-8.514
PPARG,s_ILE249,mut_s1,detail,1,88,KAVCMDDCFVWLGH-DCYBUDGMNA-N,-9.059
PPARG,s_ILE249,mut_s1,detail,1,89,QTJDEJXKPAATAY-LILDFLRNNA-N,-9.073
PPARG,s_ILE249,mut_s1,detail,1,90,DCCNEGBQLUHRSI-UHFFFAOYNA-N,-6.405
PPARG,s_ILE249,mut_s1,detail,1,91,VUCQKRJVSPHODJ-UHFFFAOYNA-N,-8.321
PPARG,s_ILE249,mut_s1,detail,1,92,XCNTYAMCOLKFEW-UHFFFAOYNA-N,-6.779
PPARG,s_ILE249,mut_s1,detail,1,93,MLPVFRGFZVZNOZ-ODUIGABRNA-N,-7.458
PPARG,s_ILE249,mut_s1,detail,1,94,JXNGVLIPVYLXLZ-PKSOQXRJNA-N,-7.766
PPARG,s_ILE249,mut_s1,detail,1,95,GWICPGWJQQUMKG-UHFFFAOYNA-N,-7.662
PPARG,s_ILE249,mut_s1,detail,1,96,LEDHQUJDAQVDJK-UHFFFAOYNA-N,-8.662
PPARG,s_ILE249,mut_s1,detail,1,97,BJKUVAVJXSIUGS-UYBDAZJANA-N,-7.128
PPARG,s_ILE249,mut_s1,detail,1,98,QXIDHQKQNQWYQW-ORVKFNBTNA-N,-8.673
PPARG,s_ILE249,mut_s1,detail,1,99,VXNGWYZIFXWTDN-PKSOQXRJNA-N,-6.928
PPARG,s_ILE249,mut_s1,detail,1,100,UBFYNRRQFOKQOE-QWOVJGMINA-N,-6.827
PPARG,s_ILE249,mut_s1,detail,1,101,PKPIHOLUWUTPLW-GKKCOONHNA-N,-8.875
PPARG,s_ILE249,mut_s1,detail,1,102,CNYQZGODPRSIFM-LILDFLRNNA-N,-7.883
PPARG,s_ILE249,mut_s1,detail,1,103,OGPHEDOMLIUGFJ-UYBDAZJANA-N,-9.328
PPARG,s_ILE249,mut_s1,detail,1,104,FHOIWEHXSFDGEX-MPIMZMORNA-N,-9.075
PPARG,s_ILE249,mut_s1,detail,1,105,QOIGKGMMAGJZNZ-UHFFFAOYNA-N,-8.657
PPARG,s_ILE249,mut_s1,detail,1,106,DJJKBSKVSXPDMW-XFDRBGHPNA-N,-8.552
PPARG,s_ILE249,mut_s1,detail,1,107,MQVHNCCMPYINIB-GPQMBLKYNA-N,-8.002
PPARG,s_ILE249,mut_s1,detail,1,108,QJBDKSNVJPPLMZ-UYBDAZJANA-N,-8.71
PPARG,s_ILE249,mut_s1,detail,1,109,NEOVEBXUPVDKIZ-PDJAEHLQNA-N,-8.534
PPARG,s_ILE249,mut_s1,detail,1,110,UBMHUOWYROYDAE-MPIMZMORNA-N,-8.086
PPARG,s_ILE249,mut_s1,detail,1,111,NCOQSZVFPAPDPY-MPIMZMORNA-N,-9.234
PPARG,s_ILE249,mut_s1,detail,1,112,IWKDSKQEBMNILM-SFHVURJKNA-N,-7.964
PPARG,s_ILE249,mut_s1,detail,1,113,FYHIZSWDWJOYBD-UHFFFAOYNA-N,-7.367
PPARG,s_ILE249,mut_s1,detail,1,114,CODIBUDSZRMNBU-VVKINWOJNA-N,-8.501
PPARG,s_ILE249,mut_s1,detail,1,115,FSBYPVHAUHIHDK-HYTOZLCFNA-N,-8.354
PPARG,s_ILE249,mut_s1,detail,1,116,IBLBSVRDXNEHCF-UYBDAZJANA-N,-8.967
PPARG,s_ILE249,mut_s1,detail,1,117,YIVFLWLUPIAQNG-MPIMZMORNA-N,-8.713
PPARG,s_ILE249,mut_s1,detail,1,118,OKBASBXKPLMJNO-PKSOQXRJNA-N,-7.839
PPARG,s_ILE249,mut_s1,detail,1,119,CKUZXDONSHPFEU-UHFFFAOYNA-N,-8.082
PPARG,s_ILE249,mut_s1,detail,1,120,FZVOSFJDUXXRFB-LQFNOIFHNA-N,-9.42
PPARG,s_ILE249,mut_s1,detail,1,121,ATWQGOUWTPWHOB-MPIMZMORNA-N,-7.629
PPARG,s_ILE249,mut_s1,detail,1,122,SWTXEVDFRXLPBO-LILDFLRNNA-N,-8.345
PPARG,s_ILE249,mut_s1,detail,1,123,XKKZGDBDLSLGEV-UHFFFAOYNA-N,-7.706
PPARG,s_ILE249,mut_s1,detail,1,124,YOIVLKBZTXOSAW-UHFFFAOYNA-N,-7.341
PPARG,s_ILE249,mut_s1,detail,1,125,MTNDVCNEIIJXQO-LILDFLRNNA-N,-8.46
PPARG,s_ILE249,mut_s1,detail,1,126,VRVOWSSSYICXBN-UHFFFAOYNA-N,-8.613
PPARG,s_ILE249,mut_s1,detail,1,127,YWMOOGZLZREJIF-LILDFLRNNA-N,-5.695
PPARG,s_ILE249,mut_s1,detail,1,128,GBDSDSSPYNQXEN-LQFNOIFHNA-N,-9.303
PPARG,s_ILE249,mut_s1,detail,1,129,WEGCLMSBIIWPKX-HXTKINSTNA-N,-8.234
PPARG,s_ILE249,mut_s1,detail,1,130,KWIMDTZYIABOPE-XBXBPLPCNA-N,-9.247
PPARG,s_ILE249,mut_s1,detail,1,131,PTYKTEYVZUVZBD-LQFNOIFHNA-N,-10.49
PPARG,s_ILE249,mut_s1,detail,1,132,IDUARCWXOZVBJC-UHFFFAOYNA-N,-7.744
PPARG,s_ILE249,mut_s1,detail,1,133,SVHQAQMZYYTKBZ-QIFDKBNDNA-N,-7.195
PPARG,s_ILE249,mut_s1,detail,1,134,OKUWPICMSLXCLZ-ZBJSNUHENA-N,-7.614
PPARG,s_ILE249,mut_s1,detail,1,135,BGESRTVIDMTTHW-MPIMZMORNA-N,-9.621
PPARG,s_ILE249,mut_s1,detail,1,136,RDLHVRFBBSKBMX-UHFFFAOYNA-N,-8.069
PPARG,s_ILE249,mut_s1,detail,1,137,UHKNPVYNTQTWBT-LELJVTLKNA-N,-8.875
PPARG,s_ILE249,mut_s1,detail,1,138,LKOQAWXJCPYWSX-SMCUVTTANA-N,-9.041
PPARG,s_ILE249,mut_s1,detail,1,139,RGTZPMQQOVPWHT-UHFFFAOYNA-N,-8.467
PPARG,s_ILE249,mut_s1,detail,1,140,MPGXBEHIWDZYTG-JRAHLMCZNA-N,-7.661
PPARG,s_ILE249,mut_s1,detail,1,141,YSGONLQAXXDANF-HXTKINSTNA-N,-9.652
PPARG,s_ILE249,mut_s1,detail,1,142,ILADCPXUSGZMCO-LNNLXFCONA-N,-8.292
PPARG,s_ILE249,mut_s1,detail,1,143,WHISBCGJLLBHTQ-LELJVTLKNA-N,-7.984
PPARG,s_ILE249,mut_s1,detail,1,144,FQUQVJCZFGUICL-PZJWPPBQNA-N,-7.945
PPARG,s_ILE249,mut_s1,detail,1,145,PVZFRDICDBVJBC-MPIMZMORNA-N,-8.337
PPARG,s_ILE249,mut_s1,detail,1,146,WUQZEVWHZRAQLY-UHFFFAOYNA-N,-8.921
PPARG,s_ILE249,mut_s1,detail,1,147,PDYDBFOSJUATJC-LELJVTLKNA-N,-9.549
PPARG,s_ILE249,mut_s1,detail,1,148,XFTGZOIRMLTALR-UHFFFAOYNA-N,-9.765
PPARG,s_ILE249,mut_s1,detail,1,149,CPWFSRVCXOETRU-XYFPIJJGNA-N,-9.336
PPARG,s_ILE249,mut_s1,detail,1,150,SAFXYJWXQPZDKB-ZNVTXRBFNA-N,-8.668
PPARG,s_ILE249,mut_s1,detail,1,151,SWLAVROBGRTKAO-LQFNOIFHNA-N,-9.639
PPARG,s_ILE249,mut_s1,detail,1,152,OJFUHLOGAMKMDM-UHFFFAOYNA-N,-8.817
PPARG,s_ILE249,mut_s1,detail,1,153,YPDNVRDMMKZNIG-PJXJJTHHNA-N,-8.647
PPARG,s_ILE249,mut_s1,detail,1,154,LPYDZAPPGTYNGQ-UHFFFAOYNA-N,-9.918
PPARG,s_ILE249,mut_s1,detail,1,155,CXIGBATZIXWVIX-HXTKINSTNA-N,-9.73
PPARG,s_ILE249,mut_s1,detail,1,156,RXPVTNMMNZNKSW-LNNLXFCONA-N,-9.121
PPARG,s_ILE249,mut_s1,detail,1,157,YYDGAWIITBZHPX-UHFFFAOYNA-N,-7.998
PPARG,s_ILE249,mut_s1,detail,1,158,CHUNHRFIWQZFCI-UHFFFAOYNA-N,-9.052
PPARG,s_ILE249,mut_s1,detail,1,159,JDUBGYFRJFOXQC-YCIVUMDCNA-N,-7.737
PPARG,s_ILE249,mut_s1,detail,1,160,MMXCRHIOXQKQPT-LQFNOIFHNA-N,-9.098
PPARG,s_ILE249,mut_s1,detail,1,161,VBENHRFIEOLOJJ-JKZKCNJSNA-N,-7.932
PPARG,s_ILE249,mut_s1,detail,1,162,VPTBWCCSBQRUTD-UHFFFAOYNA-N,-8.729
PPARG,s_ILE249,mut_s1,detail,1,163,WOWAHNXJUPSVDR-LNNLXFCONA-N,-10.549
PPARG,s_ILE249,mut_s1,detail,1,164,WRLLXWRAXRGFBQ-GFQURNRHNA-N,-7.861
PPARG,s_ILE249,mut_s1,detail,1,165,QUUJCYCJKQGYDU-UHFFFAOYNA-N,-6.58
PPARG,s_ILE249,mut_s1,detail,1,166,LWILODJXIVFMKQ-LNNLXFCONA-N,-9.861
PPARG,s_ILE249,mut_s1,detail,1,167,PVBTXZKRTQKXBX-MRSUPTMINA-N,-8.968
PPARG,s_ILE249,mut_s1,detail,1,168,OWYLOIDRWNJCEP-HXUWFJFHNA-N,-8.404
PPARG,s_ILE249,mut_s1,detail,1,169,JOZFRLZUNYNYED-PJQSKVNONA-N,-8.77
PPARG,s_ILE249,mut_s1,detail,1,170,HMQKHGHCACYDGB-UHFFFAOYNA-N,-8.84
PPARG,s_ILE249,mut_s1,detail,1,171,SCHAXPQHOGRLLW-MPIMZMORNA-N,-8.591
PPARG,s_ILE249,mut_s1,detail,1,172,YNGDNNRFKXZELP-BDGWVKIONA-N,-7.749
PPARG,s_ILE249,mut_s1,detail,1,173,XETTWDXILVAWCB-UHFFFAOYNA-N,-7.466
PPARG,s_ILE249,mut_s1,detail,1,174,XXKBFOAMRLTPJL-UHFFFAOYNA-N,-7.074
PPARG,s_ILE249,mut_s1,detail,1,175,TXOXXECOMBAZKB-ZVNAXFNBNA-N,-8.444
PPARG,s_ILE249,mut_s1,detail,1,176,KUFKSMPOXHUGOB-QWOVJGMINA-N,-7.943
PPARG,s_ILE249,mut_s1,detail,1,177,SEHKNXHOUKJSIO-LNNLXFCONA-N,-9.578
PPARG,s_ILE249,mut_s1,detail,1,178,GMMNPCWBYMCYDQ-MPIMZMORNA-N,-8.981
PPARG,s_ILE249,mut_s1,detail,1,179,KEGZEHANNYRNOK-UHFFFAOYNA-N,-8.839
PPARG,s_ILE249,mut_s1,detail,1,180,GBJZQLYNRDBGTL-UHFFFAOYNA-N,-8.582
PPARG,s_ILE249,mut_s1,detail,1,181,UMFUNPLMLVDNME-INIZCTEONA-N,-8.842
PPARG,s_ILE249,mut_s1,detail,1,182,VPYOVNHGFLPMHX-ORVKFNBTNA-N,-7.672
PPARG,s_ILE249,mut_s1,detail,1,183,OQXGEGPDPXAQRC-UHFFFAOYNA-N,-7.496
PPARG,s_ILE249,mut_s1,detail,1,184,ZWOHSJYESLDLLT-AXIOFXGANA-N,-7.391
PPARG,s_ILE249,mut_s1,detail,1,185,NLUWXHFWWSAGMP-LNNLXFCONA-N,-9.127
PPARG,s_ILE249,mut_s1,detail,1,186,NBQDTLQFRAMAMQ-PDJAEHLQNA-N,-8.806
PPARG,s_ILE249,mut_s1,detail,1,187,VKYYUIDNHOUPGY-MPIMZMORNA-N,-8.746
PPARG,s_ILE249,mut_s1,detail,1,188,JHAMDJLHPSYECA-HXTKINSTNA-N,-9.305
PPARG,s_ILE249,mut_s1,detail,1,189,YUXCKESVZUAENN-LQFNOIFHNA-N,-8.251
PPARG,s_ILE249,mut_s1,detail,1,190,VOADUCNXWYAILJ-BOSVZZMWNA-N,-7.803
PPARG,s_ILE249,mut_s1,detail,1,191,YOCNRNBEVZABNA-AVGNRJKVNA-O,-8.861
PPARG,s_ILE249,mut_s1,detail,1,192,QGPIYZBUSYLXQT-UHFFFAOYNA-N,-8.865
PPARG,s_ILE249,mut_s1,detail,1,193,ALIRNZFSPVRFPC-QDIHOGQBNA-N,-10.316
PPARG,s_ILE249,mut_s1,detail,1,194,ZVFXYTPNPFXBNK-LELJVTLKNA-N,-8.279
PPARG,s_ILE249,mut_s1,detail,1,195,VYHWCJWNQFIBGN-CRFSQNOJNA-N,-9.122
PPARG,s_ILE249,mut_s1,detail,1,196,OGTQHYNUUOXINS-BKWRVFRZNA-N,-6.716
PPARG,s_ILE249,mut_s1,detail,1,197,UVYVJQFOXZDFLB-QDIHOGQBNA-N,-8.069
PPARG,s_ILE249,mut_s1,detail,1,198,OKBCXQJLCMYJOC-UHFFFAOYNA-N,-8.796
PPARG,s_ILE249,mut_s1,detail,1,199,UNUQJGDVJMRMAL-LBOYIXSDNA-N,-9.638
PPARG,s_ILE249,mut_s1,detail,1,200,AYOFFOZNXNLQIO-UHFFFAOYNA-N,-8.441
PPARG,s_ILE249,mut_s1,detail,1,201,XSCHYHFIQNFPFK-VJSLDGLSNA-N,-7.741
PPARG,s_ILE249,mut_s1,detail,1,202,JTLSDSKNFBJVAB-CAXFFFRFNA-N,-8.003
PPARG,s_ILE249,mut_s1,detail,1,203,DTRCHIYQUYRTQL-ARSKLOKFNA-N,-8.778
PPARG,s_ILE249,mut_s1,detail,1,204,HHCWBKAHPBAUDS-LBOYIXSDNA-N,-8.824
PPARG,s_ILE249,mut_s1,detail,1,205,SQFXMWLUFDMDIG-LBOYIXSDNA-N,-9.253
PPARG,s_ILE249,mut_s1,detail,1,206,DAAUKUQYGMNNAH-ZUKIQNPFNA-N,-9.161
PPARG,s_ILE249,mut_s1,detail,1,207,POLXUFYBMIRDEG-UHFFFAOYNA-N,-8.074
PPARG,s_ILE249,mut_s1,detail,1,208,HAQNCPOGRFKYNP-WNTKXCTINA-N,-9.232
PPARG,s_ILE249,mut_s1,detail,1,209,CQWFJACPUQVVQZ-UHFFFAOYNA-N,-8.399
PPARG,s_ILE249,mut_s1,detail,1,210,DPMMEOUVESBMSC-ZENAZSQFNA-N,-8.562
PPARG,s_ILE249,mut_s1,detail,1,211,SWRYMOBQOOSZGE-LFJJEMAGNA-N,-10.586
PPARG,s_ILE249,mut_s1,detail,1,212,VJTYYKXVGAQBPX-BGYRXZFFNA-N,-8.186
PPARG,s_ILE249,mut_s1,detail,1,213,BWCCBKUPFRNBAM-QBBGPZPNNA-N,-9.953
PPARG,s_ILE249,mut_s1,detail,1,214,LNHIEYLABBPNKJ-HXTKINSTNA-N,-9.181
PPARG,s_ILE249,mut_s1,detail,1,215,URPWVRUGSFROGL-IWCCUHEHNA-N,-8.271
PPARG,s_ILE249,mut_s1,detail,1,216,VVHGIVKRWDSJFH-HXTKINSTNA-N,-10.013
PPARG,s_ILE249,mut_s1,detail,1,217,SXHIZYRFWJFSEN-WUSLAWIHNA-N,-8.515
PPARG,s_ILE249,mut_s1,detail,1,218,CNHPXUMQURIPRN-UHFFFAOYNA-N,-10.59
PPARG,s_ILE249,mut_s1,detail,1,219,SGUIKZIYGVGMML-UHFFFAOYNA-N,-8.498
PPARG,s_ILE249,mut_s1,detail,1,220,DEVOTYUCWQFKBI-SREBMQDQNA-N,-10.786
PPARG,s_ILE249,mut_s1,detail,1,221,HGLIGFILENTPME-YQIREZNHNA-N,-10.249
PPARG,s_ILE249,mut_s1,detail,1,222,TYJWHVJYDSKQKB-UHFFFAOYNA-N,-8.455
PPARG,s_ILE249,mut_s1,detail,1,223,KOZFSFOOLUUIGY-NHZRFLDCNA-N,-9.186
PPARG,s_ILE249,mut_s1,detail,1,224,IVUDLYCHNURAOH-INNNKKOMNA-N,-6.549
PPARG,s_ILE249,mut_s1,detail,1,225,KDGUWZZCFXNBKJ-UHFFFAOYNA-N,-7.968
PPARG,s_ILE249,mut_s1,detail,1,226,DTVVSEVQQLRJMR-ZIFUYXECNA-N,-8.665
PPARG,s_ILE249,mut_s1,detail,1,227,MUDPTEIPVZCOGV-UHFFFAOYNA-N,-9.866
PPARG,s_ILE249,mut_s1,detail,1,228,IFHBUYGFCSEHIF-OKPOJWAQNA-N,-9.639
PPARG,s_ILE249,mut_s1,detail,1,229,CRKWKHJABOJVAY-SKKVRFOWNA-N,-8.673
PPARG,s_ILE249,mut_s1,detail,1,230,DXEPONXIBPHOTN-ZJLLOKRPNA-N,-8.662
PPARG,s_ILE249,mut_s1,detail,1,231,ULXBTCAXCQWKDE-UHFFFAOYNA-N,-8.547
PPARG,s_ILE249,mut_s1,detail,1,232,WJHXPQKEBQOSHE-HXTKINSTNA-N,-9.002
PPARG,s_ILE249,mut_s1,detail,1,233,KRFOOEYNOKIXRO-PKRZOPRNNA-N,-9.749
PPARG,s_ILE249,mut_s1,detail,1,234,BQPRGAIDSWVYAW-LELJVTLKNA-N,-9.319
PPARG,s_ILE249,mut_s1,detail,1,235,YRMKMEPMFOFXGH-LELJVTLKNA-N,-7.768
PPARG,s_ILE249,mut_s1,detail,1,236,OOPGLCWBUZVAMU-CSODHUTKNA-N,-7.025
PPARG,s_ILE249,mut_s1,detail,1,237,ABMSGZYILANGCA-HXTKINSTNA-N,-8.902
PPARG,s_ILE249,mut_s1,detail,1,238,PTAKEHSCNRJTCJ-UHFFFAOYNA-N,-7.948
PPARG,s_ILE249,mut_s1,detail,1,239,HOXYGIWZMBSLPN-TWPXYFCBNA-N,-8.799
PPARG,s_ILE249,mut_s1,detail,1,240,XKHSVUSPZVNCOT-VWSSANQENA-N,-6.892
PPARG,s_ILE249,mut_s1,detail,1,241,XONRVXOEJMEUIV-UHFFFAOYNA-N,-9.424
PPARG,s_ILE249,mut_s1,detail,1,242,RJVLVZUXYHWKDL-KIKCKTDGNA-N,-8.926
PPARG,s_ILE249,mut_s1,detail,1,243,QFJGVFMADWIIMK-BDGWVKIONA-N,-8.844
PPARG,s_ILE249,mut_s1,detail,1,244,SCZNNLLAHVLZMK-HXTKINSTNA-N,-9.57
PPARG,s_ILE249,mut_s1,detail,1,245,OBFAALRUGGJRGU-PKRZOPRNNA-N,-7.552
PPARG,s_ILE249,mut_s1,detail,1,246,PBDIAJYRAMOINO-WFOUAHBYNA-N,-7.449
PPARG,s_ILE249,mut_s1,detail,1,247,NAMSGSSCIKIOGU-UHFFFAOYNA-N,-8.909
PPARG,s_ILE249,mut_s1,detail,1,248,GJTMJMUIFFQIQN-BQVZJPQVNA-N,-9.12
PPARG,s_ILE249,mut_s1,detail,1,249,FHHOEGKZVIYWLM-PKRZOPRNNA-N,-8.563
PPARG,s_ILE249,mut_s1,detail,1,250,LWSUSTXYIGVJTM-DDTQQWOSNA-N,-9.181
PPARG,s_ILE249,mut_s1,detail,1,251,VAXBUDASTPYURF-YIOWICSRNA-N,-9.429
PPARG,s_ILE249,mut_s1,detail,1,252,JHBVXZXFCJIAJZ-CUCLJGHLNA-N,-10.821
PPARG,s_ILE249,mut_s1,detail,1,253,XASICACCYVTJDX-UHFFFAOYNA-N,-8.494
PPARG,s_ILE249,mut_s1,detail,1,254,FRWAWZNXORYJGK-UHFFFAOYNA-N,-8.92
PPARG,s_ILE249,mut_s1,detail,1,255,YVEPCRMWSAAWMS-BHOFNQNONA-N,-9.277
PPARG,f_GLN420,mut_s1,detail,1,0,OLBYFEGTUWWPTR-FYWRMAATNA-N,-7.4
PPARG,f_GLN420,mut_s1,detail,1,1,SPGYFZIJBSMMEN-UHFFFAOYNA-N,-8.236
PPARG,f_GLN420,mut_s1,detail,1,2,DKKGRNTXCNVFPV-DZQCGVKKNA-N,-8.934
PPARG,f_GLN420,mut_s1,detail,1,3,KCOKHEIACSQLBQ-PCLSHUPZNA-N,-7.372
PPARG,f_GLN420,mut_s1,detail,1,4,XXMDURVCJMZNFC-UHFFFAOYNA-N,-8.422
PPARG,f_GLN420,mut_s1,detail,1,5,XNGWBIOXTHPDBE-UHFFFAOYNA-N,-6.171
PPARG,f_GLN420,mut_s1,detail,1,6,FMLKTYPTZQDWCZ-WYUMXYHSNA-N,-7.378
PPARG,f_GLN420,mut_s1,detail,1,7,BQCYOKUETBHDKF-UHFFFAOYNA-N,-8.012
PPARG,f_GLN420,mut_s1,detail,1,8,VAPRSYGEPKZLNA-UHFFFAOYNA-N,-6.937
PPARG,f_GLN420,mut_s1,detail,1,9,FJWTZYYUIYSFDV-NDKGDYFDNA-N,-5.675
PPARG,f_GLN420,mut_s1,detail,1,10,JSIXJSFAHZREEV-YHMJCDSINA-N,-6.531
PPARG,f_GLN420,mut_s1,detail,1,11,BGSXHNNWYPKQIQ-VEWCPZSHNA-N,-7.411
PPARG,f_GLN420,mut_s1,detail,1,12,ANJUUMLKPZLRGR-GPQMBLKYNA-N,-7.288
PPARG,f_GLN420,mut_s1,detail,1,13,WVDDMJTWFGHTGZ-VMPITWQZNA-N,-6.629
PPARG,f_GLN420,mut_s1,detail,1,14,OSFGHYZLBDAJTP-LILDFLRNNA-N,-9.248
PPARG,f_GLN420,mut_s1,detail,1,15,TZSPGMKSRHWUBZ-UHFFFAOYNA-N,-7.179
PPARG,f_GLN420,mut_s1,detail,1,16,RJNMLHBOHSQLDU-UHFFFAOYNA-N,-6.731
PPARG,f_GLN420,mut_s1,detail,1,17,HPGOEMWDBCJDOY-LILDFLRNNA-N,-7.91
PPARG,f_GLN420,mut_s1,detail,1,18,ANIAQSUBRGXWLS-UHFFFAOYNA-N,-5.571
PPARG,f_GLN420,mut_s1,detail,1,19,XHPTXSLPPJQCFM-UOUMIGKDNA-N,-7.972
PPARG,f_GLN420,mut_s1,detail,1,20,OYUMERJRBPSDQK-UHFFFAOYNA-N,-8.669
PPARG,f_GLN420,mut_s1,detail,1,21,RHCPJGMOPIMKFS-UHFFFAOYNA-N,-6.804
PPARG,f_GLN420,mut_s1,detail,1,22,GQCRCQLETCLZLO-NDKGDYFDNA-N,-6.494
PPARG,f_GLN420,mut_s1,detail,1,23,HDTRJGVVKZGWQZ-UHFFFAOYNA-N,-7.698
PPARG,f_GLN420,mut_s1,detail,1,24,PODSUWFXVDWCHZ-YAQRNVERNA-N,-7.558
PPARG,f_GLN420,mut_s1,detail,1,25,XOQICXJZZWXQDG-SDNWHVSQNA-N,-7.89
PPARG,f_GLN420,mut_s1,detail,1,26,LRQZMRHGRBHVRW-BLHHFWFONA-N,-6.497
PPARG,f_GLN420,mut_s1,detail,1,27,INRDHPFHGNGCCW-UHFFFAOYNA-N,-7.673
PPARG,f_GLN420,mut_s1,detail,1,28,WIRZCAWOMABORR-HCKMINDGNA-N,-7.613
PPARG,f_GLN420,mut_s1,detail,1,29,ISHXVBNQBLMUMA-XAASJSMPNA-N,-7.676
PPARG,f_GLN420,mut_s1,detail,1,30,ZVAZVKMDCRYPAQ-UHFFFAOYNA-N,-6.301
PPARG,f_GLN420,mut_s1,detail,1,31,OJGDCBLYJGHCIH-UHFFFAOYNA-N,-6.914
PPARG,f_GLN420,mut_s1,detail,1,32,HUJQOHMOYGRIRS-WYCIUFAENA-N,-7.442
PPARG,f_GLN420,mut_s1,detail,1,33,IXOFYFZRTXYNDM-HCKMINDGNA-N,-7.701
PPARG,f_GLN420,mut_s1,detail,1,34,RBMMHDHXQQMEMH-UHFFFAOYNA-N,-7.141
PPARG,f_GLN420,mut_s1,detail,1,35,CFFGWJLHGOSOHF-AHPDCHJINA-N,-6.59
PPARG,f_GLN420,mut_s1,detail,1,36,FFPAFAKDJLEUSC-YHMJCDSINA-N,-6.493
PPARG,f_GLN420,mut_s1,detail,1,37,ULEATUCPMCKRAM-IRXDYDNUNA-N,-7.486
PPARG,f_GLN420,mut_s1,detail,1,38,SUSPKFCOAROGEI-UHFFFAOYNA-N,-6.444
PPARG,f_GLN420,mut_s1,detail,1,39,ILOLPXFRSGURQA-HCKMINDGNA-N,-7.847
PPARG,f_GLN420,mut_s1,detail,1,40,LAHNGPIIMDWGRL-UHFFFAOYNA-N,-8.424
PPARG,f_GLN420,mut_s1,detail,1,41,PONNWXFCUBXOFS-UHFFFAOYNA-N,-7.584
PPARG,f_GLN420,mut_s1,detail,1,42,NGPUMDFMDVHJTF-XMHGGMMENA-N,-6.734
PPARG,f_GLN420,mut_s1,detail,1,43,GKVFCYBLNULLCL-YGPBECBDNA-N,-6.594
PPARG,f_GLN420,mut_s1,detail,1,44,FZPYMNOBFYWKFC-UHFFFAOYNA-N,-7.481
PPARG,f_GLN420,mut_s1,detail,1,45,CPJICALSLDLRJP-LILDFLRNNA-N,-7.847
PPARG,f_GLN420,mut_s1,detail,1,46,RAVBBDYGFXMBKB-GAJRPKRDNA-N,-7.072
PPARG,f_GLN420,mut_s1,detail,1,47,NCUWRDDNNJFMAS-UHFFFAOYNA-N,-8.191
PPARG,f_GLN420,mut_s1,detail,1,48,VDNBWTVXZDOUIG-PKSOQXRJNA-N,-7.95
PPARG,f_GLN420,mut_s1,detail,1,49,WYMKISIWQJPKOC-UHFFFAOYNA-N,-6.907
PPARG,f_GLN420,mut_s1,detail,1,50,VTCXXKFOLLSYCU-UHFFFAOYNA-N,-6.941
PPARG,f_GLN420,mut_s1,detail,1,51,BSLAOCJVMOGUKX-VHOFBASHNA-N,-7.395
PPARG,f_GLN420,mut_s1,detail,1,52,RZUVVWWNGGXUBI-GPQMBLKYNA-N,-8.764
PPARG,f_GLN420,mut_s1,detail,1,53,YLYYXIMYACYRSP-UYBDAZJANA-N,-6.797
PPARG,f_GLN420,mut_s1,detail,1,54,PHRXHZRDJNSXDF-QHCBTKRXNA-N,-7.512
PPARG,f_GLN420,mut_s1,detail,1,55,ABQUFQQMQCPHOH-NCWAPJAINA-N,-7.525
PPARG,f_GLN420,mut_s1,detail,1,56,FKIFGIZHFPIJND-GQAOMWGXNA-N,-6.928
PPARG,f_GLN420,mut_s1,detail,1,57,NHZFGROUVFTJAK-WYUMXYHSNA-N,-7.877
PPARG,f_GLN420,mut_s1,detail,1,58,RTJPLJJBIWFNSZ-UHFFFAOYNA-N,-7.71
PPARG,f_GLN420,mut_s1,detail,1,59,ZJRUXQBLSMYTIS-DXMPFREMNA-N,-7.53
PPARG,f_GLN420,mut_s1,detail,1,60,UYVIFQIPPPRZJF-QWOVJGMINA-N,-7.703
PPARG,f_GLN420,mut_s1,detail,1,61,WYTBYQZYJIGCBO-LILDFLRNNA-N,-7.991
PPARG,f_GLN420,mut_s1,detail,1,62,KKWWDIPRICACPS-GPQMBLKYNA-N,-6.713
PPARG,f_GLN420,mut_s1,detail,1,63,NZRHOWNFGASHMN-ZHLVXTBQNA-N,-6.837
PPARG,f_GLN420,mut_s1,detail,1,64,MGSGKNKREAYFRZ-UHFFFAOYNA-N,-8.096
PPARG,f_GLN420,mut_s1,detail,1,65,QTIJDOJTNOHQTC-WQGACYEGNA-N,-6.723
PPARG,f_GLN420,mut_s1,detail,1,66,ZHRVXEKEOMUAJO-PKSOQXRJNA-N,-8.969
PPARG,f_GLN420,mut_s1,detail,1,67,AJEULKUYXOLHDN-DVIAZDKANA-N,-9.009
PPARG,f_GLN420,mut_s1,detail,1,68,MGNZRUQLGFVWLY-UHFFFAOYNA-N,-8.114
PPARG,f_GLN420,mut_s1,detail,1,69,OHIMIXUWTWBDBR-UHFFFAOYNA-N,-8.023
PPARG,f_GLN420,mut_s1,detail,1,70,RFEGKAVABNLRHW-WYUMXYHSNA-N,-8.134
PPARG,f_GLN420,mut_s1,detail,1,71,OVDZZJAUKDINIY-SGTLLEGYNA-N,-7.856
PPARG,f_GLN420,mut_s1,detail,1,72,FIGONFGVGMSPID-MPIMZMORNA-N,-8.902
PPARG,f_GLN420,mut_s1,detail,1,73,DSSHOSHLYKWNRQ-UHFFFAOYNA-N,-7.498
PPARG,f_GLN420,mut_s1,detail,1,74,PKDGFUYVUYOZFK-UHFFFAOYNA-N,-8.543
PPARG,f_GLN420,mut_s1,detail,1,75,FSDOAOAVZVMAGE-RRORKGOJNA-N,-7.471
PPARG,f_GLN420,mut_s1,detail,1,76,SKYAUASQUBDEOI-LHJMZCQGNA-N,-7.209
PPARG,f_GLN420,mut_s1,detail,1,77,RRRYPJNSMOUEOE-XBTAAFKLNA-N,-8.997
PPARG,f_GLN420,mut_s1,detail,1,78,LNQOCSSUUUJFLY-BNKWAMQHNA-N,-8.644
PPARG,f_GLN420,mut_s1,detail,1,79,IQVUWJZWHCFIBG-UYBDAZJANA-N,-7.034
PPARG,f_GLN420,mut_s1,detail,1,80,FECVWTWBRSSNCK-XBTAAFKLNA-N,-9.896
PPARG,f_GLN420,mut_s1,detail,1,81,USDYHKNHMGVDHS-UYBDAZJANA-N,-6.539
PPARG,f_GLN420,mut_s1,detail,1,82,ZVJAHPKIYVGDHR-ILXRZTDVNA-N,-7.292
PPARG,f_GLN420,mut_s1,detail,1,83,AGWWZCICEUHAPF-UHFFFAOYNA-N,-9.274
PPARG,f_GLN420,mut_s1,detail,1,84,SIFYPHRKPXWEFL-UHFFFAOYNA-N,-8.408
PPARG,f_GLN420,mut_s1,detail,1,85,CCBDIYWTNHRYSF-GPQMBLKYNA-N,-8.177
PPARG,f_GLN420,mut_s1,detail,1,86,QZJYCFURESLRJX-UHFFFAOYNA-N,-7.132
PPARG,f_GLN420,mut_s1,detail,1,87,KDGSVHGIVBVYFE-SIKSZQSZNA-N,-8.619
PPARG,f_GLN420,mut_s1,detail,1,88,KAVCMDDCFVWLGH-DCYBUDGMNA-N,-8.559
PPARG,f_GLN420,mut_s1,detail,1,89,QTJDEJXKPAATAY-LILDFLRNNA-N,-9.033
PPARG,f_GLN420,mut_s1,detail,1,90,DCCNEGBQLUHRSI-UHFFFAOYNA-N,-6.376
PPARG,f_GLN420,mut_s1,detail,1,91,VUCQKRJVSPHODJ-UHFFFAOYNA-N,-7.697
PPARG,f_GLN420,mut_s1,detail,1,92,XCNTYAMCOLKFEW-UHFFFAOYNA-N,-6.852
PPARG,f_GLN420,mut_s1,detail,1,93,MLPVFRGFZVZNOZ-ODUIGABRNA-N,-7.978
PPARG,f_GLN420,mut_s1,detail,1,94,JXNGVLIPVYLXLZ-PKSOQXRJNA-N,-8.461
PPARG,f_GLN420,mut_s1,detail,1,95,GWICPGWJQQUMKG-UHFFFAOYNA-N,-7.968
PPARG,f_GLN420,mut_s1,detail,1,96,LEDHQUJDAQVDJK-UHFFFAOYNA-N,-8.302
PPARG,f_GLN420,mut_s1,detail,1,97,BJKUVAVJXSIUGS-UYBDAZJANA-N,-6.925
PPARG,f_GLN420,mut_s1,detail,1,98,QXIDHQKQNQWYQW-ORVKFNBTNA-N,-8.651
PPARG,f_GLN420,mut_s1,detail,1,99,VXNGWYZIFXWTDN-PKSOQXRJNA-N,-7.119
PPARG,f_GLN420,mut_s1,detail,1,100,UBFYNRRQFOKQOE-QWOVJGMINA-N,-7.171
PPARG,f_GLN420,mut_s1,detail,1,101,PKPIHOLUWUTPLW-GKKCOONHNA-N,-8.754
PPARG,f_GLN420,mut_s1,detail,1,102,CNYQZGODPRSIFM-LILDFLRNNA-N,-7.863
PPARG,f_GLN420,mut_s1,detail,1,103,OGPHEDOMLIUGFJ-UYBDAZJANA-N,-9.207
PPARG,f_GLN420,mut_s1,detail,1,104,FHOIWEHXSFDGEX-MPIMZMORNA-N,-9.025
PPARG,f_GLN420,mut_s1,detail,1,105,QOIGKGMMAGJZNZ-UHFFFAOYNA-N,-7.722
PPARG,f_GLN420,mut_s1,detail,1,106,DJJKBSKVSXPDMW-XFDRBGHPNA-N,-9.045
PPARG,f_GLN420,mut_s1,detail,1,107,MQVHNCCMPYINIB-GPQMBLKYNA-N,-8.134
PPARG,f_GLN420,mut_s1,detail,1,108,QJBDKSNVJPPLMZ-UYBDAZJANA-N,-8.541
PPARG,f_GLN420,mut_s1,detail,1,109,NEOVEBXUPVDKIZ-PDJAEHLQNA-N,-8.552
PPARG,f_GLN420,mut_s1,detail,1,110,UBMHUOWYROYDAE-MPIMZMORNA-N,-7.956
PPARG,f_GLN420,mut_s1,detail,1,111,NCOQSZVFPAPDPY-MPIMZMORNA-N,-8.468
PPARG,f_GLN420,mut_s1,detail,1,112,IWKDSKQEBMNILM-SFHVURJKNA-N,-7.417
PPARG,f_GLN420,mut_s1,detail,1,113,FYHIZSWDWJOYBD-UHFFFAOYNA-N,-7.284
PPARG,f_GLN420,mut_s1,detail,1,114,CODIBUDSZRMNBU-VVKINWOJNA-N,-8.494
PPARG,f_GLN420,mut_s1,detail,1,115,FSBYPVHAUHIHDK-HYTOZLCFNA-N,-8.359
PPARG,f_GLN420,mut_s1,detail,1,116,IBLBSVRDXNEHCF-UYBDAZJANA-N,-9.105
PPARG,f_GLN420,mut_s1,detail,1,117,YIVFLWLUPIAQNG-MPIMZMORNA-N,-8.916
PPARG,f_GLN420,mut_s1,detail,1,118,OKBASBXKPLMJNO-PKSOQXRJNA-N,-7.802
PPARG,f_GLN420,mut_s1,detail,1,119,CKUZXDONSHPFEU-UHFFFAOYNA-N,-8.083
PPARG,f_GLN420,mut_s1,detail,1,120,FZVOSFJDUXXRFB-LQFNOIFHNA-N,-9.444
PPARG,f_GLN420,mut_s1,detail,1,121,ATWQGOUWTPWHOB-MPIMZMORNA-N,-7.498
PPARG,f_GLN420,mut_s1,detail,1,122,SWTXEVDFRXLPBO-LILDFLRNNA-N,-8.468
PPARG,f_GLN420,mut_s1,detail,1,123,XKKZGDBDLSLGEV-UHFFFAOYNA-N,-8.084
PPARG,f_GLN420,mut_s1,detail,1,124,YOIVLKBZTXOSAW-UHFFFAOYNA-N,-7.375
PPARG,f_GLN420,mut_s1,detail,1,125,MTNDVCNEIIJXQO-LILDFLRNNA-N,-8.681
PPARG,f_GLN420,mut_s1,detail,1,126,VRVOWSSSYICXBN-UHFFFAOYNA-N,-8.574
PPARG,f_GLN420,mut_s1,detail,1,127,YWMOOGZLZREJIF-LILDFLRNNA-N,-5.732
PPARG,f_GLN420,mut_s1,detail,1,128,GBDSDSSPYNQXEN-LQFNOIFHNA-N,-9.526
PPARG,f_GLN420,mut_s1,detail,1,129,WEGCLMSBIIWPKX-HXTKINSTNA-N,-8.325
PPARG,f_GLN420,mut_s1,detail,1,130,KWIMDTZYIABOPE-XBXBPLPCNA-N,-9.174
PPARG,f_GLN420,mut_s1,detail,1,131,PTYKTEYVZUVZBD-LQFNOIFHNA-N,-10.39
PPARG,f_GLN420,mut_s1,detail,1,132,IDUARCWXOZVBJC-UHFFFAOYNA-N,-7.717
PPARG,f_GLN420,mut_s1,detail,1,133,SVHQAQMZYYTKBZ-QIFDKBNDNA-N,-6.25
PPARG,f_GLN420,mut_s1,detail,1,134,OKUWPICMSLXCLZ-ZBJSNUHENA-N,-7.802
PPARG,f_GLN420,mut_s1,detail,1,135,BGESRTVIDMTTHW-MPIMZMORNA-N,-9.519
PPARG,f_GLN420,mut_s1,detail,1,136,RDLHVRFBBSKBMX-UHFFFAOYNA-N,-7.901
PPARG,f_GLN420,mut_s1,detail,1,137,UHKNPVYNTQTWBT-LELJVTLKNA-N,-8.86
PPARG,f_GLN420,mut_s1,detail,1,138,LKOQAWXJCPYWSX-SMCUVTTANA-N,-9.148
PPARG,f_GLN420,mut_s1,detail,1,139,RGTZPMQQOVPWHT-UHFFFAOYNA-N,-8.284
PPARG,f_GLN420,mut_s1,detail,1,140,MPGXBEHIWDZYTG-JRAHLMCZNA-N,-7.543
PPARG,f_GLN420,mut_s1,detail,1,141,YSGONLQAXXDANF-HXTKINSTNA-N,-9.712
PPARG,f_GLN420,mut_s1,detail,1,142,ILADCPXUSGZMCO-LNNLXFCONA-N,-7.88
PPARG,f_GLN420,mut_s1,detail,1,143,WHISBCGJLLBHTQ-LELJVTLKNA-N,-8.069
PPARG,f_GLN420,mut_s1,detail,1,144,FQUQVJCZFGUICL-PZJWPPBQNA-N,-8.213
PPARG,f_GLN420,mut_s1,detail,1,145,PVZFRDICDBVJBC-MPIMZMORNA-N,-7.789
PPARG,f_GLN420,mut_s1,detail,1,146,WUQZEVWHZRAQLY-UHFFFAOYNA-N,-8.234
PPARG,f_GLN420,mut_s1,detail,1,147,PDYDBFOSJUATJC-LELJVTLKNA-N,-9.332
PPARG,f_GLN420,mut_s1,detail,1,148,XFTGZOIRMLTALR-UHFFFAOYNA-N,-9.815
PPARG,f_GLN420,mut_s1,detail,1,149,CPWFSRVCXOETRU-XYFPIJJGNA-N,-8.56
PPARG,f_GLN420,mut_s1,detail,1,150,SAFXYJWXQPZDKB-ZNVTXRBFNA-N,-8.708
PPARG,f_GLN420,mut_s1,detail,1,151,SWLAVROBGRTKAO-LQFNOIFHNA-N,-10.307
PPARG,f_GLN420,mut_s1,detail,1,152,OJFUHLOGAMKMDM-UHFFFAOYNA-N,-8.873
PPARG,f_GLN420,mut_s1,detail,1,153,YPDNVRDMMKZNIG-PJXJJTHHNA-N,-8.616
PPARG,f_GLN420,mut_s1,detail,1,154,LPYDZAPPGTYNGQ-UHFFFAOYNA-N,-9.882
PPARG,f_GLN420,mut_s1,detail,1,155,CXIGBATZIXWVIX-HXTKINSTNA-N,-9.736
PPARG,f_GLN420,mut_s1,detail,1,156,RXPVTNMMNZNKSW-LNNLXFCONA-N,-9.176
PPARG,f_GLN420,mut_s1,detail,1,157,YYDGAWIITBZHPX-UHFFFAOYNA-N,-7.865
PPARG,f_GLN420,mut_s1,detail,1,158,CHUNHRFIWQZFCI-UHFFFAOYNA-N,-8.915
PPARG,f_GLN420,mut_s1,detail,1,159,JDUBGYFRJFOXQC-YCIVUMDCNA-N,-7.69
PPARG,f_GLN420,mut_s1,detail,1,160,MMXCRHIOXQKQPT-LQFNOIFHNA-N,-9.31
PPARG,f_GLN420,mut_s1,detail,1,161,VBENHRFIEOLOJJ-JKZKCNJSNA-N,-8.582
PPARG,f_GLN420,mut_s1,detail,1,162,VPTBWCCSBQRUTD-UHFFFAOYNA-N,-8.802
PPARG,f_GLN420,mut_s1,detail,1,163,WOWAHNXJUPSVDR-LNNLXFCONA-N,-10.337
PPARG,f_GLN420,mut_s1,detail,1,164,WRLLXWRAXRGFBQ-GFQURNRHNA-N,-7.876
PPARG,f_GLN420,mut_s1,detail,1,165,QUUJCYCJKQGYDU-UHFFFAOYNA-N,-6.549
PPARG,f_GLN420,mut_s1,detail,1,166,LWILODJXIVFMKQ-LNNLXFCONA-N,-9.305
PPARG,f_GLN420,mut_s1,detail,1,167,PVBTXZKRTQKXBX-MRSUPTMINA-N,-9.02
PPARG,f_GLN420,mut_s1,detail,1,168,OWYLOIDRWNJCEP-HXUWFJFHNA-N,-8.431
PPARG,f_GLN420,mut_s1,detail,1,169,JOZFRLZUNYNYED-PJQSKVNONA-N,-8.42
PPARG,f_GLN420,mut_s1,detail,1,170,HMQKHGHCACYDGB-UHFFFAOYNA-N,-9.045
PPARG,f_GLN420,mut_s1,detail,1,171,SCHAXPQHOGRLLW-MPIMZMORNA-N,-8.535
PPARG,f_GLN420,mut_s1,detail,1,172,YNGDNNRFKXZELP-BDGWVKIONA-N,-7.559
PPARG,f_GLN420,mut_s1,detail,1,173,XETTWDXILVAWCB-UHFFFAOYNA-N,-8.019
PPARG,f_GLN420,mut_s1,detail,1,174,XXKBFOAMRLTPJL-UHFFFAOYNA-N,-7.267
PPARG,f_GLN420,mut_s1,detail,1,175,TXOXXECOMBAZKB-ZVNAXFNBNA-N,-8.26
PPARG,f_GLN420,mut_s1,detail,1,176,KUFKSMPOXHUGOB-QWOVJGMINA-N,-7.751
PPARG,f_GLN420,mut_s1,detail,1,177,SEHKNXHOUKJSIO-LNNLXFCONA-N,-9.703
PPARG,f_GLN420,mut_s1,detail,1,178,GMMNPCWBYMCYDQ-MPIMZMORNA-N,-8.239
PPARG,f_GLN420,mut_s1,detail,1,179,KEGZEHANNYRNOK-UHFFFAOYNA-N,-8.941
PPARG,f_GLN420,mut_s1,detail,1,180,GBJZQLYNRDBGTL-UHFFFAOYNA-N,-8.561
PPARG,f_GLN420,mut_s1,detail,1,181,UMFUNPLMLVDNME-INIZCTEONA-N,-8.858
PPARG,f_GLN420,mut_s1,detail,1,182,VPYOVNHGFLPMHX-ORVKFNBTNA-N,-7.957
PPARG,f_GLN420,mut_s1,detail,1,183,OQXGEGPDPXAQRC-UHFFFAOYNA-N,-7.746
PPARG,f_GLN420,mut_s1,detail,1,184,ZWOHSJYESLDLLT-AXIOFXGANA-N,-7.484
PPARG,f_GLN420,mut_s1,detail,1,185,NLUWXHFWWSAGMP-LNNLXFCONA-N,-8.771
PPARG,f_GLN420,mut_s1,detail,1,186,NBQDTLQFRAMAMQ-PDJAEHLQNA-N,-9.235
PPARG,f_GLN420,mut_s1,detail,1,187,VKYYUIDNHOUPGY-MPIMZMORNA-N,-9.016
PPARG,f_GLN420,mut_s1,detail,1,188,JHAMDJLHPSYECA-HXTKINSTNA-N,-9.425
PPARG,f_GLN420,mut_s1,detail,1,189,YUXCKESVZUAENN-LQFNOIFHNA-N,-7.995
PPARG,f_GLN420,mut_s1,detail,1,190,VOADUCNXWYAILJ-BOSVZZMWNA-N,-7.725
PPARG,f_GLN420,mut_s1,detail,1,191,YOCNRNBEVZABNA-AVGNRJKVNA-O,-8.74
PPARG,f_GLN420,mut_s1,detail,1,192,QGPIYZBUSYLXQT-UHFFFAOYNA-N,-8.979
PPARG,f_GLN420,mut_s1,detail,1,193,ALIRNZFSPVRFPC-QDIHOGQBNA-N,-9.978
PPARG,f_GLN420,mut_s1,detail,1,194,ZVFXYTPNPFXBNK-LELJVTLKNA-N,-8.362
PPARG,f_GLN420,mut_s1,detail,1,195,VYHWCJWNQFIBGN-CRFSQNOJNA-N,-9.261
PPARG,f_GLN420,mut_s1,detail,1,196,OGTQHYNUUOXINS-BKWRVFRZNA-N,-8.339
PPARG,f_GLN420,mut_s1,detail,1,197,UVYVJQFOXZDFLB-QDIHOGQBNA-N,-8.062
PPARG,f_GLN420,mut_s1,detail,1,198,OKBCXQJLCMYJOC-UHFFFAOYNA-N,-8.872
PPARG,f_GLN420,mut_s1,detail,1,199,UNUQJGDVJMRMAL-LBOYIXSDNA-N,-9.318
PPARG,f_GLN420,mut_s1,detail,1,200,AYOFFOZNXNLQIO-UHFFFAOYNA-N,-8.268
PPARG,f_GLN420,mut_s1,detail,1,201,XSCHYHFIQNFPFK-VJSLDGLSNA-N,-8.019
PPARG,f_GLN420,mut_s1,detail,1,202,JTLSDSKNFBJVAB-CAXFFFRFNA-N,-8.417
PPARG,f_GLN420,mut_s1,detail,1,203,DTRCHIYQUYRTQL-ARSKLOKFNA-N,-6.724
PPARG,f_GLN420,mut_s1,detail,1,204,HHCWBKAHPBAUDS-LBOYIXSDNA-N,-9.192
PPARG,f_GLN420,mut_s1,detail,1,205,SQFXMWLUFDMDIG-LBOYIXSDNA-N,-9.26
PPARG,f_GLN420,mut_s1,detail,1,206,DAAUKUQYGMNNAH-ZUKIQNPFNA-N,-9.293
PPARG,f_GLN420,mut_s1,detail,1,207,POLXUFYBMIRDEG-UHFFFAOYNA-N,-8.145
PPARG,f_GLN420,mut_s1,detail,1,208,HAQNCPOGRFKYNP-WNTKXCTINA-N,-7.997
PPARG,f_GLN420,mut_s1,detail,1,209,CQWFJACPUQVVQZ-UHFFFAOYNA-N,-8.413
PPARG,f_GLN420,mut_s1,detail,1,210,DPMMEOUVESBMSC-ZENAZSQFNA-N,-8.84
PPARG,f_GLN420,mut_s1,detail,1,211,SWRYMOBQOOSZGE-LFJJEMAGNA-N,-9.059
PPARG,f_GLN420,mut_s1,detail,1,212,VJTYYKXVGAQBPX-BGYRXZFFNA-N,-8.186
PPARG,f_GLN420,mut_s1,detail,1,213,BWCCBKUPFRNBAM-QBBGPZPNNA-N,-9.953
PPARG,f_GLN420,mut_s1,detail,1,214,LNHIEYLABBPNKJ-HXTKINSTNA-N,-9.176
PPARG,f_GLN420,mut_s1,detail,1,215,URPWVRUGSFROGL-IWCCUHEHNA-N,-8.584
PPARG,f_GLN420,mut_s1,detail,1,216,VVHGIVKRWDSJFH-HXTKINSTNA-N,-9.481
PPARG,f_GLN420,mut_s1,detail,1,217,SXHIZYRFWJFSEN-WUSLAWIHNA-N,-8.245
PPARG,f_GLN420,mut_s1,detail,1,218,CNHPXUMQURIPRN-UHFFFAOYNA-N,-10.683
PPARG,f_GLN420,mut_s1,detail,1,219,SGUIKZIYGVGMML-UHFFFAOYNA-N,-8.958
PPARG,f_GLN420,mut_s1,detail,1,220,DEVOTYUCWQFKBI-SREBMQDQNA-N,-10.527
PPARG,f_GLN420,mut_s1,detail,1,221,HGLIGFILENTPME-YQIREZNHNA-N,-10.209
PPARG,f_GLN420,mut_s1,detail,1,222,TYJWHVJYDSKQKB-UHFFFAOYNA-N,-8.425
PPARG,f_GLN420,mut_s1,detail,1,223,KOZFSFOOLUUIGY-NHZRFLDCNA-N,-9.221
PPARG,f_GLN420,mut_s1,detail,1,224,IVUDLYCHNURAOH-INNNKKOMNA-N,-7.025
PPARG,f_GLN420,mut_s1,detail,1,225,KDGUWZZCFXNBKJ-UHFFFAOYNA-N,-7.622
PPARG,f_GLN420,mut_s1,detail,1,226,DTVVSEVQQLRJMR-ZIFUYXECNA-N,-9.226
PPARG,f_GLN420,mut_s1,detail,1,227,MUDPTEIPVZCOGV-UHFFFAOYNA-N,-9.932
PPARG,f_GLN420,mut_s1,detail,1,228,IFHBUYGFCSEHIF-OKPOJWAQNA-N,-9.578
PPARG,f_GLN420,mut_s1,detail,1,229,CRKWKHJABOJVAY-SKKVRFOWNA-N,-8.49
PPARG,f_GLN420,mut_s1,detail,1,230,DXEPONXIBPHOTN-ZJLLOKRPNA-N,-8.444
PPARG,f_GLN420,mut_s1,detail,1,231,ULXBTCAXCQWKDE-UHFFFAOYNA-N,-8.886
PPARG,f_GLN420,mut_s1,detail,1,232,WJHXPQKEBQOSHE-HXTKINSTNA-N,-8.861
PPARG,f_GLN420,mut_s1,detail,1,233,KRFOOEYNOKIXRO-PKRZOPRNNA-N,-9.85
PPARG,f_GLN420,mut_s1,detail,1,234,BQPRGAIDSWVYAW-LELJVTLKNA-N,-9.099
PPARG,f_GLN420,mut_s1,detail,1,235,YRMKMEPMFOFXGH-LELJVTLKNA-N,-8.519
PPARG,f_GLN420,mut_s1,detail,1,236,OOPGLCWBUZVAMU-CSODHUTKNA-N,-6.351
PPARG,f_GLN420,mut_s1,detail,1,237,ABMSGZYILANGCA-HXTKINSTNA-N,-8.871
PPARG,f_GLN420,mut_s1,detail,1,238,PTAKEHSCNRJTCJ-UHFFFAOYNA-N,-7.99
PPARG,f_GLN420,mut_s1,detail,1,239,HOXYGIWZMBSLPN-TWPXYFCBNA-N,-8.087
PPARG,f_GLN420,mut_s1,detail,1,240,XKHSVUSPZVNCOT-VWSSANQENA-N,-7.073
PPARG,f_GLN420,mut_s1,detail,1,241,XONRVXOEJMEUIV-UHFFFAOYNA-N,-9.582
PPARG,f_GLN420,mut_s1,detail,1,242,RJVLVZUXYHWKDL-KIKCKTDGNA-N,-8.964
PPARG,f_GLN420,mut_s1,detail,1,243,QFJGVFMADWIIMK-BDGWVKIONA-N,-8.534
PPARG,f_GLN420,mut_s1,detail,1,244,SCZNNLLAHVLZMK-HXTKINSTNA-N,-9.568
PPARG,f_GLN420,mut_s1,detail,1,245,OBFAALRUGGJRGU-PKRZOPRNNA-N,-7.191
PPARG,f_GLN420,mut_s1,detail,1,246,PBDIAJYRAMOINO-WFOUAHBYNA-N,-8.441
PPARG,f_GLN420,mut_s1,detail,1,247,NAMSGSSCIKIOGU-UHFFFAOYNA-N,-10.164
PPARG,f_GLN420,mut_s1,detail,1,248,GJTMJMUIFFQIQN-BQVZJPQVNA-N,-8.635
PPARG,f_GLN420,mut_s1,detail,1,249,FHHOEGKZVIYWLM-PKRZOPRNNA-N,-8.459
PPARG,f_GLN420,mut_s1,detail,1,250,LWSUSTXYIGVJTM-DDTQQWOSNA-N,-9.284
PPARG,f_GLN420,mut_s1,detail,1,251,VAXBUDASTPYURF-YIOWICSRNA-N,-9.466
PPARG,f_GLN420,mut_s1,detail,1,252,JHBVXZXFCJIAJZ-CUCLJGHLNA-N,-10.824
PPARG,f_GLN420,mut_s1,detail,1,253,XASICACCYVTJDX-UHFFFAOYNA-N,-8.544
PPARG,f_GLN420,mut_s1,detail,1,254,FRWAWZNXORYJGK-UHFFFAOYNA-N,-9.734
PPARG,f_GLN420,mut_s1,detail,1,255,YVEPCRMWSAAWMS-BHOFNQNONA-N,-9.817
PPARG,m00,mut_s1,detail,1,0,OLBYFEGTUWWPTR-FYWRMAATNA-N,-7.396
PPARG,m00,mut_s1,detail,1,1,SPGYFZIJBSMMEN-UHFFFAOYNA-N,-7.779
PPARG,m00,mut_s1,detail,1,2,DKKGRNTXCNVFPV-DZQCGVKKNA-N,-7.947
PPARG,m00,mut_s1,detail,1,3,KCOKHEIACSQLBQ-PCLSHUPZNA-N,-7.076
PPARG,m00,mut_s1,detail,1,4,XXMDURVCJMZNFC-UHFFFAOYNA-N,-8.006
PPARG,m00,mut_s1,detail,1,5,XNGWBIOXTHPDBE-UHFFFAOYNA-N,-6.728
PPARG,m00,mut_s1,detail,1,6,FMLKTYPTZQDWCZ-WYUMXYHSNA-N,-7.211
PPARG,m00,mut_s1,detail,1,7,BQCYOKUETBHDKF-UHFFFAOYNA-N,-7.632
PPARG,m00,mut_s1,detail,1,8,VAPRSYGEPKZLNA-UHFFFAOYNA-N,-6.869
PPARG,m00,mut_s1,detail,1,9,FJWTZYYUIYSFDV-NDKGDYFDNA-N,-5.843
PPARG,m00,mut_s1,detail,1,10,JSIXJSFAHZREEV-YHMJCDSINA-N,-7.125
PPARG,m00,mut_s1,detail,1,11,BGSXHNNWYPKQIQ-VEWCPZSHNA-N,-7.498
PPARG,m00,mut_s1,detail,1,12,ANJUUMLKPZLRGR-GPQMBLKYNA-N,-7.42
PPARG,m00,mut_s1,detail,1,13,WVDDMJTWFGHTGZ-VMPITWQZNA-N,-6.582
PPARG,m00,mut_s1,detail,1,14,OSFGHYZLBDAJTP-LILDFLRNNA-N,-8.577
PPARG,m00,mut_s1,detail,1,15,TZSPGMKSRHWUBZ-UHFFFAOYNA-N,-7.815
PPARG,m00,mut_s1,detail,1,16,RJNMLHBOHSQLDU-UHFFFAOYNA-N,-6.728
PPARG,m00,mut_s1,detail,1,17,HPGOEMWDBCJDOY-LILDFLRNNA-N,-7.443
PPARG,m00,mut_s1,detail,1,18,ANIAQSUBRGXWLS-UHFFFAOYNA-N,-5.828
PPARG,m00,mut_s1,detail,1,19,XHPTXSLPPJQCFM-UOUMIGKDNA-N,-7.393
PPARG,m00,mut_s1,detail,1,20,OYUMERJRBPSDQK-UHFFFAOYNA-N,-7.465
PPARG,m00,mut_s1,detail,1,21,RHCPJGMOPIMKFS-UHFFFAOYNA-N,-6.214
PPARG,m00,mut_s1,detail,1,22,GQCRCQLETCLZLO-NDKGDYFDNA-N,-6.38
PPARG,m00,mut_s1,detail,1,23,HDTRJGVVKZGWQZ-UHFFFAOYNA-N,-7.608
PPARG,m00,mut_s1,detail,1,24,PODSUWFXVDWCHZ-YAQRNVERNA-N,-7.712
PPARG,m00,mut_s1,detail,1,25,XOQICXJZZWXQDG-SDNWHVSQNA-N,-7.473
PPARG,m00,mut_s1,detail,1,26,LRQZMRHGRBHVRW-BLHHFWFONA-N,-6.774
PPARG,m00,mut_s1,detail,1,27,INRDHPFHGNGCCW-UHFFFAOYNA-N,-8.128
PPARG,m00,mut_s1,detail,1,28,WIRZCAWOMABORR-HCKMINDGNA-N,-7.756
PPARG,m00,mut_s1,detail,1,29,ISHXVBNQBLMUMA-XAASJSMPNA-N,-7.302
PPARG,m00,mut_s1,detail,1,30,ZVAZVKMDCRYPAQ-UHFFFAOYNA-N,-6.244
PPARG,m00,mut_s1,detail,1,31,OJGDCBLYJGHCIH-UHFFFAOYNA-N,-6.9
PPARG,m00,mut_s1,detail,1,32,HUJQOHMOYGRIRS-WYCIUFAENA-N,-7.204
PPARG,m00,mut_s1,detail,1,33,IXOFYFZRTXYNDM-HCKMINDGNA-N,-7.738
PPARG,m00,mut_s1,detail,1,34,RBMMHDHXQQMEMH-UHFFFAOYNA-N,-7.426
PPARG,m00,mut_s1,detail,1,35,CFFGWJLHGOSOHF-AHPDCHJINA-N,-6.064
PPARG,m00,mut_s1,detail,1,36,FFPAFAKDJLEUSC-YHMJCDSINA-N,-5.941
PPARG,m00,mut_s1,detail,1,37,ULEATUCPMCKRAM-IRXDYDNUNA-N,-7.527
PPARG,m00,mut_s1,detail,1,38,SUSPKFCOAROGEI-UHFFFAOYNA-N,-6.334
PPARG,m00,mut_s1,detail,1,39,ILOLPXFRSGURQA-HCKMINDGNA-N,-7.481
PPARG,m00,mut_s1,detail,1,40,LAHNGPIIMDWGRL-UHFFFAOYNA-N,-7.923
PPARG,m00,mut_s1,detail,1,41,PONNWXFCUBXOFS-UHFFFAOYNA-N,-7.128
PPARG,m00,mut_s1,detail,1,42,NGPUMDFMDVHJTF-XMHGGMMENA-N,-7.739
PPARG,m00,mut_s1,detail,1,43,GKVFCYBLNULLCL-YGPBECBDNA-N,-6.933
PPARG,m00,mut_s1,detail,1,44,FZPYMNOBFYWKFC-UHFFFAOYNA-N,-7.013
PPARG,m00,mut_s1,detail,1,45,CPJICALSLDLRJP-LILDFLRNNA-N,-7.716
PPARG,m00,mut_s1,detail,1,46,RAVBBDYGFXMBKB-GAJRPKRDNA-N,-7.073
PPARG,m00,mut_s1,detail,1,47,NCUWRDDNNJFMAS-UHFFFAOYNA-N,-7.464
PPARG,m00,mut_s1,detail,1,48,VDNBWTVXZDOUIG-PKSOQXRJNA-N,-7.457
PPARG,m00,mut_s1,detail,1,49,WYMKISIWQJPKOC-UHFFFAOYNA-N,-7.343
PPARG,m00,mut_s1,detail,1,50,VTCXXKFOLLSYCU-UHFFFAOYNA-N,-6.578
PPARG,m00,mut_s1,detail,1,51,BSLAOCJVMOGUKX-VHOFBASHNA-N,-7.196
PPARG,m00,mut_s1,detail,1,52,RZUVVWWNGGXUBI-GPQMBLKYNA-N,-8.651
PPARG,m00,mut_s1,detail,1,53,YLYYXIMYACYRSP-UYBDAZJANA-N,-6.887
PPARG,m00,mut_s1,detail,1,54,PHRXHZRDJNSXDF-QHCBTKRXNA-N,-8.17
PPARG,m00,mut_s1,detail,1,55,ABQUFQQMQCPHOH-NCWAPJAINA-N,-7.702
PPARG,m00,mut_s1,detail,1,56,FKIFGIZHFPIJND-GQAOMWGXNA-N,-6.787
PPARG,m00,mut_s1,detail,1,57,NHZFGROUVFTJAK-WYUMXYHSNA-N,-7.803
PPARG,m00,mut_s1,detail,1,58,RTJPLJJBIWFNSZ-UHFFFAOYNA-N,-7.627
PPARG,m00,mut_s1,detail,1,59,ZJRUXQBLSMYTIS-DXMPFREMNA-N,-7.157
PPARG,m00,mut_s1,detail,1,60,UYVIFQIPPPRZJF-QWOVJGMINA-N,-7.97
PPARG,m00,mut_s1,detail,1,61,WYTBYQZYJIGCBO-LILDFLRNNA-N,-7.457
PPARG,m00,mut_s1,detail,1,62,KKWWDIPRICACPS-GPQMBLKYNA-N,-7.532
PPARG,m00,mut_s1,detail,1,63,NZRHOWNFGASHMN-ZHLVXTBQNA-N,-7.384
PPARG,m00,mut_s1,detail,1,64,MGSGKNKREAYFRZ-UHFFFAOYNA-N,-9.302
PPARG,m00,mut_s1,detail,1,65,QTIJDOJTNOHQTC-WQGACYEGNA-N,-6.55
PPARG,m00,mut_s1,detail,1,66,ZHRVXEKEOMUAJO-PKSOQXRJNA-N,-9.144
PPARG,m00,mut_s1,detail,1,67,AJEULKUYXOLHDN-DVIAZDKANA-N,-8.295
PPARG,m00,mut_s1,detail,1,68,MGNZRUQLGFVWLY-UHFFFAOYNA-N,-7.943
PPARG,m00,mut_s1,detail,1,69,OHIMIXUWTWBDBR-UHFFFAOYNA-N,-7.697
PPARG,m00,mut_s1,detail,1,70,RFEGKAVABNLRHW-WYUMXYHSNA-N,-8.483
PPARG,m00,mut_s1,detail,1,71,OVDZZJAUKDINIY-SGTLLEGYNA-N,-7.872
PPARG,m00,mut_s1,detail,1,72,FIGONFGVGMSPID-MPIMZMORNA-N,-8.802
PPARG,m00,mut_s1,detail,1,73,DSSHOSHLYKWNRQ-UHFFFAOYNA-N,-8.096
PPARG,m00,mut_s1,detail,1,74,PKDGFUYVUYOZFK-UHFFFAOYNA-N,-8.264
PPARG,m00,mut_s1,detail,1,75,FSDOAOAVZVMAGE-RRORKGOJNA-N,-7.726
PPARG,m00,mut_s1,detail,1,76,SKYAUASQUBDEOI-LHJMZCQGNA-N,-7.351
PPARG,m00,mut_s1,detail,1,77,RRRYPJNSMOUEOE-XBTAAFKLNA-N,-9.096
PPARG,m00,mut_s1,detail,1,78,LNQOCSSUUUJFLY-BNKWAMQHNA-N,-9.063
PPARG,m00,mut_s1,detail,1,79,IQVUWJZWHCFIBG-UYBDAZJANA-N,-6.957
PPARG,m00,mut_s1,detail,1,80,FECVWTWBRSSNCK-XBTAAFKLNA-N,-9.125
PPARG,m00,mut_s1,detail,1,81,USDYHKNHMGVDHS-UYBDAZJANA-N,-7.644
PPARG,m00,mut_s1,detail,1,82,ZVJAHPKIYVGDHR-ILXRZTDVNA-N,-7.427
PPARG,m00,mut_s1,detail,1,83,AGWWZCICEUHAPF-UHFFFAOYNA-N,-8.997
PPARG,m00,mut_s1,detail,1,84,SIFYPHRKPXWEFL-UHFFFAOYNA-N,-8.028
PPARG,m00,mut_s1,detail,1,85,CCBDIYWTNHRYSF-GPQMBLKYNA-N,-8.391
PPARG,m00,mut_s1,detail,1,86,QZJYCFURESLRJX-UHFFFAOYNA-N,-7.954
PPARG,m00,mut_s1,detail,1,87,KDGSVHGIVBVYFE-SIKSZQSZNA-N,-8.042
PPARG,m00,mut_s1,detail,1,88,KAVCMDDCFVWLGH-DCYBUDGMNA-N,-9.285
PPARG,m00,mut_s1,detail,1,89,QTJDEJXKPAATAY-LILDFLRNNA-N,-8.913
PPARG,m00,mut_s1,detail,1,90,DCCNEGBQLUHRSI-UHFFFAOYNA-N,-6.143
PPARG,m00,mut_s1,detail,1,91,VUCQKRJVSPHODJ-UHFFFAOYNA-N,-8.427
PPARG,m00,mut_s1,detail,1,92,XCNTYAMCOLKFEW-UHFFFAOYNA-N,-6.705
PPARG,m00,mut_s1,detail,1,93,MLPVFRGFZVZNOZ-ODUIGABRNA-N,-7.81
PPARG,m00,mut_s1,detail,1,94,JXNGVLIPVYLXLZ-PKSOQXRJNA-N,-8.409
PPARG,m00,mut_s1,detail,1,95,GWICPGWJQQUMKG-UHFFFAOYNA-N,-7.36
PPARG,m00,mut_s1,detail,1,96,LEDHQUJDAQVDJK-UHFFFAOYNA-N,-8.927
PPARG,m00,mut_s1,detail,1,97,BJKUVAVJXSIUGS-UYBDAZJANA-N,-7.327
PPARG,m00,mut_s1,detail,1,98,QXIDHQKQNQWYQW-ORVKFNBTNA-N,-9.286
PPARG,m00,mut_s1,detail,1,99,VXNGWYZIFXWTDN-PKSOQXRJNA-N,-7.484
PPARG,m00,mut_s1,detail,1,100,UBFYNRRQFOKQOE-QWOVJGMINA-N,-7.125
PPARG,m00,mut_s1,detail,1,101,PKPIHOLUWUTPLW-GKKCOONHNA-N,-8.376
PPARG,m00,mut_s1,detail,1,102,CNYQZGODPRSIFM-LILDFLRNNA-N,-7.675
PPARG,m00,mut_s1,detail,1,103,OGPHEDOMLIUGFJ-UYBDAZJANA-N,-8.644
PPARG,m00,mut_s1,detail,1,104,FHOIWEHXSFDGEX-MPIMZMORNA-N,-8.86
PPARG,m00,mut_s1,detail,1,105,QOIGKGMMAGJZNZ-UHFFFAOYNA-N,-7.988
PPARG,m00,mut_s1,detail,1,106,DJJKBSKVSXPDMW-XFDRBGHPNA-N,-8.214
PPARG,m00,mut_s1,detail,1,107,MQVHNCCMPYINIB-GPQMBLKYNA-N,-8.241
PPARG,m00,mut_s1,detail,1,108,QJBDKSNVJPPLMZ-UYBDAZJANA-N,-8.728
PPARG,m00,mut_s1,detail,1,109,NEOVEBXUPVDKIZ-PDJAEHLQNA-N,-9.27
PPARG,m00,mut_s1,detail,1,110,UBMHUOWYROYDAE-MPIMZMORNA-N,-7.758
PPARG,m00,mut_s1,detail,1,111,NCOQSZVFPAPDPY-MPIMZMORNA-N,-9.137
PPARG,m00,mut_s1,detail,1,112,IWKDSKQEBMNILM-SFHVURJKNA-N,-7.7
PPARG,m00,mut_s1,detail,1,113,FYHIZSWDWJOYBD-UHFFFAOYNA-N,-7.336
PPARG,m00,mut_s1,detail,1,114,CODIBUDSZRMNBU-VVKINWOJNA-N,-8.192
PPARG,m00,mut_s1,detail,1,115,FSBYPVHAUHIHDK-HYTOZLCFNA-N,-8.408
PPARG,m00,mut_s1,detail,1,116,IBLBSVRDXNEHCF-UYBDAZJANA-N,-8.525
PPARG,m00,mut_s1,detail,1,117,YIVFLWLUPIAQNG-MPIMZMORNA-N,-8.842
PPARG,m00,mut_s1,detail,1,118,OKBASBXKPLMJNO-PKSOQXRJNA-N,-7.758
PPARG,m00,mut_s1,detail,1,119,CKUZXDONSHPFEU-UHFFFAOYNA-N,-7.946
PPARG,m00,mut_s1,detail,1,120,FZVOSFJDUXXRFB-LQFNOIFHNA-N,-9.389
PPARG,m00,mut_s1,detail,1,121,ATWQGOUWTPWHOB-MPIMZMORNA-N,-9.116
PPARG,m00,mut_s1,detail,1,122,SWTXEVDFRXLPBO-LILDFLRNNA-N,-8.02
PPARG,m00,mut_s1,detail,1,123,XKKZGDBDLSLGEV-UHFFFAOYNA-N,-7.978
PPARG,m00,mut_s1,detail,1,124,YOIVLKBZTXOSAW-UHFFFAOYNA-N,-7.194
PPARG,m00,mut_s1,detail,1,125,MTNDVCNEIIJXQO-LILDFLRNNA-N,-7.739
PPARG,m00,mut_s1,detail,1,126,VRVOWSSSYICXBN-UHFFFAOYNA-N,-7.671
PPARG,m00,mut_s1,detail,1,127,YWMOOGZLZREJIF-LILDFLRNNA-N,-5.87
PPARG,m00,mut_s1,detail,1,128,GBDSDSSPYNQXEN-LQFNOIFHNA-N,-9.047
PPARG,m00,mut_s1,detail,1,129,WEGCLMSBIIWPKX-HXTKINSTNA-N,-8.099
PPARG,m00,mut_s1,detail,1,130,KWIMDTZYIABOPE-XBXBPLPCNA-N,-8.316
PPARG,m00,mut_s1,detail,1,131,PTYKTEYVZUVZBD-LQFNOIFHNA-N,-10.349
PPARG,m00,mut_s1,detail,1,132,IDUARCWXOZVBJC-UHFFFAOYNA-N,-7.922
PPARG,m00,mut_s1,detail,1,133,SVHQAQMZYYTKBZ-QIFDKBNDNA-N,-6.661
PPARG,m00,mut_s1,detail,1,134,OKUWPICMSLXCLZ-ZBJSNUHENA-N,-7.584
PPARG,m00,mut_s1,detail,1,135,BGESRTVIDMTTHW-MPIMZMORNA-N,-9.548
PPARG,m00,mut_s1,detail,1,136,RDLHVRFBBSKBMX-UHFFFAOYNA-N,-7.74
PPARG,m00,mut_s1,detail,1,137,UHKNPVYNTQTWBT-LELJVTLKNA-N,-8.631
PPARG,m00,mut_s1,detail,1,138,LKOQAWXJCPYWSX-SMCUVTTANA-N,-9.885
PPARG,m00,mut_s1,detail,1,139,RGTZPMQQOVPWHT-UHFFFAOYNA-N,-8.631
PPARG,m00,mut_s1,detail,1,140,MPGXBEHIWDZYTG-JRAHLMCZNA-N,-8.053
PPARG,m00,mut_s1,detail,1,141,YSGONLQAXXDANF-HXTKINSTNA-N,-9.393
PPARG,m00,mut_s1,detail,1,142,ILADCPXUSGZMCO-LNNLXFCONA-N,-8.09
PPARG,m00,mut_s1,detail,1,143,WHISBCGJLLBHTQ-LELJVTLKNA-N,-8.039
PPARG,m00,mut_s1,detail,1,144,FQUQVJCZFGUICL-PZJWPPBQNA-N,-8.038
PPARG,m00,mut_s1,detail,1,145,PVZFRDICDBVJBC-MPIMZMORNA-N,-8.033
PPARG,m00,mut_s1,detail,1,146,WUQZEVWHZRAQLY-UHFFFAOYNA-N,-8.544
PPARG,m00,mut_s1,detail,1,147,PDYDBFOSJUATJC-LELJVTLKNA-N,-9.351
PPARG,m00,mut_s1,detail,1,148,XFTGZOIRMLTALR-UHFFFAOYNA-N,-9.442
PPARG,m00,mut_s1,detail,1,149,CPWFSRVCXOETRU-XYFPIJJGNA-N,-8.405
PPARG,m00,mut_s1,detail,1,150,SAFXYJWXQPZDKB-ZNVTXRBFNA-N,-9.088
PPARG,m00,mut_s1,detail,1,151,SWLAVROBGRTKAO-LQFNOIFHNA-N,-9.392
PPARG,m00,mut_s1,detail,1,152,OJFUHLOGAMKMDM-UHFFFAOYNA-N,-8.568
PPARG,m00,mut_s1,detail,1,153,YPDNVRDMMKZNIG-PJXJJTHHNA-N,-8.689
PPARG,m00,mut_s1,detail,1,154,LPYDZAPPGTYNGQ-UHFFFAOYNA-N,-9.468
PPARG,m00,mut_s1,detail,1,155,CXIGBATZIXWVIX-HXTKINSTNA-N,-9.421
PPARG,m00,mut_s1,detail,1,156,RXPVTNMMNZNKSW-LNNLXFCONA-N,-8.875
PPARG,m00,mut_s1,detail,1,157,YYDGAWIITBZHPX-UHFFFAOYNA-N,-8.304
PPARG,m00,mut_s1,detail,1,158,CHUNHRFIWQZFCI-UHFFFAOYNA-N,-9.393
PPARG,m00,mut_s1,detail,1,159,JDUBGYFRJFOXQC-YCIVUMDCNA-N,-7.884
PPARG,m00,mut_s1,detail,1,160,MMXCRHIOXQKQPT-LQFNOIFHNA-N,-8.869
PPARG,m00,mut_s1,detail,1,161,VBENHRFIEOLOJJ-JKZKCNJSNA-N,-8.047
PPARG,m00,mut_s1,detail,1,162,VPTBWCCSBQRUTD-UHFFFAOYNA-N,-8.337
PPARG,m00,mut_s1,detail,1,163,WOWAHNXJUPSVDR-LNNLXFCONA-N,-10.529
PPARG,m00,mut_s1,detail,1,164,WRLLXWRAXRGFBQ-GFQURNRHNA-N,-8.36
PPARG,m00,mut_s1,detail,1,165,QUUJCYCJKQGYDU-UHFFFAOYNA-N,-6.672
PPARG,m00,mut_s1,detail,1,166,LWILODJXIVFMKQ-LNNLXFCONA-N,-9.444
PPARG,m00,mut_s1,detail,1,167,PVBTXZKRTQKXBX-MRSUPTMINA-N,-9.822
PPARG,m00,mut_s1,detail,1,168,OWYLOIDRWNJCEP-HXUWFJFHNA-N,-8.312
PPARG,m00,mut_s1,detail,1,169,JOZFRLZUNYNYED-PJQSKVNONA-N,-8.583
PPARG,m00,mut_s1,detail,1,170,HMQKHGHCACYDGB-UHFFFAOYNA-N,-8.671
PPARG,m00,mut_s1,detail,1,171,SCHAXPQHOGRLLW-MPIMZMORNA-N,-8.43
PPARG,m00,mut_s1,detail,1,172,YNGDNNRFKXZELP-BDGWVKIONA-N,-8.646
PPARG,m00,mut_s1,detail,1,173,XETTWDXILVAWCB-UHFFFAOYNA-N,-8.318
PPARG,m00,mut_s1,detail,1,174,XXKBFOAMRLTPJL-UHFFFAOYNA-N,-7.481
PPARG,m00,mut_s1,detail,1,175,TXOXXECOMBAZKB-ZVNAXFNBNA-N,-8.282
PPARG,m00,mut_s1,detail,1,176,KUFKSMPOXHUGOB-QWOVJGMINA-N,-7.868
PPARG,m00,mut_s1,detail,1,177,SEHKNXHOUKJSIO-LNNLXFCONA-N,-9.393
PPARG,m00,mut_s1,detail,1,178,GMMNPCWBYMCYDQ-MPIMZMORNA-N,-9.438
PPARG,m00,mut_s1,detail,1,179,KEGZEHANNYRNOK-UHFFFAOYNA-N,-8.814
PPARG,m00,mut_s1,detail,1,180,GBJZQLYNRDBGTL-UHFFFAOYNA-N,-8.062
PPARG,m00,mut_s1,detail,1,181,UMFUNPLMLVDNME-INIZCTEONA-N,-8.586
PPARG,m00,mut_s1,detail,1,182,VPYOVNHGFLPMHX-ORVKFNBTNA-N,-8.339
PPARG,m00,mut_s1,detail,1,183,OQXGEGPDPXAQRC-UHFFFAOYNA-N,-7.645
PPARG,m00,mut_s1,detail,1,184,ZWOHSJYESLDLLT-AXIOFXGANA-N,-8.39
PPARG,m00,mut_s1,detail,1,185,NLUWXHFWWSAGMP-LNNLXFCONA-N,-8.759
PPARG,m00,mut_s1,detail,1,186,NBQDTLQFRAMAMQ-PDJAEHLQNA-N,-8.968
PPARG,m00,mut_s1,detail,1,187,VKYYUIDNHOUPGY-MPIMZMORNA-N,-8.787
PPARG,m00,mut_s1,detail,1,188,JHAMDJLHPSYECA-HXTKINSTNA-N,-9.102
PPARG,m00,mut_s1,detail,1,189,YUXCKESVZUAENN-LQFNOIFHNA-N,-8.285
PPARG,m00,mut_s1,detail,1,190,VOADUCNXWYAILJ-BOSVZZMWNA-N,-10.138
PPARG,m00,mut_s1,detail,1,191,YOCNRNBEVZABNA-AVGNRJKVNA-O,-7.805
PPARG,m00,mut_s1,detail,1,192,QGPIYZBUSYLXQT-UHFFFAOYNA-N,-9.08
PPARG,m00,mut_s1,detail,1,193,ALIRNZFSPVRFPC-QDIHOGQBNA-N,-10.186
PPARG,m00,mut_s1,detail,1,194,ZVFXYTPNPFXBNK-LELJVTLKNA-N,-7.58
PPARG,m00,mut_s1,detail,1,195,VYHWCJWNQFIBGN-CRFSQNOJNA-N,-8.634
PPARG,m00,mut_s1,detail,1,196,OGTQHYNUUOXINS-BKWRVFRZNA-N,-8.575
PPARG,m00,mut_s1,detail,1,197,UVYVJQFOXZDFLB-QDIHOGQBNA-N,-9.731
PPARG,m00,mut_s1,detail,1,198,OKBCXQJLCMYJOC-UHFFFAOYNA-N,-8.801
PPARG,m00,mut_s1,detail,1,199,UNUQJGDVJMRMAL-LBOYIXSDNA-N,-9.528
PPARG,m00,mut_s1,detail,1,200,AYOFFOZNXNLQIO-UHFFFAOYNA-N,-7.854
PPARG,m00,mut_s1,detail,1,201,XSCHYHFIQNFPFK-VJSLDGLSNA-N,-7.781
PPARG,m00,mut_s1,detail,1,202,JTLSDSKNFBJVAB-CAXFFFRFNA-N,-8.293
PPARG,m00,mut_s1,detail,1,203,DTRCHIYQUYRTQL-ARSKLOKFNA-N,-7.51
PPARG,m00,mut_s1,detail,1,204,HHCWBKAHPBAUDS-LBOYIXSDNA-N,-8.741
PPARG,m00,mut_s1,detail,1,205,SQFXMWLUFDMDIG-LBOYIXSDNA-N,-9.641
PPARG,m00,mut_s1,detail,1,206,DAAUKUQYGMNNAH-ZUKIQNPFNA-N,-10.567
PPARG,m00,mut_s1,detail,1,207,POLXUFYBMIRDEG-UHFFFAOYNA-N,-8.727
PPARG,m00,mut_s1,detail,1,208,HAQNCPOGRFKYNP-WNTKXCTINA-N,-8.571
PPARG,m00,mut_s1,detail,1,209,CQWFJACPUQVVQZ-UHFFFAOYNA-N,-8.446
PPARG,m00,mut_s1,detail,1,210,DPMMEOUVESBMSC-ZENAZSQFNA-N,-8.775
PPARG,m00,mut_s1,detail,1,211,SWRYMOBQOOSZGE-LFJJEMAGNA-N,-10.524
PPARG,m00,mut_s1,detail,1,212,VJTYYKXVGAQBPX-BGYRXZFFNA-N,-7.987
PPARG,m00,mut_s1,detail,1,213,BWCCBKUPFRNBAM-QBBGPZPNNA-N,-9.564
PPARG,m00,mut_s1,detail,1,214,LNHIEYLABBPNKJ-HXTKINSTNA-N,-9.926
PPARG,m00,mut_s1,detail,1,215,URPWVRUGSFROGL-IWCCUHEHNA-N,-8.536
PPARG,m00,mut_s1,detail,1,216,VVHGIVKRWDSJFH-HXTKINSTNA-N,-9.491
PPARG,m00,mut_s1,detail,1,217,SXHIZYRFWJFSEN-WUSLAWIHNA-N,-8.118
PPARG,m00,mut_s1,detail,1,218,CNHPXUMQURIPRN-UHFFFAOYNA-N,-10.491
PPARG,m00,mut_s1,detail,1,219,SGUIKZIYGVGMML-UHFFFAOYNA-N,-8.431
PPARG,m00,mut_s1,detail,1,220,DEVOTYUCWQFKBI-SREBMQDQNA-N,-9.83
PPARG,m00,mut_s1,detail,1,221,HGLIGFILENTPME-YQIREZNHNA-N,-10.932
PPARG,m00,mut_s1,detail,1,222,TYJWHVJYDSKQKB-UHFFFAOYNA-N,-8.509
PPARG,m00,mut_s1,detail,1,223,KOZFSFOOLUUIGY-NHZRFLDCNA-N,-9.031
PPARG,m00,mut_s1,detail,1,224,IVUDLYCHNURAOH-INNNKKOMNA-N,-6.994
PPARG,m00,mut_s1,detail,1,225,KDGUWZZCFXNBKJ-UHFFFAOYNA-N,-7.851
PPARG,m00,mut_s1,detail,1,226,DTVVSEVQQLRJMR-ZIFUYXECNA-N,-6.529
PPARG,m00,mut_s1,detail,1,227,MUDPTEIPVZCOGV-UHFFFAOYNA-N,-9.429
PPARG,m00,mut_s1,detail,1,228,IFHBUYGFCSEHIF-OKPOJWAQNA-N,-9.11
PPARG,m00,mut_s1,detail,1,229,CRKWKHJABOJVAY-SKKVRFOWNA-N,-8.893
PPARG,m00,mut_s1,detail,1,230,DXEPONXIBPHOTN-ZJLLOKRPNA-N,-8.26
PPARG,m00,mut_s1,detail,1,231,ULXBTCAXCQWKDE-UHFFFAOYNA-N,-9.302
PPARG,m00,mut_s1,detail,1,232,WJHXPQKEBQOSHE-HXTKINSTNA-N,-8.829
PPARG,m00,mut_s1,detail,1,233,KRFOOEYNOKIXRO-PKRZOPRNNA-N,-9.727
PPARG,m00,mut_s1,detail,1,234,BQPRGAIDSWVYAW-LELJVTLKNA-N,-9.355
PPARG,m00,mut_s1,detail,1,235,YRMKMEPMFOFXGH-LELJVTLKNA-N,-8.064
PPARG,m00,mut_s1,detail,1,236,OOPGLCWBUZVAMU-CSODHUTKNA-N,-6.7
PPARG,m00,mut_s1,detail,1,237,ABMSGZYILANGCA-HXTKINSTNA-N,-8.599
PPARG,m00,mut_s1,detail,1,238,PTAKEHSCNRJTCJ-UHFFFAOYNA-N,-9.21
PPARG,m00,mut_s1,detail,1,239,HOXYGIWZMBSLPN-TWPXYFCBNA-N,-8.297
PPARG,m00,mut_s1,detail,1,240,XKHSVUSPZVNCOT-VWSSANQENA-N,-7.506
PPARG,m00,mut_s1,detail,1,241,XONRVXOEJMEUIV-UHFFFAOYNA-N,-9.477
PPARG,m00,mut_s1,detail,1,242,RJVLVZUXYHWKDL-KIKCKTDGNA-N,-8.893
PPARG,m00,mut_s1,detail,1,243,QFJGVFMADWIIMK-BDGWVKIONA-N,-9.367
PPARG,m00,mut_s1,detail,1,244,SCZNNLLAHVLZMK-HXTKINSTNA-N,-9.043
PPARG,m00,mut_s1,detail,1,245,OBFAALRUGGJRGU-PKRZOPRNNA-N,-7.02
PPARG,m00,mut_s1,detail,1,246,PBDIAJYRAMOINO-WFOUAHBYNA-N,-8.885
PPARG,m00,mut_s1,detail,1,247,NAMSGSSCIKIOGU-UHFFFAOYNA-N,-9.655
PPARG,m00,mut_s1,detail,1,248,GJTMJMUIFFQIQN-BQVZJPQVNA-N,-8.678
PPARG,m00,mut_s1,detail,1,249,FHHOEGKZVIYWLM-PKRZOPRNNA-N,-8.367
PPARG,m00,mut_s1,detail,1,250,LWSUSTXYIGVJTM-DDTQQWOSNA-N,-8.766
PPARG,m00,mut_s1,detail,1,251,VAXBUDASTPYURF-YIOWICSRNA-N,-9.294
PPARG,m00,mut_s1,detail,1,252,JHBVXZXFCJIAJZ-CUCLJGHLNA-N,-10.512
PPARG,m00,mut_s1,detail,1,253,XASICACCYVTJDX-UHFFFAOYNA-N,-8.248
PPARG,m00,mut_s1,detail,1,254,FRWAWZNXORYJGK-UHFFFAOYNA-N,-9.946
PPARG,m00,mut_s1,detail,1,255,YVEPCRMWSAAWMS-BHOFNQNONA-N,-9.736
PPARG,m01,mut_s1,detail,1,0,OLBYFEGTUWWPTR-FYWRMAATNA-N,-7.472
PPARG,m01,mut_s1,detail,1,1,SPGYFZIJBSMMEN-UHFFFAOYNA-N,-7.653
PPARG,m01,mut_s1,detail,1,2,DKKGRNTXCNVFPV-DZQCGVKKNA-N,-8.935
PPARG,m01,mut_s1,detail,1,3,KCOKHEIACSQLBQ-PCLSHUPZNA-N,-7.031
PPARG,m01,mut_s1,detail,1,4,XXMDURVCJMZNFC-UHFFFAOYNA-N,-8.171
PPARG,m01,mut_s1,detail,1,5,XNGWBIOXTHPDBE-UHFFFAOYNA-N,-6.944
PPARG,m01,mut_s1,detail,1,6,FMLKTYPTZQDWCZ-WYUMXYHSNA-N,-6.998
PPARG,m01,mut_s1,detail,1,7,BQCYOKUETBHDKF-UHFFFAOYNA-N,-7.929
PPARG,m01,mut_s1,detail,1,8,VAPRSYGEPKZLNA-UHFFFAOYNA-N,-6.88
PPARG,m01,mut_s1,detail,1,9,FJWTZYYUIYSFDV-NDKGDYFDNA-N,-6.404
PPARG,m01,mut_s1,detail,1,10,JSIXJSFAHZREEV-YHMJCDSINA-N,-6.63
PPARG,m01,mut_s1,detail,1,11,BGSXHNNWYPKQIQ-VEWCPZSHNA-N,-7.479
PPARG,m01,mut_s1,detail,1,12,ANJUUMLKPZLRGR-GPQMBLKYNA-N,-7.429
PPARG,m01,mut_s1,detail,1,13,WVDDMJTWFGHTGZ-VMPITWQZNA-N,-6.488
PPARG,m01,mut_s1,detail,1,14,OSFGHYZLBDAJTP-LILDFLRNNA-N,-8.66
PPARG,m01,mut_s1,detail,1,15,TZSPGMKSRHWUBZ-UHFFFAOYNA-N,-8.129
PPARG,m01,mut_s1,detail,1,16,RJNMLHBOHSQLDU-UHFFFAOYNA-N,-6.697
PPARG,m01,mut_s1,detail,1,17,HPGOEMWDBCJDOY-LILDFLRNNA-N,-7.499
PPARG,m01,mut_s1,detail,1,18,ANIAQSUBRGXWLS-UHFFFAOYNA-N,-6.179
PPARG,m01,mut_s1,detail,1,19,XHPTXSLPPJQCFM-UOUMIGKDNA-N,-7.545
PPARG,m01,mut_s1,detail,1,20,OYUMERJRBPSDQK-UHFFFAOYNA-N,-7.685
PPARG,m01,mut_s1,detail,1,21,RHCPJGMOPIMKFS-UHFFFAOYNA-N,-6.912
PPARG,m01,mut_s1,detail,1,22,GQCRCQLETCLZLO-NDKGDYFDNA-N,-6.532
PPARG,m01,mut_s1,detail,1,23,HDTRJGVVKZGWQZ-UHFFFAOYNA-N,-7.741
PPARG,m01,mut_s1,detail,1,24,PODSUWFXVDWCHZ-YAQRNVERNA-N,-7.889
PPARG,m01,mut_s1,detail,1,25,XOQICXJZZWXQDG-SDNWHVSQNA-N,-7.431
PPARG,m01,mut_s1,detail,1,26,LRQZMRHGRBHVRW-BLHHFWFONA-N,-6.871
PPARG,m01,mut_s1,detail,1,27,INRDHPFHGNGCCW-UHFFFAOYNA-N,-8.37
PPARG,m01,mut_s1,detail,1,28,WIRZCAWOMABORR-HCKMINDGNA-N,-7.786
PPARG,m01,mut_s1,detail,1,29,ISHXVBNQBLMUMA-XAASJSMPNA-N,-7.707
PPARG,m01,mut_s1,detail,1,30,ZVAZVKMDCRYPAQ-UHFFFAOYNA-N,-6.249
PPARG,m01,mut_s1,detail,1,31,OJGDCBLYJGHCIH-UHFFFAOYNA-N,-7.219
PPARG,m01,mut_s1,detail,1,32,HUJQOHMOYGRIRS-WYCIUFAENA-N,-6.95
PPARG,m01,mut_s1,detail,1,33,IXOFYFZRTXYNDM-HCKMINDGNA-N,-7.639
PPARG,m01,mut_s1,detail,1,34,RBMMHDHXQQMEMH-UHFFFAOYNA-N,-7.568
PPARG,m01,mut_s1,detail,1,35,CFFGWJLHGOSOHF-AHPDCHJINA-N,-6.203
PPARG,m01,mut_s1,detail,1,36,FFPAFAKDJLEUSC-YHMJCDSINA-N,-6.074
PPARG,m01,mut_s1,detail,1,37,ULEATUCPMCKRAM-IRXDYDNUNA-N,-7.502
PPARG,m01,mut_s1,detail,1,38,SUSPKFCOAROGEI-UHFFFAOYNA-N,-6.533
PPARG,m01,mut_s1,detail,1,39,ILOLPXFRSGURQA-HCKMINDGNA-N,-7.596
PPARG,m01,mut_s1,detail,1,40,LAHNGPIIMDWGRL-UHFFFAOYNA-N,-8.153
PPARG,m01,mut_s1,detail,1,41,PONNWXFCUBXOFS-UHFFFAOYNA-N,-7.208
PPARG,m01,mut_s1,detail,1,42,NGPUMDFMDVHJTF-XMHGGMMENA-N,-8.306
PPARG,m01,mut_s1,detail,1,43,GKVFCYBLNULLCL-YGPBECBDNA-N,-6.772
PPARG,m01,mut_s1,detail,1,44,FZPYMNOBFYWKFC-UHFFFAOYNA-N,-7.006
PPARG,m01,mut_s1,detail,1,45,CPJICALSLDLRJP-LILDFLRNNA-N,-7.983
PPARG,m01,mut_s1,detail,1,46,RAVBBDYGFXMBKB-GAJRPKRDNA-N,-6.948
PPARG,m01,mut_s1,detail,1,47,NCUWRDDNNJFMAS-UHFFFAOYNA-N,-7.74
PPARG,m01,mut_s1,detail,1,48,VDNBWTVXZDOUIG-PKSOQXRJNA-N,-7.599
PPARG,m01,mut_s1,detail,1,49,WYMKISIWQJPKOC-UHFFFAOYNA-N,-7.385
PPARG,m01,mut_s1,detail,1,50,VTCXXKFOLLSYCU-UHFFFAOYNA-N,-6.606
PPARG,m01,mut_s1,detail,1,51,BSLAOCJVMOGUKX-VHOFBASHNA-N,-7.318
PPARG,m01,mut_s1,detail,1,52,RZUVVWWNGGXUBI-GPQMBLKYNA-N,-8.755
PPARG,m01,mut_s1,detail,1,53,YLYYXIMYACYRSP-UYBDAZJANA-N,-6.996
PPARG,m01,mut_s1,detail,1,54,PHRXHZRDJNSXDF-QHCBTKRXNA-N,-8.244
PPARG,m01,mut_s1,detail,1,55,ABQUFQQMQCPHOH-NCWAPJAINA-N,-7.316
PPARG,m01,mut_s1,detail,1,56,FKIFGIZHFPIJND-GQAOMWGXNA-N,-6.528
PPARG,m01,mut_s1,detail,1,57,NHZFGROUVFTJAK-WYUMXYHSNA-N,-7.786
PPARG,m01,mut_s1,detail,1,58,RTJPLJJBIWFNSZ-UHFFFAOYNA-N,-7.7
PPARG,m01,mut_s1,detail,1,59,ZJRUXQBLSMYTIS-DXMPFREMNA-N,-7.152
PPARG,m01,mut_s1,detail,1,60,UYVIFQIPPPRZJF-QWOVJGMINA-N,-7.719
PPARG,m01,mut_s1,detail,1,61,WYTBYQZYJIGCBO-LILDFLRNNA-N,-7.712
PPARG,m01,mut_s1,detail,1,62,KKWWDIPRICACPS-GPQMBLKYNA-N,-7.259
PPARG,m01,mut_s1,detail,1,63,NZRHOWNFGASHMN-ZHLVXTBQNA-N,-6.91
PPARG,m01,mut_s1,detail,1,64,MGSGKNKREAYFRZ-UHFFFAOYNA-N,-8.297
PPARG,m01,mut_s1,detail,1,65,QTIJDOJTNOHQTC-WQGACYEGNA-N,-6.682
PPARG,m01,mut_s1,detail,1,66,ZHRVXEKEOMUAJO-PKSOQXRJNA-N,-8.865
PPARG,m01,mut_s1,detail,1,67,AJEULKUYXOLHDN-DVIAZDKANA-N,-8.828
PPARG,m01,mut_s1,detail,1,68,MGNZRUQLGFVWLY-UHFFFAOYNA-N,-8.254
PPARG,m01,mut_s1,detail,1,69,OHIMIXUWTWBDBR-UHFFFAOYNA-N,-8.268
PPARG,m01,mut_s1,detail,1,70,RFEGKAVABNLRHW-WYUMXYHSNA-N,-8.723
PPARG,m01,mut_s1,detail,1,71,OVDZZJAUKDINIY-SGTLLEGYNA-N,-8.266
PPARG,m01,mut_s1,detail,1,72,FIGONFGVGMSPID-MPIMZMORNA-N,-8.782
PPARG,m01,mut_s1,detail,1,73,DSSHOSHLYKWNRQ-UHFFFAOYNA-N,-7.577
PPARG,m01,mut_s1,detail,1,74,PKDGFUYVUYOZFK-UHFFFAOYNA-N,-8.361
PPARG,m01,mut_s1,detail,1,75,FSDOAOAVZVMAGE-RRORKGOJNA-N,-7.887
PPARG,m01,mut_s1,detail,1,76,SKYAUASQUBDEOI-LHJMZCQGNA-N,-7.287
PPARG,m01,mut_s1,detail,1,77,RRRYPJNSMOUEOE-XBTAAFKLNA-N,-8.781
PPARG,m01,mut_s1,detail,1,78,LNQOCSSUUUJFLY-BNKWAMQHNA-N,-8.693
PPARG,m01,mut_s1,detail,1,79,IQVUWJZWHCFIBG-UYBDAZJANA-N,-6.813
PPARG,m01,mut_s1,detail,1,80,FECVWTWBRSSNCK-XBTAAFKLNA-N,-9.289
PPARG,m01,mut_s1,detail,1,81,USDYHKNHMGVDHS-UYBDAZJANA-N,-7.654
PPARG,m01,mut_s1,detail,1,82,ZVJAHPKIYVGDHR-ILXRZTDVNA-N,-6.821
PPARG,m01,mut_s1,detail,1,83,AGWWZCICEUHAPF-UHFFFAOYNA-N,-8.53
PPARG,m01,mut_s1,detail,1,84,SIFYPHRKPXWEFL-UHFFFAOYNA-N,-7.665
PPARG,m01,mut_s1,detail,1,85,CCBDIYWTNHRYSF-GPQMBLKYNA-N,-8.238
PPARG,m01,mut_s1,detail,1,86,QZJYCFURESLRJX-UHFFFAOYNA-N,-8.122
PPARG,m01,mut_s1,detail,1,87,KDGSVHGIVBVYFE-SIKSZQSZNA-N,-8.051
PPARG,m01,mut_s1,detail,1,88,KAVCMDDCFVWLGH-DCYBUDGMNA-N,-9.345
PPARG,m01,mut_s1,detail,1,89,QTJDEJXKPAATAY-LILDFLRNNA-N,-8.949
PPARG,m01,mut_s1,detail,1,90,DCCNEGBQLUHRSI-UHFFFAOYNA-N,-6.357
PPARG,m01,mut_s1,detail,1,91,VUCQKRJVSPHODJ-UHFFFAOYNA-N,-8.17
PPARG,m01,mut_s1,detail,1,92,XCNTYAMCOLKFEW-UHFFFAOYNA-N,-6.645
PPARG,m01,mut_s1,detail,1,93,MLPVFRGFZVZNOZ-ODUIGABRNA-N,-7.927
PPARG,m01,mut_s1,detail,1,94,JXNGVLIPVYLXLZ-PKSOQXRJNA-N,-7.774
PPARG,m01,mut_s1,detail,1,95,GWICPGWJQQUMKG-UHFFFAOYNA-N,-7.732
PPARG,m01,mut_s1,detail,1,96,LEDHQUJDAQVDJK-UHFFFAOYNA-N,-8.595
PPARG,m01,mut_s1,detail,1,97,BJKUVAVJXSIUGS-UYBDAZJANA-N,-7.184
PPARG,m01,mut_s1,detail,1,98,QXIDHQKQNQWYQW-ORVKFNBTNA-N,-9.269
PPARG,m01,mut_s1,detail,1,99,VXNGWYZIFXWTDN-PKSOQXRJNA-N,-8.093
PPARG,m01,mut_s1,detail,1,100,UBFYNRRQFOKQOE-QWOVJGMINA-N,-7.179
PPARG,m01,mut_s1,detail,1,101,PKPIHOLUWUTPLW-GKKCOONHNA-N,-8.986
PPARG,m01,mut_s1,detail,1,102,CNYQZGODPRSIFM-LILDFLRNNA-N,-7.413
PPARG,m01,mut_s1,detail,1,103,OGPHEDOMLIUGFJ-UYBDAZJANA-N,-8.568
PPARG,m01,mut_s1,detail,1,104,FHOIWEHXSFDGEX-MPIMZMORNA-N,-8.83
PPARG,m01,mut_s1,detail,1,105,QOIGKGMMAGJZNZ-UHFFFAOYNA-N,-8.682
PPARG,m01,mut_s1,detail,1,106,DJJKBSKVSXPDMW-XFDRBGHPNA-N,-8.367
PPARG,m01,mut_s1,detail,1,107,MQVHNCCMPYINIB-GPQMBLKYNA-N,-8.145
PPARG,m01,mut_s1,detail,1,108,QJBDKSNVJPPLMZ-UYBDAZJANA-N,-8.754
PPARG,m01,mut_s1,detail,1,109,NEOVEBXUPVDKIZ-PDJAEHLQNA-N,-9.407
PPARG,m01,mut_s1,detail,1,110,UBMHUOWYROYDAE-MPIMZMORNA-N,-7.997
PPARG,m01,mut_s1,detail,1,111,NCOQSZVFPAPDPY-MPIMZMORNA-N,-9.253
PPARG,m01,mut_s1,detail,1,112,IWKDSKQEBMNILM-SFHVURJKNA-N,-7.257
PPARG,m01,mut_s1,detail,1,113,FYHIZSWDWJOYBD-UHFFFAOYNA-N,-7.291
PPARG,m01,mut_s1,detail,1,114,CODIBUDSZRMNBU-VVKINWOJNA-N,-8.295
PPARG,m01,mut_s1,detail,1,115,FSBYPVHAUHIHDK-HYTOZLCFNA-N,-8.348
PPARG,m01,mut_s1,detail,1,116,IBLBSVRDXNEHCF-UYBDAZJANA-N,-8.963
PPARG,m01,mut_s1,detail,1,117,YIVFLWLUPIAQNG-MPIMZMORNA-N,-8.848
PPARG,m01,mut_s1,detail,1,118,OKBASBXKPLMJNO-PKSOQXRJNA-N,-7.629
PPARG,m01,mut_s1,detail,1,119,CKUZXDONSHPFEU-UHFFFAOYNA-N,-8.148
PPARG,m01,mut_s1,detail,1,120,FZVOSFJDUXXRFB-LQFNOIFHNA-N,-8.792
PPARG,m01,mut_s1,detail,1,121,ATWQGOUWTPWHOB-MPIMZMORNA-N,-9.476
PPARG,m01,mut_s1,detail,1,122,SWTXEVDFRXLPBO-LILDFLRNNA-N,-8.268
PPARG,m01,mut_s1,detail,1,123,XKKZGDBDLSLGEV-UHFFFAOYNA-N,-8.008
PPARG,m01,mut_s1,detail,1,124,YOIVLKBZTXOSAW-UHFFFAOYNA-N,-7.319
PPARG,m01,mut_s1,detail,1,125,MTNDVCNEIIJXQO-LILDFLRNNA-N,-7.917
PPARG,m01,mut_s1,detail,1,126,VRVOWSSSYICXBN-UHFFFAOYNA-N,-7.832
PPARG,m01,mut_s1,detail,1,127,YWMOOGZLZREJIF-LILDFLRNNA-N,-5.659
PPARG,m01,mut_s1,detail,1,128,GBDSDSSPYNQXEN-LQFNOIFHNA-N,-9.237
PPARG,m01,mut_s1,detail,1,129,WEGCLMSBIIWPKX-HXTKINSTNA-N,-8.248
PPARG,m01,mut_s1,detail,1,130,KWIMDTZYIABOPE-XBXBPLPCNA-N,-8.966
PPARG,m01,mut_s1,detail,1,131,PTYKTEYVZUVZBD-LQFNOIFHNA-N,-10.571
PPARG,m01,mut_s1,detail,1,132,IDUARCWXOZVBJC-UHFFFAOYNA-N,-8.256
PPARG,m01,mut_s1,detail,1,133,SVHQAQMZYYTKBZ-QIFDKBNDNA-N,-6.55
PPARG,m01,mut_s1,detail,1,134,OKUWPICMSLXCLZ-ZBJSNUHENA-N,-7.732
PPARG,m01,mut_s1,detail,1,135,BGESRTVIDMTTHW-MPIMZMORNA-N,-9.09
PPARG,m01,mut_s1,detail,1,136,RDLHVRFBBSKBMX-UHFFFAOYNA-N,-7.582
PPARG,m01,mut_s1,detail,1,137,UHKNPVYNTQTWBT-LELJVTLKNA-N,-8.431
PPARG,m01,mut_s1,detail,1,138,LKOQAWXJCPYWSX-SMCUVTTANA-N,-9.964
PPARG,m01,mut_s1,detail,1,139,RGTZPMQQOVPWHT-UHFFFAOYNA-N,-9.089
PPARG,m01,mut_s1,detail,1,140,MPGXBEHIWDZYTG-JRAHLMCZNA-N,-8.199
PPARG,m01,mut_s1,detail,1,141,YSGONLQAXXDANF-HXTKINSTNA-N,-10.048
PPARG,m01,mut_s1,detail,1,142,ILADCPXUSGZMCO-LNNLXFCONA-N,-8.131
PPARG,m01,mut_s1,detail,1,143,WHISBCGJLLBHTQ-LELJVTLKNA-N,-7.765
PPARG,m01,mut_s1,detail,1,144,FQUQVJCZFGUICL-PZJWPPBQNA-N,-8.049
PPARG,m01,mut_s1,detail,1,145,PVZFRDICDBVJBC-MPIMZMORNA-N,-7.939
PPARG,m01,mut_s1,detail,1,146,WUQZEVWHZRAQLY-UHFFFAOYNA-N,-8.847
PPARG,m01,mut_s1,detail,1,147,PDYDBFOSJUATJC-LELJVTLKNA-N,-9.479
PPARG,m01,mut_s1,detail,1,148,XFTGZOIRMLTALR-UHFFFAOYNA-N,-9.739
PPARG,m01,mut_s1,detail,1,149,CPWFSRVCXOETRU-XYFPIJJGNA-N,-8.317
PPARG,m01,mut_s1,detail,1,150,SAFXYJWXQPZDKB-ZNVTXRBFNA-N,-8.604
PPARG,m01,mut_s1,detail,1,151,SWLAVROBGRTKAO-LQFNOIFHNA-N,-9.855
PPARG,m01,mut_s1,detail,1,152,OJFUHLOGAMKMDM-UHFFFAOYNA-N,-8.587
PPARG,m01,mut_s1,detail,1,153,YPDNVRDMMKZNIG-PJXJJTHHNA-N,-8.968
PPARG,m01,mut_s1,detail,1,154,LPYDZAPPGTYNGQ-UHFFFAOYNA-N,-9.993
PPARG,m01,mut_s1,detail,1,155,CXIGBATZIXWVIX-HXTKINSTNA-N,-9.407
PPARG,m01,mut_s1,detail,1,156,RXPVTNMMNZNKSW-LNNLXFCONA-N,-9.698
PPARG,m01,mut_s1,detail,1,157,YYDGAWIITBZHPX-UHFFFAOYNA-N,-8.71
PPARG,m01,mut_s1,detail,1,158,CHUNHRFIWQZFCI-UHFFFAOYNA-N,-9.755
PPARG,m01,mut_s1,detail,1,159,JDUBGYFRJFOXQC-YCIVUMDCNA-N,-8.127
PPARG,m01,mut_s1,detail,1,160,MMXCRHIOXQKQPT-LQFNOIFHNA-N,-9.148
PPARG,m01,mut_s1,detail,1,161,VBENHRFIEOLOJJ-JKZKCNJSNA-N,-7.874
PPARG,m01,mut_s1,detail,1,162,VPTBWCCSBQRUTD-UHFFFAOYNA-N,-8.475
PPARG,m01,mut_s1,detail,1,163,WOWAHNXJUPSVDR-LNNLXFCONA-N,-10.668
PPARG,m01,mut_s1,detail,1,164,WRLLXWRAXRGFBQ-GFQURNRHNA-N,-8.361
PPARG,m01,mut_s1,detail,1,165,QUUJCYCJKQGYDU-UHFFFAOYNA-N,-6.258
PPARG,m01,mut_s1,detail,1,166,LWILODJXIVFMKQ-LNNLXFCONA-N,-9.816
PPARG,m01,mut_s1,detail,1,167,PVBTXZKRTQKXBX-MRSUPTMINA-N,-9.95
PPARG,m01,mut_s1,detail,1,168,OWYLOIDRWNJCEP-HXUWFJFHNA-N,-8.232
PPARG,m01,mut_s1,detail,1,169,JOZFRLZUNYNYED-PJQSKVNONA-N,-8.675
PPARG,m01,mut_s1,detail,1,170,HMQKHGHCACYDGB-UHFFFAOYNA-N,-8.733
PPARG,m01,mut_s1,detail,1,171,SCHAXPQHOGRLLW-MPIMZMORNA-N,-8.454
PPARG,m01,mut_s1,detail,1,172,YNGDNNRFKXZELP-BDGWVKIONA-N,-8.463
PPARG,m01,mut_s1,detail,1,173,XETTWDXILVAWCB-UHFFFAOYNA-N,-7.83
PPARG,m01,mut_s1,detail,1,174,XXKBFOAMRLTPJL-UHFFFAOYNA-N,-6.603
PPARG,m01,mut_s1,detail,1,175,TXOXXECOMBAZKB-ZVNAXFNBNA-N,-8.216
PPARG,m01,mut_s1,detail,1,176,KUFKSMPOXHUGOB-QWOVJGMINA-N,-8.004
PPARG,m01,mut_s1,detail,1,177,SEHKNXHOUKJSIO-LNNLXFCONA-N,-9.739
PPARG,m01,mut_s1,detail,1,178,GMMNPCWBYMCYDQ-MPIMZMORNA-N,-9.529
PPARG,m01,mut_s1,detail,1,179,KEGZEHANNYRNOK-UHFFFAOYNA-N,-8.747
PPARG,m01,mut_s1,detail,1,180,GBJZQLYNRDBGTL-UHFFFAOYNA-N,-7.598
PPARG,m01,mut_s1,detail,1,181,UMFUNPLMLVDNME-INIZCTEONA-N,-8.724
PPARG,m01,mut_s1,detail,1,182,VPYOVNHGFLPMHX-ORVKFNBTNA-N,-7.935
PPARG,m01,mut_s1,detail,1,183,OQXGEGPDPXAQRC-UHFFFAOYNA-N,-7.422
PPARG,m01,mut_s1,detail,1,184,ZWOHSJYESLDLLT-AXIOFXGANA-N,-8.495
PPARG,m01,mut_s1,detail,1,185,NLUWXHFWWSAGMP-LNNLXFCONA-N,-9.014
PPARG,m01,mut_s1,detail,1,186,NBQDTLQFRAMAMQ-PDJAEHLQNA-N,-9.75
PPARG,m01,mut_s1,detail,1,187,VKYYUIDNHOUPGY-MPIMZMORNA-N,-9.748
PPARG,m01,mut_s1,detail,1,188,JHAMDJLHPSYECA-HXTKINSTNA-N,-8.668
PPARG,m01,mut_s1,detail,1,189,YUXCKESVZUAENN-LQFNOIFHNA-N,-8.511
PPARG,m01,mut_s1,detail,1,190,VOADUCNXWYAILJ-BOSVZZMWNA-N,-10.209
PPARG,m01,mut_s1,detail,1,191,YOCNRNBEVZABNA-AVGNRJKVNA-O,-7.454
PPARG,m01,mut_s1,detail,1,192,QGPIYZBUSYLXQT-UHFFFAOYNA-N,-9.643
PPARG,m01,mut_s1,detail,1,193,ALIRNZFSPVRFPC-QDIHOGQBNA-N,-10.585
PPARG,m01,mut_s1,detail,1,194,ZVFXYTPNPFXBNK-LELJVTLKNA-N,-7.651
PPARG,m01,mut_s1,detail,1,195,VYHWCJWNQFIBGN-CRFSQNOJNA-N,-8.866
PPARG,m01,mut_s1,detail,1,196,OGTQHYNUUOXINS-BKWRVFRZNA-N,-8.274
PPARG,m01,mut_s1,detail,1,197,UVYVJQFOXZDFLB-QDIHOGQBNA-N,-7.876
PPARG,m01,mut_s1,detail,1,198,OKBCXQJLCMYJOC-UHFFFAOYNA-N,-8.925
PPARG,m01,mut_s1,detail,1,199,UNUQJGDVJMRMAL-LBOYIXSDNA-N,-9.327
PPARG,m01,mut_s1,detail,1,200,AYOFFOZNXNLQIO-UHFFFAOYNA-N,-8.104
PPARG,m01,mut_s1,detail,1,201,XSCHYHFIQNFPFK-VJSLDGLSNA-N,-7.725
PPARG,m01,mut_s1,detail,1,202,JTLSDSKNFBJVAB-CAXFFFRFNA-N,-8.374
PPARG,m01,mut_s1,detail,1,203,DTRCHIYQUYRTQL-ARSKLOKFNA-N,-6.962
PPARG,m01,mut_s1,detail,1,204,HHCWBKAHPBAUDS-LBOYIXSDNA-N,-9.3
PPARG,m01,mut_s1,detail,1,205,SQFXMWLUFDMDIG-LBOYIXSDNA-N,-8.915
PPARG,m01,mut_s1,detail,1,206,DAAUKUQYGMNNAH-ZUKIQNPFNA-N,-9.469
PPARG,m01,mut_s1,detail,1,207,POLXUFYBMIRDEG-UHFFFAOYNA-N,-8.884
PPARG,m01,mut_s1,detail,1,208,HAQNCPOGRFKYNP-WNTKXCTINA-N,-9.193
PPARG,m01,mut_s1,detail,1,209,CQWFJACPUQVVQZ-UHFFFAOYNA-N,-8.485
PPARG,m01,mut_s1,detail,1,210,DPMMEOUVESBMSC-ZENAZSQFNA-N,-8.439
PPARG,m01,mut_s1,detail,1,211,SWRYMOBQOOSZGE-LFJJEMAGNA-N,-11.193
PPARG,m01,mut_s1,detail,1,212,VJTYYKXVGAQBPX-BGYRXZFFNA-N,-8.104
PPARG,m01,mut_s1,detail,1,213,BWCCBKUPFRNBAM-QBBGPZPNNA-N,-9.782
PPARG,m01,mut_s1,detail,1,214,LNHIEYLABBPNKJ-HXTKINSTNA-N,-9.818
PPARG,m01,mut_s1,detail,1,215,URPWVRUGSFROGL-IWCCUHEHNA-N,-7.124
PPARG,m01,mut_s1,detail,1,216,VVHGIVKRWDSJFH-HXTKINSTNA-N,-9.426
PPARG,m01,mut_s1,detail,1,217,SXHIZYRFWJFSEN-WUSLAWIHNA-N,-7.973
PPARG,m01,mut_s1,detail,1,218,CNHPXUMQURIPRN-UHFFFAOYNA-N,-10.825
PPARG,m01,mut_s1,detail,1,219,SGUIKZIYGVGMML-UHFFFAOYNA-N,-8.965
PPARG,m01,mut_s1,detail,1,220,DEVOTYUCWQFKBI-SREBMQDQNA-N,-10.339
PPARG,m01,mut_s1,detail,1,221,HGLIGFILENTPME-YQIREZNHNA-N,-10.603
PPARG,m01,mut_s1,detail,1,222,TYJWHVJYDSKQKB-UHFFFAOYNA-N,-8.022
PPARG,m01,mut_s1,detail,1,223,KOZFSFOOLUUIGY-NHZRFLDCNA-N,-8.748
PPARG,m01,mut_s1,detail,1,224,IVUDLYCHNURAOH-INNNKKOMNA-N,-7.276
PPARG,m01,mut_s1,detail,1,225,KDGUWZZCFXNBKJ-UHFFFAOYNA-N,-8.199
PPARG,m01,mut_s1,detail,1,226,DTVVSEVQQLRJMR-ZIFUYXECNA-N,-8.392
PPARG,m01,mut_s1,detail,1,227,MUDPTEIPVZCOGV-UHFFFAOYNA-N,-9.574
PPARG,m01,mut_s1,detail,1,228,IFHBUYGFCSEHIF-OKPOJWAQNA-N,-9.053
PPARG,m01,mut_s1,detail,1,229,CRKWKHJABOJVAY-SKKVRFOWNA-N,-8.468
PPARG,m01,mut_s1,detail,1,230,DXEPONXIBPHOTN-ZJLLOKRPNA-N,-8.77
PPARG,m01,mut_s1,detail,1,231,ULXBTCAXCQWKDE-UHFFFAOYNA-N,-9.963
PPARG,m01,mut_s1,detail,1,232,WJHXPQKEBQOSHE-HXTKINSTNA-N,-9.263
PPARG,m01,mut_s1,detail,1,233,KRFOOEYNOKIXRO-PKRZOPRNNA-N,-9.882
PPARG,m01,mut_s1,detail,1,234,BQPRGAIDSWVYAW-LELJVTLKNA-N,-9.084
PPARG,m01,mut_s1,detail,1,235,YRMKMEPMFOFXGH-LELJVTLKNA-N,-8.763
PPARG,m01,mut_s1,detail,1,236,OOPGLCWBUZVAMU-CSODHUTKNA-N,-6.081
PPARG,m01,mut_s1,detail,1,237,ABMSGZYILANGCA-HXTKINSTNA-N,-9.25
PPARG,m01,mut_s1,detail,1,238,PTAKEHSCNRJTCJ-UHFFFAOYNA-N,-7.933
PPARG,m01,mut_s1,detail,1,239,HOXYGIWZMBSLPN-TWPXYFCBNA-N,-8.727
PPARG,m01,mut_s1,detail,1,240,XKHSVUSPZVNCOT-VWSSANQENA-N,-7.637
PPARG,m01,mut_s1,detail,1,241,XONRVXOEJMEUIV-UHFFFAOYNA-N,-9.314
PPARG,m01,mut_s1,detail,1,242,RJVLVZUXYHWKDL-KIKCKTDGNA-N,-8.182
PPARG,m01,mut_s1,detail,1,243,QFJGVFMADWIIMK-BDGWVKIONA-N,-8.99
PPARG,m01,mut_s1,detail,1,244,SCZNNLLAHVLZMK-HXTKINSTNA-N,-9.045
PPARG,m01,mut_s1,detail,1,245,OBFAALRUGGJRGU-PKRZOPRNNA-N,-6.955
PPARG,m01,mut_s1,detail,1,246,PBDIAJYRAMOINO-WFOUAHBYNA-N,-8.46
PPARG,m01,mut_s1,detail,1,247,NAMSGSSCIKIOGU-UHFFFAOYNA-N,-9.95
PPARG,m01,mut_s1,detail,1,248,GJTMJMUIFFQIQN-BQVZJPQVNA-N,-8.982
PPARG,m01,mut_s1,detail,1,249,FHHOEGKZVIYWLM-PKRZOPRNNA-N,-8.713
PPARG,m01,mut_s1,detail,1,250,LWSUSTXYIGVJTM-DDTQQWOSNA-N,-9.29
PPARG,m01,mut_s1,detail,1,251,VAXBUDASTPYURF-YIOWICSRNA-N,-9.179
PPARG,m01,mut_s1,detail,1,252,JHBVXZXFCJIAJZ-CUCLJGHLNA-N,-10.626
PPARG,m01,mut_s1,detail,1,253,XASICACCYVTJDX-UHFFFAOYNA-N,-9.909
PPARG,m01,mut_s1,detail,1,254,FRWAWZNXORYJGK-UHFFFAOYNA-N,-9.643
PPARG,m01,mut_s1,detail,1,255,YVEPCRMWSAAWMS-BHOFNQNONA-N,-10.072
PPARG,m02,mut_s1,detail,1,0,OLBYFEGTUWWPTR-FYWRMAATNA-N,-7.566
PPARG,m02,mut_s1,detail,1,1,SPGYFZIJBSMMEN-UHFFFAOYNA-N,-7.745
PPARG,m02,mut_s1,detail,1,2,DKKGRNTXCNVFPV-DZQCGVKKNA-N,-8.056
PPARG,m02,mut_s1,detail,1,3,KCOKHEIACSQLBQ-PCLSHUPZNA-N,-7.109
PPARG,m02,mut_s1,detail,1,4,XXMDURVCJMZNFC-UHFFFAOYNA-N,-8.039
PPARG,m02,mut_s1,detail,1,5,XNGWBIOXTHPDBE-UHFFFAOYNA-N,-6.882
PPARG,m02,mut_s1,detail,1,6,FMLKTYPTZQDWCZ-WYUMXYHSNA-N,-7.036
PPARG,m02,mut_s1,detail,1,7,BQCYOKUETBHDKF-UHFFFAOYNA-N,-7.932
PPARG,m02,mut_s1,detail,1,8,VAPRSYGEPKZLNA-UHFFFAOYNA-N,-6.502
PPARG,m02,mut_s1,detail,1,9,FJWTZYYUIYSFDV-NDKGDYFDNA-N,-6.039
PPARG,m02,mut_s1,detail,1,10,JSIXJSFAHZREEV-YHMJCDSINA-N,-7.36
PPARG,m02,mut_s1,detail,1,11,BGSXHNNWYPKQIQ-VEWCPZSHNA-N,-7.706
PPARG,m02,mut_s1,detail,1,12,ANJUUMLKPZLRGR-GPQMBLKYNA-N,-7.681
PPARG,m02,mut_s1,detail,1,13,WVDDMJTWFGHTGZ-VMPITWQZNA-N,-6.749
PPARG,m02,mut_s1,detail,1,14,OSFGHYZLBDAJTP-LILDFLRNNA-N,-8.677
PPARG,m02,mut_s1,detail,1,15,TZSPGMKSRHWUBZ-UHFFFAOYNA-N,-8.002
PPARG,m02,mut_s1,detail,1,16,RJNMLHBOHSQLDU-UHFFFAOYNA-N,-6.658
PPARG,m02,mut_s1,detail,1,17,HPGOEMWDBCJDOY-LILDFLRNNA-N,-7.578
PPARG,m02,mut_s1,detail,1,18,ANIAQSUBRGXWLS-UHFFFAOYNA-N,-6.202
PPARG,m02,mut_s1,detail,1,19,XHPTXSLPPJQCFM-UOUMIGKDNA-N,-7.62
PPARG,m02,mut_s1,detail,1,20,OYUMERJRBPSDQK-UHFFFAOYNA-N,-7.698
PPARG,m02,mut_s1,detail,1,21,RHCPJGMOPIMKFS-UHFFFAOYNA-N,-7.039
PPARG,m02,mut_s1,detail,1,22,GQCRCQLETCLZLO-NDKGDYFDNA-N,-6.493
PPARG,m02,mut_s1,detail,1,23,HDTRJGVVKZGWQZ-UHFFFAOYNA-N,-7.731
PPARG,m02,mut_s1,detail,1,24,PODSUWFXVDWCHZ-YAQRNVERNA-N,-7.86
PPARG,m02,mut_s1,detail,1,25,XOQICXJZZWXQDG-SDNWHVSQNA-N,-7.456
PPARG,m02,mut_s1,detail,1,26,LRQZMRHGRBHVRW-BLHHFWFONA-N,-6.846
PPARG,m02,mut_s1,detail,1,27,INRDHPFHGNGCCW-UHFFFAOYNA-N,-8.046
PPARG,m02,mut_s1,detail,1,28,WIRZCAWOMABORR-HCKMINDGNA-N,-7.504
PPARG,m02,mut_s1,detail,1,29,ISHXVBNQBLMUMA-XAASJSMPNA-N,-8.389
PPARG,m02,mut_s1,detail,1,30,ZVAZVKMDCRYPAQ-UHFFFAOYNA-N,-6.223
PPARG,m02,mut_s1,detail,1,31,OJGDCBLYJGHCIH-UHFFFAOYNA-N,-7.406
PPARG,m02,mut_s1,detail,1,32,HUJQOHMOYGRIRS-WYCIUFAENA-N,-7.29
PPARG,m02,mut_s1,detail,1,33,IXOFYFZRTXYNDM-HCKMINDGNA-N,-7.731
PPARG,m02,mut_s1,detail,1,34,RBMMHDHXQQMEMH-UHFFFAOYNA-N,-7.572
PPARG,m02,mut_s1,detail,1,35,CFFGWJLHGOSOHF-AHPDCHJINA-N,-6.331
PPARG,m02,mut_s1,detail,1,36,FFPAFAKDJLEUSC-YHMJCDSINA-N,-6.18
PPARG,m02,mut_s1,detail,1,37,ULEATUCPMCKRAM-IRXDYDNUNA-N,-7.615
PPARG,m02,mut_s1,detail,1,38,SUSPKFCOAROGEI-UHFFFAOYNA-N,-6.533
PPARG,m02,mut_s1,detail,1,39,ILOLPXFRSGURQA-HCKMINDGNA-N,-7.505
PPARG,m02,mut_s1,detail,1,40,LAHNGPIIMDWGRL-UHFFFAOYNA-N,-8.409
PPARG,m02,mut_s1,detail,1,41,PONNWXFCUBXOFS-UHFFFAOYNA-N,-7.207
PPARG,m02,mut_s1,detail,1,42,NGPUMDFMDVHJTF-XMHGGMMENA-N,-7.895
PPARG,m02,mut_s1,detail,1,43,GKVFCYBLNULLCL-YGPBECBDNA-N,-6.82
PPARG,m02,mut_s1,detail,1,44,FZPYMNOBFYWKFC-UHFFFAOYNA-N,-7.05
PPARG,m02,mut_s1,detail,1,45,CPJICALSLDLRJP-LILDFLRNNA-N,-7.984
PPARG,m02,mut_s1,detail,1,46,RAVBBDYGFXMBKB-GAJRPKRDNA-N,-7.209
PPARG,m02,mut_s1,detail,1,47,NCUWRDDNNJFMAS-UHFFFAOYNA-N,-7.787
PPARG,m02,mut_s1,detail,1,48,VDNBWTVXZDOUIG-PKSOQXRJNA-N,-7.667
PPARG,m02,mut_s1,detail,1,49,WYMKISIWQJPKOC-UHFFFAOYNA-N,-7.455
PPARG,m02,mut_s1,detail,1,50,VTCXXKFOLLSYCU-UHFFFAOYNA-N,-6.654
PPARG,m02,mut_s1,detail,1,51,BSLAOCJVMOGUKX-VHOFBASHNA-N,-7.492
PPARG,m02,mut_s1,detail,1,52,RZUVVWWNGGXUBI-GPQMBLKYNA-N,-8.726
PPARG,m02,mut_s1,detail,1,53,YLYYXIMYACYRSP-UYBDAZJANA-N,-6.748
PPARG,m02,mut_s1,detail,1,54,PHRXHZRDJNSXDF-QHCBTKRXNA-N,-8.285
PPARG,m02,mut_s1,detail,1,55,ABQUFQQMQCPHOH-NCWAPJAINA-N,-7.86
PPARG,m02,mut_s1,detail,1,56,FKIFGIZHFPIJND-GQAOMWGXNA-N,-6.808
PPARG,m02,mut_s1,detail,1,57,NHZFGROUVFTJAK-WYUMXYHSNA-N,-7.875
PPARG,m02,mut_s1,detail,1,58,RTJPLJJBIWFNSZ-UHFFFAOYNA-N,-7.667
PPARG,m02,mut_s1,detail,1,59,ZJRUXQBLSMYTIS-DXMPFREMNA-N,-7.325
PPARG,m02,mut_s1,detail,1,60,UYVIFQIPPPRZJF-QWOVJGMINA-N,-8.248
PPARG,m02,mut_s1,detail,1,61,WYTBYQZYJIGCBO-LILDFLRNNA-N,-7.834
PPARG,m02,mut_s1,detail,1,62,KKWWDIPRICACPS-GPQMBLKYNA-N,-7.667
PPARG,m02,mut_s1,detail,1,63,NZRHOWNFGASHMN-ZHLVXTBQNA-N,-7.479
PPARG,m02,mut_s1,detail,1,64,MGSGKNKREAYFRZ-UHFFFAOYNA-N,-9.482
PPARG,m02,mut_s1,detail,1,65,QTIJDOJTNOHQTC-WQGACYEGNA-N,-6.502
PPARG,m02,mut_s1,detail,1,66,ZHRVXEKEOMUAJO-PKSOQXRJNA-N,-8.958
PPARG,m02,mut_s1,detail,1,67,AJEULKUYXOLHDN-DVIAZDKANA-N,-8.886
PPARG,m02,mut_s1,detail,1,68,MGNZRUQLGFVWLY-UHFFFAOYNA-N,-8.158
PPARG,m02,mut_s1,detail,1,69,OHIMIXUWTWBDBR-UHFFFAOYNA-N,-7.861
PPARG,m02,mut_s1,detail,1,70,RFEGKAVABNLRHW-WYUMXYHSNA-N,-8.531
PPARG,m02,mut_s1,detail,1,71,OVDZZJAUKDINIY-SGTLLEGYNA-N,-8.134
PPARG,m02,mut_s1,detail,1,72,FIGONFGVGMSPID-MPIMZMORNA-N,-8.76
PPARG,m02,mut_s1,detail,1,73,DSSHOSHLYKWNRQ-UHFFFAOYNA-N,-8.247
PPARG,m02,mut_s1,detail,1,74,PKDGFUYVUYOZFK-UHFFFAOYNA-N,-8.472
PPARG,m02,mut_s1,detail,1,75,FSDOAOAVZVMAGE-RRORKGOJNA-N,-7.886
PPARG,m02,mut_s1,detail,1,76,SKYAUASQUBDEOI-LHJMZCQGNA-N,-7.225
PPARG,m02,mut_s1,detail,1,77,RRRYPJNSMOUEOE-XBTAAFKLNA-N,-8.742
PPARG,m02,mut_s1,detail,1,78,LNQOCSSUUUJFLY-BNKWAMQHNA-N,-9.316
PPARG,m02,mut_s1,detail,1,79,IQVUWJZWHCFIBG-UYBDAZJANA-N,-6.866
PPARG,m02,mut_s1,detail,1,80,FECVWTWBRSSNCK-XBTAAFKLNA-N,-9.168
PPARG,m02,mut_s1,detail,1,81,USDYHKNHMGVDHS-UYBDAZJANA-N,-7.377
PPARG,m02,mut_s1,detail,1,82,ZVJAHPKIYVGDHR-ILXRZTDVNA-N,-6.943
PPARG,m02,mut_s1,detail,1,83,AGWWZCICEUHAPF-UHFFFAOYNA-N,-8.864
PPARG,m02,mut_s1,detail,1,84,SIFYPHRKPXWEFL-UHFFFAOYNA-N,-8.15
PPARG,m02,mut_s1,detail,1,85,CCBDIYWTNHRYSF-GPQMBLKYNA-N,-8.244
PPARG,m02,mut_s1,detail,1,86,QZJYCFURESLRJX-UHFFFAOYNA-N,-8.145
PPARG,m02,mut_s1,detail,1,87,KDGSVHGIVBVYFE-SIKSZQSZNA-N,-8.188
PPARG,m02,mut_s1,detail,1,88,KAVCMDDCFVWLGH-DCYBUDGMNA-N,-9.311
PPARG,m02,mut_s1,detail,1,89,QTJDEJXKPAATAY-LILDFLRNNA-N,-8.919
PPARG,m02,mut_s1,detail,1,90,DCCNEGBQLUHRSI-UHFFFAOYNA-N,-6.333
PPARG,m02,mut_s1,detail,1,91,VUCQKRJVSPHODJ-UHFFFAOYNA-N,-8.403
PPARG,m02,mut_s1,detail,1,92,XCNTYAMCOLKFEW-UHFFFAOYNA-N,-6.683
PPARG,m02,mut_s1,detail,1,93,MLPVFRGFZVZNOZ-ODUIGABRNA-N,-7.878
PPARG,m02,mut_s1,detail,1,94,JXNGVLIPVYLXLZ-PKSOQXRJNA-N,-7.831
PPARG,m02,mut_s1,detail,1,95,GWICPGWJQQUMKG-UHFFFAOYNA-N,-7.968
PPARG,m02,mut_s1,detail,1,96,LEDHQUJDAQVDJK-UHFFFAOYNA-N,-9.03
PPARG,m02,mut_s1,detail,1,97,BJKUVAVJXSIUGS-UYBDAZJANA-N,-7.212
PPARG,m02,mut_s1,detail,1,98,QXIDHQKQNQWYQW-ORVKFNBTNA-N,-9.24
PPARG,m02,mut_s1,detail,1,99,VXNGWYZIFXWTDN-PKSOQXRJNA-N,-8.016
PPARG,m02,mut_s1,detail,1,100,UBFYNRRQFOKQOE-QWOVJGMINA-N,-7.484
PPARG,m02,mut_s1,detail,1,101,PKPIHOLUWUTPLW-GKKCOONHNA-N,-8.783
PPARG,m02,mut_s1,detail,1,102,CNYQZGODPRSIFM-LILDFLRNNA-N,-7.585
PPARG,m02,mut_s1,detail,1,103,OGPHEDOMLIUGFJ-UYBDAZJANA-N,-8.908
PPARG,m02,mut_s1,detail,1,104,FHOIWEHXSFDGEX-MPIMZMORNA-N,-8.98
PPARG,m02,mut_s1,detail,1,105,QOIGKGMMAGJZNZ-UHFFFAOYNA-N,-8.577
PPARG,m02,mut_s1,detail,1,106,DJJKBSKVSXPDMW-XFDRBGHPNA-N,-8.604
PPARG,m02,mut_s1,detail,1,107,MQVHNCCMPYINIB-GPQMBLKYNA-N,-8.268
PPARG,m02,mut_s1,detail,1,108,QJBDKSNVJPPLMZ-UYBDAZJANA-N,-8.676
PPARG,m02,mut_s1,detail,1,109,NEOVEBXUPVDKIZ-PDJAEHLQNA-N,-8.947
PPARG,m02,mut_s1,detail,1,110,UBMHUOWYROYDAE-MPIMZMORNA-N,-7.998
PPARG,m02,mut_s1,detail,1,111,NCOQSZVFPAPDPY-MPIMZMORNA-N,-9.068
PPARG,m02,mut_s1,detail,1,112,IWKDSKQEBMNILM-SFHVURJKNA-N,-7.32
PPARG,m02,mut_s1,detail,1,113,FYHIZSWDWJOYBD-UHFFFAOYNA-N,-7.218
PPARG,m02,mut_s1,detail,1,114,CODIBUDSZRMNBU-VVKINWOJNA-N,-8.399
PPARG,m02,mut_s1,detail,1,115,FSBYPVHAUHIHDK-HYTOZLCFNA-N,-8.364
PPARG,m02,mut_s1,detail,1,116,IBLBSVRDXNEHCF-UYBDAZJANA-N,-8.818
PPARG,m02,mut_s1,detail,1,117,YIVFLWLUPIAQNG-MPIMZMORNA-N,-8.826
PPARG,m02,mut_s1,detail,1,118,OKBASBXKPLMJNO-PKSOQXRJNA-N,-8.215
PPARG,m02,mut_s1,detail,1,119,CKUZXDONSHPFEU-UHFFFAOYNA-N,-8.049
PPARG,m02,mut_s1,detail,1,120,FZVOSFJDUXXRFB-LQFNOIFHNA-N,-9.12
PPARG,m02,mut_s1,detail,1,121,ATWQGOUWTPWHOB-MPIMZMORNA-N,-9.434
PPARG,m02,mut_s1,detail,1,122,SWTXEVDFRXLPBO-LILDFLRNNA-N,-7.967
PPARG,m02,mut_s1,detail,1,123,XKKZGDBDLSLGEV-UHFFFAOYNA-N,-8.073
PPARG,m02,mut_s1,detail,1,124,YOIVLKBZTXOSAW-UHFFFAOYNA-N,-7.373
PPARG,m02,mut_s1,detail,1,125,MTNDVCNEIIJXQO-LILDFLRNNA-N,-7.711
PPARG,m02,mut_s1,detail,1,126,VRVOWSSSYICXBN-UHFFFAOYNA-N,-7.834
PPARG,m02,mut_s1,detail,1,127,YWMOOGZLZREJIF-LILDFLRNNA-N,-6.199
PPARG,m02,mut_s1,detail,1,128,GBDSDSSPYNQXEN-LQFNOIFHNA-N,-9.405
PPARG,m02,mut_s1,detail,1,129,WEGCLMSBIIWPKX-HXTKINSTNA-N,-9.184
PPARG,m02,mut_s1,detail,1,130,KWIMDTZYIABOPE-XBXBPLPCNA-N,-9.188
PPARG,m02,mut_s1,detail,1,131,PTYKTEYVZUVZBD-LQFNOIFHNA-N,-9.607
PPARG,m02,mut_s1,detail,1,132,IDUARCWXOZVBJC-UHFFFAOYNA-N,-8.293
PPARG,m02,mut_s1,detail,1,133,SVHQAQMZYYTKBZ-QIFDKBNDNA-N,-6.789
PPARG,m02,mut_s1,detail,1,134,OKUWPICMSLXCLZ-ZBJSNUHENA-N,-7.624
PPARG,m02,mut_s1,detail,1,135,BGESRTVIDMTTHW-MPIMZMORNA-N,-8.824
PPARG,m02,mut_s1,detail,1,136,RDLHVRFBBSKBMX-UHFFFAOYNA-N,-7.861
PPARG,m02,mut_s1,detail,1,137,UHKNPVYNTQTWBT-LELJVTLKNA-N,-8.414
PPARG,m02,mut_s1,detail,1,138,LKOQAWXJCPYWSX-SMCUVTTANA-N,-9.138
PPARG,m02,mut_s1,detail,1,139,RGTZPMQQOVPWHT-UHFFFAOYNA-N,-8.882
PPARG,m02,mut_s1,detail,1,140,MPGXBEHIWDZYTG-JRAHLMCZNA-N,-7.995
PPARG,m02,mut_s1,detail,1,141,YSGONLQAXXDANF-HXTKINSTNA-N,-9.475
PPARG,m02,mut_s1,detail,1,142,ILADCPXUSGZMCO-LNNLXFCONA-N,-8.853
PPARG,m02,mut_s1,detail,1,143,WHISBCGJLLBHTQ-LELJVTLKNA-N,-7.877
PPARG,m02,mut_s1,detail,1,144,FQUQVJCZFGUICL-PZJWPPBQNA-N,-8.096
PPARG,m02,mut_s1,detail,1,145,PVZFRDICDBVJBC-MPIMZMORNA-N,-8.496
PPARG,m02,mut_s1,detail,1,146,WUQZEVWHZRAQLY-UHFFFAOYNA-N,-8.839
PPARG,m02,mut_s1,detail,1,147,PDYDBFOSJUATJC-LELJVTLKNA-N,-9.484
PPARG,m02,mut_s1,detail,1,148,XFTGZOIRMLTALR-UHFFFAOYNA-N,-9.685
PPARG,m02,mut_s1,detail,1,149,CPWFSRVCXOETRU-XYFPIJJGNA-N,-8.961
PPARG,m02,mut_s1,detail,1,150,SAFXYJWXQPZDKB-ZNVTXRBFNA-N,-9.191
PPARG,m02,mut_s1,detail,1,151,SWLAVROBGRTKAO-LQFNOIFHNA-N,-10.129
PPARG,m02,mut_s1,detail,1,152,OJFUHLOGAMKMDM-UHFFFAOYNA-N,-8.717
PPARG,m02,mut_s1,detail,1,153,YPDNVRDMMKZNIG-PJXJJTHHNA-N,-8.205
PPARG,m02,mut_s1,detail,1,154,LPYDZAPPGTYNGQ-UHFFFAOYNA-N,-9.726
PPARG,m02,mut_s1,detail,1,155,CXIGBATZIXWVIX-HXTKINSTNA-N,-9.316
PPARG,m02,mut_s1,detail,1,156,RXPVTNMMNZNKSW-LNNLXFCONA-N,-9.816
PPARG,m02,mut_s1,detail,1,157,YYDGAWIITBZHPX-UHFFFAOYNA-N,-8.689
PPARG,m02,mut_s1,detail,1,158,CHUNHRFIWQZFCI-UHFFFAOYNA-N,-9.61
PPARG,m02,mut_s1,detail,1,159,JDUBGYFRJFOXQC-YCIVUMDCNA-N,-7.831
PPARG,m02,mut_s1,detail,1,160,MMXCRHIOXQKQPT-LQFNOIFHNA-N,-9.129
PPARG,m02,mut_s1,detail,1,161,VBENHRFIEOLOJJ-JKZKCNJSNA-N,-8.112
PPARG,m02,mut_s1,detail,1,162,VPTBWCCSBQRUTD-UHFFFAOYNA-N,-8.524
PPARG,m02,mut_s1,detail,1,163,WOWAHNXJUPSVDR-LNNLXFCONA-N,-10.507
PPARG,m02,mut_s1,detail,1,164,WRLLXWRAXRGFBQ-GFQURNRHNA-N,-8.252
PPARG,m02,mut_s1,detail,1,165,QUUJCYCJKQGYDU-UHFFFAOYNA-N,-6.276
PPARG,m02,mut_s1,detail,1,166,LWILODJXIVFMKQ-LNNLXFCONA-N,-9.714
PPARG,m02,mut_s1,detail,1,167,PVBTXZKRTQKXBX-MRSUPTMINA-N,-9.987
PPARG,m02,mut_s1,detail,1,168,OWYLOIDRWNJCEP-HXUWFJFHNA-N,-8.262
PPARG,m02,mut_s1,detail,1,169,JOZFRLZUNYNYED-PJQSKVNONA-N,-8.806
PPARG,m02,mut_s1,detail,1,170,HMQKHGHCACYDGB-UHFFFAOYNA-N,-8.607
PPARG,m02,mut_s1,detail,1,171,SCHAXPQHOGRLLW-MPIMZMORNA-N,-8.407
PPARG,m02,mut_s1,detail,1,172,YNGDNNRFKXZELP-BDGWVKIONA-N,-8.579
PPARG,m02,mut_s1,detail,1,173,XETTWDXILVAWCB-UHFFFAOYNA-N,-7.449
PPARG,m02,mut_s1,detail,1,174,XXKBFOAMRLTPJL-UHFFFAOYNA-N,-7.713
PPARG,m02,mut_s1,detail,1,175,TXOXXECOMBAZKB-ZVNAXFNBNA-N,-8.379
PPARG,m02,mut_s1,detail,1,176,KUFKSMPOXHUGOB-QWOVJGMINA-N,-7.87
PPARG,m02,mut_s1,detail,1,177,SEHKNXHOUKJSIO-LNNLXFCONA-N,-9.74
PPARG,m02,mut_s1,detail,1,178,GMMNPCWBYMCYDQ-MPIMZMORNA-N,-9.351
PPARG,m02,mut_s1,detail,1,179,KEGZEHANNYRNOK-UHFFFAOYNA-N,-8.681
PPARG,m02,mut_s1,detail,1,180,GBJZQLYNRDBGTL-UHFFFAOYNA-N,-8.504
PPARG,m02,mut_s1,detail,1,181,UMFUNPLMLVDNME-INIZCTEONA-N,-8.729
PPARG,m02,mut_s1,detail,1,182,VPYOVNHGFLPMHX-ORVKFNBTNA-N,-8.137
PPARG,m02,mut_s1,detail,1,183,OQXGEGPDPXAQRC-UHFFFAOYNA-N,-7.472
PPARG,m02,mut_s1,detail,1,184,ZWOHSJYESLDLLT-AXIOFXGANA-N,-8.503
PPARG,m02,mut_s1,detail,1,185,NLUWXHFWWSAGMP-LNNLXFCONA-N,-8.736
PPARG,m02,mut_s1,detail,1,186,NBQDTLQFRAMAMQ-PDJAEHLQNA-N,-9.743
PPARG,m02,mut_s1,detail,1,187,VKYYUIDNHOUPGY-MPIMZMORNA-N,-8.659
PPARG,m02,mut_s1,detail,1,188,JHAMDJLHPSYECA-HXTKINSTNA-N,-8.794
PPARG,m02,mut_s1,detail,1,189,YUXCKESVZUAENN-LQFNOIFHNA-N,-8.492
PPARG,m02,mut_s1,detail,1,190,VOADUCNXWYAILJ-BOSVZZMWNA-N,-10.498
PPARG,m02,mut_s1,detail,1,191,YOCNRNBEVZABNA-AVGNRJKVNA-O,-8.305
PPARG,m02,mut_s1,detail,1,192,QGPIYZBUSYLXQT-UHFFFAOYNA-N,-9.654
PPARG,m02,mut_s1,detail,1,193,ALIRNZFSPVRFPC-QDIHOGQBNA-N,-9.916
PPARG,m02,mut_s1,detail,1,194,ZVFXYTPNPFXBNK-LELJVTLKNA-N,-7.794
PPARG,m02,mut_s1,detail,1,195,VYHWCJWNQFIBGN-CRFSQNOJNA-N,-8.874
PPARG,m02,mut_s1,detail,1,196,OGTQHYNUUOXINS-BKWRVFRZNA-N,-7.912
PPARG,m02,mut_s1,detail,1,197,UVYVJQFOXZDFLB-QDIHOGQBNA-N,-9.467
PPARG,m02,mut_s1,detail,1,198,OKBCXQJLCMYJOC-UHFFFAOYNA-N,-8.934
PPARG,m02,mut_s1,detail,1,199,UNUQJGDVJMRMAL-LBOYIXSDNA-N,-9.674
PPARG,m02,mut_s1,detail,1,200,AYOFFOZNXNLQIO-UHFFFAOYNA-N,-7.727
PPARG,m02,mut_s1,detail,1,201,XSCHYHFIQNFPFK-VJSLDGLSNA-N,-7.234
PPARG,m02,mut_s1,detail,1,202,JTLSDSKNFBJVAB-CAXFFFRFNA-N,-8.265
PPARG,m02,mut_s1,detail,1,203,DTRCHIYQUYRTQL-ARSKLOKFNA-N,-7.881
PPARG,m02,mut_s1,detail,1,204,HHCWBKAHPBAUDS-LBOYIXSDNA-N,-9.111
PPARG,m02,mut_s1,detail,1,205,SQFXMWLUFDMDIG-LBOYIXSDNA-N,-8.763
PPARG,m02,mut_s1,detail,1,206,DAAUKUQYGMNNAH-ZUKIQNPFNA-N,-10.601
PPARG,m02,mut_s1,detail,1,207,POLXUFYBMIRDEG-UHFFFAOYNA-N,-8.993
PPARG,m02,mut_s1,detail,1,208,HAQNCPOGRFKYNP-WNTKXCTINA-N,-9.389
PPARG,m02,mut_s1,detail,1,209,CQWFJACPUQVVQZ-UHFFFAOYNA-N,-8.333
PPARG,m02,mut_s1,detail,1,210,DPMMEOUVESBMSC-ZENAZSQFNA-N,-8.789
PPARG,m02,mut_s1,detail,1,211,SWRYMOBQOOSZGE-LFJJEMAGNA-N,-10.438
PPARG,m02,mut_s1,detail,1,212,VJTYYKXVGAQBPX-BGYRXZFFNA-N,-8.02
PPARG,m02,mut_s1,detail,1,213,BWCCBKUPFRNBAM-QBBGPZPNNA-N,-9.911
PPARG,m02,mut_s1,detail,1,214,LNHIEYLABBPNKJ-HXTKINSTNA-N,-9.697
PPARG,m02,mut_s1,detail,1,215,URPWVRUGSFROGL-IWCCUHEHNA-N,-8.577
PPARG,m02,mut_s1,detail,1,216,VVHGIVKRWDSJFH-HXTKINSTNA-N,-9.62
PPARG,m02,mut_s1,detail,1,217,SXHIZYRFWJFSEN-WUSLAWIHNA-N,-8.165
PPARG,m02,mut_s1,detail,1,218,CNHPXUMQURIPRN-UHFFFAOYNA-N,-10.907
PPARG,m02,mut_s1,detail,1,219,SGUIKZIYGVGMML-UHFFFAOYNA-N,-8.843
PPARG,m02,mut_s1,detail,1,220,DEVOTYUCWQFKBI-SREBMQDQNA-N,-10.226
PPARG,m02,mut_s1,detail,1,221,HGLIGFILENTPME-YQIREZNHNA-N,-10.319
PPARG,m02,mut_s1,detail,1,222,TYJWHVJYDSKQKB-UHFFFAOYNA-N,-8.109
PPARG,m02,mut_s1,detail,1,223,KOZFSFOOLUUIGY-NHZRFLDCNA-N,-8.723
PPARG,m02,mut_s1,detail,1,224,IVUDLYCHNURAOH-INNNKKOMNA-N,-6.967
PPARG,m02,mut_s1,detail,1,225,KDGUWZZCFXNBKJ-UHFFFAOYNA-N,-8.184
PPARG,m02,mut_s1,detail,1,226,DTVVSEVQQLRJMR-ZIFUYXECNA-N,-7.871
PPARG,m02,mut_s1,detail,1,227,MUDPTEIPVZCOGV-UHFFFAOYNA-N,-9.676
PPARG,m02,mut_s1,detail,1,228,IFHBUYGFCSEHIF-OKPOJWAQNA-N,-9.225
PPARG,m02,mut_s1,detail,1,229,CRKWKHJABOJVAY-SKKVRFOWNA-N,-8.437
PPARG,m02,mut_s1,detail,1,230,DXEPONXIBPHOTN-ZJLLOKRPNA-N,-8.46
PPARG,m02,mut_s1,detail,1,231,ULXBTCAXCQWKDE-UHFFFAOYNA-N,-10.006
PPARG,m02,mut_s1,detail,1,232,WJHXPQKEBQOSHE-HXTKINSTNA-N,-9.176
PPARG,m02,mut_s1,detail,1,233,KRFOOEYNOKIXRO-PKRZOPRNNA-N,-9.803
PPARG,m02,mut_s1,detail,1,234,BQPRGAIDSWVYAW-LELJVTLKNA-N,-9.077
PPARG,m02,mut_s1,detail,1,235,YRMKMEPMFOFXGH-LELJVTLKNA-N,-8.791
PPARG,m02,mut_s1,detail,1,236,OOPGLCWBUZVAMU-CSODHUTKNA-N,-7.714
PPARG,m02,mut_s1,detail,1,237,ABMSGZYILANGCA-HXTKINSTNA-N,-9.121
PPARG,m02,mut_s1,detail,1,238,PTAKEHSCNRJTCJ-UHFFFAOYNA-N,-8.561
PPARG,m02,mut_s1,detail,1,239,HOXYGIWZMBSLPN-TWPXYFCBNA-N,-8.211
PPARG,m02,mut_s1,detail,1,240,XKHSVUSPZVNCOT-VWSSANQENA-N,-7.047
PPARG,m02,mut_s1,detail,1,241,XONRVXOEJMEUIV-UHFFFAOYNA-N,-9.451
PPARG,m02,mut_s1,detail,1,242,RJVLVZUXYHWKDL-KIKCKTDGNA-N,-8.15
PPARG,m02,mut_s1,detail,1,243,QFJGVFMADWIIMK-BDGWVKIONA-N,-8.758
PPARG,m02,mut_s1,detail,1,244,SCZNNLLAHVLZMK-HXTKINSTNA-N,-8.918
PPARG,m02,mut_s1,detail,1,245,OBFAALRUGGJRGU-PKRZOPRNNA-N,-7.34
PPARG,m02,mut_s1,detail,1,246,PBDIAJYRAMOINO-WFOUAHBYNA-N,-8.629
PPARG,m02,mut_s1,detail,1,247,NAMSGSSCIKIOGU-UHFFFAOYNA-N,-9.257
PPARG,m02,mut_s1,detail,1,248,GJTMJMUIFFQIQN-BQVZJPQVNA-N,-8.526
PPARG,m02,mut_s1,detail,1,249,FHHOEGKZVIYWLM-PKRZOPRNNA-N,-8.281
PPARG,m02,mut_s1,detail,1,250,LWSUSTXYIGVJTM-DDTQQWOSNA-N,-9.275
PPARG,m02,mut_s1,detail,1,251,VAXBUDASTPYURF-YIOWICSRNA-N,-9.769
PPARG,m02,mut_s1,detail,1,252,JHBVXZXFCJIAJZ-CUCLJGHLNA-N,-10.629
PPARG,m02,mut_s1,detail,1,253,XASICACCYVTJDX-UHFFFAOYNA-N,-8.501
PPARG,m02,mut_s1,detail,1,254,FRWAWZNXORYJGK-UHFFFAOYNA-N,-10.107
PPARG,m02,mut_s1,detail,1,255,YVEPCRMWSAAWMS-BHOFNQNONA-N,-10.313
PPARG,m03,mut_s1,detail,1,0,OLBYFEGTUWWPTR-FYWRMAATNA-N,-7.2
PPARG,m03,mut_s1,detail,1,1,SPGYFZIJBSMMEN-UHFFFAOYNA-N,-7.498
PPARG,m03,mut_s1,detail,1,2,DKKGRNTXCNVFPV-DZQCGVKKNA-N,-7.995
PPARG,m03,mut_s1,detail,1,3,KCOKHEIACSQLBQ-PCLSHUPZNA-N,-7.502
PPARG,m03,mut_s1,detail,1,4,XXMDURVCJMZNFC-UHFFFAOYNA-N,-8.25
PPARG,m03,mut_s1,detail,1,5,XNGWBIOXTHPDBE-UHFFFAOYNA-N,-6.515
PPARG,m03,mut_s1,detail,1,6,FMLKTYPTZQDWCZ-WYUMXYHSNA-N,-7.81
PPARG,m03,mut_s1,detail,1,7,BQCYOKUETBHDKF-UHFFFAOYNA-N,-8.322
PPARG,m03,mut_s1,detail,1,8,VAPRSYGEPKZLNA-UHFFFAOYNA-N,-6.79
PPARG,m03,mut_s1,detail,1,9,FJWTZYYUIYSFDV-NDKGDYFDNA-N,-5.813
PPARG,m03,mut_s1,detail,1,10,JSIXJSFAHZREEV-YHMJCDSINA-N,-6.66
PPARG,m03,mut_s1,detail,1,11,BGSXHNNWYPKQIQ-VEWCPZSHNA-N,-8.482
PPARG,m03,mut_s1,detail,1,12,ANJUUMLKPZLRGR-GPQMBLKYNA-N,-7.112
PPARG,m03,mut_s1,detail,1,13,WVDDMJTWFGHTGZ-VMPITWQZNA-N,-6.987
PPARG,m03,mut_s1,detail,1,14,OSFGHYZLBDAJTP-LILDFLRNNA-N,-8.977
PPARG,m03,mut_s1,detail,1,15,TZSPGMKSRHWUBZ-UHFFFAOYNA-N,-8.081
PPARG,m03,mut_s1,detail,1,16,RJNMLHBOHSQLDU-UHFFFAOYNA-N,-6.914
PPARG,m03,mut_s1,detail,1,17,HPGOEMWDBCJDOY-LILDFLRNNA-N,-7.608
PPARG,m03,mut_s1,detail,1,18,ANIAQSUBRGXWLS-UHFFFAOYNA-N,-5.396
PPARG,m03,mut_s1,detail,1,19,XHPTXSLPPJQCFM-UOUMIGKDNA-N,-7.704
PPARG,m03,mut_s1,detail,1,20,OYUMERJRBPSDQK-UHFFFAOYNA-N,-7.886
PPARG,m03,mut_s1,detail,1,21,RHCPJGMOPIMKFS-UHFFFAOYNA-N,-6.795
PPARG,m03,mut_s1,detail,1,22,GQCRCQLETCLZLO-NDKGDYFDNA-N,-6.415
PPARG,m03,mut_s1,detail,1,23,HDTRJGVVKZGWQZ-UHFFFAOYNA-N,-7.573
PPARG,m03,mut_s1,detail,1,24,PODSUWFXVDWCHZ-YAQRNVERNA-N,-7.892
PPARG,m03,mut_s1,detail,1,25,XOQICXJZZWXQDG-SDNWHVSQNA-N,-7.703
PPARG,m03,mut_s1,detail,1,26,LRQZMRHGRBHVRW-BLHHFWFONA-N,-6.653
PPARG,m03,mut_s1,detail,1,27,INRDHPFHGNGCCW-UHFFFAOYNA-N,-7.832
PPARG,m03,mut_s1,detail,1,28,WIRZCAWOMABORR-HCKMINDGNA-N,-7.658
PPARG,m03,mut_s1,detail,1,29,ISHXVBNQBLMUMA-XAASJSMPNA-N,-8.339
PPARG,m03,mut_s1,detail,1,30,ZVAZVKMDCRYPAQ-UHFFFAOYNA-N,-6.064
PPARG,m03,mut_s1,detail,1,31,OJGDCBLYJGHCIH-UHFFFAOYNA-N,-6.685
PPARG,m03,mut_s1,detail,1,32,HUJQOHMOYGRIRS-WYCIUFAENA-N,-7.232
PPARG,m03,mut_s1,detail,1,33,IXOFYFZRTXYNDM-HCKMINDGNA-N,-8.201
PPARG,m03,mut_s1,detail,1,34,RBMMHDHXQQMEMH-UHFFFAOYNA-N,-7.518
PPARG,m03,mut_s1,detail,1,35,CFFGWJLHGOSOHF-AHPDCHJINA-N,-6.337
PPARG,m03,mut_s1,detail,1,36,FFPAFAKDJLEUSC-YHMJCDSINA-N,-6.608
PPARG,m03,mut_s1,detail,1,37,ULEATUCPMCKRAM-IRXDYDNUNA-N,-7.729
PPARG,m03,mut_s1,detail,1,38,SUSPKFCOAROGEI-UHFFFAOYNA-N,-5.83
PPARG,m03,mut_s1,detail,1,39,ILOLPXFRSGURQA-HCKMINDGNA-N,-7.719
PPARG,m03,mut_s1,detail,1,40,LAHNGPIIMDWGRL-UHFFFAOYNA-N,-8.209
PPARG,m03,mut_s1,detail,1,41,PONNWXFCUBXOFS-UHFFFAOYNA-N,-7.38
PPARG,m03,mut_s1,detail,1,42,NGPUMDFMDVHJTF-XMHGGMMENA-N,-7.143
PPARG,m03,mut_s1,detail,1,43,GKVFCYBLNULLCL-YGPBECBDNA-N,-6.793
PPARG,m03,mut_s1,detail,1,44,FZPYMNOBFYWKFC-UHFFFAOYNA-N,-6.971
PPARG,m03,mut_s1,detail,1,45,CPJICALSLDLRJP-LILDFLRNNA-N,-8.689
PPARG,m03,mut_s1,detail,1,46,RAVBBDYGFXMBKB-GAJRPKRDNA-N,-7.365
PPARG,m03,mut_s1,detail,1,47,NCUWRDDNNJFMAS-UHFFFAOYNA-N,-8.164
PPARG,m03,mut_s1,detail,1,48,VDNBWTVXZDOUIG-PKSOQXRJNA-N,-7.949
PPARG,m03,mut_s1,detail,1,49,WYMKISIWQJPKOC-UHFFFAOYNA-N,-7.53
PPARG,m03,mut_s1,detail,1,50,VTCXXKFOLLSYCU-UHFFFAOYNA-N,-7.656
PPARG,m03,mut_s1,detail,1,51,BSLAOCJVMOGUKX-VHOFBASHNA-N,-7.531
PPARG,m03,mut_s1,detail,1,52,RZUVVWWNGGXUBI-GPQMBLKYNA-N,-9.976
PPARG,m03,mut_s1,detail,1,53,YLYYXIMYACYRSP-UYBDAZJANA-N,-7.364
PPARG,m03,mut_s1,detail,1,54,PHRXHZRDJNSXDF-QHCBTKRXNA-N,-8.877
PPARG,m03,mut_s1,detail,1,55,ABQUFQQMQCPHOH-NCWAPJAINA-N,-7.421
PPARG,m03,mut_s1,detail,1,56,FKIFGIZHFPIJND-GQAOMWGXNA-N,-7.559
PPARG,m03,mut_s1,detail,1,57,NHZFGROUVFTJAK-WYUMXYHSNA-N,-7.798
PPARG,m03,mut_s1,detail,1,58,RTJPLJJBIWFNSZ-UHFFFAOYNA-N,-7.556
PPARG,m03,mut_s1,detail,1,59,ZJRUXQBLSMYTIS-DXMPFREMNA-N,-7.678
PPARG,m03,mut_s1,detail,1,60,UYVIFQIPPPRZJF-QWOVJGMINA-N,-8.51
PPARG,m03,mut_s1,detail,1,61,WYTBYQZYJIGCBO-LILDFLRNNA-N,-7.927
PPARG,m03,mut_s1,detail,1,62,KKWWDIPRICACPS-GPQMBLKYNA-N,-7.362
PPARG,m03,mut_s1,detail,1,63,NZRHOWNFGASHMN-ZHLVXTBQNA-N,-7.065
PPARG,m03,mut_s1,detail,1,64,MGSGKNKREAYFRZ-UHFFFAOYNA-N,-8.372
PPARG,m03,mut_s1,detail,1,65,QTIJDOJTNOHQTC-WQGACYEGNA-N,-6.668
PPARG,m03,mut_s1,detail,1,66,ZHRVXEKEOMUAJO-PKSOQXRJNA-N,-8.76
PPARG,m03,mut_s1,detail,1,67,AJEULKUYXOLHDN-DVIAZDKANA-N,-9.047
PPARG,m03,mut_s1,detail,1,68,MGNZRUQLGFVWLY-UHFFFAOYNA-N,-7.868
PPARG,m03,mut_s1,detail,1,69,OHIMIXUWTWBDBR-UHFFFAOYNA-N,-8.669
PPARG,m03,mut_s1,detail,1,70,RFEGKAVABNLRHW-WYUMXYHSNA-N,-8.665
PPARG,m03,mut_s1,detail,1,71,OVDZZJAUKDINIY-SGTLLEGYNA-N,-8.341
PPARG,m03,mut_s1,detail,1,72,FIGONFGVGMSPID-MPIMZMORNA-N,-8.756
PPARG,m03,mut_s1,detail,1,73,DSSHOSHLYKWNRQ-UHFFFAOYNA-N,-7.994
PPARG,m03,mut_s1,detail,1,74,PKDGFUYVUYOZFK-UHFFFAOYNA-N,-9.269
PPARG,m03,mut_s1,detail,1,75,FSDOAOAVZVMAGE-RRORKGOJNA-N,-7.645
PPARG,m03,mut_s1,detail,1,76,SKYAUASQUBDEOI-LHJMZCQGNA-N,-7.677
PPARG,m03,mut_s1,detail,1,77,RRRYPJNSMOUEOE-XBTAAFKLNA-N,-9.19
PPARG,m03,mut_s1,detail,1,78,LNQOCSSUUUJFLY-BNKWAMQHNA-N,-8.959
PPARG,m03,mut_s1,detail,1,79,IQVUWJZWHCFIBG-UYBDAZJANA-N,-8.019
PPARG,m03,mut_s1,detail,1,80,FECVWTWBRSSNCK-XBTAAFKLNA-N,-9.072
PPARG,m03,mut_s1,detail,1,81,USDYHKNHMGVDHS-UYBDAZJANA-N,-7.407
PPARG,m03,mut_s1,detail,1,82,ZVJAHPKIYVGDHR-ILXRZTDVNA-N,-7.891
PPARG,m03,mut_s1,detail,1,83,AGWWZCICEUHAPF-UHFFFAOYNA-N,-9.082
PPARG,m03,mut_s1,detail,1,84,SIFYPHRKPXWEFL-UHFFFAOYNA-N,-7.112
PPARG,m03,mut_s1,detail,1,85,CCBDIYWTNHRYSF-GPQMBLKYNA-N,-8.223
PPARG,m03,mut_s1,detail,1,86,QZJYCFURESLRJX-UHFFFAOYNA-N,-7.618
PPARG,m03,mut_s1,detail,1,87,KDGSVHGIVBVYFE-SIKSZQSZNA-N,-7.897
PPARG,m03,mut_s1,detail,1,88,KAVCMDDCFVWLGH-DCYBUDGMNA-N,-9.704
PPARG,m03,mut_s1,detail,1,89,QTJDEJXKPAATAY-LILDFLRNNA-N,-9.359
PPARG,m03,mut_s1,detail,1,90,DCCNEGBQLUHRSI-UHFFFAOYNA-N,-6.479
PPARG,m03,mut_s1,detail,1,91,VUCQKRJVSPHODJ-UHFFFAOYNA-N,-8.81
PPARG,m03,mut_s1,detail,1,92,XCNTYAMCOLKFEW-UHFFFAOYNA-N,-6.479
PPARG,m03,mut_s1,detail,1,93,MLPVFRGFZVZNOZ-ODUIGABRNA-N,-8.347
PPARG,m03,mut_s1,detail,1,94,JXNGVLIPVYLXLZ-PKSOQXRJNA-N,-8.191
PPARG,m03,mut_s1,detail,1,95,GWICPGWJQQUMKG-UHFFFAOYNA-N,-8.76
PPARG,m03,mut_s1,detail,1,96,LEDHQUJDAQVDJK-UHFFFAOYNA-N,-9.476
PPARG,m03,mut_s1,detail,1,97,BJKUVAVJXSIUGS-UYBDAZJANA-N,-7.739
PPARG,m03,mut_s1,detail,1,98,QXIDHQKQNQWYQW-ORVKFNBTNA-N,-10.418
PPARG,m03,mut_s1,detail,1,99,VXNGWYZIFXWTDN-PKSOQXRJNA-N,-7.226
PPARG,m03,mut_s1,detail,1,100,UBFYNRRQFOKQOE-QWOVJGMINA-N,-7.716
PPARG,m03,mut_s1,detail,1,101,PKPIHOLUWUTPLW-GKKCOONHNA-N,-9.202
PPARG,m03,mut_s1,detail,1,102,CNYQZGODPRSIFM-LILDFLRNNA-N,-8.142
PPARG,m03,mut_s1,detail,1,103,OGPHEDOMLIUGFJ-UYBDAZJANA-N,-8.853
PPARG,m03,mut_s1,detail,1,104,FHOIWEHXSFDGEX-MPIMZMORNA-N,-8.891
PPARG,m03,mut_s1,detail,1,105,QOIGKGMMAGJZNZ-UHFFFAOYNA-N,-7.986
PPARG,m03,mut_s1,detail,1,106,DJJKBSKVSXPDMW-XFDRBGHPNA-N,-8.31
PPARG,m03,mut_s1,detail,1,107,MQVHNCCMPYINIB-GPQMBLKYNA-N,-8.941
PPARG,m03,mut_s1,detail,1,108,QJBDKSNVJPPLMZ-UYBDAZJANA-N,-8.948
PPARG,m03,mut_s1,detail,1,109,NEOVEBXUPVDKIZ-PDJAEHLQNA-N,-8.837
PPARG,m03,mut_s1,detail,1,110,UBMHUOWYROYDAE-MPIMZMORNA-N,-8.612
PPARG,m03,mut_s1,detail,1,111,NCOQSZVFPAPDPY-MPIMZMORNA-N,-9.875
PPARG,m03,mut_s1,detail,1,112,IWKDSKQEBMNILM-SFHVURJKNA-N,-8.413
PPARG,m03,mut_s1,detail,1,113,FYHIZSWDWJOYBD-UHFFFAOYNA-N,-7.578
PPARG,m03,mut_s1,detail,1,114,CODIBUDSZRMNBU-VVKINWOJNA-N,-9.262
PPARG,m03,mut_s1,detail,1,115,FSBYPVHAUHIHDK-HYTOZLCFNA-N,-8.734
PPARG,m03,mut_s1,detail,1,116,IBLBSVRDXNEHCF-UYBDAZJANA-N,-8.804
PPARG,m03,mut_s1,detail,1,117,YIVFLWLUPIAQNG-MPIMZMORNA-N,-8.897
PPARG,m03,mut_s1,detail,1,118,OKBASBXKPLMJNO-PKSOQXRJNA-N,-7.959
PPARG,m03,mut_s1,detail,1,119,CKUZXDONSHPFEU-UHFFFAOYNA-N,-8.324
PPARG,m03,mut_s1,detail,1,120,FZVOSFJDUXXRFB-LQFNOIFHNA-N,-10.074
PPARG,m03,mut_s1,detail,1,121,ATWQGOUWTPWHOB-MPIMZMORNA-N,-8.975
PPARG,m03,mut_s1,detail,1,122,SWTXEVDFRXLPBO-LILDFLRNNA-N,-8.393
PPARG,m03,mut_s1,detail,1,123,XKKZGDBDLSLGEV-UHFFFAOYNA-N,-8.479
PPARG,m03,mut_s1,detail,1,124,YOIVLKBZTXOSAW-UHFFFAOYNA-N,-8.321
PPARG,m03,mut_s1,detail,1,125,MTNDVCNEIIJXQO-LILDFLRNNA-N,-8.74
PPARG,m03,mut_s1,detail,1,126,VRVOWSSSYICXBN-UHFFFAOYNA-N,-8.282
PPARG,m03,mut_s1,detail,1,127,YWMOOGZLZREJIF-LILDFLRNNA-N,-6.178
PPARG,m03,mut_s1,detail,1,128,GBDSDSSPYNQXEN-LQFNOIFHNA-N,-8.948
PPARG,m03,mut_s1,detail,1,129,WEGCLMSBIIWPKX-HXTKINSTNA-N,-9.339
PPARG,m03,mut_s1,detail,1,130,KWIMDTZYIABOPE-XBXBPLPCNA-N,-9.824
PPARG,m03,mut_s1,detail,1,131,PTYKTEYVZUVZBD-LQFNOIFHNA-N,-9.176
PPARG,m03,mut_s1,detail,1,132,IDUARCWXOZVBJC-UHFFFAOYNA-N,-8.291
PPARG,m03,mut_s1,detail,1,133,SVHQAQMZYYTKBZ-QIFDKBNDNA-N,-8.055
PPARG,m03,mut_s1,detail,1,134,OKUWPICMSLXCLZ-ZBJSNUHENA-N,-7.662
PPARG,m03,mut_s1,detail,1,135,BGESRTVIDMTTHW-MPIMZMORNA-N,-9.897
PPARG,m03,mut_s1,detail,1,136,RDLHVRFBBSKBMX-UHFFFAOYNA-N,-7.567
PPARG,m03,mut_s1,detail,1,137,UHKNPVYNTQTWBT-LELJVTLKNA-N,-9.198
PPARG,m03,mut_s1,detail,1,138,LKOQAWXJCPYWSX-SMCUVTTANA-N,-10.321
PPARG,m03,mut_s1,detail,1,139,RGTZPMQQOVPWHT-UHFFFAOYNA-N,-8.863
PPARG,m03,mut_s1,detail,1,140,MPGXBEHIWDZYTG-JRAHLMCZNA-N,-8.253
PPARG,m03,mut_s1,detail,1,141,YSGONLQAXXDANF-HXTKINSTNA-N,-10.818
PPARG,m03,mut_s1,detail,1,142,ILADCPXUSGZMCO-LNNLXFCONA-N,-8.209
PPARG,m03,mut_s1,detail,1,143,WHISBCGJLLBHTQ-LELJVTLKNA-N,-8.804
PPARG,m03,mut_s1,detail,1,144,FQUQVJCZFGUICL-PZJWPPBQNA-N,-8.249
PPARG,m03,mut_s1,detail,1,145,PVZFRDICDBVJBC-MPIMZMORNA-N,-7.489
PPARG,m03,mut_s1,detail,1,146,WUQZEVWHZRAQLY-UHFFFAOYNA-N,-9.044
PPARG,m03,mut_s1,detail,1,147,PDYDBFOSJUATJC-LELJVTLKNA-N,-9.434
PPARG,m03,mut_s1,detail,1,148,XFTGZOIRMLTALR-UHFFFAOYNA-N,-9.831
PPARG,m03,mut_s1,detail,1,149,CPWFSRVCXOETRU-XYFPIJJGNA-N,-9.621
PPARG,m03,mut_s1,detail,1,150,SAFXYJWXQPZDKB-ZNVTXRBFNA-N,-9.805
PPARG,m03,mut_s1,detail,1,151,SWLAVROBGRTKAO-LQFNOIFHNA-N,-9.768
PPARG,m03,mut_s1,detail,1,152,OJFUHLOGAMKMDM-UHFFFAOYNA-N,-8.729
PPARG,m03,mut_s1,detail,1,153,YPDNVRDMMKZNIG-PJXJJTHHNA-N,-8.538
PPARG,m03,mut_s1,detail,1,154,LPYDZAPPGTYNGQ-UHFFFAOYNA-N,-10.058
PPARG,m03,mut_s1,detail,1,155,CXIGBATZIXWVIX-HXTKINSTNA-N,-10.0
PPARG,m03,mut_s1,detail,1,156,RXPVTNMMNZNKSW-LNNLXFCONA-N,-10.369
PPARG,m03,mut_s1,detail,1,157,YYDGAWIITBZHPX-UHFFFAOYNA-N,-8.157
PPARG,m03,mut_s1,detail,1,158,CHUNHRFIWQZFCI-UHFFFAOYNA-N,-9.006
PPARG,m03,mut_s1,detail,1,159,JDUBGYFRJFOXQC-YCIVUMDCNA-N,-9.203
PPARG,m03,mut_s1,detail,1,160,MMXCRHIOXQKQPT-LQFNOIFHNA-N,-8.895
PPARG,m03,mut_s1,detail,1,161,VBENHRFIEOLOJJ-JKZKCNJSNA-N,-8.771
PPARG,m03,mut_s1,detail,1,162,VPTBWCCSBQRUTD-UHFFFAOYNA-N,-9.422
PPARG,m03,mut_s1,detail,1,163,WOWAHNXJUPSVDR-LNNLXFCONA-N,-10.659
PPARG,m03,mut_s1,detail,1,164,WRLLXWRAXRGFBQ-GFQURNRHNA-N,-8.09
PPARG,m03,mut_s1,detail,1,165,QUUJCYCJKQGYDU-UHFFFAOYNA-N,-7.007
PPARG,m03,mut_s1,detail,1,166,LWILODJXIVFMKQ-LNNLXFCONA-N,-10.277
PPARG,m03,mut_s1,detail,1,167,PVBTXZKRTQKXBX-MRSUPTMINA-N,-8.874
PPARG,m03,mut_s1,detail,1,168,OWYLOIDRWNJCEP-HXUWFJFHNA-N,-8.116
PPARG,m03,mut_s1,detail,1,169,JOZFRLZUNYNYED-PJQSKVNONA-N,-8.604
PPARG,m03,mut_s1,detail,1,170,HMQKHGHCACYDGB-UHFFFAOYNA-N,-8.999
PPARG,m03,mut_s1,detail,1,171,SCHAXPQHOGRLLW-MPIMZMORNA-N,-9.037
PPARG,m03,mut_s1,detail,1,172,YNGDNNRFKXZELP-BDGWVKIONA-N,-8.885
PPARG,m03,mut_s1,detail,1,173,XETTWDXILVAWCB-UHFFFAOYNA-N,-9.508
PPARG,m03,mut_s1,detail,1,174,XXKBFOAMRLTPJL-UHFFFAOYNA-N,-7.863
PPARG,m03,mut_s1,detail,1,175,TXOXXECOMBAZKB-ZVNAXFNBNA-N,-9.087
PPARG,m03,mut_s1,detail,1,176,KUFKSMPOXHUGOB-QWOVJGMINA-N,-9.458
PPARG,m03,mut_s1,detail,1,177,SEHKNXHOUKJSIO-LNNLXFCONA-N,-10.091
PPARG,m03,mut_s1,detail,1,178,GMMNPCWBYMCYDQ-MPIMZMORNA-N,-9.333
PPARG,m03,mut_s1,detail,1,179,KEGZEHANNYRNOK-UHFFFAOYNA-N,-8.939
PPARG,m03,mut_s1,detail,1,180,GBJZQLYNRDBGTL-UHFFFAOYNA-N,-8.73
PPARG,m03,mut_s1,detail,1,181,UMFUNPLMLVDNME-INIZCTEONA-N,-9.096
PPARG,m03,mut_s1,detail,1,182,VPYOVNHGFLPMHX-ORVKFNBTNA-N,-8.964
PPARG,m03,mut_s1,detail,1,183,OQXGEGPDPXAQRC-UHFFFAOYNA-N,-7.819
PPARG,m03,mut_s1,detail,1,184,ZWOHSJYESLDLLT-AXIOFXGANA-N,-8.092
PPARG,m03,mut_s1,detail,1,185,NLUWXHFWWSAGMP-LNNLXFCONA-N,-9.315
PPARG,m03,mut_s1,detail,1,186,NBQDTLQFRAMAMQ-PDJAEHLQNA-N,-9.381
PPARG,m03,mut_s1,detail,1,187,VKYYUIDNHOUPGY-MPIMZMORNA-N,-9.76
PPARG,m03,mut_s1,detail,1,188,JHAMDJLHPSYECA-HXTKINSTNA-N,-8.971
PPARG,m03,mut_s1,detail,1,189,YUXCKESVZUAENN-LQFNOIFHNA-N,-8.677
PPARG,m03,mut_s1,detail,1,190,VOADUCNXWYAILJ-BOSVZZMWNA-N,-7.971
PPARG,m03,mut_s1,detail,1,191,YOCNRNBEVZABNA-AVGNRJKVNA-O,-9.188
PPARG,m03,mut_s1,detail,1,192,QGPIYZBUSYLXQT-UHFFFAOYNA-N,-10.27
PPARG,m03,mut_s1,detail,1,193,ALIRNZFSPVRFPC-QDIHOGQBNA-N,-10.447
PPARG,m03,mut_s1,detail,1,194,ZVFXYTPNPFXBNK-LELJVTLKNA-N,-9.315
PPARG,m03,mut_s1,detail,1,195,VYHWCJWNQFIBGN-CRFSQNOJNA-N,-9.352
PPARG,m03,mut_s1,detail,1,196,OGTQHYNUUOXINS-BKWRVFRZNA-N,-8.624
PPARG,m03,mut_s1,detail,1,197,UVYVJQFOXZDFLB-QDIHOGQBNA-N,-8.379
PPARG,m03,mut_s1,detail,1,198,OKBCXQJLCMYJOC-UHFFFAOYNA-N,-10.085
PPARG,m03,mut_s1,detail,1,199,UNUQJGDVJMRMAL-LBOYIXSDNA-N,-9.872
PPARG,m03,mut_s1,detail,1,200,AYOFFOZNXNLQIO-UHFFFAOYNA-N,-8.876
PPARG,m03,mut_s1,detail,1,201,XSCHYHFIQNFPFK-VJSLDGLSNA-N,-9.064
PPARG,m03,mut_s1,detail,1,202,JTLSDSKNFBJVAB-CAXFFFRFNA-N,-8.754
PPARG,m03,mut_s1,detail,1,203,DTRCHIYQUYRTQL-ARSKLOKFNA-N,-8.008
PPARG,m03,mut_s1,detail,1,204,HHCWBKAHPBAUDS-LBOYIXSDNA-N,-9.697
PPARG,m03,mut_s1,detail,1,205,SQFXMWLUFDMDIG-LBOYIXSDNA-N,-9.932
PPARG,m03,mut_s1,detail,1,206,DAAUKUQYGMNNAH-ZUKIQNPFNA-N,-9.673
PPARG,m03,mut_s1,detail,1,207,POLXUFYBMIRDEG-UHFFFAOYNA-N,-9.165
PPARG,m03,mut_s1,detail,1,208,HAQNCPOGRFKYNP-WNTKXCTINA-N,-9.636
PPARG,m03,mut_s1,detail,1,209,CQWFJACPUQVVQZ-UHFFFAOYNA-N,-8.423
PPARG,m03,mut_s1,detail,1,210,DPMMEOUVESBMSC-ZENAZSQFNA-N,-8.762
PPARG,m03,mut_s1,detail,1,211,SWRYMOBQOOSZGE-LFJJEMAGNA-N,-11.532
PPARG,m03,mut_s1,detail,1,212,VJTYYKXVGAQBPX-BGYRXZFFNA-N,-8.336
PPARG,m03,mut_s1,detail,1,213,BWCCBKUPFRNBAM-QBBGPZPNNA-N,-9.612
PPARG,m03,mut_s1,detail,1,214,LNHIEYLABBPNKJ-HXTKINSTNA-N,-9.343
PPARG,m03,mut_s1,detail,1,215,URPWVRUGSFROGL-IWCCUHEHNA-N,-8.036
PPARG,m03,mut_s1,detail,1,216,VVHGIVKRWDSJFH-HXTKINSTNA-N,-9.465
PPARG,m03,mut_s1,detail,1,217,SXHIZYRFWJFSEN-WUSLAWIHNA-N,-8.743
PPARG,m03,mut_s1,detail,1,218,CNHPXUMQURIPRN-UHFFFAOYNA-N,-10.143
PPARG,m03,mut_s1,detail,1,219,SGUIKZIYGVGMML-UHFFFAOYNA-N,-9.031
PPARG,m03,mut_s1,detail,1,220,DEVOTYUCWQFKBI-SREBMQDQNA-N,-10.669
PPARG,m03,mut_s1,detail,1,221,HGLIGFILENTPME-YQIREZNHNA-N,-10.278
PPARG,m03,mut_s1,detail,1,222,TYJWHVJYDSKQKB-UHFFFAOYNA-N,-8.772
PPARG,m03,mut_s1,detail,1,223,KOZFSFOOLUUIGY-NHZRFLDCNA-N,-9.111
PPARG,m03,mut_s1,detail,1,224,IVUDLYCHNURAOH-INNNKKOMNA-N,-7.504
PPARG,m03,mut_s1,detail,1,225,KDGUWZZCFXNBKJ-UHFFFAOYNA-N,-8.097
PPARG,m03,mut_s1,detail,1,226,DTVVSEVQQLRJMR-ZIFUYXECNA-N,-8.017
PPARG,m03,mut_s1,detail,1,227,MUDPTEIPVZCOGV-UHFFFAOYNA-N,-10.708
PPARG,m03,mut_s1,detail,1,228,IFHBUYGFCSEHIF-OKPOJWAQNA-N,-9.389
PPARG,m03,mut_s1,detail,1,229,CRKWKHJABOJVAY-SKKVRFOWNA-N,-8.596
PPARG,m03,mut_s1,detail,1,230,DXEPONXIBPHOTN-ZJLLOKRPNA-N,-9.269
PPARG,m03,mut_s1,detail,1,231,ULXBTCAXCQWKDE-UHFFFAOYNA-N,-11.005
PPARG,m03,mut_s1,detail,1,232,WJHXPQKEBQOSHE-HXTKINSTNA-N,-9.428
PPARG,m03,mut_s1,detail,1,233,KRFOOEYNOKIXRO-PKRZOPRNNA-N,-9.466
PPARG,m03,mut_s1,detail,1,234,BQPRGAIDSWVYAW-LELJVTLKNA-N,-8.872
PPARG,m03,mut_s1,detail,1,235,YRMKMEPMFOFXGH-LELJVTLKNA-N,-9.134
PPARG,m03,mut_s1,detail,1,236,OOPGLCWBUZVAMU-CSODHUTKNA-N,-6.413
PPARG,m03,mut_s1,detail,1,237,ABMSGZYILANGCA-HXTKINSTNA-N,-9.771
PPARG,m03,mut_s1,detail,1,238,PTAKEHSCNRJTCJ-UHFFFAOYNA-N,-8.459
PPARG,m03,mut_s1,detail,1,239,HOXYGIWZMBSLPN-TWPXYFCBNA-N,-9.503
PPARG,m03,mut_s1,detail,1,240,XKHSVUSPZVNCOT-VWSSANQENA-N,-7.603
PPARG,m03,mut_s1,detail,1,241,XONRVXOEJMEUIV-UHFFFAOYNA-N,-9.35
PPARG,m03,mut_s1,detail,1,242,RJVLVZUXYHWKDL-KIKCKTDGNA-N,-8.017
PPARG,m03,mut_s1,detail,1,243,QFJGVFMADWIIMK-BDGWVKIONA-N,-9.115
PPARG,m03,mut_s1,detail,1,244,SCZNNLLAHVLZMK-HXTKINSTNA-N,-11.243
PPARG,m03,mut_s1,detail,1,245,OBFAALRUGGJRGU-PKRZOPRNNA-N,-9.113
PPARG,m03,mut_s1,detail,1,246,PBDIAJYRAMOINO-WFOUAHBYNA-N,-8.741
PPARG,m03,mut_s1,detail,1,247,NAMSGSSCIKIOGU-UHFFFAOYNA-N,-10.309
PPARG,m03,mut_s1,detail,1,248,GJTMJMUIFFQIQN-BQVZJPQVNA-N,-8.454
PPARG,m03,mut_s1,detail,1,249,FHHOEGKZVIYWLM-PKRZOPRNNA-N,-8.749
PPARG,m03,mut_s1,detail,1,250,LWSUSTXYIGVJTM-DDTQQWOSNA-N,-11.201
PPARG,m03,mut_s1,detail,1,251,VAXBUDASTPYURF-YIOWICSRNA-N,-10.713
PPARG,m03,mut_s1,detail,1,252,JHBVXZXFCJIAJZ-CUCLJGHLNA-N,-9.992
PPARG,m03,mut_s1,detail,1,253,XASICACCYVTJDX-UHFFFAOYNA-N,-11.229
PPARG,m03,mut_s1,detail,1,254,FRWAWZNXORYJGK-UHFFFAOYNA-N,-9.844
PPARG,m03,mut_s1,detail,1,255,YVEPCRMWSAAWMS-BHOFNQNONA-N,-10.888
PPARG,m04,mut_s1,detail,1,0,OLBYFEGTUWWPTR-FYWRMAATNA-N,-7.375
PPARG,m04,mut_s1,detail,1,1,SPGYFZIJBSMMEN-UHFFFAOYNA-N,-8.011
PPARG,m04,mut_s1,detail,1,2,DKKGRNTXCNVFPV-DZQCGVKKNA-N,-8.204
PPARG,m04,mut_s1,detail,1,3,KCOKHEIACSQLBQ-PCLSHUPZNA-N,-6.95
PPARG,m04,mut_s1,detail,1,4,XXMDURVCJMZNFC-UHFFFAOYNA-N,-8.049
PPARG,m04,mut_s1,detail,1,5,XNGWBIOXTHPDBE-UHFFFAOYNA-N,-7.03
PPARG,m04,mut_s1,detail,1,6,FMLKTYPTZQDWCZ-WYUMXYHSNA-N,-6.908
PPARG,m04,mut_s1,detail,1,7,BQCYOKUETBHDKF-UHFFFAOYNA-N,-7.868
PPARG,m04,mut_s1,detail,1,8,VAPRSYGEPKZLNA-UHFFFAOYNA-N,-6.909
PPARG,m04,mut_s1,detail,1,9,FJWTZYYUIYSFDV-NDKGDYFDNA-N,-6.233
PPARG,m04,mut_s1,detail,1,10,JSIXJSFAHZREEV-YHMJCDSINA-N,-6.692
PPARG,m04,mut_s1,detail,1,11,BGSXHNNWYPKQIQ-VEWCPZSHNA-N,-7.624
PPARG,m04,mut_s1,detail,1,12,ANJUUMLKPZLRGR-GPQMBLKYNA-N,-7.046
PPARG,m04,mut_s1,detail,1,13,WVDDMJTWFGHTGZ-VMPITWQZNA-N,-7.328
PPARG,m04,mut_s1,detail,1,14,OSFGHYZLBDAJTP-LILDFLRNNA-N,-8.728
PPARG,m04,mut_s1,detail,1,15,TZSPGMKSRHWUBZ-UHFFFAOYNA-N,-8.205
PPARG,m04,mut_s1,detail,1,16,RJNMLHBOHSQLDU-UHFFFAOYNA-N,-6.952
PPARG,m04,mut_s1,detail,1,17,HPGOEMWDBCJDOY-LILDFLRNNA-N,-7.574
PPARG,m04,mut_s1,detail,1,18,ANIAQSUBRGXWLS-UHFFFAOYNA-N,-6.427
PPARG,m04,mut_s1,detail,1,19,XHPTXSLPPJQCFM-UOUMIGKDNA-N,-7.551
PPARG,m04,mut_s1,detail,1,20,OYUMERJRBPSDQK-UHFFFAOYNA-N,-7.876
PPARG,m04,mut_s1,detail,1,21,RHCPJGMOPIMKFS-UHFFFAOYNA-N,-6.54
PPARG,m04,mut_s1,detail,1,22,GQCRCQLETCLZLO-NDKGDYFDNA-N,-6.608
PPARG,m04,mut_s1,detail,1,23,HDTRJGVVKZGWQZ-UHFFFAOYNA-N,-7.717
PPARG,m04,mut_s1,detail,1,24,PODSUWFXVDWCHZ-YAQRNVERNA-N,-7.933
PPARG,m04,mut_s1,detail,1,25,XOQICXJZZWXQDG-SDNWHVSQNA-N,-7.806
PPARG,m04,mut_s1,detail,1,26,LRQZMRHGRBHVRW-BLHHFWFONA-N,-6.985
PPARG,m04,mut_s1,detail,1,27,INRDHPFHGNGCCW-UHFFFAOYNA-N,-7.923
PPARG,m04,mut_s1,detail,1,28,WIRZCAWOMABORR-HCKMINDGNA-N,-8.222
PPARG,m04,mut_s1,detail,1,29,ISHXVBNQBLMUMA-XAASJSMPNA-N,-8.255
PPARG,m04,mut_s1,detail,1,30,ZVAZVKMDCRYPAQ-UHFFFAOYNA-N,-6.339
PPARG,m04,mut_s1,detail,1,31,OJGDCBLYJGHCIH-UHFFFAOYNA-N,-7.449
PPARG,m04,mut_s1,detail,1,32,HUJQOHMOYGRIRS-WYCIUFAENA-N,-7.049
PPARG,m04,mut_s1,detail,1,33,IXOFYFZRTXYNDM-HCKMINDGNA-N,-7.672
PPARG,m04,mut_s1,detail,1,34,RBMMHDHXQQMEMH-UHFFFAOYNA-N,-7.651
PPARG,m04,mut_s1,detail,1,35,CFFGWJLHGOSOHF-AHPDCHJINA-N,-6.437
PPARG,m04,mut_s1,detail,1,36,FFPAFAKDJLEUSC-YHMJCDSINA-N,-6.165
PPARG,m04,mut_s1,detail,1,37,ULEATUCPMCKRAM-IRXDYDNUNA-N,-7.618
PPARG,m04,mut_s1,detail,1,38,SUSPKFCOAROGEI-UHFFFAOYNA-N,-6.775
PPARG,m04,mut_s1,detail,1,39,ILOLPXFRSGURQA-HCKMINDGNA-N,-7.772
PPARG,m04,mut_s1,detail,1,40,LAHNGPIIMDWGRL-UHFFFAOYNA-N,-8.088
PPARG,m04,mut_s1,detail,1,41,PONNWXFCUBXOFS-UHFFFAOYNA-N,-7.251
PPARG,m04,mut_s1,detail,1,42,NGPUMDFMDVHJTF-XMHGGMMENA-N,-8.401
PPARG,m04,mut_s1,detail,1,43,GKVFCYBLNULLCL-YGPBECBDNA-N,-6.872
PPARG,m04,mut_s1,detail,1,44,FZPYMNOBFYWKFC-UHFFFAOYNA-N,-7.291
PPARG,m04,mut_s1,detail,1,45,CPJICALSLDLRJP-LILDFLRNNA-N,-7.834
PPARG,m04,mut_s1,detail,1,46,RAVBBDYGFXMBKB-GAJRPKRDNA-N,-7.202
PPARG,m04,mut_s1,detail,1,47,NCUWRDDNNJFMAS-UHFFFAOYNA-N,-7.868
PPARG,m04,mut_s1,detail,1,48,VDNBWTVXZDOUIG-PKSOQXRJNA-N,-7.864
PPARG,m04,mut_s1,detail,1,49,WYMKISIWQJPKOC-UHFFFAOYNA-N,-7.492
PPARG,m04,mut_s1,detail,1,50,VTCXXKFOLLSYCU-UHFFFAOYNA-N,-6.457
PPARG,m04,mut_s1,detail,1,51,BSLAOCJVMOGUKX-VHOFBASHNA-N,-7.396
PPARG,m04,mut_s1,detail,1,52,RZUVVWWNGGXUBI-GPQMBLKYNA-N,-8.815
PPARG,m04,mut_s1,detail,1,53,YLYYXIMYACYRSP-UYBDAZJANA-N,-6.92
PPARG,m04,mut_s1,detail,1,54,PHRXHZRDJNSXDF-QHCBTKRXNA-N,-8.28
PPARG,m04,mut_s1,detail,1,55,ABQUFQQMQCPHOH-NCWAPJAINA-N,-7.79
PPARG,m04,mut_s1,detail,1,56,FKIFGIZHFPIJND-GQAOMWGXNA-N,-7.11
PPARG,m04,mut_s1,detail,1,57,NHZFGROUVFTJAK-WYUMXYHSNA-N,-7.924
PPARG,m04,mut_s1,detail,1,58,RTJPLJJBIWFNSZ-UHFFFAOYNA-N,-7.725
PPARG,m04,mut_s1,detail,1,59,ZJRUXQBLSMYTIS-DXMPFREMNA-N,-7.201
PPARG,m04,mut_s1,detail,1,60,UYVIFQIPPPRZJF-QWOVJGMINA-N,-7.798
PPARG,m04,mut_s1,detail,1,61,WYTBYQZYJIGCBO-LILDFLRNNA-N,-7.941
PPARG,m04,mut_s1,detail,1,62,KKWWDIPRICACPS-GPQMBLKYNA-N,-7.046
PPARG,m04,mut_s1,detail,1,63,NZRHOWNFGASHMN-ZHLVXTBQNA-N,-7.615
PPARG,m04,mut_s1,detail,1,64,MGSGKNKREAYFRZ-UHFFFAOYNA-N,-8.685
PPARG,m04,mut_s1,detail,1,65,QTIJDOJTNOHQTC-WQGACYEGNA-N,-6.581
PPARG,m04,mut_s1,detail,1,66,ZHRVXEKEOMUAJO-PKSOQXRJNA-N,-8.759
PPARG,m04,mut_s1,detail,1,67,AJEULKUYXOLHDN-DVIAZDKANA-N,-8.585
PPARG,m04,mut_s1,detail,1,68,MGNZRUQLGFVWLY-UHFFFAOYNA-N,-8.094
PPARG,m04,mut_s1,detail,1,69,OHIMIXUWTWBDBR-UHFFFAOYNA-N,-7.97
PPARG,m04,mut_s1,detail,1,70,RFEGKAVABNLRHW-WYUMXYHSNA-N,-8.22
PPARG,m04,mut_s1,detail,1,71,OVDZZJAUKDINIY-SGTLLEGYNA-N,-8.425
PPARG,m04,mut_s1,detail,1,72,FIGONFGVGMSPID-MPIMZMORNA-N,-9.185
PPARG,m04,mut_s1,detail,1,73,DSSHOSHLYKWNRQ-UHFFFAOYNA-N,-8.086
PPARG,m04,mut_s1,detail,1,74,PKDGFUYVUYOZFK-UHFFFAOYNA-N,-8.502
PPARG,m04,mut_s1,detail,1,75,FSDOAOAVZVMAGE-RRORKGOJNA-N,-7.817
PPARG,m04,mut_s1,detail,1,76,SKYAUASQUBDEOI-LHJMZCQGNA-N,-7.288
PPARG,m04,mut_s1,detail,1,77,RRRYPJNSMOUEOE-XBTAAFKLNA-N,-8.826
PPARG,m04,mut_s1,detail,1,78,LNQOCSSUUUJFLY-BNKWAMQHNA-N,-9.169
PPARG,m04,mut_s1,detail,1,79,IQVUWJZWHCFIBG-UYBDAZJANA-N,-6.754
PPARG,m04,mut_s1,detail,1,80,FECVWTWBRSSNCK-XBTAAFKLNA-N,-8.845
PPARG,m04,mut_s1,detail,1,81,USDYHKNHMGVDHS-UYBDAZJANA-N,-7.741
PPARG,m04,mut_s1,detail,1,82,ZVJAHPKIYVGDHR-ILXRZTDVNA-N,-6.933
PPARG,m04,mut_s1,detail,1,83,AGWWZCICEUHAPF-UHFFFAOYNA-N,-9.651
PPARG,m04,mut_s1,detail,1,84,SIFYPHRKPXWEFL-UHFFFAOYNA-N,-8.195
PPARG,m04,mut_s1,detail,1,85,CCBDIYWTNHRYSF-GPQMBLKYNA-N,-8.607
PPARG,m04,mut_s1,detail,1,86,QZJYCFURESLRJX-UHFFFAOYNA-N,-8.089
PPARG,m04,mut_s1,detail,1,87,KDGSVHGIVBVYFE-SIKSZQSZNA-N,-8.701
PPARG,m04,mut_s1,detail,1,88,KAVCMDDCFVWLGH-DCYBUDGMNA-N,-9.309
PPARG,m04,mut_s1,detail,1,89,QTJDEJXKPAATAY-LILDFLRNNA-N,-8.951
PPARG,m04,mut_s1,detail,1,90,DCCNEGBQLUHRSI-UHFFFAOYNA-N,-6.003
PPARG,m04,mut_s1,detail,1,91,VUCQKRJVSPHODJ-UHFFFAOYNA-N,-8.908
PPARG,m04,mut_s1,detail,1,92,XCNTYAMCOLKFEW-UHFFFAOYNA-N,-6.531
PPARG,m04,mut_s1,detail,1,93,MLPVFRGFZVZNOZ-ODUIGABRNA-N,-8.003
PPARG,m04,mut_s1,detail,1,94,JXNGVLIPVYLXLZ-PKSOQXRJNA-N,-7.803
PPARG,m04,mut_s1,detail,1,95,GWICPGWJQQUMKG-UHFFFAOYNA-N,-7.585
PPARG,m04,mut_s1,detail,1,96,LEDHQUJDAQVDJK-UHFFFAOYNA-N,-8.777
PPARG,m04,mut_s1,detail,1,97,BJKUVAVJXSIUGS-UYBDAZJANA-N,-7.192
PPARG,m04,mut_s1,detail,1,98,QXIDHQKQNQWYQW-ORVKFNBTNA-N,-9.244
PPARG,m04,mut_s1,detail,1,99,VXNGWYZIFXWTDN-PKSOQXRJNA-N,-8.076
PPARG,m04,mut_s1,detail,1,100,UBFYNRRQFOKQOE-QWOVJGMINA-N,-7.6
PPARG,m04,mut_s1,detail,1,101,PKPIHOLUWUTPLW-GKKCOONHNA-N,-8.639
PPARG,m04,mut_s1,detail,1,102,CNYQZGODPRSIFM-LILDFLRNNA-N,-8.232
PPARG,m04,mut_s1,detail,1,103,OGPHEDOMLIUGFJ-UYBDAZJANA-N,-8.791
PPARG,m04,mut_s1,detail,1,104,FHOIWEHXSFDGEX-MPIMZMORNA-N,-8.951
PPARG,m04,mut_s1,detail,1,105,QOIGKGMMAGJZNZ-UHFFFAOYNA-N,-8.711
PPARG,m04,mut_s1,detail,1,106,DJJKBSKVSXPDMW-XFDRBGHPNA-N,-8.484
PPARG,m04,mut_s1,detail,1,107,MQVHNCCMPYINIB-GPQMBLKYNA-N,-8.289
PPARG,m04,mut_s1,detail,1,108,QJBDKSNVJPPLMZ-UYBDAZJANA-N,-8.785
PPARG,m04,mut_s1,detail,1,109,NEOVEBXUPVDKIZ-PDJAEHLQNA-N,-9.032
PPARG,m04,mut_s1,detail,1,110,UBMHUOWYROYDAE-MPIMZMORNA-N,-7.719
PPARG,m04,mut_s1,detail,1,111,NCOQSZVFPAPDPY-MPIMZMORNA-N,-9.373
PPARG,m04,mut_s1,detail,1,112,IWKDSKQEBMNILM-SFHVURJKNA-N,-6.943
PPARG,m04,mut_s1,detail,1,113,FYHIZSWDWJOYBD-UHFFFAOYNA-N,-7.228
PPARG,m04,mut_s1,detail,1,114,CODIBUDSZRMNBU-VVKINWOJNA-N,-8.244
PPARG,m04,mut_s1,detail,1,115,FSBYPVHAUHIHDK-HYTOZLCFNA-N,-8.431
PPARG,m04,mut_s1,detail,1,116,IBLBSVRDXNEHCF-UYBDAZJANA-N,-9.189
PPARG,m04,mut_s1,detail,1,117,YIVFLWLUPIAQNG-MPIMZMORNA-N,-8.009
PPARG,m04,mut_s1,detail,1,118,OKBASBXKPLMJNO-PKSOQXRJNA-N,-8.264
PPARG,m04,mut_s1,detail,1,119,CKUZXDONSHPFEU-UHFFFAOYNA-N,-7.965
PPARG,m04,mut_s1,detail,1,120,FZVOSFJDUXXRFB-LQFNOIFHNA-N,-8.982
PPARG,m04,mut_s1,detail,1,121,ATWQGOUWTPWHOB-MPIMZMORNA-N,-9.486
PPARG,m04,mut_s1,detail,1,122,SWTXEVDFRXLPBO-LILDFLRNNA-N,-8.062
PPARG,m04,mut_s1,detail,1,123,XKKZGDBDLSLGEV-UHFFFAOYNA-N,-8.208
PPARG,m04,mut_s1,detail,1,124,YOIVLKBZTXOSAW-UHFFFAOYNA-N,-7.156
PPARG,m04,mut_s1,detail,1,125,MTNDVCNEIIJXQO-LILDFLRNNA-N,-7.948
PPARG,m04,mut_s1,detail,1,126,VRVOWSSSYICXBN-UHFFFAOYNA-N,-7.886
PPARG,m04,mut_s1,detail,1,127,YWMOOGZLZREJIF-LILDFLRNNA-N,-5.392
PPARG,m04,mut_s1,detail,1,128,GBDSDSSPYNQXEN-LQFNOIFHNA-N,-9.416
PPARG,m04,mut_s1,detail,1,129,WEGCLMSBIIWPKX-HXTKINSTNA-N,-9.042
PPARG,m04,mut_s1,detail,1,130,KWIMDTZYIABOPE-XBXBPLPCNA-N,-9.059
PPARG,m04,mut_s1,detail,1,131,PTYKTEYVZUVZBD-LQFNOIFHNA-N,-10.2
PPARG,m04,mut_s1,detail,1,132,IDUARCWXOZVBJC-UHFFFAOYNA-N,-8.025
PPARG,m04,mut_s1,detail,1,133,SVHQAQMZYYTKBZ-QIFDKBNDNA-N,-6.499
PPARG,m04,mut_s1,detail,1,134,OKUWPICMSLXCLZ-ZBJSNUHENA-N,-7.766
PPARG,m04,mut_s1,detail,1,135,BGESRTVIDMTTHW-MPIMZMORNA-N,-8.872
PPARG,m04,mut_s1,detail,1,136,RDLHVRFBBSKBMX-UHFFFAOYNA-N,-7.798
PPARG,m04,mut_s1,detail,1,137,UHKNPVYNTQTWBT-LELJVTLKNA-N,-8.738
PPARG,m04,mut_s1,detail,1,138,LKOQAWXJCPYWSX-SMCUVTTANA-N,-9.691
PPARG,m04,mut_s1,detail,1,139,RGTZPMQQOVPWHT-UHFFFAOYNA-N,-8.771
PPARG,m04,mut_s1,detail,1,140,MPGXBEHIWDZYTG-JRAHLMCZNA-N,-8.131
PPARG,m04,mut_s1,detail,1,141,YSGONLQAXXDANF-HXTKINSTNA-N,-9.536
PPARG,m04,mut_s1,detail,1,142,ILADCPXUSGZMCO-LNNLXFCONA-N,-8.987
PPARG,m04,mut_s1,detail,1,143,WHISBCGJLLBHTQ-LELJVTLKNA-N,-7.865
PPARG,m04,mut_s1,detail,1,144,FQUQVJCZFGUICL-PZJWPPBQNA-N,-8.095
PPARG,m04,mut_s1,detail,1,145,PVZFRDICDBVJBC-MPIMZMORNA-N,-7.998
PPARG,m04,mut_s1,detail,1,146,WUQZEVWHZRAQLY-UHFFFAOYNA-N,-8.696
PPARG,m04,mut_s1,detail,1,147,PDYDBFOSJUATJC-LELJVTLKNA-N,-9.326
PPARG,m04,mut_s1,detail,1,148,XFTGZOIRMLTALR-UHFFFAOYNA-N,-9.565
PPARG,m04,mut_s1,detail,1,149,CPWFSRVCXOETRU-XYFPIJJGNA-N,-8.797
PPARG,m04,mut_s1,detail,1,150,SAFXYJWXQPZDKB-ZNVTXRBFNA-N,-9.028
PPARG,m04,mut_s1,detail,1,151,SWLAVROBGRTKAO-LQFNOIFHNA-N,-10.518
PPARG,m04,mut_s1,detail,1,152,OJFUHLOGAMKMDM-UHFFFAOYNA-N,-8.591
PPARG,m04,mut_s1,detail,1,153,YPDNVRDMMKZNIG-PJXJJTHHNA-N,-8.634
PPARG,m04,mut_s1,detail,1,154,LPYDZAPPGTYNGQ-UHFFFAOYNA-N,-9.949
PPARG,m04,mut_s1,detail,1,155,CXIGBATZIXWVIX-HXTKINSTNA-N,-9.366
PPARG,m04,mut_s1,detail,1,156,RXPVTNMMNZNKSW-LNNLXFCONA-N,-10.318
PPARG,m04,mut_s1,detail,1,157,YYDGAWIITBZHPX-UHFFFAOYNA-N,-8.278
PPARG,m04,mut_s1,detail,1,158,CHUNHRFIWQZFCI-UHFFFAOYNA-N,-9.54
PPARG,m04,mut_s1,detail,1,159,JDUBGYFRJFOXQC-YCIVUMDCNA-N,-7.632
PPARG,m04,mut_s1,detail,1,160,MMXCRHIOXQKQPT-LQFNOIFHNA-N,-8.821
PPARG,m04,mut_s1,detail,1,161,VBENHRFIEOLOJJ-JKZKCNJSNA-N,-8.258
PPARG,m04,mut_s1,detail,1,162,VPTBWCCSBQRUTD-UHFFFAOYNA-N,-8.008
PPARG,m04,mut_s1,detail,1,163,WOWAHNXJUPSVDR-LNNLXFCONA-N,-10.575
PPARG,m04,mut_s1,detail,1,164,WRLLXWRAXRGFBQ-GFQURNRHNA-N,-8.373
PPARG,m04,mut_s1,detail,1,165,QUUJCYCJKQGYDU-UHFFFAOYNA-N,-6.76
PPARG,m04,mut_s1,detail,1,166,LWILODJXIVFMKQ-LNNLXFCONA-N,-9.379
PPARG,m04,mut_s1,detail,1,167,PVBTXZKRTQKXBX-MRSUPTMINA-N,-10.093
PPARG,m04,mut_s1,detail,1,168,OWYLOIDRWNJCEP-HXUWFJFHNA-N,-8.152
PPARG,m04,mut_s1,detail,1,169,JOZFRLZUNYNYED-PJQSKVNONA-N,-7.91
PPARG,m04,mut_s1,detail,1,170,HMQKHGHCACYDGB-UHFFFAOYNA-N,-8.682
PPARG,m04,mut_s1,detail,1,171,SCHAXPQHOGRLLW-MPIMZMORNA-N,-8.415
PPARG,m04,mut_s1,detail,1,172,YNGDNNRFKXZELP-BDGWVKIONA-N,-8.659
PPARG,m04,mut_s1,detail,1,173,XETTWDXILVAWCB-UHFFFAOYNA-N,-8.097
PPARG,m04,mut_s1,detail,1,174,XXKBFOAMRLTPJL-UHFFFAOYNA-N,-6.742
PPARG,m04,mut_s1,detail,1,175,TXOXXECOMBAZKB-ZVNAXFNBNA-N,-8.372
PPARG,m04,mut_s1,detail,1,176,KUFKSMPOXHUGOB-QWOVJGMINA-N,-7.988
PPARG,m04,mut_s1,detail,1,177,SEHKNXHOUKJSIO-LNNLXFCONA-N,-9.451
PPARG,m04,mut_s1,detail,1,178,GMMNPCWBYMCYDQ-MPIMZMORNA-N,-9.34
PPARG,m04,mut_s1,detail,1,179,KEGZEHANNYRNOK-UHFFFAOYNA-N,-8.882
PPARG,m04,mut_s1,detail,1,180,GBJZQLYNRDBGTL-UHFFFAOYNA-N,-8.193
PPARG,m04,mut_s1,detail,1,181,UMFUNPLMLVDNME-INIZCTEONA-N,-8.523
PPARG,m04,mut_s1,detail,1,182,VPYOVNHGFLPMHX-ORVKFNBTNA-N,-8.069
PPARG,m04,mut_s1,detail,1,183,OQXGEGPDPXAQRC-UHFFFAOYNA-N,-7.254
PPARG,m04,mut_s1,detail,1,184,ZWOHSJYESLDLLT-AXIOFXGANA-N,-8.567
PPARG,m04,mut_s1,detail,1,185,NLUWXHFWWSAGMP-LNNLXFCONA-N,-9.23
PPARG,m04,mut_s1,detail,1,186,NBQDTLQFRAMAMQ-PDJAEHLQNA-N,-9.632
PPARG,m04,mut_s1,detail,1,187,VKYYUIDNHOUPGY-MPIMZMORNA-N,-9.594
PPARG,m04,mut_s1,detail,1,188,JHAMDJLHPSYECA-HXTKINSTNA-N,-8.462
PPARG,m04,mut_s1,detail,1,189,YUXCKESVZUAENN-LQFNOIFHNA-N,-7.99
PPARG,m04,mut_s1,detail,1,190,VOADUCNXWYAILJ-BOSVZZMWNA-N,-10.826
PPARG,m04,mut_s1,detail,1,191,YOCNRNBEVZABNA-AVGNRJKVNA-O,-8.356
PPARG,m04,mut_s1,detail,1,192,QGPIYZBUSYLXQT-UHFFFAOYNA-N,-9.606
PPARG,m04,mut_s1,detail,1,193,ALIRNZFSPVRFPC-QDIHOGQBNA-N,-9.969
PPARG,m04,mut_s1,detail,1,194,ZVFXYTPNPFXBNK-LELJVTLKNA-N,-7.682
PPARG,m04,mut_s1,detail,1,195,VYHWCJWNQFIBGN-CRFSQNOJNA-N,-8.55
PPARG,m04,mut_s1,detail,1,196,OGTQHYNUUOXINS-BKWRVFRZNA-N,-7.929
PPARG,m04,mut_s1,detail,1,197,UVYVJQFOXZDFLB-QDIHOGQBNA-N,-7.876
PPARG,m04,mut_s1,detail,1,198,OKBCXQJLCMYJOC-UHFFFAOYNA-N,-8.904
PPARG,m04,mut_s1,detail,1,199,UNUQJGDVJMRMAL-LBOYIXSDNA-N,-9.1
PPARG,m04,mut_s1,detail,1,200,AYOFFOZNXNLQIO-UHFFFAOYNA-N,-8.184
PPARG,m04,mut_s1,detail,1,201,XSCHYHFIQNFPFK-VJSLDGLSNA-N,-7.414
PPARG,m04,mut_s1,detail,1,202,JTLSDSKNFBJVAB-CAXFFFRFNA-N,-8.267
PPARG,m04,mut_s1,detail,1,203,DTRCHIYQUYRTQL-ARSKLOKFNA-N,-7.156
PPARG,m04,mut_s1,detail,1,204,HHCWBKAHPBAUDS-LBOYIXSDNA-N,-8.768
PPARG,m04,mut_s1,detail,1,205,SQFXMWLUFDMDIG-LBOYIXSDNA-N,-8.929
PPARG,m04,mut_s1,detail,1,206,DAAUKUQYGMNNAH-ZUKIQNPFNA-N,-8.621
PPARG,m04,mut_s1,detail,1,207,POLXUFYBMIRDEG-UHFFFAOYNA-N,-9.082
PPARG,m04,mut_s1,detail,1,208,HAQNCPOGRFKYNP-WNTKXCTINA-N,-9.51
PPARG,m04,mut_s1,detail,1,209,CQWFJACPUQVVQZ-UHFFFAOYNA-N,-8.672
PPARG,m04,mut_s1,detail,1,210,DPMMEOUVESBMSC-ZENAZSQFNA-N,-8.704
PPARG,m04,mut_s1,detail,1,211,SWRYMOBQOOSZGE-LFJJEMAGNA-N,-10.531
PPARG,m04,mut_s1,detail,1,212,VJTYYKXVGAQBPX-BGYRXZFFNA-N,-7.968
PPARG,m04,mut_s1,detail,1,213,BWCCBKUPFRNBAM-QBBGPZPNNA-N,-9.697
PPARG,m04,mut_s1,detail,1,214,LNHIEYLABBPNKJ-HXTKINSTNA-N,-9.801
PPARG,m04,mut_s1,detail,1,215,URPWVRUGSFROGL-IWCCUHEHNA-N,-7.44
PPARG,m04,mut_s1,detail,1,216,VVHGIVKRWDSJFH-HXTKINSTNA-N,-9.99
PPARG,m04,mut_s1,detail,1,217,SXHIZYRFWJFSEN-WUSLAWIHNA-N,-8.142
PPARG,m04,mut_s1,detail,1,218,CNHPXUMQURIPRN-UHFFFAOYNA-N,-10.764
PPARG,m04,mut_s1,detail,1,219,SGUIKZIYGVGMML-UHFFFAOYNA-N,-8.593
PPARG,m04,mut_s1,detail,1,220,DEVOTYUCWQFKBI-SREBMQDQNA-N,-10.368
PPARG,m04,mut_s1,detail,1,221,HGLIGFILENTPME-YQIREZNHNA-N,-10.464
PPARG,m04,mut_s1,detail,1,222,TYJWHVJYDSKQKB-UHFFFAOYNA-N,-8.067
PPARG,m04,mut_s1,detail,1,223,KOZFSFOOLUUIGY-NHZRFLDCNA-N,-8.859
PPARG,m04,mut_s1,detail,1,224,IVUDLYCHNURAOH-INNNKKOMNA-N,-7.328
PPARG,m04,mut_s1,detail,1,225,KDGUWZZCFXNBKJ-UHFFFAOYNA-N,-9.03
PPARG,m04,mut_s1,detail,1,226,DTVVSEVQQLRJMR-ZIFUYXECNA-N,-8.412
PPARG,m04,mut_s1,detail,1,227,MUDPTEIPVZCOGV-UHFFFAOYNA-N,-9.643
PPARG,m04,mut_s1,detail,1,228,IFHBUYGFCSEHIF-OKPOJWAQNA-N,-9.284
PPARG,m04,mut_s1,detail,1,229,CRKWKHJABOJVAY-SKKVRFOWNA-N,-8.23
PPARG,m04,mut_s1,detail,1,230,DXEPONXIBPHOTN-ZJLLOKRPNA-N,-8.996
PPARG,m04,mut_s1,detail,1,231,ULXBTCAXCQWKDE-UHFFFAOYNA-N,-10.141
PPARG,m04,mut_s1,detail,1,232,WJHXPQKEBQOSHE-HXTKINSTNA-N,-9.117
PPARG,m04,mut_s1,detail,1,233,KRFOOEYNOKIXRO-PKRZOPRNNA-N,-9.867
PPARG,m04,mut_s1,detail,1,234,BQPRGAIDSWVYAW-LELJVTLKNA-N,-9.088
PPARG,m04,mut_s1,detail,1,235,YRMKMEPMFOFXGH-LELJVTLKNA-N,-8.86
PPARG,m04,mut_s1,detail,1,236,OOPGLCWBUZVAMU-CSODHUTKNA-N,-7.732
PPARG,m04,mut_s1,detail,1,237,ABMSGZYILANGCA-HXTKINSTNA-N,-8.981
PPARG,m04,mut_s1,detail,1,238,PTAKEHSCNRJTCJ-UHFFFAOYNA-N,-8.418
PPARG,m04,mut_s1,detail,1,239,HOXYGIWZMBSLPN-TWPXYFCBNA-N,-8.354
PPARG,m04,mut_s1,detail,1,240,XKHSVUSPZVNCOT-VWSSANQENA-N,-7.356
PPARG,m04,mut_s1,detail,1,241,XONRVXOEJMEUIV-UHFFFAOYNA-N,-9.373
PPARG,m04,mut_s1,detail,1,242,RJVLVZUXYHWKDL-KIKCKTDGNA-N,-8.028
PPARG,m04,mut_s1,detail,1,243,QFJGVFMADWIIMK-BDGWVKIONA-N,-8.9
PPARG,m04,mut_s1,detail,1,244,SCZNNLLAHVLZMK-HXTKINSTNA-N,-9.053
PPARG,m04,mut_s1,detail,1,245,OBFAALRUGGJRGU-PKRZOPRNNA-N,-6.738
PPARG,m04,mut_s1,detail,1,246,PBDIAJYRAMOINO-WFOUAHBYNA-N,-8.621
PPARG,m04,mut_s1,detail,1,247,NAMSGSSCIKIOGU-UHFFFAOYNA-N,-10.582
PPARG,m04,mut_s1,detail,1,248,GJTMJMUIFFQIQN-BQVZJPQVNA-N,-8.005
PPARG,m04,mut_s1,detail,1,249,FHHOEGKZVIYWLM-PKRZOPRNNA-N,-7.76
PPARG,m04,mut_s1,detail,1,250,LWSUSTXYIGVJTM-DDTQQWOSNA-N,-9.158
PPARG,m04,mut_s1,detail,1,251,VAXBUDASTPYURF-YIOWICSRNA-N,-9.592
PPARG,m04,mut_s1,detail,1,252,JHBVXZXFCJIAJZ-CUCLJGHLNA-N,-9.951
PPARG,m04,mut_s1,detail,1,253,XASICACCYVTJDX-UHFFFAOYNA-N,-10.254
PPARG,m04,mut_s1,detail,1,254,FRWAWZNXORYJGK-UHFFFAOYNA-N,-9.418
PPARG,m04,mut_s1,detail,1,255,YVEPCRMWSAAWMS-BHOFNQNONA-N,-9.877
PPARG,m05,mut_s1,detail,1,0,OLBYFEGTUWWPTR-FYWRMAATNA-N,-7.162
PPARG,m05,mut_s1,detail,1,1,SPGYFZIJBSMMEN-UHFFFAOYNA-N,-8.118
PPARG,m05,mut_s1,detail,1,2,DKKGRNTXCNVFPV-DZQCGVKKNA-N,-8.821
PPARG,m05,mut_s1,detail,1,3,KCOKHEIACSQLBQ-PCLSHUPZNA-N,-7.647
PPARG,m05,mut_s1,detail,1,4,XXMDURVCJMZNFC-UHFFFAOYNA-N,-8.017
PPARG,m05,mut_s1,detail,1,5,XNGWBIOXTHPDBE-UHFFFAOYNA-N,-6.449
PPARG,m05,mut_s1,detail,1,6,FMLKTYPTZQDWCZ-WYUMXYHSNA-N,-7.593
PPARG,m05,mut_s1,detail,1,7,BQCYOKUETBHDKF-UHFFFAOYNA-N,-8.161
PPARG,m05,mut_s1,detail,1,8,VAPRSYGEPKZLNA-UHFFFAOYNA-N,-6.798
PPARG,m05,mut_s1,detail,1,9,FJWTZYYUIYSFDV-NDKGDYFDNA-N,-5.991
PPARG,m05,mut_s1,detail,1,10,JSIXJSFAHZREEV-YHMJCDSINA-N,-6.565
PPARG,m05,mut_s1,detail,1,11,BGSXHNNWYPKQIQ-VEWCPZSHNA-N,-8.721
PPARG,m05,mut_s1,detail,1,12,ANJUUMLKPZLRGR-GPQMBLKYNA-N,-7.304
PPARG,m05,mut_s1,detail,1,13,WVDDMJTWFGHTGZ-VMPITWQZNA-N,-6.841
PPARG,m05,mut_s1,detail,1,14,OSFGHYZLBDAJTP-LILDFLRNNA-N,-9.052
PPARG,m05,mut_s1,detail,1,15,TZSPGMKSRHWUBZ-UHFFFAOYNA-N,-7.84
PPARG,m05,mut_s1,detail,1,16,RJNMLHBOHSQLDU-UHFFFAOYNA-N,-6.784
PPARG,m05,mut_s1,detail,1,17,HPGOEMWDBCJDOY-LILDFLRNNA-N,-7.317
PPARG,m05,mut_s1,detail,1,18,ANIAQSUBRGXWLS-UHFFFAOYNA-N,-5.991
PPARG,m05,mut_s1,detail,1,19,XHPTXSLPPJQCFM-UOUMIGKDNA-N,-7.943
PPARG,m05,mut_s1,detail,1,20,OYUMERJRBPSDQK-UHFFFAOYNA-N,-8.11
PPARG,m05,mut_s1,detail,1,21,RHCPJGMOPIMKFS-UHFFFAOYNA-N,-6.93
PPARG,m05,mut_s1,detail,1,22,GQCRCQLETCLZLO-NDKGDYFDNA-N,-6.295
PPARG,m05,mut_s1,detail,1,23,HDTRJGVVKZGWQZ-UHFFFAOYNA-N,-7.166
PPARG,m05,mut_s1,detail,1,24,PODSUWFXVDWCHZ-YAQRNVERNA-N,-7.975
PPARG,m05,mut_s1,detail,1,25,XOQICXJZZWXQDG-SDNWHVSQNA-N,-7.027
PPARG,m05,mut_s1,detail,1,26,LRQZMRHGRBHVRW-BLHHFWFONA-N,-7.226
PPARG,m05,mut_s1,detail,1,27,INRDHPFHGNGCCW-UHFFFAOYNA-N,-7.932
PPARG,m05,mut_s1,detail,1,28,WIRZCAWOMABORR-HCKMINDGNA-N,-7.84
PPARG,m05,mut_s1,detail,1,29,ISHXVBNQBLMUMA-XAASJSMPNA-N,-7.919
PPARG,m05,mut_s1,detail,1,30,ZVAZVKMDCRYPAQ-UHFFFAOYNA-N,-6.304
PPARG,m05,mut_s1,detail,1,31,OJGDCBLYJGHCIH-UHFFFAOYNA-N,-7.138
PPARG,m05,mut_s1,detail,1,32,HUJQOHMOYGRIRS-WYCIUFAENA-N,-7.165
PPARG,m05,mut_s1,detail,1,33,IXOFYFZRTXYNDM-HCKMINDGNA-N,-7.652
PPARG,m05,mut_s1,detail,1,34,RBMMHDHXQQMEMH-UHFFFAOYNA-N,-6.871
PPARG,m05,mut_s1,detail,1,35,CFFGWJLHGOSOHF-AHPDCHJINA-N,-6.339
PPARG,m05,mut_s1,detail,1,36,FFPAFAKDJLEUSC-YHMJCDSINA-N,-6.973
PPARG,m05,mut_s1,detail,1,37,ULEATUCPMCKRAM-IRXDYDNUNA-N,-7.72
PPARG,m05,mut_s1,detail,1,38,SUSPKFCOAROGEI-UHFFFAOYNA-N,-5.925
PPARG,m05,mut_s1,detail,1,39,ILOLPXFRSGURQA-HCKMINDGNA-N,-7.368
PPARG,m05,mut_s1,detail,1,40,LAHNGPIIMDWGRL-UHFFFAOYNA-N,-8.623
PPARG,m05,mut_s1,detail,1,41,PONNWXFCUBXOFS-UHFFFAOYNA-N,-7.925
PPARG,m05,mut_s1,detail,1,42,NGPUMDFMDVHJTF-XMHGGMMENA-N,-6.916
PPARG,m05,mut_s1,detail,1,43,GKVFCYBLNULLCL-YGPBECBDNA-N,-6.728
PPARG,m05,mut_s1,detail,1,44,FZPYMNOBFYWKFC-UHFFFAOYNA-N,-6.953
PPARG,m05,mut_s1,detail,1,45,CPJICALSLDLRJP-LILDFLRNNA-N,-8.415
PPARG,m05,mut_s1,detail,1,46,RAVBBDYGFXMBKB-GAJRPKRDNA-N,-7.302
PPARG,m05,mut_s1,detail,1,47,NCUWRDDNNJFMAS-UHFFFAOYNA-N,-7.771
PPARG,m05,mut_s1,detail,1,48,VDNBWTVXZDOUIG-PKSOQXRJNA-N,-7.437
PPARG,m05,mut_s1,detail,1,49,WYMKISIWQJPKOC-UHFFFAOYNA-N,-7.247
PPARG,m05,mut_s1,detail,1,50,VTCXXKFOLLSYCU-UHFFFAOYNA-N,-6.719
PPARG,m05,mut_s1,detail,1,51,BSLAOCJVMOGUKX-VHOFBASHNA-N,-7.316
PPARG,m05,mut_s1,detail,1,52,RZUVVWWNGGXUBI-GPQMBLKYNA-N,-10.2
PPARG,m05,mut_s1,detail,1,53,YLYYXIMYACYRSP-UYBDAZJANA-N,-7.226
PPARG,m05,mut_s1,detail,1,54,PHRXHZRDJNSXDF-QHCBTKRXNA-N,-8.752
PPARG,m05,mut_s1,detail,1,55,ABQUFQQMQCPHOH-NCWAPJAINA-N,-7.343
PPARG,m05,mut_s1,detail,1,56,FKIFGIZHFPIJND-GQAOMWGXNA-N,-7.441
PPARG,m05,mut_s1,detail,1,57,NHZFGROUVFTJAK-WYUMXYHSNA-N,-7.666
PPARG,m05,mut_s1,detail,1,58,RTJPLJJBIWFNSZ-UHFFFAOYNA-N,-6.944
PPARG,m05,mut_s1,detail,1,59,ZJRUXQBLSMYTIS-DXMPFREMNA-N,-7.57
PPARG,m05,mut_s1,detail,1,60,UYVIFQIPPPRZJF-QWOVJGMINA-N,-8.539
PPARG,m05,mut_s1,detail,1,61,WYTBYQZYJIGCBO-LILDFLRNNA-N,-7.726
PPARG,m05,mut_s1,detail,1,62,KKWWDIPRICACPS-GPQMBLKYNA-N,-6.84
PPARG,m05,mut_s1,detail,1,63,NZRHOWNFGASHMN-ZHLVXTBQNA-N,-7.872
PPARG,m05,mut_s1,detail,1,64,MGSGKNKREAYFRZ-UHFFFAOYNA-N,-8.844
PPARG,m05,mut_s1,detail,1,65,QTIJDOJTNOHQTC-WQGACYEGNA-N,-7.714
PPARG,m05,mut_s1,detail,1,66,ZHRVXEKEOMUAJO-PKSOQXRJNA-N,-8.551
PPARG,m05,mut_s1,detail,1,67,AJEULKUYXOLHDN-DVIAZDKANA-N,-8.59
PPARG,m05,mut_s1,detail,1,68,MGNZRUQLGFVWLY-UHFFFAOYNA-N,-7.851
PPARG,m05,mut_s1,detail,1,69,OHIMIXUWTWBDBR-UHFFFAOYNA-N,-8.274
PPARG,m05,mut_s1,detail,1,70,RFEGKAVABNLRHW-WYUMXYHSNA-N,-7.368
PPARG,m05,mut_s1,detail,1,71,OVDZZJAUKDINIY-SGTLLEGYNA-N,-8.506
PPARG,m05,mut_s1,detail,1,72,FIGONFGVGMSPID-MPIMZMORNA-N,-9.162
PPARG,m05,mut_s1,detail,1,73,DSSHOSHLYKWNRQ-UHFFFAOYNA-N,-7.146
PPARG,m05,mut_s1,detail,1,74,PKDGFUYVUYOZFK-UHFFFAOYNA-N,-9.584
PPARG,m05,mut_s1,detail,1,75,FSDOAOAVZVMAGE-RRORKGOJNA-N,-7.862
PPARG,m05,mut_s1,detail,1,76,SKYAUASQUBDEOI-LHJMZCQGNA-N,-7.376
PPARG,m05,mut_s1,detail,1,77,RRRYPJNSMOUEOE-XBTAAFKLNA-N,-8.183
PPARG,m05,mut_s1,detail,1,78,LNQOCSSUUUJFLY-BNKWAMQHNA-N,-9.08
PPARG,m05,mut_s1,detail,1,79,IQVUWJZWHCFIBG-UYBDAZJANA-N,-6.725
PPARG,m05,mut_s1,detail,1,80,FECVWTWBRSSNCK-XBTAAFKLNA-N,-9.622
PPARG,m05,mut_s1,detail,1,81,USDYHKNHMGVDHS-UYBDAZJANA-N,-7.336
PPARG,m05,mut_s1,detail,1,82,ZVJAHPKIYVGDHR-ILXRZTDVNA-N,-6.901
PPARG,m05,mut_s1,detail,1,83,AGWWZCICEUHAPF-UHFFFAOYNA-N,-8.892
PPARG,m05,mut_s1,detail,1,84,SIFYPHRKPXWEFL-UHFFFAOYNA-N,-8.242
PPARG,m05,mut_s1,detail,1,85,CCBDIYWTNHRYSF-GPQMBLKYNA-N,-8.607
PPARG,m05,mut_s1,detail,1,86,QZJYCFURESLRJX-UHFFFAOYNA-N,-7.159
PPARG,m05,mut_s1,detail,1,87,KDGSVHGIVBVYFE-SIKSZQSZNA-N,-8.11
PPARG,m05,mut_s1,detail,1,88,KAVCMDDCFVWLGH-DCYBUDGMNA-N,-9.337
PPARG,m05,mut_s1,detail,1,89,QTJDEJXKPAATAY-LILDFLRNNA-N,-8.982
PPARG,m05,mut_s1,detail,1,90,DCCNEGBQLUHRSI-UHFFFAOYNA-N,-6.907
PPARG,m05,mut_s1,detail,1,91,VUCQKRJVSPHODJ-UHFFFAOYNA-N,-8.058
PPARG,m05,mut_s1,detail,1,92,XCNTYAMCOLKFEW-UHFFFAOYNA-N,-6.208
PPARG,m05,mut_s1,detail,1,93,MLPVFRGFZVZNOZ-ODUIGABRNA-N,-8.025
PPARG,m05,mut_s1,detail,1,94,JXNGVLIPVYLXLZ-PKSOQXRJNA-N,-8.213
PPARG,m05,mut_s1,detail,1,95,GWICPGWJQQUMKG-UHFFFAOYNA-N,-8.264
PPARG,m05,mut_s1,detail,1,96,LEDHQUJDAQVDJK-UHFFFAOYNA-N,-8.678
PPARG,m05,mut_s1,detail,1,97,BJKUVAVJXSIUGS-UYBDAZJANA-N,-6.909
PPARG,m05,mut_s1,detail,1,98,QXIDHQKQNQWYQW-ORVKFNBTNA-N,-9.511
PPARG,m05,mut_s1,detail,1,99,VXNGWYZIFXWTDN-PKSOQXRJNA-N,-7.267
PPARG,m05,mut_s1,detail,1,100,UBFYNRRQFOKQOE-QWOVJGMINA-N,-7.817
PPARG,m05,mut_s1,detail,1,101,PKPIHOLUWUTPLW-GKKCOONHNA-N,-8.387
PPARG,m05,mut_s1,detail,1,102,CNYQZGODPRSIFM-LILDFLRNNA-N,-7.68
PPARG,m05,mut_s1,detail,1,103,OGPHEDOMLIUGFJ-UYBDAZJANA-N,-8.604
PPARG,m05,mut_s1,detail,1,104,FHOIWEHXSFDGEX-MPIMZMORNA-N,-8.911
PPARG,m05,mut_s1,detail,1,105,QOIGKGMMAGJZNZ-UHFFFAOYNA-N,-8.501
PPARG,m05,mut_s1,detail,1,106,DJJKBSKVSXPDMW-XFDRBGHPNA-N,-8.261
PPARG,m05,mut_s1,detail,1,107,MQVHNCCMPYINIB-GPQMBLKYNA-N,-9.545
PPARG,m05,mut_s1,detail,1,108,QJBDKSNVJPPLMZ-UYBDAZJANA-N,-8.462
PPARG,m05,mut_s1,detail,1,109,NEOVEBXUPVDKIZ-PDJAEHLQNA-N,-8.766
PPARG,m05,mut_s1,detail,1,110,UBMHUOWYROYDAE-MPIMZMORNA-N,-8.17
PPARG,m05,mut_s1,detail,1,111,NCOQSZVFPAPDPY-MPIMZMORNA-N,-9.374
PPARG,m05,mut_s1,detail,1,112,IWKDSKQEBMNILM-SFHVURJKNA-N,-8.209
PPARG,m05,mut_s1,detail,1,113,FYHIZSWDWJOYBD-UHFFFAOYNA-N,-7.103
PPARG,m05,mut_s1,detail,1,114,CODIBUDSZRMNBU-VVKINWOJNA-N,-8.682
PPARG,m05,mut_s1,detail,1,115,FSBYPVHAUHIHDK-HYTOZLCFNA-N,-7.53
PPARG,m05,mut_s1,detail,1,116,IBLBSVRDXNEHCF-UYBDAZJANA-N,-8.735
PPARG,m05,mut_s1,detail,1,117,YIVFLWLUPIAQNG-MPIMZMORNA-N,-7.78
PPARG,m05,mut_s1,detail,1,118,OKBASBXKPLMJNO-PKSOQXRJNA-N,-8.475
PPARG,m05,mut_s1,detail,1,119,CKUZXDONSHPFEU-UHFFFAOYNA-N,-7.49
PPARG,m05,mut_s1,detail,1,120,FZVOSFJDUXXRFB-LQFNOIFHNA-N,-9.13
PPARG,m05,mut_s1,detail,1,121,ATWQGOUWTPWHOB-MPIMZMORNA-N,-6.867
PPARG,m05,mut_s1,detail,1,122,SWTXEVDFRXLPBO-LILDFLRNNA-N,-8.07
PPARG,m05,mut_s1,detail,1,123,XKKZGDBDLSLGEV-UHFFFAOYNA-N,-7.754
PPARG,m05,mut_s1,detail,1,124,YOIVLKBZTXOSAW-UHFFFAOYNA-N,-7.524
PPARG,m05,mut_s1,detail,1,125,MTNDVCNEIIJXQO-LILDFLRNNA-N,-8.126
PPARG,m05,mut_s1,detail,1,126,VRVOWSSSYICXBN-UHFFFAOYNA-N,-8.014
PPARG,m05,mut_s1,detail,1,127,YWMOOGZLZREJIF-LILDFLRNNA-N,-5.644
PPARG,m05,mut_s1,detail,1,128,GBDSDSSPYNQXEN-LQFNOIFHNA-N,-9.17
PPARG,m05,mut_s1,detail,1,129,WEGCLMSBIIWPKX-HXTKINSTNA-N,-7.429
PPARG,m05,mut_s1,detail,1,130,KWIMDTZYIABOPE-XBXBPLPCNA-N,-9.676
PPARG,m05,mut_s1,detail,1,131,PTYKTEYVZUVZBD-LQFNOIFHNA-N,-10.159
PPARG,m05,mut_s1,detail,1,132,IDUARCWXOZVBJC-UHFFFAOYNA-N,-8.048
PPARG,m05,mut_s1,detail,1,133,SVHQAQMZYYTKBZ-QIFDKBNDNA-N,-6.649
PPARG,m05,mut_s1,detail,1,134,OKUWPICMSLXCLZ-ZBJSNUHENA-N,-7.506
PPARG,m05,mut_s1,detail,1,135,BGESRTVIDMTTHW-MPIMZMORNA-N,-9.668
PPARG,m05,mut_s1,detail,1,136,RDLHVRFBBSKBMX-UHFFFAOYNA-N,-7.684
PPARG,m05,mut_s1,detail,1,137,UHKNPVYNTQTWBT-LELJVTLKNA-N,-9.768
PPARG,m05,mut_s1,detail,1,138,LKOQAWXJCPYWSX-SMCUVTTANA-N,-8.016
PPARG,m05,mut_s1,detail,1,139,RGTZPMQQOVPWHT-UHFFFAOYNA-N,-9.015
PPARG,m05,mut_s1,detail,1,140,MPGXBEHIWDZYTG-JRAHLMCZNA-N,-9.146
PPARG,m05,mut_s1,detail,1,141,YSGONLQAXXDANF-HXTKINSTNA-N,-9.702
PPARG,m05,mut_s1,detail,1,142,ILADCPXUSGZMCO-LNNLXFCONA-N,-8.517
PPARG,m05,mut_s1,detail,1,143,WHISBCGJLLBHTQ-LELJVTLKNA-N,-7.825
PPARG,m05,mut_s1,detail,1,144,FQUQVJCZFGUICL-PZJWPPBQNA-N,-9.181
PPARG,m05,mut_s1,detail,1,145,PVZFRDICDBVJBC-MPIMZMORNA-N,-7.157
PPARG,m05,mut_s1,detail,1,146,WUQZEVWHZRAQLY-UHFFFAOYNA-N,-8.731
PPARG,m05,mut_s1,detail,1,147,PDYDBFOSJUATJC-LELJVTLKNA-N,-9.319
PPARG,m05,mut_s1,detail,1,148,XFTGZOIRMLTALR-UHFFFAOYNA-N,-9.453
PPARG,m05,mut_s1,detail,1,149,CPWFSRVCXOETRU-XYFPIJJGNA-N,-8.881
PPARG,m05,mut_s1,detail,1,150,SAFXYJWXQPZDKB-ZNVTXRBFNA-N,-9.415
PPARG,m05,mut_s1,detail,1,151,SWLAVROBGRTKAO-LQFNOIFHNA-N,-9.771
PPARG,m05,mut_s1,detail,1,152,OJFUHLOGAMKMDM-UHFFFAOYNA-N,-8.395
PPARG,m05,mut_s1,detail,1,153,YPDNVRDMMKZNIG-PJXJJTHHNA-N,-8.707
PPARG,m05,mut_s1,detail,1,154,LPYDZAPPGTYNGQ-UHFFFAOYNA-N,-9.201
PPARG,m05,mut_s1,detail,1,155,CXIGBATZIXWVIX-HXTKINSTNA-N,-10.479
PPARG,m05,mut_s1,detail,1,156,RXPVTNMMNZNKSW-LNNLXFCONA-N,-9.076
PPARG,m05,mut_s1,detail,1,157,YYDGAWIITBZHPX-UHFFFAOYNA-N,-7.043
PPARG,m05,mut_s1,detail,1,158,CHUNHRFIWQZFCI-UHFFFAOYNA-N,-8.46
PPARG,m05,mut_s1,detail,1,159,JDUBGYFRJFOXQC-YCIVUMDCNA-N,-7.123
PPARG,m05,mut_s1,detail,1,160,MMXCRHIOXQKQPT-LQFNOIFHNA-N,-9.988
PPARG,m05,mut_s1,detail,1,161,VBENHRFIEOLOJJ-JKZKCNJSNA-N,-8.114
PPARG,m05,mut_s1,detail,1,162,VPTBWCCSBQRUTD-UHFFFAOYNA-N,-8.743
PPARG,m05,mut_s1,detail,1,163,WOWAHNXJUPSVDR-LNNLXFCONA-N,-9.903
PPARG,m05,mut_s1,detail,1,164,WRLLXWRAXRGFBQ-GFQURNRHNA-N,-7.242
PPARG,m05,mut_s1,detail,1,165,QUUJCYCJKQGYDU-UHFFFAOYNA-N,-6.437
PPARG,m05,mut_s1,detail,1,166,LWILODJXIVFMKQ-LNNLXFCONA-N,-9.045
PPARG,m05,mut_s1,detail,1,167,PVBTXZKRTQKXBX-MRSUPTMINA-N,-8.869
PPARG,m05,mut_s1,detail,1,168,OWYLOIDRWNJCEP-HXUWFJFHNA-N,-7.871
PPARG,m05,mut_s1,detail,1,169,JOZFRLZUNYNYED-PJQSKVNONA-N,-8.963
PPARG,m05,mut_s1,detail,1,170,HMQKHGHCACYDGB-UHFFFAOYNA-N,-8.509
PPARG,m05,mut_s1,detail,1,171,SCHAXPQHOGRLLW-MPIMZMORNA-N,-7.689
PPARG,m05,mut_s1,detail,1,172,YNGDNNRFKXZELP-BDGWVKIONA-N,-8.526
PPARG,m05,mut_s1,detail,1,173,XETTWDXILVAWCB-UHFFFAOYNA-N,-7.938
PPARG,m05,mut_s1,detail,1,174,XXKBFOAMRLTPJL-UHFFFAOYNA-N,-6.57
PPARG,m05,mut_s1,detail,1,175,TXOXXECOMBAZKB-ZVNAXFNBNA-N,-8.661
PPARG,m05,mut_s1,detail,1,176,KUFKSMPOXHUGOB-QWOVJGMINA-N,-8.526
PPARG,m05,mut_s1,detail,1,177,SEHKNXHOUKJSIO-LNNLXFCONA-N,-9.965
PPARG,m05,mut_s1,detail,1,178,GMMNPCWBYMCYDQ-MPIMZMORNA-N,-8.884
PPARG,m05,mut_s1,detail,1,179,KEGZEHANNYRNOK-UHFFFAOYNA-N,-8.962
PPARG,m05,mut_s1,detail,1,180,GBJZQLYNRDBGTL-UHFFFAOYNA-N,-9.062
PPARG,m05,mut_s1,detail,1,181,UMFUNPLMLVDNME-INIZCTEONA-N,-8.01
PPARG,m05,mut_s1,detail,1,182,VPYOVNHGFLPMHX-ORVKFNBTNA-N,-9.139
PPARG,m05,mut_s1,detail,1,183,OQXGEGPDPXAQRC-UHFFFAOYNA-N,-7.605
PPARG,m05,mut_s1,detail,1,184,ZWOHSJYESLDLLT-AXIOFXGANA-N,-7.413
PPARG,m05,mut_s1,detail,1,185,NLUWXHFWWSAGMP-LNNLXFCONA-N,-8.44
PPARG,m05,mut_s1,detail,1,186,NBQDTLQFRAMAMQ-PDJAEHLQNA-N,-8.624
PPARG,m05,mut_s1,detail,1,187,VKYYUIDNHOUPGY-MPIMZMORNA-N,-10.346
PPARG,m05,mut_s1,detail,1,188,JHAMDJLHPSYECA-HXTKINSTNA-N,-8.976
PPARG,m05,mut_s1,detail,1,189,YUXCKESVZUAENN-LQFNOIFHNA-N,-8.326
PPARG,m05,mut_s1,detail,1,190,VOADUCNXWYAILJ-BOSVZZMWNA-N,-7.734
PPARG,m05,mut_s1,detail,1,191,YOCNRNBEVZABNA-AVGNRJKVNA-O,-8.763
PPARG,m05,mut_s1,detail,1,192,QGPIYZBUSYLXQT-UHFFFAOYNA-N,-9.691
PPARG,m05,mut_s1,detail,1,193,ALIRNZFSPVRFPC-QDIHOGQBNA-N,-9.476
PPARG,m05,mut_s1,detail,1,194,ZVFXYTPNPFXBNK-LELJVTLKNA-N,-8.529
PPARG,m05,mut_s1,detail,1,195,VYHWCJWNQFIBGN-CRFSQNOJNA-N,-9.11
PPARG,m05,mut_s1,detail,1,196,OGTQHYNUUOXINS-BKWRVFRZNA-N,-8.315
PPARG,m05,mut_s1,detail,1,197,UVYVJQFOXZDFLB-QDIHOGQBNA-N,-8.353
PPARG,m05,mut_s1,detail,1,198,OKBCXQJLCMYJOC-UHFFFAOYNA-N,-8.248
PPARG,m05,mut_s1,detail,1,199,UNUQJGDVJMRMAL-LBOYIXSDNA-N,-9.618
PPARG,m05,mut_s1,detail,1,200,AYOFFOZNXNLQIO-UHFFFAOYNA-N,-7.876
PPARG,m05,mut_s1,detail,1,201,XSCHYHFIQNFPFK-VJSLDGLSNA-N,-7.334
PPARG,m05,mut_s1,detail,1,202,JTLSDSKNFBJVAB-CAXFFFRFNA-N,-8.849
PPARG,m05,mut_s1,detail,1,203,DTRCHIYQUYRTQL-ARSKLOKFNA-N,-8.036
PPARG,m05,mut_s1,detail,1,204,HHCWBKAHPBAUDS-LBOYIXSDNA-N,-8.658
PPARG,m05,mut_s1,detail,1,205,SQFXMWLUFDMDIG-LBOYIXSDNA-N,-8.498
PPARG,m05,mut_s1,detail,1,206,DAAUKUQYGMNNAH-ZUKIQNPFNA-N,-10.492
PPARG,m05,mut_s1,detail,1,207,POLXUFYBMIRDEG-UHFFFAOYNA-N,-8.342
PPARG,m05,mut_s1,detail,1,208,HAQNCPOGRFKYNP-WNTKXCTINA-N,-8.637
PPARG,m05,mut_s1,detail,1,209,CQWFJACPUQVVQZ-UHFFFAOYNA-N,-8.207
PPARG,m05,mut_s1,detail,1,210,DPMMEOUVESBMSC-ZENAZSQFNA-N,-8.416
PPARG,m05,mut_s1,detail,1,211,SWRYMOBQOOSZGE-LFJJEMAGNA-N,-11.346
PPARG,m05,mut_s1,detail,1,212,VJTYYKXVGAQBPX-BGYRXZFFNA-N,-7.791
PPARG,m05,mut_s1,detail,1,213,BWCCBKUPFRNBAM-QBBGPZPNNA-N,-9.246
PPARG,m05,mut_s1,detail,1,214,LNHIEYLABBPNKJ-HXTKINSTNA-N,-8.419
PPARG,m05,mut_s1,detail,1,215,URPWVRUGSFROGL-IWCCUHEHNA-N,-7.834
PPARG,m05,mut_s1,detail,1,216,VVHGIVKRWDSJFH-HXTKINSTNA-N,-9.355
PPARG,m05,mut_s1,detail,1,217,SXHIZYRFWJFSEN-WUSLAWIHNA-N,-8.071
PPARG,m05,mut_s1,detail,1,218,CNHPXUMQURIPRN-UHFFFAOYNA-N,-9.77
PPARG,m05,mut_s1,detail,1,219,SGUIKZIYGVGMML-UHFFFAOYNA-N,-8.601
PPARG,m05,mut_s1,detail,1,220,DEVOTYUCWQFKBI-SREBMQDQNA-N,-9.932
PPARG,m05,mut_s1,detail,1,221,HGLIGFILENTPME-YQIREZNHNA-N,-9.514
PPARG,m05,mut_s1,detail,1,222,TYJWHVJYDSKQKB-UHFFFAOYNA-N,-9.127
PPARG,m05,mut_s1,detail,1,223,KOZFSFOOLUUIGY-NHZRFLDCNA-N,-8.618
PPARG,m05,mut_s1,detail,1,224,IVUDLYCHNURAOH-INNNKKOMNA-N,-6.709
PPARG,m05,mut_s1,detail,1,225,KDGUWZZCFXNBKJ-UHFFFAOYNA-N,-8.167
PPARG,m05,mut_s1,detail,1,226,DTVVSEVQQLRJMR-ZIFUYXECNA-N,-7.95
PPARG,m05,mut_s1,detail,1,227,MUDPTEIPVZCOGV-UHFFFAOYNA-N,-9.873
PPARG,m05,mut_s1,detail,1,228,IFHBUYGFCSEHIF-OKPOJWAQNA-N,-9.525
PPARG,m05,mut_s1,detail,1,229,CRKWKHJABOJVAY-SKKVRFOWNA-N,-8.338
PPARG,m05,mut_s1,detail,1,230,DXEPONXIBPHOTN-ZJLLOKRPNA-N,-9.018
PPARG,m05,mut_s1,detail,1,231,ULXBTCAXCQWKDE-UHFFFAOYNA-N,-9.556
PPARG,m05,mut_s1,detail,1,232,WJHXPQKEBQOSHE-HXTKINSTNA-N,-9.051
PPARG,m05,mut_s1,detail,1,233,KRFOOEYNOKIXRO-PKRZOPRNNA-N,-10.085
PPARG,m05,mut_s1,detail,1,234,BQPRGAIDSWVYAW-LELJVTLKNA-N,-8.912
PPARG,m05,mut_s1,detail,1,235,YRMKMEPMFOFXGH-LELJVTLKNA-N,-8.085
PPARG,m05,mut_s1,detail,1,236,OOPGLCWBUZVAMU-CSODHUTKNA-N,-7.501
PPARG,m05,mut_s1,detail,1,237,ABMSGZYILANGCA-HXTKINSTNA-N,-9.228
PPARG,m05,mut_s1,detail,1,238,PTAKEHSCNRJTCJ-UHFFFAOYNA-N,-8.049
PPARG,m05,mut_s1,detail,1,239,HOXYGIWZMBSLPN-TWPXYFCBNA-N,-7.767
PPARG,m05,mut_s1,detail,1,240,XKHSVUSPZVNCOT-VWSSANQENA-N,-6.462
PPARG,m05,mut_s1,detail,1,241,XONRVXOEJMEUIV-UHFFFAOYNA-N,-8.7
PPARG,m05,mut_s1,detail,1,242,RJVLVZUXYHWKDL-KIKCKTDGNA-N,-8.725
PPARG,m05,mut_s1,detail,1,243,QFJGVFMADWIIMK-BDGWVKIONA-N,-8.849
PPARG,m05,mut_s1,detail,1,244,SCZNNLLAHVLZMK-HXTKINSTNA-N,-9.477
PPARG,m05,mut_s1,detail,1,245,OBFAALRUGGJRGU-PKRZOPRNNA-N,-7.827
PPARG,m05,mut_s1,detail,1,246,PBDIAJYRAMOINO-WFOUAHBYNA-N,-7.426
PPARG,m05,mut_s1,detail,1,247,NAMSGSSCIKIOGU-UHFFFAOYNA-N,-9.026
PPARG,m05,mut_s1,detail,1,248,GJTMJMUIFFQIQN-BQVZJPQVNA-N,-9.583
PPARG,m05,mut_s1,detail,1,249,FHHOEGKZVIYWLM-PKRZOPRNNA-N,-8.497
PPARG,m05,mut_s1,detail,1,250,LWSUSTXYIGVJTM-DDTQQWOSNA-N,-9.061
PPARG,m05,mut_s1,detail,1,251,VAXBUDASTPYURF-YIOWICSRNA-N,-9.546
PPARG,m05,mut_s1,detail,1,252,JHBVXZXFCJIAJZ-CUCLJGHLNA-N,-10.091
PPARG,m05,mut_s1,detail,1,253,XASICACCYVTJDX-UHFFFAOYNA-N,-10.387
PPARG,m05,mut_s1,detail,1,254,FRWAWZNXORYJGK-UHFFFAOYNA-N,-8.49
PPARG,m05,mut_s1,detail,1,255,YVEPCRMWSAAWMS-BHOFNQNONA-N,-8.676
PPARG,m06,mut_s1,detail,1,0,OLBYFEGTUWWPTR-FYWRMAATNA-N,-7.286
PPARG,m06,mut_s1,detail,1,1,SPGYFZIJBSMMEN-UHFFFAOYNA-N,-8.014
PPARG,m06,mut_s1,detail,1,2,DKKGRNTXCNVFPV-DZQCGVKKNA-N,-7.827
PPARG,m06,mut_s1,detail,1,3,KCOKHEIACSQLBQ-PCLSHUPZNA-N,-7.108
PPARG,m06,mut_s1,detail,1,4,XXMDURVCJMZNFC-UHFFFAOYNA-N,-8.341
PPARG,m06,mut_s1,detail,1,5,XNGWBIOXTHPDBE-UHFFFAOYNA-N,-6.784
PPARG,m06,mut_s1,detail,1,6,FMLKTYPTZQDWCZ-WYUMXYHSNA-N,-7.397
PPARG,m06,mut_s1,detail,1,7,BQCYOKUETBHDKF-UHFFFAOYNA-N,-8.728
PPARG,m06,mut_s1,detail,1,8,VAPRSYGEPKZLNA-UHFFFAOYNA-N,-6.866
PPARG,m06,mut_s1,detail,1,9,FJWTZYYUIYSFDV-NDKGDYFDNA-N,-5.739
PPARG,m06,mut_s1,detail,1,10,JSIXJSFAHZREEV-YHMJCDSINA-N,-6.982
PPARG,m06,mut_s1,detail,1,11,BGSXHNNWYPKQIQ-VEWCPZSHNA-N,-8.339
PPARG,m06,mut_s1,detail,1,12,ANJUUMLKPZLRGR-GPQMBLKYNA-N,-7.472
PPARG,m06,mut_s1,detail,1,13,WVDDMJTWFGHTGZ-VMPITWQZNA-N,-6.699
PPARG,m06,mut_s1,detail,1,14,OSFGHYZLBDAJTP-LILDFLRNNA-N,-9.237
PPARG,m06,mut_s1,detail,1,15,TZSPGMKSRHWUBZ-UHFFFAOYNA-N,-7.979
PPARG,m06,mut_s1,detail,1,16,RJNMLHBOHSQLDU-UHFFFAOYNA-N,-7.145
PPARG,m06,mut_s1,detail,1,17,HPGOEMWDBCJDOY-LILDFLRNNA-N,-7.711
PPARG,m06,mut_s1,detail,1,18,ANIAQSUBRGXWLS-UHFFFAOYNA-N,-5.879
PPARG,m06,mut_s1,detail,1,19,XHPTXSLPPJQCFM-UOUMIGKDNA-N,-7.368
PPARG,m06,mut_s1,detail,1,20,OYUMERJRBPSDQK-UHFFFAOYNA-N,-8.445
PPARG,m06,mut_s1,detail,1,21,RHCPJGMOPIMKFS-UHFFFAOYNA-N,-6.556
PPARG,m06,mut_s1,detail,1,22,GQCRCQLETCLZLO-NDKGDYFDNA-N,-6.232
PPARG,m06,mut_s1,detail,1,23,HDTRJGVVKZGWQZ-UHFFFAOYNA-N,-7.516
PPARG,m06,mut_s1,detail,1,24,PODSUWFXVDWCHZ-YAQRNVERNA-N,-7.448
PPARG,m06,mut_s1,detail,1,25,XOQICXJZZWXQDG-SDNWHVSQNA-N,-7.414
PPARG,m06,mut_s1,detail,1,26,LRQZMRHGRBHVRW-BLHHFWFONA-N,-6.942
PPARG,m06,mut_s1,detail,1,27,INRDHPFHGNGCCW-UHFFFAOYNA-N,-8.188
PPARG,m06,mut_s1,detail,1,28,WIRZCAWOMABORR-HCKMINDGNA-N,-7.467
PPARG,m06,mut_s1,detail,1,29,ISHXVBNQBLMUMA-XAASJSMPNA-N,-7.929
PPARG,m06,mut_s1,detail,1,30,ZVAZVKMDCRYPAQ-UHFFFAOYNA-N,-6.382
PPARG,m06,mut_s1,detail,1,31,OJGDCBLYJGHCIH-UHFFFAOYNA-N,-7.01
PPARG,m06,mut_s1,detail,1,32,HUJQOHMOYGRIRS-WYCIUFAENA-N,-7.301
PPARG,m06,mut_s1,detail,1,33,IXOFYFZRTXYNDM-HCKMINDGNA-N,-8.013
PPARG,m06,mut_s1,detail,1,34,RBMMHDHXQQMEMH-UHFFFAOYNA-N,-7.052
PPARG,m06,mut_s1,detail,1,35,CFFGWJLHGOSOHF-AHPDCHJINA-N,-6.579
PPARG,m06,mut_s1,detail,1,36,FFPAFAKDJLEUSC-YHMJCDSINA-N,-6.712
PPARG,m06,mut_s1,detail,1,37,ULEATUCPMCKRAM-IRXDYDNUNA-N,-7.774
PPARG,m06,mut_s1,detail,1,38,SUSPKFCOAROGEI-UHFFFAOYNA-N,-6.349
PPARG,m06,mut_s1,detail,1,39,ILOLPXFRSGURQA-HCKMINDGNA-N,-7.42
PPARG,m06,mut_s1,detail,1,40,LAHNGPIIMDWGRL-UHFFFAOYNA-N,-8.569
PPARG,m06,mut_s1,detail,1,41,PONNWXFCUBXOFS-UHFFFAOYNA-N,-7.239
PPARG,m06,mut_s1,detail,1,42,NGPUMDFMDVHJTF-XMHGGMMENA-N,-6.722
PPARG,m06,mut_s1,detail,1,43,GKVFCYBLNULLCL-YGPBECBDNA-N,-6.825
PPARG,m06,mut_s1,detail,1,44,FZPYMNOBFYWKFC-UHFFFAOYNA-N,-7.027
PPARG,m06,mut_s1,detail,1,45,CPJICALSLDLRJP-LILDFLRNNA-N,-7.899
PPARG,m06,mut_s1,detail,1,46,RAVBBDYGFXMBKB-GAJRPKRDNA-N,-7.019
PPARG,m06,mut_s1,detail,1,47,NCUWRDDNNJFMAS-UHFFFAOYNA-N,-7.854
PPARG,m06,mut_s1,detail,1,48,VDNBWTVXZDOUIG-PKSOQXRJNA-N,-7.776
PPARG,m06,mut_s1,detail,1,49,WYMKISIWQJPKOC-UHFFFAOYNA-N,-7.008
PPARG,m06,mut_s1,detail,1,50,VTCXXKFOLLSYCU-UHFFFAOYNA-N,-7.044
PPARG,m06,mut_s1,detail,1,51,BSLAOCJVMOGUKX-VHOFBASHNA-N,-7.28
PPARG,m06,mut_s1,detail,1,52,RZUVVWWNGGXUBI-GPQMBLKYNA-N,-9.149
PPARG,m06,mut_s1,detail,1,53,YLYYXIMYACYRSP-UYBDAZJANA-N,-7.697
PPARG,m06,mut_s1,detail,1,54,PHRXHZRDJNSXDF-QHCBTKRXNA-N,-8.129
PPARG,m06,mut_s1,detail,1,55,ABQUFQQMQCPHOH-NCWAPJAINA-N,-7.317
PPARG,m06,mut_s1,detail,1,56,FKIFGIZHFPIJND-GQAOMWGXNA-N,-6.881
PPARG,m06,mut_s1,detail,1,57,NHZFGROUVFTJAK-WYUMXYHSNA-N,-7.895
PPARG,m06,mut_s1,detail,1,58,RTJPLJJBIWFNSZ-UHFFFAOYNA-N,-7.59
PPARG,m06,mut_s1,detail,1,59,ZJRUXQBLSMYTIS-DXMPFREMNA-N,-7.234
PPARG,m06,mut_s1,detail,1,60,UYVIFQIPPPRZJF-QWOVJGMINA-N,-8.721
PPARG,m06,mut_s1,detail,1,61,WYTBYQZYJIGCBO-LILDFLRNNA-N,-7.956
PPARG,m06,mut_s1,detail,1,62,KKWWDIPRICACPS-GPQMBLKYNA-N,-7.078
PPARG,m06,mut_s1,detail,1,63,NZRHOWNFGASHMN-ZHLVXTBQNA-N,-6.967
PPARG,m06,mut_s1,detail,1,64,MGSGKNKREAYFRZ-UHFFFAOYNA-N,-9.083
PPARG,m06,mut_s1,detail,1,65,QTIJDOJTNOHQTC-WQGACYEGNA-N,-8.065
PPARG,m06,mut_s1,detail,1,66,ZHRVXEKEOMUAJO-PKSOQXRJNA-N,-9.15
PPARG,m06,mut_s1,detail,1,67,AJEULKUYXOLHDN-DVIAZDKANA-N,-8.483
PPARG,m06,mut_s1,detail,1,68,MGNZRUQLGFVWLY-UHFFFAOYNA-N,-8.305
PPARG,m06,mut_s1,detail,1,69,OHIMIXUWTWBDBR-UHFFFAOYNA-N,-7.782
PPARG,m06,mut_s1,detail,1,70,RFEGKAVABNLRHW-WYUMXYHSNA-N,-8.045
PPARG,m06,mut_s1,detail,1,71,OVDZZJAUKDINIY-SGTLLEGYNA-N,-8.568
PPARG,m06,mut_s1,detail,1,72,FIGONFGVGMSPID-MPIMZMORNA-N,-9.314
PPARG,m06,mut_s1,detail,1,73,DSSHOSHLYKWNRQ-UHFFFAOYNA-N,-8.116
PPARG,m06,mut_s1,detail,1,74,PKDGFUYVUYOZFK-UHFFFAOYNA-N,-8.486
PPARG,m06,mut_s1,detail,1,75,FSDOAOAVZVMAGE-RRORKGOJNA-N,-8.333
PPARG,m06,mut_s1,detail,1,76,SKYAUASQUBDEOI-LHJMZCQGNA-N,-7.638
PPARG,m06,mut_s1,detail,1,77,RRRYPJNSMOUEOE-XBTAAFKLNA-N,-9.163
PPARG,m06,mut_s1,detail,1,78,LNQOCSSUUUJFLY-BNKWAMQHNA-N,-8.534
PPARG,m06,mut_s1,detail,1,79,IQVUWJZWHCFIBG-UYBDAZJANA-N,-7.095
PPARG,m06,mut_s1,detail,1,80,FECVWTWBRSSNCK-XBTAAFKLNA-N,-9.215
PPARG,m06,mut_s1,detail,1,81,USDYHKNHMGVDHS-UYBDAZJANA-N,-7.852
PPARG,m06,mut_s1,detail,1,82,ZVJAHPKIYVGDHR-ILXRZTDVNA-N,-7.117
PPARG,m06,mut_s1,detail,1,83,AGWWZCICEUHAPF-UHFFFAOYNA-N,-8.762
PPARG,m06,mut_s1,detail,1,84,SIFYPHRKPXWEFL-UHFFFAOYNA-N,-8.107
PPARG,m06,mut_s1,detail,1,85,CCBDIYWTNHRYSF-GPQMBLKYNA-N,-7.787
PPARG,m06,mut_s1,detail,1,86,QZJYCFURESLRJX-UHFFFAOYNA-N,-7.786
PPARG,m06,mut_s1,detail,1,87,KDGSVHGIVBVYFE-SIKSZQSZNA-N,-8.156
PPARG,m06,mut_s1,detail,1,88,KAVCMDDCFVWLGH-DCYBUDGMNA-N,-8.942
PPARG,m06,mut_s1,detail,1,89,QTJDEJXKPAATAY-LILDFLRNNA-N,-9.247
PPARG,m06,mut_s1,detail,1,90,DCCNEGBQLUHRSI-UHFFFAOYNA-N,-6.977
PPARG,m06,mut_s1,detail,1,91,VUCQKRJVSPHODJ-UHFFFAOYNA-N,-7.526
PPARG,m06,mut_s1,detail,1,92,XCNTYAMCOLKFEW-UHFFFAOYNA-N,-6.83
PPARG,m06,mut_s1,detail,1,93,MLPVFRGFZVZNOZ-ODUIGABRNA-N,-8.034
PPARG,m06,mut_s1,detail,1,94,JXNGVLIPVYLXLZ-PKSOQXRJNA-N,-8.764
PPARG,m06,mut_s1,detail,1,95,GWICPGWJQQUMKG-UHFFFAOYNA-N,-8.699
PPARG,m06,mut_s1,detail,1,96,LEDHQUJDAQVDJK-UHFFFAOYNA-N,-8.954
PPARG,m06,mut_s1,detail,1,97,BJKUVAVJXSIUGS-UYBDAZJANA-N,-6.951
PPARG,m06,mut_s1,detail,1,98,QXIDHQKQNQWYQW-ORVKFNBTNA-N,-9.002
PPARG,m06,mut_s1,detail,1,99,VXNGWYZIFXWTDN-PKSOQXRJNA-N,-7.091
PPARG,m06,mut_s1,detail,1,100,UBFYNRRQFOKQOE-QWOVJGMINA-N,-7.523
PPARG,m06,mut_s1,detail,1,101,PKPIHOLUWUTPLW-GKKCOONHNA-N,-8.407
PPARG,m06,mut_s1,detail,1,102,CNYQZGODPRSIFM-LILDFLRNNA-N,-8.183
PPARG,m06,mut_s1,detail,1,103,OGPHEDOMLIUGFJ-UYBDAZJANA-N,-8.954
PPARG,m06,mut_s1,detail,1,104,FHOIWEHXSFDGEX-MPIMZMORNA-N,-8.98
PPARG,m06,mut_s1,detail,1,105,QOIGKGMMAGJZNZ-UHFFFAOYNA-N,-7.934
PPARG,m06,mut_s1,detail,1,106,DJJKBSKVSXPDMW-XFDRBGHPNA-N,-8.74
PPARG,m06,mut_s1,detail,1,107,MQVHNCCMPYINIB-GPQMBLKYNA-N,-8.051
PPARG,m06,mut_s1,detail,1,108,QJBDKSNVJPPLMZ-UYBDAZJANA-N,-8.306
PPARG,m06,mut_s1,detail,1,109,NEOVEBXUPVDKIZ-PDJAEHLQNA-N,-8.382
PPARG,m06,mut_s1,detail,1,110,UBMHUOWYROYDAE-MPIMZMORNA-N,-8.201
PPARG,m06,mut_s1,detail,1,111,NCOQSZVFPAPDPY-MPIMZMORNA-N,-9.329
PPARG,m06,mut_s1,detail,1,112,IWKDSKQEBMNILM-SFHVURJKNA-N,-8.628
PPARG,m06,mut_s1,detail,1,113,FYHIZSWDWJOYBD-UHFFFAOYNA-N,-7.17
PPARG,m06,mut_s1,detail,1,114,CODIBUDSZRMNBU-VVKINWOJNA-N,-9.137
PPARG,m06,mut_s1,detail,1,115,FSBYPVHAUHIHDK-HYTOZLCFNA-N,-7.709
PPARG,m06,mut_s1,detail,1,116,IBLBSVRDXNEHCF-UYBDAZJANA-N,-8.668
PPARG,m06,mut_s1,detail,1,117,YIVFLWLUPIAQNG-MPIMZMORNA-N,-8.892
PPARG,m06,mut_s1,detail,1,118,OKBASBXKPLMJNO-PKSOQXRJNA-N,-7.754
PPARG,m06,mut_s1,detail,1,119,CKUZXDONSHPFEU-UHFFFAOYNA-N,-7.958
PPARG,m06,mut_s1,detail,1,120,FZVOSFJDUXXRFB-LQFNOIFHNA-N,-9.248
PPARG,m06,mut_s1,detail,1,121,ATWQGOUWTPWHOB-MPIMZMORNA-N,-7.572
PPARG,m06,mut_s1,detail,1,122,SWTXEVDFRXLPBO-LILDFLRNNA-N,-7.935
PPARG,m06,mut_s1,detail,1,123,XKKZGDBDLSLGEV-UHFFFAOYNA-N,-7.975
PPARG,m06,mut_s1,detail,1,124,YOIVLKBZTXOSAW-UHFFFAOYNA-N,-9.097
PPARG,m06,mut_s1,detail,1,125,MTNDVCNEIIJXQO-LILDFLRNNA-N,-8.234
PPARG,m06,mut_s1,detail,1,126,VRVOWSSSYICXBN-UHFFFAOYNA-N,-8.63
PPARG,m06,mut_s1,detail,1,127,YWMOOGZLZREJIF-LILDFLRNNA-N,-6.05
PPARG,m06,mut_s1,detail,1,128,GBDSDSSPYNQXEN-LQFNOIFHNA-N,-9.427
PPARG,m06,mut_s1,detail,1,129,WEGCLMSBIIWPKX-HXTKINSTNA-N,-8.163
PPARG,m06,mut_s1,detail,1,130,KWIMDTZYIABOPE-XBXBPLPCNA-N,-8.948
PPARG,m06,mut_s1,detail,1,131,PTYKTEYVZUVZBD-LQFNOIFHNA-N,-10.565
PPARG,m06,mut_s1,detail,1,132,IDUARCWXOZVBJC-UHFFFAOYNA-N,-8.11
PPARG,m06,mut_s1,detail,1,133,SVHQAQMZYYTKBZ-QIFDKBNDNA-N,-6.574
PPARG,m06,mut_s1,detail,1,134,OKUWPICMSLXCLZ-ZBJSNUHENA-N,-7.468
PPARG,m06,mut_s1,detail,1,135,BGESRTVIDMTTHW-MPIMZMORNA-N,-8.984
PPARG,m06,mut_s1,detail,1,136,RDLHVRFBBSKBMX-UHFFFAOYNA-N,-7.843
PPARG,m06,mut_s1,detail,1,137,UHKNPVYNTQTWBT-LELJVTLKNA-N,-8.632
PPARG,m06,mut_s1,detail,1,138,LKOQAWXJCPYWSX-SMCUVTTANA-N,-9.369
PPARG,m06,mut_s1,detail,1,139,RGTZPMQQOVPWHT-UHFFFAOYNA-N,-9.297
PPARG,m06,mut_s1,detail,1,140,MPGXBEHIWDZYTG-JRAHLMCZNA-N,-8.836
PPARG,m06,mut_s1,detail,1,141,YSGONLQAXXDANF-HXTKINSTNA-N,-9.231
PPARG,m06,mut_s1,detail,1,142,ILADCPXUSGZMCO-LNNLXFCONA-N,-8.029
PPARG,m06,mut_s1,detail,1,143,WHISBCGJLLBHTQ-LELJVTLKNA-N,-8.095
PPARG,m06,mut_s1,detail,1,144,FQUQVJCZFGUICL-PZJWPPBQNA-N,-9.186
PPARG,m06,mut_s1,detail,1,145,PVZFRDICDBVJBC-MPIMZMORNA-N,-7.823
PPARG,m06,mut_s1,detail,1,146,WUQZEVWHZRAQLY-UHFFFAOYNA-N,-8.851
PPARG,m06,mut_s1,detail,1,147,PDYDBFOSJUATJC-LELJVTLKNA-N,-10.12
PPARG,m06,mut_s1,detail,1,148,XFTGZOIRMLTALR-UHFFFAOYNA-N,-9.917
PPARG,m06,mut_s1,detail,1,149,CPWFSRVCXOETRU-XYFPIJJGNA-N,-9.328
PPARG,m06,mut_s1,detail,1,150,SAFXYJWXQPZDKB-ZNVTXRBFNA-N,-9.786
PPARG,m06,mut_s1,detail,1,151,SWLAVROBGRTKAO-LQFNOIFHNA-N,-9.752
PPARG,m06,mut_s1,detail,1,152,OJFUHLOGAMKMDM-UHFFFAOYNA-N,-8.567
PPARG,m06,mut_s1,detail,1,153,YPDNVRDMMKZNIG-PJXJJTHHNA-N,-8.82
PPARG,m06,mut_s1,detail,1,154,LPYDZAPPGTYNGQ-UHFFFAOYNA-N,-9.632
PPARG,m06,mut_s1,detail,1,155,CXIGBATZIXWVIX-HXTKINSTNA-N,-9.198
PPARG,m06,mut_s1,detail,1,156,RXPVTNMMNZNKSW-LNNLXFCONA-N,-9.174
PPARG,m06,mut_s1,detail,1,157,YYDGAWIITBZHPX-UHFFFAOYNA-N,-7.665
PPARG,m06,mut_s1,detail,1,158,CHUNHRFIWQZFCI-UHFFFAOYNA-N,-8.67
PPARG,m06,mut_s1,detail,1,159,JDUBGYFRJFOXQC-YCIVUMDCNA-N,-7.456
PPARG,m06,mut_s1,detail,1,160,MMXCRHIOXQKQPT-LQFNOIFHNA-N,-9.095
PPARG,m06,mut_s1,detail,1,161,VBENHRFIEOLOJJ-JKZKCNJSNA-N,-7.872
PPARG,m06,mut_s1,detail,1,162,VPTBWCCSBQRUTD-UHFFFAOYNA-N,-8.541
PPARG,m06,mut_s1,detail,1,163,WOWAHNXJUPSVDR-LNNLXFCONA-N,-10.092
PPARG,m06,mut_s1,detail,1,164,WRLLXWRAXRGFBQ-GFQURNRHNA-N,-7.363
PPARG,m06,mut_s1,detail,1,165,QUUJCYCJKQGYDU-UHFFFAOYNA-N,-6.977
PPARG,m06,mut_s1,detail,1,166,LWILODJXIVFMKQ-LNNLXFCONA-N,-9.467
PPARG,m06,mut_s1,detail,1,167,PVBTXZKRTQKXBX-MRSUPTMINA-N,-8.813
PPARG,m06,mut_s1,detail,1,168,OWYLOIDRWNJCEP-HXUWFJFHNA-N,-8.371
PPARG,m06,mut_s1,detail,1,169,JOZFRLZUNYNYED-PJQSKVNONA-N,-8.389
PPARG,m06,mut_s1,detail,1,170,HMQKHGHCACYDGB-UHFFFAOYNA-N,-9.351
PPARG,m06,mut_s1,detail,1,171,SCHAXPQHOGRLLW-MPIMZMORNA-N,-8.088
PPARG,m06,mut_s1,detail,1,172,YNGDNNRFKXZELP-BDGWVKIONA-N,-8.237
PPARG,m06,mut_s1,detail,1,173,XETTWDXILVAWCB-UHFFFAOYNA-N,-7.884
PPARG,m06,mut_s1,detail,1,174,XXKBFOAMRLTPJL-UHFFFAOYNA-N,-6.679
PPARG,m06,mut_s1,detail,1,175,TXOXXECOMBAZKB-ZVNAXFNBNA-N,-8.234
PPARG,m06,mut_s1,detail,1,176,KUFKSMPOXHUGOB-QWOVJGMINA-N,-8.809
PPARG,m06,mut_s1,detail,1,177,SEHKNXHOUKJSIO-LNNLXFCONA-N,-9.395
PPARG,m06,mut_s1,detail,1,178,GMMNPCWBYMCYDQ-MPIMZMORNA-N,-9.153
PPARG,m06,mut_s1,detail,1,179,KEGZEHANNYRNOK-UHFFFAOYNA-N,-9.073
PPARG,m06,mut_s1,detail,1,180,GBJZQLYNRDBGTL-UHFFFAOYNA-N,-9.856
PPARG,m06,mut_s1,detail,1,181,UMFUNPLMLVDNME-INIZCTEONA-N,-8.71
PPARG,m06,mut_s1,detail,1,182,VPYOVNHGFLPMHX-ORVKFNBTNA-N,-9.106
PPARG,m06,mut_s1,detail,1,183,OQXGEGPDPXAQRC-UHFFFAOYNA-N,-8.368
PPARG,m06,mut_s1,detail,1,184,ZWOHSJYESLDLLT-AXIOFXGANA-N,-7.736
PPARG,m06,mut_s1,detail,1,185,NLUWXHFWWSAGMP-LNNLXFCONA-N,-8.614
PPARG,m06,mut_s1,detail,1,186,NBQDTLQFRAMAMQ-PDJAEHLQNA-N,-9.583
PPARG,m06,mut_s1,detail,1,187,VKYYUIDNHOUPGY-MPIMZMORNA-N,-10.914
PPARG,m06,mut_s1,detail,1,188,JHAMDJLHPSYECA-HXTKINSTNA-N,-9.025
PPARG,m06,mut_s1,detail,1,189,YUXCKESVZUAENN-LQFNOIFHNA-N,-8.272
PPARG,m06,mut_s1,detail,1,190,VOADUCNXWYAILJ-BOSVZZMWNA-N,-7.641
PPARG,m06,mut_s1,detail,1,191,YOCNRNBEVZABNA-AVGNRJKVNA-O,-8.492
PPARG,m06,mut_s1,detail,1,192,QGPIYZBUSYLXQT-UHFFFAOYNA-N,-8.978
PPARG,m06,mut_s1,detail,1,193,ALIRNZFSPVRFPC-QDIHOGQBNA-N,-9.781
PPARG,m06,mut_s1,detail,1,194,ZVFXYTPNPFXBNK-LELJVTLKNA-N,-9.073
PPARG,m06,mut_s1,detail,1,195,VYHWCJWNQFIBGN-CRFSQNOJNA-N,-9.694
PPARG,m06,mut_s1,detail,1,196,OGTQHYNUUOXINS-BKWRVFRZNA-N,-8.579
PPARG,m06,mut_s1,detail,1,197,UVYVJQFOXZDFLB-QDIHOGQBNA-N,-9.42
PPARG,m06,mut_s1,detail,1,198,OKBCXQJLCMYJOC-UHFFFAOYNA-N,-8.318
PPARG,m06,mut_s1,detail,1,199,UNUQJGDVJMRMAL-LBOYIXSDNA-N,-9.569
PPARG,m06,mut_s1,detail,1,200,AYOFFOZNXNLQIO-UHFFFAOYNA-N,-7.723
PPARG,m06,mut_s1,detail,1,201,XSCHYHFIQNFPFK-VJSLDGLSNA-N,-7.922
PPARG,m06,mut_s1,detail,1,202,JTLSDSKNFBJVAB-CAXFFFRFNA-N,-8.572
PPARG,m06,mut_s1,detail,1,203,DTRCHIYQUYRTQL-ARSKLOKFNA-N,-7.365
PPARG,m06,mut_s1,detail,1,204,HHCWBKAHPBAUDS-LBOYIXSDNA-N,-9.494
PPARG,m06,mut_s1,detail,1,205,SQFXMWLUFDMDIG-LBOYIXSDNA-N,-8.941
PPARG,m06,mut_s1,detail,1,206,DAAUKUQYGMNNAH-ZUKIQNPFNA-N,-11.682
PPARG,m06,mut_s1,detail,1,207,POLXUFYBMIRDEG-UHFFFAOYNA-N,-8.7
PPARG,m06,mut_s1,detail,1,208,HAQNCPOGRFKYNP-WNTKXCTINA-N,-8.618
PPARG,m06,mut_s1,detail,1,209,CQWFJACPUQVVQZ-UHFFFAOYNA-N,-8.371
PPARG,m06,mut_s1,detail,1,210,DPMMEOUVESBMSC-ZENAZSQFNA-N,-8.565
PPARG,m06,mut_s1,detail,1,211,SWRYMOBQOOSZGE-LFJJEMAGNA-N,-10.946
PPARG,m06,mut_s1,detail,1,212,VJTYYKXVGAQBPX-BGYRXZFFNA-N,-8.226
PPARG,m06,mut_s1,detail,1,213,BWCCBKUPFRNBAM-QBBGPZPNNA-N,-9.675
PPARG,m06,mut_s1,detail,1,214,LNHIEYLABBPNKJ-HXTKINSTNA-N,-9.007
PPARG,m06,mut_s1,detail,1,215,URPWVRUGSFROGL-IWCCUHEHNA-N,-7.946
PPARG,m06,mut_s1,detail,1,216,VVHGIVKRWDSJFH-HXTKINSTNA-N,-9.966
PPARG,m06,mut_s1,detail,1,217,SXHIZYRFWJFSEN-WUSLAWIHNA-N,-7.887
PPARG,m06,mut_s1,detail,1,218,CNHPXUMQURIPRN-UHFFFAOYNA-N,-10.84
PPARG,m06,mut_s1,detail,1,219,SGUIKZIYGVGMML-UHFFFAOYNA-N,-8.496
PPARG,m06,mut_s1,detail,1,220,DEVOTYUCWQFKBI-SREBMQDQNA-N,-10.326
PPARG,m06,mut_s1,detail,1,221,HGLIGFILENTPME-YQIREZNHNA-N,-10.653
PPARG,m06,mut_s1,detail,1,222,TYJWHVJYDSKQKB-UHFFFAOYNA-N,-8.512
PPARG,m06,mut_s1,detail,1,223,KOZFSFOOLUUIGY-NHZRFLDCNA-N,-9.207
PPARG,m06,mut_s1,detail,1,224,IVUDLYCHNURAOH-INNNKKOMNA-N,-7.337
PPARG,m06,mut_s1,detail,1,225,KDGUWZZCFXNBKJ-UHFFFAOYNA-N,-8.741
PPARG,m06,mut_s1,detail,1,226,DTVVSEVQQLRJMR-ZIFUYXECNA-N,-8.433
PPARG,m06,mut_s1,detail,1,227,MUDPTEIPVZCOGV-UHFFFAOYNA-N,-9.78
PPARG,m06,mut_s1,detail,1,228,IFHBUYGFCSEHIF-OKPOJWAQNA-N,-9.438
PPARG,m06,mut_s1,detail,1,229,CRKWKHJABOJVAY-SKKVRFOWNA-N,-8.532
PPARG,m06,mut_s1,detail,1,230,DXEPONXIBPHOTN-ZJLLOKRPNA-N,-8.898
PPARG,m06,mut_s1,detail,1,231,ULXBTCAXCQWKDE-UHFFFAOYNA-N,-9.264
PPARG,m06,mut_s1,detail,1,232,WJHXPQKEBQOSHE-HXTKINSTNA-N,-9.326
PPARG,m06,mut_s1,detail,1,233,KRFOOEYNOKIXRO-PKRZOPRNNA-N,-10.531
PPARG,m06,mut_s1,detail,1,234,BQPRGAIDSWVYAW-LELJVTLKNA-N,-9.185
PPARG,m06,mut_s1,detail,1,235,YRMKMEPMFOFXGH-LELJVTLKNA-N,-8.318
PPARG,m06,mut_s1,detail,1,236,OOPGLCWBUZVAMU-CSODHUTKNA-N,-7.685
PPARG,m06,mut_s1,detail,1,237,ABMSGZYILANGCA-HXTKINSTNA-N,-8.589
PPARG,m06,mut_s1,detail,1,238,PTAKEHSCNRJTCJ-UHFFFAOYNA-N,-7.772
PPARG,m06,mut_s1,detail,1,239,HOXYGIWZMBSLPN-TWPXYFCBNA-N,-8.396
PPARG,m06,mut_s1,detail,1,240,XKHSVUSPZVNCOT-VWSSANQENA-N,-7.051
PPARG,m06,mut_s1,detail,1,241,XONRVXOEJMEUIV-UHFFFAOYNA-N,-9.579
PPARG,m06,mut_s1,detail,1,242,RJVLVZUXYHWKDL-KIKCKTDGNA-N,-8.92
PPARG,m06,mut_s1,detail,1,243,QFJGVFMADWIIMK-BDGWVKIONA-N,-8.178
PPARG,m06,mut_s1,detail,1,244,SCZNNLLAHVLZMK-HXTKINSTNA-N,-9.174
PPARG,m06,mut_s1,detail,1,245,OBFAALRUGGJRGU-PKRZOPRNNA-N,-7.235
PPARG,m06,mut_s1,detail,1,246,PBDIAJYRAMOINO-WFOUAHBYNA-N,-7.533
PPARG,m06,mut_s1,detail,1,247,NAMSGSSCIKIOGU-UHFFFAOYNA-N,-10.43
PPARG,m06,mut_s1,detail,1,248,GJTMJMUIFFQIQN-BQVZJPQVNA-N,-8.272
PPARG,m06,mut_s1,detail,1,249,FHHOEGKZVIYWLM-PKRZOPRNNA-N,-8.37
PPARG,m06,mut_s1,detail,1,250,LWSUSTXYIGVJTM-DDTQQWOSNA-N,-9.344
PPARG,m06,mut_s1,detail,1,251,VAXBUDASTPYURF-YIOWICSRNA-N,-9.732
PPARG,m06,mut_s1,detail,1,252,JHBVXZXFCJIAJZ-CUCLJGHLNA-N,-10.676
PPARG,m06,mut_s1,detail,1,253,XASICACCYVTJDX-UHFFFAOYNA-N,-8.536
PPARG,m06,mut_s1,detail,1,254,FRWAWZNXORYJGK-UHFFFAOYNA-N,-9.211
PPARG,m06,mut_s1,detail,1,255,YVEPCRMWSAAWMS-BHOFNQNONA-N,-9.777
PPARG,m07,mut_s1,detail,1,0,OLBYFEGTUWWPTR-FYWRMAATNA-N,-7.666
PPARG,m07,mut_s1,detail,1,1,SPGYFZIJBSMMEN-UHFFFAOYNA-N,-7.775
PPARG,m07,mut_s1,detail,1,2,DKKGRNTXCNVFPV-DZQCGVKKNA-N,-8.497
PPARG,m07,mut_s1,detail,1,3,KCOKHEIACSQLBQ-PCLSHUPZNA-N,-7.19
PPARG,m07,mut_s1,detail,1,4,XXMDURVCJMZNFC-UHFFFAOYNA-N,-8.244
PPARG,m07,mut_s1,detail,1,5,XNGWBIOXTHPDBE-UHFFFAOYNA-N,-6.938
PPARG,m07,mut_s1,detail,1,6,FMLKTYPTZQDWCZ-WYUMXYHSNA-N,-7.377
PPARG,m07,mut_s1,detail,1,7,BQCYOKUETBHDKF-UHFFFAOYNA-N,-8.578
PPARG,m07,mut_s1,detail,1,8,VAPRSYGEPKZLNA-UHFFFAOYNA-N,-6.444
PPARG,m07,mut_s1,detail,1,9,FJWTZYYUIYSFDV-NDKGDYFDNA-N,-6.24
PPARG,m07,mut_s1,detail,1,10,JSIXJSFAHZREEV-YHMJCDSINA-N,-6.772
PPARG,m07,mut_s1,detail,1,11,BGSXHNNWYPKQIQ-VEWCPZSHNA-N,-7.818
PPARG,m07,mut_s1,detail,1,12,ANJUUMLKPZLRGR-GPQMBLKYNA-N,-7.184
PPARG,m07,mut_s1,detail,1,13,WVDDMJTWFGHTGZ-VMPITWQZNA-N,-6.657
PPARG,m07,mut_s1,detail,1,14,OSFGHYZLBDAJTP-LILDFLRNNA-N,-9.213
PPARG,m07,mut_s1,detail,1,15,TZSPGMKSRHWUBZ-UHFFFAOYNA-N,-8.488
PPARG,m07,mut_s1,detail,1,16,RJNMLHBOHSQLDU-UHFFFAOYNA-N,-7.282
PPARG,m07,mut_s1,detail,1,17,HPGOEMWDBCJDOY-LILDFLRNNA-N,-7.087
PPARG,m07,mut_s1,detail,1,18,ANIAQSUBRGXWLS-UHFFFAOYNA-N,-6.214
PPARG,m07,mut_s1,detail,1,19,XHPTXSLPPJQCFM-UOUMIGKDNA-N,-7.541
PPARG,m07,mut_s1,detail,1,20,OYUMERJRBPSDQK-UHFFFAOYNA-N,-7.988
PPARG,m07,mut_s1,detail,1,21,RHCPJGMOPIMKFS-UHFFFAOYNA-N,-6.205
PPARG,m07,mut_s1,detail,1,22,GQCRCQLETCLZLO-NDKGDYFDNA-N,-6.45
PPARG,m07,mut_s1,detail,1,23,HDTRJGVVKZGWQZ-UHFFFAOYNA-N,-7.972
PPARG,m07,mut_s1,detail,1,24,PODSUWFXVDWCHZ-YAQRNVERNA-N,-7.653
PPARG,m07,mut_s1,detail,1,25,XOQICXJZZWXQDG-SDNWHVSQNA-N,-7.081
PPARG,m07,mut_s1,detail,1,26,LRQZMRHGRBHVRW-BLHHFWFONA-N,-6.728
PPARG,m07,mut_s1,detail,1,27,INRDHPFHGNGCCW-UHFFFAOYNA-N,-8.075
PPARG,m07,mut_s1,detail,1,28,WIRZCAWOMABORR-HCKMINDGNA-N,-7.628
PPARG,m07,mut_s1,detail,1,29,ISHXVBNQBLMUMA-XAASJSMPNA-N,-8.274
PPARG,m07,mut_s1,detail,1,30,ZVAZVKMDCRYPAQ-UHFFFAOYNA-N,-6.393
PPARG,m07,mut_s1,detail,1,31,OJGDCBLYJGHCIH-UHFFFAOYNA-N,-7.207
PPARG,m07,mut_s1,detail,1,32,HUJQOHMOYGRIRS-WYCIUFAENA-N,-6.934
PPARG,m07,mut_s1,detail,1,33,IXOFYFZRTXYNDM-HCKMINDGNA-N,-7.693
PPARG,m07,mut_s1,detail,1,34,RBMMHDHXQQMEMH-UHFFFAOYNA-N,-7.78
PPARG,m07,mut_s1,detail,1,35,CFFGWJLHGOSOHF-AHPDCHJINA-N,-6.34
PPARG,m07,mut_s1,detail,1,36,FFPAFAKDJLEUSC-YHMJCDSINA-N,-6.576
PPARG,m07,mut_s1,detail,1,37,ULEATUCPMCKRAM-IRXDYDNUNA-N,-7.642
PPARG,m07,mut_s1,detail,1,38,SUSPKFCOAROGEI-UHFFFAOYNA-N,-6.668
PPARG,m07,mut_s1,detail,1,39,ILOLPXFRSGURQA-HCKMINDGNA-N,-7.69
PPARG,m07,mut_s1,detail,1,40,LAHNGPIIMDWGRL-UHFFFAOYNA-N,-8.892
PPARG,m07,mut_s1,detail,1,41,PONNWXFCUBXOFS-UHFFFAOYNA-N,-7.513
PPARG,m07,mut_s1,detail,1,42,NGPUMDFMDVHJTF-XMHGGMMENA-N,-8.414
PPARG,m07,mut_s1,detail,1,43,GKVFCYBLNULLCL-YGPBECBDNA-N,-7.12
PPARG,m07,mut_s1,detail,1,44,FZPYMNOBFYWKFC-UHFFFAOYNA-N,-6.963
PPARG,m07,mut_s1,detail,1,45,CPJICALSLDLRJP-LILDFLRNNA-N,-7.655
PPARG,m07,mut_s1,detail,1,46,RAVBBDYGFXMBKB-GAJRPKRDNA-N,-7.17
PPARG,m07,mut_s1,detail,1,47,NCUWRDDNNJFMAS-UHFFFAOYNA-N,-7.841
PPARG,m07,mut_s1,detail,1,48,VDNBWTVXZDOUIG-PKSOQXRJNA-N,-7.686
PPARG,m07,mut_s1,detail,1,49,WYMKISIWQJPKOC-UHFFFAOYNA-N,-7.317
PPARG,m07,mut_s1,detail,1,50,VTCXXKFOLLSYCU-UHFFFAOYNA-N,-8.059
PPARG,m07,mut_s1,detail,1,51,BSLAOCJVMOGUKX-VHOFBASHNA-N,-7.352
PPARG,m07,mut_s1,detail,1,52,RZUVVWWNGGXUBI-GPQMBLKYNA-N,-8.887
PPARG,m07,mut_s1,detail,1,53,YLYYXIMYACYRSP-UYBDAZJANA-N,-7.411
PPARG,m07,mut_s1,detail,1,54,PHRXHZRDJNSXDF-QHCBTKRXNA-N,-8.64
PPARG,m07,mut_s1,detail,1,55,ABQUFQQMQCPHOH-NCWAPJAINA-N,-6.907
PPARG,m07,mut_s1,detail,1,56,FKIFGIZHFPIJND-GQAOMWGXNA-N,-6.854
PPARG,m07,mut_s1,detail,1,57,NHZFGROUVFTJAK-WYUMXYHSNA-N,-7.636
PPARG,m07,mut_s1,detail,1,58,RTJPLJJBIWFNSZ-UHFFFAOYNA-N,-7.645
PPARG,m07,mut_s1,detail,1,59,ZJRUXQBLSMYTIS-DXMPFREMNA-N,-7.201
PPARG,m07,mut_s1,detail,1,60,UYVIFQIPPPRZJF-QWOVJGMINA-N,-8.732
PPARG,m07,mut_s1,detail,1,61,WYTBYQZYJIGCBO-LILDFLRNNA-N,-7.865
PPARG,m07,mut_s1,detail,1,62,KKWWDIPRICACPS-GPQMBLKYNA-N,-8.111
PPARG,m07,mut_s1,detail,1,63,NZRHOWNFGASHMN-ZHLVXTBQNA-N,-7.603
PPARG,m07,mut_s1,detail,1,64,MGSGKNKREAYFRZ-UHFFFAOYNA-N,-9.033
PPARG,m07,mut_s1,detail,1,65,QTIJDOJTNOHQTC-WQGACYEGNA-N,-7.718
PPARG,m07,mut_s1,detail,1,66,ZHRVXEKEOMUAJO-PKSOQXRJNA-N,-8.819
PPARG,m07,mut_s1,detail,1,67,AJEULKUYXOLHDN-DVIAZDKANA-N,-8.523
PPARG,m07,mut_s1,detail,1,68,MGNZRUQLGFVWLY-UHFFFAOYNA-N,-8.474
PPARG,m07,mut_s1,detail,1,69,OHIMIXUWTWBDBR-UHFFFAOYNA-N,-8.864
PPARG,m07,mut_s1,detail,1,70,RFEGKAVABNLRHW-WYUMXYHSNA-N,-8.489
PPARG,m07,mut_s1,detail,1,71,OVDZZJAUKDINIY-SGTLLEGYNA-N,-8.616
PPARG,m07,mut_s1,detail,1,72,FIGONFGVGMSPID-MPIMZMORNA-N,-9.234
PPARG,m07,mut_s1,detail,1,73,DSSHOSHLYKWNRQ-UHFFFAOYNA-N,-7.832
PPARG,m07,mut_s1,detail,1,74,PKDGFUYVUYOZFK-UHFFFAOYNA-N,-8.416
PPARG,m07,mut_s1,detail,1,75,FSDOAOAVZVMAGE-RRORKGOJNA-N,-8.645
PPARG,m07,mut_s1,detail,1,76,SKYAUASQUBDEOI-LHJMZCQGNA-N,-7.471
PPARG,m07,mut_s1,detail,1,77,RRRYPJNSMOUEOE-XBTAAFKLNA-N,-8.68
PPARG,m07,mut_s1,detail,1,78,LNQOCSSUUUJFLY-BNKWAMQHNA-N,-9.065
PPARG,m07,mut_s1,detail,1,79,IQVUWJZWHCFIBG-UYBDAZJANA-N,-7.152
PPARG,m07,mut_s1,detail,1,80,FECVWTWBRSSNCK-XBTAAFKLNA-N,-9.209
PPARG,m07,mut_s1,detail,1,81,USDYHKNHMGVDHS-UYBDAZJANA-N,-7.556
PPARG,m07,mut_s1,detail,1,82,ZVJAHPKIYVGDHR-ILXRZTDVNA-N,-7.525
PPARG,m07,mut_s1,detail,1,83,AGWWZCICEUHAPF-UHFFFAOYNA-N,-8.975
PPARG,m07,mut_s1,detail,1,84,SIFYPHRKPXWEFL-UHFFFAOYNA-N,-8.186
PPARG,m07,mut_s1,detail,1,85,CCBDIYWTNHRYSF-GPQMBLKYNA-N,-8.142
PPARG,m07,mut_s1,detail,1,86,QZJYCFURESLRJX-UHFFFAOYNA-N,-8.196
PPARG,m07,mut_s1,detail,1,87,KDGSVHGIVBVYFE-SIKSZQSZNA-N,-8.404
PPARG,m07,mut_s1,detail,1,88,KAVCMDDCFVWLGH-DCYBUDGMNA-N,-8.917
PPARG,m07,mut_s1,detail,1,89,QTJDEJXKPAATAY-LILDFLRNNA-N,-9.13
PPARG,m07,mut_s1,detail,1,90,DCCNEGBQLUHRSI-UHFFFAOYNA-N,-6.824
PPARG,m07,mut_s1,detail,1,91,VUCQKRJVSPHODJ-UHFFFAOYNA-N,-8.505
PPARG,m07,mut_s1,detail,1,92,XCNTYAMCOLKFEW-UHFFFAOYNA-N,-7.723
PPARG,m07,mut_s1,detail,1,93,MLPVFRGFZVZNOZ-ODUIGABRNA-N,-8.01
PPARG,m07,mut_s1,detail,1,94,JXNGVLIPVYLXLZ-PKSOQXRJNA-N,-8.522
PPARG,m07,mut_s1,detail,1,95,GWICPGWJQQUMKG-UHFFFAOYNA-N,-8.575
PPARG,m07,mut_s1,detail,1,96,LEDHQUJDAQVDJK-UHFFFAOYNA-N,-8.708
PPARG,m07,mut_s1,detail,1,97,BJKUVAVJXSIUGS-UYBDAZJANA-N,-8.625
PPARG,m07,mut_s1,detail,1,98,QXIDHQKQNQWYQW-ORVKFNBTNA-N,-9.038
PPARG,m07,mut_s1,detail,1,99,VXNGWYZIFXWTDN-PKSOQXRJNA-N,-8.053
PPARG,m07,mut_s1,detail,1,100,UBFYNRRQFOKQOE-QWOVJGMINA-N,-7.58
PPARG,m07,mut_s1,detail,1,101,PKPIHOLUWUTPLW-GKKCOONHNA-N,-8.609
PPARG,m07,mut_s1,detail,1,102,CNYQZGODPRSIFM-LILDFLRNNA-N,-7.538
PPARG,m07,mut_s1,detail,1,103,OGPHEDOMLIUGFJ-UYBDAZJANA-N,-8.872
PPARG,m07,mut_s1,detail,1,104,FHOIWEHXSFDGEX-MPIMZMORNA-N,-9.039
PPARG,m07,mut_s1,detail,1,105,QOIGKGMMAGJZNZ-UHFFFAOYNA-N,-8.483
PPARG,m07,mut_s1,detail,1,106,DJJKBSKVSXPDMW-XFDRBGHPNA-N,-8.238
PPARG,m07,mut_s1,detail,1,107,MQVHNCCMPYINIB-GPQMBLKYNA-N,-8.256
PPARG,m07,mut_s1,detail,1,108,QJBDKSNVJPPLMZ-UYBDAZJANA-N,-8.706
PPARG,m07,mut_s1,detail,1,109,NEOVEBXUPVDKIZ-PDJAEHLQNA-N,-9.091
PPARG,m07,mut_s1,detail,1,110,UBMHUOWYROYDAE-MPIMZMORNA-N,-8.079
PPARG,m07,mut_s1,detail,1,111,NCOQSZVFPAPDPY-MPIMZMORNA-N,-9.615
PPARG,m07,mut_s1,detail,1,112,IWKDSKQEBMNILM-SFHVURJKNA-N,-8.321
PPARG,m07,mut_s1,detail,1,113,FYHIZSWDWJOYBD-UHFFFAOYNA-N,-6.832
PPARG,m07,mut_s1,detail,1,114,CODIBUDSZRMNBU-VVKINWOJNA-N,-9.005
PPARG,m07,mut_s1,detail,1,115,FSBYPVHAUHIHDK-HYTOZLCFNA-N,-8.178
PPARG,m07,mut_s1,detail,1,116,IBLBSVRDXNEHCF-UYBDAZJANA-N,-8.839
PPARG,m07,mut_s1,detail,1,117,YIVFLWLUPIAQNG-MPIMZMORNA-N,-8.961
PPARG,m07,mut_s1,detail,1,118,OKBASBXKPLMJNO-PKSOQXRJNA-N,-8.38
PPARG,m07,mut_s1,detail,1,119,CKUZXDONSHPFEU-UHFFFAOYNA-N,-8.071
PPARG,m07,mut_s1,detail,1,120,FZVOSFJDUXXRFB-LQFNOIFHNA-N,-8.857
PPARG,m07,mut_s1,detail,1,121,ATWQGOUWTPWHOB-MPIMZMORNA-N,-9.026
PPARG,m07,mut_s1,detail,1,122,SWTXEVDFRXLPBO-LILDFLRNNA-N,-8.373
PPARG,m07,mut_s1,detail,1,123,XKKZGDBDLSLGEV-UHFFFAOYNA-N,-7.853
PPARG,m07,mut_s1,detail,1,124,YOIVLKBZTXOSAW-UHFFFAOYNA-N,-8.458
PPARG,m07,mut_s1,detail,1,125,MTNDVCNEIIJXQO-LILDFLRNNA-N,-7.573
PPARG,m07,mut_s1,detail,1,126,VRVOWSSSYICXBN-UHFFFAOYNA-N,-8.54
PPARG,m07,mut_s1,detail,1,127,YWMOOGZLZREJIF-LILDFLRNNA-N,-6.668
PPARG,m07,mut_s1,detail,1,128,GBDSDSSPYNQXEN-LQFNOIFHNA-N,-10.14
PPARG,m07,mut_s1,detail,1,129,WEGCLMSBIIWPKX-HXTKINSTNA-N,-8.923
PPARG,m07,mut_s1,detail,1,130,KWIMDTZYIABOPE-XBXBPLPCNA-N,-9.318
PPARG,m07,mut_s1,detail,1,131,PTYKTEYVZUVZBD-LQFNOIFHNA-N,-9.723
PPARG,m07,mut_s1,detail,1,132,IDUARCWXOZVBJC-UHFFFAOYNA-N,-8.382
PPARG,m07,mut_s1,detail,1,133,SVHQAQMZYYTKBZ-QIFDKBNDNA-N,-8.257
PPARG,m07,mut_s1,detail,1,134,OKUWPICMSLXCLZ-ZBJSNUHENA-N,-8.054
PPARG,m07,mut_s1,detail,1,135,BGESRTVIDMTTHW-MPIMZMORNA-N,-9.923
PPARG,m07,mut_s1,detail,1,136,RDLHVRFBBSKBMX-UHFFFAOYNA-N,-7.831
PPARG,m07,mut_s1,detail,1,137,UHKNPVYNTQTWBT-LELJVTLKNA-N,-8.642
PPARG,m07,mut_s1,detail,1,138,LKOQAWXJCPYWSX-SMCUVTTANA-N,-9.56
PPARG,m07,mut_s1,detail,1,139,RGTZPMQQOVPWHT-UHFFFAOYNA-N,-8.595
PPARG,m07,mut_s1,detail,1,140,MPGXBEHIWDZYTG-JRAHLMCZNA-N,-8.865
PPARG,m07,mut_s1,detail,1,141,YSGONLQAXXDANF-HXTKINSTNA-N,-10.358
PPARG,m07,mut_s1,detail,1,142,ILADCPXUSGZMCO-LNNLXFCONA-N,-8.489
PPARG,m07,mut_s1,detail,1,143,WHISBCGJLLBHTQ-LELJVTLKNA-N,-9.031
PPARG,m07,mut_s1,detail,1,144,FQUQVJCZFGUICL-PZJWPPBQNA-N,-9.069
PPARG,m07,mut_s1,detail,1,145,PVZFRDICDBVJBC-MPIMZMORNA-N,-8.08
PPARG,m07,mut_s1,detail,1,146,WUQZEVWHZRAQLY-UHFFFAOYNA-N,-8.439
PPARG,m07,mut_s1,detail,1,147,PDYDBFOSJUATJC-LELJVTLKNA-N,-10.27
PPARG,m07,mut_s1,detail,1,148,XFTGZOIRMLTALR-UHFFFAOYNA-N,-10.001
PPARG,m07,mut_s1,detail,1,149,CPWFSRVCXOETRU-XYFPIJJGNA-N,-8.959
PPARG,m07,mut_s1,detail,1,150,SAFXYJWXQPZDKB-ZNVTXRBFNA-N,-9.547
PPARG,m07,mut_s1,detail,1,151,SWLAVROBGRTKAO-LQFNOIFHNA-N,-10.856
PPARG,m07,mut_s1,detail,1,152,OJFUHLOGAMKMDM-UHFFFAOYNA-N,-8.392
PPARG,m07,mut_s1,detail,1,153,YPDNVRDMMKZNIG-PJXJJTHHNA-N,-8.713
PPARG,m07,mut_s1,detail,1,154,LPYDZAPPGTYNGQ-UHFFFAOYNA-N,-9.921
PPARG,m07,mut_s1,detail,1,155,CXIGBATZIXWVIX-HXTKINSTNA-N,-10.035
PPARG,m07,mut_s1,detail,1,156,RXPVTNMMNZNKSW-LNNLXFCONA-N,-9.359
PPARG,m07,mut_s1,detail,1,157,YYDGAWIITBZHPX-UHFFFAOYNA-N,-8.272
PPARG,m07,mut_s1,detail,1,158,CHUNHRFIWQZFCI-UHFFFAOYNA-N,-10.538
PPARG,m07,mut_s1,detail,1,159,JDUBGYFRJFOXQC-YCIVUMDCNA-N,-7.758
PPARG,m07,mut_s1,detail,1,160,MMXCRHIOXQKQPT-LQFNOIFHNA-N,-9.586
PPARG,m07,mut_s1,detail,1,161,VBENHRFIEOLOJJ-JKZKCNJSNA-N,-7.76
PPARG,m07,mut_s1,detail,1,162,VPTBWCCSBQRUTD-UHFFFAOYNA-N,-8.84
PPARG,m07,mut_s1,detail,1,163,WOWAHNXJUPSVDR-LNNLXFCONA-N,-10.216
PPARG,m07,mut_s1,detail,1,164,WRLLXWRAXRGFBQ-GFQURNRHNA-N,-8.316
PPARG,m07,mut_s1,detail,1,165,QUUJCYCJKQGYDU-UHFFFAOYNA-N,-6.823
PPARG,m07,mut_s1,detail,1,166,LWILODJXIVFMKQ-LNNLXFCONA-N,-9.595
PPARG,m07,mut_s1,detail,1,167,PVBTXZKRTQKXBX-MRSUPTMINA-N,-9.928
PPARG,m07,mut_s1,detail,1,168,OWYLOIDRWNJCEP-HXUWFJFHNA-N,-9.05
PPARG,m07,mut_s1,detail,1,169,JOZFRLZUNYNYED-PJQSKVNONA-N,-8.587
PPARG,m07,mut_s1,detail,1,170,HMQKHGHCACYDGB-UHFFFAOYNA-N,-9.074
PPARG,m07,mut_s1,detail,1,171,SCHAXPQHOGRLLW-MPIMZMORNA-N,-8.173
PPARG,m07,mut_s1,detail,1,172,YNGDNNRFKXZELP-BDGWVKIONA-N,-8.973
PPARG,m07,mut_s1,detail,1,173,XETTWDXILVAWCB-UHFFFAOYNA-N,-8.417
PPARG,m07,mut_s1,detail,1,174,XXKBFOAMRLTPJL-UHFFFAOYNA-N,-7.552
PPARG,m07,mut_s1,detail,1,175,TXOXXECOMBAZKB-ZVNAXFNBNA-N,-8.628
PPARG,m07,mut_s1,detail,1,176,KUFKSMPOXHUGOB-QWOVJGMINA-N,-9.404
PPARG,m07,mut_s1,detail,1,177,SEHKNXHOUKJSIO-LNNLXFCONA-N,-9.389
PPARG,m07,mut_s1,detail,1,178,GMMNPCWBYMCYDQ-MPIMZMORNA-N,-9.371
PPARG,m07,mut_s1,detail,1,179,KEGZEHANNYRNOK-UHFFFAOYNA-N,-8.79
PPARG,m07,mut_s1,detail,1,180,GBJZQLYNRDBGTL-UHFFFAOYNA-N,-9.369
PPARG,m07,mut_s1,detail,1,181,UMFUNPLMLVDNME-INIZCTEONA-N,-9.607
PPARG,m07,mut_s1,detail,1,182,VPYOVNHGFLPMHX-ORVKFNBTNA-N,-8.134
PPARG,m07,mut_s1,detail,1,183,OQXGEGPDPXAQRC-UHFFFAOYNA-N,-8.557
PPARG,m07,mut_s1,detail,1,184,ZWOHSJYESLDLLT-AXIOFXGANA-N,-8.421
PPARG,m07,mut_s1,detail,1,185,NLUWXHFWWSAGMP-LNNLXFCONA-N,-9.116
PPARG,m07,mut_s1,detail,1,186,NBQDTLQFRAMAMQ-PDJAEHLQNA-N,-9.745
PPARG,m07,mut_s1,detail,1,187,VKYYUIDNHOUPGY-MPIMZMORNA-N,-10.682
PPARG,m07,mut_s1,detail,1,188,JHAMDJLHPSYECA-HXTKINSTNA-N,-8.755
PPARG,m07,mut_s1,detail,1,189,YUXCKESVZUAENN-LQFNOIFHNA-N,-9.689
PPARG,m07,mut_s1,detail,1,190,VOADUCNXWYAILJ-BOSVZZMWNA-N,-10.567
PPARG,m07,mut_s1,detail,1,191,YOCNRNBEVZABNA-AVGNRJKVNA-O,-8.784
PPARG,m07,mut_s1,detail,1,192,QGPIYZBUSYLXQT-UHFFFAOYNA-N,-9.564
PPARG,m07,mut_s1,detail,1,193,ALIRNZFSPVRFPC-QDIHOGQBNA-N,-10.226
PPARG,m07,mut_s1,detail,1,194,ZVFXYTPNPFXBNK-LELJVTLKNA-N,-9.016
PPARG,m07,mut_s1,detail,1,195,VYHWCJWNQFIBGN-CRFSQNOJNA-N,-9.297
PPARG,m07,mut_s1,detail,1,196,OGTQHYNUUOXINS-BKWRVFRZNA-N,-8.73
PPARG,m07,mut_s1,detail,1,197,UVYVJQFOXZDFLB-QDIHOGQBNA-N,-8.844
PPARG,m07,mut_s1,detail,1,198,OKBCXQJLCMYJOC-UHFFFAOYNA-N,-8.067
PPARG,m07,mut_s1,detail,1,199,UNUQJGDVJMRMAL-LBOYIXSDNA-N,-10.023
PPARG,m07,mut_s1,detail,1,200,AYOFFOZNXNLQIO-UHFFFAOYNA-N,-8.081
PPARG,m07,mut_s1,detail,1,201,XSCHYHFIQNFPFK-VJSLDGLSNA-N,-8.371
PPARG,m07,mut_s1,detail,1,202,JTLSDSKNFBJVAB-CAXFFFRFNA-N,-8.797
PPARG,m07,mut_s1,detail,1,203,DTRCHIYQUYRTQL-ARSKLOKFNA-N,-8.274
PPARG,m07,mut_s1,detail,1,204,HHCWBKAHPBAUDS-LBOYIXSDNA-N,-9.98
PPARG,m07,mut_s1,detail,1,205,SQFXMWLUFDMDIG-LBOYIXSDNA-N,-8.841
PPARG,m07,mut_s1,detail,1,206,DAAUKUQYGMNNAH-ZUKIQNPFNA-N,-11.168
PPARG,m07,mut_s1,detail,1,207,POLXUFYBMIRDEG-UHFFFAOYNA-N,-9.299
PPARG,m07,mut_s1,detail,1,208,HAQNCPOGRFKYNP-WNTKXCTINA-N,-9.655
PPARG,m07,mut_s1,detail,1,209,CQWFJACPUQVVQZ-UHFFFAOYNA-N,-8.538
PPARG,m07,mut_s1,detail,1,210,DPMMEOUVESBMSC-ZENAZSQFNA-N,-8.715
PPARG,m07,mut_s1,detail,1,211,SWRYMOBQOOSZGE-LFJJEMAGNA-N,-10.485
PPARG,m07,mut_s1,detail,1,212,VJTYYKXVGAQBPX-BGYRXZFFNA-N,-8.609
PPARG,m07,mut_s1,detail,1,213,BWCCBKUPFRNBAM-QBBGPZPNNA-N,-9.613
PPARG,m07,mut_s1,detail,1,214,LNHIEYLABBPNKJ-HXTKINSTNA-N,-10.418
PPARG,m07,mut_s1,detail,1,215,URPWVRUGSFROGL-IWCCUHEHNA-N,-7.938
PPARG,m07,mut_s1,detail,1,216,VVHGIVKRWDSJFH-HXTKINSTNA-N,-10.212
PPARG,m07,mut_s1,detail,1,217,SXHIZYRFWJFSEN-WUSLAWIHNA-N,-8.612
PPARG,m07,mut_s1,detail,1,218,CNHPXUMQURIPRN-UHFFFAOYNA-N,-11.656
PPARG,m07,mut_s1,detail,1,219,SGUIKZIYGVGMML-UHFFFAOYNA-N,-8.666
PPARG,m07,mut_s1,detail,1,220,DEVOTYUCWQFKBI-SREBMQDQNA-N,-10.674
PPARG,m07,mut_s1,detail,1,221,HGLIGFILENTPME-YQIREZNHNA-N,-9.914
PPARG,m07,mut_s1,detail,1,222,TYJWHVJYDSKQKB-UHFFFAOYNA-N,-8.53
PPARG,m07,mut_s1,detail,1,223,KOZFSFOOLUUIGY-NHZRFLDCNA-N,-8.849
PPARG,m07,mut_s1,detail,1,224,IVUDLYCHNURAOH-INNNKKOMNA-N,-7.231
PPARG,m07,mut_s1,detail,1,225,KDGUWZZCFXNBKJ-UHFFFAOYNA-N,-8.26
PPARG,m07,mut_s1,detail,1,226,DTVVSEVQQLRJMR-ZIFUYXECNA-N,-8.168
PPARG,m07,mut_s1,detail,1,227,MUDPTEIPVZCOGV-UHFFFAOYNA-N,-9.826
PPARG,m07,mut_s1,detail,1,228,IFHBUYGFCSEHIF-OKPOJWAQNA-N,-9.071
PPARG,m07,mut_s1,detail,1,229,CRKWKHJABOJVAY-SKKVRFOWNA-N,-8.429
PPARG,m07,mut_s1,detail,1,230,DXEPONXIBPHOTN-ZJLLOKRPNA-N,-9.468
PPARG,m07,mut_s1,detail,1,231,ULXBTCAXCQWKDE-UHFFFAOYNA-N,-9.802
PPARG,m07,mut_s1,detail,1,232,WJHXPQKEBQOSHE-HXTKINSTNA-N,-9.383
PPARG,m07,mut_s1,detail,1,233,KRFOOEYNOKIXRO-PKRZOPRNNA-N,-11.344
PPARG,m07,mut_s1,detail,1,234,BQPRGAIDSWVYAW-LELJVTLKNA-N,-8.755
PPARG,m07,mut_s1,detail,1,235,YRMKMEPMFOFXGH-LELJVTLKNA-N,-8.305
PPARG,m07,mut_s1,detail,1,236,OOPGLCWBUZVAMU-CSODHUTKNA-N,-6.53
PPARG,m07,mut_s1,detail,1,237,ABMSGZYILANGCA-HXTKINSTNA-N,-9.28
PPARG,m07,mut_s1,detail,1,238,PTAKEHSCNRJTCJ-UHFFFAOYNA-N,-9.645
PPARG,m07,mut_s1,detail,1,239,HOXYGIWZMBSLPN-TWPXYFCBNA-N,-8.33
PPARG,m07,mut_s1,detail,1,240,XKHSVUSPZVNCOT-VWSSANQENA-N,-7.389
PPARG,m07,mut_s1,detail,1,241,XONRVXOEJMEUIV-UHFFFAOYNA-N,-9.316
PPARG,m07,mut_s1,detail,1,242,RJVLVZUXYHWKDL-KIKCKTDGNA-N,-8.079
PPARG,m07,mut_s1,detail,1,243,QFJGVFMADWIIMK-BDGWVKIONA-N,-9.056
PPARG,m07,mut_s1,detail,1,244,SCZNNLLAHVLZMK-HXTKINSTNA-N,-9.811
PPARG,m07,mut_s1,detail,1,245,OBFAALRUGGJRGU-PKRZOPRNNA-N,-8.116
PPARG,m07,mut_s1,detail,1,246,PBDIAJYRAMOINO-WFOUAHBYNA-N,-8.245
PPARG,m07,mut_s1,detail,1,247,NAMSGSSCIKIOGU-UHFFFAOYNA-N,-9.59
PPARG,m07,mut_s1,detail,1,248,GJTMJMUIFFQIQN-BQVZJPQVNA-N,-8.129
PPARG,m07,mut_s1,detail,1,249,FHHOEGKZVIYWLM-PKRZOPRNNA-N,-8.665
PPARG,m07,mut_s1,detail,1,250,LWSUSTXYIGVJTM-DDTQQWOSNA-N,-9.524
PPARG,m07,mut_s1,detail,1,251,VAXBUDASTPYURF-YIOWICSRNA-N,-9.355
PPARG,m07,mut_s1,detail,1,252,JHBVXZXFCJIAJZ-CUCLJGHLNA-N,-11.479
PPARG,m07,mut_s1,detail,1,253,XASICACCYVTJDX-UHFFFAOYNA-N,-10.055
PPARG,m07,mut_s1,detail,1,254,FRWAWZNXORYJGK-UHFFFAOYNA-N,-9.773
PPARG,m07,mut_s1,detail,1,255,YVEPCRMWSAAWMS-BHOFNQNONA-N,-10.167
