target,receptor,tag,mode,seed,k,inchikey,score
PPARD,wt,wt_s1,detail,1,0,IFHZOGDEYHFNQO-PKSOQXRJNA-N,-9.425
PPARD,wt,wt_s1,detail,1,1,PZDDADWKMMNNHC-UHFFFAOYNA-N,-7.148
PPARD,wt,wt_s1,detail,1,2,BUEYTYZOCKWHHR-UHFFFAOYNA-N,-7.025
PPARD,wt,wt_s1,detail,1,3,URXMTXGGQRBQQC-LNZJGEAENA-N,-6.665
PPARD,wt,wt_s1,detail,1,4,NNVZANSRDHCDLK-UHFFFAOYNA-N,-9.001
PPARD,wt,wt_s1,detail,1,5,YCVTUSIXNJAXKA-UHFFFAOYNA-N,-8.572
PPARD,wt,wt_s1,detail,1,6,YLQOELRYUQBERL-YHMJCDSINA-N,-6.995
PPARD,wt,wt_s1,detail,1,7,XIOYZAUVDJKWCL-UHFFFAOYNA-N,-9.071
PPARD,wt,wt_s1,detail,1,8,NYBRKCCEVRSDNF-UHFFFAOYNA-N,-9.086
PPARD,wt,wt_s1,detail,1,9,HOWDUDRRYYVTNY-NDKGDYFDNA-N,-7.732
PPARD,wt,wt_s1,detail,1,10,RVRIAONMWINUPS-GPQMBLKYNA-N,-7.537
PPARD,wt,wt_s1,detail,1,11,UVVPLBQLDVTPSL-RVQYIEHVNA-N,-5.968
PPARD,wt,wt_s1,detail,1,12,AXXXFCGETBIMKI-UHFFFAOYNA-N,-8.015
PPARD,wt,wt_s1,detail,1,13,RBMUBAYHBUBLMR-NKWLYDBFNA-N,-8.581
PPARD,wt,wt_s1,detail,1,14,BTIHIHBWVGQIIQ-UHFFFAOYNA-N,-6.608
PPARD,wt,wt_s1,detail,1,15,ACAOHWOPNZHWAF-WNVDMVQFNA-N,-8.449
PPARD,wt,wt_s1,detail,1,16,VEFTYKZXVJQBER-ZHLVXTBQNA-N,-6.449
PPARD,wt,wt_s1,detail,1,17,QBQDUEWXIOEVKT-UYBDAZJANA-N,-9.408
PPARD,wt,wt_s1,detail,1,18,KRGQOKCRZMRVRH-UHFFFAOYNA-N,-6.149
PPARD,wt,wt_s1,detail,1,19,YXGMBGNPGWDLBJ-WYUMXYHSNA-N,-7.484
PPARD,wt,wt_s1,detail,1,20,LHQICPSUYGARIS-UHFFFAOYNA-N,-8.828
PPARD,wt,wt_s1,detail,1,21,ZXVNJVRABSCRGU-GPQMBLKYNA-N,-8.464
PPARD,wt,wt_s1,detail,1,22,TYXGDELQOONTQQ-DQDSCPLDNA-N,-8.169
PPARD,wt,wt_s1,detail,1,23,FMDKDGDDTIJRQT-WRCMMWDQNA-N,-7.348
PPARD,wt,wt_s1,detail,1,24,DXLLFVXDQQMGGM-LILDFLRNNA-N,-7.436
PPARD,wt,wt_s1,detail,1,25,RCFHJSCTPLCRAN-UHFFFAOYNA-N,-8.204
PPARD,wt,wt_s1,detail,1,26,LOIKOLAEHONJTE-KARVIEMNNA-N,-8.557
PPARD,wt,wt_s1,detail,1,27,ZBEDJPDEINGEHM-UHFFFAOYNA-N,-6.156
PPARD,wt,wt_s1,detail,1,28,PKHXJWYQMRFPTR-LILDFLRNNA-N,-7.945
PPARD,wt,wt_s1,detail,1,29,DGFWWFXFIZOMRX-WXRBYKJCNA-N,-6.541
PPARD,wt,wt_s1,detail,1,30,NDEDMCKHRVZXGD-VEWCPZSHNA-N,-7.85
PPARD,wt,wt_s1,detail,1,31,UPOCYXRXSNRNNU-UHFFFAOYNA-N,-8.159
PPARD,wt,wt_s1,detail,1,32,UGLPVHLKYTWQRV-UHFFFAOYNA-N,-8.364
PPARD,wt,wt_s1,detail,1,33,VEBIFNQLJFTSLJ-GPQMBLKYNA-N,-7.864
PPARD,wt,wt_s1,detail,1,34,FZGYMZTVBMODJR-GUYCJALGNA-N,-7.928
PPARD,wt,wt_s1,detail,1,35,XVAMDQGNCAYOLZ-CMNYYERHNA-N,-7.902
PPARD,wt,wt_s1,detail,1,36,MRHCSNNEUHXNIC-DLGLGFIGNA-N,-8.167
PPARD,wt,wt_s1,detail,1,37,QXSUNGXUTAFLCR-HCKMINDGNA-N,-8.342
PPARD,wt,wt_s1,detail,1,38,BTUZBQRUTGYGSI-SAAHQOFTNA-N,-8.052
PPARD,wt,wt_s1,detail,1,39,TTYMNRMJLOVQEL-UHFFFAOYNA-N,-7.522
PPARD,wt,wt_s1,detail,1,40,IVQOCTZDCXKGHW-UHFFFAOYNA-N,-7.868
PPARD,wt,wt_s1,detail,1,41,SRWKAZSWOPMZLA-WYUMXYHSNA-N,-7.981
PPARD,wt,wt_s1,detail,1,42,QPEDEGUPTWDSJM-UHFFFAOYNA-N,-8.671
PPARD,wt,wt_s1,detail,1,43,ISYYCVGFJSIOIJ-UHFFFAOYNA-N,-7.097
PPARD,wt,wt_s1,detail,1,44,MTUZLFBKKNTLNL-YHMJCDSINA-N,-7.641
PPARD,wt,wt_s1,detail,1,45,JOFJZXKVGWGQRQ-UHFFFAOYNA-N,-6.056
PPARD,wt,wt_s1,detail,1,46,KOHAFBWLWQFBFU-UHFFFAOYNA-N,-7.941
PPARD,wt,wt_s1,detail,1,47,YHDLLKNPVWVCGF-UHFFFAOYNA-N,-8.327
PPARD,wt,wt_s1,detail,1,48,KIRJGAMLMFQPIX-LILDFLRNNA-N,-9.937
PPARD,wt,wt_s1,detail,1,49,MIUGSXDNQICPKY-AHPDCHJINA-N,-7.134
PPARD,wt,wt_s1,detail,1,50,NCQYFKGTEDNHPE-GPQMBLKYNA-N,-9.612
PPARD,wt,wt_s1,detail,1,51,OILQEGDAOXVJJG-UHFFFAOYNA-N,-8.202
PPARD,wt,wt_s1,detail,1,52,KMZMSABQJYKKBU-UHFFFAOYNA-N,-7.114
PPARD,wt,wt_s1,detail,1,53,ODNAHSRJQUKZJC-UHFFFAOYNA-N,-7.981
PPARD,wt,wt_s1,detail,1,54,WBXGNUJDIOVVDS-GPQMBLKYNA-N,-9.246
PPARD,wt,wt_s1,detail,1,55,KGFVHZKXNIFXQC-XQMQJMAZNA-N,-7.574
PPARD,wt,wt_s1,detail,1,56,ZGDACLBJJXLKJY-UHFFFAOYNA-N,-7.823
PPARD,wt,wt_s1,detail,1,57,ODQASWLALUMZKF-UHFFFAOYNA-N,-8.624
PPARD,wt,wt_s1,detail,1,58,HEAFXLZWNUOLNQ-UHFFFAOYNA-N,-8.337
PPARD,wt,wt_s1,detail,1,59,GDJPLZYPNHEBBO-GAJRPKRDNA-N,-7.286
PPARD,wt,wt_s1,detail,1,60,KZNIFHPLKGYRTM-UHFFFAOYNA-N,-7.738
PPARD,wt,wt_s1,detail,1,61,XCNLTPWPUBZVTB-WUKNDPDINA-N,-7.382
PPARD,wt,wt_s1,detail,1,62,UJJQDGSLGZZHPE-VEWCPZSHNA-N,-7.845
PPARD,wt,wt_s1,detail,1,63,KUDKBYQDLXZYQT-YAQRNVERNA-N,-7.698
PPARD,wt,wt_s1,detail,1,64,XZDKQJKAVDHUJN-UHFFFAOYNA-N,-9.123
PPARD,wt,wt_s1,detail,1,65,PIHCOUNEIQIOLH-UYBDAZJANA-N,-8.388
PPARD,wt,wt_s1,detail,1,66,FTVJNPIOPFNKML-GPQMBLKYNA-N,-7.757
PPARD,wt,wt_s1,detail,1,67,HHYDNYVAHAHWJL-UHFFFAOYNA-N,-6.62
PPARD,wt,wt_s1,detail,1,68,MXABEVYDQHVOES-NSHDSACANA-N,-8.39
PPARD,wt,wt_s1,detail,1,69,ONNIOMOHOZUMKS-YGZLFCMANA-N,-8.267
PPARD,wt,wt_s1,detail,1,70,DQLGXAYUAURASJ-XXTDWMNGNA-N,-10.255
PPARD,wt,wt_s1,detail,1,71,QGKGHRAWZIKZRJ-WYUMXYHSNA-N,-8.386
PPARD,wt,wt_s1,detail,1,72,JWCQSDFAPBNHSM-UHFFFAOYNA-N,-7.673
PPARD,wt,wt_s1,detail,1,73,RNSJXWMAYUTWOI-UHFFFAOYNA-N,-8.364
PPARD,wt,wt_s1,detail,1,74,AKOOSRNDNZPJNL-PKSOQXRJNA-N,-8.8
PPARD,wt,wt_s1,detail,1,75,BFENEDRNBGYKMO-OTJKMEOQNA-N,-7.913
PPARD,wt,wt_s1,detail,1,76,RULIAUGJMVIUMH-QWOVJGMINA-N,-8.272
PPARD,wt,wt_s1,detail,1,77,VHAIHOXTBBWMRC-LILDFLRNNA-N,-7.386
PPARD,wt,wt_s1,detail,1,78,MMWVUKRVNHSCOU-XWVGVUDUNA-N,-8.739
PPARD,wt,wt_s1,detail,1,79,VEUYFZWVWBJLBT-LILDFLRNNA-N,-6.969
PPARD,wt,wt_s1,detail,1,80,UEVUVZKOTQNFQQ-UHFFFAOYNA-N,-8.614
PPARD,wt,wt_s1,detail,1,81,AVUDBVVAYWAMLJ-UHFFFAOYNA-N,-8.882
PPARD,wt,wt_s1,detail,1,82,BQVDJEOYDDRFHV-UHFFFAOYNA-N,-7.186
PPARD,wt,wt_s1,detail,1,83,RJDWHDCXBZVKHF-UHFFFAOYNA-N,-9.623
PPARD,wt,wt_s1,detail,1,84,UUIYULWYHDSXHL-YREUQKFVNA-N,-7.368
PPARD,wt,wt_s1,detail,1,85,KSVYPWJPODFWFB-MHWRWJLKNA-N,-9.171
PPARD,wt,wt_s1,detail,1,86,YTOTVFWYSYGJKJ-MPIMZMORNA-N,-8.943
PPARD,wt,wt_s1,detail,1,87,LDEBHGWOYJCQTG-SFHVURJKNA-N,-7.545
PPARD,wt,wt_s1,detail,1,88,NXBTXYMTUUWSCC-XBTAAFKLNA-N,-9.247
PPARD,wt,wt_s1,detail,1,89,HRLJAEIRFSEJAW-UHFFFAOYNA-N,-8.296
PPARD,wt,wt_s1,detail,1,90,HROYNIXUIVDQJH-UHFFFAOYNA-N,-8.645
PPARD,wt,wt_s1,detail,1,91,BYXXTGCOSOYREY-QWOVJGMINA-N,-8.702
PPARD,wt,wt_s1,detail,1,92,AWXVIXMNAQQCCZ-OEMYIYORNA-N,-8.075
PPARD,wt,wt_s1,detail,1,93,PVTHJAPFENJVNC-ANRNRNKZNA-N,-7.118
PPARD,wt,wt_s1,detail,1,94,IMPAUHAIMHCPEJ-PKSOQXRJNA-N,-9.787
PPARD,wt,wt_s1,detail,1,95,SLOJERRRBYNXAR-NPQUBYNZNA-N,-8.662
PPARD,wt,wt_s1,detail,1,96,YWBJCOHEBDEQDR-PKSOQXRJNA-N,-8.401
PPARD,wt,wt_s1,detail,1,97,WWRBDTKNUXAXRR-XAVYIPQLNA-O,-8.047
PPARD,wt,wt_s1,detail,1,98,HBERTCHGBHHVDT-LILDFLRNNA-N,-9.932
PPARD,wt,wt_s1,detail,1,99,BXKUVDXLHUBVPA-ZWQIFLOQNA-N,-5.223
PPARD,wt,wt_s1,detail,1,100,WBWFIUAVMCNYPG-FPLPWBNLNA-N,-7.625
PPARD,wt,wt_s1,detail,1,101,VRWIFQNGGPFLST-UYBDAZJANA-N,-8.585
PPARD,wt,wt_s1,detail,1,102,JTAPVIPBGIDRDE-UHFFFAOYNA-N,-10.368
PPARD,wt,wt_s1,detail,1,103,HBTCLXRQQIHFQB-GDEMPAQCNA-N,-7.916
PPARD,wt,wt_s1,detail,1,104,DXJSFQXIPUHFQK-QWOVJGMINA-N,-6.869
PPARD,wt,wt_s1,detail,1,105,RBEMVAFKFYHQIB-UYBDAZJANA-N,-9.435
PPARD,wt,wt_s1,detail,1,106,QEKAHUYYWSNHDY-DZQCGVKKNA-N,-8.323
PPARD,wt,wt_s1,detail,1,107,RCSUTAOLFYVOEE-UHFFFAOYNA-N,-7.979
PPARD,wt,wt_s1,detail,1,108,MYBUANZGRGNVPO-YSPVQWMYNA-N,-9.283
PPARD,wt,wt_s1,detail,1,109,UIQCZMYFTSFLPQ-LQFNOIFHNA-N,-9.829
PPARD,wt,wt_s1,detail,1,110,QRMYORHEAHTJBC-GPQMBLKYNA-N,-8.583
PPARD,wt,wt_s1,detail,1,111,CPYTXWFFFQKUDP-QFAGIUQONA-N,-9.022
PPARD,wt,wt_s1,detail,1,112,DCIAJQYVIKONRS-QWOVJGMINA-N,-9.426
PPARD,wt,wt_s1,detail,1,113,ZMMGBIJMLCNSOV-PKSOQXRJNA-N,-7.768
PPARD,wt,wt_s1,detail,1,114,MRFDGPBJIFXZIT-NPQUBYNZNA-N,-9.61
PPARD,wt,wt_s1,detail,1,115,KANCHOKOTXNDQH-NVQSQQPGNA-N,-6.822
PPARD,wt,wt_s1,detail,1,116,SOAWEEUOPZCBSN-UHFFFAOYNA-N,-9.994
PPARD,wt,wt_s1,detail,1,117,BHXYDHWPQIADCG-HZFZDWCWNA-N,-7.996
PPARD,wt,wt_s1,detail,1,118,LVIWVNDQNUSMMV-LILDFLRNNA-N,-7.415
PPARD,wt,wt_s1,detail,1,119,UBAMGTKSOKGECF-UHFFFAOYNA-N,-7.417
PPARD,wt,wt_s1,detail,1,120,YSVHPRBZNNADQG-UHFFFAOYNA-N,-7.303
PPARD,wt,wt_s1,detail,1,121,IXZAZBWJQHWVHS-QVUQFMIFNA-N,-8.937
PPARD,wt,wt_s1,detail,1,122,NILCXRPLMSLFEG-HQHQJUQONA-N,-7.692
PPARD,wt,wt_s1,detail,1,123,HRNRRPMOOJUJLK-QWOVJGMINA-N,-9.243
PPARD,wt,wt_s1,detail,1,124,OLSXSUXZOLBVQZ-QVUQFMIFNA-N,-8.694
PPARD,wt,wt_s1,detail,1,125,XZMGFGHEVBEPKS-UHFFFAOYNA-N,-10.058
PPARD,wt,wt_s1,detail,1,126,MNLBKBCAEFZATB-UHFFFAOYNA-N,-8.355
PPARD,wt,wt_s1,detail,1,127,NNTZETQYCAZKJF-UYBDAZJANA-N,-9.464
PPARD,wt,wt_s1,detail,1,128,AKEDBCQYOCYZDX-PLBWUZGSNA-N,-8.575
PPARD,wt,wt_s1,detail,1,129,HCXOEHYNUWUKAG-UHFFFAOYNA-N,-8.501
PPARD,wt,wt_s1,detail,1,130,CWKHWSAMAAAUEN-UYBDAZJANA-N,-8.475
PPARD,wt,wt_s1,detail,1,131,VMZWELQEDXUUJX-HXTKINSTNA-N,-7.104
PPARD,wt,wt_s1,detail,1,132,PCMOPVSFMUOUFR-OAQYLSRUNA-N,-8.469
PPARD,wt,wt_s1,detail,1,133,POFKEPXNJQGIOB-DIRLUKLVNA-N,-10.62
PPARD,wt,wt_s1,detail,1,134,GQNKLNZBZDEAMD-VQHCSMNLNA-N,-9.921
PPARD,wt,wt_s1,detail,1,135,COFQAKCKCHDGNW-ZXWGSDNONA-N,-8.556
PPARD,wt,wt_s1,detail,1,136,XURFWWBVADUSQL-LNNLXFCONA-N,-10.57
PPARD,wt,wt_s1,detail,1,137,LBDHNFPYMBLBSB-CLCOLTQENA-N,-7.292
PPARD,wt,wt_s1,detail,1,138,QKIJTUQIQQZCIX-UYBDAZJANA-N,-9.335
PPARD,wt,wt_s1,detail,1,139,UXLJJGBAQOYQMV-UHFFFAOYNA-N,-7.82
PPARD,wt,wt_s1,detail,1,140,WQAWGOAEJJIYFP-DEOSSOPVNA-N,-9.331
PPARD,wt,wt_s1,detail,1,141,MBNPYPWQYGHCTB-UHFFFAOYNA-N,-8.855
PPARD,wt,wt_s1,detail,1,142,XAYHBRQVRJQCAH-PKSOQXRJNA-N,-8.059
PPARD,wt,wt_s1,detail,1,143,GNTOXDIONQLPFR-CXUHLZMHNA-N,-8.576
PPARD,wt,wt_s1,detail,1,144,RIVKJCNOYQAWOL-VCZDBIKCNA-N,-9.528
PPARD,wt,wt_s1,detail,1,145,LRRFROMGHKZMSA-PKRZOPRNNA-N,-10.369
PPARD,wt,wt_s1,detail,1,146,HWUKVYPOCLJTSN-RJJUGOMSNA-N,-9.377
PPARD,wt,wt_s1,detail,1,147,JAQNENPDJAEDSC-UHFFFAOYNA-N,-9.018
PPARD,wt,wt_s1,detail,1,148,ZYQCCRUKVDVTJE-ZUOKHONENA-N,-7.099
PPARD,wt,wt_s1,detail,1,149,UUWCZQYGBSUBRG-SPEPDGBUNA-N,-11.226
PPARD,wt,wt_s1,detail,1,150,KNGPIEIQVMOPHJ-PKSOQXRJNA-N,-8.708
PPARD,wt,wt_s1,detail,1,151,CTDCFVMSXQQWDC-HXTKINSTNA-N,-9.343
PPARD,wt,wt_s1,detail,1,152,AELMMQNCWIYZED-UHFFFAOYNA-N,-8.366
PPARD,wt,wt_s1,detail,1,153,BTBRAURMAUKXDM-UHFFFAOYNA-N,-8.184
PPARD,wt,wt_s1,detail,1,154,DWAPJEYUYKZUPW-UYBDAZJANA-N,-9.874
PPARD,wt,wt_s1,detail,1,155,MTWNFHPRKAIWJY-LQFNOIFHNA-N,-9.652
PPARD,wt,wt_s1,detail,1,156,XMOFGSWSGOXFPP-MPIMZMORNA-N,-8.956
PPARD,wt,wt_s1,detail,1,157,VVSBVXXITLYIIA-CKFYMFOVNA-N,-9.509
PPARD,wt,wt_s1,detail,1,158,GAXPVNSBLNNWCZ-PSHYBUTQNA-N,-8.17
PPARD,wt,wt_s1,detail,1,159,XDYREIZGNBPMPJ-IBGZPJMENA-N,-9.207
PPARD,wt,wt_s1,detail,1,160,WITBRHUYBFKPOL-MPIMZMORNA-N,-8.817
PPARD,wt,wt_s1,detail,1,161,IBIQKJHXTSLLBQ-PKRZOPRNNA-N,-9.953
PPARD,wt,wt_s1,detail,1,162,VLUGXHSPLMSNET-LNNLXFCONA-N,-9.331
PPARD,wt,wt_s1,detail,1,163,IEQABWYSQBHOMM-UHFFFAOYNA-N,-8.717
PPARD,wt,wt_s1,detail,1,164,FWLMJHGQRXWNIS-UHFFFAOYNA-N,-9.314
PPARD,wt,wt_s1,detail,1,165,RZJWOMPOSAPIJL-LQFNOIFHNA-N,-8.759
PPARD,wt,wt_s1,detail,1,166,ZUMDOGBUKHTCOC-CWWQGPJMNA-N,-10.05
PPARD,wt,wt_s1,detail,1,167,ANZGKDRXGOPIJA-QWOVJGMINA-N,-8.098
PPARD,wt,wt_s1,detail,1,168,QUISVMJELRRHAG-UHFFFAOYNA-N,-9.064
PPARD,wt,wt_s1,detail,1,169,XZFCGNQJCGTXNQ-ZVHZXABRNA-N,-8.719
PPARD,wt,wt_s1,detail,1,170,UGPWOMSWEMIIJH-UHFFFAOYNA-N,-9.367
PPARD,wt,wt_s1,detail,1,171,WGMQZHYPIKBUML-LQFNOIFHNA-N,-7.773
PPARD,wt,wt_s1,detail,1,172,HPNLHDILXMKRJE-UHFFFAOYNA-N,-8.402
PPARD,wt,wt_s1,detail,1,173,AQBHPXSDFXKHIG-LELJVTLKNA-N,-8.769
PPARD,wt,wt_s1,detail,1,174,BHPSGEAUUZMDDL-QFIPXVFZNA-N,-10.292
PPARD,wt,wt_s1,detail,1,175,RHMDXGNHLMFANS-XBXBPLPCNA-N,-8.816
PPARD,wt,wt_s1,detail,1,176,HZXUSKDOXPOMIW-PKSOQXRJNA-N,-8.65
PPARD,wt,wt_s1,detail,1,177,QBBIMTGZZXPUPY-UHFFFAOYNA-N,-7.955
PPARD,wt,wt_s1,detail,1,178,FAALFCIDNMPXJU-LNNLXFCONA-N,-10.686
PPARD,wt,wt_s1,detail,1,179,UEGWFDMCEAIRSE-DVIAZDKANA-N,-8.519
PPARD,wt,wt_s1,detail,1,180,QATBWONTRXXCBE-UHFFFAOYNA-N,-8.907
PPARD,wt,wt_s1,detail,1,181,IEWZULBPMDXTLX-LQFNOIFHNA-N,-11.463
PPARD,wt,wt_s1,detail,1,182,DTUUXDIGBXNINJ-PKSOQXRJNA-N,-8.525
PPARD,wt,wt_s1,detail,1,183,FFDDOWCKFPDEPQ-KIYDBJNPNA-N,-9.581
PPARD,wt,wt_s1,detail,1,184,LFTDMBYAYYEBDL-XWYQMZBENA-N,-9.872
PPARD,wt,wt_s1,detail,1,185,VZFTWWJAUZOJDH-YANQHBGHNA-N,-10.099
PPARD,wt,wt_s1,detail,1,186,YNUOGMCLPCOTIC-UHFFFAOYNA-N,-9.17
PPARD,wt,wt_s1,detail,1,187,WDXONUYXRRUOAF-LELJVTLKNA-N,-8.492
PPARD,wt,wt_s1,detail,1,188,FWYUTSUWWZVOGD-UHFFFAOYNA-N,-8.275
PPARD,wt,wt_s1,detail,1,189,VMDJSIGZJOXSGC-UHFFFAOYNA-N,-8.994
PPARD,wt,wt_s1,detail,1,190,IIVPENRIUTZXCZ-DFVASWNCNA-N,-8.496
PPARD,wt,wt_s1,detail,1,191,HHKIXRJLSXZGIO-LBOYIXSDNA-N,-9.513
PPARD,wt,wt_s1,detail,1,192,VFCHPGXNLRROSP-UHFFFAOYNA-N,-9.297
PPARD,wt,wt_s1,detail,1,193,LQNMNFIDHADHQU-LQFNOIFHNA-N,-9.353
PPARD,wt,wt_s1,detail,1,194,DWCQXZSEATZNGJ-JXAWBTAJNA-N,-7.455
PPARD,wt,wt_s1,detail,1,195,XCFKTIVHIIOEHO-XRJCTRHONA-N,-10.703
PPARD,wt,wt_s1,detail,1,196,CTKVVCDWNBLQHQ-VJSLDGLSNA-N,-8.446
PPARD,wt,wt_s1,detail,1,197,SJEBTTUNLKKAEO-QFIPXVFZNA-N,-9.901
PPARD,wt,wt_s1,detail,1,198,VUVBMRFFLDJIKB-UHFFFAOYNA-N,-7.482
PPARD,wt,wt_s1,detail,1,199,CRDOCDKYXPCHRG-GMLXSZADNA-N,-9.627
PPARD,wt,wt_s1,detail,1,200,PTRAWPOMIAVCDX-NPZFWETONA-N,-10.078
PPARD,wt,wt_s1,detail,1,201,YPCVJZIGKJSYKB-XWQTZBKQNA-N,-10.536
PPARD,wt,wt_s1,detail,1,202,DDQUBMKKMCESIY-UHFFFAOYNA-N,-9.108
PPARD,wt,wt_s1,detail,1,203,QRBHMNKXVMROIF-UHFFFAOYNA-N,-10.222
PPARD,wt,wt_s1,detail,1,204,CSCOHEYTBLBQMG-SREBMQDQNA-N,-10.15
PPARD,wt,wt_s1,detail,1,205,FPRLMEVUSKOQRF-UHFFFAOYNA-N,-8.444
PPARD,wt,wt_s1,detail,1,206,VRUTXMQQNLYKSZ-SPEPDGBUNA-N,-10.053
PPARD,wt,wt_s1,detail,1,207,IFVIZWYRFUIABK-LKHHGCNMNA-N,-10.093
PPARD,wt,wt_s1,detail,1,208,BJSKDMOWRPAVMK-UHFFFAOYNA-N,-8.318
PPARD,wt,wt_s1,detail,1,209,AJDIYNONBYMZIF-ILOOJWFPNA-N,-10.579
PPARD,wt,wt_s1,detail,1,210,ABURDUMLEUCKOY-FYDYDPJYNA-N,-10.169
PPARD,wt,wt_s1,detail,1,211,ZXCSBCTVTJFLOZ-JUEKIJOLNA-N,-9.886
PPARD,wt,wt_s1,detail,1,212,SKVNACLQMJDJNT-JJFURXLTNA-N,-9.566
PPARD,wt,wt_s1,detail,1,213,OWDCBGQHUHBGKH-ODBASERBNA-N,-9.437
PPARD,wt,wt_s1,detail,1,214,RLXWTYPPMJNURK-LELJVTLKNA-N,-9.546
PPARD,wt,wt_s1,detail,1,215,LFFVXCIQPOOMOV-UHFFFAOYNA-N,-12.573
PPARD,wt,wt_s1,detail,1,216,ZFFOVIFFFSWOKF-PKRZOPRNNA-N,-11.977
PPARD,wt,wt_s1,detail,1,217,VVWGMEIQTOBDML-RDPOJNOENA-N,-9.443
PPARD,wt,wt_s1,detail,1,218,QAGLJDWYCCJEHH-IGBJZSFZNA-N,-8.541
PPARD,wt,wt_s1,detail,1,219,NFMSQLAKBDDECA-HXXFNXQYNA-N,-9.624
PPARD,wt,wt_s1,detail,1,220,RLKPYUHHHDBUKR-LKHHGCNMNA-N,-8.957
PPARD,wt,wt_s1,detail,1,221,FVGJPHFQQMQGFQ-PQVCHVPHNA-N,-11.57
PPARD,wt,wt_s1,detail,1,222,GGQXSFRJLUHOGQ-MDNXCRMFNA-N,-10.162
PPARD,wt,wt_s1,detail,1,223,LLLNQQOQHKAYHT-CSKMVECVNA-N,-10.315
PPARD,wt,wt_s1,detail,1,224,FTHKKKKNTGUTPA-NBVNDQADNA-N,-10.206
PPARD,wt,wt_s1,detail,1,225,BKYZARFJJFORLR-UHFFFAOYNA-N,-8.531
PPARD,wt,wt_s1,detail,1,226,XMHRXPMKDALTSG-YPBLIGHQNA-N,-8.542
PPARD,wt,wt_s1,detail,1,227,OVSPJLFXFWHQFE-HXTKINSTNA-N,-9.681
PPARD,wt,wt_s1,detail,1,228,SHBLCUUJYNQTSS-NRFANRHFNA-N,-9.674
PPARD,wt,wt_s1,detail,1,229,OHXYGRXPONZZPF-UHFFFAOYNA-N,-8.653
PPARD,wt,wt_s1,detail,1,230,XFOMWTKVHWXVRS-UHFFFAOYNA-N,-10.872
PPARD,wt,wt_s1,detail,1,231,HMPVPIRJMYFQCT-WXDRZTAENA-N,-9.409
PPARD,wt,wt_s1,detail,1,232,NRIQEFNHCJMSHL-UHFFFAOYNA-N,-11.088
PPARD,wt,wt_s1,detail,1,233,WQIKRJDLIIEKAG-WWXRYIHZNA-N,-9.843
PPARD,wt,wt_s1,detail,1,234,CQCKANIIWHCLDP-UHFFFAOYNA-N,-8.031
PPARD,wt,wt_s1,detail,1,235,QETNVWCEGLMMRQ-CXUYMYAGNA-N,-7.658
PPARD,wt,wt_s1,detail,1,236,MLYHNVDOBUQIID-NSJMMFDCNA-N,-11.04
PPARD,wt,wt_s1,detail,1,237,VBFOTEWTMOETMO-PECIQRARNA-N,-8.24
PPARD,wt,wt_s1,detail,1,238,NFSDYJKEOCQTKX-CYSPOYASNA-N,-8.899
PPARD,wt,wt_s1,detail,1,239,GZQHTWYWDSMEAW-UHFFFAOYNA-N,-8.267
PPARD,wt,wt_s1,detail,1,240,LZTXTKIYKWMRQJ-ZALBZXLWNA-N,-8.202
PPARD,wt,wt_s1,detail,1,241,YPDLHOCWYZLMQS-GFBXQOHCNA-N,-8.973
PPARD,wt,wt_s1,detail,1,242,FJUITIGQDNFRQI-UHFFFAOYNA-N,-8.49
PPARD,wt,wt_s1,detail,1,243,OHAIFIOFCXDBHP-NKTHEXPSNA-N,-8.486
PPARD,wt,wt_s1,detail,1,244,LSAXQHPWOGTFSG-UHFFFAOYNA-N,-7.963
PPARD,wt,wt_s1,detail,1,245,OENZVDXWLVYZJT-DHDJHLBQNA-N,-10.554
PPARD,wt,wt_s1,detail,1,246,UEOXIUXQBRDLJU-LBOYIXSDNA-N,-9.667
PPARD,wt,wt_s1,detail,1,247,YFYGWSCMDCTAKZ-MPIMZMORNA-N,-8.094
PPARD,wt,wt_s1,detail,1,248,AQHYVBHJINDJIW-UHFFFAOYNA-N,-7.936
PPARD,wt,wt_s1,detail,1,249,DBOAHQYVPCTALU-QBAQSEIJNA-N,-8.491
PPARD,wt,wt_s1,detail,1,250,NRMRHCTVBLZOIE-PJQSKVNONA-N,-8.856
PPARD,wt,wt_s1,detail,1,251,CGHADMRBCNGDHX-UOUKHUKPNA-N,-11.24
PPARD,wt,wt_s1,detail,1,252,DDZBRJBYGLTADL-TZFBGDORNA-N,-9.18
PPARD,wt,wt_s1,detail,1,253,LOIPDGFJRKDXSJ-UHFFFAOYNA-N,-9.407
PPARD,wt,wt_s1,detail,1,254,VBQAIJHAPZFIRO-MOQCICHVNA-N,-8.938
PPARD,wt,wt_s1,detail,1,255,YPVDZKHCFQJIDP-UHFFFAOYNA-N,-10.391
PPARD,wt,wt_s2,detail,2,0,IFHZOGDEYHFNQO-PKSOQXRJNA-N,-9.361
PPARD,wt,wt_s2,detail,2,1,PZDDADWKMMNNHC-UHFFFAOYNA-N,-6.957
PPARD,wt,wt_s2,detail,2,2,BUEYTYZOCKWHHR-UHFFFAOYNA-N,-7.306
PPARD,wt,wt_s2,detail,2,3,URXMTXGGQRBQQC-LNZJGEAENA-N,-6.694
PPARD,wt,wt_s2,detail,2,4,NNVZANSRDHCDLK-UHFFFAOYNA-N,-9.014
PPARD,wt,wt_s2,detail,2,5,YCVTUSIXNJAXKA-UHFFFAOYNA-N,-8.459
PPARD,wt,wt_s2,detail,2,6,YLQOELRYUQBERL-YHMJCDSINA-N,-6.991
PPARD,wt,wt_s2,detail,2,7,XIOYZAUVDJKWCL-UHFFFAOYNA-N,-8.863
PPARD,wt,wt_s2,detail,2,8,NYBRKCCEVRSDNF-UHFFFAOYNA-N,-9.062
PPARD,wt,wt_s2,detail,2,9,HOWDUDRRYYVTNY-NDKGDYFDNA-N,-7.724
PPARD,wt,wt_s2,detail,2,10,RVRIAONMWINUPS-GPQMBLKYNA-N,-7.646
PPARD,wt,wt_s2,detail,2,11,UVVPLBQLDVTPSL-RVQYIEHVNA-N,-6.257
PPARD,wt,wt_s2,detail,2,12,AXXXFCGETBIMKI-UHFFFAOYNA-N,-8.009
PPARD,wt,wt_s2,detail,2,13,RBMUBAYHBUBLMR-NKWLYDBFNA-N,-8.515
PPARD,wt,wt_s2,detail,2,14,BTIHIHBWVGQIIQ-UHFFFAOYNA-N,-7.362
PPARD,wt,wt_s2,detail,2,15,ACAOHWOPNZHWAF-WNVDMVQFNA-N,-8.459
PPARD,wt,wt_s2,detail,2,16,VEFTYKZXVJQBER-ZHLVXTBQNA-N,-6.262
PPARD,wt,wt_s2,detail,2,17,QBQDUEWXIOEVKT-UYBDAZJANA-N,-9.436
PPARD,wt,wt_s2,detail,2,18,KRGQOKCRZMRVRH-UHFFFAOYNA-N,-6.196
PPARD,wt,wt_s2,detail,2,19,YXGMBGNPGWDLBJ-WYUMXYHSNA-N,-7.5
PPARD,wt,wt_s2,detail,2,20,LHQICPSUYGARIS-UHFFFAOYNA-N,-8.865
PPARD,wt,wt_s2,detail,2,21,ZXVNJVRABSCRGU-GPQMBLKYNA-N,-8.479
PPARD,wt,wt_s2,detail,2,22,TYXGDELQOONTQQ-DQDSCPLDNA-N,-8.219
PPARD,wt,wt_s2,detail,2,23,FMDKDGDDTIJRQT-WRCMMWDQNA-N,-7.347
PPARD,wt,wt_s2,detail,2,24,DXLLFVXDQQMGGM-LILDFLRNNA-N,-7.521
PPARD,wt,wt_s2,detail,2,25,RCFHJSCTPLCRAN-UHFFFAOYNA-N,-8.245
PPARD,wt,wt_s2,detail,2,26,LOIKOLAEHONJTE-KARVIEMNNA-N,-8.602
PPARD,wt,wt_s2,detail,2,27,ZBEDJPDEINGEHM-UHFFFAOYNA-N,-6.055
PPARD,wt,wt_s2,detail,2,28,PKHXJWYQMRFPTR-LILDFLRNNA-N,-7.959
PPARD,wt,wt_s2,detail,2,29,DGFWWFXFIZOMRX-WXRBYKJCNA-N,-6.576
PPARD,wt,wt_s2,detail,2,30,NDEDMCKHRVZXGD-VEWCPZSHNA-N,-7.742
PPARD,wt,wt_s2,detail,2,31,UPOCYXRXSNRNNU-UHFFFAOYNA-N,-8.059
PPARD,wt,wt_s2,detail,2,32,UGLPVHLKYTWQRV-UHFFFAOYNA-N,-7.815
PPARD,wt,wt_s2,detail,2,33,VEBIFNQLJFTSLJ-GPQMBLKYNA-N,-7.747
PPARD,wt,wt_s2,detail,2,34,FZGYMZTVBMODJR-GUYCJALGNA-N,-7.982
PPARD,wt,wt_s2,detail,2,35,XVAMDQGNCAYOLZ-CMNYYERHNA-N,-7.931
PPARD,wt,wt_s2,detail,2,36,MRHCSNNEUHXNIC-DLGLGFIGNA-N,-8.132
PPARD,wt,wt_s2,detail,2,37,QXSUNGXUTAFLCR-HCKMINDGNA-N,-8.356
PPARD,wt,wt_s2,detail,2,38,BTUZBQRUTGYGSI-SAAHQOFTNA-N,-8.169
PPARD,wt,wt_s2,detail,2,39,TTYMNRMJLOVQEL-UHFFFAOYNA-N,-7.512
PPARD,wt,wt_s2,detail,2,40,IVQOCTZDCXKGHW-UHFFFAOYNA-N,-7.565
PPARD,wt,wt_s2,detail,2,41,SRWKAZSWOPMZLA-WYUMXYHSNA-N,-8.025
PPARD,wt,wt_s2,detail,2,42,QPEDEGUPTWDSJM-UHFFFAOYNA-N,-8.676
PPARD,wt,wt_s2,detail,2,43,ISYYCVGFJSIOIJ-UHFFFAOYNA-N,-7.088
PPARD,wt,wt_s2,detail,2,44,MTUZLFBKKNTLNL-YHMJCDSINA-N,-7.62
PPARD,wt,wt_s2,detail,2,45,JOFJZXKVGWGQRQ-UHFFFAOYNA-N,-5.92
PPARD,wt,wt_s2,detail,2,46,KOHAFBWLWQFBFU-UHFFFAOYNA-N,-7.942
PPARD,wt,wt_s2,detail,2,47,YHDLLKNPVWVCGF-UHFFFAOYNA-N,-8.295
PPARD,wt,wt_s2,detail,2,48,KIRJGAMLMFQPIX-LILDFLRNNA-N,-9.95
PPARD,wt,wt_s2,detail,2,49,MIUGSXDNQICPKY-AHPDCHJINA-N,-7.143
PPARD,wt,wt_s2,detail,2,50,NCQYFKGTEDNHPE-GPQMBLKYNA-N,-9.795
PPARD,wt,wt_s2,detail,2,51,OILQEGDAOXVJJG-UHFFFAOYNA-N,-8.197
PPARD,wt,wt_s2,detail,2,52,KMZMSABQJYKKBU-UHFFFAOYNA-N,-7.352
PPARD,wt,wt_s2,detail,2,53,ODNAHSRJQUKZJC-UHFFFAOYNA-N,-8.089
PPARD,wt,wt_s2,detail,2,54,WBXGNUJDIOVVDS-GPQMBLKYNA-N,-9.372
PPARD,wt,wt_s2,detail,2,55,KGFVHZKXNIFXQC-XQMQJMAZNA-N,-7.668
PPARD,wt,wt_s2,detail,2,56,ZGDACLBJJXLKJY-UHFFFAOYNA-N,-7.799
PPARD,wt,wt_s2,detail,2,57,ODQASWLALUMZKF-UHFFFAOYNA-N,-9.378
PPARD,wt,wt_s2,detail,2,58,HEAFXLZWNUOLNQ-UHFFFAOYNA-N,-8.294
PPARD,wt,wt_s2,detail,2,59,GDJPLZYPNHEBBO-GAJRPKRDNA-N,-7.288
PPARD,wt,wt_s2,detail,2,60,KZNIFHPLKGYRTM-UHFFFAOYNA-N,-7.762
PPARD,wt,wt_s2,detail,2,61,XCNLTPWPUBZVTB-WUKNDPDINA-N,-7.459
PPARD,wt,wt_s2,detail,2,62,UJJQDGSLGZZHPE-VEWCPZSHNA-N,-7.556
PPARD,wt,wt_s2,detail,2,63,KUDKBYQDLXZYQT-YAQRNVERNA-N,-7.902
PPARD,wt,wt_s2,detail,2,64,XZDKQJKAVDHUJN-UHFFFAOYNA-N,-9.021
PPARD,wt,wt_s2,detail,2,65,PIHCOUNEIQIOLH-UYBDAZJANA-N,-8.218
PPARD,wt,wt_s2,detail,2,66,FTVJNPIOPFNKML-GPQMBLKYNA-N,-7.986
PPARD,wt,wt_s2,detail,2,67,HHYDNYVAHAHWJL-UHFFFAOYNA-N,-6.825
PPARD,wt,wt_s2,detail,2,68,MXABEVYDQHVOES-NSHDSACANA-N,-8.328
PPARD,wt,wt_s2,detail,2,69,ONNIOMOHOZUMKS-YGZLFCMANA-N,-8.363
PPARD,wt,wt_s2,detail,2,70,DQLGXAYUAURASJ-XXTDWMNGNA-N,-10.223
PPARD,wt,wt_s2,detail,2,71,QGKGHRAWZIKZRJ-WYUMXYHSNA-N,-8.507
PPARD,wt,wt_s2,detail,2,72,JWCQSDFAPBNHSM-UHFFFAOYNA-N,-7.304
PPARD,wt,wt_s2,detail,2,73,RNSJXWMAYUTWOI-UHFFFAOYNA-N,-8.174
PPARD,wt,wt_s2,detail,2,74,AKOOSRNDNZPJNL-PKSOQXRJNA-N,-9.27
PPARD,wt,wt_s2,detail,2,75,BFENEDRNBGYKMO-OTJKMEOQNA-N,-7.859
PPARD,wt,wt_s2,detail,2,76,RULIAUGJMVIUMH-QWOVJGMINA-N,-8.371
PPARD,wt,wt_s2,detail,2,77,VHAIHOXTBBWMRC-LILDFLRNNA-N,-6.984
PPARD,wt,wt_s2,detail,2,78,MMWVUKRVNHSCOU-XWVGVUDUNA-N,-8.521
PPARD,wt,wt_s2,detail,2,79,VEUYFZWVWBJLBT-LILDFLRNNA-N,-7.224
PPARD,wt,wt_s2,detail,2,80,UEVUVZKOTQNFQQ-UHFFFAOYNA-N,-8.664
PPARD,wt,wt_s2,detail,2,81,AVUDBVVAYWAMLJ-UHFFFAOYNA-N,-8.887
PPARD,wt,wt_s2,detail,2,82,BQVDJEOYDDRFHV-UHFFFAOYNA-N,-6.897
PPARD,wt,wt_s2,detail,2,83,RJDWHDCXBZVKHF-UHFFFAOYNA-N,-9.637
PPARD,wt,wt_s2,detail,2,84,UUIYULWYHDSXHL-YREUQKFVNA-N,-7.418
PPARD,wt,wt_s2,detail,2,85,KSVYPWJPODFWFB-MHWRWJLKNA-N,-9.677
PPARD,wt,wt_s2,detail,2,86,YTOTVFWYSYGJKJ-MPIMZMORNA-N,-9.035
PPARD,wt,wt_s2,detail,2,87,LDEBHGWOYJCQTG-SFHVURJKNA-N,-7.704
PPARD,wt,wt_s2,detail,2,88,NXBTXYMTUUWSCC-XBTAAFKLNA-N,-9.394
PPARD,wt,wt_s2,detail,2,89,HRLJAEIRFSEJAW-UHFFFAOYNA-N,-8.515
PPARD,wt,wt_s2,detail,2,90,HROYNIXUIVDQJH-UHFFFAOYNA-N,-8.459
PPARD,wt,wt_s2,detail,2,91,BYXXTGCOSOYREY-QWOVJGMINA-N,-8.139
PPARD,wt,wt_s2,detail,2,92,AWXVIXMNAQQCCZ-OEMYIYORNA-N,-8.012
PPARD,wt,wt_s2,detail,2,93,PVTHJAPFENJVNC-ANRNRNKZNA-N,-6.75
PPARD,wt,wt_s2,detail,2,94,IMPAUHAIMHCPEJ-PKSOQXRJNA-N,-9.758
PPARD,wt,wt_s2,detail,2,95,SLOJERRRBYNXAR-NPQUBYNZNA-N,-8.716
PPARD,wt,wt_s2,detail,2,96,YWBJCOHEBDEQDR-PKSOQXRJNA-N,-8.365
PPARD,wt,wt_s2,detail,2,97,WWRBDTKNUXAXRR-XAVYIPQLNA-O,-8.433
PPARD,wt,wt_s2,detail,2,98,HBERTCHGBHHVDT-LILDFLRNNA-N,-9.739
PPARD,wt,wt_s2,detail,2,99,BXKUVDXLHUBVPA-ZWQIFLOQNA-N,-5.743
PPARD,wt,wt_s2,detail,2,100,WBWFIUAVMCNYPG-FPLPWBNLNA-N,-7.68
PPARD,wt,wt_s2,detail,2,101,VRWIFQNGGPFLST-UYBDAZJANA-N,-8.635
PPARD,wt,wt_s2,detail,2,102,JTAPVIPBGIDRDE-UHFFFAOYNA-N,-10.442
PPARD,wt,wt_s2,detail,2,103,HBTCLXRQQIHFQB-GDEMPAQCNA-N,-7.814
PPARD,wt,wt_s2,detail,2,104,DXJSFQXIPUHFQK-QWOVJGMINA-N,-7.08
PPARD,wt,wt_s2,detail,2,105,RBEMVAFKFYHQIB-UYBDAZJANA-N,-9.272
PPARD,wt,wt_s2,detail,2,106,QEKAHUYYWSNHDY-DZQCGVKKNA-N,-8.333
PPARD,wt,wt_s2,detail,2,107,RCSUTAOLFYVOEE-UHFFFAOYNA-N,-8.179
PPARD,wt,wt_s2,detail,2,108,MYBUANZGRGNVPO-YSPVQWMYNA-N,-9.242
PPARD,wt,wt_s2,detail,2,109,UIQCZMYFTSFLPQ-LQFNOIFHNA-N,-9.404
PPARD,wt,wt_s2,detail,2,110,QRMYORHEAHTJBC-GPQMBLKYNA-N,-8.526
PPARD,wt,wt_s2,detail,2,111,CPYTXWFFFQKUDP-QFAGIUQONA-N,-8.602
PPARD,wt,wt_s2,detail,2,112,DCIAJQYVIKONRS-QWOVJGMINA-N,-9.305
PPARD,wt,wt_s2,detail,2,113,ZMMGBIJMLCNSOV-PKSOQXRJNA-N,-7.509
PPARD,wt,wt_s2,detail,2,114,MRFDGPBJIFXZIT-NPQUBYNZNA-N,-9.466
PPARD,wt,wt_s2,detail,2,115,KANCHOKOTXNDQH-NVQSQQPGNA-N,-7.29
PPARD,wt,wt_s2,detail,2,116,SOAWEEUOPZCBSN-UHFFFAOYNA-N,-9.942
PPARD,wt,wt_s2,detail,2,117,BHXYDHWPQIADCG-HZFZDWCWNA-N,-7.813
PPARD,wt,wt_s2,detail,2,118,LVIWVNDQNUSMMV-LILDFLRNNA-N,-7.763
PPARD,wt,wt_s2,detail,2,119,UBAMGTKSOKGECF-UHFFFAOYNA-N,-7.421
PPARD,wt,wt_s2,detail,2,120,YSVHPRBZNNADQG-UHFFFAOYNA-N,-7.628
PPARD,wt,wt_s2,detail,2,121,IXZAZBWJQHWVHS-QVUQFMIFNA-N,-8.603
PPARD,wt,wt_s2,detail,2,122,NILCXRPLMSLFEG-HQHQJUQONA-N,-7.575
PPARD,wt,wt_s2,detail,2,123,HRNRRPMOOJUJLK-QWOVJGMINA-N,-9.252
PPARD,wt,wt_s2,detail,2,124,OLSXSUXZOLBVQZ-QVUQFMIFNA-N,-8.683
PPARD,wt,wt_s2,detail,2,125,XZMGFGHEVBEPKS-UHFFFAOYNA-N,-10.055
PPARD,wt,wt_s2,detail,2,126,MNLBKBCAEFZATB-UHFFFAOYNA-N,-8.751
PPARD,wt,wt_s2,detail,2,127,NNTZETQYCAZKJF-UYBDAZJANA-N,-9.579
PPARD,wt,wt_s2,detail,2,128,AKEDBCQYOCYZDX-PLBWUZGSNA-N,-8.753
PPARD,wt,wt_s2,detail,2,129,HCXOEHYNUWUKAG-UHFFFAOYNA-N,-8.457
PPARD,wt,wt_s2,detail,2,130,CWKHWSAMAAAUEN-UYBDAZJANA-N,-8.535
PPARD,wt,wt_s2,detail,2,131,VMZWELQEDXUUJX-HXTKINSTNA-N,-7.079
PPARD,wt,wt_s2,detail,2,132,PCMOPVSFMUOUFR-OAQYLSRUNA-N,-8.468
PPARD,wt,wt_s2,detail,2,133,POFKEPXNJQGIOB-DIRLUKLVNA-N,-9.548
PPARD,wt,wt_s2,detail,2,134,GQNKLNZBZDEAMD-VQHCSMNLNA-N,-9.961
PPARD,wt,wt_s2,detail,2,135,COFQAKCKCHDGNW-ZXWGSDNONA-N,-8.593
PPARD,wt,wt_s2,detail,2,136,XURFWWBVADUSQL-LNNLXFCONA-N,-10.328
PPARD,wt,wt_s2,detail,2,137,LBDHNFPYMBLBSB-CLCOLTQENA-N,-7.273
PPARD,wt,wt_s2,detail,2,138,QKIJTUQIQQZCIX-UYBDAZJANA-N,-9.21
PPARD,wt,wt_s2,detail,2,139,UXLJJGBAQOYQMV-UHFFFAOYNA-N,-8.323
PPARD,wt,wt_s2,detail,2,140,WQAWGOAEJJIYFP-DEOSSOPVNA-N,-8.916
PPARD,wt,wt_s2,detail,2,141,MBNPYPWQYGHCTB-UHFFFAOYNA-N,-9.025
PPARD,wt,wt_s2,detail,2,142,XAYHBRQVRJQCAH-PKSOQXRJNA-N,-8.158
PPARD,wt,wt_s2,detail,2,143,GNTOXDIONQLPFR-CXUHLZMHNA-N,-8.748
PPARD,wt,wt_s2,detail,2,144,RIVKJCNOYQAWOL-VCZDBIKCNA-N,-9.533
PPARD,wt,wt_s2,detail,2,145,LRRFROMGHKZMSA-PKRZOPRNNA-N,-10.035
PPARD,wt,wt_s2,detail,2,146,HWUKVYPOCLJTSN-RJJUGOMSNA-N,-9.342
PPARD,wt,wt_s2,detail,2,147,JAQNENPDJAEDSC-UHFFFAOYNA-N,-8.728
PPARD,wt,wt_s2,detail,2,148,ZYQCCRUKVDVTJE-ZUOKHONENA-N,-7.462
PPARD,wt,wt_s2,detail,2,149,UUWCZQYGBSUBRG-SPEPDGBUNA-N,-11.304
PPARD,wt,wt_s2,detail,2,150,KNGPIEIQVMOPHJ-PKSOQXRJNA-N,-8.714
PPARD,wt,wt_s2,detail,2,151,CTDCFVMSXQQWDC-HXTKINSTNA-N,-9.312
PPARD,wt,wt_s2,detail,2,152,AELMMQNCWIYZED-UHFFFAOYNA-N,-9.176
PPARD,wt,wt_s2,detail,2,153,BTBRAURMAUKXDM-UHFFFAOYNA-N,-8.243
PPARD,wt,wt_s2,detail,2,154,DWAPJEYUYKZUPW-UYBDAZJANA-N,-9.926
PPARD,wt,wt_s2,detail,2,155,MTWNFHPRKAIWJY-LQFNOIFHNA-N,-9.123
PPARD,wt,wt_s2,detail,2,156,XMOFGSWSGOXFPP-MPIMZMORNA-N,-9.138
PPARD,wt,wt_s2,detail,2,157,VVSBVXXITLYIIA-CKFYMFOVNA-N,-9.492
PPARD,wt,wt_s2,detail,2,158,GAXPVNSBLNNWCZ-PSHYBUTQNA-N,-7.804
PPARD,wt,wt_s2,detail,2,159,XDYREIZGNBPMPJ-IBGZPJMENA-N,-10.23
PPARD,wt,wt_s2,detail,2,160,WITBRHUYBFKPOL-MPIMZMORNA-N,-8.765
PPARD,wt,wt_s2,detail,2,161,IBIQKJHXTSLLBQ-PKRZOPRNNA-N,-9.598
PPARD,wt,wt_s2,detail,2,162,VLUGXHSPLMSNET-LNNLXFCONA-N,-9.807
PPARD,wt,wt_s2,detail,2,163,IEQABWYSQBHOMM-UHFFFAOYNA-N,-8.884
PPARD,wt,wt_s2,detail,2,164,FWLMJHGQRXWNIS-UHFFFAOYNA-N,-9.146
PPARD,wt,wt_s2,detail,2,165,RZJWOMPOSAPIJL-LQFNOIFHNA-N,-8.766
PPARD,wt,wt_s2,detail,2,166,ZUMDOGBUKHTCOC-CWWQGPJMNA-N,-9.005
PPARD,wt,wt_s2,detail,2,167,ANZGKDRXGOPIJA-QWOVJGMINA-N,-6.976
PPARD,wt,wt_s2,detail,2,168,QUISVMJELRRHAG-UHFFFAOYNA-N,-9.069
PPARD,wt,wt_s2,detail,2,169,XZFCGNQJCGTXNQ-ZVHZXABRNA-N,-8.538
PPARD,wt,wt_s2,detail,2,170,UGPWOMSWEMIIJH-UHFFFAOYNA-N,-9.383
PPARD,wt,wt_s2,detail,2,171,WGMQZHYPIKBUML-LQFNOIFHNA-N,-7.798
PPARD,wt,wt_s2,detail,2,172,HPNLHDILXMKRJE-UHFFFAOYNA-N,-8.331
PPARD,wt,wt_s2,detail,2,173,AQBHPXSDFXKHIG-LELJVTLKNA-N,-8.755
PPARD,wt,wt_s2,detail,2,174,BHPSGEAUUZMDDL-QFIPXVFZNA-N,-10.326
PPARD,wt,wt_s2,detail,2,175,RHMDXGNHLMFANS-XBXBPLPCNA-N,-8.524
PPARD,wt,wt_s2,detail,2,176,HZXUSKDOXPOMIW-PKSOQXRJNA-N,-8.753
PPARD,wt,wt_s2,detail,2,177,QBBIMTGZZXPUPY-UHFFFAOYNA-N,-7.975
PPARD,wt,wt_s2,detail,2,178,FAALFCIDNMPXJU-LNNLXFCONA-N,-10.779
PPARD,wt,wt_s2,detail,2,179,UEGWFDMCEAIRSE-DVIAZDKANA-N,-8.411
PPARD,wt,wt_s2,detail,2,180,QATBWONTRXXCBE-UHFFFAOYNA-N,-8.47
PPARD,wt,wt_s2,detail,2,181,IEWZULBPMDXTLX-LQFNOIFHNA-N,-11.261
PPARD,wt,wt_s2,detail,2,182,DTUUXDIGBXNINJ-PKSOQXRJNA-N,-8.296
PPARD,wt,wt_s2,detail,2,183,FFDDOWCKFPDEPQ-KIYDBJNPNA-N,-9.595
PPARD,wt,wt_s2,detail,2,184,LFTDMBYAYYEBDL-XWYQMZBENA-N,-9.913
PPARD,wt,wt_s2,detail,2,185,VZFTWWJAUZOJDH-YANQHBGHNA-N,-8.834
PPARD,wt,wt_s2,detail,2,186,YNUOGMCLPCOTIC-UHFFFAOYNA-N,-9.0
PPARD,wt,wt_s2,detail,2,187,WDXONUYXRRUOAF-LELJVTLKNA-N,-8.468
PPARD,wt,wt_s2,detail,2,188,FWYUTSUWWZVOGD-UHFFFAOYNA-N,-8.486
PPARD,wt,wt_s2,detail,2,189,VMDJSIGZJOXSGC-UHFFFAOYNA-N,-8.689
PPARD,wt,wt_s2,detail,2,190,IIVPENRIUTZXCZ-DFVASWNCNA-N,-8.435
PPARD,wt,wt_s2,detail,2,191,HHKIXRJLSXZGIO-LBOYIXSDNA-N,-9.947
PPARD,wt,wt_s2,detail,2,192,VFCHPGXNLRROSP-UHFFFAOYNA-N,-9.51
PPARD,wt,wt_s2,detail,2,193,LQNMNFIDHADHQU-LQFNOIFHNA-N,-9.292
PPARD,wt,wt_s2,detail,2,194,DWCQXZSEATZNGJ-JXAWBTAJNA-N,-7.608
PPARD,wt,wt_s2,detail,2,195,XCFKTIVHIIOEHO-XRJCTRHONA-N,-10.531
PPARD,wt,wt_s2,detail,2,196,CTKVVCDWNBLQHQ-VJSLDGLSNA-N,-8.536
PPARD,wt,wt_s2,detail,2,197,SJEBTTUNLKKAEO-QFIPXVFZNA-N,-9.914
PPARD,wt,wt_s2,detail,2,198,VUVBMRFFLDJIKB-UHFFFAOYNA-N,-7.48
PPARD,wt,wt_s2,detail,2,199,CRDOCDKYXPCHRG-GMLXSZADNA-N,-9.483
PPARD,wt,wt_s2,detail,2,200,PTRAWPOMIAVCDX-NPZFWETONA-N,-10.687
PPARD,wt,wt_s2,detail,2,201,YPCVJZIGKJSYKB-XWQTZBKQNA-N,-10.352
PPARD,wt,wt_s2,detail,2,202,DDQUBMKKMCESIY-UHFFFAOYNA-N,-9.385
PPARD,wt,wt_s2,detail,2,203,QRBHMNKXVMROIF-UHFFFAOYNA-N,-9.942
PPARD,wt,wt_s2,detail,2,204,CSCOHEYTBLBQMG-SREBMQDQNA-N,-10.172
PPARD,wt,wt_s2,detail,2,205,FPRLMEVUSKOQRF-UHFFFAOYNA-N,-9.013
PPARD,wt,wt_s2,detail,2,206,VRUTXMQQNLYKSZ-SPEPDGBUNA-N,-9.986
PPARD,wt,wt_s2,detail,2,207,IFVIZWYRFUIABK-LKHHGCNMNA-N,-10.235
PPARD,wt,wt_s2,detail,2,208,BJSKDMOWRPAVMK-UHFFFAOYNA-N,-8.145
PPARD,wt,wt_s2,detail,2,209,AJDIYNONBYMZIF-ILOOJWFPNA-N,-10.618
PPARD,wt,wt_s2,detail,2,210,ABURDUMLEUCKOY-FYDYDPJYNA-N,-10.348
PPARD,wt,wt_s2,detail,2,211,ZXCSBCTVTJFLOZ-JUEKIJOLNA-N,-9.877
PPARD,wt,wt_s2,detail,2,212,SKVNACLQMJDJNT-JJFURXLTNA-N,-9.841
PPARD,wt,wt_s2,detail,2,213,OWDCBGQHUHBGKH-ODBASERBNA-N,-9.713
PPARD,wt,wt_s2,detail,2,214,RLXWTYPPMJNURK-LELJVTLKNA-N,-9.353
PPARD,wt,wt_s2,detail,2,215,LFFVXCIQPOOMOV-UHFFFAOYNA-N,-12.509
PPARD,wt,wt_s2,detail,2,216,ZFFOVIFFFSWOKF-PKRZOPRNNA-N,-11.941
PPARD,wt,wt_s2,detail,2,217,VVWGMEIQTOBDML-RDPOJNOENA-N,-9.343
PPARD,wt,wt_s2,detail,2,218,QAGLJDWYCCJEHH-IGBJZSFZNA-N,-8.92
PPARD,wt,wt_s2,detail,2,219,NFMSQLAKBDDECA-HXXFNXQYNA-N,-8.335
PPARD,wt,wt_s2,detail,2,220,RLKPYUHHHDBUKR-LKHHGCNMNA-N,-8.766
PPARD,wt,wt_s2,detail,2,221,FVGJPHFQQMQGFQ-PQVCHVPHNA-N,-11.701
PPARD,wt,wt_s2,detail,2,222,GGQXSFRJLUHOGQ-MDNXCRMFNA-N,-10.297
PPARD,wt,wt_s2,detail,2,223,LLLNQQOQHKAYHT-CSKMVECVNA-N,-10.4
PPARD,wt,wt_s2,detail,2,224,FTHKKKKNTGUTPA-NBVNDQADNA-N,-10.191
PPARD,wt,wt_s2,detail,2,225,BKYZARFJJFORLR-UHFFFAOYNA-N,-8.912
PPARD,wt,wt_s2,detail,2,226,XMHRXPMKDALTSG-YPBLIGHQNA-N,-8.584
PPARD,wt,wt_s2,detail,2,227,OVSPJLFXFWHQFE-HXTKINSTNA-N,-9.536
PPARD,wt,wt_s2,detail,2,228,SHBLCUUJYNQTSS-NRFANRHFNA-N,-9.817
PPARD,wt,wt_s2,detail,2,229,OHXYGRXPONZZPF-UHFFFAOYNA-N,-9.773
PPARD,wt,wt_s2,detail,2,230,XFOMWTKVHWXVRS-UHFFFAOYNA-N,-10.96
PPARD,wt,wt_s2,detail,2,231,HMPVPIRJMYFQCT-WXDRZTAENA-N,-8.94
PPARD,wt,wt_s2,detail,2,232,NRIQEFNHCJMSHL-UHFFFAOYNA-N,-11.148
PPARD,wt,wt_s2,detail,2,233,WQIKRJDLIIEKAG-WWXRYIHZNA-N,-9.74
PPARD,wt,wt_s2,detail,2,234,CQCKANIIWHCLDP-UHFFFAOYNA-N,-8.096
PPARD,wt,wt_s2,detail,2,235,QETNVWCEGLMMRQ-CXUYMYAGNA-N,-8.308
PPARD,wt,wt_s2,detail,2,236,MLYHNVDOBUQIID-NSJMMFDCNA-N,-11.022
PPARD,wt,wt_s2,detail,2,237,VBFOTEWTMOETMO-PECIQRARNA-N,-8.448
PPARD,wt,wt_s2,detail,2,238,NFSDYJKEOCQTKX-CYSPOYASNA-N,-8.997
PPARD,wt,wt_s2,detail,2,239,GZQHTWYWDSMEAW-UHFFFAOYNA-N,-8.631
PPARD,wt,wt_s2,detail,2,240,LZTXTKIYKWMRQJ-ZALBZXLWNA-N,-8.305
PPARD,wt,wt_s2,detail,2,241,YPDLHOCWYZLMQS-GFBXQOHCNA-N,-9.045
PPARD,wt,wt_s2,detail,2,242,FJUITIGQDNFRQI-UHFFFAOYNA-N,-8.394
PPARD,wt,wt_s2,detail,2,243,OHAIFIOFCXDBHP-NKTHEXPSNA-N,-9.242
PPARD,wt,wt_s2,detail,2,244,LSAXQHPWOGTFSG-UHFFFAOYNA-N,-8.56
PPARD,wt,wt_s2,detail,2,245,OENZVDXWLVYZJT-DHDJHLBQNA-N,-9.878
PPARD,wt,wt_s2,detail,2,246,UEOXIUXQBRDLJU-LBOYIXSDNA-N,-9.872
PPARD,wt,wt_s2,detail,2,247,YFYGWSCMDCTAKZ-MPIMZMORNA-N,-8.419
PPARD,wt,wt_s2,detail,2,248,AQHYVBHJINDJIW-UHFFFAOYNA-N,-8.107
PPARD,wt,wt_s2,detail,2,249,DBOAHQYVPCTALU-QBAQSEIJNA-N,-8.703
PPARD,wt,wt_s2,detail,2,250,NRMRHCTVBLZOIE-PJQSKVNONA-N,-8.486
PPARD,wt,wt_s2,detail,2,251,CGHADMRBCNGDHX-UOUKHUKPNA-N,-11.03
PPARD,wt,wt_s2,detail,2,252,DDZBRJBYGLTADL-TZFBGDORNA-N,-8.452
PPARD,wt,wt_s2,detail,2,253,LOIPDGFJRKDXSJ-UHFFFAOYNA-N,-9.185
PPARD,wt,wt_s2,detail,2,254,VBQAIJHAPZFIRO-MOQCICHVNA-N,-8.979
PPARD,wt,wt_s2,detail,2,255,YPVDZKHCFQJIDP-UHFFFAOYNA-N,-8.29
PPARD,c_VAL64,mut_s1,detail,1,0,IFHZOGDEYHFNQO-PKSOQXRJNA-N,-9.534
PPARD,c_VAL64,mut_s1,detail,1,1,PZDDADWKMMNNHC-UHFFFAOYNA-N,-7.061
PPARD,c_VAL64,mut_s1,detail,1,2,BUEYTYZOCKWHHR-UHFFFAOYNA-N,-7.341
PPARD,c_VAL64,mut_s1,detail,1,3,URXMTXGGQRBQQC-LNZJGEAENA-N,-6.616
PPARD,c_VAL64,mut_s1,detail,1,4,NNVZANSRDHCDLK-UHFFFAOYNA-N,-9.112
PPARD,c_VAL64,mut_s1,detail,1,5,YCVTUSIXNJAXKA-UHFFFAOYNA-N,-8.462
PPARD,c_VAL64,mut_s1,detail,1,6,YLQOELRYUQBERL-YHMJCDSINA-N,-6.767
PPARD,c_VAL64,mut_s1,detail,1,7,XIOYZAUVDJKWCL-UHFFFAOYNA-N,-8.905
PPARD,c_VAL64,mut_s1,detail,1,8,NYBRKCCEVRSDNF-UHFFFAOYNA-N,-9.02
PPARD,c_VAL64,mut_s1,detail,1,9,HOWDUDRRYYVTNY-NDKGDYFDNA-N,-7.554
PPARD,c_VAL64,mut_s1,detail,1,10,RVRIAONMWINUPS-GPQMBLKYNA-N,-7.312
PPARD,c_VAL64,mut_s1,detail,1,11,UVVPLBQLDVTPSL-RVQYIEHVNA-N,-6.465
PPARD,c_VAL64,mut_s1,detail,1,12,AXXXFCGETBIMKI-UHFFFAOYNA-N,-7.447
PPARD,c_VAL64,mut_s1,detail,1,13,RBMUBAYHBUBLMR-NKWLYDBFNA-N,-8.553
PPARD,c_VAL64,mut_s1,detail,1,14,BTIHIHBWVGQIIQ-UHFFFAOYNA-N,-7.289
PPARD,c_VAL64,mut_s1,detail,1,15,ACAOHWOPNZHWAF-WNVDMVQFNA-N,-8.41
PPARD,c_VAL64,mut_s1,detail,1,16,VEFTYKZXVJQBER-ZHLVXTBQNA-N,-7.368
PPARD,c_VAL64,mut_s1,detail,1,17,QBQDUEWXIOEVKT-UYBDAZJANA-N,-9.442
PPARD,c_VAL64,mut_s1,detail,1,18,KRGQOKCRZMRVRH-UHFFFAOYNA-N,-5.99
PPARD,c_VAL64,mut_s1,detail,1,19,YXGMBGNPGWDLBJ-WYUMXYHSNA-N,-7.39
PPARD,c_VAL64,mut_s1,detail,1,20,LHQICPSUYGARIS-UHFFFAOYNA-N,-8.569
PPARD,c_VAL64,mut_s1,detail,1,21,ZXVNJVRABSCRGU-GPQMBLKYNA-N,-8.657
PPARD,c_VAL64,mut_s1,detail,1,22,TYXGDELQOONTQQ-DQDSCPLDNA-N,-8.121
PPARD,c_VAL64,mut_s1,detail,1,23,FMDKDGDDTIJRQT-WRCMMWDQNA-N,-7.771
PPARD,c_VAL64,mut_s1,detail,1,24,DXLLFVXDQQMGGM-LILDFLRNNA-N,-7.663
PPARD,c_VAL64,mut_s1,detail,1,25,RCFHJSCTPLCRAN-UHFFFAOYNA-N,-8.227
PPARD,c_VAL64,mut_s1,detail,1,26,LOIKOLAEHONJTE-KARVIEMNNA-N,-8.405
PPARD,c_VAL64,mut_s1,detail,1,27,ZBEDJPDEINGEHM-UHFFFAOYNA-N,-6.23
PPARD,c_VAL64,mut_s1,detail,1,28,PKHXJWYQMRFPTR-LILDFLRNNA-N,-7.681
PPARD,c_VAL64,mut_s1,detail,1,29,DGFWWFXFIZOMRX-WXRBYKJCNA-N,-6.744
PPARD,c_VAL64,mut_s1,detail,1,30,NDEDMCKHRVZXGD-VEWCPZSHNA-N,-7.792
PPARD,c_VAL64,mut_s1,detail,1,31,UPOCYXRXSNRNNU-UHFFFAOYNA-N,-8.484
PPARD,c_VAL64,mut_s1,detail,1,32,UGLPVHLKYTWQRV-UHFFFAOYNA-N,-7.946
PPARD,c_VAL64,mut_s1,detail,1,33,VEBIFNQLJFTSLJ-GPQMBLKYNA-N,-8.216
PPARD,c_VAL64,mut_s1,detail,1,34,FZGYMZTVBMODJR-GUYCJALGNA-N,-7.754
PPARD,c_VAL64,mut_s1,detail,1,35,XVAMDQGNCAYOLZ-CMNYYERHNA-N,-7.581
PPARD,c_VAL64,mut_s1,detail,1,36,MRHCSNNEUHXNIC-DLGLGFIGNA-N,-8.159
PPARD,c_VAL64,mut_s1,detail,1,37,QXSUNGXUTAFLCR-HCKMINDGNA-N,-8.31
PPARD,c_VAL64,mut_s1,detail,1,38,BTUZBQRUTGYGSI-SAAHQOFTNA-N,-7.351
PPARD,c_VAL64,mut_s1,detail,1,39,TTYMNRMJLOVQEL-UHFFFAOYNA-N,-7.431
PPARD,c_VAL64,mut_s1,detail,1,40,IVQOCTZDCXKGHW-UHFFFAOYNA-N,-7.336
PPARD,c_VAL64,mut_s1,detail,1,41,SRWKAZSWOPMZLA-WYUMXYHSNA-N,-7.975
PPARD,c_VAL64,mut_s1,detail,1,42,QPEDEGUPTWDSJM-UHFFFAOYNA-N,-8.553
PPARD,c_VAL64,mut_s1,detail,1,43,ISYYCVGFJSIOIJ-UHFFFAOYNA-N,-7.055
PPARD,c_VAL64,mut_s1,detail,1,44,MTUZLFBKKNTLNL-YHMJCDSINA-N,-7.871
PPARD,c_VAL64,mut_s1,detail,1,45,JOFJZXKVGWGQRQ-UHFFFAOYNA-N,-5.867
PPARD,c_VAL64,mut_s1,detail,1,46,KOHAFBWLWQFBFU-UHFFFAOYNA-N,-7.854
PPARD,c_VAL64,mut_s1,detail,1,47,YHDLLKNPVWVCGF-UHFFFAOYNA-N,-8.284
PPARD,c_VAL64,mut_s1,detail,1,48,KIRJGAMLMFQPIX-LILDFLRNNA-N,-9.753
PPARD,c_VAL64,mut_s1,detail,1,49,MIUGSXDNQICPKY-AHPDCHJINA-N,-6.956
PPARD,c_VAL64,mut_s1,detail,1,50,NCQYFKGTEDNHPE-GPQMBLKYNA-N,-9.41
PPARD,c_VAL64,mut_s1,detail,1,51,OILQEGDAOXVJJG-UHFFFAOYNA-N,-8.077
PPARD,c_VAL64,mut_s1,detail,1,52,KMZMSABQJYKKBU-UHFFFAOYNA-N,-7.311
PPARD,c_VAL64,mut_s1,detail,1,53,ODNAHSRJQUKZJC-UHFFFAOYNA-N,-7.774
PPARD,c_VAL64,mut_s1,detail,1,54,WBXGNUJDIOVVDS-GPQMBLKYNA-N,-9.227
PPARD,c_VAL64,mut_s1,detail,1,55,KGFVHZKXNIFXQC-XQMQJMAZNA-N,-7.523
PPARD,c_VAL64,mut_s1,detail,1,56,ZGDACLBJJXLKJY-UHFFFAOYNA-N,-7.846
PPARD,c_VAL64,mut_s1,detail,1,57,ODQASWLALUMZKF-UHFFFAOYNA-N,-9.075
PPARD,c_VAL64,mut_s1,detail,1,58,HEAFXLZWNUOLNQ-UHFFFAOYNA-N,-8.111
PPARD,c_VAL64,mut_s1,detail,1,59,GDJPLZYPNHEBBO-GAJRPKRDNA-N,-7.289
PPARD,c_VAL64,mut_s1,detail,1,60,KZNIFHPLKGYRTM-UHFFFAOYNA-N,-7.678
PPARD,c_VAL64,mut_s1,detail,1,61,XCNLTPWPUBZVTB-WUKNDPDINA-N,-7.292
PPARD,c_VAL64,mut_s1,detail,1,62,UJJQDGSLGZZHPE-VEWCPZSHNA-N,-7.735
PPARD,c_VAL64,mut_s1,detail,1,63,KUDKBYQDLXZYQT-YAQRNVERNA-N,-7.229
PPARD,c_VAL64,mut_s1,detail,1,64,XZDKQJKAVDHUJN-UHFFFAOYNA-N,-9.588
PPARD,c_VAL64,mut_s1,detail,1,65,PIHCOUNEIQIOLH-UYBDAZJANA-N,-8.703
PPARD,c_VAL64,mut_s1,detail,1,66,FTVJNPIOPFNKML-GPQMBLKYNA-N,-7.486
PPARD,c_VAL64,mut_s1,detail,1,67,HHYDNYVAHAHWJL-UHFFFAOYNA-N,-6.82
PPARD,c_VAL64,mut_s1,detail,1,68,MXABEVYDQHVOES-NSHDSACANA-N,-8.234
PPARD,c_VAL64,mut_s1,detail,1,69,ONNIOMOHOZUMKS-YGZLFCMANA-N,-8.25
PPARD,c_VAL64,mut_s1,detail,1,70,DQLGXAYUAURASJ-XXTDWMNGNA-N,-10.019
PPARD,c_VAL64,mut_s1,detail,1,71,QGKGHRAWZIKZRJ-WYUMXYHSNA-N,-8.403
PPARD,c_VAL64,mut_s1,detail,1,72,JWCQSDFAPBNHSM-UHFFFAOYNA-N,-7.885
PPARD,c_VAL64,mut_s1,detail,1,73,RNSJXWMAYUTWOI-UHFFFAOYNA-N,-8.399
PPARD,c_VAL64,mut_s1,detail,1,74,AKOOSRNDNZPJNL-PKSOQXRJNA-N,-8.668
PPARD,c_VAL64,mut_s1,detail,1,75,BFENEDRNBGYKMO-OTJKMEOQNA-N,-7.927
PPARD,c_VAL64,mut_s1,detail,1,76,RULIAUGJMVIUMH-QWOVJGMINA-N,-8.72
PPARD,c_VAL64,mut_s1,detail,1,77,VHAIHOXTBBWMRC-LILDFLRNNA-N,-7.621
PPARD,c_VAL64,mut_s1,detail,1,78,MMWVUKRVNHSCOU-XWVGVUDUNA-N,-8.655
PPARD,c_VAL64,mut_s1,detail,1,79,VEUYFZWVWBJLBT-LILDFLRNNA-N,-6.663
PPARD,c_VAL64,mut_s1,detail,1,80,UEVUVZKOTQNFQQ-UHFFFAOYNA-N,-8.582
PPARD,c_VAL64,mut_s1,detail,1,81,AVUDBVVAYWAMLJ-UHFFFAOYNA-N,-9.235
PPARD,c_VAL64,mut_s1,detail,1,82,BQVDJEOYDDRFHV-UHFFFAOYNA-N,-7.23
PPARD,c_VAL64,mut_s1,detail,1,83,RJDWHDCXBZVKHF-UHFFFAOYNA-N,-9.644
PPARD,c_VAL64,mut_s1,detail,1,84,UUIYULWYHDSXHL-YREUQKFVNA-N,-7.394
PPARD,c_VAL64,mut_s1,detail,1,85,KSVYPWJPODFWFB-MHWRWJLKNA-N,-9.399
PPARD,c_VAL64,mut_s1,detail,1,86,YTOTVFWYSYGJKJ-MPIMZMORNA-N,-8.153
PPARD,c_VAL64,mut_s1,detail,1,87,LDEBHGWOYJCQTG-SFHVURJKNA-N,-7.693
PPARD,c_VAL64,mut_s1,detail,1,88,NXBTXYMTUUWSCC-XBTAAFKLNA-N,-9.641
PPARD,c_VAL64,mut_s1,detail,1,89,HRLJAEIRFSEJAW-UHFFFAOYNA-N,-8.295
PPARD,c_VAL64,mut_s1,detail,1,90,HROYNIXUIVDQJH-UHFFFAOYNA-N,-7.393
PPARD,c_VAL64,mut_s1,detail,1,91,BYXXTGCOSOYREY-QWOVJGMINA-N,-8.672
PPARD,c_VAL64,mut_s1,detail,1,92,AWXVIXMNAQQCCZ-OEMYIYORNA-N,-8.009
PPARD,c_VAL64,mut_s1,detail,1,93,PVTHJAPFENJVNC-ANRNRNKZNA-N,-7.468
PPARD,c_VAL64,mut_s1,detail,1,94,IMPAUHAIMHCPEJ-PKSOQXRJNA-N,-9.771
PPARD,c_VAL64,mut_s1,detail,1,95,SLOJERRRBYNXAR-NPQUBYNZNA-N,-8.899
PPARD,c_VAL64,mut_s1,detail,1,96,YWBJCOHEBDEQDR-PKSOQXRJNA-N,-8.019
PPARD,c_VAL64,mut_s1,detail,1,97,WWRBDTKNUXAXRR-XAVYIPQLNA-O,-8.348
PPARD,c_VAL64,mut_s1,detail,1,98,HBERTCHGBHHVDT-LILDFLRNNA-N,-9.793
PPARD,c_VAL64,mut_s1,detail,1,99,BXKUVDXLHUBVPA-ZWQIFLOQNA-N,-5.102
PPARD,c_VAL64,mut_s1,detail,1,100,WBWFIUAVMCNYPG-FPLPWBNLNA-N,-7.603
PPARD,c_VAL64,mut_s1,detail,1,101,VRWIFQNGGPFLST-UYBDAZJANA-N,-8.474
PPARD,c_VAL64,mut_s1,detail,1,102,JTAPVIPBGIDRDE-UHFFFAOYNA-N,-9.96
PPARD,c_VAL64,mut_s1,detail,1,103,HBTCLXRQQIHFQB-GDEMPAQCNA-N,-7.835
PPARD,c_VAL64,mut_s1,detail,1,104,DXJSFQXIPUHFQK-QWOVJGMINA-N,-8.295
PPARD,c_VAL64,mut_s1,detail,1,105,RBEMVAFKFYHQIB-UYBDAZJANA-N,-9.31
PPARD,c_VAL64,mut_s1,detail,1,106,QEKAHUYYWSNHDY-DZQCGVKKNA-N,-8.199
PPARD,c_VAL64,mut_s1,detail,1,107,RCSUTAOLFYVOEE-UHFFFAOYNA-N,-8.092
PPARD,c_VAL64,mut_s1,detail,1,108,MYBUANZGRGNVPO-YSPVQWMYNA-N,-9.096
PPARD,c_VAL64,mut_s1,detail,1,109,UIQCZMYFTSFLPQ-LQFNOIFHNA-N,-10.776
PPARD,c_VAL64,mut_s1,detail,1,110,QRMYORHEAHTJBC-GPQMBLKYNA-N,-8.099
PPARD,c_VAL64,mut_s1,detail,1,111,CPYTXWFFFQKUDP-QFAGIUQONA-N,-8.722
PPARD,c_VAL64,mut_s1,detail,1,112,DCIAJQYVIKONRS-QWOVJGMINA-N,-9.701
PPARD,c_VAL64,mut_s1,detail,1,113,ZMMGBIJMLCNSOV-PKSOQXRJNA-N,-7.493
PPARD,c_VAL64,mut_s1,detail,1,114,MRFDGPBJIFXZIT-NPQUBYNZNA-N,-9.284
PPARD,c_VAL64,mut_s1,detail,1,115,KANCHOKOTXNDQH-NVQSQQPGNA-N,-6.79
PPARD,c_VAL64,mut_s1,detail,1,116,SOAWEEUOPZCBSN-UHFFFAOYNA-N,-9.878
PPARD,c_VAL64,mut_s1,detail,1,117,BHXYDHWPQIADCG-HZFZDWCWNA-N,-7.754
PPARD,c_VAL64,mut_s1,detail,1,118,LVIWVNDQNUSMMV-LILDFLRNNA-N,-7.44
PPARD,c_VAL64,mut_s1,detail,1,119,UBAMGTKSOKGECF-UHFFFAOYNA-N,-7.441
PPARD,c_VAL64,mut_s1,detail,1,120,YSVHPRBZNNADQG-UHFFFAOYNA-N,-7.553
PPARD,c_VAL64,mut_s1,detail,1,121,IXZAZBWJQHWVHS-QVUQFMIFNA-N,-8.525
PPARD,c_VAL64,mut_s1,detail,1,122,NILCXRPLMSLFEG-HQHQJUQONA-N,-7.303
PPARD,c_VAL64,mut_s1,detail,1,123,HRNRRPMOOJUJLK-QWOVJGMINA-N,-9.239
PPARD,c_VAL64,mut_s1,detail,1,124,OLSXSUXZOLBVQZ-QVUQFMIFNA-N,-8.681
PPARD,c_VAL64,mut_s1,detail,1,125,XZMGFGHEVBEPKS-UHFFFAOYNA-N,-10.011
PPARD,c_VAL64,mut_s1,detail,1,126,MNLBKBCAEFZATB-UHFFFAOYNA-N,-8.579
PPARD,c_VAL64,mut_s1,detail,1,127,NNTZETQYCAZKJF-UYBDAZJANA-N,-9.871
PPARD,c_VAL64,mut_s1,detail,1,128,AKEDBCQYOCYZDX-PLBWUZGSNA-N,-8.472
PPARD,c_VAL64,mut_s1,detail,1,129,HCXOEHYNUWUKAG-UHFFFAOYNA-N,-8.098
PPARD,c_VAL64,mut_s1,detail,1,130,CWKHWSAMAAAUEN-UYBDAZJANA-N,-8.621
PPARD,c_VAL64,mut_s1,detail,1,131,VMZWELQEDXUUJX-HXTKINSTNA-N,-7.893
PPARD,c_VAL64,mut_s1,detail,1,132,PCMOPVSFMUOUFR-OAQYLSRUNA-N,-8.458
PPARD,c_VAL64,mut_s1,detail,1,133,POFKEPXNJQGIOB-DIRLUKLVNA-N,-10.413
PPARD,c_VAL64,mut_s1,detail,1,134,GQNKLNZBZDEAMD-VQHCSMNLNA-N,-9.613
PPARD,c_VAL64,mut_s1,detail,1,135,COFQAKCKCHDGNW-ZXWGSDNONA-N,-8.535
PPARD,c_VAL64,mut_s1,detail,1,136,XURFWWBVADUSQL-LNNLXFCONA-N,-10.055
PPARD,c_VAL64,mut_s1,detail,1,137,LBDHNFPYMBLBSB-CLCOLTQENA-N,-7.19
PPARD,c_VAL64,mut_s1,detail,1,138,QKIJTUQIQQZCIX-UYBDAZJANA-N,-9.172
PPARD,c_VAL64,mut_s1,detail,1,139,UXLJJGBAQOYQMV-UHFFFAOYNA-N,-7.64
PPARD,c_VAL64,mut_s1,detail,1,140,WQAWGOAEJJIYFP-DEOSSOPVNA-N,-8.641
PPARD,c_VAL64,mut_s1,detail,1,141,MBNPYPWQYGHCTB-UHFFFAOYNA-N,-9.057
PPARD,c_VAL64,mut_s1,detail,1,142,XAYHBRQVRJQCAH-PKSOQXRJNA-N,-7.691
PPARD,c_VAL64,mut_s1,detail,1,143,GNTOXDIONQLPFR-CXUHLZMHNA-N,-8.625
PPARD,c_VAL64,mut_s1,detail,1,144,RIVKJCNOYQAWOL-VCZDBIKCNA-N,-9.27
PPARD,c_VAL64,mut_s1,detail,1,145,LRRFROMGHKZMSA-PKRZOPRNNA-N,-10.135
PPARD,c_VAL64,mut_s1,detail,1,146,HWUKVYPOCLJTSN-RJJUGOMSNA-N,-9.294
PPARD,c_VAL64,mut_s1,detail,1,147,JAQNENPDJAEDSC-UHFFFAOYNA-N,-9.165
PPARD,c_VAL64,mut_s1,detail,1,148,ZYQCCRUKVDVTJE-ZUOKHONENA-N,-7.007
PPARD,c_VAL64,mut_s1,detail,1,149,UUWCZQYGBSUBRG-SPEPDGBUNA-N,-10.957
PPARD,c_VAL64,mut_s1,detail,1,150,KNGPIEIQVMOPHJ-PKSOQXRJNA-N,-8.783
PPARD,c_VAL64,mut_s1,detail,1,151,CTDCFVMSXQQWDC-HXTKINSTNA-N,-9.106
PPARD,c_VAL64,mut_s1,detail,1,152,AELMMQNCWIYZED-UHFFFAOYNA-N,-9.379
PPARD,c_VAL64,mut_s1,detail,1,153,BTBRAURMAUKXDM-UHFFFAOYNA-N,-8.255
PPARD,c_VAL64,mut_s1,detail,1,154,DWAPJEYUYKZUPW-UYBDAZJANA-N,-9.849
PPARD,c_VAL64,mut_s1,detail,1,155,MTWNFHPRKAIWJY-LQFNOIFHNA-N,-9.109
PPARD,c_VAL64,mut_s1,detail,1,156,XMOFGSWSGOXFPP-MPIMZMORNA-N,-9.124
PPARD,c_VAL64,mut_s1,detail,1,157,VVSBVXXITLYIIA-CKFYMFOVNA-N,-9.457
PPARD,c_VAL64,mut_s1,detail,1,158,GAXPVNSBLNNWCZ-PSHYBUTQNA-N,-7.918
PPARD,c_VAL64,mut_s1,detail,1,159,XDYREIZGNBPMPJ-IBGZPJMENA-N,-9.033
PPARD,c_VAL64,mut_s1,detail,1,160,WITBRHUYBFKPOL-MPIMZMORNA-N,-8.909
PPARD,c_VAL64,mut_s1,detail,1,161,IBIQKJHXTSLLBQ-PKRZOPRNNA-N,-10.102
PPARD,c_VAL64,mut_s1,detail,1,162,VLUGXHSPLMSNET-LNNLXFCONA-N,-9.103
PPARD,c_VAL64,mut_s1,detail,1,163,IEQABWYSQBHOMM-UHFFFAOYNA-N,-8.352
PPARD,c_VAL64,mut_s1,detail,1,164,FWLMJHGQRXWNIS-UHFFFAOYNA-N,-8.496
PPARD,c_VAL64,mut_s1,detail,1,165,RZJWOMPOSAPIJL-LQFNOIFHNA-N,-8.75
PPARD,c_VAL64,mut_s1,detail,1,166,ZUMDOGBUKHTCOC-CWWQGPJMNA-N,-9.203
PPARD,c_VAL64,mut_s1,detail,1,167,ANZGKDRXGOPIJA-QWOVJGMINA-N,-8.131
PPARD,c_VAL64,mut_s1,detail,1,168,QUISVMJELRRHAG-UHFFFAOYNA-N,-9.152
PPARD,c_VAL64,mut_s1,detail,1,169,XZFCGNQJCGTXNQ-ZVHZXABRNA-N,-8.831
PPARD,c_VAL64,mut_s1,detail,1,170,UGPWOMSWEMIIJH-UHFFFAOYNA-N,-9.188
PPARD,c_VAL64,mut_s1,detail,1,171,WGMQZHYPIKBUML-LQFNOIFHNA-N,-7.117
PPARD,c_VAL64,mut_s1,detail,1,172,HPNLHDILXMKRJE-UHFFFAOYNA-N,-8.759
PPARD,c_VAL64,mut_s1,detail,1,173,AQBHPXSDFXKHIG-LELJVTLKNA-N,-9.207
PPARD,c_VAL64,mut_s1,detail,1,174,BHPSGEAUUZMDDL-QFIPXVFZNA-N,-10.164
PPARD,c_VAL64,mut_s1,detail,1,175,RHMDXGNHLMFANS-XBXBPLPCNA-N,-8.727
PPARD,c_VAL64,mut_s1,detail,1,176,HZXUSKDOXPOMIW-PKSOQXRJNA-N,-8.119
PPARD,c_VAL64,mut_s1,detail,1,177,QBBIMTGZZXPUPY-UHFFFAOYNA-N,-7.675
PPARD,c_VAL64,mut_s1,detail,1,178,FAALFCIDNMPXJU-LNNLXFCONA-N,-10.616
PPARD,c_VAL64,mut_s1,detail,1,179,UEGWFDMCEAIRSE-DVIAZDKANA-N,-8.149
PPARD,c_VAL64,mut_s1,detail,1,180,QATBWONTRXXCBE-UHFFFAOYNA-N,-8.472
PPARD,c_VAL64,mut_s1,detail,1,181,IEWZULBPMDXTLX-LQFNOIFHNA-N,-11.563
PPARD,c_VAL64,mut_s1,detail,1,182,DTUUXDIGBXNINJ-PKSOQXRJNA-N,-7.645
PPARD,c_VAL64,mut_s1,detail,1,183,FFDDOWCKFPDEPQ-KIYDBJNPNA-N,-9.365
PPARD,c_VAL64,mut_s1,detail,1,184,LFTDMBYAYYEBDL-XWYQMZBENA-N,-10.025
PPARD,c_VAL64,mut_s1,detail,1,185,VZFTWWJAUZOJDH-YANQHBGHNA-N,-10.16
PPARD,c_VAL64,mut_s1,detail,1,186,YNUOGMCLPCOTIC-UHFFFAOYNA-N,-8.954
PPARD,c_VAL64,mut_s1,detail,1,187,WDXONUYXRRUOAF-LELJVTLKNA-N,-8.745
PPARD,c_VAL64,mut_s1,detail,1,188,FWYUTSUWWZVOGD-UHFFFAOYNA-N,-7.926
PPARD,c_VAL64,mut_s1,detail,1,189,VMDJSIGZJOXSGC-UHFFFAOYNA-N,-8.974
PPARD,c_VAL64,mut_s1,detail,1,190,IIVPENRIUTZXCZ-DFVASWNCNA-N,-8.409
PPARD,c_VAL64,mut_s1,detail,1,191,HHKIXRJLSXZGIO-LBOYIXSDNA-N,-9.803
PPARD,c_VAL64,mut_s1,detail,1,192,VFCHPGXNLRROSP-UHFFFAOYNA-N,-8.779
PPARD,c_VAL64,mut_s1,detail,1,193,LQNMNFIDHADHQU-LQFNOIFHNA-N,-9.015
PPARD,c_VAL64,mut_s1,detail,1,194,DWCQXZSEATZNGJ-JXAWBTAJNA-N,-7.571
PPARD,c_VAL64,mut_s1,detail,1,195,XCFKTIVHIIOEHO-XRJCTRHONA-N,-10.639
PPARD,c_VAL64,mut_s1,detail,1,196,CTKVVCDWNBLQHQ-VJSLDGLSNA-N,-9.35
PPARD,c_VAL64,mut_s1,detail,1,197,SJEBTTUNLKKAEO-QFIPXVFZNA-N,-9.676
PPARD,c_VAL64,mut_s1,detail,1,198,VUVBMRFFLDJIKB-UHFFFAOYNA-N,-7.404
PPARD,c_VAL64,mut_s1,detail,1,199,CRDOCDKYXPCHRG-GMLXSZADNA-N,-9.9
PPARD,c_VAL64,mut_s1,detail,1,200,PTRAWPOMIAVCDX-NPZFWETONA-N,-10.436
PPARD,c_VAL64,mut_s1,detail,1,201,YPCVJZIGKJSYKB-XWQTZBKQNA-N,-10.055
PPARD,c_VAL64,mut_s1,detail,1,202,DDQUBMKKMCESIY-UHFFFAOYNA-N,-9.291
PPARD,c_VAL64,mut_s1,detail,1,203,QRBHMNKXVMROIF-UHFFFAOYNA-N,-9.965
PPARD,c_VAL64,mut_s1,detail,1,204,CSCOHEYTBLBQMG-SREBMQDQNA-N,-10.264
PPARD,c_VAL64,mut_s1,detail,1,205,FPRLMEVUSKOQRF-UHFFFAOYNA-N,-9.169
PPARD,c_VAL64,mut_s1,detail,1,206,VRUTXMQQNLYKSZ-SPEPDGBUNA-N,-9.943
PPARD,c_VAL64,mut_s1,detail,1,207,IFVIZWYRFUIABK-LKHHGCNMNA-N,-10.93
PPARD,c_VAL64,mut_s1,detail,1,208,BJSKDMOWRPAVMK-UHFFFAOYNA-N,-7.738
PPARD,c_VAL64,mut_s1,detail,1,209,AJDIYNONBYMZIF-ILOOJWFPNA-N,-10.179
PPARD,c_VAL64,mut_s1,detail,1,210,ABURDUMLEUCKOY-FYDYDPJYNA-N,-9.962
PPARD,c_VAL64,mut_s1,detail,1,211,ZXCSBCTVTJFLOZ-JUEKIJOLNA-N,-9.898
PPARD,c_VAL64,mut_s1,detail,1,212,SKVNACLQMJDJNT-JJFURXLTNA-N,-10.042
PPARD,c_VAL64,mut_s1,detail,1,213,OWDCBGQHUHBGKH-ODBASERBNA-N,-9.778
PPARD,c_VAL64,mut_s1,detail,1,214,RLXWTYPPMJNURK-LELJVTLKNA-N,-9.535
PPARD,c_VAL64,mut_s1,detail,1,215,LFFVXCIQPOOMOV-UHFFFAOYNA-N,-12.524
PPARD,c_VAL64,mut_s1,detail,1,216,ZFFOVIFFFSWOKF-PKRZOPRNNA-N,-11.674
PPARD,c_VAL64,mut_s1,detail,1,217,VVWGMEIQTOBDML-RDPOJNOENA-N,-8.907
PPARD,c_VAL64,mut_s1,detail,1,218,QAGLJDWYCCJEHH-IGBJZSFZNA-N,-8.941
PPARD,c_VAL64,mut_s1,detail,1,219,NFMSQLAKBDDECA-HXXFNXQYNA-N,-8.674
PPARD,c_VAL64,mut_s1,detail,1,220,RLKPYUHHHDBUKR-LKHHGCNMNA-N,-8.326
PPARD,c_VAL64,mut_s1,detail,1,221,FVGJPHFQQMQGFQ-PQVCHVPHNA-N,-11.515
PPARD,c_VAL64,mut_s1,detail,1,222,GGQXSFRJLUHOGQ-MDNXCRMFNA-N,-10.451
PPARD,c_VAL64,mut_s1,detail,1,223,LLLNQQOQHKAYHT-CSKMVECVNA-N,-10.707
PPARD,c_VAL64,mut_s1,detail,1,224,FTHKKKKNTGUTPA-NBVNDQADNA-N,-10.356
PPARD,c_VAL64,mut_s1,detail,1,225,BKYZARFJJFORLR-UHFFFAOYNA-N,-8.714
PPARD,c_VAL64,mut_s1,detail,1,226,XMHRXPMKDALTSG-YPBLIGHQNA-N,-8.719
PPARD,c_VAL64,mut_s1,detail,1,227,OVSPJLFXFWHQFE-HXTKINSTNA-N,-9.412
PPARD,c_VAL64,mut_s1,detail,1,228,SHBLCUUJYNQTSS-NRFANRHFNA-N,-9.676
PPARD,c_VAL64,mut_s1,detail,1,229,OHXYGRXPONZZPF-UHFFFAOYNA-N,-9.822
PPARD,c_VAL64,mut_s1,detail,1,230,XFOMWTKVHWXVRS-UHFFFAOYNA-N,-11.022
PPARD,c_VAL64,mut_s1,detail,1,231,HMPVPIRJMYFQCT-WXDRZTAENA-N,-9.769
PPARD,c_VAL64,mut_s1,detail,1,232,NRIQEFNHCJMSHL-UHFFFAOYNA-N,-11.069
PPARD,c_VAL64,mut_s1,detail,1,233,WQIKRJDLIIEKAG-WWXRYIHZNA-N,-10.189
PPARD,c_VAL64,mut_s1,detail,1,234,CQCKANIIWHCLDP-UHFFFAOYNA-N,-7.998
PPARD,c_VAL64,mut_s1,detail,1,235,QETNVWCEGLMMRQ-CXUYMYAGNA-N,-7.106
PPARD,c_VAL64,mut_s1,detail,1,236,MLYHNVDOBUQIID-NSJMMFDCNA-N,-10.449
PPARD,c_VAL64,mut_s1,detail,1,237,VBFOTEWTMOETMO-PECIQRARNA-N,-7.599
PPARD,c_VAL64,mut_s1,detail,1,238,NFSDYJKEOCQTKX-CYSPOYASNA-N,-9.289
PPARD,c_VAL64,mut_s1,detail,1,239,GZQHTWYWDSMEAW-UHFFFAOYNA-N,-8.747
PPARD,c_VAL64,mut_s1,detail,1,240,LZTXTKIYKWMRQJ-ZALBZXLWNA-N,-7.91
PPARD,c_VAL64,mut_s1,detail,1,241,YPDLHOCWYZLMQS-GFBXQOHCNA-N,-9.126
PPARD,c_VAL64,mut_s1,detail,1,242,FJUITIGQDNFRQI-UHFFFAOYNA-N,-8.105
PPARD,c_VAL64,mut_s1,detail,1,243,OHAIFIOFCXDBHP-NKTHEXPSNA-N,-9.212
PPARD,c_VAL64,mut_s1,detail,1,244,LSAXQHPWOGTFSG-UHFFFAOYNA-N,-8.356
PPARD,c_VAL64,mut_s1,detail,1,245,OENZVDXWLVYZJT-DHDJHLBQNA-N,-9.694
PPARD,c_VAL64,mut_s1,detail,1,246,UEOXIUXQBRDLJU-LBOYIXSDNA-N,-9.651
PPARD,c_VAL64,mut_s1,detail,1,247,YFYGWSCMDCTAKZ-MPIMZMORNA-N,-8.254
PPARD,c_VAL64,mut_s1,detail,1,248,AQHYVBHJINDJIW-UHFFFAOYNA-N,-7.284
PPARD,c_VAL64,mut_s1,detail,1,249,DBOAHQYVPCTALU-QBAQSEIJNA-N,-7.902
PPARD,c_VAL64,mut_s1,detail,1,250,NRMRHCTVBLZOIE-PJQSKVNONA-N,-8.947
PPARD,c_VAL64,mut_s1,detail,1,251,CGHADMRBCNGDHX-UOUKHUKPNA-N,-11.039
PPARD,c_VAL64,mut_s1,detail,1,252,DDZBRJBYGLTADL-TZFBGDORNA-N,-8.599
PPARD,c_VAL64,mut_s1,detail,1,253,LOIPDGFJRKDXSJ-UHFFFAOYNA-N,-8.771
PPARD,c_VAL64,mut_s1,detail,1,254,VBQAIJHAPZFIRO-MOQCICHVNA-N,-8.287
PPARD,c_VAL64,mut_s1,detail,1,255,YPVDZKHCFQJIDP-UHFFFAOYNA-N,-10.265
PPARD,c_ILE147,mut_s1,detail,1,0,IFHZOGDEYHFNQO-PKSOQXRJNA-N,-9.179
PPARD,c_ILE147,mut_s1,detail,1,1,PZDDADWKMMNNHC-UHFFFAOYNA-N,-7.187
PPARD,c_ILE147,mut_s1,detail,1,2,BUEYTYZOCKWHHR-UHFFFAOYNA-N,-6.819
PPARD,c_ILE147,mut_s1,detail,1,3,URXMTXGGQRBQQC-LNZJGEAENA-N,-6.657
PPARD,c_ILE147,mut_s1,detail,1,4,NNVZANSRDHCDLK-UHFFFAOYNA-N,-9.035
PPARD,c_ILE147,mut_s1,detail,1,5,YCVTUSIXNJAXKA-UHFFFAOYNA-N,-8.409
PPARD,c_ILE147,mut_s1,detail,1,6,YLQOELRYUQBERL-YHMJCDSINA-N,-6.8
PPARD,c_ILE147,mut_s1,detail,1,7,XIOYZAUVDJKWCL-UHFFFAOYNA-N,-8.77
PPARD,c_ILE147,mut_s1,detail,1,8,NYBRKCCEVRSDNF-UHFFFAOYNA-N,-9.068
PPARD,c_ILE147,mut_s1,detail,1,9,HOWDUDRRYYVTNY-NDKGDYFDNA-N,-7.582
PPARD,c_ILE147,mut_s1,detail,1,10,RVRIAONMWINUPS-GPQMBLKYNA-N,-7.247
PPARD,c_ILE147,mut_s1,detail,1,11,UVVPLBQLDVTPSL-RVQYIEHVNA-N,-5.977
PPARD,c_ILE147,mut_s1,detail,1,12,AXXXFCGETBIMKI-UHFFFAOYNA-N,-7.442
PPARD,c_ILE147,mut_s1,detail,1,13,RBMUBAYHBUBLMR-NKWLYDBFNA-N,-8.266
PPARD,c_ILE147,mut_s1,detail,1,14,BTIHIHBWVGQIIQ-UHFFFAOYNA-N,-7.109
PPARD,c_ILE147,mut_s1,detail,1,15,ACAOHWOPNZHWAF-WNVDMVQFNA-N,-8.403
PPARD,c_ILE147,mut_s1,detail,1,16,VEFTYKZXVJQBER-ZHLVXTBQNA-N,-6.867
PPARD,c_ILE147,mut_s1,detail,1,17,QBQDUEWXIOEVKT-UYBDAZJANA-N,-9.399
PPARD,c_ILE147,mut_s1,detail,1,18,KRGQOKCRZMRVRH-UHFFFAOYNA-N,-6.178
PPARD,c_ILE147,mut_s1,detail,1,19,YXGMBGNPGWDLBJ-WYUMXYHSNA-N,-7.334
PPARD,c_ILE147,mut_s1,detail,1,20,LHQICPSUYGARIS-UHFFFAOYNA-N,-8.587
PPARD,c_ILE147,mut_s1,detail,1,21,ZXVNJVRABSCRGU-GPQMBLKYNA-N,-8.079
PPARD,c_ILE147,mut_s1,detail,1,22,TYXGDELQOONTQQ-DQDSCPLDNA-N,-7.916
PPARD,c_ILE147,mut_s1,detail,1,23,FMDKDGDDTIJRQT-WRCMMWDQNA-N,-7.07
PPARD,c_ILE147,mut_s1,detail,1,24,DXLLFVXDQQMGGM-LILDFLRNNA-N,-7.479
PPARD,c_ILE147,mut_s1,detail,1,25,RCFHJSCTPLCRAN-UHFFFAOYNA-N,-8.219
PPARD,c_ILE147,mut_s1,detail,1,26,LOIKOLAEHONJTE-KARVIEMNNA-N,-8.065
PPARD,c_ILE147,mut_s1,detail,1,27,ZBEDJPDEINGEHM-UHFFFAOYNA-N,-6.052
PPARD,c_ILE147,mut_s1,detail,1,28,PKHXJWYQMRFPTR-LILDFLRNNA-N,-8.15
PPARD,c_ILE147,mut_s1,detail,1,29,DGFWWFXFIZOMRX-WXRBYKJCNA-N,-6.547
PPARD,c_ILE147,mut_s1,detail,1,30,NDEDMCKHRVZXGD-VEWCPZSHNA-N,-7.813
PPARD,c_ILE147,mut_s1,detail,1,31,UPOCYXRXSNRNNU-UHFFFAOYNA-N,-8.076
PPARD,c_ILE147,mut_s1,detail,1,32,UGLPVHLKYTWQRV-UHFFFAOYNA-N,-7.965
PPARD,c_ILE147,mut_s1,detail,1,33,VEBIFNQLJFTSLJ-GPQMBLKYNA-N,-8.07
PPARD,c_ILE147,mut_s1,detail,1,34,FZGYMZTVBMODJR-GUYCJALGNA-N,-7.875
PPARD,c_ILE147,mut_s1,detail,1,35,XVAMDQGNCAYOLZ-CMNYYERHNA-N,-7.915
PPARD,c_ILE147,mut_s1,detail,1,36,MRHCSNNEUHXNIC-DLGLGFIGNA-N,-7.927
PPARD,c_ILE147,mut_s1,detail,1,37,QXSUNGXUTAFLCR-HCKMINDGNA-N,-8.321
PPARD,c_ILE147,mut_s1,detail,1,38,BTUZBQRUTGYGSI-SAAHQOFTNA-N,-7.93
PPARD,c_ILE147,mut_s1,detail,1,39,TTYMNRMJLOVQEL-UHFFFAOYNA-N,-7.51
PPARD,c_ILE147,mut_s1,detail,1,40,IVQOCTZDCXKGHW-UHFFFAOYNA-N,-7.709
PPARD,c_ILE147,mut_s1,detail,1,41,SRWKAZSWOPMZLA-WYUMXYHSNA-N,-7.749
PPARD,c_ILE147,mut_s1,detail,1,42,QPEDEGUPTWDSJM-UHFFFAOYNA-N,-8.681
PPARD,c_ILE147,mut_s1,detail,1,43,ISYYCVGFJSIOIJ-UHFFFAOYNA-N,-6.72
PPARD,c_ILE147,mut_s1,detail,1,44,MTUZLFBKKNTLNL-YHMJCDSINA-N,-7.339
PPARD,c_ILE147,mut_s1,detail,1,45,JOFJZXKVGWGQRQ-UHFFFAOYNA-N,-5.525
PPARD,c_ILE147,mut_s1,detail,1,46,KOHAFBWLWQFBFU-UHFFFAOYNA-N,-7.908
PPARD,c_ILE147,mut_s1,detail,1,47,YHDLLKNPVWVCGF-UHFFFAOYNA-N,-8.052
PPARD,c_ILE147,mut_s1,detail,1,48,KIRJGAMLMFQPIX-LILDFLRNNA-N,-9.595
PPARD,c_ILE147,mut_s1,detail,1,49,MIUGSXDNQICPKY-AHPDCHJINA-N,-7.008
PPARD,c_ILE147,mut_s1,detail,1,50,NCQYFKGTEDNHPE-GPQMBLKYNA-N,-9.546
PPARD,c_ILE147,mut_s1,detail,1,51,OILQEGDAOXVJJG-UHFFFAOYNA-N,-7.975
PPARD,c_ILE147,mut_s1,detail,1,52,KMZMSABQJYKKBU-UHFFFAOYNA-N,-7.02
PPARD,c_ILE147,mut_s1,detail,1,53,ODNAHSRJQUKZJC-UHFFFAOYNA-N,-7.66
PPARD,c_ILE147,mut_s1,detail,1,54,WBXGNUJDIOVVDS-GPQMBLKYNA-N,-8.661
PPARD,c_ILE147,mut_s1,detail,1,55,KGFVHZKXNIFXQC-XQMQJMAZNA-N,-7.985
PPARD,c_ILE147,mut_s1,detail,1,56,ZGDACLBJJXLKJY-UHFFFAOYNA-N,-7.872
PPARD,c_ILE147,mut_s1,detail,1,57,ODQASWLALUMZKF-UHFFFAOYNA-N,-8.392
PPARD,c_ILE147,mut_s1,detail,1,58,HEAFXLZWNUOLNQ-UHFFFAOYNA-N,-8.065
PPARD,c_ILE147,mut_s1,detail,1,59,GDJPLZYPNHEBBO-GAJRPKRDNA-N,-6.986
PPARD,c_ILE147,mut_s1,detail,1,60,KZNIFHPLKGYRTM-UHFFFAOYNA-N,-7.621
PPARD,c_ILE147,mut_s1,detail,1,61,XCNLTPWPUBZVTB-WUKNDPDINA-N,-7.495
PPARD,c_ILE147,mut_s1,detail,1,62,UJJQDGSLGZZHPE-VEWCPZSHNA-N,-7.578
PPARD,c_ILE147,mut_s1,detail,1,63,KUDKBYQDLXZYQT-YAQRNVERNA-N,-7.446
PPARD,c_ILE147,mut_s1,detail,1,64,XZDKQJKAVDHUJN-UHFFFAOYNA-N,-8.982
PPARD,c_ILE147,mut_s1,detail,1,65,PIHCOUNEIQIOLH-UYBDAZJANA-N,-8.374
PPARD,c_ILE147,mut_s1,detail,1,66,FTVJNPIOPFNKML-GPQMBLKYNA-N,-7.738
PPARD,c_ILE147,mut_s1,detail,1,67,HHYDNYVAHAHWJL-UHFFFAOYNA-N,-6.453
PPARD,c_ILE147,mut_s1,detail,1,68,MXABEVYDQHVOES-NSHDSACANA-N,-7.96
PPARD,c_ILE147,mut_s1,detail,1,69,ONNIOMOHOZUMKS-YGZLFCMANA-N,-8.353
PPARD,c_ILE147,mut_s1,detail,1,70,DQLGXAYUAURASJ-XXTDWMNGNA-N,-9.881
PPARD,c_ILE147,mut_s1,detail,1,71,QGKGHRAWZIKZRJ-WYUMXYHSNA-N,-7.666
PPARD,c_ILE147,mut_s1,detail,1,72,JWCQSDFAPBNHSM-UHFFFAOYNA-N,-8.272
PPARD,c_ILE147,mut_s1,detail,1,73,RNSJXWMAYUTWOI-UHFFFAOYNA-N,-8.266
PPARD,c_ILE147,mut_s1,detail,1,74,AKOOSRNDNZPJNL-PKSOQXRJNA-N,-9.149
PPARD,c_ILE147,mut_s1,detail,1,75,BFENEDRNBGYKMO-OTJKMEOQNA-N,-7.638
PPARD,c_ILE147,mut_s1,detail,1,76,RULIAUGJMVIUMH-QWOVJGMINA-N,-8.18
PPARD,c_ILE147,mut_s1,detail,1,77,VHAIHOXTBBWMRC-LILDFLRNNA-N,-7.243
PPARD,c_ILE147,mut_s1,detail,1,78,MMWVUKRVNHSCOU-XWVGVUDUNA-N,-8.728
PPARD,c_ILE147,mut_s1,detail,1,79,VEUYFZWVWBJLBT-LILDFLRNNA-N,-6.702
PPARD,c_ILE147,mut_s1,detail,1,80,UEVUVZKOTQNFQQ-UHFFFAOYNA-N,-8.458
PPARD,c_ILE147,mut_s1,detail,1,81,AVUDBVVAYWAMLJ-UHFFFAOYNA-N,-9.135
PPARD,c_ILE147,mut_s1,detail,1,82,BQVDJEOYDDRFHV-UHFFFAOYNA-N,-6.954
PPARD,c_ILE147,mut_s1,detail,1,83,RJDWHDCXBZVKHF-UHFFFAOYNA-N,-9.65
PPARD,c_ILE147,mut_s1,detail,1,84,UUIYULWYHDSXHL-YREUQKFVNA-N,-6.736
PPARD,c_ILE147,mut_s1,detail,1,85,KSVYPWJPODFWFB-MHWRWJLKNA-N,-8.983
PPARD,c_ILE147,mut_s1,detail,1,86,YTOTVFWYSYGJKJ-MPIMZMORNA-N,-8.882
PPARD,c_ILE147,mut_s1,detail,1,87,LDEBHGWOYJCQTG-SFHVURJKNA-N,-7.888
PPARD,c_ILE147,mut_s1,detail,1,88,NXBTXYMTUUWSCC-XBTAAFKLNA-N,-8.652
PPARD,c_ILE147,mut_s1,detail,1,89,HRLJAEIRFSEJAW-UHFFFAOYNA-N,-8.335
PPARD,c_ILE147,mut_s1,detail,1,90,HROYNIXUIVDQJH-UHFFFAOYNA-N,-8.55
PPARD,c_ILE147,mut_s1,detail,1,91,BYXXTGCOSOYREY-QWOVJGMINA-N,-8.127
PPARD,c_ILE147,mut_s1,detail,1,92,AWXVIXMNAQQCCZ-OEMYIYORNA-N,-8.022
PPARD,c_ILE147,mut_s1,detail,1,93,PVTHJAPFENJVNC-ANRNRNKZNA-N,-6.833
PPARD,c_ILE147,mut_s1,detail,1,94,IMPAUHAIMHCPEJ-PKSOQXRJNA-N,-9.599
PPARD,c_ILE147,mut_s1,detail,1,95,SLOJERRRBYNXAR-NPQUBYNZNA-N,-8.544
PPARD,c_ILE147,mut_s1,detail,1,96,YWBJCOHEBDEQDR-PKSOQXRJNA-N,-7.966
PPARD,c_ILE147,mut_s1,detail,1,97,WWRBDTKNUXAXRR-XAVYIPQLNA-O,-7.774
PPARD,c_ILE147,mut_s1,detail,1,98,HBERTCHGBHHVDT-LILDFLRNNA-N,-9.585
PPARD,c_ILE147,mut_s1,detail,1,99,BXKUVDXLHUBVPA-ZWQIFLOQNA-N,-5.787
PPARD,c_ILE147,mut_s1,detail,1,100,WBWFIUAVMCNYPG-FPLPWBNLNA-N,-7.615
PPARD,c_ILE147,mut_s1,detail,1,101,VRWIFQNGGPFLST-UYBDAZJANA-N,-8.495
PPARD,c_ILE147,mut_s1,detail,1,102,JTAPVIPBGIDRDE-UHFFFAOYNA-N,-10.489
PPARD,c_ILE147,mut_s1,detail,1,103,HBTCLXRQQIHFQB-GDEMPAQCNA-N,-7.811
PPARD,c_ILE147,mut_s1,detail,1,104,DXJSFQXIPUHFQK-QWOVJGMINA-N,-6.891
PPARD,c_ILE147,mut_s1,detail,1,105,RBEMVAFKFYHQIB-UYBDAZJANA-N,-9.062
PPARD,c_ILE147,mut_s1,detail,1,106,QEKAHUYYWSNHDY-DZQCGVKKNA-N,-8.264
PPARD,c_ILE147,mut_s1,detail,1,107,RCSUTAOLFYVOEE-UHFFFAOYNA-N,-7.416
PPARD,c_ILE147,mut_s1,detail,1,108,MYBUANZGRGNVPO-YSPVQWMYNA-N,-9.242
PPARD,c_ILE147,mut_s1,detail,1,109,UIQCZMYFTSFLPQ-LQFNOIFHNA-N,-9.69
PPARD,c_ILE147,mut_s1,detail,1,110,QRMYORHEAHTJBC-GPQMBLKYNA-N,-8.563
PPARD,c_ILE147,mut_s1,detail,1,111,CPYTXWFFFQKUDP-QFAGIUQONA-N,-8.581
PPARD,c_ILE147,mut_s1,detail,1,112,DCIAJQYVIKONRS-QWOVJGMINA-N,-9.293
PPARD,c_ILE147,mut_s1,detail,1,113,ZMMGBIJMLCNSOV-PKSOQXRJNA-N,-7.219
PPARD,c_ILE147,mut_s1,detail,1,114,MRFDGPBJIFXZIT-NPQUBYNZNA-N,-9.74
PPARD,c_ILE147,mut_s1,detail,1,115,KANCHOKOTXNDQH-NVQSQQPGNA-N,-7.245
PPARD,c_ILE147,mut_s1,detail,1,116,SOAWEEUOPZCBSN-UHFFFAOYNA-N,-9.912
PPARD,c_ILE147,mut_s1,detail,1,117,BHXYDHWPQIADCG-HZFZDWCWNA-N,-7.89
PPARD,c_ILE147,mut_s1,detail,1,118,LVIWVNDQNUSMMV-LILDFLRNNA-N,-7.689
PPARD,c_ILE147,mut_s1,detail,1,119,UBAMGTKSOKGECF-UHFFFAOYNA-N,-7.373
PPARD,c_ILE147,mut_s1,detail,1,120,YSVHPRBZNNADQG-UHFFFAOYNA-N,-8.27
PPARD,c_ILE147,mut_s1,detail,1,121,IXZAZBWJQHWVHS-QVUQFMIFNA-N,-8.702
PPARD,c_ILE147,mut_s1,detail,1,122,NILCXRPLMSLFEG-HQHQJUQONA-N,-7.705
PPARD,c_ILE147,mut_s1,detail,1,123,HRNRRPMOOJUJLK-QWOVJGMINA-N,-8.925
PPARD,c_ILE147,mut_s1,detail,1,124,OLSXSUXZOLBVQZ-QVUQFMIFNA-N,-8.679
PPARD,c_ILE147,mut_s1,detail,1,125,XZMGFGHEVBEPKS-UHFFFAOYNA-N,-9.776
PPARD,c_ILE147,mut_s1,detail,1,126,MNLBKBCAEFZATB-UHFFFAOYNA-N,-8.552
PPARD,c_ILE147,mut_s1,detail,1,127,NNTZETQYCAZKJF-UYBDAZJANA-N,-9.332
PPARD,c_ILE147,mut_s1,detail,1,128,AKEDBCQYOCYZDX-PLBWUZGSNA-N,-8.452
PPARD,c_ILE147,mut_s1,detail,1,129,HCXOEHYNUWUKAG-UHFFFAOYNA-N,-9.92
PPARD,c_ILE147,mut_s1,detail,1,130,CWKHWSAMAAAUEN-UYBDAZJANA-N,-8.641
PPARD,c_ILE147,mut_s1,detail,1,131,VMZWELQEDXUUJX-HXTKINSTNA-N,-7.206
PPARD,c_ILE147,mut_s1,detail,1,132,PCMOPVSFMUOUFR-OAQYLSRUNA-N,-8.461
PPARD,c_ILE147,mut_s1,detail,1,133,POFKEPXNJQGIOB-DIRLUKLVNA-N,-10.505
PPARD,c_ILE147,mut_s1,detail,1,134,GQNKLNZBZDEAMD-VQHCSMNLNA-N,-9.521
PPARD,c_ILE147,mut_s1,detail,1,135,COFQAKCKCHDGNW-ZXWGSDNONA-N,-8.675
PPARD,c_ILE147,mut_s1,detail,1,136,XURFWWBVADUSQL-LNNLXFCONA-N,-10.267
PPARD,c_ILE147,mut_s1,detail,1,137,LBDHNFPYMBLBSB-CLCOLTQENA-N,-7.38
PPARD,c_ILE147,mut_s1,detail,1,138,QKIJTUQIQQZCIX-UYBDAZJANA-N,-8.531
PPARD,c_ILE147,mut_s1,detail,1,139,UXLJJGBAQOYQMV-UHFFFAOYNA-N,-8.17
PPARD,c_ILE147,mut_s1,detail,1,140,WQAWGOAEJJIYFP-DEOSSOPVNA-N,-8.997
PPARD,c_ILE147,mut_s1,detail,1,141,MBNPYPWQYGHCTB-UHFFFAOYNA-N,-9.566
PPARD,c_ILE147,mut_s1,detail,1,142,XAYHBRQVRJQCAH-PKSOQXRJNA-N,-7.979
PPARD,c_ILE147,mut_s1,detail,1,143,GNTOXDIONQLPFR-CXUHLZMHNA-N,-8.55
PPARD,c_ILE147,mut_s1,detail,1,144,RIVKJCNOYQAWOL-VCZDBIKCNA-N,-9.161
PPARD,c_ILE147,mut_s1,detail,1,145,LRRFROMGHKZMSA-PKRZOPRNNA-N,-9.993
PPARD,c_ILE147,mut_s1,detail,1,146,HWUKVYPOCLJTSN-RJJUGOMSNA-N,-8.963
PPARD,c_ILE147,mut_s1,detail,1,147,JAQNENPDJAEDSC-UHFFFAOYNA-N,-9.038
PPARD,c_ILE147,mut_s1,detail,1,148,ZYQCCRUKVDVTJE-ZUOKHONENA-N,-7.434
PPARD,c_ILE147,mut_s1,detail,1,149,UUWCZQYGBSUBRG-SPEPDGBUNA-N,-10.316
PPARD,c_ILE147,mut_s1,detail,1,150,KNGPIEIQVMOPHJ-PKSOQXRJNA-N,-8.411
PPARD,c_ILE147,mut_s1,detail,1,151,CTDCFVMSXQQWDC-HXTKINSTNA-N,-8.574
PPARD,c_ILE147,mut_s1,detail,1,152,AELMMQNCWIYZED-UHFFFAOYNA-N,-8.218
PPARD,c_ILE147,mut_s1,detail,1,153,BTBRAURMAUKXDM-UHFFFAOYNA-N,-8.243
PPARD,c_ILE147,mut_s1,detail,1,154,DWAPJEYUYKZUPW-UYBDAZJANA-N,-9.69
PPARD,c_ILE147,mut_s1,detail,1,155,MTWNFHPRKAIWJY-LQFNOIFHNA-N,-9.114
PPARD,c_ILE147,mut_s1,detail,1,156,XMOFGSWSGOXFPP-MPIMZMORNA-N,-8.642
PPARD,c_ILE147,mut_s1,detail,1,157,VVSBVXXITLYIIA-CKFYMFOVNA-N,-9.373
PPARD,c_ILE147,mut_s1,detail,1,158,GAXPVNSBLNNWCZ-PSHYBUTQNA-N,-7.563
PPARD,c_ILE147,mut_s1,detail,1,159,XDYREIZGNBPMPJ-IBGZPJMENA-N,-8.482
PPARD,c_ILE147,mut_s1,detail,1,160,WITBRHUYBFKPOL-MPIMZMORNA-N,-8.696
PPARD,c_ILE147,mut_s1,detail,1,161,IBIQKJHXTSLLBQ-PKRZOPRNNA-N,-9.706
PPARD,c_ILE147,mut_s1,detail,1,162,VLUGXHSPLMSNET-LNNLXFCONA-N,-9.625
PPARD,c_ILE147,mut_s1,detail,1,163,IEQABWYSQBHOMM-UHFFFAOYNA-N,-7.939
PPARD,c_ILE147,mut_s1,detail,1,164,FWLMJHGQRXWNIS-UHFFFAOYNA-N,-8.996
PPARD,c_ILE147,mut_s1,detail,1,165,RZJWOMPOSAPIJL-LQFNOIFHNA-N,-8.693
PPARD,c_ILE147,mut_s1,detail,1,166,ZUMDOGBUKHTCOC-CWWQGPJMNA-N,-8.944
PPARD,c_ILE147,mut_s1,detail,1,167,ANZGKDRXGOPIJA-QWOVJGMINA-N,-7.848
PPARD,c_ILE147,mut_s1,detail,1,168,QUISVMJELRRHAG-UHFFFAOYNA-N,-9.068
PPARD,c_ILE147,mut_s1,detail,1,169,XZFCGNQJCGTXNQ-ZVHZXABRNA-N,-8.533
PPARD,c_ILE147,mut_s1,detail,1,170,UGPWOMSWEMIIJH-UHFFFAOYNA-N,-9.304
PPARD,c_ILE147,mut_s1,detail,1,171,WGMQZHYPIKBUML-LQFNOIFHNA-N,-7.799
PPARD,c_ILE147,mut_s1,detail,1,172,HPNLHDILXMKRJE-UHFFFAOYNA-N,-8.34
PPARD,c_ILE147,mut_s1,detail,1,173,AQBHPXSDFXKHIG-LELJVTLKNA-N,-8.753
PPARD,c_ILE147,mut_s1,detail,1,174,BHPSGEAUUZMDDL-QFIPXVFZNA-N,-10.501
PPARD,c_ILE147,mut_s1,detail,1,175,RHMDXGNHLMFANS-XBXBPLPCNA-N,-8.208
PPARD,c_ILE147,mut_s1,detail,1,176,HZXUSKDOXPOMIW-PKSOQXRJNA-N,-8.266
PPARD,c_ILE147,mut_s1,detail,1,177,QBBIMTGZZXPUPY-UHFFFAOYNA-N,-7.626
PPARD,c_ILE147,mut_s1,detail,1,178,FAALFCIDNMPXJU-LNNLXFCONA-N,-10.563
PPARD,c_ILE147,mut_s1,detail,1,179,UEGWFDMCEAIRSE-DVIAZDKANA-N,-8.515
PPARD,c_ILE147,mut_s1,detail,1,180,QATBWONTRXXCBE-UHFFFAOYNA-N,-8.449
PPARD,c_ILE147,mut_s1,detail,1,181,IEWZULBPMDXTLX-LQFNOIFHNA-N,-11.325
PPARD,c_ILE147,mut_s1,detail,1,182,DTUUXDIGBXNINJ-PKSOQXRJNA-N,-7.758
PPARD,c_ILE147,mut_s1,detail,1,183,FFDDOWCKFPDEPQ-KIYDBJNPNA-N,-9.228
PPARD,c_ILE147,mut_s1,detail,1,184,LFTDMBYAYYEBDL-XWYQMZBENA-N,-9.619
PPARD,c_ILE147,mut_s1,detail,1,185,VZFTWWJAUZOJDH-YANQHBGHNA-N,-10.209
PPARD,c_ILE147,mut_s1,detail,1,186,YNUOGMCLPCOTIC-UHFFFAOYNA-N,-9.172
PPARD,c_ILE147,mut_s1,detail,1,187,WDXONUYXRRUOAF-LELJVTLKNA-N,-8.196
PPARD,c_ILE147,mut_s1,detail,1,188,FWYUTSUWWZVOGD-UHFFFAOYNA-N,-7.027
PPARD,c_ILE147,mut_s1,detail,1,189,VMDJSIGZJOXSGC-UHFFFAOYNA-N,-8.576
PPARD,c_ILE147,mut_s1,detail,1,190,IIVPENRIUTZXCZ-DFVASWNCNA-N,-8.233
PPARD,c_ILE147,mut_s1,detail,1,191,HHKIXRJLSXZGIO-LBOYIXSDNA-N,-9.113
PPARD,c_ILE147,mut_s1,detail,1,192,VFCHPGXNLRROSP-UHFFFAOYNA-N,-9.598
PPARD,c_ILE147,mut_s1,detail,1,193,LQNMNFIDHADHQU-LQFNOIFHNA-N,-9.348
PPARD,c_ILE147,mut_s1,detail,1,194,DWCQXZSEATZNGJ-JXAWBTAJNA-N,-7.589
PPARD,c_ILE147,mut_s1,detail,1,195,XCFKTIVHIIOEHO-XRJCTRHONA-N,-10.184
PPARD,c_ILE147,mut_s1,detail,1,196,CTKVVCDWNBLQHQ-VJSLDGLSNA-N,-8.668
PPARD,c_ILE147,mut_s1,detail,1,197,SJEBTTUNLKKAEO-QFIPXVFZNA-N,-9.578
PPARD,c_ILE147,mut_s1,detail,1,198,VUVBMRFFLDJIKB-UHFFFAOYNA-N,-8.465
PPARD,c_ILE147,mut_s1,detail,1,199,CRDOCDKYXPCHRG-GMLXSZADNA-N,-9.535
PPARD,c_ILE147,mut_s1,detail,1,200,PTRAWPOMIAVCDX-NPZFWETONA-N,-10.095
PPARD,c_ILE147,mut_s1,detail,1,201,YPCVJZIGKJSYKB-XWQTZBKQNA-N,-10.261
PPARD,c_ILE147,mut_s1,detail,1,202,DDQUBMKKMCESIY-UHFFFAOYNA-N,-9.278
PPARD,c_ILE147,mut_s1,detail,1,203,QRBHMNKXVMROIF-UHFFFAOYNA-N,-9.613
PPARD,c_ILE147,mut_s1,detail,1,204,CSCOHEYTBLBQMG-SREBMQDQNA-N,-10.035
PPARD,c_ILE147,mut_s1,detail,1,205,FPRLMEVUSKOQRF-UHFFFAOYNA-N,-7.593
PPARD,c_ILE147,mut_s1,detail,1,206,VRUTXMQQNLYKSZ-SPEPDGBUNA-N,-9.748
PPARD,c_ILE147,mut_s1,detail,1,207,IFVIZWYRFUIABK-LKHHGCNMNA-N,-10.124
PPARD,c_ILE147,mut_s1,detail,1,208,BJSKDMOWRPAVMK-UHFFFAOYNA-N,-7.784
PPARD,c_ILE147,mut_s1,detail,1,209,AJDIYNONBYMZIF-ILOOJWFPNA-N,-10.334
PPARD,c_ILE147,mut_s1,detail,1,210,ABURDUMLEUCKOY-FYDYDPJYNA-N,-9.062
PPARD,c_ILE147,mut_s1,detail,1,211,ZXCSBCTVTJFLOZ-JUEKIJOLNA-N,-9.865
PPARD,c_ILE147,mut_s1,detail,1,212,SKVNACLQMJDJNT-JJFURXLTNA-N,-9.228
PPARD,c_ILE147,mut_s1,detail,1,213,OWDCBGQHUHBGKH-ODBASERBNA-N,-9.542
PPARD,c_ILE147,mut_s1,detail,1,214,RLXWTYPPMJNURK-LELJVTLKNA-N,-9.307
PPARD,c_ILE147,mut_s1,detail,1,215,LFFVXCIQPOOMOV-UHFFFAOYNA-N,-12.126
PPARD,c_ILE147,mut_s1,detail,1,216,ZFFOVIFFFSWOKF-PKRZOPRNNA-N,-11.598
PPARD,c_ILE147,mut_s1,detail,1,217,VVWGMEIQTOBDML-RDPOJNOENA-N,-9.459
PPARD,c_ILE147,mut_s1,detail,1,218,QAGLJDWYCCJEHH-IGBJZSFZNA-N,-8.73
PPARD,c_ILE147,mut_s1,detail,1,219,NFMSQLAKBDDECA-HXXFNXQYNA-N,-8.495
PPARD,c_ILE147,mut_s1,detail,1,220,RLKPYUHHHDBUKR-LKHHGCNMNA-N,-8.685
PPARD,c_ILE147,mut_s1,detail,1,221,FVGJPHFQQMQGFQ-PQVCHVPHNA-N,-11.21
PPARD,c_ILE147,mut_s1,detail,1,222,GGQXSFRJLUHOGQ-MDNXCRMFNA-N,-10.031
PPARD,c_ILE147,mut_s1,detail,1,223,LLLNQQOQHKAYHT-CSKMVECVNA-N,-10.159
PPARD,c_ILE147,mut_s1,detail,1,224,FTHKKKKNTGUTPA-NBVNDQADNA-N,-9.411
PPARD,c_ILE147,mut_s1,detail,1,225,BKYZARFJJFORLR-UHFFFAOYNA-N,-8.96
PPARD,c_ILE147,mut_s1,detail,1,226,XMHRXPMKDALTSG-YPBLIGHQNA-N,-8.651
PPARD,c_ILE147,mut_s1,detail,1,227,OVSPJLFXFWHQFE-HXTKINSTNA-N,-9.574
PPARD,c_ILE147,mut_s1,detail,1,228,SHBLCUUJYNQTSS-NRFANRHFNA-N,-9.383
PPARD,c_ILE147,mut_s1,detail,1,229,OHXYGRXPONZZPF-UHFFFAOYNA-N,-9.029
PPARD,c_ILE147,mut_s1,detail,1,230,XFOMWTKVHWXVRS-UHFFFAOYNA-N,-10.126
PPARD,c_ILE147,mut_s1,detail,1,231,HMPVPIRJMYFQCT-WXDRZTAENA-N,-8.833
PPARD,c_ILE147,mut_s1,detail,1,232,NRIQEFNHCJMSHL-UHFFFAOYNA-N,-11.188
PPARD,c_ILE147,mut_s1,detail,1,233,WQIKRJDLIIEKAG-WWXRYIHZNA-N,-9.617
PPARD,c_ILE147,mut_s1,detail,1,234,CQCKANIIWHCLDP-UHFFFAOYNA-N,-7.539
PPARD,c_ILE147,mut_s1,detail,1,235,QETNVWCEGLMMRQ-CXUYMYAGNA-N,-7.953
PPARD,c_ILE147,mut_s1,detail,1,236,MLYHNVDOBUQIID-NSJMMFDCNA-N,-10.412
PPARD,c_ILE147,mut_s1,detail,1,237,VBFOTEWTMOETMO-PECIQRARNA-N,-7.311
PPARD,c_ILE147,mut_s1,detail,1,238,NFSDYJKEOCQTKX-CYSPOYASNA-N,-8.838
PPARD,c_ILE147,mut_s1,detail,1,239,GZQHTWYWDSMEAW-UHFFFAOYNA-N,-8.805
PPARD,c_ILE147,mut_s1,detail,1,240,LZTXTKIYKWMRQJ-ZALBZXLWNA-N,-7.973
PPARD,c_ILE147,mut_s1,detail,1,241,YPDLHOCWYZLMQS-GFBXQOHCNA-N,-8.904
PPARD,c_ILE147,mut_s1,detail,1,242,FJUITIGQDNFRQI-UHFFFAOYNA-N,-8.195
PPARD,c_ILE147,mut_s1,detail,1,243,OHAIFIOFCXDBHP-NKTHEXPSNA-N,-8.064
PPARD,c_ILE147,mut_s1,detail,1,244,LSAXQHPWOGTFSG-UHFFFAOYNA-N,-8.375
PPARD,c_ILE147,mut_s1,detail,1,245,OENZVDXWLVYZJT-DHDJHLBQNA-N,-9.767
PPARD,c_ILE147,mut_s1,detail,1,246,UEOXIUXQBRDLJU-LBOYIXSDNA-N,-9.489
PPARD,c_ILE147,mut_s1,detail,1,247,YFYGWSCMDCTAKZ-MPIMZMORNA-N,-8.008
PPARD,c_ILE147,mut_s1,detail,1,248,AQHYVBHJINDJIW-UHFFFAOYNA-N,-8.34
PPARD,c_ILE147,mut_s1,detail,1,249,DBOAHQYVPCTALU-QBAQSEIJNA-N,-8.378
PPARD,c_ILE147,mut_s1,detail,1,250,NRMRHCTVBLZOIE-PJQSKVNONA-N,-8.834
PPARD,c_ILE147,mut_s1,detail,1,251,CGHADMRBCNGDHX-UOUKHUKPNA-N,-10.974
PPARD,c_ILE147,mut_s1,detail,1,252,DDZBRJBYGLTADL-TZFBGDORNA-N,-8.959
PPARD,c_ILE147,mut_s1,detail,1,253,LOIPDGFJRKDXSJ-UHFFFAOYNA-N,-8.87
PPARD,c_ILE147,mut_s1,detail,1,254,VBQAIJHAPZFIRO-MOQCICHVNA-N,-9.005
PPARD,c_ILE147,mut_s1,detail,1,255,YPVDZKHCFQJIDP-UHFFFAOYNA-N,-10.443
PPARD,c_LEU136,mut_s1,detail,1,0,IFHZOGDEYHFNQO-PKSOQXRJNA-N,-9.074
PPARD,c_LEU136,mut_s1,detail,1,1,PZDDADWKMMNNHC-UHFFFAOYNA-N,-6.794
PPARD,c_LEU136,mut_s1,detail,1,2,BUEYTYZOCKWHHR-UHFFFAOYNA-N,-7.133
PPARD,c_LEU136,mut_s1,detail,1,3,URXMTXGGQRBQQC-LNZJGEAENA-N,-6.58
PPARD,c_LEU136,mut_s1,detail,1,4,NNVZANSRDHCDLK-UHFFFAOYNA-N,-8.149
PPARD,c_LEU136,mut_s1,detail,1,5,YCVTUSIXNJAXKA-UHFFFAOYNA-N,-8.413
PPARD,c_LEU136,mut_s1,detail,1,6,YLQOELRYUQBERL-YHMJCDSINA-N,-6.571
PPARD,c_LEU136,mut_s1,detail,1,7,XIOYZAUVDJKWCL-UHFFFAOYNA-N,-9.013
PPARD,c_LEU136,mut_s1,detail,1,8,NYBRKCCEVRSDNF-UHFFFAOYNA-N,-8.875
PPARD,c_LEU136,mut_s1,detail,1,9,HOWDUDRRYYVTNY-NDKGDYFDNA-N,-7.58
PPARD,c_LEU136,mut_s1,detail,1,10,RVRIAONMWINUPS-GPQMBLKYNA-N,-7.381
PPARD,c_LEU136,mut_s1,detail,1,11,UVVPLBQLDVTPSL-RVQYIEHVNA-N,-6.362
PPARD,c_LEU136,mut_s1,detail,1,12,AXXXFCGETBIMKI-UHFFFAOYNA-N,-7.316
PPARD,c_LEU136,mut_s1,detail,1,13,RBMUBAYHBUBLMR-NKWLYDBFNA-N,-8.471
PPARD,c_LEU136,mut_s1,detail,1,14,BTIHIHBWVGQIIQ-UHFFFAOYNA-N,-6.929
PPARD,c_LEU136,mut_s1,detail,1,15,ACAOHWOPNZHWAF-WNVDMVQFNA-N,-8.347
PPARD,c_LEU136,mut_s1,detail,1,16,VEFTYKZXVJQBER-ZHLVXTBQNA-N,-6.226
PPARD,c_LEU136,mut_s1,detail,1,17,QBQDUEWXIOEVKT-UYBDAZJANA-N,-9.21
PPARD,c_LEU136,mut_s1,detail,1,18,KRGQOKCRZMRVRH-UHFFFAOYNA-N,-6.117
PPARD,c_LEU136,mut_s1,detail,1,19,YXGMBGNPGWDLBJ-WYUMXYHSNA-N,-7.634
PPARD,c_LEU136,mut_s1,detail,1,20,LHQICPSUYGARIS-UHFFFAOYNA-N,-8.293
PPARD,c_LEU136,mut_s1,detail,1,21,ZXVNJVRABSCRGU-GPQMBLKYNA-N,-8.062
PPARD,c_LEU136,mut_s1,detail,1,22,TYXGDELQOONTQQ-DQDSCPLDNA-N,-8.548
PPARD,c_LEU136,mut_s1,detail,1,23,FMDKDGDDTIJRQT-WRCMMWDQNA-N,-7.245
PPARD,c_LEU136,mut_s1,detail,1,24,DXLLFVXDQQMGGM-LILDFLRNNA-N,-7.686
PPARD,c_LEU136,mut_s1,detail,1,25,RCFHJSCTPLCRAN-UHFFFAOYNA-N,-8.233
PPARD,c_LEU136,mut_s1,detail,1,26,LOIKOLAEHONJTE-KARVIEMNNA-N,-8.528
PPARD,c_LEU136,mut_s1,detail,1,27,ZBEDJPDEINGEHM-UHFFFAOYNA-N,-6.056
PPARD,c_LEU136,mut_s1,detail,1,28,PKHXJWYQMRFPTR-LILDFLRNNA-N,-7.984
PPARD,c_LEU136,mut_s1,detail,1,29,DGFWWFXFIZOMRX-WXRBYKJCNA-N,-6.541
PPARD,c_LEU136,mut_s1,detail,1,30,NDEDMCKHRVZXGD-VEWCPZSHNA-N,-7.667
PPARD,c_LEU136,mut_s1,detail,1,31,UPOCYXRXSNRNNU-UHFFFAOYNA-N,-8.246
PPARD,c_LEU136,mut_s1,detail,1,32,UGLPVHLKYTWQRV-UHFFFAOYNA-N,-8.098
PPARD,c_LEU136,mut_s1,detail,1,33,VEBIFNQLJFTSLJ-GPQMBLKYNA-N,-7.978
PPARD,c_LEU136,mut_s1,detail,1,34,FZGYMZTVBMODJR-GUYCJALGNA-N,-8.442
PPARD,c_LEU136,mut_s1,detail,1,35,XVAMDQGNCAYOLZ-CMNYYERHNA-N,-7.769
PPARD,c_LEU136,mut_s1,detail,1,36,MRHCSNNEUHXNIC-DLGLGFIGNA-N,-8.017
PPARD,c_LEU136,mut_s1,detail,1,37,QXSUNGXUTAFLCR-HCKMINDGNA-N,-8.11
PPARD,c_LEU136,mut_s1,detail,1,38,BTUZBQRUTGYGSI-SAAHQOFTNA-N,-7.893
PPARD,c_LEU136,mut_s1,detail,1,39,TTYMNRMJLOVQEL-UHFFFAOYNA-N,-7.537
PPARD,c_LEU136,mut_s1,detail,1,40,IVQOCTZDCXKGHW-UHFFFAOYNA-N,-7.582
PPARD,c_LEU136,mut_s1,detail,1,41,SRWKAZSWOPMZLA-WYUMXYHSNA-N,-7.668
PPARD,c_LEU136,mut_s1,detail,1,42,QPEDEGUPTWDSJM-UHFFFAOYNA-N,-8.749
PPARD,c_LEU136,mut_s1,detail,1,43,ISYYCVGFJSIOIJ-UHFFFAOYNA-N,-6.969
PPARD,c_LEU136,mut_s1,detail,1,44,MTUZLFBKKNTLNL-YHMJCDSINA-N,-7.219
PPARD,c_LEU136,mut_s1,detail,1,45,JOFJZXKVGWGQRQ-UHFFFAOYNA-N,-6.06
PPARD,c_LEU136,mut_s1,detail,1,46,KOHAFBWLWQFBFU-UHFFFAOYNA-N,-7.857
PPARD,c_LEU136,mut_s1,detail,1,47,YHDLLKNPVWVCGF-UHFFFAOYNA-N,-8.18
PPARD,c_LEU136,mut_s1,detail,1,48,KIRJGAMLMFQPIX-LILDFLRNNA-N,-9.972
PPARD,c_LEU136,mut_s1,detail,1,49,MIUGSXDNQICPKY-AHPDCHJINA-N,-6.868
PPARD,c_LEU136,mut_s1,detail,1,50,NCQYFKGTEDNHPE-GPQMBLKYNA-N,-9.398
PPARD,c_LEU136,mut_s1,detail,1,51,OILQEGDAOXVJJG-UHFFFAOYNA-N,-8.133
PPARD,c_LEU136,mut_s1,detail,1,52,KMZMSABQJYKKBU-UHFFFAOYNA-N,-7.417
PPARD,c_LEU136,mut_s1,detail,1,53,ODNAHSRJQUKZJC-UHFFFAOYNA-N,-7.559
PPARD,c_LEU136,mut_s1,detail,1,54,WBXGNUJDIOVVDS-GPQMBLKYNA-N,-9.088
PPARD,c_LEU136,mut_s1,detail,1,55,KGFVHZKXNIFXQC-XQMQJMAZNA-N,-7.449
PPARD,c_LEU136,mut_s1,detail,1,56,ZGDACLBJJXLKJY-UHFFFAOYNA-N,-7.764
PPARD,c_LEU136,mut_s1,detail,1,57,ODQASWLALUMZKF-UHFFFAOYNA-N,-9.06
PPARD,c_LEU136,mut_s1,detail,1,58,HEAFXLZWNUOLNQ-UHFFFAOYNA-N,-7.985
PPARD,c_LEU136,mut_s1,detail,1,59,GDJPLZYPNHEBBO-GAJRPKRDNA-N,-7.206
PPARD,c_LEU136,mut_s1,detail,1,60,KZNIFHPLKGYRTM-UHFFFAOYNA-N,-7.672
PPARD,c_LEU136,mut_s1,detail,1,61,XCNLTPWPUBZVTB-WUKNDPDINA-N,-7.607
PPARD,c_LEU136,mut_s1,detail,1,62,UJJQDGSLGZZHPE-VEWCPZSHNA-N,-7.766
PPARD,c_LEU136,mut_s1,detail,1,63,KUDKBYQDLXZYQT-YAQRNVERNA-N,-7.441
PPARD,c_LEU136,mut_s1,detail,1,64,XZDKQJKAVDHUJN-UHFFFAOYNA-N,-9.3
PPARD,c_LEU136,mut_s1,detail,1,65,PIHCOUNEIQIOLH-UYBDAZJANA-N,-8.088
PPARD,c_LEU136,mut_s1,detail,1,66,FTVJNPIOPFNKML-GPQMBLKYNA-N,-8.027
PPARD,c_LEU136,mut_s1,detail,1,67,HHYDNYVAHAHWJL-UHFFFAOYNA-N,-6.752
PPARD,c_LEU136,mut_s1,detail,1,68,MXABEVYDQHVOES-NSHDSACANA-N,-8.087
PPARD,c_LEU136,mut_s1,detail,1,69,ONNIOMOHOZUMKS-YGZLFCMANA-N,-8.07
PPARD,c_LEU136,mut_s1,detail,1,70,DQLGXAYUAURASJ-XXTDWMNGNA-N,-10.488
PPARD,c_LEU136,mut_s1,detail,1,71,QGKGHRAWZIKZRJ-WYUMXYHSNA-N,-7.687
PPARD,c_LEU136,mut_s1,detail,1,72,JWCQSDFAPBNHSM-UHFFFAOYNA-N,-7.737
PPARD,c_LEU136,mut_s1,detail,1,73,RNSJXWMAYUTWOI-UHFFFAOYNA-N,-8.37
PPARD,c_LEU136,mut_s1,detail,1,74,AKOOSRNDNZPJNL-PKSOQXRJNA-N,-8.514
PPARD,c_LEU136,mut_s1,detail,1,75,BFENEDRNBGYKMO-OTJKMEOQNA-N,-7.791
PPARD,c_LEU136,mut_s1,detail,1,76,RULIAUGJMVIUMH-QWOVJGMINA-N,-8.243
PPARD,c_LEU136,mut_s1,detail,1,77,VHAIHOXTBBWMRC-LILDFLRNNA-N,-7.178
PPARD,c_LEU136,mut_s1,detail,1,78,MMWVUKRVNHSCOU-XWVGVUDUNA-N,-8.711
PPARD,c_LEU136,mut_s1,detail,1,79,VEUYFZWVWBJLBT-LILDFLRNNA-N,-6.783
PPARD,c_LEU136,mut_s1,detail,1,80,UEVUVZKOTQNFQQ-UHFFFAOYNA-N,-8.735
PPARD,c_LEU136,mut_s1,detail,1,81,AVUDBVVAYWAMLJ-UHFFFAOYNA-N,-8.635
PPARD,c_LEU136,mut_s1,detail,1,82,BQVDJEOYDDRFHV-UHFFFAOYNA-N,-6.919
PPARD,c_LEU136,mut_s1,detail,1,83,RJDWHDCXBZVKHF-UHFFFAOYNA-N,-9.621
PPARD,c_LEU136,mut_s1,detail,1,84,UUIYULWYHDSXHL-YREUQKFVNA-N,-8.473
PPARD,c_LEU136,mut_s1,detail,1,85,KSVYPWJPODFWFB-MHWRWJLKNA-N,-9.181
PPARD,c_LEU136,mut_s1,detail,1,86,YTOTVFWYSYGJKJ-MPIMZMORNA-N,-8.397
PPARD,c_LEU136,mut_s1,detail,1,87,LDEBHGWOYJCQTG-SFHVURJKNA-N,-8.01
PPARD,c_LEU136,mut_s1,detail,1,88,NXBTXYMTUUWSCC-XBTAAFKLNA-N,-8.904
PPARD,c_LEU136,mut_s1,detail,1,89,HRLJAEIRFSEJAW-UHFFFAOYNA-N,-8.647
PPARD,c_LEU136,mut_s1,detail,1,90,HROYNIXUIVDQJH-UHFFFAOYNA-N,-8.484
PPARD,c_LEU136,mut_s1,detail,1,91,BYXXTGCOSOYREY-QWOVJGMINA-N,-8.936
PPARD,c_LEU136,mut_s1,detail,1,92,AWXVIXMNAQQCCZ-OEMYIYORNA-N,-8.013
PPARD,c_LEU136,mut_s1,detail,1,93,PVTHJAPFENJVNC-ANRNRNKZNA-N,-6.879
PPARD,c_LEU136,mut_s1,detail,1,94,IMPAUHAIMHCPEJ-PKSOQXRJNA-N,-9.733
PPARD,c_LEU136,mut_s1,detail,1,95,SLOJERRRBYNXAR-NPQUBYNZNA-N,-8.967
PPARD,c_LEU136,mut_s1,detail,1,96,YWBJCOHEBDEQDR-PKSOQXRJNA-N,-8.197
PPARD,c_LEU136,mut_s1,detail,1,97,WWRBDTKNUXAXRR-XAVYIPQLNA-O,-7.886
PPARD,c_LEU136,mut_s1,detail,1,98,HBERTCHGBHHVDT-LILDFLRNNA-N,-10.148
PPARD,c_LEU136,mut_s1,detail,1,99,BXKUVDXLHUBVPA-ZWQIFLOQNA-N,-5.474
PPARD,c_LEU136,mut_s1,detail,1,100,WBWFIUAVMCNYPG-FPLPWBNLNA-N,-8.476
PPARD,c_LEU136,mut_s1,detail,1,101,VRWIFQNGGPFLST-UYBDAZJANA-N,-8.521
PPARD,c_LEU136,mut_s1,detail,1,102,JTAPVIPBGIDRDE-UHFFFAOYNA-N,-9.991
PPARD,c_LEU136,mut_s1,detail,1,103,HBTCLXRQQIHFQB-GDEMPAQCNA-N,-7.41
PPARD,c_LEU136,mut_s1,detail,1,104,DXJSFQXIPUHFQK-QWOVJGMINA-N,-7.122
PPARD,c_LEU136,mut_s1,detail,1,105,RBEMVAFKFYHQIB-UYBDAZJANA-N,-9.021
PPARD,c_LEU136,mut_s1,detail,1,106,QEKAHUYYWSNHDY-DZQCGVKKNA-N,-8.111
PPARD,c_LEU136,mut_s1,detail,1,107,RCSUTAOLFYVOEE-UHFFFAOYNA-N,-8.902
PPARD,c_LEU136,mut_s1,detail,1,108,MYBUANZGRGNVPO-YSPVQWMYNA-N,-8.991
PPARD,c_LEU136,mut_s1,detail,1,109,UIQCZMYFTSFLPQ-LQFNOIFHNA-N,-9.523
PPARD,c_LEU136,mut_s1,detail,1,110,QRMYORHEAHTJBC-GPQMBLKYNA-N,-8.523
PPARD,c_LEU136,mut_s1,detail,1,111,CPYTXWFFFQKUDP-QFAGIUQONA-N,-8.832
PPARD,c_LEU136,mut_s1,detail,1,112,DCIAJQYVIKONRS-QWOVJGMINA-N,-8.732
PPARD,c_LEU136,mut_s1,detail,1,113,ZMMGBIJMLCNSOV-PKSOQXRJNA-N,-8.04
PPARD,c_LEU136,mut_s1,detail,1,114,MRFDGPBJIFXZIT-NPQUBYNZNA-N,-9.583
PPARD,c_LEU136,mut_s1,detail,1,115,KANCHOKOTXNDQH-NVQSQQPGNA-N,-7.821
PPARD,c_LEU136,mut_s1,detail,1,116,SOAWEEUOPZCBSN-UHFFFAOYNA-N,-9.988
PPARD,c_LEU136,mut_s1,detail,1,117,BHXYDHWPQIADCG-HZFZDWCWNA-N,-7.825
PPARD,c_LEU136,mut_s1,detail,1,118,LVIWVNDQNUSMMV-LILDFLRNNA-N,-7.339
PPARD,c_LEU136,mut_s1,detail,1,119,UBAMGTKSOKGECF-UHFFFAOYNA-N,-7.321
PPARD,c_LEU136,mut_s1,detail,1,120,YSVHPRBZNNADQG-UHFFFAOYNA-N,-7.566
PPARD,c_LEU136,mut_s1,detail,1,121,IXZAZBWJQHWVHS-QVUQFMIFNA-N,-8.922
PPARD,c_LEU136,mut_s1,detail,1,122,NILCXRPLMSLFEG-HQHQJUQONA-N,-7.63
PPARD,c_LEU136,mut_s1,detail,1,123,HRNRRPMOOJUJLK-QWOVJGMINA-N,-9.623
PPARD,c_LEU136,mut_s1,detail,1,124,OLSXSUXZOLBVQZ-QVUQFMIFNA-N,-8.703
PPARD,c_LEU136,mut_s1,detail,1,125,XZMGFGHEVBEPKS-UHFFFAOYNA-N,-9.87
PPARD,c_LEU136,mut_s1,detail,1,126,MNLBKBCAEFZATB-UHFFFAOYNA-N,-8.297
PPARD,c_LEU136,mut_s1,detail,1,127,NNTZETQYCAZKJF-UYBDAZJANA-N,-9.378
PPARD,c_LEU136,mut_s1,detail,1,128,AKEDBCQYOCYZDX-PLBWUZGSNA-N,-8.486
PPARD,c_LEU136,mut_s1,detail,1,129,HCXOEHYNUWUKAG-UHFFFAOYNA-N,-9.423
PPARD,c_LEU136,mut_s1,detail,1,130,CWKHWSAMAAAUEN-UYBDAZJANA-N,-8.879
PPARD,c_LEU136,mut_s1,detail,1,131,VMZWELQEDXUUJX-HXTKINSTNA-N,-7.294
PPARD,c_LEU136,mut_s1,detail,1,132,PCMOPVSFMUOUFR-OAQYLSRUNA-N,-8.444
PPARD,c_LEU136,mut_s1,detail,1,133,POFKEPXNJQGIOB-DIRLUKLVNA-N,-10.055
PPARD,c_LEU136,mut_s1,detail,1,134,GQNKLNZBZDEAMD-VQHCSMNLNA-N,-10.499
PPARD,c_LEU136,mut_s1,detail,1,135,COFQAKCKCHDGNW-ZXWGSDNONA-N,-8.568
PPARD,c_LEU136,mut_s1,detail,1,136,XURFWWBVADUSQL-LNNLXFCONA-N,-10.287
PPARD,c_LEU136,mut_s1,detail,1,137,LBDHNFPYMBLBSB-CLCOLTQENA-N,-7.279
PPARD,c_LEU136,mut_s1,detail,1,138,QKIJTUQIQQZCIX-UYBDAZJANA-N,-8.977
PPARD,c_LEU136,mut_s1,detail,1,139,UXLJJGBAQOYQMV-UHFFFAOYNA-N,-7.859
PPARD,c_LEU136,mut_s1,detail,1,140,WQAWGOAEJJIYFP-DEOSSOPVNA-N,-8.647
PPARD,c_LEU136,mut_s1,detail,1,141,MBNPYPWQYGHCTB-UHFFFAOYNA-N,-8.496
PPARD,c_LEU136,mut_s1,detail,1,142,XAYHBRQVRJQCAH-PKSOQXRJNA-N,-7.575
PPARD,c_LEU136,mut_s1,detail,1,143,GNTOXDIONQLPFR-CXUHLZMHNA-N,-8.723
PPARD,c_LEU136,mut_s1,detail,1,144,RIVKJCNOYQAWOL-VCZDBIKCNA-N,-9.423
PPARD,c_LEU136,mut_s1,detail,1,145,LRRFROMGHKZMSA-PKRZOPRNNA-N,-11.46
PPARD,c_LEU136,mut_s1,detail,1,146,HWUKVYPOCLJTSN-RJJUGOMSNA-N,-8.845
PPARD,c_LEU136,mut_s1,detail,1,147,JAQNENPDJAEDSC-UHFFFAOYNA-N,-8.646
PPARD,c_LEU136,mut_s1,detail,1,148,ZYQCCRUKVDVTJE-ZUOKHONENA-N,-7.055
PPARD,c_LEU136,mut_s1,detail,1,149,UUWCZQYGBSUBRG-SPEPDGBUNA-N,-10.942
PPARD,c_LEU136,mut_s1,detail,1,150,KNGPIEIQVMOPHJ-PKSOQXRJNA-N,-7.973
PPARD,c_LEU136,mut_s1,detail,1,151,CTDCFVMSXQQWDC-HXTKINSTNA-N,-9.787
PPARD,c_LEU136,mut_s1,detail,1,152,AELMMQNCWIYZED-UHFFFAOYNA-N,-8.988
PPARD,c_LEU136,mut_s1,detail,1,153,BTBRAURMAUKXDM-UHFFFAOYNA-N,-8.192
PPARD,c_LEU136,mut_s1,detail,1,154,DWAPJEYUYKZUPW-UYBDAZJANA-N,-9.502
PPARD,c_LEU136,mut_s1,detail,1,155,MTWNFHPRKAIWJY-LQFNOIFHNA-N,-9.386
PPARD,c_LEU136,mut_s1,detail,1,156,XMOFGSWSGOXFPP-MPIMZMORNA-N,-8.436
PPARD,c_LEU136,mut_s1,detail,1,157,VVSBVXXITLYIIA-CKFYMFOVNA-N,-9.411
PPARD,c_LEU136,mut_s1,detail,1,158,GAXPVNSBLNNWCZ-PSHYBUTQNA-N,-7.279
PPARD,c_LEU136,mut_s1,detail,1,159,XDYREIZGNBPMPJ-IBGZPJMENA-N,-9.688
PPARD,c_LEU136,mut_s1,detail,1,160,WITBRHUYBFKPOL-MPIMZMORNA-N,-8.416
PPARD,c_LEU136,mut_s1,detail,1,161,IBIQKJHXTSLLBQ-PKRZOPRNNA-N,-9.588
PPARD,c_LEU136,mut_s1,detail,1,162,VLUGXHSPLMSNET-LNNLXFCONA-N,-9.478
PPARD,c_LEU136,mut_s1,detail,1,163,IEQABWYSQBHOMM-UHFFFAOYNA-N,-9.124
PPARD,c_LEU136,mut_s1,detail,1,164,FWLMJHGQRXWNIS-UHFFFAOYNA-N,-9.547
PPARD,c_LEU136,mut_s1,detail,1,165,RZJWOMPOSAPIJL-LQFNOIFHNA-N,-8.703
PPARD,c_LEU136,mut_s1,detail,1,166,ZUMDOGBUKHTCOC-CWWQGPJMNA-N,-9.769
PPARD,c_LEU136,mut_s1,detail,1,167,ANZGKDRXGOPIJA-QWOVJGMINA-N,-7.756
PPARD,c_LEU136,mut_s1,detail,1,168,QUISVMJELRRHAG-UHFFFAOYNA-N,-9.055
PPARD,c_LEU136,mut_s1,detail,1,169,XZFCGNQJCGTXNQ-ZVHZXABRNA-N,-8.881
PPARD,c_LEU136,mut_s1,detail,1,170,UGPWOMSWEMIIJH-UHFFFAOYNA-N,-9.362
PPARD,c_LEU136,mut_s1,detail,1,171,WGMQZHYPIKBUML-LQFNOIFHNA-N,-7.809
PPARD,c_LEU136,mut_s1,detail,1,172,HPNLHDILXMKRJE-UHFFFAOYNA-N,-8.409
PPARD,c_LEU136,mut_s1,detail,1,173,AQBHPXSDFXKHIG-LELJVTLKNA-N,-8.698
PPARD,c_LEU136,mut_s1,detail,1,174,BHPSGEAUUZMDDL-QFIPXVFZNA-N,-10.257
PPARD,c_LEU136,mut_s1,detail,1,175,RHMDXGNHLMFANS-XBXBPLPCNA-N,-8.91
PPARD,c_LEU136,mut_s1,detail,1,176,HZXUSKDOXPOMIW-PKSOQXRJNA-N,-8.421
PPARD,c_LEU136,mut_s1,detail,1,177,QBBIMTGZZXPUPY-UHFFFAOYNA-N,-9.915
PPARD,c_LEU136,mut_s1,detail,1,178,FAALFCIDNMPXJU-LNNLXFCONA-N,-10.477
PPARD,c_LEU136,mut_s1,detail,1,179,UEGWFDMCEAIRSE-DVIAZDKANA-N,-8.952
PPARD,c_LEU136,mut_s1,detail,1,180,QATBWONTRXXCBE-UHFFFAOYNA-N,-8.184
PPARD,c_LEU136,mut_s1,detail,1,181,IEWZULBPMDXTLX-LQFNOIFHNA-N,-10.998
PPARD,c_LEU136,mut_s1,detail,1,182,DTUUXDIGBXNINJ-PKSOQXRJNA-N,-8.165
PPARD,c_LEU136,mut_s1,detail,1,183,FFDDOWCKFPDEPQ-KIYDBJNPNA-N,-9.866
PPARD,c_LEU136,mut_s1,detail,1,184,LFTDMBYAYYEBDL-XWYQMZBENA-N,-9.822
PPARD,c_LEU136,mut_s1,detail,1,185,VZFTWWJAUZOJDH-YANQHBGHNA-N,-9.848
PPARD,c_LEU136,mut_s1,detail,1,186,YNUOGMCLPCOTIC-UHFFFAOYNA-N,-9.274
PPARD,c_LEU136,mut_s1,detail,1,187,WDXONUYXRRUOAF-LELJVTLKNA-N,-8.694
PPARD,c_LEU136,mut_s1,detail,1,188,FWYUTSUWWZVOGD-UHFFFAOYNA-N,-8.119
PPARD,c_LEU136,mut_s1,detail,1,189,VMDJSIGZJOXSGC-UHFFFAOYNA-N,-8.78
PPARD,c_LEU136,mut_s1,detail,1,190,IIVPENRIUTZXCZ-DFVASWNCNA-N,-8.135
PPARD,c_LEU136,mut_s1,detail,1,191,HHKIXRJLSXZGIO-LBOYIXSDNA-N,-9.062
PPARD,c_LEU136,mut_s1,detail,1,192,VFCHPGXNLRROSP-UHFFFAOYNA-N,-9.609
PPARD,c_LEU136,mut_s1,detail,1,193,LQNMNFIDHADHQU-LQFNOIFHNA-N,-9.48
PPARD,c_LEU136,mut_s1,detail,1,194,DWCQXZSEATZNGJ-JXAWBTAJNA-N,-7.579
PPARD,c_LEU136,mut_s1,detail,1,195,XCFKTIVHIIOEHO-XRJCTRHONA-N,-10.353
PPARD,c_LEU136,mut_s1,detail,1,196,CTKVVCDWNBLQHQ-VJSLDGLSNA-N,-8.999
PPARD,c_LEU136,mut_s1,detail,1,197,SJEBTTUNLKKAEO-QFIPXVFZNA-N,-8.616
PPARD,c_LEU136,mut_s1,detail,1,198,VUVBMRFFLDJIKB-UHFFFAOYNA-N,-7.816
PPARD,c_LEU136,mut_s1,detail,1,199,CRDOCDKYXPCHRG-GMLXSZADNA-N,-9.04
PPARD,c_LEU136,mut_s1,detail,1,200,PTRAWPOMIAVCDX-NPZFWETONA-N,-10.053
PPARD,c_LEU136,mut_s1,detail,1,201,YPCVJZIGKJSYKB-XWQTZBKQNA-N,-10.784
PPARD,c_LEU136,mut_s1,detail,1,202,DDQUBMKKMCESIY-UHFFFAOYNA-N,-9.621
PPARD,c_LEU136,mut_s1,detail,1,203,QRBHMNKXVMROIF-UHFFFAOYNA-N,-9.236
PPARD,c_LEU136,mut_s1,detail,1,204,CSCOHEYTBLBQMG-SREBMQDQNA-N,-10.065
PPARD,c_LEU136,mut_s1,detail,1,205,FPRLMEVUSKOQRF-UHFFFAOYNA-N,-8.61
PPARD,c_LEU136,mut_s1,detail,1,206,VRUTXMQQNLYKSZ-SPEPDGBUNA-N,-10.266
PPARD,c_LEU136,mut_s1,detail,1,207,IFVIZWYRFUIABK-LKHHGCNMNA-N,-10.83
PPARD,c_LEU136,mut_s1,detail,1,208,BJSKDMOWRPAVMK-UHFFFAOYNA-N,-8.08
PPARD,c_LEU136,mut_s1,detail,1,209,AJDIYNONBYMZIF-ILOOJWFPNA-N,-10.241
PPARD,c_LEU136,mut_s1,detail,1,210,ABURDUMLEUCKOY-FYDYDPJYNA-N,-9.557
PPARD,c_LEU136,mut_s1,detail,1,211,ZXCSBCTVTJFLOZ-JUEKIJOLNA-N,-9.883
PPARD,c_LEU136,mut_s1,detail,1,212,SKVNACLQMJDJNT-JJFURXLTNA-N,-9.087
PPARD,c_LEU136,mut_s1,detail,1,213,OWDCBGQHUHBGKH-ODBASERBNA-N,-9.281
PPARD,c_LEU136,mut_s1,detail,1,214,RLXWTYPPMJNURK-LELJVTLKNA-N,-9.446
PPARD,c_LEU136,mut_s1,detail,1,215,LFFVXCIQPOOMOV-UHFFFAOYNA-N,-11.369
PPARD,c_LEU136,mut_s1,detail,1,216,ZFFOVIFFFSWOKF-PKRZOPRNNA-N,-11.782
PPARD,c_LEU136,mut_s1,detail,1,217,VVWGMEIQTOBDML-RDPOJNOENA-N,-9.214
PPARD,c_LEU136,mut_s1,detail,1,218,QAGLJDWYCCJEHH-IGBJZSFZNA-N,-9.271
PPARD,c_LEU136,mut_s1,detail,1,219,NFMSQLAKBDDECA-HXXFNXQYNA-N,-8.633
PPARD,c_LEU136,mut_s1,detail,1,220,RLKPYUHHHDBUKR-LKHHGCNMNA-N,-8.866
PPARD,c_LEU136,mut_s1,detail,1,221,FVGJPHFQQMQGFQ-PQVCHVPHNA-N,-11.324
PPARD,c_LEU136,mut_s1,detail,1,222,GGQXSFRJLUHOGQ-MDNXCRMFNA-N,-10.379
PPARD,c_LEU136,mut_s1,detail,1,223,LLLNQQOQHKAYHT-CSKMVECVNA-N,-10.724
PPARD,c_LEU136,mut_s1,detail,1,224,FTHKKKKNTGUTPA-NBVNDQADNA-N,-10.306
PPARD,c_LEU136,mut_s1,detail,1,225,BKYZARFJJFORLR-UHFFFAOYNA-N,-8.91
PPARD,c_LEU136,mut_s1,detail,1,226,XMHRXPMKDALTSG-YPBLIGHQNA-N,-8.828
PPARD,c_LEU136,mut_s1,detail,1,227,OVSPJLFXFWHQFE-HXTKINSTNA-N,-9.522
PPARD,c_LEU136,mut_s1,detail,1,228,SHBLCUUJYNQTSS-NRFANRHFNA-N,-9.696
PPARD,c_LEU136,mut_s1,detail,1,229,OHXYGRXPONZZPF-UHFFFAOYNA-N,-9.168
PPARD,c_LEU136,mut_s1,detail,1,230,XFOMWTKVHWXVRS-UHFFFAOYNA-N,-10.905
PPARD,c_LEU136,mut_s1,detail,1,231,HMPVPIRJMYFQCT-WXDRZTAENA-N,-8.831
PPARD,c_LEU136,mut_s1,detail,1,232,NRIQEFNHCJMSHL-UHFFFAOYNA-N,-10.949
PPARD,c_LEU136,mut_s1,detail,1,233,WQIKRJDLIIEKAG-WWXRYIHZNA-N,-10.141
PPARD,c_LEU136,mut_s1,detail,1,234,CQCKANIIWHCLDP-UHFFFAOYNA-N,-8.024
PPARD,c_LEU136,mut_s1,detail,1,235,QETNVWCEGLMMRQ-CXUYMYAGNA-N,-8.071
PPARD,c_LEU136,mut_s1,detail,1,236,MLYHNVDOBUQIID-NSJMMFDCNA-N,-11.028
PPARD,c_LEU136,mut_s1,detail,1,237,VBFOTEWTMOETMO-PECIQRARNA-N,-7.535
PPARD,c_LEU136,mut_s1,detail,1,238,NFSDYJKEOCQTKX-CYSPOYASNA-N,-9.361
PPARD,c_LEU136,mut_s1,detail,1,239,GZQHTWYWDSMEAW-UHFFFAOYNA-N,-8.826
PPARD,c_LEU136,mut_s1,detail,1,240,LZTXTKIYKWMRQJ-ZALBZXLWNA-N,-7.632
PPARD,c_LEU136,mut_s1,detail,1,241,YPDLHOCWYZLMQS-GFBXQOHCNA-N,-8.726
PPARD,c_LEU136,mut_s1,detail,1,242,FJUITIGQDNFRQI-UHFFFAOYNA-N,-8.126
PPARD,c_LEU136,mut_s1,detail,1,243,OHAIFIOFCXDBHP-NKTHEXPSNA-N,-8.573
PPARD,c_LEU136,mut_s1,detail,1,244,LSAXQHPWOGTFSG-UHFFFAOYNA-N,-8.243
PPARD,c_LEU136,mut_s1,detail,1,245,OENZVDXWLVYZJT-DHDJHLBQNA-N,-9.509
PPARD,c_LEU136,mut_s1,detail,1,246,UEOXIUXQBRDLJU-LBOYIXSDNA-N,-8.914
PPARD,c_LEU136,mut_s1,detail,1,247,YFYGWSCMDCTAKZ-MPIMZMORNA-N,-8.423
PPARD,c_LEU136,mut_s1,detail,1,248,AQHYVBHJINDJIW-UHFFFAOYNA-N,-7.242
PPARD,c_LEU136,mut_s1,detail,1,249,DBOAHQYVPCTALU-QBAQSEIJNA-N,-8.131
PPARD,c_LEU136,mut_s1,detail,1,250,NRMRHCTVBLZOIE-PJQSKVNONA-N,-8.236
PPARD,c_LEU136,mut_s1,detail,1,251,CGHADMRBCNGDHX-UOUKHUKPNA-N,-10.925
PPARD,c_LEU136,mut_s1,detail,1,252,DDZBRJBYGLTADL-TZFBGDORNA-N,-9.917
PPARD,c_LEU136,mut_s1,detail,1,253,LOIPDGFJRKDXSJ-UHFFFAOYNA-N,-8.537
PPARD,c_LEU136,mut_s1,detail,1,254,VBQAIJHAPZFIRO-MOQCICHVNA-N,-9.529
PPARD,c_LEU136,mut_s1,detail,1,255,YPVDZKHCFQJIDP-UHFFFAOYNA-N,-9.787
PPARD,c_THR71,mut_s1,detail,1,0,IFHZOGDEYHFNQO-PKSOQXRJNA-N,-9.016
PPARD,c_THR71,mut_s1,detail,1,1,PZDDADWKMMNNHC-UHFFFAOYNA-N,-6.818
PPARD,c_THR71,mut_s1,detail,1,2,BUEYTYZOCKWHHR-UHFFFAOYNA-N,-7.484
PPARD,c_THR71,mut_s1,detail,1,3,URXMTXGGQRBQQC-LNZJGEAENA-N,-6.797
PPARD,c_THR71,mut_s1,detail,1,4,NNVZANSRDHCDLK-UHFFFAOYNA-N,-8.704
PPARD,c_THR71,mut_s1,detail,1,5,YCVTUSIXNJAXKA-UHFFFAOYNA-N,-8.535
PPARD,c_THR71,mut_s1,detail,1,6,YLQOELRYUQBERL-YHMJCDSINA-N,-6.856
PPARD,c_THR71,mut_s1,detail,1,7,XIOYZAUVDJKWCL-UHFFFAOYNA-N,-9.018
PPARD,c_THR71,mut_s1,detail,1,8,NYBRKCCEVRSDNF-UHFFFAOYNA-N,-9.337
PPARD,c_THR71,mut_s1,detail,1,9,HOWDUDRRYYVTNY-NDKGDYFDNA-N,-7.728
PPARD,c_THR71,mut_s1,detail,1,10,RVRIAONMWINUPS-GPQMBLKYNA-N,-7.811
PPARD,c_THR71,mut_s1,detail,1,11,UVVPLBQLDVTPSL-RVQYIEHVNA-N,-6.353
PPARD,c_THR71,mut_s1,detail,1,12,AXXXFCGETBIMKI-UHFFFAOYNA-N,-7.443
PPARD,c_THR71,mut_s1,detail,1,13,RBMUBAYHBUBLMR-NKWLYDBFNA-N,-8.479
PPARD,c_THR71,mut_s1,detail,1,14,BTIHIHBWVGQIIQ-UHFFFAOYNA-N,-7.349
PPARD,c_THR71,mut_s1,detail,1,15,ACAOHWOPNZHWAF-WNVDMVQFNA-N,-8.539
PPARD,c_THR71,mut_s1,detail,1,16,VEFTYKZXVJQBER-ZHLVXTBQNA-N,-6.393
PPARD,c_THR71,mut_s1,detail,1,17,QBQDUEWXIOEVKT-UYBDAZJANA-N,-9.461
PPARD,c_THR71,mut_s1,detail,1,18,KRGQOKCRZMRVRH-UHFFFAOYNA-N,-6.084
PPARD,c_THR71,mut_s1,detail,1,19,YXGMBGNPGWDLBJ-WYUMXYHSNA-N,-7.362
PPARD,c_THR71,mut_s1,detail,1,20,LHQICPSUYGARIS-UHFFFAOYNA-N,-8.515
PPARD,c_THR71,mut_s1,detail,1,21,ZXVNJVRABSCRGU-GPQMBLKYNA-N,-8.419
PPARD,c_THR71,mut_s1,detail,1,22,TYXGDELQOONTQQ-DQDSCPLDNA-N,-8.14
PPARD,c_THR71,mut_s1,detail,1,23,FMDKDGDDTIJRQT-WRCMMWDQNA-N,-7.037
PPARD,c_THR71,mut_s1,detail,1,24,DXLLFVXDQQMGGM-LILDFLRNNA-N,-7.24
PPARD,c_THR71,mut_s1,detail,1,25,RCFHJSCTPLCRAN-UHFFFAOYNA-N,-8.239
PPARD,c_THR71,mut_s1,detail,1,26,LOIKOLAEHONJTE-KARVIEMNNA-N,-8.441
PPARD,c_THR71,mut_s1,detail,1,27,ZBEDJPDEINGEHM-UHFFFAOYNA-N,-6.157
PPARD,c_THR71,mut_s1,detail,1,28,PKHXJWYQMRFPTR-LILDFLRNNA-N,-7.871
PPARD,c_THR71,mut_s1,detail,1,29,DGFWWFXFIZOMRX-WXRBYKJCNA-N,-6.555
PPARD,c_THR71,mut_s1,detail,1,30,NDEDMCKHRVZXGD-VEWCPZSHNA-N,-7.787
PPARD,c_THR71,mut_s1,detail,1,31,UPOCYXRXSNRNNU-UHFFFAOYNA-N,-7.983
PPARD,c_THR71,mut_s1,detail,1,32,UGLPVHLKYTWQRV-UHFFFAOYNA-N,-8.332
PPARD,c_THR71,mut_s1,detail,1,33,VEBIFNQLJFTSLJ-GPQMBLKYNA-N,-8.261
PPARD,c_THR71,mut_s1,detail,1,34,FZGYMZTVBMODJR-GUYCJALGNA-N,-8.484
PPARD,c_THR71,mut_s1,detail,1,35,XVAMDQGNCAYOLZ-CMNYYERHNA-N,-7.765
PPARD,c_THR71,mut_s1,detail,1,36,MRHCSNNEUHXNIC-DLGLGFIGNA-N,-8.042
PPARD,c_THR71,mut_s1,detail,1,37,QXSUNGXUTAFLCR-HCKMINDGNA-N,-8.28
PPARD,c_THR71,mut_s1,detail,1,38,BTUZBQRUTGYGSI-SAAHQOFTNA-N,-7.725
PPARD,c_THR71,mut_s1,detail,1,39,TTYMNRMJLOVQEL-UHFFFAOYNA-N,-7.507
PPARD,c_THR71,mut_s1,detail,1,40,IVQOCTZDCXKGHW-UHFFFAOYNA-N,-7.771
PPARD,c_THR71,mut_s1,detail,1,41,SRWKAZSWOPMZLA-WYUMXYHSNA-N,-7.896
PPARD,c_THR71,mut_s1,detail,1,42,QPEDEGUPTWDSJM-UHFFFAOYNA-N,-8.112
PPARD,c_THR71,mut_s1,detail,1,43,ISYYCVGFJSIOIJ-UHFFFAOYNA-N,-7.042
PPARD,c_THR71,mut_s1,detail,1,44,MTUZLFBKKNTLNL-YHMJCDSINA-N,-7.329
PPARD,c_THR71,mut_s1,detail,1,45,JOFJZXKVGWGQRQ-UHFFFAOYNA-N,-6.054
PPARD,c_THR71,mut_s1,detail,1,46,KOHAFBWLWQFBFU-UHFFFAOYNA-N,-7.644
PPARD,c_THR71,mut_s1,detail,1,47,YHDLLKNPVWVCGF-UHFFFAOYNA-N,-8.198
PPARD,c_THR71,mut_s1,detail,1,48,KIRJGAMLMFQPIX-LILDFLRNNA-N,-9.862
PPARD,c_THR71,mut_s1,detail,1,49,MIUGSXDNQICPKY-AHPDCHJINA-N,-7.014
PPARD,c_THR71,mut_s1,detail,1,50,NCQYFKGTEDNHPE-GPQMBLKYNA-N,-9.385
PPARD,c_THR71,mut_s1,detail,1,51,OILQEGDAOXVJJG-UHFFFAOYNA-N,-8.109
PPARD,c_THR71,mut_s1,detail,1,52,KMZMSABQJYKKBU-UHFFFAOYNA-N,-7.504
PPARD,c_THR71,mut_s1,detail,1,53,ODNAHSRJQUKZJC-UHFFFAOYNA-N,-7.696
PPARD,c_THR71,mut_s1,detail,1,54,WBXGNUJDIOVVDS-GPQMBLKYNA-N,-9.178
PPARD,c_THR71,mut_s1,detail,1,55,KGFVHZKXNIFXQC-XQMQJMAZNA-N,-7.42
PPARD,c_THR71,mut_s1,detail,1,56,ZGDACLBJJXLKJY-UHFFFAOYNA-N,-7.807
PPARD,c_THR71,mut_s1,detail,1,57,ODQASWLALUMZKF-UHFFFAOYNA-N,-9.293
PPARD,c_THR71,mut_s1,detail,1,58,HEAFXLZWNUOLNQ-UHFFFAOYNA-N,-8.451
PPARD,c_THR71,mut_s1,detail,1,59,GDJPLZYPNHEBBO-GAJRPKRDNA-N,-7.174
PPARD,c_THR71,mut_s1,detail,1,60,KZNIFHPLKGYRTM-UHFFFAOYNA-N,-7.632
PPARD,c_THR71,mut_s1,detail,1,61,XCNLTPWPUBZVTB-WUKNDPDINA-N,-7.289
PPARD,c_THR71,mut_s1,detail,1,62,UJJQDGSLGZZHPE-VEWCPZSHNA-N,-7.915
PPARD,c_THR71,mut_s1,detail,1,63,KUDKBYQDLXZYQT-YAQRNVERNA-N,-7.661
PPARD,c_THR71,mut_s1,detail,1,64,XZDKQJKAVDHUJN-UHFFFAOYNA-N,-9.538
PPARD,c_THR71,mut_s1,detail,1,65,PIHCOUNEIQIOLH-UYBDAZJANA-N,-8.611
PPARD,c_THR71,mut_s1,detail,1,66,FTVJNPIOPFNKML-GPQMBLKYNA-N,-7.52
PPARD,c_THR71,mut_s1,detail,1,67,HHYDNYVAHAHWJL-UHFFFAOYNA-N,-6.516
PPARD,c_THR71,mut_s1,detail,1,68,MXABEVYDQHVOES-NSHDSACANA-N,-8.149
PPARD,c_THR71,mut_s1,detail,1,69,ONNIOMOHOZUMKS-YGZLFCMANA-N,-7.806
PPARD,c_THR71,mut_s1,detail,1,70,DQLGXAYUAURASJ-XXTDWMNGNA-N,-9.955
PPARD,c_THR71,mut_s1,detail,1,71,QGKGHRAWZIKZRJ-WYUMXYHSNA-N,-8.124
PPARD,c_THR71,mut_s1,detail,1,72,JWCQSDFAPBNHSM-UHFFFAOYNA-N,-7.779
PPARD,c_THR71,mut_s1,detail,1,73,RNSJXWMAYUTWOI-UHFFFAOYNA-N,-8.082
PPARD,c_THR71,mut_s1,detail,1,74,AKOOSRNDNZPJNL-PKSOQXRJNA-N,-9.196
PPARD,c_THR71,mut_s1,detail,1,75,BFENEDRNBGYKMO-OTJKMEOQNA-N,-7.546
PPARD,c_THR71,mut_s1,detail,1,76,RULIAUGJMVIUMH-QWOVJGMINA-N,-8.284
PPARD,c_THR71,mut_s1,detail,1,77,VHAIHOXTBBWMRC-LILDFLRNNA-N,-7.373
PPARD,c_THR71,mut_s1,detail,1,78,MMWVUKRVNHSCOU-XWVGVUDUNA-N,-8.455
PPARD,c_THR71,mut_s1,detail,1,79,VEUYFZWVWBJLBT-LILDFLRNNA-N,-6.853
PPARD,c_THR71,mut_s1,detail,1,80,UEVUVZKOTQNFQQ-UHFFFAOYNA-N,-8.732
PPARD,c_THR71,mut_s1,detail,1,81,AVUDBVVAYWAMLJ-UHFFFAOYNA-N,-8.707
PPARD,c_THR71,mut_s1,detail,1,82,BQVDJEOYDDRFHV-UHFFFAOYNA-N,-6.576
PPARD,c_THR71,mut_s1,detail,1,83,RJDWHDCXBZVKHF-UHFFFAOYNA-N,-9.504
PPARD,c_THR71,mut_s1,detail,1,84,UUIYULWYHDSXHL-YREUQKFVNA-N,-7.342
PPARD,c_THR71,mut_s1,detail,1,85,KSVYPWJPODFWFB-MHWRWJLKNA-N,-8.867
PPARD,c_THR71,mut_s1,detail,1,86,YTOTVFWYSYGJKJ-MPIMZMORNA-N,-9.118
PPARD,c_THR71,mut_s1,detail,1,87,LDEBHGWOYJCQTG-SFHVURJKNA-N,-7.775
PPARD,c_THR71,mut_s1,detail,1,88,NXBTXYMTUUWSCC-XBTAAFKLNA-N,-8.864
PPARD,c_THR71,mut_s1,detail,1,89,HRLJAEIRFSEJAW-UHFFFAOYNA-N,-8.003
PPARD,c_THR71,mut_s1,detail,1,90,HROYNIXUIVDQJH-UHFFFAOYNA-N,-8.586
PPARD,c_THR71,mut_s1,detail,1,91,BYXXTGCOSOYREY-QWOVJGMINA-N,-10.004
PPARD,c_THR71,mut_s1,detail,1,92,AWXVIXMNAQQCCZ-OEMYIYORNA-N,-8.437
PPARD,c_THR71,mut_s1,detail,1,93,PVTHJAPFENJVNC-ANRNRNKZNA-N,-7.141
PPARD,c_THR71,mut_s1,detail,1,94,IMPAUHAIMHCPEJ-PKSOQXRJNA-N,-9.718
PPARD,c_THR71,mut_s1,detail,1,95,SLOJERRRBYNXAR-NPQUBYNZNA-N,-8.345
PPARD,c_THR71,mut_s1,detail,1,96,YWBJCOHEBDEQDR-PKSOQXRJNA-N,-8.425
PPARD,c_THR71,mut_s1,detail,1,97,WWRBDTKNUXAXRR-XAVYIPQLNA-O,-7.87
PPARD,c_THR71,mut_s1,detail,1,98,HBERTCHGBHHVDT-LILDFLRNNA-N,-9.677
PPARD,c_THR71,mut_s1,detail,1,99,BXKUVDXLHUBVPA-ZWQIFLOQNA-N,-5.517
PPARD,c_THR71,mut_s1,detail,1,100,WBWFIUAVMCNYPG-FPLPWBNLNA-N,-7.623
PPARD,c_THR71,mut_s1,detail,1,101,VRWIFQNGGPFLST-UYBDAZJANA-N,-8.491
PPARD,c_THR71,mut_s1,detail,1,102,JTAPVIPBGIDRDE-UHFFFAOYNA-N,-10.188
PPARD,c_THR71,mut_s1,detail,1,103,HBTCLXRQQIHFQB-GDEMPAQCNA-N,-7.8
PPARD,c_THR71,mut_s1,detail,1,104,DXJSFQXIPUHFQK-QWOVJGMINA-N,-8.251
PPARD,c_THR71,mut_s1,detail,1,105,RBEMVAFKFYHQIB-UYBDAZJANA-N,-9.228
PPARD,c_THR71,mut_s1,detail,1,106,QEKAHUYYWSNHDY-DZQCGVKKNA-N,-9.026
PPARD,c_THR71,mut_s1,detail,1,107,RCSUTAOLFYVOEE-UHFFFAOYNA-N,-8.064
PPARD,c_THR71,mut_s1,detail,1,108,MYBUANZGRGNVPO-YSPVQWMYNA-N,-8.81
PPARD,c_THR71,mut_s1,detail,1,109,UIQCZMYFTSFLPQ-LQFNOIFHNA-N,-9.766
PPARD,c_THR71,mut_s1,detail,1,110,QRMYORHEAHTJBC-GPQMBLKYNA-N,-8.723
PPARD,c_THR71,mut_s1,detail,1,111,CPYTXWFFFQKUDP-QFAGIUQONA-N,-8.349
PPARD,c_THR71,mut_s1,detail,1,112,DCIAJQYVIKONRS-QWOVJGMINA-N,-9.338
PPARD,c_THR71,mut_s1,detail,1,113,ZMMGBIJMLCNSOV-PKSOQXRJNA-N,-7.815
PPARD,c_THR71,mut_s1,detail,1,114,MRFDGPBJIFXZIT-NPQUBYNZNA-N,-9.67
PPARD,c_THR71,mut_s1,detail,1,115,KANCHOKOTXNDQH-NVQSQQPGNA-N,-7.41
PPARD,c_THR71,mut_s1,detail,1,116,SOAWEEUOPZCBSN-UHFFFAOYNA-N,-9.702
PPARD,c_THR71,mut_s1,detail,1,117,BHXYDHWPQIADCG-HZFZDWCWNA-N,-8.129
PPARD,c_THR71,mut_s1,detail,1,118,LVIWVNDQNUSMMV-LILDFLRNNA-N,-7.751
PPARD,c_THR71,mut_s1,detail,1,119,UBAMGTKSOKGECF-UHFFFAOYNA-N,-7.78
PPARD,c_THR71,mut_s1,detail,1,120,YSVHPRBZNNADQG-UHFFFAOYNA-N,-7.098
PPARD,c_THR71,mut_s1,detail,1,121,IXZAZBWJQHWVHS-QVUQFMIFNA-N,-8.956
PPARD,c_THR71,mut_s1,detail,1,122,NILCXRPLMSLFEG-HQHQJUQONA-N,-7.539
PPARD,c_THR71,mut_s1,detail,1,123,HRNRRPMOOJUJLK-QWOVJGMINA-N,-9.093
PPARD,c_THR71,mut_s1,detail,1,124,OLSXSUXZOLBVQZ-QVUQFMIFNA-N,-8.914
PPARD,c_THR71,mut_s1,detail,1,125,XZMGFGHEVBEPKS-UHFFFAOYNA-N,-9.936
PPARD,c_THR71,mut_s1,detail,1,126,MNLBKBCAEFZATB-UHFFFAOYNA-N,-8.262
PPARD,c_THR71,mut_s1,detail,1,127,NNTZETQYCAZKJF-UYBDAZJANA-N,-9.441
PPARD,c_THR71,mut_s1,detail,1,128,AKEDBCQYOCYZDX-PLBWUZGSNA-N,-8.176
PPARD,c_THR71,mut_s1,detail,1,129,HCXOEHYNUWUKAG-UHFFFAOYNA-N,-8.848
PPARD,c_THR71,mut_s1,detail,1,130,CWKHWSAMAAAUEN-UYBDAZJANA-N,-8.163
PPARD,c_THR71,mut_s1,detail,1,131,VMZWELQEDXUUJX-HXTKINSTNA-N,-8.197
PPARD,c_THR71,mut_s1,detail,1,132,PCMOPVSFMUOUFR-OAQYLSRUNA-N,-9.339
PPARD,c_THR71,mut_s1,detail,1,133,POFKEPXNJQGIOB-DIRLUKLVNA-N,-10.595
PPARD,c_THR71,mut_s1,detail,1,134,GQNKLNZBZDEAMD-VQHCSMNLNA-N,-9.825
PPARD,c_THR71,mut_s1,detail,1,135,COFQAKCKCHDGNW-ZXWGSDNONA-N,-8.937
PPARD,c_THR71,mut_s1,detail,1,136,XURFWWBVADUSQL-LNNLXFCONA-N,-10.006
PPARD,c_THR71,mut_s1,detail,1,137,LBDHNFPYMBLBSB-CLCOLTQENA-N,-8.566
PPARD,c_THR71,mut_s1,detail,1,138,QKIJTUQIQQZCIX-UYBDAZJANA-N,-8.947
PPARD,c_THR71,mut_s1,detail,1,139,UXLJJGBAQOYQMV-UHFFFAOYNA-N,-8.154
PPARD,c_THR71,mut_s1,detail,1,140,WQAWGOAEJJIYFP-DEOSSOPVNA-N,-8.3
PPARD,c_THR71,mut_s1,detail,1,141,MBNPYPWQYGHCTB-UHFFFAOYNA-N,-8.436
PPARD,c_THR71,mut_s1,detail,1,142,XAYHBRQVRJQCAH-PKSOQXRJNA-N,-7.849
PPARD,c_THR71,mut_s1,detail,1,143,GNTOXDIONQLPFR-CXUHLZMHNA-N,-9.476
PPARD,c_THR71,mut_s1,detail,1,144,RIVKJCNOYQAWOL-VCZDBIKCNA-N,-9.332
PPARD,c_THR71,mut_s1,detail,1,145,LRRFROMGHKZMSA-PKRZOPRNNA-N,-11.034
PPARD,c_THR71,mut_s1,detail,1,146,HWUKVYPOCLJTSN-RJJUGOMSNA-N,-9.462
PPARD,c_THR71,mut_s1,detail,1,147,JAQNENPDJAEDSC-UHFFFAOYNA-N,-8.41
PPARD,c_THR71,mut_s1,detail,1,148,ZYQCCRUKVDVTJE-ZUOKHONENA-N,-7.604
PPARD,c_THR71,mut_s1,detail,1,149,UUWCZQYGBSUBRG-SPEPDGBUNA-N,-10.799
PPARD,c_THR71,mut_s1,detail,1,150,KNGPIEIQVMOPHJ-PKSOQXRJNA-N,-7.954
PPARD,c_THR71,mut_s1,detail,1,151,CTDCFVMSXQQWDC-HXTKINSTNA-N,-8.34
PPARD,c_THR71,mut_s1,detail,1,152,AELMMQNCWIYZED-UHFFFAOYNA-N,-8.818
PPARD,c_THR71,mut_s1,detail,1,153,BTBRAURMAUKXDM-UHFFFAOYNA-N,-9.077
PPARD,c_THR71,mut_s1,detail,1,154,DWAPJEYUYKZUPW-UYBDAZJANA-N,-9.437
PPARD,c_THR71,mut_s1,detail,1,155,MTWNFHPRKAIWJY-LQFNOIFHNA-N,-9.046
PPARD,c_THR71,mut_s1,detail,1,156,XMOFGSWSGOXFPP-MPIMZMORNA-N,-8.235
PPARD,c_THR71,mut_s1,detail,1,157,VVSBVXXITLYIIA-CKFYMFOVNA-N,-9.384
PPARD,c_THR71,mut_s1,detail,1,158,GAXPVNSBLNNWCZ-PSHYBUTQNA-N,-7.492
PPARD,c_THR71,mut_s1,detail,1,159,XDYREIZGNBPMPJ-IBGZPJMENA-N,-10.24
PPARD,c_THR71,mut_s1,detail,1,160,WITBRHUYBFKPOL-MPIMZMORNA-N,-8.543
PPARD,c_THR71,mut_s1,detail,1,161,IBIQKJHXTSLLBQ-PKRZOPRNNA-N,-9.947
PPARD,c_THR71,mut_s1,detail,1,162,VLUGXHSPLMSNET-LNNLXFCONA-N,-9.096
PPARD,c_THR71,mut_s1,detail,1,163,IEQABWYSQBHOMM-UHFFFAOYNA-N,-8.499
PPARD,c_THR71,mut_s1,detail,1,164,FWLMJHGQRXWNIS-UHFFFAOYNA-N,-8.642
PPARD,c_THR71,mut_s1,detail,1,165,RZJWOMPOSAPIJL-LQFNOIFHNA-N,-9.22
PPARD,c_THR71,mut_s1,detail,1,166,ZUMDOGBUKHTCOC-CWWQGPJMNA-N,-9.365
PPARD,c_THR71,mut_s1,detail,1,167,ANZGKDRXGOPIJA-QWOVJGMINA-N,-7.774
PPARD,c_THR71,mut_s1,detail,1,168,QUISVMJELRRHAG-UHFFFAOYNA-N,-8.94
PPARD,c_THR71,mut_s1,detail,1,169,XZFCGNQJCGTXNQ-ZVHZXABRNA-N,-8.901
PPARD,c_THR71,mut_s1,detail,1,170,UGPWOMSWEMIIJH-UHFFFAOYNA-N,-8.916
PPARD,c_THR71,mut_s1,detail,1,171,WGMQZHYPIKBUML-LQFNOIFHNA-N,-7.241
PPARD,c_THR71,mut_s1,detail,1,172,HPNLHDILXMKRJE-UHFFFAOYNA-N,-9.769
PPARD,c_THR71,mut_s1,detail,1,173,AQBHPXSDFXKHIG-LELJVTLKNA-N,-8.405
PPARD,c_THR71,mut_s1,detail,1,174,BHPSGEAUUZMDDL-QFIPXVFZNA-N,-8.342
PPARD,c_THR71,mut_s1,detail,1,175,RHMDXGNHLMFANS-XBXBPLPCNA-N,-8.948
PPARD,c_THR71,mut_s1,detail,1,176,HZXUSKDOXPOMIW-PKSOQXRJNA-N,-7.617
PPARD,c_THR71,mut_s1,detail,1,177,QBBIMTGZZXPUPY-UHFFFAOYNA-N,-8.589
PPARD,c_THR71,mut_s1,detail,1,178,FAALFCIDNMPXJU-LNNLXFCONA-N,-11.44
PPARD,c_THR71,mut_s1,detail,1,179,UEGWFDMCEAIRSE-DVIAZDKANA-N,-8.702
PPARD,c_THR71,mut_s1,detail,1,180,QATBWONTRXXCBE-UHFFFAOYNA-N,-8.151
PPARD,c_THR71,mut_s1,detail,1,181,IEWZULBPMDXTLX-LQFNOIFHNA-N,-10.529
PPARD,c_THR71,mut_s1,detail,1,182,DTUUXDIGBXNINJ-PKSOQXRJNA-N,-9.016
PPARD,c_THR71,mut_s1,detail,1,183,FFDDOWCKFPDEPQ-KIYDBJNPNA-N,-9.388
PPARD,c_THR71,mut_s1,detail,1,184,LFTDMBYAYYEBDL-XWYQMZBENA-N,-9.833
PPARD,c_THR71,mut_s1,detail,1,185,VZFTWWJAUZOJDH-YANQHBGHNA-N,-9.221
PPARD,c_THR71,mut_s1,detail,1,186,YNUOGMCLPCOTIC-UHFFFAOYNA-N,-9.638
PPARD,c_THR71,mut_s1,detail,1,187,WDXONUYXRRUOAF-LELJVTLKNA-N,-8.501
PPARD,c_THR71,mut_s1,detail,1,188,FWYUTSUWWZVOGD-UHFFFAOYNA-N,-8.407
PPARD,c_THR71,mut_s1,detail,1,189,VMDJSIGZJOXSGC-UHFFFAOYNA-N,-8.742
PPARD,c_THR71,mut_s1,detail,1,190,IIVPENRIUTZXCZ-DFVASWNCNA-N,-8.426
PPARD,c_THR71,mut_s1,detail,1,191,HHKIXRJLSXZGIO-LBOYIXSDNA-N,-9.45
PPARD,c_THR71,mut_s1,detail,1,192,VFCHPGXNLRROSP-UHFFFAOYNA-N,-8.499
PPARD,c_THR71,mut_s1,detail,1,193,LQNMNFIDHADHQU-LQFNOIFHNA-N,-9.574
PPARD,c_THR71,mut_s1,detail,1,194,DWCQXZSEATZNGJ-JXAWBTAJNA-N,-8.022
PPARD,c_THR71,mut_s1,detail,1,195,XCFKTIVHIIOEHO-XRJCTRHONA-N,-9.885
PPARD,c_THR71,mut_s1,detail,1,196,CTKVVCDWNBLQHQ-VJSLDGLSNA-N,-8.853
PPARD,c_THR71,mut_s1,detail,1,197,SJEBTTUNLKKAEO-QFIPXVFZNA-N,-9.732
PPARD,c_THR71,mut_s1,detail,1,198,VUVBMRFFLDJIKB-UHFFFAOYNA-N,-8.581
PPARD,c_THR71,mut_s1,detail,1,199,CRDOCDKYXPCHRG-GMLXSZADNA-N,-9.036
PPARD,c_THR71,mut_s1,detail,1,200,PTRAWPOMIAVCDX-NPZFWETONA-N,-10.91
PPARD,c_THR71,mut_s1,detail,1,201,YPCVJZIGKJSYKB-XWQTZBKQNA-N,-10.724
PPARD,c_THR71,mut_s1,detail,1,202,DDQUBMKKMCESIY-UHFFFAOYNA-N,-9.118
PPARD,c_THR71,mut_s1,detail,1,203,QRBHMNKXVMROIF-UHFFFAOYNA-N,-9.372
PPARD,c_THR71,mut_s1,detail,1,204,CSCOHEYTBLBQMG-SREBMQDQNA-N,-9.98
PPARD,c_THR71,mut_s1,detail,1,205,FPRLMEVUSKOQRF-UHFFFAOYNA-N,-8.779
PPARD,c_THR71,mut_s1,detail,1,206,VRUTXMQQNLYKSZ-SPEPDGBUNA-N,-9.996
PPARD,c_THR71,mut_s1,detail,1,207,IFVIZWYRFUIABK-LKHHGCNMNA-N,-10.224
PPARD,c_THR71,mut_s1,detail,1,208,BJSKDMOWRPAVMK-UHFFFAOYNA-N,-8.553
PPARD,c_THR71,mut_s1,detail,1,209,AJDIYNONBYMZIF-ILOOJWFPNA-N,-10.44
PPARD,c_THR71,mut_s1,detail,1,210,ABURDUMLEUCKOY-FYDYDPJYNA-N,-9.884
PPARD,c_THR71,mut_s1,detail,1,211,ZXCSBCTVTJFLOZ-JUEKIJOLNA-N,-10.071
PPARD,c_THR71,mut_s1,detail,1,212,SKVNACLQMJDJNT-JJFURXLTNA-N,-8.632
PPARD,c_THR71,mut_s1,detail,1,213,OWDCBGQHUHBGKH-ODBASERBNA-N,-9.604
PPARD,c_THR71,mut_s1,detail,1,214,RLXWTYPPMJNURK-LELJVTLKNA-N,-9.231
PPARD,c_THR71,mut_s1,detail,1,215,LFFVXCIQPOOMOV-UHFFFAOYNA-N,-13.268
PPARD,c_THR71,mut_s1,detail,1,216,ZFFOVIFFFSWOKF-PKRZOPRNNA-N,-12.04
PPARD,c_THR71,mut_s1,detail,1,217,VVWGMEIQTOBDML-RDPOJNOENA-N,-9.201
PPARD,c_THR71,mut_s1,detail,1,218,QAGLJDWYCCJEHH-IGBJZSFZNA-N,-9.458
PPARD,c_THR71,mut_s1,detail,1,219,NFMSQLAKBDDECA-HXXFNXQYNA-N,-9.028
PPARD,c_THR71,mut_s1,detail,1,220,RLKPYUHHHDBUKR-LKHHGCNMNA-N,-8.723
PPARD,c_THR71,mut_s1,detail,1,221,FVGJPHFQQMQGFQ-PQVCHVPHNA-N,-11.748
PPARD,c_THR71,mut_s1,detail,1,222,GGQXSFRJLUHOGQ-MDNXCRMFNA-N,-10.392
PPARD,c_THR71,mut_s1,detail,1,223,LLLNQQOQHKAYHT-CSKMVECVNA-N,-10.3
PPARD,c_THR71,mut_s1,detail,1,224,FTHKKKKNTGUTPA-NBVNDQADNA-N,-9.817
PPARD,c_THR71,mut_s1,detail,1,225,BKYZARFJJFORLR-UHFFFAOYNA-N,-9.136
PPARD,c_THR71,mut_s1,detail,1,226,XMHRXPMKDALTSG-YPBLIGHQNA-N,-9.677
PPARD,c_THR71,mut_s1,detail,1,227,OVSPJLFXFWHQFE-HXTKINSTNA-N,-9.312
PPARD,c_THR71,mut_s1,detail,1,228,SHBLCUUJYNQTSS-NRFANRHFNA-N,-9.763
PPARD,c_THR71,mut_s1,detail,1,229,OHXYGRXPONZZPF-UHFFFAOYNA-N,-10.705
PPARD,c_THR71,mut_s1,detail,1,230,XFOMWTKVHWXVRS-UHFFFAOYNA-N,-11.048
PPARD,c_THR71,mut_s1,detail,1,231,HMPVPIRJMYFQCT-WXDRZTAENA-N,-9.511
PPARD,c_THR71,mut_s1,detail,1,232,NRIQEFNHCJMSHL-UHFFFAOYNA-N,-11.643
PPARD,c_THR71,mut_s1,detail,1,233,WQIKRJDLIIEKAG-WWXRYIHZNA-N,-10.277
PPARD,c_THR71,mut_s1,detail,1,234,CQCKANIIWHCLDP-UHFFFAOYNA-N,-9.093
PPARD,c_THR71,mut_s1,detail,1,235,QETNVWCEGLMMRQ-CXUYMYAGNA-N,-8.409
PPARD,c_THR71,mut_s1,detail,1,236,MLYHNVDOBUQIID-NSJMMFDCNA-N,-11.071
PPARD,c_THR71,mut_s1,detail,1,237,VBFOTEWTMOETMO-PECIQRARNA-N,-8.625
PPARD,c_THR71,mut_s1,detail,1,238,NFSDYJKEOCQTKX-CYSPOYASNA-N,-8.749
PPARD,c_THR71,mut_s1,detail,1,239,GZQHTWYWDSMEAW-UHFFFAOYNA-N,-9.042
PPARD,c_THR71,mut_s1,detail,1,240,LZTXTKIYKWMRQJ-ZALBZXLWNA-N,-7.405
PPARD,c_THR71,mut_s1,detail,1,241,YPDLHOCWYZLMQS-GFBXQOHCNA-N,-9.31
PPARD,c_THR71,mut_s1,detail,1,242,FJUITIGQDNFRQI-UHFFFAOYNA-N,-8.198
PPARD,c_THR71,mut_s1,detail,1,243,OHAIFIOFCXDBHP-NKTHEXPSNA-N,-9.279
PPARD,c_THR71,mut_s1,detail,1,244,LSAXQHPWOGTFSG-UHFFFAOYNA-N,-9.016
PPARD,c_THR71,mut_s1,detail,1,245,OENZVDXWLVYZJT-DHDJHLBQNA-N,-10.866
PPARD,c_THR71,mut_s1,detail,1,246,UEOXIUXQBRDLJU-LBOYIXSDNA-N,-8.786
PPARD,c_THR71,mut_s1,detail,1,247,YFYGWSCMDCTAKZ-MPIMZMORNA-N,-7.436
PPARD,c_THR71,mut_s1,detail,1,248,AQHYVBHJINDJIW-UHFFFAOYNA-N,-8.975
PPARD,c_THR71,mut_s1,detail,1,249,DBOAHQYVPCTALU-QBAQSEIJNA-N,-8.876
PPARD,c_THR71,mut_s1,detail,1,250,NRMRHCTVBLZOIE-PJQSKVNONA-N,-8.584
PPARD,c_THR71,mut_s1,detail,1,251,CGHADMRBCNGDHX-UOUKHUKPNA-N,-10.194
PPARD,c_THR71,mut_s1,detail,1,252,DDZBRJBYGLTADL-TZFBGDORNA-N,-8.218
PPARD,c_THR71,mut_s1,detail,1,253,LOIPDGFJRKDXSJ-UHFFFAOYNA-N,-8.875
PPARD,c_THR71,mut_s1,detail,1,254,VBQAIJHAPZFIRO-MOQCICHVNA-N,-9.35
PPARD,c_THR71,mut_s1,detail,1,255,YPVDZKHCFQJIDP-UHFFFAOYNA-N,-10.659
PPARD,c_ILE146,mut_s1,detail,1,0,IFHZOGDEYHFNQO-PKSOQXRJNA-N,-9.445
PPARD,c_ILE146,mut_s1,detail,1,1,PZDDADWKMMNNHC-UHFFFAOYNA-N,-7.341
PPARD,c_ILE146,mut_s1,detail,1,2,BUEYTYZOCKWHHR-UHFFFAOYNA-N,-7.514
PPARD,c_ILE146,mut_s1,detail,1,3,URXMTXGGQRBQQC-LNZJGEAENA-N,-6.674
PPARD,c_ILE146,mut_s1,detail,1,4,NNVZANSRDHCDLK-UHFFFAOYNA-N,-8.893
PPARD,c_ILE146,mut_s1,detail,1,5,YCVTUSIXNJAXKA-UHFFFAOYNA-N,-8.41
PPARD,c_ILE146,mut_s1,detail,1,6,YLQOELRYUQBERL-YHMJCDSINA-N,-6.975
PPARD,c_ILE146,mut_s1,detail,1,7,XIOYZAUVDJKWCL-UHFFFAOYNA-N,-8.986
PPARD,c_ILE146,mut_s1,detail,1,8,NYBRKCCEVRSDNF-UHFFFAOYNA-N,-8.894
PPARD,c_ILE146,mut_s1,detail,1,9,HOWDUDRRYYVTNY-NDKGDYFDNA-N,-7.737
PPARD,c_ILE146,mut_s1,detail,1,10,RVRIAONMWINUPS-GPQMBLKYNA-N,-7.519
PPARD,c_ILE146,mut_s1,detail,1,11,UVVPLBQLDVTPSL-RVQYIEHVNA-N,-6.403
PPARD,c_ILE146,mut_s1,detail,1,12,AXXXFCGETBIMKI-UHFFFAOYNA-N,-8.073
PPARD,c_ILE146,mut_s1,detail,1,13,RBMUBAYHBUBLMR-NKWLYDBFNA-N,-8.215
PPARD,c_ILE146,mut_s1,detail,1,14,BTIHIHBWVGQIIQ-UHFFFAOYNA-N,-7.798
PPARD,c_ILE146,mut_s1,detail,1,15,ACAOHWOPNZHWAF-WNVDMVQFNA-N,-8.401
PPARD,c_ILE146,mut_s1,detail,1,16,VEFTYKZXVJQBER-ZHLVXTBQNA-N,-6.24
PPARD,c_ILE146,mut_s1,detail,1,17,QBQDUEWXIOEVKT-UYBDAZJANA-N,-9.503
PPARD,c_ILE146,mut_s1,detail,1,18,KRGQOKCRZMRVRH-UHFFFAOYNA-N,-5.97
PPARD,c_ILE146,mut_s1,detail,1,19,YXGMBGNPGWDLBJ-WYUMXYHSNA-N,-7.465
PPARD,c_ILE146,mut_s1,detail,1,20,LHQICPSUYGARIS-UHFFFAOYNA-N,-8.827
PPARD,c_ILE146,mut_s1,detail,1,21,ZXVNJVRABSCRGU-GPQMBLKYNA-N,-8.404
PPARD,c_ILE146,mut_s1,detail,1,22,TYXGDELQOONTQQ-DQDSCPLDNA-N,-8.083
PPARD,c_ILE146,mut_s1,detail,1,23,FMDKDGDDTIJRQT-WRCMMWDQNA-N,-7.309
PPARD,c_ILE146,mut_s1,detail,1,24,DXLLFVXDQQMGGM-LILDFLRNNA-N,-8.052
PPARD,c_ILE146,mut_s1,detail,1,25,RCFHJSCTPLCRAN-UHFFFAOYNA-N,-8.229
PPARD,c_ILE146,mut_s1,detail,1,26,LOIKOLAEHONJTE-KARVIEMNNA-N,-8.431
PPARD,c_ILE146,mut_s1,detail,1,27,ZBEDJPDEINGEHM-UHFFFAOYNA-N,-6.195
PPARD,c_ILE146,mut_s1,detail,1,28,PKHXJWYQMRFPTR-LILDFLRNNA-N,-7.93
PPARD,c_ILE146,mut_s1,detail,1,29,DGFWWFXFIZOMRX-WXRBYKJCNA-N,-6.542
PPARD,c_ILE146,mut_s1,detail,1,30,NDEDMCKHRVZXGD-VEWCPZSHNA-N,-8.03
PPARD,c_ILE146,mut_s1,detail,1,31,UPOCYXRXSNRNNU-UHFFFAOYNA-N,-7.93
PPARD,c_ILE146,mut_s1,detail,1,32,UGLPVHLKYTWQRV-UHFFFAOYNA-N,-7.82
PPARD,c_ILE146,mut_s1,detail,1,33,VEBIFNQLJFTSLJ-GPQMBLKYNA-N,-8.175
PPARD,c_ILE146,mut_s1,detail,1,34,FZGYMZTVBMODJR-GUYCJALGNA-N,-7.96
PPARD,c_ILE146,mut_s1,detail,1,35,XVAMDQGNCAYOLZ-CMNYYERHNA-N,-7.829
PPARD,c_ILE146,mut_s1,detail,1,36,MRHCSNNEUHXNIC-DLGLGFIGNA-N,-8.033
PPARD,c_ILE146,mut_s1,detail,1,37,QXSUNGXUTAFLCR-HCKMINDGNA-N,-8.342
PPARD,c_ILE146,mut_s1,detail,1,38,BTUZBQRUTGYGSI-SAAHQOFTNA-N,-8.2
PPARD,c_ILE146,mut_s1,detail,1,39,TTYMNRMJLOVQEL-UHFFFAOYNA-N,-7.413
PPARD,c_ILE146,mut_s1,detail,1,40,IVQOCTZDCXKGHW-UHFFFAOYNA-N,-7.567
PPARD,c_ILE146,mut_s1,detail,1,41,SRWKAZSWOPMZLA-WYUMXYHSNA-N,-7.967
PPARD,c_ILE146,mut_s1,detail,1,42,QPEDEGUPTWDSJM-UHFFFAOYNA-N,-8.635
PPARD,c_ILE146,mut_s1,detail,1,43,ISYYCVGFJSIOIJ-UHFFFAOYNA-N,-6.975
PPARD,c_ILE146,mut_s1,detail,1,44,MTUZLFBKKNTLNL-YHMJCDSINA-N,-7.832
PPARD,c_ILE146,mut_s1,detail,1,45,JOFJZXKVGWGQRQ-UHFFFAOYNA-N,-6.025
PPARD,c_ILE146,mut_s1,detail,1,46,KOHAFBWLWQFBFU-UHFFFAOYNA-N,-7.936
PPARD,c_ILE146,mut_s1,detail,1,47,YHDLLKNPVWVCGF-UHFFFAOYNA-N,-8.181
PPARD,c_ILE146,mut_s1,detail,1,48,KIRJGAMLMFQPIX-LILDFLRNNA-N,-9.916
PPARD,c_ILE146,mut_s1,detail,1,49,MIUGSXDNQICPKY-AHPDCHJINA-N,-7.089
PPARD,c_ILE146,mut_s1,detail,1,50,NCQYFKGTEDNHPE-GPQMBLKYNA-N,-9.761
PPARD,c_ILE146,mut_s1,detail,1,51,OILQEGDAOXVJJG-UHFFFAOYNA-N,-8.178
PPARD,c_ILE146,mut_s1,detail,1,52,KMZMSABQJYKKBU-UHFFFAOYNA-N,-7.424
PPARD,c_ILE146,mut_s1,detail,1,53,ODNAHSRJQUKZJC-UHFFFAOYNA-N,-7.957
PPARD,c_ILE146,mut_s1,detail,1,54,WBXGNUJDIOVVDS-GPQMBLKYNA-N,-9.198
PPARD,c_ILE146,mut_s1,detail,1,55,KGFVHZKXNIFXQC-XQMQJMAZNA-N,-7.557
PPARD,c_ILE146,mut_s1,detail,1,56,ZGDACLBJJXLKJY-UHFFFAOYNA-N,-7.619
PPARD,c_ILE146,mut_s1,detail,1,57,ODQASWLALUMZKF-UHFFFAOYNA-N,-9.339
PPARD,c_ILE146,mut_s1,detail,1,58,HEAFXLZWNUOLNQ-UHFFFAOYNA-N,-8.443
PPARD,c_ILE146,mut_s1,detail,1,59,GDJPLZYPNHEBBO-GAJRPKRDNA-N,-7.005
PPARD,c_ILE146,mut_s1,detail,1,60,KZNIFHPLKGYRTM-UHFFFAOYNA-N,-8.002
PPARD,c_ILE146,mut_s1,detail,1,61,XCNLTPWPUBZVTB-WUKNDPDINA-N,-7.498
PPARD,c_ILE146,mut_s1,detail,1,62,UJJQDGSLGZZHPE-VEWCPZSHNA-N,-7.934
PPARD,c_ILE146,mut_s1,detail,1,63,KUDKBYQDLXZYQT-YAQRNVERNA-N,-7.612
PPARD,c_ILE146,mut_s1,detail,1,64,XZDKQJKAVDHUJN-UHFFFAOYNA-N,-9.014
PPARD,c_ILE146,mut_s1,detail,1,65,PIHCOUNEIQIOLH-UYBDAZJANA-N,-8.765
PPARD,c_ILE146,mut_s1,detail,1,66,FTVJNPIOPFNKML-GPQMBLKYNA-N,-7.931
PPARD,c_ILE146,mut_s1,detail,1,67,HHYDNYVAHAHWJL-UHFFFAOYNA-N,-6.608
PPARD,c_ILE146,mut_s1,detail,1,68,MXABEVYDQHVOES-NSHDSACANA-N,-7.965
PPARD,c_ILE146,mut_s1,detail,1,69,ONNIOMOHOZUMKS-YGZLFCMANA-N,-8.462
PPARD,c_ILE146,mut_s1,detail,1,70,DQLGXAYUAURASJ-XXTDWMNGNA-N,-10.418
PPARD,c_ILE146,mut_s1,detail,1,71,QGKGHRAWZIKZRJ-WYUMXYHSNA-N,-8.556
PPARD,c_ILE146,mut_s1,detail,1,72,JWCQSDFAPBNHSM-UHFFFAOYNA-N,-7.89
PPARD,c_ILE146,mut_s1,detail,1,73,RNSJXWMAYUTWOI-UHFFFAOYNA-N,-8.349
PPARD,c_ILE146,mut_s1,detail,1,74,AKOOSRNDNZPJNL-PKSOQXRJNA-N,-9.208
PPARD,c_ILE146,mut_s1,detail,1,75,BFENEDRNBGYKMO-OTJKMEOQNA-N,-7.75
PPARD,c_ILE146,mut_s1,detail,1,76,RULIAUGJMVIUMH-QWOVJGMINA-N,-8.234
PPARD,c_ILE146,mut_s1,detail,1,77,VHAIHOXTBBWMRC-LILDFLRNNA-N,-7.446
PPARD,c_ILE146,mut_s1,detail,1,78,MMWVUKRVNHSCOU-XWVGVUDUNA-N,-8.669
PPARD,c_ILE146,mut_s1,detail,1,79,VEUYFZWVWBJLBT-LILDFLRNNA-N,-7.001
PPARD,c_ILE146,mut_s1,detail,1,80,UEVUVZKOTQNFQQ-UHFFFAOYNA-N,-8.259
PPARD,c_ILE146,mut_s1,detail,1,81,AVUDBVVAYWAMLJ-UHFFFAOYNA-N,-9.207
PPARD,c_ILE146,mut_s1,detail,1,82,BQVDJEOYDDRFHV-UHFFFAOYNA-N,-7.471
PPARD,c_ILE146,mut_s1,detail,1,83,RJDWHDCXBZVKHF-UHFFFAOYNA-N,-9.597
PPARD,c_ILE146,mut_s1,detail,1,84,UUIYULWYHDSXHL-YREUQKFVNA-N,-7.396
PPARD,c_ILE146,mut_s1,detail,1,85,KSVYPWJPODFWFB-MHWRWJLKNA-N,-9.723
PPARD,c_ILE146,mut_s1,detail,1,86,YTOTVFWYSYGJKJ-MPIMZMORNA-N,-8.858
PPARD,c_ILE146,mut_s1,detail,1,87,LDEBHGWOYJCQTG-SFHVURJKNA-N,-8.165
PPARD,c_ILE146,mut_s1,detail,1,88,NXBTXYMTUUWSCC-XBTAAFKLNA-N,-9.612
PPARD,c_ILE146,mut_s1,detail,1,89,HRLJAEIRFSEJAW-UHFFFAOYNA-N,-8.491
PPARD,c_ILE146,mut_s1,detail,1,90,HROYNIXUIVDQJH-UHFFFAOYNA-N,-8.719
PPARD,c_ILE146,mut_s1,detail,1,91,BYXXTGCOSOYREY-QWOVJGMINA-N,-8.122
PPARD,c_ILE146,mut_s1,detail,1,92,AWXVIXMNAQQCCZ-OEMYIYORNA-N,-7.973
PPARD,c_ILE146,mut_s1,detail,1,93,PVTHJAPFENJVNC-ANRNRNKZNA-N,-7.667
PPARD,c_ILE146,mut_s1,detail,1,94,IMPAUHAIMHCPEJ-PKSOQXRJNA-N,-9.909
PPARD,c_ILE146,mut_s1,detail,1,95,SLOJERRRBYNXAR-NPQUBYNZNA-N,-8.899
PPARD,c_ILE146,mut_s1,detail,1,96,YWBJCOHEBDEQDR-PKSOQXRJNA-N,-8.343
PPARD,c_ILE146,mut_s1,detail,1,97,WWRBDTKNUXAXRR-XAVYIPQLNA-O,-7.767
PPARD,c_ILE146,mut_s1,detail,1,98,HBERTCHGBHHVDT-LILDFLRNNA-N,-9.903
PPARD,c_ILE146,mut_s1,detail,1,99,BXKUVDXLHUBVPA-ZWQIFLOQNA-N,-5.741
PPARD,c_ILE146,mut_s1,detail,1,100,WBWFIUAVMCNYPG-FPLPWBNLNA-N,-8.627
PPARD,c_ILE146,mut_s1,detail,1,101,VRWIFQNGGPFLST-UYBDAZJANA-N,-8.643
PPARD,c_ILE146,mut_s1,detail,1,102,JTAPVIPBGIDRDE-UHFFFAOYNA-N,-10.275
PPARD,c_ILE146,mut_s1,detail,1,103,HBTCLXRQQIHFQB-GDEMPAQCNA-N,-7.964
PPARD,c_ILE146,mut_s1,detail,1,104,DXJSFQXIPUHFQK-QWOVJGMINA-N,-6.893
PPARD,c_ILE146,mut_s1,detail,1,105,RBEMVAFKFYHQIB-UYBDAZJANA-N,-9.318
PPARD,c_ILE146,mut_s1,detail,1,106,QEKAHUYYWSNHDY-DZQCGVKKNA-N,-8.338
PPARD,c_ILE146,mut_s1,detail,1,107,RCSUTAOLFYVOEE-UHFFFAOYNA-N,-9.48
PPARD,c_ILE146,mut_s1,detail,1,108,MYBUANZGRGNVPO-YSPVQWMYNA-N,-9.122
PPARD,c_ILE146,mut_s1,detail,1,109,UIQCZMYFTSFLPQ-LQFNOIFHNA-N,-9.794
PPARD,c_ILE146,mut_s1,detail,1,110,QRMYORHEAHTJBC-GPQMBLKYNA-N,-8.689
PPARD,c_ILE146,mut_s1,detail,1,111,CPYTXWFFFQKUDP-QFAGIUQONA-N,-9.07
PPARD,c_ILE146,mut_s1,detail,1,112,DCIAJQYVIKONRS-QWOVJGMINA-N,-9.362
PPARD,c_ILE146,mut_s1,detail,1,113,ZMMGBIJMLCNSOV-PKSOQXRJNA-N,-7.655
PPARD,c_ILE146,mut_s1,detail,1,114,MRFDGPBJIFXZIT-NPQUBYNZNA-N,-9.687
PPARD,c_ILE146,mut_s1,detail,1,115,KANCHOKOTXNDQH-NVQSQQPGNA-N,-7.28
PPARD,c_ILE146,mut_s1,detail,1,116,SOAWEEUOPZCBSN-UHFFFAOYNA-N,-9.921
PPARD,c_ILE146,mut_s1,detail,1,117,BHXYDHWPQIADCG-HZFZDWCWNA-N,-8.067
PPARD,c_ILE146,mut_s1,detail,1,118,LVIWVNDQNUSMMV-LILDFLRNNA-N,-7.517
PPARD,c_ILE146,mut_s1,detail,1,119,UBAMGTKSOKGECF-UHFFFAOYNA-N,-7.515
PPARD,c_ILE146,mut_s1,detail,1,120,YSVHPRBZNNADQG-UHFFFAOYNA-N,-7.653
PPARD,c_ILE146,mut_s1,detail,1,121,IXZAZBWJQHWVHS-QVUQFMIFNA-N,-8.738
PPARD,c_ILE146,mut_s1,detail,1,122,NILCXRPLMSLFEG-HQHQJUQONA-N,-7.667
PPARD,c_ILE146,mut_s1,detail,1,123,HRNRRPMOOJUJLK-QWOVJGMINA-N,-9.223
PPARD,c_ILE146,mut_s1,detail,1,124,OLSXSUXZOLBVQZ-QVUQFMIFNA-N,-8.705
PPARD,c_ILE146,mut_s1,detail,1,125,XZMGFGHEVBEPKS-UHFFFAOYNA-N,-9.968
PPARD,c_ILE146,mut_s1,detail,1,126,MNLBKBCAEFZATB-UHFFFAOYNA-N,-8.838
PPARD,c_ILE146,mut_s1,detail,1,127,NNTZETQYCAZKJF-UYBDAZJANA-N,-9.411
PPARD,c_ILE146,mut_s1,detail,1,128,AKEDBCQYOCYZDX-PLBWUZGSNA-N,-8.86
PPARD,c_ILE146,mut_s1,detail,1,129,HCXOEHYNUWUKAG-UHFFFAOYNA-N,-8.235
PPARD,c_ILE146,mut_s1,detail,1,130,CWKHWSAMAAAUEN-UYBDAZJANA-N,-8.822
PPARD,c_ILE146,mut_s1,detail,1,131,VMZWELQEDXUUJX-HXTKINSTNA-N,-7.221
PPARD,c_ILE146,mut_s1,detail,1,132,PCMOPVSFMUOUFR-OAQYLSRUNA-N,-8.467
PPARD,c_ILE146,mut_s1,detail,1,133,POFKEPXNJQGIOB-DIRLUKLVNA-N,-10.855
PPARD,c_ILE146,mut_s1,detail,1,134,GQNKLNZBZDEAMD-VQHCSMNLNA-N,-10.032
PPARD,c_ILE146,mut_s1,detail,1,135,COFQAKCKCHDGNW-ZXWGSDNONA-N,-8.729
PPARD,c_ILE146,mut_s1,detail,1,136,XURFWWBVADUSQL-LNNLXFCONA-N,-10.597
PPARD,c_ILE146,mut_s1,detail,1,137,LBDHNFPYMBLBSB-CLCOLTQENA-N,-7.398
PPARD,c_ILE146,mut_s1,detail,1,138,QKIJTUQIQQZCIX-UYBDAZJANA-N,-9.24
PPARD,c_ILE146,mut_s1,detail,1,139,UXLJJGBAQOYQMV-UHFFFAOYNA-N,-8.179
PPARD,c_ILE146,mut_s1,detail,1,140,WQAWGOAEJJIYFP-DEOSSOPVNA-N,-9.048
PPARD,c_ILE146,mut_s1,detail,1,141,MBNPYPWQYGHCTB-UHFFFAOYNA-N,-8.945
PPARD,c_ILE146,mut_s1,detail,1,142,XAYHBRQVRJQCAH-PKSOQXRJNA-N,-8.039
PPARD,c_ILE146,mut_s1,detail,1,143,GNTOXDIONQLPFR-CXUHLZMHNA-N,-8.705
PPARD,c_ILE146,mut_s1,detail,1,144,RIVKJCNOYQAWOL-VCZDBIKCNA-N,-9.362
PPARD,c_ILE146,mut_s1,detail,1,145,LRRFROMGHKZMSA-PKRZOPRNNA-N,-10.049
PPARD,c_ILE146,mut_s1,detail,1,146,HWUKVYPOCLJTSN-RJJUGOMSNA-N,-9.252
PPARD,c_ILE146,mut_s1,detail,1,147,JAQNENPDJAEDSC-UHFFFAOYNA-N,-8.517
PPARD,c_ILE146,mut_s1,detail,1,148,ZYQCCRUKVDVTJE-ZUOKHONENA-N,-7.526
PPARD,c_ILE146,mut_s1,detail,1,149,UUWCZQYGBSUBRG-SPEPDGBUNA-N,-11.07
PPARD,c_ILE146,mut_s1,detail,1,150,KNGPIEIQVMOPHJ-PKSOQXRJNA-N,-8.677
PPARD,c_ILE146,mut_s1,detail,1,151,CTDCFVMSXQQWDC-HXTKINSTNA-N,-9.316
PPARD,c_ILE146,mut_s1,detail,1,152,AELMMQNCWIYZED-UHFFFAOYNA-N,-8.738
PPARD,c_ILE146,mut_s1,detail,1,153,BTBRAURMAUKXDM-UHFFFAOYNA-N,-8.231
PPARD,c_ILE146,mut_s1,detail,1,154,DWAPJEYUYKZUPW-UYBDAZJANA-N,-9.782
PPARD,c_ILE146,mut_s1,detail,1,155,MTWNFHPRKAIWJY-LQFNOIFHNA-N,-9.446
PPARD,c_ILE146,mut_s1,detail,1,156,XMOFGSWSGOXFPP-MPIMZMORNA-N,-9.09
PPARD,c_ILE146,mut_s1,detail,1,157,VVSBVXXITLYIIA-CKFYMFOVNA-N,-9.513
PPARD,c_ILE146,mut_s1,detail,1,158,GAXPVNSBLNNWCZ-PSHYBUTQNA-N,-7.938
PPARD,c_ILE146,mut_s1,detail,1,159,XDYREIZGNBPMPJ-IBGZPJMENA-N,-9.948
PPARD,c_ILE146,mut_s1,detail,1,160,WITBRHUYBFKPOL-MPIMZMORNA-N,-8.821
PPARD,c_ILE146,mut_s1,detail,1,161,IBIQKJHXTSLLBQ-PKRZOPRNNA-N,-9.8
PPARD,c_ILE146,mut_s1,detail,1,162,VLUGXHSPLMSNET-LNNLXFCONA-N,-9.478
PPARD,c_ILE146,mut_s1,detail,1,163,IEQABWYSQBHOMM-UHFFFAOYNA-N,-8.945
PPARD,c_ILE146,mut_s1,detail,1,164,FWLMJHGQRXWNIS-UHFFFAOYNA-N,-9.089
PPARD,c_ILE146,mut_s1,detail,1,165,RZJWOMPOSAPIJL-LQFNOIFHNA-N,-8.782
PPARD,c_ILE146,mut_s1,detail,1,166,ZUMDOGBUKHTCOC-CWWQGPJMNA-N,-9.047
PPARD,c_ILE146,mut_s1,detail,1,167,ANZGKDRXGOPIJA-QWOVJGMINA-N,-7.49
PPARD,c_ILE146,mut_s1,detail,1,168,QUISVMJELRRHAG-UHFFFAOYNA-N,-9.038
PPARD,c_ILE146,mut_s1,detail,1,169,XZFCGNQJCGTXNQ-ZVHZXABRNA-N,-8.644
PPARD,c_ILE146,mut_s1,detail,1,170,UGPWOMSWEMIIJH-UHFFFAOYNA-N,-9.125
PPARD,c_ILE146,mut_s1,detail,1,171,WGMQZHYPIKBUML-LQFNOIFHNA-N,-7.782
PPARD,c_ILE146,mut_s1,detail,1,172,HPNLHDILXMKRJE-UHFFFAOYNA-N,-8.377
PPARD,c_ILE146,mut_s1,detail,1,173,AQBHPXSDFXKHIG-LELJVTLKNA-N,-8.651
PPARD,c_ILE146,mut_s1,detail,1,174,BHPSGEAUUZMDDL-QFIPXVFZNA-N,-8.741
PPARD,c_ILE146,mut_s1,detail,1,175,RHMDXGNHLMFANS-XBXBPLPCNA-N,-8.58
PPARD,c_ILE146,mut_s1,detail,1,176,HZXUSKDOXPOMIW-PKSOQXRJNA-N,-8.036
PPARD,c_ILE146,mut_s1,detail,1,177,QBBIMTGZZXPUPY-UHFFFAOYNA-N,-8.817
PPARD,c_ILE146,mut_s1,detail,1,178,FAALFCIDNMPXJU-LNNLXFCONA-N,-10.762
PPARD,c_ILE146,mut_s1,detail,1,179,UEGWFDMCEAIRSE-DVIAZDKANA-N,-8.319
PPARD,c_ILE146,mut_s1,detail,1,180,QATBWONTRXXCBE-UHFFFAOYNA-N,-8.723
PPARD,c_ILE146,mut_s1,detail,1,181,IEWZULBPMDXTLX-LQFNOIFHNA-N,-11.393
PPARD,c_ILE146,mut_s1,detail,1,182,DTUUXDIGBXNINJ-PKSOQXRJNA-N,-8.35
PPARD,c_ILE146,mut_s1,detail,1,183,FFDDOWCKFPDEPQ-KIYDBJNPNA-N,-9.54
PPARD,c_ILE146,mut_s1,detail,1,184,LFTDMBYAYYEBDL-XWYQMZBENA-N,-9.878
PPARD,c_ILE146,mut_s1,detail,1,185,VZFTWWJAUZOJDH-YANQHBGHNA-N,-10.404
PPARD,c_ILE146,mut_s1,detail,1,186,YNUOGMCLPCOTIC-UHFFFAOYNA-N,-8.745
PPARD,c_ILE146,mut_s1,detail,1,187,WDXONUYXRRUOAF-LELJVTLKNA-N,-8.248
PPARD,c_ILE146,mut_s1,detail,1,188,FWYUTSUWWZVOGD-UHFFFAOYNA-N,-8.31
PPARD,c_ILE146,mut_s1,detail,1,189,VMDJSIGZJOXSGC-UHFFFAOYNA-N,-8.67
PPARD,c_ILE146,mut_s1,detail,1,190,IIVPENRIUTZXCZ-DFVASWNCNA-N,-8.587
PPARD,c_ILE146,mut_s1,detail,1,191,HHKIXRJLSXZGIO-LBOYIXSDNA-N,-10.041
PPARD,c_ILE146,mut_s1,detail,1,192,VFCHPGXNLRROSP-UHFFFAOYNA-N,-9.359
PPARD,c_ILE146,mut_s1,detail,1,193,LQNMNFIDHADHQU-LQFNOIFHNA-N,-9.126
PPARD,c_ILE146,mut_s1,detail,1,194,DWCQXZSEATZNGJ-JXAWBTAJNA-N,-7.612
PPARD,c_ILE146,mut_s1,detail,1,195,XCFKTIVHIIOEHO-XRJCTRHONA-N,-10.722
PPARD,c_ILE146,mut_s1,detail,1,196,CTKVVCDWNBLQHQ-VJSLDGLSNA-N,-9.362
PPARD,c_ILE146,mut_s1,detail,1,197,SJEBTTUNLKKAEO-QFIPXVFZNA-N,-9.612
PPARD,c_ILE146,mut_s1,detail,1,198,VUVBMRFFLDJIKB-UHFFFAOYNA-N,-7.315
PPARD,c_ILE146,mut_s1,detail,1,199,CRDOCDKYXPCHRG-GMLXSZADNA-N,-10.019
PPARD,c_ILE146,mut_s1,detail,1,200,PTRAWPOMIAVCDX-NPZFWETONA-N,-10.487
PPARD,c_ILE146,mut_s1,detail,1,201,YPCVJZIGKJSYKB-XWQTZBKQNA-N,-9.38
PPARD,c_ILE146,mut_s1,detail,1,202,DDQUBMKKMCESIY-UHFFFAOYNA-N,-9.297
PPARD,c_ILE146,mut_s1,detail,1,203,QRBHMNKXVMROIF-UHFFFAOYNA-N,-9.954
PPARD,c_ILE146,mut_s1,detail,1,204,CSCOHEYTBLBQMG-SREBMQDQNA-N,-10.091
PPARD,c_ILE146,mut_s1,detail,1,205,FPRLMEVUSKOQRF-UHFFFAOYNA-N,-9.059
PPARD,c_ILE146,mut_s1,detail,1,206,VRUTXMQQNLYKSZ-SPEPDGBUNA-N,-9.739
PPARD,c_ILE146,mut_s1,detail,1,207,IFVIZWYRFUIABK-LKHHGCNMNA-N,-10.005
PPARD,c_ILE146,mut_s1,detail,1,208,BJSKDMOWRPAVMK-UHFFFAOYNA-N,-8.175
PPARD,c_ILE146,mut_s1,detail,1,209,AJDIYNONBYMZIF-ILOOJWFPNA-N,-10.81
PPARD,c_ILE146,mut_s1,detail,1,210,ABURDUMLEUCKOY-FYDYDPJYNA-N,-9.881
PPARD,c_ILE146,mut_s1,detail,1,211,ZXCSBCTVTJFLOZ-JUEKIJOLNA-N,-9.898
PPARD,c_ILE146,mut_s1,detail,1,212,SKVNACLQMJDJNT-JJFURXLTNA-N,-9.251
PPARD,c_ILE146,mut_s1,detail,1,213,OWDCBGQHUHBGKH-ODBASERBNA-N,-9.101
PPARD,c_ILE146,mut_s1,detail,1,214,RLXWTYPPMJNURK-LELJVTLKNA-N,-9.504
PPARD,c_ILE146,mut_s1,detail,1,215,LFFVXCIQPOOMOV-UHFFFAOYNA-N,-12.504
PPARD,c_ILE146,mut_s1,detail,1,216,ZFFOVIFFFSWOKF-PKRZOPRNNA-N,-12.019
PPARD,c_ILE146,mut_s1,detail,1,217,VVWGMEIQTOBDML-RDPOJNOENA-N,-9.128
PPARD,c_ILE146,mut_s1,detail,1,218,QAGLJDWYCCJEHH-IGBJZSFZNA-N,-8.829
PPARD,c_ILE146,mut_s1,detail,1,219,NFMSQLAKBDDECA-HXXFNXQYNA-N,-8.733
PPARD,c_ILE146,mut_s1,detail,1,220,RLKPYUHHHDBUKR-LKHHGCNMNA-N,-8.366
PPARD,c_ILE146,mut_s1,detail,1,221,FVGJPHFQQMQGFQ-PQVCHVPHNA-N,-11.325
PPARD,c_ILE146,mut_s1,detail,1,222,GGQXSFRJLUHOGQ-MDNXCRMFNA-N,-10.364
PPARD,c_ILE146,mut_s1,detail,1,223,LLLNQQOQHKAYHT-CSKMVECVNA-N,-10.646
PPARD,c_ILE146,mut_s1,detail,1,224,FTHKKKKNTGUTPA-NBVNDQADNA-N,-10.294
PPARD,c_ILE146,mut_s1,detail,1,225,BKYZARFJJFORLR-UHFFFAOYNA-N,-9.085
PPARD,c_ILE146,mut_s1,detail,1,226,XMHRXPMKDALTSG-YPBLIGHQNA-N,-8.544
PPARD,c_ILE146,mut_s1,detail,1,227,OVSPJLFXFWHQFE-HXTKINSTNA-N,-9.536
PPARD,c_ILE146,mut_s1,detail,1,228,SHBLCUUJYNQTSS-NRFANRHFNA-N,-10.933
PPARD,c_ILE146,mut_s1,detail,1,229,OHXYGRXPONZZPF-UHFFFAOYNA-N,-8.925
PPARD,c_ILE146,mut_s1,detail,1,230,XFOMWTKVHWXVRS-UHFFFAOYNA-N,-10.474
PPARD,c_ILE146,mut_s1,detail,1,231,HMPVPIRJMYFQCT-WXDRZTAENA-N,-8.441
PPARD,c_ILE146,mut_s1,detail,1,232,NRIQEFNHCJMSHL-UHFFFAOYNA-N,-10.844
PPARD,c_ILE146,mut_s1,detail,1,233,WQIKRJDLIIEKAG-WWXRYIHZNA-N,-9.798
PPARD,c_ILE146,mut_s1,detail,1,234,CQCKANIIWHCLDP-UHFFFAOYNA-N,-8.02
PPARD,c_ILE146,mut_s1,detail,1,235,QETNVWCEGLMMRQ-CXUYMYAGNA-N,-7.408
PPARD,c_ILE146,mut_s1,detail,1,236,MLYHNVDOBUQIID-NSJMMFDCNA-N,-11.265
PPARD,c_ILE146,mut_s1,detail,1,237,VBFOTEWTMOETMO-PECIQRARNA-N,-7.561
PPARD,c_ILE146,mut_s1,detail,1,238,NFSDYJKEOCQTKX-CYSPOYASNA-N,-9.26
PPARD,c_ILE146,mut_s1,detail,1,239,GZQHTWYWDSMEAW-UHFFFAOYNA-N,-8.504
PPARD,c_ILE146,mut_s1,detail,1,240,LZTXTKIYKWMRQJ-ZALBZXLWNA-N,-8.502
PPARD,c_ILE146,mut_s1,detail,1,241,YPDLHOCWYZLMQS-GFBXQOHCNA-N,-8.75
PPARD,c_ILE146,mut_s1,detail,1,242,FJUITIGQDNFRQI-UHFFFAOYNA-N,-7.752
PPARD,c_ILE146,mut_s1,detail,1,243,OHAIFIOFCXDBHP-NKTHEXPSNA-N,-9.437
PPARD,c_ILE146,mut_s1,detail,1,244,LSAXQHPWOGTFSG-UHFFFAOYNA-N,-8.676
PPARD,c_ILE146,mut_s1,detail,1,245,OENZVDXWLVYZJT-DHDJHLBQNA-N,-10.185
PPARD,c_ILE146,mut_s1,detail,1,246,UEOXIUXQBRDLJU-LBOYIXSDNA-N,-9.817
PPARD,c_ILE146,mut_s1,detail,1,247,YFYGWSCMDCTAKZ-MPIMZMORNA-N,-8.417
PPARD,c_ILE146,mut_s1,detail,1,248,AQHYVBHJINDJIW-UHFFFAOYNA-N,-7.874
PPARD,c_ILE146,mut_s1,detail,1,249,DBOAHQYVPCTALU-QBAQSEIJNA-N,-8.832
PPARD,c_ILE146,mut_s1,detail,1,250,NRMRHCTVBLZOIE-PJQSKVNONA-N,-8.483
PPARD,c_ILE146,mut_s1,detail,1,251,CGHADMRBCNGDHX-UOUKHUKPNA-N,-10.595
PPARD,c_ILE146,mut_s1,detail,1,252,DDZBRJBYGLTADL-TZFBGDORNA-N,-8.28
PPARD,c_ILE146,mut_s1,detail,1,253,LOIPDGFJRKDXSJ-UHFFFAOYNA-N,-8.617
PPARD,c_ILE146,mut_s1,detail,1,254,VBQAIJHAPZFIRO-MOQCICHVNA-N,-8.597
PPARD,c_ILE146,mut_s1,detail,1,255,YPVDZKHCFQJIDP-UHFFFAOYNA-N,-10.734
PPARD,c_THR72,mut_s1,detail,1,0,IFHZOGDEYHFNQO-PKSOQXRJNA-N,-10.121
PPARD,c_THR72,mut_s1,detail,1,1,PZDDADWKMMNNHC-UHFFFAOYNA-N,-7.09
PPARD,c_THR72,mut_s1,detail,1,2,BUEYTYZOCKWHHR-UHFFFAOYNA-N,-6.982
PPARD,c_THR72,mut_s1,detail,1,3,URXMTXGGQRBQQC-LNZJGEAENA-N,-6.744
PPARD,c_THR72,mut_s1,detail,1,4,NNVZANSRDHCDLK-UHFFFAOYNA-N,-9.011
PPARD,c_THR72,mut_s1,detail,1,5,YCVTUSIXNJAXKA-UHFFFAOYNA-N,-8.427
PPARD,c_THR72,mut_s1,detail,1,6,YLQOELRYUQBERL-YHMJCDSINA-N,-6.979
PPARD,c_THR72,mut_s1,detail,1,7,XIOYZAUVDJKWCL-UHFFFAOYNA-N,-9.065
PPARD,c_THR72,mut_s1,detail,1,8,NYBRKCCEVRSDNF-UHFFFAOYNA-N,-8.963
PPARD,c_THR72,mut_s1,detail,1,9,HOWDUDRRYYVTNY-NDKGDYFDNA-N,-7.71
PPARD,c_THR72,mut_s1,detail,1,10,RVRIAONMWINUPS-GPQMBLKYNA-N,-7.138
PPARD,c_THR72,mut_s1,detail,1,11,UVVPLBQLDVTPSL-RVQYIEHVNA-N,-6.355
PPARD,c_THR72,mut_s1,detail,1,12,AXXXFCGETBIMKI-UHFFFAOYNA-N,-7.357
PPARD,c_THR72,mut_s1,detail,1,13,RBMUBAYHBUBLMR-NKWLYDBFNA-N,-8.526
PPARD,c_THR72,mut_s1,detail,1,14,BTIHIHBWVGQIIQ-UHFFFAOYNA-N,-7.357
PPARD,c_THR72,mut_s1,detail,1,15,ACAOHWOPNZHWAF-WNVDMVQFNA-N,-8.419
PPARD,c_THR72,mut_s1,detail,1,16,VEFTYKZXVJQBER-ZHLVXTBQNA-N,-6.811
PPARD,c_THR72,mut_s1,detail,1,17,QBQDUEWXIOEVKT-UYBDAZJANA-N,-9.57
PPARD,c_THR72,mut_s1,detail,1,18,KRGQOKCRZMRVRH-UHFFFAOYNA-N,-6.842
PPARD,c_THR72,mut_s1,detail,1,19,YXGMBGNPGWDLBJ-WYUMXYHSNA-N,-7.528
PPARD,c_THR72,mut_s1,detail,1,20,LHQICPSUYGARIS-UHFFFAOYNA-N,-8.836
PPARD,c_THR72,mut_s1,detail,1,21,ZXVNJVRABSCRGU-GPQMBLKYNA-N,-8.443
PPARD,c_THR72,mut_s1,detail,1,22,TYXGDELQOONTQQ-DQDSCPLDNA-N,-8.242
PPARD,c_THR72,mut_s1,detail,1,23,FMDKDGDDTIJRQT-WRCMMWDQNA-N,-7.882
PPARD,c_THR72,mut_s1,detail,1,24,DXLLFVXDQQMGGM-LILDFLRNNA-N,-7.468
PPARD,c_THR72,mut_s1,detail,1,25,RCFHJSCTPLCRAN-UHFFFAOYNA-N,-8.209
PPARD,c_THR72,mut_s1,detail,1,26,LOIKOLAEHONJTE-KARVIEMNNA-N,-8.561
PPARD,c_THR72,mut_s1,detail,1,27,ZBEDJPDEINGEHM-UHFFFAOYNA-N,-6.121
PPARD,c_THR72,mut_s1,detail,1,28,PKHXJWYQMRFPTR-LILDFLRNNA-N,-7.943
PPARD,c_THR72,mut_s1,detail,1,29,DGFWWFXFIZOMRX-WXRBYKJCNA-N,-6.826
PPARD,c_THR72,mut_s1,detail,1,30,NDEDMCKHRVZXGD-VEWCPZSHNA-N,-8.219
PPARD,c_THR72,mut_s1,detail,1,31,UPOCYXRXSNRNNU-UHFFFAOYNA-N,-8.158
PPARD,c_THR72,mut_s1,detail,1,32,UGLPVHLKYTWQRV-UHFFFAOYNA-N,-8.14
PPARD,c_THR72,mut_s1,detail,1,33,VEBIFNQLJFTSLJ-GPQMBLKYNA-N,-8.246
PPARD,c_THR72,mut_s1,detail,1,34,FZGYMZTVBMODJR-GUYCJALGNA-N,-7.887
PPARD,c_THR72,mut_s1,detail,1,35,XVAMDQGNCAYOLZ-CMNYYERHNA-N,-7.778
PPARD,c_THR72,mut_s1,detail,1,36,MRHCSNNEUHXNIC-DLGLGFIGNA-N,-8.007
PPARD,c_THR72,mut_s1,detail,1,37,QXSUNGXUTAFLCR-HCKMINDGNA-N,-8.354
PPARD,c_THR72,mut_s1,detail,1,38,BTUZBQRUTGYGSI-SAAHQOFTNA-N,-7.842
PPARD,c_THR72,mut_s1,detail,1,39,TTYMNRMJLOVQEL-UHFFFAOYNA-N,-7.505
PPARD,c_THR72,mut_s1,detail,1,40,IVQOCTZDCXKGHW-UHFFFAOYNA-N,-7.815
PPARD,c_THR72,mut_s1,detail,1,41,SRWKAZSWOPMZLA-WYUMXYHSNA-N,-7.976
PPARD,c_THR72,mut_s1,detail,1,42,QPEDEGUPTWDSJM-UHFFFAOYNA-N,-8.695
PPARD,c_THR72,mut_s1,detail,1,43,ISYYCVGFJSIOIJ-UHFFFAOYNA-N,-6.846
PPARD,c_THR72,mut_s1,detail,1,44,MTUZLFBKKNTLNL-YHMJCDSINA-N,-7.626
PPARD,c_THR72,mut_s1,detail,1,45,JOFJZXKVGWGQRQ-UHFFFAOYNA-N,-5.969
PPARD,c_THR72,mut_s1,detail,1,46,KOHAFBWLWQFBFU-UHFFFAOYNA-N,-7.909
PPARD,c_THR72,mut_s1,detail,1,47,YHDLLKNPVWVCGF-UHFFFAOYNA-N,-8.61
PPARD,c_THR72,mut_s1,detail,1,48,KIRJGAMLMFQPIX-LILDFLRNNA-N,-9.934
PPARD,c_THR72,mut_s1,detail,1,49,MIUGSXDNQICPKY-AHPDCHJINA-N,-7.03
PPARD,c_THR72,mut_s1,detail,1,50,NCQYFKGTEDNHPE-GPQMBLKYNA-N,-9.486
PPARD,c_THR72,mut_s1,detail,1,51,OILQEGDAOXVJJG-UHFFFAOYNA-N,-8.364
PPARD,c_THR72,mut_s1,detail,1,52,KMZMSABQJYKKBU-UHFFFAOYNA-N,-7.396
PPARD,c_THR72,mut_s1,detail,1,53,ODNAHSRJQUKZJC-UHFFFAOYNA-N,-7.912
PPARD,c_THR72,mut_s1,detail,1,54,WBXGNUJDIOVVDS-GPQMBLKYNA-N,-9.295
PPARD,c_THR72,mut_s1,detail,1,55,KGFVHZKXNIFXQC-XQMQJMAZNA-N,-7.841
PPARD,c_THR72,mut_s1,detail,1,56,ZGDACLBJJXLKJY-UHFFFAOYNA-N,-7.882
PPARD,c_THR72,mut_s1,detail,1,57,ODQASWLALUMZKF-UHFFFAOYNA-N,-9.379
PPARD,c_THR72,mut_s1,detail,1,58,HEAFXLZWNUOLNQ-UHFFFAOYNA-N,-8.624
PPARD,c_THR72,mut_s1,detail,1,59,GDJPLZYPNHEBBO-GAJRPKRDNA-N,-7.325
PPARD,c_THR72,mut_s1,detail,1,60,KZNIFHPLKGYRTM-UHFFFAOYNA-N,-7.764
PPARD,c_THR72,mut_s1,detail,1,61,XCNLTPWPUBZVTB-WUKNDPDINA-N,-7.598
PPARD,c_THR72,mut_s1,detail,1,62,UJJQDGSLGZZHPE-VEWCPZSHNA-N,-7.485
PPARD,c_THR72,mut_s1,detail,1,63,KUDKBYQDLXZYQT-YAQRNVERNA-N,-8.088
PPARD,c_THR72,mut_s1,detail,1,64,XZDKQJKAVDHUJN-UHFFFAOYNA-N,-8.934
PPARD,c_THR72,mut_s1,detail,1,65,PIHCOUNEIQIOLH-UYBDAZJANA-N,-8.467
PPARD,c_THR72,mut_s1,detail,1,66,FTVJNPIOPFNKML-GPQMBLKYNA-N,-8.044
PPARD,c_THR72,mut_s1,detail,1,67,HHYDNYVAHAHWJL-UHFFFAOYNA-N,-6.746
PPARD,c_THR72,mut_s1,detail,1,68,MXABEVYDQHVOES-NSHDSACANA-N,-8.507
PPARD,c_THR72,mut_s1,detail,1,69,ONNIOMOHOZUMKS-YGZLFCMANA-N,-8.234
PPARD,c_THR72,mut_s1,detail,1,70,DQLGXAYUAURASJ-XXTDWMNGNA-N,-10.17
PPARD,c_THR72,mut_s1,detail,1,71,QGKGHRAWZIKZRJ-WYUMXYHSNA-N,-8.482
PPARD,c_THR72,mut_s1,detail,1,72,JWCQSDFAPBNHSM-UHFFFAOYNA-N,-7.609
PPARD,c_THR72,mut_s1,detail,1,73,RNSJXWMAYUTWOI-UHFFFAOYNA-N,-8.34
PPARD,c_THR72,mut_s1,detail,1,74,AKOOSRNDNZPJNL-PKSOQXRJNA-N,-9.246
PPARD,c_THR72,mut_s1,detail,1,75,BFENEDRNBGYKMO-OTJKMEOQNA-N,-7.778
PPARD,c_THR72,mut_s1,detail,1,76,RULIAUGJMVIUMH-QWOVJGMINA-N,-8.522
PPARD,c_THR72,mut_s1,detail,1,77,VHAIHOXTBBWMRC-LILDFLRNNA-N,-7.1
PPARD,c_THR72,mut_s1,detail,1,78,MMWVUKRVNHSCOU-XWVGVUDUNA-N,-8.408
PPARD,c_THR72,mut_s1,detail,1,79,VEUYFZWVWBJLBT-LILDFLRNNA-N,-6.942
PPARD,c_THR72,mut_s1,detail,1,80,UEVUVZKOTQNFQQ-UHFFFAOYNA-N,-8.667
PPARD,c_THR72,mut_s1,detail,1,81,AVUDBVVAYWAMLJ-UHFFFAOYNA-N,-9.09
PPARD,c_THR72,mut_s1,detail,1,82,BQVDJEOYDDRFHV-UHFFFAOYNA-N,-7.178
PPARD,c_THR72,mut_s1,detail,1,83,RJDWHDCXBZVKHF-UHFFFAOYNA-N,-9.583
PPARD,c_THR72,mut_s1,detail,1,84,UUIYULWYHDSXHL-YREUQKFVNA-N,-8.121
PPARD,c_THR72,mut_s1,detail,1,85,KSVYPWJPODFWFB-MHWRWJLKNA-N,-10.114
PPARD,c_THR72,mut_s1,detail,1,86,YTOTVFWYSYGJKJ-MPIMZMORNA-N,-8.928
PPARD,c_THR72,mut_s1,detail,1,87,LDEBHGWOYJCQTG-SFHVURJKNA-N,-7.902
PPARD,c_THR72,mut_s1,detail,1,88,NXBTXYMTUUWSCC-XBTAAFKLNA-N,-9.062
PPARD,c_THR72,mut_s1,detail,1,89,HRLJAEIRFSEJAW-UHFFFAOYNA-N,-8.635
PPARD,c_THR72,mut_s1,detail,1,90,HROYNIXUIVDQJH-UHFFFAOYNA-N,-8.445
PPARD,c_THR72,mut_s1,detail,1,91,BYXXTGCOSOYREY-QWOVJGMINA-N,-8.577
PPARD,c_THR72,mut_s1,detail,1,92,AWXVIXMNAQQCCZ-OEMYIYORNA-N,-8.361
PPARD,c_THR72,mut_s1,detail,1,93,PVTHJAPFENJVNC-ANRNRNKZNA-N,-6.972
PPARD,c_THR72,mut_s1,detail,1,94,IMPAUHAIMHCPEJ-PKSOQXRJNA-N,-9.699
PPARD,c_THR72,mut_s1,detail,1,95,SLOJERRRBYNXAR-NPQUBYNZNA-N,-9.059
PPARD,c_THR72,mut_s1,detail,1,96,YWBJCOHEBDEQDR-PKSOQXRJNA-N,-8.117
PPARD,c_THR72,mut_s1,detail,1,97,WWRBDTKNUXAXRR-XAVYIPQLNA-O,-8.068
PPARD,c_THR72,mut_s1,detail,1,98,HBERTCHGBHHVDT-LILDFLRNNA-N,-9.834
PPARD,c_THR72,mut_s1,detail,1,99,BXKUVDXLHUBVPA-ZWQIFLOQNA-N,-5.484
PPARD,c_THR72,mut_s1,detail,1,100,WBWFIUAVMCNYPG-FPLPWBNLNA-N,-8.583
PPARD,c_THR72,mut_s1,detail,1,101,VRWIFQNGGPFLST-UYBDAZJANA-N,-8.56
PPARD,c_THR72,mut_s1,detail,1,102,JTAPVIPBGIDRDE-UHFFFAOYNA-N,-10.331
PPARD,c_THR72,mut_s1,detail,1,103,HBTCLXRQQIHFQB-GDEMPAQCNA-N,-7.801
PPARD,c_THR72,mut_s1,detail,1,104,DXJSFQXIPUHFQK-QWOVJGMINA-N,-7.058
PPARD,c_THR72,mut_s1,detail,1,105,RBEMVAFKFYHQIB-UYBDAZJANA-N,-9.361
PPARD,c_THR72,mut_s1,detail,1,106,QEKAHUYYWSNHDY-DZQCGVKKNA-N,-8.259
PPARD,c_THR72,mut_s1,detail,1,107,RCSUTAOLFYVOEE-UHFFFAOYNA-N,-8.364
PPARD,c_THR72,mut_s1,detail,1,108,MYBUANZGRGNVPO-YSPVQWMYNA-N,-9.088
PPARD,c_THR72,mut_s1,detail,1,109,UIQCZMYFTSFLPQ-LQFNOIFHNA-N,-9.794
PPARD,c_THR72,mut_s1,detail,1,110,QRMYORHEAHTJBC-GPQMBLKYNA-N,-8.622
PPARD,c_THR72,mut_s1,detail,1,111,CPYTXWFFFQKUDP-QFAGIUQONA-N,-8.803
PPARD,c_THR72,mut_s1,detail,1,112,DCIAJQYVIKONRS-QWOVJGMINA-N,-9.201
PPARD,c_THR72,mut_s1,detail,1,113,ZMMGBIJMLCNSOV-PKSOQXRJNA-N,-8.137
PPARD,c_THR72,mut_s1,detail,1,114,MRFDGPBJIFXZIT-NPQUBYNZNA-N,-9.745
PPARD,c_THR72,mut_s1,detail,1,115,KANCHOKOTXNDQH-NVQSQQPGNA-N,-7.22
PPARD,c_THR72,mut_s1,detail,1,116,SOAWEEUOPZCBSN-UHFFFAOYNA-N,-9.983
PPARD,c_THR72,mut_s1,detail,1,117,BHXYDHWPQIADCG-HZFZDWCWNA-N,-7.938
PPARD,c_THR72,mut_s1,detail,1,118,LVIWVNDQNUSMMV-LILDFLRNNA-N,-7.298
PPARD,c_THR72,mut_s1,detail,1,119,UBAMGTKSOKGECF-UHFFFAOYNA-N,-7.483
PPARD,c_THR72,mut_s1,detail,1,120,YSVHPRBZNNADQG-UHFFFAOYNA-N,-7.348
PPARD,c_THR72,mut_s1,detail,1,121,IXZAZBWJQHWVHS-QVUQFMIFNA-N,-8.838
PPARD,c_THR72,mut_s1,detail,1,122,NILCXRPLMSLFEG-HQHQJUQONA-N,-8.106
PPARD,c_THR72,mut_s1,detail,1,123,HRNRRPMOOJUJLK-QWOVJGMINA-N,-9.211
PPARD,c_THR72,mut_s1,detail,1,124,OLSXSUXZOLBVQZ-QVUQFMIFNA-N,-8.686
PPARD,c_THR72,mut_s1,detail,1,125,XZMGFGHEVBEPKS-UHFFFAOYNA-N,-9.963
PPARD,c_THR72,mut_s1,detail,1,126,MNLBKBCAEFZATB-UHFFFAOYNA-N,-8.631
PPARD,c_THR72,mut_s1,detail,1,127,NNTZETQYCAZKJF-UYBDAZJANA-N,-10.045
PPARD,c_THR72,mut_s1,detail,1,128,AKEDBCQYOCYZDX-PLBWUZGSNA-N,-8.541
PPARD,c_THR72,mut_s1,detail,1,129,HCXOEHYNUWUKAG-UHFFFAOYNA-N,-8.532
PPARD,c_THR72,mut_s1,detail,1,130,CWKHWSAMAAAUEN-UYBDAZJANA-N,-8.488
PPARD,c_THR72,mut_s1,detail,1,131,VMZWELQEDXUUJX-HXTKINSTNA-N,-7.248
PPARD,c_THR72,mut_s1,detail,1,132,PCMOPVSFMUOUFR-OAQYLSRUNA-N,-8.434
PPARD,c_THR72,mut_s1,detail,1,133,POFKEPXNJQGIOB-DIRLUKLVNA-N,-9.316
PPARD,c_THR72,mut_s1,detail,1,134,GQNKLNZBZDEAMD-VQHCSMNLNA-N,-10.541
PPARD,c_THR72,mut_s1,detail,1,135,COFQAKCKCHDGNW-ZXWGSDNONA-N,-8.54
PPARD,c_THR72,mut_s1,detail,1,136,XURFWWBVADUSQL-LNNLXFCONA-N,-10.353
PPARD,c_THR72,mut_s1,detail,1,137,LBDHNFPYMBLBSB-CLCOLTQENA-N,-7.211
PPARD,c_THR72,mut_s1,detail,1,138,QKIJTUQIQQZCIX-UYBDAZJANA-N,-9.125
PPARD,c_THR72,mut_s1,detail,1,139,UXLJJGBAQOYQMV-UHFFFAOYNA-N,-9.216
PPARD,c_THR72,mut_s1,detail,1,140,WQAWGOAEJJIYFP-DEOSSOPVNA-N,-8.838
PPARD,c_THR72,mut_s1,detail,1,141,MBNPYPWQYGHCTB-UHFFFAOYNA-N,-9.02
PPARD,c_THR72,mut_s1,detail,1,142,XAYHBRQVRJQCAH-PKSOQXRJNA-N,-7.532
PPARD,c_THR72,mut_s1,detail,1,143,GNTOXDIONQLPFR-CXUHLZMHNA-N,-8.606
PPARD,c_THR72,mut_s1,detail,1,144,RIVKJCNOYQAWOL-VCZDBIKCNA-N,-9.406
PPARD,c_THR72,mut_s1,detail,1,145,LRRFROMGHKZMSA-PKRZOPRNNA-N,-10.214
PPARD,c_THR72,mut_s1,detail,1,146,HWUKVYPOCLJTSN-RJJUGOMSNA-N,-9.068
PPARD,c_THR72,mut_s1,detail,1,147,JAQNENPDJAEDSC-UHFFFAOYNA-N,-8.662
PPARD,c_THR72,mut_s1,detail,1,148,ZYQCCRUKVDVTJE-ZUOKHONENA-N,-7.499
PPARD,c_THR72,mut_s1,detail,1,149,UUWCZQYGBSUBRG-SPEPDGBUNA-N,-11.216
PPARD,c_THR72,mut_s1,detail,1,150,KNGPIEIQVMOPHJ-PKSOQXRJNA-N,-8.386
PPARD,c_THR72,mut_s1,detail,1,151,CTDCFVMSXQQWDC-HXTKINSTNA-N,-8.802
PPARD,c_THR72,mut_s1,detail,1,152,AELMMQNCWIYZED-UHFFFAOYNA-N,-8.349
PPARD,c_THR72,mut_s1,detail,1,153,BTBRAURMAUKXDM-UHFFFAOYNA-N,-8.189
PPARD,c_THR72,mut_s1,detail,1,154,DWAPJEYUYKZUPW-UYBDAZJANA-N,-9.832
PPARD,c_THR72,mut_s1,detail,1,155,MTWNFHPRKAIWJY-LQFNOIFHNA-N,-9.726
PPARD,c_THR72,mut_s1,detail,1,156,XMOFGSWSGOXFPP-MPIMZMORNA-N,-9.071
PPARD,c_THR72,mut_s1,detail,1,157,VVSBVXXITLYIIA-CKFYMFOVNA-N,-9.409
PPARD,c_THR72,mut_s1,detail,1,158,GAXPVNSBLNNWCZ-PSHYBUTQNA-N,-7.766
PPARD,c_THR72,mut_s1,detail,1,159,XDYREIZGNBPMPJ-IBGZPJMENA-N,-9.73
PPARD,c_THR72,mut_s1,detail,1,160,WITBRHUYBFKPOL-MPIMZMORNA-N,-8.718
PPARD,c_THR72,mut_s1,detail,1,161,IBIQKJHXTSLLBQ-PKRZOPRNNA-N,-10.161
PPARD,c_THR72,mut_s1,detail,1,162,VLUGXHSPLMSNET-LNNLXFCONA-N,-9.934
PPARD,c_THR72,mut_s1,detail,1,163,IEQABWYSQBHOMM-UHFFFAOYNA-N,-8.836
PPARD,c_THR72,mut_s1,detail,1,164,FWLMJHGQRXWNIS-UHFFFAOYNA-N,-9.037
PPARD,c_THR72,mut_s1,detail,1,165,RZJWOMPOSAPIJL-LQFNOIFHNA-N,-8.778
PPARD,c_THR72,mut_s1,detail,1,166,ZUMDOGBUKHTCOC-CWWQGPJMNA-N,-9.249
PPARD,c_THR72,mut_s1,detail,1,167,ANZGKDRXGOPIJA-QWOVJGMINA-N,-8.215
PPARD,c_THR72,mut_s1,detail,1,168,QUISVMJELRRHAG-UHFFFAOYNA-N,-9.143
PPARD,c_THR72,mut_s1,detail,1,169,XZFCGNQJCGTXNQ-ZVHZXABRNA-N,-8.329
PPARD,c_THR72,mut_s1,detail,1,170,UGPWOMSWEMIIJH-UHFFFAOYNA-N,-9.003
PPARD,c_THR72,mut_s1,detail,1,171,WGMQZHYPIKBUML-LQFNOIFHNA-N,-7.376
PPARD,c_THR72,mut_s1,detail,1,172,HPNLHDILXMKRJE-UHFFFAOYNA-N,-8.412
PPARD,c_THR72,mut_s1,detail,1,173,AQBHPXSDFXKHIG-LELJVTLKNA-N,-8.755
PPARD,c_THR72,mut_s1,detail,1,174,BHPSGEAUUZMDDL-QFIPXVFZNA-N,-10.471
PPARD,c_THR72,mut_s1,detail,1,175,RHMDXGNHLMFANS-XBXBPLPCNA-N,-8.983
PPARD,c_THR72,mut_s1,detail,1,176,HZXUSKDOXPOMIW-PKSOQXRJNA-N,-8.204
PPARD,c_THR72,mut_s1,detail,1,177,QBBIMTGZZXPUPY-UHFFFAOYNA-N,-8.215
PPARD,c_THR72,mut_s1,detail,1,178,FAALFCIDNMPXJU-LNNLXFCONA-N,-10.771
PPARD,c_THR72,mut_s1,detail,1,179,UEGWFDMCEAIRSE-DVIAZDKANA-N,-8.897
PPARD,c_THR72,mut_s1,detail,1,180,QATBWONTRXXCBE-UHFFFAOYNA-N,-8.594
PPARD,c_THR72,mut_s1,detail,1,181,IEWZULBPMDXTLX-LQFNOIFHNA-N,-11.316
PPARD,c_THR72,mut_s1,detail,1,182,DTUUXDIGBXNINJ-PKSOQXRJNA-N,-8.356
PPARD,c_THR72,mut_s1,detail,1,183,FFDDOWCKFPDEPQ-KIYDBJNPNA-N,-9.532
PPARD,c_THR72,mut_s1,detail,1,184,LFTDMBYAYYEBDL-XWYQMZBENA-N,-9.985
PPARD,c_THR72,mut_s1,detail,1,185,VZFTWWJAUZOJDH-YANQHBGHNA-N,-9.644
PPARD,c_THR72,mut_s1,detail,1,186,YNUOGMCLPCOTIC-UHFFFAOYNA-N,-9.256
PPARD,c_THR72,mut_s1,detail,1,187,WDXONUYXRRUOAF-LELJVTLKNA-N,-8.385
PPARD,c_THR72,mut_s1,detail,1,188,FWYUTSUWWZVOGD-UHFFFAOYNA-N,-8.521
PPARD,c_THR72,mut_s1,detail,1,189,VMDJSIGZJOXSGC-UHFFFAOYNA-N,-9.033
PPARD,c_THR72,mut_s1,detail,1,190,IIVPENRIUTZXCZ-DFVASWNCNA-N,-8.635
PPARD,c_THR72,mut_s1,detail,1,191,HHKIXRJLSXZGIO-LBOYIXSDNA-N,-9.479
PPARD,c_THR72,mut_s1,detail,1,192,VFCHPGXNLRROSP-UHFFFAOYNA-N,-9.222
PPARD,c_THR72,mut_s1,detail,1,193,LQNMNFIDHADHQU-LQFNOIFHNA-N,-9.488
PPARD,c_THR72,mut_s1,detail,1,194,DWCQXZSEATZNGJ-JXAWBTAJNA-N,-7.543
PPARD,c_THR72,mut_s1,detail,1,195,XCFKTIVHIIOEHO-XRJCTRHONA-N,-10.753
PPARD,c_THR72,mut_s1,detail,1,196,CTKVVCDWNBLQHQ-VJSLDGLSNA-N,-9.346
PPARD,c_THR72,mut_s1,detail,1,197,SJEBTTUNLKKAEO-QFIPXVFZNA-N,-9.977
PPARD,c_THR72,mut_s1,detail,1,198,VUVBMRFFLDJIKB-UHFFFAOYNA-N,-7.369
PPARD,c_THR72,mut_s1,detail,1,199,CRDOCDKYXPCHRG-GMLXSZADNA-N,-10.007
PPARD,c_THR72,mut_s1,detail,1,200,PTRAWPOMIAVCDX-NPZFWETONA-N,-10.54
PPARD,c_THR72,mut_s1,detail,1,201,YPCVJZIGKJSYKB-XWQTZBKQNA-N,-9.583
PPARD,c_THR72,mut_s1,detail,1,202,DDQUBMKKMCESIY-UHFFFAOYNA-N,-9.399
PPARD,c_THR72,mut_s1,detail,1,203,QRBHMNKXVMROIF-UHFFFAOYNA-N,-10.236
PPARD,c_THR72,mut_s1,detail,1,204,CSCOHEYTBLBQMG-SREBMQDQNA-N,-10.115
PPARD,c_THR72,mut_s1,detail,1,205,FPRLMEVUSKOQRF-UHFFFAOYNA-N,-8.9
PPARD,c_THR72,mut_s1,detail,1,206,VRUTXMQQNLYKSZ-SPEPDGBUNA-N,-10.014
PPARD,c_THR72,mut_s1,detail,1,207,IFVIZWYRFUIABK-LKHHGCNMNA-N,-9.889
PPARD,c_THR72,mut_s1,detail,1,208,BJSKDMOWRPAVMK-UHFFFAOYNA-N,-8.592
PPARD,c_THR72,mut_s1,detail,1,209,AJDIYNONBYMZIF-ILOOJWFPNA-N,-10.01
PPARD,c_THR72,mut_s1,detail,1,210,ABURDUMLEUCKOY-FYDYDPJYNA-N,-9.861
PPARD,c_THR72,mut_s1,detail,1,211,ZXCSBCTVTJFLOZ-JUEKIJOLNA-N,-9.886
PPARD,c_THR72,mut_s1,detail,1,212,SKVNACLQMJDJNT-JJFURXLTNA-N,-9.624
PPARD,c_THR72,mut_s1,detail,1,213,OWDCBGQHUHBGKH-ODBASERBNA-N,-9.359
PPARD,c_THR72,mut_s1,detail,1,214,RLXWTYPPMJNURK-LELJVTLKNA-N,-9.606
PPARD,c_THR72,mut_s1,detail,1,215,LFFVXCIQPOOMOV-UHFFFAOYNA-N,-12.51
PPARD,c_THR72,mut_s1,detail,1,216,ZFFOVIFFFSWOKF-PKRZOPRNNA-N,-11.838
PPARD,c_THR72,mut_s1,detail,1,217,VVWGMEIQTOBDML-RDPOJNOENA-N,-9.085
PPARD,c_THR72,mut_s1,detail,1,218,QAGLJDWYCCJEHH-IGBJZSFZNA-N,-8.729
PPARD,c_THR72,mut_s1,detail,1,219,NFMSQLAKBDDECA-HXXFNXQYNA-N,-8.789
PPARD,c_THR72,mut_s1,detail,1,220,RLKPYUHHHDBUKR-LKHHGCNMNA-N,-8.948
PPARD,c_THR72,mut_s1,detail,1,221,FVGJPHFQQMQGFQ-PQVCHVPHNA-N,-11.638
PPARD,c_THR72,mut_s1,detail,1,222,GGQXSFRJLUHOGQ-MDNXCRMFNA-N,-10.223
PPARD,c_THR72,mut_s1,detail,1,223,LLLNQQOQHKAYHT-CSKMVECVNA-N,-10.547
PPARD,c_THR72,mut_s1,detail,1,224,FTHKKKKNTGUTPA-NBVNDQADNA-N,-10.07
PPARD,c_THR72,mut_s1,detail,1,225,BKYZARFJJFORLR-UHFFFAOYNA-N,-8.975
PPARD,c_THR72,mut_s1,detail,1,226,XMHRXPMKDALTSG-YPBLIGHQNA-N,-8.627
PPARD,c_THR72,mut_s1,detail,1,227,OVSPJLFXFWHQFE-HXTKINSTNA-N,-9.707
PPARD,c_THR72,mut_s1,detail,1,228,SHBLCUUJYNQTSS-NRFANRHFNA-N,-9.542
PPARD,c_THR72,mut_s1,detail,1,229,OHXYGRXPONZZPF-UHFFFAOYNA-N,-9.512
PPARD,c_THR72,mut_s1,detail,1,230,XFOMWTKVHWXVRS-UHFFFAOYNA-N,-11.397
PPARD,c_THR72,mut_s1,detail,1,231,HMPVPIRJMYFQCT-WXDRZTAENA-N,-9.468
PPARD,c_THR72,mut_s1,detail,1,232,NRIQEFNHCJMSHL-UHFFFAOYNA-N,-11.332
PPARD,c_THR72,mut_s1,detail,1,233,WQIKRJDLIIEKAG-WWXRYIHZNA-N,-9.856
PPARD,c_THR72,mut_s1,detail,1,234,CQCKANIIWHCLDP-UHFFFAOYNA-N,-7.654
PPARD,c_THR72,mut_s1,detail,1,235,QETNVWCEGLMMRQ-CXUYMYAGNA-N,-7.96
PPARD,c_THR72,mut_s1,detail,1,236,MLYHNVDOBUQIID-NSJMMFDCNA-N,-11.02
PPARD,c_THR72,mut_s1,detail,1,237,VBFOTEWTMOETMO-PECIQRARNA-N,-7.642
PPARD,c_THR72,mut_s1,detail,1,238,NFSDYJKEOCQTKX-CYSPOYASNA-N,-8.978
PPARD,c_THR72,mut_s1,detail,1,239,GZQHTWYWDSMEAW-UHFFFAOYNA-N,-8.835
PPARD,c_THR72,mut_s1,detail,1,240,LZTXTKIYKWMRQJ-ZALBZXLWNA-N,-8.24
PPARD,c_THR72,mut_s1,detail,1,241,YPDLHOCWYZLMQS-GFBXQOHCNA-N,-9.121
PPARD,c_THR72,mut_s1,detail,1,242,FJUITIGQDNFRQI-UHFFFAOYNA-N,-7.781
PPARD,c_THR72,mut_s1,detail,1,243,OHAIFIOFCXDBHP-NKTHEXPSNA-N,-9.253
PPARD,c_THR72,mut_s1,detail,1,244,LSAXQHPWOGTFSG-UHFFFAOYNA-N,-7.722
PPARD,c_THR72,mut_s1,detail,1,245,OENZVDXWLVYZJT-DHDJHLBQNA-N,-10.221
PPARD,c_THR72,mut_s1,detail,1,246,UEOXIUXQBRDLJU-LBOYIXSDNA-N,-9.768
PPARD,c_THR72,mut_s1,detail,1,247,YFYGWSCMDCTAKZ-MPIMZMORNA-N,-8.416
PPARD,c_THR72,mut_s1,detail,1,248,AQHYVBHJINDJIW-UHFFFAOYNA-N,-7.89
PPARD,c_THR72,mut_s1,detail,1,249,DBOAHQYVPCTALU-QBAQSEIJNA-N,-8.529
PPARD,c_THR72,mut_s1,detail,1,250,NRMRHCTVBLZOIE-PJQSKVNONA-N,-8.984
PPARD,c_THR72,mut_s1,detail,1,251,CGHADMRBCNGDHX-UOUKHUKPNA-N,-11.101
PPARD,c_THR72,mut_s1,detail,1,252,DDZBRJBYGLTADL-TZFBGDORNA-N,-9.04
PPARD,c_THR72,mut_s1,detail,1,253,LOIPDGFJRKDXSJ-UHFFFAOYNA-N,-8.752
PPARD,c_THR72,mut_s1,detail,1,254,VBQAIJHAPZFIRO-MOQCICHVNA-N,-9.162
PPARD,c_THR72,mut_s1,detail,1,255,YPVDZKHCFQJIDP-UHFFFAOYNA-N,-10.949
PPARD,c_ARG67,mut_s1,detail,1,0,IFHZOGDEYHFNQO-PKSOQXRJNA-N,-9.167
PPARD,c_ARG67,mut_s1,detail,1,1,PZDDADWKMMNNHC-UHFFFAOYNA-N,-7.193
PPARD,c_ARG67,mut_s1,detail,1,2,BUEYTYZOCKWHHR-UHFFFAOYNA-N,-7.189
PPARD,c_ARG67,mut_s1,detail,1,3,URXMTXGGQRBQQC-LNZJGEAENA-N,-6.53
PPARD,c_ARG67,mut_s1,detail,1,4,NNVZANSRDHCDLK-UHFFFAOYNA-N,-8.454
PPARD,c_ARG67,mut_s1,detail,1,5,YCVTUSIXNJAXKA-UHFFFAOYNA-N,-8.518
PPARD,c_ARG67,mut_s1,detail,1,6,YLQOELRYUQBERL-YHMJCDSINA-N,-6.673
PPARD,c_ARG67,mut_s1,detail,1,7,XIOYZAUVDJKWCL-UHFFFAOYNA-N,-8.788
PPARD,c_ARG67,mut_s1,detail,1,8,NYBRKCCEVRSDNF-UHFFFAOYNA-N,-9.048
PPARD,c_ARG67,mut_s1,detail,1,9,HOWDUDRRYYVTNY-NDKGDYFDNA-N,-7.452
PPARD,c_ARG67,mut_s1,detail,1,10,RVRIAONMWINUPS-GPQMBLKYNA-N,-6.982
PPARD,c_ARG67,mut_s1,detail,1,11,UVVPLBQLDVTPSL-RVQYIEHVNA-N,-6.145
PPARD,c_ARG67,mut_s1,detail,1,12,AXXXFCGETBIMKI-UHFFFAOYNA-N,-7.632
PPARD,c_ARG67,mut_s1,detail,1,13,RBMUBAYHBUBLMR-NKWLYDBFNA-N,-8.523
PPARD,c_ARG67,mut_s1,detail,1,14,BTIHIHBWVGQIIQ-UHFFFAOYNA-N,-6.714
PPARD,c_ARG67,mut_s1,detail,1,15,ACAOHWOPNZHWAF-WNVDMVQFNA-N,-8.131
PPARD,c_ARG67,mut_s1,detail,1,16,VEFTYKZXVJQBER-ZHLVXTBQNA-N,-6.208
PPARD,c_ARG67,mut_s1,detail,1,17,QBQDUEWXIOEVKT-UYBDAZJANA-N,-9.264
PPARD,c_ARG67,mut_s1,detail,1,18,KRGQOKCRZMRVRH-UHFFFAOYNA-N,-6.182
PPARD,c_ARG67,mut_s1,detail,1,19,YXGMBGNPGWDLBJ-WYUMXYHSNA-N,-7.673
PPARD,c_ARG67,mut_s1,detail,1,20,LHQICPSUYGARIS-UHFFFAOYNA-N,-8.5
PPARD,c_ARG67,mut_s1,detail,1,21,ZXVNJVRABSCRGU-GPQMBLKYNA-N,-8.292
PPARD,c_ARG67,mut_s1,detail,1,22,TYXGDELQOONTQQ-DQDSCPLDNA-N,-8.095
PPARD,c_ARG67,mut_s1,detail,1,23,FMDKDGDDTIJRQT-WRCMMWDQNA-N,-7.547
PPARD,c_ARG67,mut_s1,detail,1,24,DXLLFVXDQQMGGM-LILDFLRNNA-N,-8.144
PPARD,c_ARG67,mut_s1,detail,1,25,RCFHJSCTPLCRAN-UHFFFAOYNA-N,-8.239
PPARD,c_ARG67,mut_s1,detail,1,26,LOIKOLAEHONJTE-KARVIEMNNA-N,-8.43
PPARD,c_ARG67,mut_s1,detail,1,27,ZBEDJPDEINGEHM-UHFFFAOYNA-N,-6.138
PPARD,c_ARG67,mut_s1,detail,1,28,PKHXJWYQMRFPTR-LILDFLRNNA-N,-7.686
PPARD,c_ARG67,mut_s1,detail,1,29,DGFWWFXFIZOMRX-WXRBYKJCNA-N,-6.715
PPARD,c_ARG67,mut_s1,detail,1,30,NDEDMCKHRVZXGD-VEWCPZSHNA-N,-7.843
PPARD,c_ARG67,mut_s1,detail,1,31,UPOCYXRXSNRNNU-UHFFFAOYNA-N,-8.067
PPARD,c_ARG67,mut_s1,detail,1,32,UGLPVHLKYTWQRV-UHFFFAOYNA-N,-7.794
PPARD,c_ARG67,mut_s1,detail,1,33,VEBIFNQLJFTSLJ-GPQMBLKYNA-N,-8.202
PPARD,c_ARG67,mut_s1,detail,1,34,FZGYMZTVBMODJR-GUYCJALGNA-N,-7.8
PPARD,c_ARG67,mut_s1,detail,1,35,XVAMDQGNCAYOLZ-CMNYYERHNA-N,-7.738
PPARD,c_ARG67,mut_s1,detail,1,36,MRHCSNNEUHXNIC-DLGLGFIGNA-N,-8.169
PPARD,c_ARG67,mut_s1,detail,1,37,QXSUNGXUTAFLCR-HCKMINDGNA-N,-7.986
PPARD,c_ARG67,mut_s1,detail,1,38,BTUZBQRUTGYGSI-SAAHQOFTNA-N,-7.54
PPARD,c_ARG67,mut_s1,detail,1,39,TTYMNRMJLOVQEL-UHFFFAOYNA-N,-7.537
PPARD,c_ARG67,mut_s1,detail,1,40,IVQOCTZDCXKGHW-UHFFFAOYNA-N,-7.827
PPARD,c_ARG67,mut_s1,detail,1,41,SRWKAZSWOPMZLA-WYUMXYHSNA-N,-7.916
PPARD,c_ARG67,mut_s1,detail,1,42,QPEDEGUPTWDSJM-UHFFFAOYNA-N,-8.291
PPARD,c_ARG67,mut_s1,detail,1,43,ISYYCVGFJSIOIJ-UHFFFAOYNA-N,-7.073
PPARD,c_ARG67,mut_s1,detail,1,44,MTUZLFBKKNTLNL-YHMJCDSINA-N,-7.226
PPARD,c_ARG67,mut_s1,detail,1,45,JOFJZXKVGWGQRQ-UHFFFAOYNA-N,-6.061
PPARD,c_ARG67,mut_s1,detail,1,46,KOHAFBWLWQFBFU-UHFFFAOYNA-N,-8.557
PPARD,c_ARG67,mut_s1,detail,1,47,YHDLLKNPVWVCGF-UHFFFAOYNA-N,-8.268
PPARD,c_ARG67,mut_s1,detail,1,48,KIRJGAMLMFQPIX-LILDFLRNNA-N,-9.809
PPARD,c_ARG67,mut_s1,detail,1,49,MIUGSXDNQICPKY-AHPDCHJINA-N,-7.04
PPARD,c_ARG67,mut_s1,detail,1,50,NCQYFKGTEDNHPE-GPQMBLKYNA-N,-9.534
PPARD,c_ARG67,mut_s1,detail,1,51,OILQEGDAOXVJJG-UHFFFAOYNA-N,-8.167
PPARD,c_ARG67,mut_s1,detail,1,52,KMZMSABQJYKKBU-UHFFFAOYNA-N,-7.327
PPARD,c_ARG67,mut_s1,detail,1,53,ODNAHSRJQUKZJC-UHFFFAOYNA-N,-7.912
PPARD,c_ARG67,mut_s1,detail,1,54,WBXGNUJDIOVVDS-GPQMBLKYNA-N,-9.165
PPARD,c_ARG67,mut_s1,detail,1,55,KGFVHZKXNIFXQC-XQMQJMAZNA-N,-7.5
PPARD,c_ARG67,mut_s1,detail,1,56,ZGDACLBJJXLKJY-UHFFFAOYNA-N,-7.897
PPARD,c_ARG67,mut_s1,detail,1,57,ODQASWLALUMZKF-UHFFFAOYNA-N,-8.554
PPARD,c_ARG67,mut_s1,detail,1,58,HEAFXLZWNUOLNQ-UHFFFAOYNA-N,-8.213
PPARD,c_ARG67,mut_s1,detail,1,59,GDJPLZYPNHEBBO-GAJRPKRDNA-N,-7.298
PPARD,c_ARG67,mut_s1,detail,1,60,KZNIFHPLKGYRTM-UHFFFAOYNA-N,-7.731
PPARD,c_ARG67,mut_s1,detail,1,61,XCNLTPWPUBZVTB-WUKNDPDINA-N,-7.183
PPARD,c_ARG67,mut_s1,detail,1,62,UJJQDGSLGZZHPE-VEWCPZSHNA-N,-7.757
PPARD,c_ARG67,mut_s1,detail,1,63,KUDKBYQDLXZYQT-YAQRNVERNA-N,-7.845
PPARD,c_ARG67,mut_s1,detail,1,64,XZDKQJKAVDHUJN-UHFFFAOYNA-N,-9.198
PPARD,c_ARG67,mut_s1,detail,1,65,PIHCOUNEIQIOLH-UYBDAZJANA-N,-8.317
PPARD,c_ARG67,mut_s1,detail,1,66,FTVJNPIOPFNKML-GPQMBLKYNA-N,-7.858
PPARD,c_ARG67,mut_s1,detail,1,67,HHYDNYVAHAHWJL-UHFFFAOYNA-N,-6.906
PPARD,c_ARG67,mut_s1,detail,1,68,MXABEVYDQHVOES-NSHDSACANA-N,-8.148
PPARD,c_ARG67,mut_s1,detail,1,69,ONNIOMOHOZUMKS-YGZLFCMANA-N,-8.177
PPARD,c_ARG67,mut_s1,detail,1,70,DQLGXAYUAURASJ-XXTDWMNGNA-N,-10.215
PPARD,c_ARG67,mut_s1,detail,1,71,QGKGHRAWZIKZRJ-WYUMXYHSNA-N,-8.23
PPARD,c_ARG67,mut_s1,detail,1,72,JWCQSDFAPBNHSM-UHFFFAOYNA-N,-7.586
PPARD,c_ARG67,mut_s1,detail,1,73,RNSJXWMAYUTWOI-UHFFFAOYNA-N,-8.215
PPARD,c_ARG67,mut_s1,detail,1,74,AKOOSRNDNZPJNL-PKSOQXRJNA-N,-8.539
PPARD,c_ARG67,mut_s1,detail,1,75,BFENEDRNBGYKMO-OTJKMEOQNA-N,-7.704
PPARD,c_ARG67,mut_s1,detail,1,76,RULIAUGJMVIUMH-QWOVJGMINA-N,-8.148
PPARD,c_ARG67,mut_s1,detail,1,77,VHAIHOXTBBWMRC-LILDFLRNNA-N,-7.305
PPARD,c_ARG67,mut_s1,detail,1,78,MMWVUKRVNHSCOU-XWVGVUDUNA-N,-8.171
PPARD,c_ARG67,mut_s1,detail,1,79,VEUYFZWVWBJLBT-LILDFLRNNA-N,-7.052
PPARD,c_ARG67,mut_s1,detail,1,80,UEVUVZKOTQNFQQ-UHFFFAOYNA-N,-8.48
PPARD,c_ARG67,mut_s1,detail,1,81,AVUDBVVAYWAMLJ-UHFFFAOYNA-N,-8.711
PPARD,c_ARG67,mut_s1,detail,1,82,BQVDJEOYDDRFHV-UHFFFAOYNA-N,-6.406
PPARD,c_ARG67,mut_s1,detail,1,83,RJDWHDCXBZVKHF-UHFFFAOYNA-N,-9.609
PPARD,c_ARG67,mut_s1,detail,1,84,UUIYULWYHDSXHL-YREUQKFVNA-N,-7.247
PPARD,c_ARG67,mut_s1,detail,1,85,KSVYPWJPODFWFB-MHWRWJLKNA-N,-9.524
PPARD,c_ARG67,mut_s1,detail,1,86,YTOTVFWYSYGJKJ-MPIMZMORNA-N,-8.281
PPARD,c_ARG67,mut_s1,detail,1,87,LDEBHGWOYJCQTG-SFHVURJKNA-N,-7.451
PPARD,c_ARG67,mut_s1,detail,1,88,NXBTXYMTUUWSCC-XBTAAFKLNA-N,-8.857
PPARD,c_ARG67,mut_s1,detail,1,89,HRLJAEIRFSEJAW-UHFFFAOYNA-N,-8.294
PPARD,c_ARG67,mut_s1,detail,1,90,HROYNIXUIVDQJH-UHFFFAOYNA-N,-8.178
PPARD,c_ARG67,mut_s1,detail,1,91,BYXXTGCOSOYREY-QWOVJGMINA-N,-8.662
PPARD,c_ARG67,mut_s1,detail,1,92,AWXVIXMNAQQCCZ-OEMYIYORNA-N,-7.956
PPARD,c_ARG67,mut_s1,detail,1,93,PVTHJAPFENJVNC-ANRNRNKZNA-N,-6.818
PPARD,c_ARG67,mut_s1,detail,1,94,IMPAUHAIMHCPEJ-PKSOQXRJNA-N,-9.639
PPARD,c_ARG67,mut_s1,detail,1,95,SLOJERRRBYNXAR-NPQUBYNZNA-N,-8.256
PPARD,c_ARG67,mut_s1,detail,1,96,YWBJCOHEBDEQDR-PKSOQXRJNA-N,-8.456
PPARD,c_ARG67,mut_s1,detail,1,97,WWRBDTKNUXAXRR-XAVYIPQLNA-O,-8.27
PPARD,c_ARG67,mut_s1,detail,1,98,HBERTCHGBHHVDT-LILDFLRNNA-N,-10.636
PPARD,c_ARG67,mut_s1,detail,1,99,BXKUVDXLHUBVPA-ZWQIFLOQNA-N,-5.592
PPARD,c_ARG67,mut_s1,detail,1,100,WBWFIUAVMCNYPG-FPLPWBNLNA-N,-7.646
PPARD,c_ARG67,mut_s1,detail,1,101,VRWIFQNGGPFLST-UYBDAZJANA-N,-8.37
PPARD,c_ARG67,mut_s1,detail,1,102,JTAPVIPBGIDRDE-UHFFFAOYNA-N,-10.053
PPARD,c_ARG67,mut_s1,detail,1,103,HBTCLXRQQIHFQB-GDEMPAQCNA-N,-8.091
PPARD,c_ARG67,mut_s1,detail,1,104,DXJSFQXIPUHFQK-QWOVJGMINA-N,-7.17
PPARD,c_ARG67,mut_s1,detail,1,105,RBEMVAFKFYHQIB-UYBDAZJANA-N,-9.201
PPARD,c_ARG67,mut_s1,detail,1,106,QEKAHUYYWSNHDY-DZQCGVKKNA-N,-8.507
PPARD,c_ARG67,mut_s1,detail,1,107,RCSUTAOLFYVOEE-UHFFFAOYNA-N,-8.328
PPARD,c_ARG67,mut_s1,detail,1,108,MYBUANZGRGNVPO-YSPVQWMYNA-N,-8.551
PPARD,c_ARG67,mut_s1,detail,1,109,UIQCZMYFTSFLPQ-LQFNOIFHNA-N,-10.694
PPARD,c_ARG67,mut_s1,detail,1,110,QRMYORHEAHTJBC-GPQMBLKYNA-N,-8.422
PPARD,c_ARG67,mut_s1,detail,1,111,CPYTXWFFFQKUDP-QFAGIUQONA-N,-8.315
PPARD,c_ARG67,mut_s1,detail,1,112,DCIAJQYVIKONRS-QWOVJGMINA-N,-9.577
PPARD,c_ARG67,mut_s1,detail,1,113,ZMMGBIJMLCNSOV-PKSOQXRJNA-N,-7.395
PPARD,c_ARG67,mut_s1,detail,1,114,MRFDGPBJIFXZIT-NPQUBYNZNA-N,-9.561
PPARD,c_ARG67,mut_s1,detail,1,115,KANCHOKOTXNDQH-NVQSQQPGNA-N,-6.878
PPARD,c_ARG67,mut_s1,detail,1,116,SOAWEEUOPZCBSN-UHFFFAOYNA-N,-9.922
PPARD,c_ARG67,mut_s1,detail,1,117,BHXYDHWPQIADCG-HZFZDWCWNA-N,-7.371
PPARD,c_ARG67,mut_s1,detail,1,118,LVIWVNDQNUSMMV-LILDFLRNNA-N,-7.948
PPARD,c_ARG67,mut_s1,detail,1,119,UBAMGTKSOKGECF-UHFFFAOYNA-N,-7.358
PPARD,c_ARG67,mut_s1,detail,1,120,YSVHPRBZNNADQG-UHFFFAOYNA-N,-8.495
PPARD,c_ARG67,mut_s1,detail,1,121,IXZAZBWJQHWVHS-QVUQFMIFNA-N,-8.833
PPARD,c_ARG67,mut_s1,detail,1,122,NILCXRPLMSLFEG-HQHQJUQONA-N,-7.41
PPARD,c_ARG67,mut_s1,detail,1,123,HRNRRPMOOJUJLK-QWOVJGMINA-N,-9.11
PPARD,c_ARG67,mut_s1,detail,1,124,OLSXSUXZOLBVQZ-QVUQFMIFNA-N,-8.816
PPARD,c_ARG67,mut_s1,detail,1,125,XZMGFGHEVBEPKS-UHFFFAOYNA-N,-9.927
PPARD,c_ARG67,mut_s1,detail,1,126,MNLBKBCAEFZATB-UHFFFAOYNA-N,-7.296
PPARD,c_ARG67,mut_s1,detail,1,127,NNTZETQYCAZKJF-UYBDAZJANA-N,-9.595
PPARD,c_ARG67,mut_s1,detail,1,128,AKEDBCQYOCYZDX-PLBWUZGSNA-N,-8.155
PPARD,c_ARG67,mut_s1,detail,1,129,HCXOEHYNUWUKAG-UHFFFAOYNA-N,-8.423
PPARD,c_ARG67,mut_s1,detail,1,130,CWKHWSAMAAAUEN-UYBDAZJANA-N,-8.12
PPARD,c_ARG67,mut_s1,detail,1,131,VMZWELQEDXUUJX-HXTKINSTNA-N,-7.633
PPARD,c_ARG67,mut_s1,detail,1,132,PCMOPVSFMUOUFR-OAQYLSRUNA-N,-8.295
PPARD,c_ARG67,mut_s1,detail,1,133,POFKEPXNJQGIOB-DIRLUKLVNA-N,-8.978
PPARD,c_ARG67,mut_s1,detail,1,134,GQNKLNZBZDEAMD-VQHCSMNLNA-N,-9.821
PPARD,c_ARG67,mut_s1,detail,1,135,COFQAKCKCHDGNW-ZXWGSDNONA-N,-8.683
PPARD,c_ARG67,mut_s1,detail,1,136,XURFWWBVADUSQL-LNNLXFCONA-N,-9.637
PPARD,c_ARG67,mut_s1,detail,1,137,LBDHNFPYMBLBSB-CLCOLTQENA-N,-7.617
PPARD,c_ARG67,mut_s1,detail,1,138,QKIJTUQIQQZCIX-UYBDAZJANA-N,-8.625
PPARD,c_ARG67,mut_s1,detail,1,139,UXLJJGBAQOYQMV-UHFFFAOYNA-N,-8.244
PPARD,c_ARG67,mut_s1,detail,1,140,WQAWGOAEJJIYFP-DEOSSOPVNA-N,-8.595
PPARD,c_ARG67,mut_s1,detail,1,141,MBNPYPWQYGHCTB-UHFFFAOYNA-N,-8.883
PPARD,c_ARG67,mut_s1,detail,1,142,XAYHBRQVRJQCAH-PKSOQXRJNA-N,-7.838
PPARD,c_ARG67,mut_s1,detail,1,143,GNTOXDIONQLPFR-CXUHLZMHNA-N,-8.592
PPARD,c_ARG67,mut_s1,detail,1,144,RIVKJCNOYQAWOL-VCZDBIKCNA-N,-9.432
PPARD,c_ARG67,mut_s1,detail,1,145,LRRFROMGHKZMSA-PKRZOPRNNA-N,-10.7
PPARD,c_ARG67,mut_s1,detail,1,146,HWUKVYPOCLJTSN-RJJUGOMSNA-N,-9.378
PPARD,c_ARG67,mut_s1,detail,1,147,JAQNENPDJAEDSC-UHFFFAOYNA-N,-8.564
PPARD,c_ARG67,mut_s1,detail,1,148,ZYQCCRUKVDVTJE-ZUOKHONENA-N,-7.471
PPARD,c_ARG67,mut_s1,detail,1,149,UUWCZQYGBSUBRG-SPEPDGBUNA-N,-10.803
PPARD,c_ARG67,mut_s1,detail,1,150,KNGPIEIQVMOPHJ-PKSOQXRJNA-N,-7.944
PPARD,c_ARG67,mut_s1,detail,1,151,CTDCFVMSXQQWDC-HXTKINSTNA-N,-8.792
PPARD,c_ARG67,mut_s1,detail,1,152,AELMMQNCWIYZED-UHFFFAOYNA-N,-8.862
PPARD,c_ARG67,mut_s1,detail,1,153,BTBRAURMAUKXDM-UHFFFAOYNA-N,-8.174
PPARD,c_ARG67,mut_s1,detail,1,154,DWAPJEYUYKZUPW-UYBDAZJANA-N,-9.856
PPARD,c_ARG67,mut_s1,detail,1,155,MTWNFHPRKAIWJY-LQFNOIFHNA-N,-9.257
PPARD,c_ARG67,mut_s1,detail,1,156,XMOFGSWSGOXFPP-MPIMZMORNA-N,-8.952
PPARD,c_ARG67,mut_s1,detail,1,157,VVSBVXXITLYIIA-CKFYMFOVNA-N,-9.441
PPARD,c_ARG67,mut_s1,detail,1,158,GAXPVNSBLNNWCZ-PSHYBUTQNA-N,-7.259
PPARD,c_ARG67,mut_s1,detail,1,159,XDYREIZGNBPMPJ-IBGZPJMENA-N,-9.435
PPARD,c_ARG67,mut_s1,detail,1,160,WITBRHUYBFKPOL-MPIMZMORNA-N,-8.881
PPARD,c_ARG67,mut_s1,detail,1,161,IBIQKJHXTSLLBQ-PKRZOPRNNA-N,-8.749
PPARD,c_ARG67,mut_s1,detail,1,162,VLUGXHSPLMSNET-LNNLXFCONA-N,-9.58
PPARD,c_ARG67,mut_s1,detail,1,163,IEQABWYSQBHOMM-UHFFFAOYNA-N,-8.523
PPARD,c_ARG67,mut_s1,detail,1,164,FWLMJHGQRXWNIS-UHFFFAOYNA-N,-8.872
PPARD,c_ARG67,mut_s1,detail,1,165,RZJWOMPOSAPIJL-LQFNOIFHNA-N,-8.599
PPARD,c_ARG67,mut_s1,detail,1,166,ZUMDOGBUKHTCOC-CWWQGPJMNA-N,-8.816
PPARD,c_ARG67,mut_s1,detail,1,167,ANZGKDRXGOPIJA-QWOVJGMINA-N,-7.953
PPARD,c_ARG67,mut_s1,detail,1,168,QUISVMJELRRHAG-UHFFFAOYNA-N,-8.961
PPARD,c_ARG67,mut_s1,detail,1,169,XZFCGNQJCGTXNQ-ZVHZXABRNA-N,-8.485
PPARD,c_ARG67,mut_s1,detail,1,170,UGPWOMSWEMIIJH-UHFFFAOYNA-N,-8.904
PPARD,c_ARG67,mut_s1,detail,1,171,WGMQZHYPIKBUML-LQFNOIFHNA-N,-7.184
PPARD,c_ARG67,mut_s1,detail,1,172,HPNLHDILXMKRJE-UHFFFAOYNA-N,-8.978
PPARD,c_ARG67,mut_s1,detail,1,173,AQBHPXSDFXKHIG-LELJVTLKNA-N,-8.435
PPARD,c_ARG67,mut_s1,detail,1,174,BHPSGEAUUZMDDL-QFIPXVFZNA-N,-10.226
PPARD,c_ARG67,mut_s1,detail,1,175,RHMDXGNHLMFANS-XBXBPLPCNA-N,-8.763
PPARD,c_ARG67,mut_s1,detail,1,176,HZXUSKDOXPOMIW-PKSOQXRJNA-N,-8.343
PPARD,c_ARG67,mut_s1,detail,1,177,QBBIMTGZZXPUPY-UHFFFAOYNA-N,-7.927
PPARD,c_ARG67,mut_s1,detail,1,178,FAALFCIDNMPXJU-LNNLXFCONA-N,-10.576
PPARD,c_ARG67,mut_s1,detail,1,179,UEGWFDMCEAIRSE-DVIAZDKANA-N,-9.515
PPARD,c_ARG67,mut_s1,detail,1,180,QATBWONTRXXCBE-UHFFFAOYNA-N,-8.338
PPARD,c_ARG67,mut_s1,detail,1,181,IEWZULBPMDXTLX-LQFNOIFHNA-N,-11.538
PPARD,c_ARG67,mut_s1,detail,1,182,DTUUXDIGBXNINJ-PKSOQXRJNA-N,-8.256
PPARD,c_ARG67,mut_s1,detail,1,183,FFDDOWCKFPDEPQ-KIYDBJNPNA-N,-9.729
PPARD,c_ARG67,mut_s1,detail,1,184,LFTDMBYAYYEBDL-XWYQMZBENA-N,-10.265
PPARD,c_ARG67,mut_s1,detail,1,185,VZFTWWJAUZOJDH-YANQHBGHNA-N,-9.92
PPARD,c_ARG67,mut_s1,detail,1,186,YNUOGMCLPCOTIC-UHFFFAOYNA-N,-9.514
PPARD,c_ARG67,mut_s1,detail,1,187,WDXONUYXRRUOAF-LELJVTLKNA-N,-8.214
PPARD,c_ARG67,mut_s1,detail,1,188,FWYUTSUWWZVOGD-UHFFFAOYNA-N,-8.235
PPARD,c_ARG67,mut_s1,detail,1,189,VMDJSIGZJOXSGC-UHFFFAOYNA-N,-8.878
PPARD,c_ARG67,mut_s1,detail,1,190,IIVPENRIUTZXCZ-DFVASWNCNA-N,-8.167
PPARD,c_ARG67,mut_s1,detail,1,191,HHKIXRJLSXZGIO-LBOYIXSDNA-N,-9.827
PPARD,c_ARG67,mut_s1,detail,1,192,VFCHPGXNLRROSP-UHFFFAOYNA-N,-9.402
PPARD,c_ARG67,mut_s1,detail,1,193,LQNMNFIDHADHQU-LQFNOIFHNA-N,-9.505
PPARD,c_ARG67,mut_s1,detail,1,194,DWCQXZSEATZNGJ-JXAWBTAJNA-N,-7.517
PPARD,c_ARG67,mut_s1,detail,1,195,XCFKTIVHIIOEHO-XRJCTRHONA-N,-11.081
PPARD,c_ARG67,mut_s1,detail,1,196,CTKVVCDWNBLQHQ-VJSLDGLSNA-N,-8.188
PPARD,c_ARG67,mut_s1,detail,1,197,SJEBTTUNLKKAEO-QFIPXVFZNA-N,-9.874
PPARD,c_ARG67,mut_s1,detail,1,198,VUVBMRFFLDJIKB-UHFFFAOYNA-N,-8.839
PPARD,c_ARG67,mut_s1,detail,1,199,CRDOCDKYXPCHRG-GMLXSZADNA-N,-10.35
PPARD,c_ARG67,mut_s1,detail,1,200,PTRAWPOMIAVCDX-NPZFWETONA-N,-10.109
PPARD,c_ARG67,mut_s1,detail,1,201,YPCVJZIGKJSYKB-XWQTZBKQNA-N,-10.409
PPARD,c_ARG67,mut_s1,detail,1,202,DDQUBMKKMCESIY-UHFFFAOYNA-N,-9.019
PPARD,c_ARG67,mut_s1,detail,1,203,QRBHMNKXVMROIF-UHFFFAOYNA-N,-9.576
PPARD,c_ARG67,mut_s1,detail,1,204,CSCOHEYTBLBQMG-SREBMQDQNA-N,-9.935
PPARD,c_ARG67,mut_s1,detail,1,205,FPRLMEVUSKOQRF-UHFFFAOYNA-N,-8.786
PPARD,c_ARG67,mut_s1,detail,1,206,VRUTXMQQNLYKSZ-SPEPDGBUNA-N,-9.408
PPARD,c_ARG67,mut_s1,detail,1,207,IFVIZWYRFUIABK-LKHHGCNMNA-N,-9.79
PPARD,c_ARG67,mut_s1,detail,1,208,BJSKDMOWRPAVMK-UHFFFAOYNA-N,-8.037
PPARD,c_ARG67,mut_s1,detail,1,209,AJDIYNONBYMZIF-ILOOJWFPNA-N,-10.374
PPARD,c_ARG67,mut_s1,detail,1,210,ABURDUMLEUCKOY-FYDYDPJYNA-N,-9.815
PPARD,c_ARG67,mut_s1,detail,1,211,ZXCSBCTVTJFLOZ-JUEKIJOLNA-N,-9.862
PPARD,c_ARG67,mut_s1,detail,1,212,SKVNACLQMJDJNT-JJFURXLTNA-N,-9.174
PPARD,c_ARG67,mut_s1,detail,1,213,OWDCBGQHUHBGKH-ODBASERBNA-N,-9.766
PPARD,c_ARG67,mut_s1,detail,1,214,RLXWTYPPMJNURK-LELJVTLKNA-N,-8.871
PPARD,c_ARG67,mut_s1,detail,1,215,LFFVXCIQPOOMOV-UHFFFAOYNA-N,-11.921
PPARD,c_ARG67,mut_s1,detail,1,216,ZFFOVIFFFSWOKF-PKRZOPRNNA-N,-11.71
PPARD,c_ARG67,mut_s1,detail,1,217,VVWGMEIQTOBDML-RDPOJNOENA-N,-9.021
PPARD,c_ARG67,mut_s1,detail,1,218,QAGLJDWYCCJEHH-IGBJZSFZNA-N,-9.663
PPARD,c_ARG67,mut_s1,detail,1,219,NFMSQLAKBDDECA-HXXFNXQYNA-N,-9.464
PPARD,c_ARG67,mut_s1,detail,1,220,RLKPYUHHHDBUKR-LKHHGCNMNA-N,-8.256
PPARD,c_ARG67,mut_s1,detail,1,221,FVGJPHFQQMQGFQ-PQVCHVPHNA-N,-11.311
PPARD,c_ARG67,mut_s1,detail,1,222,GGQXSFRJLUHOGQ-MDNXCRMFNA-N,-10.228
PPARD,c_ARG67,mut_s1,detail,1,223,LLLNQQOQHKAYHT-CSKMVECVNA-N,-10.407
PPARD,c_ARG67,mut_s1,detail,1,224,FTHKKKKNTGUTPA-NBVNDQADNA-N,-9.859
PPARD,c_ARG67,mut_s1,detail,1,225,BKYZARFJJFORLR-UHFFFAOYNA-N,-9.026
PPARD,c_ARG67,mut_s1,detail,1,226,XMHRXPMKDALTSG-YPBLIGHQNA-N,-9.733
PPARD,c_ARG67,mut_s1,detail,1,227,OVSPJLFXFWHQFE-HXTKINSTNA-N,-9.625
PPARD,c_ARG67,mut_s1,detail,1,228,SHBLCUUJYNQTSS-NRFANRHFNA-N,-9.726
PPARD,c_ARG67,mut_s1,detail,1,229,OHXYGRXPONZZPF-UHFFFAOYNA-N,-9.942
PPARD,c_ARG67,mut_s1,detail,1,230,XFOMWTKVHWXVRS-UHFFFAOYNA-N,-10.968
PPARD,c_ARG67,mut_s1,detail,1,231,HMPVPIRJMYFQCT-WXDRZTAENA-N,-9.42
PPARD,c_ARG67,mut_s1,detail,1,232,NRIQEFNHCJMSHL-UHFFFAOYNA-N,-10.877
PPARD,c_ARG67,mut_s1,detail,1,233,WQIKRJDLIIEKAG-WWXRYIHZNA-N,-10.695
PPARD,c_ARG67,mut_s1,detail,1,234,CQCKANIIWHCLDP-UHFFFAOYNA-N,-7.874
PPARD,c_ARG67,mut_s1,detail,1,235,QETNVWCEGLMMRQ-CXUYMYAGNA-N,-7.577
PPARD,c_ARG67,mut_s1,detail,1,236,MLYHNVDOBUQIID-NSJMMFDCNA-N,-11.102
PPARD,c_ARG67,mut_s1,detail,1,237,VBFOTEWTMOETMO-PECIQRARNA-N,-8.276
PPARD,c_ARG67,mut_s1,detail,1,238,NFSDYJKEOCQTKX-CYSPOYASNA-N,-8.75
PPARD,c_ARG67,mut_s1,detail,1,239,GZQHTWYWDSMEAW-UHFFFAOYNA-N,-9.37
PPARD,c_ARG67,mut_s1,detail,1,240,LZTXTKIYKWMRQJ-ZALBZXLWNA-N,-8.079
PPARD,c_ARG67,mut_s1,detail,1,241,YPDLHOCWYZLMQS-GFBXQOHCNA-N,-9.623
PPARD,c_ARG67,mut_s1,detail,1,242,FJUITIGQDNFRQI-UHFFFAOYNA-N,-8.223
PPARD,c_ARG67,mut_s1,detail,1,243,OHAIFIOFCXDBHP-NKTHEXPSNA-N,-8.109
PPARD,c_ARG67,mut_s1,detail,1,244,LSAXQHPWOGTFSG-UHFFFAOYNA-N,-9.625
PPARD,c_ARG67,mut_s1,detail,1,245,OENZVDXWLVYZJT-DHDJHLBQNA-N,-10.16
PPARD,c_ARG67,mut_s1,detail,1,246,UEOXIUXQBRDLJU-LBOYIXSDNA-N,-9.415
PPARD,c_ARG67,mut_s1,detail,1,247,YFYGWSCMDCTAKZ-MPIMZMORNA-N,-8.132
PPARD,c_ARG67,mut_s1,detail,1,248,AQHYVBHJINDJIW-UHFFFAOYNA-N,-7.78
PPARD,c_ARG67,mut_s1,detail,1,249,DBOAHQYVPCTALU-QBAQSEIJNA-N,-8.596
PPARD,c_ARG67,mut_s1,detail,1,250,NRMRHCTVBLZOIE-PJQSKVNONA-N,-8.498
PPARD,c_ARG67,mut_s1,detail,1,251,CGHADMRBCNGDHX-UOUKHUKPNA-N,-11.11
PPARD,c_ARG67,mut_s1,detail,1,252,DDZBRJBYGLTADL-TZFBGDORNA-N,-8.357
PPARD,c_ARG67,mut_s1,detail,1,253,LOIPDGFJRKDXSJ-UHFFFAOYNA-N,-8.933
PPARD,c_ARG67,mut_s1,detail,1,254,VBQAIJHAPZFIRO-MOQCICHVNA-N,-9.354
PPARD,c_ARG67,mut_s1,detail,1,255,YPVDZKHCFQJIDP-UHFFFAOYNA-N,-10.009
PPARD,c_PHE65,mut_s1,detail,1,0,IFHZOGDEYHFNQO-PKSOQXRJNA-N,-9.446
PPARD,c_PHE65,mut_s1,detail,1,1,PZDDADWKMMNNHC-UHFFFAOYNA-N,-6.897
PPARD,c_PHE65,mut_s1,detail,1,2,BUEYTYZOCKWHHR-UHFFFAOYNA-N,-6.986
PPARD,c_PHE65,mut_s1,detail,1,3,URXMTXGGQRBQQC-LNZJGEAENA-N,-6.401
PPARD,c_PHE65,mut_s1,detail,1,4,NNVZANSRDHCDLK-UHFFFAOYNA-N,-9.056
PPARD,c_PHE65,mut_s1,detail,1,5,YCVTUSIXNJAXKA-UHFFFAOYNA-N,-8.548
PPARD,c_PHE65,mut_s1,detail,1,6,YLQOELRYUQBERL-YHMJCDSINA-N,-7.018
PPARD,c_PHE65,mut_s1,detail,1,7,XIOYZAUVDJKWCL-UHFFFAOYNA-N,-8.959
PPARD,c_PHE65,mut_s1,detail,1,8,NYBRKCCEVRSDNF-UHFFFAOYNA-N,-9.091
PPARD,c_PHE65,mut_s1,detail,1,9,HOWDUDRRYYVTNY-NDKGDYFDNA-N,-7.879
PPARD,c_PHE65,mut_s1,detail,1,10,RVRIAONMWINUPS-GPQMBLKYNA-N,-7.703
PPARD,c_PHE65,mut_s1,detail,1,11,UVVPLBQLDVTPSL-RVQYIEHVNA-N,-6.746
PPARD,c_PHE65,mut_s1,detail,1,12,AXXXFCGETBIMKI-UHFFFAOYNA-N,-7.8
PPARD,c_PHE65,mut_s1,detail,1,13,RBMUBAYHBUBLMR-NKWLYDBFNA-N,-8.41
PPARD,c_PHE65,mut_s1,detail,1,14,BTIHIHBWVGQIIQ-UHFFFAOYNA-N,-7.156
PPARD,c_PHE65,mut_s1,detail,1,15,ACAOHWOPNZHWAF-WNVDMVQFNA-N,-8.421
PPARD,c_PHE65,mut_s1,detail,1,16,VEFTYKZXVJQBER-ZHLVXTBQNA-N,-6.302
PPARD,c_PHE65,mut_s1,detail,1,17,QBQDUEWXIOEVKT-UYBDAZJANA-N,-9.527
PPARD,c_PHE65,mut_s1,detail,1,18,KRGQOKCRZMRVRH-UHFFFAOYNA-N,-6.211
PPARD,c_PHE65,mut_s1,detail,1,19,YXGMBGNPGWDLBJ-WYUMXYHSNA-N,-7.326
PPARD,c_PHE65,mut_s1,detail,1,20,LHQICPSUYGARIS-UHFFFAOYNA-N,-8.835
PPARD,c_PHE65,mut_s1,detail,1,21,ZXVNJVRABSCRGU-GPQMBLKYNA-N,-8.463
PPARD,c_PHE65,mut_s1,detail,1,22,TYXGDELQOONTQQ-DQDSCPLDNA-N,-8.209
PPARD,c_PHE65,mut_s1,detail,1,23,FMDKDGDDTIJRQT-WRCMMWDQNA-N,-7.384
PPARD,c_PHE65,mut_s1,detail,1,24,DXLLFVXDQQMGGM-LILDFLRNNA-N,-7.501
PPARD,c_PHE65,mut_s1,detail,1,25,RCFHJSCTPLCRAN-UHFFFAOYNA-N,-8.225
PPARD,c_PHE65,mut_s1,detail,1,26,LOIKOLAEHONJTE-KARVIEMNNA-N,-8.508
PPARD,c_PHE65,mut_s1,detail,1,27,ZBEDJPDEINGEHM-UHFFFAOYNA-N,-6.07
PPARD,c_PHE65,mut_s1,detail,1,28,PKHXJWYQMRFPTR-LILDFLRNNA-N,-7.932
PPARD,c_PHE65,mut_s1,detail,1,29,DGFWWFXFIZOMRX-WXRBYKJCNA-N,-6.297
PPARD,c_PHE65,mut_s1,detail,1,30,NDEDMCKHRVZXGD-VEWCPZSHNA-N,-7.841
PPARD,c_PHE65,mut_s1,detail,1,31,UPOCYXRXSNRNNU-UHFFFAOYNA-N,-8.142
PPARD,c_PHE65,mut_s1,detail,1,32,UGLPVHLKYTWQRV-UHFFFAOYNA-N,-8.385
PPARD,c_PHE65,mut_s1,detail,1,33,VEBIFNQLJFTSLJ-GPQMBLKYNA-N,-7.727
PPARD,c_PHE65,mut_s1,detail,1,34,FZGYMZTVBMODJR-GUYCJALGNA-N,-7.921
PPARD,c_PHE65,mut_s1,detail,1,35,XVAMDQGNCAYOLZ-CMNYYERHNA-N,-7.847
PPARD,c_PHE65,mut_s1,detail,1,36,MRHCSNNEUHXNIC-DLGLGFIGNA-N,-8.176
PPARD,c_PHE65,mut_s1,detail,1,37,QXSUNGXUTAFLCR-HCKMINDGNA-N,-8.33
PPARD,c_PHE65,mut_s1,detail,1,38,BTUZBQRUTGYGSI-SAAHQOFTNA-N,-8.24
PPARD,c_PHE65,mut_s1,detail,1,39,TTYMNRMJLOVQEL-UHFFFAOYNA-N,-7.522
PPARD,c_PHE65,mut_s1,detail,1,40,IVQOCTZDCXKGHW-UHFFFAOYNA-N,-7.836
PPARD,c_PHE65,mut_s1,detail,1,41,SRWKAZSWOPMZLA-WYUMXYHSNA-N,-8.057
PPARD,c_PHE65,mut_s1,detail,1,42,QPEDEGUPTWDSJM-UHFFFAOYNA-N,-8.717
PPARD,c_PHE65,mut_s1,detail,1,43,ISYYCVGFJSIOIJ-UHFFFAOYNA-N,-7.019
PPARD,c_PHE65,mut_s1,detail,1,44,MTUZLFBKKNTLNL-YHMJCDSINA-N,-7.558
PPARD,c_PHE65,mut_s1,detail,1,45,JOFJZXKVGWGQRQ-UHFFFAOYNA-N,-5.941
PPARD,c_PHE65,mut_s1,detail,1,46,KOHAFBWLWQFBFU-UHFFFAOYNA-N,-7.94
PPARD,c_PHE65,mut_s1,detail,1,47,YHDLLKNPVWVCGF-UHFFFAOYNA-N,-7.543
PPARD,c_PHE65,mut_s1,detail,1,48,KIRJGAMLMFQPIX-LILDFLRNNA-N,-9.903
PPARD,c_PHE65,mut_s1,detail,1,49,MIUGSXDNQICPKY-AHPDCHJINA-N,-7.146
PPARD,c_PHE65,mut_s1,detail,1,50,NCQYFKGTEDNHPE-GPQMBLKYNA-N,-9.711
PPARD,c_PHE65,mut_s1,detail,1,51,OILQEGDAOXVJJG-UHFFFAOYNA-N,-8.177
PPARD,c_PHE65,mut_s1,detail,1,52,KMZMSABQJYKKBU-UHFFFAOYNA-N,-6.754
PPARD,c_PHE65,mut_s1,detail,1,53,ODNAHSRJQUKZJC-UHFFFAOYNA-N,-7.911
PPARD,c_PHE65,mut_s1,detail,1,54,WBXGNUJDIOVVDS-GPQMBLKYNA-N,-9.126
PPARD,c_PHE65,mut_s1,detail,1,55,KGFVHZKXNIFXQC-XQMQJMAZNA-N,-7.574
PPARD,c_PHE65,mut_s1,detail,1,56,ZGDACLBJJXLKJY-UHFFFAOYNA-N,-7.668
PPARD,c_PHE65,mut_s1,detail,1,57,ODQASWLALUMZKF-UHFFFAOYNA-N,-9.358
PPARD,c_PHE65,mut_s1,detail,1,58,HEAFXLZWNUOLNQ-UHFFFAOYNA-N,-8.842
PPARD,c_PHE65,mut_s1,detail,1,59,GDJPLZYPNHEBBO-GAJRPKRDNA-N,-7.156
PPARD,c_PHE65,mut_s1,detail,1,60,KZNIFHPLKGYRTM-UHFFFAOYNA-N,-7.759
PPARD,c_PHE65,mut_s1,detail,1,61,XCNLTPWPUBZVTB-WUKNDPDINA-N,-7.537
PPARD,c_PHE65,mut_s1,detail,1,62,UJJQDGSLGZZHPE-VEWCPZSHNA-N,-7.87
PPARD,c_PHE65,mut_s1,detail,1,63,KUDKBYQDLXZYQT-YAQRNVERNA-N,-7.728
PPARD,c_PHE65,mut_s1,detail,1,64,XZDKQJKAVDHUJN-UHFFFAOYNA-N,-9.091
PPARD,c_PHE65,mut_s1,detail,1,65,PIHCOUNEIQIOLH-UYBDAZJANA-N,-8.443
PPARD,c_PHE65,mut_s1,detail,1,66,FTVJNPIOPFNKML-GPQMBLKYNA-N,-7.836
PPARD,c_PHE65,mut_s1,detail,1,67,HHYDNYVAHAHWJL-UHFFFAOYNA-N,-6.81
PPARD,c_PHE65,mut_s1,detail,1,68,MXABEVYDQHVOES-NSHDSACANA-N,-8.297
PPARD,c_PHE65,mut_s1,detail,1,69,ONNIOMOHOZUMKS-YGZLFCMANA-N,-8.242
PPARD,c_PHE65,mut_s1,detail,1,70,DQLGXAYUAURASJ-XXTDWMNGNA-N,-10.146
PPARD,c_PHE65,mut_s1,detail,1,71,QGKGHRAWZIKZRJ-WYUMXYHSNA-N,-8.462
PPARD,c_PHE65,mut_s1,detail,1,72,JWCQSDFAPBNHSM-UHFFFAOYNA-N,-7.549
PPARD,c_PHE65,mut_s1,detail,1,73,RNSJXWMAYUTWOI-UHFFFAOYNA-N,-8.205
PPARD,c_PHE65,mut_s1,detail,1,74,AKOOSRNDNZPJNL-PKSOQXRJNA-N,-8.6
PPARD,c_PHE65,mut_s1,detail,1,75,BFENEDRNBGYKMO-OTJKMEOQNA-N,-7.825
PPARD,c_PHE65,mut_s1,detail,1,76,RULIAUGJMVIUMH-QWOVJGMINA-N,-8.462
PPARD,c_PHE65,mut_s1,detail,1,77,VHAIHOXTBBWMRC-LILDFLRNNA-N,-7.517
PPARD,c_PHE65,mut_s1,detail,1,78,MMWVUKRVNHSCOU-XWVGVUDUNA-N,-8.736
PPARD,c_PHE65,mut_s1,detail,1,79,VEUYFZWVWBJLBT-LILDFLRNNA-N,-7.135
PPARD,c_PHE65,mut_s1,detail,1,80,UEVUVZKOTQNFQQ-UHFFFAOYNA-N,-8.576
PPARD,c_PHE65,mut_s1,detail,1,81,AVUDBVVAYWAMLJ-UHFFFAOYNA-N,-8.833
PPARD,c_PHE65,mut_s1,detail,1,82,BQVDJEOYDDRFHV-UHFFFAOYNA-N,-6.68
PPARD,c_PHE65,mut_s1,detail,1,83,RJDWHDCXBZVKHF-UHFFFAOYNA-N,-9.406
PPARD,c_PHE65,mut_s1,detail,1,84,UUIYULWYHDSXHL-YREUQKFVNA-N,-7.374
PPARD,c_PHE65,mut_s1,detail,1,85,KSVYPWJPODFWFB-MHWRWJLKNA-N,-8.471
PPARD,c_PHE65,mut_s1,detail,1,86,YTOTVFWYSYGJKJ-MPIMZMORNA-N,-8.997
PPARD,c_PHE65,mut_s1,detail,1,87,LDEBHGWOYJCQTG-SFHVURJKNA-N,-7.582
PPARD,c_PHE65,mut_s1,detail,1,88,NXBTXYMTUUWSCC-XBTAAFKLNA-N,-9.112
PPARD,c_PHE65,mut_s1,detail,1,89,HRLJAEIRFSEJAW-UHFFFAOYNA-N,-8.365
PPARD,c_PHE65,mut_s1,detail,1,90,HROYNIXUIVDQJH-UHFFFAOYNA-N,-8.374
PPARD,c_PHE65,mut_s1,detail,1,91,BYXXTGCOSOYREY-QWOVJGMINA-N,-8.741
PPARD,c_PHE65,mut_s1,detail,1,92,AWXVIXMNAQQCCZ-OEMYIYORNA-N,-7.958
PPARD,c_PHE65,mut_s1,detail,1,93,PVTHJAPFENJVNC-ANRNRNKZNA-N,-6.891
PPARD,c_PHE65,mut_s1,detail,1,94,IMPAUHAIMHCPEJ-PKSOQXRJNA-N,-9.456
PPARD,c_PHE65,mut_s1,detail,1,95,SLOJERRRBYNXAR-NPQUBYNZNA-N,-9.136
PPARD,c_PHE65,mut_s1,detail,1,96,YWBJCOHEBDEQDR-PKSOQXRJNA-N,-8.355
PPARD,c_PHE65,mut_s1,detail,1,97,WWRBDTKNUXAXRR-XAVYIPQLNA-O,-8.11
PPARD,c_PHE65,mut_s1,detail,1,98,HBERTCHGBHHVDT-LILDFLRNNA-N,-9.878
PPARD,c_PHE65,mut_s1,detail,1,99,BXKUVDXLHUBVPA-ZWQIFLOQNA-N,-5.546
PPARD,c_PHE65,mut_s1,detail,1,100,WBWFIUAVMCNYPG-FPLPWBNLNA-N,-7.668
PPARD,c_PHE65,mut_s1,detail,1,101,VRWIFQNGGPFLST-UYBDAZJANA-N,-8.601
PPARD,c_PHE65,mut_s1,detail,1,102,JTAPVIPBGIDRDE-UHFFFAOYNA-N,-10.443
PPARD,c_PHE65,mut_s1,detail,1,103,HBTCLXRQQIHFQB-GDEMPAQCNA-N,-7.921
PPARD,c_PHE65,mut_s1,detail,1,104,DXJSFQXIPUHFQK-QWOVJGMINA-N,-6.907
PPARD,c_PHE65,mut_s1,detail,1,105,RBEMVAFKFYHQIB-UYBDAZJANA-N,-9.35
PPARD,c_PHE65,mut_s1,detail,1,106,QEKAHUYYWSNHDY-DZQCGVKKNA-N,-8.316
PPARD,c_PHE65,mut_s1,detail,1,107,RCSUTAOLFYVOEE-UHFFFAOYNA-N,-8.536
PPARD,c_PHE65,mut_s1,detail,1,108,MYBUANZGRGNVPO-YSPVQWMYNA-N,-9.32
PPARD,c_PHE65,mut_s1,detail,1,109,UIQCZMYFTSFLPQ-LQFNOIFHNA-N,-9.828
PPARD,c_PHE65,mut_s1,detail,1,110,QRMYORHEAHTJBC-GPQMBLKYNA-N,-8.727
PPARD,c_PHE65,mut_s1,detail,1,111,CPYTXWFFFQKUDP-QFAGIUQONA-N,-8.934
PPARD,c_PHE65,mut_s1,detail,1,112,DCIAJQYVIKONRS-QWOVJGMINA-N,-9.42
PPARD,c_PHE65,mut_s1,detail,1,113,ZMMGBIJMLCNSOV-PKSOQXRJNA-N,-7.461
PPARD,c_PHE65,mut_s1,detail,1,114,MRFDGPBJIFXZIT-NPQUBYNZNA-N,-9.634
PPARD,c_PHE65,mut_s1,detail,1,115,KANCHOKOTXNDQH-NVQSQQPGNA-N,-6.986
PPARD,c_PHE65,mut_s1,detail,1,116,SOAWEEUOPZCBSN-UHFFFAOYNA-N,-10.038
PPARD,c_PHE65,mut_s1,detail,1,117,BHXYDHWPQIADCG-HZFZDWCWNA-N,-7.994
PPARD,c_PHE65,mut_s1,detail,1,118,LVIWVNDQNUSMMV-LILDFLRNNA-N,-7.682
PPARD,c_PHE65,mut_s1,detail,1,119,UBAMGTKSOKGECF-UHFFFAOYNA-N,-7.316
PPARD,c_PHE65,mut_s1,detail,1,120,YSVHPRBZNNADQG-UHFFFAOYNA-N,-7.587
PPARD,c_PHE65,mut_s1,detail,1,121,IXZAZBWJQHWVHS-QVUQFMIFNA-N,-8.766
PPARD,c_PHE65,mut_s1,detail,1,122,NILCXRPLMSLFEG-HQHQJUQONA-N,-7.428
PPARD,c_PHE65,mut_s1,detail,1,123,HRNRRPMOOJUJLK-QWOVJGMINA-N,-9.244
PPARD,c_PHE65,mut_s1,detail,1,124,OLSXSUXZOLBVQZ-QVUQFMIFNA-N,-8.701
PPARD,c_PHE65,mut_s1,detail,1,125,XZMGFGHEVBEPKS-UHFFFAOYNA-N,-10.032
PPARD,c_PHE65,mut_s1,detail,1,126,MNLBKBCAEFZATB-UHFFFAOYNA-N,-7.662
PPARD,c_PHE65,mut_s1,detail,1,127,NNTZETQYCAZKJF-UYBDAZJANA-N,-9.426
PPARD,c_PHE65,mut_s1,detail,1,128,AKEDBCQYOCYZDX-PLBWUZGSNA-N,-8.163
PPARD,c_PHE65,mut_s1,detail,1,129,HCXOEHYNUWUKAG-UHFFFAOYNA-N,-8.206
PPARD,c_PHE65,mut_s1,detail,1,130,CWKHWSAMAAAUEN-UYBDAZJANA-N,-8.618
PPARD,c_PHE65,mut_s1,detail,1,131,VMZWELQEDXUUJX-HXTKINSTNA-N,-7.165
PPARD,c_PHE65,mut_s1,detail,1,132,PCMOPVSFMUOUFR-OAQYLSRUNA-N,-8.475
PPARD,c_PHE65,mut_s1,detail,1,133,POFKEPXNJQGIOB-DIRLUKLVNA-N,-10.742
PPARD,c_PHE65,mut_s1,detail,1,134,GQNKLNZBZDEAMD-VQHCSMNLNA-N,-10.275
PPARD,c_PHE65,mut_s1,detail,1,135,COFQAKCKCHDGNW-ZXWGSDNONA-N,-8.499
PPARD,c_PHE65,mut_s1,detail,1,136,XURFWWBVADUSQL-LNNLXFCONA-N,-10.168
PPARD,c_PHE65,mut_s1,detail,1,137,LBDHNFPYMBLBSB-CLCOLTQENA-N,-8.382
PPARD,c_PHE65,mut_s1,detail,1,138,QKIJTUQIQQZCIX-UYBDAZJANA-N,-9.005
PPARD,c_PHE65,mut_s1,detail,1,139,UXLJJGBAQOYQMV-UHFFFAOYNA-N,-8.416
PPARD,c_PHE65,mut_s1,detail,1,140,WQAWGOAEJJIYFP-DEOSSOPVNA-N,-8.757
PPARD,c_PHE65,mut_s1,detail,1,141,MBNPYPWQYGHCTB-UHFFFAOYNA-N,-8.981
PPARD,c_PHE65,mut_s1,detail,1,142,XAYHBRQVRJQCAH-PKSOQXRJNA-N,-8.017
PPARD,c_PHE65,mut_s1,detail,1,143,GNTOXDIONQLPFR-CXUHLZMHNA-N,-8.64
PPARD,c_PHE65,mut_s1,detail,1,144,RIVKJCNOYQAWOL-VCZDBIKCNA-N,-9.523
PPARD,c_PHE65,mut_s1,detail,1,145,LRRFROMGHKZMSA-PKRZOPRNNA-N,-10.377
PPARD,c_PHE65,mut_s1,detail,1,146,HWUKVYPOCLJTSN-RJJUGOMSNA-N,-9.087
PPARD,c_PHE65,mut_s1,detail,1,147,JAQNENPDJAEDSC-UHFFFAOYNA-N,-7.626
PPARD,c_PHE65,mut_s1,detail,1,148,ZYQCCRUKVDVTJE-ZUOKHONENA-N,-7.506
PPARD,c_PHE65,mut_s1,detail,1,149,UUWCZQYGBSUBRG-SPEPDGBUNA-N,-11.363
PPARD,c_PHE65,mut_s1,detail,1,150,KNGPIEIQVMOPHJ-PKSOQXRJNA-N,-8.342
PPARD,c_PHE65,mut_s1,detail,1,151,CTDCFVMSXQQWDC-HXTKINSTNA-N,-8.64
PPARD,c_PHE65,mut_s1,detail,1,152,AELMMQNCWIYZED-UHFFFAOYNA-N,-9.34
PPARD,c_PHE65,mut_s1,detail,1,153,BTBRAURMAUKXDM-UHFFFAOYNA-N,-8.199
PPARD,c_PHE65,mut_s1,detail,1,154,DWAPJEYUYKZUPW-UYBDAZJANA-N,-9.937
PPARD,c_PHE65,mut_s1,detail,1,155,MTWNFHPRKAIWJY-LQFNOIFHNA-N,-9.315
PPARD,c_PHE65,mut_s1,detail,1,156,XMOFGSWSGOXFPP-MPIMZMORNA-N,-8.956
PPARD,c_PHE65,mut_s1,detail,1,157,VVSBVXXITLYIIA-CKFYMFOVNA-N,-9.422
PPARD,c_PHE65,mut_s1,detail,1,158,GAXPVNSBLNNWCZ-PSHYBUTQNA-N,-7.916
PPARD,c_PHE65,mut_s1,detail,1,159,XDYREIZGNBPMPJ-IBGZPJMENA-N,-9.453
PPARD,c_PHE65,mut_s1,detail,1,160,WITBRHUYBFKPOL-MPIMZMORNA-N,-8.843
PPARD,c_PHE65,mut_s1,detail,1,161,IBIQKJHXTSLLBQ-PKRZOPRNNA-N,-9.834
PPARD,c_PHE65,mut_s1,detail,1,162,VLUGXHSPLMSNET-LNNLXFCONA-N,-9.557
PPARD,c_PHE65,mut_s1,detail,1,163,IEQABWYSQBHOMM-UHFFFAOYNA-N,-8.646
PPARD,c_PHE65,mut_s1,detail,1,164,FWLMJHGQRXWNIS-UHFFFAOYNA-N,-9.131
PPARD,c_PHE65,mut_s1,detail,1,165,RZJWOMPOSAPIJL-LQFNOIFHNA-N,-8.772
PPARD,c_PHE65,mut_s1,detail,1,166,ZUMDOGBUKHTCOC-CWWQGPJMNA-N,-9.188
PPARD,c_PHE65,mut_s1,detail,1,167,ANZGKDRXGOPIJA-QWOVJGMINA-N,-8.241
PPARD,c_PHE65,mut_s1,detail,1,168,QUISVMJELRRHAG-UHFFFAOYNA-N,-9.076
PPARD,c_PHE65,mut_s1,detail,1,169,XZFCGNQJCGTXNQ-ZVHZXABRNA-N,-8.671
PPARD,c_PHE65,mut_s1,detail,1,170,UGPWOMSWEMIIJH-UHFFFAOYNA-N,-9.372
PPARD,c_PHE65,mut_s1,detail,1,171,WGMQZHYPIKBUML-LQFNOIFHNA-N,-7.802
PPARD,c_PHE65,mut_s1,detail,1,172,HPNLHDILXMKRJE-UHFFFAOYNA-N,-8.28
PPARD,c_PHE65,mut_s1,detail,1,173,AQBHPXSDFXKHIG-LELJVTLKNA-N,-8.772
PPARD,c_PHE65,mut_s1,detail,1,174,BHPSGEAUUZMDDL-QFIPXVFZNA-N,-8.339
PPARD,c_PHE65,mut_s1,detail,1,175,RHMDXGNHLMFANS-XBXBPLPCNA-N,-8.277
PPARD,c_PHE65,mut_s1,detail,1,176,HZXUSKDOXPOMIW-PKSOQXRJNA-N,-8.249
PPARD,c_PHE65,mut_s1,detail,1,177,QBBIMTGZZXPUPY-UHFFFAOYNA-N,-7.966
PPARD,c_PHE65,mut_s1,detail,1,178,FAALFCIDNMPXJU-LNNLXFCONA-N,-10.772
PPARD,c_PHE65,mut_s1,detail,1,179,UEGWFDMCEAIRSE-DVIAZDKANA-N,-8.329
PPARD,c_PHE65,mut_s1,detail,1,180,QATBWONTRXXCBE-UHFFFAOYNA-N,-8.286
PPARD,c_PHE65,mut_s1,detail,1,181,IEWZULBPMDXTLX-LQFNOIFHNA-N,-11.509
PPARD,c_PHE65,mut_s1,detail,1,182,DTUUXDIGBXNINJ-PKSOQXRJNA-N,-7.924
PPARD,c_PHE65,mut_s1,detail,1,183,FFDDOWCKFPDEPQ-KIYDBJNPNA-N,-9.627
PPARD,c_PHE65,mut_s1,detail,1,184,LFTDMBYAYYEBDL-XWYQMZBENA-N,-9.844
PPARD,c_PHE65,mut_s1,detail,1,185,VZFTWWJAUZOJDH-YANQHBGHNA-N,-10.108
PPARD,c_PHE65,mut_s1,detail,1,186,YNUOGMCLPCOTIC-UHFFFAOYNA-N,-9.056
PPARD,c_PHE65,mut_s1,detail,1,187,WDXONUYXRRUOAF-LELJVTLKNA-N,-8.8
PPARD,c_PHE65,mut_s1,detail,1,188,FWYUTSUWWZVOGD-UHFFFAOYNA-N,-8.182
PPARD,c_PHE65,mut_s1,detail,1,189,VMDJSIGZJOXSGC-UHFFFAOYNA-N,-8.531
PPARD,c_PHE65,mut_s1,detail,1,190,IIVPENRIUTZXCZ-DFVASWNCNA-N,-8.214
PPARD,c_PHE65,mut_s1,detail,1,191,HHKIXRJLSXZGIO-LBOYIXSDNA-N,-9.427
PPARD,c_PHE65,mut_s1,detail,1,192,VFCHPGXNLRROSP-UHFFFAOYNA-N,-9.317
PPARD,c_PHE65,mut_s1,detail,1,193,LQNMNFIDHADHQU-LQFNOIFHNA-N,-9.235
PPARD,c_PHE65,mut_s1,detail,1,194,DWCQXZSEATZNGJ-JXAWBTAJNA-N,-7.449
PPARD,c_PHE65,mut_s1,detail,1,195,XCFKTIVHIIOEHO-XRJCTRHONA-N,-10.449
PPARD,c_PHE65,mut_s1,detail,1,196,CTKVVCDWNBLQHQ-VJSLDGLSNA-N,-8.789
PPARD,c_PHE65,mut_s1,detail,1,197,SJEBTTUNLKKAEO-QFIPXVFZNA-N,-8.248
PPARD,c_PHE65,mut_s1,detail,1,198,VUVBMRFFLDJIKB-UHFFFAOYNA-N,-8.215
PPARD,c_PHE65,mut_s1,detail,1,199,CRDOCDKYXPCHRG-GMLXSZADNA-N,-9.368
PPARD,c_PHE65,mut_s1,detail,1,200,PTRAWPOMIAVCDX-NPZFWETONA-N,-10.198
PPARD,c_PHE65,mut_s1,detail,1,201,YPCVJZIGKJSYKB-XWQTZBKQNA-N,-10.285
PPARD,c_PHE65,mut_s1,detail,1,202,DDQUBMKKMCESIY-UHFFFAOYNA-N,-9.196
PPARD,c_PHE65,mut_s1,detail,1,203,QRBHMNKXVMROIF-UHFFFAOYNA-N,-10.056
PPARD,c_PHE65,mut_s1,detail,1,204,CSCOHEYTBLBQMG-SREBMQDQNA-N,-10.189
PPARD,c_PHE65,mut_s1,detail,1,205,FPRLMEVUSKOQRF-UHFFFAOYNA-N,-7.777
PPARD,c_PHE65,mut_s1,detail,1,206,VRUTXMQQNLYKSZ-SPEPDGBUNA-N,-10.031
PPARD,c_PHE65,mut_s1,detail,1,207,IFVIZWYRFUIABK-LKHHGCNMNA-N,-9.895
PPARD,c_PHE65,mut_s1,detail,1,208,BJSKDMOWRPAVMK-UHFFFAOYNA-N,-8.21
PPARD,c_PHE65,mut_s1,detail,1,209,AJDIYNONBYMZIF-ILOOJWFPNA-N,-10.568
PPARD,c_PHE65,mut_s1,detail,1,210,ABURDUMLEUCKOY-FYDYDPJYNA-N,-9.696
PPARD,c_PHE65,mut_s1,detail,1,211,ZXCSBCTVTJFLOZ-JUEKIJOLNA-N,-9.859
PPARD,c_PHE65,mut_s1,detail,1,212,SKVNACLQMJDJNT-JJFURXLTNA-N,-9.79
PPARD,c_PHE65,mut_s1,detail,1,213,OWDCBGQHUHBGKH-ODBASERBNA-N,-9.314
PPARD,c_PHE65,mut_s1,detail,1,214,RLXWTYPPMJNURK-LELJVTLKNA-N,-9.758
PPARD,c_PHE65,mut_s1,detail,1,215,LFFVXCIQPOOMOV-UHFFFAOYNA-N,-12.568
PPARD,c_PHE65,mut_s1,detail,1,216,ZFFOVIFFFSWOKF-PKRZOPRNNA-N,-11.566
PPARD,c_PHE65,mut_s1,detail,1,217,VVWGMEIQTOBDML-RDPOJNOENA-N,-9.046
PPARD,c_PHE65,mut_s1,detail,1,218,QAGLJDWYCCJEHH-IGBJZSFZNA-N,-9.462
PPARD,c_PHE65,mut_s1,detail,1,219,NFMSQLAKBDDECA-HXXFNXQYNA-N,-7.795
PPARD,c_PHE65,mut_s1,detail,1,220,RLKPYUHHHDBUKR-LKHHGCNMNA-N,-8.445
PPARD,c_PHE65,mut_s1,detail,1,221,FVGJPHFQQMQGFQ-PQVCHVPHNA-N,-11.263
PPARD,c_PHE65,mut_s1,detail,1,222,GGQXSFRJLUHOGQ-MDNXCRMFNA-N,-10.042
PPARD,c_PHE65,mut_s1,detail,1,223,LLLNQQOQHKAYHT-CSKMVECVNA-N,-10.309
PPARD,c_PHE65,mut_s1,detail,1,224,FTHKKKKNTGUTPA-NBVNDQADNA-N,-9.241
PPARD,c_PHE65,mut_s1,detail,1,225,BKYZARFJJFORLR-UHFFFAOYNA-N,-8.815
PPARD,c_PHE65,mut_s1,detail,1,226,XMHRXPMKDALTSG-YPBLIGHQNA-N,-8.62
PPARD,c_PHE65,mut_s1,detail,1,227,OVSPJLFXFWHQFE-HXTKINSTNA-N,-9.643
PPARD,c_PHE65,mut_s1,detail,1,228,SHBLCUUJYNQTSS-NRFANRHFNA-N,-9.688
PPARD,c_PHE65,mut_s1,detail,1,229,OHXYGRXPONZZPF-UHFFFAOYNA-N,-8.259
PPARD,c_PHE65,mut_s1,detail,1,230,XFOMWTKVHWXVRS-UHFFFAOYNA-N,-10.671
PPARD,c_PHE65,mut_s1,detail,1,231,HMPVPIRJMYFQCT-WXDRZTAENA-N,-8.849
PPARD,c_PHE65,mut_s1,detail,1,232,NRIQEFNHCJMSHL-UHFFFAOYNA-N,-11.072
PPARD,c_PHE65,mut_s1,detail,1,233,WQIKRJDLIIEKAG-WWXRYIHZNA-N,-9.873
PPARD,c_PHE65,mut_s1,detail,1,234,CQCKANIIWHCLDP-UHFFFAOYNA-N,-7.645
PPARD,c_PHE65,mut_s1,detail,1,235,QETNVWCEGLMMRQ-CXUYMYAGNA-N,-8.029
PPARD,c_PHE65,mut_s1,detail,1,236,MLYHNVDOBUQIID-NSJMMFDCNA-N,-11.005
PPARD,c_PHE65,mut_s1,detail,1,237,VBFOTEWTMOETMO-PECIQRARNA-N,-7.627
PPARD,c_PHE65,mut_s1,detail,1,238,NFSDYJKEOCQTKX-CYSPOYASNA-N,-8.83
PPARD,c_PHE65,mut_s1,detail,1,239,GZQHTWYWDSMEAW-UHFFFAOYNA-N,-8.479
PPARD,c_PHE65,mut_s1,detail,1,240,LZTXTKIYKWMRQJ-ZALBZXLWNA-N,-8.401
PPARD,c_PHE65,mut_s1,detail,1,241,YPDLHOCWYZLMQS-GFBXQOHCNA-N,-8.379
PPARD,c_PHE65,mut_s1,detail,1,242,FJUITIGQDNFRQI-UHFFFAOYNA-N,-8.376
PPARD,c_PHE65,mut_s1,detail,1,243,OHAIFIOFCXDBHP-NKTHEXPSNA-N,-8.3
PPARD,c_PHE65,mut_s1,detail,1,244,LSAXQHPWOGTFSG-UHFFFAOYNA-N,-8.478
PPARD,c_PHE65,mut_s1,detail,1,245,OENZVDXWLVYZJT-DHDJHLBQNA-N,-10.099
PPARD,c_PHE65,mut_s1,detail,1,246,UEOXIUXQBRDLJU-LBOYIXSDNA-N,-9.783
PPARD,c_PHE65,mut_s1,detail,1,247,YFYGWSCMDCTAKZ-MPIMZMORNA-N,-8.19
PPARD,c_PHE65,mut_s1,detail,1,248,AQHYVBHJINDJIW-UHFFFAOYNA-N,-8.03
PPARD,c_PHE65,mut_s1,detail,1,249,DBOAHQYVPCTALU-QBAQSEIJNA-N,-8.433
PPARD,c_PHE65,mut_s1,detail,1,250,NRMRHCTVBLZOIE-PJQSKVNONA-N,-8.814
PPARD,c_PHE65,mut_s1,detail,1,251,CGHADMRBCNGDHX-UOUKHUKPNA-N,-11.082
PPARD,c_PHE65,mut_s1,detail,1,252,DDZBRJBYGLTADL-TZFBGDORNA-N,-8.329
PPARD,c_PHE65,mut_s1,detail,1,253,LOIPDGFJRKDXSJ-UHFFFAOYNA-N,-9.047
PPARD,c_PHE65,mut_s1,detail,1,254,VBQAIJHAPZFIRO-MOQCICHVNA-N,-8.955
PPARD,c_PHE65,mut_s1,detail,1,255,YPVDZKHCFQJIDP-UHFFFAOYNA-N,-10.05
PPARD,c_LEU139,mut_s1,detail,1,0,IFHZOGDEYHFNQO-PKSOQXRJNA-N,-9.037
PPARD,c_LEU139,mut_s1,detail,1,1,PZDDADWKMMNNHC-UHFFFAOYNA-N,-7.26
PPARD,c_LEU139,mut_s1,detail,1,2,BUEYTYZOCKWHHR-UHFFFAOYNA-N,-7.008
PPARD,c_LEU139,mut_s1,detail,1,3,URXMTXGGQRBQQC-LNZJGEAENA-N,-6.688
PPARD,c_LEU139,mut_s1,detail,1,4,NNVZANSRDHCDLK-UHFFFAOYNA-N,-8.988
PPARD,c_LEU139,mut_s1,detail,1,5,YCVTUSIXNJAXKA-UHFFFAOYNA-N,-8.246
PPARD,c_LEU139,mut_s1,detail,1,6,YLQOELRYUQBERL-YHMJCDSINA-N,-6.921
PPARD,c_LEU139,mut_s1,detail,1,7,XIOYZAUVDJKWCL-UHFFFAOYNA-N,-8.482
PPARD,c_LEU139,mut_s1,detail,1,8,NYBRKCCEVRSDNF-UHFFFAOYNA-N,-8.951
PPARD,c_LEU139,mut_s1,detail,1,9,HOWDUDRRYYVTNY-NDKGDYFDNA-N,-7.755
PPARD,c_LEU139,mut_s1,detail,1,10,RVRIAONMWINUPS-GPQMBLKYNA-N,-7.738
PPARD,c_LEU139,mut_s1,detail,1,11,UVVPLBQLDVTPSL-RVQYIEHVNA-N,-6.653
PPARD,c_LEU139,mut_s1,detail,1,12,AXXXFCGETBIMKI-UHFFFAOYNA-N,-7.642
PPARD,c_LEU139,mut_s1,detail,1,13,RBMUBAYHBUBLMR-NKWLYDBFNA-N,-8.61
PPARD,c_LEU139,mut_s1,detail,1,14,BTIHIHBWVGQIIQ-UHFFFAOYNA-N,-7.105
PPARD,c_LEU139,mut_s1,detail,1,15,ACAOHWOPNZHWAF-WNVDMVQFNA-N,-8.163
PPARD,c_LEU139,mut_s1,detail,1,16,VEFTYKZXVJQBER-ZHLVXTBQNA-N,-6.249
PPARD,c_LEU139,mut_s1,detail,1,17,QBQDUEWXIOEVKT-UYBDAZJANA-N,-9.532
PPARD,c_LEU139,mut_s1,detail,1,18,KRGQOKCRZMRVRH-UHFFFAOYNA-N,-6.014
PPARD,c_LEU139,mut_s1,detail,1,19,YXGMBGNPGWDLBJ-WYUMXYHSNA-N,-7.545
PPARD,c_LEU139,mut_s1,detail,1,20,LHQICPSUYGARIS-UHFFFAOYNA-N,-8.749
PPARD,c_LEU139,mut_s1,detail,1,21,ZXVNJVRABSCRGU-GPQMBLKYNA-N,-8.423
PPARD,c_LEU139,mut_s1,detail,1,22,TYXGDELQOONTQQ-DQDSCPLDNA-N,-8.202
PPARD,c_LEU139,mut_s1,detail,1,23,FMDKDGDDTIJRQT-WRCMMWDQNA-N,-7.336
PPARD,c_LEU139,mut_s1,detail,1,24,DXLLFVXDQQMGGM-LILDFLRNNA-N,-7.488
PPARD,c_LEU139,mut_s1,detail,1,25,RCFHJSCTPLCRAN-UHFFFAOYNA-N,-8.236
PPARD,c_LEU139,mut_s1,detail,1,26,LOIKOLAEHONJTE-KARVIEMNNA-N,-8.561
PPARD,c_LEU139,mut_s1,detail,1,27,ZBEDJPDEINGEHM-UHFFFAOYNA-N,-6.198
PPARD,c_LEU139,mut_s1,detail,1,28,PKHXJWYQMRFPTR-LILDFLRNNA-N,-7.922
PPARD,c_LEU139,mut_s1,detail,1,29,DGFWWFXFIZOMRX-WXRBYKJCNA-N,-6.557
PPARD,c_LEU139,mut_s1,detail,1,30,NDEDMCKHRVZXGD-VEWCPZSHNA-N,-7.729
PPARD,c_LEU139,mut_s1,detail,1,31,UPOCYXRXSNRNNU-UHFFFAOYNA-N,-8.081
PPARD,c_LEU139,mut_s1,detail,1,32,UGLPVHLKYTWQRV-UHFFFAOYNA-N,-7.753
PPARD,c_LEU139,mut_s1,detail,1,33,VEBIFNQLJFTSLJ-GPQMBLKYNA-N,-7.863
PPARD,c_LEU139,mut_s1,detail,1,34,FZGYMZTVBMODJR-GUYCJALGNA-N,-7.927
PPARD,c_LEU139,mut_s1,detail,1,35,XVAMDQGNCAYOLZ-CMNYYERHNA-N,-7.852
PPARD,c_LEU139,mut_s1,detail,1,36,MRHCSNNEUHXNIC-DLGLGFIGNA-N,-8.142
PPARD,c_LEU139,mut_s1,detail,1,37,QXSUNGXUTAFLCR-HCKMINDGNA-N,-8.342
PPARD,c_LEU139,mut_s1,detail,1,38,BTUZBQRUTGYGSI-SAAHQOFTNA-N,-7.895
PPARD,c_LEU139,mut_s1,detail,1,39,TTYMNRMJLOVQEL-UHFFFAOYNA-N,-7.514
PPARD,c_LEU139,mut_s1,detail,1,40,IVQOCTZDCXKGHW-UHFFFAOYNA-N,-7.996
PPARD,c_LEU139,mut_s1,detail,1,41,SRWKAZSWOPMZLA-WYUMXYHSNA-N,-8.093
PPARD,c_LEU139,mut_s1,detail,1,42,QPEDEGUPTWDSJM-UHFFFAOYNA-N,-8.719
PPARD,c_LEU139,mut_s1,detail,1,43,ISYYCVGFJSIOIJ-UHFFFAOYNA-N,-7.089
PPARD,c_LEU139,mut_s1,detail,1,44,MTUZLFBKKNTLNL-YHMJCDSINA-N,-7.551
PPARD,c_LEU139,mut_s1,detail,1,45,JOFJZXKVGWGQRQ-UHFFFAOYNA-N,-6.055
PPARD,c_LEU139,mut_s1,detail,1,46,KOHAFBWLWQFBFU-UHFFFAOYNA-N,-7.934
PPARD,c_LEU139,mut_s1,detail,1,47,YHDLLKNPVWVCGF-UHFFFAOYNA-N,-8.297
PPARD,c_LEU139,mut_s1,detail,1,48,KIRJGAMLMFQPIX-LILDFLRNNA-N,-9.9
PPARD,c_LEU139,mut_s1,detail,1,49,MIUGSXDNQICPKY-AHPDCHJINA-N,-7.084
PPARD,c_LEU139,mut_s1,detail,1,50,NCQYFKGTEDNHPE-GPQMBLKYNA-N,-9.777
PPARD,c_LEU139,mut_s1,detail,1,51,OILQEGDAOXVJJG-UHFFFAOYNA-N,-8.134
PPARD,c_LEU139,mut_s1,detail,1,52,KMZMSABQJYKKBU-UHFFFAOYNA-N,-6.888
PPARD,c_LEU139,mut_s1,detail,1,53,ODNAHSRJQUKZJC-UHFFFAOYNA-N,-7.837
PPARD,c_LEU139,mut_s1,detail,1,54,WBXGNUJDIOVVDS-GPQMBLKYNA-N,-9.236
PPARD,c_LEU139,mut_s1,detail,1,55,KGFVHZKXNIFXQC-XQMQJMAZNA-N,-7.555
PPARD,c_LEU139,mut_s1,detail,1,56,ZGDACLBJJXLKJY-UHFFFAOYNA-N,-7.853
PPARD,c_LEU139,mut_s1,detail,1,57,ODQASWLALUMZKF-UHFFFAOYNA-N,-9.358
PPARD,c_LEU139,mut_s1,detail,1,58,HEAFXLZWNUOLNQ-UHFFFAOYNA-N,-8.826
PPARD,c_LEU139,mut_s1,detail,1,59,GDJPLZYPNHEBBO-GAJRPKRDNA-N,-7.262
PPARD,c_LEU139,mut_s1,detail,1,60,KZNIFHPLKGYRTM-UHFFFAOYNA-N,-7.715
PPARD,c_LEU139,mut_s1,detail,1,61,XCNLTPWPUBZVTB-WUKNDPDINA-N,-7.529
PPARD,c_LEU139,mut_s1,detail,1,62,UJJQDGSLGZZHPE-VEWCPZSHNA-N,-7.841
PPARD,c_LEU139,mut_s1,detail,1,63,KUDKBYQDLXZYQT-YAQRNVERNA-N,-7.807
PPARD,c_LEU139,mut_s1,detail,1,64,XZDKQJKAVDHUJN-UHFFFAOYNA-N,-9.002
PPARD,c_LEU139,mut_s1,detail,1,65,PIHCOUNEIQIOLH-UYBDAZJANA-N,-8.439
PPARD,c_LEU139,mut_s1,detail,1,66,FTVJNPIOPFNKML-GPQMBLKYNA-N,-7.901
PPARD,c_LEU139,mut_s1,detail,1,67,HHYDNYVAHAHWJL-UHFFFAOYNA-N,-6.677
PPARD,c_LEU139,mut_s1,detail,1,68,MXABEVYDQHVOES-NSHDSACANA-N,-8.39
PPARD,c_LEU139,mut_s1,detail,1,69,ONNIOMOHOZUMKS-YGZLFCMANA-N,-8.311
PPARD,c_LEU139,mut_s1,detail,1,70,DQLGXAYUAURASJ-XXTDWMNGNA-N,-10.121
PPARD,c_LEU139,mut_s1,detail,1,71,QGKGHRAWZIKZRJ-WYUMXYHSNA-N,-8.05
PPARD,c_LEU139,mut_s1,detail,1,72,JWCQSDFAPBNHSM-UHFFFAOYNA-N,-7.756
PPARD,c_LEU139,mut_s1,detail,1,73,RNSJXWMAYUTWOI-UHFFFAOYNA-N,-8.408
PPARD,c_LEU139,mut_s1,detail,1,74,AKOOSRNDNZPJNL-PKSOQXRJNA-N,-8.706
PPARD,c_LEU139,mut_s1,detail,1,75,BFENEDRNBGYKMO-OTJKMEOQNA-N,-7.914
PPARD,c_LEU139,mut_s1,detail,1,76,RULIAUGJMVIUMH-QWOVJGMINA-N,-8.39
PPARD,c_LEU139,mut_s1,detail,1,77,VHAIHOXTBBWMRC-LILDFLRNNA-N,-7.445
PPARD,c_LEU139,mut_s1,detail,1,78,MMWVUKRVNHSCOU-XWVGVUDUNA-N,-8.599
PPARD,c_LEU139,mut_s1,detail,1,79,VEUYFZWVWBJLBT-LILDFLRNNA-N,-6.72
PPARD,c_LEU139,mut_s1,detail,1,80,UEVUVZKOTQNFQQ-UHFFFAOYNA-N,-8.621
PPARD,c_LEU139,mut_s1,detail,1,81,AVUDBVVAYWAMLJ-UHFFFAOYNA-N,-8.864
PPARD,c_LEU139,mut_s1,detail,1,82,BQVDJEOYDDRFHV-UHFFFAOYNA-N,-6.627
PPARD,c_LEU139,mut_s1,detail,1,83,RJDWHDCXBZVKHF-UHFFFAOYNA-N,-9.614
PPARD,c_LEU139,mut_s1,detail,1,84,UUIYULWYHDSXHL-YREUQKFVNA-N,-7.383
PPARD,c_LEU139,mut_s1,detail,1,85,KSVYPWJPODFWFB-MHWRWJLKNA-N,-9.343
PPARD,c_LEU139,mut_s1,detail,1,86,YTOTVFWYSYGJKJ-MPIMZMORNA-N,-8.534
PPARD,c_LEU139,mut_s1,detail,1,87,LDEBHGWOYJCQTG-SFHVURJKNA-N,-7.618
PPARD,c_LEU139,mut_s1,detail,1,88,NXBTXYMTUUWSCC-XBTAAFKLNA-N,-9.119
PPARD,c_LEU139,mut_s1,detail,1,89,HRLJAEIRFSEJAW-UHFFFAOYNA-N,-8.431
PPARD,c_LEU139,mut_s1,detail,1,90,HROYNIXUIVDQJH-UHFFFAOYNA-N,-8.413
PPARD,c_LEU139,mut_s1,detail,1,91,BYXXTGCOSOYREY-QWOVJGMINA-N,-9.014
PPARD,c_LEU139,mut_s1,detail,1,92,AWXVIXMNAQQCCZ-OEMYIYORNA-N,-8.022
PPARD,c_LEU139,mut_s1,detail,1,93,PVTHJAPFENJVNC-ANRNRNKZNA-N,-7.392
PPARD,c_LEU139,mut_s1,detail,1,94,IMPAUHAIMHCPEJ-PKSOQXRJNA-N,-9.805
PPARD,c_LEU139,mut_s1,detail,1,95,SLOJERRRBYNXAR-NPQUBYNZNA-N,-9.153
PPARD,c_LEU139,mut_s1,detail,1,96,YWBJCOHEBDEQDR-PKSOQXRJNA-N,-8.238
PPARD,c_LEU139,mut_s1,detail,1,97,WWRBDTKNUXAXRR-XAVYIPQLNA-O,-8.295
PPARD,c_LEU139,mut_s1,detail,1,98,HBERTCHGBHHVDT-LILDFLRNNA-N,-9.781
PPARD,c_LEU139,mut_s1,detail,1,99,BXKUVDXLHUBVPA-ZWQIFLOQNA-N,-5.927
PPARD,c_LEU139,mut_s1,detail,1,100,WBWFIUAVMCNYPG-FPLPWBNLNA-N,-7.537
PPARD,c_LEU139,mut_s1,detail,1,101,VRWIFQNGGPFLST-UYBDAZJANA-N,-8.627
PPARD,c_LEU139,mut_s1,detail,1,102,JTAPVIPBGIDRDE-UHFFFAOYNA-N,-10.318
PPARD,c_LEU139,mut_s1,detail,1,103,HBTCLXRQQIHFQB-GDEMPAQCNA-N,-7.417
PPARD,c_LEU139,mut_s1,detail,1,104,DXJSFQXIPUHFQK-QWOVJGMINA-N,-7.289
PPARD,c_LEU139,mut_s1,detail,1,105,RBEMVAFKFYHQIB-UYBDAZJANA-N,-9.36
PPARD,c_LEU139,mut_s1,detail,1,106,QEKAHUYYWSNHDY-DZQCGVKKNA-N,-8.289
PPARD,c_LEU139,mut_s1,detail,1,107,RCSUTAOLFYVOEE-UHFFFAOYNA-N,-8.072
PPARD,c_LEU139,mut_s1,detail,1,108,MYBUANZGRGNVPO-YSPVQWMYNA-N,-9.044
PPARD,c_LEU139,mut_s1,detail,1,109,UIQCZMYFTSFLPQ-LQFNOIFHNA-N,-9.787
PPARD,c_LEU139,mut_s1,detail,1,110,QRMYORHEAHTJBC-GPQMBLKYNA-N,-8.681
PPARD,c_LEU139,mut_s1,detail,1,111,CPYTXWFFFQKUDP-QFAGIUQONA-N,-8.886
PPARD,c_LEU139,mut_s1,detail,1,112,DCIAJQYVIKONRS-QWOVJGMINA-N,-9.383
PPARD,c_LEU139,mut_s1,detail,1,113,ZMMGBIJMLCNSOV-PKSOQXRJNA-N,-7.442
PPARD,c_LEU139,mut_s1,detail,1,114,MRFDGPBJIFXZIT-NPQUBYNZNA-N,-9.437
PPARD,c_LEU139,mut_s1,detail,1,115,KANCHOKOTXNDQH-NVQSQQPGNA-N,-6.877
PPARD,c_LEU139,mut_s1,detail,1,116,SOAWEEUOPZCBSN-UHFFFAOYNA-N,-10.025
PPARD,c_LEU139,mut_s1,detail,1,117,BHXYDHWPQIADCG-HZFZDWCWNA-N,-7.649
PPARD,c_LEU139,mut_s1,detail,1,118,LVIWVNDQNUSMMV-LILDFLRNNA-N,-7.332
PPARD,c_LEU139,mut_s1,detail,1,119,UBAMGTKSOKGECF-UHFFFAOYNA-N,-7.458
PPARD,c_LEU139,mut_s1,detail,1,120,YSVHPRBZNNADQG-UHFFFAOYNA-N,-7.384
PPARD,c_LEU139,mut_s1,detail,1,121,IXZAZBWJQHWVHS-QVUQFMIFNA-N,-8.763
PPARD,c_LEU139,mut_s1,detail,1,122,NILCXRPLMSLFEG-HQHQJUQONA-N,-7.272
PPARD,c_LEU139,mut_s1,detail,1,123,HRNRRPMOOJUJLK-QWOVJGMINA-N,-9.193
PPARD,c_LEU139,mut_s1,detail,1,124,OLSXSUXZOLBVQZ-QVUQFMIFNA-N,-8.682
PPARD,c_LEU139,mut_s1,detail,1,125,XZMGFGHEVBEPKS-UHFFFAOYNA-N,-10.056
PPARD,c_LEU139,mut_s1,detail,1,126,MNLBKBCAEFZATB-UHFFFAOYNA-N,-8.736
PPARD,c_LEU139,mut_s1,detail,1,127,NNTZETQYCAZKJF-UYBDAZJANA-N,-9.514
PPARD,c_LEU139,mut_s1,detail,1,128,AKEDBCQYOCYZDX-PLBWUZGSNA-N,-7.82
PPARD,c_LEU139,mut_s1,detail,1,129,HCXOEHYNUWUKAG-UHFFFAOYNA-N,-8.462
PPARD,c_LEU139,mut_s1,detail,1,130,CWKHWSAMAAAUEN-UYBDAZJANA-N,-8.578
PPARD,c_LEU139,mut_s1,detail,1,131,VMZWELQEDXUUJX-HXTKINSTNA-N,-7.35
PPARD,c_LEU139,mut_s1,detail,1,132,PCMOPVSFMUOUFR-OAQYLSRUNA-N,-8.466
PPARD,c_LEU139,mut_s1,detail,1,133,POFKEPXNJQGIOB-DIRLUKLVNA-N,-9.396
PPARD,c_LEU139,mut_s1,detail,1,134,GQNKLNZBZDEAMD-VQHCSMNLNA-N,-9.934
PPARD,c_LEU139,mut_s1,detail,1,135,COFQAKCKCHDGNW-ZXWGSDNONA-N,-8.586
PPARD,c_LEU139,mut_s1,detail,1,136,XURFWWBVADUSQL-LNNLXFCONA-N,-10.311
PPARD,c_LEU139,mut_s1,detail,1,137,LBDHNFPYMBLBSB-CLCOLTQENA-N,-8.237
PPARD,c_LEU139,mut_s1,detail,1,138,QKIJTUQIQQZCIX-UYBDAZJANA-N,-8.72
PPARD,c_LEU139,mut_s1,detail,1,139,UXLJJGBAQOYQMV-UHFFFAOYNA-N,-9.197
PPARD,c_LEU139,mut_s1,detail,1,140,WQAWGOAEJJIYFP-DEOSSOPVNA-N,-8.867
PPARD,c_LEU139,mut_s1,detail,1,141,MBNPYPWQYGHCTB-UHFFFAOYNA-N,-9.074
PPARD,c_LEU139,mut_s1,detail,1,142,XAYHBRQVRJQCAH-PKSOQXRJNA-N,-8.32
PPARD,c_LEU139,mut_s1,detail,1,143,GNTOXDIONQLPFR-CXUHLZMHNA-N,-8.605
PPARD,c_LEU139,mut_s1,detail,1,144,RIVKJCNOYQAWOL-VCZDBIKCNA-N,-9.533
PPARD,c_LEU139,mut_s1,detail,1,145,LRRFROMGHKZMSA-PKRZOPRNNA-N,-10.262
PPARD,c_LEU139,mut_s1,detail,1,146,HWUKVYPOCLJTSN-RJJUGOMSNA-N,-9.351
PPARD,c_LEU139,mut_s1,detail,1,147,JAQNENPDJAEDSC-UHFFFAOYNA-N,-8.659
PPARD,c_LEU139,mut_s1,detail,1,148,ZYQCCRUKVDVTJE-ZUOKHONENA-N,-7.447
PPARD,c_LEU139,mut_s1,detail,1,149,UUWCZQYGBSUBRG-SPEPDGBUNA-N,-11.194
PPARD,c_LEU139,mut_s1,detail,1,150,KNGPIEIQVMOPHJ-PKSOQXRJNA-N,-8.465
PPARD,c_LEU139,mut_s1,detail,1,151,CTDCFVMSXQQWDC-HXTKINSTNA-N,-9.075
PPARD,c_LEU139,mut_s1,detail,1,152,AELMMQNCWIYZED-UHFFFAOYNA-N,-8.35
PPARD,c_LEU139,mut_s1,detail,1,153,BTBRAURMAUKXDM-UHFFFAOYNA-N,-8.193
PPARD,c_LEU139,mut_s1,detail,1,154,DWAPJEYUYKZUPW-UYBDAZJANA-N,-9.891
PPARD,c_LEU139,mut_s1,detail,1,155,MTWNFHPRKAIWJY-LQFNOIFHNA-N,-8.979
PPARD,c_LEU139,mut_s1,detail,1,156,XMOFGSWSGOXFPP-MPIMZMORNA-N,-8.899
PPARD,c_LEU139,mut_s1,detail,1,157,VVSBVXXITLYIIA-CKFYMFOVNA-N,-9.49
PPARD,c_LEU139,mut_s1,detail,1,158,GAXPVNSBLNNWCZ-PSHYBUTQNA-N,-8.25
PPARD,c_LEU139,mut_s1,detail,1,159,XDYREIZGNBPMPJ-IBGZPJMENA-N,-10.441
PPARD,c_LEU139,mut_s1,detail,1,160,WITBRHUYBFKPOL-MPIMZMORNA-N,-8.45
PPARD,c_LEU139,mut_s1,detail,1,161,IBIQKJHXTSLLBQ-PKRZOPRNNA-N,-9.606
PPARD,c_LEU139,mut_s1,detail,1,162,VLUGXHSPLMSNET-LNNLXFCONA-N,-9.503
PPARD,c_LEU139,mut_s1,detail,1,163,IEQABWYSQBHOMM-UHFFFAOYNA-N,-8.519
PPARD,c_LEU139,mut_s1,detail,1,164,FWLMJHGQRXWNIS-UHFFFAOYNA-N,-8.689
PPARD,c_LEU139,mut_s1,detail,1,165,RZJWOMPOSAPIJL-LQFNOIFHNA-N,-8.737
PPARD,c_LEU139,mut_s1,detail,1,166,ZUMDOGBUKHTCOC-CWWQGPJMNA-N,-9.154
PPARD,c_LEU139,mut_s1,detail,1,167,ANZGKDRXGOPIJA-QWOVJGMINA-N,-7.835
PPARD,c_LEU139,mut_s1,detail,1,168,QUISVMJELRRHAG-UHFFFAOYNA-N,-9.165
PPARD,c_LEU139,mut_s1,detail,1,169,XZFCGNQJCGTXNQ-ZVHZXABRNA-N,-8.269
PPARD,c_LEU139,mut_s1,detail,1,170,UGPWOMSWEMIIJH-UHFFFAOYNA-N,-9.34
PPARD,c_LEU139,mut_s1,detail,1,171,WGMQZHYPIKBUML-LQFNOIFHNA-N,-7.44
PPARD,c_LEU139,mut_s1,detail,1,172,HPNLHDILXMKRJE-UHFFFAOYNA-N,-8.352
PPARD,c_LEU139,mut_s1,detail,1,173,AQBHPXSDFXKHIG-LELJVTLKNA-N,-8.657
PPARD,c_LEU139,mut_s1,detail,1,174,BHPSGEAUUZMDDL-QFIPXVFZNA-N,-9.12
PPARD,c_LEU139,mut_s1,detail,1,175,RHMDXGNHLMFANS-XBXBPLPCNA-N,-9.293
PPARD,c_LEU139,mut_s1,detail,1,176,HZXUSKDOXPOMIW-PKSOQXRJNA-N,-7.947
PPARD,c_LEU139,mut_s1,detail,1,177,QBBIMTGZZXPUPY-UHFFFAOYNA-N,-7.89
PPARD,c_LEU139,mut_s1,detail,1,178,FAALFCIDNMPXJU-LNNLXFCONA-N,-10.756
PPARD,c_LEU139,mut_s1,detail,1,179,UEGWFDMCEAIRSE-DVIAZDKANA-N,-8.466
PPARD,c_LEU139,mut_s1,detail,1,180,QATBWONTRXXCBE-UHFFFAOYNA-N,-8.384
PPARD,c_LEU139,mut_s1,detail,1,181,IEWZULBPMDXTLX-LQFNOIFHNA-N,-11.475
PPARD,c_LEU139,mut_s1,detail,1,182,DTUUXDIGBXNINJ-PKSOQXRJNA-N,-7.681
PPARD,c_LEU139,mut_s1,detail,1,183,FFDDOWCKFPDEPQ-KIYDBJNPNA-N,-9.569
PPARD,c_LEU139,mut_s1,detail,1,184,LFTDMBYAYYEBDL-XWYQMZBENA-N,-10.002
PPARD,c_LEU139,mut_s1,detail,1,185,VZFTWWJAUZOJDH-YANQHBGHNA-N,-9.944
PPARD,c_LEU139,mut_s1,detail,1,186,YNUOGMCLPCOTIC-UHFFFAOYNA-N,-8.959
PPARD,c_LEU139,mut_s1,detail,1,187,WDXONUYXRRUOAF-LELJVTLKNA-N,-8.9
PPARD,c_LEU139,mut_s1,detail,1,188,FWYUTSUWWZVOGD-UHFFFAOYNA-N,-8.44
PPARD,c_LEU139,mut_s1,detail,1,189,VMDJSIGZJOXSGC-UHFFFAOYNA-N,-8.647
PPARD,c_LEU139,mut_s1,detail,1,190,IIVPENRIUTZXCZ-DFVASWNCNA-N,-8.115
PPARD,c_LEU139,mut_s1,detail,1,191,HHKIXRJLSXZGIO-LBOYIXSDNA-N,-9.055
PPARD,c_LEU139,mut_s1,detail,1,192,VFCHPGXNLRROSP-UHFFFAOYNA-N,-9.395
PPARD,c_LEU139,mut_s1,detail,1,193,LQNMNFIDHADHQU-LQFNOIFHNA-N,-9.041
PPARD,c_LEU139,mut_s1,detail,1,194,DWCQXZSEATZNGJ-JXAWBTAJNA-N,-7.618
PPARD,c_LEU139,mut_s1,detail,1,195,XCFKTIVHIIOEHO-XRJCTRHONA-N,-10.702
PPARD,c_LEU139,mut_s1,detail,1,196,CTKVVCDWNBLQHQ-VJSLDGLSNA-N,-9.402
PPARD,c_LEU139,mut_s1,detail,1,197,SJEBTTUNLKKAEO-QFIPXVFZNA-N,-8.531
PPARD,c_LEU139,mut_s1,detail,1,198,VUVBMRFFLDJIKB-UHFFFAOYNA-N,-8.543
PPARD,c_LEU139,mut_s1,detail,1,199,CRDOCDKYXPCHRG-GMLXSZADNA-N,-8.988
PPARD,c_LEU139,mut_s1,detail,1,200,PTRAWPOMIAVCDX-NPZFWETONA-N,-10.43
PPARD,c_LEU139,mut_s1,detail,1,201,YPCVJZIGKJSYKB-XWQTZBKQNA-N,-9.823
PPARD,c_LEU139,mut_s1,detail,1,202,DDQUBMKKMCESIY-UHFFFAOYNA-N,-9.302
PPARD,c_LEU139,mut_s1,detail,1,203,QRBHMNKXVMROIF-UHFFFAOYNA-N,-9.657
PPARD,c_LEU139,mut_s1,detail,1,204,CSCOHEYTBLBQMG-SREBMQDQNA-N,-10.036
PPARD,c_LEU139,mut_s1,detail,1,205,FPRLMEVUSKOQRF-UHFFFAOYNA-N,-8.98
PPARD,c_LEU139,mut_s1,detail,1,206,VRUTXMQQNLYKSZ-SPEPDGBUNA-N,-10.429
PPARD,c_LEU139,mut_s1,detail,1,207,IFVIZWYRFUIABK-LKHHGCNMNA-N,-9.871
PPARD,c_LEU139,mut_s1,detail,1,208,BJSKDMOWRPAVMK-UHFFFAOYNA-N,-8.314
PPARD,c_LEU139,mut_s1,detail,1,209,AJDIYNONBYMZIF-ILOOJWFPNA-N,-10.49
PPARD,c_LEU139,mut_s1,detail,1,210,ABURDUMLEUCKOY-FYDYDPJYNA-N,-10.101
PPARD,c_LEU139,mut_s1,detail,1,211,ZXCSBCTVTJFLOZ-JUEKIJOLNA-N,-9.912
PPARD,c_LEU139,mut_s1,detail,1,212,SKVNACLQMJDJNT-JJFURXLTNA-N,-9.765
PPARD,c_LEU139,mut_s1,detail,1,213,OWDCBGQHUHBGKH-ODBASERBNA-N,-9.616
PPARD,c_LEU139,mut_s1,detail,1,214,RLXWTYPPMJNURK-LELJVTLKNA-N,-9.369
PPARD,c_LEU139,mut_s1,detail,1,215,LFFVXCIQPOOMOV-UHFFFAOYNA-N,-12.499
PPARD,c_LEU139,mut_s1,detail,1,216,ZFFOVIFFFSWOKF-PKRZOPRNNA-N,-11.978
PPARD,c_LEU139,mut_s1,detail,1,217,VVWGMEIQTOBDML-RDPOJNOENA-N,-9.326
PPARD,c_LEU139,mut_s1,detail,1,218,QAGLJDWYCCJEHH-IGBJZSFZNA-N,-8.911
PPARD,c_LEU139,mut_s1,detail,1,219,NFMSQLAKBDDECA-HXXFNXQYNA-N,-9.521
PPARD,c_LEU139,mut_s1,detail,1,220,RLKPYUHHHDBUKR-LKHHGCNMNA-N,-8.391
PPARD,c_LEU139,mut_s1,detail,1,221,FVGJPHFQQMQGFQ-PQVCHVPHNA-N,-11.784
PPARD,c_LEU139,mut_s1,detail,1,222,GGQXSFRJLUHOGQ-MDNXCRMFNA-N,-10.288
PPARD,c_LEU139,mut_s1,detail,1,223,LLLNQQOQHKAYHT-CSKMVECVNA-N,-10.739
PPARD,c_LEU139,mut_s1,detail,1,224,FTHKKKKNTGUTPA-NBVNDQADNA-N,-10.427
PPARD,c_LEU139,mut_s1,detail,1,225,BKYZARFJJFORLR-UHFFFAOYNA-N,-8.998
PPARD,c_LEU139,mut_s1,detail,1,226,XMHRXPMKDALTSG-YPBLIGHQNA-N,-8.571
PPARD,c_LEU139,mut_s1,detail,1,227,OVSPJLFXFWHQFE-HXTKINSTNA-N,-9.264
PPARD,c_LEU139,mut_s1,detail,1,228,SHBLCUUJYNQTSS-NRFANRHFNA-N,-9.961
PPARD,c_LEU139,mut_s1,detail,1,229,OHXYGRXPONZZPF-UHFFFAOYNA-N,-9.43
PPARD,c_LEU139,mut_s1,detail,1,230,XFOMWTKVHWXVRS-UHFFFAOYNA-N,-10.681
PPARD,c_LEU139,mut_s1,detail,1,231,HMPVPIRJMYFQCT-WXDRZTAENA-N,-9.359
PPARD,c_LEU139,mut_s1,detail,1,232,NRIQEFNHCJMSHL-UHFFFAOYNA-N,-11.137
PPARD,c_LEU139,mut_s1,detail,1,233,WQIKRJDLIIEKAG-WWXRYIHZNA-N,-9.463
PPARD,c_LEU139,mut_s1,detail,1,234,CQCKANIIWHCLDP-UHFFFAOYNA-N,-8.02
PPARD,c_LEU139,mut_s1,detail,1,235,QETNVWCEGLMMRQ-CXUYMYAGNA-N,-8.694
PPARD,c_LEU139,mut_s1,detail,1,236,MLYHNVDOBUQIID-NSJMMFDCNA-N,-11.049
PPARD,c_LEU139,mut_s1,detail,1,237,VBFOTEWTMOETMO-PECIQRARNA-N,-7.693
PPARD,c_LEU139,mut_s1,detail,1,238,NFSDYJKEOCQTKX-CYSPOYASNA-N,-8.812
PPARD,c_LEU139,mut_s1,detail,1,239,GZQHTWYWDSMEAW-UHFFFAOYNA-N,-8.756
PPARD,c_LEU139,mut_s1,detail,1,240,LZTXTKIYKWMRQJ-ZALBZXLWNA-N,-7.826
PPARD,c_LEU139,mut_s1,detail,1,241,YPDLHOCWYZLMQS-GFBXQOHCNA-N,-8.859
PPARD,c_LEU139,mut_s1,detail,1,242,FJUITIGQDNFRQI-UHFFFAOYNA-N,-7.575
PPARD,c_LEU139,mut_s1,detail,1,243,OHAIFIOFCXDBHP-NKTHEXPSNA-N,-9.338
PPARD,c_LEU139,mut_s1,detail,1,244,LSAXQHPWOGTFSG-UHFFFAOYNA-N,-8.394
PPARD,c_LEU139,mut_s1,detail,1,245,OENZVDXWLVYZJT-DHDJHLBQNA-N,-10.18
PPARD,c_LEU139,mut_s1,detail,1,246,UEOXIUXQBRDLJU-LBOYIXSDNA-N,-9.787
PPARD,c_LEU139,mut_s1,detail,1,247,YFYGWSCMDCTAKZ-MPIMZMORNA-N,-8.147
PPARD,c_LEU139,mut_s1,detail,1,248,AQHYVBHJINDJIW-UHFFFAOYNA-N,-8.324
PPARD,c_LEU139,mut_s1,detail,1,249,DBOAHQYVPCTALU-QBAQSEIJNA-N,-8.363
PPARD,c_LEU139,mut_s1,detail,1,250,NRMRHCTVBLZOIE-PJQSKVNONA-N,-8.412
PPARD,c_LEU139,mut_s1,detail,1,251,CGHADMRBCNGDHX-UOUKHUKPNA-N,-11.099
PPARD,c_LEU139,mut_s1,detail,1,252,DDZBRJBYGLTADL-TZFBGDORNA-N,-9.019
PPARD,c_LEU139,mut_s1,detail,1,253,LOIPDGFJRKDXSJ-UHFFFAOYNA-N,-9.268
PPARD,c_LEU139,mut_s1,detail,1,254,VBQAIJHAPZFIRO-MOQCICHVNA-N,-9.199
PPARD,c_LEU139,mut_s1,detail,1,255,YPVDZKHCFQJIDP-UHFFFAOYNA-N,-9.805
PPARD,c_VAL131,mut_s1,detail,1,0,IFHZOGDEYHFNQO-PKSOQXRJNA-N,-9.258
PPARD,c_VAL131,mut_s1,detail,1,1,PZDDADWKMMNNHC-UHFFFAOYNA-N,-7.247
PPARD,c_VAL131,mut_s1,detail,1,2,BUEYTYZOCKWHHR-UHFFFAOYNA-N,-7.488
PPARD,c_VAL131,mut_s1,detail,1,3,URXMTXGGQRBQQC-LNZJGEAENA-N,-6.662
PPARD,c_VAL131,mut_s1,detail,1,4,NNVZANSRDHCDLK-UHFFFAOYNA-N,-8.731
PPARD,c_VAL131,mut_s1,detail,1,5,YCVTUSIXNJAXKA-UHFFFAOYNA-N,-8.417
PPARD,c_VAL131,mut_s1,detail,1,6,YLQOELRYUQBERL-YHMJCDSINA-N,-6.701
PPARD,c_VAL131,mut_s1,detail,1,7,XIOYZAUVDJKWCL-UHFFFAOYNA-N,-8.76
PPARD,c_VAL131,mut_s1,detail,1,8,NYBRKCCEVRSDNF-UHFFFAOYNA-N,-9.018
PPARD,c_VAL131,mut_s1,detail,1,9,HOWDUDRRYYVTNY-NDKGDYFDNA-N,-7.535
PPARD,c_VAL131,mut_s1,detail,1,10,RVRIAONMWINUPS-GPQMBLKYNA-N,-7.741
PPARD,c_VAL131,mut_s1,detail,1,11,UVVPLBQLDVTPSL-RVQYIEHVNA-N,-6.394
PPARD,c_VAL131,mut_s1,detail,1,12,AXXXFCGETBIMKI-UHFFFAOYNA-N,-7.421
PPARD,c_VAL131,mut_s1,detail,1,13,RBMUBAYHBUBLMR-NKWLYDBFNA-N,-8.508
PPARD,c_VAL131,mut_s1,detail,1,14,BTIHIHBWVGQIIQ-UHFFFAOYNA-N,-7.427
PPARD,c_VAL131,mut_s1,detail,1,15,ACAOHWOPNZHWAF-WNVDMVQFNA-N,-8.469
PPARD,c_VAL131,mut_s1,detail,1,16,VEFTYKZXVJQBER-ZHLVXTBQNA-N,-6.658
PPARD,c_VAL131,mut_s1,detail,1,17,QBQDUEWXIOEVKT-UYBDAZJANA-N,-9.242
PPARD,c_VAL131,mut_s1,detail,1,18,KRGQOKCRZMRVRH-UHFFFAOYNA-N,-6.122
PPARD,c_VAL131,mut_s1,detail,1,19,YXGMBGNPGWDLBJ-WYUMXYHSNA-N,-7.486
PPARD,c_VAL131,mut_s1,detail,1,20,LHQICPSUYGARIS-UHFFFAOYNA-N,-8.878
PPARD,c_VAL131,mut_s1,detail,1,21,ZXVNJVRABSCRGU-GPQMBLKYNA-N,-8.518
PPARD,c_VAL131,mut_s1,detail,1,22,TYXGDELQOONTQQ-DQDSCPLDNA-N,-7.92
PPARD,c_VAL131,mut_s1,detail,1,23,FMDKDGDDTIJRQT-WRCMMWDQNA-N,-7.176
PPARD,c_VAL131,mut_s1,detail,1,24,DXLLFVXDQQMGGM-LILDFLRNNA-N,-7.789
PPARD,c_VAL131,mut_s1,detail,1,25,RCFHJSCTPLCRAN-UHFFFAOYNA-N,-8.228
PPARD,c_VAL131,mut_s1,detail,1,26,LOIKOLAEHONJTE-KARVIEMNNA-N,-8.451
PPARD,c_VAL131,mut_s1,detail,1,27,ZBEDJPDEINGEHM-UHFFFAOYNA-N,-6.051
PPARD,c_VAL131,mut_s1,detail,1,28,PKHXJWYQMRFPTR-LILDFLRNNA-N,-8.023
PPARD,c_VAL131,mut_s1,detail,1,29,DGFWWFXFIZOMRX-WXRBYKJCNA-N,-6.657
PPARD,c_VAL131,mut_s1,detail,1,30,NDEDMCKHRVZXGD-VEWCPZSHNA-N,-7.625
PPARD,c_VAL131,mut_s1,detail,1,31,UPOCYXRXSNRNNU-UHFFFAOYNA-N,-7.838
PPARD,c_VAL131,mut_s1,detail,1,32,UGLPVHLKYTWQRV-UHFFFAOYNA-N,-8.312
PPARD,c_VAL131,mut_s1,detail,1,33,VEBIFNQLJFTSLJ-GPQMBLKYNA-N,-7.755
PPARD,c_VAL131,mut_s1,detail,1,34,FZGYMZTVBMODJR-GUYCJALGNA-N,-7.749
PPARD,c_VAL131,mut_s1,detail,1,35,XVAMDQGNCAYOLZ-CMNYYERHNA-N,-7.744
PPARD,c_VAL131,mut_s1,detail,1,36,MRHCSNNEUHXNIC-DLGLGFIGNA-N,-8.172
PPARD,c_VAL131,mut_s1,detail,1,37,QXSUNGXUTAFLCR-HCKMINDGNA-N,-8.492
PPARD,c_VAL131,mut_s1,detail,1,38,BTUZBQRUTGYGSI-SAAHQOFTNA-N,-7.983
PPARD,c_VAL131,mut_s1,detail,1,39,TTYMNRMJLOVQEL-UHFFFAOYNA-N,-7.516
PPARD,c_VAL131,mut_s1,detail,1,40,IVQOCTZDCXKGHW-UHFFFAOYNA-N,-7.64
PPARD,c_VAL131,mut_s1,detail,1,41,SRWKAZSWOPMZLA-WYUMXYHSNA-N,-7.767
PPARD,c_VAL131,mut_s1,detail,1,42,QPEDEGUPTWDSJM-UHFFFAOYNA-N,-8.567
PPARD,c_VAL131,mut_s1,detail,1,43,ISYYCVGFJSIOIJ-UHFFFAOYNA-N,-7.082
PPARD,c_VAL131,mut_s1,detail,1,44,MTUZLFBKKNTLNL-YHMJCDSINA-N,-7.386
PPARD,c_VAL131,mut_s1,detail,1,45,JOFJZXKVGWGQRQ-UHFFFAOYNA-N,-6.045
PPARD,c_VAL131,mut_s1,detail,1,46,KOHAFBWLWQFBFU-UHFFFAOYNA-N,-7.984
PPARD,c_VAL131,mut_s1,detail,1,47,YHDLLKNPVWVCGF-UHFFFAOYNA-N,-8.256
PPARD,c_VAL131,mut_s1,detail,1,48,KIRJGAMLMFQPIX-LILDFLRNNA-N,-9.53
PPARD,c_VAL131,mut_s1,detail,1,49,MIUGSXDNQICPKY-AHPDCHJINA-N,-6.999
PPARD,c_VAL131,mut_s1,detail,1,50,NCQYFKGTEDNHPE-GPQMBLKYNA-N,-9.534
PPARD,c_VAL131,mut_s1,detail,1,51,OILQEGDAOXVJJG-UHFFFAOYNA-N,-8.134
PPARD,c_VAL131,mut_s1,detail,1,52,KMZMSABQJYKKBU-UHFFFAOYNA-N,-7.35
PPARD,c_VAL131,mut_s1,detail,1,53,ODNAHSRJQUKZJC-UHFFFAOYNA-N,-7.858
PPARD,c_VAL131,mut_s1,detail,1,54,WBXGNUJDIOVVDS-GPQMBLKYNA-N,-9.187
PPARD,c_VAL131,mut_s1,detail,1,55,KGFVHZKXNIFXQC-XQMQJMAZNA-N,-7.531
PPARD,c_VAL131,mut_s1,detail,1,56,ZGDACLBJJXLKJY-UHFFFAOYNA-N,-7.876
PPARD,c_VAL131,mut_s1,detail,1,57,ODQASWLALUMZKF-UHFFFAOYNA-N,-9.101
PPARD,c_VAL131,mut_s1,detail,1,58,HEAFXLZWNUOLNQ-UHFFFAOYNA-N,-8.644
PPARD,c_VAL131,mut_s1,detail,1,59,GDJPLZYPNHEBBO-GAJRPKRDNA-N,-7.279
PPARD,c_VAL131,mut_s1,detail,1,60,KZNIFHPLKGYRTM-UHFFFAOYNA-N,-7.96
PPARD,c_VAL131,mut_s1,detail,1,61,XCNLTPWPUBZVTB-WUKNDPDINA-N,-7.191
PPARD,c_VAL131,mut_s1,detail,1,62,UJJQDGSLGZZHPE-VEWCPZSHNA-N,-8.062
PPARD,c_VAL131,mut_s1,detail,1,63,KUDKBYQDLXZYQT-YAQRNVERNA-N,-7.842
PPARD,c_VAL131,mut_s1,detail,1,64,XZDKQJKAVDHUJN-UHFFFAOYNA-N,-8.932
PPARD,c_VAL131,mut_s1,detail,1,65,PIHCOUNEIQIOLH-UYBDAZJANA-N,-8.323
PPARD,c_VAL131,mut_s1,detail,1,66,FTVJNPIOPFNKML-GPQMBLKYNA-N,-7.672
PPARD,c_VAL131,mut_s1,detail,1,67,HHYDNYVAHAHWJL-UHFFFAOYNA-N,-6.891
PPARD,c_VAL131,mut_s1,detail,1,68,MXABEVYDQHVOES-NSHDSACANA-N,-8.197
PPARD,c_VAL131,mut_s1,detail,1,69,ONNIOMOHOZUMKS-YGZLFCMANA-N,-8.179
PPARD,c_VAL131,mut_s1,detail,1,70,DQLGXAYUAURASJ-XXTDWMNGNA-N,-9.944
PPARD,c_VAL131,mut_s1,detail,1,71,QGKGHRAWZIKZRJ-WYUMXYHSNA-N,-8.139
PPARD,c_VAL131,mut_s1,detail,1,72,JWCQSDFAPBNHSM-UHFFFAOYNA-N,-8.218
PPARD,c_VAL131,mut_s1,detail,1,73,RNSJXWMAYUTWOI-UHFFFAOYNA-N,-8.489
PPARD,c_VAL131,mut_s1,detail,1,74,AKOOSRNDNZPJNL-PKSOQXRJNA-N,-9.268
PPARD,c_VAL131,mut_s1,detail,1,75,BFENEDRNBGYKMO-OTJKMEOQNA-N,-7.851
PPARD,c_VAL131,mut_s1,detail,1,76,RULIAUGJMVIUMH-QWOVJGMINA-N,-8.256
PPARD,c_VAL131,mut_s1,detail,1,77,VHAIHOXTBBWMRC-LILDFLRNNA-N,-6.957
PPARD,c_VAL131,mut_s1,detail,1,78,MMWVUKRVNHSCOU-XWVGVUDUNA-N,-8.694
PPARD,c_VAL131,mut_s1,detail,1,79,VEUYFZWVWBJLBT-LILDFLRNNA-N,-6.623
PPARD,c_VAL131,mut_s1,detail,1,80,UEVUVZKOTQNFQQ-UHFFFAOYNA-N,-8.515
PPARD,c_VAL131,mut_s1,detail,1,81,AVUDBVVAYWAMLJ-UHFFFAOYNA-N,-8.756
PPARD,c_VAL131,mut_s1,detail,1,82,BQVDJEOYDDRFHV-UHFFFAOYNA-N,-7.342
PPARD,c_VAL131,mut_s1,detail,1,83,RJDWHDCXBZVKHF-UHFFFAOYNA-N,-9.527
PPARD,c_VAL131,mut_s1,detail,1,84,UUIYULWYHDSXHL-YREUQKFVNA-N,-7.35
PPARD,c_VAL131,mut_s1,detail,1,85,KSVYPWJPODFWFB-MHWRWJLKNA-N,-9.208
PPARD,c_VAL131,mut_s1,detail,1,86,YTOTVFWYSYGJKJ-MPIMZMORNA-N,-8.433
PPARD,c_VAL131,mut_s1,detail,1,87,LDEBHGWOYJCQTG-SFHVURJKNA-N,-7.615
PPARD,c_VAL131,mut_s1,detail,1,88,NXBTXYMTUUWSCC-XBTAAFKLNA-N,-9.154
PPARD,c_VAL131,mut_s1,detail,1,89,HRLJAEIRFSEJAW-UHFFFAOYNA-N,-8.667
PPARD,c_VAL131,mut_s1,detail,1,90,HROYNIXUIVDQJH-UHFFFAOYNA-N,-8.571
PPARD,c_VAL131,mut_s1,detail,1,91,BYXXTGCOSOYREY-QWOVJGMINA-N,-8.674
PPARD,c_VAL131,mut_s1,detail,1,92,AWXVIXMNAQQCCZ-OEMYIYORNA-N,-8.054
PPARD,c_VAL131,mut_s1,detail,1,93,PVTHJAPFENJVNC-ANRNRNKZNA-N,-6.898
PPARD,c_VAL131,mut_s1,detail,1,94,IMPAUHAIMHCPEJ-PKSOQXRJNA-N,-9.75
PPARD,c_VAL131,mut_s1,detail,1,95,SLOJERRRBYNXAR-NPQUBYNZNA-N,-8.851
PPARD,c_VAL131,mut_s1,detail,1,96,YWBJCOHEBDEQDR-PKSOQXRJNA-N,-8.054
PPARD,c_VAL131,mut_s1,detail,1,97,WWRBDTKNUXAXRR-XAVYIPQLNA-O,-8.222
PPARD,c_VAL131,mut_s1,detail,1,98,HBERTCHGBHHVDT-LILDFLRNNA-N,-9.898
PPARD,c_VAL131,mut_s1,detail,1,99,BXKUVDXLHUBVPA-ZWQIFLOQNA-N,-5.203
PPARD,c_VAL131,mut_s1,detail,1,100,WBWFIUAVMCNYPG-FPLPWBNLNA-N,-7.653
PPARD,c_VAL131,mut_s1,detail,1,101,VRWIFQNGGPFLST-UYBDAZJANA-N,-9.181
PPARD,c_VAL131,mut_s1,detail,1,102,JTAPVIPBGIDRDE-UHFFFAOYNA-N,-10.461
PPARD,c_VAL131,mut_s1,detail,1,103,HBTCLXRQQIHFQB-GDEMPAQCNA-N,-7.745
PPARD,c_VAL131,mut_s1,detail,1,104,DXJSFQXIPUHFQK-QWOVJGMINA-N,-7.251
PPARD,c_VAL131,mut_s1,detail,1,105,RBEMVAFKFYHQIB-UYBDAZJANA-N,-9.03
PPARD,c_VAL131,mut_s1,detail,1,106,QEKAHUYYWSNHDY-DZQCGVKKNA-N,-8.183
PPARD,c_VAL131,mut_s1,detail,1,107,RCSUTAOLFYVOEE-UHFFFAOYNA-N,-8.386
PPARD,c_VAL131,mut_s1,detail,1,108,MYBUANZGRGNVPO-YSPVQWMYNA-N,-9.198
PPARD,c_VAL131,mut_s1,detail,1,109,UIQCZMYFTSFLPQ-LQFNOIFHNA-N,-9.552
PPARD,c_VAL131,mut_s1,detail,1,110,QRMYORHEAHTJBC-GPQMBLKYNA-N,-8.869
PPARD,c_VAL131,mut_s1,detail,1,111,CPYTXWFFFQKUDP-QFAGIUQONA-N,-8.581
PPARD,c_VAL131,mut_s1,detail,1,112,DCIAJQYVIKONRS-QWOVJGMINA-N,-8.859
PPARD,c_VAL131,mut_s1,detail,1,113,ZMMGBIJMLCNSOV-PKSOQXRJNA-N,-7.543
PPARD,c_VAL131,mut_s1,detail,1,114,MRFDGPBJIFXZIT-NPQUBYNZNA-N,-9.627
PPARD,c_VAL131,mut_s1,detail,1,115,KANCHOKOTXNDQH-NVQSQQPGNA-N,-7.663
PPARD,c_VAL131,mut_s1,detail,1,116,SOAWEEUOPZCBSN-UHFFFAOYNA-N,-9.714
PPARD,c_VAL131,mut_s1,detail,1,117,BHXYDHWPQIADCG-HZFZDWCWNA-N,-7.736
PPARD,c_VAL131,mut_s1,detail,1,118,LVIWVNDQNUSMMV-LILDFLRNNA-N,-7.659
PPARD,c_VAL131,mut_s1,detail,1,119,UBAMGTKSOKGECF-UHFFFAOYNA-N,-7.431
PPARD,c_VAL131,mut_s1,detail,1,120,YSVHPRBZNNADQG-UHFFFAOYNA-N,-7.561
PPARD,c_VAL131,mut_s1,detail,1,121,IXZAZBWJQHWVHS-QVUQFMIFNA-N,-8.467
PPARD,c_VAL131,mut_s1,detail,1,122,NILCXRPLMSLFEG-HQHQJUQONA-N,-7.765
PPARD,c_VAL131,mut_s1,detail,1,123,HRNRRPMOOJUJLK-QWOVJGMINA-N,-9.378
PPARD,c_VAL131,mut_s1,detail,1,124,OLSXSUXZOLBVQZ-QVUQFMIFNA-N,-8.651
PPARD,c_VAL131,mut_s1,detail,1,125,XZMGFGHEVBEPKS-UHFFFAOYNA-N,-9.979
PPARD,c_VAL131,mut_s1,detail,1,126,MNLBKBCAEFZATB-UHFFFAOYNA-N,-8.305
PPARD,c_VAL131,mut_s1,detail,1,127,NNTZETQYCAZKJF-UYBDAZJANA-N,-9.588
PPARD,c_VAL131,mut_s1,detail,1,128,AKEDBCQYOCYZDX-PLBWUZGSNA-N,-8.694
PPARD,c_VAL131,mut_s1,detail,1,129,HCXOEHYNUWUKAG-UHFFFAOYNA-N,-8.514
PPARD,c_VAL131,mut_s1,detail,1,130,CWKHWSAMAAAUEN-UYBDAZJANA-N,-8.588
PPARD,c_VAL131,mut_s1,detail,1,131,VMZWELQEDXUUJX-HXTKINSTNA-N,-7.083
PPARD,c_VAL131,mut_s1,detail,1,132,PCMOPVSFMUOUFR-OAQYLSRUNA-N,-8.446
PPARD,c_VAL131,mut_s1,detail,1,133,POFKEPXNJQGIOB-DIRLUKLVNA-N,-10.775
PPARD,c_VAL131,mut_s1,detail,1,134,GQNKLNZBZDEAMD-VQHCSMNLNA-N,-9.825
PPARD,c_VAL131,mut_s1,detail,1,135,COFQAKCKCHDGNW-ZXWGSDNONA-N,-8.429
PPARD,c_VAL131,mut_s1,detail,1,136,XURFWWBVADUSQL-LNNLXFCONA-N,-9.957
PPARD,c_VAL131,mut_s1,detail,1,137,LBDHNFPYMBLBSB-CLCOLTQENA-N,-7.295
PPARD,c_VAL131,mut_s1,detail,1,138,QKIJTUQIQQZCIX-UYBDAZJANA-N,-9.059
PPARD,c_VAL131,mut_s1,detail,1,139,UXLJJGBAQOYQMV-UHFFFAOYNA-N,-8.462
PPARD,c_VAL131,mut_s1,detail,1,140,WQAWGOAEJJIYFP-DEOSSOPVNA-N,-9.205
PPARD,c_VAL131,mut_s1,detail,1,141,MBNPYPWQYGHCTB-UHFFFAOYNA-N,-8.914
PPARD,c_VAL131,mut_s1,detail,1,142,XAYHBRQVRJQCAH-PKSOQXRJNA-N,-7.984
PPARD,c_VAL131,mut_s1,detail,1,143,GNTOXDIONQLPFR-CXUHLZMHNA-N,-8.68
PPARD,c_VAL131,mut_s1,detail,1,144,RIVKJCNOYQAWOL-VCZDBIKCNA-N,-9.465
PPARD,c_VAL131,mut_s1,detail,1,145,LRRFROMGHKZMSA-PKRZOPRNNA-N,-10.151
PPARD,c_VAL131,mut_s1,detail,1,146,HWUKVYPOCLJTSN-RJJUGOMSNA-N,-8.946
PPARD,c_VAL131,mut_s1,detail,1,147,JAQNENPDJAEDSC-UHFFFAOYNA-N,-8.726
PPARD,c_VAL131,mut_s1,detail,1,148,ZYQCCRUKVDVTJE-ZUOKHONENA-N,-7.395
PPARD,c_VAL131,mut_s1,detail,1,149,UUWCZQYGBSUBRG-SPEPDGBUNA-N,-10.437
PPARD,c_VAL131,mut_s1,detail,1,150,KNGPIEIQVMOPHJ-PKSOQXRJNA-N,-8.472
PPARD,c_VAL131,mut_s1,detail,1,151,CTDCFVMSXQQWDC-HXTKINSTNA-N,-8.851
PPARD,c_VAL131,mut_s1,detail,1,152,AELMMQNCWIYZED-UHFFFAOYNA-N,-9.074
PPARD,c_VAL131,mut_s1,detail,1,153,BTBRAURMAUKXDM-UHFFFAOYNA-N,-8.205
PPARD,c_VAL131,mut_s1,detail,1,154,DWAPJEYUYKZUPW-UYBDAZJANA-N,-9.921
PPARD,c_VAL131,mut_s1,detail,1,155,MTWNFHPRKAIWJY-LQFNOIFHNA-N,-9.761
PPARD,c_VAL131,mut_s1,detail,1,156,XMOFGSWSGOXFPP-MPIMZMORNA-N,-8.747
PPARD,c_VAL131,mut_s1,detail,1,157,VVSBVXXITLYIIA-CKFYMFOVNA-N,-9.417
PPARD,c_VAL131,mut_s1,detail,1,158,GAXPVNSBLNNWCZ-PSHYBUTQNA-N,-7.976
PPARD,c_VAL131,mut_s1,detail,1,159,XDYREIZGNBPMPJ-IBGZPJMENA-N,-9.492
PPARD,c_VAL131,mut_s1,detail,1,160,WITBRHUYBFKPOL-MPIMZMORNA-N,-8.751
PPARD,c_VAL131,mut_s1,detail,1,161,IBIQKJHXTSLLBQ-PKRZOPRNNA-N,-9.824
PPARD,c_VAL131,mut_s1,detail,1,162,VLUGXHSPLMSNET-LNNLXFCONA-N,-8.992
PPARD,c_VAL131,mut_s1,detail,1,163,IEQABWYSQBHOMM-UHFFFAOYNA-N,-8.462
PPARD,c_VAL131,mut_s1,detail,1,164,FWLMJHGQRXWNIS-UHFFFAOYNA-N,-8.949
PPARD,c_VAL131,mut_s1,detail,1,165,RZJWOMPOSAPIJL-LQFNOIFHNA-N,-9.185
PPARD,c_VAL131,mut_s1,detail,1,166,ZUMDOGBUKHTCOC-CWWQGPJMNA-N,-9.263
PPARD,c_VAL131,mut_s1,detail,1,167,ANZGKDRXGOPIJA-QWOVJGMINA-N,-7.253
PPARD,c_VAL131,mut_s1,detail,1,168,QUISVMJELRRHAG-UHFFFAOYNA-N,-9.062
PPARD,c_VAL131,mut_s1,detail,1,169,XZFCGNQJCGTXNQ-ZVHZXABRNA-N,-8.575
PPARD,c_VAL131,mut_s1,detail,1,170,UGPWOMSWEMIIJH-UHFFFAOYNA-N,-9.266
PPARD,c_VAL131,mut_s1,detail,1,171,WGMQZHYPIKBUML-LQFNOIFHNA-N,-7.8
PPARD,c_VAL131,mut_s1,detail,1,172,HPNLHDILXMKRJE-UHFFFAOYNA-N,-8.408
PPARD,c_VAL131,mut_s1,detail,1,173,AQBHPXSDFXKHIG-LELJVTLKNA-N,-8.618
PPARD,c_VAL131,mut_s1,detail,1,174,BHPSGEAUUZMDDL-QFIPXVFZNA-N,-10.204
PPARD,c_VAL131,mut_s1,detail,1,175,RHMDXGNHLMFANS-XBXBPLPCNA-N,-8.796
PPARD,c_VAL131,mut_s1,detail,1,176,HZXUSKDOXPOMIW-PKSOQXRJNA-N,-8.914
PPARD,c_VAL131,mut_s1,detail,1,177,QBBIMTGZZXPUPY-UHFFFAOYNA-N,-7.5
PPARD,c_VAL131,mut_s1,detail,1,178,FAALFCIDNMPXJU-LNNLXFCONA-N,-10.695
PPARD,c_VAL131,mut_s1,detail,1,179,UEGWFDMCEAIRSE-DVIAZDKANA-N,-8.372
PPARD,c_VAL131,mut_s1,detail,1,180,QATBWONTRXXCBE-UHFFFAOYNA-N,-8.23
PPARD,c_VAL131,mut_s1,detail,1,181,IEWZULBPMDXTLX-LQFNOIFHNA-N,-11.303
PPARD,c_VAL131,mut_s1,detail,1,182,DTUUXDIGBXNINJ-PKSOQXRJNA-N,-8.238
PPARD,c_VAL131,mut_s1,detail,1,183,FFDDOWCKFPDEPQ-KIYDBJNPNA-N,-9.444
PPARD,c_VAL131,mut_s1,detail,1,184,LFTDMBYAYYEBDL-XWYQMZBENA-N,-10.072
PPARD,c_VAL131,mut_s1,detail,1,185,VZFTWWJAUZOJDH-YANQHBGHNA-N,-10.027
PPARD,c_VAL131,mut_s1,detail,1,186,YNUOGMCLPCOTIC-UHFFFAOYNA-N,-9.147
PPARD,c_VAL131,mut_s1,detail,1,187,WDXONUYXRRUOAF-LELJVTLKNA-N,-8.408
PPARD,c_VAL131,mut_s1,detail,1,188,FWYUTSUWWZVOGD-UHFFFAOYNA-N,-8.477
PPARD,c_VAL131,mut_s1,detail,1,189,VMDJSIGZJOXSGC-UHFFFAOYNA-N,-8.955
PPARD,c_VAL131,mut_s1,detail,1,190,IIVPENRIUTZXCZ-DFVASWNCNA-N,-8.299
PPARD,c_VAL131,mut_s1,detail,1,191,HHKIXRJLSXZGIO-LBOYIXSDNA-N,-9.619
PPARD,c_VAL131,mut_s1,detail,1,192,VFCHPGXNLRROSP-UHFFFAOYNA-N,-9.222
PPARD,c_VAL131,mut_s1,detail,1,193,LQNMNFIDHADHQU-LQFNOIFHNA-N,-8.971
PPARD,c_VAL131,mut_s1,detail,1,194,DWCQXZSEATZNGJ-JXAWBTAJNA-N,-7.514
PPARD,c_VAL131,mut_s1,detail,1,195,XCFKTIVHIIOEHO-XRJCTRHONA-N,-10.7
PPARD,c_VAL131,mut_s1,detail,1,196,CTKVVCDWNBLQHQ-VJSLDGLSNA-N,-9.262
PPARD,c_VAL131,mut_s1,detail,1,197,SJEBTTUNLKKAEO-QFIPXVFZNA-N,-8.442
PPARD,c_VAL131,mut_s1,detail,1,198,VUVBMRFFLDJIKB-UHFFFAOYNA-N,-7.98
PPARD,c_VAL131,mut_s1,detail,1,199,CRDOCDKYXPCHRG-GMLXSZADNA-N,-9.168
PPARD,c_VAL131,mut_s1,detail,1,200,PTRAWPOMIAVCDX-NPZFWETONA-N,-9.959
PPARD,c_VAL131,mut_s1,detail,1,201,YPCVJZIGKJSYKB-XWQTZBKQNA-N,-10.405
PPARD,c_VAL131,mut_s1,detail,1,202,DDQUBMKKMCESIY-UHFFFAOYNA-N,-8.329
PPARD,c_VAL131,mut_s1,detail,1,203,QRBHMNKXVMROIF-UHFFFAOYNA-N,-9.969
PPARD,c_VAL131,mut_s1,detail,1,204,CSCOHEYTBLBQMG-SREBMQDQNA-N,-10.072
PPARD,c_VAL131,mut_s1,detail,1,205,FPRLMEVUSKOQRF-UHFFFAOYNA-N,-8.895
PPARD,c_VAL131,mut_s1,detail,1,206,VRUTXMQQNLYKSZ-SPEPDGBUNA-N,-9.952
PPARD,c_VAL131,mut_s1,detail,1,207,IFVIZWYRFUIABK-LKHHGCNMNA-N,-10.1
PPARD,c_VAL131,mut_s1,detail,1,208,BJSKDMOWRPAVMK-UHFFFAOYNA-N,-8.356
PPARD,c_VAL131,mut_s1,detail,1,209,AJDIYNONBYMZIF-ILOOJWFPNA-N,-9.755
PPARD,c_VAL131,mut_s1,detail,1,210,ABURDUMLEUCKOY-FYDYDPJYNA-N,-10.2
PPARD,c_VAL131,mut_s1,detail,1,211,ZXCSBCTVTJFLOZ-JUEKIJOLNA-N,-9.864
PPARD,c_VAL131,mut_s1,detail,1,212,SKVNACLQMJDJNT-JJFURXLTNA-N,-9.909
PPARD,c_VAL131,mut_s1,detail,1,213,OWDCBGQHUHBGKH-ODBASERBNA-N,-9.299
PPARD,c_VAL131,mut_s1,detail,1,214,RLXWTYPPMJNURK-LELJVTLKNA-N,-9.333
PPARD,c_VAL131,mut_s1,detail,1,215,LFFVXCIQPOOMOV-UHFFFAOYNA-N,-12.221
PPARD,c_VAL131,mut_s1,detail,1,216,ZFFOVIFFFSWOKF-PKRZOPRNNA-N,-11.626
PPARD,c_VAL131,mut_s1,detail,1,217,VVWGMEIQTOBDML-RDPOJNOENA-N,-9.67
PPARD,c_VAL131,mut_s1,detail,1,218,QAGLJDWYCCJEHH-IGBJZSFZNA-N,-8.544
PPARD,c_VAL131,mut_s1,detail,1,219,NFMSQLAKBDDECA-HXXFNXQYNA-N,-9.524
PPARD,c_VAL131,mut_s1,detail,1,220,RLKPYUHHHDBUKR-LKHHGCNMNA-N,-8.708
PPARD,c_VAL131,mut_s1,detail,1,221,FVGJPHFQQMQGFQ-PQVCHVPHNA-N,-11.324
PPARD,c_VAL131,mut_s1,detail,1,222,GGQXSFRJLUHOGQ-MDNXCRMFNA-N,-10.072
PPARD,c_VAL131,mut_s1,detail,1,223,LLLNQQOQHKAYHT-CSKMVECVNA-N,-10.212
PPARD,c_VAL131,mut_s1,detail,1,224,FTHKKKKNTGUTPA-NBVNDQADNA-N,-10.152
PPARD,c_VAL131,mut_s1,detail,1,225,BKYZARFJJFORLR-UHFFFAOYNA-N,-8.965
PPARD,c_VAL131,mut_s1,detail,1,226,XMHRXPMKDALTSG-YPBLIGHQNA-N,-8.647
PPARD,c_VAL131,mut_s1,detail,1,227,OVSPJLFXFWHQFE-HXTKINSTNA-N,-9.569
PPARD,c_VAL131,mut_s1,detail,1,228,SHBLCUUJYNQTSS-NRFANRHFNA-N,-9.485
PPARD,c_VAL131,mut_s1,detail,1,229,OHXYGRXPONZZPF-UHFFFAOYNA-N,-8.823
PPARD,c_VAL131,mut_s1,detail,1,230,XFOMWTKVHWXVRS-UHFFFAOYNA-N,-11.022
PPARD,c_VAL131,mut_s1,detail,1,231,HMPVPIRJMYFQCT-WXDRZTAENA-N,-8.959
PPARD,c_VAL131,mut_s1,detail,1,232,NRIQEFNHCJMSHL-UHFFFAOYNA-N,-11.079
PPARD,c_VAL131,mut_s1,detail,1,233,WQIKRJDLIIEKAG-WWXRYIHZNA-N,-10.561
PPARD,c_VAL131,mut_s1,detail,1,234,CQCKANIIWHCLDP-UHFFFAOYNA-N,-7.902
PPARD,c_VAL131,mut_s1,detail,1,235,QETNVWCEGLMMRQ-CXUYMYAGNA-N,-8.631
PPARD,c_VAL131,mut_s1,detail,1,236,MLYHNVDOBUQIID-NSJMMFDCNA-N,-10.939
PPARD,c_VAL131,mut_s1,detail,1,237,VBFOTEWTMOETMO-PECIQRARNA-N,-7.666
PPARD,c_VAL131,mut_s1,detail,1,238,NFSDYJKEOCQTKX-CYSPOYASNA-N,-7.857
PPARD,c_VAL131,mut_s1,detail,1,239,GZQHTWYWDSMEAW-UHFFFAOYNA-N,-9.117
PPARD,c_VAL131,mut_s1,detail,1,240,LZTXTKIYKWMRQJ-ZALBZXLWNA-N,-8.355
PPARD,c_VAL131,mut_s1,detail,1,241,YPDLHOCWYZLMQS-GFBXQOHCNA-N,-9.537
PPARD,c_VAL131,mut_s1,detail,1,242,FJUITIGQDNFRQI-UHFFFAOYNA-N,-8.33
PPARD,c_VAL131,mut_s1,detail,1,243,OHAIFIOFCXDBHP-NKTHEXPSNA-N,-9.208
PPARD,c_VAL131,mut_s1,detail,1,244,LSAXQHPWOGTFSG-UHFFFAOYNA-N,-7.798
PPARD,c_VAL131,mut_s1,detail,1,245,OENZVDXWLVYZJT-DHDJHLBQNA-N,-10.031
PPARD,c_VAL131,mut_s1,detail,1,246,UEOXIUXQBRDLJU-LBOYIXSDNA-N,-9.46
PPARD,c_VAL131,mut_s1,detail,1,247,YFYGWSCMDCTAKZ-MPIMZMORNA-N,-8.353
PPARD,c_VAL131,mut_s1,detail,1,248,AQHYVBHJINDJIW-UHFFFAOYNA-N,-7.351
PPARD,c_VAL131,mut_s1,detail,1,249,DBOAHQYVPCTALU-QBAQSEIJNA-N,-8.618
PPARD,c_VAL131,mut_s1,detail,1,250,NRMRHCTVBLZOIE-PJQSKVNONA-N,-8.377
PPARD,c_VAL131,mut_s1,detail,1,251,CGHADMRBCNGDHX-UOUKHUKPNA-N,-11.531
PPARD,c_VAL131,mut_s1,detail,1,252,DDZBRJBYGLTADL-TZFBGDORNA-N,-7.939
PPARD,c_VAL131,mut_s1,detail,1,253,LOIPDGFJRKDXSJ-UHFFFAOYNA-N,-9.529
PPARD,c_VAL131,mut_s1,detail,1,254,VBQAIJHAPZFIRO-MOQCICHVNA-N,-8.095
PPARD,c_VAL131,mut_s1,detail,1,255,YPVDZKHCFQJIDP-UHFFFAOYNA-N,-10.017
PPARD,c_GLN69,mut_s1,detail,1,0,IFHZOGDEYHFNQO-PKSOQXRJNA-N,-9.424
PPARD,c_GLN69,mut_s1,detail,1,1,PZDDADWKMMNNHC-UHFFFAOYNA-N,-7.262
PPARD,c_GLN69,mut_s1,detail,1,2,BUEYTYZOCKWHHR-UHFFFAOYNA-N,-7.573
PPARD,c_GLN69,mut_s1,detail,1,3,URXMTXGGQRBQQC-LNZJGEAENA-N,-6.791
PPARD,c_GLN69,mut_s1,detail,1,4,NNVZANSRDHCDLK-UHFFFAOYNA-N,-9.054
PPARD,c_GLN69,mut_s1,detail,1,5,YCVTUSIXNJAXKA-UHFFFAOYNA-N,-8.64
PPARD,c_GLN69,mut_s1,detail,1,6,YLQOELRYUQBERL-YHMJCDSINA-N,-6.964
PPARD,c_GLN69,mut_s1,detail,1,7,XIOYZAUVDJKWCL-UHFFFAOYNA-N,-9.068
PPARD,c_GLN69,mut_s1,detail,1,8,NYBRKCCEVRSDNF-UHFFFAOYNA-N,-9.062
PPARD,c_GLN69,mut_s1,detail,1,9,HOWDUDRRYYVTNY-NDKGDYFDNA-N,-7.57
PPARD,c_GLN69,mut_s1,detail,1,10,RVRIAONMWINUPS-GPQMBLKYNA-N,-7.684
PPARD,c_GLN69,mut_s1,detail,1,11,UVVPLBQLDVTPSL-RVQYIEHVNA-N,-6.429
PPARD,c_GLN69,mut_s1,detail,1,12,AXXXFCGETBIMKI-UHFFFAOYNA-N,-7.528
PPARD,c_GLN69,mut_s1,detail,1,13,RBMUBAYHBUBLMR-NKWLYDBFNA-N,-8.478
PPARD,c_GLN69,mut_s1,detail,1,14,BTIHIHBWVGQIIQ-UHFFFAOYNA-N,-7.507
PPARD,c_GLN69,mut_s1,detail,1,15,ACAOHWOPNZHWAF-WNVDMVQFNA-N,-8.422
PPARD,c_GLN69,mut_s1,detail,1,16,VEFTYKZXVJQBER-ZHLVXTBQNA-N,-6.288
PPARD,c_GLN69,mut_s1,detail,1,17,QBQDUEWXIOEVKT-UYBDAZJANA-N,-9.56
PPARD,c_GLN69,mut_s1,detail,1,18,KRGQOKCRZMRVRH-UHFFFAOYNA-N,-6.071
PPARD,c_GLN69,mut_s1,detail,1,19,YXGMBGNPGWDLBJ-WYUMXYHSNA-N,-7.41
PPARD,c_GLN69,mut_s1,detail,1,20,LHQICPSUYGARIS-UHFFFAOYNA-N,-8.825
PPARD,c_GLN69,mut_s1,detail,1,21,ZXVNJVRABSCRGU-GPQMBLKYNA-N,-8.471
PPARD,c_GLN69,mut_s1,detail,1,22,TYXGDELQOONTQQ-DQDSCPLDNA-N,-8.237
PPARD,c_GLN69,mut_s1,detail,1,23,FMDKDGDDTIJRQT-WRCMMWDQNA-N,-7.394
PPARD,c_GLN69,mut_s1,detail,1,24,DXLLFVXDQQMGGM-LILDFLRNNA-N,-7.509
PPARD,c_GLN69,mut_s1,detail,1,25,RCFHJSCTPLCRAN-UHFFFAOYNA-N,-8.163
PPARD,c_GLN69,mut_s1,detail,1,26,LOIKOLAEHONJTE-KARVIEMNNA-N,-8.518
PPARD,c_GLN69,mut_s1,detail,1,27,ZBEDJPDEINGEHM-UHFFFAOYNA-N,-6.043
PPARD,c_GLN69,mut_s1,detail,1,28,PKHXJWYQMRFPTR-LILDFLRNNA-N,-7.918
PPARD,c_GLN69,mut_s1,detail,1,29,DGFWWFXFIZOMRX-WXRBYKJCNA-N,-6.527
PPARD,c_GLN69,mut_s1,detail,1,30,NDEDMCKHRVZXGD-VEWCPZSHNA-N,-7.721
PPARD,c_GLN69,mut_s1,detail,1,31,UPOCYXRXSNRNNU-UHFFFAOYNA-N,-8.017
PPARD,c_GLN69,mut_s1,detail,1,32,UGLPVHLKYTWQRV-UHFFFAOYNA-N,-7.759
PPARD,c_GLN69,mut_s1,detail,1,33,VEBIFNQLJFTSLJ-GPQMBLKYNA-N,-8.153
PPARD,c_GLN69,mut_s1,detail,1,34,FZGYMZTVBMODJR-GUYCJALGNA-N,-7.937
PPARD,c_GLN69,mut_s1,detail,1,35,XVAMDQGNCAYOLZ-CMNYYERHNA-N,-7.91
PPARD,c_GLN69,mut_s1,detail,1,36,MRHCSNNEUHXNIC-DLGLGFIGNA-N,-8.134
PPARD,c_GLN69,mut_s1,detail,1,37,QXSUNGXUTAFLCR-HCKMINDGNA-N,-8.354
PPARD,c_GLN69,mut_s1,detail,1,38,BTUZBQRUTGYGSI-SAAHQOFTNA-N,-7.974
PPARD,c_GLN69,mut_s1,detail,1,39,TTYMNRMJLOVQEL-UHFFFAOYNA-N,-7.506
PPARD,c_GLN69,mut_s1,detail,1,40,IVQOCTZDCXKGHW-UHFFFAOYNA-N,-7.496
PPARD,c_GLN69,mut_s1,detail,1,41,SRWKAZSWOPMZLA-WYUMXYHSNA-N,-7.989
PPARD,c_GLN69,mut_s1,detail,1,42,QPEDEGUPTWDSJM-UHFFFAOYNA-N,-8.731
PPARD,c_GLN69,mut_s1,detail,1,43,ISYYCVGFJSIOIJ-UHFFFAOYNA-N,-7.051
PPARD,c_GLN69,mut_s1,detail,1,44,MTUZLFBKKNTLNL-YHMJCDSINA-N,-7.637
PPARD,c_GLN69,mut_s1,detail,1,45,JOFJZXKVGWGQRQ-UHFFFAOYNA-N,-5.984
PPARD,c_GLN69,mut_s1,detail,1,46,KOHAFBWLWQFBFU-UHFFFAOYNA-N,-7.944
PPARD,c_GLN69,mut_s1,detail,1,47,YHDLLKNPVWVCGF-UHFFFAOYNA-N,-8.224
PPARD,c_GLN69,mut_s1,detail,1,48,KIRJGAMLMFQPIX-LILDFLRNNA-N,-9.955
PPARD,c_GLN69,mut_s1,detail,1,49,MIUGSXDNQICPKY-AHPDCHJINA-N,-7.137
PPARD,c_GLN69,mut_s1,detail,1,50,NCQYFKGTEDNHPE-GPQMBLKYNA-N,-9.571
PPARD,c_GLN69,mut_s1,detail,1,51,OILQEGDAOXVJJG-UHFFFAOYNA-N,-8.125
PPARD,c_GLN69,mut_s1,detail,1,52,KMZMSABQJYKKBU-UHFFFAOYNA-N,-7.486
PPARD,c_GLN69,mut_s1,detail,1,53,ODNAHSRJQUKZJC-UHFFFAOYNA-N,-8.033
PPARD,c_GLN69,mut_s1,detail,1,54,WBXGNUJDIOVVDS-GPQMBLKYNA-N,-9.352
PPARD,c_GLN69,mut_s1,detail,1,55,KGFVHZKXNIFXQC-XQMQJMAZNA-N,-7.962
PPARD,c_GLN69,mut_s1,detail,1,56,ZGDACLBJJXLKJY-UHFFFAOYNA-N,-7.747
PPARD,c_GLN69,mut_s1,detail,1,57,ODQASWLALUMZKF-UHFFFAOYNA-N,-9.272
PPARD,c_GLN69,mut_s1,detail,1,58,HEAFXLZWNUOLNQ-UHFFFAOYNA-N,-8.429
PPARD,c_GLN69,mut_s1,detail,1,59,GDJPLZYPNHEBBO-GAJRPKRDNA-N,-7.209
PPARD,c_GLN69,mut_s1,detail,1,60,KZNIFHPLKGYRTM-UHFFFAOYNA-N,-7.756
PPARD,c_GLN69,mut_s1,detail,1,61,XCNLTPWPUBZVTB-WUKNDPDINA-N,-7.541
PPARD,c_GLN69,mut_s1,detail,1,62,UJJQDGSLGZZHPE-VEWCPZSHNA-N,-7.678
PPARD,c_GLN69,mut_s1,detail,1,63,KUDKBYQDLXZYQT-YAQRNVERNA-N,-7.556
PPARD,c_GLN69,mut_s1,detail,1,64,XZDKQJKAVDHUJN-UHFFFAOYNA-N,-9.051
PPARD,c_GLN69,mut_s1,detail,1,65,PIHCOUNEIQIOLH-UYBDAZJANA-N,-8.445
PPARD,c_GLN69,mut_s1,detail,1,66,FTVJNPIOPFNKML-GPQMBLKYNA-N,-7.935
PPARD,c_GLN69,mut_s1,detail,1,67,HHYDNYVAHAHWJL-UHFFFAOYNA-N,-6.542
PPARD,c_GLN69,mut_s1,detail,1,68,MXABEVYDQHVOES-NSHDSACANA-N,-8.251
PPARD,c_GLN69,mut_s1,detail,1,69,ONNIOMOHOZUMKS-YGZLFCMANA-N,-8.28
PPARD,c_GLN69,mut_s1,detail,1,70,DQLGXAYUAURASJ-XXTDWMNGNA-N,-10.126
PPARD,c_GLN69,mut_s1,detail,1,71,QGKGHRAWZIKZRJ-WYUMXYHSNA-N,-8.324
PPARD,c_GLN69,mut_s1,detail,1,72,JWCQSDFAPBNHSM-UHFFFAOYNA-N,-7.55
PPARD,c_GLN69,mut_s1,detail,1,73,RNSJXWMAYUTWOI-UHFFFAOYNA-N,-8.41
PPARD,c_GLN69,mut_s1,detail,1,74,AKOOSRNDNZPJNL-PKSOQXRJNA-N,-9.371
PPARD,c_GLN69,mut_s1,detail,1,75,BFENEDRNBGYKMO-OTJKMEOQNA-N,-7.869
PPARD,c_GLN69,mut_s1,detail,1,76,RULIAUGJMVIUMH-QWOVJGMINA-N,-8.356
PPARD,c_GLN69,mut_s1,detail,1,77,VHAIHOXTBBWMRC-LILDFLRNNA-N,-7.253
PPARD,c_GLN69,mut_s1,detail,1,78,MMWVUKRVNHSCOU-XWVGVUDUNA-N,-8.519
PPARD,c_GLN69,mut_s1,detail,1,79,VEUYFZWVWBJLBT-LILDFLRNNA-N,-6.737
PPARD,c_GLN69,mut_s1,detail,1,80,UEVUVZKOTQNFQQ-UHFFFAOYNA-N,-8.607
PPARD,c_GLN69,mut_s1,detail,1,81,AVUDBVVAYWAMLJ-UHFFFAOYNA-N,-8.774
PPARD,c_GLN69,mut_s1,detail,1,82,BQVDJEOYDDRFHV-UHFFFAOYNA-N,-7.043
PPARD,c_GLN69,mut_s1,detail,1,83,RJDWHDCXBZVKHF-UHFFFAOYNA-N,-9.604
PPARD,c_GLN69,mut_s1,detail,1,84,UUIYULWYHDSXHL-YREUQKFVNA-N,-7.468
PPARD,c_GLN69,mut_s1,detail,1,85,KSVYPWJPODFWFB-MHWRWJLKNA-N,-8.974
PPARD,c_GLN69,mut_s1,detail,1,86,YTOTVFWYSYGJKJ-MPIMZMORNA-N,-8.949
PPARD,c_GLN69,mut_s1,detail,1,87,LDEBHGWOYJCQTG-SFHVURJKNA-N,-7.507
PPARD,c_GLN69,mut_s1,detail,1,88,NXBTXYMTUUWSCC-XBTAAFKLNA-N,-9.375
PPARD,c_GLN69,mut_s1,detail,1,89,HRLJAEIRFSEJAW-UHFFFAOYNA-N,-8.419
PPARD,c_GLN69,mut_s1,detail,1,90,HROYNIXUIVDQJH-UHFFFAOYNA-N,-8.229
PPARD,c_GLN69,mut_s1,detail,1,91,BYXXTGCOSOYREY-QWOVJGMINA-N,-8.526
PPARD,c_GLN69,mut_s1,detail,1,92,AWXVIXMNAQQCCZ-OEMYIYORNA-N,-8.014
PPARD,c_GLN69,mut_s1,detail,1,93,PVTHJAPFENJVNC-ANRNRNKZNA-N,-6.791
PPARD,c_GLN69,mut_s1,detail,1,94,IMPAUHAIMHCPEJ-PKSOQXRJNA-N,-9.661
PPARD,c_GLN69,mut_s1,detail,1,95,SLOJERRRBYNXAR-NPQUBYNZNA-N,-8.912
PPARD,c_GLN69,mut_s1,detail,1,96,YWBJCOHEBDEQDR-PKSOQXRJNA-N,-8.14
PPARD,c_GLN69,mut_s1,detail,1,97,WWRBDTKNUXAXRR-XAVYIPQLNA-O,-8.289
PPARD,c_GLN69,mut_s1,detail,1,98,HBERTCHGBHHVDT-LILDFLRNNA-N,-9.927
PPARD,c_GLN69,mut_s1,detail,1,99,BXKUVDXLHUBVPA-ZWQIFLOQNA-N,-5.436
PPARD,c_GLN69,mut_s1,detail,1,100,WBWFIUAVMCNYPG-FPLPWBNLNA-N,-7.649
PPARD,c_GLN69,mut_s1,detail,1,101,VRWIFQNGGPFLST-UYBDAZJANA-N,-8.548
PPARD,c_GLN69,mut_s1,detail,1,102,JTAPVIPBGIDRDE-UHFFFAOYNA-N,-10.334
PPARD,c_GLN69,mut_s1,detail,1,103,HBTCLXRQQIHFQB-GDEMPAQCNA-N,-7.53
PPARD,c_GLN69,mut_s1,detail,1,104,DXJSFQXIPUHFQK-QWOVJGMINA-N,-7.281
PPARD,c_GLN69,mut_s1,detail,1,105,RBEMVAFKFYHQIB-UYBDAZJANA-N,-9.242
PPARD,c_GLN69,mut_s1,detail,1,106,QEKAHUYYWSNHDY-DZQCGVKKNA-N,-8.323
PPARD,c_GLN69,mut_s1,detail,1,107,RCSUTAOLFYVOEE-UHFFFAOYNA-N,-8.103
PPARD,c_GLN69,mut_s1,detail,1,108,MYBUANZGRGNVPO-YSPVQWMYNA-N,-9.151
PPARD,c_GLN69,mut_s1,detail,1,109,UIQCZMYFTSFLPQ-LQFNOIFHNA-N,-10.349
PPARD,c_GLN69,mut_s1,detail,1,110,QRMYORHEAHTJBC-GPQMBLKYNA-N,-8.646
PPARD,c_GLN69,mut_s1,detail,1,111,CPYTXWFFFQKUDP-QFAGIUQONA-N,-8.599
PPARD,c_GLN69,mut_s1,detail,1,112,DCIAJQYVIKONRS-QWOVJGMINA-N,-9.434
PPARD,c_GLN69,mut_s1,detail,1,113,ZMMGBIJMLCNSOV-PKSOQXRJNA-N,-7.774
PPARD,c_GLN69,mut_s1,detail,1,114,MRFDGPBJIFXZIT-NPQUBYNZNA-N,-9.776
PPARD,c_GLN69,mut_s1,detail,1,115,KANCHOKOTXNDQH-NVQSQQPGNA-N,-6.887
PPARD,c_GLN69,mut_s1,detail,1,116,SOAWEEUOPZCBSN-UHFFFAOYNA-N,-9.988
PPARD,c_GLN69,mut_s1,detail,1,117,BHXYDHWPQIADCG-HZFZDWCWNA-N,-7.874
PPARD,c_GLN69,mut_s1,detail,1,118,LVIWVNDQNUSMMV-LILDFLRNNA-N,-7.388
PPARD,c_GLN69,mut_s1,detail,1,119,UBAMGTKSOKGECF-UHFFFAOYNA-N,-7.393
PPARD,c_GLN69,mut_s1,detail,1,120,YSVHPRBZNNADQG-UHFFFAOYNA-N,-7.387
PPARD,c_GLN69,mut_s1,detail,1,121,IXZAZBWJQHWVHS-QVUQFMIFNA-N,-8.711
PPARD,c_GLN69,mut_s1,detail,1,122,NILCXRPLMSLFEG-HQHQJUQONA-N,-7.344
PPARD,c_GLN69,mut_s1,detail,1,123,HRNRRPMOOJUJLK-QWOVJGMINA-N,-9.236
PPARD,c_GLN69,mut_s1,detail,1,124,OLSXSUXZOLBVQZ-QVUQFMIFNA-N,-8.681
PPARD,c_GLN69,mut_s1,detail,1,125,XZMGFGHEVBEPKS-UHFFFAOYNA-N,-10.05
PPARD,c_GLN69,mut_s1,detail,1,126,MNLBKBCAEFZATB-UHFFFAOYNA-N,-8.546
PPARD,c_GLN69,mut_s1,detail,1,127,NNTZETQYCAZKJF-UYBDAZJANA-N,-9.084
PPARD,c_GLN69,mut_s1,detail,1,128,AKEDBCQYOCYZDX-PLBWUZGSNA-N,-8.76
PPARD,c_GLN69,mut_s1,detail,1,129,HCXOEHYNUWUKAG-UHFFFAOYNA-N,-8.405
PPARD,c_GLN69,mut_s1,detail,1,130,CWKHWSAMAAAUEN-UYBDAZJANA-N,-8.601
PPARD,c_GLN69,mut_s1,detail,1,131,VMZWELQEDXUUJX-HXTKINSTNA-N,-7.212
PPARD,c_GLN69,mut_s1,detail,1,132,PCMOPVSFMUOUFR-OAQYLSRUNA-N,-8.466
PPARD,c_GLN69,mut_s1,detail,1,133,POFKEPXNJQGIOB-DIRLUKLVNA-N,-10.834
PPARD,c_GLN69,mut_s1,detail,1,134,GQNKLNZBZDEAMD-VQHCSMNLNA-N,-9.908
PPARD,c_GLN69,mut_s1,detail,1,135,COFQAKCKCHDGNW-ZXWGSDNONA-N,-8.588
PPARD,c_GLN69,mut_s1,detail,1,136,XURFWWBVADUSQL-LNNLXFCONA-N,-9.9
PPARD,c_GLN69,mut_s1,detail,1,137,LBDHNFPYMBLBSB-CLCOLTQENA-N,-7.246
PPARD,c_GLN69,mut_s1,detail,1,138,QKIJTUQIQQZCIX-UYBDAZJANA-N,-9.361
PPARD,c_GLN69,mut_s1,detail,1,139,UXLJJGBAQOYQMV-UHFFFAOYNA-N,-9.191
PPARD,c_GLN69,mut_s1,detail,1,140,WQAWGOAEJJIYFP-DEOSSOPVNA-N,-7.936
PPARD,c_GLN69,mut_s1,detail,1,141,MBNPYPWQYGHCTB-UHFFFAOYNA-N,-9.095
PPARD,c_GLN69,mut_s1,detail,1,142,XAYHBRQVRJQCAH-PKSOQXRJNA-N,-8.258
PPARD,c_GLN69,mut_s1,detail,1,143,GNTOXDIONQLPFR-CXUHLZMHNA-N,-8.775
PPARD,c_GLN69,mut_s1,detail,1,144,RIVKJCNOYQAWOL-VCZDBIKCNA-N,-9.539
PPARD,c_GLN69,mut_s1,detail,1,145,LRRFROMGHKZMSA-PKRZOPRNNA-N,-10.057
PPARD,c_GLN69,mut_s1,detail,1,146,HWUKVYPOCLJTSN-RJJUGOMSNA-N,-9.071
PPARD,c_GLN69,mut_s1,detail,1,147,JAQNENPDJAEDSC-UHFFFAOYNA-N,-8.804
PPARD,c_GLN69,mut_s1,detail,1,148,ZYQCCRUKVDVTJE-ZUOKHONENA-N,-7.485
PPARD,c_GLN69,mut_s1,detail,1,149,UUWCZQYGBSUBRG-SPEPDGBUNA-N,-11.228
PPARD,c_GLN69,mut_s1,detail,1,150,KNGPIEIQVMOPHJ-PKSOQXRJNA-N,-8.302
PPARD,c_GLN69,mut_s1,detail,1,151,CTDCFVMSXQQWDC-HXTKINSTNA-N,-9.33
PPARD,c_GLN69,mut_s1,detail,1,152,AELMMQNCWIYZED-UHFFFAOYNA-N,-8.301
PPARD,c_GLN69,mut_s1,detail,1,153,BTBRAURMAUKXDM-UHFFFAOYNA-N,-8.241
PPARD,c_GLN69,mut_s1,detail,1,154,DWAPJEYUYKZUPW-UYBDAZJANA-N,-9.939
PPARD,c_GLN69,mut_s1,detail,1,155,MTWNFHPRKAIWJY-LQFNOIFHNA-N,-9.937
PPARD,c_GLN69,mut_s1,detail,1,156,XMOFGSWSGOXFPP-MPIMZMORNA-N,-8.639
PPARD,c_GLN69,mut_s1,detail,1,157,VVSBVXXITLYIIA-CKFYMFOVNA-N,-9.436
PPARD,c_GLN69,mut_s1,detail,1,158,GAXPVNSBLNNWCZ-PSHYBUTQNA-N,-7.547
PPARD,c_GLN69,mut_s1,detail,1,159,XDYREIZGNBPMPJ-IBGZPJMENA-N,-9.041
PPARD,c_GLN69,mut_s1,detail,1,160,WITBRHUYBFKPOL-MPIMZMORNA-N,-8.841
PPARD,c_GLN69,mut_s1,detail,1,161,IBIQKJHXTSLLBQ-PKRZOPRNNA-N,-9.845
PPARD,c_GLN69,mut_s1,detail,1,162,VLUGXHSPLMSNET-LNNLXFCONA-N,-9.137
PPARD,c_GLN69,mut_s1,detail,1,163,IEQABWYSQBHOMM-UHFFFAOYNA-N,-8.111
PPARD,c_GLN69,mut_s1,detail,1,164,FWLMJHGQRXWNIS-UHFFFAOYNA-N,-9.3
PPARD,c_GLN69,mut_s1,detail,1,165,RZJWOMPOSAPIJL-LQFNOIFHNA-N,-8.777
PPARD,c_GLN69,mut_s1,detail,1,166,ZUMDOGBUKHTCOC-CWWQGPJMNA-N,-9.918
PPARD,c_GLN69,mut_s1,detail,1,167,ANZGKDRXGOPIJA-QWOVJGMINA-N,-7.546
PPARD,c_GLN69,mut_s1,detail,1,168,QUISVMJELRRHAG-UHFFFAOYNA-N,-9.011
PPARD,c_GLN69,mut_s1,detail,1,169,XZFCGNQJCGTXNQ-ZVHZXABRNA-N,-8.554
PPARD,c_GLN69,mut_s1,detail,1,170,UGPWOMSWEMIIJH-UHFFFAOYNA-N,-9.327
PPARD,c_GLN69,mut_s1,detail,1,171,WGMQZHYPIKBUML-LQFNOIFHNA-N,-7.869
PPARD,c_GLN69,mut_s1,detail,1,172,HPNLHDILXMKRJE-UHFFFAOYNA-N,-8.29
PPARD,c_GLN69,mut_s1,detail,1,173,AQBHPXSDFXKHIG-LELJVTLKNA-N,-8.781
PPARD,c_GLN69,mut_s1,detail,1,174,BHPSGEAUUZMDDL-QFIPXVFZNA-N,-9.507
PPARD,c_GLN69,mut_s1,detail,1,175,RHMDXGNHLMFANS-XBXBPLPCNA-N,-8.151
PPARD,c_GLN69,mut_s1,detail,1,176,HZXUSKDOXPOMIW-PKSOQXRJNA-N,-8.181
PPARD,c_GLN69,mut_s1,detail,1,177,QBBIMTGZZXPUPY-UHFFFAOYNA-N,-7.565
PPARD,c_GLN69,mut_s1,detail,1,178,FAALFCIDNMPXJU-LNNLXFCONA-N,-10.706
PPARD,c_GLN69,mut_s1,detail,1,179,UEGWFDMCEAIRSE-DVIAZDKANA-N,-8.389
PPARD,c_GLN69,mut_s1,detail,1,180,QATBWONTRXXCBE-UHFFFAOYNA-N,-8.762
PPARD,c_GLN69,mut_s1,detail,1,181,IEWZULBPMDXTLX-LQFNOIFHNA-N,-11.351
PPARD,c_GLN69,mut_s1,detail,1,182,DTUUXDIGBXNINJ-PKSOQXRJNA-N,-7.516
PPARD,c_GLN69,mut_s1,detail,1,183,FFDDOWCKFPDEPQ-KIYDBJNPNA-N,-9.621
PPARD,c_GLN69,mut_s1,detail,1,184,LFTDMBYAYYEBDL-XWYQMZBENA-N,-10.145
PPARD,c_GLN69,mut_s1,detail,1,185,VZFTWWJAUZOJDH-YANQHBGHNA-N,-9.954
PPARD,c_GLN69,mut_s1,detail,1,186,YNUOGMCLPCOTIC-UHFFFAOYNA-N,-8.941
PPARD,c_GLN69,mut_s1,detail,1,187,WDXONUYXRRUOAF-LELJVTLKNA-N,-8.373
PPARD,c_GLN69,mut_s1,detail,1,188,FWYUTSUWWZVOGD-UHFFFAOYNA-N,-7.707
PPARD,c_GLN69,mut_s1,detail,1,189,VMDJSIGZJOXSGC-UHFFFAOYNA-N,-8.388
PPARD,c_GLN69,mut_s1,detail,1,190,IIVPENRIUTZXCZ-DFVASWNCNA-N,-8.356
PPARD,c_GLN69,mut_s1,detail,1,191,HHKIXRJLSXZGIO-LBOYIXSDNA-N,-9.574
PPARD,c_GLN69,mut_s1,detail,1,192,VFCHPGXNLRROSP-UHFFFAOYNA-N,-9.167
PPARD,c_GLN69,mut_s1,detail,1,193,LQNMNFIDHADHQU-LQFNOIFHNA-N,-9.565
PPARD,c_GLN69,mut_s1,detail,1,194,DWCQXZSEATZNGJ-JXAWBTAJNA-N,-7.594
PPARD,c_GLN69,mut_s1,detail,1,195,XCFKTIVHIIOEHO-XRJCTRHONA-N,-10.82
PPARD,c_GLN69,mut_s1,detail,1,196,CTKVVCDWNBLQHQ-VJSLDGLSNA-N,-8.569
PPARD,c_GLN69,mut_s1,detail,1,197,SJEBTTUNLKKAEO-QFIPXVFZNA-N,-9.545
PPARD,c_GLN69,mut_s1,detail,1,198,VUVBMRFFLDJIKB-UHFFFAOYNA-N,-7.541
PPARD,c_GLN69,mut_s1,detail,1,199,CRDOCDKYXPCHRG-GMLXSZADNA-N,-8.834
PPARD,c_GLN69,mut_s1,detail,1,200,PTRAWPOMIAVCDX-NPZFWETONA-N,-10.18
PPARD,c_GLN69,mut_s1,detail,1,201,YPCVJZIGKJSYKB-XWQTZBKQNA-N,-10.481
PPARD,c_GLN69,mut_s1,detail,1,202,DDQUBMKKMCESIY-UHFFFAOYNA-N,-8.931
PPARD,c_GLN69,mut_s1,detail,1,203,QRBHMNKXVMROIF-UHFFFAOYNA-N,-10.394
PPARD,c_GLN69,mut_s1,detail,1,204,CSCOHEYTBLBQMG-SREBMQDQNA-N,-10.104
PPARD,c_GLN69,mut_s1,detail,1,205,FPRLMEVUSKOQRF-UHFFFAOYNA-N,-8.835
PPARD,c_GLN69,mut_s1,detail,1,206,VRUTXMQQNLYKSZ-SPEPDGBUNA-N,-9.637
PPARD,c_GLN69,mut_s1,detail,1,207,IFVIZWYRFUIABK-LKHHGCNMNA-N,-10.111
PPARD,c_GLN69,mut_s1,detail,1,208,BJSKDMOWRPAVMK-UHFFFAOYNA-N,-8.025
PPARD,c_GLN69,mut_s1,detail,1,209,AJDIYNONBYMZIF-ILOOJWFPNA-N,-10.658
PPARD,c_GLN69,mut_s1,detail,1,210,ABURDUMLEUCKOY-FYDYDPJYNA-N,-10.146
PPARD,c_GLN69,mut_s1,detail,1,211,ZXCSBCTVTJFLOZ-JUEKIJOLNA-N,-9.91
PPARD,c_GLN69,mut_s1,detail,1,212,SKVNACLQMJDJNT-JJFURXLTNA-N,-9.608
PPARD,c_GLN69,mut_s1,detail,1,213,OWDCBGQHUHBGKH-ODBASERBNA-N,-9.742
PPARD,c_GLN69,mut_s1,detail,1,214,RLXWTYPPMJNURK-LELJVTLKNA-N,-9.401
PPARD,c_GLN69,mut_s1,detail,1,215,LFFVXCIQPOOMOV-UHFFFAOYNA-N,-12.447
PPARD,c_GLN69,mut_s1,detail,1,216,ZFFOVIFFFSWOKF-PKRZOPRNNA-N,-12.165
PPARD,c_GLN69,mut_s1,detail,1,217,VVWGMEIQTOBDML-RDPOJNOENA-N,-8.948
PPARD,c_GLN69,mut_s1,detail,1,218,QAGLJDWYCCJEHH-IGBJZSFZNA-N,-9.881
PPARD,c_GLN69,mut_s1,detail,1,219,NFMSQLAKBDDECA-HXXFNXQYNA-N,-7.817
PPARD,c_GLN69,mut_s1,detail,1,220,RLKPYUHHHDBUKR-LKHHGCNMNA-N,-8.715
PPARD,c_GLN69,mut_s1,detail,1,221,FVGJPHFQQMQGFQ-PQVCHVPHNA-N,-11.383
PPARD,c_GLN69,mut_s1,detail,1,222,GGQXSFRJLUHOGQ-MDNXCRMFNA-N,-10.353
PPARD,c_GLN69,mut_s1,detail,1,223,LLLNQQOQHKAYHT-CSKMVECVNA-N,-10.398
PPARD,c_GLN69,mut_s1,detail,1,224,FTHKKKKNTGUTPA-NBVNDQADNA-N,-9.741
PPARD,c_GLN69,mut_s1,detail,1,225,BKYZARFJJFORLR-UHFFFAOYNA-N,-8.771
PPARD,c_GLN69,mut_s1,detail,1,226,XMHRXPMKDALTSG-YPBLIGHQNA-N,-8.645
PPARD,c_GLN69,mut_s1,detail,1,227,OVSPJLFXFWHQFE-HXTKINSTNA-N,-9.957
PPARD,c_GLN69,mut_s1,detail,1,228,SHBLCUUJYNQTSS-NRFANRHFNA-N,-9.851
PPARD,c_GLN69,mut_s1,detail,1,229,OHXYGRXPONZZPF-UHFFFAOYNA-N,-8.657
PPARD,c_GLN69,mut_s1,detail,1,230,XFOMWTKVHWXVRS-UHFFFAOYNA-N,-10.759
PPARD,c_GLN69,mut_s1,detail,1,231,HMPVPIRJMYFQCT-WXDRZTAENA-N,-8.737
PPARD,c_GLN69,mut_s1,detail,1,232,NRIQEFNHCJMSHL-UHFFFAOYNA-N,-11.137
PPARD,c_GLN69,mut_s1,detail,1,233,WQIKRJDLIIEKAG-WWXRYIHZNA-N,-9.886
PPARD,c_GLN69,mut_s1,detail,1,234,CQCKANIIWHCLDP-UHFFFAOYNA-N,-7.991
PPARD,c_GLN69,mut_s1,detail,1,235,QETNVWCEGLMMRQ-CXUYMYAGNA-N,-7.664
PPARD,c_GLN69,mut_s1,detail,1,236,MLYHNVDOBUQIID-NSJMMFDCNA-N,-9.855
PPARD,c_GLN69,mut_s1,detail,1,237,VBFOTEWTMOETMO-PECIQRARNA-N,-7.355
PPARD,c_GLN69,mut_s1,detail,1,238,NFSDYJKEOCQTKX-CYSPOYASNA-N,-8.753
PPARD,c_GLN69,mut_s1,detail,1,239,GZQHTWYWDSMEAW-UHFFFAOYNA-N,-8.478
PPARD,c_GLN69,mut_s1,detail,1,240,LZTXTKIYKWMRQJ-ZALBZXLWNA-N,-6.848
PPARD,c_GLN69,mut_s1,detail,1,241,YPDLHOCWYZLMQS-GFBXQOHCNA-N,-9.107
PPARD,c_GLN69,mut_s1,detail,1,242,FJUITIGQDNFRQI-UHFFFAOYNA-N,-7.614
PPARD,c_GLN69,mut_s1,detail,1,243,OHAIFIOFCXDBHP-NKTHEXPSNA-N,-9.212
PPARD,c_GLN69,mut_s1,detail,1,244,LSAXQHPWOGTFSG-UHFFFAOYNA-N,-8.001
PPARD,c_GLN69,mut_s1,detail,1,245,OENZVDXWLVYZJT-DHDJHLBQNA-N,-9.978
PPARD,c_GLN69,mut_s1,detail,1,246,UEOXIUXQBRDLJU-LBOYIXSDNA-N,-9.569
PPARD,c_GLN69,mut_s1,detail,1,247,YFYGWSCMDCTAKZ-MPIMZMORNA-N,-8.145
PPARD,c_GLN69,mut_s1,detail,1,248,AQHYVBHJINDJIW-UHFFFAOYNA-N,-7.225
PPARD,c_GLN69,mut_s1,detail,1,249,DBOAHQYVPCTALU-QBAQSEIJNA-N,-8.37
PPARD,c_GLN69,mut_s1,detail,1,250,NRMRHCTVBLZOIE-PJQSKVNONA-N,-8.872
PPARD,c_GLN69,mut_s1,detail,1,251,CGHADMRBCNGDHX-UOUKHUKPNA-N,-10.956
PPARD,c_GLN69,mut_s1,detail,1,252,DDZBRJBYGLTADL-TZFBGDORNA-N,-8.371
PPARD,c_GLN69,mut_s1,detail,1,253,LOIPDGFJRKDXSJ-UHFFFAOYNA-N,-8.68
PPARD,c_GLN69,mut_s1,detail,1,254,VBQAIJHAPZFIRO-MOQCICHVNA-N,-9.19
PPARD,c_GLN69,mut_s1,detail,1,255,YPVDZKHCFQJIDP-UHFFFAOYNA-N,-9.838
PPARD,c_HIS232,mut_s1,detail,1,0,IFHZOGDEYHFNQO-PKSOQXRJNA-N,-9.515
PPARD,c_HIS232,mut_s1,detail,1,1,PZDDADWKMMNNHC-UHFFFAOYNA-N,-7.262
PPARD,c_HIS232,mut_s1,detail,1,2,BUEYTYZOCKWHHR-UHFFFAOYNA-N,-7.315
PPARD,c_HIS232,mut_s1,detail,1,3,URXMTXGGQRBQQC-LNZJGEAENA-N,-6.627
PPARD,c_HIS232,mut_s1,detail,1,4,NNVZANSRDHCDLK-UHFFFAOYNA-N,-9.007
PPARD,c_HIS232,mut_s1,detail,1,5,YCVTUSIXNJAXKA-UHFFFAOYNA-N,-8.169
PPARD,c_HIS232,mut_s1,detail,1,6,YLQOELRYUQBERL-YHMJCDSINA-N,-7.14
PPARD,c_HIS232,mut_s1,detail,1,7,XIOYZAUVDJKWCL-UHFFFAOYNA-N,-9.066
PPARD,c_HIS232,mut_s1,detail,1,8,NYBRKCCEVRSDNF-UHFFFAOYNA-N,-8.941
PPARD,c_HIS232,mut_s1,detail,1,9,HOWDUDRRYYVTNY-NDKGDYFDNA-N,-7.675
PPARD,c_HIS232,mut_s1,detail,1,10,RVRIAONMWINUPS-GPQMBLKYNA-N,-7.72
PPARD,c_HIS232,mut_s1,detail,1,11,UVVPLBQLDVTPSL-RVQYIEHVNA-N,-6.613
PPARD,c_HIS232,mut_s1,detail,1,12,AXXXFCGETBIMKI-UHFFFAOYNA-N,-7.449
PPARD,c_HIS232,mut_s1,detail,1,13,RBMUBAYHBUBLMR-NKWLYDBFNA-N,-8.305
PPARD,c_HIS232,mut_s1,detail,1,14,BTIHIHBWVGQIIQ-UHFFFAOYNA-N,-7.962
PPARD,c_HIS232,mut_s1,detail,1,15,ACAOHWOPNZHWAF-WNVDMVQFNA-N,-9.348
PPARD,c_HIS232,mut_s1,detail,1,16,VEFTYKZXVJQBER-ZHLVXTBQNA-N,-6.949
PPARD,c_HIS232,mut_s1,detail,1,17,QBQDUEWXIOEVKT-UYBDAZJANA-N,-9.47
PPARD,c_HIS232,mut_s1,detail,1,18,KRGQOKCRZMRVRH-UHFFFAOYNA-N,-6.206
PPARD,c_HIS232,mut_s1,detail,1,19,YXGMBGNPGWDLBJ-WYUMXYHSNA-N,-7.921
PPARD,c_HIS232,mut_s1,detail,1,20,LHQICPSUYGARIS-UHFFFAOYNA-N,-8.799
PPARD,c_HIS232,mut_s1,detail,1,21,ZXVNJVRABSCRGU-GPQMBLKYNA-N,-8.435
PPARD,c_HIS232,mut_s1,detail,1,22,TYXGDELQOONTQQ-DQDSCPLDNA-N,-8.675
PPARD,c_HIS232,mut_s1,detail,1,23,FMDKDGDDTIJRQT-WRCMMWDQNA-N,-8.274
PPARD,c_HIS232,mut_s1,detail,1,24,DXLLFVXDQQMGGM-LILDFLRNNA-N,-8.061
PPARD,c_HIS232,mut_s1,detail,1,25,RCFHJSCTPLCRAN-UHFFFAOYNA-N,-8.227
PPARD,c_HIS232,mut_s1,detail,1,26,LOIKOLAEHONJTE-KARVIEMNNA-N,-8.452
PPARD,c_HIS232,mut_s1,detail,1,27,ZBEDJPDEINGEHM-UHFFFAOYNA-N,-6.237
PPARD,c_HIS232,mut_s1,detail,1,28,PKHXJWYQMRFPTR-LILDFLRNNA-N,-7.894
PPARD,c_HIS232,mut_s1,detail,1,29,DGFWWFXFIZOMRX-WXRBYKJCNA-N,-6.531
PPARD,c_HIS232,mut_s1,detail,1,30,NDEDMCKHRVZXGD-VEWCPZSHNA-N,-8.168
PPARD,c_HIS232,mut_s1,detail,1,31,UPOCYXRXSNRNNU-UHFFFAOYNA-N,-8.524
PPARD,c_HIS232,mut_s1,detail,1,32,UGLPVHLKYTWQRV-UHFFFAOYNA-N,-8.394
PPARD,c_HIS232,mut_s1,detail,1,33,VEBIFNQLJFTSLJ-GPQMBLKYNA-N,-8.431
PPARD,c_HIS232,mut_s1,detail,1,34,FZGYMZTVBMODJR-GUYCJALGNA-N,-7.925
PPARD,c_HIS232,mut_s1,detail,1,35,XVAMDQGNCAYOLZ-CMNYYERHNA-N,-8.319
PPARD,c_HIS232,mut_s1,detail,1,36,MRHCSNNEUHXNIC-DLGLGFIGNA-N,-7.985
PPARD,c_HIS232,mut_s1,detail,1,37,QXSUNGXUTAFLCR-HCKMINDGNA-N,-8.381
PPARD,c_HIS232,mut_s1,detail,1,38,BTUZBQRUTGYGSI-SAAHQOFTNA-N,-8.153
PPARD,c_HIS232,mut_s1,detail,1,39,TTYMNRMJLOVQEL-UHFFFAOYNA-N,-7.535
PPARD,c_HIS232,mut_s1,detail,1,40,IVQOCTZDCXKGHW-UHFFFAOYNA-N,-7.871
PPARD,c_HIS232,mut_s1,detail,1,41,SRWKAZSWOPMZLA-WYUMXYHSNA-N,-7.962
PPARD,c_HIS232,mut_s1,detail,1,42,QPEDEGUPTWDSJM-UHFFFAOYNA-N,-9.097
PPARD,c_HIS232,mut_s1,detail,1,43,ISYYCVGFJSIOIJ-UHFFFAOYNA-N,-6.807
PPARD,c_HIS232,mut_s1,detail,1,44,MTUZLFBKKNTLNL-YHMJCDSINA-N,-7.578
PPARD,c_HIS232,mut_s1,detail,1,45,JOFJZXKVGWGQRQ-UHFFFAOYNA-N,-5.88
PPARD,c_HIS232,mut_s1,detail,1,46,KOHAFBWLWQFBFU-UHFFFAOYNA-N,-7.926
PPARD,c_HIS232,mut_s1,detail,1,47,YHDLLKNPVWVCGF-UHFFFAOYNA-N,-8.975
PPARD,c_HIS232,mut_s1,detail,1,48,KIRJGAMLMFQPIX-LILDFLRNNA-N,-9.962
PPARD,c_HIS232,mut_s1,detail,1,49,MIUGSXDNQICPKY-AHPDCHJINA-N,-7.539
PPARD,c_HIS232,mut_s1,detail,1,50,NCQYFKGTEDNHPE-GPQMBLKYNA-N,-9.825
PPARD,c_HIS232,mut_s1,detail,1,51,OILQEGDAOXVJJG-UHFFFAOYNA-N,-8.294
PPARD,c_HIS232,mut_s1,detail,1,52,KMZMSABQJYKKBU-UHFFFAOYNA-N,-7.619
PPARD,c_HIS232,mut_s1,detail,1,53,ODNAHSRJQUKZJC-UHFFFAOYNA-N,-7.653
PPARD,c_HIS232,mut_s1,detail,1,54,WBXGNUJDIOVVDS-GPQMBLKYNA-N,-8.96
PPARD,c_HIS232,mut_s1,detail,1,55,KGFVHZKXNIFXQC-XQMQJMAZNA-N,-7.996
PPARD,c_HIS232,mut_s1,detail,1,56,ZGDACLBJJXLKJY-UHFFFAOYNA-N,-7.462
PPARD,c_HIS232,mut_s1,detail,1,57,ODQASWLALUMZKF-UHFFFAOYNA-N,-9.292
PPARD,c_HIS232,mut_s1,detail,1,58,HEAFXLZWNUOLNQ-UHFFFAOYNA-N,-8.339
PPARD,c_HIS232,mut_s1,detail,1,59,GDJPLZYPNHEBBO-GAJRPKRDNA-N,-7.178
PPARD,c_HIS232,mut_s1,detail,1,60,KZNIFHPLKGYRTM-UHFFFAOYNA-N,-8.009
PPARD,c_HIS232,mut_s1,detail,1,61,XCNLTPWPUBZVTB-WUKNDPDINA-N,-7.448
PPARD,c_HIS232,mut_s1,detail,1,62,UJJQDGSLGZZHPE-VEWCPZSHNA-N,-8.025
PPARD,c_HIS232,mut_s1,detail,1,63,KUDKBYQDLXZYQT-YAQRNVERNA-N,-7.794
PPARD,c_HIS232,mut_s1,detail,1,64,XZDKQJKAVDHUJN-UHFFFAOYNA-N,-8.955
PPARD,c_HIS232,mut_s1,detail,1,65,PIHCOUNEIQIOLH-UYBDAZJANA-N,-8.308
PPARD,c_HIS232,mut_s1,detail,1,66,FTVJNPIOPFNKML-GPQMBLKYNA-N,-7.924
PPARD,c_HIS232,mut_s1,detail,1,67,HHYDNYVAHAHWJL-UHFFFAOYNA-N,-6.859
PPARD,c_HIS232,mut_s1,detail,1,68,MXABEVYDQHVOES-NSHDSACANA-N,-8.075
PPARD,c_HIS232,mut_s1,detail,1,69,ONNIOMOHOZUMKS-YGZLFCMANA-N,-8.329
PPARD,c_HIS232,mut_s1,detail,1,70,DQLGXAYUAURASJ-XXTDWMNGNA-N,-10.17
PPARD,c_HIS232,mut_s1,detail,1,71,QGKGHRAWZIKZRJ-WYUMXYHSNA-N,-8.488
PPARD,c_HIS232,mut_s1,detail,1,72,JWCQSDFAPBNHSM-UHFFFAOYNA-N,-8.134
PPARD,c_HIS232,mut_s1,detail,1,73,RNSJXWMAYUTWOI-UHFFFAOYNA-N,-8.472
PPARD,c_HIS232,mut_s1,detail,1,74,AKOOSRNDNZPJNL-PKSOQXRJNA-N,-9.352
PPARD,c_HIS232,mut_s1,detail,1,75,BFENEDRNBGYKMO-OTJKMEOQNA-N,-7.656
PPARD,c_HIS232,mut_s1,detail,1,76,RULIAUGJMVIUMH-QWOVJGMINA-N,-8.747
PPARD,c_HIS232,mut_s1,detail,1,77,VHAIHOXTBBWMRC-LILDFLRNNA-N,-7.481
PPARD,c_HIS232,mut_s1,detail,1,78,MMWVUKRVNHSCOU-XWVGVUDUNA-N,-9.464
PPARD,c_HIS232,mut_s1,detail,1,79,VEUYFZWVWBJLBT-LILDFLRNNA-N,-7.093
PPARD,c_HIS232,mut_s1,detail,1,80,UEVUVZKOTQNFQQ-UHFFFAOYNA-N,-8.417
PPARD,c_HIS232,mut_s1,detail,1,81,AVUDBVVAYWAMLJ-UHFFFAOYNA-N,-9.003
PPARD,c_HIS232,mut_s1,detail,1,82,BQVDJEOYDDRFHV-UHFFFAOYNA-N,-7.874
PPARD,c_HIS232,mut_s1,detail,1,83,RJDWHDCXBZVKHF-UHFFFAOYNA-N,-9.582
PPARD,c_HIS232,mut_s1,detail,1,84,UUIYULWYHDSXHL-YREUQKFVNA-N,-7.379
PPARD,c_HIS232,mut_s1,detail,1,85,KSVYPWJPODFWFB-MHWRWJLKNA-N,-9.452
PPARD,c_HIS232,mut_s1,detail,1,86,YTOTVFWYSYGJKJ-MPIMZMORNA-N,-8.533
PPARD,c_HIS232,mut_s1,detail,1,87,LDEBHGWOYJCQTG-SFHVURJKNA-N,-7.56
PPARD,c_HIS232,mut_s1,detail,1,88,NXBTXYMTUUWSCC-XBTAAFKLNA-N,-11.165
PPARD,c_HIS232,mut_s1,detail,1,89,HRLJAEIRFSEJAW-UHFFFAOYNA-N,-8.569
PPARD,c_HIS232,mut_s1,detail,1,90,HROYNIXUIVDQJH-UHFFFAOYNA-N,-8.475
PPARD,c_HIS232,mut_s1,detail,1,91,BYXXTGCOSOYREY-QWOVJGMINA-N,-9.29
PPARD,c_HIS232,mut_s1,detail,1,92,AWXVIXMNAQQCCZ-OEMYIYORNA-N,-8.105
PPARD,c_HIS232,mut_s1,detail,1,93,PVTHJAPFENJVNC-ANRNRNKZNA-N,-6.866
PPARD,c_HIS232,mut_s1,detail,1,94,IMPAUHAIMHCPEJ-PKSOQXRJNA-N,-9.561
PPARD,c_HIS232,mut_s1,detail,1,95,SLOJERRRBYNXAR-NPQUBYNZNA-N,-8.547
PPARD,c_HIS232,mut_s1,detail,1,96,YWBJCOHEBDEQDR-PKSOQXRJNA-N,-8.301
PPARD,c_HIS232,mut_s1,detail,1,97,WWRBDTKNUXAXRR-XAVYIPQLNA-O,-8.352
PPARD,c_HIS232,mut_s1,detail,1,98,HBERTCHGBHHVDT-LILDFLRNNA-N,-9.942
PPARD,c_HIS232,mut_s1,detail,1,99,BXKUVDXLHUBVPA-ZWQIFLOQNA-N,-5.58
PPARD,c_HIS232,mut_s1,detail,1,100,WBWFIUAVMCNYPG-FPLPWBNLNA-N,-8.395
PPARD,c_HIS232,mut_s1,detail,1,101,VRWIFQNGGPFLST-UYBDAZJANA-N,-8.613
PPARD,c_HIS232,mut_s1,detail,1,102,JTAPVIPBGIDRDE-UHFFFAOYNA-N,-10.286
PPARD,c_HIS232,mut_s1,detail,1,103,HBTCLXRQQIHFQB-GDEMPAQCNA-N,-8.217
PPARD,c_HIS232,mut_s1,detail,1,104,DXJSFQXIPUHFQK-QWOVJGMINA-N,-7.824
PPARD,c_HIS232,mut_s1,detail,1,105,RBEMVAFKFYHQIB-UYBDAZJANA-N,-9.453
PPARD,c_HIS232,mut_s1,detail,1,106,QEKAHUYYWSNHDY-DZQCGVKKNA-N,-8.952
PPARD,c_HIS232,mut_s1,detail,1,107,RCSUTAOLFYVOEE-UHFFFAOYNA-N,-8.236
PPARD,c_HIS232,mut_s1,detail,1,108,MYBUANZGRGNVPO-YSPVQWMYNA-N,-9.213
PPARD,c_HIS232,mut_s1,detail,1,109,UIQCZMYFTSFLPQ-LQFNOIFHNA-N,-10.156
PPARD,c_HIS232,mut_s1,detail,1,110,QRMYORHEAHTJBC-GPQMBLKYNA-N,-8.668
PPARD,c_HIS232,mut_s1,detail,1,111,CPYTXWFFFQKUDP-QFAGIUQONA-N,-9.018
PPARD,c_HIS232,mut_s1,detail,1,112,DCIAJQYVIKONRS-QWOVJGMINA-N,-9.929
PPARD,c_HIS232,mut_s1,detail,1,113,ZMMGBIJMLCNSOV-PKSOQXRJNA-N,-7.991
PPARD,c_HIS232,mut_s1,detail,1,114,MRFDGPBJIFXZIT-NPQUBYNZNA-N,-9.428
PPARD,c_HIS232,mut_s1,detail,1,115,KANCHOKOTXNDQH-NVQSQQPGNA-N,-6.882
PPARD,c_HIS232,mut_s1,detail,1,116,SOAWEEUOPZCBSN-UHFFFAOYNA-N,-9.876
PPARD,c_HIS232,mut_s1,detail,1,117,BHXYDHWPQIADCG-HZFZDWCWNA-N,-8.323
PPARD,c_HIS232,mut_s1,detail,1,118,LVIWVNDQNUSMMV-LILDFLRNNA-N,-7.404
PPARD,c_HIS232,mut_s1,detail,1,119,UBAMGTKSOKGECF-UHFFFAOYNA-N,-7.523
PPARD,c_HIS232,mut_s1,detail,1,120,YSVHPRBZNNADQG-UHFFFAOYNA-N,-8.846
PPARD,c_HIS232,mut_s1,detail,1,121,IXZAZBWJQHWVHS-QVUQFMIFNA-N,-8.624
PPARD,c_HIS232,mut_s1,detail,1,122,NILCXRPLMSLFEG-HQHQJUQONA-N,-8.078
PPARD,c_HIS232,mut_s1,detail,1,123,HRNRRPMOOJUJLK-QWOVJGMINA-N,-9.233
PPARD,c_HIS232,mut_s1,detail,1,124,OLSXSUXZOLBVQZ-QVUQFMIFNA-N,-8.675
PPARD,c_HIS232,mut_s1,detail,1,125,XZMGFGHEVBEPKS-UHFFFAOYNA-N,-10.021
PPARD,c_HIS232,mut_s1,detail,1,126,MNLBKBCAEFZATB-UHFFFAOYNA-N,-8.867
PPARD,c_HIS232,mut_s1,detail,1,127,NNTZETQYCAZKJF-UYBDAZJANA-N,-9.656
PPARD,c_HIS232,mut_s1,detail,1,128,AKEDBCQYOCYZDX-PLBWUZGSNA-N,-8.64
PPARD,c_HIS232,mut_s1,detail,1,129,HCXOEHYNUWUKAG-UHFFFAOYNA-N,-8.459
PPARD,c_HIS232,mut_s1,detail,1,130,CWKHWSAMAAAUEN-UYBDAZJANA-N,-8.442
PPARD,c_HIS232,mut_s1,detail,1,131,VMZWELQEDXUUJX-HXTKINSTNA-N,-7.148
PPARD,c_HIS232,mut_s1,detail,1,132,PCMOPVSFMUOUFR-OAQYLSRUNA-N,-8.462
PPARD,c_HIS232,mut_s1,detail,1,133,POFKEPXNJQGIOB-DIRLUKLVNA-N,-10.201
PPARD,c_HIS232,mut_s1,detail,1,134,GQNKLNZBZDEAMD-VQHCSMNLNA-N,-9.917
PPARD,c_HIS232,mut_s1,detail,1,135,COFQAKCKCHDGNW-ZXWGSDNONA-N,-8.589
PPARD,c_HIS232,mut_s1,detail,1,136,XURFWWBVADUSQL-LNNLXFCONA-N,-10.506
PPARD,c_HIS232,mut_s1,detail,1,137,LBDHNFPYMBLBSB-CLCOLTQENA-N,-7.374
PPARD,c_HIS232,mut_s1,detail,1,138,QKIJTUQIQQZCIX-UYBDAZJANA-N,-8.833
PPARD,c_HIS232,mut_s1,detail,1,139,UXLJJGBAQOYQMV-UHFFFAOYNA-N,-8.212
PPARD,c_HIS232,mut_s1,detail,1,140,WQAWGOAEJJIYFP-DEOSSOPVNA-N,-8.868
PPARD,c_HIS232,mut_s1,detail,1,141,MBNPYPWQYGHCTB-UHFFFAOYNA-N,-8.792
PPARD,c_HIS232,mut_s1,detail,1,142,XAYHBRQVRJQCAH-PKSOQXRJNA-N,-8.005
PPARD,c_HIS232,mut_s1,detail,1,143,GNTOXDIONQLPFR-CXUHLZMHNA-N,-8.592
PPARD,c_HIS232,mut_s1,detail,1,144,RIVKJCNOYQAWOL-VCZDBIKCNA-N,-9.358
PPARD,c_HIS232,mut_s1,detail,1,145,LRRFROMGHKZMSA-PKRZOPRNNA-N,-11.103
PPARD,c_HIS232,mut_s1,detail,1,146,HWUKVYPOCLJTSN-RJJUGOMSNA-N,-9.309
PPARD,c_HIS232,mut_s1,detail,1,147,JAQNENPDJAEDSC-UHFFFAOYNA-N,-8.669
PPARD,c_HIS232,mut_s1,detail,1,148,ZYQCCRUKVDVTJE-ZUOKHONENA-N,-7.412
PPARD,c_HIS232,mut_s1,detail,1,149,UUWCZQYGBSUBRG-SPEPDGBUNA-N,-11.001
PPARD,c_HIS232,mut_s1,detail,1,150,KNGPIEIQVMOPHJ-PKSOQXRJNA-N,-8.081
PPARD,c_HIS232,mut_s1,detail,1,151,CTDCFVMSXQQWDC-HXTKINSTNA-N,-8.898
PPARD,c_HIS232,mut_s1,detail,1,152,AELMMQNCWIYZED-UHFFFAOYNA-N,-8.41
PPARD,c_HIS232,mut_s1,detail,1,153,BTBRAURMAUKXDM-UHFFFAOYNA-N,-8.243
PPARD,c_HIS232,mut_s1,detail,1,154,DWAPJEYUYKZUPW-UYBDAZJANA-N,-9.876
PPARD,c_HIS232,mut_s1,detail,1,155,MTWNFHPRKAIWJY-LQFNOIFHNA-N,-9.561
PPARD,c_HIS232,mut_s1,detail,1,156,XMOFGSWSGOXFPP-MPIMZMORNA-N,-8.861
PPARD,c_HIS232,mut_s1,detail,1,157,VVSBVXXITLYIIA-CKFYMFOVNA-N,-9.5
PPARD,c_HIS232,mut_s1,detail,1,158,GAXPVNSBLNNWCZ-PSHYBUTQNA-N,-8.01
PPARD,c_HIS232,mut_s1,detail,1,159,XDYREIZGNBPMPJ-IBGZPJMENA-N,-10.45
PPARD,c_HIS232,mut_s1,detail,1,160,WITBRHUYBFKPOL-MPIMZMORNA-N,-8.836
PPARD,c_HIS232,mut_s1,detail,1,161,IBIQKJHXTSLLBQ-PKRZOPRNNA-N,-10.11
PPARD,c_HIS232,mut_s1,detail,1,162,VLUGXHSPLMSNET-LNNLXFCONA-N,-9.483
PPARD,c_HIS232,mut_s1,detail,1,163,IEQABWYSQBHOMM-UHFFFAOYNA-N,-8.605
PPARD,c_HIS232,mut_s1,detail,1,164,FWLMJHGQRXWNIS-UHFFFAOYNA-N,-9.89
PPARD,c_HIS232,mut_s1,detail,1,165,RZJWOMPOSAPIJL-LQFNOIFHNA-N,-8.802
PPARD,c_HIS232,mut_s1,detail,1,166,ZUMDOGBUKHTCOC-CWWQGPJMNA-N,-9.131
PPARD,c_HIS232,mut_s1,detail,1,167,ANZGKDRXGOPIJA-QWOVJGMINA-N,-8.244
PPARD,c_HIS232,mut_s1,detail,1,168,QUISVMJELRRHAG-UHFFFAOYNA-N,-9.056
PPARD,c_HIS232,mut_s1,detail,1,169,XZFCGNQJCGTXNQ-ZVHZXABRNA-N,-8.559
PPARD,c_HIS232,mut_s1,detail,1,170,UGPWOMSWEMIIJH-UHFFFAOYNA-N,-9.123
PPARD,c_HIS232,mut_s1,detail,1,171,WGMQZHYPIKBUML-LQFNOIFHNA-N,-7.436
PPARD,c_HIS232,mut_s1,detail,1,172,HPNLHDILXMKRJE-UHFFFAOYNA-N,-8.44
PPARD,c_HIS232,mut_s1,detail,1,173,AQBHPXSDFXKHIG-LELJVTLKNA-N,-8.459
PPARD,c_HIS232,mut_s1,detail,1,174,BHPSGEAUUZMDDL-QFIPXVFZNA-N,-10.403
PPARD,c_HIS232,mut_s1,detail,1,175,RHMDXGNHLMFANS-XBXBPLPCNA-N,-8.921
PPARD,c_HIS232,mut_s1,detail,1,176,HZXUSKDOXPOMIW-PKSOQXRJNA-N,-8.344
PPARD,c_HIS232,mut_s1,detail,1,177,QBBIMTGZZXPUPY-UHFFFAOYNA-N,-8.756
PPARD,c_HIS232,mut_s1,detail,1,178,FAALFCIDNMPXJU-LNNLXFCONA-N,-10.655
PPARD,c_HIS232,mut_s1,detail,1,179,UEGWFDMCEAIRSE-DVIAZDKANA-N,-8.614
PPARD,c_HIS232,mut_s1,detail,1,180,QATBWONTRXXCBE-UHFFFAOYNA-N,-8.364
PPARD,c_HIS232,mut_s1,detail,1,181,IEWZULBPMDXTLX-LQFNOIFHNA-N,-11.316
PPARD,c_HIS232,mut_s1,detail,1,182,DTUUXDIGBXNINJ-PKSOQXRJNA-N,-9.785
PPARD,c_HIS232,mut_s1,detail,1,183,FFDDOWCKFPDEPQ-KIYDBJNPNA-N,-10.881
PPARD,c_HIS232,mut_s1,detail,1,184,LFTDMBYAYYEBDL-XWYQMZBENA-N,-11.328
PPARD,c_HIS232,mut_s1,detail,1,185,VZFTWWJAUZOJDH-YANQHBGHNA-N,-10.362
PPARD,c_HIS232,mut_s1,detail,1,186,YNUOGMCLPCOTIC-UHFFFAOYNA-N,-8.826
PPARD,c_HIS232,mut_s1,detail,1,187,WDXONUYXRRUOAF-LELJVTLKNA-N,-8.45
PPARD,c_HIS232,mut_s1,detail,1,188,FWYUTSUWWZVOGD-UHFFFAOYNA-N,-8.503
PPARD,c_HIS232,mut_s1,detail,1,189,VMDJSIGZJOXSGC-UHFFFAOYNA-N,-9.01
PPARD,c_HIS232,mut_s1,detail,1,190,IIVPENRIUTZXCZ-DFVASWNCNA-N,-8.394
PPARD,c_HIS232,mut_s1,detail,1,191,HHKIXRJLSXZGIO-LBOYIXSDNA-N,-10.072
PPARD,c_HIS232,mut_s1,detail,1,192,VFCHPGXNLRROSP-UHFFFAOYNA-N,-9.717
PPARD,c_HIS232,mut_s1,detail,1,193,LQNMNFIDHADHQU-LQFNOIFHNA-N,-9.403
PPARD,c_HIS232,mut_s1,detail,1,194,DWCQXZSEATZNGJ-JXAWBTAJNA-N,-7.627
PPARD,c_HIS232,mut_s1,detail,1,195,XCFKTIVHIIOEHO-XRJCTRHONA-N,-10.666
PPARD,c_HIS232,mut_s1,detail,1,196,CTKVVCDWNBLQHQ-VJSLDGLSNA-N,-9.043
PPARD,c_HIS232,mut_s1,detail,1,197,SJEBTTUNLKKAEO-QFIPXVFZNA-N,-9.796
PPARD,c_HIS232,mut_s1,detail,1,198,VUVBMRFFLDJIKB-UHFFFAOYNA-N,-7.569
PPARD,c_HIS232,mut_s1,detail,1,199,CRDOCDKYXPCHRG-GMLXSZADNA-N,-9.925
PPARD,c_HIS232,mut_s1,detail,1,200,PTRAWPOMIAVCDX-NPZFWETONA-N,-10.039
PPARD,c_HIS232,mut_s1,detail,1,201,YPCVJZIGKJSYKB-XWQTZBKQNA-N,-10.042
PPARD,c_HIS232,mut_s1,detail,1,202,DDQUBMKKMCESIY-UHFFFAOYNA-N,-8.689
PPARD,c_HIS232,mut_s1,detail,1,203,QRBHMNKXVMROIF-UHFFFAOYNA-N,-10.425
PPARD,c_HIS232,mut_s1,detail,1,204,CSCOHEYTBLBQMG-SREBMQDQNA-N,-10.011
PPARD,c_HIS232,mut_s1,detail,1,205,FPRLMEVUSKOQRF-UHFFFAOYNA-N,-9.103
PPARD,c_HIS232,mut_s1,detail,1,206,VRUTXMQQNLYKSZ-SPEPDGBUNA-N,-10.814
PPARD,c_HIS232,mut_s1,detail,1,207,IFVIZWYRFUIABK-LKHHGCNMNA-N,-10.034
PPARD,c_HIS232,mut_s1,detail,1,208,BJSKDMOWRPAVMK-UHFFFAOYNA-N,-8.879
PPARD,c_HIS232,mut_s1,detail,1,209,AJDIYNONBYMZIF-ILOOJWFPNA-N,-10.97
PPARD,c_HIS232,mut_s1,detail,1,210,ABURDUMLEUCKOY-FYDYDPJYNA-N,-9.874
PPARD,c_HIS232,mut_s1,detail,1,211,ZXCSBCTVTJFLOZ-JUEKIJOLNA-N,-9.889
PPARD,c_HIS232,mut_s1,detail,1,212,SKVNACLQMJDJNT-JJFURXLTNA-N,-10.14
PPARD,c_HIS232,mut_s1,detail,1,213,OWDCBGQHUHBGKH-ODBASERBNA-N,-9.612
PPARD,c_HIS232,mut_s1,detail,1,214,RLXWTYPPMJNURK-LELJVTLKNA-N,-9.622
PPARD,c_HIS232,mut_s1,detail,1,215,LFFVXCIQPOOMOV-UHFFFAOYNA-N,-12.551
PPARD,c_HIS232,mut_s1,detail,1,216,ZFFOVIFFFSWOKF-PKRZOPRNNA-N,-12.069
PPARD,c_HIS232,mut_s1,detail,1,217,VVWGMEIQTOBDML-RDPOJNOENA-N,-9.797
PPARD,c_HIS232,mut_s1,detail,1,218,QAGLJDWYCCJEHH-IGBJZSFZNA-N,-8.833
PPARD,c_HIS232,mut_s1,detail,1,219,NFMSQLAKBDDECA-HXXFNXQYNA-N,-8.401
PPARD,c_HIS232,mut_s1,detail,1,220,RLKPYUHHHDBUKR-LKHHGCNMNA-N,-8.574
PPARD,c_HIS232,mut_s1,detail,1,221,FVGJPHFQQMQGFQ-PQVCHVPHNA-N,-11.383
PPARD,c_HIS232,mut_s1,detail,1,222,GGQXSFRJLUHOGQ-MDNXCRMFNA-N,-10.416
PPARD,c_HIS232,mut_s1,detail,1,223,LLLNQQOQHKAYHT-CSKMVECVNA-N,-10.444
PPARD,c_HIS232,mut_s1,detail,1,224,FTHKKKKNTGUTPA-NBVNDQADNA-N,-9.853
PPARD,c_HIS232,mut_s1,detail,1,225,BKYZARFJJFORLR-UHFFFAOYNA-N,-9.056
PPARD,c_HIS232,mut_s1,detail,1,226,XMHRXPMKDALTSG-YPBLIGHQNA-N,-9.98
PPARD,c_HIS232,mut_s1,detail,1,227,OVSPJLFXFWHQFE-HXTKINSTNA-N,-9.809
PPARD,c_HIS232,mut_s1,detail,1,228,SHBLCUUJYNQTSS-NRFANRHFNA-N,-9.76
PPARD,c_HIS232,mut_s1,detail,1,229,OHXYGRXPONZZPF-UHFFFAOYNA-N,-10.01
PPARD,c_HIS232,mut_s1,detail,1,230,XFOMWTKVHWXVRS-UHFFFAOYNA-N,-10.82
PPARD,c_HIS232,mut_s1,detail,1,231,HMPVPIRJMYFQCT-WXDRZTAENA-N,-9.048
PPARD,c_HIS232,mut_s1,detail,1,232,NRIQEFNHCJMSHL-UHFFFAOYNA-N,-11.124
PPARD,c_HIS232,mut_s1,detail,1,233,WQIKRJDLIIEKAG-WWXRYIHZNA-N,-10.54
PPARD,c_HIS232,mut_s1,detail,1,234,CQCKANIIWHCLDP-UHFFFAOYNA-N,-7.832
PPARD,c_HIS232,mut_s1,detail,1,235,QETNVWCEGLMMRQ-CXUYMYAGNA-N,-7.758
PPARD,c_HIS232,mut_s1,detail,1,236,MLYHNVDOBUQIID-NSJMMFDCNA-N,-10.86
PPARD,c_HIS232,mut_s1,detail,1,237,VBFOTEWTMOETMO-PECIQRARNA-N,-7.56
PPARD,c_HIS232,mut_s1,detail,1,238,NFSDYJKEOCQTKX-CYSPOYASNA-N,-9.628
PPARD,c_HIS232,mut_s1,detail,1,239,GZQHTWYWDSMEAW-UHFFFAOYNA-N,-8.939
PPARD,c_HIS232,mut_s1,detail,1,240,LZTXTKIYKWMRQJ-ZALBZXLWNA-N,-8.373
PPARD,c_HIS232,mut_s1,detail,1,241,YPDLHOCWYZLMQS-GFBXQOHCNA-N,-9.076
PPARD,c_HIS232,mut_s1,detail,1,242,FJUITIGQDNFRQI-UHFFFAOYNA-N,-7.443
PPARD,c_HIS232,mut_s1,detail,1,243,OHAIFIOFCXDBHP-NKTHEXPSNA-N,-8.676
PPARD,c_HIS232,mut_s1,detail,1,244,LSAXQHPWOGTFSG-UHFFFAOYNA-N,-8.567
PPARD,c_HIS232,mut_s1,detail,1,245,OENZVDXWLVYZJT-DHDJHLBQNA-N,-10.665
PPARD,c_HIS232,mut_s1,detail,1,246,UEOXIUXQBRDLJU-LBOYIXSDNA-N,-9.779
PPARD,c_HIS232,mut_s1,detail,1,247,YFYGWSCMDCTAKZ-MPIMZMORNA-N,-7.855
PPARD,c_HIS232,mut_s1,detail,1,248,AQHYVBHJINDJIW-UHFFFAOYNA-N,-7.685
PPARD,c_HIS232,mut_s1,detail,1,249,DBOAHQYVPCTALU-QBAQSEIJNA-N,-8.836
PPARD,c_HIS232,mut_s1,detail,1,250,NRMRHCTVBLZOIE-PJQSKVNONA-N,-8.988
PPARD,c_HIS232,mut_s1,detail,1,251,CGHADMRBCNGDHX-UOUKHUKPNA-N,-11.107
PPARD,c_HIS232,mut_s1,detail,1,252,DDZBRJBYGLTADL-TZFBGDORNA-N,-8.221
PPARD,c_HIS232,mut_s1,detail,1,253,LOIPDGFJRKDXSJ-UHFFFAOYNA-N,-8.025
PPARD,c_HIS232,mut_s1,detail,1,254,VBQAIJHAPZFIRO-MOQCICHVNA-N,-9.072
PPARD,c_HIS232,mut_s1,detail,1,255,YPVDZKHCFQJIDP-UHFFFAOYNA-N,-10.051
PPARD,s_VAL73,mut_s1,detail,1,0,IFHZOGDEYHFNQO-PKSOQXRJNA-N,-9.433
PPARD,s_VAL73,mut_s1,detail,1,1,PZDDADWKMMNNHC-UHFFFAOYNA-N,-7.199
PPARD,s_VAL73,mut_s1,detail,1,2,BUEYTYZOCKWHHR-UHFFFAOYNA-N,-7.023
PPARD,s_VAL73,mut_s1,detail,1,3,URXMTXGGQRBQQC-LNZJGEAENA-N,-6.741
PPARD,s_VAL73,mut_s1,detail,1,4,NNVZANSRDHCDLK-UHFFFAOYNA-N,-8.964
PPARD,s_VAL73,mut_s1,detail,1,5,YCVTUSIXNJAXKA-UHFFFAOYNA-N,-8.529
PPARD,s_VAL73,mut_s1,detail,1,6,YLQOELRYUQBERL-YHMJCDSINA-N,-6.988
PPARD,s_VAL73,mut_s1,detail,1,7,XIOYZAUVDJKWCL-UHFFFAOYNA-N,-9.036
PPARD,s_VAL73,mut_s1,detail,1,8,NYBRKCCEVRSDNF-UHFFFAOYNA-N,-9.008
PPARD,s_VAL73,mut_s1,detail,1,9,HOWDUDRRYYVTNY-NDKGDYFDNA-N,-7.552
PPARD,s_VAL73,mut_s1,detail,1,10,RVRIAONMWINUPS-GPQMBLKYNA-N,-6.984
PPARD,s_VAL73,mut_s1,detail,1,11,UVVPLBQLDVTPSL-RVQYIEHVNA-N,-6.741
PPARD,s_VAL73,mut_s1,detail,1,12,AXXXFCGETBIMKI-UHFFFAOYNA-N,-7.629
PPARD,s_VAL73,mut_s1,detail,1,13,RBMUBAYHBUBLMR-NKWLYDBFNA-N,-8.605
PPARD,s_VAL73,mut_s1,detail,1,14,BTIHIHBWVGQIIQ-UHFFFAOYNA-N,-7.074
PPARD,s_VAL73,mut_s1,detail,1,15,ACAOHWOPNZHWAF-WNVDMVQFNA-N,-8.449
PPARD,s_VAL73,mut_s1,detail,1,16,VEFTYKZXVJQBER-ZHLVXTBQNA-N,-6.509
PPARD,s_VAL73,mut_s1,detail,1,17,QBQDUEWXIOEVKT-UYBDAZJANA-N,-9.471
PPARD,s_VAL73,mut_s1,detail,1,18,KRGQOKCRZMRVRH-UHFFFAOYNA-N,-6.081
PPARD,s_VAL73,mut_s1,detail,1,19,YXGMBGNPGWDLBJ-WYUMXYHSNA-N,-7.538
PPARD,s_VAL73,mut_s1,detail,1,20,LHQICPSUYGARIS-UHFFFAOYNA-N,-8.858
PPARD,s_VAL73,mut_s1,detail,1,21,ZXVNJVRABSCRGU-GPQMBLKYNA-N,-8.491
PPARD,s_VAL73,mut_s1,detail,1,22,TYXGDELQOONTQQ-DQDSCPLDNA-N,-8.236
PPARD,s_VAL73,mut_s1,detail,1,23,FMDKDGDDTIJRQT-WRCMMWDQNA-N,-6.985
PPARD,s_VAL73,mut_s1,detail,1,24,DXLLFVXDQQMGGM-LILDFLRNNA-N,-7.287
PPARD,s_VAL73,mut_s1,detail,1,25,RCFHJSCTPLCRAN-UHFFFAOYNA-N,-8.23
PPARD,s_VAL73,mut_s1,detail,1,26,LOIKOLAEHONJTE-KARVIEMNNA-N,-8.521
PPARD,s_VAL73,mut_s1,detail,1,27,ZBEDJPDEINGEHM-UHFFFAOYNA-N,-6.255
PPARD,s_VAL73,mut_s1,detail,1,28,PKHXJWYQMRFPTR-LILDFLRNNA-N,-7.963
PPARD,s_VAL73,mut_s1,detail,1,29,DGFWWFXFIZOMRX-WXRBYKJCNA-N,-6.585
PPARD,s_VAL73,mut_s1,detail,1,30,NDEDMCKHRVZXGD-VEWCPZSHNA-N,-7.801
PPARD,s_VAL73,mut_s1,detail,1,31,UPOCYXRXSNRNNU-UHFFFAOYNA-N,-8.091
PPARD,s_VAL73,mut_s1,detail,1,32,UGLPVHLKYTWQRV-UHFFFAOYNA-N,-8.393
PPARD,s_VAL73,mut_s1,detail,1,33,VEBIFNQLJFTSLJ-GPQMBLKYNA-N,-8.139
PPARD,s_VAL73,mut_s1,detail,1,34,FZGYMZTVBMODJR-GUYCJALGNA-N,-7.937
PPARD,s_VAL73,mut_s1,detail,1,35,XVAMDQGNCAYOLZ-CMNYYERHNA-N,-7.56
PPARD,s_VAL73,mut_s1,detail,1,36,MRHCSNNEUHXNIC-DLGLGFIGNA-N,-8.151
PPARD,s_VAL73,mut_s1,detail,1,37,QXSUNGXUTAFLCR-HCKMINDGNA-N,-8.443
PPARD,s_VAL73,mut_s1,detail,1,38,BTUZBQRUTGYGSI-SAAHQOFTNA-N,-8.011
PPARD,s_VAL73,mut_s1,detail,1,39,TTYMNRMJLOVQEL-UHFFFAOYNA-N,-7.525
PPARD,s_VAL73,mut_s1,detail,1,40,IVQOCTZDCXKGHW-UHFFFAOYNA-N,-8.007
PPARD,s_VAL73,mut_s1,detail,1,41,SRWKAZSWOPMZLA-WYUMXYHSNA-N,-7.974
PPARD,s_VAL73,mut_s1,detail,1,42,QPEDEGUPTWDSJM-UHFFFAOYNA-N,-8.534
PPARD,s_VAL73,mut_s1,detail,1,43,ISYYCVGFJSIOIJ-UHFFFAOYNA-N,-7.065
PPARD,s_VAL73,mut_s1,detail,1,44,MTUZLFBKKNTLNL-YHMJCDSINA-N,-7.656
PPARD,s_VAL73,mut_s1,detail,1,45,JOFJZXKVGWGQRQ-UHFFFAOYNA-N,-6.049
PPARD,s_VAL73,mut_s1,detail,1,46,KOHAFBWLWQFBFU-UHFFFAOYNA-N,-7.943
PPARD,s_VAL73,mut_s1,detail,1,47,YHDLLKNPVWVCGF-UHFFFAOYNA-N,-8.295
PPARD,s_VAL73,mut_s1,detail,1,48,KIRJGAMLMFQPIX-LILDFLRNNA-N,-9.912
PPARD,s_VAL73,mut_s1,detail,1,49,MIUGSXDNQICPKY-AHPDCHJINA-N,-7.179
PPARD,s_VAL73,mut_s1,detail,1,50,NCQYFKGTEDNHPE-GPQMBLKYNA-N,-9.517
PPARD,s_VAL73,mut_s1,detail,1,51,OILQEGDAOXVJJG-UHFFFAOYNA-N,-8.179
PPARD,s_VAL73,mut_s1,detail,1,52,KMZMSABQJYKKBU-UHFFFAOYNA-N,-7.353
PPARD,s_VAL73,mut_s1,detail,1,53,ODNAHSRJQUKZJC-UHFFFAOYNA-N,-7.688
PPARD,s_VAL73,mut_s1,detail,1,54,WBXGNUJDIOVVDS-GPQMBLKYNA-N,-9.409
PPARD,s_VAL73,mut_s1,detail,1,55,KGFVHZKXNIFXQC-XQMQJMAZNA-N,-7.563
PPARD,s_VAL73,mut_s1,detail,1,56,ZGDACLBJJXLKJY-UHFFFAOYNA-N,-7.861
PPARD,s_VAL73,mut_s1,detail,1,57,ODQASWLALUMZKF-UHFFFAOYNA-N,-9.143
PPARD,s_VAL73,mut_s1,detail,1,58,HEAFXLZWNUOLNQ-UHFFFAOYNA-N,-8.884
PPARD,s_VAL73,mut_s1,detail,1,59,GDJPLZYPNHEBBO-GAJRPKRDNA-N,-7.294
PPARD,s_VAL73,mut_s1,detail,1,60,KZNIFHPLKGYRTM-UHFFFAOYNA-N,-7.765
PPARD,s_VAL73,mut_s1,detail,1,61,XCNLTPWPUBZVTB-WUKNDPDINA-N,-7.495
PPARD,s_VAL73,mut_s1,detail,1,62,UJJQDGSLGZZHPE-VEWCPZSHNA-N,-7.82
PPARD,s_VAL73,mut_s1,detail,1,63,KUDKBYQDLXZYQT-YAQRNVERNA-N,-7.37
PPARD,s_VAL73,mut_s1,detail,1,64,XZDKQJKAVDHUJN-UHFFFAOYNA-N,-8.987
PPARD,s_VAL73,mut_s1,detail,1,65,PIHCOUNEIQIOLH-UYBDAZJANA-N,-8.188
PPARD,s_VAL73,mut_s1,detail,1,66,FTVJNPIOPFNKML-GPQMBLKYNA-N,-7.67
PPARD,s_VAL73,mut_s1,detail,1,67,HHYDNYVAHAHWJL-UHFFFAOYNA-N,-6.711
PPARD,s_VAL73,mut_s1,detail,1,68,MXABEVYDQHVOES-NSHDSACANA-N,-8.17
PPARD,s_VAL73,mut_s1,detail,1,69,ONNIOMOHOZUMKS-YGZLFCMANA-N,-8.468
PPARD,s_VAL73,mut_s1,detail,1,70,DQLGXAYUAURASJ-XXTDWMNGNA-N,-10.137
PPARD,s_VAL73,mut_s1,detail,1,71,QGKGHRAWZIKZRJ-WYUMXYHSNA-N,-8.526
PPARD,s_VAL73,mut_s1,detail,1,72,JWCQSDFAPBNHSM-UHFFFAOYNA-N,-7.536
PPARD,s_VAL73,mut_s1,detail,1,73,RNSJXWMAYUTWOI-UHFFFAOYNA-N,-8.449
PPARD,s_VAL73,mut_s1,detail,1,74,AKOOSRNDNZPJNL-PKSOQXRJNA-N,-9.286
PPARD,s_VAL73,mut_s1,detail,1,75,BFENEDRNBGYKMO-OTJKMEOQNA-N,-7.929
PPARD,s_VAL73,mut_s1,detail,1,76,RULIAUGJMVIUMH-QWOVJGMINA-N,-8.394
PPARD,s_VAL73,mut_s1,detail,1,77,VHAIHOXTBBWMRC-LILDFLRNNA-N,-7.238
PPARD,s_VAL73,mut_s1,detail,1,78,MMWVUKRVNHSCOU-XWVGVUDUNA-N,-8.302
PPARD,s_VAL73,mut_s1,detail,1,79,VEUYFZWVWBJLBT-LILDFLRNNA-N,-6.703
PPARD,s_VAL73,mut_s1,detail,1,80,UEVUVZKOTQNFQQ-UHFFFAOYNA-N,-8.624
PPARD,s_VAL73,mut_s1,detail,1,81,AVUDBVVAYWAMLJ-UHFFFAOYNA-N,-8.702
PPARD,s_VAL73,mut_s1,detail,1,82,BQVDJEOYDDRFHV-UHFFFAOYNA-N,-7.201
PPARD,s_VAL73,mut_s1,detail,1,83,RJDWHDCXBZVKHF-UHFFFAOYNA-N,-9.623
PPARD,s_VAL73,mut_s1,detail,1,84,UUIYULWYHDSXHL-YREUQKFVNA-N,-7.453
PPARD,s_VAL73,mut_s1,detail,1,85,KSVYPWJPODFWFB-MHWRWJLKNA-N,-9.65
PPARD,s_VAL73,mut_s1,detail,1,86,YTOTVFWYSYGJKJ-MPIMZMORNA-N,-8.906
PPARD,s_VAL73,mut_s1,detail,1,87,LDEBHGWOYJCQTG-SFHVURJKNA-N,-7.652
PPARD,s_VAL73,mut_s1,detail,1,88,NXBTXYMTUUWSCC-XBTAAFKLNA-N,-9.099
PPARD,s_VAL73,mut_s1,detail,1,89,HRLJAEIRFSEJAW-UHFFFAOYNA-N,-8.526
PPARD,s_VAL73,mut_s1,detail,1,90,HROYNIXUIVDQJH-UHFFFAOYNA-N,-7.858
PPARD,s_VAL73,mut_s1,detail,1,91,BYXXTGCOSOYREY-QWOVJGMINA-N,-8.659
PPARD,s_VAL73,mut_s1,detail,1,92,AWXVIXMNAQQCCZ-OEMYIYORNA-N,-8.034
PPARD,s_VAL73,mut_s1,detail,1,93,PVTHJAPFENJVNC-ANRNRNKZNA-N,-6.864
PPARD,s_VAL73,mut_s1,detail,1,94,IMPAUHAIMHCPEJ-PKSOQXRJNA-N,-9.789
PPARD,s_VAL73,mut_s1,detail,1,95,SLOJERRRBYNXAR-NPQUBYNZNA-N,-8.098
PPARD,s_VAL73,mut_s1,detail,1,96,YWBJCOHEBDEQDR-PKSOQXRJNA-N,-8.827
PPARD,s_VAL73,mut_s1,detail,1,97,WWRBDTKNUXAXRR-XAVYIPQLNA-O,-8.428
PPARD,s_VAL73,mut_s1,detail,1,98,HBERTCHGBHHVDT-LILDFLRNNA-N,-9.885
PPARD,s_VAL73,mut_s1,detail,1,99,BXKUVDXLHUBVPA-ZWQIFLOQNA-N,-5.807
PPARD,s_VAL73,mut_s1,detail,1,100,WBWFIUAVMCNYPG-FPLPWBNLNA-N,-7.636
PPARD,s_VAL73,mut_s1,detail,1,101,VRWIFQNGGPFLST-UYBDAZJANA-N,-8.637
PPARD,s_VAL73,mut_s1,detail,1,102,JTAPVIPBGIDRDE-UHFFFAOYNA-N,-10.393
PPARD,s_VAL73,mut_s1,detail,1,103,HBTCLXRQQIHFQB-GDEMPAQCNA-N,-8.012
PPARD,s_VAL73,mut_s1,detail,1,104,DXJSFQXIPUHFQK-QWOVJGMINA-N,-7.954
PPARD,s_VAL73,mut_s1,detail,1,105,RBEMVAFKFYHQIB-UYBDAZJANA-N,-9.402
PPARD,s_VAL73,mut_s1,detail,1,106,QEKAHUYYWSNHDY-DZQCGVKKNA-N,-8.343
PPARD,s_VAL73,mut_s1,detail,1,107,RCSUTAOLFYVOEE-UHFFFAOYNA-N,-8.085
PPARD,s_VAL73,mut_s1,detail,1,108,MYBUANZGRGNVPO-YSPVQWMYNA-N,-9.264
PPARD,s_VAL73,mut_s1,detail,1,109,UIQCZMYFTSFLPQ-LQFNOIFHNA-N,-9.663
PPARD,s_VAL73,mut_s1,detail,1,110,QRMYORHEAHTJBC-GPQMBLKYNA-N,-8.428
PPARD,s_VAL73,mut_s1,detail,1,111,CPYTXWFFFQKUDP-QFAGIUQONA-N,-8.701
PPARD,s_VAL73,mut_s1,detail,1,112,DCIAJQYVIKONRS-QWOVJGMINA-N,-9.393
PPARD,s_VAL73,mut_s1,detail,1,113,ZMMGBIJMLCNSOV-PKSOQXRJNA-N,-7.577
PPARD,s_VAL73,mut_s1,detail,1,114,MRFDGPBJIFXZIT-NPQUBYNZNA-N,-9.499
PPARD,s_VAL73,mut_s1,detail,1,115,KANCHOKOTXNDQH-NVQSQQPGNA-N,-7.648
PPARD,s_VAL73,mut_s1,detail,1,116,SOAWEEUOPZCBSN-UHFFFAOYNA-N,-9.978
PPARD,s_VAL73,mut_s1,detail,1,117,BHXYDHWPQIADCG-HZFZDWCWNA-N,-7.896
PPARD,s_VAL73,mut_s1,detail,1,118,LVIWVNDQNUSMMV-LILDFLRNNA-N,-7.473
PPARD,s_VAL73,mut_s1,detail,1,119,UBAMGTKSOKGECF-UHFFFAOYNA-N,-7.3
PPARD,s_VAL73,mut_s1,detail,1,120,YSVHPRBZNNADQG-UHFFFAOYNA-N,-7.469
PPARD,s_VAL73,mut_s1,detail,1,121,IXZAZBWJQHWVHS-QVUQFMIFNA-N,-8.533
PPARD,s_VAL73,mut_s1,detail,1,122,NILCXRPLMSLFEG-HQHQJUQONA-N,-7.566
PPARD,s_VAL73,mut_s1,detail,1,123,HRNRRPMOOJUJLK-QWOVJGMINA-N,-9.241
PPARD,s_VAL73,mut_s1,detail,1,124,OLSXSUXZOLBVQZ-QVUQFMIFNA-N,-8.689
PPARD,s_VAL73,mut_s1,detail,1,125,XZMGFGHEVBEPKS-UHFFFAOYNA-N,-10.054
PPARD,s_VAL73,mut_s1,detail,1,126,MNLBKBCAEFZATB-UHFFFAOYNA-N,-8.163
PPARD,s_VAL73,mut_s1,detail,1,127,NNTZETQYCAZKJF-UYBDAZJANA-N,-9.805
PPARD,s_VAL73,mut_s1,detail,1,128,AKEDBCQYOCYZDX-PLBWUZGSNA-N,-8.6
PPARD,s_VAL73,mut_s1,detail,1,129,HCXOEHYNUWUKAG-UHFFFAOYNA-N,-8.495
PPARD,s_VAL73,mut_s1,detail,1,130,CWKHWSAMAAAUEN-UYBDAZJANA-N,-8.663
PPARD,s_VAL73,mut_s1,detail,1,131,VMZWELQEDXUUJX-HXTKINSTNA-N,-7.32
PPARD,s_VAL73,mut_s1,detail,1,132,PCMOPVSFMUOUFR-OAQYLSRUNA-N,-8.483
PPARD,s_VAL73,mut_s1,detail,1,133,POFKEPXNJQGIOB-DIRLUKLVNA-N,-9.409
PPARD,s_VAL73,mut_s1,detail,1,134,GQNKLNZBZDEAMD-VQHCSMNLNA-N,-10.025
PPARD,s_VAL73,mut_s1,detail,1,135,COFQAKCKCHDGNW-ZXWGSDNONA-N,-8.556
PPARD,s_VAL73,mut_s1,detail,1,136,XURFWWBVADUSQL-LNNLXFCONA-N,-10.375
PPARD,s_VAL73,mut_s1,detail,1,137,LBDHNFPYMBLBSB-CLCOLTQENA-N,-7.277
PPARD,s_VAL73,mut_s1,detail,1,138,QKIJTUQIQQZCIX-UYBDAZJANA-N,-9.219
PPARD,s_VAL73,mut_s1,detail,1,139,UXLJJGBAQOYQMV-UHFFFAOYNA-N,-7.816
PPARD,s_VAL73,mut_s1,detail,1,140,WQAWGOAEJJIYFP-DEOSSOPVNA-N,-8.844
PPARD,s_VAL73,mut_s1,detail,1,141,MBNPYPWQYGHCTB-UHFFFAOYNA-N,-8.785
PPARD,s_VAL73,mut_s1,detail,1,142,XAYHBRQVRJQCAH-PKSOQXRJNA-N,-7.806
PPARD,s_VAL73,mut_s1,detail,1,143,GNTOXDIONQLPFR-CXUHLZMHNA-N,-8.772
PPARD,s_VAL73,mut_s1,detail,1,144,RIVKJCNOYQAWOL-VCZDBIKCNA-N,-9.528
PPARD,s_VAL73,mut_s1,detail,1,145,LRRFROMGHKZMSA-PKRZOPRNNA-N,-10.173
PPARD,s_VAL73,mut_s1,detail,1,146,HWUKVYPOCLJTSN-RJJUGOMSNA-N,-9.327
PPARD,s_VAL73,mut_s1,detail,1,147,JAQNENPDJAEDSC-UHFFFAOYNA-N,-9.235
PPARD,s_VAL73,mut_s1,detail,1,148,ZYQCCRUKVDVTJE-ZUOKHONENA-N,-7.387
PPARD,s_VAL73,mut_s1,detail,1,149,UUWCZQYGBSUBRG-SPEPDGBUNA-N,-11.252
PPARD,s_VAL73,mut_s1,detail,1,150,KNGPIEIQVMOPHJ-PKSOQXRJNA-N,-8.57
PPARD,s_VAL73,mut_s1,detail,1,151,CTDCFVMSXQQWDC-HXTKINSTNA-N,-9.285
PPARD,s_VAL73,mut_s1,detail,1,152,AELMMQNCWIYZED-UHFFFAOYNA-N,-8.579
PPARD,s_VAL73,mut_s1,detail,1,153,BTBRAURMAUKXDM-UHFFFAOYNA-N,-8.179
PPARD,s_VAL73,mut_s1,detail,1,154,DWAPJEYUYKZUPW-UYBDAZJANA-N,-9.9
PPARD,s_VAL73,mut_s1,detail,1,155,MTWNFHPRKAIWJY-LQFNOIFHNA-N,-9.056
PPARD,s_VAL73,mut_s1,detail,1,156,XMOFGSWSGOXFPP-MPIMZMORNA-N,-8.978
PPARD,s_VAL73,mut_s1,detail,1,157,VVSBVXXITLYIIA-CKFYMFOVNA-N,-9.509
PPARD,s_VAL73,mut_s1,detail,1,158,GAXPVNSBLNNWCZ-PSHYBUTQNA-N,-7.705
PPARD,s_VAL73,mut_s1,detail,1,159,XDYREIZGNBPMPJ-IBGZPJMENA-N,-9.36
PPARD,s_VAL73,mut_s1,detail,1,160,WITBRHUYBFKPOL-MPIMZMORNA-N,-8.72
PPARD,s_VAL73,mut_s1,detail,1,161,IBIQKJHXTSLLBQ-PKRZOPRNNA-N,-9.888
PPARD,s_VAL73,mut_s1,detail,1,162,VLUGXHSPLMSNET-LNNLXFCONA-N,-9.636
PPARD,s_VAL73,mut_s1,detail,1,163,IEQABWYSQBHOMM-UHFFFAOYNA-N,-8.701
PPARD,s_VAL73,mut_s1,detail,1,164,FWLMJHGQRXWNIS-UHFFFAOYNA-N,-9.134
PPARD,s_VAL73,mut_s1,detail,1,165,RZJWOMPOSAPIJL-LQFNOIFHNA-N,-8.795
PPARD,s_VAL73,mut_s1,detail,1,166,ZUMDOGBUKHTCOC-CWWQGPJMNA-N,-10.177
PPARD,s_VAL73,mut_s1,detail,1,167,ANZGKDRXGOPIJA-QWOVJGMINA-N,-7.795
PPARD,s_VAL73,mut_s1,detail,1,168,QUISVMJELRRHAG-UHFFFAOYNA-N,-9.085
PPARD,s_VAL73,mut_s1,detail,1,169,XZFCGNQJCGTXNQ-ZVHZXABRNA-N,-8.72
PPARD,s_VAL73,mut_s1,detail,1,170,UGPWOMSWEMIIJH-UHFFFAOYNA-N,-9.092
PPARD,s_VAL73,mut_s1,detail,1,171,WGMQZHYPIKBUML-LQFNOIFHNA-N,-7.865
PPARD,s_VAL73,mut_s1,detail,1,172,HPNLHDILXMKRJE-UHFFFAOYNA-N,-8.211
PPARD,s_VAL73,mut_s1,detail,1,173,AQBHPXSDFXKHIG-LELJVTLKNA-N,-8.635
PPARD,s_VAL73,mut_s1,detail,1,174,BHPSGEAUUZMDDL-QFIPXVFZNA-N,-10.334
PPARD,s_VAL73,mut_s1,detail,1,175,RHMDXGNHLMFANS-XBXBPLPCNA-N,-8.406
PPARD,s_VAL73,mut_s1,detail,1,176,HZXUSKDOXPOMIW-PKSOQXRJNA-N,-8.258
PPARD,s_VAL73,mut_s1,detail,1,177,QBBIMTGZZXPUPY-UHFFFAOYNA-N,-8.012
PPARD,s_VAL73,mut_s1,detail,1,178,FAALFCIDNMPXJU-LNNLXFCONA-N,-10.689
PPARD,s_VAL73,mut_s1,detail,1,179,UEGWFDMCEAIRSE-DVIAZDKANA-N,-8.329
PPARD,s_VAL73,mut_s1,detail,1,180,QATBWONTRXXCBE-UHFFFAOYNA-N,-8.358
PPARD,s_VAL73,mut_s1,detail,1,181,IEWZULBPMDXTLX-LQFNOIFHNA-N,-11.382
PPARD,s_VAL73,mut_s1,detail,1,182,DTUUXDIGBXNINJ-PKSOQXRJNA-N,-8.653
PPARD,s_VAL73,mut_s1,detail,1,183,FFDDOWCKFPDEPQ-KIYDBJNPNA-N,-9.614
PPARD,s_VAL73,mut_s1,detail,1,184,LFTDMBYAYYEBDL-XWYQMZBENA-N,-9.93
PPARD,s_VAL73,mut_s1,detail,1,185,VZFTWWJAUZOJDH-YANQHBGHNA-N,-10.362
PPARD,s_VAL73,mut_s1,detail,1,186,YNUOGMCLPCOTIC-UHFFFAOYNA-N,-9.058
PPARD,s_VAL73,mut_s1,detail,1,187,WDXONUYXRRUOAF-LELJVTLKNA-N,-8.566
PPARD,s_VAL73,mut_s1,detail,1,188,FWYUTSUWWZVOGD-UHFFFAOYNA-N,-8.258
PPARD,s_VAL73,mut_s1,detail,1,189,VMDJSIGZJOXSGC-UHFFFAOYNA-N,-8.982
PPARD,s_VAL73,mut_s1,detail,1,190,IIVPENRIUTZXCZ-DFVASWNCNA-N,-8.354
PPARD,s_VAL73,mut_s1,detail,1,191,HHKIXRJLSXZGIO-LBOYIXSDNA-N,-9.399
PPARD,s_VAL73,mut_s1,detail,1,192,VFCHPGXNLRROSP-UHFFFAOYNA-N,-9.856
PPARD,s_VAL73,mut_s1,detail,1,193,LQNMNFIDHADHQU-LQFNOIFHNA-N,-9.281
PPARD,s_VAL73,mut_s1,detail,1,194,DWCQXZSEATZNGJ-JXAWBTAJNA-N,-7.572
PPARD,s_VAL73,mut_s1,detail,1,195,XCFKTIVHIIOEHO-XRJCTRHONA-N,-10.487
PPARD,s_VAL73,mut_s1,detail,1,196,CTKVVCDWNBLQHQ-VJSLDGLSNA-N,-8.734
PPARD,s_VAL73,mut_s1,detail,1,197,SJEBTTUNLKKAEO-QFIPXVFZNA-N,-8.659
PPARD,s_VAL73,mut_s1,detail,1,198,VUVBMRFFLDJIKB-UHFFFAOYNA-N,-7.857
PPARD,s_VAL73,mut_s1,detail,1,199,CRDOCDKYXPCHRG-GMLXSZADNA-N,-9.52
PPARD,s_VAL73,mut_s1,detail,1,200,PTRAWPOMIAVCDX-NPZFWETONA-N,-10.398
PPARD,s_VAL73,mut_s1,detail,1,201,YPCVJZIGKJSYKB-XWQTZBKQNA-N,-10.896
PPARD,s_VAL73,mut_s1,detail,1,202,DDQUBMKKMCESIY-UHFFFAOYNA-N,-9.325
PPARD,s_VAL73,mut_s1,detail,1,203,QRBHMNKXVMROIF-UHFFFAOYNA-N,-10.217
PPARD,s_VAL73,mut_s1,detail,1,204,CSCOHEYTBLBQMG-SREBMQDQNA-N,-10.183
PPARD,s_VAL73,mut_s1,detail,1,205,FPRLMEVUSKOQRF-UHFFFAOYNA-N,-8.876
PPARD,s_VAL73,mut_s1,detail,1,206,VRUTXMQQNLYKSZ-SPEPDGBUNA-N,-10.59
PPARD,s_VAL73,mut_s1,detail,1,207,IFVIZWYRFUIABK-LKHHGCNMNA-N,-10.01
PPARD,s_VAL73,mut_s1,detail,1,208,BJSKDMOWRPAVMK-UHFFFAOYNA-N,-7.703
PPARD,s_VAL73,mut_s1,detail,1,209,AJDIYNONBYMZIF-ILOOJWFPNA-N,-10.663
PPARD,s_VAL73,mut_s1,detail,1,210,ABURDUMLEUCKOY-FYDYDPJYNA-N,-10.083
PPARD,s_VAL73,mut_s1,detail,1,211,ZXCSBCTVTJFLOZ-JUEKIJOLNA-N,-9.885
PPARD,s_VAL73,mut_s1,detail,1,212,SKVNACLQMJDJNT-JJFURXLTNA-N,-9.798
PPARD,s_VAL73,mut_s1,detail,1,213,OWDCBGQHUHBGKH-ODBASERBNA-N,-9.178
PPARD,s_VAL73,mut_s1,detail,1,214,RLXWTYPPMJNURK-LELJVTLKNA-N,-9.624
PPARD,s_VAL73,mut_s1,detail,1,215,LFFVXCIQPOOMOV-UHFFFAOYNA-N,-12.562
PPARD,s_VAL73,mut_s1,detail,1,216,ZFFOVIFFFSWOKF-PKRZOPRNNA-N,-11.978
PPARD,s_VAL73,mut_s1,detail,1,217,VVWGMEIQTOBDML-RDPOJNOENA-N,-9.406
PPARD,s_VAL73,mut_s1,detail,1,218,QAGLJDWYCCJEHH-IGBJZSFZNA-N,-8.474
PPARD,s_VAL73,mut_s1,detail,1,219,NFMSQLAKBDDECA-HXXFNXQYNA-N,-9.746
PPARD,s_VAL73,mut_s1,detail,1,220,RLKPYUHHHDBUKR-LKHHGCNMNA-N,-8.907
PPARD,s_VAL73,mut_s1,detail,1,221,FVGJPHFQQMQGFQ-PQVCHVPHNA-N,-11.597
PPARD,s_VAL73,mut_s1,detail,1,222,GGQXSFRJLUHOGQ-MDNXCRMFNA-N,-10.409
PPARD,s_VAL73,mut_s1,detail,1,223,LLLNQQOQHKAYHT-CSKMVECVNA-N,-10.457
PPARD,s_VAL73,mut_s1,detail,1,224,FTHKKKKNTGUTPA-NBVNDQADNA-N,-10.004
PPARD,s_VAL73,mut_s1,detail,1,225,BKYZARFJJFORLR-UHFFFAOYNA-N,-9.075
PPARD,s_VAL73,mut_s1,detail,1,226,XMHRXPMKDALTSG-YPBLIGHQNA-N,-8.467
PPARD,s_VAL73,mut_s1,detail,1,227,OVSPJLFXFWHQFE-HXTKINSTNA-N,-9.985
PPARD,s_VAL73,mut_s1,detail,1,228,SHBLCUUJYNQTSS-NRFANRHFNA-N,-9.388
PPARD,s_VAL73,mut_s1,detail,1,229,OHXYGRXPONZZPF-UHFFFAOYNA-N,-9.248
PPARD,s_VAL73,mut_s1,detail,1,230,XFOMWTKVHWXVRS-UHFFFAOYNA-N,-11.08
PPARD,s_VAL73,mut_s1,detail,1,231,HMPVPIRJMYFQCT-WXDRZTAENA-N,-8.846
PPARD,s_VAL73,mut_s1,detail,1,232,NRIQEFNHCJMSHL-UHFFFAOYNA-N,-11.088
PPARD,s_VAL73,mut_s1,detail,1,233,WQIKRJDLIIEKAG-WWXRYIHZNA-N,-9.832
PPARD,s_VAL73,mut_s1,detail,1,234,CQCKANIIWHCLDP-UHFFFAOYNA-N,-8.009
PPARD,s_VAL73,mut_s1,detail,1,235,QETNVWCEGLMMRQ-CXUYMYAGNA-N,-7.811
PPARD,s_VAL73,mut_s1,detail,1,236,MLYHNVDOBUQIID-NSJMMFDCNA-N,-10.924
PPARD,s_VAL73,mut_s1,detail,1,237,VBFOTEWTMOETMO-PECIQRARNA-N,-8.011
PPARD,s_VAL73,mut_s1,detail,1,238,NFSDYJKEOCQTKX-CYSPOYASNA-N,-9.298
PPARD,s_VAL73,mut_s1,detail,1,239,GZQHTWYWDSMEAW-UHFFFAOYNA-N,-8.719
PPARD,s_VAL73,mut_s1,detail,1,240,LZTXTKIYKWMRQJ-ZALBZXLWNA-N,-7.39
PPARD,s_VAL73,mut_s1,detail,1,241,YPDLHOCWYZLMQS-GFBXQOHCNA-N,-8.839
PPARD,s_VAL73,mut_s1,detail,1,242,FJUITIGQDNFRQI-UHFFFAOYNA-N,-8.243
PPARD,s_VAL73,mut_s1,detail,1,243,OHAIFIOFCXDBHP-NKTHEXPSNA-N,-9.346
PPARD,s_VAL73,mut_s1,detail,1,244,LSAXQHPWOGTFSG-UHFFFAOYNA-N,-8.256
PPARD,s_VAL73,mut_s1,detail,1,245,OENZVDXWLVYZJT-DHDJHLBQNA-N,-10.061
PPARD,s_VAL73,mut_s1,detail,1,246,UEOXIUXQBRDLJU-LBOYIXSDNA-N,-9.226
PPARD,s_VAL73,mut_s1,detail,1,247,YFYGWSCMDCTAKZ-MPIMZMORNA-N,-8.347
PPARD,s_VAL73,mut_s1,detail,1,248,AQHYVBHJINDJIW-UHFFFAOYNA-N,-8.488
PPARD,s_VAL73,mut_s1,detail,1,249,DBOAHQYVPCTALU-QBAQSEIJNA-N,-8.547
PPARD,s_VAL73,mut_s1,detail,1,250,NRMRHCTVBLZOIE-PJQSKVNONA-N,-9.26
PPARD,s_VAL73,mut_s1,detail,1,251,CGHADMRBCNGDHX-UOUKHUKPNA-N,-11.268
PPARD,s_VAL73,mut_s1,detail,1,252,DDZBRJBYGLTADL-TZFBGDORNA-N,-8.407
PPARD,s_VAL73,mut_s1,detail,1,253,LOIPDGFJRKDXSJ-UHFFFAOYNA-N,-9.681
PPARD,s_VAL73,mut_s1,detail,1,254,VBQAIJHAPZFIRO-MOQCICHVNA-N,-9.217
PPARD,s_VAL73,mut_s1,detail,1,255,YPVDZKHCFQJIDP-UHFFFAOYNA-N,-10.524
PPARD,s_ILE239,mut_s1,detail,1,0,IFHZOGDEYHFNQO-PKSOQXRJNA-N,-9.435
PPARD,s_ILE239,mut_s1,detail,1,1,PZDDADWKMMNNHC-UHFFFAOYNA-N,-7.213
PPARD,s_ILE239,mut_s1,detail,1,2,BUEYTYZOCKWHHR-UHFFFAOYNA-N,-7.502
PPARD,s_ILE239,mut_s1,detail,1,3,URXMTXGGQRBQQC-LNZJGEAENA-N,-6.657
PPARD,s_ILE239,mut_s1,detail,1,4,NNVZANSRDHCDLK-UHFFFAOYNA-N,-9.007
PPARD,s_ILE239,mut_s1,detail,1,5,YCVTUSIXNJAXKA-UHFFFAOYNA-N,-8.554
PPARD,s_ILE239,mut_s1,detail,1,6,YLQOELRYUQBERL-YHMJCDSINA-N,-6.952
PPARD,s_ILE239,mut_s1,detail,1,7,XIOYZAUVDJKWCL-UHFFFAOYNA-N,-9.081
PPARD,s_ILE239,mut_s1,detail,1,8,NYBRKCCEVRSDNF-UHFFFAOYNA-N,-9.059
PPARD,s_ILE239,mut_s1,detail,1,9,HOWDUDRRYYVTNY-NDKGDYFDNA-N,-7.797
PPARD,s_ILE239,mut_s1,detail,1,10,RVRIAONMWINUPS-GPQMBLKYNA-N,-7.672
PPARD,s_ILE239,mut_s1,detail,1,11,UVVPLBQLDVTPSL-RVQYIEHVNA-N,-6.261
PPARD,s_ILE239,mut_s1,detail,1,12,AXXXFCGETBIMKI-UHFFFAOYNA-N,-7.685
PPARD,s_ILE239,mut_s1,detail,1,13,RBMUBAYHBUBLMR-NKWLYDBFNA-N,-8.612
PPARD,s_ILE239,mut_s1,detail,1,14,BTIHIHBWVGQIIQ-UHFFFAOYNA-N,-7.554
PPARD,s_ILE239,mut_s1,detail,1,15,ACAOHWOPNZHWAF-WNVDMVQFNA-N,-8.415
PPARD,s_ILE239,mut_s1,detail,1,16,VEFTYKZXVJQBER-ZHLVXTBQNA-N,-6.531
PPARD,s_ILE239,mut_s1,detail,1,17,QBQDUEWXIOEVKT-UYBDAZJANA-N,-9.551
PPARD,s_ILE239,mut_s1,detail,1,18,KRGQOKCRZMRVRH-UHFFFAOYNA-N,-5.984
PPARD,s_ILE239,mut_s1,detail,1,19,YXGMBGNPGWDLBJ-WYUMXYHSNA-N,-7.388
PPARD,s_ILE239,mut_s1,detail,1,20,LHQICPSUYGARIS-UHFFFAOYNA-N,-8.861
PPARD,s_ILE239,mut_s1,detail,1,21,ZXVNJVRABSCRGU-GPQMBLKYNA-N,-8.482
PPARD,s_ILE239,mut_s1,detail,1,22,TYXGDELQOONTQQ-DQDSCPLDNA-N,-8.179
PPARD,s_ILE239,mut_s1,detail,1,23,FMDKDGDDTIJRQT-WRCMMWDQNA-N,-7.317
PPARD,s_ILE239,mut_s1,detail,1,24,DXLLFVXDQQMGGM-LILDFLRNNA-N,-7.433
PPARD,s_ILE239,mut_s1,detail,1,25,RCFHJSCTPLCRAN-UHFFFAOYNA-N,-8.228
PPARD,s_ILE239,mut_s1,detail,1,26,LOIKOLAEHONJTE-KARVIEMNNA-N,-8.509
PPARD,s_ILE239,mut_s1,detail,1,27,ZBEDJPDEINGEHM-UHFFFAOYNA-N,-6.171
PPARD,s_ILE239,mut_s1,detail,1,28,PKHXJWYQMRFPTR-LILDFLRNNA-N,-7.857
PPARD,s_ILE239,mut_s1,detail,1,29,DGFWWFXFIZOMRX-WXRBYKJCNA-N,-6.628
PPARD,s_ILE239,mut_s1,detail,1,30,NDEDMCKHRVZXGD-VEWCPZSHNA-N,-7.548
PPARD,s_ILE239,mut_s1,detail,1,31,UPOCYXRXSNRNNU-UHFFFAOYNA-N,-8.138
PPARD,s_ILE239,mut_s1,detail,1,32,UGLPVHLKYTWQRV-UHFFFAOYNA-N,-8.293
PPARD,s_ILE239,mut_s1,detail,1,33,VEBIFNQLJFTSLJ-GPQMBLKYNA-N,-7.421
PPARD,s_ILE239,mut_s1,detail,1,34,FZGYMZTVBMODJR-GUYCJALGNA-N,-7.943
PPARD,s_ILE239,mut_s1,detail,1,35,XVAMDQGNCAYOLZ-CMNYYERHNA-N,-7.839
PPARD,s_ILE239,mut_s1,detail,1,36,MRHCSNNEUHXNIC-DLGLGFIGNA-N,-8.148
PPARD,s_ILE239,mut_s1,detail,1,37,QXSUNGXUTAFLCR-HCKMINDGNA-N,-8.304
PPARD,s_ILE239,mut_s1,detail,1,38,BTUZBQRUTGYGSI-SAAHQOFTNA-N,-7.747
PPARD,s_ILE239,mut_s1,detail,1,39,TTYMNRMJLOVQEL-UHFFFAOYNA-N,-7.521
PPARD,s_ILE239,mut_s1,detail,1,40,IVQOCTZDCXKGHW-UHFFFAOYNA-N,-8.098
PPARD,s_ILE239,mut_s1,detail,1,41,SRWKAZSWOPMZLA-WYUMXYHSNA-N,-8.053
PPARD,s_ILE239,mut_s1,detail,1,42,QPEDEGUPTWDSJM-UHFFFAOYNA-N,-8.669
PPARD,s_ILE239,mut_s1,detail,1,43,ISYYCVGFJSIOIJ-UHFFFAOYNA-N,-7.049
PPARD,s_ILE239,mut_s1,detail,1,44,MTUZLFBKKNTLNL-YHMJCDSINA-N,-7.636
PPARD,s_ILE239,mut_s1,detail,1,45,JOFJZXKVGWGQRQ-UHFFFAOYNA-N,-5.647
PPARD,s_ILE239,mut_s1,detail,1,46,KOHAFBWLWQFBFU-UHFFFAOYNA-N,-7.948
PPARD,s_ILE239,mut_s1,detail,1,47,YHDLLKNPVWVCGF-UHFFFAOYNA-N,-8.316
PPARD,s_ILE239,mut_s1,detail,1,48,KIRJGAMLMFQPIX-LILDFLRNNA-N,-9.917
PPARD,s_ILE239,mut_s1,detail,1,49,MIUGSXDNQICPKY-AHPDCHJINA-N,-7.089
PPARD,s_ILE239,mut_s1,detail,1,50,NCQYFKGTEDNHPE-GPQMBLKYNA-N,-9.5
PPARD,s_ILE239,mut_s1,detail,1,51,OILQEGDAOXVJJG-UHFFFAOYNA-N,-8.178
PPARD,s_ILE239,mut_s1,detail,1,52,KMZMSABQJYKKBU-UHFFFAOYNA-N,-7.436
PPARD,s_ILE239,mut_s1,detail,1,53,ODNAHSRJQUKZJC-UHFFFAOYNA-N,-7.715
PPARD,s_ILE239,mut_s1,detail,1,54,WBXGNUJDIOVVDS-GPQMBLKYNA-N,-9.26
PPARD,s_ILE239,mut_s1,detail,1,55,KGFVHZKXNIFXQC-XQMQJMAZNA-N,-7.56
PPARD,s_ILE239,mut_s1,detail,1,56,ZGDACLBJJXLKJY-UHFFFAOYNA-N,-7.849
PPARD,s_ILE239,mut_s1,detail,1,57,ODQASWLALUMZKF-UHFFFAOYNA-N,-9.403
PPARD,s_ILE239,mut_s1,detail,1,58,HEAFXLZWNUOLNQ-UHFFFAOYNA-N,-8.781
PPARD,s_ILE239,mut_s1,detail,1,59,GDJPLZYPNHEBBO-GAJRPKRDNA-N,-7.302
PPARD,s_ILE239,mut_s1,detail,1,60,KZNIFHPLKGYRTM-UHFFFAOYNA-N,-7.751
PPARD,s_ILE239,mut_s1,detail,1,61,XCNLTPWPUBZVTB-WUKNDPDINA-N,-7.515
PPARD,s_ILE239,mut_s1,detail,1,62,UJJQDGSLGZZHPE-VEWCPZSHNA-N,-7.504
PPARD,s_ILE239,mut_s1,detail,1,63,KUDKBYQDLXZYQT-YAQRNVERNA-N,-7.807
PPARD,s_ILE239,mut_s1,detail,1,64,XZDKQJKAVDHUJN-UHFFFAOYNA-N,-9.001
PPARD,s_ILE239,mut_s1,detail,1,65,PIHCOUNEIQIOLH-UYBDAZJANA-N,-7.754
PPARD,s_ILE239,mut_s1,detail,1,66,FTVJNPIOPFNKML-GPQMBLKYNA-N,-7.693
PPARD,s_ILE239,mut_s1,detail,1,67,HHYDNYVAHAHWJL-UHFFFAOYNA-N,-6.796
PPARD,s_ILE239,mut_s1,detail,1,68,MXABEVYDQHVOES-NSHDSACANA-N,-8.151
PPARD,s_ILE239,mut_s1,detail,1,69,ONNIOMOHOZUMKS-YGZLFCMANA-N,-8.255
PPARD,s_ILE239,mut_s1,detail,1,70,DQLGXAYUAURASJ-XXTDWMNGNA-N,-10.266
PPARD,s_ILE239,mut_s1,detail,1,71,QGKGHRAWZIKZRJ-WYUMXYHSNA-N,-8.53
PPARD,s_ILE239,mut_s1,detail,1,72,JWCQSDFAPBNHSM-UHFFFAOYNA-N,-8.247
PPARD,s_ILE239,mut_s1,detail,1,73,RNSJXWMAYUTWOI-UHFFFAOYNA-N,-8.13
PPARD,s_ILE239,mut_s1,detail,1,74,AKOOSRNDNZPJNL-PKSOQXRJNA-N,-9.262
PPARD,s_ILE239,mut_s1,detail,1,75,BFENEDRNBGYKMO-OTJKMEOQNA-N,-7.87
PPARD,s_ILE239,mut_s1,detail,1,76,RULIAUGJMVIUMH-QWOVJGMINA-N,-8.324
PPARD,s_ILE239,mut_s1,detail,1,77,VHAIHOXTBBWMRC-LILDFLRNNA-N,-7.328
PPARD,s_ILE239,mut_s1,detail,1,78,MMWVUKRVNHSCOU-XWVGVUDUNA-N,-8.257
PPARD,s_ILE239,mut_s1,detail,1,79,VEUYFZWVWBJLBT-LILDFLRNNA-N,-6.664
PPARD,s_ILE239,mut_s1,detail,1,80,UEVUVZKOTQNFQQ-UHFFFAOYNA-N,-8.684
PPARD,s_ILE239,mut_s1,detail,1,81,AVUDBVVAYWAMLJ-UHFFFAOYNA-N,-8.842
PPARD,s_ILE239,mut_s1,detail,1,82,BQVDJEOYDDRFHV-UHFFFAOYNA-N,-7.346
PPARD,s_ILE239,mut_s1,detail,1,83,RJDWHDCXBZVKHF-UHFFFAOYNA-N,-9.637
PPARD,s_ILE239,mut_s1,detail,1,84,UUIYULWYHDSXHL-YREUQKFVNA-N,-7.486
PPARD,s_ILE239,mut_s1,detail,1,85,KSVYPWJPODFWFB-MHWRWJLKNA-N,-9.468
PPARD,s_ILE239,mut_s1,detail,1,86,YTOTVFWYSYGJKJ-MPIMZMORNA-N,-8.317
PPARD,s_ILE239,mut_s1,detail,1,87,LDEBHGWOYJCQTG-SFHVURJKNA-N,-7.546
PPARD,s_ILE239,mut_s1,detail,1,88,NXBTXYMTUUWSCC-XBTAAFKLNA-N,-9.266
PPARD,s_ILE239,mut_s1,detail,1,89,HRLJAEIRFSEJAW-UHFFFAOYNA-N,-8.428
PPARD,s_ILE239,mut_s1,detail,1,90,HROYNIXUIVDQJH-UHFFFAOYNA-N,-8.797
PPARD,s_ILE239,mut_s1,detail,1,91,BYXXTGCOSOYREY-QWOVJGMINA-N,-8.741
PPARD,s_ILE239,mut_s1,detail,1,92,AWXVIXMNAQQCCZ-OEMYIYORNA-N,-7.977
PPARD,s_ILE239,mut_s1,detail,1,93,PVTHJAPFENJVNC-ANRNRNKZNA-N,-6.921
PPARD,s_ILE239,mut_s1,detail,1,94,IMPAUHAIMHCPEJ-PKSOQXRJNA-N,-9.763
PPARD,s_ILE239,mut_s1,detail,1,95,SLOJERRRBYNXAR-NPQUBYNZNA-N,-9.231
PPARD,s_ILE239,mut_s1,detail,1,96,YWBJCOHEBDEQDR-PKSOQXRJNA-N,-8.382
PPARD,s_ILE239,mut_s1,detail,1,97,WWRBDTKNUXAXRR-XAVYIPQLNA-O,-7.954
PPARD,s_ILE239,mut_s1,detail,1,98,HBERTCHGBHHVDT-LILDFLRNNA-N,-9.736
PPARD,s_ILE239,mut_s1,detail,1,99,BXKUVDXLHUBVPA-ZWQIFLOQNA-N,-5.058
PPARD,s_ILE239,mut_s1,detail,1,100,WBWFIUAVMCNYPG-FPLPWBNLNA-N,-7.842
PPARD,s_ILE239,mut_s1,detail,1,101,VRWIFQNGGPFLST-UYBDAZJANA-N,-8.612
PPARD,s_ILE239,mut_s1,detail,1,102,JTAPVIPBGIDRDE-UHFFFAOYNA-N,-10.449
PPARD,s_ILE239,mut_s1,detail,1,103,HBTCLXRQQIHFQB-GDEMPAQCNA-N,-7.746
PPARD,s_ILE239,mut_s1,detail,1,104,DXJSFQXIPUHFQK-QWOVJGMINA-N,-7.304
PPARD,s_ILE239,mut_s1,detail,1,105,RBEMVAFKFYHQIB-UYBDAZJANA-N,-9.287
PPARD,s_ILE239,mut_s1,detail,1,106,QEKAHUYYWSNHDY-DZQCGVKKNA-N,-8.305
PPARD,s_ILE239,mut_s1,detail,1,107,RCSUTAOLFYVOEE-UHFFFAOYNA-N,-8.316
PPARD,s_ILE239,mut_s1,detail,1,108,MYBUANZGRGNVPO-YSPVQWMYNA-N,-9.223
PPARD,s_ILE239,mut_s1,detail,1,109,UIQCZMYFTSFLPQ-LQFNOIFHNA-N,-10.255
PPARD,s_ILE239,mut_s1,detail,1,110,QRMYORHEAHTJBC-GPQMBLKYNA-N,-8.358
PPARD,s_ILE239,mut_s1,detail,1,111,CPYTXWFFFQKUDP-QFAGIUQONA-N,-8.977
PPARD,s_ILE239,mut_s1,detail,1,112,DCIAJQYVIKONRS-QWOVJGMINA-N,-9.439
PPARD,s_ILE239,mut_s1,detail,1,113,ZMMGBIJMLCNSOV-PKSOQXRJNA-N,-7.488
PPARD,s_ILE239,mut_s1,detail,1,114,MRFDGPBJIFXZIT-NPQUBYNZNA-N,-9.65
PPARD,s_ILE239,mut_s1,detail,1,115,KANCHOKOTXNDQH-NVQSQQPGNA-N,-7.537
PPARD,s_ILE239,mut_s1,detail,1,116,SOAWEEUOPZCBSN-UHFFFAOYNA-N,-10.023
PPARD,s_ILE239,mut_s1,detail,1,117,BHXYDHWPQIADCG-HZFZDWCWNA-N,-7.713
PPARD,s_ILE239,mut_s1,detail,1,118,LVIWVNDQNUSMMV-LILDFLRNNA-N,-7.531
PPARD,s_ILE239,mut_s1,detail,1,119,UBAMGTKSOKGECF-UHFFFAOYNA-N,-7.557
PPARD,s_ILE239,mut_s1,detail,1,120,YSVHPRBZNNADQG-UHFFFAOYNA-N,-7.479
PPARD,s_ILE239,mut_s1,detail,1,121,IXZAZBWJQHWVHS-QVUQFMIFNA-N,-8.368
PPARD,s_ILE239,mut_s1,detail,1,122,NILCXRPLMSLFEG-HQHQJUQONA-N,-7.324
PPARD,s_ILE239,mut_s1,detail,1,123,HRNRRPMOOJUJLK-QWOVJGMINA-N,-9.262
PPARD,s_ILE239,mut_s1,detail,1,124,OLSXSUXZOLBVQZ-QVUQFMIFNA-N,-8.682
PPARD,s_ILE239,mut_s1,detail,1,125,XZMGFGHEVBEPKS-UHFFFAOYNA-N,-10.057
PPARD,s_ILE239,mut_s1,detail,1,126,MNLBKBCAEFZATB-UHFFFAOYNA-N,-8.076
PPARD,s_ILE239,mut_s1,detail,1,127,NNTZETQYCAZKJF-UYBDAZJANA-N,-9.214
PPARD,s_ILE239,mut_s1,detail,1,128,AKEDBCQYOCYZDX-PLBWUZGSNA-N,-8.59
PPARD,s_ILE239,mut_s1,detail,1,129,HCXOEHYNUWUKAG-UHFFFAOYNA-N,-8.144
PPARD,s_ILE239,mut_s1,detail,1,130,CWKHWSAMAAAUEN-UYBDAZJANA-N,-8.627
PPARD,s_ILE239,mut_s1,detail,1,131,VMZWELQEDXUUJX-HXTKINSTNA-N,-8.019
PPARD,s_ILE239,mut_s1,detail,1,132,PCMOPVSFMUOUFR-OAQYLSRUNA-N,-8.463
PPARD,s_ILE239,mut_s1,detail,1,133,POFKEPXNJQGIOB-DIRLUKLVNA-N,-10.561
PPARD,s_ILE239,mut_s1,detail,1,134,GQNKLNZBZDEAMD-VQHCSMNLNA-N,-10.507
PPARD,s_ILE239,mut_s1,detail,1,135,COFQAKCKCHDGNW-ZXWGSDNONA-N,-8.593
PPARD,s_ILE239,mut_s1,detail,1,136,XURFWWBVADUSQL-LNNLXFCONA-N,-10.281
PPARD,s_ILE239,mut_s1,detail,1,137,LBDHNFPYMBLBSB-CLCOLTQENA-N,-7.35
PPARD,s_ILE239,mut_s1,detail,1,138,QKIJTUQIQQZCIX-UYBDAZJANA-N,-9.244
PPARD,s_ILE239,mut_s1,detail,1,139,UXLJJGBAQOYQMV-UHFFFAOYNA-N,-8.339
PPARD,s_ILE239,mut_s1,detail,1,140,WQAWGOAEJJIYFP-DEOSSOPVNA-N,-9.181
PPARD,s_ILE239,mut_s1,detail,1,141,MBNPYPWQYGHCTB-UHFFFAOYNA-N,-9.04
PPARD,s_ILE239,mut_s1,detail,1,142,XAYHBRQVRJQCAH-PKSOQXRJNA-N,-8.02
PPARD,s_ILE239,mut_s1,detail,1,143,GNTOXDIONQLPFR-CXUHLZMHNA-N,-8.638
PPARD,s_ILE239,mut_s1,detail,1,144,RIVKJCNOYQAWOL-VCZDBIKCNA-N,-9.536
PPARD,s_ILE239,mut_s1,detail,1,145,LRRFROMGHKZMSA-PKRZOPRNNA-N,-10.41
PPARD,s_ILE239,mut_s1,detail,1,146,HWUKVYPOCLJTSN-RJJUGOMSNA-N,-9.312
PPARD,s_ILE239,mut_s1,detail,1,147,JAQNENPDJAEDSC-UHFFFAOYNA-N,-7.81
PPARD,s_ILE239,mut_s1,detail,1,148,ZYQCCRUKVDVTJE-ZUOKHONENA-N,-7.329
PPARD,s_ILE239,mut_s1,detail,1,149,UUWCZQYGBSUBRG-SPEPDGBUNA-N,-11.223
PPARD,s_ILE239,mut_s1,detail,1,150,KNGPIEIQVMOPHJ-PKSOQXRJNA-N,-8.67
PPARD,s_ILE239,mut_s1,detail,1,151,CTDCFVMSXQQWDC-HXTKINSTNA-N,-8.956
PPARD,s_ILE239,mut_s1,detail,1,152,AELMMQNCWIYZED-UHFFFAOYNA-N,-8.696
PPARD,s_ILE239,mut_s1,detail,1,153,BTBRAURMAUKXDM-UHFFFAOYNA-N,-8.198
PPARD,s_ILE239,mut_s1,detail,1,154,DWAPJEYUYKZUPW-UYBDAZJANA-N,-9.891
PPARD,s_ILE239,mut_s1,detail,1,155,MTWNFHPRKAIWJY-LQFNOIFHNA-N,-9.845
PPARD,s_ILE239,mut_s1,detail,1,156,XMOFGSWSGOXFPP-MPIMZMORNA-N,-9.165
PPARD,s_ILE239,mut_s1,detail,1,157,VVSBVXXITLYIIA-CKFYMFOVNA-N,-9.441
PPARD,s_ILE239,mut_s1,detail,1,158,GAXPVNSBLNNWCZ-PSHYBUTQNA-N,-7.36
PPARD,s_ILE239,mut_s1,detail,1,159,XDYREIZGNBPMPJ-IBGZPJMENA-N,-9.527
PPARD,s_ILE239,mut_s1,detail,1,160,WITBRHUYBFKPOL-MPIMZMORNA-N,-8.614
PPARD,s_ILE239,mut_s1,detail,1,161,IBIQKJHXTSLLBQ-PKRZOPRNNA-N,-10.042
PPARD,s_ILE239,mut_s1,detail,1,162,VLUGXHSPLMSNET-LNNLXFCONA-N,-9.492
PPARD,s_ILE239,mut_s1,detail,1,163,IEQABWYSQBHOMM-UHFFFAOYNA-N,-8.726
PPARD,s_ILE239,mut_s1,detail,1,164,FWLMJHGQRXWNIS-UHFFFAOYNA-N,-8.571
PPARD,s_ILE239,mut_s1,detail,1,165,RZJWOMPOSAPIJL-LQFNOIFHNA-N,-8.772
PPARD,s_ILE239,mut_s1,detail,1,166,ZUMDOGBUKHTCOC-CWWQGPJMNA-N,-9.2
PPARD,s_ILE239,mut_s1,detail,1,167,ANZGKDRXGOPIJA-QWOVJGMINA-N,-8.271
PPARD,s_ILE239,mut_s1,detail,1,168,QUISVMJELRRHAG-UHFFFAOYNA-N,-9.062
PPARD,s_ILE239,mut_s1,detail,1,169,XZFCGNQJCGTXNQ-ZVHZXABRNA-N,-9.237
PPARD,s_ILE239,mut_s1,detail,1,170,UGPWOMSWEMIIJH-UHFFFAOYNA-N,-8.535
PPARD,s_ILE239,mut_s1,detail,1,171,WGMQZHYPIKBUML-LQFNOIFHNA-N,-7.822
PPARD,s_ILE239,mut_s1,detail,1,172,HPNLHDILXMKRJE-UHFFFAOYNA-N,-8.396
PPARD,s_ILE239,mut_s1,detail,1,173,AQBHPXSDFXKHIG-LELJVTLKNA-N,-8.709
PPARD,s_ILE239,mut_s1,detail,1,174,BHPSGEAUUZMDDL-QFIPXVFZNA-N,-10.486
PPARD,s_ILE239,mut_s1,detail,1,175,RHMDXGNHLMFANS-XBXBPLPCNA-N,-8.099
PPARD,s_ILE239,mut_s1,detail,1,176,HZXUSKDOXPOMIW-PKSOQXRJNA-N,-8.867
PPARD,s_ILE239,mut_s1,detail,1,177,QBBIMTGZZXPUPY-UHFFFAOYNA-N,-7.972
PPARD,s_ILE239,mut_s1,detail,1,178,FAALFCIDNMPXJU-LNNLXFCONA-N,-10.736
PPARD,s_ILE239,mut_s1,detail,1,179,UEGWFDMCEAIRSE-DVIAZDKANA-N,-8.386
PPARD,s_ILE239,mut_s1,detail,1,180,QATBWONTRXXCBE-UHFFFAOYNA-N,-8.237
PPARD,s_ILE239,mut_s1,detail,1,181,IEWZULBPMDXTLX-LQFNOIFHNA-N,-11.18
PPARD,s_ILE239,mut_s1,detail,1,182,DTUUXDIGBXNINJ-PKSOQXRJNA-N,-8.368
PPARD,s_ILE239,mut_s1,detail,1,183,FFDDOWCKFPDEPQ-KIYDBJNPNA-N,-9.599
PPARD,s_ILE239,mut_s1,detail,1,184,LFTDMBYAYYEBDL-XWYQMZBENA-N,-10.189
PPARD,s_ILE239,mut_s1,detail,1,185,VZFTWWJAUZOJDH-YANQHBGHNA-N,-9.933
PPARD,s_ILE239,mut_s1,detail,1,186,YNUOGMCLPCOTIC-UHFFFAOYNA-N,-9.167
PPARD,s_ILE239,mut_s1,detail,1,187,WDXONUYXRRUOAF-LELJVTLKNA-N,-8.594
PPARD,s_ILE239,mut_s1,detail,1,188,FWYUTSUWWZVOGD-UHFFFAOYNA-N,-8.58
PPARD,s_ILE239,mut_s1,detail,1,189,VMDJSIGZJOXSGC-UHFFFAOYNA-N,-8.704
PPARD,s_ILE239,mut_s1,detail,1,190,IIVPENRIUTZXCZ-DFVASWNCNA-N,-8.27
PPARD,s_ILE239,mut_s1,detail,1,191,HHKIXRJLSXZGIO-LBOYIXSDNA-N,-9.78
PPARD,s_ILE239,mut_s1,detail,1,192,VFCHPGXNLRROSP-UHFFFAOYNA-N,-9.67
PPARD,s_ILE239,mut_s1,detail,1,193,LQNMNFIDHADHQU-LQFNOIFHNA-N,-9.05
PPARD,s_ILE239,mut_s1,detail,1,194,DWCQXZSEATZNGJ-JXAWBTAJNA-N,-7.572
PPARD,s_ILE239,mut_s1,detail,1,195,XCFKTIVHIIOEHO-XRJCTRHONA-N,-10.639
PPARD,s_ILE239,mut_s1,detail,1,196,CTKVVCDWNBLQHQ-VJSLDGLSNA-N,-9.194
PPARD,s_ILE239,mut_s1,detail,1,197,SJEBTTUNLKKAEO-QFIPXVFZNA-N,-9.684
PPARD,s_ILE239,mut_s1,detail,1,198,VUVBMRFFLDJIKB-UHFFFAOYNA-N,-7.508
PPARD,s_ILE239,mut_s1,detail,1,199,CRDOCDKYXPCHRG-GMLXSZADNA-N,-9.52
PPARD,s_ILE239,mut_s1,detail,1,200,PTRAWPOMIAVCDX-NPZFWETONA-N,-10.526
PPARD,s_ILE239,mut_s1,detail,1,201,YPCVJZIGKJSYKB-XWQTZBKQNA-N,-10.219
PPARD,s_ILE239,mut_s1,detail,1,202,DDQUBMKKMCESIY-UHFFFAOYNA-N,-9.395
PPARD,s_ILE239,mut_s1,detail,1,203,QRBHMNKXVMROIF-UHFFFAOYNA-N,-10.281
PPARD,s_ILE239,mut_s1,detail,1,204,CSCOHEYTBLBQMG-SREBMQDQNA-N,-10.197
PPARD,s_ILE239,mut_s1,detail,1,205,FPRLMEVUSKOQRF-UHFFFAOYNA-N,-8.756
PPARD,s_ILE239,mut_s1,detail,1,206,VRUTXMQQNLYKSZ-SPEPDGBUNA-N,-10.454
PPARD,s_ILE239,mut_s1,detail,1,207,IFVIZWYRFUIABK-LKHHGCNMNA-N,-10.036
PPARD,s_ILE239,mut_s1,detail,1,208,BJSKDMOWRPAVMK-UHFFFAOYNA-N,-8.012
PPARD,s_ILE239,mut_s1,detail,1,209,AJDIYNONBYMZIF-ILOOJWFPNA-N,-10.695
PPARD,s_ILE239,mut_s1,detail,1,210,ABURDUMLEUCKOY-FYDYDPJYNA-N,-9.898
PPARD,s_ILE239,mut_s1,detail,1,211,ZXCSBCTVTJFLOZ-JUEKIJOLNA-N,-9.873
PPARD,s_ILE239,mut_s1,detail,1,212,SKVNACLQMJDJNT-JJFURXLTNA-N,-9.766
PPARD,s_ILE239,mut_s1,detail,1,213,OWDCBGQHUHBGKH-ODBASERBNA-N,-9.532
PPARD,s_ILE239,mut_s1,detail,1,214,RLXWTYPPMJNURK-LELJVTLKNA-N,-9.364
PPARD,s_ILE239,mut_s1,detail,1,215,LFFVXCIQPOOMOV-UHFFFAOYNA-N,-12.58
PPARD,s_ILE239,mut_s1,detail,1,216,ZFFOVIFFFSWOKF-PKRZOPRNNA-N,-11.517
PPARD,s_ILE239,mut_s1,detail,1,217,VVWGMEIQTOBDML-RDPOJNOENA-N,-9.101
PPARD,s_ILE239,mut_s1,detail,1,218,QAGLJDWYCCJEHH-IGBJZSFZNA-N,-8.908
PPARD,s_ILE239,mut_s1,detail,1,219,NFMSQLAKBDDECA-HXXFNXQYNA-N,-9.359
PPARD,s_ILE239,mut_s1,detail,1,220,RLKPYUHHHDBUKR-LKHHGCNMNA-N,-8.605
PPARD,s_ILE239,mut_s1,detail,1,221,FVGJPHFQQMQGFQ-PQVCHVPHNA-N,-11.685
PPARD,s_ILE239,mut_s1,detail,1,222,GGQXSFRJLUHOGQ-MDNXCRMFNA-N,-10.417
PPARD,s_ILE239,mut_s1,detail,1,223,LLLNQQOQHKAYHT-CSKMVECVNA-N,-10.254
PPARD,s_ILE239,mut_s1,detail,1,224,FTHKKKKNTGUTPA-NBVNDQADNA-N,-10.021
PPARD,s_ILE239,mut_s1,detail,1,225,BKYZARFJJFORLR-UHFFFAOYNA-N,-8.891
PPARD,s_ILE239,mut_s1,detail,1,226,XMHRXPMKDALTSG-YPBLIGHQNA-N,-8.631
PPARD,s_ILE239,mut_s1,detail,1,227,OVSPJLFXFWHQFE-HXTKINSTNA-N,-9.933
PPARD,s_ILE239,mut_s1,detail,1,228,SHBLCUUJYNQTSS-NRFANRHFNA-N,-9.907
PPARD,s_ILE239,mut_s1,detail,1,229,OHXYGRXPONZZPF-UHFFFAOYNA-N,-9.181
PPARD,s_ILE239,mut_s1,detail,1,230,XFOMWTKVHWXVRS-UHFFFAOYNA-N,-11.198
PPARD,s_ILE239,mut_s1,detail,1,231,HMPVPIRJMYFQCT-WXDRZTAENA-N,-8.814
PPARD,s_ILE239,mut_s1,detail,1,232,NRIQEFNHCJMSHL-UHFFFAOYNA-N,-11.157
PPARD,s_ILE239,mut_s1,detail,1,233,WQIKRJDLIIEKAG-WWXRYIHZNA-N,-9.491
PPARD,s_ILE239,mut_s1,detail,1,234,CQCKANIIWHCLDP-UHFFFAOYNA-N,-7.564
PPARD,s_ILE239,mut_s1,detail,1,235,QETNVWCEGLMMRQ-CXUYMYAGNA-N,-8.727
PPARD,s_ILE239,mut_s1,detail,1,236,MLYHNVDOBUQIID-NSJMMFDCNA-N,-10.596
PPARD,s_ILE239,mut_s1,detail,1,237,VBFOTEWTMOETMO-PECIQRARNA-N,-7.63
PPARD,s_ILE239,mut_s1,detail,1,238,NFSDYJKEOCQTKX-CYSPOYASNA-N,-8.779
PPARD,s_ILE239,mut_s1,detail,1,239,GZQHTWYWDSMEAW-UHFFFAOYNA-N,-8.672
PPARD,s_ILE239,mut_s1,detail,1,240,LZTXTKIYKWMRQJ-ZALBZXLWNA-N,-8.476
PPARD,s_ILE239,mut_s1,detail,1,241,YPDLHOCWYZLMQS-GFBXQOHCNA-N,-8.755
PPARD,s_ILE239,mut_s1,detail,1,242,FJUITIGQDNFRQI-UHFFFAOYNA-N,-8.258
PPARD,s_ILE239,mut_s1,detail,1,243,OHAIFIOFCXDBHP-NKTHEXPSNA-N,-8.731
PPARD,s_ILE239,mut_s1,detail,1,244,LSAXQHPWOGTFSG-UHFFFAOYNA-N,-7.946
PPARD,s_ILE239,mut_s1,detail,1,245,OENZVDXWLVYZJT-DHDJHLBQNA-N,-10.652
PPARD,s_ILE239,mut_s1,detail,1,246,UEOXIUXQBRDLJU-LBOYIXSDNA-N,-9.689
PPARD,s_ILE239,mut_s1,detail,1,247,YFYGWSCMDCTAKZ-MPIMZMORNA-N,-8.389
PPARD,s_ILE239,mut_s1,detail,1,248,AQHYVBHJINDJIW-UHFFFAOYNA-N,-7.936
PPARD,s_ILE239,mut_s1,detail,1,249,DBOAHQYVPCTALU-QBAQSEIJNA-N,-8.67
PPARD,s_ILE239,mut_s1,detail,1,250,NRMRHCTVBLZOIE-PJQSKVNONA-N,-8.333
PPARD,s_ILE239,mut_s1,detail,1,251,CGHADMRBCNGDHX-UOUKHUKPNA-N,-11.265
PPARD,s_ILE239,mut_s1,detail,1,252,DDZBRJBYGLTADL-TZFBGDORNA-N,-8.015
PPARD,s_ILE239,mut_s1,detail,1,253,LOIPDGFJRKDXSJ-UHFFFAOYNA-N,-9.326
PPARD,s_ILE239,mut_s1,detail,1,254,VBQAIJHAPZFIRO-MOQCICHVNA-N,-9.227
PPARD,s_ILE239,mut_s1,detail,1,255,YPVDZKHCFQJIDP-UHFFFAOYNA-N,-10.483
PPARD,s_ILE60,mut_s1,detail,1,0,IFHZOGDEYHFNQO-PKSOQXRJNA-N,-9.405
PPARD,s_ILE60,mut_s1,detail,1,1,PZDDADWKMMNNHC-UHFFFAOYNA-N,-7.002
PPARD,s_ILE60,mut_s1,detail,1,2,BUEYTYZOCKWHHR-UHFFFAOYNA-N,-7.521
PPARD,s_ILE60,mut_s1,detail,1,3,URXMTXGGQRBQQC-LNZJGEAENA-N,-6.941
PPARD,s_ILE60,mut_s1,detail,1,4,NNVZANSRDHCDLK-UHFFFAOYNA-N,-8.977
PPARD,s_ILE60,mut_s1,detail,1,5,YCVTUSIXNJAXKA-UHFFFAOYNA-N,-8.271
PPARD,s_ILE60,mut_s1,detail,1,6,YLQOELRYUQBERL-YHMJCDSINA-N,-6.98
PPARD,s_ILE60,mut_s1,detail,1,7,XIOYZAUVDJKWCL-UHFFFAOYNA-N,-8.847
PPARD,s_ILE60,mut_s1,detail,1,8,NYBRKCCEVRSDNF-UHFFFAOYNA-N,-9.054
PPARD,s_ILE60,mut_s1,detail,1,9,HOWDUDRRYYVTNY-NDKGDYFDNA-N,-7.862
PPARD,s_ILE60,mut_s1,detail,1,10,RVRIAONMWINUPS-GPQMBLKYNA-N,-7.656
PPARD,s_ILE60,mut_s1,detail,1,11,UVVPLBQLDVTPSL-RVQYIEHVNA-N,-6.052
PPARD,s_ILE60,mut_s1,detail,1,12,AXXXFCGETBIMKI-UHFFFAOYNA-N,-7.564
PPARD,s_ILE60,mut_s1,detail,1,13,RBMUBAYHBUBLMR-NKWLYDBFNA-N,-8.545
PPARD,s_ILE60,mut_s1,detail,1,14,BTIHIHBWVGQIIQ-UHFFFAOYNA-N,-7.112
PPARD,s_ILE60,mut_s1,detail,1,15,ACAOHWOPNZHWAF-WNVDMVQFNA-N,-8.415
PPARD,s_ILE60,mut_s1,detail,1,16,VEFTYKZXVJQBER-ZHLVXTBQNA-N,-6.221
PPARD,s_ILE60,mut_s1,detail,1,17,QBQDUEWXIOEVKT-UYBDAZJANA-N,-9.566
PPARD,s_ILE60,mut_s1,detail,1,18,KRGQOKCRZMRVRH-UHFFFAOYNA-N,-5.969
PPARD,s_ILE60,mut_s1,detail,1,19,YXGMBGNPGWDLBJ-WYUMXYHSNA-N,-7.55
PPARD,s_ILE60,mut_s1,detail,1,20,LHQICPSUYGARIS-UHFFFAOYNA-N,-8.831
PPARD,s_ILE60,mut_s1,detail,1,21,ZXVNJVRABSCRGU-GPQMBLKYNA-N,-8.475
PPARD,s_ILE60,mut_s1,detail,1,22,TYXGDELQOONTQQ-DQDSCPLDNA-N,-8.263
PPARD,s_ILE60,mut_s1,detail,1,23,FMDKDGDDTIJRQT-WRCMMWDQNA-N,-7.414
PPARD,s_ILE60,mut_s1,detail,1,24,DXLLFVXDQQMGGM-LILDFLRNNA-N,-7.447
PPARD,s_ILE60,mut_s1,detail,1,25,RCFHJSCTPLCRAN-UHFFFAOYNA-N,-8.243
PPARD,s_ILE60,mut_s1,detail,1,26,LOIKOLAEHONJTE-KARVIEMNNA-N,-8.552
PPARD,s_ILE60,mut_s1,detail,1,27,ZBEDJPDEINGEHM-UHFFFAOYNA-N,-6.098
PPARD,s_ILE60,mut_s1,detail,1,28,PKHXJWYQMRFPTR-LILDFLRNNA-N,-7.888
PPARD,s_ILE60,mut_s1,detail,1,29,DGFWWFXFIZOMRX-WXRBYKJCNA-N,-6.549
PPARD,s_ILE60,mut_s1,detail,1,30,NDEDMCKHRVZXGD-VEWCPZSHNA-N,-8.117
PPARD,s_ILE60,mut_s1,detail,1,31,UPOCYXRXSNRNNU-UHFFFAOYNA-N,-7.746
PPARD,s_ILE60,mut_s1,detail,1,32,UGLPVHLKYTWQRV-UHFFFAOYNA-N,-8.334
PPARD,s_ILE60,mut_s1,detail,1,33,VEBIFNQLJFTSLJ-GPQMBLKYNA-N,-8.371
PPARD,s_ILE60,mut_s1,detail,1,34,FZGYMZTVBMODJR-GUYCJALGNA-N,-7.957
PPARD,s_ILE60,mut_s1,detail,1,35,XVAMDQGNCAYOLZ-CMNYYERHNA-N,-7.576
PPARD,s_ILE60,mut_s1,detail,1,36,MRHCSNNEUHXNIC-DLGLGFIGNA-N,-8.133
PPARD,s_ILE60,mut_s1,detail,1,37,QXSUNGXUTAFLCR-HCKMINDGNA-N,-8.352
PPARD,s_ILE60,mut_s1,detail,1,38,BTUZBQRUTGYGSI-SAAHQOFTNA-N,-7.984
PPARD,s_ILE60,mut_s1,detail,1,39,TTYMNRMJLOVQEL-UHFFFAOYNA-N,-7.517
PPARD,s_ILE60,mut_s1,detail,1,40,IVQOCTZDCXKGHW-UHFFFAOYNA-N,-7.507
PPARD,s_ILE60,mut_s1,detail,1,41,SRWKAZSWOPMZLA-WYUMXYHSNA-N,-8.023
PPARD,s_ILE60,mut_s1,detail,1,42,QPEDEGUPTWDSJM-UHFFFAOYNA-N,-8.662
PPARD,s_ILE60,mut_s1,detail,1,43,ISYYCVGFJSIOIJ-UHFFFAOYNA-N,-7.086
PPARD,s_ILE60,mut_s1,detail,1,44,MTUZLFBKKNTLNL-YHMJCDSINA-N,-7.65
PPARD,s_ILE60,mut_s1,detail,1,45,JOFJZXKVGWGQRQ-UHFFFAOYNA-N,-5.929
PPARD,s_ILE60,mut_s1,detail,1,46,KOHAFBWLWQFBFU-UHFFFAOYNA-N,-7.925
PPARD,s_ILE60,mut_s1,detail,1,47,YHDLLKNPVWVCGF-UHFFFAOYNA-N,-8.296
PPARD,s_ILE60,mut_s1,detail,1,48,KIRJGAMLMFQPIX-LILDFLRNNA-N,-9.974
PPARD,s_ILE60,mut_s1,detail,1,49,MIUGSXDNQICPKY-AHPDCHJINA-N,-7.099
PPARD,s_ILE60,mut_s1,detail,1,50,NCQYFKGTEDNHPE-GPQMBLKYNA-N,-9.573
PPARD,s_ILE60,mut_s1,detail,1,51,OILQEGDAOXVJJG-UHFFFAOYNA-N,-8.055
PPARD,s_ILE60,mut_s1,detail,1,52,KMZMSABQJYKKBU-UHFFFAOYNA-N,-7.416
PPARD,s_ILE60,mut_s1,detail,1,53,ODNAHSRJQUKZJC-UHFFFAOYNA-N,-8.064
PPARD,s_ILE60,mut_s1,detail,1,54,WBXGNUJDIOVVDS-GPQMBLKYNA-N,-9.338
PPARD,s_ILE60,mut_s1,detail,1,55,KGFVHZKXNIFXQC-XQMQJMAZNA-N,-7.567
PPARD,s_ILE60,mut_s1,detail,1,56,ZGDACLBJJXLKJY-UHFFFAOYNA-N,-7.879
PPARD,s_ILE60,mut_s1,detail,1,57,ODQASWLALUMZKF-UHFFFAOYNA-N,-9.119
PPARD,s_ILE60,mut_s1,detail,1,58,HEAFXLZWNUOLNQ-UHFFFAOYNA-N,-8.751
PPARD,s_ILE60,mut_s1,detail,1,59,GDJPLZYPNHEBBO-GAJRPKRDNA-N,-7.27
PPARD,s_ILE60,mut_s1,detail,1,60,KZNIFHPLKGYRTM-UHFFFAOYNA-N,-7.756
PPARD,s_ILE60,mut_s1,detail,1,61,XCNLTPWPUBZVTB-WUKNDPDINA-N,-7.557
PPARD,s_ILE60,mut_s1,detail,1,62,UJJQDGSLGZZHPE-VEWCPZSHNA-N,-7.659
PPARD,s_ILE60,mut_s1,detail,1,63,KUDKBYQDLXZYQT-YAQRNVERNA-N,-7.829
PPARD,s_ILE60,mut_s1,detail,1,64,XZDKQJKAVDHUJN-UHFFFAOYNA-N,-9.129
PPARD,s_ILE60,mut_s1,detail,1,65,PIHCOUNEIQIOLH-UYBDAZJANA-N,-8.154
PPARD,s_ILE60,mut_s1,detail,1,66,FTVJNPIOPFNKML-GPQMBLKYNA-N,-7.937
PPARD,s_ILE60,mut_s1,detail,1,67,HHYDNYVAHAHWJL-UHFFFAOYNA-N,-6.593
PPARD,s_ILE60,mut_s1,detail,1,68,MXABEVYDQHVOES-NSHDSACANA-N,-8.203
PPARD,s_ILE60,mut_s1,detail,1,69,ONNIOMOHOZUMKS-YGZLFCMANA-N,-8.014
PPARD,s_ILE60,mut_s1,detail,1,70,DQLGXAYUAURASJ-XXTDWMNGNA-N,-10.139
PPARD,s_ILE60,mut_s1,detail,1,71,QGKGHRAWZIKZRJ-WYUMXYHSNA-N,-8.457
PPARD,s_ILE60,mut_s1,detail,1,72,JWCQSDFAPBNHSM-UHFFFAOYNA-N,-7.844
PPARD,s_ILE60,mut_s1,detail,1,73,RNSJXWMAYUTWOI-UHFFFAOYNA-N,-8.485
PPARD,s_ILE60,mut_s1,detail,1,74,AKOOSRNDNZPJNL-PKSOQXRJNA-N,-9.288
PPARD,s_ILE60,mut_s1,detail,1,75,BFENEDRNBGYKMO-OTJKMEOQNA-N,-7.819
PPARD,s_ILE60,mut_s1,detail,1,76,RULIAUGJMVIUMH-QWOVJGMINA-N,-8.447
PPARD,s_ILE60,mut_s1,detail,1,77,VHAIHOXTBBWMRC-LILDFLRNNA-N,-7.212
PPARD,s_ILE60,mut_s1,detail,1,78,MMWVUKRVNHSCOU-XWVGVUDUNA-N,-8.604
PPARD,s_ILE60,mut_s1,detail,1,79,VEUYFZWVWBJLBT-LILDFLRNNA-N,-6.748
PPARD,s_ILE60,mut_s1,detail,1,80,UEVUVZKOTQNFQQ-UHFFFAOYNA-N,-8.6
PPARD,s_ILE60,mut_s1,detail,1,81,AVUDBVVAYWAMLJ-UHFFFAOYNA-N,-8.828
PPARD,s_ILE60,mut_s1,detail,1,82,BQVDJEOYDDRFHV-UHFFFAOYNA-N,-6.953
PPARD,s_ILE60,mut_s1,detail,1,83,RJDWHDCXBZVKHF-UHFFFAOYNA-N,-9.58
PPARD,s_ILE60,mut_s1,detail,1,84,UUIYULWYHDSXHL-YREUQKFVNA-N,-7.431
PPARD,s_ILE60,mut_s1,detail,1,85,KSVYPWJPODFWFB-MHWRWJLKNA-N,-9.198
PPARD,s_ILE60,mut_s1,detail,1,86,YTOTVFWYSYGJKJ-MPIMZMORNA-N,-8.911
PPARD,s_ILE60,mut_s1,detail,1,87,LDEBHGWOYJCQTG-SFHVURJKNA-N,-7.573
PPARD,s_ILE60,mut_s1,detail,1,88,NXBTXYMTUUWSCC-XBTAAFKLNA-N,-9.379
PPARD,s_ILE60,mut_s1,detail,1,89,HRLJAEIRFSEJAW-UHFFFAOYNA-N,-8.547
PPARD,s_ILE60,mut_s1,detail,1,90,HROYNIXUIVDQJH-UHFFFAOYNA-N,-8.194
PPARD,s_ILE60,mut_s1,detail,1,91,BYXXTGCOSOYREY-QWOVJGMINA-N,-8.702
PPARD,s_ILE60,mut_s1,detail,1,92,AWXVIXMNAQQCCZ-OEMYIYORNA-N,-8.368
PPARD,s_ILE60,mut_s1,detail,1,93,PVTHJAPFENJVNC-ANRNRNKZNA-N,-6.929
PPARD,s_ILE60,mut_s1,detail,1,94,IMPAUHAIMHCPEJ-PKSOQXRJNA-N,-9.775
PPARD,s_ILE60,mut_s1,detail,1,95,SLOJERRRBYNXAR-NPQUBYNZNA-N,-9.149
PPARD,s_ILE60,mut_s1,detail,1,96,YWBJCOHEBDEQDR-PKSOQXRJNA-N,-8.863
PPARD,s_ILE60,mut_s1,detail,1,97,WWRBDTKNUXAXRR-XAVYIPQLNA-O,-7.996
PPARD,s_ILE60,mut_s1,detail,1,98,HBERTCHGBHHVDT-LILDFLRNNA-N,-9.74
PPARD,s_ILE60,mut_s1,detail,1,99,BXKUVDXLHUBVPA-ZWQIFLOQNA-N,-5.646
PPARD,s_ILE60,mut_s1,detail,1,100,WBWFIUAVMCNYPG-FPLPWBNLNA-N,-7.671
PPARD,s_ILE60,mut_s1,detail,1,101,VRWIFQNGGPFLST-UYBDAZJANA-N,-8.612
PPARD,s_ILE60,mut_s1,detail,1,102,JTAPVIPBGIDRDE-UHFFFAOYNA-N,-10.296
PPARD,s_ILE60,mut_s1,detail,1,103,HBTCLXRQQIHFQB-GDEMPAQCNA-N,-7.944
PPARD,s_ILE60,mut_s1,detail,1,104,DXJSFQXIPUHFQK-QWOVJGMINA-N,-7.148
PPARD,s_ILE60,mut_s1,detail,1,105,RBEMVAFKFYHQIB-UYBDAZJANA-N,-9.409
PPARD,s_ILE60,mut_s1,detail,1,106,QEKAHUYYWSNHDY-DZQCGVKKNA-N,-8.293
PPARD,s_ILE60,mut_s1,detail,1,107,RCSUTAOLFYVOEE-UHFFFAOYNA-N,-8.113
PPARD,s_ILE60,mut_s1,detail,1,108,MYBUANZGRGNVPO-YSPVQWMYNA-N,-9.314
PPARD,s_ILE60,mut_s1,detail,1,109,UIQCZMYFTSFLPQ-LQFNOIFHNA-N,-10.216
PPARD,s_ILE60,mut_s1,detail,1,110,QRMYORHEAHTJBC-GPQMBLKYNA-N,-8.614
PPARD,s_ILE60,mut_s1,detail,1,111,CPYTXWFFFQKUDP-QFAGIUQONA-N,-8.551
PPARD,s_ILE60,mut_s1,detail,1,112,DCIAJQYVIKONRS-QWOVJGMINA-N,-9.385
PPARD,s_ILE60,mut_s1,detail,1,113,ZMMGBIJMLCNSOV-PKSOQXRJNA-N,-7.721
PPARD,s_ILE60,mut_s1,detail,1,114,MRFDGPBJIFXZIT-NPQUBYNZNA-N,-9.801
PPARD,s_ILE60,mut_s1,detail,1,115,KANCHOKOTXNDQH-NVQSQQPGNA-N,-7.134
PPARD,s_ILE60,mut_s1,detail,1,116,SOAWEEUOPZCBSN-UHFFFAOYNA-N,-9.949
PPARD,s_ILE60,mut_s1,detail,1,117,BHXYDHWPQIADCG-HZFZDWCWNA-N,-8.07
PPARD,s_ILE60,mut_s1,detail,1,118,LVIWVNDQNUSMMV-LILDFLRNNA-N,-7.619
PPARD,s_ILE60,mut_s1,detail,1,119,UBAMGTKSOKGECF-UHFFFAOYNA-N,-7.321
PPARD,s_ILE60,mut_s1,detail,1,120,YSVHPRBZNNADQG-UHFFFAOYNA-N,-8.575
PPARD,s_ILE60,mut_s1,detail,1,121,IXZAZBWJQHWVHS-QVUQFMIFNA-N,-8.71
PPARD,s_ILE60,mut_s1,detail,1,122,NILCXRPLMSLFEG-HQHQJUQONA-N,-7.531
PPARD,s_ILE60,mut_s1,detail,1,123,HRNRRPMOOJUJLK-QWOVJGMINA-N,-9.244
PPARD,s_ILE60,mut_s1,detail,1,124,OLSXSUXZOLBVQZ-QVUQFMIFNA-N,-8.7
PPARD,s_ILE60,mut_s1,detail,1,125,XZMGFGHEVBEPKS-UHFFFAOYNA-N,-10.052
PPARD,s_ILE60,mut_s1,detail,1,126,MNLBKBCAEFZATB-UHFFFAOYNA-N,-8.818
PPARD,s_ILE60,mut_s1,detail,1,127,NNTZETQYCAZKJF-UYBDAZJANA-N,-9.168
PPARD,s_ILE60,mut_s1,detail,1,128,AKEDBCQYOCYZDX-PLBWUZGSNA-N,-8.563
PPARD,s_ILE60,mut_s1,detail,1,129,HCXOEHYNUWUKAG-UHFFFAOYNA-N,-7.401
PPARD,s_ILE60,mut_s1,detail,1,130,CWKHWSAMAAAUEN-UYBDAZJANA-N,-8.509
PPARD,s_ILE60,mut_s1,detail,1,131,VMZWELQEDXUUJX-HXTKINSTNA-N,-7.278
PPARD,s_ILE60,mut_s1,detail,1,132,PCMOPVSFMUOUFR-OAQYLSRUNA-N,-8.466
PPARD,s_ILE60,mut_s1,detail,1,133,POFKEPXNJQGIOB-DIRLUKLVNA-N,-10.18
PPARD,s_ILE60,mut_s1,detail,1,134,GQNKLNZBZDEAMD-VQHCSMNLNA-N,-10.046
PPARD,s_ILE60,mut_s1,detail,1,135,COFQAKCKCHDGNW-ZXWGSDNONA-N,-8.722
PPARD,s_ILE60,mut_s1,detail,1,136,XURFWWBVADUSQL-LNNLXFCONA-N,-10.466
PPARD,s_ILE60,mut_s1,detail,1,137,LBDHNFPYMBLBSB-CLCOLTQENA-N,-7.277
PPARD,s_ILE60,mut_s1,detail,1,138,QKIJTUQIQQZCIX-UYBDAZJANA-N,-9.221
PPARD,s_ILE60,mut_s1,detail,1,139,UXLJJGBAQOYQMV-UHFFFAOYNA-N,-9.253
PPARD,s_ILE60,mut_s1,detail,1,140,WQAWGOAEJJIYFP-DEOSSOPVNA-N,-8.968
PPARD,s_ILE60,mut_s1,detail,1,141,MBNPYPWQYGHCTB-UHFFFAOYNA-N,-9.173
PPARD,s_ILE60,mut_s1,detail,1,142,XAYHBRQVRJQCAH-PKSOQXRJNA-N,-7.707
PPARD,s_ILE60,mut_s1,detail,1,143,GNTOXDIONQLPFR-CXUHLZMHNA-N,-8.64
PPARD,s_ILE60,mut_s1,detail,1,144,RIVKJCNOYQAWOL-VCZDBIKCNA-N,-9.524
PPARD,s_ILE60,mut_s1,detail,1,145,LRRFROMGHKZMSA-PKRZOPRNNA-N,-10.399
PPARD,s_ILE60,mut_s1,detail,1,146,HWUKVYPOCLJTSN-RJJUGOMSNA-N,-9.312
PPARD,s_ILE60,mut_s1,detail,1,147,JAQNENPDJAEDSC-UHFFFAOYNA-N,-8.814
PPARD,s_ILE60,mut_s1,detail,1,148,ZYQCCRUKVDVTJE-ZUOKHONENA-N,-7.166
PPARD,s_ILE60,mut_s1,detail,1,149,UUWCZQYGBSUBRG-SPEPDGBUNA-N,-10.945
PPARD,s_ILE60,mut_s1,detail,1,150,KNGPIEIQVMOPHJ-PKSOQXRJNA-N,-9.071
PPARD,s_ILE60,mut_s1,detail,1,151,CTDCFVMSXQQWDC-HXTKINSTNA-N,-9.38
PPARD,s_ILE60,mut_s1,detail,1,152,AELMMQNCWIYZED-UHFFFAOYNA-N,-8.232
PPARD,s_ILE60,mut_s1,detail,1,153,BTBRAURMAUKXDM-UHFFFAOYNA-N,-8.251
PPARD,s_ILE60,mut_s1,detail,1,154,DWAPJEYUYKZUPW-UYBDAZJANA-N,-9.894
PPARD,s_ILE60,mut_s1,detail,1,155,MTWNFHPRKAIWJY-LQFNOIFHNA-N,-9.744
PPARD,s_ILE60,mut_s1,detail,1,156,XMOFGSWSGOXFPP-MPIMZMORNA-N,-9.132
PPARD,s_ILE60,mut_s1,detail,1,157,VVSBVXXITLYIIA-CKFYMFOVNA-N,-9.471
PPARD,s_ILE60,mut_s1,detail,1,158,GAXPVNSBLNNWCZ-PSHYBUTQNA-N,-7.725
PPARD,s_ILE60,mut_s1,detail,1,159,XDYREIZGNBPMPJ-IBGZPJMENA-N,-10.407
PPARD,s_ILE60,mut_s1,detail,1,160,WITBRHUYBFKPOL-MPIMZMORNA-N,-8.714
PPARD,s_ILE60,mut_s1,detail,1,161,IBIQKJHXTSLLBQ-PKRZOPRNNA-N,-9.43
PPARD,s_ILE60,mut_s1,detail,1,162,VLUGXHSPLMSNET-LNNLXFCONA-N,-9.465
PPARD,s_ILE60,mut_s1,detail,1,163,IEQABWYSQBHOMM-UHFFFAOYNA-N,-8.217
PPARD,s_ILE60,mut_s1,detail,1,164,FWLMJHGQRXWNIS-UHFFFAOYNA-N,-8.642
PPARD,s_ILE60,mut_s1,detail,1,165,RZJWOMPOSAPIJL-LQFNOIFHNA-N,-8.806
PPARD,s_ILE60,mut_s1,detail,1,166,ZUMDOGBUKHTCOC-CWWQGPJMNA-N,-9.328
PPARD,s_ILE60,mut_s1,detail,1,167,ANZGKDRXGOPIJA-QWOVJGMINA-N,-7.329
PPARD,s_ILE60,mut_s1,detail,1,168,QUISVMJELRRHAG-UHFFFAOYNA-N,-9.065
PPARD,s_ILE60,mut_s1,detail,1,169,XZFCGNQJCGTXNQ-ZVHZXABRNA-N,-8.866
PPARD,s_ILE60,mut_s1,detail,1,170,UGPWOMSWEMIIJH-UHFFFAOYNA-N,-9.289
PPARD,s_ILE60,mut_s1,detail,1,171,WGMQZHYPIKBUML-LQFNOIFHNA-N,-7.412
PPARD,s_ILE60,mut_s1,detail,1,172,HPNLHDILXMKRJE-UHFFFAOYNA-N,-8.411
PPARD,s_ILE60,mut_s1,detail,1,173,AQBHPXSDFXKHIG-LELJVTLKNA-N,-8.831
PPARD,s_ILE60,mut_s1,detail,1,174,BHPSGEAUUZMDDL-QFIPXVFZNA-N,-10.126
PPARD,s_ILE60,mut_s1,detail,1,175,RHMDXGNHLMFANS-XBXBPLPCNA-N,-8.493
PPARD,s_ILE60,mut_s1,detail,1,176,HZXUSKDOXPOMIW-PKSOQXRJNA-N,-8.116
PPARD,s_ILE60,mut_s1,detail,1,177,QBBIMTGZZXPUPY-UHFFFAOYNA-N,-8.037
PPARD,s_ILE60,mut_s1,detail,1,178,FAALFCIDNMPXJU-LNNLXFCONA-N,-10.788
PPARD,s_ILE60,mut_s1,detail,1,179,UEGWFDMCEAIRSE-DVIAZDKANA-N,-8.489
PPARD,s_ILE60,mut_s1,detail,1,180,QATBWONTRXXCBE-UHFFFAOYNA-N,-8.417
PPARD,s_ILE60,mut_s1,detail,1,181,IEWZULBPMDXTLX-LQFNOIFHNA-N,-11.315
PPARD,s_ILE60,mut_s1,detail,1,182,DTUUXDIGBXNINJ-PKSOQXRJNA-N,-8.462
PPARD,s_ILE60,mut_s1,detail,1,183,FFDDOWCKFPDEPQ-KIYDBJNPNA-N,-9.526
PPARD,s_ILE60,mut_s1,detail,1,184,LFTDMBYAYYEBDL-XWYQMZBENA-N,-9.868
PPARD,s_ILE60,mut_s1,detail,1,185,VZFTWWJAUZOJDH-YANQHBGHNA-N,-9.876
PPARD,s_ILE60,mut_s1,detail,1,186,YNUOGMCLPCOTIC-UHFFFAOYNA-N,-9.302
PPARD,s_ILE60,mut_s1,detail,1,187,WDXONUYXRRUOAF-LELJVTLKNA-N,-8.453
PPARD,s_ILE60,mut_s1,detail,1,188,FWYUTSUWWZVOGD-UHFFFAOYNA-N,-8.648
PPARD,s_ILE60,mut_s1,detail,1,189,VMDJSIGZJOXSGC-UHFFFAOYNA-N,-8.792
PPARD,s_ILE60,mut_s1,detail,1,190,IIVPENRIUTZXCZ-DFVASWNCNA-N,-8.213
PPARD,s_ILE60,mut_s1,detail,1,191,HHKIXRJLSXZGIO-LBOYIXSDNA-N,-7.463
PPARD,s_ILE60,mut_s1,detail,1,192,VFCHPGXNLRROSP-UHFFFAOYNA-N,-9.457
PPARD,s_ILE60,mut_s1,detail,1,193,LQNMNFIDHADHQU-LQFNOIFHNA-N,-9.215
PPARD,s_ILE60,mut_s1,detail,1,194,DWCQXZSEATZNGJ-JXAWBTAJNA-N,-7.63
PPARD,s_ILE60,mut_s1,detail,1,195,XCFKTIVHIIOEHO-XRJCTRHONA-N,-10.501
PPARD,s_ILE60,mut_s1,detail,1,196,CTKVVCDWNBLQHQ-VJSLDGLSNA-N,-8.934
PPARD,s_ILE60,mut_s1,detail,1,197,SJEBTTUNLKKAEO-QFIPXVFZNA-N,-9.756
PPARD,s_ILE60,mut_s1,detail,1,198,VUVBMRFFLDJIKB-UHFFFAOYNA-N,-8.315
PPARD,s_ILE60,mut_s1,detail,1,199,CRDOCDKYXPCHRG-GMLXSZADNA-N,-9.571
PPARD,s_ILE60,mut_s1,detail,1,200,PTRAWPOMIAVCDX-NPZFWETONA-N,-10.443
PPARD,s_ILE60,mut_s1,detail,1,201,YPCVJZIGKJSYKB-XWQTZBKQNA-N,-10.436
PPARD,s_ILE60,mut_s1,detail,1,202,DDQUBMKKMCESIY-UHFFFAOYNA-N,-8.981
PPARD,s_ILE60,mut_s1,detail,1,203,QRBHMNKXVMROIF-UHFFFAOYNA-N,-9.64
PPARD,s_ILE60,mut_s1,detail,1,204,CSCOHEYTBLBQMG-SREBMQDQNA-N,-10.192
PPARD,s_ILE60,mut_s1,detail,1,205,FPRLMEVUSKOQRF-UHFFFAOYNA-N,-8.565
PPARD,s_ILE60,mut_s1,detail,1,206,VRUTXMQQNLYKSZ-SPEPDGBUNA-N,-9.66
PPARD,s_ILE60,mut_s1,detail,1,207,IFVIZWYRFUIABK-LKHHGCNMNA-N,-10.234
PPARD,s_ILE60,mut_s1,detail,1,208,BJSKDMOWRPAVMK-UHFFFAOYNA-N,-8.238
PPARD,s_ILE60,mut_s1,detail,1,209,AJDIYNONBYMZIF-ILOOJWFPNA-N,-10.545
PPARD,s_ILE60,mut_s1,detail,1,210,ABURDUMLEUCKOY-FYDYDPJYNA-N,-10.093
PPARD,s_ILE60,mut_s1,detail,1,211,ZXCSBCTVTJFLOZ-JUEKIJOLNA-N,-9.884
PPARD,s_ILE60,mut_s1,detail,1,212,SKVNACLQMJDJNT-JJFURXLTNA-N,-8.998
PPARD,s_ILE60,mut_s1,detail,1,213,OWDCBGQHUHBGKH-ODBASERBNA-N,-9.151
PPARD,s_ILE60,mut_s1,detail,1,214,RLXWTYPPMJNURK-LELJVTLKNA-N,-9.425
PPARD,s_ILE60,mut_s1,detail,1,215,LFFVXCIQPOOMOV-UHFFFAOYNA-N,-12.544
PPARD,s_ILE60,mut_s1,detail,1,216,ZFFOVIFFFSWOKF-PKRZOPRNNA-N,-12.027
PPARD,s_ILE60,mut_s1,detail,1,217,VVWGMEIQTOBDML-RDPOJNOENA-N,-8.718
PPARD,s_ILE60,mut_s1,detail,1,218,QAGLJDWYCCJEHH-IGBJZSFZNA-N,-8.883
PPARD,s_ILE60,mut_s1,detail,1,219,NFMSQLAKBDDECA-HXXFNXQYNA-N,-9.484
PPARD,s_ILE60,mut_s1,detail,1,220,RLKPYUHHHDBUKR-LKHHGCNMNA-N,-8.145
PPARD,s_ILE60,mut_s1,detail,1,221,FVGJPHFQQMQGFQ-PQVCHVPHNA-N,-11.649
PPARD,s_ILE60,mut_s1,detail,1,222,GGQXSFRJLUHOGQ-MDNXCRMFNA-N,-9.97
PPARD,s_ILE60,mut_s1,detail,1,223,LLLNQQOQHKAYHT-CSKMVECVNA-N,-10.417
PPARD,s_ILE60,mut_s1,detail,1,224,FTHKKKKNTGUTPA-NBVNDQADNA-N,-10.242
PPARD,s_ILE60,mut_s1,detail,1,225,BKYZARFJJFORLR-UHFFFAOYNA-N,-9.281
PPARD,s_ILE60,mut_s1,detail,1,226,XMHRXPMKDALTSG-YPBLIGHQNA-N,-8.594
PPARD,s_ILE60,mut_s1,detail,1,227,OVSPJLFXFWHQFE-HXTKINSTNA-N,-9.274
PPARD,s_ILE60,mut_s1,detail,1,228,SHBLCUUJYNQTSS-NRFANRHFNA-N,-9.792
PPARD,s_ILE60,mut_s1,detail,1,229,OHXYGRXPONZZPF-UHFFFAOYNA-N,-9.225
PPARD,s_ILE60,mut_s1,detail,1,230,XFOMWTKVHWXVRS-UHFFFAOYNA-N,-11.141
PPARD,s_ILE60,mut_s1,detail,1,231,HMPVPIRJMYFQCT-WXDRZTAENA-N,-8.331
PPARD,s_ILE60,mut_s1,detail,1,232,NRIQEFNHCJMSHL-UHFFFAOYNA-N,-10.996
PPARD,s_ILE60,mut_s1,detail,1,233,WQIKRJDLIIEKAG-WWXRYIHZNA-N,-9.474
PPARD,s_ILE60,mut_s1,detail,1,234,CQCKANIIWHCLDP-UHFFFAOYNA-N,-7.96
PPARD,s_ILE60,mut_s1,detail,1,235,QETNVWCEGLMMRQ-CXUYMYAGNA-N,-7.674
PPARD,s_ILE60,mut_s1,detail,1,236,MLYHNVDOBUQIID-NSJMMFDCNA-N,-10.491
PPARD,s_ILE60,mut_s1,detail,1,237,VBFOTEWTMOETMO-PECIQRARNA-N,-7.302
PPARD,s_ILE60,mut_s1,detail,1,238,NFSDYJKEOCQTKX-CYSPOYASNA-N,-8.886
PPARD,s_ILE60,mut_s1,detail,1,239,GZQHTWYWDSMEAW-UHFFFAOYNA-N,-7.928
PPARD,s_ILE60,mut_s1,detail,1,240,LZTXTKIYKWMRQJ-ZALBZXLWNA-N,-8.199
PPARD,s_ILE60,mut_s1,detail,1,241,YPDLHOCWYZLMQS-GFBXQOHCNA-N,-8.482
PPARD,s_ILE60,mut_s1,detail,1,242,FJUITIGQDNFRQI-UHFFFAOYNA-N,-8.33
PPARD,s_ILE60,mut_s1,detail,1,243,OHAIFIOFCXDBHP-NKTHEXPSNA-N,-9.332
PPARD,s_ILE60,mut_s1,detail,1,244,LSAXQHPWOGTFSG-UHFFFAOYNA-N,-7.472
PPARD,s_ILE60,mut_s1,detail,1,245,OENZVDXWLVYZJT-DHDJHLBQNA-N,-10.546
PPARD,s_ILE60,mut_s1,detail,1,246,UEOXIUXQBRDLJU-LBOYIXSDNA-N,-9.198
PPARD,s_ILE60,mut_s1,detail,1,247,YFYGWSCMDCTAKZ-MPIMZMORNA-N,-8.603
PPARD,s_ILE60,mut_s1,detail,1,248,AQHYVBHJINDJIW-UHFFFAOYNA-N,-7.251
PPARD,s_ILE60,mut_s1,detail,1,249,DBOAHQYVPCTALU-QBAQSEIJNA-N,-8.638
PPARD,s_ILE60,mut_s1,detail,1,250,NRMRHCTVBLZOIE-PJQSKVNONA-N,-8.312
PPARD,s_ILE60,mut_s1,detail,1,251,CGHADMRBCNGDHX-UOUKHUKPNA-N,-10.934
PPARD,s_ILE60,mut_s1,detail,1,252,DDZBRJBYGLTADL-TZFBGDORNA-N,-7.824
PPARD,s_ILE60,mut_s1,detail,1,253,LOIPDGFJRKDXSJ-UHFFFAOYNA-N,-9.502
PPARD,s_ILE60,mut_s1,detail,1,254,VBQAIJHAPZFIRO-MOQCICHVNA-N,-8.924
PPARD,s_ILE60,mut_s1,detail,1,255,YPVDZKHCFQJIDP-UHFFFAOYNA-N,-10.332
PPARD,f_LEU363,mut_s1,detail,1,0,IFHZOGDEYHFNQO-PKSOQXRJNA-N,-9.513
PPARD,f_LEU363,mut_s1,detail,1,1,PZDDADWKMMNNHC-UHFFFAOYNA-N,-7.148
PPARD,f_LEU363,mut_s1,detail,1,2,BUEYTYZOCKWHHR-UHFFFAOYNA-N,-7.18
PPARD,f_LEU363,mut_s1,detail,1,3,URXMTXGGQRBQQC-LNZJGEAENA-N,-6.945
PPARD,f_LEU363,mut_s1,detail,1,4,NNVZANSRDHCDLK-UHFFFAOYNA-N,-9.059
PPARD,f_LEU363,mut_s1,detail,1,5,YCVTUSIXNJAXKA-UHFFFAOYNA-N,-8.492
PPARD,f_LEU363,mut_s1,detail,1,6,YLQOELRYUQBERL-YHMJCDSINA-N,-6.984
PPARD,f_LEU363,mut_s1,detail,1,7,XIOYZAUVDJKWCL-UHFFFAOYNA-N,-9.036
PPARD,f_LEU363,mut_s1,detail,1,8,NYBRKCCEVRSDNF-UHFFFAOYNA-N,-9.074
PPARD,f_LEU363,mut_s1,detail,1,9,HOWDUDRRYYVTNY-NDKGDYFDNA-N,-7.751
PPARD,f_LEU363,mut_s1,detail,1,10,RVRIAONMWINUPS-GPQMBLKYNA-N,-7.745
PPARD,f_LEU363,mut_s1,detail,1,11,UVVPLBQLDVTPSL-RVQYIEHVNA-N,-6.554
PPARD,f_LEU363,mut_s1,detail,1,12,AXXXFCGETBIMKI-UHFFFAOYNA-N,-7.895
PPARD,f_LEU363,mut_s1,detail,1,13,RBMUBAYHBUBLMR-NKWLYDBFNA-N,-8.565
PPARD,f_LEU363,mut_s1,detail,1,14,BTIHIHBWVGQIIQ-UHFFFAOYNA-N,-6.76
PPARD,f_LEU363,mut_s1,detail,1,15,ACAOHWOPNZHWAF-WNVDMVQFNA-N,-8.419
PPARD,f_LEU363,mut_s1,detail,1,16,VEFTYKZXVJQBER-ZHLVXTBQNA-N,-6.56
PPARD,f_LEU363,mut_s1,detail,1,17,QBQDUEWXIOEVKT-UYBDAZJANA-N,-9.541
PPARD,f_LEU363,mut_s1,detail,1,18,KRGQOKCRZMRVRH-UHFFFAOYNA-N,-6.165
PPARD,f_LEU363,mut_s1,detail,1,19,YXGMBGNPGWDLBJ-WYUMXYHSNA-N,-7.515
PPARD,f_LEU363,mut_s1,detail,1,20,LHQICPSUYGARIS-UHFFFAOYNA-N,-8.851
PPARD,f_LEU363,mut_s1,detail,1,21,ZXVNJVRABSCRGU-GPQMBLKYNA-N,-8.479
PPARD,f_LEU363,mut_s1,detail,1,22,TYXGDELQOONTQQ-DQDSCPLDNA-N,-8.203
PPARD,f_LEU363,mut_s1,detail,1,23,FMDKDGDDTIJRQT-WRCMMWDQNA-N,-7.351
PPARD,f_LEU363,mut_s1,detail,1,24,DXLLFVXDQQMGGM-LILDFLRNNA-N,-7.527
PPARD,f_LEU363,mut_s1,detail,1,25,RCFHJSCTPLCRAN-UHFFFAOYNA-N,-8.228
PPARD,f_LEU363,mut_s1,detail,1,26,LOIKOLAEHONJTE-KARVIEMNNA-N,-8.61
PPARD,f_LEU363,mut_s1,detail,1,27,ZBEDJPDEINGEHM-UHFFFAOYNA-N,-6.124
PPARD,f_LEU363,mut_s1,detail,1,28,PKHXJWYQMRFPTR-LILDFLRNNA-N,-7.939
PPARD,f_LEU363,mut_s1,detail,1,29,DGFWWFXFIZOMRX-WXRBYKJCNA-N,-6.611
PPARD,f_LEU363,mut_s1,detail,1,30,NDEDMCKHRVZXGD-VEWCPZSHNA-N,-7.899
PPARD,f_LEU363,mut_s1,detail,1,31,UPOCYXRXSNRNNU-UHFFFAOYNA-N,-8.131
PPARD,f_LEU363,mut_s1,detail,1,32,UGLPVHLKYTWQRV-UHFFFAOYNA-N,-7.95
PPARD,f_LEU363,mut_s1,detail,1,33,VEBIFNQLJFTSLJ-GPQMBLKYNA-N,-8.382
PPARD,f_LEU363,mut_s1,detail,1,34,FZGYMZTVBMODJR-GUYCJALGNA-N,-7.935
PPARD,f_LEU363,mut_s1,detail,1,35,XVAMDQGNCAYOLZ-CMNYYERHNA-N,-7.779
PPARD,f_LEU363,mut_s1,detail,1,36,MRHCSNNEUHXNIC-DLGLGFIGNA-N,-8.022
PPARD,f_LEU363,mut_s1,detail,1,37,QXSUNGXUTAFLCR-HCKMINDGNA-N,-8.421
PPARD,f_LEU363,mut_s1,detail,1,38,BTUZBQRUTGYGSI-SAAHQOFTNA-N,-7.855
PPARD,f_LEU363,mut_s1,detail,1,39,TTYMNRMJLOVQEL-UHFFFAOYNA-N,-7.537
PPARD,f_LEU363,mut_s1,detail,1,40,IVQOCTZDCXKGHW-UHFFFAOYNA-N,-8.022
PPARD,f_LEU363,mut_s1,detail,1,41,SRWKAZSWOPMZLA-WYUMXYHSNA-N,-7.873
PPARD,f_LEU363,mut_s1,detail,1,42,QPEDEGUPTWDSJM-UHFFFAOYNA-N,-8.745
PPARD,f_LEU363,mut_s1,detail,1,43,ISYYCVGFJSIOIJ-UHFFFAOYNA-N,-7.086
PPARD,f_LEU363,mut_s1,detail,1,44,MTUZLFBKKNTLNL-YHMJCDSINA-N,-7.647
PPARD,f_LEU363,mut_s1,detail,1,45,JOFJZXKVGWGQRQ-UHFFFAOYNA-N,-6.059
PPARD,f_LEU363,mut_s1,detail,1,46,KOHAFBWLWQFBFU-UHFFFAOYNA-N,-7.941
PPARD,f_LEU363,mut_s1,detail,1,47,YHDLLKNPVWVCGF-UHFFFAOYNA-N,-8.338
PPARD,f_LEU363,mut_s1,detail,1,48,KIRJGAMLMFQPIX-LILDFLRNNA-N,-9.941
PPARD,f_LEU363,mut_s1,detail,1,49,MIUGSXDNQICPKY-AHPDCHJINA-N,-7.145
PPARD,f_LEU363,mut_s1,detail,1,50,NCQYFKGTEDNHPE-GPQMBLKYNA-N,-9.825
PPARD,f_LEU363,mut_s1,detail,1,51,OILQEGDAOXVJJG-UHFFFAOYNA-N,-8.189
PPARD,f_LEU363,mut_s1,detail,1,52,KMZMSABQJYKKBU-UHFFFAOYNA-N,-7.322
PPARD,f_LEU363,mut_s1,detail,1,53,ODNAHSRJQUKZJC-UHFFFAOYNA-N,-7.98
PPARD,f_LEU363,mut_s1,detail,1,54,WBXGNUJDIOVVDS-GPQMBLKYNA-N,-9.141
PPARD,f_LEU363,mut_s1,detail,1,55,KGFVHZKXNIFXQC-XQMQJMAZNA-N,-7.571
PPARD,f_LEU363,mut_s1,detail,1,56,ZGDACLBJJXLKJY-UHFFFAOYNA-N,-7.875
PPARD,f_LEU363,mut_s1,detail,1,57,ODQASWLALUMZKF-UHFFFAOYNA-N,-8.971
PPARD,f_LEU363,mut_s1,detail,1,58,HEAFXLZWNUOLNQ-UHFFFAOYNA-N,-8.281
PPARD,f_LEU363,mut_s1,detail,1,59,GDJPLZYPNHEBBO-GAJRPKRDNA-N,-7.281
PPARD,f_LEU363,mut_s1,detail,1,60,KZNIFHPLKGYRTM-UHFFFAOYNA-N,-7.759
PPARD,f_LEU363,mut_s1,detail,1,61,XCNLTPWPUBZVTB-WUKNDPDINA-N,-7.498
PPARD,f_LEU363,mut_s1,detail,1,62,UJJQDGSLGZZHPE-VEWCPZSHNA-N,-7.923
PPARD,f_LEU363,mut_s1,detail,1,63,KUDKBYQDLXZYQT-YAQRNVERNA-N,-7.756
PPARD,f_LEU363,mut_s1,detail,1,64,XZDKQJKAVDHUJN-UHFFFAOYNA-N,-9.049
PPARD,f_LEU363,mut_s1,detail,1,65,PIHCOUNEIQIOLH-UYBDAZJANA-N,-8.385
PPARD,f_LEU363,mut_s1,detail,1,66,FTVJNPIOPFNKML-GPQMBLKYNA-N,-7.985
PPARD,f_LEU363,mut_s1,detail,1,67,HHYDNYVAHAHWJL-UHFFFAOYNA-N,-6.73
PPARD,f_LEU363,mut_s1,detail,1,68,MXABEVYDQHVOES-NSHDSACANA-N,-8.303
PPARD,f_LEU363,mut_s1,detail,1,69,ONNIOMOHOZUMKS-YGZLFCMANA-N,-8.018
PPARD,f_LEU363,mut_s1,detail,1,70,DQLGXAYUAURASJ-XXTDWMNGNA-N,-10.312
PPARD,f_LEU363,mut_s1,detail,1,71,QGKGHRAWZIKZRJ-WYUMXYHSNA-N,-8.548
PPARD,f_LEU363,mut_s1,detail,1,72,JWCQSDFAPBNHSM-UHFFFAOYNA-N,-7.558
PPARD,f_LEU363,mut_s1,detail,1,73,RNSJXWMAYUTWOI-UHFFFAOYNA-N,-8.609
PPARD,f_LEU363,mut_s1,detail,1,74,AKOOSRNDNZPJNL-PKSOQXRJNA-N,-9.443
PPARD,f_LEU363,mut_s1,detail,1,75,BFENEDRNBGYKMO-OTJKMEOQNA-N,-7.869
PPARD,f_LEU363,mut_s1,detail,1,76,RULIAUGJMVIUMH-QWOVJGMINA-N,-8.391
PPARD,f_LEU363,mut_s1,detail,1,77,VHAIHOXTBBWMRC-LILDFLRNNA-N,-7.515
PPARD,f_LEU363,mut_s1,detail,1,78,MMWVUKRVNHSCOU-XWVGVUDUNA-N,-8.647
PPARD,f_LEU363,mut_s1,detail,1,79,VEUYFZWVWBJLBT-LILDFLRNNA-N,-6.651
PPARD,f_LEU363,mut_s1,detail,1,80,UEVUVZKOTQNFQQ-UHFFFAOYNA-N,-8.66
PPARD,f_LEU363,mut_s1,detail,1,81,AVUDBVVAYWAMLJ-UHFFFAOYNA-N,-8.706
PPARD,f_LEU363,mut_s1,detail,1,82,BQVDJEOYDDRFHV-UHFFFAOYNA-N,-7.326
PPARD,f_LEU363,mut_s1,detail,1,83,RJDWHDCXBZVKHF-UHFFFAOYNA-N,-8.918
PPARD,f_LEU363,mut_s1,detail,1,84,UUIYULWYHDSXHL-YREUQKFVNA-N,-7.542
PPARD,f_LEU363,mut_s1,detail,1,85,KSVYPWJPODFWFB-MHWRWJLKNA-N,-9.311
PPARD,f_LEU363,mut_s1,detail,1,86,YTOTVFWYSYGJKJ-MPIMZMORNA-N,-8.973
PPARD,f_LEU363,mut_s1,detail,1,87,LDEBHGWOYJCQTG-SFHVURJKNA-N,-7.533
PPARD,f_LEU363,mut_s1,detail,1,88,NXBTXYMTUUWSCC-XBTAAFKLNA-N,-9.35
PPARD,f_LEU363,mut_s1,detail,1,89,HRLJAEIRFSEJAW-UHFFFAOYNA-N,-9.124
PPARD,f_LEU363,mut_s1,detail,1,90,HROYNIXUIVDQJH-UHFFFAOYNA-N,-8.272
PPARD,f_LEU363,mut_s1,detail,1,91,BYXXTGCOSOYREY-QWOVJGMINA-N,-8.713
PPARD,f_LEU363,mut_s1,detail,1,92,AWXVIXMNAQQCCZ-OEMYIYORNA-N,-7.952
PPARD,f_LEU363,mut_s1,detail,1,93,PVTHJAPFENJVNC-ANRNRNKZNA-N,-6.993
PPARD,f_LEU363,mut_s1,detail,1,94,IMPAUHAIMHCPEJ-PKSOQXRJNA-N,-9.775
PPARD,f_LEU363,mut_s1,detail,1,95,SLOJERRRBYNXAR-NPQUBYNZNA-N,-8.588
PPARD,f_LEU363,mut_s1,detail,1,96,YWBJCOHEBDEQDR-PKSOQXRJNA-N,-8.656
PPARD,f_LEU363,mut_s1,detail,1,97,WWRBDTKNUXAXRR-XAVYIPQLNA-O,-8.118
PPARD,f_LEU363,mut_s1,detail,1,98,HBERTCHGBHHVDT-LILDFLRNNA-N,-9.777
PPARD,f_LEU363,mut_s1,detail,1,99,BXKUVDXLHUBVPA-ZWQIFLOQNA-N,-5.524
PPARD,f_LEU363,mut_s1,detail,1,100,WBWFIUAVMCNYPG-FPLPWBNLNA-N,-7.63
PPARD,f_LEU363,mut_s1,detail,1,101,VRWIFQNGGPFLST-UYBDAZJANA-N,-8.627
PPARD,f_LEU363,mut_s1,detail,1,102,JTAPVIPBGIDRDE-UHFFFAOYNA-N,-10.332
PPARD,f_LEU363,mut_s1,detail,1,103,HBTCLXRQQIHFQB-GDEMPAQCNA-N,-7.824
PPARD,f_LEU363,mut_s1,detail,1,104,DXJSFQXIPUHFQK-QWOVJGMINA-N,-7.109
PPARD,f_LEU363,mut_s1,detail,1,105,RBEMVAFKFYHQIB-UYBDAZJANA-N,-9.356
PPARD,f_LEU363,mut_s1,detail,1,106,QEKAHUYYWSNHDY-DZQCGVKKNA-N,-8.307
PPARD,f_LEU363,mut_s1,detail,1,107,RCSUTAOLFYVOEE-UHFFFAOYNA-N,-8.153
PPARD,f_LEU363,mut_s1,detail,1,108,MYBUANZGRGNVPO-YSPVQWMYNA-N,-9.299
PPARD,f_LEU363,mut_s1,detail,1,109,UIQCZMYFTSFLPQ-LQFNOIFHNA-N,-10.178
PPARD,f_LEU363,mut_s1,detail,1,110,QRMYORHEAHTJBC-GPQMBLKYNA-N,-8.314
PPARD,f_LEU363,mut_s1,detail,1,111,CPYTXWFFFQKUDP-QFAGIUQONA-N,-9.061
PPARD,f_LEU363,mut_s1,detail,1,112,DCIAJQYVIKONRS-QWOVJGMINA-N,-9.332
PPARD,f_LEU363,mut_s1,detail,1,113,ZMMGBIJMLCNSOV-PKSOQXRJNA-N,-7.57
PPARD,f_LEU363,mut_s1,detail,1,114,MRFDGPBJIFXZIT-NPQUBYNZNA-N,-9.769
PPARD,f_LEU363,mut_s1,detail,1,115,KANCHOKOTXNDQH-NVQSQQPGNA-N,-7.288
PPARD,f_LEU363,mut_s1,detail,1,116,SOAWEEUOPZCBSN-UHFFFAOYNA-N,-10.018
PPARD,f_LEU363,mut_s1,detail,1,117,BHXYDHWPQIADCG-HZFZDWCWNA-N,-8.026
PPARD,f_LEU363,mut_s1,detail,1,118,LVIWVNDQNUSMMV-LILDFLRNNA-N,-7.411
PPARD,f_LEU363,mut_s1,detail,1,119,UBAMGTKSOKGECF-UHFFFAOYNA-N,-7.362
PPARD,f_LEU363,mut_s1,detail,1,120,YSVHPRBZNNADQG-UHFFFAOYNA-N,-7.696
PPARD,f_LEU363,mut_s1,detail,1,121,IXZAZBWJQHWVHS-QVUQFMIFNA-N,-8.928
PPARD,f_LEU363,mut_s1,detail,1,122,NILCXRPLMSLFEG-HQHQJUQONA-N,-7.339
PPARD,f_LEU363,mut_s1,detail,1,123,HRNRRPMOOJUJLK-QWOVJGMINA-N,-9.256
PPARD,f_LEU363,mut_s1,detail,1,124,OLSXSUXZOLBVQZ-QVUQFMIFNA-N,-8.7
PPARD,f_LEU363,mut_s1,detail,1,125,XZMGFGHEVBEPKS-UHFFFAOYNA-N,-10.042
PPARD,f_LEU363,mut_s1,detail,1,126,MNLBKBCAEFZATB-UHFFFAOYNA-N,-8.893
PPARD,f_LEU363,mut_s1,detail,1,127,NNTZETQYCAZKJF-UYBDAZJANA-N,-9.294
PPARD,f_LEU363,mut_s1,detail,1,128,AKEDBCQYOCYZDX-PLBWUZGSNA-N,-8.723
PPARD,f_LEU363,mut_s1,detail,1,129,HCXOEHYNUWUKAG-UHFFFAOYNA-N,-8.466
PPARD,f_LEU363,mut_s1,detail,1,130,CWKHWSAMAAAUEN-UYBDAZJANA-N,-8.494
PPARD,f_LEU363,mut_s1,detail,1,131,VMZWELQEDXUUJX-HXTKINSTNA-N,-7.321
PPARD,f_LEU363,mut_s1,detail,1,132,PCMOPVSFMUOUFR-OAQYLSRUNA-N,-8.448
PPARD,f_LEU363,mut_s1,detail,1,133,POFKEPXNJQGIOB-DIRLUKLVNA-N,-9.546
PPARD,f_LEU363,mut_s1,detail,1,134,GQNKLNZBZDEAMD-VQHCSMNLNA-N,-9.976
PPARD,f_LEU363,mut_s1,detail,1,135,COFQAKCKCHDGNW-ZXWGSDNONA-N,-8.571
PPARD,f_LEU363,mut_s1,detail,1,136,XURFWWBVADUSQL-LNNLXFCONA-N,-10.489
PPARD,f_LEU363,mut_s1,detail,1,137,LBDHNFPYMBLBSB-CLCOLTQENA-N,-7.29
PPARD,f_LEU363,mut_s1,detail,1,138,QKIJTUQIQQZCIX-UYBDAZJANA-N,-9.196
PPARD,f_LEU363,mut_s1,detail,1,139,UXLJJGBAQOYQMV-UHFFFAOYNA-N,-8.352
PPARD,f_LEU363,mut_s1,detail,1,140,WQAWGOAEJJIYFP-DEOSSOPVNA-N,-8.762
PPARD,f_LEU363,mut_s1,detail,1,141,MBNPYPWQYGHCTB-UHFFFAOYNA-N,-8.872
PPARD,f_LEU363,mut_s1,detail,1,142,XAYHBRQVRJQCAH-PKSOQXRJNA-N,-8.381
PPARD,f_LEU363,mut_s1,detail,1,143,GNTOXDIONQLPFR-CXUHLZMHNA-N,-8.71
PPARD,f_LEU363,mut_s1,detail,1,144,RIVKJCNOYQAWOL-VCZDBIKCNA-N,-9.519
PPARD,f_LEU363,mut_s1,detail,1,145,LRRFROMGHKZMSA-PKRZOPRNNA-N,-10.412
PPARD,f_LEU363,mut_s1,detail,1,146,HWUKVYPOCLJTSN-RJJUGOMSNA-N,-9.372
PPARD,f_LEU363,mut_s1,detail,1,147,JAQNENPDJAEDSC-UHFFFAOYNA-N,-9.231
PPARD,f_LEU363,mut_s1,detail,1,148,ZYQCCRUKVDVTJE-ZUOKHONENA-N,-7.254
PPARD,f_LEU363,mut_s1,detail,1,149,UUWCZQYGBSUBRG-SPEPDGBUNA-N,-11.226
PPARD,f_LEU363,mut_s1,detail,1,150,KNGPIEIQVMOPHJ-PKSOQXRJNA-N,-8.791
PPARD,f_LEU363,mut_s1,detail,1,151,CTDCFVMSXQQWDC-HXTKINSTNA-N,-9.1
PPARD,f_LEU363,mut_s1,detail,1,152,AELMMQNCWIYZED-UHFFFAOYNA-N,-9.248
PPARD,f_LEU363,mut_s1,detail,1,153,BTBRAURMAUKXDM-UHFFFAOYNA-N,-8.197
PPARD,f_LEU363,mut_s1,detail,1,154,DWAPJEYUYKZUPW-UYBDAZJANA-N,-9.857
PPARD,f_LEU363,mut_s1,detail,1,155,MTWNFHPRKAIWJY-LQFNOIFHNA-N,-9.396
PPARD,f_LEU363,mut_s1,detail,1,156,XMOFGSWSGOXFPP-MPIMZMORNA-N,-8.4
PPARD,f_LEU363,mut_s1,detail,1,157,VVSBVXXITLYIIA-CKFYMFOVNA-N,-9.498
PPARD,f_LEU363,mut_s1,detail,1,158,GAXPVNSBLNNWCZ-PSHYBUTQNA-N,-8.35
PPARD,f_LEU363,mut_s1,detail,1,159,XDYREIZGNBPMPJ-IBGZPJMENA-N,-8.335
PPARD,f_LEU363,mut_s1,detail,1,160,WITBRHUYBFKPOL-MPIMZMORNA-N,-8.753
PPARD,f_LEU363,mut_s1,detail,1,161,IBIQKJHXTSLLBQ-PKRZOPRNNA-N,-9.974
PPARD,f_LEU363,mut_s1,detail,1,162,VLUGXHSPLMSNET-LNNLXFCONA-N,-9.507
PPARD,f_LEU363,mut_s1,detail,1,163,IEQABWYSQBHOMM-UHFFFAOYNA-N,-8.067
PPARD,f_LEU363,mut_s1,detail,1,164,FWLMJHGQRXWNIS-UHFFFAOYNA-N,-9.131
PPARD,f_LEU363,mut_s1,detail,1,165,RZJWOMPOSAPIJL-LQFNOIFHNA-N,-8.791
PPARD,f_LEU363,mut_s1,detail,1,166,ZUMDOGBUKHTCOC-CWWQGPJMNA-N,-9.321
PPARD,f_LEU363,mut_s1,detail,1,167,ANZGKDRXGOPIJA-QWOVJGMINA-N,-7.87
PPARD,f_LEU363,mut_s1,detail,1,168,QUISVMJELRRHAG-UHFFFAOYNA-N,-9.063
PPARD,f_LEU363,mut_s1,detail,1,169,XZFCGNQJCGTXNQ-ZVHZXABRNA-N,-8.917
PPARD,f_LEU363,mut_s1,detail,1,170,UGPWOMSWEMIIJH-UHFFFAOYNA-N,-9.266
PPARD,f_LEU363,mut_s1,detail,1,171,WGMQZHYPIKBUML-LQFNOIFHNA-N,-7.245
PPARD,f_LEU363,mut_s1,detail,1,172,HPNLHDILXMKRJE-UHFFFAOYNA-N,-8.396
PPARD,f_LEU363,mut_s1,detail,1,173,AQBHPXSDFXKHIG-LELJVTLKNA-N,-8.801
PPARD,f_LEU363,mut_s1,detail,1,174,BHPSGEAUUZMDDL-QFIPXVFZNA-N,-9.943
PPARD,f_LEU363,mut_s1,detail,1,175,RHMDXGNHLMFANS-XBXBPLPCNA-N,-8.387
PPARD,f_LEU363,mut_s1,detail,1,176,HZXUSKDOXPOMIW-PKSOQXRJNA-N,-8.06
PPARD,f_LEU363,mut_s1,detail,1,177,QBBIMTGZZXPUPY-UHFFFAOYNA-N,-8.002
PPARD,f_LEU363,mut_s1,detail,1,178,FAALFCIDNMPXJU-LNNLXFCONA-N,-10.79
PPARD,f_LEU363,mut_s1,detail,1,179,UEGWFDMCEAIRSE-DVIAZDKANA-N,-8.385
PPARD,f_LEU363,mut_s1,detail,1,180,QATBWONTRXXCBE-UHFFFAOYNA-N,-8.567
PPARD,f_LEU363,mut_s1,detail,1,181,IEWZULBPMDXTLX-LQFNOIFHNA-N,-11.315
PPARD,f_LEU363,mut_s1,detail,1,182,DTUUXDIGBXNINJ-PKSOQXRJNA-N,-8.361
PPARD,f_LEU363,mut_s1,detail,1,183,FFDDOWCKFPDEPQ-KIYDBJNPNA-N,-9.572
PPARD,f_LEU363,mut_s1,detail,1,184,LFTDMBYAYYEBDL-XWYQMZBENA-N,-9.921
PPARD,f_LEU363,mut_s1,detail,1,185,VZFTWWJAUZOJDH-YANQHBGHNA-N,-10.401
PPARD,f_LEU363,mut_s1,detail,1,186,YNUOGMCLPCOTIC-UHFFFAOYNA-N,-9.601
PPARD,f_LEU363,mut_s1,detail,1,187,WDXONUYXRRUOAF-LELJVTLKNA-N,-8.564
PPARD,f_LEU363,mut_s1,detail,1,188,FWYUTSUWWZVOGD-UHFFFAOYNA-N,-8.296
PPARD,f_LEU363,mut_s1,detail,1,189,VMDJSIGZJOXSGC-UHFFFAOYNA-N,-9.053
PPARD,f_LEU363,mut_s1,detail,1,190,IIVPENRIUTZXCZ-DFVASWNCNA-N,-8.151
PPARD,f_LEU363,mut_s1,detail,1,191,HHKIXRJLSXZGIO-LBOYIXSDNA-N,-9.872
PPARD,f_LEU363,mut_s1,detail,1,192,VFCHPGXNLRROSP-UHFFFAOYNA-N,-9.473
PPARD,f_LEU363,mut_s1,detail,1,193,LQNMNFIDHADHQU-LQFNOIFHNA-N,-9.492
PPARD,f_LEU363,mut_s1,detail,1,194,DWCQXZSEATZNGJ-JXAWBTAJNA-N,-7.565
PPARD,f_LEU363,mut_s1,detail,1,195,XCFKTIVHIIOEHO-XRJCTRHONA-N,-10.647
PPARD,f_LEU363,mut_s1,detail,1,196,CTKVVCDWNBLQHQ-VJSLDGLSNA-N,-9.058
PPARD,f_LEU363,mut_s1,detail,1,197,SJEBTTUNLKKAEO-QFIPXVFZNA-N,-9.362
PPARD,f_LEU363,mut_s1,detail,1,198,VUVBMRFFLDJIKB-UHFFFAOYNA-N,-7.877
PPARD,f_LEU363,mut_s1,detail,1,199,CRDOCDKYXPCHRG-GMLXSZADNA-N,-8.852
PPARD,f_LEU363,mut_s1,detail,1,200,PTRAWPOMIAVCDX-NPZFWETONA-N,-10.378
PPARD,f_LEU363,mut_s1,detail,1,201,YPCVJZIGKJSYKB-XWQTZBKQNA-N,-10.181
PPARD,f_LEU363,mut_s1,detail,1,202,DDQUBMKKMCESIY-UHFFFAOYNA-N,-9.382
PPARD,f_LEU363,mut_s1,detail,1,203,QRBHMNKXVMROIF-UHFFFAOYNA-N,-10.122
PPARD,f_LEU363,mut_s1,detail,1,204,CSCOHEYTBLBQMG-SREBMQDQNA-N,-10.232
PPARD,f_LEU363,mut_s1,detail,1,205,FPRLMEVUSKOQRF-UHFFFAOYNA-N,-8.93
PPARD,f_LEU363,mut_s1,detail,1,206,VRUTXMQQNLYKSZ-SPEPDGBUNA-N,-10.392
PPARD,f_LEU363,mut_s1,detail,1,207,IFVIZWYRFUIABK-LKHHGCNMNA-N,-10.047
PPARD,f_LEU363,mut_s1,detail,1,208,BJSKDMOWRPAVMK-UHFFFAOYNA-N,-8.998
PPARD,f_LEU363,mut_s1,detail,1,209,AJDIYNONBYMZIF-ILOOJWFPNA-N,-10.401
PPARD,f_LEU363,mut_s1,detail,1,210,ABURDUMLEUCKOY-FYDYDPJYNA-N,-10.307
PPARD,f_LEU363,mut_s1,detail,1,211,ZXCSBCTVTJFLOZ-JUEKIJOLNA-N,-9.858
PPARD,f_LEU363,mut_s1,detail,1,212,SKVNACLQMJDJNT-JJFURXLTNA-N,-9.569
PPARD,f_LEU363,mut_s1,detail,1,213,OWDCBGQHUHBGKH-ODBASERBNA-N,-9.454
PPARD,f_LEU363,mut_s1,detail,1,214,RLXWTYPPMJNURK-LELJVTLKNA-N,-9.552
PPARD,f_LEU363,mut_s1,detail,1,215,LFFVXCIQPOOMOV-UHFFFAOYNA-N,-12.508
PPARD,f_LEU363,mut_s1,detail,1,216,ZFFOVIFFFSWOKF-PKRZOPRNNA-N,-11.925
PPARD,f_LEU363,mut_s1,detail,1,217,VVWGMEIQTOBDML-RDPOJNOENA-N,-9.648
PPARD,f_LEU363,mut_s1,detail,1,218,QAGLJDWYCCJEHH-IGBJZSFZNA-N,-9.495
PPARD,f_LEU363,mut_s1,detail,1,219,NFMSQLAKBDDECA-HXXFNXQYNA-N,-8.862
PPARD,f_LEU363,mut_s1,detail,1,220,RLKPYUHHHDBUKR-LKHHGCNMNA-N,-8.972
PPARD,f_LEU363,mut_s1,detail,1,221,FVGJPHFQQMQGFQ-PQVCHVPHNA-N,-11.698
PPARD,f_LEU363,mut_s1,detail,1,222,GGQXSFRJLUHOGQ-MDNXCRMFNA-N,-10.554
PPARD,f_LEU363,mut_s1,detail,1,223,LLLNQQOQHKAYHT-CSKMVECVNA-N,-10.709
PPARD,f_LEU363,mut_s1,detail,1,224,FTHKKKKNTGUTPA-NBVNDQADNA-N,-9.855
PPARD,f_LEU363,mut_s1,detail,1,225,BKYZARFJJFORLR-UHFFFAOYNA-N,-8.817
PPARD,f_LEU363,mut_s1,detail,1,226,XMHRXPMKDALTSG-YPBLIGHQNA-N,-8.636
PPARD,f_LEU363,mut_s1,detail,1,227,OVSPJLFXFWHQFE-HXTKINSTNA-N,-9.574
PPARD,f_LEU363,mut_s1,detail,1,228,SHBLCUUJYNQTSS-NRFANRHFNA-N,-9.856
PPARD,f_LEU363,mut_s1,detail,1,229,OHXYGRXPONZZPF-UHFFFAOYNA-N,-9.701
PPARD,f_LEU363,mut_s1,detail,1,230,XFOMWTKVHWXVRS-UHFFFAOYNA-N,-10.912
PPARD,f_LEU363,mut_s1,detail,1,231,HMPVPIRJMYFQCT-WXDRZTAENA-N,-8.939
PPARD,f_LEU363,mut_s1,detail,1,232,NRIQEFNHCJMSHL-UHFFFAOYNA-N,-11.101
PPARD,f_LEU363,mut_s1,detail,1,233,WQIKRJDLIIEKAG-WWXRYIHZNA-N,-9.868
PPARD,f_LEU363,mut_s1,detail,1,234,CQCKANIIWHCLDP-UHFFFAOYNA-N,-7.99
PPARD,f_LEU363,mut_s1,detail,1,235,QETNVWCEGLMMRQ-CXUYMYAGNA-N,-8.187
PPARD,f_LEU363,mut_s1,detail,1,236,MLYHNVDOBUQIID-NSJMMFDCNA-N,-10.633
PPARD,f_LEU363,mut_s1,detail,1,237,VBFOTEWTMOETMO-PECIQRARNA-N,-8.192
PPARD,f_LEU363,mut_s1,detail,1,238,NFSDYJKEOCQTKX-CYSPOYASNA-N,-8.925
PPARD,f_LEU363,mut_s1,detail,1,239,GZQHTWYWDSMEAW-UHFFFAOYNA-N,-8.651
PPARD,f_LEU363,mut_s1,detail,1,240,LZTXTKIYKWMRQJ-ZALBZXLWNA-N,-8.11
PPARD,f_LEU363,mut_s1,detail,1,241,YPDLHOCWYZLMQS-GFBXQOHCNA-N,-9.086
PPARD,f_LEU363,mut_s1,detail,1,242,FJUITIGQDNFRQI-UHFFFAOYNA-N,-7.67
PPARD,f_LEU363,mut_s1,detail,1,243,OHAIFIOFCXDBHP-NKTHEXPSNA-N,-9.13
PPARD,f_LEU363,mut_s1,detail,1,244,LSAXQHPWOGTFSG-UHFFFAOYNA-N,-8.678
PPARD,f_LEU363,mut_s1,detail,1,245,OENZVDXWLVYZJT-DHDJHLBQNA-N,-10.516
PPARD,f_LEU363,mut_s1,detail,1,246,UEOXIUXQBRDLJU-LBOYIXSDNA-N,-9.748
PPARD,f_LEU363,mut_s1,detail,1,247,YFYGWSCMDCTAKZ-MPIMZMORNA-N,-8.382
PPARD,f_LEU363,mut_s1,detail,1,248,AQHYVBHJINDJIW-UHFFFAOYNA-N,-8.037
PPARD,f_LEU363,mut_s1,detail,1,249,DBOAHQYVPCTALU-QBAQSEIJNA-N,-8.606
PPARD,f_LEU363,mut_s1,detail,1,250,NRMRHCTVBLZOIE-PJQSKVNONA-N,-8.395
PPARD,f_LEU363,mut_s1,detail,1,251,CGHADMRBCNGDHX-UOUKHUKPNA-N,-11.211
PPARD,f_LEU363,mut_s1,detail,1,252,DDZBRJBYGLTADL-TZFBGDORNA-N,-8.345
PPARD,f_LEU363,mut_s1,detail,1,253,LOIPDGFJRKDXSJ-UHFFFAOYNA-N,-7.943
PPARD,f_LEU363,mut_s1,detail,1,254,VBQAIJHAPZFIRO-MOQCICHVNA-N,-9.07
PPARD,f_LEU363,mut_s1,detail,1,255,YPVDZKHCFQJIDP-UHFFFAOYNA-N,-9.975
PPARD,m00,mut_s1,detail,1,0,IFHZOGDEYHFNQO-PKSOQXRJNA-N,-9.943
PPARD,m00,mut_s1,detail,1,1,PZDDADWKMMNNHC-UHFFFAOYNA-N,-7.144
PPARD,m00,mut_s1,detail,1,2,BUEYTYZOCKWHHR-UHFFFAOYNA-N,-7.251
PPARD,m00,mut_s1,detail,1,3,URXMTXGGQRBQQC-LNZJGEAENA-N,-7.143
PPARD,m00,mut_s1,detail,1,4,NNVZANSRDHCDLK-UHFFFAOYNA-N,-8.979
PPARD,m00,mut_s1,detail,1,5,YCVTUSIXNJAXKA-UHFFFAOYNA-N,-6.902
PPARD,m00,mut_s1,detail,1,6,YLQOELRYUQBERL-YHMJCDSINA-N,-7.209
PPARD,m00,mut_s1,detail,1,7,XIOYZAUVDJKWCL-UHFFFAOYNA-N,-8.626
PPARD,m00,mut_s1,detail,1,8,NYBRKCCEVRSDNF-UHFFFAOYNA-N,-8.767
PPARD,m00,mut_s1,detail,1,9,HOWDUDRRYYVTNY-NDKGDYFDNA-N,-7.522
PPARD,m00,mut_s1,detail,1,10,RVRIAONMWINUPS-GPQMBLKYNA-N,-6.919
PPARD,m00,mut_s1,detail,1,11,UVVPLBQLDVTPSL-RVQYIEHVNA-N,-6.545
PPARD,m00,mut_s1,detail,1,12,AXXXFCGETBIMKI-UHFFFAOYNA-N,-8.053
PPARD,m00,mut_s1,detail,1,13,RBMUBAYHBUBLMR-NKWLYDBFNA-N,-8.368
PPARD,m00,mut_s1,detail,1,14,BTIHIHBWVGQIIQ-UHFFFAOYNA-N,-7.346
PPARD,m00,mut_s1,detail,1,15,ACAOHWOPNZHWAF-WNVDMVQFNA-N,-9.034
PPARD,m00,mut_s1,detail,1,16,VEFTYKZXVJQBER-ZHLVXTBQNA-N,-7.445
PPARD,m00,mut_s1,detail,1,17,QBQDUEWXIOEVKT-UYBDAZJANA-N,-9.337
PPARD,m00,mut_s1,detail,1,18,KRGQOKCRZMRVRH-UHFFFAOYNA-N,-6.108
PPARD,m00,mut_s1,detail,1,19,YXGMBGNPGWDLBJ-WYUMXYHSNA-N,-7.956
PPARD,m00,mut_s1,detail,1,20,LHQICPSUYGARIS-UHFFFAOYNA-N,-8.835
PPARD,m00,mut_s1,detail,1,21,ZXVNJVRABSCRGU-GPQMBLKYNA-N,-8.464
PPARD,m00,mut_s1,detail,1,22,TYXGDELQOONTQQ-DQDSCPLDNA-N,-8.43
PPARD,m00,mut_s1,detail,1,23,FMDKDGDDTIJRQT-WRCMMWDQNA-N,-7.179
PPARD,m00,mut_s1,detail,1,24,DXLLFVXDQQMGGM-LILDFLRNNA-N,-8.614
PPARD,m00,mut_s1,detail,1,25,RCFHJSCTPLCRAN-UHFFFAOYNA-N,-8.21
PPARD,m00,mut_s1,detail,1,26,LOIKOLAEHONJTE-KARVIEMNNA-N,-8.357
PPARD,m00,mut_s1,detail,1,27,ZBEDJPDEINGEHM-UHFFFAOYNA-N,-6.099
PPARD,m00,mut_s1,detail,1,28,PKHXJWYQMRFPTR-LILDFLRNNA-N,-8.865
PPARD,m00,mut_s1,detail,1,29,DGFWWFXFIZOMRX-WXRBYKJCNA-N,-6.326
PPARD,m00,mut_s1,detail,1,30,NDEDMCKHRVZXGD-VEWCPZSHNA-N,-7.734
PPARD,m00,mut_s1,detail,1,31,UPOCYXRXSNRNNU-UHFFFAOYNA-N,-7.85
PPARD,m00,mut_s1,detail,1,32,UGLPVHLKYTWQRV-UHFFFAOYNA-N,-7.832
PPARD,m00,mut_s1,detail,1,33,VEBIFNQLJFTSLJ-GPQMBLKYNA-N,-8.764
PPARD,m00,mut_s1,detail,1,34,FZGYMZTVBMODJR-GUYCJALGNA-N,-8.083
PPARD,m00,mut_s1,detail,1,35,XVAMDQGNCAYOLZ-CMNYYERHNA-N,-7.663
PPARD,m00,mut_s1,detail,1,36,MRHCSNNEUHXNIC-DLGLGFIGNA-N,-7.879
PPARD,m00,mut_s1,detail,1,37,QXSUNGXUTAFLCR-HCKMINDGNA-N,-8.729
PPARD,m00,mut_s1,detail,1,38,BTUZBQRUTGYGSI-SAAHQOFTNA-N,-7.789
PPARD,m00,mut_s1,detail,1,39,TTYMNRMJLOVQEL-UHFFFAOYNA-N,-7.527
PPARD,m00,mut_s1,detail,1,40,IVQOCTZDCXKGHW-UHFFFAOYNA-N,-7.686
PPARD,m00,mut_s1,detail,1,41,SRWKAZSWOPMZLA-WYUMXYHSNA-N,-7.869
PPARD,m00,mut_s1,detail,1,42,QPEDEGUPTWDSJM-UHFFFAOYNA-N,-9.398
PPARD,m00,mut_s1,detail,1,43,ISYYCVGFJSIOIJ-UHFFFAOYNA-N,-6.786
PPARD,m00,mut_s1,detail,1,44,MTUZLFBKKNTLNL-YHMJCDSINA-N,-7.373
PPARD,m00,mut_s1,detail,1,45,JOFJZXKVGWGQRQ-UHFFFAOYNA-N,-5.863
PPARD,m00,mut_s1,detail,1,46,KOHAFBWLWQFBFU-UHFFFAOYNA-N,-9.388
PPARD,m00,mut_s1,detail,1,47,YHDLLKNPVWVCGF-UHFFFAOYNA-N,-7.897
PPARD,m00,mut_s1,detail,1,48,KIRJGAMLMFQPIX-LILDFLRNNA-N,-9.532
PPARD,m00,mut_s1,detail,1,49,MIUGSXDNQICPKY-AHPDCHJINA-N,-7.188
PPARD,m00,mut_s1,detail,1,50,NCQYFKGTEDNHPE-GPQMBLKYNA-N,-9.492
PPARD,m00,mut_s1,detail,1,51,OILQEGDAOXVJJG-UHFFFAOYNA-N,-7.963
PPARD,m00,mut_s1,detail,1,52,KMZMSABQJYKKBU-UHFFFAOYNA-N,-6.379
PPARD,m00,mut_s1,detail,1,53,ODNAHSRJQUKZJC-UHFFFAOYNA-N,-7.629
PPARD,m00,mut_s1,detail,1,54,WBXGNUJDIOVVDS-GPQMBLKYNA-N,-8.98
PPARD,m00,mut_s1,detail,1,55,KGFVHZKXNIFXQC-XQMQJMAZNA-N,-7.786
PPARD,m00,mut_s1,detail,1,56,ZGDACLBJJXLKJY-UHFFFAOYNA-N,-8.324
PPARD,m00,mut_s1,detail,1,57,ODQASWLALUMZKF-UHFFFAOYNA-N,-9.284
PPARD,m00,mut_s1,detail,1,58,HEAFXLZWNUOLNQ-UHFFFAOYNA-N,-8.192
PPARD,m00,mut_s1,detail,1,59,GDJPLZYPNHEBBO-GAJRPKRDNA-N,-6.911
PPARD,m00,mut_s1,detail,1,60,KZNIFHPLKGYRTM-UHFFFAOYNA-N,-8.454
PPARD,m00,mut_s1,detail,1,61,XCNLTPWPUBZVTB-WUKNDPDINA-N,-7.627
PPARD,m00,mut_s1,detail,1,62,UJJQDGSLGZZHPE-VEWCPZSHNA-N,-7.986
PPARD,m00,mut_s1,detail,1,63,KUDKBYQDLXZYQT-YAQRNVERNA-N,-7.366
PPARD,m00,mut_s1,detail,1,64,XZDKQJKAVDHUJN-UHFFFAOYNA-N,-9.933
PPARD,m00,mut_s1,detail,1,65,PIHCOUNEIQIOLH-UYBDAZJANA-N,-8.958
PPARD,m00,mut_s1,detail,1,66,FTVJNPIOPFNKML-GPQMBLKYNA-N,-7.722
PPARD,m00,mut_s1,detail,1,67,HHYDNYVAHAHWJL-UHFFFAOYNA-N,-6.729
PPARD,m00,mut_s1,detail,1,68,MXABEVYDQHVOES-NSHDSACANA-N,-7.382
PPARD,m00,mut_s1,detail,1,69,ONNIOMOHOZUMKS-YGZLFCMANA-N,-8.616
PPARD,m00,mut_s1,detail,1,70,DQLGXAYUAURASJ-XXTDWMNGNA-N,-9.765
PPARD,m00,mut_s1,detail,1,71,QGKGHRAWZIKZRJ-WYUMXYHSNA-N,-8.392
PPARD,m00,mut_s1,detail,1,72,JWCQSDFAPBNHSM-UHFFFAOYNA-N,-7.335
PPARD,m00,mut_s1,detail,1,73,RNSJXWMAYUTWOI-UHFFFAOYNA-N,-8.249
PPARD,m00,mut_s1,detail,1,74,AKOOSRNDNZPJNL-PKSOQXRJNA-N,-9.129
PPARD,m00,mut_s1,detail,1,75,BFENEDRNBGYKMO-OTJKMEOQNA-N,-7.707
PPARD,m00,mut_s1,detail,1,76,RULIAUGJMVIUMH-QWOVJGMINA-N,-8.52
PPARD,m00,mut_s1,detail,1,77,VHAIHOXTBBWMRC-LILDFLRNNA-N,-7.473
PPARD,m00,mut_s1,detail,1,78,MMWVUKRVNHSCOU-XWVGVUDUNA-N,-8.343
PPARD,m00,mut_s1,detail,1,79,VEUYFZWVWBJLBT-LILDFLRNNA-N,-6.649
PPARD,m00,mut_s1,detail,1,80,UEVUVZKOTQNFQQ-UHFFFAOYNA-N,-8.466
PPARD,m00,mut_s1,detail,1,81,AVUDBVVAYWAMLJ-UHFFFAOYNA-N,-8.811
PPARD,m00,mut_s1,detail,1,82,BQVDJEOYDDRFHV-UHFFFAOYNA-N,-7.917
PPARD,m00,mut_s1,detail,1,83,RJDWHDCXBZVKHF-UHFFFAOYNA-N,-8.913
PPARD,m00,mut_s1,detail,1,84,UUIYULWYHDSXHL-YREUQKFVNA-N,-7.36
PPARD,m00,mut_s1,detail,1,85,KSVYPWJPODFWFB-MHWRWJLKNA-N,-8.985
PPARD,m00,mut_s1,detail,1,86,YTOTVFWYSYGJKJ-MPIMZMORNA-N,-8.837
PPARD,m00,mut_s1,detail,1,87,LDEBHGWOYJCQTG-SFHVURJKNA-N,-7.896
PPARD,m00,mut_s1,detail,1,88,NXBTXYMTUUWSCC-XBTAAFKLNA-N,-9.362
PPARD,m00,mut_s1,detail,1,89,HRLJAEIRFSEJAW-UHFFFAOYNA-N,-9.529
PPARD,m00,mut_s1,detail,1,90,HROYNIXUIVDQJH-UHFFFAOYNA-N,-8.425
PPARD,m00,mut_s1,detail,1,91,BYXXTGCOSOYREY-QWOVJGMINA-N,-8.846
PPARD,m00,mut_s1,detail,1,92,AWXVIXMNAQQCCZ-OEMYIYORNA-N,-7.931
PPARD,m00,mut_s1,detail,1,93,PVTHJAPFENJVNC-ANRNRNKZNA-N,-7.495
PPARD,m00,mut_s1,detail,1,94,IMPAUHAIMHCPEJ-PKSOQXRJNA-N,-9.283
PPARD,m00,mut_s1,detail,1,95,SLOJERRRBYNXAR-NPQUBYNZNA-N,-8.832
PPARD,m00,mut_s1,detail,1,96,YWBJCOHEBDEQDR-PKSOQXRJNA-N,-8.174
PPARD,m00,mut_s1,detail,1,97,WWRBDTKNUXAXRR-XAVYIPQLNA-O,-8.21
PPARD,m00,mut_s1,detail,1,98,HBERTCHGBHHVDT-LILDFLRNNA-N,-9.962
PPARD,m00,mut_s1,detail,1,99,BXKUVDXLHUBVPA-ZWQIFLOQNA-N,-5.362
PPARD,m00,mut_s1,detail,1,100,WBWFIUAVMCNYPG-FPLPWBNLNA-N,-8.876
PPARD,m00,mut_s1,detail,1,101,VRWIFQNGGPFLST-UYBDAZJANA-N,-9.041
PPARD,m00,mut_s1,detail,1,102,JTAPVIPBGIDRDE-UHFFFAOYNA-N,-10.393
PPARD,m00,mut_s1,detail,1,103,HBTCLXRQQIHFQB-GDEMPAQCNA-N,-7.536
PPARD,m00,mut_s1,detail,1,104,DXJSFQXIPUHFQK-QWOVJGMINA-N,-8.087
PPARD,m00,mut_s1,detail,1,105,RBEMVAFKFYHQIB-UYBDAZJANA-N,-9.065
PPARD,m00,mut_s1,detail,1,106,QEKAHUYYWSNHDY-DZQCGVKKNA-N,-9.413
PPARD,m00,mut_s1,detail,1,107,RCSUTAOLFYVOEE-UHFFFAOYNA-N,-9.415
PPARD,m00,mut_s1,detail,1,108,MYBUANZGRGNVPO-YSPVQWMYNA-N,-8.984
PPARD,m00,mut_s1,detail,1,109,UIQCZMYFTSFLPQ-LQFNOIFHNA-N,-11.195
PPARD,m00,mut_s1,detail,1,110,QRMYORHEAHTJBC-GPQMBLKYNA-N,-8.631
PPARD,m00,mut_s1,detail,1,111,CPYTXWFFFQKUDP-QFAGIUQONA-N,-9.53
PPARD,m00,mut_s1,detail,1,112,DCIAJQYVIKONRS-QWOVJGMINA-N,-8.94
PPARD,m00,mut_s1,detail,1,113,ZMMGBIJMLCNSOV-PKSOQXRJNA-N,-7.198
PPARD,m00,mut_s1,detail,1,114,MRFDGPBJIFXZIT-NPQUBYNZNA-N,-9.685
PPARD,m00,mut_s1,detail,1,115,KANCHOKOTXNDQH-NVQSQQPGNA-N,-7.363
PPARD,m00,mut_s1,detail,1,116,SOAWEEUOPZCBSN-UHFFFAOYNA-N,-9.692
PPARD,m00,mut_s1,detail,1,117,BHXYDHWPQIADCG-HZFZDWCWNA-N,-7.764
PPARD,m00,mut_s1,detail,1,118,LVIWVNDQNUSMMV-LILDFLRNNA-N,-8.329
PPARD,m00,mut_s1,detail,1,119,UBAMGTKSOKGECF-UHFFFAOYNA-N,-7.366
PPARD,m00,mut_s1,detail,1,120,YSVHPRBZNNADQG-UHFFFAOYNA-N,-7.609
PPARD,m00,mut_s1,detail,1,121,IXZAZBWJQHWVHS-QVUQFMIFNA-N,-9.009
PPARD,m00,mut_s1,detail,1,122,NILCXRPLMSLFEG-HQHQJUQONA-N,-7.391
PPARD,m00,mut_s1,detail,1,123,HRNRRPMOOJUJLK-QWOVJGMINA-N,-10.012
PPARD,m00,mut_s1,detail,1,124,OLSXSUXZOLBVQZ-QVUQFMIFNA-N,-8.635
PPARD,m00,mut_s1,detail,1,125,XZMGFGHEVBEPKS-UHFFFAOYNA-N,-9.882
PPARD,m00,mut_s1,detail,1,126,MNLBKBCAEFZATB-UHFFFAOYNA-N,-9.05
PPARD,m00,mut_s1,detail,1,127,NNTZETQYCAZKJF-UYBDAZJANA-N,-9.77
PPARD,m00,mut_s1,detail,1,128,AKEDBCQYOCYZDX-PLBWUZGSNA-N,-8.42
PPARD,m00,mut_s1,detail,1,129,HCXOEHYNUWUKAG-UHFFFAOYNA-N,-10.603
PPARD,m00,mut_s1,detail,1,130,CWKHWSAMAAAUEN-UYBDAZJANA-N,-8.823
PPARD,m00,mut_s1,detail,1,131,VMZWELQEDXUUJX-HXTKINSTNA-N,-7.327
PPARD,m00,mut_s1,detail,1,132,PCMOPVSFMUOUFR-OAQYLSRUNA-N,-8.437
PPARD,m00,mut_s1,detail,1,133,POFKEPXNJQGIOB-DIRLUKLVNA-N,-10.634
PPARD,m00,mut_s1,detail,1,134,GQNKLNZBZDEAMD-VQHCSMNLNA-N,-10.635
PPARD,m00,mut_s1,detail,1,135,COFQAKCKCHDGNW-ZXWGSDNONA-N,-8.605
PPARD,m00,mut_s1,detail,1,136,XURFWWBVADUSQL-LNNLXFCONA-N,-10.043
PPARD,m00,mut_s1,detail,1,137,LBDHNFPYMBLBSB-CLCOLTQENA-N,-7.376
PPARD,m00,mut_s1,detail,1,138,QKIJTUQIQQZCIX-UYBDAZJANA-N,-8.888
PPARD,m00,mut_s1,detail,1,139,UXLJJGBAQOYQMV-UHFFFAOYNA-N,-9.234
PPARD,m00,mut_s1,detail,1,140,WQAWGOAEJJIYFP-DEOSSOPVNA-N,-8.86
PPARD,m00,mut_s1,detail,1,141,MBNPYPWQYGHCTB-UHFFFAOYNA-N,-8.597
PPARD,m00,mut_s1,detail,1,142,XAYHBRQVRJQCAH-PKSOQXRJNA-N,-8.212
PPARD,m00,mut_s1,detail,1,143,GNTOXDIONQLPFR-CXUHLZMHNA-N,-8.705
PPARD,m00,mut_s1,detail,1,144,RIVKJCNOYQAWOL-VCZDBIKCNA-N,-9.311
PPARD,m00,mut_s1,detail,1,145,LRRFROMGHKZMSA-PKRZOPRNNA-N,-10.154
PPARD,m00,mut_s1,detail,1,146,HWUKVYPOCLJTSN-RJJUGOMSNA-N,-10.97
PPARD,m00,mut_s1,detail,1,147,JAQNENPDJAEDSC-UHFFFAOYNA-N,-8.306
PPARD,m00,mut_s1,detail,1,148,ZYQCCRUKVDVTJE-ZUOKHONENA-N,-6.889
PPARD,m00,mut_s1,detail,1,149,UUWCZQYGBSUBRG-SPEPDGBUNA-N,-10.823
PPARD,m00,mut_s1,detail,1,150,KNGPIEIQVMOPHJ-PKSOQXRJNA-N,-8.47
PPARD,m00,mut_s1,detail,1,151,CTDCFVMSXQQWDC-HXTKINSTNA-N,-8.835
PPARD,m00,mut_s1,detail,1,152,AELMMQNCWIYZED-UHFFFAOYNA-N,-8.315
PPARD,m00,mut_s1,detail,1,153,BTBRAURMAUKXDM-UHFFFAOYNA-N,-8.197
PPARD,m00,mut_s1,detail,1,154,DWAPJEYUYKZUPW-UYBDAZJANA-N,-9.982
PPARD,m00,mut_s1,detail,1,155,MTWNFHPRKAIWJY-LQFNOIFHNA-N,-9.925
PPARD,m00,mut_s1,detail,1,156,XMOFGSWSGOXFPP-MPIMZMORNA-N,-8.931
PPARD,m00,mut_s1,detail,1,157,VVSBVXXITLYIIA-CKFYMFOVNA-N,-9.398
PPARD,m00,mut_s1,detail,1,158,GAXPVNSBLNNWCZ-PSHYBUTQNA-N,-7.769
PPARD,m00,mut_s1,detail,1,159,XDYREIZGNBPMPJ-IBGZPJMENA-N,-10.357
PPARD,m00,mut_s1,detail,1,160,WITBRHUYBFKPOL-MPIMZMORNA-N,-9.297
PPARD,m00,mut_s1,detail,1,161,IBIQKJHXTSLLBQ-PKRZOPRNNA-N,-9.624
PPARD,m00,mut_s1,detail,1,162,VLUGXHSPLMSNET-LNNLXFCONA-N,-10.192
PPARD,m00,mut_s1,detail,1,163,IEQABWYSQBHOMM-UHFFFAOYNA-N,-8.635
PPARD,m00,mut_s1,detail,1,164,FWLMJHGQRXWNIS-UHFFFAOYNA-N,-9.849
PPARD,m00,mut_s1,detail,1,165,RZJWOMPOSAPIJL-LQFNOIFHNA-N,-9.2
PPARD,m00,mut_s1,detail,1,166,ZUMDOGBUKHTCOC-CWWQGPJMNA-N,-9.501
PPARD,m00,mut_s1,detail,1,167,ANZGKDRXGOPIJA-QWOVJGMINA-N,-8.129
PPARD,m00,mut_s1,detail,1,168,QUISVMJELRRHAG-UHFFFAOYNA-N,-9.139
PPARD,m00,mut_s1,detail,1,169,XZFCGNQJCGTXNQ-ZVHZXABRNA-N,-8.834
PPARD,m00,mut_s1,detail,1,170,UGPWOMSWEMIIJH-UHFFFAOYNA-N,-9.35
PPARD,m00,mut_s1,detail,1,171,WGMQZHYPIKBUML-LQFNOIFHNA-N,-7.432
PPARD,m00,mut_s1,detail,1,172,HPNLHDILXMKRJE-UHFFFAOYNA-N,-8.324
PPARD,m00,mut_s1,detail,1,173,AQBHPXSDFXKHIG-LELJVTLKNA-N,-8.7
PPARD,m00,mut_s1,detail,1,174,BHPSGEAUUZMDDL-QFIPXVFZNA-N,-10.894
PPARD,m00,mut_s1,detail,1,175,RHMDXGNHLMFANS-XBXBPLPCNA-N,-9.656
PPARD,m00,mut_s1,detail,1,176,HZXUSKDOXPOMIW-PKSOQXRJNA-N,-8.925
PPARD,m00,mut_s1,detail,1,177,QBBIMTGZZXPUPY-UHFFFAOYNA-N,-9.447
PPARD,m00,mut_s1,detail,1,178,FAALFCIDNMPXJU-LNNLXFCONA-N,-10.658
PPARD,m00,mut_s1,detail,1,179,UEGWFDMCEAIRSE-DVIAZDKANA-N,-8.712
PPARD,m00,mut_s1,detail,1,180,QATBWONTRXXCBE-UHFFFAOYNA-N,-7.96
PPARD,m00,mut_s1,detail,1,181,IEWZULBPMDXTLX-LQFNOIFHNA-N,-11.032
PPARD,m00,mut_s1,detail,1,182,DTUUXDIGBXNINJ-PKSOQXRJNA-N,-8.309
PPARD,m00,mut_s1,detail,1,183,FFDDOWCKFPDEPQ-KIYDBJNPNA-N,-9.418
PPARD,m00,mut_s1,detail,1,184,LFTDMBYAYYEBDL-XWYQMZBENA-N,-9.998
PPARD,m00,mut_s1,detail,1,185,VZFTWWJAUZOJDH-YANQHBGHNA-N,-10.145
PPARD,m00,mut_s1,detail,1,186,YNUOGMCLPCOTIC-UHFFFAOYNA-N,-9.503
PPARD,m00,mut_s1,detail,1,187,WDXONUYXRRUOAF-LELJVTLKNA-N,-8.469
PPARD,m00,mut_s1,detail,1,188,FWYUTSUWWZVOGD-UHFFFAOYNA-N,-8.927
PPARD,m00,mut_s1,detail,1,189,VMDJSIGZJOXSGC-UHFFFAOYNA-N,-9.186
PPARD,m00,mut_s1,detail,1,190,IIVPENRIUTZXCZ-DFVASWNCNA-N,-8.36
PPARD,m00,mut_s1,detail,1,191,HHKIXRJLSXZGIO-LBOYIXSDNA-N,-9.542
PPARD,m00,mut_s1,detail,1,192,VFCHPGXNLRROSP-UHFFFAOYNA-N,-9.925
PPARD,m00,mut_s1,detail,1,193,LQNMNFIDHADHQU-LQFNOIFHNA-N,-9.06
PPARD,m00,mut_s1,detail,1,194,DWCQXZSEATZNGJ-JXAWBTAJNA-N,-7.596
PPARD,m00,mut_s1,detail,1,195,XCFKTIVHIIOEHO-XRJCTRHONA-N,-10.402
PPARD,m00,mut_s1,detail,1,196,CTKVVCDWNBLQHQ-VJSLDGLSNA-N,-9.355
PPARD,m00,mut_s1,detail,1,197,SJEBTTUNLKKAEO-QFIPXVFZNA-N,-9.683
PPARD,m00,mut_s1,detail,1,198,VUVBMRFFLDJIKB-UHFFFAOYNA-N,-8.914
PPARD,m00,mut_s1,detail,1,199,CRDOCDKYXPCHRG-GMLXSZADNA-N,-9.527
PPARD,m00,mut_s1,detail,1,200,PTRAWPOMIAVCDX-NPZFWETONA-N,-10.497
PPARD,m00,mut_s1,detail,1,201,YPCVJZIGKJSYKB-XWQTZBKQNA-N,-10.493
PPARD,m00,mut_s1,detail,1,202,DDQUBMKKMCESIY-UHFFFAOYNA-N,-9.835
PPARD,m00,mut_s1,detail,1,203,QRBHMNKXVMROIF-UHFFFAOYNA-N,-10.198
PPARD,m00,mut_s1,detail,1,204,CSCOHEYTBLBQMG-SREBMQDQNA-N,-10.06
PPARD,m00,mut_s1,detail,1,205,FPRLMEVUSKOQRF-UHFFFAOYNA-N,-9.288
PPARD,m00,mut_s1,detail,1,206,VRUTXMQQNLYKSZ-SPEPDGBUNA-N,-10.16
PPARD,m00,mut_s1,detail,1,207,IFVIZWYRFUIABK-LKHHGCNMNA-N,-10.03
PPARD,m00,mut_s1,detail,1,208,BJSKDMOWRPAVMK-UHFFFAOYNA-N,-8.696
PPARD,m00,mut_s1,detail,1,209,AJDIYNONBYMZIF-ILOOJWFPNA-N,-10.482
PPARD,m00,mut_s1,detail,1,210,ABURDUMLEUCKOY-FYDYDPJYNA-N,-9.843
PPARD,m00,mut_s1,detail,1,211,ZXCSBCTVTJFLOZ-JUEKIJOLNA-N,-9.906
PPARD,m00,mut_s1,detail,1,212,SKVNACLQMJDJNT-JJFURXLTNA-N,-10.599
PPARD,m00,mut_s1,detail,1,213,OWDCBGQHUHBGKH-ODBASERBNA-N,-8.999
PPARD,m00,mut_s1,detail,1,214,RLXWTYPPMJNURK-LELJVTLKNA-N,-9.708
PPARD,m00,mut_s1,detail,1,215,LFFVXCIQPOOMOV-UHFFFAOYNA-N,-12.361
PPARD,m00,mut_s1,detail,1,216,ZFFOVIFFFSWOKF-PKRZOPRNNA-N,-11.71
PPARD,m00,mut_s1,detail,1,217,VVWGMEIQTOBDML-RDPOJNOENA-N,-9.472
PPARD,m00,mut_s1,detail,1,218,QAGLJDWYCCJEHH-IGBJZSFZNA-N,-9.675
PPARD,m00,mut_s1,detail,1,219,NFMSQLAKBDDECA-HXXFNXQYNA-N,-8.721
PPARD,m00,mut_s1,detail,1,220,RLKPYUHHHDBUKR-LKHHGCNMNA-N,-8.68
PPARD,m00,mut_s1,detail,1,221,FVGJPHFQQMQGFQ-PQVCHVPHNA-N,-10.745
PPARD,m00,mut_s1,detail,1,222,GGQXSFRJLUHOGQ-MDNXCRMFNA-N,-10.718
PPARD,m00,mut_s1,detail,1,223,LLLNQQOQHKAYHT-CSKMVECVNA-N,-10.6
PPARD,m00,mut_s1,detail,1,224,FTHKKKKNTGUTPA-NBVNDQADNA-N,-9.857
PPARD,m00,mut_s1,detail,1,225,BKYZARFJJFORLR-UHFFFAOYNA-N,-9.841
PPARD,m00,mut_s1,detail,1,226,XMHRXPMKDALTSG-YPBLIGHQNA-N,-8.701
PPARD,m00,mut_s1,detail,1,227,OVSPJLFXFWHQFE-HXTKINSTNA-N,-9.734
PPARD,m00,mut_s1,detail,1,228,SHBLCUUJYNQTSS-NRFANRHFNA-N,-11.09
PPARD,m00,mut_s1,detail,1,229,OHXYGRXPONZZPF-UHFFFAOYNA-N,-10.07
PPARD,m00,mut_s1,detail,1,230,XFOMWTKVHWXVRS-UHFFFAOYNA-N,-10.867
PPARD,m00,mut_s1,detail,1,231,HMPVPIRJMYFQCT-WXDRZTAENA-N,-8.111
PPARD,m00,mut_s1,detail,1,232,NRIQEFNHCJMSHL-UHFFFAOYNA-N,-10.612
PPARD,m00,mut_s1,detail,1,233,WQIKRJDLIIEKAG-WWXRYIHZNA-N,-10.232
PPARD,m00,mut_s1,detail,1,234,CQCKANIIWHCLDP-UHFFFAOYNA-N,-7.859
PPARD,m00,mut_s1,detail,1,235,QETNVWCEGLMMRQ-CXUYMYAGNA-N,-9.04
PPARD,m00,mut_s1,detail,1,236,MLYHNVDOBUQIID-NSJMMFDCNA-N,-10.481
PPARD,m00,mut_s1,detail,1,237,VBFOTEWTMOETMO-PECIQRARNA-N,-7.494
PPARD,m00,mut_s1,detail,1,238,NFSDYJKEOCQTKX-CYSPOYASNA-N,-9.57
PPARD,m00,mut_s1,detail,1,239,GZQHTWYWDSMEAW-UHFFFAOYNA-N,-8.988
PPARD,m00,mut_s1,detail,1,240,LZTXTKIYKWMRQJ-ZALBZXLWNA-N,-9.84
PPARD,m00,mut_s1,detail,1,241,YPDLHOCWYZLMQS-GFBXQOHCNA-N,-9.394
PPARD,m00,mut_s1,detail,1,242,FJUITIGQDNFRQI-UHFFFAOYNA-N,-8.125
PPARD,m00,mut_s1,detail,1,243,OHAIFIOFCXDBHP-NKTHEXPSNA-N,-9.479
PPARD,m00,mut_s1,detail,1,244,LSAXQHPWOGTFSG-UHFFFAOYNA-N,-10.64
PPARD,m00,mut_s1,detail,1,245,OENZVDXWLVYZJT-DHDJHLBQNA-N,-10.037
PPARD,m00,mut_s1,detail,1,246,UEOXIUXQBRDLJU-LBOYIXSDNA-N,-10.102
PPARD,m00,mut_s1,detail,1,247,YFYGWSCMDCTAKZ-MPIMZMORNA-N,-7.813
PPARD,m00,mut_s1,detail,1,248,AQHYVBHJINDJIW-UHFFFAOYNA-N,-7.172
PPARD,m00,mut_s1,detail,1,249,DBOAHQYVPCTALU-QBAQSEIJNA-N,-8.423
PPARD,m00,mut_s1,detail,1,250,NRMRHCTVBLZOIE-PJQSKVNONA-N,-9.036
PPARD,m00,mut_s1,detail,1,251,CGHADMRBCNGDHX-UOUKHUKPNA-N,-11.356
PPARD,m00,mut_s1,detail,1,252,DDZBRJBYGLTADL-TZFBGDORNA-N,-8.257
PPARD,m00,mut_s1,detail,1,253,LOIPDGFJRKDXSJ-UHFFFAOYNA-N,-8.329
PPARD,m00,mut_s1,detail,1,254,VBQAIJHAPZFIRO-MOQCICHVNA-N,-9.659
PPARD,m00,mut_s1,detail,1,255,YPVDZKHCFQJIDP-UHFFFAOYNA-N,-10.669
PPARD,m01,mut_s1,detail,1,0,IFHZOGDEYHFNQO-PKSOQXRJNA-N,-9.129
PPARD,m01,mut_s1,detail,1,1,PZDDADWKMMNNHC-UHFFFAOYNA-N,-7.084
PPARD,m01,mut_s1,detail,1,2,BUEYTYZOCKWHHR-UHFFFAOYNA-N,-7.13
PPARD,m01,mut_s1,detail,1,3,URXMTXGGQRBQQC-LNZJGEAENA-N,-6.441
PPARD,m01,mut_s1,detail,1,4,NNVZANSRDHCDLK-UHFFFAOYNA-N,-8.639
PPARD,m01,mut_s1,detail,1,5,YCVTUSIXNJAXKA-UHFFFAOYNA-N,-6.932
PPARD,m01,mut_s1,detail,1,6,YLQOELRYUQBERL-YHMJCDSINA-N,-6.655
PPARD,m01,mut_s1,detail,1,7,XIOYZAUVDJKWCL-UHFFFAOYNA-N,-8.332
PPARD,m01,mut_s1,detail,1,8,NYBRKCCEVRSDNF-UHFFFAOYNA-N,-8.828
PPARD,m01,mut_s1,detail,1,9,HOWDUDRRYYVTNY-NDKGDYFDNA-N,-7.347
PPARD,m01,mut_s1,detail,1,10,RVRIAONMWINUPS-GPQMBLKYNA-N,-7.524
PPARD,m01,mut_s1,detail,1,11,UVVPLBQLDVTPSL-RVQYIEHVNA-N,-6.1
PPARD,m01,mut_s1,detail,1,12,AXXXFCGETBIMKI-UHFFFAOYNA-N,-7.165
PPARD,m01,mut_s1,detail,1,13,RBMUBAYHBUBLMR-NKWLYDBFNA-N,-7.665
PPARD,m01,mut_s1,detail,1,14,BTIHIHBWVGQIIQ-UHFFFAOYNA-N,-7.756
PPARD,m01,mut_s1,detail,1,15,ACAOHWOPNZHWAF-WNVDMVQFNA-N,-8.605
PPARD,m01,mut_s1,detail,1,16,VEFTYKZXVJQBER-ZHLVXTBQNA-N,-6.887
PPARD,m01,mut_s1,detail,1,17,QBQDUEWXIOEVKT-UYBDAZJANA-N,-9.167
PPARD,m01,mut_s1,detail,1,18,KRGQOKCRZMRVRH-UHFFFAOYNA-N,-6.137
PPARD,m01,mut_s1,detail,1,19,YXGMBGNPGWDLBJ-WYUMXYHSNA-N,-7.231
PPARD,m01,mut_s1,detail,1,20,LHQICPSUYGARIS-UHFFFAOYNA-N,-8.677
PPARD,m01,mut_s1,detail,1,21,ZXVNJVRABSCRGU-GPQMBLKYNA-N,-8.014
PPARD,m01,mut_s1,detail,1,22,TYXGDELQOONTQQ-DQDSCPLDNA-N,-9.232
PPARD,m01,mut_s1,detail,1,23,FMDKDGDDTIJRQT-WRCMMWDQNA-N,-7.911
PPARD,m01,mut_s1,detail,1,24,DXLLFVXDQQMGGM-LILDFLRNNA-N,-7.431
PPARD,m01,mut_s1,detail,1,25,RCFHJSCTPLCRAN-UHFFFAOYNA-N,-8.231
PPARD,m01,mut_s1,detail,1,26,LOIKOLAEHONJTE-KARVIEMNNA-N,-8.278
PPARD,m01,mut_s1,detail,1,27,ZBEDJPDEINGEHM-UHFFFAOYNA-N,-6.131
PPARD,m01,mut_s1,detail,1,28,PKHXJWYQMRFPTR-LILDFLRNNA-N,-8.989
PPARD,m01,mut_s1,detail,1,29,DGFWWFXFIZOMRX-WXRBYKJCNA-N,-6.184
PPARD,m01,mut_s1,detail,1,30,NDEDMCKHRVZXGD-VEWCPZSHNA-N,-7.752
PPARD,m01,mut_s1,detail,1,31,UPOCYXRXSNRNNU-UHFFFAOYNA-N,-7.981
PPARD,m01,mut_s1,detail,1,32,UGLPVHLKYTWQRV-UHFFFAOYNA-N,-8.08
PPARD,m01,mut_s1,detail,1,33,VEBIFNQLJFTSLJ-GPQMBLKYNA-N,-8.317
PPARD,m01,mut_s1,detail,1,34,FZGYMZTVBMODJR-GUYCJALGNA-N,-8.761
PPARD,m01,mut_s1,detail,1,35,XVAMDQGNCAYOLZ-CMNYYERHNA-N,-7.629
PPARD,m01,mut_s1,detail,1,36,MRHCSNNEUHXNIC-DLGLGFIGNA-N,-7.56
PPARD,m01,mut_s1,detail,1,37,QXSUNGXUTAFLCR-HCKMINDGNA-N,-8.01
PPARD,m01,mut_s1,detail,1,38,BTUZBQRUTGYGSI-SAAHQOFTNA-N,-7.756
PPARD,m01,mut_s1,detail,1,39,TTYMNRMJLOVQEL-UHFFFAOYNA-N,-7.516
PPARD,m01,mut_s1,detail,1,40,IVQOCTZDCXKGHW-UHFFFAOYNA-N,-7.142
PPARD,m01,mut_s1,detail,1,41,SRWKAZSWOPMZLA-WYUMXYHSNA-N,-7.505
PPARD,m01,mut_s1,detail,1,42,QPEDEGUPTWDSJM-UHFFFAOYNA-N,-8.38
PPARD,m01,mut_s1,detail,1,43,ISYYCVGFJSIOIJ-UHFFFAOYNA-N,-6.833
PPARD,m01,mut_s1,detail,1,44,MTUZLFBKKNTLNL-YHMJCDSINA-N,-7.55
PPARD,m01,mut_s1,detail,1,45,JOFJZXKVGWGQRQ-UHFFFAOYNA-N,-6.0
PPARD,m01,mut_s1,detail,1,46,KOHAFBWLWQFBFU-UHFFFAOYNA-N,-8.055
PPARD,m01,mut_s1,detail,1,47,YHDLLKNPVWVCGF-UHFFFAOYNA-N,-8.537
PPARD,m01,mut_s1,detail,1,48,KIRJGAMLMFQPIX-LILDFLRNNA-N,-9.153
PPARD,m01,mut_s1,detail,1,49,MIUGSXDNQICPKY-AHPDCHJINA-N,-6.81
PPARD,m01,mut_s1,detail,1,50,NCQYFKGTEDNHPE-GPQMBLKYNA-N,-9.4
PPARD,m01,mut_s1,detail,1,51,OILQEGDAOXVJJG-UHFFFAOYNA-N,-7.747
PPARD,m01,mut_s1,detail,1,52,KMZMSABQJYKKBU-UHFFFAOYNA-N,-6.395
PPARD,m01,mut_s1,detail,1,53,ODNAHSRJQUKZJC-UHFFFAOYNA-N,-7.711
PPARD,m01,mut_s1,detail,1,54,WBXGNUJDIOVVDS-GPQMBLKYNA-N,-8.055
PPARD,m01,mut_s1,detail,1,55,KGFVHZKXNIFXQC-XQMQJMAZNA-N,-7.341
PPARD,m01,mut_s1,detail,1,56,ZGDACLBJJXLKJY-UHFFFAOYNA-N,-7.325
PPARD,m01,mut_s1,detail,1,57,ODQASWLALUMZKF-UHFFFAOYNA-N,-9.014
PPARD,m01,mut_s1,detail,1,58,HEAFXLZWNUOLNQ-UHFFFAOYNA-N,-8.185
PPARD,m01,mut_s1,detail,1,59,GDJPLZYPNHEBBO-GAJRPKRDNA-N,-6.679
PPARD,m01,mut_s1,detail,1,60,KZNIFHPLKGYRTM-UHFFFAOYNA-N,-7.962
PPARD,m01,mut_s1,detail,1,61,XCNLTPWPUBZVTB-WUKNDPDINA-N,-7.145
PPARD,m01,mut_s1,detail,1,62,UJJQDGSLGZZHPE-VEWCPZSHNA-N,-7.82
PPARD,m01,mut_s1,detail,1,63,KUDKBYQDLXZYQT-YAQRNVERNA-N,-7.452
PPARD,m01,mut_s1,detail,1,64,XZDKQJKAVDHUJN-UHFFFAOYNA-N,-9.701
PPARD,m01,mut_s1,detail,1,65,PIHCOUNEIQIOLH-UYBDAZJANA-N,-8.16
PPARD,m01,mut_s1,detail,1,66,FTVJNPIOPFNKML-GPQMBLKYNA-N,-7.551
PPARD,m01,mut_s1,detail,1,67,HHYDNYVAHAHWJL-UHFFFAOYNA-N,-6.298
PPARD,m01,mut_s1,detail,1,68,MXABEVYDQHVOES-NSHDSACANA-N,-7.703
PPARD,m01,mut_s1,detail,1,69,ONNIOMOHOZUMKS-YGZLFCMANA-N,-8.214
PPARD,m01,mut_s1,detail,1,70,DQLGXAYUAURASJ-XXTDWMNGNA-N,-9.785
PPARD,m01,mut_s1,detail,1,71,QGKGHRAWZIKZRJ-WYUMXYHSNA-N,-7.909
PPARD,m01,mut_s1,detail,1,72,JWCQSDFAPBNHSM-UHFFFAOYNA-N,-7.59
PPARD,m01,mut_s1,detail,1,73,RNSJXWMAYUTWOI-UHFFFAOYNA-N,-8.58
PPARD,m01,mut_s1,detail,1,74,AKOOSRNDNZPJNL-PKSOQXRJNA-N,-8.801
PPARD,m01,mut_s1,detail,1,75,BFENEDRNBGYKMO-OTJKMEOQNA-N,-7.448
PPARD,m01,mut_s1,detail,1,76,RULIAUGJMVIUMH-QWOVJGMINA-N,-8.0
PPARD,m01,mut_s1,detail,1,77,VHAIHOXTBBWMRC-LILDFLRNNA-N,-7.031
PPARD,m01,mut_s1,detail,1,78,MMWVUKRVNHSCOU-XWVGVUDUNA-N,-8.789
PPARD,m01,mut_s1,detail,1,79,VEUYFZWVWBJLBT-LILDFLRNNA-N,-6.742
PPARD,m01,mut_s1,detail,1,80,UEVUVZKOTQNFQQ-UHFFFAOYNA-N,-8.395
PPARD,m01,mut_s1,detail,1,81,AVUDBVVAYWAMLJ-UHFFFAOYNA-N,-9.032
PPARD,m01,mut_s1,detail,1,82,BQVDJEOYDDRFHV-UHFFFAOYNA-N,-7.387
PPARD,m01,mut_s1,detail,1,83,RJDWHDCXBZVKHF-UHFFFAOYNA-N,-9.63
PPARD,m01,mut_s1,detail,1,84,UUIYULWYHDSXHL-YREUQKFVNA-N,-6.81
PPARD,m01,mut_s1,detail,1,85,KSVYPWJPODFWFB-MHWRWJLKNA-N,-9.504
PPARD,m01,mut_s1,detail,1,86,YTOTVFWYSYGJKJ-MPIMZMORNA-N,-8.644
PPARD,m01,mut_s1,detail,1,87,LDEBHGWOYJCQTG-SFHVURJKNA-N,-8.187
PPARD,m01,mut_s1,detail,1,88,NXBTXYMTUUWSCC-XBTAAFKLNA-N,-9.821
PPARD,m01,mut_s1,detail,1,89,HRLJAEIRFSEJAW-UHFFFAOYNA-N,-8.056
PPARD,m01,mut_s1,detail,1,90,HROYNIXUIVDQJH-UHFFFAOYNA-N,-8.235
PPARD,m01,mut_s1,detail,1,91,BYXXTGCOSOYREY-QWOVJGMINA-N,-9.475
PPARD,m01,mut_s1,detail,1,92,AWXVIXMNAQQCCZ-OEMYIYORNA-N,-8.04
PPARD,m01,mut_s1,detail,1,93,PVTHJAPFENJVNC-ANRNRNKZNA-N,-6.863
PPARD,m01,mut_s1,detail,1,94,IMPAUHAIMHCPEJ-PKSOQXRJNA-N,-8.738
PPARD,m01,mut_s1,detail,1,95,SLOJERRRBYNXAR-NPQUBYNZNA-N,-8.1
PPARD,m01,mut_s1,detail,1,96,YWBJCOHEBDEQDR-PKSOQXRJNA-N,-8.38
PPARD,m01,mut_s1,detail,1,97,WWRBDTKNUXAXRR-XAVYIPQLNA-O,-8.065
PPARD,m01,mut_s1,detail,1,98,HBERTCHGBHHVDT-LILDFLRNNA-N,-9.924
PPARD,m01,mut_s1,detail,1,99,BXKUVDXLHUBVPA-ZWQIFLOQNA-N,-5.987
PPARD,m01,mut_s1,detail,1,100,WBWFIUAVMCNYPG-FPLPWBNLNA-N,-7.667
PPARD,m01,mut_s1,detail,1,101,VRWIFQNGGPFLST-UYBDAZJANA-N,-8.399
PPARD,m01,mut_s1,detail,1,102,JTAPVIPBGIDRDE-UHFFFAOYNA-N,-10.072
PPARD,m01,mut_s1,detail,1,103,HBTCLXRQQIHFQB-GDEMPAQCNA-N,-7.445
PPARD,m01,mut_s1,detail,1,104,DXJSFQXIPUHFQK-QWOVJGMINA-N,-8.564
PPARD,m01,mut_s1,detail,1,105,RBEMVAFKFYHQIB-UYBDAZJANA-N,-8.819
PPARD,m01,mut_s1,detail,1,106,QEKAHUYYWSNHDY-DZQCGVKKNA-N,-8.485
PPARD,m01,mut_s1,detail,1,107,RCSUTAOLFYVOEE-UHFFFAOYNA-N,-8.924
PPARD,m01,mut_s1,detail,1,108,MYBUANZGRGNVPO-YSPVQWMYNA-N,-9.064
PPARD,m01,mut_s1,detail,1,109,UIQCZMYFTSFLPQ-LQFNOIFHNA-N,-10.171
PPARD,m01,mut_s1,detail,1,110,QRMYORHEAHTJBC-GPQMBLKYNA-N,-8.123
PPARD,m01,mut_s1,detail,1,111,CPYTXWFFFQKUDP-QFAGIUQONA-N,-8.918
PPARD,m01,mut_s1,detail,1,112,DCIAJQYVIKONRS-QWOVJGMINA-N,-9.353
PPARD,m01,mut_s1,detail,1,113,ZMMGBIJMLCNSOV-PKSOQXRJNA-N,-7.768
PPARD,m01,mut_s1,detail,1,114,MRFDGPBJIFXZIT-NPQUBYNZNA-N,-9.192
PPARD,m01,mut_s1,detail,1,115,KANCHOKOTXNDQH-NVQSQQPGNA-N,-7.172
PPARD,m01,mut_s1,detail,1,116,SOAWEEUOPZCBSN-UHFFFAOYNA-N,-9.708
PPARD,m01,mut_s1,detail,1,117,BHXYDHWPQIADCG-HZFZDWCWNA-N,-7.897
PPARD,m01,mut_s1,detail,1,118,LVIWVNDQNUSMMV-LILDFLRNNA-N,-7.483
PPARD,m01,mut_s1,detail,1,119,UBAMGTKSOKGECF-UHFFFAOYNA-N,-7.314
PPARD,m01,mut_s1,detail,1,120,YSVHPRBZNNADQG-UHFFFAOYNA-N,-8.057
PPARD,m01,mut_s1,detail,1,121,IXZAZBWJQHWVHS-QVUQFMIFNA-N,-8.432
PPARD,m01,mut_s1,detail,1,122,NILCXRPLMSLFEG-HQHQJUQONA-N,-7.575
PPARD,m01,mut_s1,detail,1,123,HRNRRPMOOJUJLK-QWOVJGMINA-N,-9.347
PPARD,m01,mut_s1,detail,1,124,OLSXSUXZOLBVQZ-QVUQFMIFNA-N,-8.637
PPARD,m01,mut_s1,detail,1,125,XZMGFGHEVBEPKS-UHFFFAOYNA-N,-9.566
PPARD,m01,mut_s1,detail,1,126,MNLBKBCAEFZATB-UHFFFAOYNA-N,-8.069
PPARD,m01,mut_s1,detail,1,127,NNTZETQYCAZKJF-UYBDAZJANA-N,-8.939
PPARD,m01,mut_s1,detail,1,128,AKEDBCQYOCYZDX-PLBWUZGSNA-N,-8.588
PPARD,m01,mut_s1,detail,1,129,HCXOEHYNUWUKAG-UHFFFAOYNA-N,-7.297
PPARD,m01,mut_s1,detail,1,130,CWKHWSAMAAAUEN-UYBDAZJANA-N,-8.184
PPARD,m01,mut_s1,detail,1,131,VMZWELQEDXUUJX-HXTKINSTNA-N,-7.222
PPARD,m01,mut_s1,detail,1,132,PCMOPVSFMUOUFR-OAQYLSRUNA-N,-8.433
PPARD,m01,mut_s1,detail,1,133,POFKEPXNJQGIOB-DIRLUKLVNA-N,-9.845
PPARD,m01,mut_s1,detail,1,134,GQNKLNZBZDEAMD-VQHCSMNLNA-N,-9.636
PPARD,m01,mut_s1,detail,1,135,COFQAKCKCHDGNW-ZXWGSDNONA-N,-8.586
PPARD,m01,mut_s1,detail,1,136,XURFWWBVADUSQL-LNNLXFCONA-N,-9.72
PPARD,m01,mut_s1,detail,1,137,LBDHNFPYMBLBSB-CLCOLTQENA-N,-7.278
PPARD,m01,mut_s1,detail,1,138,QKIJTUQIQQZCIX-UYBDAZJANA-N,-8.877
PPARD,m01,mut_s1,detail,1,139,UXLJJGBAQOYQMV-UHFFFAOYNA-N,-8.477
PPARD,m01,mut_s1,detail,1,140,WQAWGOAEJJIYFP-DEOSSOPVNA-N,-8.35
PPARD,m01,mut_s1,detail,1,141,MBNPYPWQYGHCTB-UHFFFAOYNA-N,-8.712
PPARD,m01,mut_s1,detail,1,142,XAYHBRQVRJQCAH-PKSOQXRJNA-N,-7.89
PPARD,m01,mut_s1,detail,1,143,GNTOXDIONQLPFR-CXUHLZMHNA-N,-8.735
PPARD,m01,mut_s1,detail,1,144,RIVKJCNOYQAWOL-VCZDBIKCNA-N,-8.973
PPARD,m01,mut_s1,detail,1,145,LRRFROMGHKZMSA-PKRZOPRNNA-N,-10.828
PPARD,m01,mut_s1,detail,1,146,HWUKVYPOCLJTSN-RJJUGOMSNA-N,-8.694
PPARD,m01,mut_s1,detail,1,147,JAQNENPDJAEDSC-UHFFFAOYNA-N,-8.587
PPARD,m01,mut_s1,detail,1,148,ZYQCCRUKVDVTJE-ZUOKHONENA-N,-7.463
PPARD,m01,mut_s1,detail,1,149,UUWCZQYGBSUBRG-SPEPDGBUNA-N,-10.395
PPARD,m01,mut_s1,detail,1,150,KNGPIEIQVMOPHJ-PKSOQXRJNA-N,-8.038
PPARD,m01,mut_s1,detail,1,151,CTDCFVMSXQQWDC-HXTKINSTNA-N,-8.776
PPARD,m01,mut_s1,detail,1,152,AELMMQNCWIYZED-UHFFFAOYNA-N,-8.269
PPARD,m01,mut_s1,detail,1,153,BTBRAURMAUKXDM-UHFFFAOYNA-N,-8.224
PPARD,m01,mut_s1,detail,1,154,DWAPJEYUYKZUPW-UYBDAZJANA-N,-9.647
PPARD,m01,mut_s1,detail,1,155,MTWNFHPRKAIWJY-LQFNOIFHNA-N,-8.973
PPARD,m01,mut_s1,detail,1,156,XMOFGSWSGOXFPP-MPIMZMORNA-N,-8.23
PPARD,m01,mut_s1,detail,1,157,VVSBVXXITLYIIA-CKFYMFOVNA-N,-9.369
PPARD,m01,mut_s1,detail,1,158,GAXPVNSBLNNWCZ-PSHYBUTQNA-N,-7.969
PPARD,m01,mut_s1,detail,1,159,XDYREIZGNBPMPJ-IBGZPJMENA-N,-9.858
PPARD,m01,mut_s1,detail,1,160,WITBRHUYBFKPOL-MPIMZMORNA-N,-8.008
PPARD,m01,mut_s1,detail,1,161,IBIQKJHXTSLLBQ-PKRZOPRNNA-N,-9.602
PPARD,m01,mut_s1,detail,1,162,VLUGXHSPLMSNET-LNNLXFCONA-N,-9.156
PPARD,m01,mut_s1,detail,1,163,IEQABWYSQBHOMM-UHFFFAOYNA-N,-8.221
PPARD,m01,mut_s1,detail,1,164,FWLMJHGQRXWNIS-UHFFFAOYNA-N,-8.697
PPARD,m01,mut_s1,detail,1,165,RZJWOMPOSAPIJL-LQFNOIFHNA-N,-9.117
PPARD,m01,mut_s1,detail,1,166,ZUMDOGBUKHTCOC-CWWQGPJMNA-N,-9.091
PPARD,m01,mut_s1,detail,1,167,ANZGKDRXGOPIJA-QWOVJGMINA-N,-7.95
PPARD,m01,mut_s1,detail,1,168,QUISVMJELRRHAG-UHFFFAOYNA-N,-9.112
PPARD,m01,mut_s1,detail,1,169,XZFCGNQJCGTXNQ-ZVHZXABRNA-N,-8.517
PPARD,m01,mut_s1,detail,1,170,UGPWOMSWEMIIJH-UHFFFAOYNA-N,-9.115
PPARD,m01,mut_s1,detail,1,171,WGMQZHYPIKBUML-LQFNOIFHNA-N,-7.718
PPARD,m01,mut_s1,detail,1,172,HPNLHDILXMKRJE-UHFFFAOYNA-N,-8.383
PPARD,m01,mut_s1,detail,1,173,AQBHPXSDFXKHIG-LELJVTLKNA-N,-9.376
PPARD,m01,mut_s1,detail,1,174,BHPSGEAUUZMDDL-QFIPXVFZNA-N,-9.109
PPARD,m01,mut_s1,detail,1,175,RHMDXGNHLMFANS-XBXBPLPCNA-N,-8.609
PPARD,m01,mut_s1,detail,1,176,HZXUSKDOXPOMIW-PKSOQXRJNA-N,-8.518
PPARD,m01,mut_s1,detail,1,177,QBBIMTGZZXPUPY-UHFFFAOYNA-N,-7.618
PPARD,m01,mut_s1,detail,1,178,FAALFCIDNMPXJU-LNNLXFCONA-N,-10.33
PPARD,m01,mut_s1,detail,1,179,UEGWFDMCEAIRSE-DVIAZDKANA-N,-8.909
PPARD,m01,mut_s1,detail,1,180,QATBWONTRXXCBE-UHFFFAOYNA-N,-7.699
PPARD,m01,mut_s1,detail,1,181,IEWZULBPMDXTLX-LQFNOIFHNA-N,-11.027
PPARD,m01,mut_s1,detail,1,182,DTUUXDIGBXNINJ-PKSOQXRJNA-N,-7.455
PPARD,m01,mut_s1,detail,1,183,FFDDOWCKFPDEPQ-KIYDBJNPNA-N,-9.951
PPARD,m01,mut_s1,detail,1,184,LFTDMBYAYYEBDL-XWYQMZBENA-N,-10.767
PPARD,m01,mut_s1,detail,1,185,VZFTWWJAUZOJDH-YANQHBGHNA-N,-9.074
PPARD,m01,mut_s1,detail,1,186,YNUOGMCLPCOTIC-UHFFFAOYNA-N,-8.88
PPARD,m01,mut_s1,detail,1,187,WDXONUYXRRUOAF-LELJVTLKNA-N,-8.256
PPARD,m01,mut_s1,detail,1,188,FWYUTSUWWZVOGD-UHFFFAOYNA-N,-8.142
PPARD,m01,mut_s1,detail,1,189,VMDJSIGZJOXSGC-UHFFFAOYNA-N,-9.087
PPARD,m01,mut_s1,detail,1,190,IIVPENRIUTZXCZ-DFVASWNCNA-N,-8.167
PPARD,m01,mut_s1,detail,1,191,HHKIXRJLSXZGIO-LBOYIXSDNA-N,-9.588
PPARD,m01,mut_s1,detail,1,192,VFCHPGXNLRROSP-UHFFFAOYNA-N,-9.404
PPARD,m01,mut_s1,detail,1,193,LQNMNFIDHADHQU-LQFNOIFHNA-N,-9.188
PPARD,m01,mut_s1,detail,1,194,DWCQXZSEATZNGJ-JXAWBTAJNA-N,-7.611
PPARD,m01,mut_s1,detail,1,195,XCFKTIVHIIOEHO-XRJCTRHONA-N,-10.017
PPARD,m01,mut_s1,detail,1,196,CTKVVCDWNBLQHQ-VJSLDGLSNA-N,-9.593
PPARD,m01,mut_s1,detail,1,197,SJEBTTUNLKKAEO-QFIPXVFZNA-N,-9.345
PPARD,m01,mut_s1,detail,1,198,VUVBMRFFLDJIKB-UHFFFAOYNA-N,-8.325
PPARD,m01,mut_s1,detail,1,199,CRDOCDKYXPCHRG-GMLXSZADNA-N,-9.885
PPARD,m01,mut_s1,detail,1,200,PTRAWPOMIAVCDX-NPZFWETONA-N,-9.824
PPARD,m01,mut_s1,detail,1,201,YPCVJZIGKJSYKB-XWQTZBKQNA-N,-10.251
PPARD,m01,mut_s1,detail,1,202,DDQUBMKKMCESIY-UHFFFAOYNA-N,-8.372
PPARD,m01,mut_s1,detail,1,203,QRBHMNKXVMROIF-UHFFFAOYNA-N,-9.875
PPARD,m01,mut_s1,detail,1,204,CSCOHEYTBLBQMG-SREBMQDQNA-N,-9.711
PPARD,m01,mut_s1,detail,1,205,FPRLMEVUSKOQRF-UHFFFAOYNA-N,-8.698
PPARD,m01,mut_s1,detail,1,206,VRUTXMQQNLYKSZ-SPEPDGBUNA-N,-9.711
PPARD,m01,mut_s1,detail,1,207,IFVIZWYRFUIABK-LKHHGCNMNA-N,-9.731
PPARD,m01,mut_s1,detail,1,208,BJSKDMOWRPAVMK-UHFFFAOYNA-N,-8.28
PPARD,m01,mut_s1,detail,1,209,AJDIYNONBYMZIF-ILOOJWFPNA-N,-10.84
PPARD,m01,mut_s1,detail,1,210,ABURDUMLEUCKOY-FYDYDPJYNA-N,-9.569
PPARD,m01,mut_s1,detail,1,211,ZXCSBCTVTJFLOZ-JUEKIJOLNA-N,-9.925
PPARD,m01,mut_s1,detail,1,212,SKVNACLQMJDJNT-JJFURXLTNA-N,-10.044
PPARD,m01,mut_s1,detail,1,213,OWDCBGQHUHBGKH-ODBASERBNA-N,-9.403
PPARD,m01,mut_s1,detail,1,214,RLXWTYPPMJNURK-LELJVTLKNA-N,-9.259
PPARD,m01,mut_s1,detail,1,215,LFFVXCIQPOOMOV-UHFFFAOYNA-N,-12.041
PPARD,m01,mut_s1,detail,1,216,ZFFOVIFFFSWOKF-PKRZOPRNNA-N,-11.553
PPARD,m01,mut_s1,detail,1,217,VVWGMEIQTOBDML-RDPOJNOENA-N,-9.334
PPARD,m01,mut_s1,detail,1,218,QAGLJDWYCCJEHH-IGBJZSFZNA-N,-9.651
PPARD,m01,mut_s1,detail,1,219,NFMSQLAKBDDECA-HXXFNXQYNA-N,-8.54
PPARD,m01,mut_s1,detail,1,220,RLKPYUHHHDBUKR-LKHHGCNMNA-N,-8.66
PPARD,m01,mut_s1,detail,1,221,FVGJPHFQQMQGFQ-PQVCHVPHNA-N,-10.701
PPARD,m01,mut_s1,detail,1,222,GGQXSFRJLUHOGQ-MDNXCRMFNA-N,-9.752
PPARD,m01,mut_s1,detail,1,223,LLLNQQOQHKAYHT-CSKMVECVNA-N,-10.236
PPARD,m01,mut_s1,detail,1,224,FTHKKKKNTGUTPA-NBVNDQADNA-N,-9.5
PPARD,m01,mut_s1,detail,1,225,BKYZARFJJFORLR-UHFFFAOYNA-N,-8.886
PPARD,m01,mut_s1,detail,1,226,XMHRXPMKDALTSG-YPBLIGHQNA-N,-10.113
PPARD,m01,mut_s1,detail,1,227,OVSPJLFXFWHQFE-HXTKINSTNA-N,-9.471
PPARD,m01,mut_s1,detail,1,228,SHBLCUUJYNQTSS-NRFANRHFNA-N,-9.494
PPARD,m01,mut_s1,detail,1,229,OHXYGRXPONZZPF-UHFFFAOYNA-N,-9.811
PPARD,m01,mut_s1,detail,1,230,XFOMWTKVHWXVRS-UHFFFAOYNA-N,-10.717
PPARD,m01,mut_s1,detail,1,231,HMPVPIRJMYFQCT-WXDRZTAENA-N,-8.691
PPARD,m01,mut_s1,detail,1,232,NRIQEFNHCJMSHL-UHFFFAOYNA-N,-10.743
PPARD,m01,mut_s1,detail,1,233,WQIKRJDLIIEKAG-WWXRYIHZNA-N,-10.052
PPARD,m01,mut_s1,detail,1,234,CQCKANIIWHCLDP-UHFFFAOYNA-N,-8.01
PPARD,m01,mut_s1,detail,1,235,QETNVWCEGLMMRQ-CXUYMYAGNA-N,-7.369
PPARD,m01,mut_s1,detail,1,236,MLYHNVDOBUQIID-NSJMMFDCNA-N,-10.274
PPARD,m01,mut_s1,detail,1,237,VBFOTEWTMOETMO-PECIQRARNA-N,-7.596
PPARD,m01,mut_s1,detail,1,238,NFSDYJKEOCQTKX-CYSPOYASNA-N,-8.022
PPARD,m01,mut_s1,detail,1,239,GZQHTWYWDSMEAW-UHFFFAOYNA-N,-8.659
PPARD,m01,mut_s1,detail,1,240,LZTXTKIYKWMRQJ-ZALBZXLWNA-N,-8.612
PPARD,m01,mut_s1,detail,1,241,YPDLHOCWYZLMQS-GFBXQOHCNA-N,-8.468
PPARD,m01,mut_s1,detail,1,242,FJUITIGQDNFRQI-UHFFFAOYNA-N,-7.619
PPARD,m01,mut_s1,detail,1,243,OHAIFIOFCXDBHP-NKTHEXPSNA-N,-8.007
PPARD,m01,mut_s1,detail,1,244,LSAXQHPWOGTFSG-UHFFFAOYNA-N,-8.185
PPARD,m01,mut_s1,detail,1,245,OENZVDXWLVYZJT-DHDJHLBQNA-N,-9.843
PPARD,m01,mut_s1,detail,1,246,UEOXIUXQBRDLJU-LBOYIXSDNA-N,-9.098
PPARD,m01,mut_s1,detail,1,247,YFYGWSCMDCTAKZ-MPIMZMORNA-N,-8.477
PPARD,m01,mut_s1,detail,1,248,AQHYVBHJINDJIW-UHFFFAOYNA-N,-8.557
PPARD,m01,mut_s1,detail,1,249,DBOAHQYVPCTALU-QBAQSEIJNA-N,-8.442
PPARD,m01,mut_s1,detail,1,250,NRMRHCTVBLZOIE-PJQSKVNONA-N,-9.098
PPARD,m01,mut_s1,detail,1,251,CGHADMRBCNGDHX-UOUKHUKPNA-N,-11.5
PPARD,m01,mut_s1,detail,1,252,DDZBRJBYGLTADL-TZFBGDORNA-N,-7.827
PPARD,m01,mut_s1,detail,1,253,LOIPDGFJRKDXSJ-UHFFFAOYNA-N,-8.396
PPARD,m01,mut_s1,detail,1,254,VBQAIJHAPZFIRO-MOQCICHVNA-N,-8.741
PPARD,m01,mut_s1,detail,1,255,YPVDZKHCFQJIDP-UHFFFAOYNA-N,-10.383
PPARD,m02,mut_s1,detail,1,0,IFHZOGDEYHFNQO-PKSOQXRJNA-N,-9.737
PPARD,m02,mut_s1,detail,1,1,PZDDADWKMMNNHC-UHFFFAOYNA-N,-6.896
PPARD,m02,mut_s1,detail,1,2,BUEYTYZOCKWHHR-UHFFFAOYNA-N,-6.958
PPARD,m02,mut_s1,detail,1,3,URXMTXGGQRBQQC-LNZJGEAENA-N,-6.363
PPARD,m02,mut_s1,detail,1,4,NNVZANSRDHCDLK-UHFFFAOYNA-N,-8.524
PPARD,m02,mut_s1,detail,1,5,YCVTUSIXNJAXKA-UHFFFAOYNA-N,-8.258
PPARD,m02,mut_s1,detail,1,6,YLQOELRYUQBERL-YHMJCDSINA-N,-6.548
PPARD,m02,mut_s1,detail,1,7,XIOYZAUVDJKWCL-UHFFFAOYNA-N,-9.009
PPARD,m02,mut_s1,detail,1,8,NYBRKCCEVRSDNF-UHFFFAOYNA-N,-8.721
PPARD,m02,mut_s1,detail,1,9,HOWDUDRRYYVTNY-NDKGDYFDNA-N,-7.413
PPARD,m02,mut_s1,detail,1,10,RVRIAONMWINUPS-GPQMBLKYNA-N,-6.772
PPARD,m02,mut_s1,detail,1,11,UVVPLBQLDVTPSL-RVQYIEHVNA-N,-6.148
PPARD,m02,mut_s1,detail,1,12,AXXXFCGETBIMKI-UHFFFAOYNA-N,-7.755
PPARD,m02,mut_s1,detail,1,13,RBMUBAYHBUBLMR-NKWLYDBFNA-N,-8.294
PPARD,m02,mut_s1,detail,1,14,BTIHIHBWVGQIIQ-UHFFFAOYNA-N,-7.59
PPARD,m02,mut_s1,detail,1,15,ACAOHWOPNZHWAF-WNVDMVQFNA-N,-8.328
PPARD,m02,mut_s1,detail,1,16,VEFTYKZXVJQBER-ZHLVXTBQNA-N,-6.675
PPARD,m02,mut_s1,detail,1,17,QBQDUEWXIOEVKT-UYBDAZJANA-N,-9.031
PPARD,m02,mut_s1,detail,1,18,KRGQOKCRZMRVRH-UHFFFAOYNA-N,-6.189
PPARD,m02,mut_s1,detail,1,19,YXGMBGNPGWDLBJ-WYUMXYHSNA-N,-7.622
PPARD,m02,mut_s1,detail,1,20,LHQICPSUYGARIS-UHFFFAOYNA-N,-8.287
PPARD,m02,mut_s1,detail,1,21,ZXVNJVRABSCRGU-GPQMBLKYNA-N,-8.079
PPARD,m02,mut_s1,detail,1,22,TYXGDELQOONTQQ-DQDSCPLDNA-N,-8.583
PPARD,m02,mut_s1,detail,1,23,FMDKDGDDTIJRQT-WRCMMWDQNA-N,-7.353
PPARD,m02,mut_s1,detail,1,24,DXLLFVXDQQMGGM-LILDFLRNNA-N,-7.267
PPARD,m02,mut_s1,detail,1,25,RCFHJSCTPLCRAN-UHFFFAOYNA-N,-8.228
PPARD,m02,mut_s1,detail,1,26,LOIKOLAEHONJTE-KARVIEMNNA-N,-8.521
PPARD,m02,mut_s1,detail,1,27,ZBEDJPDEINGEHM-UHFFFAOYNA-N,-5.974
PPARD,m02,mut_s1,detail,1,28,PKHXJWYQMRFPTR-LILDFLRNNA-N,-7.988
PPARD,m02,mut_s1,detail,1,29,DGFWWFXFIZOMRX-WXRBYKJCNA-N,-6.464
PPARD,m02,mut_s1,detail,1,30,NDEDMCKHRVZXGD-VEWCPZSHNA-N,-8.028
PPARD,m02,mut_s1,detail,1,31,UPOCYXRXSNRNNU-UHFFFAOYNA-N,-8.261
PPARD,m02,mut_s1,detail,1,32,UGLPVHLKYTWQRV-UHFFFAOYNA-N,-7.57
PPARD,m02,mut_s1,detail,1,33,VEBIFNQLJFTSLJ-GPQMBLKYNA-N,-8.004
PPARD,m02,mut_s1,detail,1,34,FZGYMZTVBMODJR-GUYCJALGNA-N,-8.363
PPARD,m02,mut_s1,detail,1,35,XVAMDQGNCAYOLZ-CMNYYERHNA-N,-7.558
PPARD,m02,mut_s1,detail,1,36,MRHCSNNEUHXNIC-DLGLGFIGNA-N,-7.839
PPARD,m02,mut_s1,detail,1,37,QXSUNGXUTAFLCR-HCKMINDGNA-N,-8.372
PPARD,m02,mut_s1,detail,1,38,BTUZBQRUTGYGSI-SAAHQOFTNA-N,-7.835
PPARD,m02,mut_s1,detail,1,39,TTYMNRMJLOVQEL-UHFFFAOYNA-N,-7.5
PPARD,m02,mut_s1,detail,1,40,IVQOCTZDCXKGHW-UHFFFAOYNA-N,-7.65
PPARD,m02,mut_s1,detail,1,41,SRWKAZSWOPMZLA-WYUMXYHSNA-N,-7.443
PPARD,m02,mut_s1,detail,1,42,QPEDEGUPTWDSJM-UHFFFAOYNA-N,-8.717
PPARD,m02,mut_s1,detail,1,43,ISYYCVGFJSIOIJ-UHFFFAOYNA-N,-6.693
PPARD,m02,mut_s1,detail,1,44,MTUZLFBKKNTLNL-YHMJCDSINA-N,-7.183
PPARD,m02,mut_s1,detail,1,45,JOFJZXKVGWGQRQ-UHFFFAOYNA-N,-6.071
PPARD,m02,mut_s1,detail,1,46,KOHAFBWLWQFBFU-UHFFFAOYNA-N,-7.829
PPARD,m02,mut_s1,detail,1,47,YHDLLKNPVWVCGF-UHFFFAOYNA-N,-8.404
PPARD,m02,mut_s1,detail,1,48,KIRJGAMLMFQPIX-LILDFLRNNA-N,-9.678
PPARD,m02,mut_s1,detail,1,49,MIUGSXDNQICPKY-AHPDCHJINA-N,-7.092
PPARD,m02,mut_s1,detail,1,50,NCQYFKGTEDNHPE-GPQMBLKYNA-N,-9.415
PPARD,m02,mut_s1,detail,1,51,OILQEGDAOXVJJG-UHFFFAOYNA-N,-8.205
PPARD,m02,mut_s1,detail,1,52,KMZMSABQJYKKBU-UHFFFAOYNA-N,-7.455
PPARD,m02,mut_s1,detail,1,53,ODNAHSRJQUKZJC-UHFFFAOYNA-N,-7.554
PPARD,m02,mut_s1,detail,1,54,WBXGNUJDIOVVDS-GPQMBLKYNA-N,-8.485
PPARD,m02,mut_s1,detail,1,55,KGFVHZKXNIFXQC-XQMQJMAZNA-N,-7.691
PPARD,m02,mut_s1,detail,1,56,ZGDACLBJJXLKJY-UHFFFAOYNA-N,-7.532
PPARD,m02,mut_s1,detail,1,57,ODQASWLALUMZKF-UHFFFAOYNA-N,-8.454
PPARD,m02,mut_s1,detail,1,58,HEAFXLZWNUOLNQ-UHFFFAOYNA-N,-8.143
PPARD,m02,mut_s1,detail,1,59,GDJPLZYPNHEBBO-GAJRPKRDNA-N,-7.129
PPARD,m02,mut_s1,detail,1,60,KZNIFHPLKGYRTM-UHFFFAOYNA-N,-7.637
PPARD,m02,mut_s1,detail,1,61,XCNLTPWPUBZVTB-WUKNDPDINA-N,-7.611
PPARD,m02,mut_s1,detail,1,62,UJJQDGSLGZZHPE-VEWCPZSHNA-N,-7.808
PPARD,m02,mut_s1,detail,1,63,KUDKBYQDLXZYQT-YAQRNVERNA-N,-7.289
PPARD,m02,mut_s1,detail,1,64,XZDKQJKAVDHUJN-UHFFFAOYNA-N,-9.283
PPARD,m02,mut_s1,detail,1,65,PIHCOUNEIQIOLH-UYBDAZJANA-N,-8.366
PPARD,m02,mut_s1,detail,1,66,FTVJNPIOPFNKML-GPQMBLKYNA-N,-7.84
PPARD,m02,mut_s1,detail,1,67,HHYDNYVAHAHWJL-UHFFFAOYNA-N,-6.318
PPARD,m02,mut_s1,detail,1,68,MXABEVYDQHVOES-NSHDSACANA-N,-8.186
PPARD,m02,mut_s1,detail,1,69,ONNIOMOHOZUMKS-YGZLFCMANA-N,-8.119
PPARD,m02,mut_s1,detail,1,70,DQLGXAYUAURASJ-XXTDWMNGNA-N,-10.306
PPARD,m02,mut_s1,detail,1,71,QGKGHRAWZIKZRJ-WYUMXYHSNA-N,-7.769
PPARD,m02,mut_s1,detail,1,72,JWCQSDFAPBNHSM-UHFFFAOYNA-N,-8.615
PPARD,m02,mut_s1,detail,1,73,RNSJXWMAYUTWOI-UHFFFAOYNA-N,-8.485
PPARD,m02,mut_s1,detail,1,74,AKOOSRNDNZPJNL-PKSOQXRJNA-N,-9.46
PPARD,m02,mut_s1,detail,1,75,BFENEDRNBGYKMO-OTJKMEOQNA-N,-7.685
PPARD,m02,mut_s1,detail,1,76,RULIAUGJMVIUMH-QWOVJGMINA-N,-8.296
PPARD,m02,mut_s1,detail,1,77,VHAIHOXTBBWMRC-LILDFLRNNA-N,-7.146
PPARD,m02,mut_s1,detail,1,78,MMWVUKRVNHSCOU-XWVGVUDUNA-N,-8.299
PPARD,m02,mut_s1,detail,1,79,VEUYFZWVWBJLBT-LILDFLRNNA-N,-6.634
PPARD,m02,mut_s1,detail,1,80,UEVUVZKOTQNFQQ-UHFFFAOYNA-N,-8.76
PPARD,m02,mut_s1,detail,1,81,AVUDBVVAYWAMLJ-UHFFFAOYNA-N,-8.918
PPARD,m02,mut_s1,detail,1,82,BQVDJEOYDDRFHV-UHFFFAOYNA-N,-6.859
PPARD,m02,mut_s1,detail,1,83,RJDWHDCXBZVKHF-UHFFFAOYNA-N,-9.546
PPARD,m02,mut_s1,detail,1,84,UUIYULWYHDSXHL-YREUQKFVNA-N,-8.25
PPARD,m02,mut_s1,detail,1,85,KSVYPWJPODFWFB-MHWRWJLKNA-N,-9.951
PPARD,m02,mut_s1,detail,1,86,YTOTVFWYSYGJKJ-MPIMZMORNA-N,-8.721
PPARD,m02,mut_s1,detail,1,87,LDEBHGWOYJCQTG-SFHVURJKNA-N,-7.951
PPARD,m02,mut_s1,detail,1,88,NXBTXYMTUUWSCC-XBTAAFKLNA-N,-9.302
PPARD,m02,mut_s1,detail,1,89,HRLJAEIRFSEJAW-UHFFFAOYNA-N,-8.527
PPARD,m02,mut_s1,detail,1,90,HROYNIXUIVDQJH-UHFFFAOYNA-N,-8.539
PPARD,m02,mut_s1,detail,1,91,BYXXTGCOSOYREY-QWOVJGMINA-N,-8.893
PPARD,m02,mut_s1,detail,1,92,AWXVIXMNAQQCCZ-OEMYIYORNA-N,-8.1
PPARD,m02,mut_s1,detail,1,93,PVTHJAPFENJVNC-ANRNRNKZNA-N,-6.838
PPARD,m02,mut_s1,detail,1,94,IMPAUHAIMHCPEJ-PKSOQXRJNA-N,-9.411
PPARD,m02,mut_s1,detail,1,95,SLOJERRRBYNXAR-NPQUBYNZNA-N,-8.916
PPARD,m02,mut_s1,detail,1,96,YWBJCOHEBDEQDR-PKSOQXRJNA-N,-7.839
PPARD,m02,mut_s1,detail,1,97,WWRBDTKNUXAXRR-XAVYIPQLNA-O,-8.065
PPARD,m02,mut_s1,detail,1,98,HBERTCHGBHHVDT-LILDFLRNNA-N,-9.426
PPARD,m02,mut_s1,detail,1,99,BXKUVDXLHUBVPA-ZWQIFLOQNA-N,-6.006
PPARD,m02,mut_s1,detail,1,100,WBWFIUAVMCNYPG-FPLPWBNLNA-N,-8.345
PPARD,m02,mut_s1,detail,1,101,VRWIFQNGGPFLST-UYBDAZJANA-N,-8.436
PPARD,m02,mut_s1,detail,1,102,JTAPVIPBGIDRDE-UHFFFAOYNA-N,-9.765
PPARD,m02,mut_s1,detail,1,103,HBTCLXRQQIHFQB-GDEMPAQCNA-N,-7.537
PPARD,m02,mut_s1,detail,1,104,DXJSFQXIPUHFQK-QWOVJGMINA-N,-7.757
PPARD,m02,mut_s1,detail,1,105,RBEMVAFKFYHQIB-UYBDAZJANA-N,-9.074
PPARD,m02,mut_s1,detail,1,106,QEKAHUYYWSNHDY-DZQCGVKKNA-N,-8.1
PPARD,m02,mut_s1,detail,1,107,RCSUTAOLFYVOEE-UHFFFAOYNA-N,-8.855
PPARD,m02,mut_s1,detail,1,108,MYBUANZGRGNVPO-YSPVQWMYNA-N,-8.205
PPARD,m02,mut_s1,detail,1,109,UIQCZMYFTSFLPQ-LQFNOIFHNA-N,-9.398
PPARD,m02,mut_s1,detail,1,110,QRMYORHEAHTJBC-GPQMBLKYNA-N,-8.679
PPARD,m02,mut_s1,detail,1,111,CPYTXWFFFQKUDP-QFAGIUQONA-N,-8.483
PPARD,m02,mut_s1,detail,1,112,DCIAJQYVIKONRS-QWOVJGMINA-N,-8.893
PPARD,m02,mut_s1,detail,1,113,ZMMGBIJMLCNSOV-PKSOQXRJNA-N,-7.99
PPARD,m02,mut_s1,detail,1,114,MRFDGPBJIFXZIT-NPQUBYNZNA-N,-9.442
PPARD,m02,mut_s1,detail,1,115,KANCHOKOTXNDQH-NVQSQQPGNA-N,-7.924
PPARD,m02,mut_s1,detail,1,116,SOAWEEUOPZCBSN-UHFFFAOYNA-N,-9.987
PPARD,m02,mut_s1,detail,1,117,BHXYDHWPQIADCG-HZFZDWCWNA-N,-7.666
PPARD,m02,mut_s1,detail,1,118,LVIWVNDQNUSMMV-LILDFLRNNA-N,-7.115
PPARD,m02,mut_s1,detail,1,119,UBAMGTKSOKGECF-UHFFFAOYNA-N,-7.264
PPARD,m02,mut_s1,detail,1,120,YSVHPRBZNNADQG-UHFFFAOYNA-N,-7.209
PPARD,m02,mut_s1,detail,1,121,IXZAZBWJQHWVHS-QVUQFMIFNA-N,-8.862
PPARD,m02,mut_s1,detail,1,122,NILCXRPLMSLFEG-HQHQJUQONA-N,-7.571
PPARD,m02,mut_s1,detail,1,123,HRNRRPMOOJUJLK-QWOVJGMINA-N,-9.723
PPARD,m02,mut_s1,detail,1,124,OLSXSUXZOLBVQZ-QVUQFMIFNA-N,-8.677
PPARD,m02,mut_s1,detail,1,125,XZMGFGHEVBEPKS-UHFFFAOYNA-N,-9.74
PPARD,m02,mut_s1,detail,1,126,MNLBKBCAEFZATB-UHFFFAOYNA-N,-7.79
PPARD,m02,mut_s1,detail,1,127,NNTZETQYCAZKJF-UYBDAZJANA-N,-9.77
PPARD,m02,mut_s1,detail,1,128,AKEDBCQYOCYZDX-PLBWUZGSNA-N,-8.804
PPARD,m02,mut_s1,detail,1,129,HCXOEHYNUWUKAG-UHFFFAOYNA-N,-9.185
PPARD,m02,mut_s1,detail,1,130,CWKHWSAMAAAUEN-UYBDAZJANA-N,-8.322
PPARD,m02,mut_s1,detail,1,131,VMZWELQEDXUUJX-HXTKINSTNA-N,-7.378
PPARD,m02,mut_s1,detail,1,132,PCMOPVSFMUOUFR-OAQYLSRUNA-N,-8.45
PPARD,m02,mut_s1,detail,1,133,POFKEPXNJQGIOB-DIRLUKLVNA-N,-10.857
PPARD,m02,mut_s1,detail,1,134,GQNKLNZBZDEAMD-VQHCSMNLNA-N,-10.227
PPARD,m02,mut_s1,detail,1,135,COFQAKCKCHDGNW-ZXWGSDNONA-N,-8.57
PPARD,m02,mut_s1,detail,1,136,XURFWWBVADUSQL-LNNLXFCONA-N,-10.762
PPARD,m02,mut_s1,detail,1,137,LBDHNFPYMBLBSB-CLCOLTQENA-N,-7.337
PPARD,m02,mut_s1,detail,1,138,QKIJTUQIQQZCIX-UYBDAZJANA-N,-8.819
PPARD,m02,mut_s1,detail,1,139,UXLJJGBAQOYQMV-UHFFFAOYNA-N,-9.3
PPARD,m02,mut_s1,detail,1,140,WQAWGOAEJJIYFP-DEOSSOPVNA-N,-8.648
PPARD,m02,mut_s1,detail,1,141,MBNPYPWQYGHCTB-UHFFFAOYNA-N,-8.972
PPARD,m02,mut_s1,detail,1,142,XAYHBRQVRJQCAH-PKSOQXRJNA-N,-8.057
PPARD,m02,mut_s1,detail,1,143,GNTOXDIONQLPFR-CXUHLZMHNA-N,-8.662
PPARD,m02,mut_s1,detail,1,144,RIVKJCNOYQAWOL-VCZDBIKCNA-N,-9.318
PPARD,m02,mut_s1,detail,1,145,LRRFROMGHKZMSA-PKRZOPRNNA-N,-11.706
PPARD,m02,mut_s1,detail,1,146,HWUKVYPOCLJTSN-RJJUGOMSNA-N,-8.922
PPARD,m02,mut_s1,detail,1,147,JAQNENPDJAEDSC-UHFFFAOYNA-N,-8.623
PPARD,m02,mut_s1,detail,1,148,ZYQCCRUKVDVTJE-ZUOKHONENA-N,-7.051
PPARD,m02,mut_s1,detail,1,149,UUWCZQYGBSUBRG-SPEPDGBUNA-N,-10.857
PPARD,m02,mut_s1,detail,1,150,KNGPIEIQVMOPHJ-PKSOQXRJNA-N,-8.154
PPARD,m02,mut_s1,detail,1,151,CTDCFVMSXQQWDC-HXTKINSTNA-N,-9.384
PPARD,m02,mut_s1,detail,1,152,AELMMQNCWIYZED-UHFFFAOYNA-N,-9.177
PPARD,m02,mut_s1,detail,1,153,BTBRAURMAUKXDM-UHFFFAOYNA-N,-8.231
PPARD,m02,mut_s1,detail,1,154,DWAPJEYUYKZUPW-UYBDAZJANA-N,-9.562
PPARD,m02,mut_s1,detail,1,155,MTWNFHPRKAIWJY-LQFNOIFHNA-N,-9.828
PPARD,m02,mut_s1,detail,1,156,XMOFGSWSGOXFPP-MPIMZMORNA-N,-8.703
PPARD,m02,mut_s1,detail,1,157,VVSBVXXITLYIIA-CKFYMFOVNA-N,-9.363
PPARD,m02,mut_s1,detail,1,158,GAXPVNSBLNNWCZ-PSHYBUTQNA-N,-7.834
PPARD,m02,mut_s1,detail,1,159,XDYREIZGNBPMPJ-IBGZPJMENA-N,-8.298
PPARD,m02,mut_s1,detail,1,160,WITBRHUYBFKPOL-MPIMZMORNA-N,-8.229
PPARD,m02,mut_s1,detail,1,161,IBIQKJHXTSLLBQ-PKRZOPRNNA-N,-9.555
PPARD,m02,mut_s1,detail,1,162,VLUGXHSPLMSNET-LNNLXFCONA-N,-9.938
PPARD,m02,mut_s1,detail,1,163,IEQABWYSQBHOMM-UHFFFAOYNA-N,-8.593
PPARD,m02,mut_s1,detail,1,164,FWLMJHGQRXWNIS-UHFFFAOYNA-N,-9.509
PPARD,m02,mut_s1,detail,1,165,RZJWOMPOSAPIJL-LQFNOIFHNA-N,-8.641
PPARD,m02,mut_s1,detail,1,166,ZUMDOGBUKHTCOC-CWWQGPJMNA-N,-9.992
PPARD,m02,mut_s1,detail,1,167,ANZGKDRXGOPIJA-QWOVJGMINA-N,-7.705
PPARD,m02,mut_s1,detail,1,168,QUISVMJELRRHAG-UHFFFAOYNA-N,-9.039
PPARD,m02,mut_s1,detail,1,169,XZFCGNQJCGTXNQ-ZVHZXABRNA-N,-8.862
PPARD,m02,mut_s1,detail,1,170,UGPWOMSWEMIIJH-UHFFFAOYNA-N,-9.297
PPARD,m02,mut_s1,detail,1,171,WGMQZHYPIKBUML-LQFNOIFHNA-N,-7.766
PPARD,m02,mut_s1,detail,1,172,HPNLHDILXMKRJE-UHFFFAOYNA-N,-8.293
PPARD,m02,mut_s1,detail,1,173,AQBHPXSDFXKHIG-LELJVTLKNA-N,-8.607
PPARD,m02,mut_s1,detail,1,174,BHPSGEAUUZMDDL-QFIPXVFZNA-N,-10.531
PPARD,m02,mut_s1,detail,1,175,RHMDXGNHLMFANS-XBXBPLPCNA-N,-8.63
PPARD,m02,mut_s1,detail,1,176,HZXUSKDOXPOMIW-PKSOQXRJNA-N,-7.866
PPARD,m02,mut_s1,detail,1,177,QBBIMTGZZXPUPY-UHFFFAOYNA-N,-9.988
PPARD,m02,mut_s1,detail,1,178,FAALFCIDNMPXJU-LNNLXFCONA-N,-10.403
PPARD,m02,mut_s1,detail,1,179,UEGWFDMCEAIRSE-DVIAZDKANA-N,-8.991
PPARD,m02,mut_s1,detail,1,180,QATBWONTRXXCBE-UHFFFAOYNA-N,-8.251
PPARD,m02,mut_s1,detail,1,181,IEWZULBPMDXTLX-LQFNOIFHNA-N,-10.62
PPARD,m02,mut_s1,detail,1,182,DTUUXDIGBXNINJ-PKSOQXRJNA-N,-7.552
PPARD,m02,mut_s1,detail,1,183,FFDDOWCKFPDEPQ-KIYDBJNPNA-N,-9.643
PPARD,m02,mut_s1,detail,1,184,LFTDMBYAYYEBDL-XWYQMZBENA-N,-9.962
PPARD,m02,mut_s1,detail,1,185,VZFTWWJAUZOJDH-YANQHBGHNA-N,-8.878
PPARD,m02,mut_s1,detail,1,186,YNUOGMCLPCOTIC-UHFFFAOYNA-N,-9.057
PPARD,m02,mut_s1,detail,1,187,WDXONUYXRRUOAF-LELJVTLKNA-N,-8.905
PPARD,m02,mut_s1,detail,1,188,FWYUTSUWWZVOGD-UHFFFAOYNA-N,-8.265
PPARD,m02,mut_s1,detail,1,189,VMDJSIGZJOXSGC-UHFFFAOYNA-N,-8.66
PPARD,m02,mut_s1,detail,1,190,IIVPENRIUTZXCZ-DFVASWNCNA-N,-8.338
PPARD,m02,mut_s1,detail,1,191,HHKIXRJLSXZGIO-LBOYIXSDNA-N,-9.462
PPARD,m02,mut_s1,detail,1,192,VFCHPGXNLRROSP-UHFFFAOYNA-N,-9.684
PPARD,m02,mut_s1,detail,1,193,LQNMNFIDHADHQU-LQFNOIFHNA-N,-9.189
PPARD,m02,mut_s1,detail,1,194,DWCQXZSEATZNGJ-JXAWBTAJNA-N,-7.45
PPARD,m02,mut_s1,detail,1,195,XCFKTIVHIIOEHO-XRJCTRHONA-N,-9.915
PPARD,m02,mut_s1,detail,1,196,CTKVVCDWNBLQHQ-VJSLDGLSNA-N,-9.187
PPARD,m02,mut_s1,detail,1,197,SJEBTTUNLKKAEO-QFIPXVFZNA-N,-9.975
PPARD,m02,mut_s1,detail,1,198,VUVBMRFFLDJIKB-UHFFFAOYNA-N,-7.604
PPARD,m02,mut_s1,detail,1,199,CRDOCDKYXPCHRG-GMLXSZADNA-N,-9.19
PPARD,m02,mut_s1,detail,1,200,PTRAWPOMIAVCDX-NPZFWETONA-N,-10.296
PPARD,m02,mut_s1,detail,1,201,YPCVJZIGKJSYKB-XWQTZBKQNA-N,-10.179
PPARD,m02,mut_s1,detail,1,202,DDQUBMKKMCESIY-UHFFFAOYNA-N,-9.417
PPARD,m02,mut_s1,detail,1,203,QRBHMNKXVMROIF-UHFFFAOYNA-N,-10.011
PPARD,m02,mut_s1,detail,1,204,CSCOHEYTBLBQMG-SREBMQDQNA-N,-9.894
PPARD,m02,mut_s1,detail,1,205,FPRLMEVUSKOQRF-UHFFFAOYNA-N,-9.08
PPARD,m02,mut_s1,detail,1,206,VRUTXMQQNLYKSZ-SPEPDGBUNA-N,-10.104
PPARD,m02,mut_s1,detail,1,207,IFVIZWYRFUIABK-LKHHGCNMNA-N,-10.768
PPARD,m02,mut_s1,detail,1,208,BJSKDMOWRPAVMK-UHFFFAOYNA-N,-7.997
PPARD,m02,mut_s1,detail,1,209,AJDIYNONBYMZIF-ILOOJWFPNA-N,-10.1
PPARD,m02,mut_s1,detail,1,210,ABURDUMLEUCKOY-FYDYDPJYNA-N,-9.776
PPARD,m02,mut_s1,detail,1,211,ZXCSBCTVTJFLOZ-JUEKIJOLNA-N,-9.883
PPARD,m02,mut_s1,detail,1,212,SKVNACLQMJDJNT-JJFURXLTNA-N,-9.776
PPARD,m02,mut_s1,detail,1,213,OWDCBGQHUHBGKH-ODBASERBNA-N,-9.082
PPARD,m02,mut_s1,detail,1,214,RLXWTYPPMJNURK-LELJVTLKNA-N,-9.288
PPARD,m02,mut_s1,detail,1,215,LFFVXCIQPOOMOV-UHFFFAOYNA-N,-12.18
PPARD,m02,mut_s1,detail,1,216,ZFFOVIFFFSWOKF-PKRZOPRNNA-N,-11.86
PPARD,m02,mut_s1,detail,1,217,VVWGMEIQTOBDML-RDPOJNOENA-N,-8.744
PPARD,m02,mut_s1,detail,1,218,QAGLJDWYCCJEHH-IGBJZSFZNA-N,-9.366
PPARD,m02,mut_s1,detail,1,219,NFMSQLAKBDDECA-HXXFNXQYNA-N,-8.868
PPARD,m02,mut_s1,detail,1,220,RLKPYUHHHDBUKR-LKHHGCNMNA-N,-8.507
PPARD,m02,mut_s1,detail,1,221,FVGJPHFQQMQGFQ-PQVCHVPHNA-N,-11.305
PPARD,m02,mut_s1,detail,1,222,GGQXSFRJLUHOGQ-MDNXCRMFNA-N,-10.239
PPARD,m02,mut_s1,detail,1,223,LLLNQQOQHKAYHT-CSKMVECVNA-N,-10.951
PPARD,m02,mut_s1,detail,1,224,FTHKKKKNTGUTPA-NBVNDQADNA-N,-10.862
PPARD,m02,mut_s1,detail,1,225,BKYZARFJJFORLR-UHFFFAOYNA-N,-8.995
PPARD,m02,mut_s1,detail,1,226,XMHRXPMKDALTSG-YPBLIGHQNA-N,-8.633
PPARD,m02,mut_s1,detail,1,227,OVSPJLFXFWHQFE-HXTKINSTNA-N,-9.069
PPARD,m02,mut_s1,detail,1,228,SHBLCUUJYNQTSS-NRFANRHFNA-N,-10.361
PPARD,m02,mut_s1,detail,1,229,OHXYGRXPONZZPF-UHFFFAOYNA-N,-9.413
PPARD,m02,mut_s1,detail,1,230,XFOMWTKVHWXVRS-UHFFFAOYNA-N,-10.877
PPARD,m02,mut_s1,detail,1,231,HMPVPIRJMYFQCT-WXDRZTAENA-N,-8.529
PPARD,m02,mut_s1,detail,1,232,NRIQEFNHCJMSHL-UHFFFAOYNA-N,-11.77
PPARD,m02,mut_s1,detail,1,233,WQIKRJDLIIEKAG-WWXRYIHZNA-N,-10.177
PPARD,m02,mut_s1,detail,1,234,CQCKANIIWHCLDP-UHFFFAOYNA-N,-7.828
PPARD,m02,mut_s1,detail,1,235,QETNVWCEGLMMRQ-CXUYMYAGNA-N,-8.071
PPARD,m02,mut_s1,detail,1,236,MLYHNVDOBUQIID-NSJMMFDCNA-N,-10.051
PPARD,m02,mut_s1,detail,1,237,VBFOTEWTMOETMO-PECIQRARNA-N,-8.572
PPARD,m02,mut_s1,detail,1,238,NFSDYJKEOCQTKX-CYSPOYASNA-N,-9.226
PPARD,m02,mut_s1,detail,1,239,GZQHTWYWDSMEAW-UHFFFAOYNA-N,-8.764
PPARD,m02,mut_s1,detail,1,240,LZTXTKIYKWMRQJ-ZALBZXLWNA-N,-8.653
PPARD,m02,mut_s1,detail,1,241,YPDLHOCWYZLMQS-GFBXQOHCNA-N,-8.693
PPARD,m02,mut_s1,detail,1,242,FJUITIGQDNFRQI-UHFFFAOYNA-N,-8.336
PPARD,m02,mut_s1,detail,1,243,OHAIFIOFCXDBHP-NKTHEXPSNA-N,-8.318
PPARD,m02,mut_s1,detail,1,244,LSAXQHPWOGTFSG-UHFFFAOYNA-N,-9.259
PPARD,m02,mut_s1,detail,1,245,OENZVDXWLVYZJT-DHDJHLBQNA-N,-9.319
PPARD,m02,mut_s1,detail,1,246,UEOXIUXQBRDLJU-LBOYIXSDNA-N,-9.077
PPARD,m02,mut_s1,detail,1,247,YFYGWSCMDCTAKZ-MPIMZMORNA-N,-8.242
PPARD,m02,mut_s1,detail,1,248,AQHYVBHJINDJIW-UHFFFAOYNA-N,-7.084
PPARD,m02,mut_s1,detail,1,249,DBOAHQYVPCTALU-QBAQSEIJNA-N,-8.862
PPARD,m02,mut_s1,detail,1,250,NRMRHCTVBLZOIE-PJQSKVNONA-N,-8.818
PPARD,m02,mut_s1,detail,1,251,CGHADMRBCNGDHX-UOUKHUKPNA-N,-10.988
PPARD,m02,mut_s1,detail,1,252,DDZBRJBYGLTADL-TZFBGDORNA-N,-9.772
PPARD,m02,mut_s1,detail,1,253,LOIPDGFJRKDXSJ-UHFFFAOYNA-N,-9.169
PPARD,m02,mut_s1,detail,1,254,VBQAIJHAPZFIRO-MOQCICHVNA-N,-9.419
PPARD,m02,mut_s1,detail,1,255,YPVDZKHCFQJIDP-UHFFFAOYNA-N,-10.452
PPARD,m03,mut_s1,detail,1,0,IFHZOGDEYHFNQO-PKSOQXRJNA-N,-9.389
PPARD,m03,mut_s1,detail,1,1,PZDDADWKMMNNHC-UHFFFAOYNA-N,-7.158
PPARD,m03,mut_s1,detail,1,2,BUEYTYZOCKWHHR-UHFFFAOYNA-N,-7.076
PPARD,m03,mut_s1,detail,1,3,URXMTXGGQRBQQC-LNZJGEAENA-N,-6.516
PPARD,m03,mut_s1,detail,1,4,NNVZANSRDHCDLK-UHFFFAOYNA-N,-8.832
PPARD,m03,mut_s1,detail,1,5,YCVTUSIXNJAXKA-UHFFFAOYNA-N,-6.909
PPARD,m03,mut_s1,detail,1,6,YLQOELRYUQBERL-YHMJCDSINA-N,-6.711
PPARD,m03,mut_s1,detail,1,7,XIOYZAUVDJKWCL-UHFFFAOYNA-N,-8.737
PPARD,m03,mut_s1,detail,1,8,NYBRKCCEVRSDNF-UHFFFAOYNA-N,-8.848
PPARD,m03,mut_s1,detail,1,9,HOWDUDRRYYVTNY-NDKGDYFDNA-N,-7.608
PPARD,m03,mut_s1,detail,1,10,RVRIAONMWINUPS-GPQMBLKYNA-N,-7.572
PPARD,m03,mut_s1,detail,1,11,UVVPLBQLDVTPSL-RVQYIEHVNA-N,-5.985
PPARD,m03,mut_s1,detail,1,12,AXXXFCGETBIMKI-UHFFFAOYNA-N,-7.134
PPARD,m03,mut_s1,detail,1,13,RBMUBAYHBUBLMR-NKWLYDBFNA-N,-8.211
PPARD,m03,mut_s1,detail,1,14,BTIHIHBWVGQIIQ-UHFFFAOYNA-N,-7.714
PPARD,m03,mut_s1,detail,1,15,ACAOHWOPNZHWAF-WNVDMVQFNA-N,-8.358
PPARD,m03,mut_s1,detail,1,16,VEFTYKZXVJQBER-ZHLVXTBQNA-N,-6.635
PPARD,m03,mut_s1,detail,1,17,QBQDUEWXIOEVKT-UYBDAZJANA-N,-9.268
PPARD,m03,mut_s1,detail,1,18,KRGQOKCRZMRVRH-UHFFFAOYNA-N,-6.195
PPARD,m03,mut_s1,detail,1,19,YXGMBGNPGWDLBJ-WYUMXYHSNA-N,-7.436
PPARD,m03,mut_s1,detail,1,20,LHQICPSUYGARIS-UHFFFAOYNA-N,-8.786
PPARD,m03,mut_s1,detail,1,21,ZXVNJVRABSCRGU-GPQMBLKYNA-N,-8.473
PPARD,m03,mut_s1,detail,1,22,TYXGDELQOONTQQ-DQDSCPLDNA-N,-8.098
PPARD,m03,mut_s1,detail,1,23,FMDKDGDDTIJRQT-WRCMMWDQNA-N,-7.337
PPARD,m03,mut_s1,detail,1,24,DXLLFVXDQQMGGM-LILDFLRNNA-N,-8.097
PPARD,m03,mut_s1,detail,1,25,RCFHJSCTPLCRAN-UHFFFAOYNA-N,-8.231
PPARD,m03,mut_s1,detail,1,26,LOIKOLAEHONJTE-KARVIEMNNA-N,-8.395
PPARD,m03,mut_s1,detail,1,27,ZBEDJPDEINGEHM-UHFFFAOYNA-N,-6.133
PPARD,m03,mut_s1,detail,1,28,PKHXJWYQMRFPTR-LILDFLRNNA-N,-7.903
PPARD,m03,mut_s1,detail,1,29,DGFWWFXFIZOMRX-WXRBYKJCNA-N,-6.562
PPARD,m03,mut_s1,detail,1,30,NDEDMCKHRVZXGD-VEWCPZSHNA-N,-7.545
PPARD,m03,mut_s1,detail,1,31,UPOCYXRXSNRNNU-UHFFFAOYNA-N,-7.857
PPARD,m03,mut_s1,detail,1,32,UGLPVHLKYTWQRV-UHFFFAOYNA-N,-8.059
PPARD,m03,mut_s1,detail,1,33,VEBIFNQLJFTSLJ-GPQMBLKYNA-N,-7.916
PPARD,m03,mut_s1,detail,1,34,FZGYMZTVBMODJR-GUYCJALGNA-N,-7.753
PPARD,m03,mut_s1,detail,1,35,XVAMDQGNCAYOLZ-CMNYYERHNA-N,-7.833
PPARD,m03,mut_s1,detail,1,36,MRHCSNNEUHXNIC-DLGLGFIGNA-N,-8.038
PPARD,m03,mut_s1,detail,1,37,QXSUNGXUTAFLCR-HCKMINDGNA-N,-8.423
PPARD,m03,mut_s1,detail,1,38,BTUZBQRUTGYGSI-SAAHQOFTNA-N,-7.967
PPARD,m03,mut_s1,detail,1,39,TTYMNRMJLOVQEL-UHFFFAOYNA-N,-7.483
PPARD,m03,mut_s1,detail,1,40,IVQOCTZDCXKGHW-UHFFFAOYNA-N,-7.797
PPARD,m03,mut_s1,detail,1,41,SRWKAZSWOPMZLA-WYUMXYHSNA-N,-8.024
PPARD,m03,mut_s1,detail,1,42,QPEDEGUPTWDSJM-UHFFFAOYNA-N,-8.52
PPARD,m03,mut_s1,detail,1,43,ISYYCVGFJSIOIJ-UHFFFAOYNA-N,-6.972
PPARD,m03,mut_s1,detail,1,44,MTUZLFBKKNTLNL-YHMJCDSINA-N,-7.8
PPARD,m03,mut_s1,detail,1,45,JOFJZXKVGWGQRQ-UHFFFAOYNA-N,-5.942
PPARD,m03,mut_s1,detail,1,46,KOHAFBWLWQFBFU-UHFFFAOYNA-N,-7.856
PPARD,m03,mut_s1,detail,1,47,YHDLLKNPVWVCGF-UHFFFAOYNA-N,-8.153
PPARD,m03,mut_s1,detail,1,48,KIRJGAMLMFQPIX-LILDFLRNNA-N,-9.457
PPARD,m03,mut_s1,detail,1,49,MIUGSXDNQICPKY-AHPDCHJINA-N,-6.823
PPARD,m03,mut_s1,detail,1,50,NCQYFKGTEDNHPE-GPQMBLKYNA-N,-9.504
PPARD,m03,mut_s1,detail,1,51,OILQEGDAOXVJJG-UHFFFAOYNA-N,-8.045
PPARD,m03,mut_s1,detail,1,52,KMZMSABQJYKKBU-UHFFFAOYNA-N,-7.35
PPARD,m03,mut_s1,detail,1,53,ODNAHSRJQUKZJC-UHFFFAOYNA-N,-7.868
PPARD,m03,mut_s1,detail,1,54,WBXGNUJDIOVVDS-GPQMBLKYNA-N,-9.123
PPARD,m03,mut_s1,detail,1,55,KGFVHZKXNIFXQC-XQMQJMAZNA-N,-7.593
PPARD,m03,mut_s1,detail,1,56,ZGDACLBJJXLKJY-UHFFFAOYNA-N,-7.61
PPARD,m03,mut_s1,detail,1,57,ODQASWLALUMZKF-UHFFFAOYNA-N,-9.394
PPARD,m03,mut_s1,detail,1,58,HEAFXLZWNUOLNQ-UHFFFAOYNA-N,-8.405
PPARD,m03,mut_s1,detail,1,59,GDJPLZYPNHEBBO-GAJRPKRDNA-N,-7.011
PPARD,m03,mut_s1,detail,1,60,KZNIFHPLKGYRTM-UHFFFAOYNA-N,-7.987
PPARD,m03,mut_s1,detail,1,61,XCNLTPWPUBZVTB-WUKNDPDINA-N,-7.198
PPARD,m03,mut_s1,detail,1,62,UJJQDGSLGZZHPE-VEWCPZSHNA-N,-8.048
PPARD,m03,mut_s1,detail,1,63,KUDKBYQDLXZYQT-YAQRNVERNA-N,-7.552
PPARD,m03,mut_s1,detail,1,64,XZDKQJKAVDHUJN-UHFFFAOYNA-N,-8.967
PPARD,m03,mut_s1,detail,1,65,PIHCOUNEIQIOLH-UYBDAZJANA-N,-8.413
PPARD,m03,mut_s1,detail,1,66,FTVJNPIOPFNKML-GPQMBLKYNA-N,-7.616
PPARD,m03,mut_s1,detail,1,67,HHYDNYVAHAHWJL-UHFFFAOYNA-N,-6.561
PPARD,m03,mut_s1,detail,1,68,MXABEVYDQHVOES-NSHDSACANA-N,-7.799
PPARD,m03,mut_s1,detail,1,69,ONNIOMOHOZUMKS-YGZLFCMANA-N,-8.221
PPARD,m03,mut_s1,detail,1,70,DQLGXAYUAURASJ-XXTDWMNGNA-N,-10.423
PPARD,m03,mut_s1,detail,1,71,QGKGHRAWZIKZRJ-WYUMXYHSNA-N,-8.635
PPARD,m03,mut_s1,detail,1,72,JWCQSDFAPBNHSM-UHFFFAOYNA-N,-7.782
PPARD,m03,mut_s1,detail,1,73,RNSJXWMAYUTWOI-UHFFFAOYNA-N,-8.2
PPARD,m03,mut_s1,detail,1,74,AKOOSRNDNZPJNL-PKSOQXRJNA-N,-9.319
PPARD,m03,mut_s1,detail,1,75,BFENEDRNBGYKMO-OTJKMEOQNA-N,-7.764
PPARD,m03,mut_s1,detail,1,76,RULIAUGJMVIUMH-QWOVJGMINA-N,-8.173
PPARD,m03,mut_s1,detail,1,77,VHAIHOXTBBWMRC-LILDFLRNNA-N,-7.117
PPARD,m03,mut_s1,detail,1,78,MMWVUKRVNHSCOU-XWVGVUDUNA-N,-8.58
PPARD,m03,mut_s1,detail,1,79,VEUYFZWVWBJLBT-LILDFLRNNA-N,-6.602
PPARD,m03,mut_s1,detail,1,80,UEVUVZKOTQNFQQ-UHFFFAOYNA-N,-8.295
PPARD,m03,mut_s1,detail,1,81,AVUDBVVAYWAMLJ-UHFFFAOYNA-N,-9.149
PPARD,m03,mut_s1,detail,1,82,BQVDJEOYDDRFHV-UHFFFAOYNA-N,-7.43
PPARD,m03,mut_s1,detail,1,83,RJDWHDCXBZVKHF-UHFFFAOYNA-N,-9.521
PPARD,m03,mut_s1,detail,1,84,UUIYULWYHDSXHL-YREUQKFVNA-N,-7.374
PPARD,m03,mut_s1,detail,1,85,KSVYPWJPODFWFB-MHWRWJLKNA-N,-9.188
PPARD,m03,mut_s1,detail,1,86,YTOTVFWYSYGJKJ-MPIMZMORNA-N,-8.793
PPARD,m03,mut_s1,detail,1,87,LDEBHGWOYJCQTG-SFHVURJKNA-N,-7.983
PPARD,m03,mut_s1,detail,1,88,NXBTXYMTUUWSCC-XBTAAFKLNA-N,-9.476
PPARD,m03,mut_s1,detail,1,89,HRLJAEIRFSEJAW-UHFFFAOYNA-N,-8.371
PPARD,m03,mut_s1,detail,1,90,HROYNIXUIVDQJH-UHFFFAOYNA-N,-8.044
PPARD,m03,mut_s1,detail,1,91,BYXXTGCOSOYREY-QWOVJGMINA-N,-8.907
PPARD,m03,mut_s1,detail,1,92,AWXVIXMNAQQCCZ-OEMYIYORNA-N,-7.912
PPARD,m03,mut_s1,detail,1,93,PVTHJAPFENJVNC-ANRNRNKZNA-N,-7.084
PPARD,m03,mut_s1,detail,1,94,IMPAUHAIMHCPEJ-PKSOQXRJNA-N,-9.562
PPARD,m03,mut_s1,detail,1,95,SLOJERRRBYNXAR-NPQUBYNZNA-N,-8.636
PPARD,m03,mut_s1,detail,1,96,YWBJCOHEBDEQDR-PKSOQXRJNA-N,-9.079
PPARD,m03,mut_s1,detail,1,97,WWRBDTKNUXAXRR-XAVYIPQLNA-O,-8.316
PPARD,m03,mut_s1,detail,1,98,HBERTCHGBHHVDT-LILDFLRNNA-N,-9.875
PPARD,m03,mut_s1,detail,1,99,BXKUVDXLHUBVPA-ZWQIFLOQNA-N,-5.154
PPARD,m03,mut_s1,detail,1,100,WBWFIUAVMCNYPG-FPLPWBNLNA-N,-8.584
PPARD,m03,mut_s1,detail,1,101,VRWIFQNGGPFLST-UYBDAZJANA-N,-9.137
PPARD,m03,mut_s1,detail,1,102,JTAPVIPBGIDRDE-UHFFFAOYNA-N,-10.406
PPARD,m03,mut_s1,detail,1,103,HBTCLXRQQIHFQB-GDEMPAQCNA-N,-7.589
PPARD,m03,mut_s1,detail,1,104,DXJSFQXIPUHFQK-QWOVJGMINA-N,-7.783
PPARD,m03,mut_s1,detail,1,105,RBEMVAFKFYHQIB-UYBDAZJANA-N,-9.186
PPARD,m03,mut_s1,detail,1,106,QEKAHUYYWSNHDY-DZQCGVKKNA-N,-8.166
PPARD,m03,mut_s1,detail,1,107,RCSUTAOLFYVOEE-UHFFFAOYNA-N,-9.442
PPARD,m03,mut_s1,detail,1,108,MYBUANZGRGNVPO-YSPVQWMYNA-N,-9.18
PPARD,m03,mut_s1,detail,1,109,UIQCZMYFTSFLPQ-LQFNOIFHNA-N,-10.61
PPARD,m03,mut_s1,detail,1,110,QRMYORHEAHTJBC-GPQMBLKYNA-N,-8.663
PPARD,m03,mut_s1,detail,1,111,CPYTXWFFFQKUDP-QFAGIUQONA-N,-8.866
PPARD,m03,mut_s1,detail,1,112,DCIAJQYVIKONRS-QWOVJGMINA-N,-9.043
PPARD,m03,mut_s1,detail,1,113,ZMMGBIJMLCNSOV-PKSOQXRJNA-N,-7.396
PPARD,m03,mut_s1,detail,1,114,MRFDGPBJIFXZIT-NPQUBYNZNA-N,-9.202
PPARD,m03,mut_s1,detail,1,115,KANCHOKOTXNDQH-NVQSQQPGNA-N,-7.266
PPARD,m03,mut_s1,detail,1,116,SOAWEEUOPZCBSN-UHFFFAOYNA-N,-9.716
PPARD,m03,mut_s1,detail,1,117,BHXYDHWPQIADCG-HZFZDWCWNA-N,-7.801
PPARD,m03,mut_s1,detail,1,118,LVIWVNDQNUSMMV-LILDFLRNNA-N,-7.781
PPARD,m03,mut_s1,detail,1,119,UBAMGTKSOKGECF-UHFFFAOYNA-N,-7.335
PPARD,m03,mut_s1,detail,1,120,YSVHPRBZNNADQG-UHFFFAOYNA-N,-7.267
PPARD,m03,mut_s1,detail,1,121,IXZAZBWJQHWVHS-QVUQFMIFNA-N,-8.629
PPARD,m03,mut_s1,detail,1,122,NILCXRPLMSLFEG-HQHQJUQONA-N,-7.465
PPARD,m03,mut_s1,detail,1,123,HRNRRPMOOJUJLK-QWOVJGMINA-N,-9.333
PPARD,m03,mut_s1,detail,1,124,OLSXSUXZOLBVQZ-QVUQFMIFNA-N,-8.645
PPARD,m03,mut_s1,detail,1,125,XZMGFGHEVBEPKS-UHFFFAOYNA-N,-9.902
PPARD,m03,mut_s1,detail,1,126,MNLBKBCAEFZATB-UHFFFAOYNA-N,-8.704
PPARD,m03,mut_s1,detail,1,127,NNTZETQYCAZKJF-UYBDAZJANA-N,-9.388
PPARD,m03,mut_s1,detail,1,128,AKEDBCQYOCYZDX-PLBWUZGSNA-N,-8.516
PPARD,m03,mut_s1,detail,1,129,HCXOEHYNUWUKAG-UHFFFAOYNA-N,-8.222
PPARD,m03,mut_s1,detail,1,130,CWKHWSAMAAAUEN-UYBDAZJANA-N,-8.613
PPARD,m03,mut_s1,detail,1,131,VMZWELQEDXUUJX-HXTKINSTNA-N,-7.234
PPARD,m03,mut_s1,detail,1,132,PCMOPVSFMUOUFR-OAQYLSRUNA-N,-8.446
PPARD,m03,mut_s1,detail,1,133,POFKEPXNJQGIOB-DIRLUKLVNA-N,-10.581
PPARD,m03,mut_s1,detail,1,134,GQNKLNZBZDEAMD-VQHCSMNLNA-N,-10.05
PPARD,m03,mut_s1,detail,1,135,COFQAKCKCHDGNW-ZXWGSDNONA-N,-8.741
PPARD,m03,mut_s1,detail,1,136,XURFWWBVADUSQL-LNNLXFCONA-N,-10.339
PPARD,m03,mut_s1,detail,1,137,LBDHNFPYMBLBSB-CLCOLTQENA-N,-7.286
PPARD,m03,mut_s1,detail,1,138,QKIJTUQIQQZCIX-UYBDAZJANA-N,-8.895
PPARD,m03,mut_s1,detail,1,139,UXLJJGBAQOYQMV-UHFFFAOYNA-N,-8.236
PPARD,m03,mut_s1,detail,1,140,WQAWGOAEJJIYFP-DEOSSOPVNA-N,-9.173
PPARD,m03,mut_s1,detail,1,141,MBNPYPWQYGHCTB-UHFFFAOYNA-N,-8.951
PPARD,m03,mut_s1,detail,1,142,XAYHBRQVRJQCAH-PKSOQXRJNA-N,-8.069
PPARD,m03,mut_s1,detail,1,143,GNTOXDIONQLPFR-CXUHLZMHNA-N,-8.581
PPARD,m03,mut_s1,detail,1,144,RIVKJCNOYQAWOL-VCZDBIKCNA-N,-9.251
PPARD,m03,mut_s1,detail,1,145,LRRFROMGHKZMSA-PKRZOPRNNA-N,-10.253
PPARD,m03,mut_s1,detail,1,146,HWUKVYPOCLJTSN-RJJUGOMSNA-N,-9.053
PPARD,m03,mut_s1,detail,1,147,JAQNENPDJAEDSC-UHFFFAOYNA-N,-8.356
PPARD,m03,mut_s1,detail,1,148,ZYQCCRUKVDVTJE-ZUOKHONENA-N,-7.123
PPARD,m03,mut_s1,detail,1,149,UUWCZQYGBSUBRG-SPEPDGBUNA-N,-10.803
PPARD,m03,mut_s1,detail,1,150,KNGPIEIQVMOPHJ-PKSOQXRJNA-N,-8.134
PPARD,m03,mut_s1,detail,1,151,CTDCFVMSXQQWDC-HXTKINSTNA-N,-9.169
PPARD,m03,mut_s1,detail,1,152,AELMMQNCWIYZED-UHFFFAOYNA-N,-8.343
PPARD,m03,mut_s1,detail,1,153,BTBRAURMAUKXDM-UHFFFAOYNA-N,-8.232
PPARD,m03,mut_s1,detail,1,154,DWAPJEYUYKZUPW-UYBDAZJANA-N,-9.884
PPARD,m03,mut_s1,detail,1,155,MTWNFHPRKAIWJY-LQFNOIFHNA-N,-9.762
PPARD,m03,mut_s1,detail,1,156,XMOFGSWSGOXFPP-MPIMZMORNA-N,-8.65
PPARD,m03,mut_s1,detail,1,157,VVSBVXXITLYIIA-CKFYMFOVNA-N,-9.358
PPARD,m03,mut_s1,detail,1,158,GAXPVNSBLNNWCZ-PSHYBUTQNA-N,-7.795
PPARD,m03,mut_s1,detail,1,159,XDYREIZGNBPMPJ-IBGZPJMENA-N,-9.178
PPARD,m03,mut_s1,detail,1,160,WITBRHUYBFKPOL-MPIMZMORNA-N,-8.059
PPARD,m03,mut_s1,detail,1,161,IBIQKJHXTSLLBQ-PKRZOPRNNA-N,-9.927
PPARD,m03,mut_s1,detail,1,162,VLUGXHSPLMSNET-LNNLXFCONA-N,-9.343
PPARD,m03,mut_s1,detail,1,163,IEQABWYSQBHOMM-UHFFFAOYNA-N,-8.874
PPARD,m03,mut_s1,detail,1,164,FWLMJHGQRXWNIS-UHFFFAOYNA-N,-8.78
PPARD,m03,mut_s1,detail,1,165,RZJWOMPOSAPIJL-LQFNOIFHNA-N,-9.109
PPARD,m03,mut_s1,detail,1,166,ZUMDOGBUKHTCOC-CWWQGPJMNA-N,-9.153
PPARD,m03,mut_s1,detail,1,167,ANZGKDRXGOPIJA-QWOVJGMINA-N,-6.656
PPARD,m03,mut_s1,detail,1,168,QUISVMJELRRHAG-UHFFFAOYNA-N,-9.086
PPARD,m03,mut_s1,detail,1,169,XZFCGNQJCGTXNQ-ZVHZXABRNA-N,-8.723
PPARD,m03,mut_s1,detail,1,170,UGPWOMSWEMIIJH-UHFFFAOYNA-N,-9.222
PPARD,m03,mut_s1,detail,1,171,WGMQZHYPIKBUML-LQFNOIFHNA-N,-7.445
PPARD,m03,mut_s1,detail,1,172,HPNLHDILXMKRJE-UHFFFAOYNA-N,-8.296
PPARD,m03,mut_s1,detail,1,173,AQBHPXSDFXKHIG-LELJVTLKNA-N,-8.544
PPARD,m03,mut_s1,detail,1,174,BHPSGEAUUZMDDL-QFIPXVFZNA-N,-10.644
PPARD,m03,mut_s1,detail,1,175,RHMDXGNHLMFANS-XBXBPLPCNA-N,-8.419
PPARD,m03,mut_s1,detail,1,176,HZXUSKDOXPOMIW-PKSOQXRJNA-N,-8.635
PPARD,m03,mut_s1,detail,1,177,QBBIMTGZZXPUPY-UHFFFAOYNA-N,-8.953
PPARD,m03,mut_s1,detail,1,178,FAALFCIDNMPXJU-LNNLXFCONA-N,-10.633
PPARD,m03,mut_s1,detail,1,179,UEGWFDMCEAIRSE-DVIAZDKANA-N,-8.151
PPARD,m03,mut_s1,detail,1,180,QATBWONTRXXCBE-UHFFFAOYNA-N,-8.01
PPARD,m03,mut_s1,detail,1,181,IEWZULBPMDXTLX-LQFNOIFHNA-N,-11.17
PPARD,m03,mut_s1,detail,1,182,DTUUXDIGBXNINJ-PKSOQXRJNA-N,-7.722
PPARD,m03,mut_s1,detail,1,183,FFDDOWCKFPDEPQ-KIYDBJNPNA-N,-9.4
PPARD,m03,mut_s1,detail,1,184,LFTDMBYAYYEBDL-XWYQMZBENA-N,-10.046
PPARD,m03,mut_s1,detail,1,185,VZFTWWJAUZOJDH-YANQHBGHNA-N,-10.137
PPARD,m03,mut_s1,detail,1,186,YNUOGMCLPCOTIC-UHFFFAOYNA-N,-9.409
PPARD,m03,mut_s1,detail,1,187,WDXONUYXRRUOAF-LELJVTLKNA-N,-8.568
PPARD,m03,mut_s1,detail,1,188,FWYUTSUWWZVOGD-UHFFFAOYNA-N,-8.144
PPARD,m03,mut_s1,detail,1,189,VMDJSIGZJOXSGC-UHFFFAOYNA-N,-8.715
PPARD,m03,mut_s1,detail,1,190,IIVPENRIUTZXCZ-DFVASWNCNA-N,-8.552
PPARD,m03,mut_s1,detail,1,191,HHKIXRJLSXZGIO-LBOYIXSDNA-N,-9.673
PPARD,m03,mut_s1,detail,1,192,VFCHPGXNLRROSP-UHFFFAOYNA-N,-9.258
PPARD,m03,mut_s1,detail,1,193,LQNMNFIDHADHQU-LQFNOIFHNA-N,-9.313
PPARD,m03,mut_s1,detail,1,194,DWCQXZSEATZNGJ-JXAWBTAJNA-N,-7.526
PPARD,m03,mut_s1,detail,1,195,XCFKTIVHIIOEHO-XRJCTRHONA-N,-10.596
PPARD,m03,mut_s1,detail,1,196,CTKVVCDWNBLQHQ-VJSLDGLSNA-N,-8.733
PPARD,m03,mut_s1,detail,1,197,SJEBTTUNLKKAEO-QFIPXVFZNA-N,-9.442
PPARD,m03,mut_s1,detail,1,198,VUVBMRFFLDJIKB-UHFFFAOYNA-N,-7.388
PPARD,m03,mut_s1,detail,1,199,CRDOCDKYXPCHRG-GMLXSZADNA-N,-9.636
PPARD,m03,mut_s1,detail,1,200,PTRAWPOMIAVCDX-NPZFWETONA-N,-9.374
PPARD,m03,mut_s1,detail,1,201,YPCVJZIGKJSYKB-XWQTZBKQNA-N,-10.473
PPARD,m03,mut_s1,detail,1,202,DDQUBMKKMCESIY-UHFFFAOYNA-N,-9.147
PPARD,m03,mut_s1,detail,1,203,QRBHMNKXVMROIF-UHFFFAOYNA-N,-9.94
PPARD,m03,mut_s1,detail,1,204,CSCOHEYTBLBQMG-SREBMQDQNA-N,-10.048
PPARD,m03,mut_s1,detail,1,205,FPRLMEVUSKOQRF-UHFFFAOYNA-N,-8.909
PPARD,m03,mut_s1,detail,1,206,VRUTXMQQNLYKSZ-SPEPDGBUNA-N,-10.257
PPARD,m03,mut_s1,detail,1,207,IFVIZWYRFUIABK-LKHHGCNMNA-N,-9.79
PPARD,m03,mut_s1,detail,1,208,BJSKDMOWRPAVMK-UHFFFAOYNA-N,-8.145
PPARD,m03,mut_s1,detail,1,209,AJDIYNONBYMZIF-ILOOJWFPNA-N,-10.62
PPARD,m03,mut_s1,detail,1,210,ABURDUMLEUCKOY-FYDYDPJYNA-N,-9.165
PPARD,m03,mut_s1,detail,1,211,ZXCSBCTVTJFLOZ-JUEKIJOLNA-N,-9.874
PPARD,m03,mut_s1,detail,1,212,SKVNACLQMJDJNT-JJFURXLTNA-N,-10.122
PPARD,m03,mut_s1,detail,1,213,OWDCBGQHUHBGKH-ODBASERBNA-N,-9.576
PPARD,m03,mut_s1,detail,1,214,RLXWTYPPMJNURK-LELJVTLKNA-N,-9.568
PPARD,m03,mut_s1,detail,1,215,LFFVXCIQPOOMOV-UHFFFAOYNA-N,-12.357
PPARD,m03,mut_s1,detail,1,216,ZFFOVIFFFSWOKF-PKRZOPRNNA-N,-11.632
PPARD,m03,mut_s1,detail,1,217,VVWGMEIQTOBDML-RDPOJNOENA-N,-9.461
PPARD,m03,mut_s1,detail,1,218,QAGLJDWYCCJEHH-IGBJZSFZNA-N,-9.939
PPARD,m03,mut_s1,detail,1,219,NFMSQLAKBDDECA-HXXFNXQYNA-N,-8.455
PPARD,m03,mut_s1,detail,1,220,RLKPYUHHHDBUKR-LKHHGCNMNA-N,-9.042
PPARD,m03,mut_s1,detail,1,221,FVGJPHFQQMQGFQ-PQVCHVPHNA-N,-11.156
PPARD,m03,mut_s1,detail,1,222,GGQXSFRJLUHOGQ-MDNXCRMFNA-N,-10.275
PPARD,m03,mut_s1,detail,1,223,LLLNQQOQHKAYHT-CSKMVECVNA-N,-10.257
PPARD,m03,mut_s1,detail,1,224,FTHKKKKNTGUTPA-NBVNDQADNA-N,-10.035
PPARD,m03,mut_s1,detail,1,225,BKYZARFJJFORLR-UHFFFAOYNA-N,-8.837
PPARD,m03,mut_s1,detail,1,226,XMHRXPMKDALTSG-YPBLIGHQNA-N,-8.474
PPARD,m03,mut_s1,detail,1,227,OVSPJLFXFWHQFE-HXTKINSTNA-N,-9.707
PPARD,m03,mut_s1,detail,1,228,SHBLCUUJYNQTSS-NRFANRHFNA-N,-10.262
PPARD,m03,mut_s1,detail,1,229,OHXYGRXPONZZPF-UHFFFAOYNA-N,-9.414
PPARD,m03,mut_s1,detail,1,230,XFOMWTKVHWXVRS-UHFFFAOYNA-N,-10.133
PPARD,m03,mut_s1,detail,1,231,HMPVPIRJMYFQCT-WXDRZTAENA-N,-8.825
PPARD,m03,mut_s1,detail,1,232,NRIQEFNHCJMSHL-UHFFFAOYNA-N,-10.812
PPARD,m03,mut_s1,detail,1,233,WQIKRJDLIIEKAG-WWXRYIHZNA-N,-10.206
PPARD,m03,mut_s1,detail,1,234,CQCKANIIWHCLDP-UHFFFAOYNA-N,-7.957
PPARD,m03,mut_s1,detail,1,235,QETNVWCEGLMMRQ-CXUYMYAGNA-N,-7.958
PPARD,m03,mut_s1,detail,1,236,MLYHNVDOBUQIID-NSJMMFDCNA-N,-9.997
PPARD,m03,mut_s1,detail,1,237,VBFOTEWTMOETMO-PECIQRARNA-N,-7.547
PPARD,m03,mut_s1,detail,1,238,NFSDYJKEOCQTKX-CYSPOYASNA-N,-7.885
PPARD,m03,mut_s1,detail,1,239,GZQHTWYWDSMEAW-UHFFFAOYNA-N,-8.868
PPARD,m03,mut_s1,detail,1,240,LZTXTKIYKWMRQJ-ZALBZXLWNA-N,-7.923
PPARD,m03,mut_s1,detail,1,241,YPDLHOCWYZLMQS-GFBXQOHCNA-N,-9.297
PPARD,m03,mut_s1,detail,1,242,FJUITIGQDNFRQI-UHFFFAOYNA-N,-7.786
PPARD,m03,mut_s1,detail,1,243,OHAIFIOFCXDBHP-NKTHEXPSNA-N,-8.469
PPARD,m03,mut_s1,detail,1,244,LSAXQHPWOGTFSG-UHFFFAOYNA-N,-8.47
PPARD,m03,mut_s1,detail,1,245,OENZVDXWLVYZJT-DHDJHLBQNA-N,-9.465
PPARD,m03,mut_s1,detail,1,246,UEOXIUXQBRDLJU-LBOYIXSDNA-N,-10.155
PPARD,m03,mut_s1,detail,1,247,YFYGWSCMDCTAKZ-MPIMZMORNA-N,-7.988
PPARD,m03,mut_s1,detail,1,248,AQHYVBHJINDJIW-UHFFFAOYNA-N,-7.517
PPARD,m03,mut_s1,detail,1,249,DBOAHQYVPCTALU-QBAQSEIJNA-N,-8.464
PPARD,m03,mut_s1,detail,1,250,NRMRHCTVBLZOIE-PJQSKVNONA-N,-8.167
PPARD,m03,mut_s1,detail,1,251,CGHADMRBCNGDHX-UOUKHUKPNA-N,-11.501
PPARD,m03,mut_s1,detail,1,252,DDZBRJBYGLTADL-TZFBGDORNA-N,-7.901
PPARD,m03,mut_s1,detail,1,253,LOIPDGFJRKDXSJ-UHFFFAOYNA-N,-8.693
PPARD,m03,mut_s1,detail,1,254,VBQAIJHAPZFIRO-MOQCICHVNA-N,-9.343
PPARD,m03,mut_s1,detail,1,255,YPVDZKHCFQJIDP-UHFFFAOYNA-N,-10.675
PPARD,m04,mut_s1,detail,1,0,IFHZOGDEYHFNQO-PKSOQXRJNA-N,-9.61
PPARD,m04,mut_s1,detail,1,1,PZDDADWKMMNNHC-UHFFFAOYNA-N,-7.127
PPARD,m04,mut_s1,detail,1,2,BUEYTYZOCKWHHR-UHFFFAOYNA-N,-6.994
PPARD,m04,mut_s1,detail,1,3,URXMTXGGQRBQQC-LNZJGEAENA-N,-6.539
PPARD,m04,mut_s1,detail,1,4,NNVZANSRDHCDLK-UHFFFAOYNA-N,-8.926
PPARD,m04,mut_s1,detail,1,5,YCVTUSIXNJAXKA-UHFFFAOYNA-N,-7.094
PPARD,m04,mut_s1,detail,1,6,YLQOELRYUQBERL-YHMJCDSINA-N,-6.674
PPARD,m04,mut_s1,detail,1,7,XIOYZAUVDJKWCL-UHFFFAOYNA-N,-8.516
PPARD,m04,mut_s1,detail,1,8,NYBRKCCEVRSDNF-UHFFFAOYNA-N,-8.807
PPARD,m04,mut_s1,detail,1,9,HOWDUDRRYYVTNY-NDKGDYFDNA-N,-7.376
PPARD,m04,mut_s1,detail,1,10,RVRIAONMWINUPS-GPQMBLKYNA-N,-6.745
PPARD,m04,mut_s1,detail,1,11,UVVPLBQLDVTPSL-RVQYIEHVNA-N,-6.254
PPARD,m04,mut_s1,detail,1,12,AXXXFCGETBIMKI-UHFFFAOYNA-N,-7.349
PPARD,m04,mut_s1,detail,1,13,RBMUBAYHBUBLMR-NKWLYDBFNA-N,-7.879
PPARD,m04,mut_s1,detail,1,14,BTIHIHBWVGQIIQ-UHFFFAOYNA-N,-7.732
PPARD,m04,mut_s1,detail,1,15,ACAOHWOPNZHWAF-WNVDMVQFNA-N,-8.301
PPARD,m04,mut_s1,detail,1,16,VEFTYKZXVJQBER-ZHLVXTBQNA-N,-6.844
PPARD,m04,mut_s1,detail,1,17,QBQDUEWXIOEVKT-UYBDAZJANA-N,-8.983
PPARD,m04,mut_s1,detail,1,18,KRGQOKCRZMRVRH-UHFFFAOYNA-N,-6.157
PPARD,m04,mut_s1,detail,1,19,YXGMBGNPGWDLBJ-WYUMXYHSNA-N,-7.225
PPARD,m04,mut_s1,detail,1,20,LHQICPSUYGARIS-UHFFFAOYNA-N,-8.435
PPARD,m04,mut_s1,detail,1,21,ZXVNJVRABSCRGU-GPQMBLKYNA-N,-8.055
PPARD,m04,mut_s1,detail,1,22,TYXGDELQOONTQQ-DQDSCPLDNA-N,-8.151
PPARD,m04,mut_s1,detail,1,23,FMDKDGDDTIJRQT-WRCMMWDQNA-N,-6.909
PPARD,m04,mut_s1,detail,1,24,DXLLFVXDQQMGGM-LILDFLRNNA-N,-7.412
PPARD,m04,mut_s1,detail,1,25,RCFHJSCTPLCRAN-UHFFFAOYNA-N,-8.209
PPARD,m04,mut_s1,detail,1,26,LOIKOLAEHONJTE-KARVIEMNNA-N,-7.915
PPARD,m04,mut_s1,detail,1,27,ZBEDJPDEINGEHM-UHFFFAOYNA-N,-6.268
PPARD,m04,mut_s1,detail,1,28,PKHXJWYQMRFPTR-LILDFLRNNA-N,-9.07
PPARD,m04,mut_s1,detail,1,29,DGFWWFXFIZOMRX-WXRBYKJCNA-N,-6.554
PPARD,m04,mut_s1,detail,1,30,NDEDMCKHRVZXGD-VEWCPZSHNA-N,-7.972
PPARD,m04,mut_s1,detail,1,31,UPOCYXRXSNRNNU-UHFFFAOYNA-N,-7.839
PPARD,m04,mut_s1,detail,1,32,UGLPVHLKYTWQRV-UHFFFAOYNA-N,-8.053
PPARD,m04,mut_s1,detail,1,33,VEBIFNQLJFTSLJ-GPQMBLKYNA-N,-7.947
PPARD,m04,mut_s1,detail,1,34,FZGYMZTVBMODJR-GUYCJALGNA-N,-7.768
PPARD,m04,mut_s1,detail,1,35,XVAMDQGNCAYOLZ-CMNYYERHNA-N,-7.606
PPARD,m04,mut_s1,detail,1,36,MRHCSNNEUHXNIC-DLGLGFIGNA-N,-7.68
PPARD,m04,mut_s1,detail,1,37,QXSUNGXUTAFLCR-HCKMINDGNA-N,-8.31
PPARD,m04,mut_s1,detail,1,38,BTUZBQRUTGYGSI-SAAHQOFTNA-N,-7.849
PPARD,m04,mut_s1,detail,1,39,TTYMNRMJLOVQEL-UHFFFAOYNA-N,-7.5
PPARD,m04,mut_s1,detail,1,40,IVQOCTZDCXKGHW-UHFFFAOYNA-N,-7.732
PPARD,m04,mut_s1,detail,1,41,SRWKAZSWOPMZLA-WYUMXYHSNA-N,-7.708
PPARD,m04,mut_s1,detail,1,42,QPEDEGUPTWDSJM-UHFFFAOYNA-N,-8.499
PPARD,m04,mut_s1,detail,1,43,ISYYCVGFJSIOIJ-UHFFFAOYNA-N,-6.961
PPARD,m04,mut_s1,detail,1,44,MTUZLFBKKNTLNL-YHMJCDSINA-N,-7.231
PPARD,m04,mut_s1,detail,1,45,JOFJZXKVGWGQRQ-UHFFFAOYNA-N,-6.032
PPARD,m04,mut_s1,detail,1,46,KOHAFBWLWQFBFU-UHFFFAOYNA-N,-7.876
PPARD,m04,mut_s1,detail,1,47,YHDLLKNPVWVCGF-UHFFFAOYNA-N,-8.25
PPARD,m04,mut_s1,detail,1,48,KIRJGAMLMFQPIX-LILDFLRNNA-N,-9.539
PPARD,m04,mut_s1,detail,1,49,MIUGSXDNQICPKY-AHPDCHJINA-N,-7.278
PPARD,m04,mut_s1,detail,1,50,NCQYFKGTEDNHPE-GPQMBLKYNA-N,-9.412
PPARD,m04,mut_s1,detail,1,51,OILQEGDAOXVJJG-UHFFFAOYNA-N,-7.938
PPARD,m04,mut_s1,detail,1,52,KMZMSABQJYKKBU-UHFFFAOYNA-N,-7.187
PPARD,m04,mut_s1,detail,1,53,ODNAHSRJQUKZJC-UHFFFAOYNA-N,-7.61
PPARD,m04,mut_s1,detail,1,54,WBXGNUJDIOVVDS-GPQMBLKYNA-N,-8.587
PPARD,m04,mut_s1,detail,1,55,KGFVHZKXNIFXQC-XQMQJMAZNA-N,-7.676
PPARD,m04,mut_s1,detail,1,56,ZGDACLBJJXLKJY-UHFFFAOYNA-N,-7.499
PPARD,m04,mut_s1,detail,1,57,ODQASWLALUMZKF-UHFFFAOYNA-N,-8.374
PPARD,m04,mut_s1,detail,1,58,HEAFXLZWNUOLNQ-UHFFFAOYNA-N,-8.519
PPARD,m04,mut_s1,detail,1,59,GDJPLZYPNHEBBO-GAJRPKRDNA-N,-6.929
PPARD,m04,mut_s1,detail,1,60,KZNIFHPLKGYRTM-UHFFFAOYNA-N,-7.892
PPARD,m04,mut_s1,detail,1,61,XCNLTPWPUBZVTB-WUKNDPDINA-N,-7.365
PPARD,m04,mut_s1,detail,1,62,UJJQDGSLGZZHPE-VEWCPZSHNA-N,-7.885
PPARD,m04,mut_s1,detail,1,63,KUDKBYQDLXZYQT-YAQRNVERNA-N,-7.659
PPARD,m04,mut_s1,detail,1,64,XZDKQJKAVDHUJN-UHFFFAOYNA-N,-8.9
PPARD,m04,mut_s1,detail,1,65,PIHCOUNEIQIOLH-UYBDAZJANA-N,-9.044
PPARD,m04,mut_s1,detail,1,66,FTVJNPIOPFNKML-GPQMBLKYNA-N,-7.639
PPARD,m04,mut_s1,detail,1,67,HHYDNYVAHAHWJL-UHFFFAOYNA-N,-6.788
PPARD,m04,mut_s1,detail,1,68,MXABEVYDQHVOES-NSHDSACANA-N,-8.12
PPARD,m04,mut_s1,detail,1,69,ONNIOMOHOZUMKS-YGZLFCMANA-N,-8.417
PPARD,m04,mut_s1,detail,1,70,DQLGXAYUAURASJ-XXTDWMNGNA-N,-9.841
PPARD,m04,mut_s1,detail,1,71,QGKGHRAWZIKZRJ-WYUMXYHSNA-N,-7.809
PPARD,m04,mut_s1,detail,1,72,JWCQSDFAPBNHSM-UHFFFAOYNA-N,-7.409
PPARD,m04,mut_s1,detail,1,73,RNSJXWMAYUTWOI-UHFFFAOYNA-N,-9.065
PPARD,m04,mut_s1,detail,1,74,AKOOSRNDNZPJNL-PKSOQXRJNA-N,-8.989
PPARD,m04,mut_s1,detail,1,75,BFENEDRNBGYKMO-OTJKMEOQNA-N,-7.917
PPARD,m04,mut_s1,detail,1,76,RULIAUGJMVIUMH-QWOVJGMINA-N,-8.166
PPARD,m04,mut_s1,detail,1,77,VHAIHOXTBBWMRC-LILDFLRNNA-N,-7.178
PPARD,m04,mut_s1,detail,1,78,MMWVUKRVNHSCOU-XWVGVUDUNA-N,-8.209
PPARD,m04,mut_s1,detail,1,79,VEUYFZWVWBJLBT-LILDFLRNNA-N,-7.033
PPARD,m04,mut_s1,detail,1,80,UEVUVZKOTQNFQQ-UHFFFAOYNA-N,-8.37
PPARD,m04,mut_s1,detail,1,81,AVUDBVVAYWAMLJ-UHFFFAOYNA-N,-9.195
PPARD,m04,mut_s1,detail,1,82,BQVDJEOYDDRFHV-UHFFFAOYNA-N,-7.419
PPARD,m04,mut_s1,detail,1,83,RJDWHDCXBZVKHF-UHFFFAOYNA-N,-9.563
PPARD,m04,mut_s1,detail,1,84,UUIYULWYHDSXHL-YREUQKFVNA-N,-6.857
PPARD,m04,mut_s1,detail,1,85,KSVYPWJPODFWFB-MHWRWJLKNA-N,-9.037
PPARD,m04,mut_s1,detail,1,86,YTOTVFWYSYGJKJ-MPIMZMORNA-N,-8.842
PPARD,m04,mut_s1,detail,1,87,LDEBHGWOYJCQTG-SFHVURJKNA-N,-8.514
PPARD,m04,mut_s1,detail,1,88,NXBTXYMTUUWSCC-XBTAAFKLNA-N,-9.009
PPARD,m04,mut_s1,detail,1,89,HRLJAEIRFSEJAW-UHFFFAOYNA-N,-8.922
PPARD,m04,mut_s1,detail,1,90,HROYNIXUIVDQJH-UHFFFAOYNA-N,-8.17
PPARD,m04,mut_s1,detail,1,91,BYXXTGCOSOYREY-QWOVJGMINA-N,-9.336
PPARD,m04,mut_s1,detail,1,92,AWXVIXMNAQQCCZ-OEMYIYORNA-N,-8.066
PPARD,m04,mut_s1,detail,1,93,PVTHJAPFENJVNC-ANRNRNKZNA-N,-7.332
PPARD,m04,mut_s1,detail,1,94,IMPAUHAIMHCPEJ-PKSOQXRJNA-N,-9.254
PPARD,m04,mut_s1,detail,1,95,SLOJERRRBYNXAR-NPQUBYNZNA-N,-7.82
PPARD,m04,mut_s1,detail,1,96,YWBJCOHEBDEQDR-PKSOQXRJNA-N,-8.233
PPARD,m04,mut_s1,detail,1,97,WWRBDTKNUXAXRR-XAVYIPQLNA-O,-7.673
PPARD,m04,mut_s1,detail,1,98,HBERTCHGBHHVDT-LILDFLRNNA-N,-9.469
PPARD,m04,mut_s1,detail,1,99,BXKUVDXLHUBVPA-ZWQIFLOQNA-N,-5.46
PPARD,m04,mut_s1,detail,1,100,WBWFIUAVMCNYPG-FPLPWBNLNA-N,-8.376
PPARD,m04,mut_s1,detail,1,101,VRWIFQNGGPFLST-UYBDAZJANA-N,-8.505
PPARD,m04,mut_s1,detail,1,102,JTAPVIPBGIDRDE-UHFFFAOYNA-N,-10.315
PPARD,m04,mut_s1,detail,1,103,HBTCLXRQQIHFQB-GDEMPAQCNA-N,-7.708
PPARD,m04,mut_s1,detail,1,104,DXJSFQXIPUHFQK-QWOVJGMINA-N,-8.237
PPARD,m04,mut_s1,detail,1,105,RBEMVAFKFYHQIB-UYBDAZJANA-N,-9.003
PPARD,m04,mut_s1,detail,1,106,QEKAHUYYWSNHDY-DZQCGVKKNA-N,-8.666
PPARD,m04,mut_s1,detail,1,107,RCSUTAOLFYVOEE-UHFFFAOYNA-N,-9.315
PPARD,m04,mut_s1,detail,1,108,MYBUANZGRGNVPO-YSPVQWMYNA-N,-8.567
PPARD,m04,mut_s1,detail,1,109,UIQCZMYFTSFLPQ-LQFNOIFHNA-N,-9.578
PPARD,m04,mut_s1,detail,1,110,QRMYORHEAHTJBC-GPQMBLKYNA-N,-8.626
PPARD,m04,mut_s1,detail,1,111,CPYTXWFFFQKUDP-QFAGIUQONA-N,-8.141
PPARD,m04,mut_s1,detail,1,112,DCIAJQYVIKONRS-QWOVJGMINA-N,-9.244
PPARD,m04,mut_s1,detail,1,113,ZMMGBIJMLCNSOV-PKSOQXRJNA-N,-7.894
PPARD,m04,mut_s1,detail,1,114,MRFDGPBJIFXZIT-NPQUBYNZNA-N,-9.153
PPARD,m04,mut_s1,detail,1,115,KANCHOKOTXNDQH-NVQSQQPGNA-N,-6.874
PPARD,m04,mut_s1,detail,1,116,SOAWEEUOPZCBSN-UHFFFAOYNA-N,-9.713
PPARD,m04,mut_s1,detail,1,117,BHXYDHWPQIADCG-HZFZDWCWNA-N,-7.643
PPARD,m04,mut_s1,detail,1,118,LVIWVNDQNUSMMV-LILDFLRNNA-N,-7.297
PPARD,m04,mut_s1,detail,1,119,UBAMGTKSOKGECF-UHFFFAOYNA-N,-7.307
PPARD,m04,mut_s1,detail,1,120,YSVHPRBZNNADQG-UHFFFAOYNA-N,-8.193
PPARD,m04,mut_s1,detail,1,121,IXZAZBWJQHWVHS-QVUQFMIFNA-N,-7.984
PPARD,m04,mut_s1,detail,1,122,NILCXRPLMSLFEG-HQHQJUQONA-N,-7.309
PPARD,m04,mut_s1,detail,1,123,HRNRRPMOOJUJLK-QWOVJGMINA-N,-8.815
PPARD,m04,mut_s1,detail,1,124,OLSXSUXZOLBVQZ-QVUQFMIFNA-N,-8.688
PPARD,m04,mut_s1,detail,1,125,XZMGFGHEVBEPKS-UHFFFAOYNA-N,-9.579
PPARD,m04,mut_s1,detail,1,126,MNLBKBCAEFZATB-UHFFFAOYNA-N,-8.742
PPARD,m04,mut_s1,detail,1,127,NNTZETQYCAZKJF-UYBDAZJANA-N,-9.868
PPARD,m04,mut_s1,detail,1,128,AKEDBCQYOCYZDX-PLBWUZGSNA-N,-8.39
PPARD,m04,mut_s1,detail,1,129,HCXOEHYNUWUKAG-UHFFFAOYNA-N,-8.315
PPARD,m04,mut_s1,detail,1,130,CWKHWSAMAAAUEN-UYBDAZJANA-N,-8.339
PPARD,m04,mut_s1,detail,1,131,VMZWELQEDXUUJX-HXTKINSTNA-N,-7.205
PPARD,m04,mut_s1,detail,1,132,PCMOPVSFMUOUFR-OAQYLSRUNA-N,-8.437
PPARD,m04,mut_s1,detail,1,133,POFKEPXNJQGIOB-DIRLUKLVNA-N,-10.042
PPARD,m04,mut_s1,detail,1,134,GQNKLNZBZDEAMD-VQHCSMNLNA-N,-10.274
PPARD,m04,mut_s1,detail,1,135,COFQAKCKCHDGNW-ZXWGSDNONA-N,-8.703
PPARD,m04,mut_s1,detail,1,136,XURFWWBVADUSQL-LNNLXFCONA-N,-9.751
PPARD,m04,mut_s1,detail,1,137,LBDHNFPYMBLBSB-CLCOLTQENA-N,-7.284
PPARD,m04,mut_s1,detail,1,138,QKIJTUQIQQZCIX-UYBDAZJANA-N,-8.584
PPARD,m04,mut_s1,detail,1,139,UXLJJGBAQOYQMV-UHFFFAOYNA-N,-8.187
PPARD,m04,mut_s1,detail,1,140,WQAWGOAEJJIYFP-DEOSSOPVNA-N,-8.804
PPARD,m04,mut_s1,detail,1,141,MBNPYPWQYGHCTB-UHFFFAOYNA-N,-8.919
PPARD,m04,mut_s1,detail,1,142,XAYHBRQVRJQCAH-PKSOQXRJNA-N,-7.316
PPARD,m04,mut_s1,detail,1,143,GNTOXDIONQLPFR-CXUHLZMHNA-N,-8.623
PPARD,m04,mut_s1,detail,1,144,RIVKJCNOYQAWOL-VCZDBIKCNA-N,-9.139
PPARD,m04,mut_s1,detail,1,145,LRRFROMGHKZMSA-PKRZOPRNNA-N,-10.258
PPARD,m04,mut_s1,detail,1,146,HWUKVYPOCLJTSN-RJJUGOMSNA-N,-8.765
PPARD,m04,mut_s1,detail,1,147,JAQNENPDJAEDSC-UHFFFAOYNA-N,-7.461
PPARD,m04,mut_s1,detail,1,148,ZYQCCRUKVDVTJE-ZUOKHONENA-N,-7.023
PPARD,m04,mut_s1,detail,1,149,UUWCZQYGBSUBRG-SPEPDGBUNA-N,-10.235
PPARD,m04,mut_s1,detail,1,150,KNGPIEIQVMOPHJ-PKSOQXRJNA-N,-7.933
PPARD,m04,mut_s1,detail,1,151,CTDCFVMSXQQWDC-HXTKINSTNA-N,-9.136
PPARD,m04,mut_s1,detail,1,152,AELMMQNCWIYZED-UHFFFAOYNA-N,-8.79
PPARD,m04,mut_s1,detail,1,153,BTBRAURMAUKXDM-UHFFFAOYNA-N,-8.184
PPARD,m04,mut_s1,detail,1,154,DWAPJEYUYKZUPW-UYBDAZJANA-N,-9.739
PPARD,m04,mut_s1,detail,1,155,MTWNFHPRKAIWJY-LQFNOIFHNA-N,-9.725
PPARD,m04,mut_s1,detail,1,156,XMOFGSWSGOXFPP-MPIMZMORNA-N,-8.833
PPARD,m04,mut_s1,detail,1,157,VVSBVXXITLYIIA-CKFYMFOVNA-N,-9.436
PPARD,m04,mut_s1,detail,1,158,GAXPVNSBLNNWCZ-PSHYBUTQNA-N,-8.21
PPARD,m04,mut_s1,detail,1,159,XDYREIZGNBPMPJ-IBGZPJMENA-N,-8.689
PPARD,m04,mut_s1,detail,1,160,WITBRHUYBFKPOL-MPIMZMORNA-N,-8.343
PPARD,m04,mut_s1,detail,1,161,IBIQKJHXTSLLBQ-PKRZOPRNNA-N,-9.839
PPARD,m04,mut_s1,detail,1,162,VLUGXHSPLMSNET-LNNLXFCONA-N,-9.492
PPARD,m04,mut_s1,detail,1,163,IEQABWYSQBHOMM-UHFFFAOYNA-N,-8.466
PPARD,m04,mut_s1,detail,1,164,FWLMJHGQRXWNIS-UHFFFAOYNA-N,-8.617
PPARD,m04,mut_s1,detail,1,165,RZJWOMPOSAPIJL-LQFNOIFHNA-N,-8.707
PPARD,m04,mut_s1,detail,1,166,ZUMDOGBUKHTCOC-CWWQGPJMNA-N,-8.739
PPARD,m04,mut_s1,detail,1,167,ANZGKDRXGOPIJA-QWOVJGMINA-N,-7.116
PPARD,m04,mut_s1,detail,1,168,QUISVMJELRRHAG-UHFFFAOYNA-N,-9.044
PPARD,m04,mut_s1,detail,1,169,XZFCGNQJCGTXNQ-ZVHZXABRNA-N,-8.289
PPARD,m04,mut_s1,detail,1,170,UGPWOMSWEMIIJH-UHFFFAOYNA-N,-9.173
PPARD,m04,mut_s1,detail,1,171,WGMQZHYPIKBUML-LQFNOIFHNA-N,-7.787
PPARD,m04,mut_s1,detail,1,172,HPNLHDILXMKRJE-UHFFFAOYNA-N,-8.234
PPARD,m04,mut_s1,detail,1,173,AQBHPXSDFXKHIG-LELJVTLKNA-N,-8.482
PPARD,m04,mut_s1,detail,1,174,BHPSGEAUUZMDDL-QFIPXVFZNA-N,-9.829
PPARD,m04,mut_s1,detail,1,175,RHMDXGNHLMFANS-XBXBPLPCNA-N,-8.981
PPARD,m04,mut_s1,detail,1,176,HZXUSKDOXPOMIW-PKSOQXRJNA-N,-7.877
PPARD,m04,mut_s1,detail,1,177,QBBIMTGZZXPUPY-UHFFFAOYNA-N,-9.256
PPARD,m04,mut_s1,detail,1,178,FAALFCIDNMPXJU-LNNLXFCONA-N,-10.295
PPARD,m04,mut_s1,detail,1,179,UEGWFDMCEAIRSE-DVIAZDKANA-N,-8.274
PPARD,m04,mut_s1,detail,1,180,QATBWONTRXXCBE-UHFFFAOYNA-N,-7.685
PPARD,m04,mut_s1,detail,1,181,IEWZULBPMDXTLX-LQFNOIFHNA-N,-11.158
PPARD,m04,mut_s1,detail,1,182,DTUUXDIGBXNINJ-PKSOQXRJNA-N,-7.562
PPARD,m04,mut_s1,detail,1,183,FFDDOWCKFPDEPQ-KIYDBJNPNA-N,-9.191
PPARD,m04,mut_s1,detail,1,184,LFTDMBYAYYEBDL-XWYQMZBENA-N,-9.673
PPARD,m04,mut_s1,detail,1,185,VZFTWWJAUZOJDH-YANQHBGHNA-N,-9.889
PPARD,m04,mut_s1,detail,1,186,YNUOGMCLPCOTIC-UHFFFAOYNA-N,-8.854
PPARD,m04,mut_s1,detail,1,187,WDXONUYXRRUOAF-LELJVTLKNA-N,-8.125
PPARD,m04,mut_s1,detail,1,188,FWYUTSUWWZVOGD-UHFFFAOYNA-N,-8.481
PPARD,m04,mut_s1,detail,1,189,VMDJSIGZJOXSGC-UHFFFAOYNA-N,-8.449
PPARD,m04,mut_s1,detail,1,190,IIVPENRIUTZXCZ-DFVASWNCNA-N,-8.23
PPARD,m04,mut_s1,detail,1,191,HHKIXRJLSXZGIO-LBOYIXSDNA-N,-9.223
PPARD,m04,mut_s1,detail,1,192,VFCHPGXNLRROSP-UHFFFAOYNA-N,-9.798
PPARD,m04,mut_s1,detail,1,193,LQNMNFIDHADHQU-LQFNOIFHNA-N,-9.011
PPARD,m04,mut_s1,detail,1,194,DWCQXZSEATZNGJ-JXAWBTAJNA-N,-7.609
PPARD,m04,mut_s1,detail,1,195,XCFKTIVHIIOEHO-XRJCTRHONA-N,-10.27
PPARD,m04,mut_s1,detail,1,196,CTKVVCDWNBLQHQ-VJSLDGLSNA-N,-8.981
PPARD,m04,mut_s1,detail,1,197,SJEBTTUNLKKAEO-QFIPXVFZNA-N,-9.746
PPARD,m04,mut_s1,detail,1,198,VUVBMRFFLDJIKB-UHFFFAOYNA-N,-8.451
PPARD,m04,mut_s1,detail,1,199,CRDOCDKYXPCHRG-GMLXSZADNA-N,-9.082
PPARD,m04,mut_s1,detail,1,200,PTRAWPOMIAVCDX-NPZFWETONA-N,-10.194
PPARD,m04,mut_s1,detail,1,201,YPCVJZIGKJSYKB-XWQTZBKQNA-N,-10.073
PPARD,m04,mut_s1,detail,1,202,DDQUBMKKMCESIY-UHFFFAOYNA-N,-8.373
PPARD,m04,mut_s1,detail,1,203,QRBHMNKXVMROIF-UHFFFAOYNA-N,-10.147
PPARD,m04,mut_s1,detail,1,204,CSCOHEYTBLBQMG-SREBMQDQNA-N,-9.642
PPARD,m04,mut_s1,detail,1,205,FPRLMEVUSKOQRF-UHFFFAOYNA-N,-9.033
PPARD,m04,mut_s1,detail,1,206,VRUTXMQQNLYKSZ-SPEPDGBUNA-N,-9.946
PPARD,m04,mut_s1,detail,1,207,IFVIZWYRFUIABK-LKHHGCNMNA-N,-9.714
PPARD,m04,mut_s1,detail,1,208,BJSKDMOWRPAVMK-UHFFFAOYNA-N,-8.278
PPARD,m04,mut_s1,detail,1,209,AJDIYNONBYMZIF-ILOOJWFPNA-N,-9.875
PPARD,m04,mut_s1,detail,1,210,ABURDUMLEUCKOY-FYDYDPJYNA-N,-8.812
PPARD,m04,mut_s1,detail,1,211,ZXCSBCTVTJFLOZ-JUEKIJOLNA-N,-9.85
PPARD,m04,mut_s1,detail,1,212,SKVNACLQMJDJNT-JJFURXLTNA-N,-10.028
PPARD,m04,mut_s1,detail,1,213,OWDCBGQHUHBGKH-ODBASERBNA-N,-9.325
PPARD,m04,mut_s1,detail,1,214,RLXWTYPPMJNURK-LELJVTLKNA-N,-9.546
PPARD,m04,mut_s1,detail,1,215,LFFVXCIQPOOMOV-UHFFFAOYNA-N,-12.13
PPARD,m04,mut_s1,detail,1,216,ZFFOVIFFFSWOKF-PKRZOPRNNA-N,-11.453
PPARD,m04,mut_s1,detail,1,217,VVWGMEIQTOBDML-RDPOJNOENA-N,-9.378
PPARD,m04,mut_s1,detail,1,218,QAGLJDWYCCJEHH-IGBJZSFZNA-N,-8.433
PPARD,m04,mut_s1,detail,1,219,NFMSQLAKBDDECA-HXXFNXQYNA-N,-8.184
PPARD,m04,mut_s1,detail,1,220,RLKPYUHHHDBUKR-LKHHGCNMNA-N,-8.807
PPARD,m04,mut_s1,detail,1,221,FVGJPHFQQMQGFQ-PQVCHVPHNA-N,-11.219
PPARD,m04,mut_s1,detail,1,222,GGQXSFRJLUHOGQ-MDNXCRMFNA-N,-9.563
PPARD,m04,mut_s1,detail,1,223,LLLNQQOQHKAYHT-CSKMVECVNA-N,-9.855
PPARD,m04,mut_s1,detail,1,224,FTHKKKKNTGUTPA-NBVNDQADNA-N,-10.084
PPARD,m04,mut_s1,detail,1,225,BKYZARFJJFORLR-UHFFFAOYNA-N,-8.932
PPARD,m04,mut_s1,detail,1,226,XMHRXPMKDALTSG-YPBLIGHQNA-N,-8.571
PPARD,m04,mut_s1,detail,1,227,OVSPJLFXFWHQFE-HXTKINSTNA-N,-9.332
PPARD,m04,mut_s1,detail,1,228,SHBLCUUJYNQTSS-NRFANRHFNA-N,-9.988
PPARD,m04,mut_s1,detail,1,229,OHXYGRXPONZZPF-UHFFFAOYNA-N,-10.132
PPARD,m04,mut_s1,detail,1,230,XFOMWTKVHWXVRS-UHFFFAOYNA-N,-11.19
PPARD,m04,mut_s1,detail,1,231,HMPVPIRJMYFQCT-WXDRZTAENA-N,-8.816
PPARD,m04,mut_s1,detail,1,232,NRIQEFNHCJMSHL-UHFFFAOYNA-N,-10.926
PPARD,m04,mut_s1,detail,1,233,WQIKRJDLIIEKAG-WWXRYIHZNA-N,-9.631
PPARD,m04,mut_s1,detail,1,234,CQCKANIIWHCLDP-UHFFFAOYNA-N,-8.033
PPARD,m04,mut_s1,detail,1,235,QETNVWCEGLMMRQ-CXUYMYAGNA-N,-9.397
PPARD,m04,mut_s1,detail,1,236,MLYHNVDOBUQIID-NSJMMFDCNA-N,-10.978
PPARD,m04,mut_s1,detail,1,237,VBFOTEWTMOETMO-PECIQRARNA-N,-7.739
PPARD,m04,mut_s1,detail,1,238,NFSDYJKEOCQTKX-CYSPOYASNA-N,-8.913
PPARD,m04,mut_s1,detail,1,239,GZQHTWYWDSMEAW-UHFFFAOYNA-N,-9.246
PPARD,m04,mut_s1,detail,1,240,LZTXTKIYKWMRQJ-ZALBZXLWNA-N,-8.404
PPARD,m04,mut_s1,detail,1,241,YPDLHOCWYZLMQS-GFBXQOHCNA-N,-9.173
PPARD,m04,mut_s1,detail,1,242,FJUITIGQDNFRQI-UHFFFAOYNA-N,-7.965
PPARD,m04,mut_s1,detail,1,243,OHAIFIOFCXDBHP-NKTHEXPSNA-N,-8.894
PPARD,m04,mut_s1,detail,1,244,LSAXQHPWOGTFSG-UHFFFAOYNA-N,-8.498
PPARD,m04,mut_s1,detail,1,245,OENZVDXWLVYZJT-DHDJHLBQNA-N,-10.045
PPARD,m04,mut_s1,detail,1,246,UEOXIUXQBRDLJU-LBOYIXSDNA-N,-9.547
PPARD,m04,mut_s1,detail,1,247,YFYGWSCMDCTAKZ-MPIMZMORNA-N,-7.776
PPARD,m04,mut_s1,detail,1,248,AQHYVBHJINDJIW-UHFFFAOYNA-N,-7.807
PPARD,m04,mut_s1,detail,1,249,DBOAHQYVPCTALU-QBAQSEIJNA-N,-9.287
PPARD,m04,mut_s1,detail,1,250,NRMRHCTVBLZOIE-PJQSKVNONA-N,-8.574
PPARD,m04,mut_s1,detail,1,251,CGHADMRBCNGDHX-UOUKHUKPNA-N,-10.464
PPARD,m04,mut_s1,detail,1,252,DDZBRJBYGLTADL-TZFBGDORNA-N,-9.158
PPARD,m04,mut_s1,detail,1,253,LOIPDGFJRKDXSJ-UHFFFAOYNA-N,-8.29
PPARD,m04,mut_s1,detail,1,254,VBQAIJHAPZFIRO-MOQCICHVNA-N,-8.476
PPARD,m04,mut_s1,detail,1,255,YPVDZKHCFQJIDP-UHFFFAOYNA-N,-10.529
PPARD,m05,mut_s1,detail,1,0,IFHZOGDEYHFNQO-PKSOQXRJNA-N,-9.077
PPARD,m05,mut_s1,detail,1,1,PZDDADWKMMNNHC-UHFFFAOYNA-N,-6.999
PPARD,m05,mut_s1,detail,1,2,BUEYTYZOCKWHHR-UHFFFAOYNA-N,-6.975
PPARD,m05,mut_s1,detail,1,3,URXMTXGGQRBQQC-LNZJGEAENA-N,-6.639
PPARD,m05,mut_s1,detail,1,4,NNVZANSRDHCDLK-UHFFFAOYNA-N,-8.931
PPARD,m05,mut_s1,detail,1,5,YCVTUSIXNJAXKA-UHFFFAOYNA-N,-6.876
PPARD,m05,mut_s1,detail,1,6,YLQOELRYUQBERL-YHMJCDSINA-N,-6.888
PPARD,m05,mut_s1,detail,1,7,XIOYZAUVDJKWCL-UHFFFAOYNA-N,-8.539
PPARD,m05,mut_s1,detail,1,8,NYBRKCCEVRSDNF-UHFFFAOYNA-N,-9.092
PPARD,m05,mut_s1,detail,1,9,HOWDUDRRYYVTNY-NDKGDYFDNA-N,-7.537
PPARD,m05,mut_s1,detail,1,10,RVRIAONMWINUPS-GPQMBLKYNA-N,-7.338
PPARD,m05,mut_s1,detail,1,11,UVVPLBQLDVTPSL-RVQYIEHVNA-N,-6.062
PPARD,m05,mut_s1,detail,1,12,AXXXFCGETBIMKI-UHFFFAOYNA-N,-7.303
PPARD,m05,mut_s1,detail,1,13,RBMUBAYHBUBLMR-NKWLYDBFNA-N,-7.873
PPARD,m05,mut_s1,detail,1,14,BTIHIHBWVGQIIQ-UHFFFAOYNA-N,-7.969
PPARD,m05,mut_s1,detail,1,15,ACAOHWOPNZHWAF-WNVDMVQFNA-N,-9.032
PPARD,m05,mut_s1,detail,1,16,VEFTYKZXVJQBER-ZHLVXTBQNA-N,-6.822
PPARD,m05,mut_s1,detail,1,17,QBQDUEWXIOEVKT-UYBDAZJANA-N,-9.38
PPARD,m05,mut_s1,detail,1,18,KRGQOKCRZMRVRH-UHFFFAOYNA-N,-6.136
PPARD,m05,mut_s1,detail,1,19,YXGMBGNPGWDLBJ-WYUMXYHSNA-N,-7.485
PPARD,m05,mut_s1,detail,1,20,LHQICPSUYGARIS-UHFFFAOYNA-N,-8.534
PPARD,m05,mut_s1,detail,1,21,ZXVNJVRABSCRGU-GPQMBLKYNA-N,-8.092
PPARD,m05,mut_s1,detail,1,22,TYXGDELQOONTQQ-DQDSCPLDNA-N,-8.523
PPARD,m05,mut_s1,detail,1,23,FMDKDGDDTIJRQT-WRCMMWDQNA-N,-8.024
PPARD,m05,mut_s1,detail,1,24,DXLLFVXDQQMGGM-LILDFLRNNA-N,-7.42
PPARD,m05,mut_s1,detail,1,25,RCFHJSCTPLCRAN-UHFFFAOYNA-N,-8.228
PPARD,m05,mut_s1,detail,1,26,LOIKOLAEHONJTE-KARVIEMNNA-N,-8.398
PPARD,m05,mut_s1,detail,1,27,ZBEDJPDEINGEHM-UHFFFAOYNA-N,-5.872
PPARD,m05,mut_s1,detail,1,28,PKHXJWYQMRFPTR-LILDFLRNNA-N,-8.031
PPARD,m05,mut_s1,detail,1,29,DGFWWFXFIZOMRX-WXRBYKJCNA-N,-6.417
PPARD,m05,mut_s1,detail,1,30,NDEDMCKHRVZXGD-VEWCPZSHNA-N,-7.866
PPARD,m05,mut_s1,detail,1,31,UPOCYXRXSNRNNU-UHFFFAOYNA-N,-8.179
PPARD,m05,mut_s1,detail,1,32,UGLPVHLKYTWQRV-UHFFFAOYNA-N,-8.199
PPARD,m05,mut_s1,detail,1,33,VEBIFNQLJFTSLJ-GPQMBLKYNA-N,-7.241
PPARD,m05,mut_s1,detail,1,34,FZGYMZTVBMODJR-GUYCJALGNA-N,-7.904
PPARD,m05,mut_s1,detail,1,35,XVAMDQGNCAYOLZ-CMNYYERHNA-N,-7.737
PPARD,m05,mut_s1,detail,1,36,MRHCSNNEUHXNIC-DLGLGFIGNA-N,-7.728
PPARD,m05,mut_s1,detail,1,37,QXSUNGXUTAFLCR-HCKMINDGNA-N,-8.33
PPARD,m05,mut_s1,detail,1,38,BTUZBQRUTGYGSI-SAAHQOFTNA-N,-7.656
PPARD,m05,mut_s1,detail,1,39,TTYMNRMJLOVQEL-UHFFFAOYNA-N,-7.523
PPARD,m05,mut_s1,detail,1,40,IVQOCTZDCXKGHW-UHFFFAOYNA-N,-8.03
PPARD,m05,mut_s1,detail,1,41,SRWKAZSWOPMZLA-WYUMXYHSNA-N,-7.72
PPARD,m05,mut_s1,detail,1,42,QPEDEGUPTWDSJM-UHFFFAOYNA-N,-8.597
PPARD,m05,mut_s1,detail,1,43,ISYYCVGFJSIOIJ-UHFFFAOYNA-N,-6.591
PPARD,m05,mut_s1,detail,1,44,MTUZLFBKKNTLNL-YHMJCDSINA-N,-7.277
PPARD,m05,mut_s1,detail,1,45,JOFJZXKVGWGQRQ-UHFFFAOYNA-N,-5.644
PPARD,m05,mut_s1,detail,1,46,KOHAFBWLWQFBFU-UHFFFAOYNA-N,-7.918
PPARD,m05,mut_s1,detail,1,47,YHDLLKNPVWVCGF-UHFFFAOYNA-N,-8.621
PPARD,m05,mut_s1,detail,1,48,KIRJGAMLMFQPIX-LILDFLRNNA-N,-9.615
PPARD,m05,mut_s1,detail,1,49,MIUGSXDNQICPKY-AHPDCHJINA-N,-7.291
PPARD,m05,mut_s1,detail,1,50,NCQYFKGTEDNHPE-GPQMBLKYNA-N,-9.608
PPARD,m05,mut_s1,detail,1,51,OILQEGDAOXVJJG-UHFFFAOYNA-N,-7.906
PPARD,m05,mut_s1,detail,1,52,KMZMSABQJYKKBU-UHFFFAOYNA-N,-7.249
PPARD,m05,mut_s1,detail,1,53,ODNAHSRJQUKZJC-UHFFFAOYNA-N,-7.568
PPARD,m05,mut_s1,detail,1,54,WBXGNUJDIOVVDS-GPQMBLKYNA-N,-8.617
PPARD,m05,mut_s1,detail,1,55,KGFVHZKXNIFXQC-XQMQJMAZNA-N,-8.051
PPARD,m05,mut_s1,detail,1,56,ZGDACLBJJXLKJY-UHFFFAOYNA-N,-7.22
PPARD,m05,mut_s1,detail,1,57,ODQASWLALUMZKF-UHFFFAOYNA-N,-8.979
PPARD,m05,mut_s1,detail,1,58,HEAFXLZWNUOLNQ-UHFFFAOYNA-N,-8.205
PPARD,m05,mut_s1,detail,1,59,GDJPLZYPNHEBBO-GAJRPKRDNA-N,-6.901
PPARD,m05,mut_s1,detail,1,60,KZNIFHPLKGYRTM-UHFFFAOYNA-N,-7.699
PPARD,m05,mut_s1,detail,1,61,XCNLTPWPUBZVTB-WUKNDPDINA-N,-7.472
PPARD,m05,mut_s1,detail,1,62,UJJQDGSLGZZHPE-VEWCPZSHNA-N,-7.491
PPARD,m05,mut_s1,detail,1,63,KUDKBYQDLXZYQT-YAQRNVERNA-N,-7.33
PPARD,m05,mut_s1,detail,1,64,XZDKQJKAVDHUJN-UHFFFAOYNA-N,-9.016
PPARD,m05,mut_s1,detail,1,65,PIHCOUNEIQIOLH-UYBDAZJANA-N,-8.361
PPARD,m05,mut_s1,detail,1,66,FTVJNPIOPFNKML-GPQMBLKYNA-N,-7.627
PPARD,m05,mut_s1,detail,1,67,HHYDNYVAHAHWJL-UHFFFAOYNA-N,-6.554
PPARD,m05,mut_s1,detail,1,68,MXABEVYDQHVOES-NSHDSACANA-N,-7.962
PPARD,m05,mut_s1,detail,1,69,ONNIOMOHOZUMKS-YGZLFCMANA-N,-8.332
PPARD,m05,mut_s1,detail,1,70,DQLGXAYUAURASJ-XXTDWMNGNA-N,-9.635
PPARD,m05,mut_s1,detail,1,71,QGKGHRAWZIKZRJ-WYUMXYHSNA-N,-8.227
PPARD,m05,mut_s1,detail,1,72,JWCQSDFAPBNHSM-UHFFFAOYNA-N,-7.532
PPARD,m05,mut_s1,detail,1,73,RNSJXWMAYUTWOI-UHFFFAOYNA-N,-8.116
PPARD,m05,mut_s1,detail,1,74,AKOOSRNDNZPJNL-PKSOQXRJNA-N,-9.148
PPARD,m05,mut_s1,detail,1,75,BFENEDRNBGYKMO-OTJKMEOQNA-N,-7.494
PPARD,m05,mut_s1,detail,1,76,RULIAUGJMVIUMH-QWOVJGMINA-N,-8.546
PPARD,m05,mut_s1,detail,1,77,VHAIHOXTBBWMRC-LILDFLRNNA-N,-6.841
PPARD,m05,mut_s1,detail,1,78,MMWVUKRVNHSCOU-XWVGVUDUNA-N,-9.096
PPARD,m05,mut_s1,detail,1,79,VEUYFZWVWBJLBT-LILDFLRNNA-N,-7.063
PPARD,m05,mut_s1,detail,1,80,UEVUVZKOTQNFQQ-UHFFFAOYNA-N,-8.472
PPARD,m05,mut_s1,detail,1,81,AVUDBVVAYWAMLJ-UHFFFAOYNA-N,-9.027
PPARD,m05,mut_s1,detail,1,82,BQVDJEOYDDRFHV-UHFFFAOYNA-N,-7.385
PPARD,m05,mut_s1,detail,1,83,RJDWHDCXBZVKHF-UHFFFAOYNA-N,-9.588
PPARD,m05,mut_s1,detail,1,84,UUIYULWYHDSXHL-YREUQKFVNA-N,-6.836
PPARD,m05,mut_s1,detail,1,85,KSVYPWJPODFWFB-MHWRWJLKNA-N,-10.022
PPARD,m05,mut_s1,detail,1,86,YTOTVFWYSYGJKJ-MPIMZMORNA-N,-8.077
PPARD,m05,mut_s1,detail,1,87,LDEBHGWOYJCQTG-SFHVURJKNA-N,-7.46
PPARD,m05,mut_s1,detail,1,88,NXBTXYMTUUWSCC-XBTAAFKLNA-N,-10.589
PPARD,m05,mut_s1,detail,1,89,HRLJAEIRFSEJAW-UHFFFAOYNA-N,-8.344
PPARD,m05,mut_s1,detail,1,90,HROYNIXUIVDQJH-UHFFFAOYNA-N,-7.417
PPARD,m05,mut_s1,detail,1,91,BYXXTGCOSOYREY-QWOVJGMINA-N,-8.847
PPARD,m05,mut_s1,detail,1,92,AWXVIXMNAQQCCZ-OEMYIYORNA-N,-7.992
PPARD,m05,mut_s1,detail,1,93,PVTHJAPFENJVNC-ANRNRNKZNA-N,-7.72
PPARD,m05,mut_s1,detail,1,94,IMPAUHAIMHCPEJ-PKSOQXRJNA-N,-9.366
PPARD,m05,mut_s1,detail,1,95,SLOJERRRBYNXAR-NPQUBYNZNA-N,-8.916
PPARD,m05,mut_s1,detail,1,96,YWBJCOHEBDEQDR-PKSOQXRJNA-N,-7.794
PPARD,m05,mut_s1,detail,1,97,WWRBDTKNUXAXRR-XAVYIPQLNA-O,-8.293
PPARD,m05,mut_s1,detail,1,98,HBERTCHGBHHVDT-LILDFLRNNA-N,-9.592
PPARD,m05,mut_s1,detail,1,99,BXKUVDXLHUBVPA-ZWQIFLOQNA-N,-5.441
PPARD,m05,mut_s1,detail,1,100,WBWFIUAVMCNYPG-FPLPWBNLNA-N,-7.633
PPARD,m05,mut_s1,detail,1,101,VRWIFQNGGPFLST-UYBDAZJANA-N,-8.518
PPARD,m05,mut_s1,detail,1,102,JTAPVIPBGIDRDE-UHFFFAOYNA-N,-10.524
PPARD,m05,mut_s1,detail,1,103,HBTCLXRQQIHFQB-GDEMPAQCNA-N,-7.488
PPARD,m05,mut_s1,detail,1,104,DXJSFQXIPUHFQK-QWOVJGMINA-N,-7.07
PPARD,m05,mut_s1,detail,1,105,RBEMVAFKFYHQIB-UYBDAZJANA-N,-9.136
PPARD,m05,mut_s1,detail,1,106,QEKAHUYYWSNHDY-DZQCGVKKNA-N,-8.735
PPARD,m05,mut_s1,detail,1,107,RCSUTAOLFYVOEE-UHFFFAOYNA-N,-7.763
PPARD,m05,mut_s1,detail,1,108,MYBUANZGRGNVPO-YSPVQWMYNA-N,-9.029
PPARD,m05,mut_s1,detail,1,109,UIQCZMYFTSFLPQ-LQFNOIFHNA-N,-9.728
PPARD,m05,mut_s1,detail,1,110,QRMYORHEAHTJBC-GPQMBLKYNA-N,-7.792
PPARD,m05,mut_s1,detail,1,111,CPYTXWFFFQKUDP-QFAGIUQONA-N,-8.893
PPARD,m05,mut_s1,detail,1,112,DCIAJQYVIKONRS-QWOVJGMINA-N,-9.459
PPARD,m05,mut_s1,detail,1,113,ZMMGBIJMLCNSOV-PKSOQXRJNA-N,-7.994
PPARD,m05,mut_s1,detail,1,114,MRFDGPBJIFXZIT-NPQUBYNZNA-N,-9.735
PPARD,m05,mut_s1,detail,1,115,KANCHOKOTXNDQH-NVQSQQPGNA-N,-7.048
PPARD,m05,mut_s1,detail,1,116,SOAWEEUOPZCBSN-UHFFFAOYNA-N,-9.93
PPARD,m05,mut_s1,detail,1,117,BHXYDHWPQIADCG-HZFZDWCWNA-N,-8.113
PPARD,m05,mut_s1,detail,1,118,LVIWVNDQNUSMMV-LILDFLRNNA-N,-7.399
PPARD,m05,mut_s1,detail,1,119,UBAMGTKSOKGECF-UHFFFAOYNA-N,-7.327
PPARD,m05,mut_s1,detail,1,120,YSVHPRBZNNADQG-UHFFFAOYNA-N,-7.634
PPARD,m05,mut_s1,detail,1,121,IXZAZBWJQHWVHS-QVUQFMIFNA-N,-8.104
PPARD,m05,mut_s1,detail,1,122,NILCXRPLMSLFEG-HQHQJUQONA-N,-7.532
PPARD,m05,mut_s1,detail,1,123,HRNRRPMOOJUJLK-QWOVJGMINA-N,-8.724
PPARD,m05,mut_s1,detail,1,124,OLSXSUXZOLBVQZ-QVUQFMIFNA-N,-8.693
PPARD,m05,mut_s1,detail,1,125,XZMGFGHEVBEPKS-UHFFFAOYNA-N,-9.716
PPARD,m05,mut_s1,detail,1,126,MNLBKBCAEFZATB-UHFFFAOYNA-N,-8.599
PPARD,m05,mut_s1,detail,1,127,NNTZETQYCAZKJF-UYBDAZJANA-N,-9.825
PPARD,m05,mut_s1,detail,1,128,AKEDBCQYOCYZDX-PLBWUZGSNA-N,-8.329
PPARD,m05,mut_s1,detail,1,129,HCXOEHYNUWUKAG-UHFFFAOYNA-N,-8.504
PPARD,m05,mut_s1,detail,1,130,CWKHWSAMAAAUEN-UYBDAZJANA-N,-8.357
PPARD,m05,mut_s1,detail,1,131,VMZWELQEDXUUJX-HXTKINSTNA-N,-7.065
PPARD,m05,mut_s1,detail,1,132,PCMOPVSFMUOUFR-OAQYLSRUNA-N,-8.454
PPARD,m05,mut_s1,detail,1,133,POFKEPXNJQGIOB-DIRLUKLVNA-N,-10.225
PPARD,m05,mut_s1,detail,1,134,GQNKLNZBZDEAMD-VQHCSMNLNA-N,-9.892
PPARD,m05,mut_s1,detail,1,135,COFQAKCKCHDGNW-ZXWGSDNONA-N,-8.592
PPARD,m05,mut_s1,detail,1,136,XURFWWBVADUSQL-LNNLXFCONA-N,-10.273
PPARD,m05,mut_s1,detail,1,137,LBDHNFPYMBLBSB-CLCOLTQENA-N,-7.262
PPARD,m05,mut_s1,detail,1,138,QKIJTUQIQQZCIX-UYBDAZJANA-N,-9.103
PPARD,m05,mut_s1,detail,1,139,UXLJJGBAQOYQMV-UHFFFAOYNA-N,-7.808
PPARD,m05,mut_s1,detail,1,140,WQAWGOAEJJIYFP-DEOSSOPVNA-N,-8.84
PPARD,m05,mut_s1,detail,1,141,MBNPYPWQYGHCTB-UHFFFAOYNA-N,-9.357
PPARD,m05,mut_s1,detail,1,142,XAYHBRQVRJQCAH-PKSOQXRJNA-N,-7.913
PPARD,m05,mut_s1,detail,1,143,GNTOXDIONQLPFR-CXUHLZMHNA-N,-8.722
PPARD,m05,mut_s1,detail,1,144,RIVKJCNOYQAWOL-VCZDBIKCNA-N,-9.2
PPARD,m05,mut_s1,detail,1,145,LRRFROMGHKZMSA-PKRZOPRNNA-N,-10.842
PPARD,m05,mut_s1,detail,1,146,HWUKVYPOCLJTSN-RJJUGOMSNA-N,-8.931
PPARD,m05,mut_s1,detail,1,147,JAQNENPDJAEDSC-UHFFFAOYNA-N,-8.856
PPARD,m05,mut_s1,detail,1,148,ZYQCCRUKVDVTJE-ZUOKHONENA-N,-7.192
PPARD,m05,mut_s1,detail,1,149,UUWCZQYGBSUBRG-SPEPDGBUNA-N,-11.004
PPARD,m05,mut_s1,detail,1,150,KNGPIEIQVMOPHJ-PKSOQXRJNA-N,-7.981
PPARD,m05,mut_s1,detail,1,151,CTDCFVMSXQQWDC-HXTKINSTNA-N,-8.4
PPARD,m05,mut_s1,detail,1,152,AELMMQNCWIYZED-UHFFFAOYNA-N,-8.972
PPARD,m05,mut_s1,detail,1,153,BTBRAURMAUKXDM-UHFFFAOYNA-N,-8.2
PPARD,m05,mut_s1,detail,1,154,DWAPJEYUYKZUPW-UYBDAZJANA-N,-9.68
PPARD,m05,mut_s1,detail,1,155,MTWNFHPRKAIWJY-LQFNOIFHNA-N,-9.327
PPARD,m05,mut_s1,detail,1,156,XMOFGSWSGOXFPP-MPIMZMORNA-N,-7.944
PPARD,m05,mut_s1,detail,1,157,VVSBVXXITLYIIA-CKFYMFOVNA-N,-9.435
PPARD,m05,mut_s1,detail,1,158,GAXPVNSBLNNWCZ-PSHYBUTQNA-N,-7.594
PPARD,m05,mut_s1,detail,1,159,XDYREIZGNBPMPJ-IBGZPJMENA-N,-8.978
PPARD,m05,mut_s1,detail,1,160,WITBRHUYBFKPOL-MPIMZMORNA-N,-8.592
PPARD,m05,mut_s1,detail,1,161,IBIQKJHXTSLLBQ-PKRZOPRNNA-N,-9.403
PPARD,m05,mut_s1,detail,1,162,VLUGXHSPLMSNET-LNNLXFCONA-N,-9.314
PPARD,m05,mut_s1,detail,1,163,IEQABWYSQBHOMM-UHFFFAOYNA-N,-8.747
PPARD,m05,mut_s1,detail,1,164,FWLMJHGQRXWNIS-UHFFFAOYNA-N,-9.522
PPARD,m05,mut_s1,detail,1,165,RZJWOMPOSAPIJL-LQFNOIFHNA-N,-8.764
PPARD,m05,mut_s1,detail,1,166,ZUMDOGBUKHTCOC-CWWQGPJMNA-N,-8.957
PPARD,m05,mut_s1,detail,1,167,ANZGKDRXGOPIJA-QWOVJGMINA-N,-7.869
PPARD,m05,mut_s1,detail,1,168,QUISVMJELRRHAG-UHFFFAOYNA-N,-9.134
PPARD,m05,mut_s1,detail,1,169,XZFCGNQJCGTXNQ-ZVHZXABRNA-N,-8.432
PPARD,m05,mut_s1,detail,1,170,UGPWOMSWEMIIJH-UHFFFAOYNA-N,-8.928
PPARD,m05,mut_s1,detail,1,171,WGMQZHYPIKBUML-LQFNOIFHNA-N,-7.464
PPARD,m05,mut_s1,detail,1,172,HPNLHDILXMKRJE-UHFFFAOYNA-N,-8.377
PPARD,m05,mut_s1,detail,1,173,AQBHPXSDFXKHIG-LELJVTLKNA-N,-8.539
PPARD,m05,mut_s1,detail,1,174,BHPSGEAUUZMDDL-QFIPXVFZNA-N,-10.101
PPARD,m05,mut_s1,detail,1,175,RHMDXGNHLMFANS-XBXBPLPCNA-N,-8.634
PPARD,m05,mut_s1,detail,1,176,HZXUSKDOXPOMIW-PKSOQXRJNA-N,-7.422
PPARD,m05,mut_s1,detail,1,177,QBBIMTGZZXPUPY-UHFFFAOYNA-N,-8.29
PPARD,m05,mut_s1,detail,1,178,FAALFCIDNMPXJU-LNNLXFCONA-N,-10.527
PPARD,m05,mut_s1,detail,1,179,UEGWFDMCEAIRSE-DVIAZDKANA-N,-8.455
PPARD,m05,mut_s1,detail,1,180,QATBWONTRXXCBE-UHFFFAOYNA-N,-8.623
PPARD,m05,mut_s1,detail,1,181,IEWZULBPMDXTLX-LQFNOIFHNA-N,-11.303
PPARD,m05,mut_s1,detail,1,182,DTUUXDIGBXNINJ-PKSOQXRJNA-N,-9.289
PPARD,m05,mut_s1,detail,1,183,FFDDOWCKFPDEPQ-KIYDBJNPNA-N,-10.466
PPARD,m05,mut_s1,detail,1,184,LFTDMBYAYYEBDL-XWYQMZBENA-N,-11.119
PPARD,m05,mut_s1,detail,1,185,VZFTWWJAUZOJDH-YANQHBGHNA-N,-9.732
PPARD,m05,mut_s1,detail,1,186,YNUOGMCLPCOTIC-UHFFFAOYNA-N,-8.914
PPARD,m05,mut_s1,detail,1,187,WDXONUYXRRUOAF-LELJVTLKNA-N,-8.383
PPARD,m05,mut_s1,detail,1,188,FWYUTSUWWZVOGD-UHFFFAOYNA-N,-8.237
PPARD,m05,mut_s1,detail,1,189,VMDJSIGZJOXSGC-UHFFFAOYNA-N,-9.259
PPARD,m05,mut_s1,detail,1,190,IIVPENRIUTZXCZ-DFVASWNCNA-N,-8.05
PPARD,m05,mut_s1,detail,1,191,HHKIXRJLSXZGIO-LBOYIXSDNA-N,-9.147
PPARD,m05,mut_s1,detail,1,192,VFCHPGXNLRROSP-UHFFFAOYNA-N,-10.028
PPARD,m05,mut_s1,detail,1,193,LQNMNFIDHADHQU-LQFNOIFHNA-N,-8.724
PPARD,m05,mut_s1,detail,1,194,DWCQXZSEATZNGJ-JXAWBTAJNA-N,-7.555
PPARD,m05,mut_s1,detail,1,195,XCFKTIVHIIOEHO-XRJCTRHONA-N,-10.478
PPARD,m05,mut_s1,detail,1,196,CTKVVCDWNBLQHQ-VJSLDGLSNA-N,-9.325
PPARD,m05,mut_s1,detail,1,197,SJEBTTUNLKKAEO-QFIPXVFZNA-N,-8.204
PPARD,m05,mut_s1,detail,1,198,VUVBMRFFLDJIKB-UHFFFAOYNA-N,-7.81
PPARD,m05,mut_s1,detail,1,199,CRDOCDKYXPCHRG-GMLXSZADNA-N,-9.447
PPARD,m05,mut_s1,detail,1,200,PTRAWPOMIAVCDX-NPZFWETONA-N,-10.25
PPARD,m05,mut_s1,detail,1,201,YPCVJZIGKJSYKB-XWQTZBKQNA-N,-10.111
PPARD,m05,mut_s1,detail,1,202,DDQUBMKKMCESIY-UHFFFAOYNA-N,-9.197
PPARD,m05,mut_s1,detail,1,203,QRBHMNKXVMROIF-UHFFFAOYNA-N,-9.477
PPARD,m05,mut_s1,detail,1,204,CSCOHEYTBLBQMG-SREBMQDQNA-N,-9.571
PPARD,m05,mut_s1,detail,1,205,FPRLMEVUSKOQRF-UHFFFAOYNA-N,-8.566
PPARD,m05,mut_s1,detail,1,206,VRUTXMQQNLYKSZ-SPEPDGBUNA-N,-10.153
PPARD,m05,mut_s1,detail,1,207,IFVIZWYRFUIABK-LKHHGCNMNA-N,-9.771
PPARD,m05,mut_s1,detail,1,208,BJSKDMOWRPAVMK-UHFFFAOYNA-N,-8.156
PPARD,m05,mut_s1,detail,1,209,AJDIYNONBYMZIF-ILOOJWFPNA-N,-10.157
PPARD,m05,mut_s1,detail,1,210,ABURDUMLEUCKOY-FYDYDPJYNA-N,-9.702
PPARD,m05,mut_s1,detail,1,211,ZXCSBCTVTJFLOZ-JUEKIJOLNA-N,-9.868
PPARD,m05,mut_s1,detail,1,212,SKVNACLQMJDJNT-JJFURXLTNA-N,-8.825
PPARD,m05,mut_s1,detail,1,213,OWDCBGQHUHBGKH-ODBASERBNA-N,-9.556
PPARD,m05,mut_s1,detail,1,214,RLXWTYPPMJNURK-LELJVTLKNA-N,-9.074
PPARD,m05,mut_s1,detail,1,215,LFFVXCIQPOOMOV-UHFFFAOYNA-N,-12.259
PPARD,m05,mut_s1,detail,1,216,ZFFOVIFFFSWOKF-PKRZOPRNNA-N,-11.781
PPARD,m05,mut_s1,detail,1,217,VVWGMEIQTOBDML-RDPOJNOENA-N,-9.196
PPARD,m05,mut_s1,detail,1,218,QAGLJDWYCCJEHH-IGBJZSFZNA-N,-8.729
PPARD,m05,mut_s1,detail,1,219,NFMSQLAKBDDECA-HXXFNXQYNA-N,-8.494
PPARD,m05,mut_s1,detail,1,220,RLKPYUHHHDBUKR-LKHHGCNMNA-N,-9.228
PPARD,m05,mut_s1,detail,1,221,FVGJPHFQQMQGFQ-PQVCHVPHNA-N,-11.099
PPARD,m05,mut_s1,detail,1,222,GGQXSFRJLUHOGQ-MDNXCRMFNA-N,-9.75
PPARD,m05,mut_s1,detail,1,223,LLLNQQOQHKAYHT-CSKMVECVNA-N,-10.576
PPARD,m05,mut_s1,detail,1,224,FTHKKKKNTGUTPA-NBVNDQADNA-N,-10.27
PPARD,m05,mut_s1,detail,1,225,BKYZARFJJFORLR-UHFFFAOYNA-N,-8.785
PPARD,m05,mut_s1,detail,1,226,XMHRXPMKDALTSG-YPBLIGHQNA-N,-8.611
PPARD,m05,mut_s1,detail,1,227,OVSPJLFXFWHQFE-HXTKINSTNA-N,-9.469
PPARD,m05,mut_s1,detail,1,228,SHBLCUUJYNQTSS-NRFANRHFNA-N,-9.793
PPARD,m05,mut_s1,detail,1,229,OHXYGRXPONZZPF-UHFFFAOYNA-N,-9.273
PPARD,m05,mut_s1,detail,1,230,XFOMWTKVHWXVRS-UHFFFAOYNA-N,-10.861
PPARD,m05,mut_s1,detail,1,231,HMPVPIRJMYFQCT-WXDRZTAENA-N,-9.038
PPARD,m05,mut_s1,detail,1,232,NRIQEFNHCJMSHL-UHFFFAOYNA-N,-10.924
PPARD,m05,mut_s1,detail,1,233,WQIKRJDLIIEKAG-WWXRYIHZNA-N,-10.251
PPARD,m05,mut_s1,detail,1,234,CQCKANIIWHCLDP-UHFFFAOYNA-N,-7.68
PPARD,m05,mut_s1,detail,1,235,QETNVWCEGLMMRQ-CXUYMYAGNA-N,-7.669
PPARD,m05,mut_s1,detail,1,236,MLYHNVDOBUQIID-NSJMMFDCNA-N,-10.678
PPARD,m05,mut_s1,detail,1,237,VBFOTEWTMOETMO-PECIQRARNA-N,-7.328
PPARD,m05,mut_s1,detail,1,238,NFSDYJKEOCQTKX-CYSPOYASNA-N,-9.731
PPARD,m05,mut_s1,detail,1,239,GZQHTWYWDSMEAW-UHFFFAOYNA-N,-9.104
PPARD,m05,mut_s1,detail,1,240,LZTXTKIYKWMRQJ-ZALBZXLWNA-N,-7.854
PPARD,m05,mut_s1,detail,1,241,YPDLHOCWYZLMQS-GFBXQOHCNA-N,-8.259
PPARD,m05,mut_s1,detail,1,242,FJUITIGQDNFRQI-UHFFFAOYNA-N,-7.772
PPARD,m05,mut_s1,detail,1,243,OHAIFIOFCXDBHP-NKTHEXPSNA-N,-8.722
PPARD,m05,mut_s1,detail,1,244,LSAXQHPWOGTFSG-UHFFFAOYNA-N,-8.518
PPARD,m05,mut_s1,detail,1,245,OENZVDXWLVYZJT-DHDJHLBQNA-N,-10.049
PPARD,m05,mut_s1,detail,1,246,UEOXIUXQBRDLJU-LBOYIXSDNA-N,-8.956
PPARD,m05,mut_s1,detail,1,247,YFYGWSCMDCTAKZ-MPIMZMORNA-N,-8.407
PPARD,m05,mut_s1,detail,1,248,AQHYVBHJINDJIW-UHFFFAOYNA-N,-8.35
PPARD,m05,mut_s1,detail,1,249,DBOAHQYVPCTALU-QBAQSEIJNA-N,-8.586
PPARD,m05,mut_s1,detail,1,250,NRMRHCTVBLZOIE-PJQSKVNONA-N,-8.347
PPARD,m05,mut_s1,detail,1,251,CGHADMRBCNGDHX-UOUKHUKPNA-N,-10.518
PPARD,m05,mut_s1,detail,1,252,DDZBRJBYGLTADL-TZFBGDORNA-N,-8.388
PPARD,m05,mut_s1,detail,1,253,LOIPDGFJRKDXSJ-UHFFFAOYNA-N,-7.455
PPARD,m05,mut_s1,detail,1,254,VBQAIJHAPZFIRO-MOQCICHVNA-N,-9.129
PPARD,m05,mut_s1,detail,1,255,YPVDZKHCFQJIDP-UHFFFAOYNA-N,-10.605
PPARD,m06,mut_s1,detail,1,0,IFHZOGDEYHFNQO-PKSOQXRJNA-N,-9.355
PPARD,m06,mut_s1,detail,1,1,PZDDADWKMMNNHC-UHFFFAOYNA-N,-7.067
PPARD,m06,mut_s1,detail,1,2,BUEYTYZOCKWHHR-UHFFFAOYNA-N,-6.994
PPARD,m06,mut_s1,detail,1,3,URXMTXGGQRBQQC-LNZJGEAENA-N,-6.827
PPARD,m06,mut_s1,detail,1,4,NNVZANSRDHCDLK-UHFFFAOYNA-N,-8.207
PPARD,m06,mut_s1,detail,1,5,YCVTUSIXNJAXKA-UHFFFAOYNA-N,-7.163
PPARD,m06,mut_s1,detail,1,6,YLQOELRYUQBERL-YHMJCDSINA-N,-6.44
PPARD,m06,mut_s1,detail,1,7,XIOYZAUVDJKWCL-UHFFFAOYNA-N,-8.84
PPARD,m06,mut_s1,detail,1,8,NYBRKCCEVRSDNF-UHFFFAOYNA-N,-9.133
PPARD,m06,mut_s1,detail,1,9,HOWDUDRRYYVTNY-NDKGDYFDNA-N,-7.375
PPARD,m06,mut_s1,detail,1,10,RVRIAONMWINUPS-GPQMBLKYNA-N,-6.732
PPARD,m06,mut_s1,detail,1,11,UVVPLBQLDVTPSL-RVQYIEHVNA-N,-6.492
PPARD,m06,mut_s1,detail,1,12,AXXXFCGETBIMKI-UHFFFAOYNA-N,-7.239
PPARD,m06,mut_s1,detail,1,13,RBMUBAYHBUBLMR-NKWLYDBFNA-N,-8.156
PPARD,m06,mut_s1,detail,1,14,BTIHIHBWVGQIIQ-UHFFFAOYNA-N,-7.181
PPARD,m06,mut_s1,detail,1,15,ACAOHWOPNZHWAF-WNVDMVQFNA-N,-8.152
PPARD,m06,mut_s1,detail,1,16,VEFTYKZXVJQBER-ZHLVXTBQNA-N,-6.672
PPARD,m06,mut_s1,detail,1,17,QBQDUEWXIOEVKT-UYBDAZJANA-N,-8.745
PPARD,m06,mut_s1,detail,1,18,KRGQOKCRZMRVRH-UHFFFAOYNA-N,-6.202
PPARD,m06,mut_s1,detail,1,19,YXGMBGNPGWDLBJ-WYUMXYHSNA-N,-7.182
PPARD,m06,mut_s1,detail,1,20,LHQICPSUYGARIS-UHFFFAOYNA-N,-8.272
PPARD,m06,mut_s1,detail,1,21,ZXVNJVRABSCRGU-GPQMBLKYNA-N,-7.762
PPARD,m06,mut_s1,detail,1,22,TYXGDELQOONTQQ-DQDSCPLDNA-N,-7.787
PPARD,m06,mut_s1,detail,1,23,FMDKDGDDTIJRQT-WRCMMWDQNA-N,-6.839
PPARD,m06,mut_s1,detail,1,24,DXLLFVXDQQMGGM-LILDFLRNNA-N,-7.579
PPARD,m06,mut_s1,detail,1,25,RCFHJSCTPLCRAN-UHFFFAOYNA-N,-8.232
PPARD,m06,mut_s1,detail,1,26,LOIKOLAEHONJTE-KARVIEMNNA-N,-7.927
PPARD,m06,mut_s1,detail,1,27,ZBEDJPDEINGEHM-UHFFFAOYNA-N,-6.015
PPARD,m06,mut_s1,detail,1,28,PKHXJWYQMRFPTR-LILDFLRNNA-N,-7.77
PPARD,m06,mut_s1,detail,1,29,DGFWWFXFIZOMRX-WXRBYKJCNA-N,-6.531
PPARD,m06,mut_s1,detail,1,30,NDEDMCKHRVZXGD-VEWCPZSHNA-N,-7.917
PPARD,m06,mut_s1,detail,1,31,UPOCYXRXSNRNNU-UHFFFAOYNA-N,-7.888
PPARD,m06,mut_s1,detail,1,32,UGLPVHLKYTWQRV-UHFFFAOYNA-N,-6.737
PPARD,m06,mut_s1,detail,1,33,VEBIFNQLJFTSLJ-GPQMBLKYNA-N,-7.786
PPARD,m06,mut_s1,detail,1,34,FZGYMZTVBMODJR-GUYCJALGNA-N,-7.782
PPARD,m06,mut_s1,detail,1,35,XVAMDQGNCAYOLZ-CMNYYERHNA-N,-7.621
PPARD,m06,mut_s1,detail,1,36,MRHCSNNEUHXNIC-DLGLGFIGNA-N,-7.941
PPARD,m06,mut_s1,detail,1,37,QXSUNGXUTAFLCR-HCKMINDGNA-N,-7.823
PPARD,m06,mut_s1,detail,1,38,BTUZBQRUTGYGSI-SAAHQOFTNA-N,-7.575
PPARD,m06,mut_s1,detail,1,39,TTYMNRMJLOVQEL-UHFFFAOYNA-N,-7.531
PPARD,m06,mut_s1,detail,1,40,IVQOCTZDCXKGHW-UHFFFAOYNA-N,-7.394
PPARD,m06,mut_s1,detail,1,41,SRWKAZSWOPMZLA-WYUMXYHSNA-N,-7.374
PPARD,m06,mut_s1,detail,1,42,QPEDEGUPTWDSJM-UHFFFAOYNA-N,-8.191
PPARD,m06,mut_s1,detail,1,43,ISYYCVGFJSIOIJ-UHFFFAOYNA-N,-6.687
PPARD,m06,mut_s1,detail,1,44,MTUZLFBKKNTLNL-YHMJCDSINA-N,-7.157
PPARD,m06,mut_s1,detail,1,45,JOFJZXKVGWGQRQ-UHFFFAOYNA-N,-6.004
PPARD,m06,mut_s1,detail,1,46,KOHAFBWLWQFBFU-UHFFFAOYNA-N,-8.316
PPARD,m06,mut_s1,detail,1,47,YHDLLKNPVWVCGF-UHFFFAOYNA-N,-7.992
PPARD,m06,mut_s1,detail,1,48,KIRJGAMLMFQPIX-LILDFLRNNA-N,-9.463
PPARD,m06,mut_s1,detail,1,49,MIUGSXDNQICPKY-AHPDCHJINA-N,-6.822
PPARD,m06,mut_s1,detail,1,50,NCQYFKGTEDNHPE-GPQMBLKYNA-N,-9.371
PPARD,m06,mut_s1,detail,1,51,OILQEGDAOXVJJG-UHFFFAOYNA-N,-7.962
PPARD,m06,mut_s1,detail,1,52,KMZMSABQJYKKBU-UHFFFAOYNA-N,-7.386
PPARD,m06,mut_s1,detail,1,53,ODNAHSRJQUKZJC-UHFFFAOYNA-N,-7.638
PPARD,m06,mut_s1,detail,1,54,WBXGNUJDIOVVDS-GPQMBLKYNA-N,-8.595
PPARD,m06,mut_s1,detail,1,55,KGFVHZKXNIFXQC-XQMQJMAZNA-N,-7.392
PPARD,m06,mut_s1,detail,1,56,ZGDACLBJJXLKJY-UHFFFAOYNA-N,-7.757
PPARD,m06,mut_s1,detail,1,57,ODQASWLALUMZKF-UHFFFAOYNA-N,-8.292
PPARD,m06,mut_s1,detail,1,58,HEAFXLZWNUOLNQ-UHFFFAOYNA-N,-7.901
PPARD,m06,mut_s1,detail,1,59,GDJPLZYPNHEBBO-GAJRPKRDNA-N,-6.909
PPARD,m06,mut_s1,detail,1,60,KZNIFHPLKGYRTM-UHFFFAOYNA-N,-7.567
PPARD,m06,mut_s1,detail,1,61,XCNLTPWPUBZVTB-WUKNDPDINA-N,-6.969
PPARD,m06,mut_s1,detail,1,62,UJJQDGSLGZZHPE-VEWCPZSHNA-N,-7.481
PPARD,m06,mut_s1,detail,1,63,KUDKBYQDLXZYQT-YAQRNVERNA-N,-7.424
PPARD,m06,mut_s1,detail,1,64,XZDKQJKAVDHUJN-UHFFFAOYNA-N,-8.898
PPARD,m06,mut_s1,detail,1,65,PIHCOUNEIQIOLH-UYBDAZJANA-N,-8.251
PPARD,m06,mut_s1,detail,1,66,FTVJNPIOPFNKML-GPQMBLKYNA-N,-7.52
PPARD,m06,mut_s1,detail,1,67,HHYDNYVAHAHWJL-UHFFFAOYNA-N,-6.866
PPARD,m06,mut_s1,detail,1,68,MXABEVYDQHVOES-NSHDSACANA-N,-7.852
PPARD,m06,mut_s1,detail,1,69,ONNIOMOHOZUMKS-YGZLFCMANA-N,-8.097
PPARD,m06,mut_s1,detail,1,70,DQLGXAYUAURASJ-XXTDWMNGNA-N,-9.792
PPARD,m06,mut_s1,detail,1,71,QGKGHRAWZIKZRJ-WYUMXYHSNA-N,-7.325
PPARD,m06,mut_s1,detail,1,72,JWCQSDFAPBNHSM-UHFFFAOYNA-N,-7.755
PPARD,m06,mut_s1,detail,1,73,RNSJXWMAYUTWOI-UHFFFAOYNA-N,-7.909
PPARD,m06,mut_s1,detail,1,74,AKOOSRNDNZPJNL-PKSOQXRJNA-N,-9.514
PPARD,m06,mut_s1,detail,1,75,BFENEDRNBGYKMO-OTJKMEOQNA-N,-7.595
PPARD,m06,mut_s1,detail,1,76,RULIAUGJMVIUMH-QWOVJGMINA-N,-8.048
PPARD,m06,mut_s1,detail,1,77,VHAIHOXTBBWMRC-LILDFLRNNA-N,-6.796
PPARD,m06,mut_s1,detail,1,78,MMWVUKRVNHSCOU-XWVGVUDUNA-N,-8.24
PPARD,m06,mut_s1,detail,1,79,VEUYFZWVWBJLBT-LILDFLRNNA-N,-7.216
PPARD,m06,mut_s1,detail,1,80,UEVUVZKOTQNFQQ-UHFFFAOYNA-N,-8.531
PPARD,m06,mut_s1,detail,1,81,AVUDBVVAYWAMLJ-UHFFFAOYNA-N,-9.203
PPARD,m06,mut_s1,detail,1,82,BQVDJEOYDDRFHV-UHFFFAOYNA-N,-6.45
PPARD,m06,mut_s1,detail,1,83,RJDWHDCXBZVKHF-UHFFFAOYNA-N,-9.624
PPARD,m06,mut_s1,detail,1,84,UUIYULWYHDSXHL-YREUQKFVNA-N,-6.933
PPARD,m06,mut_s1,detail,1,85,KSVYPWJPODFWFB-MHWRWJLKNA-N,-9.26
PPARD,m06,mut_s1,detail,1,86,YTOTVFWYSYGJKJ-MPIMZMORNA-N,-8.31
PPARD,m06,mut_s1,detail,1,87,LDEBHGWOYJCQTG-SFHVURJKNA-N,-7.735
PPARD,m06,mut_s1,detail,1,88,NXBTXYMTUUWSCC-XBTAAFKLNA-N,-8.437
PPARD,m06,mut_s1,detail,1,89,HRLJAEIRFSEJAW-UHFFFAOYNA-N,-7.787
PPARD,m06,mut_s1,detail,1,90,HROYNIXUIVDQJH-UHFFFAOYNA-N,-8.119
PPARD,m06,mut_s1,detail,1,91,BYXXTGCOSOYREY-QWOVJGMINA-N,-8.057
PPARD,m06,mut_s1,detail,1,92,AWXVIXMNAQQCCZ-OEMYIYORNA-N,-7.834
PPARD,m06,mut_s1,detail,1,93,PVTHJAPFENJVNC-ANRNRNKZNA-N,-6.733
PPARD,m06,mut_s1,detail,1,94,IMPAUHAIMHCPEJ-PKSOQXRJNA-N,-8.978
PPARD,m06,mut_s1,detail,1,95,SLOJERRRBYNXAR-NPQUBYNZNA-N,-8.605
PPARD,m06,mut_s1,detail,1,96,YWBJCOHEBDEQDR-PKSOQXRJNA-N,-7.974
PPARD,m06,mut_s1,detail,1,97,WWRBDTKNUXAXRR-XAVYIPQLNA-O,-7.738
PPARD,m06,mut_s1,detail,1,98,HBERTCHGBHHVDT-LILDFLRNNA-N,-10.245
PPARD,m06,mut_s1,detail,1,99,BXKUVDXLHUBVPA-ZWQIFLOQNA-N,-5.695
PPARD,m06,mut_s1,detail,1,100,WBWFIUAVMCNYPG-FPLPWBNLNA-N,-7.64
PPARD,m06,mut_s1,detail,1,101,VRWIFQNGGPFLST-UYBDAZJANA-N,-8.246
PPARD,m06,mut_s1,detail,1,102,JTAPVIPBGIDRDE-UHFFFAOYNA-N,-10.171
PPARD,m06,mut_s1,detail,1,103,HBTCLXRQQIHFQB-GDEMPAQCNA-N,-7.537
PPARD,m06,mut_s1,detail,1,104,DXJSFQXIPUHFQK-QWOVJGMINA-N,-7.269
PPARD,m06,mut_s1,detail,1,105,RBEMVAFKFYHQIB-UYBDAZJANA-N,-8.912
PPARD,m06,mut_s1,detail,1,106,QEKAHUYYWSNHDY-DZQCGVKKNA-N,-8.37
PPARD,m06,mut_s1,detail,1,107,RCSUTAOLFYVOEE-UHFFFAOYNA-N,-7.312
PPARD,m06,mut_s1,detail,1,108,MYBUANZGRGNVPO-YSPVQWMYNA-N,-8.881
PPARD,m06,mut_s1,detail,1,109,UIQCZMYFTSFLPQ-LQFNOIFHNA-N,-10.526
PPARD,m06,mut_s1,detail,1,110,QRMYORHEAHTJBC-GPQMBLKYNA-N,-8.221
PPARD,m06,mut_s1,detail,1,111,CPYTXWFFFQKUDP-QFAGIUQONA-N,-8.498
PPARD,m06,mut_s1,detail,1,112,DCIAJQYVIKONRS-QWOVJGMINA-N,-9.328
PPARD,m06,mut_s1,detail,1,113,ZMMGBIJMLCNSOV-PKSOQXRJNA-N,-7.186
PPARD,m06,mut_s1,detail,1,114,MRFDGPBJIFXZIT-NPQUBYNZNA-N,-9.219
PPARD,m06,mut_s1,detail,1,115,KANCHOKOTXNDQH-NVQSQQPGNA-N,-6.786
PPARD,m06,mut_s1,detail,1,116,SOAWEEUOPZCBSN-UHFFFAOYNA-N,-9.567
PPARD,m06,mut_s1,detail,1,117,BHXYDHWPQIADCG-HZFZDWCWNA-N,-7.341
PPARD,m06,mut_s1,detail,1,118,LVIWVNDQNUSMMV-LILDFLRNNA-N,-7.515
PPARD,m06,mut_s1,detail,1,119,UBAMGTKSOKGECF-UHFFFAOYNA-N,-7.359
PPARD,m06,mut_s1,detail,1,120,YSVHPRBZNNADQG-UHFFFAOYNA-N,-8.268
PPARD,m06,mut_s1,detail,1,121,IXZAZBWJQHWVHS-QVUQFMIFNA-N,-8.137
PPARD,m06,mut_s1,detail,1,122,NILCXRPLMSLFEG-HQHQJUQONA-N,-7.339
PPARD,m06,mut_s1,detail,1,123,HRNRRPMOOJUJLK-QWOVJGMINA-N,-8.926
PPARD,m06,mut_s1,detail,1,124,OLSXSUXZOLBVQZ-QVUQFMIFNA-N,-8.773
PPARD,m06,mut_s1,detail,1,125,XZMGFGHEVBEPKS-UHFFFAOYNA-N,-9.629
PPARD,m06,mut_s1,detail,1,126,MNLBKBCAEFZATB-UHFFFAOYNA-N,-7.686
PPARD,m06,mut_s1,detail,1,127,NNTZETQYCAZKJF-UYBDAZJANA-N,-9.851
PPARD,m06,mut_s1,detail,1,128,AKEDBCQYOCYZDX-PLBWUZGSNA-N,-8.486
PPARD,m06,mut_s1,detail,1,129,HCXOEHYNUWUKAG-UHFFFAOYNA-N,-9.556
PPARD,m06,mut_s1,detail,1,130,CWKHWSAMAAAUEN-UYBDAZJANA-N,-8.111
PPARD,m06,mut_s1,detail,1,131,VMZWELQEDXUUJX-HXTKINSTNA-N,-7.527
PPARD,m06,mut_s1,detail,1,132,PCMOPVSFMUOUFR-OAQYLSRUNA-N,-8.287
PPARD,m06,mut_s1,detail,1,133,POFKEPXNJQGIOB-DIRLUKLVNA-N,-9.554
PPARD,m06,mut_s1,detail,1,134,GQNKLNZBZDEAMD-VQHCSMNLNA-N,-9.54
PPARD,m06,mut_s1,detail,1,135,COFQAKCKCHDGNW-ZXWGSDNONA-N,-8.69
PPARD,m06,mut_s1,detail,1,136,XURFWWBVADUSQL-LNNLXFCONA-N,-9.264
PPARD,m06,mut_s1,detail,1,137,LBDHNFPYMBLBSB-CLCOLTQENA-N,-8.561
PPARD,m06,mut_s1,detail,1,138,QKIJTUQIQQZCIX-UYBDAZJANA-N,-8.487
PPARD,m06,mut_s1,detail,1,139,UXLJJGBAQOYQMV-UHFFFAOYNA-N,-8.709
PPARD,m06,mut_s1,detail,1,140,WQAWGOAEJJIYFP-DEOSSOPVNA-N,-8.498
PPARD,m06,mut_s1,detail,1,141,MBNPYPWQYGHCTB-UHFFFAOYNA-N,-8.925
PPARD,m06,mut_s1,detail,1,142,XAYHBRQVRJQCAH-PKSOQXRJNA-N,-7.525
PPARD,m06,mut_s1,detail,1,143,GNTOXDIONQLPFR-CXUHLZMHNA-N,-8.418
PPARD,m06,mut_s1,detail,1,144,RIVKJCNOYQAWOL-VCZDBIKCNA-N,-9.189
PPARD,m06,mut_s1,detail,1,145,LRRFROMGHKZMSA-PKRZOPRNNA-N,-10.333
PPARD,m06,mut_s1,detail,1,146,HWUKVYPOCLJTSN-RJJUGOMSNA-N,-9.048
PPARD,m06,mut_s1,detail,1,147,JAQNENPDJAEDSC-UHFFFAOYNA-N,-7.462
PPARD,m06,mut_s1,detail,1,148,ZYQCCRUKVDVTJE-ZUOKHONENA-N,-7.301
PPARD,m06,mut_s1,detail,1,149,UUWCZQYGBSUBRG-SPEPDGBUNA-N,-10.487
PPARD,m06,mut_s1,detail,1,150,KNGPIEIQVMOPHJ-PKSOQXRJNA-N,-7.698
PPARD,m06,mut_s1,detail,1,151,CTDCFVMSXQQWDC-HXTKINSTNA-N,-8.41
PPARD,m06,mut_s1,detail,1,152,AELMMQNCWIYZED-UHFFFAOYNA-N,-8.959
PPARD,m06,mut_s1,detail,1,153,BTBRAURMAUKXDM-UHFFFAOYNA-N,-8.174
PPARD,m06,mut_s1,detail,1,154,DWAPJEYUYKZUPW-UYBDAZJANA-N,-9.857
PPARD,m06,mut_s1,detail,1,155,MTWNFHPRKAIWJY-LQFNOIFHNA-N,-9.253
PPARD,m06,mut_s1,detail,1,156,XMOFGSWSGOXFPP-MPIMZMORNA-N,-8.063
PPARD,m06,mut_s1,detail,1,157,VVSBVXXITLYIIA-CKFYMFOVNA-N,-9.48
PPARD,m06,mut_s1,detail,1,158,GAXPVNSBLNNWCZ-PSHYBUTQNA-N,-7.723
PPARD,m06,mut_s1,detail,1,159,XDYREIZGNBPMPJ-IBGZPJMENA-N,-10.212
PPARD,m06,mut_s1,detail,1,160,WITBRHUYBFKPOL-MPIMZMORNA-N,-8.788
PPARD,m06,mut_s1,detail,1,161,IBIQKJHXTSLLBQ-PKRZOPRNNA-N,-9.326
PPARD,m06,mut_s1,detail,1,162,VLUGXHSPLMSNET-LNNLXFCONA-N,-9.251
PPARD,m06,mut_s1,detail,1,163,IEQABWYSQBHOMM-UHFFFAOYNA-N,-8.299
PPARD,m06,mut_s1,detail,1,164,FWLMJHGQRXWNIS-UHFFFAOYNA-N,-8.783
PPARD,m06,mut_s1,detail,1,165,RZJWOMPOSAPIJL-LQFNOIFHNA-N,-8.505
PPARD,m06,mut_s1,detail,1,166,ZUMDOGBUKHTCOC-CWWQGPJMNA-N,-9.638
PPARD,m06,mut_s1,detail,1,167,ANZGKDRXGOPIJA-QWOVJGMINA-N,-8.29
PPARD,m06,mut_s1,detail,1,168,QUISVMJELRRHAG-UHFFFAOYNA-N,-8.961
PPARD,m06,mut_s1,detail,1,169,XZFCGNQJCGTXNQ-ZVHZXABRNA-N,-8.377
PPARD,m06,mut_s1,detail,1,170,UGPWOMSWEMIIJH-UHFFFAOYNA-N,-9.113
PPARD,m06,mut_s1,detail,1,171,WGMQZHYPIKBUML-LQFNOIFHNA-N,-7.799
PPARD,m06,mut_s1,detail,1,172,HPNLHDILXMKRJE-UHFFFAOYNA-N,-8.868
PPARD,m06,mut_s1,detail,1,173,AQBHPXSDFXKHIG-LELJVTLKNA-N,-8.253
PPARD,m06,mut_s1,detail,1,174,BHPSGEAUUZMDDL-QFIPXVFZNA-N,-9.835
PPARD,m06,mut_s1,detail,1,175,RHMDXGNHLMFANS-XBXBPLPCNA-N,-8.536
PPARD,m06,mut_s1,detail,1,176,HZXUSKDOXPOMIW-PKSOQXRJNA-N,-7.643
PPARD,m06,mut_s1,detail,1,177,QBBIMTGZZXPUPY-UHFFFAOYNA-N,-7.506
PPARD,m06,mut_s1,detail,1,178,FAALFCIDNMPXJU-LNNLXFCONA-N,-10.294
PPARD,m06,mut_s1,detail,1,179,UEGWFDMCEAIRSE-DVIAZDKANA-N,-9.18
PPARD,m06,mut_s1,detail,1,180,QATBWONTRXXCBE-UHFFFAOYNA-N,-8.215
PPARD,m06,mut_s1,detail,1,181,IEWZULBPMDXTLX-LQFNOIFHNA-N,-11.175
PPARD,m06,mut_s1,detail,1,182,DTUUXDIGBXNINJ-PKSOQXRJNA-N,-8.534
PPARD,m06,mut_s1,detail,1,183,FFDDOWCKFPDEPQ-KIYDBJNPNA-N,-9.41
PPARD,m06,mut_s1,detail,1,184,LFTDMBYAYYEBDL-XWYQMZBENA-N,-9.882
PPARD,m06,mut_s1,detail,1,185,VZFTWWJAUZOJDH-YANQHBGHNA-N,-9.829
PPARD,m06,mut_s1,detail,1,186,YNUOGMCLPCOTIC-UHFFFAOYNA-N,-8.65
PPARD,m06,mut_s1,detail,1,187,WDXONUYXRRUOAF-LELJVTLKNA-N,-8.168
PPARD,m06,mut_s1,detail,1,188,FWYUTSUWWZVOGD-UHFFFAOYNA-N,-7.977
PPARD,m06,mut_s1,detail,1,189,VMDJSIGZJOXSGC-UHFFFAOYNA-N,-8.797
PPARD,m06,mut_s1,detail,1,190,IIVPENRIUTZXCZ-DFVASWNCNA-N,-8.196
PPARD,m06,mut_s1,detail,1,191,HHKIXRJLSXZGIO-LBOYIXSDNA-N,-9.287
PPARD,m06,mut_s1,detail,1,192,VFCHPGXNLRROSP-UHFFFAOYNA-N,-9.247
PPARD,m06,mut_s1,detail,1,193,LQNMNFIDHADHQU-LQFNOIFHNA-N,-8.952
PPARD,m06,mut_s1,detail,1,194,DWCQXZSEATZNGJ-JXAWBTAJNA-N,-7.523
PPARD,m06,mut_s1,detail,1,195,XCFKTIVHIIOEHO-XRJCTRHONA-N,-10.813
PPARD,m06,mut_s1,detail,1,196,CTKVVCDWNBLQHQ-VJSLDGLSNA-N,-8.584
PPARD,m06,mut_s1,detail,1,197,SJEBTTUNLKKAEO-QFIPXVFZNA-N,-8.241
PPARD,m06,mut_s1,detail,1,198,VUVBMRFFLDJIKB-UHFFFAOYNA-N,-6.817
PPARD,m06,mut_s1,detail,1,199,CRDOCDKYXPCHRG-GMLXSZADNA-N,-9.21
PPARD,m06,mut_s1,detail,1,200,PTRAWPOMIAVCDX-NPZFWETONA-N,-9.956
PPARD,m06,mut_s1,detail,1,201,YPCVJZIGKJSYKB-XWQTZBKQNA-N,-10.267
PPARD,m06,mut_s1,detail,1,202,DDQUBMKKMCESIY-UHFFFAOYNA-N,-8.47
PPARD,m06,mut_s1,detail,1,203,QRBHMNKXVMROIF-UHFFFAOYNA-N,-9.423
PPARD,m06,mut_s1,detail,1,204,CSCOHEYTBLBQMG-SREBMQDQNA-N,-9.843
PPARD,m06,mut_s1,detail,1,205,FPRLMEVUSKOQRF-UHFFFAOYNA-N,-7.299
PPARD,m06,mut_s1,detail,1,206,VRUTXMQQNLYKSZ-SPEPDGBUNA-N,-9.109
PPARD,m06,mut_s1,detail,1,207,IFVIZWYRFUIABK-LKHHGCNMNA-N,-9.44
PPARD,m06,mut_s1,detail,1,208,BJSKDMOWRPAVMK-UHFFFAOYNA-N,-8.173
PPARD,m06,mut_s1,detail,1,209,AJDIYNONBYMZIF-ILOOJWFPNA-N,-9.773
PPARD,m06,mut_s1,detail,1,210,ABURDUMLEUCKOY-FYDYDPJYNA-N,-9.289
PPARD,m06,mut_s1,detail,1,211,ZXCSBCTVTJFLOZ-JUEKIJOLNA-N,-9.889
PPARD,m06,mut_s1,detail,1,212,SKVNACLQMJDJNT-JJFURXLTNA-N,-9.123
PPARD,m06,mut_s1,detail,1,213,OWDCBGQHUHBGKH-ODBASERBNA-N,-9.931
PPARD,m06,mut_s1,detail,1,214,RLXWTYPPMJNURK-LELJVTLKNA-N,-9.461
PPARD,m06,mut_s1,detail,1,215,LFFVXCIQPOOMOV-UHFFFAOYNA-N,-11.443
PPARD,m06,mut_s1,detail,1,216,ZFFOVIFFFSWOKF-PKRZOPRNNA-N,-11.531
PPARD,m06,mut_s1,detail,1,217,VVWGMEIQTOBDML-RDPOJNOENA-N,-8.309
PPARD,m06,mut_s1,detail,1,218,QAGLJDWYCCJEHH-IGBJZSFZNA-N,-8.968
PPARD,m06,mut_s1,detail,1,219,NFMSQLAKBDDECA-HXXFNXQYNA-N,-8.894
PPARD,m06,mut_s1,detail,1,220,RLKPYUHHHDBUKR-LKHHGCNMNA-N,-8.887
PPARD,m06,mut_s1,detail,1,221,FVGJPHFQQMQGFQ-PQVCHVPHNA-N,-11.172
PPARD,m06,mut_s1,detail,1,222,GGQXSFRJLUHOGQ-MDNXCRMFNA-N,-9.705
PPARD,m06,mut_s1,detail,1,223,LLLNQQOQHKAYHT-CSKMVECVNA-N,-10.365
PPARD,m06,mut_s1,detail,1,224,FTHKKKKNTGUTPA-NBVNDQADNA-N,-9.801
PPARD,m06,mut_s1,detail,1,225,BKYZARFJJFORLR-UHFFFAOYNA-N,-8.826
PPARD,m06,mut_s1,detail,1,226,XMHRXPMKDALTSG-YPBLIGHQNA-N,-9.503
PPARD,m06,mut_s1,detail,1,227,OVSPJLFXFWHQFE-HXTKINSTNA-N,-9.151
PPARD,m06,mut_s1,detail,1,228,SHBLCUUJYNQTSS-NRFANRHFNA-N,-8.313
PPARD,m06,mut_s1,detail,1,229,OHXYGRXPONZZPF-UHFFFAOYNA-N,-9.236
PPARD,m06,mut_s1,detail,1,230,XFOMWTKVHWXVRS-UHFFFAOYNA-N,-10.406
PPARD,m06,mut_s1,detail,1,231,HMPVPIRJMYFQCT-WXDRZTAENA-N,-8.946
PPARD,m06,mut_s1,detail,1,232,NRIQEFNHCJMSHL-UHFFFAOYNA-N,-10.849
PPARD,m06,mut_s1,detail,1,233,WQIKRJDLIIEKAG-WWXRYIHZNA-N,-10.224
PPARD,m06,mut_s1,detail,1,234,CQCKANIIWHCLDP-UHFFFAOYNA-N,-7.8
PPARD,m06,mut_s1,detail,1,235,QETNVWCEGLMMRQ-CXUYMYAGNA-N,-7.806
PPARD,m06,mut_s1,detail,1,236,MLYHNVDOBUQIID-NSJMMFDCNA-N,-8.819
PPARD,m06,mut_s1,detail,1,237,VBFOTEWTMOETMO-PECIQRARNA-N,-8.466
PPARD,m06,mut_s1,detail,1,238,NFSDYJKEOCQTKX-CYSPOYASNA-N,-9.122
PPARD,m06,mut_s1,detail,1,239,GZQHTWYWDSMEAW-UHFFFAOYNA-N,-8.278
PPARD,m06,mut_s1,detail,1,240,LZTXTKIYKWMRQJ-ZALBZXLWNA-N,-7.521
PPARD,m06,mut_s1,detail,1,241,YPDLHOCWYZLMQS-GFBXQOHCNA-N,-9.237
PPARD,m06,mut_s1,detail,1,242,FJUITIGQDNFRQI-UHFFFAOYNA-N,-7.649
PPARD,m06,mut_s1,detail,1,243,OHAIFIOFCXDBHP-NKTHEXPSNA-N,-8.202
PPARD,m06,mut_s1,detail,1,244,LSAXQHPWOGTFSG-UHFFFAOYNA-N,-9.394
PPARD,m06,mut_s1,detail,1,245,OENZVDXWLVYZJT-DHDJHLBQNA-N,-9.445
PPARD,m06,mut_s1,detail,1,246,UEOXIUXQBRDLJU-LBOYIXSDNA-N,-9.47
PPARD,m06,mut_s1,detail,1,247,YFYGWSCMDCTAKZ-MPIMZMORNA-N,-8.02
PPARD,m06,mut_s1,detail,1,248,AQHYVBHJINDJIW-UHFFFAOYNA-N,-8.331
PPARD,m06,mut_s1,detail,1,249,DBOAHQYVPCTALU-QBAQSEIJNA-N,-8.106
PPARD,m06,mut_s1,detail,1,250,NRMRHCTVBLZOIE-PJQSKVNONA-N,-8.812
PPARD,m06,mut_s1,detail,1,251,CGHADMRBCNGDHX-UOUKHUKPNA-N,-10.214
PPARD,m06,mut_s1,detail,1,252,DDZBRJBYGLTADL-TZFBGDORNA-N,-9.101
PPARD,m06,mut_s1,detail,1,253,LOIPDGFJRKDXSJ-UHFFFAOYNA-N,-9.258
PPARD,m06,mut_s1,detail,1,254,VBQAIJHAPZFIRO-MOQCICHVNA-N,-8.835
PPARD,m06,mut_s1,detail,1,255,YPVDZKHCFQJIDP-UHFFFAOYNA-N,-10.807
PPARD,m07,mut_s1,detail,1,0,IFHZOGDEYHFNQO-PKSOQXRJNA-N,-9.1
PPARD,m07,mut_s1,detail,1,1,PZDDADWKMMNNHC-UHFFFAOYNA-N,-7.036
PPARD,m07,mut_s1,detail,1,2,BUEYTYZOCKWHHR-UHFFFAOYNA-N,-6.971
PPARD,m07,mut_s1,detail,1,3,URXMTXGGQRBQQC-LNZJGEAENA-N,-6.525
PPARD,m07,mut_s1,detail,1,4,NNVZANSRDHCDLK-UHFFFAOYNA-N,-8.937
PPARD,m07,mut_s1,detail,1,5,YCVTUSIXNJAXKA-UHFFFAOYNA-N,-8.003
PPARD,m07,mut_s1,detail,1,6,YLQOELRYUQBERL-YHMJCDSINA-N,-6.448
PPARD,m07,mut_s1,detail,1,7,XIOYZAUVDJKWCL-UHFFFAOYNA-N,-8.914
PPARD,m07,mut_s1,detail,1,8,NYBRKCCEVRSDNF-UHFFFAOYNA-N,-8.987
PPARD,m07,mut_s1,detail,1,9,HOWDUDRRYYVTNY-NDKGDYFDNA-N,-7.412
PPARD,m07,mut_s1,detail,1,10,RVRIAONMWINUPS-GPQMBLKYNA-N,-7.654
PPARD,m07,mut_s1,detail,1,11,UVVPLBQLDVTPSL-RVQYIEHVNA-N,-6.121
PPARD,m07,mut_s1,detail,1,12,AXXXFCGETBIMKI-UHFFFAOYNA-N,-7.63
PPARD,m07,mut_s1,detail,1,13,RBMUBAYHBUBLMR-NKWLYDBFNA-N,-8.495
PPARD,m07,mut_s1,detail,1,14,BTIHIHBWVGQIIQ-UHFFFAOYNA-N,-6.685
PPARD,m07,mut_s1,detail,1,15,ACAOHWOPNZHWAF-WNVDMVQFNA-N,-8.287
PPARD,m07,mut_s1,detail,1,16,VEFTYKZXVJQBER-ZHLVXTBQNA-N,-7.005
PPARD,m07,mut_s1,detail,1,17,QBQDUEWXIOEVKT-UYBDAZJANA-N,-9.147
PPARD,m07,mut_s1,detail,1,18,KRGQOKCRZMRVRH-UHFFFAOYNA-N,-6.185
PPARD,m07,mut_s1,detail,1,19,YXGMBGNPGWDLBJ-WYUMXYHSNA-N,-7.474
PPARD,m07,mut_s1,detail,1,20,LHQICPSUYGARIS-UHFFFAOYNA-N,-8.542
PPARD,m07,mut_s1,detail,1,21,ZXVNJVRABSCRGU-GPQMBLKYNA-N,-8.475
PPARD,m07,mut_s1,detail,1,22,TYXGDELQOONTQQ-DQDSCPLDNA-N,-8.346
PPARD,m07,mut_s1,detail,1,23,FMDKDGDDTIJRQT-WRCMMWDQNA-N,-7.661
PPARD,m07,mut_s1,detail,1,24,DXLLFVXDQQMGGM-LILDFLRNNA-N,-8.04
PPARD,m07,mut_s1,detail,1,25,RCFHJSCTPLCRAN-UHFFFAOYNA-N,-8.233
PPARD,m07,mut_s1,detail,1,26,LOIKOLAEHONJTE-KARVIEMNNA-N,-8.163
PPARD,m07,mut_s1,detail,1,27,ZBEDJPDEINGEHM-UHFFFAOYNA-N,-6.031
PPARD,m07,mut_s1,detail,1,28,PKHXJWYQMRFPTR-LILDFLRNNA-N,-7.8
PPARD,m07,mut_s1,detail,1,29,DGFWWFXFIZOMRX-WXRBYKJCNA-N,-6.456
PPARD,m07,mut_s1,detail,1,30,NDEDMCKHRVZXGD-VEWCPZSHNA-N,-7.867
PPARD,m07,mut_s1,detail,1,31,UPOCYXRXSNRNNU-UHFFFAOYNA-N,-7.882
PPARD,m07,mut_s1,detail,1,32,UGLPVHLKYTWQRV-UHFFFAOYNA-N,-7.604
PPARD,m07,mut_s1,detail,1,33,VEBIFNQLJFTSLJ-GPQMBLKYNA-N,-7.943
PPARD,m07,mut_s1,detail,1,34,FZGYMZTVBMODJR-GUYCJALGNA-N,-7.624
PPARD,m07,mut_s1,detail,1,35,XVAMDQGNCAYOLZ-CMNYYERHNA-N,-7.922
PPARD,m07,mut_s1,detail,1,36,MRHCSNNEUHXNIC-DLGLGFIGNA-N,-8.12
PPARD,m07,mut_s1,detail,1,37,QXSUNGXUTAFLCR-HCKMINDGNA-N,-8.29
PPARD,m07,mut_s1,detail,1,38,BTUZBQRUTGYGSI-SAAHQOFTNA-N,-7.815
PPARD,m07,mut_s1,detail,1,39,TTYMNRMJLOVQEL-UHFFFAOYNA-N,-7.533
PPARD,m07,mut_s1,detail,1,40,IVQOCTZDCXKGHW-UHFFFAOYNA-N,-7.461
PPARD,m07,mut_s1,detail,1,41,SRWKAZSWOPMZLA-WYUMXYHSNA-N,-7.664
PPARD,m07,mut_s1,detail,1,42,QPEDEGUPTWDSJM-UHFFFAOYNA-N,-7.855
PPARD,m07,mut_s1,detail,1,43,ISYYCVGFJSIOIJ-UHFFFAOYNA-N,-7.022
PPARD,m07,mut_s1,detail,1,44,MTUZLFBKKNTLNL-YHMJCDSINA-N,-7.238
PPARD,m07,mut_s1,detail,1,45,JOFJZXKVGWGQRQ-UHFFFAOYNA-N,-5.96
PPARD,m07,mut_s1,detail,1,46,KOHAFBWLWQFBFU-UHFFFAOYNA-N,-7.773
PPARD,m07,mut_s1,detail,1,47,YHDLLKNPVWVCGF-UHFFFAOYNA-N,-8.295
PPARD,m07,mut_s1,detail,1,48,KIRJGAMLMFQPIX-LILDFLRNNA-N,-9.525
PPARD,m07,mut_s1,detail,1,49,MIUGSXDNQICPKY-AHPDCHJINA-N,-6.757
PPARD,m07,mut_s1,detail,1,50,NCQYFKGTEDNHPE-GPQMBLKYNA-N,-9.294
PPARD,m07,mut_s1,detail,1,51,OILQEGDAOXVJJG-UHFFFAOYNA-N,-8.113
PPARD,m07,mut_s1,detail,1,52,KMZMSABQJYKKBU-UHFFFAOYNA-N,-6.832
PPARD,m07,mut_s1,detail,1,53,ODNAHSRJQUKZJC-UHFFFAOYNA-N,-7.527
PPARD,m07,mut_s1,detail,1,54,WBXGNUJDIOVVDS-GPQMBLKYNA-N,-9.026
PPARD,m07,mut_s1,detail,1,55,KGFVHZKXNIFXQC-XQMQJMAZNA-N,-7.479
PPARD,m07,mut_s1,detail,1,56,ZGDACLBJJXLKJY-UHFFFAOYNA-N,-7.696
PPARD,m07,mut_s1,detail,1,57,ODQASWLALUMZKF-UHFFFAOYNA-N,-8.953
PPARD,m07,mut_s1,detail,1,58,HEAFXLZWNUOLNQ-UHFFFAOYNA-N,-8.051
PPARD,m07,mut_s1,detail,1,59,GDJPLZYPNHEBBO-GAJRPKRDNA-N,-7.212
PPARD,m07,mut_s1,detail,1,60,KZNIFHPLKGYRTM-UHFFFAOYNA-N,-7.823
PPARD,m07,mut_s1,detail,1,61,XCNLTPWPUBZVTB-WUKNDPDINA-N,-7.163
PPARD,m07,mut_s1,detail,1,62,UJJQDGSLGZZHPE-VEWCPZSHNA-N,-7.633
PPARD,m07,mut_s1,detail,1,63,KUDKBYQDLXZYQT-YAQRNVERNA-N,-7.573
PPARD,m07,mut_s1,detail,1,64,XZDKQJKAVDHUJN-UHFFFAOYNA-N,-9.091
PPARD,m07,mut_s1,detail,1,65,PIHCOUNEIQIOLH-UYBDAZJANA-N,-7.811
PPARD,m07,mut_s1,detail,1,66,FTVJNPIOPFNKML-GPQMBLKYNA-N,-7.633
PPARD,m07,mut_s1,detail,1,67,HHYDNYVAHAHWJL-UHFFFAOYNA-N,-6.543
PPARD,m07,mut_s1,detail,1,68,MXABEVYDQHVOES-NSHDSACANA-N,-8.034
PPARD,m07,mut_s1,detail,1,69,ONNIOMOHOZUMKS-YGZLFCMANA-N,-8.201
PPARD,m07,mut_s1,detail,1,70,DQLGXAYUAURASJ-XXTDWMNGNA-N,-10.009
PPARD,m07,mut_s1,detail,1,71,QGKGHRAWZIKZRJ-WYUMXYHSNA-N,-8.332
PPARD,m07,mut_s1,detail,1,72,JWCQSDFAPBNHSM-UHFFFAOYNA-N,-7.522
PPARD,m07,mut_s1,detail,1,73,RNSJXWMAYUTWOI-UHFFFAOYNA-N,-8.114
PPARD,m07,mut_s1,detail,1,74,AKOOSRNDNZPJNL-PKSOQXRJNA-N,-9.176
PPARD,m07,mut_s1,detail,1,75,BFENEDRNBGYKMO-OTJKMEOQNA-N,-7.662
PPARD,m07,mut_s1,detail,1,76,RULIAUGJMVIUMH-QWOVJGMINA-N,-8.161
PPARD,m07,mut_s1,detail,1,77,VHAIHOXTBBWMRC-LILDFLRNNA-N,-6.949
PPARD,m07,mut_s1,detail,1,78,MMWVUKRVNHSCOU-XWVGVUDUNA-N,-8.605
PPARD,m07,mut_s1,detail,1,79,VEUYFZWVWBJLBT-LILDFLRNNA-N,-6.714
PPARD,m07,mut_s1,detail,1,80,UEVUVZKOTQNFQQ-UHFFFAOYNA-N,-8.427
PPARD,m07,mut_s1,detail,1,81,AVUDBVVAYWAMLJ-UHFFFAOYNA-N,-7.756
PPARD,m07,mut_s1,detail,1,82,BQVDJEOYDDRFHV-UHFFFAOYNA-N,-7.129
PPARD,m07,mut_s1,detail,1,83,RJDWHDCXBZVKHF-UHFFFAOYNA-N,-9.6
PPARD,m07,mut_s1,detail,1,84,UUIYULWYHDSXHL-YREUQKFVNA-N,-7.264
PPARD,m07,mut_s1,detail,1,85,KSVYPWJPODFWFB-MHWRWJLKNA-N,-9.335
PPARD,m07,mut_s1,detail,1,86,YTOTVFWYSYGJKJ-MPIMZMORNA-N,-8.802
PPARD,m07,mut_s1,detail,1,87,LDEBHGWOYJCQTG-SFHVURJKNA-N,-7.173
PPARD,m07,mut_s1,detail,1,88,NXBTXYMTUUWSCC-XBTAAFKLNA-N,-9.33
PPARD,m07,mut_s1,detail,1,89,HRLJAEIRFSEJAW-UHFFFAOYNA-N,-8.01
PPARD,m07,mut_s1,detail,1,90,HROYNIXUIVDQJH-UHFFFAOYNA-N,-8.311
PPARD,m07,mut_s1,detail,1,91,BYXXTGCOSOYREY-QWOVJGMINA-N,-8.15
PPARD,m07,mut_s1,detail,1,92,AWXVIXMNAQQCCZ-OEMYIYORNA-N,-7.977
PPARD,m07,mut_s1,detail,1,93,PVTHJAPFENJVNC-ANRNRNKZNA-N,-7.314
PPARD,m07,mut_s1,detail,1,94,IMPAUHAIMHCPEJ-PKSOQXRJNA-N,-9.487
PPARD,m07,mut_s1,detail,1,95,SLOJERRRBYNXAR-NPQUBYNZNA-N,-8.752
PPARD,m07,mut_s1,detail,1,96,YWBJCOHEBDEQDR-PKSOQXRJNA-N,-7.958
PPARD,m07,mut_s1,detail,1,97,WWRBDTKNUXAXRR-XAVYIPQLNA-O,-7.931
PPARD,m07,mut_s1,detail,1,98,HBERTCHGBHHVDT-LILDFLRNNA-N,-9.731
PPARD,m07,mut_s1,detail,1,99,BXKUVDXLHUBVPA-ZWQIFLOQNA-N,-5.338
PPARD,m07,mut_s1,detail,1,100,WBWFIUAVMCNYPG-FPLPWBNLNA-N,-7.835
PPARD,m07,mut_s1,detail,1,101,VRWIFQNGGPFLST-UYBDAZJANA-N,-8.755
PPARD,m07,mut_s1,detail,1,102,JTAPVIPBGIDRDE-UHFFFAOYNA-N,-9.931
PPARD,m07,mut_s1,detail,1,103,HBTCLXRQQIHFQB-GDEMPAQCNA-N,-7.382
PPARD,m07,mut_s1,detail,1,104,DXJSFQXIPUHFQK-QWOVJGMINA-N,-8.17
PPARD,m07,mut_s1,detail,1,105,RBEMVAFKFYHQIB-UYBDAZJANA-N,-8.998
PPARD,m07,mut_s1,detail,1,106,QEKAHUYYWSNHDY-DZQCGVKKNA-N,-8.052
PPARD,m07,mut_s1,detail,1,107,RCSUTAOLFYVOEE-UHFFFAOYNA-N,-8.146
PPARD,m07,mut_s1,detail,1,108,MYBUANZGRGNVPO-YSPVQWMYNA-N,-8.881
PPARD,m07,mut_s1,detail,1,109,UIQCZMYFTSFLPQ-LQFNOIFHNA-N,-10.339
PPARD,m07,mut_s1,detail,1,110,QRMYORHEAHTJBC-GPQMBLKYNA-N,-8.609
PPARD,m07,mut_s1,detail,1,111,CPYTXWFFFQKUDP-QFAGIUQONA-N,-8.468
PPARD,m07,mut_s1,detail,1,112,DCIAJQYVIKONRS-QWOVJGMINA-N,-9.214
PPARD,m07,mut_s1,detail,1,113,ZMMGBIJMLCNSOV-PKSOQXRJNA-N,-7.269
PPARD,m07,mut_s1,detail,1,114,MRFDGPBJIFXZIT-NPQUBYNZNA-N,-8.666
PPARD,m07,mut_s1,detail,1,115,KANCHOKOTXNDQH-NVQSQQPGNA-N,-6.767
PPARD,m07,mut_s1,detail,1,116,SOAWEEUOPZCBSN-UHFFFAOYNA-N,-9.6
PPARD,m07,mut_s1,detail,1,117,BHXYDHWPQIADCG-HZFZDWCWNA-N,-7.457
PPARD,m07,mut_s1,detail,1,118,LVIWVNDQNUSMMV-LILDFLRNNA-N,-7.5
PPARD,m07,mut_s1,detail,1,119,UBAMGTKSOKGECF-UHFFFAOYNA-N,-7.319
PPARD,m07,mut_s1,detail,1,120,YSVHPRBZNNADQG-UHFFFAOYNA-N,-7.439
PPARD,m07,mut_s1,detail,1,121,IXZAZBWJQHWVHS-QVUQFMIFNA-N,-8.444
PPARD,m07,mut_s1,detail,1,122,NILCXRPLMSLFEG-HQHQJUQONA-N,-8.032
PPARD,m07,mut_s1,detail,1,123,HRNRRPMOOJUJLK-QWOVJGMINA-N,-9.195
PPARD,m07,mut_s1,detail,1,124,OLSXSUXZOLBVQZ-QVUQFMIFNA-N,-8.63
PPARD,m07,mut_s1,detail,1,125,XZMGFGHEVBEPKS-UHFFFAOYNA-N,-9.936
PPARD,m07,mut_s1,detail,1,126,MNLBKBCAEFZATB-UHFFFAOYNA-N,-8.528
PPARD,m07,mut_s1,detail,1,127,NNTZETQYCAZKJF-UYBDAZJANA-N,-9.582
PPARD,m07,mut_s1,detail,1,128,AKEDBCQYOCYZDX-PLBWUZGSNA-N,-8.412
PPARD,m07,mut_s1,detail,1,129,HCXOEHYNUWUKAG-UHFFFAOYNA-N,-8.069
PPARD,m07,mut_s1,detail,1,130,CWKHWSAMAAAUEN-UYBDAZJANA-N,-8.459
PPARD,m07,mut_s1,detail,1,131,VMZWELQEDXUUJX-HXTKINSTNA-N,-7.09
PPARD,m07,mut_s1,detail,1,132,PCMOPVSFMUOUFR-OAQYLSRUNA-N,-8.444
PPARD,m07,mut_s1,detail,1,133,POFKEPXNJQGIOB-DIRLUKLVNA-N,-10.924
PPARD,m07,mut_s1,detail,1,134,GQNKLNZBZDEAMD-VQHCSMNLNA-N,-9.716
PPARD,m07,mut_s1,detail,1,135,COFQAKCKCHDGNW-ZXWGSDNONA-N,-8.682
PPARD,m07,mut_s1,detail,1,136,XURFWWBVADUSQL-LNNLXFCONA-N,-10.181
PPARD,m07,mut_s1,detail,1,137,LBDHNFPYMBLBSB-CLCOLTQENA-N,-7.263
PPARD,m07,mut_s1,detail,1,138,QKIJTUQIQQZCIX-UYBDAZJANA-N,-8.935
PPARD,m07,mut_s1,detail,1,139,UXLJJGBAQOYQMV-UHFFFAOYNA-N,-8.477
PPARD,m07,mut_s1,detail,1,140,WQAWGOAEJJIYFP-DEOSSOPVNA-N,-8.854
PPARD,m07,mut_s1,detail,1,141,MBNPYPWQYGHCTB-UHFFFAOYNA-N,-8.923
PPARD,m07,mut_s1,detail,1,142,XAYHBRQVRJQCAH-PKSOQXRJNA-N,-7.889
PPARD,m07,mut_s1,detail,1,143,GNTOXDIONQLPFR-CXUHLZMHNA-N,-8.7
PPARD,m07,mut_s1,detail,1,144,RIVKJCNOYQAWOL-VCZDBIKCNA-N,-9.415
PPARD,m07,mut_s1,detail,1,145,LRRFROMGHKZMSA-PKRZOPRNNA-N,-10.449
PPARD,m07,mut_s1,detail,1,146,HWUKVYPOCLJTSN-RJJUGOMSNA-N,-8.954
PPARD,m07,mut_s1,detail,1,147,JAQNENPDJAEDSC-UHFFFAOYNA-N,-8.786
PPARD,m07,mut_s1,detail,1,148,ZYQCCRUKVDVTJE-ZUOKHONENA-N,-7.488
PPARD,m07,mut_s1,detail,1,149,UUWCZQYGBSUBRG-SPEPDGBUNA-N,-10.672
PPARD,m07,mut_s1,detail,1,150,KNGPIEIQVMOPHJ-PKSOQXRJNA-N,-8.847
PPARD,m07,mut_s1,detail,1,151,CTDCFVMSXQQWDC-HXTKINSTNA-N,-8.712
PPARD,m07,mut_s1,detail,1,152,AELMMQNCWIYZED-UHFFFAOYNA-N,-8.748
PPARD,m07,mut_s1,detail,1,153,BTBRAURMAUKXDM-UHFFFAOYNA-N,-8.206
PPARD,m07,mut_s1,detail,1,154,DWAPJEYUYKZUPW-UYBDAZJANA-N,-9.542
PPARD,m07,mut_s1,detail,1,155,MTWNFHPRKAIWJY-LQFNOIFHNA-N,-9.733
PPARD,m07,mut_s1,detail,1,156,XMOFGSWSGOXFPP-MPIMZMORNA-N,-8.969
PPARD,m07,mut_s1,detail,1,157,VVSBVXXITLYIIA-CKFYMFOVNA-N,-9.397
PPARD,m07,mut_s1,detail,1,158,GAXPVNSBLNNWCZ-PSHYBUTQNA-N,-7.409
PPARD,m07,mut_s1,detail,1,159,XDYREIZGNBPMPJ-IBGZPJMENA-N,-9.101
PPARD,m07,mut_s1,detail,1,160,WITBRHUYBFKPOL-MPIMZMORNA-N,-8.426
PPARD,m07,mut_s1,detail,1,161,IBIQKJHXTSLLBQ-PKRZOPRNNA-N,-9.472
PPARD,m07,mut_s1,detail,1,162,VLUGXHSPLMSNET-LNNLXFCONA-N,-9.101
PPARD,m07,mut_s1,detail,1,163,IEQABWYSQBHOMM-UHFFFAOYNA-N,-8.83
PPARD,m07,mut_s1,detail,1,164,FWLMJHGQRXWNIS-UHFFFAOYNA-N,-9.222
PPARD,m07,mut_s1,detail,1,165,RZJWOMPOSAPIJL-LQFNOIFHNA-N,-9.094
PPARD,m07,mut_s1,detail,1,166,ZUMDOGBUKHTCOC-CWWQGPJMNA-N,-8.949
PPARD,m07,mut_s1,detail,1,167,ANZGKDRXGOPIJA-QWOVJGMINA-N,-7.074
PPARD,m07,mut_s1,detail,1,168,QUISVMJELRRHAG-UHFFFAOYNA-N,-9.133
PPARD,m07,mut_s1,detail,1,169,XZFCGNQJCGTXNQ-ZVHZXABRNA-N,-8.866
PPARD,m07,mut_s1,detail,1,170,UGPWOMSWEMIIJH-UHFFFAOYNA-N,-8.816
PPARD,m07,mut_s1,detail,1,171,WGMQZHYPIKBUML-LQFNOIFHNA-N,-7.411
PPARD,m07,mut_s1,detail,1,172,HPNLHDILXMKRJE-UHFFFAOYNA-N,-8.406
PPARD,m07,mut_s1,detail,1,173,AQBHPXSDFXKHIG-LELJVTLKNA-N,-8.876
PPARD,m07,mut_s1,detail,1,174,BHPSGEAUUZMDDL-QFIPXVFZNA-N,-10.136
PPARD,m07,mut_s1,detail,1,175,RHMDXGNHLMFANS-XBXBPLPCNA-N,-8.961
PPARD,m07,mut_s1,detail,1,176,HZXUSKDOXPOMIW-PKSOQXRJNA-N,-7.932
PPARD,m07,mut_s1,detail,1,177,QBBIMTGZZXPUPY-UHFFFAOYNA-N,-7.689
PPARD,m07,mut_s1,detail,1,178,FAALFCIDNMPXJU-LNNLXFCONA-N,-10.522
PPARD,m07,mut_s1,detail,1,179,UEGWFDMCEAIRSE-DVIAZDKANA-N,-9.075
PPARD,m07,mut_s1,detail,1,180,QATBWONTRXXCBE-UHFFFAOYNA-N,-8.171
PPARD,m07,mut_s1,detail,1,181,IEWZULBPMDXTLX-LQFNOIFHNA-N,-11.017
PPARD,m07,mut_s1,detail,1,182,DTUUXDIGBXNINJ-PKSOQXRJNA-N,-9.226
PPARD,m07,mut_s1,detail,1,183,FFDDOWCKFPDEPQ-KIYDBJNPNA-N,-9.205
PPARD,m07,mut_s1,detail,1,184,LFTDMBYAYYEBDL-XWYQMZBENA-N,-9.928
PPARD,m07,mut_s1,detail,1,185,VZFTWWJAUZOJDH-YANQHBGHNA-N,-9.319
PPARD,m07,mut_s1,detail,1,186,YNUOGMCLPCOTIC-UHFFFAOYNA-N,-8.729
PPARD,m07,mut_s1,detail,1,187,WDXONUYXRRUOAF-LELJVTLKNA-N,-8.709
PPARD,m07,mut_s1,detail,1,188,FWYUTSUWWZVOGD-UHFFFAOYNA-N,-8.231
PPARD,m07,mut_s1,detail,1,189,VMDJSIGZJOXSGC-UHFFFAOYNA-N,-8.854
PPARD,m07,mut_s1,detail,1,190,IIVPENRIUTZXCZ-DFVASWNCNA-N,-8.279
PPARD,m07,mut_s1,detail,1,191,HHKIXRJLSXZGIO-LBOYIXSDNA-N,-9.661
PPARD,m07,mut_s1,detail,1,192,VFCHPGXNLRROSP-UHFFFAOYNA-N,-8.869
PPARD,m07,mut_s1,detail,1,193,LQNMNFIDHADHQU-LQFNOIFHNA-N,-8.752
PPARD,m07,mut_s1,detail,1,194,DWCQXZSEATZNGJ-JXAWBTAJNA-N,-7.606
PPARD,m07,mut_s1,detail,1,195,XCFKTIVHIIOEHO-XRJCTRHONA-N,-10.545
PPARD,m07,mut_s1,detail,1,196,CTKVVCDWNBLQHQ-VJSLDGLSNA-N,-9.151
PPARD,m07,mut_s1,detail,1,197,SJEBTTUNLKKAEO-QFIPXVFZNA-N,-8.143
PPARD,m07,mut_s1,detail,1,198,VUVBMRFFLDJIKB-UHFFFAOYNA-N,-7.633
PPARD,m07,mut_s1,detail,1,199,CRDOCDKYXPCHRG-GMLXSZADNA-N,-9.441
PPARD,m07,mut_s1,detail,1,200,PTRAWPOMIAVCDX-NPZFWETONA-N,-9.658
PPARD,m07,mut_s1,detail,1,201,YPCVJZIGKJSYKB-XWQTZBKQNA-N,-10.147
PPARD,m07,mut_s1,detail,1,202,DDQUBMKKMCESIY-UHFFFAOYNA-N,-9.059
PPARD,m07,mut_s1,detail,1,203,QRBHMNKXVMROIF-UHFFFAOYNA-N,-10.018
PPARD,m07,mut_s1,detail,1,204,CSCOHEYTBLBQMG-SREBMQDQNA-N,-10.144
PPARD,m07,mut_s1,detail,1,205,FPRLMEVUSKOQRF-UHFFFAOYNA-N,-9.235
PPARD,m07,mut_s1,detail,1,206,VRUTXMQQNLYKSZ-SPEPDGBUNA-N,-9.704
PPARD,m07,mut_s1,detail,1,207,IFVIZWYRFUIABK-LKHHGCNMNA-N,-10.827
PPARD,m07,mut_s1,detail,1,208,BJSKDMOWRPAVMK-UHFFFAOYNA-N,-8.361
PPARD,m07,mut_s1,detail,1,209,AJDIYNONBYMZIF-ILOOJWFPNA-N,-9.872
PPARD,m07,mut_s1,detail,1,210,ABURDUMLEUCKOY-FYDYDPJYNA-N,-9.784
PPARD,m07,mut_s1,detail,1,211,ZXCSBCTVTJFLOZ-JUEKIJOLNA-N,-9.936
PPARD,m07,mut_s1,detail,1,212,SKVNACLQMJDJNT-JJFURXLTNA-N,-9.454
PPARD,m07,mut_s1,detail,1,213,OWDCBGQHUHBGKH-ODBASERBNA-N,-9.125
PPARD,m07,mut_s1,detail,1,214,RLXWTYPPMJNURK-LELJVTLKNA-N,-9.497
PPARD,m07,mut_s1,detail,1,215,LFFVXCIQPOOMOV-UHFFFAOYNA-N,-11.984
PPARD,m07,mut_s1,detail,1,216,ZFFOVIFFFSWOKF-PKRZOPRNNA-N,-11.8
PPARD,m07,mut_s1,detail,1,217,VVWGMEIQTOBDML-RDPOJNOENA-N,-9.433
PPARD,m07,mut_s1,detail,1,218,QAGLJDWYCCJEHH-IGBJZSFZNA-N,-8.372
PPARD,m07,mut_s1,detail,1,219,NFMSQLAKBDDECA-HXXFNXQYNA-N,-9.191
PPARD,m07,mut_s1,detail,1,220,RLKPYUHHHDBUKR-LKHHGCNMNA-N,-8.102
PPARD,m07,mut_s1,detail,1,221,FVGJPHFQQMQGFQ-PQVCHVPHNA-N,-11.27
PPARD,m07,mut_s1,detail,1,222,GGQXSFRJLUHOGQ-MDNXCRMFNA-N,-10.228
PPARD,m07,mut_s1,detail,1,223,LLLNQQOQHKAYHT-CSKMVECVNA-N,-10.244
PPARD,m07,mut_s1,detail,1,224,FTHKKKKNTGUTPA-NBVNDQADNA-N,-9.236
PPARD,m07,mut_s1,detail,1,225,BKYZARFJJFORLR-UHFFFAOYNA-N,-8.901
PPARD,m07,mut_s1,detail,1,226,XMHRXPMKDALTSG-YPBLIGHQNA-N,-8.677
PPARD,m07,mut_s1,detail,1,227,OVSPJLFXFWHQFE-HXTKINSTNA-N,-9.62
PPARD,m07,mut_s1,detail,1,228,SHBLCUUJYNQTSS-NRFANRHFNA-N,-10.059
PPARD,m07,mut_s1,detail,1,229,OHXYGRXPONZZPF-UHFFFAOYNA-N,-9.556
PPARD,m07,mut_s1,detail,1,230,XFOMWTKVHWXVRS-UHFFFAOYNA-N,-10.984
PPARD,m07,mut_s1,detail,1,231,HMPVPIRJMYFQCT-WXDRZTAENA-N,-8.706
PPARD,m07,mut_s1,detail,1,232,NRIQEFNHCJMSHL-UHFFFAOYNA-N,-10.892
PPARD,m07,mut_s1,detail,1,233,WQIKRJDLIIEKAG-WWXRYIHZNA-N,-10.353
PPARD,m07,mut_s1,detail,1,234,CQCKANIIWHCLDP-UHFFFAOYNA-N,-7.94
PPARD,m07,mut_s1,detail,1,235,QETNVWCEGLMMRQ-CXUYMYAGNA-N,-7.383
PPARD,m07,mut_s1,detail,1,236,MLYHNVDOBUQIID-NSJMMFDCNA-N,-9.986
PPARD,m07,mut_s1,detail,1,237,VBFOTEWTMOETMO-PECIQRARNA-N,-7.524
PPARD,m07,mut_s1,detail,1,238,NFSDYJKEOCQTKX-CYSPOYASNA-N,-9.037
PPARD,m07,mut_s1,detail,1,239,GZQHTWYWDSMEAW-UHFFFAOYNA-N,-8.954
PPARD,m07,mut_s1,detail,1,240,LZTXTKIYKWMRQJ-ZALBZXLWNA-N,-7.809
PPARD,m07,mut_s1,detail,1,241,YPDLHOCWYZLMQS-GFBXQOHCNA-N,-8.602
PPARD,m07,mut_s1,detail,1,242,FJUITIGQDNFRQI-UHFFFAOYNA-N,-8.206
PPARD,m07,mut_s1,detail,1,243,OHAIFIOFCXDBHP-NKTHEXPSNA-N,-8.999
PPARD,m07,mut_s1,detail,1,244,LSAXQHPWOGTFSG-UHFFFAOYNA-N,-8.209
PPARD,m07,mut_s1,detail,1,245,OENZVDXWLVYZJT-DHDJHLBQNA-N,-9.824
PPARD,m07,mut_s1,detail,1,246,UEOXIUXQBRDLJU-LBOYIXSDNA-N,-9.195
PPARD,m07,mut_s1,detail,1,247,YFYGWSCMDCTAKZ-MPIMZMORNA-N,-7.989
PPARD,m07,mut_s1,detail,1,248,AQHYVBHJINDJIW-UHFFFAOYNA-N,-7.054
PPARD,m07,mut_s1,detail,1,249,DBOAHQYVPCTALU-QBAQSEIJNA-N,-8.37
PPARD,m07,mut_s1,detail,1,250,NRMRHCTVBLZOIE-PJQSKVNONA-N,-8.469
PPARD,m07,mut_s1,detail,1,251,CGHADMRBCNGDHX-UOUKHUKPNA-N,-11.254
PPARD,m07,mut_s1,detail,1,252,DDZBRJBYGLTADL-TZFBGDORNA-N,-9.133
PPARD,m07,mut_s1,detail,1,253,LOIPDGFJRKDXSJ-UHFFFAOYNA-N,-9.476
PPARD,m07,mut_s1,detail,1,254,VBQAIJHAPZFIRO-MOQCICHVNA-N,-8.606
PPARD,m07,mut_s1,detail,1,255,YPVDZKHCFQJIDP-UHFFFAOYNA-N,-9.966
