target,receptor,tag,mode,seed,k,inchikey,score
PTGS2,wt,wt_s1,detail,1,0,URVMSYHISUZXNH-UYBDAZJANA-N,-10.043
PTGS2,wt,wt_s1,detail,1,1,KXRPCFINVWWFHQ-UHFFFAOYNA-N,-6.015
PTGS2,wt,wt_s1,detail,1,2,NICJTSHRYBTHAS-YHMJCDSINA-N,-7.939
PTGS2,wt,wt_s1,detail,1,3,SWRZVDTZHDWPDS-AWIDAIFANA-N,-8.124
PTGS2,wt,wt_s1,detail,1,4,RKNSLLSUFWWYCA-UHFFFAOYNA-N,-11.176
PTGS2,wt,wt_s1,detail,1,5,OZFSIKFTRRUDES-RIYZIHGNNA-N,-7.429
PTGS2,wt,wt_s1,detail,1,6,AAGGUCRASUJPPN-UHFFFAOYNA-N,-8.23
PTGS2,wt,wt_s1,detail,1,7,OYHXDPMAFYHDNG-YAQRNVERNA-N,-8.474
PTGS2,wt,wt_s1,detail,1,8,AWILWAIEQYZUEQ-UHFFFAOYNA-N,-7.38
PTGS2,wt,wt_s1,detail,1,9,WSFAXHLMQUUHQT-VMPITWQZNA-N,-6.69
PTGS2,wt,wt_s1,detail,1,10,WPHMTVNOXKBZKN-UHFFFAOYNA-N,-7.293
PTGS2,wt,wt_s1,detail,1,11,LPEIZNODGHDCCW-UHFFFAOYNA-N,-6.963
PTGS2,wt,wt_s1,detail,1,12,QQHWWDVSRWOHEP-LILDFLRNNA-N,-9.165
PTGS2,wt,wt_s1,detail,1,13,UMEVSSPGBFVQNC-UHFFFAOYNA-N,-7.079
PTGS2,wt,wt_s1,detail,1,14,VZDIOEKWWZRNQN-UHFFFAOYNA-N,-9.64
PTGS2,wt,wt_s1,detail,1,15,JEVLDOUORFAHRS-NDKGDYFDNA-N,-7.361
PTGS2,wt,wt_s1,detail,1,16,NFTGJNJRMWUBPG-GPQMBLKYNA-N,-7.074
PTGS2,wt,wt_s1,detail,1,17,UMUUTEZBWGDVDA-UHFFFAOYNA-N,-8.341
PTGS2,wt,wt_s1,detail,1,18,VLQKEPLNPGYNDJ-HCKMINDGNA-N,-8.162
PTGS2,wt,wt_s1,detail,1,19,PPMVTAATPZLMJM-CDDDEJBQNA-N,-8.494
PTGS2,wt,wt_s1,detail,1,20,AHLYFAKLKLMESK-YAQRNVERNA-N,-8.034
PTGS2,wt,wt_s1,detail,1,21,GYEJYLAGVWRSIM-KGJHZMDYNA-N,-8.031
PTGS2,wt,wt_s1,detail,1,22,RXVALSLAUOIYLW-UHFFFAOYNA-N,-7.921
PTGS2,wt,wt_s1,detail,1,23,NSELYIFATLFDOZ-JLGFQASFNA-N,-8.288
PTGS2,wt,wt_s1,detail,1,24,COQFBYACOHFCEC-UHFFFAOYNA-N,-7.628
PTGS2,wt,wt_s1,detail,1,25,CJGJXFCLDYQBFQ-YJGXKCCXNA-N,-8.846
PTGS2,wt,wt_s1,detail,1,26,BWNGRRJLFYHENY-INIZCTEONA-N,-7.998
PTGS2,wt,wt_s1,detail,1,27,BNRFXWSJKVJVOF-UYBDAZJANA-N,-9.749
PTGS2,wt,wt_s1,detail,1,28,DMULMZBZVBBWBY-PJZINPJWNA-N,-9.216
PTGS2,wt,wt_s1,detail,1,29,AXLAIGJGNKHDPO-UHFFFAOYNA-N,-7.545
PTGS2,wt,wt_s1,detail,1,30,RKDGAONZEPYEBT-WXRBYKJCNA-N,-7.791
PTGS2,wt,wt_s1,detail,1,31,MBOYDUZSCSNUQL-MBBDSNKKNA-N,-7.52
PTGS2,wt,wt_s1,detail,1,32,KPVDBHRTXOFQDK-YAQRNVERNA-N,-7.245
PTGS2,wt,wt_s1,detail,1,33,LVCNFMYUKISBSB-VJSNTGQMNA-N,-8.428
PTGS2,wt,wt_s1,detail,1,34,XLAHCIRKLMJUQC-DZQCGVKKNA-N,-10.696
PTGS2,wt,wt_s1,detail,1,35,QNYHDABGLCBJOE-SHHGZXMVNA-N,-9.075
PTGS2,wt,wt_s1,detail,1,36,HEKNRISBWSPMOG-OWTLIXCDNA-N,-7.42
PTGS2,wt,wt_s1,detail,1,37,VIRNXCRLEVZXNX-LILDFLRNNA-N,-9.78
PTGS2,wt,wt_s1,detail,1,38,SRTGERSEXJGDMR-UHFFFAOYNA-N,-7.868
PTGS2,wt,wt_s1,detail,1,39,ZGMGSSRLZJYOKH-WXRBYKJCNA-N,-7.793
PTGS2,wt,wt_s1,detail,1,40,VGYFDFRFGHHCDA-CUTUCBJDNA-N,-9.571
PTGS2,wt,wt_s1,detail,1,41,DILPMLYWQJPNLO-HCKMINDGNA-N,-7.681
PTGS2,wt,wt_s1,detail,1,42,RSOODJIGEVJLMK-LQFNOIFHNA-N,-8.532
PTGS2,wt,wt_s1,detail,1,43,OWHHWMUAYBIQPR-UHFFFAOYNA-N,-8.951
PTGS2,wt,wt_s1,detail,1,44,KPIKMVZJKZDOFC-UHFFFAOYNA-N,-8.581
PTGS2,wt,wt_s1,detail,1,45,DIKDKRUREJXLMR-DPMTXJEANA-N,-8.441
PTGS2,wt,wt_s1,detail,1,46,QRVJDPKQHAVBDK-UYBDAZJANA-N,-6.81
PTGS2,wt,wt_s1,detail,1,47,SGBSFKSDPWOALT-UYBDAZJANA-N,-7.646
PTGS2,wt,wt_s1,detail,1,48,CYHFRNFVZWVHCG-OTJKMEOQNA-N,-9.72
PTGS2,wt,wt_s1,detail,1,49,MJUDQDHXCQONOA-MPIMZMORNA-N,-6.709
PTGS2,wt,wt_s1,detail,1,50,RNVYRNLUUYNQAS-PKSOQXRJNA-N,-7.321
PTGS2,wt,wt_s1,detail,1,51,DLZXOZYETDVJEB-QWOVJGMINA-N,-7.428
PTGS2,wt,wt_s1,detail,1,52,HSICVZRDGBJSEL-GPQMBLKYNA-N,-8.365
PTGS2,wt,wt_s1,detail,1,53,HMRUHHFLIMYEAF-QNGOCPJXNA-N,-8.332
PTGS2,wt,wt_s1,detail,1,54,ZZOWQPSBJUXHCA-YSPRVCGUNA-N,-8.532
PTGS2,wt,wt_s1,detail,1,55,WDDJLHOUFWSQSV-UHFFFAOYNA-N,-7.972
PTGS2,wt,wt_s1,detail,1,56,UKLIIGXGTPSYBF-IBCWCQIKNA-N,-6.788
PTGS2,wt,wt_s1,detail,1,57,LNPOBRXJZYGQMS-MOHJPFBDNA-N,-7.129
PTGS2,wt,wt_s1,detail,1,58,FYILBFPPKIZBTO-UHFFFAOYNA-N,-9.465
PTGS2,wt,wt_s1,detail,1,59,MIKIJFODTJGFDI-LILDFLRNNA-N,-9.024
PTGS2,wt,wt_s1,detail,1,60,RUWCNSLWWCWTSU-LILDFLRNNA-N,-8.236
PTGS2,wt,wt_s1,detail,1,61,KLQWCHKIQJHYIB-UHFFFAOYNA-N,-10.71
PTGS2,wt,wt_s1,detail,1,62,QKAWGENQCGFAOE-NPVYFSBINA-N,-8.037
PTGS2,wt,wt_s1,detail,1,63,KGOKCBRZBBEYBE-MMRXBHCZNA-N,-7.693
PTGS2,wt,wt_s1,detail,1,64,ROFRXCLSWKEWTN-UHFFFAOYNA-N,-6.341
PTGS2,wt,wt_s1,detail,1,65,AKRMJNKLSCBEME-FPYGCLRLNA-N,-7.551
PTGS2,wt,wt_s1,detail,1,66,LCGJUJZLLYTYIF-XMFFZCEENA-N,-9.372
PTGS2,wt,wt_s1,detail,1,67,FREQNFSEYLEFOI-QRCVEOAVNA-N,-8.5
PTGS2,wt,wt_s1,detail,1,68,MHMINAYLMNBGSM-UHFFFAOYNA-N,-8.302
PTGS2,wt,wt_s1,detail,1,69,SYMNTBHEGHFZMV-UHFFFAOYNA-N,-7.818
PTGS2,wt,wt_s1,detail,1,70,NNCRWGMPCGSKOO-LILDFLRNNA-N,-7.267
PTGS2,wt,wt_s1,detail,1,71,ZCRRNCCNJMRGFI-UHFFFAOYNA-N,-8.684
PTGS2,wt,wt_s1,detail,1,72,PYVZEIBGEUQNQQ-UHFFFAOYNA-N,-11.363
PTGS2,wt,wt_s1,detail,1,73,OROJQWVRCGJACT-XBTAAFKLNA-N,-8.214
PTGS2,wt,wt_s1,detail,1,74,TXYUWXKCUDOUGU-JLGFQASFNA-N,-7.253
PTGS2,wt,wt_s1,detail,1,75,LAZANALODSEDSE-UHFFFAOYNA-N,-7.989
PTGS2,wt,wt_s1,detail,1,76,RJXCYVJLXGRCHK-UHFFFAOYNA-N,-7.968
PTGS2,wt,wt_s1,detail,1,77,FUSKIBWHJAWEFI-IEJAXPBYNA-N,-8.161
PTGS2,wt,wt_s1,detail,1,78,SGWVLOCBQLQWQV-UHFFFAOYNA-N,-7.807
PTGS2,wt,wt_s1,detail,1,79,PPXRQTYXLZCDAZ-QWOVJGMINA-N,-8.431
PTGS2,wt,wt_s1,detail,1,80,DIFBADFWLVYFHV-LELJVTLKNA-N,-7.176
PTGS2,wt,wt_s1,detail,1,81,XREOSEVJCQGCHE-MHPMNMKGNA-N,-8.72
PTGS2,wt,wt_s1,detail,1,82,ZHGPKHBXSKWZEQ-UHFFFAOYNA-N,-9.74
PTGS2,wt,wt_s1,detail,1,83,ZFAYPJJNPSNAFK-UHFFFAOYNA-N,-8.108
PTGS2,wt,wt_s1,detail,1,84,LTXMRAGWIDQTQT-MYUTVWBTNA-N,-9.268
PTGS2,wt,wt_s1,detail,1,85,VXQHYHSSGLOALC-SPEPDGBUNA-N,-8.585
PTGS2,wt,wt_s1,detail,1,86,KWDSFRAWCISROF-PJQSKVNONA-N,-7.61
PTGS2,wt,wt_s1,detail,1,87,ZJZXSQPHUQUHIV-ZGZFQTMPNA-N,-7.957
PTGS2,wt,wt_s1,detail,1,88,UYHIVPBYFWVWEJ-UHFFFAOYNA-N,-7.816
PTGS2,wt,wt_s1,detail,1,89,PLEFJSUCKRWHBY-LNNLXFCONA-N,-6.794
PTGS2,wt,wt_s1,detail,1,90,DNSRQCRQLKJUCC-PDJAEHLQNA-N,-7.154
PTGS2,wt,wt_s1,detail,1,91,PHYKZCBUNVYJNH-YDBXFXKPNA-N,-6.651
PTGS2,wt,wt_s1,detail,1,92,OOUHZBUAVKCDGA-UHFFFAOYNA-N,-6.787
PTGS2,wt,wt_s1,detail,1,93,UUQDFZFJDFMLHW-UHFFFAOYNA-N,-8.129
PTGS2,wt,wt_s1,detail,1,94,OOUDDHNLDLLUOL-SKKVRFOWNA-N,-9.293
PTGS2,wt,wt_s1,detail,1,95,ZDMQSUAMTLXUTE-MPIMZMORNA-N,-7.321
PTGS2,wt,wt_s1,detail,1,96,NMPLPABDEKPABN-UHFFFAOYNA-N,-8.283
PTGS2,wt,wt_s1,detail,1,97,INZRHGSVWGRHBM-NPVYFSBINA-N,-7.876
PTGS2,wt,wt_s1,detail,1,98,RVGCWMKVTAEQIH-LNNLXFCONA-N,-8.373
PTGS2,wt,wt_s1,detail,1,99,VRXWKRQOVMZBAF-LJQANCHMNA-N,-6.766
PTGS2,wt,wt_s1,detail,1,100,QACLWOIBBYOHQP-UYBDAZJANA-N,-8.838
PTGS2,wt,wt_s1,detail,1,101,ZNXSZVFPCBIELQ-LNNLXFCONA-N,-8.208
PTGS2,wt,wt_s1,detail,1,102,GKMWCCNMKRSQHR-VEKUMTKDNA-N,-7.063
PTGS2,wt,wt_s1,detail,1,103,FFGUSRSMWFYKGK-SKKVRFOWNA-N,-8.607
PTGS2,wt,wt_s1,detail,1,104,KXBDDGKXLZBLOM-SPEPDGBUNA-N,-7.256
PTGS2,wt,wt_s1,detail,1,105,MIUWULAZCXYTJW-MSHHZIMBNA-N,-8.425
PTGS2,wt,wt_s1,detail,1,106,JPZOYWVRFLZCIC-NJNXFGOHNA-N,-8.322
PTGS2,wt,wt_s1,detail,1,107,FAIQTLBYDVKBAB-DVIAZDKANA-N,-8.719
PTGS2,wt,wt_s1,detail,1,108,APFLRZZAOXCNAZ-UHFFFAOYNA-N,-9.602
PTGS2,wt,wt_s1,detail,1,109,BSQLDSQTGOZBFD-UHFFFAOYNA-N,-6.68
PTGS2,wt,wt_s1,detail,1,110,ZVVCFJXCDATSCC-UHFFFAOYNA-N,-9.52
PTGS2,wt,wt_s1,detail,1,111,SKEQTXZATFWVMB-UYBDAZJANA-N,-6.487
PTGS2,wt,wt_s1,detail,1,112,IATWYRHDJKMBQK-MPIMZMORNA-N,-8.256
PTGS2,wt,wt_s1,detail,1,113,JPWOEQDCUZCWKT-MPIMZMORNA-N,-7.085
PTGS2,wt,wt_s1,detail,1,114,RYHSAXRBHDHPPK-PKSOQXRJNA-N,-6.716
PTGS2,wt,wt_s1,detail,1,115,GKKJWUFVZJJFPG-MPIMZMORNA-N,-7.184
PTGS2,wt,wt_s1,detail,1,116,FDNZXFDUCINVLY-BDGWVKIONA-N,-8.803
PTGS2,wt,wt_s1,detail,1,117,KTBYKHKWIFIFAK-UHFFFAOYNA-N,-8.623
PTGS2,wt,wt_s1,detail,1,118,ZRXZEWGUECXTTQ-LQFNOIFHNA-N,-7.5
PTGS2,wt,wt_s1,detail,1,119,XNACBBGLIAJNJM-PECIQRARNA-N,-10.665
PTGS2,wt,wt_s1,detail,1,120,WQZYYJRVBIQUGH-YWZOXAELNA-N,-7.987
PTGS2,wt,wt_s1,detail,1,121,ABMSRNRLDZVJFV-SWUIVHNENA-N,-9.208
PTGS2,wt,wt_s1,detail,1,122,ZEACBIUBSOLEGW-QAITUMOCNA-N,-10.014
PTGS2,wt,wt_s1,detail,1,123,UBFCDXVLKFOOGL-OKPOJWAQNA-N,-8.633
PTGS2,wt,wt_s1,detail,1,124,RRIHVAFUFDANEX-NSJMMFDCNA-N,-6.597
PTGS2,wt,wt_s1,detail,1,125,HASIAUWPWKTSBW-SREBMQDQNA-N,-6.778
PTGS2,wt,wt_s1,detail,1,126,WHBCKYHTCHCHAY-LQFNOIFHNA-N,-7.349
PTGS2,wt,wt_s1,detail,1,127,XMAYWYJOQHXEEK-JYFHCDHNNA-N,-7.876
PTGS2,wt,wt_s1,detail,1,128,TVKCFCZANTZCSU-OYRHEFFENA-N,-8.712
PTGS2,wt,wt_s1,detail,1,129,OJFIIUWPOHBVMH-LNNLXFCONA-N,-6.955
PTGS2,wt,wt_s1,detail,1,130,DKLZMGFTGWKNCD-DIRLUKLVNA-N,-9.003
PTGS2,wt,wt_s1,detail,1,131,PYSLGWZFRQWTDD-PWIKPTQSNA-N,-8.299
PTGS2,wt,wt_s1,detail,1,132,MWMBIUUYBQWKJX-QTUCRYGENA-N,-8.3
PTGS2,wt,wt_s1,detail,1,133,FLYQFCXTEFTSQN-UHFFFAOYNA-N,-7.566
PTGS2,wt,wt_s1,detail,1,134,PBIBDSDWIMZYDT-WBWGZOKWNA-N,-7.407
PTGS2,wt,wt_s1,detail,1,135,GSRWMFGBDLHGBU-YEFLILRRNA-N,-7.186
PTGS2,wt,wt_s1,detail,1,136,AYIJJQHMZAEQKE-QDAGQJSJNA-N,-7.165
PTGS2,wt,wt_s1,detail,1,137,JVWTZUKPDMRNDC-FSAKADSPNA-N,-7.582
PTGS2,wt,wt_s1,detail,1,138,XAZPLOLSRXZDBO-LBZABMTDNA-N,-6.989
PTGS2,wt,wt_s1,detail,1,139,RGWVFJBNHCWCTL-CFEGKOCINA-N,-9.366
PTGS2,wt,wt_s1,detail,1,140,YYWNRQZCPIMCAK-UHFFFAOYNA-N,-9.225
PTGS2,wt,wt_s1,detail,1,141,PBTZDKNKXRSZPM-XBXBPLPCNA-N,-7.742
PTGS2,wt,wt_s1,detail,1,142,QQPOIMHFFPBDQM-LELJVTLKNA-N,-7.844
PTGS2,wt,wt_s1,detail,1,143,NYFQURFFDGCBCB-MAQJPOOANA-N,-6.51
PTGS2,wt,wt_s1,detail,1,144,HXZVHWHABLBWBS-MTTPVDACNA-N,-8.807
PTGS2,wt,wt_s1,detail,1,145,IWYYSOJWYLZKLK-LELJVTLKNA-N,-7.262
PTGS2,wt,wt_s1,detail,1,146,HOGUCNPGZXMBGW-UHFFFAOYNA-N,-8.471
PTGS2,wt,wt_s1,detail,1,147,VITUDJAVASFPKN-DUFUIDNCNA-N,-7.418
PTGS2,wt,wt_s1,detail,1,148,IXAHDCRYEUYPBG-SCXYCHFONA-N,-9.15
PTGS2,wt,wt_s1,detail,1,149,JWHMEKMLAZQDNS-OZMOGHDGNA-N,-6.77
PTGS2,wt,wt_s1,detail,1,150,BZWNBTIJLRHNDZ-LBOYIXSDNA-N,-6.931
PTGS2,wt,wt_s1,detail,1,151,RECYROBESYRUML-UHFFFAOYNA-N,-7.554
PTGS2,wt,wt_s1,detail,1,152,MLDSJJJLQRZNKW-UHBIVWOUNA-N,-8.754
PTGS2,wt,wt_s1,detail,1,153,XTWIHJARHCYNFX-PHXLCVRDNA-N,-8.984
PTGS2,wt,wt_s1,detail,1,154,UQGFETVWTRDGKJ-UHFFFAOYNA-N,-6.712
PTGS2,wt,wt_s1,detail,1,155,VJFSMDWEMFOWDK-CYSPOYASNA-N,-7.438
PTGS2,wt,wt_s1,detail,1,156,NZYLXYBIWNIAGH-CYSPOYASNA-N,-8.371
PTGS2,wt,wt_s1,detail,1,157,ODXCWFOKLBJQNP-MPIMZMORNA-N,-8.242
PTGS2,wt,wt_s1,detail,1,158,FVDNMAPPDSKXKQ-UHFFFAOYNA-N,-8.631
PTGS2,wt,wt_s1,detail,1,159,DOPWMPRIRWTOOD-CCHPKIMANA-N,-8.449
PTGS2,wt,wt_s2,detail,2,0,URVMSYHISUZXNH-UYBDAZJANA-N,-10.038
PTGS2,wt,wt_s2,detail,2,1,KXRPCFINVWWFHQ-UHFFFAOYNA-N,-5.878
PTGS2,wt,wt_s2,detail,2,2,NICJTSHRYBTHAS-YHMJCDSINA-N,-8.071
PTGS2,wt,wt_s2,detail,2,3,SWRZVDTZHDWPDS-AWIDAIFANA-N,-8.147
PTGS2,wt,wt_s2,detail,2,4,RKNSLLSUFWWYCA-UHFFFAOYNA-N,-11.097
PTGS2,wt,wt_s2,detail,2,5,OZFSIKFTRRUDES-RIYZIHGNNA-N,-7.498
PTGS2,wt,wt_s2,detail,2,6,AAGGUCRASUJPPN-UHFFFAOYNA-N,-8.075
PTGS2,wt,wt_s2,detail,2,7,OYHXDPMAFYHDNG-YAQRNVERNA-N,-8.518
PTGS2,wt,wt_s2,detail,2,8,AWILWAIEQYZUEQ-UHFFFAOYNA-N,-7.406
PTGS2,wt,wt_s2,detail,2,9,WSFAXHLMQUUHQT-VMPITWQZNA-N,-6.717
PTGS2,wt,wt_s2,detail,2,10,WPHMTVNOXKBZKN-UHFFFAOYNA-N,-7.28
PTGS2,wt,wt_s2,detail,2,11,LPEIZNODGHDCCW-UHFFFAOYNA-N,-6.96
PTGS2,wt,wt_s2,detail,2,12,QQHWWDVSRWOHEP-LILDFLRNNA-N,-9.091
PTGS2,wt,wt_s2,detail,2,13,UMEVSSPGBFVQNC-UHFFFAOYNA-N,-7.041
PTGS2,wt,wt_s2,detail,2,14,VZDIOEKWWZRNQN-UHFFFAOYNA-N,-9.644
PTGS2,wt,wt_s2,detail,2,15,JEVLDOUORFAHRS-NDKGDYFDNA-N,-7.349
PTGS2,wt,wt_s2,detail,2,16,NFTGJNJRMWUBPG-GPQMBLKYNA-N,-7.876
PTGS2,wt,wt_s2,detail,2,17,UMUUTEZBWGDVDA-UHFFFAOYNA-N,-8.314
PTGS2,wt,wt_s2,detail,2,18,VLQKEPLNPGYNDJ-HCKMINDGNA-N,-8.044
PTGS2,wt,wt_s2,detail,2,19,PPMVTAATPZLMJM-CDDDEJBQNA-N,-8.447
PTGS2,wt,wt_s2,detail,2,20,AHLYFAKLKLMESK-YAQRNVERNA-N,-8.091
PTGS2,wt,wt_s2,detail,2,21,GYEJYLAGVWRSIM-KGJHZMDYNA-N,-8.095
PTGS2,wt,wt_s2,detail,2,22,RXVALSLAUOIYLW-UHFFFAOYNA-N,-7.693
PTGS2,wt,wt_s2,detail,2,23,NSELYIFATLFDOZ-JLGFQASFNA-N,-8.354
PTGS2,wt,wt_s2,detail,2,24,COQFBYACOHFCEC-UHFFFAOYNA-N,-7.667
PTGS2,wt,wt_s2,detail,2,25,CJGJXFCLDYQBFQ-YJGXKCCXNA-N,-8.906
PTGS2,wt,wt_s2,detail,2,26,BWNGRRJLFYHENY-INIZCTEONA-N,-8.15
PTGS2,wt,wt_s2,detail,2,27,BNRFXWSJKVJVOF-UYBDAZJANA-N,-9.247
PTGS2,wt,wt_s2,detail,2,28,DMULMZBZVBBWBY-PJZINPJWNA-N,-9.284
PTGS2,wt,wt_s2,detail,2,29,AXLAIGJGNKHDPO-UHFFFAOYNA-N,-7.569
PTGS2,wt,wt_s2,detail,2,30,RKDGAONZEPYEBT-WXRBYKJCNA-N,-7.805
PTGS2,wt,wt_s2,detail,2,31,MBOYDUZSCSNUQL-MBBDSNKKNA-N,-7.497
PTGS2,wt,wt_s2,detail,2,32,KPVDBHRTXOFQDK-YAQRNVERNA-N,-7.37
PTGS2,wt,wt_s2,detail,2,33,LVCNFMYUKISBSB-VJSNTGQMNA-N,-8.522
PTGS2,wt,wt_s2,detail,2,34,XLAHCIRKLMJUQC-DZQCGVKKNA-N,-10.602
PTGS2,wt,wt_s2,detail,2,35,QNYHDABGLCBJOE-SHHGZXMVNA-N,-8.527
PTGS2,wt,wt_s2,detail,2,36,HEKNRISBWSPMOG-OWTLIXCDNA-N,-7.417
PTGS2,wt,wt_s2,detail,2,37,VIRNXCRLEVZXNX-LILDFLRNNA-N,-9.78
PTGS2,wt,wt_s2,detail,2,38,SRTGERSEXJGDMR-UHFFFAOYNA-N,-8.017
PTGS2,wt,wt_s2,detail,2,39,ZGMGSSRLZJYOKH-WXRBYKJCNA-N,-7.809
PTGS2,wt,wt_s2,detail,2,40,VGYFDFRFGHHCDA-CUTUCBJDNA-N,-9.842
PTGS2,wt,wt_s2,detail,2,41,DILPMLYWQJPNLO-HCKMINDGNA-N,-7.715
PTGS2,wt,wt_s2,detail,2,42,RSOODJIGEVJLMK-LQFNOIFHNA-N,-8.642
PTGS2,wt,wt_s2,detail,2,43,OWHHWMUAYBIQPR-UHFFFAOYNA-N,-8.947
PTGS2,wt,wt_s2,detail,2,44,KPIKMVZJKZDOFC-UHFFFAOYNA-N,-8.474
PTGS2,wt,wt_s2,detail,2,45,DIKDKRUREJXLMR-DPMTXJEANA-N,-8.366
PTGS2,wt,wt_s2,detail,2,46,QRVJDPKQHAVBDK-UYBDAZJANA-N,-7.284
PTGS2,wt,wt_s2,detail,2,47,SGBSFKSDPWOALT-UYBDAZJANA-N,-8.22
PTGS2,wt,wt_s2,detail,2,48,CYHFRNFVZWVHCG-OTJKMEOQNA-N,-9.698
PTGS2,wt,wt_s2,detail,2,49,MJUDQDHXCQONOA-MPIMZMORNA-N,-8.407
PTGS2,wt,wt_s2,detail,2,50,RNVYRNLUUYNQAS-PKSOQXRJNA-N,-6.982
PTGS2,wt,wt_s2,detail,2,51,DLZXOZYETDVJEB-QWOVJGMINA-N,-7.671
PTGS2,wt,wt_s2,detail,2,52,HSICVZRDGBJSEL-GPQMBLKYNA-N,-8.354
PTGS2,wt,wt_s2,detail,2,53,HMRUHHFLIMYEAF-QNGOCPJXNA-N,-8.222
PTGS2,wt,wt_s2,detail,2,54,ZZOWQPSBJUXHCA-YSPRVCGUNA-N,-7.203
PTGS2,wt,wt_s2,detail,2,55,WDDJLHOUFWSQSV-UHFFFAOYNA-N,-8.104
PTGS2,wt,wt_s2,detail,2,56,UKLIIGXGTPSYBF-IBCWCQIKNA-N,-6.691
PTGS2,wt,wt_s2,detail,2,57,LNPOBRXJZYGQMS-MOHJPFBDNA-N,-7.042
PTGS2,wt,wt_s2,detail,2,58,FYILBFPPKIZBTO-UHFFFAOYNA-N,-9.43
PTGS2,wt,wt_s2,detail,2,59,MIKIJFODTJGFDI-LILDFLRNNA-N,-8.993
PTGS2,wt,wt_s2,detail,2,60,RUWCNSLWWCWTSU-LILDFLRNNA-N,-8.097
PTGS2,wt,wt_s2,detail,2,61,KLQWCHKIQJHYIB-UHFFFAOYNA-N,-10.571
PTGS2,wt,wt_s2,detail,2,62,QKAWGENQCGFAOE-NPVYFSBINA-N,-7.228
PTGS2,wt,wt_s2,detail,2,63,KGOKCBRZBBEYBE-MMRXBHCZNA-N,-7.616
PTGS2,wt,wt_s2,detail,2,64,ROFRXCLSWKEWTN-UHFFFAOYNA-N,-6.488
PTGS2,wt,wt_s2,detail,2,65,AKRMJNKLSCBEME-FPYGCLRLNA-N,-7.596
PTGS2,wt,wt_s2,detail,2,66,LCGJUJZLLYTYIF-XMFFZCEENA-N,-9.403
PTGS2,wt,wt_s2,detail,2,67,FREQNFSEYLEFOI-QRCVEOAVNA-N,-8.254
PTGS2,wt,wt_s2,detail,2,68,MHMINAYLMNBGSM-UHFFFAOYNA-N,-8.22
PTGS2,wt,wt_s2,detail,2,69,SYMNTBHEGHFZMV-UHFFFAOYNA-N,-7.509
PTGS2,wt,wt_s2,detail,2,70,NNCRWGMPCGSKOO-LILDFLRNNA-N,-7.87
PTGS2,wt,wt_s2,detail,2,71,ZCRRNCCNJMRGFI-UHFFFAOYNA-N,-8.537
PTGS2,wt,wt_s2,detail,2,72,PYVZEIBGEUQNQQ-UHFFFAOYNA-N,-11.332
PTGS2,wt,wt_s2,detail,2,73,OROJQWVRCGJACT-XBTAAFKLNA-N,-7.953
PTGS2,wt,wt_s2,detail,2,74,TXYUWXKCUDOUGU-JLGFQASFNA-N,-7.402
PTGS2,wt,wt_s2,detail,2,75,LAZANALODSEDSE-UHFFFAOYNA-N,-9.196
PTGS2,wt,wt_s2,detail,2,76,RJXCYVJLXGRCHK-UHFFFAOYNA-N,-7.819
PTGS2,wt,wt_s2,detail,2,77,FUSKIBWHJAWEFI-IEJAXPBYNA-N,-7.961
PTGS2,wt,wt_s2,detail,2,78,SGWVLOCBQLQWQV-UHFFFAOYNA-N,-7.651
PTGS2,wt,wt_s2,detail,2,79,PPXRQTYXLZCDAZ-QWOVJGMINA-N,-8.16
PTGS2,wt,wt_s2,detail,2,80,DIFBADFWLVYFHV-LELJVTLKNA-N,-7.283
PTGS2,wt,wt_s2,detail,2,81,XREOSEVJCQGCHE-MHPMNMKGNA-N,-8.658
PTGS2,wt,wt_s2,detail,2,82,ZHGPKHBXSKWZEQ-UHFFFAOYNA-N,-9.855
PTGS2,wt,wt_s2,detail,2,83,ZFAYPJJNPSNAFK-UHFFFAOYNA-N,-8.061
PTGS2,wt,wt_s2,detail,2,84,LTXMRAGWIDQTQT-MYUTVWBTNA-N,-9.964
PTGS2,wt,wt_s2,detail,2,85,VXQHYHSSGLOALC-SPEPDGBUNA-N,-8.685
PTGS2,wt,wt_s2,detail,2,86,KWDSFRAWCISROF-PJQSKVNONA-N,-7.697
PTGS2,wt,wt_s2,detail,2,87,ZJZXSQPHUQUHIV-ZGZFQTMPNA-N,-7.928
PTGS2,wt,wt_s2,detail,2,88,UYHIVPBYFWVWEJ-UHFFFAOYNA-N,-8.004
PTGS2,wt,wt_s2,detail,2,89,PLEFJSUCKRWHBY-LNNLXFCONA-N,-7.047
PTGS2,wt,wt_s2,detail,2,90,DNSRQCRQLKJUCC-PDJAEHLQNA-N,-6.797
PTGS2,wt,wt_s2,detail,2,91,PHYKZCBUNVYJNH-YDBXFXKPNA-N,-7.167
PTGS2,wt,wt_s2,detail,2,92,OOUHZBUAVKCDGA-UHFFFAOYNA-N,-7.012
PTGS2,wt,wt_s2,detail,2,93,UUQDFZFJDFMLHW-UHFFFAOYNA-N,-7.621
PTGS2,wt,wt_s2,detail,2,94,OOUDDHNLDLLUOL-SKKVRFOWNA-N,-9.018
PTGS2,wt,wt_s2,detail,2,95,ZDMQSUAMTLXUTE-MPIMZMORNA-N,-7.311
PTGS2,wt,wt_s2,detail,2,96,NMPLPABDEKPABN-UHFFFAOYNA-N,-8.369
PTGS2,wt,wt_s2,detail,2,97,INZRHGSVWGRHBM-NPVYFSBINA-N,-8.278
PTGS2,wt,wt_s2,detail,2,98,RVGCWMKVTAEQIH-LNNLXFCONA-N,-8.119
PTGS2,wt,wt_s2,detail,2,99,VRXWKRQOVMZBAF-LJQANCHMNA-N,-6.675
PTGS2,wt,wt_s2,detail,2,100,QACLWOIBBYOHQP-UYBDAZJANA-N,-8.815
PTGS2,wt,wt_s2,detail,2,101,ZNXSZVFPCBIELQ-LNNLXFCONA-N,-6.554
PTGS2,wt,wt_s2,detail,2,102,GKMWCCNMKRSQHR-VEKUMTKDNA-N,-7.108
PTGS2,wt,wt_s2,detail,2,103,FFGUSRSMWFYKGK-SKKVRFOWNA-N,-8.769
PTGS2,wt,wt_s2,detail,2,104,KXBDDGKXLZBLOM-SPEPDGBUNA-N,-6.623
PTGS2,wt,wt_s2,detail,2,105,MIUWULAZCXYTJW-MSHHZIMBNA-N,-8.477
PTGS2,wt,wt_s2,detail,2,106,JPZOYWVRFLZCIC-NJNXFGOHNA-N,-7.851
PTGS2,wt,wt_s2,detail,2,107,FAIQTLBYDVKBAB-DVIAZDKANA-N,-7.235
PTGS2,wt,wt_s2,detail,2,108,APFLRZZAOXCNAZ-UHFFFAOYNA-N,-7.657
PTGS2,wt,wt_s2,detail,2,109,BSQLDSQTGOZBFD-UHFFFAOYNA-N,-6.498
PTGS2,wt,wt_s2,detail,2,110,ZVVCFJXCDATSCC-UHFFFAOYNA-N,-9.321
PTGS2,wt,wt_s2,detail,2,111,SKEQTXZATFWVMB-UYBDAZJANA-N,-6.538
PTGS2,wt,wt_s2,detail,2,112,IATWYRHDJKMBQK-MPIMZMORNA-N,-8.143
PTGS2,wt,wt_s2,detail,2,113,JPWOEQDCUZCWKT-MPIMZMORNA-N,-6.272
PTGS2,wt,wt_s2,detail,2,114,RYHSAXRBHDHPPK-PKSOQXRJNA-N,-6.817
PTGS2,wt,wt_s2,detail,2,115,GKKJWUFVZJJFPG-MPIMZMORNA-N,-7.449
PTGS2,wt,wt_s2,detail,2,116,FDNZXFDUCINVLY-BDGWVKIONA-N,-8.97
PTGS2,wt,wt_s2,detail,2,117,KTBYKHKWIFIFAK-UHFFFAOYNA-N,-8.572
PTGS2,wt,wt_s2,detail,2,118,ZRXZEWGUECXTTQ-LQFNOIFHNA-N,-7.539
PTGS2,wt,wt_s2,detail,2,119,XNACBBGLIAJNJM-PECIQRARNA-N,-10.749
PTGS2,wt,wt_s2,detail,2,120,WQZYYJRVBIQUGH-YWZOXAELNA-N,-8.245
PTGS2,wt,wt_s2,detail,2,121,ABMSRNRLDZVJFV-SWUIVHNENA-N,-9.28
PTGS2,wt,wt_s2,detail,2,122,ZEACBIUBSOLEGW-QAITUMOCNA-N,-10.182
PTGS2,wt,wt_s2,detail,2,123,UBFCDXVLKFOOGL-OKPOJWAQNA-N,-9.285
PTGS2,wt,wt_s2,detail,2,124,RRIHVAFUFDANEX-NSJMMFDCNA-N,-6.872
PTGS2,wt,wt_s2,detail,2,125,HASIAUWPWKTSBW-SREBMQDQNA-N,-7.178
PTGS2,wt,wt_s2,detail,2,126,WHBCKYHTCHCHAY-LQFNOIFHNA-N,-7.786
PTGS2,wt,wt_s2,detail,2,127,XMAYWYJOQHXEEK-JYFHCDHNNA-N,-8.573
PTGS2,wt,wt_s2,detail,2,128,TVKCFCZANTZCSU-OYRHEFFENA-N,-8.017
PTGS2,wt,wt_s2,detail,2,129,OJFIIUWPOHBVMH-LNNLXFCONA-N,-6.477
PTGS2,wt,wt_s2,detail,2,130,DKLZMGFTGWKNCD-DIRLUKLVNA-N,-7.849
PTGS2,wt,wt_s2,detail,2,131,PYSLGWZFRQWTDD-PWIKPTQSNA-N,-8.125
PTGS2,wt,wt_s2,detail,2,132,MWMBIUUYBQWKJX-QTUCRYGENA-N,-7.036
PTGS2,wt,wt_s2,detail,2,133,FLYQFCXTEFTSQN-UHFFFAOYNA-N,-6.905
PTGS2,wt,wt_s2,detail,2,134,PBIBDSDWIMZYDT-WBWGZOKWNA-N,-7.327
PTGS2,wt,wt_s2,detail,2,135,GSRWMFGBDLHGBU-YEFLILRRNA-N,-6.771
PTGS2,wt,wt_s2,detail,2,136,AYIJJQHMZAEQKE-QDAGQJSJNA-N,-7.934
PTGS2,wt,wt_s2,detail,2,137,JVWTZUKPDMRNDC-FSAKADSPNA-N,-8.198
PTGS2,wt,wt_s2,detail,2,138,XAZPLOLSRXZDBO-LBZABMTDNA-N,-6.967
PTGS2,wt,wt_s2,detail,2,139,RGWVFJBNHCWCTL-CFEGKOCINA-N,-8.708
PTGS2,wt,wt_s2,detail,2,140,YYWNRQZCPIMCAK-UHFFFAOYNA-N,-8.8
PTGS2,wt,wt_s2,detail,2,141,PBTZDKNKXRSZPM-XBXBPLPCNA-N,-8.616
PTGS2,wt,wt_s2,detail,2,142,QQPOIMHFFPBDQM-LELJVTLKNA-N,-7.034
PTGS2,wt,wt_s2,detail,2,143,NYFQURFFDGCBCB-MAQJPOOANA-N,-6.607
PTGS2,wt,wt_s2,detail,2,144,HXZVHWHABLBWBS-MTTPVDACNA-N,-8.859
PTGS2,wt,wt_s2,detail,2,145,IWYYSOJWYLZKLK-LELJVTLKNA-N,-7.282
PTGS2,wt,wt_s2,detail,2,146,HOGUCNPGZXMBGW-UHFFFAOYNA-N,-8.101
PTGS2,wt,wt_s2,detail,2,147,VITUDJAVASFPKN-DUFUIDNCNA-N,-7.794
PTGS2,wt,wt_s2,detail,2,148,IXAHDCRYEUYPBG-SCXYCHFONA-N,-7.845
PTGS2,wt,wt_s2,detail,2,149,JWHMEKMLAZQDNS-OZMOGHDGNA-N,-7.225
PTGS2,wt,wt_s2,detail,2,150,BZWNBTIJLRHNDZ-LBOYIXSDNA-N,-6.845
PTGS2,wt,wt_s2,detail,2,151,RECYROBESYRUML-UHFFFAOYNA-N,-7.558
PTGS2,wt,wt_s2,detail,2,152,MLDSJJJLQRZNKW-UHBIVWOUNA-N,-8.604
PTGS2,wt,wt_s2,detail,2,153,XTWIHJARHCYNFX-PHXLCVRDNA-N,-8.826
PTGS2,wt,wt_s2,detail,2,154,UQGFETVWTRDGKJ-UHFFFAOYNA-N,-6.616
PTGS2,wt,wt_s2,detail,2,155,VJFSMDWEMFOWDK-CYSPOYASNA-N,-8.694
PTGS2,wt,wt_s2,detail,2,156,NZYLXYBIWNIAGH-CYSPOYASNA-N,-8.501
PTGS2,wt,wt_s2,detail,2,157,ODXCWFOKLBJQNP-MPIMZMORNA-N,-8.103
PTGS2,wt,wt_s2,detail,2,158,FVDNMAPPDSKXKQ-UHFFFAOYNA-N,-8.094
PTGS2,wt,wt_s2,detail,2,159,DOPWMPRIRWTOOD-CCHPKIMANA-N,-8.343
PTGS2,wt,wt_s3,detail,3,0,URVMSYHISUZXNH-UYBDAZJANA-N,-10.0
PTGS2,wt,wt_s3,detail,3,1,KXRPCFINVWWFHQ-UHFFFAOYNA-N,-5.862
PTGS2,wt,wt_s3,detail,3,2,NICJTSHRYBTHAS-YHMJCDSINA-N,-8.107
PTGS2,wt,wt_s3,detail,3,3,SWRZVDTZHDWPDS-AWIDAIFANA-N,-8.878
PTGS2,wt,wt_s3,detail,3,4,RKNSLLSUFWWYCA-UHFFFAOYNA-N,-11.203
PTGS2,wt,wt_s3,detail,3,5,OZFSIKFTRRUDES-RIYZIHGNNA-N,-7.497
PTGS2,wt,wt_s3,detail,3,6,AAGGUCRASUJPPN-UHFFFAOYNA-N,-8.212
PTGS2,wt,wt_s3,detail,3,7,OYHXDPMAFYHDNG-YAQRNVERNA-N,-8.585
PTGS2,wt,wt_s3,detail,3,8,AWILWAIEQYZUEQ-UHFFFAOYNA-N,-7.439
PTGS2,wt,wt_s3,detail,3,9,WSFAXHLMQUUHQT-VMPITWQZNA-N,-6.576
PTGS2,wt,wt_s3,detail,3,10,WPHMTVNOXKBZKN-UHFFFAOYNA-N,-7.303
PTGS2,wt,wt_s3,detail,3,11,LPEIZNODGHDCCW-UHFFFAOYNA-N,-6.95
PTGS2,wt,wt_s3,detail,3,12,QQHWWDVSRWOHEP-LILDFLRNNA-N,-9.133
PTGS2,wt,wt_s3,detail,3,13,UMEVSSPGBFVQNC-UHFFFAOYNA-N,-7.06
PTGS2,wt,wt_s3,detail,3,14,VZDIOEKWWZRNQN-UHFFFAOYNA-N,-9.675
PTGS2,wt,wt_s3,detail,3,15,JEVLDOUORFAHRS-NDKGDYFDNA-N,-7.345
PTGS2,wt,wt_s3,detail,3,16,NFTGJNJRMWUBPG-GPQMBLKYNA-N,-8.039
PTGS2,wt,wt_s3,detail,3,17,UMUUTEZBWGDVDA-UHFFFAOYNA-N,-8.316
PTGS2,wt,wt_s3,detail,3,18,VLQKEPLNPGYNDJ-HCKMINDGNA-N,-8.059
PTGS2,wt,wt_s3,detail,3,19,PPMVTAATPZLMJM-CDDDEJBQNA-N,-8.506
PTGS2,wt,wt_s3,detail,3,20,AHLYFAKLKLMESK-YAQRNVERNA-N,-8.181
PTGS2,wt,wt_s3,detail,3,21,GYEJYLAGVWRSIM-KGJHZMDYNA-N,-8.06
PTGS2,wt,wt_s3,detail,3,22,RXVALSLAUOIYLW-UHFFFAOYNA-N,-7.954
PTGS2,wt,wt_s3,detail,3,23,NSELYIFATLFDOZ-JLGFQASFNA-N,-8.2
PTGS2,wt,wt_s3,detail,3,24,COQFBYACOHFCEC-UHFFFAOYNA-N,-7.602
PTGS2,wt,wt_s3,detail,3,25,CJGJXFCLDYQBFQ-YJGXKCCXNA-N,-8.883
PTGS2,wt,wt_s3,detail,3,26,BWNGRRJLFYHENY-INIZCTEONA-N,-7.817
PTGS2,wt,wt_s3,detail,3,27,BNRFXWSJKVJVOF-UYBDAZJANA-N,-9.081
PTGS2,wt,wt_s3,detail,3,28,DMULMZBZVBBWBY-PJZINPJWNA-N,-9.239
PTGS2,wt,wt_s3,detail,3,29,AXLAIGJGNKHDPO-UHFFFAOYNA-N,-7.547
PTGS2,wt,wt_s3,detail,3,30,RKDGAONZEPYEBT-WXRBYKJCNA-N,-7.73
PTGS2,wt,wt_s3,detail,3,31,MBOYDUZSCSNUQL-MBBDSNKKNA-N,-7.505
PTGS2,wt,wt_s3,detail,3,32,KPVDBHRTXOFQDK-YAQRNVERNA-N,-7.187
PTGS2,wt,wt_s3,detail,3,33,LVCNFMYUKISBSB-VJSNTGQMNA-N,-8.441
PTGS2,wt,wt_s3,detail,3,34,XLAHCIRKLMJUQC-DZQCGVKKNA-N,-10.677
PTGS2,wt,wt_s3,detail,3,35,QNYHDABGLCBJOE-SHHGZXMVNA-N,-7.708
PTGS2,wt,wt_s3,detail,3,36,HEKNRISBWSPMOG-OWTLIXCDNA-N,-7.403
PTGS2,wt,wt_s3,detail,3,37,VIRNXCRLEVZXNX-LILDFLRNNA-N,-9.78
PTGS2,wt,wt_s3,detail,3,38,SRTGERSEXJGDMR-UHFFFAOYNA-N,-7.6
PTGS2,wt,wt_s3,detail,3,39,ZGMGSSRLZJYOKH-WXRBYKJCNA-N,-7.723
PTGS2,wt,wt_s3,detail,3,40,VGYFDFRFGHHCDA-CUTUCBJDNA-N,-9.896
PTGS2,wt,wt_s3,detail,3,41,DILPMLYWQJPNLO-HCKMINDGNA-N,-7.693
PTGS2,wt,wt_s3,detail,3,42,RSOODJIGEVJLMK-LQFNOIFHNA-N,-8.627
PTGS2,wt,wt_s3,detail,3,43,OWHHWMUAYBIQPR-UHFFFAOYNA-N,-8.993
PTGS2,wt,wt_s3,detail,3,44,KPIKMVZJKZDOFC-UHFFFAOYNA-N,-8.483
PTGS2,wt,wt_s3,detail,3,45,DIKDKRUREJXLMR-DPMTXJEANA-N,-8.323
PTGS2,wt,wt_s3,detail,3,46,QRVJDPKQHAVBDK-UYBDAZJANA-N,-6.35
PTGS2,wt,wt_s3,detail,3,47,SGBSFKSDPWOALT-UYBDAZJANA-N,-8.135
PTGS2,wt,wt_s3,detail,3,48,CYHFRNFVZWVHCG-OTJKMEOQNA-N,-9.808
PTGS2,wt,wt_s3,detail,3,49,MJUDQDHXCQONOA-MPIMZMORNA-N,-7.711
PTGS2,wt,wt_s3,detail,3,50,RNVYRNLUUYNQAS-PKSOQXRJNA-N,-6.496
PTGS2,wt,wt_s3,detail,3,51,DLZXOZYETDVJEB-QWOVJGMINA-N,-7.992
PTGS2,wt,wt_s3,detail,3,52,HSICVZRDGBJSEL-GPQMBLKYNA-N,-8.463
PTGS2,wt,wt_s3,detail,3,53,HMRUHHFLIMYEAF-QNGOCPJXNA-N,-8.215
PTGS2,wt,wt_s3,detail,3,54,ZZOWQPSBJUXHCA-YSPRVCGUNA-N,-8.572
PTGS2,wt,wt_s3,detail,3,55,WDDJLHOUFWSQSV-UHFFFAOYNA-N,-8.159
PTGS2,wt,wt_s3,detail,3,56,UKLIIGXGTPSYBF-IBCWCQIKNA-N,-6.84
PTGS2,wt,wt_s3,detail,3,57,LNPOBRXJZYGQMS-MOHJPFBDNA-N,-7.023
PTGS2,wt,wt_s3,detail,3,58,FYILBFPPKIZBTO-UHFFFAOYNA-N,-9.455
PTGS2,wt,wt_s3,detail,3,59,MIKIJFODTJGFDI-LILDFLRNNA-N,-9.127
PTGS2,wt,wt_s3,detail,3,60,RUWCNSLWWCWTSU-LILDFLRNNA-N,-8.237
PTGS2,wt,wt_s3,detail,3,61,KLQWCHKIQJHYIB-UHFFFAOYNA-N,-10.685
PTGS2,wt,wt_s3,detail,3,62,QKAWGENQCGFAOE-NPVYFSBINA-N,-6.998
PTGS2,wt,wt_s3,detail,3,63,KGOKCBRZBBEYBE-MMRXBHCZNA-N,-7.619
PTGS2,wt,wt_s3,detail,3,64,ROFRXCLSWKEWTN-UHFFFAOYNA-N,-6.312
PTGS2,wt,wt_s3,detail,3,65,AKRMJNKLSCBEME-FPYGCLRLNA-N,-8.12
PTGS2,wt,wt_s3,detail,3,66,LCGJUJZLLYTYIF-XMFFZCEENA-N,-9.299
PTGS2,wt,wt_s3,detail,3,67,FREQNFSEYLEFOI-QRCVEOAVNA-N,-8.861
PTGS2,wt,wt_s3,detail,3,68,MHMINAYLMNBGSM-UHFFFAOYNA-N,-8.927
PTGS2,wt,wt_s3,detail,3,69,SYMNTBHEGHFZMV-UHFFFAOYNA-N,-7.874
PTGS2,wt,wt_s3,detail,3,70,NNCRWGMPCGSKOO-LILDFLRNNA-N,-7.896
PTGS2,wt,wt_s3,detail,3,71,ZCRRNCCNJMRGFI-UHFFFAOYNA-N,-8.675
PTGS2,wt,wt_s3,detail,3,72,PYVZEIBGEUQNQQ-UHFFFAOYNA-N,-11.334
PTGS2,wt,wt_s3,detail,3,73,OROJQWVRCGJACT-XBTAAFKLNA-N,-8.695
PTGS2,wt,wt_s3,detail,3,74,TXYUWXKCUDOUGU-JLGFQASFNA-N,-7.633
PTGS2,wt,wt_s3,detail,3,75,LAZANALODSEDSE-UHFFFAOYNA-N,-9.017
PTGS2,wt,wt_s3,detail,3,76,RJXCYVJLXGRCHK-UHFFFAOYNA-N,-7.929
PTGS2,wt,wt_s3,detail,3,77,FUSKIBWHJAWEFI-IEJAXPBYNA-N,-8.568
PTGS2,wt,wt_s3,detail,3,78,SGWVLOCBQLQWQV-UHFFFAOYNA-N,-7.578
PTGS2,wt,wt_s3,detail,3,79,PPXRQTYXLZCDAZ-QWOVJGMINA-N,-8.062
PTGS2,wt,wt_s3,detail,3,80,DIFBADFWLVYFHV-LELJVTLKNA-N,-6.827
PTGS2,wt,wt_s3,detail,3,81,XREOSEVJCQGCHE-MHPMNMKGNA-N,-6.923
PTGS2,wt,wt_s3,detail,3,82,ZHGPKHBXSKWZEQ-UHFFFAOYNA-N,-9.641
PTGS2,wt,wt_s3,detail,3,83,ZFAYPJJNPSNAFK-UHFFFAOYNA-N,-7.795
PTGS2,wt,wt_s3,detail,3,84,LTXMRAGWIDQTQT-MYUTVWBTNA-N,-9.961
PTGS2,wt,wt_s3,detail,3,85,VXQHYHSSGLOALC-SPEPDGBUNA-N,-8.719
PTGS2,wt,wt_s3,detail,3,86,KWDSFRAWCISROF-PJQSKVNONA-N,-7.333
PTGS2,wt,wt_s3,detail,3,87,ZJZXSQPHUQUHIV-ZGZFQTMPNA-N,-7.975
PTGS2,wt,wt_s3,detail,3,88,UYHIVPBYFWVWEJ-UHFFFAOYNA-N,-7.752
PTGS2,wt,wt_s3,detail,3,89,PLEFJSUCKRWHBY-LNNLXFCONA-N,-6.979
PTGS2,wt,wt_s3,detail,3,90,DNSRQCRQLKJUCC-PDJAEHLQNA-N,-7.611
PTGS2,wt,wt_s3,detail,3,91,PHYKZCBUNVYJNH-YDBXFXKPNA-N,-6.246
PTGS2,wt,wt_s3,detail,3,92,OOUHZBUAVKCDGA-UHFFFAOYNA-N,-6.755
PTGS2,wt,wt_s3,detail,3,93,UUQDFZFJDFMLHW-UHFFFAOYNA-N,-7.537
PTGS2,wt,wt_s3,detail,3,94,OOUDDHNLDLLUOL-SKKVRFOWNA-N,-8.9
PTGS2,wt,wt_s3,detail,3,95,ZDMQSUAMTLXUTE-MPIMZMORNA-N,-7.22
PTGS2,wt,wt_s3,detail,3,96,NMPLPABDEKPABN-UHFFFAOYNA-N,-8.166
PTGS2,wt,wt_s3,detail,3,97,INZRHGSVWGRHBM-NPVYFSBINA-N,-8.258
PTGS2,wt,wt_s3,detail,3,98,RVGCWMKVTAEQIH-LNNLXFCONA-N,-7.491
PTGS2,wt,wt_s3,detail,3,99,VRXWKRQOVMZBAF-LJQANCHMNA-N,-6.73
PTGS2,wt,wt_s3,detail,3,100,QACLWOIBBYOHQP-UYBDAZJANA-N,-8.806
PTGS2,wt,wt_s3,detail,3,101,ZNXSZVFPCBIELQ-LNNLXFCONA-N,-7.412
PTGS2,wt,wt_s3,detail,3,102,GKMWCCNMKRSQHR-VEKUMTKDNA-N,-7.113
PTGS2,wt,wt_s3,detail,3,103,FFGUSRSMWFYKGK-SKKVRFOWNA-N,-8.837
PTGS2,wt,wt_s3,detail,3,104,KXBDDGKXLZBLOM-SPEPDGBUNA-N,-7.352
PTGS2,wt,wt_s3,detail,3,105,MIUWULAZCXYTJW-MSHHZIMBNA-N,-8.186
PTGS2,wt,wt_s3,detail,3,106,JPZOYWVRFLZCIC-NJNXFGOHNA-N,-8.102
PTGS2,wt,wt_s3,detail,3,107,FAIQTLBYDVKBAB-DVIAZDKANA-N,-7.13
PTGS2,wt,wt_s3,detail,3,108,APFLRZZAOXCNAZ-UHFFFAOYNA-N,-9.347
PTGS2,wt,wt_s3,detail,3,109,BSQLDSQTGOZBFD-UHFFFAOYNA-N,-6.732
PTGS2,wt,wt_s3,detail,3,110,ZVVCFJXCDATSCC-UHFFFAOYNA-N,-9.586
PTGS2,wt,wt_s3,detail,3,111,SKEQTXZATFWVMB-UYBDAZJANA-N,-6.745
PTGS2,wt,wt_s3,detail,3,112,IATWYRHDJKMBQK-MPIMZMORNA-N,-8.849
PTGS2,wt,wt_s3,detail,3,113,JPWOEQDCUZCWKT-MPIMZMORNA-N,-6.851
PTGS2,wt,wt_s3,detail,3,114,RYHSAXRBHDHPPK-PKSOQXRJNA-N,-6.784
PTGS2,wt,wt_s3,detail,3,115,GKKJWUFVZJJFPG-MPIMZMORNA-N,-7.187
PTGS2,wt,wt_s3,detail,3,116,FDNZXFDUCINVLY-BDGWVKIONA-N,-9.067
PTGS2,wt,wt_s3,detail,3,117,KTBYKHKWIFIFAK-UHFFFAOYNA-N,-8.934
PTGS2,wt,wt_s3,detail,3,118,ZRXZEWGUECXTTQ-LQFNOIFHNA-N,-7.647
PTGS2,wt,wt_s3,detail,3,119,XNACBBGLIAJNJM-PECIQRARNA-N,-10.702
PTGS2,wt,wt_s3,detail,3,120,WQZYYJRVBIQUGH-YWZOXAELNA-N,-8.666
PTGS2,wt,wt_s3,detail,3,121,ABMSRNRLDZVJFV-SWUIVHNENA-N,-9.218
PTGS2,wt,wt_s3,detail,3,122,ZEACBIUBSOLEGW-QAITUMOCNA-N,-10.04
PTGS2,wt,wt_s3,detail,3,123,UBFCDXVLKFOOGL-OKPOJWAQNA-N,-9.312
PTGS2,wt,wt_s3,detail,3,124,RRIHVAFUFDANEX-NSJMMFDCNA-N,-7.116
PTGS2,wt,wt_s3,detail,3,125,HASIAUWPWKTSBW-SREBMQDQNA-N,-6.559
PTGS2,wt,wt_s3,detail,3,126,WHBCKYHTCHCHAY-LQFNOIFHNA-N,-7.455
PTGS2,wt,wt_s3,detail,3,127,XMAYWYJOQHXEEK-JYFHCDHNNA-N,-8.024
PTGS2,wt,wt_s3,detail,3,128,TVKCFCZANTZCSU-OYRHEFFENA-N,-8.311
PTGS2,wt,wt_s3,detail,3,129,OJFIIUWPOHBVMH-LNNLXFCONA-N,-6.142
PTGS2,wt,wt_s3,detail,3,130,DKLZMGFTGWKNCD-DIRLUKLVNA-N,-9.096
PTGS2,wt,wt_s3,detail,3,131,PYSLGWZFRQWTDD-PWIKPTQSNA-N,-8.841
PTGS2,wt,wt_s3,detail,3,132,MWMBIUUYBQWKJX-QTUCRYGENA-N,-6.934
PTGS2,wt,wt_s3,detail,3,133,FLYQFCXTEFTSQN-UHFFFAOYNA-N,-7.541
PTGS2,wt,wt_s3,detail,3,134,PBIBDSDWIMZYDT-WBWGZOKWNA-N,-7.872
PTGS2,wt,wt_s3,detail,3,135,GSRWMFGBDLHGBU-YEFLILRRNA-N,-7.198
PTGS2,wt,wt_s3,detail,3,136,AYIJJQHMZAEQKE-QDAGQJSJNA-N,-7.998
PTGS2,wt,wt_s3,detail,3,137,JVWTZUKPDMRNDC-FSAKADSPNA-N,-7.556
PTGS2,wt,wt_s3,detail,3,138,XAZPLOLSRXZDBO-LBZABMTDNA-N,-6.75
PTGS2,wt,wt_s3,detail,3,139,RGWVFJBNHCWCTL-CFEGKOCINA-N,-9.508
PTGS2,wt,wt_s3,detail,3,140,YYWNRQZCPIMCAK-UHFFFAOYNA-N,-8.563
PTGS2,wt,wt_s3,detail,3,141,PBTZDKNKXRSZPM-XBXBPLPCNA-N,-7.074
PTGS2,wt,wt_s3,detail,3,142,QQPOIMHFFPBDQM-LELJVTLKNA-N,-7.704
PTGS2,wt,wt_s3,detail,3,143,NYFQURFFDGCBCB-MAQJPOOANA-N,-6.794
PTGS2,wt,wt_s3,detail,3,144,HXZVHWHABLBWBS-MTTPVDACNA-N,-8.737
PTGS2,wt,wt_s3,detail,3,145,IWYYSOJWYLZKLK-LELJVTLKNA-N,-7.356
PTGS2,wt,wt_s3,detail,3,146,HOGUCNPGZXMBGW-UHFFFAOYNA-N,-7.494
PTGS2,wt,wt_s3,detail,3,147,VITUDJAVASFPKN-DUFUIDNCNA-N,-7.592
PTGS2,wt,wt_s3,detail,3,148,IXAHDCRYEUYPBG-SCXYCHFONA-N,-8.438
PTGS2,wt,wt_s3,detail,3,149,JWHMEKMLAZQDNS-OZMOGHDGNA-N,-7.24
PTGS2,wt,wt_s3,detail,3,150,BZWNBTIJLRHNDZ-LBOYIXSDNA-N,-6.826
PTGS2,wt,wt_s3,detail,3,151,RECYROBESYRUML-UHFFFAOYNA-N,-7.608
PTGS2,wt,wt_s3,detail,3,152,MLDSJJJLQRZNKW-UHBIVWOUNA-N,-8.877
PTGS2,wt,wt_s3,detail,3,153,XTWIHJARHCYNFX-PHXLCVRDNA-N,-9.4
PTGS2,wt,wt_s3,detail,3,154,UQGFETVWTRDGKJ-UHFFFAOYNA-N,-6.452
PTGS2,wt,wt_s3,detail,3,155,VJFSMDWEMFOWDK-CYSPOYASNA-N,-8.135
PTGS2,wt,wt_s3,detail,3,156,NZYLXYBIWNIAGH-CYSPOYASNA-N,-8.463
PTGS2,wt,wt_s3,detail,3,157,ODXCWFOKLBJQNP-MPIMZMORNA-N,-8.564
PTGS2,wt,wt_s3,detail,3,158,FVDNMAPPDSKXKQ-UHFFFAOYNA-N,-8.716
PTGS2,wt,wt_s3,detail,3,159,DOPWMPRIRWTOOD-CCHPKIMANA-N,-8.439
PTGS2,c_PHE487,mut_s1,detail,1,0,URVMSYHISUZXNH-UYBDAZJANA-N,-9.141
PTGS2,c_PHE487,mut_s1,detail,1,1,KXRPCFINVWWFHQ-UHFFFAOYNA-N,-5.909
PTGS2,c_PHE487,mut_s1,detail,1,2,NICJTSHRYBTHAS-YHMJCDSINA-N,-7.978
PTGS2,c_PHE487,mut_s1,detail,1,3,SWRZVDTZHDWPDS-AWIDAIFANA-N,-9.437
PTGS2,c_PHE487,mut_s1,detail,1,4,RKNSLLSUFWWYCA-UHFFFAOYNA-N,-10.394
PTGS2,c_PHE487,mut_s1,detail,1,5,OZFSIKFTRRUDES-RIYZIHGNNA-N,-7.45
PTGS2,c_PHE487,mut_s1,detail,1,6,AAGGUCRASUJPPN-UHFFFAOYNA-N,-8.345
PTGS2,c_PHE487,mut_s1,detail,1,7,OYHXDPMAFYHDNG-YAQRNVERNA-N,-8.597
PTGS2,c_PHE487,mut_s1,detail,1,8,AWILWAIEQYZUEQ-UHFFFAOYNA-N,-7.509
PTGS2,c_PHE487,mut_s1,detail,1,9,WSFAXHLMQUUHQT-VMPITWQZNA-N,-7.801
PTGS2,c_PHE487,mut_s1,detail,1,10,WPHMTVNOXKBZKN-UHFFFAOYNA-N,-6.969
PTGS2,c_PHE487,mut_s1,detail,1,11,LPEIZNODGHDCCW-UHFFFAOYNA-N,-6.656
PTGS2,c_PHE487,mut_s1,detail,1,12,QQHWWDVSRWOHEP-LILDFLRNNA-N,-9.341
PTGS2,c_PHE487,mut_s1,detail,1,13,UMEVSSPGBFVQNC-UHFFFAOYNA-N,-6.89
PTGS2,c_PHE487,mut_s1,detail,1,14,VZDIOEKWWZRNQN-UHFFFAOYNA-N,-9.179
PTGS2,c_PHE487,mut_s1,detail,1,15,JEVLDOUORFAHRS-NDKGDYFDNA-N,-7.635
PTGS2,c_PHE487,mut_s1,detail,1,16,NFTGJNJRMWUBPG-GPQMBLKYNA-N,-7.71
PTGS2,c_PHE487,mut_s1,detail,1,17,UMUUTEZBWGDVDA-UHFFFAOYNA-N,-8.019
PTGS2,c_PHE487,mut_s1,detail,1,18,VLQKEPLNPGYNDJ-HCKMINDGNA-N,-7.617
PTGS2,c_PHE487,mut_s1,detail,1,19,PPMVTAATPZLMJM-CDDDEJBQNA-N,-7.735
PTGS2,c_PHE487,mut_s1,detail,1,20,AHLYFAKLKLMESK-YAQRNVERNA-N,-7.415
PTGS2,c_PHE487,mut_s1,detail,1,21,GYEJYLAGVWRSIM-KGJHZMDYNA-N,-8.409
PTGS2,c_PHE487,mut_s1,detail,1,22,RXVALSLAUOIYLW-UHFFFAOYNA-N,-8.147
PTGS2,c_PHE487,mut_s1,detail,1,23,NSELYIFATLFDOZ-JLGFQASFNA-N,-8.387
PTGS2,c_PHE487,mut_s1,detail,1,24,COQFBYACOHFCEC-UHFFFAOYNA-N,-8.148
PTGS2,c_PHE487,mut_s1,detail,1,25,CJGJXFCLDYQBFQ-YJGXKCCXNA-N,-9.145
PTGS2,c_PHE487,mut_s1,detail,1,26,BWNGRRJLFYHENY-INIZCTEONA-N,-8.113
PTGS2,c_PHE487,mut_s1,detail,1,27,BNRFXWSJKVJVOF-UYBDAZJANA-N,-9.35
PTGS2,c_PHE487,mut_s1,detail,1,28,DMULMZBZVBBWBY-PJZINPJWNA-N,-8.784
PTGS2,c_PHE487,mut_s1,detail,1,29,AXLAIGJGNKHDPO-UHFFFAOYNA-N,-7.28
PTGS2,c_PHE487,mut_s1,detail,1,30,RKDGAONZEPYEBT-WXRBYKJCNA-N,-7.18
PTGS2,c_PHE487,mut_s1,detail,1,31,MBOYDUZSCSNUQL-MBBDSNKKNA-N,-7.923
PTGS2,c_PHE487,mut_s1,detail,1,32,KPVDBHRTXOFQDK-YAQRNVERNA-N,-7.225
PTGS2,c_PHE487,mut_s1,detail,1,33,LVCNFMYUKISBSB-VJSNTGQMNA-N,-7.948
PTGS2,c_PHE487,mut_s1,detail,1,34,XLAHCIRKLMJUQC-DZQCGVKKNA-N,-9.715
PTGS2,c_PHE487,mut_s1,detail,1,35,QNYHDABGLCBJOE-SHHGZXMVNA-N,-8.676
PTGS2,c_PHE487,mut_s1,detail,1,36,HEKNRISBWSPMOG-OWTLIXCDNA-N,-7.529
PTGS2,c_PHE487,mut_s1,detail,1,37,VIRNXCRLEVZXNX-LILDFLRNNA-N,-9.314
PTGS2,c_PHE487,mut_s1,detail,1,38,SRTGERSEXJGDMR-UHFFFAOYNA-N,-8.205
PTGS2,c_PHE487,mut_s1,detail,1,39,ZGMGSSRLZJYOKH-WXRBYKJCNA-N,-7.632
PTGS2,c_PHE487,mut_s1,detail,1,40,VGYFDFRFGHHCDA-CUTUCBJDNA-N,-9.216
PTGS2,c_PHE487,mut_s1,detail,1,41,DILPMLYWQJPNLO-HCKMINDGNA-N,-9.385
PTGS2,c_PHE487,mut_s1,detail,1,42,RSOODJIGEVJLMK-LQFNOIFHNA-N,-9.639
PTGS2,c_PHE487,mut_s1,detail,1,43,OWHHWMUAYBIQPR-UHFFFAOYNA-N,-9.112
PTGS2,c_PHE487,mut_s1,detail,1,44,KPIKMVZJKZDOFC-UHFFFAOYNA-N,-8.171
PTGS2,c_PHE487,mut_s1,detail,1,45,DIKDKRUREJXLMR-DPMTXJEANA-N,-8.902
PTGS2,c_PHE487,mut_s1,detail,1,46,QRVJDPKQHAVBDK-UYBDAZJANA-N,-7.478
PTGS2,c_PHE487,mut_s1,detail,1,47,SGBSFKSDPWOALT-UYBDAZJANA-N,-7.759
PTGS2,c_PHE487,mut_s1,detail,1,48,CYHFRNFVZWVHCG-OTJKMEOQNA-N,-9.326
PTGS2,c_PHE487,mut_s1,detail,1,49,MJUDQDHXCQONOA-MPIMZMORNA-N,-9.002
PTGS2,c_PHE487,mut_s1,detail,1,50,RNVYRNLUUYNQAS-PKSOQXRJNA-N,-9.111
PTGS2,c_PHE487,mut_s1,detail,1,51,DLZXOZYETDVJEB-QWOVJGMINA-N,-8.199
PTGS2,c_PHE487,mut_s1,detail,1,52,HSICVZRDGBJSEL-GPQMBLKYNA-N,-9.269
PTGS2,c_PHE487,mut_s1,detail,1,53,HMRUHHFLIMYEAF-QNGOCPJXNA-N,-8.816
PTGS2,c_PHE487,mut_s1,detail,1,54,ZZOWQPSBJUXHCA-YSPRVCGUNA-N,-7.207
PTGS2,c_PHE487,mut_s1,detail,1,55,WDDJLHOUFWSQSV-UHFFFAOYNA-N,-9.898
PTGS2,c_PHE487,mut_s1,detail,1,56,UKLIIGXGTPSYBF-IBCWCQIKNA-N,-8.085
PTGS2,c_PHE487,mut_s1,detail,1,57,LNPOBRXJZYGQMS-MOHJPFBDNA-N,-8.181
PTGS2,c_PHE487,mut_s1,detail,1,58,FYILBFPPKIZBTO-UHFFFAOYNA-N,-8.791
PTGS2,c_PHE487,mut_s1,detail,1,59,MIKIJFODTJGFDI-LILDFLRNNA-N,-9.288
PTGS2,c_PHE487,mut_s1,detail,1,60,RUWCNSLWWCWTSU-LILDFLRNNA-N,-8.905
PTGS2,c_PHE487,mut_s1,detail,1,61,KLQWCHKIQJHYIB-UHFFFAOYNA-N,-10.13
PTGS2,c_PHE487,mut_s1,detail,1,62,QKAWGENQCGFAOE-NPVYFSBINA-N,-8.443
PTGS2,c_PHE487,mut_s1,detail,1,63,KGOKCBRZBBEYBE-MMRXBHCZNA-N,-9.59
PTGS2,c_PHE487,mut_s1,detail,1,64,ROFRXCLSWKEWTN-UHFFFAOYNA-N,-8.217
PTGS2,c_PHE487,mut_s1,detail,1,65,AKRMJNKLSCBEME-FPYGCLRLNA-N,-8.642
PTGS2,c_PHE487,mut_s1,detail,1,66,LCGJUJZLLYTYIF-XMFFZCEENA-N,-9.499
PTGS2,c_PHE487,mut_s1,detail,1,67,FREQNFSEYLEFOI-QRCVEOAVNA-N,-8.719
PTGS2,c_PHE487,mut_s1,detail,1,68,MHMINAYLMNBGSM-UHFFFAOYNA-N,-7.77
PTGS2,c_PHE487,mut_s1,detail,1,69,SYMNTBHEGHFZMV-UHFFFAOYNA-N,-8.776
PTGS2,c_PHE487,mut_s1,detail,1,70,NNCRWGMPCGSKOO-LILDFLRNNA-N,-8.323
PTGS2,c_PHE487,mut_s1,detail,1,71,ZCRRNCCNJMRGFI-UHFFFAOYNA-N,-8.643
PTGS2,c_PHE487,mut_s1,detail,1,72,PYVZEIBGEUQNQQ-UHFFFAOYNA-N,-10.606
PTGS2,c_PHE487,mut_s1,detail,1,73,OROJQWVRCGJACT-XBTAAFKLNA-N,-8.399
PTGS2,c_PHE487,mut_s1,detail,1,74,TXYUWXKCUDOUGU-JLGFQASFNA-N,-7.066
PTGS2,c_PHE487,mut_s1,detail,1,75,LAZANALODSEDSE-UHFFFAOYNA-N,-8.589
PTGS2,c_PHE487,mut_s1,detail,1,76,RJXCYVJLXGRCHK-UHFFFAOYNA-N,-9.623
PTGS2,c_PHE487,mut_s1,detail,1,77,FUSKIBWHJAWEFI-IEJAXPBYNA-N,-7.553
PTGS2,c_PHE487,mut_s1,detail,1,78,SGWVLOCBQLQWQV-UHFFFAOYNA-N,-7.578
PTGS2,c_PHE487,mut_s1,detail,1,79,PPXRQTYXLZCDAZ-QWOVJGMINA-N,-9.827
PTGS2,c_PHE487,mut_s1,detail,1,80,DIFBADFWLVYFHV-LELJVTLKNA-N,-8.491
PTGS2,c_PHE487,mut_s1,detail,1,81,XREOSEVJCQGCHE-MHPMNMKGNA-N,-9.687
PTGS2,c_PHE487,mut_s1,detail,1,82,ZHGPKHBXSKWZEQ-UHFFFAOYNA-N,-9.297
PTGS2,c_PHE487,mut_s1,detail,1,83,ZFAYPJJNPSNAFK-UHFFFAOYNA-N,-8.056
PTGS2,c_PHE487,mut_s1,detail,1,84,LTXMRAGWIDQTQT-MYUTVWBTNA-N,-10.027
PTGS2,c_PHE487,mut_s1,detail,1,85,VXQHYHSSGLOALC-SPEPDGBUNA-N,-8.482
PTGS2,c_PHE487,mut_s1,detail,1,86,KWDSFRAWCISROF-PJQSKVNONA-N,-8.89
PTGS2,c_PHE487,mut_s1,detail,1,87,ZJZXSQPHUQUHIV-ZGZFQTMPNA-N,-8.857
PTGS2,c_PHE487,mut_s1,detail,1,88,UYHIVPBYFWVWEJ-UHFFFAOYNA-N,-9.946
PTGS2,c_PHE487,mut_s1,detail,1,89,PLEFJSUCKRWHBY-LNNLXFCONA-N,-8.887
PTGS2,c_PHE487,mut_s1,detail,1,90,DNSRQCRQLKJUCC-PDJAEHLQNA-N,-8.678
PTGS2,c_PHE487,mut_s1,detail,1,91,PHYKZCBUNVYJNH-YDBXFXKPNA-N,-7.045
PTGS2,c_PHE487,mut_s1,detail,1,92,OOUHZBUAVKCDGA-UHFFFAOYNA-N,-10.727
PTGS2,c_PHE487,mut_s1,detail,1,93,UUQDFZFJDFMLHW-UHFFFAOYNA-N,-8.465
PTGS2,c_PHE487,mut_s1,detail,1,94,OOUDDHNLDLLUOL-SKKVRFOWNA-N,-9.733
PTGS2,c_PHE487,mut_s1,detail,1,95,ZDMQSUAMTLXUTE-MPIMZMORNA-N,-7.219
PTGS2,c_PHE487,mut_s1,detail,1,96,NMPLPABDEKPABN-UHFFFAOYNA-N,-8.557
PTGS2,c_PHE487,mut_s1,detail,1,97,INZRHGSVWGRHBM-NPVYFSBINA-N,-9.895
PTGS2,c_PHE487,mut_s1,detail,1,98,RVGCWMKVTAEQIH-LNNLXFCONA-N,-9.316
PTGS2,c_PHE487,mut_s1,detail,1,99,VRXWKRQOVMZBAF-LJQANCHMNA-N,-6.725
PTGS2,c_PHE487,mut_s1,detail,1,100,QACLWOIBBYOHQP-UYBDAZJANA-N,-9.039
PTGS2,c_PHE487,mut_s1,detail,1,101,ZNXSZVFPCBIELQ-LNNLXFCONA-N,-8.422
PTGS2,c_PHE487,mut_s1,detail,1,102,GKMWCCNMKRSQHR-VEKUMTKDNA-N,-9.003
PTGS2,c_PHE487,mut_s1,detail,1,103,FFGUSRSMWFYKGK-SKKVRFOWNA-N,-9.416
PTGS2,c_PHE487,mut_s1,detail,1,104,KXBDDGKXLZBLOM-SPEPDGBUNA-N,-9.062
PTGS2,c_PHE487,mut_s1,detail,1,105,MIUWULAZCXYTJW-MSHHZIMBNA-N,-10.019
PTGS2,c_PHE487,mut_s1,detail,1,106,JPZOYWVRFLZCIC-NJNXFGOHNA-N,-9.61
PTGS2,c_PHE487,mut_s1,detail,1,107,FAIQTLBYDVKBAB-DVIAZDKANA-N,-8.108
PTGS2,c_PHE487,mut_s1,detail,1,108,APFLRZZAOXCNAZ-UHFFFAOYNA-N,-9.029
PTGS2,c_PHE487,mut_s1,detail,1,109,BSQLDSQTGOZBFD-UHFFFAOYNA-N,-8.67
PTGS2,c_PHE487,mut_s1,detail,1,110,ZVVCFJXCDATSCC-UHFFFAOYNA-N,-8.807
PTGS2,c_PHE487,mut_s1,detail,1,111,SKEQTXZATFWVMB-UYBDAZJANA-N,-6.382
PTGS2,c_PHE487,mut_s1,detail,1,112,IATWYRHDJKMBQK-MPIMZMORNA-N,-9.15
PTGS2,c_PHE487,mut_s1,detail,1,113,JPWOEQDCUZCWKT-MPIMZMORNA-N,-6.365
PTGS2,c_PHE487,mut_s1,detail,1,114,RYHSAXRBHDHPPK-PKSOQXRJNA-N,-9.405
PTGS2,c_PHE487,mut_s1,detail,1,115,GKKJWUFVZJJFPG-MPIMZMORNA-N,-8.899
PTGS2,c_PHE487,mut_s1,detail,1,116,FDNZXFDUCINVLY-BDGWVKIONA-N,-9.028
PTGS2,c_PHE487,mut_s1,detail,1,117,KTBYKHKWIFIFAK-UHFFFAOYNA-N,-8.582
PTGS2,c_PHE487,mut_s1,detail,1,118,ZRXZEWGUECXTTQ-LQFNOIFHNA-N,-7.417
PTGS2,c_PHE487,mut_s1,detail,1,119,XNACBBGLIAJNJM-PECIQRARNA-N,-10.25
PTGS2,c_PHE487,mut_s1,detail,1,120,WQZYYJRVBIQUGH-YWZOXAELNA-N,-8.036
PTGS2,c_PHE487,mut_s1,detail,1,121,ABMSRNRLDZVJFV-SWUIVHNENA-N,-9.512
PTGS2,c_PHE487,mut_s1,detail,1,122,ZEACBIUBSOLEGW-QAITUMOCNA-N,-10.397
PTGS2,c_PHE487,mut_s1,detail,1,123,UBFCDXVLKFOOGL-OKPOJWAQNA-N,-10.061
PTGS2,c_PHE487,mut_s1,detail,1,124,RRIHVAFUFDANEX-NSJMMFDCNA-N,-6.902
PTGS2,c_PHE487,mut_s1,detail,1,125,HASIAUWPWKTSBW-SREBMQDQNA-N,-6.295
PTGS2,c_PHE487,mut_s1,detail,1,126,WHBCKYHTCHCHAY-LQFNOIFHNA-N,-7.871
PTGS2,c_PHE487,mut_s1,detail,1,127,XMAYWYJOQHXEEK-JYFHCDHNNA-N,-8.449
PTGS2,c_PHE487,mut_s1,detail,1,128,TVKCFCZANTZCSU-OYRHEFFENA-N,-8.287
PTGS2,c_PHE487,mut_s1,detail,1,129,OJFIIUWPOHBVMH-LNNLXFCONA-N,-6.539
PTGS2,c_PHE487,mut_s1,detail,1,130,DKLZMGFTGWKNCD-DIRLUKLVNA-N,-10.28
PTGS2,c_PHE487,mut_s1,detail,1,131,PYSLGWZFRQWTDD-PWIKPTQSNA-N,-8.178
PTGS2,c_PHE487,mut_s1,detail,1,132,MWMBIUUYBQWKJX-QTUCRYGENA-N,-7.088
PTGS2,c_PHE487,mut_s1,detail,1,133,FLYQFCXTEFTSQN-UHFFFAOYNA-N,-8.3
PTGS2,c_PHE487,mut_s1,detail,1,134,PBIBDSDWIMZYDT-WBWGZOKWNA-N,-7.87
PTGS2,c_PHE487,mut_s1,detail,1,135,GSRWMFGBDLHGBU-YEFLILRRNA-N,-6.674
PTGS2,c_PHE487,mut_s1,detail,1,136,AYIJJQHMZAEQKE-QDAGQJSJNA-N,-7.358
PTGS2,c_PHE487,mut_s1,detail,1,137,JVWTZUKPDMRNDC-FSAKADSPNA-N,-8.131
PTGS2,c_PHE487,mut_s1,detail,1,138,XAZPLOLSRXZDBO-LBZABMTDNA-N,-8.709
PTGS2,c_PHE487,mut_s1,detail,1,139,RGWVFJBNHCWCTL-CFEGKOCINA-N,-8.928
PTGS2,c_PHE487,mut_s1,detail,1,140,YYWNRQZCPIMCAK-UHFFFAOYNA-N,-9.285
PTGS2,c_PHE487,mut_s1,detail,1,141,PBTZDKNKXRSZPM-XBXBPLPCNA-N,-9.881
PTGS2,c_PHE487,mut_s1,detail,1,142,QQPOIMHFFPBDQM-LELJVTLKNA-N,-7.587
PTGS2,c_PHE487,mut_s1,detail,1,143,NYFQURFFDGCBCB-MAQJPOOANA-N,-6.435
PTGS2,c_PHE487,mut_s1,detail,1,144,HXZVHWHABLBWBS-MTTPVDACNA-N,-8.579
PTGS2,c_PHE487,mut_s1,detail,1,145,IWYYSOJWYLZKLK-LELJVTLKNA-N,-8.363
PTGS2,c_PHE487,mut_s1,detail,1,146,HOGUCNPGZXMBGW-UHFFFAOYNA-N,-8.525
PTGS2,c_PHE487,mut_s1,detail,1,147,VITUDJAVASFPKN-DUFUIDNCNA-N,-7.578
PTGS2,c_PHE487,mut_s1,detail,1,148,IXAHDCRYEUYPBG-SCXYCHFONA-N,-8.982
PTGS2,c_PHE487,mut_s1,detail,1,149,JWHMEKMLAZQDNS-OZMOGHDGNA-N,-7.268
PTGS2,c_PHE487,mut_s1,detail,1,150,BZWNBTIJLRHNDZ-LBOYIXSDNA-N,-7.14
PTGS2,c_PHE487,mut_s1,detail,1,151,RECYROBESYRUML-UHFFFAOYNA-N,-7.56
PTGS2,c_PHE487,mut_s1,detail,1,152,MLDSJJJLQRZNKW-UHBIVWOUNA-N,-10.045
PTGS2,c_PHE487,mut_s1,detail,1,153,XTWIHJARHCYNFX-PHXLCVRDNA-N,-8.912
PTGS2,c_PHE487,mut_s1,detail,1,154,UQGFETVWTRDGKJ-UHFFFAOYNA-N,-6.763
PTGS2,c_PHE487,mut_s1,detail,1,155,VJFSMDWEMFOWDK-CYSPOYASNA-N,-8.274
PTGS2,c_PHE487,mut_s1,detail,1,156,NZYLXYBIWNIAGH-CYSPOYASNA-N,-8.458
PTGS2,c_PHE487,mut_s1,detail,1,157,ODXCWFOKLBJQNP-MPIMZMORNA-N,-8.93
PTGS2,c_PHE487,mut_s1,detail,1,158,FVDNMAPPDSKXKQ-UHFFFAOYNA-N,-8.604
PTGS2,c_PHE487,mut_s1,detail,1,159,DOPWMPRIRWTOOD-CCHPKIMANA-N,-8.367
PTGS2,c_LEU321,mut_s1,detail,1,0,URVMSYHISUZXNH-UYBDAZJANA-N,-9.423
PTGS2,c_LEU321,mut_s1,detail,1,1,KXRPCFINVWWFHQ-UHFFFAOYNA-N,-5.739
PTGS2,c_LEU321,mut_s1,detail,1,2,NICJTSHRYBTHAS-YHMJCDSINA-N,-7.931
PTGS2,c_LEU321,mut_s1,detail,1,3,SWRZVDTZHDWPDS-AWIDAIFANA-N,-7.5
PTGS2,c_LEU321,mut_s1,detail,1,4,RKNSLLSUFWWYCA-UHFFFAOYNA-N,-10.603
PTGS2,c_LEU321,mut_s1,detail,1,5,OZFSIKFTRRUDES-RIYZIHGNNA-N,-7.3
PTGS2,c_LEU321,mut_s1,detail,1,6,AAGGUCRASUJPPN-UHFFFAOYNA-N,-8.033
PTGS2,c_LEU321,mut_s1,detail,1,7,OYHXDPMAFYHDNG-YAQRNVERNA-N,-8.266
PTGS2,c_LEU321,mut_s1,detail,1,8,AWILWAIEQYZUEQ-UHFFFAOYNA-N,-7.169
PTGS2,c_LEU321,mut_s1,detail,1,9,WSFAXHLMQUUHQT-VMPITWQZNA-N,-6.626
PTGS2,c_LEU321,mut_s1,detail,1,10,WPHMTVNOXKBZKN-UHFFFAOYNA-N,-7.039
PTGS2,c_LEU321,mut_s1,detail,1,11,LPEIZNODGHDCCW-UHFFFAOYNA-N,-6.72
PTGS2,c_LEU321,mut_s1,detail,1,12,QQHWWDVSRWOHEP-LILDFLRNNA-N,-8.714
PTGS2,c_LEU321,mut_s1,detail,1,13,UMEVSSPGBFVQNC-UHFFFAOYNA-N,-6.971
PTGS2,c_LEU321,mut_s1,detail,1,14,VZDIOEKWWZRNQN-UHFFFAOYNA-N,-9.527
PTGS2,c_LEU321,mut_s1,detail,1,15,JEVLDOUORFAHRS-NDKGDYFDNA-N,-7.382
PTGS2,c_LEU321,mut_s1,detail,1,16,NFTGJNJRMWUBPG-GPQMBLKYNA-N,-6.836
PTGS2,c_LEU321,mut_s1,detail,1,17,UMUUTEZBWGDVDA-UHFFFAOYNA-N,-7.983
PTGS2,c_LEU321,mut_s1,detail,1,18,VLQKEPLNPGYNDJ-HCKMINDGNA-N,-8.135
PTGS2,c_LEU321,mut_s1,detail,1,19,PPMVTAATPZLMJM-CDDDEJBQNA-N,-8.567
PTGS2,c_LEU321,mut_s1,detail,1,20,AHLYFAKLKLMESK-YAQRNVERNA-N,-8.019
PTGS2,c_LEU321,mut_s1,detail,1,21,GYEJYLAGVWRSIM-KGJHZMDYNA-N,-7.309
PTGS2,c_LEU321,mut_s1,detail,1,22,RXVALSLAUOIYLW-UHFFFAOYNA-N,-7.947
PTGS2,c_LEU321,mut_s1,detail,1,23,NSELYIFATLFDOZ-JLGFQASFNA-N,-8.382
PTGS2,c_LEU321,mut_s1,detail,1,24,COQFBYACOHFCEC-UHFFFAOYNA-N,-7.727
PTGS2,c_LEU321,mut_s1,detail,1,25,CJGJXFCLDYQBFQ-YJGXKCCXNA-N,-8.673
PTGS2,c_LEU321,mut_s1,detail,1,26,BWNGRRJLFYHENY-INIZCTEONA-N,-7.344
PTGS2,c_LEU321,mut_s1,detail,1,27,BNRFXWSJKVJVOF-UYBDAZJANA-N,-9.509
PTGS2,c_LEU321,mut_s1,detail,1,28,DMULMZBZVBBWBY-PJZINPJWNA-N,-8.632
PTGS2,c_LEU321,mut_s1,detail,1,29,AXLAIGJGNKHDPO-UHFFFAOYNA-N,-7.27
PTGS2,c_LEU321,mut_s1,detail,1,30,RKDGAONZEPYEBT-WXRBYKJCNA-N,-7.814
PTGS2,c_LEU321,mut_s1,detail,1,31,MBOYDUZSCSNUQL-MBBDSNKKNA-N,-7.338
PTGS2,c_LEU321,mut_s1,detail,1,32,KPVDBHRTXOFQDK-YAQRNVERNA-N,-7.081
PTGS2,c_LEU321,mut_s1,detail,1,33,LVCNFMYUKISBSB-VJSNTGQMNA-N,-8.293
PTGS2,c_LEU321,mut_s1,detail,1,34,XLAHCIRKLMJUQC-DZQCGVKKNA-N,-10.133
PTGS2,c_LEU321,mut_s1,detail,1,35,QNYHDABGLCBJOE-SHHGZXMVNA-N,-8.413
PTGS2,c_LEU321,mut_s1,detail,1,36,HEKNRISBWSPMOG-OWTLIXCDNA-N,-7.683
PTGS2,c_LEU321,mut_s1,detail,1,37,VIRNXCRLEVZXNX-LILDFLRNNA-N,-9.614
PTGS2,c_LEU321,mut_s1,detail,1,38,SRTGERSEXJGDMR-UHFFFAOYNA-N,-7.525
PTGS2,c_LEU321,mut_s1,detail,1,39,ZGMGSSRLZJYOKH-WXRBYKJCNA-N,-7.561
PTGS2,c_LEU321,mut_s1,detail,1,40,VGYFDFRFGHHCDA-CUTUCBJDNA-N,-9.479
PTGS2,c_LEU321,mut_s1,detail,1,41,DILPMLYWQJPNLO-HCKMINDGNA-N,-6.782
PTGS2,c_LEU321,mut_s1,detail,1,42,RSOODJIGEVJLMK-LQFNOIFHNA-N,-7.849
PTGS2,c_LEU321,mut_s1,detail,1,43,OWHHWMUAYBIQPR-UHFFFAOYNA-N,-8.826
PTGS2,c_LEU321,mut_s1,detail,1,44,KPIKMVZJKZDOFC-UHFFFAOYNA-N,-8.162
PTGS2,c_LEU321,mut_s1,detail,1,45,DIKDKRUREJXLMR-DPMTXJEANA-N,-8.188
PTGS2,c_LEU321,mut_s1,detail,1,46,QRVJDPKQHAVBDK-UYBDAZJANA-N,-7.019
PTGS2,c_LEU321,mut_s1,detail,1,47,SGBSFKSDPWOALT-UYBDAZJANA-N,-7.423
PTGS2,c_LEU321,mut_s1,detail,1,48,CYHFRNFVZWVHCG-OTJKMEOQNA-N,-9.3
PTGS2,c_LEU321,mut_s1,detail,1,49,MJUDQDHXCQONOA-MPIMZMORNA-N,-8.623
PTGS2,c_LEU321,mut_s1,detail,1,50,RNVYRNLUUYNQAS-PKSOQXRJNA-N,-7.984
PTGS2,c_LEU321,mut_s1,detail,1,51,DLZXOZYETDVJEB-QWOVJGMINA-N,-7.516
PTGS2,c_LEU321,mut_s1,detail,1,52,HSICVZRDGBJSEL-GPQMBLKYNA-N,-8.876
PTGS2,c_LEU321,mut_s1,detail,1,53,HMRUHHFLIMYEAF-QNGOCPJXNA-N,-8.027
PTGS2,c_LEU321,mut_s1,detail,1,54,ZZOWQPSBJUXHCA-YSPRVCGUNA-N,-6.915
PTGS2,c_LEU321,mut_s1,detail,1,55,WDDJLHOUFWSQSV-UHFFFAOYNA-N,-8.007
PTGS2,c_LEU321,mut_s1,detail,1,56,UKLIIGXGTPSYBF-IBCWCQIKNA-N,-6.791
PTGS2,c_LEU321,mut_s1,detail,1,57,LNPOBRXJZYGQMS-MOHJPFBDNA-N,-6.899
PTGS2,c_LEU321,mut_s1,detail,1,58,FYILBFPPKIZBTO-UHFFFAOYNA-N,-9.274
PTGS2,c_LEU321,mut_s1,detail,1,59,MIKIJFODTJGFDI-LILDFLRNNA-N,-8.663
PTGS2,c_LEU321,mut_s1,detail,1,60,RUWCNSLWWCWTSU-LILDFLRNNA-N,-8.451
PTGS2,c_LEU321,mut_s1,detail,1,61,KLQWCHKIQJHYIB-UHFFFAOYNA-N,-9.911
PTGS2,c_LEU321,mut_s1,detail,1,62,QKAWGENQCGFAOE-NPVYFSBINA-N,-7.007
PTGS2,c_LEU321,mut_s1,detail,1,63,KGOKCBRZBBEYBE-MMRXBHCZNA-N,-7.618
PTGS2,c_LEU321,mut_s1,detail,1,64,ROFRXCLSWKEWTN-UHFFFAOYNA-N,-7.27
PTGS2,c_LEU321,mut_s1,detail,1,65,AKRMJNKLSCBEME-FPYGCLRLNA-N,-7.589
PTGS2,c_LEU321,mut_s1,detail,1,66,LCGJUJZLLYTYIF-XMFFZCEENA-N,-8.917
PTGS2,c_LEU321,mut_s1,detail,1,67,FREQNFSEYLEFOI-QRCVEOAVNA-N,-7.935
PTGS2,c_LEU321,mut_s1,detail,1,68,MHMINAYLMNBGSM-UHFFFAOYNA-N,-7.9
PTGS2,c_LEU321,mut_s1,detail,1,69,SYMNTBHEGHFZMV-UHFFFAOYNA-N,-7.495
PTGS2,c_LEU321,mut_s1,detail,1,70,NNCRWGMPCGSKOO-LILDFLRNNA-N,-7.481
PTGS2,c_LEU321,mut_s1,detail,1,71,ZCRRNCCNJMRGFI-UHFFFAOYNA-N,-8.351
PTGS2,c_LEU321,mut_s1,detail,1,72,PYVZEIBGEUQNQQ-UHFFFAOYNA-N,-11.066
PTGS2,c_LEU321,mut_s1,detail,1,73,OROJQWVRCGJACT-XBTAAFKLNA-N,-8.663
PTGS2,c_LEU321,mut_s1,detail,1,74,TXYUWXKCUDOUGU-JLGFQASFNA-N,-7.051
PTGS2,c_LEU321,mut_s1,detail,1,75,LAZANALODSEDSE-UHFFFAOYNA-N,-8.466
PTGS2,c_LEU321,mut_s1,detail,1,76,RJXCYVJLXGRCHK-UHFFFAOYNA-N,-8.002
PTGS2,c_LEU321,mut_s1,detail,1,77,FUSKIBWHJAWEFI-IEJAXPBYNA-N,-8.37
PTGS2,c_LEU321,mut_s1,detail,1,78,SGWVLOCBQLQWQV-UHFFFAOYNA-N,-7.596
PTGS2,c_LEU321,mut_s1,detail,1,79,PPXRQTYXLZCDAZ-QWOVJGMINA-N,-8.195
PTGS2,c_LEU321,mut_s1,detail,1,80,DIFBADFWLVYFHV-LELJVTLKNA-N,-7.145
PTGS2,c_LEU321,mut_s1,detail,1,81,XREOSEVJCQGCHE-MHPMNMKGNA-N,-7.372
PTGS2,c_LEU321,mut_s1,detail,1,82,ZHGPKHBXSKWZEQ-UHFFFAOYNA-N,-10.162
PTGS2,c_LEU321,mut_s1,detail,1,83,ZFAYPJJNPSNAFK-UHFFFAOYNA-N,-7.992
PTGS2,c_LEU321,mut_s1,detail,1,84,LTXMRAGWIDQTQT-MYUTVWBTNA-N,-9.622
PTGS2,c_LEU321,mut_s1,detail,1,85,VXQHYHSSGLOALC-SPEPDGBUNA-N,-8.581
PTGS2,c_LEU321,mut_s1,detail,1,86,KWDSFRAWCISROF-PJQSKVNONA-N,-7.835
PTGS2,c_LEU321,mut_s1,detail,1,87,ZJZXSQPHUQUHIV-ZGZFQTMPNA-N,-7.93
PTGS2,c_LEU321,mut_s1,detail,1,88,UYHIVPBYFWVWEJ-UHFFFAOYNA-N,-7.923
PTGS2,c_LEU321,mut_s1,detail,1,89,PLEFJSUCKRWHBY-LNNLXFCONA-N,-6.951
PTGS2,c_LEU321,mut_s1,detail,1,90,DNSRQCRQLKJUCC-PDJAEHLQNA-N,-6.97
PTGS2,c_LEU321,mut_s1,detail,1,91,PHYKZCBUNVYJNH-YDBXFXKPNA-N,-6.287
PTGS2,c_LEU321,mut_s1,detail,1,92,OOUHZBUAVKCDGA-UHFFFAOYNA-N,-6.292
PTGS2,c_LEU321,mut_s1,detail,1,93,UUQDFZFJDFMLHW-UHFFFAOYNA-N,-7.152
PTGS2,c_LEU321,mut_s1,detail,1,94,OOUDDHNLDLLUOL-SKKVRFOWNA-N,-9.316
PTGS2,c_LEU321,mut_s1,detail,1,95,ZDMQSUAMTLXUTE-MPIMZMORNA-N,-7.078
PTGS2,c_LEU321,mut_s1,detail,1,96,NMPLPABDEKPABN-UHFFFAOYNA-N,-7.694
PTGS2,c_LEU321,mut_s1,detail,1,97,INZRHGSVWGRHBM-NPVYFSBINA-N,-7.744
PTGS2,c_LEU321,mut_s1,detail,1,98,RVGCWMKVTAEQIH-LNNLXFCONA-N,-7.898
PTGS2,c_LEU321,mut_s1,detail,1,99,VRXWKRQOVMZBAF-LJQANCHMNA-N,-6.631
PTGS2,c_LEU321,mut_s1,detail,1,100,QACLWOIBBYOHQP-UYBDAZJANA-N,-8.513
PTGS2,c_LEU321,mut_s1,detail,1,101,ZNXSZVFPCBIELQ-LNNLXFCONA-N,-8.507
PTGS2,c_LEU321,mut_s1,detail,1,102,GKMWCCNMKRSQHR-VEKUMTKDNA-N,-7.373
PTGS2,c_LEU321,mut_s1,detail,1,103,FFGUSRSMWFYKGK-SKKVRFOWNA-N,-8.368
PTGS2,c_LEU321,mut_s1,detail,1,104,KXBDDGKXLZBLOM-SPEPDGBUNA-N,-7.35
PTGS2,c_LEU321,mut_s1,detail,1,105,MIUWULAZCXYTJW-MSHHZIMBNA-N,-8.159
PTGS2,c_LEU321,mut_s1,detail,1,106,JPZOYWVRFLZCIC-NJNXFGOHNA-N,-9.703
PTGS2,c_LEU321,mut_s1,detail,1,107,FAIQTLBYDVKBAB-DVIAZDKANA-N,-8.603
PTGS2,c_LEU321,mut_s1,detail,1,108,APFLRZZAOXCNAZ-UHFFFAOYNA-N,-7.868
PTGS2,c_LEU321,mut_s1,detail,1,109,BSQLDSQTGOZBFD-UHFFFAOYNA-N,-6.844
PTGS2,c_LEU321,mut_s1,detail,1,110,ZVVCFJXCDATSCC-UHFFFAOYNA-N,-9.393
PTGS2,c_LEU321,mut_s1,detail,1,111,SKEQTXZATFWVMB-UYBDAZJANA-N,-6.582
PTGS2,c_LEU321,mut_s1,detail,1,112,IATWYRHDJKMBQK-MPIMZMORNA-N,-8.204
PTGS2,c_LEU321,mut_s1,detail,1,113,JPWOEQDCUZCWKT-MPIMZMORNA-N,-6.751
PTGS2,c_LEU321,mut_s1,detail,1,114,RYHSAXRBHDHPPK-PKSOQXRJNA-N,-6.7
PTGS2,c_LEU321,mut_s1,detail,1,115,GKKJWUFVZJJFPG-MPIMZMORNA-N,-7.57
PTGS2,c_LEU321,mut_s1,detail,1,116,FDNZXFDUCINVLY-BDGWVKIONA-N,-8.992
PTGS2,c_LEU321,mut_s1,detail,1,117,KTBYKHKWIFIFAK-UHFFFAOYNA-N,-8.611
PTGS2,c_LEU321,mut_s1,detail,1,118,ZRXZEWGUECXTTQ-LQFNOIFHNA-N,-7.824
PTGS2,c_LEU321,mut_s1,detail,1,119,XNACBBGLIAJNJM-PECIQRARNA-N,-10.325
PTGS2,c_LEU321,mut_s1,detail,1,120,WQZYYJRVBIQUGH-YWZOXAELNA-N,-8.487
PTGS2,c_LEU321,mut_s1,detail,1,121,ABMSRNRLDZVJFV-SWUIVHNENA-N,-8.892
PTGS2,c_LEU321,mut_s1,detail,1,122,ZEACBIUBSOLEGW-QAITUMOCNA-N,-9.745
PTGS2,c_LEU321,mut_s1,detail,1,123,UBFCDXVLKFOOGL-OKPOJWAQNA-N,-8.969
PTGS2,c_LEU321,mut_s1,detail,1,124,RRIHVAFUFDANEX-NSJMMFDCNA-N,-6.695
PTGS2,c_LEU321,mut_s1,detail,1,125,HASIAUWPWKTSBW-SREBMQDQNA-N,-7.204
PTGS2,c_LEU321,mut_s1,detail,1,126,WHBCKYHTCHCHAY-LQFNOIFHNA-N,-7.255
PTGS2,c_LEU321,mut_s1,detail,1,127,XMAYWYJOQHXEEK-JYFHCDHNNA-N,-7.53
PTGS2,c_LEU321,mut_s1,detail,1,128,TVKCFCZANTZCSU-OYRHEFFENA-N,-8.016
PTGS2,c_LEU321,mut_s1,detail,1,129,OJFIIUWPOHBVMH-LNNLXFCONA-N,-6.797
PTGS2,c_LEU321,mut_s1,detail,1,130,DKLZMGFTGWKNCD-DIRLUKLVNA-N,-8.222
PTGS2,c_LEU321,mut_s1,detail,1,131,PYSLGWZFRQWTDD-PWIKPTQSNA-N,-8.713
PTGS2,c_LEU321,mut_s1,detail,1,132,MWMBIUUYBQWKJX-QTUCRYGENA-N,-8.921
PTGS2,c_LEU321,mut_s1,detail,1,133,FLYQFCXTEFTSQN-UHFFFAOYNA-N,-7.821
PTGS2,c_LEU321,mut_s1,detail,1,134,PBIBDSDWIMZYDT-WBWGZOKWNA-N,-7.923
PTGS2,c_LEU321,mut_s1,detail,1,135,GSRWMFGBDLHGBU-YEFLILRRNA-N,-6.538
PTGS2,c_LEU321,mut_s1,detail,1,136,AYIJJQHMZAEQKE-QDAGQJSJNA-N,-7.973
PTGS2,c_LEU321,mut_s1,detail,1,137,JVWTZUKPDMRNDC-FSAKADSPNA-N,-7.609
PTGS2,c_LEU321,mut_s1,detail,1,138,XAZPLOLSRXZDBO-LBZABMTDNA-N,-7.063
PTGS2,c_LEU321,mut_s1,detail,1,139,RGWVFJBNHCWCTL-CFEGKOCINA-N,-9.08
PTGS2,c_LEU321,mut_s1,detail,1,140,YYWNRQZCPIMCAK-UHFFFAOYNA-N,-8.924
PTGS2,c_LEU321,mut_s1,detail,1,141,PBTZDKNKXRSZPM-XBXBPLPCNA-N,-8.416
PTGS2,c_LEU321,mut_s1,detail,1,142,QQPOIMHFFPBDQM-LELJVTLKNA-N,-7.869
PTGS2,c_LEU321,mut_s1,detail,1,143,NYFQURFFDGCBCB-MAQJPOOANA-N,-6.93
PTGS2,c_LEU321,mut_s1,detail,1,144,HXZVHWHABLBWBS-MTTPVDACNA-N,-8.865
PTGS2,c_LEU321,mut_s1,detail,1,145,IWYYSOJWYLZKLK-LELJVTLKNA-N,-7.243
PTGS2,c_LEU321,mut_s1,detail,1,146,HOGUCNPGZXMBGW-UHFFFAOYNA-N,-7.568
PTGS2,c_LEU321,mut_s1,detail,1,147,VITUDJAVASFPKN-DUFUIDNCNA-N,-7.327
PTGS2,c_LEU321,mut_s1,detail,1,148,IXAHDCRYEUYPBG-SCXYCHFONA-N,-8.321
PTGS2,c_LEU321,mut_s1,detail,1,149,JWHMEKMLAZQDNS-OZMOGHDGNA-N,-7.019
PTGS2,c_LEU321,mut_s1,detail,1,150,BZWNBTIJLRHNDZ-LBOYIXSDNA-N,-6.945
PTGS2,c_LEU321,mut_s1,detail,1,151,RECYROBESYRUML-UHFFFAOYNA-N,-7.532
PTGS2,c_LEU321,mut_s1,detail,1,152,MLDSJJJLQRZNKW-UHBIVWOUNA-N,-8.861
PTGS2,c_LEU321,mut_s1,detail,1,153,XTWIHJARHCYNFX-PHXLCVRDNA-N,-8.611
PTGS2,c_LEU321,mut_s1,detail,1,154,UQGFETVWTRDGKJ-UHFFFAOYNA-N,-6.78
PTGS2,c_LEU321,mut_s1,detail,1,155,VJFSMDWEMFOWDK-CYSPOYASNA-N,-8.151
PTGS2,c_LEU321,mut_s1,detail,1,156,NZYLXYBIWNIAGH-CYSPOYASNA-N,-8.509
PTGS2,c_LEU321,mut_s1,detail,1,157,ODXCWFOKLBJQNP-MPIMZMORNA-N,-7.679
PTGS2,c_LEU321,mut_s1,detail,1,158,FVDNMAPPDSKXKQ-UHFFFAOYNA-N,-8.411
PTGS2,c_LEU321,mut_s1,detail,1,159,DOPWMPRIRWTOOD-CCHPKIMANA-N,-8.361
PTGS2,c_VAL318,mut_s1,detail,1,0,URVMSYHISUZXNH-UYBDAZJANA-N,-9.701
PTGS2,c_VAL318,mut_s1,detail,1,1,KXRPCFINVWWFHQ-UHFFFAOYNA-N,-5.868
PTGS2,c_VAL318,mut_s1,detail,1,2,NICJTSHRYBTHAS-YHMJCDSINA-N,-8.187
PTGS2,c_VAL318,mut_s1,detail,1,3,SWRZVDTZHDWPDS-AWIDAIFANA-N,-8.304
PTGS2,c_VAL318,mut_s1,detail,1,4,RKNSLLSUFWWYCA-UHFFFAOYNA-N,-10.559
PTGS2,c_VAL318,mut_s1,detail,1,5,OZFSIKFTRRUDES-RIYZIHGNNA-N,-7.483
PTGS2,c_VAL318,mut_s1,detail,1,6,AAGGUCRASUJPPN-UHFFFAOYNA-N,-8.09
PTGS2,c_VAL318,mut_s1,detail,1,7,OYHXDPMAFYHDNG-YAQRNVERNA-N,-8.704
PTGS2,c_VAL318,mut_s1,detail,1,8,AWILWAIEQYZUEQ-UHFFFAOYNA-N,-7.406
PTGS2,c_VAL318,mut_s1,detail,1,9,WSFAXHLMQUUHQT-VMPITWQZNA-N,-7.245
PTGS2,c_VAL318,mut_s1,detail,1,10,WPHMTVNOXKBZKN-UHFFFAOYNA-N,-7.284
PTGS2,c_VAL318,mut_s1,detail,1,11,LPEIZNODGHDCCW-UHFFFAOYNA-N,-7.189
PTGS2,c_VAL318,mut_s1,detail,1,12,QQHWWDVSRWOHEP-LILDFLRNNA-N,-8.881
PTGS2,c_VAL318,mut_s1,detail,1,13,UMEVSSPGBFVQNC-UHFFFAOYNA-N,-7.138
PTGS2,c_VAL318,mut_s1,detail,1,14,VZDIOEKWWZRNQN-UHFFFAOYNA-N,-9.533
PTGS2,c_VAL318,mut_s1,detail,1,15,JEVLDOUORFAHRS-NDKGDYFDNA-N,-7.972
PTGS2,c_VAL318,mut_s1,detail,1,16,NFTGJNJRMWUBPG-GPQMBLKYNA-N,-8.109
PTGS2,c_VAL318,mut_s1,detail,1,17,UMUUTEZBWGDVDA-UHFFFAOYNA-N,-8.16
PTGS2,c_VAL318,mut_s1,detail,1,18,VLQKEPLNPGYNDJ-HCKMINDGNA-N,-8.763
PTGS2,c_VAL318,mut_s1,detail,1,19,PPMVTAATPZLMJM-CDDDEJBQNA-N,-9.312
PTGS2,c_VAL318,mut_s1,detail,1,20,AHLYFAKLKLMESK-YAQRNVERNA-N,-7.897
PTGS2,c_VAL318,mut_s1,detail,1,21,GYEJYLAGVWRSIM-KGJHZMDYNA-N,-8.46
PTGS2,c_VAL318,mut_s1,detail,1,22,RXVALSLAUOIYLW-UHFFFAOYNA-N,-7.88
PTGS2,c_VAL318,mut_s1,detail,1,23,NSELYIFATLFDOZ-JLGFQASFNA-N,-8.53
PTGS2,c_VAL318,mut_s1,detail,1,24,COQFBYACOHFCEC-UHFFFAOYNA-N,-7.831
PTGS2,c_VAL318,mut_s1,detail,1,25,CJGJXFCLDYQBFQ-YJGXKCCXNA-N,-8.918
PTGS2,c_VAL318,mut_s1,detail,1,26,BWNGRRJLFYHENY-INIZCTEONA-N,-7.587
PTGS2,c_VAL318,mut_s1,detail,1,27,BNRFXWSJKVJVOF-UYBDAZJANA-N,-9.173
PTGS2,c_VAL318,mut_s1,detail,1,28,DMULMZBZVBBWBY-PJZINPJWNA-N,-9.254
PTGS2,c_VAL318,mut_s1,detail,1,29,AXLAIGJGNKHDPO-UHFFFAOYNA-N,-7.935
PTGS2,c_VAL318,mut_s1,detail,1,30,RKDGAONZEPYEBT-WXRBYKJCNA-N,-7.767
PTGS2,c_VAL318,mut_s1,detail,1,31,MBOYDUZSCSNUQL-MBBDSNKKNA-N,-7.457
PTGS2,c_VAL318,mut_s1,detail,1,32,KPVDBHRTXOFQDK-YAQRNVERNA-N,-7.621
PTGS2,c_VAL318,mut_s1,detail,1,33,LVCNFMYUKISBSB-VJSNTGQMNA-N,-8.249
PTGS2,c_VAL318,mut_s1,detail,1,34,XLAHCIRKLMJUQC-DZQCGVKKNA-N,-10.351
PTGS2,c_VAL318,mut_s1,detail,1,35,QNYHDABGLCBJOE-SHHGZXMVNA-N,-9.046
PTGS2,c_VAL318,mut_s1,detail,1,36,HEKNRISBWSPMOG-OWTLIXCDNA-N,-8.166
PTGS2,c_VAL318,mut_s1,detail,1,37,VIRNXCRLEVZXNX-LILDFLRNNA-N,-9.879
PTGS2,c_VAL318,mut_s1,detail,1,38,SRTGERSEXJGDMR-UHFFFAOYNA-N,-7.916
PTGS2,c_VAL318,mut_s1,detail,1,39,ZGMGSSRLZJYOKH-WXRBYKJCNA-N,-7.589
PTGS2,c_VAL318,mut_s1,detail,1,40,VGYFDFRFGHHCDA-CUTUCBJDNA-N,-10.16
PTGS2,c_VAL318,mut_s1,detail,1,41,DILPMLYWQJPNLO-HCKMINDGNA-N,-8.571
PTGS2,c_VAL318,mut_s1,detail,1,42,RSOODJIGEVJLMK-LQFNOIFHNA-N,-9.096
PTGS2,c_VAL318,mut_s1,detail,1,43,OWHHWMUAYBIQPR-UHFFFAOYNA-N,-9.338
PTGS2,c_VAL318,mut_s1,detail,1,44,KPIKMVZJKZDOFC-UHFFFAOYNA-N,-9.274
PTGS2,c_VAL318,mut_s1,detail,1,45,DIKDKRUREJXLMR-DPMTXJEANA-N,-8.213
PTGS2,c_VAL318,mut_s1,detail,1,46,QRVJDPKQHAVBDK-UYBDAZJANA-N,-7.19
PTGS2,c_VAL318,mut_s1,detail,1,47,SGBSFKSDPWOALT-UYBDAZJANA-N,-8.077
PTGS2,c_VAL318,mut_s1,detail,1,48,CYHFRNFVZWVHCG-OTJKMEOQNA-N,-9.38
PTGS2,c_VAL318,mut_s1,detail,1,49,MJUDQDHXCQONOA-MPIMZMORNA-N,-9.264
PTGS2,c_VAL318,mut_s1,detail,1,50,RNVYRNLUUYNQAS-PKSOQXRJNA-N,-7.966
PTGS2,c_VAL318,mut_s1,detail,1,51,DLZXOZYETDVJEB-QWOVJGMINA-N,-8.184
PTGS2,c_VAL318,mut_s1,detail,1,52,HSICVZRDGBJSEL-GPQMBLKYNA-N,-8.195
PTGS2,c_VAL318,mut_s1,detail,1,53,HMRUHHFLIMYEAF-QNGOCPJXNA-N,-8.019
PTGS2,c_VAL318,mut_s1,detail,1,54,ZZOWQPSBJUXHCA-YSPRVCGUNA-N,-8.508
PTGS2,c_VAL318,mut_s1,detail,1,55,WDDJLHOUFWSQSV-UHFFFAOYNA-N,-9.669
PTGS2,c_VAL318,mut_s1,detail,1,56,UKLIIGXGTPSYBF-IBCWCQIKNA-N,-7.146
PTGS2,c_VAL318,mut_s1,detail,1,57,LNPOBRXJZYGQMS-MOHJPFBDNA-N,-9.044
PTGS2,c_VAL318,mut_s1,detail,1,58,FYILBFPPKIZBTO-UHFFFAOYNA-N,-8.548
PTGS2,c_VAL318,mut_s1,detail,1,59,MIKIJFODTJGFDI-LILDFLRNNA-N,-9.286
PTGS2,c_VAL318,mut_s1,detail,1,60,RUWCNSLWWCWTSU-LILDFLRNNA-N,-10.367
PTGS2,c_VAL318,mut_s1,detail,1,61,KLQWCHKIQJHYIB-UHFFFAOYNA-N,-11.143
PTGS2,c_VAL318,mut_s1,detail,1,62,QKAWGENQCGFAOE-NPVYFSBINA-N,-7.868
PTGS2,c_VAL318,mut_s1,detail,1,63,KGOKCBRZBBEYBE-MMRXBHCZNA-N,-9.602
PTGS2,c_VAL318,mut_s1,detail,1,64,ROFRXCLSWKEWTN-UHFFFAOYNA-N,-8.778
PTGS2,c_VAL318,mut_s1,detail,1,65,AKRMJNKLSCBEME-FPYGCLRLNA-N,-8.177
PTGS2,c_VAL318,mut_s1,detail,1,66,LCGJUJZLLYTYIF-XMFFZCEENA-N,-9.323
PTGS2,c_VAL318,mut_s1,detail,1,67,FREQNFSEYLEFOI-QRCVEOAVNA-N,-8.886
PTGS2,c_VAL318,mut_s1,detail,1,68,MHMINAYLMNBGSM-UHFFFAOYNA-N,-8.977
PTGS2,c_VAL318,mut_s1,detail,1,69,SYMNTBHEGHFZMV-UHFFFAOYNA-N,-8.908
PTGS2,c_VAL318,mut_s1,detail,1,70,NNCRWGMPCGSKOO-LILDFLRNNA-N,-7.876
PTGS2,c_VAL318,mut_s1,detail,1,71,ZCRRNCCNJMRGFI-UHFFFAOYNA-N,-9.377
PTGS2,c_VAL318,mut_s1,detail,1,72,PYVZEIBGEUQNQQ-UHFFFAOYNA-N,-11.149
PTGS2,c_VAL318,mut_s1,detail,1,73,OROJQWVRCGJACT-XBTAAFKLNA-N,-9.755
PTGS2,c_VAL318,mut_s1,detail,1,74,TXYUWXKCUDOUGU-JLGFQASFNA-N,-7.656
PTGS2,c_VAL318,mut_s1,detail,1,75,LAZANALODSEDSE-UHFFFAOYNA-N,-9.101
PTGS2,c_VAL318,mut_s1,detail,1,76,RJXCYVJLXGRCHK-UHFFFAOYNA-N,-7.99
PTGS2,c_VAL318,mut_s1,detail,1,77,FUSKIBWHJAWEFI-IEJAXPBYNA-N,-8.673
PTGS2,c_VAL318,mut_s1,detail,1,78,SGWVLOCBQLQWQV-UHFFFAOYNA-N,-7.562
PTGS2,c_VAL318,mut_s1,detail,1,79,PPXRQTYXLZCDAZ-QWOVJGMINA-N,-9.672
PTGS2,c_VAL318,mut_s1,detail,1,80,DIFBADFWLVYFHV-LELJVTLKNA-N,-7.335
PTGS2,c_VAL318,mut_s1,detail,1,81,XREOSEVJCQGCHE-MHPMNMKGNA-N,-9.881
PTGS2,c_VAL318,mut_s1,detail,1,82,ZHGPKHBXSKWZEQ-UHFFFAOYNA-N,-10.094
PTGS2,c_VAL318,mut_s1,detail,1,83,ZFAYPJJNPSNAFK-UHFFFAOYNA-N,-8.017
PTGS2,c_VAL318,mut_s1,detail,1,84,LTXMRAGWIDQTQT-MYUTVWBTNA-N,-9.363
PTGS2,c_VAL318,mut_s1,detail,1,85,VXQHYHSSGLOALC-SPEPDGBUNA-N,-8.719
PTGS2,c_VAL318,mut_s1,detail,1,86,KWDSFRAWCISROF-PJQSKVNONA-N,-8.449
PTGS2,c_VAL318,mut_s1,detail,1,87,ZJZXSQPHUQUHIV-ZGZFQTMPNA-N,-7.921
PTGS2,c_VAL318,mut_s1,detail,1,88,UYHIVPBYFWVWEJ-UHFFFAOYNA-N,-7.985
PTGS2,c_VAL318,mut_s1,detail,1,89,PLEFJSUCKRWHBY-LNNLXFCONA-N,-6.991
PTGS2,c_VAL318,mut_s1,detail,1,90,DNSRQCRQLKJUCC-PDJAEHLQNA-N,-8.171
PTGS2,c_VAL318,mut_s1,detail,1,91,PHYKZCBUNVYJNH-YDBXFXKPNA-N,-7.369
PTGS2,c_VAL318,mut_s1,detail,1,92,OOUHZBUAVKCDGA-UHFFFAOYNA-N,-6.822
PTGS2,c_VAL318,mut_s1,detail,1,93,UUQDFZFJDFMLHW-UHFFFAOYNA-N,-8.837
PTGS2,c_VAL318,mut_s1,detail,1,94,OOUDDHNLDLLUOL-SKKVRFOWNA-N,-9.407
PTGS2,c_VAL318,mut_s1,detail,1,95,ZDMQSUAMTLXUTE-MPIMZMORNA-N,-7.144
PTGS2,c_VAL318,mut_s1,detail,1,96,NMPLPABDEKPABN-UHFFFAOYNA-N,-8.301
PTGS2,c_VAL318,mut_s1,detail,1,97,INZRHGSVWGRHBM-NPVYFSBINA-N,-9.693
PTGS2,c_VAL318,mut_s1,detail,1,98,RVGCWMKVTAEQIH-LNNLXFCONA-N,-8.431
PTGS2,c_VAL318,mut_s1,detail,1,99,VRXWKRQOVMZBAF-LJQANCHMNA-N,-6.624
PTGS2,c_VAL318,mut_s1,detail,1,100,QACLWOIBBYOHQP-UYBDAZJANA-N,-9.192
PTGS2,c_VAL318,mut_s1,detail,1,101,ZNXSZVFPCBIELQ-LNNLXFCONA-N,-8.87
PTGS2,c_VAL318,mut_s1,detail,1,102,GKMWCCNMKRSQHR-VEKUMTKDNA-N,-9.248
PTGS2,c_VAL318,mut_s1,detail,1,103,FFGUSRSMWFYKGK-SKKVRFOWNA-N,-9.074
PTGS2,c_VAL318,mut_s1,detail,1,104,KXBDDGKXLZBLOM-SPEPDGBUNA-N,-8.425
PTGS2,c_VAL318,mut_s1,detail,1,105,MIUWULAZCXYTJW-MSHHZIMBNA-N,-9.255
PTGS2,c_VAL318,mut_s1,detail,1,106,JPZOYWVRFLZCIC-NJNXFGOHNA-N,-9.828
PTGS2,c_VAL318,mut_s1,detail,1,107,FAIQTLBYDVKBAB-DVIAZDKANA-N,-9.415
PTGS2,c_VAL318,mut_s1,detail,1,108,APFLRZZAOXCNAZ-UHFFFAOYNA-N,-9.875
PTGS2,c_VAL318,mut_s1,detail,1,109,BSQLDSQTGOZBFD-UHFFFAOYNA-N,-9.288
PTGS2,c_VAL318,mut_s1,detail,1,110,ZVVCFJXCDATSCC-UHFFFAOYNA-N,-9.096
PTGS2,c_VAL318,mut_s1,detail,1,111,SKEQTXZATFWVMB-UYBDAZJANA-N,-6.363
PTGS2,c_VAL318,mut_s1,detail,1,112,IATWYRHDJKMBQK-MPIMZMORNA-N,-9.55
PTGS2,c_VAL318,mut_s1,detail,1,113,JPWOEQDCUZCWKT-MPIMZMORNA-N,-7.677
PTGS2,c_VAL318,mut_s1,detail,1,114,RYHSAXRBHDHPPK-PKSOQXRJNA-N,-6.79
PTGS2,c_VAL318,mut_s1,detail,1,115,GKKJWUFVZJJFPG-MPIMZMORNA-N,-7.991
PTGS2,c_VAL318,mut_s1,detail,1,116,FDNZXFDUCINVLY-BDGWVKIONA-N,-9.374
PTGS2,c_VAL318,mut_s1,detail,1,117,KTBYKHKWIFIFAK-UHFFFAOYNA-N,-8.55
PTGS2,c_VAL318,mut_s1,detail,1,118,ZRXZEWGUECXTTQ-LQFNOIFHNA-N,-7.543
PTGS2,c_VAL318,mut_s1,detail,1,119,XNACBBGLIAJNJM-PECIQRARNA-N,-10.516
PTGS2,c_VAL318,mut_s1,detail,1,120,WQZYYJRVBIQUGH-YWZOXAELNA-N,-8.7
PTGS2,c_VAL318,mut_s1,detail,1,121,ABMSRNRLDZVJFV-SWUIVHNENA-N,-8.96
PTGS2,c_VAL318,mut_s1,detail,1,122,ZEACBIUBSOLEGW-QAITUMOCNA-N,-10.947
PTGS2,c_VAL318,mut_s1,detail,1,123,UBFCDXVLKFOOGL-OKPOJWAQNA-N,-8.962
PTGS2,c_VAL318,mut_s1,detail,1,124,RRIHVAFUFDANEX-NSJMMFDCNA-N,-7.121
PTGS2,c_VAL318,mut_s1,detail,1,125,HASIAUWPWKTSBW-SREBMQDQNA-N,-6.688
PTGS2,c_VAL318,mut_s1,detail,1,126,WHBCKYHTCHCHAY-LQFNOIFHNA-N,-10.629
PTGS2,c_VAL318,mut_s1,detail,1,127,XMAYWYJOQHXEEK-JYFHCDHNNA-N,-8.113
PTGS2,c_VAL318,mut_s1,detail,1,128,TVKCFCZANTZCSU-OYRHEFFENA-N,-8.936
PTGS2,c_VAL318,mut_s1,detail,1,129,OJFIIUWPOHBVMH-LNNLXFCONA-N,-6.769
PTGS2,c_VAL318,mut_s1,detail,1,130,DKLZMGFTGWKNCD-DIRLUKLVNA-N,-9.381
PTGS2,c_VAL318,mut_s1,detail,1,131,PYSLGWZFRQWTDD-PWIKPTQSNA-N,-10.094
PTGS2,c_VAL318,mut_s1,detail,1,132,MWMBIUUYBQWKJX-QTUCRYGENA-N,-10.129
PTGS2,c_VAL318,mut_s1,detail,1,133,FLYQFCXTEFTSQN-UHFFFAOYNA-N,-7.378
PTGS2,c_VAL318,mut_s1,detail,1,134,PBIBDSDWIMZYDT-WBWGZOKWNA-N,-7.414
PTGS2,c_VAL318,mut_s1,detail,1,135,GSRWMFGBDLHGBU-YEFLILRRNA-N,-7.224
PTGS2,c_VAL318,mut_s1,detail,1,136,AYIJJQHMZAEQKE-QDAGQJSJNA-N,-7.983
PTGS2,c_VAL318,mut_s1,detail,1,137,JVWTZUKPDMRNDC-FSAKADSPNA-N,-9.19
PTGS2,c_VAL318,mut_s1,detail,1,138,XAZPLOLSRXZDBO-LBZABMTDNA-N,-6.074
PTGS2,c_VAL318,mut_s1,detail,1,139,RGWVFJBNHCWCTL-CFEGKOCINA-N,-9.493
PTGS2,c_VAL318,mut_s1,detail,1,140,YYWNRQZCPIMCAK-UHFFFAOYNA-N,-8.938
PTGS2,c_VAL318,mut_s1,detail,1,141,PBTZDKNKXRSZPM-XBXBPLPCNA-N,-8.479
PTGS2,c_VAL318,mut_s1,detail,1,142,QQPOIMHFFPBDQM-LELJVTLKNA-N,-7.726
PTGS2,c_VAL318,mut_s1,detail,1,143,NYFQURFFDGCBCB-MAQJPOOANA-N,-6.618
PTGS2,c_VAL318,mut_s1,detail,1,144,HXZVHWHABLBWBS-MTTPVDACNA-N,-10.08
PTGS2,c_VAL318,mut_s1,detail,1,145,IWYYSOJWYLZKLK-LELJVTLKNA-N,-7.134
PTGS2,c_VAL318,mut_s1,detail,1,146,HOGUCNPGZXMBGW-UHFFFAOYNA-N,-8.074
PTGS2,c_VAL318,mut_s1,detail,1,147,VITUDJAVASFPKN-DUFUIDNCNA-N,-7.73
PTGS2,c_VAL318,mut_s1,detail,1,148,IXAHDCRYEUYPBG-SCXYCHFONA-N,-8.186
PTGS2,c_VAL318,mut_s1,detail,1,149,JWHMEKMLAZQDNS-OZMOGHDGNA-N,-7.468
PTGS2,c_VAL318,mut_s1,detail,1,150,BZWNBTIJLRHNDZ-LBOYIXSDNA-N,-7.257
PTGS2,c_VAL318,mut_s1,detail,1,151,RECYROBESYRUML-UHFFFAOYNA-N,-7.715
PTGS2,c_VAL318,mut_s1,detail,1,152,MLDSJJJLQRZNKW-UHBIVWOUNA-N,-9.579
PTGS2,c_VAL318,mut_s1,detail,1,153,XTWIHJARHCYNFX-PHXLCVRDNA-N,-9.051
PTGS2,c_VAL318,mut_s1,detail,1,154,UQGFETVWTRDGKJ-UHFFFAOYNA-N,-6.633
PTGS2,c_VAL318,mut_s1,detail,1,155,VJFSMDWEMFOWDK-CYSPOYASNA-N,-8.499
PTGS2,c_VAL318,mut_s1,detail,1,156,NZYLXYBIWNIAGH-CYSPOYASNA-N,-8.028
PTGS2,c_VAL318,mut_s1,detail,1,157,ODXCWFOKLBJQNP-MPIMZMORNA-N,-8.326
PTGS2,c_VAL318,mut_s1,detail,1,158,FVDNMAPPDSKXKQ-UHFFFAOYNA-N,-8.246
PTGS2,c_VAL318,mut_s1,detail,1,159,DOPWMPRIRWTOOD-CCHPKIMANA-N,-8.373
PTGS2,c_TRP356,mut_s1,detail,1,0,URVMSYHISUZXNH-UYBDAZJANA-N,-9.526
PTGS2,c_TRP356,mut_s1,detail,1,1,KXRPCFINVWWFHQ-UHFFFAOYNA-N,-6.162
PTGS2,c_TRP356,mut_s1,detail,1,2,NICJTSHRYBTHAS-YHMJCDSINA-N,-8.37
PTGS2,c_TRP356,mut_s1,detail,1,3,SWRZVDTZHDWPDS-AWIDAIFANA-N,-9.652
PTGS2,c_TRP356,mut_s1,detail,1,4,RKNSLLSUFWWYCA-UHFFFAOYNA-N,-10.673
PTGS2,c_TRP356,mut_s1,detail,1,5,OZFSIKFTRRUDES-RIYZIHGNNA-N,-7.198
PTGS2,c_TRP356,mut_s1,detail,1,6,AAGGUCRASUJPPN-UHFFFAOYNA-N,-8.981
PTGS2,c_TRP356,mut_s1,detail,1,7,OYHXDPMAFYHDNG-YAQRNVERNA-N,-8.525
PTGS2,c_TRP356,mut_s1,detail,1,8,AWILWAIEQYZUEQ-UHFFFAOYNA-N,-7.673
PTGS2,c_TRP356,mut_s1,detail,1,9,WSFAXHLMQUUHQT-VMPITWQZNA-N,-8.205
PTGS2,c_TRP356,mut_s1,detail,1,10,WPHMTVNOXKBZKN-UHFFFAOYNA-N,-7.174
PTGS2,c_TRP356,mut_s1,detail,1,11,LPEIZNODGHDCCW-UHFFFAOYNA-N,-6.903
PTGS2,c_TRP356,mut_s1,detail,1,12,QQHWWDVSRWOHEP-LILDFLRNNA-N,-8.486
PTGS2,c_TRP356,mut_s1,detail,1,13,UMEVSSPGBFVQNC-UHFFFAOYNA-N,-6.926
PTGS2,c_TRP356,mut_s1,detail,1,14,VZDIOEKWWZRNQN-UHFFFAOYNA-N,-9.508
PTGS2,c_TRP356,mut_s1,detail,1,15,JEVLDOUORFAHRS-NDKGDYFDNA-N,-7.936
PTGS2,c_TRP356,mut_s1,detail,1,16,NFTGJNJRMWUBPG-GPQMBLKYNA-N,-8.306
PTGS2,c_TRP356,mut_s1,detail,1,17,UMUUTEZBWGDVDA-UHFFFAOYNA-N,-8.329
PTGS2,c_TRP356,mut_s1,detail,1,18,VLQKEPLNPGYNDJ-HCKMINDGNA-N,-7.719
PTGS2,c_TRP356,mut_s1,detail,1,19,PPMVTAATPZLMJM-CDDDEJBQNA-N,-7.903
PTGS2,c_TRP356,mut_s1,detail,1,20,AHLYFAKLKLMESK-YAQRNVERNA-N,-8.035
PTGS2,c_TRP356,mut_s1,detail,1,21,GYEJYLAGVWRSIM-KGJHZMDYNA-N,-7.85
PTGS2,c_TRP356,mut_s1,detail,1,22,RXVALSLAUOIYLW-UHFFFAOYNA-N,-7.368
PTGS2,c_TRP356,mut_s1,detail,1,23,NSELYIFATLFDOZ-JLGFQASFNA-N,-8.871
PTGS2,c_TRP356,mut_s1,detail,1,24,COQFBYACOHFCEC-UHFFFAOYNA-N,-8.721
PTGS2,c_TRP356,mut_s1,detail,1,25,CJGJXFCLDYQBFQ-YJGXKCCXNA-N,-9.685
PTGS2,c_TRP356,mut_s1,detail,1,26,BWNGRRJLFYHENY-INIZCTEONA-N,-7.953
PTGS2,c_TRP356,mut_s1,detail,1,27,BNRFXWSJKVJVOF-UYBDAZJANA-N,-9.825
PTGS2,c_TRP356,mut_s1,detail,1,28,DMULMZBZVBBWBY-PJZINPJWNA-N,-8.93
PTGS2,c_TRP356,mut_s1,detail,1,29,AXLAIGJGNKHDPO-UHFFFAOYNA-N,-7.621
PTGS2,c_TRP356,mut_s1,detail,1,30,RKDGAONZEPYEBT-WXRBYKJCNA-N,-7.131
PTGS2,c_TRP356,mut_s1,detail,1,31,MBOYDUZSCSNUQL-MBBDSNKKNA-N,-7.783
PTGS2,c_TRP356,mut_s1,detail,1,32,KPVDBHRTXOFQDK-YAQRNVERNA-N,-7.542
PTGS2,c_TRP356,mut_s1,detail,1,33,LVCNFMYUKISBSB-VJSNTGQMNA-N,-8.571
PTGS2,c_TRP356,mut_s1,detail,1,34,XLAHCIRKLMJUQC-DZQCGVKKNA-N,-9.558
PTGS2,c_TRP356,mut_s1,detail,1,35,QNYHDABGLCBJOE-SHHGZXMVNA-N,-9.997
PTGS2,c_TRP356,mut_s1,detail,1,36,HEKNRISBWSPMOG-OWTLIXCDNA-N,-7.134
PTGS2,c_TRP356,mut_s1,detail,1,37,VIRNXCRLEVZXNX-LILDFLRNNA-N,-9.473
PTGS2,c_TRP356,mut_s1,detail,1,38,SRTGERSEXJGDMR-UHFFFAOYNA-N,-7.913
PTGS2,c_TRP356,mut_s1,detail,1,39,ZGMGSSRLZJYOKH-WXRBYKJCNA-N,-7.669
PTGS2,c_TRP356,mut_s1,detail,1,40,VGYFDFRFGHHCDA-CUTUCBJDNA-N,-10.668
PTGS2,c_TRP356,mut_s1,detail,1,41,DILPMLYWQJPNLO-HCKMINDGNA-N,-8.34
PTGS2,c_TRP356,mut_s1,detail,1,42,RSOODJIGEVJLMK-LQFNOIFHNA-N,-11.103
PTGS2,c_TRP356,mut_s1,detail,1,43,OWHHWMUAYBIQPR-UHFFFAOYNA-N,-10.783
PTGS2,c_TRP356,mut_s1,detail,1,44,KPIKMVZJKZDOFC-UHFFFAOYNA-N,-10.898
PTGS2,c_TRP356,mut_s1,detail,1,45,DIKDKRUREJXLMR-DPMTXJEANA-N,-9.286
PTGS2,c_TRP356,mut_s1,detail,1,46,QRVJDPKQHAVBDK-UYBDAZJANA-N,-8.313
PTGS2,c_TRP356,mut_s1,detail,1,47,SGBSFKSDPWOALT-UYBDAZJANA-N,-9.694
PTGS2,c_TRP356,mut_s1,detail,1,48,CYHFRNFVZWVHCG-OTJKMEOQNA-N,-9.281
PTGS2,c_TRP356,mut_s1,detail,1,49,MJUDQDHXCQONOA-MPIMZMORNA-N,-9.369
PTGS2,c_TRP356,mut_s1,detail,1,50,RNVYRNLUUYNQAS-PKSOQXRJNA-N,-9.069
PTGS2,c_TRP356,mut_s1,detail,1,51,DLZXOZYETDVJEB-QWOVJGMINA-N,-7.423
PTGS2,c_TRP356,mut_s1,detail,1,52,HSICVZRDGBJSEL-GPQMBLKYNA-N,-8.96
PTGS2,c_TRP356,mut_s1,detail,1,53,HMRUHHFLIMYEAF-QNGOCPJXNA-N,-8.039
PTGS2,c_TRP356,mut_s1,detail,1,54,ZZOWQPSBJUXHCA-YSPRVCGUNA-N,-8.452
PTGS2,c_TRP356,mut_s1,detail,1,55,WDDJLHOUFWSQSV-UHFFFAOYNA-N,-10.307
PTGS2,c_TRP356,mut_s1,detail,1,56,UKLIIGXGTPSYBF-IBCWCQIKNA-N,-8.395
PTGS2,c_TRP356,mut_s1,detail,1,57,LNPOBRXJZYGQMS-MOHJPFBDNA-N,-10.295
PTGS2,c_TRP356,mut_s1,detail,1,58,FYILBFPPKIZBTO-UHFFFAOYNA-N,-9.213
PTGS2,c_TRP356,mut_s1,detail,1,59,MIKIJFODTJGFDI-LILDFLRNNA-N,-9.331
PTGS2,c_TRP356,mut_s1,detail,1,60,RUWCNSLWWCWTSU-LILDFLRNNA-N,-7.962
PTGS2,c_TRP356,mut_s1,detail,1,61,KLQWCHKIQJHYIB-UHFFFAOYNA-N,-10.801
PTGS2,c_TRP356,mut_s1,detail,1,62,QKAWGENQCGFAOE-NPVYFSBINA-N,-8.988
PTGS2,c_TRP356,mut_s1,detail,1,63,KGOKCBRZBBEYBE-MMRXBHCZNA-N,-11.318
PTGS2,c_TRP356,mut_s1,detail,1,64,ROFRXCLSWKEWTN-UHFFFAOYNA-N,-7.869
PTGS2,c_TRP356,mut_s1,detail,1,65,AKRMJNKLSCBEME-FPYGCLRLNA-N,-8.699
PTGS2,c_TRP356,mut_s1,detail,1,66,LCGJUJZLLYTYIF-XMFFZCEENA-N,-10.165
PTGS2,c_TRP356,mut_s1,detail,1,67,FREQNFSEYLEFOI-QRCVEOAVNA-N,-9.034
PTGS2,c_TRP356,mut_s1,detail,1,68,MHMINAYLMNBGSM-UHFFFAOYNA-N,-8.175
PTGS2,c_TRP356,mut_s1,detail,1,69,SYMNTBHEGHFZMV-UHFFFAOYNA-N,-8.65
PTGS2,c_TRP356,mut_s1,detail,1,70,NNCRWGMPCGSKOO-LILDFLRNNA-N,-8.823
PTGS2,c_TRP356,mut_s1,detail,1,71,ZCRRNCCNJMRGFI-UHFFFAOYNA-N,-9.296
PTGS2,c_TRP356,mut_s1,detail,1,72,PYVZEIBGEUQNQQ-UHFFFAOYNA-N,-11.022
PTGS2,c_TRP356,mut_s1,detail,1,73,OROJQWVRCGJACT-XBTAAFKLNA-N,-9.698
PTGS2,c_TRP356,mut_s1,detail,1,74,TXYUWXKCUDOUGU-JLGFQASFNA-N,-8.458
PTGS2,c_TRP356,mut_s1,detail,1,75,LAZANALODSEDSE-UHFFFAOYNA-N,-8.651
PTGS2,c_TRP356,mut_s1,detail,1,76,RJXCYVJLXGRCHK-UHFFFAOYNA-N,-10.591
PTGS2,c_TRP356,mut_s1,detail,1,77,FUSKIBWHJAWEFI-IEJAXPBYNA-N,-8.719
PTGS2,c_TRP356,mut_s1,detail,1,78,SGWVLOCBQLQWQV-UHFFFAOYNA-N,-9.927
PTGS2,c_TRP356,mut_s1,detail,1,79,PPXRQTYXLZCDAZ-QWOVJGMINA-N,-10.733
PTGS2,c_TRP356,mut_s1,detail,1,80,DIFBADFWLVYFHV-LELJVTLKNA-N,-9.612
PTGS2,c_TRP356,mut_s1,detail,1,81,XREOSEVJCQGCHE-MHPMNMKGNA-N,-8.371
PTGS2,c_TRP356,mut_s1,detail,1,82,ZHGPKHBXSKWZEQ-UHFFFAOYNA-N,-9.455
PTGS2,c_TRP356,mut_s1,detail,1,83,ZFAYPJJNPSNAFK-UHFFFAOYNA-N,-7.79
PTGS2,c_TRP356,mut_s1,detail,1,84,LTXMRAGWIDQTQT-MYUTVWBTNA-N,-11.081
PTGS2,c_TRP356,mut_s1,detail,1,85,VXQHYHSSGLOALC-SPEPDGBUNA-N,-8.708
PTGS2,c_TRP356,mut_s1,detail,1,86,KWDSFRAWCISROF-PJQSKVNONA-N,-7.685
PTGS2,c_TRP356,mut_s1,detail,1,87,ZJZXSQPHUQUHIV-ZGZFQTMPNA-N,-7.956
PTGS2,c_TRP356,mut_s1,detail,1,88,UYHIVPBYFWVWEJ-UHFFFAOYNA-N,-8.029
PTGS2,c_TRP356,mut_s1,detail,1,89,PLEFJSUCKRWHBY-LNNLXFCONA-N,-6.87
PTGS2,c_TRP356,mut_s1,detail,1,90,DNSRQCRQLKJUCC-PDJAEHLQNA-N,-7.512
PTGS2,c_TRP356,mut_s1,detail,1,91,PHYKZCBUNVYJNH-YDBXFXKPNA-N,-8.142
PTGS2,c_TRP356,mut_s1,detail,1,92,OOUHZBUAVKCDGA-UHFFFAOYNA-N,-10.74
PTGS2,c_TRP356,mut_s1,detail,1,93,UUQDFZFJDFMLHW-UHFFFAOYNA-N,-8.176
PTGS2,c_TRP356,mut_s1,detail,1,94,OOUDDHNLDLLUOL-SKKVRFOWNA-N,-8.939
PTGS2,c_TRP356,mut_s1,detail,1,95,ZDMQSUAMTLXUTE-MPIMZMORNA-N,-6.987
PTGS2,c_TRP356,mut_s1,detail,1,96,NMPLPABDEKPABN-UHFFFAOYNA-N,-10.363
PTGS2,c_TRP356,mut_s1,detail,1,97,INZRHGSVWGRHBM-NPVYFSBINA-N,-10.004
PTGS2,c_TRP356,mut_s1,detail,1,98,RVGCWMKVTAEQIH-LNNLXFCONA-N,-8.031
PTGS2,c_TRP356,mut_s1,detail,1,99,VRXWKRQOVMZBAF-LJQANCHMNA-N,-6.665
PTGS2,c_TRP356,mut_s1,detail,1,100,QACLWOIBBYOHQP-UYBDAZJANA-N,-9.763
PTGS2,c_TRP356,mut_s1,detail,1,101,ZNXSZVFPCBIELQ-LNNLXFCONA-N,-9.354
PTGS2,c_TRP356,mut_s1,detail,1,102,GKMWCCNMKRSQHR-VEKUMTKDNA-N,-9.334
PTGS2,c_TRP356,mut_s1,detail,1,103,FFGUSRSMWFYKGK-SKKVRFOWNA-N,-9.907
PTGS2,c_TRP356,mut_s1,detail,1,104,KXBDDGKXLZBLOM-SPEPDGBUNA-N,-9.383
PTGS2,c_TRP356,mut_s1,detail,1,105,MIUWULAZCXYTJW-MSHHZIMBNA-N,-8.34
PTGS2,c_TRP356,mut_s1,detail,1,106,JPZOYWVRFLZCIC-NJNXFGOHNA-N,-10.823
PTGS2,c_TRP356,mut_s1,detail,1,107,FAIQTLBYDVKBAB-DVIAZDKANA-N,-9.312
PTGS2,c_TRP356,mut_s1,detail,1,108,APFLRZZAOXCNAZ-UHFFFAOYNA-N,-9.47
PTGS2,c_TRP356,mut_s1,detail,1,109,BSQLDSQTGOZBFD-UHFFFAOYNA-N,-7.91
PTGS2,c_TRP356,mut_s1,detail,1,110,ZVVCFJXCDATSCC-UHFFFAOYNA-N,-10.143
PTGS2,c_TRP356,mut_s1,detail,1,111,SKEQTXZATFWVMB-UYBDAZJANA-N,-6.474
PTGS2,c_TRP356,mut_s1,detail,1,112,IATWYRHDJKMBQK-MPIMZMORNA-N,-9.602
PTGS2,c_TRP356,mut_s1,detail,1,113,JPWOEQDCUZCWKT-MPIMZMORNA-N,-7.883
PTGS2,c_TRP356,mut_s1,detail,1,114,RYHSAXRBHDHPPK-PKSOQXRJNA-N,-7.89
PTGS2,c_TRP356,mut_s1,detail,1,115,GKKJWUFVZJJFPG-MPIMZMORNA-N,-10.461
PTGS2,c_TRP356,mut_s1,detail,1,116,FDNZXFDUCINVLY-BDGWVKIONA-N,-10.193
PTGS2,c_TRP356,mut_s1,detail,1,117,KTBYKHKWIFIFAK-UHFFFAOYNA-N,-8.559
PTGS2,c_TRP356,mut_s1,detail,1,118,ZRXZEWGUECXTTQ-LQFNOIFHNA-N,-7.742
PTGS2,c_TRP356,mut_s1,detail,1,119,XNACBBGLIAJNJM-PECIQRARNA-N,-10.383
PTGS2,c_TRP356,mut_s1,detail,1,120,WQZYYJRVBIQUGH-YWZOXAELNA-N,-7.989
PTGS2,c_TRP356,mut_s1,detail,1,121,ABMSRNRLDZVJFV-SWUIVHNENA-N,-9.351
PTGS2,c_TRP356,mut_s1,detail,1,122,ZEACBIUBSOLEGW-QAITUMOCNA-N,-11.159
PTGS2,c_TRP356,mut_s1,detail,1,123,UBFCDXVLKFOOGL-OKPOJWAQNA-N,-9.5
PTGS2,c_TRP356,mut_s1,detail,1,124,RRIHVAFUFDANEX-NSJMMFDCNA-N,-6.723
PTGS2,c_TRP356,mut_s1,detail,1,125,HASIAUWPWKTSBW-SREBMQDQNA-N,-7.416
PTGS2,c_TRP356,mut_s1,detail,1,126,WHBCKYHTCHCHAY-LQFNOIFHNA-N,-6.959
PTGS2,c_TRP356,mut_s1,detail,1,127,XMAYWYJOQHXEEK-JYFHCDHNNA-N,-7.59
PTGS2,c_TRP356,mut_s1,detail,1,128,TVKCFCZANTZCSU-OYRHEFFENA-N,-8.838
PTGS2,c_TRP356,mut_s1,detail,1,129,OJFIIUWPOHBVMH-LNNLXFCONA-N,-6.448
PTGS2,c_TRP356,mut_s1,detail,1,130,DKLZMGFTGWKNCD-DIRLUKLVNA-N,-10.134
PTGS2,c_TRP356,mut_s1,detail,1,131,PYSLGWZFRQWTDD-PWIKPTQSNA-N,-8.685
PTGS2,c_TRP356,mut_s1,detail,1,132,MWMBIUUYBQWKJX-QTUCRYGENA-N,-8.97
PTGS2,c_TRP356,mut_s1,detail,1,133,FLYQFCXTEFTSQN-UHFFFAOYNA-N,-9.093
PTGS2,c_TRP356,mut_s1,detail,1,134,PBIBDSDWIMZYDT-WBWGZOKWNA-N,-9.869
PTGS2,c_TRP356,mut_s1,detail,1,135,GSRWMFGBDLHGBU-YEFLILRRNA-N,-7.806
PTGS2,c_TRP356,mut_s1,detail,1,136,AYIJJQHMZAEQKE-QDAGQJSJNA-N,-8.244
PTGS2,c_TRP356,mut_s1,detail,1,137,JVWTZUKPDMRNDC-FSAKADSPNA-N,-10.105
PTGS2,c_TRP356,mut_s1,detail,1,138,XAZPLOLSRXZDBO-LBZABMTDNA-N,-6.854
PTGS2,c_TRP356,mut_s1,detail,1,139,RGWVFJBNHCWCTL-CFEGKOCINA-N,-9.384
PTGS2,c_TRP356,mut_s1,detail,1,140,YYWNRQZCPIMCAK-UHFFFAOYNA-N,-8.896
PTGS2,c_TRP356,mut_s1,detail,1,141,PBTZDKNKXRSZPM-XBXBPLPCNA-N,-10.501
PTGS2,c_TRP356,mut_s1,detail,1,142,QQPOIMHFFPBDQM-LELJVTLKNA-N,-7.608
PTGS2,c_TRP356,mut_s1,detail,1,143,NYFQURFFDGCBCB-MAQJPOOANA-N,-7.154
PTGS2,c_TRP356,mut_s1,detail,1,144,HXZVHWHABLBWBS-MTTPVDACNA-N,-8.41
PTGS2,c_TRP356,mut_s1,detail,1,145,IWYYSOJWYLZKLK-LELJVTLKNA-N,-7.12
PTGS2,c_TRP356,mut_s1,detail,1,146,HOGUCNPGZXMBGW-UHFFFAOYNA-N,-8.231
PTGS2,c_TRP356,mut_s1,detail,1,147,VITUDJAVASFPKN-DUFUIDNCNA-N,-7.299
PTGS2,c_TRP356,mut_s1,detail,1,148,IXAHDCRYEUYPBG-SCXYCHFONA-N,-9.148
PTGS2,c_TRP356,mut_s1,detail,1,149,JWHMEKMLAZQDNS-OZMOGHDGNA-N,-7.586
PTGS2,c_TRP356,mut_s1,detail,1,150,BZWNBTIJLRHNDZ-LBOYIXSDNA-N,-7.492
PTGS2,c_TRP356,mut_s1,detail,1,151,RECYROBESYRUML-UHFFFAOYNA-N,-7.566
PTGS2,c_TRP356,mut_s1,detail,1,152,MLDSJJJLQRZNKW-UHBIVWOUNA-N,-11.229
PTGS2,c_TRP356,mut_s1,detail,1,153,XTWIHJARHCYNFX-PHXLCVRDNA-N,-8.473
PTGS2,c_TRP356,mut_s1,detail,1,154,UQGFETVWTRDGKJ-UHFFFAOYNA-N,-6.555
PTGS2,c_TRP356,mut_s1,detail,1,155,VJFSMDWEMFOWDK-CYSPOYASNA-N,-7.577
PTGS2,c_TRP356,mut_s1,detail,1,156,NZYLXYBIWNIAGH-CYSPOYASNA-N,-8.437
PTGS2,c_TRP356,mut_s1,detail,1,157,ODXCWFOKLBJQNP-MPIMZMORNA-N,-7.999
PTGS2,c_TRP356,mut_s1,detail,1,158,FVDNMAPPDSKXKQ-UHFFFAOYNA-N,-8.346
PTGS2,c_TRP356,mut_s1,detail,1,159,DOPWMPRIRWTOOD-CCHPKIMANA-N,-8.461
PTGS2,c_MET491,mut_s1,detail,1,0,URVMSYHISUZXNH-UYBDAZJANA-N,-10.145
PTGS2,c_MET491,mut_s1,detail,1,1,KXRPCFINVWWFHQ-UHFFFAOYNA-N,-5.831
PTGS2,c_MET491,mut_s1,detail,1,2,NICJTSHRYBTHAS-YHMJCDSINA-N,-8.15
PTGS2,c_MET491,mut_s1,detail,1,3,SWRZVDTZHDWPDS-AWIDAIFANA-N,-8.426
PTGS2,c_MET491,mut_s1,detail,1,4,RKNSLLSUFWWYCA-UHFFFAOYNA-N,-11.107
PTGS2,c_MET491,mut_s1,detail,1,5,OZFSIKFTRRUDES-RIYZIHGNNA-N,-7.543
PTGS2,c_MET491,mut_s1,detail,1,6,AAGGUCRASUJPPN-UHFFFAOYNA-N,-7.984
PTGS2,c_MET491,mut_s1,detail,1,7,OYHXDPMAFYHDNG-YAQRNVERNA-N,-8.374
PTGS2,c_MET491,mut_s1,detail,1,8,AWILWAIEQYZUEQ-UHFFFAOYNA-N,-7.734
PTGS2,c_MET491,mut_s1,detail,1,9,WSFAXHLMQUUHQT-VMPITWQZNA-N,-6.747
PTGS2,c_MET491,mut_s1,detail,1,10,WPHMTVNOXKBZKN-UHFFFAOYNA-N,-7.26
PTGS2,c_MET491,mut_s1,detail,1,11,LPEIZNODGHDCCW-UHFFFAOYNA-N,-6.931
PTGS2,c_MET491,mut_s1,detail,1,12,QQHWWDVSRWOHEP-LILDFLRNNA-N,-8.756
PTGS2,c_MET491,mut_s1,detail,1,13,UMEVSSPGBFVQNC-UHFFFAOYNA-N,-7.01
PTGS2,c_MET491,mut_s1,detail,1,14,VZDIOEKWWZRNQN-UHFFFAOYNA-N,-9.551
PTGS2,c_MET491,mut_s1,detail,1,15,JEVLDOUORFAHRS-NDKGDYFDNA-N,-7.381
PTGS2,c_MET491,mut_s1,detail,1,16,NFTGJNJRMWUBPG-GPQMBLKYNA-N,-8.034
PTGS2,c_MET491,mut_s1,detail,1,17,UMUUTEZBWGDVDA-UHFFFAOYNA-N,-8.267
PTGS2,c_MET491,mut_s1,detail,1,18,VLQKEPLNPGYNDJ-HCKMINDGNA-N,-8.113
PTGS2,c_MET491,mut_s1,detail,1,19,PPMVTAATPZLMJM-CDDDEJBQNA-N,-8.361
PTGS2,c_MET491,mut_s1,detail,1,20,AHLYFAKLKLMESK-YAQRNVERNA-N,-7.884
PTGS2,c_MET491,mut_s1,detail,1,21,GYEJYLAGVWRSIM-KGJHZMDYNA-N,-7.965
PTGS2,c_MET491,mut_s1,detail,1,22,RXVALSLAUOIYLW-UHFFFAOYNA-N,-7.894
PTGS2,c_MET491,mut_s1,detail,1,23,NSELYIFATLFDOZ-JLGFQASFNA-N,-8.252
PTGS2,c_MET491,mut_s1,detail,1,24,COQFBYACOHFCEC-UHFFFAOYNA-N,-7.264
PTGS2,c_MET491,mut_s1,detail,1,25,CJGJXFCLDYQBFQ-YJGXKCCXNA-N,-8.907
PTGS2,c_MET491,mut_s1,detail,1,26,BWNGRRJLFYHENY-INIZCTEONA-N,-7.966
PTGS2,c_MET491,mut_s1,detail,1,27,BNRFXWSJKVJVOF-UYBDAZJANA-N,-9.11
PTGS2,c_MET491,mut_s1,detail,1,28,DMULMZBZVBBWBY-PJZINPJWNA-N,-9.17
PTGS2,c_MET491,mut_s1,detail,1,29,AXLAIGJGNKHDPO-UHFFFAOYNA-N,-7.328
PTGS2,c_MET491,mut_s1,detail,1,30,RKDGAONZEPYEBT-WXRBYKJCNA-N,-7.607
PTGS2,c_MET491,mut_s1,detail,1,31,MBOYDUZSCSNUQL-MBBDSNKKNA-N,-7.489
PTGS2,c_MET491,mut_s1,detail,1,32,KPVDBHRTXOFQDK-YAQRNVERNA-N,-7.367
PTGS2,c_MET491,mut_s1,detail,1,33,LVCNFMYUKISBSB-VJSNTGQMNA-N,-8.394
PTGS2,c_MET491,mut_s1,detail,1,34,XLAHCIRKLMJUQC-DZQCGVKKNA-N,-10.652
PTGS2,c_MET491,mut_s1,detail,1,35,QNYHDABGLCBJOE-SHHGZXMVNA-N,-8.706
PTGS2,c_MET491,mut_s1,detail,1,36,HEKNRISBWSPMOG-OWTLIXCDNA-N,-7.342
PTGS2,c_MET491,mut_s1,detail,1,37,VIRNXCRLEVZXNX-LILDFLRNNA-N,-9.652
PTGS2,c_MET491,mut_s1,detail,1,38,SRTGERSEXJGDMR-UHFFFAOYNA-N,-7.462
PTGS2,c_MET491,mut_s1,detail,1,39,ZGMGSSRLZJYOKH-WXRBYKJCNA-N,-7.737
PTGS2,c_MET491,mut_s1,detail,1,40,VGYFDFRFGHHCDA-CUTUCBJDNA-N,-9.792
PTGS2,c_MET491,mut_s1,detail,1,41,DILPMLYWQJPNLO-HCKMINDGNA-N,-7.17
PTGS2,c_MET491,mut_s1,detail,1,42,RSOODJIGEVJLMK-LQFNOIFHNA-N,-8.496
PTGS2,c_MET491,mut_s1,detail,1,43,OWHHWMUAYBIQPR-UHFFFAOYNA-N,-8.073
PTGS2,c_MET491,mut_s1,detail,1,44,KPIKMVZJKZDOFC-UHFFFAOYNA-N,-8.26
PTGS2,c_MET491,mut_s1,detail,1,45,DIKDKRUREJXLMR-DPMTXJEANA-N,-8.276
PTGS2,c_MET491,mut_s1,detail,1,46,QRVJDPKQHAVBDK-UYBDAZJANA-N,-6.866
PTGS2,c_MET491,mut_s1,detail,1,47,SGBSFKSDPWOALT-UYBDAZJANA-N,-7.821
PTGS2,c_MET491,mut_s1,detail,1,48,CYHFRNFVZWVHCG-OTJKMEOQNA-N,-9.257
PTGS2,c_MET491,mut_s1,detail,1,49,MJUDQDHXCQONOA-MPIMZMORNA-N,-9.3
PTGS2,c_MET491,mut_s1,detail,1,50,RNVYRNLUUYNQAS-PKSOQXRJNA-N,-6.824
PTGS2,c_MET491,mut_s1,detail,1,51,DLZXOZYETDVJEB-QWOVJGMINA-N,-8.008
PTGS2,c_MET491,mut_s1,detail,1,52,HSICVZRDGBJSEL-GPQMBLKYNA-N,-7.31
PTGS2,c_MET491,mut_s1,detail,1,53,HMRUHHFLIMYEAF-QNGOCPJXNA-N,-7.702
PTGS2,c_MET491,mut_s1,detail,1,54,ZZOWQPSBJUXHCA-YSPRVCGUNA-N,-8.55
PTGS2,c_MET491,mut_s1,detail,1,55,WDDJLHOUFWSQSV-UHFFFAOYNA-N,-7.934
PTGS2,c_MET491,mut_s1,detail,1,56,UKLIIGXGTPSYBF-IBCWCQIKNA-N,-7.02
PTGS2,c_MET491,mut_s1,detail,1,57,LNPOBRXJZYGQMS-MOHJPFBDNA-N,-7.017
PTGS2,c_MET491,mut_s1,detail,1,58,FYILBFPPKIZBTO-UHFFFAOYNA-N,-9.417
PTGS2,c_MET491,mut_s1,detail,1,59,MIKIJFODTJGFDI-LILDFLRNNA-N,-8.513
PTGS2,c_MET491,mut_s1,detail,1,60,RUWCNSLWWCWTSU-LILDFLRNNA-N,-8.117
PTGS2,c_MET491,mut_s1,detail,1,61,KLQWCHKIQJHYIB-UHFFFAOYNA-N,-10.418
PTGS2,c_MET491,mut_s1,detail,1,62,QKAWGENQCGFAOE-NPVYFSBINA-N,-7.936
PTGS2,c_MET491,mut_s1,detail,1,63,KGOKCBRZBBEYBE-MMRXBHCZNA-N,-7.6
PTGS2,c_MET491,mut_s1,detail,1,64,ROFRXCLSWKEWTN-UHFFFAOYNA-N,-6.469
PTGS2,c_MET491,mut_s1,detail,1,65,AKRMJNKLSCBEME-FPYGCLRLNA-N,-8.048
PTGS2,c_MET491,mut_s1,detail,1,66,LCGJUJZLLYTYIF-XMFFZCEENA-N,-9.359
PTGS2,c_MET491,mut_s1,detail,1,67,FREQNFSEYLEFOI-QRCVEOAVNA-N,-8.805
PTGS2,c_MET491,mut_s1,detail,1,68,MHMINAYLMNBGSM-UHFFFAOYNA-N,-8.29
PTGS2,c_MET491,mut_s1,detail,1,69,SYMNTBHEGHFZMV-UHFFFAOYNA-N,-7.715
PTGS2,c_MET491,mut_s1,detail,1,70,NNCRWGMPCGSKOO-LILDFLRNNA-N,-7.804
PTGS2,c_MET491,mut_s1,detail,1,71,ZCRRNCCNJMRGFI-UHFFFAOYNA-N,-8.654
PTGS2,c_MET491,mut_s1,detail,1,72,PYVZEIBGEUQNQQ-UHFFFAOYNA-N,-11.368
PTGS2,c_MET491,mut_s1,detail,1,73,OROJQWVRCGJACT-XBTAAFKLNA-N,-8.504
PTGS2,c_MET491,mut_s1,detail,1,74,TXYUWXKCUDOUGU-JLGFQASFNA-N,-7.492
PTGS2,c_MET491,mut_s1,detail,1,75,LAZANALODSEDSE-UHFFFAOYNA-N,-8.729
PTGS2,c_MET491,mut_s1,detail,1,76,RJXCYVJLXGRCHK-UHFFFAOYNA-N,-7.859
PTGS2,c_MET491,mut_s1,detail,1,77,FUSKIBWHJAWEFI-IEJAXPBYNA-N,-7.47
PTGS2,c_MET491,mut_s1,detail,1,78,SGWVLOCBQLQWQV-UHFFFAOYNA-N,-7.811
PTGS2,c_MET491,mut_s1,detail,1,79,PPXRQTYXLZCDAZ-QWOVJGMINA-N,-7.991
PTGS2,c_MET491,mut_s1,detail,1,80,DIFBADFWLVYFHV-LELJVTLKNA-N,-7.358
PTGS2,c_MET491,mut_s1,detail,1,81,XREOSEVJCQGCHE-MHPMNMKGNA-N,-8.982
PTGS2,c_MET491,mut_s1,detail,1,82,ZHGPKHBXSKWZEQ-UHFFFAOYNA-N,-9.794
PTGS2,c_MET491,mut_s1,detail,1,83,ZFAYPJJNPSNAFK-UHFFFAOYNA-N,-8.087
PTGS2,c_MET491,mut_s1,detail,1,84,LTXMRAGWIDQTQT-MYUTVWBTNA-N,-9.891
PTGS2,c_MET491,mut_s1,detail,1,85,VXQHYHSSGLOALC-SPEPDGBUNA-N,-8.506
PTGS2,c_MET491,mut_s1,detail,1,86,KWDSFRAWCISROF-PJQSKVNONA-N,-7.489
PTGS2,c_MET491,mut_s1,detail,1,87,ZJZXSQPHUQUHIV-ZGZFQTMPNA-N,-7.986
PTGS2,c_MET491,mut_s1,detail,1,88,UYHIVPBYFWVWEJ-UHFFFAOYNA-N,-8.043
PTGS2,c_MET491,mut_s1,detail,1,89,PLEFJSUCKRWHBY-LNNLXFCONA-N,-7.069
PTGS2,c_MET491,mut_s1,detail,1,90,DNSRQCRQLKJUCC-PDJAEHLQNA-N,-7.553
PTGS2,c_MET491,mut_s1,detail,1,91,PHYKZCBUNVYJNH-YDBXFXKPNA-N,-6.243
PTGS2,c_MET491,mut_s1,detail,1,92,OOUHZBUAVKCDGA-UHFFFAOYNA-N,-6.811
PTGS2,c_MET491,mut_s1,detail,1,93,UUQDFZFJDFMLHW-UHFFFAOYNA-N,-7.545
PTGS2,c_MET491,mut_s1,detail,1,94,OOUDDHNLDLLUOL-SKKVRFOWNA-N,-9.553
PTGS2,c_MET491,mut_s1,detail,1,95,ZDMQSUAMTLXUTE-MPIMZMORNA-N,-7.354
PTGS2,c_MET491,mut_s1,detail,1,96,NMPLPABDEKPABN-UHFFFAOYNA-N,-8.206
PTGS2,c_MET491,mut_s1,detail,1,97,INZRHGSVWGRHBM-NPVYFSBINA-N,-8.404
PTGS2,c_MET491,mut_s1,detail,1,98,RVGCWMKVTAEQIH-LNNLXFCONA-N,-8.642
PTGS2,c_MET491,mut_s1,detail,1,99,VRXWKRQOVMZBAF-LJQANCHMNA-N,-6.75
PTGS2,c_MET491,mut_s1,detail,1,100,QACLWOIBBYOHQP-UYBDAZJANA-N,-8.643
PTGS2,c_MET491,mut_s1,detail,1,101,ZNXSZVFPCBIELQ-LNNLXFCONA-N,-7.814
PTGS2,c_MET491,mut_s1,detail,1,102,GKMWCCNMKRSQHR-VEKUMTKDNA-N,-7.216
PTGS2,c_MET491,mut_s1,detail,1,103,FFGUSRSMWFYKGK-SKKVRFOWNA-N,-8.645
PTGS2,c_MET491,mut_s1,detail,1,104,KXBDDGKXLZBLOM-SPEPDGBUNA-N,-7.048
PTGS2,c_MET491,mut_s1,detail,1,105,MIUWULAZCXYTJW-MSHHZIMBNA-N,-8.382
PTGS2,c_MET491,mut_s1,detail,1,106,JPZOYWVRFLZCIC-NJNXFGOHNA-N,-8.069
PTGS2,c_MET491,mut_s1,detail,1,107,FAIQTLBYDVKBAB-DVIAZDKANA-N,-7.514
PTGS2,c_MET491,mut_s1,detail,1,108,APFLRZZAOXCNAZ-UHFFFAOYNA-N,-9.182
PTGS2,c_MET491,mut_s1,detail,1,109,BSQLDSQTGOZBFD-UHFFFAOYNA-N,-6.535
PTGS2,c_MET491,mut_s1,detail,1,110,ZVVCFJXCDATSCC-UHFFFAOYNA-N,-9.432
PTGS2,c_MET491,mut_s1,detail,1,111,SKEQTXZATFWVMB-UYBDAZJANA-N,-6.563
PTGS2,c_MET491,mut_s1,detail,1,112,IATWYRHDJKMBQK-MPIMZMORNA-N,-7.771
PTGS2,c_MET491,mut_s1,detail,1,113,JPWOEQDCUZCWKT-MPIMZMORNA-N,-5.876
PTGS2,c_MET491,mut_s1,detail,1,114,RYHSAXRBHDHPPK-PKSOQXRJNA-N,-6.949
PTGS2,c_MET491,mut_s1,detail,1,115,GKKJWUFVZJJFPG-MPIMZMORNA-N,-8.026
PTGS2,c_MET491,mut_s1,detail,1,116,FDNZXFDUCINVLY-BDGWVKIONA-N,-8.641
PTGS2,c_MET491,mut_s1,detail,1,117,KTBYKHKWIFIFAK-UHFFFAOYNA-N,-9.021
PTGS2,c_MET491,mut_s1,detail,1,118,ZRXZEWGUECXTTQ-LQFNOIFHNA-N,-7.251
PTGS2,c_MET491,mut_s1,detail,1,119,XNACBBGLIAJNJM-PECIQRARNA-N,-10.731
PTGS2,c_MET491,mut_s1,detail,1,120,WQZYYJRVBIQUGH-YWZOXAELNA-N,-8.047
PTGS2,c_MET491,mut_s1,detail,1,121,ABMSRNRLDZVJFV-SWUIVHNENA-N,-9.168
PTGS2,c_MET491,mut_s1,detail,1,122,ZEACBIUBSOLEGW-QAITUMOCNA-N,-9.876
PTGS2,c_MET491,mut_s1,detail,1,123,UBFCDXVLKFOOGL-OKPOJWAQNA-N,-9.494
PTGS2,c_MET491,mut_s1,detail,1,124,RRIHVAFUFDANEX-NSJMMFDCNA-N,-6.681
PTGS2,c_MET491,mut_s1,detail,1,125,HASIAUWPWKTSBW-SREBMQDQNA-N,-6.799
PTGS2,c_MET491,mut_s1,detail,1,126,WHBCKYHTCHCHAY-LQFNOIFHNA-N,-7.737
PTGS2,c_MET491,mut_s1,detail,1,127,XMAYWYJOQHXEEK-JYFHCDHNNA-N,-7.156
PTGS2,c_MET491,mut_s1,detail,1,128,TVKCFCZANTZCSU-OYRHEFFENA-N,-8.729
PTGS2,c_MET491,mut_s1,detail,1,129,OJFIIUWPOHBVMH-LNNLXFCONA-N,-6.402
PTGS2,c_MET491,mut_s1,detail,1,130,DKLZMGFTGWKNCD-DIRLUKLVNA-N,-8.196
PTGS2,c_MET491,mut_s1,detail,1,131,PYSLGWZFRQWTDD-PWIKPTQSNA-N,-8.932
PTGS2,c_MET491,mut_s1,detail,1,132,MWMBIUUYBQWKJX-QTUCRYGENA-N,-7.242
PTGS2,c_MET491,mut_s1,detail,1,133,FLYQFCXTEFTSQN-UHFFFAOYNA-N,-7.398
PTGS2,c_MET491,mut_s1,detail,1,134,PBIBDSDWIMZYDT-WBWGZOKWNA-N,-7.508
PTGS2,c_MET491,mut_s1,detail,1,135,GSRWMFGBDLHGBU-YEFLILRRNA-N,-6.917
PTGS2,c_MET491,mut_s1,detail,1,136,AYIJJQHMZAEQKE-QDAGQJSJNA-N,-7.166
PTGS2,c_MET491,mut_s1,detail,1,137,JVWTZUKPDMRNDC-FSAKADSPNA-N,-8.848
PTGS2,c_MET491,mut_s1,detail,1,138,XAZPLOLSRXZDBO-LBZABMTDNA-N,-6.899
PTGS2,c_MET491,mut_s1,detail,1,139,RGWVFJBNHCWCTL-CFEGKOCINA-N,-9.367
PTGS2,c_MET491,mut_s1,detail,1,140,YYWNRQZCPIMCAK-UHFFFAOYNA-N,-9.456
PTGS2,c_MET491,mut_s1,detail,1,141,PBTZDKNKXRSZPM-XBXBPLPCNA-N,-7.897
PTGS2,c_MET491,mut_s1,detail,1,142,QQPOIMHFFPBDQM-LELJVTLKNA-N,-7.061
PTGS2,c_MET491,mut_s1,detail,1,143,NYFQURFFDGCBCB-MAQJPOOANA-N,-6.639
PTGS2,c_MET491,mut_s1,detail,1,144,HXZVHWHABLBWBS-MTTPVDACNA-N,-8.736
PTGS2,c_MET491,mut_s1,detail,1,145,IWYYSOJWYLZKLK-LELJVTLKNA-N,-7.356
PTGS2,c_MET491,mut_s1,detail,1,146,HOGUCNPGZXMBGW-UHFFFAOYNA-N,-8.457
PTGS2,c_MET491,mut_s1,detail,1,147,VITUDJAVASFPKN-DUFUIDNCNA-N,-7.926
PTGS2,c_MET491,mut_s1,detail,1,148,IXAHDCRYEUYPBG-SCXYCHFONA-N,-8.372
PTGS2,c_MET491,mut_s1,detail,1,149,JWHMEKMLAZQDNS-OZMOGHDGNA-N,-7.209
PTGS2,c_MET491,mut_s1,detail,1,150,BZWNBTIJLRHNDZ-LBOYIXSDNA-N,-7.027
PTGS2,c_MET491,mut_s1,detail,1,151,RECYROBESYRUML-UHFFFAOYNA-N,-7.573
PTGS2,c_MET491,mut_s1,detail,1,152,MLDSJJJLQRZNKW-UHBIVWOUNA-N,-9.112
PTGS2,c_MET491,mut_s1,detail,1,153,XTWIHJARHCYNFX-PHXLCVRDNA-N,-8.618
PTGS2,c_MET491,mut_s1,detail,1,154,UQGFETVWTRDGKJ-UHFFFAOYNA-N,-6.703
PTGS2,c_MET491,mut_s1,detail,1,155,VJFSMDWEMFOWDK-CYSPOYASNA-N,-8.32
PTGS2,c_MET491,mut_s1,detail,1,156,NZYLXYBIWNIAGH-CYSPOYASNA-N,-8.295
PTGS2,c_MET491,mut_s1,detail,1,157,ODXCWFOKLBJQNP-MPIMZMORNA-N,-8.043
PTGS2,c_MET491,mut_s1,detail,1,158,FVDNMAPPDSKXKQ-UHFFFAOYNA-N,-8.673
PTGS2,c_MET491,mut_s1,detail,1,159,DOPWMPRIRWTOOD-CCHPKIMANA-N,-8.615
PTGS2,c_ILE486,mut_s1,detail,1,0,URVMSYHISUZXNH-UYBDAZJANA-N,-9.927
PTGS2,c_ILE486,mut_s1,detail,1,1,KXRPCFINVWWFHQ-UHFFFAOYNA-N,-6.057
PTGS2,c_ILE486,mut_s1,detail,1,2,NICJTSHRYBTHAS-YHMJCDSINA-N,-8.082
PTGS2,c_ILE486,mut_s1,detail,1,3,SWRZVDTZHDWPDS-AWIDAIFANA-N,-8.027
PTGS2,c_ILE486,mut_s1,detail,1,4,RKNSLLSUFWWYCA-UHFFFAOYNA-N,-11.118
PTGS2,c_ILE486,mut_s1,detail,1,5,OZFSIKFTRRUDES-RIYZIHGNNA-N,-7.527
PTGS2,c_ILE486,mut_s1,detail,1,6,AAGGUCRASUJPPN-UHFFFAOYNA-N,-8.023
PTGS2,c_ILE486,mut_s1,detail,1,7,OYHXDPMAFYHDNG-YAQRNVERNA-N,-8.503
PTGS2,c_ILE486,mut_s1,detail,1,8,AWILWAIEQYZUEQ-UHFFFAOYNA-N,-7.483
PTGS2,c_ILE486,mut_s1,detail,1,9,WSFAXHLMQUUHQT-VMPITWQZNA-N,-6.556
PTGS2,c_ILE486,mut_s1,detail,1,10,WPHMTVNOXKBZKN-UHFFFAOYNA-N,-7.244
PTGS2,c_ILE486,mut_s1,detail,1,11,LPEIZNODGHDCCW-UHFFFAOYNA-N,-6.884
PTGS2,c_ILE486,mut_s1,detail,1,12,QQHWWDVSRWOHEP-LILDFLRNNA-N,-8.673
PTGS2,c_ILE486,mut_s1,detail,1,13,UMEVSSPGBFVQNC-UHFFFAOYNA-N,-7.12
PTGS2,c_ILE486,mut_s1,detail,1,14,VZDIOEKWWZRNQN-UHFFFAOYNA-N,-9.449
PTGS2,c_ILE486,mut_s1,detail,1,15,JEVLDOUORFAHRS-NDKGDYFDNA-N,-7.381
PTGS2,c_ILE486,mut_s1,detail,1,16,NFTGJNJRMWUBPG-GPQMBLKYNA-N,-7.968
PTGS2,c_ILE486,mut_s1,detail,1,17,UMUUTEZBWGDVDA-UHFFFAOYNA-N,-8.265
PTGS2,c_ILE486,mut_s1,detail,1,18,VLQKEPLNPGYNDJ-HCKMINDGNA-N,-7.96
PTGS2,c_ILE486,mut_s1,detail,1,19,PPMVTAATPZLMJM-CDDDEJBQNA-N,-8.904
PTGS2,c_ILE486,mut_s1,detail,1,20,AHLYFAKLKLMESK-YAQRNVERNA-N,-8.101
PTGS2,c_ILE486,mut_s1,detail,1,21,GYEJYLAGVWRSIM-KGJHZMDYNA-N,-7.908
PTGS2,c_ILE486,mut_s1,detail,1,22,RXVALSLAUOIYLW-UHFFFAOYNA-N,-7.945
PTGS2,c_ILE486,mut_s1,detail,1,23,NSELYIFATLFDOZ-JLGFQASFNA-N,-8.351
PTGS2,c_ILE486,mut_s1,detail,1,24,COQFBYACOHFCEC-UHFFFAOYNA-N,-7.279
PTGS2,c_ILE486,mut_s1,detail,1,25,CJGJXFCLDYQBFQ-YJGXKCCXNA-N,-8.768
PTGS2,c_ILE486,mut_s1,detail,1,26,BWNGRRJLFYHENY-INIZCTEONA-N,-7.973
PTGS2,c_ILE486,mut_s1,detail,1,27,BNRFXWSJKVJVOF-UYBDAZJANA-N,-9.253
PTGS2,c_ILE486,mut_s1,detail,1,28,DMULMZBZVBBWBY-PJZINPJWNA-N,-9.574
PTGS2,c_ILE486,mut_s1,detail,1,29,AXLAIGJGNKHDPO-UHFFFAOYNA-N,-7.493
PTGS2,c_ILE486,mut_s1,detail,1,30,RKDGAONZEPYEBT-WXRBYKJCNA-N,-7.671
PTGS2,c_ILE486,mut_s1,detail,1,31,MBOYDUZSCSNUQL-MBBDSNKKNA-N,-7.402
PTGS2,c_ILE486,mut_s1,detail,1,32,KPVDBHRTXOFQDK-YAQRNVERNA-N,-6.924
PTGS2,c_ILE486,mut_s1,detail,1,33,LVCNFMYUKISBSB-VJSNTGQMNA-N,-8.426
PTGS2,c_ILE486,mut_s1,detail,1,34,XLAHCIRKLMJUQC-DZQCGVKKNA-N,-10.726
PTGS2,c_ILE486,mut_s1,detail,1,35,QNYHDABGLCBJOE-SHHGZXMVNA-N,-8.063
PTGS2,c_ILE486,mut_s1,detail,1,36,HEKNRISBWSPMOG-OWTLIXCDNA-N,-7.386
PTGS2,c_ILE486,mut_s1,detail,1,37,VIRNXCRLEVZXNX-LILDFLRNNA-N,-9.777
PTGS2,c_ILE486,mut_s1,detail,1,38,SRTGERSEXJGDMR-UHFFFAOYNA-N,-8.022
PTGS2,c_ILE486,mut_s1,detail,1,39,ZGMGSSRLZJYOKH-WXRBYKJCNA-N,-7.674
PTGS2,c_ILE486,mut_s1,detail,1,40,VGYFDFRFGHHCDA-CUTUCBJDNA-N,-10.009
PTGS2,c_ILE486,mut_s1,detail,1,41,DILPMLYWQJPNLO-HCKMINDGNA-N,-8.299
PTGS2,c_ILE486,mut_s1,detail,1,42,RSOODJIGEVJLMK-LQFNOIFHNA-N,-8.852
PTGS2,c_ILE486,mut_s1,detail,1,43,OWHHWMUAYBIQPR-UHFFFAOYNA-N,-8.807
PTGS2,c_ILE486,mut_s1,detail,1,44,KPIKMVZJKZDOFC-UHFFFAOYNA-N,-8.472
PTGS2,c_ILE486,mut_s1,detail,1,45,DIKDKRUREJXLMR-DPMTXJEANA-N,-8.314
PTGS2,c_ILE486,mut_s1,detail,1,46,QRVJDPKQHAVBDK-UYBDAZJANA-N,-7.398
PTGS2,c_ILE486,mut_s1,detail,1,47,SGBSFKSDPWOALT-UYBDAZJANA-N,-8.122
PTGS2,c_ILE486,mut_s1,detail,1,48,CYHFRNFVZWVHCG-OTJKMEOQNA-N,-9.67
PTGS2,c_ILE486,mut_s1,detail,1,49,MJUDQDHXCQONOA-MPIMZMORNA-N,-8.303
PTGS2,c_ILE486,mut_s1,detail,1,50,RNVYRNLUUYNQAS-PKSOQXRJNA-N,-7.658
PTGS2,c_ILE486,mut_s1,detail,1,51,DLZXOZYETDVJEB-QWOVJGMINA-N,-7.643
PTGS2,c_ILE486,mut_s1,detail,1,52,HSICVZRDGBJSEL-GPQMBLKYNA-N,-7.235
PTGS2,c_ILE486,mut_s1,detail,1,53,HMRUHHFLIMYEAF-QNGOCPJXNA-N,-7.934
PTGS2,c_ILE486,mut_s1,detail,1,54,ZZOWQPSBJUXHCA-YSPRVCGUNA-N,-7.089
PTGS2,c_ILE486,mut_s1,detail,1,55,WDDJLHOUFWSQSV-UHFFFAOYNA-N,-8.097
PTGS2,c_ILE486,mut_s1,detail,1,56,UKLIIGXGTPSYBF-IBCWCQIKNA-N,-7.027
PTGS2,c_ILE486,mut_s1,detail,1,57,LNPOBRXJZYGQMS-MOHJPFBDNA-N,-6.983
PTGS2,c_ILE486,mut_s1,detail,1,58,FYILBFPPKIZBTO-UHFFFAOYNA-N,-9.357
PTGS2,c_ILE486,mut_s1,detail,1,59,MIKIJFODTJGFDI-LILDFLRNNA-N,-9.197
PTGS2,c_ILE486,mut_s1,detail,1,60,RUWCNSLWWCWTSU-LILDFLRNNA-N,-8.127
PTGS2,c_ILE486,mut_s1,detail,1,61,KLQWCHKIQJHYIB-UHFFFAOYNA-N,-10.339
PTGS2,c_ILE486,mut_s1,detail,1,62,QKAWGENQCGFAOE-NPVYFSBINA-N,-7.187
PTGS2,c_ILE486,mut_s1,detail,1,63,KGOKCBRZBBEYBE-MMRXBHCZNA-N,-8.345
PTGS2,c_ILE486,mut_s1,detail,1,64,ROFRXCLSWKEWTN-UHFFFAOYNA-N,-6.09
PTGS2,c_ILE486,mut_s1,detail,1,65,AKRMJNKLSCBEME-FPYGCLRLNA-N,-7.332
PTGS2,c_ILE486,mut_s1,detail,1,66,LCGJUJZLLYTYIF-XMFFZCEENA-N,-9.068
PTGS2,c_ILE486,mut_s1,detail,1,67,FREQNFSEYLEFOI-QRCVEOAVNA-N,-8.722
PTGS2,c_ILE486,mut_s1,detail,1,68,MHMINAYLMNBGSM-UHFFFAOYNA-N,-8.249
PTGS2,c_ILE486,mut_s1,detail,1,69,SYMNTBHEGHFZMV-UHFFFAOYNA-N,-7.811
PTGS2,c_ILE486,mut_s1,detail,1,70,NNCRWGMPCGSKOO-LILDFLRNNA-N,-7.153
PTGS2,c_ILE486,mut_s1,detail,1,71,ZCRRNCCNJMRGFI-UHFFFAOYNA-N,-8.613
PTGS2,c_ILE486,mut_s1,detail,1,72,PYVZEIBGEUQNQQ-UHFFFAOYNA-N,-11.265
PTGS2,c_ILE486,mut_s1,detail,1,73,OROJQWVRCGJACT-XBTAAFKLNA-N,-8.684
PTGS2,c_ILE486,mut_s1,detail,1,74,TXYUWXKCUDOUGU-JLGFQASFNA-N,-7.434
PTGS2,c_ILE486,mut_s1,detail,1,75,LAZANALODSEDSE-UHFFFAOYNA-N,-7.85
PTGS2,c_ILE486,mut_s1,detail,1,76,RJXCYVJLXGRCHK-UHFFFAOYNA-N,-7.772
PTGS2,c_ILE486,mut_s1,detail,1,77,FUSKIBWHJAWEFI-IEJAXPBYNA-N,-7.274
PTGS2,c_ILE486,mut_s1,detail,1,78,SGWVLOCBQLQWQV-UHFFFAOYNA-N,-7.589
PTGS2,c_ILE486,mut_s1,detail,1,79,PPXRQTYXLZCDAZ-QWOVJGMINA-N,-7.927
PTGS2,c_ILE486,mut_s1,detail,1,80,DIFBADFWLVYFHV-LELJVTLKNA-N,-7.215
PTGS2,c_ILE486,mut_s1,detail,1,81,XREOSEVJCQGCHE-MHPMNMKGNA-N,-8.548
PTGS2,c_ILE486,mut_s1,detail,1,82,ZHGPKHBXSKWZEQ-UHFFFAOYNA-N,-9.718
PTGS2,c_ILE486,mut_s1,detail,1,83,ZFAYPJJNPSNAFK-UHFFFAOYNA-N,-8.07
PTGS2,c_ILE486,mut_s1,detail,1,84,LTXMRAGWIDQTQT-MYUTVWBTNA-N,-9.418
PTGS2,c_ILE486,mut_s1,detail,1,85,VXQHYHSSGLOALC-SPEPDGBUNA-N,-8.728
PTGS2,c_ILE486,mut_s1,detail,1,86,KWDSFRAWCISROF-PJQSKVNONA-N,-8.102
PTGS2,c_ILE486,mut_s1,detail,1,87,ZJZXSQPHUQUHIV-ZGZFQTMPNA-N,-7.943
PTGS2,c_ILE486,mut_s1,detail,1,88,UYHIVPBYFWVWEJ-UHFFFAOYNA-N,-7.783
PTGS2,c_ILE486,mut_s1,detail,1,89,PLEFJSUCKRWHBY-LNNLXFCONA-N,-6.994
PTGS2,c_ILE486,mut_s1,detail,1,90,DNSRQCRQLKJUCC-PDJAEHLQNA-N,-7.312
PTGS2,c_ILE486,mut_s1,detail,1,91,PHYKZCBUNVYJNH-YDBXFXKPNA-N,-6.407
PTGS2,c_ILE486,mut_s1,detail,1,92,OOUHZBUAVKCDGA-UHFFFAOYNA-N,-6.814
PTGS2,c_ILE486,mut_s1,detail,1,93,UUQDFZFJDFMLHW-UHFFFAOYNA-N,-7.63
PTGS2,c_ILE486,mut_s1,detail,1,94,OOUDDHNLDLLUOL-SKKVRFOWNA-N,-9.458
PTGS2,c_ILE486,mut_s1,detail,1,95,ZDMQSUAMTLXUTE-MPIMZMORNA-N,-7.414
PTGS2,c_ILE486,mut_s1,detail,1,96,NMPLPABDEKPABN-UHFFFAOYNA-N,-7.762
PTGS2,c_ILE486,mut_s1,detail,1,97,INZRHGSVWGRHBM-NPVYFSBINA-N,-7.572
PTGS2,c_ILE486,mut_s1,detail,1,98,RVGCWMKVTAEQIH-LNNLXFCONA-N,-7.546
PTGS2,c_ILE486,mut_s1,detail,1,99,VRXWKRQOVMZBAF-LJQANCHMNA-N,-6.664
PTGS2,c_ILE486,mut_s1,detail,1,100,QACLWOIBBYOHQP-UYBDAZJANA-N,-9.053
PTGS2,c_ILE486,mut_s1,detail,1,101,ZNXSZVFPCBIELQ-LNNLXFCONA-N,-7.86
PTGS2,c_ILE486,mut_s1,detail,1,102,GKMWCCNMKRSQHR-VEKUMTKDNA-N,-9.515
PTGS2,c_ILE486,mut_s1,detail,1,103,FFGUSRSMWFYKGK-SKKVRFOWNA-N,-8.532
PTGS2,c_ILE486,mut_s1,detail,1,104,KXBDDGKXLZBLOM-SPEPDGBUNA-N,-7.03
PTGS2,c_ILE486,mut_s1,detail,1,105,MIUWULAZCXYTJW-MSHHZIMBNA-N,-8.337
PTGS2,c_ILE486,mut_s1,detail,1,106,JPZOYWVRFLZCIC-NJNXFGOHNA-N,-7.737
PTGS2,c_ILE486,mut_s1,detail,1,107,FAIQTLBYDVKBAB-DVIAZDKANA-N,-7.604
PTGS2,c_ILE486,mut_s1,detail,1,108,APFLRZZAOXCNAZ-UHFFFAOYNA-N,-9.31
PTGS2,c_ILE486,mut_s1,detail,1,109,BSQLDSQTGOZBFD-UHFFFAOYNA-N,-6.681
PTGS2,c_ILE486,mut_s1,detail,1,110,ZVVCFJXCDATSCC-UHFFFAOYNA-N,-9.595
PTGS2,c_ILE486,mut_s1,detail,1,111,SKEQTXZATFWVMB-UYBDAZJANA-N,-6.331
PTGS2,c_ILE486,mut_s1,detail,1,112,IATWYRHDJKMBQK-MPIMZMORNA-N,-8.322
PTGS2,c_ILE486,mut_s1,detail,1,113,JPWOEQDCUZCWKT-MPIMZMORNA-N,-5.886
PTGS2,c_ILE486,mut_s1,detail,1,114,RYHSAXRBHDHPPK-PKSOQXRJNA-N,-6.626
PTGS2,c_ILE486,mut_s1,detail,1,115,GKKJWUFVZJJFPG-MPIMZMORNA-N,-7.317
PTGS2,c_ILE486,mut_s1,detail,1,116,FDNZXFDUCINVLY-BDGWVKIONA-N,-8.638
PTGS2,c_ILE486,mut_s1,detail,1,117,KTBYKHKWIFIFAK-UHFFFAOYNA-N,-8.658
PTGS2,c_ILE486,mut_s1,detail,1,118,ZRXZEWGUECXTTQ-LQFNOIFHNA-N,-7.571
PTGS2,c_ILE486,mut_s1,detail,1,119,XNACBBGLIAJNJM-PECIQRARNA-N,-10.681
PTGS2,c_ILE486,mut_s1,detail,1,120,WQZYYJRVBIQUGH-YWZOXAELNA-N,-8.249
PTGS2,c_ILE486,mut_s1,detail,1,121,ABMSRNRLDZVJFV-SWUIVHNENA-N,-9.117
PTGS2,c_ILE486,mut_s1,detail,1,122,ZEACBIUBSOLEGW-QAITUMOCNA-N,-9.888
PTGS2,c_ILE486,mut_s1,detail,1,123,UBFCDXVLKFOOGL-OKPOJWAQNA-N,-8.881
PTGS2,c_ILE486,mut_s1,detail,1,124,RRIHVAFUFDANEX-NSJMMFDCNA-N,-6.811
PTGS2,c_ILE486,mut_s1,detail,1,125,HASIAUWPWKTSBW-SREBMQDQNA-N,-6.359
PTGS2,c_ILE486,mut_s1,detail,1,126,WHBCKYHTCHCHAY-LQFNOIFHNA-N,-7.609
PTGS2,c_ILE486,mut_s1,detail,1,127,XMAYWYJOQHXEEK-JYFHCDHNNA-N,-8.556
PTGS2,c_ILE486,mut_s1,detail,1,128,TVKCFCZANTZCSU-OYRHEFFENA-N,-8.586
PTGS2,c_ILE486,mut_s1,detail,1,129,OJFIIUWPOHBVMH-LNNLXFCONA-N,-6.356
PTGS2,c_ILE486,mut_s1,detail,1,130,DKLZMGFTGWKNCD-DIRLUKLVNA-N,-9.03
PTGS2,c_ILE486,mut_s1,detail,1,131,PYSLGWZFRQWTDD-PWIKPTQSNA-N,-8.606
PTGS2,c_ILE486,mut_s1,detail,1,132,MWMBIUUYBQWKJX-QTUCRYGENA-N,-7.231
PTGS2,c_ILE486,mut_s1,detail,1,133,FLYQFCXTEFTSQN-UHFFFAOYNA-N,-7.087
PTGS2,c_ILE486,mut_s1,detail,1,134,PBIBDSDWIMZYDT-WBWGZOKWNA-N,-7.824
PTGS2,c_ILE486,mut_s1,detail,1,135,GSRWMFGBDLHGBU-YEFLILRRNA-N,-6.742
PTGS2,c_ILE486,mut_s1,detail,1,136,AYIJJQHMZAEQKE-QDAGQJSJNA-N,-8.05
PTGS2,c_ILE486,mut_s1,detail,1,137,JVWTZUKPDMRNDC-FSAKADSPNA-N,-7.477
PTGS2,c_ILE486,mut_s1,detail,1,138,XAZPLOLSRXZDBO-LBZABMTDNA-N,-5.827
PTGS2,c_ILE486,mut_s1,detail,1,139,RGWVFJBNHCWCTL-CFEGKOCINA-N,-9.151
PTGS2,c_ILE486,mut_s1,detail,1,140,YYWNRQZCPIMCAK-UHFFFAOYNA-N,-8.648
PTGS2,c_ILE486,mut_s1,detail,1,141,PBTZDKNKXRSZPM-XBXBPLPCNA-N,-8.003
PTGS2,c_ILE486,mut_s1,detail,1,142,QQPOIMHFFPBDQM-LELJVTLKNA-N,-7.842
PTGS2,c_ILE486,mut_s1,detail,1,143,NYFQURFFDGCBCB-MAQJPOOANA-N,-6.919
PTGS2,c_ILE486,mut_s1,detail,1,144,HXZVHWHABLBWBS-MTTPVDACNA-N,-8.761
PTGS2,c_ILE486,mut_s1,detail,1,145,IWYYSOJWYLZKLK-LELJVTLKNA-N,-7.445
PTGS2,c_ILE486,mut_s1,detail,1,146,HOGUCNPGZXMBGW-UHFFFAOYNA-N,-8.498
PTGS2,c_ILE486,mut_s1,detail,1,147,VITUDJAVASFPKN-DUFUIDNCNA-N,-7.441
PTGS2,c_ILE486,mut_s1,detail,1,148,IXAHDCRYEUYPBG-SCXYCHFONA-N,-8.754
PTGS2,c_ILE486,mut_s1,detail,1,149,JWHMEKMLAZQDNS-OZMOGHDGNA-N,-7.924
PTGS2,c_ILE486,mut_s1,detail,1,150,BZWNBTIJLRHNDZ-LBOYIXSDNA-N,-6.897
PTGS2,c_ILE486,mut_s1,detail,1,151,RECYROBESYRUML-UHFFFAOYNA-N,-7.617
PTGS2,c_ILE486,mut_s1,detail,1,152,MLDSJJJLQRZNKW-UHBIVWOUNA-N,-9.206
PTGS2,c_ILE486,mut_s1,detail,1,153,XTWIHJARHCYNFX-PHXLCVRDNA-N,-9.684
PTGS2,c_ILE486,mut_s1,detail,1,154,UQGFETVWTRDGKJ-UHFFFAOYNA-N,-6.688
PTGS2,c_ILE486,mut_s1,detail,1,155,VJFSMDWEMFOWDK-CYSPOYASNA-N,-8.394
PTGS2,c_ILE486,mut_s1,detail,1,156,NZYLXYBIWNIAGH-CYSPOYASNA-N,-8.045
PTGS2,c_ILE486,mut_s1,detail,1,157,ODXCWFOKLBJQNP-MPIMZMORNA-N,-8.11
PTGS2,c_ILE486,mut_s1,detail,1,158,FVDNMAPPDSKXKQ-UHFFFAOYNA-N,-7.987
PTGS2,c_ILE486,mut_s1,detail,1,159,DOPWMPRIRWTOOD-CCHPKIMANA-N,-7.756
PTGS2,c_ARG482,mut_s1,detail,1,0,URVMSYHISUZXNH-UYBDAZJANA-N,-9.84
PTGS2,c_ARG482,mut_s1,detail,1,1,KXRPCFINVWWFHQ-UHFFFAOYNA-N,-5.891
PTGS2,c_ARG482,mut_s1,detail,1,2,NICJTSHRYBTHAS-YHMJCDSINA-N,-8.055
PTGS2,c_ARG482,mut_s1,detail,1,3,SWRZVDTZHDWPDS-AWIDAIFANA-N,-8.082
PTGS2,c_ARG482,mut_s1,detail,1,4,RKNSLLSUFWWYCA-UHFFFAOYNA-N,-10.65
PTGS2,c_ARG482,mut_s1,detail,1,5,OZFSIKFTRRUDES-RIYZIHGNNA-N,-7.511
PTGS2,c_ARG482,mut_s1,detail,1,6,AAGGUCRASUJPPN-UHFFFAOYNA-N,-8.145
PTGS2,c_ARG482,mut_s1,detail,1,7,OYHXDPMAFYHDNG-YAQRNVERNA-N,-8.442
PTGS2,c_ARG482,mut_s1,detail,1,8,AWILWAIEQYZUEQ-UHFFFAOYNA-N,-7.273
PTGS2,c_ARG482,mut_s1,detail,1,9,WSFAXHLMQUUHQT-VMPITWQZNA-N,-6.615
PTGS2,c_ARG482,mut_s1,detail,1,10,WPHMTVNOXKBZKN-UHFFFAOYNA-N,-7.156
PTGS2,c_ARG482,mut_s1,detail,1,11,LPEIZNODGHDCCW-UHFFFAOYNA-N,-6.812
PTGS2,c_ARG482,mut_s1,detail,1,12,QQHWWDVSRWOHEP-LILDFLRNNA-N,-9.018
PTGS2,c_ARG482,mut_s1,detail,1,13,UMEVSSPGBFVQNC-UHFFFAOYNA-N,-7.119
PTGS2,c_ARG482,mut_s1,detail,1,14,VZDIOEKWWZRNQN-UHFFFAOYNA-N,-9.37
PTGS2,c_ARG482,mut_s1,detail,1,15,JEVLDOUORFAHRS-NDKGDYFDNA-N,-7.394
PTGS2,c_ARG482,mut_s1,detail,1,16,NFTGJNJRMWUBPG-GPQMBLKYNA-N,-7.681
PTGS2,c_ARG482,mut_s1,detail,1,17,UMUUTEZBWGDVDA-UHFFFAOYNA-N,-8.178
PTGS2,c_ARG482,mut_s1,detail,1,18,VLQKEPLNPGYNDJ-HCKMINDGNA-N,-8.011
PTGS2,c_ARG482,mut_s1,detail,1,19,PPMVTAATPZLMJM-CDDDEJBQNA-N,-8.418
PTGS2,c_ARG482,mut_s1,detail,1,20,AHLYFAKLKLMESK-YAQRNVERNA-N,-7.781
PTGS2,c_ARG482,mut_s1,detail,1,21,GYEJYLAGVWRSIM-KGJHZMDYNA-N,-7.66
PTGS2,c_ARG482,mut_s1,detail,1,22,RXVALSLAUOIYLW-UHFFFAOYNA-N,-7.599
PTGS2,c_ARG482,mut_s1,detail,1,23,NSELYIFATLFDOZ-JLGFQASFNA-N,-8.244
PTGS2,c_ARG482,mut_s1,detail,1,24,COQFBYACOHFCEC-UHFFFAOYNA-N,-7.67
PTGS2,c_ARG482,mut_s1,detail,1,25,CJGJXFCLDYQBFQ-YJGXKCCXNA-N,-8.61
PTGS2,c_ARG482,mut_s1,detail,1,26,BWNGRRJLFYHENY-INIZCTEONA-N,-7.937
PTGS2,c_ARG482,mut_s1,detail,1,27,BNRFXWSJKVJVOF-UYBDAZJANA-N,-9.115
PTGS2,c_ARG482,mut_s1,detail,1,28,DMULMZBZVBBWBY-PJZINPJWNA-N,-8.794
PTGS2,c_ARG482,mut_s1,detail,1,29,AXLAIGJGNKHDPO-UHFFFAOYNA-N,-7.411
PTGS2,c_ARG482,mut_s1,detail,1,30,RKDGAONZEPYEBT-WXRBYKJCNA-N,-7.742
PTGS2,c_ARG482,mut_s1,detail,1,31,MBOYDUZSCSNUQL-MBBDSNKKNA-N,-7.213
PTGS2,c_ARG482,mut_s1,detail,1,32,KPVDBHRTXOFQDK-YAQRNVERNA-N,-6.955
PTGS2,c_ARG482,mut_s1,detail,1,33,LVCNFMYUKISBSB-VJSNTGQMNA-N,-8.325
PTGS2,c_ARG482,mut_s1,detail,1,34,XLAHCIRKLMJUQC-DZQCGVKKNA-N,-10.294
PTGS2,c_ARG482,mut_s1,detail,1,35,QNYHDABGLCBJOE-SHHGZXMVNA-N,-8.846
PTGS2,c_ARG482,mut_s1,detail,1,36,HEKNRISBWSPMOG-OWTLIXCDNA-N,-7.368
PTGS2,c_ARG482,mut_s1,detail,1,37,VIRNXCRLEVZXNX-LILDFLRNNA-N,-9.771
PTGS2,c_ARG482,mut_s1,detail,1,38,SRTGERSEXJGDMR-UHFFFAOYNA-N,-7.812
PTGS2,c_ARG482,mut_s1,detail,1,39,ZGMGSSRLZJYOKH-WXRBYKJCNA-N,-7.546
PTGS2,c_ARG482,mut_s1,detail,1,40,VGYFDFRFGHHCDA-CUTUCBJDNA-N,-9.086
PTGS2,c_ARG482,mut_s1,detail,1,41,DILPMLYWQJPNLO-HCKMINDGNA-N,-7.712
PTGS2,c_ARG482,mut_s1,detail,1,42,RSOODJIGEVJLMK-LQFNOIFHNA-N,-8.529
PTGS2,c_ARG482,mut_s1,detail,1,43,OWHHWMUAYBIQPR-UHFFFAOYNA-N,-8.448
PTGS2,c_ARG482,mut_s1,detail,1,44,KPIKMVZJKZDOFC-UHFFFAOYNA-N,-8.225
PTGS2,c_ARG482,mut_s1,detail,1,45,DIKDKRUREJXLMR-DPMTXJEANA-N,-8.003
PTGS2,c_ARG482,mut_s1,detail,1,46,QRVJDPKQHAVBDK-UYBDAZJANA-N,-6.86
PTGS2,c_ARG482,mut_s1,detail,1,47,SGBSFKSDPWOALT-UYBDAZJANA-N,-8.149
PTGS2,c_ARG482,mut_s1,detail,1,48,CYHFRNFVZWVHCG-OTJKMEOQNA-N,-9.272
PTGS2,c_ARG482,mut_s1,detail,1,49,MJUDQDHXCQONOA-MPIMZMORNA-N,-8.316
PTGS2,c_ARG482,mut_s1,detail,1,50,RNVYRNLUUYNQAS-PKSOQXRJNA-N,-7.677
PTGS2,c_ARG482,mut_s1,detail,1,51,DLZXOZYETDVJEB-QWOVJGMINA-N,-7.44
PTGS2,c_ARG482,mut_s1,detail,1,52,HSICVZRDGBJSEL-GPQMBLKYNA-N,-7.41
PTGS2,c_ARG482,mut_s1,detail,1,53,HMRUHHFLIMYEAF-QNGOCPJXNA-N,-7.93
PTGS2,c_ARG482,mut_s1,detail,1,54,ZZOWQPSBJUXHCA-YSPRVCGUNA-N,-7.102
PTGS2,c_ARG482,mut_s1,detail,1,55,WDDJLHOUFWSQSV-UHFFFAOYNA-N,-8.042
PTGS2,c_ARG482,mut_s1,detail,1,56,UKLIIGXGTPSYBF-IBCWCQIKNA-N,-6.638
PTGS2,c_ARG482,mut_s1,detail,1,57,LNPOBRXJZYGQMS-MOHJPFBDNA-N,-7.182
PTGS2,c_ARG482,mut_s1,detail,1,58,FYILBFPPKIZBTO-UHFFFAOYNA-N,-9.322
PTGS2,c_ARG482,mut_s1,detail,1,59,MIKIJFODTJGFDI-LILDFLRNNA-N,-8.619
PTGS2,c_ARG482,mut_s1,detail,1,60,RUWCNSLWWCWTSU-LILDFLRNNA-N,-7.911
PTGS2,c_ARG482,mut_s1,detail,1,61,KLQWCHKIQJHYIB-UHFFFAOYNA-N,-10.416
PTGS2,c_ARG482,mut_s1,detail,1,62,QKAWGENQCGFAOE-NPVYFSBINA-N,-7.091
PTGS2,c_ARG482,mut_s1,detail,1,63,KGOKCBRZBBEYBE-MMRXBHCZNA-N,-7.481
PTGS2,c_ARG482,mut_s1,detail,1,64,ROFRXCLSWKEWTN-UHFFFAOYNA-N,-6.459
PTGS2,c_ARG482,mut_s1,detail,1,65,AKRMJNKLSCBEME-FPYGCLRLNA-N,-7.829
PTGS2,c_ARG482,mut_s1,detail,1,66,LCGJUJZLLYTYIF-XMFFZCEENA-N,-9.262
PTGS2,c_ARG482,mut_s1,detail,1,67,FREQNFSEYLEFOI-QRCVEOAVNA-N,-8.436
PTGS2,c_ARG482,mut_s1,detail,1,68,MHMINAYLMNBGSM-UHFFFAOYNA-N,-8.412
PTGS2,c_ARG482,mut_s1,detail,1,69,SYMNTBHEGHFZMV-UHFFFAOYNA-N,-7.539
PTGS2,c_ARG482,mut_s1,detail,1,70,NNCRWGMPCGSKOO-LILDFLRNNA-N,-7.7
PTGS2,c_ARG482,mut_s1,detail,1,71,ZCRRNCCNJMRGFI-UHFFFAOYNA-N,-7.325
PTGS2,c_ARG482,mut_s1,detail,1,72,PYVZEIBGEUQNQQ-UHFFFAOYNA-N,-11.133
PTGS2,c_ARG482,mut_s1,detail,1,73,OROJQWVRCGJACT-XBTAAFKLNA-N,-8.288
PTGS2,c_ARG482,mut_s1,detail,1,74,TXYUWXKCUDOUGU-JLGFQASFNA-N,-7.556
PTGS2,c_ARG482,mut_s1,detail,1,75,LAZANALODSEDSE-UHFFFAOYNA-N,-7.901
PTGS2,c_ARG482,mut_s1,detail,1,76,RJXCYVJLXGRCHK-UHFFFAOYNA-N,-7.792
PTGS2,c_ARG482,mut_s1,detail,1,77,FUSKIBWHJAWEFI-IEJAXPBYNA-N,-7.288
PTGS2,c_ARG482,mut_s1,detail,1,78,SGWVLOCBQLQWQV-UHFFFAOYNA-N,-7.665
PTGS2,c_ARG482,mut_s1,detail,1,79,PPXRQTYXLZCDAZ-QWOVJGMINA-N,-8.71
PTGS2,c_ARG482,mut_s1,detail,1,80,DIFBADFWLVYFHV-LELJVTLKNA-N,-7.266
PTGS2,c_ARG482,mut_s1,detail,1,81,XREOSEVJCQGCHE-MHPMNMKGNA-N,-8.474
PTGS2,c_ARG482,mut_s1,detail,1,82,ZHGPKHBXSKWZEQ-UHFFFAOYNA-N,-9.543
PTGS2,c_ARG482,mut_s1,detail,1,83,ZFAYPJJNPSNAFK-UHFFFAOYNA-N,-8.091
PTGS2,c_ARG482,mut_s1,detail,1,84,LTXMRAGWIDQTQT-MYUTVWBTNA-N,-9.763
PTGS2,c_ARG482,mut_s1,detail,1,85,VXQHYHSSGLOALC-SPEPDGBUNA-N,-8.471
PTGS2,c_ARG482,mut_s1,detail,1,86,KWDSFRAWCISROF-PJQSKVNONA-N,-7.634
PTGS2,c_ARG482,mut_s1,detail,1,87,ZJZXSQPHUQUHIV-ZGZFQTMPNA-N,-7.938
PTGS2,c_ARG482,mut_s1,detail,1,88,UYHIVPBYFWVWEJ-UHFFFAOYNA-N,-7.768
PTGS2,c_ARG482,mut_s1,detail,1,89,PLEFJSUCKRWHBY-LNNLXFCONA-N,-7.12
PTGS2,c_ARG482,mut_s1,detail,1,90,DNSRQCRQLKJUCC-PDJAEHLQNA-N,-7.258
PTGS2,c_ARG482,mut_s1,detail,1,91,PHYKZCBUNVYJNH-YDBXFXKPNA-N,-7.537
PTGS2,c_ARG482,mut_s1,detail,1,92,OOUHZBUAVKCDGA-UHFFFAOYNA-N,-6.711
PTGS2,c_ARG482,mut_s1,detail,1,93,UUQDFZFJDFMLHW-UHFFFAOYNA-N,-8.123
PTGS2,c_ARG482,mut_s1,detail,1,94,OOUDDHNLDLLUOL-SKKVRFOWNA-N,-9.427
PTGS2,c_ARG482,mut_s1,detail,1,95,ZDMQSUAMTLXUTE-MPIMZMORNA-N,-7.345
PTGS2,c_ARG482,mut_s1,detail,1,96,NMPLPABDEKPABN-UHFFFAOYNA-N,-8.631
PTGS2,c_ARG482,mut_s1,detail,1,97,INZRHGSVWGRHBM-NPVYFSBINA-N,-7.776
PTGS2,c_ARG482,mut_s1,detail,1,98,RVGCWMKVTAEQIH-LNNLXFCONA-N,-9.467
PTGS2,c_ARG482,mut_s1,detail,1,99,VRXWKRQOVMZBAF-LJQANCHMNA-N,-6.639
PTGS2,c_ARG482,mut_s1,detail,1,100,QACLWOIBBYOHQP-UYBDAZJANA-N,-8.624
PTGS2,c_ARG482,mut_s1,detail,1,101,ZNXSZVFPCBIELQ-LNNLXFCONA-N,-6.814
PTGS2,c_ARG482,mut_s1,detail,1,102,GKMWCCNMKRSQHR-VEKUMTKDNA-N,-6.89
PTGS2,c_ARG482,mut_s1,detail,1,103,FFGUSRSMWFYKGK-SKKVRFOWNA-N,-8.504
PTGS2,c_ARG482,mut_s1,detail,1,104,KXBDDGKXLZBLOM-SPEPDGBUNA-N,-7.328
PTGS2,c_ARG482,mut_s1,detail,1,105,MIUWULAZCXYTJW-MSHHZIMBNA-N,-8.358
PTGS2,c_ARG482,mut_s1,detail,1,106,JPZOYWVRFLZCIC-NJNXFGOHNA-N,-7.682
PTGS2,c_ARG482,mut_s1,detail,1,107,FAIQTLBYDVKBAB-DVIAZDKANA-N,-7.177
PTGS2,c_ARG482,mut_s1,detail,1,108,APFLRZZAOXCNAZ-UHFFFAOYNA-N,-8.71
PTGS2,c_ARG482,mut_s1,detail,1,109,BSQLDSQTGOZBFD-UHFFFAOYNA-N,-6.5
PTGS2,c_ARG482,mut_s1,detail,1,110,ZVVCFJXCDATSCC-UHFFFAOYNA-N,-9.062
PTGS2,c_ARG482,mut_s1,detail,1,111,SKEQTXZATFWVMB-UYBDAZJANA-N,-6.525
PTGS2,c_ARG482,mut_s1,detail,1,112,IATWYRHDJKMBQK-MPIMZMORNA-N,-7.721
PTGS2,c_ARG482,mut_s1,detail,1,113,JPWOEQDCUZCWKT-MPIMZMORNA-N,-5.955
PTGS2,c_ARG482,mut_s1,detail,1,114,RYHSAXRBHDHPPK-PKSOQXRJNA-N,-7.199
PTGS2,c_ARG482,mut_s1,detail,1,115,GKKJWUFVZJJFPG-MPIMZMORNA-N,-7.555
PTGS2,c_ARG482,mut_s1,detail,1,116,FDNZXFDUCINVLY-BDGWVKIONA-N,-8.741
PTGS2,c_ARG482,mut_s1,detail,1,117,KTBYKHKWIFIFAK-UHFFFAOYNA-N,-8.446
PTGS2,c_ARG482,mut_s1,detail,1,118,ZRXZEWGUECXTTQ-LQFNOIFHNA-N,-7.464
PTGS2,c_ARG482,mut_s1,detail,1,119,XNACBBGLIAJNJM-PECIQRARNA-N,-10.535
PTGS2,c_ARG482,mut_s1,detail,1,120,WQZYYJRVBIQUGH-YWZOXAELNA-N,-8.809
PTGS2,c_ARG482,mut_s1,detail,1,121,ABMSRNRLDZVJFV-SWUIVHNENA-N,-8.957
PTGS2,c_ARG482,mut_s1,detail,1,122,ZEACBIUBSOLEGW-QAITUMOCNA-N,-9.744
PTGS2,c_ARG482,mut_s1,detail,1,123,UBFCDXVLKFOOGL-OKPOJWAQNA-N,-8.993
PTGS2,c_ARG482,mut_s1,detail,1,124,RRIHVAFUFDANEX-NSJMMFDCNA-N,-6.997
PTGS2,c_ARG482,mut_s1,detail,1,125,HASIAUWPWKTSBW-SREBMQDQNA-N,-6.567
PTGS2,c_ARG482,mut_s1,detail,1,126,WHBCKYHTCHCHAY-LQFNOIFHNA-N,-7.157
PTGS2,c_ARG482,mut_s1,detail,1,127,XMAYWYJOQHXEEK-JYFHCDHNNA-N,-8.489
PTGS2,c_ARG482,mut_s1,detail,1,128,TVKCFCZANTZCSU-OYRHEFFENA-N,-8.745
PTGS2,c_ARG482,mut_s1,detail,1,129,OJFIIUWPOHBVMH-LNNLXFCONA-N,-6.91
PTGS2,c_ARG482,mut_s1,detail,1,130,DKLZMGFTGWKNCD-DIRLUKLVNA-N,-8.313
PTGS2,c_ARG482,mut_s1,detail,1,131,PYSLGWZFRQWTDD-PWIKPTQSNA-N,-8.283
PTGS2,c_ARG482,mut_s1,detail,1,132,MWMBIUUYBQWKJX-QTUCRYGENA-N,-6.788
PTGS2,c_ARG482,mut_s1,detail,1,133,FLYQFCXTEFTSQN-UHFFFAOYNA-N,-7.017
PTGS2,c_ARG482,mut_s1,detail,1,134,PBIBDSDWIMZYDT-WBWGZOKWNA-N,-7.403
PTGS2,c_ARG482,mut_s1,detail,1,135,GSRWMFGBDLHGBU-YEFLILRRNA-N,-8.073
PTGS2,c_ARG482,mut_s1,detail,1,136,AYIJJQHMZAEQKE-QDAGQJSJNA-N,-7.264
PTGS2,c_ARG482,mut_s1,detail,1,137,JVWTZUKPDMRNDC-FSAKADSPNA-N,-7.854
PTGS2,c_ARG482,mut_s1,detail,1,138,XAZPLOLSRXZDBO-LBZABMTDNA-N,-6.763
PTGS2,c_ARG482,mut_s1,detail,1,139,RGWVFJBNHCWCTL-CFEGKOCINA-N,-9.212
PTGS2,c_ARG482,mut_s1,detail,1,140,YYWNRQZCPIMCAK-UHFFFAOYNA-N,-8.811
PTGS2,c_ARG482,mut_s1,detail,1,141,PBTZDKNKXRSZPM-XBXBPLPCNA-N,-7.073
PTGS2,c_ARG482,mut_s1,detail,1,142,QQPOIMHFFPBDQM-LELJVTLKNA-N,-7.701
PTGS2,c_ARG482,mut_s1,detail,1,143,NYFQURFFDGCBCB-MAQJPOOANA-N,-6.422
PTGS2,c_ARG482,mut_s1,detail,1,144,HXZVHWHABLBWBS-MTTPVDACNA-N,-8.791
PTGS2,c_ARG482,mut_s1,detail,1,145,IWYYSOJWYLZKLK-LELJVTLKNA-N,-7.561
PTGS2,c_ARG482,mut_s1,detail,1,146,HOGUCNPGZXMBGW-UHFFFAOYNA-N,-8.33
PTGS2,c_ARG482,mut_s1,detail,1,147,VITUDJAVASFPKN-DUFUIDNCNA-N,-8.074
PTGS2,c_ARG482,mut_s1,detail,1,148,IXAHDCRYEUYPBG-SCXYCHFONA-N,-8.777
PTGS2,c_ARG482,mut_s1,detail,1,149,JWHMEKMLAZQDNS-OZMOGHDGNA-N,-7.159
PTGS2,c_ARG482,mut_s1,detail,1,150,BZWNBTIJLRHNDZ-LBOYIXSDNA-N,-7.483
PTGS2,c_ARG482,mut_s1,detail,1,151,RECYROBESYRUML-UHFFFAOYNA-N,-7.583
PTGS2,c_ARG482,mut_s1,detail,1,152,MLDSJJJLQRZNKW-UHBIVWOUNA-N,-9.023
PTGS2,c_ARG482,mut_s1,detail,1,153,XTWIHJARHCYNFX-PHXLCVRDNA-N,-8.698
PTGS2,c_ARG482,mut_s1,detail,1,154,UQGFETVWTRDGKJ-UHFFFAOYNA-N,-6.56
PTGS2,c_ARG482,mut_s1,detail,1,155,VJFSMDWEMFOWDK-CYSPOYASNA-N,-8.407
PTGS2,c_ARG482,mut_s1,detail,1,156,NZYLXYBIWNIAGH-CYSPOYASNA-N,-8.098
PTGS2,c_ARG482,mut_s1,detail,1,157,ODXCWFOKLBJQNP-MPIMZMORNA-N,-9.186
PTGS2,c_ARG482,mut_s1,detail,1,158,FVDNMAPPDSKXKQ-UHFFFAOYNA-N,-8.135
PTGS2,c_ARG482,mut_s1,detail,1,159,DOPWMPRIRWTOOD-CCHPKIMANA-N,-7.95
PTGS2,c_GLN161,mut_s1,detail,1,0,URVMSYHISUZXNH-UYBDAZJANA-N,-9.904
PTGS2,c_GLN161,mut_s1,detail,1,1,KXRPCFINVWWFHQ-UHFFFAOYNA-N,-5.87
PTGS2,c_GLN161,mut_s1,detail,1,2,NICJTSHRYBTHAS-YHMJCDSINA-N,-8.076
PTGS2,c_GLN161,mut_s1,detail,1,3,SWRZVDTZHDWPDS-AWIDAIFANA-N,-8.224
PTGS2,c_GLN161,mut_s1,detail,1,4,RKNSLLSUFWWYCA-UHFFFAOYNA-N,-11.017
PTGS2,c_GLN161,mut_s1,detail,1,5,OZFSIKFTRRUDES-RIYZIHGNNA-N,-7.572
PTGS2,c_GLN161,mut_s1,detail,1,6,AAGGUCRASUJPPN-UHFFFAOYNA-N,-7.83
PTGS2,c_GLN161,mut_s1,detail,1,7,OYHXDPMAFYHDNG-YAQRNVERNA-N,-8.507
PTGS2,c_GLN161,mut_s1,detail,1,8,AWILWAIEQYZUEQ-UHFFFAOYNA-N,-7.675
PTGS2,c_GLN161,mut_s1,detail,1,9,WSFAXHLMQUUHQT-VMPITWQZNA-N,-6.298
PTGS2,c_GLN161,mut_s1,detail,1,10,WPHMTVNOXKBZKN-UHFFFAOYNA-N,-7.212
PTGS2,c_GLN161,mut_s1,detail,1,11,LPEIZNODGHDCCW-UHFFFAOYNA-N,-6.897
PTGS2,c_GLN161,mut_s1,detail,1,12,QQHWWDVSRWOHEP-LILDFLRNNA-N,-8.708
PTGS2,c_GLN161,mut_s1,detail,1,13,UMEVSSPGBFVQNC-UHFFFAOYNA-N,-7.151
PTGS2,c_GLN161,mut_s1,detail,1,14,VZDIOEKWWZRNQN-UHFFFAOYNA-N,-9.55
PTGS2,c_GLN161,mut_s1,detail,1,15,JEVLDOUORFAHRS-NDKGDYFDNA-N,-7.415
PTGS2,c_GLN161,mut_s1,detail,1,16,NFTGJNJRMWUBPG-GPQMBLKYNA-N,-7.13
PTGS2,c_GLN161,mut_s1,detail,1,17,UMUUTEZBWGDVDA-UHFFFAOYNA-N,-8.24
PTGS2,c_GLN161,mut_s1,detail,1,18,VLQKEPLNPGYNDJ-HCKMINDGNA-N,-7.996
PTGS2,c_GLN161,mut_s1,detail,1,19,PPMVTAATPZLMJM-CDDDEJBQNA-N,-8.457
PTGS2,c_GLN161,mut_s1,detail,1,20,AHLYFAKLKLMESK-YAQRNVERNA-N,-7.787
PTGS2,c_GLN161,mut_s1,detail,1,21,GYEJYLAGVWRSIM-KGJHZMDYNA-N,-7.891
PTGS2,c_GLN161,mut_s1,detail,1,22,RXVALSLAUOIYLW-UHFFFAOYNA-N,-7.812
PTGS2,c_GLN161,mut_s1,detail,1,23,NSELYIFATLFDOZ-JLGFQASFNA-N,-8.377
PTGS2,c_GLN161,mut_s1,detail,1,24,COQFBYACOHFCEC-UHFFFAOYNA-N,-7.652
PTGS2,c_GLN161,mut_s1,detail,1,25,CJGJXFCLDYQBFQ-YJGXKCCXNA-N,-8.345
PTGS2,c_GLN161,mut_s1,detail,1,26,BWNGRRJLFYHENY-INIZCTEONA-N,-8.046
PTGS2,c_GLN161,mut_s1,detail,1,27,BNRFXWSJKVJVOF-UYBDAZJANA-N,-9.063
PTGS2,c_GLN161,mut_s1,detail,1,28,DMULMZBZVBBWBY-PJZINPJWNA-N,-9.278
PTGS2,c_GLN161,mut_s1,detail,1,29,AXLAIGJGNKHDPO-UHFFFAOYNA-N,-7.119
PTGS2,c_GLN161,mut_s1,detail,1,30,RKDGAONZEPYEBT-WXRBYKJCNA-N,-7.743
PTGS2,c_GLN161,mut_s1,detail,1,31,MBOYDUZSCSNUQL-MBBDSNKKNA-N,-6.931
PTGS2,c_GLN161,mut_s1,detail,1,32,KPVDBHRTXOFQDK-YAQRNVERNA-N,-6.981
PTGS2,c_GLN161,mut_s1,detail,1,33,LVCNFMYUKISBSB-VJSNTGQMNA-N,-8.422
PTGS2,c_GLN161,mut_s1,detail,1,34,XLAHCIRKLMJUQC-DZQCGVKKNA-N,-10.011
PTGS2,c_GLN161,mut_s1,detail,1,35,QNYHDABGLCBJOE-SHHGZXMVNA-N,-8.807
PTGS2,c_GLN161,mut_s1,detail,1,36,HEKNRISBWSPMOG-OWTLIXCDNA-N,-7.413
PTGS2,c_GLN161,mut_s1,detail,1,37,VIRNXCRLEVZXNX-LILDFLRNNA-N,-9.801
PTGS2,c_GLN161,mut_s1,detail,1,38,SRTGERSEXJGDMR-UHFFFAOYNA-N,-7.744
PTGS2,c_GLN161,mut_s1,detail,1,39,ZGMGSSRLZJYOKH-WXRBYKJCNA-N,-7.616
PTGS2,c_GLN161,mut_s1,detail,1,40,VGYFDFRFGHHCDA-CUTUCBJDNA-N,-9.547
PTGS2,c_GLN161,mut_s1,detail,1,41,DILPMLYWQJPNLO-HCKMINDGNA-N,-8.89
PTGS2,c_GLN161,mut_s1,detail,1,42,RSOODJIGEVJLMK-LQFNOIFHNA-N,-8.814
PTGS2,c_GLN161,mut_s1,detail,1,43,OWHHWMUAYBIQPR-UHFFFAOYNA-N,-9.21
PTGS2,c_GLN161,mut_s1,detail,1,44,KPIKMVZJKZDOFC-UHFFFAOYNA-N,-9.499
PTGS2,c_GLN161,mut_s1,detail,1,45,DIKDKRUREJXLMR-DPMTXJEANA-N,-9.36
PTGS2,c_GLN161,mut_s1,detail,1,46,QRVJDPKQHAVBDK-UYBDAZJANA-N,-7.544
PTGS2,c_GLN161,mut_s1,detail,1,47,SGBSFKSDPWOALT-UYBDAZJANA-N,-8.025
PTGS2,c_GLN161,mut_s1,detail,1,48,CYHFRNFVZWVHCG-OTJKMEOQNA-N,-9.829
PTGS2,c_GLN161,mut_s1,detail,1,49,MJUDQDHXCQONOA-MPIMZMORNA-N,-8.266
PTGS2,c_GLN161,mut_s1,detail,1,50,RNVYRNLUUYNQAS-PKSOQXRJNA-N,-7.457
PTGS2,c_GLN161,mut_s1,detail,1,51,DLZXOZYETDVJEB-QWOVJGMINA-N,-7.974
PTGS2,c_GLN161,mut_s1,detail,1,52,HSICVZRDGBJSEL-GPQMBLKYNA-N,-7.894
PTGS2,c_GLN161,mut_s1,detail,1,53,HMRUHHFLIMYEAF-QNGOCPJXNA-N,-7.858
PTGS2,c_GLN161,mut_s1,detail,1,54,ZZOWQPSBJUXHCA-YSPRVCGUNA-N,-8.932
PTGS2,c_GLN161,mut_s1,detail,1,55,WDDJLHOUFWSQSV-UHFFFAOYNA-N,-7.623
PTGS2,c_GLN161,mut_s1,detail,1,56,UKLIIGXGTPSYBF-IBCWCQIKNA-N,-8.524
PTGS2,c_GLN161,mut_s1,detail,1,57,LNPOBRXJZYGQMS-MOHJPFBDNA-N,-6.804
PTGS2,c_GLN161,mut_s1,detail,1,58,FYILBFPPKIZBTO-UHFFFAOYNA-N,-9.342
PTGS2,c_GLN161,mut_s1,detail,1,59,MIKIJFODTJGFDI-LILDFLRNNA-N,-8.186
PTGS2,c_GLN161,mut_s1,detail,1,60,RUWCNSLWWCWTSU-LILDFLRNNA-N,-8.213
PTGS2,c_GLN161,mut_s1,detail,1,61,KLQWCHKIQJHYIB-UHFFFAOYNA-N,-10.559
PTGS2,c_GLN161,mut_s1,detail,1,62,QKAWGENQCGFAOE-NPVYFSBINA-N,-8.011
PTGS2,c_GLN161,mut_s1,detail,1,63,KGOKCBRZBBEYBE-MMRXBHCZNA-N,-8.733
PTGS2,c_GLN161,mut_s1,detail,1,64,ROFRXCLSWKEWTN-UHFFFAOYNA-N,-5.939
PTGS2,c_GLN161,mut_s1,detail,1,65,AKRMJNKLSCBEME-FPYGCLRLNA-N,-7.406
PTGS2,c_GLN161,mut_s1,detail,1,66,LCGJUJZLLYTYIF-XMFFZCEENA-N,-9.259
PTGS2,c_GLN161,mut_s1,detail,1,67,FREQNFSEYLEFOI-QRCVEOAVNA-N,-8.399
PTGS2,c_GLN161,mut_s1,detail,1,68,MHMINAYLMNBGSM-UHFFFAOYNA-N,-8.379
PTGS2,c_GLN161,mut_s1,detail,1,69,SYMNTBHEGHFZMV-UHFFFAOYNA-N,-7.818
PTGS2,c_GLN161,mut_s1,detail,1,70,NNCRWGMPCGSKOO-LILDFLRNNA-N,-7.155
PTGS2,c_GLN161,mut_s1,detail,1,71,ZCRRNCCNJMRGFI-UHFFFAOYNA-N,-8.579
PTGS2,c_GLN161,mut_s1,detail,1,72,PYVZEIBGEUQNQQ-UHFFFAOYNA-N,-11.608
PTGS2,c_GLN161,mut_s1,detail,1,73,OROJQWVRCGJACT-XBTAAFKLNA-N,-8.71
PTGS2,c_GLN161,mut_s1,detail,1,74,TXYUWXKCUDOUGU-JLGFQASFNA-N,-7.528
PTGS2,c_GLN161,mut_s1,detail,1,75,LAZANALODSEDSE-UHFFFAOYNA-N,-8.799
PTGS2,c_GLN161,mut_s1,detail,1,76,RJXCYVJLXGRCHK-UHFFFAOYNA-N,-7.571
PTGS2,c_GLN161,mut_s1,detail,1,77,FUSKIBWHJAWEFI-IEJAXPBYNA-N,-8.42
PTGS2,c_GLN161,mut_s1,detail,1,78,SGWVLOCBQLQWQV-UHFFFAOYNA-N,-7.459
PTGS2,c_GLN161,mut_s1,detail,1,79,PPXRQTYXLZCDAZ-QWOVJGMINA-N,-9.402
PTGS2,c_GLN161,mut_s1,detail,1,80,DIFBADFWLVYFHV-LELJVTLKNA-N,-7.571
PTGS2,c_GLN161,mut_s1,detail,1,81,XREOSEVJCQGCHE-MHPMNMKGNA-N,-8.617
PTGS2,c_GLN161,mut_s1,detail,1,82,ZHGPKHBXSKWZEQ-UHFFFAOYNA-N,-9.567
PTGS2,c_GLN161,mut_s1,detail,1,83,ZFAYPJJNPSNAFK-UHFFFAOYNA-N,-7.389
PTGS2,c_GLN161,mut_s1,detail,1,84,LTXMRAGWIDQTQT-MYUTVWBTNA-N,-9.788
PTGS2,c_GLN161,mut_s1,detail,1,85,VXQHYHSSGLOALC-SPEPDGBUNA-N,-7.975
PTGS2,c_GLN161,mut_s1,detail,1,86,KWDSFRAWCISROF-PJQSKVNONA-N,-7.224
PTGS2,c_GLN161,mut_s1,detail,1,87,ZJZXSQPHUQUHIV-ZGZFQTMPNA-N,-8.941
PTGS2,c_GLN161,mut_s1,detail,1,88,UYHIVPBYFWVWEJ-UHFFFAOYNA-N,-10.116
PTGS2,c_GLN161,mut_s1,detail,1,89,PLEFJSUCKRWHBY-LNNLXFCONA-N,-7.065
PTGS2,c_GLN161,mut_s1,detail,1,90,DNSRQCRQLKJUCC-PDJAEHLQNA-N,-7.12
PTGS2,c_GLN161,mut_s1,detail,1,91,PHYKZCBUNVYJNH-YDBXFXKPNA-N,-6.326
PTGS2,c_GLN161,mut_s1,detail,1,92,OOUHZBUAVKCDGA-UHFFFAOYNA-N,-6.196
PTGS2,c_GLN161,mut_s1,detail,1,93,UUQDFZFJDFMLHW-UHFFFAOYNA-N,-7.93
PTGS2,c_GLN161,mut_s1,detail,1,94,OOUDDHNLDLLUOL-SKKVRFOWNA-N,-10.075
PTGS2,c_GLN161,mut_s1,detail,1,95,ZDMQSUAMTLXUTE-MPIMZMORNA-N,-8.579
PTGS2,c_GLN161,mut_s1,detail,1,96,NMPLPABDEKPABN-UHFFFAOYNA-N,-9.281
PTGS2,c_GLN161,mut_s1,detail,1,97,INZRHGSVWGRHBM-NPVYFSBINA-N,-9.28
PTGS2,c_GLN161,mut_s1,detail,1,98,RVGCWMKVTAEQIH-LNNLXFCONA-N,-9.568
PTGS2,c_GLN161,mut_s1,detail,1,99,VRXWKRQOVMZBAF-LJQANCHMNA-N,-6.297
PTGS2,c_GLN161,mut_s1,detail,1,100,QACLWOIBBYOHQP-UYBDAZJANA-N,-8.664
PTGS2,c_GLN161,mut_s1,detail,1,101,ZNXSZVFPCBIELQ-LNNLXFCONA-N,-7.182
PTGS2,c_GLN161,mut_s1,detail,1,102,GKMWCCNMKRSQHR-VEKUMTKDNA-N,-6.875
PTGS2,c_GLN161,mut_s1,detail,1,103,FFGUSRSMWFYKGK-SKKVRFOWNA-N,-8.591
PTGS2,c_GLN161,mut_s1,detail,1,104,KXBDDGKXLZBLOM-SPEPDGBUNA-N,-7.237
PTGS2,c_GLN161,mut_s1,detail,1,105,MIUWULAZCXYTJW-MSHHZIMBNA-N,-8.342
PTGS2,c_GLN161,mut_s1,detail,1,106,JPZOYWVRFLZCIC-NJNXFGOHNA-N,-8.024
PTGS2,c_GLN161,mut_s1,detail,1,107,FAIQTLBYDVKBAB-DVIAZDKANA-N,-8.073
PTGS2,c_GLN161,mut_s1,detail,1,108,APFLRZZAOXCNAZ-UHFFFAOYNA-N,-8.453
PTGS2,c_GLN161,mut_s1,detail,1,109,BSQLDSQTGOZBFD-UHFFFAOYNA-N,-6.413
PTGS2,c_GLN161,mut_s1,detail,1,110,ZVVCFJXCDATSCC-UHFFFAOYNA-N,-10.063
PTGS2,c_GLN161,mut_s1,detail,1,111,SKEQTXZATFWVMB-UYBDAZJANA-N,-6.524
PTGS2,c_GLN161,mut_s1,detail,1,112,IATWYRHDJKMBQK-MPIMZMORNA-N,-8.164
PTGS2,c_GLN161,mut_s1,detail,1,113,JPWOEQDCUZCWKT-MPIMZMORNA-N,-5.948
PTGS2,c_GLN161,mut_s1,detail,1,114,RYHSAXRBHDHPPK-PKSOQXRJNA-N,-6.616
PTGS2,c_GLN161,mut_s1,detail,1,115,GKKJWUFVZJJFPG-MPIMZMORNA-N,-7.328
PTGS2,c_GLN161,mut_s1,detail,1,116,FDNZXFDUCINVLY-BDGWVKIONA-N,-8.679
PTGS2,c_GLN161,mut_s1,detail,1,117,KTBYKHKWIFIFAK-UHFFFAOYNA-N,-8.942
PTGS2,c_GLN161,mut_s1,detail,1,118,ZRXZEWGUECXTTQ-LQFNOIFHNA-N,-7.084
PTGS2,c_GLN161,mut_s1,detail,1,119,XNACBBGLIAJNJM-PECIQRARNA-N,-10.55
PTGS2,c_GLN161,mut_s1,detail,1,120,WQZYYJRVBIQUGH-YWZOXAELNA-N,-7.566
PTGS2,c_GLN161,mut_s1,detail,1,121,ABMSRNRLDZVJFV-SWUIVHNENA-N,-9.883
PTGS2,c_GLN161,mut_s1,detail,1,122,ZEACBIUBSOLEGW-QAITUMOCNA-N,-9.894
PTGS2,c_GLN161,mut_s1,detail,1,123,UBFCDXVLKFOOGL-OKPOJWAQNA-N,-9.402
PTGS2,c_GLN161,mut_s1,detail,1,124,RRIHVAFUFDANEX-NSJMMFDCNA-N,-6.235
PTGS2,c_GLN161,mut_s1,detail,1,125,HASIAUWPWKTSBW-SREBMQDQNA-N,-6.944
PTGS2,c_GLN161,mut_s1,detail,1,126,WHBCKYHTCHCHAY-LQFNOIFHNA-N,-7.353
PTGS2,c_GLN161,mut_s1,detail,1,127,XMAYWYJOQHXEEK-JYFHCDHNNA-N,-7.763
PTGS2,c_GLN161,mut_s1,detail,1,128,TVKCFCZANTZCSU-OYRHEFFENA-N,-10.052
PTGS2,c_GLN161,mut_s1,detail,1,129,OJFIIUWPOHBVMH-LNNLXFCONA-N,-5.991
PTGS2,c_GLN161,mut_s1,detail,1,130,DKLZMGFTGWKNCD-DIRLUKLVNA-N,-8.01
PTGS2,c_GLN161,mut_s1,detail,1,131,PYSLGWZFRQWTDD-PWIKPTQSNA-N,-9.786
PTGS2,c_GLN161,mut_s1,detail,1,132,MWMBIUUYBQWKJX-QTUCRYGENA-N,-6.662
PTGS2,c_GLN161,mut_s1,detail,1,133,FLYQFCXTEFTSQN-UHFFFAOYNA-N,-7.254
PTGS2,c_GLN161,mut_s1,detail,1,134,PBIBDSDWIMZYDT-WBWGZOKWNA-N,-7.219
PTGS2,c_GLN161,mut_s1,detail,1,135,GSRWMFGBDLHGBU-YEFLILRRNA-N,-8.005
PTGS2,c_GLN161,mut_s1,detail,1,136,AYIJJQHMZAEQKE-QDAGQJSJNA-N,-8.342
PTGS2,c_GLN161,mut_s1,detail,1,137,JVWTZUKPDMRNDC-FSAKADSPNA-N,-7.906
PTGS2,c_GLN161,mut_s1,detail,1,138,XAZPLOLSRXZDBO-LBZABMTDNA-N,-6.757
PTGS2,c_GLN161,mut_s1,detail,1,139,RGWVFJBNHCWCTL-CFEGKOCINA-N,-9.783
PTGS2,c_GLN161,mut_s1,detail,1,140,YYWNRQZCPIMCAK-UHFFFAOYNA-N,-9.021
PTGS2,c_GLN161,mut_s1,detail,1,141,PBTZDKNKXRSZPM-XBXBPLPCNA-N,-8.61
PTGS2,c_GLN161,mut_s1,detail,1,142,QQPOIMHFFPBDQM-LELJVTLKNA-N,-6.969
PTGS2,c_GLN161,mut_s1,detail,1,143,NYFQURFFDGCBCB-MAQJPOOANA-N,-6.43
PTGS2,c_GLN161,mut_s1,detail,1,144,HXZVHWHABLBWBS-MTTPVDACNA-N,-7.926
PTGS2,c_GLN161,mut_s1,detail,1,145,IWYYSOJWYLZKLK-LELJVTLKNA-N,-6.954
PTGS2,c_GLN161,mut_s1,detail,1,146,HOGUCNPGZXMBGW-UHFFFAOYNA-N,-8.024
PTGS2,c_GLN161,mut_s1,detail,1,147,VITUDJAVASFPKN-DUFUIDNCNA-N,-7.841
PTGS2,c_GLN161,mut_s1,detail,1,148,IXAHDCRYEUYPBG-SCXYCHFONA-N,-8.097
PTGS2,c_GLN161,mut_s1,detail,1,149,JWHMEKMLAZQDNS-OZMOGHDGNA-N,-8.682
PTGS2,c_GLN161,mut_s1,detail,1,150,BZWNBTIJLRHNDZ-LBOYIXSDNA-N,-6.923
PTGS2,c_GLN161,mut_s1,detail,1,151,RECYROBESYRUML-UHFFFAOYNA-N,-7.201
PTGS2,c_GLN161,mut_s1,detail,1,152,MLDSJJJLQRZNKW-UHBIVWOUNA-N,-10.863
PTGS2,c_GLN161,mut_s1,detail,1,153,XTWIHJARHCYNFX-PHXLCVRDNA-N,-9.244
PTGS2,c_GLN161,mut_s1,detail,1,154,UQGFETVWTRDGKJ-UHFFFAOYNA-N,-6.953
PTGS2,c_GLN161,mut_s1,detail,1,155,VJFSMDWEMFOWDK-CYSPOYASNA-N,-8.149
PTGS2,c_GLN161,mut_s1,detail,1,156,NZYLXYBIWNIAGH-CYSPOYASNA-N,-8.698
PTGS2,c_GLN161,mut_s1,detail,1,157,ODXCWFOKLBJQNP-MPIMZMORNA-N,-8.723
PTGS2,c_GLN161,mut_s1,detail,1,158,FVDNMAPPDSKXKQ-UHFFFAOYNA-N,-8.229
PTGS2,c_GLN161,mut_s1,detail,1,159,DOPWMPRIRWTOOD-CCHPKIMANA-N,-8.608
PTGS2,c_ARG89,mut_s1,detail,1,0,URVMSYHISUZXNH-UYBDAZJANA-N,-9.897
PTGS2,c_ARG89,mut_s1,detail,1,1,KXRPCFINVWWFHQ-UHFFFAOYNA-N,-5.862
PTGS2,c_ARG89,mut_s1,detail,1,2,NICJTSHRYBTHAS-YHMJCDSINA-N,-7.836
PTGS2,c_ARG89,mut_s1,detail,1,3,SWRZVDTZHDWPDS-AWIDAIFANA-N,-9.34
PTGS2,c_ARG89,mut_s1,detail,1,4,RKNSLLSUFWWYCA-UHFFFAOYNA-N,-11.018
PTGS2,c_ARG89,mut_s1,detail,1,5,OZFSIKFTRRUDES-RIYZIHGNNA-N,-7.082
PTGS2,c_ARG89,mut_s1,detail,1,6,AAGGUCRASUJPPN-UHFFFAOYNA-N,-7.846
PTGS2,c_ARG89,mut_s1,detail,1,7,OYHXDPMAFYHDNG-YAQRNVERNA-N,-8.254
PTGS2,c_ARG89,mut_s1,detail,1,8,AWILWAIEQYZUEQ-UHFFFAOYNA-N,-7.849
PTGS2,c_ARG89,mut_s1,detail,1,9,WSFAXHLMQUUHQT-VMPITWQZNA-N,-7.785
PTGS2,c_ARG89,mut_s1,detail,1,10,WPHMTVNOXKBZKN-UHFFFAOYNA-N,-7.138
PTGS2,c_ARG89,mut_s1,detail,1,11,LPEIZNODGHDCCW-UHFFFAOYNA-N,-6.788
PTGS2,c_ARG89,mut_s1,detail,1,12,QQHWWDVSRWOHEP-LILDFLRNNA-N,-9.049
PTGS2,c_ARG89,mut_s1,detail,1,13,UMEVSSPGBFVQNC-UHFFFAOYNA-N,-6.969
PTGS2,c_ARG89,mut_s1,detail,1,14,VZDIOEKWWZRNQN-UHFFFAOYNA-N,-9.418
PTGS2,c_ARG89,mut_s1,detail,1,15,JEVLDOUORFAHRS-NDKGDYFDNA-N,-7.251
PTGS2,c_ARG89,mut_s1,detail,1,16,NFTGJNJRMWUBPG-GPQMBLKYNA-N,-7.732
PTGS2,c_ARG89,mut_s1,detail,1,17,UMUUTEZBWGDVDA-UHFFFAOYNA-N,-8.01
PTGS2,c_ARG89,mut_s1,detail,1,18,VLQKEPLNPGYNDJ-HCKMINDGNA-N,-7.834
PTGS2,c_ARG89,mut_s1,detail,1,19,PPMVTAATPZLMJM-CDDDEJBQNA-N,-8.485
PTGS2,c_ARG89,mut_s1,detail,1,20,AHLYFAKLKLMESK-YAQRNVERNA-N,-8.065
PTGS2,c_ARG89,mut_s1,detail,1,21,GYEJYLAGVWRSIM-KGJHZMDYNA-N,-8.008
PTGS2,c_ARG89,mut_s1,detail,1,22,RXVALSLAUOIYLW-UHFFFAOYNA-N,-7.946
PTGS2,c_ARG89,mut_s1,detail,1,23,NSELYIFATLFDOZ-JLGFQASFNA-N,-8.192
PTGS2,c_ARG89,mut_s1,detail,1,24,COQFBYACOHFCEC-UHFFFAOYNA-N,-7.62
PTGS2,c_ARG89,mut_s1,detail,1,25,CJGJXFCLDYQBFQ-YJGXKCCXNA-N,-8.876
PTGS2,c_ARG89,mut_s1,detail,1,26,BWNGRRJLFYHENY-INIZCTEONA-N,-7.78
PTGS2,c_ARG89,mut_s1,detail,1,27,BNRFXWSJKVJVOF-UYBDAZJANA-N,-9.637
PTGS2,c_ARG89,mut_s1,detail,1,28,DMULMZBZVBBWBY-PJZINPJWNA-N,-8.299
PTGS2,c_ARG89,mut_s1,detail,1,29,AXLAIGJGNKHDPO-UHFFFAOYNA-N,-7.262
PTGS2,c_ARG89,mut_s1,detail,1,30,RKDGAONZEPYEBT-WXRBYKJCNA-N,-7.557
PTGS2,c_ARG89,mut_s1,detail,1,31,MBOYDUZSCSNUQL-MBBDSNKKNA-N,-7.504
PTGS2,c_ARG89,mut_s1,detail,1,32,KPVDBHRTXOFQDK-YAQRNVERNA-N,-7.191
PTGS2,c_ARG89,mut_s1,detail,1,33,LVCNFMYUKISBSB-VJSNTGQMNA-N,-8.416
PTGS2,c_ARG89,mut_s1,detail,1,34,XLAHCIRKLMJUQC-DZQCGVKKNA-N,-10.443
PTGS2,c_ARG89,mut_s1,detail,1,35,QNYHDABGLCBJOE-SHHGZXMVNA-N,-8.969
PTGS2,c_ARG89,mut_s1,detail,1,36,HEKNRISBWSPMOG-OWTLIXCDNA-N,-7.196
PTGS2,c_ARG89,mut_s1,detail,1,37,VIRNXCRLEVZXNX-LILDFLRNNA-N,-9.422
PTGS2,c_ARG89,mut_s1,detail,1,38,SRTGERSEXJGDMR-UHFFFAOYNA-N,-7.51
PTGS2,c_ARG89,mut_s1,detail,1,39,ZGMGSSRLZJYOKH-WXRBYKJCNA-N,-7.669
PTGS2,c_ARG89,mut_s1,detail,1,40,VGYFDFRFGHHCDA-CUTUCBJDNA-N,-9.654
PTGS2,c_ARG89,mut_s1,detail,1,41,DILPMLYWQJPNLO-HCKMINDGNA-N,-9.601
PTGS2,c_ARG89,mut_s1,detail,1,42,RSOODJIGEVJLMK-LQFNOIFHNA-N,-9.907
PTGS2,c_ARG89,mut_s1,detail,1,43,OWHHWMUAYBIQPR-UHFFFAOYNA-N,-9.689
PTGS2,c_ARG89,mut_s1,detail,1,44,KPIKMVZJKZDOFC-UHFFFAOYNA-N,-9.568
PTGS2,c_ARG89,mut_s1,detail,1,45,DIKDKRUREJXLMR-DPMTXJEANA-N,-9.967
PTGS2,c_ARG89,mut_s1,detail,1,46,QRVJDPKQHAVBDK-UYBDAZJANA-N,-8.943
PTGS2,c_ARG89,mut_s1,detail,1,47,SGBSFKSDPWOALT-UYBDAZJANA-N,-8.74
PTGS2,c_ARG89,mut_s1,detail,1,48,CYHFRNFVZWVHCG-OTJKMEOQNA-N,-9.422
PTGS2,c_ARG89,mut_s1,detail,1,49,MJUDQDHXCQONOA-MPIMZMORNA-N,-9.292
PTGS2,c_ARG89,mut_s1,detail,1,50,RNVYRNLUUYNQAS-PKSOQXRJNA-N,-8.601
PTGS2,c_ARG89,mut_s1,detail,1,51,DLZXOZYETDVJEB-QWOVJGMINA-N,-8.06
PTGS2,c_ARG89,mut_s1,detail,1,52,HSICVZRDGBJSEL-GPQMBLKYNA-N,-9.61
PTGS2,c_ARG89,mut_s1,detail,1,53,HMRUHHFLIMYEAF-QNGOCPJXNA-N,-7.597
PTGS2,c_ARG89,mut_s1,detail,1,54,ZZOWQPSBJUXHCA-YSPRVCGUNA-N,-9.731
PTGS2,c_ARG89,mut_s1,detail,1,55,WDDJLHOUFWSQSV-UHFFFAOYNA-N,-10.07
PTGS2,c_ARG89,mut_s1,detail,1,56,UKLIIGXGTPSYBF-IBCWCQIKNA-N,-8.002
PTGS2,c_ARG89,mut_s1,detail,1,57,LNPOBRXJZYGQMS-MOHJPFBDNA-N,-8.928
PTGS2,c_ARG89,mut_s1,detail,1,58,FYILBFPPKIZBTO-UHFFFAOYNA-N,-9.106
PTGS2,c_ARG89,mut_s1,detail,1,59,MIKIJFODTJGFDI-LILDFLRNNA-N,-8.863
PTGS2,c_ARG89,mut_s1,detail,1,60,RUWCNSLWWCWTSU-LILDFLRNNA-N,-9.032
PTGS2,c_ARG89,mut_s1,detail,1,61,KLQWCHKIQJHYIB-UHFFFAOYNA-N,-10.736
PTGS2,c_ARG89,mut_s1,detail,1,62,QKAWGENQCGFAOE-NPVYFSBINA-N,-8.908
PTGS2,c_ARG89,mut_s1,detail,1,63,KGOKCBRZBBEYBE-MMRXBHCZNA-N,-9.877
PTGS2,c_ARG89,mut_s1,detail,1,64,ROFRXCLSWKEWTN-UHFFFAOYNA-N,-7.368
PTGS2,c_ARG89,mut_s1,detail,1,65,AKRMJNKLSCBEME-FPYGCLRLNA-N,-8.002
PTGS2,c_ARG89,mut_s1,detail,1,66,LCGJUJZLLYTYIF-XMFFZCEENA-N,-9.05
PTGS2,c_ARG89,mut_s1,detail,1,67,FREQNFSEYLEFOI-QRCVEOAVNA-N,-8.743
PTGS2,c_ARG89,mut_s1,detail,1,68,MHMINAYLMNBGSM-UHFFFAOYNA-N,-8.322
PTGS2,c_ARG89,mut_s1,detail,1,69,SYMNTBHEGHFZMV-UHFFFAOYNA-N,-8.099
PTGS2,c_ARG89,mut_s1,detail,1,70,NNCRWGMPCGSKOO-LILDFLRNNA-N,-7.992
PTGS2,c_ARG89,mut_s1,detail,1,71,ZCRRNCCNJMRGFI-UHFFFAOYNA-N,-10.231
PTGS2,c_ARG89,mut_s1,detail,1,72,PYVZEIBGEUQNQQ-UHFFFAOYNA-N,-11.107
PTGS2,c_ARG89,mut_s1,detail,1,73,OROJQWVRCGJACT-XBTAAFKLNA-N,-10.114
PTGS2,c_ARG89,mut_s1,detail,1,74,TXYUWXKCUDOUGU-JLGFQASFNA-N,-7.568
PTGS2,c_ARG89,mut_s1,detail,1,75,LAZANALODSEDSE-UHFFFAOYNA-N,-8.181
PTGS2,c_ARG89,mut_s1,detail,1,76,RJXCYVJLXGRCHK-UHFFFAOYNA-N,-9.313
PTGS2,c_ARG89,mut_s1,detail,1,77,FUSKIBWHJAWEFI-IEJAXPBYNA-N,-8.287
PTGS2,c_ARG89,mut_s1,detail,1,78,SGWVLOCBQLQWQV-UHFFFAOYNA-N,-9.159
PTGS2,c_ARG89,mut_s1,detail,1,79,PPXRQTYXLZCDAZ-QWOVJGMINA-N,-9.118
PTGS2,c_ARG89,mut_s1,detail,1,80,DIFBADFWLVYFHV-LELJVTLKNA-N,-9.577
PTGS2,c_ARG89,mut_s1,detail,1,81,XREOSEVJCQGCHE-MHPMNMKGNA-N,-10.17
PTGS2,c_ARG89,mut_s1,detail,1,82,ZHGPKHBXSKWZEQ-UHFFFAOYNA-N,-9.182
PTGS2,c_ARG89,mut_s1,detail,1,83,ZFAYPJJNPSNAFK-UHFFFAOYNA-N,-9.445
PTGS2,c_ARG89,mut_s1,detail,1,84,LTXMRAGWIDQTQT-MYUTVWBTNA-N,-10.305
PTGS2,c_ARG89,mut_s1,detail,1,85,VXQHYHSSGLOALC-SPEPDGBUNA-N,-9.946
PTGS2,c_ARG89,mut_s1,detail,1,86,KWDSFRAWCISROF-PJQSKVNONA-N,-9.691
PTGS2,c_ARG89,mut_s1,detail,1,87,ZJZXSQPHUQUHIV-ZGZFQTMPNA-N,-9.489
PTGS2,c_ARG89,mut_s1,detail,1,88,UYHIVPBYFWVWEJ-UHFFFAOYNA-N,-8.982
PTGS2,c_ARG89,mut_s1,detail,1,89,PLEFJSUCKRWHBY-LNNLXFCONA-N,-7.793
PTGS2,c_ARG89,mut_s1,detail,1,90,DNSRQCRQLKJUCC-PDJAEHLQNA-N,-9.784
PTGS2,c_ARG89,mut_s1,detail,1,91,PHYKZCBUNVYJNH-YDBXFXKPNA-N,-7.736
PTGS2,c_ARG89,mut_s1,detail,1,92,OOUHZBUAVKCDGA-UHFFFAOYNA-N,-9.254
PTGS2,c_ARG89,mut_s1,detail,1,93,UUQDFZFJDFMLHW-UHFFFAOYNA-N,-8.725
PTGS2,c_ARG89,mut_s1,detail,1,94,OOUDDHNLDLLUOL-SKKVRFOWNA-N,-9.289
PTGS2,c_ARG89,mut_s1,detail,1,95,ZDMQSUAMTLXUTE-MPIMZMORNA-N,-10.034
PTGS2,c_ARG89,mut_s1,detail,1,96,NMPLPABDEKPABN-UHFFFAOYNA-N,-9.459
PTGS2,c_ARG89,mut_s1,detail,1,97,INZRHGSVWGRHBM-NPVYFSBINA-N,-9.738
PTGS2,c_ARG89,mut_s1,detail,1,98,RVGCWMKVTAEQIH-LNNLXFCONA-N,-9.652
PTGS2,c_ARG89,mut_s1,detail,1,99,VRXWKRQOVMZBAF-LJQANCHMNA-N,-8.302
PTGS2,c_ARG89,mut_s1,detail,1,100,QACLWOIBBYOHQP-UYBDAZJANA-N,-7.999
PTGS2,c_ARG89,mut_s1,detail,1,101,ZNXSZVFPCBIELQ-LNNLXFCONA-N,-8.656
PTGS2,c_ARG89,mut_s1,detail,1,102,GKMWCCNMKRSQHR-VEKUMTKDNA-N,-10.379
PTGS2,c_ARG89,mut_s1,detail,1,103,FFGUSRSMWFYKGK-SKKVRFOWNA-N,-9.684
PTGS2,c_ARG89,mut_s1,detail,1,104,KXBDDGKXLZBLOM-SPEPDGBUNA-N,-8.759
PTGS2,c_ARG89,mut_s1,detail,1,105,MIUWULAZCXYTJW-MSHHZIMBNA-N,-11.302
PTGS2,c_ARG89,mut_s1,detail,1,106,JPZOYWVRFLZCIC-NJNXFGOHNA-N,-9.582
PTGS2,c_ARG89,mut_s1,detail,1,107,FAIQTLBYDVKBAB-DVIAZDKANA-N,-9.375
PTGS2,c_ARG89,mut_s1,detail,1,108,APFLRZZAOXCNAZ-UHFFFAOYNA-N,-9.751
PTGS2,c_ARG89,mut_s1,detail,1,109,BSQLDSQTGOZBFD-UHFFFAOYNA-N,-7.211
PTGS2,c_ARG89,mut_s1,detail,1,110,ZVVCFJXCDATSCC-UHFFFAOYNA-N,-9.713
PTGS2,c_ARG89,mut_s1,detail,1,111,SKEQTXZATFWVMB-UYBDAZJANA-N,-7.912
PTGS2,c_ARG89,mut_s1,detail,1,112,IATWYRHDJKMBQK-MPIMZMORNA-N,-8.32
PTGS2,c_ARG89,mut_s1,detail,1,113,JPWOEQDCUZCWKT-MPIMZMORNA-N,-7.979
PTGS2,c_ARG89,mut_s1,detail,1,114,RYHSAXRBHDHPPK-PKSOQXRJNA-N,-8.345
PTGS2,c_ARG89,mut_s1,detail,1,115,GKKJWUFVZJJFPG-MPIMZMORNA-N,-10.132
PTGS2,c_ARG89,mut_s1,detail,1,116,FDNZXFDUCINVLY-BDGWVKIONA-N,-8.94
PTGS2,c_ARG89,mut_s1,detail,1,117,KTBYKHKWIFIFAK-UHFFFAOYNA-N,-10.739
PTGS2,c_ARG89,mut_s1,detail,1,118,ZRXZEWGUECXTTQ-LQFNOIFHNA-N,-9.925
PTGS2,c_ARG89,mut_s1,detail,1,119,XNACBBGLIAJNJM-PECIQRARNA-N,-10.383
PTGS2,c_ARG89,mut_s1,detail,1,120,WQZYYJRVBIQUGH-YWZOXAELNA-N,-8.963
PTGS2,c_ARG89,mut_s1,detail,1,121,ABMSRNRLDZVJFV-SWUIVHNENA-N,-9.221
PTGS2,c_ARG89,mut_s1,detail,1,122,ZEACBIUBSOLEGW-QAITUMOCNA-N,-11.569
PTGS2,c_ARG89,mut_s1,detail,1,123,UBFCDXVLKFOOGL-OKPOJWAQNA-N,-9.995
PTGS2,c_ARG89,mut_s1,detail,1,124,RRIHVAFUFDANEX-NSJMMFDCNA-N,-10.39
PTGS2,c_ARG89,mut_s1,detail,1,125,HASIAUWPWKTSBW-SREBMQDQNA-N,-8.811
PTGS2,c_ARG89,mut_s1,detail,1,126,WHBCKYHTCHCHAY-LQFNOIFHNA-N,-7.735
PTGS2,c_ARG89,mut_s1,detail,1,127,XMAYWYJOQHXEEK-JYFHCDHNNA-N,-9.963
PTGS2,c_ARG89,mut_s1,detail,1,128,TVKCFCZANTZCSU-OYRHEFFENA-N,-11.713
PTGS2,c_ARG89,mut_s1,detail,1,129,OJFIIUWPOHBVMH-LNNLXFCONA-N,-9.495
PTGS2,c_ARG89,mut_s1,detail,1,130,DKLZMGFTGWKNCD-DIRLUKLVNA-N,-10.174
PTGS2,c_ARG89,mut_s1,detail,1,131,PYSLGWZFRQWTDD-PWIKPTQSNA-N,-11.071
PTGS2,c_ARG89,mut_s1,detail,1,132,MWMBIUUYBQWKJX-QTUCRYGENA-N,-8.904
PTGS2,c_ARG89,mut_s1,detail,1,133,FLYQFCXTEFTSQN-UHFFFAOYNA-N,-9.243
PTGS2,c_ARG89,mut_s1,detail,1,134,PBIBDSDWIMZYDT-WBWGZOKWNA-N,-10.794
PTGS2,c_ARG89,mut_s1,detail,1,135,GSRWMFGBDLHGBU-YEFLILRRNA-N,-9.455
PTGS2,c_ARG89,mut_s1,detail,1,136,AYIJJQHMZAEQKE-QDAGQJSJNA-N,-7.127
PTGS2,c_ARG89,mut_s1,detail,1,137,JVWTZUKPDMRNDC-FSAKADSPNA-N,-11.071
PTGS2,c_ARG89,mut_s1,detail,1,138,XAZPLOLSRXZDBO-LBZABMTDNA-N,-6.972
PTGS2,c_ARG89,mut_s1,detail,1,139,RGWVFJBNHCWCTL-CFEGKOCINA-N,-9.542
PTGS2,c_ARG89,mut_s1,detail,1,140,YYWNRQZCPIMCAK-UHFFFAOYNA-N,-9.716
PTGS2,c_ARG89,mut_s1,detail,1,141,PBTZDKNKXRSZPM-XBXBPLPCNA-N,-10.464
PTGS2,c_ARG89,mut_s1,detail,1,142,QQPOIMHFFPBDQM-LELJVTLKNA-N,-7.887
PTGS2,c_ARG89,mut_s1,detail,1,143,NYFQURFFDGCBCB-MAQJPOOANA-N,-7.6
PTGS2,c_ARG89,mut_s1,detail,1,144,HXZVHWHABLBWBS-MTTPVDACNA-N,-10.368
PTGS2,c_ARG89,mut_s1,detail,1,145,IWYYSOJWYLZKLK-LELJVTLKNA-N,-8.71
PTGS2,c_ARG89,mut_s1,detail,1,146,HOGUCNPGZXMBGW-UHFFFAOYNA-N,-9.206
PTGS2,c_ARG89,mut_s1,detail,1,147,VITUDJAVASFPKN-DUFUIDNCNA-N,-8.6
PTGS2,c_ARG89,mut_s1,detail,1,148,IXAHDCRYEUYPBG-SCXYCHFONA-N,-12.353
PTGS2,c_ARG89,mut_s1,detail,1,149,JWHMEKMLAZQDNS-OZMOGHDGNA-N,-8.766
PTGS2,c_ARG89,mut_s1,detail,1,150,BZWNBTIJLRHNDZ-LBOYIXSDNA-N,-9.323
PTGS2,c_ARG89,mut_s1,detail,1,151,RECYROBESYRUML-UHFFFAOYNA-N,-7.524
PTGS2,c_ARG89,mut_s1,detail,1,152,MLDSJJJLQRZNKW-UHBIVWOUNA-N,-10.882
PTGS2,c_ARG89,mut_s1,detail,1,153,XTWIHJARHCYNFX-PHXLCVRDNA-N,-9.527
PTGS2,c_ARG89,mut_s1,detail,1,154,UQGFETVWTRDGKJ-UHFFFAOYNA-N,-9.468
PTGS2,c_ARG89,mut_s1,detail,1,155,VJFSMDWEMFOWDK-CYSPOYASNA-N,-9.077
PTGS2,c_ARG89,mut_s1,detail,1,156,NZYLXYBIWNIAGH-CYSPOYASNA-N,-10.453
PTGS2,c_ARG89,mut_s1,detail,1,157,ODXCWFOKLBJQNP-MPIMZMORNA-N,-8.921
PTGS2,c_ARG89,mut_s1,detail,1,158,FVDNMAPPDSKXKQ-UHFFFAOYNA-N,-10.952
PTGS2,c_ARG89,mut_s1,detail,1,159,DOPWMPRIRWTOOD-CCHPKIMANA-N,-11.345
PTGS2,c_TYR354,mut_s1,detail,1,0,URVMSYHISUZXNH-UYBDAZJANA-N,-10.019
PTGS2,c_TYR354,mut_s1,detail,1,1,KXRPCFINVWWFHQ-UHFFFAOYNA-N,-5.773
PTGS2,c_TYR354,mut_s1,detail,1,2,NICJTSHRYBTHAS-YHMJCDSINA-N,-8.335
PTGS2,c_TYR354,mut_s1,detail,1,3,SWRZVDTZHDWPDS-AWIDAIFANA-N,-9.345
PTGS2,c_TYR354,mut_s1,detail,1,4,RKNSLLSUFWWYCA-UHFFFAOYNA-N,-10.825
PTGS2,c_TYR354,mut_s1,detail,1,5,OZFSIKFTRRUDES-RIYZIHGNNA-N,-7.507
PTGS2,c_TYR354,mut_s1,detail,1,6,AAGGUCRASUJPPN-UHFFFAOYNA-N,-9.208
PTGS2,c_TYR354,mut_s1,detail,1,7,OYHXDPMAFYHDNG-YAQRNVERNA-N,-8.948
PTGS2,c_TYR354,mut_s1,detail,1,8,AWILWAIEQYZUEQ-UHFFFAOYNA-N,-7.918
PTGS2,c_TYR354,mut_s1,detail,1,9,WSFAXHLMQUUHQT-VMPITWQZNA-N,-9.09
PTGS2,c_TYR354,mut_s1,detail,1,10,WPHMTVNOXKBZKN-UHFFFAOYNA-N,-7.238
PTGS2,c_TYR354,mut_s1,detail,1,11,LPEIZNODGHDCCW-UHFFFAOYNA-N,-6.906
PTGS2,c_TYR354,mut_s1,detail,1,12,QQHWWDVSRWOHEP-LILDFLRNNA-N,-9.59
PTGS2,c_TYR354,mut_s1,detail,1,13,UMEVSSPGBFVQNC-UHFFFAOYNA-N,-7.199
PTGS2,c_TYR354,mut_s1,detail,1,14,VZDIOEKWWZRNQN-UHFFFAOYNA-N,-10.171
PTGS2,c_TYR354,mut_s1,detail,1,15,JEVLDOUORFAHRS-NDKGDYFDNA-N,-7.908
PTGS2,c_TYR354,mut_s1,detail,1,16,NFTGJNJRMWUBPG-GPQMBLKYNA-N,-9.167
PTGS2,c_TYR354,mut_s1,detail,1,17,UMUUTEZBWGDVDA-UHFFFAOYNA-N,-8.367
PTGS2,c_TYR354,mut_s1,detail,1,18,VLQKEPLNPGYNDJ-HCKMINDGNA-N,-8.753
PTGS2,c_TYR354,mut_s1,detail,1,19,PPMVTAATPZLMJM-CDDDEJBQNA-N,-8.563
PTGS2,c_TYR354,mut_s1,detail,1,20,AHLYFAKLKLMESK-YAQRNVERNA-N,-7.98
PTGS2,c_TYR354,mut_s1,detail,1,21,GYEJYLAGVWRSIM-KGJHZMDYNA-N,-8.097
PTGS2,c_TYR354,mut_s1,detail,1,22,RXVALSLAUOIYLW-UHFFFAOYNA-N,-7.679
PTGS2,c_TYR354,mut_s1,detail,1,23,NSELYIFATLFDOZ-JLGFQASFNA-N,-9.39
PTGS2,c_TYR354,mut_s1,detail,1,24,COQFBYACOHFCEC-UHFFFAOYNA-N,-7.42
PTGS2,c_TYR354,mut_s1,detail,1,25,CJGJXFCLDYQBFQ-YJGXKCCXNA-N,-9.763
PTGS2,c_TYR354,mut_s1,detail,1,26,BWNGRRJLFYHENY-INIZCTEONA-N,-8.477
PTGS2,c_TYR354,mut_s1,detail,1,27,BNRFXWSJKVJVOF-UYBDAZJANA-N,-9.93
PTGS2,c_TYR354,mut_s1,detail,1,28,DMULMZBZVBBWBY-PJZINPJWNA-N,-9.597
PTGS2,c_TYR354,mut_s1,detail,1,29,AXLAIGJGNKHDPO-UHFFFAOYNA-N,-7.382
PTGS2,c_TYR354,mut_s1,detail,1,30,RKDGAONZEPYEBT-WXRBYKJCNA-N,-7.814
PTGS2,c_TYR354,mut_s1,detail,1,31,MBOYDUZSCSNUQL-MBBDSNKKNA-N,-9.056
PTGS2,c_TYR354,mut_s1,detail,1,32,KPVDBHRTXOFQDK-YAQRNVERNA-N,-8.022
PTGS2,c_TYR354,mut_s1,detail,1,33,LVCNFMYUKISBSB-VJSNTGQMNA-N,-8.498
PTGS2,c_TYR354,mut_s1,detail,1,34,XLAHCIRKLMJUQC-DZQCGVKKNA-N,-9.985
PTGS2,c_TYR354,mut_s1,detail,1,35,QNYHDABGLCBJOE-SHHGZXMVNA-N,-10.388
PTGS2,c_TYR354,mut_s1,detail,1,36,HEKNRISBWSPMOG-OWTLIXCDNA-N,-7.276
PTGS2,c_TYR354,mut_s1,detail,1,37,VIRNXCRLEVZXNX-LILDFLRNNA-N,-10.25
PTGS2,c_TYR354,mut_s1,detail,1,38,SRTGERSEXJGDMR-UHFFFAOYNA-N,-7.712
PTGS2,c_TYR354,mut_s1,detail,1,39,ZGMGSSRLZJYOKH-WXRBYKJCNA-N,-7.644
PTGS2,c_TYR354,mut_s1,detail,1,40,VGYFDFRFGHHCDA-CUTUCBJDNA-N,-10.961
PTGS2,c_TYR354,mut_s1,detail,1,41,DILPMLYWQJPNLO-HCKMINDGNA-N,-9.797
PTGS2,c_TYR354,mut_s1,detail,1,42,RSOODJIGEVJLMK-LQFNOIFHNA-N,-11.341
PTGS2,c_TYR354,mut_s1,detail,1,43,OWHHWMUAYBIQPR-UHFFFAOYNA-N,-11.059
PTGS2,c_TYR354,mut_s1,detail,1,44,KPIKMVZJKZDOFC-UHFFFAOYNA-N,-9.931
PTGS2,c_TYR354,mut_s1,detail,1,45,DIKDKRUREJXLMR-DPMTXJEANA-N,-9.319
PTGS2,c_TYR354,mut_s1,detail,1,46,QRVJDPKQHAVBDK-UYBDAZJANA-N,-7.938
PTGS2,c_TYR354,mut_s1,detail,1,47,SGBSFKSDPWOALT-UYBDAZJANA-N,-10.479
PTGS2,c_TYR354,mut_s1,detail,1,48,CYHFRNFVZWVHCG-OTJKMEOQNA-N,-9.686
PTGS2,c_TYR354,mut_s1,detail,1,49,MJUDQDHXCQONOA-MPIMZMORNA-N,-9.651
PTGS2,c_TYR354,mut_s1,detail,1,50,RNVYRNLUUYNQAS-PKSOQXRJNA-N,-9.064
PTGS2,c_TYR354,mut_s1,detail,1,51,DLZXOZYETDVJEB-QWOVJGMINA-N,-8.127
PTGS2,c_TYR354,mut_s1,detail,1,52,HSICVZRDGBJSEL-GPQMBLKYNA-N,-8.108
PTGS2,c_TYR354,mut_s1,detail,1,53,HMRUHHFLIMYEAF-QNGOCPJXNA-N,-7.617
PTGS2,c_TYR354,mut_s1,detail,1,54,ZZOWQPSBJUXHCA-YSPRVCGUNA-N,-9.499
PTGS2,c_TYR354,mut_s1,detail,1,55,WDDJLHOUFWSQSV-UHFFFAOYNA-N,-11.896
PTGS2,c_TYR354,mut_s1,detail,1,56,UKLIIGXGTPSYBF-IBCWCQIKNA-N,-8.606
PTGS2,c_TYR354,mut_s1,detail,1,57,LNPOBRXJZYGQMS-MOHJPFBDNA-N,-9.915
PTGS2,c_TYR354,mut_s1,detail,1,58,FYILBFPPKIZBTO-UHFFFAOYNA-N,-9.361
PTGS2,c_TYR354,mut_s1,detail,1,59,MIKIJFODTJGFDI-LILDFLRNNA-N,-9.835
PTGS2,c_TYR354,mut_s1,detail,1,60,RUWCNSLWWCWTSU-LILDFLRNNA-N,-8.003
PTGS2,c_TYR354,mut_s1,detail,1,61,KLQWCHKIQJHYIB-UHFFFAOYNA-N,-10.43
PTGS2,c_TYR354,mut_s1,detail,1,62,QKAWGENQCGFAOE-NPVYFSBINA-N,-9.197
PTGS2,c_TYR354,mut_s1,detail,1,63,KGOKCBRZBBEYBE-MMRXBHCZNA-N,-10.25
PTGS2,c_TYR354,mut_s1,detail,1,64,ROFRXCLSWKEWTN-UHFFFAOYNA-N,-8.831
PTGS2,c_TYR354,mut_s1,detail,1,65,AKRMJNKLSCBEME-FPYGCLRLNA-N,-8.759
PTGS2,c_TYR354,mut_s1,detail,1,66,LCGJUJZLLYTYIF-XMFFZCEENA-N,-10.121
PTGS2,c_TYR354,mut_s1,detail,1,67,FREQNFSEYLEFOI-QRCVEOAVNA-N,-9.585
PTGS2,c_TYR354,mut_s1,detail,1,68,MHMINAYLMNBGSM-UHFFFAOYNA-N,-8.307
PTGS2,c_TYR354,mut_s1,detail,1,69,SYMNTBHEGHFZMV-UHFFFAOYNA-N,-8.981
PTGS2,c_TYR354,mut_s1,detail,1,70,NNCRWGMPCGSKOO-LILDFLRNNA-N,-7.637
PTGS2,c_TYR354,mut_s1,detail,1,71,ZCRRNCCNJMRGFI-UHFFFAOYNA-N,-10.591
PTGS2,c_TYR354,mut_s1,detail,1,72,PYVZEIBGEUQNQQ-UHFFFAOYNA-N,-11.53
PTGS2,c_TYR354,mut_s1,detail,1,73,OROJQWVRCGJACT-XBTAAFKLNA-N,-10.236
PTGS2,c_TYR354,mut_s1,detail,1,74,TXYUWXKCUDOUGU-JLGFQASFNA-N,-8.294
PTGS2,c_TYR354,mut_s1,detail,1,75,LAZANALODSEDSE-UHFFFAOYNA-N,-8.681
PTGS2,c_TYR354,mut_s1,detail,1,76,RJXCYVJLXGRCHK-UHFFFAOYNA-N,-12.178
PTGS2,c_TYR354,mut_s1,detail,1,77,FUSKIBWHJAWEFI-IEJAXPBYNA-N,-9.691
PTGS2,c_TYR354,mut_s1,detail,1,78,SGWVLOCBQLQWQV-UHFFFAOYNA-N,-10.068
PTGS2,c_TYR354,mut_s1,detail,1,79,PPXRQTYXLZCDAZ-QWOVJGMINA-N,-10.015
PTGS2,c_TYR354,mut_s1,detail,1,80,DIFBADFWLVYFHV-LELJVTLKNA-N,-9.329
PTGS2,c_TYR354,mut_s1,detail,1,81,XREOSEVJCQGCHE-MHPMNMKGNA-N,-9.624
PTGS2,c_TYR354,mut_s1,detail,1,82,ZHGPKHBXSKWZEQ-UHFFFAOYNA-N,-9.742
PTGS2,c_TYR354,mut_s1,detail,1,83,ZFAYPJJNPSNAFK-UHFFFAOYNA-N,-7.992
PTGS2,c_TYR354,mut_s1,detail,1,84,LTXMRAGWIDQTQT-MYUTVWBTNA-N,-9.795
PTGS2,c_TYR354,mut_s1,detail,1,85,VXQHYHSSGLOALC-SPEPDGBUNA-N,-8.727
PTGS2,c_TYR354,mut_s1,detail,1,86,KWDSFRAWCISROF-PJQSKVNONA-N,-7.766
PTGS2,c_TYR354,mut_s1,detail,1,87,ZJZXSQPHUQUHIV-ZGZFQTMPNA-N,-11.165
PTGS2,c_TYR354,mut_s1,detail,1,88,UYHIVPBYFWVWEJ-UHFFFAOYNA-N,-9.138
PTGS2,c_TYR354,mut_s1,detail,1,89,PLEFJSUCKRWHBY-LNNLXFCONA-N,-7.522
PTGS2,c_TYR354,mut_s1,detail,1,90,DNSRQCRQLKJUCC-PDJAEHLQNA-N,-9.136
PTGS2,c_TYR354,mut_s1,detail,1,91,PHYKZCBUNVYJNH-YDBXFXKPNA-N,-8.342
PTGS2,c_TYR354,mut_s1,detail,1,92,OOUHZBUAVKCDGA-UHFFFAOYNA-N,-10.034
PTGS2,c_TYR354,mut_s1,detail,1,93,UUQDFZFJDFMLHW-UHFFFAOYNA-N,-9.28
PTGS2,c_TYR354,mut_s1,detail,1,94,OOUDDHNLDLLUOL-SKKVRFOWNA-N,-9.44
PTGS2,c_TYR354,mut_s1,detail,1,95,ZDMQSUAMTLXUTE-MPIMZMORNA-N,-9.834
PTGS2,c_TYR354,mut_s1,detail,1,96,NMPLPABDEKPABN-UHFFFAOYNA-N,-8.651
PTGS2,c_TYR354,mut_s1,detail,1,97,INZRHGSVWGRHBM-NPVYFSBINA-N,-10.165
PTGS2,c_TYR354,mut_s1,detail,1,98,RVGCWMKVTAEQIH-LNNLXFCONA-N,-10.334
PTGS2,c_TYR354,mut_s1,detail,1,99,VRXWKRQOVMZBAF-LJQANCHMNA-N,-6.717
PTGS2,c_TYR354,mut_s1,detail,1,100,QACLWOIBBYOHQP-UYBDAZJANA-N,-9.699
PTGS2,c_TYR354,mut_s1,detail,1,101,ZNXSZVFPCBIELQ-LNNLXFCONA-N,-9.263
PTGS2,c_TYR354,mut_s1,detail,1,102,GKMWCCNMKRSQHR-VEKUMTKDNA-N,-8.302
PTGS2,c_TYR354,mut_s1,detail,1,103,FFGUSRSMWFYKGK-SKKVRFOWNA-N,-8.769
PTGS2,c_TYR354,mut_s1,detail,1,104,KXBDDGKXLZBLOM-SPEPDGBUNA-N,-9.373
PTGS2,c_TYR354,mut_s1,detail,1,105,MIUWULAZCXYTJW-MSHHZIMBNA-N,-8.385
PTGS2,c_TYR354,mut_s1,detail,1,106,JPZOYWVRFLZCIC-NJNXFGOHNA-N,-12.033
PTGS2,c_TYR354,mut_s1,detail,1,107,FAIQTLBYDVKBAB-DVIAZDKANA-N,-9.239
PTGS2,c_TYR354,mut_s1,detail,1,108,APFLRZZAOXCNAZ-UHFFFAOYNA-N,-9.049
PTGS2,c_TYR354,mut_s1,detail,1,109,BSQLDSQTGOZBFD-UHFFFAOYNA-N,-6.644
PTGS2,c_TYR354,mut_s1,detail,1,110,ZVVCFJXCDATSCC-UHFFFAOYNA-N,-10.616
PTGS2,c_TYR354,mut_s1,detail,1,111,SKEQTXZATFWVMB-UYBDAZJANA-N,-8.215
PTGS2,c_TYR354,mut_s1,detail,1,112,IATWYRHDJKMBQK-MPIMZMORNA-N,-9.547
PTGS2,c_TYR354,mut_s1,detail,1,113,JPWOEQDCUZCWKT-MPIMZMORNA-N,-8.221
PTGS2,c_TYR354,mut_s1,detail,1,114,RYHSAXRBHDHPPK-PKSOQXRJNA-N,-9.859
PTGS2,c_TYR354,mut_s1,detail,1,115,GKKJWUFVZJJFPG-MPIMZMORNA-N,-9.881
PTGS2,c_TYR354,mut_s1,detail,1,116,FDNZXFDUCINVLY-BDGWVKIONA-N,-8.901
PTGS2,c_TYR354,mut_s1,detail,1,117,KTBYKHKWIFIFAK-UHFFFAOYNA-N,-10.091
PTGS2,c_TYR354,mut_s1,detail,1,118,ZRXZEWGUECXTTQ-LQFNOIFHNA-N,-8.264
PTGS2,c_TYR354,mut_s1,detail,1,119,XNACBBGLIAJNJM-PECIQRARNA-N,-10.753
PTGS2,c_TYR354,mut_s1,detail,1,120,WQZYYJRVBIQUGH-YWZOXAELNA-N,-9.671
PTGS2,c_TYR354,mut_s1,detail,1,121,ABMSRNRLDZVJFV-SWUIVHNENA-N,-8.942
PTGS2,c_TYR354,mut_s1,detail,1,122,ZEACBIUBSOLEGW-QAITUMOCNA-N,-10.906
PTGS2,c_TYR354,mut_s1,detail,1,123,UBFCDXVLKFOOGL-OKPOJWAQNA-N,-9.24
PTGS2,c_TYR354,mut_s1,detail,1,124,RRIHVAFUFDANEX-NSJMMFDCNA-N,-6.687
PTGS2,c_TYR354,mut_s1,detail,1,125,HASIAUWPWKTSBW-SREBMQDQNA-N,-7.056
PTGS2,c_TYR354,mut_s1,detail,1,126,WHBCKYHTCHCHAY-LQFNOIFHNA-N,-7.672
PTGS2,c_TYR354,mut_s1,detail,1,127,XMAYWYJOQHXEEK-JYFHCDHNNA-N,-7.726
PTGS2,c_TYR354,mut_s1,detail,1,128,TVKCFCZANTZCSU-OYRHEFFENA-N,-8.111
PTGS2,c_TYR354,mut_s1,detail,1,129,OJFIIUWPOHBVMH-LNNLXFCONA-N,-6.393
PTGS2,c_TYR354,mut_s1,detail,1,130,DKLZMGFTGWKNCD-DIRLUKLVNA-N,-10.487
PTGS2,c_TYR354,mut_s1,detail,1,131,PYSLGWZFRQWTDD-PWIKPTQSNA-N,-8.946
PTGS2,c_TYR354,mut_s1,detail,1,132,MWMBIUUYBQWKJX-QTUCRYGENA-N,-9.455
PTGS2,c_TYR354,mut_s1,detail,1,133,FLYQFCXTEFTSQN-UHFFFAOYNA-N,-7.127
PTGS2,c_TYR354,mut_s1,detail,1,134,PBIBDSDWIMZYDT-WBWGZOKWNA-N,-9.829
PTGS2,c_TYR354,mut_s1,detail,1,135,GSRWMFGBDLHGBU-YEFLILRRNA-N,-8.72
PTGS2,c_TYR354,mut_s1,detail,1,136,AYIJJQHMZAEQKE-QDAGQJSJNA-N,-6.825
PTGS2,c_TYR354,mut_s1,detail,1,137,JVWTZUKPDMRNDC-FSAKADSPNA-N,-11.011
PTGS2,c_TYR354,mut_s1,detail,1,138,XAZPLOLSRXZDBO-LBZABMTDNA-N,-6.999
PTGS2,c_TYR354,mut_s1,detail,1,139,RGWVFJBNHCWCTL-CFEGKOCINA-N,-10.053
PTGS2,c_TYR354,mut_s1,detail,1,140,YYWNRQZCPIMCAK-UHFFFAOYNA-N,-9.242
PTGS2,c_TYR354,mut_s1,detail,1,141,PBTZDKNKXRSZPM-XBXBPLPCNA-N,-9.749
PTGS2,c_TYR354,mut_s1,detail,1,142,QQPOIMHFFPBDQM-LELJVTLKNA-N,-7.74
PTGS2,c_TYR354,mut_s1,detail,1,143,NYFQURFFDGCBCB-MAQJPOOANA-N,-6.797
PTGS2,c_TYR354,mut_s1,detail,1,144,HXZVHWHABLBWBS-MTTPVDACNA-N,-8.78
PTGS2,c_TYR354,mut_s1,detail,1,145,IWYYSOJWYLZKLK-LELJVTLKNA-N,-8.638
PTGS2,c_TYR354,mut_s1,detail,1,146,HOGUCNPGZXMBGW-UHFFFAOYNA-N,-8.568
PTGS2,c_TYR354,mut_s1,detail,1,147,VITUDJAVASFPKN-DUFUIDNCNA-N,-7.537
PTGS2,c_TYR354,mut_s1,detail,1,148,IXAHDCRYEUYPBG-SCXYCHFONA-N,-8.654
PTGS2,c_TYR354,mut_s1,detail,1,149,JWHMEKMLAZQDNS-OZMOGHDGNA-N,-8.707
PTGS2,c_TYR354,mut_s1,detail,1,150,BZWNBTIJLRHNDZ-LBOYIXSDNA-N,-7.868
PTGS2,c_TYR354,mut_s1,detail,1,151,RECYROBESYRUML-UHFFFAOYNA-N,-7.638
PTGS2,c_TYR354,mut_s1,detail,1,152,MLDSJJJLQRZNKW-UHBIVWOUNA-N,-12.012
PTGS2,c_TYR354,mut_s1,detail,1,153,XTWIHJARHCYNFX-PHXLCVRDNA-N,-9.89
PTGS2,c_TYR354,mut_s1,detail,1,154,UQGFETVWTRDGKJ-UHFFFAOYNA-N,-9.458
PTGS2,c_TYR354,mut_s1,detail,1,155,VJFSMDWEMFOWDK-CYSPOYASNA-N,-8.581
PTGS2,c_TYR354,mut_s1,detail,1,156,NZYLXYBIWNIAGH-CYSPOYASNA-N,-7.931
PTGS2,c_TYR354,mut_s1,detail,1,157,ODXCWFOKLBJQNP-MPIMZMORNA-N,-9.063
PTGS2,c_TYR354,mut_s1,detail,1,158,FVDNMAPPDSKXKQ-UHFFFAOYNA-N,-8.188
PTGS2,c_TYR354,mut_s1,detail,1,159,DOPWMPRIRWTOOD-CCHPKIMANA-N,-8.176
PTGS2,c_HIE58,mut_s1,detail,1,0,URVMSYHISUZXNH-UYBDAZJANA-N,-10.043
PTGS2,c_HIE58,mut_s1,detail,1,1,KXRPCFINVWWFHQ-UHFFFAOYNA-N,-5.835
PTGS2,c_HIE58,mut_s1,detail,1,2,NICJTSHRYBTHAS-YHMJCDSINA-N,-8.054
PTGS2,c_HIE58,mut_s1,detail,1,3,SWRZVDTZHDWPDS-AWIDAIFANA-N,-9.6
PTGS2,c_HIE58,mut_s1,detail,1,4,RKNSLLSUFWWYCA-UHFFFAOYNA-N,-10.678
PTGS2,c_HIE58,mut_s1,detail,1,5,OZFSIKFTRRUDES-RIYZIHGNNA-N,-7.66
PTGS2,c_HIE58,mut_s1,detail,1,6,AAGGUCRASUJPPN-UHFFFAOYNA-N,-8.478
PTGS2,c_HIE58,mut_s1,detail,1,7,OYHXDPMAFYHDNG-YAQRNVERNA-N,-8.738
PTGS2,c_HIE58,mut_s1,detail,1,8,AWILWAIEQYZUEQ-UHFFFAOYNA-N,-7.332
PTGS2,c_HIE58,mut_s1,detail,1,9,WSFAXHLMQUUHQT-VMPITWQZNA-N,-8.476
PTGS2,c_HIE58,mut_s1,detail,1,10,WPHMTVNOXKBZKN-UHFFFAOYNA-N,-7.169
PTGS2,c_HIE58,mut_s1,detail,1,11,LPEIZNODGHDCCW-UHFFFAOYNA-N,-6.839
PTGS2,c_HIE58,mut_s1,detail,1,12,QQHWWDVSRWOHEP-LILDFLRNNA-N,-9.601
PTGS2,c_HIE58,mut_s1,detail,1,13,UMEVSSPGBFVQNC-UHFFFAOYNA-N,-7.133
PTGS2,c_HIE58,mut_s1,detail,1,14,VZDIOEKWWZRNQN-UHFFFAOYNA-N,-9.721
PTGS2,c_HIE58,mut_s1,detail,1,15,JEVLDOUORFAHRS-NDKGDYFDNA-N,-8.011
PTGS2,c_HIE58,mut_s1,detail,1,16,NFTGJNJRMWUBPG-GPQMBLKYNA-N,-8.778
PTGS2,c_HIE58,mut_s1,detail,1,17,UMUUTEZBWGDVDA-UHFFFAOYNA-N,-8.331
PTGS2,c_HIE58,mut_s1,detail,1,18,VLQKEPLNPGYNDJ-HCKMINDGNA-N,-8.428
PTGS2,c_HIE58,mut_s1,detail,1,19,PPMVTAATPZLMJM-CDDDEJBQNA-N,-9.105
PTGS2,c_HIE58,mut_s1,detail,1,20,AHLYFAKLKLMESK-YAQRNVERNA-N,-7.781
PTGS2,c_HIE58,mut_s1,detail,1,21,GYEJYLAGVWRSIM-KGJHZMDYNA-N,-8.551
PTGS2,c_HIE58,mut_s1,detail,1,22,RXVALSLAUOIYLW-UHFFFAOYNA-N,-8.166
PTGS2,c_HIE58,mut_s1,detail,1,23,NSELYIFATLFDOZ-JLGFQASFNA-N,-8.286
PTGS2,c_HIE58,mut_s1,detail,1,24,COQFBYACOHFCEC-UHFFFAOYNA-N,-8.3
PTGS2,c_HIE58,mut_s1,detail,1,25,CJGJXFCLDYQBFQ-YJGXKCCXNA-N,-10.002
PTGS2,c_HIE58,mut_s1,detail,1,26,BWNGRRJLFYHENY-INIZCTEONA-N,-8.381
PTGS2,c_HIE58,mut_s1,detail,1,27,BNRFXWSJKVJVOF-UYBDAZJANA-N,-9.904
PTGS2,c_HIE58,mut_s1,detail,1,28,DMULMZBZVBBWBY-PJZINPJWNA-N,-9.12
PTGS2,c_HIE58,mut_s1,detail,1,29,AXLAIGJGNKHDPO-UHFFFAOYNA-N,-7.301
PTGS2,c_HIE58,mut_s1,detail,1,30,RKDGAONZEPYEBT-WXRBYKJCNA-N,-7.695
PTGS2,c_HIE58,mut_s1,detail,1,31,MBOYDUZSCSNUQL-MBBDSNKKNA-N,-8.437
PTGS2,c_HIE58,mut_s1,detail,1,32,KPVDBHRTXOFQDK-YAQRNVERNA-N,-7.714
PTGS2,c_HIE58,mut_s1,detail,1,33,LVCNFMYUKISBSB-VJSNTGQMNA-N,-8.634
PTGS2,c_HIE58,mut_s1,detail,1,34,XLAHCIRKLMJUQC-DZQCGVKKNA-N,-10.101
PTGS2,c_HIE58,mut_s1,detail,1,35,QNYHDABGLCBJOE-SHHGZXMVNA-N,-9.977
PTGS2,c_HIE58,mut_s1,detail,1,36,HEKNRISBWSPMOG-OWTLIXCDNA-N,-7.348
PTGS2,c_HIE58,mut_s1,detail,1,37,VIRNXCRLEVZXNX-LILDFLRNNA-N,-10.606
PTGS2,c_HIE58,mut_s1,detail,1,38,SRTGERSEXJGDMR-UHFFFAOYNA-N,-7.701
PTGS2,c_HIE58,mut_s1,detail,1,39,ZGMGSSRLZJYOKH-WXRBYKJCNA-N,-7.628
PTGS2,c_HIE58,mut_s1,detail,1,40,VGYFDFRFGHHCDA-CUTUCBJDNA-N,-9.929
PTGS2,c_HIE58,mut_s1,detail,1,41,DILPMLYWQJPNLO-HCKMINDGNA-N,-9.631
PTGS2,c_HIE58,mut_s1,detail,1,42,RSOODJIGEVJLMK-LQFNOIFHNA-N,-10.183
PTGS2,c_HIE58,mut_s1,detail,1,43,OWHHWMUAYBIQPR-UHFFFAOYNA-N,-9.963
PTGS2,c_HIE58,mut_s1,detail,1,44,KPIKMVZJKZDOFC-UHFFFAOYNA-N,-10.832
PTGS2,c_HIE58,mut_s1,detail,1,45,DIKDKRUREJXLMR-DPMTXJEANA-N,-10.166
PTGS2,c_HIE58,mut_s1,detail,1,46,QRVJDPKQHAVBDK-UYBDAZJANA-N,-8.393
PTGS2,c_HIE58,mut_s1,detail,1,47,SGBSFKSDPWOALT-UYBDAZJANA-N,-9.489
PTGS2,c_HIE58,mut_s1,detail,1,48,CYHFRNFVZWVHCG-OTJKMEOQNA-N,-9.68
PTGS2,c_HIE58,mut_s1,detail,1,49,MJUDQDHXCQONOA-MPIMZMORNA-N,-9.071
PTGS2,c_HIE58,mut_s1,detail,1,50,RNVYRNLUUYNQAS-PKSOQXRJNA-N,-8.849
PTGS2,c_HIE58,mut_s1,detail,1,51,DLZXOZYETDVJEB-QWOVJGMINA-N,-7.782
PTGS2,c_HIE58,mut_s1,detail,1,52,HSICVZRDGBJSEL-GPQMBLKYNA-N,-9.375
PTGS2,c_HIE58,mut_s1,detail,1,53,HMRUHHFLIMYEAF-QNGOCPJXNA-N,-8.436
PTGS2,c_HIE58,mut_s1,detail,1,54,ZZOWQPSBJUXHCA-YSPRVCGUNA-N,-9.859
PTGS2,c_HIE58,mut_s1,detail,1,55,WDDJLHOUFWSQSV-UHFFFAOYNA-N,-10.7
PTGS2,c_HIE58,mut_s1,detail,1,56,UKLIIGXGTPSYBF-IBCWCQIKNA-N,-9.442
PTGS2,c_HIE58,mut_s1,detail,1,57,LNPOBRXJZYGQMS-MOHJPFBDNA-N,-7.914
PTGS2,c_HIE58,mut_s1,detail,1,58,FYILBFPPKIZBTO-UHFFFAOYNA-N,-8.888
PTGS2,c_HIE58,mut_s1,detail,1,59,MIKIJFODTJGFDI-LILDFLRNNA-N,-8.885
PTGS2,c_HIE58,mut_s1,detail,1,60,RUWCNSLWWCWTSU-LILDFLRNNA-N,-8.655
PTGS2,c_HIE58,mut_s1,detail,1,61,KLQWCHKIQJHYIB-UHFFFAOYNA-N,-10.928
PTGS2,c_HIE58,mut_s1,detail,1,62,QKAWGENQCGFAOE-NPVYFSBINA-N,-9.618
PTGS2,c_HIE58,mut_s1,detail,1,63,KGOKCBRZBBEYBE-MMRXBHCZNA-N,-9.822
PTGS2,c_HIE58,mut_s1,detail,1,64,ROFRXCLSWKEWTN-UHFFFAOYNA-N,-6.339
PTGS2,c_HIE58,mut_s1,detail,1,65,AKRMJNKLSCBEME-FPYGCLRLNA-N,-8.624
PTGS2,c_HIE58,mut_s1,detail,1,66,LCGJUJZLLYTYIF-XMFFZCEENA-N,-9.061
PTGS2,c_HIE58,mut_s1,detail,1,67,FREQNFSEYLEFOI-QRCVEOAVNA-N,-9.18
PTGS2,c_HIE58,mut_s1,detail,1,68,MHMINAYLMNBGSM-UHFFFAOYNA-N,-8.251
PTGS2,c_HIE58,mut_s1,detail,1,69,SYMNTBHEGHFZMV-UHFFFAOYNA-N,-8.984
PTGS2,c_HIE58,mut_s1,detail,1,70,NNCRWGMPCGSKOO-LILDFLRNNA-N,-7.798
PTGS2,c_HIE58,mut_s1,detail,1,71,ZCRRNCCNJMRGFI-UHFFFAOYNA-N,-10.386
PTGS2,c_HIE58,mut_s1,detail,1,72,PYVZEIBGEUQNQQ-UHFFFAOYNA-N,-11.674
PTGS2,c_HIE58,mut_s1,detail,1,73,OROJQWVRCGJACT-XBTAAFKLNA-N,-9.501
PTGS2,c_HIE58,mut_s1,detail,1,74,TXYUWXKCUDOUGU-JLGFQASFNA-N,-7.881
PTGS2,c_HIE58,mut_s1,detail,1,75,LAZANALODSEDSE-UHFFFAOYNA-N,-8.243
PTGS2,c_HIE58,mut_s1,detail,1,76,RJXCYVJLXGRCHK-UHFFFAOYNA-N,-10.024
PTGS2,c_HIE58,mut_s1,detail,1,77,FUSKIBWHJAWEFI-IEJAXPBYNA-N,-8.906
PTGS2,c_HIE58,mut_s1,detail,1,78,SGWVLOCBQLQWQV-UHFFFAOYNA-N,-10.004
PTGS2,c_HIE58,mut_s1,detail,1,79,PPXRQTYXLZCDAZ-QWOVJGMINA-N,-10.473
PTGS2,c_HIE58,mut_s1,detail,1,80,DIFBADFWLVYFHV-LELJVTLKNA-N,-7.982
PTGS2,c_HIE58,mut_s1,detail,1,81,XREOSEVJCQGCHE-MHPMNMKGNA-N,-7.51
PTGS2,c_HIE58,mut_s1,detail,1,82,ZHGPKHBXSKWZEQ-UHFFFAOYNA-N,-10.133
PTGS2,c_HIE58,mut_s1,detail,1,83,ZFAYPJJNPSNAFK-UHFFFAOYNA-N,-7.957
PTGS2,c_HIE58,mut_s1,detail,1,84,LTXMRAGWIDQTQT-MYUTVWBTNA-N,-11.56
PTGS2,c_HIE58,mut_s1,detail,1,85,VXQHYHSSGLOALC-SPEPDGBUNA-N,-11.114
PTGS2,c_HIE58,mut_s1,detail,1,86,KWDSFRAWCISROF-PJQSKVNONA-N,-8.235
PTGS2,c_HIE58,mut_s1,detail,1,87,ZJZXSQPHUQUHIV-ZGZFQTMPNA-N,-11.486
PTGS2,c_HIE58,mut_s1,detail,1,88,UYHIVPBYFWVWEJ-UHFFFAOYNA-N,-11.3
PTGS2,c_HIE58,mut_s1,detail,1,89,PLEFJSUCKRWHBY-LNNLXFCONA-N,-10.99
PTGS2,c_HIE58,mut_s1,detail,1,90,DNSRQCRQLKJUCC-PDJAEHLQNA-N,-8.656
PTGS2,c_HIE58,mut_s1,detail,1,91,PHYKZCBUNVYJNH-YDBXFXKPNA-N,-7.443
PTGS2,c_HIE58,mut_s1,detail,1,92,OOUHZBUAVKCDGA-UHFFFAOYNA-N,-6.62
PTGS2,c_HIE58,mut_s1,detail,1,93,UUQDFZFJDFMLHW-UHFFFAOYNA-N,-9.222
PTGS2,c_HIE58,mut_s1,detail,1,94,OOUDDHNLDLLUOL-SKKVRFOWNA-N,-10.445
PTGS2,c_HIE58,mut_s1,detail,1,95,ZDMQSUAMTLXUTE-MPIMZMORNA-N,-9.254
PTGS2,c_HIE58,mut_s1,detail,1,96,NMPLPABDEKPABN-UHFFFAOYNA-N,-9.854
PTGS2,c_HIE58,mut_s1,detail,1,97,INZRHGSVWGRHBM-NPVYFSBINA-N,-11.401
PTGS2,c_HIE58,mut_s1,detail,1,98,RVGCWMKVTAEQIH-LNNLXFCONA-N,-10.683
PTGS2,c_HIE58,mut_s1,detail,1,99,VRXWKRQOVMZBAF-LJQANCHMNA-N,-6.621
PTGS2,c_HIE58,mut_s1,detail,1,100,QACLWOIBBYOHQP-UYBDAZJANA-N,-8.609
PTGS2,c_HIE58,mut_s1,detail,1,101,ZNXSZVFPCBIELQ-LNNLXFCONA-N,-8.819
PTGS2,c_HIE58,mut_s1,detail,1,102,GKMWCCNMKRSQHR-VEKUMTKDNA-N,-7.728
PTGS2,c_HIE58,mut_s1,detail,1,103,FFGUSRSMWFYKGK-SKKVRFOWNA-N,-9.796
PTGS2,c_HIE58,mut_s1,detail,1,104,KXBDDGKXLZBLOM-SPEPDGBUNA-N,-9.417
PTGS2,c_HIE58,mut_s1,detail,1,105,MIUWULAZCXYTJW-MSHHZIMBNA-N,-10.27
PTGS2,c_HIE58,mut_s1,detail,1,106,JPZOYWVRFLZCIC-NJNXFGOHNA-N,-10.592
PTGS2,c_HIE58,mut_s1,detail,1,107,FAIQTLBYDVKBAB-DVIAZDKANA-N,-10.333
PTGS2,c_HIE58,mut_s1,detail,1,108,APFLRZZAOXCNAZ-UHFFFAOYNA-N,-9.969
PTGS2,c_HIE58,mut_s1,detail,1,109,BSQLDSQTGOZBFD-UHFFFAOYNA-N,-8.132
PTGS2,c_HIE58,mut_s1,detail,1,110,ZVVCFJXCDATSCC-UHFFFAOYNA-N,-11.119
PTGS2,c_HIE58,mut_s1,detail,1,111,SKEQTXZATFWVMB-UYBDAZJANA-N,-9.659
PTGS2,c_HIE58,mut_s1,detail,1,112,IATWYRHDJKMBQK-MPIMZMORNA-N,-9.535
PTGS2,c_HIE58,mut_s1,detail,1,113,JPWOEQDCUZCWKT-MPIMZMORNA-N,-7.189
PTGS2,c_HIE58,mut_s1,detail,1,114,RYHSAXRBHDHPPK-PKSOQXRJNA-N,-8.586
PTGS2,c_HIE58,mut_s1,detail,1,115,GKKJWUFVZJJFPG-MPIMZMORNA-N,-9.853
PTGS2,c_HIE58,mut_s1,detail,1,116,FDNZXFDUCINVLY-BDGWVKIONA-N,-9.36
PTGS2,c_HIE58,mut_s1,detail,1,117,KTBYKHKWIFIFAK-UHFFFAOYNA-N,-9.653
PTGS2,c_HIE58,mut_s1,detail,1,118,ZRXZEWGUECXTTQ-LQFNOIFHNA-N,-10.33
PTGS2,c_HIE58,mut_s1,detail,1,119,XNACBBGLIAJNJM-PECIQRARNA-N,-10.447
PTGS2,c_HIE58,mut_s1,detail,1,120,WQZYYJRVBIQUGH-YWZOXAELNA-N,-10.528
PTGS2,c_HIE58,mut_s1,detail,1,121,ABMSRNRLDZVJFV-SWUIVHNENA-N,-10.123
PTGS2,c_HIE58,mut_s1,detail,1,122,ZEACBIUBSOLEGW-QAITUMOCNA-N,-11.656
PTGS2,c_HIE58,mut_s1,detail,1,123,UBFCDXVLKFOOGL-OKPOJWAQNA-N,-9.556
PTGS2,c_HIE58,mut_s1,detail,1,124,RRIHVAFUFDANEX-NSJMMFDCNA-N,-7.609
PTGS2,c_HIE58,mut_s1,detail,1,125,HASIAUWPWKTSBW-SREBMQDQNA-N,-7.855
PTGS2,c_HIE58,mut_s1,detail,1,126,WHBCKYHTCHCHAY-LQFNOIFHNA-N,-10.549
PTGS2,c_HIE58,mut_s1,detail,1,127,XMAYWYJOQHXEEK-JYFHCDHNNA-N,-10.766
PTGS2,c_HIE58,mut_s1,detail,1,128,TVKCFCZANTZCSU-OYRHEFFENA-N,-10.893
PTGS2,c_HIE58,mut_s1,detail,1,129,OJFIIUWPOHBVMH-LNNLXFCONA-N,-6.985
PTGS2,c_HIE58,mut_s1,detail,1,130,DKLZMGFTGWKNCD-DIRLUKLVNA-N,-10.164
PTGS2,c_HIE58,mut_s1,detail,1,131,PYSLGWZFRQWTDD-PWIKPTQSNA-N,-10.828
PTGS2,c_HIE58,mut_s1,detail,1,132,MWMBIUUYBQWKJX-QTUCRYGENA-N,-9.02
PTGS2,c_HIE58,mut_s1,detail,1,133,FLYQFCXTEFTSQN-UHFFFAOYNA-N,-8.395
PTGS2,c_HIE58,mut_s1,detail,1,134,PBIBDSDWIMZYDT-WBWGZOKWNA-N,-9.35
PTGS2,c_HIE58,mut_s1,detail,1,135,GSRWMFGBDLHGBU-YEFLILRRNA-N,-9.572
PTGS2,c_HIE58,mut_s1,detail,1,136,AYIJJQHMZAEQKE-QDAGQJSJNA-N,-8.538
PTGS2,c_HIE58,mut_s1,detail,1,137,JVWTZUKPDMRNDC-FSAKADSPNA-N,-9.561
PTGS2,c_HIE58,mut_s1,detail,1,138,XAZPLOLSRXZDBO-LBZABMTDNA-N,-7.178
PTGS2,c_HIE58,mut_s1,detail,1,139,RGWVFJBNHCWCTL-CFEGKOCINA-N,-11.191
PTGS2,c_HIE58,mut_s1,detail,1,140,YYWNRQZCPIMCAK-UHFFFAOYNA-N,-10.277
PTGS2,c_HIE58,mut_s1,detail,1,141,PBTZDKNKXRSZPM-XBXBPLPCNA-N,-10.56
PTGS2,c_HIE58,mut_s1,detail,1,142,QQPOIMHFFPBDQM-LELJVTLKNA-N,-8.644
PTGS2,c_HIE58,mut_s1,detail,1,143,NYFQURFFDGCBCB-MAQJPOOANA-N,-7.105
PTGS2,c_HIE58,mut_s1,detail,1,144,HXZVHWHABLBWBS-MTTPVDACNA-N,-9.286
PTGS2,c_HIE58,mut_s1,detail,1,145,IWYYSOJWYLZKLK-LELJVTLKNA-N,-8.36
PTGS2,c_HIE58,mut_s1,detail,1,146,HOGUCNPGZXMBGW-UHFFFAOYNA-N,-7.904
PTGS2,c_HIE58,mut_s1,detail,1,147,VITUDJAVASFPKN-DUFUIDNCNA-N,-9.512
PTGS2,c_HIE58,mut_s1,detail,1,148,IXAHDCRYEUYPBG-SCXYCHFONA-N,-11.339
PTGS2,c_HIE58,mut_s1,detail,1,149,JWHMEKMLAZQDNS-OZMOGHDGNA-N,-8.983
PTGS2,c_HIE58,mut_s1,detail,1,150,BZWNBTIJLRHNDZ-LBOYIXSDNA-N,-7.718
PTGS2,c_HIE58,mut_s1,detail,1,151,RECYROBESYRUML-UHFFFAOYNA-N,-9.292
PTGS2,c_HIE58,mut_s1,detail,1,152,MLDSJJJLQRZNKW-UHBIVWOUNA-N,-10.976
PTGS2,c_HIE58,mut_s1,detail,1,153,XTWIHJARHCYNFX-PHXLCVRDNA-N,-9.272
PTGS2,c_HIE58,mut_s1,detail,1,154,UQGFETVWTRDGKJ-UHFFFAOYNA-N,-8.844
PTGS2,c_HIE58,mut_s1,detail,1,155,VJFSMDWEMFOWDK-CYSPOYASNA-N,-11.173
PTGS2,c_HIE58,mut_s1,detail,1,156,NZYLXYBIWNIAGH-CYSPOYASNA-N,-11.372
PTGS2,c_HIE58,mut_s1,detail,1,157,ODXCWFOKLBJQNP-MPIMZMORNA-N,-8.927
PTGS2,c_HIE58,mut_s1,detail,1,158,FVDNMAPPDSKXKQ-UHFFFAOYNA-N,-9.035
PTGS2,c_HIE58,mut_s1,detail,1,159,DOPWMPRIRWTOOD-CCHPKIMANA-N,-8.39
PTGS2,c_GLU493,mut_s1,detail,1,0,URVMSYHISUZXNH-UYBDAZJANA-N,-9.959
PTGS2,c_GLU493,mut_s1,detail,1,1,KXRPCFINVWWFHQ-UHFFFAOYNA-N,-5.94
PTGS2,c_GLU493,mut_s1,detail,1,2,NICJTSHRYBTHAS-YHMJCDSINA-N,-8.018
PTGS2,c_GLU493,mut_s1,detail,1,3,SWRZVDTZHDWPDS-AWIDAIFANA-N,-8.755
PTGS2,c_GLU493,mut_s1,detail,1,4,RKNSLLSUFWWYCA-UHFFFAOYNA-N,-11.119
PTGS2,c_GLU493,mut_s1,detail,1,5,OZFSIKFTRRUDES-RIYZIHGNNA-N,-7.422
PTGS2,c_GLU493,mut_s1,detail,1,6,AAGGUCRASUJPPN-UHFFFAOYNA-N,-7.998
PTGS2,c_GLU493,mut_s1,detail,1,7,OYHXDPMAFYHDNG-YAQRNVERNA-N,-8.556
PTGS2,c_GLU493,mut_s1,detail,1,8,AWILWAIEQYZUEQ-UHFFFAOYNA-N,-8.001
PTGS2,c_GLU493,mut_s1,detail,1,9,WSFAXHLMQUUHQT-VMPITWQZNA-N,-6.705
PTGS2,c_GLU493,mut_s1,detail,1,10,WPHMTVNOXKBZKN-UHFFFAOYNA-N,-7.242
PTGS2,c_GLU493,mut_s1,detail,1,11,LPEIZNODGHDCCW-UHFFFAOYNA-N,-6.914
PTGS2,c_GLU493,mut_s1,detail,1,12,QQHWWDVSRWOHEP-LILDFLRNNA-N,-9.089
PTGS2,c_GLU493,mut_s1,detail,1,13,UMEVSSPGBFVQNC-UHFFFAOYNA-N,-7.045
PTGS2,c_GLU493,mut_s1,detail,1,14,VZDIOEKWWZRNQN-UHFFFAOYNA-N,-9.538
PTGS2,c_GLU493,mut_s1,detail,1,15,JEVLDOUORFAHRS-NDKGDYFDNA-N,-7.4
PTGS2,c_GLU493,mut_s1,detail,1,16,NFTGJNJRMWUBPG-GPQMBLKYNA-N,-7.116
PTGS2,c_GLU493,mut_s1,detail,1,17,UMUUTEZBWGDVDA-UHFFFAOYNA-N,-8.269
PTGS2,c_GLU493,mut_s1,detail,1,18,VLQKEPLNPGYNDJ-HCKMINDGNA-N,-8.049
PTGS2,c_GLU493,mut_s1,detail,1,19,PPMVTAATPZLMJM-CDDDEJBQNA-N,-8.882
PTGS2,c_GLU493,mut_s1,detail,1,20,AHLYFAKLKLMESK-YAQRNVERNA-N,-8.014
PTGS2,c_GLU493,mut_s1,detail,1,21,GYEJYLAGVWRSIM-KGJHZMDYNA-N,-7.992
PTGS2,c_GLU493,mut_s1,detail,1,22,RXVALSLAUOIYLW-UHFFFAOYNA-N,-7.733
PTGS2,c_GLU493,mut_s1,detail,1,23,NSELYIFATLFDOZ-JLGFQASFNA-N,-8.241
PTGS2,c_GLU493,mut_s1,detail,1,24,COQFBYACOHFCEC-UHFFFAOYNA-N,-7.577
PTGS2,c_GLU493,mut_s1,detail,1,25,CJGJXFCLDYQBFQ-YJGXKCCXNA-N,-8.865
PTGS2,c_GLU493,mut_s1,detail,1,26,BWNGRRJLFYHENY-INIZCTEONA-N,-8.091
PTGS2,c_GLU493,mut_s1,detail,1,27,BNRFXWSJKVJVOF-UYBDAZJANA-N,-9.163
PTGS2,c_GLU493,mut_s1,detail,1,28,DMULMZBZVBBWBY-PJZINPJWNA-N,-9.196
PTGS2,c_GLU493,mut_s1,detail,1,29,AXLAIGJGNKHDPO-UHFFFAOYNA-N,-7.123
PTGS2,c_GLU493,mut_s1,detail,1,30,RKDGAONZEPYEBT-WXRBYKJCNA-N,-7.748
PTGS2,c_GLU493,mut_s1,detail,1,31,MBOYDUZSCSNUQL-MBBDSNKKNA-N,-7.457
PTGS2,c_GLU493,mut_s1,detail,1,32,KPVDBHRTXOFQDK-YAQRNVERNA-N,-7.066
PTGS2,c_GLU493,mut_s1,detail,1,33,LVCNFMYUKISBSB-VJSNTGQMNA-N,-8.452
PTGS2,c_GLU493,mut_s1,detail,1,34,XLAHCIRKLMJUQC-DZQCGVKKNA-N,-10.571
PTGS2,c_GLU493,mut_s1,detail,1,35,QNYHDABGLCBJOE-SHHGZXMVNA-N,-8.834
PTGS2,c_GLU493,mut_s1,detail,1,36,HEKNRISBWSPMOG-OWTLIXCDNA-N,-7.333
PTGS2,c_GLU493,mut_s1,detail,1,37,VIRNXCRLEVZXNX-LILDFLRNNA-N,-9.746
PTGS2,c_GLU493,mut_s1,detail,1,38,SRTGERSEXJGDMR-UHFFFAOYNA-N,-7.606
PTGS2,c_GLU493,mut_s1,detail,1,39,ZGMGSSRLZJYOKH-WXRBYKJCNA-N,-7.62
PTGS2,c_GLU493,mut_s1,detail,1,40,VGYFDFRFGHHCDA-CUTUCBJDNA-N,-9.743
PTGS2,c_GLU493,mut_s1,detail,1,41,DILPMLYWQJPNLO-HCKMINDGNA-N,-7.684
PTGS2,c_GLU493,mut_s1,detail,1,42,RSOODJIGEVJLMK-LQFNOIFHNA-N,-8.524
PTGS2,c_GLU493,mut_s1,detail,1,43,OWHHWMUAYBIQPR-UHFFFAOYNA-N,-8.988
PTGS2,c_GLU493,mut_s1,detail,1,44,KPIKMVZJKZDOFC-UHFFFAOYNA-N,-8.454
PTGS2,c_GLU493,mut_s1,detail,1,45,DIKDKRUREJXLMR-DPMTXJEANA-N,-8.359
PTGS2,c_GLU493,mut_s1,detail,1,46,QRVJDPKQHAVBDK-UYBDAZJANA-N,-7.114
PTGS2,c_GLU493,mut_s1,detail,1,47,SGBSFKSDPWOALT-UYBDAZJANA-N,-8.023
PTGS2,c_GLU493,mut_s1,detail,1,48,CYHFRNFVZWVHCG-OTJKMEOQNA-N,-9.491
PTGS2,c_GLU493,mut_s1,detail,1,49,MJUDQDHXCQONOA-MPIMZMORNA-N,-8.407
PTGS2,c_GLU493,mut_s1,detail,1,50,RNVYRNLUUYNQAS-PKSOQXRJNA-N,-6.722
PTGS2,c_GLU493,mut_s1,detail,1,51,DLZXOZYETDVJEB-QWOVJGMINA-N,-7.414
PTGS2,c_GLU493,mut_s1,detail,1,52,HSICVZRDGBJSEL-GPQMBLKYNA-N,-8.315
PTGS2,c_GLU493,mut_s1,detail,1,53,HMRUHHFLIMYEAF-QNGOCPJXNA-N,-7.897
PTGS2,c_GLU493,mut_s1,detail,1,54,ZZOWQPSBJUXHCA-YSPRVCGUNA-N,-8.537
PTGS2,c_GLU493,mut_s1,detail,1,55,WDDJLHOUFWSQSV-UHFFFAOYNA-N,-8.067
PTGS2,c_GLU493,mut_s1,detail,1,56,UKLIIGXGTPSYBF-IBCWCQIKNA-N,-6.754
PTGS2,c_GLU493,mut_s1,detail,1,57,LNPOBRXJZYGQMS-MOHJPFBDNA-N,-7.131
PTGS2,c_GLU493,mut_s1,detail,1,58,FYILBFPPKIZBTO-UHFFFAOYNA-N,-9.406
PTGS2,c_GLU493,mut_s1,detail,1,59,MIKIJFODTJGFDI-LILDFLRNNA-N,-9.003
PTGS2,c_GLU493,mut_s1,detail,1,60,RUWCNSLWWCWTSU-LILDFLRNNA-N,-8.103
PTGS2,c_GLU493,mut_s1,detail,1,61,KLQWCHKIQJHYIB-UHFFFAOYNA-N,-10.454
PTGS2,c_GLU493,mut_s1,detail,1,62,QKAWGENQCGFAOE-NPVYFSBINA-N,-7.95
PTGS2,c_GLU493,mut_s1,detail,1,63,KGOKCBRZBBEYBE-MMRXBHCZNA-N,-7.654
PTGS2,c_GLU493,mut_s1,detail,1,64,ROFRXCLSWKEWTN-UHFFFAOYNA-N,-7.994
PTGS2,c_GLU493,mut_s1,detail,1,65,AKRMJNKLSCBEME-FPYGCLRLNA-N,-7.383
PTGS2,c_GLU493,mut_s1,detail,1,66,LCGJUJZLLYTYIF-XMFFZCEENA-N,-8.982
PTGS2,c_GLU493,mut_s1,detail,1,67,FREQNFSEYLEFOI-QRCVEOAVNA-N,-8.995
PTGS2,c_GLU493,mut_s1,detail,1,68,MHMINAYLMNBGSM-UHFFFAOYNA-N,-8.357
PTGS2,c_GLU493,mut_s1,detail,1,69,SYMNTBHEGHFZMV-UHFFFAOYNA-N,-7.637
PTGS2,c_GLU493,mut_s1,detail,1,70,NNCRWGMPCGSKOO-LILDFLRNNA-N,-7.493
PTGS2,c_GLU493,mut_s1,detail,1,71,ZCRRNCCNJMRGFI-UHFFFAOYNA-N,-7.504
PTGS2,c_GLU493,mut_s1,detail,1,72,PYVZEIBGEUQNQQ-UHFFFAOYNA-N,-11.684
PTGS2,c_GLU493,mut_s1,detail,1,73,OROJQWVRCGJACT-XBTAAFKLNA-N,-8.342
PTGS2,c_GLU493,mut_s1,detail,1,74,TXYUWXKCUDOUGU-JLGFQASFNA-N,-7.423
PTGS2,c_GLU493,mut_s1,detail,1,75,LAZANALODSEDSE-UHFFFAOYNA-N,-8.866
PTGS2,c_GLU493,mut_s1,detail,1,76,RJXCYVJLXGRCHK-UHFFFAOYNA-N,-7.962
PTGS2,c_GLU493,mut_s1,detail,1,77,FUSKIBWHJAWEFI-IEJAXPBYNA-N,-8.383
PTGS2,c_GLU493,mut_s1,detail,1,78,SGWVLOCBQLQWQV-UHFFFAOYNA-N,-7.594
PTGS2,c_GLU493,mut_s1,detail,1,79,PPXRQTYXLZCDAZ-QWOVJGMINA-N,-8.017
PTGS2,c_GLU493,mut_s1,detail,1,80,DIFBADFWLVYFHV-LELJVTLKNA-N,-6.908
PTGS2,c_GLU493,mut_s1,detail,1,81,XREOSEVJCQGCHE-MHPMNMKGNA-N,-8.617
PTGS2,c_GLU493,mut_s1,detail,1,82,ZHGPKHBXSKWZEQ-UHFFFAOYNA-N,-9.801
PTGS2,c_GLU493,mut_s1,detail,1,83,ZFAYPJJNPSNAFK-UHFFFAOYNA-N,-7.936
PTGS2,c_GLU493,mut_s1,detail,1,84,LTXMRAGWIDQTQT-MYUTVWBTNA-N,-9.561
PTGS2,c_GLU493,mut_s1,detail,1,85,VXQHYHSSGLOALC-SPEPDGBUNA-N,-8.695
PTGS2,c_GLU493,mut_s1,detail,1,86,KWDSFRAWCISROF-PJQSKVNONA-N,-7.649
PTGS2,c_GLU493,mut_s1,detail,1,87,ZJZXSQPHUQUHIV-ZGZFQTMPNA-N,-7.891
PTGS2,c_GLU493,mut_s1,detail,1,88,UYHIVPBYFWVWEJ-UHFFFAOYNA-N,-7.777
PTGS2,c_GLU493,mut_s1,detail,1,89,PLEFJSUCKRWHBY-LNNLXFCONA-N,-7.129
PTGS2,c_GLU493,mut_s1,detail,1,90,DNSRQCRQLKJUCC-PDJAEHLQNA-N,-7.592
PTGS2,c_GLU493,mut_s1,detail,1,91,PHYKZCBUNVYJNH-YDBXFXKPNA-N,-5.9
PTGS2,c_GLU493,mut_s1,detail,1,92,OOUHZBUAVKCDGA-UHFFFAOYNA-N,-6.784
PTGS2,c_GLU493,mut_s1,detail,1,93,UUQDFZFJDFMLHW-UHFFFAOYNA-N,-8.101
PTGS2,c_GLU493,mut_s1,detail,1,94,OOUDDHNLDLLUOL-SKKVRFOWNA-N,-8.923
PTGS2,c_GLU493,mut_s1,detail,1,95,ZDMQSUAMTLXUTE-MPIMZMORNA-N,-5.846
PTGS2,c_GLU493,mut_s1,detail,1,96,NMPLPABDEKPABN-UHFFFAOYNA-N,-8.312
PTGS2,c_GLU493,mut_s1,detail,1,97,INZRHGSVWGRHBM-NPVYFSBINA-N,-7.57
PTGS2,c_GLU493,mut_s1,detail,1,98,RVGCWMKVTAEQIH-LNNLXFCONA-N,-7.795
PTGS2,c_GLU493,mut_s1,detail,1,99,VRXWKRQOVMZBAF-LJQANCHMNA-N,-7.165
PTGS2,c_GLU493,mut_s1,detail,1,100,QACLWOIBBYOHQP-UYBDAZJANA-N,-8.764
PTGS2,c_GLU493,mut_s1,detail,1,101,ZNXSZVFPCBIELQ-LNNLXFCONA-N,-6.489
PTGS2,c_GLU493,mut_s1,detail,1,102,GKMWCCNMKRSQHR-VEKUMTKDNA-N,-7.061
PTGS2,c_GLU493,mut_s1,detail,1,103,FFGUSRSMWFYKGK-SKKVRFOWNA-N,-8.62
PTGS2,c_GLU493,mut_s1,detail,1,104,KXBDDGKXLZBLOM-SPEPDGBUNA-N,-7.493
PTGS2,c_GLU493,mut_s1,detail,1,105,MIUWULAZCXYTJW-MSHHZIMBNA-N,-8.304
PTGS2,c_GLU493,mut_s1,detail,1,106,JPZOYWVRFLZCIC-NJNXFGOHNA-N,-8.321
PTGS2,c_GLU493,mut_s1,detail,1,107,FAIQTLBYDVKBAB-DVIAZDKANA-N,-7.981
PTGS2,c_GLU493,mut_s1,detail,1,108,APFLRZZAOXCNAZ-UHFFFAOYNA-N,-7.731
PTGS2,c_GLU493,mut_s1,detail,1,109,BSQLDSQTGOZBFD-UHFFFAOYNA-N,-6.597
PTGS2,c_GLU493,mut_s1,detail,1,110,ZVVCFJXCDATSCC-UHFFFAOYNA-N,-9.391
PTGS2,c_GLU493,mut_s1,detail,1,111,SKEQTXZATFWVMB-UYBDAZJANA-N,-6.476
PTGS2,c_GLU493,mut_s1,detail,1,112,IATWYRHDJKMBQK-MPIMZMORNA-N,-8.886
PTGS2,c_GLU493,mut_s1,detail,1,113,JPWOEQDCUZCWKT-MPIMZMORNA-N,-6.907
PTGS2,c_GLU493,mut_s1,detail,1,114,RYHSAXRBHDHPPK-PKSOQXRJNA-N,-7.009
PTGS2,c_GLU493,mut_s1,detail,1,115,GKKJWUFVZJJFPG-MPIMZMORNA-N,-7.395
PTGS2,c_GLU493,mut_s1,detail,1,116,FDNZXFDUCINVLY-BDGWVKIONA-N,-8.255
PTGS2,c_GLU493,mut_s1,detail,1,117,KTBYKHKWIFIFAK-UHFFFAOYNA-N,-8.622
PTGS2,c_GLU493,mut_s1,detail,1,118,ZRXZEWGUECXTTQ-LQFNOIFHNA-N,-7.765
PTGS2,c_GLU493,mut_s1,detail,1,119,XNACBBGLIAJNJM-PECIQRARNA-N,-10.61
PTGS2,c_GLU493,mut_s1,detail,1,120,WQZYYJRVBIQUGH-YWZOXAELNA-N,-7.972
PTGS2,c_GLU493,mut_s1,detail,1,121,ABMSRNRLDZVJFV-SWUIVHNENA-N,-9.21
PTGS2,c_GLU493,mut_s1,detail,1,122,ZEACBIUBSOLEGW-QAITUMOCNA-N,-9.647
PTGS2,c_GLU493,mut_s1,detail,1,123,UBFCDXVLKFOOGL-OKPOJWAQNA-N,-8.779
PTGS2,c_GLU493,mut_s1,detail,1,124,RRIHVAFUFDANEX-NSJMMFDCNA-N,-6.813
PTGS2,c_GLU493,mut_s1,detail,1,125,HASIAUWPWKTSBW-SREBMQDQNA-N,-4.667
PTGS2,c_GLU493,mut_s1,detail,1,126,WHBCKYHTCHCHAY-LQFNOIFHNA-N,-7.726
PTGS2,c_GLU493,mut_s1,detail,1,127,XMAYWYJOQHXEEK-JYFHCDHNNA-N,-8.512
PTGS2,c_GLU493,mut_s1,detail,1,128,TVKCFCZANTZCSU-OYRHEFFENA-N,-7.865
PTGS2,c_GLU493,mut_s1,detail,1,129,OJFIIUWPOHBVMH-LNNLXFCONA-N,-6.013
PTGS2,c_GLU493,mut_s1,detail,1,130,DKLZMGFTGWKNCD-DIRLUKLVNA-N,-8.029
PTGS2,c_GLU493,mut_s1,detail,1,131,PYSLGWZFRQWTDD-PWIKPTQSNA-N,-8.538
PTGS2,c_GLU493,mut_s1,detail,1,132,MWMBIUUYBQWKJX-QTUCRYGENA-N,-6.968
PTGS2,c_GLU493,mut_s1,detail,1,133,FLYQFCXTEFTSQN-UHFFFAOYNA-N,-7.186
PTGS2,c_GLU493,mut_s1,detail,1,134,PBIBDSDWIMZYDT-WBWGZOKWNA-N,-7.902
PTGS2,c_GLU493,mut_s1,detail,1,135,GSRWMFGBDLHGBU-YEFLILRRNA-N,-6.514
PTGS2,c_GLU493,mut_s1,detail,1,136,AYIJJQHMZAEQKE-QDAGQJSJNA-N,-8.069
PTGS2,c_GLU493,mut_s1,detail,1,137,JVWTZUKPDMRNDC-FSAKADSPNA-N,-7.708
PTGS2,c_GLU493,mut_s1,detail,1,138,XAZPLOLSRXZDBO-LBZABMTDNA-N,-6.076
PTGS2,c_GLU493,mut_s1,detail,1,139,RGWVFJBNHCWCTL-CFEGKOCINA-N,-9.355
PTGS2,c_GLU493,mut_s1,detail,1,140,YYWNRQZCPIMCAK-UHFFFAOYNA-N,-8.605
PTGS2,c_GLU493,mut_s1,detail,1,141,PBTZDKNKXRSZPM-XBXBPLPCNA-N,-7.355
PTGS2,c_GLU493,mut_s1,detail,1,142,QQPOIMHFFPBDQM-LELJVTLKNA-N,-7.203
PTGS2,c_GLU493,mut_s1,detail,1,143,NYFQURFFDGCBCB-MAQJPOOANA-N,-6.887
PTGS2,c_GLU493,mut_s1,detail,1,144,HXZVHWHABLBWBS-MTTPVDACNA-N,-8.599
PTGS2,c_GLU493,mut_s1,detail,1,145,IWYYSOJWYLZKLK-LELJVTLKNA-N,-7.22
PTGS2,c_GLU493,mut_s1,detail,1,146,HOGUCNPGZXMBGW-UHFFFAOYNA-N,-8.422
PTGS2,c_GLU493,mut_s1,detail,1,147,VITUDJAVASFPKN-DUFUIDNCNA-N,-7.885
PTGS2,c_GLU493,mut_s1,detail,1,148,IXAHDCRYEUYPBG-SCXYCHFONA-N,-8.515
PTGS2,c_GLU493,mut_s1,detail,1,149,JWHMEKMLAZQDNS-OZMOGHDGNA-N,-7.852
PTGS2,c_GLU493,mut_s1,detail,1,150,BZWNBTIJLRHNDZ-LBOYIXSDNA-N,-7.079
PTGS2,c_GLU493,mut_s1,detail,1,151,RECYROBESYRUML-UHFFFAOYNA-N,-7.529
PTGS2,c_GLU493,mut_s1,detail,1,152,MLDSJJJLQRZNKW-UHBIVWOUNA-N,-9.172
PTGS2,c_GLU493,mut_s1,detail,1,153,XTWIHJARHCYNFX-PHXLCVRDNA-N,-8.612
PTGS2,c_GLU493,mut_s1,detail,1,154,UQGFETVWTRDGKJ-UHFFFAOYNA-N,-6.742
PTGS2,c_GLU493,mut_s1,detail,1,155,VJFSMDWEMFOWDK-CYSPOYASNA-N,-8.297
PTGS2,c_GLU493,mut_s1,detail,1,156,NZYLXYBIWNIAGH-CYSPOYASNA-N,-7.849
PTGS2,c_GLU493,mut_s1,detail,1,157,ODXCWFOKLBJQNP-MPIMZMORNA-N,-7.577
PTGS2,c_GLU493,mut_s1,detail,1,158,FVDNMAPPDSKXKQ-UHFFFAOYNA-N,-8.493
PTGS2,c_GLU493,mut_s1,detail,1,159,DOPWMPRIRWTOOD-CCHPKIMANA-N,-7.634
PTGS2,s_ARG402,mut_s1,detail,1,0,URVMSYHISUZXNH-UYBDAZJANA-N,-10.05
PTGS2,s_ARG402,mut_s1,detail,1,1,KXRPCFINVWWFHQ-UHFFFAOYNA-N,-5.991
PTGS2,s_ARG402,mut_s1,detail,1,2,NICJTSHRYBTHAS-YHMJCDSINA-N,-8.073
PTGS2,s_ARG402,mut_s1,detail,1,3,SWRZVDTZHDWPDS-AWIDAIFANA-N,-8.119
PTGS2,s_ARG402,mut_s1,detail,1,4,RKNSLLSUFWWYCA-UHFFFAOYNA-N,-11.182
PTGS2,s_ARG402,mut_s1,detail,1,5,OZFSIKFTRRUDES-RIYZIHGNNA-N,-7.554
PTGS2,s_ARG402,mut_s1,detail,1,6,AAGGUCRASUJPPN-UHFFFAOYNA-N,-8.237
PTGS2,s_ARG402,mut_s1,detail,1,7,OYHXDPMAFYHDNG-YAQRNVERNA-N,-8.647
PTGS2,s_ARG402,mut_s1,detail,1,8,AWILWAIEQYZUEQ-UHFFFAOYNA-N,-7.638
PTGS2,s_ARG402,mut_s1,detail,1,9,WSFAXHLMQUUHQT-VMPITWQZNA-N,-6.605
PTGS2,s_ARG402,mut_s1,detail,1,10,WPHMTVNOXKBZKN-UHFFFAOYNA-N,-7.283
PTGS2,s_ARG402,mut_s1,detail,1,11,LPEIZNODGHDCCW-UHFFFAOYNA-N,-6.936
PTGS2,s_ARG402,mut_s1,detail,1,12,QQHWWDVSRWOHEP-LILDFLRNNA-N,-8.824
PTGS2,s_ARG402,mut_s1,detail,1,13,UMEVSSPGBFVQNC-UHFFFAOYNA-N,-7.072
PTGS2,s_ARG402,mut_s1,detail,1,14,VZDIOEKWWZRNQN-UHFFFAOYNA-N,-9.686
PTGS2,s_ARG402,mut_s1,detail,1,15,JEVLDOUORFAHRS-NDKGDYFDNA-N,-7.43
PTGS2,s_ARG402,mut_s1,detail,1,16,NFTGJNJRMWUBPG-GPQMBLKYNA-N,-8.049
PTGS2,s_ARG402,mut_s1,detail,1,17,UMUUTEZBWGDVDA-UHFFFAOYNA-N,-8.344
PTGS2,s_ARG402,mut_s1,detail,1,18,VLQKEPLNPGYNDJ-HCKMINDGNA-N,-8.056
PTGS2,s_ARG402,mut_s1,detail,1,19,PPMVTAATPZLMJM-CDDDEJBQNA-N,-8.933
PTGS2,s_ARG402,mut_s1,detail,1,20,AHLYFAKLKLMESK-YAQRNVERNA-N,-7.979
PTGS2,s_ARG402,mut_s1,detail,1,21,GYEJYLAGVWRSIM-KGJHZMDYNA-N,-8.069
PTGS2,s_ARG402,mut_s1,detail,1,22,RXVALSLAUOIYLW-UHFFFAOYNA-N,-7.923
PTGS2,s_ARG402,mut_s1,detail,1,23,NSELYIFATLFDOZ-JLGFQASFNA-N,-8.306
PTGS2,s_ARG402,mut_s1,detail,1,24,COQFBYACOHFCEC-UHFFFAOYNA-N,-7.527
PTGS2,s_ARG402,mut_s1,detail,1,25,CJGJXFCLDYQBFQ-YJGXKCCXNA-N,-8.942
PTGS2,s_ARG402,mut_s1,detail,1,26,BWNGRRJLFYHENY-INIZCTEONA-N,-8.003
PTGS2,s_ARG402,mut_s1,detail,1,27,BNRFXWSJKVJVOF-UYBDAZJANA-N,-9.062
PTGS2,s_ARG402,mut_s1,detail,1,28,DMULMZBZVBBWBY-PJZINPJWNA-N,-9.262
PTGS2,s_ARG402,mut_s1,detail,1,29,AXLAIGJGNKHDPO-UHFFFAOYNA-N,-7.15
PTGS2,s_ARG402,mut_s1,detail,1,30,RKDGAONZEPYEBT-WXRBYKJCNA-N,-7.785
PTGS2,s_ARG402,mut_s1,detail,1,31,MBOYDUZSCSNUQL-MBBDSNKKNA-N,-7.465
PTGS2,s_ARG402,mut_s1,detail,1,32,KPVDBHRTXOFQDK-YAQRNVERNA-N,-6.971
PTGS2,s_ARG402,mut_s1,detail,1,33,LVCNFMYUKISBSB-VJSNTGQMNA-N,-8.48
PTGS2,s_ARG402,mut_s1,detail,1,34,XLAHCIRKLMJUQC-DZQCGVKKNA-N,-10.671
PTGS2,s_ARG402,mut_s1,detail,1,35,QNYHDABGLCBJOE-SHHGZXMVNA-N,-8.787
PTGS2,s_ARG402,mut_s1,detail,1,36,HEKNRISBWSPMOG-OWTLIXCDNA-N,-7.413
PTGS2,s_ARG402,mut_s1,detail,1,37,VIRNXCRLEVZXNX-LILDFLRNNA-N,-9.782
PTGS2,s_ARG402,mut_s1,detail,1,38,SRTGERSEXJGDMR-UHFFFAOYNA-N,-7.498
PTGS2,s_ARG402,mut_s1,detail,1,39,ZGMGSSRLZJYOKH-WXRBYKJCNA-N,-7.908
PTGS2,s_ARG402,mut_s1,detail,1,40,VGYFDFRFGHHCDA-CUTUCBJDNA-N,-9.807
PTGS2,s_ARG402,mut_s1,detail,1,41,DILPMLYWQJPNLO-HCKMINDGNA-N,-6.794
PTGS2,s_ARG402,mut_s1,detail,1,42,RSOODJIGEVJLMK-LQFNOIFHNA-N,-8.718
PTGS2,s_ARG402,mut_s1,detail,1,43,OWHHWMUAYBIQPR-UHFFFAOYNA-N,-8.727
PTGS2,s_ARG402,mut_s1,detail,1,44,KPIKMVZJKZDOFC-UHFFFAOYNA-N,-8.401
PTGS2,s_ARG402,mut_s1,detail,1,45,DIKDKRUREJXLMR-DPMTXJEANA-N,-8.543
PTGS2,s_ARG402,mut_s1,detail,1,46,QRVJDPKQHAVBDK-UYBDAZJANA-N,-6.942
PTGS2,s_ARG402,mut_s1,detail,1,47,SGBSFKSDPWOALT-UYBDAZJANA-N,-7.823
PTGS2,s_ARG402,mut_s1,detail,1,48,CYHFRNFVZWVHCG-OTJKMEOQNA-N,-9.902
PTGS2,s_ARG402,mut_s1,detail,1,49,MJUDQDHXCQONOA-MPIMZMORNA-N,-8.318
PTGS2,s_ARG402,mut_s1,detail,1,50,RNVYRNLUUYNQAS-PKSOQXRJNA-N,-7.13
PTGS2,s_ARG402,mut_s1,detail,1,51,DLZXOZYETDVJEB-QWOVJGMINA-N,-7.349
PTGS2,s_ARG402,mut_s1,detail,1,52,HSICVZRDGBJSEL-GPQMBLKYNA-N,-8.325
PTGS2,s_ARG402,mut_s1,detail,1,53,HMRUHHFLIMYEAF-QNGOCPJXNA-N,-7.901
PTGS2,s_ARG402,mut_s1,detail,1,54,ZZOWQPSBJUXHCA-YSPRVCGUNA-N,-8.537
PTGS2,s_ARG402,mut_s1,detail,1,55,WDDJLHOUFWSQSV-UHFFFAOYNA-N,-7.633
PTGS2,s_ARG402,mut_s1,detail,1,56,UKLIIGXGTPSYBF-IBCWCQIKNA-N,-6.75
PTGS2,s_ARG402,mut_s1,detail,1,57,LNPOBRXJZYGQMS-MOHJPFBDNA-N,-6.898
PTGS2,s_ARG402,mut_s1,detail,1,58,FYILBFPPKIZBTO-UHFFFAOYNA-N,-9.444
PTGS2,s_ARG402,mut_s1,detail,1,59,MIKIJFODTJGFDI-LILDFLRNNA-N,-9.052
PTGS2,s_ARG402,mut_s1,detail,1,60,RUWCNSLWWCWTSU-LILDFLRNNA-N,-8.134
PTGS2,s_ARG402,mut_s1,detail,1,61,KLQWCHKIQJHYIB-UHFFFAOYNA-N,-10.7
PTGS2,s_ARG402,mut_s1,detail,1,62,QKAWGENQCGFAOE-NPVYFSBINA-N,-7.638
PTGS2,s_ARG402,mut_s1,detail,1,63,KGOKCBRZBBEYBE-MMRXBHCZNA-N,-7.588
PTGS2,s_ARG402,mut_s1,detail,1,64,ROFRXCLSWKEWTN-UHFFFAOYNA-N,-6.15
PTGS2,s_ARG402,mut_s1,detail,1,65,AKRMJNKLSCBEME-FPYGCLRLNA-N,-8.229
PTGS2,s_ARG402,mut_s1,detail,1,66,LCGJUJZLLYTYIF-XMFFZCEENA-N,-9.197
PTGS2,s_ARG402,mut_s1,detail,1,67,FREQNFSEYLEFOI-QRCVEOAVNA-N,-8.361
PTGS2,s_ARG402,mut_s1,detail,1,68,MHMINAYLMNBGSM-UHFFFAOYNA-N,-8.492
PTGS2,s_ARG402,mut_s1,detail,1,69,SYMNTBHEGHFZMV-UHFFFAOYNA-N,-7.875
PTGS2,s_ARG402,mut_s1,detail,1,70,NNCRWGMPCGSKOO-LILDFLRNNA-N,-8.013
PTGS2,s_ARG402,mut_s1,detail,1,71,ZCRRNCCNJMRGFI-UHFFFAOYNA-N,-7.467
PTGS2,s_ARG402,mut_s1,detail,1,72,PYVZEIBGEUQNQQ-UHFFFAOYNA-N,-11.351
PTGS2,s_ARG402,mut_s1,detail,1,73,OROJQWVRCGJACT-XBTAAFKLNA-N,-8.693
PTGS2,s_ARG402,mut_s1,detail,1,74,TXYUWXKCUDOUGU-JLGFQASFNA-N,-7.418
PTGS2,s_ARG402,mut_s1,detail,1,75,LAZANALODSEDSE-UHFFFAOYNA-N,-8.661
PTGS2,s_ARG402,mut_s1,detail,1,76,RJXCYVJLXGRCHK-UHFFFAOYNA-N,-7.848
PTGS2,s_ARG402,mut_s1,detail,1,77,FUSKIBWHJAWEFI-IEJAXPBYNA-N,-8.008
PTGS2,s_ARG402,mut_s1,detail,1,78,SGWVLOCBQLQWQV-UHFFFAOYNA-N,-7.738
PTGS2,s_ARG402,mut_s1,detail,1,79,PPXRQTYXLZCDAZ-QWOVJGMINA-N,-8.278
PTGS2,s_ARG402,mut_s1,detail,1,80,DIFBADFWLVYFHV-LELJVTLKNA-N,-6.878
PTGS2,s_ARG402,mut_s1,detail,1,81,XREOSEVJCQGCHE-MHPMNMKGNA-N,-8.57
PTGS2,s_ARG402,mut_s1,detail,1,82,ZHGPKHBXSKWZEQ-UHFFFAOYNA-N,-9.833
PTGS2,s_ARG402,mut_s1,detail,1,83,ZFAYPJJNPSNAFK-UHFFFAOYNA-N,-8.136
PTGS2,s_ARG402,mut_s1,detail,1,84,LTXMRAGWIDQTQT-MYUTVWBTNA-N,-9.443
PTGS2,s_ARG402,mut_s1,detail,1,85,VXQHYHSSGLOALC-SPEPDGBUNA-N,-8.664
PTGS2,s_ARG402,mut_s1,detail,1,86,KWDSFRAWCISROF-PJQSKVNONA-N,-7.696
PTGS2,s_ARG402,mut_s1,detail,1,87,ZJZXSQPHUQUHIV-ZGZFQTMPNA-N,-7.693
PTGS2,s_ARG402,mut_s1,detail,1,88,UYHIVPBYFWVWEJ-UHFFFAOYNA-N,-8.056
PTGS2,s_ARG402,mut_s1,detail,1,89,PLEFJSUCKRWHBY-LNNLXFCONA-N,-6.573
PTGS2,s_ARG402,mut_s1,detail,1,90,DNSRQCRQLKJUCC-PDJAEHLQNA-N,-7.43
PTGS2,s_ARG402,mut_s1,detail,1,91,PHYKZCBUNVYJNH-YDBXFXKPNA-N,-6.686
PTGS2,s_ARG402,mut_s1,detail,1,92,OOUHZBUAVKCDGA-UHFFFAOYNA-N,-6.86
PTGS2,s_ARG402,mut_s1,detail,1,93,UUQDFZFJDFMLHW-UHFFFAOYNA-N,-7.695
PTGS2,s_ARG402,mut_s1,detail,1,94,OOUDDHNLDLLUOL-SKKVRFOWNA-N,-8.982
PTGS2,s_ARG402,mut_s1,detail,1,95,ZDMQSUAMTLXUTE-MPIMZMORNA-N,-7.13
PTGS2,s_ARG402,mut_s1,detail,1,96,NMPLPABDEKPABN-UHFFFAOYNA-N,-8.13
PTGS2,s_ARG402,mut_s1,detail,1,97,INZRHGSVWGRHBM-NPVYFSBINA-N,-7.645
PTGS2,s_ARG402,mut_s1,detail,1,98,RVGCWMKVTAEQIH-LNNLXFCONA-N,-7.995
PTGS2,s_ARG402,mut_s1,detail,1,99,VRXWKRQOVMZBAF-LJQANCHMNA-N,-6.649
PTGS2,s_ARG402,mut_s1,detail,1,100,QACLWOIBBYOHQP-UYBDAZJANA-N,-8.882
PTGS2,s_ARG402,mut_s1,detail,1,101,ZNXSZVFPCBIELQ-LNNLXFCONA-N,-7.891
PTGS2,s_ARG402,mut_s1,detail,1,102,GKMWCCNMKRSQHR-VEKUMTKDNA-N,-7.582
PTGS2,s_ARG402,mut_s1,detail,1,103,FFGUSRSMWFYKGK-SKKVRFOWNA-N,-8.833
PTGS2,s_ARG402,mut_s1,detail,1,104,KXBDDGKXLZBLOM-SPEPDGBUNA-N,-7.449
PTGS2,s_ARG402,mut_s1,detail,1,105,MIUWULAZCXYTJW-MSHHZIMBNA-N,-7.921
PTGS2,s_ARG402,mut_s1,detail,1,106,JPZOYWVRFLZCIC-NJNXFGOHNA-N,-8.122
PTGS2,s_ARG402,mut_s1,detail,1,107,FAIQTLBYDVKBAB-DVIAZDKANA-N,-7.695
PTGS2,s_ARG402,mut_s1,detail,1,108,APFLRZZAOXCNAZ-UHFFFAOYNA-N,-9.17
PTGS2,s_ARG402,mut_s1,detail,1,109,BSQLDSQTGOZBFD-UHFFFAOYNA-N,-6.82
PTGS2,s_ARG402,mut_s1,detail,1,110,ZVVCFJXCDATSCC-UHFFFAOYNA-N,-9.546
PTGS2,s_ARG402,mut_s1,detail,1,111,SKEQTXZATFWVMB-UYBDAZJANA-N,-7.099
PTGS2,s_ARG402,mut_s1,detail,1,112,IATWYRHDJKMBQK-MPIMZMORNA-N,-8.63
PTGS2,s_ARG402,mut_s1,detail,1,113,JPWOEQDCUZCWKT-MPIMZMORNA-N,-7.135
PTGS2,s_ARG402,mut_s1,detail,1,114,RYHSAXRBHDHPPK-PKSOQXRJNA-N,-6.906
PTGS2,s_ARG402,mut_s1,detail,1,115,GKKJWUFVZJJFPG-MPIMZMORNA-N,-7.465
PTGS2,s_ARG402,mut_s1,detail,1,116,FDNZXFDUCINVLY-BDGWVKIONA-N,-8.422
PTGS2,s_ARG402,mut_s1,detail,1,117,KTBYKHKWIFIFAK-UHFFFAOYNA-N,-8.592
PTGS2,s_ARG402,mut_s1,detail,1,118,ZRXZEWGUECXTTQ-LQFNOIFHNA-N,-7.693
PTGS2,s_ARG402,mut_s1,detail,1,119,XNACBBGLIAJNJM-PECIQRARNA-N,-10.709
PTGS2,s_ARG402,mut_s1,detail,1,120,WQZYYJRVBIQUGH-YWZOXAELNA-N,-8.205
PTGS2,s_ARG402,mut_s1,detail,1,121,ABMSRNRLDZVJFV-SWUIVHNENA-N,-9.252
PTGS2,s_ARG402,mut_s1,detail,1,122,ZEACBIUBSOLEGW-QAITUMOCNA-N,-8.823
PTGS2,s_ARG402,mut_s1,detail,1,123,UBFCDXVLKFOOGL-OKPOJWAQNA-N,-9.564
PTGS2,s_ARG402,mut_s1,detail,1,124,RRIHVAFUFDANEX-NSJMMFDCNA-N,-6.705
PTGS2,s_ARG402,mut_s1,detail,1,125,HASIAUWPWKTSBW-SREBMQDQNA-N,-5.77
PTGS2,s_ARG402,mut_s1,detail,1,126,WHBCKYHTCHCHAY-LQFNOIFHNA-N,-7.169
PTGS2,s_ARG402,mut_s1,detail,1,127,XMAYWYJOQHXEEK-JYFHCDHNNA-N,-7.856
PTGS2,s_ARG402,mut_s1,detail,1,128,TVKCFCZANTZCSU-OYRHEFFENA-N,-8.211
PTGS2,s_ARG402,mut_s1,detail,1,129,OJFIIUWPOHBVMH-LNNLXFCONA-N,-6.456
PTGS2,s_ARG402,mut_s1,detail,1,130,DKLZMGFTGWKNCD-DIRLUKLVNA-N,-7.713
PTGS2,s_ARG402,mut_s1,detail,1,131,PYSLGWZFRQWTDD-PWIKPTQSNA-N,-8.516
PTGS2,s_ARG402,mut_s1,detail,1,132,MWMBIUUYBQWKJX-QTUCRYGENA-N,-6.853
PTGS2,s_ARG402,mut_s1,detail,1,133,FLYQFCXTEFTSQN-UHFFFAOYNA-N,-7.04
PTGS2,s_ARG402,mut_s1,detail,1,134,PBIBDSDWIMZYDT-WBWGZOKWNA-N,-7.899
PTGS2,s_ARG402,mut_s1,detail,1,135,GSRWMFGBDLHGBU-YEFLILRRNA-N,-7.124
PTGS2,s_ARG402,mut_s1,detail,1,136,AYIJJQHMZAEQKE-QDAGQJSJNA-N,-6.843
PTGS2,s_ARG402,mut_s1,detail,1,137,JVWTZUKPDMRNDC-FSAKADSPNA-N,-7.305
PTGS2,s_ARG402,mut_s1,detail,1,138,XAZPLOLSRXZDBO-LBZABMTDNA-N,-6.63
PTGS2,s_ARG402,mut_s1,detail,1,139,RGWVFJBNHCWCTL-CFEGKOCINA-N,-8.851
PTGS2,s_ARG402,mut_s1,detail,1,140,YYWNRQZCPIMCAK-UHFFFAOYNA-N,-8.652
PTGS2,s_ARG402,mut_s1,detail,1,141,PBTZDKNKXRSZPM-XBXBPLPCNA-N,-9.374
PTGS2,s_ARG402,mut_s1,detail,1,142,QQPOIMHFFPBDQM-LELJVTLKNA-N,-7.253
PTGS2,s_ARG402,mut_s1,detail,1,143,NYFQURFFDGCBCB-MAQJPOOANA-N,-6.427
PTGS2,s_ARG402,mut_s1,detail,1,144,HXZVHWHABLBWBS-MTTPVDACNA-N,-8.582
PTGS2,s_ARG402,mut_s1,detail,1,145,IWYYSOJWYLZKLK-LELJVTLKNA-N,-6.816
PTGS2,s_ARG402,mut_s1,detail,1,146,HOGUCNPGZXMBGW-UHFFFAOYNA-N,-8.386
PTGS2,s_ARG402,mut_s1,detail,1,147,VITUDJAVASFPKN-DUFUIDNCNA-N,-7.082
PTGS2,s_ARG402,mut_s1,detail,1,148,IXAHDCRYEUYPBG-SCXYCHFONA-N,-8.728
PTGS2,s_ARG402,mut_s1,detail,1,149,JWHMEKMLAZQDNS-OZMOGHDGNA-N,-7.612
PTGS2,s_ARG402,mut_s1,detail,1,150,BZWNBTIJLRHNDZ-LBOYIXSDNA-N,-6.989
PTGS2,s_ARG402,mut_s1,detail,1,151,RECYROBESYRUML-UHFFFAOYNA-N,-8.463
PTGS2,s_ARG402,mut_s1,detail,1,152,MLDSJJJLQRZNKW-UHBIVWOUNA-N,-8.913
PTGS2,s_ARG402,mut_s1,detail,1,153,XTWIHJARHCYNFX-PHXLCVRDNA-N,-8.456
PTGS2,s_ARG402,mut_s1,detail,1,154,UQGFETVWTRDGKJ-UHFFFAOYNA-N,-6.275
PTGS2,s_ARG402,mut_s1,detail,1,155,VJFSMDWEMFOWDK-CYSPOYASNA-N,-8.281
PTGS2,s_ARG402,mut_s1,detail,1,156,NZYLXYBIWNIAGH-CYSPOYASNA-N,-8.162
PTGS2,s_ARG402,mut_s1,detail,1,157,ODXCWFOKLBJQNP-MPIMZMORNA-N,-8.206
PTGS2,s_ARG402,mut_s1,detail,1,158,FVDNMAPPDSKXKQ-UHFFFAOYNA-N,-8.573
PTGS2,s_ARG402,mut_s1,detail,1,159,DOPWMPRIRWTOOD-CCHPKIMANA-N,-7.448
PTGS2,s_ARG436,mut_s1,detail,1,0,URVMSYHISUZXNH-UYBDAZJANA-N,-10.043
PTGS2,s_ARG436,mut_s1,detail,1,1,KXRPCFINVWWFHQ-UHFFFAOYNA-N,-6.015
PTGS2,s_ARG436,mut_s1,detail,1,2,NICJTSHRYBTHAS-YHMJCDSINA-N,-8.096
PTGS2,s_ARG436,mut_s1,detail,1,3,SWRZVDTZHDWPDS-AWIDAIFANA-N,-8.271
PTGS2,s_ARG436,mut_s1,detail,1,4,RKNSLLSUFWWYCA-UHFFFAOYNA-N,-11.209
PTGS2,s_ARG436,mut_s1,detail,1,5,OZFSIKFTRRUDES-RIYZIHGNNA-N,-7.559
PTGS2,s_ARG436,mut_s1,detail,1,6,AAGGUCRASUJPPN-UHFFFAOYNA-N,-8.054
PTGS2,s_ARG436,mut_s1,detail,1,7,OYHXDPMAFYHDNG-YAQRNVERNA-N,-8.597
PTGS2,s_ARG436,mut_s1,detail,1,8,AWILWAIEQYZUEQ-UHFFFAOYNA-N,-7.822
PTGS2,s_ARG436,mut_s1,detail,1,9,WSFAXHLMQUUHQT-VMPITWQZNA-N,-6.769
PTGS2,s_ARG436,mut_s1,detail,1,10,WPHMTVNOXKBZKN-UHFFFAOYNA-N,-7.298
PTGS2,s_ARG436,mut_s1,detail,1,11,LPEIZNODGHDCCW-UHFFFAOYNA-N,-6.97
PTGS2,s_ARG436,mut_s1,detail,1,12,QQHWWDVSRWOHEP-LILDFLRNNA-N,-9.11
PTGS2,s_ARG436,mut_s1,detail,1,13,UMEVSSPGBFVQNC-UHFFFAOYNA-N,-7.149
PTGS2,s_ARG436,mut_s1,detail,1,14,VZDIOEKWWZRNQN-UHFFFAOYNA-N,-9.678
PTGS2,s_ARG436,mut_s1,detail,1,15,JEVLDOUORFAHRS-NDKGDYFDNA-N,-7.397
PTGS2,s_ARG436,mut_s1,detail,1,16,NFTGJNJRMWUBPG-GPQMBLKYNA-N,-7.852
PTGS2,s_ARG436,mut_s1,detail,1,17,UMUUTEZBWGDVDA-UHFFFAOYNA-N,-8.376
PTGS2,s_ARG436,mut_s1,detail,1,18,VLQKEPLNPGYNDJ-HCKMINDGNA-N,-8.099
PTGS2,s_ARG436,mut_s1,detail,1,19,PPMVTAATPZLMJM-CDDDEJBQNA-N,-8.908
PTGS2,s_ARG436,mut_s1,detail,1,20,AHLYFAKLKLMESK-YAQRNVERNA-N,-7.972
PTGS2,s_ARG436,mut_s1,detail,1,21,GYEJYLAGVWRSIM-KGJHZMDYNA-N,-8.047
PTGS2,s_ARG436,mut_s1,detail,1,22,RXVALSLAUOIYLW-UHFFFAOYNA-N,-7.916
PTGS2,s_ARG436,mut_s1,detail,1,23,NSELYIFATLFDOZ-JLGFQASFNA-N,-8.215
PTGS2,s_ARG436,mut_s1,detail,1,24,COQFBYACOHFCEC-UHFFFAOYNA-N,-7.652
PTGS2,s_ARG436,mut_s1,detail,1,25,CJGJXFCLDYQBFQ-YJGXKCCXNA-N,-8.968
PTGS2,s_ARG436,mut_s1,detail,1,26,BWNGRRJLFYHENY-INIZCTEONA-N,-7.967
PTGS2,s_ARG436,mut_s1,detail,1,27,BNRFXWSJKVJVOF-UYBDAZJANA-N,-9.267
PTGS2,s_ARG436,mut_s1,detail,1,28,DMULMZBZVBBWBY-PJZINPJWNA-N,-9.25
PTGS2,s_ARG436,mut_s1,detail,1,29,AXLAIGJGNKHDPO-UHFFFAOYNA-N,-7.464
PTGS2,s_ARG436,mut_s1,detail,1,30,RKDGAONZEPYEBT-WXRBYKJCNA-N,-7.781
PTGS2,s_ARG436,mut_s1,detail,1,31,MBOYDUZSCSNUQL-MBBDSNKKNA-N,-7.521
PTGS2,s_ARG436,mut_s1,detail,1,32,KPVDBHRTXOFQDK-YAQRNVERNA-N,-7.343
PTGS2,s_ARG436,mut_s1,detail,1,33,LVCNFMYUKISBSB-VJSNTGQMNA-N,-8.51
PTGS2,s_ARG436,mut_s1,detail,1,34,XLAHCIRKLMJUQC-DZQCGVKKNA-N,-10.644
PTGS2,s_ARG436,mut_s1,detail,1,35,QNYHDABGLCBJOE-SHHGZXMVNA-N,-8.709
PTGS2,s_ARG436,mut_s1,detail,1,36,HEKNRISBWSPMOG-OWTLIXCDNA-N,-7.422
PTGS2,s_ARG436,mut_s1,detail,1,37,VIRNXCRLEVZXNX-LILDFLRNNA-N,-9.8
PTGS2,s_ARG436,mut_s1,detail,1,38,SRTGERSEXJGDMR-UHFFFAOYNA-N,-8.09
PTGS2,s_ARG436,mut_s1,detail,1,39,ZGMGSSRLZJYOKH-WXRBYKJCNA-N,-7.677
PTGS2,s_ARG436,mut_s1,detail,1,40,VGYFDFRFGHHCDA-CUTUCBJDNA-N,-9.894
PTGS2,s_ARG436,mut_s1,detail,1,41,DILPMLYWQJPNLO-HCKMINDGNA-N,-6.787
PTGS2,s_ARG436,mut_s1,detail,1,42,RSOODJIGEVJLMK-LQFNOIFHNA-N,-8.87
PTGS2,s_ARG436,mut_s1,detail,1,43,OWHHWMUAYBIQPR-UHFFFAOYNA-N,-8.944
PTGS2,s_ARG436,mut_s1,detail,1,44,KPIKMVZJKZDOFC-UHFFFAOYNA-N,-8.424
PTGS2,s_ARG436,mut_s1,detail,1,45,DIKDKRUREJXLMR-DPMTXJEANA-N,-8.378
PTGS2,s_ARG436,mut_s1,detail,1,46,QRVJDPKQHAVBDK-UYBDAZJANA-N,-6.962
PTGS2,s_ARG436,mut_s1,detail,1,47,SGBSFKSDPWOALT-UYBDAZJANA-N,-7.891
PTGS2,s_ARG436,mut_s1,detail,1,48,CYHFRNFVZWVHCG-OTJKMEOQNA-N,-9.511
PTGS2,s_ARG436,mut_s1,detail,1,49,MJUDQDHXCQONOA-MPIMZMORNA-N,-8.23
PTGS2,s_ARG436,mut_s1,detail,1,50,RNVYRNLUUYNQAS-PKSOQXRJNA-N,-7.242
PTGS2,s_ARG436,mut_s1,detail,1,51,DLZXOZYETDVJEB-QWOVJGMINA-N,-8.086
PTGS2,s_ARG436,mut_s1,detail,1,52,HSICVZRDGBJSEL-GPQMBLKYNA-N,-8.347
PTGS2,s_ARG436,mut_s1,detail,1,53,HMRUHHFLIMYEAF-QNGOCPJXNA-N,-8.237
PTGS2,s_ARG436,mut_s1,detail,1,54,ZZOWQPSBJUXHCA-YSPRVCGUNA-N,-8.529
PTGS2,s_ARG436,mut_s1,detail,1,55,WDDJLHOUFWSQSV-UHFFFAOYNA-N,-7.673
PTGS2,s_ARG436,mut_s1,detail,1,56,UKLIIGXGTPSYBF-IBCWCQIKNA-N,-6.677
PTGS2,s_ARG436,mut_s1,detail,1,57,LNPOBRXJZYGQMS-MOHJPFBDNA-N,-6.982
PTGS2,s_ARG436,mut_s1,detail,1,58,FYILBFPPKIZBTO-UHFFFAOYNA-N,-9.508
PTGS2,s_ARG436,mut_s1,detail,1,59,MIKIJFODTJGFDI-LILDFLRNNA-N,-8.381
PTGS2,s_ARG436,mut_s1,detail,1,60,RUWCNSLWWCWTSU-LILDFLRNNA-N,-8.25
PTGS2,s_ARG436,mut_s1,detail,1,61,KLQWCHKIQJHYIB-UHFFFAOYNA-N,-10.707
PTGS2,s_ARG436,mut_s1,detail,1,62,QKAWGENQCGFAOE-NPVYFSBINA-N,-8.026
PTGS2,s_ARG436,mut_s1,detail,1,63,KGOKCBRZBBEYBE-MMRXBHCZNA-N,-7.659
PTGS2,s_ARG436,mut_s1,detail,1,64,ROFRXCLSWKEWTN-UHFFFAOYNA-N,-6.15
PTGS2,s_ARG436,mut_s1,detail,1,65,AKRMJNKLSCBEME-FPYGCLRLNA-N,-7.968
PTGS2,s_ARG436,mut_s1,detail,1,66,LCGJUJZLLYTYIF-XMFFZCEENA-N,-9.184
PTGS2,s_ARG436,mut_s1,detail,1,67,FREQNFSEYLEFOI-QRCVEOAVNA-N,-9.029
PTGS2,s_ARG436,mut_s1,detail,1,68,MHMINAYLMNBGSM-UHFFFAOYNA-N,-8.952
PTGS2,s_ARG436,mut_s1,detail,1,69,SYMNTBHEGHFZMV-UHFFFAOYNA-N,-7.833
PTGS2,s_ARG436,mut_s1,detail,1,70,NNCRWGMPCGSKOO-LILDFLRNNA-N,-7.463
PTGS2,s_ARG436,mut_s1,detail,1,71,ZCRRNCCNJMRGFI-UHFFFAOYNA-N,-8.564
PTGS2,s_ARG436,mut_s1,detail,1,72,PYVZEIBGEUQNQQ-UHFFFAOYNA-N,-11.304
PTGS2,s_ARG436,mut_s1,detail,1,73,OROJQWVRCGJACT-XBTAAFKLNA-N,-8.603
PTGS2,s_ARG436,mut_s1,detail,1,74,TXYUWXKCUDOUGU-JLGFQASFNA-N,-7.473
PTGS2,s_ARG436,mut_s1,detail,1,75,LAZANALODSEDSE-UHFFFAOYNA-N,-8.9
PTGS2,s_ARG436,mut_s1,detail,1,76,RJXCYVJLXGRCHK-UHFFFAOYNA-N,-8.001
PTGS2,s_ARG436,mut_s1,detail,1,77,FUSKIBWHJAWEFI-IEJAXPBYNA-N,-8.562
PTGS2,s_ARG436,mut_s1,detail,1,78,SGWVLOCBQLQWQV-UHFFFAOYNA-N,-7.596
PTGS2,s_ARG436,mut_s1,detail,1,79,PPXRQTYXLZCDAZ-QWOVJGMINA-N,-8.099
PTGS2,s_ARG436,mut_s1,detail,1,80,DIFBADFWLVYFHV-LELJVTLKNA-N,-7.13
PTGS2,s_ARG436,mut_s1,detail,1,81,XREOSEVJCQGCHE-MHPMNMKGNA-N,-8.643
PTGS2,s_ARG436,mut_s1,detail,1,82,ZHGPKHBXSKWZEQ-UHFFFAOYNA-N,-9.862
PTGS2,s_ARG436,mut_s1,detail,1,83,ZFAYPJJNPSNAFK-UHFFFAOYNA-N,-8.138
PTGS2,s_ARG436,mut_s1,detail,1,84,LTXMRAGWIDQTQT-MYUTVWBTNA-N,-9.365
PTGS2,s_ARG436,mut_s1,detail,1,85,VXQHYHSSGLOALC-SPEPDGBUNA-N,-8.729
PTGS2,s_ARG436,mut_s1,detail,1,86,KWDSFRAWCISROF-PJQSKVNONA-N,-7.308
PTGS2,s_ARG436,mut_s1,detail,1,87,ZJZXSQPHUQUHIV-ZGZFQTMPNA-N,-7.962
PTGS2,s_ARG436,mut_s1,detail,1,88,UYHIVPBYFWVWEJ-UHFFFAOYNA-N,-8.041
PTGS2,s_ARG436,mut_s1,detail,1,89,PLEFJSUCKRWHBY-LNNLXFCONA-N,-7.044
PTGS2,s_ARG436,mut_s1,detail,1,90,DNSRQCRQLKJUCC-PDJAEHLQNA-N,-7.488
PTGS2,s_ARG436,mut_s1,detail,1,91,PHYKZCBUNVYJNH-YDBXFXKPNA-N,-6.236
PTGS2,s_ARG436,mut_s1,detail,1,92,OOUHZBUAVKCDGA-UHFFFAOYNA-N,-6.194
PTGS2,s_ARG436,mut_s1,detail,1,93,UUQDFZFJDFMLHW-UHFFFAOYNA-N,-7.592
PTGS2,s_ARG436,mut_s1,detail,1,94,OOUDDHNLDLLUOL-SKKVRFOWNA-N,-8.964
PTGS2,s_ARG436,mut_s1,detail,1,95,ZDMQSUAMTLXUTE-MPIMZMORNA-N,-7.256
PTGS2,s_ARG436,mut_s1,detail,1,96,NMPLPABDEKPABN-UHFFFAOYNA-N,-8.238
PTGS2,s_ARG436,mut_s1,detail,1,97,INZRHGSVWGRHBM-NPVYFSBINA-N,-7.515
PTGS2,s_ARG436,mut_s1,detail,1,98,RVGCWMKVTAEQIH-LNNLXFCONA-N,-7.651
PTGS2,s_ARG436,mut_s1,detail,1,99,VRXWKRQOVMZBAF-LJQANCHMNA-N,-6.585
PTGS2,s_ARG436,mut_s1,detail,1,100,QACLWOIBBYOHQP-UYBDAZJANA-N,-8.891
PTGS2,s_ARG436,mut_s1,detail,1,101,ZNXSZVFPCBIELQ-LNNLXFCONA-N,-6.969
PTGS2,s_ARG436,mut_s1,detail,1,102,GKMWCCNMKRSQHR-VEKUMTKDNA-N,-7.071
PTGS2,s_ARG436,mut_s1,detail,1,103,FFGUSRSMWFYKGK-SKKVRFOWNA-N,-8.875
PTGS2,s_ARG436,mut_s1,detail,1,104,KXBDDGKXLZBLOM-SPEPDGBUNA-N,-7.032
PTGS2,s_ARG436,mut_s1,detail,1,105,MIUWULAZCXYTJW-MSHHZIMBNA-N,-8.333
PTGS2,s_ARG436,mut_s1,detail,1,106,JPZOYWVRFLZCIC-NJNXFGOHNA-N,-8.123
PTGS2,s_ARG436,mut_s1,detail,1,107,FAIQTLBYDVKBAB-DVIAZDKANA-N,-9.397
PTGS2,s_ARG436,mut_s1,detail,1,108,APFLRZZAOXCNAZ-UHFFFAOYNA-N,-9.358
PTGS2,s_ARG436,mut_s1,detail,1,109,BSQLDSQTGOZBFD-UHFFFAOYNA-N,-6.838
PTGS2,s_ARG436,mut_s1,detail,1,110,ZVVCFJXCDATSCC-UHFFFAOYNA-N,-9.505
PTGS2,s_ARG436,mut_s1,detail,1,111,SKEQTXZATFWVMB-UYBDAZJANA-N,-6.572
PTGS2,s_ARG436,mut_s1,detail,1,112,IATWYRHDJKMBQK-MPIMZMORNA-N,-9.359
PTGS2,s_ARG436,mut_s1,detail,1,113,JPWOEQDCUZCWKT-MPIMZMORNA-N,-6.152
PTGS2,s_ARG436,mut_s1,detail,1,114,RYHSAXRBHDHPPK-PKSOQXRJNA-N,-6.713
PTGS2,s_ARG436,mut_s1,detail,1,115,GKKJWUFVZJJFPG-MPIMZMORNA-N,-7.635
PTGS2,s_ARG436,mut_s1,detail,1,116,FDNZXFDUCINVLY-BDGWVKIONA-N,-9.17
PTGS2,s_ARG436,mut_s1,detail,1,117,KTBYKHKWIFIFAK-UHFFFAOYNA-N,-8.581
PTGS2,s_ARG436,mut_s1,detail,1,118,ZRXZEWGUECXTTQ-LQFNOIFHNA-N,-7.507
PTGS2,s_ARG436,mut_s1,detail,1,119,XNACBBGLIAJNJM-PECIQRARNA-N,-10.704
PTGS2,s_ARG436,mut_s1,detail,1,120,WQZYYJRVBIQUGH-YWZOXAELNA-N,-7.695
PTGS2,s_ARG436,mut_s1,detail,1,121,ABMSRNRLDZVJFV-SWUIVHNENA-N,-9.284
PTGS2,s_ARG436,mut_s1,detail,1,122,ZEACBIUBSOLEGW-QAITUMOCNA-N,-9.986
PTGS2,s_ARG436,mut_s1,detail,1,123,UBFCDXVLKFOOGL-OKPOJWAQNA-N,-9.563
PTGS2,s_ARG436,mut_s1,detail,1,124,RRIHVAFUFDANEX-NSJMMFDCNA-N,-6.758
PTGS2,s_ARG436,mut_s1,detail,1,125,HASIAUWPWKTSBW-SREBMQDQNA-N,-6.028
PTGS2,s_ARG436,mut_s1,detail,1,126,WHBCKYHTCHCHAY-LQFNOIFHNA-N,-7.592
PTGS2,s_ARG436,mut_s1,detail,1,127,XMAYWYJOQHXEEK-JYFHCDHNNA-N,-7.808
PTGS2,s_ARG436,mut_s1,detail,1,128,TVKCFCZANTZCSU-OYRHEFFENA-N,-8.555
PTGS2,s_ARG436,mut_s1,detail,1,129,OJFIIUWPOHBVMH-LNNLXFCONA-N,-6.925
PTGS2,s_ARG436,mut_s1,detail,1,130,DKLZMGFTGWKNCD-DIRLUKLVNA-N,-8.134
PTGS2,s_ARG436,mut_s1,detail,1,131,PYSLGWZFRQWTDD-PWIKPTQSNA-N,-8.906
PTGS2,s_ARG436,mut_s1,detail,1,132,MWMBIUUYBQWKJX-QTUCRYGENA-N,-6.773
PTGS2,s_ARG436,mut_s1,detail,1,133,FLYQFCXTEFTSQN-UHFFFAOYNA-N,-7.862
PTGS2,s_ARG436,mut_s1,detail,1,134,PBIBDSDWIMZYDT-WBWGZOKWNA-N,-7.886
PTGS2,s_ARG436,mut_s1,detail,1,135,GSRWMFGBDLHGBU-YEFLILRRNA-N,-6.792
PTGS2,s_ARG436,mut_s1,detail,1,136,AYIJJQHMZAEQKE-QDAGQJSJNA-N,-7.987
PTGS2,s_ARG436,mut_s1,detail,1,137,JVWTZUKPDMRNDC-FSAKADSPNA-N,-7.416
PTGS2,s_ARG436,mut_s1,detail,1,138,XAZPLOLSRXZDBO-LBZABMTDNA-N,-6.861
PTGS2,s_ARG436,mut_s1,detail,1,139,RGWVFJBNHCWCTL-CFEGKOCINA-N,-9.571
PTGS2,s_ARG436,mut_s1,detail,1,140,YYWNRQZCPIMCAK-UHFFFAOYNA-N,-8.67
PTGS2,s_ARG436,mut_s1,detail,1,141,PBTZDKNKXRSZPM-XBXBPLPCNA-N,-7.031
PTGS2,s_ARG436,mut_s1,detail,1,142,QQPOIMHFFPBDQM-LELJVTLKNA-N,-7.661
PTGS2,s_ARG436,mut_s1,detail,1,143,NYFQURFFDGCBCB-MAQJPOOANA-N,-6.899
PTGS2,s_ARG436,mut_s1,detail,1,144,HXZVHWHABLBWBS-MTTPVDACNA-N,-8.783
PTGS2,s_ARG436,mut_s1,detail,1,145,IWYYSOJWYLZKLK-LELJVTLKNA-N,-7.45
PTGS2,s_ARG436,mut_s1,detail,1,146,HOGUCNPGZXMBGW-UHFFFAOYNA-N,-7.946
PTGS2,s_ARG436,mut_s1,detail,1,147,VITUDJAVASFPKN-DUFUIDNCNA-N,-7.561
PTGS2,s_ARG436,mut_s1,detail,1,148,IXAHDCRYEUYPBG-SCXYCHFONA-N,-8.422
PTGS2,s_ARG436,mut_s1,detail,1,149,JWHMEKMLAZQDNS-OZMOGHDGNA-N,-7.588
PTGS2,s_ARG436,mut_s1,detail,1,150,BZWNBTIJLRHNDZ-LBOYIXSDNA-N,-6.987
PTGS2,s_ARG436,mut_s1,detail,1,151,RECYROBESYRUML-UHFFFAOYNA-N,-8.107
PTGS2,s_ARG436,mut_s1,detail,1,152,MLDSJJJLQRZNKW-UHBIVWOUNA-N,-8.847
PTGS2,s_ARG436,mut_s1,detail,1,153,XTWIHJARHCYNFX-PHXLCVRDNA-N,-8.992
PTGS2,s_ARG436,mut_s1,detail,1,154,UQGFETVWTRDGKJ-UHFFFAOYNA-N,-6.693
PTGS2,s_ARG436,mut_s1,detail,1,155,VJFSMDWEMFOWDK-CYSPOYASNA-N,-8.345
PTGS2,s_ARG436,mut_s1,detail,1,156,NZYLXYBIWNIAGH-CYSPOYASNA-N,-8.321
PTGS2,s_ARG436,mut_s1,detail,1,157,ODXCWFOKLBJQNP-MPIMZMORNA-N,-8.667
PTGS2,s_ARG436,mut_s1,detail,1,158,FVDNMAPPDSKXKQ-UHFFFAOYNA-N,-8.668
PTGS2,s_ARG436,mut_s1,detail,1,159,DOPWMPRIRWTOOD-CCHPKIMANA-N,-7.785
PTGS2,s_VAL313,mut_s1,detail,1,0,URVMSYHISUZXNH-UYBDAZJANA-N,-10.014
PTGS2,s_VAL313,mut_s1,detail,1,1,KXRPCFINVWWFHQ-UHFFFAOYNA-N,-6.031
PTGS2,s_VAL313,mut_s1,detail,1,2,NICJTSHRYBTHAS-YHMJCDSINA-N,-8.048
PTGS2,s_VAL313,mut_s1,detail,1,3,SWRZVDTZHDWPDS-AWIDAIFANA-N,-8.117
PTGS2,s_VAL313,mut_s1,detail,1,4,RKNSLLSUFWWYCA-UHFFFAOYNA-N,-11.138
PTGS2,s_VAL313,mut_s1,detail,1,5,OZFSIKFTRRUDES-RIYZIHGNNA-N,-7.514
PTGS2,s_VAL313,mut_s1,detail,1,6,AAGGUCRASUJPPN-UHFFFAOYNA-N,-8.061
PTGS2,s_VAL313,mut_s1,detail,1,7,OYHXDPMAFYHDNG-YAQRNVERNA-N,-8.63
PTGS2,s_VAL313,mut_s1,detail,1,8,AWILWAIEQYZUEQ-UHFFFAOYNA-N,-7.336
PTGS2,s_VAL313,mut_s1,detail,1,9,WSFAXHLMQUUHQT-VMPITWQZNA-N,-6.684
PTGS2,s_VAL313,mut_s1,detail,1,10,WPHMTVNOXKBZKN-UHFFFAOYNA-N,-7.285
PTGS2,s_VAL313,mut_s1,detail,1,11,LPEIZNODGHDCCW-UHFFFAOYNA-N,-6.956
PTGS2,s_VAL313,mut_s1,detail,1,12,QQHWWDVSRWOHEP-LILDFLRNNA-N,-9.159
PTGS2,s_VAL313,mut_s1,detail,1,13,UMEVSSPGBFVQNC-UHFFFAOYNA-N,-7.063
PTGS2,s_VAL313,mut_s1,detail,1,14,VZDIOEKWWZRNQN-UHFFFAOYNA-N,-9.696
PTGS2,s_VAL313,mut_s1,detail,1,15,JEVLDOUORFAHRS-NDKGDYFDNA-N,-7.389
PTGS2,s_VAL313,mut_s1,detail,1,16,NFTGJNJRMWUBPG-GPQMBLKYNA-N,-8.001
PTGS2,s_VAL313,mut_s1,detail,1,17,UMUUTEZBWGDVDA-UHFFFAOYNA-N,-8.341
PTGS2,s_VAL313,mut_s1,detail,1,18,VLQKEPLNPGYNDJ-HCKMINDGNA-N,-8.162
PTGS2,s_VAL313,mut_s1,detail,1,19,PPMVTAATPZLMJM-CDDDEJBQNA-N,-8.444
PTGS2,s_VAL313,mut_s1,detail,1,20,AHLYFAKLKLMESK-YAQRNVERNA-N,-8.149
PTGS2,s_VAL313,mut_s1,detail,1,21,GYEJYLAGVWRSIM-KGJHZMDYNA-N,-8.063
PTGS2,s_VAL313,mut_s1,detail,1,22,RXVALSLAUOIYLW-UHFFFAOYNA-N,-8.086
PTGS2,s_VAL313,mut_s1,detail,1,23,NSELYIFATLFDOZ-JLGFQASFNA-N,-8.333
PTGS2,s_VAL313,mut_s1,detail,1,24,COQFBYACOHFCEC-UHFFFAOYNA-N,-7.525
PTGS2,s_VAL313,mut_s1,detail,1,25,CJGJXFCLDYQBFQ-YJGXKCCXNA-N,-8.944
PTGS2,s_VAL313,mut_s1,detail,1,26,BWNGRRJLFYHENY-INIZCTEONA-N,-7.958
PTGS2,s_VAL313,mut_s1,detail,1,27,BNRFXWSJKVJVOF-UYBDAZJANA-N,-9.295
PTGS2,s_VAL313,mut_s1,detail,1,28,DMULMZBZVBBWBY-PJZINPJWNA-N,-9.275
PTGS2,s_VAL313,mut_s1,detail,1,29,AXLAIGJGNKHDPO-UHFFFAOYNA-N,-7.544
PTGS2,s_VAL313,mut_s1,detail,1,30,RKDGAONZEPYEBT-WXRBYKJCNA-N,-7.752
PTGS2,s_VAL313,mut_s1,detail,1,31,MBOYDUZSCSNUQL-MBBDSNKKNA-N,-7.505
PTGS2,s_VAL313,mut_s1,detail,1,32,KPVDBHRTXOFQDK-YAQRNVERNA-N,-7.311
PTGS2,s_VAL313,mut_s1,detail,1,33,LVCNFMYUKISBSB-VJSNTGQMNA-N,-8.457
PTGS2,s_VAL313,mut_s1,detail,1,34,XLAHCIRKLMJUQC-DZQCGVKKNA-N,-10.53
PTGS2,s_VAL313,mut_s1,detail,1,35,QNYHDABGLCBJOE-SHHGZXMVNA-N,-8.318
PTGS2,s_VAL313,mut_s1,detail,1,36,HEKNRISBWSPMOG-OWTLIXCDNA-N,-7.354
PTGS2,s_VAL313,mut_s1,detail,1,37,VIRNXCRLEVZXNX-LILDFLRNNA-N,-9.783
PTGS2,s_VAL313,mut_s1,detail,1,38,SRTGERSEXJGDMR-UHFFFAOYNA-N,-7.946
PTGS2,s_VAL313,mut_s1,detail,1,39,ZGMGSSRLZJYOKH-WXRBYKJCNA-N,-7.81
PTGS2,s_VAL313,mut_s1,detail,1,40,VGYFDFRFGHHCDA-CUTUCBJDNA-N,-9.871
PTGS2,s_VAL313,mut_s1,detail,1,41,DILPMLYWQJPNLO-HCKMINDGNA-N,-7.505
PTGS2,s_VAL313,mut_s1,detail,1,42,RSOODJIGEVJLMK-LQFNOIFHNA-N,-8.629
PTGS2,s_VAL313,mut_s1,detail,1,43,OWHHWMUAYBIQPR-UHFFFAOYNA-N,-8.908
PTGS2,s_VAL313,mut_s1,detail,1,44,KPIKMVZJKZDOFC-UHFFFAOYNA-N,-8.477
PTGS2,s_VAL313,mut_s1,detail,1,45,DIKDKRUREJXLMR-DPMTXJEANA-N,-8.257
PTGS2,s_VAL313,mut_s1,detail,1,46,QRVJDPKQHAVBDK-UYBDAZJANA-N,-7.171
PTGS2,s_VAL313,mut_s1,detail,1,47,SGBSFKSDPWOALT-UYBDAZJANA-N,-7.471
PTGS2,s_VAL313,mut_s1,detail,1,48,CYHFRNFVZWVHCG-OTJKMEOQNA-N,-9.873
PTGS2,s_VAL313,mut_s1,detail,1,49,MJUDQDHXCQONOA-MPIMZMORNA-N,-8.469
PTGS2,s_VAL313,mut_s1,detail,1,50,RNVYRNLUUYNQAS-PKSOQXRJNA-N,-7.097
PTGS2,s_VAL313,mut_s1,detail,1,51,DLZXOZYETDVJEB-QWOVJGMINA-N,-8.191
PTGS2,s_VAL313,mut_s1,detail,1,52,HSICVZRDGBJSEL-GPQMBLKYNA-N,-7.39
PTGS2,s_VAL313,mut_s1,detail,1,53,HMRUHHFLIMYEAF-QNGOCPJXNA-N,-8.144
PTGS2,s_VAL313,mut_s1,detail,1,54,ZZOWQPSBJUXHCA-YSPRVCGUNA-N,-7.146
PTGS2,s_VAL313,mut_s1,detail,1,55,WDDJLHOUFWSQSV-UHFFFAOYNA-N,-8.076
PTGS2,s_VAL313,mut_s1,detail,1,56,UKLIIGXGTPSYBF-IBCWCQIKNA-N,-6.863
PTGS2,s_VAL313,mut_s1,detail,1,57,LNPOBRXJZYGQMS-MOHJPFBDNA-N,-7.075
PTGS2,s_VAL313,mut_s1,detail,1,58,FYILBFPPKIZBTO-UHFFFAOYNA-N,-9.446
PTGS2,s_VAL313,mut_s1,detail,1,59,MIKIJFODTJGFDI-LILDFLRNNA-N,-8.799
PTGS2,s_VAL313,mut_s1,detail,1,60,RUWCNSLWWCWTSU-LILDFLRNNA-N,-8.026
PTGS2,s_VAL313,mut_s1,detail,1,61,KLQWCHKIQJHYIB-UHFFFAOYNA-N,-10.64
PTGS2,s_VAL313,mut_s1,detail,1,62,QKAWGENQCGFAOE-NPVYFSBINA-N,-7.601
PTGS2,s_VAL313,mut_s1,detail,1,63,KGOKCBRZBBEYBE-MMRXBHCZNA-N,-7.566
PTGS2,s_VAL313,mut_s1,detail,1,64,ROFRXCLSWKEWTN-UHFFFAOYNA-N,-6.249
PTGS2,s_VAL313,mut_s1,detail,1,65,AKRMJNKLSCBEME-FPYGCLRLNA-N,-8.186
PTGS2,s_VAL313,mut_s1,detail,1,66,LCGJUJZLLYTYIF-XMFFZCEENA-N,-9.381
PTGS2,s_VAL313,mut_s1,detail,1,67,FREQNFSEYLEFOI-QRCVEOAVNA-N,-8.785
PTGS2,s_VAL313,mut_s1,detail,1,68,MHMINAYLMNBGSM-UHFFFAOYNA-N,-8.299
PTGS2,s_VAL313,mut_s1,detail,1,69,SYMNTBHEGHFZMV-UHFFFAOYNA-N,-7.729
PTGS2,s_VAL313,mut_s1,detail,1,70,NNCRWGMPCGSKOO-LILDFLRNNA-N,-7.904
PTGS2,s_VAL313,mut_s1,detail,1,71,ZCRRNCCNJMRGFI-UHFFFAOYNA-N,-8.549
PTGS2,s_VAL313,mut_s1,detail,1,72,PYVZEIBGEUQNQQ-UHFFFAOYNA-N,-11.733
PTGS2,s_VAL313,mut_s1,detail,1,73,OROJQWVRCGJACT-XBTAAFKLNA-N,-8.614
PTGS2,s_VAL313,mut_s1,detail,1,74,TXYUWXKCUDOUGU-JLGFQASFNA-N,-7.582
PTGS2,s_VAL313,mut_s1,detail,1,75,LAZANALODSEDSE-UHFFFAOYNA-N,-8.909
PTGS2,s_VAL313,mut_s1,detail,1,76,RJXCYVJLXGRCHK-UHFFFAOYNA-N,-7.962
PTGS2,s_VAL313,mut_s1,detail,1,77,FUSKIBWHJAWEFI-IEJAXPBYNA-N,-8.545
PTGS2,s_VAL313,mut_s1,detail,1,78,SGWVLOCBQLQWQV-UHFFFAOYNA-N,-7.586
PTGS2,s_VAL313,mut_s1,detail,1,79,PPXRQTYXLZCDAZ-QWOVJGMINA-N,-8.043
PTGS2,s_VAL313,mut_s1,detail,1,80,DIFBADFWLVYFHV-LELJVTLKNA-N,-7.209
PTGS2,s_VAL313,mut_s1,detail,1,81,XREOSEVJCQGCHE-MHPMNMKGNA-N,-8.698
PTGS2,s_VAL313,mut_s1,detail,1,82,ZHGPKHBXSKWZEQ-UHFFFAOYNA-N,-9.878
PTGS2,s_VAL313,mut_s1,detail,1,83,ZFAYPJJNPSNAFK-UHFFFAOYNA-N,-8.101
PTGS2,s_VAL313,mut_s1,detail,1,84,LTXMRAGWIDQTQT-MYUTVWBTNA-N,-9.702
PTGS2,s_VAL313,mut_s1,detail,1,85,VXQHYHSSGLOALC-SPEPDGBUNA-N,-8.69
PTGS2,s_VAL313,mut_s1,detail,1,86,KWDSFRAWCISROF-PJQSKVNONA-N,-7.478
PTGS2,s_VAL313,mut_s1,detail,1,87,ZJZXSQPHUQUHIV-ZGZFQTMPNA-N,-7.984
PTGS2,s_VAL313,mut_s1,detail,1,88,UYHIVPBYFWVWEJ-UHFFFAOYNA-N,-7.743
PTGS2,s_VAL313,mut_s1,detail,1,89,PLEFJSUCKRWHBY-LNNLXFCONA-N,-7.295
PTGS2,s_VAL313,mut_s1,detail,1,90,DNSRQCRQLKJUCC-PDJAEHLQNA-N,-7.28
PTGS2,s_VAL313,mut_s1,detail,1,91,PHYKZCBUNVYJNH-YDBXFXKPNA-N,-6.075
PTGS2,s_VAL313,mut_s1,detail,1,92,OOUHZBUAVKCDGA-UHFFFAOYNA-N,-6.811
PTGS2,s_VAL313,mut_s1,detail,1,93,UUQDFZFJDFMLHW-UHFFFAOYNA-N,-7.257
PTGS2,s_VAL313,mut_s1,detail,1,94,OOUDDHNLDLLUOL-SKKVRFOWNA-N,-8.924
PTGS2,s_VAL313,mut_s1,detail,1,95,ZDMQSUAMTLXUTE-MPIMZMORNA-N,-6.993
PTGS2,s_VAL313,mut_s1,detail,1,96,NMPLPABDEKPABN-UHFFFAOYNA-N,-8.151
PTGS2,s_VAL313,mut_s1,detail,1,97,INZRHGSVWGRHBM-NPVYFSBINA-N,-8.38
PTGS2,s_VAL313,mut_s1,detail,1,98,RVGCWMKVTAEQIH-LNNLXFCONA-N,-7.916
PTGS2,s_VAL313,mut_s1,detail,1,99,VRXWKRQOVMZBAF-LJQANCHMNA-N,-6.745
PTGS2,s_VAL313,mut_s1,detail,1,100,QACLWOIBBYOHQP-UYBDAZJANA-N,-8.86
PTGS2,s_VAL313,mut_s1,detail,1,101,ZNXSZVFPCBIELQ-LNNLXFCONA-N,-6.912
PTGS2,s_VAL313,mut_s1,detail,1,102,GKMWCCNMKRSQHR-VEKUMTKDNA-N,-7.084
PTGS2,s_VAL313,mut_s1,detail,1,103,FFGUSRSMWFYKGK-SKKVRFOWNA-N,-8.669
PTGS2,s_VAL313,mut_s1,detail,1,104,KXBDDGKXLZBLOM-SPEPDGBUNA-N,-7.358
PTGS2,s_VAL313,mut_s1,detail,1,105,MIUWULAZCXYTJW-MSHHZIMBNA-N,-8.468
PTGS2,s_VAL313,mut_s1,detail,1,106,JPZOYWVRFLZCIC-NJNXFGOHNA-N,-7.723
PTGS2,s_VAL313,mut_s1,detail,1,107,FAIQTLBYDVKBAB-DVIAZDKANA-N,-9.316
PTGS2,s_VAL313,mut_s1,detail,1,108,APFLRZZAOXCNAZ-UHFFFAOYNA-N,-9.074
PTGS2,s_VAL313,mut_s1,detail,1,109,BSQLDSQTGOZBFD-UHFFFAOYNA-N,-6.705
PTGS2,s_VAL313,mut_s1,detail,1,110,ZVVCFJXCDATSCC-UHFFFAOYNA-N,-9.599
PTGS2,s_VAL313,mut_s1,detail,1,111,SKEQTXZATFWVMB-UYBDAZJANA-N,-6.512
PTGS2,s_VAL313,mut_s1,detail,1,112,IATWYRHDJKMBQK-MPIMZMORNA-N,-8.53
PTGS2,s_VAL313,mut_s1,detail,1,113,JPWOEQDCUZCWKT-MPIMZMORNA-N,-5.756
PTGS2,s_VAL313,mut_s1,detail,1,114,RYHSAXRBHDHPPK-PKSOQXRJNA-N,-6.721
PTGS2,s_VAL313,mut_s1,detail,1,115,GKKJWUFVZJJFPG-MPIMZMORNA-N,-7.367
PTGS2,s_VAL313,mut_s1,detail,1,116,FDNZXFDUCINVLY-BDGWVKIONA-N,-8.301
PTGS2,s_VAL313,mut_s1,detail,1,117,KTBYKHKWIFIFAK-UHFFFAOYNA-N,-8.622
PTGS2,s_VAL313,mut_s1,detail,1,118,ZRXZEWGUECXTTQ-LQFNOIFHNA-N,-7.629
PTGS2,s_VAL313,mut_s1,detail,1,119,XNACBBGLIAJNJM-PECIQRARNA-N,-10.633
PTGS2,s_VAL313,mut_s1,detail,1,120,WQZYYJRVBIQUGH-YWZOXAELNA-N,-8.339
PTGS2,s_VAL313,mut_s1,detail,1,121,ABMSRNRLDZVJFV-SWUIVHNENA-N,-9.234
PTGS2,s_VAL313,mut_s1,detail,1,122,ZEACBIUBSOLEGW-QAITUMOCNA-N,-9.967
PTGS2,s_VAL313,mut_s1,detail,1,123,UBFCDXVLKFOOGL-OKPOJWAQNA-N,-9.633
PTGS2,s_VAL313,mut_s1,detail,1,124,RRIHVAFUFDANEX-NSJMMFDCNA-N,-6.879
PTGS2,s_VAL313,mut_s1,detail,1,125,HASIAUWPWKTSBW-SREBMQDQNA-N,-6.472
PTGS2,s_VAL313,mut_s1,detail,1,126,WHBCKYHTCHCHAY-LQFNOIFHNA-N,-7.777
PTGS2,s_VAL313,mut_s1,detail,1,127,XMAYWYJOQHXEEK-JYFHCDHNNA-N,-8.487
PTGS2,s_VAL313,mut_s1,detail,1,128,TVKCFCZANTZCSU-OYRHEFFENA-N,-8.755
PTGS2,s_VAL313,mut_s1,detail,1,129,OJFIIUWPOHBVMH-LNNLXFCONA-N,-6.644
PTGS2,s_VAL313,mut_s1,detail,1,130,DKLZMGFTGWKNCD-DIRLUKLVNA-N,-8.717
PTGS2,s_VAL313,mut_s1,detail,1,131,PYSLGWZFRQWTDD-PWIKPTQSNA-N,-8.286
PTGS2,s_VAL313,mut_s1,detail,1,132,MWMBIUUYBQWKJX-QTUCRYGENA-N,-6.679
PTGS2,s_VAL313,mut_s1,detail,1,133,FLYQFCXTEFTSQN-UHFFFAOYNA-N,-6.492
PTGS2,s_VAL313,mut_s1,detail,1,134,PBIBDSDWIMZYDT-WBWGZOKWNA-N,-7.488
PTGS2,s_VAL313,mut_s1,detail,1,135,GSRWMFGBDLHGBU-YEFLILRRNA-N,-6.738
PTGS2,s_VAL313,mut_s1,detail,1,136,AYIJJQHMZAEQKE-QDAGQJSJNA-N,-8.102
PTGS2,s_VAL313,mut_s1,detail,1,137,JVWTZUKPDMRNDC-FSAKADSPNA-N,-7.973
PTGS2,s_VAL313,mut_s1,detail,1,138,XAZPLOLSRXZDBO-LBZABMTDNA-N,-6.543
PTGS2,s_VAL313,mut_s1,detail,1,139,RGWVFJBNHCWCTL-CFEGKOCINA-N,-9.107
PTGS2,s_VAL313,mut_s1,detail,1,140,YYWNRQZCPIMCAK-UHFFFAOYNA-N,-8.829
PTGS2,s_VAL313,mut_s1,detail,1,141,PBTZDKNKXRSZPM-XBXBPLPCNA-N,-7.507
PTGS2,s_VAL313,mut_s1,detail,1,142,QQPOIMHFFPBDQM-LELJVTLKNA-N,-7.043
PTGS2,s_VAL313,mut_s1,detail,1,143,NYFQURFFDGCBCB-MAQJPOOANA-N,-6.609
PTGS2,s_VAL313,mut_s1,detail,1,144,HXZVHWHABLBWBS-MTTPVDACNA-N,-8.757
PTGS2,s_VAL313,mut_s1,detail,1,145,IWYYSOJWYLZKLK-LELJVTLKNA-N,-6.943
PTGS2,s_VAL313,mut_s1,detail,1,146,HOGUCNPGZXMBGW-UHFFFAOYNA-N,-8.536
PTGS2,s_VAL313,mut_s1,detail,1,147,VITUDJAVASFPKN-DUFUIDNCNA-N,-7.532
PTGS2,s_VAL313,mut_s1,detail,1,148,IXAHDCRYEUYPBG-SCXYCHFONA-N,-8.703
PTGS2,s_VAL313,mut_s1,detail,1,149,JWHMEKMLAZQDNS-OZMOGHDGNA-N,-6.897
PTGS2,s_VAL313,mut_s1,detail,1,150,BZWNBTIJLRHNDZ-LBOYIXSDNA-N,-7.015
PTGS2,s_VAL313,mut_s1,detail,1,151,RECYROBESYRUML-UHFFFAOYNA-N,-7.561
PTGS2,s_VAL313,mut_s1,detail,1,152,MLDSJJJLQRZNKW-UHBIVWOUNA-N,-8.948
PTGS2,s_VAL313,mut_s1,detail,1,153,XTWIHJARHCYNFX-PHXLCVRDNA-N,-9.05
PTGS2,s_VAL313,mut_s1,detail,1,154,UQGFETVWTRDGKJ-UHFFFAOYNA-N,-6.531
PTGS2,s_VAL313,mut_s1,detail,1,155,VJFSMDWEMFOWDK-CYSPOYASNA-N,-8.044
PTGS2,s_VAL313,mut_s1,detail,1,156,NZYLXYBIWNIAGH-CYSPOYASNA-N,-7.748
PTGS2,s_VAL313,mut_s1,detail,1,157,ODXCWFOKLBJQNP-MPIMZMORNA-N,-7.794
PTGS2,s_VAL313,mut_s1,detail,1,158,FVDNMAPPDSKXKQ-UHFFFAOYNA-N,-8.394
PTGS2,s_VAL313,mut_s1,detail,1,159,DOPWMPRIRWTOOD-CCHPKIMANA-N,-7.961
PTGS2,f_LYS236,mut_s1,detail,1,0,URVMSYHISUZXNH-UYBDAZJANA-N,-10.05
PTGS2,f_LYS236,mut_s1,detail,1,1,KXRPCFINVWWFHQ-UHFFFAOYNA-N,-5.991
PTGS2,f_LYS236,mut_s1,detail,1,2,NICJTSHRYBTHAS-YHMJCDSINA-N,-7.955
PTGS2,f_LYS236,mut_s1,detail,1,3,SWRZVDTZHDWPDS-AWIDAIFANA-N,-8.052
PTGS2,f_LYS236,mut_s1,detail,1,4,RKNSLLSUFWWYCA-UHFFFAOYNA-N,-11.205
PTGS2,f_LYS236,mut_s1,detail,1,5,OZFSIKFTRRUDES-RIYZIHGNNA-N,-7.487
PTGS2,f_LYS236,mut_s1,detail,1,6,AAGGUCRASUJPPN-UHFFFAOYNA-N,-8.228
PTGS2,f_LYS236,mut_s1,detail,1,7,OYHXDPMAFYHDNG-YAQRNVERNA-N,-8.516
PTGS2,f_LYS236,mut_s1,detail,1,8,AWILWAIEQYZUEQ-UHFFFAOYNA-N,-7.283
PTGS2,f_LYS236,mut_s1,detail,1,9,WSFAXHLMQUUHQT-VMPITWQZNA-N,-6.359
PTGS2,f_LYS236,mut_s1,detail,1,10,WPHMTVNOXKBZKN-UHFFFAOYNA-N,-7.304
PTGS2,f_LYS236,mut_s1,detail,1,11,LPEIZNODGHDCCW-UHFFFAOYNA-N,-6.937
PTGS2,f_LYS236,mut_s1,detail,1,12,QQHWWDVSRWOHEP-LILDFLRNNA-N,-9.163
PTGS2,f_LYS236,mut_s1,detail,1,13,UMEVSSPGBFVQNC-UHFFFAOYNA-N,-7.059
PTGS2,f_LYS236,mut_s1,detail,1,14,VZDIOEKWWZRNQN-UHFFFAOYNA-N,-9.686
PTGS2,f_LYS236,mut_s1,detail,1,15,JEVLDOUORFAHRS-NDKGDYFDNA-N,-7.44
PTGS2,f_LYS236,mut_s1,detail,1,16,NFTGJNJRMWUBPG-GPQMBLKYNA-N,-7.088
PTGS2,f_LYS236,mut_s1,detail,1,17,UMUUTEZBWGDVDA-UHFFFAOYNA-N,-8.3
PTGS2,f_LYS236,mut_s1,detail,1,18,VLQKEPLNPGYNDJ-HCKMINDGNA-N,-8.094
PTGS2,f_LYS236,mut_s1,detail,1,19,PPMVTAATPZLMJM-CDDDEJBQNA-N,-8.474
PTGS2,f_LYS236,mut_s1,detail,1,20,AHLYFAKLKLMESK-YAQRNVERNA-N,-8.127
PTGS2,f_LYS236,mut_s1,detail,1,21,GYEJYLAGVWRSIM-KGJHZMDYNA-N,-8.051
PTGS2,f_LYS236,mut_s1,detail,1,22,RXVALSLAUOIYLW-UHFFFAOYNA-N,-7.912
PTGS2,f_LYS236,mut_s1,detail,1,23,NSELYIFATLFDOZ-JLGFQASFNA-N,-8.204
PTGS2,f_LYS236,mut_s1,detail,1,24,COQFBYACOHFCEC-UHFFFAOYNA-N,-7.317
PTGS2,f_LYS236,mut_s1,detail,1,25,CJGJXFCLDYQBFQ-YJGXKCCXNA-N,-8.952
PTGS2,f_LYS236,mut_s1,detail,1,26,BWNGRRJLFYHENY-INIZCTEONA-N,-7.992
PTGS2,f_LYS236,mut_s1,detail,1,27,BNRFXWSJKVJVOF-UYBDAZJANA-N,-9.276
PTGS2,f_LYS236,mut_s1,detail,1,28,DMULMZBZVBBWBY-PJZINPJWNA-N,-9.297
PTGS2,f_LYS236,mut_s1,detail,1,29,AXLAIGJGNKHDPO-UHFFFAOYNA-N,-7.33
PTGS2,f_LYS236,mut_s1,detail,1,30,RKDGAONZEPYEBT-WXRBYKJCNA-N,-7.737
PTGS2,f_LYS236,mut_s1,detail,1,31,MBOYDUZSCSNUQL-MBBDSNKKNA-N,-7.496
PTGS2,f_LYS236,mut_s1,detail,1,32,KPVDBHRTXOFQDK-YAQRNVERNA-N,-7.125
PTGS2,f_LYS236,mut_s1,detail,1,33,LVCNFMYUKISBSB-VJSNTGQMNA-N,-8.499
PTGS2,f_LYS236,mut_s1,detail,1,34,XLAHCIRKLMJUQC-DZQCGVKKNA-N,-10.509
PTGS2,f_LYS236,mut_s1,detail,1,35,QNYHDABGLCBJOE-SHHGZXMVNA-N,-8.874
PTGS2,f_LYS236,mut_s1,detail,1,36,HEKNRISBWSPMOG-OWTLIXCDNA-N,-7.405
PTGS2,f_LYS236,mut_s1,detail,1,37,VIRNXCRLEVZXNX-LILDFLRNNA-N,-9.776
PTGS2,f_LYS236,mut_s1,detail,1,38,SRTGERSEXJGDMR-UHFFFAOYNA-N,-8.033
PTGS2,f_LYS236,mut_s1,detail,1,39,ZGMGSSRLZJYOKH-WXRBYKJCNA-N,-7.725
PTGS2,f_LYS236,mut_s1,detail,1,40,VGYFDFRFGHHCDA-CUTUCBJDNA-N,-9.838
PTGS2,f_LYS236,mut_s1,detail,1,41,DILPMLYWQJPNLO-HCKMINDGNA-N,-7.133
PTGS2,f_LYS236,mut_s1,detail,1,42,RSOODJIGEVJLMK-LQFNOIFHNA-N,-8.874
PTGS2,f_LYS236,mut_s1,detail,1,43,OWHHWMUAYBIQPR-UHFFFAOYNA-N,-8.853
PTGS2,f_LYS236,mut_s1,detail,1,44,KPIKMVZJKZDOFC-UHFFFAOYNA-N,-8.443
PTGS2,f_LYS236,mut_s1,detail,1,45,DIKDKRUREJXLMR-DPMTXJEANA-N,-8.28
PTGS2,f_LYS236,mut_s1,detail,1,46,QRVJDPKQHAVBDK-UYBDAZJANA-N,-6.344
PTGS2,f_LYS236,mut_s1,detail,1,47,SGBSFKSDPWOALT-UYBDAZJANA-N,-7.744
PTGS2,f_LYS236,mut_s1,detail,1,48,CYHFRNFVZWVHCG-OTJKMEOQNA-N,-9.355
PTGS2,f_LYS236,mut_s1,detail,1,49,MJUDQDHXCQONOA-MPIMZMORNA-N,-8.36
PTGS2,f_LYS236,mut_s1,detail,1,50,RNVYRNLUUYNQAS-PKSOQXRJNA-N,-6.745
PTGS2,f_LYS236,mut_s1,detail,1,51,DLZXOZYETDVJEB-QWOVJGMINA-N,-7.379
PTGS2,f_LYS236,mut_s1,detail,1,52,HSICVZRDGBJSEL-GPQMBLKYNA-N,-8.301
PTGS2,f_LYS236,mut_s1,detail,1,53,HMRUHHFLIMYEAF-QNGOCPJXNA-N,-8.216
PTGS2,f_LYS236,mut_s1,detail,1,54,ZZOWQPSBJUXHCA-YSPRVCGUNA-N,-8.554
PTGS2,f_LYS236,mut_s1,detail,1,55,WDDJLHOUFWSQSV-UHFFFAOYNA-N,-7.924
PTGS2,f_LYS236,mut_s1,detail,1,56,UKLIIGXGTPSYBF-IBCWCQIKNA-N,-6.662
PTGS2,f_LYS236,mut_s1,detail,1,57,LNPOBRXJZYGQMS-MOHJPFBDNA-N,-6.872
PTGS2,f_LYS236,mut_s1,detail,1,58,FYILBFPPKIZBTO-UHFFFAOYNA-N,-9.459
PTGS2,f_LYS236,mut_s1,detail,1,59,MIKIJFODTJGFDI-LILDFLRNNA-N,-8.985
PTGS2,f_LYS236,mut_s1,detail,1,60,RUWCNSLWWCWTSU-LILDFLRNNA-N,-8.192
PTGS2,f_LYS236,mut_s1,detail,1,61,KLQWCHKIQJHYIB-UHFFFAOYNA-N,-10.632
PTGS2,f_LYS236,mut_s1,detail,1,62,QKAWGENQCGFAOE-NPVYFSBINA-N,-6.837
PTGS2,f_LYS236,mut_s1,detail,1,63,KGOKCBRZBBEYBE-MMRXBHCZNA-N,-7.577
PTGS2,f_LYS236,mut_s1,detail,1,64,ROFRXCLSWKEWTN-UHFFFAOYNA-N,-6.121
PTGS2,f_LYS236,mut_s1,detail,1,65,AKRMJNKLSCBEME-FPYGCLRLNA-N,-7.708
PTGS2,f_LYS236,mut_s1,detail,1,66,LCGJUJZLLYTYIF-XMFFZCEENA-N,-9.357
PTGS2,f_LYS236,mut_s1,detail,1,67,FREQNFSEYLEFOI-QRCVEOAVNA-N,-9.087
PTGS2,f_LYS236,mut_s1,detail,1,68,MHMINAYLMNBGSM-UHFFFAOYNA-N,-8.049
PTGS2,f_LYS236,mut_s1,detail,1,69,SYMNTBHEGHFZMV-UHFFFAOYNA-N,-7.197
PTGS2,f_LYS236,mut_s1,detail,1,70,NNCRWGMPCGSKOO-LILDFLRNNA-N,-7.534
PTGS2,f_LYS236,mut_s1,detail,1,71,ZCRRNCCNJMRGFI-UHFFFAOYNA-N,-8.669
PTGS2,f_LYS236,mut_s1,detail,1,72,PYVZEIBGEUQNQQ-UHFFFAOYNA-N,-11.36
PTGS2,f_LYS236,mut_s1,detail,1,73,OROJQWVRCGJACT-XBTAAFKLNA-N,-8.681
PTGS2,f_LYS236,mut_s1,detail,1,74,TXYUWXKCUDOUGU-JLGFQASFNA-N,-7.538
PTGS2,f_LYS236,mut_s1,detail,1,75,LAZANALODSEDSE-UHFFFAOYNA-N,-7.985
PTGS2,f_LYS236,mut_s1,detail,1,76,RJXCYVJLXGRCHK-UHFFFAOYNA-N,-7.976
PTGS2,f_LYS236,mut_s1,detail,1,77,FUSKIBWHJAWEFI-IEJAXPBYNA-N,-8.416
PTGS2,f_LYS236,mut_s1,detail,1,78,SGWVLOCBQLQWQV-UHFFFAOYNA-N,-7.799
PTGS2,f_LYS236,mut_s1,detail,1,79,PPXRQTYXLZCDAZ-QWOVJGMINA-N,-8.216
PTGS2,f_LYS236,mut_s1,detail,1,80,DIFBADFWLVYFHV-LELJVTLKNA-N,-7.195
PTGS2,f_LYS236,mut_s1,detail,1,81,XREOSEVJCQGCHE-MHPMNMKGNA-N,-8.725
PTGS2,f_LYS236,mut_s1,detail,1,82,ZHGPKHBXSKWZEQ-UHFFFAOYNA-N,-9.825
PTGS2,f_LYS236,mut_s1,detail,1,83,ZFAYPJJNPSNAFK-UHFFFAOYNA-N,-8.087
PTGS2,f_LYS236,mut_s1,detail,1,84,LTXMRAGWIDQTQT-MYUTVWBTNA-N,-9.54
PTGS2,f_LYS236,mut_s1,detail,1,85,VXQHYHSSGLOALC-SPEPDGBUNA-N,-8.735
PTGS2,f_LYS236,mut_s1,detail,1,86,KWDSFRAWCISROF-PJQSKVNONA-N,-7.669
PTGS2,f_LYS236,mut_s1,detail,1,87,ZJZXSQPHUQUHIV-ZGZFQTMPNA-N,-7.939
PTGS2,f_LYS236,mut_s1,detail,1,88,UYHIVPBYFWVWEJ-UHFFFAOYNA-N,-7.744
PTGS2,f_LYS236,mut_s1,detail,1,89,PLEFJSUCKRWHBY-LNNLXFCONA-N,-6.936
PTGS2,f_LYS236,mut_s1,detail,1,90,DNSRQCRQLKJUCC-PDJAEHLQNA-N,-7.432
PTGS2,f_LYS236,mut_s1,detail,1,91,PHYKZCBUNVYJNH-YDBXFXKPNA-N,-7.347
PTGS2,f_LYS236,mut_s1,detail,1,92,OOUHZBUAVKCDGA-UHFFFAOYNA-N,-6.776
PTGS2,f_LYS236,mut_s1,detail,1,93,UUQDFZFJDFMLHW-UHFFFAOYNA-N,-7.319
PTGS2,f_LYS236,mut_s1,detail,1,94,OOUDDHNLDLLUOL-SKKVRFOWNA-N,-9.304
PTGS2,f_LYS236,mut_s1,detail,1,95,ZDMQSUAMTLXUTE-MPIMZMORNA-N,-7.303
PTGS2,f_LYS236,mut_s1,detail,1,96,NMPLPABDEKPABN-UHFFFAOYNA-N,-8.329
PTGS2,f_LYS236,mut_s1,detail,1,97,INZRHGSVWGRHBM-NPVYFSBINA-N,-7.749
PTGS2,f_LYS236,mut_s1,detail,1,98,RVGCWMKVTAEQIH-LNNLXFCONA-N,-8.166
PTGS2,f_LYS236,mut_s1,detail,1,99,VRXWKRQOVMZBAF-LJQANCHMNA-N,-6.686
PTGS2,f_LYS236,mut_s1,detail,1,100,QACLWOIBBYOHQP-UYBDAZJANA-N,-8.848
PTGS2,f_LYS236,mut_s1,detail,1,101,ZNXSZVFPCBIELQ-LNNLXFCONA-N,-6.611
PTGS2,f_LYS236,mut_s1,detail,1,102,GKMWCCNMKRSQHR-VEKUMTKDNA-N,-7.002
PTGS2,f_LYS236,mut_s1,detail,1,103,FFGUSRSMWFYKGK-SKKVRFOWNA-N,-8.81
PTGS2,f_LYS236,mut_s1,detail,1,104,KXBDDGKXLZBLOM-SPEPDGBUNA-N,-7.313
PTGS2,f_LYS236,mut_s1,detail,1,105,MIUWULAZCXYTJW-MSHHZIMBNA-N,-8.189
PTGS2,f_LYS236,mut_s1,detail,1,106,JPZOYWVRFLZCIC-NJNXFGOHNA-N,-7.752
PTGS2,f_LYS236,mut_s1,detail,1,107,FAIQTLBYDVKBAB-DVIAZDKANA-N,-7.564
PTGS2,f_LYS236,mut_s1,detail,1,108,APFLRZZAOXCNAZ-UHFFFAOYNA-N,-9.526
PTGS2,f_LYS236,mut_s1,detail,1,109,BSQLDSQTGOZBFD-UHFFFAOYNA-N,-6.61
PTGS2,f_LYS236,mut_s1,detail,1,110,ZVVCFJXCDATSCC-UHFFFAOYNA-N,-9.442
PTGS2,f_LYS236,mut_s1,detail,1,111,SKEQTXZATFWVMB-UYBDAZJANA-N,-6.49
PTGS2,f_LYS236,mut_s1,detail,1,112,IATWYRHDJKMBQK-MPIMZMORNA-N,-8.509
PTGS2,f_LYS236,mut_s1,detail,1,113,JPWOEQDCUZCWKT-MPIMZMORNA-N,-5.965
PTGS2,f_LYS236,mut_s1,detail,1,114,RYHSAXRBHDHPPK-PKSOQXRJNA-N,-6.792
PTGS2,f_LYS236,mut_s1,detail,1,115,GKKJWUFVZJJFPG-MPIMZMORNA-N,-7.545
PTGS2,f_LYS236,mut_s1,detail,1,116,FDNZXFDUCINVLY-BDGWVKIONA-N,-8.823
PTGS2,f_LYS236,mut_s1,detail,1,117,KTBYKHKWIFIFAK-UHFFFAOYNA-N,-8.979
PTGS2,f_LYS236,mut_s1,detail,1,118,ZRXZEWGUECXTTQ-LQFNOIFHNA-N,-7.637
PTGS2,f_LYS236,mut_s1,detail,1,119,XNACBBGLIAJNJM-PECIQRARNA-N,-10.642
PTGS2,f_LYS236,mut_s1,detail,1,120,WQZYYJRVBIQUGH-YWZOXAELNA-N,-8.8
PTGS2,f_LYS236,mut_s1,detail,1,121,ABMSRNRLDZVJFV-SWUIVHNENA-N,-9.281
PTGS2,f_LYS236,mut_s1,detail,1,122,ZEACBIUBSOLEGW-QAITUMOCNA-N,-9.89
PTGS2,f_LYS236,mut_s1,detail,1,123,UBFCDXVLKFOOGL-OKPOJWAQNA-N,-9.15
PTGS2,f_LYS236,mut_s1,detail,1,124,RRIHVAFUFDANEX-NSJMMFDCNA-N,-6.448
PTGS2,f_LYS236,mut_s1,detail,1,125,HASIAUWPWKTSBW-SREBMQDQNA-N,-6.601
PTGS2,f_LYS236,mut_s1,detail,1,126,WHBCKYHTCHCHAY-LQFNOIFHNA-N,-7.617
PTGS2,f_LYS236,mut_s1,detail,1,127,XMAYWYJOQHXEEK-JYFHCDHNNA-N,-8.509
PTGS2,f_LYS236,mut_s1,detail,1,128,TVKCFCZANTZCSU-OYRHEFFENA-N,-8.882
PTGS2,f_LYS236,mut_s1,detail,1,129,OJFIIUWPOHBVMH-LNNLXFCONA-N,-6.431
PTGS2,f_LYS236,mut_s1,detail,1,130,DKLZMGFTGWKNCD-DIRLUKLVNA-N,-9.084
PTGS2,f_LYS236,mut_s1,detail,1,131,PYSLGWZFRQWTDD-PWIKPTQSNA-N,-8.933
PTGS2,f_LYS236,mut_s1,detail,1,132,MWMBIUUYBQWKJX-QTUCRYGENA-N,-8.36
PTGS2,f_LYS236,mut_s1,detail,1,133,FLYQFCXTEFTSQN-UHFFFAOYNA-N,-7.433
PTGS2,f_LYS236,mut_s1,detail,1,134,PBIBDSDWIMZYDT-WBWGZOKWNA-N,-7.41
PTGS2,f_LYS236,mut_s1,detail,1,135,GSRWMFGBDLHGBU-YEFLILRRNA-N,-6.656
PTGS2,f_LYS236,mut_s1,detail,1,136,AYIJJQHMZAEQKE-QDAGQJSJNA-N,-7.185
PTGS2,f_LYS236,mut_s1,detail,1,137,JVWTZUKPDMRNDC-FSAKADSPNA-N,-8.633
PTGS2,f_LYS236,mut_s1,detail,1,138,XAZPLOLSRXZDBO-LBZABMTDNA-N,-6.348
PTGS2,f_LYS236,mut_s1,detail,1,139,RGWVFJBNHCWCTL-CFEGKOCINA-N,-9.12
PTGS2,f_LYS236,mut_s1,detail,1,140,YYWNRQZCPIMCAK-UHFFFAOYNA-N,-8.405
PTGS2,f_LYS236,mut_s1,detail,1,141,PBTZDKNKXRSZPM-XBXBPLPCNA-N,-9.349
PTGS2,f_LYS236,mut_s1,detail,1,142,QQPOIMHFFPBDQM-LELJVTLKNA-N,-7.395
PTGS2,f_LYS236,mut_s1,detail,1,143,NYFQURFFDGCBCB-MAQJPOOANA-N,-6.78
PTGS2,f_LYS236,mut_s1,detail,1,144,HXZVHWHABLBWBS-MTTPVDACNA-N,-8.576
PTGS2,f_LYS236,mut_s1,detail,1,145,IWYYSOJWYLZKLK-LELJVTLKNA-N,-7.308
PTGS2,f_LYS236,mut_s1,detail,1,146,HOGUCNPGZXMBGW-UHFFFAOYNA-N,-7.674
PTGS2,f_LYS236,mut_s1,detail,1,147,VITUDJAVASFPKN-DUFUIDNCNA-N,-7.035
PTGS2,f_LYS236,mut_s1,detail,1,148,IXAHDCRYEUYPBG-SCXYCHFONA-N,-8.297
PTGS2,f_LYS236,mut_s1,detail,1,149,JWHMEKMLAZQDNS-OZMOGHDGNA-N,-7.344
PTGS2,f_LYS236,mut_s1,detail,1,150,BZWNBTIJLRHNDZ-LBOYIXSDNA-N,-7.289
PTGS2,f_LYS236,mut_s1,detail,1,151,RECYROBESYRUML-UHFFFAOYNA-N,-7.564
PTGS2,f_LYS236,mut_s1,detail,1,152,MLDSJJJLQRZNKW-UHBIVWOUNA-N,-8.654
PTGS2,f_LYS236,mut_s1,detail,1,153,XTWIHJARHCYNFX-PHXLCVRDNA-N,-8.913
PTGS2,f_LYS236,mut_s1,detail,1,154,UQGFETVWTRDGKJ-UHFFFAOYNA-N,-6.25
PTGS2,f_LYS236,mut_s1,detail,1,155,VJFSMDWEMFOWDK-CYSPOYASNA-N,-8.224
PTGS2,f_LYS236,mut_s1,detail,1,156,NZYLXYBIWNIAGH-CYSPOYASNA-N,-8.535
PTGS2,f_LYS236,mut_s1,detail,1,157,ODXCWFOKLBJQNP-MPIMZMORNA-N,-8.741
PTGS2,f_LYS236,mut_s1,detail,1,158,FVDNMAPPDSKXKQ-UHFFFAOYNA-N,-8.558
PTGS2,f_LYS236,mut_s1,detail,1,159,DOPWMPRIRWTOOD-CCHPKIMANA-N,-8.404
PTGS2,m00,mut_s1,detail,1,0,URVMSYHISUZXNH-UYBDAZJANA-N,-9.018
PTGS2,m00,mut_s1,detail,1,1,KXRPCFINVWWFHQ-UHFFFAOYNA-N,-5.72
PTGS2,m00,mut_s1,detail,1,2,NICJTSHRYBTHAS-YHMJCDSINA-N,-7.641
PTGS2,m00,mut_s1,detail,1,3,SWRZVDTZHDWPDS-AWIDAIFANA-N,-8.533
PTGS2,m00,mut_s1,detail,1,4,RKNSLLSUFWWYCA-UHFFFAOYNA-N,-10.012
PTGS2,m00,mut_s1,detail,1,5,OZFSIKFTRRUDES-RIYZIHGNNA-N,-6.82
PTGS2,m00,mut_s1,detail,1,6,AAGGUCRASUJPPN-UHFFFAOYNA-N,-7.66
PTGS2,m00,mut_s1,detail,1,7,OYHXDPMAFYHDNG-YAQRNVERNA-N,-8.046
PTGS2,m00,mut_s1,detail,1,8,AWILWAIEQYZUEQ-UHFFFAOYNA-N,-7.08
PTGS2,m00,mut_s1,detail,1,9,WSFAXHLMQUUHQT-VMPITWQZNA-N,-7.61
PTGS2,m00,mut_s1,detail,1,10,WPHMTVNOXKBZKN-UHFFFAOYNA-N,-6.846
PTGS2,m00,mut_s1,detail,1,11,LPEIZNODGHDCCW-UHFFFAOYNA-N,-7.024
PTGS2,m00,mut_s1,detail,1,12,QQHWWDVSRWOHEP-LILDFLRNNA-N,-8.238
PTGS2,m00,mut_s1,detail,1,13,UMEVSSPGBFVQNC-UHFFFAOYNA-N,-6.741
PTGS2,m00,mut_s1,detail,1,14,VZDIOEKWWZRNQN-UHFFFAOYNA-N,-9.227
PTGS2,m00,mut_s1,detail,1,15,JEVLDOUORFAHRS-NDKGDYFDNA-N,-7.527
PTGS2,m00,mut_s1,detail,1,16,NFTGJNJRMWUBPG-GPQMBLKYNA-N,-7.304
PTGS2,m00,mut_s1,detail,1,17,UMUUTEZBWGDVDA-UHFFFAOYNA-N,-7.786
PTGS2,m00,mut_s1,detail,1,18,VLQKEPLNPGYNDJ-HCKMINDGNA-N,-7.828
PTGS2,m00,mut_s1,detail,1,19,PPMVTAATPZLMJM-CDDDEJBQNA-N,-9.256
PTGS2,m00,mut_s1,detail,1,20,AHLYFAKLKLMESK-YAQRNVERNA-N,-7.653
PTGS2,m00,mut_s1,detail,1,21,GYEJYLAGVWRSIM-KGJHZMDYNA-N,-7.915
PTGS2,m00,mut_s1,detail,1,22,RXVALSLAUOIYLW-UHFFFAOYNA-N,-7.907
PTGS2,m00,mut_s1,detail,1,23,NSELYIFATLFDOZ-JLGFQASFNA-N,-8.078
PTGS2,m00,mut_s1,detail,1,24,COQFBYACOHFCEC-UHFFFAOYNA-N,-7.668
PTGS2,m00,mut_s1,detail,1,25,CJGJXFCLDYQBFQ-YJGXKCCXNA-N,-8.614
PTGS2,m00,mut_s1,detail,1,26,BWNGRRJLFYHENY-INIZCTEONA-N,-7.901
PTGS2,m00,mut_s1,detail,1,27,BNRFXWSJKVJVOF-UYBDAZJANA-N,-8.661
PTGS2,m00,mut_s1,detail,1,28,DMULMZBZVBBWBY-PJZINPJWNA-N,-8.684
PTGS2,m00,mut_s1,detail,1,29,AXLAIGJGNKHDPO-UHFFFAOYNA-N,-6.928
PTGS2,m00,mut_s1,detail,1,30,RKDGAONZEPYEBT-WXRBYKJCNA-N,-7.431
PTGS2,m00,mut_s1,detail,1,31,MBOYDUZSCSNUQL-MBBDSNKKNA-N,-7.321
PTGS2,m00,mut_s1,detail,1,32,KPVDBHRTXOFQDK-YAQRNVERNA-N,-6.782
PTGS2,m00,mut_s1,detail,1,33,LVCNFMYUKISBSB-VJSNTGQMNA-N,-8.092
PTGS2,m00,mut_s1,detail,1,34,XLAHCIRKLMJUQC-DZQCGVKKNA-N,-9.27
PTGS2,m00,mut_s1,detail,1,35,QNYHDABGLCBJOE-SHHGZXMVNA-N,-8.622
PTGS2,m00,mut_s1,detail,1,36,HEKNRISBWSPMOG-OWTLIXCDNA-N,-7.683
PTGS2,m00,mut_s1,detail,1,37,VIRNXCRLEVZXNX-LILDFLRNNA-N,-9.303
PTGS2,m00,mut_s1,detail,1,38,SRTGERSEXJGDMR-UHFFFAOYNA-N,-7.029
PTGS2,m00,mut_s1,detail,1,39,ZGMGSSRLZJYOKH-WXRBYKJCNA-N,-7.309
PTGS2,m00,mut_s1,detail,1,40,VGYFDFRFGHHCDA-CUTUCBJDNA-N,-9.971
PTGS2,m00,mut_s1,detail,1,41,DILPMLYWQJPNLO-HCKMINDGNA-N,-8.935
PTGS2,m00,mut_s1,detail,1,42,RSOODJIGEVJLMK-LQFNOIFHNA-N,-9.629
PTGS2,m00,mut_s1,detail,1,43,OWHHWMUAYBIQPR-UHFFFAOYNA-N,-9.224
PTGS2,m00,mut_s1,detail,1,44,KPIKMVZJKZDOFC-UHFFFAOYNA-N,-9.097
PTGS2,m00,mut_s1,detail,1,45,DIKDKRUREJXLMR-DPMTXJEANA-N,-9.597
PTGS2,m00,mut_s1,detail,1,46,QRVJDPKQHAVBDK-UYBDAZJANA-N,-8.098
PTGS2,m00,mut_s1,detail,1,47,SGBSFKSDPWOALT-UYBDAZJANA-N,-8.224
PTGS2,m00,mut_s1,detail,1,48,CYHFRNFVZWVHCG-OTJKMEOQNA-N,-8.804
PTGS2,m00,mut_s1,detail,1,49,MJUDQDHXCQONOA-MPIMZMORNA-N,-9.094
PTGS2,m00,mut_s1,detail,1,50,RNVYRNLUUYNQAS-PKSOQXRJNA-N,-7.807
PTGS2,m00,mut_s1,detail,1,51,DLZXOZYETDVJEB-QWOVJGMINA-N,-7.816
PTGS2,m00,mut_s1,detail,1,52,HSICVZRDGBJSEL-GPQMBLKYNA-N,-9.233
PTGS2,m00,mut_s1,detail,1,53,HMRUHHFLIMYEAF-QNGOCPJXNA-N,-7.607
PTGS2,m00,mut_s1,detail,1,54,ZZOWQPSBJUXHCA-YSPRVCGUNA-N,-9.078
PTGS2,m00,mut_s1,detail,1,55,WDDJLHOUFWSQSV-UHFFFAOYNA-N,-9.131
PTGS2,m00,mut_s1,detail,1,56,UKLIIGXGTPSYBF-IBCWCQIKNA-N,-8.404
PTGS2,m00,mut_s1,detail,1,57,LNPOBRXJZYGQMS-MOHJPFBDNA-N,-8.983
PTGS2,m00,mut_s1,detail,1,58,FYILBFPPKIZBTO-UHFFFAOYNA-N,-8.224
PTGS2,m00,mut_s1,detail,1,59,MIKIJFODTJGFDI-LILDFLRNNA-N,-8.783
PTGS2,m00,mut_s1,detail,1,60,RUWCNSLWWCWTSU-LILDFLRNNA-N,-9.525
PTGS2,m00,mut_s1,detail,1,61,KLQWCHKIQJHYIB-UHFFFAOYNA-N,-10.476
PTGS2,m00,mut_s1,detail,1,62,QKAWGENQCGFAOE-NPVYFSBINA-N,-8.465
PTGS2,m00,mut_s1,detail,1,63,KGOKCBRZBBEYBE-MMRXBHCZNA-N,-9.813
PTGS2,m00,mut_s1,detail,1,64,ROFRXCLSWKEWTN-UHFFFAOYNA-N,-8.256
PTGS2,m00,mut_s1,detail,1,65,AKRMJNKLSCBEME-FPYGCLRLNA-N,-7.975
PTGS2,m00,mut_s1,detail,1,66,LCGJUJZLLYTYIF-XMFFZCEENA-N,-8.733
PTGS2,m00,mut_s1,detail,1,67,FREQNFSEYLEFOI-QRCVEOAVNA-N,-8.218
PTGS2,m00,mut_s1,detail,1,68,MHMINAYLMNBGSM-UHFFFAOYNA-N,-7.103
PTGS2,m00,mut_s1,detail,1,69,SYMNTBHEGHFZMV-UHFFFAOYNA-N,-8.167
PTGS2,m00,mut_s1,detail,1,70,NNCRWGMPCGSKOO-LILDFLRNNA-N,-7.958
PTGS2,m00,mut_s1,detail,1,71,ZCRRNCCNJMRGFI-UHFFFAOYNA-N,-10.502
PTGS2,m00,mut_s1,detail,1,72,PYVZEIBGEUQNQQ-UHFFFAOYNA-N,-10.545
PTGS2,m00,mut_s1,detail,1,73,OROJQWVRCGJACT-XBTAAFKLNA-N,-9.412
PTGS2,m00,mut_s1,detail,1,74,TXYUWXKCUDOUGU-JLGFQASFNA-N,-7.355
PTGS2,m00,mut_s1,detail,1,75,LAZANALODSEDSE-UHFFFAOYNA-N,-9.153
PTGS2,m00,mut_s1,detail,1,76,RJXCYVJLXGRCHK-UHFFFAOYNA-N,-9.226
PTGS2,m00,mut_s1,detail,1,77,FUSKIBWHJAWEFI-IEJAXPBYNA-N,-8.173
PTGS2,m00,mut_s1,detail,1,78,SGWVLOCBQLQWQV-UHFFFAOYNA-N,-8.395
PTGS2,m00,mut_s1,detail,1,79,PPXRQTYXLZCDAZ-QWOVJGMINA-N,-9.376
PTGS2,m00,mut_s1,detail,1,80,DIFBADFWLVYFHV-LELJVTLKNA-N,-8.641
PTGS2,m00,mut_s1,detail,1,81,XREOSEVJCQGCHE-MHPMNMKGNA-N,-10.092
PTGS2,m00,mut_s1,detail,1,82,ZHGPKHBXSKWZEQ-UHFFFAOYNA-N,-8.926
PTGS2,m00,mut_s1,detail,1,83,ZFAYPJJNPSNAFK-UHFFFAOYNA-N,-9.513
PTGS2,m00,mut_s1,detail,1,84,LTXMRAGWIDQTQT-MYUTVWBTNA-N,-9.669
PTGS2,m00,mut_s1,detail,1,85,VXQHYHSSGLOALC-SPEPDGBUNA-N,-10.184
PTGS2,m00,mut_s1,detail,1,86,KWDSFRAWCISROF-PJQSKVNONA-N,-9.387
PTGS2,m00,mut_s1,detail,1,87,ZJZXSQPHUQUHIV-ZGZFQTMPNA-N,-9.543
PTGS2,m00,mut_s1,detail,1,88,UYHIVPBYFWVWEJ-UHFFFAOYNA-N,-9.881
PTGS2,m00,mut_s1,detail,1,89,PLEFJSUCKRWHBY-LNNLXFCONA-N,-8.806
PTGS2,m00,mut_s1,detail,1,90,DNSRQCRQLKJUCC-PDJAEHLQNA-N,-9.519
PTGS2,m00,mut_s1,detail,1,91,PHYKZCBUNVYJNH-YDBXFXKPNA-N,-7.848
PTGS2,m00,mut_s1,detail,1,92,OOUHZBUAVKCDGA-UHFFFAOYNA-N,-8.897
PTGS2,m00,mut_s1,detail,1,93,UUQDFZFJDFMLHW-UHFFFAOYNA-N,-8.427
PTGS2,m00,mut_s1,detail,1,94,OOUDDHNLDLLUOL-SKKVRFOWNA-N,-8.887
PTGS2,m00,mut_s1,detail,1,95,ZDMQSUAMTLXUTE-MPIMZMORNA-N,-9.521
PTGS2,m00,mut_s1,detail,1,96,NMPLPABDEKPABN-UHFFFAOYNA-N,-9.644
PTGS2,m00,mut_s1,detail,1,97,INZRHGSVWGRHBM-NPVYFSBINA-N,-9.883
PTGS2,m00,mut_s1,detail,1,98,RVGCWMKVTAEQIH-LNNLXFCONA-N,-9.503
PTGS2,m00,mut_s1,detail,1,99,VRXWKRQOVMZBAF-LJQANCHMNA-N,-8.842
PTGS2,m00,mut_s1,detail,1,100,QACLWOIBBYOHQP-UYBDAZJANA-N,-8.347
PTGS2,m00,mut_s1,detail,1,101,ZNXSZVFPCBIELQ-LNNLXFCONA-N,-8.703
PTGS2,m00,mut_s1,detail,1,102,GKMWCCNMKRSQHR-VEKUMTKDNA-N,-9.755
PTGS2,m00,mut_s1,detail,1,103,FFGUSRSMWFYKGK-SKKVRFOWNA-N,-9.492
PTGS2,m00,mut_s1,detail,1,104,KXBDDGKXLZBLOM-SPEPDGBUNA-N,-9.132
PTGS2,m00,mut_s1,detail,1,105,MIUWULAZCXYTJW-MSHHZIMBNA-N,-10.346
PTGS2,m00,mut_s1,detail,1,106,JPZOYWVRFLZCIC-NJNXFGOHNA-N,-11.097
PTGS2,m00,mut_s1,detail,1,107,FAIQTLBYDVKBAB-DVIAZDKANA-N,-9.812
PTGS2,m00,mut_s1,detail,1,108,APFLRZZAOXCNAZ-UHFFFAOYNA-N,-9.641
PTGS2,m00,mut_s1,detail,1,109,BSQLDSQTGOZBFD-UHFFFAOYNA-N,-8.727
PTGS2,m00,mut_s1,detail,1,110,ZVVCFJXCDATSCC-UHFFFAOYNA-N,-9.744
PTGS2,m00,mut_s1,detail,1,111,SKEQTXZATFWVMB-UYBDAZJANA-N,-7.709
PTGS2,m00,mut_s1,detail,1,112,IATWYRHDJKMBQK-MPIMZMORNA-N,-8.59
PTGS2,m00,mut_s1,detail,1,113,JPWOEQDCUZCWKT-MPIMZMORNA-N,-7.745
PTGS2,m00,mut_s1,detail,1,114,RYHSAXRBHDHPPK-PKSOQXRJNA-N,-8.295
PTGS2,m00,mut_s1,detail,1,115,GKKJWUFVZJJFPG-MPIMZMORNA-N,-9.507
PTGS2,m00,mut_s1,detail,1,116,FDNZXFDUCINVLY-BDGWVKIONA-N,-8.616
PTGS2,m00,mut_s1,detail,1,117,KTBYKHKWIFIFAK-UHFFFAOYNA-N,-10.435
PTGS2,m00,mut_s1,detail,1,118,ZRXZEWGUECXTTQ-LQFNOIFHNA-N,-9.601
PTGS2,m00,mut_s1,detail,1,119,XNACBBGLIAJNJM-PECIQRARNA-N,-10.018
PTGS2,m00,mut_s1,detail,1,120,WQZYYJRVBIQUGH-YWZOXAELNA-N,-8.91
PTGS2,m00,mut_s1,detail,1,121,ABMSRNRLDZVJFV-SWUIVHNENA-N,-9.08
PTGS2,m00,mut_s1,detail,1,122,ZEACBIUBSOLEGW-QAITUMOCNA-N,-10.932
PTGS2,m00,mut_s1,detail,1,123,UBFCDXVLKFOOGL-OKPOJWAQNA-N,-9.724
PTGS2,m00,mut_s1,detail,1,124,RRIHVAFUFDANEX-NSJMMFDCNA-N,-10.792
PTGS2,m00,mut_s1,detail,1,125,HASIAUWPWKTSBW-SREBMQDQNA-N,-9.147
PTGS2,m00,mut_s1,detail,1,126,WHBCKYHTCHCHAY-LQFNOIFHNA-N,-10.186
PTGS2,m00,mut_s1,detail,1,127,XMAYWYJOQHXEEK-JYFHCDHNNA-N,-9.779
PTGS2,m00,mut_s1,detail,1,128,TVKCFCZANTZCSU-OYRHEFFENA-N,-10.983
PTGS2,m00,mut_s1,detail,1,129,OJFIIUWPOHBVMH-LNNLXFCONA-N,-8.753
PTGS2,m00,mut_s1,detail,1,130,DKLZMGFTGWKNCD-DIRLUKLVNA-N,-10.352
PTGS2,m00,mut_s1,detail,1,131,PYSLGWZFRQWTDD-PWIKPTQSNA-N,-10.792
PTGS2,m00,mut_s1,detail,1,132,MWMBIUUYBQWKJX-QTUCRYGENA-N,-9.239
PTGS2,m00,mut_s1,detail,1,133,FLYQFCXTEFTSQN-UHFFFAOYNA-N,-8.857
PTGS2,m00,mut_s1,detail,1,134,PBIBDSDWIMZYDT-WBWGZOKWNA-N,-11.011
PTGS2,m00,mut_s1,detail,1,135,GSRWMFGBDLHGBU-YEFLILRRNA-N,-8.466
PTGS2,m00,mut_s1,detail,1,136,AYIJJQHMZAEQKE-QDAGQJSJNA-N,-11.382
PTGS2,m00,mut_s1,detail,1,137,JVWTZUKPDMRNDC-FSAKADSPNA-N,-11.045
PTGS2,m00,mut_s1,detail,1,138,XAZPLOLSRXZDBO-LBZABMTDNA-N,-8.461
PTGS2,m00,mut_s1,detail,1,139,RGWVFJBNHCWCTL-CFEGKOCINA-N,-9.521
PTGS2,m00,mut_s1,detail,1,140,YYWNRQZCPIMCAK-UHFFFAOYNA-N,-9.754
PTGS2,m00,mut_s1,detail,1,141,PBTZDKNKXRSZPM-XBXBPLPCNA-N,-10.16
PTGS2,m00,mut_s1,detail,1,142,QQPOIMHFFPBDQM-LELJVTLKNA-N,-8.097
PTGS2,m00,mut_s1,detail,1,143,NYFQURFFDGCBCB-MAQJPOOANA-N,-7.884
PTGS2,m00,mut_s1,detail,1,144,HXZVHWHABLBWBS-MTTPVDACNA-N,-10.682
PTGS2,m00,mut_s1,detail,1,145,IWYYSOJWYLZKLK-LELJVTLKNA-N,-9.044
PTGS2,m00,mut_s1,detail,1,146,HOGUCNPGZXMBGW-UHFFFAOYNA-N,-9.119
PTGS2,m00,mut_s1,detail,1,147,VITUDJAVASFPKN-DUFUIDNCNA-N,-9.026
PTGS2,m00,mut_s1,detail,1,148,IXAHDCRYEUYPBG-SCXYCHFONA-N,-11.043
PTGS2,m00,mut_s1,detail,1,149,JWHMEKMLAZQDNS-OZMOGHDGNA-N,-8.647
PTGS2,m00,mut_s1,detail,1,150,BZWNBTIJLRHNDZ-LBOYIXSDNA-N,-9.206
PTGS2,m00,mut_s1,detail,1,151,RECYROBESYRUML-UHFFFAOYNA-N,-7.527
PTGS2,m00,mut_s1,detail,1,152,MLDSJJJLQRZNKW-UHBIVWOUNA-N,-10.209
PTGS2,m00,mut_s1,detail,1,153,XTWIHJARHCYNFX-PHXLCVRDNA-N,-9.408
PTGS2,m00,mut_s1,detail,1,154,UQGFETVWTRDGKJ-UHFFFAOYNA-N,-9.173
PTGS2,m00,mut_s1,detail,1,155,VJFSMDWEMFOWDK-CYSPOYASNA-N,-10.679
PTGS2,m00,mut_s1,detail,1,156,NZYLXYBIWNIAGH-CYSPOYASNA-N,-10.018
PTGS2,m00,mut_s1,detail,1,157,ODXCWFOKLBJQNP-MPIMZMORNA-N,-8.899
PTGS2,m00,mut_s1,detail,1,158,FVDNMAPPDSKXKQ-UHFFFAOYNA-N,-11.251
PTGS2,m00,mut_s1,detail,1,159,DOPWMPRIRWTOOD-CCHPKIMANA-N,-10.432
PTGS2,m01,mut_s1,detail,1,0,URVMSYHISUZXNH-UYBDAZJANA-N,-9.518
PTGS2,m01,mut_s1,detail,1,1,KXRPCFINVWWFHQ-UHFFFAOYNA-N,-5.743
PTGS2,m01,mut_s1,detail,1,2,NICJTSHRYBTHAS-YHMJCDSINA-N,-8.162
PTGS2,m01,mut_s1,detail,1,3,SWRZVDTZHDWPDS-AWIDAIFANA-N,-8.925
PTGS2,m01,mut_s1,detail,1,4,RKNSLLSUFWWYCA-UHFFFAOYNA-N,-9.954
PTGS2,m01,mut_s1,detail,1,5,OZFSIKFTRRUDES-RIYZIHGNNA-N,-6.885
PTGS2,m01,mut_s1,detail,1,6,AAGGUCRASUJPPN-UHFFFAOYNA-N,-9.092
PTGS2,m01,mut_s1,detail,1,7,OYHXDPMAFYHDNG-YAQRNVERNA-N,-8.323
PTGS2,m01,mut_s1,detail,1,8,AWILWAIEQYZUEQ-UHFFFAOYNA-N,-7.491
PTGS2,m01,mut_s1,detail,1,9,WSFAXHLMQUUHQT-VMPITWQZNA-N,-8.24
PTGS2,m01,mut_s1,detail,1,10,WPHMTVNOXKBZKN-UHFFFAOYNA-N,-6.794
PTGS2,m01,mut_s1,detail,1,11,LPEIZNODGHDCCW-UHFFFAOYNA-N,-6.555
PTGS2,m01,mut_s1,detail,1,12,QQHWWDVSRWOHEP-LILDFLRNNA-N,-8.784
PTGS2,m01,mut_s1,detail,1,13,UMEVSSPGBFVQNC-UHFFFAOYNA-N,-6.54
PTGS2,m01,mut_s1,detail,1,14,VZDIOEKWWZRNQN-UHFFFAOYNA-N,-9.722
PTGS2,m01,mut_s1,detail,1,15,JEVLDOUORFAHRS-NDKGDYFDNA-N,-8.177
PTGS2,m01,mut_s1,detail,1,16,NFTGJNJRMWUBPG-GPQMBLKYNA-N,-8.565
PTGS2,m01,mut_s1,detail,1,17,UMUUTEZBWGDVDA-UHFFFAOYNA-N,-8.048
PTGS2,m01,mut_s1,detail,1,18,VLQKEPLNPGYNDJ-HCKMINDGNA-N,-7.93
PTGS2,m01,mut_s1,detail,1,19,PPMVTAATPZLMJM-CDDDEJBQNA-N,-8.137
PTGS2,m01,mut_s1,detail,1,20,AHLYFAKLKLMESK-YAQRNVERNA-N,-7.873
PTGS2,m01,mut_s1,detail,1,21,GYEJYLAGVWRSIM-KGJHZMDYNA-N,-8.17
PTGS2,m01,mut_s1,detail,1,22,RXVALSLAUOIYLW-UHFFFAOYNA-N,-7.198
PTGS2,m01,mut_s1,detail,1,23,NSELYIFATLFDOZ-JLGFQASFNA-N,-8.178
PTGS2,m01,mut_s1,detail,1,24,COQFBYACOHFCEC-UHFFFAOYNA-N,-8.52
PTGS2,m01,mut_s1,detail,1,25,CJGJXFCLDYQBFQ-YJGXKCCXNA-N,-9.52
PTGS2,m01,mut_s1,detail,1,26,BWNGRRJLFYHENY-INIZCTEONA-N,-8.051
PTGS2,m01,mut_s1,detail,1,27,BNRFXWSJKVJVOF-UYBDAZJANA-N,-9.54
PTGS2,m01,mut_s1,detail,1,28,DMULMZBZVBBWBY-PJZINPJWNA-N,-8.894
PTGS2,m01,mut_s1,detail,1,29,AXLAIGJGNKHDPO-UHFFFAOYNA-N,-7.305
PTGS2,m01,mut_s1,detail,1,30,RKDGAONZEPYEBT-WXRBYKJCNA-N,-7.592
PTGS2,m01,mut_s1,detail,1,31,MBOYDUZSCSNUQL-MBBDSNKKNA-N,-8.637
PTGS2,m01,mut_s1,detail,1,32,KPVDBHRTXOFQDK-YAQRNVERNA-N,-6.933
PTGS2,m01,mut_s1,detail,1,33,LVCNFMYUKISBSB-VJSNTGQMNA-N,-8.515
PTGS2,m01,mut_s1,detail,1,34,XLAHCIRKLMJUQC-DZQCGVKKNA-N,-9.195
PTGS2,m01,mut_s1,detail,1,35,QNYHDABGLCBJOE-SHHGZXMVNA-N,-9.722
PTGS2,m01,mut_s1,detail,1,36,HEKNRISBWSPMOG-OWTLIXCDNA-N,-7.567
PTGS2,m01,mut_s1,detail,1,37,VIRNXCRLEVZXNX-LILDFLRNNA-N,-10.189
PTGS2,m01,mut_s1,detail,1,38,SRTGERSEXJGDMR-UHFFFAOYNA-N,-7.461
PTGS2,m01,mut_s1,detail,1,39,ZGMGSSRLZJYOKH-WXRBYKJCNA-N,-7.601
PTGS2,m01,mut_s1,detail,1,40,VGYFDFRFGHHCDA-CUTUCBJDNA-N,-10.811
PTGS2,m01,mut_s1,detail,1,41,DILPMLYWQJPNLO-HCKMINDGNA-N,-8.994
PTGS2,m01,mut_s1,detail,1,42,RSOODJIGEVJLMK-LQFNOIFHNA-N,-10.2
PTGS2,m01,mut_s1,detail,1,43,OWHHWMUAYBIQPR-UHFFFAOYNA-N,-10.37
PTGS2,m01,mut_s1,detail,1,44,KPIKMVZJKZDOFC-UHFFFAOYNA-N,-10.553
PTGS2,m01,mut_s1,detail,1,45,DIKDKRUREJXLMR-DPMTXJEANA-N,-9.813
PTGS2,m01,mut_s1,detail,1,46,QRVJDPKQHAVBDK-UYBDAZJANA-N,-8.006
PTGS2,m01,mut_s1,detail,1,47,SGBSFKSDPWOALT-UYBDAZJANA-N,-9.371
PTGS2,m01,mut_s1,detail,1,48,CYHFRNFVZWVHCG-OTJKMEOQNA-N,-8.988
PTGS2,m01,mut_s1,detail,1,49,MJUDQDHXCQONOA-MPIMZMORNA-N,-8.521
PTGS2,m01,mut_s1,detail,1,50,RNVYRNLUUYNQAS-PKSOQXRJNA-N,-7.471
PTGS2,m01,mut_s1,detail,1,51,DLZXOZYETDVJEB-QWOVJGMINA-N,-8.193
PTGS2,m01,mut_s1,detail,1,52,HSICVZRDGBJSEL-GPQMBLKYNA-N,-9.048
PTGS2,m01,mut_s1,detail,1,53,HMRUHHFLIMYEAF-QNGOCPJXNA-N,-7.994
PTGS2,m01,mut_s1,detail,1,54,ZZOWQPSBJUXHCA-YSPRVCGUNA-N,-9.497
PTGS2,m01,mut_s1,detail,1,55,WDDJLHOUFWSQSV-UHFFFAOYNA-N,-11.583
PTGS2,m01,mut_s1,detail,1,56,UKLIIGXGTPSYBF-IBCWCQIKNA-N,-9.377
PTGS2,m01,mut_s1,detail,1,57,LNPOBRXJZYGQMS-MOHJPFBDNA-N,-8.87
PTGS2,m01,mut_s1,detail,1,58,FYILBFPPKIZBTO-UHFFFAOYNA-N,-7.929
PTGS2,m01,mut_s1,detail,1,59,MIKIJFODTJGFDI-LILDFLRNNA-N,-9.144
PTGS2,m01,mut_s1,detail,1,60,RUWCNSLWWCWTSU-LILDFLRNNA-N,-8.777
PTGS2,m01,mut_s1,detail,1,61,KLQWCHKIQJHYIB-UHFFFAOYNA-N,-11.98
PTGS2,m01,mut_s1,detail,1,62,QKAWGENQCGFAOE-NPVYFSBINA-N,-9.044
PTGS2,m01,mut_s1,detail,1,63,KGOKCBRZBBEYBE-MMRXBHCZNA-N,-11.148
PTGS2,m01,mut_s1,detail,1,64,ROFRXCLSWKEWTN-UHFFFAOYNA-N,-7.842
PTGS2,m01,mut_s1,detail,1,65,AKRMJNKLSCBEME-FPYGCLRLNA-N,-8.624
PTGS2,m01,mut_s1,detail,1,66,LCGJUJZLLYTYIF-XMFFZCEENA-N,-9.896
PTGS2,m01,mut_s1,detail,1,67,FREQNFSEYLEFOI-QRCVEOAVNA-N,-9.316
PTGS2,m01,mut_s1,detail,1,68,MHMINAYLMNBGSM-UHFFFAOYNA-N,-7.219
PTGS2,m01,mut_s1,detail,1,69,SYMNTBHEGHFZMV-UHFFFAOYNA-N,-8.33
PTGS2,m01,mut_s1,detail,1,70,NNCRWGMPCGSKOO-LILDFLRNNA-N,-7.443
PTGS2,m01,mut_s1,detail,1,71,ZCRRNCCNJMRGFI-UHFFFAOYNA-N,-11.053
PTGS2,m01,mut_s1,detail,1,72,PYVZEIBGEUQNQQ-UHFFFAOYNA-N,-11.023
PTGS2,m01,mut_s1,detail,1,73,OROJQWVRCGJACT-XBTAAFKLNA-N,-10.055
PTGS2,m01,mut_s1,detail,1,74,TXYUWXKCUDOUGU-JLGFQASFNA-N,-8.691
PTGS2,m01,mut_s1,detail,1,75,LAZANALODSEDSE-UHFFFAOYNA-N,-8.048
PTGS2,m01,mut_s1,detail,1,76,RJXCYVJLXGRCHK-UHFFFAOYNA-N,-10.679
PTGS2,m01,mut_s1,detail,1,77,FUSKIBWHJAWEFI-IEJAXPBYNA-N,-8.931
PTGS2,m01,mut_s1,detail,1,78,SGWVLOCBQLQWQV-UHFFFAOYNA-N,-9.995
PTGS2,m01,mut_s1,detail,1,79,PPXRQTYXLZCDAZ-QWOVJGMINA-N,-10.717
PTGS2,m01,mut_s1,detail,1,80,DIFBADFWLVYFHV-LELJVTLKNA-N,-8.967
PTGS2,m01,mut_s1,detail,1,81,XREOSEVJCQGCHE-MHPMNMKGNA-N,-9.23
PTGS2,m01,mut_s1,detail,1,82,ZHGPKHBXSKWZEQ-UHFFFAOYNA-N,-8.516
PTGS2,m01,mut_s1,detail,1,83,ZFAYPJJNPSNAFK-UHFFFAOYNA-N,-10.295
PTGS2,m01,mut_s1,detail,1,84,LTXMRAGWIDQTQT-MYUTVWBTNA-N,-10.877
PTGS2,m01,mut_s1,detail,1,85,VXQHYHSSGLOALC-SPEPDGBUNA-N,-10.515
PTGS2,m01,mut_s1,detail,1,86,KWDSFRAWCISROF-PJQSKVNONA-N,-10.733
PTGS2,m01,mut_s1,detail,1,87,ZJZXSQPHUQUHIV-ZGZFQTMPNA-N,-11.751
PTGS2,m01,mut_s1,detail,1,88,UYHIVPBYFWVWEJ-UHFFFAOYNA-N,-9.567
PTGS2,m01,mut_s1,detail,1,89,PLEFJSUCKRWHBY-LNNLXFCONA-N,-10.463
PTGS2,m01,mut_s1,detail,1,90,DNSRQCRQLKJUCC-PDJAEHLQNA-N,-9.323
PTGS2,m01,mut_s1,detail,1,91,PHYKZCBUNVYJNH-YDBXFXKPNA-N,-7.053
PTGS2,m01,mut_s1,detail,1,92,OOUHZBUAVKCDGA-UHFFFAOYNA-N,-8.95
PTGS2,m01,mut_s1,detail,1,93,UUQDFZFJDFMLHW-UHFFFAOYNA-N,-8.488
PTGS2,m01,mut_s1,detail,1,94,OOUDDHNLDLLUOL-SKKVRFOWNA-N,-10.058
PTGS2,m01,mut_s1,detail,1,95,ZDMQSUAMTLXUTE-MPIMZMORNA-N,-9.527
PTGS2,m01,mut_s1,detail,1,96,NMPLPABDEKPABN-UHFFFAOYNA-N,-10.229
PTGS2,m01,mut_s1,detail,1,97,INZRHGSVWGRHBM-NPVYFSBINA-N,-10.742
PTGS2,m01,mut_s1,detail,1,98,RVGCWMKVTAEQIH-LNNLXFCONA-N,-10.271
PTGS2,m01,mut_s1,detail,1,99,VRXWKRQOVMZBAF-LJQANCHMNA-N,-8.407
PTGS2,m01,mut_s1,detail,1,100,QACLWOIBBYOHQP-UYBDAZJANA-N,-9.668
PTGS2,m01,mut_s1,detail,1,101,ZNXSZVFPCBIELQ-LNNLXFCONA-N,-9.211
PTGS2,m01,mut_s1,detail,1,102,GKMWCCNMKRSQHR-VEKUMTKDNA-N,-9.867
PTGS2,m01,mut_s1,detail,1,103,FFGUSRSMWFYKGK-SKKVRFOWNA-N,-10.65
PTGS2,m01,mut_s1,detail,1,104,KXBDDGKXLZBLOM-SPEPDGBUNA-N,-9.039
PTGS2,m01,mut_s1,detail,1,105,MIUWULAZCXYTJW-MSHHZIMBNA-N,-11.193
PTGS2,m01,mut_s1,detail,1,106,JPZOYWVRFLZCIC-NJNXFGOHNA-N,-11.502
PTGS2,m01,mut_s1,detail,1,107,FAIQTLBYDVKBAB-DVIAZDKANA-N,-10.005
PTGS2,m01,mut_s1,detail,1,108,APFLRZZAOXCNAZ-UHFFFAOYNA-N,-9.257
PTGS2,m01,mut_s1,detail,1,109,BSQLDSQTGOZBFD-UHFFFAOYNA-N,-8.75
PTGS2,m01,mut_s1,detail,1,110,ZVVCFJXCDATSCC-UHFFFAOYNA-N,-10.297
PTGS2,m01,mut_s1,detail,1,111,SKEQTXZATFWVMB-UYBDAZJANA-N,-9.561
PTGS2,m01,mut_s1,detail,1,112,IATWYRHDJKMBQK-MPIMZMORNA-N,-9.804
PTGS2,m01,mut_s1,detail,1,113,JPWOEQDCUZCWKT-MPIMZMORNA-N,-7.402
PTGS2,m01,mut_s1,detail,1,114,RYHSAXRBHDHPPK-PKSOQXRJNA-N,-8.803
PTGS2,m01,mut_s1,detail,1,115,GKKJWUFVZJJFPG-MPIMZMORNA-N,-9.751
PTGS2,m01,mut_s1,detail,1,116,FDNZXFDUCINVLY-BDGWVKIONA-N,-9.71
PTGS2,m01,mut_s1,detail,1,117,KTBYKHKWIFIFAK-UHFFFAOYNA-N,-12.046
PTGS2,m01,mut_s1,detail,1,118,ZRXZEWGUECXTTQ-LQFNOIFHNA-N,-10.027
PTGS2,m01,mut_s1,detail,1,119,XNACBBGLIAJNJM-PECIQRARNA-N,-9.559
PTGS2,m01,mut_s1,detail,1,120,WQZYYJRVBIQUGH-YWZOXAELNA-N,-10.241
PTGS2,m01,mut_s1,detail,1,121,ABMSRNRLDZVJFV-SWUIVHNENA-N,-10.268
PTGS2,m01,mut_s1,detail,1,122,ZEACBIUBSOLEGW-QAITUMOCNA-N,-11.291
PTGS2,m01,mut_s1,detail,1,123,UBFCDXVLKFOOGL-OKPOJWAQNA-N,-10.087
PTGS2,m01,mut_s1,detail,1,124,RRIHVAFUFDANEX-NSJMMFDCNA-N,-8.69
PTGS2,m01,mut_s1,detail,1,125,HASIAUWPWKTSBW-SREBMQDQNA-N,-9.262
PTGS2,m01,mut_s1,detail,1,126,WHBCKYHTCHCHAY-LQFNOIFHNA-N,-9.833
PTGS2,m01,mut_s1,detail,1,127,XMAYWYJOQHXEEK-JYFHCDHNNA-N,-10.172
PTGS2,m01,mut_s1,detail,1,128,TVKCFCZANTZCSU-OYRHEFFENA-N,-9.678
PTGS2,m01,mut_s1,detail,1,129,OJFIIUWPOHBVMH-LNNLXFCONA-N,-8.326
PTGS2,m01,mut_s1,detail,1,130,DKLZMGFTGWKNCD-DIRLUKLVNA-N,-12.347
PTGS2,m01,mut_s1,detail,1,131,PYSLGWZFRQWTDD-PWIKPTQSNA-N,-10.764
PTGS2,m01,mut_s1,detail,1,132,MWMBIUUYBQWKJX-QTUCRYGENA-N,-8.951
PTGS2,m01,mut_s1,detail,1,133,FLYQFCXTEFTSQN-UHFFFAOYNA-N,-9.633
PTGS2,m01,mut_s1,detail,1,134,PBIBDSDWIMZYDT-WBWGZOKWNA-N,-11.532
PTGS2,m01,mut_s1,detail,1,135,GSRWMFGBDLHGBU-YEFLILRRNA-N,-9.143
PTGS2,m01,mut_s1,detail,1,136,AYIJJQHMZAEQKE-QDAGQJSJNA-N,-11.44
PTGS2,m01,mut_s1,detail,1,137,JVWTZUKPDMRNDC-FSAKADSPNA-N,-11.631
PTGS2,m01,mut_s1,detail,1,138,XAZPLOLSRXZDBO-LBZABMTDNA-N,-7.65
PTGS2,m01,mut_s1,detail,1,139,RGWVFJBNHCWCTL-CFEGKOCINA-N,-9.88
PTGS2,m01,mut_s1,detail,1,140,YYWNRQZCPIMCAK-UHFFFAOYNA-N,-10.729
PTGS2,m01,mut_s1,detail,1,141,PBTZDKNKXRSZPM-XBXBPLPCNA-N,-10.568
PTGS2,m01,mut_s1,detail,1,142,QQPOIMHFFPBDQM-LELJVTLKNA-N,-9.608
PTGS2,m01,mut_s1,detail,1,143,NYFQURFFDGCBCB-MAQJPOOANA-N,-8.063
PTGS2,m01,mut_s1,detail,1,144,HXZVHWHABLBWBS-MTTPVDACNA-N,-10.299
PTGS2,m01,mut_s1,detail,1,145,IWYYSOJWYLZKLK-LELJVTLKNA-N,-8.691
PTGS2,m01,mut_s1,detail,1,146,HOGUCNPGZXMBGW-UHFFFAOYNA-N,-7.379
PTGS2,m01,mut_s1,detail,1,147,VITUDJAVASFPKN-DUFUIDNCNA-N,-9.58
PTGS2,m01,mut_s1,detail,1,148,IXAHDCRYEUYPBG-SCXYCHFONA-N,-11.463
PTGS2,m01,mut_s1,detail,1,149,JWHMEKMLAZQDNS-OZMOGHDGNA-N,-9.36
PTGS2,m01,mut_s1,detail,1,150,BZWNBTIJLRHNDZ-LBOYIXSDNA-N,-10.263
PTGS2,m01,mut_s1,detail,1,151,RECYROBESYRUML-UHFFFAOYNA-N,-9.332
PTGS2,m01,mut_s1,detail,1,152,MLDSJJJLQRZNKW-UHBIVWOUNA-N,-10.887
PTGS2,m01,mut_s1,detail,1,153,XTWIHJARHCYNFX-PHXLCVRDNA-N,-8.231
PTGS2,m01,mut_s1,detail,1,154,UQGFETVWTRDGKJ-UHFFFAOYNA-N,-10.039
PTGS2,m01,mut_s1,detail,1,155,VJFSMDWEMFOWDK-CYSPOYASNA-N,-11.165
PTGS2,m01,mut_s1,detail,1,156,NZYLXYBIWNIAGH-CYSPOYASNA-N,-11.447
PTGS2,m01,mut_s1,detail,1,157,ODXCWFOKLBJQNP-MPIMZMORNA-N,-8.401
PTGS2,m01,mut_s1,detail,1,158,FVDNMAPPDSKXKQ-UHFFFAOYNA-N,-10.286
PTGS2,m01,mut_s1,detail,1,159,DOPWMPRIRWTOOD-CCHPKIMANA-N,-10.885
PTGS2,m02,mut_s1,detail,1,0,URVMSYHISUZXNH-UYBDAZJANA-N,-9.508
PTGS2,m02,mut_s1,detail,1,1,KXRPCFINVWWFHQ-UHFFFAOYNA-N,-5.814
PTGS2,m02,mut_s1,detail,1,2,NICJTSHRYBTHAS-YHMJCDSINA-N,-8.005
PTGS2,m02,mut_s1,detail,1,3,SWRZVDTZHDWPDS-AWIDAIFANA-N,-9.687
PTGS2,m02,mut_s1,detail,1,4,RKNSLLSUFWWYCA-UHFFFAOYNA-N,-10.278
PTGS2,m02,mut_s1,detail,1,5,OZFSIKFTRRUDES-RIYZIHGNNA-N,-7.041
PTGS2,m02,mut_s1,detail,1,6,AAGGUCRASUJPPN-UHFFFAOYNA-N,-8.54
PTGS2,m02,mut_s1,detail,1,7,OYHXDPMAFYHDNG-YAQRNVERNA-N,-8.381
PTGS2,m02,mut_s1,detail,1,8,AWILWAIEQYZUEQ-UHFFFAOYNA-N,-7.475
PTGS2,m02,mut_s1,detail,1,9,WSFAXHLMQUUHQT-VMPITWQZNA-N,-7.933
PTGS2,m02,mut_s1,detail,1,10,WPHMTVNOXKBZKN-UHFFFAOYNA-N,-6.814
PTGS2,m02,mut_s1,detail,1,11,LPEIZNODGHDCCW-UHFFFAOYNA-N,-6.62
PTGS2,m02,mut_s1,detail,1,12,QQHWWDVSRWOHEP-LILDFLRNNA-N,-9.104
PTGS2,m02,mut_s1,detail,1,13,UMEVSSPGBFVQNC-UHFFFAOYNA-N,-6.906
PTGS2,m02,mut_s1,detail,1,14,VZDIOEKWWZRNQN-UHFFFAOYNA-N,-9.515
PTGS2,m02,mut_s1,detail,1,15,JEVLDOUORFAHRS-NDKGDYFDNA-N,-7.796
PTGS2,m02,mut_s1,detail,1,16,NFTGJNJRMWUBPG-GPQMBLKYNA-N,-8.423
PTGS2,m02,mut_s1,detail,1,17,UMUUTEZBWGDVDA-UHFFFAOYNA-N,-7.874
PTGS2,m02,mut_s1,detail,1,18,VLQKEPLNPGYNDJ-HCKMINDGNA-N,-7.835
PTGS2,m02,mut_s1,detail,1,19,PPMVTAATPZLMJM-CDDDEJBQNA-N,-8.409
PTGS2,m02,mut_s1,detail,1,20,AHLYFAKLKLMESK-YAQRNVERNA-N,-7.591
PTGS2,m02,mut_s1,detail,1,21,GYEJYLAGVWRSIM-KGJHZMDYNA-N,-8.002
PTGS2,m02,mut_s1,detail,1,22,RXVALSLAUOIYLW-UHFFFAOYNA-N,-8.014
PTGS2,m02,mut_s1,detail,1,23,NSELYIFATLFDOZ-JLGFQASFNA-N,-8.363
PTGS2,m02,mut_s1,detail,1,24,COQFBYACOHFCEC-UHFFFAOYNA-N,-8.205
PTGS2,m02,mut_s1,detail,1,25,CJGJXFCLDYQBFQ-YJGXKCCXNA-N,-9.562
PTGS2,m02,mut_s1,detail,1,26,BWNGRRJLFYHENY-INIZCTEONA-N,-7.438
PTGS2,m02,mut_s1,detail,1,27,BNRFXWSJKVJVOF-UYBDAZJANA-N,-9.168
PTGS2,m02,mut_s1,detail,1,28,DMULMZBZVBBWBY-PJZINPJWNA-N,-9.186
PTGS2,m02,mut_s1,detail,1,29,AXLAIGJGNKHDPO-UHFFFAOYNA-N,-7.326
PTGS2,m02,mut_s1,detail,1,30,RKDGAONZEPYEBT-WXRBYKJCNA-N,-7.882
PTGS2,m02,mut_s1,detail,1,31,MBOYDUZSCSNUQL-MBBDSNKKNA-N,-8.111
PTGS2,m02,mut_s1,detail,1,32,KPVDBHRTXOFQDK-YAQRNVERNA-N,-7.107
PTGS2,m02,mut_s1,detail,1,33,LVCNFMYUKISBSB-VJSNTGQMNA-N,-8.295
PTGS2,m02,mut_s1,detail,1,34,XLAHCIRKLMJUQC-DZQCGVKKNA-N,-9.428
PTGS2,m02,mut_s1,detail,1,35,QNYHDABGLCBJOE-SHHGZXMVNA-N,-9.987
PTGS2,m02,mut_s1,detail,1,36,HEKNRISBWSPMOG-OWTLIXCDNA-N,-7.472
PTGS2,m02,mut_s1,detail,1,37,VIRNXCRLEVZXNX-LILDFLRNNA-N,-9.261
PTGS2,m02,mut_s1,detail,1,38,SRTGERSEXJGDMR-UHFFFAOYNA-N,-7.44
PTGS2,m02,mut_s1,detail,1,39,ZGMGSSRLZJYOKH-WXRBYKJCNA-N,-7.347
PTGS2,m02,mut_s1,detail,1,40,VGYFDFRFGHHCDA-CUTUCBJDNA-N,-10.162
PTGS2,m02,mut_s1,detail,1,41,DILPMLYWQJPNLO-HCKMINDGNA-N,-8.745
PTGS2,m02,mut_s1,detail,1,42,RSOODJIGEVJLMK-LQFNOIFHNA-N,-9.773
PTGS2,m02,mut_s1,detail,1,43,OWHHWMUAYBIQPR-UHFFFAOYNA-N,-10.418
PTGS2,m02,mut_s1,detail,1,44,KPIKMVZJKZDOFC-UHFFFAOYNA-N,-11.247
PTGS2,m02,mut_s1,detail,1,45,DIKDKRUREJXLMR-DPMTXJEANA-N,-8.987
PTGS2,m02,mut_s1,detail,1,46,QRVJDPKQHAVBDK-UYBDAZJANA-N,-8.124
PTGS2,m02,mut_s1,detail,1,47,SGBSFKSDPWOALT-UYBDAZJANA-N,-9.164
PTGS2,m02,mut_s1,detail,1,48,CYHFRNFVZWVHCG-OTJKMEOQNA-N,-9.442
PTGS2,m02,mut_s1,detail,1,49,MJUDQDHXCQONOA-MPIMZMORNA-N,-9.127
PTGS2,m02,mut_s1,detail,1,50,RNVYRNLUUYNQAS-PKSOQXRJNA-N,-8.808
PTGS2,m02,mut_s1,detail,1,51,DLZXOZYETDVJEB-QWOVJGMINA-N,-7.622
PTGS2,m02,mut_s1,detail,1,52,HSICVZRDGBJSEL-GPQMBLKYNA-N,-9.19
PTGS2,m02,mut_s1,detail,1,53,HMRUHHFLIMYEAF-QNGOCPJXNA-N,-7.521
PTGS2,m02,mut_s1,detail,1,54,ZZOWQPSBJUXHCA-YSPRVCGUNA-N,-8.921
PTGS2,m02,mut_s1,detail,1,55,WDDJLHOUFWSQSV-UHFFFAOYNA-N,-10.163
PTGS2,m02,mut_s1,detail,1,56,UKLIIGXGTPSYBF-IBCWCQIKNA-N,-7.822
PTGS2,m02,mut_s1,detail,1,57,LNPOBRXJZYGQMS-MOHJPFBDNA-N,-9.815
PTGS2,m02,mut_s1,detail,1,58,FYILBFPPKIZBTO-UHFFFAOYNA-N,-9.254
PTGS2,m02,mut_s1,detail,1,59,MIKIJFODTJGFDI-LILDFLRNNA-N,-9.363
PTGS2,m02,mut_s1,detail,1,60,RUWCNSLWWCWTSU-LILDFLRNNA-N,-8.546
PTGS2,m02,mut_s1,detail,1,61,KLQWCHKIQJHYIB-UHFFFAOYNA-N,-10.712
PTGS2,m02,mut_s1,detail,1,62,QKAWGENQCGFAOE-NPVYFSBINA-N,-9.128
PTGS2,m02,mut_s1,detail,1,63,KGOKCBRZBBEYBE-MMRXBHCZNA-N,-11.086
PTGS2,m02,mut_s1,detail,1,64,ROFRXCLSWKEWTN-UHFFFAOYNA-N,-8.761
PTGS2,m02,mut_s1,detail,1,65,AKRMJNKLSCBEME-FPYGCLRLNA-N,-8.31
PTGS2,m02,mut_s1,detail,1,66,LCGJUJZLLYTYIF-XMFFZCEENA-N,-9.795
PTGS2,m02,mut_s1,detail,1,67,FREQNFSEYLEFOI-QRCVEOAVNA-N,-9.16
PTGS2,m02,mut_s1,detail,1,68,MHMINAYLMNBGSM-UHFFFAOYNA-N,-7.667
PTGS2,m02,mut_s1,detail,1,69,SYMNTBHEGHFZMV-UHFFFAOYNA-N,-8.16
PTGS2,m02,mut_s1,detail,1,70,NNCRWGMPCGSKOO-LILDFLRNNA-N,-8.013
PTGS2,m02,mut_s1,detail,1,71,ZCRRNCCNJMRGFI-UHFFFAOYNA-N,-9.324
PTGS2,m02,mut_s1,detail,1,72,PYVZEIBGEUQNQQ-UHFFFAOYNA-N,-10.921
PTGS2,m02,mut_s1,detail,1,73,OROJQWVRCGJACT-XBTAAFKLNA-N,-9.341
PTGS2,m02,mut_s1,detail,1,74,TXYUWXKCUDOUGU-JLGFQASFNA-N,-8.366
PTGS2,m02,mut_s1,detail,1,75,LAZANALODSEDSE-UHFFFAOYNA-N,-8.329
PTGS2,m02,mut_s1,detail,1,76,RJXCYVJLXGRCHK-UHFFFAOYNA-N,-10.566
PTGS2,m02,mut_s1,detail,1,77,FUSKIBWHJAWEFI-IEJAXPBYNA-N,-8.674
PTGS2,m02,mut_s1,detail,1,78,SGWVLOCBQLQWQV-UHFFFAOYNA-N,-10.077
PTGS2,m02,mut_s1,detail,1,79,PPXRQTYXLZCDAZ-QWOVJGMINA-N,-9.996
PTGS2,m02,mut_s1,detail,1,80,DIFBADFWLVYFHV-LELJVTLKNA-N,-8.863
PTGS2,m02,mut_s1,detail,1,81,XREOSEVJCQGCHE-MHPMNMKGNA-N,-9.323
PTGS2,m02,mut_s1,detail,1,82,ZHGPKHBXSKWZEQ-UHFFFAOYNA-N,-9.542
PTGS2,m02,mut_s1,detail,1,83,ZFAYPJJNPSNAFK-UHFFFAOYNA-N,-8.819
PTGS2,m02,mut_s1,detail,1,84,LTXMRAGWIDQTQT-MYUTVWBTNA-N,-10.78
PTGS2,m02,mut_s1,detail,1,85,VXQHYHSSGLOALC-SPEPDGBUNA-N,-8.709
PTGS2,m02,mut_s1,detail,1,86,KWDSFRAWCISROF-PJQSKVNONA-N,-9.691
PTGS2,m02,mut_s1,detail,1,87,ZJZXSQPHUQUHIV-ZGZFQTMPNA-N,-9.209
PTGS2,m02,mut_s1,detail,1,88,UYHIVPBYFWVWEJ-UHFFFAOYNA-N,-9.289
PTGS2,m02,mut_s1,detail,1,89,PLEFJSUCKRWHBY-LNNLXFCONA-N,-7.377
PTGS2,m02,mut_s1,detail,1,90,DNSRQCRQLKJUCC-PDJAEHLQNA-N,-7.3
PTGS2,m02,mut_s1,detail,1,91,PHYKZCBUNVYJNH-YDBXFXKPNA-N,-7.567
PTGS2,m02,mut_s1,detail,1,92,OOUHZBUAVKCDGA-UHFFFAOYNA-N,-10.584
PTGS2,m02,mut_s1,detail,1,93,UUQDFZFJDFMLHW-UHFFFAOYNA-N,-8.745
PTGS2,m02,mut_s1,detail,1,94,OOUDDHNLDLLUOL-SKKVRFOWNA-N,-8.962
PTGS2,m02,mut_s1,detail,1,95,ZDMQSUAMTLXUTE-MPIMZMORNA-N,-8.293
PTGS2,m02,mut_s1,detail,1,96,NMPLPABDEKPABN-UHFFFAOYNA-N,-10.022
PTGS2,m02,mut_s1,detail,1,97,INZRHGSVWGRHBM-NPVYFSBINA-N,-9.882
PTGS2,m02,mut_s1,detail,1,98,RVGCWMKVTAEQIH-LNNLXFCONA-N,-9.099
PTGS2,m02,mut_s1,detail,1,99,VRXWKRQOVMZBAF-LJQANCHMNA-N,-8.341
PTGS2,m02,mut_s1,detail,1,100,QACLWOIBBYOHQP-UYBDAZJANA-N,-8.697
PTGS2,m02,mut_s1,detail,1,101,ZNXSZVFPCBIELQ-LNNLXFCONA-N,-8.605
PTGS2,m02,mut_s1,detail,1,102,GKMWCCNMKRSQHR-VEKUMTKDNA-N,-10.087
PTGS2,m02,mut_s1,detail,1,103,FFGUSRSMWFYKGK-SKKVRFOWNA-N,-9.081
PTGS2,m02,mut_s1,detail,1,104,KXBDDGKXLZBLOM-SPEPDGBUNA-N,-9.682
PTGS2,m02,mut_s1,detail,1,105,MIUWULAZCXYTJW-MSHHZIMBNA-N,-9.946
PTGS2,m02,mut_s1,detail,1,106,JPZOYWVRFLZCIC-NJNXFGOHNA-N,-10.92
PTGS2,m02,mut_s1,detail,1,107,FAIQTLBYDVKBAB-DVIAZDKANA-N,-9.08
PTGS2,m02,mut_s1,detail,1,108,APFLRZZAOXCNAZ-UHFFFAOYNA-N,-9.561
PTGS2,m02,mut_s1,detail,1,109,BSQLDSQTGOZBFD-UHFFFAOYNA-N,-7.846
PTGS2,m02,mut_s1,detail,1,110,ZVVCFJXCDATSCC-UHFFFAOYNA-N,-10.742
PTGS2,m02,mut_s1,detail,1,111,SKEQTXZATFWVMB-UYBDAZJANA-N,-7.836
PTGS2,m02,mut_s1,detail,1,112,IATWYRHDJKMBQK-MPIMZMORNA-N,-9.301
PTGS2,m02,mut_s1,detail,1,113,JPWOEQDCUZCWKT-MPIMZMORNA-N,-6.944
PTGS2,m02,mut_s1,detail,1,114,RYHSAXRBHDHPPK-PKSOQXRJNA-N,-8.554
PTGS2,m02,mut_s1,detail,1,115,GKKJWUFVZJJFPG-MPIMZMORNA-N,-10.088
PTGS2,m02,mut_s1,detail,1,116,FDNZXFDUCINVLY-BDGWVKIONA-N,-9.393
PTGS2,m02,mut_s1,detail,1,117,KTBYKHKWIFIFAK-UHFFFAOYNA-N,-8.606
PTGS2,m02,mut_s1,detail,1,118,ZRXZEWGUECXTTQ-LQFNOIFHNA-N,-8.353
PTGS2,m02,mut_s1,detail,1,119,XNACBBGLIAJNJM-PECIQRARNA-N,-9.819
PTGS2,m02,mut_s1,detail,1,120,WQZYYJRVBIQUGH-YWZOXAELNA-N,-8.696
PTGS2,m02,mut_s1,detail,1,121,ABMSRNRLDZVJFV-SWUIVHNENA-N,-8.816
PTGS2,m02,mut_s1,detail,1,122,ZEACBIUBSOLEGW-QAITUMOCNA-N,-10.525
PTGS2,m02,mut_s1,detail,1,123,UBFCDXVLKFOOGL-OKPOJWAQNA-N,-8.753
PTGS2,m02,mut_s1,detail,1,124,RRIHVAFUFDANEX-NSJMMFDCNA-N,-6.792
PTGS2,m02,mut_s1,detail,1,125,HASIAUWPWKTSBW-SREBMQDQNA-N,-5.021
PTGS2,m02,mut_s1,detail,1,126,WHBCKYHTCHCHAY-LQFNOIFHNA-N,-7.764
PTGS2,m02,mut_s1,detail,1,127,XMAYWYJOQHXEEK-JYFHCDHNNA-N,-7.076
PTGS2,m02,mut_s1,detail,1,128,TVKCFCZANTZCSU-OYRHEFFENA-N,-8.803
PTGS2,m02,mut_s1,detail,1,129,OJFIIUWPOHBVMH-LNNLXFCONA-N,-6.421
PTGS2,m02,mut_s1,detail,1,130,DKLZMGFTGWKNCD-DIRLUKLVNA-N,-10.766
PTGS2,m02,mut_s1,detail,1,131,PYSLGWZFRQWTDD-PWIKPTQSNA-N,-8.404
PTGS2,m02,mut_s1,detail,1,132,MWMBIUUYBQWKJX-QTUCRYGENA-N,-10.881
PTGS2,m02,mut_s1,detail,1,133,FLYQFCXTEFTSQN-UHFFFAOYNA-N,-8.345
PTGS2,m02,mut_s1,detail,1,134,PBIBDSDWIMZYDT-WBWGZOKWNA-N,-10.873
PTGS2,m02,mut_s1,detail,1,135,GSRWMFGBDLHGBU-YEFLILRRNA-N,-8.609
PTGS2,m02,mut_s1,detail,1,136,AYIJJQHMZAEQKE-QDAGQJSJNA-N,-7.977
PTGS2,m02,mut_s1,detail,1,137,JVWTZUKPDMRNDC-FSAKADSPNA-N,-9.555
PTGS2,m02,mut_s1,detail,1,138,XAZPLOLSRXZDBO-LBZABMTDNA-N,-6.404
PTGS2,m02,mut_s1,detail,1,139,RGWVFJBNHCWCTL-CFEGKOCINA-N,-9.065
PTGS2,m02,mut_s1,detail,1,140,YYWNRQZCPIMCAK-UHFFFAOYNA-N,-8.784
PTGS2,m02,mut_s1,detail,1,141,PBTZDKNKXRSZPM-XBXBPLPCNA-N,-9.557
PTGS2,m02,mut_s1,detail,1,142,QQPOIMHFFPBDQM-LELJVTLKNA-N,-7.018
PTGS2,m02,mut_s1,detail,1,143,NYFQURFFDGCBCB-MAQJPOOANA-N,-6.869
PTGS2,m02,mut_s1,detail,1,144,HXZVHWHABLBWBS-MTTPVDACNA-N,-10.876
PTGS2,m02,mut_s1,detail,1,145,IWYYSOJWYLZKLK-LELJVTLKNA-N,-6.69
PTGS2,m02,mut_s1,detail,1,146,HOGUCNPGZXMBGW-UHFFFAOYNA-N,-8.337
PTGS2,m02,mut_s1,detail,1,147,VITUDJAVASFPKN-DUFUIDNCNA-N,-7.348
PTGS2,m02,mut_s1,detail,1,148,IXAHDCRYEUYPBG-SCXYCHFONA-N,-8.629
PTGS2,m02,mut_s1,detail,1,149,JWHMEKMLAZQDNS-OZMOGHDGNA-N,-8.614
PTGS2,m02,mut_s1,detail,1,150,BZWNBTIJLRHNDZ-LBOYIXSDNA-N,-7.056
PTGS2,m02,mut_s1,detail,1,151,RECYROBESYRUML-UHFFFAOYNA-N,-7.67
PTGS2,m02,mut_s1,detail,1,152,MLDSJJJLQRZNKW-UHBIVWOUNA-N,-10.456
PTGS2,m02,mut_s1,detail,1,153,XTWIHJARHCYNFX-PHXLCVRDNA-N,-8.604
PTGS2,m02,mut_s1,detail,1,154,UQGFETVWTRDGKJ-UHFFFAOYNA-N,-6.586
PTGS2,m02,mut_s1,detail,1,155,VJFSMDWEMFOWDK-CYSPOYASNA-N,-8.362
PTGS2,m02,mut_s1,detail,1,156,NZYLXYBIWNIAGH-CYSPOYASNA-N,-7.76
PTGS2,m02,mut_s1,detail,1,157,ODXCWFOKLBJQNP-MPIMZMORNA-N,-8.492
PTGS2,m02,mut_s1,detail,1,158,FVDNMAPPDSKXKQ-UHFFFAOYNA-N,-8.017
PTGS2,m02,mut_s1,detail,1,159,DOPWMPRIRWTOOD-CCHPKIMANA-N,-8.199
PTGS2,m03,mut_s1,detail,1,0,URVMSYHISUZXNH-UYBDAZJANA-N,-9.19
PTGS2,m03,mut_s1,detail,1,1,KXRPCFINVWWFHQ-UHFFFAOYNA-N,-5.67
PTGS2,m03,mut_s1,detail,1,2,NICJTSHRYBTHAS-YHMJCDSINA-N,-7.746
PTGS2,m03,mut_s1,detail,1,3,SWRZVDTZHDWPDS-AWIDAIFANA-N,-9.129
PTGS2,m03,mut_s1,detail,1,4,RKNSLLSUFWWYCA-UHFFFAOYNA-N,-9.834
PTGS2,m03,mut_s1,detail,1,5,OZFSIKFTRRUDES-RIYZIHGNNA-N,-7.253
PTGS2,m03,mut_s1,detail,1,6,AAGGUCRASUJPPN-UHFFFAOYNA-N,-8.86
PTGS2,m03,mut_s1,detail,1,7,OYHXDPMAFYHDNG-YAQRNVERNA-N,-8.08
PTGS2,m03,mut_s1,detail,1,8,AWILWAIEQYZUEQ-UHFFFAOYNA-N,-7.608
PTGS2,m03,mut_s1,detail,1,9,WSFAXHLMQUUHQT-VMPITWQZNA-N,-8.554
PTGS2,m03,mut_s1,detail,1,10,WPHMTVNOXKBZKN-UHFFFAOYNA-N,-7.036
PTGS2,m03,mut_s1,detail,1,11,LPEIZNODGHDCCW-UHFFFAOYNA-N,-6.955
PTGS2,m03,mut_s1,detail,1,12,QQHWWDVSRWOHEP-LILDFLRNNA-N,-9.019
PTGS2,m03,mut_s1,detail,1,13,UMEVSSPGBFVQNC-UHFFFAOYNA-N,-6.781
PTGS2,m03,mut_s1,detail,1,14,VZDIOEKWWZRNQN-UHFFFAOYNA-N,-9.828
PTGS2,m03,mut_s1,detail,1,15,JEVLDOUORFAHRS-NDKGDYFDNA-N,-7.962
PTGS2,m03,mut_s1,detail,1,16,NFTGJNJRMWUBPG-GPQMBLKYNA-N,-7.99
PTGS2,m03,mut_s1,detail,1,17,UMUUTEZBWGDVDA-UHFFFAOYNA-N,-8.457
PTGS2,m03,mut_s1,detail,1,18,VLQKEPLNPGYNDJ-HCKMINDGNA-N,-8.351
PTGS2,m03,mut_s1,detail,1,19,PPMVTAATPZLMJM-CDDDEJBQNA-N,-8.295
PTGS2,m03,mut_s1,detail,1,20,AHLYFAKLKLMESK-YAQRNVERNA-N,-7.486
PTGS2,m03,mut_s1,detail,1,21,GYEJYLAGVWRSIM-KGJHZMDYNA-N,-7.755
PTGS2,m03,mut_s1,detail,1,22,RXVALSLAUOIYLW-UHFFFAOYNA-N,-7.669
PTGS2,m03,mut_s1,detail,1,23,NSELYIFATLFDOZ-JLGFQASFNA-N,-8.891
PTGS2,m03,mut_s1,detail,1,24,COQFBYACOHFCEC-UHFFFAOYNA-N,-9.015
PTGS2,m03,mut_s1,detail,1,25,CJGJXFCLDYQBFQ-YJGXKCCXNA-N,-9.669
PTGS2,m03,mut_s1,detail,1,26,BWNGRRJLFYHENY-INIZCTEONA-N,-8.233
PTGS2,m03,mut_s1,detail,1,27,BNRFXWSJKVJVOF-UYBDAZJANA-N,-9.517
PTGS2,m03,mut_s1,detail,1,28,DMULMZBZVBBWBY-PJZINPJWNA-N,-9.0
PTGS2,m03,mut_s1,detail,1,29,AXLAIGJGNKHDPO-UHFFFAOYNA-N,-7.228
PTGS2,m03,mut_s1,detail,1,30,RKDGAONZEPYEBT-WXRBYKJCNA-N,-7.358
PTGS2,m03,mut_s1,detail,1,31,MBOYDUZSCSNUQL-MBBDSNKKNA-N,-7.967
PTGS2,m03,mut_s1,detail,1,32,KPVDBHRTXOFQDK-YAQRNVERNA-N,-7.276
PTGS2,m03,mut_s1,detail,1,33,LVCNFMYUKISBSB-VJSNTGQMNA-N,-8.021
PTGS2,m03,mut_s1,detail,1,34,XLAHCIRKLMJUQC-DZQCGVKKNA-N,-9.576
PTGS2,m03,mut_s1,detail,1,35,QNYHDABGLCBJOE-SHHGZXMVNA-N,-9.477
PTGS2,m03,mut_s1,detail,1,36,HEKNRISBWSPMOG-OWTLIXCDNA-N,-7.914
PTGS2,m03,mut_s1,detail,1,37,VIRNXCRLEVZXNX-LILDFLRNNA-N,-10.177
PTGS2,m03,mut_s1,detail,1,38,SRTGERSEXJGDMR-UHFFFAOYNA-N,-7.052
PTGS2,m03,mut_s1,detail,1,39,ZGMGSSRLZJYOKH-WXRBYKJCNA-N,-7.492
PTGS2,m03,mut_s1,detail,1,40,VGYFDFRFGHHCDA-CUTUCBJDNA-N,-10.893
PTGS2,m03,mut_s1,detail,1,41,DILPMLYWQJPNLO-HCKMINDGNA-N,-8.524
PTGS2,m03,mut_s1,detail,1,42,RSOODJIGEVJLMK-LQFNOIFHNA-N,-10.914
PTGS2,m03,mut_s1,detail,1,43,OWHHWMUAYBIQPR-UHFFFAOYNA-N,-9.976
PTGS2,m03,mut_s1,detail,1,44,KPIKMVZJKZDOFC-UHFFFAOYNA-N,-10.505
PTGS2,m03,mut_s1,detail,1,45,DIKDKRUREJXLMR-DPMTXJEANA-N,-9.971
PTGS2,m03,mut_s1,detail,1,46,QRVJDPKQHAVBDK-UYBDAZJANA-N,-7.559
PTGS2,m03,mut_s1,detail,1,47,SGBSFKSDPWOALT-UYBDAZJANA-N,-9.383
PTGS2,m03,mut_s1,detail,1,48,CYHFRNFVZWVHCG-OTJKMEOQNA-N,-9.456
PTGS2,m03,mut_s1,detail,1,49,MJUDQDHXCQONOA-MPIMZMORNA-N,-10.236
PTGS2,m03,mut_s1,detail,1,50,RNVYRNLUUYNQAS-PKSOQXRJNA-N,-10.005
PTGS2,m03,mut_s1,detail,1,51,DLZXOZYETDVJEB-QWOVJGMINA-N,-8.226
PTGS2,m03,mut_s1,detail,1,52,HSICVZRDGBJSEL-GPQMBLKYNA-N,-9.311
PTGS2,m03,mut_s1,detail,1,53,HMRUHHFLIMYEAF-QNGOCPJXNA-N,-7.74
PTGS2,m03,mut_s1,detail,1,54,ZZOWQPSBJUXHCA-YSPRVCGUNA-N,-8.616
PTGS2,m03,mut_s1,detail,1,55,WDDJLHOUFWSQSV-UHFFFAOYNA-N,-9.607
PTGS2,m03,mut_s1,detail,1,56,UKLIIGXGTPSYBF-IBCWCQIKNA-N,-8.662
PTGS2,m03,mut_s1,detail,1,57,LNPOBRXJZYGQMS-MOHJPFBDNA-N,-9.456
PTGS2,m03,mut_s1,detail,1,58,FYILBFPPKIZBTO-UHFFFAOYNA-N,-9.195
PTGS2,m03,mut_s1,detail,1,59,MIKIJFODTJGFDI-LILDFLRNNA-N,-8.921
PTGS2,m03,mut_s1,detail,1,60,RUWCNSLWWCWTSU-LILDFLRNNA-N,-9.671
PTGS2,m03,mut_s1,detail,1,61,KLQWCHKIQJHYIB-UHFFFAOYNA-N,-10.804
PTGS2,m03,mut_s1,detail,1,62,QKAWGENQCGFAOE-NPVYFSBINA-N,-9.523
PTGS2,m03,mut_s1,detail,1,63,KGOKCBRZBBEYBE-MMRXBHCZNA-N,-10.885
PTGS2,m03,mut_s1,detail,1,64,ROFRXCLSWKEWTN-UHFFFAOYNA-N,-8.275
PTGS2,m03,mut_s1,detail,1,65,AKRMJNKLSCBEME-FPYGCLRLNA-N,-8.601
PTGS2,m03,mut_s1,detail,1,66,LCGJUJZLLYTYIF-XMFFZCEENA-N,-9.691
PTGS2,m03,mut_s1,detail,1,67,FREQNFSEYLEFOI-QRCVEOAVNA-N,-9.485
PTGS2,m03,mut_s1,detail,1,68,MHMINAYLMNBGSM-UHFFFAOYNA-N,-8.261
PTGS2,m03,mut_s1,detail,1,69,SYMNTBHEGHFZMV-UHFFFAOYNA-N,-9.285
PTGS2,m03,mut_s1,detail,1,70,NNCRWGMPCGSKOO-LILDFLRNNA-N,-8.839
PTGS2,m03,mut_s1,detail,1,71,ZCRRNCCNJMRGFI-UHFFFAOYNA-N,-10.028
PTGS2,m03,mut_s1,detail,1,72,PYVZEIBGEUQNQQ-UHFFFAOYNA-N,-10.282
PTGS2,m03,mut_s1,detail,1,73,OROJQWVRCGJACT-XBTAAFKLNA-N,-10.28
PTGS2,m03,mut_s1,detail,1,74,TXYUWXKCUDOUGU-JLGFQASFNA-N,-8.454
PTGS2,m03,mut_s1,detail,1,75,LAZANALODSEDSE-UHFFFAOYNA-N,-9.243
PTGS2,m03,mut_s1,detail,1,76,RJXCYVJLXGRCHK-UHFFFAOYNA-N,-10.106
PTGS2,m03,mut_s1,detail,1,77,FUSKIBWHJAWEFI-IEJAXPBYNA-N,-9.328
PTGS2,m03,mut_s1,detail,1,78,SGWVLOCBQLQWQV-UHFFFAOYNA-N,-10.113
PTGS2,m03,mut_s1,detail,1,79,PPXRQTYXLZCDAZ-QWOVJGMINA-N,-10.46
PTGS2,m03,mut_s1,detail,1,80,DIFBADFWLVYFHV-LELJVTLKNA-N,-10.901
PTGS2,m03,mut_s1,detail,1,81,XREOSEVJCQGCHE-MHPMNMKGNA-N,-9.222
PTGS2,m03,mut_s1,detail,1,82,ZHGPKHBXSKWZEQ-UHFFFAOYNA-N,-9.235
PTGS2,m03,mut_s1,detail,1,83,ZFAYPJJNPSNAFK-UHFFFAOYNA-N,-10.589
PTGS2,m03,mut_s1,detail,1,84,LTXMRAGWIDQTQT-MYUTVWBTNA-N,-11.34
PTGS2,m03,mut_s1,detail,1,85,VXQHYHSSGLOALC-SPEPDGBUNA-N,-8.657
PTGS2,m03,mut_s1,detail,1,86,KWDSFRAWCISROF-PJQSKVNONA-N,-8.494
PTGS2,m03,mut_s1,detail,1,87,ZJZXSQPHUQUHIV-ZGZFQTMPNA-N,-7.986
PTGS2,m03,mut_s1,detail,1,88,UYHIVPBYFWVWEJ-UHFFFAOYNA-N,-9.449
PTGS2,m03,mut_s1,detail,1,89,PLEFJSUCKRWHBY-LNNLXFCONA-N,-8.915
PTGS2,m03,mut_s1,detail,1,90,DNSRQCRQLKJUCC-PDJAEHLQNA-N,-7.336
PTGS2,m03,mut_s1,detail,1,91,PHYKZCBUNVYJNH-YDBXFXKPNA-N,-8.028
PTGS2,m03,mut_s1,detail,1,92,OOUHZBUAVKCDGA-UHFFFAOYNA-N,-10.167
PTGS2,m03,mut_s1,detail,1,93,UUQDFZFJDFMLHW-UHFFFAOYNA-N,-9.121
PTGS2,m03,mut_s1,detail,1,94,OOUDDHNLDLLUOL-SKKVRFOWNA-N,-10.383
PTGS2,m03,mut_s1,detail,1,95,ZDMQSUAMTLXUTE-MPIMZMORNA-N,-8.352
PTGS2,m03,mut_s1,detail,1,96,NMPLPABDEKPABN-UHFFFAOYNA-N,-9.663
PTGS2,m03,mut_s1,detail,1,97,INZRHGSVWGRHBM-NPVYFSBINA-N,-9.774
PTGS2,m03,mut_s1,detail,1,98,RVGCWMKVTAEQIH-LNNLXFCONA-N,-9.954
PTGS2,m03,mut_s1,detail,1,99,VRXWKRQOVMZBAF-LJQANCHMNA-N,-8.803
PTGS2,m03,mut_s1,detail,1,100,QACLWOIBBYOHQP-UYBDAZJANA-N,-9.662
PTGS2,m03,mut_s1,detail,1,101,ZNXSZVFPCBIELQ-LNNLXFCONA-N,-8.817
PTGS2,m03,mut_s1,detail,1,102,GKMWCCNMKRSQHR-VEKUMTKDNA-N,-9.667
PTGS2,m03,mut_s1,detail,1,103,FFGUSRSMWFYKGK-SKKVRFOWNA-N,-9.818
PTGS2,m03,mut_s1,detail,1,104,KXBDDGKXLZBLOM-SPEPDGBUNA-N,-9.026
PTGS2,m03,mut_s1,detail,1,105,MIUWULAZCXYTJW-MSHHZIMBNA-N,-10.158
PTGS2,m03,mut_s1,detail,1,106,JPZOYWVRFLZCIC-NJNXFGOHNA-N,-11.411
PTGS2,m03,mut_s1,detail,1,107,FAIQTLBYDVKBAB-DVIAZDKANA-N,-10.231
PTGS2,m03,mut_s1,detail,1,108,APFLRZZAOXCNAZ-UHFFFAOYNA-N,-9.693
PTGS2,m03,mut_s1,detail,1,109,BSQLDSQTGOZBFD-UHFFFAOYNA-N,-9.571
PTGS2,m03,mut_s1,detail,1,110,ZVVCFJXCDATSCC-UHFFFAOYNA-N,-9.701
PTGS2,m03,mut_s1,detail,1,111,SKEQTXZATFWVMB-UYBDAZJANA-N,-7.129
PTGS2,m03,mut_s1,detail,1,112,IATWYRHDJKMBQK-MPIMZMORNA-N,-9.097
PTGS2,m03,mut_s1,detail,1,113,JPWOEQDCUZCWKT-MPIMZMORNA-N,-8.932
PTGS2,m03,mut_s1,detail,1,114,RYHSAXRBHDHPPK-PKSOQXRJNA-N,-8.843
PTGS2,m03,mut_s1,detail,1,115,GKKJWUFVZJJFPG-MPIMZMORNA-N,-10.069
PTGS2,m03,mut_s1,detail,1,116,FDNZXFDUCINVLY-BDGWVKIONA-N,-9.829
PTGS2,m03,mut_s1,detail,1,117,KTBYKHKWIFIFAK-UHFFFAOYNA-N,-9.932
PTGS2,m03,mut_s1,detail,1,118,ZRXZEWGUECXTTQ-LQFNOIFHNA-N,-8.959
PTGS2,m03,mut_s1,detail,1,119,XNACBBGLIAJNJM-PECIQRARNA-N,-10.179
PTGS2,m03,mut_s1,detail,1,120,WQZYYJRVBIQUGH-YWZOXAELNA-N,-8.433
PTGS2,m03,mut_s1,detail,1,121,ABMSRNRLDZVJFV-SWUIVHNENA-N,-8.735
PTGS2,m03,mut_s1,detail,1,122,ZEACBIUBSOLEGW-QAITUMOCNA-N,-10.495
PTGS2,m03,mut_s1,detail,1,123,UBFCDXVLKFOOGL-OKPOJWAQNA-N,-8.527
PTGS2,m03,mut_s1,detail,1,124,RRIHVAFUFDANEX-NSJMMFDCNA-N,-6.807
PTGS2,m03,mut_s1,detail,1,125,HASIAUWPWKTSBW-SREBMQDQNA-N,-6.709
PTGS2,m03,mut_s1,detail,1,126,WHBCKYHTCHCHAY-LQFNOIFHNA-N,-9.778
PTGS2,m03,mut_s1,detail,1,127,XMAYWYJOQHXEEK-JYFHCDHNNA-N,-9.163
PTGS2,m03,mut_s1,detail,1,128,TVKCFCZANTZCSU-OYRHEFFENA-N,-9.172
PTGS2,m03,mut_s1,detail,1,129,OJFIIUWPOHBVMH-LNNLXFCONA-N,-7.188
PTGS2,m03,mut_s1,detail,1,130,DKLZMGFTGWKNCD-DIRLUKLVNA-N,-11.279
PTGS2,m03,mut_s1,detail,1,131,PYSLGWZFRQWTDD-PWIKPTQSNA-N,-8.703
PTGS2,m03,mut_s1,detail,1,132,MWMBIUUYBQWKJX-QTUCRYGENA-N,-10.205
PTGS2,m03,mut_s1,detail,1,133,FLYQFCXTEFTSQN-UHFFFAOYNA-N,-9.579
PTGS2,m03,mut_s1,detail,1,134,PBIBDSDWIMZYDT-WBWGZOKWNA-N,-10.413
PTGS2,m03,mut_s1,detail,1,135,GSRWMFGBDLHGBU-YEFLILRRNA-N,-9.616
PTGS2,m03,mut_s1,detail,1,136,AYIJJQHMZAEQKE-QDAGQJSJNA-N,-8.028
PTGS2,m03,mut_s1,detail,1,137,JVWTZUKPDMRNDC-FSAKADSPNA-N,-9.867
PTGS2,m03,mut_s1,detail,1,138,XAZPLOLSRXZDBO-LBZABMTDNA-N,-6.463
PTGS2,m03,mut_s1,detail,1,139,RGWVFJBNHCWCTL-CFEGKOCINA-N,-10.497
PTGS2,m03,mut_s1,detail,1,140,YYWNRQZCPIMCAK-UHFFFAOYNA-N,-9.542
PTGS2,m03,mut_s1,detail,1,141,PBTZDKNKXRSZPM-XBXBPLPCNA-N,-11.185
PTGS2,m03,mut_s1,detail,1,142,QQPOIMHFFPBDQM-LELJVTLKNA-N,-7.585
PTGS2,m03,mut_s1,detail,1,143,NYFQURFFDGCBCB-MAQJPOOANA-N,-6.949
PTGS2,m03,mut_s1,detail,1,144,HXZVHWHABLBWBS-MTTPVDACNA-N,-9.167
PTGS2,m03,mut_s1,detail,1,145,IWYYSOJWYLZKLK-LELJVTLKNA-N,-9.002
PTGS2,m03,mut_s1,detail,1,146,HOGUCNPGZXMBGW-UHFFFAOYNA-N,-7.259
PTGS2,m03,mut_s1,detail,1,147,VITUDJAVASFPKN-DUFUIDNCNA-N,-8.165
PTGS2,m03,mut_s1,detail,1,148,IXAHDCRYEUYPBG-SCXYCHFONA-N,-8.88
PTGS2,m03,mut_s1,detail,1,149,JWHMEKMLAZQDNS-OZMOGHDGNA-N,-8.288
PTGS2,m03,mut_s1,detail,1,150,BZWNBTIJLRHNDZ-LBOYIXSDNA-N,-9.401
PTGS2,m03,mut_s1,detail,1,151,RECYROBESYRUML-UHFFFAOYNA-N,-7.554
PTGS2,m03,mut_s1,detail,1,152,MLDSJJJLQRZNKW-UHBIVWOUNA-N,-11.443
PTGS2,m03,mut_s1,detail,1,153,XTWIHJARHCYNFX-PHXLCVRDNA-N,-8.709
PTGS2,m03,mut_s1,detail,1,154,UQGFETVWTRDGKJ-UHFFFAOYNA-N,-6.569
PTGS2,m03,mut_s1,detail,1,155,VJFSMDWEMFOWDK-CYSPOYASNA-N,-8.363
PTGS2,m03,mut_s1,detail,1,156,NZYLXYBIWNIAGH-CYSPOYASNA-N,-9.632
PTGS2,m03,mut_s1,detail,1,157,ODXCWFOKLBJQNP-MPIMZMORNA-N,-8.979
PTGS2,m03,mut_s1,detail,1,158,FVDNMAPPDSKXKQ-UHFFFAOYNA-N,-8.721
PTGS2,m03,mut_s1,detail,1,159,DOPWMPRIRWTOOD-CCHPKIMANA-N,-8.075
PTGS2,m04,mut_s1,detail,1,0,URVMSYHISUZXNH-UYBDAZJANA-N,-9.183
PTGS2,m04,mut_s1,detail,1,1,KXRPCFINVWWFHQ-UHFFFAOYNA-N,-5.491
PTGS2,m04,mut_s1,detail,1,2,NICJTSHRYBTHAS-YHMJCDSINA-N,-7.878
PTGS2,m04,mut_s1,detail,1,3,SWRZVDTZHDWPDS-AWIDAIFANA-N,-9.216
PTGS2,m04,mut_s1,detail,1,4,RKNSLLSUFWWYCA-UHFFFAOYNA-N,-10.221
PTGS2,m04,mut_s1,detail,1,5,OZFSIKFTRRUDES-RIYZIHGNNA-N,-7.385
PTGS2,m04,mut_s1,detail,1,6,AAGGUCRASUJPPN-UHFFFAOYNA-N,-8.25
PTGS2,m04,mut_s1,detail,1,7,OYHXDPMAFYHDNG-YAQRNVERNA-N,-8.448
PTGS2,m04,mut_s1,detail,1,8,AWILWAIEQYZUEQ-UHFFFAOYNA-N,-7.223
PTGS2,m04,mut_s1,detail,1,9,WSFAXHLMQUUHQT-VMPITWQZNA-N,-7.844
PTGS2,m04,mut_s1,detail,1,10,WPHMTVNOXKBZKN-UHFFFAOYNA-N,-6.913
PTGS2,m04,mut_s1,detail,1,11,LPEIZNODGHDCCW-UHFFFAOYNA-N,-6.538
PTGS2,m04,mut_s1,detail,1,12,QQHWWDVSRWOHEP-LILDFLRNNA-N,-8.879
PTGS2,m04,mut_s1,detail,1,13,UMEVSSPGBFVQNC-UHFFFAOYNA-N,-6.829
PTGS2,m04,mut_s1,detail,1,14,VZDIOEKWWZRNQN-UHFFFAOYNA-N,-9.141
PTGS2,m04,mut_s1,detail,1,15,JEVLDOUORFAHRS-NDKGDYFDNA-N,-7.641
PTGS2,m04,mut_s1,detail,1,16,NFTGJNJRMWUBPG-GPQMBLKYNA-N,-7.695
PTGS2,m04,mut_s1,detail,1,17,UMUUTEZBWGDVDA-UHFFFAOYNA-N,-7.931
PTGS2,m04,mut_s1,detail,1,18,VLQKEPLNPGYNDJ-HCKMINDGNA-N,-7.561
PTGS2,m04,mut_s1,detail,1,19,PPMVTAATPZLMJM-CDDDEJBQNA-N,-7.726
PTGS2,m04,mut_s1,detail,1,20,AHLYFAKLKLMESK-YAQRNVERNA-N,-7.454
PTGS2,m04,mut_s1,detail,1,21,GYEJYLAGVWRSIM-KGJHZMDYNA-N,-8.236
PTGS2,m04,mut_s1,detail,1,22,RXVALSLAUOIYLW-UHFFFAOYNA-N,-7.864
PTGS2,m04,mut_s1,detail,1,23,NSELYIFATLFDOZ-JLGFQASFNA-N,-8.824
PTGS2,m04,mut_s1,detail,1,24,COQFBYACOHFCEC-UHFFFAOYNA-N,-7.873
PTGS2,m04,mut_s1,detail,1,25,CJGJXFCLDYQBFQ-YJGXKCCXNA-N,-8.788
PTGS2,m04,mut_s1,detail,1,26,BWNGRRJLFYHENY-INIZCTEONA-N,-7.738
PTGS2,m04,mut_s1,detail,1,27,BNRFXWSJKVJVOF-UYBDAZJANA-N,-9.189
PTGS2,m04,mut_s1,detail,1,28,DMULMZBZVBBWBY-PJZINPJWNA-N,-8.664
PTGS2,m04,mut_s1,detail,1,29,AXLAIGJGNKHDPO-UHFFFAOYNA-N,-6.922
PTGS2,m04,mut_s1,detail,1,30,RKDGAONZEPYEBT-WXRBYKJCNA-N,-7.136
PTGS2,m04,mut_s1,detail,1,31,MBOYDUZSCSNUQL-MBBDSNKKNA-N,-7.864
PTGS2,m04,mut_s1,detail,1,32,KPVDBHRTXOFQDK-YAQRNVERNA-N,-7.065
PTGS2,m04,mut_s1,detail,1,33,LVCNFMYUKISBSB-VJSNTGQMNA-N,-7.906
PTGS2,m04,mut_s1,detail,1,34,XLAHCIRKLMJUQC-DZQCGVKKNA-N,-9.493
PTGS2,m04,mut_s1,detail,1,35,QNYHDABGLCBJOE-SHHGZXMVNA-N,-8.213
PTGS2,m04,mut_s1,detail,1,36,HEKNRISBWSPMOG-OWTLIXCDNA-N,-7.44
PTGS2,m04,mut_s1,detail,1,37,VIRNXCRLEVZXNX-LILDFLRNNA-N,-9.298
PTGS2,m04,mut_s1,detail,1,38,SRTGERSEXJGDMR-UHFFFAOYNA-N,-8.026
PTGS2,m04,mut_s1,detail,1,39,ZGMGSSRLZJYOKH-WXRBYKJCNA-N,-7.524
PTGS2,m04,mut_s1,detail,1,40,VGYFDFRFGHHCDA-CUTUCBJDNA-N,-9.02
PTGS2,m04,mut_s1,detail,1,41,DILPMLYWQJPNLO-HCKMINDGNA-N,-9.721
PTGS2,m04,mut_s1,detail,1,42,RSOODJIGEVJLMK-LQFNOIFHNA-N,-9.582
PTGS2,m04,mut_s1,detail,1,43,OWHHWMUAYBIQPR-UHFFFAOYNA-N,-8.766
PTGS2,m04,mut_s1,detail,1,44,KPIKMVZJKZDOFC-UHFFFAOYNA-N,-9.103
PTGS2,m04,mut_s1,detail,1,45,DIKDKRUREJXLMR-DPMTXJEANA-N,-9.012
PTGS2,m04,mut_s1,detail,1,46,QRVJDPKQHAVBDK-UYBDAZJANA-N,-7.453
PTGS2,m04,mut_s1,detail,1,47,SGBSFKSDPWOALT-UYBDAZJANA-N,-8.145
PTGS2,m04,mut_s1,detail,1,48,CYHFRNFVZWVHCG-OTJKMEOQNA-N,-9.41
PTGS2,m04,mut_s1,detail,1,49,MJUDQDHXCQONOA-MPIMZMORNA-N,-8.965
PTGS2,m04,mut_s1,detail,1,50,RNVYRNLUUYNQAS-PKSOQXRJNA-N,-8.927
PTGS2,m04,mut_s1,detail,1,51,DLZXOZYETDVJEB-QWOVJGMINA-N,-7.101
PTGS2,m04,mut_s1,detail,1,52,HSICVZRDGBJSEL-GPQMBLKYNA-N,-9.147
PTGS2,m04,mut_s1,detail,1,53,HMRUHHFLIMYEAF-QNGOCPJXNA-N,-8.597
PTGS2,m04,mut_s1,detail,1,54,ZZOWQPSBJUXHCA-YSPRVCGUNA-N,-8.445
PTGS2,m04,mut_s1,detail,1,55,WDDJLHOUFWSQSV-UHFFFAOYNA-N,-9.619
PTGS2,m04,mut_s1,detail,1,56,UKLIIGXGTPSYBF-IBCWCQIKNA-N,-8.036
PTGS2,m04,mut_s1,detail,1,57,LNPOBRXJZYGQMS-MOHJPFBDNA-N,-8.044
PTGS2,m04,mut_s1,detail,1,58,FYILBFPPKIZBTO-UHFFFAOYNA-N,-8.701
PTGS2,m04,mut_s1,detail,1,59,MIKIJFODTJGFDI-LILDFLRNNA-N,-8.905
PTGS2,m04,mut_s1,detail,1,60,RUWCNSLWWCWTSU-LILDFLRNNA-N,-8.824
PTGS2,m04,mut_s1,detail,1,61,KLQWCHKIQJHYIB-UHFFFAOYNA-N,-10.087
PTGS2,m04,mut_s1,detail,1,62,QKAWGENQCGFAOE-NPVYFSBINA-N,-8.448
PTGS2,m04,mut_s1,detail,1,63,KGOKCBRZBBEYBE-MMRXBHCZNA-N,-9.611
PTGS2,m04,mut_s1,detail,1,64,ROFRXCLSWKEWTN-UHFFFAOYNA-N,-8.05
PTGS2,m04,mut_s1,detail,1,65,AKRMJNKLSCBEME-FPYGCLRLNA-N,-8.572
PTGS2,m04,mut_s1,detail,1,66,LCGJUJZLLYTYIF-XMFFZCEENA-N,-9.254
PTGS2,m04,mut_s1,detail,1,67,FREQNFSEYLEFOI-QRCVEOAVNA-N,-8.651
PTGS2,m04,mut_s1,detail,1,68,MHMINAYLMNBGSM-UHFFFAOYNA-N,-7.707
PTGS2,m04,mut_s1,detail,1,69,SYMNTBHEGHFZMV-UHFFFAOYNA-N,-8.891
PTGS2,m04,mut_s1,detail,1,70,NNCRWGMPCGSKOO-LILDFLRNNA-N,-7.841
PTGS2,m04,mut_s1,detail,1,71,ZCRRNCCNJMRGFI-UHFFFAOYNA-N,-8.688
PTGS2,m04,mut_s1,detail,1,72,PYVZEIBGEUQNQQ-UHFFFAOYNA-N,-10.418
PTGS2,m04,mut_s1,detail,1,73,OROJQWVRCGJACT-XBTAAFKLNA-N,-8.638
PTGS2,m04,mut_s1,detail,1,74,TXYUWXKCUDOUGU-JLGFQASFNA-N,-7.452
PTGS2,m04,mut_s1,detail,1,75,LAZANALODSEDSE-UHFFFAOYNA-N,-8.576
PTGS2,m04,mut_s1,detail,1,76,RJXCYVJLXGRCHK-UHFFFAOYNA-N,-9.537
PTGS2,m04,mut_s1,detail,1,77,FUSKIBWHJAWEFI-IEJAXPBYNA-N,-8.142
PTGS2,m04,mut_s1,detail,1,78,SGWVLOCBQLQWQV-UHFFFAOYNA-N,-7.551
PTGS2,m04,mut_s1,detail,1,79,PPXRQTYXLZCDAZ-QWOVJGMINA-N,-9.698
PTGS2,m04,mut_s1,detail,1,80,DIFBADFWLVYFHV-LELJVTLKNA-N,-8.297
PTGS2,m04,mut_s1,detail,1,81,XREOSEVJCQGCHE-MHPMNMKGNA-N,-9.105
PTGS2,m04,mut_s1,detail,1,82,ZHGPKHBXSKWZEQ-UHFFFAOYNA-N,-9.638
PTGS2,m04,mut_s1,detail,1,83,ZFAYPJJNPSNAFK-UHFFFAOYNA-N,-7.582
PTGS2,m04,mut_s1,detail,1,84,LTXMRAGWIDQTQT-MYUTVWBTNA-N,-9.717
PTGS2,m04,mut_s1,detail,1,85,VXQHYHSSGLOALC-SPEPDGBUNA-N,-8.202
PTGS2,m04,mut_s1,detail,1,86,KWDSFRAWCISROF-PJQSKVNONA-N,-8.275
PTGS2,m04,mut_s1,detail,1,87,ZJZXSQPHUQUHIV-ZGZFQTMPNA-N,-10.205
PTGS2,m04,mut_s1,detail,1,88,UYHIVPBYFWVWEJ-UHFFFAOYNA-N,-10.324
PTGS2,m04,mut_s1,detail,1,89,PLEFJSUCKRWHBY-LNNLXFCONA-N,-8.856
PTGS2,m04,mut_s1,detail,1,90,DNSRQCRQLKJUCC-PDJAEHLQNA-N,-8.847
PTGS2,m04,mut_s1,detail,1,91,PHYKZCBUNVYJNH-YDBXFXKPNA-N,-7.571
PTGS2,m04,mut_s1,detail,1,92,OOUHZBUAVKCDGA-UHFFFAOYNA-N,-10.612
PTGS2,m04,mut_s1,detail,1,93,UUQDFZFJDFMLHW-UHFFFAOYNA-N,-8.056
PTGS2,m04,mut_s1,detail,1,94,OOUDDHNLDLLUOL-SKKVRFOWNA-N,-10.327
PTGS2,m04,mut_s1,detail,1,95,ZDMQSUAMTLXUTE-MPIMZMORNA-N,-8.061
PTGS2,m04,mut_s1,detail,1,96,NMPLPABDEKPABN-UHFFFAOYNA-N,-8.383
PTGS2,m04,mut_s1,detail,1,97,INZRHGSVWGRHBM-NPVYFSBINA-N,-9.91
PTGS2,m04,mut_s1,detail,1,98,RVGCWMKVTAEQIH-LNNLXFCONA-N,-9.996
PTGS2,m04,mut_s1,detail,1,99,VRXWKRQOVMZBAF-LJQANCHMNA-N,-6.691
PTGS2,m04,mut_s1,detail,1,100,QACLWOIBBYOHQP-UYBDAZJANA-N,-8.995
PTGS2,m04,mut_s1,detail,1,101,ZNXSZVFPCBIELQ-LNNLXFCONA-N,-8.302
PTGS2,m04,mut_s1,detail,1,102,GKMWCCNMKRSQHR-VEKUMTKDNA-N,-8.617
PTGS2,m04,mut_s1,detail,1,103,FFGUSRSMWFYKGK-SKKVRFOWNA-N,-8.96
PTGS2,m04,mut_s1,detail,1,104,KXBDDGKXLZBLOM-SPEPDGBUNA-N,-8.874
PTGS2,m04,mut_s1,detail,1,105,MIUWULAZCXYTJW-MSHHZIMBNA-N,-9.871
PTGS2,m04,mut_s1,detail,1,106,JPZOYWVRFLZCIC-NJNXFGOHNA-N,-9.905
PTGS2,m04,mut_s1,detail,1,107,FAIQTLBYDVKBAB-DVIAZDKANA-N,-8.609
PTGS2,m04,mut_s1,detail,1,108,APFLRZZAOXCNAZ-UHFFFAOYNA-N,-9.253
PTGS2,m04,mut_s1,detail,1,109,BSQLDSQTGOZBFD-UHFFFAOYNA-N,-8.559
PTGS2,m04,mut_s1,detail,1,110,ZVVCFJXCDATSCC-UHFFFAOYNA-N,-9.535
PTGS2,m04,mut_s1,detail,1,111,SKEQTXZATFWVMB-UYBDAZJANA-N,-6.77
PTGS2,m04,mut_s1,detail,1,112,IATWYRHDJKMBQK-MPIMZMORNA-N,-9.176
PTGS2,m04,mut_s1,detail,1,113,JPWOEQDCUZCWKT-MPIMZMORNA-N,-5.786
PTGS2,m04,mut_s1,detail,1,114,RYHSAXRBHDHPPK-PKSOQXRJNA-N,-9.034
PTGS2,m04,mut_s1,detail,1,115,GKKJWUFVZJJFPG-MPIMZMORNA-N,-8.165
PTGS2,m04,mut_s1,detail,1,116,FDNZXFDUCINVLY-BDGWVKIONA-N,-8.748
PTGS2,m04,mut_s1,detail,1,117,KTBYKHKWIFIFAK-UHFFFAOYNA-N,-9.056
PTGS2,m04,mut_s1,detail,1,118,ZRXZEWGUECXTTQ-LQFNOIFHNA-N,-7.233
PTGS2,m04,mut_s1,detail,1,119,XNACBBGLIAJNJM-PECIQRARNA-N,-10.191
PTGS2,m04,mut_s1,detail,1,120,WQZYYJRVBIQUGH-YWZOXAELNA-N,-8.689
PTGS2,m04,mut_s1,detail,1,121,ABMSRNRLDZVJFV-SWUIVHNENA-N,-10.112
PTGS2,m04,mut_s1,detail,1,122,ZEACBIUBSOLEGW-QAITUMOCNA-N,-9.565
PTGS2,m04,mut_s1,detail,1,123,UBFCDXVLKFOOGL-OKPOJWAQNA-N,-9.156
PTGS2,m04,mut_s1,detail,1,124,RRIHVAFUFDANEX-NSJMMFDCNA-N,-6.713
PTGS2,m04,mut_s1,detail,1,125,HASIAUWPWKTSBW-SREBMQDQNA-N,-6.603
PTGS2,m04,mut_s1,detail,1,126,WHBCKYHTCHCHAY-LQFNOIFHNA-N,-7.6
PTGS2,m04,mut_s1,detail,1,127,XMAYWYJOQHXEEK-JYFHCDHNNA-N,-8.946
PTGS2,m04,mut_s1,detail,1,128,TVKCFCZANTZCSU-OYRHEFFENA-N,-9.803
PTGS2,m04,mut_s1,detail,1,129,OJFIIUWPOHBVMH-LNNLXFCONA-N,-5.617
PTGS2,m04,mut_s1,detail,1,130,DKLZMGFTGWKNCD-DIRLUKLVNA-N,-9.993
PTGS2,m04,mut_s1,detail,1,131,PYSLGWZFRQWTDD-PWIKPTQSNA-N,-9.552
PTGS2,m04,mut_s1,detail,1,132,MWMBIUUYBQWKJX-QTUCRYGENA-N,-7.055
PTGS2,m04,mut_s1,detail,1,133,FLYQFCXTEFTSQN-UHFFFAOYNA-N,-7.783
PTGS2,m04,mut_s1,detail,1,134,PBIBDSDWIMZYDT-WBWGZOKWNA-N,-7.237
PTGS2,m04,mut_s1,detail,1,135,GSRWMFGBDLHGBU-YEFLILRRNA-N,-7.248
PTGS2,m04,mut_s1,detail,1,136,AYIJJQHMZAEQKE-QDAGQJSJNA-N,-6.837
PTGS2,m04,mut_s1,detail,1,137,JVWTZUKPDMRNDC-FSAKADSPNA-N,-9.239
PTGS2,m04,mut_s1,detail,1,138,XAZPLOLSRXZDBO-LBZABMTDNA-N,-8.148
PTGS2,m04,mut_s1,detail,1,139,RGWVFJBNHCWCTL-CFEGKOCINA-N,-9.265
PTGS2,m04,mut_s1,detail,1,140,YYWNRQZCPIMCAK-UHFFFAOYNA-N,-9.326
PTGS2,m04,mut_s1,detail,1,141,PBTZDKNKXRSZPM-XBXBPLPCNA-N,-9.454
PTGS2,m04,mut_s1,detail,1,142,QQPOIMHFFPBDQM-LELJVTLKNA-N,-7.289
PTGS2,m04,mut_s1,detail,1,143,NYFQURFFDGCBCB-MAQJPOOANA-N,-6.77
PTGS2,m04,mut_s1,detail,1,144,HXZVHWHABLBWBS-MTTPVDACNA-N,-8.295
PTGS2,m04,mut_s1,detail,1,145,IWYYSOJWYLZKLK-LELJVTLKNA-N,-7.81
PTGS2,m04,mut_s1,detail,1,146,HOGUCNPGZXMBGW-UHFFFAOYNA-N,-7.995
PTGS2,m04,mut_s1,detail,1,147,VITUDJAVASFPKN-DUFUIDNCNA-N,-8.041
PTGS2,m04,mut_s1,detail,1,148,IXAHDCRYEUYPBG-SCXYCHFONA-N,-8.613
PTGS2,m04,mut_s1,detail,1,149,JWHMEKMLAZQDNS-OZMOGHDGNA-N,-8.4
PTGS2,m04,mut_s1,detail,1,150,BZWNBTIJLRHNDZ-LBOYIXSDNA-N,-7.396
PTGS2,m04,mut_s1,detail,1,151,RECYROBESYRUML-UHFFFAOYNA-N,-7.229
PTGS2,m04,mut_s1,detail,1,152,MLDSJJJLQRZNKW-UHBIVWOUNA-N,-9.433
PTGS2,m04,mut_s1,detail,1,153,XTWIHJARHCYNFX-PHXLCVRDNA-N,-9.194
PTGS2,m04,mut_s1,detail,1,154,UQGFETVWTRDGKJ-UHFFFAOYNA-N,-6.598
PTGS2,m04,mut_s1,detail,1,155,VJFSMDWEMFOWDK-CYSPOYASNA-N,-8.092
PTGS2,m04,mut_s1,detail,1,156,NZYLXYBIWNIAGH-CYSPOYASNA-N,-8.257
PTGS2,m04,mut_s1,detail,1,157,ODXCWFOKLBJQNP-MPIMZMORNA-N,-8.749
PTGS2,m04,mut_s1,detail,1,158,FVDNMAPPDSKXKQ-UHFFFAOYNA-N,-8.319
PTGS2,m04,mut_s1,detail,1,159,DOPWMPRIRWTOOD-CCHPKIMANA-N,-7.749
PTGS2,m05,mut_s1,detail,1,0,URVMSYHISUZXNH-UYBDAZJANA-N,-9.76
PTGS2,m05,mut_s1,detail,1,1,KXRPCFINVWWFHQ-UHFFFAOYNA-N,-5.804
PTGS2,m05,mut_s1,detail,1,2,NICJTSHRYBTHAS-YHMJCDSINA-N,-8.043
PTGS2,m05,mut_s1,detail,1,3,SWRZVDTZHDWPDS-AWIDAIFANA-N,-7.921
PTGS2,m05,mut_s1,detail,1,4,RKNSLLSUFWWYCA-UHFFFAOYNA-N,-10.548
PTGS2,m05,mut_s1,detail,1,5,OZFSIKFTRRUDES-RIYZIHGNNA-N,-7.527
PTGS2,m05,mut_s1,detail,1,6,AAGGUCRASUJPPN-UHFFFAOYNA-N,-7.867
PTGS2,m05,mut_s1,detail,1,7,OYHXDPMAFYHDNG-YAQRNVERNA-N,-8.54
PTGS2,m05,mut_s1,detail,1,8,AWILWAIEQYZUEQ-UHFFFAOYNA-N,-7.479
PTGS2,m05,mut_s1,detail,1,9,WSFAXHLMQUUHQT-VMPITWQZNA-N,-6.582
PTGS2,m05,mut_s1,detail,1,10,WPHMTVNOXKBZKN-UHFFFAOYNA-N,-7.046
PTGS2,m05,mut_s1,detail,1,11,LPEIZNODGHDCCW-UHFFFAOYNA-N,-6.809
PTGS2,m05,mut_s1,detail,1,12,QQHWWDVSRWOHEP-LILDFLRNNA-N,-8.81
PTGS2,m05,mut_s1,detail,1,13,UMEVSSPGBFVQNC-UHFFFAOYNA-N,-7.109
PTGS2,m05,mut_s1,detail,1,14,VZDIOEKWWZRNQN-UHFFFAOYNA-N,-9.276
PTGS2,m05,mut_s1,detail,1,15,JEVLDOUORFAHRS-NDKGDYFDNA-N,-7.396
PTGS2,m05,mut_s1,detail,1,16,NFTGJNJRMWUBPG-GPQMBLKYNA-N,-7.667
PTGS2,m05,mut_s1,detail,1,17,UMUUTEZBWGDVDA-UHFFFAOYNA-N,-8.173
PTGS2,m05,mut_s1,detail,1,18,VLQKEPLNPGYNDJ-HCKMINDGNA-N,-7.814
PTGS2,m05,mut_s1,detail,1,19,PPMVTAATPZLMJM-CDDDEJBQNA-N,-8.872
PTGS2,m05,mut_s1,detail,1,20,AHLYFAKLKLMESK-YAQRNVERNA-N,-7.923
PTGS2,m05,mut_s1,detail,1,21,GYEJYLAGVWRSIM-KGJHZMDYNA-N,-7.378
PTGS2,m05,mut_s1,detail,1,22,RXVALSLAUOIYLW-UHFFFAOYNA-N,-7.828
PTGS2,m05,mut_s1,detail,1,23,NSELYIFATLFDOZ-JLGFQASFNA-N,-8.233
PTGS2,m05,mut_s1,detail,1,24,COQFBYACOHFCEC-UHFFFAOYNA-N,-7.614
PTGS2,m05,mut_s1,detail,1,25,CJGJXFCLDYQBFQ-YJGXKCCXNA-N,-8.531
PTGS2,m05,mut_s1,detail,1,26,BWNGRRJLFYHENY-INIZCTEONA-N,-7.871
PTGS2,m05,mut_s1,detail,1,27,BNRFXWSJKVJVOF-UYBDAZJANA-N,-9.137
PTGS2,m05,mut_s1,detail,1,28,DMULMZBZVBBWBY-PJZINPJWNA-N,-9.295
PTGS2,m05,mut_s1,detail,1,29,AXLAIGJGNKHDPO-UHFFFAOYNA-N,-7.384
PTGS2,m05,mut_s1,detail,1,30,RKDGAONZEPYEBT-WXRBYKJCNA-N,-7.696
PTGS2,m05,mut_s1,detail,1,31,MBOYDUZSCSNUQL-MBBDSNKKNA-N,-7.126
PTGS2,m05,mut_s1,detail,1,32,KPVDBHRTXOFQDK-YAQRNVERNA-N,-7.055
PTGS2,m05,mut_s1,detail,1,33,LVCNFMYUKISBSB-VJSNTGQMNA-N,-8.401
PTGS2,m05,mut_s1,detail,1,34,XLAHCIRKLMJUQC-DZQCGVKKNA-N,-10.576
PTGS2,m05,mut_s1,detail,1,35,QNYHDABGLCBJOE-SHHGZXMVNA-N,-7.708
PTGS2,m05,mut_s1,detail,1,36,HEKNRISBWSPMOG-OWTLIXCDNA-N,-7.348
PTGS2,m05,mut_s1,detail,1,37,VIRNXCRLEVZXNX-LILDFLRNNA-N,-9.764
PTGS2,m05,mut_s1,detail,1,38,SRTGERSEXJGDMR-UHFFFAOYNA-N,-7.791
PTGS2,m05,mut_s1,detail,1,39,ZGMGSSRLZJYOKH-WXRBYKJCNA-N,-7.561
PTGS2,m05,mut_s1,detail,1,40,VGYFDFRFGHHCDA-CUTUCBJDNA-N,-9.721
PTGS2,m05,mut_s1,detail,1,41,DILPMLYWQJPNLO-HCKMINDGNA-N,-7.571
PTGS2,m05,mut_s1,detail,1,42,RSOODJIGEVJLMK-LQFNOIFHNA-N,-8.524
PTGS2,m05,mut_s1,detail,1,43,OWHHWMUAYBIQPR-UHFFFAOYNA-N,-8.716
PTGS2,m05,mut_s1,detail,1,44,KPIKMVZJKZDOFC-UHFFFAOYNA-N,-7.753
PTGS2,m05,mut_s1,detail,1,45,DIKDKRUREJXLMR-DPMTXJEANA-N,-7.961
PTGS2,m05,mut_s1,detail,1,46,QRVJDPKQHAVBDK-UYBDAZJANA-N,-7.386
PTGS2,m05,mut_s1,detail,1,47,SGBSFKSDPWOALT-UYBDAZJANA-N,-7.788
PTGS2,m05,mut_s1,detail,1,48,CYHFRNFVZWVHCG-OTJKMEOQNA-N,-8.985
PTGS2,m05,mut_s1,detail,1,49,MJUDQDHXCQONOA-MPIMZMORNA-N,-8.129
PTGS2,m05,mut_s1,detail,1,50,RNVYRNLUUYNQAS-PKSOQXRJNA-N,-7.396
PTGS2,m05,mut_s1,detail,1,51,DLZXOZYETDVJEB-QWOVJGMINA-N,-7.261
PTGS2,m05,mut_s1,detail,1,52,HSICVZRDGBJSEL-GPQMBLKYNA-N,-8.077
PTGS2,m05,mut_s1,detail,1,53,HMRUHHFLIMYEAF-QNGOCPJXNA-N,-7.914
PTGS2,m05,mut_s1,detail,1,54,ZZOWQPSBJUXHCA-YSPRVCGUNA-N,-7.143
PTGS2,m05,mut_s1,detail,1,55,WDDJLHOUFWSQSV-UHFFFAOYNA-N,-7.788
PTGS2,m05,mut_s1,detail,1,56,UKLIIGXGTPSYBF-IBCWCQIKNA-N,-6.402
PTGS2,m05,mut_s1,detail,1,57,LNPOBRXJZYGQMS-MOHJPFBDNA-N,-7.001
PTGS2,m05,mut_s1,detail,1,58,FYILBFPPKIZBTO-UHFFFAOYNA-N,-9.093
PTGS2,m05,mut_s1,detail,1,59,MIKIJFODTJGFDI-LILDFLRNNA-N,-9.225
PTGS2,m05,mut_s1,detail,1,60,RUWCNSLWWCWTSU-LILDFLRNNA-N,-7.835
PTGS2,m05,mut_s1,detail,1,61,KLQWCHKIQJHYIB-UHFFFAOYNA-N,-10.392
PTGS2,m05,mut_s1,detail,1,62,QKAWGENQCGFAOE-NPVYFSBINA-N,-8.059
PTGS2,m05,mut_s1,detail,1,63,KGOKCBRZBBEYBE-MMRXBHCZNA-N,-7.533
PTGS2,m05,mut_s1,detail,1,64,ROFRXCLSWKEWTN-UHFFFAOYNA-N,-6.491
PTGS2,m05,mut_s1,detail,1,65,AKRMJNKLSCBEME-FPYGCLRLNA-N,-7.782
PTGS2,m05,mut_s1,detail,1,66,LCGJUJZLLYTYIF-XMFFZCEENA-N,-9.024
PTGS2,m05,mut_s1,detail,1,67,FREQNFSEYLEFOI-QRCVEOAVNA-N,-8.629
PTGS2,m05,mut_s1,detail,1,68,MHMINAYLMNBGSM-UHFFFAOYNA-N,-8.167
PTGS2,m05,mut_s1,detail,1,69,SYMNTBHEGHFZMV-UHFFFAOYNA-N,-7.785
PTGS2,m05,mut_s1,detail,1,70,NNCRWGMPCGSKOO-LILDFLRNNA-N,-7.567
PTGS2,m05,mut_s1,detail,1,71,ZCRRNCCNJMRGFI-UHFFFAOYNA-N,-8.198
PTGS2,m05,mut_s1,detail,1,72,PYVZEIBGEUQNQQ-UHFFFAOYNA-N,-11.034
PTGS2,m05,mut_s1,detail,1,73,OROJQWVRCGJACT-XBTAAFKLNA-N,-8.355
PTGS2,m05,mut_s1,detail,1,74,TXYUWXKCUDOUGU-JLGFQASFNA-N,-7.54
PTGS2,m05,mut_s1,detail,1,75,LAZANALODSEDSE-UHFFFAOYNA-N,-8.392
PTGS2,m05,mut_s1,detail,1,76,RJXCYVJLXGRCHK-UHFFFAOYNA-N,-7.933
PTGS2,m05,mut_s1,detail,1,77,FUSKIBWHJAWEFI-IEJAXPBYNA-N,-7.245
PTGS2,m05,mut_s1,detail,1,78,SGWVLOCBQLQWQV-UHFFFAOYNA-N,-7.773
PTGS2,m05,mut_s1,detail,1,79,PPXRQTYXLZCDAZ-QWOVJGMINA-N,-8.146
PTGS2,m05,mut_s1,detail,1,80,DIFBADFWLVYFHV-LELJVTLKNA-N,-7.184
PTGS2,m05,mut_s1,detail,1,81,XREOSEVJCQGCHE-MHPMNMKGNA-N,-8.267
PTGS2,m05,mut_s1,detail,1,82,ZHGPKHBXSKWZEQ-UHFFFAOYNA-N,-9.295
PTGS2,m05,mut_s1,detail,1,83,ZFAYPJJNPSNAFK-UHFFFAOYNA-N,-8.09
PTGS2,m05,mut_s1,detail,1,84,LTXMRAGWIDQTQT-MYUTVWBTNA-N,-9.024
PTGS2,m05,mut_s1,detail,1,85,VXQHYHSSGLOALC-SPEPDGBUNA-N,-8.656
PTGS2,m05,mut_s1,detail,1,86,KWDSFRAWCISROF-PJQSKVNONA-N,-7.192
PTGS2,m05,mut_s1,detail,1,87,ZJZXSQPHUQUHIV-ZGZFQTMPNA-N,-7.98
PTGS2,m05,mut_s1,detail,1,88,UYHIVPBYFWVWEJ-UHFFFAOYNA-N,-7.963
PTGS2,m05,mut_s1,detail,1,89,PLEFJSUCKRWHBY-LNNLXFCONA-N,-7.303
PTGS2,m05,mut_s1,detail,1,90,DNSRQCRQLKJUCC-PDJAEHLQNA-N,-7.472
PTGS2,m05,mut_s1,detail,1,91,PHYKZCBUNVYJNH-YDBXFXKPNA-N,-5.926
PTGS2,m05,mut_s1,detail,1,92,OOUHZBUAVKCDGA-UHFFFAOYNA-N,-7.228
PTGS2,m05,mut_s1,detail,1,93,UUQDFZFJDFMLHW-UHFFFAOYNA-N,-7.26
PTGS2,m05,mut_s1,detail,1,94,OOUDDHNLDLLUOL-SKKVRFOWNA-N,-9.52
PTGS2,m05,mut_s1,detail,1,95,ZDMQSUAMTLXUTE-MPIMZMORNA-N,-6.953
PTGS2,m05,mut_s1,detail,1,96,NMPLPABDEKPABN-UHFFFAOYNA-N,-8.003
PTGS2,m05,mut_s1,detail,1,97,INZRHGSVWGRHBM-NPVYFSBINA-N,-8.182
PTGS2,m05,mut_s1,detail,1,98,RVGCWMKVTAEQIH-LNNLXFCONA-N,-9.502
PTGS2,m05,mut_s1,detail,1,99,VRXWKRQOVMZBAF-LJQANCHMNA-N,-6.675
PTGS2,m05,mut_s1,detail,1,100,QACLWOIBBYOHQP-UYBDAZJANA-N,-8.477
PTGS2,m05,mut_s1,detail,1,101,ZNXSZVFPCBIELQ-LNNLXFCONA-N,-6.862
PTGS2,m05,mut_s1,detail,1,102,GKMWCCNMKRSQHR-VEKUMTKDNA-N,-7.155
PTGS2,m05,mut_s1,detail,1,103,FFGUSRSMWFYKGK-SKKVRFOWNA-N,-8.536
PTGS2,m05,mut_s1,detail,1,104,KXBDDGKXLZBLOM-SPEPDGBUNA-N,-6.84
PTGS2,m05,mut_s1,detail,1,105,MIUWULAZCXYTJW-MSHHZIMBNA-N,-8.077
PTGS2,m05,mut_s1,detail,1,106,JPZOYWVRFLZCIC-NJNXFGOHNA-N,-7.969
PTGS2,m05,mut_s1,detail,1,107,FAIQTLBYDVKBAB-DVIAZDKANA-N,-8.387
PTGS2,m05,mut_s1,detail,1,108,APFLRZZAOXCNAZ-UHFFFAOYNA-N,-8.07
PTGS2,m05,mut_s1,detail,1,109,BSQLDSQTGOZBFD-UHFFFAOYNA-N,-6.77
PTGS2,m05,mut_s1,detail,1,110,ZVVCFJXCDATSCC-UHFFFAOYNA-N,-9.095
PTGS2,m05,mut_s1,detail,1,111,SKEQTXZATFWVMB-UYBDAZJANA-N,-6.64
PTGS2,m05,mut_s1,detail,1,112,IATWYRHDJKMBQK-MPIMZMORNA-N,-7.97
PTGS2,m05,mut_s1,detail,1,113,JPWOEQDCUZCWKT-MPIMZMORNA-N,-5.658
PTGS2,m05,mut_s1,detail,1,114,RYHSAXRBHDHPPK-PKSOQXRJNA-N,-6.94
PTGS2,m05,mut_s1,detail,1,115,GKKJWUFVZJJFPG-MPIMZMORNA-N,-7.537
PTGS2,m05,mut_s1,detail,1,116,FDNZXFDUCINVLY-BDGWVKIONA-N,-8.561
PTGS2,m05,mut_s1,detail,1,117,KTBYKHKWIFIFAK-UHFFFAOYNA-N,-8.519
PTGS2,m05,mut_s1,detail,1,118,ZRXZEWGUECXTTQ-LQFNOIFHNA-N,-7.489
PTGS2,m05,mut_s1,detail,1,119,XNACBBGLIAJNJM-PECIQRARNA-N,-10.442
PTGS2,m05,mut_s1,detail,1,120,WQZYYJRVBIQUGH-YWZOXAELNA-N,-7.654
PTGS2,m05,mut_s1,detail,1,121,ABMSRNRLDZVJFV-SWUIVHNENA-N,-8.712
PTGS2,m05,mut_s1,detail,1,122,ZEACBIUBSOLEGW-QAITUMOCNA-N,-9.583
PTGS2,m05,mut_s1,detail,1,123,UBFCDXVLKFOOGL-OKPOJWAQNA-N,-9.151
PTGS2,m05,mut_s1,detail,1,124,RRIHVAFUFDANEX-NSJMMFDCNA-N,-6.999
PTGS2,m05,mut_s1,detail,1,125,HASIAUWPWKTSBW-SREBMQDQNA-N,-7.671
PTGS2,m05,mut_s1,detail,1,126,WHBCKYHTCHCHAY-LQFNOIFHNA-N,-7.266
PTGS2,m05,mut_s1,detail,1,127,XMAYWYJOQHXEEK-JYFHCDHNNA-N,-7.571
PTGS2,m05,mut_s1,detail,1,128,TVKCFCZANTZCSU-OYRHEFFENA-N,-8.394
PTGS2,m05,mut_s1,detail,1,129,OJFIIUWPOHBVMH-LNNLXFCONA-N,-7.154
PTGS2,m05,mut_s1,detail,1,130,DKLZMGFTGWKNCD-DIRLUKLVNA-N,-8.074
PTGS2,m05,mut_s1,detail,1,131,PYSLGWZFRQWTDD-PWIKPTQSNA-N,-8.536
PTGS2,m05,mut_s1,detail,1,132,MWMBIUUYBQWKJX-QTUCRYGENA-N,-6.953
PTGS2,m05,mut_s1,detail,1,133,FLYQFCXTEFTSQN-UHFFFAOYNA-N,-7.395
PTGS2,m05,mut_s1,detail,1,134,PBIBDSDWIMZYDT-WBWGZOKWNA-N,-7.45
PTGS2,m05,mut_s1,detail,1,135,GSRWMFGBDLHGBU-YEFLILRRNA-N,-6.656
PTGS2,m05,mut_s1,detail,1,136,AYIJJQHMZAEQKE-QDAGQJSJNA-N,-7.303
PTGS2,m05,mut_s1,detail,1,137,JVWTZUKPDMRNDC-FSAKADSPNA-N,-8.648
PTGS2,m05,mut_s1,detail,1,138,XAZPLOLSRXZDBO-LBZABMTDNA-N,-5.857
PTGS2,m05,mut_s1,detail,1,139,RGWVFJBNHCWCTL-CFEGKOCINA-N,-8.565
PTGS2,m05,mut_s1,detail,1,140,YYWNRQZCPIMCAK-UHFFFAOYNA-N,-8.978
PTGS2,m05,mut_s1,detail,1,141,PBTZDKNKXRSZPM-XBXBPLPCNA-N,-9.306
PTGS2,m05,mut_s1,detail,1,142,QQPOIMHFFPBDQM-LELJVTLKNA-N,-7.64
PTGS2,m05,mut_s1,detail,1,143,NYFQURFFDGCBCB-MAQJPOOANA-N,-6.717
PTGS2,m05,mut_s1,detail,1,144,HXZVHWHABLBWBS-MTTPVDACNA-N,-8.407
PTGS2,m05,mut_s1,detail,1,145,IWYYSOJWYLZKLK-LELJVTLKNA-N,-7.561
PTGS2,m05,mut_s1,detail,1,146,HOGUCNPGZXMBGW-UHFFFAOYNA-N,-8.401
PTGS2,m05,mut_s1,detail,1,147,VITUDJAVASFPKN-DUFUIDNCNA-N,-7.106
PTGS2,m05,mut_s1,detail,1,148,IXAHDCRYEUYPBG-SCXYCHFONA-N,-8.908
PTGS2,m05,mut_s1,detail,1,149,JWHMEKMLAZQDNS-OZMOGHDGNA-N,-7.252
PTGS2,m05,mut_s1,detail,1,150,BZWNBTIJLRHNDZ-LBOYIXSDNA-N,-6.876
PTGS2,m05,mut_s1,detail,1,151,RECYROBESYRUML-UHFFFAOYNA-N,-7.562
PTGS2,m05,mut_s1,detail,1,152,MLDSJJJLQRZNKW-UHBIVWOUNA-N,-10.052
PTGS2,m05,mut_s1,detail,1,153,XTWIHJARHCYNFX-PHXLCVRDNA-N,-8.49
PTGS2,m05,mut_s1,detail,1,154,UQGFETVWTRDGKJ-UHFFFAOYNA-N,-6.696
PTGS2,m05,mut_s1,detail,1,155,VJFSMDWEMFOWDK-CYSPOYASNA-N,-8.268
PTGS2,m05,mut_s1,detail,1,156,NZYLXYBIWNIAGH-CYSPOYASNA-N,-8.326
PTGS2,m05,mut_s1,detail,1,157,ODXCWFOKLBJQNP-MPIMZMORNA-N,-8.559
PTGS2,m05,mut_s1,detail,1,158,FVDNMAPPDSKXKQ-UHFFFAOYNA-N,-8.659
PTGS2,m05,mut_s1,detail,1,159,DOPWMPRIRWTOOD-CCHPKIMANA-N,-8.11
PTGS2,m06,mut_s1,detail,1,0,URVMSYHISUZXNH-UYBDAZJANA-N,-9.679
PTGS2,m06,mut_s1,detail,1,1,KXRPCFINVWWFHQ-UHFFFAOYNA-N,-5.88
PTGS2,m06,mut_s1,detail,1,2,NICJTSHRYBTHAS-YHMJCDSINA-N,-8.025
PTGS2,m06,mut_s1,detail,1,3,SWRZVDTZHDWPDS-AWIDAIFANA-N,-9.428
PTGS2,m06,mut_s1,detail,1,4,RKNSLLSUFWWYCA-UHFFFAOYNA-N,-10.09
PTGS2,m06,mut_s1,detail,1,5,OZFSIKFTRRUDES-RIYZIHGNNA-N,-7.443
PTGS2,m06,mut_s1,detail,1,6,AAGGUCRASUJPPN-UHFFFAOYNA-N,-8.405
PTGS2,m06,mut_s1,detail,1,7,OYHXDPMAFYHDNG-YAQRNVERNA-N,-8.493
PTGS2,m06,mut_s1,detail,1,8,AWILWAIEQYZUEQ-UHFFFAOYNA-N,-7.846
PTGS2,m06,mut_s1,detail,1,9,WSFAXHLMQUUHQT-VMPITWQZNA-N,-8.388
PTGS2,m06,mut_s1,detail,1,10,WPHMTVNOXKBZKN-UHFFFAOYNA-N,-7.028
PTGS2,m06,mut_s1,detail,1,11,LPEIZNODGHDCCW-UHFFFAOYNA-N,-7.01
PTGS2,m06,mut_s1,detail,1,12,QQHWWDVSRWOHEP-LILDFLRNNA-N,-9.253
PTGS2,m06,mut_s1,detail,1,13,UMEVSSPGBFVQNC-UHFFFAOYNA-N,-7.144
PTGS2,m06,mut_s1,detail,1,14,VZDIOEKWWZRNQN-UHFFFAOYNA-N,-9.434
PTGS2,m06,mut_s1,detail,1,15,JEVLDOUORFAHRS-NDKGDYFDNA-N,-8.083
PTGS2,m06,mut_s1,detail,1,16,NFTGJNJRMWUBPG-GPQMBLKYNA-N,-8.745
PTGS2,m06,mut_s1,detail,1,17,UMUUTEZBWGDVDA-UHFFFAOYNA-N,-8.164
PTGS2,m06,mut_s1,detail,1,18,VLQKEPLNPGYNDJ-HCKMINDGNA-N,-8.414
PTGS2,m06,mut_s1,detail,1,19,PPMVTAATPZLMJM-CDDDEJBQNA-N,-8.858
PTGS2,m06,mut_s1,detail,1,20,AHLYFAKLKLMESK-YAQRNVERNA-N,-7.653
PTGS2,m06,mut_s1,detail,1,21,GYEJYLAGVWRSIM-KGJHZMDYNA-N,-8.48
PTGS2,m06,mut_s1,detail,1,22,RXVALSLAUOIYLW-UHFFFAOYNA-N,-7.808
PTGS2,m06,mut_s1,detail,1,23,NSELYIFATLFDOZ-JLGFQASFNA-N,-8.743
PTGS2,m06,mut_s1,detail,1,24,COQFBYACOHFCEC-UHFFFAOYNA-N,-7.679
PTGS2,m06,mut_s1,detail,1,25,CJGJXFCLDYQBFQ-YJGXKCCXNA-N,-9.832
PTGS2,m06,mut_s1,detail,1,26,BWNGRRJLFYHENY-INIZCTEONA-N,-7.916
PTGS2,m06,mut_s1,detail,1,27,BNRFXWSJKVJVOF-UYBDAZJANA-N,-9.166
PTGS2,m06,mut_s1,detail,1,28,DMULMZBZVBBWBY-PJZINPJWNA-N,-9.293
PTGS2,m06,mut_s1,detail,1,29,AXLAIGJGNKHDPO-UHFFFAOYNA-N,-7.688
PTGS2,m06,mut_s1,detail,1,30,RKDGAONZEPYEBT-WXRBYKJCNA-N,-7.789
PTGS2,m06,mut_s1,detail,1,31,MBOYDUZSCSNUQL-MBBDSNKKNA-N,-8.779
PTGS2,m06,mut_s1,detail,1,32,KPVDBHRTXOFQDK-YAQRNVERNA-N,-7.135
PTGS2,m06,mut_s1,detail,1,33,LVCNFMYUKISBSB-VJSNTGQMNA-N,-8.275
PTGS2,m06,mut_s1,detail,1,34,XLAHCIRKLMJUQC-DZQCGVKKNA-N,-10.04
PTGS2,m06,mut_s1,detail,1,35,QNYHDABGLCBJOE-SHHGZXMVNA-N,-9.756
PTGS2,m06,mut_s1,detail,1,36,HEKNRISBWSPMOG-OWTLIXCDNA-N,-8.042
PTGS2,m06,mut_s1,detail,1,37,VIRNXCRLEVZXNX-LILDFLRNNA-N,-10.264
PTGS2,m06,mut_s1,detail,1,38,SRTGERSEXJGDMR-UHFFFAOYNA-N,-7.575
PTGS2,m06,mut_s1,detail,1,39,ZGMGSSRLZJYOKH-WXRBYKJCNA-N,-7.307
PTGS2,m06,mut_s1,detail,1,40,VGYFDFRFGHHCDA-CUTUCBJDNA-N,-10.045
PTGS2,m06,mut_s1,detail,1,41,DILPMLYWQJPNLO-HCKMINDGNA-N,-9.799
PTGS2,m06,mut_s1,detail,1,42,RSOODJIGEVJLMK-LQFNOIFHNA-N,-10.003
PTGS2,m06,mut_s1,detail,1,43,OWHHWMUAYBIQPR-UHFFFAOYNA-N,-10.058
PTGS2,m06,mut_s1,detail,1,44,KPIKMVZJKZDOFC-UHFFFAOYNA-N,-10.398
PTGS2,m06,mut_s1,detail,1,45,DIKDKRUREJXLMR-DPMTXJEANA-N,-9.787
PTGS2,m06,mut_s1,detail,1,46,QRVJDPKQHAVBDK-UYBDAZJANA-N,-8.713
PTGS2,m06,mut_s1,detail,1,47,SGBSFKSDPWOALT-UYBDAZJANA-N,-9.647
PTGS2,m06,mut_s1,detail,1,48,CYHFRNFVZWVHCG-OTJKMEOQNA-N,-9.907
PTGS2,m06,mut_s1,detail,1,49,MJUDQDHXCQONOA-MPIMZMORNA-N,-8.896
PTGS2,m06,mut_s1,detail,1,50,RNVYRNLUUYNQAS-PKSOQXRJNA-N,-8.683
PTGS2,m06,mut_s1,detail,1,51,DLZXOZYETDVJEB-QWOVJGMINA-N,-8.372
PTGS2,m06,mut_s1,detail,1,52,HSICVZRDGBJSEL-GPQMBLKYNA-N,-8.849
PTGS2,m06,mut_s1,detail,1,53,HMRUHHFLIMYEAF-QNGOCPJXNA-N,-8.027
PTGS2,m06,mut_s1,detail,1,54,ZZOWQPSBJUXHCA-YSPRVCGUNA-N,-9.545
PTGS2,m06,mut_s1,detail,1,55,WDDJLHOUFWSQSV-UHFFFAOYNA-N,-10.056
PTGS2,m06,mut_s1,detail,1,56,UKLIIGXGTPSYBF-IBCWCQIKNA-N,-9.665
PTGS2,m06,mut_s1,detail,1,57,LNPOBRXJZYGQMS-MOHJPFBDNA-N,-8.913
PTGS2,m06,mut_s1,detail,1,58,FYILBFPPKIZBTO-UHFFFAOYNA-N,-9.227
PTGS2,m06,mut_s1,detail,1,59,MIKIJFODTJGFDI-LILDFLRNNA-N,-8.716
PTGS2,m06,mut_s1,detail,1,60,RUWCNSLWWCWTSU-LILDFLRNNA-N,-10.239
PTGS2,m06,mut_s1,detail,1,61,KLQWCHKIQJHYIB-UHFFFAOYNA-N,-10.98
PTGS2,m06,mut_s1,detail,1,62,QKAWGENQCGFAOE-NPVYFSBINA-N,-9.41
PTGS2,m06,mut_s1,detail,1,63,KGOKCBRZBBEYBE-MMRXBHCZNA-N,-9.474
PTGS2,m06,mut_s1,detail,1,64,ROFRXCLSWKEWTN-UHFFFAOYNA-N,-8.418
PTGS2,m06,mut_s1,detail,1,65,AKRMJNKLSCBEME-FPYGCLRLNA-N,-8.391
PTGS2,m06,mut_s1,detail,1,66,LCGJUJZLLYTYIF-XMFFZCEENA-N,-9.437
PTGS2,m06,mut_s1,detail,1,67,FREQNFSEYLEFOI-QRCVEOAVNA-N,-8.887
PTGS2,m06,mut_s1,detail,1,68,MHMINAYLMNBGSM-UHFFFAOYNA-N,-8.618
PTGS2,m06,mut_s1,detail,1,69,SYMNTBHEGHFZMV-UHFFFAOYNA-N,-9.059
PTGS2,m06,mut_s1,detail,1,70,NNCRWGMPCGSKOO-LILDFLRNNA-N,-8.155
PTGS2,m06,mut_s1,detail,1,71,ZCRRNCCNJMRGFI-UHFFFAOYNA-N,-10.319
PTGS2,m06,mut_s1,detail,1,72,PYVZEIBGEUQNQQ-UHFFFAOYNA-N,-11.066
PTGS2,m06,mut_s1,detail,1,73,OROJQWVRCGJACT-XBTAAFKLNA-N,-10.202
PTGS2,m06,mut_s1,detail,1,74,TXYUWXKCUDOUGU-JLGFQASFNA-N,-8.218
PTGS2,m06,mut_s1,detail,1,75,LAZANALODSEDSE-UHFFFAOYNA-N,-9.472
PTGS2,m06,mut_s1,detail,1,76,RJXCYVJLXGRCHK-UHFFFAOYNA-N,-7.819
PTGS2,m06,mut_s1,detail,1,77,FUSKIBWHJAWEFI-IEJAXPBYNA-N,-8.839
PTGS2,m06,mut_s1,detail,1,78,SGWVLOCBQLQWQV-UHFFFAOYNA-N,-9.473
PTGS2,m06,mut_s1,detail,1,79,PPXRQTYXLZCDAZ-QWOVJGMINA-N,-10.335
PTGS2,m06,mut_s1,detail,1,80,DIFBADFWLVYFHV-LELJVTLKNA-N,-10.11
PTGS2,m06,mut_s1,detail,1,81,XREOSEVJCQGCHE-MHPMNMKGNA-N,-9.317
PTGS2,m06,mut_s1,detail,1,82,ZHGPKHBXSKWZEQ-UHFFFAOYNA-N,-10.083
PTGS2,m06,mut_s1,detail,1,83,ZFAYPJJNPSNAFK-UHFFFAOYNA-N,-8.18
PTGS2,m06,mut_s1,detail,1,84,LTXMRAGWIDQTQT-MYUTVWBTNA-N,-10.616
PTGS2,m06,mut_s1,detail,1,85,VXQHYHSSGLOALC-SPEPDGBUNA-N,-11.263
PTGS2,m06,mut_s1,detail,1,86,KWDSFRAWCISROF-PJQSKVNONA-N,-7.81
PTGS2,m06,mut_s1,detail,1,87,ZJZXSQPHUQUHIV-ZGZFQTMPNA-N,-11.274
PTGS2,m06,mut_s1,detail,1,88,UYHIVPBYFWVWEJ-UHFFFAOYNA-N,-10.839
PTGS2,m06,mut_s1,detail,1,89,PLEFJSUCKRWHBY-LNNLXFCONA-N,-10.318
PTGS2,m06,mut_s1,detail,1,90,DNSRQCRQLKJUCC-PDJAEHLQNA-N,-8.425
PTGS2,m06,mut_s1,detail,1,91,PHYKZCBUNVYJNH-YDBXFXKPNA-N,-7.833
PTGS2,m06,mut_s1,detail,1,92,OOUHZBUAVKCDGA-UHFFFAOYNA-N,-9.545
PTGS2,m06,mut_s1,detail,1,93,UUQDFZFJDFMLHW-UHFFFAOYNA-N,-9.536
PTGS2,m06,mut_s1,detail,1,94,OOUDDHNLDLLUOL-SKKVRFOWNA-N,-10.259
PTGS2,m06,mut_s1,detail,1,95,ZDMQSUAMTLXUTE-MPIMZMORNA-N,-9.51
PTGS2,m06,mut_s1,detail,1,96,NMPLPABDEKPABN-UHFFFAOYNA-N,-10.063
PTGS2,m06,mut_s1,detail,1,97,INZRHGSVWGRHBM-NPVYFSBINA-N,-10.635
PTGS2,m06,mut_s1,detail,1,98,RVGCWMKVTAEQIH-LNNLXFCONA-N,-10.103
PTGS2,m06,mut_s1,detail,1,99,VRXWKRQOVMZBAF-LJQANCHMNA-N,-6.594
PTGS2,m06,mut_s1,detail,1,100,QACLWOIBBYOHQP-UYBDAZJANA-N,-9.339
PTGS2,m06,mut_s1,detail,1,101,ZNXSZVFPCBIELQ-LNNLXFCONA-N,-9.381
PTGS2,m06,mut_s1,detail,1,102,GKMWCCNMKRSQHR-VEKUMTKDNA-N,-9.081
PTGS2,m06,mut_s1,detail,1,103,FFGUSRSMWFYKGK-SKKVRFOWNA-N,-9.89
PTGS2,m06,mut_s1,detail,1,104,KXBDDGKXLZBLOM-SPEPDGBUNA-N,-9.409
PTGS2,m06,mut_s1,detail,1,105,MIUWULAZCXYTJW-MSHHZIMBNA-N,-10.304
PTGS2,m06,mut_s1,detail,1,106,JPZOYWVRFLZCIC-NJNXFGOHNA-N,-10.511
PTGS2,m06,mut_s1,detail,1,107,FAIQTLBYDVKBAB-DVIAZDKANA-N,-10.108
PTGS2,m06,mut_s1,detail,1,108,APFLRZZAOXCNAZ-UHFFFAOYNA-N,-10.122
PTGS2,m06,mut_s1,detail,1,109,BSQLDSQTGOZBFD-UHFFFAOYNA-N,-9.434
PTGS2,m06,mut_s1,detail,1,110,ZVVCFJXCDATSCC-UHFFFAOYNA-N,-10.698
PTGS2,m06,mut_s1,detail,1,111,SKEQTXZATFWVMB-UYBDAZJANA-N,-9.314
PTGS2,m06,mut_s1,detail,1,112,IATWYRHDJKMBQK-MPIMZMORNA-N,-9.221
PTGS2,m06,mut_s1,detail,1,113,JPWOEQDCUZCWKT-MPIMZMORNA-N,-8.219
PTGS2,m06,mut_s1,detail,1,114,RYHSAXRBHDHPPK-PKSOQXRJNA-N,-9.009
PTGS2,m06,mut_s1,detail,1,115,GKKJWUFVZJJFPG-MPIMZMORNA-N,-9.744
PTGS2,m06,mut_s1,detail,1,116,FDNZXFDUCINVLY-BDGWVKIONA-N,-9.092
PTGS2,m06,mut_s1,detail,1,117,KTBYKHKWIFIFAK-UHFFFAOYNA-N,-10.562
PTGS2,m06,mut_s1,detail,1,118,ZRXZEWGUECXTTQ-LQFNOIFHNA-N,-9.947
PTGS2,m06,mut_s1,detail,1,119,XNACBBGLIAJNJM-PECIQRARNA-N,-10.286
PTGS2,m06,mut_s1,detail,1,120,WQZYYJRVBIQUGH-YWZOXAELNA-N,-10.349
PTGS2,m06,mut_s1,detail,1,121,ABMSRNRLDZVJFV-SWUIVHNENA-N,-10.115
PTGS2,m06,mut_s1,detail,1,122,ZEACBIUBSOLEGW-QAITUMOCNA-N,-11.859
PTGS2,m06,mut_s1,detail,1,123,UBFCDXVLKFOOGL-OKPOJWAQNA-N,-9.65
PTGS2,m06,mut_s1,detail,1,124,RRIHVAFUFDANEX-NSJMMFDCNA-N,-6.573
PTGS2,m06,mut_s1,detail,1,125,HASIAUWPWKTSBW-SREBMQDQNA-N,-9.099
PTGS2,m06,mut_s1,detail,1,126,WHBCKYHTCHCHAY-LQFNOIFHNA-N,-11.023
PTGS2,m06,mut_s1,detail,1,127,XMAYWYJOQHXEEK-JYFHCDHNNA-N,-11.143
PTGS2,m06,mut_s1,detail,1,128,TVKCFCZANTZCSU-OYRHEFFENA-N,-11.249
PTGS2,m06,mut_s1,detail,1,129,OJFIIUWPOHBVMH-LNNLXFCONA-N,-7.151
PTGS2,m06,mut_s1,detail,1,130,DKLZMGFTGWKNCD-DIRLUKLVNA-N,-11.429
PTGS2,m06,mut_s1,detail,1,131,PYSLGWZFRQWTDD-PWIKPTQSNA-N,-10.888
PTGS2,m06,mut_s1,detail,1,132,MWMBIUUYBQWKJX-QTUCRYGENA-N,-9.92
PTGS2,m06,mut_s1,detail,1,133,FLYQFCXTEFTSQN-UHFFFAOYNA-N,-9.348
PTGS2,m06,mut_s1,detail,1,134,PBIBDSDWIMZYDT-WBWGZOKWNA-N,-10.49
PTGS2,m06,mut_s1,detail,1,135,GSRWMFGBDLHGBU-YEFLILRRNA-N,-8.429
PTGS2,m06,mut_s1,detail,1,136,AYIJJQHMZAEQKE-QDAGQJSJNA-N,-8.476
PTGS2,m06,mut_s1,detail,1,137,JVWTZUKPDMRNDC-FSAKADSPNA-N,-10.624
PTGS2,m06,mut_s1,detail,1,138,XAZPLOLSRXZDBO-LBZABMTDNA-N,-6.94
PTGS2,m06,mut_s1,detail,1,139,RGWVFJBNHCWCTL-CFEGKOCINA-N,-10.912
PTGS2,m06,mut_s1,detail,1,140,YYWNRQZCPIMCAK-UHFFFAOYNA-N,-10.882
PTGS2,m06,mut_s1,detail,1,141,PBTZDKNKXRSZPM-XBXBPLPCNA-N,-10.461
PTGS2,m06,mut_s1,detail,1,142,QQPOIMHFFPBDQM-LELJVTLKNA-N,-9.438
PTGS2,m06,mut_s1,detail,1,143,NYFQURFFDGCBCB-MAQJPOOANA-N,-7.246
PTGS2,m06,mut_s1,detail,1,144,HXZVHWHABLBWBS-MTTPVDACNA-N,-9.674
PTGS2,m06,mut_s1,detail,1,145,IWYYSOJWYLZKLK-LELJVTLKNA-N,-8.556
PTGS2,m06,mut_s1,detail,1,146,HOGUCNPGZXMBGW-UHFFFAOYNA-N,-8.33
PTGS2,m06,mut_s1,detail,1,147,VITUDJAVASFPKN-DUFUIDNCNA-N,-9.632
PTGS2,m06,mut_s1,detail,1,148,IXAHDCRYEUYPBG-SCXYCHFONA-N,-11.826
PTGS2,m06,mut_s1,detail,1,149,JWHMEKMLAZQDNS-OZMOGHDGNA-N,-8.885
PTGS2,m06,mut_s1,detail,1,150,BZWNBTIJLRHNDZ-LBOYIXSDNA-N,-7.168
PTGS2,m06,mut_s1,detail,1,151,RECYROBESYRUML-UHFFFAOYNA-N,-9.328
PTGS2,m06,mut_s1,detail,1,152,MLDSJJJLQRZNKW-UHBIVWOUNA-N,-11.283
PTGS2,m06,mut_s1,detail,1,153,XTWIHJARHCYNFX-PHXLCVRDNA-N,-9.795
PTGS2,m06,mut_s1,detail,1,154,UQGFETVWTRDGKJ-UHFFFAOYNA-N,-7.109
PTGS2,m06,mut_s1,detail,1,155,VJFSMDWEMFOWDK-CYSPOYASNA-N,-10.097
PTGS2,m06,mut_s1,detail,1,156,NZYLXYBIWNIAGH-CYSPOYASNA-N,-11.199
PTGS2,m06,mut_s1,detail,1,157,ODXCWFOKLBJQNP-MPIMZMORNA-N,-9.117
PTGS2,m06,mut_s1,detail,1,158,FVDNMAPPDSKXKQ-UHFFFAOYNA-N,-9.051
PTGS2,m06,mut_s1,detail,1,159,DOPWMPRIRWTOOD-CCHPKIMANA-N,-10.078
PTGS2,m07,mut_s1,detail,1,0,URVMSYHISUZXNH-UYBDAZJANA-N,-9.225
PTGS2,m07,mut_s1,detail,1,1,KXRPCFINVWWFHQ-UHFFFAOYNA-N,-5.585
PTGS2,m07,mut_s1,detail,1,2,NICJTSHRYBTHAS-YHMJCDSINA-N,-7.664
PTGS2,m07,mut_s1,detail,1,3,SWRZVDTZHDWPDS-AWIDAIFANA-N,-9.285
PTGS2,m07,mut_s1,detail,1,4,RKNSLLSUFWWYCA-UHFFFAOYNA-N,-9.487
PTGS2,m07,mut_s1,detail,1,5,OZFSIKFTRRUDES-RIYZIHGNNA-N,-7.112
PTGS2,m07,mut_s1,detail,1,6,AAGGUCRASUJPPN-UHFFFAOYNA-N,-8.186
PTGS2,m07,mut_s1,detail,1,7,OYHXDPMAFYHDNG-YAQRNVERNA-N,-8.008
PTGS2,m07,mut_s1,detail,1,8,AWILWAIEQYZUEQ-UHFFFAOYNA-N,-7.474
PTGS2,m07,mut_s1,detail,1,9,WSFAXHLMQUUHQT-VMPITWQZNA-N,-8.06
PTGS2,m07,mut_s1,detail,1,10,WPHMTVNOXKBZKN-UHFFFAOYNA-N,-6.751
PTGS2,m07,mut_s1,detail,1,11,LPEIZNODGHDCCW-UHFFFAOYNA-N,-6.368
PTGS2,m07,mut_s1,detail,1,12,QQHWWDVSRWOHEP-LILDFLRNNA-N,-9.143
PTGS2,m07,mut_s1,detail,1,13,UMEVSSPGBFVQNC-UHFFFAOYNA-N,-6.52
PTGS2,m07,mut_s1,detail,1,14,VZDIOEKWWZRNQN-UHFFFAOYNA-N,-9.182
PTGS2,m07,mut_s1,detail,1,15,JEVLDOUORFAHRS-NDKGDYFDNA-N,-7.798
PTGS2,m07,mut_s1,detail,1,16,NFTGJNJRMWUBPG-GPQMBLKYNA-N,-8.097
PTGS2,m07,mut_s1,detail,1,17,UMUUTEZBWGDVDA-UHFFFAOYNA-N,-8.033
PTGS2,m07,mut_s1,detail,1,18,VLQKEPLNPGYNDJ-HCKMINDGNA-N,-8.223
PTGS2,m07,mut_s1,detail,1,19,PPMVTAATPZLMJM-CDDDEJBQNA-N,-9.49
PTGS2,m07,mut_s1,detail,1,20,AHLYFAKLKLMESK-YAQRNVERNA-N,-7.061
PTGS2,m07,mut_s1,detail,1,21,GYEJYLAGVWRSIM-KGJHZMDYNA-N,-8.131
PTGS2,m07,mut_s1,detail,1,22,RXVALSLAUOIYLW-UHFFFAOYNA-N,-7.927
PTGS2,m07,mut_s1,detail,1,23,NSELYIFATLFDOZ-JLGFQASFNA-N,-8.941
PTGS2,m07,mut_s1,detail,1,24,COQFBYACOHFCEC-UHFFFAOYNA-N,-8.001
PTGS2,m07,mut_s1,detail,1,25,CJGJXFCLDYQBFQ-YJGXKCCXNA-N,-8.916
PTGS2,m07,mut_s1,detail,1,26,BWNGRRJLFYHENY-INIZCTEONA-N,-7.494
PTGS2,m07,mut_s1,detail,1,27,BNRFXWSJKVJVOF-UYBDAZJANA-N,-9.424
PTGS2,m07,mut_s1,detail,1,28,DMULMZBZVBBWBY-PJZINPJWNA-N,-8.459
PTGS2,m07,mut_s1,detail,1,29,AXLAIGJGNKHDPO-UHFFFAOYNA-N,-7.468
PTGS2,m07,mut_s1,detail,1,30,RKDGAONZEPYEBT-WXRBYKJCNA-N,-7.748
PTGS2,m07,mut_s1,detail,1,31,MBOYDUZSCSNUQL-MBBDSNKKNA-N,-7.889
PTGS2,m07,mut_s1,detail,1,32,KPVDBHRTXOFQDK-YAQRNVERNA-N,-6.878
PTGS2,m07,mut_s1,detail,1,33,LVCNFMYUKISBSB-VJSNTGQMNA-N,-7.895
PTGS2,m07,mut_s1,detail,1,34,XLAHCIRKLMJUQC-DZQCGVKKNA-N,-9.949
PTGS2,m07,mut_s1,detail,1,35,QNYHDABGLCBJOE-SHHGZXMVNA-N,-9.343
PTGS2,m07,mut_s1,detail,1,36,HEKNRISBWSPMOG-OWTLIXCDNA-N,-8.262
PTGS2,m07,mut_s1,detail,1,37,VIRNXCRLEVZXNX-LILDFLRNNA-N,-9.835
PTGS2,m07,mut_s1,detail,1,38,SRTGERSEXJGDMR-UHFFFAOYNA-N,-7.411
PTGS2,m07,mut_s1,detail,1,39,ZGMGSSRLZJYOKH-WXRBYKJCNA-N,-7.204
PTGS2,m07,mut_s1,detail,1,40,VGYFDFRFGHHCDA-CUTUCBJDNA-N,-10.026
PTGS2,m07,mut_s1,detail,1,41,DILPMLYWQJPNLO-HCKMINDGNA-N,-9.533
PTGS2,m07,mut_s1,detail,1,42,RSOODJIGEVJLMK-LQFNOIFHNA-N,-9.799
PTGS2,m07,mut_s1,detail,1,43,OWHHWMUAYBIQPR-UHFFFAOYNA-N,-9.698
PTGS2,m07,mut_s1,detail,1,44,KPIKMVZJKZDOFC-UHFFFAOYNA-N,-10.513
PTGS2,m07,mut_s1,detail,1,45,DIKDKRUREJXLMR-DPMTXJEANA-N,-9.781
PTGS2,m07,mut_s1,detail,1,46,QRVJDPKQHAVBDK-UYBDAZJANA-N,-8.297
PTGS2,m07,mut_s1,detail,1,47,SGBSFKSDPWOALT-UYBDAZJANA-N,-8.941
PTGS2,m07,mut_s1,detail,1,48,CYHFRNFVZWVHCG-OTJKMEOQNA-N,-9.336
PTGS2,m07,mut_s1,detail,1,49,MJUDQDHXCQONOA-MPIMZMORNA-N,-9.891
PTGS2,m07,mut_s1,detail,1,50,RNVYRNLUUYNQAS-PKSOQXRJNA-N,-8.982
PTGS2,m07,mut_s1,detail,1,51,DLZXOZYETDVJEB-QWOVJGMINA-N,-9.241
PTGS2,m07,mut_s1,detail,1,52,HSICVZRDGBJSEL-GPQMBLKYNA-N,-8.704
PTGS2,m07,mut_s1,detail,1,53,HMRUHHFLIMYEAF-QNGOCPJXNA-N,-7.541
PTGS2,m07,mut_s1,detail,1,54,ZZOWQPSBJUXHCA-YSPRVCGUNA-N,-9.172
PTGS2,m07,mut_s1,detail,1,55,WDDJLHOUFWSQSV-UHFFFAOYNA-N,-10.305
PTGS2,m07,mut_s1,detail,1,56,UKLIIGXGTPSYBF-IBCWCQIKNA-N,-8.564
PTGS2,m07,mut_s1,detail,1,57,LNPOBRXJZYGQMS-MOHJPFBDNA-N,-9.255
PTGS2,m07,mut_s1,detail,1,58,FYILBFPPKIZBTO-UHFFFAOYNA-N,-7.321
PTGS2,m07,mut_s1,detail,1,59,MIKIJFODTJGFDI-LILDFLRNNA-N,-8.727
PTGS2,m07,mut_s1,detail,1,60,RUWCNSLWWCWTSU-LILDFLRNNA-N,-9.661
PTGS2,m07,mut_s1,detail,1,61,KLQWCHKIQJHYIB-UHFFFAOYNA-N,-10.036
PTGS2,m07,mut_s1,detail,1,62,QKAWGENQCGFAOE-NPVYFSBINA-N,-8.862
PTGS2,m07,mut_s1,detail,1,63,KGOKCBRZBBEYBE-MMRXBHCZNA-N,-10.32
PTGS2,m07,mut_s1,detail,1,64,ROFRXCLSWKEWTN-UHFFFAOYNA-N,-8.073
PTGS2,m07,mut_s1,detail,1,65,AKRMJNKLSCBEME-FPYGCLRLNA-N,-8.083
PTGS2,m07,mut_s1,detail,1,66,LCGJUJZLLYTYIF-XMFFZCEENA-N,-9.28
PTGS2,m07,mut_s1,detail,1,67,FREQNFSEYLEFOI-QRCVEOAVNA-N,-8.822
PTGS2,m07,mut_s1,detail,1,68,MHMINAYLMNBGSM-UHFFFAOYNA-N,-7.461
PTGS2,m07,mut_s1,detail,1,69,SYMNTBHEGHFZMV-UHFFFAOYNA-N,-8.517
PTGS2,m07,mut_s1,detail,1,70,NNCRWGMPCGSKOO-LILDFLRNNA-N,-8.099
PTGS2,m07,mut_s1,detail,1,71,ZCRRNCCNJMRGFI-UHFFFAOYNA-N,-10.171
PTGS2,m07,mut_s1,detail,1,72,PYVZEIBGEUQNQQ-UHFFFAOYNA-N,-10.7
PTGS2,m07,mut_s1,detail,1,73,OROJQWVRCGJACT-XBTAAFKLNA-N,-9.829
PTGS2,m07,mut_s1,detail,1,74,TXYUWXKCUDOUGU-JLGFQASFNA-N,-8.355
PTGS2,m07,mut_s1,detail,1,75,LAZANALODSEDSE-UHFFFAOYNA-N,-8.542
PTGS2,m07,mut_s1,detail,1,76,RJXCYVJLXGRCHK-UHFFFAOYNA-N,-11.301
PTGS2,m07,mut_s1,detail,1,77,FUSKIBWHJAWEFI-IEJAXPBYNA-N,-8.887
PTGS2,m07,mut_s1,detail,1,78,SGWVLOCBQLQWQV-UHFFFAOYNA-N,-9.751
PTGS2,m07,mut_s1,detail,1,79,PPXRQTYXLZCDAZ-QWOVJGMINA-N,-10.078
PTGS2,m07,mut_s1,detail,1,80,DIFBADFWLVYFHV-LELJVTLKNA-N,-10.12
PTGS2,m07,mut_s1,detail,1,81,XREOSEVJCQGCHE-MHPMNMKGNA-N,-10.257
PTGS2,m07,mut_s1,detail,1,82,ZHGPKHBXSKWZEQ-UHFFFAOYNA-N,-9.911
PTGS2,m07,mut_s1,detail,1,83,ZFAYPJJNPSNAFK-UHFFFAOYNA-N,-9.99
PTGS2,m07,mut_s1,detail,1,84,LTXMRAGWIDQTQT-MYUTVWBTNA-N,-10.084
PTGS2,m07,mut_s1,detail,1,85,VXQHYHSSGLOALC-SPEPDGBUNA-N,-10.263
PTGS2,m07,mut_s1,detail,1,86,KWDSFRAWCISROF-PJQSKVNONA-N,-10.15
PTGS2,m07,mut_s1,detail,1,87,ZJZXSQPHUQUHIV-ZGZFQTMPNA-N,-9.841
PTGS2,m07,mut_s1,detail,1,88,UYHIVPBYFWVWEJ-UHFFFAOYNA-N,-9.05
PTGS2,m07,mut_s1,detail,1,89,PLEFJSUCKRWHBY-LNNLXFCONA-N,-10.706
PTGS2,m07,mut_s1,detail,1,90,DNSRQCRQLKJUCC-PDJAEHLQNA-N,-10.067
PTGS2,m07,mut_s1,detail,1,91,PHYKZCBUNVYJNH-YDBXFXKPNA-N,-8.229
PTGS2,m07,mut_s1,detail,1,92,OOUHZBUAVKCDGA-UHFFFAOYNA-N,-10.291
PTGS2,m07,mut_s1,detail,1,93,UUQDFZFJDFMLHW-UHFFFAOYNA-N,-9.079
PTGS2,m07,mut_s1,detail,1,94,OOUDDHNLDLLUOL-SKKVRFOWNA-N,-10.573
PTGS2,m07,mut_s1,detail,1,95,ZDMQSUAMTLXUTE-MPIMZMORNA-N,-10.041
PTGS2,m07,mut_s1,detail,1,96,NMPLPABDEKPABN-UHFFFAOYNA-N,-9.944
PTGS2,m07,mut_s1,detail,1,97,INZRHGSVWGRHBM-NPVYFSBINA-N,-10.483
PTGS2,m07,mut_s1,detail,1,98,RVGCWMKVTAEQIH-LNNLXFCONA-N,-10.237
PTGS2,m07,mut_s1,detail,1,99,VRXWKRQOVMZBAF-LJQANCHMNA-N,-8.138
PTGS2,m07,mut_s1,detail,1,100,QACLWOIBBYOHQP-UYBDAZJANA-N,-9.253
PTGS2,m07,mut_s1,detail,1,101,ZNXSZVFPCBIELQ-LNNLXFCONA-N,-9.054
PTGS2,m07,mut_s1,detail,1,102,GKMWCCNMKRSQHR-VEKUMTKDNA-N,-9.779
PTGS2,m07,mut_s1,detail,1,103,FFGUSRSMWFYKGK-SKKVRFOWNA-N,-9.755
PTGS2,m07,mut_s1,detail,1,104,KXBDDGKXLZBLOM-SPEPDGBUNA-N,-9.551
PTGS2,m07,mut_s1,detail,1,105,MIUWULAZCXYTJW-MSHHZIMBNA-N,-10.772
PTGS2,m07,mut_s1,detail,1,106,JPZOYWVRFLZCIC-NJNXFGOHNA-N,-11.026
PTGS2,m07,mut_s1,detail,1,107,FAIQTLBYDVKBAB-DVIAZDKANA-N,-9.598
PTGS2,m07,mut_s1,detail,1,108,APFLRZZAOXCNAZ-UHFFFAOYNA-N,-9.45
PTGS2,m07,mut_s1,detail,1,109,BSQLDSQTGOZBFD-UHFFFAOYNA-N,-9.757
PTGS2,m07,mut_s1,detail,1,110,ZVVCFJXCDATSCC-UHFFFAOYNA-N,-10.452
PTGS2,m07,mut_s1,detail,1,111,SKEQTXZATFWVMB-UYBDAZJANA-N,-8.125
PTGS2,m07,mut_s1,detail,1,112,IATWYRHDJKMBQK-MPIMZMORNA-N,-9.206
PTGS2,m07,mut_s1,detail,1,113,JPWOEQDCUZCWKT-MPIMZMORNA-N,-8.321
PTGS2,m07,mut_s1,detail,1,114,RYHSAXRBHDHPPK-PKSOQXRJNA-N,-8.83
PTGS2,m07,mut_s1,detail,1,115,GKKJWUFVZJJFPG-MPIMZMORNA-N,-9.702
PTGS2,m07,mut_s1,detail,1,116,FDNZXFDUCINVLY-BDGWVKIONA-N,-9.522
PTGS2,m07,mut_s1,detail,1,117,KTBYKHKWIFIFAK-UHFFFAOYNA-N,-11.419
PTGS2,m07,mut_s1,detail,1,118,ZRXZEWGUECXTTQ-LQFNOIFHNA-N,-9.944
PTGS2,m07,mut_s1,detail,1,119,XNACBBGLIAJNJM-PECIQRARNA-N,-9.305
PTGS2,m07,mut_s1,detail,1,120,WQZYYJRVBIQUGH-YWZOXAELNA-N,-9.181
PTGS2,m07,mut_s1,detail,1,121,ABMSRNRLDZVJFV-SWUIVHNENA-N,-10.122
PTGS2,m07,mut_s1,detail,1,122,ZEACBIUBSOLEGW-QAITUMOCNA-N,-11.705
PTGS2,m07,mut_s1,detail,1,123,UBFCDXVLKFOOGL-OKPOJWAQNA-N,-10.3
PTGS2,m07,mut_s1,detail,1,124,RRIHVAFUFDANEX-NSJMMFDCNA-N,-9.997
PTGS2,m07,mut_s1,detail,1,125,HASIAUWPWKTSBW-SREBMQDQNA-N,-10.23
PTGS2,m07,mut_s1,detail,1,126,WHBCKYHTCHCHAY-LQFNOIFHNA-N,-8.189
PTGS2,m07,mut_s1,detail,1,127,XMAYWYJOQHXEEK-JYFHCDHNNA-N,-10.256
PTGS2,m07,mut_s1,detail,1,128,TVKCFCZANTZCSU-OYRHEFFENA-N,-10.984
PTGS2,m07,mut_s1,detail,1,129,OJFIIUWPOHBVMH-LNNLXFCONA-N,-8.6
PTGS2,m07,mut_s1,detail,1,130,DKLZMGFTGWKNCD-DIRLUKLVNA-N,-10.708
PTGS2,m07,mut_s1,detail,1,131,PYSLGWZFRQWTDD-PWIKPTQSNA-N,-11.017
PTGS2,m07,mut_s1,detail,1,132,MWMBIUUYBQWKJX-QTUCRYGENA-N,-9.735
PTGS2,m07,mut_s1,detail,1,133,FLYQFCXTEFTSQN-UHFFFAOYNA-N,-9.704
PTGS2,m07,mut_s1,detail,1,134,PBIBDSDWIMZYDT-WBWGZOKWNA-N,-10.429
PTGS2,m07,mut_s1,detail,1,135,GSRWMFGBDLHGBU-YEFLILRRNA-N,-9.503
PTGS2,m07,mut_s1,detail,1,136,AYIJJQHMZAEQKE-QDAGQJSJNA-N,-8.928
PTGS2,m07,mut_s1,detail,1,137,JVWTZUKPDMRNDC-FSAKADSPNA-N,-10.369
PTGS2,m07,mut_s1,detail,1,138,XAZPLOLSRXZDBO-LBZABMTDNA-N,-8.023
PTGS2,m07,mut_s1,detail,1,139,RGWVFJBNHCWCTL-CFEGKOCINA-N,-9.962
PTGS2,m07,mut_s1,detail,1,140,YYWNRQZCPIMCAK-UHFFFAOYNA-N,-10.313
PTGS2,m07,mut_s1,detail,1,141,PBTZDKNKXRSZPM-XBXBPLPCNA-N,-10.527
PTGS2,m07,mut_s1,detail,1,142,QQPOIMHFFPBDQM-LELJVTLKNA-N,-8.98
PTGS2,m07,mut_s1,detail,1,143,NYFQURFFDGCBCB-MAQJPOOANA-N,-7.615
PTGS2,m07,mut_s1,detail,1,144,HXZVHWHABLBWBS-MTTPVDACNA-N,-10.637
PTGS2,m07,mut_s1,detail,1,145,IWYYSOJWYLZKLK-LELJVTLKNA-N,-9.098
PTGS2,m07,mut_s1,detail,1,146,HOGUCNPGZXMBGW-UHFFFAOYNA-N,-8.434
PTGS2,m07,mut_s1,detail,1,147,VITUDJAVASFPKN-DUFUIDNCNA-N,-9.658
PTGS2,m07,mut_s1,detail,1,148,IXAHDCRYEUYPBG-SCXYCHFONA-N,-11.379
PTGS2,m07,mut_s1,detail,1,149,JWHMEKMLAZQDNS-OZMOGHDGNA-N,-8.899
PTGS2,m07,mut_s1,detail,1,150,BZWNBTIJLRHNDZ-LBOYIXSDNA-N,-10.041
PTGS2,m07,mut_s1,detail,1,151,RECYROBESYRUML-UHFFFAOYNA-N,-7.618
PTGS2,m07,mut_s1,detail,1,152,MLDSJJJLQRZNKW-UHBIVWOUNA-N,-11.302
PTGS2,m07,mut_s1,detail,1,153,XTWIHJARHCYNFX-PHXLCVRDNA-N,-9.491
PTGS2,m07,mut_s1,detail,1,154,UQGFETVWTRDGKJ-UHFFFAOYNA-N,-9.956
PTGS2,m07,mut_s1,detail,1,155,VJFSMDWEMFOWDK-CYSPOYASNA-N,-9.466
PTGS2,m07,mut_s1,detail,1,156,NZYLXYBIWNIAGH-CYSPOYASNA-N,-10.56
PTGS2,m07,mut_s1,detail,1,157,ODXCWFOKLBJQNP-MPIMZMORNA-N,-9.139
PTGS2,m07,mut_s1,detail,1,158,FVDNMAPPDSKXKQ-UHFFFAOYNA-N,-11.509
PTGS2,m07,mut_s1,detail,1,159,DOPWMPRIRWTOOD-CCHPKIMANA-N,-11.352
