target,receptor,tag,mode,seed,k,inchikey,score
PTK2,wt,wt_s1,detail,1,0,IOEYSHPYQPFVLW-WZZIRTBGNA-N,-8.782
PTK2,wt,wt_s1,detail,1,1,KISKAILIUKCVIP-UHFFFAOYNA-N,-6.689
PTK2,wt,wt_s1,detail,1,2,YKFIUFSOZVLGEF-LILDFLRNNA-N,-7.505
PTK2,wt,wt_s1,detail,1,3,TYTJEFRFKUJPEU-UHFFFAOYNA-N,-8.192
PTK2,wt,wt_s1,detail,1,4,TYXDAJJVWKUJGI-CDZRGBSPNA-N,-7.88
PTK2,wt,wt_s1,detail,1,5,IYDIVTPTFGMDBE-UHFFFAOYNA-N,-7.837
PTK2,wt,wt_s1,detail,1,6,LVPPIRFSXIVDCQ-VQHVLOKHNA-N,-7.361
PTK2,wt,wt_s1,detail,1,7,KFWWSDHUPLWRKI-UHFFFAOYNA-N,-8.932
PTK2,wt,wt_s1,detail,1,8,BJHGDBMVHPNALY-YHMJCDSINA-N,-8.108
PTK2,wt,wt_s1,detail,1,9,ODZBBRURCPAEIQ-OASTWBFDNA-N,-6.795
PTK2,wt,wt_s1,detail,1,10,DNYBCGCBUCDEBB-GPQMBLKYNA-N,-8.012
PTK2,wt,wt_s1,detail,1,11,ODTXBYCYUFDWFS-BQYQJAHWNA-N,-6.875
PTK2,wt,wt_s1,detail,1,12,MLMSWRFVLJZNRV-NPVYFSBINA-N,-7.396
PTK2,wt,wt_s1,detail,1,13,YFQNZICTOUKIHD-UHFFFAOYNA-N,-8.725
PTK2,wt,wt_s1,detail,1,14,YWSKAQWSPONVPP-YHMJCDSINA-N,-6.972
PTK2,wt,wt_s1,detail,1,15,FUJBJSOIYVUFSM-DLGLGFIGNA-N,-7.556
PTK2,wt,wt_s1,detail,1,16,CZCAYAUDGHEBQB-UHFFFAOYNA-N,-6.015
PTK2,wt,wt_s1,detail,1,17,LQDMSIRJQBCAGP-UHFFFAOYNA-N,-6.111
PTK2,wt,wt_s1,detail,1,18,DPYXTTMTEAYPOR-UHFFFAOYNA-N,-6.892
PTK2,wt,wt_s1,detail,1,19,ASFLQPSNVCRBOH-UHFFFAOYNA-N,-8.204
PTK2,wt,wt_s1,detail,1,20,KZYALRXGZUUWDD-GTTYORLTNA-N,-6.792
PTK2,wt,wt_s1,detail,1,21,NUTSQHHREHYTAX-PKSOQXRJNA-N,-8.8
PTK2,wt,wt_s1,detail,1,22,GUDLXTFNNCOYNM-UHFFFAOYNA-N,-6.198
PTK2,wt,wt_s1,detail,1,23,BQUGPEQAOGLWFX-HVXXBKQBNA-N,-7.055
PTK2,wt,wt_s1,detail,1,24,XPVZKRRTCHLFRZ-GPQMBLKYNA-N,-8.228
PTK2,wt,wt_s1,detail,1,25,WLKKJQVIXAMEEF-GPQMBLKYNA-N,-7.486
PTK2,wt,wt_s1,detail,1,26,IJOUNEKMVDGTBS-UHFFFAOYNA-N,-8.378
PTK2,wt,wt_s1,detail,1,27,ZIVNUWICSJWDPM-UHFFFAOYNA-N,-7.775
PTK2,wt,wt_s1,detail,1,28,QCHKAZVPUNGJKS-JLOFHYGUNA-N,-7.621
PTK2,wt,wt_s1,detail,1,29,OBZIQQJJIKNWNO-UHFFFAOYNA-N,-5.588
PTK2,wt,wt_s1,detail,1,30,SKYBQLOFXJZRTN-UHFFFAOYNA-N,-6.861
PTK2,wt,wt_s1,detail,1,31,MCFVPJFLLJZVMJ-CMLSCEPHNA-N,-7.035
PTK2,wt,wt_s1,detail,1,32,GBSDYRSNVCORPF-JJEHQABKNA-N,-7.902
PTK2,wt,wt_s1,detail,1,33,OFMKKSBAKSDTKO-UHFFFAOYNA-N,-6.621
PTK2,wt,wt_s1,detail,1,34,CJBYLTVVRIPQAN-HOCLYGCPNA-N,-7.631
PTK2,wt,wt_s1,detail,1,35,HDYUIMHCGQNIMV-LILDFLRNNA-N,-9.08
PTK2,wt,wt_s1,detail,1,36,ICJZSDARRFSAJS-ZRHHXPTGNA-N,-7.382
PTK2,wt,wt_s1,detail,1,37,AIPXFBGCADYFMV-VEWCPZSHNA-N,-8.021
PTK2,wt,wt_s1,detail,1,38,GPCWYPVIFBLEET-UHFFFAOYNA-N,-7.448
PTK2,wt,wt_s1,detail,1,39,QWIUSZJTTPRTFQ-UHFFFAOYNA-N,-8.224
PTK2,wt,wt_s1,detail,1,40,MAPKZZFZZACUDG-UHFFFAOYNA-N,-6.849
PTK2,wt,wt_s1,detail,1,41,CESCXFZYHYMYGN-SPRAGNMINA-N,-6.785
PTK2,wt,wt_s1,detail,1,42,BNCSDXOYJVYYGP-UHFFFAOYNA-N,-7.565
PTK2,wt,wt_s1,detail,1,43,ZGPKQJAKEQZFLZ-UHFFFAOYNA-N,-7.626
PTK2,wt,wt_s1,detail,1,44,OHPBVIYSDIHFKK-LUXCBXFANA-N,-7.251
PTK2,wt,wt_s1,detail,1,45,BYYMILHAKOURNM-YHMJCDSINA-N,-6.054
PTK2,wt,wt_s1,detail,1,46,YTWHBYPYZLSPLQ-UHFFFAOYNA-N,-8.245
PTK2,wt,wt_s1,detail,1,47,MMXGXIVVWSANMS-ZYCJFAKPNA-N,-8.105
PTK2,wt,wt_s1,detail,1,48,RTBVWPVXLVPYGF-UHFFFAOYNA-N,-7.977
PTK2,wt,wt_s1,detail,1,49,NLENUXQYGCDSNE-YSFRZULJNA-N,-8.242
PTK2,wt,wt_s1,detail,1,50,OXAJWSLXTCIFFP-WXRBYKJCNA-N,-6.242
PTK2,wt,wt_s1,detail,1,51,GJDNHSKMTWUSHC-WYUMXYHSNA-N,-7.173
PTK2,wt,wt_s1,detail,1,52,OSBGPHZLIBZPGJ-NLMIROKBNA-N,-6.932
PTK2,wt,wt_s1,detail,1,53,AISUMVRDEXUUBA-YGPBECBDNA-N,-8.401
PTK2,wt,wt_s1,detail,1,54,KLWXBHSHSIBXJA-WYUMXYHSNA-N,-7.631
PTK2,wt,wt_s1,detail,1,55,MWMWFASTTPZIJX-LUXCBXFANA-N,-6.783
PTK2,wt,wt_s1,detail,1,56,RJTAILIIHYBAPJ-UHFFFAOYNA-N,-5.822
PTK2,wt,wt_s1,detail,1,57,VFAQKHZBOKAOSQ-UKTHLTGXNA-N,-7.44
PTK2,wt,wt_s1,detail,1,58,YLUKCEIRYXNIJA-HCKMINDGNA-N,-7.716
PTK2,wt,wt_s1,detail,1,59,ICKPGBPIOPGQTC-ZLGIYAABNA-N,-8.043
PTK2,wt,wt_s1,detail,1,60,LTYXRKCXVDROIY-RVQYIEHVNA-N,-7.197
PTK2,wt,wt_s1,detail,1,61,QWHFPWNHELQSDQ-DZQCGVKKNA-N,-8.871
PTK2,wt,wt_s1,detail,1,62,MVTATEZHUZEZCK-UYBDAZJANA-N,-7.595
PTK2,wt,wt_s1,detail,1,63,GDRUXNLFXUVALW-YHMJCDSINA-N,-6.998
PTK2,wt,wt_s1,detail,1,64,IXWJKTRPHYKVFW-XFDRBGHPNA-N,-7.941
PTK2,wt,wt_s1,detail,1,65,RGHANNJVNFHOMO-PKSOQXRJNA-N,-8.132
PTK2,wt,wt_s1,detail,1,66,VWKMEDUACYWLSV-UYBDAZJANA-N,-8.766
PTK2,wt,wt_s1,detail,1,67,IUKOSEPLJGRTJW-QWOVJGMINA-N,-6.967
PTK2,wt,wt_s1,detail,1,68,FVNOYPBUEJMUJE-UYBDAZJANA-N,-8.47
PTK2,wt,wt_s1,detail,1,69,PHEJGIHBLBFCLD-WAVQYLLINA-N,-9.121
PTK2,wt,wt_s1,detail,1,70,YAPUUUKLOXTMRU-HCKMINDGNA-N,-7.538
PTK2,wt,wt_s1,detail,1,71,NTYXBURNBUVSBD-QWOVJGMINA-N,-8.262
PTK2,wt,wt_s1,detail,1,72,MELKZDAJKCQHEJ-UHFFFAOYNA-N,-7.351
PTK2,wt,wt_s1,detail,1,73,PTOCRBNMWIXUJH-YHMJCDSINA-N,-7.38
PTK2,wt,wt_s1,detail,1,74,POLODSDKFZPSMC-LILDFLRNNA-N,-8.058
PTK2,wt,wt_s1,detail,1,75,JHSMZFWFBBVUDZ-UHFFFAOYNA-N,-8.327
PTK2,wt,wt_s1,detail,1,76,VMNYXYDPHKHXOJ-HCKMINDGNA-N,-7.416
PTK2,wt,wt_s1,detail,1,77,GYGFWUNSKKZJNC-UHFFFAOYNA-N,-7.13
PTK2,wt,wt_s1,detail,1,78,DNIJCXVBKOHALG-IDQLRGLVNA-N,-7.431
PTK2,wt,wt_s1,detail,1,79,GBGJFVRPQGILNH-JLGFQASFNA-N,-7.889
PTK2,wt,wt_s1,detail,1,80,OGYLVZMARUPAHP-BDGWVKIONA-N,-8.195
PTK2,wt,wt_s1,detail,1,81,CGNRLGKHPYEVRU-UYBDAZJANA-N,-8.927
PTK2,wt,wt_s1,detail,1,82,QDBCQJCQGPPNHU-UHFFFAOYNA-N,-8.212
PTK2,wt,wt_s1,detail,1,83,NDDXLFAARQEPKC-UHFFFAOYNA-N,-8.315
PTK2,wt,wt_s1,detail,1,84,XHMFDOIXIIEIIC-UHFFFAOYNA-N,-7.851
PTK2,wt,wt_s1,detail,1,85,AGLMSXHTTUWGMJ-PKSOQXRJNA-N,-8.741
PTK2,wt,wt_s1,detail,1,86,ZXPAKNNNSOJNPO-UHFFFAOYNA-N,-7.539
PTK2,wt,wt_s1,detail,1,87,IHQNHWIJVRBCJV-UHFFFAOYNA-N,-9.225
PTK2,wt,wt_s1,detail,1,88,RMKFZACOOVWLAE-GGEHTAOSNA-N,-8.679
PTK2,wt,wt_s1,detail,1,89,DYSOMJVQHUQQEB-UHFFFAOYNA-N,-9.711
PTK2,wt,wt_s1,detail,1,90,NOCFDFQYZHBTNN-UHFFFAOYNA-N,-6.952
PTK2,wt,wt_s1,detail,1,91,SPVWQKGFZYAZQL-UHFFFAOYNA-N,-8.697
PTK2,wt,wt_s1,detail,1,92,DMXNRKKYFNEWPP-DMNNQDHHNA-N,-8.359
PTK2,wt,wt_s1,detail,1,93,RCJPJXXLZLDCKI-PKSOQXRJNA-N,-7.654
PTK2,wt,wt_s1,detail,1,94,KGTHCGXLPNILHR-UHFFFAOYNA-N,-8.324
PTK2,wt,wt_s1,detail,1,95,NWWYETOECIPWOT-CYHZHTKENA-N,-8.392
PTK2,wt,wt_s1,detail,1,96,NTSJGFMDUAVRPY-UHFFFAOYNA-N,-8.211
PTK2,wt,wt_s1,detail,1,97,SBVPMOUWJBOMKA-JTVQLVGJNA-O,-7.499
PTK2,wt,wt_s1,detail,1,98,LDNHSKULSWUSNY-UHFFFAOYNA-N,-8.587
PTK2,wt,wt_s1,detail,1,99,ASAZLTYOWNNDLD-UHFFFAOYNA-N,-7.426
PTK2,wt,wt_s1,detail,1,100,XRTRVAKJWCIIMD-UHFFFAOYNA-N,-7.039
PTK2,wt,wt_s1,detail,1,101,ZLTWUZJNYQVQEJ-UYBDAZJANA-N,-8.324
PTK2,wt,wt_s1,detail,1,102,DEYFWGXTPWNADC-UHFFFAOYNA-N,-8.561
PTK2,wt,wt_s1,detail,1,103,RHQFMXUIKVEHFK-MPIMZMORNA-N,-8.09
PTK2,wt,wt_s1,detail,1,104,DRDGAKFCORUZED-LILDFLRNNA-N,-7.78
PTK2,wt,wt_s1,detail,1,105,LQZNOWQYGFIKRM-HVXXBKQBNA-N,-7.527
PTK2,wt,wt_s1,detail,1,106,QJNYENHUMXSMRP-UHFFFAOYNA-N,-8.447
PTK2,wt,wt_s1,detail,1,107,LQILAXPPHLDIFO-NPVYFSBINA-N,-7.222
PTK2,wt,wt_s1,detail,1,108,KACOTQQTSDQWNO-UHFFFAOYNA-N,-8.225
PTK2,wt,wt_s1,detail,1,109,QLEMXKCIAQLFMM-UHFFFAOYNA-N,-8.521
PTK2,wt,wt_s1,detail,1,110,BHLVHZWLMVLRIX-LILDFLRNNA-N,-6.891
PTK2,wt,wt_s1,detail,1,111,IJNMKCHEXHHJKS-GPQMBLKYNA-N,-7.291
PTK2,wt,wt_s1,detail,1,112,LIBKCWSTNJMFGU-BDGWVKIONA-N,-8.593
PTK2,wt,wt_s1,detail,1,113,AJJBBFYAASSTLA-XOFPBXMJNA-N,-7.999
PTK2,wt,wt_s1,detail,1,114,IAIOYYRVPMGOSB-PKSOQXRJNA-N,-9.275
PTK2,wt,wt_s1,detail,1,115,CFYPAIWQFFEAEL-UHFFFAOYNA-N,-8.383
PTK2,wt,wt_s1,detail,1,116,VYJSEMNZGPEKAE-QWOVJGMINA-N,-8.899
PTK2,wt,wt_s1,detail,1,117,GATJUUWXCJCVEK-GPQMBLKYNA-N,-7.466
PTK2,wt,wt_s1,detail,1,118,ISQNQSRGAXUFGW-UHFFFAOYNA-N,-7.205
PTK2,wt,wt_s1,detail,1,119,MCVMARUOYHWORW-UHFFFAOYNA-N,-9.041
PTK2,wt,wt_s1,detail,1,120,LQMFCWRONUNRTP-FWKJIXDGNA-N,-8.087
PTK2,wt,wt_s1,detail,1,121,HJWFQDWOWDPIBE-HPHMPNDVNA-N,-6.595
PTK2,wt,wt_s1,detail,1,122,OSJCPZAKZHSNDS-UHFFFAOYNA-N,-8.256
PTK2,wt,wt_s1,detail,1,123,OPLHOPJAFJJLPX-HNNXBMFYNA-N,-9.274
PTK2,wt,wt_s1,detail,1,124,DZQRHJBYIOEZHV-PKSOQXRJNA-N,-8.267
PTK2,wt,wt_s1,detail,1,125,ZCFXIPSPKDGCHW-HSJCKIQZNA-N,-7.634
PTK2,wt,wt_s1,detail,1,126,BVGKQXNISGPHHP-UYBDAZJANA-N,-7.691
PTK2,wt,wt_s1,detail,1,127,WWGWJOHBDMYLBT-PKSOQXRJNA-N,-7.206
PTK2,wt,wt_s1,detail,1,128,JGDGIOMUQREIHP-BATSNZJTNA-N,-7.238
PTK2,wt,wt_s1,detail,1,129,LJDDSNOWUABFAP-HPRFPMAVNA-N,-7.662
PTK2,wt,wt_s1,detail,1,130,MBDOYHYQUXBBFT-UHFFFAOYNA-N,-9.299
PTK2,wt,wt_s1,detail,1,131,AGJUEHKKCLPMSY-LQFNOIFHNA-N,-8.415
PTK2,wt,wt_s1,detail,1,132,UMCUVZSSUIPNCL-BEMXBZHGNA-N,-8.633
PTK2,wt,wt_s1,detail,1,133,NKZFBKUWUIWQEM-LNNLXFCONA-N,-8.911
PTK2,wt,wt_s1,detail,1,134,GQNKLNZBZDEAMD-VQHCSMNLNA-N,-9.918
PTK2,wt,wt_s1,detail,1,135,UZNJTHHFIAFJGO-LQFNOIFHNA-N,-8.146
PTK2,wt,wt_s1,detail,1,136,LAFAEGAOHGJFCB-UHFFFAOYNA-N,-7.574
PTK2,wt,wt_s1,detail,1,137,QVHZVCDVVJVJRX-LNNLXFCONA-N,-7.882
PTK2,wt,wt_s1,detail,1,138,MWRHMRJPYFQMSQ-LNNLXFCONA-N,-8.529
PTK2,wt,wt_s1,detail,1,139,GCAQZYOXIVYDMN-PKSOQXRJNA-N,-7.625
PTK2,wt,wt_s1,detail,1,140,YJGPQCADKRAQFX-ZSDIGFPLNA-N,-8.607
PTK2,wt,wt_s1,detail,1,141,UZYMAWCMCCVCOW-BUKGPZPNNA-N,-7.552
PTK2,wt,wt_s1,detail,1,142,ZWSLJIFYDPKRSQ-XBXBPLPCNA-N,-9.841
PTK2,wt,wt_s1,detail,1,143,IJNTWIFESBAWCT-QWOVJGMINA-N,-9.626
PTK2,wt,wt_s1,detail,1,144,CXIYFBKPJSQXDU-WDUJWNCGNA-N,-8.984
PTK2,wt,wt_s1,detail,1,145,HWJNHVLCTGREAL-MPIMZMORNA-N,-7.654
PTK2,wt,wt_s1,detail,1,146,LHOSZRWWPIJINL-OLZOCXBDNA-N,-8.456
PTK2,wt,wt_s1,detail,1,147,DTEYRIFHHIHDHU-UHFFFAOYNA-N,-7.516
PTK2,wt,wt_s1,detail,1,148,NJZCVKDKMNRXTG-UHFFFAOYNA-N,-7.468
PTK2,wt,wt_s1,detail,1,149,NACLGLYMVLABDU-LNNLXFCONA-N,-8.522
PTK2,wt,wt_s1,detail,1,150,IDINUJSAMVOPCM-CNZJLSFANA-N,-5.468
PTK2,wt,wt_s1,detail,1,151,PGBPNHAAMLZTQB-LQFNOIFHNA-N,-7.334
PTK2,wt,wt_s1,detail,1,152,BCTINLARZZWKRE-MPIMZMORNA-N,-7.721
PTK2,wt,wt_s1,detail,1,153,JURXDQRYEGNLBW-LQFNOIFHNA-N,-7.869
PTK2,wt,wt_s1,detail,1,154,FBPQELGZQDQSII-LELJVTLKNA-N,-9.008
PTK2,wt,wt_s1,detail,1,155,ADBHXWFSFPPXEX-BDGWVKIONA-N,-8.095
PTK2,wt,wt_s1,detail,1,156,YUGZHQHSNYIFLG-KYSDGFAFNA-N,-7.587
PTK2,wt,wt_s1,detail,1,157,ZNDSONVEXMWLSF-QWOVJGMINA-N,-8.96
PTK2,wt,wt_s1,detail,1,158,QWCQVNIBTYLOHK-ZGZFQTMPNA-N,-9.619
PTK2,wt,wt_s1,detail,1,159,BELUGELSHVLAOZ-UHFFFAOYNA-N,-9.303
PTK2,wt,wt_s1,detail,1,160,HILDYDZVQRXXOI-LQFNOIFHNA-N,-8.367
PTK2,wt,wt_s1,detail,1,161,PTIIXGUDALPUPA-QWOVJGMINA-N,-8.22
PTK2,wt,wt_s1,detail,1,162,YWGOPEGGEGNDLS-UHFFFAOYNA-N,-6.735
PTK2,wt,wt_s1,detail,1,163,HXTQSKXJHJDGCP-UHFFFAOYNA-N,-8.453
PTK2,wt,wt_s1,detail,1,164,QMJHGNGJQQDHLD-PWIKPTQSNA-N,-8.049
PTK2,wt,wt_s1,detail,1,165,QZJYCFURESLRJX-UHFFFAOYNA-N,-7.754
PTK2,wt,wt_s1,detail,1,166,PDXQTFKIABMOFL-PDJAEHLQNA-N,-8.591
PTK2,wt,wt_s1,detail,1,167,REJJFCJYMVTFDN-PKRZOPRNNA-N,-8.793
PTK2,wt,wt_s1,detail,1,168,XGCSEQRDRFMGIU-LQFNOIFHNA-N,-7.964
PTK2,wt,wt_s1,detail,1,169,JJGWOCRPVQWXQG-ADQRUKDLNA-N,-7.792
PTK2,wt,wt_s1,detail,1,170,GEOCCLDMHBSVOL-UCDLDMSTNA-N,-8.402
PTK2,wt,wt_s1,detail,1,171,SMRGDRXOPYCHTR-SWUIVHNENA-N,-9.54
PTK2,wt,wt_s1,detail,1,172,RVFKUHZRUWXOIN-UHFFFAOYNA-N,-8.418
PTK2,wt,wt_s1,detail,1,173,BCXKIFJJJGSVDX-DXAUXPAJNA-N,-9.777
PTK2,wt,wt_s1,detail,1,174,WMPTUJZAWOBWLG-CMJFTGLXNA-N,-7.662
PTK2,wt,wt_s1,detail,1,175,ADAXUYSMOAZWKV-XBTAAFKLNA-N,-9.805
PTK2,wt,wt_s1,detail,1,176,QYOZNVCKISSENR-MRXNPFEDNA-N,-7.65
PTK2,wt,wt_s1,detail,1,177,XPINCFKWHIFHMC-WXFUMESZNA-N,-8.707
PTK2,wt,wt_s1,detail,1,178,ZGSQEILYEFGFIF-UHFFFAOYNA-N,-9.98
PTK2,wt,wt_s1,detail,1,179,CKRUVOWUUADMOW-LNNLXFCONA-N,-9.845
PTK2,wt,wt_s1,detail,1,180,QGZIKUYIROAFSE-QWOVJGMINA-N,-6.689
PTK2,wt,wt_s1,detail,1,181,KOFXCNSHSJISSQ-QWOVJGMINA-N,-9.402
PTK2,wt,wt_s1,detail,1,182,DCRJFLHNZRDYMM-UHFFFAOYNA-N,-9.162
PTK2,wt,wt_s1,detail,1,183,LIRCDOVJWUGTMW-IOQNOLELNA-N,-7.8
PTK2,wt,wt_s1,detail,1,184,FWYQXRWQFDPBIS-UHFFFAOYNA-N,-7.821
PTK2,wt,wt_s1,detail,1,185,LJRBIPYUCLSKJK-DVIAZDKANA-N,-8.208
PTK2,wt,wt_s1,detail,1,186,BSIVILSRVBLGQR-UHFFFAOYNA-N,-8.209
PTK2,wt,wt_s1,detail,1,187,DNDLSAMFYFNHBR-MPIMZMORNA-N,-7.962
PTK2,wt,wt_s1,detail,1,188,VFPJNRIWJIXUCK-UHFFFAOYNA-N,-8.624
PTK2,wt,wt_s1,detail,1,189,ZSYGHBADRJNZOU-UXUKNDFSNA-N,-9.243
PTK2,wt,wt_s1,detail,1,190,XQDLITNOVPCUMD-MPIMZMORNA-N,-9.131
PTK2,wt,wt_s1,detail,1,191,UCSBKUKETUKSSX-ZFJUVRDGNA-N,-8.733
PTK2,wt,wt_s1,detail,1,192,NZATZZGINMWOIA-QWOVJGMINA-N,-8.262
PTK2,wt,wt_s1,detail,1,193,PMGLUWPDZIVUOU-BKTFGIEZNA-N,-7.797
PTK2,wt,wt_s1,detail,1,194,QTYJLSSXENXPIA-XYULLFFJNA-N,-8.697
PTK2,wt,wt_s1,detail,1,195,ZDNRYSVLOMAJEZ-HZCBDIJENA-N,-9.382
PTK2,wt,wt_s1,detail,1,196,DPXQIUFPULXIFR-YETNDYBYNA-N,-7.811
PTK2,wt,wt_s1,detail,1,197,JEUQHZZAJFLFGO-MTTPVDACNA-N,-9.26
PTK2,wt,wt_s1,detail,1,198,ZWTFULMWPLLWNJ-UQMRZGFWNA-N,-9.599
PTK2,wt,wt_s1,detail,1,199,KDLLVDABAMKMLD-MJHPXVFFNA-N,-9.307
PTK2,wt,wt_s1,detail,1,200,CFYCLLUGGRSIQV-SPEPDGBUNA-N,-9.435
PTK2,wt,wt_s1,detail,1,201,CEZXHQCRLXZSBQ-IOZBVXGWNA-N,-6.952
PTK2,wt,wt_s1,detail,1,202,NOORAIXTPJNFDH-LAEBNAIWNA-N,-9.58
PTK2,wt,wt_s1,detail,1,203,VBFOTEWTMOETMO-PECIQRARNA-N,-7.545
PTK2,wt,wt_s1,detail,1,204,QLDHAZGAAUZOIP-LELJVTLKNA-N,-7.94
PTK2,wt,wt_s1,detail,1,205,ULIWBOHRWMGXPR-UHFFFAOYNA-N,-7.902
PTK2,wt,wt_s1,detail,1,206,CQRFGBFTRUHNJZ-LKHHGCNMNA-N,-8.37
PTK2,wt,wt_s1,detail,1,207,TVOUXLLNJXDHQR-MHZLTWQENA-N,-7.552
PTK2,wt,wt_s1,detail,1,208,MDSZUHOJNMNHJP-XBXBPLPCNA-N,-8.832
PTK2,wt,wt_s1,detail,1,209,GSKUSCWGMPZHKN-UHFFFAOYNA-N,-7.937
PTK2,wt,wt_s1,detail,1,210,LLUVDTDYDBDPFM-LBOYIXSDNA-N,-8.453
PTK2,wt,wt_s1,detail,1,211,CJPGWGLZKUWPFH-PWIKPTQSNA-N,-8.869
PTK2,wt,wt_s1,detail,1,212,MZLKAOWOIKALKR-LBOYIXSDNA-N,-8.905
PTK2,wt,wt_s1,detail,1,213,LYSAYZQUELVCGD-PJQSKVNONA-N,-7.121
PTK2,wt,wt_s1,detail,1,214,JBNMTQSSQCWSDW-NVENJYFMNA-N,-9.666
PTK2,wt,wt_s1,detail,1,215,CJAAXOOTFVSSKN-LKHHGCNMNA-N,-7.48
PTK2,wt,wt_s1,detail,1,216,WAVBTKPDIZFGSX-VJSLDGLSNA-N,-9.306
PTK2,wt,wt_s1,detail,1,217,FAYAHNACYAINBY-HRNBZBKQNA-N,-8.681
PTK2,wt,wt_s1,detail,1,218,ZHTJPKSSWTVTNA-PKRZOPRNNA-N,-7.869
PTK2,wt,wt_s1,detail,1,219,QRBHMNKXVMROIF-UHFFFAOYNA-N,-9.155
PTK2,wt,wt_s1,detail,1,220,BBDHNYKAQBEFTI-YSGSGMNWNA-N,-7.588
PTK2,wt,wt_s1,detail,1,221,PABHZRMPKXHYHB-MCITUVFDNA-N,-9.007
PTK2,wt,wt_s1,detail,1,222,BUEIPNNFYVCFLC-LELJVTLKNA-N,-8.618
PTK2,wt,wt_s1,detail,1,223,KKUNUMXHGLIOMX-WUSLAWIHNA-N,-9.179
PTK2,wt,wt_s1,detail,1,224,YGYOXSDMMNBVMH-PKRZOPRNNA-N,-9.849
PTK2,wt,wt_s1,detail,1,225,XRSGABXRLAWEDU-LQFNOIFHNA-N,-8.277
PTK2,wt,wt_s1,detail,1,226,AOTIBSKKXZHYRO-SPEPDGBUNA-N,-7.884
PTK2,wt,wt_s1,detail,1,227,RULOOZJTFYDVKV-LBOYIXSDNA-N,-8.264
PTK2,wt,wt_s1,detail,1,228,MFAMCZQOBFOTPV-LELJVTLKNA-N,-8.585
PTK2,wt,wt_s1,detail,1,229,RZBTZDHWOMTELG-UHFFFAOYNA-N,-8.56
PTK2,wt,wt_s1,detail,1,230,YBQSBCXVFMWVGY-UHFFFAOYNA-N,-8.926
PTK2,wt,wt_s1,detail,1,231,MFEDJQGOERVAHD-HXTKINSTNA-N,-7.43
PTK2,wt,wt_s1,detail,1,232,XGDJUMSXIASBOC-RGVBFFNGNA-N,-9.513
PTK2,wt,wt_s1,detail,1,233,INZVCQWDAXDGMY-UHFFFAOYNA-N,-9.091
PTK2,wt,wt_s1,detail,1,234,VSMNBGANRJLEFT-PECIQRARNA-N,-9.147
PTK2,wt,wt_s1,detail,1,235,VQPURKBPWWQWLN-MRPQGQGYNA-N,-7.335
PTK2,wt,wt_s1,detail,1,236,ITBJAHYMMJZDJN-ZCKBFCLLNA-N,-9.599
PTK2,wt,wt_s1,detail,1,237,GZXBKKWNTBGEDG-PLJOYGPPNA-N,-8.591
PTK2,wt,wt_s1,detail,1,238,GJSOSYVBARIGQO-XBBDFPCNNA-N,-9.888
PTK2,wt,wt_s1,detail,1,239,YWVDGPKULXWYMH-LELJVTLKNA-N,-8.24
PTK2,wt,wt_s1,detail,1,240,DTDCDTSLQAMFQK-PDIVMOMKNA-N,-8.444
PTK2,wt,wt_s1,detail,1,241,ZORDGSDKVXISJV-PKRZOPRNNA-N,-7.715
PTK2,wt,wt_s1,detail,1,242,GTWOAPKUQRYITB-UHFFFAOYNA-N,-10.178
PTK2,wt,wt_s1,detail,1,243,JPUJBYBHHWKSTD-LNNLXFCONA-N,-10.068
PTK2,wt,wt_s1,detail,1,244,PQVHRPXGPBDRRS-LBOYIXSDNA-N,-9.338
PTK2,wt,wt_s1,detail,1,245,JHPUSZOXXQWTST-OKPOJWAQNA-N,-7.94
PTK2,wt,wt_s1,detail,1,246,OWGZIGCUDXOZOS-OWVQZIOCNA-N,-8.768
PTK2,wt,wt_s1,detail,1,247,JUXPFZBFGMXKKR-JFRSHOPRNA-N,-7.287
PTK2,wt,wt_s1,detail,1,248,BWFZLXWRZDSPHK-DYDYTOMVNA-N,-11.209
PTK2,wt,wt_s1,detail,1,249,YQSOGHJBHORMOX-SPEPDGBUNA-N,-8.898
PTK2,wt,wt_s1,detail,1,250,ROFAQOFULLWONA-BBANKYPNNA-N,-7.234
PTK2,wt,wt_s1,detail,1,251,IHGDBIIOKIOQQL-OKPOJWAQNA-N,-8.421
PTK2,wt,wt_s1,detail,1,252,FAYBFUQTMGBOTD-UHFFFAOYNA-N,-8.886
PTK2,wt,wt_s1,detail,1,253,FOYYZIJHMVRFNR-IQICYJEPNA-N,-8.801
PTK2,wt,wt_s1,detail,1,254,MZNKKEVLKPDMRG-ZTQHEBCPNA-N,-9.748
PTK2,wt,wt_s1,detail,1,255,XKUVGAVISPKRJG-IBPUNKHUNA-N,-7.708
PTK2,wt,wt_s2,detail,2,0,IOEYSHPYQPFVLW-WZZIRTBGNA-N,-8.596
PTK2,wt,wt_s2,detail,2,1,KISKAILIUKCVIP-UHFFFAOYNA-N,-6.66
PTK2,wt,wt_s2,detail,2,2,YKFIUFSOZVLGEF-LILDFLRNNA-N,-7.604
PTK2,wt,wt_s2,detail,2,3,TYTJEFRFKUJPEU-UHFFFAOYNA-N,-7.765
PTK2,wt,wt_s2,detail,2,4,TYXDAJJVWKUJGI-CDZRGBSPNA-N,-7.899
PTK2,wt,wt_s2,detail,2,5,IYDIVTPTFGMDBE-UHFFFAOYNA-N,-7.912
PTK2,wt,wt_s2,detail,2,6,LVPPIRFSXIVDCQ-VQHVLOKHNA-N,-7.328
PTK2,wt,wt_s2,detail,2,7,KFWWSDHUPLWRKI-UHFFFAOYNA-N,-8.859
PTK2,wt,wt_s2,detail,2,8,BJHGDBMVHPNALY-YHMJCDSINA-N,-8.188
PTK2,wt,wt_s2,detail,2,9,ODZBBRURCPAEIQ-OASTWBFDNA-N,-6.761
PTK2,wt,wt_s2,detail,2,10,DNYBCGCBUCDEBB-GPQMBLKYNA-N,-7.73
PTK2,wt,wt_s2,detail,2,11,ODTXBYCYUFDWFS-BQYQJAHWNA-N,-6.835
PTK2,wt,wt_s2,detail,2,12,MLMSWRFVLJZNRV-NPVYFSBINA-N,-7.364
PTK2,wt,wt_s2,detail,2,13,YFQNZICTOUKIHD-UHFFFAOYNA-N,-8.759
PTK2,wt,wt_s2,detail,2,14,YWSKAQWSPONVPP-YHMJCDSINA-N,-6.974
PTK2,wt,wt_s2,detail,2,15,FUJBJSOIYVUFSM-DLGLGFIGNA-N,-7.584
PTK2,wt,wt_s2,detail,2,16,CZCAYAUDGHEBQB-UHFFFAOYNA-N,-6.03
PTK2,wt,wt_s2,detail,2,17,LQDMSIRJQBCAGP-UHFFFAOYNA-N,-6.122
PTK2,wt,wt_s2,detail,2,18,DPYXTTMTEAYPOR-UHFFFAOYNA-N,-6.879
PTK2,wt,wt_s2,detail,2,19,ASFLQPSNVCRBOH-UHFFFAOYNA-N,-8.237
PTK2,wt,wt_s2,detail,2,20,KZYALRXGZUUWDD-GTTYORLTNA-N,-6.819
PTK2,wt,wt_s2,detail,2,21,NUTSQHHREHYTAX-PKSOQXRJNA-N,-8.738
PTK2,wt,wt_s2,detail,2,22,GUDLXTFNNCOYNM-UHFFFAOYNA-N,-5.929
PTK2,wt,wt_s2,detail,2,23,BQUGPEQAOGLWFX-HVXXBKQBNA-N,-7.071
PTK2,wt,wt_s2,detail,2,24,XPVZKRRTCHLFRZ-GPQMBLKYNA-N,-8.248
PTK2,wt,wt_s2,detail,2,25,WLKKJQVIXAMEEF-GPQMBLKYNA-N,-7.555
PTK2,wt,wt_s2,detail,2,26,IJOUNEKMVDGTBS-UHFFFAOYNA-N,-8.42
PTK2,wt,wt_s2,detail,2,27,ZIVNUWICSJWDPM-UHFFFAOYNA-N,-7.749
PTK2,wt,wt_s2,detail,2,28,QCHKAZVPUNGJKS-JLOFHYGUNA-N,-7.633
PTK2,wt,wt_s2,detail,2,29,OBZIQQJJIKNWNO-UHFFFAOYNA-N,-5.505
PTK2,wt,wt_s2,detail,2,30,SKYBQLOFXJZRTN-UHFFFAOYNA-N,-6.919
PTK2,wt,wt_s2,detail,2,31,MCFVPJFLLJZVMJ-CMLSCEPHNA-N,-7.67
PTK2,wt,wt_s2,detail,2,32,GBSDYRSNVCORPF-JJEHQABKNA-N,-7.889
PTK2,wt,wt_s2,detail,2,33,OFMKKSBAKSDTKO-UHFFFAOYNA-N,-6.584
PTK2,wt,wt_s2,detail,2,34,CJBYLTVVRIPQAN-HOCLYGCPNA-N,-7.78
PTK2,wt,wt_s2,detail,2,35,HDYUIMHCGQNIMV-LILDFLRNNA-N,-8.948
PTK2,wt,wt_s2,detail,2,36,ICJZSDARRFSAJS-ZRHHXPTGNA-N,-7.398
PTK2,wt,wt_s2,detail,2,37,AIPXFBGCADYFMV-VEWCPZSHNA-N,-7.981
PTK2,wt,wt_s2,detail,2,38,GPCWYPVIFBLEET-UHFFFAOYNA-N,-7.456
PTK2,wt,wt_s2,detail,2,39,QWIUSZJTTPRTFQ-UHFFFAOYNA-N,-8.201
PTK2,wt,wt_s2,detail,2,40,MAPKZZFZZACUDG-UHFFFAOYNA-N,-6.817
PTK2,wt,wt_s2,detail,2,41,CESCXFZYHYMYGN-SPRAGNMINA-N,-6.743
PTK2,wt,wt_s2,detail,2,42,BNCSDXOYJVYYGP-UHFFFAOYNA-N,-7.573
PTK2,wt,wt_s2,detail,2,43,ZGPKQJAKEQZFLZ-UHFFFAOYNA-N,-7.662
PTK2,wt,wt_s2,detail,2,44,OHPBVIYSDIHFKK-LUXCBXFANA-N,-7.292
PTK2,wt,wt_s2,detail,2,45,BYYMILHAKOURNM-YHMJCDSINA-N,-6.138
PTK2,wt,wt_s2,detail,2,46,YTWHBYPYZLSPLQ-UHFFFAOYNA-N,-8.267
PTK2,wt,wt_s2,detail,2,47,MMXGXIVVWSANMS-ZYCJFAKPNA-N,-8.189
PTK2,wt,wt_s2,detail,2,48,RTBVWPVXLVPYGF-UHFFFAOYNA-N,-7.983
PTK2,wt,wt_s2,detail,2,49,NLENUXQYGCDSNE-YSFRZULJNA-N,-8.238
PTK2,wt,wt_s2,detail,2,50,OXAJWSLXTCIFFP-WXRBYKJCNA-N,-6.233
PTK2,wt,wt_s2,detail,2,51,GJDNHSKMTWUSHC-WYUMXYHSNA-N,-7.047
PTK2,wt,wt_s2,detail,2,52,OSBGPHZLIBZPGJ-NLMIROKBNA-N,-7.129
PTK2,wt,wt_s2,detail,2,53,AISUMVRDEXUUBA-YGPBECBDNA-N,-8.414
PTK2,wt,wt_s2,detail,2,54,KLWXBHSHSIBXJA-WYUMXYHSNA-N,-7.6
PTK2,wt,wt_s2,detail,2,55,MWMWFASTTPZIJX-LUXCBXFANA-N,-6.761
PTK2,wt,wt_s2,detail,2,56,RJTAILIIHYBAPJ-UHFFFAOYNA-N,-5.589
PTK2,wt,wt_s2,detail,2,57,VFAQKHZBOKAOSQ-UKTHLTGXNA-N,-7.444
PTK2,wt,wt_s2,detail,2,58,YLUKCEIRYXNIJA-HCKMINDGNA-N,-7.83
PTK2,wt,wt_s2,detail,2,59,ICKPGBPIOPGQTC-ZLGIYAABNA-N,-8.037
PTK2,wt,wt_s2,detail,2,60,LTYXRKCXVDROIY-RVQYIEHVNA-N,-7.169
PTK2,wt,wt_s2,detail,2,61,QWHFPWNHELQSDQ-DZQCGVKKNA-N,-8.892
PTK2,wt,wt_s2,detail,2,62,MVTATEZHUZEZCK-UYBDAZJANA-N,-7.595
PTK2,wt,wt_s2,detail,2,63,GDRUXNLFXUVALW-YHMJCDSINA-N,-6.863
PTK2,wt,wt_s2,detail,2,64,IXWJKTRPHYKVFW-XFDRBGHPNA-N,-7.597
PTK2,wt,wt_s2,detail,2,65,RGHANNJVNFHOMO-PKSOQXRJNA-N,-8.227
PTK2,wt,wt_s2,detail,2,66,VWKMEDUACYWLSV-UYBDAZJANA-N,-8.273
PTK2,wt,wt_s2,detail,2,67,IUKOSEPLJGRTJW-QWOVJGMINA-N,-7.595
PTK2,wt,wt_s2,detail,2,68,FVNOYPBUEJMUJE-UYBDAZJANA-N,-8.479
PTK2,wt,wt_s2,detail,2,69,PHEJGIHBLBFCLD-WAVQYLLINA-N,-9.085
PTK2,wt,wt_s2,detail,2,70,YAPUUUKLOXTMRU-HCKMINDGNA-N,-7.47
PTK2,wt,wt_s2,detail,2,71,NTYXBURNBUVSBD-QWOVJGMINA-N,-8.289
PTK2,wt,wt_s2,detail,2,72,MELKZDAJKCQHEJ-UHFFFAOYNA-N,-7.383
PTK2,wt,wt_s2,detail,2,73,PTOCRBNMWIXUJH-YHMJCDSINA-N,-7.431
PTK2,wt,wt_s2,detail,2,74,POLODSDKFZPSMC-LILDFLRNNA-N,-8.039
PTK2,wt,wt_s2,detail,2,75,JHSMZFWFBBVUDZ-UHFFFAOYNA-N,-8.308
PTK2,wt,wt_s2,detail,2,76,VMNYXYDPHKHXOJ-HCKMINDGNA-N,-7.078
PTK2,wt,wt_s2,detail,2,77,GYGFWUNSKKZJNC-UHFFFAOYNA-N,-7.149
PTK2,wt,wt_s2,detail,2,78,DNIJCXVBKOHALG-IDQLRGLVNA-N,-7.386
PTK2,wt,wt_s2,detail,2,79,GBGJFVRPQGILNH-JLGFQASFNA-N,-7.423
PTK2,wt,wt_s2,detail,2,80,OGYLVZMARUPAHP-BDGWVKIONA-N,-8.348
PTK2,wt,wt_s2,detail,2,81,CGNRLGKHPYEVRU-UYBDAZJANA-N,-8.621
PTK2,wt,wt_s2,detail,2,82,QDBCQJCQGPPNHU-UHFFFAOYNA-N,-8.202
PTK2,wt,wt_s2,detail,2,83,NDDXLFAARQEPKC-UHFFFAOYNA-N,-8.154
PTK2,wt,wt_s2,detail,2,84,XHMFDOIXIIEIIC-UHFFFAOYNA-N,-7.891
PTK2,wt,wt_s2,detail,2,85,AGLMSXHTTUWGMJ-PKSOQXRJNA-N,-8.758
PTK2,wt,wt_s2,detail,2,86,ZXPAKNNNSOJNPO-UHFFFAOYNA-N,-7.484
PTK2,wt,wt_s2,detail,2,87,IHQNHWIJVRBCJV-UHFFFAOYNA-N,-9.234
PTK2,wt,wt_s2,detail,2,88,RMKFZACOOVWLAE-GGEHTAOSNA-N,-8.874
PTK2,wt,wt_s2,detail,2,89,DYSOMJVQHUQQEB-UHFFFAOYNA-N,-10.002
PTK2,wt,wt_s2,detail,2,90,NOCFDFQYZHBTNN-UHFFFAOYNA-N,-6.359
PTK2,wt,wt_s2,detail,2,91,SPVWQKGFZYAZQL-UHFFFAOYNA-N,-8.772
PTK2,wt,wt_s2,detail,2,92,DMXNRKKYFNEWPP-DMNNQDHHNA-N,-8.325
PTK2,wt,wt_s2,detail,2,93,RCJPJXXLZLDCKI-PKSOQXRJNA-N,-7.653
PTK2,wt,wt_s2,detail,2,94,KGTHCGXLPNILHR-UHFFFAOYNA-N,-8.377
PTK2,wt,wt_s2,detail,2,95,NWWYETOECIPWOT-CYHZHTKENA-N,-8.364
PTK2,wt,wt_s2,detail,2,96,NTSJGFMDUAVRPY-UHFFFAOYNA-N,-8.024
PTK2,wt,wt_s2,detail,2,97,SBVPMOUWJBOMKA-JTVQLVGJNA-O,-7.515
PTK2,wt,wt_s2,detail,2,98,LDNHSKULSWUSNY-UHFFFAOYNA-N,-8.58
PTK2,wt,wt_s2,detail,2,99,ASAZLTYOWNNDLD-UHFFFAOYNA-N,-7.508
PTK2,wt,wt_s2,detail,2,100,XRTRVAKJWCIIMD-UHFFFAOYNA-N,-7.0
PTK2,wt,wt_s2,detail,2,101,ZLTWUZJNYQVQEJ-UYBDAZJANA-N,-8.337
PTK2,wt,wt_s2,detail,2,102,DEYFWGXTPWNADC-UHFFFAOYNA-N,-8.397
PTK2,wt,wt_s2,detail,2,103,RHQFMXUIKVEHFK-MPIMZMORNA-N,-8.08
PTK2,wt,wt_s2,detail,2,104,DRDGAKFCORUZED-LILDFLRNNA-N,-7.752
PTK2,wt,wt_s2,detail,2,105,LQZNOWQYGFIKRM-HVXXBKQBNA-N,-7.674
PTK2,wt,wt_s2,detail,2,106,QJNYENHUMXSMRP-UHFFFAOYNA-N,-7.961
PTK2,wt,wt_s2,detail,2,107,LQILAXPPHLDIFO-NPVYFSBINA-N,-7.197
PTK2,wt,wt_s2,detail,2,108,KACOTQQTSDQWNO-UHFFFAOYNA-N,-8.205
PTK2,wt,wt_s2,detail,2,109,QLEMXKCIAQLFMM-UHFFFAOYNA-N,-8.517
PTK2,wt,wt_s2,detail,2,110,BHLVHZWLMVLRIX-LILDFLRNNA-N,-6.836
PTK2,wt,wt_s2,detail,2,111,IJNMKCHEXHHJKS-GPQMBLKYNA-N,-7.264
PTK2,wt,wt_s2,detail,2,112,LIBKCWSTNJMFGU-BDGWVKIONA-N,-8.579
PTK2,wt,wt_s2,detail,2,113,AJJBBFYAASSTLA-XOFPBXMJNA-N,-8.344
PTK2,wt,wt_s2,detail,2,114,IAIOYYRVPMGOSB-PKSOQXRJNA-N,-9.242
PTK2,wt,wt_s2,detail,2,115,CFYPAIWQFFEAEL-UHFFFAOYNA-N,-8.378
PTK2,wt,wt_s2,detail,2,116,VYJSEMNZGPEKAE-QWOVJGMINA-N,-8.959
PTK2,wt,wt_s2,detail,2,117,GATJUUWXCJCVEK-GPQMBLKYNA-N,-7.431
PTK2,wt,wt_s2,detail,2,118,ISQNQSRGAXUFGW-UHFFFAOYNA-N,-7.31
PTK2,wt,wt_s2,detail,2,119,MCVMARUOYHWORW-UHFFFAOYNA-N,-9.01
PTK2,wt,wt_s2,detail,2,120,LQMFCWRONUNRTP-FWKJIXDGNA-N,-7.903
PTK2,wt,wt_s2,detail,2,121,HJWFQDWOWDPIBE-HPHMPNDVNA-N,-6.612
PTK2,wt,wt_s2,detail,2,122,OSJCPZAKZHSNDS-UHFFFAOYNA-N,-8.178
PTK2,wt,wt_s2,detail,2,123,OPLHOPJAFJJLPX-HNNXBMFYNA-N,-9.241
PTK2,wt,wt_s2,detail,2,124,DZQRHJBYIOEZHV-PKSOQXRJNA-N,-8.143
PTK2,wt,wt_s2,detail,2,125,ZCFXIPSPKDGCHW-HSJCKIQZNA-N,-7.631
PTK2,wt,wt_s2,detail,2,126,BVGKQXNISGPHHP-UYBDAZJANA-N,-7.498
PTK2,wt,wt_s2,detail,2,127,WWGWJOHBDMYLBT-PKSOQXRJNA-N,-6.988
PTK2,wt,wt_s2,detail,2,128,JGDGIOMUQREIHP-BATSNZJTNA-N,-7.409
PTK2,wt,wt_s2,detail,2,129,LJDDSNOWUABFAP-HPRFPMAVNA-N,-7.962
PTK2,wt,wt_s2,detail,2,130,MBDOYHYQUXBBFT-UHFFFAOYNA-N,-9.524
PTK2,wt,wt_s2,detail,2,131,AGJUEHKKCLPMSY-LQFNOIFHNA-N,-8.431
PTK2,wt,wt_s2,detail,2,132,UMCUVZSSUIPNCL-BEMXBZHGNA-N,-7.347
PTK2,wt,wt_s2,detail,2,133,NKZFBKUWUIWQEM-LNNLXFCONA-N,-8.894
PTK2,wt,wt_s2,detail,2,134,GQNKLNZBZDEAMD-VQHCSMNLNA-N,-9.9
PTK2,wt,wt_s2,detail,2,135,UZNJTHHFIAFJGO-LQFNOIFHNA-N,-8.412
PTK2,wt,wt_s2,detail,2,136,LAFAEGAOHGJFCB-UHFFFAOYNA-N,-7.603
PTK2,wt,wt_s2,detail,2,137,QVHZVCDVVJVJRX-LNNLXFCONA-N,-7.999
PTK2,wt,wt_s2,detail,2,138,MWRHMRJPYFQMSQ-LNNLXFCONA-N,-8.527
PTK2,wt,wt_s2,detail,2,139,GCAQZYOXIVYDMN-PKSOQXRJNA-N,-7.838
PTK2,wt,wt_s2,detail,2,140,YJGPQCADKRAQFX-ZSDIGFPLNA-N,-8.217
PTK2,wt,wt_s2,detail,2,141,UZYMAWCMCCVCOW-BUKGPZPNNA-N,-7.942
PTK2,wt,wt_s2,detail,2,142,ZWSLJIFYDPKRSQ-XBXBPLPCNA-N,-9.508
PTK2,wt,wt_s2,detail,2,143,IJNTWIFESBAWCT-QWOVJGMINA-N,-9.599
PTK2,wt,wt_s2,detail,2,144,CXIYFBKPJSQXDU-WDUJWNCGNA-N,-9.039
PTK2,wt,wt_s2,detail,2,145,HWJNHVLCTGREAL-MPIMZMORNA-N,-7.875
PTK2,wt,wt_s2,detail,2,146,LHOSZRWWPIJINL-OLZOCXBDNA-N,-8.223
PTK2,wt,wt_s2,detail,2,147,DTEYRIFHHIHDHU-UHFFFAOYNA-N,-7.184
PTK2,wt,wt_s2,detail,2,148,NJZCVKDKMNRXTG-UHFFFAOYNA-N,-7.43
PTK2,wt,wt_s2,detail,2,149,NACLGLYMVLABDU-LNNLXFCONA-N,-8.922
PTK2,wt,wt_s2,detail,2,150,IDINUJSAMVOPCM-CNZJLSFANA-N,-5.428
PTK2,wt,wt_s2,detail,2,151,PGBPNHAAMLZTQB-LQFNOIFHNA-N,-7.877
PTK2,wt,wt_s2,detail,2,152,BCTINLARZZWKRE-MPIMZMORNA-N,-7.72
PTK2,wt,wt_s2,detail,2,153,JURXDQRYEGNLBW-LQFNOIFHNA-N,-8.488
PTK2,wt,wt_s2,detail,2,154,FBPQELGZQDQSII-LELJVTLKNA-N,-8.922
PTK2,wt,wt_s2,detail,2,155,ADBHXWFSFPPXEX-BDGWVKIONA-N,-8.117
PTK2,wt,wt_s2,detail,2,156,YUGZHQHSNYIFLG-KYSDGFAFNA-N,-7.884
PTK2,wt,wt_s2,detail,2,157,ZNDSONVEXMWLSF-QWOVJGMINA-N,-8.674
PTK2,wt,wt_s2,detail,2,158,QWCQVNIBTYLOHK-ZGZFQTMPNA-N,-9.608
PTK2,wt,wt_s2,detail,2,159,BELUGELSHVLAOZ-UHFFFAOYNA-N,-9.111
PTK2,wt,wt_s2,detail,2,160,HILDYDZVQRXXOI-LQFNOIFHNA-N,-8.525
PTK2,wt,wt_s2,detail,2,161,PTIIXGUDALPUPA-QWOVJGMINA-N,-7.766
PTK2,wt,wt_s2,detail,2,162,YWGOPEGGEGNDLS-UHFFFAOYNA-N,-6.888
PTK2,wt,wt_s2,detail,2,163,HXTQSKXJHJDGCP-UHFFFAOYNA-N,-8.619
PTK2,wt,wt_s2,detail,2,164,QMJHGNGJQQDHLD-PWIKPTQSNA-N,-8.331
PTK2,wt,wt_s2,detail,2,165,QZJYCFURESLRJX-UHFFFAOYNA-N,-7.632
PTK2,wt,wt_s2,detail,2,166,PDXQTFKIABMOFL-PDJAEHLQNA-N,-8.478
PTK2,wt,wt_s2,detail,2,167,REJJFCJYMVTFDN-PKRZOPRNNA-N,-8.792
PTK2,wt,wt_s2,detail,2,168,XGCSEQRDRFMGIU-LQFNOIFHNA-N,-8.098
PTK2,wt,wt_s2,detail,2,169,JJGWOCRPVQWXQG-ADQRUKDLNA-N,-8.017
PTK2,wt,wt_s2,detail,2,170,GEOCCLDMHBSVOL-UCDLDMSTNA-N,-8.407
PTK2,wt,wt_s2,detail,2,171,SMRGDRXOPYCHTR-SWUIVHNENA-N,-9.576
PTK2,wt,wt_s2,detail,2,172,RVFKUHZRUWXOIN-UHFFFAOYNA-N,-8.23
PTK2,wt,wt_s2,detail,2,173,BCXKIFJJJGSVDX-DXAUXPAJNA-N,-9.633
PTK2,wt,wt_s2,detail,2,174,WMPTUJZAWOBWLG-CMJFTGLXNA-N,-7.904
PTK2,wt,wt_s2,detail,2,175,ADAXUYSMOAZWKV-XBTAAFKLNA-N,-9.806
PTK2,wt,wt_s2,detail,2,176,QYOZNVCKISSENR-MRXNPFEDNA-N,-7.826
PTK2,wt,wt_s2,detail,2,177,XPINCFKWHIFHMC-WXFUMESZNA-N,-8.644
PTK2,wt,wt_s2,detail,2,178,ZGSQEILYEFGFIF-UHFFFAOYNA-N,-10.039
PTK2,wt,wt_s2,detail,2,179,CKRUVOWUUADMOW-LNNLXFCONA-N,-9.885
PTK2,wt,wt_s2,detail,2,180,QGZIKUYIROAFSE-QWOVJGMINA-N,-6.926
PTK2,wt,wt_s2,detail,2,181,KOFXCNSHSJISSQ-QWOVJGMINA-N,-9.416
PTK2,wt,wt_s2,detail,2,182,DCRJFLHNZRDYMM-UHFFFAOYNA-N,-9.169
PTK2,wt,wt_s2,detail,2,183,LIRCDOVJWUGTMW-IOQNOLELNA-N,-7.747
PTK2,wt,wt_s2,detail,2,184,FWYQXRWQFDPBIS-UHFFFAOYNA-N,-7.923
PTK2,wt,wt_s2,detail,2,185,LJRBIPYUCLSKJK-DVIAZDKANA-N,-8.189
PTK2,wt,wt_s2,detail,2,186,BSIVILSRVBLGQR-UHFFFAOYNA-N,-8.211
PTK2,wt,wt_s2,detail,2,187,DNDLSAMFYFNHBR-MPIMZMORNA-N,-7.962
PTK2,wt,wt_s2,detail,2,188,VFPJNRIWJIXUCK-UHFFFAOYNA-N,-8.676
PTK2,wt,wt_s2,detail,2,189,ZSYGHBADRJNZOU-UXUKNDFSNA-N,-9.288
PTK2,wt,wt_s2,detail,2,190,XQDLITNOVPCUMD-MPIMZMORNA-N,-9.137
PTK2,wt,wt_s2,detail,2,191,UCSBKUKETUKSSX-ZFJUVRDGNA-N,-8.731
PTK2,wt,wt_s2,detail,2,192,NZATZZGINMWOIA-QWOVJGMINA-N,-8.582
PTK2,wt,wt_s2,detail,2,193,PMGLUWPDZIVUOU-BKTFGIEZNA-N,-7.954
PTK2,wt,wt_s2,detail,2,194,QTYJLSSXENXPIA-XYULLFFJNA-N,-8.384
PTK2,wt,wt_s2,detail,2,195,ZDNRYSVLOMAJEZ-HZCBDIJENA-N,-9.454
PTK2,wt,wt_s2,detail,2,196,DPXQIUFPULXIFR-YETNDYBYNA-N,-7.522
PTK2,wt,wt_s2,detail,2,197,JEUQHZZAJFLFGO-MTTPVDACNA-N,-9.287
PTK2,wt,wt_s2,detail,2,198,ZWTFULMWPLLWNJ-UQMRZGFWNA-N,-9.52
PTK2,wt,wt_s2,detail,2,199,KDLLVDABAMKMLD-MJHPXVFFNA-N,-9.306
PTK2,wt,wt_s2,detail,2,200,CFYCLLUGGRSIQV-SPEPDGBUNA-N,-8.981
PTK2,wt,wt_s2,detail,2,201,CEZXHQCRLXZSBQ-IOZBVXGWNA-N,-7.029
PTK2,wt,wt_s2,detail,2,202,NOORAIXTPJNFDH-LAEBNAIWNA-N,-8.504
PTK2,wt,wt_s2,detail,2,203,VBFOTEWTMOETMO-PECIQRARNA-N,-7.95
PTK2,wt,wt_s2,detail,2,204,QLDHAZGAAUZOIP-LELJVTLKNA-N,-7.813
PTK2,wt,wt_s2,detail,2,205,ULIWBOHRWMGXPR-UHFFFAOYNA-N,-7.678
PTK2,wt,wt_s2,detail,2,206,CQRFGBFTRUHNJZ-LKHHGCNMNA-N,-8.65
PTK2,wt,wt_s2,detail,2,207,TVOUXLLNJXDHQR-MHZLTWQENA-N,-7.61
PTK2,wt,wt_s2,detail,2,208,MDSZUHOJNMNHJP-XBXBPLPCNA-N,-8.463
PTK2,wt,wt_s2,detail,2,209,GSKUSCWGMPZHKN-UHFFFAOYNA-N,-8.154
PTK2,wt,wt_s2,detail,2,210,LLUVDTDYDBDPFM-LBOYIXSDNA-N,-8.126
PTK2,wt,wt_s2,detail,2,211,CJPGWGLZKUWPFH-PWIKPTQSNA-N,-8.963
PTK2,wt,wt_s2,detail,2,212,MZLKAOWOIKALKR-LBOYIXSDNA-N,-8.518
PTK2,wt,wt_s2,detail,2,213,LYSAYZQUELVCGD-PJQSKVNONA-N,-7.076
PTK2,wt,wt_s2,detail,2,214,JBNMTQSSQCWSDW-NVENJYFMNA-N,-9.338
PTK2,wt,wt_s2,detail,2,215,CJAAXOOTFVSSKN-LKHHGCNMNA-N,-7.519
PTK2,wt,wt_s2,detail,2,216,WAVBTKPDIZFGSX-VJSLDGLSNA-N,-9.296
PTK2,wt,wt_s2,detail,2,217,FAYAHNACYAINBY-HRNBZBKQNA-N,-8.807
PTK2,wt,wt_s2,detail,2,218,ZHTJPKSSWTVTNA-PKRZOPRNNA-N,-8.572
PTK2,wt,wt_s2,detail,2,219,QRBHMNKXVMROIF-UHFFFAOYNA-N,-8.82
PTK2,wt,wt_s2,detail,2,220,BBDHNYKAQBEFTI-YSGSGMNWNA-N,-9.772
PTK2,wt,wt_s2,detail,2,221,PABHZRMPKXHYHB-MCITUVFDNA-N,-9.099
PTK2,wt,wt_s2,detail,2,222,BUEIPNNFYVCFLC-LELJVTLKNA-N,-8.47
PTK2,wt,wt_s2,detail,2,223,KKUNUMXHGLIOMX-WUSLAWIHNA-N,-9.138
PTK2,wt,wt_s2,detail,2,224,YGYOXSDMMNBVMH-PKRZOPRNNA-N,-9.841
PTK2,wt,wt_s2,detail,2,225,XRSGABXRLAWEDU-LQFNOIFHNA-N,-8.389
PTK2,wt,wt_s2,detail,2,226,AOTIBSKKXZHYRO-SPEPDGBUNA-N,-7.23
PTK2,wt,wt_s2,detail,2,227,RULOOZJTFYDVKV-LBOYIXSDNA-N,-7.879
PTK2,wt,wt_s2,detail,2,228,MFAMCZQOBFOTPV-LELJVTLKNA-N,-8.468
PTK2,wt,wt_s2,detail,2,229,RZBTZDHWOMTELG-UHFFFAOYNA-N,-8.205
PTK2,wt,wt_s2,detail,2,230,YBQSBCXVFMWVGY-UHFFFAOYNA-N,-9.212
PTK2,wt,wt_s2,detail,2,231,MFEDJQGOERVAHD-HXTKINSTNA-N,-7.316
PTK2,wt,wt_s2,detail,2,232,XGDJUMSXIASBOC-RGVBFFNGNA-N,-9.569
PTK2,wt,wt_s2,detail,2,233,INZVCQWDAXDGMY-UHFFFAOYNA-N,-9.411
PTK2,wt,wt_s2,detail,2,234,VSMNBGANRJLEFT-PECIQRARNA-N,-9.212
PTK2,wt,wt_s2,detail,2,235,VQPURKBPWWQWLN-MRPQGQGYNA-N,-7.698
PTK2,wt,wt_s2,detail,2,236,ITBJAHYMMJZDJN-ZCKBFCLLNA-N,-9.575
PTK2,wt,wt_s2,detail,2,237,GZXBKKWNTBGEDG-PLJOYGPPNA-N,-8.414
PTK2,wt,wt_s2,detail,2,238,GJSOSYVBARIGQO-XBBDFPCNNA-N,-10.228
PTK2,wt,wt_s2,detail,2,239,YWVDGPKULXWYMH-LELJVTLKNA-N,-8.151
PTK2,wt,wt_s2,detail,2,240,DTDCDTSLQAMFQK-PDIVMOMKNA-N,-8.525
PTK2,wt,wt_s2,detail,2,241,ZORDGSDKVXISJV-PKRZOPRNNA-N,-7.498
PTK2,wt,wt_s2,detail,2,242,GTWOAPKUQRYITB-UHFFFAOYNA-N,-8.546
PTK2,wt,wt_s2,detail,2,243,JPUJBYBHHWKSTD-LNNLXFCONA-N,-9.903
PTK2,wt,wt_s2,detail,2,244,PQVHRPXGPBDRRS-LBOYIXSDNA-N,-9.298
PTK2,wt,wt_s2,detail,2,245,JHPUSZOXXQWTST-OKPOJWAQNA-N,-7.992
PTK2,wt,wt_s2,detail,2,246,OWGZIGCUDXOZOS-OWVQZIOCNA-N,-9.136
PTK2,wt,wt_s2,detail,2,247,JUXPFZBFGMXKKR-JFRSHOPRNA-N,-6.359
PTK2,wt,wt_s2,detail,2,248,BWFZLXWRZDSPHK-DYDYTOMVNA-N,-11.163
PTK2,wt,wt_s2,detail,2,249,YQSOGHJBHORMOX-SPEPDGBUNA-N,-8.868
PTK2,wt,wt_s2,detail,2,250,ROFAQOFULLWONA-BBANKYPNNA-N,-7.913
PTK2,wt,wt_s2,detail,2,251,IHGDBIIOKIOQQL-OKPOJWAQNA-N,-8.623
PTK2,wt,wt_s2,detail,2,252,FAYBFUQTMGBOTD-UHFFFAOYNA-N,-8.889
PTK2,wt,wt_s2,detail,2,253,FOYYZIJHMVRFNR-IQICYJEPNA-N,-8.655
PTK2,wt,wt_s2,detail,2,254,MZNKKEVLKPDMRG-ZTQHEBCPNA-N,-9.768
PTK2,wt,wt_s2,detail,2,255,XKUVGAVISPKRJG-IBPUNKHUNA-N,-7.937
PTK2,c_LEU553,mut_s1,detail,1,0,IOEYSHPYQPFVLW-WZZIRTBGNA-N,-8.697
PTK2,c_LEU553,mut_s1,detail,1,1,KISKAILIUKCVIP-UHFFFAOYNA-N,-6.587
PTK2,c_LEU553,mut_s1,detail,1,2,YKFIUFSOZVLGEF-LILDFLRNNA-N,-7.604
PTK2,c_LEU553,mut_s1,detail,1,3,TYTJEFRFKUJPEU-UHFFFAOYNA-N,-7.86
PTK2,c_LEU553,mut_s1,detail,1,4,TYXDAJJVWKUJGI-CDZRGBSPNA-N,-7.923
PTK2,c_LEU553,mut_s1,detail,1,5,IYDIVTPTFGMDBE-UHFFFAOYNA-N,-7.342
PTK2,c_LEU553,mut_s1,detail,1,6,LVPPIRFSXIVDCQ-VQHVLOKHNA-N,-6.866
PTK2,c_LEU553,mut_s1,detail,1,7,KFWWSDHUPLWRKI-UHFFFAOYNA-N,-9.324
PTK2,c_LEU553,mut_s1,detail,1,8,BJHGDBMVHPNALY-YHMJCDSINA-N,-7.226
PTK2,c_LEU553,mut_s1,detail,1,9,ODZBBRURCPAEIQ-OASTWBFDNA-N,-6.878
PTK2,c_LEU553,mut_s1,detail,1,10,DNYBCGCBUCDEBB-GPQMBLKYNA-N,-7.216
PTK2,c_LEU553,mut_s1,detail,1,11,ODTXBYCYUFDWFS-BQYQJAHWNA-N,-6.844
PTK2,c_LEU553,mut_s1,detail,1,12,MLMSWRFVLJZNRV-NPVYFSBINA-N,-6.908
PTK2,c_LEU553,mut_s1,detail,1,13,YFQNZICTOUKIHD-UHFFFAOYNA-N,-8.064
PTK2,c_LEU553,mut_s1,detail,1,14,YWSKAQWSPONVPP-YHMJCDSINA-N,-6.991
PTK2,c_LEU553,mut_s1,detail,1,15,FUJBJSOIYVUFSM-DLGLGFIGNA-N,-7.183
PTK2,c_LEU553,mut_s1,detail,1,16,CZCAYAUDGHEBQB-UHFFFAOYNA-N,-6.605
PTK2,c_LEU553,mut_s1,detail,1,17,LQDMSIRJQBCAGP-UHFFFAOYNA-N,-6.402
PTK2,c_LEU553,mut_s1,detail,1,18,DPYXTTMTEAYPOR-UHFFFAOYNA-N,-6.638
PTK2,c_LEU553,mut_s1,detail,1,19,ASFLQPSNVCRBOH-UHFFFAOYNA-N,-7.706
PTK2,c_LEU553,mut_s1,detail,1,20,KZYALRXGZUUWDD-GTTYORLTNA-N,-6.73
PTK2,c_LEU553,mut_s1,detail,1,21,NUTSQHHREHYTAX-PKSOQXRJNA-N,-8.153
PTK2,c_LEU553,mut_s1,detail,1,22,GUDLXTFNNCOYNM-UHFFFAOYNA-N,-6.09
PTK2,c_LEU553,mut_s1,detail,1,23,BQUGPEQAOGLWFX-HVXXBKQBNA-N,-6.798
PTK2,c_LEU553,mut_s1,detail,1,24,XPVZKRRTCHLFRZ-GPQMBLKYNA-N,-8.097
PTK2,c_LEU553,mut_s1,detail,1,25,WLKKJQVIXAMEEF-GPQMBLKYNA-N,-7.291
PTK2,c_LEU553,mut_s1,detail,1,26,IJOUNEKMVDGTBS-UHFFFAOYNA-N,-8.096
PTK2,c_LEU553,mut_s1,detail,1,27,ZIVNUWICSJWDPM-UHFFFAOYNA-N,-7.716
PTK2,c_LEU553,mut_s1,detail,1,28,QCHKAZVPUNGJKS-JLOFHYGUNA-N,-7.312
PTK2,c_LEU553,mut_s1,detail,1,29,OBZIQQJJIKNWNO-UHFFFAOYNA-N,-5.925
PTK2,c_LEU553,mut_s1,detail,1,30,SKYBQLOFXJZRTN-UHFFFAOYNA-N,-6.334
PTK2,c_LEU553,mut_s1,detail,1,31,MCFVPJFLLJZVMJ-CMLSCEPHNA-N,-7.09
PTK2,c_LEU553,mut_s1,detail,1,32,GBSDYRSNVCORPF-JJEHQABKNA-N,-8.036
PTK2,c_LEU553,mut_s1,detail,1,33,OFMKKSBAKSDTKO-UHFFFAOYNA-N,-6.954
PTK2,c_LEU553,mut_s1,detail,1,34,CJBYLTVVRIPQAN-HOCLYGCPNA-N,-7.901
PTK2,c_LEU553,mut_s1,detail,1,35,HDYUIMHCGQNIMV-LILDFLRNNA-N,-8.696
PTK2,c_LEU553,mut_s1,detail,1,36,ICJZSDARRFSAJS-ZRHHXPTGNA-N,-6.846
PTK2,c_LEU553,mut_s1,detail,1,37,AIPXFBGCADYFMV-VEWCPZSHNA-N,-7.503
PTK2,c_LEU553,mut_s1,detail,1,38,GPCWYPVIFBLEET-UHFFFAOYNA-N,-7.0
PTK2,c_LEU553,mut_s1,detail,1,39,QWIUSZJTTPRTFQ-UHFFFAOYNA-N,-8.43
PTK2,c_LEU553,mut_s1,detail,1,40,MAPKZZFZZACUDG-UHFFFAOYNA-N,-6.496
PTK2,c_LEU553,mut_s1,detail,1,41,CESCXFZYHYMYGN-SPRAGNMINA-N,-6.625
PTK2,c_LEU553,mut_s1,detail,1,42,BNCSDXOYJVYYGP-UHFFFAOYNA-N,-7.918
PTK2,c_LEU553,mut_s1,detail,1,43,ZGPKQJAKEQZFLZ-UHFFFAOYNA-N,-7.017
PTK2,c_LEU553,mut_s1,detail,1,44,OHPBVIYSDIHFKK-LUXCBXFANA-N,-7.224
PTK2,c_LEU553,mut_s1,detail,1,45,BYYMILHAKOURNM-YHMJCDSINA-N,-6.134
PTK2,c_LEU553,mut_s1,detail,1,46,YTWHBYPYZLSPLQ-UHFFFAOYNA-N,-7.934
PTK2,c_LEU553,mut_s1,detail,1,47,MMXGXIVVWSANMS-ZYCJFAKPNA-N,-8.054
PTK2,c_LEU553,mut_s1,detail,1,48,RTBVWPVXLVPYGF-UHFFFAOYNA-N,-8.316
PTK2,c_LEU553,mut_s1,detail,1,49,NLENUXQYGCDSNE-YSFRZULJNA-N,-8.276
PTK2,c_LEU553,mut_s1,detail,1,50,OXAJWSLXTCIFFP-WXRBYKJCNA-N,-6.092
PTK2,c_LEU553,mut_s1,detail,1,51,GJDNHSKMTWUSHC-WYUMXYHSNA-N,-6.855
PTK2,c_LEU553,mut_s1,detail,1,52,OSBGPHZLIBZPGJ-NLMIROKBNA-N,-7.239
PTK2,c_LEU553,mut_s1,detail,1,53,AISUMVRDEXUUBA-YGPBECBDNA-N,-8.509
PTK2,c_LEU553,mut_s1,detail,1,54,KLWXBHSHSIBXJA-WYUMXYHSNA-N,-8.116
PTK2,c_LEU553,mut_s1,detail,1,55,MWMWFASTTPZIJX-LUXCBXFANA-N,-6.951
PTK2,c_LEU553,mut_s1,detail,1,56,RJTAILIIHYBAPJ-UHFFFAOYNA-N,-5.358
PTK2,c_LEU553,mut_s1,detail,1,57,VFAQKHZBOKAOSQ-UKTHLTGXNA-N,-7.671
PTK2,c_LEU553,mut_s1,detail,1,58,YLUKCEIRYXNIJA-HCKMINDGNA-N,-8.139
PTK2,c_LEU553,mut_s1,detail,1,59,ICKPGBPIOPGQTC-ZLGIYAABNA-N,-7.183
PTK2,c_LEU553,mut_s1,detail,1,60,LTYXRKCXVDROIY-RVQYIEHVNA-N,-6.987
PTK2,c_LEU553,mut_s1,detail,1,61,QWHFPWNHELQSDQ-DZQCGVKKNA-N,-8.275
PTK2,c_LEU553,mut_s1,detail,1,62,MVTATEZHUZEZCK-UYBDAZJANA-N,-8.153
PTK2,c_LEU553,mut_s1,detail,1,63,GDRUXNLFXUVALW-YHMJCDSINA-N,-7.101
PTK2,c_LEU553,mut_s1,detail,1,64,IXWJKTRPHYKVFW-XFDRBGHPNA-N,-8.265
PTK2,c_LEU553,mut_s1,detail,1,65,RGHANNJVNFHOMO-PKSOQXRJNA-N,-9.061
PTK2,c_LEU553,mut_s1,detail,1,66,VWKMEDUACYWLSV-UYBDAZJANA-N,-8.066
PTK2,c_LEU553,mut_s1,detail,1,67,IUKOSEPLJGRTJW-QWOVJGMINA-N,-9.425
PTK2,c_LEU553,mut_s1,detail,1,68,FVNOYPBUEJMUJE-UYBDAZJANA-N,-8.136
PTK2,c_LEU553,mut_s1,detail,1,69,PHEJGIHBLBFCLD-WAVQYLLINA-N,-9.029
PTK2,c_LEU553,mut_s1,detail,1,70,YAPUUUKLOXTMRU-HCKMINDGNA-N,-6.885
PTK2,c_LEU553,mut_s1,detail,1,71,NTYXBURNBUVSBD-QWOVJGMINA-N,-7.642
PTK2,c_LEU553,mut_s1,detail,1,72,MELKZDAJKCQHEJ-UHFFFAOYNA-N,-7.581
PTK2,c_LEU553,mut_s1,detail,1,73,PTOCRBNMWIXUJH-YHMJCDSINA-N,-7.596
PTK2,c_LEU553,mut_s1,detail,1,74,POLODSDKFZPSMC-LILDFLRNNA-N,-7.809
PTK2,c_LEU553,mut_s1,detail,1,75,JHSMZFWFBBVUDZ-UHFFFAOYNA-N,-8.671
PTK2,c_LEU553,mut_s1,detail,1,76,VMNYXYDPHKHXOJ-HCKMINDGNA-N,-7.556
PTK2,c_LEU553,mut_s1,detail,1,77,GYGFWUNSKKZJNC-UHFFFAOYNA-N,-7.897
PTK2,c_LEU553,mut_s1,detail,1,78,DNIJCXVBKOHALG-IDQLRGLVNA-N,-8.419
PTK2,c_LEU553,mut_s1,detail,1,79,GBGJFVRPQGILNH-JLGFQASFNA-N,-7.865
PTK2,c_LEU553,mut_s1,detail,1,80,OGYLVZMARUPAHP-BDGWVKIONA-N,-8.144
PTK2,c_LEU553,mut_s1,detail,1,81,CGNRLGKHPYEVRU-UYBDAZJANA-N,-8.632
PTK2,c_LEU553,mut_s1,detail,1,82,QDBCQJCQGPPNHU-UHFFFAOYNA-N,-8.812
PTK2,c_LEU553,mut_s1,detail,1,83,NDDXLFAARQEPKC-UHFFFAOYNA-N,-8.482
PTK2,c_LEU553,mut_s1,detail,1,84,XHMFDOIXIIEIIC-UHFFFAOYNA-N,-7.943
PTK2,c_LEU553,mut_s1,detail,1,85,AGLMSXHTTUWGMJ-PKSOQXRJNA-N,-8.448
PTK2,c_LEU553,mut_s1,detail,1,86,ZXPAKNNNSOJNPO-UHFFFAOYNA-N,-7.697
PTK2,c_LEU553,mut_s1,detail,1,87,IHQNHWIJVRBCJV-UHFFFAOYNA-N,-7.365
PTK2,c_LEU553,mut_s1,detail,1,88,RMKFZACOOVWLAE-GGEHTAOSNA-N,-8.634
PTK2,c_LEU553,mut_s1,detail,1,89,DYSOMJVQHUQQEB-UHFFFAOYNA-N,-9.555
PTK2,c_LEU553,mut_s1,detail,1,90,NOCFDFQYZHBTNN-UHFFFAOYNA-N,-7.796
PTK2,c_LEU553,mut_s1,detail,1,91,SPVWQKGFZYAZQL-UHFFFAOYNA-N,-8.363
PTK2,c_LEU553,mut_s1,detail,1,92,DMXNRKKYFNEWPP-DMNNQDHHNA-N,-9.124
PTK2,c_LEU553,mut_s1,detail,1,93,RCJPJXXLZLDCKI-PKSOQXRJNA-N,-8.272
PTK2,c_LEU553,mut_s1,detail,1,94,KGTHCGXLPNILHR-UHFFFAOYNA-N,-8.155
PTK2,c_LEU553,mut_s1,detail,1,95,NWWYETOECIPWOT-CYHZHTKENA-N,-8.694
PTK2,c_LEU553,mut_s1,detail,1,96,NTSJGFMDUAVRPY-UHFFFAOYNA-N,-8.509
PTK2,c_LEU553,mut_s1,detail,1,97,SBVPMOUWJBOMKA-JTVQLVGJNA-O,-7.91
PTK2,c_LEU553,mut_s1,detail,1,98,LDNHSKULSWUSNY-UHFFFAOYNA-N,-9.41
PTK2,c_LEU553,mut_s1,detail,1,99,ASAZLTYOWNNDLD-UHFFFAOYNA-N,-8.163
PTK2,c_LEU553,mut_s1,detail,1,100,XRTRVAKJWCIIMD-UHFFFAOYNA-N,-7.321
PTK2,c_LEU553,mut_s1,detail,1,101,ZLTWUZJNYQVQEJ-UYBDAZJANA-N,-8.894
PTK2,c_LEU553,mut_s1,detail,1,102,DEYFWGXTPWNADC-UHFFFAOYNA-N,-8.469
PTK2,c_LEU553,mut_s1,detail,1,103,RHQFMXUIKVEHFK-MPIMZMORNA-N,-8.074
PTK2,c_LEU553,mut_s1,detail,1,104,DRDGAKFCORUZED-LILDFLRNNA-N,-7.785
PTK2,c_LEU553,mut_s1,detail,1,105,LQZNOWQYGFIKRM-HVXXBKQBNA-N,-7.974
PTK2,c_LEU553,mut_s1,detail,1,106,QJNYENHUMXSMRP-UHFFFAOYNA-N,-8.753
PTK2,c_LEU553,mut_s1,detail,1,107,LQILAXPPHLDIFO-NPVYFSBINA-N,-7.735
PTK2,c_LEU553,mut_s1,detail,1,108,KACOTQQTSDQWNO-UHFFFAOYNA-N,-7.96
PTK2,c_LEU553,mut_s1,detail,1,109,QLEMXKCIAQLFMM-UHFFFAOYNA-N,-8.38
PTK2,c_LEU553,mut_s1,detail,1,110,BHLVHZWLMVLRIX-LILDFLRNNA-N,-6.834
PTK2,c_LEU553,mut_s1,detail,1,111,IJNMKCHEXHHJKS-GPQMBLKYNA-N,-6.916
PTK2,c_LEU553,mut_s1,detail,1,112,LIBKCWSTNJMFGU-BDGWVKIONA-N,-8.523
PTK2,c_LEU553,mut_s1,detail,1,113,AJJBBFYAASSTLA-XOFPBXMJNA-N,-8.032
PTK2,c_LEU553,mut_s1,detail,1,114,IAIOYYRVPMGOSB-PKSOQXRJNA-N,-9.262
PTK2,c_LEU553,mut_s1,detail,1,115,CFYPAIWQFFEAEL-UHFFFAOYNA-N,-8.219
PTK2,c_LEU553,mut_s1,detail,1,116,VYJSEMNZGPEKAE-QWOVJGMINA-N,-9.234
PTK2,c_LEU553,mut_s1,detail,1,117,GATJUUWXCJCVEK-GPQMBLKYNA-N,-7.696
PTK2,c_LEU553,mut_s1,detail,1,118,ISQNQSRGAXUFGW-UHFFFAOYNA-N,-7.959
PTK2,c_LEU553,mut_s1,detail,1,119,MCVMARUOYHWORW-UHFFFAOYNA-N,-8.331
PTK2,c_LEU553,mut_s1,detail,1,120,LQMFCWRONUNRTP-FWKJIXDGNA-N,-7.857
PTK2,c_LEU553,mut_s1,detail,1,121,HJWFQDWOWDPIBE-HPHMPNDVNA-N,-7.388
PTK2,c_LEU553,mut_s1,detail,1,122,OSJCPZAKZHSNDS-UHFFFAOYNA-N,-8.353
PTK2,c_LEU553,mut_s1,detail,1,123,OPLHOPJAFJJLPX-HNNXBMFYNA-N,-8.58
PTK2,c_LEU553,mut_s1,detail,1,124,DZQRHJBYIOEZHV-PKSOQXRJNA-N,-8.956
PTK2,c_LEU553,mut_s1,detail,1,125,ZCFXIPSPKDGCHW-HSJCKIQZNA-N,-7.056
PTK2,c_LEU553,mut_s1,detail,1,126,BVGKQXNISGPHHP-UYBDAZJANA-N,-8.1
PTK2,c_LEU553,mut_s1,detail,1,127,WWGWJOHBDMYLBT-PKSOQXRJNA-N,-6.639
PTK2,c_LEU553,mut_s1,detail,1,128,JGDGIOMUQREIHP-BATSNZJTNA-N,-7.174
PTK2,c_LEU553,mut_s1,detail,1,129,LJDDSNOWUABFAP-HPRFPMAVNA-N,-9.007
PTK2,c_LEU553,mut_s1,detail,1,130,MBDOYHYQUXBBFT-UHFFFAOYNA-N,-9.332
PTK2,c_LEU553,mut_s1,detail,1,131,AGJUEHKKCLPMSY-LQFNOIFHNA-N,-8.22
PTK2,c_LEU553,mut_s1,detail,1,132,UMCUVZSSUIPNCL-BEMXBZHGNA-N,-8.692
PTK2,c_LEU553,mut_s1,detail,1,133,NKZFBKUWUIWQEM-LNNLXFCONA-N,-8.511
PTK2,c_LEU553,mut_s1,detail,1,134,GQNKLNZBZDEAMD-VQHCSMNLNA-N,-9.682
PTK2,c_LEU553,mut_s1,detail,1,135,UZNJTHHFIAFJGO-LQFNOIFHNA-N,-7.962
PTK2,c_LEU553,mut_s1,detail,1,136,LAFAEGAOHGJFCB-UHFFFAOYNA-N,-8.037
PTK2,c_LEU553,mut_s1,detail,1,137,QVHZVCDVVJVJRX-LNNLXFCONA-N,-9.462
PTK2,c_LEU553,mut_s1,detail,1,138,MWRHMRJPYFQMSQ-LNNLXFCONA-N,-7.745
PTK2,c_LEU553,mut_s1,detail,1,139,GCAQZYOXIVYDMN-PKSOQXRJNA-N,-7.447
PTK2,c_LEU553,mut_s1,detail,1,140,YJGPQCADKRAQFX-ZSDIGFPLNA-N,-9.067
PTK2,c_LEU553,mut_s1,detail,1,141,UZYMAWCMCCVCOW-BUKGPZPNNA-N,-7.937
PTK2,c_LEU553,mut_s1,detail,1,142,ZWSLJIFYDPKRSQ-XBXBPLPCNA-N,-9.825
PTK2,c_LEU553,mut_s1,detail,1,143,IJNTWIFESBAWCT-QWOVJGMINA-N,-9.178
PTK2,c_LEU553,mut_s1,detail,1,144,CXIYFBKPJSQXDU-WDUJWNCGNA-N,-9.312
PTK2,c_LEU553,mut_s1,detail,1,145,HWJNHVLCTGREAL-MPIMZMORNA-N,-7.99
PTK2,c_LEU553,mut_s1,detail,1,146,LHOSZRWWPIJINL-OLZOCXBDNA-N,-8.808
PTK2,c_LEU553,mut_s1,detail,1,147,DTEYRIFHHIHDHU-UHFFFAOYNA-N,-8.073
PTK2,c_LEU553,mut_s1,detail,1,148,NJZCVKDKMNRXTG-UHFFFAOYNA-N,-8.216
PTK2,c_LEU553,mut_s1,detail,1,149,NACLGLYMVLABDU-LNNLXFCONA-N,-8.236
PTK2,c_LEU553,mut_s1,detail,1,150,IDINUJSAMVOPCM-CNZJLSFANA-N,-5.871
PTK2,c_LEU553,mut_s1,detail,1,151,PGBPNHAAMLZTQB-LQFNOIFHNA-N,-7.896
PTK2,c_LEU553,mut_s1,detail,1,152,BCTINLARZZWKRE-MPIMZMORNA-N,-8.531
PTK2,c_LEU553,mut_s1,detail,1,153,JURXDQRYEGNLBW-LQFNOIFHNA-N,-7.654
PTK2,c_LEU553,mut_s1,detail,1,154,FBPQELGZQDQSII-LELJVTLKNA-N,-9.156
PTK2,c_LEU553,mut_s1,detail,1,155,ADBHXWFSFPPXEX-BDGWVKIONA-N,-8.578
PTK2,c_LEU553,mut_s1,detail,1,156,YUGZHQHSNYIFLG-KYSDGFAFNA-N,-8.386
PTK2,c_LEU553,mut_s1,detail,1,157,ZNDSONVEXMWLSF-QWOVJGMINA-N,-8.78
PTK2,c_LEU553,mut_s1,detail,1,158,QWCQVNIBTYLOHK-ZGZFQTMPNA-N,-10.022
PTK2,c_LEU553,mut_s1,detail,1,159,BELUGELSHVLAOZ-UHFFFAOYNA-N,-8.477
PTK2,c_LEU553,mut_s1,detail,1,160,HILDYDZVQRXXOI-LQFNOIFHNA-N,-8.315
PTK2,c_LEU553,mut_s1,detail,1,161,PTIIXGUDALPUPA-QWOVJGMINA-N,-8.629
PTK2,c_LEU553,mut_s1,detail,1,162,YWGOPEGGEGNDLS-UHFFFAOYNA-N,-6.645
PTK2,c_LEU553,mut_s1,detail,1,163,HXTQSKXJHJDGCP-UHFFFAOYNA-N,-8.576
PTK2,c_LEU553,mut_s1,detail,1,164,QMJHGNGJQQDHLD-PWIKPTQSNA-N,-7.823
PTK2,c_LEU553,mut_s1,detail,1,165,QZJYCFURESLRJX-UHFFFAOYNA-N,-7.873
PTK2,c_LEU553,mut_s1,detail,1,166,PDXQTFKIABMOFL-PDJAEHLQNA-N,-9.071
PTK2,c_LEU553,mut_s1,detail,1,167,REJJFCJYMVTFDN-PKRZOPRNNA-N,-8.988
PTK2,c_LEU553,mut_s1,detail,1,168,XGCSEQRDRFMGIU-LQFNOIFHNA-N,-8.014
PTK2,c_LEU553,mut_s1,detail,1,169,JJGWOCRPVQWXQG-ADQRUKDLNA-N,-7.079
PTK2,c_LEU553,mut_s1,detail,1,170,GEOCCLDMHBSVOL-UCDLDMSTNA-N,-8.268
PTK2,c_LEU553,mut_s1,detail,1,171,SMRGDRXOPYCHTR-SWUIVHNENA-N,-9.107
PTK2,c_LEU553,mut_s1,detail,1,172,RVFKUHZRUWXOIN-UHFFFAOYNA-N,-8.523
PTK2,c_LEU553,mut_s1,detail,1,173,BCXKIFJJJGSVDX-DXAUXPAJNA-N,-9.247
PTK2,c_LEU553,mut_s1,detail,1,174,WMPTUJZAWOBWLG-CMJFTGLXNA-N,-7.28
PTK2,c_LEU553,mut_s1,detail,1,175,ADAXUYSMOAZWKV-XBTAAFKLNA-N,-9.307
PTK2,c_LEU553,mut_s1,detail,1,176,QYOZNVCKISSENR-MRXNPFEDNA-N,-8.05
PTK2,c_LEU553,mut_s1,detail,1,177,XPINCFKWHIFHMC-WXFUMESZNA-N,-8.928
PTK2,c_LEU553,mut_s1,detail,1,178,ZGSQEILYEFGFIF-UHFFFAOYNA-N,-9.882
PTK2,c_LEU553,mut_s1,detail,1,179,CKRUVOWUUADMOW-LNNLXFCONA-N,-9.582
PTK2,c_LEU553,mut_s1,detail,1,180,QGZIKUYIROAFSE-QWOVJGMINA-N,-7.869
PTK2,c_LEU553,mut_s1,detail,1,181,KOFXCNSHSJISSQ-QWOVJGMINA-N,-8.854
PTK2,c_LEU553,mut_s1,detail,1,182,DCRJFLHNZRDYMM-UHFFFAOYNA-N,-8.799
PTK2,c_LEU553,mut_s1,detail,1,183,LIRCDOVJWUGTMW-IOQNOLELNA-N,-7.415
PTK2,c_LEU553,mut_s1,detail,1,184,FWYQXRWQFDPBIS-UHFFFAOYNA-N,-7.607
PTK2,c_LEU553,mut_s1,detail,1,185,LJRBIPYUCLSKJK-DVIAZDKANA-N,-9.165
PTK2,c_LEU553,mut_s1,detail,1,186,BSIVILSRVBLGQR-UHFFFAOYNA-N,-8.269
PTK2,c_LEU553,mut_s1,detail,1,187,DNDLSAMFYFNHBR-MPIMZMORNA-N,-8.182
PTK2,c_LEU553,mut_s1,detail,1,188,VFPJNRIWJIXUCK-UHFFFAOYNA-N,-8.117
PTK2,c_LEU553,mut_s1,detail,1,189,ZSYGHBADRJNZOU-UXUKNDFSNA-N,-8.86
PTK2,c_LEU553,mut_s1,detail,1,190,XQDLITNOVPCUMD-MPIMZMORNA-N,-9.068
PTK2,c_LEU553,mut_s1,detail,1,191,UCSBKUKETUKSSX-ZFJUVRDGNA-N,-8.199
PTK2,c_LEU553,mut_s1,detail,1,192,NZATZZGINMWOIA-QWOVJGMINA-N,-8.863
PTK2,c_LEU553,mut_s1,detail,1,193,PMGLUWPDZIVUOU-BKTFGIEZNA-N,-7.741
PTK2,c_LEU553,mut_s1,detail,1,194,QTYJLSSXENXPIA-XYULLFFJNA-N,-8.683
PTK2,c_LEU553,mut_s1,detail,1,195,ZDNRYSVLOMAJEZ-HZCBDIJENA-N,-9.172
PTK2,c_LEU553,mut_s1,detail,1,196,DPXQIUFPULXIFR-YETNDYBYNA-N,-7.489
PTK2,c_LEU553,mut_s1,detail,1,197,JEUQHZZAJFLFGO-MTTPVDACNA-N,-9.414
PTK2,c_LEU553,mut_s1,detail,1,198,ZWTFULMWPLLWNJ-UQMRZGFWNA-N,-8.937
PTK2,c_LEU553,mut_s1,detail,1,199,KDLLVDABAMKMLD-MJHPXVFFNA-N,-9.232
PTK2,c_LEU553,mut_s1,detail,1,200,CFYCLLUGGRSIQV-SPEPDGBUNA-N,-9.352
PTK2,c_LEU553,mut_s1,detail,1,201,CEZXHQCRLXZSBQ-IOZBVXGWNA-N,-7.264
PTK2,c_LEU553,mut_s1,detail,1,202,NOORAIXTPJNFDH-LAEBNAIWNA-N,-10.047
PTK2,c_LEU553,mut_s1,detail,1,203,VBFOTEWTMOETMO-PECIQRARNA-N,-8.587
PTK2,c_LEU553,mut_s1,detail,1,204,QLDHAZGAAUZOIP-LELJVTLKNA-N,-7.422
PTK2,c_LEU553,mut_s1,detail,1,205,ULIWBOHRWMGXPR-UHFFFAOYNA-N,-7.774
PTK2,c_LEU553,mut_s1,detail,1,206,CQRFGBFTRUHNJZ-LKHHGCNMNA-N,-8.862
PTK2,c_LEU553,mut_s1,detail,1,207,TVOUXLLNJXDHQR-MHZLTWQENA-N,-7.195
PTK2,c_LEU553,mut_s1,detail,1,208,MDSZUHOJNMNHJP-XBXBPLPCNA-N,-8.627
PTK2,c_LEU553,mut_s1,detail,1,209,GSKUSCWGMPZHKN-UHFFFAOYNA-N,-8.211
PTK2,c_LEU553,mut_s1,detail,1,210,LLUVDTDYDBDPFM-LBOYIXSDNA-N,-8.313
PTK2,c_LEU553,mut_s1,detail,1,211,CJPGWGLZKUWPFH-PWIKPTQSNA-N,-9.802
PTK2,c_LEU553,mut_s1,detail,1,212,MZLKAOWOIKALKR-LBOYIXSDNA-N,-10.84
PTK2,c_LEU553,mut_s1,detail,1,213,LYSAYZQUELVCGD-PJQSKVNONA-N,-7.834
PTK2,c_LEU553,mut_s1,detail,1,214,JBNMTQSSQCWSDW-NVENJYFMNA-N,-9.714
PTK2,c_LEU553,mut_s1,detail,1,215,CJAAXOOTFVSSKN-LKHHGCNMNA-N,-7.011
PTK2,c_LEU553,mut_s1,detail,1,216,WAVBTKPDIZFGSX-VJSLDGLSNA-N,-9.401
PTK2,c_LEU553,mut_s1,detail,1,217,FAYAHNACYAINBY-HRNBZBKQNA-N,-8.469
PTK2,c_LEU553,mut_s1,detail,1,218,ZHTJPKSSWTVTNA-PKRZOPRNNA-N,-9.289
PTK2,c_LEU553,mut_s1,detail,1,219,QRBHMNKXVMROIF-UHFFFAOYNA-N,-9.071
PTK2,c_LEU553,mut_s1,detail,1,220,BBDHNYKAQBEFTI-YSGSGMNWNA-N,-9.141
PTK2,c_LEU553,mut_s1,detail,1,221,PABHZRMPKXHYHB-MCITUVFDNA-N,-9.226
PTK2,c_LEU553,mut_s1,detail,1,222,BUEIPNNFYVCFLC-LELJVTLKNA-N,-7.933
PTK2,c_LEU553,mut_s1,detail,1,223,KKUNUMXHGLIOMX-WUSLAWIHNA-N,-9.688
PTK2,c_LEU553,mut_s1,detail,1,224,YGYOXSDMMNBVMH-PKRZOPRNNA-N,-9.36
PTK2,c_LEU553,mut_s1,detail,1,225,XRSGABXRLAWEDU-LQFNOIFHNA-N,-8.724
PTK2,c_LEU553,mut_s1,detail,1,226,AOTIBSKKXZHYRO-SPEPDGBUNA-N,-7.673
PTK2,c_LEU553,mut_s1,detail,1,227,RULOOZJTFYDVKV-LBOYIXSDNA-N,-7.948
PTK2,c_LEU553,mut_s1,detail,1,228,MFAMCZQOBFOTPV-LELJVTLKNA-N,-8.788
PTK2,c_LEU553,mut_s1,detail,1,229,RZBTZDHWOMTELG-UHFFFAOYNA-N,-9.134
PTK2,c_LEU553,mut_s1,detail,1,230,YBQSBCXVFMWVGY-UHFFFAOYNA-N,-9.407
PTK2,c_LEU553,mut_s1,detail,1,231,MFEDJQGOERVAHD-HXTKINSTNA-N,-9.028
PTK2,c_LEU553,mut_s1,detail,1,232,XGDJUMSXIASBOC-RGVBFFNGNA-N,-9.077
PTK2,c_LEU553,mut_s1,detail,1,233,INZVCQWDAXDGMY-UHFFFAOYNA-N,-9.22
PTK2,c_LEU553,mut_s1,detail,1,234,VSMNBGANRJLEFT-PECIQRARNA-N,-9.995
PTK2,c_LEU553,mut_s1,detail,1,235,VQPURKBPWWQWLN-MRPQGQGYNA-N,-7.111
PTK2,c_LEU553,mut_s1,detail,1,236,ITBJAHYMMJZDJN-ZCKBFCLLNA-N,-9.351
PTK2,c_LEU553,mut_s1,detail,1,237,GZXBKKWNTBGEDG-PLJOYGPPNA-N,-7.745
PTK2,c_LEU553,mut_s1,detail,1,238,GJSOSYVBARIGQO-XBBDFPCNNA-N,-9.754
PTK2,c_LEU553,mut_s1,detail,1,239,YWVDGPKULXWYMH-LELJVTLKNA-N,-7.737
PTK2,c_LEU553,mut_s1,detail,1,240,DTDCDTSLQAMFQK-PDIVMOMKNA-N,-9.427
PTK2,c_LEU553,mut_s1,detail,1,241,ZORDGSDKVXISJV-PKRZOPRNNA-N,-8.837
PTK2,c_LEU553,mut_s1,detail,1,242,GTWOAPKUQRYITB-UHFFFAOYNA-N,-8.188
PTK2,c_LEU553,mut_s1,detail,1,243,JPUJBYBHHWKSTD-LNNLXFCONA-N,-9.186
PTK2,c_LEU553,mut_s1,detail,1,244,PQVHRPXGPBDRRS-LBOYIXSDNA-N,-9.499
PTK2,c_LEU553,mut_s1,detail,1,245,JHPUSZOXXQWTST-OKPOJWAQNA-N,-8.177
PTK2,c_LEU553,mut_s1,detail,1,246,OWGZIGCUDXOZOS-OWVQZIOCNA-N,-9.083
PTK2,c_LEU553,mut_s1,detail,1,247,JUXPFZBFGMXKKR-JFRSHOPRNA-N,-7.398
PTK2,c_LEU553,mut_s1,detail,1,248,BWFZLXWRZDSPHK-DYDYTOMVNA-N,-11.097
PTK2,c_LEU553,mut_s1,detail,1,249,YQSOGHJBHORMOX-SPEPDGBUNA-N,-9.262
PTK2,c_LEU553,mut_s1,detail,1,250,ROFAQOFULLWONA-BBANKYPNNA-N,-7.483
PTK2,c_LEU553,mut_s1,detail,1,251,IHGDBIIOKIOQQL-OKPOJWAQNA-N,-8.964
PTK2,c_LEU553,mut_s1,detail,1,252,FAYBFUQTMGBOTD-UHFFFAOYNA-N,-9.037
PTK2,c_LEU553,mut_s1,detail,1,253,FOYYZIJHMVRFNR-IQICYJEPNA-N,-8.767
PTK2,c_LEU553,mut_s1,detail,1,254,MZNKKEVLKPDMRG-ZTQHEBCPNA-N,-9.665
PTK2,c_LEU553,mut_s1,detail,1,255,XKUVGAVISPKRJG-IBPUNKHUNA-N,-8.706
PTK2,c_ILE428,mut_s1,detail,1,0,IOEYSHPYQPFVLW-WZZIRTBGNA-N,-8.413
PTK2,c_ILE428,mut_s1,detail,1,1,KISKAILIUKCVIP-UHFFFAOYNA-N,-6.387
PTK2,c_ILE428,mut_s1,detail,1,2,YKFIUFSOZVLGEF-LILDFLRNNA-N,-7.261
PTK2,c_ILE428,mut_s1,detail,1,3,TYTJEFRFKUJPEU-UHFFFAOYNA-N,-7.765
PTK2,c_ILE428,mut_s1,detail,1,4,TYXDAJJVWKUJGI-CDZRGBSPNA-N,-7.458
PTK2,c_ILE428,mut_s1,detail,1,5,IYDIVTPTFGMDBE-UHFFFAOYNA-N,-7.534
PTK2,c_ILE428,mut_s1,detail,1,6,LVPPIRFSXIVDCQ-VQHVLOKHNA-N,-6.923
PTK2,c_ILE428,mut_s1,detail,1,7,KFWWSDHUPLWRKI-UHFFFAOYNA-N,-9.035
PTK2,c_ILE428,mut_s1,detail,1,8,BJHGDBMVHPNALY-YHMJCDSINA-N,-8.129
PTK2,c_ILE428,mut_s1,detail,1,9,ODZBBRURCPAEIQ-OASTWBFDNA-N,-6.771
PTK2,c_ILE428,mut_s1,detail,1,10,DNYBCGCBUCDEBB-GPQMBLKYNA-N,-7.37
PTK2,c_ILE428,mut_s1,detail,1,11,ODTXBYCYUFDWFS-BQYQJAHWNA-N,-6.721
PTK2,c_ILE428,mut_s1,detail,1,12,MLMSWRFVLJZNRV-NPVYFSBINA-N,-7.684
PTK2,c_ILE428,mut_s1,detail,1,13,YFQNZICTOUKIHD-UHFFFAOYNA-N,-8.141
PTK2,c_ILE428,mut_s1,detail,1,14,YWSKAQWSPONVPP-YHMJCDSINA-N,-6.641
PTK2,c_ILE428,mut_s1,detail,1,15,FUJBJSOIYVUFSM-DLGLGFIGNA-N,-7.411
PTK2,c_ILE428,mut_s1,detail,1,16,CZCAYAUDGHEBQB-UHFFFAOYNA-N,-6.024
PTK2,c_ILE428,mut_s1,detail,1,17,LQDMSIRJQBCAGP-UHFFFAOYNA-N,-6.166
PTK2,c_ILE428,mut_s1,detail,1,18,DPYXTTMTEAYPOR-UHFFFAOYNA-N,-6.492
PTK2,c_ILE428,mut_s1,detail,1,19,ASFLQPSNVCRBOH-UHFFFAOYNA-N,-7.96
PTK2,c_ILE428,mut_s1,detail,1,20,KZYALRXGZUUWDD-GTTYORLTNA-N,-6.457
PTK2,c_ILE428,mut_s1,detail,1,21,NUTSQHHREHYTAX-PKSOQXRJNA-N,-8.805
PTK2,c_ILE428,mut_s1,detail,1,22,GUDLXTFNNCOYNM-UHFFFAOYNA-N,-5.975
PTK2,c_ILE428,mut_s1,detail,1,23,BQUGPEQAOGLWFX-HVXXBKQBNA-N,-6.741
PTK2,c_ILE428,mut_s1,detail,1,24,XPVZKRRTCHLFRZ-GPQMBLKYNA-N,-7.98
PTK2,c_ILE428,mut_s1,detail,1,25,WLKKJQVIXAMEEF-GPQMBLKYNA-N,-7.216
PTK2,c_ILE428,mut_s1,detail,1,26,IJOUNEKMVDGTBS-UHFFFAOYNA-N,-7.92
PTK2,c_ILE428,mut_s1,detail,1,27,ZIVNUWICSJWDPM-UHFFFAOYNA-N,-7.537
PTK2,c_ILE428,mut_s1,detail,1,28,QCHKAZVPUNGJKS-JLOFHYGUNA-N,-7.329
PTK2,c_ILE428,mut_s1,detail,1,29,OBZIQQJJIKNWNO-UHFFFAOYNA-N,-5.435
PTK2,c_ILE428,mut_s1,detail,1,30,SKYBQLOFXJZRTN-UHFFFAOYNA-N,-6.662
PTK2,c_ILE428,mut_s1,detail,1,31,MCFVPJFLLJZVMJ-CMLSCEPHNA-N,-7.249
PTK2,c_ILE428,mut_s1,detail,1,32,GBSDYRSNVCORPF-JJEHQABKNA-N,-8.11
PTK2,c_ILE428,mut_s1,detail,1,33,OFMKKSBAKSDTKO-UHFFFAOYNA-N,-6.738
PTK2,c_ILE428,mut_s1,detail,1,34,CJBYLTVVRIPQAN-HOCLYGCPNA-N,-7.59
PTK2,c_ILE428,mut_s1,detail,1,35,HDYUIMHCGQNIMV-LILDFLRNNA-N,-8.025
PTK2,c_ILE428,mut_s1,detail,1,36,ICJZSDARRFSAJS-ZRHHXPTGNA-N,-7.161
PTK2,c_ILE428,mut_s1,detail,1,37,AIPXFBGCADYFMV-VEWCPZSHNA-N,-7.139
PTK2,c_ILE428,mut_s1,detail,1,38,GPCWYPVIFBLEET-UHFFFAOYNA-N,-6.688
PTK2,c_ILE428,mut_s1,detail,1,39,QWIUSZJTTPRTFQ-UHFFFAOYNA-N,-8.068
PTK2,c_ILE428,mut_s1,detail,1,40,MAPKZZFZZACUDG-UHFFFAOYNA-N,-6.67
PTK2,c_ILE428,mut_s1,detail,1,41,CESCXFZYHYMYGN-SPRAGNMINA-N,-6.828
PTK2,c_ILE428,mut_s1,detail,1,42,BNCSDXOYJVYYGP-UHFFFAOYNA-N,-7.181
PTK2,c_ILE428,mut_s1,detail,1,43,ZGPKQJAKEQZFLZ-UHFFFAOYNA-N,-7.271
PTK2,c_ILE428,mut_s1,detail,1,44,OHPBVIYSDIHFKK-LUXCBXFANA-N,-7.004
PTK2,c_ILE428,mut_s1,detail,1,45,BYYMILHAKOURNM-YHMJCDSINA-N,-6.352
PTK2,c_ILE428,mut_s1,detail,1,46,YTWHBYPYZLSPLQ-UHFFFAOYNA-N,-7.671
PTK2,c_ILE428,mut_s1,detail,1,47,MMXGXIVVWSANMS-ZYCJFAKPNA-N,-7.494
PTK2,c_ILE428,mut_s1,detail,1,48,RTBVWPVXLVPYGF-UHFFFAOYNA-N,-8.044
PTK2,c_ILE428,mut_s1,detail,1,49,NLENUXQYGCDSNE-YSFRZULJNA-N,-8.074
PTK2,c_ILE428,mut_s1,detail,1,50,OXAJWSLXTCIFFP-WXRBYKJCNA-N,-5.755
PTK2,c_ILE428,mut_s1,detail,1,51,GJDNHSKMTWUSHC-WYUMXYHSNA-N,-6.969
PTK2,c_ILE428,mut_s1,detail,1,52,OSBGPHZLIBZPGJ-NLMIROKBNA-N,-6.879
PTK2,c_ILE428,mut_s1,detail,1,53,AISUMVRDEXUUBA-YGPBECBDNA-N,-8.919
PTK2,c_ILE428,mut_s1,detail,1,54,KLWXBHSHSIBXJA-WYUMXYHSNA-N,-7.763
PTK2,c_ILE428,mut_s1,detail,1,55,MWMWFASTTPZIJX-LUXCBXFANA-N,-6.841
PTK2,c_ILE428,mut_s1,detail,1,56,RJTAILIIHYBAPJ-UHFFFAOYNA-N,-5.537
PTK2,c_ILE428,mut_s1,detail,1,57,VFAQKHZBOKAOSQ-UKTHLTGXNA-N,-7.557
PTK2,c_ILE428,mut_s1,detail,1,58,YLUKCEIRYXNIJA-HCKMINDGNA-N,-7.64
PTK2,c_ILE428,mut_s1,detail,1,59,ICKPGBPIOPGQTC-ZLGIYAABNA-N,-7.749
PTK2,c_ILE428,mut_s1,detail,1,60,LTYXRKCXVDROIY-RVQYIEHVNA-N,-6.728
PTK2,c_ILE428,mut_s1,detail,1,61,QWHFPWNHELQSDQ-DZQCGVKKNA-N,-8.518
PTK2,c_ILE428,mut_s1,detail,1,62,MVTATEZHUZEZCK-UYBDAZJANA-N,-7.603
PTK2,c_ILE428,mut_s1,detail,1,63,GDRUXNLFXUVALW-YHMJCDSINA-N,-6.676
PTK2,c_ILE428,mut_s1,detail,1,64,IXWJKTRPHYKVFW-XFDRBGHPNA-N,-7.998
PTK2,c_ILE428,mut_s1,detail,1,65,RGHANNJVNFHOMO-PKSOQXRJNA-N,-7.822
PTK2,c_ILE428,mut_s1,detail,1,66,VWKMEDUACYWLSV-UYBDAZJANA-N,-7.915
PTK2,c_ILE428,mut_s1,detail,1,67,IUKOSEPLJGRTJW-QWOVJGMINA-N,-7.555
PTK2,c_ILE428,mut_s1,detail,1,68,FVNOYPBUEJMUJE-UYBDAZJANA-N,-7.832
PTK2,c_ILE428,mut_s1,detail,1,69,PHEJGIHBLBFCLD-WAVQYLLINA-N,-8.389
PTK2,c_ILE428,mut_s1,detail,1,70,YAPUUUKLOXTMRU-HCKMINDGNA-N,-7.188
PTK2,c_ILE428,mut_s1,detail,1,71,NTYXBURNBUVSBD-QWOVJGMINA-N,-7.726
PTK2,c_ILE428,mut_s1,detail,1,72,MELKZDAJKCQHEJ-UHFFFAOYNA-N,-7.437
PTK2,c_ILE428,mut_s1,detail,1,73,PTOCRBNMWIXUJH-YHMJCDSINA-N,-7.235
PTK2,c_ILE428,mut_s1,detail,1,74,POLODSDKFZPSMC-LILDFLRNNA-N,-7.939
PTK2,c_ILE428,mut_s1,detail,1,75,JHSMZFWFBBVUDZ-UHFFFAOYNA-N,-8.155
PTK2,c_ILE428,mut_s1,detail,1,76,VMNYXYDPHKHXOJ-HCKMINDGNA-N,-7.126
PTK2,c_ILE428,mut_s1,detail,1,77,GYGFWUNSKKZJNC-UHFFFAOYNA-N,-7.716
PTK2,c_ILE428,mut_s1,detail,1,78,DNIJCXVBKOHALG-IDQLRGLVNA-N,-7.232
PTK2,c_ILE428,mut_s1,detail,1,79,GBGJFVRPQGILNH-JLGFQASFNA-N,-7.153
PTK2,c_ILE428,mut_s1,detail,1,80,OGYLVZMARUPAHP-BDGWVKIONA-N,-8.156
PTK2,c_ILE428,mut_s1,detail,1,81,CGNRLGKHPYEVRU-UYBDAZJANA-N,-8.423
PTK2,c_ILE428,mut_s1,detail,1,82,QDBCQJCQGPPNHU-UHFFFAOYNA-N,-7.884
PTK2,c_ILE428,mut_s1,detail,1,83,NDDXLFAARQEPKC-UHFFFAOYNA-N,-8.271
PTK2,c_ILE428,mut_s1,detail,1,84,XHMFDOIXIIEIIC-UHFFFAOYNA-N,-7.476
PTK2,c_ILE428,mut_s1,detail,1,85,AGLMSXHTTUWGMJ-PKSOQXRJNA-N,-8.608
PTK2,c_ILE428,mut_s1,detail,1,86,ZXPAKNNNSOJNPO-UHFFFAOYNA-N,-7.159
PTK2,c_ILE428,mut_s1,detail,1,87,IHQNHWIJVRBCJV-UHFFFAOYNA-N,-8.645
PTK2,c_ILE428,mut_s1,detail,1,88,RMKFZACOOVWLAE-GGEHTAOSNA-N,-8.649
PTK2,c_ILE428,mut_s1,detail,1,89,DYSOMJVQHUQQEB-UHFFFAOYNA-N,-9.536
PTK2,c_ILE428,mut_s1,detail,1,90,NOCFDFQYZHBTNN-UHFFFAOYNA-N,-6.197
PTK2,c_ILE428,mut_s1,detail,1,91,SPVWQKGFZYAZQL-UHFFFAOYNA-N,-8.407
PTK2,c_ILE428,mut_s1,detail,1,92,DMXNRKKYFNEWPP-DMNNQDHHNA-N,-7.949
PTK2,c_ILE428,mut_s1,detail,1,93,RCJPJXXLZLDCKI-PKSOQXRJNA-N,-7.313
PTK2,c_ILE428,mut_s1,detail,1,94,KGTHCGXLPNILHR-UHFFFAOYNA-N,-8.037
PTK2,c_ILE428,mut_s1,detail,1,95,NWWYETOECIPWOT-CYHZHTKENA-N,-8.379
PTK2,c_ILE428,mut_s1,detail,1,96,NTSJGFMDUAVRPY-UHFFFAOYNA-N,-7.589
PTK2,c_ILE428,mut_s1,detail,1,97,SBVPMOUWJBOMKA-JTVQLVGJNA-O,-7.486
PTK2,c_ILE428,mut_s1,detail,1,98,LDNHSKULSWUSNY-UHFFFAOYNA-N,-7.986
PTK2,c_ILE428,mut_s1,detail,1,99,ASAZLTYOWNNDLD-UHFFFAOYNA-N,-7.32
PTK2,c_ILE428,mut_s1,detail,1,100,XRTRVAKJWCIIMD-UHFFFAOYNA-N,-7.038
PTK2,c_ILE428,mut_s1,detail,1,101,ZLTWUZJNYQVQEJ-UYBDAZJANA-N,-9.114
PTK2,c_ILE428,mut_s1,detail,1,102,DEYFWGXTPWNADC-UHFFFAOYNA-N,-8.144
PTK2,c_ILE428,mut_s1,detail,1,103,RHQFMXUIKVEHFK-MPIMZMORNA-N,-7.936
PTK2,c_ILE428,mut_s1,detail,1,104,DRDGAKFCORUZED-LILDFLRNNA-N,-7.756
PTK2,c_ILE428,mut_s1,detail,1,105,LQZNOWQYGFIKRM-HVXXBKQBNA-N,-7.464
PTK2,c_ILE428,mut_s1,detail,1,106,QJNYENHUMXSMRP-UHFFFAOYNA-N,-7.915
PTK2,c_ILE428,mut_s1,detail,1,107,LQILAXPPHLDIFO-NPVYFSBINA-N,-7.235
PTK2,c_ILE428,mut_s1,detail,1,108,KACOTQQTSDQWNO-UHFFFAOYNA-N,-8.283
PTK2,c_ILE428,mut_s1,detail,1,109,QLEMXKCIAQLFMM-UHFFFAOYNA-N,-8.033
PTK2,c_ILE428,mut_s1,detail,1,110,BHLVHZWLMVLRIX-LILDFLRNNA-N,-6.807
PTK2,c_ILE428,mut_s1,detail,1,111,IJNMKCHEXHHJKS-GPQMBLKYNA-N,-7.068
PTK2,c_ILE428,mut_s1,detail,1,112,LIBKCWSTNJMFGU-BDGWVKIONA-N,-8.484
PTK2,c_ILE428,mut_s1,detail,1,113,AJJBBFYAASSTLA-XOFPBXMJNA-N,-7.602
PTK2,c_ILE428,mut_s1,detail,1,114,IAIOYYRVPMGOSB-PKSOQXRJNA-N,-8.571
PTK2,c_ILE428,mut_s1,detail,1,115,CFYPAIWQFFEAEL-UHFFFAOYNA-N,-8.298
PTK2,c_ILE428,mut_s1,detail,1,116,VYJSEMNZGPEKAE-QWOVJGMINA-N,-8.538
PTK2,c_ILE428,mut_s1,detail,1,117,GATJUUWXCJCVEK-GPQMBLKYNA-N,-7.552
PTK2,c_ILE428,mut_s1,detail,1,118,ISQNQSRGAXUFGW-UHFFFAOYNA-N,-6.746
PTK2,c_ILE428,mut_s1,detail,1,119,MCVMARUOYHWORW-UHFFFAOYNA-N,-8.725
PTK2,c_ILE428,mut_s1,detail,1,120,LQMFCWRONUNRTP-FWKJIXDGNA-N,-8.126
PTK2,c_ILE428,mut_s1,detail,1,121,HJWFQDWOWDPIBE-HPHMPNDVNA-N,-6.311
PTK2,c_ILE428,mut_s1,detail,1,122,OSJCPZAKZHSNDS-UHFFFAOYNA-N,-8.362
PTK2,c_ILE428,mut_s1,detail,1,123,OPLHOPJAFJJLPX-HNNXBMFYNA-N,-8.767
PTK2,c_ILE428,mut_s1,detail,1,124,DZQRHJBYIOEZHV-PKSOQXRJNA-N,-8.251
PTK2,c_ILE428,mut_s1,detail,1,125,ZCFXIPSPKDGCHW-HSJCKIQZNA-N,-6.97
PTK2,c_ILE428,mut_s1,detail,1,126,BVGKQXNISGPHHP-UYBDAZJANA-N,-7.768
PTK2,c_ILE428,mut_s1,detail,1,127,WWGWJOHBDMYLBT-PKSOQXRJNA-N,-6.692
PTK2,c_ILE428,mut_s1,detail,1,128,JGDGIOMUQREIHP-BATSNZJTNA-N,-7.183
PTK2,c_ILE428,mut_s1,detail,1,129,LJDDSNOWUABFAP-HPRFPMAVNA-N,-7.899
PTK2,c_ILE428,mut_s1,detail,1,130,MBDOYHYQUXBBFT-UHFFFAOYNA-N,-9.255
PTK2,c_ILE428,mut_s1,detail,1,131,AGJUEHKKCLPMSY-LQFNOIFHNA-N,-8.317
PTK2,c_ILE428,mut_s1,detail,1,132,UMCUVZSSUIPNCL-BEMXBZHGNA-N,-8.593
PTK2,c_ILE428,mut_s1,detail,1,133,NKZFBKUWUIWQEM-LNNLXFCONA-N,-8.473
PTK2,c_ILE428,mut_s1,detail,1,134,GQNKLNZBZDEAMD-VQHCSMNLNA-N,-9.664
PTK2,c_ILE428,mut_s1,detail,1,135,UZNJTHHFIAFJGO-LQFNOIFHNA-N,-7.46
PTK2,c_ILE428,mut_s1,detail,1,136,LAFAEGAOHGJFCB-UHFFFAOYNA-N,-7.414
PTK2,c_ILE428,mut_s1,detail,1,137,QVHZVCDVVJVJRX-LNNLXFCONA-N,-9.104
PTK2,c_ILE428,mut_s1,detail,1,138,MWRHMRJPYFQMSQ-LNNLXFCONA-N,-8.432
PTK2,c_ILE428,mut_s1,detail,1,139,GCAQZYOXIVYDMN-PKSOQXRJNA-N,-7.162
PTK2,c_ILE428,mut_s1,detail,1,140,YJGPQCADKRAQFX-ZSDIGFPLNA-N,-8.499
PTK2,c_ILE428,mut_s1,detail,1,141,UZYMAWCMCCVCOW-BUKGPZPNNA-N,-7.691
PTK2,c_ILE428,mut_s1,detail,1,142,ZWSLJIFYDPKRSQ-XBXBPLPCNA-N,-8.917
PTK2,c_ILE428,mut_s1,detail,1,143,IJNTWIFESBAWCT-QWOVJGMINA-N,-8.99
PTK2,c_ILE428,mut_s1,detail,1,144,CXIYFBKPJSQXDU-WDUJWNCGNA-N,-8.552
PTK2,c_ILE428,mut_s1,detail,1,145,HWJNHVLCTGREAL-MPIMZMORNA-N,-7.662
PTK2,c_ILE428,mut_s1,detail,1,146,LHOSZRWWPIJINL-OLZOCXBDNA-N,-8.619
PTK2,c_ILE428,mut_s1,detail,1,147,DTEYRIFHHIHDHU-UHFFFAOYNA-N,-7.644
PTK2,c_ILE428,mut_s1,detail,1,148,NJZCVKDKMNRXTG-UHFFFAOYNA-N,-7.633
PTK2,c_ILE428,mut_s1,detail,1,149,NACLGLYMVLABDU-LNNLXFCONA-N,-8.539
PTK2,c_ILE428,mut_s1,detail,1,150,IDINUJSAMVOPCM-CNZJLSFANA-N,-5.818
PTK2,c_ILE428,mut_s1,detail,1,151,PGBPNHAAMLZTQB-LQFNOIFHNA-N,-7.523
PTK2,c_ILE428,mut_s1,detail,1,152,BCTINLARZZWKRE-MPIMZMORNA-N,-7.561
PTK2,c_ILE428,mut_s1,detail,1,153,JURXDQRYEGNLBW-LQFNOIFHNA-N,-7.731
PTK2,c_ILE428,mut_s1,detail,1,154,FBPQELGZQDQSII-LELJVTLKNA-N,-8.613
PTK2,c_ILE428,mut_s1,detail,1,155,ADBHXWFSFPPXEX-BDGWVKIONA-N,-7.944
PTK2,c_ILE428,mut_s1,detail,1,156,YUGZHQHSNYIFLG-KYSDGFAFNA-N,-7.779
PTK2,c_ILE428,mut_s1,detail,1,157,ZNDSONVEXMWLSF-QWOVJGMINA-N,-8.068
PTK2,c_ILE428,mut_s1,detail,1,158,QWCQVNIBTYLOHK-ZGZFQTMPNA-N,-9.879
PTK2,c_ILE428,mut_s1,detail,1,159,BELUGELSHVLAOZ-UHFFFAOYNA-N,-8.776
PTK2,c_ILE428,mut_s1,detail,1,160,HILDYDZVQRXXOI-LQFNOIFHNA-N,-7.805
PTK2,c_ILE428,mut_s1,detail,1,161,PTIIXGUDALPUPA-QWOVJGMINA-N,-8.296
PTK2,c_ILE428,mut_s1,detail,1,162,YWGOPEGGEGNDLS-UHFFFAOYNA-N,-6.589
PTK2,c_ILE428,mut_s1,detail,1,163,HXTQSKXJHJDGCP-UHFFFAOYNA-N,-8.532
PTK2,c_ILE428,mut_s1,detail,1,164,QMJHGNGJQQDHLD-PWIKPTQSNA-N,-7.963
PTK2,c_ILE428,mut_s1,detail,1,165,QZJYCFURESLRJX-UHFFFAOYNA-N,-7.574
PTK2,c_ILE428,mut_s1,detail,1,166,PDXQTFKIABMOFL-PDJAEHLQNA-N,-8.082
PTK2,c_ILE428,mut_s1,detail,1,167,REJJFCJYMVTFDN-PKRZOPRNNA-N,-8.839
PTK2,c_ILE428,mut_s1,detail,1,168,XGCSEQRDRFMGIU-LQFNOIFHNA-N,-8.038
PTK2,c_ILE428,mut_s1,detail,1,169,JJGWOCRPVQWXQG-ADQRUKDLNA-N,-7.413
PTK2,c_ILE428,mut_s1,detail,1,170,GEOCCLDMHBSVOL-UCDLDMSTNA-N,-7.902
PTK2,c_ILE428,mut_s1,detail,1,171,SMRGDRXOPYCHTR-SWUIVHNENA-N,-8.839
PTK2,c_ILE428,mut_s1,detail,1,172,RVFKUHZRUWXOIN-UHFFFAOYNA-N,-7.785
PTK2,c_ILE428,mut_s1,detail,1,173,BCXKIFJJJGSVDX-DXAUXPAJNA-N,-9.906
PTK2,c_ILE428,mut_s1,detail,1,174,WMPTUJZAWOBWLG-CMJFTGLXNA-N,-7.136
PTK2,c_ILE428,mut_s1,detail,1,175,ADAXUYSMOAZWKV-XBTAAFKLNA-N,-9.198
PTK2,c_ILE428,mut_s1,detail,1,176,QYOZNVCKISSENR-MRXNPFEDNA-N,-7.776
PTK2,c_ILE428,mut_s1,detail,1,177,XPINCFKWHIFHMC-WXFUMESZNA-N,-8.046
PTK2,c_ILE428,mut_s1,detail,1,178,ZGSQEILYEFGFIF-UHFFFAOYNA-N,-9.946
PTK2,c_ILE428,mut_s1,detail,1,179,CKRUVOWUUADMOW-LNNLXFCONA-N,-9.223
PTK2,c_ILE428,mut_s1,detail,1,180,QGZIKUYIROAFSE-QWOVJGMINA-N,-7.565
PTK2,c_ILE428,mut_s1,detail,1,181,KOFXCNSHSJISSQ-QWOVJGMINA-N,-8.683
PTK2,c_ILE428,mut_s1,detail,1,182,DCRJFLHNZRDYMM-UHFFFAOYNA-N,-8.628
PTK2,c_ILE428,mut_s1,detail,1,183,LIRCDOVJWUGTMW-IOQNOLELNA-N,-7.181
PTK2,c_ILE428,mut_s1,detail,1,184,FWYQXRWQFDPBIS-UHFFFAOYNA-N,-7.65
PTK2,c_ILE428,mut_s1,detail,1,185,LJRBIPYUCLSKJK-DVIAZDKANA-N,-7.935
PTK2,c_ILE428,mut_s1,detail,1,186,BSIVILSRVBLGQR-UHFFFAOYNA-N,-8.22
PTK2,c_ILE428,mut_s1,detail,1,187,DNDLSAMFYFNHBR-MPIMZMORNA-N,-7.539
PTK2,c_ILE428,mut_s1,detail,1,188,VFPJNRIWJIXUCK-UHFFFAOYNA-N,-8.151
PTK2,c_ILE428,mut_s1,detail,1,189,ZSYGHBADRJNZOU-UXUKNDFSNA-N,-7.697
PTK2,c_ILE428,mut_s1,detail,1,190,XQDLITNOVPCUMD-MPIMZMORNA-N,-8.587
PTK2,c_ILE428,mut_s1,detail,1,191,UCSBKUKETUKSSX-ZFJUVRDGNA-N,-8.252
PTK2,c_ILE428,mut_s1,detail,1,192,NZATZZGINMWOIA-QWOVJGMINA-N,-8.405
PTK2,c_ILE428,mut_s1,detail,1,193,PMGLUWPDZIVUOU-BKTFGIEZNA-N,-7.979
PTK2,c_ILE428,mut_s1,detail,1,194,QTYJLSSXENXPIA-XYULLFFJNA-N,-8.418
PTK2,c_ILE428,mut_s1,detail,1,195,ZDNRYSVLOMAJEZ-HZCBDIJENA-N,-9.531
PTK2,c_ILE428,mut_s1,detail,1,196,DPXQIUFPULXIFR-YETNDYBYNA-N,-7.558
PTK2,c_ILE428,mut_s1,detail,1,197,JEUQHZZAJFLFGO-MTTPVDACNA-N,-8.678
PTK2,c_ILE428,mut_s1,detail,1,198,ZWTFULMWPLLWNJ-UQMRZGFWNA-N,-8.951
PTK2,c_ILE428,mut_s1,detail,1,199,KDLLVDABAMKMLD-MJHPXVFFNA-N,-8.619
PTK2,c_ILE428,mut_s1,detail,1,200,CFYCLLUGGRSIQV-SPEPDGBUNA-N,-8.896
PTK2,c_ILE428,mut_s1,detail,1,201,CEZXHQCRLXZSBQ-IOZBVXGWNA-N,-7.21
PTK2,c_ILE428,mut_s1,detail,1,202,NOORAIXTPJNFDH-LAEBNAIWNA-N,-9.152
PTK2,c_ILE428,mut_s1,detail,1,203,VBFOTEWTMOETMO-PECIQRARNA-N,-8.021
PTK2,c_ILE428,mut_s1,detail,1,204,QLDHAZGAAUZOIP-LELJVTLKNA-N,-7.457
PTK2,c_ILE428,mut_s1,detail,1,205,ULIWBOHRWMGXPR-UHFFFAOYNA-N,-7.359
PTK2,c_ILE428,mut_s1,detail,1,206,CQRFGBFTRUHNJZ-LKHHGCNMNA-N,-7.833
PTK2,c_ILE428,mut_s1,detail,1,207,TVOUXLLNJXDHQR-MHZLTWQENA-N,-7.378
PTK2,c_ILE428,mut_s1,detail,1,208,MDSZUHOJNMNHJP-XBXBPLPCNA-N,-8.339
PTK2,c_ILE428,mut_s1,detail,1,209,GSKUSCWGMPZHKN-UHFFFAOYNA-N,-8.335
PTK2,c_ILE428,mut_s1,detail,1,210,LLUVDTDYDBDPFM-LBOYIXSDNA-N,-7.841
PTK2,c_ILE428,mut_s1,detail,1,211,CJPGWGLZKUWPFH-PWIKPTQSNA-N,-8.956
PTK2,c_ILE428,mut_s1,detail,1,212,MZLKAOWOIKALKR-LBOYIXSDNA-N,-8.585
PTK2,c_ILE428,mut_s1,detail,1,213,LYSAYZQUELVCGD-PJQSKVNONA-N,-7.418
PTK2,c_ILE428,mut_s1,detail,1,214,JBNMTQSSQCWSDW-NVENJYFMNA-N,-9.688
PTK2,c_ILE428,mut_s1,detail,1,215,CJAAXOOTFVSSKN-LKHHGCNMNA-N,-7.311
PTK2,c_ILE428,mut_s1,detail,1,216,WAVBTKPDIZFGSX-VJSLDGLSNA-N,-9.074
PTK2,c_ILE428,mut_s1,detail,1,217,FAYAHNACYAINBY-HRNBZBKQNA-N,-8.814
PTK2,c_ILE428,mut_s1,detail,1,218,ZHTJPKSSWTVTNA-PKRZOPRNNA-N,-8.093
PTK2,c_ILE428,mut_s1,detail,1,219,QRBHMNKXVMROIF-UHFFFAOYNA-N,-8.978
PTK2,c_ILE428,mut_s1,detail,1,220,BBDHNYKAQBEFTI-YSGSGMNWNA-N,-9.043
PTK2,c_ILE428,mut_s1,detail,1,221,PABHZRMPKXHYHB-MCITUVFDNA-N,-8.851
PTK2,c_ILE428,mut_s1,detail,1,222,BUEIPNNFYVCFLC-LELJVTLKNA-N,-8.266
PTK2,c_ILE428,mut_s1,detail,1,223,KKUNUMXHGLIOMX-WUSLAWIHNA-N,-9.283
PTK2,c_ILE428,mut_s1,detail,1,224,YGYOXSDMMNBVMH-PKRZOPRNNA-N,-9.166
PTK2,c_ILE428,mut_s1,detail,1,225,XRSGABXRLAWEDU-LQFNOIFHNA-N,-8.367
PTK2,c_ILE428,mut_s1,detail,1,226,AOTIBSKKXZHYRO-SPEPDGBUNA-N,-7.905
PTK2,c_ILE428,mut_s1,detail,1,227,RULOOZJTFYDVKV-LBOYIXSDNA-N,-7.43
PTK2,c_ILE428,mut_s1,detail,1,228,MFAMCZQOBFOTPV-LELJVTLKNA-N,-8.24
PTK2,c_ILE428,mut_s1,detail,1,229,RZBTZDHWOMTELG-UHFFFAOYNA-N,-6.909
PTK2,c_ILE428,mut_s1,detail,1,230,YBQSBCXVFMWVGY-UHFFFAOYNA-N,-9.488
PTK2,c_ILE428,mut_s1,detail,1,231,MFEDJQGOERVAHD-HXTKINSTNA-N,-8.67
PTK2,c_ILE428,mut_s1,detail,1,232,XGDJUMSXIASBOC-RGVBFFNGNA-N,-9.242
PTK2,c_ILE428,mut_s1,detail,1,233,INZVCQWDAXDGMY-UHFFFAOYNA-N,-8.907
PTK2,c_ILE428,mut_s1,detail,1,234,VSMNBGANRJLEFT-PECIQRARNA-N,-9.096
PTK2,c_ILE428,mut_s1,detail,1,235,VQPURKBPWWQWLN-MRPQGQGYNA-N,-7.671
PTK2,c_ILE428,mut_s1,detail,1,236,ITBJAHYMMJZDJN-ZCKBFCLLNA-N,-9.154
PTK2,c_ILE428,mut_s1,detail,1,237,GZXBKKWNTBGEDG-PLJOYGPPNA-N,-7.888
PTK2,c_ILE428,mut_s1,detail,1,238,GJSOSYVBARIGQO-XBBDFPCNNA-N,-9.799
PTK2,c_ILE428,mut_s1,detail,1,239,YWVDGPKULXWYMH-LELJVTLKNA-N,-7.25
PTK2,c_ILE428,mut_s1,detail,1,240,DTDCDTSLQAMFQK-PDIVMOMKNA-N,-8.37
PTK2,c_ILE428,mut_s1,detail,1,241,ZORDGSDKVXISJV-PKRZOPRNNA-N,-6.022
PTK2,c_ILE428,mut_s1,detail,1,242,GTWOAPKUQRYITB-UHFFFAOYNA-N,-7.472
PTK2,c_ILE428,mut_s1,detail,1,243,JPUJBYBHHWKSTD-LNNLXFCONA-N,-9.254
PTK2,c_ILE428,mut_s1,detail,1,244,PQVHRPXGPBDRRS-LBOYIXSDNA-N,-10.04
PTK2,c_ILE428,mut_s1,detail,1,245,JHPUSZOXXQWTST-OKPOJWAQNA-N,-7.707
PTK2,c_ILE428,mut_s1,detail,1,246,OWGZIGCUDXOZOS-OWVQZIOCNA-N,-8.495
PTK2,c_ILE428,mut_s1,detail,1,247,JUXPFZBFGMXKKR-JFRSHOPRNA-N,-7.172
PTK2,c_ILE428,mut_s1,detail,1,248,BWFZLXWRZDSPHK-DYDYTOMVNA-N,-10.78
PTK2,c_ILE428,mut_s1,detail,1,249,YQSOGHJBHORMOX-SPEPDGBUNA-N,-8.396
PTK2,c_ILE428,mut_s1,detail,1,250,ROFAQOFULLWONA-BBANKYPNNA-N,-7.82
PTK2,c_ILE428,mut_s1,detail,1,251,IHGDBIIOKIOQQL-OKPOJWAQNA-N,-8.325
PTK2,c_ILE428,mut_s1,detail,1,252,FAYBFUQTMGBOTD-UHFFFAOYNA-N,-9.496
PTK2,c_ILE428,mut_s1,detail,1,253,FOYYZIJHMVRFNR-IQICYJEPNA-N,-8.291
PTK2,c_ILE428,mut_s1,detail,1,254,MZNKKEVLKPDMRG-ZTQHEBCPNA-N,-9.36
PTK2,c_ILE428,mut_s1,detail,1,255,XKUVGAVISPKRJG-IBPUNKHUNA-N,-7.441
PTK2,c_GLU506,mut_s1,detail,1,0,IOEYSHPYQPFVLW-WZZIRTBGNA-N,-8.499
PTK2,c_GLU506,mut_s1,detail,1,1,KISKAILIUKCVIP-UHFFFAOYNA-N,-6.511
PTK2,c_GLU506,mut_s1,detail,1,2,YKFIUFSOZVLGEF-LILDFLRNNA-N,-7.304
PTK2,c_GLU506,mut_s1,detail,1,3,TYTJEFRFKUJPEU-UHFFFAOYNA-N,-7.528
PTK2,c_GLU506,mut_s1,detail,1,4,TYXDAJJVWKUJGI-CDZRGBSPNA-N,-7.58
PTK2,c_GLU506,mut_s1,detail,1,5,IYDIVTPTFGMDBE-UHFFFAOYNA-N,-7.745
PTK2,c_GLU506,mut_s1,detail,1,6,LVPPIRFSXIVDCQ-VQHVLOKHNA-N,-7.096
PTK2,c_GLU506,mut_s1,detail,1,7,KFWWSDHUPLWRKI-UHFFFAOYNA-N,-9.173
PTK2,c_GLU506,mut_s1,detail,1,8,BJHGDBMVHPNALY-YHMJCDSINA-N,-7.764
PTK2,c_GLU506,mut_s1,detail,1,9,ODZBBRURCPAEIQ-OASTWBFDNA-N,-6.403
PTK2,c_GLU506,mut_s1,detail,1,10,DNYBCGCBUCDEBB-GPQMBLKYNA-N,-7.689
PTK2,c_GLU506,mut_s1,detail,1,11,ODTXBYCYUFDWFS-BQYQJAHWNA-N,-6.63
PTK2,c_GLU506,mut_s1,detail,1,12,MLMSWRFVLJZNRV-NPVYFSBINA-N,-7.092
PTK2,c_GLU506,mut_s1,detail,1,13,YFQNZICTOUKIHD-UHFFFAOYNA-N,-8.424
PTK2,c_GLU506,mut_s1,detail,1,14,YWSKAQWSPONVPP-YHMJCDSINA-N,-6.761
PTK2,c_GLU506,mut_s1,detail,1,15,FUJBJSOIYVUFSM-DLGLGFIGNA-N,-7.447
PTK2,c_GLU506,mut_s1,detail,1,16,CZCAYAUDGHEBQB-UHFFFAOYNA-N,-5.991
PTK2,c_GLU506,mut_s1,detail,1,17,LQDMSIRJQBCAGP-UHFFFAOYNA-N,-6.094
PTK2,c_GLU506,mut_s1,detail,1,18,DPYXTTMTEAYPOR-UHFFFAOYNA-N,-6.734
PTK2,c_GLU506,mut_s1,detail,1,19,ASFLQPSNVCRBOH-UHFFFAOYNA-N,-8.033
PTK2,c_GLU506,mut_s1,detail,1,20,KZYALRXGZUUWDD-GTTYORLTNA-N,-6.645
PTK2,c_GLU506,mut_s1,detail,1,21,NUTSQHHREHYTAX-PKSOQXRJNA-N,-8.388
PTK2,c_GLU506,mut_s1,detail,1,22,GUDLXTFNNCOYNM-UHFFFAOYNA-N,-6.019
PTK2,c_GLU506,mut_s1,detail,1,23,BQUGPEQAOGLWFX-HVXXBKQBNA-N,-7.268
PTK2,c_GLU506,mut_s1,detail,1,24,XPVZKRRTCHLFRZ-GPQMBLKYNA-N,-8.075
PTK2,c_GLU506,mut_s1,detail,1,25,WLKKJQVIXAMEEF-GPQMBLKYNA-N,-7.169
PTK2,c_GLU506,mut_s1,detail,1,26,IJOUNEKMVDGTBS-UHFFFAOYNA-N,-8.076
PTK2,c_GLU506,mut_s1,detail,1,27,ZIVNUWICSJWDPM-UHFFFAOYNA-N,-7.381
PTK2,c_GLU506,mut_s1,detail,1,28,QCHKAZVPUNGJKS-JLOFHYGUNA-N,-7.33
PTK2,c_GLU506,mut_s1,detail,1,29,OBZIQQJJIKNWNO-UHFFFAOYNA-N,-5.456
PTK2,c_GLU506,mut_s1,detail,1,30,SKYBQLOFXJZRTN-UHFFFAOYNA-N,-6.763
PTK2,c_GLU506,mut_s1,detail,1,31,MCFVPJFLLJZVMJ-CMLSCEPHNA-N,-7.328
PTK2,c_GLU506,mut_s1,detail,1,32,GBSDYRSNVCORPF-JJEHQABKNA-N,-7.638
PTK2,c_GLU506,mut_s1,detail,1,33,OFMKKSBAKSDTKO-UHFFFAOYNA-N,-6.315
PTK2,c_GLU506,mut_s1,detail,1,34,CJBYLTVVRIPQAN-HOCLYGCPNA-N,-7.322
PTK2,c_GLU506,mut_s1,detail,1,35,HDYUIMHCGQNIMV-LILDFLRNNA-N,-8.771
PTK2,c_GLU506,mut_s1,detail,1,36,ICJZSDARRFSAJS-ZRHHXPTGNA-N,-7.078
PTK2,c_GLU506,mut_s1,detail,1,37,AIPXFBGCADYFMV-VEWCPZSHNA-N,-7.661
PTK2,c_GLU506,mut_s1,detail,1,38,GPCWYPVIFBLEET-UHFFFAOYNA-N,-7.108
PTK2,c_GLU506,mut_s1,detail,1,39,QWIUSZJTTPRTFQ-UHFFFAOYNA-N,-8.039
PTK2,c_GLU506,mut_s1,detail,1,40,MAPKZZFZZACUDG-UHFFFAOYNA-N,-6.539
PTK2,c_GLU506,mut_s1,detail,1,41,CESCXFZYHYMYGN-SPRAGNMINA-N,-6.648
PTK2,c_GLU506,mut_s1,detail,1,42,BNCSDXOYJVYYGP-UHFFFAOYNA-N,-7.296
PTK2,c_GLU506,mut_s1,detail,1,43,ZGPKQJAKEQZFLZ-UHFFFAOYNA-N,-7.553
PTK2,c_GLU506,mut_s1,detail,1,44,OHPBVIYSDIHFKK-LUXCBXFANA-N,-6.968
PTK2,c_GLU506,mut_s1,detail,1,45,BYYMILHAKOURNM-YHMJCDSINA-N,-5.849
PTK2,c_GLU506,mut_s1,detail,1,46,YTWHBYPYZLSPLQ-UHFFFAOYNA-N,-7.972
PTK2,c_GLU506,mut_s1,detail,1,47,MMXGXIVVWSANMS-ZYCJFAKPNA-N,-7.798
PTK2,c_GLU506,mut_s1,detail,1,48,RTBVWPVXLVPYGF-UHFFFAOYNA-N,-7.862
PTK2,c_GLU506,mut_s1,detail,1,49,NLENUXQYGCDSNE-YSFRZULJNA-N,-8.022
PTK2,c_GLU506,mut_s1,detail,1,50,OXAJWSLXTCIFFP-WXRBYKJCNA-N,-6.08
PTK2,c_GLU506,mut_s1,detail,1,51,GJDNHSKMTWUSHC-WYUMXYHSNA-N,-6.65
PTK2,c_GLU506,mut_s1,detail,1,52,OSBGPHZLIBZPGJ-NLMIROKBNA-N,-6.787
PTK2,c_GLU506,mut_s1,detail,1,53,AISUMVRDEXUUBA-YGPBECBDNA-N,-8.086
PTK2,c_GLU506,mut_s1,detail,1,54,KLWXBHSHSIBXJA-WYUMXYHSNA-N,-7.445
PTK2,c_GLU506,mut_s1,detail,1,55,MWMWFASTTPZIJX-LUXCBXFANA-N,-6.447
PTK2,c_GLU506,mut_s1,detail,1,56,RJTAILIIHYBAPJ-UHFFFAOYNA-N,-5.215
PTK2,c_GLU506,mut_s1,detail,1,57,VFAQKHZBOKAOSQ-UKTHLTGXNA-N,-7.403
PTK2,c_GLU506,mut_s1,detail,1,58,YLUKCEIRYXNIJA-HCKMINDGNA-N,-7.631
PTK2,c_GLU506,mut_s1,detail,1,59,ICKPGBPIOPGQTC-ZLGIYAABNA-N,-7.9
PTK2,c_GLU506,mut_s1,detail,1,60,LTYXRKCXVDROIY-RVQYIEHVNA-N,-6.879
PTK2,c_GLU506,mut_s1,detail,1,61,QWHFPWNHELQSDQ-DZQCGVKKNA-N,-8.639
PTK2,c_GLU506,mut_s1,detail,1,62,MVTATEZHUZEZCK-UYBDAZJANA-N,-7.254
PTK2,c_GLU506,mut_s1,detail,1,63,GDRUXNLFXUVALW-YHMJCDSINA-N,-6.588
PTK2,c_GLU506,mut_s1,detail,1,64,IXWJKTRPHYKVFW-XFDRBGHPNA-N,-7.503
PTK2,c_GLU506,mut_s1,detail,1,65,RGHANNJVNFHOMO-PKSOQXRJNA-N,-8.316
PTK2,c_GLU506,mut_s1,detail,1,66,VWKMEDUACYWLSV-UYBDAZJANA-N,-7.952
PTK2,c_GLU506,mut_s1,detail,1,67,IUKOSEPLJGRTJW-QWOVJGMINA-N,-7.702
PTK2,c_GLU506,mut_s1,detail,1,68,FVNOYPBUEJMUJE-UYBDAZJANA-N,-8.151
PTK2,c_GLU506,mut_s1,detail,1,69,PHEJGIHBLBFCLD-WAVQYLLINA-N,-8.679
PTK2,c_GLU506,mut_s1,detail,1,70,YAPUUUKLOXTMRU-HCKMINDGNA-N,-7.251
PTK2,c_GLU506,mut_s1,detail,1,71,NTYXBURNBUVSBD-QWOVJGMINA-N,-7.986
PTK2,c_GLU506,mut_s1,detail,1,72,MELKZDAJKCQHEJ-UHFFFAOYNA-N,-7.657
PTK2,c_GLU506,mut_s1,detail,1,73,PTOCRBNMWIXUJH-YHMJCDSINA-N,-7.247
PTK2,c_GLU506,mut_s1,detail,1,74,POLODSDKFZPSMC-LILDFLRNNA-N,-7.769
PTK2,c_GLU506,mut_s1,detail,1,75,JHSMZFWFBBVUDZ-UHFFFAOYNA-N,-8.094
PTK2,c_GLU506,mut_s1,detail,1,76,VMNYXYDPHKHXOJ-HCKMINDGNA-N,-7.235
PTK2,c_GLU506,mut_s1,detail,1,77,GYGFWUNSKKZJNC-UHFFFAOYNA-N,-7.649
PTK2,c_GLU506,mut_s1,detail,1,78,DNIJCXVBKOHALG-IDQLRGLVNA-N,-7.764
PTK2,c_GLU506,mut_s1,detail,1,79,GBGJFVRPQGILNH-JLGFQASFNA-N,-6.921
PTK2,c_GLU506,mut_s1,detail,1,80,OGYLVZMARUPAHP-BDGWVKIONA-N,-7.931
PTK2,c_GLU506,mut_s1,detail,1,81,CGNRLGKHPYEVRU-UYBDAZJANA-N,-8.402
PTK2,c_GLU506,mut_s1,detail,1,82,QDBCQJCQGPPNHU-UHFFFAOYNA-N,-7.912
PTK2,c_GLU506,mut_s1,detail,1,83,NDDXLFAARQEPKC-UHFFFAOYNA-N,-7.985
PTK2,c_GLU506,mut_s1,detail,1,84,XHMFDOIXIIEIIC-UHFFFAOYNA-N,-7.373
PTK2,c_GLU506,mut_s1,detail,1,85,AGLMSXHTTUWGMJ-PKSOQXRJNA-N,-8.367
PTK2,c_GLU506,mut_s1,detail,1,86,ZXPAKNNNSOJNPO-UHFFFAOYNA-N,-7.36
PTK2,c_GLU506,mut_s1,detail,1,87,IHQNHWIJVRBCJV-UHFFFAOYNA-N,-8.683
PTK2,c_GLU506,mut_s1,detail,1,88,RMKFZACOOVWLAE-GGEHTAOSNA-N,-8.411
PTK2,c_GLU506,mut_s1,detail,1,89,DYSOMJVQHUQQEB-UHFFFAOYNA-N,-10.087
PTK2,c_GLU506,mut_s1,detail,1,90,NOCFDFQYZHBTNN-UHFFFAOYNA-N,-6.777
PTK2,c_GLU506,mut_s1,detail,1,91,SPVWQKGFZYAZQL-UHFFFAOYNA-N,-8.52
PTK2,c_GLU506,mut_s1,detail,1,92,DMXNRKKYFNEWPP-DMNNQDHHNA-N,-8.37
PTK2,c_GLU506,mut_s1,detail,1,93,RCJPJXXLZLDCKI-PKSOQXRJNA-N,-7.163
PTK2,c_GLU506,mut_s1,detail,1,94,KGTHCGXLPNILHR-UHFFFAOYNA-N,-8.1
PTK2,c_GLU506,mut_s1,detail,1,95,NWWYETOECIPWOT-CYHZHTKENA-N,-8.136
PTK2,c_GLU506,mut_s1,detail,1,96,NTSJGFMDUAVRPY-UHFFFAOYNA-N,-7.544
PTK2,c_GLU506,mut_s1,detail,1,97,SBVPMOUWJBOMKA-JTVQLVGJNA-O,-7.545
PTK2,c_GLU506,mut_s1,detail,1,98,LDNHSKULSWUSNY-UHFFFAOYNA-N,-8.366
PTK2,c_GLU506,mut_s1,detail,1,99,ASAZLTYOWNNDLD-UHFFFAOYNA-N,-7.167
PTK2,c_GLU506,mut_s1,detail,1,100,XRTRVAKJWCIIMD-UHFFFAOYNA-N,-6.767
PTK2,c_GLU506,mut_s1,detail,1,101,ZLTWUZJNYQVQEJ-UYBDAZJANA-N,-8.237
PTK2,c_GLU506,mut_s1,detail,1,102,DEYFWGXTPWNADC-UHFFFAOYNA-N,-8.279
PTK2,c_GLU506,mut_s1,detail,1,103,RHQFMXUIKVEHFK-MPIMZMORNA-N,-7.663
PTK2,c_GLU506,mut_s1,detail,1,104,DRDGAKFCORUZED-LILDFLRNNA-N,-7.57
PTK2,c_GLU506,mut_s1,detail,1,105,LQZNOWQYGFIKRM-HVXXBKQBNA-N,-7.417
PTK2,c_GLU506,mut_s1,detail,1,106,QJNYENHUMXSMRP-UHFFFAOYNA-N,-8.193
PTK2,c_GLU506,mut_s1,detail,1,107,LQILAXPPHLDIFO-NPVYFSBINA-N,-6.283
PTK2,c_GLU506,mut_s1,detail,1,108,KACOTQQTSDQWNO-UHFFFAOYNA-N,-7.929
PTK2,c_GLU506,mut_s1,detail,1,109,QLEMXKCIAQLFMM-UHFFFAOYNA-N,-8.102
PTK2,c_GLU506,mut_s1,detail,1,110,BHLVHZWLMVLRIX-LILDFLRNNA-N,-6.649
PTK2,c_GLU506,mut_s1,detail,1,111,IJNMKCHEXHHJKS-GPQMBLKYNA-N,-7.224
PTK2,c_GLU506,mut_s1,detail,1,112,LIBKCWSTNJMFGU-BDGWVKIONA-N,-8.248
PTK2,c_GLU506,mut_s1,detail,1,113,AJJBBFYAASSTLA-XOFPBXMJNA-N,-8.092
PTK2,c_GLU506,mut_s1,detail,1,114,IAIOYYRVPMGOSB-PKSOQXRJNA-N,-9.258
PTK2,c_GLU506,mut_s1,detail,1,115,CFYPAIWQFFEAEL-UHFFFAOYNA-N,-7.712
PTK2,c_GLU506,mut_s1,detail,1,116,VYJSEMNZGPEKAE-QWOVJGMINA-N,-8.485
PTK2,c_GLU506,mut_s1,detail,1,117,GATJUUWXCJCVEK-GPQMBLKYNA-N,-7.052
PTK2,c_GLU506,mut_s1,detail,1,118,ISQNQSRGAXUFGW-UHFFFAOYNA-N,-7.098
PTK2,c_GLU506,mut_s1,detail,1,119,MCVMARUOYHWORW-UHFFFAOYNA-N,-8.859
PTK2,c_GLU506,mut_s1,detail,1,120,LQMFCWRONUNRTP-FWKJIXDGNA-N,-7.825
PTK2,c_GLU506,mut_s1,detail,1,121,HJWFQDWOWDPIBE-HPHMPNDVNA-N,-8.264
PTK2,c_GLU506,mut_s1,detail,1,122,OSJCPZAKZHSNDS-UHFFFAOYNA-N,-8.01
PTK2,c_GLU506,mut_s1,detail,1,123,OPLHOPJAFJJLPX-HNNXBMFYNA-N,-8.889
PTK2,c_GLU506,mut_s1,detail,1,124,DZQRHJBYIOEZHV-PKSOQXRJNA-N,-7.742
PTK2,c_GLU506,mut_s1,detail,1,125,ZCFXIPSPKDGCHW-HSJCKIQZNA-N,-7.283
PTK2,c_GLU506,mut_s1,detail,1,126,BVGKQXNISGPHHP-UYBDAZJANA-N,-7.477
PTK2,c_GLU506,mut_s1,detail,1,127,WWGWJOHBDMYLBT-PKSOQXRJNA-N,-6.822
PTK2,c_GLU506,mut_s1,detail,1,128,JGDGIOMUQREIHP-BATSNZJTNA-N,-7.009
PTK2,c_GLU506,mut_s1,detail,1,129,LJDDSNOWUABFAP-HPRFPMAVNA-N,-8.38
PTK2,c_GLU506,mut_s1,detail,1,130,MBDOYHYQUXBBFT-UHFFFAOYNA-N,-8.763
PTK2,c_GLU506,mut_s1,detail,1,131,AGJUEHKKCLPMSY-LQFNOIFHNA-N,-8.008
PTK2,c_GLU506,mut_s1,detail,1,132,UMCUVZSSUIPNCL-BEMXBZHGNA-N,-8.206
PTK2,c_GLU506,mut_s1,detail,1,133,NKZFBKUWUIWQEM-LNNLXFCONA-N,-8.576
PTK2,c_GLU506,mut_s1,detail,1,134,GQNKLNZBZDEAMD-VQHCSMNLNA-N,-9.684
PTK2,c_GLU506,mut_s1,detail,1,135,UZNJTHHFIAFJGO-LQFNOIFHNA-N,-7.822
PTK2,c_GLU506,mut_s1,detail,1,136,LAFAEGAOHGJFCB-UHFFFAOYNA-N,-7.332
PTK2,c_GLU506,mut_s1,detail,1,137,QVHZVCDVVJVJRX-LNNLXFCONA-N,-8.415
PTK2,c_GLU506,mut_s1,detail,1,138,MWRHMRJPYFQMSQ-LNNLXFCONA-N,-7.788
PTK2,c_GLU506,mut_s1,detail,1,139,GCAQZYOXIVYDMN-PKSOQXRJNA-N,-6.971
PTK2,c_GLU506,mut_s1,detail,1,140,YJGPQCADKRAQFX-ZSDIGFPLNA-N,-8.644
PTK2,c_GLU506,mut_s1,detail,1,141,UZYMAWCMCCVCOW-BUKGPZPNNA-N,-7.163
PTK2,c_GLU506,mut_s1,detail,1,142,ZWSLJIFYDPKRSQ-XBXBPLPCNA-N,-9.226
PTK2,c_GLU506,mut_s1,detail,1,143,IJNTWIFESBAWCT-QWOVJGMINA-N,-8.675
PTK2,c_GLU506,mut_s1,detail,1,144,CXIYFBKPJSQXDU-WDUJWNCGNA-N,-8.557
PTK2,c_GLU506,mut_s1,detail,1,145,HWJNHVLCTGREAL-MPIMZMORNA-N,-7.952
PTK2,c_GLU506,mut_s1,detail,1,146,LHOSZRWWPIJINL-OLZOCXBDNA-N,-7.751
PTK2,c_GLU506,mut_s1,detail,1,147,DTEYRIFHHIHDHU-UHFFFAOYNA-N,-6.662
PTK2,c_GLU506,mut_s1,detail,1,148,NJZCVKDKMNRXTG-UHFFFAOYNA-N,-7.579
PTK2,c_GLU506,mut_s1,detail,1,149,NACLGLYMVLABDU-LNNLXFCONA-N,-8.373
PTK2,c_GLU506,mut_s1,detail,1,150,IDINUJSAMVOPCM-CNZJLSFANA-N,-5.317
PTK2,c_GLU506,mut_s1,detail,1,151,PGBPNHAAMLZTQB-LQFNOIFHNA-N,-7.588
PTK2,c_GLU506,mut_s1,detail,1,152,BCTINLARZZWKRE-MPIMZMORNA-N,-7.441
PTK2,c_GLU506,mut_s1,detail,1,153,JURXDQRYEGNLBW-LQFNOIFHNA-N,-7.811
PTK2,c_GLU506,mut_s1,detail,1,154,FBPQELGZQDQSII-LELJVTLKNA-N,-8.846
PTK2,c_GLU506,mut_s1,detail,1,155,ADBHXWFSFPPXEX-BDGWVKIONA-N,-8.562
PTK2,c_GLU506,mut_s1,detail,1,156,YUGZHQHSNYIFLG-KYSDGFAFNA-N,-7.484
PTK2,c_GLU506,mut_s1,detail,1,157,ZNDSONVEXMWLSF-QWOVJGMINA-N,-8.417
PTK2,c_GLU506,mut_s1,detail,1,158,QWCQVNIBTYLOHK-ZGZFQTMPNA-N,-9.145
PTK2,c_GLU506,mut_s1,detail,1,159,BELUGELSHVLAOZ-UHFFFAOYNA-N,-8.939
PTK2,c_GLU506,mut_s1,detail,1,160,HILDYDZVQRXXOI-LQFNOIFHNA-N,-8.002
PTK2,c_GLU506,mut_s1,detail,1,161,PTIIXGUDALPUPA-QWOVJGMINA-N,-8.029
PTK2,c_GLU506,mut_s1,detail,1,162,YWGOPEGGEGNDLS-UHFFFAOYNA-N,-6.652
PTK2,c_GLU506,mut_s1,detail,1,163,HXTQSKXJHJDGCP-UHFFFAOYNA-N,-8.14
PTK2,c_GLU506,mut_s1,detail,1,164,QMJHGNGJQQDHLD-PWIKPTQSNA-N,-7.837
PTK2,c_GLU506,mut_s1,detail,1,165,QZJYCFURESLRJX-UHFFFAOYNA-N,-7.481
PTK2,c_GLU506,mut_s1,detail,1,166,PDXQTFKIABMOFL-PDJAEHLQNA-N,-8.274
PTK2,c_GLU506,mut_s1,detail,1,167,REJJFCJYMVTFDN-PKRZOPRNNA-N,-8.533
PTK2,c_GLU506,mut_s1,detail,1,168,XGCSEQRDRFMGIU-LQFNOIFHNA-N,-8.327
PTK2,c_GLU506,mut_s1,detail,1,169,JJGWOCRPVQWXQG-ADQRUKDLNA-N,-6.368
PTK2,c_GLU506,mut_s1,detail,1,170,GEOCCLDMHBSVOL-UCDLDMSTNA-N,-7.915
PTK2,c_GLU506,mut_s1,detail,1,171,SMRGDRXOPYCHTR-SWUIVHNENA-N,-8.909
PTK2,c_GLU506,mut_s1,detail,1,172,RVFKUHZRUWXOIN-UHFFFAOYNA-N,-7.479
PTK2,c_GLU506,mut_s1,detail,1,173,BCXKIFJJJGSVDX-DXAUXPAJNA-N,-9.348
PTK2,c_GLU506,mut_s1,detail,1,174,WMPTUJZAWOBWLG-CMJFTGLXNA-N,-7.543
PTK2,c_GLU506,mut_s1,detail,1,175,ADAXUYSMOAZWKV-XBTAAFKLNA-N,-9.476
PTK2,c_GLU506,mut_s1,detail,1,176,QYOZNVCKISSENR-MRXNPFEDNA-N,-7.887
PTK2,c_GLU506,mut_s1,detail,1,177,XPINCFKWHIFHMC-WXFUMESZNA-N,-8.155
PTK2,c_GLU506,mut_s1,detail,1,178,ZGSQEILYEFGFIF-UHFFFAOYNA-N,-9.652
PTK2,c_GLU506,mut_s1,detail,1,179,CKRUVOWUUADMOW-LNNLXFCONA-N,-9.595
PTK2,c_GLU506,mut_s1,detail,1,180,QGZIKUYIROAFSE-QWOVJGMINA-N,-6.865
PTK2,c_GLU506,mut_s1,detail,1,181,KOFXCNSHSJISSQ-QWOVJGMINA-N,-8.708
PTK2,c_GLU506,mut_s1,detail,1,182,DCRJFLHNZRDYMM-UHFFFAOYNA-N,-9.376
PTK2,c_GLU506,mut_s1,detail,1,183,LIRCDOVJWUGTMW-IOQNOLELNA-N,-7.105
PTK2,c_GLU506,mut_s1,detail,1,184,FWYQXRWQFDPBIS-UHFFFAOYNA-N,-7.345
PTK2,c_GLU506,mut_s1,detail,1,185,LJRBIPYUCLSKJK-DVIAZDKANA-N,-8.062
PTK2,c_GLU506,mut_s1,detail,1,186,BSIVILSRVBLGQR-UHFFFAOYNA-N,-8.139
PTK2,c_GLU506,mut_s1,detail,1,187,DNDLSAMFYFNHBR-MPIMZMORNA-N,-7.634
PTK2,c_GLU506,mut_s1,detail,1,188,VFPJNRIWJIXUCK-UHFFFAOYNA-N,-8.359
PTK2,c_GLU506,mut_s1,detail,1,189,ZSYGHBADRJNZOU-UXUKNDFSNA-N,-7.794
PTK2,c_GLU506,mut_s1,detail,1,190,XQDLITNOVPCUMD-MPIMZMORNA-N,-8.685
PTK2,c_GLU506,mut_s1,detail,1,191,UCSBKUKETUKSSX-ZFJUVRDGNA-N,-8.531
PTK2,c_GLU506,mut_s1,detail,1,192,NZATZZGINMWOIA-QWOVJGMINA-N,-8.157
PTK2,c_GLU506,mut_s1,detail,1,193,PMGLUWPDZIVUOU-BKTFGIEZNA-N,-8.595
PTK2,c_GLU506,mut_s1,detail,1,194,QTYJLSSXENXPIA-XYULLFFJNA-N,-7.729
PTK2,c_GLU506,mut_s1,detail,1,195,ZDNRYSVLOMAJEZ-HZCBDIJENA-N,-9.405
PTK2,c_GLU506,mut_s1,detail,1,196,DPXQIUFPULXIFR-YETNDYBYNA-N,-7.832
PTK2,c_GLU506,mut_s1,detail,1,197,JEUQHZZAJFLFGO-MTTPVDACNA-N,-9.217
PTK2,c_GLU506,mut_s1,detail,1,198,ZWTFULMWPLLWNJ-UQMRZGFWNA-N,-8.837
PTK2,c_GLU506,mut_s1,detail,1,199,KDLLVDABAMKMLD-MJHPXVFFNA-N,-8.5
PTK2,c_GLU506,mut_s1,detail,1,200,CFYCLLUGGRSIQV-SPEPDGBUNA-N,-8.759
PTK2,c_GLU506,mut_s1,detail,1,201,CEZXHQCRLXZSBQ-IOZBVXGWNA-N,-6.622
PTK2,c_GLU506,mut_s1,detail,1,202,NOORAIXTPJNFDH-LAEBNAIWNA-N,-8.48
PTK2,c_GLU506,mut_s1,detail,1,203,VBFOTEWTMOETMO-PECIQRARNA-N,-7.713
PTK2,c_GLU506,mut_s1,detail,1,204,QLDHAZGAAUZOIP-LELJVTLKNA-N,-7.545
PTK2,c_GLU506,mut_s1,detail,1,205,ULIWBOHRWMGXPR-UHFFFAOYNA-N,-6.928
PTK2,c_GLU506,mut_s1,detail,1,206,CQRFGBFTRUHNJZ-LKHHGCNMNA-N,-7.945
PTK2,c_GLU506,mut_s1,detail,1,207,TVOUXLLNJXDHQR-MHZLTWQENA-N,-6.871
PTK2,c_GLU506,mut_s1,detail,1,208,MDSZUHOJNMNHJP-XBXBPLPCNA-N,-8.698
PTK2,c_GLU506,mut_s1,detail,1,209,GSKUSCWGMPZHKN-UHFFFAOYNA-N,-7.856
PTK2,c_GLU506,mut_s1,detail,1,210,LLUVDTDYDBDPFM-LBOYIXSDNA-N,-7.968
PTK2,c_GLU506,mut_s1,detail,1,211,CJPGWGLZKUWPFH-PWIKPTQSNA-N,-8.832
PTK2,c_GLU506,mut_s1,detail,1,212,MZLKAOWOIKALKR-LBOYIXSDNA-N,-8.778
PTK2,c_GLU506,mut_s1,detail,1,213,LYSAYZQUELVCGD-PJQSKVNONA-N,-7.486
PTK2,c_GLU506,mut_s1,detail,1,214,JBNMTQSSQCWSDW-NVENJYFMNA-N,-9.113
PTK2,c_GLU506,mut_s1,detail,1,215,CJAAXOOTFVSSKN-LKHHGCNMNA-N,-7.865
PTK2,c_GLU506,mut_s1,detail,1,216,WAVBTKPDIZFGSX-VJSLDGLSNA-N,-9.159
PTK2,c_GLU506,mut_s1,detail,1,217,FAYAHNACYAINBY-HRNBZBKQNA-N,-8.193
PTK2,c_GLU506,mut_s1,detail,1,218,ZHTJPKSSWTVTNA-PKRZOPRNNA-N,-7.123
PTK2,c_GLU506,mut_s1,detail,1,219,QRBHMNKXVMROIF-UHFFFAOYNA-N,-9.17
PTK2,c_GLU506,mut_s1,detail,1,220,BBDHNYKAQBEFTI-YSGSGMNWNA-N,-7.56
PTK2,c_GLU506,mut_s1,detail,1,221,PABHZRMPKXHYHB-MCITUVFDNA-N,-7.926
PTK2,c_GLU506,mut_s1,detail,1,222,BUEIPNNFYVCFLC-LELJVTLKNA-N,-8.533
PTK2,c_GLU506,mut_s1,detail,1,223,KKUNUMXHGLIOMX-WUSLAWIHNA-N,-9.056
PTK2,c_GLU506,mut_s1,detail,1,224,YGYOXSDMMNBVMH-PKRZOPRNNA-N,-9.393
PTK2,c_GLU506,mut_s1,detail,1,225,XRSGABXRLAWEDU-LQFNOIFHNA-N,-7.487
PTK2,c_GLU506,mut_s1,detail,1,226,AOTIBSKKXZHYRO-SPEPDGBUNA-N,-7.485
PTK2,c_GLU506,mut_s1,detail,1,227,RULOOZJTFYDVKV-LBOYIXSDNA-N,-7.801
PTK2,c_GLU506,mut_s1,detail,1,228,MFAMCZQOBFOTPV-LELJVTLKNA-N,-7.882
PTK2,c_GLU506,mut_s1,detail,1,229,RZBTZDHWOMTELG-UHFFFAOYNA-N,-7.203
PTK2,c_GLU506,mut_s1,detail,1,230,YBQSBCXVFMWVGY-UHFFFAOYNA-N,-8.91
PTK2,c_GLU506,mut_s1,detail,1,231,MFEDJQGOERVAHD-HXTKINSTNA-N,-6.717
PTK2,c_GLU506,mut_s1,detail,1,232,XGDJUMSXIASBOC-RGVBFFNGNA-N,-9.359
PTK2,c_GLU506,mut_s1,detail,1,233,INZVCQWDAXDGMY-UHFFFAOYNA-N,-8.03
PTK2,c_GLU506,mut_s1,detail,1,234,VSMNBGANRJLEFT-PECIQRARNA-N,-8.801
PTK2,c_GLU506,mut_s1,detail,1,235,VQPURKBPWWQWLN-MRPQGQGYNA-N,-7.357
PTK2,c_GLU506,mut_s1,detail,1,236,ITBJAHYMMJZDJN-ZCKBFCLLNA-N,-9.056
PTK2,c_GLU506,mut_s1,detail,1,237,GZXBKKWNTBGEDG-PLJOYGPPNA-N,-7.461
PTK2,c_GLU506,mut_s1,detail,1,238,GJSOSYVBARIGQO-XBBDFPCNNA-N,-10.149
PTK2,c_GLU506,mut_s1,detail,1,239,YWVDGPKULXWYMH-LELJVTLKNA-N,-6.955
PTK2,c_GLU506,mut_s1,detail,1,240,DTDCDTSLQAMFQK-PDIVMOMKNA-N,-8.274
PTK2,c_GLU506,mut_s1,detail,1,241,ZORDGSDKVXISJV-PKRZOPRNNA-N,-7.492
PTK2,c_GLU506,mut_s1,detail,1,242,GTWOAPKUQRYITB-UHFFFAOYNA-N,-7.459
PTK2,c_GLU506,mut_s1,detail,1,243,JPUJBYBHHWKSTD-LNNLXFCONA-N,-9.667
PTK2,c_GLU506,mut_s1,detail,1,244,PQVHRPXGPBDRRS-LBOYIXSDNA-N,-9.465
PTK2,c_GLU506,mut_s1,detail,1,245,JHPUSZOXXQWTST-OKPOJWAQNA-N,-6.663
PTK2,c_GLU506,mut_s1,detail,1,246,OWGZIGCUDXOZOS-OWVQZIOCNA-N,-8.417
PTK2,c_GLU506,mut_s1,detail,1,247,JUXPFZBFGMXKKR-JFRSHOPRNA-N,-6.338
PTK2,c_GLU506,mut_s1,detail,1,248,BWFZLXWRZDSPHK-DYDYTOMVNA-N,-10.973
PTK2,c_GLU506,mut_s1,detail,1,249,YQSOGHJBHORMOX-SPEPDGBUNA-N,-8.483
PTK2,c_GLU506,mut_s1,detail,1,250,ROFAQOFULLWONA-BBANKYPNNA-N,-7.685
PTK2,c_GLU506,mut_s1,detail,1,251,IHGDBIIOKIOQQL-OKPOJWAQNA-N,-8.379
PTK2,c_GLU506,mut_s1,detail,1,252,FAYBFUQTMGBOTD-UHFFFAOYNA-N,-9.04
PTK2,c_GLU506,mut_s1,detail,1,253,FOYYZIJHMVRFNR-IQICYJEPNA-N,-8.688
PTK2,c_GLU506,mut_s1,detail,1,254,MZNKKEVLKPDMRG-ZTQHEBCPNA-N,-8.262
PTK2,c_GLU506,mut_s1,detail,1,255,XKUVGAVISPKRJG-IBPUNKHUNA-N,-7.836
PTK2,c_VAL436,mut_s1,detail,1,0,IOEYSHPYQPFVLW-WZZIRTBGNA-N,-8.551
PTK2,c_VAL436,mut_s1,detail,1,1,KISKAILIUKCVIP-UHFFFAOYNA-N,-6.489
PTK2,c_VAL436,mut_s1,detail,1,2,YKFIUFSOZVLGEF-LILDFLRNNA-N,-7.402
PTK2,c_VAL436,mut_s1,detail,1,3,TYTJEFRFKUJPEU-UHFFFAOYNA-N,-7.556
PTK2,c_VAL436,mut_s1,detail,1,4,TYXDAJJVWKUJGI-CDZRGBSPNA-N,-7.699
PTK2,c_VAL436,mut_s1,detail,1,5,IYDIVTPTFGMDBE-UHFFFAOYNA-N,-7.761
PTK2,c_VAL436,mut_s1,detail,1,6,LVPPIRFSXIVDCQ-VQHVLOKHNA-N,-7.165
PTK2,c_VAL436,mut_s1,detail,1,7,KFWWSDHUPLWRKI-UHFFFAOYNA-N,-9.44
PTK2,c_VAL436,mut_s1,detail,1,8,BJHGDBMVHPNALY-YHMJCDSINA-N,-7.746
PTK2,c_VAL436,mut_s1,detail,1,9,ODZBBRURCPAEIQ-OASTWBFDNA-N,-6.481
PTK2,c_VAL436,mut_s1,detail,1,10,DNYBCGCBUCDEBB-GPQMBLKYNA-N,-7.729
PTK2,c_VAL436,mut_s1,detail,1,11,ODTXBYCYUFDWFS-BQYQJAHWNA-N,-6.81
PTK2,c_VAL436,mut_s1,detail,1,12,MLMSWRFVLJZNRV-NPVYFSBINA-N,-7.588
PTK2,c_VAL436,mut_s1,detail,1,13,YFQNZICTOUKIHD-UHFFFAOYNA-N,-8.417
PTK2,c_VAL436,mut_s1,detail,1,14,YWSKAQWSPONVPP-YHMJCDSINA-N,-6.813
PTK2,c_VAL436,mut_s1,detail,1,15,FUJBJSOIYVUFSM-DLGLGFIGNA-N,-7.474
PTK2,c_VAL436,mut_s1,detail,1,16,CZCAYAUDGHEBQB-UHFFFAOYNA-N,-5.91
PTK2,c_VAL436,mut_s1,detail,1,17,LQDMSIRJQBCAGP-UHFFFAOYNA-N,-6.204
PTK2,c_VAL436,mut_s1,detail,1,18,DPYXTTMTEAYPOR-UHFFFAOYNA-N,-6.704
PTK2,c_VAL436,mut_s1,detail,1,19,ASFLQPSNVCRBOH-UHFFFAOYNA-N,-7.448
PTK2,c_VAL436,mut_s1,detail,1,20,KZYALRXGZUUWDD-GTTYORLTNA-N,-6.486
PTK2,c_VAL436,mut_s1,detail,1,21,NUTSQHHREHYTAX-PKSOQXRJNA-N,-8.431
PTK2,c_VAL436,mut_s1,detail,1,22,GUDLXTFNNCOYNM-UHFFFAOYNA-N,-5.922
PTK2,c_VAL436,mut_s1,detail,1,23,BQUGPEQAOGLWFX-HVXXBKQBNA-N,-6.913
PTK2,c_VAL436,mut_s1,detail,1,24,XPVZKRRTCHLFRZ-GPQMBLKYNA-N,-8.272
PTK2,c_VAL436,mut_s1,detail,1,25,WLKKJQVIXAMEEF-GPQMBLKYNA-N,-7.376
PTK2,c_VAL436,mut_s1,detail,1,26,IJOUNEKMVDGTBS-UHFFFAOYNA-N,-8.14
PTK2,c_VAL436,mut_s1,detail,1,27,ZIVNUWICSJWDPM-UHFFFAOYNA-N,-7.45
PTK2,c_VAL436,mut_s1,detail,1,28,QCHKAZVPUNGJKS-JLOFHYGUNA-N,-7.262
PTK2,c_VAL436,mut_s1,detail,1,29,OBZIQQJJIKNWNO-UHFFFAOYNA-N,-5.536
PTK2,c_VAL436,mut_s1,detail,1,30,SKYBQLOFXJZRTN-UHFFFAOYNA-N,-6.797
PTK2,c_VAL436,mut_s1,detail,1,31,MCFVPJFLLJZVMJ-CMLSCEPHNA-N,-7.555
PTK2,c_VAL436,mut_s1,detail,1,32,GBSDYRSNVCORPF-JJEHQABKNA-N,-7.705
PTK2,c_VAL436,mut_s1,detail,1,33,OFMKKSBAKSDTKO-UHFFFAOYNA-N,-6.648
PTK2,c_VAL436,mut_s1,detail,1,34,CJBYLTVVRIPQAN-HOCLYGCPNA-N,-7.657
PTK2,c_VAL436,mut_s1,detail,1,35,HDYUIMHCGQNIMV-LILDFLRNNA-N,-8.76
PTK2,c_VAL436,mut_s1,detail,1,36,ICJZSDARRFSAJS-ZRHHXPTGNA-N,-7.269
PTK2,c_VAL436,mut_s1,detail,1,37,AIPXFBGCADYFMV-VEWCPZSHNA-N,-7.836
PTK2,c_VAL436,mut_s1,detail,1,38,GPCWYPVIFBLEET-UHFFFAOYNA-N,-7.348
PTK2,c_VAL436,mut_s1,detail,1,39,QWIUSZJTTPRTFQ-UHFFFAOYNA-N,-8.16
PTK2,c_VAL436,mut_s1,detail,1,40,MAPKZZFZZACUDG-UHFFFAOYNA-N,-6.766
PTK2,c_VAL436,mut_s1,detail,1,41,CESCXFZYHYMYGN-SPRAGNMINA-N,-6.664
PTK2,c_VAL436,mut_s1,detail,1,42,BNCSDXOYJVYYGP-UHFFFAOYNA-N,-7.399
PTK2,c_VAL436,mut_s1,detail,1,43,ZGPKQJAKEQZFLZ-UHFFFAOYNA-N,-7.433
PTK2,c_VAL436,mut_s1,detail,1,44,OHPBVIYSDIHFKK-LUXCBXFANA-N,-7.189
PTK2,c_VAL436,mut_s1,detail,1,45,BYYMILHAKOURNM-YHMJCDSINA-N,-5.998
PTK2,c_VAL436,mut_s1,detail,1,46,YTWHBYPYZLSPLQ-UHFFFAOYNA-N,-7.963
PTK2,c_VAL436,mut_s1,detail,1,47,MMXGXIVVWSANMS-ZYCJFAKPNA-N,-7.996
PTK2,c_VAL436,mut_s1,detail,1,48,RTBVWPVXLVPYGF-UHFFFAOYNA-N,-7.677
PTK2,c_VAL436,mut_s1,detail,1,49,NLENUXQYGCDSNE-YSFRZULJNA-N,-8.085
PTK2,c_VAL436,mut_s1,detail,1,50,OXAJWSLXTCIFFP-WXRBYKJCNA-N,-6.134
PTK2,c_VAL436,mut_s1,detail,1,51,GJDNHSKMTWUSHC-WYUMXYHSNA-N,-6.899
PTK2,c_VAL436,mut_s1,detail,1,52,OSBGPHZLIBZPGJ-NLMIROKBNA-N,-6.909
PTK2,c_VAL436,mut_s1,detail,1,53,AISUMVRDEXUUBA-YGPBECBDNA-N,-8.322
PTK2,c_VAL436,mut_s1,detail,1,54,KLWXBHSHSIBXJA-WYUMXYHSNA-N,-7.359
PTK2,c_VAL436,mut_s1,detail,1,55,MWMWFASTTPZIJX-LUXCBXFANA-N,-6.627
PTK2,c_VAL436,mut_s1,detail,1,56,RJTAILIIHYBAPJ-UHFFFAOYNA-N,-5.746
PTK2,c_VAL436,mut_s1,detail,1,57,VFAQKHZBOKAOSQ-UKTHLTGXNA-N,-7.098
PTK2,c_VAL436,mut_s1,detail,1,58,YLUKCEIRYXNIJA-HCKMINDGNA-N,-7.621
PTK2,c_VAL436,mut_s1,detail,1,59,ICKPGBPIOPGQTC-ZLGIYAABNA-N,-7.939
PTK2,c_VAL436,mut_s1,detail,1,60,LTYXRKCXVDROIY-RVQYIEHVNA-N,-7.099
PTK2,c_VAL436,mut_s1,detail,1,61,QWHFPWNHELQSDQ-DZQCGVKKNA-N,-8.651
PTK2,c_VAL436,mut_s1,detail,1,62,MVTATEZHUZEZCK-UYBDAZJANA-N,-7.341
PTK2,c_VAL436,mut_s1,detail,1,63,GDRUXNLFXUVALW-YHMJCDSINA-N,-6.938
PTK2,c_VAL436,mut_s1,detail,1,64,IXWJKTRPHYKVFW-XFDRBGHPNA-N,-7.736
PTK2,c_VAL436,mut_s1,detail,1,65,RGHANNJVNFHOMO-PKSOQXRJNA-N,-8.016
PTK2,c_VAL436,mut_s1,detail,1,66,VWKMEDUACYWLSV-UYBDAZJANA-N,-7.893
PTK2,c_VAL436,mut_s1,detail,1,67,IUKOSEPLJGRTJW-QWOVJGMINA-N,-6.828
PTK2,c_VAL436,mut_s1,detail,1,68,FVNOYPBUEJMUJE-UYBDAZJANA-N,-8.291
PTK2,c_VAL436,mut_s1,detail,1,69,PHEJGIHBLBFCLD-WAVQYLLINA-N,-8.76
PTK2,c_VAL436,mut_s1,detail,1,70,YAPUUUKLOXTMRU-HCKMINDGNA-N,-7.34
PTK2,c_VAL436,mut_s1,detail,1,71,NTYXBURNBUVSBD-QWOVJGMINA-N,-7.975
PTK2,c_VAL436,mut_s1,detail,1,72,MELKZDAJKCQHEJ-UHFFFAOYNA-N,-7.167
PTK2,c_VAL436,mut_s1,detail,1,73,PTOCRBNMWIXUJH-YHMJCDSINA-N,-7.396
PTK2,c_VAL436,mut_s1,detail,1,74,POLODSDKFZPSMC-LILDFLRNNA-N,-7.408
PTK2,c_VAL436,mut_s1,detail,1,75,JHSMZFWFBBVUDZ-UHFFFAOYNA-N,-8.277
PTK2,c_VAL436,mut_s1,detail,1,76,VMNYXYDPHKHXOJ-HCKMINDGNA-N,-7.345
PTK2,c_VAL436,mut_s1,detail,1,77,GYGFWUNSKKZJNC-UHFFFAOYNA-N,-6.847
PTK2,c_VAL436,mut_s1,detail,1,78,DNIJCXVBKOHALG-IDQLRGLVNA-N,-7.516
PTK2,c_VAL436,mut_s1,detail,1,79,GBGJFVRPQGILNH-JLGFQASFNA-N,-6.911
PTK2,c_VAL436,mut_s1,detail,1,80,OGYLVZMARUPAHP-BDGWVKIONA-N,-8.237
PTK2,c_VAL436,mut_s1,detail,1,81,CGNRLGKHPYEVRU-UYBDAZJANA-N,-8.663
PTK2,c_VAL436,mut_s1,detail,1,82,QDBCQJCQGPPNHU-UHFFFAOYNA-N,-8.655
PTK2,c_VAL436,mut_s1,detail,1,83,NDDXLFAARQEPKC-UHFFFAOYNA-N,-8.281
PTK2,c_VAL436,mut_s1,detail,1,84,XHMFDOIXIIEIIC-UHFFFAOYNA-N,-7.563
PTK2,c_VAL436,mut_s1,detail,1,85,AGLMSXHTTUWGMJ-PKSOQXRJNA-N,-8.576
PTK2,c_VAL436,mut_s1,detail,1,86,ZXPAKNNNSOJNPO-UHFFFAOYNA-N,-7.428
PTK2,c_VAL436,mut_s1,detail,1,87,IHQNHWIJVRBCJV-UHFFFAOYNA-N,-8.978
PTK2,c_VAL436,mut_s1,detail,1,88,RMKFZACOOVWLAE-GGEHTAOSNA-N,-8.65
PTK2,c_VAL436,mut_s1,detail,1,89,DYSOMJVQHUQQEB-UHFFFAOYNA-N,-9.262
PTK2,c_VAL436,mut_s1,detail,1,90,NOCFDFQYZHBTNN-UHFFFAOYNA-N,-6.752
PTK2,c_VAL436,mut_s1,detail,1,91,SPVWQKGFZYAZQL-UHFFFAOYNA-N,-8.575
PTK2,c_VAL436,mut_s1,detail,1,92,DMXNRKKYFNEWPP-DMNNQDHHNA-N,-8.754
PTK2,c_VAL436,mut_s1,detail,1,93,RCJPJXXLZLDCKI-PKSOQXRJNA-N,-7.457
PTK2,c_VAL436,mut_s1,detail,1,94,KGTHCGXLPNILHR-UHFFFAOYNA-N,-8.144
PTK2,c_VAL436,mut_s1,detail,1,95,NWWYETOECIPWOT-CYHZHTKENA-N,-8.247
PTK2,c_VAL436,mut_s1,detail,1,96,NTSJGFMDUAVRPY-UHFFFAOYNA-N,-7.803
PTK2,c_VAL436,mut_s1,detail,1,97,SBVPMOUWJBOMKA-JTVQLVGJNA-O,-7.486
PTK2,c_VAL436,mut_s1,detail,1,98,LDNHSKULSWUSNY-UHFFFAOYNA-N,-9.005
PTK2,c_VAL436,mut_s1,detail,1,99,ASAZLTYOWNNDLD-UHFFFAOYNA-N,-7.338
PTK2,c_VAL436,mut_s1,detail,1,100,XRTRVAKJWCIIMD-UHFFFAOYNA-N,-7.233
PTK2,c_VAL436,mut_s1,detail,1,101,ZLTWUZJNYQVQEJ-UYBDAZJANA-N,-8.504
PTK2,c_VAL436,mut_s1,detail,1,102,DEYFWGXTPWNADC-UHFFFAOYNA-N,-8.37
PTK2,c_VAL436,mut_s1,detail,1,103,RHQFMXUIKVEHFK-MPIMZMORNA-N,-8.058
PTK2,c_VAL436,mut_s1,detail,1,104,DRDGAKFCORUZED-LILDFLRNNA-N,-7.677
PTK2,c_VAL436,mut_s1,detail,1,105,LQZNOWQYGFIKRM-HVXXBKQBNA-N,-7.208
PTK2,c_VAL436,mut_s1,detail,1,106,QJNYENHUMXSMRP-UHFFFAOYNA-N,-8.336
PTK2,c_VAL436,mut_s1,detail,1,107,LQILAXPPHLDIFO-NPVYFSBINA-N,-7.059
PTK2,c_VAL436,mut_s1,detail,1,108,KACOTQQTSDQWNO-UHFFFAOYNA-N,-8.253
PTK2,c_VAL436,mut_s1,detail,1,109,QLEMXKCIAQLFMM-UHFFFAOYNA-N,-8.311
PTK2,c_VAL436,mut_s1,detail,1,110,BHLVHZWLMVLRIX-LILDFLRNNA-N,-7.115
PTK2,c_VAL436,mut_s1,detail,1,111,IJNMKCHEXHHJKS-GPQMBLKYNA-N,-7.231
PTK2,c_VAL436,mut_s1,detail,1,112,LIBKCWSTNJMFGU-BDGWVKIONA-N,-8.395
PTK2,c_VAL436,mut_s1,detail,1,113,AJJBBFYAASSTLA-XOFPBXMJNA-N,-8.129
PTK2,c_VAL436,mut_s1,detail,1,114,IAIOYYRVPMGOSB-PKSOQXRJNA-N,-9.133
PTK2,c_VAL436,mut_s1,detail,1,115,CFYPAIWQFFEAEL-UHFFFAOYNA-N,-8.392
PTK2,c_VAL436,mut_s1,detail,1,116,VYJSEMNZGPEKAE-QWOVJGMINA-N,-8.59
PTK2,c_VAL436,mut_s1,detail,1,117,GATJUUWXCJCVEK-GPQMBLKYNA-N,-7.376
PTK2,c_VAL436,mut_s1,detail,1,118,ISQNQSRGAXUFGW-UHFFFAOYNA-N,-7.142
PTK2,c_VAL436,mut_s1,detail,1,119,MCVMARUOYHWORW-UHFFFAOYNA-N,-8.834
PTK2,c_VAL436,mut_s1,detail,1,120,LQMFCWRONUNRTP-FWKJIXDGNA-N,-7.702
PTK2,c_VAL436,mut_s1,detail,1,121,HJWFQDWOWDPIBE-HPHMPNDVNA-N,-6.511
PTK2,c_VAL436,mut_s1,detail,1,122,OSJCPZAKZHSNDS-UHFFFAOYNA-N,-8.203
PTK2,c_VAL436,mut_s1,detail,1,123,OPLHOPJAFJJLPX-HNNXBMFYNA-N,-9.013
PTK2,c_VAL436,mut_s1,detail,1,124,DZQRHJBYIOEZHV-PKSOQXRJNA-N,-8.002
PTK2,c_VAL436,mut_s1,detail,1,125,ZCFXIPSPKDGCHW-HSJCKIQZNA-N,-7.495
PTK2,c_VAL436,mut_s1,detail,1,126,BVGKQXNISGPHHP-UYBDAZJANA-N,-7.64
PTK2,c_VAL436,mut_s1,detail,1,127,WWGWJOHBDMYLBT-PKSOQXRJNA-N,-6.886
PTK2,c_VAL436,mut_s1,detail,1,128,JGDGIOMUQREIHP-BATSNZJTNA-N,-7.232
PTK2,c_VAL436,mut_s1,detail,1,129,LJDDSNOWUABFAP-HPRFPMAVNA-N,-7.944
PTK2,c_VAL436,mut_s1,detail,1,130,MBDOYHYQUXBBFT-UHFFFAOYNA-N,-9.222
PTK2,c_VAL436,mut_s1,detail,1,131,AGJUEHKKCLPMSY-LQFNOIFHNA-N,-8.436
PTK2,c_VAL436,mut_s1,detail,1,132,UMCUVZSSUIPNCL-BEMXBZHGNA-N,-8.473
PTK2,c_VAL436,mut_s1,detail,1,133,NKZFBKUWUIWQEM-LNNLXFCONA-N,-8.617
PTK2,c_VAL436,mut_s1,detail,1,134,GQNKLNZBZDEAMD-VQHCSMNLNA-N,-9.749
PTK2,c_VAL436,mut_s1,detail,1,135,UZNJTHHFIAFJGO-LQFNOIFHNA-N,-7.448
PTK2,c_VAL436,mut_s1,detail,1,136,LAFAEGAOHGJFCB-UHFFFAOYNA-N,-7.492
PTK2,c_VAL436,mut_s1,detail,1,137,QVHZVCDVVJVJRX-LNNLXFCONA-N,-8.457
PTK2,c_VAL436,mut_s1,detail,1,138,MWRHMRJPYFQMSQ-LNNLXFCONA-N,-8.686
PTK2,c_VAL436,mut_s1,detail,1,139,GCAQZYOXIVYDMN-PKSOQXRJNA-N,-7.082
PTK2,c_VAL436,mut_s1,detail,1,140,YJGPQCADKRAQFX-ZSDIGFPLNA-N,-8.595
PTK2,c_VAL436,mut_s1,detail,1,141,UZYMAWCMCCVCOW-BUKGPZPNNA-N,-7.773
PTK2,c_VAL436,mut_s1,detail,1,142,ZWSLJIFYDPKRSQ-XBXBPLPCNA-N,-9.625
PTK2,c_VAL436,mut_s1,detail,1,143,IJNTWIFESBAWCT-QWOVJGMINA-N,-9.303
PTK2,c_VAL436,mut_s1,detail,1,144,CXIYFBKPJSQXDU-WDUJWNCGNA-N,-8.877
PTK2,c_VAL436,mut_s1,detail,1,145,HWJNHVLCTGREAL-MPIMZMORNA-N,-7.658
PTK2,c_VAL436,mut_s1,detail,1,146,LHOSZRWWPIJINL-OLZOCXBDNA-N,-8.101
PTK2,c_VAL436,mut_s1,detail,1,147,DTEYRIFHHIHDHU-UHFFFAOYNA-N,-7.637
PTK2,c_VAL436,mut_s1,detail,1,148,NJZCVKDKMNRXTG-UHFFFAOYNA-N,-7.276
PTK2,c_VAL436,mut_s1,detail,1,149,NACLGLYMVLABDU-LNNLXFCONA-N,-8.338
PTK2,c_VAL436,mut_s1,detail,1,150,IDINUJSAMVOPCM-CNZJLSFANA-N,-5.977
PTK2,c_VAL436,mut_s1,detail,1,151,PGBPNHAAMLZTQB-LQFNOIFHNA-N,-8.227
PTK2,c_VAL436,mut_s1,detail,1,152,BCTINLARZZWKRE-MPIMZMORNA-N,-7.674
PTK2,c_VAL436,mut_s1,detail,1,153,JURXDQRYEGNLBW-LQFNOIFHNA-N,-7.863
PTK2,c_VAL436,mut_s1,detail,1,154,FBPQELGZQDQSII-LELJVTLKNA-N,-8.753
PTK2,c_VAL436,mut_s1,detail,1,155,ADBHXWFSFPPXEX-BDGWVKIONA-N,-8.256
PTK2,c_VAL436,mut_s1,detail,1,156,YUGZHQHSNYIFLG-KYSDGFAFNA-N,-7.985
PTK2,c_VAL436,mut_s1,detail,1,157,ZNDSONVEXMWLSF-QWOVJGMINA-N,-8.495
PTK2,c_VAL436,mut_s1,detail,1,158,QWCQVNIBTYLOHK-ZGZFQTMPNA-N,-9.429
PTK2,c_VAL436,mut_s1,detail,1,159,BELUGELSHVLAOZ-UHFFFAOYNA-N,-9.03
PTK2,c_VAL436,mut_s1,detail,1,160,HILDYDZVQRXXOI-LQFNOIFHNA-N,-7.878
PTK2,c_VAL436,mut_s1,detail,1,161,PTIIXGUDALPUPA-QWOVJGMINA-N,-7.716
PTK2,c_VAL436,mut_s1,detail,1,162,YWGOPEGGEGNDLS-UHFFFAOYNA-N,-6.933
PTK2,c_VAL436,mut_s1,detail,1,163,HXTQSKXJHJDGCP-UHFFFAOYNA-N,-8.32
PTK2,c_VAL436,mut_s1,detail,1,164,QMJHGNGJQQDHLD-PWIKPTQSNA-N,-7.911
PTK2,c_VAL436,mut_s1,detail,1,165,QZJYCFURESLRJX-UHFFFAOYNA-N,-7.844
PTK2,c_VAL436,mut_s1,detail,1,166,PDXQTFKIABMOFL-PDJAEHLQNA-N,-7.401
PTK2,c_VAL436,mut_s1,detail,1,167,REJJFCJYMVTFDN-PKRZOPRNNA-N,-8.699
PTK2,c_VAL436,mut_s1,detail,1,168,XGCSEQRDRFMGIU-LQFNOIFHNA-N,-7.822
PTK2,c_VAL436,mut_s1,detail,1,169,JJGWOCRPVQWXQG-ADQRUKDLNA-N,-7.514
PTK2,c_VAL436,mut_s1,detail,1,170,GEOCCLDMHBSVOL-UCDLDMSTNA-N,-8.199
PTK2,c_VAL436,mut_s1,detail,1,171,SMRGDRXOPYCHTR-SWUIVHNENA-N,-9.236
PTK2,c_VAL436,mut_s1,detail,1,172,RVFKUHZRUWXOIN-UHFFFAOYNA-N,-7.936
PTK2,c_VAL436,mut_s1,detail,1,173,BCXKIFJJJGSVDX-DXAUXPAJNA-N,-9.321
PTK2,c_VAL436,mut_s1,detail,1,174,WMPTUJZAWOBWLG-CMJFTGLXNA-N,-7.661
PTK2,c_VAL436,mut_s1,detail,1,175,ADAXUYSMOAZWKV-XBTAAFKLNA-N,-9.74
PTK2,c_VAL436,mut_s1,detail,1,176,QYOZNVCKISSENR-MRXNPFEDNA-N,-8.228
PTK2,c_VAL436,mut_s1,detail,1,177,XPINCFKWHIFHMC-WXFUMESZNA-N,-8.353
PTK2,c_VAL436,mut_s1,detail,1,178,ZGSQEILYEFGFIF-UHFFFAOYNA-N,-9.763
PTK2,c_VAL436,mut_s1,detail,1,179,CKRUVOWUUADMOW-LNNLXFCONA-N,-9.751
PTK2,c_VAL436,mut_s1,detail,1,180,QGZIKUYIROAFSE-QWOVJGMINA-N,-6.827
PTK2,c_VAL436,mut_s1,detail,1,181,KOFXCNSHSJISSQ-QWOVJGMINA-N,-9.198
PTK2,c_VAL436,mut_s1,detail,1,182,DCRJFLHNZRDYMM-UHFFFAOYNA-N,-8.839
PTK2,c_VAL436,mut_s1,detail,1,183,LIRCDOVJWUGTMW-IOQNOLELNA-N,-7.386
PTK2,c_VAL436,mut_s1,detail,1,184,FWYQXRWQFDPBIS-UHFFFAOYNA-N,-7.683
PTK2,c_VAL436,mut_s1,detail,1,185,LJRBIPYUCLSKJK-DVIAZDKANA-N,-7.852
PTK2,c_VAL436,mut_s1,detail,1,186,BSIVILSRVBLGQR-UHFFFAOYNA-N,-8.033
PTK2,c_VAL436,mut_s1,detail,1,187,DNDLSAMFYFNHBR-MPIMZMORNA-N,-7.813
PTK2,c_VAL436,mut_s1,detail,1,188,VFPJNRIWJIXUCK-UHFFFAOYNA-N,-8.567
PTK2,c_VAL436,mut_s1,detail,1,189,ZSYGHBADRJNZOU-UXUKNDFSNA-N,-8.886
PTK2,c_VAL436,mut_s1,detail,1,190,XQDLITNOVPCUMD-MPIMZMORNA-N,-8.857
PTK2,c_VAL436,mut_s1,detail,1,191,UCSBKUKETUKSSX-ZFJUVRDGNA-N,-8.361
PTK2,c_VAL436,mut_s1,detail,1,192,NZATZZGINMWOIA-QWOVJGMINA-N,-7.304
PTK2,c_VAL436,mut_s1,detail,1,193,PMGLUWPDZIVUOU-BKTFGIEZNA-N,-7.948
PTK2,c_VAL436,mut_s1,detail,1,194,QTYJLSSXENXPIA-XYULLFFJNA-N,-7.794
PTK2,c_VAL436,mut_s1,detail,1,195,ZDNRYSVLOMAJEZ-HZCBDIJENA-N,-9.128
PTK2,c_VAL436,mut_s1,detail,1,196,DPXQIUFPULXIFR-YETNDYBYNA-N,-7.631
PTK2,c_VAL436,mut_s1,detail,1,197,JEUQHZZAJFLFGO-MTTPVDACNA-N,-8.874
PTK2,c_VAL436,mut_s1,detail,1,198,ZWTFULMWPLLWNJ-UQMRZGFWNA-N,-9.259
PTK2,c_VAL436,mut_s1,detail,1,199,KDLLVDABAMKMLD-MJHPXVFFNA-N,-9.069
PTK2,c_VAL436,mut_s1,detail,1,200,CFYCLLUGGRSIQV-SPEPDGBUNA-N,-9.287
PTK2,c_VAL436,mut_s1,detail,1,201,CEZXHQCRLXZSBQ-IOZBVXGWNA-N,-6.677
PTK2,c_VAL436,mut_s1,detail,1,202,NOORAIXTPJNFDH-LAEBNAIWNA-N,-9.248
PTK2,c_VAL436,mut_s1,detail,1,203,VBFOTEWTMOETMO-PECIQRARNA-N,-7.426
PTK2,c_VAL436,mut_s1,detail,1,204,QLDHAZGAAUZOIP-LELJVTLKNA-N,-7.3
PTK2,c_VAL436,mut_s1,detail,1,205,ULIWBOHRWMGXPR-UHFFFAOYNA-N,-6.386
PTK2,c_VAL436,mut_s1,detail,1,206,CQRFGBFTRUHNJZ-LKHHGCNMNA-N,-8.207
PTK2,c_VAL436,mut_s1,detail,1,207,TVOUXLLNJXDHQR-MHZLTWQENA-N,-7.363
PTK2,c_VAL436,mut_s1,detail,1,208,MDSZUHOJNMNHJP-XBXBPLPCNA-N,-8.146
PTK2,c_VAL436,mut_s1,detail,1,209,GSKUSCWGMPZHKN-UHFFFAOYNA-N,-8.333
PTK2,c_VAL436,mut_s1,detail,1,210,LLUVDTDYDBDPFM-LBOYIXSDNA-N,-8.219
PTK2,c_VAL436,mut_s1,detail,1,211,CJPGWGLZKUWPFH-PWIKPTQSNA-N,-8.888
PTK2,c_VAL436,mut_s1,detail,1,212,MZLKAOWOIKALKR-LBOYIXSDNA-N,-8.285
PTK2,c_VAL436,mut_s1,detail,1,213,LYSAYZQUELVCGD-PJQSKVNONA-N,-7.37
PTK2,c_VAL436,mut_s1,detail,1,214,JBNMTQSSQCWSDW-NVENJYFMNA-N,-9.471
PTK2,c_VAL436,mut_s1,detail,1,215,CJAAXOOTFVSSKN-LKHHGCNMNA-N,-7.505
PTK2,c_VAL436,mut_s1,detail,1,216,WAVBTKPDIZFGSX-VJSLDGLSNA-N,-9.1
PTK2,c_VAL436,mut_s1,detail,1,217,FAYAHNACYAINBY-HRNBZBKQNA-N,-8.594
PTK2,c_VAL436,mut_s1,detail,1,218,ZHTJPKSSWTVTNA-PKRZOPRNNA-N,-8.52
PTK2,c_VAL436,mut_s1,detail,1,219,QRBHMNKXVMROIF-UHFFFAOYNA-N,-8.936
PTK2,c_VAL436,mut_s1,detail,1,220,BBDHNYKAQBEFTI-YSGSGMNWNA-N,-7.296
PTK2,c_VAL436,mut_s1,detail,1,221,PABHZRMPKXHYHB-MCITUVFDNA-N,-9.082
PTK2,c_VAL436,mut_s1,detail,1,222,BUEIPNNFYVCFLC-LELJVTLKNA-N,-8.415
PTK2,c_VAL436,mut_s1,detail,1,223,KKUNUMXHGLIOMX-WUSLAWIHNA-N,-9.13
PTK2,c_VAL436,mut_s1,detail,1,224,YGYOXSDMMNBVMH-PKRZOPRNNA-N,-9.613
PTK2,c_VAL436,mut_s1,detail,1,225,XRSGABXRLAWEDU-LQFNOIFHNA-N,-8.397
PTK2,c_VAL436,mut_s1,detail,1,226,AOTIBSKKXZHYRO-SPEPDGBUNA-N,-7.692
PTK2,c_VAL436,mut_s1,detail,1,227,RULOOZJTFYDVKV-LBOYIXSDNA-N,-7.863
PTK2,c_VAL436,mut_s1,detail,1,228,MFAMCZQOBFOTPV-LELJVTLKNA-N,-7.506
PTK2,c_VAL436,mut_s1,detail,1,229,RZBTZDHWOMTELG-UHFFFAOYNA-N,-8.284
PTK2,c_VAL436,mut_s1,detail,1,230,YBQSBCXVFMWVGY-UHFFFAOYNA-N,-9.122
PTK2,c_VAL436,mut_s1,detail,1,231,MFEDJQGOERVAHD-HXTKINSTNA-N,-7.487
PTK2,c_VAL436,mut_s1,detail,1,232,XGDJUMSXIASBOC-RGVBFFNGNA-N,-9.251
PTK2,c_VAL436,mut_s1,detail,1,233,INZVCQWDAXDGMY-UHFFFAOYNA-N,-8.543
PTK2,c_VAL436,mut_s1,detail,1,234,VSMNBGANRJLEFT-PECIQRARNA-N,-8.969
PTK2,c_VAL436,mut_s1,detail,1,235,VQPURKBPWWQWLN-MRPQGQGYNA-N,-7.244
PTK2,c_VAL436,mut_s1,detail,1,236,ITBJAHYMMJZDJN-ZCKBFCLLNA-N,-9.45
PTK2,c_VAL436,mut_s1,detail,1,237,GZXBKKWNTBGEDG-PLJOYGPPNA-N,-8.235
PTK2,c_VAL436,mut_s1,detail,1,238,GJSOSYVBARIGQO-XBBDFPCNNA-N,-9.712
PTK2,c_VAL436,mut_s1,detail,1,239,YWVDGPKULXWYMH-LELJVTLKNA-N,-7.559
PTK2,c_VAL436,mut_s1,detail,1,240,DTDCDTSLQAMFQK-PDIVMOMKNA-N,-8.193
PTK2,c_VAL436,mut_s1,detail,1,241,ZORDGSDKVXISJV-PKRZOPRNNA-N,-6.025
PTK2,c_VAL436,mut_s1,detail,1,242,GTWOAPKUQRYITB-UHFFFAOYNA-N,-8.442
PTK2,c_VAL436,mut_s1,detail,1,243,JPUJBYBHHWKSTD-LNNLXFCONA-N,-9.813
PTK2,c_VAL436,mut_s1,detail,1,244,PQVHRPXGPBDRRS-LBOYIXSDNA-N,-9.194
PTK2,c_VAL436,mut_s1,detail,1,245,JHPUSZOXXQWTST-OKPOJWAQNA-N,-7.925
PTK2,c_VAL436,mut_s1,detail,1,246,OWGZIGCUDXOZOS-OWVQZIOCNA-N,-9.16
PTK2,c_VAL436,mut_s1,detail,1,247,JUXPFZBFGMXKKR-JFRSHOPRNA-N,-6.796
PTK2,c_VAL436,mut_s1,detail,1,248,BWFZLXWRZDSPHK-DYDYTOMVNA-N,-10.933
PTK2,c_VAL436,mut_s1,detail,1,249,YQSOGHJBHORMOX-SPEPDGBUNA-N,-8.591
PTK2,c_VAL436,mut_s1,detail,1,250,ROFAQOFULLWONA-BBANKYPNNA-N,-7.184
PTK2,c_VAL436,mut_s1,detail,1,251,IHGDBIIOKIOQQL-OKPOJWAQNA-N,-8.656
PTK2,c_VAL436,mut_s1,detail,1,252,FAYBFUQTMGBOTD-UHFFFAOYNA-N,-8.835
PTK2,c_VAL436,mut_s1,detail,1,253,FOYYZIJHMVRFNR-IQICYJEPNA-N,-8.989
PTK2,c_VAL436,mut_s1,detail,1,254,MZNKKEVLKPDMRG-ZTQHEBCPNA-N,-9.502
PTK2,c_VAL436,mut_s1,detail,1,255,XKUVGAVISPKRJG-IBPUNKHUNA-N,-6.87
PTK2,c_LEU567,mut_s1,detail,1,0,IOEYSHPYQPFVLW-WZZIRTBGNA-N,-8.582
PTK2,c_LEU567,mut_s1,detail,1,1,KISKAILIUKCVIP-UHFFFAOYNA-N,-6.544
PTK2,c_LEU567,mut_s1,detail,1,2,YKFIUFSOZVLGEF-LILDFLRNNA-N,-7.38
PTK2,c_LEU567,mut_s1,detail,1,3,TYTJEFRFKUJPEU-UHFFFAOYNA-N,-8.23
PTK2,c_LEU567,mut_s1,detail,1,4,TYXDAJJVWKUJGI-CDZRGBSPNA-N,-7.779
PTK2,c_LEU567,mut_s1,detail,1,5,IYDIVTPTFGMDBE-UHFFFAOYNA-N,-8.026
PTK2,c_LEU567,mut_s1,detail,1,6,LVPPIRFSXIVDCQ-VQHVLOKHNA-N,-7.317
PTK2,c_LEU567,mut_s1,detail,1,7,KFWWSDHUPLWRKI-UHFFFAOYNA-N,-9.068
PTK2,c_LEU567,mut_s1,detail,1,8,BJHGDBMVHPNALY-YHMJCDSINA-N,-7.903
PTK2,c_LEU567,mut_s1,detail,1,9,ODZBBRURCPAEIQ-OASTWBFDNA-N,-7.223
PTK2,c_LEU567,mut_s1,detail,1,10,DNYBCGCBUCDEBB-GPQMBLKYNA-N,-7.792
PTK2,c_LEU567,mut_s1,detail,1,11,ODTXBYCYUFDWFS-BQYQJAHWNA-N,-6.788
PTK2,c_LEU567,mut_s1,detail,1,12,MLMSWRFVLJZNRV-NPVYFSBINA-N,-7.492
PTK2,c_LEU567,mut_s1,detail,1,13,YFQNZICTOUKIHD-UHFFFAOYNA-N,-8.674
PTK2,c_LEU567,mut_s1,detail,1,14,YWSKAQWSPONVPP-YHMJCDSINA-N,-6.89
PTK2,c_LEU567,mut_s1,detail,1,15,FUJBJSOIYVUFSM-DLGLGFIGNA-N,-7.202
PTK2,c_LEU567,mut_s1,detail,1,16,CZCAYAUDGHEBQB-UHFFFAOYNA-N,-6.105
PTK2,c_LEU567,mut_s1,detail,1,17,LQDMSIRJQBCAGP-UHFFFAOYNA-N,-6.256
PTK2,c_LEU567,mut_s1,detail,1,18,DPYXTTMTEAYPOR-UHFFFAOYNA-N,-6.818
PTK2,c_LEU567,mut_s1,detail,1,19,ASFLQPSNVCRBOH-UHFFFAOYNA-N,-8.019
PTK2,c_LEU567,mut_s1,detail,1,20,KZYALRXGZUUWDD-GTTYORLTNA-N,-7.135
PTK2,c_LEU567,mut_s1,detail,1,21,NUTSQHHREHYTAX-PKSOQXRJNA-N,-8.518
PTK2,c_LEU567,mut_s1,detail,1,22,GUDLXTFNNCOYNM-UHFFFAOYNA-N,-6.261
PTK2,c_LEU567,mut_s1,detail,1,23,BQUGPEQAOGLWFX-HVXXBKQBNA-N,-6.8
PTK2,c_LEU567,mut_s1,detail,1,24,XPVZKRRTCHLFRZ-GPQMBLKYNA-N,-8.61
PTK2,c_LEU567,mut_s1,detail,1,25,WLKKJQVIXAMEEF-GPQMBLKYNA-N,-7.731
PTK2,c_LEU567,mut_s1,detail,1,26,IJOUNEKMVDGTBS-UHFFFAOYNA-N,-8.246
PTK2,c_LEU567,mut_s1,detail,1,27,ZIVNUWICSJWDPM-UHFFFAOYNA-N,-7.745
PTK2,c_LEU567,mut_s1,detail,1,28,QCHKAZVPUNGJKS-JLOFHYGUNA-N,-6.878
PTK2,c_LEU567,mut_s1,detail,1,29,OBZIQQJJIKNWNO-UHFFFAOYNA-N,-6.122
PTK2,c_LEU567,mut_s1,detail,1,30,SKYBQLOFXJZRTN-UHFFFAOYNA-N,-6.404
PTK2,c_LEU567,mut_s1,detail,1,31,MCFVPJFLLJZVMJ-CMLSCEPHNA-N,-7.572
PTK2,c_LEU567,mut_s1,detail,1,32,GBSDYRSNVCORPF-JJEHQABKNA-N,-7.741
PTK2,c_LEU567,mut_s1,detail,1,33,OFMKKSBAKSDTKO-UHFFFAOYNA-N,-6.929
PTK2,c_LEU567,mut_s1,detail,1,34,CJBYLTVVRIPQAN-HOCLYGCPNA-N,-7.898
PTK2,c_LEU567,mut_s1,detail,1,35,HDYUIMHCGQNIMV-LILDFLRNNA-N,-8.854
PTK2,c_LEU567,mut_s1,detail,1,36,ICJZSDARRFSAJS-ZRHHXPTGNA-N,-7.645
PTK2,c_LEU567,mut_s1,detail,1,37,AIPXFBGCADYFMV-VEWCPZSHNA-N,-7.584
PTK2,c_LEU567,mut_s1,detail,1,38,GPCWYPVIFBLEET-UHFFFAOYNA-N,-7.486
PTK2,c_LEU567,mut_s1,detail,1,39,QWIUSZJTTPRTFQ-UHFFFAOYNA-N,-8.639
PTK2,c_LEU567,mut_s1,detail,1,40,MAPKZZFZZACUDG-UHFFFAOYNA-N,-6.972
PTK2,c_LEU567,mut_s1,detail,1,41,CESCXFZYHYMYGN-SPRAGNMINA-N,-6.853
PTK2,c_LEU567,mut_s1,detail,1,42,BNCSDXOYJVYYGP-UHFFFAOYNA-N,-8.028
PTK2,c_LEU567,mut_s1,detail,1,43,ZGPKQJAKEQZFLZ-UHFFFAOYNA-N,-7.386
PTK2,c_LEU567,mut_s1,detail,1,44,OHPBVIYSDIHFKK-LUXCBXFANA-N,-7.028
PTK2,c_LEU567,mut_s1,detail,1,45,BYYMILHAKOURNM-YHMJCDSINA-N,-6.063
PTK2,c_LEU567,mut_s1,detail,1,46,YTWHBYPYZLSPLQ-UHFFFAOYNA-N,-7.852
PTK2,c_LEU567,mut_s1,detail,1,47,MMXGXIVVWSANMS-ZYCJFAKPNA-N,-8.154
PTK2,c_LEU567,mut_s1,detail,1,48,RTBVWPVXLVPYGF-UHFFFAOYNA-N,-8.271
PTK2,c_LEU567,mut_s1,detail,1,49,NLENUXQYGCDSNE-YSFRZULJNA-N,-7.851
PTK2,c_LEU567,mut_s1,detail,1,50,OXAJWSLXTCIFFP-WXRBYKJCNA-N,-5.969
PTK2,c_LEU567,mut_s1,detail,1,51,GJDNHSKMTWUSHC-WYUMXYHSNA-N,-6.996
PTK2,c_LEU567,mut_s1,detail,1,52,OSBGPHZLIBZPGJ-NLMIROKBNA-N,-6.78
PTK2,c_LEU567,mut_s1,detail,1,53,AISUMVRDEXUUBA-YGPBECBDNA-N,-8.516
PTK2,c_LEU567,mut_s1,detail,1,54,KLWXBHSHSIBXJA-WYUMXYHSNA-N,-7.338
PTK2,c_LEU567,mut_s1,detail,1,55,MWMWFASTTPZIJX-LUXCBXFANA-N,-6.958
PTK2,c_LEU567,mut_s1,detail,1,56,RJTAILIIHYBAPJ-UHFFFAOYNA-N,-5.642
PTK2,c_LEU567,mut_s1,detail,1,57,VFAQKHZBOKAOSQ-UKTHLTGXNA-N,-7.702
PTK2,c_LEU567,mut_s1,detail,1,58,YLUKCEIRYXNIJA-HCKMINDGNA-N,-7.543
PTK2,c_LEU567,mut_s1,detail,1,59,ICKPGBPIOPGQTC-ZLGIYAABNA-N,-7.435
PTK2,c_LEU567,mut_s1,detail,1,60,LTYXRKCXVDROIY-RVQYIEHVNA-N,-7.016
PTK2,c_LEU567,mut_s1,detail,1,61,QWHFPWNHELQSDQ-DZQCGVKKNA-N,-8.19
PTK2,c_LEU567,mut_s1,detail,1,62,MVTATEZHUZEZCK-UYBDAZJANA-N,-7.48
PTK2,c_LEU567,mut_s1,detail,1,63,GDRUXNLFXUVALW-YHMJCDSINA-N,-7.088
PTK2,c_LEU567,mut_s1,detail,1,64,IXWJKTRPHYKVFW-XFDRBGHPNA-N,-7.777
PTK2,c_LEU567,mut_s1,detail,1,65,RGHANNJVNFHOMO-PKSOQXRJNA-N,-9.069
PTK2,c_LEU567,mut_s1,detail,1,66,VWKMEDUACYWLSV-UYBDAZJANA-N,-8.258
PTK2,c_LEU567,mut_s1,detail,1,67,IUKOSEPLJGRTJW-QWOVJGMINA-N,-7.859
PTK2,c_LEU567,mut_s1,detail,1,68,FVNOYPBUEJMUJE-UYBDAZJANA-N,-8.197
PTK2,c_LEU567,mut_s1,detail,1,69,PHEJGIHBLBFCLD-WAVQYLLINA-N,-8.862
PTK2,c_LEU567,mut_s1,detail,1,70,YAPUUUKLOXTMRU-HCKMINDGNA-N,-7.05
PTK2,c_LEU567,mut_s1,detail,1,71,NTYXBURNBUVSBD-QWOVJGMINA-N,-8.26
PTK2,c_LEU567,mut_s1,detail,1,72,MELKZDAJKCQHEJ-UHFFFAOYNA-N,-7.824
PTK2,c_LEU567,mut_s1,detail,1,73,PTOCRBNMWIXUJH-YHMJCDSINA-N,-7.848
PTK2,c_LEU567,mut_s1,detail,1,74,POLODSDKFZPSMC-LILDFLRNNA-N,-8.472
PTK2,c_LEU567,mut_s1,detail,1,75,JHSMZFWFBBVUDZ-UHFFFAOYNA-N,-8.247
PTK2,c_LEU567,mut_s1,detail,1,76,VMNYXYDPHKHXOJ-HCKMINDGNA-N,-7.708
PTK2,c_LEU567,mut_s1,detail,1,77,GYGFWUNSKKZJNC-UHFFFAOYNA-N,-8.173
PTK2,c_LEU567,mut_s1,detail,1,78,DNIJCXVBKOHALG-IDQLRGLVNA-N,-8.201
PTK2,c_LEU567,mut_s1,detail,1,79,GBGJFVRPQGILNH-JLGFQASFNA-N,-7.594
PTK2,c_LEU567,mut_s1,detail,1,80,OGYLVZMARUPAHP-BDGWVKIONA-N,-8.205
PTK2,c_LEU567,mut_s1,detail,1,81,CGNRLGKHPYEVRU-UYBDAZJANA-N,-9.328
PTK2,c_LEU567,mut_s1,detail,1,82,QDBCQJCQGPPNHU-UHFFFAOYNA-N,-7.966
PTK2,c_LEU567,mut_s1,detail,1,83,NDDXLFAARQEPKC-UHFFFAOYNA-N,-7.804
PTK2,c_LEU567,mut_s1,detail,1,84,XHMFDOIXIIEIIC-UHFFFAOYNA-N,-7.505
PTK2,c_LEU567,mut_s1,detail,1,85,AGLMSXHTTUWGMJ-PKSOQXRJNA-N,-8.344
PTK2,c_LEU567,mut_s1,detail,1,86,ZXPAKNNNSOJNPO-UHFFFAOYNA-N,-8.276
PTK2,c_LEU567,mut_s1,detail,1,87,IHQNHWIJVRBCJV-UHFFFAOYNA-N,-8.139
PTK2,c_LEU567,mut_s1,detail,1,88,RMKFZACOOVWLAE-GGEHTAOSNA-N,-8.974
PTK2,c_LEU567,mut_s1,detail,1,89,DYSOMJVQHUQQEB-UHFFFAOYNA-N,-8.268
PTK2,c_LEU567,mut_s1,detail,1,90,NOCFDFQYZHBTNN-UHFFFAOYNA-N,-6.301
PTK2,c_LEU567,mut_s1,detail,1,91,SPVWQKGFZYAZQL-UHFFFAOYNA-N,-8.28
PTK2,c_LEU567,mut_s1,detail,1,92,DMXNRKKYFNEWPP-DMNNQDHHNA-N,-8.432
PTK2,c_LEU567,mut_s1,detail,1,93,RCJPJXXLZLDCKI-PKSOQXRJNA-N,-7.79
PTK2,c_LEU567,mut_s1,detail,1,94,KGTHCGXLPNILHR-UHFFFAOYNA-N,-9.623
PTK2,c_LEU567,mut_s1,detail,1,95,NWWYETOECIPWOT-CYHZHTKENA-N,-7.857
PTK2,c_LEU567,mut_s1,detail,1,96,NTSJGFMDUAVRPY-UHFFFAOYNA-N,-7.987
PTK2,c_LEU567,mut_s1,detail,1,97,SBVPMOUWJBOMKA-JTVQLVGJNA-O,-7.65
PTK2,c_LEU567,mut_s1,detail,1,98,LDNHSKULSWUSNY-UHFFFAOYNA-N,-7.96
PTK2,c_LEU567,mut_s1,detail,1,99,ASAZLTYOWNNDLD-UHFFFAOYNA-N,-7.687
PTK2,c_LEU567,mut_s1,detail,1,100,XRTRVAKJWCIIMD-UHFFFAOYNA-N,-7.197
PTK2,c_LEU567,mut_s1,detail,1,101,ZLTWUZJNYQVQEJ-UYBDAZJANA-N,-8.661
PTK2,c_LEU567,mut_s1,detail,1,102,DEYFWGXTPWNADC-UHFFFAOYNA-N,-7.784
PTK2,c_LEU567,mut_s1,detail,1,103,RHQFMXUIKVEHFK-MPIMZMORNA-N,-7.867
PTK2,c_LEU567,mut_s1,detail,1,104,DRDGAKFCORUZED-LILDFLRNNA-N,-7.746
PTK2,c_LEU567,mut_s1,detail,1,105,LQZNOWQYGFIKRM-HVXXBKQBNA-N,-7.608
PTK2,c_LEU567,mut_s1,detail,1,106,QJNYENHUMXSMRP-UHFFFAOYNA-N,-8.768
PTK2,c_LEU567,mut_s1,detail,1,107,LQILAXPPHLDIFO-NPVYFSBINA-N,-7.233
PTK2,c_LEU567,mut_s1,detail,1,108,KACOTQQTSDQWNO-UHFFFAOYNA-N,-8.361
PTK2,c_LEU567,mut_s1,detail,1,109,QLEMXKCIAQLFMM-UHFFFAOYNA-N,-8.178
PTK2,c_LEU567,mut_s1,detail,1,110,BHLVHZWLMVLRIX-LILDFLRNNA-N,-7.067
PTK2,c_LEU567,mut_s1,detail,1,111,IJNMKCHEXHHJKS-GPQMBLKYNA-N,-6.926
PTK2,c_LEU567,mut_s1,detail,1,112,LIBKCWSTNJMFGU-BDGWVKIONA-N,-8.364
PTK2,c_LEU567,mut_s1,detail,1,113,AJJBBFYAASSTLA-XOFPBXMJNA-N,-8.188
PTK2,c_LEU567,mut_s1,detail,1,114,IAIOYYRVPMGOSB-PKSOQXRJNA-N,-9.449
PTK2,c_LEU567,mut_s1,detail,1,115,CFYPAIWQFFEAEL-UHFFFAOYNA-N,-8.175
PTK2,c_LEU567,mut_s1,detail,1,116,VYJSEMNZGPEKAE-QWOVJGMINA-N,-8.462
PTK2,c_LEU567,mut_s1,detail,1,117,GATJUUWXCJCVEK-GPQMBLKYNA-N,-7.24
PTK2,c_LEU567,mut_s1,detail,1,118,ISQNQSRGAXUFGW-UHFFFAOYNA-N,-7.493
PTK2,c_LEU567,mut_s1,detail,1,119,MCVMARUOYHWORW-UHFFFAOYNA-N,-8.439
PTK2,c_LEU567,mut_s1,detail,1,120,LQMFCWRONUNRTP-FWKJIXDGNA-N,-8.057
PTK2,c_LEU567,mut_s1,detail,1,121,HJWFQDWOWDPIBE-HPHMPNDVNA-N,-7.944
PTK2,c_LEU567,mut_s1,detail,1,122,OSJCPZAKZHSNDS-UHFFFAOYNA-N,-8.268
PTK2,c_LEU567,mut_s1,detail,1,123,OPLHOPJAFJJLPX-HNNXBMFYNA-N,-8.681
PTK2,c_LEU567,mut_s1,detail,1,124,DZQRHJBYIOEZHV-PKSOQXRJNA-N,-8.169
PTK2,c_LEU567,mut_s1,detail,1,125,ZCFXIPSPKDGCHW-HSJCKIQZNA-N,-6.689
PTK2,c_LEU567,mut_s1,detail,1,126,BVGKQXNISGPHHP-UYBDAZJANA-N,-7.61
PTK2,c_LEU567,mut_s1,detail,1,127,WWGWJOHBDMYLBT-PKSOQXRJNA-N,-6.814
PTK2,c_LEU567,mut_s1,detail,1,128,JGDGIOMUQREIHP-BATSNZJTNA-N,-7.342
PTK2,c_LEU567,mut_s1,detail,1,129,LJDDSNOWUABFAP-HPRFPMAVNA-N,-8.419
PTK2,c_LEU567,mut_s1,detail,1,130,MBDOYHYQUXBBFT-UHFFFAOYNA-N,-8.975
PTK2,c_LEU567,mut_s1,detail,1,131,AGJUEHKKCLPMSY-LQFNOIFHNA-N,-8.269
PTK2,c_LEU567,mut_s1,detail,1,132,UMCUVZSSUIPNCL-BEMXBZHGNA-N,-8.257
PTK2,c_LEU567,mut_s1,detail,1,133,NKZFBKUWUIWQEM-LNNLXFCONA-N,-8.521
PTK2,c_LEU567,mut_s1,detail,1,134,GQNKLNZBZDEAMD-VQHCSMNLNA-N,-9.673
PTK2,c_LEU567,mut_s1,detail,1,135,UZNJTHHFIAFJGO-LQFNOIFHNA-N,-8.333
PTK2,c_LEU567,mut_s1,detail,1,136,LAFAEGAOHGJFCB-UHFFFAOYNA-N,-6.943
PTK2,c_LEU567,mut_s1,detail,1,137,QVHZVCDVVJVJRX-LNNLXFCONA-N,-7.423
PTK2,c_LEU567,mut_s1,detail,1,138,MWRHMRJPYFQMSQ-LNNLXFCONA-N,-7.689
PTK2,c_LEU567,mut_s1,detail,1,139,GCAQZYOXIVYDMN-PKSOQXRJNA-N,-7.552
PTK2,c_LEU567,mut_s1,detail,1,140,YJGPQCADKRAQFX-ZSDIGFPLNA-N,-8.416
PTK2,c_LEU567,mut_s1,detail,1,141,UZYMAWCMCCVCOW-BUKGPZPNNA-N,-8.195
PTK2,c_LEU567,mut_s1,detail,1,142,ZWSLJIFYDPKRSQ-XBXBPLPCNA-N,-9.635
PTK2,c_LEU567,mut_s1,detail,1,143,IJNTWIFESBAWCT-QWOVJGMINA-N,-9.36
PTK2,c_LEU567,mut_s1,detail,1,144,CXIYFBKPJSQXDU-WDUJWNCGNA-N,-9.054
PTK2,c_LEU567,mut_s1,detail,1,145,HWJNHVLCTGREAL-MPIMZMORNA-N,-7.498
PTK2,c_LEU567,mut_s1,detail,1,146,LHOSZRWWPIJINL-OLZOCXBDNA-N,-8.226
PTK2,c_LEU567,mut_s1,detail,1,147,DTEYRIFHHIHDHU-UHFFFAOYNA-N,-7.596
PTK2,c_LEU567,mut_s1,detail,1,148,NJZCVKDKMNRXTG-UHFFFAOYNA-N,-7.813
PTK2,c_LEU567,mut_s1,detail,1,149,NACLGLYMVLABDU-LNNLXFCONA-N,-8.161
PTK2,c_LEU567,mut_s1,detail,1,150,IDINUJSAMVOPCM-CNZJLSFANA-N,-6.008
PTK2,c_LEU567,mut_s1,detail,1,151,PGBPNHAAMLZTQB-LQFNOIFHNA-N,-8.312
PTK2,c_LEU567,mut_s1,detail,1,152,BCTINLARZZWKRE-MPIMZMORNA-N,-7.319
PTK2,c_LEU567,mut_s1,detail,1,153,JURXDQRYEGNLBW-LQFNOIFHNA-N,-8.025
PTK2,c_LEU567,mut_s1,detail,1,154,FBPQELGZQDQSII-LELJVTLKNA-N,-9.49
PTK2,c_LEU567,mut_s1,detail,1,155,ADBHXWFSFPPXEX-BDGWVKIONA-N,-8.617
PTK2,c_LEU567,mut_s1,detail,1,156,YUGZHQHSNYIFLG-KYSDGFAFNA-N,-7.93
PTK2,c_LEU567,mut_s1,detail,1,157,ZNDSONVEXMWLSF-QWOVJGMINA-N,-8.451
PTK2,c_LEU567,mut_s1,detail,1,158,QWCQVNIBTYLOHK-ZGZFQTMPNA-N,-9.889
PTK2,c_LEU567,mut_s1,detail,1,159,BELUGELSHVLAOZ-UHFFFAOYNA-N,-8.754
PTK2,c_LEU567,mut_s1,detail,1,160,HILDYDZVQRXXOI-LQFNOIFHNA-N,-7.944
PTK2,c_LEU567,mut_s1,detail,1,161,PTIIXGUDALPUPA-QWOVJGMINA-N,-7.916
PTK2,c_LEU567,mut_s1,detail,1,162,YWGOPEGGEGNDLS-UHFFFAOYNA-N,-6.924
PTK2,c_LEU567,mut_s1,detail,1,163,HXTQSKXJHJDGCP-UHFFFAOYNA-N,-8.753
PTK2,c_LEU567,mut_s1,detail,1,164,QMJHGNGJQQDHLD-PWIKPTQSNA-N,-7.976
PTK2,c_LEU567,mut_s1,detail,1,165,QZJYCFURESLRJX-UHFFFAOYNA-N,-8.062
PTK2,c_LEU567,mut_s1,detail,1,166,PDXQTFKIABMOFL-PDJAEHLQNA-N,-9.069
PTK2,c_LEU567,mut_s1,detail,1,167,REJJFCJYMVTFDN-PKRZOPRNNA-N,-9.219
PTK2,c_LEU567,mut_s1,detail,1,168,XGCSEQRDRFMGIU-LQFNOIFHNA-N,-8.005
PTK2,c_LEU567,mut_s1,detail,1,169,JJGWOCRPVQWXQG-ADQRUKDLNA-N,-7.956
PTK2,c_LEU567,mut_s1,detail,1,170,GEOCCLDMHBSVOL-UCDLDMSTNA-N,-8.261
PTK2,c_LEU567,mut_s1,detail,1,171,SMRGDRXOPYCHTR-SWUIVHNENA-N,-9.787
PTK2,c_LEU567,mut_s1,detail,1,172,RVFKUHZRUWXOIN-UHFFFAOYNA-N,-8.321
PTK2,c_LEU567,mut_s1,detail,1,173,BCXKIFJJJGSVDX-DXAUXPAJNA-N,-9.262
PTK2,c_LEU567,mut_s1,detail,1,174,WMPTUJZAWOBWLG-CMJFTGLXNA-N,-7.374
PTK2,c_LEU567,mut_s1,detail,1,175,ADAXUYSMOAZWKV-XBTAAFKLNA-N,-9.319
PTK2,c_LEU567,mut_s1,detail,1,176,QYOZNVCKISSENR-MRXNPFEDNA-N,-8.015
PTK2,c_LEU567,mut_s1,detail,1,177,XPINCFKWHIFHMC-WXFUMESZNA-N,-8.268
PTK2,c_LEU567,mut_s1,detail,1,178,ZGSQEILYEFGFIF-UHFFFAOYNA-N,-9.61
PTK2,c_LEU567,mut_s1,detail,1,179,CKRUVOWUUADMOW-LNNLXFCONA-N,-9.244
PTK2,c_LEU567,mut_s1,detail,1,180,QGZIKUYIROAFSE-QWOVJGMINA-N,-7.291
PTK2,c_LEU567,mut_s1,detail,1,181,KOFXCNSHSJISSQ-QWOVJGMINA-N,-9.3
PTK2,c_LEU567,mut_s1,detail,1,182,DCRJFLHNZRDYMM-UHFFFAOYNA-N,-9.65
PTK2,c_LEU567,mut_s1,detail,1,183,LIRCDOVJWUGTMW-IOQNOLELNA-N,-6.959
PTK2,c_LEU567,mut_s1,detail,1,184,FWYQXRWQFDPBIS-UHFFFAOYNA-N,-7.731
PTK2,c_LEU567,mut_s1,detail,1,185,LJRBIPYUCLSKJK-DVIAZDKANA-N,-8.138
PTK2,c_LEU567,mut_s1,detail,1,186,BSIVILSRVBLGQR-UHFFFAOYNA-N,-7.837
PTK2,c_LEU567,mut_s1,detail,1,187,DNDLSAMFYFNHBR-MPIMZMORNA-N,-8.48
PTK2,c_LEU567,mut_s1,detail,1,188,VFPJNRIWJIXUCK-UHFFFAOYNA-N,-8.464
PTK2,c_LEU567,mut_s1,detail,1,189,ZSYGHBADRJNZOU-UXUKNDFSNA-N,-8.889
PTK2,c_LEU567,mut_s1,detail,1,190,XQDLITNOVPCUMD-MPIMZMORNA-N,-9.085
PTK2,c_LEU567,mut_s1,detail,1,191,UCSBKUKETUKSSX-ZFJUVRDGNA-N,-8.491
PTK2,c_LEU567,mut_s1,detail,1,192,NZATZZGINMWOIA-QWOVJGMINA-N,-8.509
PTK2,c_LEU567,mut_s1,detail,1,193,PMGLUWPDZIVUOU-BKTFGIEZNA-N,-7.563
PTK2,c_LEU567,mut_s1,detail,1,194,QTYJLSSXENXPIA-XYULLFFJNA-N,-8.498
PTK2,c_LEU567,mut_s1,detail,1,195,ZDNRYSVLOMAJEZ-HZCBDIJENA-N,-9.135
PTK2,c_LEU567,mut_s1,detail,1,196,DPXQIUFPULXIFR-YETNDYBYNA-N,-7.596
PTK2,c_LEU567,mut_s1,detail,1,197,JEUQHZZAJFLFGO-MTTPVDACNA-N,-8.88
PTK2,c_LEU567,mut_s1,detail,1,198,ZWTFULMWPLLWNJ-UQMRZGFWNA-N,-9.224
PTK2,c_LEU567,mut_s1,detail,1,199,KDLLVDABAMKMLD-MJHPXVFFNA-N,-9.089
PTK2,c_LEU567,mut_s1,detail,1,200,CFYCLLUGGRSIQV-SPEPDGBUNA-N,-9.41
PTK2,c_LEU567,mut_s1,detail,1,201,CEZXHQCRLXZSBQ-IOZBVXGWNA-N,-7.093
PTK2,c_LEU567,mut_s1,detail,1,202,NOORAIXTPJNFDH-LAEBNAIWNA-N,-9.692
PTK2,c_LEU567,mut_s1,detail,1,203,VBFOTEWTMOETMO-PECIQRARNA-N,-7.524
PTK2,c_LEU567,mut_s1,detail,1,204,QLDHAZGAAUZOIP-LELJVTLKNA-N,-7.294
PTK2,c_LEU567,mut_s1,detail,1,205,ULIWBOHRWMGXPR-UHFFFAOYNA-N,-7.73
PTK2,c_LEU567,mut_s1,detail,1,206,CQRFGBFTRUHNJZ-LKHHGCNMNA-N,-8.339
PTK2,c_LEU567,mut_s1,detail,1,207,TVOUXLLNJXDHQR-MHZLTWQENA-N,-7.567
PTK2,c_LEU567,mut_s1,detail,1,208,MDSZUHOJNMNHJP-XBXBPLPCNA-N,-8.236
PTK2,c_LEU567,mut_s1,detail,1,209,GSKUSCWGMPZHKN-UHFFFAOYNA-N,-7.754
PTK2,c_LEU567,mut_s1,detail,1,210,LLUVDTDYDBDPFM-LBOYIXSDNA-N,-7.958
PTK2,c_LEU567,mut_s1,detail,1,211,CJPGWGLZKUWPFH-PWIKPTQSNA-N,-9.185
PTK2,c_LEU567,mut_s1,detail,1,212,MZLKAOWOIKALKR-LBOYIXSDNA-N,-9.005
PTK2,c_LEU567,mut_s1,detail,1,213,LYSAYZQUELVCGD-PJQSKVNONA-N,-7.769
PTK2,c_LEU567,mut_s1,detail,1,214,JBNMTQSSQCWSDW-NVENJYFMNA-N,-9.377
PTK2,c_LEU567,mut_s1,detail,1,215,CJAAXOOTFVSSKN-LKHHGCNMNA-N,-8.616
PTK2,c_LEU567,mut_s1,detail,1,216,WAVBTKPDIZFGSX-VJSLDGLSNA-N,-9.191
PTK2,c_LEU567,mut_s1,detail,1,217,FAYAHNACYAINBY-HRNBZBKQNA-N,-8.382
PTK2,c_LEU567,mut_s1,detail,1,218,ZHTJPKSSWTVTNA-PKRZOPRNNA-N,-9.188
PTK2,c_LEU567,mut_s1,detail,1,219,QRBHMNKXVMROIF-UHFFFAOYNA-N,-8.94
PTK2,c_LEU567,mut_s1,detail,1,220,BBDHNYKAQBEFTI-YSGSGMNWNA-N,-8.023
PTK2,c_LEU567,mut_s1,detail,1,221,PABHZRMPKXHYHB-MCITUVFDNA-N,-8.218
PTK2,c_LEU567,mut_s1,detail,1,222,BUEIPNNFYVCFLC-LELJVTLKNA-N,-8.367
PTK2,c_LEU567,mut_s1,detail,1,223,KKUNUMXHGLIOMX-WUSLAWIHNA-N,-8.926
PTK2,c_LEU567,mut_s1,detail,1,224,YGYOXSDMMNBVMH-PKRZOPRNNA-N,-9.35
PTK2,c_LEU567,mut_s1,detail,1,225,XRSGABXRLAWEDU-LQFNOIFHNA-N,-8.418
PTK2,c_LEU567,mut_s1,detail,1,226,AOTIBSKKXZHYRO-SPEPDGBUNA-N,-7.525
PTK2,c_LEU567,mut_s1,detail,1,227,RULOOZJTFYDVKV-LBOYIXSDNA-N,-8.541
PTK2,c_LEU567,mut_s1,detail,1,228,MFAMCZQOBFOTPV-LELJVTLKNA-N,-8.252
PTK2,c_LEU567,mut_s1,detail,1,229,RZBTZDHWOMTELG-UHFFFAOYNA-N,-8.768
PTK2,c_LEU567,mut_s1,detail,1,230,YBQSBCXVFMWVGY-UHFFFAOYNA-N,-9.708
PTK2,c_LEU567,mut_s1,detail,1,231,MFEDJQGOERVAHD-HXTKINSTNA-N,-8.273
PTK2,c_LEU567,mut_s1,detail,1,232,XGDJUMSXIASBOC-RGVBFFNGNA-N,-9.095
PTK2,c_LEU567,mut_s1,detail,1,233,INZVCQWDAXDGMY-UHFFFAOYNA-N,-9.444
PTK2,c_LEU567,mut_s1,detail,1,234,VSMNBGANRJLEFT-PECIQRARNA-N,-9.139
PTK2,c_LEU567,mut_s1,detail,1,235,VQPURKBPWWQWLN-MRPQGQGYNA-N,-7.248
PTK2,c_LEU567,mut_s1,detail,1,236,ITBJAHYMMJZDJN-ZCKBFCLLNA-N,-9.112
PTK2,c_LEU567,mut_s1,detail,1,237,GZXBKKWNTBGEDG-PLJOYGPPNA-N,-8.545
PTK2,c_LEU567,mut_s1,detail,1,238,GJSOSYVBARIGQO-XBBDFPCNNA-N,-9.796
PTK2,c_LEU567,mut_s1,detail,1,239,YWVDGPKULXWYMH-LELJVTLKNA-N,-7.692
PTK2,c_LEU567,mut_s1,detail,1,240,DTDCDTSLQAMFQK-PDIVMOMKNA-N,-8.286
PTK2,c_LEU567,mut_s1,detail,1,241,ZORDGSDKVXISJV-PKRZOPRNNA-N,-7.701
PTK2,c_LEU567,mut_s1,detail,1,242,GTWOAPKUQRYITB-UHFFFAOYNA-N,-8.59
PTK2,c_LEU567,mut_s1,detail,1,243,JPUJBYBHHWKSTD-LNNLXFCONA-N,-9.421
PTK2,c_LEU567,mut_s1,detail,1,244,PQVHRPXGPBDRRS-LBOYIXSDNA-N,-8.822
PTK2,c_LEU567,mut_s1,detail,1,245,JHPUSZOXXQWTST-OKPOJWAQNA-N,-7.897
PTK2,c_LEU567,mut_s1,detail,1,246,OWGZIGCUDXOZOS-OWVQZIOCNA-N,-8.436
PTK2,c_LEU567,mut_s1,detail,1,247,JUXPFZBFGMXKKR-JFRSHOPRNA-N,-6.722
PTK2,c_LEU567,mut_s1,detail,1,248,BWFZLXWRZDSPHK-DYDYTOMVNA-N,-10.423
PTK2,c_LEU567,mut_s1,detail,1,249,YQSOGHJBHORMOX-SPEPDGBUNA-N,-9.071
PTK2,c_LEU567,mut_s1,detail,1,250,ROFAQOFULLWONA-BBANKYPNNA-N,-8.15
PTK2,c_LEU567,mut_s1,detail,1,251,IHGDBIIOKIOQQL-OKPOJWAQNA-N,-8.536
PTK2,c_LEU567,mut_s1,detail,1,252,FAYBFUQTMGBOTD-UHFFFAOYNA-N,-8.615
PTK2,c_LEU567,mut_s1,detail,1,253,FOYYZIJHMVRFNR-IQICYJEPNA-N,-8.618
PTK2,c_LEU567,mut_s1,detail,1,254,MZNKKEVLKPDMRG-ZTQHEBCPNA-N,-9.082
PTK2,c_LEU567,mut_s1,detail,1,255,XKUVGAVISPKRJG-IBPUNKHUNA-N,-7.333
PTK2,c_LEU501,mut_s1,detail,1,0,IOEYSHPYQPFVLW-WZZIRTBGNA-N,-8.618
PTK2,c_LEU501,mut_s1,detail,1,1,KISKAILIUKCVIP-UHFFFAOYNA-N,-6.534
PTK2,c_LEU501,mut_s1,detail,1,2,YKFIUFSOZVLGEF-LILDFLRNNA-N,-7.575
PTK2,c_LEU501,mut_s1,detail,1,3,TYTJEFRFKUJPEU-UHFFFAOYNA-N,-7.847
PTK2,c_LEU501,mut_s1,detail,1,4,TYXDAJJVWKUJGI-CDZRGBSPNA-N,-7.644
PTK2,c_LEU501,mut_s1,detail,1,5,IYDIVTPTFGMDBE-UHFFFAOYNA-N,-7.548
PTK2,c_LEU501,mut_s1,detail,1,6,LVPPIRFSXIVDCQ-VQHVLOKHNA-N,-7.137
PTK2,c_LEU501,mut_s1,detail,1,7,KFWWSDHUPLWRKI-UHFFFAOYNA-N,-8.79
PTK2,c_LEU501,mut_s1,detail,1,8,BJHGDBMVHPNALY-YHMJCDSINA-N,-8.017
PTK2,c_LEU501,mut_s1,detail,1,9,ODZBBRURCPAEIQ-OASTWBFDNA-N,-6.885
PTK2,c_LEU501,mut_s1,detail,1,10,DNYBCGCBUCDEBB-GPQMBLKYNA-N,-7.108
PTK2,c_LEU501,mut_s1,detail,1,11,ODTXBYCYUFDWFS-BQYQJAHWNA-N,-6.725
PTK2,c_LEU501,mut_s1,detail,1,12,MLMSWRFVLJZNRV-NPVYFSBINA-N,-7.226
PTK2,c_LEU501,mut_s1,detail,1,13,YFQNZICTOUKIHD-UHFFFAOYNA-N,-8.455
PTK2,c_LEU501,mut_s1,detail,1,14,YWSKAQWSPONVPP-YHMJCDSINA-N,-6.78
PTK2,c_LEU501,mut_s1,detail,1,15,FUJBJSOIYVUFSM-DLGLGFIGNA-N,-7.448
PTK2,c_LEU501,mut_s1,detail,1,16,CZCAYAUDGHEBQB-UHFFFAOYNA-N,-6.116
PTK2,c_LEU501,mut_s1,detail,1,17,LQDMSIRJQBCAGP-UHFFFAOYNA-N,-6.533
PTK2,c_LEU501,mut_s1,detail,1,18,DPYXTTMTEAYPOR-UHFFFAOYNA-N,-6.611
PTK2,c_LEU501,mut_s1,detail,1,19,ASFLQPSNVCRBOH-UHFFFAOYNA-N,-7.701
PTK2,c_LEU501,mut_s1,detail,1,20,KZYALRXGZUUWDD-GTTYORLTNA-N,-6.885
PTK2,c_LEU501,mut_s1,detail,1,21,NUTSQHHREHYTAX-PKSOQXRJNA-N,-9.108
PTK2,c_LEU501,mut_s1,detail,1,22,GUDLXTFNNCOYNM-UHFFFAOYNA-N,-6.369
PTK2,c_LEU501,mut_s1,detail,1,23,BQUGPEQAOGLWFX-HVXXBKQBNA-N,-7.163
PTK2,c_LEU501,mut_s1,detail,1,24,XPVZKRRTCHLFRZ-GPQMBLKYNA-N,-8.04
PTK2,c_LEU501,mut_s1,detail,1,25,WLKKJQVIXAMEEF-GPQMBLKYNA-N,-7.668
PTK2,c_LEU501,mut_s1,detail,1,26,IJOUNEKMVDGTBS-UHFFFAOYNA-N,-8.133
PTK2,c_LEU501,mut_s1,detail,1,27,ZIVNUWICSJWDPM-UHFFFAOYNA-N,-7.586
PTK2,c_LEU501,mut_s1,detail,1,28,QCHKAZVPUNGJKS-JLOFHYGUNA-N,-7.631
PTK2,c_LEU501,mut_s1,detail,1,29,OBZIQQJJIKNWNO-UHFFFAOYNA-N,-5.573
PTK2,c_LEU501,mut_s1,detail,1,30,SKYBQLOFXJZRTN-UHFFFAOYNA-N,-6.818
PTK2,c_LEU501,mut_s1,detail,1,31,MCFVPJFLLJZVMJ-CMLSCEPHNA-N,-7.629
PTK2,c_LEU501,mut_s1,detail,1,32,GBSDYRSNVCORPF-JJEHQABKNA-N,-7.723
PTK2,c_LEU501,mut_s1,detail,1,33,OFMKKSBAKSDTKO-UHFFFAOYNA-N,-6.822
PTK2,c_LEU501,mut_s1,detail,1,34,CJBYLTVVRIPQAN-HOCLYGCPNA-N,-7.45
PTK2,c_LEU501,mut_s1,detail,1,35,HDYUIMHCGQNIMV-LILDFLRNNA-N,-8.803
PTK2,c_LEU501,mut_s1,detail,1,36,ICJZSDARRFSAJS-ZRHHXPTGNA-N,-7.526
PTK2,c_LEU501,mut_s1,detail,1,37,AIPXFBGCADYFMV-VEWCPZSHNA-N,-7.761
PTK2,c_LEU501,mut_s1,detail,1,38,GPCWYPVIFBLEET-UHFFFAOYNA-N,-7.221
PTK2,c_LEU501,mut_s1,detail,1,39,QWIUSZJTTPRTFQ-UHFFFAOYNA-N,-8.039
PTK2,c_LEU501,mut_s1,detail,1,40,MAPKZZFZZACUDG-UHFFFAOYNA-N,-6.512
PTK2,c_LEU501,mut_s1,detail,1,41,CESCXFZYHYMYGN-SPRAGNMINA-N,-7.089
PTK2,c_LEU501,mut_s1,detail,1,42,BNCSDXOYJVYYGP-UHFFFAOYNA-N,-7.317
PTK2,c_LEU501,mut_s1,detail,1,43,ZGPKQJAKEQZFLZ-UHFFFAOYNA-N,-7.339
PTK2,c_LEU501,mut_s1,detail,1,44,OHPBVIYSDIHFKK-LUXCBXFANA-N,-7.499
PTK2,c_LEU501,mut_s1,detail,1,45,BYYMILHAKOURNM-YHMJCDSINA-N,-5.934
PTK2,c_LEU501,mut_s1,detail,1,46,YTWHBYPYZLSPLQ-UHFFFAOYNA-N,-7.973
PTK2,c_LEU501,mut_s1,detail,1,47,MMXGXIVVWSANMS-ZYCJFAKPNA-N,-7.852
PTK2,c_LEU501,mut_s1,detail,1,48,RTBVWPVXLVPYGF-UHFFFAOYNA-N,-7.919
PTK2,c_LEU501,mut_s1,detail,1,49,NLENUXQYGCDSNE-YSFRZULJNA-N,-8.236
PTK2,c_LEU501,mut_s1,detail,1,50,OXAJWSLXTCIFFP-WXRBYKJCNA-N,-6.018
PTK2,c_LEU501,mut_s1,detail,1,51,GJDNHSKMTWUSHC-WYUMXYHSNA-N,-6.776
PTK2,c_LEU501,mut_s1,detail,1,52,OSBGPHZLIBZPGJ-NLMIROKBNA-N,-6.907
PTK2,c_LEU501,mut_s1,detail,1,53,AISUMVRDEXUUBA-YGPBECBDNA-N,-8.284
PTK2,c_LEU501,mut_s1,detail,1,54,KLWXBHSHSIBXJA-WYUMXYHSNA-N,-7.409
PTK2,c_LEU501,mut_s1,detail,1,55,MWMWFASTTPZIJX-LUXCBXFANA-N,-6.637
PTK2,c_LEU501,mut_s1,detail,1,56,RJTAILIIHYBAPJ-UHFFFAOYNA-N,-5.569
PTK2,c_LEU501,mut_s1,detail,1,57,VFAQKHZBOKAOSQ-UKTHLTGXNA-N,-7.899
PTK2,c_LEU501,mut_s1,detail,1,58,YLUKCEIRYXNIJA-HCKMINDGNA-N,-7.817
PTK2,c_LEU501,mut_s1,detail,1,59,ICKPGBPIOPGQTC-ZLGIYAABNA-N,-7.917
PTK2,c_LEU501,mut_s1,detail,1,60,LTYXRKCXVDROIY-RVQYIEHVNA-N,-6.847
PTK2,c_LEU501,mut_s1,detail,1,61,QWHFPWNHELQSDQ-DZQCGVKKNA-N,-8.477
PTK2,c_LEU501,mut_s1,detail,1,62,MVTATEZHUZEZCK-UYBDAZJANA-N,-7.329
PTK2,c_LEU501,mut_s1,detail,1,63,GDRUXNLFXUVALW-YHMJCDSINA-N,-6.911
PTK2,c_LEU501,mut_s1,detail,1,64,IXWJKTRPHYKVFW-XFDRBGHPNA-N,-7.662
PTK2,c_LEU501,mut_s1,detail,1,65,RGHANNJVNFHOMO-PKSOQXRJNA-N,-7.964
PTK2,c_LEU501,mut_s1,detail,1,66,VWKMEDUACYWLSV-UYBDAZJANA-N,-8.651
PTK2,c_LEU501,mut_s1,detail,1,67,IUKOSEPLJGRTJW-QWOVJGMINA-N,-6.766
PTK2,c_LEU501,mut_s1,detail,1,68,FVNOYPBUEJMUJE-UYBDAZJANA-N,-8.254
PTK2,c_LEU501,mut_s1,detail,1,69,PHEJGIHBLBFCLD-WAVQYLLINA-N,-8.819
PTK2,c_LEU501,mut_s1,detail,1,70,YAPUUUKLOXTMRU-HCKMINDGNA-N,-7.188
PTK2,c_LEU501,mut_s1,detail,1,71,NTYXBURNBUVSBD-QWOVJGMINA-N,-8.37
PTK2,c_LEU501,mut_s1,detail,1,72,MELKZDAJKCQHEJ-UHFFFAOYNA-N,-7.622
PTK2,c_LEU501,mut_s1,detail,1,73,PTOCRBNMWIXUJH-YHMJCDSINA-N,-7.331
PTK2,c_LEU501,mut_s1,detail,1,74,POLODSDKFZPSMC-LILDFLRNNA-N,-7.903
PTK2,c_LEU501,mut_s1,detail,1,75,JHSMZFWFBBVUDZ-UHFFFAOYNA-N,-8.1
PTK2,c_LEU501,mut_s1,detail,1,76,VMNYXYDPHKHXOJ-HCKMINDGNA-N,-7.293
PTK2,c_LEU501,mut_s1,detail,1,77,GYGFWUNSKKZJNC-UHFFFAOYNA-N,-8.491
PTK2,c_LEU501,mut_s1,detail,1,78,DNIJCXVBKOHALG-IDQLRGLVNA-N,-7.281
PTK2,c_LEU501,mut_s1,detail,1,79,GBGJFVRPQGILNH-JLGFQASFNA-N,-7.255
PTK2,c_LEU501,mut_s1,detail,1,80,OGYLVZMARUPAHP-BDGWVKIONA-N,-7.974
PTK2,c_LEU501,mut_s1,detail,1,81,CGNRLGKHPYEVRU-UYBDAZJANA-N,-8.711
PTK2,c_LEU501,mut_s1,detail,1,82,QDBCQJCQGPPNHU-UHFFFAOYNA-N,-9.182
PTK2,c_LEU501,mut_s1,detail,1,83,NDDXLFAARQEPKC-UHFFFAOYNA-N,-7.997
PTK2,c_LEU501,mut_s1,detail,1,84,XHMFDOIXIIEIIC-UHFFFAOYNA-N,-7.565
PTK2,c_LEU501,mut_s1,detail,1,85,AGLMSXHTTUWGMJ-PKSOQXRJNA-N,-8.441
PTK2,c_LEU501,mut_s1,detail,1,86,ZXPAKNNNSOJNPO-UHFFFAOYNA-N,-7.312
PTK2,c_LEU501,mut_s1,detail,1,87,IHQNHWIJVRBCJV-UHFFFAOYNA-N,-8.958
PTK2,c_LEU501,mut_s1,detail,1,88,RMKFZACOOVWLAE-GGEHTAOSNA-N,-8.774
PTK2,c_LEU501,mut_s1,detail,1,89,DYSOMJVQHUQQEB-UHFFFAOYNA-N,-9.893
PTK2,c_LEU501,mut_s1,detail,1,90,NOCFDFQYZHBTNN-UHFFFAOYNA-N,-6.616
PTK2,c_LEU501,mut_s1,detail,1,91,SPVWQKGFZYAZQL-UHFFFAOYNA-N,-8.444
PTK2,c_LEU501,mut_s1,detail,1,92,DMXNRKKYFNEWPP-DMNNQDHHNA-N,-9.012
PTK2,c_LEU501,mut_s1,detail,1,93,RCJPJXXLZLDCKI-PKSOQXRJNA-N,-7.458
PTK2,c_LEU501,mut_s1,detail,1,94,KGTHCGXLPNILHR-UHFFFAOYNA-N,-8.364
PTK2,c_LEU501,mut_s1,detail,1,95,NWWYETOECIPWOT-CYHZHTKENA-N,-8.299
PTK2,c_LEU501,mut_s1,detail,1,96,NTSJGFMDUAVRPY-UHFFFAOYNA-N,-7.669
PTK2,c_LEU501,mut_s1,detail,1,97,SBVPMOUWJBOMKA-JTVQLVGJNA-O,-7.583
PTK2,c_LEU501,mut_s1,detail,1,98,LDNHSKULSWUSNY-UHFFFAOYNA-N,-8.241
PTK2,c_LEU501,mut_s1,detail,1,99,ASAZLTYOWNNDLD-UHFFFAOYNA-N,-7.387
PTK2,c_LEU501,mut_s1,detail,1,100,XRTRVAKJWCIIMD-UHFFFAOYNA-N,-6.874
PTK2,c_LEU501,mut_s1,detail,1,101,ZLTWUZJNYQVQEJ-UYBDAZJANA-N,-8.369
PTK2,c_LEU501,mut_s1,detail,1,102,DEYFWGXTPWNADC-UHFFFAOYNA-N,-7.813
PTK2,c_LEU501,mut_s1,detail,1,103,RHQFMXUIKVEHFK-MPIMZMORNA-N,-8.218
PTK2,c_LEU501,mut_s1,detail,1,104,DRDGAKFCORUZED-LILDFLRNNA-N,-7.765
PTK2,c_LEU501,mut_s1,detail,1,105,LQZNOWQYGFIKRM-HVXXBKQBNA-N,-7.548
PTK2,c_LEU501,mut_s1,detail,1,106,QJNYENHUMXSMRP-UHFFFAOYNA-N,-7.812
PTK2,c_LEU501,mut_s1,detail,1,107,LQILAXPPHLDIFO-NPVYFSBINA-N,-7.504
PTK2,c_LEU501,mut_s1,detail,1,108,KACOTQQTSDQWNO-UHFFFAOYNA-N,-8.191
PTK2,c_LEU501,mut_s1,detail,1,109,QLEMXKCIAQLFMM-UHFFFAOYNA-N,-8.256
PTK2,c_LEU501,mut_s1,detail,1,110,BHLVHZWLMVLRIX-LILDFLRNNA-N,-6.826
PTK2,c_LEU501,mut_s1,detail,1,111,IJNMKCHEXHHJKS-GPQMBLKYNA-N,-7.137
PTK2,c_LEU501,mut_s1,detail,1,112,LIBKCWSTNJMFGU-BDGWVKIONA-N,-8.053
PTK2,c_LEU501,mut_s1,detail,1,113,AJJBBFYAASSTLA-XOFPBXMJNA-N,-8.126
PTK2,c_LEU501,mut_s1,detail,1,114,IAIOYYRVPMGOSB-PKSOQXRJNA-N,-8.651
PTK2,c_LEU501,mut_s1,detail,1,115,CFYPAIWQFFEAEL-UHFFFAOYNA-N,-8.191
PTK2,c_LEU501,mut_s1,detail,1,116,VYJSEMNZGPEKAE-QWOVJGMINA-N,-8.675
PTK2,c_LEU501,mut_s1,detail,1,117,GATJUUWXCJCVEK-GPQMBLKYNA-N,-7.773
PTK2,c_LEU501,mut_s1,detail,1,118,ISQNQSRGAXUFGW-UHFFFAOYNA-N,-6.796
PTK2,c_LEU501,mut_s1,detail,1,119,MCVMARUOYHWORW-UHFFFAOYNA-N,-8.888
PTK2,c_LEU501,mut_s1,detail,1,120,LQMFCWRONUNRTP-FWKJIXDGNA-N,-7.88
PTK2,c_LEU501,mut_s1,detail,1,121,HJWFQDWOWDPIBE-HPHMPNDVNA-N,-7.188
PTK2,c_LEU501,mut_s1,detail,1,122,OSJCPZAKZHSNDS-UHFFFAOYNA-N,-8.561
PTK2,c_LEU501,mut_s1,detail,1,123,OPLHOPJAFJJLPX-HNNXBMFYNA-N,-9.101
PTK2,c_LEU501,mut_s1,detail,1,124,DZQRHJBYIOEZHV-PKSOQXRJNA-N,-7.836
PTK2,c_LEU501,mut_s1,detail,1,125,ZCFXIPSPKDGCHW-HSJCKIQZNA-N,-7.345
PTK2,c_LEU501,mut_s1,detail,1,126,BVGKQXNISGPHHP-UYBDAZJANA-N,-7.454
PTK2,c_LEU501,mut_s1,detail,1,127,WWGWJOHBDMYLBT-PKSOQXRJNA-N,-7.086
PTK2,c_LEU501,mut_s1,detail,1,128,JGDGIOMUQREIHP-BATSNZJTNA-N,-7.343
PTK2,c_LEU501,mut_s1,detail,1,129,LJDDSNOWUABFAP-HPRFPMAVNA-N,-7.726
PTK2,c_LEU501,mut_s1,detail,1,130,MBDOYHYQUXBBFT-UHFFFAOYNA-N,-9.207
PTK2,c_LEU501,mut_s1,detail,1,131,AGJUEHKKCLPMSY-LQFNOIFHNA-N,-8.41
PTK2,c_LEU501,mut_s1,detail,1,132,UMCUVZSSUIPNCL-BEMXBZHGNA-N,-7.878
PTK2,c_LEU501,mut_s1,detail,1,133,NKZFBKUWUIWQEM-LNNLXFCONA-N,-8.668
PTK2,c_LEU501,mut_s1,detail,1,134,GQNKLNZBZDEAMD-VQHCSMNLNA-N,-9.807
PTK2,c_LEU501,mut_s1,detail,1,135,UZNJTHHFIAFJGO-LQFNOIFHNA-N,-8.28
PTK2,c_LEU501,mut_s1,detail,1,136,LAFAEGAOHGJFCB-UHFFFAOYNA-N,-7.196
PTK2,c_LEU501,mut_s1,detail,1,137,QVHZVCDVVJVJRX-LNNLXFCONA-N,-7.556
PTK2,c_LEU501,mut_s1,detail,1,138,MWRHMRJPYFQMSQ-LNNLXFCONA-N,-8.384
PTK2,c_LEU501,mut_s1,detail,1,139,GCAQZYOXIVYDMN-PKSOQXRJNA-N,-7.531
PTK2,c_LEU501,mut_s1,detail,1,140,YJGPQCADKRAQFX-ZSDIGFPLNA-N,-8.541
PTK2,c_LEU501,mut_s1,detail,1,141,UZYMAWCMCCVCOW-BUKGPZPNNA-N,-7.374
PTK2,c_LEU501,mut_s1,detail,1,142,ZWSLJIFYDPKRSQ-XBXBPLPCNA-N,-9.574
PTK2,c_LEU501,mut_s1,detail,1,143,IJNTWIFESBAWCT-QWOVJGMINA-N,-9.314
PTK2,c_LEU501,mut_s1,detail,1,144,CXIYFBKPJSQXDU-WDUJWNCGNA-N,-8.796
PTK2,c_LEU501,mut_s1,detail,1,145,HWJNHVLCTGREAL-MPIMZMORNA-N,-7.904
PTK2,c_LEU501,mut_s1,detail,1,146,LHOSZRWWPIJINL-OLZOCXBDNA-N,-8.476
PTK2,c_LEU501,mut_s1,detail,1,147,DTEYRIFHHIHDHU-UHFFFAOYNA-N,-7.43
PTK2,c_LEU501,mut_s1,detail,1,148,NJZCVKDKMNRXTG-UHFFFAOYNA-N,-8.725
PTK2,c_LEU501,mut_s1,detail,1,149,NACLGLYMVLABDU-LNNLXFCONA-N,-8.707
PTK2,c_LEU501,mut_s1,detail,1,150,IDINUJSAMVOPCM-CNZJLSFANA-N,-6.617
PTK2,c_LEU501,mut_s1,detail,1,151,PGBPNHAAMLZTQB-LQFNOIFHNA-N,-7.832
PTK2,c_LEU501,mut_s1,detail,1,152,BCTINLARZZWKRE-MPIMZMORNA-N,-7.613
PTK2,c_LEU501,mut_s1,detail,1,153,JURXDQRYEGNLBW-LQFNOIFHNA-N,-8.129
PTK2,c_LEU501,mut_s1,detail,1,154,FBPQELGZQDQSII-LELJVTLKNA-N,-8.7
PTK2,c_LEU501,mut_s1,detail,1,155,ADBHXWFSFPPXEX-BDGWVKIONA-N,-7.857
PTK2,c_LEU501,mut_s1,detail,1,156,YUGZHQHSNYIFLG-KYSDGFAFNA-N,-7.532
PTK2,c_LEU501,mut_s1,detail,1,157,ZNDSONVEXMWLSF-QWOVJGMINA-N,-8.173
PTK2,c_LEU501,mut_s1,detail,1,158,QWCQVNIBTYLOHK-ZGZFQTMPNA-N,-9.382
PTK2,c_LEU501,mut_s1,detail,1,159,BELUGELSHVLAOZ-UHFFFAOYNA-N,-8.88
PTK2,c_LEU501,mut_s1,detail,1,160,HILDYDZVQRXXOI-LQFNOIFHNA-N,-8.092
PTK2,c_LEU501,mut_s1,detail,1,161,PTIIXGUDALPUPA-QWOVJGMINA-N,-7.993
PTK2,c_LEU501,mut_s1,detail,1,162,YWGOPEGGEGNDLS-UHFFFAOYNA-N,-7.205
PTK2,c_LEU501,mut_s1,detail,1,163,HXTQSKXJHJDGCP-UHFFFAOYNA-N,-8.674
PTK2,c_LEU501,mut_s1,detail,1,164,QMJHGNGJQQDHLD-PWIKPTQSNA-N,-8.203
PTK2,c_LEU501,mut_s1,detail,1,165,QZJYCFURESLRJX-UHFFFAOYNA-N,-7.52
PTK2,c_LEU501,mut_s1,detail,1,166,PDXQTFKIABMOFL-PDJAEHLQNA-N,-8.161
PTK2,c_LEU501,mut_s1,detail,1,167,REJJFCJYMVTFDN-PKRZOPRNNA-N,-8.524
PTK2,c_LEU501,mut_s1,detail,1,168,XGCSEQRDRFMGIU-LQFNOIFHNA-N,-7.72
PTK2,c_LEU501,mut_s1,detail,1,169,JJGWOCRPVQWXQG-ADQRUKDLNA-N,-7.443
PTK2,c_LEU501,mut_s1,detail,1,170,GEOCCLDMHBSVOL-UCDLDMSTNA-N,-8.498
PTK2,c_LEU501,mut_s1,detail,1,171,SMRGDRXOPYCHTR-SWUIVHNENA-N,-9.976
PTK2,c_LEU501,mut_s1,detail,1,172,RVFKUHZRUWXOIN-UHFFFAOYNA-N,-7.872
PTK2,c_LEU501,mut_s1,detail,1,173,BCXKIFJJJGSVDX-DXAUXPAJNA-N,-9.462
PTK2,c_LEU501,mut_s1,detail,1,174,WMPTUJZAWOBWLG-CMJFTGLXNA-N,-7.124
PTK2,c_LEU501,mut_s1,detail,1,175,ADAXUYSMOAZWKV-XBTAAFKLNA-N,-9.888
PTK2,c_LEU501,mut_s1,detail,1,176,QYOZNVCKISSENR-MRXNPFEDNA-N,-7.816
PTK2,c_LEU501,mut_s1,detail,1,177,XPINCFKWHIFHMC-WXFUMESZNA-N,-8.52
PTK2,c_LEU501,mut_s1,detail,1,178,ZGSQEILYEFGFIF-UHFFFAOYNA-N,-9.726
PTK2,c_LEU501,mut_s1,detail,1,179,CKRUVOWUUADMOW-LNNLXFCONA-N,-9.4
PTK2,c_LEU501,mut_s1,detail,1,180,QGZIKUYIROAFSE-QWOVJGMINA-N,-6.577
PTK2,c_LEU501,mut_s1,detail,1,181,KOFXCNSHSJISSQ-QWOVJGMINA-N,-9.03
PTK2,c_LEU501,mut_s1,detail,1,182,DCRJFLHNZRDYMM-UHFFFAOYNA-N,-8.981
PTK2,c_LEU501,mut_s1,detail,1,183,LIRCDOVJWUGTMW-IOQNOLELNA-N,-7.049
PTK2,c_LEU501,mut_s1,detail,1,184,FWYQXRWQFDPBIS-UHFFFAOYNA-N,-7.861
PTK2,c_LEU501,mut_s1,detail,1,185,LJRBIPYUCLSKJK-DVIAZDKANA-N,-8.033
PTK2,c_LEU501,mut_s1,detail,1,186,BSIVILSRVBLGQR-UHFFFAOYNA-N,-7.835
PTK2,c_LEU501,mut_s1,detail,1,187,DNDLSAMFYFNHBR-MPIMZMORNA-N,-7.736
PTK2,c_LEU501,mut_s1,detail,1,188,VFPJNRIWJIXUCK-UHFFFAOYNA-N,-8.2
PTK2,c_LEU501,mut_s1,detail,1,189,ZSYGHBADRJNZOU-UXUKNDFSNA-N,-8.977
PTK2,c_LEU501,mut_s1,detail,1,190,XQDLITNOVPCUMD-MPIMZMORNA-N,-8.846
PTK2,c_LEU501,mut_s1,detail,1,191,UCSBKUKETUKSSX-ZFJUVRDGNA-N,-8.673
PTK2,c_LEU501,mut_s1,detail,1,192,NZATZZGINMWOIA-QWOVJGMINA-N,-8.462
PTK2,c_LEU501,mut_s1,detail,1,193,PMGLUWPDZIVUOU-BKTFGIEZNA-N,-8.039
PTK2,c_LEU501,mut_s1,detail,1,194,QTYJLSSXENXPIA-XYULLFFJNA-N,-7.954
PTK2,c_LEU501,mut_s1,detail,1,195,ZDNRYSVLOMAJEZ-HZCBDIJENA-N,-9.131
PTK2,c_LEU501,mut_s1,detail,1,196,DPXQIUFPULXIFR-YETNDYBYNA-N,-7.807
PTK2,c_LEU501,mut_s1,detail,1,197,JEUQHZZAJFLFGO-MTTPVDACNA-N,-8.985
PTK2,c_LEU501,mut_s1,detail,1,198,ZWTFULMWPLLWNJ-UQMRZGFWNA-N,-8.21
PTK2,c_LEU501,mut_s1,detail,1,199,KDLLVDABAMKMLD-MJHPXVFFNA-N,-9.029
PTK2,c_LEU501,mut_s1,detail,1,200,CFYCLLUGGRSIQV-SPEPDGBUNA-N,-8.942
PTK2,c_LEU501,mut_s1,detail,1,201,CEZXHQCRLXZSBQ-IOZBVXGWNA-N,-7.455
PTK2,c_LEU501,mut_s1,detail,1,202,NOORAIXTPJNFDH-LAEBNAIWNA-N,-9.773
PTK2,c_LEU501,mut_s1,detail,1,203,VBFOTEWTMOETMO-PECIQRARNA-N,-8.364
PTK2,c_LEU501,mut_s1,detail,1,204,QLDHAZGAAUZOIP-LELJVTLKNA-N,-7.714
PTK2,c_LEU501,mut_s1,detail,1,205,ULIWBOHRWMGXPR-UHFFFAOYNA-N,-7.377
PTK2,c_LEU501,mut_s1,detail,1,206,CQRFGBFTRUHNJZ-LKHHGCNMNA-N,-8.422
PTK2,c_LEU501,mut_s1,detail,1,207,TVOUXLLNJXDHQR-MHZLTWQENA-N,-7.988
PTK2,c_LEU501,mut_s1,detail,1,208,MDSZUHOJNMNHJP-XBXBPLPCNA-N,-8.677
PTK2,c_LEU501,mut_s1,detail,1,209,GSKUSCWGMPZHKN-UHFFFAOYNA-N,-8.044
PTK2,c_LEU501,mut_s1,detail,1,210,LLUVDTDYDBDPFM-LBOYIXSDNA-N,-8.343
PTK2,c_LEU501,mut_s1,detail,1,211,CJPGWGLZKUWPFH-PWIKPTQSNA-N,-8.953
PTK2,c_LEU501,mut_s1,detail,1,212,MZLKAOWOIKALKR-LBOYIXSDNA-N,-8.603
PTK2,c_LEU501,mut_s1,detail,1,213,LYSAYZQUELVCGD-PJQSKVNONA-N,-7.372
PTK2,c_LEU501,mut_s1,detail,1,214,JBNMTQSSQCWSDW-NVENJYFMNA-N,-9.075
PTK2,c_LEU501,mut_s1,detail,1,215,CJAAXOOTFVSSKN-LKHHGCNMNA-N,-7.226
PTK2,c_LEU501,mut_s1,detail,1,216,WAVBTKPDIZFGSX-VJSLDGLSNA-N,-9.12
PTK2,c_LEU501,mut_s1,detail,1,217,FAYAHNACYAINBY-HRNBZBKQNA-N,-8.479
PTK2,c_LEU501,mut_s1,detail,1,218,ZHTJPKSSWTVTNA-PKRZOPRNNA-N,-9.438
PTK2,c_LEU501,mut_s1,detail,1,219,QRBHMNKXVMROIF-UHFFFAOYNA-N,-8.922
PTK2,c_LEU501,mut_s1,detail,1,220,BBDHNYKAQBEFTI-YSGSGMNWNA-N,-9.572
PTK2,c_LEU501,mut_s1,detail,1,221,PABHZRMPKXHYHB-MCITUVFDNA-N,-8.94
PTK2,c_LEU501,mut_s1,detail,1,222,BUEIPNNFYVCFLC-LELJVTLKNA-N,-8.438
PTK2,c_LEU501,mut_s1,detail,1,223,KKUNUMXHGLIOMX-WUSLAWIHNA-N,-9.346
PTK2,c_LEU501,mut_s1,detail,1,224,YGYOXSDMMNBVMH-PKRZOPRNNA-N,-9.495
PTK2,c_LEU501,mut_s1,detail,1,225,XRSGABXRLAWEDU-LQFNOIFHNA-N,-8.249
PTK2,c_LEU501,mut_s1,detail,1,226,AOTIBSKKXZHYRO-SPEPDGBUNA-N,-7.932
PTK2,c_LEU501,mut_s1,detail,1,227,RULOOZJTFYDVKV-LBOYIXSDNA-N,-8.009
PTK2,c_LEU501,mut_s1,detail,1,228,MFAMCZQOBFOTPV-LELJVTLKNA-N,-8.257
PTK2,c_LEU501,mut_s1,detail,1,229,RZBTZDHWOMTELG-UHFFFAOYNA-N,-8.392
PTK2,c_LEU501,mut_s1,detail,1,230,YBQSBCXVFMWVGY-UHFFFAOYNA-N,-8.992
PTK2,c_LEU501,mut_s1,detail,1,231,MFEDJQGOERVAHD-HXTKINSTNA-N,-8.416
PTK2,c_LEU501,mut_s1,detail,1,232,XGDJUMSXIASBOC-RGVBFFNGNA-N,-9.375
PTK2,c_LEU501,mut_s1,detail,1,233,INZVCQWDAXDGMY-UHFFFAOYNA-N,-8.749
PTK2,c_LEU501,mut_s1,detail,1,234,VSMNBGANRJLEFT-PECIQRARNA-N,-9.288
PTK2,c_LEU501,mut_s1,detail,1,235,VQPURKBPWWQWLN-MRPQGQGYNA-N,-7.907
PTK2,c_LEU501,mut_s1,detail,1,236,ITBJAHYMMJZDJN-ZCKBFCLLNA-N,-9.465
PTK2,c_LEU501,mut_s1,detail,1,237,GZXBKKWNTBGEDG-PLJOYGPPNA-N,-8.058
PTK2,c_LEU501,mut_s1,detail,1,238,GJSOSYVBARIGQO-XBBDFPCNNA-N,-9.87
PTK2,c_LEU501,mut_s1,detail,1,239,YWVDGPKULXWYMH-LELJVTLKNA-N,-7.733
PTK2,c_LEU501,mut_s1,detail,1,240,DTDCDTSLQAMFQK-PDIVMOMKNA-N,-8.382
PTK2,c_LEU501,mut_s1,detail,1,241,ZORDGSDKVXISJV-PKRZOPRNNA-N,-7.743
PTK2,c_LEU501,mut_s1,detail,1,242,GTWOAPKUQRYITB-UHFFFAOYNA-N,-7.49
PTK2,c_LEU501,mut_s1,detail,1,243,JPUJBYBHHWKSTD-LNNLXFCONA-N,-9.819
PTK2,c_LEU501,mut_s1,detail,1,244,PQVHRPXGPBDRRS-LBOYIXSDNA-N,-11.5
PTK2,c_LEU501,mut_s1,detail,1,245,JHPUSZOXXQWTST-OKPOJWAQNA-N,-8.208
PTK2,c_LEU501,mut_s1,detail,1,246,OWGZIGCUDXOZOS-OWVQZIOCNA-N,-8.592
PTK2,c_LEU501,mut_s1,detail,1,247,JUXPFZBFGMXKKR-JFRSHOPRNA-N,-7.71
PTK2,c_LEU501,mut_s1,detail,1,248,BWFZLXWRZDSPHK-DYDYTOMVNA-N,-10.912
PTK2,c_LEU501,mut_s1,detail,1,249,YQSOGHJBHORMOX-SPEPDGBUNA-N,-8.736
PTK2,c_LEU501,mut_s1,detail,1,250,ROFAQOFULLWONA-BBANKYPNNA-N,-7.673
PTK2,c_LEU501,mut_s1,detail,1,251,IHGDBIIOKIOQQL-OKPOJWAQNA-N,-8.523
PTK2,c_LEU501,mut_s1,detail,1,252,FAYBFUQTMGBOTD-UHFFFAOYNA-N,-8.762
PTK2,c_LEU501,mut_s1,detail,1,253,FOYYZIJHMVRFNR-IQICYJEPNA-N,-8.811
PTK2,c_LEU501,mut_s1,detail,1,254,MZNKKEVLKPDMRG-ZTQHEBCPNA-N,-9.237
PTK2,c_LEU501,mut_s1,detail,1,255,XKUVGAVISPKRJG-IBPUNKHUNA-N,-7.644
PTK2,s_VAL560,mut_s1,detail,1,0,IOEYSHPYQPFVLW-WZZIRTBGNA-N,-8.783
PTK2,s_VAL560,mut_s1,detail,1,1,KISKAILIUKCVIP-UHFFFAOYNA-N,-6.7
PTK2,s_VAL560,mut_s1,detail,1,2,YKFIUFSOZVLGEF-LILDFLRNNA-N,-7.636
PTK2,s_VAL560,mut_s1,detail,1,3,TYTJEFRFKUJPEU-UHFFFAOYNA-N,-8.146
PTK2,s_VAL560,mut_s1,detail,1,4,TYXDAJJVWKUJGI-CDZRGBSPNA-N,-7.895
PTK2,s_VAL560,mut_s1,detail,1,5,IYDIVTPTFGMDBE-UHFFFAOYNA-N,-7.894
PTK2,s_VAL560,mut_s1,detail,1,6,LVPPIRFSXIVDCQ-VQHVLOKHNA-N,-7.343
PTK2,s_VAL560,mut_s1,detail,1,7,KFWWSDHUPLWRKI-UHFFFAOYNA-N,-8.893
PTK2,s_VAL560,mut_s1,detail,1,8,BJHGDBMVHPNALY-YHMJCDSINA-N,-8.135
PTK2,s_VAL560,mut_s1,detail,1,9,ODZBBRURCPAEIQ-OASTWBFDNA-N,-6.756
PTK2,s_VAL560,mut_s1,detail,1,10,DNYBCGCBUCDEBB-GPQMBLKYNA-N,-7.607
PTK2,s_VAL560,mut_s1,detail,1,11,ODTXBYCYUFDWFS-BQYQJAHWNA-N,-6.81
PTK2,s_VAL560,mut_s1,detail,1,12,MLMSWRFVLJZNRV-NPVYFSBINA-N,-7.492
PTK2,s_VAL560,mut_s1,detail,1,13,YFQNZICTOUKIHD-UHFFFAOYNA-N,-8.715
PTK2,s_VAL560,mut_s1,detail,1,14,YWSKAQWSPONVPP-YHMJCDSINA-N,-6.945
PTK2,s_VAL560,mut_s1,detail,1,15,FUJBJSOIYVUFSM-DLGLGFIGNA-N,-7.543
PTK2,s_VAL560,mut_s1,detail,1,16,CZCAYAUDGHEBQB-UHFFFAOYNA-N,-6.022
PTK2,s_VAL560,mut_s1,detail,1,17,LQDMSIRJQBCAGP-UHFFFAOYNA-N,-6.181
PTK2,s_VAL560,mut_s1,detail,1,18,DPYXTTMTEAYPOR-UHFFFAOYNA-N,-6.923
PTK2,s_VAL560,mut_s1,detail,1,19,ASFLQPSNVCRBOH-UHFFFAOYNA-N,-8.094
PTK2,s_VAL560,mut_s1,detail,1,20,KZYALRXGZUUWDD-GTTYORLTNA-N,-6.841
PTK2,s_VAL560,mut_s1,detail,1,21,NUTSQHHREHYTAX-PKSOQXRJNA-N,-8.718
PTK2,s_VAL560,mut_s1,detail,1,22,GUDLXTFNNCOYNM-UHFFFAOYNA-N,-5.97
PTK2,s_VAL560,mut_s1,detail,1,23,BQUGPEQAOGLWFX-HVXXBKQBNA-N,-7.09
PTK2,s_VAL560,mut_s1,detail,1,24,XPVZKRRTCHLFRZ-GPQMBLKYNA-N,-8.235
PTK2,s_VAL560,mut_s1,detail,1,25,WLKKJQVIXAMEEF-GPQMBLKYNA-N,-7.547
PTK2,s_VAL560,mut_s1,detail,1,26,IJOUNEKMVDGTBS-UHFFFAOYNA-N,-8.407
PTK2,s_VAL560,mut_s1,detail,1,27,ZIVNUWICSJWDPM-UHFFFAOYNA-N,-7.791
PTK2,s_VAL560,mut_s1,detail,1,28,QCHKAZVPUNGJKS-JLOFHYGUNA-N,-7.622
PTK2,s_VAL560,mut_s1,detail,1,29,OBZIQQJJIKNWNO-UHFFFAOYNA-N,-5.603
PTK2,s_VAL560,mut_s1,detail,1,30,SKYBQLOFXJZRTN-UHFFFAOYNA-N,-6.866
PTK2,s_VAL560,mut_s1,detail,1,31,MCFVPJFLLJZVMJ-CMLSCEPHNA-N,-7.593
PTK2,s_VAL560,mut_s1,detail,1,32,GBSDYRSNVCORPF-JJEHQABKNA-N,-7.914
PTK2,s_VAL560,mut_s1,detail,1,33,OFMKKSBAKSDTKO-UHFFFAOYNA-N,-6.569
PTK2,s_VAL560,mut_s1,detail,1,34,CJBYLTVVRIPQAN-HOCLYGCPNA-N,-7.774
PTK2,s_VAL560,mut_s1,detail,1,35,HDYUIMHCGQNIMV-LILDFLRNNA-N,-9.022
PTK2,s_VAL560,mut_s1,detail,1,36,ICJZSDARRFSAJS-ZRHHXPTGNA-N,-7.457
PTK2,s_VAL560,mut_s1,detail,1,37,AIPXFBGCADYFMV-VEWCPZSHNA-N,-7.588
PTK2,s_VAL560,mut_s1,detail,1,38,GPCWYPVIFBLEET-UHFFFAOYNA-N,-6.776
PTK2,s_VAL560,mut_s1,detail,1,39,QWIUSZJTTPRTFQ-UHFFFAOYNA-N,-8.241
PTK2,s_VAL560,mut_s1,detail,1,40,MAPKZZFZZACUDG-UHFFFAOYNA-N,-6.883
PTK2,s_VAL560,mut_s1,detail,1,41,CESCXFZYHYMYGN-SPRAGNMINA-N,-6.927
PTK2,s_VAL560,mut_s1,detail,1,42,BNCSDXOYJVYYGP-UHFFFAOYNA-N,-7.858
PTK2,s_VAL560,mut_s1,detail,1,43,ZGPKQJAKEQZFLZ-UHFFFAOYNA-N,-7.621
PTK2,s_VAL560,mut_s1,detail,1,44,OHPBVIYSDIHFKK-LUXCBXFANA-N,-7.269
PTK2,s_VAL560,mut_s1,detail,1,45,BYYMILHAKOURNM-YHMJCDSINA-N,-6.129
PTK2,s_VAL560,mut_s1,detail,1,46,YTWHBYPYZLSPLQ-UHFFFAOYNA-N,-8.291
PTK2,s_VAL560,mut_s1,detail,1,47,MMXGXIVVWSANMS-ZYCJFAKPNA-N,-8.117
PTK2,s_VAL560,mut_s1,detail,1,48,RTBVWPVXLVPYGF-UHFFFAOYNA-N,-7.971
PTK2,s_VAL560,mut_s1,detail,1,49,NLENUXQYGCDSNE-YSFRZULJNA-N,-8.23
PTK2,s_VAL560,mut_s1,detail,1,50,OXAJWSLXTCIFFP-WXRBYKJCNA-N,-6.23
PTK2,s_VAL560,mut_s1,detail,1,51,GJDNHSKMTWUSHC-WYUMXYHSNA-N,-7.083
PTK2,s_VAL560,mut_s1,detail,1,52,OSBGPHZLIBZPGJ-NLMIROKBNA-N,-7.106
PTK2,s_VAL560,mut_s1,detail,1,53,AISUMVRDEXUUBA-YGPBECBDNA-N,-8.403
PTK2,s_VAL560,mut_s1,detail,1,54,KLWXBHSHSIBXJA-WYUMXYHSNA-N,-7.623
PTK2,s_VAL560,mut_s1,detail,1,55,MWMWFASTTPZIJX-LUXCBXFANA-N,-6.759
PTK2,s_VAL560,mut_s1,detail,1,56,RJTAILIIHYBAPJ-UHFFFAOYNA-N,-5.456
PTK2,s_VAL560,mut_s1,detail,1,57,VFAQKHZBOKAOSQ-UKTHLTGXNA-N,-7.504
PTK2,s_VAL560,mut_s1,detail,1,58,YLUKCEIRYXNIJA-HCKMINDGNA-N,-7.859
PTK2,s_VAL560,mut_s1,detail,1,59,ICKPGBPIOPGQTC-ZLGIYAABNA-N,-8.076
PTK2,s_VAL560,mut_s1,detail,1,60,LTYXRKCXVDROIY-RVQYIEHVNA-N,-7.208
PTK2,s_VAL560,mut_s1,detail,1,61,QWHFPWNHELQSDQ-DZQCGVKKNA-N,-8.876
PTK2,s_VAL560,mut_s1,detail,1,62,MVTATEZHUZEZCK-UYBDAZJANA-N,-7.6
PTK2,s_VAL560,mut_s1,detail,1,63,GDRUXNLFXUVALW-YHMJCDSINA-N,-7.076
PTK2,s_VAL560,mut_s1,detail,1,64,IXWJKTRPHYKVFW-XFDRBGHPNA-N,-7.968
PTK2,s_VAL560,mut_s1,detail,1,65,RGHANNJVNFHOMO-PKSOQXRJNA-N,-8.139
PTK2,s_VAL560,mut_s1,detail,1,66,VWKMEDUACYWLSV-UYBDAZJANA-N,-8.571
PTK2,s_VAL560,mut_s1,detail,1,67,IUKOSEPLJGRTJW-QWOVJGMINA-N,-7.63
PTK2,s_VAL560,mut_s1,detail,1,68,FVNOYPBUEJMUJE-UYBDAZJANA-N,-8.421
PTK2,s_VAL560,mut_s1,detail,1,69,PHEJGIHBLBFCLD-WAVQYLLINA-N,-9.043
PTK2,s_VAL560,mut_s1,detail,1,70,YAPUUUKLOXTMRU-HCKMINDGNA-N,-7.496
PTK2,s_VAL560,mut_s1,detail,1,71,NTYXBURNBUVSBD-QWOVJGMINA-N,-8.36
PTK2,s_VAL560,mut_s1,detail,1,72,MELKZDAJKCQHEJ-UHFFFAOYNA-N,-7.303
PTK2,s_VAL560,mut_s1,detail,1,73,PTOCRBNMWIXUJH-YHMJCDSINA-N,-7.404
PTK2,s_VAL560,mut_s1,detail,1,74,POLODSDKFZPSMC-LILDFLRNNA-N,-7.963
PTK2,s_VAL560,mut_s1,detail,1,75,JHSMZFWFBBVUDZ-UHFFFAOYNA-N,-8.307
PTK2,s_VAL560,mut_s1,detail,1,76,VMNYXYDPHKHXOJ-HCKMINDGNA-N,-7.448
PTK2,s_VAL560,mut_s1,detail,1,77,GYGFWUNSKKZJNC-UHFFFAOYNA-N,-6.997
PTK2,s_VAL560,mut_s1,detail,1,78,DNIJCXVBKOHALG-IDQLRGLVNA-N,-7.396
PTK2,s_VAL560,mut_s1,detail,1,79,GBGJFVRPQGILNH-JLGFQASFNA-N,-7.461
PTK2,s_VAL560,mut_s1,detail,1,80,OGYLVZMARUPAHP-BDGWVKIONA-N,-8.332
PTK2,s_VAL560,mut_s1,detail,1,81,CGNRLGKHPYEVRU-UYBDAZJANA-N,-8.947
PTK2,s_VAL560,mut_s1,detail,1,82,QDBCQJCQGPPNHU-UHFFFAOYNA-N,-8.749
PTK2,s_VAL560,mut_s1,detail,1,83,NDDXLFAARQEPKC-UHFFFAOYNA-N,-8.165
PTK2,s_VAL560,mut_s1,detail,1,84,XHMFDOIXIIEIIC-UHFFFAOYNA-N,-7.043
PTK2,s_VAL560,mut_s1,detail,1,85,AGLMSXHTTUWGMJ-PKSOQXRJNA-N,-8.754
PTK2,s_VAL560,mut_s1,detail,1,86,ZXPAKNNNSOJNPO-UHFFFAOYNA-N,-7.607
PTK2,s_VAL560,mut_s1,detail,1,87,IHQNHWIJVRBCJV-UHFFFAOYNA-N,-9.217
PTK2,s_VAL560,mut_s1,detail,1,88,RMKFZACOOVWLAE-GGEHTAOSNA-N,-8.749
PTK2,s_VAL560,mut_s1,detail,1,89,DYSOMJVQHUQQEB-UHFFFAOYNA-N,-10.108
PTK2,s_VAL560,mut_s1,detail,1,90,NOCFDFQYZHBTNN-UHFFFAOYNA-N,-6.721
PTK2,s_VAL560,mut_s1,detail,1,91,SPVWQKGFZYAZQL-UHFFFAOYNA-N,-8.747
PTK2,s_VAL560,mut_s1,detail,1,92,DMXNRKKYFNEWPP-DMNNQDHHNA-N,-8.229
PTK2,s_VAL560,mut_s1,detail,1,93,RCJPJXXLZLDCKI-PKSOQXRJNA-N,-7.707
PTK2,s_VAL560,mut_s1,detail,1,94,KGTHCGXLPNILHR-UHFFFAOYNA-N,-8.367
PTK2,s_VAL560,mut_s1,detail,1,95,NWWYETOECIPWOT-CYHZHTKENA-N,-8.332
PTK2,s_VAL560,mut_s1,detail,1,96,NTSJGFMDUAVRPY-UHFFFAOYNA-N,-8.218
PTK2,s_VAL560,mut_s1,detail,1,97,SBVPMOUWJBOMKA-JTVQLVGJNA-O,-7.937
PTK2,s_VAL560,mut_s1,detail,1,98,LDNHSKULSWUSNY-UHFFFAOYNA-N,-8.316
PTK2,s_VAL560,mut_s1,detail,1,99,ASAZLTYOWNNDLD-UHFFFAOYNA-N,-7.567
PTK2,s_VAL560,mut_s1,detail,1,100,XRTRVAKJWCIIMD-UHFFFAOYNA-N,-6.87
PTK2,s_VAL560,mut_s1,detail,1,101,ZLTWUZJNYQVQEJ-UYBDAZJANA-N,-8.987
PTK2,s_VAL560,mut_s1,detail,1,102,DEYFWGXTPWNADC-UHFFFAOYNA-N,-8.45
PTK2,s_VAL560,mut_s1,detail,1,103,RHQFMXUIKVEHFK-MPIMZMORNA-N,-8.115
PTK2,s_VAL560,mut_s1,detail,1,104,DRDGAKFCORUZED-LILDFLRNNA-N,-7.651
PTK2,s_VAL560,mut_s1,detail,1,105,LQZNOWQYGFIKRM-HVXXBKQBNA-N,-7.396
PTK2,s_VAL560,mut_s1,detail,1,106,QJNYENHUMXSMRP-UHFFFAOYNA-N,-8.06
PTK2,s_VAL560,mut_s1,detail,1,107,LQILAXPPHLDIFO-NPVYFSBINA-N,-7.243
PTK2,s_VAL560,mut_s1,detail,1,108,KACOTQQTSDQWNO-UHFFFAOYNA-N,-8.212
PTK2,s_VAL560,mut_s1,detail,1,109,QLEMXKCIAQLFMM-UHFFFAOYNA-N,-8.488
PTK2,s_VAL560,mut_s1,detail,1,110,BHLVHZWLMVLRIX-LILDFLRNNA-N,-6.895
PTK2,s_VAL560,mut_s1,detail,1,111,IJNMKCHEXHHJKS-GPQMBLKYNA-N,-7.307
PTK2,s_VAL560,mut_s1,detail,1,112,LIBKCWSTNJMFGU-BDGWVKIONA-N,-8.624
PTK2,s_VAL560,mut_s1,detail,1,113,AJJBBFYAASSTLA-XOFPBXMJNA-N,-8.191
PTK2,s_VAL560,mut_s1,detail,1,114,IAIOYYRVPMGOSB-PKSOQXRJNA-N,-9.255
PTK2,s_VAL560,mut_s1,detail,1,115,CFYPAIWQFFEAEL-UHFFFAOYNA-N,-8.601
PTK2,s_VAL560,mut_s1,detail,1,116,VYJSEMNZGPEKAE-QWOVJGMINA-N,-8.965
PTK2,s_VAL560,mut_s1,detail,1,117,GATJUUWXCJCVEK-GPQMBLKYNA-N,-7.544
PTK2,s_VAL560,mut_s1,detail,1,118,ISQNQSRGAXUFGW-UHFFFAOYNA-N,-7.067
PTK2,s_VAL560,mut_s1,detail,1,119,MCVMARUOYHWORW-UHFFFAOYNA-N,-9.058
PTK2,s_VAL560,mut_s1,detail,1,120,LQMFCWRONUNRTP-FWKJIXDGNA-N,-8.049
PTK2,s_VAL560,mut_s1,detail,1,121,HJWFQDWOWDPIBE-HPHMPNDVNA-N,-6.644
PTK2,s_VAL560,mut_s1,detail,1,122,OSJCPZAKZHSNDS-UHFFFAOYNA-N,-8.335
PTK2,s_VAL560,mut_s1,detail,1,123,OPLHOPJAFJJLPX-HNNXBMFYNA-N,-9.249
PTK2,s_VAL560,mut_s1,detail,1,124,DZQRHJBYIOEZHV-PKSOQXRJNA-N,-8.299
PTK2,s_VAL560,mut_s1,detail,1,125,ZCFXIPSPKDGCHW-HSJCKIQZNA-N,-7.618
PTK2,s_VAL560,mut_s1,detail,1,126,BVGKQXNISGPHHP-UYBDAZJANA-N,-7.816
PTK2,s_VAL560,mut_s1,detail,1,127,WWGWJOHBDMYLBT-PKSOQXRJNA-N,-7.169
PTK2,s_VAL560,mut_s1,detail,1,128,JGDGIOMUQREIHP-BATSNZJTNA-N,-7.133
PTK2,s_VAL560,mut_s1,detail,1,129,LJDDSNOWUABFAP-HPRFPMAVNA-N,-7.996
PTK2,s_VAL560,mut_s1,detail,1,130,MBDOYHYQUXBBFT-UHFFFAOYNA-N,-9.139
PTK2,s_VAL560,mut_s1,detail,1,131,AGJUEHKKCLPMSY-LQFNOIFHNA-N,-8.73
PTK2,s_VAL560,mut_s1,detail,1,132,UMCUVZSSUIPNCL-BEMXBZHGNA-N,-8.581
PTK2,s_VAL560,mut_s1,detail,1,133,NKZFBKUWUIWQEM-LNNLXFCONA-N,-8.922
PTK2,s_VAL560,mut_s1,detail,1,134,GQNKLNZBZDEAMD-VQHCSMNLNA-N,-9.957
PTK2,s_VAL560,mut_s1,detail,1,135,UZNJTHHFIAFJGO-LQFNOIFHNA-N,-8.301
PTK2,s_VAL560,mut_s1,detail,1,136,LAFAEGAOHGJFCB-UHFFFAOYNA-N,-7.622
PTK2,s_VAL560,mut_s1,detail,1,137,QVHZVCDVVJVJRX-LNNLXFCONA-N,-8.592
PTK2,s_VAL560,mut_s1,detail,1,138,MWRHMRJPYFQMSQ-LNNLXFCONA-N,-8.628
PTK2,s_VAL560,mut_s1,detail,1,139,GCAQZYOXIVYDMN-PKSOQXRJNA-N,-7.774
PTK2,s_VAL560,mut_s1,detail,1,140,YJGPQCADKRAQFX-ZSDIGFPLNA-N,-8.76
PTK2,s_VAL560,mut_s1,detail,1,141,UZYMAWCMCCVCOW-BUKGPZPNNA-N,-7.504
PTK2,s_VAL560,mut_s1,detail,1,142,ZWSLJIFYDPKRSQ-XBXBPLPCNA-N,-9.383
PTK2,s_VAL560,mut_s1,detail,1,143,IJNTWIFESBAWCT-QWOVJGMINA-N,-9.551
PTK2,s_VAL560,mut_s1,detail,1,144,CXIYFBKPJSQXDU-WDUJWNCGNA-N,-9.001
PTK2,s_VAL560,mut_s1,detail,1,145,HWJNHVLCTGREAL-MPIMZMORNA-N,-8.096
PTK2,s_VAL560,mut_s1,detail,1,146,LHOSZRWWPIJINL-OLZOCXBDNA-N,-8.239
PTK2,s_VAL560,mut_s1,detail,1,147,DTEYRIFHHIHDHU-UHFFFAOYNA-N,-7.532
PTK2,s_VAL560,mut_s1,detail,1,148,NJZCVKDKMNRXTG-UHFFFAOYNA-N,-7.407
PTK2,s_VAL560,mut_s1,detail,1,149,NACLGLYMVLABDU-LNNLXFCONA-N,-8.672
PTK2,s_VAL560,mut_s1,detail,1,150,IDINUJSAMVOPCM-CNZJLSFANA-N,-5.726
PTK2,s_VAL560,mut_s1,detail,1,151,PGBPNHAAMLZTQB-LQFNOIFHNA-N,-8.093
PTK2,s_VAL560,mut_s1,detail,1,152,BCTINLARZZWKRE-MPIMZMORNA-N,-7.66
PTK2,s_VAL560,mut_s1,detail,1,153,JURXDQRYEGNLBW-LQFNOIFHNA-N,-8.459
PTK2,s_VAL560,mut_s1,detail,1,154,FBPQELGZQDQSII-LELJVTLKNA-N,-8.912
PTK2,s_VAL560,mut_s1,detail,1,155,ADBHXWFSFPPXEX-BDGWVKIONA-N,-7.98
PTK2,s_VAL560,mut_s1,detail,1,156,YUGZHQHSNYIFLG-KYSDGFAFNA-N,-7.852
PTK2,s_VAL560,mut_s1,detail,1,157,ZNDSONVEXMWLSF-QWOVJGMINA-N,-8.362
PTK2,s_VAL560,mut_s1,detail,1,158,QWCQVNIBTYLOHK-ZGZFQTMPNA-N,-9.622
PTK2,s_VAL560,mut_s1,detail,1,159,BELUGELSHVLAOZ-UHFFFAOYNA-N,-9.018
PTK2,s_VAL560,mut_s1,detail,1,160,HILDYDZVQRXXOI-LQFNOIFHNA-N,-8.177
PTK2,s_VAL560,mut_s1,detail,1,161,PTIIXGUDALPUPA-QWOVJGMINA-N,-8.466
PTK2,s_VAL560,mut_s1,detail,1,162,YWGOPEGGEGNDLS-UHFFFAOYNA-N,-6.777
PTK2,s_VAL560,mut_s1,detail,1,163,HXTQSKXJHJDGCP-UHFFFAOYNA-N,-8.64
PTK2,s_VAL560,mut_s1,detail,1,164,QMJHGNGJQQDHLD-PWIKPTQSNA-N,-7.969
PTK2,s_VAL560,mut_s1,detail,1,165,QZJYCFURESLRJX-UHFFFAOYNA-N,-7.492
PTK2,s_VAL560,mut_s1,detail,1,166,PDXQTFKIABMOFL-PDJAEHLQNA-N,-8.523
PTK2,s_VAL560,mut_s1,detail,1,167,REJJFCJYMVTFDN-PKRZOPRNNA-N,-8.819
PTK2,s_VAL560,mut_s1,detail,1,168,XGCSEQRDRFMGIU-LQFNOIFHNA-N,-7.956
PTK2,s_VAL560,mut_s1,detail,1,169,JJGWOCRPVQWXQG-ADQRUKDLNA-N,-7.405
PTK2,s_VAL560,mut_s1,detail,1,170,GEOCCLDMHBSVOL-UCDLDMSTNA-N,-8.787
PTK2,s_VAL560,mut_s1,detail,1,171,SMRGDRXOPYCHTR-SWUIVHNENA-N,-10.06
PTK2,s_VAL560,mut_s1,detail,1,172,RVFKUHZRUWXOIN-UHFFFAOYNA-N,-8.133
PTK2,s_VAL560,mut_s1,detail,1,173,BCXKIFJJJGSVDX-DXAUXPAJNA-N,-9.759
PTK2,s_VAL560,mut_s1,detail,1,174,WMPTUJZAWOBWLG-CMJFTGLXNA-N,-7.76
PTK2,s_VAL560,mut_s1,detail,1,175,ADAXUYSMOAZWKV-XBTAAFKLNA-N,-9.805
PTK2,s_VAL560,mut_s1,detail,1,176,QYOZNVCKISSENR-MRXNPFEDNA-N,-7.813
PTK2,s_VAL560,mut_s1,detail,1,177,XPINCFKWHIFHMC-WXFUMESZNA-N,-8.758
PTK2,s_VAL560,mut_s1,detail,1,178,ZGSQEILYEFGFIF-UHFFFAOYNA-N,-9.855
PTK2,s_VAL560,mut_s1,detail,1,179,CKRUVOWUUADMOW-LNNLXFCONA-N,-9.907
PTK2,s_VAL560,mut_s1,detail,1,180,QGZIKUYIROAFSE-QWOVJGMINA-N,-6.583
PTK2,s_VAL560,mut_s1,detail,1,181,KOFXCNSHSJISSQ-QWOVJGMINA-N,-9.334
PTK2,s_VAL560,mut_s1,detail,1,182,DCRJFLHNZRDYMM-UHFFFAOYNA-N,-9.133
PTK2,s_VAL560,mut_s1,detail,1,183,LIRCDOVJWUGTMW-IOQNOLELNA-N,-7.605
PTK2,s_VAL560,mut_s1,detail,1,184,FWYQXRWQFDPBIS-UHFFFAOYNA-N,-7.939
PTK2,s_VAL560,mut_s1,detail,1,185,LJRBIPYUCLSKJK-DVIAZDKANA-N,-8.176
PTK2,s_VAL560,mut_s1,detail,1,186,BSIVILSRVBLGQR-UHFFFAOYNA-N,-8.198
PTK2,s_VAL560,mut_s1,detail,1,187,DNDLSAMFYFNHBR-MPIMZMORNA-N,-7.914
PTK2,s_VAL560,mut_s1,detail,1,188,VFPJNRIWJIXUCK-UHFFFAOYNA-N,-8.515
PTK2,s_VAL560,mut_s1,detail,1,189,ZSYGHBADRJNZOU-UXUKNDFSNA-N,-9.24
PTK2,s_VAL560,mut_s1,detail,1,190,XQDLITNOVPCUMD-MPIMZMORNA-N,-9.234
PTK2,s_VAL560,mut_s1,detail,1,191,UCSBKUKETUKSSX-ZFJUVRDGNA-N,-8.741
PTK2,s_VAL560,mut_s1,detail,1,192,NZATZZGINMWOIA-QWOVJGMINA-N,-8.309
PTK2,s_VAL560,mut_s1,detail,1,193,PMGLUWPDZIVUOU-BKTFGIEZNA-N,-7.955
PTK2,s_VAL560,mut_s1,detail,1,194,QTYJLSSXENXPIA-XYULLFFJNA-N,-8.514
PTK2,s_VAL560,mut_s1,detail,1,195,ZDNRYSVLOMAJEZ-HZCBDIJENA-N,-9.4
PTK2,s_VAL560,mut_s1,detail,1,196,DPXQIUFPULXIFR-YETNDYBYNA-N,-7.856
PTK2,s_VAL560,mut_s1,detail,1,197,JEUQHZZAJFLFGO-MTTPVDACNA-N,-9.428
PTK2,s_VAL560,mut_s1,detail,1,198,ZWTFULMWPLLWNJ-UQMRZGFWNA-N,-8.647
PTK2,s_VAL560,mut_s1,detail,1,199,KDLLVDABAMKMLD-MJHPXVFFNA-N,-9.315
PTK2,s_VAL560,mut_s1,detail,1,200,CFYCLLUGGRSIQV-SPEPDGBUNA-N,-9.529
PTK2,s_VAL560,mut_s1,detail,1,201,CEZXHQCRLXZSBQ-IOZBVXGWNA-N,-6.809
PTK2,s_VAL560,mut_s1,detail,1,202,NOORAIXTPJNFDH-LAEBNAIWNA-N,-8.841
PTK2,s_VAL560,mut_s1,detail,1,203,VBFOTEWTMOETMO-PECIQRARNA-N,-7.89
PTK2,s_VAL560,mut_s1,detail,1,204,QLDHAZGAAUZOIP-LELJVTLKNA-N,-6.975
PTK2,s_VAL560,mut_s1,detail,1,205,ULIWBOHRWMGXPR-UHFFFAOYNA-N,-7.674
PTK2,s_VAL560,mut_s1,detail,1,206,CQRFGBFTRUHNJZ-LKHHGCNMNA-N,-8.338
PTK2,s_VAL560,mut_s1,detail,1,207,TVOUXLLNJXDHQR-MHZLTWQENA-N,-7.647
PTK2,s_VAL560,mut_s1,detail,1,208,MDSZUHOJNMNHJP-XBXBPLPCNA-N,-8.767
PTK2,s_VAL560,mut_s1,detail,1,209,GSKUSCWGMPZHKN-UHFFFAOYNA-N,-8.285
PTK2,s_VAL560,mut_s1,detail,1,210,LLUVDTDYDBDPFM-LBOYIXSDNA-N,-8.536
PTK2,s_VAL560,mut_s1,detail,1,211,CJPGWGLZKUWPFH-PWIKPTQSNA-N,-8.97
PTK2,s_VAL560,mut_s1,detail,1,212,MZLKAOWOIKALKR-LBOYIXSDNA-N,-9.23
PTK2,s_VAL560,mut_s1,detail,1,213,LYSAYZQUELVCGD-PJQSKVNONA-N,-7.717
PTK2,s_VAL560,mut_s1,detail,1,214,JBNMTQSSQCWSDW-NVENJYFMNA-N,-9.623
PTK2,s_VAL560,mut_s1,detail,1,215,CJAAXOOTFVSSKN-LKHHGCNMNA-N,-7.42
PTK2,s_VAL560,mut_s1,detail,1,216,WAVBTKPDIZFGSX-VJSLDGLSNA-N,-9.321
PTK2,s_VAL560,mut_s1,detail,1,217,FAYAHNACYAINBY-HRNBZBKQNA-N,-8.899
PTK2,s_VAL560,mut_s1,detail,1,218,ZHTJPKSSWTVTNA-PKRZOPRNNA-N,-7.952
PTK2,s_VAL560,mut_s1,detail,1,219,QRBHMNKXVMROIF-UHFFFAOYNA-N,-8.929
PTK2,s_VAL560,mut_s1,detail,1,220,BBDHNYKAQBEFTI-YSGSGMNWNA-N,-9.714
PTK2,s_VAL560,mut_s1,detail,1,221,PABHZRMPKXHYHB-MCITUVFDNA-N,-9.059
PTK2,s_VAL560,mut_s1,detail,1,222,BUEIPNNFYVCFLC-LELJVTLKNA-N,-8.713
PTK2,s_VAL560,mut_s1,detail,1,223,KKUNUMXHGLIOMX-WUSLAWIHNA-N,-9.228
PTK2,s_VAL560,mut_s1,detail,1,224,YGYOXSDMMNBVMH-PKRZOPRNNA-N,-9.242
PTK2,s_VAL560,mut_s1,detail,1,225,XRSGABXRLAWEDU-LQFNOIFHNA-N,-8.331
PTK2,s_VAL560,mut_s1,detail,1,226,AOTIBSKKXZHYRO-SPEPDGBUNA-N,-7.749
PTK2,s_VAL560,mut_s1,detail,1,227,RULOOZJTFYDVKV-LBOYIXSDNA-N,-8.238
PTK2,s_VAL560,mut_s1,detail,1,228,MFAMCZQOBFOTPV-LELJVTLKNA-N,-8.367
PTK2,s_VAL560,mut_s1,detail,1,229,RZBTZDHWOMTELG-UHFFFAOYNA-N,-8.242
PTK2,s_VAL560,mut_s1,detail,1,230,YBQSBCXVFMWVGY-UHFFFAOYNA-N,-9.223
PTK2,s_VAL560,mut_s1,detail,1,231,MFEDJQGOERVAHD-HXTKINSTNA-N,-7.661
PTK2,s_VAL560,mut_s1,detail,1,232,XGDJUMSXIASBOC-RGVBFFNGNA-N,-9.579
PTK2,s_VAL560,mut_s1,detail,1,233,INZVCQWDAXDGMY-UHFFFAOYNA-N,-8.645
PTK2,s_VAL560,mut_s1,detail,1,234,VSMNBGANRJLEFT-PECIQRARNA-N,-9.302
PTK2,s_VAL560,mut_s1,detail,1,235,VQPURKBPWWQWLN-MRPQGQGYNA-N,-7.511
PTK2,s_VAL560,mut_s1,detail,1,236,ITBJAHYMMJZDJN-ZCKBFCLLNA-N,-9.492
PTK2,s_VAL560,mut_s1,detail,1,237,GZXBKKWNTBGEDG-PLJOYGPPNA-N,-8.628
PTK2,s_VAL560,mut_s1,detail,1,238,GJSOSYVBARIGQO-XBBDFPCNNA-N,-10.275
PTK2,s_VAL560,mut_s1,detail,1,239,YWVDGPKULXWYMH-LELJVTLKNA-N,-7.764
PTK2,s_VAL560,mut_s1,detail,1,240,DTDCDTSLQAMFQK-PDIVMOMKNA-N,-8.485
PTK2,s_VAL560,mut_s1,detail,1,241,ZORDGSDKVXISJV-PKRZOPRNNA-N,-7.855
PTK2,s_VAL560,mut_s1,detail,1,242,GTWOAPKUQRYITB-UHFFFAOYNA-N,-8.57
PTK2,s_VAL560,mut_s1,detail,1,243,JPUJBYBHHWKSTD-LNNLXFCONA-N,-10.036
PTK2,s_VAL560,mut_s1,detail,1,244,PQVHRPXGPBDRRS-LBOYIXSDNA-N,-9.146
PTK2,s_VAL560,mut_s1,detail,1,245,JHPUSZOXXQWTST-OKPOJWAQNA-N,-7.815
PTK2,s_VAL560,mut_s1,detail,1,246,OWGZIGCUDXOZOS-OWVQZIOCNA-N,-8.628
PTK2,s_VAL560,mut_s1,detail,1,247,JUXPFZBFGMXKKR-JFRSHOPRNA-N,-6.904
PTK2,s_VAL560,mut_s1,detail,1,248,BWFZLXWRZDSPHK-DYDYTOMVNA-N,-11.284
PTK2,s_VAL560,mut_s1,detail,1,249,YQSOGHJBHORMOX-SPEPDGBUNA-N,-8.596
PTK2,s_VAL560,mut_s1,detail,1,250,ROFAQOFULLWONA-BBANKYPNNA-N,-6.539
PTK2,s_VAL560,mut_s1,detail,1,251,IHGDBIIOKIOQQL-OKPOJWAQNA-N,-8.356
PTK2,s_VAL560,mut_s1,detail,1,252,FAYBFUQTMGBOTD-UHFFFAOYNA-N,-8.952
PTK2,s_VAL560,mut_s1,detail,1,253,FOYYZIJHMVRFNR-IQICYJEPNA-N,-8.997
PTK2,s_VAL560,mut_s1,detail,1,254,MZNKKEVLKPDMRG-ZTQHEBCPNA-N,-10.047
PTK2,s_VAL560,mut_s1,detail,1,255,XKUVGAVISPKRJG-IBPUNKHUNA-N,-7.899
PTK2,s_MET475,mut_s1,detail,1,0,IOEYSHPYQPFVLW-WZZIRTBGNA-N,-8.778
PTK2,s_MET475,mut_s1,detail,1,1,KISKAILIUKCVIP-UHFFFAOYNA-N,-6.712
PTK2,s_MET475,mut_s1,detail,1,2,YKFIUFSOZVLGEF-LILDFLRNNA-N,-7.528
PTK2,s_MET475,mut_s1,detail,1,3,TYTJEFRFKUJPEU-UHFFFAOYNA-N,-7.989
PTK2,s_MET475,mut_s1,detail,1,4,TYXDAJJVWKUJGI-CDZRGBSPNA-N,-7.888
PTK2,s_MET475,mut_s1,detail,1,5,IYDIVTPTFGMDBE-UHFFFAOYNA-N,-7.889
PTK2,s_MET475,mut_s1,detail,1,6,LVPPIRFSXIVDCQ-VQHVLOKHNA-N,-7.33
PTK2,s_MET475,mut_s1,detail,1,7,KFWWSDHUPLWRKI-UHFFFAOYNA-N,-8.917
PTK2,s_MET475,mut_s1,detail,1,8,BJHGDBMVHPNALY-YHMJCDSINA-N,-7.409
PTK2,s_MET475,mut_s1,detail,1,9,ODZBBRURCPAEIQ-OASTWBFDNA-N,-6.771
PTK2,s_MET475,mut_s1,detail,1,10,DNYBCGCBUCDEBB-GPQMBLKYNA-N,-7.576
PTK2,s_MET475,mut_s1,detail,1,11,ODTXBYCYUFDWFS-BQYQJAHWNA-N,-6.744
PTK2,s_MET475,mut_s1,detail,1,12,MLMSWRFVLJZNRV-NPVYFSBINA-N,-7.545
PTK2,s_MET475,mut_s1,detail,1,13,YFQNZICTOUKIHD-UHFFFAOYNA-N,-8.709
PTK2,s_MET475,mut_s1,detail,1,14,YWSKAQWSPONVPP-YHMJCDSINA-N,-6.893
PTK2,s_MET475,mut_s1,detail,1,15,FUJBJSOIYVUFSM-DLGLGFIGNA-N,-7.537
PTK2,s_MET475,mut_s1,detail,1,16,CZCAYAUDGHEBQB-UHFFFAOYNA-N,-6.109
PTK2,s_MET475,mut_s1,detail,1,17,LQDMSIRJQBCAGP-UHFFFAOYNA-N,-6.13
PTK2,s_MET475,mut_s1,detail,1,18,DPYXTTMTEAYPOR-UHFFFAOYNA-N,-6.896
PTK2,s_MET475,mut_s1,detail,1,19,ASFLQPSNVCRBOH-UHFFFAOYNA-N,-8.117
PTK2,s_MET475,mut_s1,detail,1,20,KZYALRXGZUUWDD-GTTYORLTNA-N,-6.822
PTK2,s_MET475,mut_s1,detail,1,21,NUTSQHHREHYTAX-PKSOQXRJNA-N,-8.812
PTK2,s_MET475,mut_s1,detail,1,22,GUDLXTFNNCOYNM-UHFFFAOYNA-N,-6.002
PTK2,s_MET475,mut_s1,detail,1,23,BQUGPEQAOGLWFX-HVXXBKQBNA-N,-7.205
PTK2,s_MET475,mut_s1,detail,1,24,XPVZKRRTCHLFRZ-GPQMBLKYNA-N,-8.226
PTK2,s_MET475,mut_s1,detail,1,25,WLKKJQVIXAMEEF-GPQMBLKYNA-N,-7.728
PTK2,s_MET475,mut_s1,detail,1,26,IJOUNEKMVDGTBS-UHFFFAOYNA-N,-8.398
PTK2,s_MET475,mut_s1,detail,1,27,ZIVNUWICSJWDPM-UHFFFAOYNA-N,-7.796
PTK2,s_MET475,mut_s1,detail,1,28,QCHKAZVPUNGJKS-JLOFHYGUNA-N,-7.628
PTK2,s_MET475,mut_s1,detail,1,29,OBZIQQJJIKNWNO-UHFFFAOYNA-N,-5.566
PTK2,s_MET475,mut_s1,detail,1,30,SKYBQLOFXJZRTN-UHFFFAOYNA-N,-6.859
PTK2,s_MET475,mut_s1,detail,1,31,MCFVPJFLLJZVMJ-CMLSCEPHNA-N,-7.669
PTK2,s_MET475,mut_s1,detail,1,32,GBSDYRSNVCORPF-JJEHQABKNA-N,-7.816
PTK2,s_MET475,mut_s1,detail,1,33,OFMKKSBAKSDTKO-UHFFFAOYNA-N,-6.596
PTK2,s_MET475,mut_s1,detail,1,34,CJBYLTVVRIPQAN-HOCLYGCPNA-N,-7.786
PTK2,s_MET475,mut_s1,detail,1,35,HDYUIMHCGQNIMV-LILDFLRNNA-N,-9.072
PTK2,s_MET475,mut_s1,detail,1,36,ICJZSDARRFSAJS-ZRHHXPTGNA-N,-7.324
PTK2,s_MET475,mut_s1,detail,1,37,AIPXFBGCADYFMV-VEWCPZSHNA-N,-7.993
PTK2,s_MET475,mut_s1,detail,1,38,GPCWYPVIFBLEET-UHFFFAOYNA-N,-7.433
PTK2,s_MET475,mut_s1,detail,1,39,QWIUSZJTTPRTFQ-UHFFFAOYNA-N,-8.272
PTK2,s_MET475,mut_s1,detail,1,40,MAPKZZFZZACUDG-UHFFFAOYNA-N,-6.814
PTK2,s_MET475,mut_s1,detail,1,41,CESCXFZYHYMYGN-SPRAGNMINA-N,-6.872
PTK2,s_MET475,mut_s1,detail,1,42,BNCSDXOYJVYYGP-UHFFFAOYNA-N,-7.566
PTK2,s_MET475,mut_s1,detail,1,43,ZGPKQJAKEQZFLZ-UHFFFAOYNA-N,-7.629
PTK2,s_MET475,mut_s1,detail,1,44,OHPBVIYSDIHFKK-LUXCBXFANA-N,-7.283
PTK2,s_MET475,mut_s1,detail,1,45,BYYMILHAKOURNM-YHMJCDSINA-N,-6.136
PTK2,s_MET475,mut_s1,detail,1,46,YTWHBYPYZLSPLQ-UHFFFAOYNA-N,-8.248
PTK2,s_MET475,mut_s1,detail,1,47,MMXGXIVVWSANMS-ZYCJFAKPNA-N,-8.06
PTK2,s_MET475,mut_s1,detail,1,48,RTBVWPVXLVPYGF-UHFFFAOYNA-N,-7.984
PTK2,s_MET475,mut_s1,detail,1,49,NLENUXQYGCDSNE-YSFRZULJNA-N,-8.215
PTK2,s_MET475,mut_s1,detail,1,50,OXAJWSLXTCIFFP-WXRBYKJCNA-N,-6.225
PTK2,s_MET475,mut_s1,detail,1,51,GJDNHSKMTWUSHC-WYUMXYHSNA-N,-6.899
PTK2,s_MET475,mut_s1,detail,1,52,OSBGPHZLIBZPGJ-NLMIROKBNA-N,-7.129
PTK2,s_MET475,mut_s1,detail,1,53,AISUMVRDEXUUBA-YGPBECBDNA-N,-8.388
PTK2,s_MET475,mut_s1,detail,1,54,KLWXBHSHSIBXJA-WYUMXYHSNA-N,-7.588
PTK2,s_MET475,mut_s1,detail,1,55,MWMWFASTTPZIJX-LUXCBXFANA-N,-6.764
PTK2,s_MET475,mut_s1,detail,1,56,RJTAILIIHYBAPJ-UHFFFAOYNA-N,-5.423
PTK2,s_MET475,mut_s1,detail,1,57,VFAQKHZBOKAOSQ-UKTHLTGXNA-N,-7.452
PTK2,s_MET475,mut_s1,detail,1,58,YLUKCEIRYXNIJA-HCKMINDGNA-N,-7.844
PTK2,s_MET475,mut_s1,detail,1,59,ICKPGBPIOPGQTC-ZLGIYAABNA-N,-8.031
PTK2,s_MET475,mut_s1,detail,1,60,LTYXRKCXVDROIY-RVQYIEHVNA-N,-7.218
PTK2,s_MET475,mut_s1,detail,1,61,QWHFPWNHELQSDQ-DZQCGVKKNA-N,-8.886
PTK2,s_MET475,mut_s1,detail,1,62,MVTATEZHUZEZCK-UYBDAZJANA-N,-7.599
PTK2,s_MET475,mut_s1,detail,1,63,GDRUXNLFXUVALW-YHMJCDSINA-N,-6.965
PTK2,s_MET475,mut_s1,detail,1,64,IXWJKTRPHYKVFW-XFDRBGHPNA-N,-7.986
PTK2,s_MET475,mut_s1,detail,1,65,RGHANNJVNFHOMO-PKSOQXRJNA-N,-8.132
PTK2,s_MET475,mut_s1,detail,1,66,VWKMEDUACYWLSV-UYBDAZJANA-N,-8.735
PTK2,s_MET475,mut_s1,detail,1,67,IUKOSEPLJGRTJW-QWOVJGMINA-N,-7.656
PTK2,s_MET475,mut_s1,detail,1,68,FVNOYPBUEJMUJE-UYBDAZJANA-N,-8.489
PTK2,s_MET475,mut_s1,detail,1,69,PHEJGIHBLBFCLD-WAVQYLLINA-N,-9.077
PTK2,s_MET475,mut_s1,detail,1,70,YAPUUUKLOXTMRU-HCKMINDGNA-N,-7.538
PTK2,s_MET475,mut_s1,detail,1,71,NTYXBURNBUVSBD-QWOVJGMINA-N,-8.197
PTK2,s_MET475,mut_s1,detail,1,72,MELKZDAJKCQHEJ-UHFFFAOYNA-N,-7.418
PTK2,s_MET475,mut_s1,detail,1,73,PTOCRBNMWIXUJH-YHMJCDSINA-N,-7.386
PTK2,s_MET475,mut_s1,detail,1,74,POLODSDKFZPSMC-LILDFLRNNA-N,-7.981
PTK2,s_MET475,mut_s1,detail,1,75,JHSMZFWFBBVUDZ-UHFFFAOYNA-N,-8.206
PTK2,s_MET475,mut_s1,detail,1,76,VMNYXYDPHKHXOJ-HCKMINDGNA-N,-7.007
PTK2,s_MET475,mut_s1,detail,1,77,GYGFWUNSKKZJNC-UHFFFAOYNA-N,-7.043
PTK2,s_MET475,mut_s1,detail,1,78,DNIJCXVBKOHALG-IDQLRGLVNA-N,-7.418
PTK2,s_MET475,mut_s1,detail,1,79,GBGJFVRPQGILNH-JLGFQASFNA-N,-7.579
PTK2,s_MET475,mut_s1,detail,1,80,OGYLVZMARUPAHP-BDGWVKIONA-N,-8.331
PTK2,s_MET475,mut_s1,detail,1,81,CGNRLGKHPYEVRU-UYBDAZJANA-N,-8.883
PTK2,s_MET475,mut_s1,detail,1,82,QDBCQJCQGPPNHU-UHFFFAOYNA-N,-8.753
PTK2,s_MET475,mut_s1,detail,1,83,NDDXLFAARQEPKC-UHFFFAOYNA-N,-8.403
PTK2,s_MET475,mut_s1,detail,1,84,XHMFDOIXIIEIIC-UHFFFAOYNA-N,-7.937
PTK2,s_MET475,mut_s1,detail,1,85,AGLMSXHTTUWGMJ-PKSOQXRJNA-N,-8.816
PTK2,s_MET475,mut_s1,detail,1,86,ZXPAKNNNSOJNPO-UHFFFAOYNA-N,-7.436
PTK2,s_MET475,mut_s1,detail,1,87,IHQNHWIJVRBCJV-UHFFFAOYNA-N,-9.221
PTK2,s_MET475,mut_s1,detail,1,88,RMKFZACOOVWLAE-GGEHTAOSNA-N,-8.622
PTK2,s_MET475,mut_s1,detail,1,89,DYSOMJVQHUQQEB-UHFFFAOYNA-N,-10.167
PTK2,s_MET475,mut_s1,detail,1,90,NOCFDFQYZHBTNN-UHFFFAOYNA-N,-6.551
PTK2,s_MET475,mut_s1,detail,1,91,SPVWQKGFZYAZQL-UHFFFAOYNA-N,-8.285
PTK2,s_MET475,mut_s1,detail,1,92,DMXNRKKYFNEWPP-DMNNQDHHNA-N,-8.229
PTK2,s_MET475,mut_s1,detail,1,93,RCJPJXXLZLDCKI-PKSOQXRJNA-N,-7.602
PTK2,s_MET475,mut_s1,detail,1,94,KGTHCGXLPNILHR-UHFFFAOYNA-N,-8.282
PTK2,s_MET475,mut_s1,detail,1,95,NWWYETOECIPWOT-CYHZHTKENA-N,-8.326
PTK2,s_MET475,mut_s1,detail,1,96,NTSJGFMDUAVRPY-UHFFFAOYNA-N,-8.013
PTK2,s_MET475,mut_s1,detail,1,97,SBVPMOUWJBOMKA-JTVQLVGJNA-O,-7.317
PTK2,s_MET475,mut_s1,detail,1,98,LDNHSKULSWUSNY-UHFFFAOYNA-N,-8.6
PTK2,s_MET475,mut_s1,detail,1,99,ASAZLTYOWNNDLD-UHFFFAOYNA-N,-7.523
PTK2,s_MET475,mut_s1,detail,1,100,XRTRVAKJWCIIMD-UHFFFAOYNA-N,-6.74
PTK2,s_MET475,mut_s1,detail,1,101,ZLTWUZJNYQVQEJ-UYBDAZJANA-N,-8.406
PTK2,s_MET475,mut_s1,detail,1,102,DEYFWGXTPWNADC-UHFFFAOYNA-N,-8.466
PTK2,s_MET475,mut_s1,detail,1,103,RHQFMXUIKVEHFK-MPIMZMORNA-N,-8.147
PTK2,s_MET475,mut_s1,detail,1,104,DRDGAKFCORUZED-LILDFLRNNA-N,-7.75
PTK2,s_MET475,mut_s1,detail,1,105,LQZNOWQYGFIKRM-HVXXBKQBNA-N,-6.847
PTK2,s_MET475,mut_s1,detail,1,106,QJNYENHUMXSMRP-UHFFFAOYNA-N,-7.937
PTK2,s_MET475,mut_s1,detail,1,107,LQILAXPPHLDIFO-NPVYFSBINA-N,-7.433
PTK2,s_MET475,mut_s1,detail,1,108,KACOTQQTSDQWNO-UHFFFAOYNA-N,-8.224
PTK2,s_MET475,mut_s1,detail,1,109,QLEMXKCIAQLFMM-UHFFFAOYNA-N,-8.478
PTK2,s_MET475,mut_s1,detail,1,110,BHLVHZWLMVLRIX-LILDFLRNNA-N,-6.712
PTK2,s_MET475,mut_s1,detail,1,111,IJNMKCHEXHHJKS-GPQMBLKYNA-N,-7.238
PTK2,s_MET475,mut_s1,detail,1,112,LIBKCWSTNJMFGU-BDGWVKIONA-N,-8.052
PTK2,s_MET475,mut_s1,detail,1,113,AJJBBFYAASSTLA-XOFPBXMJNA-N,-8.417
PTK2,s_MET475,mut_s1,detail,1,114,IAIOYYRVPMGOSB-PKSOQXRJNA-N,-9.272
PTK2,s_MET475,mut_s1,detail,1,115,CFYPAIWQFFEAEL-UHFFFAOYNA-N,-8.381
PTK2,s_MET475,mut_s1,detail,1,116,VYJSEMNZGPEKAE-QWOVJGMINA-N,-9.028
PTK2,s_MET475,mut_s1,detail,1,117,GATJUUWXCJCVEK-GPQMBLKYNA-N,-7.468
PTK2,s_MET475,mut_s1,detail,1,118,ISQNQSRGAXUFGW-UHFFFAOYNA-N,-7.238
PTK2,s_MET475,mut_s1,detail,1,119,MCVMARUOYHWORW-UHFFFAOYNA-N,-9.039
PTK2,s_MET475,mut_s1,detail,1,120,LQMFCWRONUNRTP-FWKJIXDGNA-N,-7.866
PTK2,s_MET475,mut_s1,detail,1,121,HJWFQDWOWDPIBE-HPHMPNDVNA-N,-6.654
PTK2,s_MET475,mut_s1,detail,1,122,OSJCPZAKZHSNDS-UHFFFAOYNA-N,-8.298
PTK2,s_MET475,mut_s1,detail,1,123,OPLHOPJAFJJLPX-HNNXBMFYNA-N,-9.236
PTK2,s_MET475,mut_s1,detail,1,124,DZQRHJBYIOEZHV-PKSOQXRJNA-N,-8.044
PTK2,s_MET475,mut_s1,detail,1,125,ZCFXIPSPKDGCHW-HSJCKIQZNA-N,-7.637
PTK2,s_MET475,mut_s1,detail,1,126,BVGKQXNISGPHHP-UYBDAZJANA-N,-7.771
PTK2,s_MET475,mut_s1,detail,1,127,WWGWJOHBDMYLBT-PKSOQXRJNA-N,-6.457
PTK2,s_MET475,mut_s1,detail,1,128,JGDGIOMUQREIHP-BATSNZJTNA-N,-7.463
PTK2,s_MET475,mut_s1,detail,1,129,LJDDSNOWUABFAP-HPRFPMAVNA-N,-8.187
PTK2,s_MET475,mut_s1,detail,1,130,MBDOYHYQUXBBFT-UHFFFAOYNA-N,-9.565
PTK2,s_MET475,mut_s1,detail,1,131,AGJUEHKKCLPMSY-LQFNOIFHNA-N,-8.44
PTK2,s_MET475,mut_s1,detail,1,132,UMCUVZSSUIPNCL-BEMXBZHGNA-N,-8.657
PTK2,s_MET475,mut_s1,detail,1,133,NKZFBKUWUIWQEM-LNNLXFCONA-N,-8.928
PTK2,s_MET475,mut_s1,detail,1,134,GQNKLNZBZDEAMD-VQHCSMNLNA-N,-9.922
PTK2,s_MET475,mut_s1,detail,1,135,UZNJTHHFIAFJGO-LQFNOIFHNA-N,-8.383
PTK2,s_MET475,mut_s1,detail,1,136,LAFAEGAOHGJFCB-UHFFFAOYNA-N,-7.478
PTK2,s_MET475,mut_s1,detail,1,137,QVHZVCDVVJVJRX-LNNLXFCONA-N,-8.531
PTK2,s_MET475,mut_s1,detail,1,138,MWRHMRJPYFQMSQ-LNNLXFCONA-N,-8.657
PTK2,s_MET475,mut_s1,detail,1,139,GCAQZYOXIVYDMN-PKSOQXRJNA-N,-7.254
PTK2,s_MET475,mut_s1,detail,1,140,YJGPQCADKRAQFX-ZSDIGFPLNA-N,-8.306
PTK2,s_MET475,mut_s1,detail,1,141,UZYMAWCMCCVCOW-BUKGPZPNNA-N,-7.811
PTK2,s_MET475,mut_s1,detail,1,142,ZWSLJIFYDPKRSQ-XBXBPLPCNA-N,-9.381
PTK2,s_MET475,mut_s1,detail,1,143,IJNTWIFESBAWCT-QWOVJGMINA-N,-9.566
PTK2,s_MET475,mut_s1,detail,1,144,CXIYFBKPJSQXDU-WDUJWNCGNA-N,-8.994
PTK2,s_MET475,mut_s1,detail,1,145,HWJNHVLCTGREAL-MPIMZMORNA-N,-7.81
PTK2,s_MET475,mut_s1,detail,1,146,LHOSZRWWPIJINL-OLZOCXBDNA-N,-7.508
PTK2,s_MET475,mut_s1,detail,1,147,DTEYRIFHHIHDHU-UHFFFAOYNA-N,-7.679
PTK2,s_MET475,mut_s1,detail,1,148,NJZCVKDKMNRXTG-UHFFFAOYNA-N,-7.477
PTK2,s_MET475,mut_s1,detail,1,149,NACLGLYMVLABDU-LNNLXFCONA-N,-8.433
PTK2,s_MET475,mut_s1,detail,1,150,IDINUJSAMVOPCM-CNZJLSFANA-N,-5.709
PTK2,s_MET475,mut_s1,detail,1,151,PGBPNHAAMLZTQB-LQFNOIFHNA-N,-8.42
PTK2,s_MET475,mut_s1,detail,1,152,BCTINLARZZWKRE-MPIMZMORNA-N,-7.978
PTK2,s_MET475,mut_s1,detail,1,153,JURXDQRYEGNLBW-LQFNOIFHNA-N,-8.372
PTK2,s_MET475,mut_s1,detail,1,154,FBPQELGZQDQSII-LELJVTLKNA-N,-8.847
PTK2,s_MET475,mut_s1,detail,1,155,ADBHXWFSFPPXEX-BDGWVKIONA-N,-8.077
PTK2,s_MET475,mut_s1,detail,1,156,YUGZHQHSNYIFLG-KYSDGFAFNA-N,-7.601
PTK2,s_MET475,mut_s1,detail,1,157,ZNDSONVEXMWLSF-QWOVJGMINA-N,-8.183
PTK2,s_MET475,mut_s1,detail,1,158,QWCQVNIBTYLOHK-ZGZFQTMPNA-N,-9.586
PTK2,s_MET475,mut_s1,detail,1,159,BELUGELSHVLAOZ-UHFFFAOYNA-N,-9.274
PTK2,s_MET475,mut_s1,detail,1,160,HILDYDZVQRXXOI-LQFNOIFHNA-N,-8.276
PTK2,s_MET475,mut_s1,detail,1,161,PTIIXGUDALPUPA-QWOVJGMINA-N,-7.878
PTK2,s_MET475,mut_s1,detail,1,162,YWGOPEGGEGNDLS-UHFFFAOYNA-N,-6.781
PTK2,s_MET475,mut_s1,detail,1,163,HXTQSKXJHJDGCP-UHFFFAOYNA-N,-8.816
PTK2,s_MET475,mut_s1,detail,1,164,QMJHGNGJQQDHLD-PWIKPTQSNA-N,-8.052
PTK2,s_MET475,mut_s1,detail,1,165,QZJYCFURESLRJX-UHFFFAOYNA-N,-7.791
PTK2,s_MET475,mut_s1,detail,1,166,PDXQTFKIABMOFL-PDJAEHLQNA-N,-7.475
PTK2,s_MET475,mut_s1,detail,1,167,REJJFCJYMVTFDN-PKRZOPRNNA-N,-8.802
PTK2,s_MET475,mut_s1,detail,1,168,XGCSEQRDRFMGIU-LQFNOIFHNA-N,-7.976
PTK2,s_MET475,mut_s1,detail,1,169,JJGWOCRPVQWXQG-ADQRUKDLNA-N,-7.383
PTK2,s_MET475,mut_s1,detail,1,170,GEOCCLDMHBSVOL-UCDLDMSTNA-N,-8.412
PTK2,s_MET475,mut_s1,detail,1,171,SMRGDRXOPYCHTR-SWUIVHNENA-N,-9.524
PTK2,s_MET475,mut_s1,detail,1,172,RVFKUHZRUWXOIN-UHFFFAOYNA-N,-8.193
PTK2,s_MET475,mut_s1,detail,1,173,BCXKIFJJJGSVDX-DXAUXPAJNA-N,-9.707
PTK2,s_MET475,mut_s1,detail,1,174,WMPTUJZAWOBWLG-CMJFTGLXNA-N,-7.73
PTK2,s_MET475,mut_s1,detail,1,175,ADAXUYSMOAZWKV-XBTAAFKLNA-N,-9.874
PTK2,s_MET475,mut_s1,detail,1,176,QYOZNVCKISSENR-MRXNPFEDNA-N,-7.778
PTK2,s_MET475,mut_s1,detail,1,177,XPINCFKWHIFHMC-WXFUMESZNA-N,-8.755
PTK2,s_MET475,mut_s1,detail,1,178,ZGSQEILYEFGFIF-UHFFFAOYNA-N,-9.981
PTK2,s_MET475,mut_s1,detail,1,179,CKRUVOWUUADMOW-LNNLXFCONA-N,-9.956
PTK2,s_MET475,mut_s1,detail,1,180,QGZIKUYIROAFSE-QWOVJGMINA-N,-6.822
PTK2,s_MET475,mut_s1,detail,1,181,KOFXCNSHSJISSQ-QWOVJGMINA-N,-9.32
PTK2,s_MET475,mut_s1,detail,1,182,DCRJFLHNZRDYMM-UHFFFAOYNA-N,-9.092
PTK2,s_MET475,mut_s1,detail,1,183,LIRCDOVJWUGTMW-IOQNOLELNA-N,-7.41
PTK2,s_MET475,mut_s1,detail,1,184,FWYQXRWQFDPBIS-UHFFFAOYNA-N,-7.721
PTK2,s_MET475,mut_s1,detail,1,185,LJRBIPYUCLSKJK-DVIAZDKANA-N,-8.071
PTK2,s_MET475,mut_s1,detail,1,186,BSIVILSRVBLGQR-UHFFFAOYNA-N,-8.178
PTK2,s_MET475,mut_s1,detail,1,187,DNDLSAMFYFNHBR-MPIMZMORNA-N,-7.885
PTK2,s_MET475,mut_s1,detail,1,188,VFPJNRIWJIXUCK-UHFFFAOYNA-N,-8.479
PTK2,s_MET475,mut_s1,detail,1,189,ZSYGHBADRJNZOU-UXUKNDFSNA-N,-9.203
PTK2,s_MET475,mut_s1,detail,1,190,XQDLITNOVPCUMD-MPIMZMORNA-N,-9.165
PTK2,s_MET475,mut_s1,detail,1,191,UCSBKUKETUKSSX-ZFJUVRDGNA-N,-8.72
PTK2,s_MET475,mut_s1,detail,1,192,NZATZZGINMWOIA-QWOVJGMINA-N,-8.359
PTK2,s_MET475,mut_s1,detail,1,193,PMGLUWPDZIVUOU-BKTFGIEZNA-N,-8.043
PTK2,s_MET475,mut_s1,detail,1,194,QTYJLSSXENXPIA-XYULLFFJNA-N,-8.396
PTK2,s_MET475,mut_s1,detail,1,195,ZDNRYSVLOMAJEZ-HZCBDIJENA-N,-9.248
PTK2,s_MET475,mut_s1,detail,1,196,DPXQIUFPULXIFR-YETNDYBYNA-N,-7.832
PTK2,s_MET475,mut_s1,detail,1,197,JEUQHZZAJFLFGO-MTTPVDACNA-N,-9.111
PTK2,s_MET475,mut_s1,detail,1,198,ZWTFULMWPLLWNJ-UQMRZGFWNA-N,-8.41
PTK2,s_MET475,mut_s1,detail,1,199,KDLLVDABAMKMLD-MJHPXVFFNA-N,-9.069
PTK2,s_MET475,mut_s1,detail,1,200,CFYCLLUGGRSIQV-SPEPDGBUNA-N,-9.203
PTK2,s_MET475,mut_s1,detail,1,201,CEZXHQCRLXZSBQ-IOZBVXGWNA-N,-7.125
PTK2,s_MET475,mut_s1,detail,1,202,NOORAIXTPJNFDH-LAEBNAIWNA-N,-9.9
PTK2,s_MET475,mut_s1,detail,1,203,VBFOTEWTMOETMO-PECIQRARNA-N,-7.391
PTK2,s_MET475,mut_s1,detail,1,204,QLDHAZGAAUZOIP-LELJVTLKNA-N,-7.799
PTK2,s_MET475,mut_s1,detail,1,205,ULIWBOHRWMGXPR-UHFFFAOYNA-N,-7.498
PTK2,s_MET475,mut_s1,detail,1,206,CQRFGBFTRUHNJZ-LKHHGCNMNA-N,-8.646
PTK2,s_MET475,mut_s1,detail,1,207,TVOUXLLNJXDHQR-MHZLTWQENA-N,-6.81
PTK2,s_MET475,mut_s1,detail,1,208,MDSZUHOJNMNHJP-XBXBPLPCNA-N,-8.233
PTK2,s_MET475,mut_s1,detail,1,209,GSKUSCWGMPZHKN-UHFFFAOYNA-N,-8.308
PTK2,s_MET475,mut_s1,detail,1,210,LLUVDTDYDBDPFM-LBOYIXSDNA-N,-8.389
PTK2,s_MET475,mut_s1,detail,1,211,CJPGWGLZKUWPFH-PWIKPTQSNA-N,-8.921
PTK2,s_MET475,mut_s1,detail,1,212,MZLKAOWOIKALKR-LBOYIXSDNA-N,-8.621
PTK2,s_MET475,mut_s1,detail,1,213,LYSAYZQUELVCGD-PJQSKVNONA-N,-6.935
PTK2,s_MET475,mut_s1,detail,1,214,JBNMTQSSQCWSDW-NVENJYFMNA-N,-9.37
PTK2,s_MET475,mut_s1,detail,1,215,CJAAXOOTFVSSKN-LKHHGCNMNA-N,-7.09
PTK2,s_MET475,mut_s1,detail,1,216,WAVBTKPDIZFGSX-VJSLDGLSNA-N,-9.311
PTK2,s_MET475,mut_s1,detail,1,217,FAYAHNACYAINBY-HRNBZBKQNA-N,-8.921
PTK2,s_MET475,mut_s1,detail,1,218,ZHTJPKSSWTVTNA-PKRZOPRNNA-N,-8.582
PTK2,s_MET475,mut_s1,detail,1,219,QRBHMNKXVMROIF-UHFFFAOYNA-N,-9.156
PTK2,s_MET475,mut_s1,detail,1,220,BBDHNYKAQBEFTI-YSGSGMNWNA-N,-9.4
PTK2,s_MET475,mut_s1,detail,1,221,PABHZRMPKXHYHB-MCITUVFDNA-N,-8.846
PTK2,s_MET475,mut_s1,detail,1,222,BUEIPNNFYVCFLC-LELJVTLKNA-N,-8.366
PTK2,s_MET475,mut_s1,detail,1,223,KKUNUMXHGLIOMX-WUSLAWIHNA-N,-9.138
PTK2,s_MET475,mut_s1,detail,1,224,YGYOXSDMMNBVMH-PKRZOPRNNA-N,-9.56
PTK2,s_MET475,mut_s1,detail,1,225,XRSGABXRLAWEDU-LQFNOIFHNA-N,-8.77
PTK2,s_MET475,mut_s1,detail,1,226,AOTIBSKKXZHYRO-SPEPDGBUNA-N,-8.236
PTK2,s_MET475,mut_s1,detail,1,227,RULOOZJTFYDVKV-LBOYIXSDNA-N,-8.139
PTK2,s_MET475,mut_s1,detail,1,228,MFAMCZQOBFOTPV-LELJVTLKNA-N,-8.068
PTK2,s_MET475,mut_s1,detail,1,229,RZBTZDHWOMTELG-UHFFFAOYNA-N,-8.577
PTK2,s_MET475,mut_s1,detail,1,230,YBQSBCXVFMWVGY-UHFFFAOYNA-N,-9.23
PTK2,s_MET475,mut_s1,detail,1,231,MFEDJQGOERVAHD-HXTKINSTNA-N,-7.67
PTK2,s_MET475,mut_s1,detail,1,232,XGDJUMSXIASBOC-RGVBFFNGNA-N,-9.582
PTK2,s_MET475,mut_s1,detail,1,233,INZVCQWDAXDGMY-UHFFFAOYNA-N,-8.641
PTK2,s_MET475,mut_s1,detail,1,234,VSMNBGANRJLEFT-PECIQRARNA-N,-8.998
PTK2,s_MET475,mut_s1,detail,1,235,VQPURKBPWWQWLN-MRPQGQGYNA-N,-7.676
PTK2,s_MET475,mut_s1,detail,1,236,ITBJAHYMMJZDJN-ZCKBFCLLNA-N,-9.499
PTK2,s_MET475,mut_s1,detail,1,237,GZXBKKWNTBGEDG-PLJOYGPPNA-N,-8.34
PTK2,s_MET475,mut_s1,detail,1,238,GJSOSYVBARIGQO-XBBDFPCNNA-N,-10.166
PTK2,s_MET475,mut_s1,detail,1,239,YWVDGPKULXWYMH-LELJVTLKNA-N,-7.411
PTK2,s_MET475,mut_s1,detail,1,240,DTDCDTSLQAMFQK-PDIVMOMKNA-N,-8.466
PTK2,s_MET475,mut_s1,detail,1,241,ZORDGSDKVXISJV-PKRZOPRNNA-N,-7.805
PTK2,s_MET475,mut_s1,detail,1,242,GTWOAPKUQRYITB-UHFFFAOYNA-N,-8.668
PTK2,s_MET475,mut_s1,detail,1,243,JPUJBYBHHWKSTD-LNNLXFCONA-N,-9.876
PTK2,s_MET475,mut_s1,detail,1,244,PQVHRPXGPBDRRS-LBOYIXSDNA-N,-9.283
PTK2,s_MET475,mut_s1,detail,1,245,JHPUSZOXXQWTST-OKPOJWAQNA-N,-7.958
PTK2,s_MET475,mut_s1,detail,1,246,OWGZIGCUDXOZOS-OWVQZIOCNA-N,-8.718
PTK2,s_MET475,mut_s1,detail,1,247,JUXPFZBFGMXKKR-JFRSHOPRNA-N,-6.755
PTK2,s_MET475,mut_s1,detail,1,248,BWFZLXWRZDSPHK-DYDYTOMVNA-N,-10.994
PTK2,s_MET475,mut_s1,detail,1,249,YQSOGHJBHORMOX-SPEPDGBUNA-N,-8.833
PTK2,s_MET475,mut_s1,detail,1,250,ROFAQOFULLWONA-BBANKYPNNA-N,-7.876
PTK2,s_MET475,mut_s1,detail,1,251,IHGDBIIOKIOQQL-OKPOJWAQNA-N,-8.46
PTK2,s_MET475,mut_s1,detail,1,252,FAYBFUQTMGBOTD-UHFFFAOYNA-N,-9.029
PTK2,s_MET475,mut_s1,detail,1,253,FOYYZIJHMVRFNR-IQICYJEPNA-N,-8.783
PTK2,s_MET475,mut_s1,detail,1,254,MZNKKEVLKPDMRG-ZTQHEBCPNA-N,-9.584
PTK2,s_MET475,mut_s1,detail,1,255,XKUVGAVISPKRJG-IBPUNKHUNA-N,-7.846
PTK2,s_GLN432,mut_s1,detail,1,0,IOEYSHPYQPFVLW-WZZIRTBGNA-N,-8.629
PTK2,s_GLN432,mut_s1,detail,1,1,KISKAILIUKCVIP-UHFFFAOYNA-N,-6.573
PTK2,s_GLN432,mut_s1,detail,1,2,YKFIUFSOZVLGEF-LILDFLRNNA-N,-7.481
PTK2,s_GLN432,mut_s1,detail,1,3,TYTJEFRFKUJPEU-UHFFFAOYNA-N,-7.848
PTK2,s_GLN432,mut_s1,detail,1,4,TYXDAJJVWKUJGI-CDZRGBSPNA-N,-7.654
PTK2,s_GLN432,mut_s1,detail,1,5,IYDIVTPTFGMDBE-UHFFFAOYNA-N,-7.893
PTK2,s_GLN432,mut_s1,detail,1,6,LVPPIRFSXIVDCQ-VQHVLOKHNA-N,-7.26
PTK2,s_GLN432,mut_s1,detail,1,7,KFWWSDHUPLWRKI-UHFFFAOYNA-N,-8.879
PTK2,s_GLN432,mut_s1,detail,1,8,BJHGDBMVHPNALY-YHMJCDSINA-N,-8.165
PTK2,s_GLN432,mut_s1,detail,1,9,ODZBBRURCPAEIQ-OASTWBFDNA-N,-6.749
PTK2,s_GLN432,mut_s1,detail,1,10,DNYBCGCBUCDEBB-GPQMBLKYNA-N,-7.974
PTK2,s_GLN432,mut_s1,detail,1,11,ODTXBYCYUFDWFS-BQYQJAHWNA-N,-6.841
PTK2,s_GLN432,mut_s1,detail,1,12,MLMSWRFVLJZNRV-NPVYFSBINA-N,-7.564
PTK2,s_GLN432,mut_s1,detail,1,13,YFQNZICTOUKIHD-UHFFFAOYNA-N,-8.62
PTK2,s_GLN432,mut_s1,detail,1,14,YWSKAQWSPONVPP-YHMJCDSINA-N,-6.935
PTK2,s_GLN432,mut_s1,detail,1,15,FUJBJSOIYVUFSM-DLGLGFIGNA-N,-7.516
PTK2,s_GLN432,mut_s1,detail,1,16,CZCAYAUDGHEBQB-UHFFFAOYNA-N,-5.986
PTK2,s_GLN432,mut_s1,detail,1,17,LQDMSIRJQBCAGP-UHFFFAOYNA-N,-6.026
PTK2,s_GLN432,mut_s1,detail,1,18,DPYXTTMTEAYPOR-UHFFFAOYNA-N,-6.773
PTK2,s_GLN432,mut_s1,detail,1,19,ASFLQPSNVCRBOH-UHFFFAOYNA-N,-7.578
PTK2,s_GLN432,mut_s1,detail,1,20,KZYALRXGZUUWDD-GTTYORLTNA-N,-7.347
PTK2,s_GLN432,mut_s1,detail,1,21,NUTSQHHREHYTAX-PKSOQXRJNA-N,-8.724
PTK2,s_GLN432,mut_s1,detail,1,22,GUDLXTFNNCOYNM-UHFFFAOYNA-N,-5.921
PTK2,s_GLN432,mut_s1,detail,1,23,BQUGPEQAOGLWFX-HVXXBKQBNA-N,-7.058
PTK2,s_GLN432,mut_s1,detail,1,24,XPVZKRRTCHLFRZ-GPQMBLKYNA-N,-8.403
PTK2,s_GLN432,mut_s1,detail,1,25,WLKKJQVIXAMEEF-GPQMBLKYNA-N,-7.669
PTK2,s_GLN432,mut_s1,detail,1,26,IJOUNEKMVDGTBS-UHFFFAOYNA-N,-8.298
PTK2,s_GLN432,mut_s1,detail,1,27,ZIVNUWICSJWDPM-UHFFFAOYNA-N,-7.41
PTK2,s_GLN432,mut_s1,detail,1,28,QCHKAZVPUNGJKS-JLOFHYGUNA-N,-7.562
PTK2,s_GLN432,mut_s1,detail,1,29,OBZIQQJJIKNWNO-UHFFFAOYNA-N,-5.527
PTK2,s_GLN432,mut_s1,detail,1,30,SKYBQLOFXJZRTN-UHFFFAOYNA-N,-6.874
PTK2,s_GLN432,mut_s1,detail,1,31,MCFVPJFLLJZVMJ-CMLSCEPHNA-N,-7.725
PTK2,s_GLN432,mut_s1,detail,1,32,GBSDYRSNVCORPF-JJEHQABKNA-N,-7.826
PTK2,s_GLN432,mut_s1,detail,1,33,OFMKKSBAKSDTKO-UHFFFAOYNA-N,-6.648
PTK2,s_GLN432,mut_s1,detail,1,34,CJBYLTVVRIPQAN-HOCLYGCPNA-N,-7.774
PTK2,s_GLN432,mut_s1,detail,1,35,HDYUIMHCGQNIMV-LILDFLRNNA-N,-8.99
PTK2,s_GLN432,mut_s1,detail,1,36,ICJZSDARRFSAJS-ZRHHXPTGNA-N,-7.333
PTK2,s_GLN432,mut_s1,detail,1,37,AIPXFBGCADYFMV-VEWCPZSHNA-N,-7.649
PTK2,s_GLN432,mut_s1,detail,1,38,GPCWYPVIFBLEET-UHFFFAOYNA-N,-6.746
PTK2,s_GLN432,mut_s1,detail,1,39,QWIUSZJTTPRTFQ-UHFFFAOYNA-N,-8.232
PTK2,s_GLN432,mut_s1,detail,1,40,MAPKZZFZZACUDG-UHFFFAOYNA-N,-6.611
PTK2,s_GLN432,mut_s1,detail,1,41,CESCXFZYHYMYGN-SPRAGNMINA-N,-6.803
PTK2,s_GLN432,mut_s1,detail,1,42,BNCSDXOYJVYYGP-UHFFFAOYNA-N,-7.335
PTK2,s_GLN432,mut_s1,detail,1,43,ZGPKQJAKEQZFLZ-UHFFFAOYNA-N,-7.643
PTK2,s_GLN432,mut_s1,detail,1,44,OHPBVIYSDIHFKK-LUXCBXFANA-N,-7.198
PTK2,s_GLN432,mut_s1,detail,1,45,BYYMILHAKOURNM-YHMJCDSINA-N,-6.09
PTK2,s_GLN432,mut_s1,detail,1,46,YTWHBYPYZLSPLQ-UHFFFAOYNA-N,-8.122
PTK2,s_GLN432,mut_s1,detail,1,47,MMXGXIVVWSANMS-ZYCJFAKPNA-N,-8.105
PTK2,s_GLN432,mut_s1,detail,1,48,RTBVWPVXLVPYGF-UHFFFAOYNA-N,-7.935
PTK2,s_GLN432,mut_s1,detail,1,49,NLENUXQYGCDSNE-YSFRZULJNA-N,-8.2
PTK2,s_GLN432,mut_s1,detail,1,50,OXAJWSLXTCIFFP-WXRBYKJCNA-N,-6.217
PTK2,s_GLN432,mut_s1,detail,1,51,GJDNHSKMTWUSHC-WYUMXYHSNA-N,-7.026
PTK2,s_GLN432,mut_s1,detail,1,52,OSBGPHZLIBZPGJ-NLMIROKBNA-N,-6.811
PTK2,s_GLN432,mut_s1,detail,1,53,AISUMVRDEXUUBA-YGPBECBDNA-N,-8.284
PTK2,s_GLN432,mut_s1,detail,1,54,KLWXBHSHSIBXJA-WYUMXYHSNA-N,-7.555
PTK2,s_GLN432,mut_s1,detail,1,55,MWMWFASTTPZIJX-LUXCBXFANA-N,-6.484
PTK2,s_GLN432,mut_s1,detail,1,56,RJTAILIIHYBAPJ-UHFFFAOYNA-N,-5.953
PTK2,s_GLN432,mut_s1,detail,1,57,VFAQKHZBOKAOSQ-UKTHLTGXNA-N,-7.45
PTK2,s_GLN432,mut_s1,detail,1,58,YLUKCEIRYXNIJA-HCKMINDGNA-N,-7.707
PTK2,s_GLN432,mut_s1,detail,1,59,ICKPGBPIOPGQTC-ZLGIYAABNA-N,-7.981
PTK2,s_GLN432,mut_s1,detail,1,60,LTYXRKCXVDROIY-RVQYIEHVNA-N,-7.228
PTK2,s_GLN432,mut_s1,detail,1,61,QWHFPWNHELQSDQ-DZQCGVKKNA-N,-8.862
PTK2,s_GLN432,mut_s1,detail,1,62,MVTATEZHUZEZCK-UYBDAZJANA-N,-7.492
PTK2,s_GLN432,mut_s1,detail,1,63,GDRUXNLFXUVALW-YHMJCDSINA-N,-7.228
PTK2,s_GLN432,mut_s1,detail,1,64,IXWJKTRPHYKVFW-XFDRBGHPNA-N,-7.85
PTK2,s_GLN432,mut_s1,detail,1,65,RGHANNJVNFHOMO-PKSOQXRJNA-N,-7.994
PTK2,s_GLN432,mut_s1,detail,1,66,VWKMEDUACYWLSV-UYBDAZJANA-N,-8.401
PTK2,s_GLN432,mut_s1,detail,1,67,IUKOSEPLJGRTJW-QWOVJGMINA-N,-6.888
PTK2,s_GLN432,mut_s1,detail,1,68,FVNOYPBUEJMUJE-UYBDAZJANA-N,-8.38
PTK2,s_GLN432,mut_s1,detail,1,69,PHEJGIHBLBFCLD-WAVQYLLINA-N,-8.948
PTK2,s_GLN432,mut_s1,detail,1,70,YAPUUUKLOXTMRU-HCKMINDGNA-N,-7.447
PTK2,s_GLN432,mut_s1,detail,1,71,NTYXBURNBUVSBD-QWOVJGMINA-N,-8.203
PTK2,s_GLN432,mut_s1,detail,1,72,MELKZDAJKCQHEJ-UHFFFAOYNA-N,-7.31
PTK2,s_GLN432,mut_s1,detail,1,73,PTOCRBNMWIXUJH-YHMJCDSINA-N,-7.285
PTK2,s_GLN432,mut_s1,detail,1,74,POLODSDKFZPSMC-LILDFLRNNA-N,-7.776
PTK2,s_GLN432,mut_s1,detail,1,75,JHSMZFWFBBVUDZ-UHFFFAOYNA-N,-8.144
PTK2,s_GLN432,mut_s1,detail,1,76,VMNYXYDPHKHXOJ-HCKMINDGNA-N,-7.168
PTK2,s_GLN432,mut_s1,detail,1,77,GYGFWUNSKKZJNC-UHFFFAOYNA-N,-6.866
PTK2,s_GLN432,mut_s1,detail,1,78,DNIJCXVBKOHALG-IDQLRGLVNA-N,-7.351
PTK2,s_GLN432,mut_s1,detail,1,79,GBGJFVRPQGILNH-JLGFQASFNA-N,-7.843
PTK2,s_GLN432,mut_s1,detail,1,80,OGYLVZMARUPAHP-BDGWVKIONA-N,-8.307
PTK2,s_GLN432,mut_s1,detail,1,81,CGNRLGKHPYEVRU-UYBDAZJANA-N,-8.834
PTK2,s_GLN432,mut_s1,detail,1,82,QDBCQJCQGPPNHU-UHFFFAOYNA-N,-8.725
PTK2,s_GLN432,mut_s1,detail,1,83,NDDXLFAARQEPKC-UHFFFAOYNA-N,-8.169
PTK2,s_GLN432,mut_s1,detail,1,84,XHMFDOIXIIEIIC-UHFFFAOYNA-N,-7.838
PTK2,s_GLN432,mut_s1,detail,1,85,AGLMSXHTTUWGMJ-PKSOQXRJNA-N,-8.62
PTK2,s_GLN432,mut_s1,detail,1,86,ZXPAKNNNSOJNPO-UHFFFAOYNA-N,-7.435
PTK2,s_GLN432,mut_s1,detail,1,87,IHQNHWIJVRBCJV-UHFFFAOYNA-N,-9.15
PTK2,s_GLN432,mut_s1,detail,1,88,RMKFZACOOVWLAE-GGEHTAOSNA-N,-8.568
PTK2,s_GLN432,mut_s1,detail,1,89,DYSOMJVQHUQQEB-UHFFFAOYNA-N,-10.101
PTK2,s_GLN432,mut_s1,detail,1,90,NOCFDFQYZHBTNN-UHFFFAOYNA-N,-6.434
PTK2,s_GLN432,mut_s1,detail,1,91,SPVWQKGFZYAZQL-UHFFFAOYNA-N,-8.647
PTK2,s_GLN432,mut_s1,detail,1,92,DMXNRKKYFNEWPP-DMNNQDHHNA-N,-8.749
PTK2,s_GLN432,mut_s1,detail,1,93,RCJPJXXLZLDCKI-PKSOQXRJNA-N,-7.638
PTK2,s_GLN432,mut_s1,detail,1,94,KGTHCGXLPNILHR-UHFFFAOYNA-N,-8.224
PTK2,s_GLN432,mut_s1,detail,1,95,NWWYETOECIPWOT-CYHZHTKENA-N,-8.241
PTK2,s_GLN432,mut_s1,detail,1,96,NTSJGFMDUAVRPY-UHFFFAOYNA-N,-8.075
PTK2,s_GLN432,mut_s1,detail,1,97,SBVPMOUWJBOMKA-JTVQLVGJNA-O,-7.642
PTK2,s_GLN432,mut_s1,detail,1,98,LDNHSKULSWUSNY-UHFFFAOYNA-N,-8.243
PTK2,s_GLN432,mut_s1,detail,1,99,ASAZLTYOWNNDLD-UHFFFAOYNA-N,-7.921
PTK2,s_GLN432,mut_s1,detail,1,100,XRTRVAKJWCIIMD-UHFFFAOYNA-N,-7.525
PTK2,s_GLN432,mut_s1,detail,1,101,ZLTWUZJNYQVQEJ-UYBDAZJANA-N,-8.236
PTK2,s_GLN432,mut_s1,detail,1,102,DEYFWGXTPWNADC-UHFFFAOYNA-N,-8.483
PTK2,s_GLN432,mut_s1,detail,1,103,RHQFMXUIKVEHFK-MPIMZMORNA-N,-7.819
PTK2,s_GLN432,mut_s1,detail,1,104,DRDGAKFCORUZED-LILDFLRNNA-N,-7.783
PTK2,s_GLN432,mut_s1,detail,1,105,LQZNOWQYGFIKRM-HVXXBKQBNA-N,-6.672
PTK2,s_GLN432,mut_s1,detail,1,106,QJNYENHUMXSMRP-UHFFFAOYNA-N,-8.044
PTK2,s_GLN432,mut_s1,detail,1,107,LQILAXPPHLDIFO-NPVYFSBINA-N,-7.259
PTK2,s_GLN432,mut_s1,detail,1,108,KACOTQQTSDQWNO-UHFFFAOYNA-N,-8.684
PTK2,s_GLN432,mut_s1,detail,1,109,QLEMXKCIAQLFMM-UHFFFAOYNA-N,-8.418
PTK2,s_GLN432,mut_s1,detail,1,110,BHLVHZWLMVLRIX-LILDFLRNNA-N,-6.835
PTK2,s_GLN432,mut_s1,detail,1,111,IJNMKCHEXHHJKS-GPQMBLKYNA-N,-6.992
PTK2,s_GLN432,mut_s1,detail,1,112,LIBKCWSTNJMFGU-BDGWVKIONA-N,-8.558
PTK2,s_GLN432,mut_s1,detail,1,113,AJJBBFYAASSTLA-XOFPBXMJNA-N,-8.093
PTK2,s_GLN432,mut_s1,detail,1,114,IAIOYYRVPMGOSB-PKSOQXRJNA-N,-9.283
PTK2,s_GLN432,mut_s1,detail,1,115,CFYPAIWQFFEAEL-UHFFFAOYNA-N,-8.388
PTK2,s_GLN432,mut_s1,detail,1,116,VYJSEMNZGPEKAE-QWOVJGMINA-N,-8.71
PTK2,s_GLN432,mut_s1,detail,1,117,GATJUUWXCJCVEK-GPQMBLKYNA-N,-7.519
PTK2,s_GLN432,mut_s1,detail,1,118,ISQNQSRGAXUFGW-UHFFFAOYNA-N,-7.029
PTK2,s_GLN432,mut_s1,detail,1,119,MCVMARUOYHWORW-UHFFFAOYNA-N,-8.796
PTK2,s_GLN432,mut_s1,detail,1,120,LQMFCWRONUNRTP-FWKJIXDGNA-N,-8.031
PTK2,s_GLN432,mut_s1,detail,1,121,HJWFQDWOWDPIBE-HPHMPNDVNA-N,-6.47
PTK2,s_GLN432,mut_s1,detail,1,122,OSJCPZAKZHSNDS-UHFFFAOYNA-N,-7.776
PTK2,s_GLN432,mut_s1,detail,1,123,OPLHOPJAFJJLPX-HNNXBMFYNA-N,-9.159
PTK2,s_GLN432,mut_s1,detail,1,124,DZQRHJBYIOEZHV-PKSOQXRJNA-N,-7.937
PTK2,s_GLN432,mut_s1,detail,1,125,ZCFXIPSPKDGCHW-HSJCKIQZNA-N,-7.281
PTK2,s_GLN432,mut_s1,detail,1,126,BVGKQXNISGPHHP-UYBDAZJANA-N,-7.769
PTK2,s_GLN432,mut_s1,detail,1,127,WWGWJOHBDMYLBT-PKSOQXRJNA-N,-7.081
PTK2,s_GLN432,mut_s1,detail,1,128,JGDGIOMUQREIHP-BATSNZJTNA-N,-7.262
PTK2,s_GLN432,mut_s1,detail,1,129,LJDDSNOWUABFAP-HPRFPMAVNA-N,-7.488
PTK2,s_GLN432,mut_s1,detail,1,130,MBDOYHYQUXBBFT-UHFFFAOYNA-N,-9.283
PTK2,s_GLN432,mut_s1,detail,1,131,AGJUEHKKCLPMSY-LQFNOIFHNA-N,-8.313
PTK2,s_GLN432,mut_s1,detail,1,132,UMCUVZSSUIPNCL-BEMXBZHGNA-N,-8.52
PTK2,s_GLN432,mut_s1,detail,1,133,NKZFBKUWUIWQEM-LNNLXFCONA-N,-8.822
PTK2,s_GLN432,mut_s1,detail,1,134,GQNKLNZBZDEAMD-VQHCSMNLNA-N,-9.657
PTK2,s_GLN432,mut_s1,detail,1,135,UZNJTHHFIAFJGO-LQFNOIFHNA-N,-8.274
PTK2,s_GLN432,mut_s1,detail,1,136,LAFAEGAOHGJFCB-UHFFFAOYNA-N,-7.526
PTK2,s_GLN432,mut_s1,detail,1,137,QVHZVCDVVJVJRX-LNNLXFCONA-N,-7.717
PTK2,s_GLN432,mut_s1,detail,1,138,MWRHMRJPYFQMSQ-LNNLXFCONA-N,-7.802
PTK2,s_GLN432,mut_s1,detail,1,139,GCAQZYOXIVYDMN-PKSOQXRJNA-N,-7.295
PTK2,s_GLN432,mut_s1,detail,1,140,YJGPQCADKRAQFX-ZSDIGFPLNA-N,-7.95
PTK2,s_GLN432,mut_s1,detail,1,141,UZYMAWCMCCVCOW-BUKGPZPNNA-N,-7.647
PTK2,s_GLN432,mut_s1,detail,1,142,ZWSLJIFYDPKRSQ-XBXBPLPCNA-N,-9.258
PTK2,s_GLN432,mut_s1,detail,1,143,IJNTWIFESBAWCT-QWOVJGMINA-N,-9.638
PTK2,s_GLN432,mut_s1,detail,1,144,CXIYFBKPJSQXDU-WDUJWNCGNA-N,-8.929
PTK2,s_GLN432,mut_s1,detail,1,145,HWJNHVLCTGREAL-MPIMZMORNA-N,-7.597
PTK2,s_GLN432,mut_s1,detail,1,146,LHOSZRWWPIJINL-OLZOCXBDNA-N,-8.336
PTK2,s_GLN432,mut_s1,detail,1,147,DTEYRIFHHIHDHU-UHFFFAOYNA-N,-6.489
PTK2,s_GLN432,mut_s1,detail,1,148,NJZCVKDKMNRXTG-UHFFFAOYNA-N,-7.401
PTK2,s_GLN432,mut_s1,detail,1,149,NACLGLYMVLABDU-LNNLXFCONA-N,-8.374
PTK2,s_GLN432,mut_s1,detail,1,150,IDINUJSAMVOPCM-CNZJLSFANA-N,-6.126
PTK2,s_GLN432,mut_s1,detail,1,151,PGBPNHAAMLZTQB-LQFNOIFHNA-N,-7.819
PTK2,s_GLN432,mut_s1,detail,1,152,BCTINLARZZWKRE-MPIMZMORNA-N,-7.856
PTK2,s_GLN432,mut_s1,detail,1,153,JURXDQRYEGNLBW-LQFNOIFHNA-N,-8.38
PTK2,s_GLN432,mut_s1,detail,1,154,FBPQELGZQDQSII-LELJVTLKNA-N,-8.661
PTK2,s_GLN432,mut_s1,detail,1,155,ADBHXWFSFPPXEX-BDGWVKIONA-N,-7.94
PTK2,s_GLN432,mut_s1,detail,1,156,YUGZHQHSNYIFLG-KYSDGFAFNA-N,-7.368
PTK2,s_GLN432,mut_s1,detail,1,157,ZNDSONVEXMWLSF-QWOVJGMINA-N,-8.367
PTK2,s_GLN432,mut_s1,detail,1,158,QWCQVNIBTYLOHK-ZGZFQTMPNA-N,-9.542
PTK2,s_GLN432,mut_s1,detail,1,159,BELUGELSHVLAOZ-UHFFFAOYNA-N,-9.021
PTK2,s_GLN432,mut_s1,detail,1,160,HILDYDZVQRXXOI-LQFNOIFHNA-N,-7.56
PTK2,s_GLN432,mut_s1,detail,1,161,PTIIXGUDALPUPA-QWOVJGMINA-N,-7.671
PTK2,s_GLN432,mut_s1,detail,1,162,YWGOPEGGEGNDLS-UHFFFAOYNA-N,-6.667
PTK2,s_GLN432,mut_s1,detail,1,163,HXTQSKXJHJDGCP-UHFFFAOYNA-N,-8.714
PTK2,s_GLN432,mut_s1,detail,1,164,QMJHGNGJQQDHLD-PWIKPTQSNA-N,-8.001
PTK2,s_GLN432,mut_s1,detail,1,165,QZJYCFURESLRJX-UHFFFAOYNA-N,-7.553
PTK2,s_GLN432,mut_s1,detail,1,166,PDXQTFKIABMOFL-PDJAEHLQNA-N,-8.264
PTK2,s_GLN432,mut_s1,detail,1,167,REJJFCJYMVTFDN-PKRZOPRNNA-N,-8.787
PTK2,s_GLN432,mut_s1,detail,1,168,XGCSEQRDRFMGIU-LQFNOIFHNA-N,-8.016
PTK2,s_GLN432,mut_s1,detail,1,169,JJGWOCRPVQWXQG-ADQRUKDLNA-N,-7.266
PTK2,s_GLN432,mut_s1,detail,1,170,GEOCCLDMHBSVOL-UCDLDMSTNA-N,-8.903
PTK2,s_GLN432,mut_s1,detail,1,171,SMRGDRXOPYCHTR-SWUIVHNENA-N,-9.467
PTK2,s_GLN432,mut_s1,detail,1,172,RVFKUHZRUWXOIN-UHFFFAOYNA-N,-8.122
PTK2,s_GLN432,mut_s1,detail,1,173,BCXKIFJJJGSVDX-DXAUXPAJNA-N,-9.69
PTK2,s_GLN432,mut_s1,detail,1,174,WMPTUJZAWOBWLG-CMJFTGLXNA-N,-7.561
PTK2,s_GLN432,mut_s1,detail,1,175,ADAXUYSMOAZWKV-XBTAAFKLNA-N,-9.0
PTK2,s_GLN432,mut_s1,detail,1,176,QYOZNVCKISSENR-MRXNPFEDNA-N,-7.732
PTK2,s_GLN432,mut_s1,detail,1,177,XPINCFKWHIFHMC-WXFUMESZNA-N,-8.502
PTK2,s_GLN432,mut_s1,detail,1,178,ZGSQEILYEFGFIF-UHFFFAOYNA-N,-9.683
PTK2,s_GLN432,mut_s1,detail,1,179,CKRUVOWUUADMOW-LNNLXFCONA-N,-9.425
PTK2,s_GLN432,mut_s1,detail,1,180,QGZIKUYIROAFSE-QWOVJGMINA-N,-6.66
PTK2,s_GLN432,mut_s1,detail,1,181,KOFXCNSHSJISSQ-QWOVJGMINA-N,-8.803
PTK2,s_GLN432,mut_s1,detail,1,182,DCRJFLHNZRDYMM-UHFFFAOYNA-N,-8.889
PTK2,s_GLN432,mut_s1,detail,1,183,LIRCDOVJWUGTMW-IOQNOLELNA-N,-7.896
PTK2,s_GLN432,mut_s1,detail,1,184,FWYQXRWQFDPBIS-UHFFFAOYNA-N,-7.882
PTK2,s_GLN432,mut_s1,detail,1,185,LJRBIPYUCLSKJK-DVIAZDKANA-N,-7.808
PTK2,s_GLN432,mut_s1,detail,1,186,BSIVILSRVBLGQR-UHFFFAOYNA-N,-8.089
PTK2,s_GLN432,mut_s1,detail,1,187,DNDLSAMFYFNHBR-MPIMZMORNA-N,-7.874
PTK2,s_GLN432,mut_s1,detail,1,188,VFPJNRIWJIXUCK-UHFFFAOYNA-N,-8.336
PTK2,s_GLN432,mut_s1,detail,1,189,ZSYGHBADRJNZOU-UXUKNDFSNA-N,-9.156
PTK2,s_GLN432,mut_s1,detail,1,190,XQDLITNOVPCUMD-MPIMZMORNA-N,-9.107
PTK2,s_GLN432,mut_s1,detail,1,191,UCSBKUKETUKSSX-ZFJUVRDGNA-N,-8.655
PTK2,s_GLN432,mut_s1,detail,1,192,NZATZZGINMWOIA-QWOVJGMINA-N,-8.623
PTK2,s_GLN432,mut_s1,detail,1,193,PMGLUWPDZIVUOU-BKTFGIEZNA-N,-7.635
PTK2,s_GLN432,mut_s1,detail,1,194,QTYJLSSXENXPIA-XYULLFFJNA-N,-8.78
PTK2,s_GLN432,mut_s1,detail,1,195,ZDNRYSVLOMAJEZ-HZCBDIJENA-N,-9.11
PTK2,s_GLN432,mut_s1,detail,1,196,DPXQIUFPULXIFR-YETNDYBYNA-N,-7.665
PTK2,s_GLN432,mut_s1,detail,1,197,JEUQHZZAJFLFGO-MTTPVDACNA-N,-9.188
PTK2,s_GLN432,mut_s1,detail,1,198,ZWTFULMWPLLWNJ-UQMRZGFWNA-N,-9.591
PTK2,s_GLN432,mut_s1,detail,1,199,KDLLVDABAMKMLD-MJHPXVFFNA-N,-9.363
PTK2,s_GLN432,mut_s1,detail,1,200,CFYCLLUGGRSIQV-SPEPDGBUNA-N,-9.387
PTK2,s_GLN432,mut_s1,detail,1,201,CEZXHQCRLXZSBQ-IOZBVXGWNA-N,-6.864
PTK2,s_GLN432,mut_s1,detail,1,202,NOORAIXTPJNFDH-LAEBNAIWNA-N,-9.835
PTK2,s_GLN432,mut_s1,detail,1,203,VBFOTEWTMOETMO-PECIQRARNA-N,-7.975
PTK2,s_GLN432,mut_s1,detail,1,204,QLDHAZGAAUZOIP-LELJVTLKNA-N,-7.935
PTK2,s_GLN432,mut_s1,detail,1,205,ULIWBOHRWMGXPR-UHFFFAOYNA-N,-6.004
PTK2,s_GLN432,mut_s1,detail,1,206,CQRFGBFTRUHNJZ-LKHHGCNMNA-N,-8.504
PTK2,s_GLN432,mut_s1,detail,1,207,TVOUXLLNJXDHQR-MHZLTWQENA-N,-8.113
PTK2,s_GLN432,mut_s1,detail,1,208,MDSZUHOJNMNHJP-XBXBPLPCNA-N,-8.428
PTK2,s_GLN432,mut_s1,detail,1,209,GSKUSCWGMPZHKN-UHFFFAOYNA-N,-8.395
PTK2,s_GLN432,mut_s1,detail,1,210,LLUVDTDYDBDPFM-LBOYIXSDNA-N,-8.026
PTK2,s_GLN432,mut_s1,detail,1,211,CJPGWGLZKUWPFH-PWIKPTQSNA-N,-8.899
PTK2,s_GLN432,mut_s1,detail,1,212,MZLKAOWOIKALKR-LBOYIXSDNA-N,-9.597
PTK2,s_GLN432,mut_s1,detail,1,213,LYSAYZQUELVCGD-PJQSKVNONA-N,-7.468
PTK2,s_GLN432,mut_s1,detail,1,214,JBNMTQSSQCWSDW-NVENJYFMNA-N,-9.573
PTK2,s_GLN432,mut_s1,detail,1,215,CJAAXOOTFVSSKN-LKHHGCNMNA-N,-7.868
PTK2,s_GLN432,mut_s1,detail,1,216,WAVBTKPDIZFGSX-VJSLDGLSNA-N,-9.961
PTK2,s_GLN432,mut_s1,detail,1,217,FAYAHNACYAINBY-HRNBZBKQNA-N,-8.712
PTK2,s_GLN432,mut_s1,detail,1,218,ZHTJPKSSWTVTNA-PKRZOPRNNA-N,-8.369
PTK2,s_GLN432,mut_s1,detail,1,219,QRBHMNKXVMROIF-UHFFFAOYNA-N,-9.02
PTK2,s_GLN432,mut_s1,detail,1,220,BBDHNYKAQBEFTI-YSGSGMNWNA-N,-9.376
PTK2,s_GLN432,mut_s1,detail,1,221,PABHZRMPKXHYHB-MCITUVFDNA-N,-9.036
PTK2,s_GLN432,mut_s1,detail,1,222,BUEIPNNFYVCFLC-LELJVTLKNA-N,-8.142
PTK2,s_GLN432,mut_s1,detail,1,223,KKUNUMXHGLIOMX-WUSLAWIHNA-N,-8.839
PTK2,s_GLN432,mut_s1,detail,1,224,YGYOXSDMMNBVMH-PKRZOPRNNA-N,-9.749
PTK2,s_GLN432,mut_s1,detail,1,225,XRSGABXRLAWEDU-LQFNOIFHNA-N,-8.202
PTK2,s_GLN432,mut_s1,detail,1,226,AOTIBSKKXZHYRO-SPEPDGBUNA-N,-7.991
PTK2,s_GLN432,mut_s1,detail,1,227,RULOOZJTFYDVKV-LBOYIXSDNA-N,-7.772
PTK2,s_GLN432,mut_s1,detail,1,228,MFAMCZQOBFOTPV-LELJVTLKNA-N,-8.371
PTK2,s_GLN432,mut_s1,detail,1,229,RZBTZDHWOMTELG-UHFFFAOYNA-N,-8.268
PTK2,s_GLN432,mut_s1,detail,1,230,YBQSBCXVFMWVGY-UHFFFAOYNA-N,-9.025
PTK2,s_GLN432,mut_s1,detail,1,231,MFEDJQGOERVAHD-HXTKINSTNA-N,-7.426
PTK2,s_GLN432,mut_s1,detail,1,232,XGDJUMSXIASBOC-RGVBFFNGNA-N,-9.24
PTK2,s_GLN432,mut_s1,detail,1,233,INZVCQWDAXDGMY-UHFFFAOYNA-N,-8.709
PTK2,s_GLN432,mut_s1,detail,1,234,VSMNBGANRJLEFT-PECIQRARNA-N,-9.099
PTK2,s_GLN432,mut_s1,detail,1,235,VQPURKBPWWQWLN-MRPQGQGYNA-N,-7.625
PTK2,s_GLN432,mut_s1,detail,1,236,ITBJAHYMMJZDJN-ZCKBFCLLNA-N,-9.536
PTK2,s_GLN432,mut_s1,detail,1,237,GZXBKKWNTBGEDG-PLJOYGPPNA-N,-8.293
PTK2,s_GLN432,mut_s1,detail,1,238,GJSOSYVBARIGQO-XBBDFPCNNA-N,-9.906
PTK2,s_GLN432,mut_s1,detail,1,239,YWVDGPKULXWYMH-LELJVTLKNA-N,-7.959
PTK2,s_GLN432,mut_s1,detail,1,240,DTDCDTSLQAMFQK-PDIVMOMKNA-N,-8.26
PTK2,s_GLN432,mut_s1,detail,1,241,ZORDGSDKVXISJV-PKRZOPRNNA-N,-7.162
PTK2,s_GLN432,mut_s1,detail,1,242,GTWOAPKUQRYITB-UHFFFAOYNA-N,-10.062
PTK2,s_GLN432,mut_s1,detail,1,243,JPUJBYBHHWKSTD-LNNLXFCONA-N,-9.755
PTK2,s_GLN432,mut_s1,detail,1,244,PQVHRPXGPBDRRS-LBOYIXSDNA-N,-9.088
PTK2,s_GLN432,mut_s1,detail,1,245,JHPUSZOXXQWTST-OKPOJWAQNA-N,-8.221
PTK2,s_GLN432,mut_s1,detail,1,246,OWGZIGCUDXOZOS-OWVQZIOCNA-N,-8.315
PTK2,s_GLN432,mut_s1,detail,1,247,JUXPFZBFGMXKKR-JFRSHOPRNA-N,-7.5
PTK2,s_GLN432,mut_s1,detail,1,248,BWFZLXWRZDSPHK-DYDYTOMVNA-N,-10.973
PTK2,s_GLN432,mut_s1,detail,1,249,YQSOGHJBHORMOX-SPEPDGBUNA-N,-8.822
PTK2,s_GLN432,mut_s1,detail,1,250,ROFAQOFULLWONA-BBANKYPNNA-N,-7.178
PTK2,s_GLN432,mut_s1,detail,1,251,IHGDBIIOKIOQQL-OKPOJWAQNA-N,-8.297
PTK2,s_GLN432,mut_s1,detail,1,252,FAYBFUQTMGBOTD-UHFFFAOYNA-N,-8.891
PTK2,s_GLN432,mut_s1,detail,1,253,FOYYZIJHMVRFNR-IQICYJEPNA-N,-9.165
PTK2,s_GLN432,mut_s1,detail,1,254,MZNKKEVLKPDMRG-ZTQHEBCPNA-N,-9.98
PTK2,s_GLN432,mut_s1,detail,1,255,XKUVGAVISPKRJG-IBPUNKHUNA-N,-7.705
PTK2,f_GLU592,mut_s1,detail,1,0,IOEYSHPYQPFVLW-WZZIRTBGNA-N,-8.782
PTK2,f_GLU592,mut_s1,detail,1,1,KISKAILIUKCVIP-UHFFFAOYNA-N,-6.7
PTK2,f_GLU592,mut_s1,detail,1,2,YKFIUFSOZVLGEF-LILDFLRNNA-N,-7.577
PTK2,f_GLU592,mut_s1,detail,1,3,TYTJEFRFKUJPEU-UHFFFAOYNA-N,-8.097
PTK2,f_GLU592,mut_s1,detail,1,4,TYXDAJJVWKUJGI-CDZRGBSPNA-N,-7.89
PTK2,f_GLU592,mut_s1,detail,1,5,IYDIVTPTFGMDBE-UHFFFAOYNA-N,-7.922
PTK2,f_GLU592,mut_s1,detail,1,6,LVPPIRFSXIVDCQ-VQHVLOKHNA-N,-7.343
PTK2,f_GLU592,mut_s1,detail,1,7,KFWWSDHUPLWRKI-UHFFFAOYNA-N,-9.002
PTK2,f_GLU592,mut_s1,detail,1,8,BJHGDBMVHPNALY-YHMJCDSINA-N,-8.125
PTK2,f_GLU592,mut_s1,detail,1,9,ODZBBRURCPAEIQ-OASTWBFDNA-N,-6.732
PTK2,f_GLU592,mut_s1,detail,1,10,DNYBCGCBUCDEBB-GPQMBLKYNA-N,-7.574
PTK2,f_GLU592,mut_s1,detail,1,11,ODTXBYCYUFDWFS-BQYQJAHWNA-N,-6.86
PTK2,f_GLU592,mut_s1,detail,1,12,MLMSWRFVLJZNRV-NPVYFSBINA-N,-7.532
PTK2,f_GLU592,mut_s1,detail,1,13,YFQNZICTOUKIHD-UHFFFAOYNA-N,-8.741
PTK2,f_GLU592,mut_s1,detail,1,14,YWSKAQWSPONVPP-YHMJCDSINA-N,-6.949
PTK2,f_GLU592,mut_s1,detail,1,15,FUJBJSOIYVUFSM-DLGLGFIGNA-N,-7.598
PTK2,f_GLU592,mut_s1,detail,1,16,CZCAYAUDGHEBQB-UHFFFAOYNA-N,-6.036
PTK2,f_GLU592,mut_s1,detail,1,17,LQDMSIRJQBCAGP-UHFFFAOYNA-N,-6.116
PTK2,f_GLU592,mut_s1,detail,1,18,DPYXTTMTEAYPOR-UHFFFAOYNA-N,-6.803
PTK2,f_GLU592,mut_s1,detail,1,19,ASFLQPSNVCRBOH-UHFFFAOYNA-N,-8.233
PTK2,f_GLU592,mut_s1,detail,1,20,KZYALRXGZUUWDD-GTTYORLTNA-N,-6.846
PTK2,f_GLU592,mut_s1,detail,1,21,NUTSQHHREHYTAX-PKSOQXRJNA-N,-8.746
PTK2,f_GLU592,mut_s1,detail,1,22,GUDLXTFNNCOYNM-UHFFFAOYNA-N,-6.012
PTK2,f_GLU592,mut_s1,detail,1,23,BQUGPEQAOGLWFX-HVXXBKQBNA-N,-7.101
PTK2,f_GLU592,mut_s1,detail,1,24,XPVZKRRTCHLFRZ-GPQMBLKYNA-N,-8.237
PTK2,f_GLU592,mut_s1,detail,1,25,WLKKJQVIXAMEEF-GPQMBLKYNA-N,-7.72
PTK2,f_GLU592,mut_s1,detail,1,26,IJOUNEKMVDGTBS-UHFFFAOYNA-N,-8.42
PTK2,f_GLU592,mut_s1,detail,1,27,ZIVNUWICSJWDPM-UHFFFAOYNA-N,-7.764
PTK2,f_GLU592,mut_s1,detail,1,28,QCHKAZVPUNGJKS-JLOFHYGUNA-N,-7.631
PTK2,f_GLU592,mut_s1,detail,1,29,OBZIQQJJIKNWNO-UHFFFAOYNA-N,-5.609
PTK2,f_GLU592,mut_s1,detail,1,30,SKYBQLOFXJZRTN-UHFFFAOYNA-N,-6.885
PTK2,f_GLU592,mut_s1,detail,1,31,MCFVPJFLLJZVMJ-CMLSCEPHNA-N,-7.671
PTK2,f_GLU592,mut_s1,detail,1,32,GBSDYRSNVCORPF-JJEHQABKNA-N,-7.904
PTK2,f_GLU592,mut_s1,detail,1,33,OFMKKSBAKSDTKO-UHFFFAOYNA-N,-6.554
PTK2,f_GLU592,mut_s1,detail,1,34,CJBYLTVVRIPQAN-HOCLYGCPNA-N,-7.6
PTK2,f_GLU592,mut_s1,detail,1,35,HDYUIMHCGQNIMV-LILDFLRNNA-N,-9.125
PTK2,f_GLU592,mut_s1,detail,1,36,ICJZSDARRFSAJS-ZRHHXPTGNA-N,-7.452
PTK2,f_GLU592,mut_s1,detail,1,37,AIPXFBGCADYFMV-VEWCPZSHNA-N,-7.243
PTK2,f_GLU592,mut_s1,detail,1,38,GPCWYPVIFBLEET-UHFFFAOYNA-N,-7.473
PTK2,f_GLU592,mut_s1,detail,1,39,QWIUSZJTTPRTFQ-UHFFFAOYNA-N,-8.265
PTK2,f_GLU592,mut_s1,detail,1,40,MAPKZZFZZACUDG-UHFFFAOYNA-N,-6.933
PTK2,f_GLU592,mut_s1,detail,1,41,CESCXFZYHYMYGN-SPRAGNMINA-N,-6.912
PTK2,f_GLU592,mut_s1,detail,1,42,BNCSDXOYJVYYGP-UHFFFAOYNA-N,-7.6
PTK2,f_GLU592,mut_s1,detail,1,43,ZGPKQJAKEQZFLZ-UHFFFAOYNA-N,-7.64
PTK2,f_GLU592,mut_s1,detail,1,44,OHPBVIYSDIHFKK-LUXCBXFANA-N,-7.323
PTK2,f_GLU592,mut_s1,detail,1,45,BYYMILHAKOURNM-YHMJCDSINA-N,-6.16
PTK2,f_GLU592,mut_s1,detail,1,46,YTWHBYPYZLSPLQ-UHFFFAOYNA-N,-8.242
PTK2,f_GLU592,mut_s1,detail,1,47,MMXGXIVVWSANMS-ZYCJFAKPNA-N,-8.165
PTK2,f_GLU592,mut_s1,detail,1,48,RTBVWPVXLVPYGF-UHFFFAOYNA-N,-7.972
PTK2,f_GLU592,mut_s1,detail,1,49,NLENUXQYGCDSNE-YSFRZULJNA-N,-8.25
PTK2,f_GLU592,mut_s1,detail,1,50,OXAJWSLXTCIFFP-WXRBYKJCNA-N,-6.252
PTK2,f_GLU592,mut_s1,detail,1,51,GJDNHSKMTWUSHC-WYUMXYHSNA-N,-6.818
PTK2,f_GLU592,mut_s1,detail,1,52,OSBGPHZLIBZPGJ-NLMIROKBNA-N,-7.145
PTK2,f_GLU592,mut_s1,detail,1,53,AISUMVRDEXUUBA-YGPBECBDNA-N,-8.396
PTK2,f_GLU592,mut_s1,detail,1,54,KLWXBHSHSIBXJA-WYUMXYHSNA-N,-7.595
PTK2,f_GLU592,mut_s1,detail,1,55,MWMWFASTTPZIJX-LUXCBXFANA-N,-6.891
PTK2,f_GLU592,mut_s1,detail,1,56,RJTAILIIHYBAPJ-UHFFFAOYNA-N,-5.725
PTK2,f_GLU592,mut_s1,detail,1,57,VFAQKHZBOKAOSQ-UKTHLTGXNA-N,-7.463
PTK2,f_GLU592,mut_s1,detail,1,58,YLUKCEIRYXNIJA-HCKMINDGNA-N,-7.822
PTK2,f_GLU592,mut_s1,detail,1,59,ICKPGBPIOPGQTC-ZLGIYAABNA-N,-8.066
PTK2,f_GLU592,mut_s1,detail,1,60,LTYXRKCXVDROIY-RVQYIEHVNA-N,-7.256
PTK2,f_GLU592,mut_s1,detail,1,61,QWHFPWNHELQSDQ-DZQCGVKKNA-N,-8.916
PTK2,f_GLU592,mut_s1,detail,1,62,MVTATEZHUZEZCK-UYBDAZJANA-N,-7.588
PTK2,f_GLU592,mut_s1,detail,1,63,GDRUXNLFXUVALW-YHMJCDSINA-N,-7.021
PTK2,f_GLU592,mut_s1,detail,1,64,IXWJKTRPHYKVFW-XFDRBGHPNA-N,-7.844
PTK2,f_GLU592,mut_s1,detail,1,65,RGHANNJVNFHOMO-PKSOQXRJNA-N,-8.144
PTK2,f_GLU592,mut_s1,detail,1,66,VWKMEDUACYWLSV-UYBDAZJANA-N,-8.336
PTK2,f_GLU592,mut_s1,detail,1,67,IUKOSEPLJGRTJW-QWOVJGMINA-N,-7.675
PTK2,f_GLU592,mut_s1,detail,1,68,FVNOYPBUEJMUJE-UYBDAZJANA-N,-8.431
PTK2,f_GLU592,mut_s1,detail,1,69,PHEJGIHBLBFCLD-WAVQYLLINA-N,-9.028
PTK2,f_GLU592,mut_s1,detail,1,70,YAPUUUKLOXTMRU-HCKMINDGNA-N,-7.51
PTK2,f_GLU592,mut_s1,detail,1,71,NTYXBURNBUVSBD-QWOVJGMINA-N,-8.239
PTK2,f_GLU592,mut_s1,detail,1,72,MELKZDAJKCQHEJ-UHFFFAOYNA-N,-7.226
PTK2,f_GLU592,mut_s1,detail,1,73,PTOCRBNMWIXUJH-YHMJCDSINA-N,-7.342
PTK2,f_GLU592,mut_s1,detail,1,74,POLODSDKFZPSMC-LILDFLRNNA-N,-8.066
PTK2,f_GLU592,mut_s1,detail,1,75,JHSMZFWFBBVUDZ-UHFFFAOYNA-N,-8.211
PTK2,f_GLU592,mut_s1,detail,1,76,VMNYXYDPHKHXOJ-HCKMINDGNA-N,-7.386
PTK2,f_GLU592,mut_s1,detail,1,77,GYGFWUNSKKZJNC-UHFFFAOYNA-N,-7.1
PTK2,f_GLU592,mut_s1,detail,1,78,DNIJCXVBKOHALG-IDQLRGLVNA-N,-7.401
PTK2,f_GLU592,mut_s1,detail,1,79,GBGJFVRPQGILNH-JLGFQASFNA-N,-7.092
PTK2,f_GLU592,mut_s1,detail,1,80,OGYLVZMARUPAHP-BDGWVKIONA-N,-8.382
PTK2,f_GLU592,mut_s1,detail,1,81,CGNRLGKHPYEVRU-UYBDAZJANA-N,-8.946
PTK2,f_GLU592,mut_s1,detail,1,82,QDBCQJCQGPPNHU-UHFFFAOYNA-N,-8.379
PTK2,f_GLU592,mut_s1,detail,1,83,NDDXLFAARQEPKC-UHFFFAOYNA-N,-8.342
PTK2,f_GLU592,mut_s1,detail,1,84,XHMFDOIXIIEIIC-UHFFFAOYNA-N,-7.848
PTK2,f_GLU592,mut_s1,detail,1,85,AGLMSXHTTUWGMJ-PKSOQXRJNA-N,-8.821
PTK2,f_GLU592,mut_s1,detail,1,86,ZXPAKNNNSOJNPO-UHFFFAOYNA-N,-7.448
PTK2,f_GLU592,mut_s1,detail,1,87,IHQNHWIJVRBCJV-UHFFFAOYNA-N,-9.22
PTK2,f_GLU592,mut_s1,detail,1,88,RMKFZACOOVWLAE-GGEHTAOSNA-N,-8.664
PTK2,f_GLU592,mut_s1,detail,1,89,DYSOMJVQHUQQEB-UHFFFAOYNA-N,-9.838
PTK2,f_GLU592,mut_s1,detail,1,90,NOCFDFQYZHBTNN-UHFFFAOYNA-N,-6.28
PTK2,f_GLU592,mut_s1,detail,1,91,SPVWQKGFZYAZQL-UHFFFAOYNA-N,-8.66
PTK2,f_GLU592,mut_s1,detail,1,92,DMXNRKKYFNEWPP-DMNNQDHHNA-N,-8.328
PTK2,f_GLU592,mut_s1,detail,1,93,RCJPJXXLZLDCKI-PKSOQXRJNA-N,-7.657
PTK2,f_GLU592,mut_s1,detail,1,94,KGTHCGXLPNILHR-UHFFFAOYNA-N,-8.351
PTK2,f_GLU592,mut_s1,detail,1,95,NWWYETOECIPWOT-CYHZHTKENA-N,-8.383
PTK2,f_GLU592,mut_s1,detail,1,96,NTSJGFMDUAVRPY-UHFFFAOYNA-N,-8.267
PTK2,f_GLU592,mut_s1,detail,1,97,SBVPMOUWJBOMKA-JTVQLVGJNA-O,-7.788
PTK2,f_GLU592,mut_s1,detail,1,98,LDNHSKULSWUSNY-UHFFFAOYNA-N,-8.578
PTK2,f_GLU592,mut_s1,detail,1,99,ASAZLTYOWNNDLD-UHFFFAOYNA-N,-7.361
PTK2,f_GLU592,mut_s1,detail,1,100,XRTRVAKJWCIIMD-UHFFFAOYNA-N,-6.95
PTK2,f_GLU592,mut_s1,detail,1,101,ZLTWUZJNYQVQEJ-UYBDAZJANA-N,-8.301
PTK2,f_GLU592,mut_s1,detail,1,102,DEYFWGXTPWNADC-UHFFFAOYNA-N,-8.358
PTK2,f_GLU592,mut_s1,detail,1,103,RHQFMXUIKVEHFK-MPIMZMORNA-N,-8.04
PTK2,f_GLU592,mut_s1,detail,1,104,DRDGAKFCORUZED-LILDFLRNNA-N,-7.996
PTK2,f_GLU592,mut_s1,detail,1,105,LQZNOWQYGFIKRM-HVXXBKQBNA-N,-7.393
PTK2,f_GLU592,mut_s1,detail,1,106,QJNYENHUMXSMRP-UHFFFAOYNA-N,-7.968
PTK2,f_GLU592,mut_s1,detail,1,107,LQILAXPPHLDIFO-NPVYFSBINA-N,-7.689
PTK2,f_GLU592,mut_s1,detail,1,108,KACOTQQTSDQWNO-UHFFFAOYNA-N,-8.809
PTK2,f_GLU592,mut_s1,detail,1,109,QLEMXKCIAQLFMM-UHFFFAOYNA-N,-8.475
PTK2,f_GLU592,mut_s1,detail,1,110,BHLVHZWLMVLRIX-LILDFLRNNA-N,-6.888
PTK2,f_GLU592,mut_s1,detail,1,111,IJNMKCHEXHHJKS-GPQMBLKYNA-N,-7.37
PTK2,f_GLU592,mut_s1,detail,1,112,LIBKCWSTNJMFGU-BDGWVKIONA-N,-8.177
PTK2,f_GLU592,mut_s1,detail,1,113,AJJBBFYAASSTLA-XOFPBXMJNA-N,-8.112
PTK2,f_GLU592,mut_s1,detail,1,114,IAIOYYRVPMGOSB-PKSOQXRJNA-N,-9.204
PTK2,f_GLU592,mut_s1,detail,1,115,CFYPAIWQFFEAEL-UHFFFAOYNA-N,-8.411
PTK2,f_GLU592,mut_s1,detail,1,116,VYJSEMNZGPEKAE-QWOVJGMINA-N,-9.021
PTK2,f_GLU592,mut_s1,detail,1,117,GATJUUWXCJCVEK-GPQMBLKYNA-N,-7.478
PTK2,f_GLU592,mut_s1,detail,1,118,ISQNQSRGAXUFGW-UHFFFAOYNA-N,-7.037
PTK2,f_GLU592,mut_s1,detail,1,119,MCVMARUOYHWORW-UHFFFAOYNA-N,-9.015
PTK2,f_GLU592,mut_s1,detail,1,120,LQMFCWRONUNRTP-FWKJIXDGNA-N,-8.117
PTK2,f_GLU592,mut_s1,detail,1,121,HJWFQDWOWDPIBE-HPHMPNDVNA-N,-6.631
PTK2,f_GLU592,mut_s1,detail,1,122,OSJCPZAKZHSNDS-UHFFFAOYNA-N,-8.281
PTK2,f_GLU592,mut_s1,detail,1,123,OPLHOPJAFJJLPX-HNNXBMFYNA-N,-9.259
PTK2,f_GLU592,mut_s1,detail,1,124,DZQRHJBYIOEZHV-PKSOQXRJNA-N,-8.182
PTK2,f_GLU592,mut_s1,detail,1,125,ZCFXIPSPKDGCHW-HSJCKIQZNA-N,-7.657
PTK2,f_GLU592,mut_s1,detail,1,126,BVGKQXNISGPHHP-UYBDAZJANA-N,-7.912
PTK2,f_GLU592,mut_s1,detail,1,127,WWGWJOHBDMYLBT-PKSOQXRJNA-N,-6.975
PTK2,f_GLU592,mut_s1,detail,1,128,JGDGIOMUQREIHP-BATSNZJTNA-N,-7.279
PTK2,f_GLU592,mut_s1,detail,1,129,LJDDSNOWUABFAP-HPRFPMAVNA-N,-8.175
PTK2,f_GLU592,mut_s1,detail,1,130,MBDOYHYQUXBBFT-UHFFFAOYNA-N,-9.24
PTK2,f_GLU592,mut_s1,detail,1,131,AGJUEHKKCLPMSY-LQFNOIFHNA-N,-8.415
PTK2,f_GLU592,mut_s1,detail,1,132,UMCUVZSSUIPNCL-BEMXBZHGNA-N,-8.689
PTK2,f_GLU592,mut_s1,detail,1,133,NKZFBKUWUIWQEM-LNNLXFCONA-N,-8.957
PTK2,f_GLU592,mut_s1,detail,1,134,GQNKLNZBZDEAMD-VQHCSMNLNA-N,-9.933
PTK2,f_GLU592,mut_s1,detail,1,135,UZNJTHHFIAFJGO-LQFNOIFHNA-N,-8.045
PTK2,f_GLU592,mut_s1,detail,1,136,LAFAEGAOHGJFCB-UHFFFAOYNA-N,-7.782
PTK2,f_GLU592,mut_s1,detail,1,137,QVHZVCDVVJVJRX-LNNLXFCONA-N,-8.177
PTK2,f_GLU592,mut_s1,detail,1,138,MWRHMRJPYFQMSQ-LNNLXFCONA-N,-8.225
PTK2,f_GLU592,mut_s1,detail,1,139,GCAQZYOXIVYDMN-PKSOQXRJNA-N,-6.938
PTK2,f_GLU592,mut_s1,detail,1,140,YJGPQCADKRAQFX-ZSDIGFPLNA-N,-8.23
PTK2,f_GLU592,mut_s1,detail,1,141,UZYMAWCMCCVCOW-BUKGPZPNNA-N,-7.829
PTK2,f_GLU592,mut_s1,detail,1,142,ZWSLJIFYDPKRSQ-XBXBPLPCNA-N,-9.957
PTK2,f_GLU592,mut_s1,detail,1,143,IJNTWIFESBAWCT-QWOVJGMINA-N,-9.718
PTK2,f_GLU592,mut_s1,detail,1,144,CXIYFBKPJSQXDU-WDUJWNCGNA-N,-9.026
PTK2,f_GLU592,mut_s1,detail,1,145,HWJNHVLCTGREAL-MPIMZMORNA-N,-7.425
PTK2,f_GLU592,mut_s1,detail,1,146,LHOSZRWWPIJINL-OLZOCXBDNA-N,-8.271
PTK2,f_GLU592,mut_s1,detail,1,147,DTEYRIFHHIHDHU-UHFFFAOYNA-N,-7.541
PTK2,f_GLU592,mut_s1,detail,1,148,NJZCVKDKMNRXTG-UHFFFAOYNA-N,-7.451
PTK2,f_GLU592,mut_s1,detail,1,149,NACLGLYMVLABDU-LNNLXFCONA-N,-8.661
PTK2,f_GLU592,mut_s1,detail,1,150,IDINUJSAMVOPCM-CNZJLSFANA-N,-5.468
PTK2,f_GLU592,mut_s1,detail,1,151,PGBPNHAAMLZTQB-LQFNOIFHNA-N,-7.988
PTK2,f_GLU592,mut_s1,detail,1,152,BCTINLARZZWKRE-MPIMZMORNA-N,-7.819
PTK2,f_GLU592,mut_s1,detail,1,153,JURXDQRYEGNLBW-LQFNOIFHNA-N,-8.146
PTK2,f_GLU592,mut_s1,detail,1,154,FBPQELGZQDQSII-LELJVTLKNA-N,-9.064
PTK2,f_GLU592,mut_s1,detail,1,155,ADBHXWFSFPPXEX-BDGWVKIONA-N,-8.335
PTK2,f_GLU592,mut_s1,detail,1,156,YUGZHQHSNYIFLG-KYSDGFAFNA-N,-8.063
PTK2,f_GLU592,mut_s1,detail,1,157,ZNDSONVEXMWLSF-QWOVJGMINA-N,-8.659
PTK2,f_GLU592,mut_s1,detail,1,158,QWCQVNIBTYLOHK-ZGZFQTMPNA-N,-9.603
PTK2,f_GLU592,mut_s1,detail,1,159,BELUGELSHVLAOZ-UHFFFAOYNA-N,-9.007
PTK2,f_GLU592,mut_s1,detail,1,160,HILDYDZVQRXXOI-LQFNOIFHNA-N,-8.273
PTK2,f_GLU592,mut_s1,detail,1,161,PTIIXGUDALPUPA-QWOVJGMINA-N,-8.471
PTK2,f_GLU592,mut_s1,detail,1,162,YWGOPEGGEGNDLS-UHFFFAOYNA-N,-6.834
PTK2,f_GLU592,mut_s1,detail,1,163,HXTQSKXJHJDGCP-UHFFFAOYNA-N,-8.756
PTK2,f_GLU592,mut_s1,detail,1,164,QMJHGNGJQQDHLD-PWIKPTQSNA-N,-8.111
PTK2,f_GLU592,mut_s1,detail,1,165,QZJYCFURESLRJX-UHFFFAOYNA-N,-7.794
PTK2,f_GLU592,mut_s1,detail,1,166,PDXQTFKIABMOFL-PDJAEHLQNA-N,-7.454
PTK2,f_GLU592,mut_s1,detail,1,167,REJJFCJYMVTFDN-PKRZOPRNNA-N,-8.788
PTK2,f_GLU592,mut_s1,detail,1,168,XGCSEQRDRFMGIU-LQFNOIFHNA-N,-7.97
PTK2,f_GLU592,mut_s1,detail,1,169,JJGWOCRPVQWXQG-ADQRUKDLNA-N,-7.728
PTK2,f_GLU592,mut_s1,detail,1,170,GEOCCLDMHBSVOL-UCDLDMSTNA-N,-8.415
PTK2,f_GLU592,mut_s1,detail,1,171,SMRGDRXOPYCHTR-SWUIVHNENA-N,-9.636
PTK2,f_GLU592,mut_s1,detail,1,172,RVFKUHZRUWXOIN-UHFFFAOYNA-N,-8.063
PTK2,f_GLU592,mut_s1,detail,1,173,BCXKIFJJJGSVDX-DXAUXPAJNA-N,-9.754
PTK2,f_GLU592,mut_s1,detail,1,174,WMPTUJZAWOBWLG-CMJFTGLXNA-N,-7.209
PTK2,f_GLU592,mut_s1,detail,1,175,ADAXUYSMOAZWKV-XBTAAFKLNA-N,-9.891
PTK2,f_GLU592,mut_s1,detail,1,176,QYOZNVCKISSENR-MRXNPFEDNA-N,-7.858
PTK2,f_GLU592,mut_s1,detail,1,177,XPINCFKWHIFHMC-WXFUMESZNA-N,-8.731
PTK2,f_GLU592,mut_s1,detail,1,178,ZGSQEILYEFGFIF-UHFFFAOYNA-N,-9.979
PTK2,f_GLU592,mut_s1,detail,1,179,CKRUVOWUUADMOW-LNNLXFCONA-N,-9.987
PTK2,f_GLU592,mut_s1,detail,1,180,QGZIKUYIROAFSE-QWOVJGMINA-N,-6.775
PTK2,f_GLU592,mut_s1,detail,1,181,KOFXCNSHSJISSQ-QWOVJGMINA-N,-8.672
PTK2,f_GLU592,mut_s1,detail,1,182,DCRJFLHNZRDYMM-UHFFFAOYNA-N,-9.184
PTK2,f_GLU592,mut_s1,detail,1,183,LIRCDOVJWUGTMW-IOQNOLELNA-N,-7.823
PTK2,f_GLU592,mut_s1,detail,1,184,FWYQXRWQFDPBIS-UHFFFAOYNA-N,-7.98
PTK2,f_GLU592,mut_s1,detail,1,185,LJRBIPYUCLSKJK-DVIAZDKANA-N,-8.429
PTK2,f_GLU592,mut_s1,detail,1,186,BSIVILSRVBLGQR-UHFFFAOYNA-N,-8.21
PTK2,f_GLU592,mut_s1,detail,1,187,DNDLSAMFYFNHBR-MPIMZMORNA-N,-7.899
PTK2,f_GLU592,mut_s1,detail,1,188,VFPJNRIWJIXUCK-UHFFFAOYNA-N,-8.512
PTK2,f_GLU592,mut_s1,detail,1,189,ZSYGHBADRJNZOU-UXUKNDFSNA-N,-9.205
PTK2,f_GLU592,mut_s1,detail,1,190,XQDLITNOVPCUMD-MPIMZMORNA-N,-9.069
PTK2,f_GLU592,mut_s1,detail,1,191,UCSBKUKETUKSSX-ZFJUVRDGNA-N,-8.683
PTK2,f_GLU592,mut_s1,detail,1,192,NZATZZGINMWOIA-QWOVJGMINA-N,-8.68
PTK2,f_GLU592,mut_s1,detail,1,193,PMGLUWPDZIVUOU-BKTFGIEZNA-N,-7.75
PTK2,f_GLU592,mut_s1,detail,1,194,QTYJLSSXENXPIA-XYULLFFJNA-N,-8.351
PTK2,f_GLU592,mut_s1,detail,1,195,ZDNRYSVLOMAJEZ-HZCBDIJENA-N,-9.631
PTK2,f_GLU592,mut_s1,detail,1,196,DPXQIUFPULXIFR-YETNDYBYNA-N,-7.767
PTK2,f_GLU592,mut_s1,detail,1,197,JEUQHZZAJFLFGO-MTTPVDACNA-N,-9.387
PTK2,f_GLU592,mut_s1,detail,1,198,ZWTFULMWPLLWNJ-UQMRZGFWNA-N,-9.568
PTK2,f_GLU592,mut_s1,detail,1,199,KDLLVDABAMKMLD-MJHPXVFFNA-N,-9.478
PTK2,f_GLU592,mut_s1,detail,1,200,CFYCLLUGGRSIQV-SPEPDGBUNA-N,-9.167
PTK2,f_GLU592,mut_s1,detail,1,201,CEZXHQCRLXZSBQ-IOZBVXGWNA-N,-7.148
PTK2,f_GLU592,mut_s1,detail,1,202,NOORAIXTPJNFDH-LAEBNAIWNA-N,-9.633
PTK2,f_GLU592,mut_s1,detail,1,203,VBFOTEWTMOETMO-PECIQRARNA-N,-7.869
PTK2,f_GLU592,mut_s1,detail,1,204,QLDHAZGAAUZOIP-LELJVTLKNA-N,-7.985
PTK2,f_GLU592,mut_s1,detail,1,205,ULIWBOHRWMGXPR-UHFFFAOYNA-N,-7.829
PTK2,f_GLU592,mut_s1,detail,1,206,CQRFGBFTRUHNJZ-LKHHGCNMNA-N,-8.666
PTK2,f_GLU592,mut_s1,detail,1,207,TVOUXLLNJXDHQR-MHZLTWQENA-N,-7.345
PTK2,f_GLU592,mut_s1,detail,1,208,MDSZUHOJNMNHJP-XBXBPLPCNA-N,-8.869
PTK2,f_GLU592,mut_s1,detail,1,209,GSKUSCWGMPZHKN-UHFFFAOYNA-N,-8.493
PTK2,f_GLU592,mut_s1,detail,1,210,LLUVDTDYDBDPFM-LBOYIXSDNA-N,-8.187
PTK2,f_GLU592,mut_s1,detail,1,211,CJPGWGLZKUWPFH-PWIKPTQSNA-N,-8.963
PTK2,f_GLU592,mut_s1,detail,1,212,MZLKAOWOIKALKR-LBOYIXSDNA-N,-8.347
PTK2,f_GLU592,mut_s1,detail,1,213,LYSAYZQUELVCGD-PJQSKVNONA-N,-7.41
PTK2,f_GLU592,mut_s1,detail,1,214,JBNMTQSSQCWSDW-NVENJYFMNA-N,-9.366
PTK2,f_GLU592,mut_s1,detail,1,215,CJAAXOOTFVSSKN-LKHHGCNMNA-N,-7.322
PTK2,f_GLU592,mut_s1,detail,1,216,WAVBTKPDIZFGSX-VJSLDGLSNA-N,-9.32
PTK2,f_GLU592,mut_s1,detail,1,217,FAYAHNACYAINBY-HRNBZBKQNA-N,-8.833
PTK2,f_GLU592,mut_s1,detail,1,218,ZHTJPKSSWTVTNA-PKRZOPRNNA-N,-8.352
PTK2,f_GLU592,mut_s1,detail,1,219,QRBHMNKXVMROIF-UHFFFAOYNA-N,-9.137
PTK2,f_GLU592,mut_s1,detail,1,220,BBDHNYKAQBEFTI-YSGSGMNWNA-N,-9.585
PTK2,f_GLU592,mut_s1,detail,1,221,PABHZRMPKXHYHB-MCITUVFDNA-N,-8.171
PTK2,f_GLU592,mut_s1,detail,1,222,BUEIPNNFYVCFLC-LELJVTLKNA-N,-8.405
PTK2,f_GLU592,mut_s1,detail,1,223,KKUNUMXHGLIOMX-WUSLAWIHNA-N,-9.391
PTK2,f_GLU592,mut_s1,detail,1,224,YGYOXSDMMNBVMH-PKRZOPRNNA-N,-9.328
PTK2,f_GLU592,mut_s1,detail,1,225,XRSGABXRLAWEDU-LQFNOIFHNA-N,-8.206
PTK2,f_GLU592,mut_s1,detail,1,226,AOTIBSKKXZHYRO-SPEPDGBUNA-N,-8.264
PTK2,f_GLU592,mut_s1,detail,1,227,RULOOZJTFYDVKV-LBOYIXSDNA-N,-7.711
PTK2,f_GLU592,mut_s1,detail,1,228,MFAMCZQOBFOTPV-LELJVTLKNA-N,-8.541
PTK2,f_GLU592,mut_s1,detail,1,229,RZBTZDHWOMTELG-UHFFFAOYNA-N,-8.258
PTK2,f_GLU592,mut_s1,detail,1,230,YBQSBCXVFMWVGY-UHFFFAOYNA-N,-9.072
PTK2,f_GLU592,mut_s1,detail,1,231,MFEDJQGOERVAHD-HXTKINSTNA-N,-7.565
PTK2,f_GLU592,mut_s1,detail,1,232,XGDJUMSXIASBOC-RGVBFFNGNA-N,-9.538
PTK2,f_GLU592,mut_s1,detail,1,233,INZVCQWDAXDGMY-UHFFFAOYNA-N,-9.642
PTK2,f_GLU592,mut_s1,detail,1,234,VSMNBGANRJLEFT-PECIQRARNA-N,-9.177
PTK2,f_GLU592,mut_s1,detail,1,235,VQPURKBPWWQWLN-MRPQGQGYNA-N,-7.477
PTK2,f_GLU592,mut_s1,detail,1,236,ITBJAHYMMJZDJN-ZCKBFCLLNA-N,-9.601
PTK2,f_GLU592,mut_s1,detail,1,237,GZXBKKWNTBGEDG-PLJOYGPPNA-N,-8.223
PTK2,f_GLU592,mut_s1,detail,1,238,GJSOSYVBARIGQO-XBBDFPCNNA-N,-9.817
PTK2,f_GLU592,mut_s1,detail,1,239,YWVDGPKULXWYMH-LELJVTLKNA-N,-7.761
PTK2,f_GLU592,mut_s1,detail,1,240,DTDCDTSLQAMFQK-PDIVMOMKNA-N,-8.441
PTK2,f_GLU592,mut_s1,detail,1,241,ZORDGSDKVXISJV-PKRZOPRNNA-N,-6.097
PTK2,f_GLU592,mut_s1,detail,1,242,GTWOAPKUQRYITB-UHFFFAOYNA-N,-8.738
PTK2,f_GLU592,mut_s1,detail,1,243,JPUJBYBHHWKSTD-LNNLXFCONA-N,-9.99
PTK2,f_GLU592,mut_s1,detail,1,244,PQVHRPXGPBDRRS-LBOYIXSDNA-N,-9.369
PTK2,f_GLU592,mut_s1,detail,1,245,JHPUSZOXXQWTST-OKPOJWAQNA-N,-7.761
PTK2,f_GLU592,mut_s1,detail,1,246,OWGZIGCUDXOZOS-OWVQZIOCNA-N,-9.057
PTK2,f_GLU592,mut_s1,detail,1,247,JUXPFZBFGMXKKR-JFRSHOPRNA-N,-7.29
PTK2,f_GLU592,mut_s1,detail,1,248,BWFZLXWRZDSPHK-DYDYTOMVNA-N,-11.038
PTK2,f_GLU592,mut_s1,detail,1,249,YQSOGHJBHORMOX-SPEPDGBUNA-N,-8.865
PTK2,f_GLU592,mut_s1,detail,1,250,ROFAQOFULLWONA-BBANKYPNNA-N,-7.594
PTK2,f_GLU592,mut_s1,detail,1,251,IHGDBIIOKIOQQL-OKPOJWAQNA-N,-8.432
PTK2,f_GLU592,mut_s1,detail,1,252,FAYBFUQTMGBOTD-UHFFFAOYNA-N,-8.924
PTK2,f_GLU592,mut_s1,detail,1,253,FOYYZIJHMVRFNR-IQICYJEPNA-N,-9.001
PTK2,f_GLU592,mut_s1,detail,1,254,MZNKKEVLKPDMRG-ZTQHEBCPNA-N,-10.047
PTK2,f_GLU592,mut_s1,detail,1,255,XKUVGAVISPKRJG-IBPUNKHUNA-N,-7.36
PTK2,m00,mut_s1,detail,1,0,IOEYSHPYQPFVLW-WZZIRTBGNA-N,-8.241
PTK2,m00,mut_s1,detail,1,1,KISKAILIUKCVIP-UHFFFAOYNA-N,-6.29
PTK2,m00,mut_s1,detail,1,2,YKFIUFSOZVLGEF-LILDFLRNNA-N,-6.943
PTK2,m00,mut_s1,detail,1,3,TYTJEFRFKUJPEU-UHFFFAOYNA-N,-6.953
PTK2,m00,mut_s1,detail,1,4,TYXDAJJVWKUJGI-CDZRGBSPNA-N,-7.605
PTK2,m00,mut_s1,detail,1,5,IYDIVTPTFGMDBE-UHFFFAOYNA-N,-7.199
PTK2,m00,mut_s1,detail,1,6,LVPPIRFSXIVDCQ-VQHVLOKHNA-N,-6.607
PTK2,m00,mut_s1,detail,1,7,KFWWSDHUPLWRKI-UHFFFAOYNA-N,-8.681
PTK2,m00,mut_s1,detail,1,8,BJHGDBMVHPNALY-YHMJCDSINA-N,-7.248
PTK2,m00,mut_s1,detail,1,9,ODZBBRURCPAEIQ-OASTWBFDNA-N,-6.528
PTK2,m00,mut_s1,detail,1,10,DNYBCGCBUCDEBB-GPQMBLKYNA-N,-6.725
PTK2,m00,mut_s1,detail,1,11,ODTXBYCYUFDWFS-BQYQJAHWNA-N,-6.492
PTK2,m00,mut_s1,detail,1,12,MLMSWRFVLJZNRV-NPVYFSBINA-N,-6.986
PTK2,m00,mut_s1,detail,1,13,YFQNZICTOUKIHD-UHFFFAOYNA-N,-7.593
PTK2,m00,mut_s1,detail,1,14,YWSKAQWSPONVPP-YHMJCDSINA-N,-6.462
PTK2,m00,mut_s1,detail,1,15,FUJBJSOIYVUFSM-DLGLGFIGNA-N,-6.838
PTK2,m00,mut_s1,detail,1,16,CZCAYAUDGHEBQB-UHFFFAOYNA-N,-6.439
PTK2,m00,mut_s1,detail,1,17,LQDMSIRJQBCAGP-UHFFFAOYNA-N,-6.387
PTK2,m00,mut_s1,detail,1,18,DPYXTTMTEAYPOR-UHFFFAOYNA-N,-6.817
PTK2,m00,mut_s1,detail,1,19,ASFLQPSNVCRBOH-UHFFFAOYNA-N,-7.051
PTK2,m00,mut_s1,detail,1,20,KZYALRXGZUUWDD-GTTYORLTNA-N,-6.731
PTK2,m00,mut_s1,detail,1,21,NUTSQHHREHYTAX-PKSOQXRJNA-N,-7.994
PTK2,m00,mut_s1,detail,1,22,GUDLXTFNNCOYNM-UHFFFAOYNA-N,-5.991
PTK2,m00,mut_s1,detail,1,23,BQUGPEQAOGLWFX-HVXXBKQBNA-N,-6.261
PTK2,m00,mut_s1,detail,1,24,XPVZKRRTCHLFRZ-GPQMBLKYNA-N,-7.469
PTK2,m00,mut_s1,detail,1,25,WLKKJQVIXAMEEF-GPQMBLKYNA-N,-7.561
PTK2,m00,mut_s1,detail,1,26,IJOUNEKMVDGTBS-UHFFFAOYNA-N,-7.764
PTK2,m00,mut_s1,detail,1,27,ZIVNUWICSJWDPM-UHFFFAOYNA-N,-7.911
PTK2,m00,mut_s1,detail,1,28,QCHKAZVPUNGJKS-JLOFHYGUNA-N,-6.951
PTK2,m00,mut_s1,detail,1,29,OBZIQQJJIKNWNO-UHFFFAOYNA-N,-5.633
PTK2,m00,mut_s1,detail,1,30,SKYBQLOFXJZRTN-UHFFFAOYNA-N,-6.119
PTK2,m00,mut_s1,detail,1,31,MCFVPJFLLJZVMJ-CMLSCEPHNA-N,-7.009
PTK2,m00,mut_s1,detail,1,32,GBSDYRSNVCORPF-JJEHQABKNA-N,-7.953
PTK2,m00,mut_s1,detail,1,33,OFMKKSBAKSDTKO-UHFFFAOYNA-N,-6.614
PTK2,m00,mut_s1,detail,1,34,CJBYLTVVRIPQAN-HOCLYGCPNA-N,-7.445
PTK2,m00,mut_s1,detail,1,35,HDYUIMHCGQNIMV-LILDFLRNNA-N,-8.492
PTK2,m00,mut_s1,detail,1,36,ICJZSDARRFSAJS-ZRHHXPTGNA-N,-6.554
PTK2,m00,mut_s1,detail,1,37,AIPXFBGCADYFMV-VEWCPZSHNA-N,-7.029
PTK2,m00,mut_s1,detail,1,38,GPCWYPVIFBLEET-UHFFFAOYNA-N,-6.364
PTK2,m00,mut_s1,detail,1,39,QWIUSZJTTPRTFQ-UHFFFAOYNA-N,-8.285
PTK2,m00,mut_s1,detail,1,40,MAPKZZFZZACUDG-UHFFFAOYNA-N,-6.247
PTK2,m00,mut_s1,detail,1,41,CESCXFZYHYMYGN-SPRAGNMINA-N,-6.526
PTK2,m00,mut_s1,detail,1,42,BNCSDXOYJVYYGP-UHFFFAOYNA-N,-6.947
PTK2,m00,mut_s1,detail,1,43,ZGPKQJAKEQZFLZ-UHFFFAOYNA-N,-6.946
PTK2,m00,mut_s1,detail,1,44,OHPBVIYSDIHFKK-LUXCBXFANA-N,-7.031
PTK2,m00,mut_s1,detail,1,45,BYYMILHAKOURNM-YHMJCDSINA-N,-5.702
PTK2,m00,mut_s1,detail,1,46,YTWHBYPYZLSPLQ-UHFFFAOYNA-N,-7.26
PTK2,m00,mut_s1,detail,1,47,MMXGXIVVWSANMS-ZYCJFAKPNA-N,-6.977
PTK2,m00,mut_s1,detail,1,48,RTBVWPVXLVPYGF-UHFFFAOYNA-N,-8.116
PTK2,m00,mut_s1,detail,1,49,NLENUXQYGCDSNE-YSFRZULJNA-N,-7.834
PTK2,m00,mut_s1,detail,1,50,OXAJWSLXTCIFFP-WXRBYKJCNA-N,-5.628
PTK2,m00,mut_s1,detail,1,51,GJDNHSKMTWUSHC-WYUMXYHSNA-N,-6.498
PTK2,m00,mut_s1,detail,1,52,OSBGPHZLIBZPGJ-NLMIROKBNA-N,-7.54
PTK2,m00,mut_s1,detail,1,53,AISUMVRDEXUUBA-YGPBECBDNA-N,-7.966
PTK2,m00,mut_s1,detail,1,54,KLWXBHSHSIBXJA-WYUMXYHSNA-N,-7.991
PTK2,m00,mut_s1,detail,1,55,MWMWFASTTPZIJX-LUXCBXFANA-N,-6.937
PTK2,m00,mut_s1,detail,1,56,RJTAILIIHYBAPJ-UHFFFAOYNA-N,-5.355
PTK2,m00,mut_s1,detail,1,57,VFAQKHZBOKAOSQ-UKTHLTGXNA-N,-7.433
PTK2,m00,mut_s1,detail,1,58,YLUKCEIRYXNIJA-HCKMINDGNA-N,-7.516
PTK2,m00,mut_s1,detail,1,59,ICKPGBPIOPGQTC-ZLGIYAABNA-N,-6.65
PTK2,m00,mut_s1,detail,1,60,LTYXRKCXVDROIY-RVQYIEHVNA-N,-6.388
PTK2,m00,mut_s1,detail,1,61,QWHFPWNHELQSDQ-DZQCGVKKNA-N,-7.43
PTK2,m00,mut_s1,detail,1,62,MVTATEZHUZEZCK-UYBDAZJANA-N,-7.368
PTK2,m00,mut_s1,detail,1,63,GDRUXNLFXUVALW-YHMJCDSINA-N,-6.716
PTK2,m00,mut_s1,detail,1,64,IXWJKTRPHYKVFW-XFDRBGHPNA-N,-7.544
PTK2,m00,mut_s1,detail,1,65,RGHANNJVNFHOMO-PKSOQXRJNA-N,-8.294
PTK2,m00,mut_s1,detail,1,66,VWKMEDUACYWLSV-UYBDAZJANA-N,-8.061
PTK2,m00,mut_s1,detail,1,67,IUKOSEPLJGRTJW-QWOVJGMINA-N,-8.78
PTK2,m00,mut_s1,detail,1,68,FVNOYPBUEJMUJE-UYBDAZJANA-N,-8.378
PTK2,m00,mut_s1,detail,1,69,PHEJGIHBLBFCLD-WAVQYLLINA-N,-8.155
PTK2,m00,mut_s1,detail,1,70,YAPUUUKLOXTMRU-HCKMINDGNA-N,-7.393
PTK2,m00,mut_s1,detail,1,71,NTYXBURNBUVSBD-QWOVJGMINA-N,-7.6
PTK2,m00,mut_s1,detail,1,72,MELKZDAJKCQHEJ-UHFFFAOYNA-N,-7.258
PTK2,m00,mut_s1,detail,1,73,PTOCRBNMWIXUJH-YHMJCDSINA-N,-7.768
PTK2,m00,mut_s1,detail,1,74,POLODSDKFZPSMC-LILDFLRNNA-N,-7.852
PTK2,m00,mut_s1,detail,1,75,JHSMZFWFBBVUDZ-UHFFFAOYNA-N,-8.857
PTK2,m00,mut_s1,detail,1,76,VMNYXYDPHKHXOJ-HCKMINDGNA-N,-7.364
PTK2,m00,mut_s1,detail,1,77,GYGFWUNSKKZJNC-UHFFFAOYNA-N,-7.666
PTK2,m00,mut_s1,detail,1,78,DNIJCXVBKOHALG-IDQLRGLVNA-N,-8.037
PTK2,m00,mut_s1,detail,1,79,GBGJFVRPQGILNH-JLGFQASFNA-N,-6.659
PTK2,m00,mut_s1,detail,1,80,OGYLVZMARUPAHP-BDGWVKIONA-N,-7.599
PTK2,m00,mut_s1,detail,1,81,CGNRLGKHPYEVRU-UYBDAZJANA-N,-8.601
PTK2,m00,mut_s1,detail,1,82,QDBCQJCQGPPNHU-UHFFFAOYNA-N,-7.555
PTK2,m00,mut_s1,detail,1,83,NDDXLFAARQEPKC-UHFFFAOYNA-N,-8.094
PTK2,m00,mut_s1,detail,1,84,XHMFDOIXIIEIIC-UHFFFAOYNA-N,-7.213
PTK2,m00,mut_s1,detail,1,85,AGLMSXHTTUWGMJ-PKSOQXRJNA-N,-8.078
PTK2,m00,mut_s1,detail,1,86,ZXPAKNNNSOJNPO-UHFFFAOYNA-N,-7.665
PTK2,m00,mut_s1,detail,1,87,IHQNHWIJVRBCJV-UHFFFAOYNA-N,-7.538
PTK2,m00,mut_s1,detail,1,88,RMKFZACOOVWLAE-GGEHTAOSNA-N,-8.294
PTK2,m00,mut_s1,detail,1,89,DYSOMJVQHUQQEB-UHFFFAOYNA-N,-8.413
PTK2,m00,mut_s1,detail,1,90,NOCFDFQYZHBTNN-UHFFFAOYNA-N,-7.308
PTK2,m00,mut_s1,detail,1,91,SPVWQKGFZYAZQL-UHFFFAOYNA-N,-8.235
PTK2,m00,mut_s1,detail,1,92,DMXNRKKYFNEWPP-DMNNQDHHNA-N,-8.617
PTK2,m00,mut_s1,detail,1,93,RCJPJXXLZLDCKI-PKSOQXRJNA-N,-7.362
PTK2,m00,mut_s1,detail,1,94,KGTHCGXLPNILHR-UHFFFAOYNA-N,-7.971
PTK2,m00,mut_s1,detail,1,95,NWWYETOECIPWOT-CYHZHTKENA-N,-8.072
PTK2,m00,mut_s1,detail,1,96,NTSJGFMDUAVRPY-UHFFFAOYNA-N,-8.203
PTK2,m00,mut_s1,detail,1,97,SBVPMOUWJBOMKA-JTVQLVGJNA-O,-7.915
PTK2,m00,mut_s1,detail,1,98,LDNHSKULSWUSNY-UHFFFAOYNA-N,-8.218
PTK2,m00,mut_s1,detail,1,99,ASAZLTYOWNNDLD-UHFFFAOYNA-N,-7.572
PTK2,m00,mut_s1,detail,1,100,XRTRVAKJWCIIMD-UHFFFAOYNA-N,-6.497
PTK2,m00,mut_s1,detail,1,101,ZLTWUZJNYQVQEJ-UYBDAZJANA-N,-8.212
PTK2,m00,mut_s1,detail,1,102,DEYFWGXTPWNADC-UHFFFAOYNA-N,-7.202
PTK2,m00,mut_s1,detail,1,103,RHQFMXUIKVEHFK-MPIMZMORNA-N,-7.56
PTK2,m00,mut_s1,detail,1,104,DRDGAKFCORUZED-LILDFLRNNA-N,-7.419
PTK2,m00,mut_s1,detail,1,105,LQZNOWQYGFIKRM-HVXXBKQBNA-N,-7.463
PTK2,m00,mut_s1,detail,1,106,QJNYENHUMXSMRP-UHFFFAOYNA-N,-7.745
PTK2,m00,mut_s1,detail,1,107,LQILAXPPHLDIFO-NPVYFSBINA-N,-6.615
PTK2,m00,mut_s1,detail,1,108,KACOTQQTSDQWNO-UHFFFAOYNA-N,-7.666
PTK2,m00,mut_s1,detail,1,109,QLEMXKCIAQLFMM-UHFFFAOYNA-N,-8.089
PTK2,m00,mut_s1,detail,1,110,BHLVHZWLMVLRIX-LILDFLRNNA-N,-6.669
PTK2,m00,mut_s1,detail,1,111,IJNMKCHEXHHJKS-GPQMBLKYNA-N,-6.947
PTK2,m00,mut_s1,detail,1,112,LIBKCWSTNJMFGU-BDGWVKIONA-N,-8.225
PTK2,m00,mut_s1,detail,1,113,AJJBBFYAASSTLA-XOFPBXMJNA-N,-7.748
PTK2,m00,mut_s1,detail,1,114,IAIOYYRVPMGOSB-PKSOQXRJNA-N,-8.622
PTK2,m00,mut_s1,detail,1,115,CFYPAIWQFFEAEL-UHFFFAOYNA-N,-7.214
PTK2,m00,mut_s1,detail,1,116,VYJSEMNZGPEKAE-QWOVJGMINA-N,-8.644
PTK2,m00,mut_s1,detail,1,117,GATJUUWXCJCVEK-GPQMBLKYNA-N,-7.199
PTK2,m00,mut_s1,detail,1,118,ISQNQSRGAXUFGW-UHFFFAOYNA-N,-6.904
PTK2,m00,mut_s1,detail,1,119,MCVMARUOYHWORW-UHFFFAOYNA-N,-7.814
PTK2,m00,mut_s1,detail,1,120,LQMFCWRONUNRTP-FWKJIXDGNA-N,-7.324
PTK2,m00,mut_s1,detail,1,121,HJWFQDWOWDPIBE-HPHMPNDVNA-N,-8.19
PTK2,m00,mut_s1,detail,1,122,OSJCPZAKZHSNDS-UHFFFAOYNA-N,-8.219
PTK2,m00,mut_s1,detail,1,123,OPLHOPJAFJJLPX-HNNXBMFYNA-N,-8.252
PTK2,m00,mut_s1,detail,1,124,DZQRHJBYIOEZHV-PKSOQXRJNA-N,-8.339
PTK2,m00,mut_s1,detail,1,125,ZCFXIPSPKDGCHW-HSJCKIQZNA-N,-6.886
PTK2,m00,mut_s1,detail,1,126,BVGKQXNISGPHHP-UYBDAZJANA-N,-6.931
PTK2,m00,mut_s1,detail,1,127,WWGWJOHBDMYLBT-PKSOQXRJNA-N,-6.676
PTK2,m00,mut_s1,detail,1,128,JGDGIOMUQREIHP-BATSNZJTNA-N,-7.035
PTK2,m00,mut_s1,detail,1,129,LJDDSNOWUABFAP-HPRFPMAVNA-N,-7.983
PTK2,m00,mut_s1,detail,1,130,MBDOYHYQUXBBFT-UHFFFAOYNA-N,-8.645
PTK2,m00,mut_s1,detail,1,131,AGJUEHKKCLPMSY-LQFNOIFHNA-N,-8.038
PTK2,m00,mut_s1,detail,1,132,UMCUVZSSUIPNCL-BEMXBZHGNA-N,-8.8
PTK2,m00,mut_s1,detail,1,133,NKZFBKUWUIWQEM-LNNLXFCONA-N,-8.153
PTK2,m00,mut_s1,detail,1,134,GQNKLNZBZDEAMD-VQHCSMNLNA-N,-9.009
PTK2,m00,mut_s1,detail,1,135,UZNJTHHFIAFJGO-LQFNOIFHNA-N,-7.34
PTK2,m00,mut_s1,detail,1,136,LAFAEGAOHGJFCB-UHFFFAOYNA-N,-7.205
PTK2,m00,mut_s1,detail,1,137,QVHZVCDVVJVJRX-LNNLXFCONA-N,-8.78
PTK2,m00,mut_s1,detail,1,138,MWRHMRJPYFQMSQ-LNNLXFCONA-N,-7.864
PTK2,m00,mut_s1,detail,1,139,GCAQZYOXIVYDMN-PKSOQXRJNA-N,-6.911
PTK2,m00,mut_s1,detail,1,140,YJGPQCADKRAQFX-ZSDIGFPLNA-N,-8.837
PTK2,m00,mut_s1,detail,1,141,UZYMAWCMCCVCOW-BUKGPZPNNA-N,-7.88
PTK2,m00,mut_s1,detail,1,142,ZWSLJIFYDPKRSQ-XBXBPLPCNA-N,-8.447
PTK2,m00,mut_s1,detail,1,143,IJNTWIFESBAWCT-QWOVJGMINA-N,-8.075
PTK2,m00,mut_s1,detail,1,144,CXIYFBKPJSQXDU-WDUJWNCGNA-N,-8.352
PTK2,m00,mut_s1,detail,1,145,HWJNHVLCTGREAL-MPIMZMORNA-N,-7.804
PTK2,m00,mut_s1,detail,1,146,LHOSZRWWPIJINL-OLZOCXBDNA-N,-8.69
PTK2,m00,mut_s1,detail,1,147,DTEYRIFHHIHDHU-UHFFFAOYNA-N,-7.759
PTK2,m00,mut_s1,detail,1,148,NJZCVKDKMNRXTG-UHFFFAOYNA-N,-8.082
PTK2,m00,mut_s1,detail,1,149,NACLGLYMVLABDU-LNNLXFCONA-N,-8.547
PTK2,m00,mut_s1,detail,1,150,IDINUJSAMVOPCM-CNZJLSFANA-N,-5.542
PTK2,m00,mut_s1,detail,1,151,PGBPNHAAMLZTQB-LQFNOIFHNA-N,-7.769
PTK2,m00,mut_s1,detail,1,152,BCTINLARZZWKRE-MPIMZMORNA-N,-8.004
PTK2,m00,mut_s1,detail,1,153,JURXDQRYEGNLBW-LQFNOIFHNA-N,-7.513
PTK2,m00,mut_s1,detail,1,154,FBPQELGZQDQSII-LELJVTLKNA-N,-8.507
PTK2,m00,mut_s1,detail,1,155,ADBHXWFSFPPXEX-BDGWVKIONA-N,-8.518
PTK2,m00,mut_s1,detail,1,156,YUGZHQHSNYIFLG-KYSDGFAFNA-N,-7.716
PTK2,m00,mut_s1,detail,1,157,ZNDSONVEXMWLSF-QWOVJGMINA-N,-8.111
PTK2,m00,mut_s1,detail,1,158,QWCQVNIBTYLOHK-ZGZFQTMPNA-N,-8.947
PTK2,m00,mut_s1,detail,1,159,BELUGELSHVLAOZ-UHFFFAOYNA-N,-8.405
PTK2,m00,mut_s1,detail,1,160,HILDYDZVQRXXOI-LQFNOIFHNA-N,-7.864
PTK2,m00,mut_s1,detail,1,161,PTIIXGUDALPUPA-QWOVJGMINA-N,-8.097
PTK2,m00,mut_s1,detail,1,162,YWGOPEGGEGNDLS-UHFFFAOYNA-N,-6.519
PTK2,m00,mut_s1,detail,1,163,HXTQSKXJHJDGCP-UHFFFAOYNA-N,-8.336
PTK2,m00,mut_s1,detail,1,164,QMJHGNGJQQDHLD-PWIKPTQSNA-N,-7.485
PTK2,m00,mut_s1,detail,1,165,QZJYCFURESLRJX-UHFFFAOYNA-N,-7.36
PTK2,m00,mut_s1,detail,1,166,PDXQTFKIABMOFL-PDJAEHLQNA-N,-8.528
PTK2,m00,mut_s1,detail,1,167,REJJFCJYMVTFDN-PKRZOPRNNA-N,-8.387
PTK2,m00,mut_s1,detail,1,168,XGCSEQRDRFMGIU-LQFNOIFHNA-N,-7.723
PTK2,m00,mut_s1,detail,1,169,JJGWOCRPVQWXQG-ADQRUKDLNA-N,-7.154
PTK2,m00,mut_s1,detail,1,170,GEOCCLDMHBSVOL-UCDLDMSTNA-N,-7.926
PTK2,m00,mut_s1,detail,1,171,SMRGDRXOPYCHTR-SWUIVHNENA-N,-8.353
PTK2,m00,mut_s1,detail,1,172,RVFKUHZRUWXOIN-UHFFFAOYNA-N,-8.655
PTK2,m00,mut_s1,detail,1,173,BCXKIFJJJGSVDX-DXAUXPAJNA-N,-9.005
PTK2,m00,mut_s1,detail,1,174,WMPTUJZAWOBWLG-CMJFTGLXNA-N,-7.041
PTK2,m00,mut_s1,detail,1,175,ADAXUYSMOAZWKV-XBTAAFKLNA-N,-8.306
PTK2,m00,mut_s1,detail,1,176,QYOZNVCKISSENR-MRXNPFEDNA-N,-8.271
PTK2,m00,mut_s1,detail,1,177,XPINCFKWHIFHMC-WXFUMESZNA-N,-8.095
PTK2,m00,mut_s1,detail,1,178,ZGSQEILYEFGFIF-UHFFFAOYNA-N,-9.021
PTK2,m00,mut_s1,detail,1,179,CKRUVOWUUADMOW-LNNLXFCONA-N,-9.073
PTK2,m00,mut_s1,detail,1,180,QGZIKUYIROAFSE-QWOVJGMINA-N,-7.982
PTK2,m00,mut_s1,detail,1,181,KOFXCNSHSJISSQ-QWOVJGMINA-N,-8.331
PTK2,m00,mut_s1,detail,1,182,DCRJFLHNZRDYMM-UHFFFAOYNA-N,-8.522
PTK2,m00,mut_s1,detail,1,183,LIRCDOVJWUGTMW-IOQNOLELNA-N,-6.936
PTK2,m00,mut_s1,detail,1,184,FWYQXRWQFDPBIS-UHFFFAOYNA-N,-6.742
PTK2,m00,mut_s1,detail,1,185,LJRBIPYUCLSKJK-DVIAZDKANA-N,-7.906
PTK2,m00,mut_s1,detail,1,186,BSIVILSRVBLGQR-UHFFFAOYNA-N,-7.465
PTK2,m00,mut_s1,detail,1,187,DNDLSAMFYFNHBR-MPIMZMORNA-N,-7.532
PTK2,m00,mut_s1,detail,1,188,VFPJNRIWJIXUCK-UHFFFAOYNA-N,-7.67
PTK2,m00,mut_s1,detail,1,189,ZSYGHBADRJNZOU-UXUKNDFSNA-N,-7.437
PTK2,m00,mut_s1,detail,1,190,XQDLITNOVPCUMD-MPIMZMORNA-N,-8.76
PTK2,m00,mut_s1,detail,1,191,UCSBKUKETUKSSX-ZFJUVRDGNA-N,-7.806
PTK2,m00,mut_s1,detail,1,192,NZATZZGINMWOIA-QWOVJGMINA-N,-7.998
PTK2,m00,mut_s1,detail,1,193,PMGLUWPDZIVUOU-BKTFGIEZNA-N,-7.653
PTK2,m00,mut_s1,detail,1,194,QTYJLSSXENXPIA-XYULLFFJNA-N,-8.232
PTK2,m00,mut_s1,detail,1,195,ZDNRYSVLOMAJEZ-HZCBDIJENA-N,-8.65
PTK2,m00,mut_s1,detail,1,196,DPXQIUFPULXIFR-YETNDYBYNA-N,-8.702
PTK2,m00,mut_s1,detail,1,197,JEUQHZZAJFLFGO-MTTPVDACNA-N,-8.719
PTK2,m00,mut_s1,detail,1,198,ZWTFULMWPLLWNJ-UQMRZGFWNA-N,-8.341
PTK2,m00,mut_s1,detail,1,199,KDLLVDABAMKMLD-MJHPXVFFNA-N,-8.491
PTK2,m00,mut_s1,detail,1,200,CFYCLLUGGRSIQV-SPEPDGBUNA-N,-7.782
PTK2,m00,mut_s1,detail,1,201,CEZXHQCRLXZSBQ-IOZBVXGWNA-N,-7.193
PTK2,m00,mut_s1,detail,1,202,NOORAIXTPJNFDH-LAEBNAIWNA-N,-8.482
PTK2,m00,mut_s1,detail,1,203,VBFOTEWTMOETMO-PECIQRARNA-N,-7.365
PTK2,m00,mut_s1,detail,1,204,QLDHAZGAAUZOIP-LELJVTLKNA-N,-7.531
PTK2,m00,mut_s1,detail,1,205,ULIWBOHRWMGXPR-UHFFFAOYNA-N,-6.828
PTK2,m00,mut_s1,detail,1,206,CQRFGBFTRUHNJZ-LKHHGCNMNA-N,-8.129
PTK2,m00,mut_s1,detail,1,207,TVOUXLLNJXDHQR-MHZLTWQENA-N,-7.255
PTK2,m00,mut_s1,detail,1,208,MDSZUHOJNMNHJP-XBXBPLPCNA-N,-8.305
PTK2,m00,mut_s1,detail,1,209,GSKUSCWGMPZHKN-UHFFFAOYNA-N,-7.581
PTK2,m00,mut_s1,detail,1,210,LLUVDTDYDBDPFM-LBOYIXSDNA-N,-8.024
PTK2,m00,mut_s1,detail,1,211,CJPGWGLZKUWPFH-PWIKPTQSNA-N,-9.152
PTK2,m00,mut_s1,detail,1,212,MZLKAOWOIKALKR-LBOYIXSDNA-N,-8.787
PTK2,m00,mut_s1,detail,1,213,LYSAYZQUELVCGD-PJQSKVNONA-N,-7.35
PTK2,m00,mut_s1,detail,1,214,JBNMTQSSQCWSDW-NVENJYFMNA-N,-8.998
PTK2,m00,mut_s1,detail,1,215,CJAAXOOTFVSSKN-LKHHGCNMNA-N,-7.978
PTK2,m00,mut_s1,detail,1,216,WAVBTKPDIZFGSX-VJSLDGLSNA-N,-9.203
PTK2,m00,mut_s1,detail,1,217,FAYAHNACYAINBY-HRNBZBKQNA-N,-8.673
PTK2,m00,mut_s1,detail,1,218,ZHTJPKSSWTVTNA-PKRZOPRNNA-N,-9.336
PTK2,m00,mut_s1,detail,1,219,QRBHMNKXVMROIF-UHFFFAOYNA-N,-8.703
PTK2,m00,mut_s1,detail,1,220,BBDHNYKAQBEFTI-YSGSGMNWNA-N,-8.924
PTK2,m00,mut_s1,detail,1,221,PABHZRMPKXHYHB-MCITUVFDNA-N,-8.982
PTK2,m00,mut_s1,detail,1,222,BUEIPNNFYVCFLC-LELJVTLKNA-N,-7.986
PTK2,m00,mut_s1,detail,1,223,KKUNUMXHGLIOMX-WUSLAWIHNA-N,-9.06
PTK2,m00,mut_s1,detail,1,224,YGYOXSDMMNBVMH-PKRZOPRNNA-N,-8.83
PTK2,m00,mut_s1,detail,1,225,XRSGABXRLAWEDU-LQFNOIFHNA-N,-8.741
PTK2,m00,mut_s1,detail,1,226,AOTIBSKKXZHYRO-SPEPDGBUNA-N,-6.932
PTK2,m00,mut_s1,detail,1,227,RULOOZJTFYDVKV-LBOYIXSDNA-N,-7.624
PTK2,m00,mut_s1,detail,1,228,MFAMCZQOBFOTPV-LELJVTLKNA-N,-8.42
PTK2,m00,mut_s1,detail,1,229,RZBTZDHWOMTELG-UHFFFAOYNA-N,-8.621
PTK2,m00,mut_s1,detail,1,230,YBQSBCXVFMWVGY-UHFFFAOYNA-N,-9.036
PTK2,m00,mut_s1,detail,1,231,MFEDJQGOERVAHD-HXTKINSTNA-N,-7.917
PTK2,m00,mut_s1,detail,1,232,XGDJUMSXIASBOC-RGVBFFNGNA-N,-9.031
PTK2,m00,mut_s1,detail,1,233,INZVCQWDAXDGMY-UHFFFAOYNA-N,-8.759
PTK2,m00,mut_s1,detail,1,234,VSMNBGANRJLEFT-PECIQRARNA-N,-9.228
PTK2,m00,mut_s1,detail,1,235,VQPURKBPWWQWLN-MRPQGQGYNA-N,-7.959
PTK2,m00,mut_s1,detail,1,236,ITBJAHYMMJZDJN-ZCKBFCLLNA-N,-9.329
PTK2,m00,mut_s1,detail,1,237,GZXBKKWNTBGEDG-PLJOYGPPNA-N,-8.276
PTK2,m00,mut_s1,detail,1,238,GJSOSYVBARIGQO-XBBDFPCNNA-N,-9.484
PTK2,m00,mut_s1,detail,1,239,YWVDGPKULXWYMH-LELJVTLKNA-N,-6.965
PTK2,m00,mut_s1,detail,1,240,DTDCDTSLQAMFQK-PDIVMOMKNA-N,-8.948
PTK2,m00,mut_s1,detail,1,241,ZORDGSDKVXISJV-PKRZOPRNNA-N,-8.703
PTK2,m00,mut_s1,detail,1,242,GTWOAPKUQRYITB-UHFFFAOYNA-N,-8.716
PTK2,m00,mut_s1,detail,1,243,JPUJBYBHHWKSTD-LNNLXFCONA-N,-8.715
PTK2,m00,mut_s1,detail,1,244,PQVHRPXGPBDRRS-LBOYIXSDNA-N,-9.166
PTK2,m00,mut_s1,detail,1,245,JHPUSZOXXQWTST-OKPOJWAQNA-N,-7.071
PTK2,m00,mut_s1,detail,1,246,OWGZIGCUDXOZOS-OWVQZIOCNA-N,-8.414
PTK2,m00,mut_s1,detail,1,247,JUXPFZBFGMXKKR-JFRSHOPRNA-N,-7.158
PTK2,m00,mut_s1,detail,1,248,BWFZLXWRZDSPHK-DYDYTOMVNA-N,-9.784
PTK2,m00,mut_s1,detail,1,249,YQSOGHJBHORMOX-SPEPDGBUNA-N,-8.718
PTK2,m00,mut_s1,detail,1,250,ROFAQOFULLWONA-BBANKYPNNA-N,-7.0
PTK2,m00,mut_s1,detail,1,251,IHGDBIIOKIOQQL-OKPOJWAQNA-N,-8.412
PTK2,m00,mut_s1,detail,1,252,FAYBFUQTMGBOTD-UHFFFAOYNA-N,-8.536
PTK2,m00,mut_s1,detail,1,253,FOYYZIJHMVRFNR-IQICYJEPNA-N,-9.462
PTK2,m00,mut_s1,detail,1,254,MZNKKEVLKPDMRG-ZTQHEBCPNA-N,-8.82
PTK2,m00,mut_s1,detail,1,255,XKUVGAVISPKRJG-IBPUNKHUNA-N,-8.613
PTK2,m01,mut_s1,detail,1,0,IOEYSHPYQPFVLW-WZZIRTBGNA-N,-8.365
PTK2,m01,mut_s1,detail,1,1,KISKAILIUKCVIP-UHFFFAOYNA-N,-6.238
PTK2,m01,mut_s1,detail,1,2,YKFIUFSOZVLGEF-LILDFLRNNA-N,-7.028
PTK2,m01,mut_s1,detail,1,3,TYTJEFRFKUJPEU-UHFFFAOYNA-N,-7.817
PTK2,m01,mut_s1,detail,1,4,TYXDAJJVWKUJGI-CDZRGBSPNA-N,-7.6
PTK2,m01,mut_s1,detail,1,5,IYDIVTPTFGMDBE-UHFFFAOYNA-N,-7.687
PTK2,m01,mut_s1,detail,1,6,LVPPIRFSXIVDCQ-VQHVLOKHNA-N,-7.056
PTK2,m01,mut_s1,detail,1,7,KFWWSDHUPLWRKI-UHFFFAOYNA-N,-9.102
PTK2,m01,mut_s1,detail,1,8,BJHGDBMVHPNALY-YHMJCDSINA-N,-7.479
PTK2,m01,mut_s1,detail,1,9,ODZBBRURCPAEIQ-OASTWBFDNA-N,-7.019
PTK2,m01,mut_s1,detail,1,10,DNYBCGCBUCDEBB-GPQMBLKYNA-N,-7.736
PTK2,m01,mut_s1,detail,1,11,ODTXBYCYUFDWFS-BQYQJAHWNA-N,-6.579
PTK2,m01,mut_s1,detail,1,12,MLMSWRFVLJZNRV-NPVYFSBINA-N,-7.286
PTK2,m01,mut_s1,detail,1,13,YFQNZICTOUKIHD-UHFFFAOYNA-N,-8.321
PTK2,m01,mut_s1,detail,1,14,YWSKAQWSPONVPP-YHMJCDSINA-N,-6.822
PTK2,m01,mut_s1,detail,1,15,FUJBJSOIYVUFSM-DLGLGFIGNA-N,-7.095
PTK2,m01,mut_s1,detail,1,16,CZCAYAUDGHEBQB-UHFFFAOYNA-N,-5.846
PTK2,m01,mut_s1,detail,1,17,LQDMSIRJQBCAGP-UHFFFAOYNA-N,-6.117
PTK2,m01,mut_s1,detail,1,18,DPYXTTMTEAYPOR-UHFFFAOYNA-N,-6.475
PTK2,m01,mut_s1,detail,1,19,ASFLQPSNVCRBOH-UHFFFAOYNA-N,-7.916
PTK2,m01,mut_s1,detail,1,20,KZYALRXGZUUWDD-GTTYORLTNA-N,-6.66
PTK2,m01,mut_s1,detail,1,21,NUTSQHHREHYTAX-PKSOQXRJNA-N,-8.232
PTK2,m01,mut_s1,detail,1,22,GUDLXTFNNCOYNM-UHFFFAOYNA-N,-6.066
PTK2,m01,mut_s1,detail,1,23,BQUGPEQAOGLWFX-HVXXBKQBNA-N,-6.784
PTK2,m01,mut_s1,detail,1,24,XPVZKRRTCHLFRZ-GPQMBLKYNA-N,-8.348
PTK2,m01,mut_s1,detail,1,25,WLKKJQVIXAMEEF-GPQMBLKYNA-N,-7.492
PTK2,m01,mut_s1,detail,1,26,IJOUNEKMVDGTBS-UHFFFAOYNA-N,-7.946
PTK2,m01,mut_s1,detail,1,27,ZIVNUWICSJWDPM-UHFFFAOYNA-N,-7.599
PTK2,m01,mut_s1,detail,1,28,QCHKAZVPUNGJKS-JLOFHYGUNA-N,-6.762
PTK2,m01,mut_s1,detail,1,29,OBZIQQJJIKNWNO-UHFFFAOYNA-N,-5.885
PTK2,m01,mut_s1,detail,1,30,SKYBQLOFXJZRTN-UHFFFAOYNA-N,-6.555
PTK2,m01,mut_s1,detail,1,31,MCFVPJFLLJZVMJ-CMLSCEPHNA-N,-7.025
PTK2,m01,mut_s1,detail,1,32,GBSDYRSNVCORPF-JJEHQABKNA-N,-8.295
PTK2,m01,mut_s1,detail,1,33,OFMKKSBAKSDTKO-UHFFFAOYNA-N,-6.852
PTK2,m01,mut_s1,detail,1,34,CJBYLTVVRIPQAN-HOCLYGCPNA-N,-7.554
PTK2,m01,mut_s1,detail,1,35,HDYUIMHCGQNIMV-LILDFLRNNA-N,-8.566
PTK2,m01,mut_s1,detail,1,36,ICJZSDARRFSAJS-ZRHHXPTGNA-N,-7.216
PTK2,m01,mut_s1,detail,1,37,AIPXFBGCADYFMV-VEWCPZSHNA-N,-7.284
PTK2,m01,mut_s1,detail,1,38,GPCWYPVIFBLEET-UHFFFAOYNA-N,-7.254
PTK2,m01,mut_s1,detail,1,39,QWIUSZJTTPRTFQ-UHFFFAOYNA-N,-8.411
PTK2,m01,mut_s1,detail,1,40,MAPKZZFZZACUDG-UHFFFAOYNA-N,-6.596
PTK2,m01,mut_s1,detail,1,41,CESCXFZYHYMYGN-SPRAGNMINA-N,-6.843
PTK2,m01,mut_s1,detail,1,42,BNCSDXOYJVYYGP-UHFFFAOYNA-N,-7.735
PTK2,m01,mut_s1,detail,1,43,ZGPKQJAKEQZFLZ-UHFFFAOYNA-N,-7.406
PTK2,m01,mut_s1,detail,1,44,OHPBVIYSDIHFKK-LUXCBXFANA-N,-6.84
PTK2,m01,mut_s1,detail,1,45,BYYMILHAKOURNM-YHMJCDSINA-N,-5.793
PTK2,m01,mut_s1,detail,1,46,YTWHBYPYZLSPLQ-UHFFFAOYNA-N,-7.672
PTK2,m01,mut_s1,detail,1,47,MMXGXIVVWSANMS-ZYCJFAKPNA-N,-8.067
PTK2,m01,mut_s1,detail,1,48,RTBVWPVXLVPYGF-UHFFFAOYNA-N,-8.376
PTK2,m01,mut_s1,detail,1,49,NLENUXQYGCDSNE-YSFRZULJNA-N,-7.925
PTK2,m01,mut_s1,detail,1,50,OXAJWSLXTCIFFP-WXRBYKJCNA-N,-5.792
PTK2,m01,mut_s1,detail,1,51,GJDNHSKMTWUSHC-WYUMXYHSNA-N,-6.423
PTK2,m01,mut_s1,detail,1,52,OSBGPHZLIBZPGJ-NLMIROKBNA-N,-6.651
PTK2,m01,mut_s1,detail,1,53,AISUMVRDEXUUBA-YGPBECBDNA-N,-8.22
PTK2,m01,mut_s1,detail,1,54,KLWXBHSHSIBXJA-WYUMXYHSNA-N,-7.13
PTK2,m01,mut_s1,detail,1,55,MWMWFASTTPZIJX-LUXCBXFANA-N,-6.565
PTK2,m01,mut_s1,detail,1,56,RJTAILIIHYBAPJ-UHFFFAOYNA-N,-5.443
PTK2,m01,mut_s1,detail,1,57,VFAQKHZBOKAOSQ-UKTHLTGXNA-N,-7.462
PTK2,m01,mut_s1,detail,1,58,YLUKCEIRYXNIJA-HCKMINDGNA-N,-7.825
PTK2,m01,mut_s1,detail,1,59,ICKPGBPIOPGQTC-ZLGIYAABNA-N,-7.278
PTK2,m01,mut_s1,detail,1,60,LTYXRKCXVDROIY-RVQYIEHVNA-N,-6.756
PTK2,m01,mut_s1,detail,1,61,QWHFPWNHELQSDQ-DZQCGVKKNA-N,-7.984
PTK2,m01,mut_s1,detail,1,62,MVTATEZHUZEZCK-UYBDAZJANA-N,-7.245
PTK2,m01,mut_s1,detail,1,63,GDRUXNLFXUVALW-YHMJCDSINA-N,-7.102
PTK2,m01,mut_s1,detail,1,64,IXWJKTRPHYKVFW-XFDRBGHPNA-N,-7.781
PTK2,m01,mut_s1,detail,1,65,RGHANNJVNFHOMO-PKSOQXRJNA-N,-7.585
PTK2,m01,mut_s1,detail,1,66,VWKMEDUACYWLSV-UYBDAZJANA-N,-7.96
PTK2,m01,mut_s1,detail,1,67,IUKOSEPLJGRTJW-QWOVJGMINA-N,-8.213
PTK2,m01,mut_s1,detail,1,68,FVNOYPBUEJMUJE-UYBDAZJANA-N,-7.883
PTK2,m01,mut_s1,detail,1,69,PHEJGIHBLBFCLD-WAVQYLLINA-N,-8.561
PTK2,m01,mut_s1,detail,1,70,YAPUUUKLOXTMRU-HCKMINDGNA-N,-7.096
PTK2,m01,mut_s1,detail,1,71,NTYXBURNBUVSBD-QWOVJGMINA-N,-7.734
PTK2,m01,mut_s1,detail,1,72,MELKZDAJKCQHEJ-UHFFFAOYNA-N,-7.465
PTK2,m01,mut_s1,detail,1,73,PTOCRBNMWIXUJH-YHMJCDSINA-N,-7.397
PTK2,m01,mut_s1,detail,1,74,POLODSDKFZPSMC-LILDFLRNNA-N,-8.144
PTK2,m01,mut_s1,detail,1,75,JHSMZFWFBBVUDZ-UHFFFAOYNA-N,-7.982
PTK2,m01,mut_s1,detail,1,76,VMNYXYDPHKHXOJ-HCKMINDGNA-N,-7.296
PTK2,m01,mut_s1,detail,1,77,GYGFWUNSKKZJNC-UHFFFAOYNA-N,-7.915
PTK2,m01,mut_s1,detail,1,78,DNIJCXVBKOHALG-IDQLRGLVNA-N,-7.866
PTK2,m01,mut_s1,detail,1,79,GBGJFVRPQGILNH-JLGFQASFNA-N,-7.231
PTK2,m01,mut_s1,detail,1,80,OGYLVZMARUPAHP-BDGWVKIONA-N,-7.606
PTK2,m01,mut_s1,detail,1,81,CGNRLGKHPYEVRU-UYBDAZJANA-N,-9.018
PTK2,m01,mut_s1,detail,1,82,QDBCQJCQGPPNHU-UHFFFAOYNA-N,-7.349
PTK2,m01,mut_s1,detail,1,83,NDDXLFAARQEPKC-UHFFFAOYNA-N,-7.56
PTK2,m01,mut_s1,detail,1,84,XHMFDOIXIIEIIC-UHFFFAOYNA-N,-6.899
PTK2,m01,mut_s1,detail,1,85,AGLMSXHTTUWGMJ-PKSOQXRJNA-N,-8.071
PTK2,m01,mut_s1,detail,1,86,ZXPAKNNNSOJNPO-UHFFFAOYNA-N,-8.16
PTK2,m01,mut_s1,detail,1,87,IHQNHWIJVRBCJV-UHFFFAOYNA-N,-8.575
PTK2,m01,mut_s1,detail,1,88,RMKFZACOOVWLAE-GGEHTAOSNA-N,-8.306
PTK2,m01,mut_s1,detail,1,89,DYSOMJVQHUQQEB-UHFFFAOYNA-N,-9.183
PTK2,m01,mut_s1,detail,1,90,NOCFDFQYZHBTNN-UHFFFAOYNA-N,-6.187
PTK2,m01,mut_s1,detail,1,91,SPVWQKGFZYAZQL-UHFFFAOYNA-N,-7.814
PTK2,m01,mut_s1,detail,1,92,DMXNRKKYFNEWPP-DMNNQDHHNA-N,-7.88
PTK2,m01,mut_s1,detail,1,93,RCJPJXXLZLDCKI-PKSOQXRJNA-N,-7.245
PTK2,m01,mut_s1,detail,1,94,KGTHCGXLPNILHR-UHFFFAOYNA-N,-9.156
PTK2,m01,mut_s1,detail,1,95,NWWYETOECIPWOT-CYHZHTKENA-N,-7.686
PTK2,m01,mut_s1,detail,1,96,NTSJGFMDUAVRPY-UHFFFAOYNA-N,-7.693
PTK2,m01,mut_s1,detail,1,97,SBVPMOUWJBOMKA-JTVQLVGJNA-O,-7.148
PTK2,m01,mut_s1,detail,1,98,LDNHSKULSWUSNY-UHFFFAOYNA-N,-8.774
PTK2,m01,mut_s1,detail,1,99,ASAZLTYOWNNDLD-UHFFFAOYNA-N,-7.409
PTK2,m01,mut_s1,detail,1,100,XRTRVAKJWCIIMD-UHFFFAOYNA-N,-7.397
PTK2,m01,mut_s1,detail,1,101,ZLTWUZJNYQVQEJ-UYBDAZJANA-N,-8.435
PTK2,m01,mut_s1,detail,1,102,DEYFWGXTPWNADC-UHFFFAOYNA-N,-7.269
PTK2,m01,mut_s1,detail,1,103,RHQFMXUIKVEHFK-MPIMZMORNA-N,-8.271
PTK2,m01,mut_s1,detail,1,104,DRDGAKFCORUZED-LILDFLRNNA-N,-7.726
PTK2,m01,mut_s1,detail,1,105,LQZNOWQYGFIKRM-HVXXBKQBNA-N,-7.232
PTK2,m01,mut_s1,detail,1,106,QJNYENHUMXSMRP-UHFFFAOYNA-N,-7.785
PTK2,m01,mut_s1,detail,1,107,LQILAXPPHLDIFO-NPVYFSBINA-N,-6.898
PTK2,m01,mut_s1,detail,1,108,KACOTQQTSDQWNO-UHFFFAOYNA-N,-8.038
PTK2,m01,mut_s1,detail,1,109,QLEMXKCIAQLFMM-UHFFFAOYNA-N,-8.146
PTK2,m01,mut_s1,detail,1,110,BHLVHZWLMVLRIX-LILDFLRNNA-N,-6.285
PTK2,m01,mut_s1,detail,1,111,IJNMKCHEXHHJKS-GPQMBLKYNA-N,-6.55
PTK2,m01,mut_s1,detail,1,112,LIBKCWSTNJMFGU-BDGWVKIONA-N,-8.347
PTK2,m01,mut_s1,detail,1,113,AJJBBFYAASSTLA-XOFPBXMJNA-N,-7.952
PTK2,m01,mut_s1,detail,1,114,IAIOYYRVPMGOSB-PKSOQXRJNA-N,-9.28
PTK2,m01,mut_s1,detail,1,115,CFYPAIWQFFEAEL-UHFFFAOYNA-N,-8.556
PTK2,m01,mut_s1,detail,1,116,VYJSEMNZGPEKAE-QWOVJGMINA-N,-8.135
PTK2,m01,mut_s1,detail,1,117,GATJUUWXCJCVEK-GPQMBLKYNA-N,-7.339
PTK2,m01,mut_s1,detail,1,118,ISQNQSRGAXUFGW-UHFFFAOYNA-N,-7.558
PTK2,m01,mut_s1,detail,1,119,MCVMARUOYHWORW-UHFFFAOYNA-N,-8.302
PTK2,m01,mut_s1,detail,1,120,LQMFCWRONUNRTP-FWKJIXDGNA-N,-7.706
PTK2,m01,mut_s1,detail,1,121,HJWFQDWOWDPIBE-HPHMPNDVNA-N,-7.704
PTK2,m01,mut_s1,detail,1,122,OSJCPZAKZHSNDS-UHFFFAOYNA-N,-7.989
PTK2,m01,mut_s1,detail,1,123,OPLHOPJAFJJLPX-HNNXBMFYNA-N,-8.398
PTK2,m01,mut_s1,detail,1,124,DZQRHJBYIOEZHV-PKSOQXRJNA-N,-7.854
PTK2,m01,mut_s1,detail,1,125,ZCFXIPSPKDGCHW-HSJCKIQZNA-N,-6.96
PTK2,m01,mut_s1,detail,1,126,BVGKQXNISGPHHP-UYBDAZJANA-N,-7.276
PTK2,m01,mut_s1,detail,1,127,WWGWJOHBDMYLBT-PKSOQXRJNA-N,-6.714
PTK2,m01,mut_s1,detail,1,128,JGDGIOMUQREIHP-BATSNZJTNA-N,-7.043
PTK2,m01,mut_s1,detail,1,129,LJDDSNOWUABFAP-HPRFPMAVNA-N,-8.077
PTK2,m01,mut_s1,detail,1,130,MBDOYHYQUXBBFT-UHFFFAOYNA-N,-8.649
PTK2,m01,mut_s1,detail,1,131,AGJUEHKKCLPMSY-LQFNOIFHNA-N,-7.976
PTK2,m01,mut_s1,detail,1,132,UMCUVZSSUIPNCL-BEMXBZHGNA-N,-8.965
PTK2,m01,mut_s1,detail,1,133,NKZFBKUWUIWQEM-LNNLXFCONA-N,-8.007
PTK2,m01,mut_s1,detail,1,134,GQNKLNZBZDEAMD-VQHCSMNLNA-N,-9.516
PTK2,m01,mut_s1,detail,1,135,UZNJTHHFIAFJGO-LQFNOIFHNA-N,-8.057
PTK2,m01,mut_s1,detail,1,136,LAFAEGAOHGJFCB-UHFFFAOYNA-N,-7.578
PTK2,m01,mut_s1,detail,1,137,QVHZVCDVVJVJRX-LNNLXFCONA-N,-7.879
PTK2,m01,mut_s1,detail,1,138,MWRHMRJPYFQMSQ-LNNLXFCONA-N,-7.652
PTK2,m01,mut_s1,detail,1,139,GCAQZYOXIVYDMN-PKSOQXRJNA-N,-6.674
PTK2,m01,mut_s1,detail,1,140,YJGPQCADKRAQFX-ZSDIGFPLNA-N,-9.091
PTK2,m01,mut_s1,detail,1,141,UZYMAWCMCCVCOW-BUKGPZPNNA-N,-7.573
PTK2,m01,mut_s1,detail,1,142,ZWSLJIFYDPKRSQ-XBXBPLPCNA-N,-8.942
PTK2,m01,mut_s1,detail,1,143,IJNTWIFESBAWCT-QWOVJGMINA-N,-8.843
PTK2,m01,mut_s1,detail,1,144,CXIYFBKPJSQXDU-WDUJWNCGNA-N,-8.571
PTK2,m01,mut_s1,detail,1,145,HWJNHVLCTGREAL-MPIMZMORNA-N,-7.309
PTK2,m01,mut_s1,detail,1,146,LHOSZRWWPIJINL-OLZOCXBDNA-N,-7.848
PTK2,m01,mut_s1,detail,1,147,DTEYRIFHHIHDHU-UHFFFAOYNA-N,-7.645
PTK2,m01,mut_s1,detail,1,148,NJZCVKDKMNRXTG-UHFFFAOYNA-N,-7.262
PTK2,m01,mut_s1,detail,1,149,NACLGLYMVLABDU-LNNLXFCONA-N,-7.76
PTK2,m01,mut_s1,detail,1,150,IDINUJSAMVOPCM-CNZJLSFANA-N,-6.259
PTK2,m01,mut_s1,detail,1,151,PGBPNHAAMLZTQB-LQFNOIFHNA-N,-7.971
PTK2,m01,mut_s1,detail,1,152,BCTINLARZZWKRE-MPIMZMORNA-N,-7.339
PTK2,m01,mut_s1,detail,1,153,JURXDQRYEGNLBW-LQFNOIFHNA-N,-7.664
PTK2,m01,mut_s1,detail,1,154,FBPQELGZQDQSII-LELJVTLKNA-N,-8.425
PTK2,m01,mut_s1,detail,1,155,ADBHXWFSFPPXEX-BDGWVKIONA-N,-8.266
PTK2,m01,mut_s1,detail,1,156,YUGZHQHSNYIFLG-KYSDGFAFNA-N,-7.665
PTK2,m01,mut_s1,detail,1,157,ZNDSONVEXMWLSF-QWOVJGMINA-N,-7.791
PTK2,m01,mut_s1,detail,1,158,QWCQVNIBTYLOHK-ZGZFQTMPNA-N,-9.01
PTK2,m01,mut_s1,detail,1,159,BELUGELSHVLAOZ-UHFFFAOYNA-N,-8.568
PTK2,m01,mut_s1,detail,1,160,HILDYDZVQRXXOI-LQFNOIFHNA-N,-8.296
PTK2,m01,mut_s1,detail,1,161,PTIIXGUDALPUPA-QWOVJGMINA-N,-7.725
PTK2,m01,mut_s1,detail,1,162,YWGOPEGGEGNDLS-UHFFFAOYNA-N,-6.979
PTK2,m01,mut_s1,detail,1,163,HXTQSKXJHJDGCP-UHFFFAOYNA-N,-8.347
PTK2,m01,mut_s1,detail,1,164,QMJHGNGJQQDHLD-PWIKPTQSNA-N,-7.418
PTK2,m01,mut_s1,detail,1,165,QZJYCFURESLRJX-UHFFFAOYNA-N,-7.657
PTK2,m01,mut_s1,detail,1,166,PDXQTFKIABMOFL-PDJAEHLQNA-N,-7.966
PTK2,m01,mut_s1,detail,1,167,REJJFCJYMVTFDN-PKRZOPRNNA-N,-8.821
PTK2,m01,mut_s1,detail,1,168,XGCSEQRDRFMGIU-LQFNOIFHNA-N,-8.079
PTK2,m01,mut_s1,detail,1,169,JJGWOCRPVQWXQG-ADQRUKDLNA-N,-7.525
PTK2,m01,mut_s1,detail,1,170,GEOCCLDMHBSVOL-UCDLDMSTNA-N,-7.983
PTK2,m01,mut_s1,detail,1,171,SMRGDRXOPYCHTR-SWUIVHNENA-N,-9.503
PTK2,m01,mut_s1,detail,1,172,RVFKUHZRUWXOIN-UHFFFAOYNA-N,-8.128
PTK2,m01,mut_s1,detail,1,173,BCXKIFJJJGSVDX-DXAUXPAJNA-N,-8.943
PTK2,m01,mut_s1,detail,1,174,WMPTUJZAWOBWLG-CMJFTGLXNA-N,-7.141
PTK2,m01,mut_s1,detail,1,175,ADAXUYSMOAZWKV-XBTAAFKLNA-N,-9.186
PTK2,m01,mut_s1,detail,1,176,QYOZNVCKISSENR-MRXNPFEDNA-N,-8.579
PTK2,m01,mut_s1,detail,1,177,XPINCFKWHIFHMC-WXFUMESZNA-N,-8.601
PTK2,m01,mut_s1,detail,1,178,ZGSQEILYEFGFIF-UHFFFAOYNA-N,-9.372
PTK2,m01,mut_s1,detail,1,179,CKRUVOWUUADMOW-LNNLXFCONA-N,-8.909
PTK2,m01,mut_s1,detail,1,180,QGZIKUYIROAFSE-QWOVJGMINA-N,-6.332
PTK2,m01,mut_s1,detail,1,181,KOFXCNSHSJISSQ-QWOVJGMINA-N,-8.445
PTK2,m01,mut_s1,detail,1,182,DCRJFLHNZRDYMM-UHFFFAOYNA-N,-9.22
PTK2,m01,mut_s1,detail,1,183,LIRCDOVJWUGTMW-IOQNOLELNA-N,-7.05
PTK2,m01,mut_s1,detail,1,184,FWYQXRWQFDPBIS-UHFFFAOYNA-N,-7.132
PTK2,m01,mut_s1,detail,1,185,LJRBIPYUCLSKJK-DVIAZDKANA-N,-7.634
PTK2,m01,mut_s1,detail,1,186,BSIVILSRVBLGQR-UHFFFAOYNA-N,-7.748
PTK2,m01,mut_s1,detail,1,187,DNDLSAMFYFNHBR-MPIMZMORNA-N,-7.939
PTK2,m01,mut_s1,detail,1,188,VFPJNRIWJIXUCK-UHFFFAOYNA-N,-8.248
PTK2,m01,mut_s1,detail,1,189,ZSYGHBADRJNZOU-UXUKNDFSNA-N,-7.777
PTK2,m01,mut_s1,detail,1,190,XQDLITNOVPCUMD-MPIMZMORNA-N,-8.67
PTK2,m01,mut_s1,detail,1,191,UCSBKUKETUKSSX-ZFJUVRDGNA-N,-8.048
PTK2,m01,mut_s1,detail,1,192,NZATZZGINMWOIA-QWOVJGMINA-N,-8.279
PTK2,m01,mut_s1,detail,1,193,PMGLUWPDZIVUOU-BKTFGIEZNA-N,-8.175
PTK2,m01,mut_s1,detail,1,194,QTYJLSSXENXPIA-XYULLFFJNA-N,-7.514
PTK2,m01,mut_s1,detail,1,195,ZDNRYSVLOMAJEZ-HZCBDIJENA-N,-8.861
PTK2,m01,mut_s1,detail,1,196,DPXQIUFPULXIFR-YETNDYBYNA-N,-8.354
PTK2,m01,mut_s1,detail,1,197,JEUQHZZAJFLFGO-MTTPVDACNA-N,-9.102
PTK2,m01,mut_s1,detail,1,198,ZWTFULMWPLLWNJ-UQMRZGFWNA-N,-8.861
PTK2,m01,mut_s1,detail,1,199,KDLLVDABAMKMLD-MJHPXVFFNA-N,-8.54
PTK2,m01,mut_s1,detail,1,200,CFYCLLUGGRSIQV-SPEPDGBUNA-N,-8.663
PTK2,m01,mut_s1,detail,1,201,CEZXHQCRLXZSBQ-IOZBVXGWNA-N,-6.851
PTK2,m01,mut_s1,detail,1,202,NOORAIXTPJNFDH-LAEBNAIWNA-N,-8.098
PTK2,m01,mut_s1,detail,1,203,VBFOTEWTMOETMO-PECIQRARNA-N,-8.161
PTK2,m01,mut_s1,detail,1,204,QLDHAZGAAUZOIP-LELJVTLKNA-N,-7.584
PTK2,m01,mut_s1,detail,1,205,ULIWBOHRWMGXPR-UHFFFAOYNA-N,-7.106
PTK2,m01,mut_s1,detail,1,206,CQRFGBFTRUHNJZ-LKHHGCNMNA-N,-7.84
PTK2,m01,mut_s1,detail,1,207,TVOUXLLNJXDHQR-MHZLTWQENA-N,-7.562
PTK2,m01,mut_s1,detail,1,208,MDSZUHOJNMNHJP-XBXBPLPCNA-N,-7.585
PTK2,m01,mut_s1,detail,1,209,GSKUSCWGMPZHKN-UHFFFAOYNA-N,-7.842
PTK2,m01,mut_s1,detail,1,210,LLUVDTDYDBDPFM-LBOYIXSDNA-N,-7.433
PTK2,m01,mut_s1,detail,1,211,CJPGWGLZKUWPFH-PWIKPTQSNA-N,-8.991
PTK2,m01,mut_s1,detail,1,212,MZLKAOWOIKALKR-LBOYIXSDNA-N,-9.215
PTK2,m01,mut_s1,detail,1,213,LYSAYZQUELVCGD-PJQSKVNONA-N,-7.317
PTK2,m01,mut_s1,detail,1,214,JBNMTQSSQCWSDW-NVENJYFMNA-N,-9.305
PTK2,m01,mut_s1,detail,1,215,CJAAXOOTFVSSKN-LKHHGCNMNA-N,-7.656
PTK2,m01,mut_s1,detail,1,216,WAVBTKPDIZFGSX-VJSLDGLSNA-N,-9.216
PTK2,m01,mut_s1,detail,1,217,FAYAHNACYAINBY-HRNBZBKQNA-N,-7.767
PTK2,m01,mut_s1,detail,1,218,ZHTJPKSSWTVTNA-PKRZOPRNNA-N,-8.764
PTK2,m01,mut_s1,detail,1,219,QRBHMNKXVMROIF-UHFFFAOYNA-N,-8.852
PTK2,m01,mut_s1,detail,1,220,BBDHNYKAQBEFTI-YSGSGMNWNA-N,-9.086
PTK2,m01,mut_s1,detail,1,221,PABHZRMPKXHYHB-MCITUVFDNA-N,-8.546
PTK2,m01,mut_s1,detail,1,222,BUEIPNNFYVCFLC-LELJVTLKNA-N,-8.045
PTK2,m01,mut_s1,detail,1,223,KKUNUMXHGLIOMX-WUSLAWIHNA-N,-8.701
PTK2,m01,mut_s1,detail,1,224,YGYOXSDMMNBVMH-PKRZOPRNNA-N,-9.101
PTK2,m01,mut_s1,detail,1,225,XRSGABXRLAWEDU-LQFNOIFHNA-N,-7.757
PTK2,m01,mut_s1,detail,1,226,AOTIBSKKXZHYRO-SPEPDGBUNA-N,-6.6
PTK2,m01,mut_s1,detail,1,227,RULOOZJTFYDVKV-LBOYIXSDNA-N,-8.505
PTK2,m01,mut_s1,detail,1,228,MFAMCZQOBFOTPV-LELJVTLKNA-N,-7.861
PTK2,m01,mut_s1,detail,1,229,RZBTZDHWOMTELG-UHFFFAOYNA-N,-7.582
PTK2,m01,mut_s1,detail,1,230,YBQSBCXVFMWVGY-UHFFFAOYNA-N,-9.188
PTK2,m01,mut_s1,detail,1,231,MFEDJQGOERVAHD-HXTKINSTNA-N,-8.023
PTK2,m01,mut_s1,detail,1,232,XGDJUMSXIASBOC-RGVBFFNGNA-N,-8.61
PTK2,m01,mut_s1,detail,1,233,INZVCQWDAXDGMY-UHFFFAOYNA-N,-9.849
PTK2,m01,mut_s1,detail,1,234,VSMNBGANRJLEFT-PECIQRARNA-N,-9.356
PTK2,m01,mut_s1,detail,1,235,VQPURKBPWWQWLN-MRPQGQGYNA-N,-6.968
PTK2,m01,mut_s1,detail,1,236,ITBJAHYMMJZDJN-ZCKBFCLLNA-N,-8.439
PTK2,m01,mut_s1,detail,1,237,GZXBKKWNTBGEDG-PLJOYGPPNA-N,-8.075
PTK2,m01,mut_s1,detail,1,238,GJSOSYVBARIGQO-XBBDFPCNNA-N,-9.373
PTK2,m01,mut_s1,detail,1,239,YWVDGPKULXWYMH-LELJVTLKNA-N,-7.447
PTK2,m01,mut_s1,detail,1,240,DTDCDTSLQAMFQK-PDIVMOMKNA-N,-8.075
PTK2,m01,mut_s1,detail,1,241,ZORDGSDKVXISJV-PKRZOPRNNA-N,-6.974
PTK2,m01,mut_s1,detail,1,242,GTWOAPKUQRYITB-UHFFFAOYNA-N,-7.493
PTK2,m01,mut_s1,detail,1,243,JPUJBYBHHWKSTD-LNNLXFCONA-N,-8.986
PTK2,m01,mut_s1,detail,1,244,PQVHRPXGPBDRRS-LBOYIXSDNA-N,-9.662
PTK2,m01,mut_s1,detail,1,245,JHPUSZOXXQWTST-OKPOJWAQNA-N,-7.223
PTK2,m01,mut_s1,detail,1,246,OWGZIGCUDXOZOS-OWVQZIOCNA-N,-9.024
PTK2,m01,mut_s1,detail,1,247,JUXPFZBFGMXKKR-JFRSHOPRNA-N,-6.718
PTK2,m01,mut_s1,detail,1,248,BWFZLXWRZDSPHK-DYDYTOMVNA-N,-10.203
PTK2,m01,mut_s1,detail,1,249,YQSOGHJBHORMOX-SPEPDGBUNA-N,-8.81
PTK2,m01,mut_s1,detail,1,250,ROFAQOFULLWONA-BBANKYPNNA-N,-7.451
PTK2,m01,mut_s1,detail,1,251,IHGDBIIOKIOQQL-OKPOJWAQNA-N,-8.748
PTK2,m01,mut_s1,detail,1,252,FAYBFUQTMGBOTD-UHFFFAOYNA-N,-8.538
PTK2,m01,mut_s1,detail,1,253,FOYYZIJHMVRFNR-IQICYJEPNA-N,-8.489
PTK2,m01,mut_s1,detail,1,254,MZNKKEVLKPDMRG-ZTQHEBCPNA-N,-8.65
PTK2,m01,mut_s1,detail,1,255,XKUVGAVISPKRJG-IBPUNKHUNA-N,-7.409
PTK2,m02,mut_s1,detail,1,0,IOEYSHPYQPFVLW-WZZIRTBGNA-N,-7.994
PTK2,m02,mut_s1,detail,1,1,KISKAILIUKCVIP-UHFFFAOYNA-N,-6.228
PTK2,m02,mut_s1,detail,1,2,YKFIUFSOZVLGEF-LILDFLRNNA-N,-7.241
PTK2,m02,mut_s1,detail,1,3,TYTJEFRFKUJPEU-UHFFFAOYNA-N,-6.685
PTK2,m02,mut_s1,detail,1,4,TYXDAJJVWKUJGI-CDZRGBSPNA-N,-7.058
PTK2,m02,mut_s1,detail,1,5,IYDIVTPTFGMDBE-UHFFFAOYNA-N,-7.631
PTK2,m02,mut_s1,detail,1,6,LVPPIRFSXIVDCQ-VQHVLOKHNA-N,-6.693
PTK2,m02,mut_s1,detail,1,7,KFWWSDHUPLWRKI-UHFFFAOYNA-N,-8.882
PTK2,m02,mut_s1,detail,1,8,BJHGDBMVHPNALY-YHMJCDSINA-N,-7.182
PTK2,m02,mut_s1,detail,1,9,ODZBBRURCPAEIQ-OASTWBFDNA-N,-6.853
PTK2,m02,mut_s1,detail,1,10,DNYBCGCBUCDEBB-GPQMBLKYNA-N,-7.022
PTK2,m02,mut_s1,detail,1,11,ODTXBYCYUFDWFS-BQYQJAHWNA-N,-6.459
PTK2,m02,mut_s1,detail,1,12,MLMSWRFVLJZNRV-NPVYFSBINA-N,-6.78
PTK2,m02,mut_s1,detail,1,13,YFQNZICTOUKIHD-UHFFFAOYNA-N,-7.854
PTK2,m02,mut_s1,detail,1,14,YWSKAQWSPONVPP-YHMJCDSINA-N,-6.581
PTK2,m02,mut_s1,detail,1,15,FUJBJSOIYVUFSM-DLGLGFIGNA-N,-6.805
PTK2,m02,mut_s1,detail,1,16,CZCAYAUDGHEBQB-UHFFFAOYNA-N,-5.681
PTK2,m02,mut_s1,detail,1,17,LQDMSIRJQBCAGP-UHFFFAOYNA-N,-5.679
PTK2,m02,mut_s1,detail,1,18,DPYXTTMTEAYPOR-UHFFFAOYNA-N,-6.0
PTK2,m02,mut_s1,detail,1,19,ASFLQPSNVCRBOH-UHFFFAOYNA-N,-7.474
PTK2,m02,mut_s1,detail,1,20,KZYALRXGZUUWDD-GTTYORLTNA-N,-6.037
PTK2,m02,mut_s1,detail,1,21,NUTSQHHREHYTAX-PKSOQXRJNA-N,-7.819
PTK2,m02,mut_s1,detail,1,22,GUDLXTFNNCOYNM-UHFFFAOYNA-N,-5.736
PTK2,m02,mut_s1,detail,1,23,BQUGPEQAOGLWFX-HVXXBKQBNA-N,-6.559
PTK2,m02,mut_s1,detail,1,24,XPVZKRRTCHLFRZ-GPQMBLKYNA-N,-7.659
PTK2,m02,mut_s1,detail,1,25,WLKKJQVIXAMEEF-GPQMBLKYNA-N,-7.046
PTK2,m02,mut_s1,detail,1,26,IJOUNEKMVDGTBS-UHFFFAOYNA-N,-7.284
PTK2,m02,mut_s1,detail,1,27,ZIVNUWICSJWDPM-UHFFFAOYNA-N,-7.199
PTK2,m02,mut_s1,detail,1,28,QCHKAZVPUNGJKS-JLOFHYGUNA-N,-7.087
PTK2,m02,mut_s1,detail,1,29,OBZIQQJJIKNWNO-UHFFFAOYNA-N,-5.422
PTK2,m02,mut_s1,detail,1,30,SKYBQLOFXJZRTN-UHFFFAOYNA-N,-6.144
PTK2,m02,mut_s1,detail,1,31,MCFVPJFLLJZVMJ-CMLSCEPHNA-N,-7.354
PTK2,m02,mut_s1,detail,1,32,GBSDYRSNVCORPF-JJEHQABKNA-N,-7.68
PTK2,m02,mut_s1,detail,1,33,OFMKKSBAKSDTKO-UHFFFAOYNA-N,-6.745
PTK2,m02,mut_s1,detail,1,34,CJBYLTVVRIPQAN-HOCLYGCPNA-N,-7.237
PTK2,m02,mut_s1,detail,1,35,HDYUIMHCGQNIMV-LILDFLRNNA-N,-8.536
PTK2,m02,mut_s1,detail,1,36,ICJZSDARRFSAJS-ZRHHXPTGNA-N,-6.881
PTK2,m02,mut_s1,detail,1,37,AIPXFBGCADYFMV-VEWCPZSHNA-N,-7.514
PTK2,m02,mut_s1,detail,1,38,GPCWYPVIFBLEET-UHFFFAOYNA-N,-6.908
PTK2,m02,mut_s1,detail,1,39,QWIUSZJTTPRTFQ-UHFFFAOYNA-N,-7.916
PTK2,m02,mut_s1,detail,1,40,MAPKZZFZZACUDG-UHFFFAOYNA-N,-6.314
PTK2,m02,mut_s1,detail,1,41,CESCXFZYHYMYGN-SPRAGNMINA-N,-6.771
PTK2,m02,mut_s1,detail,1,42,BNCSDXOYJVYYGP-UHFFFAOYNA-N,-7.274
PTK2,m02,mut_s1,detail,1,43,ZGPKQJAKEQZFLZ-UHFFFAOYNA-N,-6.9
PTK2,m02,mut_s1,detail,1,44,OHPBVIYSDIHFKK-LUXCBXFANA-N,-6.643
PTK2,m02,mut_s1,detail,1,45,BYYMILHAKOURNM-YHMJCDSINA-N,-5.549
PTK2,m02,mut_s1,detail,1,46,YTWHBYPYZLSPLQ-UHFFFAOYNA-N,-7.214
PTK2,m02,mut_s1,detail,1,47,MMXGXIVVWSANMS-ZYCJFAKPNA-N,-7.546
PTK2,m02,mut_s1,detail,1,48,RTBVWPVXLVPYGF-UHFFFAOYNA-N,-7.892
PTK2,m02,mut_s1,detail,1,49,NLENUXQYGCDSNE-YSFRZULJNA-N,-7.451
PTK2,m02,mut_s1,detail,1,50,OXAJWSLXTCIFFP-WXRBYKJCNA-N,-5.897
PTK2,m02,mut_s1,detail,1,51,GJDNHSKMTWUSHC-WYUMXYHSNA-N,-6.343
PTK2,m02,mut_s1,detail,1,52,OSBGPHZLIBZPGJ-NLMIROKBNA-N,-7.328
PTK2,m02,mut_s1,detail,1,53,AISUMVRDEXUUBA-YGPBECBDNA-N,-8.058
PTK2,m02,mut_s1,detail,1,54,KLWXBHSHSIBXJA-WYUMXYHSNA-N,-7.404
PTK2,m02,mut_s1,detail,1,55,MWMWFASTTPZIJX-LUXCBXFANA-N,-6.261
PTK2,m02,mut_s1,detail,1,56,RJTAILIIHYBAPJ-UHFFFAOYNA-N,-5.284
PTK2,m02,mut_s1,detail,1,57,VFAQKHZBOKAOSQ-UKTHLTGXNA-N,-6.956
PTK2,m02,mut_s1,detail,1,58,YLUKCEIRYXNIJA-HCKMINDGNA-N,-7.59
PTK2,m02,mut_s1,detail,1,59,ICKPGBPIOPGQTC-ZLGIYAABNA-N,-7.166
PTK2,m02,mut_s1,detail,1,60,LTYXRKCXVDROIY-RVQYIEHVNA-N,-6.455
PTK2,m02,mut_s1,detail,1,61,QWHFPWNHELQSDQ-DZQCGVKKNA-N,-7.511
PTK2,m02,mut_s1,detail,1,62,MVTATEZHUZEZCK-UYBDAZJANA-N,-6.986
PTK2,m02,mut_s1,detail,1,63,GDRUXNLFXUVALW-YHMJCDSINA-N,-6.787
PTK2,m02,mut_s1,detail,1,64,IXWJKTRPHYKVFW-XFDRBGHPNA-N,-7.743
PTK2,m02,mut_s1,detail,1,65,RGHANNJVNFHOMO-PKSOQXRJNA-N,-7.368
PTK2,m02,mut_s1,detail,1,66,VWKMEDUACYWLSV-UYBDAZJANA-N,-7.279
PTK2,m02,mut_s1,detail,1,67,IUKOSEPLJGRTJW-QWOVJGMINA-N,-7.66
PTK2,m02,mut_s1,detail,1,68,FVNOYPBUEJMUJE-UYBDAZJANA-N,-7.61
PTK2,m02,mut_s1,detail,1,69,PHEJGIHBLBFCLD-WAVQYLLINA-N,-8.176
PTK2,m02,mut_s1,detail,1,70,YAPUUUKLOXTMRU-HCKMINDGNA-N,-6.587
PTK2,m02,mut_s1,detail,1,71,NTYXBURNBUVSBD-QWOVJGMINA-N,-8.284
PTK2,m02,mut_s1,detail,1,72,MELKZDAJKCQHEJ-UHFFFAOYNA-N,-6.912
PTK2,m02,mut_s1,detail,1,73,PTOCRBNMWIXUJH-YHMJCDSINA-N,-7.487
PTK2,m02,mut_s1,detail,1,74,POLODSDKFZPSMC-LILDFLRNNA-N,-7.647
PTK2,m02,mut_s1,detail,1,75,JHSMZFWFBBVUDZ-UHFFFAOYNA-N,-7.572
PTK2,m02,mut_s1,detail,1,76,VMNYXYDPHKHXOJ-HCKMINDGNA-N,-7.077
PTK2,m02,mut_s1,detail,1,77,GYGFWUNSKKZJNC-UHFFFAOYNA-N,-7.699
PTK2,m02,mut_s1,detail,1,78,DNIJCXVBKOHALG-IDQLRGLVNA-N,-7.615
PTK2,m02,mut_s1,detail,1,79,GBGJFVRPQGILNH-JLGFQASFNA-N,-6.985
PTK2,m02,mut_s1,detail,1,80,OGYLVZMARUPAHP-BDGWVKIONA-N,-7.08
PTK2,m02,mut_s1,detail,1,81,CGNRLGKHPYEVRU-UYBDAZJANA-N,-8.245
PTK2,m02,mut_s1,detail,1,82,QDBCQJCQGPPNHU-UHFFFAOYNA-N,-8.222
PTK2,m02,mut_s1,detail,1,83,NDDXLFAARQEPKC-UHFFFAOYNA-N,-7.744
PTK2,m02,mut_s1,detail,1,84,XHMFDOIXIIEIIC-UHFFFAOYNA-N,-7.003
PTK2,m02,mut_s1,detail,1,85,AGLMSXHTTUWGMJ-PKSOQXRJNA-N,-7.623
PTK2,m02,mut_s1,detail,1,86,ZXPAKNNNSOJNPO-UHFFFAOYNA-N,-6.866
PTK2,m02,mut_s1,detail,1,87,IHQNHWIJVRBCJV-UHFFFAOYNA-N,-8.876
PTK2,m02,mut_s1,detail,1,88,RMKFZACOOVWLAE-GGEHTAOSNA-N,-8.654
PTK2,m02,mut_s1,detail,1,89,DYSOMJVQHUQQEB-UHFFFAOYNA-N,-8.532
PTK2,m02,mut_s1,detail,1,90,NOCFDFQYZHBTNN-UHFFFAOYNA-N,-7.408
PTK2,m02,mut_s1,detail,1,91,SPVWQKGFZYAZQL-UHFFFAOYNA-N,-8.049
PTK2,m02,mut_s1,detail,1,92,DMXNRKKYFNEWPP-DMNNQDHHNA-N,-8.461
PTK2,m02,mut_s1,detail,1,93,RCJPJXXLZLDCKI-PKSOQXRJNA-N,-7.114
PTK2,m02,mut_s1,detail,1,94,KGTHCGXLPNILHR-UHFFFAOYNA-N,-8.624
PTK2,m02,mut_s1,detail,1,95,NWWYETOECIPWOT-CYHZHTKENA-N,-7.497
PTK2,m02,mut_s1,detail,1,96,NTSJGFMDUAVRPY-UHFFFAOYNA-N,-7.722
PTK2,m02,mut_s1,detail,1,97,SBVPMOUWJBOMKA-JTVQLVGJNA-O,-7.109
PTK2,m02,mut_s1,detail,1,98,LDNHSKULSWUSNY-UHFFFAOYNA-N,-8.93
PTK2,m02,mut_s1,detail,1,99,ASAZLTYOWNNDLD-UHFFFAOYNA-N,-7.198
PTK2,m02,mut_s1,detail,1,100,XRTRVAKJWCIIMD-UHFFFAOYNA-N,-7.192
PTK2,m02,mut_s1,detail,1,101,ZLTWUZJNYQVQEJ-UYBDAZJANA-N,-7.655
PTK2,m02,mut_s1,detail,1,102,DEYFWGXTPWNADC-UHFFFAOYNA-N,-7.407
PTK2,m02,mut_s1,detail,1,103,RHQFMXUIKVEHFK-MPIMZMORNA-N,-7.956
PTK2,m02,mut_s1,detail,1,104,DRDGAKFCORUZED-LILDFLRNNA-N,-7.456
PTK2,m02,mut_s1,detail,1,105,LQZNOWQYGFIKRM-HVXXBKQBNA-N,-6.883
PTK2,m02,mut_s1,detail,1,106,QJNYENHUMXSMRP-UHFFFAOYNA-N,-7.968
PTK2,m02,mut_s1,detail,1,107,LQILAXPPHLDIFO-NPVYFSBINA-N,-7.186
PTK2,m02,mut_s1,detail,1,108,KACOTQQTSDQWNO-UHFFFAOYNA-N,-8.363
PTK2,m02,mut_s1,detail,1,109,QLEMXKCIAQLFMM-UHFFFAOYNA-N,-7.785
PTK2,m02,mut_s1,detail,1,110,BHLVHZWLMVLRIX-LILDFLRNNA-N,-7.071
PTK2,m02,mut_s1,detail,1,111,IJNMKCHEXHHJKS-GPQMBLKYNA-N,-6.526
PTK2,m02,mut_s1,detail,1,112,LIBKCWSTNJMFGU-BDGWVKIONA-N,-8.291
PTK2,m02,mut_s1,detail,1,113,AJJBBFYAASSTLA-XOFPBXMJNA-N,-7.704
PTK2,m02,mut_s1,detail,1,114,IAIOYYRVPMGOSB-PKSOQXRJNA-N,-9.354
PTK2,m02,mut_s1,detail,1,115,CFYPAIWQFFEAEL-UHFFFAOYNA-N,-8.14
PTK2,m02,mut_s1,detail,1,116,VYJSEMNZGPEKAE-QWOVJGMINA-N,-7.911
PTK2,m02,mut_s1,detail,1,117,GATJUUWXCJCVEK-GPQMBLKYNA-N,-7.056
PTK2,m02,mut_s1,detail,1,118,ISQNQSRGAXUFGW-UHFFFAOYNA-N,-7.008
PTK2,m02,mut_s1,detail,1,119,MCVMARUOYHWORW-UHFFFAOYNA-N,-7.883
PTK2,m02,mut_s1,detail,1,120,LQMFCWRONUNRTP-FWKJIXDGNA-N,-7.355
PTK2,m02,mut_s1,detail,1,121,HJWFQDWOWDPIBE-HPHMPNDVNA-N,-7.628
PTK2,m02,mut_s1,detail,1,122,OSJCPZAKZHSNDS-UHFFFAOYNA-N,-7.435
PTK2,m02,mut_s1,detail,1,123,OPLHOPJAFJJLPX-HNNXBMFYNA-N,-7.963
PTK2,m02,mut_s1,detail,1,124,DZQRHJBYIOEZHV-PKSOQXRJNA-N,-7.588
PTK2,m02,mut_s1,detail,1,125,ZCFXIPSPKDGCHW-HSJCKIQZNA-N,-6.803
PTK2,m02,mut_s1,detail,1,126,BVGKQXNISGPHHP-UYBDAZJANA-N,-8.192
PTK2,m02,mut_s1,detail,1,127,WWGWJOHBDMYLBT-PKSOQXRJNA-N,-6.198
PTK2,m02,mut_s1,detail,1,128,JGDGIOMUQREIHP-BATSNZJTNA-N,-6.854
PTK2,m02,mut_s1,detail,1,129,LJDDSNOWUABFAP-HPRFPMAVNA-N,-7.636
PTK2,m02,mut_s1,detail,1,130,MBDOYHYQUXBBFT-UHFFFAOYNA-N,-8.553
PTK2,m02,mut_s1,detail,1,131,AGJUEHKKCLPMSY-LQFNOIFHNA-N,-8.87
PTK2,m02,mut_s1,detail,1,132,UMCUVZSSUIPNCL-BEMXBZHGNA-N,-8.886
PTK2,m02,mut_s1,detail,1,133,NKZFBKUWUIWQEM-LNNLXFCONA-N,-7.579
PTK2,m02,mut_s1,detail,1,134,GQNKLNZBZDEAMD-VQHCSMNLNA-N,-9.247
PTK2,m02,mut_s1,detail,1,135,UZNJTHHFIAFJGO-LQFNOIFHNA-N,-7.499
PTK2,m02,mut_s1,detail,1,136,LAFAEGAOHGJFCB-UHFFFAOYNA-N,-7.098
PTK2,m02,mut_s1,detail,1,137,QVHZVCDVVJVJRX-LNNLXFCONA-N,-6.717
PTK2,m02,mut_s1,detail,1,138,MWRHMRJPYFQMSQ-LNNLXFCONA-N,-7.159
PTK2,m02,mut_s1,detail,1,139,GCAQZYOXIVYDMN-PKSOQXRJNA-N,-7.324
PTK2,m02,mut_s1,detail,1,140,YJGPQCADKRAQFX-ZSDIGFPLNA-N,-8.168
PTK2,m02,mut_s1,detail,1,141,UZYMAWCMCCVCOW-BUKGPZPNNA-N,-7.282
PTK2,m02,mut_s1,detail,1,142,ZWSLJIFYDPKRSQ-XBXBPLPCNA-N,-8.725
PTK2,m02,mut_s1,detail,1,143,IJNTWIFESBAWCT-QWOVJGMINA-N,-8.64
PTK2,m02,mut_s1,detail,1,144,CXIYFBKPJSQXDU-WDUJWNCGNA-N,-8.421
PTK2,m02,mut_s1,detail,1,145,HWJNHVLCTGREAL-MPIMZMORNA-N,-7.022
PTK2,m02,mut_s1,detail,1,146,LHOSZRWWPIJINL-OLZOCXBDNA-N,-8.598
PTK2,m02,mut_s1,detail,1,147,DTEYRIFHHIHDHU-UHFFFAOYNA-N,-7.38
PTK2,m02,mut_s1,detail,1,148,NJZCVKDKMNRXTG-UHFFFAOYNA-N,-7.48
PTK2,m02,mut_s1,detail,1,149,NACLGLYMVLABDU-LNNLXFCONA-N,-7.498
PTK2,m02,mut_s1,detail,1,150,IDINUJSAMVOPCM-CNZJLSFANA-N,-5.72
PTK2,m02,mut_s1,detail,1,151,PGBPNHAAMLZTQB-LQFNOIFHNA-N,-7.229
PTK2,m02,mut_s1,detail,1,152,BCTINLARZZWKRE-MPIMZMORNA-N,-6.759
PTK2,m02,mut_s1,detail,1,153,JURXDQRYEGNLBW-LQFNOIFHNA-N,-7.776
PTK2,m02,mut_s1,detail,1,154,FBPQELGZQDQSII-LELJVTLKNA-N,-8.301
PTK2,m02,mut_s1,detail,1,155,ADBHXWFSFPPXEX-BDGWVKIONA-N,-7.867
PTK2,m02,mut_s1,detail,1,156,YUGZHQHSNYIFLG-KYSDGFAFNA-N,-7.699
PTK2,m02,mut_s1,detail,1,157,ZNDSONVEXMWLSF-QWOVJGMINA-N,-7.699
PTK2,m02,mut_s1,detail,1,158,QWCQVNIBTYLOHK-ZGZFQTMPNA-N,-8.764
PTK2,m02,mut_s1,detail,1,159,BELUGELSHVLAOZ-UHFFFAOYNA-N,-8.699
PTK2,m02,mut_s1,detail,1,160,HILDYDZVQRXXOI-LQFNOIFHNA-N,-7.801
PTK2,m02,mut_s1,detail,1,161,PTIIXGUDALPUPA-QWOVJGMINA-N,-7.706
PTK2,m02,mut_s1,detail,1,162,YWGOPEGGEGNDLS-UHFFFAOYNA-N,-6.801
PTK2,m02,mut_s1,detail,1,163,HXTQSKXJHJDGCP-UHFFFAOYNA-N,-7.516
PTK2,m02,mut_s1,detail,1,164,QMJHGNGJQQDHLD-PWIKPTQSNA-N,-7.141
PTK2,m02,mut_s1,detail,1,165,QZJYCFURESLRJX-UHFFFAOYNA-N,-7.525
PTK2,m02,mut_s1,detail,1,166,PDXQTFKIABMOFL-PDJAEHLQNA-N,-7.696
PTK2,m02,mut_s1,detail,1,167,REJJFCJYMVTFDN-PKRZOPRNNA-N,-8.58
PTK2,m02,mut_s1,detail,1,168,XGCSEQRDRFMGIU-LQFNOIFHNA-N,-7.321
PTK2,m02,mut_s1,detail,1,169,JJGWOCRPVQWXQG-ADQRUKDLNA-N,-7.075
PTK2,m02,mut_s1,detail,1,170,GEOCCLDMHBSVOL-UCDLDMSTNA-N,-7.333
PTK2,m02,mut_s1,detail,1,171,SMRGDRXOPYCHTR-SWUIVHNENA-N,-8.388
PTK2,m02,mut_s1,detail,1,172,RVFKUHZRUWXOIN-UHFFFAOYNA-N,-7.787
PTK2,m02,mut_s1,detail,1,173,BCXKIFJJJGSVDX-DXAUXPAJNA-N,-8.021
PTK2,m02,mut_s1,detail,1,174,WMPTUJZAWOBWLG-CMJFTGLXNA-N,-6.806
PTK2,m02,mut_s1,detail,1,175,ADAXUYSMOAZWKV-XBTAAFKLNA-N,-8.908
PTK2,m02,mut_s1,detail,1,176,QYOZNVCKISSENR-MRXNPFEDNA-N,-7.973
PTK2,m02,mut_s1,detail,1,177,XPINCFKWHIFHMC-WXFUMESZNA-N,-8.347
PTK2,m02,mut_s1,detail,1,178,ZGSQEILYEFGFIF-UHFFFAOYNA-N,-9.098
PTK2,m02,mut_s1,detail,1,179,CKRUVOWUUADMOW-LNNLXFCONA-N,-8.888
PTK2,m02,mut_s1,detail,1,180,QGZIKUYIROAFSE-QWOVJGMINA-N,-6.796
PTK2,m02,mut_s1,detail,1,181,KOFXCNSHSJISSQ-QWOVJGMINA-N,-8.241
PTK2,m02,mut_s1,detail,1,182,DCRJFLHNZRDYMM-UHFFFAOYNA-N,-8.851
PTK2,m02,mut_s1,detail,1,183,LIRCDOVJWUGTMW-IOQNOLELNA-N,-7.103
PTK2,m02,mut_s1,detail,1,184,FWYQXRWQFDPBIS-UHFFFAOYNA-N,-7.216
PTK2,m02,mut_s1,detail,1,185,LJRBIPYUCLSKJK-DVIAZDKANA-N,-7.688
PTK2,m02,mut_s1,detail,1,186,BSIVILSRVBLGQR-UHFFFAOYNA-N,-7.655
PTK2,m02,mut_s1,detail,1,187,DNDLSAMFYFNHBR-MPIMZMORNA-N,-7.248
PTK2,m02,mut_s1,detail,1,188,VFPJNRIWJIXUCK-UHFFFAOYNA-N,-7.808
PTK2,m02,mut_s1,detail,1,189,ZSYGHBADRJNZOU-UXUKNDFSNA-N,-7.475
PTK2,m02,mut_s1,detail,1,190,XQDLITNOVPCUMD-MPIMZMORNA-N,-8.082
PTK2,m02,mut_s1,detail,1,191,UCSBKUKETUKSSX-ZFJUVRDGNA-N,-7.499
PTK2,m02,mut_s1,detail,1,192,NZATZZGINMWOIA-QWOVJGMINA-N,-7.742
PTK2,m02,mut_s1,detail,1,193,PMGLUWPDZIVUOU-BKTFGIEZNA-N,-9.307
PTK2,m02,mut_s1,detail,1,194,QTYJLSSXENXPIA-XYULLFFJNA-N,-8.31
PTK2,m02,mut_s1,detail,1,195,ZDNRYSVLOMAJEZ-HZCBDIJENA-N,-7.566
PTK2,m02,mut_s1,detail,1,196,DPXQIUFPULXIFR-YETNDYBYNA-N,-8.198
PTK2,m02,mut_s1,detail,1,197,JEUQHZZAJFLFGO-MTTPVDACNA-N,-8.935
PTK2,m02,mut_s1,detail,1,198,ZWTFULMWPLLWNJ-UQMRZGFWNA-N,-8.658
PTK2,m02,mut_s1,detail,1,199,KDLLVDABAMKMLD-MJHPXVFFNA-N,-8.32
PTK2,m02,mut_s1,detail,1,200,CFYCLLUGGRSIQV-SPEPDGBUNA-N,-8.436
PTK2,m02,mut_s1,detail,1,201,CEZXHQCRLXZSBQ-IOZBVXGWNA-N,-6.813
PTK2,m02,mut_s1,detail,1,202,NOORAIXTPJNFDH-LAEBNAIWNA-N,-7.819
PTK2,m02,mut_s1,detail,1,203,VBFOTEWTMOETMO-PECIQRARNA-N,-8.089
PTK2,m02,mut_s1,detail,1,204,QLDHAZGAAUZOIP-LELJVTLKNA-N,-7.188
PTK2,m02,mut_s1,detail,1,205,ULIWBOHRWMGXPR-UHFFFAOYNA-N,-6.129
PTK2,m02,mut_s1,detail,1,206,CQRFGBFTRUHNJZ-LKHHGCNMNA-N,-6.947
PTK2,m02,mut_s1,detail,1,207,TVOUXLLNJXDHQR-MHZLTWQENA-N,-7.288
PTK2,m02,mut_s1,detail,1,208,MDSZUHOJNMNHJP-XBXBPLPCNA-N,-8.339
PTK2,m02,mut_s1,detail,1,209,GSKUSCWGMPZHKN-UHFFFAOYNA-N,-7.455
PTK2,m02,mut_s1,detail,1,210,LLUVDTDYDBDPFM-LBOYIXSDNA-N,-7.368
PTK2,m02,mut_s1,detail,1,211,CJPGWGLZKUWPFH-PWIKPTQSNA-N,-8.754
PTK2,m02,mut_s1,detail,1,212,MZLKAOWOIKALKR-LBOYIXSDNA-N,-8.344
PTK2,m02,mut_s1,detail,1,213,LYSAYZQUELVCGD-PJQSKVNONA-N,-6.649
PTK2,m02,mut_s1,detail,1,214,JBNMTQSSQCWSDW-NVENJYFMNA-N,-8.568
PTK2,m02,mut_s1,detail,1,215,CJAAXOOTFVSSKN-LKHHGCNMNA-N,-7.702
PTK2,m02,mut_s1,detail,1,216,WAVBTKPDIZFGSX-VJSLDGLSNA-N,-9.153
PTK2,m02,mut_s1,detail,1,217,FAYAHNACYAINBY-HRNBZBKQNA-N,-7.667
PTK2,m02,mut_s1,detail,1,218,ZHTJPKSSWTVTNA-PKRZOPRNNA-N,-8.37
PTK2,m02,mut_s1,detail,1,219,QRBHMNKXVMROIF-UHFFFAOYNA-N,-7.864
PTK2,m02,mut_s1,detail,1,220,BBDHNYKAQBEFTI-YSGSGMNWNA-N,-8.673
PTK2,m02,mut_s1,detail,1,221,PABHZRMPKXHYHB-MCITUVFDNA-N,-8.459
PTK2,m02,mut_s1,detail,1,222,BUEIPNNFYVCFLC-LELJVTLKNA-N,-7.561
PTK2,m02,mut_s1,detail,1,223,KKUNUMXHGLIOMX-WUSLAWIHNA-N,-8.804
PTK2,m02,mut_s1,detail,1,224,YGYOXSDMMNBVMH-PKRZOPRNNA-N,-7.678
PTK2,m02,mut_s1,detail,1,225,XRSGABXRLAWEDU-LQFNOIFHNA-N,-7.783
PTK2,m02,mut_s1,detail,1,226,AOTIBSKKXZHYRO-SPEPDGBUNA-N,-7.483
PTK2,m02,mut_s1,detail,1,227,RULOOZJTFYDVKV-LBOYIXSDNA-N,-6.604
PTK2,m02,mut_s1,detail,1,228,MFAMCZQOBFOTPV-LELJVTLKNA-N,-8.367
PTK2,m02,mut_s1,detail,1,229,RZBTZDHWOMTELG-UHFFFAOYNA-N,-7.966
PTK2,m02,mut_s1,detail,1,230,YBQSBCXVFMWVGY-UHFFFAOYNA-N,-9.479
PTK2,m02,mut_s1,detail,1,231,MFEDJQGOERVAHD-HXTKINSTNA-N,-8.202
PTK2,m02,mut_s1,detail,1,232,XGDJUMSXIASBOC-RGVBFFNGNA-N,-8.247
PTK2,m02,mut_s1,detail,1,233,INZVCQWDAXDGMY-UHFFFAOYNA-N,-9.448
PTK2,m02,mut_s1,detail,1,234,VSMNBGANRJLEFT-PECIQRARNA-N,-9.104
PTK2,m02,mut_s1,detail,1,235,VQPURKBPWWQWLN-MRPQGQGYNA-N,-6.765
PTK2,m02,mut_s1,detail,1,236,ITBJAHYMMJZDJN-ZCKBFCLLNA-N,-8.559
PTK2,m02,mut_s1,detail,1,237,GZXBKKWNTBGEDG-PLJOYGPPNA-N,-7.836
PTK2,m02,mut_s1,detail,1,238,GJSOSYVBARIGQO-XBBDFPCNNA-N,-8.648
PTK2,m02,mut_s1,detail,1,239,YWVDGPKULXWYMH-LELJVTLKNA-N,-6.949
PTK2,m02,mut_s1,detail,1,240,DTDCDTSLQAMFQK-PDIVMOMKNA-N,-8.144
PTK2,m02,mut_s1,detail,1,241,ZORDGSDKVXISJV-PKRZOPRNNA-N,-7.363
PTK2,m02,mut_s1,detail,1,242,GTWOAPKUQRYITB-UHFFFAOYNA-N,-7.964
PTK2,m02,mut_s1,detail,1,243,JPUJBYBHHWKSTD-LNNLXFCONA-N,-8.542
PTK2,m02,mut_s1,detail,1,244,PQVHRPXGPBDRRS-LBOYIXSDNA-N,-10.468
PTK2,m02,mut_s1,detail,1,245,JHPUSZOXXQWTST-OKPOJWAQNA-N,-6.663
PTK2,m02,mut_s1,detail,1,246,OWGZIGCUDXOZOS-OWVQZIOCNA-N,-8.499
PTK2,m02,mut_s1,detail,1,247,JUXPFZBFGMXKKR-JFRSHOPRNA-N,-6.328
PTK2,m02,mut_s1,detail,1,248,BWFZLXWRZDSPHK-DYDYTOMVNA-N,-9.788
PTK2,m02,mut_s1,detail,1,249,YQSOGHJBHORMOX-SPEPDGBUNA-N,-8.226
PTK2,m02,mut_s1,detail,1,250,ROFAQOFULLWONA-BBANKYPNNA-N,-7.935
PTK2,m02,mut_s1,detail,1,251,IHGDBIIOKIOQQL-OKPOJWAQNA-N,-8.035
PTK2,m02,mut_s1,detail,1,252,FAYBFUQTMGBOTD-UHFFFAOYNA-N,-8.217
PTK2,m02,mut_s1,detail,1,253,FOYYZIJHMVRFNR-IQICYJEPNA-N,-8.051
PTK2,m02,mut_s1,detail,1,254,MZNKKEVLKPDMRG-ZTQHEBCPNA-N,-8.304
PTK2,m02,mut_s1,detail,1,255,XKUVGAVISPKRJG-IBPUNKHUNA-N,-7.63
PTK2,m03,mut_s1,detail,1,0,IOEYSHPYQPFVLW-WZZIRTBGNA-N,-8.004
PTK2,m03,mut_s1,detail,1,1,KISKAILIUKCVIP-UHFFFAOYNA-N,-6.134
PTK2,m03,mut_s1,detail,1,2,YKFIUFSOZVLGEF-LILDFLRNNA-N,-7.146
PTK2,m03,mut_s1,detail,1,3,TYTJEFRFKUJPEU-UHFFFAOYNA-N,-7.339
PTK2,m03,mut_s1,detail,1,4,TYXDAJJVWKUJGI-CDZRGBSPNA-N,-6.964
PTK2,m03,mut_s1,detail,1,5,IYDIVTPTFGMDBE-UHFFFAOYNA-N,-7.534
PTK2,m03,mut_s1,detail,1,6,LVPPIRFSXIVDCQ-VQHVLOKHNA-N,-6.819
PTK2,m03,mut_s1,detail,1,7,KFWWSDHUPLWRKI-UHFFFAOYNA-N,-8.879
PTK2,m03,mut_s1,detail,1,8,BJHGDBMVHPNALY-YHMJCDSINA-N,-7.143
PTK2,m03,mut_s1,detail,1,9,ODZBBRURCPAEIQ-OASTWBFDNA-N,-6.652
PTK2,m03,mut_s1,detail,1,10,DNYBCGCBUCDEBB-GPQMBLKYNA-N,-7.211
PTK2,m03,mut_s1,detail,1,11,ODTXBYCYUFDWFS-BQYQJAHWNA-N,-6.994
PTK2,m03,mut_s1,detail,1,12,MLMSWRFVLJZNRV-NPVYFSBINA-N,-6.905
PTK2,m03,mut_s1,detail,1,13,YFQNZICTOUKIHD-UHFFFAOYNA-N,-7.789
PTK2,m03,mut_s1,detail,1,14,YWSKAQWSPONVPP-YHMJCDSINA-N,-6.572
PTK2,m03,mut_s1,detail,1,15,FUJBJSOIYVUFSM-DLGLGFIGNA-N,-6.804
PTK2,m03,mut_s1,detail,1,16,CZCAYAUDGHEBQB-UHFFFAOYNA-N,-5.691
PTK2,m03,mut_s1,detail,1,17,LQDMSIRJQBCAGP-UHFFFAOYNA-N,-5.74
PTK2,m03,mut_s1,detail,1,18,DPYXTTMTEAYPOR-UHFFFAOYNA-N,-6.216
PTK2,m03,mut_s1,detail,1,19,ASFLQPSNVCRBOH-UHFFFAOYNA-N,-7.419
PTK2,m03,mut_s1,detail,1,20,KZYALRXGZUUWDD-GTTYORLTNA-N,-6.056
PTK2,m03,mut_s1,detail,1,21,NUTSQHHREHYTAX-PKSOQXRJNA-N,-7.741
PTK2,m03,mut_s1,detail,1,22,GUDLXTFNNCOYNM-UHFFFAOYNA-N,-5.632
PTK2,m03,mut_s1,detail,1,23,BQUGPEQAOGLWFX-HVXXBKQBNA-N,-6.642
PTK2,m03,mut_s1,detail,1,24,XPVZKRRTCHLFRZ-GPQMBLKYNA-N,-7.657
PTK2,m03,mut_s1,detail,1,25,WLKKJQVIXAMEEF-GPQMBLKYNA-N,-6.976
PTK2,m03,mut_s1,detail,1,26,IJOUNEKMVDGTBS-UHFFFAOYNA-N,-7.618
PTK2,m03,mut_s1,detail,1,27,ZIVNUWICSJWDPM-UHFFFAOYNA-N,-7.213
PTK2,m03,mut_s1,detail,1,28,QCHKAZVPUNGJKS-JLOFHYGUNA-N,-7.134
PTK2,m03,mut_s1,detail,1,29,OBZIQQJJIKNWNO-UHFFFAOYNA-N,-5.372
PTK2,m03,mut_s1,detail,1,30,SKYBQLOFXJZRTN-UHFFFAOYNA-N,-6.162
PTK2,m03,mut_s1,detail,1,31,MCFVPJFLLJZVMJ-CMLSCEPHNA-N,-7.236
PTK2,m03,mut_s1,detail,1,32,GBSDYRSNVCORPF-JJEHQABKNA-N,-7.625
PTK2,m03,mut_s1,detail,1,33,OFMKKSBAKSDTKO-UHFFFAOYNA-N,-6.828
PTK2,m03,mut_s1,detail,1,34,CJBYLTVVRIPQAN-HOCLYGCPNA-N,-7.367
PTK2,m03,mut_s1,detail,1,35,HDYUIMHCGQNIMV-LILDFLRNNA-N,-8.575
PTK2,m03,mut_s1,detail,1,36,ICJZSDARRFSAJS-ZRHHXPTGNA-N,-6.767
PTK2,m03,mut_s1,detail,1,37,AIPXFBGCADYFMV-VEWCPZSHNA-N,-7.189
PTK2,m03,mut_s1,detail,1,38,GPCWYPVIFBLEET-UHFFFAOYNA-N,-6.898
PTK2,m03,mut_s1,detail,1,39,QWIUSZJTTPRTFQ-UHFFFAOYNA-N,-7.876
PTK2,m03,mut_s1,detail,1,40,MAPKZZFZZACUDG-UHFFFAOYNA-N,-6.229
PTK2,m03,mut_s1,detail,1,41,CESCXFZYHYMYGN-SPRAGNMINA-N,-6.751
PTK2,m03,mut_s1,detail,1,42,BNCSDXOYJVYYGP-UHFFFAOYNA-N,-7.274
PTK2,m03,mut_s1,detail,1,43,ZGPKQJAKEQZFLZ-UHFFFAOYNA-N,-6.945
PTK2,m03,mut_s1,detail,1,44,OHPBVIYSDIHFKK-LUXCBXFANA-N,-6.936
PTK2,m03,mut_s1,detail,1,45,BYYMILHAKOURNM-YHMJCDSINA-N,-5.597
PTK2,m03,mut_s1,detail,1,46,YTWHBYPYZLSPLQ-UHFFFAOYNA-N,-7.304
PTK2,m03,mut_s1,detail,1,47,MMXGXIVVWSANMS-ZYCJFAKPNA-N,-7.61
PTK2,m03,mut_s1,detail,1,48,RTBVWPVXLVPYGF-UHFFFAOYNA-N,-7.991
PTK2,m03,mut_s1,detail,1,49,NLENUXQYGCDSNE-YSFRZULJNA-N,-7.424
PTK2,m03,mut_s1,detail,1,50,OXAJWSLXTCIFFP-WXRBYKJCNA-N,-5.916
PTK2,m03,mut_s1,detail,1,51,GJDNHSKMTWUSHC-WYUMXYHSNA-N,-6.417
PTK2,m03,mut_s1,detail,1,52,OSBGPHZLIBZPGJ-NLMIROKBNA-N,-7.335
PTK2,m03,mut_s1,detail,1,53,AISUMVRDEXUUBA-YGPBECBDNA-N,-8.067
PTK2,m03,mut_s1,detail,1,54,KLWXBHSHSIBXJA-WYUMXYHSNA-N,-7.479
PTK2,m03,mut_s1,detail,1,55,MWMWFASTTPZIJX-LUXCBXFANA-N,-6.017
PTK2,m03,mut_s1,detail,1,56,RJTAILIIHYBAPJ-UHFFFAOYNA-N,-5.087
PTK2,m03,mut_s1,detail,1,57,VFAQKHZBOKAOSQ-UKTHLTGXNA-N,-7.437
PTK2,m03,mut_s1,detail,1,58,YLUKCEIRYXNIJA-HCKMINDGNA-N,-7.553
PTK2,m03,mut_s1,detail,1,59,ICKPGBPIOPGQTC-ZLGIYAABNA-N,-7.155
PTK2,m03,mut_s1,detail,1,60,LTYXRKCXVDROIY-RVQYIEHVNA-N,-6.845
PTK2,m03,mut_s1,detail,1,61,QWHFPWNHELQSDQ-DZQCGVKKNA-N,-7.529
PTK2,m03,mut_s1,detail,1,62,MVTATEZHUZEZCK-UYBDAZJANA-N,-6.982
PTK2,m03,mut_s1,detail,1,63,GDRUXNLFXUVALW-YHMJCDSINA-N,-6.266
PTK2,m03,mut_s1,detail,1,64,IXWJKTRPHYKVFW-XFDRBGHPNA-N,-7.736
PTK2,m03,mut_s1,detail,1,65,RGHANNJVNFHOMO-PKSOQXRJNA-N,-7.359
PTK2,m03,mut_s1,detail,1,66,VWKMEDUACYWLSV-UYBDAZJANA-N,-7.454
PTK2,m03,mut_s1,detail,1,67,IUKOSEPLJGRTJW-QWOVJGMINA-N,-7.591
PTK2,m03,mut_s1,detail,1,68,FVNOYPBUEJMUJE-UYBDAZJANA-N,-7.526
PTK2,m03,mut_s1,detail,1,69,PHEJGIHBLBFCLD-WAVQYLLINA-N,-8.14
PTK2,m03,mut_s1,detail,1,70,YAPUUUKLOXTMRU-HCKMINDGNA-N,-6.047
PTK2,m03,mut_s1,detail,1,71,NTYXBURNBUVSBD-QWOVJGMINA-N,-7.552
PTK2,m03,mut_s1,detail,1,72,MELKZDAJKCQHEJ-UHFFFAOYNA-N,-6.763
PTK2,m03,mut_s1,detail,1,73,PTOCRBNMWIXUJH-YHMJCDSINA-N,-7.165
PTK2,m03,mut_s1,detail,1,74,POLODSDKFZPSMC-LILDFLRNNA-N,-7.491
PTK2,m03,mut_s1,detail,1,75,JHSMZFWFBBVUDZ-UHFFFAOYNA-N,-7.633
PTK2,m03,mut_s1,detail,1,76,VMNYXYDPHKHXOJ-HCKMINDGNA-N,-6.704
PTK2,m03,mut_s1,detail,1,77,GYGFWUNSKKZJNC-UHFFFAOYNA-N,-7.68
PTK2,m03,mut_s1,detail,1,78,DNIJCXVBKOHALG-IDQLRGLVNA-N,-7.629
PTK2,m03,mut_s1,detail,1,79,GBGJFVRPQGILNH-JLGFQASFNA-N,-7.215
PTK2,m03,mut_s1,detail,1,80,OGYLVZMARUPAHP-BDGWVKIONA-N,-7.38
PTK2,m03,mut_s1,detail,1,81,CGNRLGKHPYEVRU-UYBDAZJANA-N,-8.328
PTK2,m03,mut_s1,detail,1,82,QDBCQJCQGPPNHU-UHFFFAOYNA-N,-8.211
PTK2,m03,mut_s1,detail,1,83,NDDXLFAARQEPKC-UHFFFAOYNA-N,-7.856
PTK2,m03,mut_s1,detail,1,84,XHMFDOIXIIEIIC-UHFFFAOYNA-N,-6.714
PTK2,m03,mut_s1,detail,1,85,AGLMSXHTTUWGMJ-PKSOQXRJNA-N,-7.596
PTK2,m03,mut_s1,detail,1,86,ZXPAKNNNSOJNPO-UHFFFAOYNA-N,-6.848
PTK2,m03,mut_s1,detail,1,87,IHQNHWIJVRBCJV-UHFFFAOYNA-N,-8.968
PTK2,m03,mut_s1,detail,1,88,RMKFZACOOVWLAE-GGEHTAOSNA-N,-8.613
PTK2,m03,mut_s1,detail,1,89,DYSOMJVQHUQQEB-UHFFFAOYNA-N,-8.617
PTK2,m03,mut_s1,detail,1,90,NOCFDFQYZHBTNN-UHFFFAOYNA-N,-7.584
PTK2,m03,mut_s1,detail,1,91,SPVWQKGFZYAZQL-UHFFFAOYNA-N,-8.093
PTK2,m03,mut_s1,detail,1,92,DMXNRKKYFNEWPP-DMNNQDHHNA-N,-7.832
PTK2,m03,mut_s1,detail,1,93,RCJPJXXLZLDCKI-PKSOQXRJNA-N,-7.079
PTK2,m03,mut_s1,detail,1,94,KGTHCGXLPNILHR-UHFFFAOYNA-N,-8.523
PTK2,m03,mut_s1,detail,1,95,NWWYETOECIPWOT-CYHZHTKENA-N,-7.517
PTK2,m03,mut_s1,detail,1,96,NTSJGFMDUAVRPY-UHFFFAOYNA-N,-8.008
PTK2,m03,mut_s1,detail,1,97,SBVPMOUWJBOMKA-JTVQLVGJNA-O,-7.335
PTK2,m03,mut_s1,detail,1,98,LDNHSKULSWUSNY-UHFFFAOYNA-N,-8.883
PTK2,m03,mut_s1,detail,1,99,ASAZLTYOWNNDLD-UHFFFAOYNA-N,-6.946
PTK2,m03,mut_s1,detail,1,100,XRTRVAKJWCIIMD-UHFFFAOYNA-N,-7.252
PTK2,m03,mut_s1,detail,1,101,ZLTWUZJNYQVQEJ-UYBDAZJANA-N,-7.862
PTK2,m03,mut_s1,detail,1,102,DEYFWGXTPWNADC-UHFFFAOYNA-N,-8.035
PTK2,m03,mut_s1,detail,1,103,RHQFMXUIKVEHFK-MPIMZMORNA-N,-7.59
PTK2,m03,mut_s1,detail,1,104,DRDGAKFCORUZED-LILDFLRNNA-N,-7.47
PTK2,m03,mut_s1,detail,1,105,LQZNOWQYGFIKRM-HVXXBKQBNA-N,-7.085
PTK2,m03,mut_s1,detail,1,106,QJNYENHUMXSMRP-UHFFFAOYNA-N,-8.044
PTK2,m03,mut_s1,detail,1,107,LQILAXPPHLDIFO-NPVYFSBINA-N,-7.237
PTK2,m03,mut_s1,detail,1,108,KACOTQQTSDQWNO-UHFFFAOYNA-N,-7.761
PTK2,m03,mut_s1,detail,1,109,QLEMXKCIAQLFMM-UHFFFAOYNA-N,-8.375
PTK2,m03,mut_s1,detail,1,110,BHLVHZWLMVLRIX-LILDFLRNNA-N,-6.433
PTK2,m03,mut_s1,detail,1,111,IJNMKCHEXHHJKS-GPQMBLKYNA-N,-6.671
PTK2,m03,mut_s1,detail,1,112,LIBKCWSTNJMFGU-BDGWVKIONA-N,-8.069
PTK2,m03,mut_s1,detail,1,113,AJJBBFYAASSTLA-XOFPBXMJNA-N,-7.795
PTK2,m03,mut_s1,detail,1,114,IAIOYYRVPMGOSB-PKSOQXRJNA-N,-9.473
PTK2,m03,mut_s1,detail,1,115,CFYPAIWQFFEAEL-UHFFFAOYNA-N,-8.001
PTK2,m03,mut_s1,detail,1,116,VYJSEMNZGPEKAE-QWOVJGMINA-N,-7.986
PTK2,m03,mut_s1,detail,1,117,GATJUUWXCJCVEK-GPQMBLKYNA-N,-7.044
PTK2,m03,mut_s1,detail,1,118,ISQNQSRGAXUFGW-UHFFFAOYNA-N,-6.821
PTK2,m03,mut_s1,detail,1,119,MCVMARUOYHWORW-UHFFFAOYNA-N,-7.864
PTK2,m03,mut_s1,detail,1,120,LQMFCWRONUNRTP-FWKJIXDGNA-N,-7.369
PTK2,m03,mut_s1,detail,1,121,HJWFQDWOWDPIBE-HPHMPNDVNA-N,-7.616
PTK2,m03,mut_s1,detail,1,122,OSJCPZAKZHSNDS-UHFFFAOYNA-N,-7.681
PTK2,m03,mut_s1,detail,1,123,OPLHOPJAFJJLPX-HNNXBMFYNA-N,-7.925
PTK2,m03,mut_s1,detail,1,124,DZQRHJBYIOEZHV-PKSOQXRJNA-N,-7.579
PTK2,m03,mut_s1,detail,1,125,ZCFXIPSPKDGCHW-HSJCKIQZNA-N,-6.778
PTK2,m03,mut_s1,detail,1,126,BVGKQXNISGPHHP-UYBDAZJANA-N,-8.336
PTK2,m03,mut_s1,detail,1,127,WWGWJOHBDMYLBT-PKSOQXRJNA-N,-6.393
PTK2,m03,mut_s1,detail,1,128,JGDGIOMUQREIHP-BATSNZJTNA-N,-6.734
PTK2,m03,mut_s1,detail,1,129,LJDDSNOWUABFAP-HPRFPMAVNA-N,-7.661
PTK2,m03,mut_s1,detail,1,130,MBDOYHYQUXBBFT-UHFFFAOYNA-N,-8.722
PTK2,m03,mut_s1,detail,1,131,AGJUEHKKCLPMSY-LQFNOIFHNA-N,-9.001
PTK2,m03,mut_s1,detail,1,132,UMCUVZSSUIPNCL-BEMXBZHGNA-N,-9.217
PTK2,m03,mut_s1,detail,1,133,NKZFBKUWUIWQEM-LNNLXFCONA-N,-7.563
PTK2,m03,mut_s1,detail,1,134,GQNKLNZBZDEAMD-VQHCSMNLNA-N,-9.134
PTK2,m03,mut_s1,detail,1,135,UZNJTHHFIAFJGO-LQFNOIFHNA-N,-7.354
PTK2,m03,mut_s1,detail,1,136,LAFAEGAOHGJFCB-UHFFFAOYNA-N,-7.189
PTK2,m03,mut_s1,detail,1,137,QVHZVCDVVJVJRX-LNNLXFCONA-N,-7.509
PTK2,m03,mut_s1,detail,1,138,MWRHMRJPYFQMSQ-LNNLXFCONA-N,-7.514
PTK2,m03,mut_s1,detail,1,139,GCAQZYOXIVYDMN-PKSOQXRJNA-N,-7.231
PTK2,m03,mut_s1,detail,1,140,YJGPQCADKRAQFX-ZSDIGFPLNA-N,-8.897
PTK2,m03,mut_s1,detail,1,141,UZYMAWCMCCVCOW-BUKGPZPNNA-N,-7.455
PTK2,m03,mut_s1,detail,1,142,ZWSLJIFYDPKRSQ-XBXBPLPCNA-N,-8.889
PTK2,m03,mut_s1,detail,1,143,IJNTWIFESBAWCT-QWOVJGMINA-N,-8.763
PTK2,m03,mut_s1,detail,1,144,CXIYFBKPJSQXDU-WDUJWNCGNA-N,-8.462
PTK2,m03,mut_s1,detail,1,145,HWJNHVLCTGREAL-MPIMZMORNA-N,-7.002
PTK2,m03,mut_s1,detail,1,146,LHOSZRWWPIJINL-OLZOCXBDNA-N,-8.491
PTK2,m03,mut_s1,detail,1,147,DTEYRIFHHIHDHU-UHFFFAOYNA-N,-7.251
PTK2,m03,mut_s1,detail,1,148,NJZCVKDKMNRXTG-UHFFFAOYNA-N,-7.871
PTK2,m03,mut_s1,detail,1,149,NACLGLYMVLABDU-LNNLXFCONA-N,-7.674
PTK2,m03,mut_s1,detail,1,150,IDINUJSAMVOPCM-CNZJLSFANA-N,-5.72
PTK2,m03,mut_s1,detail,1,151,PGBPNHAAMLZTQB-LQFNOIFHNA-N,-7.249
PTK2,m03,mut_s1,detail,1,152,BCTINLARZZWKRE-MPIMZMORNA-N,-6.913
PTK2,m03,mut_s1,detail,1,153,JURXDQRYEGNLBW-LQFNOIFHNA-N,-7.759
PTK2,m03,mut_s1,detail,1,154,FBPQELGZQDQSII-LELJVTLKNA-N,-8.588
PTK2,m03,mut_s1,detail,1,155,ADBHXWFSFPPXEX-BDGWVKIONA-N,-7.894
PTK2,m03,mut_s1,detail,1,156,YUGZHQHSNYIFLG-KYSDGFAFNA-N,-7.218
PTK2,m03,mut_s1,detail,1,157,ZNDSONVEXMWLSF-QWOVJGMINA-N,-8.615
PTK2,m03,mut_s1,detail,1,158,QWCQVNIBTYLOHK-ZGZFQTMPNA-N,-8.823
PTK2,m03,mut_s1,detail,1,159,BELUGELSHVLAOZ-UHFFFAOYNA-N,-8.171
PTK2,m03,mut_s1,detail,1,160,HILDYDZVQRXXOI-LQFNOIFHNA-N,-8.328
PTK2,m03,mut_s1,detail,1,161,PTIIXGUDALPUPA-QWOVJGMINA-N,-7.794
PTK2,m03,mut_s1,detail,1,162,YWGOPEGGEGNDLS-UHFFFAOYNA-N,-7.062
PTK2,m03,mut_s1,detail,1,163,HXTQSKXJHJDGCP-UHFFFAOYNA-N,-7.39
PTK2,m03,mut_s1,detail,1,164,QMJHGNGJQQDHLD-PWIKPTQSNA-N,-7.717
PTK2,m03,mut_s1,detail,1,165,QZJYCFURESLRJX-UHFFFAOYNA-N,-7.132
PTK2,m03,mut_s1,detail,1,166,PDXQTFKIABMOFL-PDJAEHLQNA-N,-8.068
PTK2,m03,mut_s1,detail,1,167,REJJFCJYMVTFDN-PKRZOPRNNA-N,-8.605
PTK2,m03,mut_s1,detail,1,168,XGCSEQRDRFMGIU-LQFNOIFHNA-N,-7.644
PTK2,m03,mut_s1,detail,1,169,JJGWOCRPVQWXQG-ADQRUKDLNA-N,-7.202
PTK2,m03,mut_s1,detail,1,170,GEOCCLDMHBSVOL-UCDLDMSTNA-N,-7.642
PTK2,m03,mut_s1,detail,1,171,SMRGDRXOPYCHTR-SWUIVHNENA-N,-8.728
PTK2,m03,mut_s1,detail,1,172,RVFKUHZRUWXOIN-UHFFFAOYNA-N,-7.678
PTK2,m03,mut_s1,detail,1,173,BCXKIFJJJGSVDX-DXAUXPAJNA-N,-8.466
PTK2,m03,mut_s1,detail,1,174,WMPTUJZAWOBWLG-CMJFTGLXNA-N,-6.832
PTK2,m03,mut_s1,detail,1,175,ADAXUYSMOAZWKV-XBTAAFKLNA-N,-8.968
PTK2,m03,mut_s1,detail,1,176,QYOZNVCKISSENR-MRXNPFEDNA-N,-7.953
PTK2,m03,mut_s1,detail,1,177,XPINCFKWHIFHMC-WXFUMESZNA-N,-8.296
PTK2,m03,mut_s1,detail,1,178,ZGSQEILYEFGFIF-UHFFFAOYNA-N,-8.887
PTK2,m03,mut_s1,detail,1,179,CKRUVOWUUADMOW-LNNLXFCONA-N,-8.898
PTK2,m03,mut_s1,detail,1,180,QGZIKUYIROAFSE-QWOVJGMINA-N,-6.851
PTK2,m03,mut_s1,detail,1,181,KOFXCNSHSJISSQ-QWOVJGMINA-N,-8.251
PTK2,m03,mut_s1,detail,1,182,DCRJFLHNZRDYMM-UHFFFAOYNA-N,-8.945
PTK2,m03,mut_s1,detail,1,183,LIRCDOVJWUGTMW-IOQNOLELNA-N,-6.345
PTK2,m03,mut_s1,detail,1,184,FWYQXRWQFDPBIS-UHFFFAOYNA-N,-6.73
PTK2,m03,mut_s1,detail,1,185,LJRBIPYUCLSKJK-DVIAZDKANA-N,-7.874
PTK2,m03,mut_s1,detail,1,186,BSIVILSRVBLGQR-UHFFFAOYNA-N,-7.584
PTK2,m03,mut_s1,detail,1,187,DNDLSAMFYFNHBR-MPIMZMORNA-N,-7.999
PTK2,m03,mut_s1,detail,1,188,VFPJNRIWJIXUCK-UHFFFAOYNA-N,-7.905
PTK2,m03,mut_s1,detail,1,189,ZSYGHBADRJNZOU-UXUKNDFSNA-N,-7.32
PTK2,m03,mut_s1,detail,1,190,XQDLITNOVPCUMD-MPIMZMORNA-N,-8.046
PTK2,m03,mut_s1,detail,1,191,UCSBKUKETUKSSX-ZFJUVRDGNA-N,-7.59
PTK2,m03,mut_s1,detail,1,192,NZATZZGINMWOIA-QWOVJGMINA-N,-7.47
PTK2,m03,mut_s1,detail,1,193,PMGLUWPDZIVUOU-BKTFGIEZNA-N,-9.369
PTK2,m03,mut_s1,detail,1,194,QTYJLSSXENXPIA-XYULLFFJNA-N,-7.978
PTK2,m03,mut_s1,detail,1,195,ZDNRYSVLOMAJEZ-HZCBDIJENA-N,-8.028
PTK2,m03,mut_s1,detail,1,196,DPXQIUFPULXIFR-YETNDYBYNA-N,-8.127
PTK2,m03,mut_s1,detail,1,197,JEUQHZZAJFLFGO-MTTPVDACNA-N,-8.836
PTK2,m03,mut_s1,detail,1,198,ZWTFULMWPLLWNJ-UQMRZGFWNA-N,-9.052
PTK2,m03,mut_s1,detail,1,199,KDLLVDABAMKMLD-MJHPXVFFNA-N,-8.303
PTK2,m03,mut_s1,detail,1,200,CFYCLLUGGRSIQV-SPEPDGBUNA-N,-8.237
PTK2,m03,mut_s1,detail,1,201,CEZXHQCRLXZSBQ-IOZBVXGWNA-N,-6.713
PTK2,m03,mut_s1,detail,1,202,NOORAIXTPJNFDH-LAEBNAIWNA-N,-8.131
PTK2,m03,mut_s1,detail,1,203,VBFOTEWTMOETMO-PECIQRARNA-N,-8.382
PTK2,m03,mut_s1,detail,1,204,QLDHAZGAAUZOIP-LELJVTLKNA-N,-6.945
PTK2,m03,mut_s1,detail,1,205,ULIWBOHRWMGXPR-UHFFFAOYNA-N,-5.584
PTK2,m03,mut_s1,detail,1,206,CQRFGBFTRUHNJZ-LKHHGCNMNA-N,-7.691
PTK2,m03,mut_s1,detail,1,207,TVOUXLLNJXDHQR-MHZLTWQENA-N,-7.387
PTK2,m03,mut_s1,detail,1,208,MDSZUHOJNMNHJP-XBXBPLPCNA-N,-8.283
PTK2,m03,mut_s1,detail,1,209,GSKUSCWGMPZHKN-UHFFFAOYNA-N,-7.693
PTK2,m03,mut_s1,detail,1,210,LLUVDTDYDBDPFM-LBOYIXSDNA-N,-8.051
PTK2,m03,mut_s1,detail,1,211,CJPGWGLZKUWPFH-PWIKPTQSNA-N,-8.732
PTK2,m03,mut_s1,detail,1,212,MZLKAOWOIKALKR-LBOYIXSDNA-N,-8.335
PTK2,m03,mut_s1,detail,1,213,LYSAYZQUELVCGD-PJQSKVNONA-N,-7.294
PTK2,m03,mut_s1,detail,1,214,JBNMTQSSQCWSDW-NVENJYFMNA-N,-8.512
PTK2,m03,mut_s1,detail,1,215,CJAAXOOTFVSSKN-LKHHGCNMNA-N,-7.631
PTK2,m03,mut_s1,detail,1,216,WAVBTKPDIZFGSX-VJSLDGLSNA-N,-9.212
PTK2,m03,mut_s1,detail,1,217,FAYAHNACYAINBY-HRNBZBKQNA-N,-7.796
PTK2,m03,mut_s1,detail,1,218,ZHTJPKSSWTVTNA-PKRZOPRNNA-N,-8.494
PTK2,m03,mut_s1,detail,1,219,QRBHMNKXVMROIF-UHFFFAOYNA-N,-7.88
PTK2,m03,mut_s1,detail,1,220,BBDHNYKAQBEFTI-YSGSGMNWNA-N,-8.189
PTK2,m03,mut_s1,detail,1,221,PABHZRMPKXHYHB-MCITUVFDNA-N,-7.833
PTK2,m03,mut_s1,detail,1,222,BUEIPNNFYVCFLC-LELJVTLKNA-N,-7.695
PTK2,m03,mut_s1,detail,1,223,KKUNUMXHGLIOMX-WUSLAWIHNA-N,-8.328
PTK2,m03,mut_s1,detail,1,224,YGYOXSDMMNBVMH-PKRZOPRNNA-N,-7.732
PTK2,m03,mut_s1,detail,1,225,XRSGABXRLAWEDU-LQFNOIFHNA-N,-7.809
PTK2,m03,mut_s1,detail,1,226,AOTIBSKKXZHYRO-SPEPDGBUNA-N,-6.419
PTK2,m03,mut_s1,detail,1,227,RULOOZJTFYDVKV-LBOYIXSDNA-N,-7.841
PTK2,m03,mut_s1,detail,1,228,MFAMCZQOBFOTPV-LELJVTLKNA-N,-8.481
PTK2,m03,mut_s1,detail,1,229,RZBTZDHWOMTELG-UHFFFAOYNA-N,-8.224
PTK2,m03,mut_s1,detail,1,230,YBQSBCXVFMWVGY-UHFFFAOYNA-N,-9.304
PTK2,m03,mut_s1,detail,1,231,MFEDJQGOERVAHD-HXTKINSTNA-N,-6.855
PTK2,m03,mut_s1,detail,1,232,XGDJUMSXIASBOC-RGVBFFNGNA-N,-8.216
PTK2,m03,mut_s1,detail,1,233,INZVCQWDAXDGMY-UHFFFAOYNA-N,-9.304
PTK2,m03,mut_s1,detail,1,234,VSMNBGANRJLEFT-PECIQRARNA-N,-9.064
PTK2,m03,mut_s1,detail,1,235,VQPURKBPWWQWLN-MRPQGQGYNA-N,-6.906
PTK2,m03,mut_s1,detail,1,236,ITBJAHYMMJZDJN-ZCKBFCLLNA-N,-8.987
PTK2,m03,mut_s1,detail,1,237,GZXBKKWNTBGEDG-PLJOYGPPNA-N,-8.101
PTK2,m03,mut_s1,detail,1,238,GJSOSYVBARIGQO-XBBDFPCNNA-N,-8.687
PTK2,m03,mut_s1,detail,1,239,YWVDGPKULXWYMH-LELJVTLKNA-N,-7.311
PTK2,m03,mut_s1,detail,1,240,DTDCDTSLQAMFQK-PDIVMOMKNA-N,-8.054
PTK2,m03,mut_s1,detail,1,241,ZORDGSDKVXISJV-PKRZOPRNNA-N,-7.734
PTK2,m03,mut_s1,detail,1,242,GTWOAPKUQRYITB-UHFFFAOYNA-N,-7.96
PTK2,m03,mut_s1,detail,1,243,JPUJBYBHHWKSTD-LNNLXFCONA-N,-8.607
PTK2,m03,mut_s1,detail,1,244,PQVHRPXGPBDRRS-LBOYIXSDNA-N,-10.602
PTK2,m03,mut_s1,detail,1,245,JHPUSZOXXQWTST-OKPOJWAQNA-N,-7.25
PTK2,m03,mut_s1,detail,1,246,OWGZIGCUDXOZOS-OWVQZIOCNA-N,-8.184
PTK2,m03,mut_s1,detail,1,247,JUXPFZBFGMXKKR-JFRSHOPRNA-N,-6.422
PTK2,m03,mut_s1,detail,1,248,BWFZLXWRZDSPHK-DYDYTOMVNA-N,-9.802
PTK2,m03,mut_s1,detail,1,249,YQSOGHJBHORMOX-SPEPDGBUNA-N,-8.302
PTK2,m03,mut_s1,detail,1,250,ROFAQOFULLWONA-BBANKYPNNA-N,-7.74
PTK2,m03,mut_s1,detail,1,251,IHGDBIIOKIOQQL-OKPOJWAQNA-N,-8.247
PTK2,m03,mut_s1,detail,1,252,FAYBFUQTMGBOTD-UHFFFAOYNA-N,-8.312
PTK2,m03,mut_s1,detail,1,253,FOYYZIJHMVRFNR-IQICYJEPNA-N,-8.038
PTK2,m03,mut_s1,detail,1,254,MZNKKEVLKPDMRG-ZTQHEBCPNA-N,-8.785
PTK2,m03,mut_s1,detail,1,255,XKUVGAVISPKRJG-IBPUNKHUNA-N,-7.3
PTK2,m04,mut_s1,detail,1,0,IOEYSHPYQPFVLW-WZZIRTBGNA-N,-8.475
PTK2,m04,mut_s1,detail,1,1,KISKAILIUKCVIP-UHFFFAOYNA-N,-5.933
PTK2,m04,mut_s1,detail,1,2,YKFIUFSOZVLGEF-LILDFLRNNA-N,-7.663
PTK2,m04,mut_s1,detail,1,3,TYTJEFRFKUJPEU-UHFFFAOYNA-N,-7.207
PTK2,m04,mut_s1,detail,1,4,TYXDAJJVWKUJGI-CDZRGBSPNA-N,-7.789
PTK2,m04,mut_s1,detail,1,5,IYDIVTPTFGMDBE-UHFFFAOYNA-N,-7.589
PTK2,m04,mut_s1,detail,1,6,LVPPIRFSXIVDCQ-VQHVLOKHNA-N,-6.668
PTK2,m04,mut_s1,detail,1,7,KFWWSDHUPLWRKI-UHFFFAOYNA-N,-8.491
PTK2,m04,mut_s1,detail,1,8,BJHGDBMVHPNALY-YHMJCDSINA-N,-7.678
PTK2,m04,mut_s1,detail,1,9,ODZBBRURCPAEIQ-OASTWBFDNA-N,-6.525
PTK2,m04,mut_s1,detail,1,10,DNYBCGCBUCDEBB-GPQMBLKYNA-N,-7.186
PTK2,m04,mut_s1,detail,1,11,ODTXBYCYUFDWFS-BQYQJAHWNA-N,-6.846
PTK2,m04,mut_s1,detail,1,12,MLMSWRFVLJZNRV-NPVYFSBINA-N,-7.166
PTK2,m04,mut_s1,detail,1,13,YFQNZICTOUKIHD-UHFFFAOYNA-N,-8.482
PTK2,m04,mut_s1,detail,1,14,YWSKAQWSPONVPP-YHMJCDSINA-N,-6.396
PTK2,m04,mut_s1,detail,1,15,FUJBJSOIYVUFSM-DLGLGFIGNA-N,-7.059
PTK2,m04,mut_s1,detail,1,16,CZCAYAUDGHEBQB-UHFFFAOYNA-N,-6.2
PTK2,m04,mut_s1,detail,1,17,LQDMSIRJQBCAGP-UHFFFAOYNA-N,-6.143
PTK2,m04,mut_s1,detail,1,18,DPYXTTMTEAYPOR-UHFFFAOYNA-N,-6.926
PTK2,m04,mut_s1,detail,1,19,ASFLQPSNVCRBOH-UHFFFAOYNA-N,-7.313
PTK2,m04,mut_s1,detail,1,20,KZYALRXGZUUWDD-GTTYORLTNA-N,-6.655
PTK2,m04,mut_s1,detail,1,21,NUTSQHHREHYTAX-PKSOQXRJNA-N,-8.326
PTK2,m04,mut_s1,detail,1,22,GUDLXTFNNCOYNM-UHFFFAOYNA-N,-6.365
PTK2,m04,mut_s1,detail,1,23,BQUGPEQAOGLWFX-HVXXBKQBNA-N,-6.587
PTK2,m04,mut_s1,detail,1,24,XPVZKRRTCHLFRZ-GPQMBLKYNA-N,-7.825
PTK2,m04,mut_s1,detail,1,25,WLKKJQVIXAMEEF-GPQMBLKYNA-N,-7.212
PTK2,m04,mut_s1,detail,1,26,IJOUNEKMVDGTBS-UHFFFAOYNA-N,-8.038
PTK2,m04,mut_s1,detail,1,27,ZIVNUWICSJWDPM-UHFFFAOYNA-N,-7.204
PTK2,m04,mut_s1,detail,1,28,QCHKAZVPUNGJKS-JLOFHYGUNA-N,-7.171
PTK2,m04,mut_s1,detail,1,29,OBZIQQJJIKNWNO-UHFFFAOYNA-N,-5.486
PTK2,m04,mut_s1,detail,1,30,SKYBQLOFXJZRTN-UHFFFAOYNA-N,-6.531
PTK2,m04,mut_s1,detail,1,31,MCFVPJFLLJZVMJ-CMLSCEPHNA-N,-7.01
PTK2,m04,mut_s1,detail,1,32,GBSDYRSNVCORPF-JJEHQABKNA-N,-7.743
PTK2,m04,mut_s1,detail,1,33,OFMKKSBAKSDTKO-UHFFFAOYNA-N,-7.001
PTK2,m04,mut_s1,detail,1,34,CJBYLTVVRIPQAN-HOCLYGCPNA-N,-7.494
PTK2,m04,mut_s1,detail,1,35,HDYUIMHCGQNIMV-LILDFLRNNA-N,-8.031
PTK2,m04,mut_s1,detail,1,36,ICJZSDARRFSAJS-ZRHHXPTGNA-N,-7.05
PTK2,m04,mut_s1,detail,1,37,AIPXFBGCADYFMV-VEWCPZSHNA-N,-7.257
PTK2,m04,mut_s1,detail,1,38,GPCWYPVIFBLEET-UHFFFAOYNA-N,-6.245
PTK2,m04,mut_s1,detail,1,39,QWIUSZJTTPRTFQ-UHFFFAOYNA-N,-8.015
PTK2,m04,mut_s1,detail,1,40,MAPKZZFZZACUDG-UHFFFAOYNA-N,-6.201
PTK2,m04,mut_s1,detail,1,41,CESCXFZYHYMYGN-SPRAGNMINA-N,-6.53
PTK2,m04,mut_s1,detail,1,42,BNCSDXOYJVYYGP-UHFFFAOYNA-N,-7.193
PTK2,m04,mut_s1,detail,1,43,ZGPKQJAKEQZFLZ-UHFFFAOYNA-N,-7.378
PTK2,m04,mut_s1,detail,1,44,OHPBVIYSDIHFKK-LUXCBXFANA-N,-7.362
PTK2,m04,mut_s1,detail,1,45,BYYMILHAKOURNM-YHMJCDSINA-N,-6.128
PTK2,m04,mut_s1,detail,1,46,YTWHBYPYZLSPLQ-UHFFFAOYNA-N,-7.538
PTK2,m04,mut_s1,detail,1,47,MMXGXIVVWSANMS-ZYCJFAKPNA-N,-7.255
PTK2,m04,mut_s1,detail,1,48,RTBVWPVXLVPYGF-UHFFFAOYNA-N,-7.533
PTK2,m04,mut_s1,detail,1,49,NLENUXQYGCDSNE-YSFRZULJNA-N,-7.879
PTK2,m04,mut_s1,detail,1,50,OXAJWSLXTCIFFP-WXRBYKJCNA-N,-5.773
PTK2,m04,mut_s1,detail,1,51,GJDNHSKMTWUSHC-WYUMXYHSNA-N,-6.533
PTK2,m04,mut_s1,detail,1,52,OSBGPHZLIBZPGJ-NLMIROKBNA-N,-7.489
PTK2,m04,mut_s1,detail,1,53,AISUMVRDEXUUBA-YGPBECBDNA-N,-8.334
PTK2,m04,mut_s1,detail,1,54,KLWXBHSHSIBXJA-WYUMXYHSNA-N,-7.344
PTK2,m04,mut_s1,detail,1,55,MWMWFASTTPZIJX-LUXCBXFANA-N,-6.589
PTK2,m04,mut_s1,detail,1,56,RJTAILIIHYBAPJ-UHFFFAOYNA-N,-5.338
PTK2,m04,mut_s1,detail,1,57,VFAQKHZBOKAOSQ-UKTHLTGXNA-N,-7.09
PTK2,m04,mut_s1,detail,1,58,YLUKCEIRYXNIJA-HCKMINDGNA-N,-7.915
PTK2,m04,mut_s1,detail,1,59,ICKPGBPIOPGQTC-ZLGIYAABNA-N,-7.447
PTK2,m04,mut_s1,detail,1,60,LTYXRKCXVDROIY-RVQYIEHVNA-N,-6.824
PTK2,m04,mut_s1,detail,1,61,QWHFPWNHELQSDQ-DZQCGVKKNA-N,-8.115
PTK2,m04,mut_s1,detail,1,62,MVTATEZHUZEZCK-UYBDAZJANA-N,-7.75
PTK2,m04,mut_s1,detail,1,63,GDRUXNLFXUVALW-YHMJCDSINA-N,-6.542
PTK2,m04,mut_s1,detail,1,64,IXWJKTRPHYKVFW-XFDRBGHPNA-N,-7.489
PTK2,m04,mut_s1,detail,1,65,RGHANNJVNFHOMO-PKSOQXRJNA-N,-8.722
PTK2,m04,mut_s1,detail,1,66,VWKMEDUACYWLSV-UYBDAZJANA-N,-7.837
PTK2,m04,mut_s1,detail,1,67,IUKOSEPLJGRTJW-QWOVJGMINA-N,-7.834
PTK2,m04,mut_s1,detail,1,68,FVNOYPBUEJMUJE-UYBDAZJANA-N,-8.842
PTK2,m04,mut_s1,detail,1,69,PHEJGIHBLBFCLD-WAVQYLLINA-N,-8.164
PTK2,m04,mut_s1,detail,1,70,YAPUUUKLOXTMRU-HCKMINDGNA-N,-7.092
PTK2,m04,mut_s1,detail,1,71,NTYXBURNBUVSBD-QWOVJGMINA-N,-8.099
PTK2,m04,mut_s1,detail,1,72,MELKZDAJKCQHEJ-UHFFFAOYNA-N,-7.384
PTK2,m04,mut_s1,detail,1,73,PTOCRBNMWIXUJH-YHMJCDSINA-N,-7.611
PTK2,m04,mut_s1,detail,1,74,POLODSDKFZPSMC-LILDFLRNNA-N,-7.722
PTK2,m04,mut_s1,detail,1,75,JHSMZFWFBBVUDZ-UHFFFAOYNA-N,-8.003
PTK2,m04,mut_s1,detail,1,76,VMNYXYDPHKHXOJ-HCKMINDGNA-N,-7.064
PTK2,m04,mut_s1,detail,1,77,GYGFWUNSKKZJNC-UHFFFAOYNA-N,-7.689
PTK2,m04,mut_s1,detail,1,78,DNIJCXVBKOHALG-IDQLRGLVNA-N,-7.555
PTK2,m04,mut_s1,detail,1,79,GBGJFVRPQGILNH-JLGFQASFNA-N,-6.765
PTK2,m04,mut_s1,detail,1,80,OGYLVZMARUPAHP-BDGWVKIONA-N,-7.783
PTK2,m04,mut_s1,detail,1,81,CGNRLGKHPYEVRU-UYBDAZJANA-N,-9.007
PTK2,m04,mut_s1,detail,1,82,QDBCQJCQGPPNHU-UHFFFAOYNA-N,-7.932
PTK2,m04,mut_s1,detail,1,83,NDDXLFAARQEPKC-UHFFFAOYNA-N,-8.627
PTK2,m04,mut_s1,detail,1,84,XHMFDOIXIIEIIC-UHFFFAOYNA-N,-7.174
PTK2,m04,mut_s1,detail,1,85,AGLMSXHTTUWGMJ-PKSOQXRJNA-N,-8.2
PTK2,m04,mut_s1,detail,1,86,ZXPAKNNNSOJNPO-UHFFFAOYNA-N,-7.193
PTK2,m04,mut_s1,detail,1,87,IHQNHWIJVRBCJV-UHFFFAOYNA-N,-8.634
PTK2,m04,mut_s1,detail,1,88,RMKFZACOOVWLAE-GGEHTAOSNA-N,-8.598
PTK2,m04,mut_s1,detail,1,89,DYSOMJVQHUQQEB-UHFFFAOYNA-N,-9.034
PTK2,m04,mut_s1,detail,1,90,NOCFDFQYZHBTNN-UHFFFAOYNA-N,-6.131
PTK2,m04,mut_s1,detail,1,91,SPVWQKGFZYAZQL-UHFFFAOYNA-N,-8.234
PTK2,m04,mut_s1,detail,1,92,DMXNRKKYFNEWPP-DMNNQDHHNA-N,-8.804
PTK2,m04,mut_s1,detail,1,93,RCJPJXXLZLDCKI-PKSOQXRJNA-N,-7.193
PTK2,m04,mut_s1,detail,1,94,KGTHCGXLPNILHR-UHFFFAOYNA-N,-7.896
PTK2,m04,mut_s1,detail,1,95,NWWYETOECIPWOT-CYHZHTKENA-N,-8.257
PTK2,m04,mut_s1,detail,1,96,NTSJGFMDUAVRPY-UHFFFAOYNA-N,-8.034
PTK2,m04,mut_s1,detail,1,97,SBVPMOUWJBOMKA-JTVQLVGJNA-O,-7.379
PTK2,m04,mut_s1,detail,1,98,LDNHSKULSWUSNY-UHFFFAOYNA-N,-8.534
PTK2,m04,mut_s1,detail,1,99,ASAZLTYOWNNDLD-UHFFFAOYNA-N,-7.402
PTK2,m04,mut_s1,detail,1,100,XRTRVAKJWCIIMD-UHFFFAOYNA-N,-7.115
PTK2,m04,mut_s1,detail,1,101,ZLTWUZJNYQVQEJ-UYBDAZJANA-N,-8.623
PTK2,m04,mut_s1,detail,1,102,DEYFWGXTPWNADC-UHFFFAOYNA-N,-7.844
PTK2,m04,mut_s1,detail,1,103,RHQFMXUIKVEHFK-MPIMZMORNA-N,-7.611
PTK2,m04,mut_s1,detail,1,104,DRDGAKFCORUZED-LILDFLRNNA-N,-7.227
PTK2,m04,mut_s1,detail,1,105,LQZNOWQYGFIKRM-HVXXBKQBNA-N,-7.413
PTK2,m04,mut_s1,detail,1,106,QJNYENHUMXSMRP-UHFFFAOYNA-N,-7.881
PTK2,m04,mut_s1,detail,1,107,LQILAXPPHLDIFO-NPVYFSBINA-N,-7.058
PTK2,m04,mut_s1,detail,1,108,KACOTQQTSDQWNO-UHFFFAOYNA-N,-8.105
PTK2,m04,mut_s1,detail,1,109,QLEMXKCIAQLFMM-UHFFFAOYNA-N,-7.783
PTK2,m04,mut_s1,detail,1,110,BHLVHZWLMVLRIX-LILDFLRNNA-N,-6.815
PTK2,m04,mut_s1,detail,1,111,IJNMKCHEXHHJKS-GPQMBLKYNA-N,-6.925
PTK2,m04,mut_s1,detail,1,112,LIBKCWSTNJMFGU-BDGWVKIONA-N,-7.762
PTK2,m04,mut_s1,detail,1,113,AJJBBFYAASSTLA-XOFPBXMJNA-N,-7.295
PTK2,m04,mut_s1,detail,1,114,IAIOYYRVPMGOSB-PKSOQXRJNA-N,-8.655
PTK2,m04,mut_s1,detail,1,115,CFYPAIWQFFEAEL-UHFFFAOYNA-N,-7.915
PTK2,m04,mut_s1,detail,1,116,VYJSEMNZGPEKAE-QWOVJGMINA-N,-9.141
PTK2,m04,mut_s1,detail,1,117,GATJUUWXCJCVEK-GPQMBLKYNA-N,-7.854
PTK2,m04,mut_s1,detail,1,118,ISQNQSRGAXUFGW-UHFFFAOYNA-N,-6.843
PTK2,m04,mut_s1,detail,1,119,MCVMARUOYHWORW-UHFFFAOYNA-N,-8.448
PTK2,m04,mut_s1,detail,1,120,LQMFCWRONUNRTP-FWKJIXDGNA-N,-7.799
PTK2,m04,mut_s1,detail,1,121,HJWFQDWOWDPIBE-HPHMPNDVNA-N,-8.072
PTK2,m04,mut_s1,detail,1,122,OSJCPZAKZHSNDS-UHFFFAOYNA-N,-7.895
PTK2,m04,mut_s1,detail,1,123,OPLHOPJAFJJLPX-HNNXBMFYNA-N,-8.327
PTK2,m04,mut_s1,detail,1,124,DZQRHJBYIOEZHV-PKSOQXRJNA-N,-7.736
PTK2,m04,mut_s1,detail,1,125,ZCFXIPSPKDGCHW-HSJCKIQZNA-N,-7.264
PTK2,m04,mut_s1,detail,1,126,BVGKQXNISGPHHP-UYBDAZJANA-N,-7.789
PTK2,m04,mut_s1,detail,1,127,WWGWJOHBDMYLBT-PKSOQXRJNA-N,-6.337
PTK2,m04,mut_s1,detail,1,128,JGDGIOMUQREIHP-BATSNZJTNA-N,-6.708
PTK2,m04,mut_s1,detail,1,129,LJDDSNOWUABFAP-HPRFPMAVNA-N,-8.108
PTK2,m04,mut_s1,detail,1,130,MBDOYHYQUXBBFT-UHFFFAOYNA-N,-8.34
PTK2,m04,mut_s1,detail,1,131,AGJUEHKKCLPMSY-LQFNOIFHNA-N,-8.048
PTK2,m04,mut_s1,detail,1,132,UMCUVZSSUIPNCL-BEMXBZHGNA-N,-8.477
PTK2,m04,mut_s1,detail,1,133,NKZFBKUWUIWQEM-LNNLXFCONA-N,-8.507
PTK2,m04,mut_s1,detail,1,134,GQNKLNZBZDEAMD-VQHCSMNLNA-N,-9.95
PTK2,m04,mut_s1,detail,1,135,UZNJTHHFIAFJGO-LQFNOIFHNA-N,-7.568
PTK2,m04,mut_s1,detail,1,136,LAFAEGAOHGJFCB-UHFFFAOYNA-N,-7.16
PTK2,m04,mut_s1,detail,1,137,QVHZVCDVVJVJRX-LNNLXFCONA-N,-8.82
PTK2,m04,mut_s1,detail,1,138,MWRHMRJPYFQMSQ-LNNLXFCONA-N,-8.216
PTK2,m04,mut_s1,detail,1,139,GCAQZYOXIVYDMN-PKSOQXRJNA-N,-7.102
PTK2,m04,mut_s1,detail,1,140,YJGPQCADKRAQFX-ZSDIGFPLNA-N,-8.553
PTK2,m04,mut_s1,detail,1,141,UZYMAWCMCCVCOW-BUKGPZPNNA-N,-7.389
PTK2,m04,mut_s1,detail,1,142,ZWSLJIFYDPKRSQ-XBXBPLPCNA-N,-9.27
PTK2,m04,mut_s1,detail,1,143,IJNTWIFESBAWCT-QWOVJGMINA-N,-8.49
PTK2,m04,mut_s1,detail,1,144,CXIYFBKPJSQXDU-WDUJWNCGNA-N,-8.267
PTK2,m04,mut_s1,detail,1,145,HWJNHVLCTGREAL-MPIMZMORNA-N,-7.527
PTK2,m04,mut_s1,detail,1,146,LHOSZRWWPIJINL-OLZOCXBDNA-N,-8.481
PTK2,m04,mut_s1,detail,1,147,DTEYRIFHHIHDHU-UHFFFAOYNA-N,-7.511
PTK2,m04,mut_s1,detail,1,148,NJZCVKDKMNRXTG-UHFFFAOYNA-N,-8.765
PTK2,m04,mut_s1,detail,1,149,NACLGLYMVLABDU-LNNLXFCONA-N,-8.131
PTK2,m04,mut_s1,detail,1,150,IDINUJSAMVOPCM-CNZJLSFANA-N,-5.566
PTK2,m04,mut_s1,detail,1,151,PGBPNHAAMLZTQB-LQFNOIFHNA-N,-7.253
PTK2,m04,mut_s1,detail,1,152,BCTINLARZZWKRE-MPIMZMORNA-N,-7.428
PTK2,m04,mut_s1,detail,1,153,JURXDQRYEGNLBW-LQFNOIFHNA-N,-7.839
PTK2,m04,mut_s1,detail,1,154,FBPQELGZQDQSII-LELJVTLKNA-N,-8.624
PTK2,m04,mut_s1,detail,1,155,ADBHXWFSFPPXEX-BDGWVKIONA-N,-7.552
PTK2,m04,mut_s1,detail,1,156,YUGZHQHSNYIFLG-KYSDGFAFNA-N,-7.411
PTK2,m04,mut_s1,detail,1,157,ZNDSONVEXMWLSF-QWOVJGMINA-N,-8.706
PTK2,m04,mut_s1,detail,1,158,QWCQVNIBTYLOHK-ZGZFQTMPNA-N,-9.144
PTK2,m04,mut_s1,detail,1,159,BELUGELSHVLAOZ-UHFFFAOYNA-N,-8.648
PTK2,m04,mut_s1,detail,1,160,HILDYDZVQRXXOI-LQFNOIFHNA-N,-7.699
PTK2,m04,mut_s1,detail,1,161,PTIIXGUDALPUPA-QWOVJGMINA-N,-7.478
PTK2,m04,mut_s1,detail,1,162,YWGOPEGGEGNDLS-UHFFFAOYNA-N,-6.618
PTK2,m04,mut_s1,detail,1,163,HXTQSKXJHJDGCP-UHFFFAOYNA-N,-8.622
PTK2,m04,mut_s1,detail,1,164,QMJHGNGJQQDHLD-PWIKPTQSNA-N,-7.515
PTK2,m04,mut_s1,detail,1,165,QZJYCFURESLRJX-UHFFFAOYNA-N,-7.806
PTK2,m04,mut_s1,detail,1,166,PDXQTFKIABMOFL-PDJAEHLQNA-N,-8.26
PTK2,m04,mut_s1,detail,1,167,REJJFCJYMVTFDN-PKRZOPRNNA-N,-8.426
PTK2,m04,mut_s1,detail,1,168,XGCSEQRDRFMGIU-LQFNOIFHNA-N,-7.509
PTK2,m04,mut_s1,detail,1,169,JJGWOCRPVQWXQG-ADQRUKDLNA-N,-7.188
PTK2,m04,mut_s1,detail,1,170,GEOCCLDMHBSVOL-UCDLDMSTNA-N,-7.799
PTK2,m04,mut_s1,detail,1,171,SMRGDRXOPYCHTR-SWUIVHNENA-N,-9.196
PTK2,m04,mut_s1,detail,1,172,RVFKUHZRUWXOIN-UHFFFAOYNA-N,-7.922
PTK2,m04,mut_s1,detail,1,173,BCXKIFJJJGSVDX-DXAUXPAJNA-N,-9.395
PTK2,m04,mut_s1,detail,1,174,WMPTUJZAWOBWLG-CMJFTGLXNA-N,-7.052
PTK2,m04,mut_s1,detail,1,175,ADAXUYSMOAZWKV-XBTAAFKLNA-N,-9.384
PTK2,m04,mut_s1,detail,1,176,QYOZNVCKISSENR-MRXNPFEDNA-N,-7.628
PTK2,m04,mut_s1,detail,1,177,XPINCFKWHIFHMC-WXFUMESZNA-N,-7.787
PTK2,m04,mut_s1,detail,1,178,ZGSQEILYEFGFIF-UHFFFAOYNA-N,-9.22
PTK2,m04,mut_s1,detail,1,179,CKRUVOWUUADMOW-LNNLXFCONA-N,-9.255
PTK2,m04,mut_s1,detail,1,180,QGZIKUYIROAFSE-QWOVJGMINA-N,-7.408
PTK2,m04,mut_s1,detail,1,181,KOFXCNSHSJISSQ-QWOVJGMINA-N,-8.367
PTK2,m04,mut_s1,detail,1,182,DCRJFLHNZRDYMM-UHFFFAOYNA-N,-8.746
PTK2,m04,mut_s1,detail,1,183,LIRCDOVJWUGTMW-IOQNOLELNA-N,-7.126
PTK2,m04,mut_s1,detail,1,184,FWYQXRWQFDPBIS-UHFFFAOYNA-N,-7.19
PTK2,m04,mut_s1,detail,1,185,LJRBIPYUCLSKJK-DVIAZDKANA-N,-7.809
PTK2,m04,mut_s1,detail,1,186,BSIVILSRVBLGQR-UHFFFAOYNA-N,-8.088
PTK2,m04,mut_s1,detail,1,187,DNDLSAMFYFNHBR-MPIMZMORNA-N,-7.519
PTK2,m04,mut_s1,detail,1,188,VFPJNRIWJIXUCK-UHFFFAOYNA-N,-8.047
PTK2,m04,mut_s1,detail,1,189,ZSYGHBADRJNZOU-UXUKNDFSNA-N,-7.253
PTK2,m04,mut_s1,detail,1,190,XQDLITNOVPCUMD-MPIMZMORNA-N,-8.06
PTK2,m04,mut_s1,detail,1,191,UCSBKUKETUKSSX-ZFJUVRDGNA-N,-8.082
PTK2,m04,mut_s1,detail,1,192,NZATZZGINMWOIA-QWOVJGMINA-N,-8.268
PTK2,m04,mut_s1,detail,1,193,PMGLUWPDZIVUOU-BKTFGIEZNA-N,-7.866
PTK2,m04,mut_s1,detail,1,194,QTYJLSSXENXPIA-XYULLFFJNA-N,-8.205
PTK2,m04,mut_s1,detail,1,195,ZDNRYSVLOMAJEZ-HZCBDIJENA-N,-8.965
PTK2,m04,mut_s1,detail,1,196,DPXQIUFPULXIFR-YETNDYBYNA-N,-7.975
PTK2,m04,mut_s1,detail,1,197,JEUQHZZAJFLFGO-MTTPVDACNA-N,-8.612
PTK2,m04,mut_s1,detail,1,198,ZWTFULMWPLLWNJ-UQMRZGFWNA-N,-8.501
PTK2,m04,mut_s1,detail,1,199,KDLLVDABAMKMLD-MJHPXVFFNA-N,-8.153
PTK2,m04,mut_s1,detail,1,200,CFYCLLUGGRSIQV-SPEPDGBUNA-N,-8.57
PTK2,m04,mut_s1,detail,1,201,CEZXHQCRLXZSBQ-IOZBVXGWNA-N,-7.019
PTK2,m04,mut_s1,detail,1,202,NOORAIXTPJNFDH-LAEBNAIWNA-N,-8.728
PTK2,m04,mut_s1,detail,1,203,VBFOTEWTMOETMO-PECIQRARNA-N,-8.287
PTK2,m04,mut_s1,detail,1,204,QLDHAZGAAUZOIP-LELJVTLKNA-N,-7.806
PTK2,m04,mut_s1,detail,1,205,ULIWBOHRWMGXPR-UHFFFAOYNA-N,-6.482
PTK2,m04,mut_s1,detail,1,206,CQRFGBFTRUHNJZ-LKHHGCNMNA-N,-8.056
PTK2,m04,mut_s1,detail,1,207,TVOUXLLNJXDHQR-MHZLTWQENA-N,-7.766
PTK2,m04,mut_s1,detail,1,208,MDSZUHOJNMNHJP-XBXBPLPCNA-N,-7.983
PTK2,m04,mut_s1,detail,1,209,GSKUSCWGMPZHKN-UHFFFAOYNA-N,-8.402
PTK2,m04,mut_s1,detail,1,210,LLUVDTDYDBDPFM-LBOYIXSDNA-N,-8.224
PTK2,m04,mut_s1,detail,1,211,CJPGWGLZKUWPFH-PWIKPTQSNA-N,-8.465
PTK2,m04,mut_s1,detail,1,212,MZLKAOWOIKALKR-LBOYIXSDNA-N,-8.714
PTK2,m04,mut_s1,detail,1,213,LYSAYZQUELVCGD-PJQSKVNONA-N,-6.856
PTK2,m04,mut_s1,detail,1,214,JBNMTQSSQCWSDW-NVENJYFMNA-N,-9.201
PTK2,m04,mut_s1,detail,1,215,CJAAXOOTFVSSKN-LKHHGCNMNA-N,-8.395
PTK2,m04,mut_s1,detail,1,216,WAVBTKPDIZFGSX-VJSLDGLSNA-N,-8.787
PTK2,m04,mut_s1,detail,1,217,FAYAHNACYAINBY-HRNBZBKQNA-N,-8.838
PTK2,m04,mut_s1,detail,1,218,ZHTJPKSSWTVTNA-PKRZOPRNNA-N,-8.581
PTK2,m04,mut_s1,detail,1,219,QRBHMNKXVMROIF-UHFFFAOYNA-N,-9.308
PTK2,m04,mut_s1,detail,1,220,BBDHNYKAQBEFTI-YSGSGMNWNA-N,-8.769
PTK2,m04,mut_s1,detail,1,221,PABHZRMPKXHYHB-MCITUVFDNA-N,-8.668
PTK2,m04,mut_s1,detail,1,222,BUEIPNNFYVCFLC-LELJVTLKNA-N,-8.255
PTK2,m04,mut_s1,detail,1,223,KKUNUMXHGLIOMX-WUSLAWIHNA-N,-9.291
PTK2,m04,mut_s1,detail,1,224,YGYOXSDMMNBVMH-PKRZOPRNNA-N,-8.686
PTK2,m04,mut_s1,detail,1,225,XRSGABXRLAWEDU-LQFNOIFHNA-N,-8.058
PTK2,m04,mut_s1,detail,1,226,AOTIBSKKXZHYRO-SPEPDGBUNA-N,-7.3
PTK2,m04,mut_s1,detail,1,227,RULOOZJTFYDVKV-LBOYIXSDNA-N,-8.011
PTK2,m04,mut_s1,detail,1,228,MFAMCZQOBFOTPV-LELJVTLKNA-N,-7.649
PTK2,m04,mut_s1,detail,1,229,RZBTZDHWOMTELG-UHFFFAOYNA-N,-8.221
PTK2,m04,mut_s1,detail,1,230,YBQSBCXVFMWVGY-UHFFFAOYNA-N,-9.002
PTK2,m04,mut_s1,detail,1,231,MFEDJQGOERVAHD-HXTKINSTNA-N,-8.156
PTK2,m04,mut_s1,detail,1,232,XGDJUMSXIASBOC-RGVBFFNGNA-N,-9.545
PTK2,m04,mut_s1,detail,1,233,INZVCQWDAXDGMY-UHFFFAOYNA-N,-8.758
PTK2,m04,mut_s1,detail,1,234,VSMNBGANRJLEFT-PECIQRARNA-N,-9.27
PTK2,m04,mut_s1,detail,1,235,VQPURKBPWWQWLN-MRPQGQGYNA-N,-7.379
PTK2,m04,mut_s1,detail,1,236,ITBJAHYMMJZDJN-ZCKBFCLLNA-N,-8.789
PTK2,m04,mut_s1,detail,1,237,GZXBKKWNTBGEDG-PLJOYGPPNA-N,-8.124
PTK2,m04,mut_s1,detail,1,238,GJSOSYVBARIGQO-XBBDFPCNNA-N,-9.971
PTK2,m04,mut_s1,detail,1,239,YWVDGPKULXWYMH-LELJVTLKNA-N,-7.304
PTK2,m04,mut_s1,detail,1,240,DTDCDTSLQAMFQK-PDIVMOMKNA-N,-9.16
PTK2,m04,mut_s1,detail,1,241,ZORDGSDKVXISJV-PKRZOPRNNA-N,-6.164
PTK2,m04,mut_s1,detail,1,242,GTWOAPKUQRYITB-UHFFFAOYNA-N,-9.303
PTK2,m04,mut_s1,detail,1,243,JPUJBYBHHWKSTD-LNNLXFCONA-N,-8.987
PTK2,m04,mut_s1,detail,1,244,PQVHRPXGPBDRRS-LBOYIXSDNA-N,-11.083
PTK2,m04,mut_s1,detail,1,245,JHPUSZOXXQWTST-OKPOJWAQNA-N,-7.3
PTK2,m04,mut_s1,detail,1,246,OWGZIGCUDXOZOS-OWVQZIOCNA-N,-8.652
PTK2,m04,mut_s1,detail,1,247,JUXPFZBFGMXKKR-JFRSHOPRNA-N,-7.401
PTK2,m04,mut_s1,detail,1,248,BWFZLXWRZDSPHK-DYDYTOMVNA-N,-10.34
PTK2,m04,mut_s1,detail,1,249,YQSOGHJBHORMOX-SPEPDGBUNA-N,-8.135
PTK2,m04,mut_s1,detail,1,250,ROFAQOFULLWONA-BBANKYPNNA-N,-7.233
PTK2,m04,mut_s1,detail,1,251,IHGDBIIOKIOQQL-OKPOJWAQNA-N,-7.947
PTK2,m04,mut_s1,detail,1,252,FAYBFUQTMGBOTD-UHFFFAOYNA-N,-9.551
PTK2,m04,mut_s1,detail,1,253,FOYYZIJHMVRFNR-IQICYJEPNA-N,-9.403
PTK2,m04,mut_s1,detail,1,254,MZNKKEVLKPDMRG-ZTQHEBCPNA-N,-9.202
PTK2,m04,mut_s1,detail,1,255,XKUVGAVISPKRJG-IBPUNKHUNA-N,-7.896
PTK2,m05,mut_s1,detail,1,0,IOEYSHPYQPFVLW-WZZIRTBGNA-N,-8.266
PTK2,m05,mut_s1,detail,1,1,KISKAILIUKCVIP-UHFFFAOYNA-N,-6.267
PTK2,m05,mut_s1,detail,1,2,YKFIUFSOZVLGEF-LILDFLRNNA-N,-6.829
PTK2,m05,mut_s1,detail,1,3,TYTJEFRFKUJPEU-UHFFFAOYNA-N,-7.289
PTK2,m05,mut_s1,detail,1,4,TYXDAJJVWKUJGI-CDZRGBSPNA-N,-7.269
PTK2,m05,mut_s1,detail,1,5,IYDIVTPTFGMDBE-UHFFFAOYNA-N,-6.912
PTK2,m05,mut_s1,detail,1,6,LVPPIRFSXIVDCQ-VQHVLOKHNA-N,-6.396
PTK2,m05,mut_s1,detail,1,7,KFWWSDHUPLWRKI-UHFFFAOYNA-N,-8.454
PTK2,m05,mut_s1,detail,1,8,BJHGDBMVHPNALY-YHMJCDSINA-N,-6.898
PTK2,m05,mut_s1,detail,1,9,ODZBBRURCPAEIQ-OASTWBFDNA-N,-6.523
PTK2,m05,mut_s1,detail,1,10,DNYBCGCBUCDEBB-GPQMBLKYNA-N,-6.861
PTK2,m05,mut_s1,detail,1,11,ODTXBYCYUFDWFS-BQYQJAHWNA-N,-6.76
PTK2,m05,mut_s1,detail,1,12,MLMSWRFVLJZNRV-NPVYFSBINA-N,-6.928
PTK2,m05,mut_s1,detail,1,13,YFQNZICTOUKIHD-UHFFFAOYNA-N,-7.447
PTK2,m05,mut_s1,detail,1,14,YWSKAQWSPONVPP-YHMJCDSINA-N,-6.45
PTK2,m05,mut_s1,detail,1,15,FUJBJSOIYVUFSM-DLGLGFIGNA-N,-6.749
PTK2,m05,mut_s1,detail,1,16,CZCAYAUDGHEBQB-UHFFFAOYNA-N,-6.286
PTK2,m05,mut_s1,detail,1,17,LQDMSIRJQBCAGP-UHFFFAOYNA-N,-6.357
PTK2,m05,mut_s1,detail,1,18,DPYXTTMTEAYPOR-UHFFFAOYNA-N,-6.102
PTK2,m05,mut_s1,detail,1,19,ASFLQPSNVCRBOH-UHFFFAOYNA-N,-7.339
PTK2,m05,mut_s1,detail,1,20,KZYALRXGZUUWDD-GTTYORLTNA-N,-6.299
PTK2,m05,mut_s1,detail,1,21,NUTSQHHREHYTAX-PKSOQXRJNA-N,-8.196
PTK2,m05,mut_s1,detail,1,22,GUDLXTFNNCOYNM-UHFFFAOYNA-N,-5.805
PTK2,m05,mut_s1,detail,1,23,BQUGPEQAOGLWFX-HVXXBKQBNA-N,-6.204
PTK2,m05,mut_s1,detail,1,24,XPVZKRRTCHLFRZ-GPQMBLKYNA-N,-7.378
PTK2,m05,mut_s1,detail,1,25,WLKKJQVIXAMEEF-GPQMBLKYNA-N,-6.624
PTK2,m05,mut_s1,detail,1,26,IJOUNEKMVDGTBS-UHFFFAOYNA-N,-7.709
PTK2,m05,mut_s1,detail,1,27,ZIVNUWICSJWDPM-UHFFFAOYNA-N,-7.032
PTK2,m05,mut_s1,detail,1,28,QCHKAZVPUNGJKS-JLOFHYGUNA-N,-6.896
PTK2,m05,mut_s1,detail,1,29,OBZIQQJJIKNWNO-UHFFFAOYNA-N,-5.658
PTK2,m05,mut_s1,detail,1,30,SKYBQLOFXJZRTN-UHFFFAOYNA-N,-6.021
PTK2,m05,mut_s1,detail,1,31,MCFVPJFLLJZVMJ-CMLSCEPHNA-N,-6.87
PTK2,m05,mut_s1,detail,1,32,GBSDYRSNVCORPF-JJEHQABKNA-N,-7.723
PTK2,m05,mut_s1,detail,1,33,OFMKKSBAKSDTKO-UHFFFAOYNA-N,-6.634
PTK2,m05,mut_s1,detail,1,34,CJBYLTVVRIPQAN-HOCLYGCPNA-N,-7.223
PTK2,m05,mut_s1,detail,1,35,HDYUIMHCGQNIMV-LILDFLRNNA-N,-8.566
PTK2,m05,mut_s1,detail,1,36,ICJZSDARRFSAJS-ZRHHXPTGNA-N,-6.455
PTK2,m05,mut_s1,detail,1,37,AIPXFBGCADYFMV-VEWCPZSHNA-N,-7.323
PTK2,m05,mut_s1,detail,1,38,GPCWYPVIFBLEET-UHFFFAOYNA-N,-6.857
PTK2,m05,mut_s1,detail,1,39,QWIUSZJTTPRTFQ-UHFFFAOYNA-N,-7.686
PTK2,m05,mut_s1,detail,1,40,MAPKZZFZZACUDG-UHFFFAOYNA-N,-6.25
PTK2,m05,mut_s1,detail,1,41,CESCXFZYHYMYGN-SPRAGNMINA-N,-6.572
PTK2,m05,mut_s1,detail,1,42,BNCSDXOYJVYYGP-UHFFFAOYNA-N,-7.414
PTK2,m05,mut_s1,detail,1,43,ZGPKQJAKEQZFLZ-UHFFFAOYNA-N,-6.876
PTK2,m05,mut_s1,detail,1,44,OHPBVIYSDIHFKK-LUXCBXFANA-N,-6.888
PTK2,m05,mut_s1,detail,1,45,BYYMILHAKOURNM-YHMJCDSINA-N,-5.86
PTK2,m05,mut_s1,detail,1,46,YTWHBYPYZLSPLQ-UHFFFAOYNA-N,-7.09
PTK2,m05,mut_s1,detail,1,47,MMXGXIVVWSANMS-ZYCJFAKPNA-N,-7.455
PTK2,m05,mut_s1,detail,1,48,RTBVWPVXLVPYGF-UHFFFAOYNA-N,-7.745
PTK2,m05,mut_s1,detail,1,49,NLENUXQYGCDSNE-YSFRZULJNA-N,-7.445
PTK2,m05,mut_s1,detail,1,50,OXAJWSLXTCIFFP-WXRBYKJCNA-N,-6.141
PTK2,m05,mut_s1,detail,1,51,GJDNHSKMTWUSHC-WYUMXYHSNA-N,-6.454
PTK2,m05,mut_s1,detail,1,52,OSBGPHZLIBZPGJ-NLMIROKBNA-N,-6.903
PTK2,m05,mut_s1,detail,1,53,AISUMVRDEXUUBA-YGPBECBDNA-N,-7.815
PTK2,m05,mut_s1,detail,1,54,KLWXBHSHSIBXJA-WYUMXYHSNA-N,-7.486
PTK2,m05,mut_s1,detail,1,55,MWMWFASTTPZIJX-LUXCBXFANA-N,-6.912
PTK2,m05,mut_s1,detail,1,56,RJTAILIIHYBAPJ-UHFFFAOYNA-N,-5.386
PTK2,m05,mut_s1,detail,1,57,VFAQKHZBOKAOSQ-UKTHLTGXNA-N,-7.277
PTK2,m05,mut_s1,detail,1,58,YLUKCEIRYXNIJA-HCKMINDGNA-N,-7.376
PTK2,m05,mut_s1,detail,1,59,ICKPGBPIOPGQTC-ZLGIYAABNA-N,-6.858
PTK2,m05,mut_s1,detail,1,60,LTYXRKCXVDROIY-RVQYIEHVNA-N,-6.358
PTK2,m05,mut_s1,detail,1,61,QWHFPWNHELQSDQ-DZQCGVKKNA-N,-7.72
PTK2,m05,mut_s1,detail,1,62,MVTATEZHUZEZCK-UYBDAZJANA-N,-7.4
PTK2,m05,mut_s1,detail,1,63,GDRUXNLFXUVALW-YHMJCDSINA-N,-6.574
PTK2,m05,mut_s1,detail,1,64,IXWJKTRPHYKVFW-XFDRBGHPNA-N,-7.308
PTK2,m05,mut_s1,detail,1,65,RGHANNJVNFHOMO-PKSOQXRJNA-N,-8.437
PTK2,m05,mut_s1,detail,1,66,VWKMEDUACYWLSV-UYBDAZJANA-N,-7.393
PTK2,m05,mut_s1,detail,1,67,IUKOSEPLJGRTJW-QWOVJGMINA-N,-8.741
PTK2,m05,mut_s1,detail,1,68,FVNOYPBUEJMUJE-UYBDAZJANA-N,-7.725
PTK2,m05,mut_s1,detail,1,69,PHEJGIHBLBFCLD-WAVQYLLINA-N,-8.408
PTK2,m05,mut_s1,detail,1,70,YAPUUUKLOXTMRU-HCKMINDGNA-N,-7.36
PTK2,m05,mut_s1,detail,1,71,NTYXBURNBUVSBD-QWOVJGMINA-N,-7.435
PTK2,m05,mut_s1,detail,1,72,MELKZDAJKCQHEJ-UHFFFAOYNA-N,-7.467
PTK2,m05,mut_s1,detail,1,73,PTOCRBNMWIXUJH-YHMJCDSINA-N,-7.179
PTK2,m05,mut_s1,detail,1,74,POLODSDKFZPSMC-LILDFLRNNA-N,-7.389
PTK2,m05,mut_s1,detail,1,75,JHSMZFWFBBVUDZ-UHFFFAOYNA-N,-8.673
PTK2,m05,mut_s1,detail,1,76,VMNYXYDPHKHXOJ-HCKMINDGNA-N,-6.723
PTK2,m05,mut_s1,detail,1,77,GYGFWUNSKKZJNC-UHFFFAOYNA-N,-7.46
PTK2,m05,mut_s1,detail,1,78,DNIJCXVBKOHALG-IDQLRGLVNA-N,-7.827
PTK2,m05,mut_s1,detail,1,79,GBGJFVRPQGILNH-JLGFQASFNA-N,-6.465
PTK2,m05,mut_s1,detail,1,80,OGYLVZMARUPAHP-BDGWVKIONA-N,-7.455
PTK2,m05,mut_s1,detail,1,81,CGNRLGKHPYEVRU-UYBDAZJANA-N,-8.407
PTK2,m05,mut_s1,detail,1,82,QDBCQJCQGPPNHU-UHFFFAOYNA-N,-7.765
PTK2,m05,mut_s1,detail,1,83,NDDXLFAARQEPKC-UHFFFAOYNA-N,-8.362
PTK2,m05,mut_s1,detail,1,84,XHMFDOIXIIEIIC-UHFFFAOYNA-N,-6.895
PTK2,m05,mut_s1,detail,1,85,AGLMSXHTTUWGMJ-PKSOQXRJNA-N,-8.099
PTK2,m05,mut_s1,detail,1,86,ZXPAKNNNSOJNPO-UHFFFAOYNA-N,-7.59
PTK2,m05,mut_s1,detail,1,87,IHQNHWIJVRBCJV-UHFFFAOYNA-N,-7.539
PTK2,m05,mut_s1,detail,1,88,RMKFZACOOVWLAE-GGEHTAOSNA-N,-8.069
PTK2,m05,mut_s1,detail,1,89,DYSOMJVQHUQQEB-UHFFFAOYNA-N,-8.766
PTK2,m05,mut_s1,detail,1,90,NOCFDFQYZHBTNN-UHFFFAOYNA-N,-7.029
PTK2,m05,mut_s1,detail,1,91,SPVWQKGFZYAZQL-UHFFFAOYNA-N,-8.261
PTK2,m05,mut_s1,detail,1,92,DMXNRKKYFNEWPP-DMNNQDHHNA-N,-8.321
PTK2,m05,mut_s1,detail,1,93,RCJPJXXLZLDCKI-PKSOQXRJNA-N,-7.486
PTK2,m05,mut_s1,detail,1,94,KGTHCGXLPNILHR-UHFFFAOYNA-N,-7.675
PTK2,m05,mut_s1,detail,1,95,NWWYETOECIPWOT-CYHZHTKENA-N,-7.849
PTK2,m05,mut_s1,detail,1,96,NTSJGFMDUAVRPY-UHFFFAOYNA-N,-8.311
PTK2,m05,mut_s1,detail,1,97,SBVPMOUWJBOMKA-JTVQLVGJNA-O,-7.689
PTK2,m05,mut_s1,detail,1,98,LDNHSKULSWUSNY-UHFFFAOYNA-N,-8.658
PTK2,m05,mut_s1,detail,1,99,ASAZLTYOWNNDLD-UHFFFAOYNA-N,-7.268
PTK2,m05,mut_s1,detail,1,100,XRTRVAKJWCIIMD-UHFFFAOYNA-N,-6.824
PTK2,m05,mut_s1,detail,1,101,ZLTWUZJNYQVQEJ-UYBDAZJANA-N,-8.268
PTK2,m05,mut_s1,detail,1,102,DEYFWGXTPWNADC-UHFFFAOYNA-N,-7.301
PTK2,m05,mut_s1,detail,1,103,RHQFMXUIKVEHFK-MPIMZMORNA-N,-7.838
PTK2,m05,mut_s1,detail,1,104,DRDGAKFCORUZED-LILDFLRNNA-N,-7.414
PTK2,m05,mut_s1,detail,1,105,LQZNOWQYGFIKRM-HVXXBKQBNA-N,-7.004
PTK2,m05,mut_s1,detail,1,106,QJNYENHUMXSMRP-UHFFFAOYNA-N,-8.188
PTK2,m05,mut_s1,detail,1,107,LQILAXPPHLDIFO-NPVYFSBINA-N,-6.735
PTK2,m05,mut_s1,detail,1,108,KACOTQQTSDQWNO-UHFFFAOYNA-N,-7.481
PTK2,m05,mut_s1,detail,1,109,QLEMXKCIAQLFMM-UHFFFAOYNA-N,-7.951
PTK2,m05,mut_s1,detail,1,110,BHLVHZWLMVLRIX-LILDFLRNNA-N,-6.937
PTK2,m05,mut_s1,detail,1,111,IJNMKCHEXHHJKS-GPQMBLKYNA-N,-6.762
PTK2,m05,mut_s1,detail,1,112,LIBKCWSTNJMFGU-BDGWVKIONA-N,-7.897
PTK2,m05,mut_s1,detail,1,113,AJJBBFYAASSTLA-XOFPBXMJNA-N,-7.129
PTK2,m05,mut_s1,detail,1,114,IAIOYYRVPMGOSB-PKSOQXRJNA-N,-8.871
PTK2,m05,mut_s1,detail,1,115,CFYPAIWQFFEAEL-UHFFFAOYNA-N,-7.747
PTK2,m05,mut_s1,detail,1,116,VYJSEMNZGPEKAE-QWOVJGMINA-N,-8.398
PTK2,m05,mut_s1,detail,1,117,GATJUUWXCJCVEK-GPQMBLKYNA-N,-7.243
PTK2,m05,mut_s1,detail,1,118,ISQNQSRGAXUFGW-UHFFFAOYNA-N,-6.883
PTK2,m05,mut_s1,detail,1,119,MCVMARUOYHWORW-UHFFFAOYNA-N,-7.857
PTK2,m05,mut_s1,detail,1,120,LQMFCWRONUNRTP-FWKJIXDGNA-N,-7.411
PTK2,m05,mut_s1,detail,1,121,HJWFQDWOWDPIBE-HPHMPNDVNA-N,-7.842
PTK2,m05,mut_s1,detail,1,122,OSJCPZAKZHSNDS-UHFFFAOYNA-N,-7.802
PTK2,m05,mut_s1,detail,1,123,OPLHOPJAFJJLPX-HNNXBMFYNA-N,-7.792
PTK2,m05,mut_s1,detail,1,124,DZQRHJBYIOEZHV-PKSOQXRJNA-N,-8.018
PTK2,m05,mut_s1,detail,1,125,ZCFXIPSPKDGCHW-HSJCKIQZNA-N,-6.821
PTK2,m05,mut_s1,detail,1,126,BVGKQXNISGPHHP-UYBDAZJANA-N,-7.187
PTK2,m05,mut_s1,detail,1,127,WWGWJOHBDMYLBT-PKSOQXRJNA-N,-6.631
PTK2,m05,mut_s1,detail,1,128,JGDGIOMUQREIHP-BATSNZJTNA-N,-6.869
PTK2,m05,mut_s1,detail,1,129,LJDDSNOWUABFAP-HPRFPMAVNA-N,-8.409
PTK2,m05,mut_s1,detail,1,130,MBDOYHYQUXBBFT-UHFFFAOYNA-N,-8.438
PTK2,m05,mut_s1,detail,1,131,AGJUEHKKCLPMSY-LQFNOIFHNA-N,-7.749
PTK2,m05,mut_s1,detail,1,132,UMCUVZSSUIPNCL-BEMXBZHGNA-N,-9.412
PTK2,m05,mut_s1,detail,1,133,NKZFBKUWUIWQEM-LNNLXFCONA-N,-7.81
PTK2,m05,mut_s1,detail,1,134,GQNKLNZBZDEAMD-VQHCSMNLNA-N,-8.901
PTK2,m05,mut_s1,detail,1,135,UZNJTHHFIAFJGO-LQFNOIFHNA-N,-6.867
PTK2,m05,mut_s1,detail,1,136,LAFAEGAOHGJFCB-UHFFFAOYNA-N,-7.351
PTK2,m05,mut_s1,detail,1,137,QVHZVCDVVJVJRX-LNNLXFCONA-N,-8.75
PTK2,m05,mut_s1,detail,1,138,MWRHMRJPYFQMSQ-LNNLXFCONA-N,-7.942
PTK2,m05,mut_s1,detail,1,139,GCAQZYOXIVYDMN-PKSOQXRJNA-N,-7.1
PTK2,m05,mut_s1,detail,1,140,YJGPQCADKRAQFX-ZSDIGFPLNA-N,-8.475
PTK2,m05,mut_s1,detail,1,141,UZYMAWCMCCVCOW-BUKGPZPNNA-N,-7.418
PTK2,m05,mut_s1,detail,1,142,ZWSLJIFYDPKRSQ-XBXBPLPCNA-N,-8.007
PTK2,m05,mut_s1,detail,1,143,IJNTWIFESBAWCT-QWOVJGMINA-N,-8.018
PTK2,m05,mut_s1,detail,1,144,CXIYFBKPJSQXDU-WDUJWNCGNA-N,-8.47
PTK2,m05,mut_s1,detail,1,145,HWJNHVLCTGREAL-MPIMZMORNA-N,-7.761
PTK2,m05,mut_s1,detail,1,146,LHOSZRWWPIJINL-OLZOCXBDNA-N,-8.611
PTK2,m05,mut_s1,detail,1,147,DTEYRIFHHIHDHU-UHFFFAOYNA-N,-7.28
PTK2,m05,mut_s1,detail,1,148,NJZCVKDKMNRXTG-UHFFFAOYNA-N,-7.965
PTK2,m05,mut_s1,detail,1,149,NACLGLYMVLABDU-LNNLXFCONA-N,-8.147
PTK2,m05,mut_s1,detail,1,150,IDINUJSAMVOPCM-CNZJLSFANA-N,-5.235
PTK2,m05,mut_s1,detail,1,151,PGBPNHAAMLZTQB-LQFNOIFHNA-N,-6.851
PTK2,m05,mut_s1,detail,1,152,BCTINLARZZWKRE-MPIMZMORNA-N,-7.705
PTK2,m05,mut_s1,detail,1,153,JURXDQRYEGNLBW-LQFNOIFHNA-N,-7.599
PTK2,m05,mut_s1,detail,1,154,FBPQELGZQDQSII-LELJVTLKNA-N,-8.112
PTK2,m05,mut_s1,detail,1,155,ADBHXWFSFPPXEX-BDGWVKIONA-N,-7.78
PTK2,m05,mut_s1,detail,1,156,YUGZHQHSNYIFLG-KYSDGFAFNA-N,-7.437
PTK2,m05,mut_s1,detail,1,157,ZNDSONVEXMWLSF-QWOVJGMINA-N,-8.651
PTK2,m05,mut_s1,detail,1,158,QWCQVNIBTYLOHK-ZGZFQTMPNA-N,-8.793
PTK2,m05,mut_s1,detail,1,159,BELUGELSHVLAOZ-UHFFFAOYNA-N,-7.702
PTK2,m05,mut_s1,detail,1,160,HILDYDZVQRXXOI-LQFNOIFHNA-N,-7.263
PTK2,m05,mut_s1,detail,1,161,PTIIXGUDALPUPA-QWOVJGMINA-N,-8.127
PTK2,m05,mut_s1,detail,1,162,YWGOPEGGEGNDLS-UHFFFAOYNA-N,-6.282
PTK2,m05,mut_s1,detail,1,163,HXTQSKXJHJDGCP-UHFFFAOYNA-N,-7.975
PTK2,m05,mut_s1,detail,1,164,QMJHGNGJQQDHLD-PWIKPTQSNA-N,-6.974
PTK2,m05,mut_s1,detail,1,165,QZJYCFURESLRJX-UHFFFAOYNA-N,-7.418
PTK2,m05,mut_s1,detail,1,166,PDXQTFKIABMOFL-PDJAEHLQNA-N,-7.301
PTK2,m05,mut_s1,detail,1,167,REJJFCJYMVTFDN-PKRZOPRNNA-N,-8.788
PTK2,m05,mut_s1,detail,1,168,XGCSEQRDRFMGIU-LQFNOIFHNA-N,-8.178
PTK2,m05,mut_s1,detail,1,169,JJGWOCRPVQWXQG-ADQRUKDLNA-N,-6.99
PTK2,m05,mut_s1,detail,1,170,GEOCCLDMHBSVOL-UCDLDMSTNA-N,-7.874
PTK2,m05,mut_s1,detail,1,171,SMRGDRXOPYCHTR-SWUIVHNENA-N,-8.649
PTK2,m05,mut_s1,detail,1,172,RVFKUHZRUWXOIN-UHFFFAOYNA-N,-8.178
PTK2,m05,mut_s1,detail,1,173,BCXKIFJJJGSVDX-DXAUXPAJNA-N,-8.666
PTK2,m05,mut_s1,detail,1,174,WMPTUJZAWOBWLG-CMJFTGLXNA-N,-7.145
PTK2,m05,mut_s1,detail,1,175,ADAXUYSMOAZWKV-XBTAAFKLNA-N,-8.225
PTK2,m05,mut_s1,detail,1,176,QYOZNVCKISSENR-MRXNPFEDNA-N,-8.031
PTK2,m05,mut_s1,detail,1,177,XPINCFKWHIFHMC-WXFUMESZNA-N,-8.196
PTK2,m05,mut_s1,detail,1,178,ZGSQEILYEFGFIF-UHFFFAOYNA-N,-8.963
PTK2,m05,mut_s1,detail,1,179,CKRUVOWUUADMOW-LNNLXFCONA-N,-8.913
PTK2,m05,mut_s1,detail,1,180,QGZIKUYIROAFSE-QWOVJGMINA-N,-7.678
PTK2,m05,mut_s1,detail,1,181,KOFXCNSHSJISSQ-QWOVJGMINA-N,-8.679
PTK2,m05,mut_s1,detail,1,182,DCRJFLHNZRDYMM-UHFFFAOYNA-N,-8.554
PTK2,m05,mut_s1,detail,1,183,LIRCDOVJWUGTMW-IOQNOLELNA-N,-6.866
PTK2,m05,mut_s1,detail,1,184,FWYQXRWQFDPBIS-UHFFFAOYNA-N,-7.133
PTK2,m05,mut_s1,detail,1,185,LJRBIPYUCLSKJK-DVIAZDKANA-N,-8.243
PTK2,m05,mut_s1,detail,1,186,BSIVILSRVBLGQR-UHFFFAOYNA-N,-7.98
PTK2,m05,mut_s1,detail,1,187,DNDLSAMFYFNHBR-MPIMZMORNA-N,-7.791
PTK2,m05,mut_s1,detail,1,188,VFPJNRIWJIXUCK-UHFFFAOYNA-N,-7.386
PTK2,m05,mut_s1,detail,1,189,ZSYGHBADRJNZOU-UXUKNDFSNA-N,-7.805
PTK2,m05,mut_s1,detail,1,190,XQDLITNOVPCUMD-MPIMZMORNA-N,-7.977
PTK2,m05,mut_s1,detail,1,191,UCSBKUKETUKSSX-ZFJUVRDGNA-N,-7.537
PTK2,m05,mut_s1,detail,1,192,NZATZZGINMWOIA-QWOVJGMINA-N,-6.665
PTK2,m05,mut_s1,detail,1,193,PMGLUWPDZIVUOU-BKTFGIEZNA-N,-9.897
PTK2,m05,mut_s1,detail,1,194,QTYJLSSXENXPIA-XYULLFFJNA-N,-7.859
PTK2,m05,mut_s1,detail,1,195,ZDNRYSVLOMAJEZ-HZCBDIJENA-N,-8.477
PTK2,m05,mut_s1,detail,1,196,DPXQIUFPULXIFR-YETNDYBYNA-N,-8.338
PTK2,m05,mut_s1,detail,1,197,JEUQHZZAJFLFGO-MTTPVDACNA-N,-8.846
PTK2,m05,mut_s1,detail,1,198,ZWTFULMWPLLWNJ-UQMRZGFWNA-N,-8.598
PTK2,m05,mut_s1,detail,1,199,KDLLVDABAMKMLD-MJHPXVFFNA-N,-8.479
PTK2,m05,mut_s1,detail,1,200,CFYCLLUGGRSIQV-SPEPDGBUNA-N,-8.46
PTK2,m05,mut_s1,detail,1,201,CEZXHQCRLXZSBQ-IOZBVXGWNA-N,-6.599
PTK2,m05,mut_s1,detail,1,202,NOORAIXTPJNFDH-LAEBNAIWNA-N,-7.825
PTK2,m05,mut_s1,detail,1,203,VBFOTEWTMOETMO-PECIQRARNA-N,-8.598
PTK2,m05,mut_s1,detail,1,204,QLDHAZGAAUZOIP-LELJVTLKNA-N,-7.174
PTK2,m05,mut_s1,detail,1,205,ULIWBOHRWMGXPR-UHFFFAOYNA-N,-6.826
PTK2,m05,mut_s1,detail,1,206,CQRFGBFTRUHNJZ-LKHHGCNMNA-N,-7.918
PTK2,m05,mut_s1,detail,1,207,TVOUXLLNJXDHQR-MHZLTWQENA-N,-7.082
PTK2,m05,mut_s1,detail,1,208,MDSZUHOJNMNHJP-XBXBPLPCNA-N,-8.374
PTK2,m05,mut_s1,detail,1,209,GSKUSCWGMPZHKN-UHFFFAOYNA-N,-7.53
PTK2,m05,mut_s1,detail,1,210,LLUVDTDYDBDPFM-LBOYIXSDNA-N,-8.158
PTK2,m05,mut_s1,detail,1,211,CJPGWGLZKUWPFH-PWIKPTQSNA-N,-9.178
PTK2,m05,mut_s1,detail,1,212,MZLKAOWOIKALKR-LBOYIXSDNA-N,-8.639
PTK2,m05,mut_s1,detail,1,213,LYSAYZQUELVCGD-PJQSKVNONA-N,-6.474
PTK2,m05,mut_s1,detail,1,214,JBNMTQSSQCWSDW-NVENJYFMNA-N,-8.813
PTK2,m05,mut_s1,detail,1,215,CJAAXOOTFVSSKN-LKHHGCNMNA-N,-7.917
PTK2,m05,mut_s1,detail,1,216,WAVBTKPDIZFGSX-VJSLDGLSNA-N,-8.381
PTK2,m05,mut_s1,detail,1,217,FAYAHNACYAINBY-HRNBZBKQNA-N,-7.682
PTK2,m05,mut_s1,detail,1,218,ZHTJPKSSWTVTNA-PKRZOPRNNA-N,-8.258
PTK2,m05,mut_s1,detail,1,219,QRBHMNKXVMROIF-UHFFFAOYNA-N,-7.692
PTK2,m05,mut_s1,detail,1,220,BBDHNYKAQBEFTI-YSGSGMNWNA-N,-9.096
PTK2,m05,mut_s1,detail,1,221,PABHZRMPKXHYHB-MCITUVFDNA-N,-8.822
PTK2,m05,mut_s1,detail,1,222,BUEIPNNFYVCFLC-LELJVTLKNA-N,-7.481
PTK2,m05,mut_s1,detail,1,223,KKUNUMXHGLIOMX-WUSLAWIHNA-N,-8.754
PTK2,m05,mut_s1,detail,1,224,YGYOXSDMMNBVMH-PKRZOPRNNA-N,-8.339
PTK2,m05,mut_s1,detail,1,225,XRSGABXRLAWEDU-LQFNOIFHNA-N,-7.734
PTK2,m05,mut_s1,detail,1,226,AOTIBSKKXZHYRO-SPEPDGBUNA-N,-7.216
PTK2,m05,mut_s1,detail,1,227,RULOOZJTFYDVKV-LBOYIXSDNA-N,-6.421
PTK2,m05,mut_s1,detail,1,228,MFAMCZQOBFOTPV-LELJVTLKNA-N,-7.805
PTK2,m05,mut_s1,detail,1,229,RZBTZDHWOMTELG-UHFFFAOYNA-N,-8.346
PTK2,m05,mut_s1,detail,1,230,YBQSBCXVFMWVGY-UHFFFAOYNA-N,-8.955
PTK2,m05,mut_s1,detail,1,231,MFEDJQGOERVAHD-HXTKINSTNA-N,-7.979
PTK2,m05,mut_s1,detail,1,232,XGDJUMSXIASBOC-RGVBFFNGNA-N,-8.504
PTK2,m05,mut_s1,detail,1,233,INZVCQWDAXDGMY-UHFFFAOYNA-N,-9.005
PTK2,m05,mut_s1,detail,1,234,VSMNBGANRJLEFT-PECIQRARNA-N,-8.402
PTK2,m05,mut_s1,detail,1,235,VQPURKBPWWQWLN-MRPQGQGYNA-N,-7.126
PTK2,m05,mut_s1,detail,1,236,ITBJAHYMMJZDJN-ZCKBFCLLNA-N,-9.606
PTK2,m05,mut_s1,detail,1,237,GZXBKKWNTBGEDG-PLJOYGPPNA-N,-7.868
PTK2,m05,mut_s1,detail,1,238,GJSOSYVBARIGQO-XBBDFPCNNA-N,-9.342
PTK2,m05,mut_s1,detail,1,239,YWVDGPKULXWYMH-LELJVTLKNA-N,-7.474
PTK2,m05,mut_s1,detail,1,240,DTDCDTSLQAMFQK-PDIVMOMKNA-N,-8.722
PTK2,m05,mut_s1,detail,1,241,ZORDGSDKVXISJV-PKRZOPRNNA-N,-7.679
PTK2,m05,mut_s1,detail,1,242,GTWOAPKUQRYITB-UHFFFAOYNA-N,-8.395
PTK2,m05,mut_s1,detail,1,243,JPUJBYBHHWKSTD-LNNLXFCONA-N,-8.305
PTK2,m05,mut_s1,detail,1,244,PQVHRPXGPBDRRS-LBOYIXSDNA-N,-10.307
PTK2,m05,mut_s1,detail,1,245,JHPUSZOXXQWTST-OKPOJWAQNA-N,-7.109
PTK2,m05,mut_s1,detail,1,246,OWGZIGCUDXOZOS-OWVQZIOCNA-N,-8.203
PTK2,m05,mut_s1,detail,1,247,JUXPFZBFGMXKKR-JFRSHOPRNA-N,-6.891
PTK2,m05,mut_s1,detail,1,248,BWFZLXWRZDSPHK-DYDYTOMVNA-N,-10.175
PTK2,m05,mut_s1,detail,1,249,YQSOGHJBHORMOX-SPEPDGBUNA-N,-8.056
PTK2,m05,mut_s1,detail,1,250,ROFAQOFULLWONA-BBANKYPNNA-N,-7.065
PTK2,m05,mut_s1,detail,1,251,IHGDBIIOKIOQQL-OKPOJWAQNA-N,-8.444
PTK2,m05,mut_s1,detail,1,252,FAYBFUQTMGBOTD-UHFFFAOYNA-N,-9.097
PTK2,m05,mut_s1,detail,1,253,FOYYZIJHMVRFNR-IQICYJEPNA-N,-8.1
PTK2,m05,mut_s1,detail,1,254,MZNKKEVLKPDMRG-ZTQHEBCPNA-N,-8.791
PTK2,m05,mut_s1,detail,1,255,XKUVGAVISPKRJG-IBPUNKHUNA-N,-8.086
PTK2,m06,mut_s1,detail,1,0,IOEYSHPYQPFVLW-WZZIRTBGNA-N,-8.448
PTK2,m06,mut_s1,detail,1,1,KISKAILIUKCVIP-UHFFFAOYNA-N,-6.016
PTK2,m06,mut_s1,detail,1,2,YKFIUFSOZVLGEF-LILDFLRNNA-N,-7.031
PTK2,m06,mut_s1,detail,1,3,TYTJEFRFKUJPEU-UHFFFAOYNA-N,-7.582
PTK2,m06,mut_s1,detail,1,4,TYXDAJJVWKUJGI-CDZRGBSPNA-N,-7.734
PTK2,m06,mut_s1,detail,1,5,IYDIVTPTFGMDBE-UHFFFAOYNA-N,-7.171
PTK2,m06,mut_s1,detail,1,6,LVPPIRFSXIVDCQ-VQHVLOKHNA-N,-6.585
PTK2,m06,mut_s1,detail,1,7,KFWWSDHUPLWRKI-UHFFFAOYNA-N,-8.791
PTK2,m06,mut_s1,detail,1,8,BJHGDBMVHPNALY-YHMJCDSINA-N,-7.294
PTK2,m06,mut_s1,detail,1,9,ODZBBRURCPAEIQ-OASTWBFDNA-N,-7.124
PTK2,m06,mut_s1,detail,1,10,DNYBCGCBUCDEBB-GPQMBLKYNA-N,-6.842
PTK2,m06,mut_s1,detail,1,11,ODTXBYCYUFDWFS-BQYQJAHWNA-N,-6.606
PTK2,m06,mut_s1,detail,1,12,MLMSWRFVLJZNRV-NPVYFSBINA-N,-6.505
PTK2,m06,mut_s1,detail,1,13,YFQNZICTOUKIHD-UHFFFAOYNA-N,-7.74
PTK2,m06,mut_s1,detail,1,14,YWSKAQWSPONVPP-YHMJCDSINA-N,-6.607
PTK2,m06,mut_s1,detail,1,15,FUJBJSOIYVUFSM-DLGLGFIGNA-N,-6.725
PTK2,m06,mut_s1,detail,1,16,CZCAYAUDGHEBQB-UHFFFAOYNA-N,-6.371
PTK2,m06,mut_s1,detail,1,17,LQDMSIRJQBCAGP-UHFFFAOYNA-N,-6.502
PTK2,m06,mut_s1,detail,1,18,DPYXTTMTEAYPOR-UHFFFAOYNA-N,-6.392
PTK2,m06,mut_s1,detail,1,19,ASFLQPSNVCRBOH-UHFFFAOYNA-N,-7.495
PTK2,m06,mut_s1,detail,1,20,KZYALRXGZUUWDD-GTTYORLTNA-N,-6.574
PTK2,m06,mut_s1,detail,1,21,NUTSQHHREHYTAX-PKSOQXRJNA-N,-8.34
PTK2,m06,mut_s1,detail,1,22,GUDLXTFNNCOYNM-UHFFFAOYNA-N,-5.944
PTK2,m06,mut_s1,detail,1,23,BQUGPEQAOGLWFX-HVXXBKQBNA-N,-6.324
PTK2,m06,mut_s1,detail,1,24,XPVZKRRTCHLFRZ-GPQMBLKYNA-N,-7.706
PTK2,m06,mut_s1,detail,1,25,WLKKJQVIXAMEEF-GPQMBLKYNA-N,-6.941
PTK2,m06,mut_s1,detail,1,26,IJOUNEKMVDGTBS-UHFFFAOYNA-N,-7.997
PTK2,m06,mut_s1,detail,1,27,ZIVNUWICSJWDPM-UHFFFAOYNA-N,-7.408
PTK2,m06,mut_s1,detail,1,28,QCHKAZVPUNGJKS-JLOFHYGUNA-N,-7.222
PTK2,m06,mut_s1,detail,1,29,OBZIQQJJIKNWNO-UHFFFAOYNA-N,-5.609
PTK2,m06,mut_s1,detail,1,30,SKYBQLOFXJZRTN-UHFFFAOYNA-N,-6.542
PTK2,m06,mut_s1,detail,1,31,MCFVPJFLLJZVMJ-CMLSCEPHNA-N,-7.148
PTK2,m06,mut_s1,detail,1,32,GBSDYRSNVCORPF-JJEHQABKNA-N,-7.907
PTK2,m06,mut_s1,detail,1,33,OFMKKSBAKSDTKO-UHFFFAOYNA-N,-6.612
PTK2,m06,mut_s1,detail,1,34,CJBYLTVVRIPQAN-HOCLYGCPNA-N,-7.569
PTK2,m06,mut_s1,detail,1,35,HDYUIMHCGQNIMV-LILDFLRNNA-N,-8.914
PTK2,m06,mut_s1,detail,1,36,ICJZSDARRFSAJS-ZRHHXPTGNA-N,-6.652
PTK2,m06,mut_s1,detail,1,37,AIPXFBGCADYFMV-VEWCPZSHNA-N,-7.299
PTK2,m06,mut_s1,detail,1,38,GPCWYPVIFBLEET-UHFFFAOYNA-N,-6.959
PTK2,m06,mut_s1,detail,1,39,QWIUSZJTTPRTFQ-UHFFFAOYNA-N,-7.907
PTK2,m06,mut_s1,detail,1,40,MAPKZZFZZACUDG-UHFFFAOYNA-N,-6.327
PTK2,m06,mut_s1,detail,1,41,CESCXFZYHYMYGN-SPRAGNMINA-N,-6.728
PTK2,m06,mut_s1,detail,1,42,BNCSDXOYJVYYGP-UHFFFAOYNA-N,-7.876
PTK2,m06,mut_s1,detail,1,43,ZGPKQJAKEQZFLZ-UHFFFAOYNA-N,-7.034
PTK2,m06,mut_s1,detail,1,44,OHPBVIYSDIHFKK-LUXCBXFANA-N,-6.834
PTK2,m06,mut_s1,detail,1,45,BYYMILHAKOURNM-YHMJCDSINA-N,-6.066
PTK2,m06,mut_s1,detail,1,46,YTWHBYPYZLSPLQ-UHFFFAOYNA-N,-7.52
PTK2,m06,mut_s1,detail,1,47,MMXGXIVVWSANMS-ZYCJFAKPNA-N,-7.625
PTK2,m06,mut_s1,detail,1,48,RTBVWPVXLVPYGF-UHFFFAOYNA-N,-8.017
PTK2,m06,mut_s1,detail,1,49,NLENUXQYGCDSNE-YSFRZULJNA-N,-7.879
PTK2,m06,mut_s1,detail,1,50,OXAJWSLXTCIFFP-WXRBYKJCNA-N,-5.924
PTK2,m06,mut_s1,detail,1,51,GJDNHSKMTWUSHC-WYUMXYHSNA-N,-6.674
PTK2,m06,mut_s1,detail,1,52,OSBGPHZLIBZPGJ-NLMIROKBNA-N,-7.069
PTK2,m06,mut_s1,detail,1,53,AISUMVRDEXUUBA-YGPBECBDNA-N,-8.084
PTK2,m06,mut_s1,detail,1,54,KLWXBHSHSIBXJA-WYUMXYHSNA-N,-7.809
PTK2,m06,mut_s1,detail,1,55,MWMWFASTTPZIJX-LUXCBXFANA-N,-6.474
PTK2,m06,mut_s1,detail,1,56,RJTAILIIHYBAPJ-UHFFFAOYNA-N,-5.415
PTK2,m06,mut_s1,detail,1,57,VFAQKHZBOKAOSQ-UKTHLTGXNA-N,-7.55
PTK2,m06,mut_s1,detail,1,58,YLUKCEIRYXNIJA-HCKMINDGNA-N,-7.712
PTK2,m06,mut_s1,detail,1,59,ICKPGBPIOPGQTC-ZLGIYAABNA-N,-7.0
PTK2,m06,mut_s1,detail,1,60,LTYXRKCXVDROIY-RVQYIEHVNA-N,-6.667
PTK2,m06,mut_s1,detail,1,61,QWHFPWNHELQSDQ-DZQCGVKKNA-N,-7.706
PTK2,m06,mut_s1,detail,1,62,MVTATEZHUZEZCK-UYBDAZJANA-N,-7.663
PTK2,m06,mut_s1,detail,1,63,GDRUXNLFXUVALW-YHMJCDSINA-N,-6.841
PTK2,m06,mut_s1,detail,1,64,IXWJKTRPHYKVFW-XFDRBGHPNA-N,-7.8
PTK2,m06,mut_s1,detail,1,65,RGHANNJVNFHOMO-PKSOQXRJNA-N,-8.638
PTK2,m06,mut_s1,detail,1,66,VWKMEDUACYWLSV-UYBDAZJANA-N,-7.869
PTK2,m06,mut_s1,detail,1,67,IUKOSEPLJGRTJW-QWOVJGMINA-N,-9.102
PTK2,m06,mut_s1,detail,1,68,FVNOYPBUEJMUJE-UYBDAZJANA-N,-7.969
PTK2,m06,mut_s1,detail,1,69,PHEJGIHBLBFCLD-WAVQYLLINA-N,-8.642
PTK2,m06,mut_s1,detail,1,70,YAPUUUKLOXTMRU-HCKMINDGNA-N,-7.682
PTK2,m06,mut_s1,detail,1,71,NTYXBURNBUVSBD-QWOVJGMINA-N,-7.839
PTK2,m06,mut_s1,detail,1,72,MELKZDAJKCQHEJ-UHFFFAOYNA-N,-7.6
PTK2,m06,mut_s1,detail,1,73,PTOCRBNMWIXUJH-YHMJCDSINA-N,-7.572
PTK2,m06,mut_s1,detail,1,74,POLODSDKFZPSMC-LILDFLRNNA-N,-7.821
PTK2,m06,mut_s1,detail,1,75,JHSMZFWFBBVUDZ-UHFFFAOYNA-N,-8.884
PTK2,m06,mut_s1,detail,1,76,VMNYXYDPHKHXOJ-HCKMINDGNA-N,-7.378
PTK2,m06,mut_s1,detail,1,77,GYGFWUNSKKZJNC-UHFFFAOYNA-N,-7.805
PTK2,m06,mut_s1,detail,1,78,DNIJCXVBKOHALG-IDQLRGLVNA-N,-8.166
PTK2,m06,mut_s1,detail,1,79,GBGJFVRPQGILNH-JLGFQASFNA-N,-7.598
PTK2,m06,mut_s1,detail,1,80,OGYLVZMARUPAHP-BDGWVKIONA-N,-7.924
PTK2,m06,mut_s1,detail,1,81,CGNRLGKHPYEVRU-UYBDAZJANA-N,-8.635
PTK2,m06,mut_s1,detail,1,82,QDBCQJCQGPPNHU-UHFFFAOYNA-N,-8.182
PTK2,m06,mut_s1,detail,1,83,NDDXLFAARQEPKC-UHFFFAOYNA-N,-8.531
PTK2,m06,mut_s1,detail,1,84,XHMFDOIXIIEIIC-UHFFFAOYNA-N,-7.025
PTK2,m06,mut_s1,detail,1,85,AGLMSXHTTUWGMJ-PKSOQXRJNA-N,-8.821
PTK2,m06,mut_s1,detail,1,86,ZXPAKNNNSOJNPO-UHFFFAOYNA-N,-7.594
PTK2,m06,mut_s1,detail,1,87,IHQNHWIJVRBCJV-UHFFFAOYNA-N,-8.593
PTK2,m06,mut_s1,detail,1,88,RMKFZACOOVWLAE-GGEHTAOSNA-N,-8.689
PTK2,m06,mut_s1,detail,1,89,DYSOMJVQHUQQEB-UHFFFAOYNA-N,-8.226
PTK2,m06,mut_s1,detail,1,90,NOCFDFQYZHBTNN-UHFFFAOYNA-N,-7.597
PTK2,m06,mut_s1,detail,1,91,SPVWQKGFZYAZQL-UHFFFAOYNA-N,-8.664
PTK2,m06,mut_s1,detail,1,92,DMXNRKKYFNEWPP-DMNNQDHHNA-N,-8.573
PTK2,m06,mut_s1,detail,1,93,RCJPJXXLZLDCKI-PKSOQXRJNA-N,-7.87
PTK2,m06,mut_s1,detail,1,94,KGTHCGXLPNILHR-UHFFFAOYNA-N,-7.915
PTK2,m06,mut_s1,detail,1,95,NWWYETOECIPWOT-CYHZHTKENA-N,-8.105
PTK2,m06,mut_s1,detail,1,96,NTSJGFMDUAVRPY-UHFFFAOYNA-N,-8.602
PTK2,m06,mut_s1,detail,1,97,SBVPMOUWJBOMKA-JTVQLVGJNA-O,-7.542
PTK2,m06,mut_s1,detail,1,98,LDNHSKULSWUSNY-UHFFFAOYNA-N,-8.883
PTK2,m06,mut_s1,detail,1,99,ASAZLTYOWNNDLD-UHFFFAOYNA-N,-7.579
PTK2,m06,mut_s1,detail,1,100,XRTRVAKJWCIIMD-UHFFFAOYNA-N,-6.725
PTK2,m06,mut_s1,detail,1,101,ZLTWUZJNYQVQEJ-UYBDAZJANA-N,-8.461
PTK2,m06,mut_s1,detail,1,102,DEYFWGXTPWNADC-UHFFFAOYNA-N,-7.95
PTK2,m06,mut_s1,detail,1,103,RHQFMXUIKVEHFK-MPIMZMORNA-N,-7.783
PTK2,m06,mut_s1,detail,1,104,DRDGAKFCORUZED-LILDFLRNNA-N,-7.783
PTK2,m06,mut_s1,detail,1,105,LQZNOWQYGFIKRM-HVXXBKQBNA-N,-7.677
PTK2,m06,mut_s1,detail,1,106,QJNYENHUMXSMRP-UHFFFAOYNA-N,-8.376
PTK2,m06,mut_s1,detail,1,107,LQILAXPPHLDIFO-NPVYFSBINA-N,-7.141
PTK2,m06,mut_s1,detail,1,108,KACOTQQTSDQWNO-UHFFFAOYNA-N,-8.074
PTK2,m06,mut_s1,detail,1,109,QLEMXKCIAQLFMM-UHFFFAOYNA-N,-8.19
PTK2,m06,mut_s1,detail,1,110,BHLVHZWLMVLRIX-LILDFLRNNA-N,-7.061
PTK2,m06,mut_s1,detail,1,111,IJNMKCHEXHHJKS-GPQMBLKYNA-N,-7.005
PTK2,m06,mut_s1,detail,1,112,LIBKCWSTNJMFGU-BDGWVKIONA-N,-8.201
PTK2,m06,mut_s1,detail,1,113,AJJBBFYAASSTLA-XOFPBXMJNA-N,-7.66
PTK2,m06,mut_s1,detail,1,114,IAIOYYRVPMGOSB-PKSOQXRJNA-N,-9.281
PTK2,m06,mut_s1,detail,1,115,CFYPAIWQFFEAEL-UHFFFAOYNA-N,-7.976
PTK2,m06,mut_s1,detail,1,116,VYJSEMNZGPEKAE-QWOVJGMINA-N,-8.51
PTK2,m06,mut_s1,detail,1,117,GATJUUWXCJCVEK-GPQMBLKYNA-N,-7.37
PTK2,m06,mut_s1,detail,1,118,ISQNQSRGAXUFGW-UHFFFAOYNA-N,-6.767
PTK2,m06,mut_s1,detail,1,119,MCVMARUOYHWORW-UHFFFAOYNA-N,-8.035
PTK2,m06,mut_s1,detail,1,120,LQMFCWRONUNRTP-FWKJIXDGNA-N,-7.622
PTK2,m06,mut_s1,detail,1,121,HJWFQDWOWDPIBE-HPHMPNDVNA-N,-8.195
PTK2,m06,mut_s1,detail,1,122,OSJCPZAKZHSNDS-UHFFFAOYNA-N,-8.585
PTK2,m06,mut_s1,detail,1,123,OPLHOPJAFJJLPX-HNNXBMFYNA-N,-8.357
PTK2,m06,mut_s1,detail,1,124,DZQRHJBYIOEZHV-PKSOQXRJNA-N,-8.536
PTK2,m06,mut_s1,detail,1,125,ZCFXIPSPKDGCHW-HSJCKIQZNA-N,-6.793
PTK2,m06,mut_s1,detail,1,126,BVGKQXNISGPHHP-UYBDAZJANA-N,-7.201
PTK2,m06,mut_s1,detail,1,127,WWGWJOHBDMYLBT-PKSOQXRJNA-N,-6.357
PTK2,m06,mut_s1,detail,1,128,JGDGIOMUQREIHP-BATSNZJTNA-N,-6.894
PTK2,m06,mut_s1,detail,1,129,LJDDSNOWUABFAP-HPRFPMAVNA-N,-8.579
PTK2,m06,mut_s1,detail,1,130,MBDOYHYQUXBBFT-UHFFFAOYNA-N,-9.154
PTK2,m06,mut_s1,detail,1,131,AGJUEHKKCLPMSY-LQFNOIFHNA-N,-7.952
PTK2,m06,mut_s1,detail,1,132,UMCUVZSSUIPNCL-BEMXBZHGNA-N,-9.068
PTK2,m06,mut_s1,detail,1,133,NKZFBKUWUIWQEM-LNNLXFCONA-N,-8.001
PTK2,m06,mut_s1,detail,1,134,GQNKLNZBZDEAMD-VQHCSMNLNA-N,-9.244
PTK2,m06,mut_s1,detail,1,135,UZNJTHHFIAFJGO-LQFNOIFHNA-N,-8.01
PTK2,m06,mut_s1,detail,1,136,LAFAEGAOHGJFCB-UHFFFAOYNA-N,-7.853
PTK2,m06,mut_s1,detail,1,137,QVHZVCDVVJVJRX-LNNLXFCONA-N,-8.997
PTK2,m06,mut_s1,detail,1,138,MWRHMRJPYFQMSQ-LNNLXFCONA-N,-7.864
PTK2,m06,mut_s1,detail,1,139,GCAQZYOXIVYDMN-PKSOQXRJNA-N,-7.207
PTK2,m06,mut_s1,detail,1,140,YJGPQCADKRAQFX-ZSDIGFPLNA-N,-8.937
PTK2,m06,mut_s1,detail,1,141,UZYMAWCMCCVCOW-BUKGPZPNNA-N,-7.975
PTK2,m06,mut_s1,detail,1,142,ZWSLJIFYDPKRSQ-XBXBPLPCNA-N,-9.439
PTK2,m06,mut_s1,detail,1,143,IJNTWIFESBAWCT-QWOVJGMINA-N,-8.892
PTK2,m06,mut_s1,detail,1,144,CXIYFBKPJSQXDU-WDUJWNCGNA-N,-8.913
PTK2,m06,mut_s1,detail,1,145,HWJNHVLCTGREAL-MPIMZMORNA-N,-8.003
PTK2,m06,mut_s1,detail,1,146,LHOSZRWWPIJINL-OLZOCXBDNA-N,-8.512
PTK2,m06,mut_s1,detail,1,147,DTEYRIFHHIHDHU-UHFFFAOYNA-N,-6.927
PTK2,m06,mut_s1,detail,1,148,NJZCVKDKMNRXTG-UHFFFAOYNA-N,-7.777
PTK2,m06,mut_s1,detail,1,149,NACLGLYMVLABDU-LNNLXFCONA-N,-8.608
PTK2,m06,mut_s1,detail,1,150,IDINUJSAMVOPCM-CNZJLSFANA-N,-5.558
PTK2,m06,mut_s1,detail,1,151,PGBPNHAAMLZTQB-LQFNOIFHNA-N,-7.25
PTK2,m06,mut_s1,detail,1,152,BCTINLARZZWKRE-MPIMZMORNA-N,-8.188
PTK2,m06,mut_s1,detail,1,153,JURXDQRYEGNLBW-LQFNOIFHNA-N,-8.033
PTK2,m06,mut_s1,detail,1,154,FBPQELGZQDQSII-LELJVTLKNA-N,-8.672
PTK2,m06,mut_s1,detail,1,155,ADBHXWFSFPPXEX-BDGWVKIONA-N,-8.121
PTK2,m06,mut_s1,detail,1,156,YUGZHQHSNYIFLG-KYSDGFAFNA-N,-7.951
PTK2,m06,mut_s1,detail,1,157,ZNDSONVEXMWLSF-QWOVJGMINA-N,-8.753
PTK2,m06,mut_s1,detail,1,158,QWCQVNIBTYLOHK-ZGZFQTMPNA-N,-9.817
PTK2,m06,mut_s1,detail,1,159,BELUGELSHVLAOZ-UHFFFAOYNA-N,-8.249
PTK2,m06,mut_s1,detail,1,160,HILDYDZVQRXXOI-LQFNOIFHNA-N,-7.483
PTK2,m06,mut_s1,detail,1,161,PTIIXGUDALPUPA-QWOVJGMINA-N,-8.473
PTK2,m06,mut_s1,detail,1,162,YWGOPEGGEGNDLS-UHFFFAOYNA-N,-6.783
PTK2,m06,mut_s1,detail,1,163,HXTQSKXJHJDGCP-UHFFFAOYNA-N,-8.267
PTK2,m06,mut_s1,detail,1,164,QMJHGNGJQQDHLD-PWIKPTQSNA-N,-7.761
PTK2,m06,mut_s1,detail,1,165,QZJYCFURESLRJX-UHFFFAOYNA-N,-7.476
PTK2,m06,mut_s1,detail,1,166,PDXQTFKIABMOFL-PDJAEHLQNA-N,-8.727
PTK2,m06,mut_s1,detail,1,167,REJJFCJYMVTFDN-PKRZOPRNNA-N,-8.131
PTK2,m06,mut_s1,detail,1,168,XGCSEQRDRFMGIU-LQFNOIFHNA-N,-8.396
PTK2,m06,mut_s1,detail,1,169,JJGWOCRPVQWXQG-ADQRUKDLNA-N,-7.686
PTK2,m06,mut_s1,detail,1,170,GEOCCLDMHBSVOL-UCDLDMSTNA-N,-8.164
PTK2,m06,mut_s1,detail,1,171,SMRGDRXOPYCHTR-SWUIVHNENA-N,-8.985
PTK2,m06,mut_s1,detail,1,172,RVFKUHZRUWXOIN-UHFFFAOYNA-N,-7.809
PTK2,m06,mut_s1,detail,1,173,BCXKIFJJJGSVDX-DXAUXPAJNA-N,-9.175
PTK2,m06,mut_s1,detail,1,174,WMPTUJZAWOBWLG-CMJFTGLXNA-N,-7.24
PTK2,m06,mut_s1,detail,1,175,ADAXUYSMOAZWKV-XBTAAFKLNA-N,-8.791
PTK2,m06,mut_s1,detail,1,176,QYOZNVCKISSENR-MRXNPFEDNA-N,-8.186
PTK2,m06,mut_s1,detail,1,177,XPINCFKWHIFHMC-WXFUMESZNA-N,-8.565
PTK2,m06,mut_s1,detail,1,178,ZGSQEILYEFGFIF-UHFFFAOYNA-N,-9.658
PTK2,m06,mut_s1,detail,1,179,CKRUVOWUUADMOW-LNNLXFCONA-N,-9.245
PTK2,m06,mut_s1,detail,1,180,QGZIKUYIROAFSE-QWOVJGMINA-N,-7.721
PTK2,m06,mut_s1,detail,1,181,KOFXCNSHSJISSQ-QWOVJGMINA-N,-8.856
PTK2,m06,mut_s1,detail,1,182,DCRJFLHNZRDYMM-UHFFFAOYNA-N,-8.959
PTK2,m06,mut_s1,detail,1,183,LIRCDOVJWUGTMW-IOQNOLELNA-N,-7.497
PTK2,m06,mut_s1,detail,1,184,FWYQXRWQFDPBIS-UHFFFAOYNA-N,-7.015
PTK2,m06,mut_s1,detail,1,185,LJRBIPYUCLSKJK-DVIAZDKANA-N,-8.563
PTK2,m06,mut_s1,detail,1,186,BSIVILSRVBLGQR-UHFFFAOYNA-N,-7.744
PTK2,m06,mut_s1,detail,1,187,DNDLSAMFYFNHBR-MPIMZMORNA-N,-7.917
PTK2,m06,mut_s1,detail,1,188,VFPJNRIWJIXUCK-UHFFFAOYNA-N,-7.809
PTK2,m06,mut_s1,detail,1,189,ZSYGHBADRJNZOU-UXUKNDFSNA-N,-7.285
PTK2,m06,mut_s1,detail,1,190,XQDLITNOVPCUMD-MPIMZMORNA-N,-8.568
PTK2,m06,mut_s1,detail,1,191,UCSBKUKETUKSSX-ZFJUVRDGNA-N,-7.92
PTK2,m06,mut_s1,detail,1,192,NZATZZGINMWOIA-QWOVJGMINA-N,-7.435
PTK2,m06,mut_s1,detail,1,193,PMGLUWPDZIVUOU-BKTFGIEZNA-N,-7.849
PTK2,m06,mut_s1,detail,1,194,QTYJLSSXENXPIA-XYULLFFJNA-N,-8.35
PTK2,m06,mut_s1,detail,1,195,ZDNRYSVLOMAJEZ-HZCBDIJENA-N,-9.04
PTK2,m06,mut_s1,detail,1,196,DPXQIUFPULXIFR-YETNDYBYNA-N,-7.2
PTK2,m06,mut_s1,detail,1,197,JEUQHZZAJFLFGO-MTTPVDACNA-N,-9.182
PTK2,m06,mut_s1,detail,1,198,ZWTFULMWPLLWNJ-UQMRZGFWNA-N,-8.682
PTK2,m06,mut_s1,detail,1,199,KDLLVDABAMKMLD-MJHPXVFFNA-N,-9.077
PTK2,m06,mut_s1,detail,1,200,CFYCLLUGGRSIQV-SPEPDGBUNA-N,-8.335
PTK2,m06,mut_s1,detail,1,201,CEZXHQCRLXZSBQ-IOZBVXGWNA-N,-7.375
PTK2,m06,mut_s1,detail,1,202,NOORAIXTPJNFDH-LAEBNAIWNA-N,-9.528
PTK2,m06,mut_s1,detail,1,203,VBFOTEWTMOETMO-PECIQRARNA-N,-8.45
PTK2,m06,mut_s1,detail,1,204,QLDHAZGAAUZOIP-LELJVTLKNA-N,-7.249
PTK2,m06,mut_s1,detail,1,205,ULIWBOHRWMGXPR-UHFFFAOYNA-N,-6.963
PTK2,m06,mut_s1,detail,1,206,CQRFGBFTRUHNJZ-LKHHGCNMNA-N,-8.547
PTK2,m06,mut_s1,detail,1,207,TVOUXLLNJXDHQR-MHZLTWQENA-N,-7.653
PTK2,m06,mut_s1,detail,1,208,MDSZUHOJNMNHJP-XBXBPLPCNA-N,-8.591
PTK2,m06,mut_s1,detail,1,209,GSKUSCWGMPZHKN-UHFFFAOYNA-N,-8.06
PTK2,m06,mut_s1,detail,1,210,LLUVDTDYDBDPFM-LBOYIXSDNA-N,-8.506
PTK2,m06,mut_s1,detail,1,211,CJPGWGLZKUWPFH-PWIKPTQSNA-N,-9.382
PTK2,m06,mut_s1,detail,1,212,MZLKAOWOIKALKR-LBOYIXSDNA-N,-8.402
PTK2,m06,mut_s1,detail,1,213,LYSAYZQUELVCGD-PJQSKVNONA-N,-7.411
PTK2,m06,mut_s1,detail,1,214,JBNMTQSSQCWSDW-NVENJYFMNA-N,-9.16
PTK2,m06,mut_s1,detail,1,215,CJAAXOOTFVSSKN-LKHHGCNMNA-N,-8.026
PTK2,m06,mut_s1,detail,1,216,WAVBTKPDIZFGSX-VJSLDGLSNA-N,-8.521
PTK2,m06,mut_s1,detail,1,217,FAYAHNACYAINBY-HRNBZBKQNA-N,-8.032
PTK2,m06,mut_s1,detail,1,218,ZHTJPKSSWTVTNA-PKRZOPRNNA-N,-8.967
PTK2,m06,mut_s1,detail,1,219,QRBHMNKXVMROIF-UHFFFAOYNA-N,-8.698
PTK2,m06,mut_s1,detail,1,220,BBDHNYKAQBEFTI-YSGSGMNWNA-N,-9.256
PTK2,m06,mut_s1,detail,1,221,PABHZRMPKXHYHB-MCITUVFDNA-N,-8.836
PTK2,m06,mut_s1,detail,1,222,BUEIPNNFYVCFLC-LELJVTLKNA-N,-7.829
PTK2,m06,mut_s1,detail,1,223,KKUNUMXHGLIOMX-WUSLAWIHNA-N,-9.295
PTK2,m06,mut_s1,detail,1,224,YGYOXSDMMNBVMH-PKRZOPRNNA-N,-8.545
PTK2,m06,mut_s1,detail,1,225,XRSGABXRLAWEDU-LQFNOIFHNA-N,-8.753
PTK2,m06,mut_s1,detail,1,226,AOTIBSKKXZHYRO-SPEPDGBUNA-N,-6.993
PTK2,m06,mut_s1,detail,1,227,RULOOZJTFYDVKV-LBOYIXSDNA-N,-8.036
PTK2,m06,mut_s1,detail,1,228,MFAMCZQOBFOTPV-LELJVTLKNA-N,-8.412
PTK2,m06,mut_s1,detail,1,229,RZBTZDHWOMTELG-UHFFFAOYNA-N,-8.846
PTK2,m06,mut_s1,detail,1,230,YBQSBCXVFMWVGY-UHFFFAOYNA-N,-9.335
PTK2,m06,mut_s1,detail,1,231,MFEDJQGOERVAHD-HXTKINSTNA-N,-7.778
PTK2,m06,mut_s1,detail,1,232,XGDJUMSXIASBOC-RGVBFFNGNA-N,-8.559
PTK2,m06,mut_s1,detail,1,233,INZVCQWDAXDGMY-UHFFFAOYNA-N,-8.815
PTK2,m06,mut_s1,detail,1,234,VSMNBGANRJLEFT-PECIQRARNA-N,-8.74
PTK2,m06,mut_s1,detail,1,235,VQPURKBPWWQWLN-MRPQGQGYNA-N,-7.542
PTK2,m06,mut_s1,detail,1,236,ITBJAHYMMJZDJN-ZCKBFCLLNA-N,-9.737
PTK2,m06,mut_s1,detail,1,237,GZXBKKWNTBGEDG-PLJOYGPPNA-N,-8.328
PTK2,m06,mut_s1,detail,1,238,GJSOSYVBARIGQO-XBBDFPCNNA-N,-9.672
PTK2,m06,mut_s1,detail,1,239,YWVDGPKULXWYMH-LELJVTLKNA-N,-7.835
PTK2,m06,mut_s1,detail,1,240,DTDCDTSLQAMFQK-PDIVMOMKNA-N,-9.062
PTK2,m06,mut_s1,detail,1,241,ZORDGSDKVXISJV-PKRZOPRNNA-N,-8.311
PTK2,m06,mut_s1,detail,1,242,GTWOAPKUQRYITB-UHFFFAOYNA-N,-9.002
PTK2,m06,mut_s1,detail,1,243,JPUJBYBHHWKSTD-LNNLXFCONA-N,-8.79
PTK2,m06,mut_s1,detail,1,244,PQVHRPXGPBDRRS-LBOYIXSDNA-N,-10.876
PTK2,m06,mut_s1,detail,1,245,JHPUSZOXXQWTST-OKPOJWAQNA-N,-7.37
PTK2,m06,mut_s1,detail,1,246,OWGZIGCUDXOZOS-OWVQZIOCNA-N,-8.655
PTK2,m06,mut_s1,detail,1,247,JUXPFZBFGMXKKR-JFRSHOPRNA-N,-6.774
PTK2,m06,mut_s1,detail,1,248,BWFZLXWRZDSPHK-DYDYTOMVNA-N,-10.642
PTK2,m06,mut_s1,detail,1,249,YQSOGHJBHORMOX-SPEPDGBUNA-N,-8.253
PTK2,m06,mut_s1,detail,1,250,ROFAQOFULLWONA-BBANKYPNNA-N,-7.598
PTK2,m06,mut_s1,detail,1,251,IHGDBIIOKIOQQL-OKPOJWAQNA-N,-8.874
PTK2,m06,mut_s1,detail,1,252,FAYBFUQTMGBOTD-UHFFFAOYNA-N,-8.647
PTK2,m06,mut_s1,detail,1,253,FOYYZIJHMVRFNR-IQICYJEPNA-N,-8.753
PTK2,m06,mut_s1,detail,1,254,MZNKKEVLKPDMRG-ZTQHEBCPNA-N,-9.807
PTK2,m06,mut_s1,detail,1,255,XKUVGAVISPKRJG-IBPUNKHUNA-N,-8.758
PTK2,m07,mut_s1,detail,1,0,IOEYSHPYQPFVLW-WZZIRTBGNA-N,-8.209
PTK2,m07,mut_s1,detail,1,1,KISKAILIUKCVIP-UHFFFAOYNA-N,-6.291
PTK2,m07,mut_s1,detail,1,2,YKFIUFSOZVLGEF-LILDFLRNNA-N,-7.061
PTK2,m07,mut_s1,detail,1,3,TYTJEFRFKUJPEU-UHFFFAOYNA-N,-7.711
PTK2,m07,mut_s1,detail,1,4,TYXDAJJVWKUJGI-CDZRGBSPNA-N,-7.385
PTK2,m07,mut_s1,detail,1,5,IYDIVTPTFGMDBE-UHFFFAOYNA-N,-7.722
PTK2,m07,mut_s1,detail,1,6,LVPPIRFSXIVDCQ-VQHVLOKHNA-N,-6.865
PTK2,m07,mut_s1,detail,1,7,KFWWSDHUPLWRKI-UHFFFAOYNA-N,-9.14
PTK2,m07,mut_s1,detail,1,8,BJHGDBMVHPNALY-YHMJCDSINA-N,-7.235
PTK2,m07,mut_s1,detail,1,9,ODZBBRURCPAEIQ-OASTWBFDNA-N,-6.847
PTK2,m07,mut_s1,detail,1,10,DNYBCGCBUCDEBB-GPQMBLKYNA-N,-7.442
PTK2,m07,mut_s1,detail,1,11,ODTXBYCYUFDWFS-BQYQJAHWNA-N,-6.638
PTK2,m07,mut_s1,detail,1,12,MLMSWRFVLJZNRV-NPVYFSBINA-N,-6.719
PTK2,m07,mut_s1,detail,1,13,YFQNZICTOUKIHD-UHFFFAOYNA-N,-8.015
PTK2,m07,mut_s1,detail,1,14,YWSKAQWSPONVPP-YHMJCDSINA-N,-6.68
PTK2,m07,mut_s1,detail,1,15,FUJBJSOIYVUFSM-DLGLGFIGNA-N,-6.962
PTK2,m07,mut_s1,detail,1,16,CZCAYAUDGHEBQB-UHFFFAOYNA-N,-5.657
PTK2,m07,mut_s1,detail,1,17,LQDMSIRJQBCAGP-UHFFFAOYNA-N,-5.824
PTK2,m07,mut_s1,detail,1,18,DPYXTTMTEAYPOR-UHFFFAOYNA-N,-6.109
PTK2,m07,mut_s1,detail,1,19,ASFLQPSNVCRBOH-UHFFFAOYNA-N,-7.551
PTK2,m07,mut_s1,detail,1,20,KZYALRXGZUUWDD-GTTYORLTNA-N,-6.492
PTK2,m07,mut_s1,detail,1,21,NUTSQHHREHYTAX-PKSOQXRJNA-N,-7.93
PTK2,m07,mut_s1,detail,1,22,GUDLXTFNNCOYNM-UHFFFAOYNA-N,-5.623
PTK2,m07,mut_s1,detail,1,23,BQUGPEQAOGLWFX-HVXXBKQBNA-N,-6.596
PTK2,m07,mut_s1,detail,1,24,XPVZKRRTCHLFRZ-GPQMBLKYNA-N,-8.145
PTK2,m07,mut_s1,detail,1,25,WLKKJQVIXAMEEF-GPQMBLKYNA-N,-7.123
PTK2,m07,mut_s1,detail,1,26,IJOUNEKMVDGTBS-UHFFFAOYNA-N,-7.709
PTK2,m07,mut_s1,detail,1,27,ZIVNUWICSJWDPM-UHFFFAOYNA-N,-7.435
PTK2,m07,mut_s1,detail,1,28,QCHKAZVPUNGJKS-JLOFHYGUNA-N,-6.632
PTK2,m07,mut_s1,detail,1,29,OBZIQQJJIKNWNO-UHFFFAOYNA-N,-5.558
PTK2,m07,mut_s1,detail,1,30,SKYBQLOFXJZRTN-UHFFFAOYNA-N,-6.368
PTK2,m07,mut_s1,detail,1,31,MCFVPJFLLJZVMJ-CMLSCEPHNA-N,-6.813
PTK2,m07,mut_s1,detail,1,32,GBSDYRSNVCORPF-JJEHQABKNA-N,-7.934
PTK2,m07,mut_s1,detail,1,33,OFMKKSBAKSDTKO-UHFFFAOYNA-N,-6.765
PTK2,m07,mut_s1,detail,1,34,CJBYLTVVRIPQAN-HOCLYGCPNA-N,-7.306
PTK2,m07,mut_s1,detail,1,35,HDYUIMHCGQNIMV-LILDFLRNNA-N,-8.757
PTK2,m07,mut_s1,detail,1,36,ICJZSDARRFSAJS-ZRHHXPTGNA-N,-7.154
PTK2,m07,mut_s1,detail,1,37,AIPXFBGCADYFMV-VEWCPZSHNA-N,-7.449
PTK2,m07,mut_s1,detail,1,38,GPCWYPVIFBLEET-UHFFFAOYNA-N,-7.163
PTK2,m07,mut_s1,detail,1,39,QWIUSZJTTPRTFQ-UHFFFAOYNA-N,-8.18
PTK2,m07,mut_s1,detail,1,40,MAPKZZFZZACUDG-UHFFFAOYNA-N,-6.384
PTK2,m07,mut_s1,detail,1,41,CESCXFZYHYMYGN-SPRAGNMINA-N,-6.607
PTK2,m07,mut_s1,detail,1,42,BNCSDXOYJVYYGP-UHFFFAOYNA-N,-7.638
PTK2,m07,mut_s1,detail,1,43,ZGPKQJAKEQZFLZ-UHFFFAOYNA-N,-7.043
PTK2,m07,mut_s1,detail,1,44,OHPBVIYSDIHFKK-LUXCBXFANA-N,-6.793
PTK2,m07,mut_s1,detail,1,45,BYYMILHAKOURNM-YHMJCDSINA-N,-5.634
PTK2,m07,mut_s1,detail,1,46,YTWHBYPYZLSPLQ-UHFFFAOYNA-N,-7.408
PTK2,m07,mut_s1,detail,1,47,MMXGXIVVWSANMS-ZYCJFAKPNA-N,-7.883
PTK2,m07,mut_s1,detail,1,48,RTBVWPVXLVPYGF-UHFFFAOYNA-N,-8.235
PTK2,m07,mut_s1,detail,1,49,NLENUXQYGCDSNE-YSFRZULJNA-N,-7.649
PTK2,m07,mut_s1,detail,1,50,OXAJWSLXTCIFFP-WXRBYKJCNA-N,-5.982
PTK2,m07,mut_s1,detail,1,51,GJDNHSKMTWUSHC-WYUMXYHSNA-N,-6.703
PTK2,m07,mut_s1,detail,1,52,OSBGPHZLIBZPGJ-NLMIROKBNA-N,-6.646
PTK2,m07,mut_s1,detail,1,53,AISUMVRDEXUUBA-YGPBECBDNA-N,-8.314
PTK2,m07,mut_s1,detail,1,54,KLWXBHSHSIBXJA-WYUMXYHSNA-N,-7.494
PTK2,m07,mut_s1,detail,1,55,MWMWFASTTPZIJX-LUXCBXFANA-N,-6.067
PTK2,m07,mut_s1,detail,1,56,RJTAILIIHYBAPJ-UHFFFAOYNA-N,-5.251
PTK2,m07,mut_s1,detail,1,57,VFAQKHZBOKAOSQ-UKTHLTGXNA-N,-7.119
PTK2,m07,mut_s1,detail,1,58,YLUKCEIRYXNIJA-HCKMINDGNA-N,-7.185
PTK2,m07,mut_s1,detail,1,59,ICKPGBPIOPGQTC-ZLGIYAABNA-N,-7.331
PTK2,m07,mut_s1,detail,1,60,LTYXRKCXVDROIY-RVQYIEHVNA-N,-6.82
PTK2,m07,mut_s1,detail,1,61,QWHFPWNHELQSDQ-DZQCGVKKNA-N,-7.744
PTK2,m07,mut_s1,detail,1,62,MVTATEZHUZEZCK-UYBDAZJANA-N,-7.156
PTK2,m07,mut_s1,detail,1,63,GDRUXNLFXUVALW-YHMJCDSINA-N,-6.643
PTK2,m07,mut_s1,detail,1,64,IXWJKTRPHYKVFW-XFDRBGHPNA-N,-7.713
PTK2,m07,mut_s1,detail,1,65,RGHANNJVNFHOMO-PKSOQXRJNA-N,-8.494
PTK2,m07,mut_s1,detail,1,66,VWKMEDUACYWLSV-UYBDAZJANA-N,-7.798
PTK2,m07,mut_s1,detail,1,67,IUKOSEPLJGRTJW-QWOVJGMINA-N,-7.716
PTK2,m07,mut_s1,detail,1,68,FVNOYPBUEJMUJE-UYBDAZJANA-N,-7.581
PTK2,m07,mut_s1,detail,1,69,PHEJGIHBLBFCLD-WAVQYLLINA-N,-8.353
PTK2,m07,mut_s1,detail,1,70,YAPUUUKLOXTMRU-HCKMINDGNA-N,-6.934
PTK2,m07,mut_s1,detail,1,71,NTYXBURNBUVSBD-QWOVJGMINA-N,-7.526
PTK2,m07,mut_s1,detail,1,72,MELKZDAJKCQHEJ-UHFFFAOYNA-N,-7.344
PTK2,m07,mut_s1,detail,1,73,PTOCRBNMWIXUJH-YHMJCDSINA-N,-7.479
PTK2,m07,mut_s1,detail,1,74,POLODSDKFZPSMC-LILDFLRNNA-N,-7.529
PTK2,m07,mut_s1,detail,1,75,JHSMZFWFBBVUDZ-UHFFFAOYNA-N,-7.664
PTK2,m07,mut_s1,detail,1,76,VMNYXYDPHKHXOJ-HCKMINDGNA-N,-6.927
PTK2,m07,mut_s1,detail,1,77,GYGFWUNSKKZJNC-UHFFFAOYNA-N,-7.913
PTK2,m07,mut_s1,detail,1,78,DNIJCXVBKOHALG-IDQLRGLVNA-N,-7.626
PTK2,m07,mut_s1,detail,1,79,GBGJFVRPQGILNH-JLGFQASFNA-N,-7.329
PTK2,m07,mut_s1,detail,1,80,OGYLVZMARUPAHP-BDGWVKIONA-N,-7.732
PTK2,m07,mut_s1,detail,1,81,CGNRLGKHPYEVRU-UYBDAZJANA-N,-8.501
PTK2,m07,mut_s1,detail,1,82,QDBCQJCQGPPNHU-UHFFFAOYNA-N,-8.248
PTK2,m07,mut_s1,detail,1,83,NDDXLFAARQEPKC-UHFFFAOYNA-N,-7.974
PTK2,m07,mut_s1,detail,1,84,XHMFDOIXIIEIIC-UHFFFAOYNA-N,-6.925
PTK2,m07,mut_s1,detail,1,85,AGLMSXHTTUWGMJ-PKSOQXRJNA-N,-7.866
PTK2,m07,mut_s1,detail,1,86,ZXPAKNNNSOJNPO-UHFFFAOYNA-N,-7.727
PTK2,m07,mut_s1,detail,1,87,IHQNHWIJVRBCJV-UHFFFAOYNA-N,-9.16
PTK2,m07,mut_s1,detail,1,88,RMKFZACOOVWLAE-GGEHTAOSNA-N,-8.022
PTK2,m07,mut_s1,detail,1,89,DYSOMJVQHUQQEB-UHFFFAOYNA-N,-8.885
PTK2,m07,mut_s1,detail,1,90,NOCFDFQYZHBTNN-UHFFFAOYNA-N,-7.631
PTK2,m07,mut_s1,detail,1,91,SPVWQKGFZYAZQL-UHFFFAOYNA-N,-7.87
PTK2,m07,mut_s1,detail,1,92,DMXNRKKYFNEWPP-DMNNQDHHNA-N,-8.046
PTK2,m07,mut_s1,detail,1,93,RCJPJXXLZLDCKI-PKSOQXRJNA-N,-7.294
PTK2,m07,mut_s1,detail,1,94,KGTHCGXLPNILHR-UHFFFAOYNA-N,-8.9
PTK2,m07,mut_s1,detail,1,95,NWWYETOECIPWOT-CYHZHTKENA-N,-7.535
PTK2,m07,mut_s1,detail,1,96,NTSJGFMDUAVRPY-UHFFFAOYNA-N,-8.008
PTK2,m07,mut_s1,detail,1,97,SBVPMOUWJBOMKA-JTVQLVGJNA-O,-7.196
PTK2,m07,mut_s1,detail,1,98,LDNHSKULSWUSNY-UHFFFAOYNA-N,-9.112
PTK2,m07,mut_s1,detail,1,99,ASAZLTYOWNNDLD-UHFFFAOYNA-N,-7.411
PTK2,m07,mut_s1,detail,1,100,XRTRVAKJWCIIMD-UHFFFAOYNA-N,-7.338
PTK2,m07,mut_s1,detail,1,101,ZLTWUZJNYQVQEJ-UYBDAZJANA-N,-8.579
PTK2,m07,mut_s1,detail,1,102,DEYFWGXTPWNADC-UHFFFAOYNA-N,-8.244
PTK2,m07,mut_s1,detail,1,103,RHQFMXUIKVEHFK-MPIMZMORNA-N,-7.45
PTK2,m07,mut_s1,detail,1,104,DRDGAKFCORUZED-LILDFLRNNA-N,-7.515
PTK2,m07,mut_s1,detail,1,105,LQZNOWQYGFIKRM-HVXXBKQBNA-N,-7.213
PTK2,m07,mut_s1,detail,1,106,QJNYENHUMXSMRP-UHFFFAOYNA-N,-7.787
PTK2,m07,mut_s1,detail,1,107,LQILAXPPHLDIFO-NPVYFSBINA-N,-7.202
PTK2,m07,mut_s1,detail,1,108,KACOTQQTSDQWNO-UHFFFAOYNA-N,-7.881
PTK2,m07,mut_s1,detail,1,109,QLEMXKCIAQLFMM-UHFFFAOYNA-N,-8.599
PTK2,m07,mut_s1,detail,1,110,BHLVHZWLMVLRIX-LILDFLRNNA-N,-6.666
PTK2,m07,mut_s1,detail,1,111,IJNMKCHEXHHJKS-GPQMBLKYNA-N,-6.637
PTK2,m07,mut_s1,detail,1,112,LIBKCWSTNJMFGU-BDGWVKIONA-N,-8.262
PTK2,m07,mut_s1,detail,1,113,AJJBBFYAASSTLA-XOFPBXMJNA-N,-7.886
PTK2,m07,mut_s1,detail,1,114,IAIOYYRVPMGOSB-PKSOQXRJNA-N,-9.645
PTK2,m07,mut_s1,detail,1,115,CFYPAIWQFFEAEL-UHFFFAOYNA-N,-8.27
PTK2,m07,mut_s1,detail,1,116,VYJSEMNZGPEKAE-QWOVJGMINA-N,-7.905
PTK2,m07,mut_s1,detail,1,117,GATJUUWXCJCVEK-GPQMBLKYNA-N,-6.805
PTK2,m07,mut_s1,detail,1,118,ISQNQSRGAXUFGW-UHFFFAOYNA-N,-6.879
PTK2,m07,mut_s1,detail,1,119,MCVMARUOYHWORW-UHFFFAOYNA-N,-8.002
PTK2,m07,mut_s1,detail,1,120,LQMFCWRONUNRTP-FWKJIXDGNA-N,-7.564
PTK2,m07,mut_s1,detail,1,121,HJWFQDWOWDPIBE-HPHMPNDVNA-N,-7.7
PTK2,m07,mut_s1,detail,1,122,OSJCPZAKZHSNDS-UHFFFAOYNA-N,-7.79
PTK2,m07,mut_s1,detail,1,123,OPLHOPJAFJJLPX-HNNXBMFYNA-N,-8.132
PTK2,m07,mut_s1,detail,1,124,DZQRHJBYIOEZHV-PKSOQXRJNA-N,-7.748
PTK2,m07,mut_s1,detail,1,125,ZCFXIPSPKDGCHW-HSJCKIQZNA-N,-7.317
PTK2,m07,mut_s1,detail,1,126,BVGKQXNISGPHHP-UYBDAZJANA-N,-8.57
PTK2,m07,mut_s1,detail,1,127,WWGWJOHBDMYLBT-PKSOQXRJNA-N,-6.48
PTK2,m07,mut_s1,detail,1,128,JGDGIOMUQREIHP-BATSNZJTNA-N,-6.815
PTK2,m07,mut_s1,detail,1,129,LJDDSNOWUABFAP-HPRFPMAVNA-N,-7.516
PTK2,m07,mut_s1,detail,1,130,MBDOYHYQUXBBFT-UHFFFAOYNA-N,-8.889
PTK2,m07,mut_s1,detail,1,131,AGJUEHKKCLPMSY-LQFNOIFHNA-N,-9.075
PTK2,m07,mut_s1,detail,1,132,UMCUVZSSUIPNCL-BEMXBZHGNA-N,-9.024
PTK2,m07,mut_s1,detail,1,133,NKZFBKUWUIWQEM-LNNLXFCONA-N,-7.794
PTK2,m07,mut_s1,detail,1,134,GQNKLNZBZDEAMD-VQHCSMNLNA-N,-9.283
PTK2,m07,mut_s1,detail,1,135,UZNJTHHFIAFJGO-LQFNOIFHNA-N,-7.894
PTK2,m07,mut_s1,detail,1,136,LAFAEGAOHGJFCB-UHFFFAOYNA-N,-7.493
PTK2,m07,mut_s1,detail,1,137,QVHZVCDVVJVJRX-LNNLXFCONA-N,-7.542
PTK2,m07,mut_s1,detail,1,138,MWRHMRJPYFQMSQ-LNNLXFCONA-N,-7.093
PTK2,m07,mut_s1,detail,1,139,GCAQZYOXIVYDMN-PKSOQXRJNA-N,-7.268
PTK2,m07,mut_s1,detail,1,140,YJGPQCADKRAQFX-ZSDIGFPLNA-N,-9.184
PTK2,m07,mut_s1,detail,1,141,UZYMAWCMCCVCOW-BUKGPZPNNA-N,-7.6
PTK2,m07,mut_s1,detail,1,142,ZWSLJIFYDPKRSQ-XBXBPLPCNA-N,-9.209
PTK2,m07,mut_s1,detail,1,143,IJNTWIFESBAWCT-QWOVJGMINA-N,-8.906
PTK2,m07,mut_s1,detail,1,144,CXIYFBKPJSQXDU-WDUJWNCGNA-N,-8.473
PTK2,m07,mut_s1,detail,1,145,HWJNHVLCTGREAL-MPIMZMORNA-N,-7.068
PTK2,m07,mut_s1,detail,1,146,LHOSZRWWPIJINL-OLZOCXBDNA-N,-8.707
PTK2,m07,mut_s1,detail,1,147,DTEYRIFHHIHDHU-UHFFFAOYNA-N,-7.883
PTK2,m07,mut_s1,detail,1,148,NJZCVKDKMNRXTG-UHFFFAOYNA-N,-7.566
PTK2,m07,mut_s1,detail,1,149,NACLGLYMVLABDU-LNNLXFCONA-N,-7.904
PTK2,m07,mut_s1,detail,1,150,IDINUJSAMVOPCM-CNZJLSFANA-N,-5.831
PTK2,m07,mut_s1,detail,1,151,PGBPNHAAMLZTQB-LQFNOIFHNA-N,-7.575
PTK2,m07,mut_s1,detail,1,152,BCTINLARZZWKRE-MPIMZMORNA-N,-7.37
PTK2,m07,mut_s1,detail,1,153,JURXDQRYEGNLBW-LQFNOIFHNA-N,-7.785
PTK2,m07,mut_s1,detail,1,154,FBPQELGZQDQSII-LELJVTLKNA-N,-8.346
PTK2,m07,mut_s1,detail,1,155,ADBHXWFSFPPXEX-BDGWVKIONA-N,-8.121
PTK2,m07,mut_s1,detail,1,156,YUGZHQHSNYIFLG-KYSDGFAFNA-N,-7.782
PTK2,m07,mut_s1,detail,1,157,ZNDSONVEXMWLSF-QWOVJGMINA-N,-8.712
PTK2,m07,mut_s1,detail,1,158,QWCQVNIBTYLOHK-ZGZFQTMPNA-N,-8.819
PTK2,m07,mut_s1,detail,1,159,BELUGELSHVLAOZ-UHFFFAOYNA-N,-7.437
PTK2,m07,mut_s1,detail,1,160,HILDYDZVQRXXOI-LQFNOIFHNA-N,-7.631
PTK2,m07,mut_s1,detail,1,161,PTIIXGUDALPUPA-QWOVJGMINA-N,-8.17
PTK2,m07,mut_s1,detail,1,162,YWGOPEGGEGNDLS-UHFFFAOYNA-N,-6.039
PTK2,m07,mut_s1,detail,1,163,HXTQSKXJHJDGCP-UHFFFAOYNA-N,-7.612
PTK2,m07,mut_s1,detail,1,164,QMJHGNGJQQDHLD-PWIKPTQSNA-N,-7.617
PTK2,m07,mut_s1,detail,1,165,QZJYCFURESLRJX-UHFFFAOYNA-N,-7.543
PTK2,m07,mut_s1,detail,1,166,PDXQTFKIABMOFL-PDJAEHLQNA-N,-7.616
PTK2,m07,mut_s1,detail,1,167,REJJFCJYMVTFDN-PKRZOPRNNA-N,-8.775
PTK2,m07,mut_s1,detail,1,168,XGCSEQRDRFMGIU-LQFNOIFHNA-N,-7.985
PTK2,m07,mut_s1,detail,1,169,JJGWOCRPVQWXQG-ADQRUKDLNA-N,-7.233
PTK2,m07,mut_s1,detail,1,170,GEOCCLDMHBSVOL-UCDLDMSTNA-N,-7.803
PTK2,m07,mut_s1,detail,1,171,SMRGDRXOPYCHTR-SWUIVHNENA-N,-8.887
PTK2,m07,mut_s1,detail,1,172,RVFKUHZRUWXOIN-UHFFFAOYNA-N,-7.919
PTK2,m07,mut_s1,detail,1,173,BCXKIFJJJGSVDX-DXAUXPAJNA-N,-8.185
PTK2,m07,mut_s1,detail,1,174,WMPTUJZAWOBWLG-CMJFTGLXNA-N,-6.834
PTK2,m07,mut_s1,detail,1,175,ADAXUYSMOAZWKV-XBTAAFKLNA-N,-9.149
PTK2,m07,mut_s1,detail,1,176,QYOZNVCKISSENR-MRXNPFEDNA-N,-8.131
PTK2,m07,mut_s1,detail,1,177,XPINCFKWHIFHMC-WXFUMESZNA-N,-8.386
PTK2,m07,mut_s1,detail,1,178,ZGSQEILYEFGFIF-UHFFFAOYNA-N,-8.995
PTK2,m07,mut_s1,detail,1,179,CKRUVOWUUADMOW-LNNLXFCONA-N,-8.775
PTK2,m07,mut_s1,detail,1,180,QGZIKUYIROAFSE-QWOVJGMINA-N,-6.807
PTK2,m07,mut_s1,detail,1,181,KOFXCNSHSJISSQ-QWOVJGMINA-N,-8.173
PTK2,m07,mut_s1,detail,1,182,DCRJFLHNZRDYMM-UHFFFAOYNA-N,-9.152
PTK2,m07,mut_s1,detail,1,183,LIRCDOVJWUGTMW-IOQNOLELNA-N,-6.427
PTK2,m07,mut_s1,detail,1,184,FWYQXRWQFDPBIS-UHFFFAOYNA-N,-7.13
PTK2,m07,mut_s1,detail,1,185,LJRBIPYUCLSKJK-DVIAZDKANA-N,-8.158
PTK2,m07,mut_s1,detail,1,186,BSIVILSRVBLGQR-UHFFFAOYNA-N,-7.801
PTK2,m07,mut_s1,detail,1,187,DNDLSAMFYFNHBR-MPIMZMORNA-N,-7.615
PTK2,m07,mut_s1,detail,1,188,VFPJNRIWJIXUCK-UHFFFAOYNA-N,-8.138
PTK2,m07,mut_s1,detail,1,189,ZSYGHBADRJNZOU-UXUKNDFSNA-N,-7.564
PTK2,m07,mut_s1,detail,1,190,XQDLITNOVPCUMD-MPIMZMORNA-N,-8.383
PTK2,m07,mut_s1,detail,1,191,UCSBKUKETUKSSX-ZFJUVRDGNA-N,-7.771
PTK2,m07,mut_s1,detail,1,192,NZATZZGINMWOIA-QWOVJGMINA-N,-7.618
PTK2,m07,mut_s1,detail,1,193,PMGLUWPDZIVUOU-BKTFGIEZNA-N,-9.398
PTK2,m07,mut_s1,detail,1,194,QTYJLSSXENXPIA-XYULLFFJNA-N,-8.454
PTK2,m07,mut_s1,detail,1,195,ZDNRYSVLOMAJEZ-HZCBDIJENA-N,-7.908
PTK2,m07,mut_s1,detail,1,196,DPXQIUFPULXIFR-YETNDYBYNA-N,-7.881
PTK2,m07,mut_s1,detail,1,197,JEUQHZZAJFLFGO-MTTPVDACNA-N,-8.962
PTK2,m07,mut_s1,detail,1,198,ZWTFULMWPLLWNJ-UQMRZGFWNA-N,-8.686
PTK2,m07,mut_s1,detail,1,199,KDLLVDABAMKMLD-MJHPXVFFNA-N,-8.364
PTK2,m07,mut_s1,detail,1,200,CFYCLLUGGRSIQV-SPEPDGBUNA-N,-8.485
PTK2,m07,mut_s1,detail,1,201,CEZXHQCRLXZSBQ-IOZBVXGWNA-N,-6.524
PTK2,m07,mut_s1,detail,1,202,NOORAIXTPJNFDH-LAEBNAIWNA-N,-8.363
PTK2,m07,mut_s1,detail,1,203,VBFOTEWTMOETMO-PECIQRARNA-N,-8.247
PTK2,m07,mut_s1,detail,1,204,QLDHAZGAAUZOIP-LELJVTLKNA-N,-7.421
PTK2,m07,mut_s1,detail,1,205,ULIWBOHRWMGXPR-UHFFFAOYNA-N,-6.451
PTK2,m07,mut_s1,detail,1,206,CQRFGBFTRUHNJZ-LKHHGCNMNA-N,-8.309
PTK2,m07,mut_s1,detail,1,207,TVOUXLLNJXDHQR-MHZLTWQENA-N,-7.273
PTK2,m07,mut_s1,detail,1,208,MDSZUHOJNMNHJP-XBXBPLPCNA-N,-8.436
PTK2,m07,mut_s1,detail,1,209,GSKUSCWGMPZHKN-UHFFFAOYNA-N,-7.63
PTK2,m07,mut_s1,detail,1,210,LLUVDTDYDBDPFM-LBOYIXSDNA-N,-7.532
PTK2,m07,mut_s1,detail,1,211,CJPGWGLZKUWPFH-PWIKPTQSNA-N,-8.757
PTK2,m07,mut_s1,detail,1,212,MZLKAOWOIKALKR-LBOYIXSDNA-N,-8.442
PTK2,m07,mut_s1,detail,1,213,LYSAYZQUELVCGD-PJQSKVNONA-N,-7.35
PTK2,m07,mut_s1,detail,1,214,JBNMTQSSQCWSDW-NVENJYFMNA-N,-8.412
PTK2,m07,mut_s1,detail,1,215,CJAAXOOTFVSSKN-LKHHGCNMNA-N,-7.744
PTK2,m07,mut_s1,detail,1,216,WAVBTKPDIZFGSX-VJSLDGLSNA-N,-9.442
PTK2,m07,mut_s1,detail,1,217,FAYAHNACYAINBY-HRNBZBKQNA-N,-7.8
PTK2,m07,mut_s1,detail,1,218,ZHTJPKSSWTVTNA-PKRZOPRNNA-N,-8.529
PTK2,m07,mut_s1,detail,1,219,QRBHMNKXVMROIF-UHFFFAOYNA-N,-8.428
PTK2,m07,mut_s1,detail,1,220,BBDHNYKAQBEFTI-YSGSGMNWNA-N,-8.284
PTK2,m07,mut_s1,detail,1,221,PABHZRMPKXHYHB-MCITUVFDNA-N,-7.8
PTK2,m07,mut_s1,detail,1,222,BUEIPNNFYVCFLC-LELJVTLKNA-N,-8.132
PTK2,m07,mut_s1,detail,1,223,KKUNUMXHGLIOMX-WUSLAWIHNA-N,-8.647
PTK2,m07,mut_s1,detail,1,224,YGYOXSDMMNBVMH-PKRZOPRNNA-N,-7.377
PTK2,m07,mut_s1,detail,1,225,XRSGABXRLAWEDU-LQFNOIFHNA-N,-8.28
PTK2,m07,mut_s1,detail,1,226,AOTIBSKKXZHYRO-SPEPDGBUNA-N,-7.301
PTK2,m07,mut_s1,detail,1,227,RULOOZJTFYDVKV-LBOYIXSDNA-N,-7.624
PTK2,m07,mut_s1,detail,1,228,MFAMCZQOBFOTPV-LELJVTLKNA-N,-8.606
PTK2,m07,mut_s1,detail,1,229,RZBTZDHWOMTELG-UHFFFAOYNA-N,-7.858
PTK2,m07,mut_s1,detail,1,230,YBQSBCXVFMWVGY-UHFFFAOYNA-N,-9.787
PTK2,m07,mut_s1,detail,1,231,MFEDJQGOERVAHD-HXTKINSTNA-N,-7.408
PTK2,m07,mut_s1,detail,1,232,XGDJUMSXIASBOC-RGVBFFNGNA-N,-8.698
PTK2,m07,mut_s1,detail,1,233,INZVCQWDAXDGMY-UHFFFAOYNA-N,-8.826
PTK2,m07,mut_s1,detail,1,234,VSMNBGANRJLEFT-PECIQRARNA-N,-9.119
PTK2,m07,mut_s1,detail,1,235,VQPURKBPWWQWLN-MRPQGQGYNA-N,-7.32
PTK2,m07,mut_s1,detail,1,236,ITBJAHYMMJZDJN-ZCKBFCLLNA-N,-9.081
PTK2,m07,mut_s1,detail,1,237,GZXBKKWNTBGEDG-PLJOYGPPNA-N,-7.581
PTK2,m07,mut_s1,detail,1,238,GJSOSYVBARIGQO-XBBDFPCNNA-N,-8.691
PTK2,m07,mut_s1,detail,1,239,YWVDGPKULXWYMH-LELJVTLKNA-N,-6.996
PTK2,m07,mut_s1,detail,1,240,DTDCDTSLQAMFQK-PDIVMOMKNA-N,-8.305
PTK2,m07,mut_s1,detail,1,241,ZORDGSDKVXISJV-PKRZOPRNNA-N,-7.675
PTK2,m07,mut_s1,detail,1,242,GTWOAPKUQRYITB-UHFFFAOYNA-N,-7.935
PTK2,m07,mut_s1,detail,1,243,JPUJBYBHHWKSTD-LNNLXFCONA-N,-8.826
PTK2,m07,mut_s1,detail,1,244,PQVHRPXGPBDRRS-LBOYIXSDNA-N,-9.321
PTK2,m07,mut_s1,detail,1,245,JHPUSZOXXQWTST-OKPOJWAQNA-N,-6.757
PTK2,m07,mut_s1,detail,1,246,OWGZIGCUDXOZOS-OWVQZIOCNA-N,-8.595
PTK2,m07,mut_s1,detail,1,247,JUXPFZBFGMXKKR-JFRSHOPRNA-N,-6.738
PTK2,m07,mut_s1,detail,1,248,BWFZLXWRZDSPHK-DYDYTOMVNA-N,-9.98
PTK2,m07,mut_s1,detail,1,249,YQSOGHJBHORMOX-SPEPDGBUNA-N,-8.394
PTK2,m07,mut_s1,detail,1,250,ROFAQOFULLWONA-BBANKYPNNA-N,-7.378
PTK2,m07,mut_s1,detail,1,251,IHGDBIIOKIOQQL-OKPOJWAQNA-N,-7.824
PTK2,m07,mut_s1,detail,1,252,FAYBFUQTMGBOTD-UHFFFAOYNA-N,-8.312
PTK2,m07,mut_s1,detail,1,253,FOYYZIJHMVRFNR-IQICYJEPNA-N,-8.14
PTK2,m07,mut_s1,detail,1,254,MZNKKEVLKPDMRG-ZTQHEBCPNA-N,-9.111
PTK2,m07,mut_s1,detail,1,255,XKUVGAVISPKRJG-IBPUNKHUNA-N,-7.3
